artifact	column	position
raw	study_pmid	1
raw	run_id	2
raw	study_label	3
raw	num_srr	4
raw	pub_year	5
raw	geographic_location	6
raw	sc_technology	7
raw	sequencer	8
raw	host_species	9
raw	host_id	10
raw	sample_type	11
raw	parasite_stage	12
raw	strain	13
raw	day_post_infection	14
raw	treatment	15
raw	biological_replicate	16
raw	barcode	17
raw	liver_form	18
raw	goegraphic_location	19
raw	sequncer	20
raw	refine_state	21
raw	hour_post_invasion	22
raw	life_cycle_stage	23
raw	seurat_clusters	24
raw	pred_gametocyte	25
raw	umap_u_1	26
raw	umap_u_2	27
raw	umap_u_3	28
raw	umap_i_1	29
raw	umap_i_2	30
raw	umap_i_3	31
raw	pca_u_1	32
raw	pca_u_2	33
raw	pca_u_3	34
raw	pca_i_1	35
raw	pca_i_2	36
raw	pca_i_3	37
raw	PVP01_0004350	38
raw	PVP01_0009210	39
raw	PVP01_0010840	40
raw	PVP01_0002050	41
raw	PVP01_0010440	42
raw	PVP01_0010200	43
raw	PVP01_0010670	44
raw	PVP01_0005210	45
raw	PVP01_0010710	46
raw	PVP01_0203300	47
raw	PVP01_0203400	48
raw	PVP01_0203700	49
raw	PVP01_0203800	50
raw	PVP01_0203900	51
raw	PVP01_0204000	52
raw	PVP01_0204200	53
raw	PVP01_0204300	54
raw	PVP01_0204400	55
raw	PVP01_0204500	56
raw	PVP01_0204600	57
raw	PVP01_0204700	58
raw	PVP01_0204800	59
raw	PVP01_0204900	60
raw	PVP01_0205000	61
raw	PVP01_0205100	62
raw	PVP01_0205200	63
raw	PVP01_0205300	64
raw	PVP01_0205400	65
raw	PVP01_0205500	66
raw	PVP01_0205600	67
raw	PVP01_0205700	68
raw	PVP01_0205900	69
raw	PVP01_0206000	70
raw	PVP01_0206100	71
raw	PVP01_0206200	72
raw	PVP01_0206300	73
raw	PVP01_0206400	74
raw	PVP01_0206500	75
raw	PVP01_0206600	76
raw	PVP01_0206700	77
raw	PVP01_0206800	78
raw	PVP01_0206900	79
raw	PVP01_0207000	80
raw	PVP01_0207100	81
raw	PVP01_0207200	82
raw	PVP01_0207300	83
raw	PVP01_0207400	84
raw	PVP01_0207500	85
raw	PVP01_0207600	86
raw	PVP01_0207700	87
raw	PVP01_0207800	88
raw	PVP01_0208000	89
raw	PVP01_0208300	90
raw	PVP01_0208400	91
raw	PVP01_0208500	92
raw	PVP01_0208600	93
raw	PVP01_0208800	94
raw	PVP01_0208900	95
raw	PVP01_0209000	96
raw	PVP01_0209400	97
raw	PVP01_0209500	98
raw	PVP01_0209600	99
raw	PVP01_0209700	100
raw	PVP01_0209900	101
raw	PVP01_0210200	102
raw	PVP01_0210400	103
raw	PVP01_0210500	104
raw	PVP01_0210600	105
raw	PVP01_0210700	106
raw	PVP01_0210800	107
raw	PVP01_0210900	108
raw	PVP01_0211000	109
raw	PVP01_0211200	110
raw	PVP01_0211300	111
raw	PVP01_0211400	112
raw	PVP01_0211500	113
raw	PVP01_0211700	114
raw	PVP01_0211800	115
raw	PVP01_0211900	116
raw	PVP01_0212000	117
raw	PVP01_0212100	118
raw	PVP01_0212200	119
raw	PVP01_0212300	120
raw	PVP01_0212400	121
raw	PVP01_0212600	122
raw	PVP01_0212700	123
raw	PVP01_0212800	124
raw	PVP01_0212900	125
raw	PVP01_0213000	126
raw	PVP01_0213100	127
raw	PVP01_0213200	128
raw	PVP01_0213600	129
raw	PVP01_0213700	130
raw	PVP01_0213800	131
raw	PVP01_0214200	132
raw	PVP01_0214300	133
raw	PVP01_0214400	134
raw	PVP01_0214500	135
raw	PVP01_0214600	136
raw	PVP01_0214700	137
raw	PVP01_0214800	138
raw	PVP01_0214900	139
raw	PVP01_0215000	140
raw	PVP01_0215100	141
raw	PVP01_0215200	142
raw	PVP01_0215300	143
raw	PVP01_0215400	144
raw	PVP01_0215500	145
raw	PVP01_0215600	146
raw	PVP01_0215700	147
raw	PVP01_0215900	148
raw	PVP01_0216000	149
raw	PVP01_0216100	150
raw	PVP01_0216200	151
raw	PVP01_0102900	152
raw	PVP01_0103200	153
raw	PVP01_0103300	154
raw	PVP01_0103400	155
raw	PVP01_0103500	156
raw	PVP01_0103600	157
raw	PVP01_0103700	158
raw	PVP01_0103800	159
raw	PVP01_0103900	160
raw	PVP01_0104100	161
raw	PVP01_0104300	162
raw	PVP01_0104400	163
raw	PVP01_0104500	164
raw	PVP01_0104600	165
raw	PVP01_0104700	166
raw	PVP01_0104800	167
raw	PVP01_0105000	168
raw	PVP01_0105200	169
raw	PVP01_0105300	170
raw	PVP01_0105500	171
raw	PVP01_0105600	172
raw	PVP01_0105700	173
raw	PVP01_0105900	174
raw	PVP01_0106000	175
raw	PVP01_0106200	176
raw	PVP01_0106300	177
raw	PVP01_0106400	178
raw	PVP01_0106500	179
raw	PVP01_0106600	180
raw	PVP01_0106700	181
raw	PVP01_0106800	182
raw	PVP01_0107400	183
raw	PVP01_0107500	184
raw	PVP01_0107900	185
raw	PVP01_0108000	186
raw	PVP01_0108100	187
raw	PVP01_0108300	188
raw	PVP01_0108400	189
raw	PVP01_0108500	190
raw	PVP01_0108600	191
raw	PVP01_0108700	192
raw	PVP01_0108800	193
raw	PVP01_0108900	194
raw	PVP01_0109000	195
raw	PVP01_0109100	196
raw	PVP01_0109200	197
raw	PVP01_0109300	198
raw	PVP01_0109400	199
raw	PVP01_0109500	200
raw	PVP01_0109600	201
raw	PVP01_0109700	202
raw	PVP01_0109800	203
raw	PVP01_0109900	204
raw	PVP01_0110000	205
raw	PVP01_0110100	206
raw	PVP01_0110200	207
raw	PVP01_0110300	208
raw	PVP01_0110400	209
raw	PVP01_0110500	210
raw	PVP01_0110600	211
raw	PVP01_0110700	212
raw	PVP01_0110800	213
raw	PVP01_0110900	214
raw	PVP01_0111000	215
raw	PVP01_0111100	216
raw	PVP01_0111200	217
raw	PVP01_0111300	218
raw	PVP01_0111400	219
raw	PVP01_0111500	220
raw	PVP01_0111700	221
raw	PVP01_0111900	222
raw	PVP01_0112000	223
raw	PVP01_0111950	224
raw	PVP01_0112100	225
raw	PVP01_0112200	226
raw	PVP01_0112300	227
raw	PVP01_0112400	228
raw	PVP01_0112500	229
raw	PVP01_0112800	230
raw	PVP01_0112900	231
raw	PVP01_0113200	232
raw	PVP01_0113300	233
raw	PVP01_0113400	234
raw	PVP01_0113500	235
raw	PVP01_0113600	236
raw	PVP01_0113700	237
raw	PVP01_0113800	238
raw	PVP01_0113900	239
raw	PVP01_0114000	240
raw	PVP01_0114100	241
raw	PVP01_0114200	242
raw	PVP01_0114300	243
raw	PVP01_0114400	244
raw	PVP01_0114600	245
raw	PVP01_0114700	246
raw	PVP01_0114800	247
raw	PVP01_0114900	248
raw	PVP01_0115000	249
raw	PVP01_0115300	250
raw	PVP01_0115400	251
raw	PVP01_0115500	252
raw	PVP01_0115600	253
raw	PVP01_0115700	254
raw	PVP01_0115900	255
raw	PVP01_0116000	256
raw	PVP01_0116100	257
raw	PVP01_0116200	258
raw	PVP01_0116300	259
raw	PVP01_0116500	260
raw	PVP01_0116600	261
raw	PVP01_0116800	262
raw	PVP01_0116900	263
raw	PVP01_0117000	264
raw	PVP01_0117100	265
raw	PVP01_0117200	266
raw	PVP01_0117300	267
raw	PVP01_0117400	268
raw	PVP01_0117500	269
raw	PVP01_0117600	270
raw	PVP01_0117700	271
raw	PVP01_0117800	272
raw	PVP01_0117900	273
raw	PVP01_0118000	274
raw	PVP01_0118100	275
raw	PVP01_0118300	276
raw	PVP01_0118400	277
raw	PVP01_0118500	278
raw	PVP01_0118600	279
raw	PVP01_0118800	280
raw	PVP01_0119400	281
raw	PVP01_0119500	282
raw	PVP01_1002400	283
raw	PVP01_1002500	284
raw	PVP01_1002700	285
raw	PVP01_1002800	286
raw	PVP01_1002900	287
raw	PVP01_1003000	288
raw	PVP01_1003100	289
raw	PVP01_1003200	290
raw	PVP01_1003300	291
raw	PVP01_1003400	292
raw	PVP01_1003600	293
raw	PVP01_1003700	294
raw	PVP01_1003800	295
raw	PVP01_1003900	296
raw	PVP01_1004000	297
raw	PVP01_1004400	298
raw	PVP01_1004500	299
raw	PVP01_1004800	300
raw	PVP01_1005200	301
raw	PVP01_1005400	302
raw	PVP01_1005500	303
raw	PVP01_1005600	304
raw	PVP01_1005700	305
raw	PVP01_1006100	306
raw	PVP01_1006200	307
raw	PVP01_1006300	308
raw	PVP01_1006400	309
raw	PVP01_1006500	310
raw	PVP01_1006600	311
raw	PVP01_1006700	312
raw	PVP01_1006800	313
raw	PVP01_1006900	314
raw	PVP01_1007100	315
raw	PVP01_1007300	316
raw	PVP01_1007400	317
raw	PVP01_1007500	318
raw	PVP01_1007600	319
raw	PVP01_1007700	320
raw	PVP01_1007800	321
raw	PVP01_1007900	322
raw	PVP01_1008000	323
raw	PVP01_1008100	324
raw	PVP01_1008200	325
raw	PVP01_1008500	326
raw	PVP01_1008600	327
raw	PVP01_1008700	328
raw	PVP01_1008800	329
raw	PVP01_1008900	330
raw	PVP01_1009000	331
raw	PVP01_1009100	332
raw	PVP01_1009200	333
raw	PVP01_1009300	334
raw	PVP01_1009400	335
raw	PVP01_1009500	336
raw	PVP01_1009600	337
raw	PVP01_1009700	338
raw	PVP01_1009900	339
raw	PVP01_1010000	340
raw	PVP01_1010100	341
raw	PVP01_1010400	342
raw	PVP01_1010500	343
raw	PVP01_1010600	344
raw	PVP01_1010900	345
raw	PVP01_1011000	346
raw	PVP01_1011100	347
raw	PVP01_1011200	348
raw	PVP01_1011300	349
raw	PVP01_1011400	350
raw	PVP01_1011500	351
raw	PVP01_1011600	352
raw	PVP01_1011700	353
raw	PVP01_1011800	354
raw	PVP01_1011900	355
raw	PVP01_1012000	356
raw	PVP01_1012100	357
raw	PVP01_1012500	358
raw	PVP01_1012600	359
raw	PVP01_1012700	360
raw	PVP01_1012800	361
raw	PVP01_1012900	362
raw	PVP01_1013000	363
raw	PVP01_1013100	364
raw	PVP01_1013200	365
raw	PVP01_1013300	366
raw	PVP01_1013400	367
raw	PVP01_1013700	368
raw	PVP01_1013800	369
raw	PVP01_1014000	370
raw	PVP01_1014100	371
raw	PVP01_1014200	372
raw	PVP01_1014300	373
raw	PVP01_1014400	374
raw	PVP01_1014500	375
raw	PVP01_1014600	376
raw	PVP01_1014700	377
raw	PVP01_1014800	378
raw	PVP01_1014900	379
raw	PVP01_1015000	380
raw	PVP01_1015100	381
raw	PVP01_1015200	382
raw	PVP01_1015300	383
raw	PVP01_1015400	384
raw	PVP01_1015500	385
raw	PVP01_1015600	386
raw	PVP01_1015700	387
raw	PVP01_1015900	388
raw	PVP01_1016000	389
raw	PVP01_1016100	390
raw	PVP01_1016300	391
raw	PVP01_1016500	392
raw	PVP01_1016600	393
raw	PVP01_1017200	394
raw	PVP01_1017300	395
raw	PVP01_1017500	396
raw	PVP01_1017600	397
raw	PVP01_1017700	398
raw	PVP01_1017800	399
raw	PVP01_1018000	400
raw	PVP01_1018200	401
raw	PVP01_1018300	402
raw	PVP01_1018400	403
raw	PVP01_1018500	404
raw	PVP01_1018600	405
raw	PVP01_1018700	406
raw	PVP01_1018800	407
raw	PVP01_1019000	408
raw	PVP01_1019100	409
raw	PVP01_1019200	410
raw	PVP01_1019300	411
raw	PVP01_1019400	412
raw	PVP01_1019700	413
raw	PVP01_1019800	414
raw	PVP01_1019900	415
raw	PVP01_1020000	416
raw	PVP01_1020200	417
raw	PVP01_1020300	418
raw	PVP01_1020400	419
raw	PVP01_1020500	420
raw	PVP01_1020600	421
raw	PVP01_1020700	422
raw	PVP01_1020800	423
raw	PVP01_1020900	424
raw	PVP01_1021100	425
raw	PVP01_1021200	426
raw	PVP01_1021300	427
raw	PVP01_1021400	428
raw	PVP01_1021500	429
raw	PVP01_1021700	430
raw	PVP01_1021600	431
raw	PVP01_1021800	432
raw	PVP01_1021900	433
raw	PVP01_1022000	434
raw	PVP01_1022200	435
raw	PVP01_1022300	436
raw	PVP01_1022400	437
raw	PVP01_1022500	438
raw	PVP01_1022600	439
raw	PVP01_1022700	440
raw	PVP01_1022800	441
raw	PVP01_1022900	442
raw	PVP01_1023000	443
raw	PVP01_1023500	444
raw	PVP01_1023600	445
raw	PVP01_1023800	446
raw	PVP01_1023900	447
raw	PVP01_1024000	448
raw	PVP01_1024100	449
raw	PVP01_1024200	450
raw	PVP01_1024300	451
raw	PVP01_1024400	452
raw	PVP01_1024500	453
raw	PVP01_1024600	454
raw	PVP01_1024700	455
raw	PVP01_1024800	456
raw	PVP01_1025000	457
raw	PVP01_1025100	458
raw	PVP01_1025200	459
raw	PVP01_1025500	460
raw	PVP01_1025600	461
raw	PVP01_1025700	462
raw	PVP01_1025800	463
raw	PVP01_1025900	464
raw	PVP01_1026000	465
raw	PVP01_1026100	466
raw	PVP01_1026200	467
raw	PVP01_1026300	468
raw	PVP01_1026400	469
raw	PVP01_1026800	470
raw	PVP01_1026900	471
raw	PVP01_1027000	472
raw	PVP01_1027100	473
raw	PVP01_1027200	474
raw	PVP01_1027400	475
raw	PVP01_1027500	476
raw	PVP01_1027600	477
raw	PVP01_1027700	478
raw	PVP01_1027800	479
raw	PVP01_1027900	480
raw	PVP01_1028000	481
raw	PVP01_1028100	482
raw	PVP01_1028200	483
raw	PVP01_1028300	484
raw	PVP01_1028400	485
raw	PVP01_1028500	486
raw	PVP01_1028600	487
raw	PVP01_1028700	488
raw	PVP01_1028800	489
raw	PVP01_1028900	490
raw	PVP01_1029100	491
raw	PVP01_1029200	492
raw	PVP01_1029300	493
raw	PVP01_1029700	494
raw	PVP01_1029800	495
raw	PVP01_1029900	496
raw	PVP01_1030000	497
raw	PVP01_1030100	498
raw	PVP01_1030200	499
raw	PVP01_1030300	500
raw	PVP01_1030500	501
raw	PVP01_1030600	502
raw	PVP01_1030700	503
raw	PVP01_1030900	504
raw	PVP01_1031000	505
raw	PVP01_1031400	506
raw	PVP01_1031700	507
raw	PVP01_1031800	508
raw	PVP01_1031900	509
raw	PVP01_1032000	510
raw	PVP01_1032100	511
raw	PVP01_1032200	512
raw	PVP01_1032600	513
raw	PVP01_1032700	514
raw	PVP01_1032800	515
raw	PVP01_1032900	516
raw	PVP01_1033000	517
raw	PVP01_1033100	518
raw	PVP01_1033200	519
raw	PVP01_1403100	520
raw	PVP01_1403200	521
raw	PVP01_1403400	522
raw	PVP01_1403500	523
raw	PVP01_1403600	524
raw	PVP01_1403700	525
raw	PVP01_1403900	526
raw	PVP01_1404100	527
raw	PVP01_1404200	528
raw	PVP01_1404300	529
raw	PVP01_1404600	530
raw	PVP01_1404700	531
raw	PVP01_1404900	532
raw	PVP01_1405000	533
raw	PVP01_1405100	534
raw	PVP01_1405200	535
raw	PVP01_1405300	536
raw	PVP01_1405400	537
raw	PVP01_1405600	538
raw	PVP01_1405700	539
raw	PVP01_1405800	540
raw	PVP01_1405900	541
raw	PVP01_1406000	542
raw	PVP01_1406200	543
raw	PVP01_1406400	544
raw	PVP01_1406500	545
raw	PVP01_1406700	546
raw	PVP01_1407000	547
raw	PVP01_1407100	548
raw	PVP01_1407500	549
raw	PVP01_1407600	550
raw	PVP01_1407800	551
raw	PVP01_1407900	552
raw	PVP01_1408200	553
raw	PVP01_1408300	554
raw	PVP01_1408500	555
raw	PVP01_1408600	556
raw	PVP01_1408700	557
raw	PVP01_1408800	558
raw	PVP01_1408900	559
raw	PVP01_1409300	560
raw	PVP01_1409400	561
raw	PVP01_1409600	562
raw	PVP01_1409700	563
raw	PVP01_1409800	564
raw	PVP01_1409900	565
raw	PVP01_1410100	566
raw	PVP01_1410200	567
raw	PVP01_1410300	568
raw	PVP01_1410400	569
raw	PVP01_1410500	570
raw	PVP01_1410800	571
raw	PVP01_1410900	572
raw	PVP01_1411000	573
raw	PVP01_1411100	574
raw	PVP01_1411200	575
raw	PVP01_1411400	576
raw	PVP01_1411600	577
raw	PVP01_1411700	578
raw	PVP01_1411800	579
raw	PVP01_1412300	580
raw	PVP01_1412400	581
raw	PVP01_1412500	582
raw	PVP01_1412600	583
raw	PVP01_1412700	584
raw	PVP01_1412800	585
raw	PVP01_1412900	586
raw	PVP01_1413000	587
raw	PVP01_1413100	588
raw	PVP01_1413200	589
raw	PVP01_1413300	590
raw	PVP01_1413500	591
raw	PVP01_1413600	592
raw	PVP01_1413700	593
raw	PVP01_1413800	594
raw	PVP01_1413900	595
raw	PVP01_1414200	596
raw	PVP01_1414300	597
raw	PVP01_1414500	598
raw	PVP01_1414900	599
raw	PVP01_1415000	600
raw	PVP01_1415100	601
raw	PVP01_1415300	602
raw	PVP01_1415400	603
raw	PVP01_1415500	604
raw	PVP01_1415800	605
raw	PVP01_1415900	606
raw	PVP01_1416100	607
raw	PVP01_1416000	608
raw	PVP01_1416200	609
raw	PVP01_1416300	610
raw	PVP01_1416400	611
raw	PVP01_1416800	612
raw	PVP01_1416900	613
raw	PVP01_1417000	614
raw	PVP01_1417100	615
raw	PVP01_1417200	616
raw	PVP01_1417300	617
raw	PVP01_1417400	618
raw	PVP01_1417500	619
raw	PVP01_1417600	620
raw	PVP01_1417700	621
raw	PVP01_1417800	622
raw	PVP01_1417900	623
raw	PVP01_1418000	624
raw	PVP01_1418100	625
raw	PVP01_1418200	626
raw	PVP01_1418300	627
raw	PVP01_1418400	628
raw	PVP01_1418500	629
raw	PVP01_1418600	630
raw	PVP01_1419100	631
raw	PVP01_1419200	632
raw	PVP01_1419300	633
raw	PVP01_1419400	634
raw	PVP01_1419500	635
raw	PVP01_1419600	636
raw	PVP01_1419700	637
raw	PVP01_1419800	638
raw	PVP01_1419900	639
raw	PVP01_1420000	640
raw	PVP01_1420100	641
raw	PVP01_1420200	642
raw	PVP01_1420300	643
raw	PVP01_1420400	644
raw	PVP01_1420500	645
raw	PVP01_1420600	646
raw	PVP01_1420800	647
raw	PVP01_1420900	648
raw	PVP01_1421000	649
raw	PVP01_1421200	650
raw	PVP01_1421400	651
raw	PVP01_1421500	652
raw	PVP01_1421600	653
raw	PVP01_1421700	654
raw	PVP01_1422000	655
raw	PVP01_1422100	656
raw	PVP01_1422200	657
raw	PVP01_1422300	658
raw	PVP01_1422500	659
raw	PVP01_1422700	660
raw	PVP01_1422800	661
raw	PVP01_1422900	662
raw	PVP01_1423100	663
raw	PVP01_1423300	664
raw	PVP01_1423400	665
raw	PVP01_1423500	666
raw	PVP01_1423600	667
raw	PVP01_1423700	668
raw	PVP01_1424100	669
raw	PVP01_1424300	670
raw	PVP01_1424400	671
raw	PVP01_1424500	672
raw	PVP01_1424800	673
raw	PVP01_1424900	674
raw	PVP01_1425100	675
raw	PVP01_1425200	676
raw	PVP01_1425300	677
raw	PVP01_1425400	678
raw	PVP01_1425500	679
raw	PVP01_1425600	680
raw	PVP01_1425700	681
raw	PVP01_1425800	682
raw	PVP01_1425900	683
raw	PVP01_1426000	684
raw	PVP01_1426100	685
raw	PVP01_1426200	686
raw	PVP01_1426300	687
raw	PVP01_1426500	688
raw	PVP01_1426600	689
raw	PVP01_1426700	690
raw	PVP01_1426800	691
raw	PVP01_1426900	692
raw	PVP01_1427000	693
raw	PVP01_1427100	694
raw	PVP01_1427200	695
raw	PVP01_1427300	696
raw	PVP01_1427400	697
raw	PVP01_1427500	698
raw	PVP01_1427600	699
raw	PVP01_1427700	700
raw	PVP01_1427800	701
raw	PVP01_1427900	702
raw	PVP01_1428000	703
raw	PVP01_1428100	704
raw	PVP01_1428200	705
raw	PVP01_1428300	706
raw	PVP01_1428400	707
raw	PVP01_1428500	708
raw	PVP01_1428600	709
raw	PVP01_1428700	710
raw	PVP01_1428900	711
raw	PVP01_1429000	712
raw	PVP01_1429200	713
raw	PVP01_1429300	714
raw	PVP01_1429400	715
raw	PVP01_1429500	716
raw	PVP01_1429600	717
raw	PVP01_1429700	718
raw	PVP01_1429800	719
raw	PVP01_1429900	720
raw	PVP01_1430000	721
raw	PVP01_1430200	722
raw	PVP01_1430300	723
raw	PVP01_1430400	724
raw	PVP01_1430500	725
raw	PVP01_1430700	726
raw	PVP01_1430800	727
raw	PVP01_1430900	728
raw	PVP01_1430950	729
raw	PVP01_1431000	730
raw	PVP01_1431200	731
raw	PVP01_1431300	732
raw	PVP01_1431400	733
raw	PVP01_1431500	734
raw	PVP01_1431600	735
raw	PVP01_1431700	736
raw	PVP01_1431800	737
raw	PVP01_1432000	738
raw	PVP01_1432100	739
raw	PVP01_1432200	740
raw	PVP01_1432300	741
raw	PVP01_1432400	742
raw	PVP01_1432500	743
raw	PVP01_1432600	744
raw	PVP01_1432800	745
raw	PVP01_1432900	746
raw	PVP01_1433000	747
raw	PVP01_1433300	748
raw	PVP01_1433400	749
raw	PVP01_1433600	750
raw	PVP01_1433700	751
raw	PVP01_1433800	752
raw	PVP01_1434100	753
raw	PVP01_1434200	754
raw	PVP01_1434300	755
raw	PVP01_1434400	756
raw	PVP01_1434500	757
raw	PVP01_1434700	758
raw	PVP01_1434800	759
raw	PVP01_1434900	760
raw	PVP01_1435000	761
raw	PVP01_1435100	762
raw	PVP01_1435200	763
raw	PVP01_1435300	764
raw	PVP01_1435400	765
raw	PVP01_1435500	766
raw	PVP01_1435700	767
raw	PVP01_1435800	768
raw	PVP01_1435900	769
raw	PVP01_1436100	770
raw	PVP01_1436200	771
raw	PVP01_1436300	772
raw	PVP01_1436400	773
raw	PVP01_1436500	774
raw	PVP01_1436600	775
raw	PVP01_1436700	776
raw	PVP01_1436800	777
raw	PVP01_1436900	778
raw	PVP01_1437000	779
raw	PVP01_1437100	780
raw	PVP01_1437200	781
raw	PVP01_1437300	782
raw	PVP01_1437400	783
raw	PVP01_1437700	784
raw	PVP01_1437800	785
raw	PVP01_1437900	786
raw	PVP01_1438000	787
raw	PVP01_1438100	788
raw	PVP01_1438400	789
raw	PVP01_1438800	790
raw	PVP01_1438900	791
raw	PVP01_1439000	792
raw	PVP01_1439100	793
raw	PVP01_1439200	794
raw	PVP01_1439300	795
raw	PVP01_1439400	796
raw	PVP01_1439600	797
raw	PVP01_1439700	798
raw	PVP01_1440000	799
raw	PVP01_1440100	800
raw	PVP01_1440200	801
raw	PVP01_1440300	802
raw	PVP01_1440400	803
raw	PVP01_1440500	804
raw	PVP01_1440600	805
raw	PVP01_1440700	806
raw	PVP01_1440800	807
raw	PVP01_1440900	808
raw	PVP01_1441000	809
raw	PVP01_1441100	810
raw	PVP01_1441200	811
raw	PVP01_1441300	812
raw	PVP01_1441400	813
raw	PVP01_1441500	814
raw	PVP01_1441600	815
raw	PVP01_1441700	816
raw	PVP01_1442200	817
raw	PVP01_1442300	818
raw	PVP01_1442400	819
raw	PVP01_1442500	820
raw	PVP01_1442600	821
raw	PVP01_1442700	822
raw	PVP01_1442800	823
raw	PVP01_1443000	824
raw	PVP01_1443100	825
raw	PVP01_1443200	826
raw	PVP01_1443300	827
raw	PVP01_1443400	828
raw	PVP01_1443500	829
raw	PVP01_1443600	830
raw	PVP01_1443700	831
raw	PVP01_1443800	832
raw	PVP01_1444000	833
raw	PVP01_1444100	834
raw	PVP01_1444200	835
raw	PVP01_1444300	836
raw	PVP01_1444400	837
raw	PVP01_1444500	838
raw	PVP01_1444600	839
raw	PVP01_1444800	840
raw	PVP01_1445000	841
raw	PVP01_1445100	842
raw	PVP01_1445200	843
raw	PVP01_1445300	844
raw	PVP01_1445400	845
raw	PVP01_1445500	846
raw	PVP01_1445600	847
raw	PVP01_1445800	848
raw	PVP01_1445900	849
raw	PVP01_1446000	850
raw	PVP01_1446100	851
raw	PVP01_1446200	852
raw	PVP01_1446300	853
raw	PVP01_1446600	854
raw	PVP01_1446800	855
raw	PVP01_1446900	856
raw	PVP01_1447000	857
raw	PVP01_1447100	858
raw	PVP01_1447200	859
raw	PVP01_1447300	860
raw	PVP01_1447400	861
raw	PVP01_1447500	862
raw	PVP01_1447600	863
raw	PVP01_1447700	864
raw	PVP01_1447800	865
raw	PVP01_1447900	866
raw	PVP01_1448000	867
raw	PVP01_1448200	868
raw	PVP01_1448400	869
raw	PVP01_1448500	870
raw	PVP01_1448600	871
raw	PVP01_1448800	872
raw	PVP01_1448900	873
raw	PVP01_1449000	874
raw	PVP01_1449100	875
raw	PVP01_1449300	876
raw	PVP01_1449400	877
raw	PVP01_1449600	878
raw	PVP01_1449700	879
raw	PVP01_1449800	880
raw	PVP01_1449900	881
raw	PVP01_1450000	882
raw	PVP01_1450100	883
raw	PVP01_1450200	884
raw	PVP01_1450400	885
raw	PVP01_1450500	886
raw	PVP01_1450600	887
raw	PVP01_1450700	888
raw	PVP01_1450800	889
raw	PVP01_1450900	890
raw	PVP01_1451000	891
raw	PVP01_1451300	892
raw	PVP01_1451500	893
raw	PVP01_1451600	894
raw	PVP01_1451700	895
raw	PVP01_1451800	896
raw	PVP01_1451900	897
raw	PVP01_1452000	898
raw	PVP01_1452100	899
raw	PVP01_1452200	900
raw	PVP01_1452300	901
raw	PVP01_1452400	902
raw	PVP01_1452800	903
raw	PVP01_1452900	904
raw	PVP01_1453000	905
raw	PVP01_1453100	906
raw	PVP01_1453200	907
raw	PVP01_1453300	908
raw	PVP01_1453400	909
raw	PVP01_1453500	910
raw	PVP01_1453600	911
raw	PVP01_1453700	912
raw	PVP01_1453800	913
raw	PVP01_1453900	914
raw	PVP01_1454000	915
raw	PVP01_1454100	916
raw	PVP01_1454200	917
raw	PVP01_1454300	918
raw	PVP01_1454400	919
raw	PVP01_1454500	920
raw	PVP01_1454600	921
raw	PVP01_1454700	922
raw	PVP01_1454800	923
raw	PVP01_1455000	924
raw	PVP01_1454900	925
raw	PVP01_1455100	926
raw	PVP01_1455200	927
raw	PVP01_1455300	928
raw	PVP01_1455400	929
raw	PVP01_1455500	930
raw	PVP01_1455600	931
raw	PVP01_1455800	932
raw	PVP01_1456000	933
raw	PVP01_1456100	934
raw	PVP01_1456200	935
raw	PVP01_1456300	936
raw	PVP01_1456400	937
raw	PVP01_1456500	938
raw	PVP01_1456600	939
raw	PVP01_1456700	940
raw	PVP01_1456800	941
raw	PVP01_1456900	942
raw	PVP01_1457000	943
raw	PVP01_1457100	944
raw	PVP01_1457200	945
raw	PVP01_1457400	946
raw	PVP01_1457500	947
raw	PVP01_1457600	948
raw	PVP01_1457700	949
raw	PVP01_1457800	950
raw	PVP01_1457900	951
raw	PVP01_1458000	952
raw	PVP01_1458100	953
raw	PVP01_1458200	954
raw	PVP01_1458300	955
raw	PVP01_1458400	956
raw	PVP01_1458500	957
raw	PVP01_1458600	958
raw	PVP01_1458700	959
raw	PVP01_1458800	960
raw	PVP01_1458900	961
raw	PVP01_1459000	962
raw	PVP01_1459100	963
raw	PVP01_1459400	964
raw	PVP01_1460400	965
raw	PVP01_1460500	966
raw	PVP01_1460600	967
raw	PVP01_1460700	968
raw	PVP01_1460800	969
raw	PVP01_1460900	970
raw	PVP01_1461000	971
raw	PVP01_1461100	972
raw	PVP01_1461200	973
raw	PVP01_1461300	974
raw	PVP01_1461400	975
raw	PVP01_1461500	976
raw	PVP01_1461600	977
raw	PVP01_1461700	978
raw	PVP01_1461800	979
raw	PVP01_1461900	980
raw	PVP01_1462000	981
raw	PVP01_1462100	982
raw	PVP01_1462200	983
raw	PVP01_1462400	984
raw	PVP01_1462500	985
raw	PVP01_1462600	986
raw	PVP01_1462700	987
raw	PVP01_1462800	988
raw	PVP01_1462900	989
raw	PVP01_1463000	990
raw	PVP01_1463200	991
raw	PVP01_1463300	992
raw	PVP01_1463400	993
raw	PVP01_1463500	994
raw	PVP01_1463600	995
raw	PVP01_1463800	996
raw	PVP01_1463900	997
raw	PVP01_1464000	998
raw	PVP01_1464100	999
raw	PVP01_1464200	1000
raw	PVP01_1464300	1001
raw	PVP01_1464400	1002
raw	PVP01_1464500	1003
raw	PVP01_1464600	1004
raw	PVP01_1464700	1005
raw	PVP01_1464800	1006
raw	PVP01_1464900	1007
raw	PVP01_1465100	1008
raw	PVP01_1465200	1009
raw	PVP01_1465300	1010
raw	PVP01_1465400	1011
raw	PVP01_1465500	1012
raw	PVP01_1465600	1013
raw	PVP01_1465800	1014
raw	PVP01_1465900	1015
raw	PVP01_1466000	1016
raw	PVP01_1466100	1017
raw	PVP01_1466200	1018
raw	PVP01_1466300	1019
raw	PVP01_1466400	1020
raw	PVP01_1466500	1021
raw	PVP01_1466600	1022
raw	PVP01_1466700	1023
raw	PVP01_1466800	1024
raw	PVP01_1466900	1025
raw	PVP01_1467000	1026
raw	PVP01_1467200	1027
raw	PVP01_1467300	1028
raw	PVP01_1467500	1029
raw	PVP01_1467600	1030
raw	PVP01_1467700	1031
raw	PVP01_1467800	1032
raw	PVP01_1467900	1033
raw	PVP01_1468000	1034
raw	PVP01_1468100	1035
raw	PVP01_1468200	1036
raw	PVP01_1468400	1037
raw	PVP01_1468600	1038
raw	PVP01_1468700	1039
raw	PVP01_1468800	1040
raw	PVP01_1468900	1041
raw	PVP01_0903800	1042
raw	PVP01_0903900	1043
raw	PVP01_0904600	1044
raw	PVP01_0904800	1045
raw	PVP01_0905000	1046
raw	PVP01_0905200	1047
raw	PVP01_0905300	1048
raw	PVP01_0905400	1049
raw	PVP01_0905500	1050
raw	PVP01_0905600	1051
raw	PVP01_0905700	1052
raw	PVP01_0905800	1053
raw	PVP01_0905900	1054
raw	PVP01_0906000	1055
raw	PVP01_0906300	1056
raw	PVP01_0906400	1057
raw	PVP01_0906500	1058
raw	PVP01_0906600	1059
raw	PVP01_0906700	1060
raw	PVP01_0906800	1061
raw	PVP01_0906900	1062
raw	PVP01_0907000	1063
raw	PVP01_0907100	1064
raw	PVP01_0907400	1065
raw	PVP01_0907500	1066
raw	PVP01_0907600	1067
raw	PVP01_0907800	1068
raw	PVP01_0907900	1069
raw	PVP01_0908000	1070
raw	PVP01_0908100	1071
raw	PVP01_0908200	1072
raw	PVP01_0908400	1073
raw	PVP01_0908500	1074
raw	PVP01_0908600	1075
raw	PVP01_0908800	1076
raw	PVP01_0908900	1077
raw	PVP01_0909000	1078
raw	PVP01_0909100	1079
raw	PVP01_0909300	1080
raw	PVP01_0909400	1081
raw	PVP01_0909500	1082
raw	PVP01_0909700	1083
raw	PVP01_0909900	1084
raw	PVP01_0910000	1085
raw	PVP01_0910200	1086
raw	PVP01_0910700	1087
raw	PVP01_0911000	1088
raw	PVP01_0911100	1089
raw	PVP01_0911200	1090
raw	PVP01_0911300	1091
raw	PVP01_0911400	1092
raw	PVP01_0911500	1093
raw	PVP01_0911700	1094
raw	PVP01_0911900	1095
raw	PVP01_0912000	1096
raw	PVP01_0912100	1097
raw	PVP01_0912200	1098
raw	PVP01_0912400	1099
raw	PVP01_0912500	1100
raw	PVP01_0912600	1101
raw	PVP01_0912700	1102
raw	PVP01_0912800	1103
raw	PVP01_0912900	1104
raw	PVP01_0913000	1105
raw	PVP01_0913100	1106
raw	PVP01_0913400	1107
raw	PVP01_0913500	1108
raw	PVP01_0913600	1109
raw	PVP01_0913700	1110
raw	PVP01_0913800	1111
raw	PVP01_0913900	1112
raw	PVP01_0914000	1113
raw	PVP01_0914100	1114
raw	PVP01_0914200	1115
raw	PVP01_0914800	1116
raw	PVP01_0914900	1117
raw	PVP01_0915000	1118
raw	PVP01_0915100	1119
raw	PVP01_0915400	1120
raw	PVP01_0915500	1121
raw	PVP01_0915700	1122
raw	PVP01_0915800	1123
raw	PVP01_0915900	1124
raw	PVP01_0916000	1125
raw	PVP01_0916100	1126
raw	PVP01_0916450	1127
raw	PVP01_0916500	1128
raw	PVP01_0916600	1129
raw	PVP01_0916700	1130
raw	PVP01_0916900	1131
raw	PVP01_0917000	1132
raw	PVP01_0917100	1133
raw	PVP01_0917200	1134
raw	PVP01_0917300	1135
raw	PVP01_0917400	1136
raw	PVP01_0917500	1137
raw	PVP01_0917600	1138
raw	PVP01_0917700	1139
raw	PVP01_0917800	1140
raw	PVP01_0917900	1141
raw	PVP01_0918000	1142
raw	PVP01_0918100	1143
raw	PVP01_0918200	1144
raw	PVP01_0918300	1145
raw	PVP01_0918400	1146
raw	PVP01_0918500	1147
raw	PVP01_0918600	1148
raw	PVP01_0918700	1149
raw	PVP01_0918800	1150
raw	PVP01_0918900	1151
raw	PVP01_0919000	1152
raw	PVP01_0919100	1153
raw	PVP01_0919200	1154
raw	PVP01_0919300	1155
raw	PVP01_0919400	1156
raw	PVP01_0919500	1157
raw	PVP01_0919600	1158
raw	PVP01_0919700	1159
raw	PVP01_0919800	1160
raw	PVP01_0919900	1161
raw	PVP01_0920000	1162
raw	PVP01_0920100	1163
raw	PVP01_0920200	1164
raw	PVP01_0920300	1165
raw	PVP01_0920400	1166
raw	PVP01_0920500	1167
raw	PVP01_0920600	1168
raw	PVP01_0920700	1169
raw	PVP01_0920800	1170
raw	PVP01_0920900	1171
raw	PVP01_0921000	1172
raw	PVP01_0921100	1173
raw	PVP01_0921200	1174
raw	PVP01_0921300	1175
raw	PVP01_0921400	1176
raw	PVP01_0921500	1177
raw	PVP01_0921700	1178
raw	PVP01_0921600	1179
raw	PVP01_0921800	1180
raw	PVP01_0922000	1181
raw	PVP01_0922100	1182
raw	PVP01_0922200	1183
raw	PVP01_0922300	1184
raw	PVP01_0922900	1185
raw	PVP01_0923200	1186
raw	PVP01_0923300	1187
raw	PVP01_0923400	1188
raw	PVP01_0923500	1189
raw	PVP01_0923600	1190
raw	PVP01_0923700	1191
raw	PVP01_0923800	1192
raw	PVP01_0923900	1193
raw	PVP01_0924000	1194
raw	PVP01_0924100	1195
raw	PVP01_0924200	1196
raw	PVP01_0924400	1197
raw	PVP01_0924500	1198
raw	PVP01_0924600	1199
raw	PVP01_0924700	1200
raw	PVP01_0924900	1201
raw	PVP01_0925000	1202
raw	PVP01_0925100	1203
raw	PVP01_0925200	1204
raw	PVP01_0925400	1205
raw	PVP01_0925500	1206
raw	PVP01_0925600	1207
raw	PVP01_0925700	1208
raw	PVP01_0925900	1209
raw	PVP01_0926000	1210
raw	PVP01_0926100	1211
raw	PVP01_0926200	1212
raw	PVP01_0926300	1213
raw	PVP01_0926400	1214
raw	PVP01_0926500	1215
raw	PVP01_0926600	1216
raw	PVP01_0926700	1217
raw	PVP01_0926800	1218
raw	PVP01_0926900	1219
raw	PVP01_0927000	1220
raw	PVP01_0927100	1221
raw	PVP01_0927200	1222
raw	PVP01_0927300	1223
raw	PVP01_0927400	1224
raw	PVP01_0927500	1225
raw	PVP01_0927700	1226
raw	PVP01_0927800	1227
raw	PVP01_0927900	1228
raw	PVP01_0928000	1229
raw	PVP01_0928200	1230
raw	PVP01_0928300	1231
raw	PVP01_0928500	1232
raw	PVP01_0928600	1233
raw	PVP01_0928700	1234
raw	PVP01_0928800	1235
raw	PVP01_0928900	1236
raw	PVP01_0929000	1237
raw	PVP01_0929100	1238
raw	PVP01_0929200	1239
raw	PVP01_0929300	1240
raw	PVP01_0929600	1241
raw	PVP01_0929700	1242
raw	PVP01_0929800	1243
raw	PVP01_0929900	1244
raw	PVP01_0930000	1245
raw	PVP01_0930400	1246
raw	PVP01_0930500	1247
raw	PVP01_0930600	1248
raw	PVP01_0930700	1249
raw	PVP01_0930800	1250
raw	PVP01_0931200	1251
raw	PVP01_0931300	1252
raw	PVP01_0931700	1253
raw	PVP01_0931900	1254
raw	PVP01_0932000	1255
raw	PVP01_0932100	1256
raw	PVP01_0932200	1257
raw	PVP01_0932400	1258
raw	PVP01_0932500	1259
raw	PVP01_0932600	1260
raw	PVP01_0932700	1261
raw	PVP01_0932800	1262
raw	PVP01_0932900	1263
raw	PVP01_0933000	1264
raw	PVP01_0933100	1265
raw	PVP01_0933200	1266
raw	PVP01_0933300	1267
raw	PVP01_0933500	1268
raw	PVP01_0933600	1269
raw	PVP01_0933700	1270
raw	PVP01_0933800	1271
raw	PVP01_0933900	1272
raw	PVP01_0934000	1273
raw	PVP01_0934100	1274
raw	PVP01_0934200	1275
raw	PVP01_0934300	1276
raw	PVP01_0934400	1277
raw	PVP01_0934700	1278
raw	PVP01_0934800	1279
raw	PVP01_0934900	1280
raw	PVP01_0935000	1281
raw	PVP01_0935100	1282
raw	PVP01_0935200	1283
raw	PVP01_0935300	1284
raw	PVP01_0935500	1285
raw	PVP01_0935800	1286
raw	PVP01_0935900	1287
raw	PVP01_0936000	1288
raw	PVP01_0936100	1289
raw	PVP01_0936400	1290
raw	PVP01_0936500	1291
raw	PVP01_0936700	1292
raw	PVP01_0936800	1293
raw	PVP01_0936900	1294
raw	PVP01_0937000	1295
raw	PVP01_0937100	1296
raw	PVP01_0937400	1297
raw	PVP01_0937600	1298
raw	PVP01_0937700	1299
raw	PVP01_0937800	1300
raw	PVP01_0938000	1301
raw	PVP01_0938100	1302
raw	PVP01_0938200	1303
raw	PVP01_0938300	1304
raw	PVP01_0938600	1305
raw	PVP01_0938700	1306
raw	PVP01_0938800	1307
raw	PVP01_0938900	1308
raw	PVP01_0939400	1309
raw	PVP01_0939500	1310
raw	PVP01_0939600	1311
raw	PVP01_0939700	1312
raw	PVP01_0939800	1313
raw	PVP01_0939900	1314
raw	PVP01_0940000	1315
raw	PVP01_0940200	1316
raw	PVP01_0940300	1317
raw	PVP01_0940400	1318
raw	PVP01_0940500	1319
raw	PVP01_0940600	1320
raw	PVP01_0940800	1321
raw	PVP01_0940900	1322
raw	PVP01_0941000	1323
raw	PVP01_0941100	1324
raw	PVP01_0941200	1325
raw	PVP01_0941300	1326
raw	PVP01_0941400	1327
raw	PVP01_0941500	1328
raw	PVP01_0941600	1329
raw	PVP01_0942000	1330
raw	PVP01_0942200	1331
raw	PVP01_0942300	1332
raw	PVP01_0942400	1333
raw	PVP01_0942500	1334
raw	PVP01_0942800	1335
raw	PVP01_0942900	1336
raw	PVP01_0943000	1337
raw	PVP01_0943100	1338
raw	PVP01_0943200	1339
raw	PVP01_0943500	1340
raw	PVP01_0943600	1341
raw	PVP01_0943700	1342
raw	PVP01_0943800	1343
raw	PVP01_0943900	1344
raw	PVP01_0944000	1345
raw	PVP01_0944100	1346
raw	PVP01_0944200	1347
raw	PVP01_0944400	1348
raw	PVP01_0944500	1349
raw	PVP01_0944600	1350
raw	PVP01_0944700	1351
raw	PVP01_0944800	1352
raw	PVP01_0944900	1353
raw	PVP01_0945000	1354
raw	PVP01_0945100	1355
raw	PVP01_0945200	1356
raw	PVP01_0945300	1357
raw	PVP01_0945400	1358
raw	PVP01_0945500	1359
raw	PVP01_0945600	1360
raw	PVP01_0945700	1361
raw	PVP01_0945800	1362
raw	PVP01_0945900	1363
raw	PVP01_0946000	1364
raw	PVP01_0946100	1365
raw	PVP01_0946300	1366
raw	PVP01_0946500	1367
raw	PVP01_0946800	1368
raw	PVP01_0946900	1369
raw	PVP01_0947100	1370
raw	PVP01_0947200	1371
raw	PVP01_0947300	1372
raw	PVP01_0947400	1373
raw	PVP01_0947500	1374
raw	PVP01_0947600	1375
raw	PVP01_0947700	1376
raw	PVP01_0947800	1377
raw	PVP01_0947900	1378
raw	PVP01_0948000	1379
raw	PVP01_0948100	1380
raw	PVP01_0948200	1381
raw	PVP01_0948300	1382
raw	PVP01_0948400	1383
raw	PVP01_0948500	1384
raw	PVP01_0948600	1385
raw	PVP01_0405300	1386
raw	PVP01_0405400	1387
raw	PVP01_0405500	1388
raw	PVP01_0405600	1389
raw	PVP01_0405700	1390
raw	PVP01_0405800	1391
raw	PVP01_0405900	1392
raw	PVP01_0406200	1393
raw	PVP01_0406300	1394
raw	PVP01_0406400	1395
raw	PVP01_0406500	1396
raw	PVP01_0406700	1397
raw	PVP01_0406800	1398
raw	PVP01_0406900	1399
raw	PVP01_0407000	1400
raw	PVP01_0407100	1401
raw	PVP01_0407200	1402
raw	PVP01_0407300	1403
raw	PVP01_0407400	1404
raw	PVP01_0407500	1405
raw	PVP01_0407600	1406
raw	PVP01_0407700	1407
raw	PVP01_0407800	1408
raw	PVP01_0407900	1409
raw	PVP01_0408000	1410
raw	PVP01_0408100	1411
raw	PVP01_0408200	1412
raw	PVP01_0408300	1413
raw	PVP01_0408500	1414
raw	PVP01_0408700	1415
raw	PVP01_0408800	1416
raw	PVP01_0408900	1417
raw	PVP01_0409100	1418
raw	PVP01_0409200	1419
raw	PVP01_0409300	1420
raw	PVP01_0409400	1421
raw	PVP01_0409500	1422
raw	PVP01_0409600	1423
raw	PVP01_0409700	1424
raw	PVP01_0409800	1425
raw	PVP01_0409900	1426
raw	PVP01_0410000	1427
raw	PVP01_0410200	1428
raw	PVP01_0410300	1429
raw	PVP01_0410400	1430
raw	PVP01_0410500	1431
raw	PVP01_0410600	1432
raw	PVP01_0410800	1433
raw	PVP01_0410900	1434
raw	PVP01_0411000	1435
raw	PVP01_0411100	1436
raw	PVP01_0411200	1437
raw	PVP01_0411300	1438
raw	PVP01_0411400	1439
raw	PVP01_0411500	1440
raw	PVP01_0411700	1441
raw	PVP01_0411800	1442
raw	PVP01_0412200	1443
raw	PVP01_0412300	1444
raw	PVP01_0412400	1445
raw	PVP01_0412500	1446
raw	PVP01_0412600	1447
raw	PVP01_0412700	1448
raw	PVP01_0412800	1449
raw	PVP01_0412900	1450
raw	PVP01_0413000	1451
raw	PVP01_0413200	1452
raw	PVP01_0413300	1453
raw	PVP01_0413400	1454
raw	PVP01_0413500	1455
raw	PVP01_0413600	1456
raw	PVP01_0413700	1457
raw	PVP01_0413800	1458
raw	PVP01_0413900	1459
raw	PVP01_0414000	1460
raw	PVP01_0414100	1461
raw	PVP01_0414200	1462
raw	PVP01_0414300	1463
raw	PVP01_0414700	1464
raw	PVP01_0414800	1465
raw	PVP01_0414900	1466
raw	PVP01_0415000	1467
raw	PVP01_0415100	1468
raw	PVP01_0415200	1469
raw	PVP01_0415300	1470
raw	PVP01_0415400	1471
raw	PVP01_0415600	1472
raw	PVP01_0415500	1473
raw	PVP01_0415700	1474
raw	PVP01_0415800	1475
raw	PVP01_0416000	1476
raw	PVP01_0416200	1477
raw	PVP01_0416300	1478
raw	PVP01_0416400	1479
raw	PVP01_0416500	1480
raw	PVP01_0416600	1481
raw	PVP01_0416700	1482
raw	PVP01_0416800	1483
raw	PVP01_0416900	1484
raw	PVP01_0417100	1485
raw	PVP01_0417200	1486
raw	PVP01_0417300	1487
raw	PVP01_0417500	1488
raw	PVP01_0417900	1489
raw	PVP01_0418000	1490
raw	PVP01_0418100	1491
raw	PVP01_0418200	1492
raw	PVP01_0418300	1493
raw	PVP01_0418600	1494
raw	PVP01_0418700	1495
raw	PVP01_0418800	1496
raw	PVP01_0418900	1497
raw	PVP01_0419000	1498
raw	PVP01_0419100	1499
raw	PVP01_0419200	1500
raw	PVP01_0419300	1501
raw	PVP01_0419400	1502
raw	PVP01_0419600	1503
raw	PVP01_0419700	1504
raw	PVP01_0419800	1505
raw	PVP01_0420400	1506
raw	PVP01_0420500	1507
raw	PVP01_0420600	1508
raw	PVP01_0420700	1509
raw	PVP01_0420800	1510
raw	PVP01_0420900	1511
raw	PVP01_0421000	1512
raw	PVP01_0421100	1513
raw	PVP01_0421200	1514
raw	PVP01_0421300	1515
raw	PVP01_0421500	1516
raw	PVP01_0421700	1517
raw	PVP01_0421800	1518
raw	PVP01_0421900	1519
raw	PVP01_0422000	1520
raw	PVP01_0422100	1521
raw	PVP01_0422200	1522
raw	PVP01_0422300	1523
raw	PVP01_0422400	1524
raw	PVP01_0422500	1525
raw	PVP01_0422600	1526
raw	PVP01_0422800	1527
raw	PVP01_0423100	1528
raw	PVP01_1300600	1529
raw	PVP01_1300700	1530
raw	PVP01_1300800	1531
raw	PVP01_1300900	1532
raw	PVP01_1301000	1533
raw	PVP01_1301200	1534
raw	PVP01_1301300	1535
raw	PVP01_1301400	1536
raw	PVP01_1301500	1537
raw	PVP01_1301700	1538
raw	PVP01_1301900	1539
raw	PVP01_1302100	1540
raw	PVP01_1302200	1541
raw	PVP01_1302400	1542
raw	PVP01_1302500	1543
raw	PVP01_1302600	1544
raw	PVP01_1302700	1545
raw	PVP01_1302800	1546
raw	PVP01_1303000	1547
raw	PVP01_1302900	1548
raw	PVP01_1303100	1549
raw	PVP01_1303200	1550
raw	PVP01_1303300	1551
raw	PVP01_1303400	1552
raw	PVP01_1303500	1553
raw	PVP01_1303600	1554
raw	PVP01_1304100	1555
raw	PVP01_1304200	1556
raw	PVP01_1304300	1557
raw	PVP01_1304500	1558
raw	PVP01_1304600	1559
raw	PVP01_1304700	1560
raw	PVP01_1304800	1561
raw	PVP01_1304900	1562
raw	PVP01_1305000	1563
raw	PVP01_1305100	1564
raw	PVP01_1305200	1565
raw	PVP01_1305400	1566
raw	PVP01_1305500	1567
raw	PVP01_1305600	1568
raw	PVP01_1305800	1569
raw	PVP01_1305900	1570
raw	PVP01_1306100	1571
raw	PVP01_1306200	1572
raw	PVP01_1306300	1573
raw	PVP01_1306400	1574
raw	PVP01_1306500	1575
raw	PVP01_1306700	1576
raw	PVP01_1306800	1577
raw	PVP01_1306900	1578
raw	PVP01_1307300	1579
raw	PVP01_1307500	1580
raw	PVP01_1307600	1581
raw	PVP01_1307700	1582
raw	PVP01_1307800	1583
raw	PVP01_1307900	1584
raw	PVP01_1308000	1585
raw	PVP01_1308100	1586
raw	PVP01_1308200	1587
raw	PVP01_1308300	1588
raw	PVP01_1308400	1589
raw	PVP01_1308500	1590
raw	PVP01_1308600	1591
raw	PVP01_1308800	1592
raw	PVP01_1308900	1593
raw	PVP01_1309000	1594
raw	PVP01_1309200	1595
raw	PVP01_1309300	1596
raw	PVP01_1309400	1597
raw	PVP01_1309500	1598
raw	PVP01_1309700	1599
raw	PVP01_1309800	1600
raw	PVP01_1309900	1601
raw	PVP01_1310000	1602
raw	PVP01_1310100	1603
raw	PVP01_1310200	1604
raw	PVP01_1310400	1605
raw	PVP01_1310500	1606
raw	PVP01_1310600	1607
raw	PVP01_1310700	1608
raw	PVP01_1310800	1609
raw	PVP01_1310900	1610
raw	PVP01_1311000	1611
raw	PVP01_1311100	1612
raw	PVP01_1311300	1613
raw	PVP01_1311400	1614
raw	PVP01_1311500	1615
raw	PVP01_1311600	1616
raw	PVP01_1311700	1617
raw	PVP01_1311800	1618
raw	PVP01_1312000	1619
raw	PVP01_1312100	1620
raw	PVP01_1312300	1621
raw	PVP01_1312400	1622
raw	PVP01_1312500	1623
raw	PVP01_1312600	1624
raw	PVP01_1312800	1625
raw	PVP01_1312900	1626
raw	PVP01_1313000	1627
raw	PVP01_1313200	1628
raw	PVP01_1313300	1629
raw	PVP01_1313400	1630
raw	PVP01_1313500	1631
raw	PVP01_1313600	1632
raw	PVP01_1313700	1633
raw	PVP01_1313900	1634
raw	PVP01_1314000	1635
raw	PVP01_1314100	1636
raw	PVP01_1314200	1637
raw	PVP01_1314300	1638
raw	PVP01_1314800	1639
raw	PVP01_1314900	1640
raw	PVP01_1315000	1641
raw	PVP01_1315100	1642
raw	PVP01_1315200	1643
raw	PVP01_1315300	1644
raw	PVP01_1315400	1645
raw	PVP01_1315500	1646
raw	PVP01_1315600	1647
raw	PVP01_1315800	1648
raw	PVP01_1315900	1649
raw	PVP01_1316000	1650
raw	PVP01_1316100	1651
raw	PVP01_1316200	1652
raw	PVP01_1316300	1653
raw	PVP01_1316400	1654
raw	PVP01_1316500	1655
raw	PVP01_1316600	1656
raw	PVP01_1316700	1657
raw	PVP01_1316800	1658
raw	PVP01_1316900	1659
raw	PVP01_1317000	1660
raw	PVP01_1317100	1661
raw	PVP01_1317200	1662
raw	PVP01_1317300	1663
raw	PVP01_1317400	1664
raw	PVP01_1317500	1665
raw	PVP01_1317600	1666
raw	PVP01_1317700	1667
raw	PVP01_1317800	1668
raw	PVP01_1317900	1669
raw	PVP01_1318000	1670
raw	PVP01_1318100	1671
raw	PVP01_1318200	1672
raw	PVP01_1318300	1673
raw	PVP01_1318400	1674
raw	PVP01_1318600	1675
raw	PVP01_1319200	1676
raw	PVP01_1319300	1677
raw	PVP01_1319400	1678
raw	PVP01_1319500	1679
raw	PVP01_1319600	1680
raw	PVP01_1319700	1681
raw	PVP01_1319800	1682
raw	PVP01_1320600	1683
raw	PVP01_1320800	1684
raw	PVP01_1320900	1685
raw	PVP01_1321000	1686
raw	PVP01_1321100	1687
raw	PVP01_1321200	1688
raw	PVP01_1321300	1689
raw	PVP01_1321600	1690
raw	PVP01_1321700	1691
raw	PVP01_1321800	1692
raw	PVP01_1321900	1693
raw	PVP01_1322000	1694
raw	PVP01_1322100	1695
raw	PVP01_1322200	1696
raw	PVP01_1322300	1697
raw	PVP01_1322400	1698
raw	PVP01_1322500	1699
raw	PVP01_1322600	1700
raw	PVP01_1322800	1701
raw	PVP01_1323100	1702
raw	PVP01_1323200	1703
raw	PVP01_1323300	1704
raw	PVP01_1323400	1705
raw	PVP01_1323500	1706
raw	PVP01_1323800	1707
raw	PVP01_1323900	1708
raw	PVP01_1324000	1709
raw	PVP01_1324100	1710
raw	PVP01_1324200	1711
raw	PVP01_1324600	1712
raw	PVP01_1324700	1713
raw	PVP01_1324800	1714
raw	PVP01_1325200	1715
raw	PVP01_1325300	1716
raw	PVP01_1325400	1717
raw	PVP01_1325500	1718
raw	PVP01_1325600	1719
raw	PVP01_1325700	1720
raw	PVP01_1325800	1721
raw	PVP01_1325900	1722
raw	PVP01_1326000	1723
raw	PVP01_1326100	1724
raw	PVP01_1326200	1725
raw	PVP01_1326300	1726
raw	PVP01_1326400	1727
raw	PVP01_1326500	1728
raw	PVP01_1326600	1729
raw	PVP01_1326700	1730
raw	PVP01_1326800	1731
raw	PVP01_1326900	1732
raw	PVP01_1327300	1733
raw	PVP01_1327400	1734
raw	PVP01_1327500	1735
raw	PVP01_1327600	1736
raw	PVP01_1327700	1737
raw	PVP01_1327800	1738
raw	PVP01_1327900	1739
raw	PVP01_1328000	1740
raw	PVP01_1328100	1741
raw	PVP01_1328300	1742
raw	PVP01_1328400	1743
raw	PVP01_1328500	1744
raw	PVP01_1328600	1745
raw	PVP01_1328700	1746
raw	PVP01_1329000	1747
raw	PVP01_1329100	1748
raw	PVP01_1329200	1749
raw	PVP01_1329300	1750
raw	PVP01_1329500	1751
raw	PVP01_1329600	1752
raw	PVP01_1329700	1753
raw	PVP01_1329800	1754
raw	PVP01_1329900	1755
raw	PVP01_1330500	1756
raw	PVP01_1330600	1757
raw	PVP01_1330700	1758
raw	PVP01_1330800	1759
raw	PVP01_1330900	1760
raw	PVP01_1331100	1761
raw	PVP01_1331200	1762
raw	PVP01_1331300	1763
raw	PVP01_1331400	1764
raw	PVP01_1331500	1765
raw	PVP01_1331600	1766
raw	PVP01_1331700	1767
raw	PVP01_1331800	1768
raw	PVP01_1331900	1769
raw	PVP01_1332100	1770
raw	PVP01_1332000	1771
raw	PVP01_1332300	1772
raw	PVP01_1332400	1773
raw	PVP01_1332500	1774
raw	PVP01_1332600	1775
raw	PVP01_1332700	1776
raw	PVP01_1333000	1777
raw	PVP01_1333100	1778
raw	PVP01_1333200	1779
raw	PVP01_1333300	1780
raw	PVP01_1333400	1781
raw	PVP01_1333500	1782
raw	PVP01_1333600	1783
raw	PVP01_1333700	1784
raw	PVP01_1333800	1785
raw	PVP01_1333900	1786
raw	PVP01_1334000	1787
raw	PVP01_1334100	1788
raw	PVP01_1334200	1789
raw	PVP01_1334300	1790
raw	PVP01_1334400	1791
raw	PVP01_1334500	1792
raw	PVP01_1334600	1793
raw	PVP01_1334700	1794
raw	PVP01_1334800	1795
raw	PVP01_1334900	1796
raw	PVP01_1335000	1797
raw	PVP01_1335200	1798
raw	PVP01_1335300	1799
raw	PVP01_1335500	1800
raw	PVP01_1335600	1801
raw	PVP01_1335700	1802
raw	PVP01_1335900	1803
raw	PVP01_1336000	1804
raw	PVP01_1336200	1805
raw	PVP01_1336300	1806
raw	PVP01_1336400	1807
raw	PVP01_1337200	1808
raw	PVP01_1337300	1809
raw	PVP01_1337600	1810
raw	PVP01_1337700	1811
raw	PVP01_1337800	1812
raw	PVP01_1337900	1813
raw	PVP01_1338000	1814
raw	PVP01_1338100	1815
raw	PVP01_1338200	1816
raw	PVP01_1338300	1817
raw	PVP01_1338400	1818
raw	PVP01_1338500	1819
raw	PVP01_1338600	1820
raw	PVP01_1338700	1821
raw	PVP01_1339000	1822
raw	PVP01_1339100	1823
raw	PVP01_1339200	1824
raw	PVP01_1339300	1825
raw	PVP01_1339400	1826
raw	PVP01_1339500	1827
raw	PVP01_1339600	1828
raw	PVP01_1339700	1829
raw	PVP01_1339900	1830
raw	PVP01_1340200	1831
raw	PVP01_1340300	1832
raw	PVP01_1340500	1833
raw	PVP01_1340600	1834
raw	PVP01_1340800	1835
raw	PVP01_1340900	1836
raw	PVP01_1341000	1837
raw	PVP01_1341100	1838
raw	PVP01_1341200	1839
raw	PVP01_1341300	1840
raw	PVP01_1341400	1841
raw	PVP01_1341500	1842
raw	PVP01_1341600	1843
raw	PVP01_1341700	1844
raw	PVP01_1341800	1845
raw	PVP01_1341900	1846
raw	PVP01_1342000	1847
raw	PVP01_1342200	1848
raw	PVP01_1342300	1849
raw	PVP01_1342500	1850
raw	PVP01_1342600	1851
raw	PVP01_1342700	1852
raw	PVP01_1342800	1853
raw	PVP01_1342900	1854
raw	PVP01_1343000	1855
raw	PVP01_1343100	1856
raw	PVP01_1343200	1857
raw	PVP01_1343300	1858
raw	PVP01_1343400	1859
raw	PVP01_1343500	1860
raw	PVP01_1343700	1861
raw	PVP01_1343800	1862
raw	PVP01_1343900	1863
raw	PVP01_1344000	1864
raw	PVP01_1344100	1865
raw	PVP01_1344200	1866
raw	PVP01_1344300	1867
raw	PVP01_1344400	1868
raw	PVP01_1344500	1869
raw	PVP01_1344600	1870
raw	PVP01_1344700	1871
raw	PVP01_1344800	1872
raw	PVP01_1344900	1873
raw	PVP01_1345100	1874
raw	PVP01_1345200	1875
raw	PVP01_1345600	1876
raw	PVP01_1345700	1877
raw	PVP01_1345800	1878
raw	PVP01_1345900	1879
raw	PVP01_1346100	1880
raw	PVP01_1346200	1881
raw	PVP01_1346400	1882
raw	PVP01_1346500	1883
raw	PVP01_1346600	1884
raw	PVP01_1346700	1885
raw	PVP01_1346800	1886
raw	PVP01_1347000	1887
raw	PVP01_1347100	1888
raw	PVP01_1347200	1889
raw	PVP01_1201900	1890
raw	PVP01_1202000	1891
raw	PVP01_1202100	1892
raw	PVP01_1202200	1893
raw	PVP01_1202300	1894
raw	PVP01_1202400	1895
raw	PVP01_1202500	1896
raw	PVP01_1202600	1897
raw	PVP01_1202700	1898
raw	PVP01_1202800	1899
raw	PVP01_1202900	1900
raw	PVP01_1203000	1901
raw	PVP01_1203100	1902
raw	PVP01_1203300	1903
raw	PVP01_1203500	1904
raw	PVP01_1203600	1905
raw	PVP01_1203700	1906
raw	PVP01_1203800	1907
raw	PVP01_1203900	1908
raw	PVP01_1204000	1909
raw	PVP01_1204100	1910
raw	PVP01_1204200	1911
raw	PVP01_1204300	1912
raw	PVP01_1204400	1913
raw	PVP01_1204500	1914
raw	PVP01_1204600	1915
raw	PVP01_1205000	1916
raw	PVP01_1205100	1917
raw	PVP01_1205200	1918
raw	PVP01_1205300	1919
raw	PVP01_1205400	1920
raw	PVP01_1205500	1921
raw	PVP01_1205600	1922
raw	PVP01_1205700	1923
raw	PVP01_1205800	1924
raw	PVP01_1205900	1925
raw	PVP01_1206000	1926
raw	PVP01_1206100	1927
raw	PVP01_1206200	1928
raw	PVP01_1206300	1929
raw	PVP01_1206400	1930
raw	PVP01_1206500	1931
raw	PVP01_1206600	1932
raw	PVP01_1206700	1933
raw	PVP01_1206800	1934
raw	PVP01_1206900	1935
raw	PVP01_1207000	1936
raw	PVP01_1207100	1937
raw	PVP01_1207300	1938
raw	PVP01_1207400	1939
raw	PVP01_1207600	1940
raw	PVP01_1207800	1941
raw	PVP01_1207900	1942
raw	PVP01_1208000	1943
raw	PVP01_1208200	1944
raw	PVP01_1208300	1945
raw	PVP01_1208400	1946
raw	PVP01_1208500	1947
raw	PVP01_1208600	1948
raw	PVP01_1208700	1949
raw	PVP01_1208800	1950
raw	PVP01_1208900	1951
raw	PVP01_1209000	1952
raw	PVP01_1209100	1953
raw	PVP01_1209700	1954
raw	PVP01_1209800	1955
raw	PVP01_1209900	1956
raw	PVP01_1210000	1957
raw	PVP01_1210300	1958
raw	PVP01_1210400	1959
raw	PVP01_1210500	1960
raw	PVP01_1210600	1961
raw	PVP01_1210700	1962
raw	PVP01_1210800	1963
raw	PVP01_1210900	1964
raw	PVP01_1211000	1965
raw	PVP01_1211100	1966
raw	PVP01_1211200	1967
raw	PVP01_1211300	1968
raw	PVP01_1211400	1969
raw	PVP01_1211500	1970
raw	PVP01_1211600	1971
raw	PVP01_1211700	1972
raw	PVP01_1211800	1973
raw	PVP01_1211900	1974
raw	PVP01_1212000	1975
raw	PVP01_1212100	1976
raw	PVP01_1212200	1977
raw	PVP01_1212300	1978
raw	PVP01_1212400	1979
raw	PVP01_1212500	1980
raw	PVP01_1212600	1981
raw	PVP01_1212700	1982
raw	PVP01_1212800	1983
raw	PVP01_1212900	1984
raw	PVP01_1213400	1985
raw	PVP01_1213600	1986
raw	PVP01_1213800	1987
raw	PVP01_1213900	1988
raw	PVP01_1214000	1989
raw	PVP01_1214100	1990
raw	PVP01_1214200	1991
raw	PVP01_1214700	1992
raw	PVP01_1215000	1993
raw	PVP01_1215100	1994
raw	PVP01_1215200	1995
raw	PVP01_1215500	1996
raw	PVP01_1216000	1997
raw	PVP01_1216100	1998
raw	PVP01_1216200	1999
raw	PVP01_1216300	2000
raw	PVP01_1216400	2001
raw	PVP01_1217200	2002
raw	PVP01_1217300	2003
raw	PVP01_1217400	2004
raw	PVP01_1217700	2005
raw	PVP01_1217800	2006
raw	PVP01_1217900	2007
raw	PVP01_1218000	2008
raw	PVP01_1218100	2009
raw	PVP01_1218200	2010
raw	PVP01_1218400	2011
raw	PVP01_1218500	2012
raw	PVP01_1218600	2013
raw	PVP01_1218700	2014
raw	PVP01_1218800	2015
raw	PVP01_1218900	2016
raw	PVP01_1219000	2017
raw	PVP01_1219200	2018
raw	PVP01_1219300	2019
raw	PVP01_1219400	2020
raw	PVP01_1219800	2021
raw	PVP01_1219900	2022
raw	PVP01_1220200	2023
raw	PVP01_1220300	2024
raw	PVP01_1220600	2025
raw	PVP01_1220700	2026
raw	PVP01_1220800	2027
raw	PVP01_1220900	2028
raw	PVP01_1221000	2029
raw	PVP01_1221100	2030
raw	PVP01_1221300	2031
raw	PVP01_1221400	2032
raw	PVP01_1221500	2033
raw	PVP01_1221600	2034
raw	PVP01_1221700	2035
raw	PVP01_1221800	2036
raw	PVP01_1221900	2037
raw	PVP01_1222300	2038
raw	PVP01_1222400	2039
raw	PVP01_1222500	2040
raw	PVP01_1222600	2041
raw	PVP01_1222700	2042
raw	PVP01_1222800	2043
raw	PVP01_1223000	2044
raw	PVP01_1223100	2045
raw	PVP01_1223200	2046
raw	PVP01_1223300	2047
raw	PVP01_1223400	2048
raw	PVP01_1223500	2049
raw	PVP01_1223600	2050
raw	PVP01_1223700	2051
raw	PVP01_1223800	2052
raw	PVP01_1223900	2053
raw	PVP01_1224000	2054
raw	PVP01_1224100	2055
raw	PVP01_1224200	2056
raw	PVP01_1224300	2057
raw	PVP01_1224400	2058
raw	PVP01_1224500	2059
raw	PVP01_1224700	2060
raw	PVP01_1224800	2061
raw	PVP01_1224900	2062
raw	PVP01_1225000	2063
raw	PVP01_1225100	2064
raw	PVP01_1225200	2065
raw	PVP01_1225300	2066
raw	PVP01_1225400	2067
raw	PVP01_1225500	2068
raw	PVP01_1225600	2069
raw	PVP01_1225700	2070
raw	PVP01_1225800	2071
raw	PVP01_1225900	2072
raw	PVP01_1226000	2073
raw	PVP01_1226100	2074
raw	PVP01_1226200	2075
raw	PVP01_1226400	2076
raw	PVP01_1226800	2077
raw	PVP01_1226900	2078
raw	PVP01_1227000	2079
raw	PVP01_1227100	2080
raw	PVP01_1227200	2081
raw	PVP01_1227300	2082
raw	PVP01_1227500	2083
raw	PVP01_1227600	2084
raw	PVP01_1227700	2085
raw	PVP01_1227800	2086
raw	PVP01_1228000	2087
raw	PVP01_1228200	2088
raw	PVP01_1228300	2089
raw	PVP01_1228400	2090
raw	PVP01_1228500	2091
raw	PVP01_1228600	2092
raw	PVP01_1228700	2093
raw	PVP01_1228800	2094
raw	PVP01_1229000	2095
raw	PVP01_1229100	2096
raw	PVP01_1229200	2097
raw	PVP01_1229300	2098
raw	PVP01_1229400	2099
raw	PVP01_1229600	2100
raw	PVP01_1229800	2101
raw	PVP01_1229900	2102
raw	PVP01_1230100	2103
raw	PVP01_1230300	2104
raw	PVP01_1230400	2105
raw	PVP01_1230500	2106
raw	PVP01_1230700	2107
raw	PVP01_1230800	2108
raw	PVP01_1230900	2109
raw	PVP01_1231000	2110
raw	PVP01_1231100	2111
raw	PVP01_1231200	2112
raw	PVP01_1231300	2113
raw	PVP01_1231400	2114
raw	PVP01_1231500	2115
raw	PVP01_1231700	2116
raw	PVP01_1231800	2117
raw	PVP01_1231900	2118
raw	PVP01_1232000	2119
raw	PVP01_1232100	2120
raw	PVP01_1232200	2121
raw	PVP01_1232300	2122
raw	PVP01_1232400	2123
raw	PVP01_1232500	2124
raw	PVP01_1232600	2125
raw	PVP01_1232700	2126
raw	PVP01_1232800	2127
raw	PVP01_1232900	2128
raw	PVP01_1233200	2129
raw	PVP01_1233300	2130
raw	PVP01_1233400	2131
raw	PVP01_1233500	2132
raw	PVP01_1233600	2133
raw	PVP01_1233700	2134
raw	PVP01_1233800	2135
raw	PVP01_1233900	2136
raw	PVP01_1234000	2137
raw	PVP01_1234100	2138
raw	PVP01_1234300	2139
raw	PVP01_1234400	2140
raw	PVP01_1234500	2141
raw	PVP01_1234600	2142
raw	PVP01_1234700	2143
raw	PVP01_1234800	2144
raw	PVP01_1234900	2145
raw	PVP01_1235000	2146
raw	PVP01_1235300	2147
raw	PVP01_1235400	2148
raw	PVP01_1235500	2149
raw	PVP01_1235600	2150
raw	PVP01_1235700	2151
raw	PVP01_1235900	2152
raw	PVP01_1236000	2153
raw	PVP01_1236100	2154
raw	PVP01_1236200	2155
raw	PVP01_1236300	2156
raw	PVP01_1236400	2157
raw	PVP01_1236500	2158
raw	PVP01_1236700	2159
raw	PVP01_1236800	2160
raw	PVP01_1236900	2161
raw	PVP01_1237000	2162
raw	PVP01_1237100	2163
raw	PVP01_1237300	2164
raw	PVP01_1237400	2165
raw	PVP01_1237600	2166
raw	PVP01_1237700	2167
raw	PVP01_1237800	2168
raw	PVP01_1237900	2169
raw	PVP01_1238000	2170
raw	PVP01_1238100	2171
raw	PVP01_1238200	2172
raw	PVP01_1238300	2173
raw	PVP01_1238400	2174
raw	PVP01_1238500	2175
raw	PVP01_1238600	2176
raw	PVP01_1238700	2177
raw	PVP01_1238800	2178
raw	PVP01_1238900	2179
raw	PVP01_1239000	2180
raw	PVP01_1239100	2181
raw	PVP01_1239200	2182
raw	PVP01_1239300	2183
raw	PVP01_1239400	2184
raw	PVP01_1239500	2185
raw	PVP01_1239600	2186
raw	PVP01_1239700	2187
raw	PVP01_1239800	2188
raw	PVP01_1239900	2189
raw	PVP01_1240000	2190
raw	PVP01_1240200	2191
raw	PVP01_1240300	2192
raw	PVP01_1240400	2193
raw	PVP01_1240500	2194
raw	PVP01_1240600	2195
raw	PVP01_1240700	2196
raw	PVP01_1240800	2197
raw	PVP01_1240900	2198
raw	PVP01_1241200	2199
raw	PVP01_1241400	2200
raw	PVP01_1241500	2201
raw	PVP01_1241600	2202
raw	PVP01_1241700	2203
raw	PVP01_1241900	2204
raw	PVP01_1242000	2205
raw	PVP01_1242100	2206
raw	PVP01_1242200	2207
raw	PVP01_1242300	2208
raw	PVP01_1242400	2209
raw	PVP01_1242500	2210
raw	PVP01_1242600	2211
raw	PVP01_1242700	2212
raw	PVP01_1242800	2213
raw	PVP01_1242900	2214
raw	PVP01_1243000	2215
raw	PVP01_1243100	2216
raw	PVP01_1243300	2217
raw	PVP01_1243400	2218
raw	PVP01_1243700	2219
raw	PVP01_1243800	2220
raw	PVP01_1243900	2221
raw	PVP01_1244000	2222
raw	PVP01_1244300	2223
raw	PVP01_1244400	2224
raw	PVP01_1244500	2225
raw	PVP01_1244600	2226
raw	PVP01_1244700	2227
raw	PVP01_1244900	2228
raw	PVP01_1244800	2229
raw	PVP01_1245100	2230
raw	PVP01_1245200	2231
raw	PVP01_1245300	2232
raw	PVP01_1245400	2233
raw	PVP01_1245500	2234
raw	PVP01_1245600	2235
raw	PVP01_1245700	2236
raw	PVP01_1245800	2237
raw	PVP01_1246000	2238
raw	PVP01_1246100	2239
raw	PVP01_1246200	2240
raw	PVP01_1246400	2241
raw	PVP01_1246500	2242
raw	PVP01_1246600	2243
raw	PVP01_1246800	2244
raw	PVP01_1246900	2245
raw	PVP01_1247000	2246
raw	PVP01_1247100	2247
raw	PVP01_1247200	2248
raw	PVP01_1247300	2249
raw	PVP01_1247400	2250
raw	PVP01_1247500	2251
raw	PVP01_1247600	2252
raw	PVP01_1247800	2253
raw	PVP01_1247900	2254
raw	PVP01_1248200	2255
raw	PVP01_1248300	2256
raw	PVP01_1248400	2257
raw	PVP01_1248500	2258
raw	PVP01_1248600	2259
raw	PVP01_1248700	2260
raw	PVP01_1248800	2261
raw	PVP01_1248900	2262
raw	PVP01_1249000	2263
raw	PVP01_1249100	2264
raw	PVP01_1249200	2265
raw	PVP01_1249300	2266
raw	PVP01_1249400	2267
raw	PVP01_1249500	2268
raw	PVP01_1249600	2269
raw	PVP01_1249700	2270
raw	PVP01_1249800	2271
raw	PVP01_1250100	2272
raw	PVP01_1250200	2273
raw	PVP01_1250300	2274
raw	PVP01_1250400	2275
raw	PVP01_1250500	2276
raw	PVP01_1250600	2277
raw	PVP01_1250700	2278
raw	PVP01_1250800	2279
raw	PVP01_1250900	2280
raw	PVP01_1251000	2281
raw	PVP01_1251100	2282
raw	PVP01_1251200	2283
raw	PVP01_1251300	2284
raw	PVP01_1251400	2285
raw	PVP01_1251500	2286
raw	PVP01_1251600	2287
raw	PVP01_1251700	2288
raw	PVP01_1251800	2289
raw	PVP01_1252400	2290
raw	PVP01_1252500	2291
raw	PVP01_1252600	2292
raw	PVP01_1252800	2293
raw	PVP01_1252900	2294
raw	PVP01_1253000	2295
raw	PVP01_1253100	2296
raw	PVP01_1253200	2297
raw	PVP01_1253300	2298
raw	PVP01_1253500	2299
raw	PVP01_1253700	2300
raw	PVP01_1254000	2301
raw	PVP01_1254100	2302
raw	PVP01_1254200	2303
raw	PVP01_1254500	2304
raw	PVP01_1254600	2305
raw	PVP01_1255000	2306
raw	PVP01_1255100	2307
raw	PVP01_1255200	2308
raw	PVP01_1255300	2309
raw	PVP01_1255700	2310
raw	PVP01_1255800	2311
raw	PVP01_1256000	2312
raw	PVP01_1256100	2313
raw	PVP01_1256200	2314
raw	PVP01_1256300	2315
raw	PVP01_1256400	2316
raw	PVP01_1256500	2317
raw	PVP01_1256600	2318
raw	PVP01_1256700	2319
raw	PVP01_1256800	2320
raw	PVP01_1256900	2321
raw	PVP01_1257000	2322
raw	PVP01_1257100	2323
raw	PVP01_1257200	2324
raw	PVP01_1257300	2325
raw	PVP01_1257400	2326
raw	PVP01_1257500	2327
raw	PVP01_1257700	2328
raw	PVP01_1257800	2329
raw	PVP01_1257900	2330
raw	PVP01_1258000	2331
raw	PVP01_1258100	2332
raw	PVP01_1258200	2333
raw	PVP01_1258300	2334
raw	PVP01_1258700	2335
raw	PVP01_1258800	2336
raw	PVP01_1258900	2337
raw	PVP01_1259100	2338
raw	PVP01_1259200	2339
raw	PVP01_1259300	2340
raw	PVP01_1259400	2341
raw	PVP01_1259500	2342
raw	PVP01_1259800	2343
raw	PVP01_1259900	2344
raw	PVP01_1260000	2345
raw	PVP01_1260100	2346
raw	PVP01_1260200	2347
raw	PVP01_1260300	2348
raw	PVP01_1260400	2349
raw	PVP01_1260500	2350
raw	PVP01_1260600	2351
raw	PVP01_1260700	2352
raw	PVP01_1260800	2353
raw	PVP01_1260900	2354
raw	PVP01_1261100	2355
raw	PVP01_1261200	2356
raw	PVP01_1261300	2357
raw	PVP01_1261400	2358
raw	PVP01_1261500	2359
raw	PVP01_1261600	2360
raw	PVP01_1261700	2361
raw	PVP01_1262000	2362
raw	PVP01_1262100	2363
raw	PVP01_1262200	2364
raw	PVP01_1262300	2365
raw	PVP01_1262400	2366
raw	PVP01_1262600	2367
raw	PVP01_1262700	2368
raw	PVP01_1262800	2369
raw	PVP01_1263200	2370
raw	PVP01_1263300	2371
raw	PVP01_1263900	2372
raw	PVP01_1264000	2373
raw	PVP01_1264100	2374
raw	PVP01_1264200	2375
raw	PVP01_1264300	2376
raw	PVP01_1264500	2377
raw	PVP01_1264600	2378
raw	PVP01_1264700	2379
raw	PVP01_1264800	2380
raw	PVP01_1264900	2381
raw	PVP01_1265000	2382
raw	PVP01_1265100	2383
raw	PVP01_1265200	2384
raw	PVP01_1265300	2385
raw	PVP01_1265400	2386
raw	PVP01_1265500	2387
raw	PVP01_1265600	2388
raw	PVP01_1265700	2389
raw	PVP01_1265800	2390
raw	PVP01_1265900	2391
raw	PVP01_1266100	2392
raw	PVP01_1266200	2393
raw	PVP01_1266300	2394
raw	PVP01_1266400	2395
raw	PVP01_1266900	2396
raw	PVP01_1267000	2397
raw	PVP01_1267100	2398
raw	PVP01_1267200	2399
raw	PVP01_1267300	2400
raw	PVP01_1267400	2401
raw	PVP01_1267500	2402
raw	PVP01_1267600	2403
raw	PVP01_1267700	2404
raw	PVP01_1267800	2405
raw	PVP01_1267900	2406
raw	PVP01_1268000	2407
raw	PVP01_1268100	2408
raw	PVP01_1268200	2409
raw	PVP01_1268300	2410
raw	PVP01_1268500	2411
raw	PVP01_1268600	2412
raw	PVP01_1268900	2413
raw	PVP01_1269100	2414
raw	PVP01_1269200	2415
raw	PVP01_1269300	2416
raw	PVP01_1269400	2417
raw	PVP01_1269500	2418
raw	PVP01_1269600	2419
raw	PVP01_1269800	2420
raw	PVP01_1270100	2421
raw	PVP01_1270300	2422
raw	PVP01_1270400	2423
raw	PVP01_1270500	2424
raw	PVP01_1270900	2425
raw	PVP01_1271000	2426
raw	PVP01_1271100	2427
raw	PVP01_0801100	2428
raw	PVP01_0801600	2429
raw	PVP01_0801700	2430
raw	PVP01_0801800	2431
raw	PVP01_0802100	2432
raw	PVP01_0802200	2433
raw	PVP01_0802300	2434
raw	PVP01_0802500	2435
raw	PVP01_0802600	2436
raw	PVP01_0802700	2437
raw	PVP01_0802800	2438
raw	PVP01_0802900	2439
raw	PVP01_0803000	2440
raw	PVP01_0803100	2441
raw	PVP01_0803200	2442
raw	PVP01_0803300	2443
raw	PVP01_0803400	2444
raw	PVP01_0803500	2445
raw	PVP01_0803600	2446
raw	PVP01_0803700	2447
raw	PVP01_0803800	2448
raw	PVP01_0803900	2449
raw	PVP01_0804000	2450
raw	PVP01_0804100	2451
raw	PVP01_0804200	2452
raw	PVP01_0804300	2453
raw	PVP01_0804600	2454
raw	PVP01_0804700	2455
raw	PVP01_0804800	2456
raw	PVP01_0805300	2457
raw	PVP01_0805500	2458
raw	PVP01_0805700	2459
raw	PVP01_0806200	2460
raw	PVP01_0806300	2461
raw	PVP01_0806400	2462
raw	PVP01_0806500	2463
raw	PVP01_0806600	2464
raw	PVP01_0806700	2465
raw	PVP01_0806800	2466
raw	PVP01_0806900	2467
raw	PVP01_0807000	2468
raw	PVP01_0807100	2469
raw	PVP01_0807200	2470
raw	PVP01_0807300	2471
raw	PVP01_0807400	2472
raw	PVP01_0807500	2473
raw	PVP01_0807700	2474
raw	PVP01_0807800	2475
raw	PVP01_0807900	2476
raw	PVP01_0808000	2477
raw	PVP01_0808100	2478
raw	PVP01_0808200	2479
raw	PVP01_0808300	2480
raw	PVP01_0808400	2481
raw	PVP01_0808500	2482
raw	PVP01_0808800	2483
raw	PVP01_0809200	2484
raw	PVP01_0809300	2485
raw	PVP01_0809400	2486
raw	PVP01_0809500	2487
raw	PVP01_0809600	2488
raw	PVP01_0809700	2489
raw	PVP01_0809800	2490
raw	PVP01_0809900	2491
raw	PVP01_0810000	2492
raw	PVP01_0810100	2493
raw	PVP01_0810200	2494
raw	PVP01_0810300	2495
raw	PVP01_0810500	2496
raw	PVP01_0810400	2497
raw	PVP01_0810600	2498
raw	PVP01_0810700	2499
raw	PVP01_0810800	2500
raw	PVP01_0810900	2501
raw	PVP01_0811100	2502
raw	PVP01_0811200	2503
raw	PVP01_0811300	2504
raw	PVP01_0811600	2505
raw	PVP01_0811700	2506
raw	PVP01_0811800	2507
raw	PVP01_0811900	2508
raw	PVP01_0812000	2509
raw	PVP01_0812100	2510
raw	PVP01_0812200	2511
raw	PVP01_0812300	2512
raw	PVP01_0812400	2513
raw	PVP01_0812500	2514
raw	PVP01_0812800	2515
raw	PVP01_0812900	2516
raw	PVP01_0813000	2517
raw	PVP01_0813100	2518
raw	PVP01_0813200	2519
raw	PVP01_0813300	2520
raw	PVP01_0813400	2521
raw	PVP01_0813500	2522
raw	PVP01_0813600	2523
raw	PVP01_0813700	2524
raw	PVP01_0813800	2525
raw	PVP01_0813900	2526
raw	PVP01_0814000	2527
raw	PVP01_0814100	2528
raw	PVP01_0814200	2529
raw	PVP01_0814400	2530
raw	PVP01_0814500	2531
raw	PVP01_0814600	2532
raw	PVP01_0814700	2533
raw	PVP01_0814800	2534
raw	PVP01_0815000	2535
raw	PVP01_0815100	2536
raw	PVP01_0815200	2537
raw	PVP01_0815300	2538
raw	PVP01_0815900	2539
raw	PVP01_0816000	2540
raw	PVP01_0816100	2541
raw	PVP01_0816200	2542
raw	PVP01_0816300	2543
raw	PVP01_0816400	2544
raw	PVP01_0816500	2545
raw	PVP01_0816600	2546
raw	PVP01_0816700	2547
raw	PVP01_0816800	2548
raw	PVP01_0816900	2549
raw	PVP01_0817100	2550
raw	PVP01_0817200	2551
raw	PVP01_0817300	2552
raw	PVP01_0817400	2553
raw	PVP01_0817500	2554
raw	PVP01_0817600	2555
raw	PVP01_0817700	2556
raw	PVP01_0817800	2557
raw	PVP01_0817900	2558
raw	PVP01_0818000	2559
raw	PVP01_0818100	2560
raw	PVP01_0818200	2561
raw	PVP01_0818300	2562
raw	PVP01_0818400	2563
raw	PVP01_0818500	2564
raw	PVP01_0818600	2565
raw	PVP01_0818800	2566
raw	PVP01_0818900	2567
raw	PVP01_0819000	2568
raw	PVP01_0819100	2569
raw	PVP01_0819200	2570
raw	PVP01_0819300	2571
raw	PVP01_0819500	2572
raw	PVP01_0819600	2573
raw	PVP01_0819700	2574
raw	PVP01_0819900	2575
raw	PVP01_0820100	2576
raw	PVP01_0820200	2577
raw	PVP01_0820300	2578
raw	PVP01_0820400	2579
raw	PVP01_0820500	2580
raw	PVP01_0820600	2581
raw	PVP01_0820700	2582
raw	PVP01_0820800	2583
raw	PVP01_0821200	2584
raw	PVP01_0821300	2585
raw	PVP01_0821400	2586
raw	PVP01_0821500	2587
raw	PVP01_0821600	2588
raw	PVP01_0821700	2589
raw	PVP01_0821800	2590
raw	PVP01_0821900	2591
raw	PVP01_0822000	2592
raw	PVP01_0822300	2593
raw	PVP01_0822400	2594
raw	PVP01_0822500	2595
raw	PVP01_0822600	2596
raw	PVP01_0822700	2597
raw	PVP01_0822800	2598
raw	PVP01_0822900	2599
raw	PVP01_0823000	2600
raw	PVP01_0823100	2601
raw	PVP01_0823200	2602
raw	PVP01_0823300	2603
raw	PVP01_0823400	2604
raw	PVP01_0823500	2605
raw	PVP01_0823700	2606
raw	PVP01_0823800	2607
raw	PVP01_0823900	2608
raw	PVP01_0824100	2609
raw	PVP01_0824200	2610
raw	PVP01_0824300	2611
raw	PVP01_0824400	2612
raw	PVP01_0824700	2613
raw	PVP01_0824800	2614
raw	PVP01_0825300	2615
raw	PVP01_0825400	2616
raw	PVP01_0825500	2617
raw	PVP01_0825600	2618
raw	PVP01_0825700	2619
raw	PVP01_0825800	2620
raw	PVP01_0825900	2621
raw	PVP01_0826000	2622
raw	PVP01_0826100	2623
raw	PVP01_0826200	2624
raw	PVP01_0826300	2625
raw	PVP01_0826400	2626
raw	PVP01_0826600	2627
raw	PVP01_0826900	2628
raw	PVP01_0827100	2629
raw	PVP01_0827200	2630
raw	PVP01_0827300	2631
raw	PVP01_0827400	2632
raw	PVP01_0828100	2633
raw	PVP01_0828200	2634
raw	PVP01_0828400	2635
raw	PVP01_0828500	2636
raw	PVP01_0828600	2637
raw	PVP01_0828700	2638
raw	PVP01_0828800	2639
raw	PVP01_0828900	2640
raw	PVP01_0829000	2641
raw	PVP01_0829100	2642
raw	PVP01_0829200	2643
raw	PVP01_0829300	2644
raw	PVP01_0829400	2645
raw	PVP01_0829500	2646
raw	PVP01_0829600	2647
raw	PVP01_0829700	2648
raw	PVP01_0830000	2649
raw	PVP01_0830100	2650
raw	PVP01_0830300	2651
raw	PVP01_0830400	2652
raw	PVP01_0830500	2653
raw	PVP01_0830600	2654
raw	PVP01_0831000	2655
raw	PVP01_0831100	2656
raw	PVP01_0831200	2657
raw	PVP01_0831300	2658
raw	PVP01_0831400	2659
raw	PVP01_0831500	2660
raw	PVP01_0831600	2661
raw	PVP01_0831700	2662
raw	PVP01_0831900	2663
raw	PVP01_0832000	2664
raw	PVP01_0832100	2665
raw	PVP01_0832200	2666
raw	PVP01_0832300	2667
raw	PVP01_0832500	2668
raw	PVP01_0832700	2669
raw	PVP01_0832800	2670
raw	PVP01_0832900	2671
raw	PVP01_0833100	2672
raw	PVP01_0833200	2673
raw	PVP01_0833400	2674
raw	PVP01_0833500	2675
raw	PVP01_0833600	2676
raw	PVP01_0833700	2677
raw	PVP01_0833800	2678
raw	PVP01_0833900	2679
raw	PVP01_0834000	2680
raw	PVP01_0834100	2681
raw	PVP01_0834300	2682
raw	PVP01_0834400	2683
raw	PVP01_0834600	2684
raw	PVP01_0834700	2685
raw	PVP01_0834800	2686
raw	PVP01_0834900	2687
raw	PVP01_0835000	2688
raw	PVP01_0835100	2689
raw	PVP01_0835200	2690
raw	PVP01_0835300	2691
raw	PVP01_0835400	2692
raw	PVP01_0835500	2693
raw	PVP01_0835600	2694
raw	PVP01_0835700	2695
raw	PVP01_0835800	2696
raw	PVP01_0835900	2697
raw	PVP01_0836000	2698
raw	PVP01_0836100	2699
raw	PVP01_0836200	2700
raw	PVP01_0836400	2701
raw	PVP01_0836500	2702
raw	PVP01_0836600	2703
raw	PVP01_0836700	2704
raw	PVP01_0836900	2705
raw	PVP01_0837000	2706
raw	PVP01_0837200	2707
raw	PVP01_0837300	2708
raw	PVP01_0837400	2709
raw	PVP01_0837500	2710
raw	PVP01_0837600	2711
raw	PVP01_0837700	2712
raw	PVP01_0837800	2713
raw	PVP01_0837900	2714
raw	PVP01_0838000	2715
raw	PVP01_1101900	2716
raw	PVP01_1102200	2717
raw	PVP01_1102300	2718
raw	PVP01_1102400	2719
raw	PVP01_1102500	2720
raw	PVP01_1102600	2721
raw	PVP01_1102700	2722
raw	PVP01_1102800	2723
raw	PVP01_1103100	2724
raw	PVP01_1103200	2725
raw	PVP01_1103400	2726
raw	PVP01_1103500	2727
raw	PVP01_1103600	2728
raw	PVP01_1103700	2729
raw	PVP01_1103800	2730
raw	PVP01_1103900	2731
raw	PVP01_1104000	2732
raw	PVP01_1104200	2733
raw	PVP01_1104300	2734
raw	PVP01_1104400	2735
raw	PVP01_1104500	2736
raw	PVP01_1104600	2737
raw	PVP01_1104700	2738
raw	PVP01_1104800	2739
raw	PVP01_1105100	2740
raw	PVP01_1105200	2741
raw	PVP01_1105300	2742
raw	PVP01_1105400	2743
raw	PVP01_1105500	2744
raw	PVP01_1105700	2745
raw	PVP01_1105800	2746
raw	PVP01_1105900	2747
raw	PVP01_1106000	2748
raw	PVP01_1106100	2749
raw	PVP01_1106200	2750
raw	PVP01_1106300	2751
raw	PVP01_1106400	2752
raw	PVP01_1106700	2753
raw	PVP01_1106900	2754
raw	PVP01_1107000	2755
raw	PVP01_1107100	2756
raw	PVP01_1107200	2757
raw	PVP01_1107300	2758
raw	PVP01_1107400	2759
raw	PVP01_1107500	2760
raw	PVP01_1107600	2761
raw	PVP01_1107700	2762
raw	PVP01_1107800	2763
raw	PVP01_1108000	2764
raw	PVP01_1108100	2765
raw	PVP01_1108200	2766
raw	PVP01_1108300	2767
raw	PVP01_1108500	2768
raw	PVP01_1108600	2769
raw	PVP01_1108700	2770
raw	PVP01_1108900	2771
raw	PVP01_1109100	2772
raw	PVP01_1109200	2773
raw	PVP01_1109300	2774
raw	PVP01_1109400	2775
raw	PVP01_1109600	2776
raw	PVP01_1109800	2777
raw	PVP01_1109900	2778
raw	PVP01_1110000	2779
raw	PVP01_1110100	2780
raw	PVP01_1110200	2781
raw	PVP01_1110300	2782
raw	PVP01_1110500	2783
raw	PVP01_1110600	2784
raw	PVP01_1110800	2785
raw	PVP01_1110900	2786
raw	PVP01_1111000	2787
raw	PVP01_1111100	2788
raw	PVP01_1111200	2789
raw	PVP01_1111300	2790
raw	PVP01_1111400	2791
raw	PVP01_1111500	2792
raw	PVP01_1111700	2793
raw	PVP01_1111800	2794
raw	PVP01_1112100	2795
raw	PVP01_1112200	2796
raw	PVP01_1112300	2797
raw	PVP01_1112400	2798
raw	PVP01_1112500	2799
raw	PVP01_1112600	2800
raw	PVP01_1112700	2801
raw	PVP01_1112800	2802
raw	PVP01_1112900	2803
raw	PVP01_1113000	2804
raw	PVP01_1113100	2805
raw	PVP01_1113200	2806
raw	PVP01_1113300	2807
raw	PVP01_1113400	2808
raw	PVP01_1113500	2809
raw	PVP01_1113600	2810
raw	PVP01_1113700	2811
raw	PVP01_1113800	2812
raw	PVP01_1114000	2813
raw	PVP01_1114100	2814
raw	PVP01_1114200	2815
raw	PVP01_1114300	2816
raw	PVP01_1114400	2817
raw	PVP01_1114500	2818
raw	PVP01_1114700	2819
raw	PVP01_1114800	2820
raw	PVP01_1114900	2821
raw	PVP01_1115000	2822
raw	PVP01_1115100	2823
raw	PVP01_1115200	2824
raw	PVP01_1115300	2825
raw	PVP01_1115400	2826
raw	PVP01_1115600	2827
raw	PVP01_1115800	2828
raw	PVP01_1115900	2829
raw	PVP01_1116200	2830
raw	PVP01_1116300	2831
raw	PVP01_1116400	2832
raw	PVP01_1116600	2833
raw	PVP01_1116700	2834
raw	PVP01_1116800	2835
raw	PVP01_1116900	2836
raw	PVP01_1117000	2837
raw	PVP01_1117100	2838
raw	PVP01_1117200	2839
raw	PVP01_1117300	2840
raw	PVP01_1117400	2841
raw	PVP01_1117500	2842
raw	PVP01_1117600	2843
raw	PVP01_1117700	2844
raw	PVP01_1118000	2845
raw	PVP01_1118100	2846
raw	PVP01_1118200	2847
raw	PVP01_1118300	2848
raw	PVP01_1118400	2849
raw	PVP01_1118500	2850
raw	PVP01_1118600	2851
raw	PVP01_1118700	2852
raw	PVP01_1118800	2853
raw	PVP01_1118900	2854
raw	PVP01_1119000	2855
raw	PVP01_1119100	2856
raw	PVP01_1119200	2857
raw	PVP01_1119300	2858
raw	PVP01_1119400	2859
raw	PVP01_1119500	2860
raw	PVP01_1119600	2861
raw	PVP01_1119700	2862
raw	PVP01_1119800	2863
raw	PVP01_1119900	2864
raw	PVP01_1120000	2865
raw	PVP01_1120100	2866
raw	PVP01_1120200	2867
raw	PVP01_1120300	2868
raw	PVP01_1120400	2869
raw	PVP01_1120600	2870
raw	PVP01_1121100	2871
raw	PVP01_1121200	2872
raw	PVP01_1121300	2873
raw	PVP01_1121400	2874
raw	PVP01_1121500	2875
raw	PVP01_1121600	2876
raw	PVP01_1121700	2877
raw	PVP01_1121800	2878
raw	PVP01_1122000	2879
raw	PVP01_1122200	2880
raw	PVP01_1122300	2881
raw	PVP01_1122400	2882
raw	PVP01_1122500	2883
raw	PVP01_1122600	2884
raw	PVP01_1122700	2885
raw	PVP01_1122900	2886
raw	PVP01_1123000	2887
raw	PVP01_1123100	2888
raw	PVP01_1123400	2889
raw	PVP01_1123500	2890
raw	PVP01_1123800	2891
raw	PVP01_1123900	2892
raw	PVP01_1124000	2893
raw	PVP01_1124100	2894
raw	PVP01_1124200	2895
raw	PVP01_1124300	2896
raw	PVP01_1124400	2897
raw	PVP01_1124500	2898
raw	PVP01_1124600	2899
raw	PVP01_1124700	2900
raw	PVP01_1124800	2901
raw	PVP01_1124900	2902
raw	PVP01_1125100	2903
raw	PVP01_1125200	2904
raw	PVP01_1125300	2905
raw	PVP01_1125400	2906
raw	PVP01_1125500	2907
raw	PVP01_1125600	2908
raw	PVP01_1125700	2909
raw	PVP01_1125800	2910
raw	PVP01_1125900	2911
raw	PVP01_1126000	2912
raw	PVP01_1126100	2913
raw	PVP01_1126200	2914
raw	PVP01_1126300	2915
raw	PVP01_1126400	2916
raw	PVP01_1126500	2917
raw	PVP01_1126600	2918
raw	PVP01_1126700	2919
raw	PVP01_1126800	2920
raw	PVP01_1126900	2921
raw	PVP01_1127000	2922
raw	PVP01_1127100	2923
raw	PVP01_1127200	2924
raw	PVP01_1127300	2925
raw	PVP01_1127500	2926
raw	PVP01_1127700	2927
raw	PVP01_1127900	2928
raw	PVP01_1128000	2929
raw	PVP01_1128300	2930
raw	PVP01_1128400	2931
raw	PVP01_1128500	2932
raw	PVP01_1128800	2933
raw	PVP01_1128900	2934
raw	PVP01_1129200	2935
raw	PVP01_1129300	2936
raw	PVP01_1129400	2937
raw	PVP01_1129500	2938
raw	PVP01_1129600	2939
raw	PVP01_1129700	2940
raw	PVP01_1129800	2941
raw	PVP01_1129900	2942
raw	PVP01_1130000	2943
raw	PVP01_1130100	2944
raw	PVP01_1130200	2945
raw	PVP01_1130300	2946
raw	PVP01_1130400	2947
raw	PVP01_1130500	2948
raw	PVP01_1130600	2949
raw	PVP01_1130700	2950
raw	PVP01_1130800	2951
raw	PVP01_1130900	2952
raw	PVP01_1131000	2953
raw	PVP01_1131200	2954
raw	PVP01_1131300	2955
raw	PVP01_1131600	2956
raw	PVP01_1131700	2957
raw	PVP01_1131800	2958
raw	PVP01_1131900	2959
raw	PVP01_1132000	2960
raw	PVP01_1132100	2961
raw	PVP01_1132200	2962
raw	PVP01_1132400	2963
raw	PVP01_1132500	2964
raw	PVP01_1132600	2965
raw	PVP01_1132700	2966
raw	PVP01_1132900	2967
raw	PVP01_1132800	2968
raw	PVP01_1133000	2969
raw	PVP01_1133100	2970
raw	PVP01_1133300	2971
raw	PVP01_1133400	2972
raw	PVP01_1133500	2973
raw	PVP01_1133600	2974
raw	PVP01_1133700	2975
raw	PVP01_1133800	2976
raw	PVP01_1133900	2977
raw	PVP01_1134000	2978
raw	PVP01_1134100	2979
raw	PVP01_1134200	2980
raw	PVP01_1134300	2981
raw	PVP01_1134400	2982
raw	PVP01_1134500	2983
raw	PVP01_1134600	2984
raw	PVP01_1134700	2985
raw	PVP01_1134800	2986
raw	PVP01_1134900	2987
raw	PVP01_1135000	2988
raw	PVP01_1135100	2989
raw	PVP01_1135200	2990
raw	PVP01_1135300	2991
raw	PVP01_1135400	2992
raw	PVP01_1135500	2993
raw	PVP01_1135600	2994
raw	PVP01_1135700	2995
raw	PVP01_1135800	2996
raw	PVP01_1136000	2997
raw	PVP01_1136100	2998
raw	PVP01_1136200	2999
raw	PVP01_1136300	3000
raw	PVP01_1136600	3001
raw	PVP01_1136900	3002
raw	PVP01_1137000	3003
raw	PVP01_1137100	3004
raw	PVP01_1137200	3005
raw	PVP01_1137400	3006
raw	PVP01_1137600	3007
raw	PVP01_1137700	3008
raw	PVP01_1137800	3009
raw	PVP01_1137900	3010
raw	PVP01_1138200	3011
raw	PVP01_1138300	3012
raw	PVP01_1138400	3013
raw	PVP01_1138500	3014
raw	PVP01_1138600	3015
raw	PVP01_1138800	3016
raw	PVP01_1138900	3017
raw	PVP01_1139000	3018
raw	PVP01_1139200	3019
raw	PVP01_1139300	3020
raw	PVP01_1139400	3021
raw	PVP01_1139500	3022
raw	PVP01_1139600	3023
raw	PVP01_1139800	3024
raw	PVP01_1139900	3025
raw	PVP01_1140100	3026
raw	PVP01_1140300	3027
raw	PVP01_1140500	3028
raw	PVP01_1140600	3029
raw	PVP01_1140800	3030
raw	PVP01_1140900	3031
raw	PVP01_1141000	3032
raw	PVP01_1141100	3033
raw	PVP01_1141200	3034
raw	PVP01_1141300	3035
raw	PVP01_1141400	3036
raw	PVP01_1141500	3037
raw	PVP01_1141600	3038
raw	PVP01_1141700	3039
raw	PVP01_1141800	3040
raw	PVP01_1141900	3041
raw	PVP01_1142100	3042
raw	PVP01_1142200	3043
raw	PVP01_1142300	3044
raw	PVP01_1142400	3045
raw	PVP01_1142500	3046
raw	PVP01_1142600	3047
raw	PVP01_1142700	3048
raw	PVP01_1142800	3049
raw	PVP01_1142900	3050
raw	PVP01_1143000	3051
raw	PVP01_1143100	3052
raw	PVP01_1143300	3053
raw	PVP01_1143400	3054
raw	PVP01_1143500	3055
raw	PVP01_1143600	3056
raw	PVP01_1143700	3057
raw	PVP01_1143800	3058
raw	PVP01_1143900	3059
raw	PVP01_1144000	3060
raw	PVP01_1144200	3061
raw	PVP01_1144300	3062
raw	PVP01_1144400	3063
raw	PVP01_1144500	3064
raw	PVP01_1144600	3065
raw	PVP01_1144700	3066
raw	PVP01_1144800	3067
raw	PVP01_1145300	3068
raw	PVP01_1145400	3069
raw	PVP01_1145500	3070
raw	PVP01_1145600	3071
raw	PVP01_1145700	3072
raw	PVP01_1145800	3073
raw	PVP01_1145900	3074
raw	PVP01_1146000	3075
raw	PVP01_1146100	3076
raw	PVP01_1146200	3077
raw	PVP01_1146300	3078
raw	PVP01_1146400	3079
raw	PVP01_1146500	3080
raw	PVP01_1146700	3081
raw	PVP01_1146800	3082
raw	PVP01_1146900	3083
raw	PVP01_0601200	3084
raw	PVP01_0601600	3085
raw	PVP01_0601700	3086
raw	PVP01_0601900	3087
raw	PVP01_0602000	3088
raw	PVP01_0602100	3089
raw	PVP01_0602200	3090
raw	PVP01_0602300	3091
raw	PVP01_0602400	3092
raw	PVP01_0602500	3093
raw	PVP01_0602600	3094
raw	PVP01_0602700	3095
raw	PVP01_0602800	3096
raw	PVP01_0602900	3097
raw	PVP01_0603000	3098
raw	PVP01_0603200	3099
raw	PVP01_0603300	3100
raw	PVP01_0603400	3101
raw	PVP01_0603500	3102
raw	PVP01_0603550	3103
raw	PVP01_0603600	3104
raw	PVP01_0603700	3105
raw	PVP01_0603800	3106
raw	PVP01_0603900	3107
raw	PVP01_0604100	3108
raw	PVP01_0604300	3109
raw	PVP01_0604400	3110
raw	PVP01_0604500	3111
raw	PVP01_0604600	3112
raw	PVP01_0604700	3113
raw	PVP01_0604800	3114
raw	PVP01_0604900	3115
raw	PVP01_0605200	3116
raw	PVP01_0605500	3117
raw	PVP01_0605600	3118
raw	PVP01_0605800	3119
raw	PVP01_0605900	3120
raw	PVP01_0606000	3121
raw	PVP01_0606100	3122
raw	PVP01_0606200	3123
raw	PVP01_0606300	3124
raw	PVP01_0606400	3125
raw	PVP01_0606500	3126
raw	PVP01_0606600	3127
raw	PVP01_0606800	3128
raw	PVP01_0606900	3129
raw	PVP01_0607000	3130
raw	PVP01_0607200	3131
raw	PVP01_0607500	3132
raw	PVP01_0607600	3133
raw	PVP01_0607700	3134
raw	PVP01_0607800	3135
raw	PVP01_0607900	3136
raw	PVP01_0608000	3137
raw	PVP01_0608100	3138
raw	PVP01_0608500	3139
raw	PVP01_0608600	3140
raw	PVP01_0608700	3141
raw	PVP01_0608800	3142
raw	PVP01_0609000	3143
raw	PVP01_0609100	3144
raw	PVP01_0609200	3145
raw	PVP01_0609300	3146
raw	PVP01_0609400	3147
raw	PVP01_0609700	3148
raw	PVP01_0609800	3149
raw	PVP01_0609900	3150
raw	PVP01_0610000	3151
raw	PVP01_0610200	3152
raw	PVP01_0610300	3153
raw	PVP01_0610400	3154
raw	PVP01_0610500	3155
raw	PVP01_0610600	3156
raw	PVP01_0610700	3157
raw	PVP01_0610800	3158
raw	PVP01_0611000	3159
raw	PVP01_0611100	3160
raw	PVP01_0611200	3161
raw	PVP01_0611300	3162
raw	PVP01_0611400	3163
raw	PVP01_0611500	3164
raw	PVP01_0611700	3165
raw	PVP01_0611800	3166
raw	PVP01_0612200	3167
raw	PVP01_0612300	3168
raw	PVP01_0612400	3169
raw	PVP01_0612700	3170
raw	PVP01_0612900	3171
raw	PVP01_0613000	3172
raw	PVP01_0613100	3173
raw	PVP01_0613300	3174
raw	PVP01_0613400	3175
raw	PVP01_0613500	3176
raw	PVP01_0613600	3177
raw	PVP01_0613700	3178
raw	PVP01_0613800	3179
raw	PVP01_0613900	3180
raw	PVP01_0614000	3181
raw	PVP01_0614100	3182
raw	PVP01_0614200	3183
raw	PVP01_0614300	3184
raw	PVP01_0614500	3185
raw	PVP01_0614600	3186
raw	PVP01_0614700	3187
raw	PVP01_0614800	3188
raw	PVP01_0614900	3189
raw	PVP01_0615000	3190
raw	PVP01_0615100	3191
raw	PVP01_0615200	3192
raw	PVP01_0615300	3193
raw	PVP01_0615400	3194
raw	PVP01_0615500	3195
raw	PVP01_0615800	3196
raw	PVP01_0615900	3197
raw	PVP01_0616000	3198
raw	PVP01_0616200	3199
raw	PVP01_0616300	3200
raw	PVP01_0616400	3201
raw	PVP01_0616500	3202
raw	PVP01_0616600	3203
raw	PVP01_0616700	3204
raw	PVP01_0616800	3205
raw	PVP01_0616900	3206
raw	PVP01_0617000	3207
raw	PVP01_0617200	3208
raw	PVP01_0617300	3209
raw	PVP01_0617400	3210
raw	PVP01_0617500	3211
raw	PVP01_0617600	3212
raw	PVP01_0617700	3213
raw	PVP01_0617800	3214
raw	PVP01_0617900	3215
raw	PVP01_0618000	3216
raw	PVP01_0618100	3217
raw	PVP01_0618200	3218
raw	PVP01_0618300	3219
raw	PVP01_0618400	3220
raw	PVP01_0618500	3221
raw	PVP01_0618600	3222
raw	PVP01_0618800	3223
raw	PVP01_0618900	3224
raw	PVP01_0619000	3225
raw	PVP01_0619100	3226
raw	PVP01_0619200	3227
raw	PVP01_0619300	3228
raw	PVP01_0619500	3229
raw	PVP01_0619600	3230
raw	PVP01_0619700	3231
raw	PVP01_0619800	3232
raw	PVP01_0619900	3233
raw	PVP01_0620000	3234
raw	PVP01_0620100	3235
raw	PVP01_0620200	3236
raw	PVP01_0620300	3237
raw	PVP01_0620400	3238
raw	PVP01_0621000	3239
raw	PVP01_0621100	3240
raw	PVP01_0621200	3241
raw	PVP01_0621300	3242
raw	PVP01_0621600	3243
raw	PVP01_0621700	3244
raw	PVP01_0621800	3245
raw	PVP01_0621900	3246
raw	PVP01_0622000	3247
raw	PVP01_0622100	3248
raw	PVP01_0622200	3249
raw	PVP01_0622300	3250
raw	PVP01_0622400	3251
raw	PVP01_0622500	3252
raw	PVP01_0622600	3253
raw	PVP01_0622700	3254
raw	PVP01_MIT02700	3255
raw	PVP01_MIT03300	3256
raw	PVP01_MIT03400	3257
raw	PVP01_0302100	3258
raw	PVP01_0302300	3259
raw	PVP01_0302400	3260
raw	PVP01_0302500	3261
raw	PVP01_0302600	3262
raw	PVP01_0302700	3263
raw	PVP01_0302900	3264
raw	PVP01_0303100	3265
raw	PVP01_0303200	3266
raw	PVP01_0303300	3267
raw	PVP01_0303400	3268
raw	PVP01_0303600	3269
raw	PVP01_0303700	3270
raw	PVP01_0303800	3271
raw	PVP01_0303900	3272
raw	PVP01_0304000	3273
raw	PVP01_0304100	3274
raw	PVP01_0304200	3275
raw	PVP01_0304300	3276
raw	PVP01_0304400	3277
raw	PVP01_0304500	3278
raw	PVP01_0304600	3279
raw	PVP01_0304700	3280
raw	PVP01_0304800	3281
raw	PVP01_0304900	3282
raw	PVP01_0305000	3283
raw	PVP01_0305100	3284
raw	PVP01_0305200	3285
raw	PVP01_0305300	3286
raw	PVP01_0305400	3287
raw	PVP01_0305500	3288
raw	PVP01_0305700	3289
raw	PVP01_0305800	3290
raw	PVP01_0306000	3291
raw	PVP01_0306100	3292
raw	PVP01_0306200	3293
raw	PVP01_0306400	3294
raw	PVP01_0306500	3295
raw	PVP01_0306600	3296
raw	PVP01_0306700	3297
raw	PVP01_0307000	3298
raw	PVP01_0307100	3299
raw	PVP01_0307200	3300
raw	PVP01_0307300	3301
raw	PVP01_0307400	3302
raw	PVP01_0307500	3303
raw	PVP01_0307600	3304
raw	PVP01_0307700	3305
raw	PVP01_0307800	3306
raw	PVP01_0307900	3307
raw	PVP01_0308000	3308
raw	PVP01_0308100	3309
raw	PVP01_0308200	3310
raw	PVP01_0308300	3311
raw	PVP01_0308400	3312
raw	PVP01_0308500	3313
raw	PVP01_0308700	3314
raw	PVP01_0308800	3315
raw	PVP01_0308900	3316
raw	PVP01_0309000	3317
raw	PVP01_0309100	3318
raw	PVP01_0309200	3319
raw	PVP01_0309300	3320
raw	PVP01_0309500	3321
raw	PVP01_0309600	3322
raw	PVP01_0309700	3323
raw	PVP01_0309800	3324
raw	PVP01_0309900	3325
raw	PVP01_0310000	3326
raw	PVP01_0310100	3327
raw	PVP01_0310200	3328
raw	PVP01_0310300	3329
raw	PVP01_0310400	3330
raw	PVP01_0310500	3331
raw	PVP01_0310600	3332
raw	PVP01_0310700	3333
raw	PVP01_0310800	3334
raw	PVP01_0311400	3335
raw	PVP01_0311500	3336
raw	PVP01_0311700	3337
raw	PVP01_0311800	3338
raw	PVP01_0311900	3339
raw	PVP01_0312100	3340
raw	PVP01_0312200	3341
raw	PVP01_0312300	3342
raw	PVP01_0312400	3343
raw	PVP01_0312600	3344
raw	PVP01_0312700	3345
raw	PVP01_0312800	3346
raw	PVP01_0312900	3347
raw	PVP01_0313000	3348
raw	PVP01_0313100	3349
raw	PVP01_0313200	3350
raw	PVP01_0313300	3351
raw	PVP01_0313400	3352
raw	PVP01_0313500	3353
raw	PVP01_0313700	3354
raw	PVP01_0313800	3355
raw	PVP01_0314000	3356
raw	PVP01_0314100	3357
raw	PVP01_0314200	3358
raw	PVP01_0314300	3359
raw	PVP01_0314400	3360
raw	PVP01_0314500	3361
raw	PVP01_0314600	3362
raw	PVP01_0314700	3363
raw	PVP01_0314800	3364
raw	PVP01_0314900	3365
raw	PVP01_0315200	3366
raw	PVP01_0315300	3367
raw	PVP01_0315400	3368
raw	PVP01_0315500	3369
raw	PVP01_0315700	3370
raw	PVP01_0315800	3371
raw	PVP01_0315900	3372
raw	PVP01_0316000	3373
raw	PVP01_0316100	3374
raw	PVP01_0316200	3375
raw	PVP01_0316300	3376
raw	PVP01_0316400	3377
raw	PVP01_0316500	3378
raw	PVP01_0316600	3379
raw	PVP01_0316800	3380
raw	PVP01_0316900	3381
raw	PVP01_0317000	3382
raw	PVP01_0317100	3383
raw	PVP01_0317200	3384
raw	PVP01_0317400	3385
raw	PVP01_0317500	3386
raw	PVP01_0317600	3387
raw	PVP01_0317700	3388
raw	PVP01_0317800	3389
raw	PVP01_0317900	3390
raw	PVP01_0318000	3391
raw	PVP01_0318100	3392
raw	PVP01_0318200	3393
raw	PVP01_0318300	3394
raw	PVP01_0318400	3395
raw	PVP01_0318500	3396
raw	PVP01_0318600	3397
raw	PVP01_0318700	3398
raw	PVP01_0318800	3399
raw	PVP01_0318900	3400
raw	PVP01_0319000	3401
raw	PVP01_0319100	3402
raw	PVP01_0319300	3403
raw	PVP01_0319400	3404
raw	PVP01_0319500	3405
raw	PVP01_0319700	3406
raw	PVP01_0319800	3407
raw	PVP01_0319900	3408
raw	PVP01_0320000	3409
raw	PVP01_0320100	3410
raw	PVP01_0320200	3411
raw	PVP01_0320300	3412
raw	PVP01_0320400	3413
raw	PVP01_0320500	3414
raw	PVP01_0320900	3415
raw	PVP01_0321000	3416
raw	PVP01_0321100	3417
raw	PVP01_0504400	3418
raw	PVP01_0504800	3419
raw	PVP01_0504900	3420
raw	PVP01_0505000	3421
raw	PVP01_0505100	3422
raw	PVP01_0505200	3423
raw	PVP01_0505300	3424
raw	PVP01_0505400	3425
raw	PVP01_0505500	3426
raw	PVP01_0505600	3427
raw	PVP01_0505700	3428
raw	PVP01_0505800	3429
raw	PVP01_0505900	3430
raw	PVP01_0506000	3431
raw	PVP01_0506100	3432
raw	PVP01_0506200	3433
raw	PVP01_0506500	3434
raw	PVP01_0506700	3435
raw	PVP01_0506800	3436
raw	PVP01_0507100	3437
raw	PVP01_0507200	3438
raw	PVP01_0507400	3439
raw	PVP01_0507500	3440
raw	PVP01_0507600	3441
raw	PVP01_0507700	3442
raw	PVP01_0507800	3443
raw	PVP01_0507900	3444
raw	PVP01_0508000	3445
raw	PVP01_0508100	3446
raw	PVP01_0508200	3447
raw	PVP01_0508300	3448
raw	PVP01_0508700	3449
raw	PVP01_0508800	3450
raw	PVP01_0508900	3451
raw	PVP01_0509000	3452
raw	PVP01_0509100	3453
raw	PVP01_0509300	3454
raw	PVP01_0509400	3455
raw	PVP01_0509500	3456
raw	PVP01_0509600	3457
raw	PVP01_0509700	3458
raw	PVP01_0509800	3459
raw	PVP01_0509900	3460
raw	PVP01_0510100	3461
raw	PVP01_0510400	3462
raw	PVP01_0510500	3463
raw	PVP01_0510600	3464
raw	PVP01_0511000	3465
raw	PVP01_0511100	3466
raw	PVP01_0511200	3467
raw	PVP01_0511400	3468
raw	PVP01_0511500	3469
raw	PVP01_0511600	3470
raw	PVP01_0511700	3471
raw	PVP01_0511800	3472
raw	PVP01_0511900	3473
raw	PVP01_0512000	3474
raw	PVP01_0512100	3475
raw	PVP01_0512200	3476
raw	PVP01_0512300	3477
raw	PVP01_0512400	3478
raw	PVP01_0512500	3479
raw	PVP01_0512600	3480
raw	PVP01_0512700	3481
raw	PVP01_0512900	3482
raw	PVP01_0513000	3483
raw	PVP01_0513100	3484
raw	PVP01_0513200	3485
raw	PVP01_0513300	3486
raw	PVP01_0513500	3487
raw	PVP01_0513600	3488
raw	PVP01_0513700	3489
raw	PVP01_0513800	3490
raw	PVP01_0513900	3491
raw	PVP01_0514000	3492
raw	PVP01_0514100	3493
raw	PVP01_0514200	3494
raw	PVP01_0514400	3495
raw	PVP01_0514500	3496
raw	PVP01_0514600	3497
raw	PVP01_0514700	3498
raw	PVP01_0514800	3499
raw	PVP01_0515300	3500
raw	PVP01_0515400	3501
raw	PVP01_0515500	3502
raw	PVP01_0515600	3503
raw	PVP01_0516600	3504
raw	PVP01_0516700	3505
raw	PVP01_0516800	3506
raw	PVP01_0516900	3507
raw	PVP01_0517000	3508
raw	PVP01_0517100	3509
raw	PVP01_0517200	3510
raw	PVP01_0517300	3511
raw	PVP01_0517400	3512
raw	PVP01_0517500	3513
raw	PVP01_0517600	3514
raw	PVP01_0517700	3515
raw	PVP01_0518000	3516
raw	PVP01_0518100	3517
raw	PVP01_0518200	3518
raw	PVP01_0518300	3519
raw	PVP01_0518600	3520
raw	PVP01_0518500	3521
raw	PVP01_0518700	3522
raw	PVP01_0518800	3523
raw	PVP01_0518900	3524
raw	PVP01_0519000	3525
raw	PVP01_0519100	3526
raw	PVP01_0519200	3527
raw	PVP01_0519300	3528
raw	PVP01_0519500	3529
raw	PVP01_0519800	3530
raw	PVP01_0520300	3531
raw	PVP01_0520500	3532
raw	PVP01_0520800	3533
raw	PVP01_0520900	3534
raw	PVP01_0521000	3535
raw	PVP01_0521100	3536
raw	PVP01_0521200	3537
raw	PVP01_0521300	3538
raw	PVP01_0521400	3539
raw	PVP01_0521500	3540
raw	PVP01_0521600	3541
raw	PVP01_0521900	3542
raw	PVP01_0522000	3543
raw	PVP01_0522200	3544
raw	PVP01_0522300	3545
raw	PVP01_0522400	3546
raw	PVP01_0522500	3547
raw	PVP01_0522600	3548
raw	PVP01_0522700	3549
raw	PVP01_0523400	3550
raw	PVP01_0524100	3551
raw	PVP01_0524500	3552
raw	PVP01_0525200	3553
raw	PVP01_0525300	3554
raw	PVP01_0525800	3555
raw	PVP01_0525900	3556
raw	PVP01_0526000	3557
raw	PVP01_0526100	3558
raw	PVP01_0526200	3559
raw	PVP01_0526300	3560
raw	PVP01_0526400	3561
raw	PVP01_0526500	3562
raw	PVP01_0526600	3563
raw	PVP01_0526700	3564
raw	PVP01_0526800	3565
raw	PVP01_0526900	3566
raw	PVP01_0527000	3567
raw	PVP01_0527100	3568
raw	PVP01_0527200	3569
raw	PVP01_0527300	3570
raw	PVP01_0527400	3571
raw	PVP01_0527500	3572
raw	PVP01_0527600	3573
raw	PVP01_0527700	3574
raw	PVP01_0527800	3575
raw	PVP01_0527900	3576
raw	PVP01_0528100	3577
raw	PVP01_0528200	3578
raw	PVP01_0528300	3579
raw	PVP01_0528700	3580
raw	PVP01_0528500	3581
raw	PVP01_0528600	3582
raw	PVP01_0528800	3583
raw	PVP01_0528900	3584
raw	PVP01_0529000	3585
raw	PVP01_0529100	3586
raw	PVP01_0529200	3587
raw	PVP01_0529300	3588
raw	PVP01_0529400	3589
raw	PVP01_0529600	3590
raw	PVP01_0529700	3591
raw	PVP01_0529800	3592
raw	PVP01_0530000	3593
raw	PVP01_0529900	3594
raw	PVP01_0530100	3595
raw	PVP01_0530200	3596
raw	PVP01_0530300	3597
raw	PVP01_0530500	3598
raw	PVP01_0530600	3599
raw	PVP01_0530700	3600
raw	PVP01_0530800	3601
raw	PVP01_0530900	3602
raw	PVP01_0531000	3603
raw	PVP01_0531100	3604
raw	PVP01_0531300	3605
raw	PVP01_0531400	3606
raw	PVP01_0531600	3607
raw	PVP01_0531700	3608
raw	PVP01_0531800	3609
raw	PVP01_0531900	3610
raw	PVP01_0532000	3611
raw	PVP01_0532100	3612
raw	PVP01_0532200	3613
raw	PVP01_0532300	3614
raw	PVP01_0532800	3615
raw	PVP01_0533000	3616
raw	PVP01_0701100	3617
raw	PVP01_0701300	3618
raw	PVP01_0701400	3619
raw	PVP01_0701500	3620
raw	PVP01_0701600	3621
raw	PVP01_0701700	3622
raw	PVP01_0701800	3623
raw	PVP01_0701900	3624
raw	PVP01_0702000	3625
raw	PVP01_0702100	3626
raw	PVP01_0702400	3627
raw	PVP01_0702500	3628
raw	PVP01_0702600	3629
raw	PVP01_0703000	3630
raw	PVP01_0703100	3631
raw	PVP01_0703200	3632
raw	PVP01_0703300	3633
raw	PVP01_0703500	3634
raw	PVP01_0703600	3635
raw	PVP01_0703900	3636
raw	PVP01_0704000	3637
raw	PVP01_0704200	3638
raw	PVP01_0704300	3639
raw	PVP01_0704400	3640
raw	PVP01_0704500	3641
raw	PVP01_0704600	3642
raw	PVP01_0704700	3643
raw	PVP01_0704800	3644
raw	PVP01_0704900	3645
raw	PVP01_0705100	3646
raw	PVP01_0705500	3647
raw	PVP01_0705600	3648
raw	PVP01_0705700	3649
raw	PVP01_0705800	3650
raw	PVP01_0705900	3651
raw	PVP01_0706000	3652
raw	PVP01_0706100	3653
raw	PVP01_0706200	3654
raw	PVP01_0706300	3655
raw	PVP01_0706400	3656
raw	PVP01_0706500	3657
raw	PVP01_0706600	3658
raw	PVP01_0706700	3659
raw	PVP01_0706800	3660
raw	PVP01_0706900	3661
raw	PVP01_0707000	3662
raw	PVP01_0707100	3663
raw	PVP01_0707200	3664
raw	PVP01_0707400	3665
raw	PVP01_0707500	3666
raw	PVP01_0707600	3667
raw	PVP01_0707700	3668
raw	PVP01_0707800	3669
raw	PVP01_0707900	3670
raw	PVP01_0708000	3671
raw	PVP01_0708100	3672
raw	PVP01_0708200	3673
raw	PVP01_0708600	3674
raw	PVP01_0708700	3675
raw	PVP01_0708800	3676
raw	PVP01_0708900	3677
raw	PVP01_0709000	3678
raw	PVP01_0709100	3679
raw	PVP01_0709200	3680
raw	PVP01_0709300	3681
raw	PVP01_0709500	3682
raw	PVP01_0709600	3683
raw	PVP01_0709700	3684
raw	PVP01_0709800	3685
raw	PVP01_0709900	3686
raw	PVP01_0710000	3687
raw	PVP01_0710200	3688
raw	PVP01_0710300	3689
raw	PVP01_0710400	3690
raw	PVP01_0710500	3691
raw	PVP01_0710600	3692
raw	PVP01_0710700	3693
raw	PVP01_0710800	3694
raw	PVP01_0710900	3695
raw	PVP01_0711100	3696
raw	PVP01_0711200	3697
raw	PVP01_0711300	3698
raw	PVP01_0711400	3699
raw	PVP01_0711600	3700
raw	PVP01_0711700	3701
raw	PVP01_0711800	3702
raw	PVP01_0711900	3703
raw	PVP01_0712000	3704
raw	PVP01_0712100	3705
raw	PVP01_0712200	3706
raw	PVP01_0712300	3707
raw	PVP01_0712400	3708
raw	PVP01_0712500	3709
raw	PVP01_0712600	3710
raw	PVP01_0712700	3711
raw	PVP01_0712800	3712
raw	PVP01_0712900	3713
raw	PVP01_0713000	3714
raw	PVP01_0713100	3715
raw	PVP01_0713200	3716
raw	PVP01_0713300	3717
raw	PVP01_0713400	3718
raw	PVP01_0713500	3719
raw	PVP01_0713600	3720
raw	PVP01_0713700	3721
raw	PVP01_0713800	3722
raw	PVP01_0714000	3723
raw	PVP01_0714100	3724
raw	PVP01_0714200	3725
raw	PVP01_0714300	3726
raw	PVP01_0714400	3727
raw	PVP01_0714500	3728
raw	PVP01_0714600	3729
raw	PVP01_0714700	3730
raw	PVP01_0714800	3731
raw	PVP01_0714900	3732
raw	PVP01_0715000	3733
raw	PVP01_0715100	3734
raw	PVP01_0715200	3735
raw	PVP01_0715300	3736
raw	PVP01_0715400	3737
raw	PVP01_0715500	3738
raw	PVP01_0715600	3739
raw	PVP01_0715900	3740
raw	PVP01_0716100	3741
raw	PVP01_0716300	3742
raw	PVP01_0716400	3743
raw	PVP01_0716500	3744
raw	PVP01_0716600	3745
raw	PVP01_0716800	3746
raw	PVP01_0716900	3747
raw	PVP01_0717000	3748
raw	PVP01_0717100	3749
raw	PVP01_0717200	3750
raw	PVP01_0717300	3751
raw	PVP01_0717400	3752
raw	PVP01_0717500	3753
raw	PVP01_0717600	3754
raw	PVP01_0717800	3755
raw	PVP01_0717900	3756
raw	PVP01_0718000	3757
raw	PVP01_0718200	3758
raw	PVP01_0718300	3759
raw	PVP01_0718400	3760
raw	PVP01_0718500	3761
raw	PVP01_0718600	3762
raw	PVP01_0718700	3763
raw	PVP01_0718800	3764
raw	PVP01_0718900	3765
raw	PVP01_0719000	3766
raw	PVP01_0719100	3767
raw	PVP01_0719200	3768
raw	PVP01_0719300	3769
raw	PVP01_0719400	3770
raw	PVP01_0719500	3771
raw	PVP01_0719600	3772
raw	PVP01_0719700	3773
raw	PVP01_0719800	3774
raw	PVP01_0720100	3775
raw	PVP01_0720200	3776
raw	PVP01_0720300	3777
raw	PVP01_0720400	3778
raw	PVP01_0720500	3779
raw	PVP01_0720600	3780
raw	PVP01_0720700	3781
raw	PVP01_0720800	3782
raw	PVP01_0721100	3783
raw	PVP01_0721200	3784
raw	PVP01_0721300	3785
raw	PVP01_0721400	3786
raw	PVP01_0721500	3787
raw	PVP01_0721600	3788
raw	PVP01_0721900	3789
raw	PVP01_0722000	3790
raw	PVP01_0722100	3791
raw	PVP01_0722200	3792
raw	PVP01_0722300	3793
raw	PVP01_0722400	3794
raw	PVP01_0722500	3795
raw	PVP01_0722600	3796
raw	PVP01_0722700	3797
raw	PVP01_0722800	3798
raw	PVP01_0722900	3799
raw	PVP01_0723000	3800
raw	PVP01_0723100	3801
raw	PVP01_0723300	3802
raw	PVP01_0723400	3803
raw	PVP01_0723500	3804
raw	PVP01_0723600	3805
raw	PVP01_0723700	3806
raw	PVP01_0723800	3807
raw	PVP01_0723900	3808
raw	PVP01_0724000	3809
raw	PVP01_0724100	3810
raw	PVP01_0724200	3811
raw	PVP01_0724300	3812
raw	PVP01_0724400	3813
raw	PVP01_0724500	3814
raw	PVP01_0724600	3815
raw	PVP01_0724700	3816
raw	PVP01_0724800	3817
raw	PVP01_0724900	3818
raw	PVP01_0725000	3819
raw	PVP01_0725100	3820
raw	PVP01_0725200	3821
raw	PVP01_0725400	3822
raw	PVP01_0725500	3823
raw	PVP01_0725600	3824
raw	PVP01_0725700	3825
raw	PVP01_0725800	3826
raw	PVP01_0725900	3827
raw	PVP01_0726000	3828
raw	PVP01_0726100	3829
raw	PVP01_0726200	3830
raw	PVP01_0726300	3831
raw	PVP01_0726400	3832
raw	PVP01_0726500	3833
raw	PVP01_0726600	3834
raw	PVP01_0726650	3835
raw	PVP01_0726700	3836
raw	PVP01_0726800	3837
raw	PVP01_0727000	3838
raw	PVP01_0726900	3839
raw	PVP01_0727300	3840
raw	PVP01_0727400	3841
raw	PVP01_0727500	3842
raw	PVP01_0727600	3843
raw	PVP01_0727700	3844
raw	PVP01_0727900	3845
raw	PVP01_0728100	3846
raw	PVP01_0728200	3847
raw	PVP01_0728300	3848
raw	PVP01_0728400	3849
raw	PVP01_0728500	3850
raw	PVP01_0728600	3851
raw	PVP01_0728700	3852
raw	PVP01_0728800	3853
raw	PVP01_0728900	3854
raw	PVP01_0729000	3855
raw	PVP01_0729100	3856
raw	PVP01_0729200	3857
raw	PVP01_0729300	3858
raw	PVP01_0729400	3859
raw	PVP01_0729600	3860
raw	PVP01_0729700	3861
raw	PVP01_0729800	3862
raw	PVP01_0729900	3863
raw	PVP01_0730100	3864
raw	PVP01_0730200	3865
raw	PVP01_0730500	3866
raw	PVP01_0730700	3867
raw	PVP01_0730800	3868
raw	PVP01_0730900	3869
raw	PVP01_0731000	3870
raw	PVP01_0731200	3871
raw	PVP01_0731300	3872
raw	PVP01_0731400	3873
raw	PVP01_0731500	3874
raw	PVP01_0731600	3875
raw	PVP01_0731700	3876
raw	PVP01_0731800	3877
raw	PVP01_0731900	3878
raw	PVP01_0732100	3879
raw	PVP01_0732300	3880
raw	PVP01_0732400	3881
raw	PVP01_0732500	3882
raw	PVP01_0732800	3883
raw	PVP01_0733100	3884
raw	PVP01_0733200	3885
raw	PVP01_0733300	3886
raw	PVP01_0733400	3887
raw	PVP01_0733500	3888
raw	PVP01_0733600	3889
raw	PVP01_0733800	3890
raw	PVP01_0733900	3891
raw	PVP01_0734000	3892
raw	PVP01_0734200	3893
raw	PVP01_0734300	3894
raw	PVP01_0734400	3895
raw	PVP01_0734800	3896
raw	PVP01_0734900	3897
raw	PVP01_0735000	3898
raw	PVP01_0004280	3899
raw	PVP01_0009740	3900
raw	PVP01_0004920	3901
raw	PVP01_0002530	3902
raw	PVP01_0201100	3903
raw	PVP01_0201600	3904
raw	PVP01_0201700	3905
raw	PVP01_0201800	3906
raw	PVP01_0203600	3907
raw	PVP01_0208100	3908
raw	PVP01_0208200	3909
raw	PVP01_0209100	3910
raw	PVP01_0209200	3911
raw	PVP01_0209800	3912
raw	PVP01_0210000	3913
raw	PVP01_0210100	3914
raw	PVP01_0212500	3915
raw	PVP01_0213500	3916
raw	PVP01_0214100	3917
raw	PVP01_0102700	3918
raw	PVP01_0104900	3919
raw	PVP01_0107600	3920
raw	PVP01_0108200	3921
raw	PVP01_0111800	3922
raw	PVP01_0113100	3923
raw	PVP01_0115100	3924
raw	PVP01_0115800	3925
raw	PVP01_0116400	3926
raw	PVP01_0118200	3927
raw	PVP01_0122000	3928
raw	PVP01_1002600	3929
raw	PVP01_1004700	3930
raw	PVP01_1005300	3931
raw	PVP01_1005800	3932
raw	PVP01_1005900	3933
raw	PVP01_1006000	3934
raw	PVP01_1007000	3935
raw	PVP01_1009800	3936
raw	PVP01_1010200	3937
raw	PVP01_1010300	3938
raw	PVP01_1012400	3939
raw	PVP01_1013600	3940
raw	PVP01_1013900	3941
raw	PVP01_1015800	3942
raw	PVP01_1017100	3943
raw	PVP01_1017400	3944
raw	PVP01_1017900	3945
raw	PVP01_1018100	3946
raw	PVP01_1018900	3947
raw	PVP01_1023700	3948
raw	PVP01_1024900	3949
raw	PVP01_1027300	3950
raw	PVP01_1030400	3951
raw	PVP01_1031300	3952
raw	PVP01_1031600	3953
raw	PVP01_1032300	3954
raw	PVP01_1032400	3955
raw	PVP01_1033800	3956
raw	PVP01_1403000	3957
raw	PVP01_1404000	3958
raw	PVP01_1404400	3959
raw	PVP01_1406800	3960
raw	PVP01_1407300	3961
raw	PVP01_1407700	3962
raw	PVP01_1408400	3963
raw	PVP01_1409000	3964
raw	PVP01_1409500	3965
raw	PVP01_1410000	3966
raw	PVP01_1410700	3967
raw	PVP01_1412100	3968
raw	PVP01_1412200	3969
raw	PVP01_1413450	3970
raw	PVP01_1414000	3971
raw	PVP01_1414700	3972
raw	PVP01_1415200	3973
raw	PVP01_1415600	3974
raw	PVP01_1415700	3975
raw	PVP01_1416500	3976
raw	PVP01_1416700	3977
raw	PVP01_1418700	3978
raw	PVP01_1418800	3979
raw	PVP01_1418900	3980
raw	PVP01_1421300	3981
raw	PVP01_1422400	3982
raw	PVP01_1423000	3983
raw	PVP01_1423200	3984
raw	PVP01_1426750	3985
raw	PVP01_1429100	3986
raw	PVP01_1430600	3987
raw	PVP01_1433200	3988
raw	PVP01_1433500	3989
raw	PVP01_1433900	3990
raw	PVP01_1434000	3991
raw	PVP01_1434600	3992
raw	PVP01_1435600	3993
raw	PVP01_1436000	3994
raw	PVP01_1437500	3995
raw	PVP01_1437600	3996
raw	PVP01_1438300	3997
raw	PVP01_1438600	3998
raw	PVP01_1439500	3999
raw	PVP01_1442900	4000
raw	PVP01_1444700	4001
raw	PVP01_1445700	4002
raw	PVP01_1446400	4003
raw	PVP01_1446500	4004
raw	PVP01_1448100	4005
raw	PVP01_1448300	4006
raw	PVP01_1449200	4007
raw	PVP01_1450300	4008
raw	PVP01_1451200	4009
raw	PVP01_1451400	4010
raw	PVP01_1452700	4011
raw	PVP01_1454750	4012
raw	PVP01_1455700	4013
raw	PVP01_1455900	4014
raw	PVP01_1457300	4015
raw	PVP01_1459500	4016
raw	PVP01_1459800	4017
raw	PVP01_1460000	4018
raw	PVP01_1460100	4019
raw	PVP01_1460200	4020
raw	PVP01_1465000	4021
raw	PVP01_1467100	4022
raw	PVP01_1468300	4023
raw	PVP01_0903700	4024
raw	PVP01_0904300	4025
raw	PVP01_0904500	4026
raw	PVP01_0904900	4027
raw	PVP01_0907300	4028
raw	PVP01_0907700	4029
raw	PVP01_0910100	4030
raw	PVP01_0911600	4031
raw	PVP01_0911800	4032
raw	PVP01_0912300	4033
raw	PVP01_0913200	4034
raw	PVP01_0913300	4035
raw	PVP01_0914700	4036
raw	PVP01_0916300	4037
raw	PVP01_0916400	4038
raw	PVP01_0922400	4039
raw	PVP01_0923000	4040
raw	PVP01_0923100	4041
raw	PVP01_0924300	4042
raw	PVP01_0924800	4043
raw	PVP01_0925800	4044
raw	PVP01_0927600	4045
raw	PVP01_0928400	4046
raw	PVP01_0930100	4047
raw	PVP01_0931400	4048
raw	PVP01_0931500	4049
raw	PVP01_0931600	4050
raw	PVP01_0933400	4051
raw	PVP01_0934500	4052
raw	PVP01_0935400	4053
raw	PVP01_0936200	4054
raw	PVP01_0936600	4055
raw	PVP01_0937200	4056
raw	PVP01_0937500	4057
raw	PVP01_0938400	4058
raw	PVP01_0938500	4059
raw	PVP01_0939000	4060
raw	PVP01_0939300	4061
raw	PVP01_0941700	4062
raw	PVP01_0941900	4063
raw	PVP01_0942100	4064
raw	PVP01_0942700	4065
raw	PVP01_0943300	4066
raw	PVP01_0946200	4067
raw	PVP01_0946400	4068
raw	PVP01_0947000	4069
raw	PVP01_0405200	4070
raw	PVP01_0406600	4071
raw	PVP01_0408400	4072
raw	PVP01_0409000	4073
raw	PVP01_0410100	4074
raw	PVP01_0411600	4075
raw	PVP01_0414400	4076
raw	PVP01_0416100	4077
raw	PVP01_0417400	4078
raw	PVP01_0417800	4079
raw	PVP01_0418400	4080
raw	PVP01_0418500	4081
raw	PVP01_0419500	4082
raw	PVP01_0419900	4083
raw	PVP01_0420200	4084
raw	PVP01_0421400	4085
raw	PVP01_1300400	4086
raw	PVP01_1301600	4087
raw	PVP01_1301800	4088
raw	PVP01_1302000	4089
raw	PVP01_1302300	4090
raw	PVP01_1305300	4091
raw	PVP01_1306000	4092
raw	PVP01_1306600	4093
raw	PVP01_1307100	4094
raw	PVP01_1307200	4095
raw	PVP01_1309100	4096
raw	PVP01_1309600	4097
raw	PVP01_1311200	4098
raw	PVP01_1311900	4099
raw	PVP01_1312200	4100
raw	PVP01_1313800	4101
raw	PVP01_1314600	4102
raw	PVP01_1315700	4103
raw	PVP01_1318500	4104
raw	PVP01_1319000	4105
raw	PVP01_1320100	4106
raw	PVP01_1320400	4107
raw	PVP01_1320500	4108
raw	PVP01_1320700	4109
raw	PVP01_1321500	4110
raw	PVP01_1322700	4111
raw	PVP01_1323600	4112
raw	PVP01_1324500	4113
raw	PVP01_1325100	4114
raw	PVP01_1328200	4115
raw	PVP01_1328900	4116
raw	PVP01_1329400	4117
raw	PVP01_1331000	4118
raw	PVP01_1332800	4119
raw	PVP01_1332900	4120
raw	PVP01_1335100	4121
raw	PVP01_1336100	4122
raw	PVP01_1336500	4123
raw	PVP01_1337400	4124
raw	PVP01_1337500	4125
raw	PVP01_1338800	4126
raw	PVP01_1340400	4127
raw	PVP01_1342400	4128
raw	PVP01_1343600	4129
raw	PVP01_1345000	4130
raw	PVP01_1345300	4131
raw	PVP01_1345400	4132
raw	PVP01_1346000	4133
raw	PVP01_1346900	4134
raw	PVP01_1201500	4135
raw	PVP01_1201800	4136
raw	PVP01_1204900	4137
raw	PVP01_1207200	4138
raw	PVP01_1207500	4139
raw	PVP01_1207700	4140
raw	PVP01_1209200	4141
raw	PVP01_1209300	4142
raw	PVP01_1209400	4143
raw	PVP01_1209500	4144
raw	PVP01_1210100	4145
raw	PVP01_1213200	4146
raw	PVP01_1214300	4147
raw	PVP01_1214400	4148
raw	PVP01_1214500	4149
raw	PVP01_1215300	4150
raw	PVP01_1215400	4151
raw	PVP01_1215900	4152
raw	PVP01_1216500	4153
raw	PVP01_1217000	4154
raw	PVP01_1218300	4155
raw	PVP01_1219100	4156
raw	PVP01_1219500	4157
raw	PVP01_1219600	4158
raw	PVP01_1220000	4159
raw	PVP01_1222900	4160
raw	PVP01_1226300	4161
raw	PVP01_1227400	4162
raw	PVP01_1228100	4163
raw	PVP01_1228900	4164
raw	PVP01_1230000	4165
raw	PVP01_1233000	4166
raw	PVP01_1233100	4167
raw	PVP01_1236600	4168
raw	PVP01_1237500	4169
raw	PVP01_1240100	4170
raw	PVP01_1243200	4171
raw	PVP01_1245000	4172
raw	PVP01_1245900	4173
raw	PVP01_1246300	4174
raw	PVP01_1248000	4175
raw	PVP01_1248100	4176
raw	PVP01_1249900	4177
raw	PVP01_1250000	4178
raw	PVP01_1252700	4179
raw	PVP01_1253600	4180
raw	PVP01_1254900	4181
raw	PVP01_1255500	4182
raw	PVP01_1255600	4183
raw	PVP01_1255900	4184
raw	PVP01_1257600	4185
raw	PVP01_1258400	4186
raw	PVP01_1258600	4187
raw	PVP01_1259000	4188
raw	PVP01_1261800	4189
raw	PVP01_1261900	4190
raw	PVP01_1263000	4191
raw	PVP01_1263400	4192
raw	PVP01_1263700	4193
raw	PVP01_1266500	4194
raw	PVP01_1266600	4195
raw	PVP01_1269700	4196
raw	PVP01_1270200	4197
raw	PVP01_1270700	4198
raw	PVP01_1270800	4199
raw	PVP01_1272600	4200
raw	PVP01_API02600	4201
raw	PVP01_0804400	4202
raw	PVP01_0804900	4203
raw	PVP01_0805900	4204
raw	PVP01_0806000	4205
raw	PVP01_0806100	4206
raw	PVP01_0807600	4207
raw	PVP01_0808900	4208
raw	PVP01_0809000	4209
raw	PVP01_0811500	4210
raw	PVP01_0814300	4211
raw	PVP01_0814900	4212
raw	PVP01_0815400	4213
raw	PVP01_0815500	4214
raw	PVP01_0817000	4215
raw	PVP01_0821000	4216
raw	PVP01_0822100	4217
raw	PVP01_0824000	4218
raw	PVP01_0825000	4219
raw	PVP01_0825100	4220
raw	PVP01_0825200	4221
raw	PVP01_0826700	4222
raw	PVP01_0826800	4223
raw	PVP01_0827000	4224
raw	PVP01_0827800	4225
raw	PVP01_0827900	4226
raw	PVP01_0828300	4227
raw	PVP01_0830200	4228
raw	PVP01_0830700	4229
raw	PVP01_0830900	4230
raw	PVP01_0832400	4231
raw	PVP01_0832600	4232
raw	PVP01_0833000	4233
raw	PVP01_0834200	4234
raw	PVP01_0834500	4235
raw	PVP01_0836300	4236
raw	PVP01_0837650	4237
raw	PVP01_1101800	4238
raw	PVP01_1102900	4239
raw	PVP01_1105000	4240
raw	PVP01_1105600	4241
raw	PVP01_1106800	4242
raw	PVP01_1107900	4243
raw	PVP01_1108400	4244
raw	PVP01_1108800	4245
raw	PVP01_1109700	4246
raw	PVP01_1110400	4247
raw	PVP01_1110700	4248
raw	PVP01_1111600	4249
raw	PVP01_1111900	4250
raw	PVP01_1112000	4251
raw	PVP01_1113900	4252
raw	PVP01_1115500	4253
raw	PVP01_1115700	4254
raw	PVP01_1117800	4255
raw	PVP01_1123200	4256
raw	PVP01_1123300	4257
raw	PVP01_1125000	4258
raw	PVP01_1127600	4259
raw	PVP01_1127800	4260
raw	PVP01_1129000	4261
raw	PVP01_1129100	4262
raw	PVP01_1131100	4263
raw	PVP01_1131400	4264
raw	PVP01_1131500	4265
raw	PVP01_1132300	4266
raw	PVP01_1135900	4267
raw	PVP01_1137300	4268
raw	PVP01_1138100	4269
raw	PVP01_1138700	4270
raw	PVP01_1139100	4271
raw	PVP01_1140000	4272
raw	PVP01_1142000	4273
raw	PVP01_1143200	4274
raw	PVP01_1147100	4275
raw	PVP01_0601800	4276
raw	PVP01_0603100	4277
raw	PVP01_0608200	4278
raw	PVP01_0609500	4279
raw	PVP01_0609600	4280
raw	PVP01_0610100	4281
raw	PVP01_0611600	4282
raw	PVP01_0612600	4283
raw	PVP01_0613200	4284
raw	PVP01_0614400	4285
raw	PVP01_0615700	4286
raw	PVP01_0618700	4287
raw	PVP01_0620500	4288
raw	PVP01_0620600	4289
raw	PVP01_0620800	4290
raw	PVP01_0305600	4291
raw	PVP01_0306900	4292
raw	PVP01_0308600	4293
raw	PVP01_0310900	4294
raw	PVP01_0311100	4295
raw	PVP01_0311200	4296
raw	PVP01_0311300	4297
raw	PVP01_0313600	4298
raw	PVP01_0315600	4299
raw	PVP01_0316700	4300
raw	PVP01_0317300	4301
raw	PVP01_0506600	4302
raw	PVP01_0506900	4303
raw	PVP01_0507000	4304
raw	PVP01_0507300	4305
raw	PVP01_0508400	4306
raw	PVP01_0508500	4307
raw	PVP01_0509200	4308
raw	PVP01_0510000	4309
raw	PVP01_0510200	4310
raw	PVP01_0510900	4311
raw	PVP01_0512800	4312
raw	PVP01_0513400	4313
raw	PVP01_0514300	4314
raw	PVP01_0514900	4315
raw	PVP01_0515200	4316
raw	PVP01_0516000	4317
raw	PVP01_0516100	4318
raw	PVP01_0516200	4319
raw	PVP01_0517800	4320
raw	PVP01_0519600	4321
raw	PVP01_0519700	4322
raw	PVP01_0520200	4323
raw	PVP01_0520400	4324
raw	PVP01_0520700	4325
raw	PVP01_0522100	4326
raw	PVP01_0522800	4327
raw	PVP01_0528400	4328
raw	PVP01_0529500	4329
raw	PVP01_0531200	4330
raw	PVP01_0531500	4331
raw	PVP01_0534000	4332
raw	PVP01_0700100	4333
raw	PVP01_0702300	4334
raw	PVP01_0703700	4335
raw	PVP01_0704100	4336
raw	PVP01_0707300	4337
raw	PVP01_0708300	4338
raw	PVP01_0708400	4339
raw	PVP01_0709400	4340
raw	PVP01_0710100	4341
raw	PVP01_0711000	4342
raw	PVP01_0716700	4343
raw	PVP01_0717700	4344
raw	PVP01_0718100	4345
raw	PVP01_0720900	4346
raw	PVP01_0721000	4347
raw	PVP01_0721800	4348
raw	PVP01_0725300	4349
raw	PVP01_0727100	4350
raw	PVP01_0730300	4351
raw	PVP01_0730600	4352
raw	PVP01_0732600	4353
raw	PVP01_0732700	4354
raw	PVP01_0732900	4355
raw	PVP01_0733000	4356
raw	PVP01_0734600	4357
raw	PVP01_0004210	4358
raw	PVP01_0004220	4359
raw	PVP01_0004230	4360
raw	PVP01_0004240	4361
raw	PVP01_0004250	4362
raw	PVP01_0004260	4363
raw	PVP01_0004270	4364
raw	PVP01_0004275	4365
raw	PVP01_0004290	4366
raw	PVP01_0004300	4367
raw	PVP01_0004410	4368
raw	PVP01_0009170	4369
raw	PVP01_0011160	4370
raw	PVP01_0010880	4371
raw	PVP01_0006520	4372
raw	PVP01_0006550	4373
raw	PVP01_0009500	4374
raw	PVP01_0009260	4375
raw	PVP01_0008410	4376
raw	PVP01_0010760	4377
raw	PVP01_0008260	4378
raw	PVP01_0008270	4379
raw	PVP01_0002100	4380
raw	PVP01_0002210	4381
raw	PVP01_0010250	4382
raw	PVP01_0004700	4383
raw	PVP01_0006940	4384
raw	PVP01_0006960	4385
raw	PVP01_0009990	4386
raw	PVP01_0008010	4387
raw	PVP01_0005740	4388
raw	PVP01_0005870	4389
raw	PVP01_0007240	4390
raw	PVP01_0000050	4391
raw	PVP01_0000060	4392
raw	PVP01_0000070	4393
raw	PVP01_0000080	4394
raw	PVP01_0000090	4395
raw	PVP01_0000100	4396
raw	PVP01_0000110	4397
raw	PVP01_0000120	4398
raw	PVP01_0000130	4399
raw	PVP01_0000140	4400
raw	PVP01_0000150	4401
raw	PVP01_0000160	4402
raw	PVP01_0000170	4403
raw	PVP01_0000190	4404
raw	PVP01_0000200	4405
raw	PVP01_0000310	4406
raw	PVP01_0000340	4407
raw	PVP01_0000350	4408
raw	PVP01_0000470	4409
raw	PVP01_0000810	4410
raw	PVP01_0000950	4411
raw	PVP01_0000980	4412
raw	PVP01_0001420	4413
raw	PVP01_0001430	4414
raw	PVP01_0001440	4415
raw	PVP01_0001450	4416
raw	PVP01_0001500	4417
raw	PVP01_0009860	4418
raw	PVP01_0004580	4419
raw	PVP01_0009720	4420
raw	PVP01_0008630	4421
raw	PVP01_0007720	4422
raw	PVP01_0008360	4423
raw	PVP01_0004970	4424
raw	PVP01_0005150	4425
raw	PVP01_0005190	4426
raw	PVP01_0002820	4427
raw	PVP01_0003970	4428
raw	PVP01_0004170	4429
raw	PVP01_0004200	4430
raw	PVP01_0002450	4431
raw	PVP01_0006980	4432
raw	PVP01_0007080	4433
raw	PVP01_0009930	4434
raw	PVP01_0009420	4435
raw	PVP01_0009760	4436
raw	PVP01_0009770	4437
raw	PVP01_0010030	4438
raw	PVP01_0200800	4439
raw	PVP01_0201200	4440
raw	PVP01_0201300	4441
raw	PVP01_0201400	4442
raw	PVP01_0201500	4443
raw	PVP01_0201900	4444
raw	PVP01_0202000	4445
raw	PVP01_0202100	4446
raw	PVP01_0202200	4447
raw	PVP01_0202300	4448
raw	PVP01_0202400	4449
raw	PVP01_0202500	4450
raw	PVP01_0202550	4451
raw	PVP01_0202600	4452
raw	PVP01_0203000	4453
raw	PVP01_0203200	4454
raw	PVP01_0204100	4455
raw	PVP01_0205800	4456
raw	PVP01_0208700	4457
raw	PVP01_0209300	4458
raw	PVP01_0210300	4459
raw	PVP01_0211100	4460
raw	PVP01_0211600	4461
raw	PVP01_0213300	4462
raw	PVP01_0213400	4463
raw	PVP01_0213900	4464
raw	PVP01_0214000	4465
raw	PVP01_0215800	4466
raw	PVP01_0216300	4467
raw	PVP01_0216400	4468
raw	PVP01_0216500	4469
raw	PVP01_0216600	4470
raw	PVP01_0216700	4471
raw	PVP01_0216800	4472
raw	PVP01_0216900	4473
raw	PVP01_0217000	4474
raw	PVP01_0217100	4475
raw	PVP01_0217200	4476
raw	PVP01_0217300	4477
raw	PVP01_0217500	4478
raw	PVP01_0220100	4479
raw	PVP01_0220400	4480
raw	PVP01_0102500	4481
raw	PVP01_0102600	4482
raw	PVP01_0102800	4483
raw	PVP01_0103100	4484
raw	PVP01_0104000	4485
raw	PVP01_0104200	4486
raw	PVP01_0105100	4487
raw	PVP01_0105400	4488
raw	PVP01_0106100	4489
raw	PVP01_0106900	4490
raw	PVP01_0107200	4491
raw	PVP01_0107300	4492
raw	PVP01_0107700	4493
raw	PVP01_0107800	4494
raw	PVP01_0111600	4495
raw	PVP01_0112600	4496
raw	PVP01_0112700	4497
raw	PVP01_0113000	4498
raw	PVP01_0115200	4499
raw	PVP01_0118700	4500
raw	PVP01_0118900	4501
raw	PVP01_0119200	4502
raw	PVP01_0119300	4503
raw	PVP01_0119600	4504
raw	PVP01_0119700	4505
raw	PVP01_0119800	4506
raw	PVP01_0119900	4507
raw	PVP01_0121800	4508
raw	PVP01_0121900	4509
raw	PVP01_1000200	4510
raw	PVP01_1000500	4511
raw	PVP01_1001000	4512
raw	PVP01_1002300	4513
raw	PVP01_1002350	4514
raw	PVP01_1003500	4515
raw	PVP01_1004100	4516
raw	PVP01_1004200	4517
raw	PVP01_1004600	4518
raw	PVP01_1005000	4519
raw	PVP01_1005100	4520
raw	PVP01_1007200	4521
raw	PVP01_1007250	4522
raw	PVP01_1008300	4523
raw	PVP01_1008400	4524
raw	PVP01_1010700	4525
raw	PVP01_1010800	4526
raw	PVP01_1012200	4527
raw	PVP01_1013500	4528
raw	PVP01_1016200	4529
raw	PVP01_1016400	4530
raw	PVP01_1016700	4531
raw	PVP01_1016800	4532
raw	PVP01_1016900	4533
raw	PVP01_1017000	4534
raw	PVP01_1019600	4535
raw	PVP01_1020100	4536
raw	PVP01_1021000	4537
raw	PVP01_1022100	4538
raw	PVP01_1023100	4539
raw	PVP01_1023200	4540
raw	PVP01_1023300	4541
raw	PVP01_1023400	4542
raw	PVP01_1025300	4543
raw	PVP01_1025400	4544
raw	PVP01_1026500	4545
raw	PVP01_1026600	4546
raw	PVP01_1026700	4547
raw	PVP01_1029000	4548
raw	PVP01_1029400	4549
raw	PVP01_1029500	4550
raw	PVP01_1029600	4551
raw	PVP01_1030800	4552
raw	PVP01_1031100	4553
raw	PVP01_1031500	4554
raw	PVP01_1032500	4555
raw	PVP01_1033300	4556
raw	PVP01_1033400	4557
raw	PVP01_1033500	4558
raw	PVP01_1033600	4559
raw	PVP01_1033700	4560
raw	PVP01_1033900	4561
raw	PVP01_1034100	4562
raw	PVP01_1034200	4563
raw	PVP01_1034300	4564
raw	PVP01_1034400	4565
raw	PVP01_1034500	4566
raw	PVP01_1034700	4567
raw	PVP01_1035100	4568
raw	PVP01_1400300	4569
raw	PVP01_1400500	4570
raw	PVP01_1400600	4571
raw	PVP01_1400700	4572
raw	PVP01_1400800	4573
raw	PVP01_1401100	4574
raw	PVP01_1401300	4575
raw	PVP01_1401400	4576
raw	PVP01_1401500	4577
raw	PVP01_1401600	4578
raw	PVP01_1401700	4579
raw	PVP01_1401800	4580
raw	PVP01_1401900	4581
raw	PVP01_1402000	4582
raw	PVP01_1402100	4583
raw	PVP01_1402200	4584
raw	PVP01_1402300	4585
raw	PVP01_1402400	4586
raw	PVP01_1402500	4587
raw	PVP01_1402600	4588
raw	PVP01_1402700	4589
raw	PVP01_1402800	4590
raw	PVP01_1402900	4591
raw	PVP01_1403300	4592
raw	PVP01_1403800	4593
raw	PVP01_1404500	4594
raw	PVP01_1404800	4595
raw	PVP01_1405500	4596
raw	PVP01_1406100	4597
raw	PVP01_1406300	4598
raw	PVP01_1406600	4599
raw	PVP01_1406900	4600
raw	PVP01_1407200	4601
raw	PVP01_1407400	4602
raw	PVP01_1408000	4603
raw	PVP01_1408100	4604
raw	PVP01_1409100	4605
raw	PVP01_1409200	4606
raw	PVP01_1411300	4607
raw	PVP01_1411500	4608
raw	PVP01_1411900	4609
raw	PVP01_1412000	4610
raw	PVP01_1413400	4611
raw	PVP01_1414100	4612
raw	PVP01_1414400	4613
raw	PVP01_1414600	4614
raw	PVP01_1414800	4615
raw	PVP01_1416600	4616
raw	PVP01_1419000	4617
raw	PVP01_1420700	4618
raw	PVP01_1421100	4619
raw	PVP01_1421800	4620
raw	PVP01_1421900	4621
raw	PVP01_1422600	4622
raw	PVP01_1423900	4623
raw	PVP01_1424000	4624
raw	PVP01_1424200	4625
raw	PVP01_1424600	4626
raw	PVP01_1424700	4627
raw	PVP01_1425000	4628
raw	PVP01_1426400	4629
raw	PVP01_1428800	4630
raw	PVP01_1430100	4631
raw	PVP01_1431100	4632
raw	PVP01_1432700	4633
raw	PVP01_1433100	4634
raw	PVP01_1438500	4635
raw	PVP01_1438700	4636
raw	PVP01_1439800	4637
raw	PVP01_1439900	4638
raw	PVP01_1441800	4639
raw	PVP01_1441900	4640
raw	PVP01_1442000	4641
raw	PVP01_1442100	4642
raw	PVP01_1443900	4643
raw	PVP01_1444900	4644
raw	PVP01_1446700	4645
raw	PVP01_1448700	4646
raw	PVP01_1449500	4647
raw	PVP01_1451100	4648
raw	PVP01_1452500	4649
raw	PVP01_1459300	4650
raw	PVP01_1459600	4651
raw	PVP01_1459700	4652
raw	PVP01_1459900	4653
raw	PVP01_1460300	4654
raw	PVP01_1462300	4655
raw	PVP01_1463100	4656
raw	PVP01_1463700	4657
raw	PVP01_1465700	4658
raw	PVP01_1467400	4659
raw	PVP01_1469200	4660
raw	PVP01_1469300	4661
raw	PVP01_1469400	4662
raw	PVP01_1469500	4663
raw	PVP01_1469600	4664
raw	PVP01_1469700	4665
raw	PVP01_1469800	4666
raw	PVP01_1469900	4667
raw	PVP01_1470000	4668
raw	PVP01_1470300	4669
raw	PVP01_1470600	4670
raw	PVP01_1470700	4671
raw	PVP01_1470800	4672
raw	PVP01_1471000	4673
raw	PVP01_1471100	4674
raw	PVP01_1471200	4675
raw	PVP01_1471300	4676
raw	PVP01_1471400	4677
raw	PVP01_1471500	4678
raw	PVP01_1471600	4679
raw	PVP01_1471700	4680
raw	PVP01_1471800	4681
raw	PVP01_1471900	4682
raw	PVP01_1472000	4683
raw	PVP01_1472100	4684
raw	PVP01_0900750	4685
raw	PVP01_0901100	4686
raw	PVP01_0901600	4687
raw	PVP01_0901800	4688
raw	PVP01_0901900	4689
raw	PVP01_0902100	4690
raw	PVP01_0902600	4691
raw	PVP01_0902900	4692
raw	PVP01_0903400	4693
raw	PVP01_0904100	4694
raw	PVP01_0904200	4695
raw	PVP01_0904400	4696
raw	PVP01_0904700	4697
raw	PVP01_0905100	4698
raw	PVP01_0906100	4699
raw	PVP01_0906200	4700
raw	PVP01_0907200	4701
raw	PVP01_0908300	4702
raw	PVP01_0908700	4703
raw	PVP01_0909200	4704
raw	PVP01_0909600	4705
raw	PVP01_0910800	4706
raw	PVP01_0910900	4707
raw	PVP01_0914300	4708
raw	PVP01_0914400	4709
raw	PVP01_0914500	4710
raw	PVP01_0914600	4711
raw	PVP01_0915300	4712
raw	PVP01_0915600	4713
raw	PVP01_0916200	4714
raw	PVP01_0916800	4715
raw	PVP01_0921900	4716
raw	PVP01_0922500	4717
raw	PVP01_0922600	4718
raw	PVP01_0922700	4719
raw	PVP01_0922800	4720
raw	PVP01_0925300	4721
raw	PVP01_0928100	4722
raw	PVP01_0929400	4723
raw	PVP01_0929500	4724
raw	PVP01_0930200	4725
raw	PVP01_0930300	4726
raw	PVP01_0931100	4727
raw	PVP01_0931800	4728
raw	PVP01_0932300	4729
raw	PVP01_0934600	4730
raw	PVP01_0935600	4731
raw	PVP01_0935700	4732
raw	PVP01_0936300	4733
raw	PVP01_0937300	4734
raw	PVP01_0939100	4735
raw	PVP01_0939200	4736
raw	PVP01_0939350	4737
raw	PVP01_0940100	4738
raw	PVP01_0940700	4739
raw	PVP01_0941800	4740
raw	PVP01_0942600	4741
raw	PVP01_0943400	4742
raw	PVP01_0944300	4743
raw	PVP01_0946600	4744
raw	PVP01_0946700	4745
raw	PVP01_0948700	4746
raw	PVP01_0948800	4747
raw	PVP01_0948900	4748
raw	PVP01_0949000	4749
raw	PVP01_0949200	4750
raw	PVP01_0949650	4751
raw	PVP01_0949800	4752
raw	PVP01_0949900	4753
raw	PVP01_0950100	4754
raw	PVP01_0950200	4755
raw	PVP01_0403800	4756
raw	PVP01_0403900	4757
raw	PVP01_0404200	4758
raw	PVP01_0404300	4759
raw	PVP01_0404400	4760
raw	PVP01_0404500	4761
raw	PVP01_0404600	4762
raw	PVP01_0404700	4763
raw	PVP01_0404800	4764
raw	PVP01_0405000	4765
raw	PVP01_0405100	4766
raw	PVP01_0406100	4767
raw	PVP01_0410700	4768
raw	PVP01_0411900	4769
raw	PVP01_0412000	4770
raw	PVP01_0412100	4771
raw	PVP01_0413100	4772
raw	PVP01_0414500	4773
raw	PVP01_0414600	4774
raw	PVP01_0417000	4775
raw	PVP01_0417600	4776
raw	PVP01_0417700	4777
raw	PVP01_0420000	4778
raw	PVP01_0420100	4779
raw	PVP01_0420300	4780
raw	PVP01_0422700	4781
raw	PVP01_0422900	4782
raw	PVP01_0423000	4783
raw	PVP01_0423200	4784
raw	PVP01_0423300	4785
raw	PVP01_0423400	4786
raw	PVP01_0423500	4787
raw	PVP01_0424200	4788
raw	PVP01_0424300	4789
raw	PVP01_1303700	4790
raw	PVP01_1303800	4791
raw	PVP01_1303900	4792
raw	PVP01_1304000	4793
raw	PVP01_1304400	4794
raw	PVP01_1305700	4795
raw	PVP01_1307000	4796
raw	PVP01_1307400	4797
raw	PVP01_1310300	4798
raw	PVP01_1313100	4799
raw	PVP01_1314400	4800
raw	PVP01_1314500	4801
raw	PVP01_1314700	4802
raw	PVP01_1318700	4803
raw	PVP01_1318800	4804
raw	PVP01_1318900	4805
raw	PVP01_1319100	4806
raw	PVP01_1319900	4807
raw	PVP01_1320000	4808
raw	PVP01_1320200	4809
raw	PVP01_1320300	4810
raw	PVP01_1321400	4811
raw	PVP01_1322900	4812
raw	PVP01_1323000	4813
raw	PVP01_1323700	4814
raw	PVP01_1324300	4815
raw	PVP01_1324400	4816
raw	PVP01_1327100	4817
raw	PVP01_1327200	4818
raw	PVP01_1330000	4819
raw	PVP01_1330100	4820
raw	PVP01_1335400	4821
raw	PVP01_1335800	4822
raw	PVP01_1336600	4823
raw	PVP01_1336700	4824
raw	PVP01_1336800	4825
raw	PVP01_1336900	4826
raw	PVP01_1337000	4827
raw	PVP01_1337100	4828
raw	PVP01_1338900	4829
raw	PVP01_1339800	4830
raw	PVP01_1340000	4831
raw	PVP01_1340100	4832
raw	PVP01_1340700	4833
raw	PVP01_1342100	4834
raw	PVP01_1345500	4835
raw	PVP01_1347700	4836
raw	PVP01_1347800	4837
raw	PVP01_1200800	4838
raw	PVP01_1201000	4839
raw	PVP01_1201200	4840
raw	PVP01_1201300	4841
raw	PVP01_1201400	4842
raw	PVP01_1201600	4843
raw	PVP01_1201700	4844
raw	PVP01_1203200	4845
raw	PVP01_1204700	4846
raw	PVP01_1204800	4847
raw	PVP01_1208100	4848
raw	PVP01_1209600	4849
raw	PVP01_1210200	4850
raw	PVP01_1213000	4851
raw	PVP01_1213100	4852
raw	PVP01_1213300	4853
raw	PVP01_1214600	4854
raw	PVP01_1214800	4855
raw	PVP01_1214900	4856
raw	PVP01_1215600	4857
raw	PVP01_1215800	4858
raw	PVP01_1216600	4859
raw	PVP01_1216700	4860
raw	PVP01_1216800	4861
raw	PVP01_1216900	4862
raw	PVP01_1217100	4863
raw	PVP01_1217500	4864
raw	PVP01_1219700	4865
raw	PVP01_1220100	4866
raw	PVP01_1220400	4867
raw	PVP01_1220500	4868
raw	PVP01_1221200	4869
raw	PVP01_1222000	4870
raw	PVP01_1222100	4871
raw	PVP01_1222200	4872
raw	PVP01_1224600	4873
raw	PVP01_1226600	4874
raw	PVP01_1226700	4875
raw	PVP01_1227900	4876
raw	PVP01_1229500	4877
raw	PVP01_1229700	4878
raw	PVP01_1230200	4879
raw	PVP01_1230600	4880
raw	PVP01_1231600	4881
raw	PVP01_1234200	4882
raw	PVP01_1235200	4883
raw	PVP01_1235800	4884
raw	PVP01_1237200	4885
raw	PVP01_1241000	4886
raw	PVP01_1241100	4887
raw	PVP01_1241300	4888
raw	PVP01_1241800	4889
raw	PVP01_1243500	4890
raw	PVP01_1243600	4891
raw	PVP01_1244100	4892
raw	PVP01_1244200	4893
raw	PVP01_1246700	4894
raw	PVP01_1247700	4895
raw	PVP01_1251900	4896
raw	PVP01_1252000	4897
raw	PVP01_1252100	4898
raw	PVP01_1252200	4899
raw	PVP01_1252300	4900
raw	PVP01_1253400	4901
raw	PVP01_1253800	4902
raw	PVP01_1253900	4903
raw	PVP01_1254300	4904
raw	PVP01_1254400	4905
raw	PVP01_1254700	4906
raw	PVP01_1254800	4907
raw	PVP01_1255400	4908
raw	PVP01_1258500	4909
raw	PVP01_1259600	4910
raw	PVP01_1259700	4911
raw	PVP01_1262500	4912
raw	PVP01_1262900	4913
raw	PVP01_1263100	4914
raw	PVP01_1263500	4915
raw	PVP01_1263600	4916
raw	PVP01_1263800	4917
raw	PVP01_1264400	4918
raw	PVP01_1266000	4919
raw	PVP01_1266700	4920
raw	PVP01_1268400	4921
raw	PVP01_1270600	4922
raw	PVP01_1271300	4923
raw	PVP01_1271400	4924
raw	PVP01_1271500	4925
raw	PVP01_1271600	4926
raw	PVP01_1271700	4927
raw	PVP01_1271800	4928
raw	PVP01_1271900	4929
raw	PVP01_1272000	4930
raw	PVP01_1272200	4931
raw	PVP01_1272400	4932
raw	PVP01_1272900	4933
raw	PVP01_1273300	4934
raw	PVP01_1274300	4935
raw	PVP01_API01900	4936
raw	PVP01_API02800	4937
raw	PVP01_API03000	4938
raw	PVP01_API03500	4939
raw	PVP01_API03900	4940
raw	PVP01_API04000	4941
raw	PVP01_API04100	4942
raw	PVP01_API04200	4943
raw	PVP01_0800100	4944
raw	PVP01_0800200	4945
raw	PVP01_0800400	4946
raw	PVP01_0800600	4947
raw	PVP01_0800700	4948
raw	PVP01_0800800	4949
raw	PVP01_0800900	4950
raw	PVP01_0801000	4951
raw	PVP01_0801200	4952
raw	PVP01_0801300	4953
raw	PVP01_0801400	4954
raw	PVP01_0801500	4955
raw	PVP01_0802400	4956
raw	PVP01_0804500	4957
raw	PVP01_0805000	4958
raw	PVP01_0805100	4959
raw	PVP01_0805200	4960
raw	PVP01_0805400	4961
raw	PVP01_0805600	4962
raw	PVP01_0805800	4963
raw	PVP01_0808600	4964
raw	PVP01_0808700	4965
raw	PVP01_0809100	4966
raw	PVP01_0811000	4967
raw	PVP01_0811400	4968
raw	PVP01_0812600	4969
raw	PVP01_0812700	4970
raw	PVP01_0815600	4971
raw	PVP01_0815700	4972
raw	PVP01_0815800	4973
raw	PVP01_0818700	4974
raw	PVP01_0819400	4975
raw	PVP01_0819800	4976
raw	PVP01_0820000	4977
raw	PVP01_0820900	4978
raw	PVP01_0821100	4979
raw	PVP01_0821450	4980
raw	PVP01_0823600	4981
raw	PVP01_0824500	4982
raw	PVP01_0824600	4983
raw	PVP01_0826500	4984
raw	PVP01_0827700	4985
raw	PVP01_0828000	4986
raw	PVP01_0829800	4987
raw	PVP01_0829900	4988
raw	PVP01_0830800	4989
raw	PVP01_0831800	4990
raw	PVP01_0836800	4991
raw	PVP01_0838100	4992
raw	PVP01_0838200	4993
raw	PVP01_0838300	4994
raw	PVP01_0838400	4995
raw	PVP01_0838900	4996
raw	PVP01_0839000	4997
raw	PVP01_0839300	4998
raw	PVP01_0839400	4999
raw	PVP01_0839700	5000
raw	PVP01_0841000	5001
raw	PVP01_1100300	5002
raw	PVP01_1100400	5003
raw	PVP01_1101200	5004
raw	PVP01_1101300	5005
raw	PVP01_1101400	5006
raw	PVP01_1101500	5007
raw	PVP01_1101600	5008
raw	PVP01_1101700	5009
raw	PVP01_1103000	5010
raw	PVP01_1103300	5011
raw	PVP01_1104100	5012
raw	PVP01_1104900	5013
raw	PVP01_1106500	5014
raw	PVP01_1106600	5015
raw	PVP01_1109000	5016
raw	PVP01_1114600	5017
raw	PVP01_1116000	5018
raw	PVP01_1116100	5019
raw	PVP01_1116500	5020
raw	PVP01_1117900	5021
raw	PVP01_1120700	5022
raw	PVP01_1120800	5023
raw	PVP01_1120900	5024
raw	PVP01_1121000	5025
raw	PVP01_1121900	5026
raw	PVP01_1123600	5027
raw	PVP01_1123700	5028
raw	PVP01_1127400	5029
raw	PVP01_1128100	5030
raw	PVP01_1128200	5031
raw	PVP01_1136400	5032
raw	PVP01_1136500	5033
raw	PVP01_1136700	5034
raw	PVP01_1136800	5035
raw	PVP01_1137500	5036
raw	PVP01_1138000	5037
raw	PVP01_1139700	5038
raw	PVP01_1140200	5039
raw	PVP01_1140400	5040
raw	PVP01_1140700	5041
raw	PVP01_1144100	5042
raw	PVP01_1144900	5043
raw	PVP01_1145000	5044
raw	PVP01_1145100	5045
raw	PVP01_1145200	5046
raw	PVP01_1146600	5047
raw	PVP01_1147000	5048
raw	PVP01_1147200	5049
raw	PVP01_1147300	5050
raw	PVP01_1147400	5051
raw	PVP01_1147500	5052
raw	PVP01_1147600	5053
raw	PVP01_1147700	5054
raw	PVP01_1147900	5055
raw	PVP01_1149100	5056
raw	PVP01_0600200	5057
raw	PVP01_0600350	5058
raw	PVP01_0600500	5059
raw	PVP01_0600600	5060
raw	PVP01_0600700	5061
raw	PVP01_0600800	5062
raw	PVP01_0600900	5063
raw	PVP01_0601000	5064
raw	PVP01_0601300	5065
raw	PVP01_0601400	5066
raw	PVP01_0601500	5067
raw	PVP01_0604000	5068
raw	PVP01_0604200	5069
raw	PVP01_0605000	5070
raw	PVP01_0605100	5071
raw	PVP01_0605400	5072
raw	PVP01_0606700	5073
raw	PVP01_0607100	5074
raw	PVP01_0607400	5075
raw	PVP01_0608300	5076
raw	PVP01_0608400	5077
raw	PVP01_0608900	5078
raw	PVP01_0610900	5079
raw	PVP01_0611900	5080
raw	PVP01_0612000	5081
raw	PVP01_0612100	5082
raw	PVP01_0612500	5083
raw	PVP01_0612800	5084
raw	PVP01_0615600	5085
raw	PVP01_0616100	5086
raw	PVP01_0617100	5087
raw	PVP01_0619400	5088
raw	PVP01_0620700	5089
raw	PVP01_0620900	5090
raw	PVP01_0621400	5091
raw	PVP01_0621500	5092
raw	PVP01_0623000	5093
raw	PVP01_0623100	5094
raw	PVP01_0623200	5095
raw	PVP01_0623300	5096
raw	PVP01_0623500	5097
raw	PVP01_0623600	5098
raw	PVP01_0623700	5099
raw	PVP01_0623800	5100
raw	PVP01_0624200	5101
raw	PVP01_0624300	5102
raw	PVP01_0624400	5103
raw	PVP01_0624500	5104
raw	PVP01_0624800	5105
raw	PVP01_0624900	5106
raw	PVP01_0300100	5107
raw	PVP01_0300600	5108
raw	PVP01_0300700	5109
raw	PVP01_0300800	5110
raw	PVP01_0301300	5111
raw	PVP01_0301500	5112
raw	PVP01_0301700	5113
raw	PVP01_0301800	5114
raw	PVP01_0301900	5115
raw	PVP01_0302200	5116
raw	PVP01_0302800	5117
raw	PVP01_0303000	5118
raw	PVP01_0303500	5119
raw	PVP01_0305900	5120
raw	PVP01_0306800	5121
raw	PVP01_0309400	5122
raw	PVP01_0311600	5123
raw	PVP01_0312000	5124
raw	PVP01_0312500	5125
raw	PVP01_0313900	5126
raw	PVP01_0315000	5127
raw	PVP01_0315100	5128
raw	PVP01_0319200	5129
raw	PVP01_0319600	5130
raw	PVP01_0320600	5131
raw	PVP01_0320700	5132
raw	PVP01_0320800	5133
raw	PVP01_0502600	5134
raw	PVP01_0502700	5135
raw	PVP01_0502800	5136
raw	PVP01_0503000	5137
raw	PVP01_0503200	5138
raw	PVP01_0503400	5139
raw	PVP01_0503500	5140
raw	PVP01_0503600	5141
raw	PVP01_0503700	5142
raw	PVP01_0503800	5143
raw	PVP01_0503900	5144
raw	PVP01_0504000	5145
raw	PVP01_0504100	5146
raw	PVP01_0504200	5147
raw	PVP01_0504300	5148
raw	PVP01_0506300	5149
raw	PVP01_0506400	5150
raw	PVP01_0508600	5151
raw	PVP01_0510300	5152
raw	PVP01_0510700	5153
raw	PVP01_0510800	5154
raw	PVP01_0511300	5155
raw	PVP01_0515100	5156
raw	PVP01_0515700	5157
raw	PVP01_0515800	5158
raw	PVP01_0515900	5159
raw	PVP01_0516300	5160
raw	PVP01_0516400	5161
raw	PVP01_0516500	5162
raw	PVP01_0517900	5163
raw	PVP01_0518400	5164
raw	PVP01_0519400	5165
raw	PVP01_0519900	5166
raw	PVP01_0520000	5167
raw	PVP01_0520100	5168
raw	PVP01_0520600	5169
raw	PVP01_0521700	5170
raw	PVP01_0521800	5171
raw	PVP01_0523000	5172
raw	PVP01_0523100	5173
raw	PVP01_0523200	5174
raw	PVP01_0523300	5175
raw	PVP01_0523500	5176
raw	PVP01_0523600	5177
raw	PVP01_0523700	5178
raw	PVP01_0523800	5179
raw	PVP01_0523900	5180
raw	PVP01_0524000	5181
raw	PVP01_0524200	5182
raw	PVP01_0524300	5183
raw	PVP01_0524600	5184
raw	PVP01_0524700	5185
raw	PVP01_0524900	5186
raw	PVP01_0525400	5187
raw	PVP01_0525500	5188
raw	PVP01_0525600	5189
raw	PVP01_0525700	5190
raw	PVP01_0528000	5191
raw	PVP01_0530400	5192
raw	PVP01_0532400	5193
raw	PVP01_0532500	5194
raw	PVP01_0532600	5195
raw	PVP01_0532700	5196
raw	PVP01_0532900	5197
raw	PVP01_0533100	5198
raw	PVP01_0533200	5199
raw	PVP01_0533300	5200
raw	PVP01_0533600	5201
raw	PVP01_0533700	5202
raw	PVP01_0533900	5203
raw	PVP01_0534200	5204
raw	PVP01_0534300	5205
raw	PVP01_0534400	5206
raw	PVP01_0534800	5207
raw	PVP01_0534900	5208
raw	PVP01_0700200	5209
raw	PVP01_0700500	5210
raw	PVP01_0700600	5211
raw	PVP01_0700700	5212
raw	PVP01_0700800	5213
raw	PVP01_0701000	5214
raw	PVP01_0701200	5215
raw	PVP01_0702200	5216
raw	PVP01_0702700	5217
raw	PVP01_0702800	5218
raw	PVP01_0702900	5219
raw	PVP01_0703400	5220
raw	PVP01_0703800	5221
raw	PVP01_0705000	5222
raw	PVP01_0705200	5223
raw	PVP01_0705300	5224
raw	PVP01_0705400	5225
raw	PVP01_0708500	5226
raw	PVP01_0711500	5227
raw	PVP01_0711550	5228
raw	PVP01_0713900	5229
raw	PVP01_0715700	5230
raw	PVP01_0715800	5231
raw	PVP01_0716000	5232
raw	PVP01_0716200	5233
raw	PVP01_0719900	5234
raw	PVP01_0720000	5235
raw	PVP01_0721700	5236
raw	PVP01_0727200	5237
raw	PVP01_0727800	5238
raw	PVP01_0728000	5239
raw	PVP01_0730000	5240
raw	PVP01_0730400	5241
raw	PVP01_0731100	5242
raw	PVP01_0732000	5243
raw	PVP01_0732200	5244
raw	PVP01_0733700	5245
raw	PVP01_0734100	5246
raw	PVP01_0734500	5247
raw	PVP01_0734700	5248
raw	PVP01_0735100	5249
raw	PVP01_0735200	5250
raw	PVP01_0735400	5251
raw	PVP01_0736500	5252
raw	PVP01_0737100	5253
raw	PVP01_0004330	5254
raw	PVP01_0004360	5255
raw	PVP01_0004380	5256
raw	PVP01_0004390	5257
raw	PVP01_0004400	5258
raw	PVP01_0007640	5259
raw	PVP01_0002080	5260
raw	PVP01_0002140	5261
raw	PVP01_0007860	5262
raw	PVP01_0007550	5263
raw	PVP01_0007920	5264
raw	PVP01_0007280	5265
raw	PVP01_0000030	5266
raw	PVP01_0001410	5267
raw	PVP01_0008020	5268
raw	PVP01_0008090	5269
raw	PVP01_0009850	5270
raw	PVP01_0004570	5271
raw	PVP01_0003140	5272
raw	PVP01_0003220	5273
raw	PVP01_0003530	5274
raw	PVP01_0006380	5275
raw	PVP01_0010570	5276
raw	PVP01_0010990	5277
raw	PVP01_0010230	5278
raw	PVP01_0003990	5279
raw	PVP01_0004040	5280
raw	PVP01_0005540	5281
raw	PVP01_0200900	5282
raw	PVP01_0207900	5283
raw	PVP01_0100900	5284
raw	PVP01_0105800	5285
raw	PVP01_0107000	5286
raw	PVP01_0114500	5287
raw	PVP01_0120000	5288
raw	PVP01_0120200	5289
raw	PVP01_1001200	5290
raw	PVP01_1001950	5291
raw	PVP01_1031200	5292
raw	PVP01_1034000	5293
raw	PVP01_1034600	5294
raw	PVP01_1034800	5295
raw	PVP01_1034900	5296
raw	PVP01_1400200	5297
raw	PVP01_1410600	5298
raw	PVP01_1469000	5299
raw	PVP01_1470200	5300
raw	PVP01_1470400	5301
raw	PVP01_1470500	5302
raw	PVP01_1472400	5303
raw	PVP01_0900500	5304
raw	PVP01_0900700	5305
raw	PVP01_0901500	5306
raw	PVP01_0902500	5307
raw	PVP01_0903500	5308
raw	PVP01_0915200	5309
raw	PVP01_0949100	5310
raw	PVP01_0949300	5311
raw	PVP01_0949450	5312
raw	PVP01_0949600	5313
raw	PVP01_0404900	5314
raw	PVP01_0406000	5315
raw	PVP01_0408600	5316
raw	PVP01_0423900	5317
raw	PVP01_0424000	5318
raw	PVP01_0424100	5319
raw	PVP01_1328800	5320
raw	PVP01_1347300	5321
raw	PVP01_1269000	5322
raw	PVP01_1272300	5323
raw	PVP01_1272500	5324
raw	PVP01_1274400	5325
raw	PVP01_0822200	5326
raw	PVP01_0838600	5327
raw	PVP01_0838700	5328
raw	PVP01_0838800	5329
raw	PVP01_1109500	5330
raw	PVP01_1120500	5331
raw	PVP01_1122100	5332
raw	PVP01_1122800	5333
raw	PVP01_1133200	5334
raw	PVP01_1148100	5335
raw	PVP01_1148400	5336
raw	PVP01_1148500	5337
raw	PVP01_1148600	5338
raw	PVP01_1148700	5339
raw	PVP01_1149300	5340
raw	PVP01_0605700	5341
raw	PVP01_0607300	5342
raw	PVP01_0623900	5343
raw	PVP01_0624000	5344
raw	PVP01_0300200	5345
raw	PVP01_0300900	5346
raw	PVP01_0311000	5347
raw	PVP01_0500900	5348
raw	PVP01_0533500	5349
raw	PVP01_0534100	5350
raw	PVP01_0534700	5351
raw	PVP01_0700150	5352
raw	PVP01_0700900	5353
raw	PVP01_0735300	5354
raw	PVP01_0736000	5355
raw	PVP01_0004310	5356
raw	PVP01_0009220	5357
raw	PVP01_0007660	5358
raw	PVP01_0006000	5359
raw	PVP01_0006030	5360
raw	PVP01_0006110	5361
raw	PVP01_0006560	5362
raw	PVP01_0006580	5363
raw	PVP01_0011030	5364
raw	PVP01_0007470	5365
raw	PVP01_0009270	5366
raw	PVP01_0009280	5367
raw	PVP01_0010060	5368
raw	PVP01_0010070	5369
raw	PVP01_0008390	5370
raw	PVP01_0006130	5371
raw	PVP01_0006190	5372
raw	PVP01_0002090	5373
raw	PVP01_0002170	5374
raw	PVP01_0002180	5375
raw	PVP01_0002200	5376
raw	PVP01_0002220	5377
raw	PVP01_0002230	5378
raw	PVP01_0002240	5379
raw	PVP01_0002320	5380
raw	PVP01_0002330	5381
raw	PVP01_0002400	5382
raw	PVP01_0011020	5383
raw	PVP01_0010480	5384
raw	PVP01_0010970	5385
raw	PVP01_0008780	5386
raw	PVP01_0008790	5387
raw	PVP01_0008800	5388
raw	PVP01_0008830	5389
raw	PVP01_0008700	5390
raw	PVP01_0008730	5391
raw	PVP01_0004690	5392
raw	PVP01_0004840	5393
raw	PVP01_0004860	5394
raw	PVP01_0010680	5395
raw	PVP01_0007870	5396
raw	PVP01_0007910	5397
raw	PVP01_0007510	5398
raw	PVP01_0007560	5399
raw	PVP01_0007590	5400
raw	PVP01_0007960	5401
raw	PVP01_0007970	5402
raw	PVP01_0010380	5403
raw	PVP01_0005710	5404
raw	PVP01_0005730	5405
raw	PVP01_0005790	5406
raw	PVP01_0005800	5407
raw	PVP01_0005820	5408
raw	PVP01_0010010	5409
raw	PVP01_0007260	5410
raw	PVP01_0007270	5411
raw	PVP01_0007340	5412
raw	PVP01_0009540	5413
raw	PVP01_0000020	5414
raw	PVP01_0000040	5415
raw	PVP01_0000210	5416
raw	PVP01_0000220	5417
raw	PVP01_0000240	5418
raw	PVP01_0000280	5419
raw	PVP01_0000360	5420
raw	PVP01_0000420	5421
raw	PVP01_0000490	5422
raw	PVP01_0000550	5423
raw	PVP01_0000600	5424
raw	PVP01_0000640	5425
raw	PVP01_0000670	5426
raw	PVP01_0000850	5427
raw	PVP01_0010130	5428
raw	PVP01_0010140	5429
raw	PVP01_0000940	5430
raw	PVP01_0000960	5431
raw	PVP01_0000970	5432
raw	PVP01_0000990	5433
raw	PVP01_0001050	5434
raw	PVP01_0001070	5435
raw	PVP01_0001090	5436
raw	PVP01_0001110	5437
raw	PVP01_0001120	5438
raw	PVP01_0001130	5439
raw	PVP01_0001220	5440
raw	PVP01_0001250	5441
raw	PVP01_0001280	5442
raw	PVP01_0001480	5443
raw	PVP01_0001490	5444
raw	PVP01_0001570	5445
raw	PVP01_0011050	5446
raw	PVP01_0008100	5447
raw	PVP01_0001600	5448
raw	PVP01_0001760	5449
raw	PVP01_0001800	5450
raw	PVP01_0001910	5451
raw	PVP01_0009870	5452
raw	PVP01_0007160	5453
raw	PVP01_0004440	5454
raw	PVP01_0004540	5455
raw	PVP01_0004620	5456
raw	PVP01_0003060	5457
raw	PVP01_0003150	5458
raw	PVP01_0003210	5459
raw	PVP01_0003320	5460
raw	PVP01_0010850	5461
raw	PVP01_0008640	5462
raw	PVP01_0010730	5463
raw	PVP01_0009010	5464
raw	PVP01_0007730	5465
raw	PVP01_0007750	5466
raw	PVP01_0007760	5467
raw	PVP01_0007810	5468
raw	PVP01_0010640	5469
raw	PVP01_0008140	5470
raw	PVP01_0003660	5471
raw	PVP01_0003780	5472
raw	PVP01_0006700	5473
raw	PVP01_0006710	5474
raw	PVP01_0006720	5475
raw	PVP01_0006770	5476
raw	PVP01_0006790	5477
raw	PVP01_0008860	5478
raw	PVP01_0008880	5479
raw	PVP01_0009050	5480
raw	PVP01_0009070	5481
raw	PVP01_0009090	5482
raw	PVP01_0004950	5483
raw	PVP01_0004960	5484
raw	PVP01_0004980	5485
raw	PVP01_0004990	5486
raw	PVP01_0005000	5487
raw	PVP01_0005160	5488
raw	PVP01_0009300	5489
raw	PVP01_0009330	5490
raw	PVP01_0010120	5491
raw	PVP01_0009620	5492
raw	PVP01_0009360	5493
raw	PVP01_0010240	5494
raw	PVP01_0002770	5495
raw	PVP01_0002810	5496
raw	PVP01_0002900	5497
raw	PVP01_0002940	5498
raw	PVP01_0003000	5499
raw	PVP01_0003930	5500
raw	PVP01_0003940	5501
raw	PVP01_0003960	5502
raw	PVP01_0003980	5503
raw	PVP01_0004000	5504
raw	PVP01_0004100	5505
raw	PVP01_0004110	5506
raw	PVP01_0004180	5507
raw	PVP01_0002710	5508
raw	PVP01_0002720	5509
raw	PVP01_0010210	5510
raw	PVP01_0010220	5511
raw	PVP01_0011090	5512
raw	PVP01_0010750	5513
raw	PVP01_0005520	5514
raw	PVP01_0005560	5515
raw	PVP01_0005570	5516
raw	PVP01_0005590	5517
raw	PVP01_0005610	5518
raw	PVP01_0005640	5519
raw	PVP01_0005700	5520
raw	PVP01_0008920	5521
raw	PVP01_0009430	5522
raw	PVP01_0009460	5523
raw	PVP01_0008470	5524
raw	PVP01_0005270	5525
raw	PVP01_0005420	5526
raw	PVP01_0005430	5527
raw	PVP01_0010020	5528
raw	PVP01_0010190	5529
raw	PVP01_0200200	5530
raw	PVP01_0200300	5531
raw	PVP01_0200500	5532
raw	PVP01_0200600	5533
raw	PVP01_0200700	5534
raw	PVP01_0203100	5535
raw	PVP01_0203500	5536
raw	PVP01_0220300	5537
raw	PVP01_0221100	5538
raw	PVP01_0100200	5539
raw	PVP01_0107100	5540
raw	PVP01_0116700	5541
raw	PVP01_0120400	5542
raw	PVP01_0120500	5543
raw	PVP01_0121000	5544
raw	PVP01_0121600	5545
raw	PVP01_0121700	5546
raw	PVP01_0122100	5547
raw	PVP01_1001100	5548
raw	PVP01_1001300	5549
raw	PVP01_1002100	5550
raw	PVP01_1004900	5551
raw	PVP01_1012300	5552
raw	PVP01_1035000	5553
raw	PVP01_1035200	5554
raw	PVP01_1400400	5555
raw	PVP01_1400900	5556
raw	PVP01_1401000	5557
raw	PVP01_1401200	5558
raw	PVP01_1423800	5559
raw	PVP01_1431900	5560
raw	PVP01_1438200	5561
raw	PVP01_1452600	5562
raw	PVP01_1459200	5563
raw	PVP01_1468500	5564
raw	PVP01_1469100	5565
raw	PVP01_1470100	5566
raw	PVP01_1470900	5567
raw	PVP01_1472200	5568
raw	PVP01_1472300	5569
raw	PVP01_0900600	5570
raw	PVP01_0901000	5571
raw	PVP01_0901200	5572
raw	PVP01_0901300	5573
raw	PVP01_0901400	5574
raw	PVP01_0901550	5575
raw	PVP01_0901700	5576
raw	PVP01_0902000	5577
raw	PVP01_0902200	5578
raw	PVP01_0902300	5579
raw	PVP01_0903300	5580
raw	PVP01_0903600	5581
raw	PVP01_0904000	5582
raw	PVP01_0930900	5583
raw	PVP01_0931000	5584
raw	PVP01_0937900	5585
raw	PVP01_0949400	5586
raw	PVP01_0949500	5587
raw	PVP01_0950000	5588
raw	PVP01_0401400	5589
raw	PVP01_0401600	5590
raw	PVP01_0402500	5591
raw	PVP01_0402600	5592
raw	PVP01_0402700	5593
raw	PVP01_0403200	5594
raw	PVP01_0403300	5595
raw	PVP01_0403500	5596
raw	PVP01_0403700	5597
raw	PVP01_0404000	5598
raw	PVP01_0415900	5599
raw	PVP01_0423600	5600
raw	PVP01_0423700	5601
raw	PVP01_0423800	5602
raw	PVP01_0424500	5603
raw	PVP01_1301100	5604
raw	PVP01_1308700	5605
raw	PVP01_1312700	5606
raw	PVP01_1327000	5607
raw	PVP01_1332200	5608
raw	PVP01_1201100	5609
raw	PVP01_1213700	5610
raw	PVP01_1217600	5611
raw	PVP01_1226500	5612
raw	PVP01_1235100	5613
raw	PVP01_1261000	5614
raw	PVP01_1268700	5615
raw	PVP01_1269900	5616
raw	PVP01_1270000	5617
raw	PVP01_1271200	5618
raw	PVP01_1272100	5619
raw	PVP01_1273000	5620
raw	PVP01_1273100	5621
raw	PVP01_1273600	5622
raw	PVP01_API02500	5623
raw	PVP01_API02900	5624
raw	PVP01_API04600	5625
raw	PVP01_API05300	5626
raw	PVP01_0800300	5627
raw	PVP01_0800500	5628
raw	PVP01_0827500	5629
raw	PVP01_0837100	5630
raw	PVP01_0838500	5631
raw	PVP01_0839100	5632
raw	PVP01_0839200	5633
raw	PVP01_0839600	5634
raw	PVP01_0840300	5635
raw	PVP01_1100100	5636
raw	PVP01_1100200	5637
raw	PVP01_1100600	5638
raw	PVP01_1100900	5639
raw	PVP01_1101000	5640
raw	PVP01_1102100	5641
raw	PVP01_1147800	5642
raw	PVP01_1148000	5643
raw	PVP01_1148200	5644
raw	PVP01_1149000	5645
raw	PVP01_1149200	5646
raw	PVP01_1149400	5647
raw	PVP01_1149500	5648
raw	PVP01_0600400	5649
raw	PVP01_0601100	5650
raw	PVP01_0605300	5651
raw	PVP01_0623400	5652
raw	PVP01_0624100	5653
raw	PVP01_0624600	5654
raw	PVP01_0624700	5655
raw	PVP01_0625000	5656
raw	PVP01_0300500	5657
raw	PVP01_0301000	5658
raw	PVP01_0301200	5659
raw	PVP01_0302000	5660
raw	PVP01_0306300	5661
raw	PVP01_0501000	5662
raw	PVP01_0501500	5663
raw	PVP01_0502900	5664
raw	PVP01_0503300	5665
raw	PVP01_0515000	5666
raw	PVP01_0522900	5667
raw	PVP01_0524400	5668
raw	PVP01_0525000	5669
raw	PVP01_0525100	5670
raw	PVP01_0533400	5671
raw	PVP01_0533800	5672
raw	PVP01_0534500	5673
raw	PVP01_0534550	5674
raw	PVP01_0535000	5675
raw	PVP01_0700300	5676
raw	PVP01_0700400	5677
raw	PVP01_0723200	5678
raw	PVP01_0729500	5679
raw	PVP01_0735600	5680
raw	PVP01_0736100	5681
raw	PVP01_0736400	5682
raw	PVP01_0736900	5683
raw	PVP01_0737600	5684
raw	PVP01_0737700	5685
raw	PVP01_0738000	5686
raw	PVP01_0738700	5687
raw	PVP01_0009660	5688
raw	PVP01_0009670	5689
raw	PVP01_0009590	5690
raw	PVP01_0009600	5691
raw	PVP01_0009160	5692
raw	PVP01_0009190	5693
raw	PVP01_0007630	5694
raw	PVP01_0007670	5695
raw	PVP01_0007680	5696
raw	PVP01_0007690	5697
raw	PVP01_0010740	5698
raw	PVP01_0005930	5699
raw	PVP01_0005960	5700
raw	PVP01_0006010	5701
raw	PVP01_0006040	5702
raw	PVP01_0006070	5703
raw	PVP01_0006080	5704
raw	PVP01_0006090	5705
raw	PVP01_0006570	5706
raw	PVP01_0006630	5707
raw	PVP01_0009490	5708
raw	PVP01_0009510	5709
raw	PVP01_0008530	5710
raw	PVP01_0008550	5711
raw	PVP01_0008610	5712
raw	PVP01_0007360	5713
raw	PVP01_0007370	5714
raw	PVP01_0007390	5715
raw	PVP01_0007450	5716
raw	PVP01_0009240	5717
raw	PVP01_0010340	5718
raw	PVP01_0010300	5719
raw	PVP01_0010860	5720
raw	PVP01_0010600	5721
raw	PVP01_0006120	5722
raw	PVP01_0006140	5723
raw	PVP01_0006180	5724
raw	PVP01_0006280	5725
raw	PVP01_0006290	5726
raw	PVP01_0006300	5727
raw	PVP01_0006330	5728
raw	PVP01_0008230	5729
raw	PVP01_0002190	5730
raw	PVP01_0002290	5731
raw	PVP01_0002340	5732
raw	PVP01_0002390	5733
raw	PVP01_0010450	5734
raw	PVP01_0008810	5735
raw	PVP01_0008820	5736
raw	PVP01_0004730	5737
raw	PVP01_0004740	5738
raw	PVP01_0004760	5739
raw	PVP01_0004780	5740
raw	PVP01_0004850	5741
raw	PVP01_0004930	5742
raw	PVP01_0006810	5743
raw	PVP01_0006880	5744
raw	PVP01_0006890	5745
raw	PVP01_0006900	5746
raw	PVP01_0007820	5747
raw	PVP01_0007830	5748
raw	PVP01_0007850	5749
raw	PVP01_0007880	5750
raw	PVP01_0010270	5751
raw	PVP01_0009980	5752
raw	PVP01_0007600	5753
raw	PVP01_0007950	5754
raw	PVP01_0005750	5755
raw	PVP01_0005760	5756
raw	PVP01_0005825	5757
raw	PVP01_0005830	5758
raw	PVP01_0005860	5759
raw	PVP01_0005910	5760
raw	PVP01_0007290	5761
raw	PVP01_0007330	5762
raw	PVP01_0010630	5763
raw	PVP01_0000010	5764
raw	PVP01_0000250	5765
raw	PVP01_0000260	5766
raw	PVP01_0000290	5767
raw	PVP01_0000300	5768
raw	PVP01_0000330	5769
raw	PVP01_0000370	5770
raw	PVP01_0000380	5771
raw	PVP01_0000390	5772
raw	PVP01_0000400	5773
raw	PVP01_0000430	5774
raw	PVP01_0000460	5775
raw	PVP01_0000540	5776
raw	PVP01_0000560	5777
raw	PVP01_0000570	5778
raw	PVP01_0000590	5779
raw	PVP01_0000620	5780
raw	PVP01_0000630	5781
raw	PVP01_0000820	5782
raw	PVP01_0000830	5783
raw	PVP01_0000840	5784
raw	PVP01_0000860	5785
raw	PVP01_0001020	5786
raw	PVP01_0001030	5787
raw	PVP01_0001040	5788
raw	PVP01_0001080	5789
raw	PVP01_0001150	5790
raw	PVP01_0001160	5791
raw	PVP01_0001210	5792
raw	PVP01_0001230	5793
raw	PVP01_0001310	5794
raw	PVP01_0001320	5795
raw	PVP01_0001350	5796
raw	PVP01_0001360	5797
raw	PVP01_0001400	5798
raw	PVP01_0001580	5799
raw	PVP01_0008110	5800
raw	PVP01_0001610	5801
raw	PVP01_0001670	5802
raw	PVP01_0001680	5803
raw	PVP01_0001730	5804
raw	PVP01_0001790	5805
raw	PVP01_0001810	5806
raw	PVP01_0001830	5807
raw	PVP01_0001840	5808
raw	PVP01_0001850	5809
raw	PVP01_0001860	5810
raw	PVP01_0001870	5811
raw	PVP01_0001880	5812
raw	PVP01_0001900	5813
raw	PVP01_0001920	5814
raw	PVP01_0001970	5815
raw	PVP01_0001980	5816
raw	PVP01_0002040	5817
raw	PVP01_0010390	5818
raw	PVP01_0007150	5819
raw	PVP01_0007170	5820
raw	PVP01_0007220	5821
raw	PVP01_0007230	5822
raw	PVP01_0004420	5823
raw	PVP01_0004430	5824
raw	PVP01_0004600	5825
raw	PVP01_0004640	5826
raw	PVP01_0004650	5827
raw	PVP01_0003080	5828
raw	PVP01_0003090	5829
raw	PVP01_0003230	5830
raw	PVP01_0003240	5831
raw	PVP01_0003260	5832
raw	PVP01_0003290	5833
raw	PVP01_0003340	5834
raw	PVP01_0003350	5835
raw	PVP01_0003410	5836
raw	PVP01_0003470	5837
raw	PVP01_0003510	5838
raw	PVP01_0003520	5839
raw	PVP01_0003540	5840
raw	PVP01_0003610	5841
raw	PVP01_0003630	5842
raw	PVP01_0003640	5843
raw	PVP01_0010510	5844
raw	PVP01_0008620	5845
raw	PVP01_0006400	5846
raw	PVP01_0006460	5847
raw	PVP01_0006480	5848
raw	PVP01_0009000	5849
raw	PVP01_0007740	5850
raw	PVP01_0007800	5851
raw	PVP01_0008160	5852
raw	PVP01_0008180	5853
raw	PVP01_0003650	5854
raw	PVP01_0003670	5855
raw	PVP01_0003690	5856
raw	PVP01_0003730	5857
raw	PVP01_0003800	5858
raw	PVP01_0003810	5859
raw	PVP01_0003860	5860
raw	PVP01_0003870	5861
raw	PVP01_0003890	5862
raw	PVP01_0003900	5863
raw	PVP01_0003910	5864
raw	PVP01_0006690	5865
raw	PVP01_0006740	5866
raw	PVP01_0006750	5867
raw	PVP01_0006760	5868
raw	PVP01_0006800	5869
raw	PVP01_0008850	5870
raw	PVP01_0008870	5871
raw	PVP01_0010490	5872
raw	PVP01_0009060	5873
raw	PVP01_0009080	5874
raw	PVP01_0009100	5875
raw	PVP01_0008280	5876
raw	PVP01_0008300	5877
raw	PVP01_0008310	5878
raw	PVP01_0008330	5879
raw	PVP01_0005040	5880
raw	PVP01_0005060	5881
raw	PVP01_0005120	5882
raw	PVP01_0005130	5883
raw	PVP01_0005140	5884
raw	PVP01_0005170	5885
raw	PVP01_0005180	5886
raw	PVP01_0010320	5887
raw	PVP01_0009340	5888
raw	PVP01_0010290	5889
raw	PVP01_0010890	5890
raw	PVP01_0002740	5891
raw	PVP01_0002830	5892
raw	PVP01_0002910	5893
raw	PVP01_0003030	5894
raw	PVP01_0004010	5895
raw	PVP01_0004020	5896
raw	PVP01_0004030	5897
raw	PVP01_0004050	5898
raw	PVP01_0004060	5899
raw	PVP01_0004070	5900
raw	PVP01_0004190	5901
raw	PVP01_0010470	5902
raw	PVP01_0002420	5903
raw	PVP01_0002430	5904
raw	PVP01_0002460	5905
raw	PVP01_0002470	5906
raw	PVP01_0002510	5907
raw	PVP01_0002540	5908
raw	PVP01_0002610	5909
raw	PVP01_0011070	5910
raw	PVP01_0010830	5911
raw	PVP01_0009940	5912
raw	PVP01_0009950	5913
raw	PVP01_0005550	5914
raw	PVP01_0005620	5915
raw	PVP01_0005660	5916
raw	PVP01_0005680	5917
raw	PVP01_0005690	5918
raw	PVP01_0006970	5919
raw	PVP01_0007030	5920
raw	PVP01_0007060	5921
raw	PVP01_0007070	5922
raw	PVP01_0009410	5923
raw	PVP01_0009440	5924
raw	PVP01_0005220	5925
raw	PVP01_0005240	5926
raw	PVP01_0005310	5927
raw	PVP01_0005320	5928
raw	PVP01_0005330	5929
raw	PVP01_0005410	5930
raw	PVP01_0005440	5931
raw	PVP01_0005450	5932
raw	PVP01_0005460	5933
raw	PVP01_0009800	5934
raw	PVP01_0009810	5935
raw	PVP01_0009900	5936
raw	PVP01_0010610	5937
raw	PVP01_0217400	5938
raw	PVP01_0217700	5939
raw	PVP01_0219300	5940
raw	PVP01_0219800	5941
raw	PVP01_0220000	5942
raw	PVP01_0220900	5943
raw	PVP01_0221700	5944
raw	PVP01_0221800	5945
raw	PVP01_0100400	5946
raw	PVP01_0100600	5947
raw	PVP01_0103000	5948
raw	PVP01_0120100	5949
raw	PVP01_0120300	5950
raw	PVP01_0120600	5951
raw	PVP01_0120900	5952
raw	PVP01_0121200	5953
raw	PVP01_0121500	5954
raw	PVP01_1000300	5955
raw	PVP01_1000800	5956
raw	PVP01_1001400	5957
raw	PVP01_1001500	5958
raw	PVP01_1001600	5959
raw	PVP01_1001700	5960
raw	PVP01_1001800	5961
raw	PVP01_1001850	5962
raw	PVP01_1002200	5963
raw	PVP01_1035600	5964
raw	PVP01_1035700	5965
raw	PVP01_1036000	5966
raw	PVP01_1472700	5967
raw	PVP01_1472900	5968
raw	PVP01_0900100	5969
raw	PVP01_0900300	5970
raw	PVP01_0902800	5971
raw	PVP01_0903100	5972
raw	PVP01_0910600	5973
raw	PVP01_0950050	5974
raw	PVP01_0400400	5975
raw	PVP01_0400900	5976
raw	PVP01_0401300	5977
raw	PVP01_0402100	5978
raw	PVP01_0402200	5979
raw	PVP01_0402750	5980
raw	PVP01_0402900	5981
raw	PVP01_0403400	5982
raw	PVP01_0403600	5983
raw	PVP01_0404100	5984
raw	PVP01_0421600	5985
raw	PVP01_1347400	5986
raw	PVP01_1200100	5987
raw	PVP01_1200200	5988
raw	PVP01_1200400	5989
raw	PVP01_1200500	5990
raw	PVP01_1200600	5991
raw	PVP01_1200900	5992
raw	PVP01_1215700	5993
raw	PVP01_1268800	5994
raw	PVP01_1272700	5995
raw	PVP01_1273400	5996
raw	PVP01_1274100	5997
raw	PVP01_API01200	5998
raw	PVP01_API01700	5999
raw	PVP01_API01800	6000
raw	PVP01_API02000	6001
raw	PVP01_API02200	6002
raw	PVP01_API02300	6003
raw	PVP01_API02700	6004
raw	PVP01_API04300	6005
raw	PVP01_API05100	6006
raw	PVP01_0824900	6007
raw	PVP01_0840000	6008
raw	PVP01_0840100	6009
raw	PVP01_0840200	6010
raw	PVP01_0840700	6011
raw	PVP01_1100500	6012
raw	PVP01_1100800	6013
raw	PVP01_1101100	6014
raw	PVP01_1128700	6015
raw	PVP01_1148300	6016
raw	PVP01_1148800	6017
raw	PVP01_0600100	6018
raw	PVP01_0300400	6019
raw	PVP01_0301050	6020
raw	PVP01_0301100	6021
raw	PVP01_0301400	6022
raw	PVP01_0301600	6023
raw	PVP01_0500200	6024
raw	PVP01_0500300	6025
raw	PVP01_0501200	6026
raw	PVP01_0501600	6027
raw	PVP01_0502100	6028
raw	PVP01_0534600	6029
raw	PVP01_0535300	6030
raw	PVP01_0535400	6031
raw	PVP01_0735500	6032
raw	PVP01_0735700	6033
raw	PVP01_0737200	6034
raw	PVP01_0737500	6035
raw	PVP01_0737800	6036
raw	PVP01_0738300	6037
raw	PVP01_0738600	6038
raw	PVP01_0004320	6039
raw	PVP01_0007650	6040
raw	PVP01_0005920	6041
raw	PVP01_0006050	6042
raw	PVP01_0006100	6043
raw	PVP01_0010690	6044
raw	PVP01_0006590	6045
raw	PVP01_0007420	6046
raw	PVP01_0009250	6047
raw	PVP01_0010100	6048
raw	PVP01_0008370	6049
raw	PVP01_0010370	6050
raw	PVP01_0010040	6051
raw	PVP01_0006220	6052
raw	PVP01_0006230	6053
raw	PVP01_0006260	6054
raw	PVP01_0002070	6055
raw	PVP01_0002310	6056
raw	PVP01_0008770	6057
raw	PVP01_0008840	6058
raw	PVP01_0008710	6059
raw	PVP01_0008720	6060
raw	PVP01_0010530	6061
raw	PVP01_0004720	6062
raw	PVP01_0004890	6063
raw	PVP01_0006840	6064
raw	PVP01_0007840	6065
raw	PVP01_0007890	6066
raw	PVP01_0010260	6067
raw	PVP01_0007520	6068
raw	PVP01_0007530	6069
raw	PVP01_0007570	6070
raw	PVP01_0010280	6071
raw	PVP01_0010980	6072
raw	PVP01_0005720	6073
raw	PVP01_0005780	6074
raw	PVP01_0005840	6075
raw	PVP01_0005890	6076
raw	PVP01_0010000	6077
raw	PVP01_0007320	6078
raw	PVP01_0009530	6079
raw	PVP01_0009560	6080
raw	PVP01_0000180	6081
raw	PVP01_0000440	6082
raw	PVP01_0000710	6083
raw	PVP01_0000920	6084
raw	PVP01_0001010	6085
raw	PVP01_0001170	6086
raw	PVP01_0001190	6087
raw	PVP01_0001290	6088
raw	PVP01_0001380	6089
raw	PVP01_0001390	6090
raw	PVP01_0001460	6091
raw	PVP01_0001520	6092
raw	PVP01_0001560	6093
raw	PVP01_0008070	6094
raw	PVP01_0001640	6095
raw	PVP01_0001690	6096
raw	PVP01_0001700	6097
raw	PVP01_0002030	6098
raw	PVP01_0007180	6099
raw	PVP01_0004610	6100
raw	PVP01_0004670	6101
raw	PVP01_0003270	6102
raw	PVP01_0003460	6103
raw	PVP01_0003490	6104
raw	PVP01_0003500	6105
raw	PVP01_0008650	6106
raw	PVP01_0009030	6107
raw	PVP01_0009040	6108
raw	PVP01_0003750	6109
raw	PVP01_0003840	6110
raw	PVP01_0003920	6111
raw	PVP01_0006780	6112
raw	PVP01_0008290	6113
raw	PVP01_0010330	6114
raw	PVP01_0009350	6115
raw	PVP01_0011010	6116
raw	PVP01_0002860	6117
raw	PVP01_0002950	6118
raw	PVP01_0003010	6119
raw	PVP01_0003950	6120
raw	PVP01_0002520	6121
raw	PVP01_0002550	6122
raw	PVP01_0005510	6123
raw	PVP01_0005650	6124
raw	PVP01_0008960	6125
raw	PVP01_0008450	6126
raw	PVP01_0008520	6127
raw	PVP01_0005230	6128
raw	PVP01_0005400	6129
raw	PVP01_0009880	6130
raw	PVP01_0200100	6131
raw	PVP01_0201000	6132
raw	PVP01_0219600	6133
raw	PVP01_0220200	6134
raw	PVP01_0220500	6135
raw	PVP01_1000700	6136
raw	PVP01_1001900	6137
raw	PVP01_1019500	6138
raw	PVP01_1035500	6139
raw	PVP01_1472500	6140
raw	PVP01_1472800	6141
raw	PVP01_0902450	6142
raw	PVP01_0909800	6143
raw	PVP01_0402300	6144
raw	PVP01_0402400	6145
raw	PVP01_0424400	6146
raw	PVP01_1300100	6147
raw	PVP01_1347600	6148
raw	PVP01_1200300	6149
raw	PVP01_API01400	6150
raw	PVP01_API01500	6151
raw	PVP01_API01600	6152
raw	PVP01_API02100	6153
raw	PVP01_API03400	6154
raw	PVP01_API04700	6155
raw	PVP01_0827600	6156
raw	PVP01_0839900	6157
raw	PVP01_0840900	6158
raw	PVP01_1100700	6159
raw	PVP01_1128600	6160
raw	PVP01_0501100	6161
raw	PVP01_0501700	6162
raw	PVP01_0735800	6163
raw	PVP01_0736300	6164
raw	PVP01_0736600	6165
raw	PVP01_0737300	6166
raw	PVP01_0739100	6167
raw	PVP01_0005280	6168
raw	PVP01_0002370	6169
raw	PVP01_1102000	6170
raw	PVP01_0002260	6171
raw	PVP01_0001000	6172
raw	PVP01_0003700	6173
raw	PVP01_0400100	6174
raw	PVP01_0839500	6175
raw	PVP01_0007380	6176
raw	PVP01_0004830	6177
raw	PVP01_0009710	6178
raw	PVP01_0403100	6179
raw	PVP01_API04500	6180
raw	PVP01_0004370	6181
raw	PVP01_0009140	6182
raw	PVP01_0010810	6183
raw	PVP01_0006020	6184
raw	PVP01_0006510	6185
raw	PVP01_0008540	6186
raw	PVP01_0010540	6187
raw	PVP01_0010620	6188
raw	PVP01_0010050	6189
raw	PVP01_0006270	6190
raw	PVP01_0010660	6191
raw	PVP01_0008740	6192
raw	PVP01_0004810	6193
raw	PVP01_0004910	6194
raw	PVP01_0006930	6195
raw	PVP01_0007540	6196
raw	PVP01_0000660	6197
raw	PVP01_0000870	6198
raw	PVP01_0001200	6199
raw	PVP01_0001330	6200
raw	PVP01_0001510	6201
raw	PVP01_0001540	6202
raw	PVP01_0008050	6203
raw	PVP01_0001990	6204
raw	PVP01_0004450	6205
raw	PVP01_0004500	6206
raw	PVP01_0004510	6207
raw	PVP01_0003050	6208
raw	PVP01_0003570	6209
raw	PVP01_0008670	6210
raw	PVP01_0006340	6211
raw	PVP01_0006350	6212
raw	PVP01_0010820	6213
raw	PVP01_0003710	6214
raw	PVP01_0006650	6215
raw	PVP01_0005030	6216
raw	PVP01_0009640	6217
raw	PVP01_0009380	6218
raw	PVP01_0002630	6219
raw	PVP01_0002640	6220
raw	PVP01_0005480	6221
raw	PVP01_0006990	6222
raw	PVP01_0007010	6223
raw	PVP01_0005250	6224
raw	PVP01_0005390	6225
raw	PVP01_0218100	6226
raw	PVP01_0218300	6227
raw	PVP01_0100300	6228
raw	PVP01_1000550	6229
raw	PVP01_1000600	6230
raw	PVP01_0902400	6231
raw	PVP01_0903200	6232
raw	PVP01_0402000	6233
raw	PVP01_1148900	6234
raw	PVP01_0736700	6235
raw	PVP01_0737000	6236
raw	PVP01_0738800	6237
raw	PVP01_0009150	6238
raw	PVP01_0005970	6239
raw	PVP01_0006500	6240
raw	PVP01_0006610	6241
raw	PVP01_0009480	6242
raw	PVP01_0008570	6243
raw	PVP01_0008580	6244
raw	PVP01_0006170	6245
raw	PVP01_0002130	6246
raw	PVP01_0002160	6247
raw	PVP01_0004820	6248
raw	PVP01_0005770	6249
raw	PVP01_0000230	6250
raw	PVP01_0000580	6251
raw	PVP01_0001060	6252
raw	PVP01_0001370	6253
raw	PVP01_0001530	6254
raw	PVP01_0008030	6255
raw	PVP01_0001630	6256
raw	PVP01_0001710	6257
raw	PVP01_0002000	6258
raw	PVP01_0004490	6259
raw	PVP01_0004550	6260
raw	PVP01_0010940	6261
raw	PVP01_0003480	6262
raw	PVP01_0003620	6263
raw	PVP01_0009730	6264
raw	PVP01_0006370	6265
raw	PVP01_0006410	6266
raw	PVP01_0006440	6267
raw	PVP01_0010590	6268
raw	PVP01_0008120	6269
raw	PVP01_0008190	6270
raw	PVP01_0003720	6271
raw	PVP01_0003740	6272
raw	PVP01_0005070	6273
raw	PVP01_0009630	6274
raw	PVP01_0002760	6275
raw	PVP01_0004080	6276
raw	PVP01_0004140	6277
raw	PVP01_0002440	6278
raw	PVP01_0002580	6279
raw	PVP01_0011140	6280
raw	PVP01_0005490	6281
raw	PVP01_0010150	6282
raw	PVP01_0009470	6283
raw	PVP01_0005260	6284
raw	PVP01_0005300	6285
raw	PVP01_0009690	6286
raw	PVP01_0221200	6287
raw	PVP01_0221600	6288
raw	PVP01_0100700	6289
raw	PVP01_0100800	6290
raw	PVP01_0121400	6291
raw	PVP01_1000400	6292
raw	PVP01_1473000	6293
raw	PVP01_0500400	6294
raw	PVP01_0501800	6295
raw	PVP01_0501900	6296
raw	PVP01_0009180	6297
raw	PVP01_0007610	6298
raw	PVP01_0007620	6299
raw	PVP01_0005950	6300
raw	PVP01_0005990	6301
raw	PVP01_0006620	6302
raw	PVP01_0006640	6303
raw	PVP01_0008590	6304
raw	PVP01_0007430	6305
raw	PVP01_0006250	6306
raw	PVP01_0004880	6307
raw	PVP01_0006850	6308
raw	PVP01_0011040	6309
raw	PVP01_0000320	6310
raw	PVP01_0000410	6311
raw	PVP01_0000500	6312
raw	PVP01_0000790	6313
raw	PVP01_0000900	6314
raw	PVP01_0001100	6315
raw	PVP01_0001470	6316
raw	PVP01_0001890	6317
raw	PVP01_0007120	6318
raw	PVP01_0004460	6319
raw	PVP01_0004470	6320
raw	PVP01_0004590	6321
raw	PVP01_0003200	6322
raw	PVP01_0003430	6323
raw	PVP01_0007700	6324
raw	PVP01_0007770	6325
raw	PVP01_0007780	6326
raw	PVP01_0003680	6327
raw	PVP01_0003760	6328
raw	PVP01_0003770	6329
raw	PVP01_0003820	6330
raw	PVP01_0002750	6331
raw	PVP01_0002980	6332
raw	PVP01_0009960	6333
raw	PVP01_0002570	6334
raw	PVP01_0002670	6335
raw	PVP01_0011060	6336
raw	PVP01_0008930	6337
raw	PVP01_0008970	6338
raw	PVP01_0007000	6339
raw	PVP01_0009400	6340
raw	PVP01_0009450	6341
raw	PVP01_0005380	6342
raw	PVP01_0009790	6343
raw	PVP01_0219900	6344
raw	PVP01_0221000	6345
raw	PVP01_0121300	6346
raw	PVP01_1002000	6347
raw	PVP01_0949700	6348
raw	PVP01_0400200	6349
raw	PVP01_0400700	6350
raw	PVP01_0839800	6351
raw	PVP01_0004340	6352
raw	PVP01_0008560	6353
raw	PVP01_0007400	6354
raw	PVP01_0002250	6355
raw	PVP01_0002350	6356
raw	PVP01_0002360	6357
raw	PVP01_0008750	6358
raw	PVP01_0006870	6359
raw	PVP01_0000270	6360
raw	PVP01_0000450	6361
raw	PVP01_0000680	6362
raw	PVP01_0000760	6363
raw	PVP01_0000880	6364
raw	PVP01_0008060	6365
raw	PVP01_0001620	6366
raw	PVP01_0001750	6367
raw	PVP01_0004480	6368
raw	PVP01_0004680	6369
raw	PVP01_0003110	6370
raw	PVP01_0003330	6371
raw	PVP01_0003550	6372
raw	PVP01_0003600	6373
raw	PVP01_0006420	6374
raw	PVP01_0008900	6375
raw	PVP01_0008320	6376
raw	PVP01_0005200	6377
raw	PVP01_0009840	6378
raw	PVP01_0002780	6379
raw	PVP01_0002490	6380
raw	PVP01_0011130	6381
raw	PVP01_0005580	6382
raw	PVP01_0005630	6383
raw	PVP01_0005340	6384
raw	PVP01_0005360	6385
raw	PVP01_0218400	6386
raw	PVP01_0221400	6387
raw	PVP01_0401500	6388
raw	PVP01_1274800	6389
raw	PVP01_1274900	6390
raw	PVP01_0300300	6391
raw	PVP01_0503100	6392
raw	PVP01_0739200	6393
raw	PVP01_0005940	6394
raw	PVP01_0008600	6395
raw	PVP01_0006320	6396
raw	PVP01_0008250	6397
raw	PVP01_0002120	6398
raw	PVP01_0004870	6399
raw	PVP01_0006860	6400
raw	PVP01_0006920	6401
raw	PVP01_0005880	6402
raw	PVP01_0000510	6403
raw	PVP01_0000890	6404
raw	PVP01_0001340	6405
raw	PVP01_0008040	6406
raw	PVP01_0010430	6407
raw	PVP01_0003590	6408
raw	PVP01_0008690	6409
raw	PVP01_0006660	6410
raw	PVP01_0010170	6411
raw	PVP01_0002850	6412
raw	PVP01_0003040	6413
raw	PVP01_0002560	6414
raw	PVP01_0007040	6415
raw	PVP01_0009750	6416
raw	PVP01_0008500	6417
raw	PVP01_0005290	6418
raw	PVP01_0009700	6419
raw	PVP01_0220700	6420
raw	PVP01_0122200	6421
raw	PVP01_1004300	6422
raw	PVP01_0400500	6423
raw	PVP01_1300200	6424
raw	PVP01_1273200	6425
raw	PVP01_1273700	6426
raw	PVP01_1274000	6427
raw	PVP01_API02400	6428
raw	PVP01_0840600	6429
raw	PVP01_0500700	6430
raw	PVP01_0735900	6431
raw	PVP01_0737400	6432
raw	PVP01_0006310	6433
raw	PVP01_0010460	6434
raw	PVP01_0009550	6435
raw	PVP01_0000730	6436
raw	PVP01_0000770	6437
raw	PVP01_0003280	6438
raw	PVP01_0003310	6439
raw	PVP01_0008170	6440
raw	PVP01_0005080	6441
raw	PVP01_0009310	6442
raw	PVP01_0009820	6443
raw	PVP01_0009370	6444
raw	PVP01_0002410	6445
raw	PVP01_0002600	6446
raw	PVP01_0010870	6447
raw	PVP01_0008480	6448
raw	PVP01_0008490	6449
raw	PVP01_0218700	6450
raw	PVP01_0900400	6451
raw	PVP01_1274200	6452
raw	PVP01_API00100	6453
raw	PVP01_API00500	6454
raw	PVP01_0524800	6455
raw	PVP01_0737900	6456
raw	PVP01_0738900	6457
raw	PVP01_0006150	6458
raw	PVP01_0006240	6459
raw	PVP01_0008200	6460
raw	PVP01_0008240	6461
raw	PVP01_0002110	6462
raw	PVP01_0002380	6463
raw	PVP01_0006820	6464
raw	PVP01_0006950	6465
raw	PVP01_0000610	6466
raw	PVP01_0000720	6467
raw	PVP01_0000930	6468
raw	PVP01_0004520	6469
raw	PVP01_0003100	6470
raw	PVP01_0003580	6471
raw	PVP01_0005020	6472
raw	PVP01_0002990	6473
raw	PVP01_0004150	6474
raw	PVP01_0002680	6475
raw	PVP01_0010910	6476
raw	PVP01_0011100	6477
raw	PVP01_0005370	6478
raw	PVP01_0217600	6479
raw	PVP01_0219700	6480
raw	PVP01_0220600	6481
raw	PVP01_0220800	6482
raw	PVP01_0100500	6483
raw	PVP01_0400300	6484
raw	PVP01_1300300	6485
raw	PVP01_1274500	6486
raw	PVP01_1274600	6487
raw	PVP01_API00400	6488
raw	PVP01_API04400	6489
raw	PVP01_0501300	6490
raw	PVP01_0739300	6491
raw	PVP01_0006530	6492
raw	PVP01_0002800	6493
raw	PVP01_1035400	6494
raw	PVP01_API01300	6495
raw	PVP01_API03700	6496
raw	PVP01_API05200	6497
raw	PVP01_0500600	6498
raw	PVP01_0501400	6499
raw	PVP01_0007410	6500
raw	PVP01_0009230	6501
raw	PVP01_0008420	6502
raw	PVP01_0000780	6503
raw	PVP01_0001720	6504
raw	PVP01_0001820	6505
raw	PVP01_0007110	6506
raw	PVP01_0003160	6507
raw	PVP01_0006470	6508
raw	PVP01_0005010	6509
raw	PVP01_0004130	6510
raw	PVP01_0100100	6511
raw	PVP01_API00200	6512
raw	PVP01_0010580	6513
raw	PVP01_0000480	6514
raw	PVP01_0003560	6515
raw	PVP01_0500800	6516
raw	PVP01_0008380	6517
raw	PVP01_0002270	6518
raw	PVP01_0008000	6519
raw	PVP01_0005810	6520
raw	PVP01_0005900	6521
raw	PVP01_0007310	6522
raw	PVP01_0001590	6523
raw	PVP01_0007210	6524
raw	PVP01_0003130	6525
raw	PVP01_0010090	6526
raw	PVP01_0006360	6527
raw	PVP01_0009020	6528
raw	PVP01_0004090	6529
raw	PVP01_0002500	6530
raw	PVP01_1000100	6531
raw	PVP01_1400100	6532
raw	PVP01_0006060	6533
raw	PVP01_0010920	6534
raw	PVP01_0002060	6535
raw	PVP01_0000650	6536
raw	PVP01_0001930	6537
raw	PVP01_0003190	6538
raw	PVP01_0003420	6539
raw	PVP01_0008150	6540
raw	PVP01_0008340	6541
raw	PVP01_0002790	6542
raw	PVP01_0002930	6543
raw	PVP01_0010780	6544
raw	PVP01_0008950	6545
raw	PVP01_0219200	6546
raw	PVP01_0219400	6547
raw	PVP01_0120800	6548
raw	PVP01_1035900	6549
raw	PVP01_0403000	6550
raw	PVP01_1272800	6551
raw	PVP01_1273900	6552
raw	PVP01_API03600	6553
raw	PVP01_0600300	6554
raw	PVP01_0500100	6555
raw	PVP01_0535200	6556
raw	PVP01_0009200	6557
raw	PVP01_0010110	6558
raw	PVP01_0004900	6559
raw	PVP01_0007900	6560
raw	PVP01_0007990	6561
raw	PVP01_0001140	6562
raw	PVP01_0003170	6563
raw	PVP01_0006390	6564
raw	PVP01_0008990	6565
raw	PVP01_0011120	6566
raw	PVP01_0005530	6567
raw	PVP01_0218000	6568
raw	PVP01_0218900	6569
raw	PVP01_0221300	6570
raw	PVP01_0738100	6571
raw	PVP01_0008220	6572
raw	PVP01_0004800	6573
raw	PVP01_0007500	6574
raw	PVP01_0000800	6575
raw	PVP01_0001960	6576
raw	PVP01_0009390	6577
raw	PVP01_0011080	6578
raw	PVP01_0011150	6579
raw	PVP01_0009890	6580
raw	PVP01_0200400	6581
raw	PVP01_1472600	6582
raw	PVP01_0401800	6583
raw	PVP01_1347500	6584
raw	PVP01_0003120	6585
raw	PVP01_0007710	6586
raw	PVP01_0121100	6587
raw	PVP01_0400800	6588
raw	PVP01_API01100	6589
raw	PVP01_API03300	6590
raw	PVP01_0739000	6591
raw	PVP01_0006540	6592
raw	PVP01_0008210	6593
raw	PVP01_0005500	6594
raw	PVP01_0009680	6595
raw	PVP01_0218150	6596
raw	PVP01_1035800	6597
raw	PVP01_0006160	6598
raw	PVP01_0004790	6599
raw	PVP01_0004120	6600
raw	PVP01_0218200	6601
raw	PVP01_1300500	6602
raw	PVP01_API05400	6603
raw	PVP01_0007440	6604
raw	PVP01_0000530	6605
raw	PVP01_0010500	6606
raw	PVP01_0010400	6607
raw	PVP01_0003070	6608
raw	PVP01_0217900	6609
raw	PVP01_0840800	6610
raw	PVP01_0009130	6611
raw	PVP01_0005980	6612
raw	PVP01_0010420	6613
raw	PVP01_0000740	6614
raw	PVP01_0000750	6615
raw	PVP01_0007200	6616
raw	PVP01_0003180	6617
raw	PVP01_0009290	6618
raw	PVP01_0010790	6619
raw	PVP01_0218600	6620
raw	PVP01_0218800	6621
raw	PVP01_0101000	6622
raw	PVP01_1035350	6623
raw	PVP01_0008940	6624
raw	PVP01_0007090	6625
raw	PVP01_0009650	6626
raw	PVP01_0009570	6627
raw	PVP01_0009580	6628
raw	PVP01_0009610	6629
raw	PVP01_0009120	6630
raw	PVP01_0011000	6631
raw	PVP01_0006600	6632
raw	PVP01_0009520	6633
raw	PVP01_0007460	6634
raw	PVP01_0008400	6635
raw	PVP01_0008430	6636
raw	PVP01_0008440	6637
raw	PVP01_0010360	6638
raw	PVP01_0010770	6639
raw	PVP01_0010410	6640
raw	PVP01_0006200	6641
raw	PVP01_0006210	6642
raw	PVP01_0002150	6643
raw	PVP01_0002280	6644
raw	PVP01_0002300	6645
raw	PVP01_0010650	6646
raw	PVP01_0010350	6647
raw	PVP01_0004710	6648
raw	PVP01_0004750	6649
raw	PVP01_0004770	6650
raw	PVP01_0006830	6651
raw	PVP01_0006910	6652
raw	PVP01_0007480	6653
raw	PVP01_0007490	6654
raw	PVP01_0007580	6655
raw	PVP01_0007930	6656
raw	PVP01_0007940	6657
raw	PVP01_0007980	6658
raw	PVP01_0005850	6659
raw	PVP01_0010160	6660
raw	PVP01_0007250	6661
raw	PVP01_0007300	6662
raw	PVP01_0007350	6663
raw	PVP01_0010930	6664
raw	PVP01_0000520	6665
raw	PVP01_0000690	6666
raw	PVP01_0000700	6667
raw	PVP01_0000910	6668
raw	PVP01_0001180	6669
raw	PVP01_0001240	6670
raw	PVP01_0001260	6671
raw	PVP01_0001270	6672
raw	PVP01_0001300	6673
raw	PVP01_0001550	6674
raw	PVP01_0008080	6675
raw	PVP01_0001650	6676
raw	PVP01_0001660	6677
raw	PVP01_0001740	6678
raw	PVP01_0001770	6679
raw	PVP01_0001780	6680
raw	PVP01_0001940	6681
raw	PVP01_0001950	6682
raw	PVP01_0002010	6683
raw	PVP01_0002020	6684
raw	PVP01_0007130	6685
raw	PVP01_0007140	6686
raw	PVP01_0007190	6687
raw	PVP01_0010310	6688
raw	PVP01_0004530	6689
raw	PVP01_0004560	6690
raw	PVP01_0004630	6691
raw	PVP01_0004660	6692
raw	PVP01_0003250	6693
raw	PVP01_0003300	6694
raw	PVP01_0010080	6695
raw	PVP01_0003360	6696
raw	PVP01_0003370	6697
raw	PVP01_0003380	6698
raw	PVP01_0003390	6699
raw	PVP01_0003400	6700
raw	PVP01_0003440	6701
raw	PVP01_0003450	6702
raw	PVP01_0008660	6703
raw	PVP01_0008680	6704
raw	PVP01_0006430	6705
raw	PVP01_0006450	6706
raw	PVP01_0006490	6707
raw	PVP01_0008980	6708
raw	PVP01_0007790	6709
raw	PVP01_0010900	6710
raw	PVP01_0008130	6711
raw	PVP01_0003790	6712
raw	PVP01_0003830	6713
raw	PVP01_0003850	6714
raw	PVP01_0003880	6715
raw	PVP01_0006670	6716
raw	PVP01_0006680	6717
raw	PVP01_0006730	6718
raw	PVP01_0008890	6719
raw	PVP01_0008910	6720
raw	PVP01_0010520	6721
raw	PVP01_0009110	6722
raw	PVP01_0008350	6723
raw	PVP01_0004940	6724
raw	PVP01_0005050	6725
raw	PVP01_0005090	6726
raw	PVP01_0005100	6727
raw	PVP01_0005110	6728
raw	PVP01_0010560	6729
raw	PVP01_0009320	6730
raw	PVP01_0009830	6731
raw	PVP01_0002730	6732
raw	PVP01_0002840	6733
raw	PVP01_0002870	6734
raw	PVP01_0002880	6735
raw	PVP01_0002890	6736
raw	PVP01_0002920	6737
raw	PVP01_0002960	6738
raw	PVP01_0002970	6739
raw	PVP01_0003020	6740
raw	PVP01_0009970	6741
raw	PVP01_0004160	6742
raw	PVP01_0002480	6743
raw	PVP01_0002590	6744
raw	PVP01_0002620	6745
raw	PVP01_0002650	6746
raw	PVP01_0002660	6747
raw	PVP01_0002690	6748
raw	PVP01_0002700	6749
raw	PVP01_0011110	6750
raw	PVP01_0010960	6751
raw	PVP01_0010720	6752
raw	PVP01_0010700	6753
raw	PVP01_0005470	6754
raw	PVP01_0005600	6755
raw	PVP01_0005670	6756
raw	PVP01_0007020	6757
raw	PVP01_0007050	6758
raw	PVP01_0007100	6759
raw	PVP01_0009910	6760
raw	PVP01_0009920	6761
raw	PVP01_0009780	6762
raw	PVP01_0008460	6763
raw	PVP01_0008510	6764
raw	PVP01_0005350	6765
raw	PVP01_0010800	6766
raw	PVP01_0010950	6767
raw	PVP01_0010180	6768
raw	PVP01_0217800	6769
raw	PVP01_0218500	6770
raw	PVP01_0219000	6771
raw	PVP01_0219100	6772
raw	PVP01_0219500	6773
raw	PVP01_0221500	6774
raw	PVP01_0101100	6775
raw	PVP01_0101200	6776
raw	PVP01_0101300	6777
raw	PVP01_0101400	6778
raw	PVP01_0101500	6779
raw	PVP01_0101600	6780
raw	PVP01_0101700	6781
raw	PVP01_0101800	6782
raw	PVP01_0101900	6783
raw	PVP01_0102000	6784
raw	PVP01_0102100	6785
raw	PVP01_0102200	6786
raw	PVP01_0102300	6787
raw	PVP01_0102400	6788
raw	PVP01_0120700	6789
raw	PVP01_1000900	6790
raw	PVP01_1035300	6791
raw	PVP01_1036100	6792
raw	PVP01_1451250	6793
raw	PVP01_0900200	6794
raw	PVP01_0900800	6795
raw	PVP01_0900850	6796
raw	PVP01_0900900	6797
raw	PVP01_0902700	6798
raw	PVP01_0903000	6799
raw	PVP01_0910300	6800
raw	PVP01_0910400	6801
raw	PVP01_0910500	6802
raw	PVP01_0400600	6803
raw	PVP01_0401000	6804
raw	PVP01_0401100	6805
raw	PVP01_0401200	6806
raw	PVP01_0401700	6807
raw	PVP01_0401900	6808
raw	PVP01_0402800	6809
raw	PVP01_1324900	6810
raw	PVP01_1325000	6811
raw	PVP01_1346300	6812
raw	PVP01_1200700	6813
raw	PVP01_1203400	6814
raw	PVP01_1213500	6815
raw	PVP01_1266800	6816
raw	PVP01_1273500	6817
raw	PVP01_1273800	6818
raw	PVP01_1274700	6819
raw	PVP01_API00300	6820
raw	PVP01_API00600	6821
raw	PVP01_API00700	6822
raw	PVP01_API00800	6823
raw	PVP01_API00900	6824
raw	PVP01_API01000	6825
raw	PVP01_API03100	6826
raw	PVP01_API03200	6827
raw	PVP01_API03800	6828
raw	PVP01_API04900	6829
raw	PVP01_API05000	6830
raw	PVP01_0833300	6831
raw	PVP01_0840400	6832
raw	PVP01_0840500	6833
raw	PVP01_0840750	6834
raw	PVP01_0500500	6835
raw	PVP01_0502000	6836
raw	PVP01_0502200	6837
raw	PVP01_0502300	6838
raw	PVP01_0502400	6839
raw	PVP01_0502500	6840
raw	PVP01_0535100	6841
raw	PVP01_0736200	6842
raw	PVP01_0736800	6843
raw	PVP01_0738200	6844
raw	PVP01_0738400	6845
raw	PVP01_0738500	6846
raw	PVP01_0739050	6847
raw	PVP01_0739250	6848
raw	PVP01_0119100	6849
raw	PVP01_0202700	6850
raw	PVP01_0202800	6851
raw	PVP01_0202900	6852
raw	PVP01_0504500	6853
raw	PVP01_0504600	6854
raw	PVP01_0504700	6855
raw	PVP01_0622800	6856
raw	PVP01_0801900	6857
raw	PVP01_API04800	6858
raw	PVP01_MIT00400	6859
raw	PVP01_0010550	6860
raw	PVP01_0119000	6861
raw	PVP01_1330200	6862
raw	PVP01_1330400	6863
raw	PVP01_MIT00200	6864
raw	PVP01_MIT00300	6865
raw	PVP01_MIT00500	6866
raw	PVP01_MIT00800	6867
raw	PVP01_MIT00900	6868
raw	PVP01_MIT01200	6869
raw	PVP01_MIT01500	6870
raw	PVP01_MIT02200	6871
raw	PVP01_MIT03000	6872
raw	PVP01_MIT03100	6873
raw	PVP01_MIT03200	6874
raw	PVP01_0802000	6875
raw	PVP01_MIT00600	6876
raw	PVP01_MIT01400	6877
raw	PVP01_MIT02400	6878
raw	PVP01_MIT02800	6879
raw	PVP01_MIT03500	6880
raw	PVP01_0622900	6881
raw	PVP01_MIT00100	6882
raw	PVP01_MIT00700	6883
raw	PVP01_MIT01300	6884
raw	PVP01_MIT02600	6885
raw	PVP01_API05500	6886
raw	PVP01_MIT02300	6887
raw	PVP01_1330300	6888
raw	PVP01_MIT01600	6889
raw	PVP01_MIT02900	6890
raw	PVP01_MIT01000	6891
raw	PVP01_MIT01100	6892
raw	PVP01_MIT01700	6893
raw	PVP01_MIT01800	6894
raw	PVP01_MIT01900	6895
raw	PVP01_MIT02000	6896
raw	PVP01_MIT02500	6897
normalize	study_pmid	1
normalize	run_id	2
normalize	study_label	3
normalize	num_srr	4
normalize	pub_year	5
normalize	geographic_location	6
normalize	sc_technology	7
normalize	sequencer	8
normalize	host_species	9
normalize	host_id	10
normalize	sample_type	11
normalize	parasite_stage	12
normalize	strain	13
normalize	day_post_infection	14
normalize	treatment	15
normalize	biological_replicate	16
normalize	barcode	17
normalize	liver_form	18
normalize	goegraphic_location	19
normalize	sequncer	20
normalize	refine_state	21
normalize	hour_post_invasion	22
normalize	life_cycle_stage	23
normalize	seurat_clusters	24
normalize	pred_gametocyte	25
normalize	umap_u_1	26
normalize	umap_u_2	27
normalize	umap_u_3	28
normalize	umap_i_1	29
normalize	umap_i_2	30
normalize	umap_i_3	31
normalize	pca_u_1	32
normalize	pca_u_2	33
normalize	pca_u_3	34
normalize	pca_i_1	35
normalize	pca_i_2	36
normalize	pca_i_3	37
normalize	PVP01_0004350	38
normalize	PVP01_0009210	39
normalize	PVP01_0010840	40
normalize	PVP01_0002050	41
normalize	PVP01_0010440	42
normalize	PVP01_0010200	43
normalize	PVP01_0010670	44
normalize	PVP01_0005210	45
normalize	PVP01_0010710	46
normalize	PVP01_0203300	47
normalize	PVP01_0203400	48
normalize	PVP01_0203700	49
normalize	PVP01_0203800	50
normalize	PVP01_0203900	51
normalize	PVP01_0204000	52
normalize	PVP01_0204200	53
normalize	PVP01_0204300	54
normalize	PVP01_0204400	55
normalize	PVP01_0204500	56
normalize	PVP01_0204600	57
normalize	PVP01_0204700	58
normalize	PVP01_0204800	59
normalize	PVP01_0204900	60
normalize	PVP01_0205000	61
normalize	PVP01_0205100	62
normalize	PVP01_0205200	63
normalize	PVP01_0205300	64
normalize	PVP01_0205400	65
normalize	PVP01_0205500	66
normalize	PVP01_0205600	67
normalize	PVP01_0205700	68
normalize	PVP01_0205900	69
normalize	PVP01_0206000	70
normalize	PVP01_0206100	71
normalize	PVP01_0206200	72
normalize	PVP01_0206300	73
normalize	PVP01_0206400	74
normalize	PVP01_0206500	75
normalize	PVP01_0206600	76
normalize	PVP01_0206700	77
normalize	PVP01_0206800	78
normalize	PVP01_0206900	79
normalize	PVP01_0207000	80
normalize	PVP01_0207100	81
normalize	PVP01_0207200	82
normalize	PVP01_0207300	83
normalize	PVP01_0207400	84
normalize	PVP01_0207500	85
normalize	PVP01_0207600	86
normalize	PVP01_0207700	87
normalize	PVP01_0207800	88
normalize	PVP01_0208000	89
normalize	PVP01_0208300	90
normalize	PVP01_0208400	91
normalize	PVP01_0208500	92
normalize	PVP01_0208600	93
normalize	PVP01_0208800	94
normalize	PVP01_0208900	95
normalize	PVP01_0209000	96
normalize	PVP01_0209400	97
normalize	PVP01_0209500	98
normalize	PVP01_0209600	99
normalize	PVP01_0209700	100
normalize	PVP01_0209900	101
normalize	PVP01_0210200	102
normalize	PVP01_0210400	103
normalize	PVP01_0210500	104
normalize	PVP01_0210600	105
normalize	PVP01_0210700	106
normalize	PVP01_0210800	107
normalize	PVP01_0210900	108
normalize	PVP01_0211000	109
normalize	PVP01_0211200	110
normalize	PVP01_0211300	111
normalize	PVP01_0211400	112
normalize	PVP01_0211500	113
normalize	PVP01_0211700	114
normalize	PVP01_0211800	115
normalize	PVP01_0211900	116
normalize	PVP01_0212000	117
normalize	PVP01_0212100	118
normalize	PVP01_0212200	119
normalize	PVP01_0212300	120
normalize	PVP01_0212400	121
normalize	PVP01_0212600	122
normalize	PVP01_0212700	123
normalize	PVP01_0212800	124
normalize	PVP01_0212900	125
normalize	PVP01_0213000	126
normalize	PVP01_0213100	127
normalize	PVP01_0213200	128
normalize	PVP01_0213600	129
normalize	PVP01_0213700	130
normalize	PVP01_0213800	131
normalize	PVP01_0214200	132
normalize	PVP01_0214300	133
normalize	PVP01_0214400	134
normalize	PVP01_0214500	135
normalize	PVP01_0214600	136
normalize	PVP01_0214700	137
normalize	PVP01_0214800	138
normalize	PVP01_0214900	139
normalize	PVP01_0215000	140
normalize	PVP01_0215100	141
normalize	PVP01_0215200	142
normalize	PVP01_0215300	143
normalize	PVP01_0215400	144
normalize	PVP01_0215500	145
normalize	PVP01_0215600	146
normalize	PVP01_0215700	147
normalize	PVP01_0215900	148
normalize	PVP01_0216000	149
normalize	PVP01_0216100	150
normalize	PVP01_0216200	151
normalize	PVP01_0102900	152
normalize	PVP01_0103200	153
normalize	PVP01_0103300	154
normalize	PVP01_0103400	155
normalize	PVP01_0103500	156
normalize	PVP01_0103600	157
normalize	PVP01_0103700	158
normalize	PVP01_0103800	159
normalize	PVP01_0103900	160
normalize	PVP01_0104100	161
normalize	PVP01_0104300	162
normalize	PVP01_0104400	163
normalize	PVP01_0104500	164
normalize	PVP01_0104600	165
normalize	PVP01_0104700	166
normalize	PVP01_0104800	167
normalize	PVP01_0105000	168
normalize	PVP01_0105200	169
normalize	PVP01_0105300	170
normalize	PVP01_0105500	171
normalize	PVP01_0105600	172
normalize	PVP01_0105700	173
normalize	PVP01_0105900	174
normalize	PVP01_0106000	175
normalize	PVP01_0106200	176
normalize	PVP01_0106300	177
normalize	PVP01_0106400	178
normalize	PVP01_0106500	179
normalize	PVP01_0106600	180
normalize	PVP01_0106700	181
normalize	PVP01_0106800	182
normalize	PVP01_0107400	183
normalize	PVP01_0107500	184
normalize	PVP01_0107900	185
normalize	PVP01_0108000	186
normalize	PVP01_0108100	187
normalize	PVP01_0108300	188
normalize	PVP01_0108400	189
normalize	PVP01_0108500	190
normalize	PVP01_0108600	191
normalize	PVP01_0108700	192
normalize	PVP01_0108800	193
normalize	PVP01_0108900	194
normalize	PVP01_0109000	195
normalize	PVP01_0109100	196
normalize	PVP01_0109200	197
normalize	PVP01_0109300	198
normalize	PVP01_0109400	199
normalize	PVP01_0109500	200
normalize	PVP01_0109600	201
normalize	PVP01_0109700	202
normalize	PVP01_0109800	203
normalize	PVP01_0109900	204
normalize	PVP01_0110000	205
normalize	PVP01_0110100	206
normalize	PVP01_0110200	207
normalize	PVP01_0110300	208
normalize	PVP01_0110400	209
normalize	PVP01_0110500	210
normalize	PVP01_0110600	211
normalize	PVP01_0110700	212
normalize	PVP01_0110800	213
normalize	PVP01_0110900	214
normalize	PVP01_0111000	215
normalize	PVP01_0111100	216
normalize	PVP01_0111200	217
normalize	PVP01_0111300	218
normalize	PVP01_0111400	219
normalize	PVP01_0111500	220
normalize	PVP01_0111700	221
normalize	PVP01_0111900	222
normalize	PVP01_0112000	223
normalize	PVP01_0111950	224
normalize	PVP01_0112100	225
normalize	PVP01_0112200	226
normalize	PVP01_0112300	227
normalize	PVP01_0112400	228
normalize	PVP01_0112500	229
normalize	PVP01_0112800	230
normalize	PVP01_0112900	231
normalize	PVP01_0113200	232
normalize	PVP01_0113300	233
normalize	PVP01_0113400	234
normalize	PVP01_0113500	235
normalize	PVP01_0113600	236
normalize	PVP01_0113700	237
normalize	PVP01_0113800	238
normalize	PVP01_0113900	239
normalize	PVP01_0114000	240
normalize	PVP01_0114100	241
normalize	PVP01_0114200	242
normalize	PVP01_0114300	243
normalize	PVP01_0114400	244
normalize	PVP01_0114600	245
normalize	PVP01_0114700	246
normalize	PVP01_0114800	247
normalize	PVP01_0114900	248
normalize	PVP01_0115000	249
normalize	PVP01_0115300	250
normalize	PVP01_0115400	251
normalize	PVP01_0115500	252
normalize	PVP01_0115600	253
normalize	PVP01_0115700	254
normalize	PVP01_0115900	255
normalize	PVP01_0116000	256
normalize	PVP01_0116100	257
normalize	PVP01_0116200	258
normalize	PVP01_0116300	259
normalize	PVP01_0116500	260
normalize	PVP01_0116600	261
normalize	PVP01_0116800	262
normalize	PVP01_0116900	263
normalize	PVP01_0117000	264
normalize	PVP01_0117100	265
normalize	PVP01_0117200	266
normalize	PVP01_0117300	267
normalize	PVP01_0117400	268
normalize	PVP01_0117500	269
normalize	PVP01_0117600	270
normalize	PVP01_0117700	271
normalize	PVP01_0117800	272
normalize	PVP01_0117900	273
normalize	PVP01_0118000	274
normalize	PVP01_0118100	275
normalize	PVP01_0118300	276
normalize	PVP01_0118400	277
normalize	PVP01_0118500	278
normalize	PVP01_0118600	279
normalize	PVP01_0118800	280
normalize	PVP01_0119400	281
normalize	PVP01_0119500	282
normalize	PVP01_1002400	283
normalize	PVP01_1002500	284
normalize	PVP01_1002700	285
normalize	PVP01_1002800	286
normalize	PVP01_1002900	287
normalize	PVP01_1003000	288
normalize	PVP01_1003100	289
normalize	PVP01_1003200	290
normalize	PVP01_1003300	291
normalize	PVP01_1003400	292
normalize	PVP01_1003600	293
normalize	PVP01_1003700	294
normalize	PVP01_1003800	295
normalize	PVP01_1003900	296
normalize	PVP01_1004000	297
normalize	PVP01_1004400	298
normalize	PVP01_1004500	299
normalize	PVP01_1004800	300
normalize	PVP01_1005200	301
normalize	PVP01_1005400	302
normalize	PVP01_1005500	303
normalize	PVP01_1005600	304
normalize	PVP01_1005700	305
normalize	PVP01_1006100	306
normalize	PVP01_1006200	307
normalize	PVP01_1006300	308
normalize	PVP01_1006400	309
normalize	PVP01_1006500	310
normalize	PVP01_1006600	311
normalize	PVP01_1006700	312
normalize	PVP01_1006800	313
normalize	PVP01_1006900	314
normalize	PVP01_1007100	315
normalize	PVP01_1007300	316
normalize	PVP01_1007400	317
normalize	PVP01_1007500	318
normalize	PVP01_1007600	319
normalize	PVP01_1007700	320
normalize	PVP01_1007800	321
normalize	PVP01_1007900	322
normalize	PVP01_1008000	323
normalize	PVP01_1008100	324
normalize	PVP01_1008200	325
normalize	PVP01_1008500	326
normalize	PVP01_1008600	327
normalize	PVP01_1008700	328
normalize	PVP01_1008800	329
normalize	PVP01_1008900	330
normalize	PVP01_1009000	331
normalize	PVP01_1009100	332
normalize	PVP01_1009200	333
normalize	PVP01_1009300	334
normalize	PVP01_1009400	335
normalize	PVP01_1009500	336
normalize	PVP01_1009600	337
normalize	PVP01_1009700	338
normalize	PVP01_1009900	339
normalize	PVP01_1010000	340
normalize	PVP01_1010100	341
normalize	PVP01_1010400	342
normalize	PVP01_1010500	343
normalize	PVP01_1010600	344
normalize	PVP01_1010900	345
normalize	PVP01_1011000	346
normalize	PVP01_1011100	347
normalize	PVP01_1011200	348
normalize	PVP01_1011300	349
normalize	PVP01_1011400	350
normalize	PVP01_1011500	351
normalize	PVP01_1011600	352
normalize	PVP01_1011700	353
normalize	PVP01_1011800	354
normalize	PVP01_1011900	355
normalize	PVP01_1012000	356
normalize	PVP01_1012100	357
normalize	PVP01_1012500	358
normalize	PVP01_1012600	359
normalize	PVP01_1012700	360
normalize	PVP01_1012800	361
normalize	PVP01_1012900	362
normalize	PVP01_1013000	363
normalize	PVP01_1013100	364
normalize	PVP01_1013200	365
normalize	PVP01_1013300	366
normalize	PVP01_1013400	367
normalize	PVP01_1013700	368
normalize	PVP01_1013800	369
normalize	PVP01_1014000	370
normalize	PVP01_1014100	371
normalize	PVP01_1014200	372
normalize	PVP01_1014300	373
normalize	PVP01_1014400	374
normalize	PVP01_1014500	375
normalize	PVP01_1014600	376
normalize	PVP01_1014700	377
normalize	PVP01_1014800	378
normalize	PVP01_1014900	379
normalize	PVP01_1015000	380
normalize	PVP01_1015100	381
normalize	PVP01_1015200	382
normalize	PVP01_1015300	383
normalize	PVP01_1015400	384
normalize	PVP01_1015500	385
normalize	PVP01_1015600	386
normalize	PVP01_1015700	387
normalize	PVP01_1015900	388
normalize	PVP01_1016000	389
normalize	PVP01_1016100	390
normalize	PVP01_1016300	391
normalize	PVP01_1016500	392
normalize	PVP01_1016600	393
normalize	PVP01_1017200	394
normalize	PVP01_1017300	395
normalize	PVP01_1017500	396
normalize	PVP01_1017600	397
normalize	PVP01_1017700	398
normalize	PVP01_1017800	399
normalize	PVP01_1018000	400
normalize	PVP01_1018200	401
normalize	PVP01_1018300	402
normalize	PVP01_1018400	403
normalize	PVP01_1018500	404
normalize	PVP01_1018600	405
normalize	PVP01_1018700	406
normalize	PVP01_1018800	407
normalize	PVP01_1019000	408
normalize	PVP01_1019100	409
normalize	PVP01_1019200	410
normalize	PVP01_1019300	411
normalize	PVP01_1019400	412
normalize	PVP01_1019700	413
normalize	PVP01_1019800	414
normalize	PVP01_1019900	415
normalize	PVP01_1020000	416
normalize	PVP01_1020200	417
normalize	PVP01_1020300	418
normalize	PVP01_1020400	419
normalize	PVP01_1020500	420
normalize	PVP01_1020600	421
normalize	PVP01_1020700	422
normalize	PVP01_1020800	423
normalize	PVP01_1020900	424
normalize	PVP01_1021100	425
normalize	PVP01_1021200	426
normalize	PVP01_1021300	427
normalize	PVP01_1021400	428
normalize	PVP01_1021500	429
normalize	PVP01_1021700	430
normalize	PVP01_1021600	431
normalize	PVP01_1021800	432
normalize	PVP01_1021900	433
normalize	PVP01_1022000	434
normalize	PVP01_1022200	435
normalize	PVP01_1022300	436
normalize	PVP01_1022400	437
normalize	PVP01_1022500	438
normalize	PVP01_1022600	439
normalize	PVP01_1022700	440
normalize	PVP01_1022800	441
normalize	PVP01_1022900	442
normalize	PVP01_1023000	443
normalize	PVP01_1023500	444
normalize	PVP01_1023600	445
normalize	PVP01_1023800	446
normalize	PVP01_1023900	447
normalize	PVP01_1024000	448
normalize	PVP01_1024100	449
normalize	PVP01_1024200	450
normalize	PVP01_1024300	451
normalize	PVP01_1024400	452
normalize	PVP01_1024500	453
normalize	PVP01_1024600	454
normalize	PVP01_1024700	455
normalize	PVP01_1024800	456
normalize	PVP01_1025000	457
normalize	PVP01_1025100	458
normalize	PVP01_1025200	459
normalize	PVP01_1025500	460
normalize	PVP01_1025600	461
normalize	PVP01_1025700	462
normalize	PVP01_1025800	463
normalize	PVP01_1025900	464
normalize	PVP01_1026000	465
normalize	PVP01_1026100	466
normalize	PVP01_1026200	467
normalize	PVP01_1026300	468
normalize	PVP01_1026400	469
normalize	PVP01_1026800	470
normalize	PVP01_1026900	471
normalize	PVP01_1027000	472
normalize	PVP01_1027100	473
normalize	PVP01_1027200	474
normalize	PVP01_1027400	475
normalize	PVP01_1027500	476
normalize	PVP01_1027600	477
normalize	PVP01_1027700	478
normalize	PVP01_1027800	479
normalize	PVP01_1027900	480
normalize	PVP01_1028000	481
normalize	PVP01_1028100	482
normalize	PVP01_1028200	483
normalize	PVP01_1028300	484
normalize	PVP01_1028400	485
normalize	PVP01_1028500	486
normalize	PVP01_1028600	487
normalize	PVP01_1028700	488
normalize	PVP01_1028800	489
normalize	PVP01_1028900	490
normalize	PVP01_1029100	491
normalize	PVP01_1029200	492
normalize	PVP01_1029300	493
normalize	PVP01_1029700	494
normalize	PVP01_1029800	495
normalize	PVP01_1029900	496
normalize	PVP01_1030000	497
normalize	PVP01_1030100	498
normalize	PVP01_1030200	499
normalize	PVP01_1030300	500
normalize	PVP01_1030500	501
normalize	PVP01_1030600	502
normalize	PVP01_1030700	503
normalize	PVP01_1030900	504
normalize	PVP01_1031000	505
normalize	PVP01_1031400	506
normalize	PVP01_1031700	507
normalize	PVP01_1031800	508
normalize	PVP01_1031900	509
normalize	PVP01_1032000	510
normalize	PVP01_1032100	511
normalize	PVP01_1032200	512
normalize	PVP01_1032600	513
normalize	PVP01_1032700	514
normalize	PVP01_1032800	515
normalize	PVP01_1032900	516
normalize	PVP01_1033000	517
normalize	PVP01_1033100	518
normalize	PVP01_1033200	519
normalize	PVP01_1403100	520
normalize	PVP01_1403200	521
normalize	PVP01_1403400	522
normalize	PVP01_1403500	523
normalize	PVP01_1403600	524
normalize	PVP01_1403700	525
normalize	PVP01_1403900	526
normalize	PVP01_1404100	527
normalize	PVP01_1404200	528
normalize	PVP01_1404300	529
normalize	PVP01_1404600	530
normalize	PVP01_1404700	531
normalize	PVP01_1404900	532
normalize	PVP01_1405000	533
normalize	PVP01_1405100	534
normalize	PVP01_1405200	535
normalize	PVP01_1405300	536
normalize	PVP01_1405400	537
normalize	PVP01_1405600	538
normalize	PVP01_1405700	539
normalize	PVP01_1405800	540
normalize	PVP01_1405900	541
normalize	PVP01_1406000	542
normalize	PVP01_1406200	543
normalize	PVP01_1406400	544
normalize	PVP01_1406500	545
normalize	PVP01_1406700	546
normalize	PVP01_1407000	547
normalize	PVP01_1407100	548
normalize	PVP01_1407500	549
normalize	PVP01_1407600	550
normalize	PVP01_1407800	551
normalize	PVP01_1407900	552
normalize	PVP01_1408200	553
normalize	PVP01_1408300	554
normalize	PVP01_1408500	555
normalize	PVP01_1408600	556
normalize	PVP01_1408700	557
normalize	PVP01_1408800	558
normalize	PVP01_1408900	559
normalize	PVP01_1409300	560
normalize	PVP01_1409400	561
normalize	PVP01_1409600	562
normalize	PVP01_1409700	563
normalize	PVP01_1409800	564
normalize	PVP01_1409900	565
normalize	PVP01_1410100	566
normalize	PVP01_1410200	567
normalize	PVP01_1410300	568
normalize	PVP01_1410400	569
normalize	PVP01_1410500	570
normalize	PVP01_1410800	571
normalize	PVP01_1410900	572
normalize	PVP01_1411000	573
normalize	PVP01_1411100	574
normalize	PVP01_1411200	575
normalize	PVP01_1411400	576
normalize	PVP01_1411600	577
normalize	PVP01_1411700	578
normalize	PVP01_1411800	579
normalize	PVP01_1412300	580
normalize	PVP01_1412400	581
normalize	PVP01_1412500	582
normalize	PVP01_1412600	583
normalize	PVP01_1412700	584
normalize	PVP01_1412800	585
normalize	PVP01_1412900	586
normalize	PVP01_1413000	587
normalize	PVP01_1413100	588
normalize	PVP01_1413200	589
normalize	PVP01_1413300	590
normalize	PVP01_1413500	591
normalize	PVP01_1413600	592
normalize	PVP01_1413700	593
normalize	PVP01_1413800	594
normalize	PVP01_1413900	595
normalize	PVP01_1414200	596
normalize	PVP01_1414300	597
normalize	PVP01_1414500	598
normalize	PVP01_1414900	599
normalize	PVP01_1415000	600
normalize	PVP01_1415100	601
normalize	PVP01_1415300	602
normalize	PVP01_1415400	603
normalize	PVP01_1415500	604
normalize	PVP01_1415800	605
normalize	PVP01_1415900	606
normalize	PVP01_1416100	607
normalize	PVP01_1416000	608
normalize	PVP01_1416200	609
normalize	PVP01_1416300	610
normalize	PVP01_1416400	611
normalize	PVP01_1416800	612
normalize	PVP01_1416900	613
normalize	PVP01_1417000	614
normalize	PVP01_1417100	615
normalize	PVP01_1417200	616
normalize	PVP01_1417300	617
normalize	PVP01_1417400	618
normalize	PVP01_1417500	619
normalize	PVP01_1417600	620
normalize	PVP01_1417700	621
normalize	PVP01_1417800	622
normalize	PVP01_1417900	623
normalize	PVP01_1418000	624
normalize	PVP01_1418100	625
normalize	PVP01_1418200	626
normalize	PVP01_1418300	627
normalize	PVP01_1418400	628
normalize	PVP01_1418500	629
normalize	PVP01_1418600	630
normalize	PVP01_1419100	631
normalize	PVP01_1419200	632
normalize	PVP01_1419300	633
normalize	PVP01_1419400	634
normalize	PVP01_1419500	635
normalize	PVP01_1419600	636
normalize	PVP01_1419700	637
normalize	PVP01_1419800	638
normalize	PVP01_1419900	639
normalize	PVP01_1420000	640
normalize	PVP01_1420100	641
normalize	PVP01_1420200	642
normalize	PVP01_1420300	643
normalize	PVP01_1420400	644
normalize	PVP01_1420500	645
normalize	PVP01_1420600	646
normalize	PVP01_1420800	647
normalize	PVP01_1420900	648
normalize	PVP01_1421000	649
normalize	PVP01_1421200	650
normalize	PVP01_1421400	651
normalize	PVP01_1421500	652
normalize	PVP01_1421600	653
normalize	PVP01_1421700	654
normalize	PVP01_1422000	655
normalize	PVP01_1422100	656
normalize	PVP01_1422200	657
normalize	PVP01_1422300	658
normalize	PVP01_1422500	659
normalize	PVP01_1422700	660
normalize	PVP01_1422800	661
normalize	PVP01_1422900	662
normalize	PVP01_1423100	663
normalize	PVP01_1423300	664
normalize	PVP01_1423400	665
normalize	PVP01_1423500	666
normalize	PVP01_1423600	667
normalize	PVP01_1423700	668
normalize	PVP01_1424100	669
normalize	PVP01_1424300	670
normalize	PVP01_1424400	671
normalize	PVP01_1424500	672
normalize	PVP01_1424800	673
normalize	PVP01_1424900	674
normalize	PVP01_1425100	675
normalize	PVP01_1425200	676
normalize	PVP01_1425300	677
normalize	PVP01_1425400	678
normalize	PVP01_1425500	679
normalize	PVP01_1425600	680
normalize	PVP01_1425700	681
normalize	PVP01_1425800	682
normalize	PVP01_1425900	683
normalize	PVP01_1426000	684
normalize	PVP01_1426100	685
normalize	PVP01_1426200	686
normalize	PVP01_1426300	687
normalize	PVP01_1426500	688
normalize	PVP01_1426600	689
normalize	PVP01_1426700	690
normalize	PVP01_1426800	691
normalize	PVP01_1426900	692
normalize	PVP01_1427000	693
normalize	PVP01_1427100	694
normalize	PVP01_1427200	695
normalize	PVP01_1427300	696
normalize	PVP01_1427400	697
normalize	PVP01_1427500	698
normalize	PVP01_1427600	699
normalize	PVP01_1427700	700
normalize	PVP01_1427800	701
normalize	PVP01_1427900	702
normalize	PVP01_1428000	703
normalize	PVP01_1428100	704
normalize	PVP01_1428200	705
normalize	PVP01_1428300	706
normalize	PVP01_1428400	707
normalize	PVP01_1428500	708
normalize	PVP01_1428600	709
normalize	PVP01_1428700	710
normalize	PVP01_1428900	711
normalize	PVP01_1429000	712
normalize	PVP01_1429200	713
normalize	PVP01_1429300	714
normalize	PVP01_1429400	715
normalize	PVP01_1429500	716
normalize	PVP01_1429600	717
normalize	PVP01_1429700	718
normalize	PVP01_1429800	719
normalize	PVP01_1429900	720
normalize	PVP01_1430000	721
normalize	PVP01_1430200	722
normalize	PVP01_1430300	723
normalize	PVP01_1430400	724
normalize	PVP01_1430500	725
normalize	PVP01_1430700	726
normalize	PVP01_1430800	727
normalize	PVP01_1430900	728
normalize	PVP01_1430950	729
normalize	PVP01_1431000	730
normalize	PVP01_1431200	731
normalize	PVP01_1431300	732
normalize	PVP01_1431400	733
normalize	PVP01_1431500	734
normalize	PVP01_1431600	735
normalize	PVP01_1431700	736
normalize	PVP01_1431800	737
normalize	PVP01_1432000	738
normalize	PVP01_1432100	739
normalize	PVP01_1432200	740
normalize	PVP01_1432300	741
normalize	PVP01_1432400	742
normalize	PVP01_1432500	743
normalize	PVP01_1432600	744
normalize	PVP01_1432800	745
normalize	PVP01_1432900	746
normalize	PVP01_1433000	747
normalize	PVP01_1433300	748
normalize	PVP01_1433400	749
normalize	PVP01_1433600	750
normalize	PVP01_1433700	751
normalize	PVP01_1433800	752
normalize	PVP01_1434100	753
normalize	PVP01_1434200	754
normalize	PVP01_1434300	755
normalize	PVP01_1434400	756
normalize	PVP01_1434500	757
normalize	PVP01_1434700	758
normalize	PVP01_1434800	759
normalize	PVP01_1434900	760
normalize	PVP01_1435000	761
normalize	PVP01_1435100	762
normalize	PVP01_1435200	763
normalize	PVP01_1435300	764
normalize	PVP01_1435400	765
normalize	PVP01_1435500	766
normalize	PVP01_1435700	767
normalize	PVP01_1435800	768
normalize	PVP01_1435900	769
normalize	PVP01_1436100	770
normalize	PVP01_1436200	771
normalize	PVP01_1436300	772
normalize	PVP01_1436400	773
normalize	PVP01_1436500	774
normalize	PVP01_1436600	775
normalize	PVP01_1436700	776
normalize	PVP01_1436800	777
normalize	PVP01_1436900	778
normalize	PVP01_1437000	779
normalize	PVP01_1437100	780
normalize	PVP01_1437200	781
normalize	PVP01_1437300	782
normalize	PVP01_1437400	783
normalize	PVP01_1437700	784
normalize	PVP01_1437800	785
normalize	PVP01_1437900	786
normalize	PVP01_1438000	787
normalize	PVP01_1438100	788
normalize	PVP01_1438400	789
normalize	PVP01_1438800	790
normalize	PVP01_1438900	791
normalize	PVP01_1439000	792
normalize	PVP01_1439100	793
normalize	PVP01_1439200	794
normalize	PVP01_1439300	795
normalize	PVP01_1439400	796
normalize	PVP01_1439600	797
normalize	PVP01_1439700	798
normalize	PVP01_1440000	799
normalize	PVP01_1440100	800
normalize	PVP01_1440200	801
normalize	PVP01_1440300	802
normalize	PVP01_1440400	803
normalize	PVP01_1440500	804
normalize	PVP01_1440600	805
normalize	PVP01_1440700	806
normalize	PVP01_1440800	807
normalize	PVP01_1440900	808
normalize	PVP01_1441000	809
normalize	PVP01_1441100	810
normalize	PVP01_1441200	811
normalize	PVP01_1441300	812
normalize	PVP01_1441400	813
normalize	PVP01_1441500	814
normalize	PVP01_1441600	815
normalize	PVP01_1441700	816
normalize	PVP01_1442200	817
normalize	PVP01_1442300	818
normalize	PVP01_1442400	819
normalize	PVP01_1442500	820
normalize	PVP01_1442600	821
normalize	PVP01_1442700	822
normalize	PVP01_1442800	823
normalize	PVP01_1443000	824
normalize	PVP01_1443100	825
normalize	PVP01_1443200	826
normalize	PVP01_1443300	827
normalize	PVP01_1443400	828
normalize	PVP01_1443500	829
normalize	PVP01_1443600	830
normalize	PVP01_1443700	831
normalize	PVP01_1443800	832
normalize	PVP01_1444000	833
normalize	PVP01_1444100	834
normalize	PVP01_1444200	835
normalize	PVP01_1444300	836
normalize	PVP01_1444400	837
normalize	PVP01_1444500	838
normalize	PVP01_1444600	839
normalize	PVP01_1444800	840
normalize	PVP01_1445000	841
normalize	PVP01_1445100	842
normalize	PVP01_1445200	843
normalize	PVP01_1445300	844
normalize	PVP01_1445400	845
normalize	PVP01_1445500	846
normalize	PVP01_1445600	847
normalize	PVP01_1445800	848
normalize	PVP01_1445900	849
normalize	PVP01_1446000	850
normalize	PVP01_1446100	851
normalize	PVP01_1446200	852
normalize	PVP01_1446300	853
normalize	PVP01_1446600	854
normalize	PVP01_1446800	855
normalize	PVP01_1446900	856
normalize	PVP01_1447000	857
normalize	PVP01_1447100	858
normalize	PVP01_1447200	859
normalize	PVP01_1447300	860
normalize	PVP01_1447400	861
normalize	PVP01_1447500	862
normalize	PVP01_1447600	863
normalize	PVP01_1447700	864
normalize	PVP01_1447800	865
normalize	PVP01_1447900	866
normalize	PVP01_1448000	867
normalize	PVP01_1448200	868
normalize	PVP01_1448400	869
normalize	PVP01_1448500	870
normalize	PVP01_1448600	871
normalize	PVP01_1448800	872
normalize	PVP01_1448900	873
normalize	PVP01_1449000	874
normalize	PVP01_1449100	875
normalize	PVP01_1449300	876
normalize	PVP01_1449400	877
normalize	PVP01_1449600	878
normalize	PVP01_1449700	879
normalize	PVP01_1449800	880
normalize	PVP01_1449900	881
normalize	PVP01_1450000	882
normalize	PVP01_1450100	883
normalize	PVP01_1450200	884
normalize	PVP01_1450400	885
normalize	PVP01_1450500	886
normalize	PVP01_1450600	887
normalize	PVP01_1450700	888
normalize	PVP01_1450800	889
normalize	PVP01_1450900	890
normalize	PVP01_1451000	891
normalize	PVP01_1451300	892
normalize	PVP01_1451500	893
normalize	PVP01_1451600	894
normalize	PVP01_1451700	895
normalize	PVP01_1451800	896
normalize	PVP01_1451900	897
normalize	PVP01_1452000	898
normalize	PVP01_1452100	899
normalize	PVP01_1452200	900
normalize	PVP01_1452300	901
normalize	PVP01_1452400	902
normalize	PVP01_1452800	903
normalize	PVP01_1452900	904
normalize	PVP01_1453000	905
normalize	PVP01_1453100	906
normalize	PVP01_1453200	907
normalize	PVP01_1453300	908
normalize	PVP01_1453400	909
normalize	PVP01_1453500	910
normalize	PVP01_1453600	911
normalize	PVP01_1453700	912
normalize	PVP01_1453800	913
normalize	PVP01_1453900	914
normalize	PVP01_1454000	915
normalize	PVP01_1454100	916
normalize	PVP01_1454200	917
normalize	PVP01_1454300	918
normalize	PVP01_1454400	919
normalize	PVP01_1454500	920
normalize	PVP01_1454600	921
normalize	PVP01_1454700	922
normalize	PVP01_1454800	923
normalize	PVP01_1455000	924
normalize	PVP01_1454900	925
normalize	PVP01_1455100	926
normalize	PVP01_1455200	927
normalize	PVP01_1455300	928
normalize	PVP01_1455400	929
normalize	PVP01_1455500	930
normalize	PVP01_1455600	931
normalize	PVP01_1455800	932
normalize	PVP01_1456000	933
normalize	PVP01_1456100	934
normalize	PVP01_1456200	935
normalize	PVP01_1456300	936
normalize	PVP01_1456400	937
normalize	PVP01_1456500	938
normalize	PVP01_1456600	939
normalize	PVP01_1456700	940
normalize	PVP01_1456800	941
normalize	PVP01_1456900	942
normalize	PVP01_1457000	943
normalize	PVP01_1457100	944
normalize	PVP01_1457200	945
normalize	PVP01_1457400	946
normalize	PVP01_1457500	947
normalize	PVP01_1457600	948
normalize	PVP01_1457700	949
normalize	PVP01_1457800	950
normalize	PVP01_1457900	951
normalize	PVP01_1458000	952
normalize	PVP01_1458100	953
normalize	PVP01_1458200	954
normalize	PVP01_1458300	955
normalize	PVP01_1458400	956
normalize	PVP01_1458500	957
normalize	PVP01_1458600	958
normalize	PVP01_1458700	959
normalize	PVP01_1458800	960
normalize	PVP01_1458900	961
normalize	PVP01_1459000	962
normalize	PVP01_1459100	963
normalize	PVP01_1459400	964
normalize	PVP01_1460400	965
normalize	PVP01_1460500	966
normalize	PVP01_1460600	967
normalize	PVP01_1460700	968
normalize	PVP01_1460800	969
normalize	PVP01_1460900	970
normalize	PVP01_1461000	971
normalize	PVP01_1461100	972
normalize	PVP01_1461200	973
normalize	PVP01_1461300	974
normalize	PVP01_1461400	975
normalize	PVP01_1461500	976
normalize	PVP01_1461600	977
normalize	PVP01_1461700	978
normalize	PVP01_1461800	979
normalize	PVP01_1461900	980
normalize	PVP01_1462000	981
normalize	PVP01_1462100	982
normalize	PVP01_1462200	983
normalize	PVP01_1462400	984
normalize	PVP01_1462500	985
normalize	PVP01_1462600	986
normalize	PVP01_1462700	987
normalize	PVP01_1462800	988
normalize	PVP01_1462900	989
normalize	PVP01_1463000	990
normalize	PVP01_1463200	991
normalize	PVP01_1463300	992
normalize	PVP01_1463400	993
normalize	PVP01_1463500	994
normalize	PVP01_1463600	995
normalize	PVP01_1463800	996
normalize	PVP01_1463900	997
normalize	PVP01_1464000	998
normalize	PVP01_1464100	999
normalize	PVP01_1464200	1000
normalize	PVP01_1464300	1001
normalize	PVP01_1464400	1002
normalize	PVP01_1464500	1003
normalize	PVP01_1464600	1004
normalize	PVP01_1464700	1005
normalize	PVP01_1464800	1006
normalize	PVP01_1464900	1007
normalize	PVP01_1465100	1008
normalize	PVP01_1465200	1009
normalize	PVP01_1465300	1010
normalize	PVP01_1465400	1011
normalize	PVP01_1465500	1012
normalize	PVP01_1465600	1013
normalize	PVP01_1465800	1014
normalize	PVP01_1465900	1015
normalize	PVP01_1466000	1016
normalize	PVP01_1466100	1017
normalize	PVP01_1466200	1018
normalize	PVP01_1466300	1019
normalize	PVP01_1466400	1020
normalize	PVP01_1466500	1021
normalize	PVP01_1466600	1022
normalize	PVP01_1466700	1023
normalize	PVP01_1466800	1024
normalize	PVP01_1466900	1025
normalize	PVP01_1467000	1026
normalize	PVP01_1467200	1027
normalize	PVP01_1467300	1028
normalize	PVP01_1467500	1029
normalize	PVP01_1467600	1030
normalize	PVP01_1467700	1031
normalize	PVP01_1467800	1032
normalize	PVP01_1467900	1033
normalize	PVP01_1468000	1034
normalize	PVP01_1468100	1035
normalize	PVP01_1468200	1036
normalize	PVP01_1468400	1037
normalize	PVP01_1468600	1038
normalize	PVP01_1468700	1039
normalize	PVP01_1468800	1040
normalize	PVP01_1468900	1041
normalize	PVP01_0903800	1042
normalize	PVP01_0903900	1043
normalize	PVP01_0904600	1044
normalize	PVP01_0904800	1045
normalize	PVP01_0905000	1046
normalize	PVP01_0905200	1047
normalize	PVP01_0905300	1048
normalize	PVP01_0905400	1049
normalize	PVP01_0905500	1050
normalize	PVP01_0905600	1051
normalize	PVP01_0905700	1052
normalize	PVP01_0905800	1053
normalize	PVP01_0905900	1054
normalize	PVP01_0906000	1055
normalize	PVP01_0906300	1056
normalize	PVP01_0906400	1057
normalize	PVP01_0906500	1058
normalize	PVP01_0906600	1059
normalize	PVP01_0906700	1060
normalize	PVP01_0906800	1061
normalize	PVP01_0906900	1062
normalize	PVP01_0907000	1063
normalize	PVP01_0907100	1064
normalize	PVP01_0907400	1065
normalize	PVP01_0907500	1066
normalize	PVP01_0907600	1067
normalize	PVP01_0907800	1068
normalize	PVP01_0907900	1069
normalize	PVP01_0908000	1070
normalize	PVP01_0908100	1071
normalize	PVP01_0908200	1072
normalize	PVP01_0908400	1073
normalize	PVP01_0908500	1074
normalize	PVP01_0908600	1075
normalize	PVP01_0908800	1076
normalize	PVP01_0908900	1077
normalize	PVP01_0909000	1078
normalize	PVP01_0909100	1079
normalize	PVP01_0909300	1080
normalize	PVP01_0909400	1081
normalize	PVP01_0909500	1082
normalize	PVP01_0909700	1083
normalize	PVP01_0909900	1084
normalize	PVP01_0910000	1085
normalize	PVP01_0910200	1086
normalize	PVP01_0910700	1087
normalize	PVP01_0911000	1088
normalize	PVP01_0911100	1089
normalize	PVP01_0911200	1090
normalize	PVP01_0911300	1091
normalize	PVP01_0911400	1092
normalize	PVP01_0911500	1093
normalize	PVP01_0911700	1094
normalize	PVP01_0911900	1095
normalize	PVP01_0912000	1096
normalize	PVP01_0912100	1097
normalize	PVP01_0912200	1098
normalize	PVP01_0912400	1099
normalize	PVP01_0912500	1100
normalize	PVP01_0912600	1101
normalize	PVP01_0912700	1102
normalize	PVP01_0912800	1103
normalize	PVP01_0912900	1104
normalize	PVP01_0913000	1105
normalize	PVP01_0913100	1106
normalize	PVP01_0913400	1107
normalize	PVP01_0913500	1108
normalize	PVP01_0913600	1109
normalize	PVP01_0913700	1110
normalize	PVP01_0913800	1111
normalize	PVP01_0913900	1112
normalize	PVP01_0914000	1113
normalize	PVP01_0914100	1114
normalize	PVP01_0914200	1115
normalize	PVP01_0914800	1116
normalize	PVP01_0914900	1117
normalize	PVP01_0915000	1118
normalize	PVP01_0915100	1119
normalize	PVP01_0915400	1120
normalize	PVP01_0915500	1121
normalize	PVP01_0915700	1122
normalize	PVP01_0915800	1123
normalize	PVP01_0915900	1124
normalize	PVP01_0916000	1125
normalize	PVP01_0916100	1126
normalize	PVP01_0916450	1127
normalize	PVP01_0916500	1128
normalize	PVP01_0916600	1129
normalize	PVP01_0916700	1130
normalize	PVP01_0916900	1131
normalize	PVP01_0917000	1132
normalize	PVP01_0917100	1133
normalize	PVP01_0917200	1134
normalize	PVP01_0917300	1135
normalize	PVP01_0917400	1136
normalize	PVP01_0917500	1137
normalize	PVP01_0917600	1138
normalize	PVP01_0917700	1139
normalize	PVP01_0917800	1140
normalize	PVP01_0917900	1141
normalize	PVP01_0918000	1142
normalize	PVP01_0918100	1143
normalize	PVP01_0918200	1144
normalize	PVP01_0918300	1145
normalize	PVP01_0918400	1146
normalize	PVP01_0918500	1147
normalize	PVP01_0918600	1148
normalize	PVP01_0918700	1149
normalize	PVP01_0918800	1150
normalize	PVP01_0918900	1151
normalize	PVP01_0919000	1152
normalize	PVP01_0919100	1153
normalize	PVP01_0919200	1154
normalize	PVP01_0919300	1155
normalize	PVP01_0919400	1156
normalize	PVP01_0919500	1157
normalize	PVP01_0919600	1158
normalize	PVP01_0919700	1159
normalize	PVP01_0919800	1160
normalize	PVP01_0919900	1161
normalize	PVP01_0920000	1162
normalize	PVP01_0920100	1163
normalize	PVP01_0920200	1164
normalize	PVP01_0920300	1165
normalize	PVP01_0920400	1166
normalize	PVP01_0920500	1167
normalize	PVP01_0920600	1168
normalize	PVP01_0920700	1169
normalize	PVP01_0920800	1170
normalize	PVP01_0920900	1171
normalize	PVP01_0921000	1172
normalize	PVP01_0921100	1173
normalize	PVP01_0921200	1174
normalize	PVP01_0921300	1175
normalize	PVP01_0921400	1176
normalize	PVP01_0921500	1177
normalize	PVP01_0921700	1178
normalize	PVP01_0921600	1179
normalize	PVP01_0921800	1180
normalize	PVP01_0922000	1181
normalize	PVP01_0922100	1182
normalize	PVP01_0922200	1183
normalize	PVP01_0922300	1184
normalize	PVP01_0922900	1185
normalize	PVP01_0923200	1186
normalize	PVP01_0923300	1187
normalize	PVP01_0923400	1188
normalize	PVP01_0923500	1189
normalize	PVP01_0923600	1190
normalize	PVP01_0923700	1191
normalize	PVP01_0923800	1192
normalize	PVP01_0923900	1193
normalize	PVP01_0924000	1194
normalize	PVP01_0924100	1195
normalize	PVP01_0924200	1196
normalize	PVP01_0924400	1197
normalize	PVP01_0924500	1198
normalize	PVP01_0924600	1199
normalize	PVP01_0924700	1200
normalize	PVP01_0924900	1201
normalize	PVP01_0925000	1202
normalize	PVP01_0925100	1203
normalize	PVP01_0925200	1204
normalize	PVP01_0925400	1205
normalize	PVP01_0925500	1206
normalize	PVP01_0925600	1207
normalize	PVP01_0925700	1208
normalize	PVP01_0925900	1209
normalize	PVP01_0926000	1210
normalize	PVP01_0926100	1211
normalize	PVP01_0926200	1212
normalize	PVP01_0926300	1213
normalize	PVP01_0926400	1214
normalize	PVP01_0926500	1215
normalize	PVP01_0926600	1216
normalize	PVP01_0926700	1217
normalize	PVP01_0926800	1218
normalize	PVP01_0926900	1219
normalize	PVP01_0927000	1220
normalize	PVP01_0927100	1221
normalize	PVP01_0927200	1222
normalize	PVP01_0927300	1223
normalize	PVP01_0927400	1224
normalize	PVP01_0927500	1225
normalize	PVP01_0927700	1226
normalize	PVP01_0927800	1227
normalize	PVP01_0927900	1228
normalize	PVP01_0928000	1229
normalize	PVP01_0928200	1230
normalize	PVP01_0928300	1231
normalize	PVP01_0928500	1232
normalize	PVP01_0928600	1233
normalize	PVP01_0928700	1234
normalize	PVP01_0928800	1235
normalize	PVP01_0928900	1236
normalize	PVP01_0929000	1237
normalize	PVP01_0929100	1238
normalize	PVP01_0929200	1239
normalize	PVP01_0929300	1240
normalize	PVP01_0929600	1241
normalize	PVP01_0929700	1242
normalize	PVP01_0929800	1243
normalize	PVP01_0929900	1244
normalize	PVP01_0930000	1245
normalize	PVP01_0930400	1246
normalize	PVP01_0930500	1247
normalize	PVP01_0930600	1248
normalize	PVP01_0930700	1249
normalize	PVP01_0930800	1250
normalize	PVP01_0931200	1251
normalize	PVP01_0931300	1252
normalize	PVP01_0931700	1253
normalize	PVP01_0931900	1254
normalize	PVP01_0932000	1255
normalize	PVP01_0932100	1256
normalize	PVP01_0932200	1257
normalize	PVP01_0932400	1258
normalize	PVP01_0932500	1259
normalize	PVP01_0932600	1260
normalize	PVP01_0932700	1261
normalize	PVP01_0932800	1262
normalize	PVP01_0932900	1263
normalize	PVP01_0933000	1264
normalize	PVP01_0933100	1265
normalize	PVP01_0933200	1266
normalize	PVP01_0933300	1267
normalize	PVP01_0933500	1268
normalize	PVP01_0933600	1269
normalize	PVP01_0933700	1270
normalize	PVP01_0933800	1271
normalize	PVP01_0933900	1272
normalize	PVP01_0934000	1273
normalize	PVP01_0934100	1274
normalize	PVP01_0934200	1275
normalize	PVP01_0934300	1276
normalize	PVP01_0934400	1277
normalize	PVP01_0934700	1278
normalize	PVP01_0934800	1279
normalize	PVP01_0934900	1280
normalize	PVP01_0935000	1281
normalize	PVP01_0935100	1282
normalize	PVP01_0935200	1283
normalize	PVP01_0935300	1284
normalize	PVP01_0935500	1285
normalize	PVP01_0935800	1286
normalize	PVP01_0935900	1287
normalize	PVP01_0936000	1288
normalize	PVP01_0936100	1289
normalize	PVP01_0936400	1290
normalize	PVP01_0936500	1291
normalize	PVP01_0936700	1292
normalize	PVP01_0936800	1293
normalize	PVP01_0936900	1294
normalize	PVP01_0937000	1295
normalize	PVP01_0937100	1296
normalize	PVP01_0937400	1297
normalize	PVP01_0937600	1298
normalize	PVP01_0937700	1299
normalize	PVP01_0937800	1300
normalize	PVP01_0938000	1301
normalize	PVP01_0938100	1302
normalize	PVP01_0938200	1303
normalize	PVP01_0938300	1304
normalize	PVP01_0938600	1305
normalize	PVP01_0938700	1306
normalize	PVP01_0938800	1307
normalize	PVP01_0938900	1308
normalize	PVP01_0939400	1309
normalize	PVP01_0939500	1310
normalize	PVP01_0939600	1311
normalize	PVP01_0939700	1312
normalize	PVP01_0939800	1313
normalize	PVP01_0939900	1314
normalize	PVP01_0940000	1315
normalize	PVP01_0940200	1316
normalize	PVP01_0940300	1317
normalize	PVP01_0940400	1318
normalize	PVP01_0940500	1319
normalize	PVP01_0940600	1320
normalize	PVP01_0940800	1321
normalize	PVP01_0940900	1322
normalize	PVP01_0941000	1323
normalize	PVP01_0941100	1324
normalize	PVP01_0941200	1325
normalize	PVP01_0941300	1326
normalize	PVP01_0941400	1327
normalize	PVP01_0941500	1328
normalize	PVP01_0941600	1329
normalize	PVP01_0942000	1330
normalize	PVP01_0942200	1331
normalize	PVP01_0942300	1332
normalize	PVP01_0942400	1333
normalize	PVP01_0942500	1334
normalize	PVP01_0942800	1335
normalize	PVP01_0942900	1336
normalize	PVP01_0943000	1337
normalize	PVP01_0943100	1338
normalize	PVP01_0943200	1339
normalize	PVP01_0943500	1340
normalize	PVP01_0943600	1341
normalize	PVP01_0943700	1342
normalize	PVP01_0943800	1343
normalize	PVP01_0943900	1344
normalize	PVP01_0944000	1345
normalize	PVP01_0944100	1346
normalize	PVP01_0944200	1347
normalize	PVP01_0944400	1348
normalize	PVP01_0944500	1349
normalize	PVP01_0944600	1350
normalize	PVP01_0944700	1351
normalize	PVP01_0944800	1352
normalize	PVP01_0944900	1353
normalize	PVP01_0945000	1354
normalize	PVP01_0945100	1355
normalize	PVP01_0945200	1356
normalize	PVP01_0945300	1357
normalize	PVP01_0945400	1358
normalize	PVP01_0945500	1359
normalize	PVP01_0945600	1360
normalize	PVP01_0945700	1361
normalize	PVP01_0945800	1362
normalize	PVP01_0945900	1363
normalize	PVP01_0946000	1364
normalize	PVP01_0946100	1365
normalize	PVP01_0946300	1366
normalize	PVP01_0946500	1367
normalize	PVP01_0946800	1368
normalize	PVP01_0946900	1369
normalize	PVP01_0947100	1370
normalize	PVP01_0947200	1371
normalize	PVP01_0947300	1372
normalize	PVP01_0947400	1373
normalize	PVP01_0947500	1374
normalize	PVP01_0947600	1375
normalize	PVP01_0947700	1376
normalize	PVP01_0947800	1377
normalize	PVP01_0947900	1378
normalize	PVP01_0948000	1379
normalize	PVP01_0948100	1380
normalize	PVP01_0948200	1381
normalize	PVP01_0948300	1382
normalize	PVP01_0948400	1383
normalize	PVP01_0948500	1384
normalize	PVP01_0948600	1385
normalize	PVP01_0405300	1386
normalize	PVP01_0405400	1387
normalize	PVP01_0405500	1388
normalize	PVP01_0405600	1389
normalize	PVP01_0405700	1390
normalize	PVP01_0405800	1391
normalize	PVP01_0405900	1392
normalize	PVP01_0406200	1393
normalize	PVP01_0406300	1394
normalize	PVP01_0406400	1395
normalize	PVP01_0406500	1396
normalize	PVP01_0406700	1397
normalize	PVP01_0406800	1398
normalize	PVP01_0406900	1399
normalize	PVP01_0407000	1400
normalize	PVP01_0407100	1401
normalize	PVP01_0407200	1402
normalize	PVP01_0407300	1403
normalize	PVP01_0407400	1404
normalize	PVP01_0407500	1405
normalize	PVP01_0407600	1406
normalize	PVP01_0407700	1407
normalize	PVP01_0407800	1408
normalize	PVP01_0407900	1409
normalize	PVP01_0408000	1410
normalize	PVP01_0408100	1411
normalize	PVP01_0408200	1412
normalize	PVP01_0408300	1413
normalize	PVP01_0408500	1414
normalize	PVP01_0408700	1415
normalize	PVP01_0408800	1416
normalize	PVP01_0408900	1417
normalize	PVP01_0409100	1418
normalize	PVP01_0409200	1419
normalize	PVP01_0409300	1420
normalize	PVP01_0409400	1421
normalize	PVP01_0409500	1422
normalize	PVP01_0409600	1423
normalize	PVP01_0409700	1424
normalize	PVP01_0409800	1425
normalize	PVP01_0409900	1426
normalize	PVP01_0410000	1427
normalize	PVP01_0410200	1428
normalize	PVP01_0410300	1429
normalize	PVP01_0410400	1430
normalize	PVP01_0410500	1431
normalize	PVP01_0410600	1432
normalize	PVP01_0410800	1433
normalize	PVP01_0410900	1434
normalize	PVP01_0411000	1435
normalize	PVP01_0411100	1436
normalize	PVP01_0411200	1437
normalize	PVP01_0411300	1438
normalize	PVP01_0411400	1439
normalize	PVP01_0411500	1440
normalize	PVP01_0411700	1441
normalize	PVP01_0411800	1442
normalize	PVP01_0412200	1443
normalize	PVP01_0412300	1444
normalize	PVP01_0412400	1445
normalize	PVP01_0412500	1446
normalize	PVP01_0412600	1447
normalize	PVP01_0412700	1448
normalize	PVP01_0412800	1449
normalize	PVP01_0412900	1450
normalize	PVP01_0413000	1451
normalize	PVP01_0413200	1452
normalize	PVP01_0413300	1453
normalize	PVP01_0413400	1454
normalize	PVP01_0413500	1455
normalize	PVP01_0413600	1456
normalize	PVP01_0413700	1457
normalize	PVP01_0413800	1458
normalize	PVP01_0413900	1459
normalize	PVP01_0414000	1460
normalize	PVP01_0414100	1461
normalize	PVP01_0414200	1462
normalize	PVP01_0414300	1463
normalize	PVP01_0414700	1464
normalize	PVP01_0414800	1465
normalize	PVP01_0414900	1466
normalize	PVP01_0415000	1467
normalize	PVP01_0415100	1468
normalize	PVP01_0415200	1469
normalize	PVP01_0415300	1470
normalize	PVP01_0415400	1471
normalize	PVP01_0415600	1472
normalize	PVP01_0415500	1473
normalize	PVP01_0415700	1474
normalize	PVP01_0415800	1475
normalize	PVP01_0416000	1476
normalize	PVP01_0416200	1477
normalize	PVP01_0416300	1478
normalize	PVP01_0416400	1479
normalize	PVP01_0416500	1480
normalize	PVP01_0416600	1481
normalize	PVP01_0416700	1482
normalize	PVP01_0416800	1483
normalize	PVP01_0416900	1484
normalize	PVP01_0417100	1485
normalize	PVP01_0417200	1486
normalize	PVP01_0417300	1487
normalize	PVP01_0417500	1488
normalize	PVP01_0417900	1489
normalize	PVP01_0418000	1490
normalize	PVP01_0418100	1491
normalize	PVP01_0418200	1492
normalize	PVP01_0418300	1493
normalize	PVP01_0418600	1494
normalize	PVP01_0418700	1495
normalize	PVP01_0418800	1496
normalize	PVP01_0418900	1497
normalize	PVP01_0419000	1498
normalize	PVP01_0419100	1499
normalize	PVP01_0419200	1500
normalize	PVP01_0419300	1501
normalize	PVP01_0419400	1502
normalize	PVP01_0419600	1503
normalize	PVP01_0419700	1504
normalize	PVP01_0419800	1505
normalize	PVP01_0420400	1506
normalize	PVP01_0420500	1507
normalize	PVP01_0420600	1508
normalize	PVP01_0420700	1509
normalize	PVP01_0420800	1510
normalize	PVP01_0420900	1511
normalize	PVP01_0421000	1512
normalize	PVP01_0421100	1513
normalize	PVP01_0421200	1514
normalize	PVP01_0421300	1515
normalize	PVP01_0421500	1516
normalize	PVP01_0421700	1517
normalize	PVP01_0421800	1518
normalize	PVP01_0421900	1519
normalize	PVP01_0422000	1520
normalize	PVP01_0422100	1521
normalize	PVP01_0422200	1522
normalize	PVP01_0422300	1523
normalize	PVP01_0422400	1524
normalize	PVP01_0422500	1525
normalize	PVP01_0422600	1526
normalize	PVP01_0422800	1527
normalize	PVP01_0423100	1528
normalize	PVP01_1300600	1529
normalize	PVP01_1300700	1530
normalize	PVP01_1300800	1531
normalize	PVP01_1300900	1532
normalize	PVP01_1301000	1533
normalize	PVP01_1301200	1534
normalize	PVP01_1301300	1535
normalize	PVP01_1301400	1536
normalize	PVP01_1301500	1537
normalize	PVP01_1301700	1538
normalize	PVP01_1301900	1539
normalize	PVP01_1302100	1540
normalize	PVP01_1302200	1541
normalize	PVP01_1302400	1542
normalize	PVP01_1302500	1543
normalize	PVP01_1302600	1544
normalize	PVP01_1302700	1545
normalize	PVP01_1302800	1546
normalize	PVP01_1303000	1547
normalize	PVP01_1302900	1548
normalize	PVP01_1303100	1549
normalize	PVP01_1303200	1550
normalize	PVP01_1303300	1551
normalize	PVP01_1303400	1552
normalize	PVP01_1303500	1553
normalize	PVP01_1303600	1554
normalize	PVP01_1304100	1555
normalize	PVP01_1304200	1556
normalize	PVP01_1304300	1557
normalize	PVP01_1304500	1558
normalize	PVP01_1304600	1559
normalize	PVP01_1304700	1560
normalize	PVP01_1304800	1561
normalize	PVP01_1304900	1562
normalize	PVP01_1305000	1563
normalize	PVP01_1305100	1564
normalize	PVP01_1305200	1565
normalize	PVP01_1305400	1566
normalize	PVP01_1305500	1567
normalize	PVP01_1305600	1568
normalize	PVP01_1305800	1569
normalize	PVP01_1305900	1570
normalize	PVP01_1306100	1571
normalize	PVP01_1306200	1572
normalize	PVP01_1306300	1573
normalize	PVP01_1306400	1574
normalize	PVP01_1306500	1575
normalize	PVP01_1306700	1576
normalize	PVP01_1306800	1577
normalize	PVP01_1306900	1578
normalize	PVP01_1307300	1579
normalize	PVP01_1307500	1580
normalize	PVP01_1307600	1581
normalize	PVP01_1307700	1582
normalize	PVP01_1307800	1583
normalize	PVP01_1307900	1584
normalize	PVP01_1308000	1585
normalize	PVP01_1308100	1586
normalize	PVP01_1308200	1587
normalize	PVP01_1308300	1588
normalize	PVP01_1308400	1589
normalize	PVP01_1308500	1590
normalize	PVP01_1308600	1591
normalize	PVP01_1308800	1592
normalize	PVP01_1308900	1593
normalize	PVP01_1309000	1594
normalize	PVP01_1309200	1595
normalize	PVP01_1309300	1596
normalize	PVP01_1309400	1597
normalize	PVP01_1309500	1598
normalize	PVP01_1309700	1599
normalize	PVP01_1309800	1600
normalize	PVP01_1309900	1601
normalize	PVP01_1310000	1602
normalize	PVP01_1310100	1603
normalize	PVP01_1310200	1604
normalize	PVP01_1310400	1605
normalize	PVP01_1310500	1606
normalize	PVP01_1310600	1607
normalize	PVP01_1310700	1608
normalize	PVP01_1310800	1609
normalize	PVP01_1310900	1610
normalize	PVP01_1311000	1611
normalize	PVP01_1311100	1612
normalize	PVP01_1311300	1613
normalize	PVP01_1311400	1614
normalize	PVP01_1311500	1615
normalize	PVP01_1311600	1616
normalize	PVP01_1311700	1617
normalize	PVP01_1311800	1618
normalize	PVP01_1312000	1619
normalize	PVP01_1312100	1620
normalize	PVP01_1312300	1621
normalize	PVP01_1312400	1622
normalize	PVP01_1312500	1623
normalize	PVP01_1312600	1624
normalize	PVP01_1312800	1625
normalize	PVP01_1312900	1626
normalize	PVP01_1313000	1627
normalize	PVP01_1313200	1628
normalize	PVP01_1313300	1629
normalize	PVP01_1313400	1630
normalize	PVP01_1313500	1631
normalize	PVP01_1313600	1632
normalize	PVP01_1313700	1633
normalize	PVP01_1313900	1634
normalize	PVP01_1314000	1635
normalize	PVP01_1314100	1636
normalize	PVP01_1314200	1637
normalize	PVP01_1314300	1638
normalize	PVP01_1314800	1639
normalize	PVP01_1314900	1640
normalize	PVP01_1315000	1641
normalize	PVP01_1315100	1642
normalize	PVP01_1315200	1643
normalize	PVP01_1315300	1644
normalize	PVP01_1315400	1645
normalize	PVP01_1315500	1646
normalize	PVP01_1315600	1647
normalize	PVP01_1315800	1648
normalize	PVP01_1315900	1649
normalize	PVP01_1316000	1650
normalize	PVP01_1316100	1651
normalize	PVP01_1316200	1652
normalize	PVP01_1316300	1653
normalize	PVP01_1316400	1654
normalize	PVP01_1316500	1655
normalize	PVP01_1316600	1656
normalize	PVP01_1316700	1657
normalize	PVP01_1316800	1658
normalize	PVP01_1316900	1659
normalize	PVP01_1317000	1660
normalize	PVP01_1317100	1661
normalize	PVP01_1317200	1662
normalize	PVP01_1317300	1663
normalize	PVP01_1317400	1664
normalize	PVP01_1317500	1665
normalize	PVP01_1317600	1666
normalize	PVP01_1317700	1667
normalize	PVP01_1317800	1668
normalize	PVP01_1317900	1669
normalize	PVP01_1318000	1670
normalize	PVP01_1318100	1671
normalize	PVP01_1318200	1672
normalize	PVP01_1318300	1673
normalize	PVP01_1318400	1674
normalize	PVP01_1318600	1675
normalize	PVP01_1319200	1676
normalize	PVP01_1319300	1677
normalize	PVP01_1319400	1678
normalize	PVP01_1319500	1679
normalize	PVP01_1319600	1680
normalize	PVP01_1319700	1681
normalize	PVP01_1319800	1682
normalize	PVP01_1320600	1683
normalize	PVP01_1320800	1684
normalize	PVP01_1320900	1685
normalize	PVP01_1321000	1686
normalize	PVP01_1321100	1687
normalize	PVP01_1321200	1688
normalize	PVP01_1321300	1689
normalize	PVP01_1321600	1690
normalize	PVP01_1321700	1691
normalize	PVP01_1321800	1692
normalize	PVP01_1321900	1693
normalize	PVP01_1322000	1694
normalize	PVP01_1322100	1695
normalize	PVP01_1322200	1696
normalize	PVP01_1322300	1697
normalize	PVP01_1322400	1698
normalize	PVP01_1322500	1699
normalize	PVP01_1322600	1700
normalize	PVP01_1322800	1701
normalize	PVP01_1323100	1702
normalize	PVP01_1323200	1703
normalize	PVP01_1323300	1704
normalize	PVP01_1323400	1705
normalize	PVP01_1323500	1706
normalize	PVP01_1323800	1707
normalize	PVP01_1323900	1708
normalize	PVP01_1324000	1709
normalize	PVP01_1324100	1710
normalize	PVP01_1324200	1711
normalize	PVP01_1324600	1712
normalize	PVP01_1324700	1713
normalize	PVP01_1324800	1714
normalize	PVP01_1325200	1715
normalize	PVP01_1325300	1716
normalize	PVP01_1325400	1717
normalize	PVP01_1325500	1718
normalize	PVP01_1325600	1719
normalize	PVP01_1325700	1720
normalize	PVP01_1325800	1721
normalize	PVP01_1325900	1722
normalize	PVP01_1326000	1723
normalize	PVP01_1326100	1724
normalize	PVP01_1326200	1725
normalize	PVP01_1326300	1726
normalize	PVP01_1326400	1727
normalize	PVP01_1326500	1728
normalize	PVP01_1326600	1729
normalize	PVP01_1326700	1730
normalize	PVP01_1326800	1731
normalize	PVP01_1326900	1732
normalize	PVP01_1327300	1733
normalize	PVP01_1327400	1734
normalize	PVP01_1327500	1735
normalize	PVP01_1327600	1736
normalize	PVP01_1327700	1737
normalize	PVP01_1327800	1738
normalize	PVP01_1327900	1739
normalize	PVP01_1328000	1740
normalize	PVP01_1328100	1741
normalize	PVP01_1328300	1742
normalize	PVP01_1328400	1743
normalize	PVP01_1328500	1744
normalize	PVP01_1328600	1745
normalize	PVP01_1328700	1746
normalize	PVP01_1329000	1747
normalize	PVP01_1329100	1748
normalize	PVP01_1329200	1749
normalize	PVP01_1329300	1750
normalize	PVP01_1329500	1751
normalize	PVP01_1329600	1752
normalize	PVP01_1329700	1753
normalize	PVP01_1329800	1754
normalize	PVP01_1329900	1755
normalize	PVP01_1330500	1756
normalize	PVP01_1330600	1757
normalize	PVP01_1330700	1758
normalize	PVP01_1330800	1759
normalize	PVP01_1330900	1760
normalize	PVP01_1331100	1761
normalize	PVP01_1331200	1762
normalize	PVP01_1331300	1763
normalize	PVP01_1331400	1764
normalize	PVP01_1331500	1765
normalize	PVP01_1331600	1766
normalize	PVP01_1331700	1767
normalize	PVP01_1331800	1768
normalize	PVP01_1331900	1769
normalize	PVP01_1332100	1770
normalize	PVP01_1332000	1771
normalize	PVP01_1332300	1772
normalize	PVP01_1332400	1773
normalize	PVP01_1332500	1774
normalize	PVP01_1332600	1775
normalize	PVP01_1332700	1776
normalize	PVP01_1333000	1777
normalize	PVP01_1333100	1778
normalize	PVP01_1333200	1779
normalize	PVP01_1333300	1780
normalize	PVP01_1333400	1781
normalize	PVP01_1333500	1782
normalize	PVP01_1333600	1783
normalize	PVP01_1333700	1784
normalize	PVP01_1333800	1785
normalize	PVP01_1333900	1786
normalize	PVP01_1334000	1787
normalize	PVP01_1334100	1788
normalize	PVP01_1334200	1789
normalize	PVP01_1334300	1790
normalize	PVP01_1334400	1791
normalize	PVP01_1334500	1792
normalize	PVP01_1334600	1793
normalize	PVP01_1334700	1794
normalize	PVP01_1334800	1795
normalize	PVP01_1334900	1796
normalize	PVP01_1335000	1797
normalize	PVP01_1335200	1798
normalize	PVP01_1335300	1799
normalize	PVP01_1335500	1800
normalize	PVP01_1335600	1801
normalize	PVP01_1335700	1802
normalize	PVP01_1335900	1803
normalize	PVP01_1336000	1804
normalize	PVP01_1336200	1805
normalize	PVP01_1336300	1806
normalize	PVP01_1336400	1807
normalize	PVP01_1337200	1808
normalize	PVP01_1337300	1809
normalize	PVP01_1337600	1810
normalize	PVP01_1337700	1811
normalize	PVP01_1337800	1812
normalize	PVP01_1337900	1813
normalize	PVP01_1338000	1814
normalize	PVP01_1338100	1815
normalize	PVP01_1338200	1816
normalize	PVP01_1338300	1817
normalize	PVP01_1338400	1818
normalize	PVP01_1338500	1819
normalize	PVP01_1338600	1820
normalize	PVP01_1338700	1821
normalize	PVP01_1339000	1822
normalize	PVP01_1339100	1823
normalize	PVP01_1339200	1824
normalize	PVP01_1339300	1825
normalize	PVP01_1339400	1826
normalize	PVP01_1339500	1827
normalize	PVP01_1339600	1828
normalize	PVP01_1339700	1829
normalize	PVP01_1339900	1830
normalize	PVP01_1340200	1831
normalize	PVP01_1340300	1832
normalize	PVP01_1340500	1833
normalize	PVP01_1340600	1834
normalize	PVP01_1340800	1835
normalize	PVP01_1340900	1836
normalize	PVP01_1341000	1837
normalize	PVP01_1341100	1838
normalize	PVP01_1341200	1839
normalize	PVP01_1341300	1840
normalize	PVP01_1341400	1841
normalize	PVP01_1341500	1842
normalize	PVP01_1341600	1843
normalize	PVP01_1341700	1844
normalize	PVP01_1341800	1845
normalize	PVP01_1341900	1846
normalize	PVP01_1342000	1847
normalize	PVP01_1342200	1848
normalize	PVP01_1342300	1849
normalize	PVP01_1342500	1850
normalize	PVP01_1342600	1851
normalize	PVP01_1342700	1852
normalize	PVP01_1342800	1853
normalize	PVP01_1342900	1854
normalize	PVP01_1343000	1855
normalize	PVP01_1343100	1856
normalize	PVP01_1343200	1857
normalize	PVP01_1343300	1858
normalize	PVP01_1343400	1859
normalize	PVP01_1343500	1860
normalize	PVP01_1343700	1861
normalize	PVP01_1343800	1862
normalize	PVP01_1343900	1863
normalize	PVP01_1344000	1864
normalize	PVP01_1344100	1865
normalize	PVP01_1344200	1866
normalize	PVP01_1344300	1867
normalize	PVP01_1344400	1868
normalize	PVP01_1344500	1869
normalize	PVP01_1344600	1870
normalize	PVP01_1344700	1871
normalize	PVP01_1344800	1872
normalize	PVP01_1344900	1873
normalize	PVP01_1345100	1874
normalize	PVP01_1345200	1875
normalize	PVP01_1345600	1876
normalize	PVP01_1345700	1877
normalize	PVP01_1345800	1878
normalize	PVP01_1345900	1879
normalize	PVP01_1346100	1880
normalize	PVP01_1346200	1881
normalize	PVP01_1346400	1882
normalize	PVP01_1346500	1883
normalize	PVP01_1346600	1884
normalize	PVP01_1346700	1885
normalize	PVP01_1346800	1886
normalize	PVP01_1347000	1887
normalize	PVP01_1347100	1888
normalize	PVP01_1347200	1889
normalize	PVP01_1201900	1890
normalize	PVP01_1202000	1891
normalize	PVP01_1202100	1892
normalize	PVP01_1202200	1893
normalize	PVP01_1202300	1894
normalize	PVP01_1202400	1895
normalize	PVP01_1202500	1896
normalize	PVP01_1202600	1897
normalize	PVP01_1202700	1898
normalize	PVP01_1202800	1899
normalize	PVP01_1202900	1900
normalize	PVP01_1203000	1901
normalize	PVP01_1203100	1902
normalize	PVP01_1203300	1903
normalize	PVP01_1203500	1904
normalize	PVP01_1203600	1905
normalize	PVP01_1203700	1906
normalize	PVP01_1203800	1907
normalize	PVP01_1203900	1908
normalize	PVP01_1204000	1909
normalize	PVP01_1204100	1910
normalize	PVP01_1204200	1911
normalize	PVP01_1204300	1912
normalize	PVP01_1204400	1913
normalize	PVP01_1204500	1914
normalize	PVP01_1204600	1915
normalize	PVP01_1205000	1916
normalize	PVP01_1205100	1917
normalize	PVP01_1205200	1918
normalize	PVP01_1205300	1919
normalize	PVP01_1205400	1920
normalize	PVP01_1205500	1921
normalize	PVP01_1205600	1922
normalize	PVP01_1205700	1923
normalize	PVP01_1205800	1924
normalize	PVP01_1205900	1925
normalize	PVP01_1206000	1926
normalize	PVP01_1206100	1927
normalize	PVP01_1206200	1928
normalize	PVP01_1206300	1929
normalize	PVP01_1206400	1930
normalize	PVP01_1206500	1931
normalize	PVP01_1206600	1932
normalize	PVP01_1206700	1933
normalize	PVP01_1206800	1934
normalize	PVP01_1206900	1935
normalize	PVP01_1207000	1936
normalize	PVP01_1207100	1937
normalize	PVP01_1207300	1938
normalize	PVP01_1207400	1939
normalize	PVP01_1207600	1940
normalize	PVP01_1207800	1941
normalize	PVP01_1207900	1942
normalize	PVP01_1208000	1943
normalize	PVP01_1208200	1944
normalize	PVP01_1208300	1945
normalize	PVP01_1208400	1946
normalize	PVP01_1208500	1947
normalize	PVP01_1208600	1948
normalize	PVP01_1208700	1949
normalize	PVP01_1208800	1950
normalize	PVP01_1208900	1951
normalize	PVP01_1209000	1952
normalize	PVP01_1209100	1953
normalize	PVP01_1209700	1954
normalize	PVP01_1209800	1955
normalize	PVP01_1209900	1956
normalize	PVP01_1210000	1957
normalize	PVP01_1210300	1958
normalize	PVP01_1210400	1959
normalize	PVP01_1210500	1960
normalize	PVP01_1210600	1961
normalize	PVP01_1210700	1962
normalize	PVP01_1210800	1963
normalize	PVP01_1210900	1964
normalize	PVP01_1211000	1965
normalize	PVP01_1211100	1966
normalize	PVP01_1211200	1967
normalize	PVP01_1211300	1968
normalize	PVP01_1211400	1969
normalize	PVP01_1211500	1970
normalize	PVP01_1211600	1971
normalize	PVP01_1211700	1972
normalize	PVP01_1211800	1973
normalize	PVP01_1211900	1974
normalize	PVP01_1212000	1975
normalize	PVP01_1212100	1976
normalize	PVP01_1212200	1977
normalize	PVP01_1212300	1978
normalize	PVP01_1212400	1979
normalize	PVP01_1212500	1980
normalize	PVP01_1212600	1981
normalize	PVP01_1212700	1982
normalize	PVP01_1212800	1983
normalize	PVP01_1212900	1984
normalize	PVP01_1213400	1985
normalize	PVP01_1213600	1986
normalize	PVP01_1213800	1987
normalize	PVP01_1213900	1988
normalize	PVP01_1214000	1989
normalize	PVP01_1214100	1990
normalize	PVP01_1214200	1991
normalize	PVP01_1214700	1992
normalize	PVP01_1215000	1993
normalize	PVP01_1215100	1994
normalize	PVP01_1215200	1995
normalize	PVP01_1215500	1996
normalize	PVP01_1216000	1997
normalize	PVP01_1216100	1998
normalize	PVP01_1216200	1999
normalize	PVP01_1216300	2000
normalize	PVP01_1216400	2001
normalize	PVP01_1217200	2002
normalize	PVP01_1217300	2003
normalize	PVP01_1217400	2004
normalize	PVP01_1217700	2005
normalize	PVP01_1217800	2006
normalize	PVP01_1217900	2007
normalize	PVP01_1218000	2008
normalize	PVP01_1218100	2009
normalize	PVP01_1218200	2010
normalize	PVP01_1218400	2011
normalize	PVP01_1218500	2012
normalize	PVP01_1218600	2013
normalize	PVP01_1218700	2014
normalize	PVP01_1218800	2015
normalize	PVP01_1218900	2016
normalize	PVP01_1219000	2017
normalize	PVP01_1219200	2018
normalize	PVP01_1219300	2019
normalize	PVP01_1219400	2020
normalize	PVP01_1219800	2021
normalize	PVP01_1219900	2022
normalize	PVP01_1220200	2023
normalize	PVP01_1220300	2024
normalize	PVP01_1220600	2025
normalize	PVP01_1220700	2026
normalize	PVP01_1220800	2027
normalize	PVP01_1220900	2028
normalize	PVP01_1221000	2029
normalize	PVP01_1221100	2030
normalize	PVP01_1221300	2031
normalize	PVP01_1221400	2032
normalize	PVP01_1221500	2033
normalize	PVP01_1221600	2034
normalize	PVP01_1221700	2035
normalize	PVP01_1221800	2036
normalize	PVP01_1221900	2037
normalize	PVP01_1222300	2038
normalize	PVP01_1222400	2039
normalize	PVP01_1222500	2040
normalize	PVP01_1222600	2041
normalize	PVP01_1222700	2042
normalize	PVP01_1222800	2043
normalize	PVP01_1223000	2044
normalize	PVP01_1223100	2045
normalize	PVP01_1223200	2046
normalize	PVP01_1223300	2047
normalize	PVP01_1223400	2048
normalize	PVP01_1223500	2049
normalize	PVP01_1223600	2050
normalize	PVP01_1223700	2051
normalize	PVP01_1223800	2052
normalize	PVP01_1223900	2053
normalize	PVP01_1224000	2054
normalize	PVP01_1224100	2055
normalize	PVP01_1224200	2056
normalize	PVP01_1224300	2057
normalize	PVP01_1224400	2058
normalize	PVP01_1224500	2059
normalize	PVP01_1224700	2060
normalize	PVP01_1224800	2061
normalize	PVP01_1224900	2062
normalize	PVP01_1225000	2063
normalize	PVP01_1225100	2064
normalize	PVP01_1225200	2065
normalize	PVP01_1225300	2066
normalize	PVP01_1225400	2067
normalize	PVP01_1225500	2068
normalize	PVP01_1225600	2069
normalize	PVP01_1225700	2070
normalize	PVP01_1225800	2071
normalize	PVP01_1225900	2072
normalize	PVP01_1226000	2073
normalize	PVP01_1226100	2074
normalize	PVP01_1226200	2075
normalize	PVP01_1226400	2076
normalize	PVP01_1226800	2077
normalize	PVP01_1226900	2078
normalize	PVP01_1227000	2079
normalize	PVP01_1227100	2080
normalize	PVP01_1227200	2081
normalize	PVP01_1227300	2082
normalize	PVP01_1227500	2083
normalize	PVP01_1227600	2084
normalize	PVP01_1227700	2085
normalize	PVP01_1227800	2086
normalize	PVP01_1228000	2087
normalize	PVP01_1228200	2088
normalize	PVP01_1228300	2089
normalize	PVP01_1228400	2090
normalize	PVP01_1228500	2091
normalize	PVP01_1228600	2092
normalize	PVP01_1228700	2093
normalize	PVP01_1228800	2094
normalize	PVP01_1229000	2095
normalize	PVP01_1229100	2096
normalize	PVP01_1229200	2097
normalize	PVP01_1229300	2098
normalize	PVP01_1229400	2099
normalize	PVP01_1229600	2100
normalize	PVP01_1229800	2101
normalize	PVP01_1229900	2102
normalize	PVP01_1230100	2103
normalize	PVP01_1230300	2104
normalize	PVP01_1230400	2105
normalize	PVP01_1230500	2106
normalize	PVP01_1230700	2107
normalize	PVP01_1230800	2108
normalize	PVP01_1230900	2109
normalize	PVP01_1231000	2110
normalize	PVP01_1231100	2111
normalize	PVP01_1231200	2112
normalize	PVP01_1231300	2113
normalize	PVP01_1231400	2114
normalize	PVP01_1231500	2115
normalize	PVP01_1231700	2116
normalize	PVP01_1231800	2117
normalize	PVP01_1231900	2118
normalize	PVP01_1232000	2119
normalize	PVP01_1232100	2120
normalize	PVP01_1232200	2121
normalize	PVP01_1232300	2122
normalize	PVP01_1232400	2123
normalize	PVP01_1232500	2124
normalize	PVP01_1232600	2125
normalize	PVP01_1232700	2126
normalize	PVP01_1232800	2127
normalize	PVP01_1232900	2128
normalize	PVP01_1233200	2129
normalize	PVP01_1233300	2130
normalize	PVP01_1233400	2131
normalize	PVP01_1233500	2132
normalize	PVP01_1233600	2133
normalize	PVP01_1233700	2134
normalize	PVP01_1233800	2135
normalize	PVP01_1233900	2136
normalize	PVP01_1234000	2137
normalize	PVP01_1234100	2138
normalize	PVP01_1234300	2139
normalize	PVP01_1234400	2140
normalize	PVP01_1234500	2141
normalize	PVP01_1234600	2142
normalize	PVP01_1234700	2143
normalize	PVP01_1234800	2144
normalize	PVP01_1234900	2145
normalize	PVP01_1235000	2146
normalize	PVP01_1235300	2147
normalize	PVP01_1235400	2148
normalize	PVP01_1235500	2149
normalize	PVP01_1235600	2150
normalize	PVP01_1235700	2151
normalize	PVP01_1235900	2152
normalize	PVP01_1236000	2153
normalize	PVP01_1236100	2154
normalize	PVP01_1236200	2155
normalize	PVP01_1236300	2156
normalize	PVP01_1236400	2157
normalize	PVP01_1236500	2158
normalize	PVP01_1236700	2159
normalize	PVP01_1236800	2160
normalize	PVP01_1236900	2161
normalize	PVP01_1237000	2162
normalize	PVP01_1237100	2163
normalize	PVP01_1237300	2164
normalize	PVP01_1237400	2165
normalize	PVP01_1237600	2166
normalize	PVP01_1237700	2167
normalize	PVP01_1237800	2168
normalize	PVP01_1237900	2169
normalize	PVP01_1238000	2170
normalize	PVP01_1238100	2171
normalize	PVP01_1238200	2172
normalize	PVP01_1238300	2173
normalize	PVP01_1238400	2174
normalize	PVP01_1238500	2175
normalize	PVP01_1238600	2176
normalize	PVP01_1238700	2177
normalize	PVP01_1238800	2178
normalize	PVP01_1238900	2179
normalize	PVP01_1239000	2180
normalize	PVP01_1239100	2181
normalize	PVP01_1239200	2182
normalize	PVP01_1239300	2183
normalize	PVP01_1239400	2184
normalize	PVP01_1239500	2185
normalize	PVP01_1239600	2186
normalize	PVP01_1239700	2187
normalize	PVP01_1239800	2188
normalize	PVP01_1239900	2189
normalize	PVP01_1240000	2190
normalize	PVP01_1240200	2191
normalize	PVP01_1240300	2192
normalize	PVP01_1240400	2193
normalize	PVP01_1240500	2194
normalize	PVP01_1240600	2195
normalize	PVP01_1240700	2196
normalize	PVP01_1240800	2197
normalize	PVP01_1240900	2198
normalize	PVP01_1241200	2199
normalize	PVP01_1241400	2200
normalize	PVP01_1241500	2201
normalize	PVP01_1241600	2202
normalize	PVP01_1241700	2203
normalize	PVP01_1241900	2204
normalize	PVP01_1242000	2205
normalize	PVP01_1242100	2206
normalize	PVP01_1242200	2207
normalize	PVP01_1242300	2208
normalize	PVP01_1242400	2209
normalize	PVP01_1242500	2210
normalize	PVP01_1242600	2211
normalize	PVP01_1242700	2212
normalize	PVP01_1242800	2213
normalize	PVP01_1242900	2214
normalize	PVP01_1243000	2215
normalize	PVP01_1243100	2216
normalize	PVP01_1243300	2217
normalize	PVP01_1243400	2218
normalize	PVP01_1243700	2219
normalize	PVP01_1243800	2220
normalize	PVP01_1243900	2221
normalize	PVP01_1244000	2222
normalize	PVP01_1244300	2223
normalize	PVP01_1244400	2224
normalize	PVP01_1244500	2225
normalize	PVP01_1244600	2226
normalize	PVP01_1244700	2227
normalize	PVP01_1244900	2228
normalize	PVP01_1244800	2229
normalize	PVP01_1245100	2230
normalize	PVP01_1245200	2231
normalize	PVP01_1245300	2232
normalize	PVP01_1245400	2233
normalize	PVP01_1245500	2234
normalize	PVP01_1245600	2235
normalize	PVP01_1245700	2236
normalize	PVP01_1245800	2237
normalize	PVP01_1246000	2238
normalize	PVP01_1246100	2239
normalize	PVP01_1246200	2240
normalize	PVP01_1246400	2241
normalize	PVP01_1246500	2242
normalize	PVP01_1246600	2243
normalize	PVP01_1246800	2244
normalize	PVP01_1246900	2245
normalize	PVP01_1247000	2246
normalize	PVP01_1247100	2247
normalize	PVP01_1247200	2248
normalize	PVP01_1247300	2249
normalize	PVP01_1247400	2250
normalize	PVP01_1247500	2251
normalize	PVP01_1247600	2252
normalize	PVP01_1247800	2253
normalize	PVP01_1247900	2254
normalize	PVP01_1248200	2255
normalize	PVP01_1248300	2256
normalize	PVP01_1248400	2257
normalize	PVP01_1248500	2258
normalize	PVP01_1248600	2259
normalize	PVP01_1248700	2260
normalize	PVP01_1248800	2261
normalize	PVP01_1248900	2262
normalize	PVP01_1249000	2263
normalize	PVP01_1249100	2264
normalize	PVP01_1249200	2265
normalize	PVP01_1249300	2266
normalize	PVP01_1249400	2267
normalize	PVP01_1249500	2268
normalize	PVP01_1249600	2269
normalize	PVP01_1249700	2270
normalize	PVP01_1249800	2271
normalize	PVP01_1250100	2272
normalize	PVP01_1250200	2273
normalize	PVP01_1250300	2274
normalize	PVP01_1250400	2275
normalize	PVP01_1250500	2276
normalize	PVP01_1250600	2277
normalize	PVP01_1250700	2278
normalize	PVP01_1250800	2279
normalize	PVP01_1250900	2280
normalize	PVP01_1251000	2281
normalize	PVP01_1251100	2282
normalize	PVP01_1251200	2283
normalize	PVP01_1251300	2284
normalize	PVP01_1251400	2285
normalize	PVP01_1251500	2286
normalize	PVP01_1251600	2287
normalize	PVP01_1251700	2288
normalize	PVP01_1251800	2289
normalize	PVP01_1252400	2290
normalize	PVP01_1252500	2291
normalize	PVP01_1252600	2292
normalize	PVP01_1252800	2293
normalize	PVP01_1252900	2294
normalize	PVP01_1253000	2295
normalize	PVP01_1253100	2296
normalize	PVP01_1253200	2297
normalize	PVP01_1253300	2298
normalize	PVP01_1253500	2299
normalize	PVP01_1253700	2300
normalize	PVP01_1254000	2301
normalize	PVP01_1254100	2302
normalize	PVP01_1254200	2303
normalize	PVP01_1254500	2304
normalize	PVP01_1254600	2305
normalize	PVP01_1255000	2306
normalize	PVP01_1255100	2307
normalize	PVP01_1255200	2308
normalize	PVP01_1255300	2309
normalize	PVP01_1255700	2310
normalize	PVP01_1255800	2311
normalize	PVP01_1256000	2312
normalize	PVP01_1256100	2313
normalize	PVP01_1256200	2314
normalize	PVP01_1256300	2315
normalize	PVP01_1256400	2316
normalize	PVP01_1256500	2317
normalize	PVP01_1256600	2318
normalize	PVP01_1256700	2319
normalize	PVP01_1256800	2320
normalize	PVP01_1256900	2321
normalize	PVP01_1257000	2322
normalize	PVP01_1257100	2323
normalize	PVP01_1257200	2324
normalize	PVP01_1257300	2325
normalize	PVP01_1257400	2326
normalize	PVP01_1257500	2327
normalize	PVP01_1257700	2328
normalize	PVP01_1257800	2329
normalize	PVP01_1257900	2330
normalize	PVP01_1258000	2331
normalize	PVP01_1258100	2332
normalize	PVP01_1258200	2333
normalize	PVP01_1258300	2334
normalize	PVP01_1258700	2335
normalize	PVP01_1258800	2336
normalize	PVP01_1258900	2337
normalize	PVP01_1259100	2338
normalize	PVP01_1259200	2339
normalize	PVP01_1259300	2340
normalize	PVP01_1259400	2341
normalize	PVP01_1259500	2342
normalize	PVP01_1259800	2343
normalize	PVP01_1259900	2344
normalize	PVP01_1260000	2345
normalize	PVP01_1260100	2346
normalize	PVP01_1260200	2347
normalize	PVP01_1260300	2348
normalize	PVP01_1260400	2349
normalize	PVP01_1260500	2350
normalize	PVP01_1260600	2351
normalize	PVP01_1260700	2352
normalize	PVP01_1260800	2353
normalize	PVP01_1260900	2354
normalize	PVP01_1261100	2355
normalize	PVP01_1261200	2356
normalize	PVP01_1261300	2357
normalize	PVP01_1261400	2358
normalize	PVP01_1261500	2359
normalize	PVP01_1261600	2360
normalize	PVP01_1261700	2361
normalize	PVP01_1262000	2362
normalize	PVP01_1262100	2363
normalize	PVP01_1262200	2364
normalize	PVP01_1262300	2365
normalize	PVP01_1262400	2366
normalize	PVP01_1262600	2367
normalize	PVP01_1262700	2368
normalize	PVP01_1262800	2369
normalize	PVP01_1263200	2370
normalize	PVP01_1263300	2371
normalize	PVP01_1263900	2372
normalize	PVP01_1264000	2373
normalize	PVP01_1264100	2374
normalize	PVP01_1264200	2375
normalize	PVP01_1264300	2376
normalize	PVP01_1264500	2377
normalize	PVP01_1264600	2378
normalize	PVP01_1264700	2379
normalize	PVP01_1264800	2380
normalize	PVP01_1264900	2381
normalize	PVP01_1265000	2382
normalize	PVP01_1265100	2383
normalize	PVP01_1265200	2384
normalize	PVP01_1265300	2385
normalize	PVP01_1265400	2386
normalize	PVP01_1265500	2387
normalize	PVP01_1265600	2388
normalize	PVP01_1265700	2389
normalize	PVP01_1265800	2390
normalize	PVP01_1265900	2391
normalize	PVP01_1266100	2392
normalize	PVP01_1266200	2393
normalize	PVP01_1266300	2394
normalize	PVP01_1266400	2395
normalize	PVP01_1266900	2396
normalize	PVP01_1267000	2397
normalize	PVP01_1267100	2398
normalize	PVP01_1267200	2399
normalize	PVP01_1267300	2400
normalize	PVP01_1267400	2401
normalize	PVP01_1267500	2402
normalize	PVP01_1267600	2403
normalize	PVP01_1267700	2404
normalize	PVP01_1267800	2405
normalize	PVP01_1267900	2406
normalize	PVP01_1268000	2407
normalize	PVP01_1268100	2408
normalize	PVP01_1268200	2409
normalize	PVP01_1268300	2410
normalize	PVP01_1268500	2411
normalize	PVP01_1268600	2412
normalize	PVP01_1268900	2413
normalize	PVP01_1269100	2414
normalize	PVP01_1269200	2415
normalize	PVP01_1269300	2416
normalize	PVP01_1269400	2417
normalize	PVP01_1269500	2418
normalize	PVP01_1269600	2419
normalize	PVP01_1269800	2420
normalize	PVP01_1270100	2421
normalize	PVP01_1270300	2422
normalize	PVP01_1270400	2423
normalize	PVP01_1270500	2424
normalize	PVP01_1270900	2425
normalize	PVP01_1271000	2426
normalize	PVP01_1271100	2427
normalize	PVP01_0801100	2428
normalize	PVP01_0801600	2429
normalize	PVP01_0801700	2430
normalize	PVP01_0801800	2431
normalize	PVP01_0802100	2432
normalize	PVP01_0802200	2433
normalize	PVP01_0802300	2434
normalize	PVP01_0802500	2435
normalize	PVP01_0802600	2436
normalize	PVP01_0802700	2437
normalize	PVP01_0802800	2438
normalize	PVP01_0802900	2439
normalize	PVP01_0803000	2440
normalize	PVP01_0803100	2441
normalize	PVP01_0803200	2442
normalize	PVP01_0803300	2443
normalize	PVP01_0803400	2444
normalize	PVP01_0803500	2445
normalize	PVP01_0803600	2446
normalize	PVP01_0803700	2447
normalize	PVP01_0803800	2448
normalize	PVP01_0803900	2449
normalize	PVP01_0804000	2450
normalize	PVP01_0804100	2451
normalize	PVP01_0804200	2452
normalize	PVP01_0804300	2453
normalize	PVP01_0804600	2454
normalize	PVP01_0804700	2455
normalize	PVP01_0804800	2456
normalize	PVP01_0805300	2457
normalize	PVP01_0805500	2458
normalize	PVP01_0805700	2459
normalize	PVP01_0806200	2460
normalize	PVP01_0806300	2461
normalize	PVP01_0806400	2462
normalize	PVP01_0806500	2463
normalize	PVP01_0806600	2464
normalize	PVP01_0806700	2465
normalize	PVP01_0806800	2466
normalize	PVP01_0806900	2467
normalize	PVP01_0807000	2468
normalize	PVP01_0807100	2469
normalize	PVP01_0807200	2470
normalize	PVP01_0807300	2471
normalize	PVP01_0807400	2472
normalize	PVP01_0807500	2473
normalize	PVP01_0807700	2474
normalize	PVP01_0807800	2475
normalize	PVP01_0807900	2476
normalize	PVP01_0808000	2477
normalize	PVP01_0808100	2478
normalize	PVP01_0808200	2479
normalize	PVP01_0808300	2480
normalize	PVP01_0808400	2481
normalize	PVP01_0808500	2482
normalize	PVP01_0808800	2483
normalize	PVP01_0809200	2484
normalize	PVP01_0809300	2485
normalize	PVP01_0809400	2486
normalize	PVP01_0809500	2487
normalize	PVP01_0809600	2488
normalize	PVP01_0809700	2489
normalize	PVP01_0809800	2490
normalize	PVP01_0809900	2491
normalize	PVP01_0810000	2492
normalize	PVP01_0810100	2493
normalize	PVP01_0810200	2494
normalize	PVP01_0810300	2495
normalize	PVP01_0810500	2496
normalize	PVP01_0810400	2497
normalize	PVP01_0810600	2498
normalize	PVP01_0810700	2499
normalize	PVP01_0810800	2500
normalize	PVP01_0810900	2501
normalize	PVP01_0811100	2502
normalize	PVP01_0811200	2503
normalize	PVP01_0811300	2504
normalize	PVP01_0811600	2505
normalize	PVP01_0811700	2506
normalize	PVP01_0811800	2507
normalize	PVP01_0811900	2508
normalize	PVP01_0812000	2509
normalize	PVP01_0812100	2510
normalize	PVP01_0812200	2511
normalize	PVP01_0812300	2512
normalize	PVP01_0812400	2513
normalize	PVP01_0812500	2514
normalize	PVP01_0812800	2515
normalize	PVP01_0812900	2516
normalize	PVP01_0813000	2517
normalize	PVP01_0813100	2518
normalize	PVP01_0813200	2519
normalize	PVP01_0813300	2520
normalize	PVP01_0813400	2521
normalize	PVP01_0813500	2522
normalize	PVP01_0813600	2523
normalize	PVP01_0813700	2524
normalize	PVP01_0813800	2525
normalize	PVP01_0813900	2526
normalize	PVP01_0814000	2527
normalize	PVP01_0814100	2528
normalize	PVP01_0814200	2529
normalize	PVP01_0814400	2530
normalize	PVP01_0814500	2531
normalize	PVP01_0814600	2532
normalize	PVP01_0814700	2533
normalize	PVP01_0814800	2534
normalize	PVP01_0815000	2535
normalize	PVP01_0815100	2536
normalize	PVP01_0815200	2537
normalize	PVP01_0815300	2538
normalize	PVP01_0815900	2539
normalize	PVP01_0816000	2540
normalize	PVP01_0816100	2541
normalize	PVP01_0816200	2542
normalize	PVP01_0816300	2543
normalize	PVP01_0816400	2544
normalize	PVP01_0816500	2545
normalize	PVP01_0816600	2546
normalize	PVP01_0816700	2547
normalize	PVP01_0816800	2548
normalize	PVP01_0816900	2549
normalize	PVP01_0817100	2550
normalize	PVP01_0817200	2551
normalize	PVP01_0817300	2552
normalize	PVP01_0817400	2553
normalize	PVP01_0817500	2554
normalize	PVP01_0817600	2555
normalize	PVP01_0817700	2556
normalize	PVP01_0817800	2557
normalize	PVP01_0817900	2558
normalize	PVP01_0818000	2559
normalize	PVP01_0818100	2560
normalize	PVP01_0818200	2561
normalize	PVP01_0818300	2562
normalize	PVP01_0818400	2563
normalize	PVP01_0818500	2564
normalize	PVP01_0818600	2565
normalize	PVP01_0818800	2566
normalize	PVP01_0818900	2567
normalize	PVP01_0819000	2568
normalize	PVP01_0819100	2569
normalize	PVP01_0819200	2570
normalize	PVP01_0819300	2571
normalize	PVP01_0819500	2572
normalize	PVP01_0819600	2573
normalize	PVP01_0819700	2574
normalize	PVP01_0819900	2575
normalize	PVP01_0820100	2576
normalize	PVP01_0820200	2577
normalize	PVP01_0820300	2578
normalize	PVP01_0820400	2579
normalize	PVP01_0820500	2580
normalize	PVP01_0820600	2581
normalize	PVP01_0820700	2582
normalize	PVP01_0820800	2583
normalize	PVP01_0821200	2584
normalize	PVP01_0821300	2585
normalize	PVP01_0821400	2586
normalize	PVP01_0821500	2587
normalize	PVP01_0821600	2588
normalize	PVP01_0821700	2589
normalize	PVP01_0821800	2590
normalize	PVP01_0821900	2591
normalize	PVP01_0822000	2592
normalize	PVP01_0822300	2593
normalize	PVP01_0822400	2594
normalize	PVP01_0822500	2595
normalize	PVP01_0822600	2596
normalize	PVP01_0822700	2597
normalize	PVP01_0822800	2598
normalize	PVP01_0822900	2599
normalize	PVP01_0823000	2600
normalize	PVP01_0823100	2601
normalize	PVP01_0823200	2602
normalize	PVP01_0823300	2603
normalize	PVP01_0823400	2604
normalize	PVP01_0823500	2605
normalize	PVP01_0823700	2606
normalize	PVP01_0823800	2607
normalize	PVP01_0823900	2608
normalize	PVP01_0824100	2609
normalize	PVP01_0824200	2610
normalize	PVP01_0824300	2611
normalize	PVP01_0824400	2612
normalize	PVP01_0824700	2613
normalize	PVP01_0824800	2614
normalize	PVP01_0825300	2615
normalize	PVP01_0825400	2616
normalize	PVP01_0825500	2617
normalize	PVP01_0825600	2618
normalize	PVP01_0825700	2619
normalize	PVP01_0825800	2620
normalize	PVP01_0825900	2621
normalize	PVP01_0826000	2622
normalize	PVP01_0826100	2623
normalize	PVP01_0826200	2624
normalize	PVP01_0826300	2625
normalize	PVP01_0826400	2626
normalize	PVP01_0826600	2627
normalize	PVP01_0826900	2628
normalize	PVP01_0827100	2629
normalize	PVP01_0827200	2630
normalize	PVP01_0827300	2631
normalize	PVP01_0827400	2632
normalize	PVP01_0828100	2633
normalize	PVP01_0828200	2634
normalize	PVP01_0828400	2635
normalize	PVP01_0828500	2636
normalize	PVP01_0828600	2637
normalize	PVP01_0828700	2638
normalize	PVP01_0828800	2639
normalize	PVP01_0828900	2640
normalize	PVP01_0829000	2641
normalize	PVP01_0829100	2642
normalize	PVP01_0829200	2643
normalize	PVP01_0829300	2644
normalize	PVP01_0829400	2645
normalize	PVP01_0829500	2646
normalize	PVP01_0829600	2647
normalize	PVP01_0829700	2648
normalize	PVP01_0830000	2649
normalize	PVP01_0830100	2650
normalize	PVP01_0830300	2651
normalize	PVP01_0830400	2652
normalize	PVP01_0830500	2653
normalize	PVP01_0830600	2654
normalize	PVP01_0831000	2655
normalize	PVP01_0831100	2656
normalize	PVP01_0831200	2657
normalize	PVP01_0831300	2658
normalize	PVP01_0831400	2659
normalize	PVP01_0831500	2660
normalize	PVP01_0831600	2661
normalize	PVP01_0831700	2662
normalize	PVP01_0831900	2663
normalize	PVP01_0832000	2664
normalize	PVP01_0832100	2665
normalize	PVP01_0832200	2666
normalize	PVP01_0832300	2667
normalize	PVP01_0832500	2668
normalize	PVP01_0832700	2669
normalize	PVP01_0832800	2670
normalize	PVP01_0832900	2671
normalize	PVP01_0833100	2672
normalize	PVP01_0833200	2673
normalize	PVP01_0833400	2674
normalize	PVP01_0833500	2675
normalize	PVP01_0833600	2676
normalize	PVP01_0833700	2677
normalize	PVP01_0833800	2678
normalize	PVP01_0833900	2679
normalize	PVP01_0834000	2680
normalize	PVP01_0834100	2681
normalize	PVP01_0834300	2682
normalize	PVP01_0834400	2683
normalize	PVP01_0834600	2684
normalize	PVP01_0834700	2685
normalize	PVP01_0834800	2686
normalize	PVP01_0834900	2687
normalize	PVP01_0835000	2688
normalize	PVP01_0835100	2689
normalize	PVP01_0835200	2690
normalize	PVP01_0835300	2691
normalize	PVP01_0835400	2692
normalize	PVP01_0835500	2693
normalize	PVP01_0835600	2694
normalize	PVP01_0835700	2695
normalize	PVP01_0835800	2696
normalize	PVP01_0835900	2697
normalize	PVP01_0836000	2698
normalize	PVP01_0836100	2699
normalize	PVP01_0836200	2700
normalize	PVP01_0836400	2701
normalize	PVP01_0836500	2702
normalize	PVP01_0836600	2703
normalize	PVP01_0836700	2704
normalize	PVP01_0836900	2705
normalize	PVP01_0837000	2706
normalize	PVP01_0837200	2707
normalize	PVP01_0837300	2708
normalize	PVP01_0837400	2709
normalize	PVP01_0837500	2710
normalize	PVP01_0837600	2711
normalize	PVP01_0837700	2712
normalize	PVP01_0837800	2713
normalize	PVP01_0837900	2714
normalize	PVP01_0838000	2715
normalize	PVP01_1101900	2716
normalize	PVP01_1102200	2717
normalize	PVP01_1102300	2718
normalize	PVP01_1102400	2719
normalize	PVP01_1102500	2720
normalize	PVP01_1102600	2721
normalize	PVP01_1102700	2722
normalize	PVP01_1102800	2723
normalize	PVP01_1103100	2724
normalize	PVP01_1103200	2725
normalize	PVP01_1103400	2726
normalize	PVP01_1103500	2727
normalize	PVP01_1103600	2728
normalize	PVP01_1103700	2729
normalize	PVP01_1103800	2730
normalize	PVP01_1103900	2731
normalize	PVP01_1104000	2732
normalize	PVP01_1104200	2733
normalize	PVP01_1104300	2734
normalize	PVP01_1104400	2735
normalize	PVP01_1104500	2736
normalize	PVP01_1104600	2737
normalize	PVP01_1104700	2738
normalize	PVP01_1104800	2739
normalize	PVP01_1105100	2740
normalize	PVP01_1105200	2741
normalize	PVP01_1105300	2742
normalize	PVP01_1105400	2743
normalize	PVP01_1105500	2744
normalize	PVP01_1105700	2745
normalize	PVP01_1105800	2746
normalize	PVP01_1105900	2747
normalize	PVP01_1106000	2748
normalize	PVP01_1106100	2749
normalize	PVP01_1106200	2750
normalize	PVP01_1106300	2751
normalize	PVP01_1106400	2752
normalize	PVP01_1106700	2753
normalize	PVP01_1106900	2754
normalize	PVP01_1107000	2755
normalize	PVP01_1107100	2756
normalize	PVP01_1107200	2757
normalize	PVP01_1107300	2758
normalize	PVP01_1107400	2759
normalize	PVP01_1107500	2760
normalize	PVP01_1107600	2761
normalize	PVP01_1107700	2762
normalize	PVP01_1107800	2763
normalize	PVP01_1108000	2764
normalize	PVP01_1108100	2765
normalize	PVP01_1108200	2766
normalize	PVP01_1108300	2767
normalize	PVP01_1108500	2768
normalize	PVP01_1108600	2769
normalize	PVP01_1108700	2770
normalize	PVP01_1108900	2771
normalize	PVP01_1109100	2772
normalize	PVP01_1109200	2773
normalize	PVP01_1109300	2774
normalize	PVP01_1109400	2775
normalize	PVP01_1109600	2776
normalize	PVP01_1109800	2777
normalize	PVP01_1109900	2778
normalize	PVP01_1110000	2779
normalize	PVP01_1110100	2780
normalize	PVP01_1110200	2781
normalize	PVP01_1110300	2782
normalize	PVP01_1110500	2783
normalize	PVP01_1110600	2784
normalize	PVP01_1110800	2785
normalize	PVP01_1110900	2786
normalize	PVP01_1111000	2787
normalize	PVP01_1111100	2788
normalize	PVP01_1111200	2789
normalize	PVP01_1111300	2790
normalize	PVP01_1111400	2791
normalize	PVP01_1111500	2792
normalize	PVP01_1111700	2793
normalize	PVP01_1111800	2794
normalize	PVP01_1112100	2795
normalize	PVP01_1112200	2796
normalize	PVP01_1112300	2797
normalize	PVP01_1112400	2798
normalize	PVP01_1112500	2799
normalize	PVP01_1112600	2800
normalize	PVP01_1112700	2801
normalize	PVP01_1112800	2802
normalize	PVP01_1112900	2803
normalize	PVP01_1113000	2804
normalize	PVP01_1113100	2805
normalize	PVP01_1113200	2806
normalize	PVP01_1113300	2807
normalize	PVP01_1113400	2808
normalize	PVP01_1113500	2809
normalize	PVP01_1113600	2810
normalize	PVP01_1113700	2811
normalize	PVP01_1113800	2812
normalize	PVP01_1114000	2813
normalize	PVP01_1114100	2814
normalize	PVP01_1114200	2815
normalize	PVP01_1114300	2816
normalize	PVP01_1114400	2817
normalize	PVP01_1114500	2818
normalize	PVP01_1114700	2819
normalize	PVP01_1114800	2820
normalize	PVP01_1114900	2821
normalize	PVP01_1115000	2822
normalize	PVP01_1115100	2823
normalize	PVP01_1115200	2824
normalize	PVP01_1115300	2825
normalize	PVP01_1115400	2826
normalize	PVP01_1115600	2827
normalize	PVP01_1115800	2828
normalize	PVP01_1115900	2829
normalize	PVP01_1116200	2830
normalize	PVP01_1116300	2831
normalize	PVP01_1116400	2832
normalize	PVP01_1116600	2833
normalize	PVP01_1116700	2834
normalize	PVP01_1116800	2835
normalize	PVP01_1116900	2836
normalize	PVP01_1117000	2837
normalize	PVP01_1117100	2838
normalize	PVP01_1117200	2839
normalize	PVP01_1117300	2840
normalize	PVP01_1117400	2841
normalize	PVP01_1117500	2842
normalize	PVP01_1117600	2843
normalize	PVP01_1117700	2844
normalize	PVP01_1118000	2845
normalize	PVP01_1118100	2846
normalize	PVP01_1118200	2847
normalize	PVP01_1118300	2848
normalize	PVP01_1118400	2849
normalize	PVP01_1118500	2850
normalize	PVP01_1118600	2851
normalize	PVP01_1118700	2852
normalize	PVP01_1118800	2853
normalize	PVP01_1118900	2854
normalize	PVP01_1119000	2855
normalize	PVP01_1119100	2856
normalize	PVP01_1119200	2857
normalize	PVP01_1119300	2858
normalize	PVP01_1119400	2859
normalize	PVP01_1119500	2860
normalize	PVP01_1119600	2861
normalize	PVP01_1119700	2862
normalize	PVP01_1119800	2863
normalize	PVP01_1119900	2864
normalize	PVP01_1120000	2865
normalize	PVP01_1120100	2866
normalize	PVP01_1120200	2867
normalize	PVP01_1120300	2868
normalize	PVP01_1120400	2869
normalize	PVP01_1120600	2870
normalize	PVP01_1121100	2871
normalize	PVP01_1121200	2872
normalize	PVP01_1121300	2873
normalize	PVP01_1121400	2874
normalize	PVP01_1121500	2875
normalize	PVP01_1121600	2876
normalize	PVP01_1121700	2877
normalize	PVP01_1121800	2878
normalize	PVP01_1122000	2879
normalize	PVP01_1122200	2880
normalize	PVP01_1122300	2881
normalize	PVP01_1122400	2882
normalize	PVP01_1122500	2883
normalize	PVP01_1122600	2884
normalize	PVP01_1122700	2885
normalize	PVP01_1122900	2886
normalize	PVP01_1123000	2887
normalize	PVP01_1123100	2888
normalize	PVP01_1123400	2889
normalize	PVP01_1123500	2890
normalize	PVP01_1123800	2891
normalize	PVP01_1123900	2892
normalize	PVP01_1124000	2893
normalize	PVP01_1124100	2894
normalize	PVP01_1124200	2895
normalize	PVP01_1124300	2896
normalize	PVP01_1124400	2897
normalize	PVP01_1124500	2898
normalize	PVP01_1124600	2899
normalize	PVP01_1124700	2900
normalize	PVP01_1124800	2901
normalize	PVP01_1124900	2902
normalize	PVP01_1125100	2903
normalize	PVP01_1125200	2904
normalize	PVP01_1125300	2905
normalize	PVP01_1125400	2906
normalize	PVP01_1125500	2907
normalize	PVP01_1125600	2908
normalize	PVP01_1125700	2909
normalize	PVP01_1125800	2910
normalize	PVP01_1125900	2911
normalize	PVP01_1126000	2912
normalize	PVP01_1126100	2913
normalize	PVP01_1126200	2914
normalize	PVP01_1126300	2915
normalize	PVP01_1126400	2916
normalize	PVP01_1126500	2917
normalize	PVP01_1126600	2918
normalize	PVP01_1126700	2919
normalize	PVP01_1126800	2920
normalize	PVP01_1126900	2921
normalize	PVP01_1127000	2922
normalize	PVP01_1127100	2923
normalize	PVP01_1127200	2924
normalize	PVP01_1127300	2925
normalize	PVP01_1127500	2926
normalize	PVP01_1127700	2927
normalize	PVP01_1127900	2928
normalize	PVP01_1128000	2929
normalize	PVP01_1128300	2930
normalize	PVP01_1128400	2931
normalize	PVP01_1128500	2932
normalize	PVP01_1128800	2933
normalize	PVP01_1128900	2934
normalize	PVP01_1129200	2935
normalize	PVP01_1129300	2936
normalize	PVP01_1129400	2937
normalize	PVP01_1129500	2938
normalize	PVP01_1129600	2939
normalize	PVP01_1129700	2940
normalize	PVP01_1129800	2941
normalize	PVP01_1129900	2942
normalize	PVP01_1130000	2943
normalize	PVP01_1130100	2944
normalize	PVP01_1130200	2945
normalize	PVP01_1130300	2946
normalize	PVP01_1130400	2947
normalize	PVP01_1130500	2948
normalize	PVP01_1130600	2949
normalize	PVP01_1130700	2950
normalize	PVP01_1130800	2951
normalize	PVP01_1130900	2952
normalize	PVP01_1131000	2953
normalize	PVP01_1131200	2954
normalize	PVP01_1131300	2955
normalize	PVP01_1131600	2956
normalize	PVP01_1131700	2957
normalize	PVP01_1131800	2958
normalize	PVP01_1131900	2959
normalize	PVP01_1132000	2960
normalize	PVP01_1132100	2961
normalize	PVP01_1132200	2962
normalize	PVP01_1132400	2963
normalize	PVP01_1132500	2964
normalize	PVP01_1132600	2965
normalize	PVP01_1132700	2966
normalize	PVP01_1132900	2967
normalize	PVP01_1132800	2968
normalize	PVP01_1133000	2969
normalize	PVP01_1133100	2970
normalize	PVP01_1133300	2971
normalize	PVP01_1133400	2972
normalize	PVP01_1133500	2973
normalize	PVP01_1133600	2974
normalize	PVP01_1133700	2975
normalize	PVP01_1133800	2976
normalize	PVP01_1133900	2977
normalize	PVP01_1134000	2978
normalize	PVP01_1134100	2979
normalize	PVP01_1134200	2980
normalize	PVP01_1134300	2981
normalize	PVP01_1134400	2982
normalize	PVP01_1134500	2983
normalize	PVP01_1134600	2984
normalize	PVP01_1134700	2985
normalize	PVP01_1134800	2986
normalize	PVP01_1134900	2987
normalize	PVP01_1135000	2988
normalize	PVP01_1135100	2989
normalize	PVP01_1135200	2990
normalize	PVP01_1135300	2991
normalize	PVP01_1135400	2992
normalize	PVP01_1135500	2993
normalize	PVP01_1135600	2994
normalize	PVP01_1135700	2995
normalize	PVP01_1135800	2996
normalize	PVP01_1136000	2997
normalize	PVP01_1136100	2998
normalize	PVP01_1136200	2999
normalize	PVP01_1136300	3000
normalize	PVP01_1136600	3001
normalize	PVP01_1136900	3002
normalize	PVP01_1137000	3003
normalize	PVP01_1137100	3004
normalize	PVP01_1137200	3005
normalize	PVP01_1137400	3006
normalize	PVP01_1137600	3007
normalize	PVP01_1137700	3008
normalize	PVP01_1137800	3009
normalize	PVP01_1137900	3010
normalize	PVP01_1138200	3011
normalize	PVP01_1138300	3012
normalize	PVP01_1138400	3013
normalize	PVP01_1138500	3014
normalize	PVP01_1138600	3015
normalize	PVP01_1138800	3016
normalize	PVP01_1138900	3017
normalize	PVP01_1139000	3018
normalize	PVP01_1139200	3019
normalize	PVP01_1139300	3020
normalize	PVP01_1139400	3021
normalize	PVP01_1139500	3022
normalize	PVP01_1139600	3023
normalize	PVP01_1139800	3024
normalize	PVP01_1139900	3025
normalize	PVP01_1140100	3026
normalize	PVP01_1140300	3027
normalize	PVP01_1140500	3028
normalize	PVP01_1140600	3029
normalize	PVP01_1140800	3030
normalize	PVP01_1140900	3031
normalize	PVP01_1141000	3032
normalize	PVP01_1141100	3033
normalize	PVP01_1141200	3034
normalize	PVP01_1141300	3035
normalize	PVP01_1141400	3036
normalize	PVP01_1141500	3037
normalize	PVP01_1141600	3038
normalize	PVP01_1141700	3039
normalize	PVP01_1141800	3040
normalize	PVP01_1141900	3041
normalize	PVP01_1142100	3042
normalize	PVP01_1142200	3043
normalize	PVP01_1142300	3044
normalize	PVP01_1142400	3045
normalize	PVP01_1142500	3046
normalize	PVP01_1142600	3047
normalize	PVP01_1142700	3048
normalize	PVP01_1142800	3049
normalize	PVP01_1142900	3050
normalize	PVP01_1143000	3051
normalize	PVP01_1143100	3052
normalize	PVP01_1143300	3053
normalize	PVP01_1143400	3054
normalize	PVP01_1143500	3055
normalize	PVP01_1143600	3056
normalize	PVP01_1143700	3057
normalize	PVP01_1143800	3058
normalize	PVP01_1143900	3059
normalize	PVP01_1144000	3060
normalize	PVP01_1144200	3061
normalize	PVP01_1144300	3062
normalize	PVP01_1144400	3063
normalize	PVP01_1144500	3064
normalize	PVP01_1144600	3065
normalize	PVP01_1144700	3066
normalize	PVP01_1144800	3067
normalize	PVP01_1145300	3068
normalize	PVP01_1145400	3069
normalize	PVP01_1145500	3070
normalize	PVP01_1145600	3071
normalize	PVP01_1145700	3072
normalize	PVP01_1145800	3073
normalize	PVP01_1145900	3074
normalize	PVP01_1146000	3075
normalize	PVP01_1146100	3076
normalize	PVP01_1146200	3077
normalize	PVP01_1146300	3078
normalize	PVP01_1146400	3079
normalize	PVP01_1146500	3080
normalize	PVP01_1146700	3081
normalize	PVP01_1146800	3082
normalize	PVP01_1146900	3083
normalize	PVP01_0601200	3084
normalize	PVP01_0601600	3085
normalize	PVP01_0601700	3086
normalize	PVP01_0601900	3087
normalize	PVP01_0602000	3088
normalize	PVP01_0602100	3089
normalize	PVP01_0602200	3090
normalize	PVP01_0602300	3091
normalize	PVP01_0602400	3092
normalize	PVP01_0602500	3093
normalize	PVP01_0602600	3094
normalize	PVP01_0602700	3095
normalize	PVP01_0602800	3096
normalize	PVP01_0602900	3097
normalize	PVP01_0603000	3098
normalize	PVP01_0603200	3099
normalize	PVP01_0603300	3100
normalize	PVP01_0603400	3101
normalize	PVP01_0603500	3102
normalize	PVP01_0603550	3103
normalize	PVP01_0603600	3104
normalize	PVP01_0603700	3105
normalize	PVP01_0603800	3106
normalize	PVP01_0603900	3107
normalize	PVP01_0604100	3108
normalize	PVP01_0604300	3109
normalize	PVP01_0604400	3110
normalize	PVP01_0604500	3111
normalize	PVP01_0604600	3112
normalize	PVP01_0604700	3113
normalize	PVP01_0604800	3114
normalize	PVP01_0604900	3115
normalize	PVP01_0605200	3116
normalize	PVP01_0605500	3117
normalize	PVP01_0605600	3118
normalize	PVP01_0605800	3119
normalize	PVP01_0605900	3120
normalize	PVP01_0606000	3121
normalize	PVP01_0606100	3122
normalize	PVP01_0606200	3123
normalize	PVP01_0606300	3124
normalize	PVP01_0606400	3125
normalize	PVP01_0606500	3126
normalize	PVP01_0606600	3127
normalize	PVP01_0606800	3128
normalize	PVP01_0606900	3129
normalize	PVP01_0607000	3130
normalize	PVP01_0607200	3131
normalize	PVP01_0607500	3132
normalize	PVP01_0607600	3133
normalize	PVP01_0607700	3134
normalize	PVP01_0607800	3135
normalize	PVP01_0607900	3136
normalize	PVP01_0608000	3137
normalize	PVP01_0608100	3138
normalize	PVP01_0608500	3139
normalize	PVP01_0608600	3140
normalize	PVP01_0608700	3141
normalize	PVP01_0608800	3142
normalize	PVP01_0609000	3143
normalize	PVP01_0609100	3144
normalize	PVP01_0609200	3145
normalize	PVP01_0609300	3146
normalize	PVP01_0609400	3147
normalize	PVP01_0609700	3148
normalize	PVP01_0609800	3149
normalize	PVP01_0609900	3150
normalize	PVP01_0610000	3151
normalize	PVP01_0610200	3152
normalize	PVP01_0610300	3153
normalize	PVP01_0610400	3154
normalize	PVP01_0610500	3155
normalize	PVP01_0610600	3156
normalize	PVP01_0610700	3157
normalize	PVP01_0610800	3158
normalize	PVP01_0611000	3159
normalize	PVP01_0611100	3160
normalize	PVP01_0611200	3161
normalize	PVP01_0611300	3162
normalize	PVP01_0611400	3163
normalize	PVP01_0611500	3164
normalize	PVP01_0611700	3165
normalize	PVP01_0611800	3166
normalize	PVP01_0612200	3167
normalize	PVP01_0612300	3168
normalize	PVP01_0612400	3169
normalize	PVP01_0612700	3170
normalize	PVP01_0612900	3171
normalize	PVP01_0613000	3172
normalize	PVP01_0613100	3173
normalize	PVP01_0613300	3174
normalize	PVP01_0613400	3175
normalize	PVP01_0613500	3176
normalize	PVP01_0613600	3177
normalize	PVP01_0613700	3178
normalize	PVP01_0613800	3179
normalize	PVP01_0613900	3180
normalize	PVP01_0614000	3181
normalize	PVP01_0614100	3182
normalize	PVP01_0614200	3183
normalize	PVP01_0614300	3184
normalize	PVP01_0614500	3185
normalize	PVP01_0614600	3186
normalize	PVP01_0614700	3187
normalize	PVP01_0614800	3188
normalize	PVP01_0614900	3189
normalize	PVP01_0615000	3190
normalize	PVP01_0615100	3191
normalize	PVP01_0615200	3192
normalize	PVP01_0615300	3193
normalize	PVP01_0615400	3194
normalize	PVP01_0615500	3195
normalize	PVP01_0615800	3196
normalize	PVP01_0615900	3197
normalize	PVP01_0616000	3198
normalize	PVP01_0616200	3199
normalize	PVP01_0616300	3200
normalize	PVP01_0616400	3201
normalize	PVP01_0616500	3202
normalize	PVP01_0616600	3203
normalize	PVP01_0616700	3204
normalize	PVP01_0616800	3205
normalize	PVP01_0616900	3206
normalize	PVP01_0617000	3207
normalize	PVP01_0617200	3208
normalize	PVP01_0617300	3209
normalize	PVP01_0617400	3210
normalize	PVP01_0617500	3211
normalize	PVP01_0617600	3212
normalize	PVP01_0617700	3213
normalize	PVP01_0617800	3214
normalize	PVP01_0617900	3215
normalize	PVP01_0618000	3216
normalize	PVP01_0618100	3217
normalize	PVP01_0618200	3218
normalize	PVP01_0618300	3219
normalize	PVP01_0618400	3220
normalize	PVP01_0618500	3221
normalize	PVP01_0618600	3222
normalize	PVP01_0618800	3223
normalize	PVP01_0618900	3224
normalize	PVP01_0619000	3225
normalize	PVP01_0619100	3226
normalize	PVP01_0619200	3227
normalize	PVP01_0619300	3228
normalize	PVP01_0619500	3229
normalize	PVP01_0619600	3230
normalize	PVP01_0619700	3231
normalize	PVP01_0619800	3232
normalize	PVP01_0619900	3233
normalize	PVP01_0620000	3234
normalize	PVP01_0620100	3235
normalize	PVP01_0620200	3236
normalize	PVP01_0620300	3237
normalize	PVP01_0620400	3238
normalize	PVP01_0621000	3239
normalize	PVP01_0621100	3240
normalize	PVP01_0621200	3241
normalize	PVP01_0621300	3242
normalize	PVP01_0621600	3243
normalize	PVP01_0621700	3244
normalize	PVP01_0621800	3245
normalize	PVP01_0621900	3246
normalize	PVP01_0622000	3247
normalize	PVP01_0622100	3248
normalize	PVP01_0622200	3249
normalize	PVP01_0622300	3250
normalize	PVP01_0622400	3251
normalize	PVP01_0622500	3252
normalize	PVP01_0622600	3253
normalize	PVP01_0622700	3254
normalize	PVP01_MIT02700	3255
normalize	PVP01_MIT03300	3256
normalize	PVP01_MIT03400	3257
normalize	PVP01_0302100	3258
normalize	PVP01_0302300	3259
normalize	PVP01_0302400	3260
normalize	PVP01_0302500	3261
normalize	PVP01_0302600	3262
normalize	PVP01_0302700	3263
normalize	PVP01_0302900	3264
normalize	PVP01_0303100	3265
normalize	PVP01_0303200	3266
normalize	PVP01_0303300	3267
normalize	PVP01_0303400	3268
normalize	PVP01_0303600	3269
normalize	PVP01_0303700	3270
normalize	PVP01_0303800	3271
normalize	PVP01_0303900	3272
normalize	PVP01_0304000	3273
normalize	PVP01_0304100	3274
normalize	PVP01_0304200	3275
normalize	PVP01_0304300	3276
normalize	PVP01_0304400	3277
normalize	PVP01_0304500	3278
normalize	PVP01_0304600	3279
normalize	PVP01_0304700	3280
normalize	PVP01_0304800	3281
normalize	PVP01_0304900	3282
normalize	PVP01_0305000	3283
normalize	PVP01_0305100	3284
normalize	PVP01_0305200	3285
normalize	PVP01_0305300	3286
normalize	PVP01_0305400	3287
normalize	PVP01_0305500	3288
normalize	PVP01_0305700	3289
normalize	PVP01_0305800	3290
normalize	PVP01_0306000	3291
normalize	PVP01_0306100	3292
normalize	PVP01_0306200	3293
normalize	PVP01_0306400	3294
normalize	PVP01_0306500	3295
normalize	PVP01_0306600	3296
normalize	PVP01_0306700	3297
normalize	PVP01_0307000	3298
normalize	PVP01_0307100	3299
normalize	PVP01_0307200	3300
normalize	PVP01_0307300	3301
normalize	PVP01_0307400	3302
normalize	PVP01_0307500	3303
normalize	PVP01_0307600	3304
normalize	PVP01_0307700	3305
normalize	PVP01_0307800	3306
normalize	PVP01_0307900	3307
normalize	PVP01_0308000	3308
normalize	PVP01_0308100	3309
normalize	PVP01_0308200	3310
normalize	PVP01_0308300	3311
normalize	PVP01_0308400	3312
normalize	PVP01_0308500	3313
normalize	PVP01_0308700	3314
normalize	PVP01_0308800	3315
normalize	PVP01_0308900	3316
normalize	PVP01_0309000	3317
normalize	PVP01_0309100	3318
normalize	PVP01_0309200	3319
normalize	PVP01_0309300	3320
normalize	PVP01_0309500	3321
normalize	PVP01_0309600	3322
normalize	PVP01_0309700	3323
normalize	PVP01_0309800	3324
normalize	PVP01_0309900	3325
normalize	PVP01_0310000	3326
normalize	PVP01_0310100	3327
normalize	PVP01_0310200	3328
normalize	PVP01_0310300	3329
normalize	PVP01_0310400	3330
normalize	PVP01_0310500	3331
normalize	PVP01_0310600	3332
normalize	PVP01_0310700	3333
normalize	PVP01_0310800	3334
normalize	PVP01_0311400	3335
normalize	PVP01_0311500	3336
normalize	PVP01_0311700	3337
normalize	PVP01_0311800	3338
normalize	PVP01_0311900	3339
normalize	PVP01_0312100	3340
normalize	PVP01_0312200	3341
normalize	PVP01_0312300	3342
normalize	PVP01_0312400	3343
normalize	PVP01_0312600	3344
normalize	PVP01_0312700	3345
normalize	PVP01_0312800	3346
normalize	PVP01_0312900	3347
normalize	PVP01_0313000	3348
normalize	PVP01_0313100	3349
normalize	PVP01_0313200	3350
normalize	PVP01_0313300	3351
normalize	PVP01_0313400	3352
normalize	PVP01_0313500	3353
normalize	PVP01_0313700	3354
normalize	PVP01_0313800	3355
normalize	PVP01_0314000	3356
normalize	PVP01_0314100	3357
normalize	PVP01_0314200	3358
normalize	PVP01_0314300	3359
normalize	PVP01_0314400	3360
normalize	PVP01_0314500	3361
normalize	PVP01_0314600	3362
normalize	PVP01_0314700	3363
normalize	PVP01_0314800	3364
normalize	PVP01_0314900	3365
normalize	PVP01_0315200	3366
normalize	PVP01_0315300	3367
normalize	PVP01_0315400	3368
normalize	PVP01_0315500	3369
normalize	PVP01_0315700	3370
normalize	PVP01_0315800	3371
normalize	PVP01_0315900	3372
normalize	PVP01_0316000	3373
normalize	PVP01_0316100	3374
normalize	PVP01_0316200	3375
normalize	PVP01_0316300	3376
normalize	PVP01_0316400	3377
normalize	PVP01_0316500	3378
normalize	PVP01_0316600	3379
normalize	PVP01_0316800	3380
normalize	PVP01_0316900	3381
normalize	PVP01_0317000	3382
normalize	PVP01_0317100	3383
normalize	PVP01_0317200	3384
normalize	PVP01_0317400	3385
normalize	PVP01_0317500	3386
normalize	PVP01_0317600	3387
normalize	PVP01_0317700	3388
normalize	PVP01_0317800	3389
normalize	PVP01_0317900	3390
normalize	PVP01_0318000	3391
normalize	PVP01_0318100	3392
normalize	PVP01_0318200	3393
normalize	PVP01_0318300	3394
normalize	PVP01_0318400	3395
normalize	PVP01_0318500	3396
normalize	PVP01_0318600	3397
normalize	PVP01_0318700	3398
normalize	PVP01_0318800	3399
normalize	PVP01_0318900	3400
normalize	PVP01_0319000	3401
normalize	PVP01_0319100	3402
normalize	PVP01_0319300	3403
normalize	PVP01_0319400	3404
normalize	PVP01_0319500	3405
normalize	PVP01_0319700	3406
normalize	PVP01_0319800	3407
normalize	PVP01_0319900	3408
normalize	PVP01_0320000	3409
normalize	PVP01_0320100	3410
normalize	PVP01_0320200	3411
normalize	PVP01_0320300	3412
normalize	PVP01_0320400	3413
normalize	PVP01_0320500	3414
normalize	PVP01_0320900	3415
normalize	PVP01_0321000	3416
normalize	PVP01_0321100	3417
normalize	PVP01_0504400	3418
normalize	PVP01_0504800	3419
normalize	PVP01_0504900	3420
normalize	PVP01_0505000	3421
normalize	PVP01_0505100	3422
normalize	PVP01_0505200	3423
normalize	PVP01_0505300	3424
normalize	PVP01_0505400	3425
normalize	PVP01_0505500	3426
normalize	PVP01_0505600	3427
normalize	PVP01_0505700	3428
normalize	PVP01_0505800	3429
normalize	PVP01_0505900	3430
normalize	PVP01_0506000	3431
normalize	PVP01_0506100	3432
normalize	PVP01_0506200	3433
normalize	PVP01_0506500	3434
normalize	PVP01_0506700	3435
normalize	PVP01_0506800	3436
normalize	PVP01_0507100	3437
normalize	PVP01_0507200	3438
normalize	PVP01_0507400	3439
normalize	PVP01_0507500	3440
normalize	PVP01_0507600	3441
normalize	PVP01_0507700	3442
normalize	PVP01_0507800	3443
normalize	PVP01_0507900	3444
normalize	PVP01_0508000	3445
normalize	PVP01_0508100	3446
normalize	PVP01_0508200	3447
normalize	PVP01_0508300	3448
normalize	PVP01_0508700	3449
normalize	PVP01_0508800	3450
normalize	PVP01_0508900	3451
normalize	PVP01_0509000	3452
normalize	PVP01_0509100	3453
normalize	PVP01_0509300	3454
normalize	PVP01_0509400	3455
normalize	PVP01_0509500	3456
normalize	PVP01_0509600	3457
normalize	PVP01_0509700	3458
normalize	PVP01_0509800	3459
normalize	PVP01_0509900	3460
normalize	PVP01_0510100	3461
normalize	PVP01_0510400	3462
normalize	PVP01_0510500	3463
normalize	PVP01_0510600	3464
normalize	PVP01_0511000	3465
normalize	PVP01_0511100	3466
normalize	PVP01_0511200	3467
normalize	PVP01_0511400	3468
normalize	PVP01_0511500	3469
normalize	PVP01_0511600	3470
normalize	PVP01_0511700	3471
normalize	PVP01_0511800	3472
normalize	PVP01_0511900	3473
normalize	PVP01_0512000	3474
normalize	PVP01_0512100	3475
normalize	PVP01_0512200	3476
normalize	PVP01_0512300	3477
normalize	PVP01_0512400	3478
normalize	PVP01_0512500	3479
normalize	PVP01_0512600	3480
normalize	PVP01_0512700	3481
normalize	PVP01_0512900	3482
normalize	PVP01_0513000	3483
normalize	PVP01_0513100	3484
normalize	PVP01_0513200	3485
normalize	PVP01_0513300	3486
normalize	PVP01_0513500	3487
normalize	PVP01_0513600	3488
normalize	PVP01_0513700	3489
normalize	PVP01_0513800	3490
normalize	PVP01_0513900	3491
normalize	PVP01_0514000	3492
normalize	PVP01_0514100	3493
normalize	PVP01_0514200	3494
normalize	PVP01_0514400	3495
normalize	PVP01_0514500	3496
normalize	PVP01_0514600	3497
normalize	PVP01_0514700	3498
normalize	PVP01_0514800	3499
normalize	PVP01_0515300	3500
normalize	PVP01_0515400	3501
normalize	PVP01_0515500	3502
normalize	PVP01_0515600	3503
normalize	PVP01_0516600	3504
normalize	PVP01_0516700	3505
normalize	PVP01_0516800	3506
normalize	PVP01_0516900	3507
normalize	PVP01_0517000	3508
normalize	PVP01_0517100	3509
normalize	PVP01_0517200	3510
normalize	PVP01_0517300	3511
normalize	PVP01_0517400	3512
normalize	PVP01_0517500	3513
normalize	PVP01_0517600	3514
normalize	PVP01_0517700	3515
normalize	PVP01_0518000	3516
normalize	PVP01_0518100	3517
normalize	PVP01_0518200	3518
normalize	PVP01_0518300	3519
normalize	PVP01_0518600	3520
normalize	PVP01_0518500	3521
normalize	PVP01_0518700	3522
normalize	PVP01_0518800	3523
normalize	PVP01_0518900	3524
normalize	PVP01_0519000	3525
normalize	PVP01_0519100	3526
normalize	PVP01_0519200	3527
normalize	PVP01_0519300	3528
normalize	PVP01_0519500	3529
normalize	PVP01_0519800	3530
normalize	PVP01_0520300	3531
normalize	PVP01_0520500	3532
normalize	PVP01_0520800	3533
normalize	PVP01_0520900	3534
normalize	PVP01_0521000	3535
normalize	PVP01_0521100	3536
normalize	PVP01_0521200	3537
normalize	PVP01_0521300	3538
normalize	PVP01_0521400	3539
normalize	PVP01_0521500	3540
normalize	PVP01_0521600	3541
normalize	PVP01_0521900	3542
normalize	PVP01_0522000	3543
normalize	PVP01_0522200	3544
normalize	PVP01_0522300	3545
normalize	PVP01_0522400	3546
normalize	PVP01_0522500	3547
normalize	PVP01_0522600	3548
normalize	PVP01_0522700	3549
normalize	PVP01_0523400	3550
normalize	PVP01_0524100	3551
normalize	PVP01_0524500	3552
normalize	PVP01_0525200	3553
normalize	PVP01_0525300	3554
normalize	PVP01_0525800	3555
normalize	PVP01_0525900	3556
normalize	PVP01_0526000	3557
normalize	PVP01_0526100	3558
normalize	PVP01_0526200	3559
normalize	PVP01_0526300	3560
normalize	PVP01_0526400	3561
normalize	PVP01_0526500	3562
normalize	PVP01_0526600	3563
normalize	PVP01_0526700	3564
normalize	PVP01_0526800	3565
normalize	PVP01_0526900	3566
normalize	PVP01_0527000	3567
normalize	PVP01_0527100	3568
normalize	PVP01_0527200	3569
normalize	PVP01_0527300	3570
normalize	PVP01_0527400	3571
normalize	PVP01_0527500	3572
normalize	PVP01_0527600	3573
normalize	PVP01_0527700	3574
normalize	PVP01_0527800	3575
normalize	PVP01_0527900	3576
normalize	PVP01_0528100	3577
normalize	PVP01_0528200	3578
normalize	PVP01_0528300	3579
normalize	PVP01_0528700	3580
normalize	PVP01_0528500	3581
normalize	PVP01_0528600	3582
normalize	PVP01_0528800	3583
normalize	PVP01_0528900	3584
normalize	PVP01_0529000	3585
normalize	PVP01_0529100	3586
normalize	PVP01_0529200	3587
normalize	PVP01_0529300	3588
normalize	PVP01_0529400	3589
normalize	PVP01_0529600	3590
normalize	PVP01_0529700	3591
normalize	PVP01_0529800	3592
normalize	PVP01_0530000	3593
normalize	PVP01_0529900	3594
normalize	PVP01_0530100	3595
normalize	PVP01_0530200	3596
normalize	PVP01_0530300	3597
normalize	PVP01_0530500	3598
normalize	PVP01_0530600	3599
normalize	PVP01_0530700	3600
normalize	PVP01_0530800	3601
normalize	PVP01_0530900	3602
normalize	PVP01_0531000	3603
normalize	PVP01_0531100	3604
normalize	PVP01_0531300	3605
normalize	PVP01_0531400	3606
normalize	PVP01_0531600	3607
normalize	PVP01_0531700	3608
normalize	PVP01_0531800	3609
normalize	PVP01_0531900	3610
normalize	PVP01_0532000	3611
normalize	PVP01_0532100	3612
normalize	PVP01_0532200	3613
normalize	PVP01_0532300	3614
normalize	PVP01_0532800	3615
normalize	PVP01_0533000	3616
normalize	PVP01_0701100	3617
normalize	PVP01_0701300	3618
normalize	PVP01_0701400	3619
normalize	PVP01_0701500	3620
normalize	PVP01_0701600	3621
normalize	PVP01_0701700	3622
normalize	PVP01_0701800	3623
normalize	PVP01_0701900	3624
normalize	PVP01_0702000	3625
normalize	PVP01_0702100	3626
normalize	PVP01_0702400	3627
normalize	PVP01_0702500	3628
normalize	PVP01_0702600	3629
normalize	PVP01_0703000	3630
normalize	PVP01_0703100	3631
normalize	PVP01_0703200	3632
normalize	PVP01_0703300	3633
normalize	PVP01_0703500	3634
normalize	PVP01_0703600	3635
normalize	PVP01_0703900	3636
normalize	PVP01_0704000	3637
normalize	PVP01_0704200	3638
normalize	PVP01_0704300	3639
normalize	PVP01_0704400	3640
normalize	PVP01_0704500	3641
normalize	PVP01_0704600	3642
normalize	PVP01_0704700	3643
normalize	PVP01_0704800	3644
normalize	PVP01_0704900	3645
normalize	PVP01_0705100	3646
normalize	PVP01_0705500	3647
normalize	PVP01_0705600	3648
normalize	PVP01_0705700	3649
normalize	PVP01_0705800	3650
normalize	PVP01_0705900	3651
normalize	PVP01_0706000	3652
normalize	PVP01_0706100	3653
normalize	PVP01_0706200	3654
normalize	PVP01_0706300	3655
normalize	PVP01_0706400	3656
normalize	PVP01_0706500	3657
normalize	PVP01_0706600	3658
normalize	PVP01_0706700	3659
normalize	PVP01_0706800	3660
normalize	PVP01_0706900	3661
normalize	PVP01_0707000	3662
normalize	PVP01_0707100	3663
normalize	PVP01_0707200	3664
normalize	PVP01_0707400	3665
normalize	PVP01_0707500	3666
normalize	PVP01_0707600	3667
normalize	PVP01_0707700	3668
normalize	PVP01_0707800	3669
normalize	PVP01_0707900	3670
normalize	PVP01_0708000	3671
normalize	PVP01_0708100	3672
normalize	PVP01_0708200	3673
normalize	PVP01_0708600	3674
normalize	PVP01_0708700	3675
normalize	PVP01_0708800	3676
normalize	PVP01_0708900	3677
normalize	PVP01_0709000	3678
normalize	PVP01_0709100	3679
normalize	PVP01_0709200	3680
normalize	PVP01_0709300	3681
normalize	PVP01_0709500	3682
normalize	PVP01_0709600	3683
normalize	PVP01_0709700	3684
normalize	PVP01_0709800	3685
normalize	PVP01_0709900	3686
normalize	PVP01_0710000	3687
normalize	PVP01_0710200	3688
normalize	PVP01_0710300	3689
normalize	PVP01_0710400	3690
normalize	PVP01_0710500	3691
normalize	PVP01_0710600	3692
normalize	PVP01_0710700	3693
normalize	PVP01_0710800	3694
normalize	PVP01_0710900	3695
normalize	PVP01_0711100	3696
normalize	PVP01_0711200	3697
normalize	PVP01_0711300	3698
normalize	PVP01_0711400	3699
normalize	PVP01_0711600	3700
normalize	PVP01_0711700	3701
normalize	PVP01_0711800	3702
normalize	PVP01_0711900	3703
normalize	PVP01_0712000	3704
normalize	PVP01_0712100	3705
normalize	PVP01_0712200	3706
normalize	PVP01_0712300	3707
normalize	PVP01_0712400	3708
normalize	PVP01_0712500	3709
normalize	PVP01_0712600	3710
normalize	PVP01_0712700	3711
normalize	PVP01_0712800	3712
normalize	PVP01_0712900	3713
normalize	PVP01_0713000	3714
normalize	PVP01_0713100	3715
normalize	PVP01_0713200	3716
normalize	PVP01_0713300	3717
normalize	PVP01_0713400	3718
normalize	PVP01_0713500	3719
normalize	PVP01_0713600	3720
normalize	PVP01_0713700	3721
normalize	PVP01_0713800	3722
normalize	PVP01_0714000	3723
normalize	PVP01_0714100	3724
normalize	PVP01_0714200	3725
normalize	PVP01_0714300	3726
normalize	PVP01_0714400	3727
normalize	PVP01_0714500	3728
normalize	PVP01_0714600	3729
normalize	PVP01_0714700	3730
normalize	PVP01_0714800	3731
normalize	PVP01_0714900	3732
normalize	PVP01_0715000	3733
normalize	PVP01_0715100	3734
normalize	PVP01_0715200	3735
normalize	PVP01_0715300	3736
normalize	PVP01_0715400	3737
normalize	PVP01_0715500	3738
normalize	PVP01_0715600	3739
normalize	PVP01_0715900	3740
normalize	PVP01_0716100	3741
normalize	PVP01_0716300	3742
normalize	PVP01_0716400	3743
normalize	PVP01_0716500	3744
normalize	PVP01_0716600	3745
normalize	PVP01_0716800	3746
normalize	PVP01_0716900	3747
normalize	PVP01_0717000	3748
normalize	PVP01_0717100	3749
normalize	PVP01_0717200	3750
normalize	PVP01_0717300	3751
normalize	PVP01_0717400	3752
normalize	PVP01_0717500	3753
normalize	PVP01_0717600	3754
normalize	PVP01_0717800	3755
normalize	PVP01_0717900	3756
normalize	PVP01_0718000	3757
normalize	PVP01_0718200	3758
normalize	PVP01_0718300	3759
normalize	PVP01_0718400	3760
normalize	PVP01_0718500	3761
normalize	PVP01_0718600	3762
normalize	PVP01_0718700	3763
normalize	PVP01_0718800	3764
normalize	PVP01_0718900	3765
normalize	PVP01_0719000	3766
normalize	PVP01_0719100	3767
normalize	PVP01_0719200	3768
normalize	PVP01_0719300	3769
normalize	PVP01_0719400	3770
normalize	PVP01_0719500	3771
normalize	PVP01_0719600	3772
normalize	PVP01_0719700	3773
normalize	PVP01_0719800	3774
normalize	PVP01_0720100	3775
normalize	PVP01_0720200	3776
normalize	PVP01_0720300	3777
normalize	PVP01_0720400	3778
normalize	PVP01_0720500	3779
normalize	PVP01_0720600	3780
normalize	PVP01_0720700	3781
normalize	PVP01_0720800	3782
normalize	PVP01_0721100	3783
normalize	PVP01_0721200	3784
normalize	PVP01_0721300	3785
normalize	PVP01_0721400	3786
normalize	PVP01_0721500	3787
normalize	PVP01_0721600	3788
normalize	PVP01_0721900	3789
normalize	PVP01_0722000	3790
normalize	PVP01_0722100	3791
normalize	PVP01_0722200	3792
normalize	PVP01_0722300	3793
normalize	PVP01_0722400	3794
normalize	PVP01_0722500	3795
normalize	PVP01_0722600	3796
normalize	PVP01_0722700	3797
normalize	PVP01_0722800	3798
normalize	PVP01_0722900	3799
normalize	PVP01_0723000	3800
normalize	PVP01_0723100	3801
normalize	PVP01_0723300	3802
normalize	PVP01_0723400	3803
normalize	PVP01_0723500	3804
normalize	PVP01_0723600	3805
normalize	PVP01_0723700	3806
normalize	PVP01_0723800	3807
normalize	PVP01_0723900	3808
normalize	PVP01_0724000	3809
normalize	PVP01_0724100	3810
normalize	PVP01_0724200	3811
normalize	PVP01_0724300	3812
normalize	PVP01_0724400	3813
normalize	PVP01_0724500	3814
normalize	PVP01_0724600	3815
normalize	PVP01_0724700	3816
normalize	PVP01_0724800	3817
normalize	PVP01_0724900	3818
normalize	PVP01_0725000	3819
normalize	PVP01_0725100	3820
normalize	PVP01_0725200	3821
normalize	PVP01_0725400	3822
normalize	PVP01_0725500	3823
normalize	PVP01_0725600	3824
normalize	PVP01_0725700	3825
normalize	PVP01_0725800	3826
normalize	PVP01_0725900	3827
normalize	PVP01_0726000	3828
normalize	PVP01_0726100	3829
normalize	PVP01_0726200	3830
normalize	PVP01_0726300	3831
normalize	PVP01_0726400	3832
normalize	PVP01_0726500	3833
normalize	PVP01_0726600	3834
normalize	PVP01_0726650	3835
normalize	PVP01_0726700	3836
normalize	PVP01_0726800	3837
normalize	PVP01_0727000	3838
normalize	PVP01_0726900	3839
normalize	PVP01_0727300	3840
normalize	PVP01_0727400	3841
normalize	PVP01_0727500	3842
normalize	PVP01_0727600	3843
normalize	PVP01_0727700	3844
normalize	PVP01_0727900	3845
normalize	PVP01_0728100	3846
normalize	PVP01_0728200	3847
normalize	PVP01_0728300	3848
normalize	PVP01_0728400	3849
normalize	PVP01_0728500	3850
normalize	PVP01_0728600	3851
normalize	PVP01_0728700	3852
normalize	PVP01_0728800	3853
normalize	PVP01_0728900	3854
normalize	PVP01_0729000	3855
normalize	PVP01_0729100	3856
normalize	PVP01_0729200	3857
normalize	PVP01_0729300	3858
normalize	PVP01_0729400	3859
normalize	PVP01_0729600	3860
normalize	PVP01_0729700	3861
normalize	PVP01_0729800	3862
normalize	PVP01_0729900	3863
normalize	PVP01_0730100	3864
normalize	PVP01_0730200	3865
normalize	PVP01_0730500	3866
normalize	PVP01_0730700	3867
normalize	PVP01_0730800	3868
normalize	PVP01_0730900	3869
normalize	PVP01_0731000	3870
normalize	PVP01_0731200	3871
normalize	PVP01_0731300	3872
normalize	PVP01_0731400	3873
normalize	PVP01_0731500	3874
normalize	PVP01_0731600	3875
normalize	PVP01_0731700	3876
normalize	PVP01_0731800	3877
normalize	PVP01_0731900	3878
normalize	PVP01_0732100	3879
normalize	PVP01_0732300	3880
normalize	PVP01_0732400	3881
normalize	PVP01_0732500	3882
normalize	PVP01_0732800	3883
normalize	PVP01_0733100	3884
normalize	PVP01_0733200	3885
normalize	PVP01_0733300	3886
normalize	PVP01_0733400	3887
normalize	PVP01_0733500	3888
normalize	PVP01_0733600	3889
normalize	PVP01_0733800	3890
normalize	PVP01_0733900	3891
normalize	PVP01_0734000	3892
normalize	PVP01_0734200	3893
normalize	PVP01_0734300	3894
normalize	PVP01_0734400	3895
normalize	PVP01_0734800	3896
normalize	PVP01_0734900	3897
normalize	PVP01_0735000	3898
normalize	PVP01_0004280	3899
normalize	PVP01_0009740	3900
normalize	PVP01_0004920	3901
normalize	PVP01_0002530	3902
normalize	PVP01_0201100	3903
normalize	PVP01_0201600	3904
normalize	PVP01_0201700	3905
normalize	PVP01_0201800	3906
normalize	PVP01_0203600	3907
normalize	PVP01_0208100	3908
normalize	PVP01_0208200	3909
normalize	PVP01_0209100	3910
normalize	PVP01_0209200	3911
normalize	PVP01_0209800	3912
normalize	PVP01_0210000	3913
normalize	PVP01_0210100	3914
normalize	PVP01_0212500	3915
normalize	PVP01_0213500	3916
normalize	PVP01_0214100	3917
normalize	PVP01_0102700	3918
normalize	PVP01_0104900	3919
normalize	PVP01_0107600	3920
normalize	PVP01_0108200	3921
normalize	PVP01_0111800	3922
normalize	PVP01_0113100	3923
normalize	PVP01_0115100	3924
normalize	PVP01_0115800	3925
normalize	PVP01_0116400	3926
normalize	PVP01_0118200	3927
normalize	PVP01_0122000	3928
normalize	PVP01_1002600	3929
normalize	PVP01_1004700	3930
normalize	PVP01_1005300	3931
normalize	PVP01_1005800	3932
normalize	PVP01_1005900	3933
normalize	PVP01_1006000	3934
normalize	PVP01_1007000	3935
normalize	PVP01_1009800	3936
normalize	PVP01_1010200	3937
normalize	PVP01_1010300	3938
normalize	PVP01_1012400	3939
normalize	PVP01_1013600	3940
normalize	PVP01_1013900	3941
normalize	PVP01_1015800	3942
normalize	PVP01_1017100	3943
normalize	PVP01_1017400	3944
normalize	PVP01_1017900	3945
normalize	PVP01_1018100	3946
normalize	PVP01_1018900	3947
normalize	PVP01_1023700	3948
normalize	PVP01_1024900	3949
normalize	PVP01_1027300	3950
normalize	PVP01_1030400	3951
normalize	PVP01_1031300	3952
normalize	PVP01_1031600	3953
normalize	PVP01_1032300	3954
normalize	PVP01_1032400	3955
normalize	PVP01_1033800	3956
normalize	PVP01_1403000	3957
normalize	PVP01_1404000	3958
normalize	PVP01_1404400	3959
normalize	PVP01_1406800	3960
normalize	PVP01_1407300	3961
normalize	PVP01_1407700	3962
normalize	PVP01_1408400	3963
normalize	PVP01_1409000	3964
normalize	PVP01_1409500	3965
normalize	PVP01_1410000	3966
normalize	PVP01_1410700	3967
normalize	PVP01_1412100	3968
normalize	PVP01_1412200	3969
normalize	PVP01_1413450	3970
normalize	PVP01_1414000	3971
normalize	PVP01_1414700	3972
normalize	PVP01_1415200	3973
normalize	PVP01_1415600	3974
normalize	PVP01_1415700	3975
normalize	PVP01_1416500	3976
normalize	PVP01_1416700	3977
normalize	PVP01_1418700	3978
normalize	PVP01_1418800	3979
normalize	PVP01_1418900	3980
normalize	PVP01_1421300	3981
normalize	PVP01_1422400	3982
normalize	PVP01_1423000	3983
normalize	PVP01_1423200	3984
normalize	PVP01_1426750	3985
normalize	PVP01_1429100	3986
normalize	PVP01_1430600	3987
normalize	PVP01_1433200	3988
normalize	PVP01_1433500	3989
normalize	PVP01_1433900	3990
normalize	PVP01_1434000	3991
normalize	PVP01_1434600	3992
normalize	PVP01_1435600	3993
normalize	PVP01_1436000	3994
normalize	PVP01_1437500	3995
normalize	PVP01_1437600	3996
normalize	PVP01_1438300	3997
normalize	PVP01_1438600	3998
normalize	PVP01_1439500	3999
normalize	PVP01_1442900	4000
normalize	PVP01_1444700	4001
normalize	PVP01_1445700	4002
normalize	PVP01_1446400	4003
normalize	PVP01_1446500	4004
normalize	PVP01_1448100	4005
normalize	PVP01_1448300	4006
normalize	PVP01_1449200	4007
normalize	PVP01_1450300	4008
normalize	PVP01_1451200	4009
normalize	PVP01_1451400	4010
normalize	PVP01_1452700	4011
normalize	PVP01_1454750	4012
normalize	PVP01_1455700	4013
normalize	PVP01_1455900	4014
normalize	PVP01_1457300	4015
normalize	PVP01_1459500	4016
normalize	PVP01_1459800	4017
normalize	PVP01_1460000	4018
normalize	PVP01_1460100	4019
normalize	PVP01_1460200	4020
normalize	PVP01_1465000	4021
normalize	PVP01_1467100	4022
normalize	PVP01_1468300	4023
normalize	PVP01_0903700	4024
normalize	PVP01_0904300	4025
normalize	PVP01_0904500	4026
normalize	PVP01_0904900	4027
normalize	PVP01_0907300	4028
normalize	PVP01_0907700	4029
normalize	PVP01_0910100	4030
normalize	PVP01_0911600	4031
normalize	PVP01_0911800	4032
normalize	PVP01_0912300	4033
normalize	PVP01_0913200	4034
normalize	PVP01_0913300	4035
normalize	PVP01_0914700	4036
normalize	PVP01_0916300	4037
normalize	PVP01_0916400	4038
normalize	PVP01_0922400	4039
normalize	PVP01_0923000	4040
normalize	PVP01_0923100	4041
normalize	PVP01_0924300	4042
normalize	PVP01_0924800	4043
normalize	PVP01_0925800	4044
normalize	PVP01_0927600	4045
normalize	PVP01_0928400	4046
normalize	PVP01_0930100	4047
normalize	PVP01_0931400	4048
normalize	PVP01_0931500	4049
normalize	PVP01_0931600	4050
normalize	PVP01_0933400	4051
normalize	PVP01_0934500	4052
normalize	PVP01_0935400	4053
normalize	PVP01_0936200	4054
normalize	PVP01_0936600	4055
normalize	PVP01_0937200	4056
normalize	PVP01_0937500	4057
normalize	PVP01_0938400	4058
normalize	PVP01_0938500	4059
normalize	PVP01_0939000	4060
normalize	PVP01_0939300	4061
normalize	PVP01_0941700	4062
normalize	PVP01_0941900	4063
normalize	PVP01_0942100	4064
normalize	PVP01_0942700	4065
normalize	PVP01_0943300	4066
normalize	PVP01_0946200	4067
normalize	PVP01_0946400	4068
normalize	PVP01_0947000	4069
normalize	PVP01_0405200	4070
normalize	PVP01_0406600	4071
normalize	PVP01_0408400	4072
normalize	PVP01_0409000	4073
normalize	PVP01_0410100	4074
normalize	PVP01_0411600	4075
normalize	PVP01_0414400	4076
normalize	PVP01_0416100	4077
normalize	PVP01_0417400	4078
normalize	PVP01_0417800	4079
normalize	PVP01_0418400	4080
normalize	PVP01_0418500	4081
normalize	PVP01_0419500	4082
normalize	PVP01_0419900	4083
normalize	PVP01_0420200	4084
normalize	PVP01_0421400	4085
normalize	PVP01_1300400	4086
normalize	PVP01_1301600	4087
normalize	PVP01_1301800	4088
normalize	PVP01_1302000	4089
normalize	PVP01_1302300	4090
normalize	PVP01_1305300	4091
normalize	PVP01_1306000	4092
normalize	PVP01_1306600	4093
normalize	PVP01_1307100	4094
normalize	PVP01_1307200	4095
normalize	PVP01_1309100	4096
normalize	PVP01_1309600	4097
normalize	PVP01_1311200	4098
normalize	PVP01_1311900	4099
normalize	PVP01_1312200	4100
normalize	PVP01_1313800	4101
normalize	PVP01_1314600	4102
normalize	PVP01_1315700	4103
normalize	PVP01_1318500	4104
normalize	PVP01_1319000	4105
normalize	PVP01_1320100	4106
normalize	PVP01_1320400	4107
normalize	PVP01_1320500	4108
normalize	PVP01_1320700	4109
normalize	PVP01_1321500	4110
normalize	PVP01_1322700	4111
normalize	PVP01_1323600	4112
normalize	PVP01_1324500	4113
normalize	PVP01_1325100	4114
normalize	PVP01_1328200	4115
normalize	PVP01_1328900	4116
normalize	PVP01_1329400	4117
normalize	PVP01_1331000	4118
normalize	PVP01_1332800	4119
normalize	PVP01_1332900	4120
normalize	PVP01_1335100	4121
normalize	PVP01_1336100	4122
normalize	PVP01_1336500	4123
normalize	PVP01_1337400	4124
normalize	PVP01_1337500	4125
normalize	PVP01_1338800	4126
normalize	PVP01_1340400	4127
normalize	PVP01_1342400	4128
normalize	PVP01_1343600	4129
normalize	PVP01_1345000	4130
normalize	PVP01_1345300	4131
normalize	PVP01_1345400	4132
normalize	PVP01_1346000	4133
normalize	PVP01_1346900	4134
normalize	PVP01_1201500	4135
normalize	PVP01_1201800	4136
normalize	PVP01_1204900	4137
normalize	PVP01_1207200	4138
normalize	PVP01_1207500	4139
normalize	PVP01_1207700	4140
normalize	PVP01_1209200	4141
normalize	PVP01_1209300	4142
normalize	PVP01_1209400	4143
normalize	PVP01_1209500	4144
normalize	PVP01_1210100	4145
normalize	PVP01_1213200	4146
normalize	PVP01_1214300	4147
normalize	PVP01_1214400	4148
normalize	PVP01_1214500	4149
normalize	PVP01_1215300	4150
normalize	PVP01_1215400	4151
normalize	PVP01_1215900	4152
normalize	PVP01_1216500	4153
normalize	PVP01_1217000	4154
normalize	PVP01_1218300	4155
normalize	PVP01_1219100	4156
normalize	PVP01_1219500	4157
normalize	PVP01_1219600	4158
normalize	PVP01_1220000	4159
normalize	PVP01_1222900	4160
normalize	PVP01_1226300	4161
normalize	PVP01_1227400	4162
normalize	PVP01_1228100	4163
normalize	PVP01_1228900	4164
normalize	PVP01_1230000	4165
normalize	PVP01_1233000	4166
normalize	PVP01_1233100	4167
normalize	PVP01_1236600	4168
normalize	PVP01_1237500	4169
normalize	PVP01_1240100	4170
normalize	PVP01_1243200	4171
normalize	PVP01_1245000	4172
normalize	PVP01_1245900	4173
normalize	PVP01_1246300	4174
normalize	PVP01_1248000	4175
normalize	PVP01_1248100	4176
normalize	PVP01_1249900	4177
normalize	PVP01_1250000	4178
normalize	PVP01_1252700	4179
normalize	PVP01_1253600	4180
normalize	PVP01_1254900	4181
normalize	PVP01_1255500	4182
normalize	PVP01_1255600	4183
normalize	PVP01_1255900	4184
normalize	PVP01_1257600	4185
normalize	PVP01_1258400	4186
normalize	PVP01_1258600	4187
normalize	PVP01_1259000	4188
normalize	PVP01_1261800	4189
normalize	PVP01_1261900	4190
normalize	PVP01_1263000	4191
normalize	PVP01_1263400	4192
normalize	PVP01_1263700	4193
normalize	PVP01_1266500	4194
normalize	PVP01_1266600	4195
normalize	PVP01_1269700	4196
normalize	PVP01_1270200	4197
normalize	PVP01_1270700	4198
normalize	PVP01_1270800	4199
normalize	PVP01_1272600	4200
normalize	PVP01_API02600	4201
normalize	PVP01_0804400	4202
normalize	PVP01_0804900	4203
normalize	PVP01_0805900	4204
normalize	PVP01_0806000	4205
normalize	PVP01_0806100	4206
normalize	PVP01_0807600	4207
normalize	PVP01_0808900	4208
normalize	PVP01_0809000	4209
normalize	PVP01_0811500	4210
normalize	PVP01_0814300	4211
normalize	PVP01_0814900	4212
normalize	PVP01_0815400	4213
normalize	PVP01_0815500	4214
normalize	PVP01_0817000	4215
normalize	PVP01_0821000	4216
normalize	PVP01_0822100	4217
normalize	PVP01_0824000	4218
normalize	PVP01_0825000	4219
normalize	PVP01_0825100	4220
normalize	PVP01_0825200	4221
normalize	PVP01_0826700	4222
normalize	PVP01_0826800	4223
normalize	PVP01_0827000	4224
normalize	PVP01_0827800	4225
normalize	PVP01_0827900	4226
normalize	PVP01_0828300	4227
normalize	PVP01_0830200	4228
normalize	PVP01_0830700	4229
normalize	PVP01_0830900	4230
normalize	PVP01_0832400	4231
normalize	PVP01_0832600	4232
normalize	PVP01_0833000	4233
normalize	PVP01_0834200	4234
normalize	PVP01_0834500	4235
normalize	PVP01_0836300	4236
normalize	PVP01_0837650	4237
normalize	PVP01_1101800	4238
normalize	PVP01_1102900	4239
normalize	PVP01_1105000	4240
normalize	PVP01_1105600	4241
normalize	PVP01_1106800	4242
normalize	PVP01_1107900	4243
normalize	PVP01_1108400	4244
normalize	PVP01_1108800	4245
normalize	PVP01_1109700	4246
normalize	PVP01_1110400	4247
normalize	PVP01_1110700	4248
normalize	PVP01_1111600	4249
normalize	PVP01_1111900	4250
normalize	PVP01_1112000	4251
normalize	PVP01_1113900	4252
normalize	PVP01_1115500	4253
normalize	PVP01_1115700	4254
normalize	PVP01_1117800	4255
normalize	PVP01_1123200	4256
normalize	PVP01_1123300	4257
normalize	PVP01_1125000	4258
normalize	PVP01_1127600	4259
normalize	PVP01_1127800	4260
normalize	PVP01_1129000	4261
normalize	PVP01_1129100	4262
normalize	PVP01_1131100	4263
normalize	PVP01_1131400	4264
normalize	PVP01_1131500	4265
normalize	PVP01_1132300	4266
normalize	PVP01_1135900	4267
normalize	PVP01_1137300	4268
normalize	PVP01_1138100	4269
normalize	PVP01_1138700	4270
normalize	PVP01_1139100	4271
normalize	PVP01_1140000	4272
normalize	PVP01_1142000	4273
normalize	PVP01_1143200	4274
normalize	PVP01_1147100	4275
normalize	PVP01_0601800	4276
normalize	PVP01_0603100	4277
normalize	PVP01_0608200	4278
normalize	PVP01_0609500	4279
normalize	PVP01_0609600	4280
normalize	PVP01_0610100	4281
normalize	PVP01_0611600	4282
normalize	PVP01_0612600	4283
normalize	PVP01_0613200	4284
normalize	PVP01_0614400	4285
normalize	PVP01_0615700	4286
normalize	PVP01_0618700	4287
normalize	PVP01_0620500	4288
normalize	PVP01_0620600	4289
normalize	PVP01_0620800	4290
normalize	PVP01_0305600	4291
normalize	PVP01_0306900	4292
normalize	PVP01_0308600	4293
normalize	PVP01_0310900	4294
normalize	PVP01_0311100	4295
normalize	PVP01_0311200	4296
normalize	PVP01_0311300	4297
normalize	PVP01_0313600	4298
normalize	PVP01_0315600	4299
normalize	PVP01_0316700	4300
normalize	PVP01_0317300	4301
normalize	PVP01_0506600	4302
normalize	PVP01_0506900	4303
normalize	PVP01_0507000	4304
normalize	PVP01_0507300	4305
normalize	PVP01_0508400	4306
normalize	PVP01_0508500	4307
normalize	PVP01_0509200	4308
normalize	PVP01_0510000	4309
normalize	PVP01_0510200	4310
normalize	PVP01_0510900	4311
normalize	PVP01_0512800	4312
normalize	PVP01_0513400	4313
normalize	PVP01_0514300	4314
normalize	PVP01_0514900	4315
normalize	PVP01_0515200	4316
normalize	PVP01_0516000	4317
normalize	PVP01_0516100	4318
normalize	PVP01_0516200	4319
normalize	PVP01_0517800	4320
normalize	PVP01_0519600	4321
normalize	PVP01_0519700	4322
normalize	PVP01_0520200	4323
normalize	PVP01_0520400	4324
normalize	PVP01_0520700	4325
normalize	PVP01_0522100	4326
normalize	PVP01_0522800	4327
normalize	PVP01_0528400	4328
normalize	PVP01_0529500	4329
normalize	PVP01_0531200	4330
normalize	PVP01_0531500	4331
normalize	PVP01_0534000	4332
normalize	PVP01_0700100	4333
normalize	PVP01_0702300	4334
normalize	PVP01_0703700	4335
normalize	PVP01_0704100	4336
normalize	PVP01_0707300	4337
normalize	PVP01_0708300	4338
normalize	PVP01_0708400	4339
normalize	PVP01_0709400	4340
normalize	PVP01_0710100	4341
normalize	PVP01_0711000	4342
normalize	PVP01_0716700	4343
normalize	PVP01_0717700	4344
normalize	PVP01_0718100	4345
normalize	PVP01_0720900	4346
normalize	PVP01_0721000	4347
normalize	PVP01_0721800	4348
normalize	PVP01_0725300	4349
normalize	PVP01_0727100	4350
normalize	PVP01_0730300	4351
normalize	PVP01_0730600	4352
normalize	PVP01_0732600	4353
normalize	PVP01_0732700	4354
normalize	PVP01_0732900	4355
normalize	PVP01_0733000	4356
normalize	PVP01_0734600	4357
normalize	PVP01_0004210	4358
normalize	PVP01_0004220	4359
normalize	PVP01_0004230	4360
normalize	PVP01_0004240	4361
normalize	PVP01_0004250	4362
normalize	PVP01_0004260	4363
normalize	PVP01_0004270	4364
normalize	PVP01_0004275	4365
normalize	PVP01_0004290	4366
normalize	PVP01_0004300	4367
normalize	PVP01_0004410	4368
normalize	PVP01_0009170	4369
normalize	PVP01_0011160	4370
normalize	PVP01_0010880	4371
normalize	PVP01_0006520	4372
normalize	PVP01_0006550	4373
normalize	PVP01_0009500	4374
normalize	PVP01_0009260	4375
normalize	PVP01_0008410	4376
normalize	PVP01_0010760	4377
normalize	PVP01_0008260	4378
normalize	PVP01_0008270	4379
normalize	PVP01_0002100	4380
normalize	PVP01_0002210	4381
normalize	PVP01_0010250	4382
normalize	PVP01_0004700	4383
normalize	PVP01_0006940	4384
normalize	PVP01_0006960	4385
normalize	PVP01_0009990	4386
normalize	PVP01_0008010	4387
normalize	PVP01_0005740	4388
normalize	PVP01_0005870	4389
normalize	PVP01_0007240	4390
normalize	PVP01_0000050	4391
normalize	PVP01_0000060	4392
normalize	PVP01_0000070	4393
normalize	PVP01_0000080	4394
normalize	PVP01_0000090	4395
normalize	PVP01_0000100	4396
normalize	PVP01_0000110	4397
normalize	PVP01_0000120	4398
normalize	PVP01_0000130	4399
normalize	PVP01_0000140	4400
normalize	PVP01_0000150	4401
normalize	PVP01_0000160	4402
normalize	PVP01_0000170	4403
normalize	PVP01_0000190	4404
normalize	PVP01_0000200	4405
normalize	PVP01_0000310	4406
normalize	PVP01_0000340	4407
normalize	PVP01_0000350	4408
normalize	PVP01_0000470	4409
normalize	PVP01_0000810	4410
normalize	PVP01_0000950	4411
normalize	PVP01_0000980	4412
normalize	PVP01_0001420	4413
normalize	PVP01_0001430	4414
normalize	PVP01_0001440	4415
normalize	PVP01_0001450	4416
normalize	PVP01_0001500	4417
normalize	PVP01_0009860	4418
normalize	PVP01_0004580	4419
normalize	PVP01_0009720	4420
normalize	PVP01_0008630	4421
normalize	PVP01_0007720	4422
normalize	PVP01_0008360	4423
normalize	PVP01_0004970	4424
normalize	PVP01_0005150	4425
normalize	PVP01_0005190	4426
normalize	PVP01_0002820	4427
normalize	PVP01_0003970	4428
normalize	PVP01_0004170	4429
normalize	PVP01_0004200	4430
normalize	PVP01_0002450	4431
normalize	PVP01_0006980	4432
normalize	PVP01_0007080	4433
normalize	PVP01_0009930	4434
normalize	PVP01_0009420	4435
normalize	PVP01_0009760	4436
normalize	PVP01_0009770	4437
normalize	PVP01_0010030	4438
normalize	PVP01_0200800	4439
normalize	PVP01_0201200	4440
normalize	PVP01_0201300	4441
normalize	PVP01_0201400	4442
normalize	PVP01_0201500	4443
normalize	PVP01_0201900	4444
normalize	PVP01_0202000	4445
normalize	PVP01_0202100	4446
normalize	PVP01_0202200	4447
normalize	PVP01_0202300	4448
normalize	PVP01_0202400	4449
normalize	PVP01_0202500	4450
normalize	PVP01_0202550	4451
normalize	PVP01_0202600	4452
normalize	PVP01_0203000	4453
normalize	PVP01_0203200	4454
normalize	PVP01_0204100	4455
normalize	PVP01_0205800	4456
normalize	PVP01_0208700	4457
normalize	PVP01_0209300	4458
normalize	PVP01_0210300	4459
normalize	PVP01_0211100	4460
normalize	PVP01_0211600	4461
normalize	PVP01_0213300	4462
normalize	PVP01_0213400	4463
normalize	PVP01_0213900	4464
normalize	PVP01_0214000	4465
normalize	PVP01_0215800	4466
normalize	PVP01_0216300	4467
normalize	PVP01_0216400	4468
normalize	PVP01_0216500	4469
normalize	PVP01_0216600	4470
normalize	PVP01_0216700	4471
normalize	PVP01_0216800	4472
normalize	PVP01_0216900	4473
normalize	PVP01_0217000	4474
normalize	PVP01_0217100	4475
normalize	PVP01_0217200	4476
normalize	PVP01_0217300	4477
normalize	PVP01_0217500	4478
normalize	PVP01_0220100	4479
normalize	PVP01_0220400	4480
normalize	PVP01_0102500	4481
normalize	PVP01_0102600	4482
normalize	PVP01_0102800	4483
normalize	PVP01_0103100	4484
normalize	PVP01_0104000	4485
normalize	PVP01_0104200	4486
normalize	PVP01_0105100	4487
normalize	PVP01_0105400	4488
normalize	PVP01_0106100	4489
normalize	PVP01_0106900	4490
normalize	PVP01_0107200	4491
normalize	PVP01_0107300	4492
normalize	PVP01_0107700	4493
normalize	PVP01_0107800	4494
normalize	PVP01_0111600	4495
normalize	PVP01_0112600	4496
normalize	PVP01_0112700	4497
normalize	PVP01_0113000	4498
normalize	PVP01_0115200	4499
normalize	PVP01_0118700	4500
normalize	PVP01_0118900	4501
normalize	PVP01_0119200	4502
normalize	PVP01_0119300	4503
normalize	PVP01_0119600	4504
normalize	PVP01_0119700	4505
normalize	PVP01_0119800	4506
normalize	PVP01_0119900	4507
normalize	PVP01_0121800	4508
normalize	PVP01_0121900	4509
normalize	PVP01_1000200	4510
normalize	PVP01_1000500	4511
normalize	PVP01_1001000	4512
normalize	PVP01_1002300	4513
normalize	PVP01_1002350	4514
normalize	PVP01_1003500	4515
normalize	PVP01_1004100	4516
normalize	PVP01_1004200	4517
normalize	PVP01_1004600	4518
normalize	PVP01_1005000	4519
normalize	PVP01_1005100	4520
normalize	PVP01_1007200	4521
normalize	PVP01_1007250	4522
normalize	PVP01_1008300	4523
normalize	PVP01_1008400	4524
normalize	PVP01_1010700	4525
normalize	PVP01_1010800	4526
normalize	PVP01_1012200	4527
normalize	PVP01_1013500	4528
normalize	PVP01_1016200	4529
normalize	PVP01_1016400	4530
normalize	PVP01_1016700	4531
normalize	PVP01_1016800	4532
normalize	PVP01_1016900	4533
normalize	PVP01_1017000	4534
normalize	PVP01_1019600	4535
normalize	PVP01_1020100	4536
normalize	PVP01_1021000	4537
normalize	PVP01_1022100	4538
normalize	PVP01_1023100	4539
normalize	PVP01_1023200	4540
normalize	PVP01_1023300	4541
normalize	PVP01_1023400	4542
normalize	PVP01_1025300	4543
normalize	PVP01_1025400	4544
normalize	PVP01_1026500	4545
normalize	PVP01_1026600	4546
normalize	PVP01_1026700	4547
normalize	PVP01_1029000	4548
normalize	PVP01_1029400	4549
normalize	PVP01_1029500	4550
normalize	PVP01_1029600	4551
normalize	PVP01_1030800	4552
normalize	PVP01_1031100	4553
normalize	PVP01_1031500	4554
normalize	PVP01_1032500	4555
normalize	PVP01_1033300	4556
normalize	PVP01_1033400	4557
normalize	PVP01_1033500	4558
normalize	PVP01_1033600	4559
normalize	PVP01_1033700	4560
normalize	PVP01_1033900	4561
normalize	PVP01_1034100	4562
normalize	PVP01_1034200	4563
normalize	PVP01_1034300	4564
normalize	PVP01_1034400	4565
normalize	PVP01_1034500	4566
normalize	PVP01_1034700	4567
normalize	PVP01_1035100	4568
normalize	PVP01_1400300	4569
normalize	PVP01_1400500	4570
normalize	PVP01_1400600	4571
normalize	PVP01_1400700	4572
normalize	PVP01_1400800	4573
normalize	PVP01_1401100	4574
normalize	PVP01_1401300	4575
normalize	PVP01_1401400	4576
normalize	PVP01_1401500	4577
normalize	PVP01_1401600	4578
normalize	PVP01_1401700	4579
normalize	PVP01_1401800	4580
normalize	PVP01_1401900	4581
normalize	PVP01_1402000	4582
normalize	PVP01_1402100	4583
normalize	PVP01_1402200	4584
normalize	PVP01_1402300	4585
normalize	PVP01_1402400	4586
normalize	PVP01_1402500	4587
normalize	PVP01_1402600	4588
normalize	PVP01_1402700	4589
normalize	PVP01_1402800	4590
normalize	PVP01_1402900	4591
normalize	PVP01_1403300	4592
normalize	PVP01_1403800	4593
normalize	PVP01_1404500	4594
normalize	PVP01_1404800	4595
normalize	PVP01_1405500	4596
normalize	PVP01_1406100	4597
normalize	PVP01_1406300	4598
normalize	PVP01_1406600	4599
normalize	PVP01_1406900	4600
normalize	PVP01_1407200	4601
normalize	PVP01_1407400	4602
normalize	PVP01_1408000	4603
normalize	PVP01_1408100	4604
normalize	PVP01_1409100	4605
normalize	PVP01_1409200	4606
normalize	PVP01_1411300	4607
normalize	PVP01_1411500	4608
normalize	PVP01_1411900	4609
normalize	PVP01_1412000	4610
normalize	PVP01_1413400	4611
normalize	PVP01_1414100	4612
normalize	PVP01_1414400	4613
normalize	PVP01_1414600	4614
normalize	PVP01_1414800	4615
normalize	PVP01_1416600	4616
normalize	PVP01_1419000	4617
normalize	PVP01_1420700	4618
normalize	PVP01_1421100	4619
normalize	PVP01_1421800	4620
normalize	PVP01_1421900	4621
normalize	PVP01_1422600	4622
normalize	PVP01_1423900	4623
normalize	PVP01_1424000	4624
normalize	PVP01_1424200	4625
normalize	PVP01_1424600	4626
normalize	PVP01_1424700	4627
normalize	PVP01_1425000	4628
normalize	PVP01_1426400	4629
normalize	PVP01_1428800	4630
normalize	PVP01_1430100	4631
normalize	PVP01_1431100	4632
normalize	PVP01_1432700	4633
normalize	PVP01_1433100	4634
normalize	PVP01_1438500	4635
normalize	PVP01_1438700	4636
normalize	PVP01_1439800	4637
normalize	PVP01_1439900	4638
normalize	PVP01_1441800	4639
normalize	PVP01_1441900	4640
normalize	PVP01_1442000	4641
normalize	PVP01_1442100	4642
normalize	PVP01_1443900	4643
normalize	PVP01_1444900	4644
normalize	PVP01_1446700	4645
normalize	PVP01_1448700	4646
normalize	PVP01_1449500	4647
normalize	PVP01_1451100	4648
normalize	PVP01_1452500	4649
normalize	PVP01_1459300	4650
normalize	PVP01_1459600	4651
normalize	PVP01_1459700	4652
normalize	PVP01_1459900	4653
normalize	PVP01_1460300	4654
normalize	PVP01_1462300	4655
normalize	PVP01_1463100	4656
normalize	PVP01_1463700	4657
normalize	PVP01_1465700	4658
normalize	PVP01_1467400	4659
normalize	PVP01_1469200	4660
normalize	PVP01_1469300	4661
normalize	PVP01_1469400	4662
normalize	PVP01_1469500	4663
normalize	PVP01_1469600	4664
normalize	PVP01_1469700	4665
normalize	PVP01_1469800	4666
normalize	PVP01_1469900	4667
normalize	PVP01_1470000	4668
normalize	PVP01_1470300	4669
normalize	PVP01_1470600	4670
normalize	PVP01_1470700	4671
normalize	PVP01_1470800	4672
normalize	PVP01_1471000	4673
normalize	PVP01_1471100	4674
normalize	PVP01_1471200	4675
normalize	PVP01_1471300	4676
normalize	PVP01_1471400	4677
normalize	PVP01_1471500	4678
normalize	PVP01_1471600	4679
normalize	PVP01_1471700	4680
normalize	PVP01_1471800	4681
normalize	PVP01_1471900	4682
normalize	PVP01_1472000	4683
normalize	PVP01_1472100	4684
normalize	PVP01_0900750	4685
normalize	PVP01_0901100	4686
normalize	PVP01_0901600	4687
normalize	PVP01_0901800	4688
normalize	PVP01_0901900	4689
normalize	PVP01_0902100	4690
normalize	PVP01_0902600	4691
normalize	PVP01_0902900	4692
normalize	PVP01_0903400	4693
normalize	PVP01_0904100	4694
normalize	PVP01_0904200	4695
normalize	PVP01_0904400	4696
normalize	PVP01_0904700	4697
normalize	PVP01_0905100	4698
normalize	PVP01_0906100	4699
normalize	PVP01_0906200	4700
normalize	PVP01_0907200	4701
normalize	PVP01_0908300	4702
normalize	PVP01_0908700	4703
normalize	PVP01_0909200	4704
normalize	PVP01_0909600	4705
normalize	PVP01_0910800	4706
normalize	PVP01_0910900	4707
normalize	PVP01_0914300	4708
normalize	PVP01_0914400	4709
normalize	PVP01_0914500	4710
normalize	PVP01_0914600	4711
normalize	PVP01_0915300	4712
normalize	PVP01_0915600	4713
normalize	PVP01_0916200	4714
normalize	PVP01_0916800	4715
normalize	PVP01_0921900	4716
normalize	PVP01_0922500	4717
normalize	PVP01_0922600	4718
normalize	PVP01_0922700	4719
normalize	PVP01_0922800	4720
normalize	PVP01_0925300	4721
normalize	PVP01_0928100	4722
normalize	PVP01_0929400	4723
normalize	PVP01_0929500	4724
normalize	PVP01_0930200	4725
normalize	PVP01_0930300	4726
normalize	PVP01_0931100	4727
normalize	PVP01_0931800	4728
normalize	PVP01_0932300	4729
normalize	PVP01_0934600	4730
normalize	PVP01_0935600	4731
normalize	PVP01_0935700	4732
normalize	PVP01_0936300	4733
normalize	PVP01_0937300	4734
normalize	PVP01_0939100	4735
normalize	PVP01_0939200	4736
normalize	PVP01_0939350	4737
normalize	PVP01_0940100	4738
normalize	PVP01_0940700	4739
normalize	PVP01_0941800	4740
normalize	PVP01_0942600	4741
normalize	PVP01_0943400	4742
normalize	PVP01_0944300	4743
normalize	PVP01_0946600	4744
normalize	PVP01_0946700	4745
normalize	PVP01_0948700	4746
normalize	PVP01_0948800	4747
normalize	PVP01_0948900	4748
normalize	PVP01_0949000	4749
normalize	PVP01_0949200	4750
normalize	PVP01_0949650	4751
normalize	PVP01_0949800	4752
normalize	PVP01_0949900	4753
normalize	PVP01_0950100	4754
normalize	PVP01_0950200	4755
normalize	PVP01_0403800	4756
normalize	PVP01_0403900	4757
normalize	PVP01_0404200	4758
normalize	PVP01_0404300	4759
normalize	PVP01_0404400	4760
normalize	PVP01_0404500	4761
normalize	PVP01_0404600	4762
normalize	PVP01_0404700	4763
normalize	PVP01_0404800	4764
normalize	PVP01_0405000	4765
normalize	PVP01_0405100	4766
normalize	PVP01_0406100	4767
normalize	PVP01_0410700	4768
normalize	PVP01_0411900	4769
normalize	PVP01_0412000	4770
normalize	PVP01_0412100	4771
normalize	PVP01_0413100	4772
normalize	PVP01_0414500	4773
normalize	PVP01_0414600	4774
normalize	PVP01_0417000	4775
normalize	PVP01_0417600	4776
normalize	PVP01_0417700	4777
normalize	PVP01_0420000	4778
normalize	PVP01_0420100	4779
normalize	PVP01_0420300	4780
normalize	PVP01_0422700	4781
normalize	PVP01_0422900	4782
normalize	PVP01_0423000	4783
normalize	PVP01_0423200	4784
normalize	PVP01_0423300	4785
normalize	PVP01_0423400	4786
normalize	PVP01_0423500	4787
normalize	PVP01_0424200	4788
normalize	PVP01_0424300	4789
normalize	PVP01_1303700	4790
normalize	PVP01_1303800	4791
normalize	PVP01_1303900	4792
normalize	PVP01_1304000	4793
normalize	PVP01_1304400	4794
normalize	PVP01_1305700	4795
normalize	PVP01_1307000	4796
normalize	PVP01_1307400	4797
normalize	PVP01_1310300	4798
normalize	PVP01_1313100	4799
normalize	PVP01_1314400	4800
normalize	PVP01_1314500	4801
normalize	PVP01_1314700	4802
normalize	PVP01_1318700	4803
normalize	PVP01_1318800	4804
normalize	PVP01_1318900	4805
normalize	PVP01_1319100	4806
normalize	PVP01_1319900	4807
normalize	PVP01_1320000	4808
normalize	PVP01_1320200	4809
normalize	PVP01_1320300	4810
normalize	PVP01_1321400	4811
normalize	PVP01_1322900	4812
normalize	PVP01_1323000	4813
normalize	PVP01_1323700	4814
normalize	PVP01_1324300	4815
normalize	PVP01_1324400	4816
normalize	PVP01_1327100	4817
normalize	PVP01_1327200	4818
normalize	PVP01_1330000	4819
normalize	PVP01_1330100	4820
normalize	PVP01_1335400	4821
normalize	PVP01_1335800	4822
normalize	PVP01_1336600	4823
normalize	PVP01_1336700	4824
normalize	PVP01_1336800	4825
normalize	PVP01_1336900	4826
normalize	PVP01_1337000	4827
normalize	PVP01_1337100	4828
normalize	PVP01_1338900	4829
normalize	PVP01_1339800	4830
normalize	PVP01_1340000	4831
normalize	PVP01_1340100	4832
normalize	PVP01_1340700	4833
normalize	PVP01_1342100	4834
normalize	PVP01_1345500	4835
normalize	PVP01_1347700	4836
normalize	PVP01_1347800	4837
normalize	PVP01_1200800	4838
normalize	PVP01_1201000	4839
normalize	PVP01_1201200	4840
normalize	PVP01_1201300	4841
normalize	PVP01_1201400	4842
normalize	PVP01_1201600	4843
normalize	PVP01_1201700	4844
normalize	PVP01_1203200	4845
normalize	PVP01_1204700	4846
normalize	PVP01_1204800	4847
normalize	PVP01_1208100	4848
normalize	PVP01_1209600	4849
normalize	PVP01_1210200	4850
normalize	PVP01_1213000	4851
normalize	PVP01_1213100	4852
normalize	PVP01_1213300	4853
normalize	PVP01_1214600	4854
normalize	PVP01_1214800	4855
normalize	PVP01_1214900	4856
normalize	PVP01_1215600	4857
normalize	PVP01_1215800	4858
normalize	PVP01_1216600	4859
normalize	PVP01_1216700	4860
normalize	PVP01_1216800	4861
normalize	PVP01_1216900	4862
normalize	PVP01_1217100	4863
normalize	PVP01_1217500	4864
normalize	PVP01_1219700	4865
normalize	PVP01_1220100	4866
normalize	PVP01_1220400	4867
normalize	PVP01_1220500	4868
normalize	PVP01_1221200	4869
normalize	PVP01_1222000	4870
normalize	PVP01_1222100	4871
normalize	PVP01_1222200	4872
normalize	PVP01_1224600	4873
normalize	PVP01_1226600	4874
normalize	PVP01_1226700	4875
normalize	PVP01_1227900	4876
normalize	PVP01_1229500	4877
normalize	PVP01_1229700	4878
normalize	PVP01_1230200	4879
normalize	PVP01_1230600	4880
normalize	PVP01_1231600	4881
normalize	PVP01_1234200	4882
normalize	PVP01_1235200	4883
normalize	PVP01_1235800	4884
normalize	PVP01_1237200	4885
normalize	PVP01_1241000	4886
normalize	PVP01_1241100	4887
normalize	PVP01_1241300	4888
normalize	PVP01_1241800	4889
normalize	PVP01_1243500	4890
normalize	PVP01_1243600	4891
normalize	PVP01_1244100	4892
normalize	PVP01_1244200	4893
normalize	PVP01_1246700	4894
normalize	PVP01_1247700	4895
normalize	PVP01_1251900	4896
normalize	PVP01_1252000	4897
normalize	PVP01_1252100	4898
normalize	PVP01_1252200	4899
normalize	PVP01_1252300	4900
normalize	PVP01_1253400	4901
normalize	PVP01_1253800	4902
normalize	PVP01_1253900	4903
normalize	PVP01_1254300	4904
normalize	PVP01_1254400	4905
normalize	PVP01_1254700	4906
normalize	PVP01_1254800	4907
normalize	PVP01_1255400	4908
normalize	PVP01_1258500	4909
normalize	PVP01_1259600	4910
normalize	PVP01_1259700	4911
normalize	PVP01_1262500	4912
normalize	PVP01_1262900	4913
normalize	PVP01_1263100	4914
normalize	PVP01_1263500	4915
normalize	PVP01_1263600	4916
normalize	PVP01_1263800	4917
normalize	PVP01_1264400	4918
normalize	PVP01_1266000	4919
normalize	PVP01_1266700	4920
normalize	PVP01_1268400	4921
normalize	PVP01_1270600	4922
normalize	PVP01_1271300	4923
normalize	PVP01_1271400	4924
normalize	PVP01_1271500	4925
normalize	PVP01_1271600	4926
normalize	PVP01_1271700	4927
normalize	PVP01_1271800	4928
normalize	PVP01_1271900	4929
normalize	PVP01_1272000	4930
normalize	PVP01_1272200	4931
normalize	PVP01_1272400	4932
normalize	PVP01_1272900	4933
normalize	PVP01_1273300	4934
normalize	PVP01_1274300	4935
normalize	PVP01_API01900	4936
normalize	PVP01_API02800	4937
normalize	PVP01_API03000	4938
normalize	PVP01_API03500	4939
normalize	PVP01_API03900	4940
normalize	PVP01_API04000	4941
normalize	PVP01_API04100	4942
normalize	PVP01_API04200	4943
normalize	PVP01_0800100	4944
normalize	PVP01_0800200	4945
normalize	PVP01_0800400	4946
normalize	PVP01_0800600	4947
normalize	PVP01_0800700	4948
normalize	PVP01_0800800	4949
normalize	PVP01_0800900	4950
normalize	PVP01_0801000	4951
normalize	PVP01_0801200	4952
normalize	PVP01_0801300	4953
normalize	PVP01_0801400	4954
normalize	PVP01_0801500	4955
normalize	PVP01_0802400	4956
normalize	PVP01_0804500	4957
normalize	PVP01_0805000	4958
normalize	PVP01_0805100	4959
normalize	PVP01_0805200	4960
normalize	PVP01_0805400	4961
normalize	PVP01_0805600	4962
normalize	PVP01_0805800	4963
normalize	PVP01_0808600	4964
normalize	PVP01_0808700	4965
normalize	PVP01_0809100	4966
normalize	PVP01_0811000	4967
normalize	PVP01_0811400	4968
normalize	PVP01_0812600	4969
normalize	PVP01_0812700	4970
normalize	PVP01_0815600	4971
normalize	PVP01_0815700	4972
normalize	PVP01_0815800	4973
normalize	PVP01_0818700	4974
normalize	PVP01_0819400	4975
normalize	PVP01_0819800	4976
normalize	PVP01_0820000	4977
normalize	PVP01_0820900	4978
normalize	PVP01_0821100	4979
normalize	PVP01_0821450	4980
normalize	PVP01_0823600	4981
normalize	PVP01_0824500	4982
normalize	PVP01_0824600	4983
normalize	PVP01_0826500	4984
normalize	PVP01_0827700	4985
normalize	PVP01_0828000	4986
normalize	PVP01_0829800	4987
normalize	PVP01_0829900	4988
normalize	PVP01_0830800	4989
normalize	PVP01_0831800	4990
normalize	PVP01_0836800	4991
normalize	PVP01_0838100	4992
normalize	PVP01_0838200	4993
normalize	PVP01_0838300	4994
normalize	PVP01_0838400	4995
normalize	PVP01_0838900	4996
normalize	PVP01_0839000	4997
normalize	PVP01_0839300	4998
normalize	PVP01_0839400	4999
normalize	PVP01_0839700	5000
normalize	PVP01_0841000	5001
normalize	PVP01_1100300	5002
normalize	PVP01_1100400	5003
normalize	PVP01_1101200	5004
normalize	PVP01_1101300	5005
normalize	PVP01_1101400	5006
normalize	PVP01_1101500	5007
normalize	PVP01_1101600	5008
normalize	PVP01_1101700	5009
normalize	PVP01_1103000	5010
normalize	PVP01_1103300	5011
normalize	PVP01_1104100	5012
normalize	PVP01_1104900	5013
normalize	PVP01_1106500	5014
normalize	PVP01_1106600	5015
normalize	PVP01_1109000	5016
normalize	PVP01_1114600	5017
normalize	PVP01_1116000	5018
normalize	PVP01_1116100	5019
normalize	PVP01_1116500	5020
normalize	PVP01_1117900	5021
normalize	PVP01_1120700	5022
normalize	PVP01_1120800	5023
normalize	PVP01_1120900	5024
normalize	PVP01_1121000	5025
normalize	PVP01_1121900	5026
normalize	PVP01_1123600	5027
normalize	PVP01_1123700	5028
normalize	PVP01_1127400	5029
normalize	PVP01_1128100	5030
normalize	PVP01_1128200	5031
normalize	PVP01_1136400	5032
normalize	PVP01_1136500	5033
normalize	PVP01_1136700	5034
normalize	PVP01_1136800	5035
normalize	PVP01_1137500	5036
normalize	PVP01_1138000	5037
normalize	PVP01_1139700	5038
normalize	PVP01_1140200	5039
normalize	PVP01_1140400	5040
normalize	PVP01_1140700	5041
normalize	PVP01_1144100	5042
normalize	PVP01_1144900	5043
normalize	PVP01_1145000	5044
normalize	PVP01_1145100	5045
normalize	PVP01_1145200	5046
normalize	PVP01_1146600	5047
normalize	PVP01_1147000	5048
normalize	PVP01_1147200	5049
normalize	PVP01_1147300	5050
normalize	PVP01_1147400	5051
normalize	PVP01_1147500	5052
normalize	PVP01_1147600	5053
normalize	PVP01_1147700	5054
normalize	PVP01_1147900	5055
normalize	PVP01_1149100	5056
normalize	PVP01_0600200	5057
normalize	PVP01_0600350	5058
normalize	PVP01_0600500	5059
normalize	PVP01_0600600	5060
normalize	PVP01_0600700	5061
normalize	PVP01_0600800	5062
normalize	PVP01_0600900	5063
normalize	PVP01_0601000	5064
normalize	PVP01_0601300	5065
normalize	PVP01_0601400	5066
normalize	PVP01_0601500	5067
normalize	PVP01_0604000	5068
normalize	PVP01_0604200	5069
normalize	PVP01_0605000	5070
normalize	PVP01_0605100	5071
normalize	PVP01_0605400	5072
normalize	PVP01_0606700	5073
normalize	PVP01_0607100	5074
normalize	PVP01_0607400	5075
normalize	PVP01_0608300	5076
normalize	PVP01_0608400	5077
normalize	PVP01_0608900	5078
normalize	PVP01_0610900	5079
normalize	PVP01_0611900	5080
normalize	PVP01_0612000	5081
normalize	PVP01_0612100	5082
normalize	PVP01_0612500	5083
normalize	PVP01_0612800	5084
normalize	PVP01_0615600	5085
normalize	PVP01_0616100	5086
normalize	PVP01_0617100	5087
normalize	PVP01_0619400	5088
normalize	PVP01_0620700	5089
normalize	PVP01_0620900	5090
normalize	PVP01_0621400	5091
normalize	PVP01_0621500	5092
normalize	PVP01_0623000	5093
normalize	PVP01_0623100	5094
normalize	PVP01_0623200	5095
normalize	PVP01_0623300	5096
normalize	PVP01_0623500	5097
normalize	PVP01_0623600	5098
normalize	PVP01_0623700	5099
normalize	PVP01_0623800	5100
normalize	PVP01_0624200	5101
normalize	PVP01_0624300	5102
normalize	PVP01_0624400	5103
normalize	PVP01_0624500	5104
normalize	PVP01_0624800	5105
normalize	PVP01_0624900	5106
normalize	PVP01_0300100	5107
normalize	PVP01_0300600	5108
normalize	PVP01_0300700	5109
normalize	PVP01_0300800	5110
normalize	PVP01_0301300	5111
normalize	PVP01_0301500	5112
normalize	PVP01_0301700	5113
normalize	PVP01_0301800	5114
normalize	PVP01_0301900	5115
normalize	PVP01_0302200	5116
normalize	PVP01_0302800	5117
normalize	PVP01_0303000	5118
normalize	PVP01_0303500	5119
normalize	PVP01_0305900	5120
normalize	PVP01_0306800	5121
normalize	PVP01_0309400	5122
normalize	PVP01_0311600	5123
normalize	PVP01_0312000	5124
normalize	PVP01_0312500	5125
normalize	PVP01_0313900	5126
normalize	PVP01_0315000	5127
normalize	PVP01_0315100	5128
normalize	PVP01_0319200	5129
normalize	PVP01_0319600	5130
normalize	PVP01_0320600	5131
normalize	PVP01_0320700	5132
normalize	PVP01_0320800	5133
normalize	PVP01_0502600	5134
normalize	PVP01_0502700	5135
normalize	PVP01_0502800	5136
normalize	PVP01_0503000	5137
normalize	PVP01_0503200	5138
normalize	PVP01_0503400	5139
normalize	PVP01_0503500	5140
normalize	PVP01_0503600	5141
normalize	PVP01_0503700	5142
normalize	PVP01_0503800	5143
normalize	PVP01_0503900	5144
normalize	PVP01_0504000	5145
normalize	PVP01_0504100	5146
normalize	PVP01_0504200	5147
normalize	PVP01_0504300	5148
normalize	PVP01_0506300	5149
normalize	PVP01_0506400	5150
normalize	PVP01_0508600	5151
normalize	PVP01_0510300	5152
normalize	PVP01_0510700	5153
normalize	PVP01_0510800	5154
normalize	PVP01_0511300	5155
normalize	PVP01_0515100	5156
normalize	PVP01_0515700	5157
normalize	PVP01_0515800	5158
normalize	PVP01_0515900	5159
normalize	PVP01_0516300	5160
normalize	PVP01_0516400	5161
normalize	PVP01_0516500	5162
normalize	PVP01_0517900	5163
normalize	PVP01_0518400	5164
normalize	PVP01_0519400	5165
normalize	PVP01_0519900	5166
normalize	PVP01_0520000	5167
normalize	PVP01_0520100	5168
normalize	PVP01_0520600	5169
normalize	PVP01_0521700	5170
normalize	PVP01_0521800	5171
normalize	PVP01_0523000	5172
normalize	PVP01_0523100	5173
normalize	PVP01_0523200	5174
normalize	PVP01_0523300	5175
normalize	PVP01_0523500	5176
normalize	PVP01_0523600	5177
normalize	PVP01_0523700	5178
normalize	PVP01_0523800	5179
normalize	PVP01_0523900	5180
normalize	PVP01_0524000	5181
normalize	PVP01_0524200	5182
normalize	PVP01_0524300	5183
normalize	PVP01_0524600	5184
normalize	PVP01_0524700	5185
normalize	PVP01_0524900	5186
normalize	PVP01_0525400	5187
normalize	PVP01_0525500	5188
normalize	PVP01_0525600	5189
normalize	PVP01_0525700	5190
normalize	PVP01_0528000	5191
normalize	PVP01_0530400	5192
normalize	PVP01_0532400	5193
normalize	PVP01_0532500	5194
normalize	PVP01_0532600	5195
normalize	PVP01_0532700	5196
normalize	PVP01_0532900	5197
normalize	PVP01_0533100	5198
normalize	PVP01_0533200	5199
normalize	PVP01_0533300	5200
normalize	PVP01_0533600	5201
normalize	PVP01_0533700	5202
normalize	PVP01_0533900	5203
normalize	PVP01_0534200	5204
normalize	PVP01_0534300	5205
normalize	PVP01_0534400	5206
normalize	PVP01_0534800	5207
normalize	PVP01_0534900	5208
normalize	PVP01_0700200	5209
normalize	PVP01_0700500	5210
normalize	PVP01_0700600	5211
normalize	PVP01_0700700	5212
normalize	PVP01_0700800	5213
normalize	PVP01_0701000	5214
normalize	PVP01_0701200	5215
normalize	PVP01_0702200	5216
normalize	PVP01_0702700	5217
normalize	PVP01_0702800	5218
normalize	PVP01_0702900	5219
normalize	PVP01_0703400	5220
normalize	PVP01_0703800	5221
normalize	PVP01_0705000	5222
normalize	PVP01_0705200	5223
normalize	PVP01_0705300	5224
normalize	PVP01_0705400	5225
normalize	PVP01_0708500	5226
normalize	PVP01_0711500	5227
normalize	PVP01_0711550	5228
normalize	PVP01_0713900	5229
normalize	PVP01_0715700	5230
normalize	PVP01_0715800	5231
normalize	PVP01_0716000	5232
normalize	PVP01_0716200	5233
normalize	PVP01_0719900	5234
normalize	PVP01_0720000	5235
normalize	PVP01_0721700	5236
normalize	PVP01_0727200	5237
normalize	PVP01_0727800	5238
normalize	PVP01_0728000	5239
normalize	PVP01_0730000	5240
normalize	PVP01_0730400	5241
normalize	PVP01_0731100	5242
normalize	PVP01_0732000	5243
normalize	PVP01_0732200	5244
normalize	PVP01_0733700	5245
normalize	PVP01_0734100	5246
normalize	PVP01_0734500	5247
normalize	PVP01_0734700	5248
normalize	PVP01_0735100	5249
normalize	PVP01_0735200	5250
normalize	PVP01_0735400	5251
normalize	PVP01_0736500	5252
normalize	PVP01_0737100	5253
normalize	PVP01_0004330	5254
normalize	PVP01_0004360	5255
normalize	PVP01_0004380	5256
normalize	PVP01_0004390	5257
normalize	PVP01_0004400	5258
normalize	PVP01_0007640	5259
normalize	PVP01_0002080	5260
normalize	PVP01_0002140	5261
normalize	PVP01_0007860	5262
normalize	PVP01_0007550	5263
normalize	PVP01_0007920	5264
normalize	PVP01_0007280	5265
normalize	PVP01_0000030	5266
normalize	PVP01_0001410	5267
normalize	PVP01_0008020	5268
normalize	PVP01_0008090	5269
normalize	PVP01_0009850	5270
normalize	PVP01_0004570	5271
normalize	PVP01_0003140	5272
normalize	PVP01_0003220	5273
normalize	PVP01_0003530	5274
normalize	PVP01_0006380	5275
normalize	PVP01_0010570	5276
normalize	PVP01_0010990	5277
normalize	PVP01_0010230	5278
normalize	PVP01_0003990	5279
normalize	PVP01_0004040	5280
normalize	PVP01_0005540	5281
normalize	PVP01_0200900	5282
normalize	PVP01_0207900	5283
normalize	PVP01_0100900	5284
normalize	PVP01_0105800	5285
normalize	PVP01_0107000	5286
normalize	PVP01_0114500	5287
normalize	PVP01_0120000	5288
normalize	PVP01_0120200	5289
normalize	PVP01_1001200	5290
normalize	PVP01_1001950	5291
normalize	PVP01_1031200	5292
normalize	PVP01_1034000	5293
normalize	PVP01_1034600	5294
normalize	PVP01_1034800	5295
normalize	PVP01_1034900	5296
normalize	PVP01_1400200	5297
normalize	PVP01_1410600	5298
normalize	PVP01_1469000	5299
normalize	PVP01_1470200	5300
normalize	PVP01_1470400	5301
normalize	PVP01_1470500	5302
normalize	PVP01_1472400	5303
normalize	PVP01_0900500	5304
normalize	PVP01_0900700	5305
normalize	PVP01_0901500	5306
normalize	PVP01_0902500	5307
normalize	PVP01_0903500	5308
normalize	PVP01_0915200	5309
normalize	PVP01_0949100	5310
normalize	PVP01_0949300	5311
normalize	PVP01_0949450	5312
normalize	PVP01_0949600	5313
normalize	PVP01_0404900	5314
normalize	PVP01_0406000	5315
normalize	PVP01_0408600	5316
normalize	PVP01_0423900	5317
normalize	PVP01_0424000	5318
normalize	PVP01_0424100	5319
normalize	PVP01_1328800	5320
normalize	PVP01_1347300	5321
normalize	PVP01_1269000	5322
normalize	PVP01_1272300	5323
normalize	PVP01_1272500	5324
normalize	PVP01_1274400	5325
normalize	PVP01_0822200	5326
normalize	PVP01_0838600	5327
normalize	PVP01_0838700	5328
normalize	PVP01_0838800	5329
normalize	PVP01_1109500	5330
normalize	PVP01_1120500	5331
normalize	PVP01_1122100	5332
normalize	PVP01_1122800	5333
normalize	PVP01_1133200	5334
normalize	PVP01_1148100	5335
normalize	PVP01_1148400	5336
normalize	PVP01_1148500	5337
normalize	PVP01_1148600	5338
normalize	PVP01_1148700	5339
normalize	PVP01_1149300	5340
normalize	PVP01_0605700	5341
normalize	PVP01_0607300	5342
normalize	PVP01_0623900	5343
normalize	PVP01_0624000	5344
normalize	PVP01_0300200	5345
normalize	PVP01_0300900	5346
normalize	PVP01_0311000	5347
normalize	PVP01_0500900	5348
normalize	PVP01_0533500	5349
normalize	PVP01_0534100	5350
normalize	PVP01_0534700	5351
normalize	PVP01_0700150	5352
normalize	PVP01_0700900	5353
normalize	PVP01_0735300	5354
normalize	PVP01_0736000	5355
normalize	PVP01_0004310	5356
normalize	PVP01_0009220	5357
normalize	PVP01_0007660	5358
normalize	PVP01_0006000	5359
normalize	PVP01_0006030	5360
normalize	PVP01_0006110	5361
normalize	PVP01_0006560	5362
normalize	PVP01_0006580	5363
normalize	PVP01_0011030	5364
normalize	PVP01_0007470	5365
normalize	PVP01_0009270	5366
normalize	PVP01_0009280	5367
normalize	PVP01_0010060	5368
normalize	PVP01_0010070	5369
normalize	PVP01_0008390	5370
normalize	PVP01_0006130	5371
normalize	PVP01_0006190	5372
normalize	PVP01_0002090	5373
normalize	PVP01_0002170	5374
normalize	PVP01_0002180	5375
normalize	PVP01_0002200	5376
normalize	PVP01_0002220	5377
normalize	PVP01_0002230	5378
normalize	PVP01_0002240	5379
normalize	PVP01_0002320	5380
normalize	PVP01_0002330	5381
normalize	PVP01_0002400	5382
normalize	PVP01_0011020	5383
normalize	PVP01_0010480	5384
normalize	PVP01_0010970	5385
normalize	PVP01_0008780	5386
normalize	PVP01_0008790	5387
normalize	PVP01_0008800	5388
normalize	PVP01_0008830	5389
normalize	PVP01_0008700	5390
normalize	PVP01_0008730	5391
normalize	PVP01_0004690	5392
normalize	PVP01_0004840	5393
normalize	PVP01_0004860	5394
normalize	PVP01_0010680	5395
normalize	PVP01_0007870	5396
normalize	PVP01_0007910	5397
normalize	PVP01_0007510	5398
normalize	PVP01_0007560	5399
normalize	PVP01_0007590	5400
normalize	PVP01_0007960	5401
normalize	PVP01_0007970	5402
normalize	PVP01_0010380	5403
normalize	PVP01_0005710	5404
normalize	PVP01_0005730	5405
normalize	PVP01_0005790	5406
normalize	PVP01_0005800	5407
normalize	PVP01_0005820	5408
normalize	PVP01_0010010	5409
normalize	PVP01_0007260	5410
normalize	PVP01_0007270	5411
normalize	PVP01_0007340	5412
normalize	PVP01_0009540	5413
normalize	PVP01_0000020	5414
normalize	PVP01_0000040	5415
normalize	PVP01_0000210	5416
normalize	PVP01_0000220	5417
normalize	PVP01_0000240	5418
normalize	PVP01_0000280	5419
normalize	PVP01_0000360	5420
normalize	PVP01_0000420	5421
normalize	PVP01_0000490	5422
normalize	PVP01_0000550	5423
normalize	PVP01_0000600	5424
normalize	PVP01_0000640	5425
normalize	PVP01_0000670	5426
normalize	PVP01_0000850	5427
normalize	PVP01_0010130	5428
normalize	PVP01_0010140	5429
normalize	PVP01_0000940	5430
normalize	PVP01_0000960	5431
normalize	PVP01_0000970	5432
normalize	PVP01_0000990	5433
normalize	PVP01_0001050	5434
normalize	PVP01_0001070	5435
normalize	PVP01_0001090	5436
normalize	PVP01_0001110	5437
normalize	PVP01_0001120	5438
normalize	PVP01_0001130	5439
normalize	PVP01_0001220	5440
normalize	PVP01_0001250	5441
normalize	PVP01_0001280	5442
normalize	PVP01_0001480	5443
normalize	PVP01_0001490	5444
normalize	PVP01_0001570	5445
normalize	PVP01_0011050	5446
normalize	PVP01_0008100	5447
normalize	PVP01_0001600	5448
normalize	PVP01_0001760	5449
normalize	PVP01_0001800	5450
normalize	PVP01_0001910	5451
normalize	PVP01_0009870	5452
normalize	PVP01_0007160	5453
normalize	PVP01_0004440	5454
normalize	PVP01_0004540	5455
normalize	PVP01_0004620	5456
normalize	PVP01_0003060	5457
normalize	PVP01_0003150	5458
normalize	PVP01_0003210	5459
normalize	PVP01_0003320	5460
normalize	PVP01_0010850	5461
normalize	PVP01_0008640	5462
normalize	PVP01_0010730	5463
normalize	PVP01_0009010	5464
normalize	PVP01_0007730	5465
normalize	PVP01_0007750	5466
normalize	PVP01_0007760	5467
normalize	PVP01_0007810	5468
normalize	PVP01_0010640	5469
normalize	PVP01_0008140	5470
normalize	PVP01_0003660	5471
normalize	PVP01_0003780	5472
normalize	PVP01_0006700	5473
normalize	PVP01_0006710	5474
normalize	PVP01_0006720	5475
normalize	PVP01_0006770	5476
normalize	PVP01_0006790	5477
normalize	PVP01_0008860	5478
normalize	PVP01_0008880	5479
normalize	PVP01_0009050	5480
normalize	PVP01_0009070	5481
normalize	PVP01_0009090	5482
normalize	PVP01_0004950	5483
normalize	PVP01_0004960	5484
normalize	PVP01_0004980	5485
normalize	PVP01_0004990	5486
normalize	PVP01_0005000	5487
normalize	PVP01_0005160	5488
normalize	PVP01_0009300	5489
normalize	PVP01_0009330	5490
normalize	PVP01_0010120	5491
normalize	PVP01_0009620	5492
normalize	PVP01_0009360	5493
normalize	PVP01_0010240	5494
normalize	PVP01_0002770	5495
normalize	PVP01_0002810	5496
normalize	PVP01_0002900	5497
normalize	PVP01_0002940	5498
normalize	PVP01_0003000	5499
normalize	PVP01_0003930	5500
normalize	PVP01_0003940	5501
normalize	PVP01_0003960	5502
normalize	PVP01_0003980	5503
normalize	PVP01_0004000	5504
normalize	PVP01_0004100	5505
normalize	PVP01_0004110	5506
normalize	PVP01_0004180	5507
normalize	PVP01_0002710	5508
normalize	PVP01_0002720	5509
normalize	PVP01_0010210	5510
normalize	PVP01_0010220	5511
normalize	PVP01_0011090	5512
normalize	PVP01_0010750	5513
normalize	PVP01_0005520	5514
normalize	PVP01_0005560	5515
normalize	PVP01_0005570	5516
normalize	PVP01_0005590	5517
normalize	PVP01_0005610	5518
normalize	PVP01_0005640	5519
normalize	PVP01_0005700	5520
normalize	PVP01_0008920	5521
normalize	PVP01_0009430	5522
normalize	PVP01_0009460	5523
normalize	PVP01_0008470	5524
normalize	PVP01_0005270	5525
normalize	PVP01_0005420	5526
normalize	PVP01_0005430	5527
normalize	PVP01_0010020	5528
normalize	PVP01_0010190	5529
normalize	PVP01_0200200	5530
normalize	PVP01_0200300	5531
normalize	PVP01_0200500	5532
normalize	PVP01_0200600	5533
normalize	PVP01_0200700	5534
normalize	PVP01_0203100	5535
normalize	PVP01_0203500	5536
normalize	PVP01_0220300	5537
normalize	PVP01_0221100	5538
normalize	PVP01_0100200	5539
normalize	PVP01_0107100	5540
normalize	PVP01_0116700	5541
normalize	PVP01_0120400	5542
normalize	PVP01_0120500	5543
normalize	PVP01_0121000	5544
normalize	PVP01_0121600	5545
normalize	PVP01_0121700	5546
normalize	PVP01_0122100	5547
normalize	PVP01_1001100	5548
normalize	PVP01_1001300	5549
normalize	PVP01_1002100	5550
normalize	PVP01_1004900	5551
normalize	PVP01_1012300	5552
normalize	PVP01_1035000	5553
normalize	PVP01_1035200	5554
normalize	PVP01_1400400	5555
normalize	PVP01_1400900	5556
normalize	PVP01_1401000	5557
normalize	PVP01_1401200	5558
normalize	PVP01_1423800	5559
normalize	PVP01_1431900	5560
normalize	PVP01_1438200	5561
normalize	PVP01_1452600	5562
normalize	PVP01_1459200	5563
normalize	PVP01_1468500	5564
normalize	PVP01_1469100	5565
normalize	PVP01_1470100	5566
normalize	PVP01_1470900	5567
normalize	PVP01_1472200	5568
normalize	PVP01_1472300	5569
normalize	PVP01_0900600	5570
normalize	PVP01_0901000	5571
normalize	PVP01_0901200	5572
normalize	PVP01_0901300	5573
normalize	PVP01_0901400	5574
normalize	PVP01_0901550	5575
normalize	PVP01_0901700	5576
normalize	PVP01_0902000	5577
normalize	PVP01_0902200	5578
normalize	PVP01_0902300	5579
normalize	PVP01_0903300	5580
normalize	PVP01_0903600	5581
normalize	PVP01_0904000	5582
normalize	PVP01_0930900	5583
normalize	PVP01_0931000	5584
normalize	PVP01_0937900	5585
normalize	PVP01_0949400	5586
normalize	PVP01_0949500	5587
normalize	PVP01_0950000	5588
normalize	PVP01_0401400	5589
normalize	PVP01_0401600	5590
normalize	PVP01_0402500	5591
normalize	PVP01_0402600	5592
normalize	PVP01_0402700	5593
normalize	PVP01_0403200	5594
normalize	PVP01_0403300	5595
normalize	PVP01_0403500	5596
normalize	PVP01_0403700	5597
normalize	PVP01_0404000	5598
normalize	PVP01_0415900	5599
normalize	PVP01_0423600	5600
normalize	PVP01_0423700	5601
normalize	PVP01_0423800	5602
normalize	PVP01_0424500	5603
normalize	PVP01_1301100	5604
normalize	PVP01_1308700	5605
normalize	PVP01_1312700	5606
normalize	PVP01_1327000	5607
normalize	PVP01_1332200	5608
normalize	PVP01_1201100	5609
normalize	PVP01_1213700	5610
normalize	PVP01_1217600	5611
normalize	PVP01_1226500	5612
normalize	PVP01_1235100	5613
normalize	PVP01_1261000	5614
normalize	PVP01_1268700	5615
normalize	PVP01_1269900	5616
normalize	PVP01_1270000	5617
normalize	PVP01_1271200	5618
normalize	PVP01_1272100	5619
normalize	PVP01_1273000	5620
normalize	PVP01_1273100	5621
normalize	PVP01_1273600	5622
normalize	PVP01_API02500	5623
normalize	PVP01_API02900	5624
normalize	PVP01_API04600	5625
normalize	PVP01_API05300	5626
normalize	PVP01_0800300	5627
normalize	PVP01_0800500	5628
normalize	PVP01_0827500	5629
normalize	PVP01_0837100	5630
normalize	PVP01_0838500	5631
normalize	PVP01_0839100	5632
normalize	PVP01_0839200	5633
normalize	PVP01_0839600	5634
normalize	PVP01_0840300	5635
normalize	PVP01_1100100	5636
normalize	PVP01_1100200	5637
normalize	PVP01_1100600	5638
normalize	PVP01_1100900	5639
normalize	PVP01_1101000	5640
normalize	PVP01_1102100	5641
normalize	PVP01_1147800	5642
normalize	PVP01_1148000	5643
normalize	PVP01_1148200	5644
normalize	PVP01_1149000	5645
normalize	PVP01_1149200	5646
normalize	PVP01_1149400	5647
normalize	PVP01_1149500	5648
normalize	PVP01_0600400	5649
normalize	PVP01_0601100	5650
normalize	PVP01_0605300	5651
normalize	PVP01_0623400	5652
normalize	PVP01_0624100	5653
normalize	PVP01_0624600	5654
normalize	PVP01_0624700	5655
normalize	PVP01_0625000	5656
normalize	PVP01_0300500	5657
normalize	PVP01_0301000	5658
normalize	PVP01_0301200	5659
normalize	PVP01_0302000	5660
normalize	PVP01_0306300	5661
normalize	PVP01_0501000	5662
normalize	PVP01_0501500	5663
normalize	PVP01_0502900	5664
normalize	PVP01_0503300	5665
normalize	PVP01_0515000	5666
normalize	PVP01_0522900	5667
normalize	PVP01_0524400	5668
normalize	PVP01_0525000	5669
normalize	PVP01_0525100	5670
normalize	PVP01_0533400	5671
normalize	PVP01_0533800	5672
normalize	PVP01_0534500	5673
normalize	PVP01_0534550	5674
normalize	PVP01_0535000	5675
normalize	PVP01_0700300	5676
normalize	PVP01_0700400	5677
normalize	PVP01_0723200	5678
normalize	PVP01_0729500	5679
normalize	PVP01_0735600	5680
normalize	PVP01_0736100	5681
normalize	PVP01_0736400	5682
normalize	PVP01_0736900	5683
normalize	PVP01_0737600	5684
normalize	PVP01_0737700	5685
normalize	PVP01_0738000	5686
normalize	PVP01_0738700	5687
normalize	PVP01_0009660	5688
normalize	PVP01_0009670	5689
normalize	PVP01_0009590	5690
normalize	PVP01_0009600	5691
normalize	PVP01_0009160	5692
normalize	PVP01_0009190	5693
normalize	PVP01_0007630	5694
normalize	PVP01_0007670	5695
normalize	PVP01_0007680	5696
normalize	PVP01_0007690	5697
normalize	PVP01_0010740	5698
normalize	PVP01_0005930	5699
normalize	PVP01_0005960	5700
normalize	PVP01_0006010	5701
normalize	PVP01_0006040	5702
normalize	PVP01_0006070	5703
normalize	PVP01_0006080	5704
normalize	PVP01_0006090	5705
normalize	PVP01_0006570	5706
normalize	PVP01_0006630	5707
normalize	PVP01_0009490	5708
normalize	PVP01_0009510	5709
normalize	PVP01_0008530	5710
normalize	PVP01_0008550	5711
normalize	PVP01_0008610	5712
normalize	PVP01_0007360	5713
normalize	PVP01_0007370	5714
normalize	PVP01_0007390	5715
normalize	PVP01_0007450	5716
normalize	PVP01_0009240	5717
normalize	PVP01_0010340	5718
normalize	PVP01_0010300	5719
normalize	PVP01_0010860	5720
normalize	PVP01_0010600	5721
normalize	PVP01_0006120	5722
normalize	PVP01_0006140	5723
normalize	PVP01_0006180	5724
normalize	PVP01_0006280	5725
normalize	PVP01_0006290	5726
normalize	PVP01_0006300	5727
normalize	PVP01_0006330	5728
normalize	PVP01_0008230	5729
normalize	PVP01_0002190	5730
normalize	PVP01_0002290	5731
normalize	PVP01_0002340	5732
normalize	PVP01_0002390	5733
normalize	PVP01_0010450	5734
normalize	PVP01_0008810	5735
normalize	PVP01_0008820	5736
normalize	PVP01_0004730	5737
normalize	PVP01_0004740	5738
normalize	PVP01_0004760	5739
normalize	PVP01_0004780	5740
normalize	PVP01_0004850	5741
normalize	PVP01_0004930	5742
normalize	PVP01_0006810	5743
normalize	PVP01_0006880	5744
normalize	PVP01_0006890	5745
normalize	PVP01_0006900	5746
normalize	PVP01_0007820	5747
normalize	PVP01_0007830	5748
normalize	PVP01_0007850	5749
normalize	PVP01_0007880	5750
normalize	PVP01_0010270	5751
normalize	PVP01_0009980	5752
normalize	PVP01_0007600	5753
normalize	PVP01_0007950	5754
normalize	PVP01_0005750	5755
normalize	PVP01_0005760	5756
normalize	PVP01_0005825	5757
normalize	PVP01_0005830	5758
normalize	PVP01_0005860	5759
normalize	PVP01_0005910	5760
normalize	PVP01_0007290	5761
normalize	PVP01_0007330	5762
normalize	PVP01_0010630	5763
normalize	PVP01_0000010	5764
normalize	PVP01_0000250	5765
normalize	PVP01_0000260	5766
normalize	PVP01_0000290	5767
normalize	PVP01_0000300	5768
normalize	PVP01_0000330	5769
normalize	PVP01_0000370	5770
normalize	PVP01_0000380	5771
normalize	PVP01_0000390	5772
normalize	PVP01_0000400	5773
normalize	PVP01_0000430	5774
normalize	PVP01_0000460	5775
normalize	PVP01_0000540	5776
normalize	PVP01_0000560	5777
normalize	PVP01_0000570	5778
normalize	PVP01_0000590	5779
normalize	PVP01_0000620	5780
normalize	PVP01_0000630	5781
normalize	PVP01_0000820	5782
normalize	PVP01_0000830	5783
normalize	PVP01_0000840	5784
normalize	PVP01_0000860	5785
normalize	PVP01_0001020	5786
normalize	PVP01_0001030	5787
normalize	PVP01_0001040	5788
normalize	PVP01_0001080	5789
normalize	PVP01_0001150	5790
normalize	PVP01_0001160	5791
normalize	PVP01_0001210	5792
normalize	PVP01_0001230	5793
normalize	PVP01_0001310	5794
normalize	PVP01_0001320	5795
normalize	PVP01_0001350	5796
normalize	PVP01_0001360	5797
normalize	PVP01_0001400	5798
normalize	PVP01_0001580	5799
normalize	PVP01_0008110	5800
normalize	PVP01_0001610	5801
normalize	PVP01_0001670	5802
normalize	PVP01_0001680	5803
normalize	PVP01_0001730	5804
normalize	PVP01_0001790	5805
normalize	PVP01_0001810	5806
normalize	PVP01_0001830	5807
normalize	PVP01_0001840	5808
normalize	PVP01_0001850	5809
normalize	PVP01_0001860	5810
normalize	PVP01_0001870	5811
normalize	PVP01_0001880	5812
normalize	PVP01_0001900	5813
normalize	PVP01_0001920	5814
normalize	PVP01_0001970	5815
normalize	PVP01_0001980	5816
normalize	PVP01_0002040	5817
normalize	PVP01_0010390	5818
normalize	PVP01_0007150	5819
normalize	PVP01_0007170	5820
normalize	PVP01_0007220	5821
normalize	PVP01_0007230	5822
normalize	PVP01_0004420	5823
normalize	PVP01_0004430	5824
normalize	PVP01_0004600	5825
normalize	PVP01_0004640	5826
normalize	PVP01_0004650	5827
normalize	PVP01_0003080	5828
normalize	PVP01_0003090	5829
normalize	PVP01_0003230	5830
normalize	PVP01_0003240	5831
normalize	PVP01_0003260	5832
normalize	PVP01_0003290	5833
normalize	PVP01_0003340	5834
normalize	PVP01_0003350	5835
normalize	PVP01_0003410	5836
normalize	PVP01_0003470	5837
normalize	PVP01_0003510	5838
normalize	PVP01_0003520	5839
normalize	PVP01_0003540	5840
normalize	PVP01_0003610	5841
normalize	PVP01_0003630	5842
normalize	PVP01_0003640	5843
normalize	PVP01_0010510	5844
normalize	PVP01_0008620	5845
normalize	PVP01_0006400	5846
normalize	PVP01_0006460	5847
normalize	PVP01_0006480	5848
normalize	PVP01_0009000	5849
normalize	PVP01_0007740	5850
normalize	PVP01_0007800	5851
normalize	PVP01_0008160	5852
normalize	PVP01_0008180	5853
normalize	PVP01_0003650	5854
normalize	PVP01_0003670	5855
normalize	PVP01_0003690	5856
normalize	PVP01_0003730	5857
normalize	PVP01_0003800	5858
normalize	PVP01_0003810	5859
normalize	PVP01_0003860	5860
normalize	PVP01_0003870	5861
normalize	PVP01_0003890	5862
normalize	PVP01_0003900	5863
normalize	PVP01_0003910	5864
normalize	PVP01_0006690	5865
normalize	PVP01_0006740	5866
normalize	PVP01_0006750	5867
normalize	PVP01_0006760	5868
normalize	PVP01_0006800	5869
normalize	PVP01_0008850	5870
normalize	PVP01_0008870	5871
normalize	PVP01_0010490	5872
normalize	PVP01_0009060	5873
normalize	PVP01_0009080	5874
normalize	PVP01_0009100	5875
normalize	PVP01_0008280	5876
normalize	PVP01_0008300	5877
normalize	PVP01_0008310	5878
normalize	PVP01_0008330	5879
normalize	PVP01_0005040	5880
normalize	PVP01_0005060	5881
normalize	PVP01_0005120	5882
normalize	PVP01_0005130	5883
normalize	PVP01_0005140	5884
normalize	PVP01_0005170	5885
normalize	PVP01_0005180	5886
normalize	PVP01_0010320	5887
normalize	PVP01_0009340	5888
normalize	PVP01_0010290	5889
normalize	PVP01_0010890	5890
normalize	PVP01_0002740	5891
normalize	PVP01_0002830	5892
normalize	PVP01_0002910	5893
normalize	PVP01_0003030	5894
normalize	PVP01_0004010	5895
normalize	PVP01_0004020	5896
normalize	PVP01_0004030	5897
normalize	PVP01_0004050	5898
normalize	PVP01_0004060	5899
normalize	PVP01_0004070	5900
normalize	PVP01_0004190	5901
normalize	PVP01_0010470	5902
normalize	PVP01_0002420	5903
normalize	PVP01_0002430	5904
normalize	PVP01_0002460	5905
normalize	PVP01_0002470	5906
normalize	PVP01_0002510	5907
normalize	PVP01_0002540	5908
normalize	PVP01_0002610	5909
normalize	PVP01_0011070	5910
normalize	PVP01_0010830	5911
normalize	PVP01_0009940	5912
normalize	PVP01_0009950	5913
normalize	PVP01_0005550	5914
normalize	PVP01_0005620	5915
normalize	PVP01_0005660	5916
normalize	PVP01_0005680	5917
normalize	PVP01_0005690	5918
normalize	PVP01_0006970	5919
normalize	PVP01_0007030	5920
normalize	PVP01_0007060	5921
normalize	PVP01_0007070	5922
normalize	PVP01_0009410	5923
normalize	PVP01_0009440	5924
normalize	PVP01_0005220	5925
normalize	PVP01_0005240	5926
normalize	PVP01_0005310	5927
normalize	PVP01_0005320	5928
normalize	PVP01_0005330	5929
normalize	PVP01_0005410	5930
normalize	PVP01_0005440	5931
normalize	PVP01_0005450	5932
normalize	PVP01_0005460	5933
normalize	PVP01_0009800	5934
normalize	PVP01_0009810	5935
normalize	PVP01_0009900	5936
normalize	PVP01_0010610	5937
normalize	PVP01_0217400	5938
normalize	PVP01_0217700	5939
normalize	PVP01_0219300	5940
normalize	PVP01_0219800	5941
normalize	PVP01_0220000	5942
normalize	PVP01_0220900	5943
normalize	PVP01_0221700	5944
normalize	PVP01_0221800	5945
normalize	PVP01_0100400	5946
normalize	PVP01_0100600	5947
normalize	PVP01_0103000	5948
normalize	PVP01_0120100	5949
normalize	PVP01_0120300	5950
normalize	PVP01_0120600	5951
normalize	PVP01_0120900	5952
normalize	PVP01_0121200	5953
normalize	PVP01_0121500	5954
normalize	PVP01_1000300	5955
normalize	PVP01_1000800	5956
normalize	PVP01_1001400	5957
normalize	PVP01_1001500	5958
normalize	PVP01_1001600	5959
normalize	PVP01_1001700	5960
normalize	PVP01_1001800	5961
normalize	PVP01_1001850	5962
normalize	PVP01_1002200	5963
normalize	PVP01_1035600	5964
normalize	PVP01_1035700	5965
normalize	PVP01_1036000	5966
normalize	PVP01_1472700	5967
normalize	PVP01_1472900	5968
normalize	PVP01_0900100	5969
normalize	PVP01_0900300	5970
normalize	PVP01_0902800	5971
normalize	PVP01_0903100	5972
normalize	PVP01_0910600	5973
normalize	PVP01_0950050	5974
normalize	PVP01_0400400	5975
normalize	PVP01_0400900	5976
normalize	PVP01_0401300	5977
normalize	PVP01_0402100	5978
normalize	PVP01_0402200	5979
normalize	PVP01_0402750	5980
normalize	PVP01_0402900	5981
normalize	PVP01_0403400	5982
normalize	PVP01_0403600	5983
normalize	PVP01_0404100	5984
normalize	PVP01_0421600	5985
normalize	PVP01_1347400	5986
normalize	PVP01_1200100	5987
normalize	PVP01_1200200	5988
normalize	PVP01_1200400	5989
normalize	PVP01_1200500	5990
normalize	PVP01_1200600	5991
normalize	PVP01_1200900	5992
normalize	PVP01_1215700	5993
normalize	PVP01_1268800	5994
normalize	PVP01_1272700	5995
normalize	PVP01_1273400	5996
normalize	PVP01_1274100	5997
normalize	PVP01_API01200	5998
normalize	PVP01_API01700	5999
normalize	PVP01_API01800	6000
normalize	PVP01_API02000	6001
normalize	PVP01_API02200	6002
normalize	PVP01_API02300	6003
normalize	PVP01_API02700	6004
normalize	PVP01_API04300	6005
normalize	PVP01_API05100	6006
normalize	PVP01_0824900	6007
normalize	PVP01_0840000	6008
normalize	PVP01_0840100	6009
normalize	PVP01_0840200	6010
normalize	PVP01_0840700	6011
normalize	PVP01_1100500	6012
normalize	PVP01_1100800	6013
normalize	PVP01_1101100	6014
normalize	PVP01_1128700	6015
normalize	PVP01_1148300	6016
normalize	PVP01_1148800	6017
normalize	PVP01_0600100	6018
normalize	PVP01_0300400	6019
normalize	PVP01_0301050	6020
normalize	PVP01_0301100	6021
normalize	PVP01_0301400	6022
normalize	PVP01_0301600	6023
normalize	PVP01_0500200	6024
normalize	PVP01_0500300	6025
normalize	PVP01_0501200	6026
normalize	PVP01_0501600	6027
normalize	PVP01_0502100	6028
normalize	PVP01_0534600	6029
normalize	PVP01_0535300	6030
normalize	PVP01_0535400	6031
normalize	PVP01_0735500	6032
normalize	PVP01_0735700	6033
normalize	PVP01_0737200	6034
normalize	PVP01_0737500	6035
normalize	PVP01_0737800	6036
normalize	PVP01_0738300	6037
normalize	PVP01_0738600	6038
normalize	PVP01_0004320	6039
normalize	PVP01_0007650	6040
normalize	PVP01_0005920	6041
normalize	PVP01_0006050	6042
normalize	PVP01_0006100	6043
normalize	PVP01_0010690	6044
normalize	PVP01_0006590	6045
normalize	PVP01_0007420	6046
normalize	PVP01_0009250	6047
normalize	PVP01_0010100	6048
normalize	PVP01_0008370	6049
normalize	PVP01_0010370	6050
normalize	PVP01_0010040	6051
normalize	PVP01_0006220	6052
normalize	PVP01_0006230	6053
normalize	PVP01_0006260	6054
normalize	PVP01_0002070	6055
normalize	PVP01_0002310	6056
normalize	PVP01_0008770	6057
normalize	PVP01_0008840	6058
normalize	PVP01_0008710	6059
normalize	PVP01_0008720	6060
normalize	PVP01_0010530	6061
normalize	PVP01_0004720	6062
normalize	PVP01_0004890	6063
normalize	PVP01_0006840	6064
normalize	PVP01_0007840	6065
normalize	PVP01_0007890	6066
normalize	PVP01_0010260	6067
normalize	PVP01_0007520	6068
normalize	PVP01_0007530	6069
normalize	PVP01_0007570	6070
normalize	PVP01_0010280	6071
normalize	PVP01_0010980	6072
normalize	PVP01_0005720	6073
normalize	PVP01_0005780	6074
normalize	PVP01_0005840	6075
normalize	PVP01_0005890	6076
normalize	PVP01_0010000	6077
normalize	PVP01_0007320	6078
normalize	PVP01_0009530	6079
normalize	PVP01_0009560	6080
normalize	PVP01_0000180	6081
normalize	PVP01_0000440	6082
normalize	PVP01_0000710	6083
normalize	PVP01_0000920	6084
normalize	PVP01_0001010	6085
normalize	PVP01_0001170	6086
normalize	PVP01_0001190	6087
normalize	PVP01_0001290	6088
normalize	PVP01_0001380	6089
normalize	PVP01_0001390	6090
normalize	PVP01_0001460	6091
normalize	PVP01_0001520	6092
normalize	PVP01_0001560	6093
normalize	PVP01_0008070	6094
normalize	PVP01_0001640	6095
normalize	PVP01_0001690	6096
normalize	PVP01_0001700	6097
normalize	PVP01_0002030	6098
normalize	PVP01_0007180	6099
normalize	PVP01_0004610	6100
normalize	PVP01_0004670	6101
normalize	PVP01_0003270	6102
normalize	PVP01_0003460	6103
normalize	PVP01_0003490	6104
normalize	PVP01_0003500	6105
normalize	PVP01_0008650	6106
normalize	PVP01_0009030	6107
normalize	PVP01_0009040	6108
normalize	PVP01_0003750	6109
normalize	PVP01_0003840	6110
normalize	PVP01_0003920	6111
normalize	PVP01_0006780	6112
normalize	PVP01_0008290	6113
normalize	PVP01_0010330	6114
normalize	PVP01_0009350	6115
normalize	PVP01_0011010	6116
normalize	PVP01_0002860	6117
normalize	PVP01_0002950	6118
normalize	PVP01_0003010	6119
normalize	PVP01_0003950	6120
normalize	PVP01_0002520	6121
normalize	PVP01_0002550	6122
normalize	PVP01_0005510	6123
normalize	PVP01_0005650	6124
normalize	PVP01_0008960	6125
normalize	PVP01_0008450	6126
normalize	PVP01_0008520	6127
normalize	PVP01_0005230	6128
normalize	PVP01_0005400	6129
normalize	PVP01_0009880	6130
normalize	PVP01_0200100	6131
normalize	PVP01_0201000	6132
normalize	PVP01_0219600	6133
normalize	PVP01_0220200	6134
normalize	PVP01_0220500	6135
normalize	PVP01_1000700	6136
normalize	PVP01_1001900	6137
normalize	PVP01_1019500	6138
normalize	PVP01_1035500	6139
normalize	PVP01_1472500	6140
normalize	PVP01_1472800	6141
normalize	PVP01_0902450	6142
normalize	PVP01_0909800	6143
normalize	PVP01_0402300	6144
normalize	PVP01_0402400	6145
normalize	PVP01_0424400	6146
normalize	PVP01_1300100	6147
normalize	PVP01_1347600	6148
normalize	PVP01_1200300	6149
normalize	PVP01_API01400	6150
normalize	PVP01_API01500	6151
normalize	PVP01_API01600	6152
normalize	PVP01_API02100	6153
normalize	PVP01_API03400	6154
normalize	PVP01_API04700	6155
normalize	PVP01_0827600	6156
normalize	PVP01_0839900	6157
normalize	PVP01_0840900	6158
normalize	PVP01_1100700	6159
normalize	PVP01_1128600	6160
normalize	PVP01_0501100	6161
normalize	PVP01_0501700	6162
normalize	PVP01_0735800	6163
normalize	PVP01_0736300	6164
normalize	PVP01_0736600	6165
normalize	PVP01_0737300	6166
normalize	PVP01_0739100	6167
normalize	PVP01_0005280	6168
normalize	PVP01_0002370	6169
normalize	PVP01_1102000	6170
normalize	PVP01_0002260	6171
normalize	PVP01_0001000	6172
normalize	PVP01_0003700	6173
normalize	PVP01_0400100	6174
normalize	PVP01_0839500	6175
normalize	PVP01_0007380	6176
normalize	PVP01_0004830	6177
normalize	PVP01_0009710	6178
normalize	PVP01_0403100	6179
normalize	PVP01_API04500	6180
normalize	PVP01_0004370	6181
normalize	PVP01_0009140	6182
normalize	PVP01_0010810	6183
normalize	PVP01_0006020	6184
normalize	PVP01_0006510	6185
normalize	PVP01_0008540	6186
normalize	PVP01_0010540	6187
normalize	PVP01_0010620	6188
normalize	PVP01_0010050	6189
normalize	PVP01_0006270	6190
normalize	PVP01_0010660	6191
normalize	PVP01_0008740	6192
normalize	PVP01_0004810	6193
normalize	PVP01_0004910	6194
normalize	PVP01_0006930	6195
normalize	PVP01_0007540	6196
normalize	PVP01_0000660	6197
normalize	PVP01_0000870	6198
normalize	PVP01_0001200	6199
normalize	PVP01_0001330	6200
normalize	PVP01_0001510	6201
normalize	PVP01_0001540	6202
normalize	PVP01_0008050	6203
normalize	PVP01_0001990	6204
normalize	PVP01_0004450	6205
normalize	PVP01_0004500	6206
normalize	PVP01_0004510	6207
normalize	PVP01_0003050	6208
normalize	PVP01_0003570	6209
normalize	PVP01_0008670	6210
normalize	PVP01_0006340	6211
normalize	PVP01_0006350	6212
normalize	PVP01_0010820	6213
normalize	PVP01_0003710	6214
normalize	PVP01_0006650	6215
normalize	PVP01_0005030	6216
normalize	PVP01_0009640	6217
normalize	PVP01_0009380	6218
normalize	PVP01_0002630	6219
normalize	PVP01_0002640	6220
normalize	PVP01_0005480	6221
normalize	PVP01_0006990	6222
normalize	PVP01_0007010	6223
normalize	PVP01_0005250	6224
normalize	PVP01_0005390	6225
normalize	PVP01_0218100	6226
normalize	PVP01_0218300	6227
normalize	PVP01_0100300	6228
normalize	PVP01_1000550	6229
normalize	PVP01_1000600	6230
normalize	PVP01_0902400	6231
normalize	PVP01_0903200	6232
normalize	PVP01_0402000	6233
normalize	PVP01_1148900	6234
normalize	PVP01_0736700	6235
normalize	PVP01_0737000	6236
normalize	PVP01_0738800	6237
normalize	PVP01_0009150	6238
normalize	PVP01_0005970	6239
normalize	PVP01_0006500	6240
normalize	PVP01_0006610	6241
normalize	PVP01_0009480	6242
normalize	PVP01_0008570	6243
normalize	PVP01_0008580	6244
normalize	PVP01_0006170	6245
normalize	PVP01_0002130	6246
normalize	PVP01_0002160	6247
normalize	PVP01_0004820	6248
normalize	PVP01_0005770	6249
normalize	PVP01_0000230	6250
normalize	PVP01_0000580	6251
normalize	PVP01_0001060	6252
normalize	PVP01_0001370	6253
normalize	PVP01_0001530	6254
normalize	PVP01_0008030	6255
normalize	PVP01_0001630	6256
normalize	PVP01_0001710	6257
normalize	PVP01_0002000	6258
normalize	PVP01_0004490	6259
normalize	PVP01_0004550	6260
normalize	PVP01_0010940	6261
normalize	PVP01_0003480	6262
normalize	PVP01_0003620	6263
normalize	PVP01_0009730	6264
normalize	PVP01_0006370	6265
normalize	PVP01_0006410	6266
normalize	PVP01_0006440	6267
normalize	PVP01_0010590	6268
normalize	PVP01_0008120	6269
normalize	PVP01_0008190	6270
normalize	PVP01_0003720	6271
normalize	PVP01_0003740	6272
normalize	PVP01_0005070	6273
normalize	PVP01_0009630	6274
normalize	PVP01_0002760	6275
normalize	PVP01_0004080	6276
normalize	PVP01_0004140	6277
normalize	PVP01_0002440	6278
normalize	PVP01_0002580	6279
normalize	PVP01_0011140	6280
normalize	PVP01_0005490	6281
normalize	PVP01_0010150	6282
normalize	PVP01_0009470	6283
normalize	PVP01_0005260	6284
normalize	PVP01_0005300	6285
normalize	PVP01_0009690	6286
normalize	PVP01_0221200	6287
normalize	PVP01_0221600	6288
normalize	PVP01_0100700	6289
normalize	PVP01_0100800	6290
normalize	PVP01_0121400	6291
normalize	PVP01_1000400	6292
normalize	PVP01_1473000	6293
normalize	PVP01_0500400	6294
normalize	PVP01_0501800	6295
normalize	PVP01_0501900	6296
normalize	PVP01_0009180	6297
normalize	PVP01_0007610	6298
normalize	PVP01_0007620	6299
normalize	PVP01_0005950	6300
normalize	PVP01_0005990	6301
normalize	PVP01_0006620	6302
normalize	PVP01_0006640	6303
normalize	PVP01_0008590	6304
normalize	PVP01_0007430	6305
normalize	PVP01_0006250	6306
normalize	PVP01_0004880	6307
normalize	PVP01_0006850	6308
normalize	PVP01_0011040	6309
normalize	PVP01_0000320	6310
normalize	PVP01_0000410	6311
normalize	PVP01_0000500	6312
normalize	PVP01_0000790	6313
normalize	PVP01_0000900	6314
normalize	PVP01_0001100	6315
normalize	PVP01_0001470	6316
normalize	PVP01_0001890	6317
normalize	PVP01_0007120	6318
normalize	PVP01_0004460	6319
normalize	PVP01_0004470	6320
normalize	PVP01_0004590	6321
normalize	PVP01_0003200	6322
normalize	PVP01_0003430	6323
normalize	PVP01_0007700	6324
normalize	PVP01_0007770	6325
normalize	PVP01_0007780	6326
normalize	PVP01_0003680	6327
normalize	PVP01_0003760	6328
normalize	PVP01_0003770	6329
normalize	PVP01_0003820	6330
normalize	PVP01_0002750	6331
normalize	PVP01_0002980	6332
normalize	PVP01_0009960	6333
normalize	PVP01_0002570	6334
normalize	PVP01_0002670	6335
normalize	PVP01_0011060	6336
normalize	PVP01_0008930	6337
normalize	PVP01_0008970	6338
normalize	PVP01_0007000	6339
normalize	PVP01_0009400	6340
normalize	PVP01_0009450	6341
normalize	PVP01_0005380	6342
normalize	PVP01_0009790	6343
normalize	PVP01_0219900	6344
normalize	PVP01_0221000	6345
normalize	PVP01_0121300	6346
normalize	PVP01_1002000	6347
normalize	PVP01_0949700	6348
normalize	PVP01_0400200	6349
normalize	PVP01_0400700	6350
normalize	PVP01_0839800	6351
normalize	PVP01_0004340	6352
normalize	PVP01_0008560	6353
normalize	PVP01_0007400	6354
normalize	PVP01_0002250	6355
normalize	PVP01_0002350	6356
normalize	PVP01_0002360	6357
normalize	PVP01_0008750	6358
normalize	PVP01_0006870	6359
normalize	PVP01_0000270	6360
normalize	PVP01_0000450	6361
normalize	PVP01_0000680	6362
normalize	PVP01_0000760	6363
normalize	PVP01_0000880	6364
normalize	PVP01_0008060	6365
normalize	PVP01_0001620	6366
normalize	PVP01_0001750	6367
normalize	PVP01_0004480	6368
normalize	PVP01_0004680	6369
normalize	PVP01_0003110	6370
normalize	PVP01_0003330	6371
normalize	PVP01_0003550	6372
normalize	PVP01_0003600	6373
normalize	PVP01_0006420	6374
normalize	PVP01_0008900	6375
normalize	PVP01_0008320	6376
normalize	PVP01_0005200	6377
normalize	PVP01_0009840	6378
normalize	PVP01_0002780	6379
normalize	PVP01_0002490	6380
normalize	PVP01_0011130	6381
normalize	PVP01_0005580	6382
normalize	PVP01_0005630	6383
normalize	PVP01_0005340	6384
normalize	PVP01_0005360	6385
normalize	PVP01_0218400	6386
normalize	PVP01_0221400	6387
normalize	PVP01_0401500	6388
normalize	PVP01_1274800	6389
normalize	PVP01_1274900	6390
normalize	PVP01_0300300	6391
normalize	PVP01_0503100	6392
normalize	PVP01_0739200	6393
normalize	PVP01_0005940	6394
normalize	PVP01_0008600	6395
normalize	PVP01_0006320	6396
normalize	PVP01_0008250	6397
normalize	PVP01_0002120	6398
normalize	PVP01_0004870	6399
normalize	PVP01_0006860	6400
normalize	PVP01_0006920	6401
normalize	PVP01_0005880	6402
normalize	PVP01_0000510	6403
normalize	PVP01_0000890	6404
normalize	PVP01_0001340	6405
normalize	PVP01_0008040	6406
normalize	PVP01_0010430	6407
normalize	PVP01_0003590	6408
normalize	PVP01_0008690	6409
normalize	PVP01_0006660	6410
normalize	PVP01_0010170	6411
normalize	PVP01_0002850	6412
normalize	PVP01_0003040	6413
normalize	PVP01_0002560	6414
normalize	PVP01_0007040	6415
normalize	PVP01_0009750	6416
normalize	PVP01_0008500	6417
normalize	PVP01_0005290	6418
normalize	PVP01_0009700	6419
normalize	PVP01_0220700	6420
normalize	PVP01_0122200	6421
normalize	PVP01_1004300	6422
normalize	PVP01_0400500	6423
normalize	PVP01_1300200	6424
normalize	PVP01_1273200	6425
normalize	PVP01_1273700	6426
normalize	PVP01_1274000	6427
normalize	PVP01_API02400	6428
normalize	PVP01_0840600	6429
normalize	PVP01_0500700	6430
normalize	PVP01_0735900	6431
normalize	PVP01_0737400	6432
normalize	PVP01_0006310	6433
normalize	PVP01_0010460	6434
normalize	PVP01_0009550	6435
normalize	PVP01_0000730	6436
normalize	PVP01_0000770	6437
normalize	PVP01_0003280	6438
normalize	PVP01_0003310	6439
normalize	PVP01_0008170	6440
normalize	PVP01_0005080	6441
normalize	PVP01_0009310	6442
normalize	PVP01_0009820	6443
normalize	PVP01_0009370	6444
normalize	PVP01_0002410	6445
normalize	PVP01_0002600	6446
normalize	PVP01_0010870	6447
normalize	PVP01_0008480	6448
normalize	PVP01_0008490	6449
normalize	PVP01_0218700	6450
normalize	PVP01_0900400	6451
normalize	PVP01_1274200	6452
normalize	PVP01_API00100	6453
normalize	PVP01_API00500	6454
normalize	PVP01_0524800	6455
normalize	PVP01_0737900	6456
normalize	PVP01_0738900	6457
normalize	PVP01_0006150	6458
normalize	PVP01_0006240	6459
normalize	PVP01_0008200	6460
normalize	PVP01_0008240	6461
normalize	PVP01_0002110	6462
normalize	PVP01_0002380	6463
normalize	PVP01_0006820	6464
normalize	PVP01_0006950	6465
normalize	PVP01_0000610	6466
normalize	PVP01_0000720	6467
normalize	PVP01_0000930	6468
normalize	PVP01_0004520	6469
normalize	PVP01_0003100	6470
normalize	PVP01_0003580	6471
normalize	PVP01_0005020	6472
normalize	PVP01_0002990	6473
normalize	PVP01_0004150	6474
normalize	PVP01_0002680	6475
normalize	PVP01_0010910	6476
normalize	PVP01_0011100	6477
normalize	PVP01_0005370	6478
normalize	PVP01_0217600	6479
normalize	PVP01_0219700	6480
normalize	PVP01_0220600	6481
normalize	PVP01_0220800	6482
normalize	PVP01_0100500	6483
normalize	PVP01_0400300	6484
normalize	PVP01_1300300	6485
normalize	PVP01_1274500	6486
normalize	PVP01_1274600	6487
normalize	PVP01_API00400	6488
normalize	PVP01_API04400	6489
normalize	PVP01_0501300	6490
normalize	PVP01_0739300	6491
normalize	PVP01_0006530	6492
normalize	PVP01_0002800	6493
normalize	PVP01_1035400	6494
normalize	PVP01_API01300	6495
normalize	PVP01_API03700	6496
normalize	PVP01_API05200	6497
normalize	PVP01_0500600	6498
normalize	PVP01_0501400	6499
normalize	PVP01_0007410	6500
normalize	PVP01_0009230	6501
normalize	PVP01_0008420	6502
normalize	PVP01_0000780	6503
normalize	PVP01_0001720	6504
normalize	PVP01_0001820	6505
normalize	PVP01_0007110	6506
normalize	PVP01_0003160	6507
normalize	PVP01_0006470	6508
normalize	PVP01_0005010	6509
normalize	PVP01_0004130	6510
normalize	PVP01_0100100	6511
normalize	PVP01_API00200	6512
normalize	PVP01_0010580	6513
normalize	PVP01_0000480	6514
normalize	PVP01_0003560	6515
normalize	PVP01_0500800	6516
normalize	PVP01_0008380	6517
normalize	PVP01_0002270	6518
normalize	PVP01_0008000	6519
normalize	PVP01_0005810	6520
normalize	PVP01_0005900	6521
normalize	PVP01_0007310	6522
normalize	PVP01_0001590	6523
normalize	PVP01_0007210	6524
normalize	PVP01_0003130	6525
normalize	PVP01_0010090	6526
normalize	PVP01_0006360	6527
normalize	PVP01_0009020	6528
normalize	PVP01_0004090	6529
normalize	PVP01_0002500	6530
normalize	PVP01_1000100	6531
normalize	PVP01_1400100	6532
normalize	PVP01_0006060	6533
normalize	PVP01_0010920	6534
normalize	PVP01_0002060	6535
normalize	PVP01_0000650	6536
normalize	PVP01_0001930	6537
normalize	PVP01_0003190	6538
normalize	PVP01_0003420	6539
normalize	PVP01_0008150	6540
normalize	PVP01_0008340	6541
normalize	PVP01_0002790	6542
normalize	PVP01_0002930	6543
normalize	PVP01_0010780	6544
normalize	PVP01_0008950	6545
normalize	PVP01_0219200	6546
normalize	PVP01_0219400	6547
normalize	PVP01_0120800	6548
normalize	PVP01_1035900	6549
normalize	PVP01_0403000	6550
normalize	PVP01_1272800	6551
normalize	PVP01_1273900	6552
normalize	PVP01_API03600	6553
normalize	PVP01_0600300	6554
normalize	PVP01_0500100	6555
normalize	PVP01_0535200	6556
normalize	PVP01_0009200	6557
normalize	PVP01_0010110	6558
normalize	PVP01_0004900	6559
normalize	PVP01_0007900	6560
normalize	PVP01_0007990	6561
normalize	PVP01_0001140	6562
normalize	PVP01_0003170	6563
normalize	PVP01_0006390	6564
normalize	PVP01_0008990	6565
normalize	PVP01_0011120	6566
normalize	PVP01_0005530	6567
normalize	PVP01_0218000	6568
normalize	PVP01_0218900	6569
normalize	PVP01_0221300	6570
normalize	PVP01_0738100	6571
normalize	PVP01_0008220	6572
normalize	PVP01_0004800	6573
normalize	PVP01_0007500	6574
normalize	PVP01_0000800	6575
normalize	PVP01_0001960	6576
normalize	PVP01_0009390	6577
normalize	PVP01_0011080	6578
normalize	PVP01_0011150	6579
normalize	PVP01_0009890	6580
normalize	PVP01_0200400	6581
normalize	PVP01_1472600	6582
normalize	PVP01_0401800	6583
normalize	PVP01_1347500	6584
normalize	PVP01_0003120	6585
normalize	PVP01_0007710	6586
normalize	PVP01_0121100	6587
normalize	PVP01_0400800	6588
normalize	PVP01_API01100	6589
normalize	PVP01_API03300	6590
normalize	PVP01_0739000	6591
normalize	PVP01_0006540	6592
normalize	PVP01_0008210	6593
normalize	PVP01_0005500	6594
normalize	PVP01_0009680	6595
normalize	PVP01_0218150	6596
normalize	PVP01_1035800	6597
normalize	PVP01_0006160	6598
normalize	PVP01_0004790	6599
normalize	PVP01_0004120	6600
normalize	PVP01_0218200	6601
normalize	PVP01_1300500	6602
normalize	PVP01_API05400	6603
normalize	PVP01_0007440	6604
normalize	PVP01_0000530	6605
normalize	PVP01_0010500	6606
normalize	PVP01_0010400	6607
normalize	PVP01_0003070	6608
normalize	PVP01_0217900	6609
normalize	PVP01_0840800	6610
normalize	PVP01_0009130	6611
normalize	PVP01_0005980	6612
normalize	PVP01_0010420	6613
normalize	PVP01_0000740	6614
normalize	PVP01_0000750	6615
normalize	PVP01_0007200	6616
normalize	PVP01_0003180	6617
normalize	PVP01_0009290	6618
normalize	PVP01_0010790	6619
normalize	PVP01_0218600	6620
normalize	PVP01_0218800	6621
normalize	PVP01_0101000	6622
normalize	PVP01_1035350	6623
normalize	PVP01_0008940	6624
normalize	PVP01_0007090	6625
normalize	PVP01_0009650	6626
normalize	PVP01_0009570	6627
normalize	PVP01_0009580	6628
normalize	PVP01_0009610	6629
normalize	PVP01_0009120	6630
normalize	PVP01_0011000	6631
normalize	PVP01_0006600	6632
normalize	PVP01_0009520	6633
normalize	PVP01_0007460	6634
normalize	PVP01_0008400	6635
normalize	PVP01_0008430	6636
normalize	PVP01_0008440	6637
normalize	PVP01_0010360	6638
normalize	PVP01_0010770	6639
normalize	PVP01_0010410	6640
normalize	PVP01_0006200	6641
normalize	PVP01_0006210	6642
normalize	PVP01_0002150	6643
normalize	PVP01_0002280	6644
normalize	PVP01_0002300	6645
normalize	PVP01_0010650	6646
normalize	PVP01_0010350	6647
normalize	PVP01_0004710	6648
normalize	PVP01_0004750	6649
normalize	PVP01_0004770	6650
normalize	PVP01_0006830	6651
normalize	PVP01_0006910	6652
normalize	PVP01_0007480	6653
normalize	PVP01_0007490	6654
normalize	PVP01_0007580	6655
normalize	PVP01_0007930	6656
normalize	PVP01_0007940	6657
normalize	PVP01_0007980	6658
normalize	PVP01_0005850	6659
normalize	PVP01_0010160	6660
normalize	PVP01_0007250	6661
normalize	PVP01_0007300	6662
normalize	PVP01_0007350	6663
normalize	PVP01_0010930	6664
normalize	PVP01_0000520	6665
normalize	PVP01_0000690	6666
normalize	PVP01_0000700	6667
normalize	PVP01_0000910	6668
normalize	PVP01_0001180	6669
normalize	PVP01_0001240	6670
normalize	PVP01_0001260	6671
normalize	PVP01_0001270	6672
normalize	PVP01_0001300	6673
normalize	PVP01_0001550	6674
normalize	PVP01_0008080	6675
normalize	PVP01_0001650	6676
normalize	PVP01_0001660	6677
normalize	PVP01_0001740	6678
normalize	PVP01_0001770	6679
normalize	PVP01_0001780	6680
normalize	PVP01_0001940	6681
normalize	PVP01_0001950	6682
normalize	PVP01_0002010	6683
normalize	PVP01_0002020	6684
normalize	PVP01_0007130	6685
normalize	PVP01_0007140	6686
normalize	PVP01_0007190	6687
normalize	PVP01_0010310	6688
normalize	PVP01_0004530	6689
normalize	PVP01_0004560	6690
normalize	PVP01_0004630	6691
normalize	PVP01_0004660	6692
normalize	PVP01_0003250	6693
normalize	PVP01_0003300	6694
normalize	PVP01_0010080	6695
normalize	PVP01_0003360	6696
normalize	PVP01_0003370	6697
normalize	PVP01_0003380	6698
normalize	PVP01_0003390	6699
normalize	PVP01_0003400	6700
normalize	PVP01_0003440	6701
normalize	PVP01_0003450	6702
normalize	PVP01_0008660	6703
normalize	PVP01_0008680	6704
normalize	PVP01_0006430	6705
normalize	PVP01_0006450	6706
normalize	PVP01_0006490	6707
normalize	PVP01_0008980	6708
normalize	PVP01_0007790	6709
normalize	PVP01_0010900	6710
normalize	PVP01_0008130	6711
normalize	PVP01_0003790	6712
normalize	PVP01_0003830	6713
normalize	PVP01_0003850	6714
normalize	PVP01_0003880	6715
normalize	PVP01_0006670	6716
normalize	PVP01_0006680	6717
normalize	PVP01_0006730	6718
normalize	PVP01_0008890	6719
normalize	PVP01_0008910	6720
normalize	PVP01_0010520	6721
normalize	PVP01_0009110	6722
normalize	PVP01_0008350	6723
normalize	PVP01_0004940	6724
normalize	PVP01_0005050	6725
normalize	PVP01_0005090	6726
normalize	PVP01_0005100	6727
normalize	PVP01_0005110	6728
normalize	PVP01_0010560	6729
normalize	PVP01_0009320	6730
normalize	PVP01_0009830	6731
normalize	PVP01_0002730	6732
normalize	PVP01_0002840	6733
normalize	PVP01_0002870	6734
normalize	PVP01_0002880	6735
normalize	PVP01_0002890	6736
normalize	PVP01_0002920	6737
normalize	PVP01_0002960	6738
normalize	PVP01_0002970	6739
normalize	PVP01_0003020	6740
normalize	PVP01_0009970	6741
normalize	PVP01_0004160	6742
normalize	PVP01_0002480	6743
normalize	PVP01_0002590	6744
normalize	PVP01_0002620	6745
normalize	PVP01_0002650	6746
normalize	PVP01_0002660	6747
normalize	PVP01_0002690	6748
normalize	PVP01_0002700	6749
normalize	PVP01_0011110	6750
normalize	PVP01_0010960	6751
normalize	PVP01_0010720	6752
normalize	PVP01_0010700	6753
normalize	PVP01_0005470	6754
normalize	PVP01_0005600	6755
normalize	PVP01_0005670	6756
normalize	PVP01_0007020	6757
normalize	PVP01_0007050	6758
normalize	PVP01_0007100	6759
normalize	PVP01_0009910	6760
normalize	PVP01_0009920	6761
normalize	PVP01_0009780	6762
normalize	PVP01_0008460	6763
normalize	PVP01_0008510	6764
normalize	PVP01_0005350	6765
normalize	PVP01_0010800	6766
normalize	PVP01_0010950	6767
normalize	PVP01_0010180	6768
normalize	PVP01_0217800	6769
normalize	PVP01_0218500	6770
normalize	PVP01_0219000	6771
normalize	PVP01_0219100	6772
normalize	PVP01_0219500	6773
normalize	PVP01_0221500	6774
normalize	PVP01_0101100	6775
normalize	PVP01_0101200	6776
normalize	PVP01_0101300	6777
normalize	PVP01_0101400	6778
normalize	PVP01_0101500	6779
normalize	PVP01_0101600	6780
normalize	PVP01_0101700	6781
normalize	PVP01_0101800	6782
normalize	PVP01_0101900	6783
normalize	PVP01_0102000	6784
normalize	PVP01_0102100	6785
normalize	PVP01_0102200	6786
normalize	PVP01_0102300	6787
normalize	PVP01_0102400	6788
normalize	PVP01_0120700	6789
normalize	PVP01_1000900	6790
normalize	PVP01_1035300	6791
normalize	PVP01_1036100	6792
normalize	PVP01_1451250	6793
normalize	PVP01_0900200	6794
normalize	PVP01_0900800	6795
normalize	PVP01_0900850	6796
normalize	PVP01_0900900	6797
normalize	PVP01_0902700	6798
normalize	PVP01_0903000	6799
normalize	PVP01_0910300	6800
normalize	PVP01_0910400	6801
normalize	PVP01_0910500	6802
normalize	PVP01_0400600	6803
normalize	PVP01_0401000	6804
normalize	PVP01_0401100	6805
normalize	PVP01_0401200	6806
normalize	PVP01_0401700	6807
normalize	PVP01_0401900	6808
normalize	PVP01_0402800	6809
normalize	PVP01_1324900	6810
normalize	PVP01_1325000	6811
normalize	PVP01_1346300	6812
normalize	PVP01_1200700	6813
normalize	PVP01_1203400	6814
normalize	PVP01_1213500	6815
normalize	PVP01_1266800	6816
normalize	PVP01_1273500	6817
normalize	PVP01_1273800	6818
normalize	PVP01_1274700	6819
normalize	PVP01_API00300	6820
normalize	PVP01_API00600	6821
normalize	PVP01_API00700	6822
normalize	PVP01_API00800	6823
normalize	PVP01_API00900	6824
normalize	PVP01_API01000	6825
normalize	PVP01_API03100	6826
normalize	PVP01_API03200	6827
normalize	PVP01_API03800	6828
normalize	PVP01_API04900	6829
normalize	PVP01_API05000	6830
normalize	PVP01_0833300	6831
normalize	PVP01_0840400	6832
normalize	PVP01_0840500	6833
normalize	PVP01_0840750	6834
normalize	PVP01_0500500	6835
normalize	PVP01_0502000	6836
normalize	PVP01_0502200	6837
normalize	PVP01_0502300	6838
normalize	PVP01_0502400	6839
normalize	PVP01_0502500	6840
normalize	PVP01_0535100	6841
normalize	PVP01_0736200	6842
normalize	PVP01_0736800	6843
normalize	PVP01_0738200	6844
normalize	PVP01_0738400	6845
normalize	PVP01_0738500	6846
normalize	PVP01_0739050	6847
normalize	PVP01_0739250	6848
normalize	PVP01_0119100	6849
normalize	PVP01_0202700	6850
normalize	PVP01_0202800	6851
normalize	PVP01_0202900	6852
normalize	PVP01_0504500	6853
normalize	PVP01_0504600	6854
normalize	PVP01_0504700	6855
normalize	PVP01_0622800	6856
normalize	PVP01_0801900	6857
normalize	PVP01_API04800	6858
normalize	PVP01_MIT00400	6859
normalize	PVP01_0010550	6860
normalize	PVP01_0119000	6861
normalize	PVP01_1330200	6862
normalize	PVP01_1330400	6863
normalize	PVP01_MIT00200	6864
normalize	PVP01_MIT00300	6865
normalize	PVP01_MIT00500	6866
normalize	PVP01_MIT00800	6867
normalize	PVP01_MIT00900	6868
normalize	PVP01_MIT01200	6869
normalize	PVP01_MIT01500	6870
normalize	PVP01_MIT02200	6871
normalize	PVP01_MIT03000	6872
normalize	PVP01_MIT03100	6873
normalize	PVP01_MIT03200	6874
normalize	PVP01_0802000	6875
normalize	PVP01_MIT00600	6876
normalize	PVP01_MIT01400	6877
normalize	PVP01_MIT02400	6878
normalize	PVP01_MIT02800	6879
normalize	PVP01_MIT03500	6880
normalize	PVP01_0622900	6881
normalize	PVP01_MIT00100	6882
normalize	PVP01_MIT00700	6883
normalize	PVP01_MIT01300	6884
normalize	PVP01_MIT02600	6885
normalize	PVP01_API05500	6886
normalize	PVP01_MIT02300	6887
normalize	PVP01_1330300	6888
normalize	PVP01_MIT01600	6889
normalize	PVP01_MIT02900	6890
normalize	PVP01_MIT01000	6891
normalize	PVP01_MIT01100	6892
normalize	PVP01_MIT01700	6893
normalize	PVP01_MIT01800	6894
normalize	PVP01_MIT01900	6895
normalize	PVP01_MIT02000	6896
normalize	PVP01_MIT02500	6897
scale	study_pmid	1
scale	run_id	2
scale	study_label	3
scale	num_srr	4
scale	pub_year	5
scale	geographic_location	6
scale	sc_technology	7
scale	sequencer	8
scale	host_species	9
scale	host_id	10
scale	sample_type	11
scale	parasite_stage	12
scale	strain	13
scale	day_post_infection	14
scale	treatment	15
scale	biological_replicate	16
scale	barcode	17
scale	liver_form	18
scale	goegraphic_location	19
scale	sequncer	20
scale	refine_state	21
scale	hour_post_invasion	22
scale	life_cycle_stage	23
scale	seurat_clusters	24
scale	pred_gametocyte	25
scale	umap_u_1	26
scale	umap_u_2	27
scale	umap_u_3	28
scale	umap_i_1	29
scale	umap_i_2	30
scale	umap_i_3	31
scale	pca_u_1	32
scale	pca_u_2	33
scale	pca_u_3	34
scale	pca_i_1	35
scale	pca_i_2	36
scale	pca_i_3	37
scale	PVP01_0004350	38
scale	PVP01_0002050	39
scale	PVP01_0010200	40
scale	PVP01_0203300	41
scale	PVP01_0203800	42
scale	PVP01_0203900	43
scale	PVP01_0204500	44
scale	PVP01_0204900	45
scale	PVP01_0205000	46
scale	PVP01_0205100	47
scale	PVP01_0205500	48
scale	PVP01_0205900	49
scale	PVP01_0206000	50
scale	PVP01_0206100	51
scale	PVP01_0206400	52
scale	PVP01_0207700	53
scale	PVP01_0208500	54
scale	PVP01_0208800	55
scale	PVP01_0208900	56
scale	PVP01_0209000	57
scale	PVP01_0209700	58
scale	PVP01_0210500	59
scale	PVP01_0210600	60
scale	PVP01_0210700	61
scale	PVP01_0211000	62
scale	PVP01_0211200	63
scale	PVP01_0214300	64
scale	PVP01_0214500	65
scale	PVP01_0214700	66
scale	PVP01_0215300	67
scale	PVP01_0215400	68
scale	PVP01_0215500	69
scale	PVP01_0216000	70
scale	PVP01_0216100	71
scale	PVP01_0216200	72
scale	PVP01_0103400	73
scale	PVP01_0103800	74
scale	PVP01_0103900	75
scale	PVP01_0104100	76
scale	PVP01_0104600	77
scale	PVP01_0104700	78
scale	PVP01_0104800	79
scale	PVP01_0105300	80
scale	PVP01_0105500	81
scale	PVP01_0105900	82
scale	PVP01_0106000	83
scale	PVP01_0106300	84
scale	PVP01_0106400	85
scale	PVP01_0106500	86
scale	PVP01_0106600	87
scale	PVP01_0107400	88
scale	PVP01_0107500	89
scale	PVP01_0108100	90
scale	PVP01_0108400	91
scale	PVP01_0108800	92
scale	PVP01_0109000	93
scale	PVP01_0109300	94
scale	PVP01_0109500	95
scale	PVP01_0109600	96
scale	PVP01_0109700	97
scale	PVP01_0110200	98
scale	PVP01_0111200	99
scale	PVP01_0111300	100
scale	PVP01_0111500	101
scale	PVP01_0112200	102
scale	PVP01_0113400	103
scale	PVP01_0113600	104
scale	PVP01_0113900	105
scale	PVP01_0114000	106
scale	PVP01_0114100	107
scale	PVP01_0114800	108
scale	PVP01_0115000	109
scale	PVP01_0115300	110
scale	PVP01_0115400	111
scale	PVP01_0116100	112
scale	PVP01_0116300	113
scale	PVP01_0116600	114
scale	PVP01_0116800	115
scale	PVP01_0116900	116
scale	PVP01_0117000	117
scale	PVP01_0117300	118
scale	PVP01_0117400	119
scale	PVP01_0117500	120
scale	PVP01_0117600	121
scale	PVP01_0117700	122
scale	PVP01_0117800	123
scale	PVP01_0117900	124
scale	PVP01_0118300	125
scale	PVP01_0118600	126
scale	PVP01_0118800	127
scale	PVP01_1002900	128
scale	PVP01_1003100	129
scale	PVP01_1003200	130
scale	PVP01_1003600	131
scale	PVP01_1003700	132
scale	PVP01_1003900	133
scale	PVP01_1004500	134
scale	PVP01_1004800	135
scale	PVP01_1005200	136
scale	PVP01_1005400	137
scale	PVP01_1005500	138
scale	PVP01_1006100	139
scale	PVP01_1006300	140
scale	PVP01_1006400	141
scale	PVP01_1006500	142
scale	PVP01_1007100	143
scale	PVP01_1007700	144
scale	PVP01_1007800	145
scale	PVP01_1008000	146
scale	PVP01_1008100	147
scale	PVP01_1008500	148
scale	PVP01_1008600	149
scale	PVP01_1008700	150
scale	PVP01_1008900	151
scale	PVP01_1009200	152
scale	PVP01_1009300	153
scale	PVP01_1010000	154
scale	PVP01_1011300	155
scale	PVP01_1011400	156
scale	PVP01_1011500	157
scale	PVP01_1012000	158
scale	PVP01_1012600	159
scale	PVP01_1013100	160
scale	PVP01_1013800	161
scale	PVP01_1015000	162
scale	PVP01_1015100	163
scale	PVP01_1016600	164
scale	PVP01_1017300	165
scale	PVP01_1018200	166
scale	PVP01_1018300	167
scale	PVP01_1018400	168
scale	PVP01_1018500	169
scale	PVP01_1019100	170
scale	PVP01_1019300	171
scale	PVP01_1020000	172
scale	PVP01_1020200	173
scale	PVP01_1020700	174
scale	PVP01_1020800	175
scale	PVP01_1022300	176
scale	PVP01_1022400	177
scale	PVP01_1022900	178
scale	PVP01_1023000	179
scale	PVP01_1023800	180
scale	PVP01_1024100	181
scale	PVP01_1024300	182
scale	PVP01_1024400	183
scale	PVP01_1024700	184
scale	PVP01_1025000	185
scale	PVP01_1025500	186
scale	PVP01_1025700	187
scale	PVP01_1026100	188
scale	PVP01_1026800	189
scale	PVP01_1027000	190
scale	PVP01_1027200	191
scale	PVP01_1027800	192
scale	PVP01_1028000	193
scale	PVP01_1028100	194
scale	PVP01_1028200	195
scale	PVP01_1028400	196
scale	PVP01_1028500	197
scale	PVP01_1028800	198
scale	PVP01_1029700	199
scale	PVP01_1029800	200
scale	PVP01_1029900	201
scale	PVP01_1030500	202
scale	PVP01_1030700	203
scale	PVP01_1030900	204
scale	PVP01_1031000	205
scale	PVP01_1031400	206
scale	PVP01_1031700	207
scale	PVP01_1031800	208
scale	PVP01_1032000	209
scale	PVP01_1032600	210
scale	PVP01_1032700	211
scale	PVP01_1032800	212
scale	PVP01_1032900	213
scale	PVP01_1033000	214
scale	PVP01_1033200	215
scale	PVP01_1403200	216
scale	PVP01_1403400	217
scale	PVP01_1403600	218
scale	PVP01_1405000	219
scale	PVP01_1406500	220
scale	PVP01_1406700	221
scale	PVP01_1407100	222
scale	PVP01_1408200	223
scale	PVP01_1408500	224
scale	PVP01_1408900	225
scale	PVP01_1409400	226
scale	PVP01_1409600	227
scale	PVP01_1409900	228
scale	PVP01_1410400	229
scale	PVP01_1410500	230
scale	PVP01_1410800	231
scale	PVP01_1410900	232
scale	PVP01_1411000	233
scale	PVP01_1411200	234
scale	PVP01_1411700	235
scale	PVP01_1411800	236
scale	PVP01_1412600	237
scale	PVP01_1412800	238
scale	PVP01_1413000	239
scale	PVP01_1413200	240
scale	PVP01_1413700	241
scale	PVP01_1414500	242
scale	PVP01_1415800	243
scale	PVP01_1416100	244
scale	PVP01_1416800	245
scale	PVP01_1416900	246
scale	PVP01_1417100	247
scale	PVP01_1417200	248
scale	PVP01_1417300	249
scale	PVP01_1417400	250
scale	PVP01_1417700	251
scale	PVP01_1419500	252
scale	PVP01_1419600	253
scale	PVP01_1419700	254
scale	PVP01_1419800	255
scale	PVP01_1420400	256
scale	PVP01_1420500	257
scale	PVP01_1420600	258
scale	PVP01_1420900	259
scale	PVP01_1421400	260
scale	PVP01_1421700	261
scale	PVP01_1422000	262
scale	PVP01_1422100	263
scale	PVP01_1422900	264
scale	PVP01_1423100	265
scale	PVP01_1423600	266
scale	PVP01_1424100	267
scale	PVP01_1424500	268
scale	PVP01_1425600	269
scale	PVP01_1425700	270
scale	PVP01_1425800	271
scale	PVP01_1425900	272
scale	PVP01_1426200	273
scale	PVP01_1426300	274
scale	PVP01_1427100	275
scale	PVP01_1427200	276
scale	PVP01_1427500	277
scale	PVP01_1427700	278
scale	PVP01_1428700	279
scale	PVP01_1429400	280
scale	PVP01_1429500	281
scale	PVP01_1429700	282
scale	PVP01_1429800	283
scale	PVP01_1429900	284
scale	PVP01_1430200	285
scale	PVP01_1430300	286
scale	PVP01_1430400	287
scale	PVP01_1430500	288
scale	PVP01_1431000	289
scale	PVP01_1431300	290
scale	PVP01_1431400	291
scale	PVP01_1431500	292
scale	PVP01_1432000	293
scale	PVP01_1432200	294
scale	PVP01_1432500	295
scale	PVP01_1432900	296
scale	PVP01_1433400	297
scale	PVP01_1433600	298
scale	PVP01_1434400	299
scale	PVP01_1434500	300
scale	PVP01_1434900	301
scale	PVP01_1435200	302
scale	PVP01_1435900	303
scale	PVP01_1436100	304
scale	PVP01_1436500	305
scale	PVP01_1436600	306
scale	PVP01_1436800	307
scale	PVP01_1436900	308
scale	PVP01_1437000	309
scale	PVP01_1437800	310
scale	PVP01_1438000	311
scale	PVP01_1438100	312
scale	PVP01_1439000	313
scale	PVP01_1439100	314
scale	PVP01_1439600	315
scale	PVP01_1439700	316
scale	PVP01_1440100	317
scale	PVP01_1440200	318
scale	PVP01_1440300	319
scale	PVP01_1440500	320
scale	PVP01_1440700	321
scale	PVP01_1440800	322
scale	PVP01_1440900	323
scale	PVP01_1441000	324
scale	PVP01_1441100	325
scale	PVP01_1441200	326
scale	PVP01_1441300	327
scale	PVP01_1442200	328
scale	PVP01_1443200	329
scale	PVP01_1444200	330
scale	PVP01_1444500	331
scale	PVP01_1444600	332
scale	PVP01_1444800	333
scale	PVP01_1445800	334
scale	PVP01_1446200	335
scale	PVP01_1446600	336
scale	PVP01_1446800	337
scale	PVP01_1448000	338
scale	PVP01_1448200	339
scale	PVP01_1448400	340
scale	PVP01_1448500	341
scale	PVP01_1448900	342
scale	PVP01_1449300	343
scale	PVP01_1449400	344
scale	PVP01_1449600	345
scale	PVP01_1450000	346
scale	PVP01_1450400	347
scale	PVP01_1450600	348
scale	PVP01_1451000	349
scale	PVP01_1451300	350
scale	PVP01_1451500	351
scale	PVP01_1452300	352
scale	PVP01_1452800	353
scale	PVP01_1452900	354
scale	PVP01_1453900	355
scale	PVP01_1454200	356
scale	PVP01_1454300	357
scale	PVP01_1454500	358
scale	PVP01_1454900	359
scale	PVP01_1456100	360
scale	PVP01_1456200	361
scale	PVP01_1456300	362
scale	PVP01_1456400	363
scale	PVP01_1456600	364
scale	PVP01_1456700	365
scale	PVP01_1456800	366
scale	PVP01_1456900	367
scale	PVP01_1457000	368
scale	PVP01_1457100	369
scale	PVP01_1457400	370
scale	PVP01_1457800	371
scale	PVP01_1458500	372
scale	PVP01_1458600	373
scale	PVP01_1459100	374
scale	PVP01_1460500	375
scale	PVP01_1460900	376
scale	PVP01_1461000	377
scale	PVP01_1461500	378
scale	PVP01_1461600	379
scale	PVP01_1462100	380
scale	PVP01_1462200	381
scale	PVP01_1462500	382
scale	PVP01_1462600	383
scale	PVP01_1462900	384
scale	PVP01_1463200	385
scale	PVP01_1463300	386
scale	PVP01_1463400	387
scale	PVP01_1463500	388
scale	PVP01_1463600	389
scale	PVP01_1463900	390
scale	PVP01_1464000	391
scale	PVP01_1464800	392
scale	PVP01_1464900	393
scale	PVP01_1465600	394
scale	PVP01_1465800	395
scale	PVP01_1466300	396
scale	PVP01_1466700	397
scale	PVP01_1466800	398
scale	PVP01_1466900	399
scale	PVP01_1467200	400
scale	PVP01_1467500	401
scale	PVP01_1467800	402
scale	PVP01_1468200	403
scale	PVP01_0903800	404
scale	PVP01_0903900	405
scale	PVP01_0904800	406
scale	PVP01_0905200	407
scale	PVP01_0905700	408
scale	PVP01_0905900	409
scale	PVP01_0906000	410
scale	PVP01_0906400	411
scale	PVP01_0906500	412
scale	PVP01_0906800	413
scale	PVP01_0907600	414
scale	PVP01_0907800	415
scale	PVP01_0908200	416
scale	PVP01_0908600	417
scale	PVP01_0908900	418
scale	PVP01_0909300	419
scale	PVP01_0909900	420
scale	PVP01_0910200	421
scale	PVP01_0910700	422
scale	PVP01_0911500	423
scale	PVP01_0912100	424
scale	PVP01_0912200	425
scale	PVP01_0912400	426
scale	PVP01_0912500	427
scale	PVP01_0913000	428
scale	PVP01_0913100	429
scale	PVP01_0913400	430
scale	PVP01_0913600	431
scale	PVP01_0913700	432
scale	PVP01_0914200	433
scale	PVP01_0914900	434
scale	PVP01_0915000	435
scale	PVP01_0915700	436
scale	PVP01_0915900	437
scale	PVP01_0916000	438
scale	PVP01_0916100	439
scale	PVP01_0916500	440
scale	PVP01_0916600	441
scale	PVP01_0917000	442
scale	PVP01_0917100	443
scale	PVP01_0917200	444
scale	PVP01_0917300	445
scale	PVP01_0917400	446
scale	PVP01_0917500	447
scale	PVP01_0917600	448
scale	PVP01_0918000	449
scale	PVP01_0918300	450
scale	PVP01_0918600	451
scale	PVP01_0918700	452
scale	PVP01_0918800	453
scale	PVP01_0919400	454
scale	PVP01_0919600	455
scale	PVP01_0919800	456
scale	PVP01_0920300	457
scale	PVP01_0920400	458
scale	PVP01_0920500	459
scale	PVP01_0920600	460
scale	PVP01_0920900	461
scale	PVP01_0921000	462
scale	PVP01_0921100	463
scale	PVP01_0921200	464
scale	PVP01_0921300	465
scale	PVP01_0921700	466
scale	PVP01_0922000	467
scale	PVP01_0922100	468
scale	PVP01_0922200	469
scale	PVP01_0922900	470
scale	PVP01_0923300	471
scale	PVP01_0923400	472
scale	PVP01_0923600	473
scale	PVP01_0924500	474
scale	PVP01_0924600	475
scale	PVP01_0924900	476
scale	PVP01_0925000	477
scale	PVP01_0925700	478
scale	PVP01_0925900	479
scale	PVP01_0926200	480
scale	PVP01_0926400	481
scale	PVP01_0926500	482
scale	PVP01_0926800	483
scale	PVP01_0927400	484
scale	PVP01_0927500	485
scale	PVP01_0927700	486
scale	PVP01_0928200	487
scale	PVP01_0928300	488
scale	PVP01_0928600	489
scale	PVP01_0929300	490
scale	PVP01_0929600	491
scale	PVP01_0929800	492
scale	PVP01_0930000	493
scale	PVP01_0930600	494
scale	PVP01_0930700	495
scale	PVP01_0931200	496
scale	PVP01_0931300	497
scale	PVP01_0932100	498
scale	PVP01_0932200	499
scale	PVP01_0933500	500
scale	PVP01_0933700	501
scale	PVP01_0934100	502
scale	PVP01_0934200	503
scale	PVP01_0935000	504
scale	PVP01_0935500	505
scale	PVP01_0935800	506
scale	PVP01_0935900	507
scale	PVP01_0936000	508
scale	PVP01_0936800	509
scale	PVP01_0937000	510
scale	PVP01_0937100	511
scale	PVP01_0937800	512
scale	PVP01_0938000	513
scale	PVP01_0938600	514
scale	PVP01_0938900	515
scale	PVP01_0939700	516
scale	PVP01_0940200	517
scale	PVP01_0940400	518
scale	PVP01_0940900	519
scale	PVP01_0941000	520
scale	PVP01_0941100	521
scale	PVP01_0942000	522
scale	PVP01_0942300	523
scale	PVP01_0942500	524
scale	PVP01_0943700	525
scale	PVP01_0943800	526
scale	PVP01_0944100	527
scale	PVP01_0944700	528
scale	PVP01_0945000	529
scale	PVP01_0945100	530
scale	PVP01_0945500	531
scale	PVP01_0945900	532
scale	PVP01_0946000	533
scale	PVP01_0946100	534
scale	PVP01_0946800	535
scale	PVP01_0946900	536
scale	PVP01_0947300	537
scale	PVP01_0947400	538
scale	PVP01_0947500	539
scale	PVP01_0947800	540
scale	PVP01_0948000	541
scale	PVP01_0948400	542
scale	PVP01_0405300	543
scale	PVP01_0405500	544
scale	PVP01_0405600	545
scale	PVP01_0405800	546
scale	PVP01_0406200	547
scale	PVP01_0407200	548
scale	PVP01_0407500	549
scale	PVP01_0407600	550
scale	PVP01_0407800	551
scale	PVP01_0408100	552
scale	PVP01_0409500	553
scale	PVP01_0409900	554
scale	PVP01_0410000	555
scale	PVP01_0410200	556
scale	PVP01_0410300	557
scale	PVP01_0411300	558
scale	PVP01_0411800	559
scale	PVP01_0412200	560
scale	PVP01_0412300	561
scale	PVP01_0412500	562
scale	PVP01_0412600	563
scale	PVP01_0412800	564
scale	PVP01_0412900	565
scale	PVP01_0413000	566
scale	PVP01_0414100	567
scale	PVP01_0414200	568
scale	PVP01_0414300	569
scale	PVP01_0415800	570
scale	PVP01_0416000	571
scale	PVP01_0416800	572
scale	PVP01_0417100	573
scale	PVP01_0417200	574
scale	PVP01_0417300	575
scale	PVP01_0418100	576
scale	PVP01_0418300	577
scale	PVP01_0418900	578
scale	PVP01_0419400	579
scale	PVP01_0420500	580
scale	PVP01_0420600	581
scale	PVP01_0420800	582
scale	PVP01_0420900	583
scale	PVP01_0421300	584
scale	PVP01_0421800	585
scale	PVP01_0421900	586
scale	PVP01_0422100	587
scale	PVP01_0422200	588
scale	PVP01_0422300	589
scale	PVP01_0422500	590
scale	PVP01_0422600	591
scale	PVP01_0422800	592
scale	PVP01_1300700	593
scale	PVP01_1300800	594
scale	PVP01_1300900	595
scale	PVP01_1301000	596
scale	PVP01_1301400	597
scale	PVP01_1301500	598
scale	PVP01_1301700	599
scale	PVP01_1302200	600
scale	PVP01_1302400	601
scale	PVP01_1302600	602
scale	PVP01_1302700	603
scale	PVP01_1302800	604
scale	PVP01_1303100	605
scale	PVP01_1303300	606
scale	PVP01_1303500	607
scale	PVP01_1303600	608
scale	PVP01_1304300	609
scale	PVP01_1304600	610
scale	PVP01_1305400	611
scale	PVP01_1305500	612
scale	PVP01_1305600	613
scale	PVP01_1306200	614
scale	PVP01_1307300	615
scale	PVP01_1307600	616
scale	PVP01_1307800	617
scale	PVP01_1308500	618
scale	PVP01_1308600	619
scale	PVP01_1309000	620
scale	PVP01_1309200	621
scale	PVP01_1309300	622
scale	PVP01_1309400	623
scale	PVP01_1309700	624
scale	PVP01_1310100	625
scale	PVP01_1310200	626
scale	PVP01_1310400	627
scale	PVP01_1310500	628
scale	PVP01_1311000	629
scale	PVP01_1311400	630
scale	PVP01_1312300	631
scale	PVP01_1312400	632
scale	PVP01_1313200	633
scale	PVP01_1313300	634
scale	PVP01_1313400	635
scale	PVP01_1313900	636
scale	PVP01_1314100	637
scale	PVP01_1314200	638
scale	PVP01_1314300	639
scale	PVP01_1315200	640
scale	PVP01_1315400	641
scale	PVP01_1316000	642
scale	PVP01_1316200	643
scale	PVP01_1316600	644
scale	PVP01_1317000	645
scale	PVP01_1317100	646
scale	PVP01_1317500	647
scale	PVP01_1317700	648
scale	PVP01_1318100	649
scale	PVP01_1318300	650
scale	PVP01_1318400	651
scale	PVP01_1318600	652
scale	PVP01_1319200	653
scale	PVP01_1319500	654
scale	PVP01_1320900	655
scale	PVP01_1321100	656
scale	PVP01_1321200	657
scale	PVP01_1321900	658
scale	PVP01_1322000	659
scale	PVP01_1322300	660
scale	PVP01_1323100	661
scale	PVP01_1323200	662
scale	PVP01_1323800	663
scale	PVP01_1324600	664
scale	PVP01_1324800	665
scale	PVP01_1325300	666
scale	PVP01_1325500	667
scale	PVP01_1325700	668
scale	PVP01_1325800	669
scale	PVP01_1326000	670
scale	PVP01_1326400	671
scale	PVP01_1326800	672
scale	PVP01_1327300	673
scale	PVP01_1327500	674
scale	PVP01_1327800	675
scale	PVP01_1329300	676
scale	PVP01_1329900	677
scale	PVP01_1330800	678
scale	PVP01_1330900	679
scale	PVP01_1331400	680
scale	PVP01_1331500	681
scale	PVP01_1331700	682
scale	PVP01_1332000	683
scale	PVP01_1332300	684
scale	PVP01_1332600	685
scale	PVP01_1333600	686
scale	PVP01_1333800	687
scale	PVP01_1334100	688
scale	PVP01_1335200	689
scale	PVP01_1335300	690
scale	PVP01_1335700	691
scale	PVP01_1336000	692
scale	PVP01_1336300	693
scale	PVP01_1337700	694
scale	PVP01_1337800	695
scale	PVP01_1337900	696
scale	PVP01_1338100	697
scale	PVP01_1338400	698
scale	PVP01_1338500	699
scale	PVP01_1339600	700
scale	PVP01_1339700	701
scale	PVP01_1339900	702
scale	PVP01_1341100	703
scale	PVP01_1341500	704
scale	PVP01_1341700	705
scale	PVP01_1341800	706
scale	PVP01_1341900	707
scale	PVP01_1342000	708
scale	PVP01_1342200	709
scale	PVP01_1344000	710
scale	PVP01_1344100	711
scale	PVP01_1344200	712
scale	PVP01_1344300	713
scale	PVP01_1344800	714
scale	PVP01_1345100	715
scale	PVP01_1345200	716
scale	PVP01_1345600	717
scale	PVP01_1345700	718
scale	PVP01_1346400	719
scale	PVP01_1346700	720
scale	PVP01_1346800	721
scale	PVP01_1347200	722
scale	PVP01_1202700	723
scale	PVP01_1202800	724
scale	PVP01_1202900	725
scale	PVP01_1203000	726
scale	PVP01_1203100	727
scale	PVP01_1203500	728
scale	PVP01_1203600	729
scale	PVP01_1203700	730
scale	PVP01_1203900	731
scale	PVP01_1204100	732
scale	PVP01_1204300	733
scale	PVP01_1204400	734
scale	PVP01_1204500	735
scale	PVP01_1204600	736
scale	PVP01_1205700	737
scale	PVP01_1205900	738
scale	PVP01_1206200	739
scale	PVP01_1206400	740
scale	PVP01_1207900	741
scale	PVP01_1208000	742
scale	PVP01_1208500	743
scale	PVP01_1209700	744
scale	PVP01_1209800	745
scale	PVP01_1210000	746
scale	PVP01_1210500	747
scale	PVP01_1211000	748
scale	PVP01_1211100	749
scale	PVP01_1211700	750
scale	PVP01_1212100	751
scale	PVP01_1212200	752
scale	PVP01_1212300	753
scale	PVP01_1213900	754
scale	PVP01_1214100	755
scale	PVP01_1215500	756
scale	PVP01_1217300	757
scale	PVP01_1217700	758
scale	PVP01_1218100	759
scale	PVP01_1219300	760
scale	PVP01_1219400	761
scale	PVP01_1220200	762
scale	PVP01_1220300	763
scale	PVP01_1220600	764
scale	PVP01_1220900	765
scale	PVP01_1222300	766
scale	PVP01_1222500	767
scale	PVP01_1222600	768
scale	PVP01_1222700	769
scale	PVP01_1223000	770
scale	PVP01_1223200	771
scale	PVP01_1223500	772
scale	PVP01_1223600	773
scale	PVP01_1223700	774
scale	PVP01_1223800	775
scale	PVP01_1224000	776
scale	PVP01_1224100	777
scale	PVP01_1224200	778
scale	PVP01_1224700	779
scale	PVP01_1225000	780
scale	PVP01_1225200	781
scale	PVP01_1226000	782
scale	PVP01_1226100	783
scale	PVP01_1227000	784
scale	PVP01_1227100	785
scale	PVP01_1227300	786
scale	PVP01_1227500	787
scale	PVP01_1228300	788
scale	PVP01_1228800	789
scale	PVP01_1229100	790
scale	PVP01_1229300	791
scale	PVP01_1229400	792
scale	PVP01_1229600	793
scale	PVP01_1229800	794
scale	PVP01_1230100	795
scale	PVP01_1230800	796
scale	PVP01_1230900	797
scale	PVP01_1231100	798
scale	PVP01_1231500	799
scale	PVP01_1231700	800
scale	PVP01_1232200	801
scale	PVP01_1232800	802
scale	PVP01_1233200	803
scale	PVP01_1233300	804
scale	PVP01_1233400	805
scale	PVP01_1233500	806
scale	PVP01_1233900	807
scale	PVP01_1234100	808
scale	PVP01_1234400	809
scale	PVP01_1234600	810
scale	PVP01_1234900	811
scale	PVP01_1235400	812
scale	PVP01_1235700	813
scale	PVP01_1236100	814
scale	PVP01_1236200	815
scale	PVP01_1236400	816
scale	PVP01_1237000	817
scale	PVP01_1237100	818
scale	PVP01_1237400	819
scale	PVP01_1237600	820
scale	PVP01_1237700	821
scale	PVP01_1238200	822
scale	PVP01_1238300	823
scale	PVP01_1238400	824
scale	PVP01_1238500	825
scale	PVP01_1238600	826
scale	PVP01_1238900	827
scale	PVP01_1239100	828
scale	PVP01_1239300	829
scale	PVP01_1240200	830
scale	PVP01_1240300	831
scale	PVP01_1240600	832
scale	PVP01_1240800	833
scale	PVP01_1240900	834
scale	PVP01_1241200	835
scale	PVP01_1241500	836
scale	PVP01_1241900	837
scale	PVP01_1242100	838
scale	PVP01_1242200	839
scale	PVP01_1242400	840
scale	PVP01_1242800	841
scale	PVP01_1242900	842
scale	PVP01_1243100	843
scale	PVP01_1243700	844
scale	PVP01_1243900	845
scale	PVP01_1244000	846
scale	PVP01_1244300	847
scale	PVP01_1244400	848
scale	PVP01_1244700	849
scale	PVP01_1245100	850
scale	PVP01_1245500	851
scale	PVP01_1245600	852
scale	PVP01_1246100	853
scale	PVP01_1246200	854
scale	PVP01_1246400	855
scale	PVP01_1246500	856
scale	PVP01_1246600	857
scale	PVP01_1248400	858
scale	PVP01_1248900	859
scale	PVP01_1249000	860
scale	PVP01_1249700	861
scale	PVP01_1250300	862
scale	PVP01_1250500	863
scale	PVP01_1250900	864
scale	PVP01_1251000	865
scale	PVP01_1251100	866
scale	PVP01_1251500	867
scale	PVP01_1251600	868
scale	PVP01_1251800	869
scale	PVP01_1252600	870
scale	PVP01_1253100	871
scale	PVP01_1254000	872
scale	PVP01_1254100	873
scale	PVP01_1255000	874
scale	PVP01_1255300	875
scale	PVP01_1255800	876
scale	PVP01_1257300	877
scale	PVP01_1257500	878
scale	PVP01_1257900	879
scale	PVP01_1258000	880
scale	PVP01_1258300	881
scale	PVP01_1258900	882
scale	PVP01_1259200	883
scale	PVP01_1259300	884
scale	PVP01_1259400	885
scale	PVP01_1259500	886
scale	PVP01_1260300	887
scale	PVP01_1260700	888
scale	PVP01_1260800	889
scale	PVP01_1260900	890
scale	PVP01_1261300	891
scale	PVP01_1262200	892
scale	PVP01_1262300	893
scale	PVP01_1262400	894
scale	PVP01_1262800	895
scale	PVP01_1263300	896
scale	PVP01_1264000	897
scale	PVP01_1264200	898
scale	PVP01_1265700	899
scale	PVP01_1266100	900
scale	PVP01_1266200	901
scale	PVP01_1266300	902
scale	PVP01_1266400	903
scale	PVP01_1267000	904
scale	PVP01_1267200	905
scale	PVP01_1267600	906
scale	PVP01_1268300	907
scale	PVP01_1268500	908
scale	PVP01_1268600	909
scale	PVP01_1269100	910
scale	PVP01_1269500	911
scale	PVP01_1269800	912
scale	PVP01_1270300	913
scale	PVP01_1270500	914
scale	PVP01_1271100	915
scale	PVP01_0801600	916
scale	PVP01_0801700	917
scale	PVP01_0801800	918
scale	PVP01_0802500	919
scale	PVP01_0802900	920
scale	PVP01_0803200	921
scale	PVP01_0803400	922
scale	PVP01_0803500	923
scale	PVP01_0803600	924
scale	PVP01_0803800	925
scale	PVP01_0804000	926
scale	PVP01_0804200	927
scale	PVP01_0804600	928
scale	PVP01_0804800	929
scale	PVP01_0805500	930
scale	PVP01_0805700	931
scale	PVP01_0806200	932
scale	PVP01_0807000	933
scale	PVP01_0807500	934
scale	PVP01_0808300	935
scale	PVP01_0808400	936
scale	PVP01_0808800	937
scale	PVP01_0809200	938
scale	PVP01_0809600	939
scale	PVP01_0809700	940
scale	PVP01_0809800	941
scale	PVP01_0809900	942
scale	PVP01_0810500	943
scale	PVP01_0810400	944
scale	PVP01_0811100	945
scale	PVP01_0811200	946
scale	PVP01_0811300	947
scale	PVP01_0811600	948
scale	PVP01_0811900	949
scale	PVP01_0812000	950
scale	PVP01_0812100	951
scale	PVP01_0812200	952
scale	PVP01_0812400	953
scale	PVP01_0813200	954
scale	PVP01_0813400	955
scale	PVP01_0813500	956
scale	PVP01_0813800	957
scale	PVP01_0814600	958
scale	PVP01_0815000	959
scale	PVP01_0815900	960
scale	PVP01_0816000	961
scale	PVP01_0816100	962
scale	PVP01_0816200	963
scale	PVP01_0816600	964
scale	PVP01_0816700	965
scale	PVP01_0816900	966
scale	PVP01_0817100	967
scale	PVP01_0817200	968
scale	PVP01_0818000	969
scale	PVP01_0818100	970
scale	PVP01_0818600	971
scale	PVP01_0818800	972
scale	PVP01_0818900	973
scale	PVP01_0819000	974
scale	PVP01_0819200	975
scale	PVP01_0819300	976
scale	PVP01_0819600	977
scale	PVP01_0820200	978
scale	PVP01_0820400	979
scale	PVP01_0820500	980
scale	PVP01_0820800	981
scale	PVP01_0821200	982
scale	PVP01_0821300	983
scale	PVP01_0822700	984
scale	PVP01_0822900	985
scale	PVP01_0823000	986
scale	PVP01_0823400	987
scale	PVP01_0823500	988
scale	PVP01_0824100	989
scale	PVP01_0824200	990
scale	PVP01_0824700	991
scale	PVP01_0825300	992
scale	PVP01_0825500	993
scale	PVP01_0825900	994
scale	PVP01_0826000	995
scale	PVP01_0826600	996
scale	PVP01_0828600	997
scale	PVP01_0828800	998
scale	PVP01_0829700	999
scale	PVP01_0830100	1000
scale	PVP01_0830300	1001
scale	PVP01_0831000	1002
scale	PVP01_0831100	1003
scale	PVP01_0831200	1004
scale	PVP01_0831500	1005
scale	PVP01_0831900	1006
scale	PVP01_0832100	1007
scale	PVP01_0832800	1008
scale	PVP01_0832900	1009
scale	PVP01_0833100	1010
scale	PVP01_0833500	1011
scale	PVP01_0833600	1012
scale	PVP01_0833700	1013
scale	PVP01_0834700	1014
scale	PVP01_0835000	1015
scale	PVP01_0835200	1016
scale	PVP01_0835500	1017
scale	PVP01_0835600	1018
scale	PVP01_0836000	1019
scale	PVP01_0836100	1020
scale	PVP01_0836400	1021
scale	PVP01_0836700	1022
scale	PVP01_0837300	1023
scale	PVP01_0837600	1024
scale	PVP01_0837800	1025
scale	PVP01_0837900	1026
scale	PVP01_0838000	1027
scale	PVP01_1102200	1028
scale	PVP01_1102400	1029
scale	PVP01_1102700	1030
scale	PVP01_1102800	1031
scale	PVP01_1103100	1032
scale	PVP01_1103500	1033
scale	PVP01_1103700	1034
scale	PVP01_1103900	1035
scale	PVP01_1104000	1036
scale	PVP01_1104400	1037
scale	PVP01_1104700	1038
scale	PVP01_1104800	1039
scale	PVP01_1105100	1040
scale	PVP01_1105400	1041
scale	PVP01_1105500	1042
scale	PVP01_1105900	1043
scale	PVP01_1106000	1044
scale	PVP01_1108000	1045
scale	PVP01_1108300	1046
scale	PVP01_1109100	1047
scale	PVP01_1109300	1048
scale	PVP01_1109400	1049
scale	PVP01_1109800	1050
scale	PVP01_1109900	1051
scale	PVP01_1110000	1052
scale	PVP01_1110200	1053
scale	PVP01_1110600	1054
scale	PVP01_1110900	1055
scale	PVP01_1111500	1056
scale	PVP01_1111800	1057
scale	PVP01_1112300	1058
scale	PVP01_1113200	1059
scale	PVP01_1113300	1060
scale	PVP01_1113500	1061
scale	PVP01_1114000	1062
scale	PVP01_1114500	1063
scale	PVP01_1114900	1064
scale	PVP01_1115000	1065
scale	PVP01_1115100	1066
scale	PVP01_1115200	1067
scale	PVP01_1115800	1068
scale	PVP01_1115900	1069
scale	PVP01_1116300	1070
scale	PVP01_1116400	1071
scale	PVP01_1117000	1072
scale	PVP01_1117700	1073
scale	PVP01_1118000	1074
scale	PVP01_1118400	1075
scale	PVP01_1118600	1076
scale	PVP01_1118700	1077
scale	PVP01_1119200	1078
scale	PVP01_1119400	1079
scale	PVP01_1119500	1080
scale	PVP01_1119600	1081
scale	PVP01_1120000	1082
scale	PVP01_1120100	1083
scale	PVP01_1120400	1084
scale	PVP01_1121100	1085
scale	PVP01_1121200	1086
scale	PVP01_1121300	1087
scale	PVP01_1121400	1088
scale	PVP01_1121500	1089
scale	PVP01_1122000	1090
scale	PVP01_1122600	1091
scale	PVP01_1122900	1092
scale	PVP01_1123400	1093
scale	PVP01_1123500	1094
scale	PVP01_1123900	1095
scale	PVP01_1124100	1096
scale	PVP01_1124200	1097
scale	PVP01_1124300	1098
scale	PVP01_1124400	1099
scale	PVP01_1124500	1100
scale	PVP01_1124600	1101
scale	PVP01_1125100	1102
scale	PVP01_1125500	1103
scale	PVP01_1125600	1104
scale	PVP01_1125700	1105
scale	PVP01_1126500	1106
scale	PVP01_1127300	1107
scale	PVP01_1127900	1108
scale	PVP01_1128300	1109
scale	PVP01_1128500	1110
scale	PVP01_1128800	1111
scale	PVP01_1129200	1112
scale	PVP01_1129400	1113
scale	PVP01_1129600	1114
scale	PVP01_1129700	1115
scale	PVP01_1131700	1116
scale	PVP01_1131800	1117
scale	PVP01_1131900	1118
scale	PVP01_1132400	1119
scale	PVP01_1132600	1120
scale	PVP01_1132700	1121
scale	PVP01_1133000	1122
scale	PVP01_1133100	1123
scale	PVP01_1133400	1124
scale	PVP01_1133800	1125
scale	PVP01_1133900	1126
scale	PVP01_1134100	1127
scale	PVP01_1134300	1128
scale	PVP01_1134400	1129
scale	PVP01_1134500	1130
scale	PVP01_1134700	1131
scale	PVP01_1134800	1132
scale	PVP01_1135100	1133
scale	PVP01_1135300	1134
scale	PVP01_1136300	1135
scale	PVP01_1136600	1136
scale	PVP01_1137100	1137
scale	PVP01_1137600	1138
scale	PVP01_1137700	1139
scale	PVP01_1138600	1140
scale	PVP01_1138900	1141
scale	PVP01_1139200	1142
scale	PVP01_1139300	1143
scale	PVP01_1139600	1144
scale	PVP01_1140300	1145
scale	PVP01_1140800	1146
scale	PVP01_1141000	1147
scale	PVP01_1141300	1148
scale	PVP01_1141800	1149
scale	PVP01_1142500	1150
scale	PVP01_1142600	1151
scale	PVP01_1142900	1152
scale	PVP01_1143000	1153
scale	PVP01_1143100	1154
scale	PVP01_1143400	1155
scale	PVP01_1143600	1156
scale	PVP01_1144200	1157
scale	PVP01_1144700	1158
scale	PVP01_1144800	1159
scale	PVP01_1145300	1160
scale	PVP01_1145400	1161
scale	PVP01_1145600	1162
scale	PVP01_1145700	1163
scale	PVP01_1146900	1164
scale	PVP01_0601200	1165
scale	PVP01_0601600	1166
scale	PVP01_0601700	1167
scale	PVP01_0601900	1168
scale	PVP01_0602000	1169
scale	PVP01_0602200	1170
scale	PVP01_0602600	1171
scale	PVP01_0602700	1172
scale	PVP01_0602800	1173
scale	PVP01_0602900	1174
scale	PVP01_0603000	1175
scale	PVP01_0603300	1176
scale	PVP01_0603400	1177
scale	PVP01_0603500	1178
scale	PVP01_0603600	1179
scale	PVP01_0603700	1180
scale	PVP01_0603900	1181
scale	PVP01_0604300	1182
scale	PVP01_0604400	1183
scale	PVP01_0604500	1184
scale	PVP01_0604800	1185
scale	PVP01_0604900	1186
scale	PVP01_0605600	1187
scale	PVP01_0605900	1188
scale	PVP01_0606100	1189
scale	PVP01_0606400	1190
scale	PVP01_0606600	1191
scale	PVP01_0607000	1192
scale	PVP01_0607600	1193
scale	PVP01_0607900	1194
scale	PVP01_0608100	1195
scale	PVP01_0608500	1196
scale	PVP01_0608700	1197
scale	PVP01_0609000	1198
scale	PVP01_0609400	1199
scale	PVP01_0609800	1200
scale	PVP01_0609900	1201
scale	PVP01_0610000	1202
scale	PVP01_0610200	1203
scale	PVP01_0610600	1204
scale	PVP01_0610700	1205
scale	PVP01_0610800	1206
scale	PVP01_0611100	1207
scale	PVP01_0611200	1208
scale	PVP01_0611300	1209
scale	PVP01_0611400	1210
scale	PVP01_0611500	1211
scale	PVP01_0611800	1212
scale	PVP01_0612200	1213
scale	PVP01_0612400	1214
scale	PVP01_0613000	1215
scale	PVP01_0613300	1216
scale	PVP01_0613700	1217
scale	PVP01_0613800	1218
scale	PVP01_0614100	1219
scale	PVP01_0614300	1220
scale	PVP01_0614600	1221
scale	PVP01_0615000	1222
scale	PVP01_0615800	1223
scale	PVP01_0615900	1224
scale	PVP01_0616000	1225
scale	PVP01_0616200	1226
scale	PVP01_0616300	1227
scale	PVP01_0616500	1228
scale	PVP01_0616600	1229
scale	PVP01_0618800	1230
scale	PVP01_0619000	1231
scale	PVP01_0619100	1232
scale	PVP01_0619200	1233
scale	PVP01_0619500	1234
scale	PVP01_0619900	1235
scale	PVP01_0620100	1236
scale	PVP01_0620200	1237
scale	PVP01_0620300	1238
scale	PVP01_0620400	1239
scale	PVP01_0621100	1240
scale	PVP01_0621200	1241
scale	PVP01_0621600	1242
scale	PVP01_0621700	1243
scale	PVP01_0621900	1244
scale	PVP01_0622200	1245
scale	PVP01_0622300	1246
scale	PVP01_0622400	1247
scale	PVP01_0622500	1248
scale	PVP01_0622600	1249
scale	PVP01_0622700	1250
scale	PVP01_MIT02700	1251
scale	PVP01_MIT03300	1252
scale	PVP01_MIT03400	1253
scale	PVP01_0302100	1254
scale	PVP01_0302300	1255
scale	PVP01_0302400	1256
scale	PVP01_0302500	1257
scale	PVP01_0302900	1258
scale	PVP01_0303100	1259
scale	PVP01_0303600	1260
scale	PVP01_0304000	1261
scale	PVP01_0304100	1262
scale	PVP01_0304200	1263
scale	PVP01_0304300	1264
scale	PVP01_0304400	1265
scale	PVP01_0304600	1266
scale	PVP01_0304700	1267
scale	PVP01_0305700	1268
scale	PVP01_0305800	1269
scale	PVP01_0306200	1270
scale	PVP01_0307300	1271
scale	PVP01_0307600	1272
scale	PVP01_0307700	1273
scale	PVP01_0307800	1274
scale	PVP01_0308300	1275
scale	PVP01_0309100	1276
scale	PVP01_0309200	1277
scale	PVP01_0309700	1278
scale	PVP01_0310000	1279
scale	PVP01_0310300	1280
scale	PVP01_0310400	1281
scale	PVP01_0311900	1282
scale	PVP01_0312100	1283
scale	PVP01_0312600	1284
scale	PVP01_0312800	1285
scale	PVP01_0312900	1286
scale	PVP01_0313000	1287
scale	PVP01_0314000	1288
scale	PVP01_0314200	1289
scale	PVP01_0314300	1290
scale	PVP01_0314700	1291
scale	PVP01_0315200	1292
scale	PVP01_0315500	1293
scale	PVP01_0315700	1294
scale	PVP01_0315900	1295
scale	PVP01_0316100	1296
scale	PVP01_0316500	1297
scale	PVP01_0316900	1298
scale	PVP01_0317100	1299
scale	PVP01_0317800	1300
scale	PVP01_0318000	1301
scale	PVP01_0318200	1302
scale	PVP01_0318500	1303
scale	PVP01_0318600	1304
scale	PVP01_0318900	1305
scale	PVP01_0319000	1306
scale	PVP01_0319100	1307
scale	PVP01_0319400	1308
scale	PVP01_0320200	1309
scale	PVP01_0320300	1310
scale	PVP01_0321100	1311
scale	PVP01_0504400	1312
scale	PVP01_0505300	1313
scale	PVP01_0505500	1314
scale	PVP01_0505600	1315
scale	PVP01_0505700	1316
scale	PVP01_0505900	1317
scale	PVP01_0506100	1318
scale	PVP01_0506500	1319
scale	PVP01_0506700	1320
scale	PVP01_0507400	1321
scale	PVP01_0507500	1322
scale	PVP01_0508100	1323
scale	PVP01_0508800	1324
scale	PVP01_0508900	1325
scale	PVP01_0509700	1326
scale	PVP01_0510600	1327
scale	PVP01_0511000	1328
scale	PVP01_0511100	1329
scale	PVP01_0511400	1330
scale	PVP01_0511500	1331
scale	PVP01_0511600	1332
scale	PVP01_0511900	1333
scale	PVP01_0512100	1334
scale	PVP01_0512900	1335
scale	PVP01_0513800	1336
scale	PVP01_0514100	1337
scale	PVP01_0514500	1338
scale	PVP01_0515400	1339
scale	PVP01_0515600	1340
scale	PVP01_0516900	1341
scale	PVP01_0517300	1342
scale	PVP01_0517400	1343
scale	PVP01_0517500	1344
scale	PVP01_0517600	1345
scale	PVP01_0517700	1346
scale	PVP01_0518100	1347
scale	PVP01_0518600	1348
scale	PVP01_0518500	1349
scale	PVP01_0518700	1350
scale	PVP01_0518800	1351
scale	PVP01_0520900	1352
scale	PVP01_0521000	1353
scale	PVP01_0521300	1354
scale	PVP01_0521500	1355
scale	PVP01_0522200	1356
scale	PVP01_0522300	1357
scale	PVP01_0522400	1358
scale	PVP01_0522700	1359
scale	PVP01_0523400	1360
scale	PVP01_0524100	1361
scale	PVP01_0524500	1362
scale	PVP01_0526300	1363
scale	PVP01_0526500	1364
scale	PVP01_0527300	1365
scale	PVP01_0527600	1366
scale	PVP01_0527700	1367
scale	PVP01_0528200	1368
scale	PVP01_0528300	1369
scale	PVP01_0528500	1370
scale	PVP01_0529100	1371
scale	PVP01_0529200	1372
scale	PVP01_0529300	1373
scale	PVP01_0529700	1374
scale	PVP01_0529800	1375
scale	PVP01_0530200	1376
scale	PVP01_0530800	1377
scale	PVP01_0531600	1378
scale	PVP01_0531700	1379
scale	PVP01_0531900	1380
scale	PVP01_0532000	1381
scale	PVP01_0532100	1382
scale	PVP01_0532200	1383
scale	PVP01_0701100	1384
scale	PVP01_0701400	1385
scale	PVP01_0701600	1386
scale	PVP01_0701800	1387
scale	PVP01_0702000	1388
scale	PVP01_0702100	1389
scale	PVP01_0702400	1390
scale	PVP01_0702600	1391
scale	PVP01_0703000	1392
scale	PVP01_0703900	1393
scale	PVP01_0704700	1394
scale	PVP01_0704800	1395
scale	PVP01_0704900	1396
scale	PVP01_0706000	1397
scale	PVP01_0706600	1398
scale	PVP01_0706800	1399
scale	PVP01_0706900	1400
scale	PVP01_0707000	1401
scale	PVP01_0707400	1402
scale	PVP01_0707500	1403
scale	PVP01_0707600	1404
scale	PVP01_0707700	1405
scale	PVP01_0708100	1406
scale	PVP01_0708200	1407
scale	PVP01_0708600	1408
scale	PVP01_0709100	1409
scale	PVP01_0709200	1410
scale	PVP01_0709500	1411
scale	PVP01_0709600	1412
scale	PVP01_0710700	1413
scale	PVP01_0710900	1414
scale	PVP01_0711900	1415
scale	PVP01_0712100	1416
scale	PVP01_0712200	1417
scale	PVP01_0712300	1418
scale	PVP01_0712600	1419
scale	PVP01_0712700	1420
scale	PVP01_0712800	1421
scale	PVP01_0712900	1422
scale	PVP01_0713300	1423
scale	PVP01_0713700	1424
scale	PVP01_0714000	1425
scale	PVP01_0714100	1426
scale	PVP01_0714200	1427
scale	PVP01_0714300	1428
scale	PVP01_0714400	1429
scale	PVP01_0714800	1430
scale	PVP01_0714900	1431
scale	PVP01_0715000	1432
scale	PVP01_0715100	1433
scale	PVP01_0715600	1434
scale	PVP01_0715900	1435
scale	PVP01_0716300	1436
scale	PVP01_0716400	1437
scale	PVP01_0716500	1438
scale	PVP01_0716600	1439
scale	PVP01_0717000	1440
scale	PVP01_0717100	1441
scale	PVP01_0717200	1442
scale	PVP01_0717500	1443
scale	PVP01_0718700	1444
scale	PVP01_0719100	1445
scale	PVP01_0719200	1446
scale	PVP01_0719600	1447
scale	PVP01_0719700	1448
scale	PVP01_0719800	1449
scale	PVP01_0720100	1450
scale	PVP01_0720800	1451
scale	PVP01_0721400	1452
scale	PVP01_0721900	1453
scale	PVP01_0722000	1454
scale	PVP01_0722100	1455
scale	PVP01_0722500	1456
scale	PVP01_0723100	1457
scale	PVP01_0723500	1458
scale	PVP01_0723600	1459
scale	PVP01_0724000	1460
scale	PVP01_0724400	1461
scale	PVP01_0724700	1462
scale	PVP01_0725500	1463
scale	PVP01_0725700	1464
scale	PVP01_0726200	1465
scale	PVP01_0726400	1466
scale	PVP01_0726500	1467
scale	PVP01_0726650	1468
scale	PVP01_0727900	1469
scale	PVP01_0728100	1470
scale	PVP01_0728400	1471
scale	PVP01_0728600	1472
scale	PVP01_0728800	1473
scale	PVP01_0728900	1474
scale	PVP01_0729000	1475
scale	PVP01_0729100	1476
scale	PVP01_0729700	1477
scale	PVP01_0729900	1478
scale	PVP01_0730700	1479
scale	PVP01_0730800	1480
scale	PVP01_0731000	1481
scale	PVP01_0732800	1482
scale	PVP01_0733200	1483
scale	PVP01_0733300	1484
scale	PVP01_0733500	1485
scale	PVP01_0734000	1486
scale	PVP01_0734300	1487
scale	PVP01_0734800	1488
scale	PVP01_0734900	1489
scale	PVP01_0735000	1490
scale	PVP01_0004280	1491
scale	PVP01_0002530	1492
scale	PVP01_0201100	1493
scale	PVP01_0201700	1494
scale	PVP01_0209800	1495
scale	PVP01_0213500	1496
scale	PVP01_0214100	1497
scale	PVP01_0102700	1498
scale	PVP01_0116400	1499
scale	PVP01_1017100	1500
scale	PVP01_1017400	1501
scale	PVP01_1017900	1502
scale	PVP01_1018100	1503
scale	PVP01_1030400	1504
scale	PVP01_1031300	1505
scale	PVP01_1031600	1506
scale	PVP01_1032400	1507
scale	PVP01_1033800	1508
scale	PVP01_1403000	1509
scale	PVP01_1409000	1510
scale	PVP01_1409500	1511
scale	PVP01_1410000	1512
scale	PVP01_1410700	1513
scale	PVP01_1412200	1514
scale	PVP01_1414700	1515
scale	PVP01_1418700	1516
scale	PVP01_1423000	1517
scale	PVP01_1423200	1518
scale	PVP01_1430600	1519
scale	PVP01_1433500	1520
scale	PVP01_1433900	1521
scale	PVP01_1435600	1522
scale	PVP01_1437500	1523
scale	PVP01_1437600	1524
scale	PVP01_1438300	1525
scale	PVP01_1439500	1526
scale	PVP01_1444700	1527
scale	PVP01_1445700	1528
scale	PVP01_1448300	1529
scale	PVP01_1451400	1530
scale	PVP01_1455900	1531
scale	PVP01_1467100	1532
scale	PVP01_0904300	1533
scale	PVP01_0925800	1534
scale	PVP01_0930100	1535
scale	PVP01_0931400	1536
scale	PVP01_0931600	1537
scale	PVP01_0934500	1538
scale	PVP01_0938500	1539
scale	PVP01_0939000	1540
scale	PVP01_0941700	1541
scale	PVP01_0941900	1542
scale	PVP01_0405200	1543
scale	PVP01_0406600	1544
scale	PVP01_0408400	1545
scale	PVP01_0410100	1546
scale	PVP01_0411600	1547
scale	PVP01_0414400	1548
scale	PVP01_0417400	1549
scale	PVP01_0417800	1550
scale	PVP01_0418400	1551
scale	PVP01_0418500	1552
scale	PVP01_0419900	1553
scale	PVP01_0420200	1554
scale	PVP01_1301600	1555
scale	PVP01_1306600	1556
scale	PVP01_1309100	1557
scale	PVP01_1311900	1558
scale	PVP01_1312200	1559
scale	PVP01_1313800	1560
scale	PVP01_1323600	1561
scale	PVP01_1328200	1562
scale	PVP01_1328900	1563
scale	PVP01_1332800	1564
scale	PVP01_1335100	1565
scale	PVP01_1336100	1566
scale	PVP01_1338800	1567
scale	PVP01_1342400	1568
scale	PVP01_1345000	1569
scale	PVP01_1345300	1570
scale	PVP01_1345400	1571
scale	PVP01_1346000	1572
scale	PVP01_1201500	1573
scale	PVP01_1201800	1574
scale	PVP01_1207200	1575
scale	PVP01_1207500	1576
scale	PVP01_1209200	1577
scale	PVP01_1209300	1578
scale	PVP01_1209400	1579
scale	PVP01_1210100	1580
scale	PVP01_1213200	1581
scale	PVP01_1214300	1582
scale	PVP01_1214400	1583
scale	PVP01_1214500	1584
scale	PVP01_1215900	1585
scale	PVP01_1217000	1586
scale	PVP01_1218300	1587
scale	PVP01_1219100	1588
scale	PVP01_1222900	1589
scale	PVP01_1226300	1590
scale	PVP01_1227400	1591
scale	PVP01_1233100	1592
scale	PVP01_1243200	1593
scale	PVP01_1245000	1594
scale	PVP01_1246300	1595
scale	PVP01_1248100	1596
scale	PVP01_1249900	1597
scale	PVP01_1250000	1598
scale	PVP01_1253600	1599
scale	PVP01_1254900	1600
scale	PVP01_1255500	1601
scale	PVP01_1255600	1602
scale	PVP01_1258400	1603
scale	PVP01_1258600	1604
scale	PVP01_1266500	1605
scale	PVP01_1266600	1606
scale	PVP01_1269700	1607
scale	PVP01_1270200	1608
scale	PVP01_0805900	1609
scale	PVP01_0806100	1610
scale	PVP01_0808900	1611
scale	PVP01_0809000	1612
scale	PVP01_0811500	1613
scale	PVP01_0815500	1614
scale	PVP01_0824000	1615
scale	PVP01_0825200	1616
scale	PVP01_0828300	1617
scale	PVP01_0830200	1618
scale	PVP01_0830700	1619
scale	PVP01_0832400	1620
scale	PVP01_0834200	1621
scale	PVP01_1101800	1622
scale	PVP01_1102900	1623
scale	PVP01_1105000	1624
scale	PVP01_1106800	1625
scale	PVP01_1108400	1626
scale	PVP01_1109700	1627
scale	PVP01_1110700	1628
scale	PVP01_1112000	1629
scale	PVP01_1113900	1630
scale	PVP01_1127600	1631
scale	PVP01_1127800	1632
scale	PVP01_1135900	1633
scale	PVP01_1138700	1634
scale	PVP01_1139100	1635
scale	PVP01_1142000	1636
scale	PVP01_1143200	1637
scale	PVP01_1147100	1638
scale	PVP01_0601800	1639
scale	PVP01_0612600	1640
scale	PVP01_0620500	1641
scale	PVP01_0620600	1642
scale	PVP01_0620800	1643
scale	PVP01_0305600	1644
scale	PVP01_0311200	1645
scale	PVP01_0313600	1646
scale	PVP01_0316700	1647
scale	PVP01_0506600	1648
scale	PVP01_0507000	1649
scale	PVP01_0508500	1650
scale	PVP01_0510000	1651
scale	PVP01_0510900	1652
scale	PVP01_0514900	1653
scale	PVP01_0516000	1654
scale	PVP01_0516100	1655
scale	PVP01_0516200	1656
scale	PVP01_0517800	1657
scale	PVP01_0519700	1658
scale	PVP01_0520400	1659
scale	PVP01_0522800	1660
scale	PVP01_0531200	1661
scale	PVP01_0700100	1662
scale	PVP01_0703700	1663
scale	PVP01_0709400	1664
scale	PVP01_0710100	1665
scale	PVP01_0711000	1666
scale	PVP01_0721000	1667
scale	PVP01_0732600	1668
scale	PVP01_0734600	1669
scale	PVP01_0004210	1670
scale	PVP01_0004220	1671
scale	PVP01_0004230	1672
scale	PVP01_0004250	1673
scale	PVP01_0004290	1674
scale	PVP01_0004410	1675
scale	PVP01_0000100	1676
scale	PVP01_0000110	1677
scale	PVP01_0000120	1678
scale	PVP01_0000130	1679
scale	PVP01_0000150	1680
scale	PVP01_0000160	1681
scale	PVP01_0000170	1682
scale	PVP01_0000190	1683
scale	PVP01_0000200	1684
scale	PVP01_0000980	1685
scale	PVP01_0001440	1686
scale	PVP01_0008630	1687
scale	PVP01_0004200	1688
scale	PVP01_0201400	1689
scale	PVP01_0202100	1690
scale	PVP01_0202200	1691
scale	PVP01_0202400	1692
scale	PVP01_0202500	1693
scale	PVP01_0202600	1694
scale	PVP01_0209300	1695
scale	PVP01_0216500	1696
scale	PVP01_0216600	1697
scale	PVP01_0216800	1698
scale	PVP01_0217500	1699
scale	PVP01_0102500	1700
scale	PVP01_0107200	1701
scale	PVP01_0107700	1702
scale	PVP01_0107800	1703
scale	PVP01_0111600	1704
scale	PVP01_0115200	1705
scale	PVP01_0118700	1706
scale	PVP01_0119200	1707
scale	PVP01_0119300	1708
scale	PVP01_0119800	1709
scale	PVP01_0119900	1710
scale	PVP01_1000500	1711
scale	PVP01_1003500	1712
scale	PVP01_1008300	1713
scale	PVP01_1013500	1714
scale	PVP01_1016400	1715
scale	PVP01_1017000	1716
scale	PVP01_1019600	1717
scale	PVP01_1020100	1718
scale	PVP01_1023100	1719
scale	PVP01_1023200	1720
scale	PVP01_1023300	1721
scale	PVP01_1026500	1722
scale	PVP01_1026600	1723
scale	PVP01_1026700	1724
scale	PVP01_1029000	1725
scale	PVP01_1029500	1726
scale	PVP01_1031100	1727
scale	PVP01_1032500	1728
scale	PVP01_1033300	1729
scale	PVP01_1033400	1730
scale	PVP01_1033500	1731
scale	PVP01_1033700	1732
scale	PVP01_1033900	1733
scale	PVP01_1400600	1734
scale	PVP01_1401100	1735
scale	PVP01_1401300	1736
scale	PVP01_1401400	1737
scale	PVP01_1401700	1738
scale	PVP01_1401800	1739
scale	PVP01_1401900	1740
scale	PVP01_1402200	1741
scale	PVP01_1402300	1742
scale	PVP01_1402400	1743
scale	PVP01_1402500	1744
scale	PVP01_1402600	1745
scale	PVP01_1402700	1746
scale	PVP01_1402900	1747
scale	PVP01_1403300	1748
scale	PVP01_1408100	1749
scale	PVP01_1409100	1750
scale	PVP01_1411300	1751
scale	PVP01_1411900	1752
scale	PVP01_1412000	1753
scale	PVP01_1414100	1754
scale	PVP01_1414400	1755
scale	PVP01_1420700	1756
scale	PVP01_1421800	1757
scale	PVP01_1421900	1758
scale	PVP01_1424600	1759
scale	PVP01_1424700	1760
scale	PVP01_1428800	1761
scale	PVP01_1438700	1762
scale	PVP01_1446700	1763
scale	PVP01_1452500	1764
scale	PVP01_1459900	1765
scale	PVP01_1460300	1766
scale	PVP01_1462300	1767
scale	PVP01_1467400	1768
scale	PVP01_1469200	1769
scale	PVP01_1469400	1770
scale	PVP01_1469500	1771
scale	PVP01_1469600	1772
scale	PVP01_1469700	1773
scale	PVP01_1469800	1774
scale	PVP01_1470600	1775
scale	PVP01_1470700	1776
scale	PVP01_1471100	1777
scale	PVP01_1471400	1778
scale	PVP01_1471500	1779
scale	PVP01_1471700	1780
scale	PVP01_1471900	1781
scale	PVP01_0901100	1782
scale	PVP01_0903400	1783
scale	PVP01_0906100	1784
scale	PVP01_0907200	1785
scale	PVP01_0909600	1786
scale	PVP01_0910900	1787
scale	PVP01_0915300	1788
scale	PVP01_0916200	1789
scale	PVP01_0916800	1790
scale	PVP01_0921900	1791
scale	PVP01_0929400	1792
scale	PVP01_0929500	1793
scale	PVP01_0930200	1794
scale	PVP01_0932300	1795
scale	PVP01_0935700	1796
scale	PVP01_0936300	1797
scale	PVP01_0939200	1798
scale	PVP01_0941800	1799
scale	PVP01_0942600	1800
scale	PVP01_0946600	1801
scale	PVP01_0946700	1802
scale	PVP01_0948700	1803
scale	PVP01_0404200	1804
scale	PVP01_0404300	1805
scale	PVP01_0404500	1806
scale	PVP01_0404700	1807
scale	PVP01_0405000	1808
scale	PVP01_0414500	1809
scale	PVP01_0417600	1810
scale	PVP01_0422700	1811
scale	PVP01_0422900	1812
scale	PVP01_0423000	1813
scale	PVP01_0423200	1814
scale	PVP01_0423300	1815
scale	PVP01_0423400	1816
scale	PVP01_0423500	1817
scale	PVP01_1303700	1818
scale	PVP01_1304000	1819
scale	PVP01_1314700	1820
scale	PVP01_1319900	1821
scale	PVP01_1320200	1822
scale	PVP01_1320300	1823
scale	PVP01_1321400	1824
scale	PVP01_1322900	1825
scale	PVP01_1324300	1826
scale	PVP01_1327200	1827
scale	PVP01_1335800	1828
scale	PVP01_1336800	1829
scale	PVP01_1336900	1830
scale	PVP01_1337000	1831
scale	PVP01_1345500	1832
scale	PVP01_1347700	1833
scale	PVP01_1201200	1834
scale	PVP01_1201300	1835
scale	PVP01_1201400	1836
scale	PVP01_1203200	1837
scale	PVP01_1208100	1838
scale	PVP01_1209600	1839
scale	PVP01_1213000	1840
scale	PVP01_1213100	1841
scale	PVP01_1213300	1842
scale	PVP01_1214900	1843
scale	PVP01_1215600	1844
scale	PVP01_1215800	1845
scale	PVP01_1216700	1846
scale	PVP01_1216900	1847
scale	PVP01_1219700	1848
scale	PVP01_1220500	1849
scale	PVP01_1222100	1850
scale	PVP01_1226600	1851
scale	PVP01_1231600	1852
scale	PVP01_1234200	1853
scale	PVP01_1237200	1854
scale	PVP01_1241000	1855
scale	PVP01_1243500	1856
scale	PVP01_1244100	1857
scale	PVP01_1244200	1858
scale	PVP01_1246700	1859
scale	PVP01_1251900	1860
scale	PVP01_1252000	1861
scale	PVP01_1252100	1862
scale	PVP01_1252200	1863
scale	PVP01_1252300	1864
scale	PVP01_1253400	1865
scale	PVP01_1253800	1866
scale	PVP01_1253900	1867
scale	PVP01_1259700	1868
scale	PVP01_1262500	1869
scale	PVP01_1262900	1870
scale	PVP01_1263600	1871
scale	PVP01_1263800	1872
scale	PVP01_1266000	1873
scale	PVP01_1266700	1874
scale	PVP01_1271300	1875
scale	PVP01_1271400	1876
scale	PVP01_1271500	1877
scale	PVP01_API03500	1878
scale	PVP01_0800100	1879
scale	PVP01_0800200	1880
scale	PVP01_0800400	1881
scale	PVP01_0800700	1882
scale	PVP01_0801000	1883
scale	PVP01_0801500	1884
scale	PVP01_0802400	1885
scale	PVP01_0805800	1886
scale	PVP01_0808600	1887
scale	PVP01_0808700	1888
scale	PVP01_0811000	1889
scale	PVP01_0812700	1890
scale	PVP01_0815700	1891
scale	PVP01_0815800	1892
scale	PVP01_0818700	1893
scale	PVP01_0819400	1894
scale	PVP01_0819800	1895
scale	PVP01_0821100	1896
scale	PVP01_0824500	1897
scale	PVP01_0829800	1898
scale	PVP01_0836800	1899
scale	PVP01_0839000	1900
scale	PVP01_0841000	1901
scale	PVP01_1101200	1902
scale	PVP01_1101300	1903
scale	PVP01_1101400	1904
scale	PVP01_1101700	1905
scale	PVP01_1103000	1906
scale	PVP01_1114600	1907
scale	PVP01_1116100	1908
scale	PVP01_1116500	1909
scale	PVP01_1120900	1910
scale	PVP01_1121000	1911
scale	PVP01_1121900	1912
scale	PVP01_1123700	1913
scale	PVP01_1128100	1914
scale	PVP01_1128200	1915
scale	PVP01_1136700	1916
scale	PVP01_1137500	1917
scale	PVP01_1144900	1918
scale	PVP01_1145000	1919
scale	PVP01_1147200	1920
scale	PVP01_1147500	1921
scale	PVP01_1147700	1922
scale	PVP01_1147900	1923
scale	PVP01_0600500	1924
scale	PVP01_0600600	1925
scale	PVP01_0600700	1926
scale	PVP01_0600800	1927
scale	PVP01_0600900	1928
scale	PVP01_0601000	1929
scale	PVP01_0601300	1930
scale	PVP01_0601500	1931
scale	PVP01_0604200	1932
scale	PVP01_0605100	1933
scale	PVP01_0605400	1934
scale	PVP01_0607400	1935
scale	PVP01_0608400	1936
scale	PVP01_0610900	1937
scale	PVP01_0612100	1938
scale	PVP01_0612500	1939
scale	PVP01_0615600	1940
scale	PVP01_0616100	1941
scale	PVP01_0620700	1942
scale	PVP01_0620900	1943
scale	PVP01_0621400	1944
scale	PVP01_0623000	1945
scale	PVP01_0623100	1946
scale	PVP01_0623600	1947
scale	PVP01_0623800	1948
scale	PVP01_0624400	1949
scale	PVP01_0300600	1950
scale	PVP01_0300800	1951
scale	PVP01_0306800	1952
scale	PVP01_0313900	1953
scale	PVP01_0315100	1954
scale	PVP01_0319200	1955
scale	PVP01_0320700	1956
scale	PVP01_0502800	1957
scale	PVP01_0503500	1958
scale	PVP01_0503600	1959
scale	PVP01_0503700	1960
scale	PVP01_0503800	1961
scale	PVP01_0503900	1962
scale	PVP01_0504000	1963
scale	PVP01_0504100	1964
scale	PVP01_0504200	1965
scale	PVP01_0504300	1966
scale	PVP01_0506300	1967
scale	PVP01_0508600	1968
scale	PVP01_0510700	1969
scale	PVP01_0510800	1970
scale	PVP01_0511300	1971
scale	PVP01_0515100	1972
scale	PVP01_0515700	1973
scale	PVP01_0515800	1974
scale	PVP01_0515900	1975
scale	PVP01_0516300	1976
scale	PVP01_0516500	1977
scale	PVP01_0519400	1978
scale	PVP01_0520600	1979
scale	PVP01_0523000	1980
scale	PVP01_0523200	1981
scale	PVP01_0523300	1982
scale	PVP01_0523600	1983
scale	PVP01_0523800	1984
scale	PVP01_0523900	1985
scale	PVP01_0524000	1986
scale	PVP01_0524200	1987
scale	PVP01_0524300	1988
scale	PVP01_0524700	1989
scale	PVP01_0524900	1990
scale	PVP01_0528000	1991
scale	PVP01_0532400	1992
scale	PVP01_0532500	1993
scale	PVP01_0532600	1994
scale	PVP01_0532700	1995
scale	PVP01_0533100	1996
scale	PVP01_0533600	1997
scale	PVP01_0533700	1998
scale	PVP01_0534200	1999
scale	PVP01_0534300	2000
scale	PVP01_0534400	2001
scale	PVP01_0700200	2002
scale	PVP01_0700500	2003
scale	PVP01_0700600	2004
scale	PVP01_0701200	2005
scale	PVP01_0702200	2006
scale	PVP01_0702700	2007
scale	PVP01_0703800	2008
scale	PVP01_0705400	2009
scale	PVP01_0708500	2010
scale	PVP01_0715700	2011
scale	PVP01_0716200	2012
scale	PVP01_0727200	2013
scale	PVP01_0728000	2014
scale	PVP01_0730000	2015
scale	PVP01_0732000	2016
scale	PVP01_0732200	2017
scale	PVP01_0734500	2018
scale	PVP01_0004380	2019
scale	PVP01_0007640	2020
scale	PVP01_0000030	2021
scale	PVP01_0008090	2022
scale	PVP01_0207900	2023
scale	PVP01_0114500	2024
scale	PVP01_0120000	2025
scale	PVP01_1034800	2026
scale	PVP01_1469000	2027
scale	PVP01_1470200	2028
scale	PVP01_1269000	2029
scale	PVP01_0822200	2030
scale	PVP01_0838700	2031
scale	PVP01_1120500	2032
scale	PVP01_1148100	2033
scale	PVP01_0607300	2034
scale	PVP01_0623900	2035
scale	PVP01_0700900	2036
scale	PVP01_0735300	2037
