source_cell_id	table_updated_name	table_cell	orig.ident	orig.ident1	Sample	Day	Treatment	sample.day	treatment.day.sample	State	sex.state	geo_accession	geo_title	registered_instrument
D5SEQ50_ATGCGGTAGAGG	D5SEQ50_ATGCGGTAGAGG	CAPD5r50_ATGCGGTAGAGG	CAPD5r50	CAPD5r50	Infection1	d5	CTRL	Infection1_d5	CTRL_d5_Infection1	Hypnozoite	Non.Committed_Hypnozoite	GSM5916706	Infection1_D5_Inf_50	NextSeq 500
D5SEQ50_ATGCGGTAGAGC	D5SEQ50_ATGCGGTAGAGC	CAPD5r50_ATGCGGTAGAGC	CAPD5r50	CAPD5r50	Infection1	d5	CTRL	Infection1_d5	CTRL_d5_Infection1	Hypnozoite	Non.Committed_Hypnozoite	GSM5916706	Infection1_D5_Inf_50	NextSeq 500
D5SEQ50_ATGCGGTAGAGT	D5SEQ50_ATGCGGTAGAGT	CAPD5r50_ATGCGGTAGAGT	CAPD5r50	CAPD5r50	Infection1	d5	CTRL	Infection1_d5	CTRL_d5_Infection1	Hypnozoite	Non.Committed_Hypnozoite	GSM5916706	Infection1_D5_Inf_50	NextSeq 500
D5SEQ50_ATGCGGTAGAGA	D5SEQ50_ATGCGGTAGAGA	CAPD5r50_ATGCGGTAGAGA	CAPD5r50	CAPD5r50	Infection1	d5	CTRL	Infection1_d5	CTRL_d5_Infection1	Hypnozoite	Non.Committed_Hypnozoite	GSM5916706	Infection1_D5_Inf_50	NextSeq 500
D5SEQ50_TGTCCTTACGAA	D5SEQ50_TGTCCTTACGAA	CAPD5r50_TGTCCTTACGAA	CAPD5r50	CAPD5r50	Infection1	d5	CTRL	Infection1_d5	CTRL_d5_Infection1	Replicative	Non.Committed_Replicative	GSM5916706	Infection1_D5_Inf_50	NextSeq 500
D5SEQ50_CCGAAGCATCTG	D5SEQ50_CCGAAGCATCTG	CAPD5r50_CCGAAGCATCTG	CAPD5r50	CAPD5r50	Infection1	d5	CTRL	Infection1_d5	CTRL_d5_Infection1	Replicative	Non.Committed_Replicative	GSM5916706	Infection1_D5_Inf_50	NextSeq 500
D5SEQ50_GATAAGAGCGGN	D5SEQ50_GATAAGAGCGGN	CAPD5r50_GATAAGAGCGGN	CAPD5r50	CAPD5r50	Infection1	d5	CTRL	Infection1_d5	CTRL_d5_Infection1	Replicative	Non.Committed_Replicative	GSM5916706	Infection1_D5_Inf_50	NextSeq 500
D5SEQ50_GATAAGAGCGCN	D5SEQ50_GATAAGAGCGCN	CAPD5r50_GATAAGAGCGCN	CAPD5r50	CAPD5r50	Infection1	d5	CTRL	Infection1_d5	CTRL_d5_Infection1	Replicative	Non.Committed_Replicative	GSM5916706	Infection1_D5_Inf_50	NextSeq 500
D5SEQ50_GTACTCCGATCG	D5SEQ50_GTACTCCGATCG	CAPD5r50_GTACTCCGATCG	CAPD5r50	CAPD5r50	Infection1	d5	CTRL	Infection1_d5	CTRL_d5_Infection1	Replicative	Non.Committed_Replicative	GSM5916706	Infection1_D5_Inf_50	NextSeq 500
D5SEQ50_TTAATTGTACCC	D5SEQ50_TTAATTGTACCC	CAPD5r50_TTAATTGTACCC	CAPD5r50	CAPD5r50	Infection1	d5	CTRL	Infection1_d5	CTRL_d5_Infection1	Replicative	Non.Committed_Replicative	GSM5916706	Infection1_D5_Inf_50	NextSeq 500
D5SEQ50_AAAAGAATGTTA	D5SEQ50_AAAAGAATGTTA	CAPD5r50_AAAAGAATGTTA	CAPD5r50	CAPD5r50	Infection1	d5	CTRL	Infection1_d5	CTRL_d5_Infection1	Replicative	Non.Committed_Replicative	GSM5916706	Infection1_D5_Inf_50	NextSeq 500
D5SEQ50_GAAGCTACCGAC	D5SEQ50_GAAGCTACCGAC	CAPD5r50_GAAGCTACCGAC	CAPD5r50	CAPD5r50	Infection1	d5	CTRL	Infection1_d5	CTRL_d5_Infection1	Replicative	Non.Committed_Replicative	GSM5916706	Infection1_D5_Inf_50	NextSeq 500
D5SEQ50_CGGGGTCGCGGC	D5SEQ50_CGGGGTCGCGGC	CAPD5r50_CGGGGTCGCGGC	CAPD5r50	CAPD5r50	Infection1	d5	CTRL	Infection1_d5	CTRL_d5_Infection1	Hypnozoite	Non.Committed_Hypnozoite	GSM5916706	Infection1_D5_Inf_50	NextSeq 500
D5SEQ50_GATAAGAGCGAN	D5SEQ50_GATAAGAGCGAN	CAPD5r50_GATAAGAGCGAN	CAPD5r50	CAPD5r50	Infection1	d5	CTRL	Infection1_d5	CTRL_d5_Infection1	Replicative	Non.Committed_Replicative	GSM5916706	Infection1_D5_Inf_50	NextSeq 500
D5SEQ50_GATTTGACCTCT	D5SEQ50_GATTTGACCTCT	CAPD5r50_GATTTGACCTCT	CAPD5r50	CAPD5r50	Infection1	d5	CTRL	Infection1_d5	CTRL_d5_Infection1	Replicative	Non.Committed_Replicative	GSM5916706	Infection1_D5_Inf_50	NextSeq 500
D5SEQ50_CACGGATAATTA	D5SEQ50_CACGGATAATTA	CAPD5r50_CACGGATAATTA	CAPD5r50	CAPD5r50	Infection1	d5	CTRL	Infection1_d5	CTRL_d5_Infection1	Replicative	Non.Committed_Replicative	GSM5916706	Infection1_D5_Inf_50	NextSeq 500
D5SEQ50_CCCACTCCCTGT	D5SEQ50_CCCACTCCCTGT	CAPD5r50_CCCACTCCCTGT	CAPD5r50	CAPD5r50	Infection1	d5	CTRL	Infection1_d5	CTRL_d5_Infection1	Replicative	Non.Committed_Replicative	GSM5916706	Infection1_D5_Inf_50	NextSeq 500
D5SEQ50_TGAGGTATTGTC	D5SEQ50_TGAGGTATTGTC	CAPD5r50_TGAGGTATTGTC	CAPD5r50	CAPD5r50	Infection1	d5	CTRL	Infection1_d5	CTRL_d5_Infection1	Replicative	Non.Committed_Replicative	GSM5916706	Infection1_D5_Inf_50	NextSeq 500
D5SEQ50_ATGCGGTAGCGC	D5SEQ50_ATGCGGTAGCGC	CAPD5r50_ATGCGGTAGCGC	CAPD5r50	CAPD5r50	Infection1	d5	CTRL	Infection1_d5	CTRL_d5_Infection1	Hypnozoite	Non.Committed_Hypnozoite	GSM5916706	Infection1_D5_Inf_50	NextSeq 500
D5SEQ50_ATGCGGTAGCGG	D5SEQ50_ATGCGGTAGCGG	CAPD5r50_ATGCGGTAGCGG	CAPD5r50	CAPD5r50	Infection1	d5	CTRL	Infection1_d5	CTRL_d5_Infection1	Hypnozoite	Non.Committed_Hypnozoite	GSM5916706	Infection1_D5_Inf_50	NextSeq 500
D5SEQ50_ACGGTACACAGA	D5SEQ50_ACGGTACACAGA	CAPD5r50_ACGGTACACAGA	CAPD5r50	CAPD5r50	Infection1	d5	CTRL	Infection1_d5	CTRL_d5_Infection1	Replicative	Sexually.Committed_Replicative	GSM5916706	Infection1_D5_Inf_50	NextSeq 500
D5SEQ50_ATGCGGTAGCGT	D5SEQ50_ATGCGGTAGCGT	CAPD5r50_ATGCGGTAGCGT	CAPD5r50	CAPD5r50	Infection1	d5	CTRL	Infection1_d5	CTRL_d5_Infection1	Replicative	Non.Committed_Replicative	GSM5916706	Infection1_D5_Inf_50	NextSeq 500
D5SEQ50_GATAAGAGCGTN	D5SEQ50_GATAAGAGCGTN	CAPD5r50_GATAAGAGCGTN	CAPD5r50	CAPD5r50	Infection1	d5	CTRL	Infection1_d5	CTRL_d5_Infection1	Replicative	Non.Committed_Replicative	GSM5916706	Infection1_D5_Inf_50	NextSeq 500
D5SEQ50_CTACCGCACGGA	D5SEQ50_CTACCGCACGGA	CAPD5r50_CTACCGCACGGA	CAPD5r50	CAPD5r50	Infection1	d5	CTRL	Infection1_d5	CTRL_d5_Infection1	Replicative	Non.Committed_Replicative	GSM5916706	Infection1_D5_Inf_50	NextSeq 500
D5SEQ50_ATGCGGTAGCGA	D5SEQ50_ATGCGGTAGCGA	CAPD5r50_ATGCGGTAGCGA	CAPD5r50	CAPD5r50	Infection1	d5	CTRL	Infection1_d5	CTRL_d5_Infection1	Hypnozoite	Non.Committed_Hypnozoite	GSM5916706	Infection1_D5_Inf_50	NextSeq 500
D5SEQ50_GGGCGCAAAGCT	D5SEQ50_GGGCGCAAAGCT	CAPD5r50_GGGCGCAAAGCT	CAPD5r50	CAPD5r50	Infection1	d5	CTRL	Infection1_d5	CTRL_d5_Infection1	Replicative	Non.Committed_Replicative	GSM5916706	Infection1_D5_Inf_50	NextSeq 500
D5SEQ50_CTGAAAGCTAGT	D5SEQ50_CTGAAAGCTAGT	CAPD5r50_CTGAAAGCTAGT	CAPD5r50	CAPD5r50	Infection1	d5	CTRL	Infection1_d5	CTRL_d5_Infection1	Replicative	Non.Committed_Replicative	GSM5916706	Infection1_D5_Inf_50	NextSeq 500
D5SEQ50_TATTTCTCCGAT	D5SEQ50_TATTTCTCCGAT	CAPD5r50_TATTTCTCCGAT	CAPD5r50	CAPD5r50	Infection1	d5	CTRL	Infection1_d5	CTRL_d5_Infection1	Replicative	Sexually.Committed_Replicative	GSM5916706	Infection1_D5_Inf_50	NextSeq 500
D5SEQ50_TGTCTGATTTTC	D5SEQ50_TGTCTGATTTTC	CAPD5r50_TGTCTGATTTTC	CAPD5r50	CAPD5r50	Infection1	d5	CTRL	Infection1_d5	CTRL_d5_Infection1	Replicative	Sexually.Committed_Replicative	GSM5916706	Infection1_D5_Inf_50	NextSeq 500
D5SEQ50_GAACTGGCTCGA	D5SEQ50_GAACTGGCTCGA	CAPD5r50_GAACTGGCTCGA	CAPD5r50	CAPD5r50	Infection1	d5	CTRL	Infection1_d5	CTRL_d5_Infection1	Replicative	Non.Committed_Replicative	GSM5916706	Infection1_D5_Inf_50	NextSeq 500
D5SEQ50_CAAAGGATGTCG	D5SEQ50_CAAAGGATGTCG	CAPD5r50_CAAAGGATGTCG	CAPD5r50	CAPD5r50	Infection1	d5	CTRL	Infection1_d5	CTRL_d5_Infection1	Replicative	Non.Committed_Replicative	GSM5916706	Infection1_D5_Inf_50	NextSeq 500
D5SEQ50_GTACTCCGATAC	D5SEQ50_GTACTCCGATAC	CAPD5r50_GTACTCCGATAC	CAPD5r50	CAPD5r50	Infection1	d5	CTRL	Infection1_d5	CTRL_d5_Infection1	Replicative	Non.Committed_Replicative	GSM5916706	Infection1_D5_Inf_50	NextSeq 500
D5SEQ50_TCAATTTACCGG	D5SEQ50_TCAATTTACCGG	CAPD5r50_TCAATTTACCGG	CAPD5r50	CAPD5r50	Infection1	d5	CTRL	Infection1_d5	CTRL_d5_Infection1	Replicative	Non.Committed_Replicative	GSM5916706	Infection1_D5_Inf_50	NextSeq 500
D5SEQ50_GTACTCCCATAG	D5SEQ50_GTACTCCCATAG	CAPD5r50_GTACTCCCATAG	CAPD5r50	CAPD5r50	Infection1	d5	CTRL	Infection1_d5	CTRL_d5_Infection1	Replicative	Non.Committed_Replicative	GSM5916706	Infection1_D5_Inf_50	NextSeq 500
D5SEQ50_CTACTCCGATAG	D5SEQ50_CTACTCCGATAG	CAPD5r50_CTACTCCGATAG	CAPD5r50	CAPD5r50	Infection1	d5	CTRL	Infection1_d5	CTRL_d5_Infection1	Replicative	Non.Committed_Replicative	GSM5916706	Infection1_D5_Inf_50	NextSeq 500
D5SEQ50_AACTGGCTGGAC	D5SEQ50_AACTGGCTGGAC	CAPD5r50_AACTGGCTGGAC	CAPD5r50	CAPD5r50	Infection1	d5	CTRL	Infection1_d5	CTRL_d5_Infection1	Replicative	Non.Committed_Replicative	GSM5916706	Infection1_D5_Inf_50	NextSeq 500
D5SEQ50_GAACTGGCTGCA	D5SEQ50_GAACTGGCTGCA	CAPD5r50_GAACTGGCTGCA	CAPD5r50	CAPD5r50	Infection1	d5	CTRL	Infection1_d5	CTRL_d5_Infection1	Replicative	Non.Committed_Replicative	GSM5916706	Infection1_D5_Inf_50	NextSeq 500
D5SEQ50_AACTGGCTGGAG	D5SEQ50_AACTGGCTGGAG	CAPD5r50_AACTGGCTGGAG	CAPD5r50	CAPD5r50	Infection1	d5	CTRL	Infection1_d5	CTRL_d5_Infection1	Replicative	Non.Committed_Replicative	GSM5916706	Infection1_D5_Inf_50	NextSeq 500
D5SEQ50_CAACTGGCTGGA	D5SEQ50_CAACTGGCTGGA	CAPD5r50_CAACTGGCTGGA	CAPD5r50	CAPD5r50	Infection1	d5	CTRL	Infection1_d5	CTRL_d5_Infection1	Replicative	Non.Committed_Replicative	GSM5916706	Infection1_D5_Inf_50	NextSeq 500
D5SEQ50_GAACTGGCTGAA	D5SEQ50_GAACTGGCTGAA	CAPD5r50_GAACTGGCTGAA	CAPD5r50	CAPD5r50	Infection1	d5	CTRL	Infection1_d5	CTRL_d5_Infection1	Replicative	Non.Committed_Replicative	GSM5916706	Infection1_D5_Inf_50	NextSeq 500
D5SEQ50_ATTCGCATAGGA	D5SEQ50_ATTCGCATAGGA	CAPD5r50_ATTCGCATAGGA	CAPD5r50	CAPD5r50	Infection1	d5	CTRL	Infection1_d5	CTRL_d5_Infection1	Replicative	Non.Committed_Replicative	GSM5916706	Infection1_D5_Inf_50	NextSeq 500
D5SEQ50_AAACTGGCTGGA	D5SEQ50_AAACTGGCTGGA	CAPD5r50_AAACTGGCTGGA	CAPD5r50	CAPD5r50	Infection1	d5	CTRL	Infection1_d5	CTRL_d5_Infection1	Replicative	Non.Committed_Replicative	GSM5916706	Infection1_D5_Inf_50	NextSeq 500
D5SEQ50_TCTGGTCCTAGT	D5SEQ50_TCTGGTCCTAGT	CAPD5r50_TCTGGTCCTAGT	CAPD5r50	CAPD5r50	Infection1	d5	CTRL	Infection1_d5	CTRL_d5_Infection1	Replicative	Non.Committed_Replicative	GSM5916706	Infection1_D5_Inf_50	NextSeq 500
D5SEQ50_GAACTGCCTGGA	D5SEQ50_GAACTGCCTGGA	CAPD5r50_GAACTGCCTGGA	CAPD5r50	CAPD5r50	Infection1	d5	CTRL	Infection1_d5	CTRL_d5_Infection1	Replicative	Non.Committed_Replicative	GSM5916706	Infection1_D5_Inf_50	NextSeq 500
D5SEQ50_ATACTCCGATAG	D5SEQ50_ATACTCCGATAG	CAPD5r50_ATACTCCGATAG	CAPD5r50	CAPD5r50	Infection1	d5	CTRL	Infection1_d5	CTRL_d5_Infection1	Replicative	Non.Committed_Replicative	GSM5916706	Infection1_D5_Inf_50	NextSeq 500
D5SEQ50_GTACTCCGATAA	D5SEQ50_GTACTCCGATAA	CAPD5r50_GTACTCCGATAA	CAPD5r50	CAPD5r50	Infection1	d5	CTRL	Infection1_d5	CTRL_d5_Infection1	Replicative	Non.Committed_Replicative	GSM5916706	Infection1_D5_Inf_50	NextSeq 500
D5SEQ50_CCCCCTCCCTGT	D5SEQ50_CCCCCTCCCTGT	CAPD5r50_CCCCCTCCCTGT	CAPD5r50	CAPD5r50	Infection1	d5	CTRL	Infection1_d5	CTRL_d5_Infection1	Replicative	Non.Committed_Replicative	GSM5916706	Infection1_D5_Inf_50	NextSeq 500
D5SEQ50_GAACTGACTGGA	D5SEQ50_GAACTGACTGGA	CAPD5r50_GAACTGACTGGA	CAPD5r50	CAPD5r50	Infection1	d5	CTRL	Infection1_d5	CTRL_d5_Infection1	Replicative	Non.Committed_Replicative	GSM5916706	Infection1_D5_Inf_50	NextSeq 500
D5SEQ50_GAACTGGCTAGA	D5SEQ50_GAACTGGCTAGA	CAPD5r50_GAACTGGCTAGA	CAPD5r50	CAPD5r50	Infection1	d5	CTRL	Infection1_d5	CTRL_d5_Infection1	Replicative	Non.Committed_Replicative	GSM5916706	Infection1_D5_Inf_50	NextSeq 500
D5SEQ50_CGCTCACTCTAG	D5SEQ50_CGCTCACTCTAG	CAPD5r50_CGCTCACTCTAG	CAPD5r50	CAPD5r50	Infection1	d5	CTRL	Infection1_d5	CTRL_d5_Infection1	Replicative	Non.Committed_Replicative	GSM5916706	Infection1_D5_Inf_50	NextSeq 500
D5SEQ50_GTACTCCAATAG	D5SEQ50_GTACTCCAATAG	CAPD5r50_GTACTCCAATAG	CAPD5r50	CAPD5r50	Infection1	d5	CTRL	Infection1_d5	CTRL_d5_Infection1	Replicative	Non.Committed_Replicative	GSM5916706	Infection1_D5_Inf_50	NextSeq 500
D5SEQ50_GAACTCGCTGGA	D5SEQ50_GAACTCGCTGGA	CAPD5r50_GAACTCGCTGGA	CAPD5r50	CAPD5r50	Infection1	d5	CTRL	Infection1_d5	CTRL_d5_Infection1	Replicative	Non.Committed_Replicative	GSM5916706	Infection1_D5_Inf_50	NextSeq 500
D5SEQ50_GAACTGGCTGGC	D5SEQ50_GAACTGGCTGGC	CAPD5r50_GAACTGGCTGGC	CAPD5r50	CAPD5r50	Infection1	d5	CTRL	Infection1_d5	CTRL_d5_Infection1	Replicative	Non.Committed_Replicative	GSM5916706	Infection1_D5_Inf_50	NextSeq 500
D5SEQ50_GAACTGGCTGGT	D5SEQ50_GAACTGGCTGGT	CAPD5r50_GAACTGGCTGGT	CAPD5r50	CAPD5r50	Infection1	d5	CTRL	Infection1_d5	CTRL_d5_Infection1	Replicative	Non.Committed_Replicative	GSM5916706	Infection1_D5_Inf_50	NextSeq 500
D5SEQ50_GATTTGCCCTCT	D5SEQ50_GATTTGCCCTCT	CAPD5r50_GATTTGCCCTCT	CAPD5r50	CAPD5r50	Infection1	d5	CTRL	Infection1_d5	CTRL_d5_Infection1	Replicative	Non.Committed_Replicative	GSM5916706	Infection1_D5_Inf_50	NextSeq 500
D5SEQ50_GAACTAGCTGGA	D5SEQ50_GAACTAGCTGGA	CAPD5r50_GAACTAGCTGGA	CAPD5r50	CAPD5r50	Infection1	d5	CTRL	Infection1_d5	CTRL_d5_Infection1	Replicative	Non.Committed_Replicative	GSM5916706	Infection1_D5_Inf_50	NextSeq 500
D5SEQ50_ATGCAGTAGAGC	D5SEQ50_ATGCAGTAGAGC	CAPD5r50_ATGCAGTAGAGC	CAPD5r50	CAPD5r50	Infection1	d5	CTRL	Infection1_d5	CTRL_d5_Infection1	Hypnozoite	Non.Committed_Hypnozoite	GSM5916706	Infection1_D5_Inf_50	NextSeq 500
D5SEQ50_GAAGCTACCGCC	D5SEQ50_GAAGCTACCGCC	CAPD5r50_GAAGCTACCGCC	CAPD5r50	CAPD5r50	Infection1	d5	CTRL	Infection1_d5	CTRL_d5_Infection1	Replicative	Non.Committed_Replicative	GSM5916706	Infection1_D5_Inf_50	NextSeq 500
D5SEQ50_GAACTGGCTGTA	D5SEQ50_GAACTGGCTGTA	CAPD5r50_GAACTGGCTGTA	CAPD5r50	CAPD5r50	Infection1	d5	CTRL	Infection1_d5	CTRL_d5_Infection1	Replicative	Non.Committed_Replicative	GSM5916706	Infection1_D5_Inf_50	NextSeq 500
D5SEQ50_GAACAGGCTGGA	D5SEQ50_GAACAGGCTGGA	CAPD5r50_GAACAGGCTGGA	CAPD5r50	CAPD5r50	Infection1	d5	CTRL	Infection1_d5	CTRL_d5_Infection1	Replicative	Non.Committed_Replicative	GSM5916706	Infection1_D5_Inf_50	NextSeq 500
D5SEQ50_TACTCCGATAGC	D5SEQ50_TACTCCGATAGC	CAPD5r50_TACTCCGATAGC	CAPD5r50	CAPD5r50	Infection1	d5	CTRL	Infection1_d5	CTRL_d5_Infection1	Replicative	Non.Committed_Replicative	GSM5916706	Infection1_D5_Inf_50	NextSeq 500
D5SEQ50_GTCCTCCGATAG	D5SEQ50_GTCCTCCGATAG	CAPD5r50_GTCCTCCGATAG	CAPD5r50	CAPD5r50	Infection1	d5	CTRL	Infection1_d5	CTRL_d5_Infection1	Replicative	Non.Committed_Replicative	GSM5916706	Infection1_D5_Inf_50	NextSeq 500
D5SEQ50_GTGCGGTAGAGG	D5SEQ50_GTGCGGTAGAGG	CAPD5r50_GTGCGGTAGAGG	CAPD5r50	CAPD5r50	Infection1	d5	CTRL	Infection1_d5	CTRL_d5_Infection1	Hypnozoite	Non.Committed_Hypnozoite	GSM5916706	Infection1_D5_Inf_50	NextSeq 500
D5SEQ50_GTACTCCTATAG	D5SEQ50_GTACTCCTATAG	CAPD5r50_GTACTCCTATAG	CAPD5r50	CAPD5r50	Infection1	d5	CTRL	Infection1_d5	CTRL_d5_Infection1	Replicative	Non.Committed_Replicative	GSM5916706	Infection1_D5_Inf_50	NextSeq 500
D5SEQ50_GTGCGGTAGAGC	D5SEQ50_GTGCGGTAGAGC	CAPD5r50_GTGCGGTAGAGC	CAPD5r50	CAPD5r50	Infection1	d5	CTRL	Infection1_d5	CTRL_d5_Infection1	Hypnozoite	Non.Committed_Hypnozoite	GSM5916706	Infection1_D5_Inf_50	NextSeq 500
D5SEQ50_TACTCCGATAGG	D5SEQ50_TACTCCGATAGG	CAPD5r50_TACTCCGATAGG	CAPD5r50	CAPD5r50	Infection1	d5	CTRL	Infection1_d5	CTRL_d5_Infection1	Replicative	Non.Committed_Replicative	GSM5916706	Infection1_D5_Inf_50	NextSeq 500
D5SEQ50_GAACTGGCTGGG	D5SEQ50_GAACTGGCTGGG	CAPD5r50_GAACTGGCTGGG	CAPD5r50	CAPD5r50	Infection1	d5	CTRL	Infection1_d5	CTRL_d5_Infection1	Replicative	Non.Committed_Replicative	GSM5916706	Infection1_D5_Inf_50	NextSeq 500
D5SEQ50_TAACTGGCTGGA	D5SEQ50_TAACTGGCTGGA	CAPD5r50_TAACTGGCTGGA	CAPD5r50	CAPD5r50	Infection1	d5	CTRL	Infection1_d5	CTRL_d5_Infection1	Replicative	Non.Committed_Replicative	GSM5916706	Infection1_D5_Inf_50	NextSeq 500
D5SEQ50_GAACTGGTTGGA	D5SEQ50_GAACTGGTTGGA	CAPD5r50_GAACTGGTTGGA	CAPD5r50	CAPD5r50	Infection1	d5	CTRL	Infection1_d5	CTRL_d5_Infection1	Replicative	Non.Committed_Replicative	GSM5916706	Infection1_D5_Inf_50	NextSeq 500
D5SEQ50_ATCCGGTAGAGG	D5SEQ50_ATCCGGTAGAGG	CAPD5r50_ATCCGGTAGAGG	CAPD5r50	CAPD5r50	Infection1	d5	CTRL	Infection1_d5	CTRL_d5_Infection1	Replicative	Non.Committed_Replicative	GSM5916706	Infection1_D5_Inf_50	NextSeq 500
D5SEQ50_GGACTGGCTGGA	D5SEQ50_GGACTGGCTGGA	CAPD5r50_GGACTGGCTGGA	CAPD5r50	CAPD5r50	Infection1	d5	CTRL	Infection1_d5	CTRL_d5_Infection1	Replicative	Non.Committed_Replicative	GSM5916706	Infection1_D5_Inf_50	NextSeq 500
D5SEQ50_TTACTCCGATAG	D5SEQ50_TTACTCCGATAG	CAPD5r50_TTACTCCGATAG	CAPD5r50	CAPD5r50	Infection1	d5	CTRL	Infection1_d5	CTRL_d5_Infection1	Replicative	Non.Committed_Replicative	GSM5916706	Infection1_D5_Inf_50	NextSeq 500
D5SEQ50_GTACTCCGATGG	D5SEQ50_GTACTCCGATGG	CAPD5r50_GTACTCCGATGG	CAPD5r50	CAPD5r50	Infection1	d5	CTRL	Infection1_d5	CTRL_d5_Infection1	Replicative	Non.Committed_Replicative	GSM5916706	Infection1_D5_Inf_50	NextSeq 500
D5SEQ50_GTGCGGTAGAGA	D5SEQ50_GTGCGGTAGAGA	CAPD5r50_GTGCGGTAGAGA	CAPD5r50	CAPD5r50	Infection1	d5	CTRL	Infection1_d5	CTRL_d5_Infection1	Hypnozoite	Non.Committed_Hypnozoite	GSM5916706	Infection1_D5_Inf_50	NextSeq 500
D5SEQ50_GTGCGGTAGAGT	D5SEQ50_GTGCGGTAGAGT	CAPD5r50_GTGCGGTAGAGT	CAPD5r50	CAPD5r50	Infection1	d5	CTRL	Infection1_d5	CTRL_d5_Infection1	Hypnozoite	Non.Committed_Hypnozoite	GSM5916706	Infection1_D5_Inf_50	NextSeq 500
D5SEQ50_ATGCGATAGAGC	D5SEQ50_ATGCGATAGAGC	CAPD5r50_ATGCGATAGAGC	CAPD5r50	CAPD5r50	Infection1	d5	CTRL	Infection1_d5	CTRL_d5_Infection1	Replicative	Non.Committed_Replicative	GSM5916706	Infection1_D5_Inf_50	NextSeq 500
D5SEQ50_GAATTGGCTGGA	D5SEQ50_GAATTGGCTGGA	CAPD5r50_GAATTGGCTGGA	CAPD5r50	CAPD5r50	Infection1	d5	CTRL	Infection1_d5	CTRL_d5_Infection1	Replicative	Non.Committed_Replicative	GSM5916706	Infection1_D5_Inf_50	NextSeq 500
D5SEQ50_GTACTCCGATAT	D5SEQ50_GTACTCCGATAT	CAPD5r50_GTACTCCGATAT	CAPD5r50	CAPD5r50	Infection1	d5	CTRL	Infection1_d5	CTRL_d5_Infection1	Replicative	Non.Committed_Replicative	GSM5916706	Infection1_D5_Inf_50	NextSeq 500
D5SEQ50_ATGCGCTAGAGG	D5SEQ50_ATGCGCTAGAGG	CAPD5r50_ATGCGCTAGAGG	CAPD5r50	CAPD5r50	Infection1	d5	CTRL	Infection1_d5	CTRL_d5_Infection1	Hypnozoite	Non.Committed_Hypnozoite	GSM5916706	Infection1_D5_Inf_50	NextSeq 500
D5SEQ50_GTACTCAGATAG	D5SEQ50_GTACTCAGATAG	CAPD5r50_GTACTCAGATAG	CAPD5r50	CAPD5r50	Infection1	d5	CTRL	Infection1_d5	CTRL_d5_Infection1	Replicative	Non.Committed_Replicative	GSM5916706	Infection1_D5_Inf_50	NextSeq 500
D5SEQ50_GTACACCGATAG	D5SEQ50_GTACACCGATAG	CAPD5r50_GTACACCGATAG	CAPD5r50	CAPD5r50	Infection1	d5	CTRL	Infection1_d5	CTRL_d5_Infection1	Replicative	Non.Committed_Replicative	GSM5916706	Infection1_D5_Inf_50	NextSeq 500
D5SEQ50_AAGCGGTAGAGG	D5SEQ50_AAGCGGTAGAGG	CAPD5r50_AAGCGGTAGAGG	CAPD5r50	CAPD5r50	Infection1	d5	CTRL	Infection1_d5	CTRL_d5_Infection1	Hypnozoite	Non.Committed_Hypnozoite	GSM5916706	Infection1_D5_Inf_50	NextSeq 500
D5SEQ50_GAACTGGCAGGA	D5SEQ50_GAACTGGCAGGA	CAPD5r50_GAACTGGCAGGA	CAPD5r50	CAPD5r50	Infection1	d5	CTRL	Infection1_d5	CTRL_d5_Infection1	Replicative	Non.Committed_Replicative	GSM5916706	Infection1_D5_Inf_50	NextSeq 500
D5SEQ50_ATCCGGTAGAGA	D5SEQ50_ATCCGGTAGAGA	CAPD5r50_ATCCGGTAGAGA	CAPD5r50	CAPD5r50	Infection1	d5	CTRL	Infection1_d5	CTRL_d5_Infection1	Hypnozoite	Non.Committed_Hypnozoite	GSM5916706	Infection1_D5_Inf_50	NextSeq 500
D5SEQ50_GTACTACGATAG	D5SEQ50_GTACTACGATAG	CAPD5r50_GTACTACGATAG	CAPD5r50	CAPD5r50	Infection1	d5	CTRL	Infection1_d5	CTRL_d5_Infection1	Replicative	Non.Committed_Replicative	GSM5916706	Infection1_D5_Inf_50	NextSeq 500
D5SEQ50_GCACTGGCTGGA	D5SEQ50_GCACTGGCTGGA	CAPD5r50_GCACTGGCTGGA	CAPD5r50	CAPD5r50	Infection1	d5	CTRL	Infection1_d5	CTRL_d5_Infection1	Replicative	Non.Committed_Replicative	GSM5916706	Infection1_D5_Inf_50	NextSeq 500
D5SEQ50_GAACTGGATGGA	D5SEQ50_GAACTGGATGGA	CAPD5r50_GAACTGGATGGA	CAPD5r50	CAPD5r50	Infection1	d5	CTRL	Infection1_d5	CTRL_d5_Infection1	Replicative	Non.Committed_Replicative	GSM5916706	Infection1_D5_Inf_50	NextSeq 500
D5SEQ50_GAACTGTCTGGA	D5SEQ50_GAACTGTCTGGA	CAPD5r50_GAACTGTCTGGA	CAPD5r50	CAPD5r50	Infection1	d5	CTRL	Infection1_d5	CTRL_d5_Infection1	Replicative	Non.Committed_Replicative	GSM5916706	Infection1_D5_Inf_50	NextSeq 500
D5SEQ50_GTACTCCGATTG	D5SEQ50_GTACTCCGATTG	CAPD5r50_GTACTCCGATTG	CAPD5r50	CAPD5r50	Infection1	d5	CTRL	Infection1_d5	CTRL_d5_Infection1	Replicative	Non.Committed_Replicative	GSM5916706	Infection1_D5_Inf_50	NextSeq 500
D5SEQ50_ATGTGGTAGAGG	D5SEQ50_ATGTGGTAGAGG	CAPD5r50_ATGTGGTAGAGG	CAPD5r50	CAPD5r50	Infection1	d5	CTRL	Infection1_d5	CTRL_d5_Infection1	Hypnozoite	Non.Committed_Hypnozoite	GSM5916706	Infection1_D5_Inf_50	NextSeq 500
D5SEQ50_AAGCGGTAGAGA	D5SEQ50_AAGCGGTAGAGA	CAPD5r50_AAGCGGTAGAGA	CAPD5r50	CAPD5r50	Infection1	d5	CTRL	Infection1_d5	CTRL_d5_Infection1	Hypnozoite	Non.Committed_Hypnozoite	GSM5916706	Infection1_D5_Inf_50	NextSeq 500
D5SEQ50_ATGCAGTAGAGG	D5SEQ50_ATGCAGTAGAGG	CAPD5r50_ATGCAGTAGAGG	CAPD5r50	CAPD5r50	Infection1	d5	CTRL	Infection1_d5	CTRL_d5_Infection1	Hypnozoite	Non.Committed_Hypnozoite	GSM5916706	Infection1_D5_Inf_50	NextSeq 500
D5SEQ50_GACCTGGCTGGA	D5SEQ50_GACCTGGCTGGA	CAPD5r50_GACCTGGCTGGA	CAPD5r50	CAPD5r50	Infection1	d5	CTRL	Infection1_d5	CTRL_d5_Infection1	Replicative	Non.Committed_Replicative	GSM5916706	Infection1_D5_Inf_50	NextSeq 500
D5SEQ50_AAGCGGTAGAGC	D5SEQ50_AAGCGGTAGAGC	CAPD5r50_AAGCGGTAGAGC	CAPD5r50	CAPD5r50	Infection1	d5	CTRL	Infection1_d5	CTRL_d5_Infection1	Hypnozoite	Non.Committed_Hypnozoite	GSM5916706	Infection1_D5_Inf_50	NextSeq 500
D5SEQ50_AAGCGGTAGAGT	D5SEQ50_AAGCGGTAGAGT	CAPD5r50_AAGCGGTAGAGT	CAPD5r50	CAPD5r50	Infection1	d5	CTRL	Infection1_d5	CTRL_d5_Infection1	Hypnozoite	Non.Committed_Hypnozoite	GSM5916706	Infection1_D5_Inf_50	NextSeq 500
D5SEQ50_ATGCGCTAGAGT	D5SEQ50_ATGCGCTAGAGT	CAPD5r50_ATGCGCTAGAGT	CAPD5r50	CAPD5r50	Infection1	d5	CTRL	Infection1_d5	CTRL_d5_Infection1	Hypnozoite	Non.Committed_Hypnozoite	GSM5916706	Infection1_D5_Inf_50	NextSeq 500
D5SEQ50_CATAAGAGCGCN	D5SEQ50_CATAAGAGCGCN	CAPD5r50_CATAAGAGCGCN	CAPD5r50	CAPD5r50	Infection1	d5	CTRL	Infection1_d5	CTRL_d5_Infection1	Replicative	Non.Committed_Replicative	GSM5916706	Infection1_D5_Inf_50	NextSeq 500
D5SEQ50_GCACTCCGATAG	D5SEQ50_GCACTCCGATAG	CAPD5r50_GCACTCCGATAG	CAPD5r50	CAPD5r50	Infection1	d5	CTRL	Infection1_d5	CTRL_d5_Infection1	Replicative	Non.Committed_Replicative	GSM5916706	Infection1_D5_Inf_50	NextSeq 500
D5SEQ50_GTACTCCGAAAG	D5SEQ50_GTACTCCGAAAG	CAPD5r50_GTACTCCGAAAG	CAPD5r50	CAPD5r50	Infection1	d5	CTRL	Infection1_d5	CTRL_d5_Infection1	Replicative	Non.Committed_Replicative	GSM5916706	Infection1_D5_Inf_50	NextSeq 500
D5SEQ50_GAACTGGCCGGA	D5SEQ50_GAACTGGCCGGA	CAPD5r50_GAACTGGCCGGA	CAPD5r50	CAPD5r50	Infection1	d5	CTRL	Infection1_d5	CTRL_d5_Infection1	Replicative	Non.Committed_Replicative	GSM5916706	Infection1_D5_Inf_50	NextSeq 500
D5SEQ50_GTACTTCGATAG	D5SEQ50_GTACTTCGATAG	CAPD5r50_GTACTTCGATAG	CAPD5r50	CAPD5r50	Infection1	d5	CTRL	Infection1_d5	CTRL_d5_Infection1	Replicative	Non.Committed_Replicative	GSM5916706	Infection1_D5_Inf_50	NextSeq 500
D5SEQ50_GTACTCTGATAG	D5SEQ50_GTACTCTGATAG	CAPD5r50_GTACTCTGATAG	CAPD5r50	CAPD5r50	Infection1	d5	CTRL	Infection1_d5	CTRL_d5_Infection1	Hypnozoite	Non.Committed_Hypnozoite	GSM5916706	Infection1_D5_Inf_50	NextSeq 500
D5SEQ50_GTACCCCGATAG	D5SEQ50_GTACCCCGATAG	CAPD5r50_GTACCCCGATAG	CAPD5r50	CAPD5r50	Infection1	d5	CTRL	Infection1_d5	CTRL_d5_Infection1	Replicative	Non.Committed_Replicative	GSM5916706	Infection1_D5_Inf_50	NextSeq 500
D5SEQ50_GAGCTGGCTGGA	D5SEQ50_GAGCTGGCTGGA	CAPD5r50_GAGCTGGCTGGA	CAPD5r50	CAPD5r50	Infection1	d5	CTRL	Infection1_d5	CTRL_d5_Infection1	Replicative	Non.Committed_Replicative	GSM5916706	Infection1_D5_Inf_50	NextSeq 500
D5SEQ50_GAACTGGCTTGA	D5SEQ50_GAACTGGCTTGA	CAPD5r50_GAACTGGCTTGA	CAPD5r50	CAPD5r50	Infection1	d5	CTRL	Infection1_d5	CTRL_d5_Infection1	Replicative	Non.Committed_Replicative	GSM5916706	Infection1_D5_Inf_50	NextSeq 500
D5SEQ50_GTGCTCCGATAG	D5SEQ50_GTGCTCCGATAG	CAPD5r50_GTGCTCCGATAG	CAPD5r50	CAPD5r50	Infection1	d5	CTRL	Infection1_d5	CTRL_d5_Infection1	Replicative	Non.Committed_Replicative	GSM5916706	Infection1_D5_Inf_50	NextSeq 500
D5SEQ50_GTACTGGCTGGA	D5SEQ50_GTACTGGCTGGA	CAPD5r50_GTACTGGCTGGA	CAPD5r50	CAPD5r50	Infection1	d5	CTRL	Infection1_d5	CTRL_d5_Infection1	Replicative	Non.Committed_Replicative	GSM5916706	Infection1_D5_Inf_50	NextSeq 500
D5SEQ50_GAAATGGCTGGA	D5SEQ50_GAAATGGCTGGA	CAPD5r50_GAAATGGCTGGA	CAPD5r50	CAPD5r50	Infection1	d5	CTRL	Infection1_d5	CTRL_d5_Infection1	Replicative	Non.Committed_Replicative	GSM5916706	Infection1_D5_Inf_50	NextSeq 500
D5SEQ50_ATGCGCTAGAGA	D5SEQ50_ATGCGCTAGAGA	CAPD5r50_ATGCGCTAGAGA	CAPD5r50	CAPD5r50	Infection1	d5	CTRL	Infection1_d5	CTRL_d5_Infection1	Replicative	Non.Committed_Replicative	GSM5916706	Infection1_D5_Inf_50	NextSeq 500
D5SEQ50_GAACTTGCTGGA	D5SEQ50_GAACTTGCTGGA	CAPD5r50_GAACTTGCTGGA	CAPD5r50	CAPD5r50	Infection1	d5	CTRL	Infection1_d5	CTRL_d5_Infection1	Replicative	Non.Committed_Replicative	GSM5916706	Infection1_D5_Inf_50	NextSeq 500
D5SEQ50_GGACTCCGATAG	D5SEQ50_GGACTCCGATAG	CAPD5r50_GGACTCCGATAG	CAPD5r50	CAPD5r50	Infection1	d5	CTRL	Infection1_d5	CTRL_d5_Infection1	Replicative	Non.Committed_Replicative	GSM5916706	Infection1_D5_Inf_50	NextSeq 500
D5SEQ50_GTATTCCGATAG	D5SEQ50_GTATTCCGATAG	CAPD5r50_GTATTCCGATAG	CAPD5r50	CAPD5r50	Infection1	d5	CTRL	Infection1_d5	CTRL_d5_Infection1	Replicative	Non.Committed_Replicative	GSM5916706	Infection1_D5_Inf_50	NextSeq 500
D5SEQ50_ATGCCGTAGAGC	D5SEQ50_ATGCCGTAGAGC	CAPD5r50_ATGCCGTAGAGC	CAPD5r50	CAPD5r50	Infection1	d5	CTRL	Infection1_d5	CTRL_d5_Infection1	Hypnozoite	Non.Committed_Hypnozoite	GSM5916706	Infection1_D5_Inf_50	NextSeq 500
D5SEQ50_ATGCAGTAGAGT	D5SEQ50_ATGCAGTAGAGT	CAPD5r50_ATGCAGTAGAGT	CAPD5r50	CAPD5r50	Infection1	d5	CTRL	Infection1_d5	CTRL_d5_Infection1	Replicative	Non.Committed_Replicative	GSM5916706	Infection1_D5_Inf_50	NextSeq 500
D5SEQ50_AGTCCTTACGAA	D5SEQ50_AGTCCTTACGAA	CAPD5r50_AGTCCTTACGAA	CAPD5r50	CAPD5r50	Infection1	d5	CTRL	Infection1_d5	CTRL_d5_Infection1	Replicative	Non.Committed_Replicative	GSM5916706	Infection1_D5_Inf_50	NextSeq 500
D5SEQ50_GAACCGGCTGGA	D5SEQ50_GAACCGGCTGGA	CAPD5r50_GAACCGGCTGGA	CAPD5r50	CAPD5r50	Infection1	d5	CTRL	Infection1_d5	CTRL_d5_Infection1	Replicative	Non.Committed_Replicative	GSM5916706	Infection1_D5_Inf_50	NextSeq 500
D5SEQ50_GTACTCCGACAG	D5SEQ50_GTACTCCGACAG	CAPD5r50_GTACTCCGACAG	CAPD5r50	CAPD5r50	Infection1	d5	CTRL	Infection1_d5	CTRL_d5_Infection1	Replicative	Non.Committed_Replicative	GSM5916706	Infection1_D5_Inf_50	NextSeq 500
D5SEQ50_GTACTCCGTTAG	D5SEQ50_GTACTCCGTTAG	CAPD5r50_GTACTCCGTTAG	CAPD5r50	CAPD5r50	Infection1	d5	CTRL	Infection1_d5	CTRL_d5_Infection1	Replicative	Non.Committed_Replicative	GSM5916706	Infection1_D5_Inf_50	NextSeq 500
D5SEQ50_ATACGGTAGAGG	D5SEQ50_ATACGGTAGAGG	CAPD5r50_ATACGGTAGAGG	CAPD5r50	CAPD5r50	Infection1	d5	CTRL	Infection1_d5	CTRL_d5_Infection1	Replicative	Non.Committed_Replicative	GSM5916706	Infection1_D5_Inf_50	NextSeq 500
D5SEQ50_CTACTCCGATCG	D5SEQ50_CTACTCCGATCG	CAPD5r50_CTACTCCGATCG	CAPD5r50	CAPD5r50	Infection1	d5	CTRL	Infection1_d5	CTRL_d5_Infection1	Replicative	Non.Committed_Replicative	GSM5916706	Infection1_D5_Inf_50	NextSeq 500
D5SEQ50_GTAATCCGATAG	D5SEQ50_GTAATCCGATAG	CAPD5r50_GTAATCCGATAG	CAPD5r50	CAPD5r50	Infection1	d5	CTRL	Infection1_d5	CTRL_d5_Infection1	Replicative	Non.Committed_Replicative	GSM5916706	Infection1_D5_Inf_50	NextSeq 500
D5SEQ50_ATAATTGTACCC	D5SEQ50_ATAATTGTACCC	CAPD5r50_ATAATTGTACCC	CAPD5r50	CAPD5r50	Infection1	d5	CTRL	Infection1_d5	CTRL_d5_Infection1	Replicative	Non.Committed_Replicative	GSM5916706	Infection1_D5_Inf_50	NextSeq 500
D5SEQ50_CAAGCTACCGAC	D5SEQ50_CAAGCTACCGAC	CAPD5r50_CAAGCTACCGAC	CAPD5r50	CAPD5r50	Infection1	d5	CTRL	Infection1_d5	CTRL_d5_Infection1	Replicative	Non.Committed_Replicative	GSM5916706	Infection1_D5_Inf_50	NextSeq 500
D5SEQ50_GAACTGGCGGGA	D5SEQ50_GAACTGGCGGGA	CAPD5r50_GAACTGGCGGGA	CAPD5r50	CAPD5r50	Infection1	d5	CTRL	Infection1_d5	CTRL_d5_Infection1	Replicative	Non.Committed_Replicative	GSM5916706	Infection1_D5_Inf_50	NextSeq 500
D5SEQ50_GAAAAGAGCGGN	D5SEQ50_GAAAAGAGCGGN	CAPD5r50_GAAAAGAGCGGN	CAPD5r50	CAPD5r50	Infection1	d5	CTRL	Infection1_d5	CTRL_d5_Infection1	Replicative	Non.Committed_Replicative	GSM5916706	Infection1_D5_Inf_50	NextSeq 500
D5SEQ50_GTACTCCGGTAG	D5SEQ50_GTACTCCGGTAG	CAPD5r50_GTACTCCGGTAG	CAPD5r50	CAPD5r50	Infection1	d5	CTRL	Infection1_d5	CTRL_d5_Infection1	Replicative	Non.Committed_Replicative	GSM5916706	Infection1_D5_Inf_50	NextSeq 500
D5SEQ50_ATGCCGTAGAGG	D5SEQ50_ATGCCGTAGAGG	CAPD5r50_ATGCCGTAGAGG	CAPD5r50	CAPD5r50	Infection1	d5	CTRL	Infection1_d5	CTRL_d5_Infection1	Hypnozoite	Non.Committed_Hypnozoite	GSM5916706	Infection1_D5_Inf_50	NextSeq 500
D5SEQ50_GTACTCGGATAG	D5SEQ50_GTACTCGGATAG	CAPD5r50_GTACTCGGATAG	CAPD5r50	CAPD5r50	Infection1	d5	CTRL	Infection1_d5	CTRL_d5_Infection1	Replicative	Non.Committed_Replicative	GSM5916706	Infection1_D5_Inf_50	NextSeq 500
D5SEQ50_GTACGCCGATAG	D5SEQ50_GTACGCCGATAG	CAPD5r50_GTACGCCGATAG	CAPD5r50	CAPD5r50	Infection1	d5	CTRL	Infection1_d5	CTRL_d5_Infection1	Replicative	Non.Committed_Replicative	GSM5916706	Infection1_D5_Inf_50	NextSeq 500
D5SEQ50_GAACGGGCTGGA	D5SEQ50_GAACGGGCTGGA	CAPD5r50_GAACGGGCTGGA	CAPD5r50	CAPD5r50	Infection1	d5	CTRL	Infection1_d5	CTRL_d5_Infection1	Replicative	Non.Committed_Replicative	GSM5916706	Infection1_D5_Inf_50	NextSeq 500
D5SEQ50_GTTCTCCGATAG	D5SEQ50_GTTCTCCGATAG	CAPD5r50_GTTCTCCGATAG	CAPD5r50	CAPD5r50	Infection1	d5	CTRL	Infection1_d5	CTRL_d5_Infection1	Replicative	Non.Committed_Replicative	GSM5916706	Infection1_D5_Inf_50	NextSeq 500
D5SEQ50_GAAAAGAGCGCN	D5SEQ50_GAAAAGAGCGCN	CAPD5r50_GAAAAGAGCGCN	CAPD5r50	CAPD5r50	Infection1	d5	CTRL	Infection1_d5	CTRL_d5_Infection1	Replicative	Non.Committed_Replicative	GSM5916706	Infection1_D5_Inf_50	NextSeq 500
D5SEQ50_ATGCGGAAGAGG	D5SEQ50_ATGCGGAAGAGG	CAPD5r50_ATGCGGAAGAGG	CAPD5r50	CAPD5r50	Infection1	d5	CTRL	Infection1_d5	CTRL_d5_Infection1	Hypnozoite	Non.Committed_Hypnozoite	GSM5916706	Infection1_D5_Inf_50	NextSeq 500
D5SEQ50_TTGCGGTAGAGG	D5SEQ50_TTGCGGTAGAGG	CAPD5r50_TTGCGGTAGAGG	CAPD5r50	CAPD5r50	Infection1	d5	CTRL	Infection1_d5	CTRL_d5_Infection1	Hypnozoite	Non.Committed_Hypnozoite	GSM5916706	Infection1_D5_Inf_50	NextSeq 500
D5SEQ50_ATGAGGTAGAGG	D5SEQ50_ATGAGGTAGAGG	CAPD5r50_ATGAGGTAGAGG	CAPD5r50	CAPD5r50	Infection1	d5	CTRL	Infection1_d5	CTRL_d5_Infection1	Hypnozoite	Non.Committed_Hypnozoite	GSM5916706	Infection1_D5_Inf_50	NextSeq 500
D5SEQ50_GATCTGGCTGGA	D5SEQ50_GATCTGGCTGGA	CAPD5r50_GATCTGGCTGGA	CAPD5r50	CAPD5r50	Infection1	d5	CTRL	Infection1_d5	CTRL_d5_Infection1	Replicative	Non.Committed_Replicative	GSM5916706	Infection1_D5_Inf_50	NextSeq 500
D5SEQ50_CAACTCCGATAG	D5SEQ50_CAACTCCGATAG	CAPD5r50_CAACTCCGATAG	CAPD5r50	CAPD5r50	Infection1	d5	CTRL	Infection1_d5	CTRL_d5_Infection1	Replicative	Non.Committed_Replicative	GSM5916706	Infection1_D5_Inf_50	NextSeq 500
D5SEQ50_GAACACCGATAG	D5SEQ50_GAACACCGATAG	CAPD5r50_GAACACCGATAG	CAPD5r50	CAPD5r50	Infection1	d5	CTRL	Infection1_d5	CTRL_d5_Infection1	Replicative	Non.Committed_Replicative	GSM5916706	Infection1_D5_Inf_50	NextSeq 500
D5SEQ50_GGTCCTTACGAA	D5SEQ50_GGTCCTTACGAA	CAPD5r50_GGTCCTTACGAA	CAPD5r50	CAPD5r50	Infection1	d5	CTRL	Infection1_d5	CTRL_d5_Infection1	Replicative	Non.Committed_Replicative	GSM5916706	Infection1_D5_Inf_50	NextSeq 500
D5SEQ50_ATGCGGAAGAGA	D5SEQ50_ATGCGGAAGAGA	CAPD5r50_ATGCGGAAGAGA	CAPD5r50	CAPD5r50	Infection1	d5	CTRL	Infection1_d5	CTRL_d5_Infection1	Hypnozoite	Non.Committed_Hypnozoite	GSM5916706	Infection1_D5_Inf_50	NextSeq 500
D5SEQ50_ATGCGCTAGAGC	D5SEQ50_ATGCGCTAGAGC	CAPD5r50_ATGCGCTAGAGC	CAPD5r50	CAPD5r50	Infection1	d5	CTRL	Infection1_d5	CTRL_d5_Infection1	Hypnozoite	Non.Committed_Hypnozoite	GSM5916706	Infection1_D5_Inf_50	NextSeq 500
D5SEQ50_GTACTCCGAGAG	D5SEQ50_GTACTCCGAGAG	CAPD5r50_GTACTCCGAGAG	CAPD5r50	CAPD5r50	Infection1	d5	CTRL	Infection1_d5	CTRL_d5_Infection1	Replicative	Non.Committed_Replicative	GSM5916706	Infection1_D5_Inf_50	NextSeq 500
D5SEQ50_TAAATTGTACCC	D5SEQ50_TAAATTGTACCC	CAPD5r50_TAAATTGTACCC	CAPD5r50	CAPD5r50	Infection1	d5	CTRL	Infection1_d5	CTRL_d5_Infection1	Replicative	Non.Committed_Replicative	GSM5916706	Infection1_D5_Inf_50	NextSeq 500
D5SEQ50_ATCCGGTAGAGC	D5SEQ50_ATCCGGTAGAGC	CAPD5r50_ATCCGGTAGAGC	CAPD5r50	CAPD5r50	Infection1	d5	CTRL	Infection1_d5	CTRL_d5_Infection1	Hypnozoite	Non.Committed_Hypnozoite	GSM5916706	Infection1_D5_Inf_50	NextSeq 500
D5SEQ50_ATGCGGAAGAGC	D5SEQ50_ATGCGGAAGAGC	CAPD5r50_ATGCGGAAGAGC	CAPD5r50	CAPD5r50	Infection1	d5	CTRL	Infection1_d5	CTRL_d5_Infection1	Hypnozoite	Non.Committed_Hypnozoite	GSM5916706	Infection1_D5_Inf_50	NextSeq 500
D5SEQ50_ATGAGGTAGAGA	D5SEQ50_ATGAGGTAGAGA	CAPD5r50_ATGAGGTAGAGA	CAPD5r50	CAPD5r50	Infection1	d5	CTRL	Infection1_d5	CTRL_d5_Infection1	Replicative	Non.Committed_Replicative	GSM5916706	Infection1_D5_Inf_50	NextSeq 500
D5SEQ50_CATAAGAGCGGN	D5SEQ50_CATAAGAGCGGN	CAPD5r50_CATAAGAGCGGN	CAPD5r50	CAPD5r50	Infection1	d5	CTRL	Infection1_d5	CTRL_d5_Infection1	Replicative	Non.Committed_Replicative	GSM5916706	Infection1_D5_Inf_50	NextSeq 500
D5SEQ50_GAACTCCGATCG	D5SEQ50_GAACTCCGATCG	CAPD5r50_GAACTCCGATCG	CAPD5r50	CAPD5r50	Infection1	d5	CTRL	Infection1_d5	CTRL_d5_Infection1	Replicative	Non.Committed_Replicative	GSM5916706	Infection1_D5_Inf_50	NextSeq 500
D5SEQ50_ATGCGGAAGAGT	D5SEQ50_ATGCGGAAGAGT	CAPD5r50_ATGCGGAAGAGT	CAPD5r50	CAPD5r50	Infection1	d5	CTRL	Infection1_d5	CTRL_d5_Infection1	Hypnozoite	Non.Committed_Hypnozoite	GSM5916706	Infection1_D5_Inf_50	NextSeq 500
D5SEQ50_TTGCGGTAGAGC	D5SEQ50_TTGCGGTAGAGC	CAPD5r50_TTGCGGTAGAGC	CAPD5r50	CAPD5r50	Infection1	d5	CTRL	Infection1_d5	CTRL_d5_Infection1	Hypnozoite	Non.Committed_Hypnozoite	GSM5916706	Infection1_D5_Inf_50	NextSeq 500
D5SEQ50_ATGAGGTAGAGT	D5SEQ50_ATGAGGTAGAGT	CAPD5r50_ATGAGGTAGAGT	CAPD5r50	CAPD5r50	Infection1	d5	CTRL	Infection1_d5	CTRL_d5_Infection1	Hypnozoite	Non.Committed_Hypnozoite	GSM5916706	Infection1_D5_Inf_50	NextSeq 500
D5SEQ50_ATGAGGTAGAGC	D5SEQ50_ATGAGGTAGAGC	CAPD5r50_ATGAGGTAGAGC	CAPD5r50	CAPD5r50	Infection1	d5	CTRL	Infection1_d5	CTRL_d5_Infection1	Hypnozoite	Non.Committed_Hypnozoite	GSM5916706	Infection1_D5_Inf_50	NextSeq 500
D5SEQ50_TGACCTTACGAA	D5SEQ50_TGACCTTACGAA	CAPD5r50_TGACCTTACGAA	CAPD5r50	CAPD5r50	Infection1	d5	CTRL	Infection1_d5	CTRL_d5_Infection1	Replicative	Non.Committed_Replicative	GSM5916706	Infection1_D5_Inf_50	NextSeq 500
D5SEQ50_TTAATTGTACAC	D5SEQ50_TTAATTGTACAC	CAPD5r50_TTAATTGTACAC	CAPD5r50	CAPD5r50	Infection1	d5	CTRL	Infection1_d5	CTRL_d5_Infection1	Replicative	Non.Committed_Replicative	GSM5916706	Infection1_D5_Inf_50	NextSeq 500
D5SEQ50_ATGTGGTAGAGC	D5SEQ50_ATGTGGTAGAGC	CAPD5r50_ATGTGGTAGAGC	CAPD5r50	CAPD5r50	Infection1	d5	CTRL	Infection1_d5	CTRL_d5_Infection1	Replicative	Non.Committed_Replicative	GSM5916706	Infection1_D5_Inf_50	NextSeq 500
D5SEQ50_ATTCGGTAGAGA	D5SEQ50_ATTCGGTAGAGA	CAPD5r50_ATTCGGTAGAGA	CAPD5r50	CAPD5r50	Infection1	d5	CTRL	Infection1_d5	CTRL_d5_Infection1	Replicative	Non.Committed_Replicative	GSM5916706	Infection1_D5_Inf_50	NextSeq 500
D5SEQ50_GTAATTGTACCC	D5SEQ50_GTAATTGTACCC	CAPD5r50_GTAATTGTACCC	CAPD5r50	CAPD5r50	Infection1	d5	CTRL	Infection1_d5	CTRL_d5_Infection1	Replicative	Non.Committed_Replicative	GSM5916706	Infection1_D5_Inf_50	NextSeq 500
D5SEQ50_ATTCGGTAGAGG	D5SEQ50_ATTCGGTAGAGG	CAPD5r50_ATTCGGTAGAGG	CAPD5r50	CAPD5r50	Infection1	d5	CTRL	Infection1_d5	CTRL_d5_Infection1	Hypnozoite	Non.Committed_Hypnozoite	GSM5916706	Infection1_D5_Inf_50	NextSeq 500
D5SEQ50_GAAGCTACAGAC	D5SEQ50_GAAGCTACAGAC	CAPD5r50_GAAGCTACAGAC	CAPD5r50	CAPD5r50	Infection1	d5	CTRL	Infection1_d5	CTRL_d5_Infection1	Replicative	Non.Committed_Replicative	GSM5916706	Infection1_D5_Inf_50	NextSeq 500
D5SEQ50_CCGAAGCATCAG	D5SEQ50_CCGAAGCATCAG	CAPD5r50_CCGAAGCATCAG	CAPD5r50	CAPD5r50	Infection1	d5	CTRL	Infection1_d5	CTRL_d5_Infection1	Replicative	Non.Committed_Replicative	GSM5916706	Infection1_D5_Inf_50	NextSeq 500
D5SEQ50_ATGCTGTAGAGA	D5SEQ50_ATGCTGTAGAGA	CAPD5r50_ATGCTGTAGAGA	CAPD5r50	CAPD5r50	Infection1	d5	CTRL	Infection1_d5	CTRL_d5_Infection1	Hypnozoite	Non.Committed_Hypnozoite	GSM5916706	Infection1_D5_Inf_50	NextSeq 500
D5SEQ50_GAACTGGGTGGA	D5SEQ50_GAACTGGGTGGA	CAPD5r50_GAACTGGGTGGA	CAPD5r50	CAPD5r50	Infection1	d5	CTRL	Infection1_d5	CTRL_d5_Infection1	Replicative	Non.Committed_Replicative	GSM5916706	Infection1_D5_Inf_50	NextSeq 500
D5SEQ50_TGTCATTACGAA	D5SEQ50_TGTCATTACGAA	CAPD5r50_TGTCATTACGAA	CAPD5r50	CAPD5r50	Infection1	d5	CTRL	Infection1_d5	CTRL_d5_Infection1	Replicative	Non.Committed_Replicative	GSM5916706	Infection1_D5_Inf_50	NextSeq 500
D5SEQ50_CTACACCGATAG	D5SEQ50_CTACACCGATAG	CAPD5r50_CTACACCGATAG	CAPD5r50	CAPD5r50	Infection1	d5	CTRL	Infection1_d5	CTRL_d5_Infection1	Replicative	Non.Committed_Replicative	GSM5916706	Infection1_D5_Inf_50	NextSeq 500
D5SEQ50_ATGCTGTAGAGG	D5SEQ50_ATGCTGTAGAGG	CAPD5r50_ATGCTGTAGAGG	CAPD5r50	CAPD5r50	Infection1	d5	CTRL	Infection1_d5	CTRL_d5_Infection1	Replicative	Non.Committed_Replicative	GSM5916706	Infection1_D5_Inf_50	NextSeq 500
D5SEQ50_ATGCCGTAGAGA	D5SEQ50_ATGCCGTAGAGA	CAPD5r50_ATGCCGTAGAGA	CAPD5r50	CAPD5r50	Infection1	d5	CTRL	Infection1_d5	CTRL_d5_Infection1	Replicative	Non.Committed_Replicative	GSM5916706	Infection1_D5_Inf_50	NextSeq 500
D5SEQ50_ATTCGGTAGAGT	D5SEQ50_ATTCGGTAGAGT	CAPD5r50_ATTCGGTAGAGT	CAPD5r50	CAPD5r50	Infection1	d5	CTRL	Infection1_d5	CTRL_d5_Infection1	Hypnozoite	Non.Committed_Hypnozoite	GSM5916706	Infection1_D5_Inf_50	NextSeq 500
D5SEQ50_CAACAGGCTGGA	D5SEQ50_CAACAGGCTGGA	CAPD5r50_CAACAGGCTGGA	CAPD5r50	CAPD5r50	Infection1	d5	CTRL	Infection1_d5	CTRL_d5_Infection1	Replicative	Non.Committed_Replicative	GSM5916706	Infection1_D5_Inf_50	NextSeq 500
D5SEQ50_ATTCGGTAGAGC	D5SEQ50_ATTCGGTAGAGC	CAPD5r50_ATTCGGTAGAGC	CAPD5r50	CAPD5r50	Infection1	d5	CTRL	Infection1_d5	CTRL_d5_Infection1	Hypnozoite	Non.Committed_Hypnozoite	GSM5916706	Infection1_D5_Inf_50	NextSeq 500
D5SEQ50_GTACTGCGATAG	D5SEQ50_GTACTGCGATAG	CAPD5r50_GTACTGCGATAG	CAPD5r50	CAPD5r50	Infection1	d5	CTRL	Infection1_d5	CTRL_d5_Infection1	Replicative	Non.Committed_Replicative	GSM5916706	Infection1_D5_Inf_50	NextSeq 500
D5SEQ50_GAACAGGCTCGA	D5SEQ50_GAACAGGCTCGA	CAPD5r50_GAACAGGCTCGA	CAPD5r50	CAPD5r50	Infection1	d5	CTRL	Infection1_d5	CTRL_d5_Infection1	Replicative	Non.Committed_Replicative	GSM5916706	Infection1_D5_Inf_50	NextSeq 500
D5SEQ50_TAACTCCGATAG	D5SEQ50_TAACTCCGATAG	CAPD5r50_TAACTCCGATAG	CAPD5r50	CAPD5r50	Infection1	d5	CTRL	Infection1_d5	CTRL_d5_Infection1	Replicative	Non.Committed_Replicative	GSM5916706	Infection1_D5_Inf_50	NextSeq 500
D5SEQ50_GTAGTCCGATAG	D5SEQ50_GTAGTCCGATAG	CAPD5r50_GTAGTCCGATAG	CAPD5r50	CAPD5r50	Infection1	d5	CTRL	Infection1_d5	CTRL_d5_Infection1	Replicative	Non.Committed_Replicative	GSM5916706	Infection1_D5_Inf_50	NextSeq 500
D5SEQ50_ATGCGGGAGAGG	D5SEQ50_ATGCGGGAGAGG	CAPD5r50_ATGCGGGAGAGG	CAPD5r50	CAPD5r50	Infection1	d5	CTRL	Infection1_d5	CTRL_d5_Infection1	Replicative	Non.Committed_Replicative	GSM5916706	Infection1_D5_Inf_50	NextSeq 500
D5SEQ50_GTACACCGATCG	D5SEQ50_GTACACCGATCG	CAPD5r50_GTACACCGATCG	CAPD5r50	CAPD5r50	Infection1	d5	CTRL	Infection1_d5	CTRL_d5_Infection1	Replicative	Non.Committed_Replicative	GSM5916706	Infection1_D5_Inf_50	NextSeq 500
D5SEQ50_GTACTCAGATCG	D5SEQ50_GTACTCAGATCG	CAPD5r50_GTACTCAGATCG	CAPD5r50	CAPD5r50	Infection1	d5	CTRL	Infection1_d5	CTRL_d5_Infection1	Replicative	Non.Committed_Replicative	GSM5916706	Infection1_D5_Inf_50	NextSeq 500
D11SEQ100_ATACGACCGCAC	D11SEQ100_ATACGACCGCAC	CAPD11r100_ATACGACCGCAC	CAPD11r100	CAPD11r100	Infection1	d11	CTRL	Infection1_d11	CTRL_d11_Infection1	Replicative	Sexually.Committed_Replicative	GSM5916711	Infection1_D11_Inf_100	NextSeq 500
D11SEQ100_AAGCTATTGCGG	D11SEQ100_AAGCTATTGCGG	CAPD11r100_AAGCTATTGCGG	CAPD11r100	CAPD11r100	Infection1	d11	CTRL	Infection1_d11	CTRL_d11_Infection1	Replicative	Sexually.Committed_Replicative	GSM5916711	Infection1_D11_Inf_100	NextSeq 500
D11SEQ100_ACAGTCTCTATG	D11SEQ100_ACAGTCTCTATG	CAPD11r100_ACAGTCTCTATG	CAPD11r100	CAPD11r100	Infection1	d11	CTRL	Infection1_d11	CTRL_d11_Infection1	Replicative	Non.Committed_Replicative	GSM5916711	Infection1_D11_Inf_100	NextSeq 500
D11SEQ100_CGACCAAGAGCA	D11SEQ100_CGACCAAGAGCA	CAPD11r100_CGACCAAGAGCA	CAPD11r100	CAPD11r100	Infection1	d11	CTRL	Infection1_d11	CTRL_d11_Infection1	Replicative	Sexually.Committed_Replicative	GSM5916711	Infection1_D11_Inf_100	NextSeq 500
D11SEQ100_AGGAGGTTAGTG	D11SEQ100_AGGAGGTTAGTG	CAPD11r100_AGGAGGTTAGTG	CAPD11r100	CAPD11r100	Infection1	d11	CTRL	Infection1_d11	CTRL_d11_Infection1	Replicative	Sexually.Committed_Replicative	GSM5916711	Infection1_D11_Inf_100	NextSeq 500
D11SEQ100_AGATGTGCCAAA	D11SEQ100_AGATGTGCCAAA	CAPD11r100_AGATGTGCCAAA	CAPD11r100	CAPD11r100	Infection1	d11	CTRL	Infection1_d11	CTRL_d11_Infection1	Replicative	Sexually.Committed_Replicative	GSM5916711	Infection1_D11_Inf_100	NextSeq 500
D11SEQ100_CCCCCGCATACA	D11SEQ100_CCCCCGCATACA	CAPD11r100_CCCCCGCATACA	CAPD11r100	CAPD11r100	Infection1	d11	CTRL	Infection1_d11	CTRL_d11_Infection1	Replicative	Sexually.Committed_Replicative	GSM5916711	Infection1_D11_Inf_100	NextSeq 500
D11SEQ100_CACCAGTCACGT	D11SEQ100_CACCAGTCACGT	CAPD11r100_CACCAGTCACGT	CAPD11r100	CAPD11r100	Infection1	d11	CTRL	Infection1_d11	CTRL_d11_Infection1	Replicative	Non.Committed_Replicative	GSM5916711	Infection1_D11_Inf_100	NextSeq 500
D11SEQ100_CTCCTTGGTCTG	D11SEQ100_CTCCTTGGTCTG	CAPD11r100_CTCCTTGGTCTG	CAPD11r100	CAPD11r100	Infection1	d11	CTRL	Infection1_d11	CTRL_d11_Infection1	Replicative	Sexually.Committed_Replicative	GSM5916711	Infection1_D11_Inf_100	NextSeq 500
D11SEQ100_CTGGCATAAATA	D11SEQ100_CTGGCATAAATA	CAPD11r100_CTGGCATAAATA	CAPD11r100	CAPD11r100	Infection1	d11	CTRL	Infection1_d11	CTRL_d11_Infection1	Replicative	Non.Committed_Replicative	GSM5916711	Infection1_D11_Inf_100	NextSeq 500
D11SEQ100_TCGTAGGCCTCG	D11SEQ100_TCGTAGGCCTCG	CAPD11r100_TCGTAGGCCTCG	CAPD11r100	CAPD11r100	Infection1	d11	CTRL	Infection1_d11	CTRL_d11_Infection1	Replicative	Sexually.Committed_Replicative	GSM5916711	Infection1_D11_Inf_100	NextSeq 500
D11SEQ100_ATTGTCGGCGGA	D11SEQ100_ATTGTCGGCGGA	CAPD11r100_ATTGTCGGCGGA	CAPD11r100	CAPD11r100	Infection1	d11	CTRL	Infection1_d11	CTRL_d11_Infection1	Replicative	Sexually.Committed_Replicative	GSM5916711	Infection1_D11_Inf_100	NextSeq 500
D11SEQ100_TTGTCTCGTGTG	D11SEQ100_TTGTCTCGTGTG	CAPD11r100_TTGTCTCGTGTG	CAPD11r100	CAPD11r100	Infection1	d11	CTRL	Infection1_d11	CTRL_d11_Infection1	Replicative	Sexually.Committed_Replicative	GSM5916711	Infection1_D11_Inf_100	NextSeq 500
D11SEQ100_ATAACCCTCCCT	D11SEQ100_ATAACCCTCCCT	CAPD11r100_ATAACCCTCCCT	CAPD11r100	CAPD11r100	Infection1	d11	CTRL	Infection1_d11	CTRL_d11_Infection1	Replicative	Non.Committed_Replicative	GSM5916711	Infection1_D11_Inf_100	NextSeq 500
D11SEQ100_CTACCGAGGTCG	D11SEQ100_CTACCGAGGTCG	CAPD11r100_CTACCGAGGTCG	CAPD11r100	CAPD11r100	Infection1	d11	CTRL	Infection1_d11	CTRL_d11_Infection1	Replicative	Non.Committed_Replicative	GSM5916711	Infection1_D11_Inf_100	NextSeq 500
D11SEQ100_GGTCCCCAATAG	D11SEQ100_GGTCCCCAATAG	CAPD11r100_GGTCCCCAATAG	CAPD11r100	CAPD11r100	Infection1	d11	CTRL	Infection1_d11	CTRL_d11_Infection1	Replicative	Non.Committed_Replicative	GSM5916711	Infection1_D11_Inf_100	NextSeq 500
D11SEQ100_ATGGCGATTATC	D11SEQ100_ATGGCGATTATC	CAPD11r100_ATGGCGATTATC	CAPD11r100	CAPD11r100	Infection1	d11	CTRL	Infection1_d11	CTRL_d11_Infection1	Replicative	Non.Committed_Replicative	GSM5916711	Infection1_D11_Inf_100	NextSeq 500
D11SEQ100_ATACGCCCGCAC	D11SEQ100_ATACGCCCGCAC	CAPD11r100_ATACGCCCGCAC	CAPD11r100	CAPD11r100	Infection1	d11	CTRL	Infection1_d11	CTRL_d11_Infection1	Replicative	Non.Committed_Replicative	GSM5916711	Infection1_D11_Inf_100	NextSeq 500
D11SEQ100_GGTCCCCAATAC	D11SEQ100_GGTCCCCAATAC	CAPD11r100_GGTCCCCAATAC	CAPD11r100	CAPD11r100	Infection1	d11	CTRL	Infection1_d11	CTRL_d11_Infection1	Replicative	Sexually.Committed_Replicative	GSM5916711	Infection1_D11_Inf_100	NextSeq 500
D11SEQ100_CGGTTGCTTCTA	D11SEQ100_CGGTTGCTTCTA	CAPD11r100_CGGTTGCTTCTA	CAPD11r100	CAPD11r100	Infection1	d11	CTRL	Infection1_d11	CTRL_d11_Infection1	Replicative	Non.Committed_Replicative	GSM5916711	Infection1_D11_Inf_100	NextSeq 500
D11SEQ100_ATACGACCGCCC	D11SEQ100_ATACGACCGCCC	CAPD11r100_ATACGACCGCCC	CAPD11r100	CAPD11r100	Infection1	d11	CTRL	Infection1_d11	CTRL_d11_Infection1	Replicative	Sexually.Committed_Replicative	GSM5916711	Infection1_D11_Inf_100	NextSeq 500
D11SEQ100_GGTTACCCCTTA	D11SEQ100_GGTTACCCCTTA	CAPD11r100_GGTTACCCCTTA	CAPD11r100	CAPD11r100	Infection1	d11	CTRL	Infection1_d11	CTRL_d11_Infection1	Replicative	Non.Committed_Replicative	GSM5916711	Infection1_D11_Inf_100	NextSeq 500
D11SEQ100_GCCTGGGTACGG	D11SEQ100_GCCTGGGTACGG	CAPD11r100_GCCTGGGTACGG	CAPD11r100	CAPD11r100	Infection1	d11	CTRL	Infection1_d11	CTRL_d11_Infection1	Replicative	Non.Committed_Replicative	GSM5916711	Infection1_D11_Inf_100	NextSeq 500
D11SEQ100_TGCACGTCACGT	D11SEQ100_TGCACGTCACGT	CAPD11r100_TGCACGTCACGT	CAPD11r100	CAPD11r100	Infection1	d11	CTRL	Infection1_d11	CTRL_d11_Infection1	Replicative	Sexually.Committed_Replicative	GSM5916711	Infection1_D11_Inf_100	NextSeq 500
D11SEQ100_CCACGGGTTGAG	D11SEQ100_CCACGGGTTGAG	CAPD11r100_CCACGGGTTGAG	CAPD11r100	CAPD11r100	Infection1	d11	CTRL	Infection1_d11	CTRL_d11_Infection1	Replicative	Non.Committed_Replicative	GSM5916711	Infection1_D11_Inf_100	NextSeq 500
D11SEQ100_GGTCCCCAATAA	D11SEQ100_GGTCCCCAATAA	CAPD11r100_GGTCCCCAATAA	CAPD11r100	CAPD11r100	Infection1	d11	CTRL	Infection1_d11	CTRL_d11_Infection1	Replicative	Non.Committed_Replicative	GSM5916711	Infection1_D11_Inf_100	NextSeq 500
D11SEQ100_CTATCCAACAGT	D11SEQ100_CTATCCAACAGT	CAPD11r100_CTATCCAACAGT	CAPD11r100	CAPD11r100	Infection1	d11	CTRL	Infection1_d11	CTRL_d11_Infection1	Replicative	Non.Committed_Replicative	GSM5916711	Infection1_D11_Inf_100	NextSeq 500
D11SEQ100_GCACTGATTAGG	D11SEQ100_GCACTGATTAGG	CAPD11r100_GCACTGATTAGG	CAPD11r100	CAPD11r100	Infection1	d11	CTRL	Infection1_d11	CTRL_d11_Infection1	Replicative	Non.Committed_Replicative	GSM5916711	Infection1_D11_Inf_100	NextSeq 500
D11SEQ100_CGAGTTCATCGA	D11SEQ100_CGAGTTCATCGA	CAPD11r100_CGAGTTCATCGA	CAPD11r100	CAPD11r100	Infection1	d11	CTRL	Infection1_d11	CTRL_d11_Infection1	Replicative	Non.Committed_Replicative	GSM5916711	Infection1_D11_Inf_100	NextSeq 500
D11SEQ100_GGATCGGTCGCT	D11SEQ100_GGATCGGTCGCT	CAPD11r100_GGATCGGTCGCT	CAPD11r100	CAPD11r100	Infection1	d11	CTRL	Infection1_d11	CTRL_d11_Infection1	Replicative	Non.Committed_Replicative	GSM5916711	Infection1_D11_Inf_100	NextSeq 500
D11SEQ100_CGATATGGGCCG	D11SEQ100_CGATATGGGCCG	CAPD11r100_CGATATGGGCCG	CAPD11r100	CAPD11r100	Infection1	d11	CTRL	Infection1_d11	CTRL_d11_Infection1	Replicative	Sexually.Committed_Replicative	GSM5916711	Infection1_D11_Inf_100	NextSeq 500
D11SEQ100_CTACGACGCAGC	D11SEQ100_CTACGACGCAGC	CAPD11r100_CTACGACGCAGC	CAPD11r100	CAPD11r100	Infection1	d11	CTRL	Infection1_d11	CTRL_d11_Infection1	Replicative	Non.Committed_Replicative	GSM5916711	Infection1_D11_Inf_100	NextSeq 500
D11SEQ100_GCCTGGGTACGC	D11SEQ100_GCCTGGGTACGC	CAPD11r100_GCCTGGGTACGC	CAPD11r100	CAPD11r100	Infection1	d11	CTRL	Infection1_d11	CTRL_d11_Infection1	Replicative	Non.Committed_Replicative	GSM5916711	Infection1_D11_Inf_100	NextSeq 500
D11SEQ100_GGTCCCCAATAT	D11SEQ100_GGTCCCCAATAT	CAPD11r100_GGTCCCCAATAT	CAPD11r100	CAPD11r100	Infection1	d11	CTRL	Infection1_d11	CTRL_d11_Infection1	Replicative	Non.Committed_Replicative	GSM5916711	Infection1_D11_Inf_100	NextSeq 500
D11SEQ100_TCAATTTCGGAG	D11SEQ100_TCAATTTCGGAG	CAPD11r100_TCAATTTCGGAG	CAPD11r100	CAPD11r100	Infection1	d11	CTRL	Infection1_d11	CTRL_d11_Infection1	Replicative	Sexually.Committed_Replicative	GSM5916711	Infection1_D11_Inf_100	NextSeq 500
D11SEQ100_TTACCGTCGTTT	D11SEQ100_TTACCGTCGTTT	CAPD11r100_TTACCGTCGTTT	CAPD11r100	CAPD11r100	Infection1	d11	CTRL	Infection1_d11	CTRL_d11_Infection1	Replicative	Non.Committed_Replicative	GSM5916711	Infection1_D11_Inf_100	NextSeq 500
D11SEQ100_CCGTCCCATACT	D11SEQ100_CCGTCCCATACT	CAPD11r100_CCGTCCCATACT	CAPD11r100	CAPD11r100	Infection1	d11	CTRL	Infection1_d11	CTRL_d11_Infection1	Replicative	Non.Committed_Replicative	GSM5916711	Infection1_D11_Inf_100	NextSeq 500
D11SEQ100_GCCTGGGTACGT	D11SEQ100_GCCTGGGTACGT	CAPD11r100_GCCTGGGTACGT	CAPD11r100	CAPD11r100	Infection1	d11	CTRL	Infection1_d11	CTRL_d11_Infection1	Replicative	Non.Committed_Replicative	GSM5916711	Infection1_D11_Inf_100	NextSeq 500
D11SEQ100_ACGTCCAGGGCT	D11SEQ100_ACGTCCAGGGCT	CAPD11r100_ACGTCCAGGGCT	CAPD11r100	CAPD11r100	Infection1	d11	CTRL	Infection1_d11	CTRL_d11_Infection1	Replicative	Non.Committed_Replicative	GSM5916711	Infection1_D11_Inf_100	NextSeq 500
D11SEQ100_CAGCGAACGCTG	D11SEQ100_CAGCGAACGCTG	CAPD11r100_CAGCGAACGCTG	CAPD11r100	CAPD11r100	Infection1	d11	CTRL	Infection1_d11	CTRL_d11_Infection1	Replicative	Non.Committed_Replicative	GSM5916711	Infection1_D11_Inf_100	NextSeq 500
D11SEQ100_CAGCGAACGCTC	D11SEQ100_CAGCGAACGCTC	CAPD11r100_CAGCGAACGCTC	CAPD11r100	CAPD11r100	Infection1	d11	CTRL	Infection1_d11	CTRL_d11_Infection1	Replicative	Non.Committed_Replicative	GSM5916711	Infection1_D11_Inf_100	NextSeq 500
D11SEQ100_CTATAACAGGCG	D11SEQ100_CTATAACAGGCG	CAPD11r100_CTATAACAGGCG	CAPD11r100	CAPD11r100	Infection1	d11	CTRL	Infection1_d11	CTRL_d11_Infection1	Replicative	Non.Committed_Replicative	GSM5916711	Infection1_D11_Inf_100	NextSeq 500
D11SEQ100_AACGAGTCCCCC	D11SEQ100_AACGAGTCCCCC	CAPD11r100_AACGAGTCCCCC	CAPD11r100	CAPD11r100	Infection1	d11	CTRL	Infection1_d11	CTRL_d11_Infection1	Replicative	Non.Committed_Replicative	GSM5916711	Infection1_D11_Inf_100	NextSeq 500
D11SEQ100_GCCTGGGTACGA	D11SEQ100_GCCTGGGTACGA	CAPD11r100_GCCTGGGTACGA	CAPD11r100	CAPD11r100	Infection1	d11	CTRL	Infection1_d11	CTRL_d11_Infection1	Replicative	Non.Committed_Replicative	GSM5916711	Infection1_D11_Inf_100	NextSeq 500
D11SEQ100_CTTCCTCGATCG	D11SEQ100_CTTCCTCGATCG	CAPD11r100_CTTCCTCGATCG	CAPD11r100	CAPD11r100	Infection1	d11	CTRL	Infection1_d11	CTRL_d11_Infection1	Replicative	Sexually.Committed_Replicative	GSM5916711	Infection1_D11_Inf_100	NextSeq 500
D11SEQ100_TCTATTGGTCAC	D11SEQ100_TCTATTGGTCAC	CAPD11r100_TCTATTGGTCAC	CAPD11r100	CAPD11r100	Infection1	d11	CTRL	Infection1_d11	CTRL_d11_Infection1	Replicative	Sexually.Committed_Replicative	GSM5916711	Infection1_D11_Inf_100	NextSeq 500
D11SEQ100_CTCGTCCGTAAC	D11SEQ100_CTCGTCCGTAAC	CAPD11r100_CTCGTCCGTAAC	CAPD11r100	CAPD11r100	Infection1	d11	CTRL	Infection1_d11	CTRL_d11_Infection1	Replicative	Non.Committed_Replicative	GSM5916711	Infection1_D11_Inf_100	NextSeq 500
D11SEQ100_AAGCTCTTGCGG	D11SEQ100_AAGCTCTTGCGG	CAPD11r100_AAGCTCTTGCGG	CAPD11r100	CAPD11r100	Infection1	d11	CTRL	Infection1_d11	CTRL_d11_Infection1	Replicative	Sexually.Committed_Replicative	GSM5916711	Infection1_D11_Inf_100	NextSeq 500
D11SEQ100_ACCCTGCAAGTT	D11SEQ100_ACCCTGCAAGTT	CAPD11r100_ACCCTGCAAGTT	CAPD11r100	CAPD11r100	Infection1	d11	CTRL	Infection1_d11	CTRL_d11_Infection1	Replicative	Sexually.Committed_Replicative	GSM5916711	Infection1_D11_Inf_100	NextSeq 500
D11SEQ100_TTTTTGTGCTGT	D11SEQ100_TTTTTGTGCTGT	CAPD11r100_TTTTTGTGCTGT	CAPD11r100	CAPD11r100	Infection1	d11	CTRL	Infection1_d11	CTRL_d11_Infection1	Replicative	Non.Committed_Replicative	GSM5916711	Infection1_D11_Inf_100	NextSeq 500
D11SEQ100_TGACAACGGTGC	D11SEQ100_TGACAACGGTGC	CAPD11r100_TGACAACGGTGC	CAPD11r100	CAPD11r100	Infection1	d11	CTRL	Infection1_d11	CTRL_d11_Infection1	Replicative	Sexually.Committed_Replicative	GSM5916711	Infection1_D11_Inf_100	NextSeq 500
D11SEQ100_GGGTAGTAATTC	D11SEQ100_GGGTAGTAATTC	CAPD11r100_GGGTAGTAATTC	CAPD11r100	CAPD11r100	Infection1	d11	CTRL	Infection1_d11	CTRL_d11_Infection1	Replicative	Non.Committed_Replicative	GSM5916711	Infection1_D11_Inf_100	NextSeq 500
D11SEQ100_TGATTCCGCACG	D11SEQ100_TGATTCCGCACG	CAPD11r100_TGATTCCGCACG	CAPD11r100	CAPD11r100	Infection1	d11	CTRL	Infection1_d11	CTRL_d11_Infection1	Replicative	Non.Committed_Replicative	GSM5916711	Infection1_D11_Inf_100	NextSeq 500
D11SEQ100_CGCGTATGCCGT	D11SEQ100_CGCGTATGCCGT	CAPD11r100_CGCGTATGCCGT	CAPD11r100	CAPD11r100	Infection1	d11	CTRL	Infection1_d11	CTRL_d11_Infection1	Replicative	Non.Committed_Replicative	GSM5916711	Infection1_D11_Inf_100	NextSeq 500
D11SEQ100_CAGCGAACGCTA	D11SEQ100_CAGCGAACGCTA	CAPD11r100_CAGCGAACGCTA	CAPD11r100	CAPD11r100	Infection1	d11	CTRL	Infection1_d11	CTRL_d11_Infection1	Replicative	Non.Committed_Replicative	GSM5916711	Infection1_D11_Inf_100	NextSeq 500
D11SEQ100_CAGCGAACGCTT	D11SEQ100_CAGCGAACGCTT	CAPD11r100_CAGCGAACGCTT	CAPD11r100	CAPD11r100	Infection1	d11	CTRL	Infection1_d11	CTRL_d11_Infection1	Replicative	Non.Committed_Replicative	GSM5916711	Infection1_D11_Inf_100	NextSeq 500
D11SEQ100_AGGCATCTGAAT	D11SEQ100_AGGCATCTGAAT	CAPD11r100_AGGCATCTGAAT	CAPD11r100	CAPD11r100	Infection1	d11	CTRL	Infection1_d11	CTRL_d11_Infection1	Replicative	Non.Committed_Replicative	GSM5916711	Infection1_D11_Inf_100	NextSeq 500
D11SEQ100_CTATACATAACC	D11SEQ100_CTATACATAACC	CAPD11r100_CTATACATAACC	CAPD11r100	CAPD11r100	Infection1	d11	CTRL	Infection1_d11	CTRL_d11_Infection1	Replicative	Non.Committed_Replicative	GSM5916711	Infection1_D11_Inf_100	NextSeq 500
D11SEQ100_AAATGGTTGATG	D11SEQ100_AAATGGTTGATG	CAPD11r100_AAATGGTTGATG	CAPD11r100	CAPD11r100	Infection1	d11	CTRL	Infection1_d11	CTRL_d11_Infection1	Replicative	Non.Committed_Replicative	GSM5916711	Infection1_D11_Inf_100	NextSeq 500
D11SEQ100_TGGGACGTCGTC	D11SEQ100_TGGGACGTCGTC	CAPD11r100_TGGGACGTCGTC	CAPD11r100	CAPD11r100	Infection1	d11	CTRL	Infection1_d11	CTRL_d11_Infection1	Replicative	Non.Committed_Replicative	GSM5916711	Infection1_D11_Inf_100	NextSeq 500
D11SEQ100_GGAAGCTGGGAT	D11SEQ100_GGAAGCTGGGAT	CAPD11r100_GGAAGCTGGGAT	CAPD11r100	CAPD11r100	Infection1	d11	CTRL	Infection1_d11	CTRL_d11_Infection1	Replicative	Non.Committed_Replicative	GSM5916711	Infection1_D11_Inf_100	NextSeq 500
D11SEQ100_CTAGTTATGTTA	D11SEQ100_CTAGTTATGTTA	CAPD11r100_CTAGTTATGTTA	CAPD11r100	CAPD11r100	Infection1	d11	CTRL	Infection1_d11	CTRL_d11_Infection1	Replicative	Non.Committed_Replicative	GSM5916711	Infection1_D11_Inf_100	NextSeq 500
D11SEQ100_CGACCACGAGCA	D11SEQ100_CGACCACGAGCA	CAPD11r100_CGACCACGAGCA	CAPD11r100	CAPD11r100	Infection1	d11	CTRL	Infection1_d11	CTRL_d11_Infection1	Replicative	Non.Committed_Replicative	GSM5916711	Infection1_D11_Inf_100	NextSeq 500
D11SEQ100_TTACCTTTTCAA	D11SEQ100_TTACCTTTTCAA	CAPD11r100_TTACCTTTTCAA	CAPD11r100	CAPD11r100	Infection1	d11	CTRL	Infection1_d11	CTRL_d11_Infection1	Replicative	Non.Committed_Replicative	GSM5916711	Infection1_D11_Inf_100	NextSeq 500
D11SEQ100_ATCTTGTACCCG	D11SEQ100_ATCTTGTACCCG	CAPD11r100_ATCTTGTACCCG	CAPD11r100	CAPD11r100	Infection1	d11	CTRL	Infection1_d11	CTRL_d11_Infection1	Replicative	Non.Committed_Replicative	GSM5916711	Infection1_D11_Inf_100	NextSeq 500
D11SEQ100_AGAGTTAGCTAA	D11SEQ100_AGAGTTAGCTAA	CAPD11r100_AGAGTTAGCTAA	CAPD11r100	CAPD11r100	Infection1	d11	CTRL	Infection1_d11	CTRL_d11_Infection1	Replicative	Non.Committed_Replicative	GSM5916711	Infection1_D11_Inf_100	NextSeq 500
D11SEQ100_CGACCCAGAGCA	D11SEQ100_CGACCCAGAGCA	CAPD11r100_CGACCCAGAGCA	CAPD11r100	CAPD11r100	Infection1	d11	CTRL	Infection1_d11	CTRL_d11_Infection1	Replicative	Non.Committed_Replicative	GSM5916711	Infection1_D11_Inf_100	NextSeq 500
D11SEQ100_TGTTCGCATCCA	D11SEQ100_TGTTCGCATCCA	CAPD11r100_TGTTCGCATCCA	CAPD11r100	CAPD11r100	Infection1	d11	CTRL	Infection1_d11	CTRL_d11_Infection1	Replicative	Non.Committed_Replicative	GSM5916711	Infection1_D11_Inf_100	NextSeq 500
D11SEQ100_ATTGTAGGCCGA	D11SEQ100_ATTGTAGGCCGA	CAPD11r100_ATTGTAGGCCGA	CAPD11r100	CAPD11r100	Infection1	d11	CTRL	Infection1_d11	CTRL_d11_Infection1	Replicative	Non.Committed_Replicative	GSM5916711	Infection1_D11_Inf_100	NextSeq 500
D11SEQ100_AGGCGGTTAGTG	D11SEQ100_AGGCGGTTAGTG	CAPD11r100_AGGCGGTTAGTG	CAPD11r100	CAPD11r100	Infection1	d11	CTRL	Infection1_d11	CTRL_d11_Infection1	Replicative	Non.Committed_Replicative	GSM5916711	Infection1_D11_Inf_100	NextSeq 500
D11SEQ100_TCGCCGATAGGC	D11SEQ100_TCGCCGATAGGC	CAPD11r100_TCGCCGATAGGC	CAPD11r100	CAPD11r100	Infection1	d11	CTRL	Infection1_d11	CTRL_d11_Infection1	Replicative	Non.Committed_Replicative	GSM5916711	Infection1_D11_Inf_100	NextSeq 500
D11SEQ100_GTACGCTCCTTA	D11SEQ100_GTACGCTCCTTA	CAPD11r100_GTACGCTCCTTA	CAPD11r100	CAPD11r100	Infection1	d11	CTRL	Infection1_d11	CTRL_d11_Infection1	Replicative	Non.Committed_Replicative	GSM5916711	Infection1_D11_Inf_100	NextSeq 500
D11SEQ100_CTTACACTCATG	D11SEQ100_CTTACACTCATG	CAPD11r100_CTTACACTCATG	CAPD11r100	CAPD11r100	Infection1	d11	CTRL	Infection1_d11	CTRL_d11_Infection1	Replicative	Non.Committed_Replicative	GSM5916711	Infection1_D11_Inf_100	NextSeq 500
D11SEQ100_AGATGTGCCACA	D11SEQ100_AGATGTGCCACA	CAPD11r100_AGATGTGCCACA	CAPD11r100	CAPD11r100	Infection1	d11	CTRL	Infection1_d11	CTRL_d11_Infection1	Replicative	Non.Committed_Replicative	GSM5916711	Infection1_D11_Inf_100	NextSeq 500
D11SEQ100_CACCGTCTATGA	D11SEQ100_CACCGTCTATGA	CAPD11r100_CACCGTCTATGA	CAPD11r100	CAPD11r100	Infection1	d11	CTRL	Infection1_d11	CTRL_d11_Infection1	Replicative	Non.Committed_Replicative	GSM5916711	Infection1_D11_Inf_100	NextSeq 500
D11SEQ100_CAGTCCGGCACC	D11SEQ100_CAGTCCGGCACC	CAPD11r100_CAGTCCGGCACC	CAPD11r100	CAPD11r100	Infection1	d11	CTRL	Infection1_d11	CTRL_d11_Infection1	Replicative	Non.Committed_Replicative	GSM5916711	Infection1_D11_Inf_100	NextSeq 500
D11SEQ100_CCAATCCAGGTA	D11SEQ100_CCAATCCAGGTA	CAPD11r100_CCAATCCAGGTA	CAPD11r100	CAPD11r100	Infection1	d11	CTRL	Infection1_d11	CTRL_d11_Infection1	Replicative	Non.Committed_Replicative	GSM5916711	Infection1_D11_Inf_100	NextSeq 500
D11SEQ100_ATTGTAGGCGAA	D11SEQ100_ATTGTAGGCGAA	CAPD11r100_ATTGTAGGCGAA	CAPD11r100	CAPD11r100	Infection1	d11	CTRL	Infection1_d11	CTRL_d11_Infection1	Replicative	Sexually.Committed_Replicative	GSM5916711	Infection1_D11_Inf_100	NextSeq 500
D11SEQ100_CTGTCCGAGCCC	D11SEQ100_CTGTCCGAGCCC	CAPD11r100_CTGTCCGAGCCC	CAPD11r100	CAPD11r100	Infection1	d11	CTRL	Infection1_d11	CTRL_d11_Infection1	Replicative	Non.Committed_Replicative	GSM5916711	Infection1_D11_Inf_100	NextSeq 500
D11SEQ100_CCGGCCTAGGAG	D11SEQ100_CCGGCCTAGGAG	CAPD11r100_CCGGCCTAGGAG	CAPD11r100	CAPD11r100	Infection1	d11	CTRL	Infection1_d11	CTRL_d11_Infection1	Replicative	Non.Committed_Replicative	GSM5916711	Infection1_D11_Inf_100	NextSeq 500
D11SEQ100_CGATCTGGATAA	D11SEQ100_CGATCTGGATAA	CAPD11r100_CGATCTGGATAA	CAPD11r100	CAPD11r100	Infection1	d11	CTRL	Infection1_d11	CTRL_d11_Infection1	Replicative	Non.Committed_Replicative	GSM5916711	Infection1_D11_Inf_100	NextSeq 500
D11SEQ100_ATGGGACCTGTG	D11SEQ100_ATGGGACCTGTG	CAPD11r100_ATGGGACCTGTG	CAPD11r100	CAPD11r100	Infection1	d11	CTRL	Infection1_d11	CTRL_d11_Infection1	Replicative	Non.Committed_Replicative	GSM5916711	Infection1_D11_Inf_100	NextSeq 500
D11SEQ100_ACTGCGGCTCAT	D11SEQ100_ACTGCGGCTCAT	CAPD11r100_ACTGCGGCTCAT	CAPD11r100	CAPD11r100	Infection1	d11	CTRL	Infection1_d11	CTRL_d11_Infection1	Replicative	Non.Committed_Replicative	GSM5916711	Infection1_D11_Inf_100	NextSeq 500
D11SEQ100_CTGCATCTCGGG	D11SEQ100_CTGCATCTCGGG	CAPD11r100_CTGCATCTCGGG	CAPD11r100	CAPD11r100	Infection1	d11	CTRL	Infection1_d11	CTRL_d11_Infection1	Replicative	Non.Committed_Replicative	GSM5916711	Infection1_D11_Inf_100	NextSeq 500
D11SEQ100_AAGAACACCGTA	D11SEQ100_AAGAACACCGTA	CAPD11r100_AAGAACACCGTA	CAPD11r100	CAPD11r100	Infection1	d11	CTRL	Infection1_d11	CTRL_d11_Infection1	Replicative	Non.Committed_Replicative	GSM5916711	Infection1_D11_Inf_100	NextSeq 500
D11SEQ100_CCCCGCGCGCTT	D11SEQ100_CCCCGCGCGCTT	CAPD11r100_CCCCGCGCGCTT	CAPD11r100	CAPD11r100	Infection1	d11	CTRL	Infection1_d11	CTRL_d11_Infection1	Replicative	Non.Committed_Replicative	GSM5916711	Infection1_D11_Inf_100	NextSeq 500
D11SEQ100_AGACCGTCTAGA	D11SEQ100_AGACCGTCTAGA	CAPD11r100_AGACCGTCTAGA	CAPD11r100	CAPD11r100	Infection1	d11	CTRL	Infection1_d11	CTRL_d11_Infection1	Replicative	Non.Committed_Replicative	GSM5916711	Infection1_D11_Inf_100	NextSeq 500
D11SEQ100_CGAGCGACATGG	D11SEQ100_CGAGCGACATGG	CAPD11r100_CGAGCGACATGG	CAPD11r100	CAPD11r100	Infection1	d11	CTRL	Infection1_d11	CTRL_d11_Infection1	Replicative	Non.Committed_Replicative	GSM5916711	Infection1_D11_Inf_100	NextSeq 500
D11SEQ100_TACATAAGATCC	D11SEQ100_TACATAAGATCC	CAPD11r100_TACATAAGATCC	CAPD11r100	CAPD11r100	Infection1	d11	CTRL	Infection1_d11	CTRL_d11_Infection1	Replicative	Non.Committed_Replicative	GSM5916711	Infection1_D11_Inf_100	NextSeq 500
D11SEQ100_GTTGTAGGCGGA	D11SEQ100_GTTGTAGGCGGA	CAPD11r100_GTTGTAGGCGGA	CAPD11r100	CAPD11r100	Infection1	d11	CTRL	Infection1_d11	CTRL_d11_Infection1	Replicative	Sexually.Committed_Replicative	GSM5916711	Infection1_D11_Inf_100	NextSeq 500
D11SEQ100_GGTTGTGTGCCT	D11SEQ100_GGTTGTGTGCCT	CAPD11r100_GGTTGTGTGCCT	CAPD11r100	CAPD11r100	Infection1	d11	CTRL	Infection1_d11	CTRL_d11_Infection1	Replicative	Non.Committed_Replicative	GSM5916711	Infection1_D11_Inf_100	NextSeq 500
D11SEQ100_ACTGTTGTCATG	D11SEQ100_ACTGTTGTCATG	CAPD11r100_ACTGTTGTCATG	CAPD11r100	CAPD11r100	Infection1	d11	CTRL	Infection1_d11	CTRL_d11_Infection1	Replicative	Non.Committed_Replicative	GSM5916711	Infection1_D11_Inf_100	NextSeq 500
D11SEQ100_AGTATGTCCACA	D11SEQ100_AGTATGTCCACA	CAPD11r100_AGTATGTCCACA	CAPD11r100	CAPD11r100	Infection1	d11	CTRL	Infection1_d11	CTRL_d11_Infection1	Replicative	Non.Committed_Replicative	GSM5916711	Infection1_D11_Inf_100	NextSeq 500
D11SEQ100_TATCCGCAATCG	D11SEQ100_TATCCGCAATCG	CAPD11r100_TATCCGCAATCG	CAPD11r100	CAPD11r100	Infection1	d11	CTRL	Infection1_d11	CTRL_d11_Infection1	Replicative	Non.Committed_Replicative	GSM5916711	Infection1_D11_Inf_100	NextSeq 500
D11SEQ100_TTAGGAGGCGAG	D11SEQ100_TTAGGAGGCGAG	CAPD11r100_TTAGGAGGCGAG	CAPD11r100	CAPD11r100	Infection1	d11	CTRL	Infection1_d11	CTRL_d11_Infection1	Replicative	Non.Committed_Replicative	GSM5916711	Infection1_D11_Inf_100	NextSeq 500
D11SEQ100_GGACTATTCTCG	D11SEQ100_GGACTATTCTCG	CAPD11r100_GGACTATTCTCG	CAPD11r100	CAPD11r100	Infection1	d11	CTRL	Infection1_d11	CTRL_d11_Infection1	Replicative	Non.Committed_Replicative	GSM5916711	Infection1_D11_Inf_100	NextSeq 500
D11SEQ100_AGCCTGAGGATG	D11SEQ100_AGCCTGAGGATG	CAPD11r100_AGCCTGAGGATG	CAPD11r100	CAPD11r100	Infection1	d11	CTRL	Infection1_d11	CTRL_d11_Infection1	Replicative	Non.Committed_Replicative	GSM5916711	Infection1_D11_Inf_100	NextSeq 500
D11SEQ100_GGCTGATCCGCC	D11SEQ100_GGCTGATCCGCC	CAPD11r100_GGCTGATCCGCC	CAPD11r100	CAPD11r100	Infection1	d11	CTRL	Infection1_d11	CTRL_d11_Infection1	Replicative	Non.Committed_Replicative	GSM5916711	Infection1_D11_Inf_100	NextSeq 500
D11SEQ100_GAAGGTGCGCAC	D11SEQ100_GAAGGTGCGCAC	CAPD11r100_GAAGGTGCGCAC	CAPD11r100	CAPD11r100	Infection1	d11	CTRL	Infection1_d11	CTRL_d11_Infection1	Replicative	Non.Committed_Replicative	GSM5916711	Infection1_D11_Inf_100	NextSeq 500
D11SEQ100_CTAAGCTGCTAA	D11SEQ100_CTAAGCTGCTAA	CAPD11r100_CTAAGCTGCTAA	CAPD11r100	CAPD11r100	Infection1	d11	CTRL	Infection1_d11	CTRL_d11_Infection1	Replicative	Non.Committed_Replicative	GSM5916711	Infection1_D11_Inf_100	NextSeq 500
D11SEQ100_TCGGATAAAGTC	D11SEQ100_TCGGATAAAGTC	CAPD11r100_TCGGATAAAGTC	CAPD11r100	CAPD11r100	Infection1	d11	CTRL	Infection1_d11	CTRL_d11_Infection1	Replicative	Non.Committed_Replicative	GSM5916711	Infection1_D11_Inf_100	NextSeq 500
D11SEQ100_ATTGTAGGCGCA	D11SEQ100_ATTGTAGGCGCA	CAPD11r100_ATTGTAGGCGCA	CAPD11r100	CAPD11r100	Infection1	d11	CTRL	Infection1_d11	CTRL_d11_Infection1	Replicative	Non.Committed_Replicative	GSM5916711	Infection1_D11_Inf_100	NextSeq 500
D11SEQ100_GTCGATGGGACT	D11SEQ100_GTCGATGGGACT	CAPD11r100_GTCGATGGGACT	CAPD11r100	CAPD11r100	Infection1	d11	CTRL	Infection1_d11	CTRL_d11_Infection1	Replicative	Non.Committed_Replicative	GSM5916711	Infection1_D11_Inf_100	NextSeq 500
D11SEQ100_GGATTTTAAGTC	D11SEQ100_GGATTTTAAGTC	CAPD11r100_GGATTTTAAGTC	CAPD11r100	CAPD11r100	Infection1	d11	CTRL	Infection1_d11	CTRL_d11_Infection1	Replicative	Non.Committed_Replicative	GSM5916711	Infection1_D11_Inf_100	NextSeq 500
D11SEQ100_CTACGAGTAGCG	D11SEQ100_CTACGAGTAGCG	CAPD11r100_CTACGAGTAGCG	CAPD11r100	CAPD11r100	Infection1	d11	CTRL	Infection1_d11	CTRL_d11_Infection1	Replicative	Non.Committed_Replicative	GSM5916711	Infection1_D11_Inf_100	NextSeq 500
D11SEQ100_ATACCCCTCCCT	D11SEQ100_ATACCCCTCCCT	CAPD11r100_ATACCCCTCCCT	CAPD11r100	CAPD11r100	Infection1	d11	CTRL	Infection1_d11	CTRL_d11_Infection1	Replicative	Non.Committed_Replicative	GSM5916711	Infection1_D11_Inf_100	NextSeq 500
D11SEQ100_ACGCATGTTATA	D11SEQ100_ACGCATGTTATA	CAPD11r100_ACGCATGTTATA	CAPD11r100	CAPD11r100	Infection1	d11	CTRL	Infection1_d11	CTRL_d11_Infection1	Replicative	Non.Committed_Replicative	GSM5916711	Infection1_D11_Inf_100	NextSeq 500
D11SEQ100_ACCGTCGTTCGT	D11SEQ100_ACCGTCGTTCGT	CAPD11r100_ACCGTCGTTCGT	CAPD11r100	CAPD11r100	Infection1	d11	CTRL	Infection1_d11	CTRL_d11_Infection1	Replicative	Non.Committed_Replicative	GSM5916711	Infection1_D11_Inf_100	NextSeq 500
D11SEQ100_AATGTAGGCGGA	D11SEQ100_AATGTAGGCGGA	CAPD11r100_AATGTAGGCGGA	CAPD11r100	CAPD11r100	Infection1	d11	CTRL	Infection1_d11	CTRL_d11_Infection1	Replicative	Sexually.Committed_Replicative	GSM5916711	Infection1_D11_Inf_100	NextSeq 500
D11SEQ100_ACGCGCAAACAC	D11SEQ100_ACGCGCAAACAC	CAPD11r100_ACGCGCAAACAC	CAPD11r100	CAPD11r100	Infection1	d11	CTRL	Infection1_d11	CTRL_d11_Infection1	Replicative	Non.Committed_Replicative	GSM5916711	Infection1_D11_Inf_100	NextSeq 500
D11SEQ100_CTACCGCGGTCG	D11SEQ100_CTACCGCGGTCG	CAPD11r100_CTACCGCGGTCG	CAPD11r100	CAPD11r100	Infection1	d11	CTRL	Infection1_d11	CTRL_d11_Infection1	Replicative	Non.Committed_Replicative	GSM5916711	Infection1_D11_Inf_100	NextSeq 500
D11SEQ100_GCAGAGATGCTG	D11SEQ100_GCAGAGATGCTG	CAPD11r100_GCAGAGATGCTG	CAPD11r100	CAPD11r100	Infection1	d11	CTRL	Infection1_d11	CTRL_d11_Infection1	Replicative	Non.Committed_Replicative	GSM5916711	Infection1_D11_Inf_100	NextSeq 500
D11SEQ100_GTACGACCGCAC	D11SEQ100_GTACGACCGCAC	CAPD11r100_GTACGACCGCAC	CAPD11r100	CAPD11r100	Infection1	d11	CTRL	Infection1_d11	CTRL_d11_Infection1	Replicative	Non.Committed_Replicative	GSM5916711	Infection1_D11_Inf_100	NextSeq 500
D11SEQ100_ATACGACCCCAC	D11SEQ100_ATACGACCCCAC	CAPD11r100_ATACGACCCCAC	CAPD11r100	CAPD11r100	Infection1	d11	CTRL	Infection1_d11	CTRL_d11_Infection1	Replicative	Sexually.Committed_Replicative	GSM5916711	Infection1_D11_Inf_100	NextSeq 500
D11SEQ100_AAATATGGGGCT	D11SEQ100_AAATATGGGGCT	CAPD11r100_AAATATGGGGCT	CAPD11r100	CAPD11r100	Infection1	d11	CTRL	Infection1_d11	CTRL_d11_Infection1	Replicative	Non.Committed_Replicative	GSM5916711	Infection1_D11_Inf_100	NextSeq 500
D11SEQ100_GCGTCTCGCCCG	D11SEQ100_GCGTCTCGCCCG	CAPD11r100_GCGTCTCGCCCG	CAPD11r100	CAPD11r100	Infection1	d11	CTRL	Infection1_d11	CTRL_d11_Infection1	Replicative	Non.Committed_Replicative	GSM5916711	Infection1_D11_Inf_100	NextSeq 500
D11SEQ100_CCAACGCGATAA	D11SEQ100_CCAACGCGATAA	CAPD11r100_CCAACGCGATAA	CAPD11r100	CAPD11r100	Infection1	d11	CTRL	Infection1_d11	CTRL_d11_Infection1	Replicative	Non.Committed_Replicative	GSM5916711	Infection1_D11_Inf_100	NextSeq 500
D11SEQ100_CAACTAGTCTCG	D11SEQ100_CAACTAGTCTCG	CAPD11r100_CAACTAGTCTCG	CAPD11r100	CAPD11r100	Infection1	d11	CTRL	Infection1_d11	CTRL_d11_Infection1	Replicative	Non.Committed_Replicative	GSM5916711	Infection1_D11_Inf_100	NextSeq 500
D11SEQ100_CTATCATTACTT	D11SEQ100_CTATCATTACTT	CAPD11r100_CTATCATTACTT	CAPD11r100	CAPD11r100	Infection1	d11	CTRL	Infection1_d11	CTRL_d11_Infection1	Replicative	Non.Committed_Replicative	GSM5916711	Infection1_D11_Inf_100	NextSeq 500
D11SEQ100_AAGCTATTGCGC	D11SEQ100_AAGCTATTGCGC	CAPD11r100_AAGCTATTGCGC	CAPD11r100	CAPD11r100	Infection1	d11	CTRL	Infection1_d11	CTRL_d11_Infection1	Replicative	Non.Committed_Replicative	GSM5916711	Infection1_D11_Inf_100	NextSeq 500
D11SEQ100_CTTCCTTAGCAG	D11SEQ100_CTTCCTTAGCAG	CAPD11r100_CTTCCTTAGCAG	CAPD11r100	CAPD11r100	Infection1	d11	CTRL	Infection1_d11	CTRL_d11_Infection1	Replicative	Non.Committed_Replicative	GSM5916711	Infection1_D11_Inf_100	NextSeq 500
D11SEQ100_CGGCGTCTCTTG	D11SEQ100_CGGCGTCTCTTG	CAPD11r100_CGGCGTCTCTTG	CAPD11r100	CAPD11r100	Infection1	d11	CTRL	Infection1_d11	CTRL_d11_Infection1	Replicative	Non.Committed_Replicative	GSM5916711	Infection1_D11_Inf_100	NextSeq 500
D11SEQ100_TGCTTGGGGGCT	D11SEQ100_TGCTTGGGGGCT	CAPD11r100_TGCTTGGGGGCT	CAPD11r100	CAPD11r100	Infection1	d11	CTRL	Infection1_d11	CTRL_d11_Infection1	Replicative	Non.Committed_Replicative	GSM5916711	Infection1_D11_Inf_100	NextSeq 500
D11SEQ100_CTACCCTCGATT	D11SEQ100_CTACCCTCGATT	CAPD11r100_CTACCCTCGATT	CAPD11r100	CAPD11r100	Infection1	d11	CTRL	Infection1_d11	CTRL_d11_Infection1	Replicative	Non.Committed_Replicative	GSM5916711	Infection1_D11_Inf_100	NextSeq 500
D11SEQ100_AATTCGCGTAGC	D11SEQ100_AATTCGCGTAGC	CAPD11r100_AATTCGCGTAGC	CAPD11r100	CAPD11r100	Infection1	d11	CTRL	Infection1_d11	CTRL_d11_Infection1	Replicative	Sexually.Committed_Replicative	GSM5916711	Infection1_D11_Inf_100	NextSeq 500
D11SEQ100_ATTGTAGGCGGC	D11SEQ100_ATTGTAGGCGGC	CAPD11r100_ATTGTAGGCGGC	CAPD11r100	CAPD11r100	Infection1	d11	CTRL	Infection1_d11	CTRL_d11_Infection1	Replicative	Sexually.Committed_Replicative	GSM5916711	Infection1_D11_Inf_100	NextSeq 500
D11SEQ100_ATTGTAGGCAGA	D11SEQ100_ATTGTAGGCAGA	CAPD11r100_ATTGTAGGCAGA	CAPD11r100	CAPD11r100	Infection1	d11	CTRL	Infection1_d11	CTRL_d11_Infection1	Replicative	Non.Committed_Replicative	GSM5916711	Infection1_D11_Inf_100	NextSeq 500
D11SEQ100_GCATTAGTTCCT	D11SEQ100_GCATTAGTTCCT	CAPD11r100_GCATTAGTTCCT	CAPD11r100	CAPD11r100	Infection1	d11	CTRL	Infection1_d11	CTRL_d11_Infection1	Replicative	Non.Committed_Replicative	GSM5916711	Infection1_D11_Inf_100	NextSeq 500
D11SEQ100_GCACACCAAATT	D11SEQ100_GCACACCAAATT	CAPD11r100_GCACACCAAATT	CAPD11r100	CAPD11r100	Infection1	d11	CTRL	Infection1_d11	CTRL_d11_Infection1	Replicative	Non.Committed_Replicative	GSM5916711	Infection1_D11_Inf_100	NextSeq 500
D11SEQ100_TTCGCGTCTATC	D11SEQ100_TTCGCGTCTATC	CAPD11r100_TTCGCGTCTATC	CAPD11r100	CAPD11r100	Infection1	d11	CTRL	Infection1_d11	CTRL_d11_Infection1	Replicative	Non.Committed_Replicative	GSM5916711	Infection1_D11_Inf_100	NextSeq 500
D11SEQ100_AGCTCACTTTCT	D11SEQ100_AGCTCACTTTCT	CAPD11r100_AGCTCACTTTCT	CAPD11r100	CAPD11r100	Infection1	d11	CTRL	Infection1_d11	CTRL_d11_Infection1	Replicative	Non.Committed_Replicative	GSM5916711	Infection1_D11_Inf_100	NextSeq 500
D11SEQ100_TCGCGTTATAGA	D11SEQ100_TCGCGTTATAGA	CAPD11r100_TCGCGTTATAGA	CAPD11r100	CAPD11r100	Infection1	d11	CTRL	Infection1_d11	CTRL_d11_Infection1	Replicative	Non.Committed_Replicative	GSM5916711	Infection1_D11_Inf_100	NextSeq 500
D11SEQ100_ATTCTAGGCGGA	D11SEQ100_ATTCTAGGCGGA	CAPD11r100_ATTCTAGGCGGA	CAPD11r100	CAPD11r100	Infection1	d11	CTRL	Infection1_d11	CTRL_d11_Infection1	Replicative	Sexually.Committed_Replicative	GSM5916711	Infection1_D11_Inf_100	NextSeq 500
D11SEQ100_CACACATTCCTA	D11SEQ100_CACACATTCCTA	CAPD11r100_CACACATTCCTA	CAPD11r100	CAPD11r100	Infection1	d11	CTRL	Infection1_d11	CTRL_d11_Infection1	Replicative	Non.Committed_Replicative	GSM5916711	Infection1_D11_Inf_100	NextSeq 500
D11SEQ100_ATTGTAGCCGGA	D11SEQ100_ATTGTAGCCGGA	CAPD11r100_ATTGTAGCCGGA	CAPD11r100	CAPD11r100	Infection1	d11	CTRL	Infection1_d11	CTRL_d11_Infection1	Replicative	Non.Committed_Replicative	GSM5916711	Infection1_D11_Inf_100	NextSeq 500
D11SEQ100_ACTATGCACCTC	D11SEQ100_ACTATGCACCTC	CAPD11r100_ACTATGCACCTC	CAPD11r100	CAPD11r100	Infection1	d11	CTRL	Infection1_d11	CTRL_d11_Infection1	Replicative	Non.Committed_Replicative	GSM5916711	Infection1_D11_Inf_100	NextSeq 500
D11SEQ100_ATTGTAGGCGGG	D11SEQ100_ATTGTAGGCGGG	CAPD11r100_ATTGTAGGCGGG	CAPD11r100	CAPD11r100	Infection1	d11	CTRL	Infection1_d11	CTRL_d11_Infection1	Replicative	Sexually.Committed_Replicative	GSM5916711	Infection1_D11_Inf_100	NextSeq 500
D11SEQ100_ATTATAGGCGGA	D11SEQ100_ATTATAGGCGGA	CAPD11r100_ATTATAGGCGGA	CAPD11r100	CAPD11r100	Infection1	d11	CTRL	Infection1_d11	CTRL_d11_Infection1	Replicative	Non.Committed_Replicative	GSM5916711	Infection1_D11_Inf_100	NextSeq 500
D11SEQ100_CGCTTCAGCTAC	D11SEQ100_CGCTTCAGCTAC	CAPD11r100_CGCTTCAGCTAC	CAPD11r100	CAPD11r100	Infection1	d11	CTRL	Infection1_d11	CTRL_d11_Infection1	Replicative	Non.Committed_Replicative	GSM5916711	Infection1_D11_Inf_100	NextSeq 500
D11SEQ100_GGGCATGTTCCG	D11SEQ100_GGGCATGTTCCG	CAPD11r100_GGGCATGTTCCG	CAPD11r100	CAPD11r100	Infection1	d11	CTRL	Infection1_d11	CTRL_d11_Infection1	Replicative	Non.Committed_Replicative	GSM5916711	Infection1_D11_Inf_100	NextSeq 500
D11SEQ100_ACAGTCTCTATC	D11SEQ100_ACAGTCTCTATC	CAPD11r100_ACAGTCTCTATC	CAPD11r100	CAPD11r100	Infection1	d11	CTRL	Infection1_d11	CTRL_d11_Infection1	Replicative	Non.Committed_Replicative	GSM5916711	Infection1_D11_Inf_100	NextSeq 500
D11SEQ100_CGACTTATAGGT	D11SEQ100_CGACTTATAGGT	CAPD11r100_CGACTTATAGGT	CAPD11r100	CAPD11r100	Infection1	d11	CTRL	Infection1_d11	CTRL_d11_Infection1	Replicative	Non.Committed_Replicative	GSM5916711	Infection1_D11_Inf_100	NextSeq 500
D11SEQ100_TTAGCCGCGGAA	D11SEQ100_TTAGCCGCGGAA	CAPD11r100_TTAGCCGCGGAA	CAPD11r100	CAPD11r100	Infection1	d11	CTRL	Infection1_d11	CTRL_d11_Infection1	Replicative	Non.Committed_Replicative	GSM5916711	Infection1_D11_Inf_100	NextSeq 500
D11SEQ100_GGTGTAGTAGCC	D11SEQ100_GGTGTAGTAGCC	CAPD11r100_GGTGTAGTAGCC	CAPD11r100	CAPD11r100	Infection1	d11	CTRL	Infection1_d11	CTRL_d11_Infection1	Replicative	Non.Committed_Replicative	GSM5916711	Infection1_D11_Inf_100	NextSeq 500
D11SEQ100_GGTCCCCAATCG	D11SEQ100_GGTCCCCAATCG	CAPD11r100_GGTCCCCAATCG	CAPD11r100	CAPD11r100	Infection1	d11	CTRL	Infection1_d11	CTRL_d11_Infection1	Replicative	Non.Committed_Replicative	GSM5916711	Infection1_D11_Inf_100	NextSeq 500
D11SEQ100_ATTGTAGGCGGT	D11SEQ100_ATTGTAGGCGGT	CAPD11r100_ATTGTAGGCGGT	CAPD11r100	CAPD11r100	Infection1	d11	CTRL	Infection1_d11	CTRL_d11_Infection1	Replicative	Non.Committed_Replicative	GSM5916711	Infection1_D11_Inf_100	NextSeq 500
D11SEQ100_ATACGACCACAC	D11SEQ100_ATACGACCACAC	CAPD11r100_ATACGACCACAC	CAPD11r100	CAPD11r100	Infection1	d11	CTRL	Infection1_d11	CTRL_d11_Infection1	Replicative	Non.Committed_Replicative	GSM5916711	Infection1_D11_Inf_100	NextSeq 500
D11SEQ100_GGACTATTCTCC	D11SEQ100_GGACTATTCTCC	CAPD11r100_GGACTATTCTCC	CAPD11r100	CAPD11r100	Infection1	d11	CTRL	Infection1_d11	CTRL_d11_Infection1	Replicative	Non.Committed_Replicative	GSM5916711	Infection1_D11_Inf_100	NextSeq 500
D11SEQ100_ATACGCCCGCCC	D11SEQ100_ATACGCCCGCCC	CAPD11r100_ATACGCCCGCCC	CAPD11r100	CAPD11r100	Infection1	d11	CTRL	Infection1_d11	CTRL_d11_Infection1	Replicative	Non.Committed_Replicative	GSM5916711	Infection1_D11_Inf_100	NextSeq 500
D11SEQ100_ACACAATTCCTA	D11SEQ100_ACACAATTCCTA	CAPD11r100_ACACAATTCCTA	CAPD11r100	CAPD11r100	Infection1	d11	CTRL	Infection1_d11	CTRL_d11_Infection1	Replicative	Non.Committed_Replicative	GSM5916711	Infection1_D11_Inf_100	NextSeq 500
D11SEQ100_TCGGCCCAGAGC	D11SEQ100_TCGGCCCAGAGC	CAPD11r100_TCGGCCCAGAGC	CAPD11r100	CAPD11r100	Infection1	d11	CTRL	Infection1_d11	CTRL_d11_Infection1	Replicative	Non.Committed_Replicative	GSM5916711	Infection1_D11_Inf_100	NextSeq 500
D11SEQ100_ATCTATAGTCCC	D11SEQ100_ATCTATAGTCCC	CAPD11r100_ATCTATAGTCCC	CAPD11r100	CAPD11r100	Infection1	d11	CTRL	Infection1_d11	CTRL_d11_Infection1	Replicative	Non.Committed_Replicative	GSM5916711	Infection1_D11_Inf_100	NextSeq 500
D11SEQ100_TTAGACAGACAA	D11SEQ100_TTAGACAGACAA	CAPD11r100_TTAGACAGACAA	CAPD11r100	CAPD11r100	Infection1	d11	CTRL	Infection1_d11	CTRL_d11_Infection1	Replicative	Non.Committed_Replicative	GSM5916711	Infection1_D11_Inf_100	NextSeq 500
D11SEQ100_AAACGACCGCAC	D11SEQ100_AAACGACCGCAC	CAPD11r100_AAACGACCGCAC	CAPD11r100	CAPD11r100	Infection1	d11	CTRL	Infection1_d11	CTRL_d11_Infection1	Replicative	Non.Committed_Replicative	GSM5916711	Infection1_D11_Inf_100	NextSeq 500
D11SEQ100_GAGGACACCTAT	D11SEQ100_GAGGACACCTAT	CAPD11r100_GAGGACACCTAT	CAPD11r100	CAPD11r100	Infection1	d11	CTRL	Infection1_d11	CTRL_d11_Infection1	Replicative	Sexually.Committed_Replicative	GSM5916711	Infection1_D11_Inf_100	NextSeq 500
D11SEQ100_ATCTCGCAGCGA	D11SEQ100_ATCTCGCAGCGA	CAPD11r100_ATCTCGCAGCGA	CAPD11r100	CAPD11r100	Infection1	d11	CTRL	Infection1_d11	CTRL_d11_Infection1	Replicative	Non.Committed_Replicative	GSM5916711	Infection1_D11_Inf_100	NextSeq 500
D11SEQ100_AGAATACAAATG	D11SEQ100_AGAATACAAATG	CAPD11r100_AGAATACAAATG	CAPD11r100	CAPD11r100	Infection1	d11	CTRL	Infection1_d11	CTRL_d11_Infection1	Replicative	Sexually.Committed_Replicative	GSM5916711	Infection1_D11_Inf_100	NextSeq 500
D11SEQ100_TCATCTCAGGTT	D11SEQ100_TCATCTCAGGTT	CAPD11r100_TCATCTCAGGTT	CAPD11r100	CAPD11r100	Infection1	d11	CTRL	Infection1_d11	CTRL_d11_Infection1	Replicative	Non.Committed_Replicative	GSM5916711	Infection1_D11_Inf_100	NextSeq 500
D11SEQ100_TTTGTAGGCGGA	D11SEQ100_TTTGTAGGCGGA	CAPD11r100_TTTGTAGGCGGA	CAPD11r100	CAPD11r100	Infection1	d11	CTRL	Infection1_d11	CTRL_d11_Infection1	Replicative	Non.Committed_Replicative	GSM5916711	Infection1_D11_Inf_100	NextSeq 500
D11SEQ100_GGGTCTTTCTTT	D11SEQ100_GGGTCTTTCTTT	CAPD11r100_GGGTCTTTCTTT	CAPD11r100	CAPD11r100	Infection1	d11	CTRL	Infection1_d11	CTRL_d11_Infection1	Replicative	Non.Committed_Replicative	GSM5916711	Infection1_D11_Inf_100	NextSeq 500
D11SEQ100_GGACTATTCTCA	D11SEQ100_GGACTATTCTCA	CAPD11r100_GGACTATTCTCA	CAPD11r100	CAPD11r100	Infection1	d11	CTRL	Infection1_d11	CTRL_d11_Infection1	Replicative	Non.Committed_Replicative	GSM5916711	Infection1_D11_Inf_100	NextSeq 500
D11SEQ100_ATACCACCGCAC	D11SEQ100_ATACCACCGCAC	CAPD11r100_ATACCACCGCAC	CAPD11r100	CAPD11r100	Infection1	d11	CTRL	Infection1_d11	CTRL_d11_Infection1	Replicative	Non.Committed_Replicative	GSM5916711	Infection1_D11_Inf_100	NextSeq 500
D11SEQ100_TGATATTTATAT	D11SEQ100_TGATATTTATAT	CAPD11r100_TGATATTTATAT	CAPD11r100	CAPD11r100	Infection1	d11	CTRL	Infection1_d11	CTRL_d11_Infection1	Replicative	Non.Committed_Replicative	GSM5916711	Infection1_D11_Inf_100	NextSeq 500
D11SEQ100_ATTGTACGCGGA	D11SEQ100_ATTGTACGCGGA	CAPD11r100_ATTGTACGCGGA	CAPD11r100	CAPD11r100	Infection1	d11	CTRL	Infection1_d11	CTRL_d11_Infection1	Replicative	Non.Committed_Replicative	GSM5916711	Infection1_D11_Inf_100	NextSeq 500
D11SEQ100_CGGGCAACGCGG	D11SEQ100_CGGGCAACGCGG	CAPD11r100_CGGGCAACGCGG	CAPD11r100	CAPD11r100	Infection1	d11	CTRL	Infection1_d11	CTRL_d11_Infection1	Replicative	Non.Committed_Replicative	GSM5916711	Infection1_D11_Inf_100	NextSeq 500
D11SEQ100_CGTGGCCATGGA	D11SEQ100_CGTGGCCATGGA	CAPD11r100_CGTGGCCATGGA	CAPD11r100	CAPD11r100	Infection1	d11	CTRL	Infection1_d11	CTRL_d11_Infection1	Replicative	Non.Committed_Replicative	GSM5916711	Infection1_D11_Inf_100	NextSeq 500
D11SEQ100_GTCTCGGTTCTT	D11SEQ100_GTCTCGGTTCTT	CAPD11r100_GTCTCGGTTCTT	CAPD11r100	CAPD11r100	Infection1	d11	CTRL	Infection1_d11	CTRL_d11_Infection1	Replicative	Non.Committed_Replicative	GSM5916711	Infection1_D11_Inf_100	NextSeq 500
D11SEQ100_GTGGACTAACGG	D11SEQ100_GTGGACTAACGG	CAPD11r100_GTGGACTAACGG	CAPD11r100	CAPD11r100	Infection1	d11	CTRL	Infection1_d11	CTRL_d11_Infection1	Replicative	Non.Committed_Replicative	GSM5916711	Infection1_D11_Inf_100	NextSeq 500
D11SEQ100_AAGCTCTCACTA	D11SEQ100_AAGCTCTCACTA	CAPD11r100_AAGCTCTCACTA	CAPD11r100	CAPD11r100	Infection1	d11	CTRL	Infection1_d11	CTRL_d11_Infection1	Replicative	Non.Committed_Replicative	GSM5916711	Infection1_D11_Inf_100	NextSeq 500
D11SEQ100_ATTGTAGACGGA	D11SEQ100_ATTGTAGACGGA	CAPD11r100_ATTGTAGACGGA	CAPD11r100	CAPD11r100	Infection1	d11	CTRL	Infection1_d11	CTRL_d11_Infection1	Replicative	Non.Committed_Replicative	GSM5916711	Infection1_D11_Inf_100	NextSeq 500
D11SEQ100_GCAGTCTCTATG	D11SEQ100_GCAGTCTCTATG	CAPD11r100_GCAGTCTCTATG	CAPD11r100	CAPD11r100	Infection1	d11	CTRL	Infection1_d11	CTRL_d11_Infection1	Replicative	Non.Committed_Replicative	GSM5916711	Infection1_D11_Inf_100	NextSeq 500
D11SEQ100_ATTGTAGGCGTA	D11SEQ100_ATTGTAGGCGTA	CAPD11r100_ATTGTAGGCGTA	CAPD11r100	CAPD11r100	Infection1	d11	CTRL	Infection1_d11	CTRL_d11_Infection1	Replicative	Non.Committed_Replicative	GSM5916711	Infection1_D11_Inf_100	NextSeq 500
D11SEQ100_CCAGGTTAGCCT	D11SEQ100_CCAGGTTAGCCT	CAPD11r100_CCAGGTTAGCCT	CAPD11r100	CAPD11r100	Infection1	d11	CTRL	Infection1_d11	CTRL_d11_Infection1	Replicative	Non.Committed_Replicative	GSM5916711	Infection1_D11_Inf_100	NextSeq 500
D11SEQ100_CTTGTAGGCGGA	D11SEQ100_CTTGTAGGCGGA	CAPD11r100_CTTGTAGGCGGA	CAPD11r100	CAPD11r100	Infection1	d11	CTRL	Infection1_d11	CTRL_d11_Infection1	Replicative	Non.Committed_Replicative	GSM5916711	Infection1_D11_Inf_100	NextSeq 500
D11SEQ100_GAGCTATTGCGG	D11SEQ100_GAGCTATTGCGG	CAPD11r100_GAGCTATTGCGG	CAPD11r100	CAPD11r100	Infection1	d11	CTRL	Infection1_d11	CTRL_d11_Infection1	Replicative	Sexually.Committed_Replicative	GSM5916711	Infection1_D11_Inf_100	NextSeq 500
D11SEQ100_TTACGACCGCAC	D11SEQ100_TTACGACCGCAC	CAPD11r100_TTACGACCGCAC	CAPD11r100	CAPD11r100	Infection1	d11	CTRL	Infection1_d11	CTRL_d11_Infection1	Replicative	Non.Committed_Replicative	GSM5916711	Infection1_D11_Inf_100	NextSeq 500
D11SEQ100_GTCTTGTTGATG	D11SEQ100_GTCTTGTTGATG	CAPD11r100_GTCTTGTTGATG	CAPD11r100	CAPD11r100	Infection1	d11	CTRL	Infection1_d11	CTRL_d11_Infection1	Replicative	Non.Committed_Replicative	GSM5916711	Infection1_D11_Inf_100	NextSeq 500
D11SEQ100_GCGCTCGGCCTC	D11SEQ100_GCGCTCGGCCTC	CAPD11r100_GCGCTCGGCCTC	CAPD11r100	CAPD11r100	Infection1	d11	CTRL	Infection1_d11	CTRL_d11_Infection1	Replicative	Non.Committed_Replicative	GSM5916711	Infection1_D11_Inf_100	NextSeq 500
D11SEQ100_ATTGTAGGTGGA	D11SEQ100_ATTGTAGGTGGA	CAPD11r100_ATTGTAGGTGGA	CAPD11r100	CAPD11r100	Infection1	d11	CTRL	Infection1_d11	CTRL_d11_Infection1	Replicative	Non.Committed_Replicative	GSM5916711	Infection1_D11_Inf_100	NextSeq 500
D11SEQ100_ATACAACCGCAC	D11SEQ100_ATACAACCGCAC	CAPD11r100_ATACAACCGCAC	CAPD11r100	CAPD11r100	Infection1	d11	CTRL	Infection1_d11	CTRL_d11_Infection1	Replicative	Non.Committed_Replicative	GSM5916711	Infection1_D11_Inf_100	NextSeq 500
D11SEQ100_ACATATTCTTGC	D11SEQ100_ACATATTCTTGC	CAPD11r100_ACATATTCTTGC	CAPD11r100	CAPD11r100	Infection1	d11	CTRL	Infection1_d11	CTRL_d11_Infection1	Replicative	Non.Committed_Replicative	GSM5916711	Infection1_D11_Inf_100	NextSeq 500
D11SEQ100_GCCCCGCATACA	D11SEQ100_GCCCCGCATACA	CAPD11r100_GCCCCGCATACA	CAPD11r100	CAPD11r100	Infection1	d11	CTRL	Infection1_d11	CTRL_d11_Infection1	Replicative	Non.Committed_Replicative	GSM5916711	Infection1_D11_Inf_100	NextSeq 500
D11SEQ100_CGCCCAAGAGCA	D11SEQ100_CGCCCAAGAGCA	CAPD11r100_CGCCCAAGAGCA	CAPD11r100	CAPD11r100	Infection1	d11	CTRL	Infection1_d11	CTRL_d11_Infection1	Replicative	Non.Committed_Replicative	GSM5916711	Infection1_D11_Inf_100	NextSeq 500
D11SEQ100_ATCCGACCGCAC	D11SEQ100_ATCCGACCGCAC	CAPD11r100_ATCCGACCGCAC	CAPD11r100	CAPD11r100	Infection1	d11	CTRL	Infection1_d11	CTRL_d11_Infection1	Replicative	Non.Committed_Replicative	GSM5916711	Infection1_D11_Inf_100	NextSeq 500
D11SEQ100_GGGAGGTTAGTG	D11SEQ100_GGGAGGTTAGTG	CAPD11r100_GGGAGGTTAGTG	CAPD11r100	CAPD11r100	Infection1	d11	CTRL	Infection1_d11	CTRL_d11_Infection1	Replicative	Non.Committed_Replicative	GSM5916711	Infection1_D11_Inf_100	NextSeq 500
D11SEQ100_AAGCTATTGTGG	D11SEQ100_AAGCTATTGTGG	CAPD11r100_AAGCTATTGTGG	CAPD11r100	CAPD11r100	Infection1	d11	CTRL	Infection1_d11	CTRL_d11_Infection1	Replicative	Non.Committed_Replicative	GSM5916711	Infection1_D11_Inf_100	NextSeq 500
D11SEQ100_ATTGTAGGAGGA	D11SEQ100_ATTGTAGGAGGA	CAPD11r100_ATTGTAGGAGGA	CAPD11r100	CAPD11r100	Infection1	d11	CTRL	Infection1_d11	CTRL_d11_Infection1	Replicative	Sexually.Committed_Replicative	GSM5916711	Infection1_D11_Inf_100	NextSeq 500
D11SEQ100_ACCCCGCATACA	D11SEQ100_ACCCCGCATACA	CAPD11r100_ACCCCGCATACA	CAPD11r100	CAPD11r100	Infection1	d11	CTRL	Infection1_d11	CTRL_d11_Infection1	Replicative	Non.Committed_Replicative	GSM5916711	Infection1_D11_Inf_100	NextSeq 500
D11SEQ100_CGGCCAAGAGCA	D11SEQ100_CGGCCAAGAGCA	CAPD11r100_CGGCCAAGAGCA	CAPD11r100	CAPD11r100	Infection1	d11	CTRL	Infection1_d11	CTRL_d11_Infection1	Replicative	Non.Committed_Replicative	GSM5916711	Infection1_D11_Inf_100	NextSeq 500
D11SEQ100_CTCCCGCATACA	D11SEQ100_CTCCCGCATACA	CAPD11r100_CTCCCGCATACA	CAPD11r100	CAPD11r100	Infection1	d11	CTRL	Infection1_d11	CTRL_d11_Infection1	Replicative	Non.Committed_Replicative	GSM5916711	Infection1_D11_Inf_100	NextSeq 500
D11SEQ100_CGCCAGTCACGT	D11SEQ100_CGCCAGTCACGT	CAPD11r100_CGCCAGTCACGT	CAPD11r100	CAPD11r100	Infection1	d11	CTRL	Infection1_d11	CTRL_d11_Infection1	Replicative	Non.Committed_Replicative	GSM5916711	Infection1_D11_Inf_100	NextSeq 500
D11SEQ100_CACCCGCATACA	D11SEQ100_CACCCGCATACA	CAPD11r100_CACCCGCATACA	CAPD11r100	CAPD11r100	Infection1	d11	CTRL	Infection1_d11	CTRL_d11_Infection1	Replicative	Non.Committed_Replicative	GSM5916711	Infection1_D11_Inf_100	NextSeq 500
D11SEQ100_CGCCCGCATACA	D11SEQ100_CGCCCGCATACA	CAPD11r100_CGCCCGCATACA	CAPD11r100	CAPD11r100	Infection1	d11	CTRL	Infection1_d11	CTRL_d11_Infection1	Replicative	Sexually.Committed_Replicative	GSM5916711	Infection1_D11_Inf_100	NextSeq 500
D11SEQ100_ATTGTAGGCTGA	D11SEQ100_ATTGTAGGCTGA	CAPD11r100_ATTGTAGGCTGA	CAPD11r100	CAPD11r100	Infection1	d11	CTRL	Infection1_d11	CTRL_d11_Infection1	Replicative	Non.Committed_Replicative	GSM5916711	Infection1_D11_Inf_100	NextSeq 500
D11SEQ100_ATTGAAGGCGGA	D11SEQ100_ATTGAAGGCGGA	CAPD11r100_ATTGAAGGCGGA	CAPD11r100	CAPD11r100	Infection1	d11	CTRL	Infection1_d11	CTRL_d11_Infection1	Replicative	Non.Committed_Replicative	GSM5916711	Infection1_D11_Inf_100	NextSeq 500
D11SEQ100_CACCTTGGTCTG	D11SEQ100_CACCTTGGTCTG	CAPD11r100_CACCTTGGTCTG	CAPD11r100	CAPD11r100	Infection1	d11	CTRL	Infection1_d11	CTRL_d11_Infection1	Replicative	Non.Committed_Replicative	GSM5916711	Infection1_D11_Inf_100	NextSeq 500
D11SEQ100_ATAGTAGGCGGA	D11SEQ100_ATAGTAGGCGGA	CAPD11r100_ATAGTAGGCGGA	CAPD11r100	CAPD11r100	Infection1	d11	CTRL	Infection1_d11	CTRL_d11_Infection1	Replicative	Sexually.Committed_Replicative	GSM5916711	Infection1_D11_Inf_100	NextSeq 500
D11SEQ100_TAGCTATTGCGG	D11SEQ100_TAGCTATTGCGG	CAPD11r100_TAGCTATTGCGG	CAPD11r100	CAPD11r100	Infection1	d11	CTRL	Infection1_d11	CTRL_d11_Infection1	Replicative	Non.Committed_Replicative	GSM5916711	Infection1_D11_Inf_100	NextSeq 500
D11SEQ100_CCACCAAGAGCA	D11SEQ100_CCACCAAGAGCA	CAPD11r100_CCACCAAGAGCA	CAPD11r100	CAPD11r100	Infection1	d11	CTRL	Infection1_d11	CTRL_d11_Infection1	Replicative	Non.Committed_Replicative	GSM5916711	Infection1_D11_Inf_100	NextSeq 500
D11SEQ100_TCCCCGCATACA	D11SEQ100_TCCCCGCATACA	CAPD11r100_TCCCCGCATACA	CAPD11r100	CAPD11r100	Infection1	d11	CTRL	Infection1_d11	CTRL_d11_Infection1	Replicative	Sexually.Committed_Replicative	GSM5916711	Infection1_D11_Inf_100	NextSeq 500
D11SEQ100_CCACCGCATACA	D11SEQ100_CCACCGCATACA	CAPD11r100_CCACCGCATACA	CAPD11r100	CAPD11r100	Infection1	d11	CTRL	Infection1_d11	CTRL_d11_Infection1	Replicative	Non.Committed_Replicative	GSM5916711	Infection1_D11_Inf_100	NextSeq 500
D11SEQ100_ATTGTGGGCGGA	D11SEQ100_ATTGTGGGCGGA	CAPD11r100_ATTGTGGGCGGA	CAPD11r100	CAPD11r100	Infection1	d11	CTRL	Infection1_d11	CTRL_d11_Infection1	Replicative	Non.Committed_Replicative	GSM5916711	Infection1_D11_Inf_100	NextSeq 500
D11SEQ100_ACACTCTCTATG	D11SEQ100_ACACTCTCTATG	CAPD11r100_ACACTCTCTATG	CAPD11r100	CAPD11r100	Infection1	d11	CTRL	Infection1_d11	CTRL_d11_Infection1	Replicative	Non.Committed_Replicative	GSM5916711	Infection1_D11_Inf_100	NextSeq 500
D11SEQ100_ATACGACAGCAC	D11SEQ100_ATACGACAGCAC	CAPD11r100_ATACGACAGCAC	CAPD11r100	CAPD11r100	Infection1	d11	CTRL	Infection1_d11	CTRL_d11_Infection1	Replicative	Non.Committed_Replicative	GSM5916711	Infection1_D11_Inf_100	NextSeq 500
D11SEQ100_CCAGTCTCTATG	D11SEQ100_CCAGTCTCTATG	CAPD11r100_CCAGTCTCTATG	CAPD11r100	CAPD11r100	Infection1	d11	CTRL	Infection1_d11	CTRL_d11_Infection1	Replicative	Non.Committed_Replicative	GSM5916711	Infection1_D11_Inf_100	NextSeq 500
D11SEQ100_ACGTAGGCCTCG	D11SEQ100_ACGTAGGCCTCG	CAPD11r100_ACGTAGGCCTCG	CAPD11r100	CAPD11r100	Infection1	d11	CTRL	Infection1_d11	CTRL_d11_Infection1	Replicative	Non.Committed_Replicative	GSM5916711	Infection1_D11_Inf_100	NextSeq 500
D11SEQ100_AAGCTATAGCGG	D11SEQ100_AAGCTATAGCGG	CAPD11r100_AAGCTATAGCGG	CAPD11r100	CAPD11r100	Infection1	d11	CTRL	Infection1_d11	CTRL_d11_Infection1	Replicative	Non.Committed_Replicative	GSM5916711	Infection1_D11_Inf_100	NextSeq 500
D11SEQ100_CTACCAAGAGCA	D11SEQ100_CTACCAAGAGCA	CAPD11r100_CTACCAAGAGCA	CAPD11r100	CAPD11r100	Infection1	d11	CTRL	Infection1_d11	CTRL_d11_Infection1	Replicative	Non.Committed_Replicative	GSM5916711	Infection1_D11_Inf_100	NextSeq 500
D11SEQ100_ATACGACCGCTC	D11SEQ100_ATACGACCGCTC	CAPD11r100_ATACGACCGCTC	CAPD11r100	CAPD11r100	Infection1	d11	CTRL	Infection1_d11	CTRL_d11_Infection1	Replicative	Non.Committed_Replicative	GSM5916711	Infection1_D11_Inf_100	NextSeq 500
D11SEQ100_GGATGTGCCAAA	D11SEQ100_GGATGTGCCAAA	CAPD11r100_GGATGTGCCAAA	CAPD11r100	CAPD11r100	Infection1	d11	CTRL	Infection1_d11	CTRL_d11_Infection1	Replicative	Non.Committed_Replicative	GSM5916711	Infection1_D11_Inf_100	NextSeq 500
D11SEQ100_ATACGACCGCGC	D11SEQ100_ATACGACCGCGC	CAPD11r100_ATACGACCGCGC	CAPD11r100	CAPD11r100	Infection1	d11	CTRL	Infection1_d11	CTRL_d11_Infection1	Replicative	Non.Committed_Replicative	GSM5916711	Infection1_D11_Inf_100	NextSeq 500
D11SEQ100_CTCCAGTCACGT	D11SEQ100_CTCCAGTCACGT	CAPD11r100_CTCCAGTCACGT	CAPD11r100	CAPD11r100	Infection1	d11	CTRL	Infection1_d11	CTRL_d11_Infection1	Replicative	Non.Committed_Replicative	GSM5916711	Infection1_D11_Inf_100	NextSeq 500
D11SEQ100_GTCCTTGGTCTG	D11SEQ100_GTCCTTGGTCTG	CAPD11r100_GTCCTTGGTCTG	CAPD11r100	CAPD11r100	Infection1	d11	CTRL	Infection1_d11	CTRL_d11_Infection1	Replicative	Non.Committed_Replicative	GSM5916711	Infection1_D11_Inf_100	NextSeq 500
D11SEQ100_ACAGACTCTATG	D11SEQ100_ACAGACTCTATG	CAPD11r100_ACAGACTCTATG	CAPD11r100	CAPD11r100	Infection1	d11	CTRL	Infection1_d11	CTRL_d11_Infection1	Replicative	Non.Committed_Replicative	GSM5916711	Infection1_D11_Inf_100	NextSeq 500
D11SEQ100_TGGAGGTTAGTG	D11SEQ100_TGGAGGTTAGTG	CAPD11r100_TGGAGGTTAGTG	CAPD11r100	CAPD11r100	Infection1	d11	CTRL	Infection1_d11	CTRL_d11_Infection1	Replicative	Non.Committed_Replicative	GSM5916711	Infection1_D11_Inf_100	NextSeq 500
D11SEQ100_CGCCTTGGTCTG	D11SEQ100_CGCCTTGGTCTG	CAPD11r100_CGCCTTGGTCTG	CAPD11r100	CAPD11r100	Infection1	d11	CTRL	Infection1_d11	CTRL_d11_Infection1	Replicative	Non.Committed_Replicative	GSM5916711	Infection1_D11_Inf_100	NextSeq 500
D11SEQ100_ATACGACCGCAA	D11SEQ100_ATACGACCGCAA	CAPD11r100_ATACGACCGCAA	CAPD11r100	CAPD11r100	Infection1	d11	CTRL	Infection1_d11	CTRL_d11_Infection1	Replicative	Non.Committed_Replicative	GSM5916711	Infection1_D11_Inf_100	NextSeq 500
D11SEQ100_GTTGTCGGCGGA	D11SEQ100_GTTGTCGGCGGA	CAPD11r100_GTTGTCGGCGGA	CAPD11r100	CAPD11r100	Infection1	d11	CTRL	Infection1_d11	CTRL_d11_Infection1	Replicative	Non.Committed_Replicative	GSM5916711	Infection1_D11_Inf_100	NextSeq 500
D11SEQ100_CGACAAAGAGCA	D11SEQ100_CGACAAAGAGCA	CAPD11r100_CGACAAAGAGCA	CAPD11r100	CAPD11r100	Infection1	d11	CTRL	Infection1_d11	CTRL_d11_Infection1	Replicative	Non.Committed_Replicative	GSM5916711	Infection1_D11_Inf_100	NextSeq 500
D11SEQ100_ATTGTAGTCGGA	D11SEQ100_ATTGTAGTCGGA	CAPD11r100_ATTGTAGTCGGA	CAPD11r100	CAPD11r100	Infection1	d11	CTRL	Infection1_d11	CTRL_d11_Infection1	Replicative	Non.Committed_Replicative	GSM5916711	Infection1_D11_Inf_100	NextSeq 500
D11SEQ100_AAGCTATTGAGG	D11SEQ100_AAGCTATTGAGG	CAPD11r100_AAGCTATTGAGG	CAPD11r100	CAPD11r100	Infection1	d11	CTRL	Infection1_d11	CTRL_d11_Infection1	Replicative	Sexually.Committed_Replicative	GSM5916711	Infection1_D11_Inf_100	NextSeq 500
D11SEQ100_AGACCAAGAGCA	D11SEQ100_AGACCAAGAGCA	CAPD11r100_AGACCAAGAGCA	CAPD11r100	CAPD11r100	Infection1	d11	CTRL	Infection1_d11	CTRL_d11_Infection1	Replicative	Sexually.Committed_Replicative	GSM5916711	Infection1_D11_Inf_100	NextSeq 500
D11SEQ100_AAGCAATTGCGG	D11SEQ100_AAGCAATTGCGG	CAPD11r100_AAGCAATTGCGG	CAPD11r100	CAPD11r100	Infection1	d11	CTRL	Infection1_d11	CTRL_d11_Infection1	Replicative	Non.Committed_Replicative	GSM5916711	Infection1_D11_Inf_100	NextSeq 500
D11SEQ100_AGTGTAGGCGGA	D11SEQ100_AGTGTAGGCGGA	CAPD11r100_AGTGTAGGCGGA	CAPD11r100	CAPD11r100	Infection1	d11	CTRL	Infection1_d11	CTRL_d11_Infection1	Replicative	Non.Committed_Replicative	GSM5916711	Infection1_D11_Inf_100	NextSeq 500
D11SEQ100_ATGTCTCGTGTG	D11SEQ100_ATGTCTCGTGTG	CAPD11r100_ATGTCTCGTGTG	CAPD11r100	CAPD11r100	Infection1	d11	CTRL	Infection1_d11	CTRL_d11_Infection1	Replicative	Non.Committed_Replicative	GSM5916711	Infection1_D11_Inf_100	NextSeq 500
D11SEQ100_ATACGACCGAAC	D11SEQ100_ATACGACCGAAC	CAPD11r100_ATACGACCGAAC	CAPD11r100	CAPD11r100	Infection1	d11	CTRL	Infection1_d11	CTRL_d11_Infection1	Replicative	Non.Committed_Replicative	GSM5916711	Infection1_D11_Inf_100	NextSeq 500
D11SEQ100_ATTTTAGGCGGA	D11SEQ100_ATTTTAGGCGGA	CAPD11r100_ATTTTAGGCGGA	CAPD11r100	CAPD11r100	Infection1	d11	CTRL	Infection1_d11	CTRL_d11_Infection1	Replicative	Non.Committed_Replicative	GSM5916711	Infection1_D11_Inf_100	NextSeq 500
D11SEQ100_TGTTTTAACCCT	D11SEQ100_TGTTTTAACCCT	CAPD11r100_TGTTTTAACCCT	CAPD11r100	CAPD11r100	Infection1	d11	CTRL	Infection1_d11	CTRL_d11_Infection1	Replicative	Non.Committed_Replicative	GSM5916711	Infection1_D11_Inf_100	NextSeq 500
D11SEQ100_GGTGTGGGTGTT	D11SEQ100_GGTGTGGGTGTT	CAPD11r100_GGTGTGGGTGTT	CAPD11r100	CAPD11r100	Infection1	d11	CTRL	Infection1_d11	CTRL_d11_Infection1	Replicative	Sexually.Committed_Replicative	GSM5916711	Infection1_D11_Inf_100	NextSeq 500
D11SEQ100_GCTATCCAATAA	D11SEQ100_GCTATCCAATAA	CAPD11r100_GCTATCCAATAA	CAPD11r100	CAPD11r100	Infection1	d11	CTRL	Infection1_d11	CTRL_d11_Infection1	Replicative	Non.Committed_Replicative	GSM5916711	Infection1_D11_Inf_100	NextSeq 500
D11SEQ100_CGTTCACCGTCC	D11SEQ100_CGTTCACCGTCC	CAPD11r100_CGTTCACCGTCC	CAPD11r100	CAPD11r100	Infection1	d11	CTRL	Infection1_d11	CTRL_d11_Infection1	Hypnozoite	Non.Committed_Hypnozoite	GSM5916711	Infection1_D11_Inf_100	NextSeq 500
D11SEQ100_GTCGGCCAGAAT	D11SEQ100_GTCGGCCAGAAT	CAPD11r100_GTCGGCCAGAAT	CAPD11r100	CAPD11r100	Infection1	d11	CTRL	Infection1_d11	CTRL_d11_Infection1	Hypnozoite	Non.Committed_Hypnozoite	GSM5916711	Infection1_D11_Inf_100	NextSeq 500
D11SEQ100_TGAGTCATAGCT	D11SEQ100_TGAGTCATAGCT	CAPD11r100_TGAGTCATAGCT	CAPD11r100	CAPD11r100	Infection1	d11	CTRL	Infection1_d11	CTRL_d11_Infection1	Replicative	Non.Committed_Replicative	GSM5916711	Infection1_D11_Inf_100	NextSeq 500
D11SEQ100_TGCGTACCTGTC	D11SEQ100_TGCGTACCTGTC	CAPD11r100_TGCGTACCTGTC	CAPD11r100	CAPD11r100	Infection1	d11	CTRL	Infection1_d11	CTRL_d11_Infection1	Replicative	Non.Committed_Replicative	GSM5916711	Infection1_D11_Inf_100	NextSeq 500
D11SEQ100_CCAGGCTCACAG	D11SEQ100_CCAGGCTCACAG	CAPD11r100_CCAGGCTCACAG	CAPD11r100	CAPD11r100	Infection1	d11	CTRL	Infection1_d11	CTRL_d11_Infection1	Replicative	Non.Committed_Replicative	GSM5916711	Infection1_D11_Inf_100	NextSeq 500
D11SEQ100_ACGGCTTTCTCG	D11SEQ100_ACGGCTTTCTCG	CAPD11r100_ACGGCTTTCTCG	CAPD11r100	CAPD11r100	Infection1	d11	CTRL	Infection1_d11	CTRL_d11_Infection1	Replicative	Non.Committed_Replicative	GSM5916711	Infection1_D11_Inf_100	NextSeq 500
D11SEQ100_TACAGAAAAGAA	D11SEQ100_TACAGAAAAGAA	CAPD11r100_TACAGAAAAGAA	CAPD11r100	CAPD11r100	Infection1	d11	CTRL	Infection1_d11	CTRL_d11_Infection1	Replicative	Non.Committed_Replicative	GSM5916711	Infection1_D11_Inf_100	NextSeq 500
D11SEQ100_ATTATCAAATAT	D11SEQ100_ATTATCAAATAT	CAPD11r100_ATTATCAAATAT	CAPD11r100	CAPD11r100	Infection1	d11	CTRL	Infection1_d11	CTRL_d11_Infection1	Replicative	Non.Committed_Replicative	GSM5916711	Infection1_D11_Inf_100	NextSeq 500
D11SEQ100_TACTCAAACTCA	D11SEQ100_TACTCAAACTCA	CAPD11r100_TACTCAAACTCA	CAPD11r100	CAPD11r100	Infection1	d11	CTRL	Infection1_d11	CTRL_d11_Infection1	Replicative	Non.Committed_Replicative	GSM5916711	Infection1_D11_Inf_100	NextSeq 500
D11SEQ100_ATTCAGTTCCGT	D11SEQ100_ATTCAGTTCCGT	CAPD11r100_ATTCAGTTCCGT	CAPD11r100	CAPD11r100	Infection1	d11	CTRL	Infection1_d11	CTRL_d11_Infection1	Replicative	Non.Committed_Replicative	GSM5916711	Infection1_D11_Inf_100	NextSeq 500
D11SEQ100_CATCCAATAGTG	D11SEQ100_CATCCAATAGTG	CAPD11r100_CATCCAATAGTG	CAPD11r100	CAPD11r100	Infection1	d11	CTRL	Infection1_d11	CTRL_d11_Infection1	Replicative	Non.Committed_Replicative	GSM5916711	Infection1_D11_Inf_100	NextSeq 500
D11SEQ100_GTGATCAGCCGT	D11SEQ100_GTGATCAGCCGT	CAPD11r100_GTGATCAGCCGT	CAPD11r100	CAPD11r100	Infection1	d11	CTRL	Infection1_d11	CTRL_d11_Infection1	Replicative	Non.Committed_Replicative	GSM5916711	Infection1_D11_Inf_100	NextSeq 500
D11SEQ100_TCGTTTCGTATG	D11SEQ100_TCGTTTCGTATG	CAPD11r100_TCGTTTCGTATG	CAPD11r100	CAPD11r100	Infection1	d11	CTRL	Infection1_d11	CTRL_d11_Infection1	Hypnozoite	Sexually.Committed_Hypnozoite	GSM5916711	Infection1_D11_Inf_100	NextSeq 500
D11SEQ100_TCGTGCGCTTAT	D11SEQ100_TCGTGCGCTTAT	CAPD11r100_TCGTGCGCTTAT	CAPD11r100	CAPD11r100	Infection1	d11	CTRL	Infection1_d11	CTRL_d11_Infection1	Replicative	Non.Committed_Replicative	GSM5916711	Infection1_D11_Inf_100	NextSeq 500
D11SEQ100_CCAGCACCGCAT	D11SEQ100_CCAGCACCGCAT	CAPD11r100_CCAGCACCGCAT	CAPD11r100	CAPD11r100	Infection1	d11	CTRL	Infection1_d11	CTRL_d11_Infection1	Replicative	Non.Committed_Replicative	GSM5916711	Infection1_D11_Inf_100	NextSeq 500
D11SEQ100_GCTGAGAATTCT	D11SEQ100_GCTGAGAATTCT	CAPD11r100_GCTGAGAATTCT	CAPD11r100	CAPD11r100	Infection1	d11	CTRL	Infection1_d11	CTRL_d11_Infection1	Replicative	Non.Committed_Replicative	GSM5916711	Infection1_D11_Inf_100	NextSeq 500
D11SEQ100_CGCTCGACCTTA	D11SEQ100_CGCTCGACCTTA	CAPD11r100_CGCTCGACCTTA	CAPD11r100	CAPD11r100	Infection1	d11	CTRL	Infection1_d11	CTRL_d11_Infection1	Replicative	Non.Committed_Replicative	GSM5916711	Infection1_D11_Inf_100	NextSeq 500
D11SEQ100_CGGCTGCGGCTT	D11SEQ100_CGGCTGCGGCTT	CAPD11r100_CGGCTGCGGCTT	CAPD11r100	CAPD11r100	Infection1	d11	CTRL	Infection1_d11	CTRL_d11_Infection1	Replicative	Non.Committed_Replicative	GSM5916711	Infection1_D11_Inf_100	NextSeq 500
D11SEQ100_AAATCCATCCTG	D11SEQ100_AAATCCATCCTG	CAPD11r100_AAATCCATCCTG	CAPD11r100	CAPD11r100	Infection1	d11	CTRL	Infection1_d11	CTRL_d11_Infection1	Replicative	Non.Committed_Replicative	GSM5916711	Infection1_D11_Inf_100	NextSeq 500
D11SEQ100_ACTAGGTCGGAG	D11SEQ100_ACTAGGTCGGAG	CAPD11r100_ACTAGGTCGGAG	CAPD11r100	CAPD11r100	Infection1	d11	CTRL	Infection1_d11	CTRL_d11_Infection1	Replicative	Non.Committed_Replicative	GSM5916711	Infection1_D11_Inf_100	NextSeq 500
D11SEQ100_TAACTAAGAGTA	D11SEQ100_TAACTAAGAGTA	CAPD11r100_TAACTAAGAGTA	CAPD11r100	CAPD11r100	Infection1	d11	CTRL	Infection1_d11	CTRL_d11_Infection1	Replicative	Non.Committed_Replicative	GSM5916711	Infection1_D11_Inf_100	NextSeq 500
D11SEQ100_CCCGCTGATAGC	D11SEQ100_CCCGCTGATAGC	CAPD11r100_CCCGCTGATAGC	CAPD11r100	CAPD11r100	Infection1	d11	CTRL	Infection1_d11	CTRL_d11_Infection1	Replicative	Non.Committed_Replicative	GSM5916711	Infection1_D11_Inf_100	NextSeq 500
D11SEQ100_AGGGGTCGTTTT	D11SEQ100_AGGGGTCGTTTT	CAPD11r100_AGGGGTCGTTTT	CAPD11r100	CAPD11r100	Infection1	d11	CTRL	Infection1_d11	CTRL_d11_Infection1	Replicative	Sexually.Committed_Replicative	GSM5916711	Infection1_D11_Inf_100	NextSeq 500
D11SEQ100_GTGCGTCAGGCT	D11SEQ100_GTGCGTCAGGCT	CAPD11r100_GTGCGTCAGGCT	CAPD11r100	CAPD11r100	Infection1	d11	CTRL	Infection1_d11	CTRL_d11_Infection1	Replicative	Non.Committed_Replicative	GSM5916711	Infection1_D11_Inf_100	NextSeq 500
D11SEQ100_CTTCGGGCCTAG	D11SEQ100_CTTCGGGCCTAG	CAPD11r100_CTTCGGGCCTAG	CAPD11r100	CAPD11r100	Infection1	d11	CTRL	Infection1_d11	CTRL_d11_Infection1	Replicative	Non.Committed_Replicative	GSM5916711	Infection1_D11_Inf_100	NextSeq 500
D11SEQ100_CGGGAGCTGCAA	D11SEQ100_CGGGAGCTGCAA	CAPD11r100_CGGGAGCTGCAA	CAPD11r100	CAPD11r100	Infection1	d11	CTRL	Infection1_d11	CTRL_d11_Infection1	Replicative	Non.Committed_Replicative	GSM5916711	Infection1_D11_Inf_100	NextSeq 500
D11SEQ100_CACCTTTCTACT	D11SEQ100_CACCTTTCTACT	CAPD11r100_CACCTTTCTACT	CAPD11r100	CAPD11r100	Infection1	d11	CTRL	Infection1_d11	CTRL_d11_Infection1	Replicative	Non.Committed_Replicative	GSM5916711	Infection1_D11_Inf_100	NextSeq 500
D11SEQ100_AAGACCAACAGC	D11SEQ100_AAGACCAACAGC	CAPD11r100_AAGACCAACAGC	CAPD11r100	CAPD11r100	Infection1	d11	CTRL	Infection1_d11	CTRL_d11_Infection1	Replicative	Non.Committed_Replicative	GSM5916711	Infection1_D11_Inf_100	NextSeq 500
D11SEQ100_CTGCAGTGGGAT	D11SEQ100_CTGCAGTGGGAT	CAPD11r100_CTGCAGTGGGAT	CAPD11r100	CAPD11r100	Infection1	d11	CTRL	Infection1_d11	CTRL_d11_Infection1	Replicative	Non.Committed_Replicative	GSM5916711	Infection1_D11_Inf_100	NextSeq 500
D11SEQ100_GCTCGGCGCGAT	D11SEQ100_GCTCGGCGCGAT	CAPD11r100_GCTCGGCGCGAT	CAPD11r100	CAPD11r100	Infection1	d11	CTRL	Infection1_d11	CTRL_d11_Infection1	Replicative	Non.Committed_Replicative	GSM5916711	Infection1_D11_Inf_100	NextSeq 500
D11SEQ100_AACCAACAGACG	D11SEQ100_AACCAACAGACG	CAPD11r100_AACCAACAGACG	CAPD11r100	CAPD11r100	Infection1	d11	CTRL	Infection1_d11	CTRL_d11_Infection1	Replicative	Non.Committed_Replicative	GSM5916711	Infection1_D11_Inf_100	NextSeq 500
D11SEQ100_AACATAGTCCAT	D11SEQ100_AACATAGTCCAT	CAPD11r100_AACATAGTCCAT	CAPD11r100	CAPD11r100	Infection1	d11	CTRL	Infection1_d11	CTRL_d11_Infection1	Replicative	Non.Committed_Replicative	GSM5916711	Infection1_D11_Inf_100	NextSeq 500
D11SEQ100_CACCCACGCGGT	D11SEQ100_CACCCACGCGGT	CAPD11r100_CACCCACGCGGT	CAPD11r100	CAPD11r100	Infection1	d11	CTRL	Infection1_d11	CTRL_d11_Infection1	Replicative	Non.Committed_Replicative	GSM5916711	Infection1_D11_Inf_100	NextSeq 500
D11SEQ100_ATTCCTCAAATA	D11SEQ100_ATTCCTCAAATA	CAPD11r100_ATTCCTCAAATA	CAPD11r100	CAPD11r100	Infection1	d11	CTRL	Infection1_d11	CTRL_d11_Infection1	Replicative	Non.Committed_Replicative	GSM5916711	Infection1_D11_Inf_100	NextSeq 500
D11SEQ100_CATCCCAACGTT	D11SEQ100_CATCCCAACGTT	CAPD11r100_CATCCCAACGTT	CAPD11r100	CAPD11r100	Infection1	d11	CTRL	Infection1_d11	CTRL_d11_Infection1	Replicative	Non.Committed_Replicative	GSM5916711	Infection1_D11_Inf_100	NextSeq 500
D11SEQ100_GATAGAAGCCTG	D11SEQ100_GATAGAAGCCTG	CAPD11r100_GATAGAAGCCTG	CAPD11r100	CAPD11r100	Infection1	d11	CTRL	Infection1_d11	CTRL_d11_Infection1	Replicative	Non.Committed_Replicative	GSM5916711	Infection1_D11_Inf_100	NextSeq 500
D11SEQ100_GTGAACAACGCC	D11SEQ100_GTGAACAACGCC	CAPD11r100_GTGAACAACGCC	CAPD11r100	CAPD11r100	Infection1	d11	CTRL	Infection1_d11	CTRL_d11_Infection1	Replicative	Non.Committed_Replicative	GSM5916711	Infection1_D11_Inf_100	NextSeq 500
D11SEQ100_TCTGATATTATC	D11SEQ100_TCTGATATTATC	CAPD11r100_TCTGATATTATC	CAPD11r100	CAPD11r100	Infection1	d11	CTRL	Infection1_d11	CTRL_d11_Infection1	Replicative	Non.Committed_Replicative	GSM5916711	Infection1_D11_Inf_100	NextSeq 500
D11SEQ100_GTGAATGGCCGC	D11SEQ100_GTGAATGGCCGC	CAPD11r100_GTGAATGGCCGC	CAPD11r100	CAPD11r100	Infection1	d11	CTRL	Infection1_d11	CTRL_d11_Infection1	Replicative	Non.Committed_Replicative	GSM5916711	Infection1_D11_Inf_100	NextSeq 500
D11SEQ100_GAAGCTAAGCAT	D11SEQ100_GAAGCTAAGCAT	CAPD11r100_GAAGCTAAGCAT	CAPD11r100	CAPD11r100	Infection1	d11	CTRL	Infection1_d11	CTRL_d11_Infection1	Replicative	Non.Committed_Replicative	GSM5916711	Infection1_D11_Inf_100	NextSeq 500
D11SEQ100_TACGAGAATGGT	D11SEQ100_TACGAGAATGGT	CAPD11r100_TACGAGAATGGT	CAPD11r100	CAPD11r100	Infection1	d11	CTRL	Infection1_d11	CTRL_d11_Infection1	Replicative	Non.Committed_Replicative	GSM5916711	Infection1_D11_Inf_100	NextSeq 500
D11SEQ100_GATAGAAGCCTC	D11SEQ100_GATAGAAGCCTC	CAPD11r100_GATAGAAGCCTC	CAPD11r100	CAPD11r100	Infection1	d11	CTRL	Infection1_d11	CTRL_d11_Infection1	Replicative	Non.Committed_Replicative	GSM5916711	Infection1_D11_Inf_100	NextSeq 500
D11SEQ100_TCCCGAGTAGCC	D11SEQ100_TCCCGAGTAGCC	CAPD11r100_TCCCGAGTAGCC	CAPD11r100	CAPD11r100	Infection1	d11	CTRL	Infection1_d11	CTRL_d11_Infection1	Replicative	Non.Committed_Replicative	GSM5916711	Infection1_D11_Inf_100	NextSeq 500
D11SEQ100_AAATATGGTATC	D11SEQ100_AAATATGGTATC	CAPD11r100_AAATATGGTATC	CAPD11r100	CAPD11r100	Infection1	d11	CTRL	Infection1_d11	CTRL_d11_Infection1	Replicative	Non.Committed_Replicative	GSM5916711	Infection1_D11_Inf_100	NextSeq 500
D11SEQ100_TCCGTCGGGATG	D11SEQ100_TCCGTCGGGATG	CAPD11r100_TCCGTCGGGATG	CAPD11r100	CAPD11r100	Infection1	d11	CTRL	Infection1_d11	CTRL_d11_Infection1	Replicative	Non.Committed_Replicative	GSM5916711	Infection1_D11_Inf_100	NextSeq 500
D11SEQ100_CCGCCCGTCTTT	D11SEQ100_CCGCCCGTCTTT	CAPD11r100_CCGCCCGTCTTT	CAPD11r100	CAPD11r100	Infection1	d11	CTRL	Infection1_d11	CTRL_d11_Infection1	Replicative	Non.Committed_Replicative	GSM5916711	Infection1_D11_Inf_100	NextSeq 500
D11SEQ100_ATTAACCACTAA	D11SEQ100_ATTAACCACTAA	CAPD11r100_ATTAACCACTAA	CAPD11r100	CAPD11r100	Infection1	d11	CTRL	Infection1_d11	CTRL_d11_Infection1	Replicative	Non.Committed_Replicative	GSM5916711	Infection1_D11_Inf_100	NextSeq 500
D11SEQ100_TGAACCGCACAT	D11SEQ100_TGAACCGCACAT	CAPD11r100_TGAACCGCACAT	CAPD11r100	CAPD11r100	Infection1	d11	CTRL	Infection1_d11	CTRL_d11_Infection1	Replicative	Non.Committed_Replicative	GSM5916711	Infection1_D11_Inf_100	NextSeq 500
D11SEQ100_AGGTAATTGTAT	D11SEQ100_AGGTAATTGTAT	CAPD11r100_AGGTAATTGTAT	CAPD11r100	CAPD11r100	Infection1	d11	CTRL	Infection1_d11	CTRL_d11_Infection1	Replicative	Non.Committed_Replicative	GSM5916711	Infection1_D11_Inf_100	NextSeq 500
D11SEQ100_AGGGAATTTATC	D11SEQ100_AGGGAATTTATC	CAPD11r100_AGGGAATTTATC	CAPD11r100	CAPD11r100	Infection1	d11	CTRL	Infection1_d11	CTRL_d11_Infection1	Replicative	Non.Committed_Replicative	GSM5916711	Infection1_D11_Inf_100	NextSeq 500
D11SEQ100_GAGTTATATTTT	D11SEQ100_GAGTTATATTTT	CAPD11r100_GAGTTATATTTT	CAPD11r100	CAPD11r100	Infection1	d11	CTRL	Infection1_d11	CTRL_d11_Infection1	Replicative	Non.Committed_Replicative	GSM5916711	Infection1_D11_Inf_100	NextSeq 500
D11SEQ100_GATAGAAGCCTA	D11SEQ100_GATAGAAGCCTA	CAPD11r100_GATAGAAGCCTA	CAPD11r100	CAPD11r100	Infection1	d11	CTRL	Infection1_d11	CTRL_d11_Infection1	Replicative	Non.Committed_Replicative	GSM5916711	Infection1_D11_Inf_100	NextSeq 500
D11SEQ100_TGCAATCTATCC	D11SEQ100_TGCAATCTATCC	CAPD11r100_TGCAATCTATCC	CAPD11r100	CAPD11r100	Infection1	d11	CTRL	Infection1_d11	CTRL_d11_Infection1	Replicative	Non.Committed_Replicative	GSM5916711	Infection1_D11_Inf_100	NextSeq 500
D11SEQ100_TGCGTCCCTGTC	D11SEQ100_TGCGTCCCTGTC	CAPD11r100_TGCGTCCCTGTC	CAPD11r100	CAPD11r100	Infection1	d11	CTRL	Infection1_d11	CTRL_d11_Infection1	Replicative	Non.Committed_Replicative	GSM5916711	Infection1_D11_Inf_100	NextSeq 500
D11SEQ100_TCTATGCTGGGT	D11SEQ100_TCTATGCTGGGT	CAPD11r100_TCTATGCTGGGT	CAPD11r100	CAPD11r100	Infection1	d11	CTRL	Infection1_d11	CTRL_d11_Infection1	Replicative	Non.Committed_Replicative	GSM5916711	Infection1_D11_Inf_100	NextSeq 500
D11SEQ100_ACTTGTTCGGGC	D11SEQ100_ACTTGTTCGGGC	CAPD11r100_ACTTGTTCGGGC	CAPD11r100	CAPD11r100	Infection1	d11	CTRL	Infection1_d11	CTRL_d11_Infection1	Replicative	Non.Committed_Replicative	GSM5916711	Infection1_D11_Inf_100	NextSeq 500
D11SEQ100_GGGCGTGAGTGN	D11SEQ100_GGGCGTGAGTGN	CAPD11r100_GGGCGTGAGTGN	CAPD11r100	CAPD11r100	Infection1	d11	CTRL	Infection1_d11	CTRL_d11_Infection1	Replicative	Non.Committed_Replicative	GSM5916711	Infection1_D11_Inf_100	NextSeq 500
D11SEQ100_GCTCGGCGCGCT	D11SEQ100_GCTCGGCGCGCT	CAPD11r100_GCTCGGCGCGCT	CAPD11r100	CAPD11r100	Infection1	d11	CTRL	Infection1_d11	CTRL_d11_Infection1	Replicative	Non.Committed_Replicative	GSM5916711	Infection1_D11_Inf_100	NextSeq 500
D11SEQ100_GATAGAAGCCTT	D11SEQ100_GATAGAAGCCTT	CAPD11r100_GATAGAAGCCTT	CAPD11r100	CAPD11r100	Infection1	d11	CTRL	Infection1_d11	CTRL_d11_Infection1	Replicative	Non.Committed_Replicative	GSM5916711	Infection1_D11_Inf_100	NextSeq 500
D11SEQ100_GGGCGTGAGTCN	D11SEQ100_GGGCGTGAGTCN	CAPD11r100_GGGCGTGAGTCN	CAPD11r100	CAPD11r100	Infection1	d11	CTRL	Infection1_d11	CTRL_d11_Infection1	Replicative	Non.Committed_Replicative	GSM5916711	Infection1_D11_Inf_100	NextSeq 500
D11SEQ100_AAGGATTCGTGG	D11SEQ100_AAGGATTCGTGG	CAPD11r100_AAGGATTCGTGG	CAPD11r100	CAPD11r100	Infection1	d11	CTRL	Infection1_d11	CTRL_d11_Infection1	Replicative	Non.Committed_Replicative	GSM5916711	Infection1_D11_Inf_100	NextSeq 500
D11SEQ100_CGCTGTAATCTT	D11SEQ100_CGCTGTAATCTT	CAPD11r100_CGCTGTAATCTT	CAPD11r100	CAPD11r100	Infection1	d11	CTRL	Infection1_d11	CTRL_d11_Infection1	Replicative	Non.Committed_Replicative	GSM5916711	Infection1_D11_Inf_100	NextSeq 500
D11SEQ100_GTATATCTAACT	D11SEQ100_GTATATCTAACT	CAPD11r100_GTATATCTAACT	CAPD11r100	CAPD11r100	Infection1	d11	CTRL	Infection1_d11	CTRL_d11_Infection1	Replicative	Non.Committed_Replicative	GSM5916711	Infection1_D11_Inf_100	NextSeq 500
D11SEQ100_ATGAATCATACG	D11SEQ100_ATGAATCATACG	CAPD11r100_ATGAATCATACG	CAPD11r100	CAPD11r100	Infection1	d11	CTRL	Infection1_d11	CTRL_d11_Infection1	Replicative	Non.Committed_Replicative	GSM5916711	Infection1_D11_Inf_100	NextSeq 500
D11SEQ100_TTAACCGTAACT	D11SEQ100_TTAACCGTAACT	CAPD11r100_TTAACCGTAACT	CAPD11r100	CAPD11r100	Infection1	d11	CTRL	Infection1_d11	CTRL_d11_Infection1	Replicative	Non.Committed_Replicative	GSM5916711	Infection1_D11_Inf_100	NextSeq 500
D11SEQ100_GGGCGTGAGTTN	D11SEQ100_GGGCGTGAGTTN	CAPD11r100_GGGCGTGAGTTN	CAPD11r100	CAPD11r100	Infection1	d11	CTRL	Infection1_d11	CTRL_d11_Infection1	Replicative	Non.Committed_Replicative	GSM5916711	Infection1_D11_Inf_100	NextSeq 500
D11SEQ100_TGTGACAACTGA	D11SEQ100_TGTGACAACTGA	CAPD11r100_TGTGACAACTGA	CAPD11r100	CAPD11r100	Infection1	d11	CTRL	Infection1_d11	CTRL_d11_Infection1	Replicative	Non.Committed_Replicative	GSM5916711	Infection1_D11_Inf_100	NextSeq 500
D11SEQ100_GGGCGTGAGTAN	D11SEQ100_GGGCGTGAGTAN	CAPD11r100_GGGCGTGAGTAN	CAPD11r100	CAPD11r100	Infection1	d11	CTRL	Infection1_d11	CTRL_d11_Infection1	Replicative	Non.Committed_Replicative	GSM5916711	Infection1_D11_Inf_100	NextSeq 500
D11SEQ100_AGGTAACATACC	D11SEQ100_AGGTAACATACC	CAPD11r100_AGGTAACATACC	CAPD11r100	CAPD11r100	Infection1	d11	CTRL	Infection1_d11	CTRL_d11_Infection1	Replicative	Non.Committed_Replicative	GSM5916711	Infection1_D11_Inf_100	NextSeq 500
D11SEQ100_CCTCCATTCGTC	D11SEQ100_CCTCCATTCGTC	CAPD11r100_CCTCCATTCGTC	CAPD11r100	CAPD11r100	Infection1	d11	CTRL	Infection1_d11	CTRL_d11_Infection1	Replicative	Non.Committed_Replicative	GSM5916711	Infection1_D11_Inf_100	NextSeq 500
D11SEQ100_GTCGTAAGAAAT	D11SEQ100_GTCGTAAGAAAT	CAPD11r100_GTCGTAAGAAAT	CAPD11r100	CAPD11r100	Infection1	d11	CTRL	Infection1_d11	CTRL_d11_Infection1	Replicative	Non.Committed_Replicative	GSM5916711	Infection1_D11_Inf_100	NextSeq 500
D11SEQ100_ATTGCAAAGTTT	D11SEQ100_ATTGCAAAGTTT	CAPD11r100_ATTGCAAAGTTT	CAPD11r100	CAPD11r100	Infection1	d11	CTRL	Infection1_d11	CTRL_d11_Infection1	Replicative	Non.Committed_Replicative	GSM5916711	Infection1_D11_Inf_100	NextSeq 500
D11SEQ100_GCTACGGTTGGC	D11SEQ100_GCTACGGTTGGC	CAPD11r100_GCTACGGTTGGC	CAPD11r100	CAPD11r100	Infection1	d11	CTRL	Infection1_d11	CTRL_d11_Infection1	Replicative	Non.Committed_Replicative	GSM5916711	Infection1_D11_Inf_100	NextSeq 500
D11SEQ100_TTCGTCGTACGA	D11SEQ100_TTCGTCGTACGA	CAPD11r100_TTCGTCGTACGA	CAPD11r100	CAPD11r100	Infection1	d11	CTRL	Infection1_d11	CTRL_d11_Infection1	Replicative	Non.Committed_Replicative	GSM5916711	Infection1_D11_Inf_100	NextSeq 500
D11SEQ100_AAACTAGTCGCC	D11SEQ100_AAACTAGTCGCC	CAPD11r100_AAACTAGTCGCC	CAPD11r100	CAPD11r100	Infection1	d11	CTRL	Infection1_d11	CTRL_d11_Infection1	Replicative	Sexually.Committed_Replicative	GSM5916711	Infection1_D11_Inf_100	NextSeq 500
D11SEQ100_TCCCGTGTCCTA	D11SEQ100_TCCCGTGTCCTA	CAPD11r100_TCCCGTGTCCTA	CAPD11r100	CAPD11r100	Infection1	d11	CTRL	Infection1_d11	CTRL_d11_Infection1	Replicative	Non.Committed_Replicative	GSM5916711	Infection1_D11_Inf_100	NextSeq 500
D11SEQ100_ATTTTAGTATCA	D11SEQ100_ATTTTAGTATCA	CAPD11r100_ATTTTAGTATCA	CAPD11r100	CAPD11r100	Infection1	d11	CTRL	Infection1_d11	CTRL_d11_Infection1	Replicative	Non.Committed_Replicative	GSM5916711	Infection1_D11_Inf_100	NextSeq 500
D11SEQ100_ATTAATGGCTGG	D11SEQ100_ATTAATGGCTGG	CAPD11r100_ATTAATGGCTGG	CAPD11r100	CAPD11r100	Infection1	d11	CTRL	Infection1_d11	CTRL_d11_Infection1	Replicative	Non.Committed_Replicative	GSM5916711	Infection1_D11_Inf_100	NextSeq 500
D11SEQ100_GCGGCTTTCTCG	D11SEQ100_GCGGCTTTCTCG	CAPD11r100_GCGGCTTTCTCG	CAPD11r100	CAPD11r100	Infection1	d11	CTRL	Infection1_d11	CTRL_d11_Infection1	Replicative	Non.Committed_Replicative	GSM5916711	Infection1_D11_Inf_100	NextSeq 500
D11SEQ100_AGCGTACCTGTC	D11SEQ100_AGCGTACCTGTC	CAPD11r100_AGCGTACCTGTC	CAPD11r100	CAPD11r100	Infection1	d11	CTRL	Infection1_d11	CTRL_d11_Infection1	Replicative	Non.Committed_Replicative	GSM5916711	Infection1_D11_Inf_100	NextSeq 500
D11SEQ100_AACAGAAAAGAA	D11SEQ100_AACAGAAAAGAA	CAPD11r100_AACAGAAAAGAA	CAPD11r100	CAPD11r100	Infection1	d11	CTRL	Infection1_d11	CTRL_d11_Infection1	Replicative	Non.Committed_Replicative	GSM5916711	Infection1_D11_Inf_100	NextSeq 500
D11SEQ100_AGAGTCATAGCT	D11SEQ100_AGAGTCATAGCT	CAPD11r100_AGAGTCATAGCT	CAPD11r100	CAPD11r100	Infection1	d11	CTRL	Infection1_d11	CTRL_d11_Infection1	Replicative	Non.Committed_Replicative	GSM5916711	Infection1_D11_Inf_100	NextSeq 500
D5SEQ100_ACCTGTGACACT	D5SEQ100_ACCTGTGACACT	CAPD5r100_ACCTGTGACACT	CAPD5r100	CAPD5r100	Infection1	d5	CTRL	Infection1_d5	CTRL_d5_Infection1	Replicative	Non.Committed_Replicative	GSM5916707	Infection1_D5_Inf_100	NextSeq 500
D5SEQ100_GACACCTTAAGC	D5SEQ100_GACACCTTAAGC	CAPD5r100_GACACCTTAAGC	CAPD5r100	CAPD5r100	Infection1	d5	CTRL	Infection1_d5	CTRL_d5_Infection1	Replicative	Non.Committed_Replicative	GSM5916707	Infection1_D5_Inf_100	NextSeq 500
D5SEQ100_ATGTAAACCTGT	D5SEQ100_ATGTAAACCTGT	CAPD5r100_ATGTAAACCTGT	CAPD5r100	CAPD5r100	Infection1	d5	CTRL	Infection1_d5	CTRL_d5_Infection1	Replicative	Non.Committed_Replicative	GSM5916707	Infection1_D5_Inf_100	NextSeq 500
D5SEQ100_GAGTACGAATAA	D5SEQ100_GAGTACGAATAA	CAPD5r100_GAGTACGAATAA	CAPD5r100	CAPD5r100	Infection1	d5	CTRL	Infection1_d5	CTRL_d5_Infection1	Hypnozoite	Sexually.Committed_Hypnozoite	GSM5916707	Infection1_D5_Inf_100	NextSeq 500
D5SEQ100_TGACGGACGCTT	D5SEQ100_TGACGGACGCTT	CAPD5r100_TGACGGACGCTT	CAPD5r100	CAPD5r100	Infection1	d5	CTRL	Infection1_d5	CTRL_d5_Infection1	Replicative	Non.Committed_Replicative	GSM5916707	Infection1_D5_Inf_100	NextSeq 500
D5SEQ100_CTATACATTCCC	D5SEQ100_CTATACATTCCC	CAPD5r100_CTATACATTCCC	CAPD5r100	CAPD5r100	Infection1	d5	CTRL	Infection1_d5	CTRL_d5_Infection1	Replicative	Non.Committed_Replicative	GSM5916707	Infection1_D5_Inf_100	NextSeq 500
D5SEQ100_CTAGGGTAAGGG	D5SEQ100_CTAGGGTAAGGG	CAPD5r100_CTAGGGTAAGGG	CAPD5r100	CAPD5r100	Infection1	d5	CTRL	Infection1_d5	CTRL_d5_Infection1	Replicative	Non.Committed_Replicative	GSM5916707	Infection1_D5_Inf_100	NextSeq 500
D5SEQ100_AAGGGCGACACG	D5SEQ100_AAGGGCGACACG	CAPD5r100_AAGGGCGACACG	CAPD5r100	CAPD5r100	Infection1	d5	CTRL	Infection1_d5	CTRL_d5_Infection1	Replicative	Non.Committed_Replicative	GSM5916707	Infection1_D5_Inf_100	NextSeq 500
D5SEQ100_TGAAGGCCGCTT	D5SEQ100_TGAAGGCCGCTT	CAPD5r100_TGAAGGCCGCTT	CAPD5r100	CAPD5r100	Infection1	d5	CTRL	Infection1_d5	CTRL_d5_Infection1	Replicative	Non.Committed_Replicative	GSM5916707	Infection1_D5_Inf_100	NextSeq 500
D5SEQ100_GGGCACCCCGTC	D5SEQ100_GGGCACCCCGTC	CAPD5r100_GGGCACCCCGTC	CAPD5r100	CAPD5r100	Infection1	d5	CTRL	Infection1_d5	CTRL_d5_Infection1	Replicative	Non.Committed_Replicative	GSM5916707	Infection1_D5_Inf_100	NextSeq 500
D5SEQ100_TGGCAGCTCAGC	D5SEQ100_TGGCAGCTCAGC	CAPD5r100_TGGCAGCTCAGC	CAPD5r100	CAPD5r100	Infection1	d5	CTRL	Infection1_d5	CTRL_d5_Infection1	Replicative	Non.Committed_Replicative	GSM5916707	Infection1_D5_Inf_100	NextSeq 500
D5SEQ100_GACTGTGGTCGT	D5SEQ100_GACTGTGGTCGT	CAPD5r100_GACTGTGGTCGT	CAPD5r100	CAPD5r100	Infection1	d5	CTRL	Infection1_d5	CTRL_d5_Infection1	Replicative	Non.Committed_Replicative	GSM5916707	Infection1_D5_Inf_100	NextSeq 500
D5SEQ100_GGTACACACACG	D5SEQ100_GGTACACACACG	CAPD5r100_GGTACACACACG	CAPD5r100	CAPD5r100	Infection1	d5	CTRL	Infection1_d5	CTRL_d5_Infection1	Replicative	Non.Committed_Replicative	GSM5916707	Infection1_D5_Inf_100	NextSeq 500
D5SEQ100_GTAGGTCACCAG	D5SEQ100_GTAGGTCACCAG	CAPD5r100_GTAGGTCACCAG	CAPD5r100	CAPD5r100	Infection1	d5	CTRL	Infection1_d5	CTRL_d5_Infection1	Replicative	Non.Committed_Replicative	GSM5916707	Infection1_D5_Inf_100	NextSeq 500
D5SEQ100_TCTTCGAGATCC	D5SEQ100_TCTTCGAGATCC	CAPD5r100_TCTTCGAGATCC	CAPD5r100	CAPD5r100	Infection1	d5	CTRL	Infection1_d5	CTRL_d5_Infection1	Replicative	Non.Committed_Replicative	GSM5916707	Infection1_D5_Inf_100	NextSeq 500
D5SEQ100_AAGTCTTGTCCT	D5SEQ100_AAGTCTTGTCCT	CAPD5r100_AAGTCTTGTCCT	CAPD5r100	CAPD5r100	Infection1	d5	CTRL	Infection1_d5	CTRL_d5_Infection1	Replicative	Non.Committed_Replicative	GSM5916707	Infection1_D5_Inf_100	NextSeq 500
D5SEQ100_CCGCTACCTGTA	D5SEQ100_CCGCTACCTGTA	CAPD5r100_CCGCTACCTGTA	CAPD5r100	CAPD5r100	Infection1	d5	CTRL	Infection1_d5	CTRL_d5_Infection1	Replicative	Non.Committed_Replicative	GSM5916707	Infection1_D5_Inf_100	NextSeq 500
D5SEQ100_GGTACACACACC	D5SEQ100_GGTACACACACC	CAPD5r100_GGTACACACACC	CAPD5r100	CAPD5r100	Infection1	d5	CTRL	Infection1_d5	CTRL_d5_Infection1	Replicative	Non.Committed_Replicative	GSM5916707	Infection1_D5_Inf_100	NextSeq 500
D5SEQ100_ATGTGGGCAGGC	D5SEQ100_ATGTGGGCAGGC	CAPD5r100_ATGTGGGCAGGC	CAPD5r100	CAPD5r100	Infection1	d5	CTRL	Infection1_d5	CTRL_d5_Infection1	Replicative	Non.Committed_Replicative	GSM5916707	Infection1_D5_Inf_100	NextSeq 500
D5SEQ100_ATTAATTGTTAT	D5SEQ100_ATTAATTGTTAT	CAPD5r100_ATTAATTGTTAT	CAPD5r100	CAPD5r100	Infection1	d5	CTRL	Infection1_d5	CTRL_d5_Infection1	Replicative	Non.Committed_Replicative	GSM5916707	Infection1_D5_Inf_100	NextSeq 500
D5SEQ100_ACCTTGGTACCA	D5SEQ100_ACCTTGGTACCA	CAPD5r100_ACCTTGGTACCA	CAPD5r100	CAPD5r100	Infection1	d5	CTRL	Infection1_d5	CTRL_d5_Infection1	Replicative	Non.Committed_Replicative	GSM5916707	Infection1_D5_Inf_100	NextSeq 500
D5SEQ100_GGTACACACACA	D5SEQ100_GGTACACACACA	CAPD5r100_GGTACACACACA	CAPD5r100	CAPD5r100	Infection1	d5	CTRL	Infection1_d5	CTRL_d5_Infection1	Replicative	Non.Committed_Replicative	GSM5916707	Infection1_D5_Inf_100	NextSeq 500
D5SEQ100_CTACTTGACCCC	D5SEQ100_CTACTTGACCCC	CAPD5r100_CTACTTGACCCC	CAPD5r100	CAPD5r100	Infection1	d5	CTRL	Infection1_d5	CTRL_d5_Infection1	Replicative	Non.Committed_Replicative	GSM5916707	Infection1_D5_Inf_100	NextSeq 500
D5SEQ100_GGTCGCGCTACA	D5SEQ100_GGTCGCGCTACA	CAPD5r100_GGTCGCGCTACA	CAPD5r100	CAPD5r100	Infection1	d5	CTRL	Infection1_d5	CTRL_d5_Infection1	Replicative	Non.Committed_Replicative	GSM5916707	Infection1_D5_Inf_100	NextSeq 500
D5SEQ100_CGCGCCGTTCTT	D5SEQ100_CGCGCCGTTCTT	CAPD5r100_CGCGCCGTTCTT	CAPD5r100	CAPD5r100	Infection1	d5	CTRL	Infection1_d5	CTRL_d5_Infection1	Replicative	Non.Committed_Replicative	GSM5916707	Infection1_D5_Inf_100	NextSeq 500
D5SEQ100_CACGTAGGTGCG	D5SEQ100_CACGTAGGTGCG	CAPD5r100_CACGTAGGTGCG	CAPD5r100	CAPD5r100	Infection1	d5	CTRL	Infection1_d5	CTRL_d5_Infection1	Replicative	Non.Committed_Replicative	GSM5916707	Infection1_D5_Inf_100	NextSeq 500
D5SEQ100_CCTTGGTAGCAC	D5SEQ100_CCTTGGTAGCAC	CAPD5r100_CCTTGGTAGCAC	CAPD5r100	CAPD5r100	Infection1	d5	CTRL	Infection1_d5	CTRL_d5_Infection1	Replicative	Non.Committed_Replicative	GSM5916707	Infection1_D5_Inf_100	NextSeq 500
D5SEQ100_TCTCGGACATCA	D5SEQ100_TCTCGGACATCA	CAPD5r100_TCTCGGACATCA	CAPD5r100	CAPD5r100	Infection1	d5	CTRL	Infection1_d5	CTRL_d5_Infection1	Hypnozoite	Non.Committed_Hypnozoite	GSM5916707	Infection1_D5_Inf_100	NextSeq 500
D5SEQ100_CCTTGGTAGCAG	D5SEQ100_CCTTGGTAGCAG	CAPD5r100_CCTTGGTAGCAG	CAPD5r100	CAPD5r100	Infection1	d5	CTRL	Infection1_d5	CTRL_d5_Infection1	Replicative	Non.Committed_Replicative	GSM5916707	Infection1_D5_Inf_100	NextSeq 500
D5SEQ100_CGAGGATAGGAG	D5SEQ100_CGAGGATAGGAG	CAPD5r100_CGAGGATAGGAG	CAPD5r100	CAPD5r100	Infection1	d5	CTRL	Infection1_d5	CTRL_d5_Infection1	Replicative	Non.Committed_Replicative	GSM5916707	Infection1_D5_Inf_100	NextSeq 500
D5SEQ100_ACCTTGGTAACA	D5SEQ100_ACCTTGGTAACA	CAPD5r100_ACCTTGGTAACA	CAPD5r100	CAPD5r100	Infection1	d5	CTRL	Infection1_d5	CTRL_d5_Infection1	Replicative	Non.Committed_Replicative	GSM5916707	Infection1_D5_Inf_100	NextSeq 500
D5SEQ100_CCGTCTATACAA	D5SEQ100_CCGTCTATACAA	CAPD5r100_CCGTCTATACAA	CAPD5r100	CAPD5r100	Infection1	d5	CTRL	Infection1_d5	CTRL_d5_Infection1	Replicative	Non.Committed_Replicative	GSM5916707	Infection1_D5_Inf_100	NextSeq 500
D5SEQ100_CATCGAAGTATG	D5SEQ100_CATCGAAGTATG	CAPD5r100_CATCGAAGTATG	CAPD5r100	CAPD5r100	Infection1	d5	CTRL	Infection1_d5	CTRL_d5_Infection1	Replicative	Non.Committed_Replicative	GSM5916707	Infection1_D5_Inf_100	NextSeq 500
D5SEQ100_CCTTGGTAGCAT	D5SEQ100_CCTTGGTAGCAT	CAPD5r100_CCTTGGTAGCAT	CAPD5r100	CAPD5r100	Infection1	d5	CTRL	Infection1_d5	CTRL_d5_Infection1	Replicative	Non.Committed_Replicative	GSM5916707	Infection1_D5_Inf_100	NextSeq 500
D5SEQ100_GGTACACACACT	D5SEQ100_GGTACACACACT	CAPD5r100_GGTACACACACT	CAPD5r100	CAPD5r100	Infection1	d5	CTRL	Infection1_d5	CTRL_d5_Infection1	Replicative	Non.Committed_Replicative	GSM5916707	Infection1_D5_Inf_100	NextSeq 500
D5SEQ100_CAGAACGCCACG	D5SEQ100_CAGAACGCCACG	CAPD5r100_CAGAACGCCACG	CAPD5r100	CAPD5r100	Infection1	d5	CTRL	Infection1_d5	CTRL_d5_Infection1	Replicative	Non.Committed_Replicative	GSM5916707	Infection1_D5_Inf_100	NextSeq 500
D5SEQ100_TCTAGGCCATCA	D5SEQ100_TCTAGGCCATCA	CAPD5r100_TCTAGGCCATCA	CAPD5r100	CAPD5r100	Infection1	d5	CTRL	Infection1_d5	CTRL_d5_Infection1	Hypnozoite	Non.Committed_Hypnozoite	GSM5916707	Infection1_D5_Inf_100	NextSeq 500
D5SEQ100_TCCAGATCCGAG	D5SEQ100_TCCAGATCCGAG	CAPD5r100_TCCAGATCCGAG	CAPD5r100	CAPD5r100	Infection1	d5	CTRL	Infection1_d5	CTRL_d5_Infection1	Replicative	Non.Committed_Replicative	GSM5916707	Infection1_D5_Inf_100	NextSeq 500
D5SEQ100_ACCTTGGTAGCT	D5SEQ100_ACCTTGGTAGCT	CAPD5r100_ACCTTGGTAGCT	CAPD5r100	CAPD5r100	Infection1	d5	CTRL	Infection1_d5	CTRL_d5_Infection1	Replicative	Non.Committed_Replicative	GSM5916707	Infection1_D5_Inf_100	NextSeq 500
D5SEQ100_CGAGGATAGGAC	D5SEQ100_CGAGGATAGGAC	CAPD5r100_CGAGGATAGGAC	CAPD5r100	CAPD5r100	Infection1	d5	CTRL	Infection1_d5	CTRL_d5_Infection1	Replicative	Non.Committed_Replicative	GSM5916707	Infection1_D5_Inf_100	NextSeq 500
D5SEQ100_CAGCCCTTAGCT	D5SEQ100_CAGCCCTTAGCT	CAPD5r100_CAGCCCTTAGCT	CAPD5r100	CAPD5r100	Infection1	d5	CTRL	Infection1_d5	CTRL_d5_Infection1	Replicative	Non.Committed_Replicative	GSM5916707	Infection1_D5_Inf_100	NextSeq 500
D5SEQ100_CCTTGGTAGCAA	D5SEQ100_CCTTGGTAGCAA	CAPD5r100_CCTTGGTAGCAA	CAPD5r100	CAPD5r100	Infection1	d5	CTRL	Infection1_d5	CTRL_d5_Infection1	Replicative	Non.Committed_Replicative	GSM5916707	Infection1_D5_Inf_100	NextSeq 500
D5SEQ100_ACCTTAGTAGCA	D5SEQ100_ACCTTAGTAGCA	CAPD5r100_ACCTTAGTAGCA	CAPD5r100	CAPD5r100	Infection1	d5	CTRL	Infection1_d5	CTRL_d5_Infection1	Replicative	Non.Committed_Replicative	GSM5916707	Infection1_D5_Inf_100	NextSeq 500
D5SEQ100_CGAGGATAGGAA	D5SEQ100_CGAGGATAGGAA	CAPD5r100_CGAGGATAGGAA	CAPD5r100	CAPD5r100	Infection1	d5	CTRL	Infection1_d5	CTRL_d5_Infection1	Replicative	Non.Committed_Replicative	GSM5916707	Infection1_D5_Inf_100	NextSeq 500
D5SEQ100_TTTCAGTGCGTT	D5SEQ100_TTTCAGTGCGTT	CAPD5r100_TTTCAGTGCGTT	CAPD5r100	CAPD5r100	Infection1	d5	CTRL	Infection1_d5	CTRL_d5_Infection1	Replicative	Non.Committed_Replicative	GSM5916707	Infection1_D5_Inf_100	NextSeq 500
D5SEQ100_ACCTTGGTAGCC	D5SEQ100_ACCTTGGTAGCC	CAPD5r100_ACCTTGGTAGCC	CAPD5r100	CAPD5r100	Infection1	d5	CTRL	Infection1_d5	CTRL_d5_Infection1	Replicative	Non.Committed_Replicative	GSM5916707	Infection1_D5_Inf_100	NextSeq 500
D5SEQ100_ACCTTGATAGCA	D5SEQ100_ACCTTGATAGCA	CAPD5r100_ACCTTGATAGCA	CAPD5r100	CAPD5r100	Infection1	d5	CTRL	Infection1_d5	CTRL_d5_Infection1	Replicative	Non.Committed_Replicative	GSM5916707	Infection1_D5_Inf_100	NextSeq 500
D5SEQ100_ACCTTCGTAGCA	D5SEQ100_ACCTTCGTAGCA	CAPD5r100_ACCTTCGTAGCA	CAPD5r100	CAPD5r100	Infection1	d5	CTRL	Infection1_d5	CTRL_d5_Infection1	Replicative	Non.Committed_Replicative	GSM5916707	Infection1_D5_Inf_100	NextSeq 500
D5SEQ100_AAGGGCGACAAC	D5SEQ100_AAGGGCGACAAC	CAPD5r100_AAGGGCGACAAC	CAPD5r100	CAPD5r100	Infection1	d5	CTRL	Infection1_d5	CTRL_d5_Infection1	Replicative	Non.Committed_Replicative	GSM5916707	Infection1_D5_Inf_100	NextSeq 500
D5SEQ100_GAGGGCGACAAG	D5SEQ100_GAGGGCGACAAG	CAPD5r100_GAGGGCGACAAG	CAPD5r100	CAPD5r100	Infection1	d5	CTRL	Infection1_d5	CTRL_d5_Infection1	Replicative	Non.Committed_Replicative	GSM5916707	Infection1_D5_Inf_100	NextSeq 500
D5SEQ100_GATCTTTCGAAT	D5SEQ100_GATCTTTCGAAT	CAPD5r100_GATCTTTCGAAT	CAPD5r100	CAPD5r100	Infection1	d5	CTRL	Infection1_d5	CTRL_d5_Infection1	Replicative	Non.Committed_Replicative	GSM5916707	Infection1_D5_Inf_100	NextSeq 500
D5SEQ100_AAGGCACTGCAG	D5SEQ100_AAGGCACTGCAG	CAPD5r100_AAGGCACTGCAG	CAPD5r100	CAPD5r100	Infection1	d5	CTRL	Infection1_d5	CTRL_d5_Infection1	Replicative	Non.Committed_Replicative	GSM5916707	Infection1_D5_Inf_100	NextSeq 500
D5SEQ100_ACCTTGCTAGCA	D5SEQ100_ACCTTGCTAGCA	CAPD5r100_ACCTTGCTAGCA	CAPD5r100	CAPD5r100	Infection1	d5	CTRL	Infection1_d5	CTRL_d5_Infection1	Replicative	Non.Committed_Replicative	GSM5916707	Infection1_D5_Inf_100	NextSeq 500
D5SEQ100_AAGGCGACAAGG	D5SEQ100_AAGGCGACAAGG	CAPD5r100_AAGGCGACAAGG	CAPD5r100	CAPD5r100	Infection1	d5	CTRL	Infection1_d5	CTRL_d5_Infection1	Replicative	Non.Committed_Replicative	GSM5916707	Infection1_D5_Inf_100	NextSeq 500
D5SEQ100_AAGGGCCACAAG	D5SEQ100_AAGGGCCACAAG	CAPD5r100_AAGGGCCACAAG	CAPD5r100	CAPD5r100	Infection1	d5	CTRL	Infection1_d5	CTRL_d5_Infection1	Replicative	Non.Committed_Replicative	GSM5916707	Infection1_D5_Inf_100	NextSeq 500
D5SEQ100_CAGGGGCGAGTT	D5SEQ100_CAGGGGCGAGTT	CAPD5r100_CAGGGGCGAGTT	CAPD5r100	CAPD5r100	Infection1	d5	CTRL	Infection1_d5	CTRL_d5_Infection1	Replicative	Non.Committed_Replicative	GSM5916707	Infection1_D5_Inf_100	NextSeq 500
D5SEQ100_TTTTTGAGAAAT	D5SEQ100_TTTTTGAGAAAT	CAPD5r100_TTTTTGAGAAAT	CAPD5r100	CAPD5r100	Infection1	d5	CTRL	Infection1_d5	CTRL_d5_Infection1	Replicative	Non.Committed_Replicative	GSM5916707	Infection1_D5_Inf_100	NextSeq 500
D5SEQ100_TCCAGATCCGAC	D5SEQ100_TCCAGATCCGAC	CAPD5r100_TCCAGATCCGAC	CAPD5r100	CAPD5r100	Infection1	d5	CTRL	Infection1_d5	CTRL_d5_Infection1	Replicative	Non.Committed_Replicative	GSM5916707	Infection1_D5_Inf_100	NextSeq 500
D5SEQ100_AAGGGCGACAAA	D5SEQ100_AAGGGCGACAAA	CAPD5r100_AAGGGCGACAAA	CAPD5r100	CAPD5r100	Infection1	d5	CTRL	Infection1_d5	CTRL_d5_Infection1	Replicative	Non.Committed_Replicative	GSM5916707	Infection1_D5_Inf_100	NextSeq 500
D5SEQ100_AGAAGGACGCTT	D5SEQ100_AGAAGGACGCTT	CAPD5r100_AGAAGGACGCTT	CAPD5r100	CAPD5r100	Infection1	d5	CTRL	Infection1_d5	CTRL_d5_Infection1	Replicative	Non.Committed_Replicative	GSM5916707	Infection1_D5_Inf_100	NextSeq 500
D5SEQ100_TCAAGGACGCTT	D5SEQ100_TCAAGGACGCTT	CAPD5r100_TCAAGGACGCTT	CAPD5r100	CAPD5r100	Infection1	d5	CTRL	Infection1_d5	CTRL_d5_Infection1	Replicative	Non.Committed_Replicative	GSM5916707	Infection1_D5_Inf_100	NextSeq 500
D5SEQ100_CGAAGGGAAACT	D5SEQ100_CGAAGGGAAACT	CAPD5r100_CGAAGGGAAACT	CAPD5r100	CAPD5r100	Infection1	d5	CTRL	Infection1_d5	CTRL_d5_Infection1	Replicative	Non.Committed_Replicative	GSM5916707	Infection1_D5_Inf_100	NextSeq 500
D5SEQ100_AAGGCGACAAGC	D5SEQ100_AAGGCGACAAGC	CAPD5r100_AAGGCGACAAGC	CAPD5r100	CAPD5r100	Infection1	d5	CTRL	Infection1_d5	CTRL_d5_Infection1	Replicative	Non.Committed_Replicative	GSM5916707	Infection1_D5_Inf_100	NextSeq 500
D5SEQ100_AAGGCACTGCAC	D5SEQ100_AAGGCACTGCAC	CAPD5r100_AAGGCACTGCAC	CAPD5r100	CAPD5r100	Infection1	d5	CTRL	Infection1_d5	CTRL_d5_Infection1	Replicative	Non.Committed_Replicative	GSM5916707	Infection1_D5_Inf_100	NextSeq 500
D5SEQ100_GAGTACGAATCA	D5SEQ100_GAGTACGAATCA	CAPD5r100_GAGTACGAATCA	CAPD5r100	CAPD5r100	Infection1	d5	CTRL	Infection1_d5	CTRL_d5_Infection1	Replicative	Non.Committed_Replicative	GSM5916707	Infection1_D5_Inf_100	NextSeq 500
D5SEQ100_GACCCCTTAAGC	D5SEQ100_GACCCCTTAAGC	CAPD5r100_GACCCCTTAAGC	CAPD5r100	CAPD5r100	Infection1	d5	CTRL	Infection1_d5	CTRL_d5_Infection1	Replicative	Non.Committed_Replicative	GSM5916707	Infection1_D5_Inf_100	NextSeq 500
D5SEQ100_CCTTATACGTCC	D5SEQ100_CCTTATACGTCC	CAPD5r100_CCTTATACGTCC	CAPD5r100	CAPD5r100	Infection1	d5	CTRL	Infection1_d5	CTRL_d5_Infection1	Replicative	Non.Committed_Replicative	GSM5916707	Infection1_D5_Inf_100	NextSeq 500
D5SEQ100_ATGTAACCCTGT	D5SEQ100_ATGTAACCCTGT	CAPD5r100_ATGTAACCCTGT	CAPD5r100	CAPD5r100	Infection1	d5	CTRL	Infection1_d5	CTRL_d5_Infection1	Replicative	Non.Committed_Replicative	GSM5916707	Infection1_D5_Inf_100	NextSeq 500
D5SEQ100_CGAGGATAGGAT	D5SEQ100_CGAGGATAGGAT	CAPD5r100_CGAGGATAGGAT	CAPD5r100	CAPD5r100	Infection1	d5	CTRL	Infection1_d5	CTRL_d5_Infection1	Replicative	Non.Committed_Replicative	GSM5916707	Infection1_D5_Inf_100	NextSeq 500
D5SEQ100_GCCTGTGACACT	D5SEQ100_GCCTGTGACACT	CAPD5r100_GCCTGTGACACT	CAPD5r100	CAPD5r100	Infection1	d5	CTRL	Infection1_d5	CTRL_d5_Infection1	Replicative	Non.Committed_Replicative	GSM5916707	Infection1_D5_Inf_100	NextSeq 500
D5SEQ100_ACCTTGGTAGCG	D5SEQ100_ACCTTGGTAGCG	CAPD5r100_ACCTTGGTAGCG	CAPD5r100	CAPD5r100	Infection1	d5	CTRL	Infection1_d5	CTRL_d5_Infection1	Replicative	Non.Committed_Replicative	GSM5916707	Infection1_D5_Inf_100	NextSeq 500
D5SEQ100_AGGGCGACAAGG	D5SEQ100_AGGGCGACAAGG	CAPD5r100_AGGGCGACAAGG	CAPD5r100	CAPD5r100	Infection1	d5	CTRL	Infection1_d5	CTRL_d5_Infection1	Replicative	Non.Committed_Replicative	GSM5916707	Infection1_D5_Inf_100	NextSeq 500
D5SEQ100_TCCACTCAGGGC	D5SEQ100_TCCACTCAGGGC	CAPD5r100_TCCACTCAGGGC	CAPD5r100	CAPD5r100	Infection1	d5	CTRL	Infection1_d5	CTRL_d5_Infection1	Replicative	Non.Committed_Replicative	GSM5916707	Infection1_D5_Inf_100	NextSeq 500
D5SEQ100_TGAAGGACCCTT	D5SEQ100_TGAAGGACCCTT	CAPD5r100_TGAAGGACCCTT	CAPD5r100	CAPD5r100	Infection1	d5	CTRL	Infection1_d5	CTRL_d5_Infection1	Replicative	Non.Committed_Replicative	GSM5916707	Infection1_D5_Inf_100	NextSeq 500
D5SEQ100_GAAGGACGCTTG	D5SEQ100_GAAGGACGCTTG	CAPD5r100_GAAGGACGCTTG	CAPD5r100	CAPD5r100	Infection1	d5	CTRL	Infection1_d5	CTRL_d5_Infection1	Replicative	Non.Committed_Replicative	GSM5916707	Infection1_D5_Inf_100	NextSeq 500
D5SEQ100_ACATTGGTAGCA	D5SEQ100_ACATTGGTAGCA	CAPD5r100_ACATTGGTAGCA	CAPD5r100	CAPD5r100	Infection1	d5	CTRL	Infection1_d5	CTRL_d5_Infection1	Replicative	Non.Committed_Replicative	GSM5916707	Infection1_D5_Inf_100	NextSeq 500
D5SEQ100_ACCTAGGTAGCA	D5SEQ100_ACCTAGGTAGCA	CAPD5r100_ACCTAGGTAGCA	CAPD5r100	CAPD5r100	Infection1	d5	CTRL	Infection1_d5	CTRL_d5_Infection1	Replicative	Non.Committed_Replicative	GSM5916707	Infection1_D5_Inf_100	NextSeq 500
D5SEQ100_AAGGCACTGCAA	D5SEQ100_AAGGCACTGCAA	CAPD5r100_AAGGCACTGCAA	CAPD5r100	CAPD5r100	Infection1	d5	CTRL	Infection1_d5	CTRL_d5_Infection1	Replicative	Non.Committed_Replicative	GSM5916707	Infection1_D5_Inf_100	NextSeq 500
D5SEQ100_TCCAGATCCGAA	D5SEQ100_TCCAGATCCGAA	CAPD5r100_TCCAGATCCGAA	CAPD5r100	CAPD5r100	Infection1	d5	CTRL	Infection1_d5	CTRL_d5_Infection1	Replicative	Non.Committed_Replicative	GSM5916707	Infection1_D5_Inf_100	NextSeq 500
D5SEQ100_CTATACCTTCCC	D5SEQ100_CTATACCTTCCC	CAPD5r100_CTATACCTTCCC	CAPD5r100	CAPD5r100	Infection1	d5	CTRL	Infection1_d5	CTRL_d5_Infection1	Replicative	Non.Committed_Replicative	GSM5916707	Infection1_D5_Inf_100	NextSeq 500
D5SEQ100_ATGTACACCTGT	D5SEQ100_ATGTACACCTGT	CAPD5r100_ATGTACACCTGT	CAPD5r100	CAPD5r100	Infection1	d5	CTRL	Infection1_d5	CTRL_d5_Infection1	Replicative	Non.Committed_Replicative	GSM5916707	Infection1_D5_Inf_100	NextSeq 500
D5SEQ100_AGGGCGACAAGA	D5SEQ100_AGGGCGACAAGA	CAPD5r100_AGGGCGACAAGA	CAPD5r100	CAPD5r100	Infection1	d5	CTRL	Infection1_d5	CTRL_d5_Infection1	Replicative	Non.Committed_Replicative	GSM5916707	Infection1_D5_Inf_100	NextSeq 500
D5SEQ100_AAGGCGACAAGT	D5SEQ100_AAGGCGACAAGT	CAPD5r100_AAGGCGACAAGT	CAPD5r100	CAPD5r100	Infection1	d5	CTRL	Infection1_d5	CTRL_d5_Infection1	Replicative	Non.Committed_Replicative	GSM5916707	Infection1_D5_Inf_100	NextSeq 500
D5SEQ100_TAAAGGACGCTT	D5SEQ100_TAAAGGACGCTT	CAPD5r100_TAAAGGACGCTT	CAPD5r100	CAPD5r100	Infection1	d5	CTRL	Infection1_d5	CTRL_d5_Infection1	Replicative	Non.Committed_Replicative	GSM5916707	Infection1_D5_Inf_100	NextSeq 500
D5SEQ100_TGAAGGACACTT	D5SEQ100_TGAAGGACACTT	CAPD5r100_TGAAGGACACTT	CAPD5r100	CAPD5r100	Infection1	d5	CTRL	Infection1_d5	CTRL_d5_Infection1	Replicative	Non.Committed_Replicative	GSM5916707	Infection1_D5_Inf_100	NextSeq 500
D5SEQ100_ACCATGGTAGCA	D5SEQ100_ACCATGGTAGCA	CAPD5r100_ACCATGGTAGCA	CAPD5r100	CAPD5r100	Infection1	d5	CTRL	Infection1_d5	CTRL_d5_Infection1	Replicative	Non.Committed_Replicative	GSM5916707	Infection1_D5_Inf_100	NextSeq 500
D5SEQ100_AGGGCGACAAGC	D5SEQ100_AGGGCGACAAGC	CAPD5r100_AGGGCGACAAGC	CAPD5r100	CAPD5r100	Infection1	d5	CTRL	Infection1_d5	CTRL_d5_Infection1	Replicative	Non.Committed_Replicative	GSM5916707	Infection1_D5_Inf_100	NextSeq 500
D5SEQ100_AAGGGCGACAGG	D5SEQ100_AAGGGCGACAGG	CAPD5r100_AAGGGCGACAGG	CAPD5r100	CAPD5r100	Infection1	d5	CTRL	Infection1_d5	CTRL_d5_Infection1	Replicative	Non.Committed_Replicative	GSM5916707	Infection1_D5_Inf_100	NextSeq 500
D5SEQ100_GGAAGGACGCTT	D5SEQ100_GGAAGGACGCTT	CAPD5r100_GGAAGGACGCTT	CAPD5r100	CAPD5r100	Infection1	d5	CTRL	Infection1_d5	CTRL_d5_Infection1	Replicative	Non.Committed_Replicative	GSM5916707	Infection1_D5_Inf_100	NextSeq 500
D5SEQ100_TGAACGACGCTT	D5SEQ100_TGAACGACGCTT	CAPD5r100_TGAACGACGCTT	CAPD5r100	CAPD5r100	Infection1	d5	CTRL	Infection1_d5	CTRL_d5_Infection1	Replicative	Non.Committed_Replicative	GSM5916707	Infection1_D5_Inf_100	NextSeq 500
D5SEQ100_AAGGCGACAAGA	D5SEQ100_AAGGCGACAAGA	CAPD5r100_AAGGCGACAAGA	CAPD5r100	CAPD5r100	Infection1	d5	CTRL	Infection1_d5	CTRL_d5_Infection1	Replicative	Non.Committed_Replicative	GSM5916707	Infection1_D5_Inf_100	NextSeq 500
D5SEQ100_TCCAGATCCGAT	D5SEQ100_TCCAGATCCGAT	CAPD5r100_TCCAGATCCGAT	CAPD5r100	CAPD5r100	Infection1	d5	CTRL	Infection1_d5	CTRL_d5_Infection1	Replicative	Non.Committed_Replicative	GSM5916707	Infection1_D5_Inf_100	NextSeq 500
D5SEQ100_ACCTTGGTAGAA	D5SEQ100_ACCTTGGTAGAA	CAPD5r100_ACCTTGGTAGAA	CAPD5r100	CAPD5r100	Infection1	d5	CTRL	Infection1_d5	CTRL_d5_Infection1	Replicative	Non.Committed_Replicative	GSM5916707	Infection1_D5_Inf_100	NextSeq 500
D5SEQ100_ACCTTGGAAGCA	D5SEQ100_ACCTTGGAAGCA	CAPD5r100_ACCTTGGAAGCA	CAPD5r100	CAPD5r100	Infection1	d5	CTRL	Infection1_d5	CTRL_d5_Infection1	Replicative	Non.Committed_Replicative	GSM5916707	Infection1_D5_Inf_100	NextSeq 500
D5SEQ100_TATACTGGTTGT	D5SEQ100_TATACTGGTTGT	CAPD5r100_TATACTGGTTGT	CAPD5r100	CAPD5r100	Infection1	d5	CTRL	Infection1_d5	CTRL_d5_Infection1	Replicative	Non.Committed_Replicative	GSM5916707	Infection1_D5_Inf_100	NextSeq 500
D5SEQ100_AAGGGCAACAAG	D5SEQ100_AAGGGCAACAAG	CAPD5r100_AAGGGCAACAAG	CAPD5r100	CAPD5r100	Infection1	d5	CTRL	Infection1_d5	CTRL_d5_Infection1	Replicative	Non.Committed_Replicative	GSM5916707	Infection1_D5_Inf_100	NextSeq 500
D5SEQ100_CCCTTGGTAGCA	D5SEQ100_CCCTTGGTAGCA	CAPD5r100_CCCTTGGTAGCA	CAPD5r100	CAPD5r100	Infection1	d5	CTRL	Infection1_d5	CTRL_d5_Infection1	Replicative	Non.Committed_Replicative	GSM5916707	Infection1_D5_Inf_100	NextSeq 500
D5SEQ100_AAGGGCGACAAT	D5SEQ100_AAGGGCGACAAT	CAPD5r100_AAGGGCGACAAT	CAPD5r100	CAPD5r100	Infection1	d5	CTRL	Infection1_d5	CTRL_d5_Infection1	Replicative	Non.Committed_Replicative	GSM5916707	Infection1_D5_Inf_100	NextSeq 500
D5SEQ100_ACCTTGGTAGTA	D5SEQ100_ACCTTGGTAGTA	CAPD5r100_ACCTTGGTAGTA	CAPD5r100	CAPD5r100	Infection1	d5	CTRL	Infection1_d5	CTRL_d5_Infection1	Replicative	Non.Committed_Replicative	GSM5916707	Infection1_D5_Inf_100	NextSeq 500
D5SEQ100_TGAAGCACGCTT	D5SEQ100_TGAAGCACGCTT	CAPD5r100_TGAAGCACGCTT	CAPD5r100	CAPD5r100	Infection1	d5	CTRL	Infection1_d5	CTRL_d5_Infection1	Replicative	Non.Committed_Replicative	GSM5916707	Infection1_D5_Inf_100	NextSeq 500
D5SEQ100_TGAAGGACGCTA	D5SEQ100_TGAAGGACGCTA	CAPD5r100_TGAAGGACGCTA	CAPD5r100	CAPD5r100	Infection1	d5	CTRL	Infection1_d5	CTRL_d5_Infection1	Replicative	Non.Committed_Replicative	GSM5916707	Infection1_D5_Inf_100	NextSeq 500
D5SEQ100_ACCTTGGTATCA	D5SEQ100_ACCTTGGTATCA	CAPD5r100_ACCTTGGTATCA	CAPD5r100	CAPD5r100	Infection1	d5	CTRL	Infection1_d5	CTRL_d5_Infection1	Replicative	Non.Committed_Replicative	GSM5916707	Infection1_D5_Inf_100	NextSeq 500
D5SEQ100_AACGGCGACAAG	D5SEQ100_AACGGCGACAAG	CAPD5r100_AACGGCGACAAG	CAPD5r100	CAPD5r100	Infection1	d5	CTRL	Infection1_d5	CTRL_d5_Infection1	Replicative	Non.Committed_Replicative	GSM5916707	Infection1_D5_Inf_100	NextSeq 500
D5SEQ100_AGGGGCGACAAG	D5SEQ100_AGGGGCGACAAG	CAPD5r100_AGGGGCGACAAG	CAPD5r100	CAPD5r100	Infection1	d5	CTRL	Infection1_d5	CTRL_d5_Infection1	Replicative	Non.Committed_Replicative	GSM5916707	Infection1_D5_Inf_100	NextSeq 500
D5SEQ100_TAATTGACCCCG	D5SEQ100_TAATTGACCCCG	CAPD5r100_TAATTGACCCCG	CAPD5r100	CAPD5r100	Infection1	d5	CTRL	Infection1_d5	CTRL_d5_Infection1	Replicative	Non.Committed_Replicative	GSM5916707	Infection1_D5_Inf_100	NextSeq 500
D5SEQ100_ACCTTTGTAGCA	D5SEQ100_ACCTTTGTAGCA	CAPD5r100_ACCTTTGTAGCA	CAPD5r100	CAPD5r100	Infection1	d5	CTRL	Infection1_d5	CTRL_d5_Infection1	Replicative	Non.Committed_Replicative	GSM5916707	Infection1_D5_Inf_100	NextSeq 500
D5SEQ100_TAATTGACCCCC	D5SEQ100_TAATTGACCCCC	CAPD5r100_TAATTGACCCCC	CAPD5r100	CAPD5r100	Infection1	d5	CTRL	Infection1_d5	CTRL_d5_Infection1	Replicative	Non.Committed_Replicative	GSM5916707	Infection1_D5_Inf_100	NextSeq 500
D5SEQ100_TAGGGCGACAAG	D5SEQ100_TAGGGCGACAAG	CAPD5r100_TAGGGCGACAAG	CAPD5r100	CAPD5r100	Infection1	d5	CTRL	Infection1_d5	CTRL_d5_Infection1	Replicative	Non.Committed_Replicative	GSM5916707	Infection1_D5_Inf_100	NextSeq 500
D5SEQ100_AAGGCCGACAAG	D5SEQ100_AAGGCCGACAAG	CAPD5r100_AAGGCCGACAAG	CAPD5r100	CAPD5r100	Infection1	d5	CTRL	Infection1_d5	CTRL_d5_Infection1	Replicative	Non.Committed_Replicative	GSM5916707	Infection1_D5_Inf_100	NextSeq 500
D5SEQ100_AAGGGCGCCAAG	D5SEQ100_AAGGGCGCCAAG	CAPD5r100_AAGGGCGCCAAG	CAPD5r100	CAPD5r100	Infection1	d5	CTRL	Infection1_d5	CTRL_d5_Infection1	Replicative	Non.Committed_Replicative	GSM5916707	Infection1_D5_Inf_100	NextSeq 500
D5SEQ100_TTAAGGACGCTT	D5SEQ100_TTAAGGACGCTT	CAPD5r100_TTAAGGACGCTT	CAPD5r100	CAPD5r100	Infection1	d5	CTRL	Infection1_d5	CTRL_d5_Infection1	Replicative	Non.Committed_Replicative	GSM5916707	Infection1_D5_Inf_100	NextSeq 500
D5SEQ100_AAGCGCGACAAG	D5SEQ100_AAGCGCGACAAG	CAPD5r100_AAGCGCGACAAG	CAPD5r100	CAPD5r100	Infection1	d5	CTRL	Infection1_d5	CTRL_d5_Infection1	Replicative	Non.Committed_Replicative	GSM5916707	Infection1_D5_Inf_100	NextSeq 500
D5SEQ100_ACGGGCGACAAG	D5SEQ100_ACGGGCGACAAG	CAPD5r100_ACGGGCGACAAG	CAPD5r100	CAPD5r100	Infection1	d5	CTRL	Infection1_d5	CTRL_d5_Infection1	Replicative	Non.Committed_Replicative	GSM5916707	Infection1_D5_Inf_100	NextSeq 500
D5SEQ100_ACTAGGACATCA	D5SEQ100_ACTAGGACATCA	CAPD5r100_ACTAGGACATCA	CAPD5r100	CAPD5r100	Infection1	d5	CTRL	Infection1_d5	CTRL_d5_Infection1	Hypnozoite	Non.Committed_Hypnozoite	GSM5916707	Infection1_D5_Inf_100	NextSeq 500
D5SEQ100_TGAAGGACGCAT	D5SEQ100_TGAAGGACGCAT	CAPD5r100_TGAAGGACGCAT	CAPD5r100	CAPD5r100	Infection1	d5	CTRL	Infection1_d5	CTRL_d5_Infection1	Replicative	Non.Committed_Replicative	GSM5916707	Infection1_D5_Inf_100	NextSeq 500
D5SEQ100_ACCTTGGTGGCA	D5SEQ100_ACCTTGGTGGCA	CAPD5r100_ACCTTGGTGGCA	CAPD5r100	CAPD5r100	Infection1	d5	CTRL	Infection1_d5	CTRL_d5_Infection1	Replicative	Non.Committed_Replicative	GSM5916707	Infection1_D5_Inf_100	NextSeq 500
D5SEQ100_ATGGGCGACAAG	D5SEQ100_ATGGGCGACAAG	CAPD5r100_ATGGGCGACAAG	CAPD5r100	CAPD5r100	Infection1	d5	CTRL	Infection1_d5	CTRL_d5_Infection1	Replicative	Non.Committed_Replicative	GSM5916707	Infection1_D5_Inf_100	NextSeq 500
D5SEQ100_ACCTTGTTAGCA	D5SEQ100_ACCTTGTTAGCA	CAPD5r100_ACCTTGTTAGCA	CAPD5r100	CAPD5r100	Infection1	d5	CTRL	Infection1_d5	CTRL_d5_Infection1	Replicative	Non.Committed_Replicative	GSM5916707	Infection1_D5_Inf_100	NextSeq 500
D5SEQ100_CTAATTGCCCCC	D5SEQ100_CTAATTGCCCCC	CAPD5r100_CTAATTGCCCCC	CAPD5r100	CAPD5r100	Infection1	d5	CTRL	Infection1_d5	CTRL_d5_Infection1	Replicative	Non.Committed_Replicative	GSM5916707	Infection1_D5_Inf_100	NextSeq 500
D5SEQ100_AACTTGGTAGCA	D5SEQ100_AACTTGGTAGCA	CAPD5r100_AACTTGGTAGCA	CAPD5r100	CAPD5r100	Infection1	d5	CTRL	Infection1_d5	CTRL_d5_Infection1	Replicative	Non.Committed_Replicative	GSM5916707	Infection1_D5_Inf_100	NextSeq 500
D5SEQ100_CAAATTGACCCC	D5SEQ100_CAAATTGACCCC	CAPD5r100_CAAATTGACCCC	CAPD5r100	CAPD5r100	Infection1	d5	CTRL	Infection1_d5	CTRL_d5_Infection1	Replicative	Non.Committed_Replicative	GSM5916707	Infection1_D5_Inf_100	NextSeq 500
D5SEQ100_AAGGGAGACAAG	D5SEQ100_AAGGGAGACAAG	CAPD5r100_AAGGGAGACAAG	CAPD5r100	CAPD5r100	Infection1	d5	CTRL	Infection1_d5	CTRL_d5_Infection1	Replicative	Non.Committed_Replicative	GSM5916707	Infection1_D5_Inf_100	NextSeq 500
D5SEQ100_TGAAGGACGATT	D5SEQ100_TGAAGGACGATT	CAPD5r100_TGAAGGACGATT	CAPD5r100	CAPD5r100	Infection1	d5	CTRL	Infection1_d5	CTRL_d5_Infection1	Replicative	Non.Committed_Replicative	GSM5916707	Infection1_D5_Inf_100	NextSeq 500
D5SEQ100_CTAATTGACACC	D5SEQ100_CTAATTGACACC	CAPD5r100_CTAATTGACACC	CAPD5r100	CAPD5r100	Infection1	d5	CTRL	Infection1_d5	CTRL_d5_Infection1	Replicative	Non.Committed_Replicative	GSM5916707	Infection1_D5_Inf_100	NextSeq 500
D5SEQ100_TGAAGGAAGCTT	D5SEQ100_TGAAGGAAGCTT	CAPD5r100_TGAAGGAAGCTT	CAPD5r100	CAPD5r100	Infection1	d5	CTRL	Infection1_d5	CTRL_d5_Infection1	Replicative	Non.Committed_Replicative	GSM5916707	Infection1_D5_Inf_100	NextSeq 500
D5SEQ100_TCCTTGGTAGCA	D5SEQ100_TCCTTGGTAGCA	CAPD5r100_TCCTTGGTAGCA	CAPD5r100	CAPD5r100	Infection1	d5	CTRL	Infection1_d5	CTRL_d5_Infection1	Replicative	Non.Committed_Replicative	GSM5916707	Infection1_D5_Inf_100	NextSeq 500
D14pSEQ100_AGCTTATTGCCG	D14pSEQ100_AGCTTATTGCCG	CAPD14pr100_AGCTTATTGCCG	CAPD14pr100	CAPD14pr100	Infection1	d14	PI4K	Infection1_d14	PI4K_d14_Infection1	Hypnozoite	Non.Committed_Hypnozoite	GSM5916719	Infection1_D14p_Inf_100	NextSeq 500
D14pSEQ100_AGCTTCTTGCAG	D14pSEQ100_AGCTTCTTGCAG	CAPD14pr100_AGCTTCTTGCAG	CAPD14pr100	CAPD14pr100	Infection1	d14	PI4K	Infection1_d14	PI4K_d14_Infection1	Hypnozoite	Non.Committed_Hypnozoite	GSM5916719	Infection1_D14p_Inf_100	NextSeq 500
D14pSEQ100_AGCTTATTGCAC	D14pSEQ100_AGCTTATTGCAC	CAPD14pr100_AGCTTATTGCAC	CAPD14pr100	CAPD14pr100	Infection1	d14	PI4K	Infection1_d14	PI4K_d14_Infection1	Hypnozoite	Non.Committed_Hypnozoite	GSM5916719	Infection1_D14p_Inf_100	NextSeq 500
D14pSEQ100_AGCTTATTCCAG	D14pSEQ100_AGCTTATTCCAG	CAPD14pr100_AGCTTATTCCAG	CAPD14pr100	CAPD14pr100	Infection1	d14	PI4K	Infection1_d14	PI4K_d14_Infection1	Hypnozoite	Non.Committed_Hypnozoite	GSM5916719	Infection1_D14p_Inf_100	NextSeq 500
D14pSEQ100_TCCGCGAGTGAG	D14pSEQ100_TCCGCGAGTGAG	CAPD14pr100_TCCGCGAGTGAG	CAPD14pr100	CAPD14pr100	Infection1	d14	PI4K	Infection1_d14	PI4K_d14_Infection1	Hypnozoite	Non.Committed_Hypnozoite	GSM5916719	Infection1_D14p_Inf_100	NextSeq 500
D14pSEQ100_AGCTTATTGCAA	D14pSEQ100_AGCTTATTGCAA	CAPD14pr100_AGCTTATTGCAA	CAPD14pr100	CAPD14pr100	Infection1	d14	PI4K	Infection1_d14	PI4K_d14_Infection1	Hypnozoite	Non.Committed_Hypnozoite	GSM5916719	Infection1_D14p_Inf_100	NextSeq 500
D14pSEQ100_AGCTTCTTGCCG	D14pSEQ100_AGCTTCTTGCCG	CAPD14pr100_AGCTTCTTGCCG	CAPD14pr100	CAPD14pr100	Infection1	d14	PI4K	Infection1_d14	PI4K_d14_Infection1	Hypnozoite	Non.Committed_Hypnozoite	GSM5916719	Infection1_D14p_Inf_100	NextSeq 500
D14pSEQ100_ACCTTATTGCAG	D14pSEQ100_ACCTTATTGCAG	CAPD14pr100_ACCTTATTGCAG	CAPD14pr100	CAPD14pr100	Infection1	d14	PI4K	Infection1_d14	PI4K_d14_Infection1	Hypnozoite	Non.Committed_Hypnozoite	GSM5916719	Infection1_D14p_Inf_100	NextSeq 500
D14pSEQ100_AGCTTATTACAG	D14pSEQ100_AGCTTATTACAG	CAPD14pr100_AGCTTATTACAG	CAPD14pr100	CAPD14pr100	Infection1	d14	PI4K	Infection1_d14	PI4K_d14_Infection1	Hypnozoite	Non.Committed_Hypnozoite	GSM5916719	Infection1_D14p_Inf_100	NextSeq 500
D14pSEQ100_AGCTATTGCAGG	D14pSEQ100_AGCTATTGCAGG	CAPD14pr100_AGCTATTGCAGG	CAPD14pr100	CAPD14pr100	Infection1	d14	PI4K	Infection1_d14	PI4K_d14_Infection1	Hypnozoite	Non.Committed_Hypnozoite	GSM5916719	Infection1_D14p_Inf_100	NextSeq 500
D14pSEQ100_ACTTATTGCAGG	D14pSEQ100_ACTTATTGCAGG	CAPD14pr100_ACTTATTGCAGG	CAPD14pr100	CAPD14pr100	Infection1	d14	PI4K	Infection1_d14	PI4K_d14_Infection1	Hypnozoite	Non.Committed_Hypnozoite	GSM5916719	Infection1_D14p_Inf_100	NextSeq 500
D14pSEQ100_AACTTATTGCAG	D14pSEQ100_AACTTATTGCAG	CAPD14pr100_AACTTATTGCAG	CAPD14pr100	CAPD14pr100	Infection1	d14	PI4K	Infection1_d14	PI4K_d14_Infection1	Hypnozoite	Non.Committed_Hypnozoite	GSM5916719	Infection1_D14p_Inf_100	NextSeq 500
D14pSEQ100_ACTTATTGCAGC	D14pSEQ100_ACTTATTGCAGC	CAPD14pr100_ACTTATTGCAGC	CAPD14pr100	CAPD14pr100	Infection1	d14	PI4K	Infection1_d14	PI4K_d14_Infection1	Hypnozoite	Non.Committed_Hypnozoite	GSM5916719	Infection1_D14p_Inf_100	NextSeq 500
D14pSEQ100_CGCTTATTGCAG	D14pSEQ100_CGCTTATTGCAG	CAPD14pr100_CGCTTATTGCAG	CAPD14pr100	CAPD14pr100	Infection1	d14	PI4K	Infection1_d14	PI4K_d14_Infection1	Hypnozoite	Non.Committed_Hypnozoite	GSM5916719	Infection1_D14p_Inf_100	NextSeq 500
D14pSEQ100_ACTTATTGCAGA	D14pSEQ100_ACTTATTGCAGA	CAPD14pr100_ACTTATTGCAGA	CAPD14pr100	CAPD14pr100	Infection1	d14	PI4K	Infection1_d14	PI4K_d14_Infection1	Hypnozoite	Non.Committed_Hypnozoite	GSM5916719	Infection1_D14p_Inf_100	NextSeq 500
D14pSEQ100_AGCTTATTGCAT	D14pSEQ100_AGCTTATTGCAT	CAPD14pr100_AGCTTATTGCAT	CAPD14pr100	CAPD14pr100	Infection1	d14	PI4K	Infection1_d14	PI4K_d14_Infection1	Hypnozoite	Non.Committed_Hypnozoite	GSM5916719	Infection1_D14p_Inf_100	NextSeq 500
D14pSEQ100_AGCTTATTGCGG	D14pSEQ100_AGCTTATTGCGG	CAPD14pr100_AGCTTATTGCGG	CAPD14pr100	CAPD14pr100	Infection1	d14	PI4K	Infection1_d14	PI4K_d14_Infection1	Hypnozoite	Non.Committed_Hypnozoite	GSM5916719	Infection1_D14p_Inf_100	NextSeq 500
D14pSEQ100_AGCTTATTGTAG	D14pSEQ100_AGCTTATTGTAG	CAPD14pr100_AGCTTATTGTAG	CAPD14pr100	CAPD14pr100	Infection1	d14	PI4K	Infection1_d14	PI4K_d14_Infection1	Hypnozoite	Non.Committed_Hypnozoite	GSM5916719	Infection1_D14p_Inf_100	NextSeq 500
D14pSEQ100_AGCTTATTGCTG	D14pSEQ100_AGCTTATTGCTG	CAPD14pr100_AGCTTATTGCTG	CAPD14pr100	CAPD14pr100	Infection1	d14	PI4K	Infection1_d14	PI4K_d14_Infection1	Hypnozoite	Non.Committed_Hypnozoite	GSM5916719	Infection1_D14p_Inf_100	NextSeq 500
D14pSEQ100_TGCTTATTGCAG	D14pSEQ100_TGCTTATTGCAG	CAPD14pr100_TGCTTATTGCAG	CAPD14pr100	CAPD14pr100	Infection1	d14	PI4K	Infection1_d14	PI4K_d14_Infection1	Hypnozoite	Non.Committed_Hypnozoite	GSM5916719	Infection1_D14p_Inf_100	NextSeq 500
D14pSEQ100_AGCTATTGCAGA	D14pSEQ100_AGCTATTGCAGA	CAPD14pr100_AGCTATTGCAGA	CAPD14pr100	CAPD14pr100	Infection1	d14	PI4K	Infection1_d14	PI4K_d14_Infection1	Hypnozoite	Non.Committed_Hypnozoite	GSM5916719	Infection1_D14p_Inf_100	NextSeq 500
D14pSEQ100_AGCTATTGCAGC	D14pSEQ100_AGCTATTGCAGC	CAPD14pr100_AGCTATTGCAGC	CAPD14pr100	CAPD14pr100	Infection1	d14	PI4K	Infection1_d14	PI4K_d14_Infection1	Hypnozoite	Non.Committed_Hypnozoite	GSM5916719	Infection1_D14p_Inf_100	NextSeq 500
D14pSEQ100_ACCTTATTGCCG	D14pSEQ100_ACCTTATTGCCG	CAPD14pr100_ACCTTATTGCCG	CAPD14pr100	CAPD14pr100	Infection1	d14	PI4K	Infection1_d14	PI4K_d14_Infection1	Hypnozoite	Non.Committed_Hypnozoite	GSM5916719	Infection1_D14p_Inf_100	NextSeq 500
D14pSEQ100_ATCTTATTGCAG	D14pSEQ100_ATCTTATTGCAG	CAPD14pr100_ATCTTATTGCAG	CAPD14pr100	CAPD14pr100	Infection1	d14	PI4K	Infection1_d14	PI4K_d14_Infection1	Hypnozoite	Sexually.Committed_Hypnozoite	GSM5916719	Infection1_D14p_Inf_100	NextSeq 500
D14pSEQ100_AGCTTATTGAAG	D14pSEQ100_AGCTTATTGAAG	CAPD14pr100_AGCTTATTGAAG	CAPD14pr100	CAPD14pr100	Infection1	d14	PI4K	Infection1_d14	PI4K_d14_Infection1	Hypnozoite	Sexually.Committed_Hypnozoite	GSM5916719	Infection1_D14p_Inf_100	NextSeq 500
D14pSEQ100_AGCTTATTGCCA	D14pSEQ100_AGCTTATTGCCA	CAPD14pr100_AGCTTATTGCCA	CAPD14pr100	CAPD14pr100	Infection1	d14	PI4K	Infection1_d14	PI4K_d14_Infection1	Hypnozoite	Non.Committed_Hypnozoite	GSM5916719	Infection1_D14p_Inf_100	NextSeq 500
D14pSEQ100_AGATTATTGCAG	D14pSEQ100_AGATTATTGCAG	CAPD14pr100_AGATTATTGCAG	CAPD14pr100	CAPD14pr100	Infection1	d14	PI4K	Infection1_d14	PI4K_d14_Infection1	Hypnozoite	Sexually.Committed_Hypnozoite	GSM5916719	Infection1_D14p_Inf_100	NextSeq 500
D14pSEQ100_AGTTTATTGCAG	D14pSEQ100_AGTTTATTGCAG	CAPD14pr100_AGTTTATTGCAG	CAPD14pr100	CAPD14pr100	Infection1	d14	PI4K	Infection1_d14	PI4K_d14_Infection1	Hypnozoite	Non.Committed_Hypnozoite	GSM5916719	Infection1_D14p_Inf_100	NextSeq 500
D14pSEQ100_AGCCTATTGCAG	D14pSEQ100_AGCCTATTGCAG	CAPD14pr100_AGCCTATTGCAG	CAPD14pr100	CAPD14pr100	Infection1	d14	PI4K	Infection1_d14	PI4K_d14_Infection1	Hypnozoite	Non.Committed_Hypnozoite	GSM5916719	Infection1_D14p_Inf_100	NextSeq 500
D14pSEQ100_AGCTTAATGCAG	D14pSEQ100_AGCTTAATGCAG	CAPD14pr100_AGCTTAATGCAG	CAPD14pr100	CAPD14pr100	Infection1	d14	PI4K	Infection1_d14	PI4K_d14_Infection1	Hypnozoite	Sexually.Committed_Hypnozoite	GSM5916719	Infection1_D14p_Inf_100	NextSeq 500
D14pSEQ100_GAGATGAAGCAC	D14pSEQ100_GAGATGAAGCAC	CAPD14pr100_GAGATGAAGCAC	CAPD14pr100	CAPD14pr100	Infection1	d14	PI4K	Infection1_d14	PI4K_d14_Infection1	Hypnozoite	Non.Committed_Hypnozoite	GSM5916719	Infection1_D14p_Inf_100	NextSeq 500
D14pSEQ100_AGCTTTTTGCAG	D14pSEQ100_AGCTTTTTGCAG	CAPD14pr100_AGCTTTTTGCAG	CAPD14pr100	CAPD14pr100	Infection1	d14	PI4K	Infection1_d14	PI4K_d14_Infection1	Hypnozoite	Non.Committed_Hypnozoite	GSM5916719	Infection1_D14p_Inf_100	NextSeq 500
D14pSEQ100_AGCTTATTTCAG	D14pSEQ100_AGCTTATTTCAG	CAPD14pr100_AGCTTATTTCAG	CAPD14pr100	CAPD14pr100	Infection1	d14	PI4K	Infection1_d14	PI4K_d14_Infection1	Hypnozoite	Non.Committed_Hypnozoite	GSM5916719	Infection1_D14p_Inf_100	NextSeq 500
D14pSEQ100_AGCTTACTGCAG	D14pSEQ100_AGCTTACTGCAG	CAPD14pr100_AGCTTACTGCAG	CAPD14pr100	CAPD14pr100	Infection1	d14	PI4K	Infection1_d14	PI4K_d14_Infection1	Hypnozoite	Non.Committed_Hypnozoite	GSM5916719	Infection1_D14p_Inf_100	NextSeq 500
D14pSEQ100_AGCTCATTGCAG	D14pSEQ100_AGCTCATTGCAG	CAPD14pr100_AGCTCATTGCAG	CAPD14pr100	CAPD14pr100	Infection1	d14	PI4K	Infection1_d14	PI4K_d14_Infection1	Hypnozoite	Non.Committed_Hypnozoite	GSM5916719	Infection1_D14p_Inf_100	NextSeq 500
D14pSEQ100_AGCTTATCGCAG	D14pSEQ100_AGCTTATCGCAG	CAPD14pr100_AGCTTATCGCAG	CAPD14pr100	CAPD14pr100	Infection1	d14	PI4K	Infection1_d14	PI4K_d14_Infection1	Hypnozoite	Non.Committed_Hypnozoite	GSM5916719	Infection1_D14p_Inf_100	NextSeq 500
D14pSEQ100_GGCTTATTGCCG	D14pSEQ100_GGCTTATTGCCG	CAPD14pr100_GGCTTATTGCCG	CAPD14pr100	CAPD14pr100	Infection1	d14	PI4K	Infection1_d14	PI4K_d14_Infection1	Hypnozoite	Non.Committed_Hypnozoite	GSM5916719	Infection1_D14p_Inf_100	NextSeq 500
D14pSEQ100_GGCTTCTTGCAG	D14pSEQ100_GGCTTCTTGCAG	CAPD14pr100_GGCTTCTTGCAG	CAPD14pr100	CAPD14pr100	Infection1	d14	PI4K	Infection1_d14	PI4K_d14_Infection1	Hypnozoite	Non.Committed_Hypnozoite	GSM5916719	Infection1_D14p_Inf_100	NextSeq 500
D14pSEQ100_TCCGCGCGTGAG	D14pSEQ100_TCCGCGCGTGAG	CAPD14pr100_TCCGCGCGTGAG	CAPD14pr100	CAPD14pr100	Infection1	d14	PI4K	Infection1_d14	PI4K_d14_Infection1	Hypnozoite	Non.Committed_Hypnozoite	GSM5916719	Infection1_D14p_Inf_100	NextSeq 500
D14pSEQ100_TCAACCCAAGGC	D14pSEQ100_TCAACCCAAGGC	CAPD14pr100_TCAACCCAAGGC	CAPD14pr100	CAPD14pr100	Infection1	d14	PI4K	Infection1_d14	PI4K_d14_Infection1	Replicative	Non.Committed_Replicative	GSM5916719	Infection1_D14p_Inf_100	NextSeq 500
D14pSEQ100_TCCGCGAGTGCG	D14pSEQ100_TCCGCGAGTGCG	CAPD14pr100_TCCGCGAGTGCG	CAPD14pr100	CAPD14pr100	Infection1	d14	PI4K	Infection1_d14	PI4K_d14_Infection1	Replicative	Non.Committed_Replicative	GSM5916719	Infection1_D14p_Inf_100	NextSeq 500
D14pSEQ100_AGCTTGTTGCAG	D14pSEQ100_AGCTTGTTGCAG	CAPD14pr100_AGCTTGTTGCAG	CAPD14pr100	CAPD14pr100	Infection1	d14	PI4K	Infection1_d14	PI4K_d14_Infection1	Hypnozoite	Non.Committed_Hypnozoite	GSM5916719	Infection1_D14p_Inf_100	NextSeq 500
D14pSEQ100_ACCTTGGTAGCA	D14pSEQ100_ACCTTGGTAGCA	CAPD14pr100_ACCTTGGTAGCA	CAPD14pr100	CAPD14pr100	Infection1	d14	PI4K	Infection1_d14	PI4K_d14_Infection1	Replicative	Non.Committed_Replicative	GSM5916719	Infection1_D14p_Inf_100	NextSeq 500
D14pSEQ100_AGCTTAGTGCAG	D14pSEQ100_AGCTTAGTGCAG	CAPD14pr100_AGCTTAGTGCAG	CAPD14pr100	CAPD14pr100	Infection1	d14	PI4K	Infection1_d14	PI4K_d14_Infection1	Hypnozoite	Non.Committed_Hypnozoite	GSM5916719	Infection1_D14p_Inf_100	NextSeq 500
D14pSEQ100_AGCAAATTGCAG	D14pSEQ100_AGCAAATTGCAG	CAPD14pr100_AGCAAATTGCAG	CAPD14pr100	CAPD14pr100	Infection1	d14	PI4K	Infection1_d14	PI4K_d14_Infection1	Hypnozoite	Non.Committed_Hypnozoite	GSM5916719	Infection1_D14p_Inf_100	NextSeq 500
D14pSEQ100_AGCTTATTGGAG	D14pSEQ100_AGCTTATTGGAG	CAPD14pr100_AGCTTATTGGAG	CAPD14pr100	CAPD14pr100	Infection1	d14	PI4K	Infection1_d14	PI4K_d14_Infection1	Hypnozoite	Non.Committed_Hypnozoite	GSM5916719	Infection1_D14p_Inf_100	NextSeq 500
D14pSEQ100_GGGTTATTGCAG	D14pSEQ100_GGGTTATTGCAG	CAPD14pr100_GGGTTATTGCAG	CAPD14pr100	CAPD14pr100	Infection1	d14	PI4K	Infection1_d14	PI4K_d14_Infection1	Hypnozoite	Non.Committed_Hypnozoite	GSM5916719	Infection1_D14p_Inf_100	NextSeq 500
D14pSEQ100_AGGTTATTGCAG	D14pSEQ100_AGGTTATTGCAG	CAPD14pr100_AGGTTATTGCAG	CAPD14pr100	CAPD14pr100	Infection1	d14	PI4K	Infection1_d14	PI4K_d14_Infection1	Hypnozoite	Non.Committed_Hypnozoite	GSM5916719	Infection1_D14p_Inf_100	NextSeq 500
D14pSEQ100_AGCATAATGCAG	D14pSEQ100_AGCATAATGCAG	CAPD14pr100_AGCATAATGCAG	CAPD14pr100	CAPD14pr100	Infection1	d14	PI4K	Infection1_d14	PI4K_d14_Infection1	Hypnozoite	Non.Committed_Hypnozoite	GSM5916719	Infection1_D14p_Inf_100	NextSeq 500
D14pSEQ100_AGCTGATTGCAG	D14pSEQ100_AGCTGATTGCAG	CAPD14pr100_AGCTGATTGCAG	CAPD14pr100	CAPD14pr100	Infection1	d14	PI4K	Infection1_d14	PI4K_d14_Infection1	Hypnozoite	Non.Committed_Hypnozoite	GSM5916719	Infection1_D14p_Inf_100	NextSeq 500
D14pSEQ100_AGCATCTTGCAG	D14pSEQ100_AGCATCTTGCAG	CAPD14pr100_AGCATCTTGCAG	CAPD14pr100	CAPD14pr100	Infection1	d14	PI4K	Infection1_d14	PI4K_d14_Infection1	Hypnozoite	Non.Committed_Hypnozoite	GSM5916719	Infection1_D14p_Inf_100	NextSeq 500
D14pSEQ100_AGCTTATTGTCG	D14pSEQ100_AGCTTATTGTCG	CAPD14pr100_AGCTTATTGTCG	CAPD14pr100	CAPD14pr100	Infection1	d14	PI4K	Infection1_d14	PI4K_d14_Infection1	Hypnozoite	Non.Committed_Hypnozoite	GSM5916719	Infection1_D14p_Inf_100	NextSeq 500
D14pSEQ100_AGCTTCATGCAG	D14pSEQ100_AGCTTCATGCAG	CAPD14pr100_AGCTTCATGCAG	CAPD14pr100	CAPD14pr100	Infection1	d14	PI4K	Infection1_d14	PI4K_d14_Infection1	Hypnozoite	Non.Committed_Hypnozoite	GSM5916719	Infection1_D14p_Inf_100	NextSeq 500
D14pSEQ100_AGCTTATGGCAG	D14pSEQ100_AGCTTATGGCAG	CAPD14pr100_AGCTTATGGCAG	CAPD14pr100	CAPD14pr100	Infection1	d14	PI4K	Infection1_d14	PI4K_d14_Infection1	Replicative	Non.Committed_Replicative	GSM5916719	Infection1_D14p_Inf_100	NextSeq 500
D14pSEQ100_AGCGTATTGCAG	D14pSEQ100_AGCGTATTGCAG	CAPD14pr100_AGCGTATTGCAG	CAPD14pr100	CAPD14pr100	Infection1	d14	PI4K	Infection1_d14	PI4K_d14_Infection1	Hypnozoite	Non.Committed_Hypnozoite	GSM5916719	Infection1_D14p_Inf_100	NextSeq 500
D14pSEQ100_AGCATATTGCCG	D14pSEQ100_AGCATATTGCCG	CAPD14pr100_AGCATATTGCCG	CAPD14pr100	CAPD14pr100	Infection1	d14	PI4K	Infection1_d14	PI4K_d14_Infection1	Hypnozoite	Non.Committed_Hypnozoite	GSM5916719	Infection1_D14p_Inf_100	NextSeq 500
D14pSEQ100_AGCTAATAGCAG	D14pSEQ100_AGCTAATAGCAG	CAPD14pr100_AGCTAATAGCAG	CAPD14pr100	CAPD14pr100	Infection1	d14	PI4K	Infection1_d14	PI4K_d14_Infection1	Hypnozoite	Non.Committed_Hypnozoite	GSM5916719	Infection1_D14p_Inf_100	NextSeq 500
D14pSEQ100_AGCTTATAGCCG	D14pSEQ100_AGCTTATAGCCG	CAPD14pr100_AGCTTATAGCCG	CAPD14pr100	CAPD14pr100	Infection1	d14	PI4K	Infection1_d14	PI4K_d14_Infection1	Hypnozoite	Non.Committed_Hypnozoite	GSM5916719	Infection1_D14p_Inf_100	NextSeq 500
D14pSEQ100_AGCTAATTGCCG	D14pSEQ100_AGCTAATTGCCG	CAPD14pr100_AGCTAATTGCCG	CAPD14pr100	CAPD14pr100	Infection1	d14	PI4K	Infection1_d14	PI4K_d14_Infection1	Hypnozoite	Non.Committed_Hypnozoite	GSM5916719	Infection1_D14p_Inf_100	NextSeq 500
D14pSEQ100_AGCTTATTGACG	D14pSEQ100_AGCTTATTGACG	CAPD14pr100_AGCTTATTGACG	CAPD14pr100	CAPD14pr100	Infection1	d14	PI4K	Infection1_d14	PI4K_d14_Infection1	Hypnozoite	Non.Committed_Hypnozoite	GSM5916719	Infection1_D14p_Inf_100	NextSeq 500
D14pSEQ100_ACCGCGAGTGAG	D14pSEQ100_ACCGCGAGTGAG	CAPD14pr100_ACCGCGAGTGAG	CAPD14pr100	CAPD14pr100	Infection1	d14	PI4K	Infection1_d14	PI4K_d14_Infection1	Hypnozoite	Non.Committed_Hypnozoite	GSM5916719	Infection1_D14p_Inf_100	NextSeq 500
D14pSEQ100_AGCATATAGCAG	D14pSEQ100_AGCATATAGCAG	CAPD14pr100_AGCATATAGCAG	CAPD14pr100	CAPD14pr100	Infection1	d14	PI4K	Infection1_d14	PI4K_d14_Infection1	Replicative	Non.Committed_Replicative	GSM5916719	Infection1_D14p_Inf_100	NextSeq 500
D14pSEQ100_AGCTACTTGCAG	D14pSEQ100_AGCTACTTGCAG	CAPD14pr100_AGCTACTTGCAG	CAPD14pr100	CAPD14pr100	Infection1	d14	PI4K	Infection1_d14	PI4K_d14_Infection1	Replicative	Non.Committed_Replicative	GSM5916719	Infection1_D14p_Inf_100	NextSeq 500
D14pSEQ100_AGATTATTGCCG	D14pSEQ100_AGATTATTGCCG	CAPD14pr100_AGATTATTGCCG	CAPD14pr100	CAPD14pr100	Infection1	d14	PI4K	Infection1_d14	PI4K_d14_Infection1	Hypnozoite	Non.Committed_Hypnozoite	GSM5916719	Infection1_D14p_Inf_100	NextSeq 500
D14pSEQ100_AGCTTCTTGAAG	D14pSEQ100_AGCTTCTTGAAG	CAPD14pr100_AGCTTCTTGAAG	CAPD14pr100	CAPD14pr100	Infection1	d14	PI4K	Infection1_d14	PI4K_d14_Infection1	Hypnozoite	Non.Committed_Hypnozoite	GSM5916719	Infection1_D14p_Inf_100	NextSeq 500
D14pSEQ100_AGCTAAATGCAG	D14pSEQ100_AGCTAAATGCAG	CAPD14pr100_AGCTAAATGCAG	CAPD14pr100	CAPD14pr100	Infection1	d14	PI4K	Infection1_d14	PI4K_d14_Infection1	Hypnozoite	Non.Committed_Hypnozoite	GSM5916719	Infection1_D14p_Inf_100	NextSeq 500
D14pSEQ100_AGCTTCTAGCAG	D14pSEQ100_AGCTTCTAGCAG	CAPD14pr100_AGCTTCTAGCAG	CAPD14pr100	CAPD14pr100	Infection1	d14	PI4K	Infection1_d14	PI4K_d14_Infection1	Hypnozoite	Non.Committed_Hypnozoite	GSM5916719	Infection1_D14p_Inf_100	NextSeq 500
D14pSEQ100_AGATTCTTGCAG	D14pSEQ100_AGATTCTTGCAG	CAPD14pr100_AGATTCTTGCAG	CAPD14pr100	CAPD14pr100	Infection1	d14	PI4K	Infection1_d14	PI4K_d14_Infection1	Replicative	Non.Committed_Replicative	GSM5916719	Infection1_D14p_Inf_100	NextSeq 500
D14pSEQ100_AGCTTAATGCCG	D14pSEQ100_AGCTTAATGCCG	CAPD14pr100_AGCTTAATGCCG	CAPD14pr100	CAPD14pr100	Infection1	d14	PI4K	Infection1_d14	PI4K_d14_Infection1	Hypnozoite	Non.Committed_Hypnozoite	GSM5916719	Infection1_D14p_Inf_100	NextSeq 500
D14pSEQ100_ACCATATTGCAG	D14pSEQ100_ACCATATTGCAG	CAPD14pr100_ACCATATTGCAG	CAPD14pr100	CAPD14pr100	Infection1	d14	PI4K	Infection1_d14	PI4K_d14_Infection1	Hypnozoite	Non.Committed_Hypnozoite	GSM5916719	Infection1_D14p_Inf_100	NextSeq 500
D14pSEQ100_ACCTAATTGCAG	D14pSEQ100_ACCTAATTGCAG	CAPD14pr100_ACCTAATTGCAG	CAPD14pr100	CAPD14pr100	Infection1	d14	PI4K	Infection1_d14	PI4K_d14_Infection1	Replicative	Non.Committed_Replicative	GSM5916719	Infection1_D14p_Inf_100	NextSeq 500
D1SEQ100_TATCAGACGGAT	D1SEQ100_TATCAGACGGAT	CAPD1r100_TATCAGACGGAT	CAPD1r100	CAPD1r100	Infection1	d1	CTRL	Infection1_d1	CTRL_d1_Infection1	Replicative	Non.Committed_Replicative	GSM5916705	Infection1_D1_Inf_100	NextSeq 500
D1SEQ100_CGTCCCAGTCAG	D1SEQ100_CGTCCCAGTCAG	CAPD1r100_CGTCCCAGTCAG	CAPD1r100	CAPD1r100	Infection1	d1	CTRL	Infection1_d1	CTRL_d1_Infection1	Replicative	Sexually.Committed_Replicative	GSM5916705	Infection1_D1_Inf_100	NextSeq 500
D1SEQ100_GGTGCCCGGGGG	D1SEQ100_GGTGCCCGGGGG	CAPD1r100_GGTGCCCGGGGG	CAPD1r100	CAPD1r100	Infection1	d1	CTRL	Infection1_d1	CTRL_d1_Infection1	Replicative	Non.Committed_Replicative	GSM5916705	Infection1_D1_Inf_100	NextSeq 500
D1SEQ100_CTCGGTTGTTCG	D1SEQ100_CTCGGTTGTTCG	CAPD1r100_CTCGGTTGTTCG	CAPD1r100	CAPD1r100	Infection1	d1	CTRL	Infection1_d1	CTRL_d1_Infection1	Replicative	Non.Committed_Replicative	GSM5916705	Infection1_D1_Inf_100	NextSeq 500
D1SEQ100_GGTGCCCGGGGN	D1SEQ100_GGTGCCCGGGGN	CAPD1r100_GGTGCCCGGGGN	CAPD1r100	CAPD1r100	Infection1	d1	CTRL	Infection1_d1	CTRL_d1_Infection1	Replicative	Non.Committed_Replicative	GSM5916705	Infection1_D1_Inf_100	NextSeq 500
D1SEQ100_GGTGCCCGGGAN	D1SEQ100_GGTGCCCGGGAN	CAPD1r100_GGTGCCCGGGAN	CAPD1r100	CAPD1r100	Infection1	d1	CTRL	Infection1_d1	CTRL_d1_Infection1	Replicative	Non.Committed_Replicative	GSM5916705	Infection1_D1_Inf_100	NextSeq 500
D1SEQ100_GGTGCCCGGGCN	D1SEQ100_GGTGCCCGGGCN	CAPD1r100_GGTGCCCGGGCN	CAPD1r100	CAPD1r100	Infection1	d1	CTRL	Infection1_d1	CTRL_d1_Infection1	Replicative	Non.Committed_Replicative	GSM5916705	Infection1_D1_Inf_100	NextSeq 500
D1SEQ100_TAGAAGCCTGAC	D1SEQ100_TAGAAGCCTGAC	CAPD1r100_TAGAAGCCTGAC	CAPD1r100	CAPD1r100	Infection1	d1	CTRL	Infection1_d1	CTRL_d1_Infection1	Replicative	Non.Committed_Replicative	GSM5916705	Infection1_D1_Inf_100	NextSeq 500
D1SEQ100_TGGCACTCATAA	D1SEQ100_TGGCACTCATAA	CAPD1r100_TGGCACTCATAA	CAPD1r100	CAPD1r100	Infection1	d1	CTRL	Infection1_d1	CTRL_d1_Infection1	Replicative	Non.Committed_Replicative	GSM5916705	Infection1_D1_Inf_100	NextSeq 500
D1SEQ100_ACTCATGAAACG	D1SEQ100_ACTCATGAAACG	CAPD1r100_ACTCATGAAACG	CAPD1r100	CAPD1r100	Infection1	d1	CTRL	Infection1_d1	CTRL_d1_Infection1	Replicative	Sexually.Committed_Replicative	GSM5916705	Infection1_D1_Inf_100	NextSeq 500
D1SEQ100_CCGTCGCTAACA	D1SEQ100_CCGTCGCTAACA	CAPD1r100_CCGTCGCTAACA	CAPD1r100	CAPD1r100	Infection1	d1	CTRL	Infection1_d1	CTRL_d1_Infection1	Replicative	Sexually.Committed_Replicative	GSM5916705	Infection1_D1_Inf_100	NextSeq 500
D1SEQ100_GTGCAAGCCGCT	D1SEQ100_GTGCAAGCCGCT	CAPD1r100_GTGCAAGCCGCT	CAPD1r100	CAPD1r100	Infection1	d1	CTRL	Infection1_d1	CTRL_d1_Infection1	Replicative	Sexually.Committed_Replicative	GSM5916705	Infection1_D1_Inf_100	NextSeq 500
D1SEQ100_TGATTCGTAAGC	D1SEQ100_TGATTCGTAAGC	CAPD1r100_TGATTCGTAAGC	CAPD1r100	CAPD1r100	Infection1	d1	CTRL	Infection1_d1	CTRL_d1_Infection1	Replicative	Sexually.Committed_Replicative	GSM5916705	Infection1_D1_Inf_100	NextSeq 500
D1SEQ100_AGCTATATCGCG	D1SEQ100_AGCTATATCGCG	CAPD1r100_AGCTATATCGCG	CAPD1r100	CAPD1r100	Infection1	d1	CTRL	Infection1_d1	CTRL_d1_Infection1	Replicative	Non.Committed_Replicative	GSM5916705	Infection1_D1_Inf_100	NextSeq 500
D1SEQ100_TGTGCTGAGTGA	D1SEQ100_TGTGCTGAGTGA	CAPD1r100_TGTGCTGAGTGA	CAPD1r100	CAPD1r100	Infection1	d1	CTRL	Infection1_d1	CTRL_d1_Infection1	Hypnozoite	Sexually.Committed_Hypnozoite	GSM5916705	Infection1_D1_Inf_100	NextSeq 500
D1SEQ100_TCTGTAGCACTT	D1SEQ100_TCTGTAGCACTT	CAPD1r100_TCTGTAGCACTT	CAPD1r100	CAPD1r100	Infection1	d1	CTRL	Infection1_d1	CTRL_d1_Infection1	Replicative	Sexually.Committed_Replicative	GSM5916705	Infection1_D1_Inf_100	NextSeq 500
D1SEQ100_GAGATCCATCGC	D1SEQ100_GAGATCCATCGC	CAPD1r100_GAGATCCATCGC	CAPD1r100	CAPD1r100	Infection1	d1	CTRL	Infection1_d1	CTRL_d1_Infection1	Replicative	Non.Committed_Replicative	GSM5916705	Infection1_D1_Inf_100	NextSeq 500
D1SEQ100_GTAACATAGATG	D1SEQ100_GTAACATAGATG	CAPD1r100_GTAACATAGATG	CAPD1r100	CAPD1r100	Infection1	d1	CTRL	Infection1_d1	CTRL_d1_Infection1	Replicative	Sexually.Committed_Replicative	GSM5916705	Infection1_D1_Inf_100	NextSeq 500
D1SEQ100_TGCCAGTTTCCG	D1SEQ100_TGCCAGTTTCCG	CAPD1r100_TGCCAGTTTCCG	CAPD1r100	CAPD1r100	Infection1	d1	CTRL	Infection1_d1	CTRL_d1_Infection1	Replicative	Non.Committed_Replicative	GSM5916705	Infection1_D1_Inf_100	NextSeq 500
D1SEQ100_GTTCCCGGAAAA	D1SEQ100_GTTCCCGGAAAA	CAPD1r100_GTTCCCGGAAAA	CAPD1r100	CAPD1r100	Infection1	d1	CTRL	Infection1_d1	CTRL_d1_Infection1	Replicative	Non.Committed_Replicative	GSM5916705	Infection1_D1_Inf_100	NextSeq 500
D1SEQ100_GAAGTAGCCGCC	D1SEQ100_GAAGTAGCCGCC	CAPD1r100_GAAGTAGCCGCC	CAPD1r100	CAPD1r100	Infection1	d1	CTRL	Infection1_d1	CTRL_d1_Infection1	Replicative	Sexually.Committed_Replicative	GSM5916705	Infection1_D1_Inf_100	NextSeq 500
D1SEQ100_TTAGCCAAGGAT	D1SEQ100_TTAGCCAAGGAT	CAPD1r100_TTAGCCAAGGAT	CAPD1r100	CAPD1r100	Infection1	d1	CTRL	Infection1_d1	CTRL_d1_Infection1	Replicative	Non.Committed_Replicative	GSM5916705	Infection1_D1_Inf_100	NextSeq 500
D1SEQ100_GTACCATTGTTA	D1SEQ100_GTACCATTGTTA	CAPD1r100_GTACCATTGTTA	CAPD1r100	CAPD1r100	Infection1	d1	CTRL	Infection1_d1	CTRL_d1_Infection1	Replicative	Sexually.Committed_Replicative	GSM5916705	Infection1_D1_Inf_100	NextSeq 500
D1SEQ100_TACCAGCCCAGG	D1SEQ100_TACCAGCCCAGG	CAPD1r100_TACCAGCCCAGG	CAPD1r100	CAPD1r100	Infection1	d1	CTRL	Infection1_d1	CTRL_d1_Infection1	Replicative	Non.Committed_Replicative	GSM5916705	Infection1_D1_Inf_100	NextSeq 500
D1SEQ100_CGCGTGCTCTAA	D1SEQ100_CGCGTGCTCTAA	CAPD1r100_CGCGTGCTCTAA	CAPD1r100	CAPD1r100	Infection1	d1	CTRL	Infection1_d1	CTRL_d1_Infection1	Replicative	Non.Committed_Replicative	GSM5916705	Infection1_D1_Inf_100	NextSeq 500
D1SEQ100_CATCGAGTTGGG	D1SEQ100_CATCGAGTTGGG	CAPD1r100_CATCGAGTTGGG	CAPD1r100	CAPD1r100	Infection1	d1	CTRL	Infection1_d1	CTRL_d1_Infection1	Replicative	Non.Committed_Replicative	GSM5916705	Infection1_D1_Inf_100	NextSeq 500
D1SEQ100_GACGCTGATCGC	D1SEQ100_GACGCTGATCGC	CAPD1r100_GACGCTGATCGC	CAPD1r100	CAPD1r100	Infection1	d1	CTRL	Infection1_d1	CTRL_d1_Infection1	Replicative	Non.Committed_Replicative	GSM5916705	Infection1_D1_Inf_100	NextSeq 500
D1SEQ100_GCCCGATGACTA	D1SEQ100_GCCCGATGACTA	CAPD1r100_GCCCGATGACTA	CAPD1r100	CAPD1r100	Infection1	d1	CTRL	Infection1_d1	CTRL_d1_Infection1	Replicative	Non.Committed_Replicative	GSM5916705	Infection1_D1_Inf_100	NextSeq 500
D1SEQ100_CGCCGGTAGTAC	D1SEQ100_CGCCGGTAGTAC	CAPD1r100_CGCCGGTAGTAC	CAPD1r100	0.6	Infection1	d1	CTRL	Infection1_d1	CTRL_d1_Infection1	Replicative	Non.Committed_Replicative	GSM5916705	Infection1_D1_Inf_100	NextSeq 500
D1SEQ100_GCTCAACAATAG	D1SEQ100_GCTCAACAATAG	CAPD1r100_GCTCAACAATAG	CAPD1r100	CAPD1r100	Infection1	d1	CTRL	Infection1_d1	CTRL_d1_Infection1	Replicative	Sexually.Committed_Replicative	GSM5916705	Infection1_D1_Inf_100	NextSeq 500
D1SEQ100_ATTCGGCTGGTT	D1SEQ100_ATTCGGCTGGTT	CAPD1r100_ATTCGGCTGGTT	CAPD1r100	CAPD1r100	Infection1	d1	CTRL	Infection1_d1	CTRL_d1_Infection1	Replicative	Non.Committed_Replicative	GSM5916705	Infection1_D1_Inf_100	NextSeq 500
D1SEQ100_ATACTACAGCGC	D1SEQ100_ATACTACAGCGC	CAPD1r100_ATACTACAGCGC	CAPD1r100	CAPD1r100	Infection1	d1	CTRL	Infection1_d1	CTRL_d1_Infection1	Replicative	Non.Committed_Replicative	GSM5916705	Infection1_D1_Inf_100	NextSeq 500
D1SEQ100_GTAACCTTGTTA	D1SEQ100_GTAACCTTGTTA	CAPD1r100_GTAACCTTGTTA	CAPD1r100	CAPD1r100	Infection1	d1	CTRL	Infection1_d1	CTRL_d1_Infection1	Replicative	Non.Committed_Replicative	GSM5916705	Infection1_D1_Inf_100	NextSeq 500
D1SEQ100_GACTCTCATTAC	D1SEQ100_GACTCTCATTAC	CAPD1r100_GACTCTCATTAC	CAPD1r100	CAPD1r100	Infection1	d1	CTRL	Infection1_d1	CTRL_d1_Infection1	Replicative	Non.Committed_Replicative	GSM5916705	Infection1_D1_Inf_100	NextSeq 500
D1SEQ100_GGTGCCCGGGTN	D1SEQ100_GGTGCCCGGGTN	CAPD1r100_GGTGCCCGGGTN	CAPD1r100	CAPD1r100	Infection1	d1	CTRL	Infection1_d1	CTRL_d1_Infection1	Replicative	Non.Committed_Replicative	GSM5916705	Infection1_D1_Inf_100	NextSeq 500
D1SEQ100_GCCAGCTGACTA	D1SEQ100_GCCAGCTGACTA	CAPD1r100_GCCAGCTGACTA	CAPD1r100	CAPD1r100	Infection1	d1	CTRL	Infection1_d1	CTRL_d1_Infection1	Replicative	Non.Committed_Replicative	GSM5916705	Infection1_D1_Inf_100	NextSeq 500
D1SEQ100_GTAGACGCTTCC	D1SEQ100_GTAGACGCTTCC	CAPD1r100_GTAGACGCTTCC	CAPD1r100	CAPD1r100	Infection1	d1	CTRL	Infection1_d1	CTRL_d1_Infection1	Replicative	Non.Committed_Replicative	GSM5916705	Infection1_D1_Inf_100	NextSeq 500
D1SEQ100_CTGCTCGTGGAC	D1SEQ100_CTGCTCGTGGAC	CAPD1r100_CTGCTCGTGGAC	CAPD1r100	CAPD1r100	Infection1	d1	CTRL	Infection1_d1	CTRL_d1_Infection1	Replicative	Non.Committed_Replicative	GSM5916705	Infection1_D1_Inf_100	NextSeq 500
D1SEQ100_TTGACGATAGGG	D1SEQ100_TTGACGATAGGG	CAPD1r100_TTGACGATAGGG	CAPD1r100	CAPD1r100	Infection1	d1	CTRL	Infection1_d1	CTRL_d1_Infection1	Replicative	Non.Committed_Replicative	GSM5916705	Infection1_D1_Inf_100	NextSeq 500
D1SEQ100_TGCCAGTTTCCA	D1SEQ100_TGCCAGTTTCCA	CAPD1r100_TGCCAGTTTCCA	CAPD1r100	CAPD1r100	Infection1	d1	CTRL	Infection1_d1	CTRL_d1_Infection1	Replicative	Non.Committed_Replicative	GSM5916705	Infection1_D1_Inf_100	NextSeq 500
D1SEQ100_CTAGTGTTCGTC	D1SEQ100_CTAGTGTTCGTC	CAPD1r100_CTAGTGTTCGTC	CAPD1r100	CAPD1r100	Infection1	d1	CTRL	Infection1_d1	CTRL_d1_Infection1	Replicative	Non.Committed_Replicative	GSM5916705	Infection1_D1_Inf_100	NextSeq 500
D1SEQ100_TGCGAAGTTTCT	D1SEQ100_TGCGAAGTTTCT	CAPD1r100_TGCGAAGTTTCT	CAPD1r100	CAPD1r100	Infection1	d1	CTRL	Infection1_d1	CTRL_d1_Infection1	Replicative	Sexually.Committed_Replicative	GSM5916705	Infection1_D1_Inf_100	NextSeq 500
D1SEQ100_TGCCAGTTTCCC	D1SEQ100_TGCCAGTTTCCC	CAPD1r100_TGCCAGTTTCCC	CAPD1r100	CAPD1r100	Infection1	d1	CTRL	Infection1_d1	CTRL_d1_Infection1	Replicative	Non.Committed_Replicative	GSM5916705	Infection1_D1_Inf_100	NextSeq 500
D1SEQ100_TTGGTGCCAGCA	D1SEQ100_TTGGTGCCAGCA	CAPD1r100_TTGGTGCCAGCA	CAPD1r100	CAPD1r100	Infection1	d1	CTRL	Infection1_d1	CTRL_d1_Infection1	Replicative	Non.Committed_Replicative	GSM5916705	Infection1_D1_Inf_100	NextSeq 500
D1SEQ100_TACGCACGTGCA	D1SEQ100_TACGCACGTGCA	CAPD1r100_TACGCACGTGCA	CAPD1r100	CAPD1r100	Infection1	d1	CTRL	Infection1_d1	CTRL_d1_Infection1	Replicative	Non.Committed_Replicative	GSM5916705	Infection1_D1_Inf_100	NextSeq 500
D1SEQ100_TAAGCGCCGACT	D1SEQ100_TAAGCGCCGACT	CAPD1r100_TAAGCGCCGACT	CAPD1r100	CAPD1r100	Infection1	d1	CTRL	Infection1_d1	CTRL_d1_Infection1	Replicative	Sexually.Committed_Replicative	GSM5916705	Infection1_D1_Inf_100	NextSeq 500
D1SEQ100_GGAGAACGGAGT	D1SEQ100_GGAGAACGGAGT	CAPD1r100_GGAGAACGGAGT	CAPD1r100	CAPD1r100	Infection1	d1	CTRL	Infection1_d1	CTRL_d1_Infection1	Replicative	Non.Committed_Replicative	GSM5916705	Infection1_D1_Inf_100	NextSeq 500
D1SEQ100_AGGATTTTGGCG	D1SEQ100_AGGATTTTGGCG	CAPD1r100_AGGATTTTGGCG	CAPD1r100	CAPD1r100	Infection1	d1	CTRL	Infection1_d1	CTRL_d1_Infection1	Replicative	Non.Committed_Replicative	GSM5916705	Infection1_D1_Inf_100	NextSeq 500
D1SEQ100_GACACTGCGGAG	D1SEQ100_GACACTGCGGAG	CAPD1r100_GACACTGCGGAG	CAPD1r100	CAPD1r100	Infection1	d1	CTRL	Infection1_d1	CTRL_d1_Infection1	Replicative	Non.Committed_Replicative	GSM5916705	Infection1_D1_Inf_100	NextSeq 500
D1SEQ100_TGCCCAAGTCGG	D1SEQ100_TGCCCAAGTCGG	CAPD1r100_TGCCCAAGTCGG	CAPD1r100	CAPD1r100	Infection1	d1	CTRL	Infection1_d1	CTRL_d1_Infection1	Replicative	Non.Committed_Replicative	GSM5916705	Infection1_D1_Inf_100	NextSeq 500
D1SEQ100_ACGGCGGTTGGC	D1SEQ100_ACGGCGGTTGGC	CAPD1r100_ACGGCGGTTGGC	CAPD1r100	CAPD1r100	Infection1	d1	CTRL	Infection1_d1	CTRL_d1_Infection1	Hypnozoite	Non.Committed_Hypnozoite	GSM5916705	Infection1_D1_Inf_100	NextSeq 500
D1SEQ100_GCTGCCGCCTTG	D1SEQ100_GCTGCCGCCTTG	CAPD1r100_GCTGCCGCCTTG	CAPD1r100	CAPD1r100	Infection1	d1	CTRL	Infection1_d1	CTRL_d1_Infection1	Replicative	Non.Committed_Replicative	GSM5916705	Infection1_D1_Inf_100	NextSeq 500
D1SEQ100_AACCGTTCACTC	D1SEQ100_AACCGTTCACTC	CAPD1r100_AACCGTTCACTC	CAPD1r100	CAPD1r100	Infection1	d1	CTRL	Infection1_d1	CTRL_d1_Infection1	Replicative	Non.Committed_Replicative	GSM5916705	Infection1_D1_Inf_100	NextSeq 500
D1SEQ100_CGCCTGCCCTTT	D1SEQ100_CGCCTGCCCTTT	CAPD1r100_CGCCTGCCCTTT	CAPD1r100	CAPD1r100	Infection1	d1	CTRL	Infection1_d1	CTRL_d1_Infection1	Replicative	Non.Committed_Replicative	GSM5916705	Infection1_D1_Inf_100	NextSeq 500
D1SEQ100_CTTTGAATAAGC	D1SEQ100_CTTTGAATAAGC	CAPD1r100_CTTTGAATAAGC	CAPD1r100	CAPD1r100	Infection1	d1	CTRL	Infection1_d1	CTRL_d1_Infection1	Replicative	Non.Committed_Replicative	GSM5916705	Infection1_D1_Inf_100	NextSeq 500
D1SEQ100_TAGCTCACGGGT	D1SEQ100_TAGCTCACGGGT	CAPD1r100_TAGCTCACGGGT	CAPD1r100	CAPD1r100	Infection1	d1	CTRL	Infection1_d1	CTRL_d1_Infection1	Replicative	Non.Committed_Replicative	GSM5916705	Infection1_D1_Inf_100	NextSeq 500
D1SEQ100_AGCTGGGGGCCA	D1SEQ100_AGCTGGGGGCCA	CAPD1r100_AGCTGGGGGCCA	CAPD1r100	CAPD1r100	Infection1	d1	CTRL	Infection1_d1	CTRL_d1_Infection1	Replicative	Non.Committed_Replicative	GSM5916705	Infection1_D1_Inf_100	NextSeq 500
D1SEQ100_CCATATTCCCAC	D1SEQ100_CCATATTCCCAC	CAPD1r100_CCATATTCCCAC	CAPD1r100	CAPD1r100	Infection1	d1	CTRL	Infection1_d1	CTRL_d1_Infection1	Replicative	Non.Committed_Replicative	GSM5916705	Infection1_D1_Inf_100	NextSeq 500
D1SEQ100_CACCGGGTGTGA	D1SEQ100_CACCGGGTGTGA	CAPD1r100_CACCGGGTGTGA	CAPD1r100	CAPD1r100	Infection1	d1	CTRL	Infection1_d1	CTRL_d1_Infection1	Replicative	Non.Committed_Replicative	GSM5916705	Infection1_D1_Inf_100	NextSeq 500
D1SEQ100_CTAGGTACTGTC	D1SEQ100_CTAGGTACTGTC	CAPD1r100_CTAGGTACTGTC	CAPD1r100	CAPD1r100	Infection1	d1	CTRL	Infection1_d1	CTRL_d1_Infection1	Replicative	Non.Committed_Replicative	GSM5916705	Infection1_D1_Inf_100	NextSeq 500
D1SEQ100_GAACGGTCAAGA	D1SEQ100_GAACGGTCAAGA	CAPD1r100_GAACGGTCAAGA	CAPD1r100	CAPD1r100	Infection1	d1	CTRL	Infection1_d1	CTRL_d1_Infection1	Replicative	Non.Committed_Replicative	GSM5916705	Infection1_D1_Inf_100	NextSeq 500
D1SEQ100_GCCAGAACGATC	D1SEQ100_GCCAGAACGATC	CAPD1r100_GCCAGAACGATC	CAPD1r100	CAPD1r100	Infection1	d1	CTRL	Infection1_d1	CTRL_d1_Infection1	Replicative	Non.Committed_Replicative	GSM5916705	Infection1_D1_Inf_100	NextSeq 500
D1SEQ100_TTCCGGGTTGTC	D1SEQ100_TTCCGGGTTGTC	CAPD1r100_TTCCGGGTTGTC	CAPD1r100	CAPD1r100	Infection1	d1	CTRL	Infection1_d1	CTRL_d1_Infection1	Replicative	Non.Committed_Replicative	GSM5916705	Infection1_D1_Inf_100	NextSeq 500
D1SEQ100_GATCAAAAACCA	D1SEQ100_GATCAAAAACCA	CAPD1r100_GATCAAAAACCA	CAPD1r100	CAPD1r100	Infection1	d1	CTRL	Infection1_d1	CTRL_d1_Infection1	Replicative	Non.Committed_Replicative	GSM5916705	Infection1_D1_Inf_100	NextSeq 500
D1SEQ100_ATGCAATGAGCC	D1SEQ100_ATGCAATGAGCC	CAPD1r100_ATGCAATGAGCC	CAPD1r100	CAPD1r100	Infection1	d1	CTRL	Infection1_d1	CTRL_d1_Infection1	Replicative	Sexually.Committed_Replicative	GSM5916705	Infection1_D1_Inf_100	NextSeq 500
D1SEQ100_TGGGCCACGAAT	D1SEQ100_TGGGCCACGAAT	CAPD1r100_TGGGCCACGAAT	CAPD1r100	CAPD1r100	Infection1	d1	CTRL	Infection1_d1	CTRL_d1_Infection1	Replicative	Sexually.Committed_Replicative	GSM5916705	Infection1_D1_Inf_100	NextSeq 500
D1SEQ100_AATACATTCAAA	D1SEQ100_AATACATTCAAA	CAPD1r100_AATACATTCAAA	CAPD1r100	CAPD1r100	Infection1	d1	CTRL	Infection1_d1	CTRL_d1_Infection1	Replicative	Non.Committed_Replicative	GSM5916705	Infection1_D1_Inf_100	NextSeq 500
D1SEQ100_TACGAGGCACCC	D1SEQ100_TACGAGGCACCC	CAPD1r100_TACGAGGCACCC	CAPD1r100	CAPD1r100	Infection1	d1	CTRL	Infection1_d1	CTRL_d1_Infection1	Replicative	Non.Committed_Replicative	GSM5916705	Infection1_D1_Inf_100	NextSeq 500
D1SEQ100_AGCTTATTGCAG	D1SEQ100_AGCTTATTGCAG	CAPD1r100_AGCTTATTGCAG	CAPD1r100	CAPD1r100	Infection1	d1	CTRL	Infection1_d1	CTRL_d1_Infection1	Hypnozoite	Non.Committed_Hypnozoite	GSM5916705	Infection1_D1_Inf_100	NextSeq 500
D1SEQ100_GACCATATGAAC	D1SEQ100_GACCATATGAAC	CAPD1r100_GACCATATGAAC	CAPD1r100	CAPD1r100	Infection1	d1	CTRL	Infection1_d1	CTRL_d1_Infection1	Replicative	Non.Committed_Replicative	GSM5916705	Infection1_D1_Inf_100	NextSeq 500
D1SEQ100_CAGCCTCCCCGA	D1SEQ100_CAGCCTCCCCGA	CAPD1r100_CAGCCTCCCCGA	CAPD1r100	CAPD1r100	Infection1	d1	CTRL	Infection1_d1	CTRL_d1_Infection1	Replicative	Non.Committed_Replicative	GSM5916705	Infection1_D1_Inf_100	NextSeq 500
D1SEQ100_GCATGTAAATGG	D1SEQ100_GCATGTAAATGG	CAPD1r100_GCATGTAAATGG	CAPD1r100	CAPD1r100	Infection1	d1	CTRL	Infection1_d1	CTRL_d1_Infection1	Replicative	Non.Committed_Replicative	GSM5916705	Infection1_D1_Inf_100	NextSeq 500
D1SEQ100_CGCCGACAGTTG	D1SEQ100_CGCCGACAGTTG	CAPD1r100_CGCCGACAGTTG	CAPD1r100	CAPD1r100	Infection1	d1	CTRL	Infection1_d1	CTRL_d1_Infection1	Replicative	Non.Committed_Replicative	GSM5916705	Infection1_D1_Inf_100	NextSeq 500
D1SEQ100_AGTCGTTCATGG	D1SEQ100_AGTCGTTCATGG	CAPD1r100_AGTCGTTCATGG	CAPD1r100	CAPD1r100	Infection1	d1	CTRL	Infection1_d1	CTRL_d1_Infection1	Replicative	Sexually.Committed_Replicative	GSM5916705	Infection1_D1_Inf_100	NextSeq 500
D1SEQ100_CTTCTGCGCGCC	D1SEQ100_CTTCTGCGCGCC	CAPD1r100_CTTCTGCGCGCC	CAPD1r100	CAPD1r100	Infection1	d1	CTRL	Infection1_d1	CTRL_d1_Infection1	Replicative	Non.Committed_Replicative	GSM5916705	Infection1_D1_Inf_100	NextSeq 500
D1SEQ100_GGCCACTTCGTA	D1SEQ100_GGCCACTTCGTA	CAPD1r100_GGCCACTTCGTA	CAPD1r100	CAPD1r100	Infection1	d1	CTRL	Infection1_d1	CTRL_d1_Infection1	Replicative	Non.Committed_Replicative	GSM5916705	Infection1_D1_Inf_100	NextSeq 500
D1SEQ100_AGCGGGCTTGCA	D1SEQ100_AGCGGGCTTGCA	CAPD1r100_AGCGGGCTTGCA	CAPD1r100	CAPD1r100	Infection1	d1	CTRL	Infection1_d1	CTRL_d1_Infection1	Replicative	Non.Committed_Replicative	GSM5916705	Infection1_D1_Inf_100	NextSeq 500
D1SEQ100_CGAACGGTACTG	D1SEQ100_CGAACGGTACTG	CAPD1r100_CGAACGGTACTG	CAPD1r100	CAPD1r100	Infection1	d1	CTRL	Infection1_d1	CTRL_d1_Infection1	Replicative	Non.Committed_Replicative	GSM5916705	Infection1_D1_Inf_100	NextSeq 500
D1SEQ100_CCCCACCAGCTT	D1SEQ100_CCCCACCAGCTT	CAPD1r100_CCCCACCAGCTT	CAPD1r100	CAPD1r100	Infection1	d1	CTRL	Infection1_d1	CTRL_d1_Infection1	Replicative	Non.Committed_Replicative	GSM5916705	Infection1_D1_Inf_100	NextSeq 500
D1SEQ100_CGATTCACAGAG	D1SEQ100_CGATTCACAGAG	CAPD1r100_CGATTCACAGAG	CAPD1r100	CAPD1r100	Infection1	d1	CTRL	Infection1_d1	CTRL_d1_Infection1	Replicative	Non.Committed_Replicative	GSM5916705	Infection1_D1_Inf_100	NextSeq 500
D1SEQ100_GATATGTTTGCC	D1SEQ100_GATATGTTTGCC	CAPD1r100_GATATGTTTGCC	CAPD1r100	CAPD1r100	Infection1	d1	CTRL	Infection1_d1	CTRL_d1_Infection1	Replicative	Non.Committed_Replicative	GSM5916705	Infection1_D1_Inf_100	NextSeq 500
D1SEQ100_TCGATATGTTAG	D1SEQ100_TCGATATGTTAG	CAPD1r100_TCGATATGTTAG	CAPD1r100	CAPD1r100	Infection1	d1	CTRL	Infection1_d1	CTRL_d1_Infection1	Replicative	Non.Committed_Replicative	GSM5916705	Infection1_D1_Inf_100	NextSeq 500
D1SEQ100_GTTAGCACGTTG	D1SEQ100_GTTAGCACGTTG	CAPD1r100_GTTAGCACGTTG	CAPD1r100	CAPD1r100	Infection1	d1	CTRL	Infection1_d1	CTRL_d1_Infection1	Replicative	Non.Committed_Replicative	GSM5916705	Infection1_D1_Inf_100	NextSeq 500
D1SEQ100_TACCAACCAGGG	D1SEQ100_TACCAACCAGGG	CAPD1r100_TACCAACCAGGG	CAPD1r100	CAPD1r100	Infection1	d1	CTRL	Infection1_d1	CTRL_d1_Infection1	Replicative	Non.Committed_Replicative	GSM5916705	Infection1_D1_Inf_100	NextSeq 500
D1SEQ100_CATCTATCGATC	D1SEQ100_CATCTATCGATC	CAPD1r100_CATCTATCGATC	CAPD1r100	CAPD1r100	Infection1	d1	CTRL	Infection1_d1	CTRL_d1_Infection1	Replicative	Non.Committed_Replicative	GSM5916705	Infection1_D1_Inf_100	NextSeq 500
D1SEQ100_CCCGCCCCCAGA	D1SEQ100_CCCGCCCCCAGA	CAPD1r100_CCCGCCCCCAGA	CAPD1r100	CAPD1r100	Infection1	d1	CTRL	Infection1_d1	CTRL_d1_Infection1	Replicative	Non.Committed_Replicative	GSM5916705	Infection1_D1_Inf_100	NextSeq 500
D1SEQ100_GTGTTGGTCCGA	D1SEQ100_GTGTTGGTCCGA	CAPD1r100_GTGTTGGTCCGA	CAPD1r100	CAPD1r100	Infection1	d1	CTRL	Infection1_d1	CTRL_d1_Infection1	Replicative	Non.Committed_Replicative	GSM5916705	Infection1_D1_Inf_100	NextSeq 500
D1SEQ100_AATACAGCCATT	D1SEQ100_AATACAGCCATT	CAPD1r100_AATACAGCCATT	CAPD1r100	CAPD1r100	Infection1	d1	CTRL	Infection1_d1	CTRL_d1_Infection1	Replicative	Non.Committed_Replicative	GSM5916705	Infection1_D1_Inf_100	NextSeq 500
D1SEQ100_CTTGCCCCCGCG	D1SEQ100_CTTGCCCCCGCG	CAPD1r100_CTTGCCCCCGCG	CAPD1r100	CAPD1r100	Infection1	d1	CTRL	Infection1_d1	CTRL_d1_Infection1	Replicative	Non.Committed_Replicative	GSM5916705	Infection1_D1_Inf_100	NextSeq 500
D1SEQ100_TGCCCAGTGATG	D1SEQ100_TGCCCAGTGATG	CAPD1r100_TGCCCAGTGATG	CAPD1r100	CAPD1r100	Infection1	d1	CTRL	Infection1_d1	CTRL_d1_Infection1	Replicative	Non.Committed_Replicative	GSM5916705	Infection1_D1_Inf_100	NextSeq 500
D1SEQ100_TACCAGACCAGC	D1SEQ100_TACCAGACCAGC	CAPD1r100_TACCAGACCAGC	CAPD1r100	CAPD1r100	Infection1	d1	CTRL	Infection1_d1	CTRL_d1_Infection1	Replicative	Non.Committed_Replicative	GSM5916705	Infection1_D1_Inf_100	NextSeq 500
D1SEQ100_TGAGATCCCTCC	D1SEQ100_TGAGATCCCTCC	CAPD1r100_TGAGATCCCTCC	CAPD1r100	CAPD1r100	Infection1	d1	CTRL	Infection1_d1	CTRL_d1_Infection1	Replicative	Non.Committed_Replicative	GSM5916705	Infection1_D1_Inf_100	NextSeq 500
D1SEQ100_TGGTCTCTACGG	D1SEQ100_TGGTCTCTACGG	CAPD1r100_TGGTCTCTACGG	CAPD1r100	CAPD1r100	Infection1	d1	CTRL	Infection1_d1	CTRL_d1_Infection1	Replicative	Non.Committed_Replicative	GSM5916705	Infection1_D1_Inf_100	NextSeq 500
D1SEQ100_CACACTTGCCCT	D1SEQ100_CACACTTGCCCT	CAPD1r100_CACACTTGCCCT	CAPD1r100	CAPD1r100	Infection1	d1	CTRL	Infection1_d1	CTRL_d1_Infection1	Replicative	Non.Committed_Replicative	GSM5916705	Infection1_D1_Inf_100	NextSeq 500
D1SEQ100_GGAATCACCACA	D1SEQ100_GGAATCACCACA	CAPD1r100_GGAATCACCACA	CAPD1r100	CAPD1r100	Infection1	d1	CTRL	Infection1_d1	CTRL_d1_Infection1	Replicative	Non.Committed_Replicative	GSM5916705	Infection1_D1_Inf_100	NextSeq 500
D1SEQ100_AGTCATCGGCTG	D1SEQ100_AGTCATCGGCTG	CAPD1r100_AGTCATCGGCTG	CAPD1r100	CAPD1r100	Infection1	d1	CTRL	Infection1_d1	CTRL_d1_Infection1	Replicative	Non.Committed_Replicative	GSM5916705	Infection1_D1_Inf_100	NextSeq 500
D1SEQ100_CGCGCCTCGACC	D1SEQ100_CGCGCCTCGACC	CAPD1r100_CGCGCCTCGACC	CAPD1r100	CAPD1r100	Infection1	d1	CTRL	Infection1_d1	CTRL_d1_Infection1	Replicative	Non.Committed_Replicative	GSM5916705	Infection1_D1_Inf_100	NextSeq 500
D1SEQ100_CAGAGCCGGGGT	D1SEQ100_CAGAGCCGGGGT	CAPD1r100_CAGAGCCGGGGT	CAPD1r100	CAPD1r100	Infection1	d1	CTRL	Infection1_d1	CTRL_d1_Infection1	Replicative	Non.Committed_Replicative	GSM5916705	Infection1_D1_Inf_100	NextSeq 500
D1SEQ100_GCGCCCTCTACC	D1SEQ100_GCGCCCTCTACC	CAPD1r100_GCGCCCTCTACC	CAPD1r100	CAPD1r100	Infection1	d1	CTRL	Infection1_d1	CTRL_d1_Infection1	Replicative	Non.Committed_Replicative	GSM5916705	Infection1_D1_Inf_100	NextSeq 500
D1SEQ100_GCGCTCGGTTAC	D1SEQ100_GCGCTCGGTTAC	CAPD1r100_GCGCTCGGTTAC	CAPD1r100	CAPD1r100	Infection1	d1	CTRL	Infection1_d1	CTRL_d1_Infection1	Replicative	Non.Committed_Replicative	GSM5916705	Infection1_D1_Inf_100	NextSeq 500
D1SEQ100_TGCAGAGTTATG	D1SEQ100_TGCAGAGTTATG	CAPD1r100_TGCAGAGTTATG	CAPD1r100	CAPD1r100	Infection1	d1	CTRL	Infection1_d1	CTRL_d1_Infection1	Replicative	Non.Committed_Replicative	GSM5916705	Infection1_D1_Inf_100	NextSeq 500
D1SEQ100_GGTCTGATGAGC	D1SEQ100_GGTCTGATGAGC	CAPD1r100_GGTCTGATGAGC	CAPD1r100	CAPD1r100	Infection1	d1	CTRL	Infection1_d1	CTRL_d1_Infection1	Replicative	Non.Committed_Replicative	GSM5916705	Infection1_D1_Inf_100	NextSeq 500
D1SEQ100_TCAGGGCGCATG	D1SEQ100_TCAGGGCGCATG	CAPD1r100_TCAGGGCGCATG	CAPD1r100	CAPD1r100	Infection1	d1	CTRL	Infection1_d1	CTRL_d1_Infection1	Replicative	Non.Committed_Replicative	GSM5916705	Infection1_D1_Inf_100	NextSeq 500
D1SEQ100_CACTTGCTACCC	D1SEQ100_CACTTGCTACCC	CAPD1r100_CACTTGCTACCC	CAPD1r100	CAPD1r100	Infection1	d1	CTRL	Infection1_d1	CTRL_d1_Infection1	Replicative	Sexually.Committed_Replicative	GSM5916705	Infection1_D1_Inf_100	NextSeq 500
D1SEQ100_GATGCTGTCAGC	D1SEQ100_GATGCTGTCAGC	CAPD1r100_GATGCTGTCAGC	CAPD1r100	CAPD1r100	Infection1	d1	CTRL	Infection1_d1	CTRL_d1_Infection1	Replicative	Non.Committed_Replicative	GSM5916705	Infection1_D1_Inf_100	NextSeq 500
D1SEQ100_ACCAGAAGGCTC	D1SEQ100_ACCAGAAGGCTC	CAPD1r100_ACCAGAAGGCTC	CAPD1r100	CAPD1r100	Infection1	d1	CTRL	Infection1_d1	CTRL_d1_Infection1	Replicative	Non.Committed_Replicative	GSM5916705	Infection1_D1_Inf_100	NextSeq 500
D1SEQ100_ATTCTTAATACG	D1SEQ100_ATTCTTAATACG	CAPD1r100_ATTCTTAATACG	CAPD1r100	CAPD1r100	Infection1	d1	CTRL	Infection1_d1	CTRL_d1_Infection1	Replicative	Non.Committed_Replicative	GSM5916705	Infection1_D1_Inf_100	NextSeq 500
D1SEQ100_GCATGTAAATGA	D1SEQ100_GCATGTAAATGA	CAPD1r100_GCATGTAAATGA	CAPD1r100	CAPD1r100	Infection1	d1	CTRL	Infection1_d1	CTRL_d1_Infection1	Replicative	Non.Committed_Replicative	GSM5916705	Infection1_D1_Inf_100	NextSeq 500
D1SEQ100_CACGGCGCATAC	D1SEQ100_CACGGCGCATAC	CAPD1r100_CACGGCGCATAC	CAPD1r100	CAPD1r100	Infection1	d1	CTRL	Infection1_d1	CTRL_d1_Infection1	Replicative	Non.Committed_Replicative	GSM5916705	Infection1_D1_Inf_100	NextSeq 500
D1SEQ100_GTGTAGTTGGGG	D1SEQ100_GTGTAGTTGGGG	CAPD1r100_GTGTAGTTGGGG	CAPD1r100	CAPD1r100	Infection1	d1	CTRL	Infection1_d1	CTRL_d1_Infection1	Replicative	Non.Committed_Replicative	GSM5916705	Infection1_D1_Inf_100	NextSeq 500
D1SEQ100_GCTGTGCGGAGT	D1SEQ100_GCTGTGCGGAGT	CAPD1r100_GCTGTGCGGAGT	CAPD1r100	CAPD1r100	Infection1	d1	CTRL	Infection1_d1	CTRL_d1_Infection1	Replicative	Non.Committed_Replicative	GSM5916705	Infection1_D1_Inf_100	NextSeq 500
D1SEQ100_GAGTGGCATTGC	D1SEQ100_GAGTGGCATTGC	CAPD1r100_GAGTGGCATTGC	CAPD1r100	CAPD1r100	Infection1	d1	CTRL	Infection1_d1	CTRL_d1_Infection1	Replicative	Non.Committed_Replicative	GSM5916705	Infection1_D1_Inf_100	NextSeq 500
D1SEQ100_CAGATGGTCGGA	D1SEQ100_CAGATGGTCGGA	CAPD1r100_CAGATGGTCGGA	CAPD1r100	CAPD1r100	Infection1	d1	CTRL	Infection1_d1	CTRL_d1_Infection1	Replicative	Non.Committed_Replicative	GSM5916705	Infection1_D1_Inf_100	NextSeq 500
D1SEQ100_GTGTCTTGACGG	D1SEQ100_GTGTCTTGACGG	CAPD1r100_GTGTCTTGACGG	CAPD1r100	CAPD1r100	Infection1	d1	CTRL	Infection1_d1	CTRL_d1_Infection1	Replicative	Non.Committed_Replicative	GSM5916705	Infection1_D1_Inf_100	NextSeq 500
D1SEQ100_CCAGCTGTCGCG	D1SEQ100_CCAGCTGTCGCG	CAPD1r100_CCAGCTGTCGCG	CAPD1r100	CAPD1r100	Infection1	d1	CTRL	Infection1_d1	CTRL_d1_Infection1	Replicative	Non.Committed_Replicative	GSM5916705	Infection1_D1_Inf_100	NextSeq 500
D1SEQ100_CGGCTCGGTTCG	D1SEQ100_CGGCTCGGTTCG	CAPD1r100_CGGCTCGGTTCG	CAPD1r100	CAPD1r100	Infection1	d1	CTRL	Infection1_d1	CTRL_d1_Infection1	Replicative	Non.Committed_Replicative	GSM5916705	Infection1_D1_Inf_100	NextSeq 500
D1SEQ100_CCTGTATAAATA	D1SEQ100_CCTGTATAAATA	CAPD1r100_CCTGTATAAATA	CAPD1r100	CAPD1r100	Infection1	d1	CTRL	Infection1_d1	CTRL_d1_Infection1	Replicative	Sexually.Committed_Replicative	GSM5916705	Infection1_D1_Inf_100	NextSeq 500
D1SEQ100_AACTTATCCTGA	D1SEQ100_AACTTATCCTGA	CAPD1r100_AACTTATCCTGA	CAPD1r100	CAPD1r100	Infection1	d1	CTRL	Infection1_d1	CTRL_d1_Infection1	Replicative	Non.Committed_Replicative	GSM5916705	Infection1_D1_Inf_100	NextSeq 500
D1SEQ100_AGTCGCCCTCCT	D1SEQ100_AGTCGCCCTCCT	CAPD1r100_AGTCGCCCTCCT	CAPD1r100	CAPD1r100	Infection1	d1	CTRL	Infection1_d1	CTRL_d1_Infection1	Replicative	Non.Committed_Replicative	GSM5916705	Infection1_D1_Inf_100	NextSeq 500
D1SEQ100_AACCAGACCAGG	D1SEQ100_AACCAGACCAGG	CAPD1r100_AACCAGACCAGG	CAPD1r100	CAPD1r100	Infection1	d1	CTRL	Infection1_d1	CTRL_d1_Infection1	Replicative	Non.Committed_Replicative	GSM5916705	Infection1_D1_Inf_100	NextSeq 500
D1SEQ100_GTCTTGCTCCCC	D1SEQ100_GTCTTGCTCCCC	CAPD1r100_GTCTTGCTCCCC	CAPD1r100	CAPD1r100	Infection1	d1	CTRL	Infection1_d1	CTRL_d1_Infection1	Replicative	Non.Committed_Replicative	GSM5916705	Infection1_D1_Inf_100	NextSeq 500
D1SEQ100_TATCCTCAGTCG	D1SEQ100_TATCCTCAGTCG	CAPD1r100_TATCCTCAGTCG	CAPD1r100	CAPD1r100	Infection1	d1	CTRL	Infection1_d1	CTRL_d1_Infection1	Replicative	Non.Committed_Replicative	GSM5916705	Infection1_D1_Inf_100	NextSeq 500
D1SEQ100_CATTCCTTTAGG	D1SEQ100_CATTCCTTTAGG	CAPD1r100_CATTCCTTTAGG	CAPD1r100	CAPD1r100	Infection1	d1	CTRL	Infection1_d1	CTRL_d1_Infection1	Replicative	Non.Committed_Replicative	GSM5916705	Infection1_D1_Inf_100	NextSeq 500
D1SEQ100_GTCTATCTGGGC	D1SEQ100_GTCTATCTGGGC	CAPD1r100_GTCTATCTGGGC	CAPD1r100	CAPD1r100	Infection1	d1	CTRL	Infection1_d1	CTRL_d1_Infection1	Replicative	Non.Committed_Replicative	GSM5916705	Infection1_D1_Inf_100	NextSeq 500
D1SEQ100_TATCCGCATAGG	D1SEQ100_TATCCGCATAGG	CAPD1r100_TATCCGCATAGG	CAPD1r100	CAPD1r100	Infection1	d1	CTRL	Infection1_d1	CTRL_d1_Infection1	Replicative	Non.Committed_Replicative	GSM5916705	Infection1_D1_Inf_100	NextSeq 500
D1SEQ100_GATAGTCATAGG	D1SEQ100_GATAGTCATAGG	CAPD1r100_GATAGTCATAGG	CAPD1r100	CAPD1r100	Infection1	d1	CTRL	Infection1_d1	CTRL_d1_Infection1	Replicative	Sexually.Committed_Replicative	GSM5916705	Infection1_D1_Inf_100	NextSeq 500
D1SEQ100_ACTACCTACGCC	D1SEQ100_ACTACCTACGCC	CAPD1r100_ACTACCTACGCC	CAPD1r100	CAPD1r100	Infection1	d1	CTRL	Infection1_d1	CTRL_d1_Infection1	Replicative	Non.Committed_Replicative	GSM5916705	Infection1_D1_Inf_100	NextSeq 500
D1SEQ100_ACCGAGTAAAAG	D1SEQ100_ACCGAGTAAAAG	CAPD1r100_ACCGAGTAAAAG	CAPD1r100	CAPD1r100	Infection1	d1	CTRL	Infection1_d1	CTRL_d1_Infection1	Replicative	Non.Committed_Replicative	GSM5916705	Infection1_D1_Inf_100	NextSeq 500
D1SEQ100_AATCGGATATAG	D1SEQ100_AATCGGATATAG	CAPD1r100_AATCGGATATAG	CAPD1r100	CAPD1r100	Infection1	d1	CTRL	Infection1_d1	CTRL_d1_Infection1	Replicative	Non.Committed_Replicative	GSM5916705	Infection1_D1_Inf_100	NextSeq 500
D1SEQ100_CAACGATCTGCT	D1SEQ100_CAACGATCTGCT	CAPD1r100_CAACGATCTGCT	CAPD1r100	CAPD1r100	Infection1	d1	CTRL	Infection1_d1	CTRL_d1_Infection1	Replicative	Non.Committed_Replicative	GSM5916705	Infection1_D1_Inf_100	NextSeq 500
D1SEQ100_AGTCATCCTCCG	D1SEQ100_AGTCATCCTCCG	CAPD1r100_AGTCATCCTCCG	CAPD1r100	CAPD1r100	Infection1	d1	CTRL	Infection1_d1	CTRL_d1_Infection1	Replicative	Non.Committed_Replicative	GSM5916705	Infection1_D1_Inf_100	NextSeq 500
D1SEQ100_CTGTTCTTTTCG	D1SEQ100_CTGTTCTTTTCG	CAPD1r100_CTGTTCTTTTCG	CAPD1r100	CAPD1r100	Infection1	d1	CTRL	Infection1_d1	CTRL_d1_Infection1	Replicative	Non.Committed_Replicative	GSM5916705	Infection1_D1_Inf_100	NextSeq 500
D1SEQ100_ATCTTCAATGCC	D1SEQ100_ATCTTCAATGCC	CAPD1r100_ATCTTCAATGCC	CAPD1r100	CAPD1r100	Infection1	d1	CTRL	Infection1_d1	CTRL_d1_Infection1	Hypnozoite	Non.Committed_Hypnozoite	GSM5916705	Infection1_D1_Inf_100	NextSeq 500
D1SEQ100_ATTTCAGCTAGC	D1SEQ100_ATTTCAGCTAGC	CAPD1r100_ATTTCAGCTAGC	CAPD1r100	CAPD1r100	Infection1	d1	CTRL	Infection1_d1	CTRL_d1_Infection1	Replicative	Non.Committed_Replicative	GSM5916705	Infection1_D1_Inf_100	NextSeq 500
D1SEQ100_ACTATGCTTACC	D1SEQ100_ACTATGCTTACC	CAPD1r100_ACTATGCTTACC	CAPD1r100	CAPD1r100	Infection1	d1	CTRL	Infection1_d1	CTRL_d1_Infection1	Replicative	Non.Committed_Replicative	GSM5916705	Infection1_D1_Inf_100	NextSeq 500
D1SEQ100_CTGGCACACAGC	D1SEQ100_CTGGCACACAGC	CAPD1r100_CTGGCACACAGC	CAPD1r100	CAPD1r100	Infection1	d1	CTRL	Infection1_d1	CTRL_d1_Infection1	Replicative	Non.Committed_Replicative	GSM5916705	Infection1_D1_Inf_100	NextSeq 500
D1SEQ100_CTGTACTGTTCT	D1SEQ100_CTGTACTGTTCT	CAPD1r100_CTGTACTGTTCT	CAPD1r100	CAPD1r100	Infection1	d1	CTRL	Infection1_d1	CTRL_d1_Infection1	Replicative	Non.Committed_Replicative	GSM5916705	Infection1_D1_Inf_100	NextSeq 500
D1SEQ100_GGGAGGAATTAC	D1SEQ100_GGGAGGAATTAC	CAPD1r100_GGGAGGAATTAC	CAPD1r100	CAPD1r100	Infection1	d1	CTRL	Infection1_d1	CTRL_d1_Infection1	Replicative	Non.Committed_Replicative	GSM5916705	Infection1_D1_Inf_100	NextSeq 500
D1SEQ100_GTAGGAGCTCAC	D1SEQ100_GTAGGAGCTCAC	CAPD1r100_GTAGGAGCTCAC	CAPD1r100	CAPD1r100	Infection1	d1	CTRL	Infection1_d1	CTRL_d1_Infection1	Replicative	Non.Committed_Replicative	GSM5916705	Infection1_D1_Inf_100	NextSeq 500
D1SEQ100_TTCTGGGGGAGC	D1SEQ100_TTCTGGGGGAGC	CAPD1r100_TTCTGGGGGAGC	CAPD1r100	CAPD1r100	Infection1	d1	CTRL	Infection1_d1	CTRL_d1_Infection1	Replicative	Non.Committed_Replicative	GSM5916705	Infection1_D1_Inf_100	NextSeq 500
D1SEQ100_AGCTAAGTGCAT	D1SEQ100_AGCTAAGTGCAT	CAPD1r100_AGCTAAGTGCAT	CAPD1r100	CAPD1r100	Infection1	d1	CTRL	Infection1_d1	CTRL_d1_Infection1	Replicative	Non.Committed_Replicative	GSM5916705	Infection1_D1_Inf_100	NextSeq 500
D1SEQ100_AGGGTGCCGCCG	D1SEQ100_AGGGTGCCGCCG	CAPD1r100_AGGGTGCCGCCG	CAPD1r100	CAPD1r100	Infection1	d1	CTRL	Infection1_d1	CTRL_d1_Infection1	Replicative	Non.Committed_Replicative	GSM5916705	Infection1_D1_Inf_100	NextSeq 500
D1SEQ100_GAAGACGAATCA	D1SEQ100_GAAGACGAATCA	CAPD1r100_GAAGACGAATCA	CAPD1r100	CAPD1r100	Infection1	d1	CTRL	Infection1_d1	CTRL_d1_Infection1	Replicative	Non.Committed_Replicative	GSM5916705	Infection1_D1_Inf_100	NextSeq 500
D1SEQ100_CCGGTCTTCAAC	D1SEQ100_CCGGTCTTCAAC	CAPD1r100_CCGGTCTTCAAC	CAPD1r100	CAPD1r100	Infection1	d1	CTRL	Infection1_d1	CTRL_d1_Infection1	Replicative	Non.Committed_Replicative	GSM5916705	Infection1_D1_Inf_100	NextSeq 500
D1SEQ100_AAGATAGATATG	D1SEQ100_AAGATAGATATG	CAPD1r100_AAGATAGATATG	CAPD1r100	CAPD1r100	Infection1	d1	CTRL	Infection1_d1	CTRL_d1_Infection1	Replicative	Non.Committed_Replicative	GSM5916705	Infection1_D1_Inf_100	NextSeq 500
D1SEQ100_TAGTTGTCAACA	D1SEQ100_TAGTTGTCAACA	CAPD1r100_TAGTTGTCAACA	CAPD1r100	CAPD1r100	Infection1	d1	CTRL	Infection1_d1	CTRL_d1_Infection1	Replicative	Non.Committed_Replicative	GSM5916705	Infection1_D1_Inf_100	NextSeq 500
D1SEQ100_TTCTTCCGGCGT	D1SEQ100_TTCTTCCGGCGT	CAPD1r100_TTCTTCCGGCGT	CAPD1r100	CAPD1r100	Infection1	d1	CTRL	Infection1_d1	CTRL_d1_Infection1	Replicative	Non.Committed_Replicative	GSM5916705	Infection1_D1_Inf_100	NextSeq 500
D1SEQ100_GTTGTCAACCCC	D1SEQ100_GTTGTCAACCCC	CAPD1r100_GTTGTCAACCCC	CAPD1r100	CAPD1r100	Infection1	d1	CTRL	Infection1_d1	CTRL_d1_Infection1	Replicative	Non.Committed_Replicative	GSM5916705	Infection1_D1_Inf_100	NextSeq 500
D1SEQ100_ACTACTAACTCG	D1SEQ100_ACTACTAACTCG	CAPD1r100_ACTACTAACTCG	CAPD1r100	CAPD1r100	Infection1	d1	CTRL	Infection1_d1	CTRL_d1_Infection1	Hypnozoite	Non.Committed_Hypnozoite	GSM5916705	Infection1_D1_Inf_100	NextSeq 500
D1SEQ100_GGGGTAAGAAGT	D1SEQ100_GGGGTAAGAAGT	CAPD1r100_GGGGTAAGAAGT	CAPD1r100	CAPD1r100	Infection1	d1	CTRL	Infection1_d1	CTRL_d1_Infection1	Replicative	Non.Committed_Replicative	GSM5916705	Infection1_D1_Inf_100	NextSeq 500
D1SEQ100_TGCGGCAGGGTA	D1SEQ100_TGCGGCAGGGTA	CAPD1r100_TGCGGCAGGGTA	CAPD1r100	CAPD1r100	Infection1	d1	CTRL	Infection1_d1	CTRL_d1_Infection1	Replicative	Non.Committed_Replicative	GSM5916705	Infection1_D1_Inf_100	NextSeq 500
D1SEQ100_TGCTTTTGTCAG	D1SEQ100_TGCTTTTGTCAG	CAPD1r100_TGCTTTTGTCAG	CAPD1r100	CAPD1r100	Infection1	d1	CTRL	Infection1_d1	CTRL_d1_Infection1	Replicative	Non.Committed_Replicative	GSM5916705	Infection1_D1_Inf_100	NextSeq 500
D1SEQ100_TCGTATACGGAC	D1SEQ100_TCGTATACGGAC	CAPD1r100_TCGTATACGGAC	CAPD1r100	CAPD1r100	Infection1	d1	CTRL	Infection1_d1	CTRL_d1_Infection1	Replicative	Non.Committed_Replicative	GSM5916705	Infection1_D1_Inf_100	NextSeq 500
D1SEQ100_GCGGGATGCACG	D1SEQ100_GCGGGATGCACG	CAPD1r100_GCGGGATGCACG	CAPD1r100	CAPD1r100	Infection1	d1	CTRL	Infection1_d1	CTRL_d1_Infection1	Replicative	Non.Committed_Replicative	GSM5916705	Infection1_D1_Inf_100	NextSeq 500
D1SEQ100_ATCATAGCTTCA	D1SEQ100_ATCATAGCTTCA	CAPD1r100_ATCATAGCTTCA	CAPD1r100	CAPD1r100	Infection1	d1	CTRL	Infection1_d1	CTRL_d1_Infection1	Replicative	Non.Committed_Replicative	GSM5916705	Infection1_D1_Inf_100	NextSeq 500
D1SEQ100_TGTGGCTAGTTG	D1SEQ100_TGTGGCTAGTTG	CAPD1r100_TGTGGCTAGTTG	CAPD1r100	CAPD1r100	Infection1	d1	CTRL	Infection1_d1	CTRL_d1_Infection1	Replicative	Non.Committed_Replicative	GSM5916705	Infection1_D1_Inf_100	NextSeq 500
D1SEQ100_TTTCTCCATGTT	D1SEQ100_TTTCTCCATGTT	CAPD1r100_TTTCTCCATGTT	CAPD1r100	CAPD1r100	Infection1	d1	CTRL	Infection1_d1	CTRL_d1_Infection1	Replicative	Non.Committed_Replicative	GSM5916705	Infection1_D1_Inf_100	NextSeq 500
D1SEQ100_CGCTCAACGGTC	D1SEQ100_CGCTCAACGGTC	CAPD1r100_CGCTCAACGGTC	CAPD1r100	CAPD1r100	Infection1	d1	CTRL	Infection1_d1	CTRL_d1_Infection1	Replicative	Non.Committed_Replicative	GSM5916705	Infection1_D1_Inf_100	NextSeq 500
D1SEQ100_TACCAGACAAGG	D1SEQ100_TACCAGACAAGG	CAPD1r100_TACCAGACAAGG	CAPD1r100	CAPD1r100	Infection1	d1	CTRL	Infection1_d1	CTRL_d1_Infection1	Replicative	Non.Committed_Replicative	GSM5916705	Infection1_D1_Inf_100	NextSeq 500
D1SEQ100_TGATCGAAATGG	D1SEQ100_TGATCGAAATGG	CAPD1r100_TGATCGAAATGG	CAPD1r100	CAPD1r100	Infection1	d1	CTRL	Infection1_d1	CTRL_d1_Infection1	Replicative	Non.Committed_Replicative	GSM5916705	Infection1_D1_Inf_100	NextSeq 500
D1SEQ100_CTATCTCAAGGA	D1SEQ100_CTATCTCAAGGA	CAPD1r100_CTATCTCAAGGA	CAPD1r100	CAPD1r100	Infection1	d1	CTRL	Infection1_d1	CTRL_d1_Infection1	Replicative	Non.Committed_Replicative	GSM5916705	Infection1_D1_Inf_100	NextSeq 500
D1SEQ100_TCTTTCCGTGGT	D1SEQ100_TCTTTCCGTGGT	CAPD1r100_TCTTTCCGTGGT	CAPD1r100	CAPD1r100	Infection1	d1	CTRL	Infection1_d1	CTRL_d1_Infection1	Replicative	Non.Committed_Replicative	GSM5916705	Infection1_D1_Inf_100	NextSeq 500
D1SEQ100_GGGCATGCTGGA	D1SEQ100_GGGCATGCTGGA	CAPD1r100_GGGCATGCTGGA	CAPD1r100	CAPD1r100	Infection1	d1	CTRL	Infection1_d1	CTRL_d1_Infection1	Replicative	Non.Committed_Replicative	GSM5916705	Infection1_D1_Inf_100	NextSeq 500
D1SEQ100_GTGCACGCCGCT	D1SEQ100_GTGCACGCCGCT	CAPD1r100_GTGCACGCCGCT	CAPD1r100	CAPD1r100	Infection1	d1	CTRL	Infection1_d1	CTRL_d1_Infection1	Replicative	Non.Committed_Replicative	GSM5916705	Infection1_D1_Inf_100	NextSeq 500
D1SEQ100_TTTCGGCACAAC	D1SEQ100_TTTCGGCACAAC	CAPD1r100_TTTCGGCACAAC	CAPD1r100	CAPD1r100	Infection1	d1	CTRL	Infection1_d1	CTRL_d1_Infection1	Replicative	Non.Committed_Replicative	GSM5916705	Infection1_D1_Inf_100	NextSeq 500
D1SEQ100_GTTCATAAGTAT	D1SEQ100_GTTCATAAGTAT	CAPD1r100_GTTCATAAGTAT	CAPD1r100	CAPD1r100	Infection1	d1	CTRL	Infection1_d1	CTRL_d1_Infection1	Replicative	Non.Committed_Replicative	GSM5916705	Infection1_D1_Inf_100	NextSeq 500
D1SEQ100_GTGCTAGTTCAC	D1SEQ100_GTGCTAGTTCAC	CAPD1r100_GTGCTAGTTCAC	CAPD1r100	CAPD1r100	Infection1	d1	CTRL	Infection1_d1	CTRL_d1_Infection1	Replicative	Non.Committed_Replicative	GSM5916705	Infection1_D1_Inf_100	NextSeq 500
D1SEQ100_TTTGAGTCCTCC	D1SEQ100_TTTGAGTCCTCC	CAPD1r100_TTTGAGTCCTCC	CAPD1r100	CAPD1r100	Infection1	d1	CTRL	Infection1_d1	CTRL_d1_Infection1	Replicative	Non.Committed_Replicative	GSM5916705	Infection1_D1_Inf_100	NextSeq 500
D1SEQ100_CACCTCCAAGCT	D1SEQ100_CACCTCCAAGCT	CAPD1r100_CACCTCCAAGCT	CAPD1r100	CAPD1r100	Infection1	d1	CTRL	Infection1_d1	CTRL_d1_Infection1	Replicative	Sexually.Committed_Replicative	GSM5916705	Infection1_D1_Inf_100	NextSeq 500
D1SEQ100_GGATGATTAGTT	D1SEQ100_GGATGATTAGTT	CAPD1r100_GGATGATTAGTT	CAPD1r100	CAPD1r100	Infection1	d1	CTRL	Infection1_d1	CTRL_d1_Infection1	Replicative	Sexually.Committed_Replicative	GSM5916705	Infection1_D1_Inf_100	NextSeq 500
D1SEQ100_TGCCAGACCAGG	D1SEQ100_TGCCAGACCAGG	CAPD1r100_TGCCAGACCAGG	CAPD1r100	CAPD1r100	Infection1	d1	CTRL	Infection1_d1	CTRL_d1_Infection1	Replicative	Non.Committed_Replicative	GSM5916705	Infection1_D1_Inf_100	NextSeq 500
D1SEQ100_CTTTATCCGGTC	D1SEQ100_CTTTATCCGGTC	CAPD1r100_CTTTATCCGGTC	CAPD1r100	CAPD1r100	Infection1	d1	CTRL	Infection1_d1	CTRL_d1_Infection1	Replicative	Non.Committed_Replicative	GSM5916705	Infection1_D1_Inf_100	NextSeq 500
D1SEQ100_TGCCTCCAAGCT	D1SEQ100_TGCCTCCAAGCT	CAPD1r100_TGCCTCCAAGCT	CAPD1r100	CAPD1r100	Infection1	d1	CTRL	Infection1_d1	CTRL_d1_Infection1	Replicative	Non.Committed_Replicative	GSM5916705	Infection1_D1_Inf_100	NextSeq 500
D1SEQ100_GTAACATTCTTA	D1SEQ100_GTAACATTCTTA	CAPD1r100_GTAACATTCTTA	CAPD1r100	CAPD1r100	Infection1	d1	CTRL	Infection1_d1	CTRL_d1_Infection1	Replicative	Non.Committed_Replicative	GSM5916705	Infection1_D1_Inf_100	NextSeq 500
D1SEQ100_GTAACATTGTTT	D1SEQ100_GTAACATTGTTT	CAPD1r100_GTAACATTGTTT	CAPD1r100	CAPD1r100	Infection1	d1	CTRL	Infection1_d1	CTRL_d1_Infection1	Replicative	Non.Committed_Replicative	GSM5916705	Infection1_D1_Inf_100	NextSeq 500
D1SEQ100_CTAACATTGTTA	D1SEQ100_CTAACATTGTTA	CAPD1r100_CTAACATTGTTA	CAPD1r100	CAPD1r100	Infection1	d1	CTRL	Infection1_d1	CTRL_d1_Infection1	Replicative	Non.Committed_Replicative	GSM5916705	Infection1_D1_Inf_100	NextSeq 500
D1SEQ100_ACCTTATAGCTG	D1SEQ100_ACCTTATAGCTG	CAPD1r100_ACCTTATAGCTG	CAPD1r100	CAPD1r100	Infection1	d1	CTRL	Infection1_d1	CTRL_d1_Infection1	Replicative	Non.Committed_Replicative	GSM5916705	Infection1_D1_Inf_100	NextSeq 500
D1SEQ100_ACCAGATGACTA	D1SEQ100_ACCAGATGACTA	CAPD1r100_ACCAGATGACTA	CAPD1r100	CAPD1r100	Infection1	d1	CTRL	Infection1_d1	CTRL_d1_Infection1	Replicative	Sexually.Committed_Replicative	GSM5916705	Infection1_D1_Inf_100	NextSeq 500
D1SEQ100_CCCAGATGACTA	D1SEQ100_CCCAGATGACTA	CAPD1r100_CCCAGATGACTA	CAPD1r100	CAPD1r100	Infection1	d1	CTRL	Infection1_d1	CTRL_d1_Infection1	Replicative	Non.Committed_Replicative	GSM5916705	Infection1_D1_Inf_100	NextSeq 500
D1SEQ100_ATGCTTTATTTT	D1SEQ100_ATGCTTTATTTT	CAPD1r100_ATGCTTTATTTT	CAPD1r100	CAPD1r100	Infection1	d1	CTRL	Infection1_d1	CTRL_d1_Infection1	Replicative	Non.Committed_Replicative	GSM5916705	Infection1_D1_Inf_100	NextSeq 500
D1SEQ100_GGCCTCCAAGCT	D1SEQ100_GGCCTCCAAGCT	CAPD1r100_GGCCTCCAAGCT	CAPD1r100	CAPD1r100	Infection1	d1	CTRL	Infection1_d1	CTRL_d1_Infection1	Replicative	Sexually.Committed_Replicative	GSM5916705	Infection1_D1_Inf_100	NextSeq 500
D1SEQ100_GACCAGACCAGG	D1SEQ100_GACCAGACCAGG	CAPD1r100_GACCAGACCAGG	CAPD1r100	CAPD1r100	Infection1	d1	CTRL	Infection1_d1	CTRL_d1_Infection1	Replicative	Non.Committed_Replicative	GSM5916705	Infection1_D1_Inf_100	NextSeq 500
D1SEQ100_TGGCATGCTGGA	D1SEQ100_TGGCATGCTGGA	CAPD1r100_TGGCATGCTGGA	CAPD1r100	CAPD1r100	Infection1	d1	CTRL	Infection1_d1	CTRL_d1_Infection1	Replicative	Sexually.Committed_Replicative	GSM5916705	Infection1_D1_Inf_100	NextSeq 500
D1SEQ100_AGCCTCCAAGCT	D1SEQ100_AGCCTCCAAGCT	CAPD1r100_AGCCTCCAAGCT	CAPD1r100	CAPD1r100	Infection1	d1	CTRL	Infection1_d1	CTRL_d1_Infection1	Replicative	Non.Committed_Replicative	GSM5916705	Infection1_D1_Inf_100	NextSeq 500
D1SEQ100_CGCCCCAGTCAG	D1SEQ100_CGCCCCAGTCAG	CAPD1r100_CGCCCCAGTCAG	CAPD1r100	CAPD1r100	Infection1	d1	CTRL	Infection1_d1	CTRL_d1_Infection1	Replicative	Sexually.Committed_Replicative	GSM5916705	Infection1_D1_Inf_100	NextSeq 500
D1SEQ100_CGGCATGCTGGA	D1SEQ100_CGGCATGCTGGA	CAPD1r100_CGGCATGCTGGA	CAPD1r100	CAPD1r100	Infection1	d1	CTRL	Infection1_d1	CTRL_d1_Infection1	Replicative	Non.Committed_Replicative	GSM5916705	Infection1_D1_Inf_100	NextSeq 500
D1SEQ100_GCTCAACAATCG	D1SEQ100_GCTCAACAATCG	CAPD1r100_GCTCAACAATCG	CAPD1r100	CAPD1r100	Infection1	d1	CTRL	Infection1_d1	CTRL_d1_Infection1	Replicative	Non.Committed_Replicative	GSM5916705	Infection1_D1_Inf_100	NextSeq 500
D1SEQ100_GAAACATTGTTA	D1SEQ100_GAAACATTGTTA	CAPD1r100_GAAACATTGTTA	CAPD1r100	CAPD1r100	Infection1	d1	CTRL	Infection1_d1	CTRL_d1_Infection1	Replicative	Non.Committed_Replicative	GSM5916705	Infection1_D1_Inf_100	NextSeq 500
D1SEQ100_GGTAGTTCATGG	D1SEQ100_GGTAGTTCATGG	CAPD1r100_GGTAGTTCATGG	CAPD1r100	CAPD1r100	Infection1	d1	CTRL	Infection1_d1	CTRL_d1_Infection1	Replicative	Non.Committed_Replicative	GSM5916705	Infection1_D1_Inf_100	NextSeq 500
D1SEQ100_TACAAGACCAGG	D1SEQ100_TACAAGACCAGG	CAPD1r100_TACAAGACCAGG	CAPD1r100	CAPD1r100	Infection1	d1	CTRL	Infection1_d1	CTRL_d1_Infection1	Replicative	Non.Committed_Replicative	GSM5916705	Infection1_D1_Inf_100	NextSeq 500
D1SEQ100_AGCTTATTGCCG	D1SEQ100_AGCTTATTGCCG	CAPD1r100_AGCTTATTGCCG	CAPD1r100	CAPD1r100	Infection1	d1	CTRL	Infection1_d1	CTRL_d1_Infection1	Hypnozoite	Non.Committed_Hypnozoite	GSM5916705	Infection1_D1_Inf_100	NextSeq 500
D1SEQ100_AGCTTCTTGCAG	D1SEQ100_AGCTTCTTGCAG	CAPD1r100_AGCTTCTTGCAG	CAPD1r100	CAPD1r100	Infection1	d1	CTRL	Infection1_d1	CTRL_d1_Infection1	Replicative	Non.Committed_Replicative	GSM5916705	Infection1_D1_Inf_100	NextSeq 500
D1SEQ100_CCACGGCTCTGC	D1SEQ100_CCACGGCTCTGC	CAPD1r100_CCACGGCTCTGC	CAPD1r100	CAPD1r100	Infection1	d1	CTRL	Infection1_d1	CTRL_d1_Infection1	Hypnozoite	Non.Committed_Hypnozoite	GSM5916705	Infection1_D1_Inf_100	NextSeq 500
D11SEQ50_ATACTGCACATA	D11SEQ50_ATACTGCACATA	CAPD11r50_ATACTGCACATA	CAPD11r50	CAPD11r50	Infection1	d11	CTRL	Infection1_d11	CTRL_d11_Infection1	Replicative	Non.Committed_Replicative	GSM5916710	Infection1_D11_Inf_50	NextSeq 500
D11SEQ50_GTCTGAGGGCGG	D11SEQ50_GTCTGAGGGCGG	CAPD11r50_GTCTGAGGGCGG	CAPD11r50	CAPD11r50	Infection1	d11	CTRL	Infection1_d11	CTRL_d11_Infection1	Replicative	Non.Committed_Replicative	GSM5916710	Infection1_D11_Inf_50	NextSeq 500
D11SEQ50_TTCACGACAGCC	D11SEQ50_TTCACGACAGCC	CAPD11r50_TTCACGACAGCC	CAPD11r50	CAPD11r50	Infection1	d11	CTRL	Infection1_d11	CTRL_d11_Infection1	Replicative	Non.Committed_Replicative	GSM5916710	Infection1_D11_Inf_50	NextSeq 500
D11SEQ50_CCCTCTCATTCA	D11SEQ50_CCCTCTCATTCA	CAPD11r50_CCCTCTCATTCA	CAPD11r50	CAPD11r50	Infection1	d11	CTRL	Infection1_d11	CTRL_d11_Infection1	Replicative	Non.Committed_Replicative	GSM5916710	Infection1_D11_Inf_50	NextSeq 500
D11SEQ50_GTCTGAGGGCGC	D11SEQ50_GTCTGAGGGCGC	CAPD11r50_GTCTGAGGGCGC	CAPD11r50	CAPD11r50	Infection1	d11	CTRL	Infection1_d11	CTRL_d11_Infection1	Replicative	Non.Committed_Replicative	GSM5916710	Infection1_D11_Inf_50	NextSeq 500
D11SEQ50_ACCACGGCCCTT	D11SEQ50_ACCACGGCCCTT	CAPD11r50_ACCACGGCCCTT	CAPD11r50	CAPD11r50	Infection1	d11	CTRL	Infection1_d11	CTRL_d11_Infection1	Replicative	Non.Committed_Replicative	GSM5916710	Infection1_D11_Inf_50	NextSeq 500
D11SEQ50_AACGGCGAAGGC	D11SEQ50_AACGGCGAAGGC	CAPD11r50_AACGGCGAAGGC	CAPD11r50	CAPD11r50	Infection1	d11	CTRL	Infection1_d11	CTRL_d11_Infection1	Replicative	Non.Committed_Replicative	GSM5916710	Infection1_D11_Inf_50	NextSeq 500
D11SEQ50_TACCCGGGTGGT	D11SEQ50_TACCCGGGTGGT	CAPD11r50_TACCCGGGTGGT	CAPD11r50	CAPD11r50	Infection1	d11	CTRL	Infection1_d11	CTRL_d11_Infection1	Replicative	Non.Committed_Replicative	GSM5916710	Infection1_D11_Inf_50	NextSeq 500
D11SEQ50_CGTCGTTAGAAG	D11SEQ50_CGTCGTTAGAAG	CAPD11r50_CGTCGTTAGAAG	CAPD11r50	CAPD11r50	Infection1	d11	CTRL	Infection1_d11	CTRL_d11_Infection1	Replicative	Non.Committed_Replicative	GSM5916710	Infection1_D11_Inf_50	NextSeq 500
D11SEQ50_GGAATTCGAAAA	D11SEQ50_GGAATTCGAAAA	CAPD11r50_GGAATTCGAAAA	CAPD11r50	CAPD11r50	Infection1	d11	CTRL	Infection1_d11	CTRL_d11_Infection1	Replicative	Non.Committed_Replicative	GSM5916710	Infection1_D11_Inf_50	NextSeq 500
D11SEQ50_TCGTGCCTGGTT	D11SEQ50_TCGTGCCTGGTT	CAPD11r50_TCGTGCCTGGTT	CAPD11r50	CAPD11r50	Infection1	d11	CTRL	Infection1_d11	CTRL_d11_Infection1	Replicative	Non.Committed_Replicative	GSM5916710	Infection1_D11_Inf_50	NextSeq 500
D11SEQ50_CCTATAGGTGTG	D11SEQ50_CCTATAGGTGTG	CAPD11r50_CCTATAGGTGTG	CAPD11r50	CAPD11r50	Infection1	d11	CTRL	Infection1_d11	CTRL_d11_Infection1	Replicative	Non.Committed_Replicative	GSM5916710	Infection1_D11_Inf_50	NextSeq 500
D11SEQ50_GCCCGCAAGTAA	D11SEQ50_GCCCGCAAGTAA	CAPD11r50_GCCCGCAAGTAA	CAPD11r50	CAPD11r50	Infection1	d11	CTRL	Infection1_d11	CTRL_d11_Infection1	Replicative	Non.Committed_Replicative	GSM5916710	Infection1_D11_Inf_50	NextSeq 500
D11SEQ50_GACAGGTGGCAA	D11SEQ50_GACAGGTGGCAA	CAPD11r50_GACAGGTGGCAA	CAPD11r50	CAPD11r50	Infection1	d11	CTRL	Infection1_d11	CTRL_d11_Infection1	Replicative	Non.Committed_Replicative	GSM5916710	Infection1_D11_Inf_50	NextSeq 500
D11SEQ50_TCAACTTGTATA	D11SEQ50_TCAACTTGTATA	CAPD11r50_TCAACTTGTATA	CAPD11r50	CAPD11r50	Infection1	d11	CTRL	Infection1_d11	CTRL_d11_Infection1	Replicative	Non.Committed_Replicative	GSM5916710	Infection1_D11_Inf_50	NextSeq 500
D11SEQ50_GTGTGGATCCTC	D11SEQ50_GTGTGGATCCTC	CAPD11r50_GTGTGGATCCTC	CAPD11r50	CAPD11r50	Infection1	d11	CTRL	Infection1_d11	CTRL_d11_Infection1	Replicative	Non.Committed_Replicative	GSM5916710	Infection1_D11_Inf_50	NextSeq 500
D11SEQ50_AGCATGCACGCT	D11SEQ50_AGCATGCACGCT	CAPD11r50_AGCATGCACGCT	CAPD11r50	CAPD11r50	Infection1	d11	CTRL	Infection1_d11	CTRL_d11_Infection1	Replicative	Non.Committed_Replicative	GSM5916710	Infection1_D11_Inf_50	NextSeq 500
D11SEQ50_GCCTTCGCTCTT	D11SEQ50_GCCTTCGCTCTT	CAPD11r50_GCCTTCGCTCTT	CAPD11r50	CAPD11r50	Infection1	d11	CTRL	Infection1_d11	CTRL_d11_Infection1	Replicative	Non.Committed_Replicative	GSM5916710	Infection1_D11_Inf_50	NextSeq 500
D11SEQ50_TACGTGGCGTGG	D11SEQ50_TACGTGGCGTGG	CAPD11r50_TACGTGGCGTGG	CAPD11r50	CAPD11r50	Infection1	d11	CTRL	Infection1_d11	CTRL_d11_Infection1	Replicative	Non.Committed_Replicative	GSM5916710	Infection1_D11_Inf_50	NextSeq 500
D11SEQ50_CCGCAGCTCAGT	D11SEQ50_CCGCAGCTCAGT	CAPD11r50_CCGCAGCTCAGT	CAPD11r50	CAPD11r50	Infection1	d11	CTRL	Infection1_d11	CTRL_d11_Infection1	Replicative	Non.Committed_Replicative	GSM5916710	Infection1_D11_Inf_50	NextSeq 500
D11SEQ50_AAGAAATTTTTG	D11SEQ50_AAGAAATTTTTG	CAPD11r50_AAGAAATTTTTG	CAPD11r50	CAPD11r50	Infection1	d11	CTRL	Infection1_d11	CTRL_d11_Infection1	Replicative	Non.Committed_Replicative	GSM5916710	Infection1_D11_Inf_50	NextSeq 500
D11SEQ50_CCCTTAGGGGGA	D11SEQ50_CCCTTAGGGGGA	CAPD11r50_CCCTTAGGGGGA	CAPD11r50	CAPD11r50	Infection1	d11	CTRL	Infection1_d11	CTRL_d11_Infection1	Replicative	Non.Committed_Replicative	GSM5916710	Infection1_D11_Inf_50	NextSeq 500
D11SEQ50_GAGTGATCATCT	D11SEQ50_GAGTGATCATCT	CAPD11r50_GAGTGATCATCT	CAPD11r50	CAPD11r50	Infection1	d11	CTRL	Infection1_d11	CTRL_d11_Infection1	Replicative	Non.Committed_Replicative	GSM5916710	Infection1_D11_Inf_50	NextSeq 500
D11SEQ50_TAGCAGCAGAAC	D11SEQ50_TAGCAGCAGAAC	CAPD11r50_TAGCAGCAGAAC	CAPD11r50	CAPD11r50	Infection1	d11	CTRL	Infection1_d11	CTRL_d11_Infection1	Replicative	Non.Committed_Replicative	GSM5916710	Infection1_D11_Inf_50	NextSeq 500
D11SEQ50_ATGGATTCCAAG	D11SEQ50_ATGGATTCCAAG	CAPD11r50_ATGGATTCCAAG	CAPD11r50	CAPD11r50	Infection1	d11	CTRL	Infection1_d11	CTRL_d11_Infection1	Replicative	Non.Committed_Replicative	GSM5916710	Infection1_D11_Inf_50	NextSeq 500
D11SEQ50_CCTTATACCAAG	D11SEQ50_CCTTATACCAAG	CAPD11r50_CCTTATACCAAG	CAPD11r50	CAPD11r50	Infection1	d11	CTRL	Infection1_d11	CTRL_d11_Infection1	Replicative	Non.Committed_Replicative	GSM5916710	Infection1_D11_Inf_50	NextSeq 500
D11SEQ50_TACCAAGTTCTC	D11SEQ50_TACCAAGTTCTC	CAPD11r50_TACCAAGTTCTC	CAPD11r50	CAPD11r50	Infection1	d11	CTRL	Infection1_d11	CTRL_d11_Infection1	Replicative	Non.Committed_Replicative	GSM5916710	Infection1_D11_Inf_50	NextSeq 500
D11SEQ50_ATACCCGGACTG	D11SEQ50_ATACCCGGACTG	CAPD11r50_ATACCCGGACTG	CAPD11r50	CAPD11r50	Infection1	d11	CTRL	Infection1_d11	CTRL_d11_Infection1	Replicative	Non.Committed_Replicative	GSM5916710	Infection1_D11_Inf_50	NextSeq 500
D11SEQ50_GGAACCATCGAC	D11SEQ50_GGAACCATCGAC	CAPD11r50_GGAACCATCGAC	CAPD11r50	CAPD11r50	Infection1	d11	CTRL	Infection1_d11	CTRL_d11_Infection1	Replicative	Non.Committed_Replicative	GSM5916710	Infection1_D11_Inf_50	NextSeq 500
D11SEQ50_ATCAACAAGCCG	D11SEQ50_ATCAACAAGCCG	CAPD11r50_ATCAACAAGCCG	CAPD11r50	CAPD11r50	Infection1	d11	CTRL	Infection1_d11	CTRL_d11_Infection1	Replicative	Non.Committed_Replicative	GSM5916710	Infection1_D11_Inf_50	NextSeq 500
D11SEQ50_CCCGAATTACGT	D11SEQ50_CCCGAATTACGT	CAPD11r50_CCCGAATTACGT	CAPD11r50	CAPD11r50	Infection1	d11	CTRL	Infection1_d11	CTRL_d11_Infection1	Replicative	Non.Committed_Replicative	GSM5916710	Infection1_D11_Inf_50	NextSeq 500
D11SEQ50_GGTTAAATAACA	D11SEQ50_GGTTAAATAACA	CAPD11r50_GGTTAAATAACA	CAPD11r50	CAPD11r50	Infection1	d11	CTRL	Infection1_d11	CTRL_d11_Infection1	Replicative	Non.Committed_Replicative	GSM5916710	Infection1_D11_Inf_50	NextSeq 500
D11SEQ50_ACGATCAAGACA	D11SEQ50_ACGATCAAGACA	CAPD11r50_ACGATCAAGACA	CAPD11r50	CAPD11r50	Infection1	d11	CTRL	Infection1_d11	CTRL_d11_Infection1	Replicative	Non.Committed_Replicative	GSM5916710	Infection1_D11_Inf_50	NextSeq 500
D11SEQ50_GATTGACCTTGC	D11SEQ50_GATTGACCTTGC	CAPD11r50_GATTGACCTTGC	CAPD11r50	CAPD11r50	Infection1	d11	CTRL	Infection1_d11	CTRL_d11_Infection1	Replicative	Non.Committed_Replicative	GSM5916710	Infection1_D11_Inf_50	NextSeq 500
D11SEQ50_GGTCATCTCGCC	D11SEQ50_GGTCATCTCGCC	CAPD11r50_GGTCATCTCGCC	CAPD11r50	CAPD11r50	Infection1	d11	CTRL	Infection1_d11	CTRL_d11_Infection1	Replicative	Non.Committed_Replicative	GSM5916710	Infection1_D11_Inf_50	NextSeq 500
D11SEQ50_TCGAACTTTGTT	D11SEQ50_TCGAACTTTGTT	CAPD11r50_TCGAACTTTGTT	CAPD11r50	CAPD11r50	Infection1	d11	CTRL	Infection1_d11	CTRL_d11_Infection1	Replicative	Non.Committed_Replicative	GSM5916710	Infection1_D11_Inf_50	NextSeq 500
D11SEQ50_GAGATGTTGGAC	D11SEQ50_GAGATGTTGGAC	CAPD11r50_GAGATGTTGGAC	CAPD11r50	CAPD11r50	Infection1	d11	CTRL	Infection1_d11	CTRL_d11_Infection1	Replicative	Non.Committed_Replicative	GSM5916710	Infection1_D11_Inf_50	NextSeq 500
D11SEQ50_GAGGAGACATAG	D11SEQ50_GAGGAGACATAG	CAPD11r50_GAGGAGACATAG	CAPD11r50	CAPD11r50	Infection1	d11	CTRL	Infection1_d11	CTRL_d11_Infection1	Replicative	Non.Committed_Replicative	GSM5916710	Infection1_D11_Inf_50	NextSeq 500
D11SEQ50_TCTGCACTATAT	D11SEQ50_TCTGCACTATAT	CAPD11r50_TCTGCACTATAT	CAPD11r50	CAPD11r50	Infection1	d11	CTRL	Infection1_d11	CTRL_d11_Infection1	Replicative	Non.Committed_Replicative	GSM5916710	Infection1_D11_Inf_50	NextSeq 500
D11SEQ50_ATAAGTAGAGAT	D11SEQ50_ATAAGTAGAGAT	CAPD11r50_ATAAGTAGAGAT	CAPD11r50	CAPD11r50	Infection1	d11	CTRL	Infection1_d11	CTRL_d11_Infection1	Replicative	Non.Committed_Replicative	GSM5916710	Infection1_D11_Inf_50	NextSeq 500
D11SEQ50_CCCTTTTGGAAT	D11SEQ50_CCCTTTTGGAAT	CAPD11r50_CCCTTTTGGAAT	CAPD11r50	CAPD11r50	Infection1	d11	CTRL	Infection1_d11	CTRL_d11_Infection1	Replicative	Non.Committed_Replicative	GSM5916710	Infection1_D11_Inf_50	NextSeq 500
D11SEQ50_GCCTGGGGCTGA	D11SEQ50_GCCTGGGGCTGA	CAPD11r50_GCCTGGGGCTGA	CAPD11r50	CAPD11r50	Infection1	d11	CTRL	Infection1_d11	CTRL_d11_Infection1	Replicative	Non.Committed_Replicative	GSM5916710	Infection1_D11_Inf_50	NextSeq 500
D11SEQ50_GTTTCCACACTC	D11SEQ50_GTTTCCACACTC	CAPD11r50_GTTTCCACACTC	CAPD11r50	CAPD11r50	Infection1	d11	CTRL	Infection1_d11	CTRL_d11_Infection1	Replicative	Non.Committed_Replicative	GSM5916710	Infection1_D11_Inf_50	NextSeq 500
D11SEQ50_TTTTTCCTCGGA	D11SEQ50_TTTTTCCTCGGA	CAPD11r50_TTTTTCCTCGGA	CAPD11r50	CAPD11r50	Infection1	d11	CTRL	Infection1_d11	CTRL_d11_Infection1	Replicative	Non.Committed_Replicative	GSM5916710	Infection1_D11_Inf_50	NextSeq 500
D11SEQ50_TCCGCGGCTGGT	D11SEQ50_TCCGCGGCTGGT	CAPD11r50_TCCGCGGCTGGT	CAPD11r50	CAPD11r50	Infection1	d11	CTRL	Infection1_d11	CTRL_d11_Infection1	Replicative	Non.Committed_Replicative	GSM5916710	Infection1_D11_Inf_50	NextSeq 500
D11SEQ50_GAACAGAGCGGT	D11SEQ50_GAACAGAGCGGT	CAPD11r50_GAACAGAGCGGT	CAPD11r50	CAPD11r50	Infection1	d11	CTRL	Infection1_d11	CTRL_d11_Infection1	Replicative	Non.Committed_Replicative	GSM5916710	Infection1_D11_Inf_50	NextSeq 500
D11SEQ50_TGGTCCCCTGCC	D11SEQ50_TGGTCCCCTGCC	CAPD11r50_TGGTCCCCTGCC	CAPD11r50	CAPD11r50	Infection1	d11	CTRL	Infection1_d11	CTRL_d11_Infection1	Replicative	Non.Committed_Replicative	GSM5916710	Infection1_D11_Inf_50	NextSeq 500
D11SEQ50_ACTTGTACTGTC	D11SEQ50_ACTTGTACTGTC	CAPD11r50_ACTTGTACTGTC	CAPD11r50	CAPD11r50	Infection1	d11	CTRL	Infection1_d11	CTRL_d11_Infection1	Replicative	Non.Committed_Replicative	GSM5916710	Infection1_D11_Inf_50	NextSeq 500
D11SEQ50_ACCATTCAGGAC	D11SEQ50_ACCATTCAGGAC	CAPD11r50_ACCATTCAGGAC	CAPD11r50	CAPD11r50	Infection1	d11	CTRL	Infection1_d11	CTRL_d11_Infection1	Replicative	Non.Committed_Replicative	GSM5916710	Infection1_D11_Inf_50	NextSeq 500
D11SEQ50_CTGCACGCGGAC	D11SEQ50_CTGCACGCGGAC	CAPD11r50_CTGCACGCGGAC	CAPD11r50	CAPD11r50	Infection1	d11	CTRL	Infection1_d11	CTRL_d11_Infection1	Replicative	Non.Committed_Replicative	GSM5916710	Infection1_D11_Inf_50	NextSeq 500
D11SEQ50_GGCCTATATGTT	D11SEQ50_GGCCTATATGTT	CAPD11r50_GGCCTATATGTT	CAPD11r50	CAPD11r50	Infection1	d11	CTRL	Infection1_d11	CTRL_d11_Infection1	Replicative	Non.Committed_Replicative	GSM5916710	Infection1_D11_Inf_50	NextSeq 500
D11SEQ50_CTTTTCCGGTGT	D11SEQ50_CTTTTCCGGTGT	CAPD11r50_CTTTTCCGGTGT	CAPD11r50	CAPD11r50	Infection1	d11	CTRL	Infection1_d11	CTRL_d11_Infection1	Replicative	Non.Committed_Replicative	GSM5916710	Infection1_D11_Inf_50	NextSeq 500
D11SEQ50_GTACGCCCTCCG	D11SEQ50_GTACGCCCTCCG	CAPD11r50_GTACGCCCTCCG	CAPD11r50	CAPD11r50	Infection1	d11	CTRL	Infection1_d11	CTRL_d11_Infection1	Replicative	Non.Committed_Replicative	GSM5916710	Infection1_D11_Inf_50	NextSeq 500
D11SEQ50_GTGCATTCTCTT	D11SEQ50_GTGCATTCTCTT	CAPD11r50_GTGCATTCTCTT	CAPD11r50	CAPD11r50	Infection1	d11	CTRL	Infection1_d11	CTRL_d11_Infection1	Replicative	Non.Committed_Replicative	GSM5916710	Infection1_D11_Inf_50	NextSeq 500
D11SEQ50_CCGTATAGGCAC	D11SEQ50_CCGTATAGGCAC	CAPD11r50_CCGTATAGGCAC	CAPD11r50	CAPD11r50	Infection1	d11	CTRL	Infection1_d11	CTRL_d11_Infection1	Replicative	Non.Committed_Replicative	GSM5916710	Infection1_D11_Inf_50	NextSeq 500
D11SEQ50_TATTACATGTTG	D11SEQ50_TATTACATGTTG	CAPD11r50_TATTACATGTTG	CAPD11r50	CAPD11r50	Infection1	d11	CTRL	Infection1_d11	CTRL_d11_Infection1	Replicative	Non.Committed_Replicative	GSM5916710	Infection1_D11_Inf_50	NextSeq 500
D11SEQ50_AAACCAGCTCCG	D11SEQ50_AAACCAGCTCCG	CAPD11r50_AAACCAGCTCCG	CAPD11r50	CAPD11r50	Infection1	d11	CTRL	Infection1_d11	CTRL_d11_Infection1	Replicative	Non.Committed_Replicative	GSM5916710	Infection1_D11_Inf_50	NextSeq 500
D11SEQ50_TATCCATCCATC	D11SEQ50_TATCCATCCATC	CAPD11r50_TATCCATCCATC	CAPD11r50	CAPD11r50	Infection1	d11	CTRL	Infection1_d11	CTRL_d11_Infection1	Replicative	Non.Committed_Replicative	GSM5916710	Infection1_D11_Inf_50	NextSeq 500
D11SEQ50_ACCATGAACGGC	D11SEQ50_ACCATGAACGGC	CAPD11r50_ACCATGAACGGC	CAPD11r50	CAPD11r50	Infection1	d11	CTRL	Infection1_d11	CTRL_d11_Infection1	Replicative	Non.Committed_Replicative	GSM5916710	Infection1_D11_Inf_50	NextSeq 500
D11SEQ50_GATTCAGCACAT	D11SEQ50_GATTCAGCACAT	CAPD11r50_GATTCAGCACAT	CAPD11r50	CAPD11r50	Infection1	d11	CTRL	Infection1_d11	CTRL_d11_Infection1	Replicative	Non.Committed_Replicative	GSM5916710	Infection1_D11_Inf_50	NextSeq 500
D11SEQ50_CTGGTACAACGT	D11SEQ50_CTGGTACAACGT	CAPD11r50_CTGGTACAACGT	CAPD11r50	CAPD11r50	Infection1	d11	CTRL	Infection1_d11	CTRL_d11_Infection1	Replicative	Non.Committed_Replicative	GSM5916710	Infection1_D11_Inf_50	NextSeq 500
D11SEQ50_ACAGGCAATTCG	D11SEQ50_ACAGGCAATTCG	CAPD11r50_ACAGGCAATTCG	CAPD11r50	CAPD11r50	Infection1	d11	CTRL	Infection1_d11	CTRL_d11_Infection1	Replicative	Non.Committed_Replicative	GSM5916710	Infection1_D11_Inf_50	NextSeq 500
D11SEQ50_GAGTCAATGTGN	D11SEQ50_GAGTCAATGTGN	CAPD11r50_GAGTCAATGTGN	CAPD11r50	CAPD11r50	Infection1	d11	CTRL	Infection1_d11	CTRL_d11_Infection1	Replicative	Non.Committed_Replicative	GSM5916710	Infection1_D11_Inf_50	NextSeq 500
D11SEQ50_TGACAGATGCTG	D11SEQ50_TGACAGATGCTG	CAPD11r50_TGACAGATGCTG	CAPD11r50	CAPD11r50	Infection1	d11	CTRL	Infection1_d11	CTRL_d11_Infection1	Replicative	Non.Committed_Replicative	GSM5916710	Infection1_D11_Inf_50	NextSeq 500
D11SEQ50_GAAGGACTACCG	D11SEQ50_GAAGGACTACCG	CAPD11r50_GAAGGACTACCG	CAPD11r50	CAPD11r50	Infection1	d11	CTRL	Infection1_d11	CTRL_d11_Infection1	Replicative	Non.Committed_Replicative	GSM5916710	Infection1_D11_Inf_50	NextSeq 500
D11SEQ50_GCTTGGCGGGCC	D11SEQ50_GCTTGGCGGGCC	CAPD11r50_GCTTGGCGGGCC	CAPD11r50	CAPD11r50	Infection1	d11	CTRL	Infection1_d11	CTRL_d11_Infection1	Replicative	Non.Committed_Replicative	GSM5916710	Infection1_D11_Inf_50	NextSeq 500
D11SEQ50_TAAAATCTGAAA	D11SEQ50_TAAAATCTGAAA	CAPD11r50_TAAAATCTGAAA	CAPD11r50	CAPD11r50	Infection1	d11	CTRL	Infection1_d11	CTRL_d11_Infection1	Replicative	Non.Committed_Replicative	GSM5916710	Infection1_D11_Inf_50	NextSeq 500
D11SEQ50_GTGAAGCGCGTA	D11SEQ50_GTGAAGCGCGTA	CAPD11r50_GTGAAGCGCGTA	CAPD11r50	CAPD11r50	Infection1	d11	CTRL	Infection1_d11	CTRL_d11_Infection1	Replicative	Non.Committed_Replicative	GSM5916710	Infection1_D11_Inf_50	NextSeq 500
D11SEQ50_CTGCATCGGACG	D11SEQ50_CTGCATCGGACG	CAPD11r50_CTGCATCGGACG	CAPD11r50	CAPD11r50	Infection1	d11	CTRL	Infection1_d11	CTRL_d11_Infection1	Replicative	Non.Committed_Replicative	GSM5916710	Infection1_D11_Inf_50	NextSeq 500
D11SEQ50_GTCATGTAAGTT	D11SEQ50_GTCATGTAAGTT	CAPD11r50_GTCATGTAAGTT	CAPD11r50	CAPD11r50	Infection1	d11	CTRL	Infection1_d11	CTRL_d11_Infection1	Replicative	Non.Committed_Replicative	GSM5916710	Infection1_D11_Inf_50	NextSeq 500
D11SEQ50_ATCAACAAGCCA	D11SEQ50_ATCAACAAGCCA	CAPD11r50_ATCAACAAGCCA	CAPD11r50	CAPD11r50	Infection1	d11	CTRL	Infection1_d11	CTRL_d11_Infection1	Replicative	Non.Committed_Replicative	GSM5916710	Infection1_D11_Inf_50	NextSeq 500
D11SEQ50_ACCTATAAGGGG	D11SEQ50_ACCTATAAGGGG	CAPD11r50_ACCTATAAGGGG	CAPD11r50	CAPD11r50	Infection1	d11	CTRL	Infection1_d11	CTRL_d11_Infection1	Replicative	Non.Committed_Replicative	GSM5916710	Infection1_D11_Inf_50	NextSeq 500
D11SEQ50_GTTTCATTACCC	D11SEQ50_GTTTCATTACCC	CAPD11r50_GTTTCATTACCC	CAPD11r50	CAPD11r50	Infection1	d11	CTRL	Infection1_d11	CTRL_d11_Infection1	Replicative	Non.Committed_Replicative	GSM5916710	Infection1_D11_Inf_50	NextSeq 500
D11SEQ50_CGATCGGCGAGA	D11SEQ50_CGATCGGCGAGA	CAPD11r50_CGATCGGCGAGA	CAPD11r50	CAPD11r50	Infection1	d11	CTRL	Infection1_d11	CTRL_d11_Infection1	Replicative	Non.Committed_Replicative	GSM5916710	Infection1_D11_Inf_50	NextSeq 500
D11SEQ50_ATCAACAAGCCC	D11SEQ50_ATCAACAAGCCC	CAPD11r50_ATCAACAAGCCC	CAPD11r50	CAPD11r50	Infection1	d11	CTRL	Infection1_d11	CTRL_d11_Infection1	Replicative	Non.Committed_Replicative	GSM5916710	Infection1_D11_Inf_50	NextSeq 500
D11SEQ50_TAAGATGGTTAT	D11SEQ50_TAAGATGGTTAT	CAPD11r50_TAAGATGGTTAT	CAPD11r50	CAPD11r50	Infection1	d11	CTRL	Infection1_d11	CTRL_d11_Infection1	Replicative	Non.Committed_Replicative	GSM5916710	Infection1_D11_Inf_50	NextSeq 500
D11SEQ50_CTCGCGGACGTC	D11SEQ50_CTCGCGGACGTC	CAPD11r50_CTCGCGGACGTC	CAPD11r50	CAPD11r50	Infection1	d11	CTRL	Infection1_d11	CTRL_d11_Infection1	Replicative	Non.Committed_Replicative	GSM5916710	Infection1_D11_Inf_50	NextSeq 500
D11SEQ50_ATGGAGCAAGAT	D11SEQ50_ATGGAGCAAGAT	CAPD11r50_ATGGAGCAAGAT	CAPD11r50	CAPD11r50	Infection1	d11	CTRL	Infection1_d11	CTRL_d11_Infection1	Replicative	Non.Committed_Replicative	GSM5916710	Infection1_D11_Inf_50	NextSeq 500
D11SEQ50_TACTCCCTTCAT	D11SEQ50_TACTCCCTTCAT	CAPD11r50_TACTCCCTTCAT	CAPD11r50	CAPD11r50	Infection1	d11	CTRL	Infection1_d11	CTRL_d11_Infection1	Replicative	Non.Committed_Replicative	GSM5916710	Infection1_D11_Inf_50	NextSeq 500
D11SEQ50_GAGTCAATGTCN	D11SEQ50_GAGTCAATGTCN	CAPD11r50_GAGTCAATGTCN	CAPD11r50	CAPD11r50	Infection1	d11	CTRL	Infection1_d11	CTRL_d11_Infection1	Replicative	Non.Committed_Replicative	GSM5916710	Infection1_D11_Inf_50	NextSeq 500
D11SEQ50_CTCCTCGAAGTC	D11SEQ50_CTCCTCGAAGTC	CAPD11r50_CTCCTCGAAGTC	CAPD11r50	CAPD11r50	Infection1	d11	CTRL	Infection1_d11	CTRL_d11_Infection1	Hypnozoite	Non.Committed_Hypnozoite	GSM5916710	Infection1_D11_Inf_50	NextSeq 500
D11SEQ50_AACCGCCGAAGG	D11SEQ50_AACCGCCGAAGG	CAPD11r50_AACCGCCGAAGG	CAPD11r50	CAPD11r50	Infection1	d11	CTRL	Infection1_d11	CTRL_d11_Infection1	Replicative	Non.Committed_Replicative	GSM5916710	Infection1_D11_Inf_50	NextSeq 500
D11SEQ50_TAACCGAACCGT	D11SEQ50_TAACCGAACCGT	CAPD11r50_TAACCGAACCGT	CAPD11r50	CAPD11r50	Infection1	d11	CTRL	Infection1_d11	CTRL_d11_Infection1	Replicative	Non.Committed_Replicative	GSM5916710	Infection1_D11_Inf_50	NextSeq 500
D11SEQ50_CTTGAGACAGGC	D11SEQ50_CTTGAGACAGGC	CAPD11r50_CTTGAGACAGGC	CAPD11r50	CAPD11r50	Infection1	d11	CTRL	Infection1_d11	CTRL_d11_Infection1	Replicative	Non.Committed_Replicative	GSM5916710	Infection1_D11_Inf_50	NextSeq 500
D11SEQ50_AAACGAAAGAGG	D11SEQ50_AAACGAAAGAGG	CAPD11r50_AAACGAAAGAGG	CAPD11r50	CAPD11r50	Infection1	d11	CTRL	Infection1_d11	CTRL_d11_Infection1	Replicative	Non.Committed_Replicative	GSM5916710	Infection1_D11_Inf_50	NextSeq 500
D11SEQ50_GCACGCAAGAAA	D11SEQ50_GCACGCAAGAAA	CAPD11r50_GCACGCAAGAAA	CAPD11r50	CAPD11r50	Infection1	d11	CTRL	Infection1_d11	CTRL_d11_Infection1	Replicative	Non.Committed_Replicative	GSM5916710	Infection1_D11_Inf_50	NextSeq 500
D11SEQ50_AAAGGATGCGTA	D11SEQ50_AAAGGATGCGTA	CAPD11r50_AAAGGATGCGTA	CAPD11r50	CAPD11r50	Infection1	d11	CTRL	Infection1_d11	CTRL_d11_Infection1	Replicative	Non.Committed_Replicative	GSM5916710	Infection1_D11_Inf_50	NextSeq 500
D11SEQ50_CGATGAGGGAGC	D11SEQ50_CGATGAGGGAGC	CAPD11r50_CGATGAGGGAGC	CAPD11r50	CAPD11r50	Infection1	d11	CTRL	Infection1_d11	CTRL_d11_Infection1	Replicative	Non.Committed_Replicative	GSM5916710	Infection1_D11_Inf_50	NextSeq 500
D11SEQ50_CTCCGGTCCGGA	D11SEQ50_CTCCGGTCCGGA	CAPD11r50_CTCCGGTCCGGA	CAPD11r50	CAPD11r50	Infection1	d11	CTRL	Infection1_d11	CTRL_d11_Infection1	Replicative	Non.Committed_Replicative	GSM5916710	Infection1_D11_Inf_50	NextSeq 500
D11SEQ50_TTGGTCTCTGGT	D11SEQ50_TTGGTCTCTGGT	CAPD11r50_TTGGTCTCTGGT	CAPD11r50	CAPD11r50	Infection1	d11	CTRL	Infection1_d11	CTRL_d11_Infection1	Replicative	Non.Committed_Replicative	GSM5916710	Infection1_D11_Inf_50	NextSeq 500
D11SEQ50_ATGCGTACTTTG	D11SEQ50_ATGCGTACTTTG	CAPD11r50_ATGCGTACTTTG	CAPD11r50	CAPD11r50	Infection1	d11	CTRL	Infection1_d11	CTRL_d11_Infection1	Replicative	Non.Committed_Replicative	GSM5916710	Infection1_D11_Inf_50	NextSeq 500
D11SEQ50_CTGCATCGGACA	D11SEQ50_CTGCATCGGACA	CAPD11r50_CTGCATCGGACA	CAPD11r50	CAPD11r50	Infection1	d11	CTRL	Infection1_d11	CTRL_d11_Infection1	Replicative	Non.Committed_Replicative	GSM5916710	Infection1_D11_Inf_50	NextSeq 500
D11SEQ50_ATCAACAAGCCT	D11SEQ50_ATCAACAAGCCT	CAPD11r50_ATCAACAAGCCT	CAPD11r50	CAPD11r50	Infection1	d11	CTRL	Infection1_d11	CTRL_d11_Infection1	Replicative	Non.Committed_Replicative	GSM5916710	Infection1_D11_Inf_50	NextSeq 500
D11SEQ50_GTGGTCGGATTG	D11SEQ50_GTGGTCGGATTG	CAPD11r50_GTGGTCGGATTG	CAPD11r50	CAPD11r50	Infection1	d11	CTRL	Infection1_d11	CTRL_d11_Infection1	Replicative	Non.Committed_Replicative	GSM5916710	Infection1_D11_Inf_50	NextSeq 500
D11SEQ50_CTGCATCGGACC	D11SEQ50_CTGCATCGGACC	CAPD11r50_CTGCATCGGACC	CAPD11r50	CAPD11r50	Infection1	d11	CTRL	Infection1_d11	CTRL_d11_Infection1	Replicative	Non.Committed_Replicative	GSM5916710	Infection1_D11_Inf_50	NextSeq 500
D11SEQ50_TAAAACAGCCTT	D11SEQ50_TAAAACAGCCTT	CAPD11r50_TAAAACAGCCTT	CAPD11r50	CAPD11r50	Infection1	d11	CTRL	Infection1_d11	CTRL_d11_Infection1	Replicative	Non.Committed_Replicative	GSM5916710	Infection1_D11_Inf_50	NextSeq 500
D11SEQ50_ACCTGCCACGAC	D11SEQ50_ACCTGCCACGAC	CAPD11r50_ACCTGCCACGAC	CAPD11r50	CAPD11r50	Infection1	d11	CTRL	Infection1_d11	CTRL_d11_Infection1	Replicative	Non.Committed_Replicative	GSM5916710	Infection1_D11_Inf_50	NextSeq 500
D11SEQ50_AATCCCACGTCG	D11SEQ50_AATCCCACGTCG	CAPD11r50_AATCCCACGTCG	CAPD11r50	CAPD11r50	Infection1	d11	CTRL	Infection1_d11	CTRL_d11_Infection1	Replicative	Non.Committed_Replicative	GSM5916710	Infection1_D11_Inf_50	NextSeq 500
D11SEQ50_ATTACCGACGCA	D11SEQ50_ATTACCGACGCA	CAPD11r50_ATTACCGACGCA	CAPD11r50	CAPD11r50	Infection1	d11	CTRL	Infection1_d11	CTRL_d11_Infection1	Replicative	Non.Committed_Replicative	GSM5916710	Infection1_D11_Inf_50	NextSeq 500
D11SEQ50_AATCCCACGTCC	D11SEQ50_AATCCCACGTCC	CAPD11r50_AATCCCACGTCC	CAPD11r50	CAPD11r50	Infection1	d11	CTRL	Infection1_d11	CTRL_d11_Infection1	Replicative	Non.Committed_Replicative	GSM5916710	Infection1_D11_Inf_50	NextSeq 500
D11SEQ50_TTATGTCAGCGT	D11SEQ50_TTATGTCAGCGT	CAPD11r50_TTATGTCAGCGT	CAPD11r50	CAPD11r50	Infection1	d11	CTRL	Infection1_d11	CTRL_d11_Infection1	Replicative	Non.Committed_Replicative	GSM5916710	Infection1_D11_Inf_50	NextSeq 500
D11SEQ50_GAAATCTGGAGG	D11SEQ50_GAAATCTGGAGG	CAPD11r50_GAAATCTGGAGG	CAPD11r50	CAPD11r50	Infection1	d11	CTRL	Infection1_d11	CTRL_d11_Infection1	Replicative	Non.Committed_Replicative	GSM5916710	Infection1_D11_Inf_50	NextSeq 500
D11SEQ50_ACCTATAAGGGC	D11SEQ50_ACCTATAAGGGC	CAPD11r50_ACCTATAAGGGC	CAPD11r50	CAPD11r50	Infection1	d11	CTRL	Infection1_d11	CTRL_d11_Infection1	Replicative	Non.Committed_Replicative	GSM5916710	Infection1_D11_Inf_50	NextSeq 500
D11SEQ50_CAAAATACCCTG	D11SEQ50_CAAAATACCCTG	CAPD11r50_CAAAATACCCTG	CAPD11r50	CAPD11r50	Infection1	d11	CTRL	Infection1_d11	CTRL_d11_Infection1	Hypnozoite	Non.Committed_Hypnozoite	GSM5916710	Infection1_D11_Inf_50	NextSeq 500
D11SEQ50_CAAAGCTGGAGA	D11SEQ50_CAAAGCTGGAGA	CAPD11r50_CAAAGCTGGAGA	CAPD11r50	CAPD11r50	Infection1	d11	CTRL	Infection1_d11	CTRL_d11_Infection1	Replicative	Non.Committed_Replicative	GSM5916710	Infection1_D11_Inf_50	NextSeq 500
D11SEQ50_ACCTATAAGGGA	D11SEQ50_ACCTATAAGGGA	CAPD11r50_ACCTATAAGGGA	CAPD11r50	CAPD11r50	Infection1	d11	CTRL	Infection1_d11	CTRL_d11_Infection1	Replicative	Non.Committed_Replicative	GSM5916710	Infection1_D11_Inf_50	NextSeq 500
D11SEQ50_AAACGAAAGAGA	D11SEQ50_AAACGAAAGAGA	CAPD11r50_AAACGAAAGAGA	CAPD11r50	CAPD11r50	Infection1	d11	CTRL	Infection1_d11	CTRL_d11_Infection1	Replicative	Non.Committed_Replicative	GSM5916710	Infection1_D11_Inf_50	NextSeq 500
D11SEQ50_AATCCCACGTCA	D11SEQ50_AATCCCACGTCA	CAPD11r50_AATCCCACGTCA	CAPD11r50	CAPD11r50	Infection1	d11	CTRL	Infection1_d11	CTRL_d11_Infection1	Replicative	Non.Committed_Replicative	GSM5916710	Infection1_D11_Inf_50	NextSeq 500
D11SEQ50_TACCAGTCTCGG	D11SEQ50_TACCAGTCTCGG	CAPD11r50_TACCAGTCTCGG	CAPD11r50	CAPD11r50	Infection1	d11	CTRL	Infection1_d11	CTRL_d11_Infection1	Replicative	Non.Committed_Replicative	GSM5916710	Infection1_D11_Inf_50	NextSeq 500
D11SEQ50_AAACGAAAGAGT	D11SEQ50_AAACGAAAGAGT	CAPD11r50_AAACGAAAGAGT	CAPD11r50	CAPD11r50	Infection1	d11	CTRL	Infection1_d11	CTRL_d11_Infection1	Replicative	Non.Committed_Replicative	GSM5916710	Infection1_D11_Inf_50	NextSeq 500
D11SEQ50_ATCGGTCGATTG	D11SEQ50_ATCGGTCGATTG	CAPD11r50_ATCGGTCGATTG	CAPD11r50	CAPD11r50	Infection1	d11	CTRL	Infection1_d11	CTRL_d11_Infection1	Replicative	Non.Committed_Replicative	GSM5916710	Infection1_D11_Inf_50	NextSeq 500
D11SEQ50_CCGTCGATGCGC	D11SEQ50_CCGTCGATGCGC	CAPD11r50_CCGTCGATGCGC	CAPD11r50	CAPD11r50	Infection1	d11	CTRL	Infection1_d11	CTRL_d11_Infection1	Replicative	Non.Committed_Replicative	GSM5916710	Infection1_D11_Inf_50	NextSeq 500
D11SEQ50_GAAGATATCGTG	D11SEQ50_GAAGATATCGTG	CAPD11r50_GAAGATATCGTG	CAPD11r50	CAPD11r50	Infection1	d11	CTRL	Infection1_d11	CTRL_d11_Infection1	Replicative	Non.Committed_Replicative	GSM5916710	Infection1_D11_Inf_50	NextSeq 500
D11SEQ50_CTGCATCGGACT	D11SEQ50_CTGCATCGGACT	CAPD11r50_CTGCATCGGACT	CAPD11r50	CAPD11r50	Infection1	d11	CTRL	Infection1_d11	CTRL_d11_Infection1	Replicative	Non.Committed_Replicative	GSM5916710	Infection1_D11_Inf_50	NextSeq 500
D11SEQ50_CTTGCCTCTAGA	D11SEQ50_CTTGCCTCTAGA	CAPD11r50_CTTGCCTCTAGA	CAPD11r50	CAPD11r50	Infection1	d11	CTRL	Infection1_d11	CTRL_d11_Infection1	Replicative	Non.Committed_Replicative	GSM5916710	Infection1_D11_Inf_50	NextSeq 500
D11SEQ50_TTCACGCCAGCC	D11SEQ50_TTCACGCCAGCC	CAPD11r50_TTCACGCCAGCC	CAPD11r50	CAPD11r50	Infection1	d11	CTRL	Infection1_d11	CTRL_d11_Infection1	Replicative	Non.Committed_Replicative	GSM5916710	Infection1_D11_Inf_50	NextSeq 500
D11SEQ50_CTGACTCAGAGA	D11SEQ50_CTGACTCAGAGA	CAPD11r50_CTGACTCAGAGA	CAPD11r50	CAPD11r50	Infection1	d11	CTRL	Infection1_d11	CTRL_d11_Infection1	Replicative	Non.Committed_Replicative	GSM5916710	Infection1_D11_Inf_50	NextSeq 500
D11SEQ50_AAACGAAAGAGC	D11SEQ50_AAACGAAAGAGC	CAPD11r50_AAACGAAAGAGC	CAPD11r50	CAPD11r50	Infection1	d11	CTRL	Infection1_d11	CTRL_d11_Infection1	Replicative	Non.Committed_Replicative	GSM5916710	Infection1_D11_Inf_50	NextSeq 500
D11SEQ50_CCGTCGATGCGG	D11SEQ50_CCGTCGATGCGG	CAPD11r50_CCGTCGATGCGG	CAPD11r50	CAPD11r50	Infection1	d11	CTRL	Infection1_d11	CTRL_d11_Infection1	Replicative	Non.Committed_Replicative	GSM5916710	Infection1_D11_Inf_50	NextSeq 500
D11SEQ50_TGTTGCGATCGA	D11SEQ50_TGTTGCGATCGA	CAPD11r50_TGTTGCGATCGA	CAPD11r50	CAPD11r50	Infection1	d11	CTRL	Infection1_d11	CTRL_d11_Infection1	Replicative	Non.Committed_Replicative	GSM5916710	Infection1_D11_Inf_50	NextSeq 500
D11SEQ50_GTTTCTTTGGCT	D11SEQ50_GTTTCTTTGGCT	CAPD11r50_GTTTCTTTGGCT	CAPD11r50	CAPD11r50	Infection1	d11	CTRL	Infection1_d11	CTRL_d11_Infection1	Replicative	Non.Committed_Replicative	GSM5916710	Infection1_D11_Inf_50	NextSeq 500
D11SEQ50_GAAATCTGGAGC	D11SEQ50_GAAATCTGGAGC	CAPD11r50_GAAATCTGGAGC	CAPD11r50	CAPD11r50	Infection1	d11	CTRL	Infection1_d11	CTRL_d11_Infection1	Replicative	Non.Committed_Replicative	GSM5916710	Infection1_D11_Inf_50	NextSeq 500
D11SEQ50_TAGGAAAATCTC	D11SEQ50_TAGGAAAATCTC	CAPD11r50_TAGGAAAATCTC	CAPD11r50	CAPD11r50	Infection1	d11	CTRL	Infection1_d11	CTRL_d11_Infection1	Replicative	Non.Committed_Replicative	GSM5916710	Infection1_D11_Inf_50	NextSeq 500
D11SEQ50_GCAGGTAGTACA	D11SEQ50_GCAGGTAGTACA	CAPD11r50_GCAGGTAGTACA	CAPD11r50	CAPD11r50	Infection1	d11	CTRL	Infection1_d11	CTRL_d11_Infection1	Replicative	Non.Committed_Replicative	GSM5916710	Infection1_D11_Inf_50	NextSeq 500
D11SEQ50_ATGTAAGACGGA	D11SEQ50_ATGTAAGACGGA	CAPD11r50_ATGTAAGACGGA	CAPD11r50	CAPD11r50	Infection1	d11	CTRL	Infection1_d11	CTRL_d11_Infection1	Replicative	Non.Committed_Replicative	GSM5916710	Infection1_D11_Inf_50	NextSeq 500
D11SEQ50_GAAAAGATTATA	D11SEQ50_GAAAAGATTATA	CAPD11r50_GAAAAGATTATA	CAPD11r50	CAPD11r50	Infection1	d11	CTRL	Infection1_d11	CTRL_d11_Infection1	Replicative	Non.Committed_Replicative	GSM5916710	Infection1_D11_Inf_50	NextSeq 500
D11SEQ50_GAGTATCCATTG	D11SEQ50_GAGTATCCATTG	CAPD11r50_GAGTATCCATTG	CAPD11r50	CAPD11r50	Infection1	d11	CTRL	Infection1_d11	CTRL_d11_Infection1	Replicative	Non.Committed_Replicative	GSM5916710	Infection1_D11_Inf_50	NextSeq 500
D11SEQ50_CTCCAATACACT	D11SEQ50_CTCCAATACACT	CAPD11r50_CTCCAATACACT	CAPD11r50	CAPD11r50	Infection1	d11	CTRL	Infection1_d11	CTRL_d11_Infection1	Replicative	Non.Committed_Replicative	GSM5916710	Infection1_D11_Inf_50	NextSeq 500
D11SEQ50_AACTTGCGATCA	D11SEQ50_AACTTGCGATCA	CAPD11r50_AACTTGCGATCA	CAPD11r50	CAPD11r50	Infection1	d11	CTRL	Infection1_d11	CTRL_d11_Infection1	Replicative	Non.Committed_Replicative	GSM5916710	Infection1_D11_Inf_50	NextSeq 500
D11SEQ50_CTCATTCCGCAG	D11SEQ50_CTCATTCCGCAG	CAPD11r50_CTCATTCCGCAG	CAPD11r50	CAPD11r50	Infection1	d11	CTRL	Infection1_d11	CTRL_d11_Infection1	Replicative	Non.Committed_Replicative	GSM5916710	Infection1_D11_Inf_50	NextSeq 500
D11SEQ50_CAGATACCATCT	D11SEQ50_CAGATACCATCT	CAPD11r50_CAGATACCATCT	CAPD11r50	CAPD11r50	Infection1	d11	CTRL	Infection1_d11	CTRL_d11_Infection1	Replicative	Non.Committed_Replicative	GSM5916710	Infection1_D11_Inf_50	NextSeq 500
D11SEQ50_TGACATGTCACA	D11SEQ50_TGACATGTCACA	CAPD11r50_TGACATGTCACA	CAPD11r50	CAPD11r50	Infection1	d11	CTRL	Infection1_d11	CTRL_d11_Infection1	Replicative	Non.Committed_Replicative	GSM5916710	Infection1_D11_Inf_50	NextSeq 500
D11SEQ50_AATCCCACGTCT	D11SEQ50_AATCCCACGTCT	CAPD11r50_AATCCCACGTCT	CAPD11r50	CAPD11r50	Infection1	d11	CTRL	Infection1_d11	CTRL_d11_Infection1	Replicative	Non.Committed_Replicative	GSM5916710	Infection1_D11_Inf_50	NextSeq 500
D11SEQ50_AAGCAATTTTTG	D11SEQ50_AAGCAATTTTTG	CAPD11r50_AAGCAATTTTTG	CAPD11r50	CAPD11r50	Infection1	d11	CTRL	Infection1_d11	CTRL_d11_Infection1	Replicative	Non.Committed_Replicative	GSM5916710	Infection1_D11_Inf_50	NextSeq 500
D11SEQ50_AAGCTGTGTGAT	D11SEQ50_AAGCTGTGTGAT	CAPD11r50_AAGCTGTGTGAT	CAPD11r50	CAPD11r50	Infection1	d11	CTRL	Infection1_d11	CTRL_d11_Infection1	Replicative	Non.Committed_Replicative	GSM5916710	Infection1_D11_Inf_50	NextSeq 500
D11SEQ50_TGTGGTGGTACG	D11SEQ50_TGTGGTGGTACG	CAPD11r50_TGTGGTGGTACG	CAPD11r50	CAPD11r50	Infection1	d11	CTRL	Infection1_d11	CTRL_d11_Infection1	Replicative	Non.Committed_Replicative	GSM5916710	Infection1_D11_Inf_50	NextSeq 500
D11SEQ50_AGGATGATTATA	D11SEQ50_AGGATGATTATA	CAPD11r50_AGGATGATTATA	CAPD11r50	CAPD11r50	Infection1	d11	CTRL	Infection1_d11	CTRL_d11_Infection1	Replicative	Non.Committed_Replicative	GSM5916710	Infection1_D11_Inf_50	NextSeq 500
D11SEQ50_ACATGGTTGCGT	D11SEQ50_ACATGGTTGCGT	CAPD11r50_ACATGGTTGCGT	CAPD11r50	CAPD11r50	Infection1	d11	CTRL	Infection1_d11	CTRL_d11_Infection1	Replicative	Non.Committed_Replicative	GSM5916710	Infection1_D11_Inf_50	NextSeq 500
D11SEQ50_GAAATCTGGAGA	D11SEQ50_GAAATCTGGAGA	CAPD11r50_GAAATCTGGAGA	CAPD11r50	CAPD11r50	Infection1	d11	CTRL	Infection1_d11	CTRL_d11_Infection1	Replicative	Non.Committed_Replicative	GSM5916710	Infection1_D11_Inf_50	NextSeq 500
D11SEQ50_CGGACTACTGTA	D11SEQ50_CGGACTACTGTA	CAPD11r50_CGGACTACTGTA	CAPD11r50	CAPD11r50	Infection1	d11	CTRL	Infection1_d11	CTRL_d11_Infection1	Replicative	Non.Committed_Replicative	GSM5916710	Infection1_D11_Inf_50	NextSeq 500
D11SEQ50_TCGCCTAAGGCG	D11SEQ50_TCGCCTAAGGCG	CAPD11r50_TCGCCTAAGGCG	CAPD11r50	CAPD11r50	Infection1	d11	CTRL	Infection1_d11	CTRL_d11_Infection1	Replicative	Non.Committed_Replicative	GSM5916710	Infection1_D11_Inf_50	NextSeq 500
D11SEQ50_CTAGCCGGCCCC	D11SEQ50_CTAGCCGGCCCC	CAPD11r50_CTAGCCGGCCCC	CAPD11r50	CAPD11r50	Infection1	d11	CTRL	Infection1_d11	CTRL_d11_Infection1	Replicative	Non.Committed_Replicative	GSM5916710	Infection1_D11_Inf_50	NextSeq 500
D11SEQ50_AAGAACTTTTTG	D11SEQ50_AAGAACTTTTTG	CAPD11r50_AAGAACTTTTTG	CAPD11r50	CAPD11r50	Infection1	d11	CTRL	Infection1_d11	CTRL_d11_Infection1	Replicative	Non.Committed_Replicative	GSM5916710	Infection1_D11_Inf_50	NextSeq 500
D11SEQ50_GTCTGCGGGCGC	D11SEQ50_GTCTGCGGGCGC	CAPD11r50_GTCTGCGGGCGC	CAPD11r50	CAPD11r50	Infection1	d11	CTRL	Infection1_d11	CTRL_d11_Infection1	Replicative	Non.Committed_Replicative	GSM5916710	Infection1_D11_Inf_50	NextSeq 500
D11SEQ50_ATAGCCTCATTA	D11SEQ50_ATAGCCTCATTA	CAPD11r50_ATAGCCTCATTA	CAPD11r50	CAPD11r50	Infection1	d11	CTRL	Infection1_d11	CTRL_d11_Infection1	Replicative	Non.Committed_Replicative	GSM5916710	Infection1_D11_Inf_50	NextSeq 500
D11SEQ50_ACCCCGGCCCTT	D11SEQ50_ACCCCGGCCCTT	CAPD11r50_ACCCCGGCCCTT	CAPD11r50	CAPD11r50	Infection1	d11	CTRL	Infection1_d11	CTRL_d11_Infection1	Replicative	Non.Committed_Replicative	GSM5916710	Infection1_D11_Inf_50	NextSeq 500
D11SEQ50_TAGGAAAATCTG	D11SEQ50_TAGGAAAATCTG	CAPD11r50_TAGGAAAATCTG	CAPD11r50	CAPD11r50	Infection1	d11	CTRL	Infection1_d11	CTRL_d11_Infection1	Replicative	Non.Committed_Replicative	GSM5916710	Infection1_D11_Inf_50	NextSeq 500
D11SEQ50_GACCGGTGGCAA	D11SEQ50_GACCGGTGGCAA	CAPD11r50_GACCGGTGGCAA	CAPD11r50	CAPD11r50	Infection1	d11	CTRL	Infection1_d11	CTRL_d11_Infection1	Replicative	Non.Committed_Replicative	GSM5916710	Infection1_D11_Inf_50	NextSeq 500
D11SEQ50_GATCACTCCGAN	D11SEQ50_GATCACTCCGAN	CAPD11r50_GATCACTCCGAN	CAPD11r50	CAPD11r50	Infection1	d11	CTRL	Infection1_d11	CTRL_d11_Infection1	Replicative	Non.Committed_Replicative	GSM5916710	Infection1_D11_Inf_50	NextSeq 500
D11SEQ50_CCGTCGATGCGT	D11SEQ50_CCGTCGATGCGT	CAPD11r50_CCGTCGATGCGT	CAPD11r50	CAPD11r50	Infection1	d11	CTRL	Infection1_d11	CTRL_d11_Infection1	Replicative	Non.Committed_Replicative	GSM5916710	Infection1_D11_Inf_50	NextSeq 500
D11SEQ50_ATGCTCCTCGAC	D11SEQ50_ATGCTCCTCGAC	CAPD11r50_ATGCTCCTCGAC	CAPD11r50	CAPD11r50	Infection1	d11	CTRL	Infection1_d11	CTRL_d11_Infection1	Replicative	Non.Committed_Replicative	GSM5916710	Infection1_D11_Inf_50	NextSeq 500
D11SEQ50_CCGTCGATGCGA	D11SEQ50_CCGTCGATGCGA	CAPD11r50_CCGTCGATGCGA	CAPD11r50	CAPD11r50	Infection1	d11	CTRL	Infection1_d11	CTRL_d11_Infection1	Replicative	Non.Committed_Replicative	GSM5916710	Infection1_D11_Inf_50	NextSeq 500
D11SEQ50_TAGGAAAATCTA	D11SEQ50_TAGGAAAATCTA	CAPD11r50_TAGGAAAATCTA	CAPD11r50	CAPD11r50	Infection1	d11	CTRL	Infection1_d11	CTRL_d11_Infection1	Replicative	Non.Committed_Replicative	GSM5916710	Infection1_D11_Inf_50	NextSeq 500
D11SEQ50_TACCAGTCTCGC	D11SEQ50_TACCAGTCTCGC	CAPD11r50_TACCAGTCTCGC	CAPD11r50	CAPD11r50	Infection1	d11	CTRL	Infection1_d11	CTRL_d11_Infection1	Replicative	Non.Committed_Replicative	GSM5916710	Infection1_D11_Inf_50	NextSeq 500
D11SEQ50_CAGGCATACAGG	D11SEQ50_CAGGCATACAGG	CAPD11r50_CAGGCATACAGG	CAPD11r50	CAPD11r50	Infection1	d11	CTRL	Infection1_d11	CTRL_d11_Infection1	Replicative	Non.Committed_Replicative	GSM5916710	Infection1_D11_Inf_50	NextSeq 500
D11SEQ50_TGACTACTCAGA	D11SEQ50_TGACTACTCAGA	CAPD11r50_TGACTACTCAGA	CAPD11r50	CAPD11r50	Infection1	d11	CTRL	Infection1_d11	CTRL_d11_Infection1	Replicative	Non.Committed_Replicative	GSM5916710	Infection1_D11_Inf_50	NextSeq 500
D11SEQ50_TCGCACTTTGTT	D11SEQ50_TCGCACTTTGTT	CAPD11r50_TCGCACTTTGTT	CAPD11r50	CAPD11r50	Infection1	d11	CTRL	Infection1_d11	CTRL_d11_Infection1	Replicative	Non.Committed_Replicative	GSM5916710	Infection1_D11_Inf_50	NextSeq 500
D11SEQ50_ACTCCAGGGAGG	D11SEQ50_ACTCCAGGGAGG	CAPD11r50_ACTCCAGGGAGG	CAPD11r50	CAPD11r50	Infection1	d11	CTRL	Infection1_d11	CTRL_d11_Infection1	Replicative	Non.Committed_Replicative	GSM5916710	Infection1_D11_Inf_50	NextSeq 500
D11SEQ50_TACCAGTCTCGA	D11SEQ50_TACCAGTCTCGA	CAPD11r50_TACCAGTCTCGA	CAPD11r50	CAPD11r50	Infection1	d11	CTRL	Infection1_d11	CTRL_d11_Infection1	Replicative	Non.Committed_Replicative	GSM5916710	Infection1_D11_Inf_50	NextSeq 500
D11SEQ50_TTCCCGACAGCC	D11SEQ50_TTCCCGACAGCC	CAPD11r50_TTCCCGACAGCC	CAPD11r50	CAPD11r50	Infection1	d11	CTRL	Infection1_d11	CTRL_d11_Infection1	Replicative	Non.Committed_Replicative	GSM5916710	Infection1_D11_Inf_50	NextSeq 500
D11SEQ50_GTAGGTTGAGGG	D11SEQ50_GTAGGTTGAGGG	CAPD11r50_GTAGGTTGAGGG	CAPD11r50	CAPD11r50	Infection1	d11	CTRL	Infection1_d11	CTRL_d11_Infection1	Replicative	Non.Committed_Replicative	GSM5916710	Infection1_D11_Inf_50	NextSeq 500
D11SEQ50_CAAATGCAGAAC	D11SEQ50_CAAATGCAGAAC	CAPD11r50_CAAATGCAGAAC	CAPD11r50	CAPD11r50	Infection1	d11	CTRL	Infection1_d11	CTRL_d11_Infection1	Replicative	Non.Committed_Replicative	GSM5916710	Infection1_D11_Inf_50	NextSeq 500
D11SEQ50_GAAATCTGGAGT	D11SEQ50_GAAATCTGGAGT	CAPD11r50_GAAATCTGGAGT	CAPD11r50	CAPD11r50	Infection1	d11	CTRL	Infection1_d11	CTRL_d11_Infection1	Replicative	Non.Committed_Replicative	GSM5916710	Infection1_D11_Inf_50	NextSeq 500
D11SEQ50_GATCACTCCGTN	D11SEQ50_GATCACTCCGTN	CAPD11r50_GATCACTCCGTN	CAPD11r50	CAPD11r50	Infection1	d11	CTRL	Infection1_d11	CTRL_d11_Infection1	Replicative	Non.Committed_Replicative	GSM5916710	Infection1_D11_Inf_50	NextSeq 500
D11SEQ50_CACCTGTGGCGA	D11SEQ50_CACCTGTGGCGA	CAPD11r50_CACCTGTGGCGA	CAPD11r50	CAPD11r50	Infection1	d11	CTRL	Infection1_d11	CTRL_d11_Infection1	Replicative	Non.Committed_Replicative	GSM5916710	Infection1_D11_Inf_50	NextSeq 500
D11SEQ50_TACCAGTCTCGT	D11SEQ50_TACCAGTCTCGT	CAPD11r50_TACCAGTCTCGT	CAPD11r50	CAPD11r50	Infection1	d11	CTRL	Infection1_d11	CTRL_d11_Infection1	Replicative	Non.Committed_Replicative	GSM5916710	Infection1_D11_Inf_50	NextSeq 500
D11SEQ50_ACCTATAAGGGT	D11SEQ50_ACCTATAAGGGT	CAPD11r50_ACCTATAAGGGT	CAPD11r50	CAPD11r50	Infection1	d11	CTRL	Infection1_d11	CTRL_d11_Infection1	Replicative	Non.Committed_Replicative	GSM5916710	Infection1_D11_Inf_50	NextSeq 500
D11SEQ50_GCAGACAATGTG	D11SEQ50_GCAGACAATGTG	CAPD11r50_GCAGACAATGTG	CAPD11r50	CAPD11r50	Infection1	d11	CTRL	Infection1_d11	CTRL_d11_Infection1	Replicative	Non.Committed_Replicative	GSM5916710	Infection1_D11_Inf_50	NextSeq 500
D11SEQ50_AACGTCGAGCGA	D11SEQ50_AACGTCGAGCGA	CAPD11r50_AACGTCGAGCGA	CAPD11r50	CAPD11r50	Infection1	d11	CTRL	Infection1_d11	CTRL_d11_Infection1	Replicative	Non.Committed_Replicative	GSM5916710	Infection1_D11_Inf_50	NextSeq 500
D11SEQ50_AGCCGTTTACTA	D11SEQ50_AGCCGTTTACTA	CAPD11r50_AGCCGTTTACTA	CAPD11r50	CAPD11r50	Infection1	d11	CTRL	Infection1_d11	CTRL_d11_Infection1	Replicative	Non.Committed_Replicative	GSM5916710	Infection1_D11_Inf_50	NextSeq 500
D11SEQ50_GGTTAACTAACA	D11SEQ50_GGTTAACTAACA	CAPD11r50_GGTTAACTAACA	CAPD11r50	CAPD11r50	Infection1	d11	CTRL	Infection1_d11	CTRL_d11_Infection1	Replicative	Non.Committed_Replicative	GSM5916710	Infection1_D11_Inf_50	NextSeq 500
D11SEQ50_GATCCCTAGACC	D11SEQ50_GATCCCTAGACC	CAPD11r50_GATCCCTAGACC	CAPD11r50	CAPD11r50	Infection1	d11	CTRL	Infection1_d11	CTRL_d11_Infection1	Replicative	Non.Committed_Replicative	GSM5916710	Infection1_D11_Inf_50	NextSeq 500
D11SEQ50_GGTTACATAACA	D11SEQ50_GGTTACATAACA	CAPD11r50_GGTTACATAACA	CAPD11r50	CAPD11r50	Infection1	d11	CTRL	Infection1_d11	CTRL_d11_Infection1	Replicative	Non.Committed_Replicative	GSM5916710	Infection1_D11_Inf_50	NextSeq 500
D11SEQ50_TGAATTTGTTCC	D11SEQ50_TGAATTTGTTCC	CAPD11r50_TGAATTTGTTCC	CAPD11r50	CAPD11r50	Infection1	d11	CTRL	Infection1_d11	CTRL_d11_Infection1	Replicative	Non.Committed_Replicative	GSM5916710	Infection1_D11_Inf_50	NextSeq 500
D11SEQ50_ATCACGACAGCC	D11SEQ50_ATCACGACAGCC	CAPD11r50_ATCACGACAGCC	CAPD11r50	CAPD11r50	Infection1	d11	CTRL	Infection1_d11	CTRL_d11_Infection1	Replicative	Non.Committed_Replicative	GSM5916710	Infection1_D11_Inf_50	NextSeq 500
D11SEQ50_AAACTGCACATA	D11SEQ50_AAACTGCACATA	CAPD11r50_AAACTGCACATA	CAPD11r50	CAPD11r50	Infection1	d11	CTRL	Infection1_d11	CTRL_d11_Infection1	Replicative	Non.Committed_Replicative	GSM5916710	Infection1_D11_Inf_50	NextSeq 500
D11SEQ50_AGGAAGTGGCAC	D11SEQ50_AGGAAGTGGCAC	CAPD11r50_AGGAAGTGGCAC	CAPD11r50	CAPD11r50	Infection1	d11	CTRL	Infection1_d11	CTRL_d11_Infection1	Replicative	Non.Committed_Replicative	GSM5916710	Infection1_D11_Inf_50	NextSeq 500
D11SEQ50_GCCACGGCCCTT	D11SEQ50_GCCACGGCCCTT	CAPD11r50_GCCACGGCCCTT	CAPD11r50	CAPD11r50	Infection1	d11	CTRL	Infection1_d11	CTRL_d11_Infection1	Replicative	Non.Committed_Replicative	GSM5916710	Infection1_D11_Inf_50	NextSeq 500
D11SEQ50_ATACTCCACATA	D11SEQ50_ATACTCCACATA	CAPD11r50_ATACTCCACATA	CAPD11r50	CAPD11r50	Infection1	d11	CTRL	Infection1_d11	CTRL_d11_Infection1	Replicative	Non.Committed_Replicative	GSM5916710	Infection1_D11_Inf_50	NextSeq 500
D11SEQ50_GACCCGGGTGGT	D11SEQ50_GACCCGGGTGGT	CAPD11r50_GACCCGGGTGGT	CAPD11r50	CAPD11r50	Infection1	d11	CTRL	Infection1_d11	CTRL_d11_Infection1	Replicative	Non.Committed_Replicative	GSM5916710	Infection1_D11_Inf_50	NextSeq 500
D11SEQ50_GTACTGCACATA	D11SEQ50_GTACTGCACATA	CAPD11r50_GTACTGCACATA	CAPD11r50	CAPD11r50	Infection1	d11	CTRL	Infection1_d11	CTRL_d11_Infection1	Replicative	Non.Committed_Replicative	GSM5916710	Infection1_D11_Inf_50	NextSeq 500
D11SEQ50_ATACTGCACAAA	D11SEQ50_ATACTGCACAAA	CAPD11r50_ATACTGCACAAA	CAPD11r50	CAPD11r50	Infection1	d11	CTRL	Infection1_d11	CTRL_d11_Infection1	Replicative	Non.Committed_Replicative	GSM5916710	Infection1_D11_Inf_50	NextSeq 500
D11SEQ50_ACAACTTGTATA	D11SEQ50_ACAACTTGTATA	CAPD11r50_ACAACTTGTATA	CAPD11r50	CAPD11r50	Infection1	d11	CTRL	Infection1_d11	CTRL_d11_Infection1	Replicative	Non.Committed_Replicative	GSM5916710	Infection1_D11_Inf_50	NextSeq 500
D11SEQ50_GTCCGCAAGTAA	D11SEQ50_GTCCGCAAGTAA	CAPD11r50_GTCCGCAAGTAA	CAPD11r50	CAPD11r50	Infection1	d11	CTRL	Infection1_d11	CTRL_d11_Infection1	Replicative	Non.Committed_Replicative	GSM5916710	Infection1_D11_Inf_50	NextSeq 500
D11SEQ50_CCATCTCATTCA	D11SEQ50_CCATCTCATTCA	CAPD11r50_CCATCTCATTCA	CAPD11r50	CAPD11r50	Infection1	d11	CTRL	Infection1_d11	CTRL_d11_Infection1	Replicative	Non.Committed_Replicative	GSM5916710	Infection1_D11_Inf_50	NextSeq 500
D11SEQ50_TGCCCGGGTGGT	D11SEQ50_TGCCCGGGTGGT	CAPD11r50_TGCCCGGGTGGT	CAPD11r50	CAPD11r50	Infection1	d11	CTRL	Infection1_d11	CTRL_d11_Infection1	Replicative	Non.Committed_Replicative	GSM5916710	Infection1_D11_Inf_50	NextSeq 500
D11SEQ50_GGCATGCACGCT	D11SEQ50_GGCATGCACGCT	CAPD11r50_GGCATGCACGCT	CAPD11r50	CAPD11r50	Infection1	d11	CTRL	Infection1_d11	CTRL_d11_Infection1	Replicative	Non.Committed_Replicative	GSM5916710	Infection1_D11_Inf_50	NextSeq 500
D11SEQ50_AACAATAGAGCA	D11SEQ50_AACAATAGAGCA	CAPD11r50_AACAATAGAGCA	CAPD11r50	CAPD11r50	Infection1	d11	CTRL	Infection1_d11	CTRL_d11_Infection1	Replicative	Non.Committed_Replicative	GSM5916710	Infection1_D11_Inf_50	NextSeq 500
D11SEQ50_AACCCGGGTGGT	D11SEQ50_AACCCGGGTGGT	CAPD11r50_AACCCGGGTGGT	CAPD11r50	CAPD11r50	Infection1	d11	CTRL	Infection1_d11	CTRL_d11_Infection1	Replicative	Non.Committed_Replicative	GSM5916710	Infection1_D11_Inf_50	NextSeq 500
D11SEQ50_AAGCAGCAGAAC	D11SEQ50_AAGCAGCAGAAC	CAPD11r50_AAGCAGCAGAAC	CAPD11r50	CAPD11r50	Infection1	d11	CTRL	Infection1_d11	CTRL_d11_Infection1	Replicative	Non.Committed_Replicative	GSM5916710	Infection1_D11_Inf_50	NextSeq 500
D11SEQ50_ATACAGCACATA	D11SEQ50_ATACAGCACATA	CAPD11r50_ATACAGCACATA	CAPD11r50	CAPD11r50	Infection1	d11	CTRL	Infection1_d11	CTRL_d11_Infection1	Replicative	Non.Committed_Replicative	GSM5916710	Infection1_D11_Inf_50	NextSeq 500
D11SEQ50_TACACGACAGCC	D11SEQ50_TACACGACAGCC	CAPD11r50_TACACGACAGCC	CAPD11r50	CAPD11r50	Infection1	d11	CTRL	Infection1_d11	CTRL_d11_Infection1	Replicative	Non.Committed_Replicative	GSM5916710	Infection1_D11_Inf_50	NextSeq 500
D11SEQ50_GACTGAGGGCGG	D11SEQ50_GACTGAGGGCGG	CAPD11r50_GACTGAGGGCGG	CAPD11r50	CAPD11r50	Infection1	d11	CTRL	Infection1_d11	CTRL_d11_Infection1	Replicative	Non.Committed_Replicative	GSM5916710	Infection1_D11_Inf_50	NextSeq 500
D11SEQ50_CCGTCTCATTCA	D11SEQ50_CCGTCTCATTCA	CAPD11r50_CCGTCTCATTCA	CAPD11r50	CAPD11r50	Infection1	d11	CTRL	Infection1_d11	CTRL_d11_Infection1	Replicative	Non.Committed_Replicative	GSM5916710	Infection1_D11_Inf_50	NextSeq 500
D11SEQ50_ACGTGCCTGGTT	D11SEQ50_ACGTGCCTGGTT	CAPD11r50_ACGTGCCTGGTT	CAPD11r50	CAPD11r50	Infection1	d11	CTRL	Infection1_d11	CTRL_d11_Infection1	Replicative	Non.Committed_Replicative	GSM5916710	Infection1_D11_Inf_50	NextSeq 500
D11SEQ50_CCCACTCATTCA	D11SEQ50_CCCACTCATTCA	CAPD11r50_CCCACTCATTCA	CAPD11r50	CAPD11r50	Infection1	d11	CTRL	Infection1_d11	CTRL_d11_Infection1	Replicative	Non.Committed_Replicative	GSM5916710	Infection1_D11_Inf_50	NextSeq 500
D11SEQ50_GACGGCGAAGGC	D11SEQ50_GACGGCGAAGGC	CAPD11r50_GACGGCGAAGGC	CAPD11r50	CAPD11r50	Infection1	d11	CTRL	Infection1_d11	CTRL_d11_Infection1	Replicative	Non.Committed_Replicative	GSM5916710	Infection1_D11_Inf_50	NextSeq 500
D11SEQ50_ACAACGGCCCTT	D11SEQ50_ACAACGGCCCTT	CAPD11r50_ACAACGGCCCTT	CAPD11r50	CAPD11r50	Infection1	d11	CTRL	Infection1_d11	CTRL_d11_Infection1	Replicative	Non.Committed_Replicative	GSM5916710	Infection1_D11_Inf_50	NextSeq 500
D11SEQ50_AACCAAGTTCTC	D11SEQ50_AACCAAGTTCTC	CAPD11r50_AACCAAGTTCTC	CAPD11r50	CAPD11r50	Infection1	d11	CTRL	Infection1_d11	CTRL_d11_Infection1	Replicative	Non.Committed_Replicative	GSM5916710	Infection1_D11_Inf_50	NextSeq 500
D11SEQ50_AACGTGGCGTGG	D11SEQ50_AACGTGGCGTGG	CAPD11r50_AACGTGGCGTGG	CAPD11r50	CAPD11r50	Infection1	d11	CTRL	Infection1_d11	CTRL_d11_Infection1	Replicative	Non.Committed_Replicative	GSM5916710	Infection1_D11_Inf_50	NextSeq 500
D11SEQ50_GCACCAGCCTTA	D11SEQ50_GCACCAGCCTTA	CAPD11r50_GCACCAGCCTTA	CAPD11r50	CAPD11r50	Infection1	d11	CTRL	Infection1_d11	CTRL_d11_Infection1	Replicative	Non.Committed_Replicative	GSM5916710	Infection1_D11_Inf_50	NextSeq 500
D11SEQ50_ACGAACTTTGTT	D11SEQ50_ACGAACTTTGTT	CAPD11r50_ACGAACTTTGTT	CAPD11r50	CAPD11r50	Infection1	d11	CTRL	Infection1_d11	CTRL_d11_Infection1	Replicative	Non.Committed_Replicative	GSM5916710	Infection1_D11_Inf_50	NextSeq 500
D11SEQ50_GCTTGTACTGTC	D11SEQ50_GCTTGTACTGTC	CAPD11r50_GCTTGTACTGTC	CAPD11r50	CAPD11r50	Infection1	d11	CTRL	Infection1_d11	CTRL_d11_Infection1	Replicative	Non.Committed_Replicative	GSM5916710	Infection1_D11_Inf_50	NextSeq 500
D11SEQ50_GCCATGAACGGC	D11SEQ50_GCCATGAACGGC	CAPD11r50_GCCATGAACGGC	CAPD11r50	CAPD11r50	Infection1	d11	CTRL	Infection1_d11	CTRL_d11_Infection1	Replicative	Non.Committed_Replicative	GSM5916710	Infection1_D11_Inf_50	NextSeq 500
D11SEQ50_GACTGAGGGCGC	D11SEQ50_GACTGAGGGCGC	CAPD11r50_GACTGAGGGCGC	CAPD11r50	CAPD11r50	Infection1	d11	CTRL	Infection1_d11	CTRL_d11_Infection1	Replicative	Non.Committed_Replicative	GSM5916710	Infection1_D11_Inf_50	NextSeq 500
D11SEQ50_AAAAATCTGAAA	D11SEQ50_AAAAATCTGAAA	CAPD11r50_AAAAATCTGAAA	CAPD11r50	CAPD11r50	Infection1	d11	CTRL	Infection1_d11	CTRL_d11_Infection1	Replicative	Non.Committed_Replicative	GSM5916710	Infection1_D11_Inf_50	NextSeq 500
D11SEQ50_GACTGAGGGCGA	D11SEQ50_GACTGAGGGCGA	CAPD11r50_GACTGAGGGCGA	CAPD11r50	CAPD11r50	Infection1	d11	CTRL	Infection1_d11	CTRL_d11_Infection1	Replicative	Non.Committed_Replicative	GSM5916710	Infection1_D11_Inf_50	NextSeq 500
D11SEQ50_GCGATCAAGACA	D11SEQ50_GCGATCAAGACA	CAPD11r50_GCGATCAAGACA	CAPD11r50	CAPD11r50	Infection1	d11	CTRL	Infection1_d11	CTRL_d11_Infection1	Replicative	Non.Committed_Replicative	GSM5916710	Infection1_D11_Inf_50	NextSeq 500
D11SEQ50_ACTGCACTATAT	D11SEQ50_ACTGCACTATAT	CAPD11r50_ACTGCACTATAT	CAPD11r50	CAPD11r50	Infection1	d11	CTRL	Infection1_d11	CTRL_d11_Infection1	Replicative	Non.Committed_Replicative	GSM5916710	Infection1_D11_Inf_50	NextSeq 500
D11SEQ50_GGGAAGTGGCAC	D11SEQ50_GGGAAGTGGCAC	CAPD11r50_GGGAAGTGGCAC	CAPD11r50	CAPD11r50	Infection1	d11	CTRL	Infection1_d11	CTRL_d11_Infection1	Replicative	Non.Committed_Replicative	GSM5916710	Infection1_D11_Inf_50	NextSeq 500
D11SEQ50_CCTTATACAAAG	D11SEQ50_CCTTATACAAAG	CAPD11r50_CCTTATACAAAG	CAPD11r50	CAPD11r50	Infection1	d11	CTRL	Infection1_d11	CTRL_d11_Infection1	Replicative	Non.Committed_Replicative	GSM5916710	Infection1_D11_Inf_50	NextSeq 500
D11SEQ50_ATACTGAACATA	D11SEQ50_ATACTGAACATA	CAPD11r50_ATACTGAACATA	CAPD11r50	CAPD11r50	Infection1	d11	CTRL	Infection1_d11	CTRL_d11_Infection1	Replicative	Non.Committed_Replicative	GSM5916710	Infection1_D11_Inf_50	NextSeq 500
D11SEQ50_GTCACGACAGCC	D11SEQ50_GTCACGACAGCC	CAPD11r50_GTCACGACAGCC	CAPD11r50	CAPD11r50	Infection1	d11	CTRL	Infection1_d11	CTRL_d11_Infection1	Replicative	Non.Committed_Replicative	GSM5916710	Infection1_D11_Inf_50	NextSeq 500
D14SEQ100_GAACCGGTACGA	D14SEQ100_GAACCGGTACGA	CAPD14r100_GAACCGGTACGA	CAPD14r100	CAPD14r100	Infection1	d14	CTRL	Infection1_d14	CTRL_d14_Infection1	Replicative	Non.Committed_Replicative	GSM5916713	Infection1_D14_Inf_100	NextSeq 500
D14SEQ100_GAGCTGAAGCAC	D14SEQ100_GAGCTGAAGCAC	CAPD14r100_GAGCTGAAGCAC	CAPD14r100	CAPD14r100	Infection1	d14	CTRL	Infection1_d14	CTRL_d14_Infection1	Hypnozoite	Sexually.Committed_Hypnozoite	GSM5916713	Infection1_D14_Inf_100	NextSeq 500
D14SEQ100_GAGATGCAGCAC	D14SEQ100_GAGATGCAGCAC	CAPD14r100_GAGATGCAGCAC	CAPD14r100	CAPD14r100	Infection1	d14	CTRL	Infection1_d14	CTRL_d14_Infection1	Hypnozoite	Non.Committed_Hypnozoite	GSM5916713	Infection1_D14_Inf_100	NextSeq 500
D14SEQ100_GAGATGAAGCCC	D14SEQ100_GAGATGAAGCCC	CAPD14r100_GAGATGAAGCCC	CAPD14r100	CAPD14r100	Infection1	d14	CTRL	Infection1_d14	CTRL_d14_Infection1	Hypnozoite	Sexually.Committed_Hypnozoite	GSM5916713	Infection1_D14_Inf_100	NextSeq 500
D14SEQ100_TCCGCGCGTGAG	D14SEQ100_TCCGCGCGTGAG	CAPD14r100_TCCGCGCGTGAG	CAPD14r100	CAPD14r100	Infection1	d14	CTRL	Infection1_d14	CTRL_d14_Infection1	Hypnozoite	Non.Committed_Hypnozoite	GSM5916713	Infection1_D14_Inf_100	NextSeq 500
D14SEQ100_TCAACCCAAGGC	D14SEQ100_TCAACCCAAGGC	CAPD14r100_TCAACCCAAGGC	CAPD14r100	CAPD14r100	Infection1	d14	CTRL	Infection1_d14	CTRL_d14_Infection1	Replicative	Non.Committed_Replicative	GSM5916713	Infection1_D14_Inf_100	NextSeq 500
D14SEQ100_TCCGCGAGTGCG	D14SEQ100_TCCGCGAGTGCG	CAPD14r100_TCCGCGAGTGCG	CAPD14r100	CAPD14r100	Infection1	d14	CTRL	Infection1_d14	CTRL_d14_Infection1	Hypnozoite	Non.Committed_Hypnozoite	GSM5916713	Infection1_D14_Inf_100	NextSeq 500
D14SEQ100_CTATGATATGAC	D14SEQ100_CTATGATATGAC	CAPD14r100_CTATGATATGAC	CAPD14r100	CAPD14r100	Infection1	d14	CTRL	Infection1_d14	CTRL_d14_Infection1	Replicative	Non.Committed_Replicative	GSM5916713	Infection1_D14_Inf_100	NextSeq 500
D14SEQ100_CGCCAAATAAAC	D14SEQ100_CGCCAAATAAAC	CAPD14r100_CGCCAAATAAAC	CAPD14r100	CAPD14r100	Infection1	d14	CTRL	Infection1_d14	CTRL_d14_Infection1	Replicative	Non.Committed_Replicative	GSM5916713	Infection1_D14_Inf_100	NextSeq 500
D14SEQ100_CCCCAGGCAGAA	D14SEQ100_CCCCAGGCAGAA	CAPD14r100_CCCCAGGCAGAA	CAPD14r100	CAPD14r100	Infection1	d14	CTRL	Infection1_d14	CTRL_d14_Infection1	Replicative	Non.Committed_Replicative	GSM5916713	Infection1_D14_Inf_100	NextSeq 500
D14SEQ100_CTAGGAGGTATG	D14SEQ100_CTAGGAGGTATG	CAPD14r100_CTAGGAGGTATG	CAPD14r100	CAPD14r100	Infection1	d14	CTRL	Infection1_d14	CTRL_d14_Infection1	Replicative	Non.Committed_Replicative	GSM5916713	Infection1_D14_Inf_100	NextSeq 500
D14SEQ100_GCCTCCCGTGAA	D14SEQ100_GCCTCCCGTGAA	CAPD14r100_GCCTCCCGTGAA	CAPD14r100	CAPD14r100	Infection1	d14	CTRL	Infection1_d14	CTRL_d14_Infection1	Replicative	Non.Committed_Replicative	GSM5916713	Infection1_D14_Inf_100	NextSeq 500
D14SEQ100_CCGACGTCTAGT	D14SEQ100_CCGACGTCTAGT	CAPD14r100_CCGACGTCTAGT	CAPD14r100	CAPD14r100	Infection1	d14	CTRL	Infection1_d14	CTRL_d14_Infection1	Hypnozoite	Non.Committed_Hypnozoite	GSM5916713	Infection1_D14_Inf_100	NextSeq 500
D14SEQ100_ATAAGTGAGGAT	D14SEQ100_ATAAGTGAGGAT	CAPD14r100_ATAAGTGAGGAT	CAPD14r100	CAPD14r100	Infection1	d14	CTRL	Infection1_d14	CTRL_d14_Infection1	Replicative	Non.Committed_Replicative	GSM5916713	Infection1_D14_Inf_100	NextSeq 500
D14SEQ100_TCCGCGAGTGAC	D14SEQ100_TCCGCGAGTGAC	CAPD14r100_TCCGCGAGTGAC	CAPD14r100	CAPD14r100	Infection1	d14	CTRL	Infection1_d14	CTRL_d14_Infection1	Hypnozoite	Non.Committed_Hypnozoite	GSM5916713	Infection1_D14_Inf_100	NextSeq 500
D14SEQ100_TCCGCGAGTCAG	D14SEQ100_TCCGCGAGTCAG	CAPD14r100_TCCGCGAGTCAG	CAPD14r100	CAPD14r100	Infection1	d14	CTRL	Infection1_d14	CTRL_d14_Infection1	Hypnozoite	Non.Committed_Hypnozoite	GSM5916713	Infection1_D14_Inf_100	NextSeq 500
D14SEQ100_AGATGAAGCACG	D14SEQ100_AGATGAAGCACG	CAPD14r100_AGATGAAGCACG	CAPD14r100	CAPD14r100	Infection1	d14	CTRL	Infection1_d14	CTRL_d14_Infection1	Hypnozoite	Non.Committed_Hypnozoite	GSM5916713	Infection1_D14_Inf_100	NextSeq 500
D14SEQ100_GACATGAAGCAC	D14SEQ100_GACATGAAGCAC	CAPD14r100_GACATGAAGCAC	CAPD14r100	CAPD14r100	Infection1	d14	CTRL	Infection1_d14	CTRL_d14_Infection1	Hypnozoite	Sexually.Committed_Hypnozoite	GSM5916713	Infection1_D14_Inf_100	NextSeq 500
D14SEQ100_GAGCTGAAGCCC	D14SEQ100_GAGCTGAAGCCC	CAPD14r100_GAGCTGAAGCCC	CAPD14r100	CAPD14r100	Infection1	d14	CTRL	Infection1_d14	CTRL_d14_Infection1	Hypnozoite	Non.Committed_Hypnozoite	GSM5916713	Infection1_D14_Inf_100	NextSeq 500
D14SEQ100_TCCGCGACTGAG	D14SEQ100_TCCGCGACTGAG	CAPD14r100_TCCGCGACTGAG	CAPD14r100	CAPD14r100	Infection1	d14	CTRL	Infection1_d14	CTRL_d14_Infection1	Hypnozoite	Non.Committed_Hypnozoite	GSM5916713	Infection1_D14_Inf_100	NextSeq 500
D14SEQ100_GAGCTGCAGCAC	D14SEQ100_GAGCTGCAGCAC	CAPD14r100_GAGCTGCAGCAC	CAPD14r100	CAPD14r100	Infection1	d14	CTRL	Infection1_d14	CTRL_d14_Infection1	Hypnozoite	Non.Committed_Hypnozoite	GSM5916713	Infection1_D14_Inf_100	NextSeq 500
D14SEQ100_TCCCCGAGTGAG	D14SEQ100_TCCCCGAGTGAG	CAPD14r100_TCCCCGAGTGAG	CAPD14r100	CAPD14r100	Infection1	d14	CTRL	Infection1_d14	CTRL_d14_Infection1	Hypnozoite	Non.Committed_Hypnozoite	GSM5916713	Infection1_D14_Inf_100	NextSeq 500
D14SEQ100_TCCGCGCGTGCG	D14SEQ100_TCCGCGCGTGCG	CAPD14r100_TCCGCGCGTGCG	CAPD14r100	CAPD14r100	Infection1	d14	CTRL	Infection1_d14	CTRL_d14_Infection1	Hypnozoite	Non.Committed_Hypnozoite	GSM5916713	Infection1_D14_Inf_100	NextSeq 500
D14SEQ100_AGATGAAGCACC	D14SEQ100_AGATGAAGCACC	CAPD14r100_AGATGAAGCACC	CAPD14r100	CAPD14r100	Infection1	d14	CTRL	Infection1_d14	CTRL_d14_Infection1	Hypnozoite	Non.Committed_Hypnozoite	GSM5916713	Infection1_D14_Inf_100	NextSeq 500
D14SEQ100_TCCGCGAGTGAA	D14SEQ100_TCCGCGAGTGAA	CAPD14r100_TCCGCGAGTGAA	CAPD14r100	CAPD14r100	Infection1	d14	CTRL	Infection1_d14	CTRL_d14_Infection1	Hypnozoite	Non.Committed_Hypnozoite	GSM5916713	Infection1_D14_Inf_100	NextSeq 500
D14SEQ100_TCACCCCAAGGC	D14SEQ100_TCACCCCAAGGC	CAPD14r100_TCACCCCAAGGC	CAPD14r100	CAPD14r100	Infection1	d14	CTRL	Infection1_d14	CTRL_d14_Infection1	Replicative	Non.Committed_Replicative	GSM5916713	Infection1_D14_Inf_100	NextSeq 500
D14SEQ100_GGGATGAAGCAC	D14SEQ100_GGGATGAAGCAC	CAPD14r100_GGGATGAAGCAC	CAPD14r100	CAPD14r100	Infection1	d14	CTRL	Infection1_d14	CTRL_d14_Infection1	Hypnozoite	Non.Committed_Hypnozoite	GSM5916713	Infection1_D14_Inf_100	NextSeq 500
D14SEQ100_AGATGAAGCACA	D14SEQ100_AGATGAAGCACA	CAPD14r100_AGATGAAGCACA	CAPD14r100	CAPD14r100	Infection1	d14	CTRL	Infection1_d14	CTRL_d14_Infection1	Hypnozoite	Non.Committed_Hypnozoite	GSM5916713	Infection1_D14_Inf_100	NextSeq 500
D14SEQ100_TCCGCGAGTAAG	D14SEQ100_TCCGCGAGTAAG	CAPD14r100_TCCGCGAGTAAG	CAPD14r100	CAPD14r100	Infection1	d14	CTRL	Infection1_d14	CTRL_d14_Infection1	Replicative	Non.Committed_Replicative	GSM5916713	Infection1_D14_Inf_100	NextSeq 500
D14SEQ100_GAGATGCAGCCC	D14SEQ100_GAGATGCAGCCC	CAPD14r100_GAGATGCAGCCC	CAPD14r100	CAPD14r100	Infection1	d14	CTRL	Infection1_d14	CTRL_d14_Infection1	Hypnozoite	Non.Committed_Hypnozoite	GSM5916713	Infection1_D14_Inf_100	NextSeq 500
D14SEQ100_GAGATCAAGCAC	D14SEQ100_GAGATCAAGCAC	CAPD14r100_GAGATCAAGCAC	CAPD14r100	CAPD14r100	Infection1	d14	CTRL	Infection1_d14	CTRL_d14_Infection1	Hypnozoite	Sexually.Committed_Hypnozoite	GSM5916713	Infection1_D14_Inf_100	NextSeq 500
D14SEQ100_GAGATGAAACAC	D14SEQ100_GAGATGAAACAC	CAPD14r100_GAGATGAAACAC	CAPD14r100	CAPD14r100	Infection1	d14	CTRL	Infection1_d14	CTRL_d14_Infection1	Hypnozoite	Non.Committed_Hypnozoite	GSM5916713	Infection1_D14_Inf_100	NextSeq 500
D14SEQ100_TCCGCCAGTGAG	D14SEQ100_TCCGCCAGTGAG	CAPD14r100_TCCGCCAGTGAG	CAPD14r100	CAPD14r100	Infection1	d14	CTRL	Infection1_d14	CTRL_d14_Infection1	Hypnozoite	Non.Committed_Hypnozoite	GSM5916713	Infection1_D14_Inf_100	NextSeq 500
D14SEQ100_GAAATGAAGCAC	D14SEQ100_GAAATGAAGCAC	CAPD14r100_GAAATGAAGCAC	CAPD14r100	CAPD14r100	Infection1	d14	CTRL	Infection1_d14	CTRL_d14_Infection1	Hypnozoite	Non.Committed_Hypnozoite	GSM5916713	Infection1_D14_Inf_100	NextSeq 500
D14SEQ100_GAGATGAACCAC	D14SEQ100_GAGATGAACCAC	CAPD14r100_GAGATGAACCAC	CAPD14r100	CAPD14r100	Infection1	d14	CTRL	Infection1_d14	CTRL_d14_Infection1	Hypnozoite	Sexually.Committed_Hypnozoite	GSM5916713	Infection1_D14_Inf_100	NextSeq 500
D14SEQ100_TCCACGAGTGAG	D14SEQ100_TCCACGAGTGAG	CAPD14r100_TCCACGAGTGAG	CAPD14r100	CAPD14r100	Infection1	d14	CTRL	Infection1_d14	CTRL_d14_Infection1	Hypnozoite	Non.Committed_Hypnozoite	GSM5916713	Infection1_D14_Inf_100	NextSeq 500
D14SEQ100_TCTGCGAGTGAG	D14SEQ100_TCTGCGAGTGAG	CAPD14r100_TCTGCGAGTGAG	CAPD14r100	CAPD14r100	Infection1	d14	CTRL	Infection1_d14	CTRL_d14_Infection1	Hypnozoite	Non.Committed_Hypnozoite	GSM5916713	Infection1_D14_Inf_100	NextSeq 500
D14SEQ100_TCCGCGAATGAG	D14SEQ100_TCCGCGAATGAG	CAPD14r100_TCCGCGAATGAG	CAPD14r100	CAPD14r100	Infection1	d14	CTRL	Infection1_d14	CTRL_d14_Infection1	Hypnozoite	Non.Committed_Hypnozoite	GSM5916713	Infection1_D14_Inf_100	NextSeq 500
D14SEQ100_GAGATGAAGCAA	D14SEQ100_GAGATGAAGCAA	CAPD14r100_GAGATGAAGCAA	CAPD14r100	CAPD14r100	Infection1	d14	CTRL	Infection1_d14	CTRL_d14_Infection1	Hypnozoite	Non.Committed_Hypnozoite	GSM5916713	Infection1_D14_Inf_100	NextSeq 500
D14SEQ100_TCCGCAAGTGAG	D14SEQ100_TCCGCAAGTGAG	CAPD14r100_TCCGCAAGTGAG	CAPD14r100	0.6	Infection1	d14	CTRL	Infection1_d14	CTRL_d14_Infection1	Hypnozoite	Non.Committed_Hypnozoite	GSM5916713	Infection1_D14_Inf_100	NextSeq 500
D14SEQ100_AAGATGAAGCAC	D14SEQ100_AAGATGAAGCAC	CAPD14r100_AAGATGAAGCAC	CAPD14r100	CAPD14r100	Infection1	d14	CTRL	Infection1_d14	CTRL_d14_Infection1	Hypnozoite	Sexually.Committed_Hypnozoite	GSM5916713	Infection1_D14_Inf_100	NextSeq 500
D14SEQ100_GAGATAAAGCAC	D14SEQ100_GAGATAAAGCAC	CAPD14r100_GAGATAAAGCAC	CAPD14r100	CAPD14r100	Infection1	d14	CTRL	Infection1_d14	CTRL_d14_Infection1	Hypnozoite	Non.Committed_Hypnozoite	GSM5916713	Infection1_D14_Inf_100	NextSeq 500
D14SEQ100_GTGATGAAGCAC	D14SEQ100_GTGATGAAGCAC	CAPD14r100_GTGATGAAGCAC	CAPD14r100	CAPD14r100	Infection1	d14	CTRL	Infection1_d14	CTRL_d14_Infection1	Hypnozoite	Non.Committed_Hypnozoite	GSM5916713	Infection1_D14_Inf_100	NextSeq 500
D14SEQ100_GAACCGGTACCA	D14SEQ100_GAACCGGTACCA	CAPD14r100_GAACCGGTACCA	CAPD14r100	CAPD14r100	Infection1	d14	CTRL	Infection1_d14	CTRL_d14_Infection1	Replicative	Non.Committed_Replicative	GSM5916713	Infection1_D14_Inf_100	NextSeq 500
D14SEQ100_GAGATGAAGCAT	D14SEQ100_GAGATGAAGCAT	CAPD14r100_GAGATGAAGCAT	CAPD14r100	CAPD14r100	Infection1	d14	CTRL	Infection1_d14	CTRL_d14_Infection1	Hypnozoite	Non.Committed_Hypnozoite	GSM5916713	Infection1_D14_Inf_100	NextSeq 500
D14SEQ100_TCCGTGGGGAGG	D14SEQ100_TCCGTGGGGAGG	CAPD14r100_TCCGTGGGGAGG	CAPD14r100	CAPD14r100	Infection1	d14	CTRL	Infection1_d14	CTRL_d14_Infection1	Replicative	Non.Committed_Replicative	GSM5916713	Infection1_D14_Inf_100	NextSeq 500
D14SEQ100_AGATGAAGCACT	D14SEQ100_AGATGAAGCACT	CAPD14r100_AGATGAAGCACT	CAPD14r100	CAPD14r100	Infection1	d14	CTRL	Infection1_d14	CTRL_d14_Infection1	Hypnozoite	Non.Committed_Hypnozoite	GSM5916713	Infection1_D14_Inf_100	NextSeq 500
D14SEQ100_TAGATGAAGCAC	D14SEQ100_TAGATGAAGCAC	CAPD14r100_TAGATGAAGCAC	CAPD14r100	CAPD14r100	Infection1	d14	CTRL	Infection1_d14	CTRL_d14_Infection1	Hypnozoite	Sexually.Committed_Hypnozoite	GSM5916713	Infection1_D14_Inf_100	NextSeq 500
D14SEQ100_TCCGCGAGTGTG	D14SEQ100_TCCGCGAGTGTG	CAPD14r100_TCCGCGAGTGTG	CAPD14r100	CAPD14r100	Infection1	d14	CTRL	Infection1_d14	CTRL_d14_Infection1	Hypnozoite	Non.Committed_Hypnozoite	GSM5916713	Infection1_D14_Inf_100	NextSeq 500
D14SEQ100_GAGATGAAGCGC	D14SEQ100_GAGATGAAGCGC	CAPD14r100_GAGATGAAGCGC	CAPD14r100	CAPD14r100	Infection1	d14	CTRL	Infection1_d14	CTRL_d14_Infection1	Hypnozoite	Sexually.Committed_Hypnozoite	GSM5916713	Infection1_D14_Inf_100	NextSeq 500
D14SEQ100_GAGATGAAGTAC	D14SEQ100_GAGATGAAGTAC	CAPD14r100_GAGATGAAGTAC	CAPD14r100	CAPD14r100	Infection1	d14	CTRL	Infection1_d14	CTRL_d14_Infection1	Hypnozoite	Non.Committed_Hypnozoite	GSM5916713	Infection1_D14_Inf_100	NextSeq 500
D14SEQ100_GCGATGAAGCAC	D14SEQ100_GCGATGAAGCAC	CAPD14r100_GCGATGAAGCAC	CAPD14r100	CAPD14r100	Infection1	d14	CTRL	Infection1_d14	CTRL_d14_Infection1	Hypnozoite	Non.Committed_Hypnozoite	GSM5916713	Infection1_D14_Inf_100	NextSeq 500
D14SEQ100_GAGATGAAGCCA	D14SEQ100_GAGATGAAGCCA	CAPD14r100_GAGATGAAGCCA	CAPD14r100	CAPD14r100	Infection1	d14	CTRL	Infection1_d14	CTRL_d14_Infection1	Hypnozoite	Non.Committed_Hypnozoite	GSM5916713	Infection1_D14_Inf_100	NextSeq 500
D14SEQ100_CCCGCGAGTGAG	D14SEQ100_CCCGCGAGTGAG	CAPD14r100_CCCGCGAGTGAG	CAPD14r100	CAPD14r100	Infection1	d14	CTRL	Infection1_d14	CTRL_d14_Infection1	Hypnozoite	Non.Committed_Hypnozoite	GSM5916713	Infection1_D14_Inf_100	NextSeq 500
D14SEQ100_GAGATGAAGCCG	D14SEQ100_GAGATGAAGCCG	CAPD14r100_GAGATGAAGCCG	CAPD14r100	CAPD14r100	Infection1	d14	CTRL	Infection1_d14	CTRL_d14_Infection1	Hypnozoite	Non.Committed_Hypnozoite	GSM5916713	Infection1_D14_Inf_100	NextSeq 500
D14SEQ100_GAACCGGTACAA	D14SEQ100_GAACCGGTACAA	CAPD14r100_GAACCGGTACAA	CAPD14r100	CAPD14r100	Infection1	d14	CTRL	Infection1_d14	CTRL_d14_Infection1	Replicative	Non.Committed_Replicative	GSM5916713	Infection1_D14_Inf_100	NextSeq 500
D14SEQ100_CTATGATATGCC	D14SEQ100_CTATGATATGCC	CAPD14r100_CTATGATATGCC	CAPD14r100	CAPD14r100	Infection1	d14	CTRL	Infection1_d14	CTRL_d14_Infection1	Replicative	Non.Committed_Replicative	GSM5916713	Infection1_D14_Inf_100	NextSeq 500
D14SEQ100_TCCGCGAGTTAG	D14SEQ100_TCCGCGAGTTAG	CAPD14r100_TCCGCGAGTTAG	CAPD14r100	CAPD14r100	Infection1	d14	CTRL	Infection1_d14	CTRL_d14_Infection1	Hypnozoite	Non.Committed_Hypnozoite	GSM5916713	Infection1_D14_Inf_100	NextSeq 500
D14SEQ100_GAACCGCTACGA	D14SEQ100_GAACCGCTACGA	CAPD14r100_GAACCGCTACGA	CAPD14r100	CAPD14r100	Infection1	d14	CTRL	Infection1_d14	CTRL_d14_Infection1	Replicative	Non.Committed_Replicative	GSM5916713	Infection1_D14_Inf_100	NextSeq 500
D14SEQ100_GAGATGAAGCAG	D14SEQ100_GAGATGAAGCAG	CAPD14r100_GAGATGAAGCAG	CAPD14r100	CAPD14r100	Infection1	d14	CTRL	Infection1_d14	CTRL_d14_Infection1	Hypnozoite	Sexually.Committed_Hypnozoite	GSM5916713	Infection1_D14_Inf_100	NextSeq 500
D14SEQ100_TCCGCTAGTGAG	D14SEQ100_TCCGCTAGTGAG	CAPD14r100_TCCGCTAGTGAG	CAPD14r100	CAPD14r100	Infection1	d14	CTRL	Infection1_d14	CTRL_d14_Infection1	Hypnozoite	Non.Committed_Hypnozoite	GSM5916713	Infection1_D14_Inf_100	NextSeq 500
D14SEQ100_TCCGTGAGTGAG	D14SEQ100_TCCGTGAGTGAG	CAPD14r100_TCCGTGAGTGAG	CAPD14r100	CAPD14r100	Infection1	d14	CTRL	Infection1_d14	CTRL_d14_Infection1	Hypnozoite	Non.Committed_Hypnozoite	GSM5916713	Infection1_D14_Inf_100	NextSeq 500
D14SEQ100_GAGATGAAGAAC	D14SEQ100_GAGATGAAGAAC	CAPD14r100_GAGATGAAGAAC	CAPD14r100	CAPD14r100	Infection1	d14	CTRL	Infection1_d14	CTRL_d14_Infection1	Hypnozoite	Sexually.Committed_Hypnozoite	GSM5916713	Infection1_D14_Inf_100	NextSeq 500
D14SEQ100_TCCGCGAGTGAT	D14SEQ100_TCCGCGAGTGAT	CAPD14r100_TCCGCGAGTGAT	CAPD14r100	0.6	Infection1	d14	CTRL	Infection1_d14	CTRL_d14_Infection1	Hypnozoite	Sexually.Committed_Hypnozoite	GSM5916713	Infection1_D14_Inf_100	NextSeq 500
D14SEQ100_GAGATGAAGCTC	D14SEQ100_GAGATGAAGCTC	CAPD14r100_GAGATGAAGCTC	CAPD14r100	CAPD14r100	Infection1	d14	CTRL	Infection1_d14	CTRL_d14_Infection1	Hypnozoite	Non.Committed_Hypnozoite	GSM5916713	Infection1_D14_Inf_100	NextSeq 500
D14SEQ100_TCCGCGAGTGGG	D14SEQ100_TCCGCGAGTGGG	CAPD14r100_TCCGCGAGTGGG	CAPD14r100	CAPD14r100	Infection1	d14	CTRL	Infection1_d14	CTRL_d14_Infection1	Hypnozoite	Non.Committed_Hypnozoite	GSM5916713	Infection1_D14_Inf_100	NextSeq 500
D14SEQ100_TAACCGGTACGA	D14SEQ100_TAACCGGTACGA	CAPD14r100_TAACCGGTACGA	CAPD14r100	CAPD14r100	Infection1	d14	CTRL	Infection1_d14	CTRL_d14_Infection1	Replicative	Non.Committed_Replicative	GSM5916713	Infection1_D14_Inf_100	NextSeq 500
D14SEQ100_TCAGCGAGTGAG	D14SEQ100_TCAGCGAGTGAG	CAPD14r100_TCAGCGAGTGAG	CAPD14r100	CAPD14r100	Infection1	d14	CTRL	Infection1_d14	CTRL_d14_Infection1	Hypnozoite	Non.Committed_Hypnozoite	GSM5916713	Infection1_D14_Inf_100	NextSeq 500
D14SEQ100_TCCGCGAGAGAG	D14SEQ100_TCCGCGAGAGAG	CAPD14r100_TCCGCGAGAGAG	CAPD14r100	CAPD14r100	Infection1	d14	CTRL	Infection1_d14	CTRL_d14_Infection1	Hypnozoite	Non.Committed_Hypnozoite	GSM5916713	Infection1_D14_Inf_100	NextSeq 500
D14SEQ100_CAACCGGTACGA	D14SEQ100_CAACCGGTACGA	CAPD14r100_CAACCGGTACGA	CAPD14r100	CAPD14r100	Infection1	d14	CTRL	Infection1_d14	CTRL_d14_Infection1	Replicative	Non.Committed_Replicative	GSM5916713	Infection1_D14_Inf_100	NextSeq 500
D14SEQ100_GAGATGGAGCAC	D14SEQ100_GAGATGGAGCAC	CAPD14r100_GAGATGGAGCAC	CAPD14r100	CAPD14r100	Infection1	d14	CTRL	Infection1_d14	CTRL_d14_Infection1	Hypnozoite	Sexually.Committed_Hypnozoite	GSM5916713	Infection1_D14_Inf_100	NextSeq 500
D14SEQ100_GATATGAAGCAC	D14SEQ100_GATATGAAGCAC	CAPD14r100_GATATGAAGCAC	CAPD14r100	CAPD14r100	Infection1	d14	CTRL	Infection1_d14	CTRL_d14_Infection1	Hypnozoite	Sexually.Committed_Hypnozoite	GSM5916713	Infection1_D14_Inf_100	NextSeq 500
D14SEQ100_ACAACCCAAGGC	D14SEQ100_ACAACCCAAGGC	CAPD14r100_ACAACCCAAGGC	CAPD14r100	CAPD14r100	Infection1	d14	CTRL	Infection1_d14	CTRL_d14_Infection1	Replicative	Non.Committed_Replicative	GSM5916713	Infection1_D14_Inf_100	NextSeq 500
D14SEQ100_GAACCCGTACGA	D14SEQ100_GAACCCGTACGA	CAPD14r100_GAACCCGTACGA	CAPD14r100	CAPD14r100	Infection1	d14	CTRL	Infection1_d14	CTRL_d14_Infection1	Replicative	Non.Committed_Replicative	GSM5916713	Infection1_D14_Inf_100	NextSeq 500
D14SEQ100_TCCGCGATTGAG	D14SEQ100_TCCGCGATTGAG	CAPD14r100_TCCGCGATTGAG	CAPD14r100	0.6	Infection1	d14	CTRL	Infection1_d14	CTRL_d14_Infection1	Replicative	Non.Committed_Replicative	GSM5916713	Infection1_D14_Inf_100	NextSeq 500
D14SEQ100_GAGGTGAAGCAC	D14SEQ100_GAGGTGAAGCAC	CAPD14r100_GAGGTGAAGCAC	CAPD14r100	CAPD14r100	Infection1	d14	CTRL	Infection1_d14	CTRL_d14_Infection1	Hypnozoite	Non.Committed_Hypnozoite	GSM5916713	Infection1_D14_Inf_100	NextSeq 500
D14SEQ100_GAACCGGTACGT	D14SEQ100_GAACCGGTACGT	CAPD14r100_GAACCGGTACGT	CAPD14r100	CAPD14r100	Infection1	d14	CTRL	Infection1_d14	CTRL_d14_Infection1	Replicative	Non.Committed_Replicative	GSM5916713	Infection1_D14_Inf_100	NextSeq 500
D14SEQ100_GAGATGAAGACC	D14SEQ100_GAGATGAAGACC	CAPD14r100_GAGATGAAGACC	CAPD14r100	CAPD14r100	Infection1	d14	CTRL	Infection1_d14	CTRL_d14_Infection1	Replicative	Non.Committed_Replicative	GSM5916713	Infection1_D14_Inf_100	NextSeq 500
D14SEQ100_TTCGCGAGTGAG	D14SEQ100_TTCGCGAGTGAG	CAPD14r100_TTCGCGAGTGAG	CAPD14r100	CAPD14r100	Infection1	d14	CTRL	Infection1_d14	CTRL_d14_Infection1	Hypnozoite	Non.Committed_Hypnozoite	GSM5916713	Infection1_D14_Inf_100	NextSeq 500
D14SEQ100_ACCGCGCGTGAG	D14SEQ100_ACCGCGCGTGAG	CAPD14r100_ACCGCGCGTGAG	CAPD14r100	CAPD14r100	Infection1	d14	CTRL	Infection1_d14	CTRL_d14_Infection1	Hypnozoite	Non.Committed_Hypnozoite	GSM5916713	Infection1_D14_Inf_100	NextSeq 500
D14SEQ100_GAGTTGAAGCAC	D14SEQ100_GAGTTGAAGCAC	CAPD14r100_GAGTTGAAGCAC	CAPD14r100	CAPD14r100	Infection1	d14	CTRL	Infection1_d14	CTRL_d14_Infection1	Hypnozoite	Sexually.Committed_Hypnozoite	GSM5916713	Infection1_D14_Inf_100	NextSeq 500
D14SEQ100_GAACCGGTACTA	D14SEQ100_GAACCGGTACTA	CAPD14r100_GAACCGGTACTA	CAPD14r100	CAPD14r100	Infection1	d14	CTRL	Infection1_d14	CTRL_d14_Infection1	Replicative	Non.Committed_Replicative	GSM5916713	Infection1_D14_Inf_100	NextSeq 500
D14SEQ100_GAGATGAGGCAC	D14SEQ100_GAGATGAGGCAC	CAPD14r100_GAGATGAGGCAC	CAPD14r100	CAPD14r100	Infection1	d14	CTRL	Infection1_d14	CTRL_d14_Infection1	Hypnozoite	Non.Committed_Hypnozoite	GSM5916713	Infection1_D14_Inf_100	NextSeq 500
D14SEQ100_GAGATGAATCAC	D14SEQ100_GAGATGAATCAC	CAPD14r100_GAGATGAATCAC	CAPD14r100	CAPD14r100	Infection1	d14	CTRL	Infection1_d14	CTRL_d14_Infection1	Hypnozoite	Non.Committed_Hypnozoite	GSM5916713	Infection1_D14_Inf_100	NextSeq 500
D14SEQ100_GAGATGTAGCAC	D14SEQ100_GAGATGTAGCAC	CAPD14r100_GAGATGTAGCAC	CAPD14r100	CAPD14r100	Infection1	d14	CTRL	Infection1_d14	CTRL_d14_Infection1	Hypnozoite	Non.Committed_Hypnozoite	GSM5916713	Infection1_D14_Inf_100	NextSeq 500
D14SEQ100_GAACCGGTACGC	D14SEQ100_GAACCGGTACGC	CAPD14r100_GAACCGGTACGC	CAPD14r100	CAPD14r100	Infection1	d14	CTRL	Infection1_d14	CTRL_d14_Infection1	Replicative	Non.Committed_Replicative	GSM5916713	Infection1_D14_Inf_100	NextSeq 500
D14SEQ100_AAACCGGTACGA	D14SEQ100_AAACCGGTACGA	CAPD14r100_AAACCGGTACGA	CAPD14r100	CAPD14r100	Infection1	d14	CTRL	Infection1_d14	CTRL_d14_Infection1	Replicative	Non.Committed_Replicative	GSM5916713	Infection1_D14_Inf_100	NextSeq 500
D14SEQ100_CTACAGCCCGCA	D14SEQ100_CTACAGCCCGCA	CAPD14r100_CTACAGCCCGCA	CAPD14r100	CAPD14r100	Infection1	d14	CTRL	Infection1_d14	CTRL_d14_Infection1	Replicative	Non.Committed_Replicative	GSM5916713	Infection1_D14_Inf_100	NextSeq 500
D14SEQ100_TCCGAGAGTGAG	D14SEQ100_TCCGAGAGTGAG	CAPD14r100_TCCGAGAGTGAG	CAPD14r100	CAPD14r100	Infection1	d14	CTRL	Infection1_d14	CTRL_d14_Infection1	Hypnozoite	Non.Committed_Hypnozoite	GSM5916713	Infection1_D14_Inf_100	NextSeq 500
D14SEQ100_GAGATGACGCAC	D14SEQ100_GAGATGACGCAC	CAPD14r100_GAGATGACGCAC	CAPD14r100	CAPD14r100	Infection1	d14	CTRL	Infection1_d14	CTRL_d14_Infection1	Hypnozoite	Sexually.Committed_Hypnozoite	GSM5916713	Infection1_D14_Inf_100	NextSeq 500
D14SEQ100_GAGACGAAGCAC	D14SEQ100_GAGACGAAGCAC	CAPD14r100_GAGACGAAGCAC	CAPD14r100	CAPD14r100	Infection1	d14	CTRL	Infection1_d14	CTRL_d14_Infection1	Hypnozoite	Non.Committed_Hypnozoite	GSM5916713	Infection1_D14_Inf_100	NextSeq 500
D14SEQ100_GACCCGGTACGA	D14SEQ100_GACCCGGTACGA	CAPD14r100_GACCCGGTACGA	CAPD14r100	CAPD14r100	Infection1	d14	CTRL	Infection1_d14	CTRL_d14_Infection1	Replicative	Non.Committed_Replicative	GSM5916713	Infection1_D14_Inf_100	NextSeq 500
D14SEQ100_TACGCGAGTGAG	D14SEQ100_TACGCGAGTGAG	CAPD14r100_TACGCGAGTGAG	CAPD14r100	CAPD14r100	Infection1	d14	CTRL	Infection1_d14	CTRL_d14_Infection1	Hypnozoite	Non.Committed_Hypnozoite	GSM5916713	Infection1_D14_Inf_100	NextSeq 500
D14SEQ100_GAACCGGTATGA	D14SEQ100_GAACCGGTATGA	CAPD14r100_GAACCGGTATGA	CAPD14r100	CAPD14r100	Infection1	d14	CTRL	Infection1_d14	CTRL_d14_Infection1	Replicative	Non.Committed_Replicative	GSM5916713	Infection1_D14_Inf_100	NextSeq 500
D14SEQ100_TCCGCGGGTGAG	D14SEQ100_TCCGCGGGTGAG	CAPD14r100_TCCGCGGGTGAG	CAPD14r100	CAPD14r100	Infection1	d14	CTRL	Infection1_d14	CTRL_d14_Infection1	Hypnozoite	Non.Committed_Hypnozoite	GSM5916713	Infection1_D14_Inf_100	NextSeq 500
D14SEQ100_GCTTTTGTATTA	D14SEQ100_GCTTTTGTATTA	CAPD14r100_GCTTTTGTATTA	CAPD14r100	CAPD14r100	Infection1	d14	CTRL	Infection1_d14	CTRL_d14_Infection1	Replicative	Non.Committed_Replicative	GSM5916713	Infection1_D14_Inf_100	NextSeq 500
D14SEQ100_GTACCGGTACGA	D14SEQ100_GTACCGGTACGA	CAPD14r100_GTACCGGTACGA	CAPD14r100	CAPD14r100	Infection1	d14	CTRL	Infection1_d14	CTRL_d14_Infection1	Replicative	Non.Committed_Replicative	GSM5916713	Infection1_D14_Inf_100	NextSeq 500
D14SEQ100_GAGATGAAGGAC	D14SEQ100_GAGATGAAGGAC	CAPD14r100_GAGATGAAGGAC	CAPD14r100	CAPD14r100	Infection1	d14	CTRL	Infection1_d14	CTRL_d14_Infection1	Hypnozoite	Sexually.Committed_Hypnozoite	GSM5916713	Infection1_D14_Inf_100	NextSeq 500
D14SEQ100_ACCGCGAGTGCG	D14SEQ100_ACCGCGAGTGCG	CAPD14r100_ACCGCGAGTGCG	CAPD14r100	CAPD14r100	Infection1	d14	CTRL	Infection1_d14	CTRL_d14_Infection1	Hypnozoite	Non.Committed_Hypnozoite	GSM5916713	Infection1_D14_Inf_100	NextSeq 500
D14SEQ100_GAACCAGTACGA	D14SEQ100_GAACCAGTACGA	CAPD14r100_GAACCAGTACGA	CAPD14r100	CAPD14r100	Infection1	d14	CTRL	Infection1_d14	CTRL_d14_Infection1	Replicative	Non.Committed_Replicative	GSM5916713	Infection1_D14_Inf_100	NextSeq 500
D14SEQ100_TCCGCGTGTGAG	D14SEQ100_TCCGCGTGTGAG	CAPD14r100_TCCGCGTGTGAG	CAPD14r100	CAPD14r100	Infection1	d14	CTRL	Infection1_d14	CTRL_d14_Infection1	Hypnozoite	Non.Committed_Hypnozoite	GSM5916713	Infection1_D14_Inf_100	NextSeq 500
D14SEQ100_CAGATGCAGCAC	D14SEQ100_CAGATGCAGCAC	CAPD14r100_CAGATGCAGCAC	CAPD14r100	CAPD14r100	Infection1	d14	CTRL	Infection1_d14	CTRL_d14_Infection1	Hypnozoite	Non.Committed_Hypnozoite	GSM5916713	Infection1_D14_Inf_100	NextSeq 500
D14SEQ100_AAGCTGAAGCAC	D14SEQ100_AAGCTGAAGCAC	CAPD14r100_AAGCTGAAGCAC	CAPD14r100	CAPD14r100	Infection1	d14	CTRL	Infection1_d14	CTRL_d14_Infection1	Hypnozoite	Non.Committed_Hypnozoite	GSM5916713	Infection1_D14_Inf_100	NextSeq 500
D14SEQ100_GGACCGGTACGA	D14SEQ100_GGACCGGTACGA	CAPD14r100_GGACCGGTACGA	CAPD14r100	CAPD14r100	Infection1	d14	CTRL	Infection1_d14	CTRL_d14_Infection1	Replicative	Non.Committed_Replicative	GSM5916713	Infection1_D14_Inf_100	NextSeq 500
D14SEQ100_TCCTCGAGTGAG	D14SEQ100_TCCTCGAGTGAG	CAPD14r100_TCCTCGAGTGAG	CAPD14r100	CAPD14r100	Infection1	d14	CTRL	Infection1_d14	CTRL_d14_Infection1	Hypnozoite	Non.Committed_Hypnozoite	GSM5916713	Infection1_D14_Inf_100	NextSeq 500
D14SEQ100_GAACCGATACGA	D14SEQ100_GAACCGATACGA	CAPD14r100_GAACCGATACGA	CAPD14r100	CAPD14r100	Infection1	d14	CTRL	Infection1_d14	CTRL_d14_Infection1	Replicative	Non.Committed_Replicative	GSM5916713	Infection1_D14_Inf_100	NextSeq 500
D14SEQ100_GAACTGGTACGA	D14SEQ100_GAACTGGTACGA	CAPD14r100_GAACTGGTACGA	CAPD14r100	CAPD14r100	Infection1	d14	CTRL	Infection1_d14	CTRL_d14_Infection1	Replicative	Non.Committed_Replicative	GSM5916713	Infection1_D14_Inf_100	NextSeq 500
D14SEQ100_GAGATGATGCAC	D14SEQ100_GAGATGATGCAC	CAPD14r100_GAGATGATGCAC	CAPD14r100	CAPD14r100	Infection1	d14	CTRL	Infection1_d14	CTRL_d14_Infection1	Hypnozoite	Sexually.Committed_Hypnozoite	GSM5916713	Infection1_D14_Inf_100	NextSeq 500
D14SEQ100_GAACCGGAACGA	D14SEQ100_GAACCGGAACGA	CAPD14r100_GAACCGGAACGA	CAPD14r100	CAPD14r100	Infection1	d14	CTRL	Infection1_d14	CTRL_d14_Infection1	Replicative	Non.Committed_Replicative	GSM5916713	Infection1_D14_Inf_100	NextSeq 500
D14SEQ100_GAGATTAAGCAC	D14SEQ100_GAGATTAAGCAC	CAPD14r100_GAGATTAAGCAC	CAPD14r100	CAPD14r100	Infection1	d14	CTRL	Infection1_d14	CTRL_d14_Infection1	Hypnozoite	Sexually.Committed_Hypnozoite	GSM5916713	Infection1_D14_Inf_100	NextSeq 500
D14SEQ100_CAGATGAAGCCC	D14SEQ100_CAGATGAAGCCC	CAPD14r100_CAGATGAAGCCC	CAPD14r100	CAPD14r100	Infection1	d14	CTRL	Infection1_d14	CTRL_d14_Infection1	Hypnozoite	Non.Committed_Hypnozoite	GSM5916713	Infection1_D14_Inf_100	NextSeq 500
D14SEQ100_GAGAGGAAGCAC	D14SEQ100_GAGAGGAAGCAC	CAPD14r100_GAGAGGAAGCAC	CAPD14r100	CAPD14r100	Infection1	d14	CTRL	Infection1_d14	CTRL_d14_Infection1	Hypnozoite	Sexually.Committed_Hypnozoite	GSM5916713	Infection1_D14_Inf_100	NextSeq 500
D14SEQ100_TCCGCGAGCGAG	D14SEQ100_TCCGCGAGCGAG	CAPD14r100_TCCGCGAGCGAG	CAPD14r100	CAPD14r100	Infection1	d14	CTRL	Infection1_d14	CTRL_d14_Infection1	Hypnozoite	Non.Committed_Hypnozoite	GSM5916713	Infection1_D14_Inf_100	NextSeq 500
D14SEQ100_GCACCGGTACGA	D14SEQ100_GCACCGGTACGA	CAPD14r100_GCACCGGTACGA	CAPD14r100	CAPD14r100	Infection1	d14	CTRL	Infection1_d14	CTRL_d14_Infection1	Replicative	Non.Committed_Replicative	GSM5916713	Infection1_D14_Inf_100	NextSeq 500
D14SEQ100_GAACCGGTACGG	D14SEQ100_GAACCGGTACGG	CAPD14r100_GAACCGGTACGG	CAPD14r100	CAPD14r100	Infection1	d14	CTRL	Infection1_d14	CTRL_d14_Infection1	Replicative	Non.Committed_Replicative	GSM5916713	Infection1_D14_Inf_100	NextSeq 500
D14SEQ100_AAGATGCAGCAC	D14SEQ100_AAGATGCAGCAC	CAPD14r100_AAGATGCAGCAC	CAPD14r100	CAPD14r100	Infection1	d14	CTRL	Infection1_d14	CTRL_d14_Infection1	Hypnozoite	Non.Committed_Hypnozoite	GSM5916713	Infection1_D14_Inf_100	NextSeq 500
D14SEQ100_GCCGCGCGTGAG	D14SEQ100_GCCGCGCGTGAG	CAPD14r100_GCCGCGCGTGAG	CAPD14r100	CAPD14r100	Infection1	d14	CTRL	Infection1_d14	CTRL_d14_Infection1	Hypnozoite	Non.Committed_Hypnozoite	GSM5916713	Infection1_D14_Inf_100	NextSeq 500
D14SEQ100_GATCCGGTACGA	D14SEQ100_GATCCGGTACGA	CAPD14r100_GATCCGGTACGA	CAPD14r100	CAPD14r100	Infection1	d14	CTRL	Infection1_d14	CTRL_d14_Infection1	Replicative	Non.Committed_Replicative	GSM5916713	Infection1_D14_Inf_100	NextSeq 500
D14SEQ100_TCGGCGAGTGAG	D14SEQ100_TCGGCGAGTGAG	CAPD14r100_TCGGCGAGTGAG	CAPD14r100	CAPD14r100	Infection1	d14	CTRL	Infection1_d14	CTRL_d14_Infection1	Hypnozoite	Non.Committed_Hypnozoite	GSM5916713	Infection1_D14_Inf_100	NextSeq 500
D14SEQ100_GAACAGGTACGA	D14SEQ100_GAACAGGTACGA	CAPD14r100_GAACAGGTACGA	CAPD14r100	CAPD14r100	Infection1	d14	CTRL	Infection1_d14	CTRL_d14_Infection1	Replicative	Non.Committed_Replicative	GSM5916713	Infection1_D14_Inf_100	NextSeq 500
D14SEQ100_TGCGCGAGTGAG	D14SEQ100_TGCGCGAGTGAG	CAPD14r100_TGCGCGAGTGAG	CAPD14r100	CAPD14r100	Infection1	d14	CTRL	Infection1_d14	CTRL_d14_Infection1	Replicative	Non.Committed_Replicative	GSM5916713	Infection1_D14_Inf_100	NextSeq 500
D14SEQ100_TCCGCGAGGGAG	D14SEQ100_TCCGCGAGGGAG	CAPD14r100_TCCGCGAGGGAG	CAPD14r100	CAPD14r100	Infection1	d14	CTRL	Infection1_d14	CTRL_d14_Infection1	Hypnozoite	Non.Committed_Hypnozoite	GSM5916713	Infection1_D14_Inf_100	NextSeq 500
D14SEQ100_GGGCTGAAGCAC	D14SEQ100_GGGCTGAAGCAC	CAPD14r100_GGGCTGAAGCAC	CAPD14r100	CAPD14r100	Infection1	d14	CTRL	Infection1_d14	CTRL_d14_Infection1	Hypnozoite	Non.Committed_Hypnozoite	GSM5916713	Infection1_D14_Inf_100	NextSeq 500
D14SEQ100_AAGATGAAGCCC	D14SEQ100_AAGATGAAGCCC	CAPD14r100_AAGATGAAGCCC	CAPD14r100	CAPD14r100	Infection1	d14	CTRL	Infection1_d14	CTRL_d14_Infection1	Hypnozoite	Non.Committed_Hypnozoite	GSM5916713	Infection1_D14_Inf_100	NextSeq 500
D14SEQ100_GAACCGTTACGA	D14SEQ100_GAACCGTTACGA	CAPD14r100_GAACCGTTACGA	CAPD14r100	CAPD14r100	Infection1	d14	CTRL	Infection1_d14	CTRL_d14_Infection1	Replicative	Non.Committed_Replicative	GSM5916713	Infection1_D14_Inf_100	NextSeq 500
D14SEQ100_GAGCCGGTACGA	D14SEQ100_GAGCCGGTACGA	CAPD14r100_GAGCCGGTACGA	CAPD14r100	CAPD14r100	Infection1	d14	CTRL	Infection1_d14	CTRL_d14_Infection1	Replicative	Non.Committed_Replicative	GSM5916713	Infection1_D14_Inf_100	NextSeq 500
D14SEQ100_GAACAGCCCGCA	D14SEQ100_GAACAGCCCGCA	CAPD14r100_GAACAGCCCGCA	CAPD14r100	CAPD14r100	Infection1	d14	CTRL	Infection1_d14	CTRL_d14_Infection1	Replicative	Non.Committed_Replicative	GSM5916713	Infection1_D14_Inf_100	NextSeq 500
D14SEQ100_GAACCTGTACGA	D14SEQ100_GAACCTGTACGA	CAPD14r100_GAACCTGTACGA	CAPD14r100	CAPD14r100	Infection1	d14	CTRL	Infection1_d14	CTRL_d14_Infection1	Replicative	Non.Committed_Replicative	GSM5916713	Infection1_D14_Inf_100	NextSeq 500
D14SEQ100_CAGCTGAAGCAC	D14SEQ100_CAGCTGAAGCAC	CAPD14r100_CAGCTGAAGCAC	CAPD14r100	CAPD14r100	Infection1	d14	CTRL	Infection1_d14	CTRL_d14_Infection1	Hypnozoite	Non.Committed_Hypnozoite	GSM5916713	Infection1_D14_Inf_100	NextSeq 500
D14SEQ100_GAACCGGTAAGA	D14SEQ100_GAACCGGTAAGA	CAPD14r100_GAACCGGTAAGA	CAPD14r100	CAPD14r100	Infection1	d14	CTRL	Infection1_d14	CTRL_d14_Infection1	Replicative	Non.Committed_Replicative	GSM5916713	Infection1_D14_Inf_100	NextSeq 500
D14SEQ100_TAGCTGAAGCAC	D14SEQ100_TAGCTGAAGCAC	CAPD14r100_TAGCTGAAGCAC	CAPD14r100	CAPD14r100	Infection1	d14	CTRL	Infection1_d14	CTRL_d14_Infection1	Hypnozoite	Non.Committed_Hypnozoite	GSM5916713	Infection1_D14_Inf_100	NextSeq 500
D14SEQ100_TCCGGGAGTGAG	D14SEQ100_TCCGGGAGTGAG	CAPD14r100_TCCGGGAGTGAG	CAPD14r100	CAPD14r100	Infection1	d14	CTRL	Infection1_d14	CTRL_d14_Infection1	Hypnozoite	Non.Committed_Hypnozoite	GSM5916713	Infection1_D14_Inf_100	NextSeq 500
D14SEQ100_GAAACGGTACGA	D14SEQ100_GAAACGGTACGA	CAPD14r100_GAAACGGTACGA	CAPD14r100	CAPD14r100	Infection1	d14	CTRL	Infection1_d14	CTRL_d14_Infection1	Replicative	Non.Committed_Replicative	GSM5916713	Infection1_D14_Inf_100	NextSeq 500
D14SEQ100_TCAACCAAAGGC	D14SEQ100_TCAACCAAAGGC	CAPD14r100_TCAACCAAAGGC	CAPD14r100	CAPD14r100	Infection1	d14	CTRL	Infection1_d14	CTRL_d14_Infection1	Replicative	Non.Committed_Replicative	GSM5916713	Infection1_D14_Inf_100	NextSeq 500
D14SEQ100_GCCGCGAGTGCG	D14SEQ100_GCCGCGAGTGCG	CAPD14r100_GCCGCGAGTGCG	CAPD14r100	CAPD14r100	Infection1	d14	CTRL	Infection1_d14	CTRL_d14_Infection1	Hypnozoite	Non.Committed_Hypnozoite	GSM5916713	Infection1_D14_Inf_100	NextSeq 500
D14SEQ100_GAGAAGCAGCAC	D14SEQ100_GAGAAGCAGCAC	CAPD14r100_GAGAAGCAGCAC	CAPD14r100	CAPD14r100	Infection1	d14	CTRL	Infection1_d14	CTRL_d14_Infection1	Hypnozoite	Non.Committed_Hypnozoite	GSM5916713	Infection1_D14_Inf_100	NextSeq 500
D14SEQ100_GAACGGGTACGA	D14SEQ100_GAACGGGTACGA	CAPD14r100_GAACGGGTACGA	CAPD14r100	CAPD14r100	Infection1	d14	CTRL	Infection1_d14	CTRL_d14_Infection1	Replicative	Non.Committed_Replicative	GSM5916713	Infection1_D14_Inf_100	NextSeq 500
D14SEQ100_GAGAAGAAGCCC	D14SEQ100_GAGAAGAAGCCC	CAPD14r100_GAGAAGAAGCCC	CAPD14r100	CAPD14r100	Infection1	d14	CTRL	Infection1_d14	CTRL_d14_Infection1	Hypnozoite	Non.Committed_Hypnozoite	GSM5916713	Infection1_D14_Inf_100	NextSeq 500
D14SEQ100_ACCGCGAGAGAG	D14SEQ100_ACCGCGAGAGAG	CAPD14r100_ACCGCGAGAGAG	CAPD14r100	CAPD14r100	Infection1	d14	CTRL	Infection1_d14	CTRL_d14_Infection1	Hypnozoite	Non.Committed_Hypnozoite	GSM5916713	Infection1_D14_Inf_100	NextSeq 500
D14SEQ100_GTACAGCCAGCA	D14SEQ100_GTACAGCCAGCA	CAPD14r100_GTACAGCCAGCA	CAPD14r100	CAPD14r100	Infection1	d14	CTRL	Infection1_d14	CTRL_d14_Infection1	Replicative	Non.Committed_Replicative	GSM5916713	Infection1_D14_Inf_100	NextSeq 500
D14SEQ100_GAACCGGTGCGA	D14SEQ100_GAACCGGTGCGA	CAPD14r100_GAACCGGTGCGA	CAPD14r100	CAPD14r100	Infection1	d14	CTRL	Infection1_d14	CTRL_d14_Infection1	Replicative	Non.Committed_Replicative	GSM5916713	Infection1_D14_Inf_100	NextSeq 500
D14SEQ100_GAGCAGAAGCAC	D14SEQ100_GAGCAGAAGCAC	CAPD14r100_GAGCAGAAGCAC	CAPD14r100	CAPD14r100	Infection1	d14	CTRL	Infection1_d14	CTRL_d14_Infection1	Hypnozoite	Non.Committed_Hypnozoite	GSM5916713	Infection1_D14_Inf_100	NextSeq 500
D14SEQ100_TAGATGCAGCAC	D14SEQ100_TAGATGCAGCAC	CAPD14r100_TAGATGCAGCAC	CAPD14r100	CAPD14r100	Infection1	d14	CTRL	Infection1_d14	CTRL_d14_Infection1	Hypnozoite	Non.Committed_Hypnozoite	GSM5916713	Infection1_D14_Inf_100	NextSeq 500
D14SEQ100_CAGAAGAAGCAC	D14SEQ100_CAGAAGAAGCAC	CAPD14r100_CAGAAGAAGCAC	CAPD14r100	CAPD14r100	Infection1	d14	CTRL	Infection1_d14	CTRL_d14_Infection1	Hypnozoite	Sexually.Committed_Hypnozoite	GSM5916713	Infection1_D14_Inf_100	NextSeq 500
D14SEQ100_ACCGCGAGTCAG	D14SEQ100_ACCGCGAGTCAG	CAPD14r100_ACCGCGAGTCAG	CAPD14r100	CAPD14r100	Infection1	d14	CTRL	Infection1_d14	CTRL_d14_Infection1	Hypnozoite	Non.Committed_Hypnozoite	GSM5916713	Infection1_D14_Inf_100	NextSeq 500
D14SEQ100_CAATGATATGAC	D14SEQ100_CAATGATATGAC	CAPD14r100_CAATGATATGAC	CAPD14r100	CAPD14r100	Infection1	d14	CTRL	Infection1_d14	CTRL_d14_Infection1	Replicative	Non.Committed_Replicative	GSM5916713	Infection1_D14_Inf_100	NextSeq 500
D14SEQ100_GAACCGGCACGA	D14SEQ100_GAACCGGCACGA	CAPD14r100_GAACCGGCACGA	CAPD14r100	CAPD14r100	Infection1	d14	CTRL	Infection1_d14	CTRL_d14_Infection1	Replicative	Non.Committed_Replicative	GSM5916713	Infection1_D14_Inf_100	NextSeq 500
D14SEQ100_ACCCCGAGTGAG	D14SEQ100_ACCCCGAGTGAG	CAPD14r100_ACCCCGAGTGAG	CAPD14r100	CAPD14r100	Infection1	d14	CTRL	Infection1_d14	CTRL_d14_Infection1	Hypnozoite	Non.Committed_Hypnozoite	GSM5916713	Infection1_D14_Inf_100	NextSeq 500
D14SEQ100_CAGATCAAGCAC	D14SEQ100_CAGATCAAGCAC	CAPD14r100_CAGATCAAGCAC	CAPD14r100	CAPD14r100	Infection1	d14	CTRL	Infection1_d14	CTRL_d14_Infection1	Hypnozoite	Non.Committed_Hypnozoite	GSM5916713	Infection1_D14_Inf_100	NextSeq 500
D14SEQ100_GCAACCCAAGGC	D14SEQ100_GCAACCCAAGGC	CAPD14r100_GCAACCCAAGGC	CAPD14r100	CAPD14r100	Infection1	d14	CTRL	Infection1_d14	CTRL_d14_Infection1	Replicative	Non.Committed_Replicative	GSM5916713	Infection1_D14_Inf_100	NextSeq 500
D14SEQ100_TAAACCCAAGGC	D14SEQ100_TAAACCCAAGGC	CAPD14r100_TAAACCCAAGGC	CAPD14r100	CAPD14r100	Infection1	d14	CTRL	Infection1_d14	CTRL_d14_Infection1	Replicative	Non.Committed_Replicative	GSM5916713	Infection1_D14_Inf_100	NextSeq 500
D14SEQ100_TCAACACAAGGC	D14SEQ100_TCAACACAAGGC	CAPD14r100_TCAACACAAGGC	CAPD14r100	CAPD14r100	Infection1	d14	CTRL	Infection1_d14	CTRL_d14_Infection1	Replicative	Non.Committed_Replicative	GSM5916713	Infection1_D14_Inf_100	NextSeq 500
D14SEQ100_ACCGCGACTGAG	D14SEQ100_ACCGCGACTGAG	CAPD14r100_ACCGCGACTGAG	CAPD14r100	CAPD14r100	Infection1	d14	CTRL	Infection1_d14	CTRL_d14_Infection1	Hypnozoite	Non.Committed_Hypnozoite	GSM5916713	Infection1_D14_Inf_100	NextSeq 500
D14SEQ100_CACATGAAGCAC	D14SEQ100_CACATGAAGCAC	CAPD14r100_CACATGAAGCAC	CAPD14r100	CAPD14r100	Infection1	d14	CTRL	Infection1_d14	CTRL_d14_Infection1	Hypnozoite	Non.Committed_Hypnozoite	GSM5916713	Infection1_D14_Inf_100	NextSeq 500
D14SEQ100_TCCGCGCGAGAG	D14SEQ100_TCCGCGCGAGAG	CAPD14r100_TCCGCGCGAGAG	CAPD14r100	CAPD14r100	Infection1	d14	CTRL	Infection1_d14	CTRL_d14_Infection1	Hypnozoite	Non.Committed_Hypnozoite	GSM5916713	Infection1_D14_Inf_100	NextSeq 500
D14SEQ100_TAGATGAAGCCC	D14SEQ100_TAGATGAAGCCC	CAPD14r100_TAGATGAAGCCC	CAPD14r100	CAPD14r100	Infection1	d14	CTRL	Infection1_d14	CTRL_d14_Infection1	Replicative	Non.Committed_Replicative	GSM5916713	Infection1_D14_Inf_100	NextSeq 500
D14SEQ100_TCAGCGCGTGAG	D14SEQ100_TCAGCGCGTGAG	CAPD14r100_TCAGCGCGTGAG	CAPD14r100	CAPD14r100	Infection1	d14	CTRL	Infection1_d14	CTRL_d14_Infection1	Hypnozoite	Non.Committed_Hypnozoite	GSM5916713	Infection1_D14_Inf_100	NextSeq 500
D14SEQ100_GACAAGAAGCAC	D14SEQ100_GACAAGAAGCAC	CAPD14r100_GACAAGAAGCAC	CAPD14r100	CAPD14r100	Infection1	d14	CTRL	Infection1_d14	CTRL_d14_Infection1	Hypnozoite	Non.Committed_Hypnozoite	GSM5916713	Infection1_D14_Inf_100	NextSeq 500
D14SEQ100_ACCGCCAGTGAG	D14SEQ100_ACCGCCAGTGAG	CAPD14r100_ACCGCCAGTGAG	CAPD14r100	CAPD14r100	Infection1	d14	CTRL	Infection1_d14	CTRL_d14_Infection1	Hypnozoite	Non.Committed_Hypnozoite	GSM5916713	Infection1_D14_Inf_100	NextSeq 500
D14SEQ100_GAACCGGGACGA	D14SEQ100_GAACCGGGACGA	CAPD14r100_GAACCGGGACGA	CAPD14r100	CAPD14r100	Infection1	d14	CTRL	Infection1_d14	CTRL_d14_Infection1	Replicative	Non.Committed_Replicative	GSM5916713	Infection1_D14_Inf_100	NextSeq 500
D14SEQ100_GAGAACAAGCAC	D14SEQ100_GAGAACAAGCAC	CAPD14r100_GAGAACAAGCAC	CAPD14r100	CAPD14r100	Infection1	d14	CTRL	Infection1_d14	CTRL_d14_Infection1	Replicative	Non.Committed_Replicative	GSM5916713	Infection1_D14_Inf_100	NextSeq 500
D1SEQ100_GGTGCCCGGGGG.1	D1SEQ100_GGTGCCCGGGGG	CAPD1r100_GGTGCCCGGGGG	CAPD1r100	NA	Infection1	d1	CTRL	NA	CTRL_d1_Infection1	Replicative	Non.Committed_Replicative	GSM5916705	Infection1_D1_Inf_100	NextSeq 500
D1SEQ100_ACTCATGAAACG.1	D1SEQ100_ACTCATGAAACG	CAPD1r100_ACTCATGAAACG	CAPD1r100	NA	Infection1	d1	CTRL	NA	CTRL_d1_Infection1	Replicative	Sexually.Committed_Replicative	GSM5916705	Infection1_D1_Inf_100	NextSeq 500
D1SEQ100_CCGTCGCTAACA.1	D1SEQ100_CCGTCGCTAACA	CAPD1r100_CCGTCGCTAACA	CAPD1r100	NA	Infection1	d1	CTRL	NA	CTRL_d1_Infection1	Replicative	Sexually.Committed_Replicative	GSM5916705	Infection1_D1_Inf_100	NextSeq 500
D1SEQ100_CGCGCGATCTCA	D1SEQ100_CGCGCGATCTCA	CAPD1r100_CGCGCGATCTCA	CAPD1r100	NA	Infection1	d1	CTRL	NA	CTRL_d1_Infection1	Replicative	Sexually.Committed_Replicative	GSM5916705	Infection1_D1_Inf_100	NextSeq 500
D1SEQ100_TGTGCTGAGTGA.1	D1SEQ100_TGTGCTGAGTGA	CAPD1r100_TGTGCTGAGTGA	CAPD1r100	NA	Infection1	d1	CTRL	NA	CTRL_d1_Infection1	Hypnozoite	Sexually.Committed_Hypnozoite	GSM5916705	Infection1_D1_Inf_100	NextSeq 500
D1SEQ100_TTAGCCAAGGAT.1	D1SEQ100_TTAGCCAAGGAT	CAPD1r100_TTAGCCAAGGAT	CAPD1r100	NA	Infection1	d1	CTRL	NA	CTRL_d1_Infection1	Replicative	Non.Committed_Replicative	GSM5916705	Infection1_D1_Inf_100	NextSeq 500
D1SEQ100_TGCCAGTTTCCA.1	D1SEQ100_TGCCAGTTTCCA	CAPD1r100_TGCCAGTTTCCA	CAPD1r100	NA	Infection1	d1	CTRL	NA	CTRL_d1_Infection1	Replicative	Non.Committed_Replicative	GSM5916705	Infection1_D1_Inf_100	NextSeq 500
D1SEQ100_TACGGATTTGTC	D1SEQ100_TACGGATTTGTC	CAPD1r100_TACGGATTTGTC	CAPD1r100	NA	Infection1	d1	CTRL	NA	CTRL_d1_Infection1	Replicative	Non.Committed_Replicative	GSM5916705	Infection1_D1_Inf_100	NextSeq 500
D1SEQ100_GGAATCACCACA.1	D1SEQ100_GGAATCACCACA	CAPD1r100_GGAATCACCACA	CAPD1r100	NA	Infection1	d1	CTRL	NA	CTRL_d1_Infection1	Replicative	Non.Committed_Replicative	GSM5916705	Infection1_D1_Inf_100	NextSeq 500
D1SEQ100_CAGAGCCGGGGT.1	D1SEQ100_CAGAGCCGGGGT	CAPD1r100_CAGAGCCGGGGT	CAPD1r100	NA	Infection1	d1	CTRL	NA	CTRL_d1_Infection1	Replicative	Non.Committed_Replicative	GSM5916705	Infection1_D1_Inf_100	NextSeq 500
D1SEQ100_TCCCCCCTCAGT	D1SEQ100_TCCCCCCTCAGT	CAPD1r100_TCCCCCCTCAGT	CAPD1r100	NA	Infection1	d1	CTRL	NA	CTRL_d1_Infection1	Replicative	Non.Committed_Replicative	GSM5916705	Infection1_D1_Inf_100	NextSeq 500
D1SEQ100_CTGGTGCCGGTC	D1SEQ100_CTGGTGCCGGTC	CAPD1r100_CTGGTGCCGGTC	CAPD1r100	NA	Infection1	d1	CTRL	NA	CTRL_d1_Infection1	Replicative	Non.Committed_Replicative	GSM5916705	Infection1_D1_Inf_100	NextSeq 500
D1SEQ100_CACCCTTTGATG	D1SEQ100_CACCCTTTGATG	CAPD1r100_CACCCTTTGATG	CAPD1r100	NA	Infection1	d1	CTRL	NA	CTRL_d1_Infection1	Replicative	Non.Committed_Replicative	GSM5916705	Infection1_D1_Inf_100	NextSeq 500
D1SEQ100_GTAACATTCTTA.1	D1SEQ100_GTAACATTCTTA	CAPD1r100_GTAACATTCTTA	CAPD1r100	NA	Infection1	d1	CTRL	NA	CTRL_d1_Infection1	Replicative	Non.Committed_Replicative	GSM5916705	Infection1_D1_Inf_100	NextSeq 500
D5SEQ50_CAAAGGATGTCG.1	D5SEQ50_CAAAGGATGTCG	CAPD5r50_CAAAGGATGTCG	CAPD5r50	NA	Infection1	d5	CTRL	NA	CTRL_d5_Infection1	Replicative	Non.Committed_Replicative	GSM5916706	Infection1_D5_Inf_50	NextSeq 500
D5SEQ100_TCTTCGAGATCC.1	D5SEQ100_TCTTCGAGATCC	CAPD5r100_TCTTCGAGATCC	CAPD5r100	NA	Infection1	d5	CTRL	NA	CTRL_d5_Infection1	Replicative	Non.Committed_Replicative	GSM5916707	Infection1_D5_Inf_100	NextSeq 500
D11SEQ100_ATCTCGCAGCGA.1	D11SEQ100_ATCTCGCAGCGA	CAPD11r100_ATCTCGCAGCGA	CAPD11r100	NA	Infection1	d11	CTRL	NA	CTRL_d11_Infection1	Replicative	Non.Committed_Replicative	GSM5916711	Infection1_D11_Inf_100	NextSeq 500
D14SEQ100_TCCGCGAGTAAG.1	D14SEQ100_TCCGCGAGTAAG	CAPD14r100_TCCGCGAGTAAG	CAPD14r100	NA	Infection1	d14	CTRL	NA	CTRL_d14_Infection1	Replicative	Non.Committed_Replicative	GSM5916713	Infection1_D14_Inf_100	NextSeq 500
D8Seq1_AATTCTCCATAT	D8Seq1_AATTCTCCATAT	SEQ8r1_AATTCTCCATAT	SEQ8r1	SEQ8r1	Infection2	d8	CTRL	Infection2_d8	CTRL_d8_Infection2	Hypnozoite	Non.Committed_Hypnozoite	GSM5916734	Infection2_D8_SEQ1	Illumina NovaSeq 6000
D8Seq1_ACGTAGCCGGAA	D8Seq1_ACGTAGCCGGAA	SEQ8r1_ACGTAGCCGGAA	SEQ8r1	SEQ8r1	Infection2	d8	CTRL	Infection2_d8	CTRL_d8_Infection2	Replicative	Non.Committed_Replicative	GSM5916734	Infection2_D8_SEQ1	Illumina NovaSeq 6000
D8Seq1_AGGGGCAGAGGA	D8Seq1_AGGGGCAGAGGA	SEQ8r1_AGGGGCAGAGGA	SEQ8r1	SEQ8r1	Infection2	d8	CTRL	Infection2_d8	CTRL_d8_Infection2	Hypnozoite	Sexually.Committed_Hypnozoite	GSM5916734	Infection2_D8_SEQ1	Illumina NovaSeq 6000
D8Seq1_ATCACTCCCAAA	D8Seq1_ATCACTCCCAAA	SEQ8r1_ATCACTCCCAAA	SEQ8r1	SEQ8r1	Infection2	d8	CTRL	Infection2_d8	CTRL_d8_Infection2	Replicative	Non.Committed_Replicative	GSM5916734	Infection2_D8_SEQ1	Illumina NovaSeq 6000
D8Seq1_CTGGATTTTCAT	D8Seq1_CTGGATTTTCAT	SEQ8r1_CTGGATTTTCAT	SEQ8r1	SEQ8r1	Infection2	d8	CTRL	Infection2_d8	CTRL_d8_Infection2	Replicative	Non.Committed_Replicative	GSM5916734	Infection2_D8_SEQ1	Illumina NovaSeq 6000
D8Seq1_CTTTTGTATTAG	D8Seq1_CTTTTGTATTAG	SEQ8r1_CTTTTGTATTAG	SEQ8r1	SEQ8r1	Infection2	d8	CTRL	Infection2_d8	CTRL_d8_Infection2	Replicative	Non.Committed_Replicative	GSM5916734	Infection2_D8_SEQ1	Illumina NovaSeq 6000
D8Seq1_GCAATTGTATTA	D8Seq1_GCAATTGTATTA	SEQ8r1_GCAATTGTATTA	SEQ8r1	SEQ8r1	Infection2	d8	CTRL	Infection2_d8	CTRL_d8_Infection2	Replicative	Non.Committed_Replicative	GSM5916734	Infection2_D8_SEQ1	Illumina NovaSeq 6000
D8Seq1_GCCTTTGTATTA	D8Seq1_GCCTTTGTATTA	SEQ8r1_GCCTTTGTATTA	SEQ8r1	SEQ8r1	Infection2	d8	CTRL	Infection2_d8	CTRL_d8_Infection2	Replicative	Non.Committed_Replicative	GSM5916734	Infection2_D8_SEQ1	Illumina NovaSeq 6000
D8Seq1_GCTCTTGTATTA	D8Seq1_GCTCTTGTATTA	SEQ8r1_GCTCTTGTATTA	SEQ8r1	SEQ8r1	Infection2	d8	CTRL	Infection2_d8	CTRL_d8_Infection2	Replicative	Non.Committed_Replicative	GSM5916734	Infection2_D8_SEQ1	Illumina NovaSeq 6000
D8Seq1_GCTTCTGTATTA	D8Seq1_GCTTCTGTATTA	SEQ8r1_GCTTCTGTATTA	SEQ8r1	SEQ8r1	Infection2	d8	CTRL	Infection2_d8	CTRL_d8_Infection2	Replicative	Non.Committed_Replicative	GSM5916734	Infection2_D8_SEQ1	Illumina NovaSeq 6000
D8Seq1_GCTTTCGTATTA	D8Seq1_GCTTTCGTATTA	SEQ8r1_GCTTTCGTATTA	SEQ8r1	SEQ8r1	Infection2	d8	CTRL	Infection2_d8	CTRL_d8_Infection2	Replicative	Non.Committed_Replicative	GSM5916734	Infection2_D8_SEQ1	Illumina NovaSeq 6000
D8Seq1_GCTTTGGTATTA	D8Seq1_GCTTTGGTATTA	SEQ8r1_GCTTTGGTATTA	SEQ8r1	SEQ8r1	Infection2	d8	CTRL	Infection2_d8	CTRL_d8_Infection2	Replicative	Non.Committed_Replicative	GSM5916734	Infection2_D8_SEQ1	Illumina NovaSeq 6000
D8Seq1_GCTTTGTATTAA	D8Seq1_GCTTTGTATTAA	SEQ8r1_GCTTTGTATTAA	SEQ8r1	SEQ8r1	Infection2	d8	CTRL	Infection2_d8	CTRL_d8_Infection2	Replicative	Non.Committed_Replicative	GSM5916734	Infection2_D8_SEQ1	Illumina NovaSeq 6000
D8Seq1_GCTTTGTATTAC	D8Seq1_GCTTTGTATTAC	SEQ8r1_GCTTTGTATTAC	SEQ8r1	SEQ8r1	Infection2	d8	CTRL	Infection2_d8	CTRL_d8_Infection2	Replicative	Non.Committed_Replicative	GSM5916734	Infection2_D8_SEQ1	Illumina NovaSeq 6000
D8Seq1_GCTTTGTATTAG	D8Seq1_GCTTTGTATTAG	SEQ8r1_GCTTTGTATTAG	SEQ8r1	SEQ8r1	Infection2	d8	CTRL	Infection2_d8	CTRL_d8_Infection2	Replicative	Non.Committed_Replicative	GSM5916734	Infection2_D8_SEQ1	Illumina NovaSeq 6000
D8Seq1_GCTTTGTATTAT	D8Seq1_GCTTTGTATTAT	SEQ8r1_GCTTTGTATTAT	SEQ8r1	SEQ8r1	Infection2	d8	CTRL	Infection2_d8	CTRL_d8_Infection2	Replicative	Non.Committed_Replicative	GSM5916734	Infection2_D8_SEQ1	Illumina NovaSeq 6000
D8Seq1_GCTTTTATATTA	D8Seq1_GCTTTTATATTA	SEQ8r1_GCTTTTATATTA	SEQ8r1	SEQ8r1	Infection2	d8	CTRL	Infection2_d8	CTRL_d8_Infection2	Replicative	Non.Committed_Replicative	GSM5916734	Infection2_D8_SEQ1	Illumina NovaSeq 6000
D8Seq1_GCTTTTGCATTA	D8Seq1_GCTTTTGCATTA	SEQ8r1_GCTTTTGCATTA	SEQ8r1	SEQ8r1	Infection2	d8	CTRL	Infection2_d8	CTRL_d8_Infection2	Replicative	Non.Committed_Replicative	GSM5916734	Infection2_D8_SEQ1	Illumina NovaSeq 6000
D8Seq1_GCTTTTGGATTA	D8Seq1_GCTTTTGGATTA	SEQ8r1_GCTTTTGGATTA	SEQ8r1	SEQ8r1	Infection2	d8	CTRL	Infection2_d8	CTRL_d8_Infection2	Replicative	Non.Committed_Replicative	GSM5916734	Infection2_D8_SEQ1	Illumina NovaSeq 6000
D8Seq1_GCTTTTGTACTA	D8Seq1_GCTTTTGTACTA	SEQ8r1_GCTTTTGTACTA	SEQ8r1	SEQ8r1	Infection2	d8	CTRL	Infection2_d8	CTRL_d8_Infection2	Replicative	Non.Committed_Replicative	GSM5916734	Infection2_D8_SEQ1	Illumina NovaSeq 6000
D8Seq1_GCTTTTGTAGTA	D8Seq1_GCTTTTGTAGTA	SEQ8r1_GCTTTTGTAGTA	SEQ8r1	SEQ8r1	Infection2	d8	CTRL	Infection2_d8	CTRL_d8_Infection2	Replicative	Non.Committed_Replicative	GSM5916734	Infection2_D8_SEQ1	Illumina NovaSeq 6000
D8Seq1_GCTTTTGTATAA	D8Seq1_GCTTTTGTATAA	SEQ8r1_GCTTTTGTATAA	SEQ8r1	SEQ8r1	Infection2	d8	CTRL	Infection2_d8	CTRL_d8_Infection2	Replicative	Non.Committed_Replicative	GSM5916734	Infection2_D8_SEQ1	Illumina NovaSeq 6000
D8Seq1_GCTTTTGTATAC	D8Seq1_GCTTTTGTATAC	SEQ8r1_GCTTTTGTATAC	SEQ8r1	SEQ8r1	Infection2	d8	CTRL	Infection2_d8	CTRL_d8_Infection2	Replicative	Non.Committed_Replicative	GSM5916734	Infection2_D8_SEQ1	Illumina NovaSeq 6000
D8Seq1_GCTTTTGTATAG	D8Seq1_GCTTTTGTATAG	SEQ8r1_GCTTTTGTATAG	SEQ8r1	SEQ8r1	Infection2	d8	CTRL	Infection2_d8	CTRL_d8_Infection2	Replicative	Non.Committed_Replicative	GSM5916734	Infection2_D8_SEQ1	Illumina NovaSeq 6000
D8Seq1_GCTTTTGTATCA	D8Seq1_GCTTTTGTATCA	SEQ8r1_GCTTTTGTATCA	SEQ8r1	SEQ8r1	Infection2	d8	CTRL	Infection2_d8	CTRL_d8_Infection2	Replicative	Non.Committed_Replicative	GSM5916734	Infection2_D8_SEQ1	Illumina NovaSeq 6000
D8Seq1_GCTTTTGTATGA	D8Seq1_GCTTTTGTATGA	SEQ8r1_GCTTTTGTATGA	SEQ8r1	SEQ8r1	Infection2	d8	CTRL	Infection2_d8	CTRL_d8_Infection2	Replicative	Non.Committed_Replicative	GSM5916734	Infection2_D8_SEQ1	Illumina NovaSeq 6000
D8Seq1_GCTTTTGTATTC	D8Seq1_GCTTTTGTATTC	SEQ8r1_GCTTTTGTATTC	SEQ8r1	SEQ8r1	Infection2	d8	CTRL	Infection2_d8	CTRL_d8_Infection2	Replicative	Non.Committed_Replicative	GSM5916734	Infection2_D8_SEQ1	Illumina NovaSeq 6000
D8Seq1_GCTTTTGTATTG	D8Seq1_GCTTTTGTATTG	SEQ8r1_GCTTTTGTATTG	SEQ8r1	SEQ8r1	Infection2	d8	CTRL	Infection2_d8	CTRL_d8_Infection2	Replicative	Non.Committed_Replicative	GSM5916734	Infection2_D8_SEQ1	Illumina NovaSeq 6000
D8Seq1_GCTTTTGTATTT	D8Seq1_GCTTTTGTATTT	SEQ8r1_GCTTTTGTATTT	SEQ8r1	SEQ8r1	Infection2	d8	CTRL	Infection2_d8	CTRL_d8_Infection2	Replicative	Non.Committed_Replicative	GSM5916734	Infection2_D8_SEQ1	Illumina NovaSeq 6000
D8Seq1_GCTTTTGTCTTA	D8Seq1_GCTTTTGTCTTA	SEQ8r1_GCTTTTGTCTTA	SEQ8r1	SEQ8r1	Infection2	d8	CTRL	Infection2_d8	CTRL_d8_Infection2	Replicative	Non.Committed_Replicative	GSM5916734	Infection2_D8_SEQ1	Illumina NovaSeq 6000
D8Seq1_GCTTTTGTGTTA	D8Seq1_GCTTTTGTGTTA	SEQ8r1_GCTTTTGTGTTA	SEQ8r1	SEQ8r1	Infection2	d8	CTRL	Infection2_d8	CTRL_d8_Infection2	Replicative	Non.Committed_Replicative	GSM5916734	Infection2_D8_SEQ1	Illumina NovaSeq 6000
D8Seq1_GCTTTTGTTTTA	D8Seq1_GCTTTTGTTTTA	SEQ8r1_GCTTTTGTTTTA	SEQ8r1	SEQ8r1	Infection2	d8	CTRL	Infection2_d8	CTRL_d8_Infection2	Replicative	Non.Committed_Replicative	GSM5916734	Infection2_D8_SEQ1	Illumina NovaSeq 6000
D8Seq1_GCTTTTTATTAG	D8Seq1_GCTTTTTATTAG	SEQ8r1_GCTTTTTATTAG	SEQ8r1	SEQ8r1	Infection2	d8	CTRL	Infection2_d8	CTRL_d8_Infection2	Replicative	Non.Committed_Replicative	GSM5916734	Infection2_D8_SEQ1	Illumina NovaSeq 6000
D8Seq1_GCTTTTTTATTA	D8Seq1_GCTTTTTTATTA	SEQ8r1_GCTTTTTTATTA	SEQ8r1	SEQ8r1	Infection2	d8	CTRL	Infection2_d8	CTRL_d8_Infection2	Replicative	Non.Committed_Replicative	GSM5916734	Infection2_D8_SEQ1	Illumina NovaSeq 6000
D8Seq1_GTTTTTGTATTA	D8Seq1_GTTTTTGTATTA	SEQ8r1_GTTTTTGTATTA	SEQ8r1	SEQ8r1	Infection2	d8	CTRL	Infection2_d8	CTRL_d8_Infection2	Replicative	Non.Committed_Replicative	GSM5916734	Infection2_D8_SEQ1	Illumina NovaSeq 6000
D8Seq1_TCGTAGCCGGCA	D8Seq1_TCGTAGCCGGCA	SEQ8r1_TCGTAGCCGGCA	SEQ8r1	SEQ8r1	Infection2	d8	CTRL	Infection2_d8	CTRL_d8_Infection2	Replicative	Non.Committed_Replicative	GSM5916734	Infection2_D8_SEQ1	Illumina NovaSeq 6000
D8Seq1_TGGGGCAGAGGA	D8Seq1_TGGGGCAGAGGA	SEQ8r1_TGGGGCAGAGGA	SEQ8r1	SEQ8r1	Infection2	d8	CTRL	Infection2_d8	CTRL_d8_Infection2	Hypnozoite	Sexually.Committed_Hypnozoite	GSM5916734	Infection2_D8_SEQ1	Illumina NovaSeq 6000
D11Seq1_ACCGCAGCCACA	D11Seq1_ACCGCAGCCACA	SEQ11r1_ACCGCAGCCACA	SEQ11r1	SEQ11r1	Infection2	d11	CTRL	Infection2_d11	CTRL_d11_Infection2	Replicative	Non.Committed_Replicative	GSM5916738	Infection2_D11_SEQ1	Illumina NovaSeq 6000
D11Seq1_ACGTGACACACG	D11Seq1_ACGTGACACACG	SEQ11r1_ACGTGACACACG	SEQ11r1	SEQ11r1	Infection2	d11	CTRL	Infection2_d11	CTRL_d11_Infection2	Replicative	Non.Committed_Replicative	GSM5916738	Infection2_D11_SEQ1	Illumina NovaSeq 6000
D11Seq1_ACTATGTGTGGC	D11Seq1_ACTATGTGTGGC	SEQ11r1_ACTATGTGTGGC	SEQ11r1	SEQ11r1	Infection2	d11	CTRL	Infection2_d11	CTRL_d11_Infection2	Replicative	Non.Committed_Replicative	GSM5916738	Infection2_D11_SEQ1	Illumina NovaSeq 6000
D11Seq1_ATTAAGCAGGCC	D11Seq1_ATTAAGCAGGCC	SEQ11r1_ATTAAGCAGGCC	SEQ11r1	SEQ11r1	Infection2	d11	CTRL	Infection2_d11	CTRL_d11_Infection2	Replicative	Non.Committed_Replicative	GSM5916738	Infection2_D11_SEQ1	Illumina NovaSeq 6000
D11Seq1_CAAGTGTCTTAC	D11Seq1_CAAGTGTCTTAC	SEQ11r1_CAAGTGTCTTAC	SEQ11r1	SEQ11r1	Infection2	d11	CTRL	Infection2_d11	CTRL_d11_Infection2	Replicative	Non.Committed_Replicative	GSM5916738	Infection2_D11_SEQ1	Illumina NovaSeq 6000
D11Seq1_CCGGATTGGTTA	D11Seq1_CCGGATTGGTTA	SEQ11r1_CCGGATTGGTTA	SEQ11r1	SEQ11r1	Infection2	d11	CTRL	Infection2_d11	CTRL_d11_Infection2	Replicative	Sexually.Committed_Replicative	GSM5916738	Infection2_D11_SEQ1	Illumina NovaSeq 6000
D11Seq1_CGCTGGCAGAGT	D11Seq1_CGCTGGCAGAGT	SEQ11r1_CGCTGGCAGAGT	SEQ11r1	SEQ11r1	Infection2	d11	CTRL	Infection2_d11	CTRL_d11_Infection2	Replicative	Non.Committed_Replicative	GSM5916738	Infection2_D11_SEQ1	Illumina NovaSeq 6000
D11Seq1_CGTACGCCGTGG	D11Seq1_CGTACGCCGTGG	SEQ11r1_CGTACGCCGTGG	SEQ11r1	SEQ11r1	Infection2	d11	CTRL	Infection2_d11	CTRL_d11_Infection2	Replicative	Non.Committed_Replicative	GSM5916738	Infection2_D11_SEQ1	Illumina NovaSeq 6000
D11Seq1_CGTCGCATTACA	D11Seq1_CGTCGCATTACA	SEQ11r1_CGTCGCATTACA	SEQ11r1	SEQ11r1	Infection2	d11	CTRL	Infection2_d11	CTRL_d11_Infection2	Replicative	Non.Committed_Replicative	GSM5916738	Infection2_D11_SEQ1	Illumina NovaSeq 6000
D11Seq1_CGTTCTGCCGCA	D11Seq1_CGTTCTGCCGCA	SEQ11r1_CGTTCTGCCGCA	SEQ11r1	SEQ11r1	Infection2	d11	CTRL	Infection2_d11	CTRL_d11_Infection2	Replicative	Non.Committed_Replicative	GSM5916738	Infection2_D11_SEQ1	Illumina NovaSeq 6000
D11Seq1_CTCTGTGCCTAG	D11Seq1_CTCTGTGCCTAG	SEQ11r1_CTCTGTGCCTAG	SEQ11r1	SEQ11r1	Infection2	d11	CTRL	Infection2_d11	CTRL_d11_Infection2	Replicative	Non.Committed_Replicative	GSM5916738	Infection2_D11_SEQ1	Illumina NovaSeq 6000
D11Seq1_GATGTCCGTAGC	D11Seq1_GATGTCCGTAGC	SEQ11r1_GATGTCCGTAGC	SEQ11r1	SEQ11r1	Infection2	d11	CTRL	Infection2_d11	CTRL_d11_Infection2	Replicative	Non.Committed_Replicative	GSM5916738	Infection2_D11_SEQ1	Illumina NovaSeq 6000
D11Seq1_GCAGCAATGTAC	D11Seq1_GCAGCAATGTAC	SEQ11r1_GCAGCAATGTAC	SEQ11r1	SEQ11r1	Infection2	d11	CTRL	Infection2_d11	CTRL_d11_Infection2	Replicative	Non.Committed_Replicative	GSM5916738	Infection2_D11_SEQ1	Illumina NovaSeq 6000
D11Seq1_GGAGCCCATGTT	D11Seq1_GGAGCCCATGTT	SEQ11r1_GGAGCCCATGTT	SEQ11r1	SEQ11r1	Infection2	d11	CTRL	Infection2_d11	CTRL_d11_Infection2	Replicative	Non.Committed_Replicative	GSM5916738	Infection2_D11_SEQ1	Illumina NovaSeq 6000
D11Seq1_GGATCTAGATAC	D11Seq1_GGATCTAGATAC	SEQ11r1_GGATCTAGATAC	SEQ11r1	SEQ11r1	Infection2	d11	CTRL	Infection2_d11	CTRL_d11_Infection2	Replicative	Non.Committed_Replicative	GSM5916738	Infection2_D11_SEQ1	Illumina NovaSeq 6000
D11Seq1_GGCAGCGCAGAG	D11Seq1_GGCAGCGCAGAG	SEQ11r1_GGCAGCGCAGAG	SEQ11r1	SEQ11r1	Infection2	d11	CTRL	Infection2_d11	CTRL_d11_Infection2	Replicative	Non.Committed_Replicative	GSM5916738	Infection2_D11_SEQ1	Illumina NovaSeq 6000
D11Seq1_GGTCCCCGGGTG	D11Seq1_GGTCCCCGGGTG	SEQ11r1_GGTCCCCGGGTG	SEQ11r1	SEQ11r1	Infection2	d11	CTRL	Infection2_d11	CTRL_d11_Infection2	Replicative	Non.Committed_Replicative	GSM5916738	Infection2_D11_SEQ1	Illumina NovaSeq 6000
D11Seq1_GGTCGCAGCCGG	D11Seq1_GGTCGCAGCCGG	SEQ11r1_GGTCGCAGCCGG	SEQ11r1	SEQ11r1	Infection2	d11	CTRL	Infection2_d11	CTRL_d11_Infection2	Replicative	Non.Committed_Replicative	GSM5916738	Infection2_D11_SEQ1	Illumina NovaSeq 6000
D11Seq1_GTACACCTGTTG	D11Seq1_GTACACCTGTTG	SEQ11r1_GTACACCTGTTG	SEQ11r1	SEQ11r1	Infection2	d11	CTRL	Infection2_d11	CTRL_d11_Infection2	Replicative	Non.Committed_Replicative	GSM5916738	Infection2_D11_SEQ1	Illumina NovaSeq 6000
D11Seq1_GTCAAGATTACC	D11Seq1_GTCAAGATTACC	SEQ11r1_GTCAAGATTACC	SEQ11r1	SEQ11r1	Infection2	d11	CTRL	Infection2_d11	CTRL_d11_Infection2	Replicative	Non.Committed_Replicative	GSM5916738	Infection2_D11_SEQ1	Illumina NovaSeq 6000
D11Seq1_GTTAGGGTGTAG	D11Seq1_GTTAGGGTGTAG	SEQ11r1_GTTAGGGTGTAG	SEQ11r1	SEQ11r1	Infection2	d11	CTRL	Infection2_d11	CTRL_d11_Infection2	Replicative	Non.Committed_Replicative	GSM5916738	Infection2_D11_SEQ1	Illumina NovaSeq 6000
D11Seq1_TTGGTTAGGCAG	D11Seq1_TTGGTTAGGCAG	SEQ11r1_TTGGTTAGGCAG	SEQ11r1	SEQ11r1	Infection2	d11	CTRL	Infection2_d11	CTRL_d11_Infection2	Replicative	Non.Committed_Replicative	GSM5916738	Infection2_D11_SEQ1	Illumina NovaSeq 6000
D11Seq1_TTTCCATAGAAC	D11Seq1_TTTCCATAGAAC	SEQ11r1_TTTCCATAGAAC	SEQ11r1	SEQ11r1	Infection2	d11	CTRL	Infection2_d11	CTRL_d11_Infection2	Replicative	Non.Committed_Replicative	GSM5916738	Infection2_D11_SEQ1	Illumina NovaSeq 6000
D11pSeq2_AACAATCATATG	D11pSeq2_AACAATCATATG	SEQ11p2_AACAATCATATG	SEQ11p2	SEQ11p2	Infection2	d11	PI4K	Infection2_d11	PI4K_d11_Infection2	Replicative	Sexually.Committed_Replicative	GSM5916747	Infection2_D11p_SEQ2	Illumina NovaSeq 6000
D11pSeq2_ACTATCGCATAT	D11pSeq2_ACTATCGCATAT	SEQ11p2_ACTATCGCATAT	SEQ11p2	SEQ11p2	Infection2	d11	PI4K	Infection2_d11	PI4K_d11_Infection2	Replicative	Non.Committed_Replicative	GSM5916747	Infection2_D11p_SEQ2	Illumina NovaSeq 6000
D11pSeq2_AGCCGGGCATGC	D11pSeq2_AGCCGGGCATGC	SEQ11p2_AGCCGGGCATGC	SEQ11p2	SEQ11p2	Infection2	d11	PI4K	Infection2_d11	PI4K_d11_Infection2	Hypnozoite	Non.Committed_Hypnozoite	GSM5916747	Infection2_D11p_SEQ2	Illumina NovaSeq 6000
D11pSeq2_AGCGGTATATCG	D11pSeq2_AGCGGTATATCG	SEQ11p2_AGCGGTATATCG	SEQ11p2	SEQ11p2	Infection2	d11	PI4K	Infection2_d11	PI4K_d11_Infection2	Replicative	Non.Committed_Replicative	GSM5916747	Infection2_D11p_SEQ2	Illumina NovaSeq 6000
D11pSeq2_ATGCATGCCGAC	D11pSeq2_ATGCATGCCGAC	SEQ11p2_ATGCATGCCGAC	SEQ11p2	SEQ11p2	Infection2	d11	PI4K	Infection2_d11	PI4K_d11_Infection2	Replicative	Sexually.Committed_Replicative	GSM5916747	Infection2_D11p_SEQ2	Illumina NovaSeq 6000
D11pSeq2_CAAGGATAAACA	D11pSeq2_CAAGGATAAACA	SEQ11p2_CAAGGATAAACA	SEQ11p2	SEQ11p2	Infection2	d11	PI4K	Infection2_d11	PI4K_d11_Infection2	Replicative	Sexually.Committed_Replicative	GSM5916747	Infection2_D11p_SEQ2	Illumina NovaSeq 6000
D11pSeq2_CAGCATGCCGAC	D11pSeq2_CAGCATGCCGAC	SEQ11p2_CAGCATGCCGAC	SEQ11p2	SEQ11p2	Infection2	d11	PI4K	Infection2_d11	PI4K_d11_Infection2	Replicative	Sexually.Committed_Replicative	GSM5916747	Infection2_D11p_SEQ2	Illumina NovaSeq 6000
D11pSeq2_CATCACCGGGTA	D11pSeq2_CATCACCGGGTA	SEQ11p2_CATCACCGGGTA	SEQ11p2	SEQ11p2	Infection2	d11	PI4K	Infection2_d11	PI4K_d11_Infection2	Replicative	Sexually.Committed_Replicative	GSM5916747	Infection2_D11p_SEQ2	Illumina NovaSeq 6000
D11pSeq2_CCAGAGCGTGAG	D11pSeq2_CCAGAGCGTGAG	SEQ11p2_CCAGAGCGTGAG	SEQ11p2	SEQ11p2	Infection2	d11	PI4K	Infection2_d11	PI4K_d11_Infection2	Replicative	Non.Committed_Replicative	GSM5916747	Infection2_D11p_SEQ2	Illumina NovaSeq 6000
D11pSeq2_CCGAGATTACTA	D11pSeq2_CCGAGATTACTA	SEQ11p2_CCGAGATTACTA	SEQ11p2	SEQ11p2	Infection2	d11	PI4K	Infection2_d11	PI4K_d11_Infection2	Replicative	Non.Committed_Replicative	GSM5916747	Infection2_D11p_SEQ2	Illumina NovaSeq 6000
D11pSeq2_CCGCATGCCGAC	D11pSeq2_CCGCATGCCGAC	SEQ11p2_CCGCATGCCGAC	SEQ11p2	SEQ11p2	Infection2	d11	PI4K	Infection2_d11	PI4K_d11_Infection2	Replicative	Sexually.Committed_Replicative	GSM5916747	Infection2_D11p_SEQ2	Illumina NovaSeq 6000
D11pSeq2_CCGGTGAGAGTA	D11pSeq2_CCGGTGAGAGTA	SEQ11p2_CCGGTGAGAGTA	SEQ11p2	SEQ11p2	Infection2	d11	PI4K	Infection2_d11	PI4K_d11_Infection2	Replicative	Sexually.Committed_Replicative	GSM5916747	Infection2_D11p_SEQ2	Illumina NovaSeq 6000
D11pSeq2_CGCCGGGCATGC	D11pSeq2_CGCCGGGCATGC	SEQ11p2_CGCCGGGCATGC	SEQ11p2	SEQ11p2	Infection2	d11	PI4K	Infection2_d11	PI4K_d11_Infection2	Hypnozoite	Non.Committed_Hypnozoite	GSM5916747	Infection2_D11p_SEQ2	Illumina NovaSeq 6000
D11pSeq2_CGGCATGCCGAC	D11pSeq2_CGGCATGCCGAC	SEQ11p2_CGGCATGCCGAC	SEQ11p2	SEQ11p2	Infection2	d11	PI4K	Infection2_d11	PI4K_d11_Infection2	Replicative	Sexually.Committed_Replicative	GSM5916747	Infection2_D11p_SEQ2	Illumina NovaSeq 6000
D11pSeq2_CGGGAACACTCT	D11pSeq2_CGGGAACACTCT	SEQ11p2_CGGGAACACTCT	SEQ11p2	SEQ11p2	Infection2	d11	PI4K	Infection2_d11	PI4K_d11_Infection2	Replicative	Sexually.Committed_Replicative	GSM5916747	Infection2_D11p_SEQ2	Illumina NovaSeq 6000
D11pSeq2_CGGGACCACTCT	D11pSeq2_CGGGACCACTCT	SEQ11p2_CGGGACCACTCT	SEQ11p2	SEQ11p2	Infection2	d11	PI4K	Infection2_d11	PI4K_d11_Infection2	Replicative	Non.Committed_Replicative	GSM5916747	Infection2_D11p_SEQ2	Illumina NovaSeq 6000
D11pSeq2_CTACATGCCGAC	D11pSeq2_CTACATGCCGAC	SEQ11p2_CTACATGCCGAC	SEQ11p2	SEQ11p2	Infection2	d11	PI4K	Infection2_d11	PI4K_d11_Infection2	Replicative	Sexually.Committed_Replicative	GSM5916747	Infection2_D11p_SEQ2	Illumina NovaSeq 6000
D11pSeq2_CTCCATGCCGAC	D11pSeq2_CTCCATGCCGAC	SEQ11p2_CTCCATGCCGAC	SEQ11p2	SEQ11p2	Infection2	d11	PI4K	Infection2_d11	PI4K_d11_Infection2	Replicative	Sexually.Committed_Replicative	GSM5916747	Infection2_D11p_SEQ2	Illumina NovaSeq 6000
D11pSeq2_CTCGGCGAGGTN	D11pSeq2_CTCGGCGAGGTN	SEQ11p2_CTCGGCGAGGTN	SEQ11p2	SEQ11p2	Infection2	d11	PI4K	Infection2_d11	PI4K_d11_Infection2	Replicative	Non.Committed_Replicative	GSM5916747	Infection2_D11p_SEQ2	Illumina NovaSeq 6000
D11pSeq2_CTGAATGCCGAC	D11pSeq2_CTGAATGCCGAC	SEQ11p2_CTGAATGCCGAC	SEQ11p2	SEQ11p2	Infection2	d11	PI4K	Infection2_d11	PI4K_d11_Infection2	Replicative	Non.Committed_Replicative	GSM5916747	Infection2_D11p_SEQ2	Illumina NovaSeq 6000
D11pSeq2_CTGCAAGCCGAC	D11pSeq2_CTGCAAGCCGAC	SEQ11p2_CTGCAAGCCGAC	SEQ11p2	SEQ11p2	Infection2	d11	PI4K	Infection2_d11	PI4K_d11_Infection2	Replicative	Sexually.Committed_Replicative	GSM5916747	Infection2_D11p_SEQ2	Illumina NovaSeq 6000
D11pSeq2_CTGCAGGCCGAC	D11pSeq2_CTGCAGGCCGAC	SEQ11p2_CTGCAGGCCGAC	SEQ11p2	SEQ11p2	Infection2	d11	PI4K	Infection2_d11	PI4K_d11_Infection2	Replicative	Non.Committed_Replicative	GSM5916747	Infection2_D11p_SEQ2	Illumina NovaSeq 6000
D11pSeq2_CTGCATACCGAC	D11pSeq2_CTGCATACCGAC	SEQ11p2_CTGCATACCGAC	SEQ11p2	SEQ11p2	Infection2	d11	PI4K	Infection2_d11	PI4K_d11_Infection2	Replicative	Sexually.Committed_Replicative	GSM5916747	Infection2_D11p_SEQ2	Illumina NovaSeq 6000
D11pSeq2_CTGCATCCCGAC	D11pSeq2_CTGCATCCCGAC	SEQ11p2_CTGCATCCCGAC	SEQ11p2	SEQ11p2	Infection2	d11	PI4K	Infection2_d11	PI4K_d11_Infection2	Replicative	Sexually.Committed_Replicative	GSM5916747	Infection2_D11p_SEQ2	Illumina NovaSeq 6000
D11pSeq2_CTGCATGACGAC	D11pSeq2_CTGCATGACGAC	SEQ11p2_CTGCATGACGAC	SEQ11p2	SEQ11p2	Infection2	d11	PI4K	Infection2_d11	PI4K_d11_Infection2	Replicative	Sexually.Committed_Replicative	GSM5916747	Infection2_D11p_SEQ2	Illumina NovaSeq 6000
D11pSeq2_CTGCATGCAGAC	D11pSeq2_CTGCATGCAGAC	SEQ11p2_CTGCATGCAGAC	SEQ11p2	SEQ11p2	Infection2	d11	PI4K	Infection2_d11	PI4K_d11_Infection2	Replicative	Non.Committed_Replicative	GSM5916747	Infection2_D11p_SEQ2	Illumina NovaSeq 6000
D11pSeq2_CTGCATGCCAAC	D11pSeq2_CTGCATGCCAAC	SEQ11p2_CTGCATGCCAAC	SEQ11p2	SEQ11p2	Infection2	d11	PI4K	Infection2_d11	PI4K_d11_Infection2	Replicative	Sexually.Committed_Replicative	GSM5916747	Infection2_D11p_SEQ2	Illumina NovaSeq 6000
D11pSeq2_CTGCATGCCCAC	D11pSeq2_CTGCATGCCCAC	SEQ11p2_CTGCATGCCCAC	SEQ11p2	SEQ11p2	Infection2	d11	PI4K	Infection2_d11	PI4K_d11_Infection2	Replicative	Sexually.Committed_Replicative	GSM5916747	Infection2_D11p_SEQ2	Illumina NovaSeq 6000
D11pSeq2_CTGCATGCCGAA	D11pSeq2_CTGCATGCCGAA	SEQ11p2_CTGCATGCCGAA	SEQ11p2	SEQ11p2	Infection2	d11	PI4K	Infection2_d11	PI4K_d11_Infection2	Replicative	Sexually.Committed_Replicative	GSM5916747	Infection2_D11p_SEQ2	Illumina NovaSeq 6000
D11pSeq2_CTGCATGCCGAT	D11pSeq2_CTGCATGCCGAT	SEQ11p2_CTGCATGCCGAT	SEQ11p2	SEQ11p2	Infection2	d11	PI4K	Infection2_d11	PI4K_d11_Infection2	Replicative	Sexually.Committed_Replicative	GSM5916747	Infection2_D11p_SEQ2	Illumina NovaSeq 6000
D11pSeq2_CTGCATGCCGCC	D11pSeq2_CTGCATGCCGCC	SEQ11p2_CTGCATGCCGCC	SEQ11p2	SEQ11p2	Infection2	d11	PI4K	Infection2_d11	PI4K_d11_Infection2	Replicative	Sexually.Committed_Replicative	GSM5916747	Infection2_D11p_SEQ2	Illumina NovaSeq 6000
D11pSeq2_CTGCATGCCTAC	D11pSeq2_CTGCATGCCTAC	SEQ11p2_CTGCATGCCTAC	SEQ11p2	SEQ11p2	Infection2	d11	PI4K	Infection2_d11	PI4K_d11_Infection2	Replicative	Sexually.Committed_Replicative	GSM5916747	Infection2_D11p_SEQ2	Illumina NovaSeq 6000
D11pSeq2_CTGCATGCTGAC	D11pSeq2_CTGCATGCTGAC	SEQ11p2_CTGCATGCTGAC	SEQ11p2	SEQ11p2	Infection2	d11	PI4K	Infection2_d11	PI4K_d11_Infection2	Replicative	Sexually.Committed_Replicative	GSM5916747	Infection2_D11p_SEQ2	Illumina NovaSeq 6000
D11pSeq2_CTGCATGTCGAC	D11pSeq2_CTGCATGTCGAC	SEQ11p2_CTGCATGTCGAC	SEQ11p2	SEQ11p2	Infection2	d11	PI4K	Infection2_d11	PI4K_d11_Infection2	Replicative	Non.Committed_Replicative	GSM5916747	Infection2_D11p_SEQ2	Illumina NovaSeq 6000
D11pSeq2_CTGCATTCCGAC	D11pSeq2_CTGCATTCCGAC	SEQ11p2_CTGCATTCCGAC	SEQ11p2	SEQ11p2	Infection2	d11	PI4K	Infection2_d11	PI4K_d11_Infection2	Replicative	Non.Committed_Replicative	GSM5916747	Infection2_D11p_SEQ2	Illumina NovaSeq 6000
D11pSeq2_CTGCGTGCCGAC	D11pSeq2_CTGCGTGCCGAC	SEQ11p2_CTGCGTGCCGAC	SEQ11p2	SEQ11p2	Infection2	d11	PI4K	Infection2_d11	PI4K_d11_Infection2	Replicative	Sexually.Committed_Replicative	GSM5916747	Infection2_D11p_SEQ2	Illumina NovaSeq 6000
D11pSeq2_CTGGATGCCGAC	D11pSeq2_CTGGATGCCGAC	SEQ11p2_CTGGATGCCGAC	SEQ11p2	SEQ11p2	Infection2	d11	PI4K	Infection2_d11	PI4K_d11_Infection2	Replicative	Sexually.Committed_Replicative	GSM5916747	Infection2_D11p_SEQ2	Illumina NovaSeq 6000
D11pSeq2_CTGTATGCCGAC	D11pSeq2_CTGTATGCCGAC	SEQ11p2_CTGTATGCCGAC	SEQ11p2	SEQ11p2	Infection2	d11	PI4K	Infection2_d11	PI4K_d11_Infection2	Replicative	Non.Committed_Replicative	GSM5916747	Infection2_D11p_SEQ2	Illumina NovaSeq 6000
D11pSeq2_CTTCATGCCGAC	D11pSeq2_CTTCATGCCGAC	SEQ11p2_CTTCATGCCGAC	SEQ11p2	SEQ11p2	Infection2	d11	PI4K	Infection2_d11	PI4K_d11_Infection2	Replicative	Sexually.Committed_Replicative	GSM5916747	Infection2_D11p_SEQ2	Illumina NovaSeq 6000
D11pSeq2_GACCGGGCATGC	D11pSeq2_GACCGGGCATGC	SEQ11p2_GACCGGGCATGC	SEQ11p2	SEQ11p2	Infection2	d11	PI4K	Infection2_d11	PI4K_d11_Infection2	Hypnozoite	Non.Committed_Hypnozoite	GSM5916747	Infection2_D11p_SEQ2	Illumina NovaSeq 6000
D11pSeq2_GCCCGGGCATGC	D11pSeq2_GCCCGGGCATGC	SEQ11p2_GCCCGGGCATGC	SEQ11p2	SEQ11p2	Infection2	d11	PI4K	Infection2_d11	PI4K_d11_Infection2	Hypnozoite	Non.Committed_Hypnozoite	GSM5916747	Infection2_D11p_SEQ2	Illumina NovaSeq 6000
D11pSeq2_GCGAGCTTACTA	D11pSeq2_GCGAGCTTACTA	SEQ11p2_GCGAGCTTACTA	SEQ11p2	SEQ11p2	Infection2	d11	PI4K	Infection2_d11	PI4K_d11_Infection2	Replicative	Sexually.Committed_Replicative	GSM5916747	Infection2_D11p_SEQ2	Illumina NovaSeq 6000
D11pSeq2_GCGCGATTACTA	D11pSeq2_GCGCGATTACTA	SEQ11p2_GCGCGATTACTA	SEQ11p2	SEQ11p2	Infection2	d11	PI4K	Infection2_d11	PI4K_d11_Infection2	Replicative	Sexually.Committed_Replicative	GSM5916747	Infection2_D11p_SEQ2	Illumina NovaSeq 6000
D11pSeq2_GCTATCGCATAT	D11pSeq2_GCTATCGCATAT	SEQ11p2_GCTATCGCATAT	SEQ11p2	SEQ11p2	Infection2	d11	PI4K	Infection2_d11	PI4K_d11_Infection2	Replicative	Non.Committed_Replicative	GSM5916747	Infection2_D11p_SEQ2	Illumina NovaSeq 6000
D11pSeq2_GGCCGGACATGC	D11pSeq2_GGCCGGACATGC	SEQ11p2_GGCCGGACATGC	SEQ11p2	SEQ11p2	Infection2	d11	PI4K	Infection2_d11	PI4K_d11_Infection2	Hypnozoite	Non.Committed_Hypnozoite	GSM5916747	Infection2_D11p_SEQ2	Illumina NovaSeq 6000
D11pSeq2_GGCCTGGCATGC	D11pSeq2_GGCCTGGCATGC	SEQ11p2_GGCCTGGCATGC	SEQ11p2	SEQ11p2	Infection2	d11	PI4K	Infection2_d11	PI4K_d11_Infection2	Hypnozoite	Non.Committed_Hypnozoite	GSM5916747	Infection2_D11p_SEQ2	Illumina NovaSeq 6000
D11pSeq2_GGCGGGGCATGC	D11pSeq2_GGCGGGGCATGC	SEQ11p2_GGCGGGGCATGC	SEQ11p2	SEQ11p2	Infection2	d11	PI4K	Infection2_d11	PI4K_d11_Infection2	Hypnozoite	Non.Committed_Hypnozoite	GSM5916747	Infection2_D11p_SEQ2	Illumina NovaSeq 6000
D11pSeq2_GGGCGGGCATGC	D11pSeq2_GGGCGGGCATGC	SEQ11p2_GGGCGGGCATGC	SEQ11p2	SEQ11p2	Infection2	d11	PI4K	Infection2_d11	PI4K_d11_Infection2	Hypnozoite	Non.Committed_Hypnozoite	GSM5916747	Infection2_D11p_SEQ2	Illumina NovaSeq 6000
D11pSeq2_GGTCGGGCATGC	D11pSeq2_GGTCGGGCATGC	SEQ11p2_GGTCGGGCATGC	SEQ11p2	SEQ11p2	Infection2	d11	PI4K	Infection2_d11	PI4K_d11_Infection2	Hypnozoite	Non.Committed_Hypnozoite	GSM5916747	Infection2_D11p_SEQ2	Illumina NovaSeq 6000
D11pSeq2_GTCCGGGCATGC	D11pSeq2_GTCCGGGCATGC	SEQ11p2_GTCCGGGCATGC	SEQ11p2	SEQ11p2	Infection2	d11	PI4K	Infection2_d11	PI4K_d11_Infection2	Hypnozoite	Non.Committed_Hypnozoite	GSM5916747	Infection2_D11p_SEQ2	Illumina NovaSeq 6000
D11pSeq2_GTGCATGCCGAC	D11pSeq2_GTGCATGCCGAC	SEQ11p2_GTGCATGCCGAC	SEQ11p2	SEQ11p2	Infection2	d11	PI4K	Infection2_d11	PI4K_d11_Infection2	Replicative	Sexually.Committed_Replicative	GSM5916747	Infection2_D11p_SEQ2	Illumina NovaSeq 6000
D11pSeq2_TGCCGGGCATGC	D11pSeq2_TGCCGGGCATGC	SEQ11p2_TGCCGGGCATGC	SEQ11p2	SEQ11p2	Infection2	d11	PI4K	Infection2_d11	PI4K_d11_Infection2	Hypnozoite	Non.Committed_Hypnozoite	GSM5916747	Infection2_D11p_SEQ2	Illumina NovaSeq 6000
D11pSeq2_TGCGGTATATCG	D11pSeq2_TGCGGTATATCG	SEQ11p2_TGCGGTATATCG	SEQ11p2	SEQ11p2	Infection2	d11	PI4K	Infection2_d11	PI4K_d11_Infection2	Replicative	Sexually.Committed_Replicative	GSM5916747	Infection2_D11p_SEQ2	Illumina NovaSeq 6000
D11pSeq2_TTGCATGCCGAC	D11pSeq2_TTGCATGCCGAC	SEQ11p2_TTGCATGCCGAC	SEQ11p2	SEQ11p2	Infection2	d11	PI4K	Infection2_d11	PI4K_d11_Infection2	Replicative	Sexually.Committed_Replicative	GSM5916747	Infection2_D11p_SEQ2	Illumina NovaSeq 6000
D8pSeq1_AAATACCAAAAG	D8pSeq1_AAATACCAAAAG	SEQ8pr1_AAATACCAAAAG	SEQ8pr1	SEQ8pr1	Infection2	d8	PI4K	Infection2_d8	PI4K_d8_Infection2	Hypnozoite	Non.Committed_Hypnozoite	GSM5916742	Infection2_D8p_SEQ1	Illumina NovaSeq 6000
D8pSeq1_AATTTCGGCTAA	D8pSeq1_AATTTCGGCTAA	SEQ8pr1_AATTTCGGCTAA	SEQ8pr1	SEQ8pr1	Infection2	d8	PI4K	Infection2_d8	PI4K_d8_Infection2	Hypnozoite	Non.Committed_Hypnozoite	GSM5916742	Infection2_D8p_SEQ1	Illumina NovaSeq 6000
D8pSeq1_AATTTCGGCTAC	D8pSeq1_AATTTCGGCTAC	SEQ8pr1_AATTTCGGCTAC	SEQ8pr1	SEQ8pr1	Infection2	d8	PI4K	Infection2_d8	PI4K_d8_Infection2	Hypnozoite	Non.Committed_Hypnozoite	GSM5916742	Infection2_D8p_SEQ1	Illumina NovaSeq 6000
D8pSeq1_AATTTCGGCTAT	D8pSeq1_AATTTCGGCTAT	SEQ8pr1_AATTTCGGCTAT	SEQ8pr1	SEQ8pr1	Infection2	d8	PI4K	Infection2_d8	PI4K_d8_Infection2	Hypnozoite	Non.Committed_Hypnozoite	GSM5916742	Infection2_D8p_SEQ1	Illumina NovaSeq 6000
D8pSeq1_ACACGGCTCTGC	D8pSeq1_ACACGGCTCTGC	SEQ8pr1_ACACGGCTCTGC	SEQ8pr1	SEQ8pr1	Infection2	d8	PI4K	Infection2_d8	PI4K_d8_Infection2	Hypnozoite	Sexually.Committed_Hypnozoite	GSM5916742	Infection2_D8p_SEQ1	Illumina NovaSeq 6000
D8pSeq1_CAAAACCAAAAG	D8pSeq1_CAAAACCAAAAG	SEQ8pr1_CAAAACCAAAAG	SEQ8pr1	SEQ8pr1	Infection2	d8	PI4K	Infection2_d8	PI4K_d8_Infection2	Hypnozoite	Non.Committed_Hypnozoite	GSM5916742	Infection2_D8p_SEQ1	Illumina NovaSeq 6000
D8pSeq1_CAACGGCTCTGC	D8pSeq1_CAACGGCTCTGC	SEQ8pr1_CAACGGCTCTGC	SEQ8pr1	SEQ8pr1	Infection2	d8	PI4K	Infection2_d8	PI4K_d8_Infection2	Hypnozoite	Sexually.Committed_Hypnozoite	GSM5916742	Infection2_D8p_SEQ1	Illumina NovaSeq 6000
D8pSeq1_CAATACAAAAAG	D8pSeq1_CAATACAAAAAG	SEQ8pr1_CAATACAAAAAG	SEQ8pr1	SEQ8pr1	Infection2	d8	PI4K	Infection2_d8	PI4K_d8_Infection2	Hypnozoite	Non.Committed_Hypnozoite	GSM5916742	Infection2_D8p_SEQ1	Illumina NovaSeq 6000
D8pSeq1_CCAAGGCTCTGC	D8pSeq1_CCAAGGCTCTGC	SEQ8pr1_CCAAGGCTCTGC	SEQ8pr1	SEQ8pr1	Infection2	d8	PI4K	Infection2_d8	PI4K_d8_Infection2	Hypnozoite	Sexually.Committed_Hypnozoite	GSM5916742	Infection2_D8p_SEQ1	Illumina NovaSeq 6000
D8pSeq1_CCACAGCTCTGC	D8pSeq1_CCACAGCTCTGC	SEQ8pr1_CCACAGCTCTGC	SEQ8pr1	SEQ8pr1	Infection2	d8	PI4K	Infection2_d8	PI4K_d8_Infection2	Hypnozoite	Sexually.Committed_Hypnozoite	GSM5916742	Infection2_D8p_SEQ1	Illumina NovaSeq 6000
D8pSeq1_CCACGACTCTGC	D8pSeq1_CCACGACTCTGC	SEQ8pr1_CCACGACTCTGC	SEQ8pr1	SEQ8pr1	Infection2	d8	PI4K	Infection2_d8	PI4K_d8_Infection2	Hypnozoite	Sexually.Committed_Hypnozoite	GSM5916742	Infection2_D8p_SEQ1	Illumina NovaSeq 6000
D8pSeq1_CCACGCCTCTGC	D8pSeq1_CCACGCCTCTGC	SEQ8pr1_CCACGCCTCTGC	SEQ8pr1	SEQ8pr1	Infection2	d8	PI4K	Infection2_d8	PI4K_d8_Infection2	Hypnozoite	Sexually.Committed_Hypnozoite	GSM5916742	Infection2_D8p_SEQ1	Illumina NovaSeq 6000
D8pSeq1_CCACGGATCTGC	D8pSeq1_CCACGGATCTGC	SEQ8pr1_CCACGGATCTGC	SEQ8pr1	SEQ8pr1	Infection2	d8	PI4K	Infection2_d8	PI4K_d8_Infection2	Hypnozoite	Non.Committed_Hypnozoite	GSM5916742	Infection2_D8p_SEQ1	Illumina NovaSeq 6000
D8pSeq1_CCACGGCACTGC	D8pSeq1_CCACGGCACTGC	SEQ8pr1_CCACGGCACTGC	SEQ8pr1	SEQ8pr1	Infection2	d8	PI4K	Infection2_d8	PI4K_d8_Infection2	Hypnozoite	Sexually.Committed_Hypnozoite	GSM5916742	Infection2_D8p_SEQ1	Illumina NovaSeq 6000
D8pSeq1_CCACGGCTATGC	D8pSeq1_CCACGGCTATGC	SEQ8pr1_CCACGGCTATGC	SEQ8pr1	SEQ8pr1	Infection2	d8	PI4K	Infection2_d8	PI4K_d8_Infection2	Hypnozoite	Non.Committed_Hypnozoite	GSM5916742	Infection2_D8p_SEQ1	Illumina NovaSeq 6000
D8pSeq1_CCACGGCTCAGC	D8pSeq1_CCACGGCTCAGC	SEQ8pr1_CCACGGCTCAGC	SEQ8pr1	SEQ8pr1	Infection2	d8	PI4K	Infection2_d8	PI4K_d8_Infection2	Hypnozoite	Non.Committed_Hypnozoite	GSM5916742	Infection2_D8p_SEQ1	Illumina NovaSeq 6000
D8pSeq1_CCACGGCTCGGC	D8pSeq1_CCACGGCTCGGC	SEQ8pr1_CCACGGCTCGGC	SEQ8pr1	SEQ8pr1	Infection2	d8	PI4K	Infection2_d8	PI4K_d8_Infection2	Hypnozoite	Non.Committed_Hypnozoite	GSM5916742	Infection2_D8p_SEQ1	Illumina NovaSeq 6000
D8pSeq1_CCACGGCTCTAC	D8pSeq1_CCACGGCTCTAC	SEQ8pr1_CCACGGCTCTAC	SEQ8pr1	SEQ8pr1	Infection2	d8	PI4K	Infection2_d8	PI4K_d8_Infection2	Hypnozoite	Non.Committed_Hypnozoite	GSM5916742	Infection2_D8p_SEQ1	Illumina NovaSeq 6000
D8pSeq1_CCACGGCTCTCC	D8pSeq1_CCACGGCTCTCC	SEQ8pr1_CCACGGCTCTCC	SEQ8pr1	SEQ8pr1	Infection2	d8	PI4K	Infection2_d8	PI4K_d8_Infection2	Hypnozoite	Sexually.Committed_Hypnozoite	GSM5916742	Infection2_D8p_SEQ1	Illumina NovaSeq 6000
D8pSeq1_CCACGGCTCTGA	D8pSeq1_CCACGGCTCTGA	SEQ8pr1_CCACGGCTCTGA	SEQ8pr1	SEQ8pr1	Infection2	d8	PI4K	Infection2_d8	PI4K_d8_Infection2	Hypnozoite	Non.Committed_Hypnozoite	GSM5916742	Infection2_D8p_SEQ1	Illumina NovaSeq 6000
D8pSeq1_CCACGGCTCTGT	D8pSeq1_CCACGGCTCTGT	SEQ8pr1_CCACGGCTCTGT	SEQ8pr1	SEQ8pr1	Infection2	d8	PI4K	Infection2_d8	PI4K_d8_Infection2	Hypnozoite	Non.Committed_Hypnozoite	GSM5916742	Infection2_D8p_SEQ1	Illumina NovaSeq 6000
D8pSeq1_CCAGGGCTCTGC	D8pSeq1_CCAGGGCTCTGC	SEQ8pr1_CCAGGGCTCTGC	SEQ8pr1	SEQ8pr1	Infection2	d8	PI4K	Infection2_d8	PI4K_d8_Infection2	Hypnozoite	Sexually.Committed_Hypnozoite	GSM5916742	Infection2_D8p_SEQ1	Illumina NovaSeq 6000
D8pSeq1_CCATGGCTCTGC	D8pSeq1_CCATGGCTCTGC	SEQ8pr1_CCATGGCTCTGC	SEQ8pr1	SEQ8pr1	Infection2	d8	PI4K	Infection2_d8	PI4K_d8_Infection2	Hypnozoite	Non.Committed_Hypnozoite	GSM5916742	Infection2_D8p_SEQ1	Illumina NovaSeq 6000
D8pSeq1_CCCCGGCTCTGC	D8pSeq1_CCCCGGCTCTGC	SEQ8pr1_CCCCGGCTCTGC	SEQ8pr1	SEQ8pr1	Infection2	d8	PI4K	Infection2_d8	PI4K_d8_Infection2	Hypnozoite	Sexually.Committed_Hypnozoite	GSM5916742	Infection2_D8p_SEQ1	Illumina NovaSeq 6000
D8pSeq1_CCGCGGCTCTGC	D8pSeq1_CCGCGGCTCTGC	SEQ8pr1_CCGCGGCTCTGC	SEQ8pr1	SEQ8pr1	Infection2	d8	PI4K	Infection2_d8	PI4K_d8_Infection2	Hypnozoite	Sexually.Committed_Hypnozoite	GSM5916742	Infection2_D8p_SEQ1	Illumina NovaSeq 6000
D8pSeq1_CCTCGGCTCTGC	D8pSeq1_CCTCGGCTCTGC	SEQ8pr1_CCTCGGCTCTGC	SEQ8pr1	SEQ8pr1	Infection2	d8	PI4K	Infection2_d8	PI4K_d8_Infection2	Hypnozoite	Sexually.Committed_Hypnozoite	GSM5916742	Infection2_D8p_SEQ1	Illumina NovaSeq 6000
D8pSeq1_CTACGGCTCTGC	D8pSeq1_CTACGGCTCTGC	SEQ8pr1_CTACGGCTCTGC	SEQ8pr1	SEQ8pr1	Infection2	d8	PI4K	Infection2_d8	PI4K_d8_Infection2	Hypnozoite	Non.Committed_Hypnozoite	GSM5916742	Infection2_D8p_SEQ1	Illumina NovaSeq 6000
D8pSeq1_GCACGGCTCTGC	D8pSeq1_GCACGGCTCTGC	SEQ8pr1_GCACGGCTCTGC	SEQ8pr1	SEQ8pr1	Infection2	d8	PI4K	Infection2_d8	PI4K_d8_Infection2	Hypnozoite	Non.Committed_Hypnozoite	GSM5916742	Infection2_D8p_SEQ1	Illumina NovaSeq 6000
D4Seq2_ACGTCCTTTCAT	D4Seq2_ACGTCCTTTCAT	SEQ4r2_ACGTCCTTTCAT	SEQ4r2	SEQ4r2	Infection2	d4	CTRL	Infection2_d4	CTRL_d4_Infection2	Replicative	Non.Committed_Replicative	GSM5916727	Infection2_D4_SEQ2	Illumina NovaSeq 6000
D4Seq2_AGGTAGCAGCCA	D4Seq2_AGGTAGCAGCCA	SEQ4r2_AGGTAGCAGCCA	SEQ4r2	SEQ4r2	Infection2	d4	CTRL	Infection2_d4	CTRL_d4_Infection2	Replicative	Non.Committed_Replicative	GSM5916727	Infection2_D4_SEQ2	Illumina NovaSeq 6000
D4Seq2_AGGTATTCGCGC	D4Seq2_AGGTATTCGCGC	SEQ4r2_AGGTATTCGCGC	SEQ4r2	SEQ4r2	Infection2	d4	CTRL	Infection2_d4	CTRL_d4_Infection2	Replicative	Non.Committed_Replicative	GSM5916727	Infection2_D4_SEQ2	Illumina NovaSeq 6000
D4Seq2_CACAGGTTGTAC	D4Seq2_CACAGGTTGTAC	SEQ4r2_CACAGGTTGTAC	SEQ4r2	SEQ4r2	Infection2	d4	CTRL	Infection2_d4	CTRL_d4_Infection2	Replicative	Non.Committed_Replicative	GSM5916727	Infection2_D4_SEQ2	Illumina NovaSeq 6000
D4Seq2_CACTGGTTGTCC	D4Seq2_CACTGGTTGTCC	SEQ4r2_CACTGGTTGTCC	SEQ4r2	SEQ4r2	Infection2	d4	CTRL	Infection2_d4	CTRL_d4_Infection2	Replicative	Non.Committed_Replicative	GSM5916727	Infection2_D4_SEQ2	Illumina NovaSeq 6000
D4Seq2_CGCTCCTTCGGA	D4Seq2_CGCTCCTTCGGA	SEQ4r2_CGCTCCTTCGGA	SEQ4r2	SEQ4r2	Infection2	d4	CTRL	Infection2_d4	CTRL_d4_Infection2	Hypnozoite	Non.Committed_Hypnozoite	GSM5916727	Infection2_D4_SEQ2	Illumina NovaSeq 6000
D4Seq2_GAAGGCGAGCGT	D4Seq2_GAAGGCGAGCGT	SEQ4r2_GAAGGCGAGCGT	SEQ4r2	SEQ4r2	Infection2	d4	CTRL	Infection2_d4	CTRL_d4_Infection2	Hypnozoite	Non.Committed_Hypnozoite	GSM5916727	Infection2_D4_SEQ2	Illumina NovaSeq 6000
D4Seq2_GCGTCCTTTCAT	D4Seq2_GCGTCCTTTCAT	SEQ4r2_GCGTCCTTTCAT	SEQ4r2	SEQ4r2	Infection2	d4	CTRL	Infection2_d4	CTRL_d4_Infection2	Hypnozoite	Non.Committed_Hypnozoite	GSM5916727	Infection2_D4_SEQ2	Illumina NovaSeq 6000
D4Seq2_GCTGAGTTTCGG	D4Seq2_GCTGAGTTTCGG	SEQ4r2_GCTGAGTTTCGG	SEQ4r2	SEQ4r2	Infection2	d4	CTRL	Infection2_d4	CTRL_d4_Infection2	Replicative	Non.Committed_Replicative	GSM5916727	Infection2_D4_SEQ2	Illumina NovaSeq 6000
D4Seq2_GCTTGACTAGGT	D4Seq2_GCTTGACTAGGT	SEQ4r2_GCTTGACTAGGT	SEQ4r2	SEQ4r2	Infection2	d4	CTRL	Infection2_d4	CTRL_d4_Infection2	Replicative	Sexually.Committed_Replicative	GSM5916727	Infection2_D4_SEQ2	Illumina NovaSeq 6000
D4Seq2_GCTTGCATAGGT	D4Seq2_GCTTGCATAGGT	SEQ4r2_GCTTGCATAGGT	SEQ4r2	SEQ4r2	Infection2	d4	CTRL	Infection2_d4	CTRL_d4_Infection2	Replicative	Non.Committed_Replicative	GSM5916727	Infection2_D4_SEQ2	Illumina NovaSeq 6000
D4Seq2_GGACTGTTATCT	D4Seq2_GGACTGTTATCT	SEQ4r2_GGACTGTTATCT	SEQ4r2	SEQ4r2	Infection2	d4	CTRL	Infection2_d4	CTRL_d4_Infection2	Replicative	Non.Committed_Replicative	GSM5916727	Infection2_D4_SEQ2	Illumina NovaSeq 6000
D4Seq2_GGCGCACATTTN	D4Seq2_GGCGCACATTTN	SEQ4r2_GGCGCACATTTN	SEQ4r2	SEQ4r2	Infection2	d4	CTRL	Infection2_d4	CTRL_d4_Infection2	Hypnozoite	Non.Committed_Hypnozoite	GSM5916727	Infection2_D4_SEQ2	Illumina NovaSeq 6000
D4Seq2_GGGTAGAAGCCA	D4Seq2_GGGTAGAAGCCA	SEQ4r2_GGGTAGAAGCCA	SEQ4r2	SEQ4r2	Infection2	d4	CTRL	Infection2_d4	CTRL_d4_Infection2	Replicative	Non.Committed_Replicative	GSM5916727	Infection2_D4_SEQ2	Illumina NovaSeq 6000
D4Seq2_GGGTATTCGCGC	D4Seq2_GGGTATTCGCGC	SEQ4r2_GGGTATTCGCGC	SEQ4r2	SEQ4r2	Infection2	d4	CTRL	Infection2_d4	CTRL_d4_Infection2	Hypnozoite	Non.Committed_Hypnozoite	GSM5916727	Infection2_D4_SEQ2	Illumina NovaSeq 6000
D4Seq2_GTACTCCACAGG	D4Seq2_GTACTCCACAGG	SEQ4r2_GTACTCCACAGG	SEQ4r2	SEQ4r2	Infection2	d4	CTRL	Infection2_d4	CTRL_d4_Infection2	Hypnozoite	Non.Committed_Hypnozoite	GSM5916727	Infection2_D4_SEQ2	Illumina NovaSeq 6000
D4Seq2_TCGTCCTTTCCT	D4Seq2_TCGTCCTTTCCT	SEQ4r2_TCGTCCTTTCCT	SEQ4r2	SEQ4r2	Infection2	d4	CTRL	Infection2_d4	CTRL_d4_Infection2	Replicative	Non.Committed_Replicative	GSM5916727	Infection2_D4_SEQ2	Illumina NovaSeq 6000
D4Seq1_AAAACTCAAGTA	D4Seq1_AAAACTCAAGTA	SEQ4r1_AAAACTCAAGTA	SEQ4r1	SEQ4r1	Infection2	d4	CTRL	Infection2_d4	CTRL_d4_Infection2	Replicative	Non.Committed_Replicative	GSM5916726	Infection2_D4_SEQ1	Illumina NovaSeq 6000
D4Seq1_AAACATCAAGTA	D4Seq1_AAACATCAAGTA	SEQ4r1_AAACATCAAGTA	SEQ4r1	SEQ4r1	Infection2	d4	CTRL	Infection2_d4	CTRL_d4_Infection2	Replicative	Non.Committed_Replicative	GSM5916726	Infection2_D4_SEQ1	Illumina NovaSeq 6000
D4Seq1_AAACCACAAGTA	D4Seq1_AAACCACAAGTA	SEQ4r1_AAACCACAAGTA	SEQ4r1	SEQ4r1	Infection2	d4	CTRL	Infection2_d4	CTRL_d4_Infection2	Replicative	Non.Committed_Replicative	GSM5916726	Infection2_D4_SEQ1	Illumina NovaSeq 6000
D4Seq1_AAACCTAAAGTA	D4Seq1_AAACCTAAAGTA	SEQ4r1_AAACCTAAAGTA	SEQ4r1	SEQ4r1	Infection2	d4	CTRL	Infection2_d4	CTRL_d4_Infection2	Replicative	Sexually.Committed_Replicative	GSM5916726	Infection2_D4_SEQ1	Illumina NovaSeq 6000
D4Seq1_AAACCTCAACTA	D4Seq1_AAACCTCAACTA	SEQ4r1_AAACCTCAACTA	SEQ4r1	SEQ4r1	Infection2	d4	CTRL	Infection2_d4	CTRL_d4_Infection2	Replicative	Non.Committed_Replicative	GSM5916726	Infection2_D4_SEQ1	Illumina NovaSeq 6000
D4Seq1_AAACCTCAAGAA	D4Seq1_AAACCTCAAGAA	SEQ4r1_AAACCTCAAGAA	SEQ4r1	SEQ4r1	Infection2	d4	CTRL	Infection2_d4	CTRL_d4_Infection2	Replicative	Non.Committed_Replicative	GSM5916726	Infection2_D4_SEQ1	Illumina NovaSeq 6000
D4Seq1_AAACCTCAATTA	D4Seq1_AAACCTCAATTA	SEQ4r1_AAACCTCAATTA	SEQ4r1	SEQ4r1	Infection2	d4	CTRL	Infection2_d4	CTRL_d4_Infection2	Replicative	Non.Committed_Replicative	GSM5916726	Infection2_D4_SEQ1	Illumina NovaSeq 6000
D4Seq1_AAACCTCGAGTA	D4Seq1_AAACCTCGAGTA	SEQ4r1_AAACCTCGAGTA	SEQ4r1	SEQ4r1	Infection2	d4	CTRL	Infection2_d4	CTRL_d4_Infection2	Replicative	Non.Committed_Replicative	GSM5916726	Infection2_D4_SEQ1	Illumina NovaSeq 6000
D4Seq1_AAACGTCAAGTA	D4Seq1_AAACGTCAAGTA	SEQ4r1_AAACGTCAAGTA	SEQ4r1	SEQ4r1	Infection2	d4	CTRL	Infection2_d4	CTRL_d4_Infection2	Replicative	Non.Committed_Replicative	GSM5916726	Infection2_D4_SEQ1	Illumina NovaSeq 6000
D4Seq1_AAAGCTCAAGTA	D4Seq1_AAAGCTCAAGTA	SEQ4r1_AAAGCTCAAGTA	SEQ4r1	SEQ4r1	Infection2	d4	CTRL	Infection2_d4	CTRL_d4_Infection2	Replicative	Non.Committed_Replicative	GSM5916726	Infection2_D4_SEQ1	Illumina NovaSeq 6000
D4Seq1_AACCCTCAAGTA	D4Seq1_AACCCTCAAGTA	SEQ4r1_AACCCTCAAGTA	SEQ4r1	SEQ4r1	Infection2	d4	CTRL	Infection2_d4	CTRL_d4_Infection2	Replicative	Non.Committed_Replicative	GSM5916726	Infection2_D4_SEQ1	Illumina NovaSeq 6000
D4Seq1_AAGCCTCAAGTA	D4Seq1_AAGCCTCAAGTA	SEQ4r1_AAGCCTCAAGTA	SEQ4r1	SEQ4r1	Infection2	d4	CTRL	Infection2_d4	CTRL_d4_Infection2	Replicative	Non.Committed_Replicative	GSM5916726	Infection2_D4_SEQ1	Illumina NovaSeq 6000
D4Seq1_AATCTGCCGGGT	D4Seq1_AATCTGCCGGGT	SEQ4r1_AATCTGCCGGGT	SEQ4r1	SEQ4r1	Infection2	d4	CTRL	Infection2_d4	CTRL_d4_Infection2	Replicative	Non.Committed_Replicative	GSM5916726	Infection2_D4_SEQ1	Illumina NovaSeq 6000
D4Seq1_ACGCGCCGTGGT	D4Seq1_ACGCGCCGTGGT	SEQ4r1_ACGCGCCGTGGT	SEQ4r1	SEQ4r1	Infection2	d4	CTRL	Infection2_d4	CTRL_d4_Infection2	Replicative	Non.Committed_Replicative	GSM5916726	Infection2_D4_SEQ1	Illumina NovaSeq 6000
D4Seq1_ACTGAGTTTCGG	D4Seq1_ACTGAGTTTCGG	SEQ4r1_ACTGAGTTTCGG	SEQ4r1	SEQ4r1	Infection2	d4	CTRL	Infection2_d4	CTRL_d4_Infection2	Replicative	Non.Committed_Replicative	GSM5916726	Infection2_D4_SEQ1	Illumina NovaSeq 6000
D4Seq1_ATACTGCCGGGT	D4Seq1_ATACTGCCGGGT	SEQ4r1_ATACTGCCGGGT	SEQ4r1	SEQ4r1	Infection2	d4	CTRL	Infection2_d4	CTRL_d4_Infection2	Replicative	Non.Committed_Replicative	GSM5916726	Infection2_D4_SEQ1	Illumina NovaSeq 6000
D4Seq1_ATATCACTGGCT	D4Seq1_ATATCACTGGCT	SEQ4r1_ATATCACTGGCT	SEQ4r1	SEQ4r1	Infection2	d4	CTRL	Infection2_d4	CTRL_d4_Infection2	Replicative	Non.Committed_Replicative	GSM5916726	Infection2_D4_SEQ1	Illumina NovaSeq 6000
D4Seq1_ATGACGGGCAGA	D4Seq1_ATGACGGGCAGA	SEQ4r1_ATGACGGGCAGA	SEQ4r1	SEQ4r1	Infection2	d4	CTRL	Infection2_d4	CTRL_d4_Infection2	Replicative	Sexually.Committed_Replicative	GSM5916726	Infection2_D4_SEQ1	Illumina NovaSeq 6000
D4Seq1_ATGCTGCCGGGT	D4Seq1_ATGCTGCCGGGT	SEQ4r1_ATGCTGCCGGGT	SEQ4r1	SEQ4r1	Infection2	d4	CTRL	Infection2_d4	CTRL_d4_Infection2	Replicative	Non.Committed_Replicative	GSM5916726	Infection2_D4_SEQ1	Illumina NovaSeq 6000
D4Seq1_ATTATGCCGGGT	D4Seq1_ATTATGCCGGGT	SEQ4r1_ATTATGCCGGGT	SEQ4r1	SEQ4r1	Infection2	d4	CTRL	Infection2_d4	CTRL_d4_Infection2	Replicative	Non.Committed_Replicative	GSM5916726	Infection2_D4_SEQ1	Illumina NovaSeq 6000
D4Seq1_ATTCAGCCGGGT	D4Seq1_ATTCAGCCGGGT	SEQ4r1_ATTCAGCCGGGT	SEQ4r1	SEQ4r1	Infection2	d4	CTRL	Infection2_d4	CTRL_d4_Infection2	Replicative	Non.Committed_Replicative	GSM5916726	Infection2_D4_SEQ1	Illumina NovaSeq 6000
D4Seq1_ATTCGGCCGGGT	D4Seq1_ATTCGGCCGGGT	SEQ4r1_ATTCGGCCGGGT	SEQ4r1	SEQ4r1	Infection2	d4	CTRL	Infection2_d4	CTRL_d4_Infection2	Replicative	Non.Committed_Replicative	GSM5916726	Infection2_D4_SEQ1	Illumina NovaSeq 6000
D4Seq1_ATTCTGACGGGT	D4Seq1_ATTCTGACGGGT	SEQ4r1_ATTCTGACGGGT	SEQ4r1	SEQ4r1	Infection2	d4	CTRL	Infection2_d4	CTRL_d4_Infection2	Replicative	Non.Committed_Replicative	GSM5916726	Infection2_D4_SEQ1	Illumina NovaSeq 6000
D4Seq1_ATTCTGCCCGGT	D4Seq1_ATTCTGCCCGGT	SEQ4r1_ATTCTGCCCGGT	SEQ4r1	SEQ4r1	Infection2	d4	CTRL	Infection2_d4	CTRL_d4_Infection2	Replicative	Non.Committed_Replicative	GSM5916726	Infection2_D4_SEQ1	Illumina NovaSeq 6000
D4Seq1_ATTCTGCCGCGT	D4Seq1_ATTCTGCCGCGT	SEQ4r1_ATTCTGCCGCGT	SEQ4r1	SEQ4r1	Infection2	d4	CTRL	Infection2_d4	CTRL_d4_Infection2	Replicative	Non.Committed_Replicative	GSM5916726	Infection2_D4_SEQ1	Illumina NovaSeq 6000
D4Seq1_ATTCTGCCGGCT	D4Seq1_ATTCTGCCGGCT	SEQ4r1_ATTCTGCCGGCT	SEQ4r1	SEQ4r1	Infection2	d4	CTRL	Infection2_d4	CTRL_d4_Infection2	Replicative	Non.Committed_Replicative	GSM5916726	Infection2_D4_SEQ1	Illumina NovaSeq 6000
D4Seq1_ATTCTGCCGGGG	D4Seq1_ATTCTGCCGGGG	SEQ4r1_ATTCTGCCGGGG	SEQ4r1	SEQ4r1	Infection2	d4	CTRL	Infection2_d4	CTRL_d4_Infection2	Replicative	Non.Committed_Replicative	GSM5916726	Infection2_D4_SEQ1	Illumina NovaSeq 6000
D4Seq1_ATTCTGTCGGGT	D4Seq1_ATTCTGTCGGGT	SEQ4r1_ATTCTGTCGGGT	SEQ4r1	SEQ4r1	Infection2	d4	CTRL	Infection2_d4	CTRL_d4_Infection2	Replicative	Non.Committed_Replicative	GSM5916726	Infection2_D4_SEQ1	Illumina NovaSeq 6000
D4Seq1_ATTGTGCCGGGT	D4Seq1_ATTGTGCCGGGT	SEQ4r1_ATTGTGCCGGGT	SEQ4r1	SEQ4r1	Infection2	d4	CTRL	Infection2_d4	CTRL_d4_Infection2	Replicative	Non.Committed_Replicative	GSM5916726	Infection2_D4_SEQ1	Illumina NovaSeq 6000
D4Seq1_CAATTTAGTATC	D4Seq1_CAATTTAGTATC	SEQ4r1_CAATTTAGTATC	SEQ4r1	SEQ4r1	Infection2	d4	CTRL	Infection2_d4	CTRL_d4_Infection2	Replicative	Non.Committed_Replicative	GSM5916726	Infection2_D4_SEQ1	Illumina NovaSeq 6000
D4Seq1_CCTGAGTTTCGG	D4Seq1_CCTGAGTTTCGG	SEQ4r1_CCTGAGTTTCGG	SEQ4r1	SEQ4r1	Infection2	d4	CTRL	Infection2_d4	CTRL_d4_Infection2	Replicative	Non.Committed_Replicative	GSM5916726	Infection2_D4_SEQ1	Illumina NovaSeq 6000
D4Seq1_CGGCCTAGACAG	D4Seq1_CGGCCTAGACAG	SEQ4r1_CGGCCTAGACAG	SEQ4r1	SEQ4r1	Infection2	d4	CTRL	Infection2_d4	CTRL_d4_Infection2	Replicative	Non.Committed_Replicative	GSM5916726	Infection2_D4_SEQ1	Illumina NovaSeq 6000
D4Seq1_GAACCTCAAGTA	D4Seq1_GAACCTCAAGTA	SEQ4r1_GAACCTCAAGTA	SEQ4r1	SEQ4r1	Infection2	d4	CTRL	Infection2_d4	CTRL_d4_Infection2	Replicative	Sexually.Committed_Replicative	GSM5916726	Infection2_D4_SEQ1	Illumina NovaSeq 6000
D4Seq1_GATGAGTTTCGG	D4Seq1_GATGAGTTTCGG	SEQ4r1_GATGAGTTTCGG	SEQ4r1	SEQ4r1	Infection2	d4	CTRL	Infection2_d4	CTRL_d4_Infection2	Replicative	Non.Committed_Replicative	GSM5916726	Infection2_D4_SEQ1	Illumina NovaSeq 6000
D4Seq1_GCAGAGTTTCGG	D4Seq1_GCAGAGTTTCGG	SEQ4r1_GCAGAGTTTCGG	SEQ4r1	SEQ4r1	Infection2	d4	CTRL	Infection2_d4	CTRL_d4_Infection2	Replicative	Non.Committed_Replicative	GSM5916726	Infection2_D4_SEQ1	Illumina NovaSeq 6000
D4Seq1_GCCGAGTTTCGG	D4Seq1_GCCGAGTTTCGG	SEQ4r1_GCCGAGTTTCGG	SEQ4r1	SEQ4r1	Infection2	d4	CTRL	Infection2_d4	CTRL_d4_Infection2	Replicative	Non.Committed_Replicative	GSM5916726	Infection2_D4_SEQ1	Illumina NovaSeq 6000
D4Seq1_GCGCGACGTGGT	D4Seq1_GCGCGACGTGGT	SEQ4r1_GCGCGACGTGGT	SEQ4r1	SEQ4r1	Infection2	d4	CTRL	Infection2_d4	CTRL_d4_Infection2	Replicative	Non.Committed_Replicative	GSM5916726	Infection2_D4_SEQ1	Illumina NovaSeq 6000
D4Seq1_GCGGAGTTTCGG	D4Seq1_GCGGAGTTTCGG	SEQ4r1_GCGGAGTTTCGG	SEQ4r1	SEQ4r1	Infection2	d4	CTRL	Infection2_d4	CTRL_d4_Infection2	Replicative	Non.Committed_Replicative	GSM5916726	Infection2_D4_SEQ1	Illumina NovaSeq 6000
D4Seq1_GCTAAGTTTCGG	D4Seq1_GCTAAGTTTCGG	SEQ4r1_GCTAAGTTTCGG	SEQ4r1	SEQ4r1	Infection2	d4	CTRL	Infection2_d4	CTRL_d4_Infection2	Replicative	Non.Committed_Replicative	GSM5916726	Infection2_D4_SEQ1	Illumina NovaSeq 6000
D4Seq1_GCTCAGTTTCGG	D4Seq1_GCTCAGTTTCGG	SEQ4r1_GCTCAGTTTCGG	SEQ4r1	SEQ4r1	Infection2	d4	CTRL	Infection2_d4	CTRL_d4_Infection2	Replicative	Non.Committed_Replicative	GSM5916726	Infection2_D4_SEQ1	Illumina NovaSeq 6000
D4Seq1_GCTGAATTTCGG	D4Seq1_GCTGAATTTCGG	SEQ4r1_GCTGAATTTCGG	SEQ4r1	SEQ4r1	Infection2	d4	CTRL	Infection2_d4	CTRL_d4_Infection2	Replicative	Non.Committed_Replicative	GSM5916726	Infection2_D4_SEQ1	Illumina NovaSeq 6000
D4Seq1_GCTGACTTTCGG	D4Seq1_GCTGACTTTCGG	SEQ4r1_GCTGACTTTCGG	SEQ4r1	SEQ4r1	Infection2	d4	CTRL	Infection2_d4	CTRL_d4_Infection2	Replicative	Non.Committed_Replicative	GSM5916726	Infection2_D4_SEQ1	Illumina NovaSeq 6000
D4Seq1_GCTGAGATTCGG	D4Seq1_GCTGAGATTCGG	SEQ4r1_GCTGAGATTCGG	SEQ4r1	SEQ4r1	Infection2	d4	CTRL	Infection2_d4	CTRL_d4_Infection2	Replicative	Non.Committed_Replicative	GSM5916726	Infection2_D4_SEQ1	Illumina NovaSeq 6000
D4Seq1_GCTGAGTATCGG	D4Seq1_GCTGAGTATCGG	SEQ4r1_GCTGAGTATCGG	SEQ4r1	SEQ4r1	Infection2	d4	CTRL	Infection2_d4	CTRL_d4_Infection2	Replicative	Non.Committed_Replicative	GSM5916726	Infection2_D4_SEQ1	Illumina NovaSeq 6000
D4Seq1_GCTGAGTTACGG	D4Seq1_GCTGAGTTACGG	SEQ4r1_GCTGAGTTACGG	SEQ4r1	SEQ4r1	Infection2	d4	CTRL	Infection2_d4	CTRL_d4_Infection2	Replicative	Non.Committed_Replicative	GSM5916726	Infection2_D4_SEQ1	Illumina NovaSeq 6000
D4Seq1_GCTGAGTTTAGG	D4Seq1_GCTGAGTTTAGG	SEQ4r1_GCTGAGTTTAGG	SEQ4r1	SEQ4r1	Infection2	d4	CTRL	Infection2_d4	CTRL_d4_Infection2	Replicative	Non.Committed_Replicative	GSM5916726	Infection2_D4_SEQ1	Illumina NovaSeq 6000
D4Seq1_GCTGAGTTTCAG	D4Seq1_GCTGAGTTTCAG	SEQ4r1_GCTGAGTTTCAG	SEQ4r1	SEQ4r1	Infection2	d4	CTRL	Infection2_d4	CTRL_d4_Infection2	Replicative	Non.Committed_Replicative	GSM5916726	Infection2_D4_SEQ1	Illumina NovaSeq 6000
D4Seq1_GCTGAGTTTCCG	D4Seq1_GCTGAGTTTCCG	SEQ4r1_GCTGAGTTTCCG	SEQ4r1	SEQ4r1	Infection2	d4	CTRL	Infection2_d4	CTRL_d4_Infection2	Replicative	Non.Committed_Replicative	GSM5916726	Infection2_D4_SEQ1	Illumina NovaSeq 6000
D4Seq1_GCTGAGTTTCGA	D4Seq1_GCTGAGTTTCGA	SEQ4r1_GCTGAGTTTCGA	SEQ4r1	SEQ4r1	Infection2	d4	CTRL	Infection2_d4	CTRL_d4_Infection2	Replicative	Non.Committed_Replicative	GSM5916726	Infection2_D4_SEQ1	Illumina NovaSeq 6000
D4Seq1_GCTGAGTTTCGC	D4Seq1_GCTGAGTTTCGC	SEQ4r1_GCTGAGTTTCGC	SEQ4r1	SEQ4r1	Infection2	d4	CTRL	Infection2_d4	CTRL_d4_Infection2	Replicative	Non.Committed_Replicative	GSM5916726	Infection2_D4_SEQ1	Illumina NovaSeq 6000
D4Seq1_GCTGAGTTTCGT	D4Seq1_GCTGAGTTTCGT	SEQ4r1_GCTGAGTTTCGT	SEQ4r1	SEQ4r1	Infection2	d4	CTRL	Infection2_d4	CTRL_d4_Infection2	Replicative	Non.Committed_Replicative	GSM5916726	Infection2_D4_SEQ1	Illumina NovaSeq 6000
D4Seq1_GCTGAGTTTCTG	D4Seq1_GCTGAGTTTCTG	SEQ4r1_GCTGAGTTTCTG	SEQ4r1	SEQ4r1	Infection2	d4	CTRL	Infection2_d4	CTRL_d4_Infection2	Replicative	Non.Committed_Replicative	GSM5916726	Infection2_D4_SEQ1	Illumina NovaSeq 6000
D4Seq1_GCTGAGTTTTGG	D4Seq1_GCTGAGTTTTGG	SEQ4r1_GCTGAGTTTTGG	SEQ4r1	SEQ4r1	Infection2	d4	CTRL	Infection2_d4	CTRL_d4_Infection2	Replicative	Non.Committed_Replicative	GSM5916726	Infection2_D4_SEQ1	Illumina NovaSeq 6000
D4Seq1_GCTGGGTTTCGG	D4Seq1_GCTGGGTTTCGG	SEQ4r1_GCTGGGTTTCGG	SEQ4r1	SEQ4r1	Infection2	d4	CTRL	Infection2_d4	CTRL_d4_Infection2	Replicative	Non.Committed_Replicative	GSM5916726	Infection2_D4_SEQ1	Illumina NovaSeq 6000
D4Seq1_GGACCGGAATGT	D4Seq1_GGACCGGAATGT	SEQ4r1_GGACCGGAATGT	SEQ4r1	SEQ4r1	Infection2	d4	CTRL	Infection2_d4	CTRL_d4_Infection2	Replicative	Non.Committed_Replicative	GSM5916726	Infection2_D4_SEQ1	Illumina NovaSeq 6000
D4Seq1_GGAGCCCGTCCT	D4Seq1_GGAGCCCGTCCT	SEQ4r1_GGAGCCCGTCCT	SEQ4r1	SEQ4r1	Infection2	d4	CTRL	Infection2_d4	CTRL_d4_Infection2	Replicative	Non.Committed_Replicative	GSM5916726	Infection2_D4_SEQ1	Illumina NovaSeq 6000
D4Seq1_GGGCCGGAATGT	D4Seq1_GGGCCGGAATGT	SEQ4r1_GGGCCGGAATGT	SEQ4r1	SEQ4r1	Infection2	d4	CTRL	Infection2_d4	CTRL_d4_Infection2	Replicative	Non.Committed_Replicative	GSM5916726	Infection2_D4_SEQ1	Illumina NovaSeq 6000
D4Seq1_GGTGAGTTTCGG	D4Seq1_GGTGAGTTTCGG	SEQ4r1_GGTGAGTTTCGG	SEQ4r1	SEQ4r1	Infection2	d4	CTRL	Infection2_d4	CTRL_d4_Infection2	Replicative	Sexually.Committed_Replicative	GSM5916726	Infection2_D4_SEQ1	Illumina NovaSeq 6000
D4Seq1_GTATCAATGGCT	D4Seq1_GTATCAATGGCT	SEQ4r1_GTATCAATGGCT	SEQ4r1	SEQ4r1	Infection2	d4	CTRL	Infection2_d4	CTRL_d4_Infection2	Replicative	Non.Committed_Replicative	GSM5916726	Infection2_D4_SEQ1	Illumina NovaSeq 6000
D4Seq1_TAACCTCAAGTA	D4Seq1_TAACCTCAAGTA	SEQ4r1_TAACCTCAAGTA	SEQ4r1	SEQ4r1	Infection2	d4	CTRL	Infection2_d4	CTRL_d4_Infection2	Replicative	Non.Committed_Replicative	GSM5916726	Infection2_D4_SEQ1	Illumina NovaSeq 6000
D4Seq1_TCTGAGTTTCGG	D4Seq1_TCTGAGTTTCGG	SEQ4r1_TCTGAGTTTCGG	SEQ4r1	SEQ4r1	Infection2	d4	CTRL	Infection2_d4	CTRL_d4_Infection2	Replicative	Sexually.Committed_Replicative	GSM5916726	Infection2_D4_SEQ1	Illumina NovaSeq 6000
D4Seq1_TTTCTGCCGGGT	D4Seq1_TTTCTGCCGGGT	SEQ4r1_TTTCTGCCGGGT	SEQ4r1	SEQ4r1	Infection2	d4	CTRL	Infection2_d4	CTRL_d4_Infection2	Replicative	Non.Committed_Replicative	GSM5916726	Infection2_D4_SEQ1	Illumina NovaSeq 6000
D4Seq1_GCTGAATTTCGG.1	D4Seq1_GCTGAATTTCGG	SEQ4r1_GCTGAATTTCGG	SEQ4r1	NA	Infection2	d4	CTRL	NA	CTRL_d4_Infection2	Replicative	Non.Committed_Replicative	GSM5916726	Infection2_D4_SEQ1	Illumina NovaSeq 6000
D5Seq1_CCCCGATTGACG	D5Seq1_CCCCGATTGACG	SEQ5r1_CCCCGATTGACG	SEQ5r1	NA	Infection2	d5	CTRL	NA	CTRL_d5_Infection2	Hypnozoite	Non.Committed_Hypnozoite	GSM5916730	Infection2_D5_SEQ1	Illumina NovaSeq 6000
D5Seq2_CCCCGATTGACG	D5Seq2_CCCCGATTGACG	SEQ5r2_CCCCGATTGACG	SEQ5r2	NA	Infection2	d5	CTRL	NA	CTRL_d5_Infection2	Hypnozoite	Non.Committed_Hypnozoite	GSM5916731	Infection2_D5_SEQ2	Illumina NovaSeq 6000
