source_cell_id	source_group	barcode_token	figure_group	candidate_run	candidate_cell_id	pre_present
AMRU_Ao_AAACCTGAGCTCAACT	AMRU_Ao	AAACCTGAGCTCAACT	AMRU	SRR11008278	278_AAACCTGAGCTCAACT	TRUE
AMRU_Ao_AAACCTGAGTTGAGAT	AMRU_Ao	AAACCTGAGTTGAGAT	AMRU	SRR11008278	278_AAACCTGAGTTGAGAT	TRUE
AMRU_Ao_AAACCTGGTCAATACC	AMRU_Ao	AAACCTGGTCAATACC	AMRU	SRR11008278	278_AAACCTGGTCAATACC	TRUE
AMRU_Ao_AAACCTGGTCATATCG	AMRU_Ao	AAACCTGGTCATATCG	AMRU	SRR11008278	278_AAACCTGGTCATATCG	TRUE
AMRU_Ao_AAACCTGTCTCGAGTA	AMRU_Ao	AAACCTGTCTCGAGTA	AMRU	SRR11008278	278_AAACCTGTCTCGAGTA	TRUE
AMRU_Ao_AAACGGGGTTACGGAG	AMRU_Ao	AAACGGGGTTACGGAG	AMRU	SRR11008278	278_AAACGGGGTTACGGAG	TRUE
AMRU_Ao_AAACGGGGTTATCCGA	AMRU_Ao	AAACGGGGTTATCCGA	AMRU	SRR11008278	278_AAACGGGGTTATCCGA	TRUE
AMRU_Ao_AAAGATGAGGTGCACA	AMRU_Ao	AAAGATGAGGTGCACA	AMRU	SRR11008278	278_AAAGATGAGGTGCACA	TRUE
AMRU_Ao_AAAGATGCAGTCGATT	AMRU_Ao	AAAGATGCAGTCGATT	AMRU	SRR11008278	278_AAAGATGCAGTCGATT	TRUE
AMRU_Ao_AAAGATGCATCGTCGG	AMRU_Ao	AAAGATGCATCGTCGG	AMRU	SRR11008278	278_AAAGATGCATCGTCGG	TRUE
AMRU_Ao_AAAGATGCATGGATGG	AMRU_Ao	AAAGATGCATGGATGG	AMRU	SRR11008278	278_AAAGATGCATGGATGG	TRUE
AMRU_Ao_AAAGATGGTGCTCTTC	AMRU_Ao	AAAGATGGTGCTCTTC	AMRU	SRR11008278	278_AAAGATGGTGCTCTTC	TRUE
AMRU_Ao_AAAGATGTCATGCTCC	AMRU_Ao	AAAGATGTCATGCTCC	AMRU	SRR11008278	278_AAAGATGTCATGCTCC	TRUE
AMRU_Ao_AAAGATGTCTCCTATA	AMRU_Ao	AAAGATGTCTCCTATA	AMRU	SRR11008278	278_AAAGATGTCTCCTATA	TRUE
AMRU_Ao_AAAGCAAAGACACTAA	AMRU_Ao	AAAGCAAAGACACTAA	AMRU	SRR11008278	278_AAAGCAAAGACACTAA	TRUE
AMRU_Ao_AAAGCAAGTTAAGTAG	AMRU_Ao	AAAGCAAGTTAAGTAG	AMRU	SRR11008278	278_AAAGCAAGTTAAGTAG	TRUE
AMRU_Ao_AAAGCAATCATCTGCC	AMRU_Ao	AAAGCAATCATCTGCC	AMRU	SRR11008278	278_AAAGCAATCATCTGCC	TRUE
AMRU_Ao_AAAGTAGAGCTACCGC	AMRU_Ao	AAAGTAGAGCTACCGC	AMRU	SRR11008278	278_AAAGTAGAGCTACCGC	TRUE
AMRU_Ao_AAAGTAGGTGGCAAAC	AMRU_Ao	AAAGTAGGTGGCAAAC	AMRU	SRR11008278	278_AAAGTAGGTGGCAAAC	TRUE
AMRU_Ao_AAAGTAGGTGTCAATC	AMRU_Ao	AAAGTAGGTGTCAATC	AMRU	SRR11008278	278_AAAGTAGGTGTCAATC	TRUE
AMRU_Ao_AAATGCCAGCCAGGAT	AMRU_Ao	AAATGCCAGCCAGGAT	AMRU	SRR11008278	278_AAATGCCAGCCAGGAT	TRUE
AMRU_Ao_AAATGCCCATAGACTC	AMRU_Ao	AAATGCCCATAGACTC	AMRU	SRR11008278	278_AAATGCCCATAGACTC	TRUE
AMRU_Ao_AAATGCCGTAGGCTGA	AMRU_Ao	AAATGCCGTAGGCTGA	AMRU	SRR11008278	278_AAATGCCGTAGGCTGA	TRUE
AMRU_Ao_AAATGCCGTCCCTTGT	AMRU_Ao	AAATGCCGTCCCTTGT	AMRU	SRR11008278	278_AAATGCCGTCCCTTGT	TRUE
AMRU_Ao_AAATGCCGTTGTGGCC	AMRU_Ao	AAATGCCGTTGTGGCC	AMRU	SRR11008278	278_AAATGCCGTTGTGGCC	TRUE
AMRU_Ao_AAATGCCTCGGTCTAA	AMRU_Ao	AAATGCCTCGGTCTAA	AMRU	SRR11008278	278_AAATGCCTCGGTCTAA	TRUE
AMRU_Ao_AACACGTAGATATGGT	AMRU_Ao	AACACGTAGATATGGT	AMRU	SRR11008278	278_AACACGTAGATATGGT	TRUE
AMRU_Ao_AACACGTAGGTAGCCA	AMRU_Ao	AACACGTAGGTAGCCA	AMRU	SRR11008278	278_AACACGTAGGTAGCCA	TRUE
AMRU_Ao_AACACGTAGTCACGCC	AMRU_Ao	AACACGTAGTCACGCC	AMRU	SRR11008278	278_AACACGTAGTCACGCC	TRUE
AMRU_Ao_AACACGTGTCGGCACT	AMRU_Ao	AACACGTGTCGGCACT	AMRU	SRR11008278	278_AACACGTGTCGGCACT	TRUE
AMRU_Ao_AACACGTGTGTGGCTC	AMRU_Ao	AACACGTGTGTGGCTC	AMRU	SRR11008278	278_AACACGTGTGTGGCTC	TRUE
AMRU_Ao_AACACGTTCCAGTAGT	AMRU_Ao	AACACGTTCCAGTAGT	AMRU	SRR11008278	278_AACACGTTCCAGTAGT	TRUE
AMRU_Ao_AACACGTTCGTCCGTT	AMRU_Ao	AACACGTTCGTCCGTT	AMRU	SRR11008278	278_AACACGTTCGTCCGTT	TRUE
AMRU_Ao_AACCATGAGTTTAGGA	AMRU_Ao	AACCATGAGTTTAGGA	AMRU	SRR11008278	278_AACCATGAGTTTAGGA	TRUE
AMRU_Ao_AACCATGCACGAAACG	AMRU_Ao	AACCATGCACGAAACG	AMRU	SRR11008278	278_AACCATGCACGAAACG	TRUE
AMRU_Ao_AACCGCGAGATATACG	AMRU_Ao	AACCGCGAGATATACG	AMRU	SRR11008278	278_AACCGCGAGATATACG	TRUE
AMRU_Ao_AACCGCGCATGCTAGT	AMRU_Ao	AACCGCGCATGCTAGT	AMRU	SRR11008278	278_AACCGCGCATGCTAGT	TRUE
AMRU_Ao_AACGTTGAGTGTCTCA	AMRU_Ao	AACGTTGAGTGTCTCA	AMRU	SRR11008278	278_AACGTTGAGTGTCTCA	TRUE
AMRU_Ao_AACTCCCCACCGAAAG	AMRU_Ao	AACTCCCCACCGAAAG	AMRU	SRR11008278	278_AACTCCCCACCGAAAG	TRUE
AMRU_Ao_AACTCCCGTATAGGGC	AMRU_Ao	AACTCCCGTATAGGGC	AMRU	SRR11008278	278_AACTCCCGTATAGGGC	TRUE
AMRU_Ao_AACTCCCTCACATGCA	AMRU_Ao	AACTCCCTCACATGCA	AMRU	SRR11008278	278_AACTCCCTCACATGCA	TRUE
AMRU_Ao_AACTCTTCAACTGCTA	AMRU_Ao	AACTCTTCAACTGCTA	AMRU	SRR11008278	278_AACTCTTCAACTGCTA	TRUE
AMRU_Ao_AACTCTTTCACTATTC	AMRU_Ao	AACTCTTTCACTATTC	AMRU	SRR11008278	278_AACTCTTTCACTATTC	TRUE
AMRU_Ao_AACTGGTCAAGCTGAG	AMRU_Ao	AACTGGTCAAGCTGAG	AMRU	SRR11008278	278_AACTGGTCAAGCTGAG	TRUE
AMRU_Ao_AACTGGTGTGCGAAAC	AMRU_Ao	AACTGGTGTGCGAAAC	AMRU	SRR11008278	278_AACTGGTGTGCGAAAC	TRUE
AMRU_Ao_AACTGGTGTGTGACCC	AMRU_Ao	AACTGGTGTGTGACCC	AMRU	SRR11008278	278_AACTGGTGTGTGACCC	TRUE
AMRU_Ao_AACTGGTTCATGCTCC	AMRU_Ao	AACTGGTTCATGCTCC	AMRU	SRR11008278	278_AACTGGTTCATGCTCC	TRUE
AMRU_Ao_AACTGGTTCTGCGACG	AMRU_Ao	AACTGGTTCTGCGACG	AMRU	SRR11008278	278_AACTGGTTCTGCGACG	TRUE
AMRU_Ao_AACTGGTTCTGTCAAG	AMRU_Ao	AACTGGTTCTGTCAAG	AMRU	SRR11008278	278_AACTGGTTCTGTCAAG	TRUE
AMRU_Ao_AACTTTCAGGTGATTA	AMRU_Ao	AACTTTCAGGTGATTA	AMRU	SRR11008278	278_AACTTTCAGGTGATTA	TRUE
AMRU_Ao_AACTTTCCAATCTACG	AMRU_Ao	AACTTTCCAATCTACG	AMRU	SRR11008278	278_AACTTTCCAATCTACG	TRUE
AMRU_Ao_AACTTTCCATATGAGA	AMRU_Ao	AACTTTCCATATGAGA	AMRU	SRR11008278	278_AACTTTCCATATGAGA	TRUE
AMRU_Ao_AAGACCTAGGAGTACC	AMRU_Ao	AAGACCTAGGAGTACC	AMRU	SRR11008278	278_AAGACCTAGGAGTACC	TRUE
AMRU_Ao_AAGACCTCACTTAAGC	AMRU_Ao	AAGACCTCACTTAAGC	AMRU	SRR11008278	278_AAGACCTCACTTAAGC	TRUE
AMRU_Ao_AAGACCTCATCCCATC	AMRU_Ao	AAGACCTCATCCCATC	AMRU	SRR11008278	278_AAGACCTCATCCCATC	TRUE
AMRU_Ao_AAGACCTCATTCCTGC	AMRU_Ao	AAGACCTCATTCCTGC	AMRU	SRR11008278	278_AAGACCTCATTCCTGC	TRUE
AMRU_Ao_AAGACCTTCAGCGATT	AMRU_Ao	AAGACCTTCAGCGATT	AMRU	SRR11008278	278_AAGACCTTCAGCGATT	TRUE
AMRU_Ao_AAGCCGCAGCCGGTAA	AMRU_Ao	AAGCCGCAGCCGGTAA	AMRU	SRR11008278	278_AAGCCGCAGCCGGTAA	TRUE
AMRU_Ao_AAGCCGCTCAAGATCC	AMRU_Ao	AAGCCGCTCAAGATCC	AMRU	SRR11008278	278_AAGCCGCTCAAGATCC	TRUE
AMRU_Ao_AAGCCGCTCGCCAAAT	AMRU_Ao	AAGCCGCTCGCCAAAT	AMRU	SRR11008278	278_AAGCCGCTCGCCAAAT	TRUE
AMRU_Ao_AAGGAGCAGGTCGGAT	AMRU_Ao	AAGGAGCAGGTCGGAT	AMRU	SRR11008278	278_AAGGAGCAGGTCGGAT	TRUE
AMRU_Ao_AAGGAGCCAAGGTTTC	AMRU_Ao	AAGGAGCCAAGGTTTC	AMRU	SRR11008278	278_AAGGAGCCAAGGTTTC	TRUE
AMRU_Ao_AAGGAGCTCCCAAGAT	AMRU_Ao	AAGGAGCTCCCAAGAT	AMRU	SRR11008278	278_AAGGAGCTCCCAAGAT	TRUE
AMRU_Ao_AAGGCAGAGTGCCATT	AMRU_Ao	AAGGCAGAGTGCCATT	AMRU	SRR11008278	278_AAGGCAGAGTGCCATT	TRUE
AMRU_Ao_AAGGCAGGTCCGAACC	AMRU_Ao	AAGGCAGGTCCGAACC	AMRU	SRR11008278	278_AAGGCAGGTCCGAACC	TRUE
AMRU_Ao_AAGGCAGGTCCGAAGA	AMRU_Ao	AAGGCAGGTCCGAAGA	AMRU	SRR11008278	278_AAGGCAGGTCCGAAGA	TRUE
AMRU_Ao_AAGGTTCAGAAACCTA	AMRU_Ao	AAGGTTCAGAAACCTA	AMRU	SRR11008278	278_AAGGTTCAGAAACCTA	TRUE
AMRU_Ao_AAGGTTCAGCACACAG	AMRU_Ao	AAGGTTCAGCACACAG	AMRU	SRR11008278	278_AAGGTTCAGCACACAG	TRUE
AMRU_Ao_AAGGTTCGTCACACGC	AMRU_Ao	AAGGTTCGTCACACGC	AMRU	SRR11008278	278_AAGGTTCGTCACACGC	TRUE
AMRU_Ao_AAGGTTCTCAGTCAGT	AMRU_Ao	AAGGTTCTCAGTCAGT	AMRU	SRR11008278	278_AAGGTTCTCAGTCAGT	TRUE
AMRU_Ao_AAGGTTCTCCGAAGAG	AMRU_Ao	AAGGTTCTCCGAAGAG	AMRU	SRR11008278	278_AAGGTTCTCCGAAGAG	TRUE
AMRU_Ao_AAGGTTCTCGACCAGC	AMRU_Ao	AAGGTTCTCGACCAGC	AMRU	SRR11008278	278_AAGGTTCTCGACCAGC	TRUE
AMRU_Ao_AAGTCTGAGACTGGGT	AMRU_Ao	AAGTCTGAGACTGGGT	AMRU	SRR11008278	278_AAGTCTGAGACTGGGT	TRUE
AMRU_Ao_AAGTCTGGTCAATGTC	AMRU_Ao	AAGTCTGGTCAATGTC	AMRU	SRR11008278	278_AAGTCTGGTCAATGTC	TRUE
AMRU_Ao_AAGTCTGTCGCGTTTC	AMRU_Ao	AAGTCTGTCGCGTTTC	AMRU	SRR11008278	278_AAGTCTGTCGCGTTTC	TRUE
AMRU_Ao_AAGTCTGTCGTTGCCT	AMRU_Ao	AAGTCTGTCGTTGCCT	AMRU	SRR11008278	278_AAGTCTGTCGTTGCCT	TRUE
AMRU_Ao_AAGTCTGTCTACTCAT	AMRU_Ao	AAGTCTGTCTACTCAT	AMRU	SRR11008278	278_AAGTCTGTCTACTCAT	TRUE
AMRU_Ao_AATCCAGAGGGTTCCC	AMRU_Ao	AATCCAGAGGGTTCCC	AMRU	SRR11008278	278_AATCCAGAGGGTTCCC	TRUE
AMRU_Ao_AATCCAGAGTAGCCGA	AMRU_Ao	AATCCAGAGTAGCCGA	AMRU	SRR11008278	278_AATCCAGAGTAGCCGA	TRUE
AMRU_Ao_AATCCAGGTTACTGAC	AMRU_Ao	AATCCAGGTTACTGAC	AMRU	SRR11008278	278_AATCCAGGTTACTGAC	TRUE
AMRU_Ao_AATCCAGTCAACCAAC	AMRU_Ao	AATCCAGTCAACCAAC	AMRU	SRR11008278	278_AATCCAGTCAACCAAC	TRUE
AMRU_Ao_AATCCAGTCAATCACG	AMRU_Ao	AATCCAGTCAATCACG	AMRU	SRR11008278	278_AATCCAGTCAATCACG	TRUE
AMRU_Ao_AATCGGTGTACCCAAT	AMRU_Ao	AATCGGTGTACCCAAT	AMRU	SRR11008278	278_AATCGGTGTACCCAAT	TRUE
AMRU_Ao_ACACCAACAGCGAACA	AMRU_Ao	ACACCAACAGCGAACA	AMRU	SRR11008278	278_ACACCAACAGCGAACA	TRUE
AMRU_Ao_ACACCAATCACTTCAT	AMRU_Ao	ACACCAATCACTTCAT	AMRU	SRR11008278	278_ACACCAATCACTTCAT	TRUE
AMRU_Ao_ACACCAATCATATCGG	AMRU_Ao	ACACCAATCATATCGG	AMRU	SRR11008278	278_ACACCAATCATATCGG	TRUE
AMRU_Ao_ACACCGGAGTGTCCCG	AMRU_Ao	ACACCGGAGTGTCCCG	AMRU	SRR11008278	278_ACACCGGAGTGTCCCG	TRUE
AMRU_Ao_ACACCGGCACGAGGTA	AMRU_Ao	ACACCGGCACGAGGTA	AMRU	SRR11008278	278_ACACCGGCACGAGGTA	TRUE
AMRU_Ao_ACACCGGTCCGCAGTG	AMRU_Ao	ACACCGGTCCGCAGTG	AMRU	SRR11008278	278_ACACCGGTCCGCAGTG	TRUE
AMRU_Ao_ACACTGACACCACGTG	AMRU_Ao	ACACTGACACCACGTG	AMRU	SRR11008278	278_ACACTGACACCACGTG	TRUE
AMRU_Ao_ACACTGAGTGGTACAG	AMRU_Ao	ACACTGAGTGGTACAG	AMRU	SRR11008278	278_ACACTGAGTGGTACAG	TRUE
AMRU_Ao_ACACTGATCCGAACGC	AMRU_Ao	ACACTGATCCGAACGC	AMRU	SRR11008278	278_ACACTGATCCGAACGC	TRUE
AMRU_Ao_ACACTGATCGCTAGCG	AMRU_Ao	ACACTGATCGCTAGCG	AMRU	SRR11008278	278_ACACTGATCGCTAGCG	TRUE
AMRU_Ao_ACACTGATCTGTGCAA	AMRU_Ao	ACACTGATCTGTGCAA	AMRU	SRR11008278	278_ACACTGATCTGTGCAA	TRUE
AMRU_Ao_ACAGCCGAGCCAGAAC	AMRU_Ao	ACAGCCGAGCCAGAAC	AMRU	SRR11008278	278_ACAGCCGAGCCAGAAC	TRUE
AMRU_Ao_ACAGCCGCAATGGATA	AMRU_Ao	ACAGCCGCAATGGATA	AMRU	SRR11008278	278_ACAGCCGCAATGGATA	TRUE
AMRU_Ao_ACAGCCGCACCAGGTC	AMRU_Ao	ACAGCCGCACCAGGTC	AMRU	SRR11008278	278_ACAGCCGCACCAGGTC	TRUE
AMRU_Ao_ACAGCCGGTTCAGTAC	AMRU_Ao	ACAGCCGGTTCAGTAC	AMRU	SRR11008278	278_ACAGCCGGTTCAGTAC	TRUE
AMRU_Ao_ACAGCTAAGCTGCCCA	AMRU_Ao	ACAGCTAAGCTGCCCA	AMRU	SRR11008278	278_ACAGCTAAGCTGCCCA	TRUE
AMRU_Ao_ACAGCTACACCACGTG	AMRU_Ao	ACAGCTACACCACGTG	AMRU	SRR11008278	278_ACAGCTACACCACGTG	TRUE
AMRU_Ao_ACATACGCACGCTTTC	AMRU_Ao	ACATACGCACGCTTTC	AMRU	SRR11008278	278_ACATACGCACGCTTTC	TRUE
AMRU_Ao_ACATACGTCATCGGAT	AMRU_Ao	ACATACGTCATCGGAT	AMRU	SRR11008278	278_ACATACGTCATCGGAT	TRUE
AMRU_Ao_ACATCAGAGAGTCTGG	AMRU_Ao	ACATCAGAGAGTCTGG	AMRU	SRR11008278	278_ACATCAGAGAGTCTGG	TRUE
AMRU_Ao_ACATCAGGTCGACTAT	AMRU_Ao	ACATCAGGTCGACTAT	AMRU	SRR11008278	278_ACATCAGGTCGACTAT	TRUE
AMRU_Ao_ACATCAGTCCATGAAC	AMRU_Ao	ACATCAGTCCATGAAC	AMRU	SRR11008278	278_ACATCAGTCCATGAAC	TRUE
AMRU_Ao_ACATCAGTCTACTTAC	AMRU_Ao	ACATCAGTCTACTTAC	AMRU	SRR11008278	278_ACATCAGTCTACTTAC	TRUE
AMRU_Ao_ACATGGTAGTACATGA	AMRU_Ao	ACATGGTAGTACATGA	AMRU	SRR11008278	278_ACATGGTAGTACATGA	TRUE
AMRU_Ao_ACATGGTCAACACGCC	AMRU_Ao	ACATGGTCAACACGCC	AMRU	SRR11008278	278_ACATGGTCAACACGCC	TRUE
AMRU_Ao_ACATGGTGTAGCGCAA	AMRU_Ao	ACATGGTGTAGCGCAA	AMRU	SRR11008278	278_ACATGGTGTAGCGCAA	TRUE
AMRU_Ao_ACATGGTTCCAATGGT	AMRU_Ao	ACATGGTTCCAATGGT	AMRU	SRR11008278	278_ACATGGTTCCAATGGT	TRUE
AMRU_Ao_ACCAGTACAGCTGTTA	AMRU_Ao	ACCAGTACAGCTGTTA	AMRU	SRR11008278	278_ACCAGTACAGCTGTTA	TRUE
AMRU_Ao_ACCAGTATCACATACG	AMRU_Ao	ACCAGTATCACATACG	AMRU	SRR11008278	278_ACCAGTATCACATACG	TRUE
AMRU_Ao_ACCCACTCACCGATAT	AMRU_Ao	ACCCACTCACCGATAT	AMRU	SRR11008278	278_ACCCACTCACCGATAT	TRUE
AMRU_Ao_ACCCACTTCAAACCAC	AMRU_Ao	ACCCACTTCAAACCAC	AMRU	SRR11008278	278_ACCCACTTCAAACCAC	TRUE
AMRU_Ao_ACCCACTTCAACACGT	AMRU_Ao	ACCCACTTCAACACGT	AMRU	SRR11008278	278_ACCCACTTCAACACGT	TRUE
AMRU_Ao_ACCCACTTCTTAACCT	AMRU_Ao	ACCCACTTCTTAACCT	AMRU	SRR11008278	278_ACCCACTTCTTAACCT	TRUE
AMRU_Ao_ACCGTAAAGGCTCTTA	AMRU_Ao	ACCGTAAAGGCTCTTA	AMRU	SRR11008278	278_ACCGTAAAGGCTCTTA	TRUE
AMRU_Ao_ACCGTAACAGTGGAGT	AMRU_Ao	ACCGTAACAGTGGAGT	AMRU	SRR11008278	278_ACCGTAACAGTGGAGT	TRUE
AMRU_Ao_ACCGTAAGTGTATGGG	AMRU_Ao	ACCGTAAGTGTATGGG	AMRU	SRR11008278	278_ACCGTAAGTGTATGGG	TRUE
AMRU_Ao_ACCTTTAAGGACAGCT	AMRU_Ao	ACCTTTAAGGACAGCT	AMRU	SRR11008278	278_ACCTTTAAGGACAGCT	TRUE
AMRU_Ao_ACCTTTAGTCTTCAAG	AMRU_Ao	ACCTTTAGTCTTCAAG	AMRU	SRR11008278	278_ACCTTTAGTCTTCAAG	TRUE
AMRU_Ao_ACCTTTATCCACGTTC	AMRU_Ao	ACCTTTATCCACGTTC	AMRU	SRR11008278	278_ACCTTTATCCACGTTC	TRUE
AMRU_Ao_ACGAGCCAGATGTCGG	AMRU_Ao	ACGAGCCAGATGTCGG	AMRU	SRR11008278	278_ACGAGCCAGATGTCGG	TRUE
AMRU_Ao_ACGAGCCTCGCAAACT	AMRU_Ao	ACGAGCCTCGCAAACT	AMRU	SRR11008278	278_ACGAGCCTCGCAAACT	TRUE
AMRU_Ao_ACGAGGAAGTAAGTAC	AMRU_Ao	ACGAGGAAGTAAGTAC	AMRU	SRR11008278	278_ACGAGGAAGTAAGTAC	TRUE
AMRU_Ao_ACGAGGACAAACTGCT	AMRU_Ao	ACGAGGACAAACTGCT	AMRU	SRR11008278	278_ACGAGGACAAACTGCT	TRUE
AMRU_Ao_ACGAGGAGTGTGAATA	AMRU_Ao	ACGAGGAGTGTGAATA	AMRU	SRR11008278	278_ACGAGGAGTGTGAATA	TRUE
AMRU_Ao_ACGATACAGCCGATTT	AMRU_Ao	ACGATACAGCCGATTT	AMRU	SRR11008278	278_ACGATACAGCCGATTT	TRUE
AMRU_Ao_ACGATACCACAGCCCA	AMRU_Ao	ACGATACCACAGCCCA	AMRU	SRR11008278	278_ACGATACCACAGCCCA	TRUE
AMRU_Ao_ACGATACCACGGTGTC	AMRU_Ao	ACGATACCACGGTGTC	AMRU	SRR11008278	278_ACGATACCACGGTGTC	TRUE
AMRU_Ao_ACGATACGTAGGGTAC	AMRU_Ao	ACGATACGTAGGGTAC	AMRU	SRR11008278	278_ACGATACGTAGGGTAC	TRUE
AMRU_Ao_ACGATACGTTACGCGC	AMRU_Ao	ACGATACGTTACGCGC	AMRU	SRR11008278	278_ACGATACGTTACGCGC	TRUE
AMRU_Ao_ACGATGTGTGTTTGGT	AMRU_Ao	ACGATGTGTGTTTGGT	AMRU	SRR11008278	278_ACGATGTGTGTTTGGT	TRUE
AMRU_Ao_ACGCAGCCAAGGCTCC	AMRU_Ao	ACGCAGCCAAGGCTCC	AMRU	SRR11008278	278_ACGCAGCCAAGGCTCC	TRUE
AMRU_Ao_ACGCAGCCACGGACAA	AMRU_Ao	ACGCAGCCACGGACAA	AMRU	SRR11008278	278_ACGCAGCCACGGACAA	TRUE
AMRU_Ao_ACGCCAGCAGTTAACC	AMRU_Ao	ACGCCAGCAGTTAACC	AMRU	SRR11008278	278_ACGCCAGCAGTTAACC	TRUE
AMRU_Ao_ACGCCAGGTTCGTGAT	AMRU_Ao	ACGCCAGGTTCGTGAT	AMRU	SRR11008278	278_ACGCCAGGTTCGTGAT	TRUE
AMRU_Ao_ACGCCAGTCAACCATG	AMRU_Ao	ACGCCAGTCAACCATG	AMRU	SRR11008278	278_ACGCCAGTCAACCATG	TRUE
AMRU_Ao_ACGCCGAAGAAACCGC	AMRU_Ao	ACGCCGAAGAAACCGC	AMRU	SRR11008278	278_ACGCCGAAGAAACCGC	TRUE
AMRU_Ao_ACGCCGAAGTGGGATC	AMRU_Ao	ACGCCGAAGTGGGATC	AMRU	SRR11008278	278_ACGCCGAAGTGGGATC	TRUE
AMRU_Ao_ACGCCGATCATGCATG	AMRU_Ao	ACGCCGATCATGCATG	AMRU	SRR11008278	278_ACGCCGATCATGCATG	TRUE
AMRU_Ao_ACGGAGAAGCAGACTG	AMRU_Ao	ACGGAGAAGCAGACTG	AMRU	SRR11008278	278_ACGGAGAAGCAGACTG	TRUE
AMRU_Ao_ACGGAGAGTCTCATCC	AMRU_Ao	ACGGAGAGTCTCATCC	AMRU	SRR11008278	278_ACGGAGAGTCTCATCC	TRUE
AMRU_Ao_ACGGAGAGTGGTCCGT	AMRU_Ao	ACGGAGAGTGGTCCGT	AMRU	SRR11008278	278_ACGGAGAGTGGTCCGT	FALSE
AMRU_Ao_ACGGAGAGTTCGAATC	AMRU_Ao	ACGGAGAGTTCGAATC	AMRU	SRR11008278	278_ACGGAGAGTTCGAATC	TRUE
AMRU_Ao_ACGGAGATCAGTTCGA	AMRU_Ao	ACGGAGATCAGTTCGA	AMRU	SRR11008278	278_ACGGAGATCAGTTCGA	TRUE
AMRU_Ao_ACGGAGATCCGCAAGC	AMRU_Ao	ACGGAGATCCGCAAGC	AMRU	SRR11008278	278_ACGGAGATCCGCAAGC	TRUE
AMRU_Ao_ACGGAGATCTCTGCTG	AMRU_Ao	ACGGAGATCTCTGCTG	AMRU	SRR11008278	278_ACGGAGATCTCTGCTG	TRUE
AMRU_Ao_ACGGCCAAGATCCCAT	AMRU_Ao	ACGGCCAAGATCCCAT	AMRU	SRR11008278	278_ACGGCCAAGATCCCAT	TRUE
AMRU_Ao_ACGGCCACAAAGGCGT	AMRU_Ao	ACGGCCACAAAGGCGT	AMRU	SRR11008278	278_ACGGCCACAAAGGCGT	TRUE
AMRU_Ao_ACGGCCACATCCGTGG	AMRU_Ao	ACGGCCACATCCGTGG	AMRU	SRR11008278	278_ACGGCCACATCCGTGG	TRUE
AMRU_Ao_ACGGCCACATGGTAGG	AMRU_Ao	ACGGCCACATGGTAGG	AMRU	SRR11008278	278_ACGGCCACATGGTAGG	TRUE
AMRU_Ao_ACGGCCAGTGAGCGAT	AMRU_Ao	ACGGCCAGTGAGCGAT	AMRU	SRR11008278	278_ACGGCCAGTGAGCGAT	TRUE
AMRU_Ao_ACGGCCATCGGCGGTT	AMRU_Ao	ACGGCCATCGGCGGTT	AMRU	SRR11008278	278_ACGGCCATCGGCGGTT	TRUE
AMRU_Ao_ACGGGCTAGACTAGAT	AMRU_Ao	ACGGGCTAGACTAGAT	AMRU	SRR11008278	278_ACGGGCTAGACTAGAT	TRUE
AMRU_Ao_ACGGGCTAGCTAACAA	AMRU_Ao	ACGGGCTAGCTAACAA	AMRU	SRR11008278	278_ACGGGCTAGCTAACAA	TRUE
AMRU_Ao_ACGGGCTAGTCTTGCA	AMRU_Ao	ACGGGCTAGTCTTGCA	AMRU	SRR11008278	278_ACGGGCTAGTCTTGCA	TRUE
AMRU_Ao_ACGGGCTCACCGATAT	AMRU_Ao	ACGGGCTCACCGATAT	AMRU	SRR11008278	278_ACGGGCTCACCGATAT	TRUE
AMRU_Ao_ACGGGCTGTATTCGTG	AMRU_Ao	ACGGGCTGTATTCGTG	AMRU	SRR11008278	278_ACGGGCTGTATTCGTG	TRUE
AMRU_Ao_ACGGGCTTCATGTGGT	AMRU_Ao	ACGGGCTTCATGTGGT	AMRU	SRR11008278	278_ACGGGCTTCATGTGGT	TRUE
AMRU_Ao_ACGGGTCAGGTGATAT	AMRU_Ao	ACGGGTCAGGTGATAT	AMRU	SRR11008278	278_ACGGGTCAGGTGATAT	TRUE
AMRU_Ao_ACGGGTCCACGTAAGG	AMRU_Ao	ACGGGTCCACGTAAGG	AMRU	SRR11008278	278_ACGGGTCCACGTAAGG	TRUE
AMRU_Ao_ACGGGTCTCGGAATCT	AMRU_Ao	ACGGGTCTCGGAATCT	AMRU	SRR11008278	278_ACGGGTCTCGGAATCT	TRUE
AMRU_Ao_ACGTCAAAGACTTTCG	AMRU_Ao	ACGTCAAAGACTTTCG	AMRU	SRR11008278	278_ACGTCAAAGACTTTCG	TRUE
AMRU_Ao_ACGTCAAAGCACCGTC	AMRU_Ao	ACGTCAAAGCACCGTC	AMRU	SRR11008278	278_ACGTCAAAGCACCGTC	TRUE
AMRU_Ao_ACGTCAAAGCTGCCCA	AMRU_Ao	ACGTCAAAGCTGCCCA	AMRU	SRR11008278	278_ACGTCAAAGCTGCCCA	TRUE
AMRU_Ao_ACGTCAACATGTTCCC	AMRU_Ao	ACGTCAACATGTTCCC	AMRU	SRR11008278	278_ACGTCAACATGTTCCC	TRUE
AMRU_Ao_ACTATCTGTGCACTTA	AMRU_Ao	ACTATCTGTGCACTTA	AMRU	SRR11008278	278_ACTATCTGTGCACTTA	TRUE
AMRU_Ao_ACTATCTTCCGTAGTA	AMRU_Ao	ACTATCTTCCGTAGTA	AMRU	SRR11008278	278_ACTATCTTCCGTAGTA	TRUE
AMRU_Ao_ACTGAACCAATAGAGT	AMRU_Ao	ACTGAACCAATAGAGT	AMRU	SRR11008278	278_ACTGAACCAATAGAGT	TRUE
AMRU_Ao_ACTGAACGTACTCAAC	AMRU_Ao	ACTGAACGTACTCAAC	AMRU	SRR11008278	278_ACTGAACGTACTCAAC	TRUE
AMRU_Ao_ACTGAGTAGAGCAATT	AMRU_Ao	ACTGAGTAGAGCAATT	AMRU	SRR11008278	278_ACTGAGTAGAGCAATT	TRUE
AMRU_Ao_ACTGAGTAGATATACG	AMRU_Ao	ACTGAGTAGATATACG	AMRU	SRR11008278	278_ACTGAGTAGATATACG	TRUE
AMRU_Ao_ACTGAGTAGCAAATCA	AMRU_Ao	ACTGAGTAGCAAATCA	AMRU	SRR11008278	278_ACTGAGTAGCAAATCA	TRUE
AMRU_Ao_ACTGAGTCAAAGGCGT	AMRU_Ao	ACTGAGTCAAAGGCGT	AMRU	SRR11008278	278_ACTGAGTCAAAGGCGT	TRUE
AMRU_Ao_ACTGCTCAGACGACGT	AMRU_Ao	ACTGCTCAGACGACGT	AMRU	SRR11008278	278_ACTGCTCAGACGACGT	TRUE
AMRU_Ao_ACTGCTCCAGGATCGA	AMRU_Ao	ACTGCTCCAGGATCGA	AMRU	SRR11008278	278_ACTGCTCCAGGATCGA	TRUE
AMRU_Ao_ACTGCTCCAGTCTTCC	AMRU_Ao	ACTGCTCCAGTCTTCC	AMRU	SRR11008278	278_ACTGCTCCAGTCTTCC	TRUE
AMRU_Ao_ACTGTCCAGCTGGAAC	AMRU_Ao	ACTGTCCAGCTGGAAC	AMRU	SRR11008278	278_ACTGTCCAGCTGGAAC	TRUE
AMRU_Ao_ACTGTCCCACGTGAGA	AMRU_Ao	ACTGTCCCACGTGAGA	AMRU	SRR11008278	278_ACTGTCCCACGTGAGA	TRUE
AMRU_Ao_ACTGTCCCATTCGACA	AMRU_Ao	ACTGTCCCATTCGACA	AMRU	SRR11008278	278_ACTGTCCCATTCGACA	TRUE
AMRU_Ao_ACTGTCCTCCTACAGA	AMRU_Ao	ACTGTCCTCCTACAGA	AMRU	SRR11008278	278_ACTGTCCTCCTACAGA	TRUE
AMRU_Ao_ACTGTCCTCCTGCTTG	AMRU_Ao	ACTGTCCTCCTGCTTG	AMRU	SRR11008278	278_ACTGTCCTCCTGCTTG	TRUE
AMRU_Ao_ACTGTCCTCGCCAAAT	AMRU_Ao	ACTGTCCTCGCCAAAT	AMRU	SRR11008278	278_ACTGTCCTCGCCAAAT	TRUE
AMRU_Ao_ACTTACTAGAAGAAGC	AMRU_Ao	ACTTACTAGAAGAAGC	AMRU	SRR11008278	278_ACTTACTAGAAGAAGC	TRUE
AMRU_Ao_ACTTACTCAGATCCAT	AMRU_Ao	ACTTACTCAGATCCAT	AMRU	SRR11008278	278_ACTTACTCAGATCCAT	TRUE
AMRU_Ao_ACTTACTCATGAACCT	AMRU_Ao	ACTTACTCATGAACCT	AMRU	SRR11008278	278_ACTTACTCATGAACCT	TRUE
AMRU_Ao_ACTTACTGTCCCTTGT	AMRU_Ao	ACTTACTGTCCCTTGT	AMRU	SRR11008278	278_ACTTACTGTCCCTTGT	TRUE
AMRU_Ao_ACTTGTTAGTTTGCGT	AMRU_Ao	ACTTGTTAGTTTGCGT	AMRU	SRR11008278	278_ACTTGTTAGTTTGCGT	TRUE
AMRU_Ao_ACTTGTTGTGCAGTAG	AMRU_Ao	ACTTGTTGTGCAGTAG	AMRU	SRR11008278	278_ACTTGTTGTGCAGTAG	TRUE
AMRU_Ao_ACTTGTTTCACCATAG	AMRU_Ao	ACTTGTTTCACCATAG	AMRU	SRR11008278	278_ACTTGTTTCACCATAG	TRUE
AMRU_Ao_ACTTGTTTCCTAGAAC	AMRU_Ao	ACTTGTTTCCTAGAAC	AMRU	SRR11008278	278_ACTTGTTTCCTAGAAC	TRUE
AMRU_Ao_ACTTTCAAGAAGGGTA	AMRU_Ao	ACTTTCAAGAAGGGTA	AMRU	SRR11008278	278_ACTTTCAAGAAGGGTA	TRUE
AMRU_Ao_ACTTTCAAGCGCTCCA	AMRU_Ao	ACTTTCAAGCGCTCCA	AMRU	SRR11008278	278_ACTTTCAAGCGCTCCA	TRUE
AMRU_Ao_ACTTTCACATTACGAC	AMRU_Ao	ACTTTCACATTACGAC	AMRU	SRR11008278	278_ACTTTCACATTACGAC	TRUE
AMRU_Ao_ACTTTCAGTAAATGAC	AMRU_Ao	ACTTTCAGTAAATGAC	AMRU	SRR11008278	278_ACTTTCAGTAAATGAC	TRUE
AMRU_Ao_ACTTTCAGTACATGTC	AMRU_Ao	ACTTTCAGTACATGTC	AMRU	SRR11008278	278_ACTTTCAGTACATGTC	TRUE
AMRU_Ao_AGAATAGAGGCCCTTG	AMRU_Ao	AGAATAGAGGCCCTTG	AMRU	SRR11008278	278_AGAATAGAGGCCCTTG	TRUE
AMRU_Ao_AGAATAGAGGGATGGG	AMRU_Ao	AGAATAGAGGGATGGG	AMRU	SRR11008278	278_AGAATAGAGGGATGGG	TRUE
AMRU_Ao_AGAATAGAGGGCATGT	AMRU_Ao	AGAATAGAGGGCATGT	AMRU	SRR11008278	278_AGAATAGAGGGCATGT	TRUE
AMRU_Ao_AGACGTTGTCACACGC	AMRU_Ao	AGACGTTGTCACACGC	AMRU	SRR11008278	278_AGACGTTGTCACACGC	TRUE
AMRU_Ao_AGACGTTTCGGTGTCG	AMRU_Ao	AGACGTTTCGGTGTCG	AMRU	SRR11008278	278_AGACGTTTCGGTGTCG	TRUE
AMRU_Ao_AGAGCGAAGAGAACAG	AMRU_Ao	AGAGCGAAGAGAACAG	AMRU	SRR11008278	278_AGAGCGAAGAGAACAG	TRUE
AMRU_Ao_AGAGCGAAGCGTGTCC	AMRU_Ao	AGAGCGAAGCGTGTCC	AMRU	SRR11008278	278_AGAGCGAAGCGTGTCC	TRUE
AMRU_Ao_AGAGCGACATGCTAGT	AMRU_Ao	AGAGCGACATGCTAGT	AMRU	SRR11008278	278_AGAGCGACATGCTAGT	TRUE
AMRU_Ao_AGAGCGAGTTCCACGG	AMRU_Ao	AGAGCGAGTTCCACGG	AMRU	SRR11008278	278_AGAGCGAGTTCCACGG	TRUE
AMRU_Ao_AGAGCGATCGCCTGTT	AMRU_Ao	AGAGCGATCGCCTGTT	AMRU	SRR11008278	278_AGAGCGATCGCCTGTT	TRUE
AMRU_Ao_AGAGCTTAGTGAAGAG	AMRU_Ao	AGAGCTTAGTGAAGAG	AMRU	SRR11008278	278_AGAGCTTAGTGAAGAG	TRUE
AMRU_Ao_AGAGCTTCACCATGTA	AMRU_Ao	AGAGCTTCACCATGTA	AMRU	SRR11008278	278_AGAGCTTCACCATGTA	TRUE
AMRU_Ao_AGAGCTTCATCTCCCA	AMRU_Ao	AGAGCTTCATCTCCCA	AMRU	SRR11008278	278_AGAGCTTCATCTCCCA	TRUE
AMRU_Ao_AGAGCTTTCATCGCTC	AMRU_Ao	AGAGCTTTCATCGCTC	AMRU	SRR11008278	278_AGAGCTTTCATCGCTC	TRUE
AMRU_Ao_AGAGTGGCAAGCGTAG	AMRU_Ao	AGAGTGGCAAGCGTAG	AMRU	SRR11008278	278_AGAGTGGCAAGCGTAG	TRUE
AMRU_Ao_AGAGTGGCACAGGTTT	AMRU_Ao	AGAGTGGCACAGGTTT	AMRU	SRR11008278	278_AGAGTGGCACAGGTTT	TRUE
AMRU_Ao_AGAGTGGCAGCCTGTG	AMRU_Ao	AGAGTGGCAGCCTGTG	AMRU	SRR11008278	278_AGAGTGGCAGCCTGTG	TRUE
AMRU_Ao_AGAGTGGGTATAGGTA	AMRU_Ao	AGAGTGGGTATAGGTA	AMRU	SRR11008278	278_AGAGTGGGTATAGGTA	TRUE
AMRU_Ao_AGAGTGGGTCCAGTGC	AMRU_Ao	AGAGTGGGTCCAGTGC	AMRU	SRR11008278	278_AGAGTGGGTCCAGTGC	TRUE
AMRU_Ao_AGAGTGGTCACAAACC	AMRU_Ao	AGAGTGGTCACAAACC	AMRU	SRR11008278	278_AGAGTGGTCACAAACC	TRUE
AMRU_Ao_AGAGTGGTCACTTACT	AMRU_Ao	AGAGTGGTCACTTACT	AMRU	SRR11008278	278_AGAGTGGTCACTTACT	TRUE
AMRU_Ao_AGAGTGGTCGTACCGG	AMRU_Ao	AGAGTGGTCGTACCGG	AMRU	SRR11008278	278_AGAGTGGTCGTACCGG	TRUE
AMRU_Ao_AGATCTGAGACTGGGT	AMRU_Ao	AGATCTGAGACTGGGT	AMRU	SRR11008278	278_AGATCTGAGACTGGGT	TRUE
AMRU_Ao_AGATCTGAGCTAACTC	AMRU_Ao	AGATCTGAGCTAACTC	AMRU	SRR11008278	278_AGATCTGAGCTAACTC	TRUE
AMRU_Ao_AGATCTGCATTAACCG	AMRU_Ao	AGATCTGCATTAACCG	AMRU	SRR11008278	278_AGATCTGCATTAACCG	TRUE
AMRU_Ao_AGATCTGGTCGCGAAA	AMRU_Ao	AGATCTGGTCGCGAAA	AMRU	SRR11008278	278_AGATCTGGTCGCGAAA	TRUE
AMRU_Ao_AGATTGCCAATGGACG	AMRU_Ao	AGATTGCCAATGGACG	AMRU	SRR11008278	278_AGATTGCCAATGGACG	TRUE
AMRU_Ao_AGATTGCGTTTGCATG	AMRU_Ao	AGATTGCGTTTGCATG	AMRU	SRR11008278	278_AGATTGCGTTTGCATG	TRUE
AMRU_Ao_AGATTGCTCACCCGAG	AMRU_Ao	AGATTGCTCACCCGAG	AMRU	SRR11008278	278_AGATTGCTCACCCGAG	TRUE
AMRU_Ao_AGATTGCTCACGGTTA	AMRU_Ao	AGATTGCTCACGGTTA	AMRU	SRR11008278	278_AGATTGCTCACGGTTA	TRUE
AMRU_Ao_AGCAGCCGTCAGAAGC	AMRU_Ao	AGCAGCCGTCAGAAGC	AMRU	SRR11008278	278_AGCAGCCGTCAGAAGC	TRUE
AMRU_Ao_AGCAGCCGTGCAGGTA	AMRU_Ao	AGCAGCCGTGCAGGTA	AMRU	SRR11008278	278_AGCAGCCGTGCAGGTA	TRUE
AMRU_Ao_AGCATACAGAATAGGG	AMRU_Ao	AGCATACAGAATAGGG	AMRU	SRR11008278	278_AGCATACAGAATAGGG	TRUE
AMRU_Ao_AGCATACAGAGAGCTC	AMRU_Ao	AGCATACAGAGAGCTC	AMRU	SRR11008278	278_AGCATACAGAGAGCTC	TRUE
AMRU_Ao_AGCATACCATACGCCG	AMRU_Ao	AGCATACCATACGCCG	AMRU	SRR11008278	278_AGCATACCATACGCCG	TRUE
AMRU_Ao_AGCATACGTCGCGTGT	AMRU_Ao	AGCATACGTCGCGTGT	AMRU	SRR11008278	278_AGCATACGTCGCGTGT	TRUE
AMRU_Ao_AGCATACGTGCAACGA	AMRU_Ao	AGCATACGTGCAACGA	AMRU	SRR11008278	278_AGCATACGTGCAACGA	TRUE
AMRU_Ao_AGCATACTCTCCGGTT	AMRU_Ao	AGCATACTCTCCGGTT	AMRU	SRR11008278	278_AGCATACTCTCCGGTT	TRUE
AMRU_Ao_AGCCTAAAGCGTTGCC	AMRU_Ao	AGCCTAAAGCGTTGCC	AMRU	SRR11008278	278_AGCCTAAAGCGTTGCC	TRUE
AMRU_Ao_AGCCTAACACGCGAAA	AMRU_Ao	AGCCTAACACGCGAAA	AMRU	SRR11008278	278_AGCCTAACACGCGAAA	TRUE
AMRU_Ao_AGCCTAATCTTGACGA	AMRU_Ao	AGCCTAATCTTGACGA	AMRU	SRR11008278	278_AGCCTAATCTTGACGA	TRUE
AMRU_Ao_AGCGGTCAGTTCGATC	AMRU_Ao	AGCGGTCAGTTCGATC	AMRU	SRR11008278	278_AGCGGTCAGTTCGATC	TRUE
AMRU_Ao_AGCGGTCCACACATGT	AMRU_Ao	AGCGGTCCACACATGT	AMRU	SRR11008278	278_AGCGGTCCACACATGT	TRUE
AMRU_Ao_AGCGGTCTCTGCGTAA	AMRU_Ao	AGCGGTCTCTGCGTAA	AMRU	SRR11008278	278_AGCGGTCTCTGCGTAA	TRUE
AMRU_Ao_AGCGTATAGTGTTTGC	AMRU_Ao	AGCGTATAGTGTTTGC	AMRU	SRR11008278	278_AGCGTATAGTGTTTGC	TRUE
AMRU_Ao_AGCGTATGTACTTGAC	AMRU_Ao	AGCGTATGTACTTGAC	AMRU	SRR11008278	278_AGCGTATGTACTTGAC	TRUE
AMRU_Ao_AGCGTATTCAGATAAG	AMRU_Ao	AGCGTATTCAGATAAG	AMRU	SRR11008278	278_AGCGTATTCAGATAAG	TRUE
AMRU_Ao_AGCGTCGAGGGATCTG	AMRU_Ao	AGCGTCGAGGGATCTG	AMRU	SRR11008278	278_AGCGTCGAGGGATCTG	TRUE
AMRU_Ao_AGCGTCGTCGTCACGG	AMRU_Ao	AGCGTCGTCGTCACGG	AMRU	SRR11008278	278_AGCGTCGTCGTCACGG	TRUE
AMRU_Ao_AGCGTCGTCGTTTGCC	AMRU_Ao	AGCGTCGTCGTTTGCC	AMRU	SRR11008278	278_AGCGTCGTCGTTTGCC	TRUE
AMRU_Ao_AGCTCCTAGATGCGAC	AMRU_Ao	AGCTCCTAGATGCGAC	AMRU	SRR11008278	278_AGCTCCTAGATGCGAC	TRUE
AMRU_Ao_AGCTCCTAGGGTCGAT	AMRU_Ao	AGCTCCTAGGGTCGAT	AMRU	SRR11008278	278_AGCTCCTAGGGTCGAT	TRUE
AMRU_Ao_AGCTCCTCAATGAAAC	AMRU_Ao	AGCTCCTCAATGAAAC	AMRU	SRR11008278	278_AGCTCCTCAATGAAAC	TRUE
AMRU_Ao_AGCTCCTGTCTGGAGA	AMRU_Ao	AGCTCCTGTCTGGAGA	AMRU	SRR11008278	278_AGCTCCTGTCTGGAGA	TRUE
AMRU_Ao_AGCTCCTGTTCCCTTG	AMRU_Ao	AGCTCCTGTTCCCTTG	AMRU	SRR11008278	278_AGCTCCTGTTCCCTTG	TRUE
AMRU_Ao_AGCTCCTTCCAGAGGA	AMRU_Ao	AGCTCCTTCCAGAGGA	AMRU	SRR11008278	278_AGCTCCTTCCAGAGGA	TRUE
AMRU_Ao_AGCTCCTTCGCCTGAG	AMRU_Ao	AGCTCCTTCGCCTGAG	AMRU	SRR11008278	278_AGCTCCTTCGCCTGAG	TRUE
AMRU_Ao_AGCTCCTTCTTGCATT	AMRU_Ao	AGCTCCTTCTTGCATT	AMRU	SRR11008278	278_AGCTCCTTCTTGCATT	TRUE
AMRU_Ao_AGCTCTCCAGATCTGT	AMRU_Ao	AGCTCTCCAGATCTGT	AMRU	SRR11008278	278_AGCTCTCCAGATCTGT	TRUE
AMRU_Ao_AGCTCTCGTTACGCGC	AMRU_Ao	AGCTCTCGTTACGCGC	AMRU	SRR11008278	278_AGCTCTCGTTACGCGC	TRUE
AMRU_Ao_AGCTTGACAACACCCG	AMRU_Ao	AGCTTGACAACACCCG	AMRU	SRR11008278	278_AGCTTGACAACACCCG	TRUE
AMRU_Ao_AGCTTGATCGAATGGG	AMRU_Ao	AGCTTGATCGAATGGG	AMRU	SRR11008278	278_AGCTTGATCGAATGGG	TRUE
AMRU_Ao_AGGCCACAGCCCAACC	AMRU_Ao	AGGCCACAGCCCAACC	AMRU	SRR11008278	278_AGGCCACAGCCCAACC	TRUE
AMRU_Ao_AGGCCACAGCTGCAAG	AMRU_Ao	AGGCCACAGCTGCAAG	AMRU	SRR11008278	278_AGGCCACAGCTGCAAG	TRUE
AMRU_Ao_AGGCCACCACCCATTC	AMRU_Ao	AGGCCACCACCCATTC	AMRU	SRR11008278	278_AGGCCACCACCCATTC	TRUE
AMRU_Ao_AGGCCGTAGCTCTCGG	AMRU_Ao	AGGCCGTAGCTCTCGG	AMRU	SRR11008278	278_AGGCCGTAGCTCTCGG	TRUE
AMRU_Ao_AGGGAGTAGCTCCTCT	AMRU_Ao	AGGGAGTAGCTCCTCT	AMRU	SRR11008278	278_AGGGAGTAGCTCCTCT	TRUE
AMRU_Ao_AGGGAGTCATAAAGGT	AMRU_Ao	AGGGAGTCATAAAGGT	AMRU	SRR11008278	278_AGGGAGTCATAAAGGT	TRUE
AMRU_Ao_AGGGAGTGTTTAAGCC	AMRU_Ao	AGGGAGTGTTTAAGCC	AMRU	SRR11008278	278_AGGGAGTGTTTAAGCC	TRUE
AMRU_Ao_AGGGAGTTCTTACCTA	AMRU_Ao	AGGGAGTTCTTACCTA	AMRU	SRR11008278	278_AGGGAGTTCTTACCTA	TRUE
AMRU_Ao_AGGGATGAGAGGTTGC	AMRU_Ao	AGGGATGAGAGGTTGC	AMRU	SRR11008278	278_AGGGATGAGAGGTTGC	TRUE
AMRU_Ao_AGGGATGCAATCGGTT	AMRU_Ao	AGGGATGCAATCGGTT	AMRU	SRR11008278	278_AGGGATGCAATCGGTT	TRUE
AMRU_Ao_AGGGATGCAGCGTCCA	AMRU_Ao	AGGGATGCAGCGTCCA	AMRU	SRR11008278	278_AGGGATGCAGCGTCCA	TRUE
AMRU_Ao_AGGGATGCATCGATTG	AMRU_Ao	AGGGATGCATCGATTG	AMRU	SRR11008278	278_AGGGATGCATCGATTG	TRUE
AMRU_Ao_AGGGATGTCTCTGAGA	AMRU_Ao	AGGGATGTCTCTGAGA	AMRU	SRR11008278	278_AGGGATGTCTCTGAGA	TRUE
AMRU_Ao_AGGGTGACACATTTCT	AMRU_Ao	AGGGTGACACATTTCT	AMRU	SRR11008278	278_AGGGTGACACATTTCT	TRUE
AMRU_Ao_AGGGTGAGTTAGGGTG	AMRU_Ao	AGGGTGAGTTAGGGTG	AMRU	SRR11008278	278_AGGGTGAGTTAGGGTG	TRUE
AMRU_Ao_AGGTCATAGATGAGAG	AMRU_Ao	AGGTCATAGATGAGAG	AMRU	SRR11008278	278_AGGTCATAGATGAGAG	TRUE
AMRU_Ao_AGGTCATGTAAGAGAG	AMRU_Ao	AGGTCATGTAAGAGAG	AMRU	SRR11008278	278_AGGTCATGTAAGAGAG	TRUE
AMRU_Ao_AGGTCCGCAATCTACG	AMRU_Ao	AGGTCCGCAATCTACG	AMRU	SRR11008278	278_AGGTCCGCAATCTACG	TRUE
AMRU_Ao_AGGTCCGCATGGGAAC	AMRU_Ao	AGGTCCGCATGGGAAC	AMRU	SRR11008278	278_AGGTCCGCATGGGAAC	TRUE
AMRU_Ao_AGGTCCGGTTTGTGTG	AMRU_Ao	AGGTCCGGTTTGTGTG	AMRU	SRR11008278	278_AGGTCCGGTTTGTGTG	TRUE
AMRU_Ao_AGTAGTCCAGGCAGTA	AMRU_Ao	AGTAGTCCAGGCAGTA	AMRU	SRR11008278	278_AGTAGTCCAGGCAGTA	TRUE
AMRU_Ao_AGTAGTCCAGTATAAG	AMRU_Ao	AGTAGTCCAGTATAAG	AMRU	SRR11008278	278_AGTAGTCCAGTATAAG	TRUE
AMRU_Ao_AGTAGTCGTGTATGGG	AMRU_Ao	AGTAGTCGTGTATGGG	AMRU	SRR11008278	278_AGTAGTCGTGTATGGG	TRUE
AMRU_Ao_AGTAGTCTCACAGGCC	AMRU_Ao	AGTAGTCTCACAGGCC	AMRU	SRR11008278	278_AGTAGTCTCACAGGCC	TRUE
AMRU_Ao_AGTCTTTAGAGTAAGG	AMRU_Ao	AGTCTTTAGAGTAAGG	AMRU	SRR11008278	278_AGTCTTTAGAGTAAGG	TRUE
AMRU_Ao_AGTCTTTTCATTTGGG	AMRU_Ao	AGTCTTTTCATTTGGG	AMRU	SRR11008278	278_AGTCTTTTCATTTGGG	TRUE
AMRU_Ao_AGTCTTTTCTATCCTA	AMRU_Ao	AGTCTTTTCTATCCTA	AMRU	SRR11008278	278_AGTCTTTTCTATCCTA	TRUE
AMRU_Ao_AGTGAGGAGAAACCTA	AMRU_Ao	AGTGAGGAGAAACCTA	AMRU	SRR11008278	278_AGTGAGGAGAAACCTA	TRUE
AMRU_Ao_AGTGAGGTCAGCTCGG	AMRU_Ao	AGTGAGGTCAGCTCGG	AMRU	SRR11008278	278_AGTGAGGTCAGCTCGG	TRUE
AMRU_Ao_AGTGAGGTCATGTAGC	AMRU_Ao	AGTGAGGTCATGTAGC	AMRU	SRR11008278	278_AGTGAGGTCATGTAGC	TRUE
AMRU_Ao_AGTGGGAAGCTAAGAT	AMRU_Ao	AGTGGGAAGCTAAGAT	AMRU	SRR11008278	278_AGTGGGAAGCTAAGAT	TRUE
AMRU_Ao_AGTGGGACAGTCAGCC	AMRU_Ao	AGTGGGACAGTCAGCC	AMRU	SRR11008278	278_AGTGGGACAGTCAGCC	TRUE
AMRU_Ao_AGTGGGAGTGCACCAC	AMRU_Ao	AGTGGGAGTGCACCAC	AMRU	SRR11008278	278_AGTGGGAGTGCACCAC	TRUE
AMRU_Ao_AGTGGGATCATTGCCC	AMRU_Ao	AGTGGGATCATTGCCC	AMRU	SRR11008278	278_AGTGGGATCATTGCCC	TRUE
AMRU_Ao_AGTGTCAAGGTCATCT	AMRU_Ao	AGTGTCAAGGTCATCT	AMRU	SRR11008278	278_AGTGTCAAGGTCATCT	TRUE
AMRU_Ao_AGTGTCAGTACTTAGC	AMRU_Ao	AGTGTCAGTACTTAGC	AMRU	SRR11008278	278_AGTGTCAGTACTTAGC	TRUE
AMRU_Ao_AGTGTCATCCTTGGTC	AMRU_Ao	AGTGTCATCCTTGGTC	AMRU	SRR11008278	278_AGTGTCATCCTTGGTC	TRUE
AMRU_Ao_AGTTGGTAGAATTCCC	AMRU_Ao	AGTTGGTAGAATTCCC	AMRU	SRR11008278	278_AGTTGGTAGAATTCCC	TRUE
AMRU_Ao_AGTTGGTAGATCCCAT	AMRU_Ao	AGTTGGTAGATCCCAT	AMRU	SRR11008278	278_AGTTGGTAGATCCCAT	TRUE
AMRU_Ao_AGTTGGTCAGAGTGTG	AMRU_Ao	AGTTGGTCAGAGTGTG	AMRU	SRR11008278	278_AGTTGGTCAGAGTGTG	TRUE
AMRU_Ao_AGTTGGTCAGTTCATG	AMRU_Ao	AGTTGGTCAGTTCATG	AMRU	SRR11008278	278_AGTTGGTCAGTTCATG	TRUE
AMRU_Ao_AGTTGGTGTCCAGTGC	AMRU_Ao	AGTTGGTGTCCAGTGC	AMRU	SRR11008278	278_AGTTGGTGTCCAGTGC	TRUE
AMRU_Ao_ATAACGCCAGGACCCT	AMRU_Ao	ATAACGCCAGGACCCT	AMRU	SRR11008278	278_ATAACGCCAGGACCCT	TRUE
AMRU_Ao_ATAACGCCAGTATCTG	AMRU_Ao	ATAACGCCAGTATCTG	AMRU	SRR11008278	278_ATAACGCCAGTATCTG	TRUE
AMRU_Ao_ATAACGCGTTATGCGT	AMRU_Ao	ATAACGCGTTATGCGT	AMRU	SRR11008278	278_ATAACGCGTTATGCGT	TRUE
AMRU_Ao_ATAACGCTCAGCTGGC	AMRU_Ao	ATAACGCTCAGCTGGC	AMRU	SRR11008278	278_ATAACGCTCAGCTGGC	TRUE
AMRU_Ao_ATAACGCTCCGCGCAA	AMRU_Ao	ATAACGCTCCGCGCAA	AMRU	SRR11008278	278_ATAACGCTCCGCGCAA	TRUE
AMRU_Ao_ATAACGCTCTGTCTAT	AMRU_Ao	ATAACGCTCTGTCTAT	AMRU	SRR11008278	278_ATAACGCTCTGTCTAT	TRUE
AMRU_Ao_ATAAGAGAGATGCCTT	AMRU_Ao	ATAAGAGAGATGCCTT	AMRU	SRR11008278	278_ATAAGAGAGATGCCTT	TRUE
AMRU_Ao_ATAAGAGGTAGATTAG	AMRU_Ao	ATAAGAGGTAGATTAG	AMRU	SRR11008278	278_ATAAGAGGTAGATTAG	TRUE
AMRU_Ao_ATAAGAGTCAATCACG	AMRU_Ao	ATAAGAGTCAATCACG	AMRU	SRR11008278	278_ATAAGAGTCAATCACG	TRUE
AMRU_Ao_ATAGACCCATGGAATA	AMRU_Ao	ATAGACCCATGGAATA	AMRU	SRR11008278	278_ATAGACCCATGGAATA	TRUE
AMRU_Ao_ATAGACCGTGCAACTT	AMRU_Ao	ATAGACCGTGCAACTT	AMRU	SRR11008278	278_ATAGACCGTGCAACTT	TRUE
AMRU_Ao_ATAGACCGTTAAGAAC	AMRU_Ao	ATAGACCGTTAAGAAC	AMRU	SRR11008278	278_ATAGACCGTTAAGAAC	TRUE
AMRU_Ao_ATCACGAAGATAGGAG	AMRU_Ao	ATCACGAAGATAGGAG	AMRU	SRR11008278	278_ATCACGAAGATAGGAG	TRUE
AMRU_Ao_ATCACGATCTACTTAC	AMRU_Ao	ATCACGATCTACTTAC	AMRU	SRR11008278	278_ATCACGATCTACTTAC	TRUE
AMRU_Ao_ATCATCTAGAGCTATA	AMRU_Ao	ATCATCTAGAGCTATA	AMRU	SRR11008278	278_ATCATCTAGAGCTATA	TRUE
AMRU_Ao_ATCATCTCACATTTCT	AMRU_Ao	ATCATCTCACATTTCT	AMRU	SRR11008278	278_ATCATCTCACATTTCT	TRUE
AMRU_Ao_ATCATCTCAGGGATTG	AMRU_Ao	ATCATCTCAGGGATTG	AMRU	SRR11008278	278_ATCATCTCAGGGATTG	TRUE
AMRU_Ao_ATCATCTTCGTCACGG	AMRU_Ao	ATCATCTTCGTCACGG	AMRU	SRR11008278	278_ATCATCTTCGTCACGG	TRUE
AMRU_Ao_ATCATGGCAATGGAGC	AMRU_Ao	ATCATGGCAATGGAGC	AMRU	SRR11008278	278_ATCATGGCAATGGAGC	TRUE
AMRU_Ao_ATCATGGGTGACGGTA	AMRU_Ao	ATCATGGGTGACGGTA	AMRU	SRR11008278	278_ATCATGGGTGACGGTA	TRUE
AMRU_Ao_ATCATGGGTGCATCTA	AMRU_Ao	ATCATGGGTGCATCTA	AMRU	SRR11008278	278_ATCATGGGTGCATCTA	TRUE
AMRU_Ao_ATCCACCAGTCTCCTC	AMRU_Ao	ATCCACCAGTCTCCTC	AMRU	SRR11008278	278_ATCCACCAGTCTCCTC	TRUE
AMRU_Ao_ATCCACCTCGGCTACG	AMRU_Ao	ATCCACCTCGGCTACG	AMRU	SRR11008278	278_ATCCACCTCGGCTACG	TRUE
AMRU_Ao_ATCCACCTCTTAGCCC	AMRU_Ao	ATCCACCTCTTAGCCC	AMRU	SRR11008278	278_ATCCACCTCTTAGCCC	TRUE
AMRU_Ao_ATCCGAAAGCACACAG	AMRU_Ao	ATCCGAAAGCACACAG	AMRU	SRR11008278	278_ATCCGAAAGCACACAG	TRUE
AMRU_Ao_ATCCGAACACTGAAGG	AMRU_Ao	ATCCGAACACTGAAGG	AMRU	SRR11008278	278_ATCCGAACACTGAAGG	TRUE
AMRU_Ao_ATCCGAACATGCCTTC	AMRU_Ao	ATCCGAACATGCCTTC	AMRU	SRR11008278	278_ATCCGAACATGCCTTC	TRUE
AMRU_Ao_ATCCGAATCCCAACGG	AMRU_Ao	ATCCGAATCCCAACGG	AMRU	SRR11008278	278_ATCCGAATCCCAACGG	TRUE
AMRU_Ao_ATCCGAATCCTCCTAG	AMRU_Ao	ATCCGAATCCTCCTAG	AMRU	SRR11008278	278_ATCCGAATCCTCCTAG	TRUE
AMRU_Ao_ATCCGAATCTACCAGA	AMRU_Ao	ATCCGAATCTACCAGA	AMRU	SRR11008278	278_ATCCGAATCTACCAGA	TRUE
AMRU_Ao_ATCCGAATCTGTCCGT	AMRU_Ao	ATCCGAATCTGTCCGT	AMRU	SRR11008278	278_ATCCGAATCTGTCCGT	TRUE
AMRU_Ao_ATCGAGTAGCTAGCCC	AMRU_Ao	ATCGAGTAGCTAGCCC	AMRU	SRR11008278	278_ATCGAGTAGCTAGCCC	TRUE
AMRU_Ao_ATCGAGTCATCTGGTA	AMRU_Ao	ATCGAGTCATCTGGTA	AMRU	SRR11008278	278_ATCGAGTCATCTGGTA	TRUE
AMRU_Ao_ATCGAGTGTGAAATCA	AMRU_Ao	ATCGAGTGTGAAATCA	AMRU	SRR11008278	278_ATCGAGTGTGAAATCA	TRUE
AMRU_Ao_ATCGAGTGTTTGTGTG	AMRU_Ao	ATCGAGTGTTTGTGTG	AMRU	SRR11008278	278_ATCGAGTGTTTGTGTG	TRUE
AMRU_Ao_ATCGAGTTCAACACCA	AMRU_Ao	ATCGAGTTCAACACCA	AMRU	SRR11008278	278_ATCGAGTTCAACACCA	TRUE
AMRU_Ao_ATCTACTAGGCCGAAT	AMRU_Ao	ATCTACTAGGCCGAAT	AMRU	SRR11008278	278_ATCTACTAGGCCGAAT	TRUE
AMRU_Ao_ATCTACTCAATCCGAT	AMRU_Ao	ATCTACTCAATCCGAT	AMRU	SRR11008278	278_ATCTACTCAATCCGAT	TRUE
AMRU_Ao_ATCTACTCAGGTGGAT	AMRU_Ao	ATCTACTCAGGTGGAT	AMRU	SRR11008278	278_ATCTACTCAGGTGGAT	TRUE
AMRU_Ao_ATCTACTGTAAACACA	AMRU_Ao	ATCTACTGTAAACACA	AMRU	SRR11008278	278_ATCTACTGTAAACACA	TRUE
AMRU_Ao_ATCTACTGTACCGGCT	AMRU_Ao	ATCTACTGTACCGGCT	AMRU	SRR11008278	278_ATCTACTGTACCGGCT	TRUE
AMRU_Ao_ATCTACTGTCTAGCCG	AMRU_Ao	ATCTACTGTCTAGCCG	AMRU	SRR11008278	278_ATCTACTGTCTAGCCG	TRUE
AMRU_Ao_ATCTACTTCGCATGGC	AMRU_Ao	ATCTACTTCGCATGGC	AMRU	SRR11008278	278_ATCTACTTCGCATGGC	TRUE
AMRU_Ao_ATCTGCCAGACCGGAT	AMRU_Ao	ATCTGCCAGACCGGAT	AMRU	SRR11008278	278_ATCTGCCAGACCGGAT	TRUE
AMRU_Ao_ATCTGCCAGCGAGAAA	AMRU_Ao	ATCTGCCAGCGAGAAA	AMRU	SRR11008278	278_ATCTGCCAGCGAGAAA	TRUE
AMRU_Ao_ATCTGCCGTGATGTCT	AMRU_Ao	ATCTGCCGTGATGTCT	AMRU	SRR11008278	278_ATCTGCCGTGATGTCT	TRUE
AMRU_Ao_ATGAGGGAGGATGGAA	AMRU_Ao	ATGAGGGAGGATGGAA	AMRU	SRR11008278	278_ATGAGGGAGGATGGAA	TRUE
AMRU_Ao_ATGAGGGCATATGGTC	AMRU_Ao	ATGAGGGCATATGGTC	AMRU	SRR11008278	278_ATGAGGGCATATGGTC	TRUE
AMRU_Ao_ATGAGGGGTGAGGGAG	AMRU_Ao	ATGAGGGGTGAGGGAG	AMRU	SRR11008278	278_ATGAGGGGTGAGGGAG	TRUE
AMRU_Ao_ATGAGGGGTGTGGTTT	AMRU_Ao	ATGAGGGGTGTGGTTT	AMRU	SRR11008278	278_ATGAGGGGTGTGGTTT	TRUE
AMRU_Ao_ATGAGGGTCCAGAGGA	AMRU_Ao	ATGAGGGTCCAGAGGA	AMRU	SRR11008278	278_ATGAGGGTCCAGAGGA	TRUE
AMRU_Ao_ATGCGATAGTACGCGA	AMRU_Ao	ATGCGATAGTACGCGA	AMRU	SRR11008278	278_ATGCGATAGTACGCGA	TRUE
AMRU_Ao_ATGCGATGTAGCAAAT	AMRU_Ao	ATGCGATGTAGCAAAT	AMRU	SRR11008278	278_ATGCGATGTAGCAAAT	TRUE
AMRU_Ao_ATGGGAGAGCACCGTC	AMRU_Ao	ATGGGAGAGCACCGTC	AMRU	SRR11008278	278_ATGGGAGAGCACCGTC	TRUE
AMRU_Ao_ATGGGAGCACGCTTTC	AMRU_Ao	ATGGGAGCACGCTTTC	AMRU	SRR11008278	278_ATGGGAGCACGCTTTC	TRUE
AMRU_Ao_ATGGGAGCATACAGCT	AMRU_Ao	ATGGGAGCATACAGCT	AMRU	SRR11008278	278_ATGGGAGCATACAGCT	TRUE
AMRU_Ao_ATGGGAGTCCACGCAG	AMRU_Ao	ATGGGAGTCCACGCAG	AMRU	SRR11008278	278_ATGGGAGTCCACGCAG	TRUE
AMRU_Ao_ATGTGTGAGGGCTCTC	AMRU_Ao	ATGTGTGAGGGCTCTC	AMRU	SRR11008278	278_ATGTGTGAGGGCTCTC	TRUE
AMRU_Ao_ATGTGTGCAAGAAAGG	AMRU_Ao	ATGTGTGCAAGAAAGG	AMRU	SRR11008278	278_ATGTGTGCAAGAAAGG	TRUE
AMRU_Ao_ATGTGTGCACCAGCAC	AMRU_Ao	ATGTGTGCACCAGCAC	AMRU	SRR11008278	278_ATGTGTGCACCAGCAC	TRUE
AMRU_Ao_ATTATCCAGGATGTAT	AMRU_Ao	ATTATCCAGGATGTAT	AMRU	SRR11008278	278_ATTATCCAGGATGTAT	TRUE
AMRU_Ao_ATTATCCAGTGCCAGA	AMRU_Ao	ATTATCCAGTGCCAGA	AMRU	SRR11008278	278_ATTATCCAGTGCCAGA	TRUE
AMRU_Ao_ATTATCCCATCACAAC	AMRU_Ao	ATTATCCCATCACAAC	AMRU	SRR11008278	278_ATTATCCCATCACAAC	TRUE
AMRU_Ao_ATTATCCTCACGCGGT	AMRU_Ao	ATTATCCTCACGCGGT	AMRU	SRR11008278	278_ATTATCCTCACGCGGT	TRUE
AMRU_Ao_ATTCTACCAACGATGG	AMRU_Ao	ATTCTACCAACGATGG	AMRU	SRR11008278	278_ATTCTACCAACGATGG	TRUE
AMRU_Ao_ATTCTACCATGTTCCC	AMRU_Ao	ATTCTACCATGTTCCC	AMRU	SRR11008278	278_ATTCTACCATGTTCCC	TRUE
AMRU_Ao_ATTCTACGTTCCACAA	AMRU_Ao	ATTCTACGTTCCACAA	AMRU	SRR11008278	278_ATTCTACGTTCCACAA	TRUE
AMRU_Ao_ATTCTACTCGTTGCCT	AMRU_Ao	ATTCTACTCGTTGCCT	AMRU	SRR11008278	278_ATTCTACTCGTTGCCT	TRUE
AMRU_Ao_ATTGGACAGACACTAA	AMRU_Ao	ATTGGACAGACACTAA	AMRU	SRR11008278	278_ATTGGACAGACACTAA	TRUE
AMRU_Ao_ATTGGACAGGAATTAC	AMRU_Ao	ATTGGACAGGAATTAC	AMRU	SRR11008278	278_ATTGGACAGGAATTAC	TRUE
AMRU_Ao_ATTGGACGTCCTCTTG	AMRU_Ao	ATTGGACGTCCTCTTG	AMRU	SRR11008278	278_ATTGGACGTCCTCTTG	TRUE
AMRU_Ao_ATTGGACTCTGCTGCT	AMRU_Ao	ATTGGACTCTGCTGCT	AMRU	SRR11008278	278_ATTGGACTCTGCTGCT	TRUE
AMRU_Ao_ATTGGACTCTTCGAGA	AMRU_Ao	ATTGGACTCTTCGAGA	AMRU	SRR11008278	278_ATTGGACTCTTCGAGA	TRUE
AMRU_Ao_ATTGGACTCTTGTTTG	AMRU_Ao	ATTGGACTCTTGTTTG	AMRU	SRR11008278	278_ATTGGACTCTTGTTTG	TRUE
AMRU_Ao_ATTGGTGCACGGATAG	AMRU_Ao	ATTGGTGCACGGATAG	AMRU	SRR11008278	278_ATTGGTGCACGGATAG	TRUE
AMRU_Ao_ATTGGTGCAGACAAGC	AMRU_Ao	ATTGGTGCAGACAAGC	AMRU	SRR11008278	278_ATTGGTGCAGACAAGC	TRUE
AMRU_Ao_ATTGGTGGTCTAAACC	AMRU_Ao	ATTGGTGGTCTAAACC	AMRU	SRR11008278	278_ATTGGTGGTCTAAACC	TRUE
AMRU_Ao_ATTGGTGGTTTAGCTG	AMRU_Ao	ATTGGTGGTTTAGCTG	AMRU	SRR11008278	278_ATTGGTGGTTTAGCTG	TRUE
AMRU_Ao_ATTTCTGCACTACAGT	AMRU_Ao	ATTTCTGCACTACAGT	AMRU	SRR11008278	278_ATTTCTGCACTACAGT	TRUE
AMRU_Ao_ATTTCTGCAGGTCTCG	AMRU_Ao	ATTTCTGCAGGTCTCG	AMRU	SRR11008278	278_ATTTCTGCAGGTCTCG	TRUE
AMRU_Ao_ATTTCTGGTCAGGACA	AMRU_Ao	ATTTCTGGTCAGGACA	AMRU	SRR11008278	278_ATTTCTGGTCAGGACA	TRUE
AMRU_Ao_ATTTCTGGTCCGTGAC	AMRU_Ao	ATTTCTGGTCCGTGAC	AMRU	SRR11008278	278_ATTTCTGGTCCGTGAC	TRUE
AMRU_Ao_ATTTCTGGTCTCAACA	AMRU_Ao	ATTTCTGGTCTCAACA	AMRU	SRR11008278	278_ATTTCTGGTCTCAACA	TRUE
AMRU_Ao_ATTTCTGTCCCAGGTG	AMRU_Ao	ATTTCTGTCCCAGGTG	AMRU	SRR11008278	278_ATTTCTGTCCCAGGTG	TRUE
AMRU_Ao_ATTTCTGTCTACCTGC	AMRU_Ao	ATTTCTGTCTACCTGC	AMRU	SRR11008278	278_ATTTCTGTCTACCTGC	TRUE
AMRU_Ao_CAACCAAAGAAACGAG	AMRU_Ao	CAACCAAAGAAACGAG	AMRU	SRR11008278	278_CAACCAAAGAAACGAG	TRUE
AMRU_Ao_CAACCAAGTAGCTTGT	AMRU_Ao	CAACCAAGTAGCTTGT	AMRU	SRR11008278	278_CAACCAAGTAGCTTGT	TRUE
AMRU_Ao_CAACCAAGTCGGCTCA	AMRU_Ao	CAACCAAGTCGGCTCA	AMRU	SRR11008278	278_CAACCAAGTCGGCTCA	TRUE
AMRU_Ao_CAACCAAGTCTAGTGT	AMRU_Ao	CAACCAAGTCTAGTGT	AMRU	SRR11008278	278_CAACCAAGTCTAGTGT	TRUE
AMRU_Ao_CAACCAATCAGTGCAT	AMRU_Ao	CAACCAATCAGTGCAT	AMRU	SRR11008278	278_CAACCAATCAGTGCAT	TRUE
AMRU_Ao_CAACCTCCACCGAAAG	AMRU_Ao	CAACCTCCACCGAAAG	AMRU	SRR11008278	278_CAACCTCCACCGAAAG	TRUE
AMRU_Ao_CAACCTCGTATCACCA	AMRU_Ao	CAACCTCGTATCACCA	AMRU	SRR11008278	278_CAACCTCGTATCACCA	TRUE
AMRU_Ao_CAACCTCGTTAGAACA	AMRU_Ao	CAACCTCGTTAGAACA	AMRU	SRR11008278	278_CAACCTCGTTAGAACA	TRUE
AMRU_Ao_CAACTAGAGCGATAGC	AMRU_Ao	CAACTAGAGCGATAGC	AMRU	SRR11008278	278_CAACTAGAGCGATAGC	TRUE
AMRU_Ao_CAAGAAACACTAGTAC	AMRU_Ao	CAAGAAACACTAGTAC	AMRU	SRR11008278	278_CAAGAAACACTAGTAC	TRUE
AMRU_Ao_CAAGAAAGTTGAGGTG	AMRU_Ao	CAAGAAAGTTGAGGTG	AMRU	SRR11008278	278_CAAGAAAGTTGAGGTG	TRUE
AMRU_Ao_CAAGATCAGTGAACGC	AMRU_Ao	CAAGATCAGTGAACGC	AMRU	SRR11008278	278_CAAGATCAGTGAACGC	TRUE
AMRU_Ao_CAAGATCCACATGTGT	AMRU_Ao	CAAGATCCACATGTGT	AMRU	SRR11008278	278_CAAGATCCACATGTGT	TRUE
AMRU_Ao_CAAGATCGTACCGGCT	AMRU_Ao	CAAGATCGTACCGGCT	AMRU	SRR11008278	278_CAAGATCGTACCGGCT	TRUE
AMRU_Ao_CAAGATCGTCATATCG	AMRU_Ao	CAAGATCGTCATATCG	AMRU	SRR11008278	278_CAAGATCGTCATATCG	TRUE
AMRU_Ao_CAAGATCGTCCCGACA	AMRU_Ao	CAAGATCGTCCCGACA	AMRU	SRR11008278	278_CAAGATCGTCCCGACA	TRUE
AMRU_Ao_CAAGATCTCTATGTGG	AMRU_Ao	CAAGATCTCTATGTGG	AMRU	SRR11008278	278_CAAGATCTCTATGTGG	TRUE
AMRU_Ao_CAAGGCCAGACGCTTT	AMRU_Ao	CAAGGCCAGACGCTTT	AMRU	SRR11008278	278_CAAGGCCAGACGCTTT	TRUE
AMRU_Ao_CAAGGCCTCAGGTAAA	AMRU_Ao	CAAGGCCTCAGGTAAA	AMRU	SRR11008278	278_CAAGGCCTCAGGTAAA	TRUE
AMRU_Ao_CAAGGCCTCCGTCAAA	AMRU_Ao	CAAGGCCTCCGTCAAA	AMRU	SRR11008278	278_CAAGGCCTCCGTCAAA	TRUE
AMRU_Ao_CAAGTTGAGGCATGTG	AMRU_Ao	CAAGTTGAGGCATGTG	AMRU	SRR11008278	278_CAAGTTGAGGCATGTG	TRUE
AMRU_Ao_CAAGTTGTCCTTGGTC	AMRU_Ao	CAAGTTGTCCTTGGTC	AMRU	SRR11008278	278_CAAGTTGTCCTTGGTC	TRUE
AMRU_Ao_CACAAACAGAATGTGT	AMRU_Ao	CACAAACAGAATGTGT	AMRU	SRR11008278	278_CACAAACAGAATGTGT	TRUE
AMRU_Ao_CACAAACCATGATCCA	AMRU_Ao	CACAAACCATGATCCA	AMRU	SRR11008278	278_CACAAACCATGATCCA	TRUE
AMRU_Ao_CACAAACGTTCGCGAC	AMRU_Ao	CACAAACGTTCGCGAC	AMRU	SRR11008278	278_CACAAACGTTCGCGAC	TRUE
AMRU_Ao_CACAAACTCGCTTGTC	AMRU_Ao	CACAAACTCGCTTGTC	AMRU	SRR11008278	278_CACAAACTCGCTTGTC	TRUE
AMRU_Ao_CACAAACTCTTCTGGC	AMRU_Ao	CACAAACTCTTCTGGC	AMRU	SRR11008278	278_CACAAACTCTTCTGGC	TRUE
AMRU_Ao_CACACAAAGAGTCGGT	AMRU_Ao	CACACAAAGAGTCGGT	AMRU	SRR11008278	278_CACACAAAGAGTCGGT	TRUE
AMRU_Ao_CACACAAAGTCCGGTC	AMRU_Ao	CACACAAAGTCCGGTC	AMRU	SRR11008278	278_CACACAAAGTCCGGTC	TRUE
AMRU_Ao_CACACAAAGTGGACGT	AMRU_Ao	CACACAAAGTGGACGT	AMRU	SRR11008278	278_CACACAAAGTGGACGT	TRUE
AMRU_Ao_CACACAACATTGGGCC	AMRU_Ao	CACACAACATTGGGCC	AMRU	SRR11008278	278_CACACAACATTGGGCC	TRUE
AMRU_Ao_CACACTCCAGCCTGTG	AMRU_Ao	CACACTCCAGCCTGTG	AMRU	SRR11008278	278_CACACTCCAGCCTGTG	TRUE
AMRU_Ao_CACAGGCAGGCGACAT	AMRU_Ao	CACAGGCAGGCGACAT	AMRU	SRR11008278	278_CACAGGCAGGCGACAT	TRUE
AMRU_Ao_CACAGGCGTCTGGAGA	AMRU_Ao	CACAGGCGTCTGGAGA	AMRU	SRR11008278	278_CACAGGCGTCTGGAGA	TRUE
AMRU_Ao_CACATAGGTACTCGCG	AMRU_Ao	CACATAGGTACTCGCG	AMRU	SRR11008278	278_CACATAGGTACTCGCG	TRUE
AMRU_Ao_CACATAGTCCAAACTG	AMRU_Ao	CACATAGTCCAAACTG	AMRU	SRR11008278	278_CACATAGTCCAAACTG	TRUE
AMRU_Ao_CACATTTGTTAGTGGG	AMRU_Ao	CACATTTGTTAGTGGG	AMRU	SRR11008278	278_CACATTTGTTAGTGGG	TRUE
AMRU_Ao_CACATTTTCAATCACG	AMRU_Ao	CACATTTTCAATCACG	AMRU	SRR11008278	278_CACATTTTCAATCACG	TRUE
AMRU_Ao_CACCACTCATCACGAT	AMRU_Ao	CACCACTCATCACGAT	AMRU	SRR11008278	278_CACCACTCATCACGAT	FALSE
AMRU_Ao_CACCACTGTAGCCTCG	AMRU_Ao	CACCACTGTAGCCTCG	AMRU	SRR11008278	278_CACCACTGTAGCCTCG	TRUE
AMRU_Ao_CACCACTTCCTGTAGA	AMRU_Ao	CACCACTTCCTGTAGA	AMRU	SRR11008278	278_CACCACTTCCTGTAGA	TRUE
AMRU_Ao_CACCAGGAGTGGGCTA	AMRU_Ao	CACCAGGAGTGGGCTA	AMRU	SRR11008278	278_CACCAGGAGTGGGCTA	TRUE
AMRU_Ao_CACCAGGGTGAAAGAG	AMRU_Ao	CACCAGGGTGAAAGAG	AMRU	SRR11008278	278_CACCAGGGTGAAAGAG	TRUE
AMRU_Ao_CACCTTGAGCTAACAA	AMRU_Ao	CACCTTGAGCTAACAA	AMRU	SRR11008278	278_CACCTTGAGCTAACAA	TRUE
AMRU_Ao_CACCTTGTCGTATCAG	AMRU_Ao	CACCTTGTCGTATCAG	AMRU	SRR11008278	278_CACCTTGTCGTATCAG	TRUE
AMRU_Ao_CACCTTGTCTTGGGTA	AMRU_Ao	CACCTTGTCTTGGGTA	AMRU	SRR11008278	278_CACCTTGTCTTGGGTA	TRUE
AMRU_Ao_CACTCCAAGCTTCGCG	AMRU_Ao	CACTCCAAGCTTCGCG	AMRU	SRR11008278	278_CACTCCAAGCTTCGCG	TRUE
AMRU_Ao_CACTCCATCAAACCGT	AMRU_Ao	CACTCCATCAAACCGT	AMRU	SRR11008278	278_CACTCCATCAAACCGT	TRUE
AMRU_Ao_CAGAATCAGCGATTCT	AMRU_Ao	CAGAATCAGCGATTCT	AMRU	SRR11008278	278_CAGAATCAGCGATTCT	TRUE
AMRU_Ao_CAGAATCAGGACACCA	AMRU_Ao	CAGAATCAGGACACCA	AMRU	SRR11008278	278_CAGAATCAGGACACCA	TRUE
AMRU_Ao_CAGAATCAGGCTCTTA	AMRU_Ao	CAGAATCAGGCTCTTA	AMRU	SRR11008278	278_CAGAATCAGGCTCTTA	TRUE
AMRU_Ao_CAGAATCTCGATCCCT	AMRU_Ao	CAGAATCTCGATCCCT	AMRU	SRR11008278	278_CAGAATCTCGATCCCT	TRUE
AMRU_Ao_CAGAGAGCAGACGCCT	AMRU_Ao	CAGAGAGCAGACGCCT	AMRU	SRR11008278	278_CAGAGAGCAGACGCCT	TRUE
AMRU_Ao_CAGAGAGCATCACGAT	AMRU_Ao	CAGAGAGCATCACGAT	AMRU	SRR11008278	278_CAGAGAGCATCACGAT	TRUE
AMRU_Ao_CAGAGAGCATGAGCGA	AMRU_Ao	CAGAGAGCATGAGCGA	AMRU	SRR11008278	278_CAGAGAGCATGAGCGA	TRUE
AMRU_Ao_CAGAGAGTCCACTCCA	AMRU_Ao	CAGAGAGTCCACTCCA	AMRU	SRR11008278	278_CAGAGAGTCCACTCCA	TRUE
AMRU_Ao_CAGAGAGTCCCAACGG	AMRU_Ao	CAGAGAGTCCCAACGG	AMRU	SRR11008278	278_CAGAGAGTCCCAACGG	TRUE
AMRU_Ao_CAGATCAAGCTAAGAT	AMRU_Ao	CAGATCAAGCTAAGAT	AMRU	SRR11008278	278_CAGATCAAGCTAAGAT	TRUE
AMRU_Ao_CAGATCAAGGCTCATT	AMRU_Ao	CAGATCAAGGCTCATT	AMRU	SRR11008278	278_CAGATCAAGGCTCATT	TRUE
AMRU_Ao_CAGATCAGTACACCGC	AMRU_Ao	CAGATCAGTACACCGC	AMRU	SRR11008278	278_CAGATCAGTACACCGC	TRUE
AMRU_Ao_CAGATCAGTTCAGGCC	AMRU_Ao	CAGATCAGTTCAGGCC	AMRU	SRR11008278	278_CAGATCAGTTCAGGCC	TRUE
AMRU_Ao_CAGATCATCCCACTTG	AMRU_Ao	CAGATCATCCCACTTG	AMRU	SRR11008278	278_CAGATCATCCCACTTG	TRUE
AMRU_Ao_CAGATCATCCTATGTT	AMRU_Ao	CAGATCATCCTATGTT	AMRU	SRR11008278	278_CAGATCATCCTATGTT	TRUE
AMRU_Ao_CAGCAGCAGATCGATA	AMRU_Ao	CAGCAGCAGATCGATA	AMRU	SRR11008278	278_CAGCAGCAGATCGATA	TRUE
AMRU_Ao_CAGCAGCGTATAGGTA	AMRU_Ao	CAGCAGCGTATAGGTA	AMRU	SRR11008278	278_CAGCAGCGTATAGGTA	TRUE
AMRU_Ao_CAGCAGCGTGTGACCC	AMRU_Ao	CAGCAGCGTGTGACCC	AMRU	SRR11008278	278_CAGCAGCGTGTGACCC	TRUE
AMRU_Ao_CAGCATAAGTCAATAG	AMRU_Ao	CAGCATAAGTCAATAG	AMRU	SRR11008278	278_CAGCATAAGTCAATAG	TRUE
AMRU_Ao_CAGCATAAGTGCTGCC	AMRU_Ao	CAGCATAAGTGCTGCC	AMRU	SRR11008278	278_CAGCATAAGTGCTGCC	TRUE
AMRU_Ao_CAGCCGAAGCGTGAGT	AMRU_Ao	CAGCCGAAGCGTGAGT	AMRU	SRR11008278	278_CAGCCGAAGCGTGAGT	TRUE
AMRU_Ao_CAGCCGACAAAGGAAG	AMRU_Ao	CAGCCGACAAAGGAAG	AMRU	SRR11008278	278_CAGCCGACAAAGGAAG	TRUE
AMRU_Ao_CAGCCGAGTCCTGCTT	AMRU_Ao	CAGCCGAGTCCTGCTT	AMRU	SRR11008278	278_CAGCCGAGTCCTGCTT	TRUE
AMRU_Ao_CAGCGACCACCGATAT	AMRU_Ao	CAGCGACCACCGATAT	AMRU	SRR11008278	278_CAGCGACCACCGATAT	TRUE
AMRU_Ao_CAGCGACCAGGTCTCG	AMRU_Ao	CAGCGACCAGGTCTCG	AMRU	SRR11008278	278_CAGCGACCAGGTCTCG	TRUE
AMRU_Ao_CAGCGACGTAGGCATG	AMRU_Ao	CAGCGACGTAGGCATG	AMRU	SRR11008278	278_CAGCGACGTAGGCATG	TRUE
AMRU_Ao_CAGCGACTCACCCGAG	AMRU_Ao	CAGCGACTCACCCGAG	AMRU	SRR11008278	278_CAGCGACTCACCCGAG	TRUE
AMRU_Ao_CAGCGACTCCATGCTC	AMRU_Ao	CAGCGACTCCATGCTC	AMRU	SRR11008278	278_CAGCGACTCCATGCTC	TRUE
AMRU_Ao_CAGCGACTCGACGGAA	AMRU_Ao	CAGCGACTCGACGGAA	AMRU	SRR11008278	278_CAGCGACTCGACGGAA	FALSE
AMRU_Ao_CAGCTAAAGACCGGAT	AMRU_Ao	CAGCTAAAGACCGGAT	AMRU	SRR11008278	278_CAGCTAAAGACCGGAT	TRUE
AMRU_Ao_CAGCTAAAGTGTGAAT	AMRU_Ao	CAGCTAAAGTGTGAAT	AMRU	SRR11008278	278_CAGCTAAAGTGTGAAT	TRUE
AMRU_Ao_CAGCTAACAAACCCAT	AMRU_Ao	CAGCTAACAAACCCAT	AMRU	SRR11008278	278_CAGCTAACAAACCCAT	TRUE
AMRU_Ao_CAGCTAAGTAAGGGCT	AMRU_Ao	CAGCTAAGTAAGGGCT	AMRU	SRR11008278	278_CAGCTAAGTAAGGGCT	TRUE
AMRU_Ao_CAGCTAAGTACCTACA	AMRU_Ao	CAGCTAAGTACCTACA	AMRU	SRR11008278	278_CAGCTAAGTACCTACA	TRUE
AMRU_Ao_CAGCTAATCTTCATGT	AMRU_Ao	CAGCTAATCTTCATGT	AMRU	SRR11008278	278_CAGCTAATCTTCATGT	TRUE
AMRU_Ao_CAGCTGGAGGAGCGAG	AMRU_Ao	CAGCTGGAGGAGCGAG	AMRU	SRR11008278	278_CAGCTGGAGGAGCGAG	TRUE
AMRU_Ao_CAGCTGGAGTGTACCT	AMRU_Ao	CAGCTGGAGTGTACCT	AMRU	SRR11008278	278_CAGCTGGAGTGTACCT	TRUE
AMRU_Ao_CAGCTGGCATCTATGG	AMRU_Ao	CAGCTGGCATCTATGG	AMRU	SRR11008278	278_CAGCTGGCATCTATGG	TRUE
AMRU_Ao_CAGCTGGTCAACGCTA	AMRU_Ao	CAGCTGGTCAACGCTA	AMRU	SRR11008278	278_CAGCTGGTCAACGCTA	TRUE
AMRU_Ao_CAGGTGCAGATCGGGT	AMRU_Ao	CAGGTGCAGATCGGGT	AMRU	SRR11008278	278_CAGGTGCAGATCGGGT	TRUE
AMRU_Ao_CAGGTGCCAATAGCAA	AMRU_Ao	CAGGTGCCAATAGCAA	AMRU	SRR11008278	278_CAGGTGCCAATAGCAA	TRUE
AMRU_Ao_CAGGTGCCACGAGGTA	AMRU_Ao	CAGGTGCCACGAGGTA	AMRU	SRR11008278	278_CAGGTGCCACGAGGTA	TRUE
AMRU_Ao_CAGGTGCCATGACGGA	AMRU_Ao	CAGGTGCCATGACGGA	AMRU	SRR11008278	278_CAGGTGCCATGACGGA	TRUE
AMRU_Ao_CAGGTGCGTACACCGC	AMRU_Ao	CAGGTGCGTACACCGC	AMRU	SRR11008278	278_CAGGTGCGTACACCGC	TRUE
AMRU_Ao_CAGGTGCGTTCAACCA	AMRU_Ao	CAGGTGCGTTCAACCA	AMRU	SRR11008278	278_CAGGTGCGTTCAACCA	TRUE
AMRU_Ao_CAGGTGCGTTGCGCAC	AMRU_Ao	CAGGTGCGTTGCGCAC	AMRU	SRR11008278	278_CAGGTGCGTTGCGCAC	TRUE
AMRU_Ao_CAGTAACCACTATCTT	AMRU_Ao	CAGTAACCACTATCTT	AMRU	SRR11008278	278_CAGTAACCACTATCTT	TRUE
AMRU_Ao_CAGTAACTCAGGCAAG	AMRU_Ao	CAGTAACTCAGGCAAG	AMRU	SRR11008278	278_CAGTAACTCAGGCAAG	TRUE
AMRU_Ao_CAGTCCTAGTGTCCCG	AMRU_Ao	CAGTCCTAGTGTCCCG	AMRU	SRR11008278	278_CAGTCCTAGTGTCCCG	TRUE
AMRU_Ao_CAGTCCTCAATCGGTT	AMRU_Ao	CAGTCCTCAATCGGTT	AMRU	SRR11008278	278_CAGTCCTCAATCGGTT	TRUE
AMRU_Ao_CAGTCCTGTCTGCCAG	AMRU_Ao	CAGTCCTGTCTGCCAG	AMRU	SRR11008278	278_CAGTCCTGTCTGCCAG	TRUE
AMRU_Ao_CAGTCCTTCGCCAAAT	AMRU_Ao	CAGTCCTTCGCCAAAT	AMRU	SRR11008278	278_CAGTCCTTCGCCAAAT	TRUE
AMRU_Ao_CAGTCCTTCGGCGCTA	AMRU_Ao	CAGTCCTTCGGCGCTA	AMRU	SRR11008278	278_CAGTCCTTCGGCGCTA	TRUE
AMRU_Ao_CATATGGAGTGAAGAG	AMRU_Ao	CATATGGAGTGAAGAG	AMRU	SRR11008278	278_CATATGGAGTGAAGAG	TRUE
AMRU_Ao_CATATGGCAAACAACA	AMRU_Ao	CATATGGCAAACAACA	AMRU	SRR11008278	278_CATATGGCAAACAACA	TRUE
AMRU_Ao_CATATTCAGAAGCCCA	AMRU_Ao	CATATTCAGAAGCCCA	AMRU	SRR11008278	278_CATATTCAGAAGCCCA	TRUE
AMRU_Ao_CATATTCAGCGGCTTC	AMRU_Ao	CATATTCAGCGGCTTC	AMRU	SRR11008278	278_CATATTCAGCGGCTTC	TRUE
AMRU_Ao_CATATTCAGGCTCAGA	AMRU_Ao	CATATTCAGGCTCAGA	AMRU	SRR11008278	278_CATATTCAGGCTCAGA	TRUE
AMRU_Ao_CATATTCCAAACCCAT	AMRU_Ao	CATATTCCAAACCCAT	AMRU	SRR11008278	278_CATATTCCAAACCCAT	TRUE
AMRU_Ao_CATATTCCATCCCATC	AMRU_Ao	CATATTCCATCCCATC	AMRU	SRR11008278	278_CATATTCCATCCCATC	TRUE
AMRU_Ao_CATATTCGTAACGTTC	AMRU_Ao	CATATTCGTAACGTTC	AMRU	SRR11008278	278_CATATTCGTAACGTTC	TRUE
AMRU_Ao_CATATTCGTATCTGCA	AMRU_Ao	CATATTCGTATCTGCA	AMRU	SRR11008278	278_CATATTCGTATCTGCA	TRUE
AMRU_Ao_CATATTCTCAGTACGT	AMRU_Ao	CATATTCTCAGTACGT	AMRU	SRR11008278	278_CATATTCTCAGTACGT	TRUE
AMRU_Ao_CATCAAGAGAAGATTC	AMRU_Ao	CATCAAGAGAAGATTC	AMRU	SRR11008278	278_CATCAAGAGAAGATTC	TRUE
AMRU_Ao_CATCAAGAGAATGTGT	AMRU_Ao	CATCAAGAGAATGTGT	AMRU	SRR11008278	278_CATCAAGAGAATGTGT	TRUE
AMRU_Ao_CATCAAGAGCACAGGT	AMRU_Ao	CATCAAGAGCACAGGT	AMRU	SRR11008278	278_CATCAAGAGCACAGGT	TRUE
AMRU_Ao_CATCAAGCAATGGTCT	AMRU_Ao	CATCAAGCAATGGTCT	AMRU	SRR11008278	278_CATCAAGCAATGGTCT	TRUE
AMRU_Ao_CATCAAGGTCACACGC	AMRU_Ao	CATCAAGGTCACACGC	AMRU	SRR11008278	278_CATCAAGGTCACACGC	TRUE
AMRU_Ao_CATCAAGGTGTAAGTA	AMRU_Ao	CATCAAGGTGTAAGTA	AMRU	SRR11008278	278_CATCAAGGTGTAAGTA	TRUE
AMRU_Ao_CATCAGAAGCTAGGCA	AMRU_Ao	CATCAGAAGCTAGGCA	AMRU	SRR11008278	278_CATCAGAAGCTAGGCA	TRUE
AMRU_Ao_CATCAGACAGCATGAG	AMRU_Ao	CATCAGACAGCATGAG	AMRU	SRR11008278	278_CATCAGACAGCATGAG	TRUE
AMRU_Ao_CATCAGATCCAGAGGA	AMRU_Ao	CATCAGATCCAGAGGA	AMRU	SRR11008278	278_CATCAGATCCAGAGGA	TRUE
AMRU_Ao_CATCCACAGATCCCGC	AMRU_Ao	CATCCACAGATCCCGC	AMRU	SRR11008278	278_CATCCACAGATCCCGC	TRUE
AMRU_Ao_CATCCACCACAACGCC	AMRU_Ao	CATCCACCACAACGCC	AMRU	SRR11008278	278_CATCCACCACAACGCC	TRUE
AMRU_Ao_CATCGAACAGGACCCT	AMRU_Ao	CATCGAACAGGACCCT	AMRU	SRR11008278	278_CATCGAACAGGACCCT	TRUE
AMRU_Ao_CATCGAACAGGTCCAC	AMRU_Ao	CATCGAACAGGTCCAC	AMRU	SRR11008278	278_CATCGAACAGGTCCAC	TRUE
AMRU_Ao_CATCGAAGTCCGACGT	AMRU_Ao	CATCGAAGTCCGACGT	AMRU	SRR11008278	278_CATCGAAGTCCGACGT	TRUE
AMRU_Ao_CATCGAAGTGCGCTTG	AMRU_Ao	CATCGAAGTGCGCTTG	AMRU	SRR11008278	278_CATCGAAGTGCGCTTG	TRUE
AMRU_Ao_CATCGGGAGCTTTGGT	AMRU_Ao	CATCGGGAGCTTTGGT	AMRU	SRR11008278	278_CATCGGGAGCTTTGGT	TRUE
AMRU_Ao_CATCGGGCAGATTGCT	AMRU_Ao	CATCGGGCAGATTGCT	AMRU	SRR11008278	278_CATCGGGCAGATTGCT	TRUE
AMRU_Ao_CATCGGGCATCTGGTA	AMRU_Ao	CATCGGGCATCTGGTA	AMRU	SRR11008278	278_CATCGGGCATCTGGTA	TRUE
AMRU_Ao_CATCGGGGTCTAACGT	AMRU_Ao	CATCGGGGTCTAACGT	AMRU	SRR11008278	278_CATCGGGGTCTAACGT	TRUE
AMRU_Ao_CATCGGGGTCTAGCCG	AMRU_Ao	CATCGGGGTCTAGCCG	AMRU	SRR11008278	278_CATCGGGGTCTAGCCG	TRUE
AMRU_Ao_CATCGGGGTTCAGACT	AMRU_Ao	CATCGGGGTTCAGACT	AMRU	SRR11008278	278_CATCGGGGTTCAGACT	TRUE
AMRU_Ao_CATGACAAGGATGCGT	AMRU_Ao	CATGACAAGGATGCGT	AMRU	SRR11008278	278_CATGACAAGGATGCGT	TRUE
AMRU_Ao_CATGACACAGACGCAA	AMRU_Ao	CATGACACAGACGCAA	AMRU	SRR11008278	278_CATGACACAGACGCAA	TRUE
AMRU_Ao_CATGACAGTAGGCTGA	AMRU_Ao	CATGACAGTAGGCTGA	AMRU	SRR11008278	278_CATGACAGTAGGCTGA	TRUE
AMRU_Ao_CATGACATCATCGCTC	AMRU_Ao	CATGACATCATCGCTC	AMRU	SRR11008278	278_CATGACATCATCGCTC	TRUE
AMRU_Ao_CATGCCTAGAGTGAGA	AMRU_Ao	CATGCCTAGAGTGAGA	AMRU	SRR11008278	278_CATGCCTAGAGTGAGA	TRUE
AMRU_Ao_CATGCCTAGTTACGGG	AMRU_Ao	CATGCCTAGTTACGGG	AMRU	SRR11008278	278_CATGCCTAGTTACGGG	TRUE
AMRU_Ao_CATGCCTGTATTCTCT	AMRU_Ao	CATGCCTGTATTCTCT	AMRU	SRR11008278	278_CATGCCTGTATTCTCT	TRUE
AMRU_Ao_CATGGCGCAGTAAGCG	AMRU_Ao	CATGGCGCAGTAAGCG	AMRU	SRR11008278	278_CATGGCGCAGTAAGCG	TRUE
AMRU_Ao_CATGGCGGTCAACATC	AMRU_Ao	CATGGCGGTCAACATC	AMRU	SRR11008278	278_CATGGCGGTCAACATC	TRUE
AMRU_Ao_CATGGCGTCAACGGGA	AMRU_Ao	CATGGCGTCAACGGGA	AMRU	SRR11008278	278_CATGGCGTCAACGGGA	TRUE
AMRU_Ao_CATGGCGTCCATGCTC	AMRU_Ao	CATGGCGTCCATGCTC	AMRU	SRR11008278	278_CATGGCGTCCATGCTC	TRUE
AMRU_Ao_CATGGCGTCCCACTTG	AMRU_Ao	CATGGCGTCCCACTTG	AMRU	SRR11008278	278_CATGGCGTCCCACTTG	TRUE
AMRU_Ao_CATTATCAGATAGCAT	AMRU_Ao	CATTATCAGATAGCAT	AMRU	SRR11008278	278_CATTATCAGATAGCAT	TRUE
AMRU_Ao_CATTATCCAATCACAC	AMRU_Ao	CATTATCCAATCACAC	AMRU	SRR11008278	278_CATTATCCAATCACAC	TRUE
AMRU_Ao_CATTATCCAGGACCCT	AMRU_Ao	CATTATCCAGGACCCT	AMRU	SRR11008278	278_CATTATCCAGGACCCT	TRUE
AMRU_Ao_CATTATCCAGGGTACA	AMRU_Ao	CATTATCCAGGGTACA	AMRU	SRR11008278	278_CATTATCCAGGGTACA	TRUE
AMRU_Ao_CATTATCTCATGGTCA	AMRU_Ao	CATTATCTCATGGTCA	AMRU	SRR11008278	278_CATTATCTCATGGTCA	TRUE
AMRU_Ao_CATTATCTCCAGTAGT	AMRU_Ao	CATTATCTCCAGTAGT	AMRU	SRR11008278	278_CATTATCTCCAGTAGT	TRUE
AMRU_Ao_CATTATCTCGGCGGTT	AMRU_Ao	CATTATCTCGGCGGTT	AMRU	SRR11008278	278_CATTATCTCGGCGGTT	TRUE
AMRU_Ao_CATTCGCCAAGCCGCT	AMRU_Ao	CATTCGCCAAGCCGCT	AMRU	SRR11008278	278_CATTCGCCAAGCCGCT	TRUE
AMRU_Ao_CATTCGCCATCAGTAC	AMRU_Ao	CATTCGCCATCAGTAC	AMRU	SRR11008278	278_CATTCGCCATCAGTAC	TRUE
AMRU_Ao_CATTCGCCATGTAAGA	AMRU_Ao	CATTCGCCATGTAAGA	AMRU	SRR11008278	278_CATTCGCCATGTAAGA	TRUE
AMRU_Ao_CATTCGCGTGCCTGCA	AMRU_Ao	CATTCGCGTGCCTGCA	AMRU	SRR11008278	278_CATTCGCGTGCCTGCA	TRUE
AMRU_Ao_CATTCGCTCAAACGGG	AMRU_Ao	CATTCGCTCAAACGGG	AMRU	SRR11008278	278_CATTCGCTCAAACGGG	TRUE
AMRU_Ao_CCAATCCAGTCAATAG	AMRU_Ao	CCAATCCAGTCAATAG	AMRU	SRR11008278	278_CCAATCCAGTCAATAG	TRUE
AMRU_Ao_CCAATCCGTACCATCA	AMRU_Ao	CCAATCCGTACCATCA	AMRU	SRR11008278	278_CCAATCCGTACCATCA	TRUE
AMRU_Ao_CCAATCCGTTGCTCCT	AMRU_Ao	CCAATCCGTTGCTCCT	AMRU	SRR11008278	278_CCAATCCGTTGCTCCT	TRUE
AMRU_Ao_CCACCTAAGCCAACAG	AMRU_Ao	CCACCTAAGCCAACAG	AMRU	SRR11008278	278_CCACCTAAGCCAACAG	TRUE
AMRU_Ao_CCACCTAGTGACAAAT	AMRU_Ao	CCACCTAGTGACAAAT	AMRU	SRR11008278	278_CCACCTAGTGACAAAT	TRUE
AMRU_Ao_CCACCTAGTTGTTTGG	AMRU_Ao	CCACCTAGTTGTTTGG	AMRU	SRR11008278	278_CCACCTAGTTGTTTGG	TRUE
AMRU_Ao_CCACCTATCAACCAAC	AMRU_Ao	CCACCTATCAACCAAC	AMRU	SRR11008278	278_CCACCTATCAACCAAC	TRUE
AMRU_Ao_CCACCTATCCTCAATT	AMRU_Ao	CCACCTATCCTCAATT	AMRU	SRR11008278	278_CCACCTATCCTCAATT	TRUE
AMRU_Ao_CCACGGAAGAGACTAT	AMRU_Ao	CCACGGAAGAGACTAT	AMRU	SRR11008278	278_CCACGGAAGAGACTAT	TRUE
AMRU_Ao_CCACGGACACAACGCC	AMRU_Ao	CCACGGACACAACGCC	AMRU	SRR11008278	278_CCACGGACACAACGCC	TRUE
AMRU_Ao_CCACGGACACCAACCG	AMRU_Ao	CCACGGACACCAACCG	AMRU	SRR11008278	278_CCACGGACACCAACCG	TRUE
AMRU_Ao_CCACGGAGTTCTCATT	AMRU_Ao	CCACGGAGTTCTCATT	AMRU	SRR11008278	278_CCACGGAGTTCTCATT	TRUE
AMRU_Ao_CCACTACCAACAACCT	AMRU_Ao	CCACTACCAACAACCT	AMRU	SRR11008278	278_CCACTACCAACAACCT	TRUE
AMRU_Ao_CCACTACGTGCCTGGT	AMRU_Ao	CCACTACGTGCCTGGT	AMRU	SRR11008278	278_CCACTACGTGCCTGGT	TRUE
AMRU_Ao_CCACTACTCTATCCTA	AMRU_Ao	CCACTACTCTATCCTA	AMRU	SRR11008278	278_CCACTACTCTATCCTA	TRUE
AMRU_Ao_CCAGCGAAGAGCAATT	AMRU_Ao	CCAGCGAAGAGCAATT	AMRU	SRR11008278	278_CCAGCGAAGAGCAATT	TRUE
AMRU_Ao_CCAGCGAGTAAGGGCT	AMRU_Ao	CCAGCGAGTAAGGGCT	AMRU	SRR11008278	278_CCAGCGAGTAAGGGCT	TRUE
AMRU_Ao_CCAGCGAGTCGGATCC	AMRU_Ao	CCAGCGAGTCGGATCC	AMRU	SRR11008278	278_CCAGCGAGTCGGATCC	TRUE
AMRU_Ao_CCATGTCGTGCGATAG	AMRU_Ao	CCATGTCGTGCGATAG	AMRU	SRR11008278	278_CCATGTCGTGCGATAG	TRUE
AMRU_Ao_CCATGTCTCCAACCAA	AMRU_Ao	CCATGTCTCCAACCAA	AMRU	SRR11008278	278_CCATGTCTCCAACCAA	TRUE
AMRU_Ao_CCATGTCTCCGCATCT	AMRU_Ao	CCATGTCTCCGCATCT	AMRU	SRR11008278	278_CCATGTCTCCGCATCT	TRUE
AMRU_Ao_CCATTCGAGTGTCCCG	AMRU_Ao	CCATTCGAGTGTCCCG	AMRU	SRR11008278	278_CCATTCGAGTGTCCCG	TRUE
AMRU_Ao_CCATTCGCAGTGAGTG	AMRU_Ao	CCATTCGCAGTGAGTG	AMRU	SRR11008278	278_CCATTCGCAGTGAGTG	TRUE
AMRU_Ao_CCATTCGGTTATGCGT	AMRU_Ao	CCATTCGGTTATGCGT	AMRU	SRR11008278	278_CCATTCGGTTATGCGT	TRUE
AMRU_Ao_CCATTCGTCGTTGACA	AMRU_Ao	CCATTCGTCGTTGACA	AMRU	SRR11008278	278_CCATTCGTCGTTGACA	TRUE
AMRU_Ao_CCCAATCAGCGTCAAG	AMRU_Ao	CCCAATCAGCGTCAAG	AMRU	SRR11008278	278_CCCAATCAGCGTCAAG	TRUE
AMRU_Ao_CCCAATCCACGACTCG	AMRU_Ao	CCCAATCCACGACTCG	AMRU	SRR11008278	278_CCCAATCCACGACTCG	TRUE
AMRU_Ao_CCCAATCGTCAATGTC	AMRU_Ao	CCCAATCGTCAATGTC	AMRU	SRR11008278	278_CCCAATCGTCAATGTC	TRUE
AMRU_Ao_CCCAATCGTTCCTCCA	AMRU_Ao	CCCAATCGTTCCTCCA	AMRU	SRR11008278	278_CCCAATCGTTCCTCCA	TRUE
AMRU_Ao_CCCAATCTCCGCGCAA	AMRU_Ao	CCCAATCTCCGCGCAA	AMRU	SRR11008278	278_CCCAATCTCCGCGCAA	TRUE
AMRU_Ao_CCCAATCTCTACCTGC	AMRU_Ao	CCCAATCTCTACCTGC	AMRU	SRR11008278	278_CCCAATCTCTACCTGC	TRUE
AMRU_Ao_CCCATACCAGATCTGT	AMRU_Ao	CCCATACCAGATCTGT	AMRU	SRR11008278	278_CCCATACCAGATCTGT	TRUE
AMRU_Ao_CCCATACCAGCCTTGG	AMRU_Ao	CCCATACCAGCCTTGG	AMRU	SRR11008278	278_CCCATACCAGCCTTGG	FALSE
AMRU_Ao_CCCATACGTAGGACAC	AMRU_Ao	CCCATACGTAGGACAC	AMRU	SRR11008278	278_CCCATACGTAGGACAC	TRUE
AMRU_Ao_CCCATACTCTGAAAGA	AMRU_Ao	CCCATACTCTGAAAGA	AMRU	SRR11008278	278_CCCATACTCTGAAAGA	TRUE
AMRU_Ao_CCCATACTCTTGTTTG	AMRU_Ao	CCCATACTCTTGTTTG	AMRU	SRR11008278	278_CCCATACTCTTGTTTG	TRUE
AMRU_Ao_CCCTCCTTCAAGAAGT	AMRU_Ao	CCCTCCTTCAAGAAGT	AMRU	SRR11008278	278_CCCTCCTTCAAGAAGT	TRUE
AMRU_Ao_CCCTCCTTCGGAAACG	AMRU_Ao	CCCTCCTTCGGAAACG	AMRU	SRR11008278	278_CCCTCCTTCGGAAACG	TRUE
AMRU_Ao_CCCTCCTTCTATCCTA	AMRU_Ao	CCCTCCTTCTATCCTA	AMRU	SRR11008278	278_CCCTCCTTCTATCCTA	TRUE
AMRU_Ao_CCCTCCTTCTCAAACG	AMRU_Ao	CCCTCCTTCTCAAACG	AMRU	SRR11008278	278_CCCTCCTTCTCAAACG	TRUE
AMRU_Ao_CCCTCCTTCTTATCTG	AMRU_Ao	CCCTCCTTCTTATCTG	AMRU	SRR11008278	278_CCCTCCTTCTTATCTG	TRUE
AMRU_Ao_CCGGGATAGCGTTCCG	AMRU_Ao	CCGGGATAGCGTTCCG	AMRU	SRR11008278	278_CCGGGATAGCGTTCCG	TRUE
AMRU_Ao_CCGGGATAGTACGCCC	AMRU_Ao	CCGGGATAGTACGCCC	AMRU	SRR11008278	278_CCGGGATAGTACGCCC	TRUE
AMRU_Ao_CCGGGATCAACTTGAC	AMRU_Ao	CCGGGATCAACTTGAC	AMRU	SRR11008278	278_CCGGGATCAACTTGAC	TRUE
AMRU_Ao_CCGGGATCAGCCTTGG	AMRU_Ao	CCGGGATCAGCCTTGG	AMRU	SRR11008278	278_CCGGGATCAGCCTTGG	TRUE
AMRU_Ao_CCGGGATCATAAGACA	AMRU_Ao	CCGGGATCATAAGACA	AMRU	SRR11008278	278_CCGGGATCATAAGACA	TRUE
AMRU_Ao_CCGGGATGTTCGAATC	AMRU_Ao	CCGGGATGTTCGAATC	AMRU	SRR11008278	278_CCGGGATGTTCGAATC	TRUE
AMRU_Ao_CCGGGATTCATAAAGG	AMRU_Ao	CCGGGATTCATAAAGG	AMRU	SRR11008278	278_CCGGGATTCATAAAGG	TRUE
AMRU_Ao_CCGGGATTCCATGAAC	AMRU_Ao	CCGGGATTCCATGAAC	AMRU	SRR11008278	278_CCGGGATTCCATGAAC	TRUE
AMRU_Ao_CCGGGATTCTTGTCAT	AMRU_Ao	CCGGGATTCTTGTCAT	AMRU	SRR11008278	278_CCGGGATTCTTGTCAT	TRUE
AMRU_Ao_CCGGTAGTCTTTCCTC	AMRU_Ao	CCGGTAGTCTTTCCTC	AMRU	SRR11008278	278_CCGGTAGTCTTTCCTC	TRUE
AMRU_Ao_CCGTACTCAGTGGGAT	AMRU_Ao	CCGTACTCAGTGGGAT	AMRU	SRR11008278	278_CCGTACTCAGTGGGAT	TRUE
AMRU_Ao_CCGTACTCATACAGCT	AMRU_Ao	CCGTACTCATACAGCT	AMRU	SRR11008278	278_CCGTACTCATACAGCT	TRUE
AMRU_Ao_CCGTACTGTGAAATCA	AMRU_Ao	CCGTACTGTGAAATCA	AMRU	SRR11008278	278_CCGTACTGTGAAATCA	TRUE
AMRU_Ao_CCGTGGAAGCGTTTAC	AMRU_Ao	CCGTGGAAGCGTTTAC	AMRU	SRR11008278	278_CCGTGGAAGCGTTTAC	TRUE
AMRU_Ao_CCGTGGAAGCTGAACG	AMRU_Ao	CCGTGGAAGCTGAACG	AMRU	SRR11008278	278_CCGTGGAAGCTGAACG	TRUE
AMRU_Ao_CCGTGGAAGTCACGCC	AMRU_Ao	CCGTGGAAGTCACGCC	AMRU	SRR11008278	278_CCGTGGAAGTCACGCC	TRUE
AMRU_Ao_CCGTGGACAGACAAGC	AMRU_Ao	CCGTGGACAGACAAGC	AMRU	SRR11008278	278_CCGTGGACAGACAAGC	TRUE
AMRU_Ao_CCGTGGAGTTGTCTTT	AMRU_Ao	CCGTGGAGTTGTCTTT	AMRU	SRR11008278	278_CCGTGGAGTTGTCTTT	TRUE
AMRU_Ao_CCGTGGATCAGTGTTG	AMRU_Ao	CCGTGGATCAGTGTTG	AMRU	SRR11008278	278_CCGTGGATCAGTGTTG	TRUE
AMRU_Ao_CCGTGGATCGCACTCT	AMRU_Ao	CCGTGGATCGCACTCT	AMRU	SRR11008278	278_CCGTGGATCGCACTCT	TRUE
AMRU_Ao_CCGTTCAAGCGTAGTG	AMRU_Ao	CCGTTCAAGCGTAGTG	AMRU	SRR11008278	278_CCGTTCAAGCGTAGTG	TRUE
AMRU_Ao_CCGTTCAAGGTCATCT	AMRU_Ao	CCGTTCAAGGTCATCT	AMRU	SRR11008278	278_CCGTTCAAGGTCATCT	TRUE
AMRU_Ao_CCGTTCAAGGTTACCT	AMRU_Ao	CCGTTCAAGGTTACCT	AMRU	SRR11008278	278_CCGTTCAAGGTTACCT	TRUE
AMRU_Ao_CCGTTCAGTATCTGCA	AMRU_Ao	CCGTTCAGTATCTGCA	AMRU	SRR11008278	278_CCGTTCAGTATCTGCA	TRUE
AMRU_Ao_CCGTTCAGTTCCACAA	AMRU_Ao	CCGTTCAGTTCCACAA	AMRU	SRR11008278	278_CCGTTCAGTTCCACAA	TRUE
AMRU_Ao_CCGTTCATCAGCTGGC	AMRU_Ao	CCGTTCATCAGCTGGC	AMRU	SRR11008278	278_CCGTTCATCAGCTGGC	TRUE
AMRU_Ao_CCGTTCATCCATGAAC	AMRU_Ao	CCGTTCATCCATGAAC	AMRU	SRR11008278	278_CCGTTCATCCATGAAC	TRUE
AMRU_Ao_CCTAAAGAGAGCCTAG	AMRU_Ao	CCTAAAGAGAGCCTAG	AMRU	SRR11008278	278_CCTAAAGAGAGCCTAG	TRUE
AMRU_Ao_CCTAAAGCACCCTATC	AMRU_Ao	CCTAAAGCACCCTATC	AMRU	SRR11008278	278_CCTAAAGCACCCTATC	TRUE
AMRU_Ao_CCTAAAGCATGGGAAC	AMRU_Ao	CCTAAAGCATGGGAAC	AMRU	SRR11008278	278_CCTAAAGCATGGGAAC	TRUE
AMRU_Ao_CCTACACAGTAATCCC	AMRU_Ao	CCTACACAGTAATCCC	AMRU	SRR11008278	278_CCTACACAGTAATCCC	TRUE
AMRU_Ao_CCTACACAGTACGCGA	AMRU_Ao	CCTACACAGTACGCGA	AMRU	SRR11008278	278_CCTACACAGTACGCGA	TRUE
AMRU_Ao_CCTACACTCGAACGGA	AMRU_Ao	CCTACACTCGAACGGA	AMRU	SRR11008278	278_CCTACACTCGAACGGA	TRUE
AMRU_Ao_CCTACCAAGAGTAATC	AMRU_Ao	CCTACCAAGAGTAATC	AMRU	SRR11008278	278_CCTACCAAGAGTAATC	TRUE
AMRU_Ao_CCTACCAGTGTGGTTT	AMRU_Ao	CCTACCAGTGTGGTTT	AMRU	SRR11008278	278_CCTACCAGTGTGGTTT	TRUE
AMRU_Ao_CCTAGCTGTAGGCTGA	AMRU_Ao	CCTAGCTGTAGGCTGA	AMRU	SRR11008278	278_CCTAGCTGTAGGCTGA	TRUE
AMRU_Ao_CCTATTAGTGCAGTAG	AMRU_Ao	CCTATTAGTGCAGTAG	AMRU	SRR11008278	278_CCTATTAGTGCAGTAG	TRUE
AMRU_Ao_CCTATTATCCAAGTAC	AMRU_Ao	CCTATTATCCAAGTAC	AMRU	SRR11008278	278_CCTATTATCCAAGTAC	TRUE
AMRU_Ao_CCTATTATCGCATGGC	AMRU_Ao	CCTATTATCGCATGGC	AMRU	SRR11008278	278_CCTATTATCGCATGGC	TRUE
AMRU_Ao_CCTCAGTAGAGAGCTC	AMRU_Ao	CCTCAGTAGAGAGCTC	AMRU	SRR11008278	278_CCTCAGTAGAGAGCTC	TRUE
AMRU_Ao_CCTCAGTGTAAGTGTA	AMRU_Ao	CCTCAGTGTAAGTGTA	AMRU	SRR11008278	278_CCTCAGTGTAAGTGTA	TRUE
AMRU_Ao_CCTCAGTGTACGCACC	AMRU_Ao	CCTCAGTGTACGCACC	AMRU	SRR11008278	278_CCTCAGTGTACGCACC	TRUE
AMRU_Ao_CCTCTGAAGCCAGAAC	AMRU_Ao	CCTCTGAAGCCAGAAC	AMRU	SRR11008278	278_CCTCTGAAGCCAGAAC	TRUE
AMRU_Ao_CCTCTGAAGTGTCCCG	AMRU_Ao	CCTCTGAAGTGTCCCG	AMRU	SRR11008278	278_CCTCTGAAGTGTCCCG	TRUE
AMRU_Ao_CCTCTGAGTCAAGCGA	AMRU_Ao	CCTCTGAGTCAAGCGA	AMRU	SRR11008278	278_CCTCTGAGTCAAGCGA	TRUE
AMRU_Ao_CCTCTGATCATCGATG	AMRU_Ao	CCTCTGATCATCGATG	AMRU	SRR11008278	278_CCTCTGATCATCGATG	TRUE
AMRU_Ao_CCTTACGAGAAGATTC	AMRU_Ao	CCTTACGAGAAGATTC	AMRU	SRR11008278	278_CCTTACGAGAAGATTC	TRUE
AMRU_Ao_CCTTACGCAATACGCT	AMRU_Ao	CCTTACGCAATACGCT	AMRU	SRR11008278	278_CCTTACGCAATACGCT	TRUE
AMRU_Ao_CCTTACGGTTATCACG	AMRU_Ao	CCTTACGGTTATCACG	AMRU	SRR11008278	278_CCTTACGGTTATCACG	TRUE
AMRU_Ao_CCTTACGTCAGTTAGC	AMRU_Ao	CCTTACGTCAGTTAGC	AMRU	SRR11008278	278_CCTTACGTCAGTTAGC	TRUE
AMRU_Ao_CCTTACGTCATGTCCC	AMRU_Ao	CCTTACGTCATGTCCC	AMRU	SRR11008278	278_CCTTACGTCATGTCCC	TRUE
AMRU_Ao_CCTTCCCGTGGCCCTA	AMRU_Ao	CCTTCCCGTGGCCCTA	AMRU	SRR11008278	278_CCTTCCCGTGGCCCTA	TRUE
AMRU_Ao_CCTTCGAAGGAGCGTT	AMRU_Ao	CCTTCGAAGGAGCGTT	AMRU	SRR11008278	278_CCTTCGAAGGAGCGTT	TRUE
AMRU_Ao_CCTTTCTAGTGTTAGA	AMRU_Ao	CCTTTCTAGTGTTAGA	AMRU	SRR11008278	278_CCTTTCTAGTGTTAGA	TRUE
AMRU_Ao_CCTTTCTGTTCCAACA	AMRU_Ao	CCTTTCTGTTCCAACA	AMRU	SRR11008278	278_CCTTTCTGTTCCAACA	TRUE
AMRU_Ao_CCTTTCTGTTGATTGC	AMRU_Ao	CCTTTCTGTTGATTGC	AMRU	SRR11008278	278_CCTTTCTGTTGATTGC	TRUE
AMRU_Ao_CGAACATAGTAGGTGC	AMRU_Ao	CGAACATAGTAGGTGC	AMRU	SRR11008278	278_CGAACATAGTAGGTGC	TRUE
AMRU_Ao_CGAACATCAAGCCGCT	AMRU_Ao	CGAACATCAAGCCGCT	AMRU	SRR11008278	278_CGAACATCAAGCCGCT	TRUE
AMRU_Ao_CGAACATGTTACCAGT	AMRU_Ao	CGAACATGTTACCAGT	AMRU	SRR11008278	278_CGAACATGTTACCAGT	TRUE
AMRU_Ao_CGAACATTCTGTCTCG	AMRU_Ao	CGAACATTCTGTCTCG	AMRU	SRR11008278	278_CGAACATTCTGTCTCG	TRUE
AMRU_Ao_CGAATGTCAGTAAGCG	AMRU_Ao	CGAATGTCAGTAAGCG	AMRU	SRR11008278	278_CGAATGTCAGTAAGCG	TRUE
AMRU_Ao_CGAATGTGTCGAAAGC	AMRU_Ao	CGAATGTGTCGAAAGC	AMRU	SRR11008278	278_CGAATGTGTCGAAAGC	TRUE
AMRU_Ao_CGAATGTTCGAGGTAG	AMRU_Ao	CGAATGTTCGAGGTAG	AMRU	SRR11008278	278_CGAATGTTCGAGGTAG	TRUE
AMRU_Ao_CGACCTTAGAAGGGTA	AMRU_Ao	CGACCTTAGAAGGGTA	AMRU	SRR11008278	278_CGACCTTAGAAGGGTA	TRUE
AMRU_Ao_CGACCTTAGGACAGAA	AMRU_Ao	CGACCTTAGGACAGAA	AMRU	SRR11008278	278_CGACCTTAGGACAGAA	TRUE
AMRU_Ao_CGACCTTGTCAACATC	AMRU_Ao	CGACCTTGTCAACATC	AMRU	SRR11008278	278_CGACCTTGTCAACATC	TRUE
AMRU_Ao_CGACCTTGTCCAACTA	AMRU_Ao	CGACCTTGTCCAACTA	AMRU	SRR11008278	278_CGACCTTGTCCAACTA	TRUE
AMRU_Ao_CGACCTTGTGTAATGA	AMRU_Ao	CGACCTTGTGTAATGA	AMRU	SRR11008278	278_CGACCTTGTGTAATGA	TRUE
AMRU_Ao_CGAGAAGCAAGCCGTC	AMRU_Ao	CGAGAAGCAAGCCGTC	AMRU	SRR11008278	278_CGAGAAGCAAGCCGTC	TRUE
AMRU_Ao_CGAGAAGCAATCGAAA	AMRU_Ao	CGAGAAGCAATCGAAA	AMRU	SRR11008278	278_CGAGAAGCAATCGAAA	TRUE
AMRU_Ao_CGAGCACCACAACGTT	AMRU_Ao	CGAGCACCACAACGTT	AMRU	SRR11008278	278_CGAGCACCACAACGTT	TRUE
AMRU_Ao_CGAGCACTCCATGAGT	AMRU_Ao	CGAGCACTCCATGAGT	AMRU	SRR11008278	278_CGAGCACTCCATGAGT	TRUE
AMRU_Ao_CGAGCACTCTCGCATC	AMRU_Ao	CGAGCACTCTCGCATC	AMRU	SRR11008278	278_CGAGCACTCTCGCATC	TRUE
AMRU_Ao_CGAGCCAAGAGACGAA	AMRU_Ao	CGAGCCAAGAGACGAA	AMRU	SRR11008278	278_CGAGCCAAGAGACGAA	TRUE
AMRU_Ao_CGAGCCAAGGGAGTAA	AMRU_Ao	CGAGCCAAGGGAGTAA	AMRU	SRR11008278	278_CGAGCCAAGGGAGTAA	TRUE
AMRU_Ao_CGAGCCACAAGAAAGG	AMRU_Ao	CGAGCCACAAGAAAGG	AMRU	SRR11008278	278_CGAGCCACAAGAAAGG	TRUE
AMRU_Ao_CGAGCCAGTTGTGGCC	AMRU_Ao	CGAGCCAGTTGTGGCC	AMRU	SRR11008278	278_CGAGCCAGTTGTGGCC	TRUE
AMRU_Ao_CGAGCCATCTACCAGA	AMRU_Ao	CGAGCCATCTACCAGA	AMRU	SRR11008278	278_CGAGCCATCTACCAGA	TRUE
AMRU_Ao_CGATCGGCAAGCCTAT	AMRU_Ao	CGATCGGCAAGCCTAT	AMRU	SRR11008278	278_CGATCGGCAAGCCTAT	TRUE
AMRU_Ao_CGATCGGGTAGCGATG	AMRU_Ao	CGATCGGGTAGCGATG	AMRU	SRR11008278	278_CGATCGGGTAGCGATG	TRUE
AMRU_Ao_CGATCGGGTGTAACGG	AMRU_Ao	CGATCGGGTGTAACGG	AMRU	SRR11008278	278_CGATCGGGTGTAACGG	TRUE
AMRU_Ao_CGATCGGTCATTCACT	AMRU_Ao	CGATCGGTCATTCACT	AMRU	SRR11008278	278_CGATCGGTCATTCACT	TRUE
AMRU_Ao_CGATCGGTCCAGTAGT	AMRU_Ao	CGATCGGTCCAGTAGT	AMRU	SRR11008278	278_CGATCGGTCCAGTAGT	TRUE
AMRU_Ao_CGATGGCAGACCGGAT	AMRU_Ao	CGATGGCAGACCGGAT	AMRU	SRR11008278	278_CGATGGCAGACCGGAT	TRUE
AMRU_Ao_CGATGGCAGATACACA	AMRU_Ao	CGATGGCAGATACACA	AMRU	SRR11008278	278_CGATGGCAGATACACA	TRUE
AMRU_Ao_CGATGGCCACAACGCC	AMRU_Ao	CGATGGCCACAACGCC	AMRU	SRR11008278	278_CGATGGCCACAACGCC	TRUE
AMRU_Ao_CGATGGCCAGGGTATG	AMRU_Ao	CGATGGCCAGGGTATG	AMRU	SRR11008278	278_CGATGGCCAGGGTATG	TRUE
AMRU_Ao_CGATGGCCAGTCTTCC	AMRU_Ao	CGATGGCCAGTCTTCC	AMRU	SRR11008278	278_CGATGGCCAGTCTTCC	TRUE
AMRU_Ao_CGATGGCTCAGGTAAA	AMRU_Ao	CGATGGCTCAGGTAAA	AMRU	SRR11008278	278_CGATGGCTCAGGTAAA	TRUE
AMRU_Ao_CGATGGCTCATTTGGG	AMRU_Ao	CGATGGCTCATTTGGG	AMRU	SRR11008278	278_CGATGGCTCATTTGGG	TRUE
AMRU_Ao_CGATGTAAGGAGCGTT	AMRU_Ao	CGATGTAAGGAGCGTT	AMRU	SRR11008278	278_CGATGTAAGGAGCGTT	TRUE
AMRU_Ao_CGATGTACAGGAATGC	AMRU_Ao	CGATGTACAGGAATGC	AMRU	SRR11008278	278_CGATGTACAGGAATGC	TRUE
AMRU_Ao_CGATGTACAGGATTGG	AMRU_Ao	CGATGTACAGGATTGG	AMRU	SRR11008278	278_CGATGTACAGGATTGG	TRUE
AMRU_Ao_CGATGTATCGGTTCGG	AMRU_Ao	CGATGTATCGGTTCGG	AMRU	SRR11008278	278_CGATGTATCGGTTCGG	TRUE
AMRU_Ao_CGATTGAAGAAAGTGG	AMRU_Ao	CGATTGAAGAAAGTGG	AMRU	SRR11008278	278_CGATTGAAGAAAGTGG	TRUE
AMRU_Ao_CGATTGAAGGCGCTCT	AMRU_Ao	CGATTGAAGGCGCTCT	AMRU	SRR11008278	278_CGATTGAAGGCGCTCT	TRUE
AMRU_Ao_CGATTGAAGTGAACGC	AMRU_Ao	CGATTGAAGTGAACGC	AMRU	SRR11008278	278_CGATTGAAGTGAACGC	TRUE
AMRU_Ao_CGATTGATCGAATGGG	AMRU_Ao	CGATTGATCGAATGGG	AMRU	SRR11008278	278_CGATTGATCGAATGGG	TRUE
AMRU_Ao_CGATTGATCGCCATAA	AMRU_Ao	CGATTGATCGCCATAA	AMRU	SRR11008278	278_CGATTGATCGCCATAA	TRUE
AMRU_Ao_CGCCAAGAGCGCCTTG	AMRU_Ao	CGCCAAGAGCGCCTTG	AMRU	SRR11008278	278_CGCCAAGAGCGCCTTG	TRUE
AMRU_Ao_CGCGGTAAGGGCATGT	AMRU_Ao	CGCGGTAAGGGCATGT	AMRU	SRR11008278	278_CGCGGTAAGGGCATGT	TRUE
AMRU_Ao_CGCGGTAAGTACGCGA	AMRU_Ao	CGCGGTAAGTACGCGA	AMRU	SRR11008278	278_CGCGGTAAGTACGCGA	TRUE
AMRU_Ao_CGCGGTAGTCGCCATG	AMRU_Ao	CGCGGTAGTCGCCATG	AMRU	SRR11008278	278_CGCGGTAGTCGCCATG	TRUE
AMRU_Ao_CGCGGTAGTTCACCTC	AMRU_Ao	CGCGGTAGTTCACCTC	AMRU	SRR11008278	278_CGCGGTAGTTCACCTC	TRUE
AMRU_Ao_CGCGTTTCACGAAATA	AMRU_Ao	CGCGTTTCACGAAATA	AMRU	SRR11008278	278_CGCGTTTCACGAAATA	TRUE
AMRU_Ao_CGCGTTTCAGTTTACG	AMRU_Ao	CGCGTTTCAGTTTACG	AMRU	SRR11008278	278_CGCGTTTCAGTTTACG	TRUE
AMRU_Ao_CGCTATCAGCAGACTG	AMRU_Ao	CGCTATCAGCAGACTG	AMRU	SRR11008278	278_CGCTATCAGCAGACTG	TRUE
AMRU_Ao_CGCTATCCAACCGCCA	AMRU_Ao	CGCTATCCAACCGCCA	AMRU	SRR11008278	278_CGCTATCCAACCGCCA	TRUE
AMRU_Ao_CGCTATCGTACATCCA	AMRU_Ao	CGCTATCGTACATCCA	AMRU	SRR11008278	278_CGCTATCGTACATCCA	TRUE
AMRU_Ao_CGCTGGAAGGCTAGGT	AMRU_Ao	CGCTGGAAGGCTAGGT	AMRU	SRR11008278	278_CGCTGGAAGGCTAGGT	TRUE
AMRU_Ao_CGCTGGACAGCTGGCT	AMRU_Ao	CGCTGGACAGCTGGCT	AMRU	SRR11008278	278_CGCTGGACAGCTGGCT	TRUE
AMRU_Ao_CGCTGGATCTAGAGTC	AMRU_Ao	CGCTGGATCTAGAGTC	AMRU	SRR11008278	278_CGCTGGATCTAGAGTC	TRUE
AMRU_Ao_CGCTTCACAGCGATCC	AMRU_Ao	CGCTTCACAGCGATCC	AMRU	SRR11008278	278_CGCTTCACAGCGATCC	TRUE
AMRU_Ao_CGCTTCAGTCAACTGT	AMRU_Ao	CGCTTCAGTCAACTGT	AMRU	SRR11008278	278_CGCTTCAGTCAACTGT	TRUE
AMRU_Ao_CGCTTCAGTCACAAGG	AMRU_Ao	CGCTTCAGTCACAAGG	AMRU	SRR11008278	278_CGCTTCAGTCACAAGG	TRUE
AMRU_Ao_CGCTTCATCCGCTGTT	AMRU_Ao	CGCTTCATCCGCTGTT	AMRU	SRR11008278	278_CGCTTCATCCGCTGTT	TRUE
AMRU_Ao_CGGACACAGACAGGCT	AMRU_Ao	CGGACACAGACAGGCT	AMRU	SRR11008278	278_CGGACACAGACAGGCT	TRUE
AMRU_Ao_CGGACACGTTCCACGG	AMRU_Ao	CGGACACGTTCCACGG	AMRU	SRR11008278	278_CGGACACGTTCCACGG	TRUE
AMRU_Ao_CGGACACGTTTAAGCC	AMRU_Ao	CGGACACGTTTAAGCC	AMRU	SRR11008278	278_CGGACACGTTTAAGCC	TRUE
AMRU_Ao_CGGACACTCTTGCAAG	AMRU_Ao	CGGACACTCTTGCAAG	AMRU	SRR11008278	278_CGGACACTCTTGCAAG	TRUE
AMRU_Ao_CGGACGTGTGCACGAA	AMRU_Ao	CGGACGTGTGCACGAA	AMRU	SRR11008278	278_CGGACGTGTGCACGAA	TRUE
AMRU_Ao_CGGACGTGTGCGGTAA	AMRU_Ao	CGGACGTGTGCGGTAA	AMRU	SRR11008278	278_CGGACGTGTGCGGTAA	TRUE
AMRU_Ao_CGGAGCTAGTATTGGA	AMRU_Ao	CGGAGCTAGTATTGGA	AMRU	SRR11008278	278_CGGAGCTAGTATTGGA	TRUE
AMRU_Ao_CGGAGCTGTAAATGTG	AMRU_Ao	CGGAGCTGTAAATGTG	AMRU	SRR11008278	278_CGGAGCTGTAAATGTG	TRUE
AMRU_Ao_CGGAGCTGTCTCGTTC	AMRU_Ao	CGGAGCTGTCTCGTTC	AMRU	SRR11008278	278_CGGAGCTGTCTCGTTC	TRUE
AMRU_Ao_CGGAGCTGTGAAAGAG	AMRU_Ao	CGGAGCTGTGAAAGAG	AMRU	SRR11008278	278_CGGAGCTGTGAAAGAG	TRUE
AMRU_Ao_CGGAGCTTCATCATTC	AMRU_Ao	CGGAGCTTCATCATTC	AMRU	SRR11008278	278_CGGAGCTTCATCATTC	TRUE
AMRU_Ao_CGGAGCTTCTCTGTCG	AMRU_Ao	CGGAGCTTCTCTGTCG	AMRU	SRR11008278	278_CGGAGCTTCTCTGTCG	TRUE
AMRU_Ao_CGGCTAGAGAGTAAGG	AMRU_Ao	CGGCTAGAGAGTAAGG	AMRU	SRR11008278	278_CGGCTAGAGAGTAAGG	TRUE
AMRU_Ao_CGGCTAGAGTATCGAA	AMRU_Ao	CGGCTAGAGTATCGAA	AMRU	SRR11008278	278_CGGCTAGAGTATCGAA	TRUE
AMRU_Ao_CGGCTAGGTATGAATG	AMRU_Ao	CGGCTAGGTATGAATG	AMRU	SRR11008278	278_CGGCTAGGTATGAATG	TRUE
AMRU_Ao_CGGGTCAAGGTTCCTA	AMRU_Ao	CGGGTCAAGGTTCCTA	AMRU	SRR11008278	278_CGGGTCAAGGTTCCTA	TRUE
AMRU_Ao_CGGGTCAAGTGTACGG	AMRU_Ao	CGGGTCAAGTGTACGG	AMRU	SRR11008278	278_CGGGTCAAGTGTACGG	TRUE
AMRU_Ao_CGGGTCACAACCGCCA	AMRU_Ao	CGGGTCACAACCGCCA	AMRU	SRR11008278	278_CGGGTCACAACCGCCA	TRUE
AMRU_Ao_CGGGTCACAACTTGAC	AMRU_Ao	CGGGTCACAACTTGAC	AMRU	SRR11008278	278_CGGGTCACAACTTGAC	TRUE
AMRU_Ao_CGGGTCACAGTGGGAT	AMRU_Ao	CGGGTCACAGTGGGAT	AMRU	SRR11008278	278_CGGGTCACAGTGGGAT	TRUE
AMRU_Ao_CGGGTCAGTTAGATGA	AMRU_Ao	CGGGTCAGTTAGATGA	AMRU	SRR11008278	278_CGGGTCAGTTAGATGA	TRUE
AMRU_Ao_CGTAGCGAGGTGCACA	AMRU_Ao	CGTAGCGAGGTGCACA	AMRU	SRR11008278	278_CGTAGCGAGGTGCACA	TRUE
AMRU_Ao_CGTAGCGAGTACCGGA	AMRU_Ao	CGTAGCGAGTACCGGA	AMRU	SRR11008278	278_CGTAGCGAGTACCGGA	TRUE
AMRU_Ao_CGTAGCGCAATCGAAA	AMRU_Ao	CGTAGCGCAATCGAAA	AMRU	SRR11008278	278_CGTAGCGCAATCGAAA	TRUE
AMRU_Ao_CGTAGCGTCACCACCT	AMRU_Ao	CGTAGCGTCACCACCT	AMRU	SRR11008278	278_CGTAGCGTCACCACCT	TRUE
AMRU_Ao_CGTAGCGTCCACGTTC	AMRU_Ao	CGTAGCGTCCACGTTC	AMRU	SRR11008278	278_CGTAGCGTCCACGTTC	TRUE
AMRU_Ao_CGTAGCGTCCATGAAC	AMRU_Ao	CGTAGCGTCCATGAAC	AMRU	SRR11008278	278_CGTAGCGTCCATGAAC	TRUE
AMRU_Ao_CGTAGCGTCCCGGATG	AMRU_Ao	CGTAGCGTCCCGGATG	AMRU	SRR11008278	278_CGTAGCGTCCCGGATG	TRUE
AMRU_Ao_CGTAGCGTCGGATGGA	AMRU_Ao	CGTAGCGTCGGATGGA	AMRU	SRR11008278	278_CGTAGCGTCGGATGGA	TRUE
AMRU_Ao_CGTAGGCAGACCTTTG	AMRU_Ao	CGTAGGCAGACCTTTG	AMRU	SRR11008278	278_CGTAGGCAGACCTTTG	TRUE
AMRU_Ao_CGTAGGCCAGGATTGG	AMRU_Ao	CGTAGGCCAGGATTGG	AMRU	SRR11008278	278_CGTAGGCCAGGATTGG	TRUE
AMRU_Ao_CGTCACTCAGGCTCAC	AMRU_Ao	CGTCACTCAGGCTCAC	AMRU	SRR11008278	278_CGTCACTCAGGCTCAC	TRUE
AMRU_Ao_CGTCACTGTCTGATTG	AMRU_Ao	CGTCACTGTCTGATTG	AMRU	SRR11008278	278_CGTCACTGTCTGATTG	TRUE
AMRU_Ao_CGTCACTGTGCATCTA	AMRU_Ao	CGTCACTGTGCATCTA	AMRU	SRR11008278	278_CGTCACTGTGCATCTA	TRUE
AMRU_Ao_CGTCAGGAGCTAACAA	AMRU_Ao	CGTCAGGAGCTAACAA	AMRU	SRR11008278	278_CGTCAGGAGCTAACAA	TRUE
AMRU_Ao_CGTCAGGCACGCCAGT	AMRU_Ao	CGTCAGGCACGCCAGT	AMRU	SRR11008278	278_CGTCAGGCACGCCAGT	TRUE
AMRU_Ao_CGTCAGGCACTGCCAG	AMRU_Ao	CGTCAGGCACTGCCAG	AMRU	SRR11008278	278_CGTCAGGCACTGCCAG	TRUE
AMRU_Ao_CGTCAGGGTACGAAAT	AMRU_Ao	CGTCAGGGTACGAAAT	AMRU	SRR11008278	278_CGTCAGGGTACGAAAT	TRUE
AMRU_Ao_CGTCAGGGTTCGAATC	AMRU_Ao	CGTCAGGGTTCGAATC	AMRU	SRR11008278	278_CGTCAGGGTTCGAATC	TRUE
AMRU_Ao_CGTCCATAGAACTGTA	AMRU_Ao	CGTCCATAGAACTGTA	AMRU	SRR11008278	278_CGTCCATAGAACTGTA	TRUE
AMRU_Ao_CGTCCATAGGTGCACA	AMRU_Ao	CGTCCATAGGTGCACA	AMRU	SRR11008278	278_CGTCCATAGGTGCACA	TRUE
AMRU_Ao_CGTCCATCAAGTTAAG	AMRU_Ao	CGTCCATCAAGTTAAG	AMRU	SRR11008278	278_CGTCCATCAAGTTAAG	TRUE
AMRU_Ao_CGTCCATGTGTTTGGT	AMRU_Ao	CGTCCATGTGTTTGGT	AMRU	SRR11008278	278_CGTCCATGTGTTTGGT	TRUE
AMRU_Ao_CGTCTACAGAGTAAGG	AMRU_Ao	CGTCTACAGAGTAAGG	AMRU	SRR11008278	278_CGTCTACAGAGTAAGG	TRUE
AMRU_Ao_CGTCTACCAAGCGAGT	AMRU_Ao	CGTCTACCAAGCGAGT	AMRU	SRR11008278	278_CGTCTACCAAGCGAGT	TRUE
AMRU_Ao_CGTGAGCAGTCTCGGC	AMRU_Ao	CGTGAGCAGTCTCGGC	AMRU	SRR11008278	278_CGTGAGCAGTCTCGGC	TRUE
AMRU_Ao_CGTGAGCAGTGCGTGA	AMRU_Ao	CGTGAGCAGTGCGTGA	AMRU	SRR11008278	278_CGTGAGCAGTGCGTGA	TRUE
AMRU_Ao_CGTGAGCGTATCTGCA	AMRU_Ao	CGTGAGCGTATCTGCA	AMRU	SRR11008278	278_CGTGAGCGTATCTGCA	TRUE
AMRU_Ao_CGTGAGCGTGCATCTA	AMRU_Ao	CGTGAGCGTGCATCTA	AMRU	SRR11008278	278_CGTGAGCGTGCATCTA	TRUE
AMRU_Ao_CGTGAGCTCCTTGCCA	AMRU_Ao	CGTGAGCTCCTTGCCA	AMRU	SRR11008278	278_CGTGAGCTCCTTGCCA	TRUE
AMRU_Ao_CGTGTAAAGTGCCAGA	AMRU_Ao	CGTGTAAAGTGCCAGA	AMRU	SRR11008278	278_CGTGTAAAGTGCCAGA	TRUE
AMRU_Ao_CGTGTAAGTCAGAATA	AMRU_Ao	CGTGTAAGTCAGAATA	AMRU	SRR11008278	278_CGTGTAAGTCAGAATA	TRUE
AMRU_Ao_CGTGTCTTCCAAATGC	AMRU_Ao	CGTGTCTTCCAAATGC	AMRU	SRR11008278	278_CGTGTCTTCCAAATGC	TRUE
AMRU_Ao_CGTTAGAAGGACGAAA	AMRU_Ao	CGTTAGAAGGACGAAA	AMRU	SRR11008278	278_CGTTAGAAGGACGAAA	TRUE
AMRU_Ao_CGTTAGATCACCATAG	AMRU_Ao	CGTTAGATCACCATAG	AMRU	SRR11008278	278_CGTTAGATCACCATAG	TRUE
AMRU_Ao_CGTTCTGCAGTACACT	AMRU_Ao	CGTTCTGCAGTACACT	AMRU	SRR11008278	278_CGTTCTGCAGTACACT	TRUE
AMRU_Ao_CGTTGGGCACTTAAGC	AMRU_Ao	CGTTGGGCACTTAAGC	AMRU	SRR11008278	278_CGTTGGGCACTTAAGC	TRUE
AMRU_Ao_CGTTGGGGTCCCGACA	AMRU_Ao	CGTTGGGGTCCCGACA	AMRU	SRR11008278	278_CGTTGGGGTCCCGACA	TRUE
AMRU_Ao_CGTTGGGTCACCGGGT	AMRU_Ao	CGTTGGGTCACCGGGT	AMRU	SRR11008278	278_CGTTGGGTCACCGGGT	TRUE
AMRU_Ao_CTAACTTCAAACAACA	AMRU_Ao	CTAACTTCAAACAACA	AMRU	SRR11008278	278_CTAACTTCAAACAACA	TRUE
AMRU_Ao_CTAACTTCACGTCTCT	AMRU_Ao	CTAACTTCACGTCTCT	AMRU	SRR11008278	278_CTAACTTCACGTCTCT	TRUE
AMRU_Ao_CTAACTTCACTTCTGC	AMRU_Ao	CTAACTTCACTTCTGC	AMRU	SRR11008278	278_CTAACTTCACTTCTGC	TRUE
AMRU_Ao_CTAAGACGTAGGCTGA	AMRU_Ao	CTAAGACGTAGGCTGA	AMRU	SRR11008278	278_CTAAGACGTAGGCTGA	TRUE
AMRU_Ao_CTAATGGAGATATGCA	AMRU_Ao	CTAATGGAGATATGCA	AMRU	SRR11008278	278_CTAATGGAGATATGCA	TRUE
AMRU_Ao_CTAATGGCAGATGGCA	AMRU_Ao	CTAATGGCAGATGGCA	AMRU	SRR11008278	278_CTAATGGCAGATGGCA	TRUE
AMRU_Ao_CTAATGGCAGGGTTAG	AMRU_Ao	CTAATGGCAGGGTTAG	AMRU	SRR11008278	278_CTAATGGCAGGGTTAG	TRUE
AMRU_Ao_CTAATGGGTAGCTCCG	AMRU_Ao	CTAATGGGTAGCTCCG	AMRU	SRR11008278	278_CTAATGGGTAGCTCCG	TRUE
AMRU_Ao_CTAATGGTCTCTTATG	AMRU_Ao	CTAATGGTCTCTTATG	AMRU	SRR11008278	278_CTAATGGTCTCTTATG	TRUE
AMRU_Ao_CTACACCCACCGAATT	AMRU_Ao	CTACACCCACCGAATT	AMRU	SRR11008278	278_CTACACCCACCGAATT	TRUE
AMRU_Ao_CTACACCCACTATCTT	AMRU_Ao	CTACACCCACTATCTT	AMRU	SRR11008278	278_CTACACCCACTATCTT	TRUE
AMRU_Ao_CTACATTAGTGCCAGA	AMRU_Ao	CTACATTAGTGCCAGA	AMRU	SRR11008278	278_CTACATTAGTGCCAGA	TRUE
AMRU_Ao_CTACATTCAAGCCTAT	AMRU_Ao	CTACATTCAAGCCTAT	AMRU	SRR11008278	278_CTACATTCAAGCCTAT	TRUE
AMRU_Ao_CTACATTCACAGTCGC	AMRU_Ao	CTACATTCACAGTCGC	AMRU	SRR11008278	278_CTACATTCACAGTCGC	TRUE
AMRU_Ao_CTACATTGTCTGATTG	AMRU_Ao	CTACATTGTCTGATTG	AMRU	SRR11008278	278_CTACATTGTCTGATTG	TRUE
AMRU_Ao_CTACATTTCACCTCGT	AMRU_Ao	CTACATTTCACCTCGT	AMRU	SRR11008278	278_CTACATTTCACCTCGT	TRUE
AMRU_Ao_CTACATTTCAGCTGGC	AMRU_Ao	CTACATTTCAGCTGGC	AMRU	SRR11008278	278_CTACATTTCAGCTGGC	TRUE
AMRU_Ao_CTACCCAAGATGAGAG	AMRU_Ao	CTACCCAAGATGAGAG	AMRU	SRR11008278	278_CTACCCAAGATGAGAG	TRUE
AMRU_Ao_CTACCCACAAGACACG	AMRU_Ao	CTACCCACAAGACACG	AMRU	SRR11008278	278_CTACCCACAAGACACG	TRUE
AMRU_Ao_CTACCCATCACCAGGC	AMRU_Ao	CTACCCATCACCAGGC	AMRU	SRR11008278	278_CTACCCATCACCAGGC	TRUE
AMRU_Ao_CTACCCATCATTCACT	AMRU_Ao	CTACCCATCATTCACT	AMRU	SRR11008278	278_CTACCCATCATTCACT	TRUE
AMRU_Ao_CTACGTCAGTTATCGC	AMRU_Ao	CTACGTCAGTTATCGC	AMRU	SRR11008278	278_CTACGTCAGTTATCGC	TRUE
AMRU_Ao_CTACGTCCACAACTGT	AMRU_Ao	CTACGTCCACAACTGT	AMRU	SRR11008278	278_CTACGTCCACAACTGT	TRUE
AMRU_Ao_CTACGTCGTTCAGCGC	AMRU_Ao	CTACGTCGTTCAGCGC	AMRU	SRR11008278	278_CTACGTCGTTCAGCGC	TRUE
AMRU_Ao_CTACGTCGTTGCCTCT	AMRU_Ao	CTACGTCGTTGCCTCT	AMRU	SRR11008278	278_CTACGTCGTTGCCTCT	TRUE
AMRU_Ao_CTACGTCTCGTAGGTT	AMRU_Ao	CTACGTCTCGTAGGTT	AMRU	SRR11008278	278_CTACGTCTCGTAGGTT	TRUE
AMRU_Ao_CTAGAGTGTCCGTGAC	AMRU_Ao	CTAGAGTGTCCGTGAC	AMRU	SRR11008278	278_CTAGAGTGTCCGTGAC	TRUE
AMRU_Ao_CTAGCCTAGCCAGTAG	AMRU_Ao	CTAGCCTAGCCAGTAG	AMRU	SRR11008278	278_CTAGCCTAGCCAGTAG	TRUE
AMRU_Ao_CTAGCCTAGTACCGGA	AMRU_Ao	CTAGCCTAGTACCGGA	AMRU	SRR11008278	278_CTAGCCTAGTACCGGA	TRUE
AMRU_Ao_CTAGCCTCAGCGTTCG	AMRU_Ao	CTAGCCTCAGCGTTCG	AMRU	SRR11008278	278_CTAGCCTCAGCGTTCG	TRUE
AMRU_Ao_CTAGCCTTCTTGTATC	AMRU_Ao	CTAGCCTTCTTGTATC	AMRU	SRR11008278	278_CTAGCCTTCTTGTATC	TRUE
AMRU_Ao_CTAGTGAAGAGAGCTC	AMRU_Ao	CTAGTGAAGAGAGCTC	AMRU	SRR11008278	278_CTAGTGAAGAGAGCTC	TRUE
AMRU_Ao_CTAGTGAAGATGCCTT	AMRU_Ao	CTAGTGAAGATGCCTT	AMRU	SRR11008278	278_CTAGTGAAGATGCCTT	TRUE
AMRU_Ao_CTAGTGACAGCTGTAT	AMRU_Ao	CTAGTGACAGCTGTAT	AMRU	SRR11008278	278_CTAGTGACAGCTGTAT	TRUE
AMRU_Ao_CTAGTGATCACTGGGC	AMRU_Ao	CTAGTGATCACTGGGC	AMRU	SRR11008278	278_CTAGTGATCACTGGGC	TRUE
AMRU_Ao_CTAGTGATCTGTCCGT	AMRU_Ao	CTAGTGATCTGTCCGT	AMRU	SRR11008278	278_CTAGTGATCTGTCCGT	TRUE
AMRU_Ao_CTCACACCAGCCTATA	AMRU_Ao	CTCACACCAGCCTATA	AMRU	SRR11008278	278_CTCACACCAGCCTATA	TRUE
AMRU_Ao_CTCAGAAAGAGGGCTT	AMRU_Ao	CTCAGAAAGAGGGCTT	AMRU	SRR11008278	278_CTCAGAAAGAGGGCTT	TRUE
AMRU_Ao_CTCAGAAAGGTGCAAC	AMRU_Ao	CTCAGAAAGGTGCAAC	AMRU	SRR11008278	278_CTCAGAAAGGTGCAAC	TRUE
AMRU_Ao_CTCAGAACAACGATCT	AMRU_Ao	CTCAGAACAACGATCT	AMRU	SRR11008278	278_CTCAGAACAACGATCT	TRUE
AMRU_Ao_CTCAGAACATCTCCCA	AMRU_Ao	CTCAGAACATCTCCCA	AMRU	SRR11008278	278_CTCAGAACATCTCCCA	TRUE
AMRU_Ao_CTCAGAACATCTCGCT	AMRU_Ao	CTCAGAACATCTCGCT	AMRU	SRR11008278	278_CTCAGAACATCTCGCT	TRUE
AMRU_Ao_CTCAGAAGTAAGTTCC	AMRU_Ao	CTCAGAAGTAAGTTCC	AMRU	SRR11008278	278_CTCAGAAGTAAGTTCC	TRUE
AMRU_Ao_CTCAGAAGTAGCGTCC	AMRU_Ao	CTCAGAAGTAGCGTCC	AMRU	SRR11008278	278_CTCAGAAGTAGCGTCC	TRUE
AMRU_Ao_CTCAGAAGTGAGTGAC	AMRU_Ao	CTCAGAAGTGAGTGAC	AMRU	SRR11008278	278_CTCAGAAGTGAGTGAC	TRUE
AMRU_Ao_CTCATTACAACGATCT	AMRU_Ao	CTCATTACAACGATCT	AMRU	SRR11008278	278_CTCATTACAACGATCT	TRUE
AMRU_Ao_CTCATTACAGTTCATG	AMRU_Ao	CTCATTACAGTTCATG	AMRU	SRR11008278	278_CTCATTACAGTTCATG	TRUE
AMRU_Ao_CTCATTAGTACAGACG	AMRU_Ao	CTCATTAGTACAGACG	AMRU	SRR11008278	278_CTCATTAGTACAGACG	TRUE
AMRU_Ao_CTCATTATCCGCGTTT	AMRU_Ao	CTCATTATCCGCGTTT	AMRU	SRR11008278	278_CTCATTATCCGCGTTT	TRUE
AMRU_Ao_CTCATTATCGGAAATA	AMRU_Ao	CTCATTATCGGAAATA	AMRU	SRR11008278	278_CTCATTATCGGAAATA	TRUE
AMRU_Ao_CTCCTAGCAAATACAG	AMRU_Ao	CTCCTAGCAAATACAG	AMRU	SRR11008278	278_CTCCTAGCAAATACAG	TRUE
AMRU_Ao_CTCCTAGGTCCGAACC	AMRU_Ao	CTCCTAGGTCCGAACC	AMRU	SRR11008278	278_CTCCTAGGTCCGAACC	TRUE
AMRU_Ao_CTCCTAGTCACTTCAT	AMRU_Ao	CTCCTAGTCACTTCAT	AMRU	SRR11008278	278_CTCCTAGTCACTTCAT	TRUE
AMRU_Ao_CTCCTAGTCGTTGACA	AMRU_Ao	CTCCTAGTCGTTGACA	AMRU	SRR11008278	278_CTCCTAGTCGTTGACA	TRUE
AMRU_Ao_CTCGAAACAATGTAAG	AMRU_Ao	CTCGAAACAATGTAAG	AMRU	SRR11008278	278_CTCGAAACAATGTAAG	TRUE
AMRU_Ao_CTCGAAACACAGTCGC	AMRU_Ao	CTCGAAACACAGTCGC	AMRU	SRR11008278	278_CTCGAAACACAGTCGC	TRUE
AMRU_Ao_CTCGAAATCGATCCCT	AMRU_Ao	CTCGAAATCGATCCCT	AMRU	SRR11008278	278_CTCGAAATCGATCCCT	TRUE
AMRU_Ao_CTCGAGGGTGAACCTT	AMRU_Ao	CTCGAGGGTGAACCTT	AMRU	SRR11008278	278_CTCGAGGGTGAACCTT	TRUE
AMRU_Ao_CTCGAGGGTTGGAGGT	AMRU_Ao	CTCGAGGGTTGGAGGT	AMRU	SRR11008278	278_CTCGAGGGTTGGAGGT	TRUE
AMRU_Ao_CTCGAGGTCAGTTAGC	AMRU_Ao	CTCGAGGTCAGTTAGC	AMRU	SRR11008278	278_CTCGAGGTCAGTTAGC	TRUE
AMRU_Ao_CTCGGAGAGGCAATTA	AMRU_Ao	CTCGGAGAGGCAATTA	AMRU	SRR11008278	278_CTCGGAGAGGCAATTA	TRUE
AMRU_Ao_CTCGGAGGTAGCGCTC	AMRU_Ao	CTCGGAGGTAGCGCTC	AMRU	SRR11008278	278_CTCGGAGGTAGCGCTC	TRUE
AMRU_Ao_CTCGGAGGTTTGGGCC	AMRU_Ao	CTCGGAGGTTTGGGCC	AMRU	SRR11008278	278_CTCGGAGGTTTGGGCC	TRUE
AMRU_Ao_CTCGGGATCGCGGATC	AMRU_Ao	CTCGGGATCGCGGATC	AMRU	SRR11008278	278_CTCGGGATCGCGGATC	FALSE
AMRU_Ao_CTCGTACAGGGAAACA	AMRU_Ao	CTCGTACAGGGAAACA	AMRU	SRR11008278	278_CTCGTACAGGGAAACA	TRUE
AMRU_Ao_CTCGTACCACAACGCC	AMRU_Ao	CTCGTACCACAACGCC	AMRU	SRR11008278	278_CTCGTACCACAACGCC	TRUE
AMRU_Ao_CTCGTCAGTTCGGGCT	AMRU_Ao	CTCGTCAGTTCGGGCT	AMRU	SRR11008278	278_CTCGTCAGTTCGGGCT	TRUE
AMRU_Ao_CTCGTCATCCTCTAGC	AMRU_Ao	CTCGTCATCCTCTAGC	AMRU	SRR11008278	278_CTCGTCATCCTCTAGC	TRUE
AMRU_Ao_CTCGTCATCGCTAGCG	AMRU_Ao	CTCGTCATCGCTAGCG	AMRU	SRR11008278	278_CTCGTCATCGCTAGCG	TRUE
AMRU_Ao_CTCTAATAGCAATATG	AMRU_Ao	CTCTAATAGCAATATG	AMRU	SRR11008278	278_CTCTAATAGCAATATG	TRUE
AMRU_Ao_CTCTAATAGTAGCGGT	AMRU_Ao	CTCTAATAGTAGCGGT	AMRU	SRR11008278	278_CTCTAATAGTAGCGGT	TRUE
AMRU_Ao_CTCTAATGTCCAGTAT	AMRU_Ao	CTCTAATGTCCAGTAT	AMRU	SRR11008278	278_CTCTAATGTCCAGTAT	TRUE
AMRU_Ao_CTCTACGAGACTGTAA	AMRU_Ao	CTCTACGAGACTGTAA	AMRU	SRR11008278	278_CTCTACGAGACTGTAA	TRUE
AMRU_Ao_CTCTACGCAAAGGCGT	AMRU_Ao	CTCTACGCAAAGGCGT	AMRU	SRR11008278	278_CTCTACGCAAAGGCGT	TRUE
AMRU_Ao_CTCTACGCAATGTTGC	AMRU_Ao	CTCTACGCAATGTTGC	AMRU	SRR11008278	278_CTCTACGCAATGTTGC	TRUE
AMRU_Ao_CTCTACGGTAGGCATG	AMRU_Ao	CTCTACGGTAGGCATG	AMRU	SRR11008278	278_CTCTACGGTAGGCATG	TRUE
AMRU_Ao_CTCTGGTCAGTGGGAT	AMRU_Ao	CTCTGGTCAGTGGGAT	AMRU	SRR11008278	278_CTCTGGTCAGTGGGAT	TRUE
AMRU_Ao_CTGAAACAGTCATCCA	AMRU_Ao	CTGAAACAGTCATCCA	AMRU	SRR11008278	278_CTGAAACAGTCATCCA	TRUE
AMRU_Ao_CTGAAACAGTTAACGA	AMRU_Ao	CTGAAACAGTTAACGA	AMRU	SRR11008278	278_CTGAAACAGTTAACGA	TRUE
AMRU_Ao_CTGAAACCACGAAGCA	AMRU_Ao	CTGAAACCACGAAGCA	AMRU	SRR11008278	278_CTGAAACCACGAAGCA	TRUE
AMRU_Ao_CTGAAACCAGCTGTGC	AMRU_Ao	CTGAAACCAGCTGTGC	AMRU	SRR11008278	278_CTGAAACCAGCTGTGC	TRUE
AMRU_Ao_CTGAAACCAGTCGATT	AMRU_Ao	CTGAAACCAGTCGATT	AMRU	SRR11008278	278_CTGAAACCAGTCGATT	TRUE
AMRU_Ao_CTGAAACGTCAGATAA	AMRU_Ao	CTGAAACGTCAGATAA	AMRU	SRR11008278	278_CTGAAACGTCAGATAA	TRUE
AMRU_Ao_CTGAAACTCGGGAGTA	AMRU_Ao	CTGAAACTCGGGAGTA	AMRU	SRR11008278	278_CTGAAACTCGGGAGTA	TRUE
AMRU_Ao_CTGAAGTCACACCGAC	AMRU_Ao	CTGAAGTCACACCGAC	AMRU	SRR11008278	278_CTGAAGTCACACCGAC	TRUE
AMRU_Ao_CTGAAGTCACAGCCCA	AMRU_Ao	CTGAAGTCACAGCCCA	AMRU	SRR11008278	278_CTGAAGTCACAGCCCA	TRUE
AMRU_Ao_CTGAAGTTCACTGGGC	AMRU_Ao	CTGAAGTTCACTGGGC	AMRU	SRR11008278	278_CTGAAGTTCACTGGGC	TRUE
AMRU_Ao_CTGATAGAGATATGCA	AMRU_Ao	CTGATAGAGATATGCA	AMRU	SRR11008278	278_CTGATAGAGATATGCA	TRUE
AMRU_Ao_CTGATAGAGCTCCTTC	AMRU_Ao	CTGATAGAGCTCCTTC	AMRU	SRR11008278	278_CTGATAGAGCTCCTTC	TRUE
AMRU_Ao_CTGATAGGTACGCACC	AMRU_Ao	CTGATAGGTACGCACC	AMRU	SRR11008278	278_CTGATAGGTACGCACC	TRUE
AMRU_Ao_CTGATAGGTATTCGTG	AMRU_Ao	CTGATAGGTATTCGTG	AMRU	SRR11008278	278_CTGATAGGTATTCGTG	TRUE
AMRU_Ao_CTGATCCGTAACGACG	AMRU_Ao	CTGATCCGTAACGACG	AMRU	SRR11008278	278_CTGATCCGTAACGACG	TRUE
AMRU_Ao_CTGATCCGTACGCTGC	AMRU_Ao	CTGATCCGTACGCTGC	AMRU	SRR11008278	278_CTGATCCGTACGCTGC	TRUE
AMRU_Ao_CTGATCCGTTGAACTC	AMRU_Ao	CTGATCCGTTGAACTC	AMRU	SRR11008278	278_CTGATCCGTTGAACTC	TRUE
AMRU_Ao_CTGATCCTCTGCTGTC	AMRU_Ao	CTGATCCTCTGCTGTC	AMRU	SRR11008278	278_CTGATCCTCTGCTGTC	TRUE
AMRU_Ao_CTGCCTAAGCACCGCT	AMRU_Ao	CTGCCTAAGCACCGCT	AMRU	SRR11008278	278_CTGCCTAAGCACCGCT	TRUE
AMRU_Ao_CTGCCTAAGCTGCAAG	AMRU_Ao	CTGCCTAAGCTGCAAG	AMRU	SRR11008278	278_CTGCCTAAGCTGCAAG	TRUE
AMRU_Ao_CTGCCTACAGGCTGAA	AMRU_Ao	CTGCCTACAGGCTGAA	AMRU	SRR11008278	278_CTGCCTACAGGCTGAA	TRUE
AMRU_Ao_CTGCGGAAGAATTCCC	AMRU_Ao	CTGCGGAAGAATTCCC	AMRU	SRR11008278	278_CTGCGGAAGAATTCCC	TRUE
AMRU_Ao_CTGCTGTGTATAGGGC	AMRU_Ao	CTGCTGTGTATAGGGC	AMRU	SRR11008278	278_CTGCTGTGTATAGGGC	TRUE
AMRU_Ao_CTGCTGTGTATGGTTC	AMRU_Ao	CTGCTGTGTATGGTTC	AMRU	SRR11008278	278_CTGCTGTGTATGGTTC	TRUE
AMRU_Ao_CTGCTGTTCGTGGACC	AMRU_Ao	CTGCTGTTCGTGGACC	AMRU	SRR11008278	278_CTGCTGTTCGTGGACC	TRUE
AMRU_Ao_CTGGTCTCACCCTATC	AMRU_Ao	CTGGTCTCACCCTATC	AMRU	SRR11008278	278_CTGGTCTCACCCTATC	TRUE
AMRU_Ao_CTGGTCTGTCGTCTTC	AMRU_Ao	CTGGTCTGTCGTCTTC	AMRU	SRR11008278	278_CTGGTCTGTCGTCTTC	TRUE
AMRU_Ao_CTGTGCTAGGCACATG	AMRU_Ao	CTGTGCTAGGCACATG	AMRU	SRR11008278	278_CTGTGCTAGGCACATG	TRUE
AMRU_Ao_CTGTGCTAGTTAAGTG	AMRU_Ao	CTGTGCTAGTTAAGTG	AMRU	SRR11008278	278_CTGTGCTAGTTAAGTG	TRUE
AMRU_Ao_CTGTGCTGTGGCAAAC	AMRU_Ao	CTGTGCTGTGGCAAAC	AMRU	SRR11008278	278_CTGTGCTGTGGCAAAC	TRUE
AMRU_Ao_CTGTGCTTCGGAGCAA	AMRU_Ao	CTGTGCTTCGGAGCAA	AMRU	SRR11008278	278_CTGTGCTTCGGAGCAA	TRUE
AMRU_Ao_CTGTTTAAGTCTCGGC	AMRU_Ao	CTGTTTAAGTCTCGGC	AMRU	SRR11008278	278_CTGTTTAAGTCTCGGC	TRUE
AMRU_Ao_CTGTTTACAGCTCCGA	AMRU_Ao	CTGTTTACAGCTCCGA	AMRU	SRR11008278	278_CTGTTTACAGCTCCGA	TRUE
AMRU_Ao_CTGTTTAGTATGAAAC	AMRU_Ao	CTGTTTAGTATGAAAC	AMRU	SRR11008278	278_CTGTTTAGTATGAAAC	TRUE
AMRU_Ao_CTGTTTAGTCTAGAGG	AMRU_Ao	CTGTTTAGTCTAGAGG	AMRU	SRR11008278	278_CTGTTTAGTCTAGAGG	TRUE
AMRU_Ao_CTGTTTAGTGCCTTGG	AMRU_Ao	CTGTTTAGTGCCTTGG	AMRU	SRR11008278	278_CTGTTTAGTGCCTTGG	TRUE
AMRU_Ao_CTGTTTATCCGGGTGT	AMRU_Ao	CTGTTTATCCGGGTGT	AMRU	SRR11008278	278_CTGTTTATCCGGGTGT	TRUE
AMRU_Ao_CTGTTTATCTGCAGTA	AMRU_Ao	CTGTTTATCTGCAGTA	AMRU	SRR11008278	278_CTGTTTATCTGCAGTA	TRUE
AMRU_Ao_CTTAACTAGAGCTGGT	AMRU_Ao	CTTAACTAGAGCTGGT	AMRU	SRR11008278	278_CTTAACTAGAGCTGGT	TRUE
AMRU_Ao_CTTAACTTCACATGCA	AMRU_Ao	CTTAACTTCACATGCA	AMRU	SRR11008278	278_CTTAACTTCACATGCA	TRUE
AMRU_Ao_CTTAACTTCTACTATC	AMRU_Ao	CTTAACTTCTACTATC	AMRU	SRR11008278	278_CTTAACTTCTACTATC	TRUE
AMRU_Ao_CTTACCGAGCCGCCTA	AMRU_Ao	CTTACCGAGCCGCCTA	AMRU	SRR11008278	278_CTTACCGAGCCGCCTA	TRUE
AMRU_Ao_CTTACCGCACTCAGGC	AMRU_Ao	CTTACCGCACTCAGGC	AMRU	SRR11008278	278_CTTACCGCACTCAGGC	TRUE
AMRU_Ao_CTTACCGTCACAATGC	AMRU_Ao	CTTACCGTCACAATGC	AMRU	SRR11008278	278_CTTACCGTCACAATGC	TRUE
AMRU_Ao_CTTACCGTCCCTGACT	AMRU_Ao	CTTACCGTCCCTGACT	AMRU	SRR11008278	278_CTTACCGTCCCTGACT	TRUE
AMRU_Ao_CTTAGGATCTTCTGGC	AMRU_Ao	CTTAGGATCTTCTGGC	AMRU	SRR11008278	278_CTTAGGATCTTCTGGC	TRUE
AMRU_Ao_CTTCTCTGTAGAGCTG	AMRU_Ao	CTTCTCTGTAGAGCTG	AMRU	SRR11008278	278_CTTCTCTGTAGAGCTG	TRUE
AMRU_Ao_CTTCTCTGTGTCAATC	AMRU_Ao	CTTCTCTGTGTCAATC	AMRU	SRR11008278	278_CTTCTCTGTGTCAATC	TRUE
AMRU_Ao_CTTGGCTAGACGACGT	AMRU_Ao	CTTGGCTAGACGACGT	AMRU	SRR11008278	278_CTTGGCTAGACGACGT	TRUE
AMRU_Ao_CTTGGCTAGTCCATAC	AMRU_Ao	CTTGGCTAGTCCATAC	AMRU	SRR11008278	278_CTTGGCTAGTCCATAC	TRUE
AMRU_Ao_CTTGGCTCAACTGCGC	AMRU_Ao	CTTGGCTCAACTGCGC	AMRU	SRR11008278	278_CTTGGCTCAACTGCGC	TRUE
AMRU_Ao_CTTGGCTGTAGTACCT	AMRU_Ao	CTTGGCTGTAGTACCT	AMRU	SRR11008278	278_CTTGGCTGTAGTACCT	TRUE
AMRU_Ao_CTTGGCTGTCGAATCT	AMRU_Ao	CTTGGCTGTCGAATCT	AMRU	SRR11008278	278_CTTGGCTGTCGAATCT	TRUE
AMRU_Ao_CTTGGCTGTCGACTAT	AMRU_Ao	CTTGGCTGTCGACTAT	AMRU	SRR11008278	278_CTTGGCTGTCGACTAT	TRUE
AMRU_Ao_CTTGGCTGTTAAAGAC	AMRU_Ao	CTTGGCTGTTAAAGAC	AMRU	SRR11008278	278_CTTGGCTGTTAAAGAC	TRUE
AMRU_Ao_CTTGGCTTCAGTTTGG	AMRU_Ao	CTTGGCTTCAGTTTGG	AMRU	SRR11008278	278_CTTGGCTTCAGTTTGG	TRUE
AMRU_Ao_CTTGGCTTCCGTTGTC	AMRU_Ao	CTTGGCTTCCGTTGTC	AMRU	SRR11008278	278_CTTGGCTTCCGTTGTC	TRUE
AMRU_Ao_CTTTGCGAGTGTCCAT	AMRU_Ao	CTTTGCGAGTGTCCAT	AMRU	SRR11008278	278_CTTTGCGAGTGTCCAT	TRUE
AMRU_Ao_CTTTGCGCAGTGACAG	AMRU_Ao	CTTTGCGCAGTGACAG	AMRU	SRR11008278	278_CTTTGCGCAGTGACAG	TRUE
AMRU_Ao_CTTTGCGGTAATTGGA	AMRU_Ao	CTTTGCGGTAATTGGA	AMRU	SRR11008278	278_CTTTGCGGTAATTGGA	TRUE
AMRU_Ao_CTTTGCGTCTCTGCTG	AMRU_Ao	CTTTGCGTCTCTGCTG	AMRU	SRR11008278	278_CTTTGCGTCTCTGCTG	TRUE
AMRU_Ao_GAAACTCAGAGGTAGA	AMRU_Ao	GAAACTCAGAGGTAGA	AMRU	SRR11008278	278_GAAACTCAGAGGTAGA	TRUE
AMRU_Ao_GAAACTCAGTACGATA	AMRU_Ao	GAAACTCAGTACGATA	AMRU	SRR11008278	278_GAAACTCAGTACGATA	TRUE
AMRU_Ao_GAAACTCAGTGTCCAT	AMRU_Ao	GAAACTCAGTGTCCAT	AMRU	SRR11008278	278_GAAACTCAGTGTCCAT	TRUE
AMRU_Ao_GAAACTCCACACATGT	AMRU_Ao	GAAACTCCACACATGT	AMRU	SRR11008278	278_GAAACTCCACACATGT	TRUE
AMRU_Ao_GAAACTCGTCGCGGTT	AMRU_Ao	GAAACTCGTCGCGGTT	AMRU	SRR11008278	278_GAAACTCGTCGCGGTT	TRUE
AMRU_Ao_GAAACTCGTTAAGATG	AMRU_Ao	GAAACTCGTTAAGATG	AMRU	SRR11008278	278_GAAACTCGTTAAGATG	TRUE
AMRU_Ao_GAAATGACACAGGTTT	AMRU_Ao	GAAATGACACAGGTTT	AMRU	SRR11008278	278_GAAATGACACAGGTTT	TRUE
AMRU_Ao_GAAATGACAGATTGCT	AMRU_Ao	GAAATGACAGATTGCT	AMRU	SRR11008278	278_GAAATGACAGATTGCT	TRUE
AMRU_Ao_GAAATGAGTACAGCAG	AMRU_Ao	GAAATGAGTACAGCAG	AMRU	SRR11008278	278_GAAATGAGTACAGCAG	TRUE
AMRU_Ao_GAAATGATCGTGACAT	AMRU_Ao	GAAATGATCGTGACAT	AMRU	SRR11008278	278_GAAATGATCGTGACAT	TRUE
AMRU_Ao_GAACATCAGAAGGGTA	AMRU_Ao	GAACATCAGAAGGGTA	AMRU	SRR11008278	278_GAACATCAGAAGGGTA	TRUE
AMRU_Ao_GAACATCAGGATCGCA	AMRU_Ao	GAACATCAGGATCGCA	AMRU	SRR11008278	278_GAACATCAGGATCGCA	TRUE
AMRU_Ao_GAACATCCAGTATGCT	AMRU_Ao	GAACATCCAGTATGCT	AMRU	SRR11008278	278_GAACATCCAGTATGCT	TRUE
AMRU_Ao_GAACATCGTCCCTTGT	AMRU_Ao	GAACATCGTCCCTTGT	AMRU	SRR11008278	278_GAACATCGTCCCTTGT	TRUE
AMRU_Ao_GAACATCTCGCCAAAT	AMRU_Ao	GAACATCTCGCCAAAT	AMRU	SRR11008278	278_GAACATCTCGCCAAAT	TRUE
AMRU_Ao_GAACCTAAGCCTATGT	AMRU_Ao	GAACCTAAGCCTATGT	AMRU	SRR11008278	278_GAACCTAAGCCTATGT	TRUE
AMRU_Ao_GAACCTACAAAGAATC	AMRU_Ao	GAACCTACAAAGAATC	AMRU	SRR11008278	278_GAACCTACAAAGAATC	TRUE
AMRU_Ao_GAACCTACAAGTCTGT	AMRU_Ao	GAACCTACAAGTCTGT	AMRU	SRR11008278	278_GAACCTACAAGTCTGT	TRUE
AMRU_Ao_GAACCTACATGCTAGT	AMRU_Ao	GAACCTACATGCTAGT	AMRU	SRR11008278	278_GAACCTACATGCTAGT	TRUE
AMRU_Ao_GAACGGAAGTTCGATC	AMRU_Ao	GAACGGAAGTTCGATC	AMRU	SRR11008278	278_GAACGGAAGTTCGATC	FALSE
AMRU_Ao_GAACGGACAAGCCCAC	AMRU_Ao	GAACGGACAAGCCCAC	AMRU	SRR11008278	278_GAACGGACAAGCCCAC	TRUE
AMRU_Ao_GAACGGACAAGGTTCT	AMRU_Ao	GAACGGACAAGGTTCT	AMRU	SRR11008278	278_GAACGGACAAGGTTCT	TRUE
AMRU_Ao_GAACGGACACAGGTTT	AMRU_Ao	GAACGGACACAGGTTT	AMRU	SRR11008278	278_GAACGGACACAGGTTT	TRUE
AMRU_Ao_GAACGGAGTGAGTGAC	AMRU_Ao	GAACGGAGTGAGTGAC	AMRU	SRR11008278	278_GAACGGAGTGAGTGAC	TRUE
AMRU_Ao_GAAGCAGAGACTCGGA	AMRU_Ao	GAAGCAGAGACTCGGA	AMRU	SRR11008278	278_GAAGCAGAGACTCGGA	TRUE
AMRU_Ao_GAAGCAGAGGCGTACA	AMRU_Ao	GAAGCAGAGGCGTACA	AMRU	SRR11008278	278_GAAGCAGAGGCGTACA	TRUE
AMRU_Ao_GAAGCAGAGTGGTAGC	AMRU_Ao	GAAGCAGAGTGGTAGC	AMRU	SRR11008278	278_GAAGCAGAGTGGTAGC	TRUE
AMRU_Ao_GAAGCAGCACTGTTAG	AMRU_Ao	GAAGCAGCACTGTTAG	AMRU	SRR11008278	278_GAAGCAGCACTGTTAG	TRUE
AMRU_Ao_GAAGCAGCAGTCACTA	AMRU_Ao	GAAGCAGCAGTCACTA	AMRU	SRR11008278	278_GAAGCAGCAGTCACTA	TRUE
AMRU_Ao_GAAGCAGTCAGCTCTC	AMRU_Ao	GAAGCAGTCAGCTCTC	AMRU	SRR11008278	278_GAAGCAGTCAGCTCTC	TRUE
AMRU_Ao_GAAGCAGTCTTGACGA	AMRU_Ao	GAAGCAGTCTTGACGA	AMRU	SRR11008278	278_GAAGCAGTCTTGACGA	TRUE
AMRU_Ao_GAATAAGGTACTCAAC	AMRU_Ao	GAATAAGGTACTCAAC	AMRU	SRR11008278	278_GAATAAGGTACTCAAC	TRUE
AMRU_Ao_GAATAAGGTAGCAAAT	AMRU_Ao	GAATAAGGTAGCAAAT	AMRU	SRR11008278	278_GAATAAGGTAGCAAAT	TRUE
AMRU_Ao_GAATGAAAGCTCCTCT	AMRU_Ao	GAATGAAAGCTCCTCT	AMRU	SRR11008278	278_GAATGAAAGCTCCTCT	TRUE
AMRU_Ao_GAATGAAAGTGGTAAT	AMRU_Ao	GAATGAAAGTGGTAAT	AMRU	SRR11008278	278_GAATGAAAGTGGTAAT	TRUE
AMRU_Ao_GAATGAACACGGATAG	AMRU_Ao	GAATGAACACGGATAG	AMRU	SRR11008278	278_GAATGAACACGGATAG	TRUE
AMRU_Ao_GAATGAACATCCAACA	AMRU_Ao	GAATGAACATCCAACA	AMRU	SRR11008278	278_GAATGAACATCCAACA	TRUE
AMRU_Ao_GAATGAATCACAACGT	AMRU_Ao	GAATGAATCACAACGT	AMRU	SRR11008278	278_GAATGAATCACAACGT	TRUE
AMRU_Ao_GACACGCAGGCGATAC	AMRU_Ao	GACACGCAGGCGATAC	AMRU	SRR11008278	278_GACACGCAGGCGATAC	TRUE
AMRU_Ao_GACACGCCATGCCCGA	AMRU_Ao	GACACGCCATGCCCGA	AMRU	SRR11008278	278_GACACGCCATGCCCGA	TRUE
AMRU_Ao_GACACGCCATTACCTT	AMRU_Ao	GACACGCCATTACCTT	AMRU	SRR11008278	278_GACACGCCATTACCTT	TRUE
AMRU_Ao_GACACGCGTTACAGAA	AMRU_Ao	GACACGCGTTACAGAA	AMRU	SRR11008278	278_GACACGCGTTACAGAA	TRUE
AMRU_Ao_GACACGCTCGCCTGAG	AMRU_Ao	GACACGCTCGCCTGAG	AMRU	SRR11008278	278_GACACGCTCGCCTGAG	TRUE
AMRU_Ao_GACAGAGTCGTACCGG	AMRU_Ao	GACAGAGTCGTACCGG	AMRU	SRR11008278	278_GACAGAGTCGTACCGG	TRUE
AMRU_Ao_GACCAATCACGAAACG	AMRU_Ao	GACCAATCACGAAACG	AMRU	SRR11008278	278_GACCAATCACGAAACG	TRUE
AMRU_Ao_GACCAATCATGTAAGA	AMRU_Ao	GACCAATCATGTAAGA	AMRU	SRR11008278	278_GACCAATCATGTAAGA	TRUE
AMRU_Ao_GACCAATGTAGCGTAG	AMRU_Ao	GACCAATGTAGCGTAG	AMRU	SRR11008278	278_GACCAATGTAGCGTAG	TRUE
AMRU_Ao_GACCTGGAGACAAGCC	AMRU_Ao	GACCTGGAGACAAGCC	AMRU	SRR11008278	278_GACCTGGAGACAAGCC	TRUE
AMRU_Ao_GACCTGGAGACATAAC	AMRU_Ao	GACCTGGAGACATAAC	AMRU	SRR11008278	278_GACCTGGAGACATAAC	TRUE
AMRU_Ao_GACCTGGAGCGACGTA	AMRU_Ao	GACCTGGAGCGACGTA	AMRU	SRR11008278	278_GACCTGGAGCGACGTA	TRUE
AMRU_Ao_GACCTGGAGTGGTAAT	AMRU_Ao	GACCTGGAGTGGTAAT	AMRU	SRR11008278	278_GACCTGGAGTGGTAAT	TRUE
AMRU_Ao_GACCTGGGTATAAACG	AMRU_Ao	GACCTGGGTATAAACG	AMRU	SRR11008278	278_GACCTGGGTATAAACG	TRUE
AMRU_Ao_GACCTGGGTTGCCTCT	AMRU_Ao	GACCTGGGTTGCCTCT	AMRU	SRR11008278	278_GACCTGGGTTGCCTCT	TRUE
AMRU_Ao_GACGCGTGTCGGATCC	AMRU_Ao	GACGCGTGTCGGATCC	AMRU	SRR11008278	278_GACGCGTGTCGGATCC	TRUE
AMRU_Ao_GACGCGTGTGAAAGAG	AMRU_Ao	GACGCGTGTGAAAGAG	AMRU	SRR11008278	278_GACGCGTGTGAAAGAG	TRUE
AMRU_Ao_GACGCGTGTGATAAGT	AMRU_Ao	GACGCGTGTGATAAGT	AMRU	SRR11008278	278_GACGCGTGTGATAAGT	TRUE
AMRU_Ao_GACGCGTTCATCTGTT	AMRU_Ao	GACGCGTTCATCTGTT	AMRU	SRR11008278	278_GACGCGTTCATCTGTT	TRUE
AMRU_Ao_GACGGCTAGGGATGGG	AMRU_Ao	GACGGCTAGGGATGGG	AMRU	SRR11008278	278_GACGGCTAGGGATGGG	TRUE
AMRU_Ao_GACGGCTAGGTCGGAT	AMRU_Ao	GACGGCTAGGTCGGAT	AMRU	SRR11008278	278_GACGGCTAGGTCGGAT	TRUE
AMRU_Ao_GACGGCTAGTGGACGT	AMRU_Ao	GACGGCTAGTGGACGT	AMRU	SRR11008278	278_GACGGCTAGTGGACGT	TRUE
AMRU_Ao_GACGGCTCACATCTTT	AMRU_Ao	GACGGCTCACATCTTT	AMRU	SRR11008278	278_GACGGCTCACATCTTT	TRUE
AMRU_Ao_GACGGCTTCCGCAAGC	AMRU_Ao	GACGGCTTCCGCAAGC	AMRU	SRR11008278	278_GACGGCTTCCGCAAGC	TRUE
AMRU_Ao_GACGGCTTCTGGTATG	AMRU_Ao	GACGGCTTCTGGTATG	AMRU	SRR11008278	278_GACGGCTTCTGGTATG	TRUE
AMRU_Ao_GACGTGCAGTGAAGTT	AMRU_Ao	GACGTGCAGTGAAGTT	AMRU	SRR11008278	278_GACGTGCAGTGAAGTT	TRUE
AMRU_Ao_GACGTGCCATTGTGCA	AMRU_Ao	GACGTGCCATTGTGCA	AMRU	SRR11008278	278_GACGTGCCATTGTGCA	TRUE
AMRU_Ao_GACGTGCGTACACCGC	AMRU_Ao	GACGTGCGTACACCGC	AMRU	SRR11008278	278_GACGTGCGTACACCGC	TRUE
AMRU_Ao_GACGTGCTCAGAGGTG	AMRU_Ao	GACGTGCTCAGAGGTG	AMRU	SRR11008278	278_GACGTGCTCAGAGGTG	TRUE
AMRU_Ao_GACGTTACAAGGTTTC	AMRU_Ao	GACGTTACAAGGTTTC	AMRU	SRR11008278	278_GACGTTACAAGGTTTC	TRUE
AMRU_Ao_GACGTTACAATGGATA	AMRU_Ao	GACGTTACAATGGATA	AMRU	SRR11008278	278_GACGTTACAATGGATA	TRUE
AMRU_Ao_GACGTTATCACCCTCA	AMRU_Ao	GACGTTATCACCCTCA	AMRU	SRR11008278	278_GACGTTATCACCCTCA	TRUE
AMRU_Ao_GACGTTATCCTGCTTG	AMRU_Ao	GACGTTATCCTGCTTG	AMRU	SRR11008278	278_GACGTTATCCTGCTTG	TRUE
AMRU_Ao_GACGTTATCTGAGGGA	AMRU_Ao	GACGTTATCTGAGGGA	AMRU	SRR11008278	278_GACGTTATCTGAGGGA	TRUE
AMRU_Ao_GACGTTATCTGCCAGG	AMRU_Ao	GACGTTATCTGCCAGG	AMRU	SRR11008278	278_GACGTTATCTGCCAGG	TRUE
AMRU_Ao_GACTAACAGGCAGGTT	AMRU_Ao	GACTAACAGGCAGGTT	AMRU	SRR11008278	278_GACTAACAGGCAGGTT	TRUE
AMRU_Ao_GACTAACAGGCTAGCA	AMRU_Ao	GACTAACAGGCTAGCA	AMRU	SRR11008278	278_GACTAACAGGCTAGCA	TRUE
AMRU_Ao_GACTAACCACGAAACG	AMRU_Ao	GACTAACCACGAAACG	AMRU	SRR11008278	278_GACTAACCACGAAACG	TRUE
AMRU_Ao_GACTACAAGAAACGAG	AMRU_Ao	GACTACAAGAAACGAG	AMRU	SRR11008278	278_GACTACAAGAAACGAG	TRUE
AMRU_Ao_GACTACAAGATTACCC	AMRU_Ao	GACTACAAGATTACCC	AMRU	SRR11008278	278_GACTACAAGATTACCC	TRUE
AMRU_Ao_GACTACATCAGGCAAG	AMRU_Ao	GACTACATCAGGCAAG	AMRU	SRR11008278	278_GACTACATCAGGCAAG	TRUE
AMRU_Ao_GACTACATCCCAAGAT	AMRU_Ao	GACTACATCCCAAGAT	AMRU	SRR11008278	278_GACTACATCCCAAGAT	TRUE
AMRU_Ao_GACTGCGAGCATGGCA	AMRU_Ao	GACTGCGAGCATGGCA	AMRU	SRR11008278	278_GACTGCGAGCATGGCA	TRUE
AMRU_Ao_GACTGCGGTGCACCAC	AMRU_Ao	GACTGCGGTGCACCAC	AMRU	SRR11008278	278_GACTGCGGTGCACCAC	TRUE
AMRU_Ao_GACTGCGTCCTGCCAT	AMRU_Ao	GACTGCGTCCTGCCAT	AMRU	SRR11008278	278_GACTGCGTCCTGCCAT	TRUE
AMRU_Ao_GAGCAGAAGAAGAAGC	AMRU_Ao	GAGCAGAAGAAGAAGC	AMRU	SRR11008278	278_GAGCAGAAGAAGAAGC	TRUE
AMRU_Ao_GAGCAGAAGTATTGGA	AMRU_Ao	GAGCAGAAGTATTGGA	AMRU	SRR11008278	278_GAGCAGAAGTATTGGA	TRUE
AMRU_Ao_GAGCAGACAAGGACTG	AMRU_Ao	GAGCAGACAAGGACTG	AMRU	SRR11008278	278_GAGCAGACAAGGACTG	TRUE
AMRU_Ao_GAGCAGACAATGGACG	AMRU_Ao	GAGCAGACAATGGACG	AMRU	SRR11008278	278_GAGCAGACAATGGACG	TRUE
AMRU_Ao_GAGCAGATCAGAGCTT	AMRU_Ao	GAGCAGATCAGAGCTT	AMRU	SRR11008278	278_GAGCAGATCAGAGCTT	TRUE
AMRU_Ao_GAGCAGATCGGTCCGA	AMRU_Ao	GAGCAGATCGGTCCGA	AMRU	SRR11008278	278_GAGCAGATCGGTCCGA	TRUE
AMRU_Ao_GAGGTGAAGAGTAAGG	AMRU_Ao	GAGGTGAAGAGTAAGG	AMRU	SRR11008278	278_GAGGTGAAGAGTAAGG	TRUE
AMRU_Ao_GAGGTGAAGTGAACAT	AMRU_Ao	GAGGTGAAGTGAACAT	AMRU	SRR11008278	278_GAGGTGAAGTGAACAT	TRUE
AMRU_Ao_GAGGTGACACTAAGTC	AMRU_Ao	GAGGTGACACTAAGTC	AMRU	SRR11008278	278_GAGGTGACACTAAGTC	TRUE
AMRU_Ao_GAGGTGACAGACAGGT	AMRU_Ao	GAGGTGACAGACAGGT	AMRU	SRR11008278	278_GAGGTGACAGACAGGT	TRUE
AMRU_Ao_GAGGTGAGTAGCGCAA	AMRU_Ao	GAGGTGAGTAGCGCAA	AMRU	SRR11008278	278_GAGGTGAGTAGCGCAA	TRUE
AMRU_Ao_GAGGTGAGTCACCTAA	AMRU_Ao	GAGGTGAGTCACCTAA	AMRU	SRR11008278	278_GAGGTGAGTCACCTAA	TRUE
AMRU_Ao_GAGTCCGAGGTTACCT	AMRU_Ao	GAGTCCGAGGTTACCT	AMRU	SRR11008278	278_GAGTCCGAGGTTACCT	TRUE
AMRU_Ao_GAGTCCGCAGCGTAAG	AMRU_Ao	GAGTCCGCAGCGTAAG	AMRU	SRR11008278	278_GAGTCCGCAGCGTAAG	TRUE
AMRU_Ao_GAGTCCGGTTCGGGCT	AMRU_Ao	GAGTCCGGTTCGGGCT	AMRU	SRR11008278	278_GAGTCCGGTTCGGGCT	TRUE
AMRU_Ao_GATCAGTAGCATCATC	AMRU_Ao	GATCAGTAGCATCATC	AMRU	SRR11008278	278_GATCAGTAGCATCATC	TRUE
AMRU_Ao_GATCAGTGTTAGGGTG	AMRU_Ao	GATCAGTGTTAGGGTG	AMRU	SRR11008278	278_GATCAGTGTTAGGGTG	TRUE
AMRU_Ao_GATCGATGTAGGACAC	AMRU_Ao	GATCGATGTAGGACAC	AMRU	SRR11008278	278_GATCGATGTAGGACAC	TRUE
AMRU_Ao_GATCGCGGTTAAAGAC	AMRU_Ao	GATCGCGGTTAAAGAC	AMRU	SRR11008278	278_GATCGCGGTTAAAGAC	TRUE
AMRU_Ao_GATCGCGTCCCGGATG	AMRU_Ao	GATCGCGTCCCGGATG	AMRU	SRR11008278	278_GATCGCGTCCCGGATG	TRUE
AMRU_Ao_GATCGTAAGTCATGCT	AMRU_Ao	GATCGTAAGTCATGCT	AMRU	SRR11008278	278_GATCGTAAGTCATGCT	TRUE
AMRU_Ao_GATCGTACAAACCTAC	AMRU_Ao	GATCGTACAAACCTAC	AMRU	SRR11008278	278_GATCGTACAAACCTAC	TRUE
AMRU_Ao_GATCGTACAGGTCTCG	AMRU_Ao	GATCGTACAGGTCTCG	AMRU	SRR11008278	278_GATCGTACAGGTCTCG	TRUE
AMRU_Ao_GATCGTAGTGAGGCTA	AMRU_Ao	GATCGTAGTGAGGCTA	AMRU	SRR11008278	278_GATCGTAGTGAGGCTA	TRUE
AMRU_Ao_GATCTAGCAAGTAATG	AMRU_Ao	GATCTAGCAAGTAATG	AMRU	SRR11008278	278_GATCTAGCAAGTAATG	TRUE
AMRU_Ao_GATCTAGCAGTCGTGC	AMRU_Ao	GATCTAGCAGTCGTGC	AMRU	SRR11008278	278_GATCTAGCAGTCGTGC	TRUE
AMRU_Ao_GATCTAGTCAAACGGG	AMRU_Ao	GATCTAGTCAAACGGG	AMRU	SRR11008278	278_GATCTAGTCAAACGGG	TRUE
AMRU_Ao_GATCTAGTCTACCAGA	AMRU_Ao	GATCTAGTCTACCAGA	AMRU	SRR11008278	278_GATCTAGTCTACCAGA	TRUE
AMRU_Ao_GATGAAACAATCTGCA	AMRU_Ao	GATGAAACAATCTGCA	AMRU	SRR11008278	278_GATGAAACAATCTGCA	TRUE
AMRU_Ao_GATGAAACAGACGTAG	AMRU_Ao	GATGAAACAGACGTAG	AMRU	SRR11008278	278_GATGAAACAGACGTAG	TRUE
AMRU_Ao_GATGAAAGTAAAGGAG	AMRU_Ao	GATGAAAGTAAAGGAG	AMRU	SRR11008278	278_GATGAAAGTAAAGGAG	TRUE
AMRU_Ao_GATGAAAGTGAGTGAC	AMRU_Ao	GATGAAAGTGAGTGAC	AMRU	SRR11008278	278_GATGAAAGTGAGTGAC	TRUE
AMRU_Ao_GATGAAAGTTCGGGCT	AMRU_Ao	GATGAAAGTTCGGGCT	AMRU	SRR11008278	278_GATGAAAGTTCGGGCT	TRUE
AMRU_Ao_GATGAAATCACTTACT	AMRU_Ao	GATGAAATCACTTACT	AMRU	SRR11008278	278_GATGAAATCACTTACT	TRUE
AMRU_Ao_GATGAAATCGTCTGCT	AMRU_Ao	GATGAAATCGTCTGCT	AMRU	SRR11008278	278_GATGAAATCGTCTGCT	TRUE
AMRU_Ao_GATGAAATCTATCCCG	AMRU_Ao	GATGAAATCTATCCCG	AMRU	SRR11008278	278_GATGAAATCTATCCCG	TRUE
AMRU_Ao_GATGAGGCAGACAAAT	AMRU_Ao	GATGAGGCAGACAAAT	AMRU	SRR11008278	278_GATGAGGCAGACAAAT	TRUE
AMRU_Ao_GATGAGGCATATGCTG	AMRU_Ao	GATGAGGCATATGCTG	AMRU	SRR11008278	278_GATGAGGCATATGCTG	TRUE
AMRU_Ao_GATGAGGGTTAGTGGG	AMRU_Ao	GATGAGGGTTAGTGGG	AMRU	SRR11008278	278_GATGAGGGTTAGTGGG	TRUE
AMRU_Ao_GATGCTAAGTACGACG	AMRU_Ao	GATGCTAAGTACGACG	AMRU	SRR11008278	278_GATGCTAAGTACGACG	TRUE
AMRU_Ao_GATGCTACAAGAAAGG	AMRU_Ao	GATGCTACAAGAAAGG	AMRU	SRR11008278	278_GATGCTACAAGAAAGG	TRUE
AMRU_Ao_GATGCTACACGAGAGT	AMRU_Ao	GATGCTACACGAGAGT	AMRU	SRR11008278	278_GATGCTACACGAGAGT	TRUE
AMRU_Ao_GATGCTAGTACAGTTC	AMRU_Ao	GATGCTAGTACAGTTC	AMRU	SRR11008278	278_GATGCTAGTACAGTTC	TRUE
AMRU_Ao_GATGCTATCACATGCA	AMRU_Ao	GATGCTATCACATGCA	AMRU	SRR11008278	278_GATGCTATCACATGCA	TRUE
AMRU_Ao_GATTCAGAGTATTGGA	AMRU_Ao	GATTCAGAGTATTGGA	AMRU	SRR11008278	278_GATTCAGAGTATTGGA	TRUE
AMRU_Ao_GCAAACTAGCGTAGTG	AMRU_Ao	GCAAACTAGCGTAGTG	AMRU	SRR11008278	278_GCAAACTAGCGTAGTG	TRUE
AMRU_Ao_GCAAACTCAGTAACGG	AMRU_Ao	GCAAACTCAGTAACGG	AMRU	SRR11008278	278_GCAAACTCAGTAACGG	TRUE
AMRU_Ao_GCAAACTCATGCGCAC	AMRU_Ao	GCAAACTCATGCGCAC	AMRU	SRR11008278	278_GCAAACTCATGCGCAC	TRUE
AMRU_Ao_GCAAACTTCATAGCAC	AMRU_Ao	GCAAACTTCATAGCAC	AMRU	SRR11008278	278_GCAAACTTCATAGCAC	TRUE
AMRU_Ao_GCAAACTTCGAGGTAG	AMRU_Ao	GCAAACTTCGAGGTAG	AMRU	SRR11008278	278_GCAAACTTCGAGGTAG	TRUE
AMRU_Ao_GCAAACTTCGTGGACC	AMRU_Ao	GCAAACTTCGTGGACC	AMRU	SRR11008278	278_GCAAACTTCGTGGACC	TRUE
AMRU_Ao_GCAATCACAACCGCCA	AMRU_Ao	GCAATCACAACCGCCA	AMRU	SRR11008278	278_GCAATCACAACCGCCA	TRUE
AMRU_Ao_GCAATCATCCGTTGTC	AMRU_Ao	GCAATCATCCGTTGTC	AMRU	SRR11008278	278_GCAATCATCCGTTGTC	TRUE
AMRU_Ao_GCACATAAGCAGGTCA	AMRU_Ao	GCACATAAGCAGGTCA	AMRU	SRR11008278	278_GCACATAAGCAGGTCA	TRUE
AMRU_Ao_GCACATAAGCGATAGC	AMRU_Ao	GCACATAAGCGATAGC	AMRU	SRR11008278	278_GCACATAAGCGATAGC	TRUE
AMRU_Ao_GCACATACATCGACGC	AMRU_Ao	GCACATACATCGACGC	AMRU	SRR11008278	278_GCACATACATCGACGC	TRUE
AMRU_Ao_GCACATAGTAATAGCA	AMRU_Ao	GCACATAGTAATAGCA	AMRU	SRR11008278	278_GCACATAGTAATAGCA	TRUE
AMRU_Ao_GCACATAGTACCAGTT	AMRU_Ao	GCACATAGTACCAGTT	AMRU	SRR11008278	278_GCACATAGTACCAGTT	TRUE
AMRU_Ao_GCACATAGTCTTGTCC	AMRU_Ao	GCACATAGTCTTGTCC	AMRU	SRR11008278	278_GCACATAGTCTTGTCC	TRUE
AMRU_Ao_GCACTCTCACCATCCT	AMRU_Ao	GCACTCTCACCATCCT	AMRU	SRR11008278	278_GCACTCTCACCATCCT	TRUE
AMRU_Ao_GCAGCCATCTTCTGGC	AMRU_Ao	GCAGCCATCTTCTGGC	AMRU	SRR11008278	278_GCAGCCATCTTCTGGC	TRUE
AMRU_Ao_GCAGTTATCCGTCATC	AMRU_Ao	GCAGTTATCCGTCATC	AMRU	SRR11008278	278_GCAGTTATCCGTCATC	TRUE
AMRU_Ao_GCATACACACCATCCT	AMRU_Ao	GCATACACACCATCCT	AMRU	SRR11008278	278_GCATACACACCATCCT	TRUE
AMRU_Ao_GCATGATCACTATCTT	AMRU_Ao	GCATGATCACTATCTT	AMRU	SRR11008278	278_GCATGATCACTATCTT	TRUE
AMRU_Ao_GCATGATTCTCGAGTA	AMRU_Ao	GCATGATTCTCGAGTA	AMRU	SRR11008278	278_GCATGATTCTCGAGTA	TRUE
AMRU_Ao_GCATGATTCTTAGAGC	AMRU_Ao	GCATGATTCTTAGAGC	AMRU	SRR11008278	278_GCATGATTCTTAGAGC	TRUE
AMRU_Ao_GCATGCGAGAGCTGGT	AMRU_Ao	GCATGCGAGAGCTGGT	AMRU	SRR11008278	278_GCATGCGAGAGCTGGT	TRUE
AMRU_Ao_GCATGCGGTAAGTTCC	AMRU_Ao	GCATGCGGTAAGTTCC	AMRU	SRR11008278	278_GCATGCGGTAAGTTCC	TRUE
AMRU_Ao_GCATGCGGTTGAACTC	AMRU_Ao	GCATGCGGTTGAACTC	AMRU	SRR11008278	278_GCATGCGGTTGAACTC	TRUE
AMRU_Ao_GCATGCGGTTTAAGCC	AMRU_Ao	GCATGCGGTTTAAGCC	AMRU	SRR11008278	278_GCATGCGGTTTAAGCC	TRUE
AMRU_Ao_GCATGTAAGCTGTCTA	AMRU_Ao	GCATGTAAGCTGTCTA	AMRU	SRR11008278	278_GCATGTAAGCTGTCTA	TRUE
AMRU_Ao_GCATGTACACAACGCC	AMRU_Ao	GCATGTACACAACGCC	AMRU	SRR11008278	278_GCATGTACACAACGCC	TRUE
AMRU_Ao_GCATGTATCTTGACGA	AMRU_Ao	GCATGTATCTTGACGA	AMRU	SRR11008278	278_GCATGTATCTTGACGA	TRUE
AMRU_Ao_GCCAAATAGCACGCCT	AMRU_Ao	GCCAAATAGCACGCCT	AMRU	SRR11008278	278_GCCAAATAGCACGCCT	TRUE
AMRU_Ao_GCCAAATTCAGAAATG	AMRU_Ao	GCCAAATTCAGAAATG	AMRU	SRR11008278	278_GCCAAATTCAGAAATG	TRUE
AMRU_Ao_GCCTCTACAGACGCAA	AMRU_Ao	GCCTCTACAGACGCAA	AMRU	SRR11008278	278_GCCTCTACAGACGCAA	TRUE
AMRU_Ao_GCCTCTACATGCTAGT	AMRU_Ao	GCCTCTACATGCTAGT	AMRU	SRR11008278	278_GCCTCTACATGCTAGT	TRUE
AMRU_Ao_GCCTCTAGTTCAGCGC	AMRU_Ao	GCCTCTAGTTCAGCGC	AMRU	SRR11008278	278_GCCTCTAGTTCAGCGC	TRUE
AMRU_Ao_GCGACCACATCGTCGG	AMRU_Ao	GCGACCACATCGTCGG	AMRU	SRR11008278	278_GCGACCACATCGTCGG	TRUE
AMRU_Ao_GCGACCAGTCAGATAA	AMRU_Ao	GCGACCAGTCAGATAA	AMRU	SRR11008278	278_GCGACCAGTCAGATAA	TRUE
AMRU_Ao_GCGACCAGTCCCGACA	AMRU_Ao	GCGACCAGTCCCGACA	AMRU	SRR11008278	278_GCGACCAGTCCCGACA	TRUE
AMRU_Ao_GCGACCAGTGTCAATC	AMRU_Ao	GCGACCAGTGTCAATC	AMRU	SRR11008278	278_GCGACCAGTGTCAATC	TRUE
AMRU_Ao_GCGAGAACAGACACTT	AMRU_Ao	GCGAGAACAGACACTT	AMRU	SRR11008278	278_GCGAGAACAGACACTT	TRUE
AMRU_Ao_GCGAGAAGTCGGGTCT	AMRU_Ao	GCGAGAAGTCGGGTCT	AMRU	SRR11008278	278_GCGAGAAGTCGGGTCT	TRUE
AMRU_Ao_GCGAGAATCTTCCTTC	AMRU_Ao	GCGAGAATCTTCCTTC	AMRU	SRR11008278	278_GCGAGAATCTTCCTTC	TRUE
AMRU_Ao_GCGCAACAGCCACCTG	AMRU_Ao	GCGCAACAGCCACCTG	AMRU	SRR11008278	278_GCGCAACAGCCACCTG	TRUE
AMRU_Ao_GCGCAACAGTCCGTAT	AMRU_Ao	GCGCAACAGTCCGTAT	AMRU	SRR11008278	278_GCGCAACAGTCCGTAT	TRUE
AMRU_Ao_GCGCAGTAGGCAAAGA	AMRU_Ao	GCGCAGTAGGCAAAGA	AMRU	SRR11008278	278_GCGCAGTAGGCAAAGA	TRUE
AMRU_Ao_GCGCAGTCAATGGAGC	AMRU_Ao	GCGCAGTCAATGGAGC	AMRU	SRR11008278	278_GCGCAGTCAATGGAGC	TRUE
AMRU_Ao_GCGCAGTGTCGCTTTC	AMRU_Ao	GCGCAGTGTCGCTTTC	AMRU	SRR11008278	278_GCGCAGTGTCGCTTTC	TRUE
AMRU_Ao_GCGCCAAAGGCTAGAC	AMRU_Ao	GCGCCAAAGGCTAGAC	AMRU	SRR11008278	278_GCGCCAAAGGCTAGAC	TRUE
AMRU_Ao_GCGCCAACACAAGACG	AMRU_Ao	GCGCCAACACAAGACG	AMRU	SRR11008278	278_GCGCCAACACAAGACG	TRUE
AMRU_Ao_GCGCGATAGAAGATTC	AMRU_Ao	GCGCGATAGAAGATTC	AMRU	SRR11008278	278_GCGCGATAGAAGATTC	TRUE
AMRU_Ao_GCGCGATAGTGAAGAG	AMRU_Ao	GCGCGATAGTGAAGAG	AMRU	SRR11008278	278_GCGCGATAGTGAAGAG	TRUE
AMRU_Ao_GCGCGATCAGTCCTTC	AMRU_Ao	GCGCGATCAGTCCTTC	AMRU	SRR11008278	278_GCGCGATCAGTCCTTC	TRUE
AMRU_Ao_GCGCGATGTCGGCTCA	AMRU_Ao	GCGCGATGTCGGCTCA	AMRU	SRR11008278	278_GCGCGATGTCGGCTCA	TRUE
AMRU_Ao_GCGCGATTCACAGTAC	AMRU_Ao	GCGCGATTCACAGTAC	AMRU	SRR11008278	278_GCGCGATTCACAGTAC	TRUE
AMRU_Ao_GCGGGTTAGCAACGGT	AMRU_Ao	GCGGGTTAGCAACGGT	AMRU	SRR11008278	278_GCGGGTTAGCAACGGT	TRUE
AMRU_Ao_GCGGGTTAGGGTGTGT	AMRU_Ao	GCGGGTTAGGGTGTGT	AMRU	SRR11008278	278_GCGGGTTAGGGTGTGT	TRUE
AMRU_Ao_GCGGGTTGTATGAATG	AMRU_Ao	GCGGGTTGTATGAATG	AMRU	SRR11008278	278_GCGGGTTGTATGAATG	TRUE
AMRU_Ao_GCGGGTTTCAGCCTAA	AMRU_Ao	GCGGGTTTCAGCCTAA	AMRU	SRR11008278	278_GCGGGTTTCAGCCTAA	TRUE
AMRU_Ao_GCGGGTTTCAGGCCCA	AMRU_Ao	GCGGGTTTCAGGCCCA	AMRU	SRR11008278	278_GCGGGTTTCAGGCCCA	TRUE
AMRU_Ao_GCGGGTTTCCAAACTG	AMRU_Ao	GCGGGTTTCCAAACTG	AMRU	SRR11008278	278_GCGGGTTTCCAAACTG	TRUE
AMRU_Ao_GCTCCTAGTAACGTTC	AMRU_Ao	GCTCCTAGTAACGTTC	AMRU	SRR11008278	278_GCTCCTAGTAACGTTC	TRUE
AMRU_Ao_GCTCCTAGTGTGTGCC	AMRU_Ao	GCTCCTAGTGTGTGCC	AMRU	SRR11008278	278_GCTCCTAGTGTGTGCC	TRUE
AMRU_Ao_GCTCCTATCAATACCG	AMRU_Ao	GCTCCTATCAATACCG	AMRU	SRR11008278	278_GCTCCTATCAATACCG	TRUE
AMRU_Ao_GCTCCTATCACGACTA	AMRU_Ao	GCTCCTATCACGACTA	AMRU	SRR11008278	278_GCTCCTATCACGACTA	TRUE
AMRU_Ao_GCTCCTATCCTGTAGA	AMRU_Ao	GCTCCTATCCTGTAGA	AMRU	SRR11008278	278_GCTCCTATCCTGTAGA	TRUE
AMRU_Ao_GCTCTGTCATCAGTCA	AMRU_Ao	GCTCTGTCATCAGTCA	AMRU	SRR11008278	278_GCTCTGTCATCAGTCA	TRUE
AMRU_Ao_GCTCTGTGTGCAGGTA	AMRU_Ao	GCTCTGTGTGCAGGTA	AMRU	SRR11008278	278_GCTCTGTGTGCAGGTA	TRUE
AMRU_Ao_GCTGCAGCAGGACCCT	AMRU_Ao	GCTGCAGCAGGACCCT	AMRU	SRR11008278	278_GCTGCAGCAGGACCCT	TRUE
AMRU_Ao_GCTGCAGGTAGCTGCC	AMRU_Ao	GCTGCAGGTAGCTGCC	AMRU	SRR11008278	278_GCTGCAGGTAGCTGCC	TRUE
AMRU_Ao_GCTGCAGGTCTACCTC	AMRU_Ao	GCTGCAGGTCTACCTC	AMRU	SRR11008278	278_GCTGCAGGTCTACCTC	TRUE
AMRU_Ao_GCTGCAGGTCTCATCC	AMRU_Ao	GCTGCAGGTCTCATCC	AMRU	SRR11008278	278_GCTGCAGGTCTCATCC	TRUE
AMRU_Ao_GCTGCAGTCAATACCG	AMRU_Ao	GCTGCAGTCAATACCG	AMRU	SRR11008278	278_GCTGCAGTCAATACCG	TRUE
AMRU_Ao_GCTGCAGTCCTCAATT	AMRU_Ao	GCTGCAGTCCTCAATT	AMRU	SRR11008278	278_GCTGCAGTCCTCAATT	TRUE
AMRU_Ao_GCTGCAGTCCTTAATC	AMRU_Ao	GCTGCAGTCCTTAATC	AMRU	SRR11008278	278_GCTGCAGTCCTTAATC	TRUE
AMRU_Ao_GCTGCGAAGCAATATG	AMRU_Ao	GCTGCGAAGCAATATG	AMRU	SRR11008278	278_GCTGCGAAGCAATATG	TRUE
AMRU_Ao_GCTGCGACACCGGAAA	AMRU_Ao	GCTGCGACACCGGAAA	AMRU	SRR11008278	278_GCTGCGACACCGGAAA	TRUE
AMRU_Ao_GCTGCGACATGCATGT	AMRU_Ao	GCTGCGACATGCATGT	AMRU	SRR11008278	278_GCTGCGACATGCATGT	TRUE
AMRU_Ao_GCTGCGATCATTGCGA	AMRU_Ao	GCTGCGATCATTGCGA	AMRU	SRR11008278	278_GCTGCGATCATTGCGA	TRUE
AMRU_Ao_GCTGCGATCCCTGACT	AMRU_Ao	GCTGCGATCCCTGACT	AMRU	SRR11008278	278_GCTGCGATCCCTGACT	TRUE
AMRU_Ao_GCTGCGATCTTACCGC	AMRU_Ao	GCTGCGATCTTACCGC	AMRU	SRR11008278	278_GCTGCGATCTTACCGC	TRUE
AMRU_Ao_GCTGCTTGTTCGTCTC	AMRU_Ao	GCTGCTTGTTCGTCTC	AMRU	SRR11008278	278_GCTGCTTGTTCGTCTC	TRUE
AMRU_Ao_GCTGCTTTCATCATTC	AMRU_Ao	GCTGCTTTCATCATTC	AMRU	SRR11008278	278_GCTGCTTTCATCATTC	TRUE
AMRU_Ao_GCTGCTTTCCTGCAGG	AMRU_Ao	GCTGCTTTCCTGCAGG	AMRU	SRR11008278	278_GCTGCTTTCCTGCAGG	TRUE
AMRU_Ao_GCTGCTTTCTCTGCTG	AMRU_Ao	GCTGCTTTCTCTGCTG	AMRU	SRR11008278	278_GCTGCTTTCTCTGCTG	TRUE
AMRU_Ao_GCTGGGTAGAGTACCG	AMRU_Ao	GCTGGGTAGAGTACCG	AMRU	SRR11008278	278_GCTGGGTAGAGTACCG	TRUE
AMRU_Ao_GCTGGGTTCCTTTACA	AMRU_Ao	GCTGGGTTCCTTTACA	AMRU	SRR11008278	278_GCTGGGTTCCTTTACA	TRUE
AMRU_Ao_GCTTCCAAGATAGGAG	AMRU_Ao	GCTTCCAAGATAGGAG	AMRU	SRR11008278	278_GCTTCCAAGATAGGAG	TRUE
AMRU_Ao_GCTTCCAAGGACGAAA	AMRU_Ao	GCTTCCAAGGACGAAA	AMRU	SRR11008278	278_GCTTCCAAGGACGAAA	TRUE
AMRU_Ao_GCTTCCACAAAGGTGC	AMRU_Ao	GCTTCCACAAAGGTGC	AMRU	SRR11008278	278_GCTTCCACAAAGGTGC	TRUE
AMRU_Ao_GCTTCCACACCATGTA	AMRU_Ao	GCTTCCACACCATGTA	AMRU	SRR11008278	278_GCTTCCACACCATGTA	FALSE
AMRU_Ao_GCTTCCACACCGCTAG	AMRU_Ao	GCTTCCACACCGCTAG	AMRU	SRR11008278	278_GCTTCCACACCGCTAG	TRUE
AMRU_Ao_GCTTCCAGTTTAGGAA	AMRU_Ao	GCTTCCAGTTTAGGAA	AMRU	SRR11008278	278_GCTTCCAGTTTAGGAA	TRUE
AMRU_Ao_GCTTCCATCCTAGTGA	AMRU_Ao	GCTTCCATCCTAGTGA	AMRU	SRR11008278	278_GCTTCCATCCTAGTGA	TRUE
AMRU_Ao_GCTTGAATCGGCCGAT	AMRU_Ao	GCTTGAATCGGCCGAT	AMRU	SRR11008278	278_GCTTGAATCGGCCGAT	TRUE
AMRU_Ao_GCTTGAATCGGTCCGA	AMRU_Ao	GCTTGAATCGGTCCGA	AMRU	SRR11008278	278_GCTTGAATCGGTCCGA	TRUE
AMRU_Ao_GGAAAGCAGGCTAGCA	AMRU_Ao	GGAAAGCAGGCTAGCA	AMRU	SRR11008278	278_GGAAAGCAGGCTAGCA	TRUE
AMRU_Ao_GGAAAGCGTGCCTGTG	AMRU_Ao	GGAAAGCGTGCCTGTG	AMRU	SRR11008278	278_GGAAAGCGTGCCTGTG	TRUE
AMRU_Ao_GGAACTTAGACCTTTG	AMRU_Ao	GGAACTTAGACCTTTG	AMRU	SRR11008278	278_GGAACTTAGACCTTTG	TRUE
AMRU_Ao_GGAACTTAGCAACGGT	AMRU_Ao	GGAACTTAGCAACGGT	AMRU	SRR11008278	278_GGAACTTAGCAACGGT	TRUE
AMRU_Ao_GGAACTTAGTGGTAGC	AMRU_Ao	GGAACTTAGTGGTAGC	AMRU	SRR11008278	278_GGAACTTAGTGGTAGC	TRUE
AMRU_Ao_GGAACTTGTCACTGGC	AMRU_Ao	GGAACTTGTCACTGGC	AMRU	SRR11008278	278_GGAACTTGTCACTGGC	TRUE
AMRU_Ao_GGAACTTTCGTTGACA	AMRU_Ao	GGAACTTTCGTTGACA	AMRU	SRR11008278	278_GGAACTTTCGTTGACA	TRUE
AMRU_Ao_GGAATAAAGGGCATGT	AMRU_Ao	GGAATAAAGGGCATGT	AMRU	SRR11008278	278_GGAATAAAGGGCATGT	TRUE
AMRU_Ao_GGAATAAAGTACGTTC	AMRU_Ao	GGAATAAAGTACGTTC	AMRU	SRR11008278	278_GGAATAAAGTACGTTC	TRUE
AMRU_Ao_GGAATAAGTCGCGGTT	AMRU_Ao	GGAATAAGTCGCGGTT	AMRU	SRR11008278	278_GGAATAAGTCGCGGTT	TRUE
AMRU_Ao_GGAATAATCTCGCATC	AMRU_Ao	GGAATAATCTCGCATC	AMRU	SRR11008278	278_GGAATAATCTCGCATC	TRUE
AMRU_Ao_GGACAAGCAATTGCTG	AMRU_Ao	GGACAAGCAATTGCTG	AMRU	SRR11008278	278_GGACAAGCAATTGCTG	TRUE
AMRU_Ao_GGACAAGCAGTTAACC	AMRU_Ao	GGACAAGCAGTTAACC	AMRU	SRR11008278	278_GGACAAGCAGTTAACC	TRUE
AMRU_Ao_GGACAAGCATCACGAT	AMRU_Ao	GGACAAGCATCACGAT	AMRU	SRR11008278	278_GGACAAGCATCACGAT	TRUE
AMRU_Ao_GGACAAGGTCTAGTCA	AMRU_Ao	GGACAAGGTCTAGTCA	AMRU	SRR11008278	278_GGACAAGGTCTAGTCA	TRUE
AMRU_Ao_GGACAAGTCATAACCG	AMRU_Ao	GGACAAGTCATAACCG	AMRU	SRR11008278	278_GGACAAGTCATAACCG	TRUE
AMRU_Ao_GGACAGACAGGGTATG	AMRU_Ao	GGACAGACAGGGTATG	AMRU	SRR11008278	278_GGACAGACAGGGTATG	TRUE
AMRU_Ao_GGACAGATCAGGTTCA	AMRU_Ao	GGACAGATCAGGTTCA	AMRU	SRR11008278	278_GGACAGATCAGGTTCA	TRUE
AMRU_Ao_GGACAGATCGCGTTTC	AMRU_Ao	GGACAGATCGCGTTTC	AMRU	SRR11008278	278_GGACAGATCGCGTTTC	TRUE
AMRU_Ao_GGACATTAGCGCCTTG	AMRU_Ao	GGACATTAGCGCCTTG	AMRU	SRR11008278	278_GGACATTAGCGCCTTG	TRUE
AMRU_Ao_GGACATTGTAAACGCG	AMRU_Ao	GGACATTGTAAACGCG	AMRU	SRR11008278	278_GGACATTGTAAACGCG	TRUE
AMRU_Ao_GGACATTGTACAGCAG	AMRU_Ao	GGACATTGTACAGCAG	AMRU	SRR11008278	278_GGACATTGTACAGCAG	TRUE
AMRU_Ao_GGACGTCAGCTGTTCA	AMRU_Ao	GGACGTCAGCTGTTCA	AMRU	SRR11008278	278_GGACGTCAGCTGTTCA	TRUE
AMRU_Ao_GGACGTCCAATGAATG	AMRU_Ao	GGACGTCCAATGAATG	AMRU	SRR11008278	278_GGACGTCCAATGAATG	TRUE
AMRU_Ao_GGAGCAACAGTTCCCT	AMRU_Ao	GGAGCAACAGTTCCCT	AMRU	SRR11008278	278_GGAGCAACAGTTCCCT	TRUE
AMRU_Ao_GGAGCAACATCGTCGG	AMRU_Ao	GGAGCAACATCGTCGG	AMRU	SRR11008278	278_GGAGCAACATCGTCGG	TRUE
AMRU_Ao_GGATGTTAGCTAGTGG	AMRU_Ao	GGATGTTAGCTAGTGG	AMRU	SRR11008278	278_GGATGTTAGCTAGTGG	TRUE
AMRU_Ao_GGATGTTCACTGTCGG	AMRU_Ao	GGATGTTCACTGTCGG	AMRU	SRR11008278	278_GGATGTTCACTGTCGG	TRUE
AMRU_Ao_GGATTACCAGAGTGTG	AMRU_Ao	GGATTACCAGAGTGTG	AMRU	SRR11008278	278_GGATTACCAGAGTGTG	TRUE
AMRU_Ao_GGATTACCATGGAATA	AMRU_Ao	GGATTACCATGGAATA	AMRU	SRR11008278	278_GGATTACCATGGAATA	TRUE
AMRU_Ao_GGATTACTCGGATGTT	AMRU_Ao	GGATTACTCGGATGTT	AMRU	SRR11008278	278_GGATTACTCGGATGTT	TRUE
AMRU_Ao_GGATTACTCTGCGACG	AMRU_Ao	GGATTACTCTGCGACG	AMRU	SRR11008278	278_GGATTACTCTGCGACG	TRUE
AMRU_Ao_GGCAATTAGACCCACC	AMRU_Ao	GGCAATTAGACCCACC	AMRU	SRR11008278	278_GGCAATTAGACCCACC	TRUE
AMRU_Ao_GGCAATTAGCTTCGCG	AMRU_Ao	GGCAATTAGCTTCGCG	AMRU	SRR11008278	278_GGCAATTAGCTTCGCG	TRUE
AMRU_Ao_GGCAATTCATGAGCGA	AMRU_Ao	GGCAATTCATGAGCGA	AMRU	SRR11008278	278_GGCAATTCATGAGCGA	TRUE
AMRU_Ao_GGCAATTGTTACGCGC	AMRU_Ao	GGCAATTGTTACGCGC	AMRU	SRR11008278	278_GGCAATTGTTACGCGC	TRUE
AMRU_Ao_GGCAATTTCCGGGTGT	AMRU_Ao	GGCAATTTCCGGGTGT	AMRU	SRR11008278	278_GGCAATTTCCGGGTGT	TRUE
AMRU_Ao_GGCCGATCACCTATCC	AMRU_Ao	GGCCGATCACCTATCC	AMRU	SRR11008278	278_GGCCGATCACCTATCC	TRUE
AMRU_Ao_GGCCGATCATATGCTG	AMRU_Ao	GGCCGATCATATGCTG	AMRU	SRR11008278	278_GGCCGATCATATGCTG	TRUE
AMRU_Ao_GGCCGATGTCTTTCAT	AMRU_Ao	GGCCGATGTCTTTCAT	AMRU	SRR11008278	278_GGCCGATGTCTTTCAT	TRUE
AMRU_Ao_GGCCGATTCGAGGTAG	AMRU_Ao	GGCCGATTCGAGGTAG	AMRU	SRR11008278	278_GGCCGATTCGAGGTAG	TRUE
AMRU_Ao_GGCGACTAGCGATATA	AMRU_Ao	GGCGACTAGCGATATA	AMRU	SRR11008278	278_GGCGACTAGCGATATA	TRUE
AMRU_Ao_GGCGACTAGCTCCCAG	AMRU_Ao	GGCGACTAGCTCCCAG	AMRU	SRR11008278	278_GGCGACTAGCTCCCAG	TRUE
AMRU_Ao_GGCGACTCAATGAAAC	AMRU_Ao	GGCGACTCAATGAAAC	AMRU	SRR11008278	278_GGCGACTCAATGAAAC	TRUE
AMRU_Ao_GGCGACTCATGCCTTC	AMRU_Ao	GGCGACTCATGCCTTC	AMRU	SRR11008278	278_GGCGACTCATGCCTTC	TRUE
AMRU_Ao_GGCGACTGTAATCGTC	AMRU_Ao	GGCGACTGTAATCGTC	AMRU	SRR11008278	278_GGCGACTGTAATCGTC	TRUE
AMRU_Ao_GGCGACTGTATCTGCA	AMRU_Ao	GGCGACTGTATCTGCA	AMRU	SRR11008278	278_GGCGACTGTATCTGCA	TRUE
AMRU_Ao_GGCGACTGTCCCTACT	AMRU_Ao	GGCGACTGTCCCTACT	AMRU	SRR11008278	278_GGCGACTGTCCCTACT	TRUE
AMRU_Ao_GGCGACTGTCGCTTTC	AMRU_Ao	GGCGACTGTCGCTTTC	AMRU	SRR11008278	278_GGCGACTGTCGCTTTC	TRUE
AMRU_Ao_GGCGACTGTCGTGGCT	AMRU_Ao	GGCGACTGTCGTGGCT	AMRU	SRR11008278	278_GGCGACTGTCGTGGCT	TRUE
AMRU_Ao_GGCGACTTCAAACGGG	AMRU_Ao	GGCGACTTCAAACGGG	AMRU	SRR11008278	278_GGCGACTTCAAACGGG	TRUE
AMRU_Ao_GGCGACTTCCATGCTC	AMRU_Ao	GGCGACTTCCATGCTC	AMRU	SRR11008278	278_GGCGACTTCCATGCTC	TRUE
AMRU_Ao_GGCGTGTGTCGCTTCT	AMRU_Ao	GGCGTGTGTCGCTTCT	AMRU	SRR11008278	278_GGCGTGTGTCGCTTCT	TRUE
AMRU_Ao_GGCGTGTGTGGTTTCA	AMRU_Ao	GGCGTGTGTGGTTTCA	AMRU	SRR11008278	278_GGCGTGTGTGGTTTCA	TRUE
AMRU_Ao_GGCGTGTTCCAGTATG	AMRU_Ao	GGCGTGTTCCAGTATG	AMRU	SRR11008278	278_GGCGTGTTCCAGTATG	TRUE
AMRU_Ao_GGCGTGTTCTTATCTG	AMRU_Ao	GGCGTGTTCTTATCTG	AMRU	SRR11008278	278_GGCGTGTTCTTATCTG	TRUE
AMRU_Ao_GGCTCGAAGACTGTAA	AMRU_Ao	GGCTCGAAGACTGTAA	AMRU	SRR11008278	278_GGCTCGAAGACTGTAA	TRUE
AMRU_Ao_GGCTCGAAGTACATGA	AMRU_Ao	GGCTCGAAGTACATGA	AMRU	SRR11008278	278_GGCTCGAAGTACATGA	TRUE
AMRU_Ao_GGCTCGAGTCATCGGC	AMRU_Ao	GGCTCGAGTCATCGGC	AMRU	SRR11008278	278_GGCTCGAGTCATCGGC	TRUE
AMRU_Ao_GGCTCGATCCGCGGTA	AMRU_Ao	GGCTCGATCCGCGGTA	AMRU	SRR11008278	278_GGCTCGATCCGCGGTA	TRUE
AMRU_Ao_GGCTGGTAGCTCAACT	AMRU_Ao	GGCTGGTAGCTCAACT	AMRU	SRR11008278	278_GGCTGGTAGCTCAACT	TRUE
AMRU_Ao_GGCTGGTAGTGACATA	AMRU_Ao	GGCTGGTAGTGACATA	AMRU	SRR11008278	278_GGCTGGTAGTGACATA	TRUE
AMRU_Ao_GGCTGGTCAATGACCT	AMRU_Ao	GGCTGGTCAATGACCT	AMRU	SRR11008278	278_GGCTGGTCAATGACCT	TRUE
AMRU_Ao_GGCTGGTCAGTAAGCG	AMRU_Ao	GGCTGGTCAGTAAGCG	AMRU	SRR11008278	278_GGCTGGTCAGTAAGCG	TRUE
AMRU_Ao_GGGAATGAGATCTGAA	AMRU_Ao	GGGAATGAGATCTGAA	AMRU	SRR11008278	278_GGGAATGAGATCTGAA	TRUE
AMRU_Ao_GGGAATGGTATGGTTC	AMRU_Ao	GGGAATGGTATGGTTC	AMRU	SRR11008278	278_GGGAATGGTATGGTTC	TRUE
AMRU_Ao_GGGAATGTCGCATGAT	AMRU_Ao	GGGAATGTCGCATGAT	AMRU	SRR11008278	278_GGGAATGTCGCATGAT	TRUE
AMRU_Ao_GGGACCTCAATCCGAT	AMRU_Ao	GGGACCTCAATCCGAT	AMRU	SRR11008278	278_GGGACCTCAATCCGAT	TRUE
AMRU_Ao_GGGACCTCAGTGAGTG	AMRU_Ao	GGGACCTCAGTGAGTG	AMRU	SRR11008278	278_GGGACCTCAGTGAGTG	TRUE
AMRU_Ao_GGGACCTGTTGACGTT	AMRU_Ao	GGGACCTGTTGACGTT	AMRU	SRR11008278	278_GGGACCTGTTGACGTT	TRUE
AMRU_Ao_GGGACCTTCACAATGC	AMRU_Ao	GGGACCTTCACAATGC	AMRU	SRR11008278	278_GGGACCTTCACAATGC	TRUE
AMRU_Ao_GGGACCTTCTCCAACC	AMRU_Ao	GGGACCTTCTCCAACC	AMRU	SRR11008278	278_GGGACCTTCTCCAACC	TRUE
AMRU_Ao_GGGAGATCAGTGGGAT	AMRU_Ao	GGGAGATCAGTGGGAT	AMRU	SRR11008278	278_GGGAGATCAGTGGGAT	TRUE
AMRU_Ao_GGGATGACAGTGGAGT	AMRU_Ao	GGGATGACAGTGGAGT	AMRU	SRR11008278	278_GGGATGACAGTGGAGT	TRUE
AMRU_Ao_GGGCACTCACTATCTT	AMRU_Ao	GGGCACTCACTATCTT	AMRU	SRR11008278	278_GGGCACTCACTATCTT	TRUE
AMRU_Ao_GGGCACTCAGCCAATT	AMRU_Ao	GGGCACTCAGCCAATT	AMRU	SRR11008278	278_GGGCACTCAGCCAATT	TRUE
AMRU_Ao_GGGCACTCAGCCTATA	AMRU_Ao	GGGCACTCAGCCTATA	AMRU	SRR11008278	278_GGGCACTCAGCCTATA	TRUE
AMRU_Ao_GGGCACTCATGCAATC	AMRU_Ao	GGGCACTCATGCAATC	AMRU	SRR11008278	278_GGGCACTCATGCAATC	TRUE
AMRU_Ao_GGGCACTGTCCGAAGA	AMRU_Ao	GGGCACTGTCCGAAGA	AMRU	SRR11008278	278_GGGCACTGTCCGAAGA	TRUE
AMRU_Ao_GGGCACTGTTACTGAC	AMRU_Ao	GGGCACTGTTACTGAC	AMRU	SRR11008278	278_GGGCACTGTTACTGAC	TRUE
AMRU_Ao_GGGCACTGTTCCACAA	AMRU_Ao	GGGCACTGTTCCACAA	AMRU	SRR11008278	278_GGGCACTGTTCCACAA	TRUE
AMRU_Ao_GGGCATCAGAGACGAA	AMRU_Ao	GGGCATCAGAGACGAA	AMRU	SRR11008278	278_GGGCATCAGAGACGAA	TRUE
AMRU_Ao_GGGCATCAGCACAGGT	AMRU_Ao	GGGCATCAGCACAGGT	AMRU	SRR11008278	278_GGGCATCAGCACAGGT	TRUE
AMRU_Ao_GGGCATCCAAGCCGTC	AMRU_Ao	GGGCATCCAAGCCGTC	AMRU	SRR11008278	278_GGGCATCCAAGCCGTC	TRUE
AMRU_Ao_GGGCATCGTACGCTGC	AMRU_Ao	GGGCATCGTACGCTGC	AMRU	SRR11008278	278_GGGCATCGTACGCTGC	TRUE
AMRU_Ao_GGGCATCGTATCTGCA	AMRU_Ao	GGGCATCGTATCTGCA	AMRU	SRR11008278	278_GGGCATCGTATCTGCA	TRUE
AMRU_Ao_GGGCATCTCCGCGGTA	AMRU_Ao	GGGCATCTCCGCGGTA	AMRU	SRR11008278	278_GGGCATCTCCGCGGTA	TRUE
AMRU_Ao_GGGTCTGGTAGCTCCG	AMRU_Ao	GGGTCTGGTAGCTCCG	AMRU	SRR11008278	278_GGGTCTGGTAGCTCCG	TRUE
AMRU_Ao_GGGTCTGGTCTCAACA	AMRU_Ao	GGGTCTGGTCTCAACA	AMRU	SRR11008278	278_GGGTCTGGTCTCAACA	TRUE
AMRU_Ao_GGGTCTGTCAGCGATT	AMRU_Ao	GGGTCTGTCAGCGATT	AMRU	SRR11008278	278_GGGTCTGTCAGCGATT	TRUE
AMRU_Ao_GGGTTGCTCCGTCAAA	AMRU_Ao	GGGTTGCTCCGTCAAA	AMRU	SRR11008278	278_GGGTTGCTCCGTCAAA	FALSE
AMRU_Ao_GGTATTGCACCTGGTG	AMRU_Ao	GGTATTGCACCTGGTG	AMRU	SRR11008278	278_GGTATTGCACCTGGTG	TRUE
AMRU_Ao_GGTGAAGAGTGTCTCA	AMRU_Ao	GGTGAAGAGTGTCTCA	AMRU	SRR11008278	278_GGTGAAGAGTGTCTCA	TRUE
AMRU_Ao_GGTGAAGGTCAGCTAT	AMRU_Ao	GGTGAAGGTCAGCTAT	AMRU	SRR11008278	278_GGTGAAGGTCAGCTAT	TRUE
AMRU_Ao_GGTGAAGGTGCTCTTC	AMRU_Ao	GGTGAAGGTGCTCTTC	AMRU	SRR11008278	278_GGTGAAGGTGCTCTTC	TRUE
AMRU_Ao_GGTGAAGTCTGCTTGC	AMRU_Ao	GGTGAAGTCTGCTTGC	AMRU	SRR11008278	278_GGTGAAGTCTGCTTGC	TRUE
AMRU_Ao_GGTGCGTAGAGAGCTC	AMRU_Ao	GGTGCGTAGAGAGCTC	AMRU	SRR11008278	278_GGTGCGTAGAGAGCTC	TRUE
AMRU_Ao_GGTGCGTCAACACCCG	AMRU_Ao	GGTGCGTCAACACCCG	AMRU	SRR11008278	278_GGTGCGTCAACACCCG	TRUE
AMRU_Ao_GGTGCGTTCGAATCCA	AMRU_Ao	GGTGCGTTCGAATCCA	AMRU	SRR11008278	278_GGTGCGTTCGAATCCA	TRUE
AMRU_Ao_GGTGTTAAGCGACGTA	AMRU_Ao	GGTGTTAAGCGACGTA	AMRU	SRR11008278	278_GGTGTTAAGCGACGTA	TRUE
AMRU_Ao_GGTGTTAAGTGGTCCC	AMRU_Ao	GGTGTTAAGTGGTCCC	AMRU	SRR11008278	278_GGTGTTAAGTGGTCCC	TRUE
AMRU_Ao_GGTGTTATCTCACATT	AMRU_Ao	GGTGTTATCTCACATT	AMRU	SRR11008278	278_GGTGTTATCTCACATT	TRUE
AMRU_Ao_GTAACGTCATATGAGA	AMRU_Ao	GTAACGTCATATGAGA	AMRU	SRR11008278	278_GTAACGTCATATGAGA	TRUE
AMRU_Ao_GTAACGTGTATTAGCC	AMRU_Ao	GTAACGTGTATTAGCC	AMRU	SRR11008278	278_GTAACGTGTATTAGCC	TRUE
AMRU_Ao_GTAACGTGTCCTCTTG	AMRU_Ao	GTAACGTGTCCTCTTG	AMRU	SRR11008278	278_GTAACGTGTCCTCTTG	TRUE
AMRU_Ao_GTAACGTGTGGTGTAG	AMRU_Ao	GTAACGTGTGGTGTAG	AMRU	SRR11008278	278_GTAACGTGTGGTGTAG	TRUE
AMRU_Ao_GTAACTGCAACAACCT	AMRU_Ao	GTAACTGCAACAACCT	AMRU	SRR11008278	278_GTAACTGCAACAACCT	TRUE
AMRU_Ao_GTAACTGTCTCTAAGG	AMRU_Ao	GTAACTGTCTCTAAGG	AMRU	SRR11008278	278_GTAACTGTCTCTAAGG	TRUE
AMRU_Ao_GTAACTGTCTTACCTA	AMRU_Ao	GTAACTGTCTTACCTA	AMRU	SRR11008278	278_GTAACTGTCTTACCTA	TRUE
AMRU_Ao_GTACGTAAGTGAACGC	AMRU_Ao	GTACGTAAGTGAACGC	AMRU	SRR11008278	278_GTACGTAAGTGAACGC	TRUE
AMRU_Ao_GTACGTACATCAGTCA	AMRU_Ao	GTACGTACATCAGTCA	AMRU	SRR11008278	278_GTACGTACATCAGTCA	TRUE
AMRU_Ao_GTACGTAGTCATACTG	AMRU_Ao	GTACGTAGTCATACTG	AMRU	SRR11008278	278_GTACGTAGTCATACTG	TRUE
AMRU_Ao_GTACTCCGTAAATACG	AMRU_Ao	GTACTCCGTAAATACG	AMRU	SRR11008278	278_GTACTCCGTAAATACG	TRUE
AMRU_Ao_GTACTCCTCAGGCCCA	AMRU_Ao	GTACTCCTCAGGCCCA	AMRU	SRR11008278	278_GTACTCCTCAGGCCCA	TRUE
AMRU_Ao_GTACTTTCACAACGTT	AMRU_Ao	GTACTTTCACAACGTT	AMRU	SRR11008278	278_GTACTTTCACAACGTT	TRUE
AMRU_Ao_GTACTTTGTACCGTAT	AMRU_Ao	GTACTTTGTACCGTAT	AMRU	SRR11008278	278_GTACTTTGTACCGTAT	TRUE
AMRU_Ao_GTACTTTGTATATGGA	AMRU_Ao	GTACTTTGTATATGGA	AMRU	SRR11008278	278_GTACTTTGTATATGGA	TRUE
AMRU_Ao_GTACTTTGTGTGCCTG	AMRU_Ao	GTACTTTGTGTGCCTG	AMRU	SRR11008278	278_GTACTTTGTGTGCCTG	TRUE
AMRU_Ao_GTACTTTTCATCTGCC	AMRU_Ao	GTACTTTTCATCTGCC	AMRU	SRR11008278	278_GTACTTTTCATCTGCC	TRUE
AMRU_Ao_GTACTTTTCGGCGCTA	AMRU_Ao	GTACTTTTCGGCGCTA	AMRU	SRR11008278	278_GTACTTTTCGGCGCTA	TRUE
AMRU_Ao_GTAGGCCAGTCGTACT	AMRU_Ao	GTAGGCCAGTCGTACT	AMRU	SRR11008278	278_GTAGGCCAGTCGTACT	TRUE
AMRU_Ao_GTAGGCCCACTAAGTC	AMRU_Ao	GTAGGCCCACTAAGTC	AMRU	SRR11008278	278_GTAGGCCCACTAAGTC	TRUE
AMRU_Ao_GTAGGCCCAGCCTATA	AMRU_Ao	GTAGGCCCAGCCTATA	AMRU	SRR11008278	278_GTAGGCCCAGCCTATA	TRUE
AMRU_Ao_GTAGGCCCAGCTGGCT	AMRU_Ao	GTAGGCCCAGCTGGCT	AMRU	SRR11008278	278_GTAGGCCCAGCTGGCT	TRUE
AMRU_Ao_GTAGGCCGTTCCATGA	AMRU_Ao	GTAGGCCGTTCCATGA	AMRU	SRR11008278	278_GTAGGCCGTTCCATGA	TRUE
AMRU_Ao_GTAGGCCTCACTCCTG	AMRU_Ao	GTAGGCCTCACTCCTG	AMRU	SRR11008278	278_GTAGGCCTCACTCCTG	TRUE
AMRU_Ao_GTAGGCCTCCAGGGCT	AMRU_Ao	GTAGGCCTCCAGGGCT	AMRU	SRR11008278	278_GTAGGCCTCCAGGGCT	TRUE
AMRU_Ao_GTAGTCAAGGCCCTCA	AMRU_Ao	GTAGTCAAGGCCCTCA	AMRU	SRR11008278	278_GTAGTCAAGGCCCTCA	TRUE
AMRU_Ao_GTAGTCATCAACCAAC	AMRU_Ao	GTAGTCATCAACCAAC	AMRU	SRR11008278	278_GTAGTCATCAACCAAC	TRUE
AMRU_Ao_GTAGTCATCCTTTCTC	AMRU_Ao	GTAGTCATCCTTTCTC	AMRU	SRR11008278	278_GTAGTCATCCTTTCTC	TRUE
AMRU_Ao_GTATCTTAGCCAGTAG	AMRU_Ao	GTATCTTAGCCAGTAG	AMRU	SRR11008278	278_GTATCTTAGCCAGTAG	TRUE
AMRU_Ao_GTATCTTAGGGTATCG	AMRU_Ao	GTATCTTAGGGTATCG	AMRU	SRR11008278	278_GTATCTTAGGGTATCG	TRUE
AMRU_Ao_GTATCTTTCAGTCAGT	AMRU_Ao	GTATCTTTCAGTCAGT	AMRU	SRR11008278	278_GTATCTTTCAGTCAGT	TRUE
AMRU_Ao_GTATCTTTCGCATGAT	AMRU_Ao	GTATCTTTCGCATGAT	AMRU	SRR11008278	278_GTATCTTTCGCATGAT	TRUE
AMRU_Ao_GTCAAGTAGGATCGCA	AMRU_Ao	GTCAAGTAGGATCGCA	AMRU	SRR11008278	278_GTCAAGTAGGATCGCA	TRUE
AMRU_Ao_GTCAAGTCACGAGAGT	AMRU_Ao	GTCAAGTCACGAGAGT	AMRU	SRR11008278	278_GTCAAGTCACGAGAGT	TRUE
AMRU_Ao_GTCAAGTCAGATCGGA	AMRU_Ao	GTCAAGTCAGATCGGA	AMRU	SRR11008278	278_GTCAAGTCAGATCGGA	TRUE
AMRU_Ao_GTCACAAAGCTCCTTC	AMRU_Ao	GTCACAAAGCTCCTTC	AMRU	SRR11008278	278_GTCACAAAGCTCCTTC	TRUE
AMRU_Ao_GTCACAACAGGTTTCA	AMRU_Ao	GTCACAACAGGTTTCA	AMRU	SRR11008278	278_GTCACAACAGGTTTCA	TRUE
AMRU_Ao_GTCACAATCTCCCTGA	AMRU_Ao	GTCACAATCTCCCTGA	AMRU	SRR11008278	278_GTCACAATCTCCCTGA	TRUE
AMRU_Ao_GTCACGGCAAAGTCAA	AMRU_Ao	GTCACGGCAAAGTCAA	AMRU	SRR11008278	278_GTCACGGCAAAGTCAA	TRUE
AMRU_Ao_GTCATTTAGCGTAGTG	AMRU_Ao	GTCATTTAGCGTAGTG	AMRU	SRR11008278	278_GTCATTTAGCGTAGTG	TRUE
AMRU_Ao_GTCATTTAGGCCATAG	AMRU_Ao	GTCATTTAGGCCATAG	AMRU	SRR11008278	278_GTCATTTAGGCCATAG	TRUE
AMRU_Ao_GTCATTTCAGTCGTGC	AMRU_Ao	GTCATTTCAGTCGTGC	AMRU	SRR11008278	278_GTCATTTCAGTCGTGC	TRUE
AMRU_Ao_GTCATTTCATCCGGGT	AMRU_Ao	GTCATTTCATCCGGGT	AMRU	SRR11008278	278_GTCATTTCATCCGGGT	TRUE
AMRU_Ao_GTCATTTTCTTATCTG	AMRU_Ao	GTCATTTTCTTATCTG	AMRU	SRR11008278	278_GTCATTTTCTTATCTG	TRUE
AMRU_Ao_GTCCTCAAGACATAAC	AMRU_Ao	GTCCTCAAGACATAAC	AMRU	SRR11008278	278_GTCCTCAAGACATAAC	TRUE
AMRU_Ao_GTCCTCAAGCTAACTC	AMRU_Ao	GTCCTCAAGCTAACTC	AMRU	SRR11008278	278_GTCCTCAAGCTAACTC	TRUE
AMRU_Ao_GTCCTCACATGTTCCC	AMRU_Ao	GTCCTCACATGTTCCC	AMRU	SRR11008278	278_GTCCTCACATGTTCCC	TRUE
AMRU_Ao_GTCCTCATCGTGGTCG	AMRU_Ao	GTCCTCATCGTGGTCG	AMRU	SRR11008278	278_GTCCTCATCGTGGTCG	TRUE
AMRU_Ao_GTCCTCATCTTCATGT	AMRU_Ao	GTCCTCATCTTCATGT	AMRU	SRR11008278	278_GTCCTCATCTTCATGT	TRUE
AMRU_Ao_GTCGGGTGTACTTGAC	AMRU_Ao	GTCGGGTGTACTTGAC	AMRU	SRR11008278	278_GTCGGGTGTACTTGAC	TRUE
AMRU_Ao_GTCGGGTGTTCGGCAC	AMRU_Ao	GTCGGGTGTTCGGCAC	AMRU	SRR11008278	278_GTCGGGTGTTCGGCAC	FALSE
AMRU_Ao_GTCGTAACACATGACT	AMRU_Ao	GTCGTAACACATGACT	AMRU	SRR11008278	278_GTCGTAACACATGACT	TRUE
AMRU_Ao_GTCGTAACAGAGTGTG	AMRU_Ao	GTCGTAACAGAGTGTG	AMRU	SRR11008278	278_GTCGTAACAGAGTGTG	TRUE
AMRU_Ao_GTCTCGTAGCGATGAC	AMRU_Ao	GTCTCGTAGCGATGAC	AMRU	SRR11008278	278_GTCTCGTAGCGATGAC	TRUE
AMRU_Ao_GTCTCGTCATTGGCGC	AMRU_Ao	GTCTCGTCATTGGCGC	AMRU	SRR11008278	278_GTCTCGTCATTGGCGC	TRUE
AMRU_Ao_GTCTCGTGTGGGTATG	AMRU_Ao	GTCTCGTGTGGGTATG	AMRU	SRR11008278	278_GTCTCGTGTGGGTATG	TRUE
AMRU_Ao_GTCTCGTGTTTGTGTG	AMRU_Ao	GTCTCGTGTTTGTGTG	AMRU	SRR11008278	278_GTCTCGTGTTTGTGTG	TRUE
AMRU_Ao_GTCTTCGCAATGACCT	AMRU_Ao	GTCTTCGCAATGACCT	AMRU	SRR11008278	278_GTCTTCGCAATGACCT	TRUE
AMRU_Ao_GTGAAGGAGCAATCTC	AMRU_Ao	GTGAAGGAGCAATCTC	AMRU	SRR11008278	278_GTGAAGGAGCAATCTC	TRUE
AMRU_Ao_GTGAAGGAGCTAGTCT	AMRU_Ao	GTGAAGGAGCTAGTCT	AMRU	SRR11008278	278_GTGAAGGAGCTAGTCT	TRUE
AMRU_Ao_GTGAAGGAGGCATGGT	AMRU_Ao	GTGAAGGAGGCATGGT	AMRU	SRR11008278	278_GTGAAGGAGGCATGGT	TRUE
AMRU_Ao_GTGAAGGCACAGATTC	AMRU_Ao	GTGAAGGCACAGATTC	AMRU	SRR11008278	278_GTGAAGGCACAGATTC	TRUE
AMRU_Ao_GTGCAGCAGTGGGCTA	AMRU_Ao	GTGCAGCAGTGGGCTA	AMRU	SRR11008278	278_GTGCAGCAGTGGGCTA	TRUE
AMRU_Ao_GTGCAGCGTGCTGTAT	AMRU_Ao	GTGCAGCGTGCTGTAT	AMRU	SRR11008278	278_GTGCAGCGTGCTGTAT	TRUE
AMRU_Ao_GTGCATAAGAGCTTCT	AMRU_Ao	GTGCATAAGAGCTTCT	AMRU	SRR11008278	278_GTGCATAAGAGCTTCT	TRUE
AMRU_Ao_GTGCATACAAGCCATT	AMRU_Ao	GTGCATACAAGCCATT	AMRU	SRR11008278	278_GTGCATACAAGCCATT	TRUE
AMRU_Ao_GTGCATACAATGAATG	AMRU_Ao	GTGCATACAATGAATG	AMRU	SRR11008278	278_GTGCATACAATGAATG	TRUE
AMRU_Ao_GTGCATACAGCTGCTG	AMRU_Ao	GTGCATACAGCTGCTG	AMRU	SRR11008278	278_GTGCATACAGCTGCTG	TRUE
AMRU_Ao_GTGCATATCAATAAGG	AMRU_Ao	GTGCATATCAATAAGG	AMRU	SRR11008278	278_GTGCATATCAATAAGG	TRUE
AMRU_Ao_GTGCGGTAGCGTCTAT	AMRU_Ao	GTGCGGTAGCGTCTAT	AMRU	SRR11008278	278_GTGCGGTAGCGTCTAT	TRUE
AMRU_Ao_GTGCGGTCAGATTGCT	AMRU_Ao	GTGCGGTCAGATTGCT	AMRU	SRR11008278	278_GTGCGGTCAGATTGCT	TRUE
AMRU_Ao_GTGCGGTGTAAGAGGA	AMRU_Ao	GTGCGGTGTAAGAGGA	AMRU	SRR11008278	278_GTGCGGTGTAAGAGGA	TRUE
AMRU_Ao_GTGCGGTTCAGCTGGC	AMRU_Ao	GTGCGGTTCAGCTGGC	AMRU	SRR11008278	278_GTGCGGTTCAGCTGGC	TRUE
AMRU_Ao_GTGCTTCCACCGATAT	AMRU_Ao	GTGCTTCCACCGATAT	AMRU	SRR11008278	278_GTGCTTCCACCGATAT	TRUE
AMRU_Ao_GTGCTTCCAGCTATTG	AMRU_Ao	GTGCTTCCAGCTATTG	AMRU	SRR11008278	278_GTGCTTCCAGCTATTG	TRUE
AMRU_Ao_GTGCTTCCATCCAACA	AMRU_Ao	GTGCTTCCATCCAACA	AMRU	SRR11008278	278_GTGCTTCCATCCAACA	TRUE
AMRU_Ao_GTGCTTCCATTAGCCA	AMRU_Ao	GTGCTTCCATTAGCCA	AMRU	SRR11008278	278_GTGCTTCCATTAGCCA	TRUE
AMRU_Ao_GTGCTTCGTAATCACC	AMRU_Ao	GTGCTTCGTAATCACC	AMRU	SRR11008278	278_GTGCTTCGTAATCACC	TRUE
AMRU_Ao_GTGGGTCCACATAACC	AMRU_Ao	GTGGGTCCACATAACC	AMRU	SRR11008278	278_GTGGGTCCACATAACC	TRUE
AMRU_Ao_GTGGGTCCACATGTGT	AMRU_Ao	GTGGGTCCACATGTGT	AMRU	SRR11008278	278_GTGGGTCCACATGTGT	TRUE
AMRU_Ao_GTGGGTCCACGACTCG	AMRU_Ao	GTGGGTCCACGACTCG	AMRU	SRR11008278	278_GTGGGTCCACGACTCG	TRUE
AMRU_Ao_GTGGGTCCATTTCAGG	AMRU_Ao	GTGGGTCCATTTCAGG	AMRU	SRR11008278	278_GTGGGTCCATTTCAGG	TRUE
AMRU_Ao_GTGGGTCGTAAGGGCT	AMRU_Ao	GTGGGTCGTAAGGGCT	AMRU	SRR11008278	278_GTGGGTCGTAAGGGCT	TRUE
AMRU_Ao_GTGGGTCTCTGCTGCT	AMRU_Ao	GTGGGTCTCTGCTGCT	AMRU	SRR11008278	278_GTGGGTCTCTGCTGCT	TRUE
AMRU_Ao_GTGTGCGGTCTCTTTA	AMRU_Ao	GTGTGCGGTCTCTTTA	AMRU	SRR11008278	278_GTGTGCGGTCTCTTTA	TRUE
AMRU_Ao_GTGTGCGGTGTTTGGT	AMRU_Ao	GTGTGCGGTGTTTGGT	AMRU	SRR11008278	278_GTGTGCGGTGTTTGGT	TRUE
AMRU_Ao_GTGTTAGAGCGGATCA	AMRU_Ao	GTGTTAGAGCGGATCA	AMRU	SRR11008278	278_GTGTTAGAGCGGATCA	TRUE
AMRU_Ao_GTGTTAGCACCAACCG	AMRU_Ao	GTGTTAGCACCAACCG	AMRU	SRR11008278	278_GTGTTAGCACCAACCG	TRUE
AMRU_Ao_GTTAAGCAGGACTGGT	AMRU_Ao	GTTAAGCAGGACTGGT	AMRU	SRR11008278	278_GTTAAGCAGGACTGGT	TRUE
AMRU_Ao_GTTAAGCGTGACTACT	AMRU_Ao	GTTAAGCGTGACTACT	AMRU	SRR11008278	278_GTTAAGCGTGACTACT	TRUE
AMRU_Ao_GTTAAGCTCTGATACG	AMRU_Ao	GTTAAGCTCTGATACG	AMRU	SRR11008278	278_GTTAAGCTCTGATACG	TRUE
AMRU_Ao_GTTACAGAGCTAGCCC	AMRU_Ao	GTTACAGAGCTAGCCC	AMRU	SRR11008278	278_GTTACAGAGCTAGCCC	TRUE
AMRU_Ao_GTTACAGAGGGTTCCC	AMRU_Ao	GTTACAGAGGGTTCCC	AMRU	SRR11008278	278_GTTACAGAGGGTTCCC	TRUE
AMRU_Ao_GTTACAGCAGCTGCAC	AMRU_Ao	GTTACAGCAGCTGCAC	AMRU	SRR11008278	278_GTTACAGCAGCTGCAC	TRUE
AMRU_Ao_GTTACAGGTGCCTGCA	AMRU_Ao	GTTACAGGTGCCTGCA	AMRU	SRR11008278	278_GTTACAGGTGCCTGCA	TRUE
AMRU_Ao_GTTACAGTCCACGTTC	AMRU_Ao	GTTACAGTCCACGTTC	AMRU	SRR11008278	278_GTTACAGTCCACGTTC	TRUE
AMRU_Ao_GTTACAGTCTTAGAGC	AMRU_Ao	GTTACAGTCTTAGAGC	AMRU	SRR11008278	278_GTTACAGTCTTAGAGC	TRUE
AMRU_Ao_GTTCATTAGACTAGGC	AMRU_Ao	GTTCATTAGACTAGGC	AMRU	SRR11008278	278_GTTCATTAGACTAGGC	TRUE
AMRU_Ao_GTTCATTAGTCGATAA	AMRU_Ao	GTTCATTAGTCGATAA	AMRU	SRR11008278	278_GTTCATTAGTCGATAA	TRUE
AMRU_Ao_GTTCATTCAAACTGTC	AMRU_Ao	GTTCATTCAAACTGTC	AMRU	SRR11008278	278_GTTCATTCAAACTGTC	TRUE
AMRU_Ao_GTTCATTGTCTCTTAT	AMRU_Ao	GTTCATTGTCTCTTAT	AMRU	SRR11008278	278_GTTCATTGTCTCTTAT	TRUE
AMRU_Ao_GTTCATTTCGAATGCT	AMRU_Ao	GTTCATTTCGAATGCT	AMRU	SRR11008278	278_GTTCATTTCGAATGCT	TRUE
AMRU_Ao_GTTCATTTCTGCAAGT	AMRU_Ao	GTTCATTTCTGCAAGT	AMRU	SRR11008278	278_GTTCATTTCTGCAAGT	TRUE
AMRU_Ao_GTTCGGGAGCTATGCT	AMRU_Ao	GTTCGGGAGCTATGCT	AMRU	SRR11008278	278_GTTCGGGAGCTATGCT	TRUE
AMRU_Ao_GTTCGGGGTTGGGACA	AMRU_Ao	GTTCGGGGTTGGGACA	AMRU	SRR11008278	278_GTTCGGGGTTGGGACA	TRUE
AMRU_Ao_GTTCTCGAGGGTTCCC	AMRU_Ao	GTTCTCGAGGGTTCCC	AMRU	SRR11008278	278_GTTCTCGAGGGTTCCC	TRUE
AMRU_Ao_GTTCTCGCACCATCCT	AMRU_Ao	GTTCTCGCACCATCCT	AMRU	SRR11008278	278_GTTCTCGCACCATCCT	TRUE
AMRU_Ao_GTTCTCGGTCGACTAT	AMRU_Ao	GTTCTCGGTCGACTAT	AMRU	SRR11008278	278_GTTCTCGGTCGACTAT	TRUE
AMRU_Ao_GTTCTCGTCATCGCTC	AMRU_Ao	GTTCTCGTCATCGCTC	AMRU	SRR11008278	278_GTTCTCGTCATCGCTC	TRUE
AMRU_Ao_GTTTCTAAGCCCGAAA	AMRU_Ao	GTTTCTAAGCCCGAAA	AMRU	SRR11008278	278_GTTTCTAAGCCCGAAA	TRUE
AMRU_Ao_GTTTCTAAGTATCGAA	AMRU_Ao	GTTTCTAAGTATCGAA	AMRU	SRR11008278	278_GTTTCTAAGTATCGAA	TRUE
AMRU_Ao_GTTTCTAGTCCGAAGA	AMRU_Ao	GTTTCTAGTCCGAAGA	AMRU	SRR11008278	278_GTTTCTAGTCCGAAGA	TRUE
AMRU_Ao_GTTTCTATCGGCGGTT	AMRU_Ao	GTTTCTATCGGCGGTT	AMRU	SRR11008278	278_GTTTCTATCGGCGGTT	TRUE
AMRU_Ao_TAAACCGCAGCTGTGC	AMRU_Ao	TAAACCGCAGCTGTGC	AMRU	SRR11008278	278_TAAACCGCAGCTGTGC	TRUE
AMRU_Ao_TAAACCGCATTGAGCT	AMRU_Ao	TAAACCGCATTGAGCT	AMRU	SRR11008278	278_TAAACCGCATTGAGCT	TRUE
AMRU_Ao_TAAACCGGTACAGTGG	AMRU_Ao	TAAACCGGTACAGTGG	AMRU	SRR11008278	278_TAAACCGGTACAGTGG	TRUE
AMRU_Ao_TAAACCGGTTCACGGC	AMRU_Ao	TAAACCGGTTCACGGC	AMRU	SRR11008278	278_TAAACCGGTTCACGGC	TRUE
AMRU_Ao_TAAACCGTCGATGAGG	AMRU_Ao	TAAACCGTCGATGAGG	AMRU	SRR11008278	278_TAAACCGTCGATGAGG	TRUE
AMRU_Ao_TAAACCGTCGTACCGG	AMRU_Ao	TAAACCGTCGTACCGG	AMRU	SRR11008278	278_TAAACCGTCGTACCGG	TRUE
AMRU_Ao_TAAACCGTCTAAGCCA	AMRU_Ao	TAAACCGTCTAAGCCA	AMRU	SRR11008278	278_TAAACCGTCTAAGCCA	TRUE
AMRU_Ao_TAAGAGACAACAACCT	AMRU_Ao	TAAGAGACAACAACCT	AMRU	SRR11008278	278_TAAGAGACAACAACCT	TRUE
AMRU_Ao_TAAGAGACAATAACGA	AMRU_Ao	TAAGAGACAATAACGA	AMRU	SRR11008278	278_TAAGAGACAATAACGA	TRUE
AMRU_Ao_TAAGAGACATTTGCCC	AMRU_Ao	TAAGAGACATTTGCCC	AMRU	SRR11008278	278_TAAGAGACATTTGCCC	TRUE
AMRU_Ao_TAAGAGATCCTAGGGC	AMRU_Ao	TAAGAGATCCTAGGGC	AMRU	SRR11008278	278_TAAGAGATCCTAGGGC	TRUE
AMRU_Ao_TAAGCGTCAGCCAGAA	AMRU_Ao	TAAGCGTCAGCCAGAA	AMRU	SRR11008278	278_TAAGCGTCAGCCAGAA	TRUE
AMRU_Ao_TAAGCGTGTCGGCTCA	AMRU_Ao	TAAGCGTGTCGGCTCA	AMRU	SRR11008278	278_TAAGCGTGTCGGCTCA	FALSE
AMRU_Ao_TAAGTGCAGGTTACCT	AMRU_Ao	TAAGTGCAGGTTACCT	AMRU	SRR11008278	278_TAAGTGCAGGTTACCT	TRUE
AMRU_Ao_TAAGTGCAGTGAACGC	AMRU_Ao	TAAGTGCAGTGAACGC	AMRU	SRR11008278	278_TAAGTGCAGTGAACGC	TRUE
AMRU_Ao_TAAGTGCTCAGAGCTT	AMRU_Ao	TAAGTGCTCAGAGCTT	AMRU	SRR11008278	278_TAAGTGCTCAGAGCTT	TRUE
AMRU_Ao_TAAGTGCTCCCTGACT	AMRU_Ao	TAAGTGCTCCCTGACT	AMRU	SRR11008278	278_TAAGTGCTCCCTGACT	TRUE
AMRU_Ao_TACACGACACCAGCAC	AMRU_Ao	TACACGACACCAGCAC	AMRU	SRR11008278	278_TACACGACACCAGCAC	TRUE
AMRU_Ao_TACAGTGAGAAACGAG	AMRU_Ao	TACAGTGAGAAACGAG	AMRU	SRR11008278	278_TACAGTGAGAAACGAG	TRUE
AMRU_Ao_TACAGTGTCCTCATTA	AMRU_Ao	TACAGTGTCCTCATTA	AMRU	SRR11008278	278_TACAGTGTCCTCATTA	TRUE
AMRU_Ao_TACAGTGTCCTGCAGG	AMRU_Ao	TACAGTGTCCTGCAGG	AMRU	SRR11008278	278_TACAGTGTCCTGCAGG	TRUE
AMRU_Ao_TACCTATAGAGTTGGC	AMRU_Ao	TACCTATAGAGTTGGC	AMRU	SRR11008278	278_TACCTATAGAGTTGGC	TRUE
AMRU_Ao_TACCTTAAGCTCCTCT	AMRU_Ao	TACCTTAAGCTCCTCT	AMRU	SRR11008278	278_TACCTTAAGCTCCTCT	FALSE
AMRU_Ao_TACCTTACAAATTGCC	AMRU_Ao	TACCTTACAAATTGCC	AMRU	SRR11008278	278_TACCTTACAAATTGCC	TRUE
AMRU_Ao_TACCTTATCAGCACAT	AMRU_Ao	TACCTTATCAGCACAT	AMRU	SRR11008278	278_TACCTTATCAGCACAT	TRUE
AMRU_Ao_TACCTTATCTGCCAGG	AMRU_Ao	TACCTTATCTGCCAGG	AMRU	SRR11008278	278_TACCTTATCTGCCAGG	TRUE
AMRU_Ao_TACGGATAGTGCCAGA	AMRU_Ao	TACGGATAGTGCCAGA	AMRU	SRR11008278	278_TACGGATAGTGCCAGA	TRUE
AMRU_Ao_TACGGATCAGTTCCCT	AMRU_Ao	TACGGATCAGTTCCCT	AMRU	SRR11008278	278_TACGGATCAGTTCCCT	TRUE
AMRU_Ao_TACGGATGTTTGACAC	AMRU_Ao	TACGGATGTTTGACAC	AMRU	SRR11008278	278_TACGGATGTTTGACAC	TRUE
AMRU_Ao_TACGGATTCACCGTAA	AMRU_Ao	TACGGATTCACCGTAA	AMRU	SRR11008278	278_TACGGATTCACCGTAA	TRUE
AMRU_Ao_TACGGGCAGCGATAGC	AMRU_Ao	TACGGGCAGCGATAGC	AMRU	SRR11008278	278_TACGGGCAGCGATAGC	TRUE
AMRU_Ao_TACGGGCCAAGGACAC	AMRU_Ao	TACGGGCCAAGGACAC	AMRU	SRR11008278	278_TACGGGCCAAGGACAC	TRUE
AMRU_Ao_TACGGGCCACTGAAGG	AMRU_Ao	TACGGGCCACTGAAGG	AMRU	SRR11008278	278_TACGGGCCACTGAAGG	TRUE
AMRU_Ao_TACGGGCGTCGTCTTC	AMRU_Ao	TACGGGCGTCGTCTTC	AMRU	SRR11008278	278_TACGGGCGTCGTCTTC	TRUE
AMRU_Ao_TACGGGCGTGCAGACA	AMRU_Ao	TACGGGCGTGCAGACA	AMRU	SRR11008278	278_TACGGGCGTGCAGACA	TRUE
AMRU_Ao_TACGGGCGTTGTACAC	AMRU_Ao	TACGGGCGTTGTACAC	AMRU	SRR11008278	278_TACGGGCGTTGTACAC	TRUE
AMRU_Ao_TACGGTAAGAGGGCTT	AMRU_Ao	TACGGTAAGAGGGCTT	AMRU	SRR11008278	278_TACGGTAAGAGGGCTT	TRUE
AMRU_Ao_TACGGTAAGGTGCTAG	AMRU_Ao	TACGGTAAGGTGCTAG	AMRU	SRR11008278	278_TACGGTAAGGTGCTAG	TRUE
AMRU_Ao_TACGGTAAGTGTCCAT	AMRU_Ao	TACGGTAAGTGTCCAT	AMRU	SRR11008278	278_TACGGTAAGTGTCCAT	TRUE
AMRU_Ao_TACGGTATCATGCTCC	AMRU_Ao	TACGGTATCATGCTCC	AMRU	SRR11008278	278_TACGGTATCATGCTCC	TRUE
AMRU_Ao_TACTCATAGTGGAGAA	AMRU_Ao	TACTCATAGTGGAGAA	AMRU	SRR11008278	278_TACTCATAGTGGAGAA	TRUE
AMRU_Ao_TACTCATGTGCAGGTA	AMRU_Ao	TACTCATGTGCAGGTA	AMRU	SRR11008278	278_TACTCATGTGCAGGTA	TRUE
AMRU_Ao_TACTCGCGTCCAGTGC	AMRU_Ao	TACTCGCGTCCAGTGC	AMRU	SRR11008278	278_TACTCGCGTCCAGTGC	TRUE
AMRU_Ao_TACTCGCTCGATAGAA	AMRU_Ao	TACTCGCTCGATAGAA	AMRU	SRR11008278	278_TACTCGCTCGATAGAA	TRUE
AMRU_Ao_TACTCGCTCGGAAACG	AMRU_Ao	TACTCGCTCGGAAACG	AMRU	SRR11008278	278_TACTCGCTCGGAAACG	TRUE
AMRU_Ao_TACTTACGTCATCCCT	AMRU_Ao	TACTTACGTCATCCCT	AMRU	SRR11008278	278_TACTTACGTCATCCCT	TRUE
AMRU_Ao_TACTTGTAGGCCGAAT	AMRU_Ao	TACTTGTAGGCCGAAT	AMRU	SRR11008278	278_TACTTGTAGGCCGAAT	TRUE
AMRU_Ao_TACTTGTAGTGGTAGC	AMRU_Ao	TACTTGTAGTGGTAGC	AMRU	SRR11008278	278_TACTTGTAGTGGTAGC	TRUE
AMRU_Ao_TACTTGTGTAAAGGAG	AMRU_Ao	TACTTGTGTAAAGGAG	AMRU	SRR11008278	278_TACTTGTGTAAAGGAG	TRUE
AMRU_Ao_TACTTGTGTCCGTTAA	AMRU_Ao	TACTTGTGTCCGTTAA	AMRU	SRR11008278	278_TACTTGTGTCCGTTAA	TRUE
AMRU_Ao_TACTTGTTCACCTTAT	AMRU_Ao	TACTTGTTCACCTTAT	AMRU	SRR11008278	278_TACTTGTTCACCTTAT	TRUE
AMRU_Ao_TAGACCACAATTCCTT	AMRU_Ao	TAGACCACAATTCCTT	AMRU	SRR11008278	278_TAGACCACAATTCCTT	TRUE
AMRU_Ao_TAGAGCTGTCGAAAGC	AMRU_Ao	TAGAGCTGTCGAAAGC	AMRU	SRR11008278	278_TAGAGCTGTCGAAAGC	TRUE
AMRU_Ao_TAGAGCTGTCTCTTTA	AMRU_Ao	TAGAGCTGTCTCTTTA	AMRU	SRR11008278	278_TAGAGCTGTCTCTTTA	TRUE
AMRU_Ao_TAGCCGGAGCGTTGCC	AMRU_Ao	TAGCCGGAGCGTTGCC	AMRU	SRR11008278	278_TAGCCGGAGCGTTGCC	TRUE
AMRU_Ao_TAGCCGGAGTACACCT	AMRU_Ao	TAGCCGGAGTACACCT	AMRU	SRR11008278	278_TAGCCGGAGTACACCT	TRUE
AMRU_Ao_TAGCCGGGTAGCTTGT	AMRU_Ao	TAGCCGGGTAGCTTGT	AMRU	SRR11008278	278_TAGCCGGGTAGCTTGT	TRUE
AMRU_Ao_TAGCCGGGTCATCCCT	AMRU_Ao	TAGCCGGGTCATCCCT	AMRU	SRR11008278	278_TAGCCGGGTCATCCCT	TRUE
AMRU_Ao_TAGCCGGGTTTGTGTG	AMRU_Ao	TAGCCGGGTTTGTGTG	AMRU	SRR11008278	278_TAGCCGGGTTTGTGTG	TRUE
AMRU_Ao_TAGCCGGTCATAGCAC	AMRU_Ao	TAGCCGGTCATAGCAC	AMRU	SRR11008278	278_TAGCCGGTCATAGCAC	TRUE
AMRU_Ao_TAGCCGGTCCTTGCCA	AMRU_Ao	TAGCCGGTCCTTGCCA	AMRU	SRR11008278	278_TAGCCGGTCCTTGCCA	TRUE
AMRU_Ao_TAGGCATAGCGGATCA	AMRU_Ao	TAGGCATAGCGGATCA	AMRU	SRR11008278	278_TAGGCATAGCGGATCA	TRUE
AMRU_Ao_TAGGCATGTAGCTTGT	AMRU_Ao	TAGGCATGTAGCTTGT	AMRU	SRR11008278	278_TAGGCATGTAGCTTGT	TRUE
AMRU_Ao_TAGTGGTAGGGCTTCC	AMRU_Ao	TAGTGGTAGGGCTTCC	AMRU	SRR11008278	278_TAGTGGTAGGGCTTCC	TRUE
AMRU_Ao_TAGTGGTGTTAGGGTG	AMRU_Ao	TAGTGGTGTTAGGGTG	AMRU	SRR11008278	278_TAGTGGTGTTAGGGTG	TRUE
AMRU_Ao_TAGTGGTTCGAATCCA	AMRU_Ao	TAGTGGTTCGAATCCA	AMRU	SRR11008278	278_TAGTGGTTCGAATCCA	TRUE
AMRU_Ao_TAGTTGGGTTGTCGCG	AMRU_Ao	TAGTTGGGTTGTCGCG	AMRU	SRR11008278	278_TAGTTGGGTTGTCGCG	TRUE
AMRU_Ao_TAGTTGGTCTCGCTTG	AMRU_Ao	TAGTTGGTCTCGCTTG	AMRU	SRR11008278	278_TAGTTGGTCTCGCTTG	TRUE
AMRU_Ao_TATCAGGAGTCGTACT	AMRU_Ao	TATCAGGAGTCGTACT	AMRU	SRR11008278	278_TATCAGGAGTCGTACT	TRUE
AMRU_Ao_TATCAGGCAGTCGATT	AMRU_Ao	TATCAGGCAGTCGATT	AMRU	SRR11008278	278_TATCAGGCAGTCGATT	TRUE
AMRU_Ao_TATCAGGGTATGGTTC	AMRU_Ao	TATCAGGGTATGGTTC	AMRU	SRR11008278	278_TATCAGGGTATGGTTC	TRUE
AMRU_Ao_TATCAGGGTCTCCCTA	AMRU_Ao	TATCAGGGTCTCCCTA	AMRU	SRR11008278	278_TATCAGGGTCTCCCTA	TRUE
AMRU_Ao_TATCTCAAGGTGGGTT	AMRU_Ao	TATCTCAAGGTGGGTT	AMRU	SRR11008278	278_TATCTCAAGGTGGGTT	TRUE
AMRU_Ao_TATCTCACAAAGGAAG	AMRU_Ao	TATCTCACAAAGGAAG	AMRU	SRR11008278	278_TATCTCACAAAGGAAG	TRUE
AMRU_Ao_TATCTCACACAGCGTC	AMRU_Ao	TATCTCACACAGCGTC	AMRU	SRR11008278	278_TATCTCACACAGCGTC	TRUE
AMRU_Ao_TATCTCACAGTGGGAT	AMRU_Ao	TATCTCACAGTGGGAT	AMRU	SRR11008278	278_TATCTCACAGTGGGAT	TRUE
AMRU_Ao_TATCTCAGTCGCGGTT	AMRU_Ao	TATCTCAGTCGCGGTT	AMRU	SRR11008278	278_TATCTCAGTCGCGGTT	TRUE
AMRU_Ao_TATGCCCAGTGTACGG	AMRU_Ao	TATGCCCAGTGTACGG	AMRU	SRR11008278	278_TATGCCCAGTGTACGG	TRUE
AMRU_Ao_TATGCCCCACTTACGA	AMRU_Ao	TATGCCCCACTTACGA	AMRU	SRR11008278	278_TATGCCCCACTTACGA	TRUE
AMRU_Ao_TATGCCCTCAACACGT	AMRU_Ao	TATGCCCTCAACACGT	AMRU	SRR11008278	278_TATGCCCTCAACACGT	TRUE
AMRU_Ao_TATTACCCAAGTCTAC	AMRU_Ao	TATTACCCAAGTCTAC	AMRU	SRR11008278	278_TATTACCCAAGTCTAC	TRUE
AMRU_Ao_TCAACGAAGTCCTCCT	AMRU_Ao	TCAACGAAGTCCTCCT	AMRU	SRR11008278	278_TCAACGAAGTCCTCCT	TRUE
AMRU_Ao_TCAACGATCCCGACTT	AMRU_Ao	TCAACGATCCCGACTT	AMRU	SRR11008278	278_TCAACGATCCCGACTT	TRUE
AMRU_Ao_TCAACGATCTTTAGTC	AMRU_Ao	TCAACGATCTTTAGTC	AMRU	SRR11008278	278_TCAACGATCTTTAGTC	TRUE
AMRU_Ao_TCAATCTCACCGTTGG	AMRU_Ao	TCAATCTCACCGTTGG	AMRU	SRR11008278	278_TCAATCTCACCGTTGG	TRUE
AMRU_Ao_TCAATCTCAGACAGGT	AMRU_Ao	TCAATCTCAGACAGGT	AMRU	SRR11008278	278_TCAATCTCAGACAGGT	TRUE
AMRU_Ao_TCAATCTCATCCCATC	AMRU_Ao	TCAATCTCATCCCATC	AMRU	SRR11008278	278_TCAATCTCATCCCATC	TRUE
AMRU_Ao_TCAATCTTCTATCGCC	AMRU_Ao	TCAATCTTCTATCGCC	AMRU	SRR11008278	278_TCAATCTTCTATCGCC	TRUE
AMRU_Ao_TCAATCTTCTGGTTCC	AMRU_Ao	TCAATCTTCTGGTTCC	AMRU	SRR11008278	278_TCAATCTTCTGGTTCC	TRUE
AMRU_Ao_TCACAAGCATCAGTCA	AMRU_Ao	TCACAAGCATCAGTCA	AMRU	SRR11008278	278_TCACAAGCATCAGTCA	TRUE
AMRU_Ao_TCACAAGGTAGCTTGT	AMRU_Ao	TCACAAGGTAGCTTGT	AMRU	SRR11008278	278_TCACAAGGTAGCTTGT	TRUE
AMRU_Ao_TCACAAGGTTGAGTTC	AMRU_Ao	TCACAAGGTTGAGTTC	AMRU	SRR11008278	278_TCACAAGGTTGAGTTC	TRUE
AMRU_Ao_TCACAAGTCCCTTGTG	AMRU_Ao	TCACAAGTCCCTTGTG	AMRU	SRR11008278	278_TCACAAGTCCCTTGTG	TRUE
AMRU_Ao_TCACAAGTCTGATACG	AMRU_Ao	TCACAAGTCTGATACG	AMRU	SRR11008278	278_TCACAAGTCTGATACG	TRUE
AMRU_Ao_TCACGAAAGTGTGAAT	AMRU_Ao	TCACGAAAGTGTGAAT	AMRU	SRR11008278	278_TCACGAAAGTGTGAAT	TRUE
AMRU_Ao_TCACGAACATTCTTAC	AMRU_Ao	TCACGAACATTCTTAC	AMRU	SRR11008278	278_TCACGAACATTCTTAC	TRUE
AMRU_Ao_TCACGAATCTTGCAAG	AMRU_Ao	TCACGAATCTTGCAAG	AMRU	SRR11008278	278_TCACGAATCTTGCAAG	TRUE
AMRU_Ao_TCAGATGGTAGAGCTG	AMRU_Ao	TCAGATGGTAGAGCTG	AMRU	SRR11008278	278_TCAGATGGTAGAGCTG	TRUE
AMRU_Ao_TCAGATGTCTTCGAGA	AMRU_Ao	TCAGATGTCTTCGAGA	AMRU	SRR11008278	278_TCAGATGTCTTCGAGA	TRUE
AMRU_Ao_TCAGCAAAGACGACGT	AMRU_Ao	TCAGCAAAGACGACGT	AMRU	SRR11008278	278_TCAGCAAAGACGACGT	TRUE
AMRU_Ao_TCAGCAACATACTCTT	AMRU_Ao	TCAGCAACATACTCTT	AMRU	SRR11008278	278_TCAGCAACATACTCTT	TRUE
AMRU_Ao_TCAGCAAGTACTTAGC	AMRU_Ao	TCAGCAAGTACTTAGC	AMRU	SRR11008278	278_TCAGCAAGTACTTAGC	TRUE
AMRU_Ao_TCAGCTCAGACTACAA	AMRU_Ao	TCAGCTCAGACTACAA	AMRU	SRR11008278	278_TCAGCTCAGACTACAA	TRUE
AMRU_Ao_TCAGCTCCACGGCGTT	AMRU_Ao	TCAGCTCCACGGCGTT	AMRU	SRR11008278	278_TCAGCTCCACGGCGTT	TRUE
AMRU_Ao_TCAGCTCGTCATCGGC	AMRU_Ao	TCAGCTCGTCATCGGC	AMRU	SRR11008278	278_TCAGCTCGTCATCGGC	TRUE
AMRU_Ao_TCAGCTCGTGGTTTCA	AMRU_Ao	TCAGCTCGTGGTTTCA	AMRU	SRR11008278	278_TCAGCTCGTGGTTTCA	TRUE
AMRU_Ao_TCAGGATTCTGATACG	AMRU_Ao	TCAGGATTCTGATACG	AMRU	SRR11008278	278_TCAGGATTCTGATACG	TRUE
AMRU_Ao_TCAGGATTCTTCTGGC	AMRU_Ao	TCAGGATTCTTCTGGC	AMRU	SRR11008278	278_TCAGGATTCTTCTGGC	TRUE
AMRU_Ao_TCATTACGTTAGAACA	AMRU_Ao	TCATTACGTTAGAACA	AMRU	SRR11008278	278_TCATTACGTTAGAACA	TRUE
AMRU_Ao_TCATTACTCAACGAAA	AMRU_Ao	TCATTACTCAACGAAA	AMRU	SRR11008278	278_TCATTACTCAACGAAA	TRUE
AMRU_Ao_TCATTTGAGCACCGTC	AMRU_Ao	TCATTTGAGCACCGTC	AMRU	SRR11008278	278_TCATTTGAGCACCGTC	TRUE
AMRU_Ao_TCATTTGAGCCGGTAA	AMRU_Ao	TCATTTGAGCCGGTAA	AMRU	SRR11008278	278_TCATTTGAGCCGGTAA	TRUE
AMRU_Ao_TCATTTGAGGATGTAT	AMRU_Ao	TCATTTGAGGATGTAT	AMRU	SRR11008278	278_TCATTTGAGGATGTAT	TRUE
AMRU_Ao_TCCACACCAAATCCGT	AMRU_Ao	TCCACACCAAATCCGT	AMRU	SRR11008278	278_TCCACACCAAATCCGT	TRUE
AMRU_Ao_TCCACACCACGTCAGC	AMRU_Ao	TCCACACCACGTCAGC	AMRU	SRR11008278	278_TCCACACCACGTCAGC	TRUE
AMRU_Ao_TCCACACTCTGCCAGG	AMRU_Ao	TCCACACTCTGCCAGG	AMRU	SRR11008278	278_TCCACACTCTGCCAGG	TRUE
AMRU_Ao_TCCCGATCAAGTAGTA	AMRU_Ao	TCCCGATCAAGTAGTA	AMRU	SRR11008278	278_TCCCGATCAAGTAGTA	TRUE
AMRU_Ao_TCCCGATCATAAGACA	AMRU_Ao	TCCCGATCATAAGACA	AMRU	SRR11008278	278_TCCCGATCATAAGACA	TRUE
AMRU_Ao_TCCCGATGTACGAAAT	AMRU_Ao	TCCCGATGTACGAAAT	AMRU	SRR11008278	278_TCCCGATGTACGAAAT	TRUE
AMRU_Ao_TCCCGATGTCGACTGC	AMRU_Ao	TCCCGATGTCGACTGC	AMRU	SRR11008278	278_TCCCGATGTCGACTGC	TRUE
AMRU_Ao_TCGCGAGGTCTAAACC	AMRU_Ao	TCGCGAGGTCTAAACC	AMRU	SRR11008278	278_TCGCGAGGTCTAAACC	TRUE
AMRU_Ao_TCGCGTTAGCTAGTGG	AMRU_Ao	TCGCGTTAGCTAGTGG	AMRU	SRR11008278	278_TCGCGTTAGCTAGTGG	TRUE
AMRU_Ao_TCGCGTTCATCATCCC	AMRU_Ao	TCGCGTTCATCATCCC	AMRU	SRR11008278	278_TCGCGTTCATCATCCC	TRUE
AMRU_Ao_TCGCGTTTCAAGGCTT	AMRU_Ao	TCGCGTTTCAAGGCTT	AMRU	SRR11008278	278_TCGCGTTTCAAGGCTT	TRUE
AMRU_Ao_TCGGGACAGTCCCACG	AMRU_Ao	TCGGGACAGTCCCACG	AMRU	SRR11008278	278_TCGGGACAGTCCCACG	TRUE
AMRU_Ao_TCGGGACAGTTATCGC	AMRU_Ao	TCGGGACAGTTATCGC	AMRU	SRR11008278	278_TCGGGACAGTTATCGC	TRUE
AMRU_Ao_TCGGGACCAGTATAAG	AMRU_Ao	TCGGGACCAGTATAAG	AMRU	SRR11008278	278_TCGGGACCAGTATAAG	TRUE
AMRU_Ao_TCGGGACGTCATATGC	AMRU_Ao	TCGGGACGTCATATGC	AMRU	SRR11008278	278_TCGGGACGTCATATGC	TRUE
AMRU_Ao_TCGGGACTCATCACCC	AMRU_Ao	TCGGGACTCATCACCC	AMRU	SRR11008278	278_TCGGGACTCATCACCC	TRUE
AMRU_Ao_TCGGGACTCTTAGAGC	AMRU_Ao	TCGGGACTCTTAGAGC	AMRU	SRR11008278	278_TCGGGACTCTTAGAGC	TRUE
AMRU_Ao_TCGGTAACACAGACTT	AMRU_Ao	TCGGTAACACAGACTT	AMRU	SRR11008278	278_TCGGTAACACAGACTT	TRUE
AMRU_Ao_TCGGTAAGTAAACGCG	AMRU_Ao	TCGGTAAGTAAACGCG	AMRU	SRR11008278	278_TCGGTAAGTAAACGCG	TRUE
AMRU_Ao_TCGGTAAGTCACACGC	AMRU_Ao	TCGGTAAGTCACACGC	AMRU	SRR11008278	278_TCGGTAAGTCACACGC	TRUE
AMRU_Ao_TCGGTAAGTTAAGGGC	AMRU_Ao	TCGGTAAGTTAAGGGC	AMRU	SRR11008278	278_TCGGTAAGTTAAGGGC	TRUE
AMRU_Ao_TCGTACCCAGCGTCCA	AMRU_Ao	TCGTACCCAGCGTCCA	AMRU	SRR11008278	278_TCGTACCCAGCGTCCA	TRUE
AMRU_Ao_TCGTACCCATATACCG	AMRU_Ao	TCGTACCCATATACCG	AMRU	SRR11008278	278_TCGTACCCATATACCG	TRUE
AMRU_Ao_TCGTACCGTTCAGTAC	AMRU_Ao	TCGTACCGTTCAGTAC	AMRU	SRR11008278	278_TCGTACCGTTCAGTAC	TRUE
AMRU_Ao_TCGTACCTCAAACAAG	AMRU_Ao	TCGTACCTCAAACAAG	AMRU	SRR11008278	278_TCGTACCTCAAACAAG	TRUE
AMRU_Ao_TCGTAGAGTCCAGTAT	AMRU_Ao	TCGTAGAGTCCAGTAT	AMRU	SRR11008278	278_TCGTAGAGTCCAGTAT	TRUE
AMRU_Ao_TCGTAGATCCGTCAAA	AMRU_Ao	TCGTAGATCCGTCAAA	AMRU	SRR11008278	278_TCGTAGATCCGTCAAA	TRUE
AMRU_Ao_TCGTAGATCGCTTGTC	AMRU_Ao	TCGTAGATCGCTTGTC	AMRU	SRR11008278	278_TCGTAGATCGCTTGTC	TRUE
AMRU_Ao_TCGTAGATCTACTATC	AMRU_Ao	TCGTAGATCTACTATC	AMRU	SRR11008278	278_TCGTAGATCTACTATC	TRUE
AMRU_Ao_TCGTAGATCTTGTCAT	AMRU_Ao	TCGTAGATCTTGTCAT	AMRU	SRR11008278	278_TCGTAGATCTTGTCAT	TRUE
AMRU_Ao_TCTATTGAGGAACTGC	AMRU_Ao	TCTATTGAGGAACTGC	AMRU	SRR11008278	278_TCTATTGAGGAACTGC	TRUE
AMRU_Ao_TCTATTGAGTGAATTG	AMRU_Ao	TCTATTGAGTGAATTG	AMRU	SRR11008278	278_TCTATTGAGTGAATTG	TRUE
AMRU_Ao_TCTATTGCAAATACAG	AMRU_Ao	TCTATTGCAAATACAG	AMRU	SRR11008278	278_TCTATTGCAAATACAG	TRUE
AMRU_Ao_TCTATTGCAATCGGTT	AMRU_Ao	TCTATTGCAATCGGTT	AMRU	SRR11008278	278_TCTATTGCAATCGGTT	TRUE
AMRU_Ao_TCTATTGCATGGTCAT	AMRU_Ao	TCTATTGCATGGTCAT	AMRU	SRR11008278	278_TCTATTGCATGGTCAT	TRUE
AMRU_Ao_TCTATTGGTCCGTCAG	AMRU_Ao	TCTATTGGTCCGTCAG	AMRU	SRR11008278	278_TCTATTGGTCCGTCAG	TRUE
AMRU_Ao_TCTATTGGTCTGCAAT	AMRU_Ao	TCTATTGGTCTGCAAT	AMRU	SRR11008278	278_TCTATTGGTCTGCAAT	TRUE
AMRU_Ao_TCTATTGGTTCACCTC	AMRU_Ao	TCTATTGGTTCACCTC	AMRU	SRR11008278	278_TCTATTGGTTCACCTC	TRUE
AMRU_Ao_TCTATTGTCTCCAGGG	AMRU_Ao	TCTATTGTCTCCAGGG	AMRU	SRR11008278	278_TCTATTGTCTCCAGGG	TRUE
AMRU_Ao_TCTATTGTCTCGTTTA	AMRU_Ao	TCTATTGTCTCGTTTA	AMRU	SRR11008278	278_TCTATTGTCTCGTTTA	TRUE
AMRU_Ao_TCTCATACAGTCGTGC	AMRU_Ao	TCTCATACAGTCGTGC	AMRU	SRR11008278	278_TCTCATACAGTCGTGC	TRUE
AMRU_Ao_TCTCATAGTTTGGGCC	AMRU_Ao	TCTCATAGTTTGGGCC	AMRU	SRR11008278	278_TCTCATAGTTTGGGCC	TRUE
AMRU_Ao_TCTCATATCTAACGGT	AMRU_Ao	TCTCATATCTAACGGT	AMRU	SRR11008278	278_TCTCATATCTAACGGT	TRUE
AMRU_Ao_TCTCTAAAGTCATGCT	AMRU_Ao	TCTCTAAAGTCATGCT	AMRU	SRR11008278	278_TCTCTAAAGTCATGCT	TRUE
AMRU_Ao_TCTGAGAGTGACGCCT	AMRU_Ao	TCTGAGAGTGACGCCT	AMRU	SRR11008278	278_TCTGAGAGTGACGCCT	TRUE
AMRU_Ao_TCTGAGATCATAAAGG	AMRU_Ao	TCTGAGATCATAAAGG	AMRU	SRR11008278	278_TCTGAGATCATAAAGG	TRUE
AMRU_Ao_TCTGGAAAGCGTAGTG	AMRU_Ao	TCTGGAAAGCGTAGTG	AMRU	SRR11008278	278_TCTGGAAAGCGTAGTG	TRUE
AMRU_Ao_TCTGGAAGTCTGGTCG	AMRU_Ao	TCTGGAAGTCTGGTCG	AMRU	SRR11008278	278_TCTGGAAGTCTGGTCG	TRUE
AMRU_Ao_TCTTCGGAGCGATATA	AMRU_Ao	TCTTCGGAGCGATATA	AMRU	SRR11008278	278_TCTTCGGAGCGATATA	TRUE
AMRU_Ao_TCTTCGGAGCTATGCT	AMRU_Ao	TCTTCGGAGCTATGCT	AMRU	SRR11008278	278_TCTTCGGAGCTATGCT	TRUE
AMRU_Ao_TCTTCGGCATGAGCGA	AMRU_Ao	TCTTCGGCATGAGCGA	AMRU	SRR11008278	278_TCTTCGGCATGAGCGA	TRUE
AMRU_Ao_TCTTCGGTCAACCAAC	AMRU_Ao	TCTTCGGTCAACCAAC	AMRU	SRR11008278	278_TCTTCGGTCAACCAAC	TRUE
AMRU_Ao_TCTTTCCAGGGTGTGT	AMRU_Ao	TCTTTCCAGGGTGTGT	AMRU	SRR11008278	278_TCTTTCCAGGGTGTGT	TRUE
AMRU_Ao_TCTTTCCCACCCATTC	AMRU_Ao	TCTTTCCCACCCATTC	AMRU	SRR11008278	278_TCTTTCCCACCCATTC	TRUE
AMRU_Ao_TGAAAGACACGGTGTC	AMRU_Ao	TGAAAGACACGGTGTC	AMRU	SRR11008278	278_TGAAAGACACGGTGTC	TRUE
AMRU_Ao_TGAAAGACAGCCTGTG	AMRU_Ao	TGAAAGACAGCCTGTG	AMRU	SRR11008278	278_TGAAAGACAGCCTGTG	TRUE
AMRU_Ao_TGAAAGACATCCCACT	AMRU_Ao	TGAAAGACATCCCACT	AMRU	SRR11008278	278_TGAAAGACATCCCACT	TRUE
AMRU_Ao_TGAAAGATCCTCGCAT	AMRU_Ao	TGAAAGATCCTCGCAT	AMRU	SRR11008278	278_TGAAAGATCCTCGCAT	TRUE
AMRU_Ao_TGACAACAGTTCGCGC	AMRU_Ao	TGACAACAGTTCGCGC	AMRU	SRR11008278	278_TGACAACAGTTCGCGC	TRUE
AMRU_Ao_TGACAACTCATTCACT	AMRU_Ao	TGACAACTCATTCACT	AMRU	SRR11008278	278_TGACAACTCATTCACT	TRUE
AMRU_Ao_TGACAACTCCCTAACC	AMRU_Ao	TGACAACTCCCTAACC	AMRU	SRR11008278	278_TGACAACTCCCTAACC	TRUE
AMRU_Ao_TGACGGCAGACAATAC	AMRU_Ao	TGACGGCAGACAATAC	AMRU	SRR11008278	278_TGACGGCAGACAATAC	TRUE
AMRU_Ao_TGACGGCAGCTAAACA	AMRU_Ao	TGACGGCAGCTAAACA	AMRU	SRR11008278	278_TGACGGCAGCTAAACA	TRUE
AMRU_Ao_TGACGGCAGTCGATAA	AMRU_Ao	TGACGGCAGTCGATAA	AMRU	SRR11008278	278_TGACGGCAGTCGATAA	TRUE
AMRU_Ao_TGACGGCGTGGGTATG	AMRU_Ao	TGACGGCGTGGGTATG	AMRU	SRR11008278	278_TGACGGCGTGGGTATG	TRUE
AMRU_Ao_TGACTAGTCGCGCCAA	AMRU_Ao	TGACTAGTCGCGCCAA	AMRU	SRR11008278	278_TGACTAGTCGCGCCAA	TRUE
AMRU_Ao_TGACTTTTCGTAGGTT	AMRU_Ao	TGACTTTTCGTAGGTT	AMRU	SRR11008278	278_TGACTTTTCGTAGGTT	TRUE
AMRU_Ao_TGAGAGGCATCCCATC	AMRU_Ao	TGAGAGGCATCCCATC	AMRU	SRR11008278	278_TGAGAGGCATCCCATC	TRUE
AMRU_Ao_TGAGAGGGTGACAAAT	AMRU_Ao	TGAGAGGGTGACAAAT	AMRU	SRR11008278	278_TGAGAGGGTGACAAAT	TRUE
AMRU_Ao_TGAGCATAGGAGTTTA	AMRU_Ao	TGAGCATAGGAGTTTA	AMRU	SRR11008278	278_TGAGCATAGGAGTTTA	TRUE
AMRU_Ao_TGAGCATCACCCATTC	AMRU_Ao	TGAGCATCACCCATTC	AMRU	SRR11008278	278_TGAGCATCACCCATTC	TRUE
AMRU_Ao_TGAGCATCAGCGTCCA	AMRU_Ao	TGAGCATCAGCGTCCA	AMRU	SRR11008278	278_TGAGCATCAGCGTCCA	TRUE
AMRU_Ao_TGAGCATGTAGCTCCG	AMRU_Ao	TGAGCATGTAGCTCCG	AMRU	SRR11008278	278_TGAGCATGTAGCTCCG	FALSE
AMRU_Ao_TGAGCATGTTGCGTTA	AMRU_Ao	TGAGCATGTTGCGTTA	AMRU	SRR11008278	278_TGAGCATGTTGCGTTA	TRUE
AMRU_Ao_TGAGCATTCGTTGCCT	AMRU_Ao	TGAGCATTCGTTGCCT	AMRU	SRR11008278	278_TGAGCATTCGTTGCCT	TRUE
AMRU_Ao_TGAGCCGCAATAGCGG	AMRU_Ao	TGAGCCGCAATAGCGG	AMRU	SRR11008278	278_TGAGCCGCAATAGCGG	FALSE
AMRU_Ao_TGAGCCGGTCGCTTTC	AMRU_Ao	TGAGCCGGTCGCTTTC	AMRU	SRR11008278	278_TGAGCCGGTCGCTTTC	TRUE
AMRU_Ao_TGAGCCGGTGAGTATA	AMRU_Ao	TGAGCCGGTGAGTATA	AMRU	SRR11008278	278_TGAGCCGGTGAGTATA	TRUE
AMRU_Ao_TGAGGGATCACATACG	AMRU_Ao	TGAGGGATCACATACG	AMRU	SRR11008278	278_TGAGGGATCACATACG	TRUE
AMRU_Ao_TGAGGGATCTTGGGTA	AMRU_Ao	TGAGGGATCTTGGGTA	AMRU	SRR11008278	278_TGAGGGATCTTGGGTA	TRUE
AMRU_Ao_TGATTTCTCACAAACC	AMRU_Ao	TGATTTCTCACAAACC	AMRU	SRR11008278	278_TGATTTCTCACAAACC	TRUE
AMRU_Ao_TGATTTCTCTCCAACC	AMRU_Ao	TGATTTCTCTCCAACC	AMRU	SRR11008278	278_TGATTTCTCTCCAACC	TRUE
AMRU_Ao_TGATTTCTCTGCAAGT	AMRU_Ao	TGATTTCTCTGCAAGT	AMRU	SRR11008278	278_TGATTTCTCTGCAAGT	TRUE
AMRU_Ao_TGCACCTAGACGACGT	AMRU_Ao	TGCACCTAGACGACGT	AMRU	SRR11008278	278_TGCACCTAGACGACGT	TRUE
AMRU_Ao_TGCACCTAGCTTCGCG	AMRU_Ao	TGCACCTAGCTTCGCG	AMRU	SRR11008278	278_TGCACCTAGCTTCGCG	TRUE
AMRU_Ao_TGCACCTAGGCTCTTA	AMRU_Ao	TGCACCTAGGCTCTTA	AMRU	SRR11008278	278_TGCACCTAGGCTCTTA	TRUE
AMRU_Ao_TGCACCTGTGCAGACA	AMRU_Ao	TGCACCTGTGCAGACA	AMRU	SRR11008278	278_TGCACCTGTGCAGACA	TRUE
AMRU_Ao_TGCACCTTCTTCTGGC	AMRU_Ao	TGCACCTTCTTCTGGC	AMRU	SRR11008278	278_TGCACCTTCTTCTGGC	TRUE
AMRU_Ao_TGCCAAAAGCGATTCT	AMRU_Ao	TGCCAAAAGCGATTCT	AMRU	SRR11008278	278_TGCCAAAAGCGATTCT	TRUE
AMRU_Ao_TGCCCATAGATCGATA	AMRU_Ao	TGCCCATAGATCGATA	AMRU	SRR11008278	278_TGCCCATAGATCGATA	TRUE
AMRU_Ao_TGCCCATAGCCGATTT	AMRU_Ao	TGCCCATAGCCGATTT	AMRU	SRR11008278	278_TGCCCATAGCCGATTT	TRUE
AMRU_Ao_TGCCCATCAGACGCCT	AMRU_Ao	TGCCCATCAGACGCCT	AMRU	SRR11008278	278_TGCCCATCAGACGCCT	TRUE
AMRU_Ao_TGCCCATGTAGGAGTC	AMRU_Ao	TGCCCATGTAGGAGTC	AMRU	SRR11008278	278_TGCCCATGTAGGAGTC	TRUE
AMRU_Ao_TGCCCATGTCTAACGT	AMRU_Ao	TGCCCATGTCTAACGT	AMRU	SRR11008278	278_TGCCCATGTCTAACGT	TRUE
AMRU_Ao_TGCCCATGTTCGCTAA	AMRU_Ao	TGCCCATGTTCGCTAA	AMRU	SRR11008278	278_TGCCCATGTTCGCTAA	TRUE
AMRU_Ao_TGCCCTAAGGATGGAA	AMRU_Ao	TGCCCTAAGGATGGAA	AMRU	SRR11008278	278_TGCCCTAAGGATGGAA	TRUE
AMRU_Ao_TGCCCTACAAGCGCTC	AMRU_Ao	TGCCCTACAAGCGCTC	AMRU	SRR11008278	278_TGCCCTACAAGCGCTC	TRUE
AMRU_Ao_TGCCCTACACTCTGTC	AMRU_Ao	TGCCCTACACTCTGTC	AMRU	SRR11008278	278_TGCCCTACACTCTGTC	TRUE
AMRU_Ao_TGCCCTACATGGTTGT	AMRU_Ao	TGCCCTACATGGTTGT	AMRU	SRR11008278	278_TGCCCTACATGGTTGT	TRUE
AMRU_Ao_TGCCCTAGTTAAGATG	AMRU_Ao	TGCCCTAGTTAAGATG	AMRU	SRR11008278	278_TGCCCTAGTTAAGATG	TRUE
AMRU_Ao_TGCGCAGAGGCGACAT	AMRU_Ao	TGCGCAGAGGCGACAT	AMRU	SRR11008278	278_TGCGCAGAGGCGACAT	TRUE
AMRU_Ao_TGCGCAGCAAGTCTAC	AMRU_Ao	TGCGCAGCAAGTCTAC	AMRU	SRR11008278	278_TGCGCAGCAAGTCTAC	TRUE
AMRU_Ao_TGCGCAGCATGAAGTA	AMRU_Ao	TGCGCAGCATGAAGTA	AMRU	SRR11008278	278_TGCGCAGCATGAAGTA	TRUE
AMRU_Ao_TGCGCAGGTAATAGCA	AMRU_Ao	TGCGCAGGTAATAGCA	AMRU	SRR11008278	278_TGCGCAGGTAATAGCA	TRUE
AMRU_Ao_TGCGCAGTCAGGATCT	AMRU_Ao	TGCGCAGTCAGGATCT	AMRU	SRR11008278	278_TGCGCAGTCAGGATCT	TRUE
AMRU_Ao_TGCGCAGTCCAGATCA	AMRU_Ao	TGCGCAGTCCAGATCA	AMRU	SRR11008278	278_TGCGCAGTCCAGATCA	TRUE
AMRU_Ao_TGCGCAGTCGGCGCTA	AMRU_Ao	TGCGCAGTCGGCGCTA	AMRU	SRR11008278	278_TGCGCAGTCGGCGCTA	TRUE
AMRU_Ao_TGCGCAGTCTCGCATC	AMRU_Ao	TGCGCAGTCTCGCATC	AMRU	SRR11008278	278_TGCGCAGTCTCGCATC	TRUE
AMRU_Ao_TGCGGGTAGCGCCTCA	AMRU_Ao	TGCGGGTAGCGCCTCA	AMRU	SRR11008278	278_TGCGGGTAGCGCCTCA	TRUE
AMRU_Ao_TGCGTGGAGAAGGACA	AMRU_Ao	TGCGTGGAGAAGGACA	AMRU	SRR11008278	278_TGCGTGGAGAAGGACA	TRUE
AMRU_Ao_TGCGTGGAGCTAACAA	AMRU_Ao	TGCGTGGAGCTAACAA	AMRU	SRR11008278	278_TGCGTGGAGCTAACAA	TRUE
AMRU_Ao_TGCGTGGAGTATTGGA	AMRU_Ao	TGCGTGGAGTATTGGA	AMRU	SRR11008278	278_TGCGTGGAGTATTGGA	TRUE
AMRU_Ao_TGCGTGGCACGTTGGC	AMRU_Ao	TGCGTGGCACGTTGGC	AMRU	SRR11008278	278_TGCGTGGCACGTTGGC	TRUE
AMRU_Ao_TGCGTGGTCATGCTCC	AMRU_Ao	TGCGTGGTCATGCTCC	AMRU	SRR11008278	278_TGCGTGGTCATGCTCC	TRUE
AMRU_Ao_TGCTACCAGTCCAGGA	AMRU_Ao	TGCTACCAGTCCAGGA	AMRU	SRR11008278	278_TGCTACCAGTCCAGGA	TRUE
AMRU_Ao_TGCTACCCAATAACGA	AMRU_Ao	TGCTACCCAATAACGA	AMRU	SRR11008278	278_TGCTACCCAATAACGA	TRUE
AMRU_Ao_TGCTACCCACTCAGGC	AMRU_Ao	TGCTACCCACTCAGGC	AMRU	SRR11008278	278_TGCTACCCACTCAGGC	TRUE
AMRU_Ao_TGCTACCCAGATCGGA	AMRU_Ao	TGCTACCCAGATCGGA	AMRU	SRR11008278	278_TGCTACCCAGATCGGA	TRUE
AMRU_Ao_TGCTACCGTTCACGGC	AMRU_Ao	TGCTACCGTTCACGGC	AMRU	SRR11008278	278_TGCTACCGTTCACGGC	TRUE
AMRU_Ao_TGCTACCTCACAAACC	AMRU_Ao	TGCTACCTCACAAACC	AMRU	SRR11008278	278_TGCTACCTCACAAACC	TRUE
AMRU_Ao_TGCTACCTCTGGTTCC	AMRU_Ao	TGCTACCTCTGGTTCC	AMRU	SRR11008278	278_TGCTACCTCTGGTTCC	TRUE
AMRU_Ao_TGCTGCTGTCCCTACT	AMRU_Ao	TGCTGCTGTCCCTACT	AMRU	SRR11008278	278_TGCTGCTGTCCCTACT	TRUE
AMRU_Ao_TGCTGCTGTCTGCAAT	AMRU_Ao	TGCTGCTGTCTGCAAT	AMRU	SRR11008278	278_TGCTGCTGTCTGCAAT	TRUE
AMRU_Ao_TGCTGCTGTCTGCCAG	AMRU_Ao	TGCTGCTGTCTGCCAG	AMRU	SRR11008278	278_TGCTGCTGTCTGCCAG	TRUE
AMRU_Ao_TGCTGCTTCCGCAAGC	AMRU_Ao	TGCTGCTTCCGCAAGC	AMRU	SRR11008278	278_TGCTGCTTCCGCAAGC	TRUE
AMRU_Ao_TGGACGCAGTGAAGAG	AMRU_Ao	TGGACGCAGTGAAGAG	AMRU	SRR11008278	278_TGGACGCAGTGAAGAG	TRUE
AMRU_Ao_TGGACGCTCAGTGCAT	AMRU_Ao	TGGACGCTCAGTGCAT	AMRU	SRR11008278	278_TGGACGCTCAGTGCAT	TRUE
AMRU_Ao_TGGCCAGAGAGCCCAA	AMRU_Ao	TGGCCAGAGAGCCCAA	AMRU	SRR11008278	278_TGGCCAGAGAGCCCAA	TRUE
AMRU_Ao_TGGCCAGAGGGCTTGA	AMRU_Ao	TGGCCAGAGGGCTTGA	AMRU	SRR11008278	278_TGGCCAGAGGGCTTGA	TRUE
AMRU_Ao_TGGCCAGGTGCTTCTC	AMRU_Ao	TGGCCAGGTGCTTCTC	AMRU	SRR11008278	278_TGGCCAGGTGCTTCTC	TRUE
AMRU_Ao_TGGCCAGGTTAAGTAG	AMRU_Ao	TGGCCAGGTTAAGTAG	AMRU	SRR11008278	278_TGGCCAGGTTAAGTAG	TRUE
AMRU_Ao_TGGCGCAGTTTGCATG	AMRU_Ao	TGGCGCAGTTTGCATG	AMRU	SRR11008278	278_TGGCGCAGTTTGCATG	TRUE
AMRU_Ao_TGGCGCATCTGTTGAG	AMRU_Ao	TGGCGCATCTGTTGAG	AMRU	SRR11008278	278_TGGCGCATCTGTTGAG	TRUE
AMRU_Ao_TGGCTGGAGAACTGTA	AMRU_Ao	TGGCTGGAGAACTGTA	AMRU	SRR11008278	278_TGGCTGGAGAACTGTA	TRUE
AMRU_Ao_TGGCTGGAGATAGGAG	AMRU_Ao	TGGCTGGAGATAGGAG	AMRU	SRR11008278	278_TGGCTGGAGATAGGAG	TRUE
AMRU_Ao_TGGCTGGAGGATATAC	AMRU_Ao	TGGCTGGAGGATATAC	AMRU	SRR11008278	278_TGGCTGGAGGATATAC	TRUE
AMRU_Ao_TGGCTGGGTAAACACA	AMRU_Ao	TGGCTGGGTAAACACA	AMRU	SRR11008278	278_TGGCTGGGTAAACACA	TRUE
AMRU_Ao_TGGCTGGTCCTATTCA	AMRU_Ao	TGGCTGGTCCTATTCA	AMRU	SRR11008278	278_TGGCTGGTCCTATTCA	TRUE
AMRU_Ao_TGGCTGGTCTACTCAT	AMRU_Ao	TGGCTGGTCTACTCAT	AMRU	SRR11008278	278_TGGCTGGTCTACTCAT	TRUE
AMRU_Ao_TGGGAAGAGGCTATCT	AMRU_Ao	TGGGAAGAGGCTATCT	AMRU	SRR11008278	278_TGGGAAGAGGCTATCT	TRUE
AMRU_Ao_TGGGAAGTCAGGTAAA	AMRU_Ao	TGGGAAGTCAGGTAAA	AMRU	SRR11008278	278_TGGGAAGTCAGGTAAA	TRUE
AMRU_Ao_TGGGAAGTCATAACCG	AMRU_Ao	TGGGAAGTCATAACCG	AMRU	SRR11008278	278_TGGGAAGTCATAACCG	TRUE
AMRU_Ao_TGGGAAGTCATTATCC	AMRU_Ao	TGGGAAGTCATTATCC	AMRU	SRR11008278	278_TGGGAAGTCATTATCC	TRUE
AMRU_Ao_TGGGAAGTCTGCTGCT	AMRU_Ao	TGGGAAGTCTGCTGCT	AMRU	SRR11008278	278_TGGGAAGTCTGCTGCT	TRUE
AMRU_Ao_TGGGCGTCAGCTGTAT	AMRU_Ao	TGGGCGTCAGCTGTAT	AMRU	SRR11008278	278_TGGGCGTCAGCTGTAT	TRUE
AMRU_Ao_TGGGCGTCATTCCTGC	AMRU_Ao	TGGGCGTCATTCCTGC	AMRU	SRR11008278	278_TGGGCGTCATTCCTGC	TRUE
AMRU_Ao_TGGGCGTTCCGCATAA	AMRU_Ao	TGGGCGTTCCGCATAA	AMRU	SRR11008278	278_TGGGCGTTCCGCATAA	TRUE
AMRU_Ao_TGGTTAGAGGCTCTTA	AMRU_Ao	TGGTTAGAGGCTCTTA	AMRU	SRR11008278	278_TGGTTAGAGGCTCTTA	TRUE
AMRU_Ao_TGGTTAGAGTATCTCG	AMRU_Ao	TGGTTAGAGTATCTCG	AMRU	SRR11008278	278_TGGTTAGAGTATCTCG	TRUE
AMRU_Ao_TGGTTAGAGTCAATAG	AMRU_Ao	TGGTTAGAGTCAATAG	AMRU	SRR11008278	278_TGGTTAGAGTCAATAG	TRUE
AMRU_Ao_TGGTTAGCAAGTACCT	AMRU_Ao	TGGTTAGCAAGTACCT	AMRU	SRR11008278	278_TGGTTAGCAAGTACCT	TRUE
AMRU_Ao_TGGTTAGTCAGGTTCA	AMRU_Ao	TGGTTAGTCAGGTTCA	AMRU	SRR11008278	278_TGGTTAGTCAGGTTCA	TRUE
AMRU_Ao_TGGTTAGTCCGTCATC	AMRU_Ao	TGGTTAGTCCGTCATC	AMRU	SRR11008278	278_TGGTTAGTCCGTCATC	TRUE
AMRU_Ao_TGGTTAGTCGGTGTTA	AMRU_Ao	TGGTTAGTCGGTGTTA	AMRU	SRR11008278	278_TGGTTAGTCGGTGTTA	TRUE
AMRU_Ao_TGGTTCCCACATCTTT	AMRU_Ao	TGGTTCCCACATCTTT	AMRU	SRR11008278	278_TGGTTCCCACATCTTT	TRUE
AMRU_Ao_TGTATTCGTCAAAGAT	AMRU_Ao	TGTATTCGTCAAAGAT	AMRU	SRR11008278	278_TGTATTCGTCAAAGAT	TRUE
AMRU_Ao_TGTATTCGTCCGTGAC	AMRU_Ao	TGTATTCGTCCGTGAC	AMRU	SRR11008278	278_TGTATTCGTCCGTGAC	TRUE
AMRU_Ao_TGTATTCGTTCAGACT	AMRU_Ao	TGTATTCGTTCAGACT	AMRU	SRR11008278	278_TGTATTCGTTCAGACT	TRUE
AMRU_Ao_TGTATTCTCCGTTGTC	AMRU_Ao	TGTATTCTCCGTTGTC	AMRU	SRR11008278	278_TGTATTCTCCGTTGTC	TRUE
AMRU_Ao_TGTATTCTCCTGTACC	AMRU_Ao	TGTATTCTCCTGTACC	AMRU	SRR11008278	278_TGTATTCTCCTGTACC	TRUE
AMRU_Ao_TGTCCCAAGACAAGCC	AMRU_Ao	TGTCCCAAGACAAGCC	AMRU	SRR11008278	278_TGTCCCAAGACAAGCC	TRUE
AMRU_Ao_TGTCCCAAGGTGATTA	AMRU_Ao	TGTCCCAAGGTGATTA	AMRU	SRR11008278	278_TGTCCCAAGGTGATTA	TRUE
AMRU_Ao_TGTCCCACAAGCCGTC	AMRU_Ao	TGTCCCACAAGCCGTC	AMRU	SRR11008278	278_TGTCCCACAAGCCGTC	TRUE
AMRU_Ao_TGTCCCATCCGTCAAA	AMRU_Ao	TGTCCCATCCGTCAAA	AMRU	SRR11008278	278_TGTCCCATCCGTCAAA	TRUE
AMRU_Ao_TGTGGTACATGCATGT	AMRU_Ao	TGTGGTACATGCATGT	AMRU	SRR11008278	278_TGTGGTACATGCATGT	TRUE
AMRU_Ao_TGTGGTAGTCTAGAGG	AMRU_Ao	TGTGGTAGTCTAGAGG	AMRU	SRR11008278	278_TGTGGTAGTCTAGAGG	TRUE
AMRU_Ao_TGTGTTTAGAGACTTA	AMRU_Ao	TGTGTTTAGAGACTTA	AMRU	SRR11008278	278_TGTGTTTAGAGACTTA	TRUE
AMRU_Ao_TGTGTTTCAGTCACTA	AMRU_Ao	TGTGTTTCAGTCACTA	AMRU	SRR11008278	278_TGTGTTTCAGTCACTA	TRUE
AMRU_Ao_TGTGTTTCAGTCCTTC	AMRU_Ao	TGTGTTTCAGTCCTTC	AMRU	SRR11008278	278_TGTGTTTCAGTCCTTC	TRUE
AMRU_Ao_TGTGTTTCAGTCGTGC	AMRU_Ao	TGTGTTTCAGTCGTGC	AMRU	SRR11008278	278_TGTGTTTCAGTCGTGC	TRUE
AMRU_Ao_TGTGTTTCAGTTTACG	AMRU_Ao	TGTGTTTCAGTTTACG	AMRU	SRR11008278	278_TGTGTTTCAGTTTACG	TRUE
AMRU_Ao_TGTGTTTGTGGCCCTA	AMRU_Ao	TGTGTTTGTGGCCCTA	AMRU	SRR11008278	278_TGTGTTTGTGGCCCTA	TRUE
AMRU_Ao_TGTGTTTGTGTTTGGT	AMRU_Ao	TGTGTTTGTGTTTGGT	AMRU	SRR11008278	278_TGTGTTTGTGTTTGGT	TRUE
AMRU_Ao_TGTGTTTTCACTTACT	AMRU_Ao	TGTGTTTTCACTTACT	AMRU	SRR11008278	278_TGTGTTTTCACTTACT	TRUE
AMRU_Ao_TGTGTTTTCAGATAAG	AMRU_Ao	TGTGTTTTCAGATAAG	AMRU	SRR11008278	278_TGTGTTTTCAGATAAG	TRUE
AMRU_Ao_TGTGTTTTCATCGATG	AMRU_Ao	TGTGTTTTCATCGATG	AMRU	SRR11008278	278_TGTGTTTTCATCGATG	TRUE
AMRU_Ao_TGTTCCGCAGCGATCC	AMRU_Ao	TGTTCCGCAGCGATCC	AMRU	SRR11008278	278_TGTTCCGCAGCGATCC	TRUE
AMRU_Ao_TGTTCCGTCATTATCC	AMRU_Ao	TGTTCCGTCATTATCC	AMRU	SRR11008278	278_TGTTCCGTCATTATCC	TRUE
AMRU_Ao_TGTTCCGTCCGGGTGT	AMRU_Ao	TGTTCCGTCCGGGTGT	AMRU	SRR11008278	278_TGTTCCGTCCGGGTGT	TRUE
AMRU_Ao_TGTTCCGTCTTAGCCC	AMRU_Ao	TGTTCCGTCTTAGCCC	AMRU	SRR11008278	278_TGTTCCGTCTTAGCCC	TRUE
AMRU_Ao_TTAACTCAGAGGGCTT	AMRU_Ao	TTAACTCAGAGGGCTT	AMRU	SRR11008278	278_TTAACTCAGAGGGCTT	TRUE
AMRU_Ao_TTAACTCAGTCCCACG	AMRU_Ao	TTAACTCAGTCCCACG	AMRU	SRR11008278	278_TTAACTCAGTCCCACG	TRUE
AMRU_Ao_TTAACTCCAGTGGAGT	AMRU_Ao	TTAACTCCAGTGGAGT	AMRU	SRR11008278	278_TTAACTCCAGTGGAGT	TRUE
AMRU_Ao_TTAACTCGTAGTGAAT	AMRU_Ao	TTAACTCGTAGTGAAT	AMRU	SRR11008278	278_TTAACTCGTAGTGAAT	TRUE
AMRU_Ao_TTAACTCGTCGACTGC	AMRU_Ao	TTAACTCGTCGACTGC	AMRU	SRR11008278	278_TTAACTCGTCGACTGC	TRUE
AMRU_Ao_TTAACTCTCCAAACAC	AMRU_Ao	TTAACTCTCCAAACAC	AMRU	SRR11008278	278_TTAACTCTCCAAACAC	TRUE
AMRU_Ao_TTAGGACAGGTGATTA	AMRU_Ao	TTAGGACAGGTGATTA	AMRU	SRR11008278	278_TTAGGACAGGTGATTA	TRUE
AMRU_Ao_TTAGGACCAAACTGTC	AMRU_Ao	TTAGGACCAAACTGTC	AMRU	SRR11008278	278_TTAGGACCAAACTGTC	TRUE
AMRU_Ao_TTAGGACCAACACGCC	AMRU_Ao	TTAGGACCAACACGCC	AMRU	SRR11008278	278_TTAGGACCAACACGCC	TRUE
AMRU_Ao_TTAGGACTCAACGCTA	AMRU_Ao	TTAGGACTCAACGCTA	AMRU	SRR11008278	278_TTAGGACTCAACGCTA	TRUE
AMRU_Ao_TTAGGCAAGAAACGCC	AMRU_Ao	TTAGGCAAGAAACGCC	AMRU	SRR11008278	278_TTAGGCAAGAAACGCC	TRUE
AMRU_Ao_TTAGGCAGTCCTGCTT	AMRU_Ao	TTAGGCAGTCCTGCTT	AMRU	SRR11008278	278_TTAGGCAGTCCTGCTT	TRUE
AMRU_Ao_TTAGTTCAGTGTCCAT	AMRU_Ao	TTAGTTCAGTGTCCAT	AMRU	SRR11008278	278_TTAGTTCAGTGTCCAT	TRUE
AMRU_Ao_TTAGTTCGTGGCGAAT	AMRU_Ao	TTAGTTCGTGGCGAAT	AMRU	SRR11008278	278_TTAGTTCGTGGCGAAT	TRUE
AMRU_Ao_TTAGTTCTCCGAACGC	AMRU_Ao	TTAGTTCTCCGAACGC	AMRU	SRR11008278	278_TTAGTTCTCCGAACGC	TRUE
AMRU_Ao_TTATGCTAGTAGTGCG	AMRU_Ao	TTATGCTAGTAGTGCG	AMRU	SRR11008278	278_TTATGCTAGTAGTGCG	TRUE
AMRU_Ao_TTATGCTCATTCCTCG	AMRU_Ao	TTATGCTCATTCCTCG	AMRU	SRR11008278	278_TTATGCTCATTCCTCG	TRUE
AMRU_Ao_TTCCCAGAGATGGGTC	AMRU_Ao	TTCCCAGAGATGGGTC	AMRU	SRR11008278	278_TTCCCAGAGATGGGTC	TRUE
AMRU_Ao_TTCCCAGAGCCGTCGT	AMRU_Ao	TTCCCAGAGCCGTCGT	AMRU	SRR11008278	278_TTCCCAGAGCCGTCGT	TRUE
AMRU_Ao_TTCCCAGAGGGATCTG	AMRU_Ao	TTCCCAGAGGGATCTG	AMRU	SRR11008278	278_TTCCCAGAGGGATCTG	TRUE
AMRU_Ao_TTCCCAGGTCCGACGT	AMRU_Ao	TTCCCAGGTCCGACGT	AMRU	SRR11008278	278_TTCCCAGGTCCGACGT	TRUE
AMRU_Ao_TTCGAAGCAAATACAG	AMRU_Ao	TTCGAAGCAAATACAG	AMRU	SRR11008278	278_TTCGAAGCAAATACAG	TRUE
AMRU_Ao_TTCGAAGCACGGCGTT	AMRU_Ao	TTCGAAGCACGGCGTT	AMRU	SRR11008278	278_TTCGAAGCACGGCGTT	TRUE
AMRU_Ao_TTCGAAGGTGCTCTTC	AMRU_Ao	TTCGAAGGTGCTCTTC	AMRU	SRR11008278	278_TTCGAAGGTGCTCTTC	TRUE
AMRU_Ao_TTCGAAGGTTACTGAC	AMRU_Ao	TTCGAAGGTTACTGAC	AMRU	SRR11008278	278_TTCGAAGGTTACTGAC	TRUE
AMRU_Ao_TTCGAAGTCGGTGTCG	AMRU_Ao	TTCGAAGTCGGTGTCG	AMRU	SRR11008278	278_TTCGAAGTCGGTGTCG	TRUE
AMRU_Ao_TTCGGTCCACACATGT	AMRU_Ao	TTCGGTCCACACATGT	AMRU	SRR11008278	278_TTCGGTCCACACATGT	TRUE
AMRU_Ao_TTCGGTCCACTGAAGG	AMRU_Ao	TTCGGTCCACTGAAGG	AMRU	SRR11008278	278_TTCGGTCCACTGAAGG	TRUE
AMRU_Ao_TTCGGTCCATGACATC	AMRU_Ao	TTCGGTCCATGACATC	AMRU	SRR11008278	278_TTCGGTCCATGACATC	TRUE
AMRU_Ao_TTCGGTCTCGTCTGAA	AMRU_Ao	TTCGGTCTCGTCTGAA	AMRU	SRR11008278	278_TTCGGTCTCGTCTGAA	TRUE
AMRU_Ao_TTCGGTCTCTGTGCAA	AMRU_Ao	TTCGGTCTCTGTGCAA	AMRU	SRR11008278	278_TTCGGTCTCTGTGCAA	TRUE
AMRU_Ao_TTCTACAGTTCCCGAG	AMRU_Ao	TTCTACAGTTCCCGAG	AMRU	SRR11008278	278_TTCTACAGTTCCCGAG	TRUE
AMRU_Ao_TTCTACATCACGATGT	AMRU_Ao	TTCTACATCACGATGT	AMRU	SRR11008278	278_TTCTACATCACGATGT	TRUE
AMRU_Ao_TTCTACATCGTTGACA	AMRU_Ao	TTCTACATCGTTGACA	AMRU	SRR11008278	278_TTCTACATCGTTGACA	TRUE
AMRU_Ao_TTCTACATCTCAAGTG	AMRU_Ao	TTCTACATCTCAAGTG	AMRU	SRR11008278	278_TTCTACATCTCAAGTG	TRUE
AMRU_Ao_TTCTACATCTCGAGTA	AMRU_Ao	TTCTACATCTCGAGTA	AMRU	SRR11008278	278_TTCTACATCTCGAGTA	TRUE
AMRU_Ao_TTCTCAACAAGAGGCT	AMRU_Ao	TTCTCAACAAGAGGCT	AMRU	SRR11008278	278_TTCTCAACAAGAGGCT	TRUE
AMRU_Ao_TTCTCAAGTGTGAATA	AMRU_Ao	TTCTCAAGTGTGAATA	AMRU	SRR11008278	278_TTCTCAAGTGTGAATA	TRUE
AMRU_Ao_TTCTCAAGTTGCGCAC	AMRU_Ao	TTCTCAAGTTGCGCAC	AMRU	SRR11008278	278_TTCTCAAGTTGCGCAC	TRUE
AMRU_Ao_TTCTCAATCCGTTGTC	AMRU_Ao	TTCTCAATCCGTTGTC	AMRU	SRR11008278	278_TTCTCAATCCGTTGTC	TRUE
AMRU_Ao_TTCTCCTTCGATAGAA	AMRU_Ao	TTCTCCTTCGATAGAA	AMRU	SRR11008278	278_TTCTCCTTCGATAGAA	TRUE
AMRU_Ao_TTCTCCTTCTCATTCA	AMRU_Ao	TTCTCCTTCTCATTCA	AMRU	SRR11008278	278_TTCTCCTTCTCATTCA	TRUE
AMRU_Ao_TTCTCCTTCTTCAACT	AMRU_Ao	TTCTCCTTCTTCAACT	AMRU	SRR11008278	278_TTCTCCTTCTTCAACT	TRUE
AMRU_Ao_TTCTTAGAGACAAAGG	AMRU_Ao	TTCTTAGAGACAAAGG	AMRU	SRR11008278	278_TTCTTAGAGACAAAGG	TRUE
AMRU_Ao_TTCTTAGAGCACCGCT	AMRU_Ao	TTCTTAGAGCACCGCT	AMRU	SRR11008278	278_TTCTTAGAGCACCGCT	TRUE
AMRU_Ao_TTCTTAGAGGTGATAT	AMRU_Ao	TTCTTAGAGGTGATAT	AMRU	SRR11008278	278_TTCTTAGAGGTGATAT	TRUE
AMRU_Ao_TTCTTAGCAGTCAGCC	AMRU_Ao	TTCTTAGCAGTCAGCC	AMRU	SRR11008278	278_TTCTTAGCAGTCAGCC	TRUE
AMRU_Ao_TTCTTAGCATCCGTGG	AMRU_Ao	TTCTTAGCATCCGTGG	AMRU	SRR11008278	278_TTCTTAGCATCCGTGG	TRUE
AMRU_Ao_TTCTTAGGTACGCACC	AMRU_Ao	TTCTTAGGTACGCACC	AMRU	SRR11008278	278_TTCTTAGGTACGCACC	TRUE
AMRU_Ao_TTCTTAGTCAACACCA	AMRU_Ao	TTCTTAGTCAACACCA	AMRU	SRR11008278	278_TTCTTAGTCAACACCA	TRUE
AMRU_Ao_TTGAACGAGGATGCGT	AMRU_Ao	TTGAACGAGGATGCGT	AMRU	SRR11008278	278_TTGAACGAGGATGCGT	TRUE
AMRU_Ao_TTGAACGGTGAGCGAT	AMRU_Ao	TTGAACGGTGAGCGAT	AMRU	SRR11008278	278_TTGAACGGTGAGCGAT	TRUE
AMRU_Ao_TTGAACGGTTTCCACC	AMRU_Ao	TTGAACGGTTTCCACC	AMRU	SRR11008278	278_TTGAACGGTTTCCACC	TRUE
AMRU_Ao_TTGAACGTCACGACTA	AMRU_Ao	TTGAACGTCACGACTA	AMRU	SRR11008278	278_TTGAACGTCACGACTA	FALSE
AMRU_Ao_TTGACTTCAAGCCATT	AMRU_Ao	TTGACTTCAAGCCATT	AMRU	SRR11008278	278_TTGACTTCAAGCCATT	TRUE
AMRU_Ao_TTGACTTCATGAACCT	AMRU_Ao	TTGACTTCATGAACCT	AMRU	SRR11008278	278_TTGACTTCATGAACCT	TRUE
AMRU_Ao_TTGACTTGTCAGTGGA	AMRU_Ao	TTGACTTGTCAGTGGA	AMRU	SRR11008278	278_TTGACTTGTCAGTGGA	TRUE
AMRU_Ao_TTGCCGTAGTATCGAA	AMRU_Ao	TTGCCGTAGTATCGAA	AMRU	SRR11008278	278_TTGCCGTAGTATCGAA	TRUE
AMRU_Ao_TTGCCGTGTCAACATC	AMRU_Ao	TTGCCGTGTCAACATC	AMRU	SRR11008278	278_TTGCCGTGTCAACATC	TRUE
AMRU_Ao_TTGCCGTGTGAAAGAG	AMRU_Ao	TTGCCGTGTGAAAGAG	AMRU	SRR11008278	278_TTGCCGTGTGAAAGAG	TRUE
AMRU_Ao_TTGCCGTTCTTATCTG	AMRU_Ao	TTGCCGTTCTTATCTG	AMRU	SRR11008278	278_TTGCCGTTCTTATCTG	TRUE
AMRU_Ao_TTGCGTCTCCATGCTC	AMRU_Ao	TTGCGTCTCCATGCTC	AMRU	SRR11008278	278_TTGCGTCTCCATGCTC	TRUE
AMRU_Ao_TTGGAACCACGTCAGC	AMRU_Ao	TTGGAACCACGTCAGC	AMRU	SRR11008278	278_TTGGAACCACGTCAGC	TRUE
AMRU_Ao_TTGGCAAAGCCTTGAT	AMRU_Ao	TTGGCAAAGCCTTGAT	AMRU	SRR11008278	278_TTGGCAAAGCCTTGAT	TRUE
AMRU_Ao_TTGGCAACAACACCTA	AMRU_Ao	TTGGCAACAACACCTA	AMRU	SRR11008278	278_TTGGCAACAACACCTA	TRUE
AMRU_Ao_TTGGCAAGTCTTGTCC	AMRU_Ao	TTGGCAAGTCTTGTCC	AMRU	SRR11008278	278_TTGGCAAGTCTTGTCC	TRUE
AMRU_Ao_TTGGCAATCAACACCA	AMRU_Ao	TTGGCAATCAACACCA	AMRU	SRR11008278	278_TTGGCAATCAACACCA	TRUE
AMRU_Ao_TTGTAGGAGGGCTTCC	AMRU_Ao	TTGTAGGAGGGCTTCC	AMRU	SRR11008278	278_TTGTAGGAGGGCTTCC	TRUE
AMRU_Ao_TTTACTGAGTCGAGTG	AMRU_Ao	TTTACTGAGTCGAGTG	AMRU	SRR11008278	278_TTTACTGAGTCGAGTG	TRUE
AMRU_Ao_TTTACTGCACAAGACG	AMRU_Ao	TTTACTGCACAAGACG	AMRU	SRR11008278	278_TTTACTGCACAAGACG	TRUE
AMRU_Ao_TTTACTGCACAAGCCC	AMRU_Ao	TTTACTGCACAAGCCC	AMRU	SRR11008278	278_TTTACTGCACAAGCCC	TRUE
AMRU_Ao_TTTACTGTCATGCTCC	AMRU_Ao	TTTACTGTCATGCTCC	AMRU	SRR11008278	278_TTTACTGTCATGCTCC	TRUE
AMRU_Ao_TTTATGCAGCAATCTC	AMRU_Ao	TTTATGCAGCAATCTC	AMRU	SRR11008278	278_TTTATGCAGCAATCTC	TRUE
AMRU_Ao_TTTCCTCGTCTGCCAG	AMRU_Ao	TTTCCTCGTCTGCCAG	AMRU	SRR11008278	278_TTTCCTCGTCTGCCAG	TRUE
AMRU_Ao_TTTGCGCAGGAGCGAG	AMRU_Ao	TTTGCGCAGGAGCGAG	AMRU	SRR11008278	278_TTTGCGCAGGAGCGAG	TRUE
AMRU_Ao_TTTGCGCAGGCGACAT	AMRU_Ao	TTTGCGCAGGCGACAT	AMRU	SRR11008278	278_TTTGCGCAGGCGACAT	TRUE
AMRU_Ao_TTTGCGCCACAACTGT	AMRU_Ao	TTTGCGCCACAACTGT	AMRU	SRR11008278	278_TTTGCGCCACAACTGT	TRUE
AMRU_Ao_TTTGCGCGTAACGCGA	AMRU_Ao	TTTGCGCGTAACGCGA	AMRU	SRR11008278	278_TTTGCGCGTAACGCGA	TRUE
AMRU_Ao_TTTGCGCGTATCACCA	AMRU_Ao	TTTGCGCGTATCACCA	AMRU	SRR11008278	278_TTTGCGCGTATCACCA	TRUE
AMRU_Ao_TTTGCGCGTTCTGGTA	AMRU_Ao	TTTGCGCGTTCTGGTA	AMRU	SRR11008278	278_TTTGCGCGTTCTGGTA	TRUE
AMRU_Ao_TTTGGTTAGTGGGCTA	AMRU_Ao	TTTGGTTAGTGGGCTA	AMRU	SRR11008278	278_TTTGGTTAGTGGGCTA	TRUE
AMRU_Ao_TTTGTCAAGATGCCAG	AMRU_Ao	TTTGTCAAGATGCCAG	AMRU	SRR11008278	278_TTTGTCAAGATGCCAG	TRUE
AMRU_Ao_TTTGTCACAGTATAAG	AMRU_Ao	TTTGTCACAGTATAAG	AMRU	SRR11008278	278_TTTGTCACAGTATAAG	TRUE
AMRU_Ao_TTTGTCAGTCCCGACA	AMRU_Ao	TTTGTCAGTCCCGACA	AMRU	SRR11008278	278_TTTGTCAGTCCCGACA	TRUE
AMRU_CQ_AAACCTGAGGGAACGG	AMRU_CQ	AAACCTGAGGGAACGG	AMRU	SRR11008277	277_AAACCTGAGGGAACGG	TRUE
AMRU_CQ_AAACCTGCATCGGGTC	AMRU_CQ	AAACCTGCATCGGGTC	AMRU	SRR11008277	277_AAACCTGCATCGGGTC	TRUE
AMRU_CQ_AAACCTGTCGTCCAGG	AMRU_CQ	AAACCTGTCGTCCAGG	AMRU	SRR11008277	277_AAACCTGTCGTCCAGG	TRUE
AMRU_CQ_AAACGGGAGTGCAAGC	AMRU_CQ	AAACGGGAGTGCAAGC	AMRU	SRR11008277	277_AAACGGGAGTGCAAGC	TRUE
AMRU_CQ_AAACGGGCATGGGACA	AMRU_CQ	AAACGGGCATGGGACA	AMRU	SRR11008277	277_AAACGGGCATGGGACA	TRUE
AMRU_CQ_AAACGGGGTGAAGGCT	AMRU_CQ	AAACGGGGTGAAGGCT	AMRU	SRR11008277	277_AAACGGGGTGAAGGCT	TRUE
AMRU_CQ_AAACGGGTCGCATGGC	AMRU_CQ	AAACGGGTCGCATGGC	AMRU	SRR11008277	277_AAACGGGTCGCATGGC	TRUE
AMRU_CQ_AAACGGGTCGCCTGTT	AMRU_CQ	AAACGGGTCGCCTGTT	AMRU	SRR11008277	277_AAACGGGTCGCCTGTT	TRUE
AMRU_CQ_AAAGATGAGAAGATTC	AMRU_CQ	AAAGATGAGAAGATTC	AMRU	SRR11008277	277_AAAGATGAGAAGATTC	TRUE
AMRU_CQ_AAAGATGCACTGTTAG	AMRU_CQ	AAAGATGCACTGTTAG	AMRU	SRR11008277	277_AAAGATGCACTGTTAG	TRUE
AMRU_CQ_AAAGATGCAGACGCTC	AMRU_CQ	AAAGATGCAGACGCTC	AMRU	SRR11008277	277_AAAGATGCAGACGCTC	TRUE
AMRU_CQ_AAAGATGGTCCATCCT	AMRU_CQ	AAAGATGGTCCATCCT	AMRU	SRR11008277	277_AAAGATGGTCCATCCT	TRUE
AMRU_CQ_AAAGATGGTGTATGGG	AMRU_CQ	AAAGATGGTGTATGGG	AMRU	SRR11008277	277_AAAGATGGTGTATGGG	TRUE
AMRU_CQ_AAAGATGTCTGTTGAG	AMRU_CQ	AAAGATGTCTGTTGAG	AMRU	SRR11008277	277_AAAGATGTCTGTTGAG	TRUE
AMRU_CQ_AAAGCAAAGATCGGGT	AMRU_CQ	AAAGCAAAGATCGGGT	AMRU	SRR11008277	277_AAAGCAAAGATCGGGT	TRUE
AMRU_CQ_AAAGCAAAGGCTAGCA	AMRU_CQ	AAAGCAAAGGCTAGCA	AMRU	SRR11008277	277_AAAGCAAAGGCTAGCA	TRUE
AMRU_CQ_AAAGCAAAGTACACCT	AMRU_CQ	AAAGCAAAGTACACCT	AMRU	SRR11008277	277_AAAGCAAAGTACACCT	TRUE
AMRU_CQ_AAAGCAAGTTGACGTT	AMRU_CQ	AAAGCAAGTTGACGTT	AMRU	SRR11008277	277_AAAGCAAGTTGACGTT	TRUE
AMRU_CQ_AAAGTAGGTCTGCGGT	AMRU_CQ	AAAGTAGGTCTGCGGT	AMRU	SRR11008277	277_AAAGTAGGTCTGCGGT	TRUE
AMRU_CQ_AAAGTAGTCGCGTAGC	AMRU_CQ	AAAGTAGTCGCGTAGC	AMRU	SRR11008277	277_AAAGTAGTCGCGTAGC	TRUE
AMRU_CQ_AAAGTAGTCTCTGCTG	AMRU_CQ	AAAGTAGTCTCTGCTG	AMRU	SRR11008277	277_AAAGTAGTCTCTGCTG	TRUE
AMRU_CQ_AAATGCCAGACTAAGT	AMRU_CQ	AAATGCCAGACTAAGT	AMRU	SRR11008277	277_AAATGCCAGACTAAGT	TRUE
AMRU_CQ_AACACGTAGAACTGTA	AMRU_CQ	AACACGTAGAACTGTA	AMRU	SRR11008277	277_AACACGTAGAACTGTA	TRUE
AMRU_CQ_AACACGTAGTGCAAGC	AMRU_CQ	AACACGTAGTGCAAGC	AMRU	SRR11008277	277_AACACGTAGTGCAAGC	TRUE
AMRU_CQ_AACACGTCAAGCTGTT	AMRU_CQ	AACACGTCAAGCTGTT	AMRU	SRR11008277	277_AACACGTCAAGCTGTT	TRUE
AMRU_CQ_AACACGTCATGGTTGT	AMRU_CQ	AACACGTCATGGTTGT	AMRU	SRR11008277	277_AACACGTCATGGTTGT	TRUE
AMRU_CQ_AACACGTGTCTCAACA	AMRU_CQ	AACACGTGTCTCAACA	AMRU	SRR11008277	277_AACACGTGTCTCAACA	TRUE
AMRU_CQ_AACCATGAGTTGCAGG	AMRU_CQ	AACCATGAGTTGCAGG	AMRU	SRR11008277	277_AACCATGAGTTGCAGG	TRUE
AMRU_CQ_AACCATGCAATCAGAA	AMRU_CQ	AACCATGCAATCAGAA	AMRU	SRR11008277	277_AACCATGCAATCAGAA	TRUE
AMRU_CQ_AACCATGCACCTATCC	AMRU_CQ	AACCATGCACCTATCC	AMRU	SRR11008277	277_AACCATGCACCTATCC	TRUE
AMRU_CQ_AACCATGCAGGCTGAA	AMRU_CQ	AACCATGCAGGCTGAA	AMRU	SRR11008277	277_AACCATGCAGGCTGAA	TRUE
AMRU_CQ_AACCATGGTAGAGGAA	AMRU_CQ	AACCATGGTAGAGGAA	AMRU	SRR11008277	277_AACCATGGTAGAGGAA	TRUE
AMRU_CQ_AACCATGGTCGAATCT	AMRU_CQ	AACCATGGTCGAATCT	AMRU	SRR11008277	277_AACCATGGTCGAATCT	TRUE
AMRU_CQ_AACCGCGTCAACCATG	AMRU_CQ	AACCGCGTCAACCATG	AMRU	SRR11008277	277_AACCGCGTCAACCATG	TRUE
AMRU_CQ_AACGTTGAGACCTTTG	AMRU_CQ	AACGTTGAGACCTTTG	AMRU	SRR11008277	277_AACGTTGAGACCTTTG	TRUE
AMRU_CQ_AACGTTGAGTGTCTCA	AMRU_CQ	AACGTTGAGTGTCTCA	AMRU	SRR11008277	277_AACGTTGAGTGTCTCA	TRUE
AMRU_CQ_AACGTTGGTTCCATGA	AMRU_CQ	AACGTTGGTTCCATGA	AMRU	SRR11008277	277_AACGTTGGTTCCATGA	TRUE
AMRU_CQ_AACTCAGAGGTTCCTA	AMRU_CQ	AACTCAGAGGTTCCTA	AMRU	SRR11008277	277_AACTCAGAGGTTCCTA	TRUE
AMRU_CQ_AACTCAGAGTGTCCCG	AMRU_CQ	AACTCAGAGTGTCCCG	AMRU	SRR11008277	277_AACTCAGAGTGTCCCG	TRUE
AMRU_CQ_AACTCAGCATGCAATC	AMRU_CQ	AACTCAGCATGCAATC	AMRU	SRR11008277	277_AACTCAGCATGCAATC	TRUE
AMRU_CQ_AACTCAGGTCGGCTCA	AMRU_CQ	AACTCAGGTCGGCTCA	AMRU	SRR11008277	277_AACTCAGGTCGGCTCA	TRUE
AMRU_CQ_AACTCAGTCACCGGGT	AMRU_CQ	AACTCAGTCACCGGGT	AMRU	SRR11008277	277_AACTCAGTCACCGGGT	TRUE
AMRU_CQ_AACTCAGTCCTACAGA	AMRU_CQ	AACTCAGTCCTACAGA	AMRU	SRR11008277	277_AACTCAGTCCTACAGA	TRUE
AMRU_CQ_AACTCCCAGATGTCGG	AMRU_CQ	AACTCCCAGATGTCGG	AMRU	SRR11008277	277_AACTCCCAGATGTCGG	TRUE
AMRU_CQ_AACTCCCAGGGCTTCC	AMRU_CQ	AACTCCCAGGGCTTCC	AMRU	SRR11008277	277_AACTCCCAGGGCTTCC	TRUE
AMRU_CQ_AACTCCCCATACCATG	AMRU_CQ	AACTCCCCATACCATG	AMRU	SRR11008277	277_AACTCCCCATACCATG	TRUE
AMRU_CQ_AACTCCCGTAAGTTCC	AMRU_CQ	AACTCCCGTAAGTTCC	AMRU	SRR11008277	277_AACTCCCGTAAGTTCC	TRUE
AMRU_CQ_AACTCCCGTGTCAATC	AMRU_CQ	AACTCCCGTGTCAATC	AMRU	SRR11008277	277_AACTCCCGTGTCAATC	TRUE
AMRU_CQ_AACTCTTAGCAGACTG	AMRU_CQ	AACTCTTAGCAGACTG	AMRU	SRR11008277	277_AACTCTTAGCAGACTG	TRUE
AMRU_CQ_AACTCTTAGCTTCGCG	AMRU_CQ	AACTCTTAGCTTCGCG	AMRU	SRR11008277	277_AACTCTTAGCTTCGCG	TRUE
AMRU_CQ_AACTCTTCACCGTTGG	AMRU_CQ	AACTCTTCACCGTTGG	AMRU	SRR11008277	277_AACTCTTCACCGTTGG	TRUE
AMRU_CQ_AACTCTTCATCGGAAG	AMRU_CQ	AACTCTTCATCGGAAG	AMRU	SRR11008277	277_AACTCTTCATCGGAAG	TRUE
AMRU_CQ_AACTCTTTCAGCTGGC	AMRU_CQ	AACTCTTTCAGCTGGC	AMRU	SRR11008277	277_AACTCTTTCAGCTGGC	TRUE
AMRU_CQ_AACTCTTTCCAGAAGG	AMRU_CQ	AACTCTTTCCAGAAGG	AMRU	SRR11008277	277_AACTCTTTCCAGAAGG	TRUE
AMRU_CQ_AACTCTTTCCGAGCCA	AMRU_CQ	AACTCTTTCCGAGCCA	AMRU	SRR11008277	277_AACTCTTTCCGAGCCA	TRUE
AMRU_CQ_AACTGGTAGCCTTGAT	AMRU_CQ	AACTGGTAGCCTTGAT	AMRU	SRR11008277	277_AACTGGTAGCCTTGAT	TRUE
AMRU_CQ_AACTGGTAGCGTAATA	AMRU_CQ	AACTGGTAGCGTAATA	AMRU	SRR11008277	277_AACTGGTAGCGTAATA	TRUE
AMRU_CQ_AACTGGTAGGAGCGAG	AMRU_CQ	AACTGGTAGGAGCGAG	AMRU	SRR11008277	277_AACTGGTAGGAGCGAG	TRUE
AMRU_CQ_AACTGGTCACCTGGTG	AMRU_CQ	AACTGGTCACCTGGTG	AMRU	SRR11008277	277_AACTGGTCACCTGGTG	TRUE
AMRU_CQ_AACTGGTCATCTCCCA	AMRU_CQ	AACTGGTCATCTCCCA	AMRU	SRR11008277	277_AACTGGTCATCTCCCA	TRUE
AMRU_CQ_AACTGGTGTAAACACA	AMRU_CQ	AACTGGTGTAAACACA	AMRU	SRR11008277	277_AACTGGTGTAAACACA	TRUE
AMRU_CQ_AACTTTCAGACCTTTG	AMRU_CQ	AACTTTCAGACCTTTG	AMRU	SRR11008277	277_AACTTTCAGACCTTTG	TRUE
AMRU_CQ_AACTTTCCATCGACGC	AMRU_CQ	AACTTTCCATCGACGC	AMRU	SRR11008277	277_AACTTTCCATCGACGC	TRUE
AMRU_CQ_AACTTTCGTTCAGACT	AMRU_CQ	AACTTTCGTTCAGACT	AMRU	SRR11008277	277_AACTTTCGTTCAGACT	TRUE
AMRU_CQ_AACTTTCTCTAACCGA	AMRU_CQ	AACTTTCTCTAACCGA	AMRU	SRR11008277	277_AACTTTCTCTAACCGA	TRUE
AMRU_CQ_AAGACCTAGAGCCTAG	AMRU_CQ	AAGACCTAGAGCCTAG	AMRU	SRR11008277	277_AAGACCTAGAGCCTAG	TRUE
AMRU_CQ_AAGACCTCAACTGGCC	AMRU_CQ	AAGACCTCAACTGGCC	AMRU	SRR11008277	277_AAGACCTCAACTGGCC	TRUE
AMRU_CQ_AAGACCTGTCTAGGTT	AMRU_CQ	AAGACCTGTCTAGGTT	AMRU	SRR11008277	277_AAGACCTGTCTAGGTT	TRUE
AMRU_CQ_AAGCCGCAGACCACGA	AMRU_CQ	AAGCCGCAGACCACGA	AMRU	SRR11008277	277_AAGCCGCAGACCACGA	TRUE
AMRU_CQ_AAGCCGCAGAGTACAT	AMRU_CQ	AAGCCGCAGAGTACAT	AMRU	SRR11008277	277_AAGCCGCAGAGTACAT	TRUE
AMRU_CQ_AAGCCGCAGCTCCTTC	AMRU_CQ	AAGCCGCAGCTCCTTC	AMRU	SRR11008277	277_AAGCCGCAGCTCCTTC	TRUE
AMRU_CQ_AAGCCGCGTAGCTGCC	AMRU_CQ	AAGCCGCGTAGCTGCC	AMRU	SRR11008277	277_AAGCCGCGTAGCTGCC	TRUE
AMRU_CQ_AAGCCGCTCCCTGACT	AMRU_CQ	AAGCCGCTCCCTGACT	AMRU	SRR11008277	277_AAGCCGCTCCCTGACT	TRUE
AMRU_CQ_AAGGAGCAGCGGATCA	AMRU_CQ	AAGGAGCAGCGGATCA	AMRU	SRR11008277	277_AAGGAGCAGCGGATCA	TRUE
AMRU_CQ_AAGGAGCAGTGGGTTG	AMRU_CQ	AAGGAGCAGTGGGTTG	AMRU	SRR11008277	277_AAGGAGCAGTGGGTTG	TRUE
AMRU_CQ_AAGGAGCCAGACAAGC	AMRU_CQ	AAGGAGCCAGACAAGC	AMRU	SRR11008277	277_AAGGAGCCAGACAAGC	TRUE
AMRU_CQ_AAGGAGCCATACGCCG	AMRU_CQ	AAGGAGCCATACGCCG	AMRU	SRR11008277	277_AAGGAGCCATACGCCG	TRUE
AMRU_CQ_AAGGAGCTCAGGCGAA	AMRU_CQ	AAGGAGCTCAGGCGAA	AMRU	SRR11008277	277_AAGGAGCTCAGGCGAA	TRUE
AMRU_CQ_AAGGCAGAGGAATTAC	AMRU_CQ	AAGGCAGAGGAATTAC	AMRU	SRR11008277	277_AAGGCAGAGGAATTAC	TRUE
AMRU_CQ_AAGGCAGCAGTCGTGC	AMRU_CQ	AAGGCAGCAGTCGTGC	AMRU	SRR11008277	277_AAGGCAGCAGTCGTGC	TRUE
AMRU_CQ_AAGGCAGGTACAGCAG	AMRU_CQ	AAGGCAGGTACAGCAG	AMRU	SRR11008277	277_AAGGCAGGTACAGCAG	TRUE
AMRU_CQ_AAGGCAGTCAAGGCTT	AMRU_CQ	AAGGCAGTCAAGGCTT	AMRU	SRR11008277	277_AAGGCAGTCAAGGCTT	TRUE
AMRU_CQ_AAGGTTCCACGGATAG	AMRU_CQ	AAGGTTCCACGGATAG	AMRU	SRR11008277	277_AAGGTTCCACGGATAG	TRUE
AMRU_CQ_AAGGTTCTCAGCTCGG	AMRU_CQ	AAGGTTCTCAGCTCGG	AMRU	SRR11008277	277_AAGGTTCTCAGCTCGG	TRUE
AMRU_CQ_AAGGTTCTCAGGCCCA	AMRU_CQ	AAGGTTCTCAGGCCCA	AMRU	SRR11008277	277_AAGGTTCTCAGGCCCA	TRUE
AMRU_CQ_AAGTCTGAGTACACCT	AMRU_CQ	AAGTCTGAGTACACCT	AMRU	SRR11008277	277_AAGTCTGAGTACACCT	TRUE
AMRU_CQ_AAGTCTGGTTCTGGTA	AMRU_CQ	AAGTCTGGTTCTGGTA	AMRU	SRR11008277	277_AAGTCTGGTTCTGGTA	TRUE
AMRU_CQ_AATCCAGCACACATGT	AMRU_CQ	AATCCAGCACACATGT	AMRU	SRR11008277	277_AATCCAGCACACATGT	TRUE
AMRU_CQ_AATCCAGCACGACTCG	AMRU_CQ	AATCCAGCACGACTCG	AMRU	SRR11008277	277_AATCCAGCACGACTCG	TRUE
AMRU_CQ_AATCCAGGTAAGTGGC	AMRU_CQ	AATCCAGGTAAGTGGC	AMRU	SRR11008277	277_AATCCAGGTAAGTGGC	TRUE
AMRU_CQ_AATCCAGGTATCGCAT	AMRU_CQ	AATCCAGGTATCGCAT	AMRU	SRR11008277	277_AATCCAGGTATCGCAT	TRUE
AMRU_CQ_AATCCAGTCGCTAGCG	AMRU_CQ	AATCCAGTCGCTAGCG	AMRU	SRR11008277	277_AATCCAGTCGCTAGCG	TRUE
AMRU_CQ_AATCGGTAGCTAAACA	AMRU_CQ	AATCGGTAGCTAAACA	AMRU	SRR11008277	277_AATCGGTAGCTAAACA	TRUE
AMRU_CQ_AATCGGTCATATACCG	AMRU_CQ	AATCGGTCATATACCG	AMRU	SRR11008277	277_AATCGGTCATATACCG	TRUE
AMRU_CQ_AATCGGTGTTCCGTCT	AMRU_CQ	AATCGGTGTTCCGTCT	AMRU	SRR11008277	277_AATCGGTGTTCCGTCT	TRUE
AMRU_CQ_ACACCAAAGCTCTCGG	AMRU_CQ	ACACCAAAGCTCTCGG	AMRU	SRR11008277	277_ACACCAAAGCTCTCGG	TRUE
AMRU_CQ_ACACCAATCTCAACTT	AMRU_CQ	ACACCAATCTCAACTT	AMRU	SRR11008277	277_ACACCAATCTCAACTT	TRUE
AMRU_CQ_ACACCCTAGGAGCGAG	AMRU_CQ	ACACCCTAGGAGCGAG	AMRU	SRR11008277	277_ACACCCTAGGAGCGAG	TRUE
AMRU_CQ_ACACCCTAGTTACCCA	AMRU_CQ	ACACCCTAGTTACCCA	AMRU	SRR11008277	277_ACACCCTAGTTACCCA	TRUE
AMRU_CQ_ACACCCTCAGCTGTAT	AMRU_CQ	ACACCCTCAGCTGTAT	AMRU	SRR11008277	277_ACACCCTCAGCTGTAT	TRUE
AMRU_CQ_ACACCCTTCATGTCTT	AMRU_CQ	ACACCCTTCATGTCTT	AMRU	SRR11008277	277_ACACCCTTCATGTCTT	TRUE
AMRU_CQ_ACACCGGCATGGTCAT	AMRU_CQ	ACACCGGCATGGTCAT	AMRU	SRR11008277	277_ACACCGGCATGGTCAT	TRUE
AMRU_CQ_ACACCGGGTATAATGG	AMRU_CQ	ACACCGGGTATAATGG	AMRU	SRR11008277	277_ACACCGGGTATAATGG	TRUE
AMRU_CQ_ACACCGGGTCTAGTCA	AMRU_CQ	ACACCGGGTCTAGTCA	AMRU	SRR11008277	277_ACACCGGGTCTAGTCA	TRUE
AMRU_CQ_ACACCGGGTCTAGTGT	AMRU_CQ	ACACCGGGTCTAGTGT	AMRU	SRR11008277	277_ACACCGGGTCTAGTGT	TRUE
AMRU_CQ_ACACCGGGTGGTACAG	AMRU_CQ	ACACCGGGTGGTACAG	AMRU	SRR11008277	277_ACACCGGGTGGTACAG	TRUE
AMRU_CQ_ACACCGGGTTATTCTC	AMRU_CQ	ACACCGGGTTATTCTC	AMRU	SRR11008277	277_ACACCGGGTTATTCTC	TRUE
AMRU_CQ_ACACCGGTCTGCGTAA	AMRU_CQ	ACACCGGTCTGCGTAA	AMRU	SRR11008277	277_ACACCGGTCTGCGTAA	TRUE
AMRU_CQ_ACACTGAGTAGCGCAA	AMRU_CQ	ACACTGAGTAGCGCAA	AMRU	SRR11008277	277_ACACTGAGTAGCGCAA	TRUE
AMRU_CQ_ACAGCCGCAAGACACG	AMRU_CQ	ACAGCCGCAAGACACG	AMRU	SRR11008277	277_ACAGCCGCAAGACACG	TRUE
AMRU_CQ_ACAGCCGCAGTAAGAT	AMRU_CQ	ACAGCCGCAGTAAGAT	AMRU	SRR11008277	277_ACAGCCGCAGTAAGAT	TRUE
AMRU_CQ_ACAGCCGCATATGAGA	AMRU_CQ	ACAGCCGCATATGAGA	AMRU	SRR11008277	277_ACAGCCGCATATGAGA	TRUE
AMRU_CQ_ACAGCCGGTCTAACGT	AMRU_CQ	ACAGCCGGTCTAACGT	AMRU	SRR11008277	277_ACAGCCGGTCTAACGT	TRUE
AMRU_CQ_ACAGCCGTCTGTTTGT	AMRU_CQ	ACAGCCGTCTGTTTGT	AMRU	SRR11008277	277_ACAGCCGTCTGTTTGT	TRUE
AMRU_CQ_ACAGCTAAGACTAGGC	AMRU_CQ	ACAGCTAAGACTAGGC	AMRU	SRR11008277	277_ACAGCTAAGACTAGGC	TRUE
AMRU_CQ_ACAGCTACAAAGGCGT	AMRU_CQ	ACAGCTACAAAGGCGT	AMRU	SRR11008277	277_ACAGCTACAAAGGCGT	TRUE
AMRU_CQ_ACATACGAGCCGATTT	AMRU_CQ	ACATACGAGCCGATTT	AMRU	SRR11008277	277_ACATACGAGCCGATTT	TRUE
AMRU_CQ_ACATACGAGCGTAATA	AMRU_CQ	ACATACGAGCGTAATA	AMRU	SRR11008277	277_ACATACGAGCGTAATA	TRUE
AMRU_CQ_ACATACGCATCTATGG	AMRU_CQ	ACATACGCATCTATGG	AMRU	SRR11008277	277_ACATACGCATCTATGG	TRUE
AMRU_CQ_ACATACGGTCACAAGG	AMRU_CQ	ACATACGGTCACAAGG	AMRU	SRR11008277	277_ACATACGGTCACAAGG	TRUE
AMRU_CQ_ACATACGGTTTGCATG	AMRU_CQ	ACATACGGTTTGCATG	AMRU	SRR11008277	277_ACATACGGTTTGCATG	TRUE
AMRU_CQ_ACATCAGAGATCGATA	AMRU_CQ	ACATCAGAGATCGATA	AMRU	SRR11008277	277_ACATCAGAGATCGATA	TRUE
AMRU_CQ_ACATCAGGTTAAGTAG	AMRU_CQ	ACATCAGGTTAAGTAG	AMRU	SRR11008277	277_ACATCAGGTTAAGTAG	TRUE
AMRU_CQ_ACATGGTAGAACTGTA	AMRU_CQ	ACATGGTAGAACTGTA	AMRU	SRR11008277	277_ACATGGTAGAACTGTA	TRUE
AMRU_CQ_ACATGGTAGACTGGGT	AMRU_CQ	ACATGGTAGACTGGGT	AMRU	SRR11008277	277_ACATGGTAGACTGGGT	TRUE
AMRU_CQ_ACATGGTAGATAGCAT	AMRU_CQ	ACATGGTAGATAGCAT	AMRU	SRR11008277	277_ACATGGTAGATAGCAT	TRUE
AMRU_CQ_ACATGGTAGTCAATAG	AMRU_CQ	ACATGGTAGTCAATAG	AMRU	SRR11008277	277_ACATGGTAGTCAATAG	TRUE
AMRU_CQ_ACATGGTCAAGCCCAC	AMRU_CQ	ACATGGTCAAGCCCAC	AMRU	SRR11008277	277_ACATGGTCAAGCCCAC	TRUE
AMRU_CQ_ACATGGTCACCAGGTC	AMRU_CQ	ACATGGTCACCAGGTC	AMRU	SRR11008277	277_ACATGGTCACCAGGTC	TRUE
AMRU_CQ_ACATGGTGTCTTCAAG	AMRU_CQ	ACATGGTGTCTTCAAG	AMRU	SRR11008277	277_ACATGGTGTCTTCAAG	TRUE
AMRU_CQ_ACATGGTGTGCAGACA	AMRU_CQ	ACATGGTGTGCAGACA	AMRU	SRR11008277	277_ACATGGTGTGCAGACA	TRUE
AMRU_CQ_ACCAGTAAGATCGATA	AMRU_CQ	ACCAGTAAGATCGATA	AMRU	SRR11008277	277_ACCAGTAAGATCGATA	TRUE
AMRU_CQ_ACCAGTAAGCCTCGTG	AMRU_CQ	ACCAGTAAGCCTCGTG	AMRU	SRR11008277	277_ACCAGTAAGCCTCGTG	TRUE
AMRU_CQ_ACCAGTAGTAGCGTAG	AMRU_CQ	ACCAGTAGTAGCGTAG	AMRU	SRR11008277	277_ACCAGTAGTAGCGTAG	TRUE
AMRU_CQ_ACCAGTATCCTTTACA	AMRU_CQ	ACCAGTATCCTTTACA	AMRU	SRR11008277	277_ACCAGTATCCTTTACA	TRUE
AMRU_CQ_ACCAGTATCTCGCTTG	AMRU_CQ	ACCAGTATCTCGCTTG	AMRU	SRR11008277	277_ACCAGTATCTCGCTTG	TRUE
AMRU_CQ_ACCCACTAGACTAGGC	AMRU_CQ	ACCCACTAGACTAGGC	AMRU	SRR11008277	277_ACCCACTAGACTAGGC	TRUE
AMRU_CQ_ACCCACTGTACCATCA	AMRU_CQ	ACCCACTGTACCATCA	AMRU	SRR11008277	277_ACCCACTGTACCATCA	TRUE
AMRU_CQ_ACCGTAATCCGAACGC	AMRU_CQ	ACCGTAATCCGAACGC	AMRU	SRR11008277	277_ACCGTAATCCGAACGC	TRUE
AMRU_CQ_ACCTTTACAGGTGGAT	AMRU_CQ	ACCTTTACAGGTGGAT	AMRU	SRR11008277	277_ACCTTTACAGGTGGAT	TRUE
AMRU_CQ_ACCTTTAGTCAGAATA	AMRU_CQ	ACCTTTAGTCAGAATA	AMRU	SRR11008277	277_ACCTTTAGTCAGAATA	TRUE
AMRU_CQ_ACCTTTAGTGTTTGTG	AMRU_CQ	ACCTTTAGTGTTTGTG	AMRU	SRR11008277	277_ACCTTTAGTGTTTGTG	TRUE
AMRU_CQ_ACGAGCCAGGTGATAT	AMRU_CQ	ACGAGCCAGGTGATAT	AMRU	SRR11008277	277_ACGAGCCAGGTGATAT	TRUE
AMRU_CQ_ACGAGCCCACTTCTGC	AMRU_CQ	ACGAGCCCACTTCTGC	AMRU	SRR11008277	277_ACGAGCCCACTTCTGC	TRUE
AMRU_CQ_ACGAGCCGTTTGTGTG	AMRU_CQ	ACGAGCCGTTTGTGTG	AMRU	SRR11008277	277_ACGAGCCGTTTGTGTG	TRUE
AMRU_CQ_ACGAGGACATGTCGAT	AMRU_CQ	ACGAGGACATGTCGAT	AMRU	SRR11008277	277_ACGAGGACATGTCGAT	TRUE
AMRU_CQ_ACGAGGAGTCAGAAGC	AMRU_CQ	ACGAGGAGTCAGAAGC	AMRU	SRR11008277	277_ACGAGGAGTCAGAAGC	TRUE
AMRU_CQ_ACGAGGATCACCCGAG	AMRU_CQ	ACGAGGATCACCCGAG	AMRU	SRR11008277	277_ACGAGGATCACCCGAG	TRUE
AMRU_CQ_ACGAGGATCAGTGCAT	AMRU_CQ	ACGAGGATCAGTGCAT	AMRU	SRR11008277	277_ACGAGGATCAGTGCAT	TRUE
AMRU_CQ_ACGATACTCTCTAGGA	AMRU_CQ	ACGATACTCTCTAGGA	AMRU	SRR11008277	277_ACGATACTCTCTAGGA	TRUE
AMRU_CQ_ACGATGTCATCACCCT	AMRU_CQ	ACGATGTCATCACCCT	AMRU	SRR11008277	277_ACGATGTCATCACCCT	TRUE
AMRU_CQ_ACGATGTTCAACTCTT	AMRU_CQ	ACGATGTTCAACTCTT	AMRU	SRR11008277	277_ACGATGTTCAACTCTT	TRUE
AMRU_CQ_ACGATGTTCAGTGTTG	AMRU_CQ	ACGATGTTCAGTGTTG	AMRU	SRR11008277	277_ACGATGTTCAGTGTTG	TRUE
AMRU_CQ_ACGCAGCCAAGAGTCG	AMRU_CQ	ACGCAGCCAAGAGTCG	AMRU	SRR11008277	277_ACGCAGCCAAGAGTCG	TRUE
AMRU_CQ_ACGCAGCCATTACGAC	AMRU_CQ	ACGCAGCCATTACGAC	AMRU	SRR11008277	277_ACGCAGCCATTACGAC	TRUE
AMRU_CQ_ACGCAGCGTTCCTCCA	AMRU_CQ	ACGCAGCGTTCCTCCA	AMRU	SRR11008277	277_ACGCAGCGTTCCTCCA	TRUE
AMRU_CQ_ACGCCAGCACTGCCAG	AMRU_CQ	ACGCCAGCACTGCCAG	AMRU	SRR11008277	277_ACGCCAGCACTGCCAG	TRUE
AMRU_CQ_ACGCCAGGTAACGCGA	AMRU_CQ	ACGCCAGGTAACGCGA	AMRU	SRR11008277	277_ACGCCAGGTAACGCGA	TRUE
AMRU_CQ_ACGCCGACAAGACACG	AMRU_CQ	ACGCCGACAAGACACG	AMRU	SRR11008277	277_ACGCCGACAAGACACG	TRUE
AMRU_CQ_ACGCCGACAATAGAGT	AMRU_CQ	ACGCCGACAATAGAGT	AMRU	SRR11008277	277_ACGCCGACAATAGAGT	TRUE
AMRU_CQ_ACGCCGACACCAGGCT	AMRU_CQ	ACGCCGACACCAGGCT	AMRU	SRR11008277	277_ACGCCGACACCAGGCT	TRUE
AMRU_CQ_ACGCCGATCTGAGTGT	AMRU_CQ	ACGCCGATCTGAGTGT	AMRU	SRR11008277	277_ACGCCGATCTGAGTGT	TRUE
AMRU_CQ_ACGGAGAGTCAATACC	AMRU_CQ	ACGGAGAGTCAATACC	AMRU	SRR11008277	277_ACGGAGAGTCAATACC	TRUE
AMRU_CQ_ACGGAGAGTCGAACAG	AMRU_CQ	ACGGAGAGTCGAACAG	AMRU	SRR11008277	277_ACGGAGAGTCGAACAG	TRUE
AMRU_CQ_ACGGAGATCGTGGACC	AMRU_CQ	ACGGAGATCGTGGACC	AMRU	SRR11008277	277_ACGGAGATCGTGGACC	TRUE
AMRU_CQ_ACGGCCAAGCTATGCT	AMRU_CQ	ACGGCCAAGCTATGCT	AMRU	SRR11008277	277_ACGGCCAAGCTATGCT	TRUE
AMRU_CQ_ACGGGCTGTCCGTCAG	AMRU_CQ	ACGGGCTGTCCGTCAG	AMRU	SRR11008277	277_ACGGGCTGTCCGTCAG	TRUE
AMRU_CQ_ACGGGCTGTCGAACAG	AMRU_CQ	ACGGGCTGTCGAACAG	AMRU	SRR11008277	277_ACGGGCTGTCGAACAG	TRUE
AMRU_CQ_ACGGGTCAGGCTCTTA	AMRU_CQ	ACGGGTCAGGCTCTTA	AMRU	SRR11008277	277_ACGGGTCAGGCTCTTA	TRUE
AMRU_CQ_ACGGGTCAGGGCACTA	AMRU_CQ	ACGGGTCAGGGCACTA	AMRU	SRR11008277	277_ACGGGTCAGGGCACTA	TRUE
AMRU_CQ_ACGGGTCCAGTTTACG	AMRU_CQ	ACGGGTCCAGTTTACG	AMRU	SRR11008277	277_ACGGGTCCAGTTTACG	TRUE
AMRU_CQ_ACGGGTCTCAAAGACA	AMRU_CQ	ACGGGTCTCAAAGACA	AMRU	SRR11008277	277_ACGGGTCTCAAAGACA	TRUE
AMRU_CQ_ACGTCAAAGAGAACAG	AMRU_CQ	ACGTCAAAGAGAACAG	AMRU	SRR11008277	277_ACGTCAAAGAGAACAG	TRUE
AMRU_CQ_ACGTCAATCATGTGGT	AMRU_CQ	ACGTCAATCATGTGGT	AMRU	SRR11008277	277_ACGTCAATCATGTGGT	TRUE
AMRU_CQ_ACGTCAATCCGAATGT	AMRU_CQ	ACGTCAATCCGAATGT	AMRU	SRR11008277	277_ACGTCAATCCGAATGT	TRUE
AMRU_CQ_ACGTCAATCTGTCAAG	AMRU_CQ	ACGTCAATCTGTCAAG	AMRU	SRR11008277	277_ACGTCAATCTGTCAAG	TRUE
AMRU_CQ_ACTATCTAGAGCTGGT	AMRU_CQ	ACTATCTAGAGCTGGT	AMRU	SRR11008277	277_ACTATCTAGAGCTGGT	TRUE
AMRU_CQ_ACTATCTAGTACGTAA	AMRU_CQ	ACTATCTAGTACGTAA	AMRU	SRR11008277	277_ACTATCTAGTACGTAA	TRUE
AMRU_CQ_ACTATCTAGTGCGTGA	AMRU_CQ	ACTATCTAGTGCGTGA	AMRU	SRR11008277	277_ACTATCTAGTGCGTGA	TRUE
AMRU_CQ_ACTATCTTCCAGAAGG	AMRU_CQ	ACTATCTTCCAGAAGG	AMRU	SRR11008277	277_ACTATCTTCCAGAAGG	TRUE
AMRU_CQ_ACTATCTTCCTGCTTG	AMRU_CQ	ACTATCTTCCTGCTTG	AMRU	SRR11008277	277_ACTATCTTCCTGCTTG	TRUE
AMRU_CQ_ACTATCTTCTTTAGGG	AMRU_CQ	ACTATCTTCTTTAGGG	AMRU	SRR11008277	277_ACTATCTTCTTTAGGG	TRUE
AMRU_CQ_ACTGAACAGCTCTCGG	AMRU_CQ	ACTGAACAGCTCTCGG	AMRU	SRR11008277	277_ACTGAACAGCTCTCGG	TRUE
AMRU_CQ_ACTGAACAGGCAGGTT	AMRU_CQ	ACTGAACAGGCAGGTT	AMRU	SRR11008277	277_ACTGAACAGGCAGGTT	TRUE
AMRU_CQ_ACTGAACTCGTACGGC	AMRU_CQ	ACTGAACTCGTACGGC	AMRU	SRR11008277	277_ACTGAACTCGTACGGC	TRUE
AMRU_CQ_ACTGAGTAGACCACGA	AMRU_CQ	ACTGAGTAGACCACGA	AMRU	SRR11008277	277_ACTGAGTAGACCACGA	TRUE
AMRU_CQ_ACTGAGTAGCTTATCG	AMRU_CQ	ACTGAGTAGCTTATCG	AMRU	SRR11008277	277_ACTGAGTAGCTTATCG	TRUE
AMRU_CQ_ACTGAGTCAGCCTGTG	AMRU_CQ	ACTGAGTCAGCCTGTG	AMRU	SRR11008277	277_ACTGAGTCAGCCTGTG	TRUE
AMRU_CQ_ACTGAGTTCAAGCCTA	AMRU_CQ	ACTGAGTTCAAGCCTA	AMRU	SRR11008277	277_ACTGAGTTCAAGCCTA	TRUE
AMRU_CQ_ACTGATGCAGGATCGA	AMRU_CQ	ACTGATGCAGGATCGA	AMRU	SRR11008277	277_ACTGATGCAGGATCGA	TRUE
AMRU_CQ_ACTGATGGTTGTGGCC	AMRU_CQ	ACTGATGGTTGTGGCC	AMRU	SRR11008277	277_ACTGATGGTTGTGGCC	TRUE
AMRU_CQ_ACTGATGTCATAACCG	AMRU_CQ	ACTGATGTCATAACCG	AMRU	SRR11008277	277_ACTGATGTCATAACCG	TRUE
AMRU_CQ_ACTGCTCGTAAGAGAG	AMRU_CQ	ACTGCTCGTAAGAGAG	AMRU	SRR11008277	277_ACTGCTCGTAAGAGAG	TRUE
AMRU_CQ_ACTGCTCGTTGTGGCC	AMRU_CQ	ACTGCTCGTTGTGGCC	AMRU	SRR11008277	277_ACTGCTCGTTGTGGCC	TRUE
AMRU_CQ_ACTGCTCTCCAAACAC	AMRU_CQ	ACTGCTCTCCAAACAC	AMRU	SRR11008277	277_ACTGCTCTCCAAACAC	TRUE
AMRU_CQ_ACTGTCCAGTCTTGCA	AMRU_CQ	ACTGTCCAGTCTTGCA	AMRU	SRR11008277	277_ACTGTCCAGTCTTGCA	TRUE
AMRU_CQ_ACTGTCCAGTGAAGAG	AMRU_CQ	ACTGTCCAGTGAAGAG	AMRU	SRR11008277	277_ACTGTCCAGTGAAGAG	TRUE
AMRU_CQ_ACTGTCCCATTATCTC	AMRU_CQ	ACTGTCCCATTATCTC	AMRU	SRR11008277	277_ACTGTCCCATTATCTC	TRUE
AMRU_CQ_ACTGTCCGTTATTCTC	AMRU_CQ	ACTGTCCGTTATTCTC	AMRU	SRR11008277	277_ACTGTCCGTTATTCTC	TRUE
AMRU_CQ_ACTGTCCGTTCGTCTC	AMRU_CQ	ACTGTCCGTTCGTCTC	AMRU	SRR11008277	277_ACTGTCCGTTCGTCTC	TRUE
AMRU_CQ_ACTTACTAGTGTTTGC	AMRU_CQ	ACTTACTAGTGTTTGC	AMRU	SRR11008277	277_ACTTACTAGTGTTTGC	TRUE
AMRU_CQ_ACTTACTCAGTGGGAT	AMRU_CQ	ACTTACTCAGTGGGAT	AMRU	SRR11008277	277_ACTTACTCAGTGGGAT	TRUE
AMRU_CQ_ACTTACTGTTCCTCCA	AMRU_CQ	ACTTACTGTTCCTCCA	AMRU	SRR11008277	277_ACTTACTGTTCCTCCA	TRUE
AMRU_CQ_ACTTGTTCAGGGTTAG	AMRU_CQ	ACTTGTTCAGGGTTAG	AMRU	SRR11008277	277_ACTTGTTCAGGGTTAG	TRUE
AMRU_CQ_ACTTGTTGTAGAGGAA	AMRU_CQ	ACTTGTTGTAGAGGAA	AMRU	SRR11008277	277_ACTTGTTGTAGAGGAA	TRUE
AMRU_CQ_ACTTGTTTCCGTACAA	AMRU_CQ	ACTTGTTTCCGTACAA	AMRU	SRR11008277	277_ACTTGTTTCCGTACAA	TRUE
AMRU_CQ_ACTTGTTTCGCACTCT	AMRU_CQ	ACTTGTTTCGCACTCT	AMRU	SRR11008277	277_ACTTGTTTCGCACTCT	TRUE
AMRU_CQ_ACTTTCAAGAAACCTA	AMRU_CQ	ACTTTCAAGAAACCTA	AMRU	SRR11008277	277_ACTTTCAAGAAACCTA	TRUE
AMRU_CQ_ACTTTCAGTGCGGTAA	AMRU_CQ	ACTTTCAGTGCGGTAA	AMRU	SRR11008277	277_ACTTTCAGTGCGGTAA	TRUE
AMRU_CQ_ACTTTCATCCGGGTGT	AMRU_CQ	ACTTTCATCCGGGTGT	AMRU	SRR11008277	277_ACTTTCATCCGGGTGT	TRUE
AMRU_CQ_AGAATAGAGACAGACC	AMRU_CQ	AGAATAGAGACAGACC	AMRU	SRR11008277	277_AGAATAGAGACAGACC	TRUE
AMRU_CQ_AGAATAGAGTCCATAC	AMRU_CQ	AGAATAGAGTCCATAC	AMRU	SRR11008277	277_AGAATAGAGTCCATAC	TRUE
AMRU_CQ_AGAATAGCAGGTCTCG	AMRU_CQ	AGAATAGCAGGTCTCG	AMRU	SRR11008277	277_AGAATAGCAGGTCTCG	TRUE
AMRU_CQ_AGAATAGCATGGGAAC	AMRU_CQ	AGAATAGCATGGGAAC	AMRU	SRR11008277	277_AGAATAGCATGGGAAC	TRUE
AMRU_CQ_AGAATAGCATGGTTGT	AMRU_CQ	AGAATAGCATGGTTGT	AMRU	SRR11008277	277_AGAATAGCATGGTTGT	TRUE
AMRU_CQ_AGAATAGGTAAACACA	AMRU_CQ	AGAATAGGTAAACACA	AMRU	SRR11008277	277_AGAATAGGTAAACACA	TRUE
AMRU_CQ_AGAATAGTCCCTCAGT	AMRU_CQ	AGAATAGTCCCTCAGT	AMRU	SRR11008277	277_AGAATAGTCCCTCAGT	TRUE
AMRU_CQ_AGAATAGTCGATAGAA	AMRU_CQ	AGAATAGTCGATAGAA	AMRU	SRR11008277	277_AGAATAGTCGATAGAA	TRUE
AMRU_CQ_AGACGTTAGATCGATA	AMRU_CQ	AGACGTTAGATCGATA	AMRU	SRR11008277	277_AGACGTTAGATCGATA	TRUE
AMRU_CQ_AGACGTTGTAAACACA	AMRU_CQ	AGACGTTGTAAACACA	AMRU	SRR11008277	277_AGACGTTGTAAACACA	TRUE
AMRU_CQ_AGACGTTGTAGTACCT	AMRU_CQ	AGACGTTGTAGTACCT	AMRU	SRR11008277	277_AGACGTTGTAGTACCT	TRUE
AMRU_CQ_AGAGCGAAGGACTGGT	AMRU_CQ	AGAGCGAAGGACTGGT	AMRU	SRR11008277	277_AGAGCGAAGGACTGGT	TRUE
AMRU_CQ_AGAGCGACAATGGACG	AMRU_CQ	AGAGCGACAATGGACG	AMRU	SRR11008277	277_AGAGCGACAATGGACG	TRUE
AMRU_CQ_AGAGCGACACGTTGGC	AMRU_CQ	AGAGCGACACGTTGGC	AMRU	SRR11008277	277_AGAGCGACACGTTGGC	TRUE
AMRU_CQ_AGAGCGACAGCTTAAC	AMRU_CQ	AGAGCGACAGCTTAAC	AMRU	SRR11008277	277_AGAGCGACAGCTTAAC	TRUE
AMRU_CQ_AGAGCGATCAACTCTT	AMRU_CQ	AGAGCGATCAACTCTT	AMRU	SRR11008277	277_AGAGCGATCAACTCTT	TRUE
AMRU_CQ_AGAGCGATCCTAGAAC	AMRU_CQ	AGAGCGATCCTAGAAC	AMRU	SRR11008277	277_AGAGCGATCCTAGAAC	TRUE
AMRU_CQ_AGAGCTTCACGAAATA	AMRU_CQ	AGAGCTTCACGAAATA	AMRU	SRR11008277	277_AGAGCTTCACGAAATA	TRUE
AMRU_CQ_AGAGCTTCAGCCTTTC	AMRU_CQ	AGAGCTTCAGCCTTTC	AMRU	SRR11008277	277_AGAGCTTCAGCCTTTC	TRUE
AMRU_CQ_AGAGCTTGTACTCTCC	AMRU_CQ	AGAGCTTGTACTCTCC	AMRU	SRR11008277	277_AGAGCTTGTACTCTCC	TRUE
AMRU_CQ_AGAGCTTTCAACGGGA	AMRU_CQ	AGAGCTTTCAACGGGA	AMRU	SRR11008277	277_AGAGCTTTCAACGGGA	TRUE
AMRU_CQ_AGAGCTTTCGTGGTCG	AMRU_CQ	AGAGCTTTCGTGGTCG	AMRU	SRR11008277	277_AGAGCTTTCGTGGTCG	TRUE
AMRU_CQ_AGAGTGGAGACTAGAT	AMRU_CQ	AGAGTGGAGACTAGAT	AMRU	SRR11008277	277_AGAGTGGAGACTAGAT	TRUE
AMRU_CQ_AGAGTGGCAGTATCTG	AMRU_CQ	AGAGTGGCAGTATCTG	AMRU	SRR11008277	277_AGAGTGGCAGTATCTG	TRUE
AMRU_CQ_AGAGTGGGTGAGCGAT	AMRU_CQ	AGAGTGGGTGAGCGAT	AMRU	SRR11008277	277_AGAGTGGGTGAGCGAT	TRUE
AMRU_CQ_AGAGTGGGTGGTAACG	AMRU_CQ	AGAGTGGGTGGTAACG	AMRU	SRR11008277	277_AGAGTGGGTGGTAACG	TRUE
AMRU_CQ_AGAGTGGTCAGAGGTG	AMRU_CQ	AGAGTGGTCAGAGGTG	AMRU	SRR11008277	277_AGAGTGGTCAGAGGTG	TRUE
AMRU_CQ_AGATCTGAGTATTGGA	AMRU_CQ	AGATCTGAGTATTGGA	AMRU	SRR11008277	277_AGATCTGAGTATTGGA	TRUE
AMRU_CQ_AGATCTGTCCAAACAC	AMRU_CQ	AGATCTGTCCAAACAC	AMRU	SRR11008277	277_AGATCTGTCCAAACAC	TRUE
AMRU_CQ_AGATTGCTCTTGCAAG	AMRU_CQ	AGATTGCTCTTGCAAG	AMRU	SRR11008277	277_AGATTGCTCTTGCAAG	TRUE
AMRU_CQ_AGCAGCCAGTAGATGT	AMRU_CQ	AGCAGCCAGTAGATGT	AMRU	SRR11008277	277_AGCAGCCAGTAGATGT	TRUE
AMRU_CQ_AGCAGCCAGTCGAGTG	AMRU_CQ	AGCAGCCAGTCGAGTG	AMRU	SRR11008277	277_AGCAGCCAGTCGAGTG	TRUE
AMRU_CQ_AGCAGCCTCCCACTTG	AMRU_CQ	AGCAGCCTCCCACTTG	AMRU	SRR11008277	277_AGCAGCCTCCCACTTG	TRUE
AMRU_CQ_AGCATACGTAGAAGGA	AMRU_CQ	AGCATACGTAGAAGGA	AMRU	SRR11008277	277_AGCATACGTAGAAGGA	TRUE
AMRU_CQ_AGCATACGTCCGACGT	AMRU_CQ	AGCATACGTCCGACGT	AMRU	SRR11008277	277_AGCATACGTCCGACGT	TRUE
AMRU_CQ_AGCATACTCAAAGACA	AMRU_CQ	AGCATACTCAAAGACA	AMRU	SRR11008277	277_AGCATACTCAAAGACA	TRUE
AMRU_CQ_AGCATACTCGCTGATA	AMRU_CQ	AGCATACTCGCTGATA	AMRU	SRR11008277	277_AGCATACTCGCTGATA	TRUE
AMRU_CQ_AGCCTAACACCGTTGG	AMRU_CQ	AGCCTAACACCGTTGG	AMRU	SRR11008277	277_AGCCTAACACCGTTGG	TRUE
AMRU_CQ_AGCGGTCAGCGTCTAT	AMRU_CQ	AGCGGTCAGCGTCTAT	AMRU	SRR11008277	277_AGCGGTCAGCGTCTAT	TRUE
AMRU_CQ_AGCGGTCAGCTAGTCT	AMRU_CQ	AGCGGTCAGCTAGTCT	AMRU	SRR11008277	277_AGCGGTCAGCTAGTCT	TRUE
AMRU_CQ_AGCGGTCCACTGTCGG	AMRU_CQ	AGCGGTCCACTGTCGG	AMRU	SRR11008277	277_AGCGGTCCACTGTCGG	TRUE
AMRU_CQ_AGCGGTCTCCCGACTT	AMRU_CQ	AGCGGTCTCCCGACTT	AMRU	SRR11008277	277_AGCGGTCTCCCGACTT	TRUE
AMRU_CQ_AGCGTATAGGCAAAGA	AMRU_CQ	AGCGTATAGGCAAAGA	AMRU	SRR11008277	277_AGCGTATAGGCAAAGA	TRUE
AMRU_CQ_AGCGTATGTAGCTGCC	AMRU_CQ	AGCGTATGTAGCTGCC	AMRU	SRR11008277	277_AGCGTATGTAGCTGCC	TRUE
AMRU_CQ_AGCGTATGTTGGTTTG	AMRU_CQ	AGCGTATGTTGGTTTG	AMRU	SRR11008277	277_AGCGTATGTTGGTTTG	TRUE
AMRU_CQ_AGCGTCGAGGCATTGG	AMRU_CQ	AGCGTCGAGGCATTGG	AMRU	SRR11008277	277_AGCGTCGAGGCATTGG	TRUE
AMRU_CQ_AGCGTCGGTCACAAGG	AMRU_CQ	AGCGTCGGTCACAAGG	AMRU	SRR11008277	277_AGCGTCGGTCACAAGG	TRUE
AMRU_CQ_AGCGTCGTCTGGTATG	AMRU_CQ	AGCGTCGTCTGGTATG	AMRU	SRR11008277	277_AGCGTCGTCTGGTATG	TRUE
AMRU_CQ_AGCTCCTAGCTAAACA	AMRU_CQ	AGCTCCTAGCTAAACA	AMRU	SRR11008277	277_AGCTCCTAGCTAAACA	TRUE
AMRU_CQ_AGCTCCTAGGGAGTAA	AMRU_CQ	AGCTCCTAGGGAGTAA	AMRU	SRR11008277	277_AGCTCCTAGGGAGTAA	TRUE
AMRU_CQ_AGCTCCTTCCACTCCA	AMRU_CQ	AGCTCCTTCCACTCCA	AMRU	SRR11008277	277_AGCTCCTTCCACTCCA	TRUE
AMRU_CQ_AGCTCCTTCCCGGATG	AMRU_CQ	AGCTCCTTCCCGGATG	AMRU	SRR11008277	277_AGCTCCTTCCCGGATG	TRUE
AMRU_CQ_AGCTCCTTCGATGAGG	AMRU_CQ	AGCTCCTTCGATGAGG	AMRU	SRR11008277	277_AGCTCCTTCGATGAGG	TRUE
AMRU_CQ_AGCTCCTTCGGCCGAT	AMRU_CQ	AGCTCCTTCGGCCGAT	AMRU	SRR11008277	277_AGCTCCTTCGGCCGAT	TRUE
AMRU_CQ_AGCTCTCAGGATTCGG	AMRU_CQ	AGCTCTCAGGATTCGG	AMRU	SRR11008277	277_AGCTCTCAGGATTCGG	TRUE
AMRU_CQ_AGCTCTCCAGTTAACC	AMRU_CQ	AGCTCTCCAGTTAACC	AMRU	SRR11008277	277_AGCTCTCCAGTTAACC	TRUE
AMRU_CQ_AGCTCTCTCGAGGTAG	AMRU_CQ	AGCTCTCTCGAGGTAG	AMRU	SRR11008277	277_AGCTCTCTCGAGGTAG	TRUE
AMRU_CQ_AGCTTGAAGAAGAAGC	AMRU_CQ	AGCTTGAAGAAGAAGC	AMRU	SRR11008277	277_AGCTTGAAGAAGAAGC	TRUE
AMRU_CQ_AGCTTGAAGAGCTATA	AMRU_CQ	AGCTTGAAGAGCTATA	AMRU	SRR11008277	277_AGCTTGAAGAGCTATA	TRUE
AMRU_CQ_AGCTTGAGTCTAGAGG	AMRU_CQ	AGCTTGAGTCTAGAGG	AMRU	SRR11008277	277_AGCTTGAGTCTAGAGG	TRUE
AMRU_CQ_AGCTTGATCTGGTGTA	AMRU_CQ	AGCTTGATCTGGTGTA	AMRU	SRR11008277	277_AGCTTGATCTGGTGTA	TRUE
AMRU_CQ_AGGCCACCAGCATGAG	AMRU_CQ	AGGCCACCAGCATGAG	AMRU	SRR11008277	277_AGGCCACCAGCATGAG	TRUE
AMRU_CQ_AGGCCACGTCATTAGC	AMRU_CQ	AGGCCACGTCATTAGC	AMRU	SRR11008277	277_AGGCCACGTCATTAGC	TRUE
AMRU_CQ_AGGCCACGTCGACTAT	AMRU_CQ	AGGCCACGTCGACTAT	AMRU	SRR11008277	277_AGGCCACGTCGACTAT	TRUE
AMRU_CQ_AGGCCACTCCCAAGAT	AMRU_CQ	AGGCCACTCCCAAGAT	AMRU	SRR11008277	277_AGGCCACTCCCAAGAT	TRUE
AMRU_CQ_AGGCCGTAGTGCCAGA	AMRU_CQ	AGGCCGTAGTGCCAGA	AMRU	SRR11008277	277_AGGCCGTAGTGCCAGA	TRUE
AMRU_CQ_AGGCCGTAGTTAAGTG	AMRU_CQ	AGGCCGTAGTTAAGTG	AMRU	SRR11008277	277_AGGCCGTAGTTAAGTG	TRUE
AMRU_CQ_AGGCCGTGTCTGATTG	AMRU_CQ	AGGCCGTGTCTGATTG	AMRU	SRR11008277	277_AGGCCGTGTCTGATTG	TRUE
AMRU_CQ_AGGCCGTGTTAGATGA	AMRU_CQ	AGGCCGTGTTAGATGA	AMRU	SRR11008277	277_AGGCCGTGTTAGATGA	TRUE
AMRU_CQ_AGGCCGTTCCTAGTGA	AMRU_CQ	AGGCCGTTCCTAGTGA	AMRU	SRR11008277	277_AGGCCGTTCCTAGTGA	TRUE
AMRU_CQ_AGGGAGTCACACAGAG	AMRU_CQ	AGGGAGTCACACAGAG	AMRU	SRR11008277	277_AGGGAGTCACACAGAG	TRUE
AMRU_CQ_AGGGATGAGATGGCGT	AMRU_CQ	AGGGATGAGATGGCGT	AMRU	SRR11008277	277_AGGGATGAGATGGCGT	TRUE
AMRU_CQ_AGGGATGAGTCTCCTC	AMRU_CQ	AGGGATGAGTCTCCTC	AMRU	SRR11008277	277_AGGGATGAGTCTCCTC	TRUE
AMRU_CQ_AGGGATGCACGCGAAA	AMRU_CQ	AGGGATGCACGCGAAA	AMRU	SRR11008277	277_AGGGATGCACGCGAAA	TRUE
AMRU_CQ_AGGGATGCAGCTATTG	AMRU_CQ	AGGGATGCAGCTATTG	AMRU	SRR11008277	277_AGGGATGCAGCTATTG	TRUE
AMRU_CQ_AGGGATGGTGGTTTCA	AMRU_CQ	AGGGATGGTGGTTTCA	AMRU	SRR11008277	277_AGGGATGGTGGTTTCA	TRUE
AMRU_CQ_AGGGTGAAGAAACGAG	AMRU_CQ	AGGGTGAAGAAACGAG	AMRU	SRR11008277	277_AGGGTGAAGAAACGAG	TRUE
AMRU_CQ_AGGGTGAAGAGCTTCT	AMRU_CQ	AGGGTGAAGAGCTTCT	AMRU	SRR11008277	277_AGGGTGAAGAGCTTCT	TRUE
AMRU_CQ_AGGGTGAAGCTAAGAT	AMRU_CQ	AGGGTGAAGCTAAGAT	AMRU	SRR11008277	277_AGGGTGAAGCTAAGAT	TRUE
AMRU_CQ_AGGGTGACAATCCGAT	AMRU_CQ	AGGGTGACAATCCGAT	AMRU	SRR11008277	277_AGGGTGACAATCCGAT	TRUE
AMRU_CQ_AGGGTGAGTAAGAGAG	AMRU_CQ	AGGGTGAGTAAGAGAG	AMRU	SRR11008277	277_AGGGTGAGTAAGAGAG	TRUE
AMRU_CQ_AGGTCATAGCTAAGAT	AMRU_CQ	AGGTCATAGCTAAGAT	AMRU	SRR11008277	277_AGGTCATAGCTAAGAT	TRUE
AMRU_CQ_AGGTCATAGGACTGGT	AMRU_CQ	AGGTCATAGGACTGGT	AMRU	SRR11008277	277_AGGTCATAGGACTGGT	TRUE
AMRU_CQ_AGGTCATTCCTCAATT	AMRU_CQ	AGGTCATTCCTCAATT	AMRU	SRR11008277	277_AGGTCATTCCTCAATT	TRUE
AMRU_CQ_AGGTCATTCGGTCTAA	AMRU_CQ	AGGTCATTCGGTCTAA	AMRU	SRR11008277	277_AGGTCATTCGGTCTAA	TRUE
AMRU_CQ_AGGTCCGAGACACTAA	AMRU_CQ	AGGTCCGAGACACTAA	AMRU	SRR11008277	277_AGGTCCGAGACACTAA	TRUE
AMRU_CQ_AGGTCCGAGATGTGTA	AMRU_CQ	AGGTCCGAGATGTGTA	AMRU	SRR11008277	277_AGGTCCGAGATGTGTA	TRUE
AMRU_CQ_AGGTCCGAGCGTGAAC	AMRU_CQ	AGGTCCGAGCGTGAAC	AMRU	SRR11008277	277_AGGTCCGAGCGTGAAC	TRUE
AMRU_CQ_AGGTCCGAGGTAGCCA	AMRU_CQ	AGGTCCGAGGTAGCCA	AMRU	SRR11008277	277_AGGTCCGAGGTAGCCA	TRUE
AMRU_CQ_AGGTCCGCATCCGGGT	AMRU_CQ	AGGTCCGCATCCGGGT	AMRU	SRR11008277	277_AGGTCCGCATCCGGGT	TRUE
AMRU_CQ_AGGTCCGGTACTTGAC	AMRU_CQ	AGGTCCGGTACTTGAC	AMRU	SRR11008277	277_AGGTCCGGTACTTGAC	TRUE
AMRU_CQ_AGGTCCGTCTGCTTGC	AMRU_CQ	AGGTCCGTCTGCTTGC	AMRU	SRR11008277	277_AGGTCCGTCTGCTTGC	TRUE
AMRU_CQ_AGTAGTCCAACGCACC	AMRU_CQ	AGTAGTCCAACGCACC	AMRU	SRR11008277	277_AGTAGTCCAACGCACC	TRUE
AMRU_CQ_AGTAGTCGTCACTGGC	AMRU_CQ	AGTAGTCGTCACTGGC	AMRU	SRR11008277	277_AGTAGTCGTCACTGGC	TRUE
AMRU_CQ_AGTCTTTAGACTCGGA	AMRU_CQ	AGTCTTTAGACTCGGA	AMRU	SRR11008277	277_AGTCTTTAGACTCGGA	TRUE
AMRU_CQ_AGTCTTTCACGGACAA	AMRU_CQ	AGTCTTTCACGGACAA	AMRU	SRR11008277	277_AGTCTTTCACGGACAA	TRUE
AMRU_CQ_AGTCTTTCAGGAATGC	AMRU_CQ	AGTCTTTCAGGAATGC	AMRU	SRR11008277	277_AGTCTTTCAGGAATGC	TRUE
AMRU_CQ_AGTCTTTCAGTACACT	AMRU_CQ	AGTCTTTCAGTACACT	AMRU	SRR11008277	277_AGTCTTTCAGTACACT	TRUE
AMRU_CQ_AGTCTTTGTTATTCTC	AMRU_CQ	AGTCTTTGTTATTCTC	AMRU	SRR11008277	277_AGTCTTTGTTATTCTC	TRUE
AMRU_CQ_AGTGAGGAGTATCGAA	AMRU_CQ	AGTGAGGAGTATCGAA	AMRU	SRR11008277	277_AGTGAGGAGTATCGAA	TRUE
AMRU_CQ_AGTGAGGAGTGTACCT	AMRU_CQ	AGTGAGGAGTGTACCT	AMRU	SRR11008277	277_AGTGAGGAGTGTACCT	TRUE
AMRU_CQ_AGTGAGGCAAGTTCTG	AMRU_CQ	AGTGAGGCAAGTTCTG	AMRU	SRR11008277	277_AGTGAGGCAAGTTCTG	TRUE
AMRU_CQ_AGTGAGGCACATTTCT	AMRU_CQ	AGTGAGGCACATTTCT	AMRU	SRR11008277	277_AGTGAGGCACATTTCT	TRUE
AMRU_CQ_AGTGAGGGTAAGGGAA	AMRU_CQ	AGTGAGGGTAAGGGAA	AMRU	SRR11008277	277_AGTGAGGGTAAGGGAA	TRUE
AMRU_CQ_AGTGGGAAGGACATTA	AMRU_CQ	AGTGGGAAGGACATTA	AMRU	SRR11008277	277_AGTGGGAAGGACATTA	TRUE
AMRU_CQ_AGTGGGAAGTGCGTGA	AMRU_CQ	AGTGGGAAGTGCGTGA	AMRU	SRR11008277	277_AGTGGGAAGTGCGTGA	TRUE
AMRU_CQ_AGTGGGAAGTGTACCT	AMRU_CQ	AGTGGGAAGTGTACCT	AMRU	SRR11008277	277_AGTGGGAAGTGTACCT	TRUE
AMRU_CQ_AGTGGGAGTATATGGA	AMRU_CQ	AGTGGGAGTATATGGA	AMRU	SRR11008277	277_AGTGGGAGTATATGGA	TRUE
AMRU_CQ_AGTGGGAGTTTCGCTC	AMRU_CQ	AGTGGGAGTTTCGCTC	AMRU	SRR11008277	277_AGTGGGAGTTTCGCTC	TRUE
AMRU_CQ_AGTGGGATCTTACCGC	AMRU_CQ	AGTGGGATCTTACCGC	AMRU	SRR11008277	277_AGTGGGATCTTACCGC	TRUE
AMRU_CQ_AGTGTCAAGAGCTATA	AMRU_CQ	AGTGTCAAGAGCTATA	AMRU	SRR11008277	277_AGTGTCAAGAGCTATA	TRUE
AMRU_CQ_AGTGTCAAGTAGGCCA	AMRU_CQ	AGTGTCAAGTAGGCCA	AMRU	SRR11008277	277_AGTGTCAAGTAGGCCA	TRUE
AMRU_CQ_AGTGTCACACAGGAGT	AMRU_CQ	AGTGTCACACAGGAGT	AMRU	SRR11008277	277_AGTGTCACACAGGAGT	TRUE
AMRU_CQ_AGTGTCATCACGAAGG	AMRU_CQ	AGTGTCATCACGAAGG	AMRU	SRR11008277	277_AGTGTCATCACGAAGG	TRUE
AMRU_CQ_AGTGTCATCATGTCCC	AMRU_CQ	AGTGTCATCATGTCCC	AMRU	SRR11008277	277_AGTGTCATCATGTCCC	TRUE
AMRU_CQ_AGTGTCATCGGAATCT	AMRU_CQ	AGTGTCATCGGAATCT	AMRU	SRR11008277	277_AGTGTCATCGGAATCT	TRUE
AMRU_CQ_AGTTGGTAGCCCAGCT	AMRU_CQ	AGTTGGTAGCCCAGCT	AMRU	SRR11008277	277_AGTTGGTAGCCCAGCT	TRUE
AMRU_CQ_AGTTGGTAGGGATACC	AMRU_CQ	AGTTGGTAGGGATACC	AMRU	SRR11008277	277_AGTTGGTAGGGATACC	TRUE
AMRU_CQ_AGTTGGTGTATCTGCA	AMRU_CQ	AGTTGGTGTATCTGCA	AMRU	SRR11008277	277_AGTTGGTGTATCTGCA	TRUE
AMRU_CQ_AGTTGGTTCTGCCCTA	AMRU_CQ	AGTTGGTTCTGCCCTA	AMRU	SRR11008277	277_AGTTGGTTCTGCCCTA	TRUE
AMRU_CQ_ATAACGCCACTCTGTC	AMRU_CQ	ATAACGCCACTCTGTC	AMRU	SRR11008277	277_ATAACGCCACTCTGTC	TRUE
AMRU_CQ_ATAACGCGTCAACTGT	AMRU_CQ	ATAACGCGTCAACTGT	AMRU	SRR11008277	277_ATAACGCGTCAACTGT	TRUE
AMRU_CQ_ATAACGCGTCAGAATA	AMRU_CQ	ATAACGCGTCAGAATA	AMRU	SRR11008277	277_ATAACGCGTCAGAATA	TRUE
AMRU_CQ_ATAACGCTCCGGCACA	AMRU_CQ	ATAACGCTCCGGCACA	AMRU	SRR11008277	277_ATAACGCTCCGGCACA	TRUE
AMRU_CQ_ATAAGAGCACACTGCG	AMRU_CQ	ATAAGAGCACACTGCG	AMRU	SRR11008277	277_ATAAGAGCACACTGCG	TRUE
AMRU_CQ_ATAAGAGCATTGGGCC	AMRU_CQ	ATAAGAGCATTGGGCC	AMRU	SRR11008277	277_ATAAGAGCATTGGGCC	TRUE
AMRU_CQ_ATAAGAGGTCTAGAGG	AMRU_CQ	ATAAGAGGTCTAGAGG	AMRU	SRR11008277	277_ATAAGAGGTCTAGAGG	TRUE
AMRU_CQ_ATAAGAGTCTTGCAAG	AMRU_CQ	ATAAGAGTCTTGCAAG	AMRU	SRR11008277	277_ATAAGAGTCTTGCAAG	TRUE
AMRU_CQ_ATAGACCCATTAACCG	AMRU_CQ	ATAGACCCATTAACCG	AMRU	SRR11008277	277_ATAGACCCATTAACCG	TRUE
AMRU_CQ_ATAGACCGTTAAGAAC	AMRU_CQ	ATAGACCGTTAAGAAC	AMRU	SRR11008277	277_ATAGACCGTTAAGAAC	TRUE
AMRU_CQ_ATAGACCGTTTACTCT	AMRU_CQ	ATAGACCGTTTACTCT	AMRU	SRR11008277	277_ATAGACCGTTTACTCT	TRUE
AMRU_CQ_ATCACGACAAGCTGTT	AMRU_CQ	ATCACGACAAGCTGTT	AMRU	SRR11008277	277_ATCACGACAAGCTGTT	TRUE
AMRU_CQ_ATCACGAGTAATTGGA	AMRU_CQ	ATCACGAGTAATTGGA	AMRU	SRR11008277	277_ATCACGAGTAATTGGA	TRUE
AMRU_CQ_ATCACGAGTTACGTCA	AMRU_CQ	ATCACGAGTTACGTCA	AMRU	SRR11008277	277_ATCACGAGTTACGTCA	TRUE
AMRU_CQ_ATCATCTCACTTACGA	AMRU_CQ	ATCATCTCACTTACGA	AMRU	SRR11008277	277_ATCATCTCACTTACGA	TRUE
AMRU_CQ_ATCATGGGTACACCGC	AMRU_CQ	ATCATGGGTACACCGC	AMRU	SRR11008277	277_ATCATGGGTACACCGC	TRUE
AMRU_CQ_ATCATGGGTGACGCCT	AMRU_CQ	ATCATGGGTGACGCCT	AMRU	SRR11008277	277_ATCATGGGTGACGCCT	TRUE
AMRU_CQ_ATCATGGTCACTTACT	AMRU_CQ	ATCATGGTCACTTACT	AMRU	SRR11008277	277_ATCATGGTCACTTACT	TRUE
AMRU_CQ_ATCCACCTCCTCGCAT	AMRU_CQ	ATCCACCTCCTCGCAT	AMRU	SRR11008277	277_ATCCACCTCCTCGCAT	TRUE
AMRU_CQ_ATCCACCTCGCCGTGA	AMRU_CQ	ATCCACCTCGCCGTGA	AMRU	SRR11008277	277_ATCCACCTCGCCGTGA	TRUE
AMRU_CQ_ATCCGAAAGTCCAGGA	AMRU_CQ	ATCCGAAAGTCCAGGA	AMRU	SRR11008277	277_ATCCGAAAGTCCAGGA	TRUE
AMRU_CQ_ATCCGAACAGGCTCAC	AMRU_CQ	ATCCGAACAGGCTCAC	AMRU	SRR11008277	277_ATCCGAACAGGCTCAC	TRUE
AMRU_CQ_ATCCGAACAGTACACT	AMRU_CQ	ATCCGAACAGTACACT	AMRU	SRR11008277	277_ATCCGAACAGTACACT	TRUE
AMRU_CQ_ATCCGAAGTCAGATAA	AMRU_CQ	ATCCGAAGTCAGATAA	AMRU	SRR11008277	277_ATCCGAAGTCAGATAA	TRUE
AMRU_CQ_ATCCGAAGTCCAACTA	AMRU_CQ	ATCCGAAGTCCAACTA	AMRU	SRR11008277	277_ATCCGAAGTCCAACTA	TRUE
AMRU_CQ_ATCCGAAGTCGAGTTT	AMRU_CQ	ATCCGAAGTCGAGTTT	AMRU	SRR11008277	277_ATCCGAAGTCGAGTTT	TRUE
AMRU_CQ_ATCCGAATCAATCACG	AMRU_CQ	ATCCGAATCAATCACG	AMRU	SRR11008277	277_ATCCGAATCAATCACG	TRUE
AMRU_CQ_ATCGAGTAGTACTTGC	AMRU_CQ	ATCGAGTAGTACTTGC	AMRU	SRR11008277	277_ATCGAGTAGTACTTGC	TRUE
AMRU_CQ_ATCGAGTCAAGCTGTT	AMRU_CQ	ATCGAGTCAAGCTGTT	AMRU	SRR11008277	277_ATCGAGTCAAGCTGTT	TRUE
AMRU_CQ_ATCGAGTGTTACTGAC	AMRU_CQ	ATCGAGTGTTACTGAC	AMRU	SRR11008277	277_ATCGAGTGTTACTGAC	TRUE
AMRU_CQ_ATCGAGTTCAATACCG	AMRU_CQ	ATCGAGTTCAATACCG	AMRU	SRR11008277	277_ATCGAGTTCAATACCG	TRUE
AMRU_CQ_ATCGAGTTCAGCTGGC	AMRU_CQ	ATCGAGTTCAGCTGGC	AMRU	SRR11008277	277_ATCGAGTTCAGCTGGC	TRUE
AMRU_CQ_ATCTACTCAAACCTAC	AMRU_CQ	ATCTACTCAAACCTAC	AMRU	SRR11008277	277_ATCTACTCAAACCTAC	TRUE
AMRU_CQ_ATCTACTGTACGACCC	AMRU_CQ	ATCTACTGTACGACCC	AMRU	SRR11008277	277_ATCTACTGTACGACCC	TRUE
AMRU_CQ_ATCTACTTCTCTAGGA	AMRU_CQ	ATCTACTTCTCTAGGA	AMRU	SRR11008277	277_ATCTACTTCTCTAGGA	TRUE
AMRU_CQ_ATCTGCCAGCAGCGTA	AMRU_CQ	ATCTGCCAGCAGCGTA	AMRU	SRR11008277	277_ATCTGCCAGCAGCGTA	TRUE
AMRU_CQ_ATCTGCCCACTCAGGC	AMRU_CQ	ATCTGCCCACTCAGGC	AMRU	SRR11008277	277_ATCTGCCCACTCAGGC	TRUE
AMRU_CQ_ATCTGCCCATGCCCGA	AMRU_CQ	ATCTGCCCATGCCCGA	AMRU	SRR11008277	277_ATCTGCCCATGCCCGA	TRUE
AMRU_CQ_ATCTGCCGTAGAAAGG	AMRU_CQ	ATCTGCCGTAGAAAGG	AMRU	SRR11008277	277_ATCTGCCGTAGAAAGG	TRUE
AMRU_CQ_ATCTGCCGTCATATGC	AMRU_CQ	ATCTGCCGTCATATGC	AMRU	SRR11008277	277_ATCTGCCGTCATATGC	TRUE
AMRU_CQ_ATCTGCCTCTGCGGCA	AMRU_CQ	ATCTGCCTCTGCGGCA	AMRU	SRR11008277	277_ATCTGCCTCTGCGGCA	TRUE
AMRU_CQ_ATGAGGGCAGTATAAG	AMRU_CQ	ATGAGGGCAGTATAAG	AMRU	SRR11008277	277_ATGAGGGCAGTATAAG	TRUE
AMRU_CQ_ATGAGGGGTAAGAGGA	AMRU_CQ	ATGAGGGGTAAGAGGA	AMRU	SRR11008277	277_ATGAGGGGTAAGAGGA	TRUE
AMRU_CQ_ATGAGGGTCCCTTGCA	AMRU_CQ	ATGAGGGTCCCTTGCA	AMRU	SRR11008277	277_ATGAGGGTCCCTTGCA	TRUE
AMRU_CQ_ATGCGATAGCGATGAC	AMRU_CQ	ATGCGATAGCGATGAC	AMRU	SRR11008277	277_ATGCGATAGCGATGAC	TRUE
AMRU_CQ_ATGCGATCAAACTGCT	AMRU_CQ	ATGCGATCAAACTGCT	AMRU	SRR11008277	277_ATGCGATCAAACTGCT	TRUE
AMRU_CQ_ATGCGATCAGCTGTTA	AMRU_CQ	ATGCGATCAGCTGTTA	AMRU	SRR11008277	277_ATGCGATCAGCTGTTA	TRUE
AMRU_CQ_ATGCGATGTAGCGTCC	AMRU_CQ	ATGCGATGTAGCGTCC	AMRU	SRR11008277	277_ATGCGATGTAGCGTCC	TRUE
AMRU_CQ_ATGCGATTCGTCCAGG	AMRU_CQ	ATGCGATTCGTCCAGG	AMRU	SRR11008277	277_ATGCGATTCGTCCAGG	TRUE
AMRU_CQ_ATGCGATTCTCGCTTG	AMRU_CQ	ATGCGATTCTCGCTTG	AMRU	SRR11008277	277_ATGCGATTCTCGCTTG	TRUE
AMRU_CQ_ATGGGAGAGAGCTGCA	AMRU_CQ	ATGGGAGAGAGCTGCA	AMRU	SRR11008277	277_ATGGGAGAGAGCTGCA	TRUE
AMRU_CQ_ATGGGAGAGTGCTGCC	AMRU_CQ	ATGGGAGAGTGCTGCC	AMRU	SRR11008277	277_ATGGGAGAGTGCTGCC	TRUE
AMRU_CQ_ATGGGAGCAAGTTGTC	AMRU_CQ	ATGGGAGCAAGTTGTC	AMRU	SRR11008277	277_ATGGGAGCAAGTTGTC	TRUE
AMRU_CQ_ATGGGAGGTCTGCAAT	AMRU_CQ	ATGGGAGGTCTGCAAT	AMRU	SRR11008277	277_ATGGGAGGTCTGCAAT	TRUE
AMRU_CQ_ATGGGAGTCCCGACTT	AMRU_CQ	ATGGGAGTCCCGACTT	AMRU	SRR11008277	277_ATGGGAGTCCCGACTT	TRUE
AMRU_CQ_ATGTGTGTCTGAAAGA	AMRU_CQ	ATGTGTGTCTGAAAGA	AMRU	SRR11008277	277_ATGTGTGTCTGAAAGA	TRUE
AMRU_CQ_ATTACTCAGAGATGAG	AMRU_CQ	ATTACTCAGAGATGAG	AMRU	SRR11008277	277_ATTACTCAGAGATGAG	TRUE
AMRU_CQ_ATTACTCGTCGAGTTT	AMRU_CQ	ATTACTCGTCGAGTTT	AMRU	SRR11008277	277_ATTACTCGTCGAGTTT	TRUE
AMRU_CQ_ATTATCCAGGGATACC	AMRU_CQ	ATTATCCAGGGATACC	AMRU	SRR11008277	277_ATTATCCAGGGATACC	TRUE
AMRU_CQ_ATTATCCCAATGGATA	AMRU_CQ	ATTATCCCAATGGATA	AMRU	SRR11008277	277_ATTATCCCAATGGATA	TRUE
AMRU_CQ_ATTATCCCAGTCGATT	AMRU_CQ	ATTATCCCAGTCGATT	AMRU	SRR11008277	277_ATTATCCCAGTCGATT	TRUE
AMRU_CQ_ATTATCCGTTCTGAAC	AMRU_CQ	ATTATCCGTTCTGAAC	AMRU	SRR11008277	277_ATTATCCGTTCTGAAC	TRUE
AMRU_CQ_ATTATCCGTTTGACTG	AMRU_CQ	ATTATCCGTTTGACTG	AMRU	SRR11008277	277_ATTATCCGTTTGACTG	TRUE
AMRU_CQ_ATTATCCTCACTTATC	AMRU_CQ	ATTATCCTCACTTATC	AMRU	SRR11008277	277_ATTATCCTCACTTATC	TRUE
AMRU_CQ_ATTATCCTCCAGAAGG	AMRU_CQ	ATTATCCTCCAGAAGG	AMRU	SRR11008277	277_ATTATCCTCCAGAAGG	TRUE
AMRU_CQ_ATTATCCTCGCAAGCC	AMRU_CQ	ATTATCCTCGCAAGCC	AMRU	SRR11008277	277_ATTATCCTCGCAAGCC	TRUE
AMRU_CQ_ATTATCCTCTATCCTA	AMRU_CQ	ATTATCCTCTATCCTA	AMRU	SRR11008277	277_ATTATCCTCTATCCTA	TRUE
AMRU_CQ_ATTCTACAGGCTCATT	AMRU_CQ	ATTCTACAGGCTCATT	AMRU	SRR11008277	277_ATTCTACAGGCTCATT	TRUE
AMRU_CQ_ATTCTACTCAATCTCT	AMRU_CQ	ATTCTACTCAATCTCT	AMRU	SRR11008277	277_ATTCTACTCAATCTCT	TRUE
AMRU_CQ_ATTGGACCAGCAGTTT	AMRU_CQ	ATTGGACCAGCAGTTT	AMRU	SRR11008277	277_ATTGGACCAGCAGTTT	TRUE
AMRU_CQ_ATTGGACGTCATATCG	AMRU_CQ	ATTGGACGTCATATCG	AMRU	SRR11008277	277_ATTGGACGTCATATCG	TRUE
AMRU_CQ_ATTGGTGCATCCTTGC	AMRU_CQ	ATTGGTGCATCCTTGC	AMRU	SRR11008277	277_ATTGGTGCATCCTTGC	TRUE
AMRU_CQ_ATTGGTGGTAGATTAG	AMRU_CQ	ATTGGTGGTAGATTAG	AMRU	SRR11008277	277_ATTGGTGGTAGATTAG	TRUE
AMRU_CQ_ATTGGTGGTGGTCTCG	AMRU_CQ	ATTGGTGGTGGTCTCG	AMRU	SRR11008277	277_ATTGGTGGTGGTCTCG	TRUE
AMRU_CQ_ATTGGTGTCTGTCAAG	AMRU_CQ	ATTGGTGTCTGTCAAG	AMRU	SRR11008277	277_ATTGGTGTCTGTCAAG	TRUE
AMRU_CQ_ATTTCTGAGGGCTTCC	AMRU_CQ	ATTTCTGAGGGCTTCC	AMRU	SRR11008277	277_ATTTCTGAGGGCTTCC	TRUE
AMRU_CQ_ATTTCTGCAAACAACA	AMRU_CQ	ATTTCTGCAAACAACA	AMRU	SRR11008277	277_ATTTCTGCAAACAACA	TRUE
AMRU_CQ_CAACCAAAGGGTATCG	AMRU_CQ	CAACCAAAGGGTATCG	AMRU	SRR11008277	277_CAACCAAAGGGTATCG	TRUE
AMRU_CQ_CAACCAAAGTTTGCGT	AMRU_CQ	CAACCAAAGTTTGCGT	AMRU	SRR11008277	277_CAACCAAAGTTTGCGT	TRUE
AMRU_CQ_CAACCAACACGGATAG	AMRU_CQ	CAACCAACACGGATAG	AMRU	SRR11008277	277_CAACCAACACGGATAG	TRUE
AMRU_CQ_CAACCAACACGGTTTA	AMRU_CQ	CAACCAACACGGTTTA	AMRU	SRR11008277	277_CAACCAACACGGTTTA	TRUE
AMRU_CQ_CAACCAATCCGTCATC	AMRU_CQ	CAACCAATCCGTCATC	AMRU	SRR11008277	277_CAACCAATCCGTCATC	TRUE
AMRU_CQ_CAACCAATCGCAAACT	AMRU_CQ	CAACCAATCGCAAACT	AMRU	SRR11008277	277_CAACCAATCGCAAACT	TRUE
AMRU_CQ_CAACCTCAGCTAGGCA	AMRU_CQ	CAACCTCAGCTAGGCA	AMRU	SRR11008277	277_CAACCTCAGCTAGGCA	TRUE
AMRU_CQ_CAACCTCCAAACTGCT	AMRU_CQ	CAACCTCCAAACTGCT	AMRU	SRR11008277	277_CAACCTCCAAACTGCT	TRUE
AMRU_CQ_CAACCTCGTCCAGTTA	AMRU_CQ	CAACCTCGTCCAGTTA	AMRU	SRR11008277	277_CAACCTCGTCCAGTTA	TRUE
AMRU_CQ_CAACCTCGTCGCTTCT	AMRU_CQ	CAACCTCGTCGCTTCT	AMRU	SRR11008277	277_CAACCTCGTCGCTTCT	TRUE
AMRU_CQ_CAACCTCGTCTTGCGG	AMRU_CQ	CAACCTCGTCTTGCGG	AMRU	SRR11008277	277_CAACCTCGTCTTGCGG	TRUE
AMRU_CQ_CAACCTCGTGTAAGTA	AMRU_CQ	CAACCTCGTGTAAGTA	AMRU	SRR11008277	277_CAACCTCGTGTAAGTA	TRUE
AMRU_CQ_CAACCTCTCACCCGAG	AMRU_CQ	CAACCTCTCACCCGAG	AMRU	SRR11008277	277_CAACCTCTCACCCGAG	TRUE
AMRU_CQ_CAACTAGAGCACCGCT	AMRU_CQ	CAACTAGAGCACCGCT	AMRU	SRR11008277	277_CAACTAGAGCACCGCT	TRUE
AMRU_CQ_CAACTAGTCAAAGTAG	AMRU_CQ	CAACTAGTCAAAGTAG	AMRU	SRR11008277	277_CAACTAGTCAAAGTAG	TRUE
AMRU_CQ_CAAGAAAAGAGTACAT	AMRU_CQ	CAAGAAAAGAGTACAT	AMRU	SRR11008277	277_CAAGAAAAGAGTACAT	TRUE
AMRU_CQ_CAAGAAAAGGTGATTA	AMRU_CQ	CAAGAAAAGGTGATTA	AMRU	SRR11008277	277_CAAGAAAAGGTGATTA	TRUE
AMRU_CQ_CAAGAAACACACCGAC	AMRU_CQ	CAAGAAACACACCGAC	AMRU	SRR11008277	277_CAAGAAACACACCGAC	TRUE
AMRU_CQ_CAAGAAAGTAGCTCCG	AMRU_CQ	CAAGAAAGTAGCTCCG	AMRU	SRR11008277	277_CAAGAAAGTAGCTCCG	TRUE
AMRU_CQ_CAAGATCCACCGAAAG	AMRU_CQ	CAAGATCCACCGAAAG	AMRU	SRR11008277	277_CAAGATCCACCGAAAG	TRUE
AMRU_CQ_CAAGGCCAGGCGTACA	AMRU_CQ	CAAGGCCAGGCGTACA	AMRU	SRR11008277	277_CAAGGCCAGGCGTACA	TRUE
AMRU_CQ_CAAGGCCCAACAACCT	AMRU_CQ	CAAGGCCCAACAACCT	AMRU	SRR11008277	277_CAAGGCCCAACAACCT	TRUE
AMRU_CQ_CAAGGCCTCCAACCAA	AMRU_CQ	CAAGGCCTCCAACCAA	AMRU	SRR11008277	277_CAAGGCCTCCAACCAA	TRUE
AMRU_CQ_CAAGTTGGTACTCGCG	AMRU_CQ	CAAGTTGGTACTCGCG	AMRU	SRR11008277	277_CAAGTTGGTACTCGCG	TRUE
AMRU_CQ_CAAGTTGGTCGAGTTT	AMRU_CQ	CAAGTTGGTCGAGTTT	AMRU	SRR11008277	277_CAAGTTGGTCGAGTTT	TRUE
AMRU_CQ_CAAGTTGTCAATACCG	AMRU_CQ	CAAGTTGTCAATACCG	AMRU	SRR11008277	277_CAAGTTGTCAATACCG	TRUE
AMRU_CQ_CAAGTTGTCCTCTAGC	AMRU_CQ	CAAGTTGTCCTCTAGC	AMRU	SRR11008277	277_CAAGTTGTCCTCTAGC	TRUE
AMRU_CQ_CACAAACGTTCACCTC	AMRU_CQ	CACAAACGTTCACCTC	AMRU	SRR11008277	277_CACAAACGTTCACCTC	TRUE
AMRU_CQ_CACAAACGTTGTTTGG	AMRU_CQ	CACAAACGTTGTTTGG	AMRU	SRR11008277	277_CACAAACGTTGTTTGG	TRUE
AMRU_CQ_CACAAACTCTTAGAGC	AMRU_CQ	CACAAACTCTTAGAGC	AMRU	SRR11008277	277_CACAAACTCTTAGAGC	TRUE
AMRU_CQ_CACACAAAGCTGCGAA	AMRU_CQ	CACACAAAGCTGCGAA	AMRU	SRR11008277	277_CACACAAAGCTGCGAA	TRUE
AMRU_CQ_CACACAACATCAGTCA	AMRU_CQ	CACACAACATCAGTCA	AMRU	SRR11008277	277_CACACAACATCAGTCA	TRUE
AMRU_CQ_CACACAACATGAACCT	AMRU_CQ	CACACAACATGAACCT	AMRU	SRR11008277	277_CACACAACATGAACCT	TRUE
AMRU_CQ_CACACAAGTTACAGAA	AMRU_CQ	CACACAAGTTACAGAA	AMRU	SRR11008277	277_CACACAAGTTACAGAA	TRUE
AMRU_CQ_CACACAATCTTGTCAT	AMRU_CQ	CACACAATCTTGTCAT	AMRU	SRR11008277	277_CACACAATCTTGTCAT	TRUE
AMRU_CQ_CACACCTAGCTTTGGT	AMRU_CQ	CACACCTAGCTTTGGT	AMRU	SRR11008277	277_CACACCTAGCTTTGGT	TRUE
AMRU_CQ_CACACCTCATAGTAAG	AMRU_CQ	CACACCTCATAGTAAG	AMRU	SRR11008277	277_CACACCTCATAGTAAG	TRUE
AMRU_CQ_CACACTCCAGCTATTG	AMRU_CQ	CACACTCCAGCTATTG	AMRU	SRR11008277	277_CACACTCCAGCTATTG	TRUE
AMRU_CQ_CACACTCTCAGAGGTG	AMRU_CQ	CACACTCTCAGAGGTG	AMRU	SRR11008277	277_CACACTCTCAGAGGTG	TRUE
AMRU_CQ_CACAGGCAGATCCGAG	AMRU_CQ	CACAGGCAGATCCGAG	AMRU	SRR11008277	277_CACAGGCAGATCCGAG	TRUE
AMRU_CQ_CACAGGCAGGTAAACT	AMRU_CQ	CACAGGCAGGTAAACT	AMRU	SRR11008277	277_CACAGGCAGGTAAACT	TRUE
AMRU_CQ_CACAGGCCAAGCTGTT	AMRU_CQ	CACAGGCCAAGCTGTT	AMRU	SRR11008277	277_CACAGGCCAAGCTGTT	TRUE
AMRU_CQ_CACAGGCGTCTCATCC	AMRU_CQ	CACAGGCGTCTCATCC	AMRU	SRR11008277	277_CACAGGCGTCTCATCC	TRUE
AMRU_CQ_CACAGTACATCCCACT	AMRU_CQ	CACAGTACATCCCACT	AMRU	SRR11008277	277_CACAGTACATCCCACT	TRUE
AMRU_CQ_CACATAGAGCTGCGAA	AMRU_CQ	CACATAGAGCTGCGAA	AMRU	SRR11008277	277_CACATAGAGCTGCGAA	TRUE
AMRU_CQ_CACATAGAGTGTGAAT	AMRU_CQ	CACATAGAGTGTGAAT	AMRU	SRR11008277	277_CACATAGAGTGTGAAT	TRUE
AMRU_CQ_CACATAGAGTTCCACA	AMRU_CQ	CACATAGAGTTCCACA	AMRU	SRR11008277	277_CACATAGAGTTCCACA	TRUE
AMRU_CQ_CACATAGCAAGTTAAG	AMRU_CQ	CACATAGCAAGTTAAG	AMRU	SRR11008277	277_CACATAGCAAGTTAAG	TRUE
AMRU_CQ_CACATAGGTAACGACG	AMRU_CQ	CACATAGGTAACGACG	AMRU	SRR11008277	277_CACATAGGTAACGACG	TRUE
AMRU_CQ_CACATAGTCAACACCA	AMRU_CQ	CACATAGTCAACACCA	AMRU	SRR11008277	277_CACATAGTCAACACCA	TRUE
AMRU_CQ_CACATAGTCGCCTGAG	AMRU_CQ	CACATAGTCGCCTGAG	AMRU	SRR11008277	277_CACATAGTCGCCTGAG	TRUE
AMRU_CQ_CACATAGTCTAACCGA	AMRU_CQ	CACATAGTCTAACCGA	AMRU	SRR11008277	277_CACATAGTCTAACCGA	TRUE
AMRU_CQ_CACATTTCACCAGTTA	AMRU_CQ	CACATTTCACCAGTTA	AMRU	SRR11008277	277_CACATTTCACCAGTTA	TRUE
AMRU_CQ_CACATTTCAGCCTATA	AMRU_CQ	CACATTTCAGCCTATA	AMRU	SRR11008277	277_CACATTTCAGCCTATA	TRUE
AMRU_CQ_CACATTTGTCATCCCT	AMRU_CQ	CACATTTGTCATCCCT	AMRU	SRR11008277	277_CACATTTGTCATCCCT	TRUE
AMRU_CQ_CACCACTAGACTGTAA	AMRU_CQ	CACCACTAGACTGTAA	AMRU	SRR11008277	277_CACCACTAGACTGTAA	TRUE
AMRU_CQ_CACCACTTCCGATATG	AMRU_CQ	CACCACTTCCGATATG	AMRU	SRR11008277	277_CACCACTTCCGATATG	TRUE
AMRU_CQ_CACCACTTCTGCTGTC	AMRU_CQ	CACCACTTCTGCTGTC	AMRU	SRR11008277	277_CACCACTTCTGCTGTC	TRUE
AMRU_CQ_CACCAGGAGCTACCGC	AMRU_CQ	CACCAGGAGCTACCGC	AMRU	SRR11008277	277_CACCAGGAGCTACCGC	TRUE
AMRU_CQ_CACCAGGCACGCCAGT	AMRU_CQ	CACCAGGCACGCCAGT	AMRU	SRR11008277	277_CACCAGGCACGCCAGT	TRUE
AMRU_CQ_CACCAGGGTAAACGCG	AMRU_CQ	CACCAGGGTAAACGCG	AMRU	SRR11008277	277_CACCAGGGTAAACGCG	TRUE
AMRU_CQ_CACCAGGGTCGATTGT	AMRU_CQ	CACCAGGGTCGATTGT	AMRU	SRR11008277	277_CACCAGGGTCGATTGT	TRUE
AMRU_CQ_CACCTTGAGGTAGCCA	AMRU_CQ	CACCTTGAGGTAGCCA	AMRU	SRR11008277	277_CACCTTGAGGTAGCCA	TRUE
AMRU_CQ_CACCTTGCATTTGCTT	AMRU_CQ	CACCTTGCATTTGCTT	AMRU	SRR11008277	277_CACCTTGCATTTGCTT	TRUE
AMRU_CQ_CACCTTGGTACGCACC	AMRU_CQ	CACCTTGGTACGCACC	AMRU	SRR11008277	277_CACCTTGGTACGCACC	TRUE
AMRU_CQ_CACCTTGGTTCGGGCT	AMRU_CQ	CACCTTGGTTCGGGCT	AMRU	SRR11008277	277_CACCTTGGTTCGGGCT	TRUE
AMRU_CQ_CACTCCAAGCGAAGGG	AMRU_CQ	CACTCCAAGCGAAGGG	AMRU	SRR11008277	277_CACTCCAAGCGAAGGG	TRUE
AMRU_CQ_CACTCCAAGTGCGTGA	AMRU_CQ	CACTCCAAGTGCGTGA	AMRU	SRR11008277	277_CACTCCAAGTGCGTGA	TRUE
AMRU_CQ_CACTCCATCACATACG	AMRU_CQ	CACTCCATCACATACG	AMRU	SRR11008277	277_CACTCCATCACATACG	TRUE
AMRU_CQ_CAGAATCAGCTAGTTC	AMRU_CQ	CAGAATCAGCTAGTTC	AMRU	SRR11008277	277_CAGAATCAGCTAGTTC	TRUE
AMRU_CQ_CAGAATCGTCATATGC	AMRU_CQ	CAGAATCGTCATATGC	AMRU	SRR11008277	277_CAGAATCGTCATATGC	TRUE
AMRU_CQ_CAGAATCGTTAAGTAG	AMRU_CQ	CAGAATCGTTAAGTAG	AMRU	SRR11008277	277_CAGAATCGTTAAGTAG	TRUE
AMRU_CQ_CAGAATCTCATACGGT	AMRU_CQ	CAGAATCTCATACGGT	AMRU	SRR11008277	277_CAGAATCTCATACGGT	TRUE
AMRU_CQ_CAGAGAGCAAATCCGT	AMRU_CQ	CAGAGAGCAAATCCGT	AMRU	SRR11008277	277_CAGAGAGCAAATCCGT	TRUE
AMRU_CQ_CAGAGAGCAGAGTGTG	AMRU_CQ	CAGAGAGCAGAGTGTG	AMRU	SRR11008277	277_CAGAGAGCAGAGTGTG	TRUE
AMRU_CQ_CAGAGAGCATATACGC	AMRU_CQ	CAGAGAGCATATACGC	AMRU	SRR11008277	277_CAGAGAGCATATACGC	TRUE
AMRU_CQ_CAGAGAGGTAAGGATT	AMRU_CQ	CAGAGAGGTAAGGATT	AMRU	SRR11008277	277_CAGAGAGGTAAGGATT	TRUE
AMRU_CQ_CAGAGAGGTACCGTTA	AMRU_CQ	CAGAGAGGTACCGTTA	AMRU	SRR11008277	277_CAGAGAGGTACCGTTA	TRUE
AMRU_CQ_CAGATCAAGCGCCTCA	AMRU_CQ	CAGATCAAGCGCCTCA	AMRU	SRR11008277	277_CAGATCAAGCGCCTCA	TRUE
AMRU_CQ_CAGATCACAATCTACG	AMRU_CQ	CAGATCACAATCTACG	AMRU	SRR11008277	277_CAGATCACAATCTACG	TRUE
AMRU_CQ_CAGATCACATCATCCC	AMRU_CQ	CAGATCACATCATCCC	AMRU	SRR11008277	277_CAGATCACATCATCCC	TRUE
AMRU_CQ_CAGATCACATCGGACC	AMRU_CQ	CAGATCACATCGGACC	AMRU	SRR11008277	277_CAGATCACATCGGACC	TRUE
AMRU_CQ_CAGATCAGTTGACGTT	AMRU_CQ	CAGATCAGTTGACGTT	AMRU	SRR11008277	277_CAGATCAGTTGACGTT	TRUE
AMRU_CQ_CAGATCATCTTAGAGC	AMRU_CQ	CAGATCATCTTAGAGC	AMRU	SRR11008277	277_CAGATCATCTTAGAGC	TRUE
AMRU_CQ_CAGCATACACCTTGTC	AMRU_CQ	CAGCATACACCTTGTC	AMRU	SRR11008277	277_CAGCATACACCTTGTC	TRUE
AMRU_CQ_CAGCATACAGCTATTG	AMRU_CQ	CAGCATACAGCTATTG	AMRU	SRR11008277	277_CAGCATACAGCTATTG	TRUE
AMRU_CQ_CAGCATATCATTATCC	AMRU_CQ	CAGCATATCATTATCC	AMRU	SRR11008277	277_CAGCATATCATTATCC	TRUE
AMRU_CQ_CAGCCGACATTACGAC	AMRU_CQ	CAGCCGACATTACGAC	AMRU	SRR11008277	277_CAGCCGACATTACGAC	TRUE
AMRU_CQ_CAGCCGAGTGGCGAAT	AMRU_CQ	CAGCCGAGTGGCGAAT	AMRU	SRR11008277	277_CAGCCGAGTGGCGAAT	TRUE
AMRU_CQ_CAGCCGATCTCGGACG	AMRU_CQ	CAGCCGATCTCGGACG	AMRU	SRR11008277	277_CAGCCGATCTCGGACG	TRUE
AMRU_CQ_CAGCGACAGAAACCTA	AMRU_CQ	CAGCGACAGAAACCTA	AMRU	SRR11008277	277_CAGCGACAGAAACCTA	TRUE
AMRU_CQ_CAGCGACGTACACCGC	AMRU_CQ	CAGCGACGTACACCGC	AMRU	SRR11008277	277_CAGCGACGTACACCGC	TRUE
AMRU_CQ_CAGCGACGTTATTCTC	AMRU_CQ	CAGCGACGTTATTCTC	AMRU	SRR11008277	277_CAGCGACGTTATTCTC	TRUE
AMRU_CQ_CAGCGACTCACGATGT	AMRU_CQ	CAGCGACTCACGATGT	AMRU	SRR11008277	277_CAGCGACTCACGATGT	TRUE
AMRU_CQ_CAGCTAAAGATCTGAA	AMRU_CQ	CAGCTAAAGATCTGAA	AMRU	SRR11008277	277_CAGCTAAAGATCTGAA	TRUE
AMRU_CQ_CAGCTAAAGGATGTAT	AMRU_CQ	CAGCTAAAGGATGTAT	AMRU	SRR11008277	277_CAGCTAAAGGATGTAT	TRUE
AMRU_CQ_CAGCTAAGTGAGGCTA	AMRU_CQ	CAGCTAAGTGAGGCTA	AMRU	SRR11008277	277_CAGCTAAGTGAGGCTA	TRUE
AMRU_CQ_CAGCTAATCGCGTTTC	AMRU_CQ	CAGCTAATCGCGTTTC	AMRU	SRR11008277	277_CAGCTAATCGCGTTTC	TRUE
AMRU_CQ_CAGCTGGAGGTGCACA	AMRU_CQ	CAGCTGGAGGTGCACA	AMRU	SRR11008277	277_CAGCTGGAGGTGCACA	TRUE
AMRU_CQ_CAGCTGGCAGATTGCT	AMRU_CQ	CAGCTGGCAGATTGCT	AMRU	SRR11008277	277_CAGCTGGCAGATTGCT	TRUE
AMRU_CQ_CAGCTGGTCACCACCT	AMRU_CQ	CAGCTGGTCACCACCT	AMRU	SRR11008277	277_CAGCTGGTCACCACCT	TRUE
AMRU_CQ_CAGCTGGTCCAGTAGT	AMRU_CQ	CAGCTGGTCCAGTAGT	AMRU	SRR11008277	277_CAGCTGGTCCAGTAGT	TRUE
AMRU_CQ_CAGCTGGTCCGTAGTA	AMRU_CQ	CAGCTGGTCCGTAGTA	AMRU	SRR11008277	277_CAGCTGGTCCGTAGTA	TRUE
AMRU_CQ_CAGGTGCAGCCACGTC	AMRU_CQ	CAGGTGCAGCCACGTC	AMRU	SRR11008277	277_CAGGTGCAGCCACGTC	TRUE
AMRU_CQ_CAGGTGCAGTCCGGTC	AMRU_CQ	CAGGTGCAGTCCGGTC	AMRU	SRR11008277	277_CAGGTGCAGTCCGGTC	TRUE
AMRU_CQ_CAGGTGCGTTCAGGCC	AMRU_CQ	CAGGTGCGTTCAGGCC	AMRU	SRR11008277	277_CAGGTGCGTTCAGGCC	TRUE
AMRU_CQ_CAGGTGCTCCAGTATG	AMRU_CQ	CAGGTGCTCCAGTATG	AMRU	SRR11008277	277_CAGGTGCTCCAGTATG	TRUE
AMRU_CQ_CAGGTGCTCGGCGCAT	AMRU_CQ	CAGGTGCTCGGCGCAT	AMRU	SRR11008277	277_CAGGTGCTCGGCGCAT	TRUE
AMRU_CQ_CAGTAACAGGCTCTTA	AMRU_CQ	CAGTAACAGGCTCTTA	AMRU	SRR11008277	277_CAGTAACAGGCTCTTA	TRUE
AMRU_CQ_CAGTAACAGTGGCACA	AMRU_CQ	CAGTAACAGTGGCACA	AMRU	SRR11008277	277_CAGTAACAGTGGCACA	TRUE
AMRU_CQ_CAGTAACTCACTATTC	AMRU_CQ	CAGTAACTCACTATTC	AMRU	SRR11008277	277_CAGTAACTCACTATTC	TRUE
AMRU_CQ_CAGTAACTCGACAGCC	AMRU_CQ	CAGTAACTCGACAGCC	AMRU	SRR11008277	277_CAGTAACTCGACAGCC	TRUE
AMRU_CQ_CAGTAACTCTACTTAC	AMRU_CQ	CAGTAACTCTACTTAC	AMRU	SRR11008277	277_CAGTAACTCTACTTAC	TRUE
AMRU_CQ_CAGTAACTCTCTGAGA	AMRU_CQ	CAGTAACTCTCTGAGA	AMRU	SRR11008277	277_CAGTAACTCTCTGAGA	TRUE
AMRU_CQ_CAGTCCTAGACTAGAT	AMRU_CQ	CAGTCCTAGACTAGAT	AMRU	SRR11008277	277_CAGTCCTAGACTAGAT	TRUE
AMRU_CQ_CAGTCCTGTACGAAAT	AMRU_CQ	CAGTCCTGTACGAAAT	AMRU	SRR11008277	277_CAGTCCTGTACGAAAT	TRUE
AMRU_CQ_CATATGGAGAGTACAT	AMRU_CQ	CATATGGAGAGTACAT	AMRU	SRR11008277	277_CATATGGAGAGTACAT	TRUE
AMRU_CQ_CATATGGAGTGGAGAA	AMRU_CQ	CATATGGAGTGGAGAA	AMRU	SRR11008277	277_CATATGGAGTGGAGAA	TRUE
AMRU_CQ_CATATGGCAGAGTGTG	AMRU_CQ	CATATGGCAGAGTGTG	AMRU	SRR11008277	277_CATATGGCAGAGTGTG	TRUE
AMRU_CQ_CATATGGCAGTTCCCT	AMRU_CQ	CATATGGCAGTTCCCT	AMRU	SRR11008277	277_CATATGGCAGTTCCCT	TRUE
AMRU_CQ_CATATGGTCAGCACAT	AMRU_CQ	CATATGGTCAGCACAT	AMRU	SRR11008277	277_CATATGGTCAGCACAT	TRUE
AMRU_CQ_CATATGGTCAGTGTTG	AMRU_CQ	CATATGGTCAGTGTTG	AMRU	SRR11008277	277_CATATGGTCAGTGTTG	TRUE
AMRU_CQ_CATATGGTCGGATGTT	AMRU_CQ	CATATGGTCGGATGTT	AMRU	SRR11008277	277_CATATGGTCGGATGTT	TRUE
AMRU_CQ_CATATTCAGATATGGT	AMRU_CQ	CATATTCAGATATGGT	AMRU	SRR11008277	277_CATATTCAGATATGGT	TRUE
AMRU_CQ_CATATTCAGCGCTTAT	AMRU_CQ	CATATTCAGCGCTTAT	AMRU	SRR11008277	277_CATATTCAGCGCTTAT	TRUE
AMRU_CQ_CATATTCGTTCATGGT	AMRU_CQ	CATATTCGTTCATGGT	AMRU	SRR11008277	277_CATATTCGTTCATGGT	TRUE
AMRU_CQ_CATATTCTCCTTTACA	AMRU_CQ	CATATTCTCCTTTACA	AMRU	SRR11008277	277_CATATTCTCCTTTACA	TRUE
AMRU_CQ_CATCAAGGTACTTGAC	AMRU_CQ	CATCAAGGTACTTGAC	AMRU	SRR11008277	277_CATCAAGGTACTTGAC	TRUE
AMRU_CQ_CATCAGATCAAACAAG	AMRU_CQ	CATCAGATCAAACAAG	AMRU	SRR11008277	277_CATCAGATCAAACAAG	TRUE
AMRU_CQ_CATCAGATCACCCTCA	AMRU_CQ	CATCAGATCACCCTCA	AMRU	SRR11008277	277_CATCAGATCACCCTCA	TRUE
AMRU_CQ_CATCCACAGAGCCCAA	AMRU_CQ	CATCCACAGAGCCCAA	AMRU	SRR11008277	277_CATCCACAGAGCCCAA	TRUE
AMRU_CQ_CATCCACCAGTACACT	AMRU_CQ	CATCCACCAGTACACT	AMRU	SRR11008277	277_CATCCACCAGTACACT	TRUE
AMRU_CQ_CATCCACTCATGCATG	AMRU_CQ	CATCCACTCATGCATG	AMRU	SRR11008277	277_CATCCACTCATGCATG	TRUE
AMRU_CQ_CATCGAAAGAAACCAT	AMRU_CQ	CATCGAAAGAAACCAT	AMRU	SRR11008277	277_CATCGAAAGAAACCAT	TRUE
AMRU_CQ_CATCGAACAGCTGTTA	AMRU_CQ	CATCGAACAGCTGTTA	AMRU	SRR11008277	277_CATCGAACAGCTGTTA	TRUE
AMRU_CQ_CATCGAAGTGATAAAC	AMRU_CQ	CATCGAAGTGATAAAC	AMRU	SRR11008277	277_CATCGAAGTGATAAAC	TRUE
AMRU_CQ_CATCGGGTCAGCACAT	AMRU_CQ	CATCGGGTCAGCACAT	AMRU	SRR11008277	277_CATCGGGTCAGCACAT	TRUE
AMRU_CQ_CATGACACAGTCAGCC	AMRU_CQ	CATGACACAGTCAGCC	AMRU	SRR11008277	277_CATGACACAGTCAGCC	TRUE
AMRU_CQ_CATGACAGTTGTTTGG	AMRU_CQ	CATGACAGTTGTTTGG	AMRU	SRR11008277	277_CATGACAGTTGTTTGG	TRUE
AMRU_CQ_CATGCCTAGATAGCAT	AMRU_CQ	CATGCCTAGATAGCAT	AMRU	SRR11008277	277_CATGCCTAGATAGCAT	TRUE
AMRU_CQ_CATGCCTCACAGAGGT	AMRU_CQ	CATGCCTCACAGAGGT	AMRU	SRR11008277	277_CATGCCTCACAGAGGT	TRUE
AMRU_CQ_CATGCCTCACCGATAT	AMRU_CQ	CATGCCTCACCGATAT	AMRU	SRR11008277	277_CATGCCTCACCGATAT	TRUE
AMRU_CQ_CATGCCTGTGACAAAT	AMRU_CQ	CATGCCTGTGACAAAT	AMRU	SRR11008277	277_CATGCCTGTGACAAAT	TRUE
AMRU_CQ_CATGGCGAGCACAGGT	AMRU_CQ	CATGGCGAGCACAGGT	AMRU	SRR11008277	277_CATGGCGAGCACAGGT	TRUE
AMRU_CQ_CATGGCGCACGAAGCA	AMRU_CQ	CATGGCGCACGAAGCA	AMRU	SRR11008277	277_CATGGCGCACGAAGCA	TRUE
AMRU_CQ_CATGGCGTCGTAGATC	AMRU_CQ	CATGGCGTCGTAGATC	AMRU	SRR11008277	277_CATGGCGTCGTAGATC	TRUE
AMRU_CQ_CATTATCCACTTCTGC	AMRU_CQ	CATTATCCACTTCTGC	AMRU	SRR11008277	277_CATTATCCACTTCTGC	TRUE
AMRU_CQ_CATTATCCATCGACGC	AMRU_CQ	CATTATCCATCGACGC	AMRU	SRR11008277	277_CATTATCCATCGACGC	TRUE
AMRU_CQ_CATTCGCAGAGCTGGT	AMRU_CQ	CATTCGCAGAGCTGGT	AMRU	SRR11008277	277_CATTCGCAGAGCTGGT	TRUE
AMRU_CQ_CATTCGCAGCAGACTG	AMRU_CQ	CATTCGCAGCAGACTG	AMRU	SRR11008277	277_CATTCGCAGCAGACTG	TRUE
AMRU_CQ_CATTCGCAGCCACGTC	AMRU_CQ	CATTCGCAGCCACGTC	AMRU	SRR11008277	277_CATTCGCAGCCACGTC	TRUE
AMRU_CQ_CATTCGCAGGATTCGG	AMRU_CQ	CATTCGCAGGATTCGG	AMRU	SRR11008277	277_CATTCGCAGGATTCGG	TRUE
AMRU_CQ_CATTCGCAGTTTGCGT	AMRU_CQ	CATTCGCAGTTTGCGT	AMRU	SRR11008277	277_CATTCGCAGTTTGCGT	TRUE
AMRU_CQ_CATTCGCCAATCAGAA	AMRU_CQ	CATTCGCCAATCAGAA	AMRU	SRR11008277	277_CATTCGCCAATCAGAA	TRUE
AMRU_CQ_CATTCGCCAGGCTCAC	AMRU_CQ	CATTCGCCAGGCTCAC	AMRU	SRR11008277	277_CATTCGCCAGGCTCAC	TRUE
AMRU_CQ_CATTCGCCATGGAATA	AMRU_CQ	CATTCGCCATGGAATA	AMRU	SRR11008277	277_CATTCGCCATGGAATA	TRUE
AMRU_CQ_CATTCGCGTCACACGC	AMRU_CQ	CATTCGCGTCACACGC	AMRU	SRR11008277	277_CATTCGCGTCACACGC	TRUE
AMRU_CQ_CATTCGCGTCCAGTAT	AMRU_CQ	CATTCGCGTCCAGTAT	AMRU	SRR11008277	277_CATTCGCGTCCAGTAT	TRUE
AMRU_CQ_CATTCGCTCTTCCTTC	AMRU_CQ	CATTCGCTCTTCCTTC	AMRU	SRR11008277	277_CATTCGCTCTTCCTTC	TRUE
AMRU_CQ_CCAATCCCAACACCCG	AMRU_CQ	CCAATCCCAACACCCG	AMRU	SRR11008277	277_CCAATCCCAACACCCG	TRUE
AMRU_CQ_CCAATCCCACCACCAG	AMRU_CQ	CCAATCCCACCACCAG	AMRU	SRR11008277	277_CCAATCCCACCACCAG	TRUE
AMRU_CQ_CCAATCCGTAAGGGAA	AMRU_CQ	CCAATCCGTAAGGGAA	AMRU	SRR11008277	277_CCAATCCGTAAGGGAA	TRUE
AMRU_CQ_CCAATCCGTCACTTCC	AMRU_CQ	CCAATCCGTCACTTCC	AMRU	SRR11008277	277_CCAATCCGTCACTTCC	TRUE
AMRU_CQ_CCACCTACACTAAGTC	AMRU_CQ	CCACCTACACTAAGTC	AMRU	SRR11008277	277_CCACCTACACTAAGTC	TRUE
AMRU_CQ_CCACCTAGTCACACGC	AMRU_CQ	CCACCTAGTCACACGC	AMRU	SRR11008277	277_CCACCTAGTCACACGC	TRUE
AMRU_CQ_CCACCTATCCCACTTG	AMRU_CQ	CCACCTATCCCACTTG	AMRU	SRR11008277	277_CCACCTATCCCACTTG	TRUE
AMRU_CQ_CCACGGAAGACACGAC	AMRU_CQ	CCACGGAAGACACGAC	AMRU	SRR11008277	277_CCACGGAAGACACGAC	TRUE
AMRU_CQ_CCACGGAAGGCCCGTT	AMRU_CQ	CCACGGAAGGCCCGTT	AMRU	SRR11008277	277_CCACGGAAGGCCCGTT	TRUE
AMRU_CQ_CCACGGACACGAAAGC	AMRU_CQ	CCACGGACACGAAAGC	AMRU	SRR11008277	277_CCACGGACACGAAAGC	TRUE
AMRU_CQ_CCACGGACAGGGTTAG	AMRU_CQ	CCACGGACAGGGTTAG	AMRU	SRR11008277	277_CCACGGACAGGGTTAG	TRUE
AMRU_CQ_CCACGGATCACCTCGT	AMRU_CQ	CCACGGATCACCTCGT	AMRU	SRR11008277	277_CCACGGATCACCTCGT	TRUE
AMRU_CQ_CCACGGATCTTTACAC	AMRU_CQ	CCACGGATCTTTACAC	AMRU	SRR11008277	277_CCACGGATCTTTACAC	TRUE
AMRU_CQ_CCACTACGTTTGCATG	AMRU_CQ	CCACTACGTTTGCATG	AMRU	SRR11008277	277_CCACTACGTTTGCATG	TRUE
AMRU_CQ_CCACTACTCAAACCGT	AMRU_CQ	CCACTACTCAAACCGT	AMRU	SRR11008277	277_CCACTACTCAAACCGT	TRUE
AMRU_CQ_CCAGCGAAGCCCAGCT	AMRU_CQ	CCAGCGAAGCCCAGCT	AMRU	SRR11008277	277_CCAGCGAAGCCCAGCT	TRUE
AMRU_CQ_CCAGCGACAATACGCT	AMRU_CQ	CCAGCGACAATACGCT	AMRU	SRR11008277	277_CCAGCGACAATACGCT	TRUE
AMRU_CQ_CCAGCGACACATAACC	AMRU_CQ	CCAGCGACACATAACC	AMRU	SRR11008277	277_CCAGCGACACATAACC	TRUE
AMRU_CQ_CCAGCGACATGTCTCC	AMRU_CQ	CCAGCGACATGTCTCC	AMRU	SRR11008277	277_CCAGCGACATGTCTCC	TRUE
AMRU_CQ_CCAGCGAGTAAACACA	AMRU_CQ	CCAGCGAGTAAACACA	AMRU	SRR11008277	277_CCAGCGAGTAAACACA	TRUE
AMRU_CQ_CCATGTCCATCCTAGA	AMRU_CQ	CCATGTCCATCCTAGA	AMRU	SRR11008277	277_CCATGTCCATCCTAGA	TRUE
AMRU_CQ_CCATGTCGTACATGTC	AMRU_CQ	CCATGTCGTACATGTC	AMRU	SRR11008277	277_CCATGTCGTACATGTC	TRUE
AMRU_CQ_CCATGTCGTCATATCG	AMRU_CQ	CCATGTCGTCATATCG	AMRU	SRR11008277	277_CCATGTCGTCATATCG	TRUE
AMRU_CQ_CCATGTCGTCTCACCT	AMRU_CQ	CCATGTCGTCTCACCT	AMRU	SRR11008277	277_CCATGTCGTCTCACCT	TRUE
AMRU_CQ_CCATTCGAGTCAAGCG	AMRU_CQ	CCATTCGAGTCAAGCG	AMRU	SRR11008277	277_CCATTCGAGTCAAGCG	TRUE
AMRU_CQ_CCATTCGAGTCCATAC	AMRU_CQ	CCATTCGAGTCCATAC	AMRU	SRR11008277	277_CCATTCGAGTCCATAC	TRUE
AMRU_CQ_CCATTCGCAATGCCAT	AMRU_CQ	CCATTCGCAATGCCAT	AMRU	SRR11008277	277_CCATTCGCAATGCCAT	TRUE
AMRU_CQ_CCCAATCAGAAGGCCT	AMRU_CQ	CCCAATCAGAAGGCCT	AMRU	SRR11008277	277_CCCAATCAGAAGGCCT	TRUE
AMRU_CQ_CCCAATCAGAGTACAT	AMRU_CQ	CCCAATCAGAGTACAT	AMRU	SRR11008277	277_CCCAATCAGAGTACAT	TRUE
AMRU_CQ_CCCAATCAGATGTAAC	AMRU_CQ	CCCAATCAGATGTAAC	AMRU	SRR11008277	277_CCCAATCAGATGTAAC	TRUE
AMRU_CQ_CCCAATCGTTCCATGA	AMRU_CQ	CCCAATCGTTCCATGA	AMRU	SRR11008277	277_CCCAATCGTTCCATGA	TRUE
AMRU_CQ_CCCAATCGTTCGAATC	AMRU_CQ	CCCAATCGTTCGAATC	AMRU	SRR11008277	277_CCCAATCGTTCGAATC	TRUE
AMRU_CQ_CCCAATCGTTTACTCT	AMRU_CQ	CCCAATCGTTTACTCT	AMRU	SRR11008277	277_CCCAATCGTTTACTCT	TRUE
AMRU_CQ_CCCAGTTAGAGGTACC	AMRU_CQ	CCCAGTTAGAGGTACC	AMRU	SRR11008277	277_CCCAGTTAGAGGTACC	TRUE
AMRU_CQ_CCCAGTTCAAGTACCT	AMRU_CQ	CCCAGTTCAAGTACCT	AMRU	SRR11008277	277_CCCAGTTCAAGTACCT	TRUE
AMRU_CQ_CCCAGTTGTCACACGC	AMRU_CQ	CCCAGTTGTCACACGC	AMRU	SRR11008277	277_CCCAGTTGTCACACGC	TRUE
AMRU_CQ_CCCAGTTGTTGCTCCT	AMRU_CQ	CCCAGTTGTTGCTCCT	AMRU	SRR11008277	277_CCCAGTTGTTGCTCCT	TRUE
AMRU_CQ_CCCAGTTTCTTCAACT	AMRU_CQ	CCCAGTTTCTTCAACT	AMRU	SRR11008277	277_CCCAGTTTCTTCAACT	TRUE
AMRU_CQ_CCCATACCAAGCTGTT	AMRU_CQ	CCCATACCAAGCTGTT	AMRU	SRR11008277	277_CCCATACCAAGCTGTT	TRUE
AMRU_CQ_CCCATACTCCGTTGCT	AMRU_CQ	CCCATACTCCGTTGCT	AMRU	SRR11008277	277_CCCATACTCCGTTGCT	TRUE
AMRU_CQ_CCCTCCTAGTGCCATT	AMRU_CQ	CCCTCCTAGTGCCATT	AMRU	SRR11008277	277_CCCTCCTAGTGCCATT	TRUE
AMRU_CQ_CCCTCCTCACTAAGTC	AMRU_CQ	CCCTCCTCACTAAGTC	AMRU	SRR11008277	277_CCCTCCTCACTAAGTC	TRUE
AMRU_CQ_CCCTCCTCATGTTCCC	AMRU_CQ	CCCTCCTCATGTTCCC	AMRU	SRR11008277	277_CCCTCCTCATGTTCCC	TRUE
AMRU_CQ_CCCTCCTGTACCGTAT	AMRU_CQ	CCCTCCTGTACCGTAT	AMRU	SRR11008277	277_CCCTCCTGTACCGTAT	TRUE
AMRU_CQ_CCCTCCTTCCTAGTGA	AMRU_CQ	CCCTCCTTCCTAGTGA	AMRU	SRR11008277	277_CCCTCCTTCCTAGTGA	TRUE
AMRU_CQ_CCGGGATAGCCGCCTA	AMRU_CQ	CCGGGATAGCCGCCTA	AMRU	SRR11008277	277_CCGGGATAGCCGCCTA	TRUE
AMRU_CQ_CCGGGATTCAACCATG	AMRU_CQ	CCGGGATTCAACCATG	AMRU	SRR11008277	277_CCGGGATTCAACCATG	TRUE
AMRU_CQ_CCGGTAGCAATCTACG	AMRU_CQ	CCGGTAGCAATCTACG	AMRU	SRR11008277	277_CCGGTAGCAATCTACG	TRUE
AMRU_CQ_CCGGTAGCATCGATTG	AMRU_CQ	CCGGTAGCATCGATTG	AMRU	SRR11008277	277_CCGGTAGCATCGATTG	TRUE
AMRU_CQ_CCGTGGAAGGACCACA	AMRU_CQ	CCGTGGAAGGACCACA	AMRU	SRR11008277	277_CCGTGGAAGGACCACA	TRUE
AMRU_CQ_CCGTGGACAAAGTCAA	AMRU_CQ	CCGTGGACAAAGTCAA	AMRU	SRR11008277	277_CCGTGGACAAAGTCAA	TRUE
AMRU_CQ_CCGTGGACATGGTCTA	AMRU_CQ	CCGTGGACATGGTCTA	AMRU	SRR11008277	277_CCGTGGACATGGTCTA	TRUE
AMRU_CQ_CCGTGGAGTGATGCCC	AMRU_CQ	CCGTGGAGTGATGCCC	AMRU	SRR11008277	277_CCGTGGAGTGATGCCC	TRUE
AMRU_CQ_CCGTGGATCGCGTAGC	AMRU_CQ	CCGTGGATCGCGTAGC	AMRU	SRR11008277	277_CCGTGGATCGCGTAGC	TRUE
AMRU_CQ_CCGTTCAAGGGAAACA	AMRU_CQ	CCGTTCAAGGGAAACA	AMRU	SRR11008277	277_CCGTTCAAGGGAAACA	TRUE
AMRU_CQ_CCGTTCACATACAGCT	AMRU_CQ	CCGTTCACATACAGCT	AMRU	SRR11008277	277_CCGTTCACATACAGCT	TRUE
AMRU_CQ_CCTAAAGGTCCCTTGT	AMRU_CQ	CCTAAAGGTCCCTTGT	AMRU	SRR11008277	277_CCTAAAGGTCCCTTGT	TRUE
AMRU_CQ_CCTAAAGTCGGAGCAA	AMRU_CQ	CCTAAAGTCGGAGCAA	AMRU	SRR11008277	277_CCTAAAGTCGGAGCAA	TRUE
AMRU_CQ_CCTACACAGACGACGT	AMRU_CQ	CCTACACAGACGACGT	AMRU	SRR11008277	277_CCTACACAGACGACGT	TRUE
AMRU_CQ_CCTACACAGACTAAGT	AMRU_CQ	CCTACACAGACTAAGT	AMRU	SRR11008277	277_CCTACACAGACTAAGT	TRUE
AMRU_CQ_CCTACACAGCCCAATT	AMRU_CQ	CCTACACAGCCCAATT	AMRU	SRR11008277	277_CCTACACAGCCCAATT	TRUE
AMRU_CQ_CCTACCAAGACTTTCG	AMRU_CQ	CCTACCAAGACTTTCG	AMRU	SRR11008277	277_CCTACCAAGACTTTCG	TRUE
AMRU_CQ_CCTACCAAGCGTTTAC	AMRU_CQ	CCTACCAAGCGTTTAC	AMRU	SRR11008277	277_CCTACCAAGCGTTTAC	TRUE
AMRU_CQ_CCTACCAAGGTACTCT	AMRU_CQ	CCTACCAAGGTACTCT	AMRU	SRR11008277	277_CCTACCAAGGTACTCT	TRUE
AMRU_CQ_CCTACCAAGTGGACGT	AMRU_CQ	CCTACCAAGTGGACGT	AMRU	SRR11008277	277_CCTACCAAGTGGACGT	TRUE
AMRU_CQ_CCTACCACAACCGCCA	AMRU_CQ	CCTACCACAACCGCCA	AMRU	SRR11008277	277_CCTACCACAACCGCCA	TRUE
AMRU_CQ_CCTACCACACGACGAA	AMRU_CQ	CCTACCACACGACGAA	AMRU	SRR11008277	277_CCTACCACACGACGAA	TRUE
AMRU_CQ_CCTACCACAGCTCGCA	AMRU_CQ	CCTACCACAGCTCGCA	AMRU	SRR11008277	277_CCTACCACAGCTCGCA	TRUE
AMRU_CQ_CCTACCAGTTCGTGAT	AMRU_CQ	CCTACCAGTTCGTGAT	AMRU	SRR11008277	277_CCTACCAGTTCGTGAT	TRUE
AMRU_CQ_CCTACCATCTATCCCG	AMRU_CQ	CCTACCATCTATCCCG	AMRU	SRR11008277	277_CCTACCATCTATCCCG	TRUE
AMRU_CQ_CCTAGCTGTAAGGATT	AMRU_CQ	CCTAGCTGTAAGGATT	AMRU	SRR11008277	277_CCTAGCTGTAAGGATT	TRUE
AMRU_CQ_CCTAGCTGTATAATGG	AMRU_CQ	CCTAGCTGTATAATGG	AMRU	SRR11008277	277_CCTAGCTGTATAATGG	TRUE
AMRU_CQ_CCTATTAAGATAGCAT	AMRU_CQ	CCTATTAAGATAGCAT	AMRU	SRR11008277	277_CCTATTAAGATAGCAT	TRUE
AMRU_CQ_CCTATTAAGATGGCGT	AMRU_CQ	CCTATTAAGATGGCGT	AMRU	SRR11008277	277_CCTATTAAGATGGCGT	TRUE
AMRU_CQ_CCTATTAAGCTACCTA	AMRU_CQ	CCTATTAAGCTACCTA	AMRU	SRR11008277	277_CCTATTAAGCTACCTA	TRUE
AMRU_CQ_CCTATTACAATCGAAA	AMRU_CQ	CCTATTACAATCGAAA	AMRU	SRR11008277	277_CCTATTACAATCGAAA	TRUE
AMRU_CQ_CCTATTAGTAGTGAAT	AMRU_CQ	CCTATTAGTAGTGAAT	AMRU	SRR11008277	277_CCTATTAGTAGTGAAT	TRUE
AMRU_CQ_CCTATTAGTGAAGGCT	AMRU_CQ	CCTATTAGTGAAGGCT	AMRU	SRR11008277	277_CCTATTAGTGAAGGCT	TRUE
AMRU_CQ_CCTATTATCAATAAGG	AMRU_CQ	CCTATTATCAATAAGG	AMRU	SRR11008277	277_CCTATTATCAATAAGG	TRUE
AMRU_CQ_CCTCAGTCACAAGCCC	AMRU_CQ	CCTCAGTCACAAGCCC	AMRU	SRR11008277	277_CCTCAGTCACAAGCCC	TRUE
AMRU_CQ_CCTCAGTCACGGTTTA	AMRU_CQ	CCTCAGTCACGGTTTA	AMRU	SRR11008277	277_CCTCAGTCACGGTTTA	TRUE
AMRU_CQ_CCTCAGTCATCTGGTA	AMRU_CQ	CCTCAGTCATCTGGTA	AMRU	SRR11008277	277_CCTCAGTCATCTGGTA	TRUE
AMRU_CQ_CCTCAGTCATTGAGCT	AMRU_CQ	CCTCAGTCATTGAGCT	AMRU	SRR11008277	277_CCTCAGTCATTGAGCT	TRUE
AMRU_CQ_CCTCAGTGTCCCTACT	AMRU_CQ	CCTCAGTGTCCCTACT	AMRU	SRR11008277	277_CCTCAGTGTCCCTACT	TRUE
AMRU_CQ_CCTCAGTGTGAGGGTT	AMRU_CQ	CCTCAGTGTGAGGGTT	AMRU	SRR11008277	277_CCTCAGTGTGAGGGTT	TRUE
AMRU_CQ_CCTCAGTGTTGGAGGT	AMRU_CQ	CCTCAGTGTTGGAGGT	AMRU	SRR11008277	277_CCTCAGTGTTGGAGGT	TRUE
AMRU_CQ_CCTCTGAGTTACTGAC	AMRU_CQ	CCTCTGAGTTACTGAC	AMRU	SRR11008277	277_CCTCTGAGTTACTGAC	TRUE
AMRU_CQ_CCTTACGCACGAGGTA	AMRU_CQ	CCTTACGCACGAGGTA	AMRU	SRR11008277	277_CCTTACGCACGAGGTA	TRUE
AMRU_CQ_CCTTACGTCCATTCTA	AMRU_CQ	CCTTACGTCCATTCTA	AMRU	SRR11008277	277_CCTTACGTCCATTCTA	TRUE
AMRU_CQ_CCTTACGTCGGAGCAA	AMRU_CQ	CCTTACGTCGGAGCAA	AMRU	SRR11008277	277_CCTTACGTCGGAGCAA	TRUE
AMRU_CQ_CCTTCCCAGGACAGCT	AMRU_CQ	CCTTCCCAGGACAGCT	AMRU	SRR11008277	277_CCTTCCCAGGACAGCT	TRUE
AMRU_CQ_CCTTCCCCACAGGCCT	AMRU_CQ	CCTTCCCCACAGGCCT	AMRU	SRR11008277	277_CCTTCCCCACAGGCCT	TRUE
AMRU_CQ_CCTTCGAAGACAGAGA	AMRU_CQ	CCTTCGAAGACAGAGA	AMRU	SRR11008277	277_CCTTCGAAGACAGAGA	TRUE
AMRU_CQ_CCTTCGAAGCCATCGC	AMRU_CQ	CCTTCGAAGCCATCGC	AMRU	SRR11008277	277_CCTTCGAAGCCATCGC	TRUE
AMRU_CQ_CCTTCGACACCGGAAA	AMRU_CQ	CCTTCGACACCGGAAA	AMRU	SRR11008277	277_CCTTCGACACCGGAAA	TRUE
AMRU_CQ_CCTTCGACAGGGCATA	AMRU_CQ	CCTTCGACAGGGCATA	AMRU	SRR11008277	277_CCTTCGACAGGGCATA	TRUE
AMRU_CQ_CCTTTCTAGCGTAGTG	AMRU_CQ	CCTTTCTAGCGTAGTG	AMRU	SRR11008277	277_CCTTTCTAGCGTAGTG	TRUE
AMRU_CQ_CCTTTCTCAGACAAAT	AMRU_CQ	CCTTTCTCAGACAAAT	AMRU	SRR11008277	277_CCTTTCTCAGACAAAT	TRUE
AMRU_CQ_CCTTTCTGTAGCCTCG	AMRU_CQ	CCTTTCTGTAGCCTCG	AMRU	SRR11008277	277_CCTTTCTGTAGCCTCG	TRUE
AMRU_CQ_CGAACATAGTAGGCCA	AMRU_CQ	CGAACATAGTAGGCCA	AMRU	SRR11008277	277_CGAACATAGTAGGCCA	TRUE
AMRU_CQ_CGAACATCAATGTAAG	AMRU_CQ	CGAACATCAATGTAAG	AMRU	SRR11008277	277_CGAACATCAATGTAAG	TRUE
AMRU_CQ_CGAACATGTATAGGGC	AMRU_CQ	CGAACATGTATAGGGC	AMRU	SRR11008277	277_CGAACATGTATAGGGC	TRUE
AMRU_CQ_CGAACATGTGGAAAGA	AMRU_CQ	CGAACATGTGGAAAGA	AMRU	SRR11008277	277_CGAACATGTGGAAAGA	TRUE
AMRU_CQ_CGAACATTCGCCATAA	AMRU_CQ	CGAACATTCGCCATAA	AMRU	SRR11008277	277_CGAACATTCGCCATAA	TRUE
AMRU_CQ_CGAATGTAGGTACTCT	AMRU_CQ	CGAATGTAGGTACTCT	AMRU	SRR11008277	277_CGAATGTAGGTACTCT	TRUE
AMRU_CQ_CGACCTTAGTCCATAC	AMRU_CQ	CGACCTTAGTCCATAC	AMRU	SRR11008277	277_CGACCTTAGTCCATAC	TRUE
AMRU_CQ_CGACTTCCACCTTGTC	AMRU_CQ	CGACTTCCACCTTGTC	AMRU	SRR11008277	277_CGACTTCCACCTTGTC	TRUE
AMRU_CQ_CGACTTCGTGCAGTAG	AMRU_CQ	CGACTTCGTGCAGTAG	AMRU	SRR11008277	277_CGACTTCGTGCAGTAG	TRUE
AMRU_CQ_CGACTTCGTTTGGGCC	AMRU_CQ	CGACTTCGTTTGGGCC	AMRU	SRR11008277	277_CGACTTCGTTTGGGCC	TRUE
AMRU_CQ_CGAGAAGAGGTAGCCA	AMRU_CQ	CGAGAAGAGGTAGCCA	AMRU	SRR11008277	277_CGAGAAGAGGTAGCCA	TRUE
AMRU_CQ_CGAGAAGCAAAGGCGT	AMRU_CQ	CGAGAAGCAAAGGCGT	AMRU	SRR11008277	277_CGAGAAGCAAAGGCGT	TRUE
AMRU_CQ_CGAGAAGCAAGGACTG	AMRU_CQ	CGAGAAGCAAGGACTG	AMRU	SRR11008277	277_CGAGAAGCAAGGACTG	TRUE
AMRU_CQ_CGAGAAGCAGACGCAA	AMRU_CQ	CGAGAAGCAGACGCAA	AMRU	SRR11008277	277_CGAGAAGCAGACGCAA	TRUE
AMRU_CQ_CGAGAAGGTGGTGTAG	AMRU_CQ	CGAGAAGGTGGTGTAG	AMRU	SRR11008277	277_CGAGAAGGTGGTGTAG	TRUE
AMRU_CQ_CGAGAAGTCGTCACGG	AMRU_CQ	CGAGAAGTCGTCACGG	AMRU	SRR11008277	277_CGAGAAGTCGTCACGG	TRUE
AMRU_CQ_CGAGCACAGAGGACGG	AMRU_CQ	CGAGCACAGAGGACGG	AMRU	SRR11008277	277_CGAGCACAGAGGACGG	TRUE
AMRU_CQ_CGAGCACCAAGTCTGT	AMRU_CQ	CGAGCACCAAGTCTGT	AMRU	SRR11008277	277_CGAGCACCAAGTCTGT	TRUE
AMRU_CQ_CGAGCACGTGTGAATA	AMRU_CQ	CGAGCACGTGTGAATA	AMRU	SRR11008277	277_CGAGCACGTGTGAATA	TRUE
AMRU_CQ_CGAGCACTCCTAGGGC	AMRU_CQ	CGAGCACTCCTAGGGC	AMRU	SRR11008277	277_CGAGCACTCCTAGGGC	TRUE
AMRU_CQ_CGAGCCAAGCCGTCGT	AMRU_CQ	CGAGCCAAGCCGTCGT	AMRU	SRR11008277	277_CGAGCCAAGCCGTCGT	TRUE
AMRU_CQ_CGAGCCAGTATCAGTC	AMRU_CQ	CGAGCCAGTATCAGTC	AMRU	SRR11008277	277_CGAGCCAGTATCAGTC	TRUE
AMRU_CQ_CGATCGGAGCAGACTG	AMRU_CQ	CGATCGGAGCAGACTG	AMRU	SRR11008277	277_CGATCGGAGCAGACTG	TRUE
AMRU_CQ_CGATCGGCACATTTCT	AMRU_CQ	CGATCGGCACATTTCT	AMRU	SRR11008277	277_CGATCGGCACATTTCT	TRUE
AMRU_CQ_CGATCGGGTCGCATCG	AMRU_CQ	CGATCGGGTCGCATCG	AMRU	SRR11008277	277_CGATCGGGTCGCATCG	TRUE
AMRU_CQ_CGATCGGTCCGAACGC	AMRU_CQ	CGATCGGTCCGAACGC	AMRU	SRR11008277	277_CGATCGGTCCGAACGC	TRUE
AMRU_CQ_CGATCGGTCCTCGCAT	AMRU_CQ	CGATCGGTCCTCGCAT	AMRU	SRR11008277	277_CGATCGGTCCTCGCAT	TRUE
AMRU_CQ_CGATGGCGTAGTGAAT	AMRU_CQ	CGATGGCGTAGTGAAT	AMRU	SRR11008277	277_CGATGGCGTAGTGAAT	TRUE
AMRU_CQ_CGATGGCGTCACTTCC	AMRU_CQ	CGATGGCGTCACTTCC	AMRU	SRR11008277	277_CGATGGCGTCACTTCC	TRUE
AMRU_CQ_CGATGGCGTCGAGTTT	AMRU_CQ	CGATGGCGTCGAGTTT	AMRU	SRR11008277	277_CGATGGCGTCGAGTTT	TRUE
AMRU_CQ_CGATGGCGTTGGTTTG	AMRU_CQ	CGATGGCGTTGGTTTG	AMRU	SRR11008277	277_CGATGGCGTTGGTTTG	TRUE
AMRU_CQ_CGATGTAAGTAGTGCG	AMRU_CQ	CGATGTAAGTAGTGCG	AMRU	SRR11008277	277_CGATGTAAGTAGTGCG	TRUE
AMRU_CQ_CGATGTATCCGCGTTT	AMRU_CQ	CGATGTATCCGCGTTT	AMRU	SRR11008277	277_CGATGTATCCGCGTTT	TRUE
AMRU_CQ_CGATGTATCTAACTGG	AMRU_CQ	CGATGTATCTAACTGG	AMRU	SRR11008277	277_CGATGTATCTAACTGG	TRUE
AMRU_CQ_CGATTGAAGCAGGCTA	AMRU_CQ	CGATTGAAGCAGGCTA	AMRU	SRR11008277	277_CGATTGAAGCAGGCTA	TRUE
AMRU_CQ_CGATTGAGTATAGGTA	AMRU_CQ	CGATTGAGTATAGGTA	AMRU	SRR11008277	277_CGATTGAGTATAGGTA	TRUE
AMRU_CQ_CGATTGATCAACACTG	AMRU_CQ	CGATTGATCAACACTG	AMRU	SRR11008277	277_CGATTGATCAACACTG	TRUE
AMRU_CQ_CGCCAAGCACGGCGTT	AMRU_CQ	CGCCAAGCACGGCGTT	AMRU	SRR11008277	277_CGCCAAGCACGGCGTT	TRUE
AMRU_CQ_CGCCAAGCACGGCTAC	AMRU_CQ	CGCCAAGCACGGCTAC	AMRU	SRR11008277	277_CGCCAAGCACGGCTAC	TRUE
AMRU_CQ_CGCCAAGCACGGTAGA	AMRU_CQ	CGCCAAGCACGGTAGA	AMRU	SRR11008277	277_CGCCAAGCACGGTAGA	TRUE
AMRU_CQ_CGCCAAGCAGGAATCG	AMRU_CQ	CGCCAAGCAGGAATCG	AMRU	SRR11008277	277_CGCCAAGCAGGAATCG	TRUE
AMRU_CQ_CGCCAAGGTTCACCTC	AMRU_CQ	CGCCAAGGTTCACCTC	AMRU	SRR11008277	277_CGCCAAGGTTCACCTC	TRUE
AMRU_CQ_CGCCAAGTCGAGAGCA	AMRU_CQ	CGCCAAGTCGAGAGCA	AMRU	SRR11008277	277_CGCCAAGTCGAGAGCA	TRUE
AMRU_CQ_CGCCAAGTCTCAAACG	AMRU_CQ	CGCCAAGTCTCAAACG	AMRU	SRR11008277	277_CGCCAAGTCTCAAACG	TRUE
AMRU_CQ_CGCCAAGTCTGCGTAA	AMRU_CQ	CGCCAAGTCTGCGTAA	AMRU	SRR11008277	277_CGCCAAGTCTGCGTAA	TRUE
AMRU_CQ_CGCCAAGTCTTTAGTC	AMRU_CQ	CGCCAAGTCTTTAGTC	AMRU	SRR11008277	277_CGCCAAGTCTTTAGTC	TRUE
AMRU_CQ_CGCGGTACATATGAGA	AMRU_CQ	CGCGGTACATATGAGA	AMRU	SRR11008277	277_CGCGGTACATATGAGA	TRUE
AMRU_CQ_CGCGGTACATGGATGG	AMRU_CQ	CGCGGTACATGGATGG	AMRU	SRR11008277	277_CGCGGTACATGGATGG	TRUE
AMRU_CQ_CGCGGTAGTATAGTAG	AMRU_CQ	CGCGGTAGTATAGTAG	AMRU	SRR11008277	277_CGCGGTAGTATAGTAG	TRUE
AMRU_CQ_CGCGGTATCGCGGATC	AMRU_CQ	CGCGGTATCGCGGATC	AMRU	SRR11008277	277_CGCGGTATCGCGGATC	TRUE
AMRU_CQ_CGCGTTTAGAGTAAGG	AMRU_CQ	CGCGTTTAGAGTAAGG	AMRU	SRR11008277	277_CGCGTTTAGAGTAAGG	TRUE
AMRU_CQ_CGCGTTTCATCCTAGA	AMRU_CQ	CGCGTTTCATCCTAGA	AMRU	SRR11008277	277_CGCGTTTCATCCTAGA	TRUE
AMRU_CQ_CGCGTTTGTCTGGTCG	AMRU_CQ	CGCGTTTGTCTGGTCG	AMRU	SRR11008277	277_CGCGTTTGTCTGGTCG	TRUE
AMRU_CQ_CGCGTTTTCGATGAGG	AMRU_CQ	CGCGTTTTCGATGAGG	AMRU	SRR11008277	277_CGCGTTTTCGATGAGG	TRUE
AMRU_CQ_CGCTATCGTCATGCCG	AMRU_CQ	CGCTATCGTCATGCCG	AMRU	SRR11008277	277_CGCTATCGTCATGCCG	TRUE
AMRU_CQ_CGCTATCTCATGCAAC	AMRU_CQ	CGCTATCTCATGCAAC	AMRU	SRR11008277	277_CGCTATCTCATGCAAC	TRUE
AMRU_CQ_CGCTATCTCCGCGCAA	AMRU_CQ	CGCTATCTCCGCGCAA	AMRU	SRR11008277	277_CGCTATCTCCGCGCAA	TRUE
AMRU_CQ_CGCTGGACAAGAAAGG	AMRU_CQ	CGCTGGACAAGAAAGG	AMRU	SRR11008277	277_CGCTGGACAAGAAAGG	TRUE
AMRU_CQ_CGCTGGATCAGAGACG	AMRU_CQ	CGCTGGATCAGAGACG	AMRU	SRR11008277	277_CGCTGGATCAGAGACG	TRUE
AMRU_CQ_CGCTGGATCCAGATCA	AMRU_CQ	CGCTGGATCCAGATCA	AMRU	SRR11008277	277_CGCTGGATCCAGATCA	TRUE
AMRU_CQ_CGCTTCAGTAGCTTGT	AMRU_CQ	CGCTTCAGTAGCTTGT	AMRU	SRR11008277	277_CGCTTCAGTAGCTTGT	TRUE
AMRU_CQ_CGCTTCAGTCACTGGC	AMRU_CQ	CGCTTCAGTCACTGGC	AMRU	SRR11008277	277_CGCTTCAGTCACTGGC	TRUE
AMRU_CQ_CGCTTCAGTGTCGCTG	AMRU_CQ	CGCTTCAGTGTCGCTG	AMRU	SRR11008277	277_CGCTTCAGTGTCGCTG	TRUE
AMRU_CQ_CGCTTCAGTTCACGGC	AMRU_CQ	CGCTTCAGTTCACGGC	AMRU	SRR11008277	277_CGCTTCAGTTCACGGC	TRUE
AMRU_CQ_CGCTTCATCTGGGCCA	AMRU_CQ	CGCTTCATCTGGGCCA	AMRU	SRR11008277	277_CGCTTCATCTGGGCCA	TRUE
AMRU_CQ_CGGACACAGTCGCCGT	AMRU_CQ	CGGACACAGTCGCCGT	AMRU	SRR11008277	277_CGGACACAGTCGCCGT	TRUE
AMRU_CQ_CGGACACAGTGACATA	AMRU_CQ	CGGACACAGTGACATA	AMRU	SRR11008277	277_CGGACACAGTGACATA	TRUE
AMRU_CQ_CGGACACCATCCGCGA	AMRU_CQ	CGGACACCATCCGCGA	AMRU	SRR11008277	277_CGGACACCATCCGCGA	TRUE
AMRU_CQ_CGGACGTAGACTGGGT	AMRU_CQ	CGGACGTAGACTGGGT	AMRU	SRR11008277	277_CGGACGTAGACTGGGT	TRUE
AMRU_CQ_CGGACGTGTATGAATG	AMRU_CQ	CGGACGTGTATGAATG	AMRU	SRR11008277	277_CGGACGTGTATGAATG	TRUE
AMRU_CQ_CGGACGTGTGAGGCTA	AMRU_CQ	CGGACGTGTGAGGCTA	AMRU	SRR11008277	277_CGGACGTGTGAGGCTA	TRUE
AMRU_CQ_CGGAGCTAGCATGGCA	AMRU_CQ	CGGAGCTAGCATGGCA	AMRU	SRR11008277	277_CGGAGCTAGCATGGCA	TRUE
AMRU_CQ_CGGAGCTCACTTCGAA	AMRU_CQ	CGGAGCTCACTTCGAA	AMRU	SRR11008277	277_CGGAGCTCACTTCGAA	TRUE
AMRU_CQ_CGGAGCTCAGCTGGCT	AMRU_CQ	CGGAGCTCAGCTGGCT	AMRU	SRR11008277	277_CGGAGCTCAGCTGGCT	TRUE
AMRU_CQ_CGGAGCTCATACGCCG	AMRU_CQ	CGGAGCTCATACGCCG	AMRU	SRR11008277	277_CGGAGCTCATACGCCG	TRUE
AMRU_CQ_CGGAGCTTCTCGCATC	AMRU_CQ	CGGAGCTTCTCGCATC	AMRU	SRR11008277	277_CGGAGCTTCTCGCATC	TRUE
AMRU_CQ_CGGAGTCCATCGGAAG	AMRU_CQ	CGGAGTCCATCGGAAG	AMRU	SRR11008277	277_CGGAGTCCATCGGAAG	TRUE
AMRU_CQ_CGGAGTCGTCAAGCGA	AMRU_CQ	CGGAGTCGTCAAGCGA	AMRU	SRR11008277	277_CGGAGTCGTCAAGCGA	TRUE
AMRU_CQ_CGGAGTCTCAAACCAC	AMRU_CQ	CGGAGTCTCAAACCAC	AMRU	SRR11008277	277_CGGAGTCTCAAACCAC	TRUE
AMRU_CQ_CGGAGTCTCACTTCAT	AMRU_CQ	CGGAGTCTCACTTCAT	AMRU	SRR11008277	277_CGGAGTCTCACTTCAT	TRUE
AMRU_CQ_CGGCTAGCATTAGCCA	AMRU_CQ	CGGCTAGCATTAGCCA	AMRU	SRR11008277	277_CGGCTAGCATTAGCCA	TRUE
AMRU_CQ_CGGCTAGGTCTCCCTA	AMRU_CQ	CGGCTAGGTCTCCCTA	AMRU	SRR11008277	277_CGGCTAGGTCTCCCTA	TRUE
AMRU_CQ_CGGGTCAAGAACTGTA	AMRU_CQ	CGGGTCAAGAACTGTA	AMRU	SRR11008277	277_CGGGTCAAGAACTGTA	TRUE
AMRU_CQ_CGGGTCACATTCACTT	AMRU_CQ	CGGGTCACATTCACTT	AMRU	SRR11008277	277_CGGGTCACATTCACTT	TRUE
AMRU_CQ_CGGGTCAGTAGCCTCG	AMRU_CQ	CGGGTCAGTAGCCTCG	AMRU	SRR11008277	277_CGGGTCAGTAGCCTCG	TRUE
AMRU_CQ_CGGGTCAGTGTTGGGA	AMRU_CQ	CGGGTCAGTGTTGGGA	AMRU	SRR11008277	277_CGGGTCAGTGTTGGGA	TRUE
AMRU_CQ_CGTAGCGAGATGCCTT	AMRU_CQ	CGTAGCGAGATGCCTT	AMRU	SRR11008277	277_CGTAGCGAGATGCCTT	TRUE
AMRU_CQ_CGTAGCGCATTCTTAC	AMRU_CQ	CGTAGCGCATTCTTAC	AMRU	SRR11008277	277_CGTAGCGCATTCTTAC	TRUE
AMRU_CQ_CGTAGCGGTCAAAGAT	AMRU_CQ	CGTAGCGGTCAAAGAT	AMRU	SRR11008277	277_CGTAGCGGTCAAAGAT	TRUE
AMRU_CQ_CGTAGCGGTCATCCCT	AMRU_CQ	CGTAGCGGTCATCCCT	AMRU	SRR11008277	277_CGTAGCGGTCATCCCT	TRUE
AMRU_CQ_CGTAGCGGTGTCCTCT	AMRU_CQ	CGTAGCGGTGTCCTCT	AMRU	SRR11008277	277_CGTAGCGGTGTCCTCT	TRUE
AMRU_CQ_CGTAGCGGTGTGGTTT	AMRU_CQ	CGTAGCGGTGTGGTTT	AMRU	SRR11008277	277_CGTAGCGGTGTGGTTT	TRUE
AMRU_CQ_CGTAGCGGTTGCTCCT	AMRU_CQ	CGTAGCGGTTGCTCCT	AMRU	SRR11008277	277_CGTAGCGGTTGCTCCT	TRUE
AMRU_CQ_CGTAGCGTCATCGGAT	AMRU_CQ	CGTAGCGTCATCGGAT	AMRU	SRR11008277	277_CGTAGCGTCATCGGAT	TRUE
AMRU_CQ_CGTCACTCACCCATGG	AMRU_CQ	CGTCACTCACCCATGG	AMRU	SRR11008277	277_CGTCACTCACCCATGG	TRUE
AMRU_CQ_CGTCACTTCCGTTGCT	AMRU_CQ	CGTCACTTCCGTTGCT	AMRU	SRR11008277	277_CGTCACTTCCGTTGCT	TRUE
AMRU_CQ_CGTCACTTCGCATGAT	AMRU_CQ	CGTCACTTCGCATGAT	AMRU	SRR11008277	277_CGTCACTTCGCATGAT	TRUE
AMRU_CQ_CGTCAGGAGGCGTACA	AMRU_CQ	CGTCAGGAGGCGTACA	AMRU	SRR11008277	277_CGTCAGGAGGCGTACA	TRUE
AMRU_CQ_CGTCAGGGTAGCCTCG	AMRU_CQ	CGTCAGGGTAGCCTCG	AMRU	SRR11008277	277_CGTCAGGGTAGCCTCG	TRUE
AMRU_CQ_CGTCAGGTCAACTCTT	AMRU_CQ	CGTCAGGTCAACTCTT	AMRU	SRR11008277	277_CGTCAGGTCAACTCTT	TRUE
AMRU_CQ_CGTCCATAGATGCGAC	AMRU_CQ	CGTCCATAGATGCGAC	AMRU	SRR11008277	277_CGTCCATAGATGCGAC	TRUE
AMRU_CQ_CGTCCATAGCGGCTTC	AMRU_CQ	CGTCCATAGCGGCTTC	AMRU	SRR11008277	277_CGTCCATAGCGGCTTC	TRUE
AMRU_CQ_CGTCCATCAGCCTTGG	AMRU_CQ	CGTCCATCAGCCTTGG	AMRU	SRR11008277	277_CGTCCATCAGCCTTGG	TRUE
AMRU_CQ_CGTCCATTCAGGCCCA	AMRU_CQ	CGTCCATTCAGGCCCA	AMRU	SRR11008277	277_CGTCCATTCAGGCCCA	TRUE
AMRU_CQ_CGTCCATTCTCGATGA	AMRU_CQ	CGTCCATTCTCGATGA	AMRU	SRR11008277	277_CGTCCATTCTCGATGA	TRUE
AMRU_CQ_CGTCTACAGGCAGGTT	AMRU_CQ	CGTCTACAGGCAGGTT	AMRU	SRR11008277	277_CGTCTACAGGCAGGTT	TRUE
AMRU_CQ_CGTCTACCACCAGGCT	AMRU_CQ	CGTCTACCACCAGGCT	AMRU	SRR11008277	277_CGTCTACCACCAGGCT	TRUE
AMRU_CQ_CGTCTACGTCGGGTCT	AMRU_CQ	CGTCTACGTCGGGTCT	AMRU	SRR11008277	277_CGTCTACGTCGGGTCT	TRUE
AMRU_CQ_CGTGAGCCACACGCTG	AMRU_CQ	CGTGAGCCACACGCTG	AMRU	SRR11008277	277_CGTGAGCCACACGCTG	TRUE
AMRU_CQ_CGTGAGCGTATATGGA	AMRU_CQ	CGTGAGCGTATATGGA	AMRU	SRR11008277	277_CGTGAGCGTATATGGA	TRUE
AMRU_CQ_CGTGAGCTCCGGGTGT	AMRU_CQ	CGTGAGCTCCGGGTGT	AMRU	SRR11008277	277_CGTGAGCTCCGGGTGT	TRUE
AMRU_CQ_CGTGTAATCATCGCTC	AMRU_CQ	CGTGTAATCATCGCTC	AMRU	SRR11008277	277_CGTGTAATCATCGCTC	TRUE
AMRU_CQ_CGTGTCTCACCAGGCT	AMRU_CQ	CGTGTCTCACCAGGCT	AMRU	SRR11008277	277_CGTGTCTCACCAGGCT	TRUE
AMRU_CQ_CGTGTCTGTCCTAGCG	AMRU_CQ	CGTGTCTGTCCTAGCG	AMRU	SRR11008277	277_CGTGTCTGTCCTAGCG	TRUE
AMRU_CQ_CGTTAGAAGATGCGAC	AMRU_CQ	CGTTAGAAGATGCGAC	AMRU	SRR11008277	277_CGTTAGAAGATGCGAC	TRUE
AMRU_CQ_CGTTAGACAGATCCAT	AMRU_CQ	CGTTAGACAGATCCAT	AMRU	SRR11008277	277_CGTTAGACAGATCCAT	TRUE
AMRU_CQ_CGTTAGACATCTGGTA	AMRU_CQ	CGTTAGACATCTGGTA	AMRU	SRR11008277	277_CGTTAGACATCTGGTA	TRUE
AMRU_CQ_CGTTAGACATGGTCTA	AMRU_CQ	CGTTAGACATGGTCTA	AMRU	SRR11008277	277_CGTTAGACATGGTCTA	TRUE
AMRU_CQ_CGTTAGAGTCCAAGTT	AMRU_CQ	CGTTAGAGTCCAAGTT	AMRU	SRR11008277	277_CGTTAGAGTCCAAGTT	TRUE
AMRU_CQ_CGTTAGAGTCTAGAGG	AMRU_CQ	CGTTAGAGTCTAGAGG	AMRU	SRR11008277	277_CGTTAGAGTCTAGAGG	TRUE
AMRU_CQ_CGTTCTGAGAGTAAGG	AMRU_CQ	CGTTCTGAGAGTAAGG	AMRU	SRR11008277	277_CGTTCTGAGAGTAAGG	TRUE
AMRU_CQ_CGTTCTGCAAGCGATG	AMRU_CQ	CGTTCTGCAAGCGATG	AMRU	SRR11008277	277_CGTTCTGCAAGCGATG	TRUE
AMRU_CQ_CGTTCTGCAGCCTGTG	AMRU_CQ	CGTTCTGCAGCCTGTG	AMRU	SRR11008277	277_CGTTCTGCAGCCTGTG	TRUE
AMRU_CQ_CGTTCTGGTTAAAGTG	AMRU_CQ	CGTTCTGGTTAAAGTG	AMRU	SRR11008277	277_CGTTCTGGTTAAAGTG	TRUE
AMRU_CQ_CGTTCTGGTTTGTGTG	AMRU_CQ	CGTTCTGGTTTGTGTG	AMRU	SRR11008277	277_CGTTCTGGTTTGTGTG	TRUE
AMRU_CQ_CGTTGGGAGCTAGTTC	AMRU_CQ	CGTTGGGAGCTAGTTC	AMRU	SRR11008277	277_CGTTGGGAGCTAGTTC	TRUE
AMRU_CQ_CGTTGGGGTAGTGAAT	AMRU_CQ	CGTTGGGGTAGTGAAT	AMRU	SRR11008277	277_CGTTGGGGTAGTGAAT	TRUE
AMRU_CQ_CGTTGGGGTTCCGGCA	AMRU_CQ	CGTTGGGGTTCCGGCA	AMRU	SRR11008277	277_CGTTGGGGTTCCGGCA	TRUE
AMRU_CQ_CGTTGGGGTTGCGTTA	AMRU_CQ	CGTTGGGGTTGCGTTA	AMRU	SRR11008277	277_CGTTGGGGTTGCGTTA	TRUE
AMRU_CQ_CTAACTTAGGGCATGT	AMRU_CQ	CTAACTTAGGGCATGT	AMRU	SRR11008277	277_CTAACTTAGGGCATGT	TRUE
AMRU_CQ_CTAACTTAGGTACTCT	AMRU_CQ	CTAACTTAGGTACTCT	AMRU	SRR11008277	277_CTAACTTAGGTACTCT	TRUE
AMRU_CQ_CTAAGACAGGACGAAA	AMRU_CQ	CTAAGACAGGACGAAA	AMRU	SRR11008277	277_CTAAGACAGGACGAAA	TRUE
AMRU_CQ_CTAAGACCAAGGACTG	AMRU_CQ	CTAAGACCAAGGACTG	AMRU	SRR11008277	277_CTAAGACCAAGGACTG	TRUE
AMRU_CQ_CTAAGACGTAAGAGGA	AMRU_CQ	CTAAGACGTAAGAGGA	AMRU	SRR11008277	277_CTAAGACGTAAGAGGA	TRUE
AMRU_CQ_CTAAGACTCCAGTAGT	AMRU_CQ	CTAAGACTCCAGTAGT	AMRU	SRR11008277	277_CTAAGACTCCAGTAGT	TRUE
AMRU_CQ_CTAATGGAGACGACGT	AMRU_CQ	CTAATGGAGACGACGT	AMRU	SRR11008277	277_CTAATGGAGACGACGT	TRUE
AMRU_CQ_CTAATGGAGTGGAGAA	AMRU_CQ	CTAATGGAGTGGAGAA	AMRU	SRR11008277	277_CTAATGGAGTGGAGAA	TRUE
AMRU_CQ_CTAATGGGTTATGTGC	AMRU_CQ	CTAATGGGTTATGTGC	AMRU	SRR11008277	277_CTAATGGGTTATGTGC	TRUE
AMRU_CQ_CTAATGGGTTTGGGCC	AMRU_CQ	CTAATGGGTTTGGGCC	AMRU	SRR11008277	277_CTAATGGGTTTGGGCC	TRUE
AMRU_CQ_CTAATGGTCAGGTTCA	AMRU_CQ	CTAATGGTCAGGTTCA	AMRU	SRR11008277	277_CTAATGGTCAGGTTCA	TRUE
AMRU_CQ_CTACACCGTTAAAGAC	AMRU_CQ	CTACACCGTTAAAGAC	AMRU	SRR11008277	277_CTACACCGTTAAAGAC	TRUE
AMRU_CQ_CTACATTCACTGTCGG	AMRU_CQ	CTACATTCACTGTCGG	AMRU	SRR11008277	277_CTACATTCACTGTCGG	TRUE
AMRU_CQ_CTACCCAGTTACCGAT	AMRU_CQ	CTACCCAGTTACCGAT	AMRU	SRR11008277	277_CTACCCAGTTACCGAT	TRUE
AMRU_CQ_CTACCCATCCCATTAT	AMRU_CQ	CTACCCATCCCATTAT	AMRU	SRR11008277	277_CTACCCATCCCATTAT	TRUE
AMRU_CQ_CTACGTCAGAGTCGGT	AMRU_CQ	CTACGTCAGAGTCGGT	AMRU	SRR11008277	277_CTACGTCAGAGTCGGT	TRUE
AMRU_CQ_CTACGTCAGCATCATC	AMRU_CQ	CTACGTCAGCATCATC	AMRU	SRR11008277	277_CTACGTCAGCATCATC	TRUE
AMRU_CQ_CTACGTCCACAGCGTC	AMRU_CQ	CTACGTCCACAGCGTC	AMRU	SRR11008277	277_CTACGTCCACAGCGTC	TRUE
AMRU_CQ_CTACGTCTCCGTCATC	AMRU_CQ	CTACGTCTCCGTCATC	AMRU	SRR11008277	277_CTACGTCTCCGTCATC	TRUE
AMRU_CQ_CTACGTCTCTGCTGCT	AMRU_CQ	CTACGTCTCTGCTGCT	AMRU	SRR11008277	277_CTACGTCTCTGCTGCT	TRUE
AMRU_CQ_CTAGAGTAGACAAGCC	AMRU_CQ	CTAGAGTAGACAAGCC	AMRU	SRR11008277	277_CTAGAGTAGACAAGCC	TRUE
AMRU_CQ_CTAGAGTAGCTTCGCG	AMRU_CQ	CTAGAGTAGCTTCGCG	AMRU	SRR11008277	277_CTAGAGTAGCTTCGCG	TRUE
AMRU_CQ_CTAGAGTAGTCTCCTC	AMRU_CQ	CTAGAGTAGTCTCCTC	AMRU	SRR11008277	277_CTAGAGTAGTCTCCTC	TRUE
AMRU_CQ_CTAGAGTGTGTCCTCT	AMRU_CQ	CTAGAGTGTGTCCTCT	AMRU	SRR11008277	277_CTAGAGTGTGTCCTCT	TRUE
AMRU_CQ_CTAGAGTGTGTGGCTC	AMRU_CQ	CTAGAGTGTGTGGCTC	AMRU	SRR11008277	277_CTAGAGTGTGTGGCTC	TRUE
AMRU_CQ_CTAGAGTTCACTGGGC	AMRU_CQ	CTAGAGTTCACTGGGC	AMRU	SRR11008277	277_CTAGAGTTCACTGGGC	TRUE
AMRU_CQ_CTAGAGTTCGCGGATC	AMRU_CQ	CTAGAGTTCGCGGATC	AMRU	SRR11008277	277_CTAGAGTTCGCGGATC	TRUE
AMRU_CQ_CTAGCCTCAATGCCAT	AMRU_CQ	CTAGCCTCAATGCCAT	AMRU	SRR11008277	277_CTAGCCTCAATGCCAT	TRUE
AMRU_CQ_CTAGCCTCAGCAGTTT	AMRU_CQ	CTAGCCTCAGCAGTTT	AMRU	SRR11008277	277_CTAGCCTCAGCAGTTT	TRUE
AMRU_CQ_CTAGCCTCATGCTGGC	AMRU_CQ	CTAGCCTCATGCTGGC	AMRU	SRR11008277	277_CTAGCCTCATGCTGGC	TRUE
AMRU_CQ_CTAGCCTGTGGCCCTA	AMRU_CQ	CTAGCCTGTGGCCCTA	AMRU	SRR11008277	277_CTAGCCTGTGGCCCTA	TRUE
AMRU_CQ_CTAGTGAAGGACACCA	AMRU_CQ	CTAGTGAAGGACACCA	AMRU	SRR11008277	277_CTAGTGAAGGACACCA	TRUE
AMRU_CQ_CTAGTGACACGGCTAC	AMRU_CQ	CTAGTGACACGGCTAC	AMRU	SRR11008277	277_CTAGTGACACGGCTAC	TRUE
AMRU_CQ_CTAGTGACACTGCCAG	AMRU_CQ	CTAGTGACACTGCCAG	AMRU	SRR11008277	277_CTAGTGACACTGCCAG	TRUE
AMRU_CQ_CTAGTGACATGCCTAA	AMRU_CQ	CTAGTGACATGCCTAA	AMRU	SRR11008277	277_CTAGTGACATGCCTAA	TRUE
AMRU_CQ_CTAGTGAGTATTCGTG	AMRU_CQ	CTAGTGAGTATTCGTG	AMRU	SRR11008277	277_CTAGTGAGTATTCGTG	TRUE
AMRU_CQ_CTAGTGAGTCTCCATC	AMRU_CQ	CTAGTGAGTCTCCATC	AMRU	SRR11008277	277_CTAGTGAGTCTCCATC	TRUE
AMRU_CQ_CTCACACTCGCCAGCA	AMRU_CQ	CTCACACTCGCCAGCA	AMRU	SRR11008277	277_CTCACACTCGCCAGCA	TRUE
AMRU_CQ_CTCAGAAAGTACACCT	AMRU_CQ	CTCAGAAAGTACACCT	AMRU	SRR11008277	277_CTCAGAAAGTACACCT	TRUE
AMRU_CQ_CTCAGAAGTCTTCAAG	AMRU_CQ	CTCAGAAGTCTTCAAG	AMRU	SRR11008277	277_CTCAGAAGTCTTCAAG	TRUE
AMRU_CQ_CTCAGAATCATCGATG	AMRU_CQ	CTCAGAATCATCGATG	AMRU	SRR11008277	277_CTCAGAATCATCGATG	TRUE
AMRU_CQ_CTCATTAAGAGTCGGT	AMRU_CQ	CTCATTAAGAGTCGGT	AMRU	SRR11008277	277_CTCATTAAGAGTCGGT	TRUE
AMRU_CQ_CTCATTAAGATCTGAA	AMRU_CQ	CTCATTAAGATCTGAA	AMRU	SRR11008277	277_CTCATTAAGATCTGAA	TRUE
AMRU_CQ_CTCATTACATGCCTAA	AMRU_CQ	CTCATTACATGCCTAA	AMRU	SRR11008277	277_CTCATTACATGCCTAA	TRUE
AMRU_CQ_CTCATTAGTGTAATGA	AMRU_CQ	CTCATTAGTGTAATGA	AMRU	SRR11008277	277_CTCATTAGTGTAATGA	TRUE
AMRU_CQ_CTCCTAGAGCTAACAA	AMRU_CQ	CTCCTAGAGCTAACAA	AMRU	SRR11008277	277_CTCCTAGAGCTAACAA	TRUE
AMRU_CQ_CTCCTAGAGCTCTCGG	AMRU_CQ	CTCCTAGAGCTCTCGG	AMRU	SRR11008277	277_CTCCTAGAGCTCTCGG	TRUE
AMRU_CQ_CTCCTAGAGGTGATTA	AMRU_CQ	CTCCTAGAGGTGATTA	AMRU	SRR11008277	277_CTCCTAGAGGTGATTA	TRUE
AMRU_CQ_CTCCTAGAGTATTGGA	AMRU_CQ	CTCCTAGAGTATTGGA	AMRU	SRR11008277	277_CTCCTAGAGTATTGGA	TRUE
AMRU_CQ_CTCCTAGCACGCGAAA	AMRU_CQ	CTCCTAGCACGCGAAA	AMRU	SRR11008277	277_CTCCTAGCACGCGAAA	TRUE
AMRU_CQ_CTCCTAGCATTCTCAT	AMRU_CQ	CTCCTAGCATTCTCAT	AMRU	SRR11008277	277_CTCCTAGCATTCTCAT	TRUE
AMRU_CQ_CTCCTAGGTCAGAGGT	AMRU_CQ	CTCCTAGGTCAGAGGT	AMRU	SRR11008277	277_CTCCTAGGTCAGAGGT	TRUE
AMRU_CQ_CTCCTAGTCAGCACAT	AMRU_CQ	CTCCTAGTCAGCACAT	AMRU	SRR11008277	277_CTCCTAGTCAGCACAT	TRUE
AMRU_CQ_CTCCTAGTCATGCAAC	AMRU_CQ	CTCCTAGTCATGCAAC	AMRU	SRR11008277	277_CTCCTAGTCATGCAAC	TRUE
AMRU_CQ_CTCGAAAAGTCGCCGT	AMRU_CQ	CTCGAAAAGTCGCCGT	AMRU	SRR11008277	277_CTCGAAAAGTCGCCGT	TRUE
AMRU_CQ_CTCGAAATCACTGGGC	AMRU_CQ	CTCGAAATCACTGGGC	AMRU	SRR11008277	277_CTCGAAATCACTGGGC	TRUE
AMRU_CQ_CTCGAAATCGGCTACG	AMRU_CQ	CTCGAAATCGGCTACG	AMRU	SRR11008277	277_CTCGAAATCGGCTACG	TRUE
AMRU_CQ_CTCGAGGAGTGGTAGC	AMRU_CQ	CTCGAGGAGTGGTAGC	AMRU	SRR11008277	277_CTCGAGGAGTGGTAGC	TRUE
AMRU_CQ_CTCGAGGCACCACGTG	AMRU_CQ	CTCGAGGCACCACGTG	AMRU	SRR11008277	277_CTCGAGGCACCACGTG	TRUE
AMRU_CQ_CTCGAGGGTGTGAAAT	AMRU_CQ	CTCGAGGGTGTGAAAT	AMRU	SRR11008277	277_CTCGAGGGTGTGAAAT	TRUE
AMRU_CQ_CTCGAGGTCACGACTA	AMRU_CQ	CTCGAGGTCACGACTA	AMRU	SRR11008277	277_CTCGAGGTCACGACTA	TRUE
AMRU_CQ_CTCGGAGAGAAACGAG	AMRU_CQ	CTCGGAGAGAAACGAG	AMRU	SRR11008277	277_CTCGGAGAGAAACGAG	TRUE
AMRU_CQ_CTCGGAGAGATGCCAG	AMRU_CQ	CTCGGAGAGATGCCAG	AMRU	SRR11008277	277_CTCGGAGAGATGCCAG	TRUE
AMRU_CQ_CTCGGAGAGCTGGAAC	AMRU_CQ	CTCGGAGAGCTGGAAC	AMRU	SRR11008277	277_CTCGGAGAGCTGGAAC	TRUE
AMRU_CQ_CTCGGAGAGTACGCCC	AMRU_CQ	CTCGGAGAGTACGCCC	AMRU	SRR11008277	277_CTCGGAGAGTACGCCC	TRUE
AMRU_CQ_CTCGGAGCAAATACAG	AMRU_CQ	CTCGGAGCAAATACAG	AMRU	SRR11008277	277_CTCGGAGCAAATACAG	TRUE
AMRU_CQ_CTCGGAGCATCACGTA	AMRU_CQ	CTCGGAGCATCACGTA	AMRU	SRR11008277	277_CTCGGAGCATCACGTA	TRUE
AMRU_CQ_CTCGGGACAAGCGTAG	AMRU_CQ	CTCGGGACAAGCGTAG	AMRU	SRR11008277	277_CTCGGGACAAGCGTAG	TRUE
AMRU_CQ_CTCGGGACATTTGCTT	AMRU_CQ	CTCGGGACATTTGCTT	AMRU	SRR11008277	277_CTCGGGACATTTGCTT	TRUE
AMRU_CQ_CTCGGGAGTGCCTGTG	AMRU_CQ	CTCGGGAGTGCCTGTG	AMRU	SRR11008277	277_CTCGGGAGTGCCTGTG	TRUE
AMRU_CQ_CTCGGGATCGAACGGA	AMRU_CQ	CTCGGGATCGAACGGA	AMRU	SRR11008277	277_CTCGGGATCGAACGGA	TRUE
AMRU_CQ_CTCGTACAGAACTGTA	AMRU_CQ	CTCGTACAGAACTGTA	AMRU	SRR11008277	277_CTCGTACAGAACTGTA	TRUE
AMRU_CQ_CTCGTACAGGAGTCTG	AMRU_CQ	CTCGTACAGGAGTCTG	AMRU	SRR11008277	277_CTCGTACAGGAGTCTG	TRUE
AMRU_CQ_CTCGTACCAGCCAATT	AMRU_CQ	CTCGTACCAGCCAATT	AMRU	SRR11008277	277_CTCGTACCAGCCAATT	TRUE
AMRU_CQ_CTCGTACGTACAGTGG	AMRU_CQ	CTCGTACGTACAGTGG	AMRU	SRR11008277	277_CTCGTACGTACAGTGG	TRUE
AMRU_CQ_CTCGTACGTCATTAGC	AMRU_CQ	CTCGTACGTCATTAGC	AMRU	SRR11008277	277_CTCGTACGTCATTAGC	TRUE
AMRU_CQ_CTCGTCAAGAGTAAGG	AMRU_CQ	CTCGTCAAGAGTAAGG	AMRU	SRR11008277	277_CTCGTCAAGAGTAAGG	TRUE
AMRU_CQ_CTCGTCAAGCGTGTCC	AMRU_CQ	CTCGTCAAGCGTGTCC	AMRU	SRR11008277	277_CTCGTCAAGCGTGTCC	TRUE
AMRU_CQ_CTCGTCAGTCAATGTC	AMRU_CQ	CTCGTCAGTCAATGTC	AMRU	SRR11008277	277_CTCGTCAGTCAATGTC	TRUE
AMRU_CQ_CTCGTCAGTTAAGATG	AMRU_CQ	CTCGTCAGTTAAGATG	AMRU	SRR11008277	277_CTCGTCAGTTAAGATG	TRUE
AMRU_CQ_CTCTAATCACATCCAA	AMRU_CQ	CTCTAATCACATCCAA	AMRU	SRR11008277	277_CTCTAATCACATCCAA	TRUE
AMRU_CQ_CTCTAATTCTATGTGG	AMRU_CQ	CTCTAATTCTATGTGG	AMRU	SRR11008277	277_CTCTAATTCTATGTGG	TRUE
AMRU_CQ_CTCTACGAGATGCCTT	AMRU_CQ	CTCTACGAGATGCCTT	AMRU	SRR11008277	277_CTCTACGAGATGCCTT	TRUE
AMRU_CQ_CTCTACGCAAAGAATC	AMRU_CQ	CTCTACGCAAAGAATC	AMRU	SRR11008277	277_CTCTACGCAAAGAATC	TRUE
AMRU_CQ_CTCTACGGTCCTCCAT	AMRU_CQ	CTCTACGGTCCTCCAT	AMRU	SRR11008277	277_CTCTACGGTCCTCCAT	TRUE
AMRU_CQ_CTCTACGTCAGCAACT	AMRU_CQ	CTCTACGTCAGCAACT	AMRU	SRR11008277	277_CTCTACGTCAGCAACT	TRUE
AMRU_CQ_CTCTACGTCGCACTCT	AMRU_CQ	CTCTACGTCGCACTCT	AMRU	SRR11008277	277_CTCTACGTCGCACTCT	TRUE
AMRU_CQ_CTCTGGTAGATGTTAG	AMRU_CQ	CTCTGGTAGATGTTAG	AMRU	SRR11008277	277_CTCTGGTAGATGTTAG	TRUE
AMRU_CQ_CTCTGGTAGCCCTAAT	AMRU_CQ	CTCTGGTAGCCCTAAT	AMRU	SRR11008277	277_CTCTGGTAGCCCTAAT	TRUE
AMRU_CQ_CTCTGGTGTAGAAAGG	AMRU_CQ	CTCTGGTGTAGAAAGG	AMRU	SRR11008277	277_CTCTGGTGTAGAAAGG	TRUE
AMRU_CQ_CTCTGGTGTATAATGG	AMRU_CQ	CTCTGGTGTATAATGG	AMRU	SRR11008277	277_CTCTGGTGTATAATGG	TRUE
AMRU_CQ_CTGAAACAGTGAACGC	AMRU_CQ	CTGAAACAGTGAACGC	AMRU	SRR11008277	277_CTGAAACAGTGAACGC	TRUE
AMRU_CQ_CTGAAACCACCGGAAA	AMRU_CQ	CTGAAACCACCGGAAA	AMRU	SRR11008277	277_CTGAAACCACCGGAAA	TRUE
AMRU_CQ_CTGAAACGTAAGTGTA	AMRU_CQ	CTGAAACGTAAGTGTA	AMRU	SRR11008277	277_CTGAAACGTAAGTGTA	TRUE
AMRU_CQ_CTGAAACTCATCGATG	AMRU_CQ	CTGAAACTCATCGATG	AMRU	SRR11008277	277_CTGAAACTCATCGATG	TRUE
AMRU_CQ_CTGAAACTCCGATATG	AMRU_CQ	CTGAAACTCCGATATG	AMRU	SRR11008277	277_CTGAAACTCCGATATG	TRUE
AMRU_CQ_CTGAAGTAGACAGGCT	AMRU_CQ	CTGAAGTAGACAGGCT	AMRU	SRR11008277	277_CTGAAGTAGACAGGCT	TRUE
AMRU_CQ_CTGAAGTTCAGTTAGC	AMRU_CQ	CTGAAGTTCAGTTAGC	AMRU	SRR11008277	277_CTGAAGTTCAGTTAGC	TRUE
AMRU_CQ_CTGAAGTTCCAAGTAC	AMRU_CQ	CTGAAGTTCCAAGTAC	AMRU	SRR11008277	277_CTGAAGTTCCAAGTAC	TRUE
AMRU_CQ_CTGAAGTTCCCATTAT	AMRU_CQ	CTGAAGTTCCCATTAT	AMRU	SRR11008277	277_CTGAAGTTCCCATTAT	TRUE
AMRU_CQ_CTGATAGAGAGGACGG	AMRU_CQ	CTGATAGAGAGGACGG	AMRU	SRR11008277	277_CTGATAGAGAGGACGG	TRUE
AMRU_CQ_CTGATAGAGATCGGGT	AMRU_CQ	CTGATAGAGATCGGGT	AMRU	SRR11008277	277_CTGATAGAGATCGGGT	TRUE
AMRU_CQ_CTGATAGGTTACCAGT	AMRU_CQ	CTGATAGGTTACCAGT	AMRU	SRR11008277	277_CTGATAGGTTACCAGT	TRUE
AMRU_CQ_CTGATAGTCTGAGGGA	AMRU_CQ	CTGATAGTCTGAGGGA	AMRU	SRR11008277	277_CTGATAGTCTGAGGGA	TRUE
AMRU_CQ_CTGATCCGTCTAGTGT	AMRU_CQ	CTGATCCGTCTAGTGT	AMRU	SRR11008277	277_CTGATCCGTCTAGTGT	TRUE
AMRU_CQ_CTGATCCGTGCAGTAG	AMRU_CQ	CTGATCCGTGCAGTAG	AMRU	SRR11008277	277_CTGATCCGTGCAGTAG	TRUE
AMRU_CQ_CTGATCCGTTGGTAAA	AMRU_CQ	CTGATCCGTTGGTAAA	AMRU	SRR11008277	277_CTGATCCGTTGGTAAA	TRUE
AMRU_CQ_CTGATCCTCTATCCCG	AMRU_CQ	CTGATCCTCTATCCCG	AMRU	SRR11008277	277_CTGATCCTCTATCCCG	TRUE
AMRU_CQ_CTGCCTAAGTCCATAC	AMRU_CQ	CTGCCTAAGTCCATAC	AMRU	SRR11008277	277_CTGCCTAAGTCCATAC	TRUE
AMRU_CQ_CTGCCTACAGCTTAAC	AMRU_CQ	CTGCCTACAGCTTAAC	AMRU	SRR11008277	277_CTGCCTACAGCTTAAC	TRUE
AMRU_CQ_CTGCGGAAGACGCACA	AMRU_CQ	CTGCGGAAGACGCACA	AMRU	SRR11008277	277_CTGCGGAAGACGCACA	TRUE
AMRU_CQ_CTGCGGAAGCCACGCT	AMRU_CQ	CTGCGGAAGCCACGCT	AMRU	SRR11008277	277_CTGCGGAAGCCACGCT	TRUE
AMRU_CQ_CTGCGGAAGGGATGGG	AMRU_CQ	CTGCGGAAGGGATGGG	AMRU	SRR11008277	277_CTGCGGAAGGGATGGG	TRUE
AMRU_CQ_CTGCGGAGTGGCTCCA	AMRU_CQ	CTGCGGAGTGGCTCCA	AMRU	SRR11008277	277_CTGCGGAGTGGCTCCA	TRUE
AMRU_CQ_CTGCGGATCGATAGAA	AMRU_CQ	CTGCGGATCGATAGAA	AMRU	SRR11008277	277_CTGCGGATCGATAGAA	TRUE
AMRU_CQ_CTGCGGATCTGCAAGT	AMRU_CQ	CTGCGGATCTGCAAGT	AMRU	SRR11008277	277_CTGCGGATCTGCAAGT	TRUE
AMRU_CQ_CTGCTGTAGCGAGAAA	AMRU_CQ	CTGCTGTAGCGAGAAA	AMRU	SRR11008277	277_CTGCTGTAGCGAGAAA	TRUE
AMRU_CQ_CTGCTGTCATTAGGCT	AMRU_CQ	CTGCTGTCATTAGGCT	AMRU	SRR11008277	277_CTGCTGTCATTAGGCT	TRUE
AMRU_CQ_CTGCTGTTCCAAATGC	AMRU_CQ	CTGCTGTTCCAAATGC	AMRU	SRR11008277	277_CTGCTGTTCCAAATGC	TRUE
AMRU_CQ_CTGGTCTAGTCCTCCT	AMRU_CQ	CTGGTCTAGTCCTCCT	AMRU	SRR11008277	277_CTGGTCTAGTCCTCCT	TRUE
AMRU_CQ_CTGGTCTCAATCGAAA	AMRU_CQ	CTGGTCTCAATCGAAA	AMRU	SRR11008277	277_CTGGTCTCAATCGAAA	TRUE
AMRU_CQ_CTGGTCTCAATGCCAT	AMRU_CQ	CTGGTCTCAATGCCAT	AMRU	SRR11008277	277_CTGGTCTCAATGCCAT	TRUE
AMRU_CQ_CTGGTCTCAGACAAAT	AMRU_CQ	CTGGTCTCAGACAAAT	AMRU	SRR11008277	277_CTGGTCTCAGACAAAT	TRUE
AMRU_CQ_CTGGTCTTCCTTTCGG	AMRU_CQ	CTGGTCTTCCTTTCGG	AMRU	SRR11008277	277_CTGGTCTTCCTTTCGG	TRUE
AMRU_CQ_CTGTGCTCATTGGCGC	AMRU_CQ	CTGTGCTCATTGGCGC	AMRU	SRR11008277	277_CTGTGCTCATTGGCGC	TRUE
AMRU_CQ_CTGTGCTGTTAAGGGC	AMRU_CQ	CTGTGCTGTTAAGGGC	AMRU	SRR11008277	277_CTGTGCTGTTAAGGGC	TRUE
AMRU_CQ_CTGTGCTTCGGCGCTA	AMRU_CQ	CTGTGCTTCGGCGCTA	AMRU	SRR11008277	277_CTGTGCTTCGGCGCTA	TRUE
AMRU_CQ_CTGTTTACATCACGAT	AMRU_CQ	CTGTTTACATCACGAT	AMRU	SRR11008277	277_CTGTTTACATCACGAT	TRUE
AMRU_CQ_CTGTTTACATTAGCCA	AMRU_CQ	CTGTTTACATTAGCCA	AMRU	SRR11008277	277_CTGTTTACATTAGCCA	TRUE
AMRU_CQ_CTGTTTAGTTAGAACA	AMRU_CQ	CTGTTTAGTTAGAACA	AMRU	SRR11008277	277_CTGTTTAGTTAGAACA	TRUE
AMRU_CQ_CTGTTTATCAACCAAC	AMRU_CQ	CTGTTTATCAACCAAC	AMRU	SRR11008277	277_CTGTTTATCAACCAAC	TRUE
AMRU_CQ_CTTAACTAGGATGCGT	AMRU_CQ	CTTAACTAGGATGCGT	AMRU	SRR11008277	277_CTTAACTAGGATGCGT	TRUE
AMRU_CQ_CTTAACTTCACTCTTA	AMRU_CQ	CTTAACTTCACTCTTA	AMRU	SRR11008277	277_CTTAACTTCACTCTTA	TRUE
AMRU_CQ_CTTACCGAGTATTGGA	AMRU_CQ	CTTACCGAGTATTGGA	AMRU	SRR11008277	277_CTTACCGAGTATTGGA	TRUE
AMRU_CQ_CTTAGGAAGATGTGGC	AMRU_CQ	CTTAGGAAGATGTGGC	AMRU	SRR11008277	277_CTTAGGAAGATGTGGC	TRUE
AMRU_CQ_CTTAGGATCATAACCG	AMRU_CQ	CTTAGGATCATAACCG	AMRU	SRR11008277	277_CTTAGGATCATAACCG	TRUE
AMRU_CQ_CTTCTCTTCAGTTTGG	AMRU_CQ	CTTCTCTTCAGTTTGG	AMRU	SRR11008277	277_CTTCTCTTCAGTTTGG	TRUE
AMRU_CQ_CTTGGCTCATCGATTG	AMRU_CQ	CTTGGCTCATCGATTG	AMRU	SRR11008277	277_CTTGGCTCATCGATTG	TRUE
AMRU_CQ_CTTGGCTGTTAAAGTG	AMRU_CQ	CTTGGCTGTTAAAGTG	AMRU	SRR11008277	277_CTTGGCTGTTAAAGTG	TRUE
AMRU_CQ_CTTGGCTGTTACGACT	AMRU_CQ	CTTGGCTGTTACGACT	AMRU	SRR11008277	277_CTTGGCTGTTACGACT	TRUE
AMRU_CQ_CTTGGCTTCAATCACG	AMRU_CQ	CTTGGCTTCAATCACG	AMRU	SRR11008277	277_CTTGGCTTCAATCACG	TRUE
AMRU_CQ_CTTGGCTTCTCCAGGG	AMRU_CQ	CTTGGCTTCTCCAGGG	AMRU	SRR11008277	277_CTTGGCTTCTCCAGGG	TRUE
AMRU_CQ_CTTTGCGAGCCACTAT	AMRU_CQ	CTTTGCGAGCCACTAT	AMRU	SRR11008277	277_CTTTGCGAGCCACTAT	TRUE
AMRU_CQ_CTTTGCGAGCGATTCT	AMRU_CQ	CTTTGCGAGCGATTCT	AMRU	SRR11008277	277_CTTTGCGAGCGATTCT	TRUE
AMRU_CQ_CTTTGCGAGGAGTTGC	AMRU_CQ	CTTTGCGAGGAGTTGC	AMRU	SRR11008277	277_CTTTGCGAGGAGTTGC	TRUE
AMRU_CQ_CTTTGCGGTACGCTGC	AMRU_CQ	CTTTGCGGTACGCTGC	AMRU	SRR11008277	277_CTTTGCGGTACGCTGC	TRUE
AMRU_CQ_CTTTGCGTCCCTAACC	AMRU_CQ	CTTTGCGTCCCTAACC	AMRU	SRR11008277	277_CTTTGCGTCCCTAACC	TRUE
AMRU_CQ_CTTTGCGTCCGAGCCA	AMRU_CQ	CTTTGCGTCCGAGCCA	AMRU	SRR11008277	277_CTTTGCGTCCGAGCCA	TRUE
AMRU_CQ_CTTTGCGTCTTATCTG	AMRU_CQ	CTTTGCGTCTTATCTG	AMRU	SRR11008277	277_CTTTGCGTCTTATCTG	TRUE
AMRU_CQ_GAAACTCCATCGGACC	AMRU_CQ	GAAACTCCATCGGACC	AMRU	SRR11008277	277_GAAACTCCATCGGACC	TRUE
AMRU_CQ_GAAACTCGTCCGAAGA	AMRU_CQ	GAAACTCGTCCGAAGA	AMRU	SRR11008277	277_GAAACTCGTCCGAAGA	TRUE
AMRU_CQ_GAAACTCGTGTGGTTT	AMRU_CQ	GAAACTCGTGTGGTTT	AMRU	SRR11008277	277_GAAACTCGTGTGGTTT	TRUE
AMRU_CQ_GAAACTCTCGCCATAA	AMRU_CQ	GAAACTCTCGCCATAA	AMRU	SRR11008277	277_GAAACTCTCGCCATAA	TRUE
AMRU_CQ_GAAACTCTCGTACCGG	AMRU_CQ	GAAACTCTCGTACCGG	AMRU	SRR11008277	277_GAAACTCTCGTACCGG	TRUE
AMRU_CQ_GAAATGACAAACCCAT	AMRU_CQ	GAAATGACAAACCCAT	AMRU	SRR11008277	277_GAAATGACAAACCCAT	TRUE
AMRU_CQ_GAAATGACAGACGCAA	AMRU_CQ	GAAATGACAGACGCAA	AMRU	SRR11008277	277_GAAATGACAGACGCAA	TRUE
AMRU_CQ_GAAATGATCATGTCCC	AMRU_CQ	GAAATGATCATGTCCC	AMRU	SRR11008277	277_GAAATGATCATGTCCC	TRUE
AMRU_CQ_GAAATGATCTGCGACG	AMRU_CQ	GAAATGATCTGCGACG	AMRU	SRR11008277	277_GAAATGATCTGCGACG	TRUE
AMRU_CQ_GAACATCAGATGGCGT	AMRU_CQ	GAACATCAGATGGCGT	AMRU	SRR11008277	277_GAACATCAGATGGCGT	TRUE
AMRU_CQ_GAACATCCAAGGTGTG	AMRU_CQ	GAACATCCAAGGTGTG	AMRU	SRR11008277	277_GAACATCCAAGGTGTG	TRUE
AMRU_CQ_GAACATCGTCAATGTC	AMRU_CQ	GAACATCGTCAATGTC	AMRU	SRR11008277	277_GAACATCGTCAATGTC	TRUE
AMRU_CQ_GAACATCGTGGTTTCA	AMRU_CQ	GAACATCGTGGTTTCA	AMRU	SRR11008277	277_GAACATCGTGGTTTCA	TRUE
AMRU_CQ_GAACATCGTGTGAATA	AMRU_CQ	GAACATCGTGTGAATA	AMRU	SRR11008277	277_GAACATCGTGTGAATA	TRUE
AMRU_CQ_GAACATCTCGGTTCGG	AMRU_CQ	GAACATCTCGGTTCGG	AMRU	SRR11008277	277_GAACATCTCGGTTCGG	TRUE
AMRU_CQ_GAACCTAAGGTGATAT	AMRU_CQ	GAACCTAAGGTGATAT	AMRU	SRR11008277	277_GAACCTAAGGTGATAT	TRUE
AMRU_CQ_GAACCTACACGAGAGT	AMRU_CQ	GAACCTACACGAGAGT	AMRU	SRR11008277	277_GAACCTACACGAGAGT	TRUE
AMRU_CQ_GAACCTATCTGGCGAC	AMRU_CQ	GAACCTATCTGGCGAC	AMRU	SRR11008277	277_GAACCTATCTGGCGAC	TRUE
AMRU_CQ_GAACGGAAGGACACCA	AMRU_CQ	GAACGGAAGGACACCA	AMRU	SRR11008277	277_GAACGGAAGGACACCA	TRUE
AMRU_CQ_GAACGGAGTCTACCTC	AMRU_CQ	GAACGGAGTCTACCTC	AMRU	SRR11008277	277_GAACGGAGTCTACCTC	TRUE
AMRU_CQ_GAACGGATCATGCAAC	AMRU_CQ	GAACGGATCATGCAAC	AMRU	SRR11008277	277_GAACGGATCATGCAAC	TRUE
AMRU_CQ_GAACGGATCGATGAGG	AMRU_CQ	GAACGGATCGATGAGG	AMRU	SRR11008277	277_GAACGGATCGATGAGG	TRUE
AMRU_CQ_GAAGCAGAGATCCGAG	AMRU_CQ	GAAGCAGAGATCCGAG	AMRU	SRR11008277	277_GAAGCAGAGATCCGAG	TRUE
AMRU_CQ_GAAGCAGCAATCTACG	AMRU_CQ	GAAGCAGCAATCTACG	AMRU	SRR11008277	277_GAAGCAGCAATCTACG	TRUE
AMRU_CQ_GAATAAGCAAACGCGA	AMRU_CQ	GAATAAGCAAACGCGA	AMRU	SRR11008277	277_GAATAAGCAAACGCGA	TRUE
AMRU_CQ_GAATAAGCATTCACTT	AMRU_CQ	GAATAAGCATTCACTT	AMRU	SRR11008277	277_GAATAAGCATTCACTT	TRUE
AMRU_CQ_GAATGAAAGACAAAGG	AMRU_CQ	GAATGAAAGACAAAGG	AMRU	SRR11008277	277_GAATGAAAGACAAAGG	TRUE
AMRU_CQ_GAATGAAAGAGGACGG	AMRU_CQ	GAATGAAAGAGGACGG	AMRU	SRR11008277	277_GAATGAAAGAGGACGG	TRUE
AMRU_CQ_GAATGAAAGTCGCCGT	AMRU_CQ	GAATGAAAGTCGCCGT	AMRU	SRR11008277	277_GAATGAAAGTCGCCGT	TRUE
AMRU_CQ_GAATGAACAATCGGTT	AMRU_CQ	GAATGAACAATCGGTT	AMRU	SRR11008277	277_GAATGAACAATCGGTT	TRUE
AMRU_CQ_GAATGAACATTGGTAC	AMRU_CQ	GAATGAACATTGGTAC	AMRU	SRR11008277	277_GAATGAACATTGGTAC	TRUE
AMRU_CQ_GAATGAAGTGAAAGAG	AMRU_CQ	GAATGAAGTGAAAGAG	AMRU	SRR11008277	277_GAATGAAGTGAAAGAG	TRUE
AMRU_CQ_GACACGCAGGCGTACA	AMRU_CQ	GACACGCAGGCGTACA	AMRU	SRR11008277	277_GACACGCAGGCGTACA	TRUE
AMRU_CQ_GACACGCCACAGAGGT	AMRU_CQ	GACACGCCACAGAGGT	AMRU	SRR11008277	277_GACACGCCACAGAGGT	TRUE
AMRU_CQ_GACACGCGTGGCGAAT	AMRU_CQ	GACACGCGTGGCGAAT	AMRU	SRR11008277	277_GACACGCGTGGCGAAT	TRUE
AMRU_CQ_GACACGCTCACTTATC	AMRU_CQ	GACACGCTCACTTATC	AMRU	SRR11008277	277_GACACGCTCACTTATC	TRUE
AMRU_CQ_GACAGAGAGATCCTGT	AMRU_CQ	GACAGAGAGATCCTGT	AMRU	SRR11008277	277_GACAGAGAGATCCTGT	TRUE
AMRU_CQ_GACAGAGAGGCAAAGA	AMRU_CQ	GACAGAGAGGCAAAGA	AMRU	SRR11008277	277_GACAGAGAGGCAAAGA	TRUE
AMRU_CQ_GACAGAGCATCGATTG	AMRU_CQ	GACAGAGCATCGATTG	AMRU	SRR11008277	277_GACAGAGCATCGATTG	TRUE
AMRU_CQ_GACAGAGGTGCACTTA	AMRU_CQ	GACAGAGGTGCACTTA	AMRU	SRR11008277	277_GACAGAGGTGCACTTA	TRUE
AMRU_CQ_GACAGAGTCACTATTC	AMRU_CQ	GACAGAGTCACTATTC	AMRU	SRR11008277	277_GACAGAGTCACTATTC	TRUE
AMRU_CQ_GACAGAGTCAGTTTGG	AMRU_CQ	GACAGAGTCAGTTTGG	AMRU	SRR11008277	277_GACAGAGTCAGTTTGG	TRUE
AMRU_CQ_GACCAATCAACGCACC	AMRU_CQ	GACCAATCAACGCACC	AMRU	SRR11008277	277_GACCAATCAACGCACC	TRUE
AMRU_CQ_GACCAATCAAGCGCTC	AMRU_CQ	GACCAATCAAGCGCTC	AMRU	SRR11008277	277_GACCAATCAAGCGCTC	TRUE
AMRU_CQ_GACCAATTCAGGTTCA	AMRU_CQ	GACCAATTCAGGTTCA	AMRU	SRR11008277	277_GACCAATTCAGGTTCA	TRUE
AMRU_CQ_GACCAATTCTTGACGA	AMRU_CQ	GACCAATTCTTGACGA	AMRU	SRR11008277	277_GACCAATTCTTGACGA	TRUE
AMRU_CQ_GACCTGGCAAGGACTG	AMRU_CQ	GACCTGGCAAGGACTG	AMRU	SRR11008277	277_GACCTGGCAAGGACTG	TRUE
AMRU_CQ_GACCTGGTCTGGCGAC	AMRU_CQ	GACCTGGTCTGGCGAC	AMRU	SRR11008277	277_GACCTGGTCTGGCGAC	TRUE
AMRU_CQ_GACGCGTCACACATGT	AMRU_CQ	GACGCGTCACACATGT	AMRU	SRR11008277	277_GACGCGTCACACATGT	TRUE
AMRU_CQ_GACGCGTCATCTACGA	AMRU_CQ	GACGCGTCATCTACGA	AMRU	SRR11008277	277_GACGCGTCATCTACGA	TRUE
AMRU_CQ_GACGCGTCATTCACTT	AMRU_CQ	GACGCGTCATTCACTT	AMRU	SRR11008277	277_GACGCGTCATTCACTT	TRUE
AMRU_CQ_GACGCGTGTATCTGCA	AMRU_CQ	GACGCGTGTATCTGCA	AMRU	SRR11008277	277_GACGCGTGTATCTGCA	TRUE
AMRU_CQ_GACGCGTTCAGTGTTG	AMRU_CQ	GACGCGTTCAGTGTTG	AMRU	SRR11008277	277_GACGCGTTCAGTGTTG	TRUE
AMRU_CQ_GACGCGTTCCCATTTA	AMRU_CQ	GACGCGTTCCCATTTA	AMRU	SRR11008277	277_GACGCGTTCCCATTTA	TRUE
AMRU_CQ_GACGGCTAGCGGATCA	AMRU_CQ	GACGGCTAGCGGATCA	AMRU	SRR11008277	277_GACGGCTAGCGGATCA	TRUE
AMRU_CQ_GACGGCTAGCGGCTTC	AMRU_CQ	GACGGCTAGCGGCTTC	AMRU	SRR11008277	277_GACGGCTAGCGGCTTC	TRUE
AMRU_CQ_GACGGCTCACGACTCG	AMRU_CQ	GACGGCTCACGACTCG	AMRU	SRR11008277	277_GACGGCTCACGACTCG	TRUE
AMRU_CQ_GACGGCTGTAGGGACT	AMRU_CQ	GACGGCTGTAGGGACT	AMRU	SRR11008277	277_GACGGCTGTAGGGACT	TRUE
AMRU_CQ_GACGGCTGTGTGCCTG	AMRU_CQ	GACGGCTGTGTGCCTG	AMRU	SRR11008277	277_GACGGCTGTGTGCCTG	TRUE
AMRU_CQ_GACGTGCAGAATGTTG	AMRU_CQ	GACGTGCAGAATGTTG	AMRU	SRR11008277	277_GACGTGCAGAATGTTG	TRUE
AMRU_CQ_GACGTGCCACTAAGTC	AMRU_CQ	GACGTGCCACTAAGTC	AMRU	SRR11008277	277_GACGTGCCACTAAGTC	TRUE
AMRU_CQ_GACGTGCTCATAACCG	AMRU_CQ	GACGTGCTCATAACCG	AMRU	SRR11008277	277_GACGTGCTCATAACCG	TRUE
AMRU_CQ_GACGTGCTCTATGTGG	AMRU_CQ	GACGTGCTCTATGTGG	AMRU	SRR11008277	277_GACGTGCTCTATGTGG	TRUE
AMRU_CQ_GACGTGCTCTCGCATC	AMRU_CQ	GACGTGCTCTCGCATC	AMRU	SRR11008277	277_GACGTGCTCTCGCATC	TRUE
AMRU_CQ_GACTAACCACATCCAA	AMRU_CQ	GACTAACCACATCCAA	AMRU	SRR11008277	277_GACTAACCACATCCAA	TRUE
AMRU_CQ_GACTAACTCGCCATAA	AMRU_CQ	GACTAACTCGCCATAA	AMRU	SRR11008277	277_GACTAACTCGCCATAA	TRUE
AMRU_CQ_GACTAACTCTACTCAT	AMRU_CQ	GACTAACTCTACTCAT	AMRU	SRR11008277	277_GACTAACTCTACTCAT	TRUE
AMRU_CQ_GACTACACACTCAGGC	AMRU_CQ	GACTACACACTCAGGC	AMRU	SRR11008277	277_GACTACACACTCAGGC	TRUE
AMRU_CQ_GACTGCGAGCAATCTC	AMRU_CQ	GACTGCGAGCAATCTC	AMRU	SRR11008277	277_GACTGCGAGCAATCTC	TRUE
AMRU_CQ_GACTGCGGTACTTAGC	AMRU_CQ	GACTGCGGTACTTAGC	AMRU	SRR11008277	277_GACTGCGGTACTTAGC	TRUE
AMRU_CQ_GACTGCGGTCCGTGAC	AMRU_CQ	GACTGCGGTCCGTGAC	AMRU	SRR11008277	277_GACTGCGGTCCGTGAC	TRUE
AMRU_CQ_GACTGCGGTTACCGAT	AMRU_CQ	GACTGCGGTTACCGAT	AMRU	SRR11008277	277_GACTGCGGTTACCGAT	TRUE
AMRU_CQ_GAGCAGAAGTCACGCC	AMRU_CQ	GAGCAGAAGTCACGCC	AMRU	SRR11008277	277_GAGCAGAAGTCACGCC	TRUE
AMRU_CQ_GAGCAGAAGTGTACCT	AMRU_CQ	GAGCAGAAGTGTACCT	AMRU	SRR11008277	277_GAGCAGAAGTGTACCT	TRUE
AMRU_CQ_GAGCAGACAAGAGGCT	AMRU_CQ	GAGCAGACAAGAGGCT	AMRU	SRR11008277	277_GAGCAGACAAGAGGCT	TRUE
AMRU_CQ_GAGCAGACACGCTTTC	AMRU_CQ	GAGCAGACACGCTTTC	AMRU	SRR11008277	277_GAGCAGACACGCTTTC	TRUE
AMRU_CQ_GAGCAGACACTCTGTC	AMRU_CQ	GAGCAGACACTCTGTC	AMRU	SRR11008277	277_GAGCAGACACTCTGTC	TRUE
AMRU_CQ_GAGCAGACAGTCCTTC	AMRU_CQ	GAGCAGACAGTCCTTC	AMRU	SRR11008277	277_GAGCAGACAGTCCTTC	TRUE
AMRU_CQ_GAGCAGAGTATATGGA	AMRU_CQ	GAGCAGAGTATATGGA	AMRU	SRR11008277	277_GAGCAGAGTATATGGA	TRUE
AMRU_CQ_GAGGTGAAGCGTGAAC	AMRU_CQ	GAGGTGAAGCGTGAAC	AMRU	SRR11008277	277_GAGGTGAAGCGTGAAC	TRUE
AMRU_CQ_GAGGTGAAGGCACATG	AMRU_CQ	GAGGTGAAGGCACATG	AMRU	SRR11008277	277_GAGGTGAAGGCACATG	TRUE
AMRU_CQ_GAGGTGAAGTGACTCT	AMRU_CQ	GAGGTGAAGTGACTCT	AMRU	SRR11008277	277_GAGGTGAAGTGACTCT	TRUE
AMRU_CQ_GAGGTGACATCCTAGA	AMRU_CQ	GAGGTGACATCCTAGA	AMRU	SRR11008277	277_GAGGTGACATCCTAGA	TRUE
AMRU_CQ_GAGGTGAGTAATCACC	AMRU_CQ	GAGGTGAGTAATCACC	AMRU	SRR11008277	277_GAGGTGAGTAATCACC	TRUE
AMRU_CQ_GAGGTGAGTCGAACAG	AMRU_CQ	GAGGTGAGTCGAACAG	AMRU	SRR11008277	277_GAGGTGAGTCGAACAG	TRUE
AMRU_CQ_GAGGTGATCTTGCATT	AMRU_CQ	GAGGTGATCTTGCATT	AMRU	SRR11008277	277_GAGGTGATCTTGCATT	TRUE
AMRU_CQ_GAGTCCGCATTTCACT	AMRU_CQ	GAGTCCGCATTTCACT	AMRU	SRR11008277	277_GAGTCCGCATTTCACT	TRUE
AMRU_CQ_GATCAGTAGATATGCA	AMRU_CQ	GATCAGTAGATATGCA	AMRU	SRR11008277	277_GATCAGTAGATATGCA	TRUE
AMRU_CQ_GATCAGTGTCTAGCGC	AMRU_CQ	GATCAGTGTCTAGCGC	AMRU	SRR11008277	277_GATCAGTGTCTAGCGC	TRUE
AMRU_CQ_GATCAGTGTTGTCTTT	AMRU_CQ	GATCAGTGTTGTCTTT	AMRU	SRR11008277	277_GATCAGTGTTGTCTTT	TRUE
AMRU_CQ_GATCGATAGCTAACAA	AMRU_CQ	GATCGATAGCTAACAA	AMRU	SRR11008277	277_GATCGATAGCTAACAA	TRUE
AMRU_CQ_GATCGATAGGTTCCTA	AMRU_CQ	GATCGATAGGTTCCTA	AMRU	SRR11008277	277_GATCGATAGGTTCCTA	TRUE
AMRU_CQ_GATCGATCACAGAGGT	AMRU_CQ	GATCGATCACAGAGGT	AMRU	SRR11008277	277_GATCGATCACAGAGGT	TRUE
AMRU_CQ_GATCGATCATACGCCG	AMRU_CQ	GATCGATCATACGCCG	AMRU	SRR11008277	277_GATCGATCATACGCCG	TRUE
AMRU_CQ_GATCGATTCACAATGC	AMRU_CQ	GATCGATTCACAATGC	AMRU	SRR11008277	277_GATCGATTCACAATGC	TRUE
AMRU_CQ_GATCGATTCGGAGGTA	AMRU_CQ	GATCGATTCGGAGGTA	AMRU	SRR11008277	277_GATCGATTCGGAGGTA	TRUE
AMRU_CQ_GATCGCGAGCCACCTG	AMRU_CQ	GATCGCGAGCCACCTG	AMRU	SRR11008277	277_GATCGCGAGCCACCTG	TRUE
AMRU_CQ_GATCGCGCAAAGTGCG	AMRU_CQ	GATCGCGCAAAGTGCG	AMRU	SRR11008277	277_GATCGCGCAAAGTGCG	TRUE
AMRU_CQ_GATCGCGGTACAGACG	AMRU_CQ	GATCGCGGTACAGACG	AMRU	SRR11008277	277_GATCGCGGTACAGACG	TRUE
AMRU_CQ_GATCGCGTCCGAATGT	AMRU_CQ	GATCGCGTCCGAATGT	AMRU	SRR11008277	277_GATCGCGTCCGAATGT	TRUE
AMRU_CQ_GATCGCGTCCGGCACA	AMRU_CQ	GATCGCGTCCGGCACA	AMRU	SRR11008277	277_GATCGCGTCCGGCACA	TRUE
AMRU_CQ_GATCGTAAGCTGAACG	AMRU_CQ	GATCGTAAGCTGAACG	AMRU	SRR11008277	277_GATCGTAAGCTGAACG	TRUE
AMRU_CQ_GATCGTACATGAAGTA	AMRU_CQ	GATCGTACATGAAGTA	AMRU	SRR11008277	277_GATCGTACATGAAGTA	TRUE
AMRU_CQ_GATCGTAGTAAGCACG	AMRU_CQ	GATCGTAGTAAGCACG	AMRU	SRR11008277	277_GATCGTAGTAAGCACG	TRUE
AMRU_CQ_GATCGTAGTCAGTGGA	AMRU_CQ	GATCGTAGTCAGTGGA	AMRU	SRR11008277	277_GATCGTAGTCAGTGGA	TRUE
AMRU_CQ_GATCGTATCCATGAGT	AMRU_CQ	GATCGTATCCATGAGT	AMRU	SRR11008277	277_GATCGTATCCATGAGT	TRUE
AMRU_CQ_GATCTAGAGACTTTCG	AMRU_CQ	GATCTAGAGACTTTCG	AMRU	SRR11008277	277_GATCTAGAGACTTTCG	TRUE
AMRU_CQ_GATCTAGGTAGCGCAA	AMRU_CQ	GATCTAGGTAGCGCAA	AMRU	SRR11008277	277_GATCTAGGTAGCGCAA	TRUE
AMRU_CQ_GATCTAGGTGATAAAC	AMRU_CQ	GATCTAGGTGATAAAC	AMRU	SRR11008277	277_GATCTAGGTGATAAAC	TRUE
AMRU_CQ_GATCTAGTCCTTGCCA	AMRU_CQ	GATCTAGTCCTTGCCA	AMRU	SRR11008277	277_GATCTAGTCCTTGCCA	TRUE
AMRU_CQ_GATGAAAAGACACGAC	AMRU_CQ	GATGAAAAGACACGAC	AMRU	SRR11008277	277_GATGAAAAGACACGAC	TRUE
AMRU_CQ_GATGAAAAGACTGGGT	AMRU_CQ	GATGAAAAGACTGGGT	AMRU	SRR11008277	277_GATGAAAAGACTGGGT	TRUE
AMRU_CQ_GATGAAAAGCTAGGCA	AMRU_CQ	GATGAAAAGCTAGGCA	AMRU	SRR11008277	277_GATGAAAAGCTAGGCA	TRUE
AMRU_CQ_GATGAAAAGTTACCCA	AMRU_CQ	GATGAAAAGTTACCCA	AMRU	SRR11008277	277_GATGAAAAGTTACCCA	TRUE
AMRU_CQ_GATGAAACAAACCCAT	AMRU_CQ	GATGAAACAAACCCAT	AMRU	SRR11008277	277_GATGAAACAAACCCAT	TRUE
AMRU_CQ_GATGAAACAATCGAAA	AMRU_CQ	GATGAAACAATCGAAA	AMRU	SRR11008277	277_GATGAAACAATCGAAA	TRUE
AMRU_CQ_GATGAAACACAACGTT	AMRU_CQ	GATGAAACACAACGTT	AMRU	SRR11008277	277_GATGAAACACAACGTT	TRUE
AMRU_CQ_GATGAAAGTAGCCTAT	AMRU_CQ	GATGAAAGTAGCCTAT	AMRU	SRR11008277	277_GATGAAAGTAGCCTAT	TRUE
AMRU_CQ_GATGAAAGTCCTAGCG	AMRU_CQ	GATGAAAGTCCTAGCG	AMRU	SRR11008277	277_GATGAAAGTCCTAGCG	TRUE
AMRU_CQ_GATGAAAGTGGTAACG	AMRU_CQ	GATGAAAGTGGTAACG	AMRU	SRR11008277	277_GATGAAAGTGGTAACG	TRUE
AMRU_CQ_GATGCTAAGCGTTTAC	AMRU_CQ	GATGCTAAGCGTTTAC	AMRU	SRR11008277	277_GATGCTAAGCGTTTAC	TRUE
AMRU_CQ_GATGCTAAGGACCACA	AMRU_CQ	GATGCTAAGGACCACA	AMRU	SRR11008277	277_GATGCTAAGGACCACA	TRUE
AMRU_CQ_GATGCTAGTATATGAG	AMRU_CQ	GATGCTAGTATATGAG	AMRU	SRR11008277	277_GATGCTAGTATATGAG	TRUE
AMRU_CQ_GATGCTAGTCTTCTCG	AMRU_CQ	GATGCTAGTCTTCTCG	AMRU	SRR11008277	277_GATGCTAGTCTTCTCG	TRUE
AMRU_CQ_GATGCTAGTGTTTGTG	AMRU_CQ	GATGCTAGTGTTTGTG	AMRU	SRR11008277	277_GATGCTAGTGTTTGTG	TRUE
AMRU_CQ_GATTCAGCAGCCTGTG	AMRU_CQ	GATTCAGCAGCCTGTG	AMRU	SRR11008277	277_GATTCAGCAGCCTGTG	TRUE
AMRU_CQ_GATTCAGCATCTATGG	AMRU_CQ	GATTCAGCATCTATGG	AMRU	SRR11008277	277_GATTCAGCATCTATGG	TRUE
AMRU_CQ_GCAAACTAGACAGAGA	AMRU_CQ	GCAAACTAGACAGAGA	AMRU	SRR11008277	277_GCAAACTAGACAGAGA	TRUE
AMRU_CQ_GCAAACTCACGTTGGC	AMRU_CQ	GCAAACTCACGTTGGC	AMRU	SRR11008277	277_GCAAACTCACGTTGGC	TRUE
AMRU_CQ_GCAAACTCAGATAATG	AMRU_CQ	GCAAACTCAGATAATG	AMRU	SRR11008277	277_GCAAACTCAGATAATG	TRUE
AMRU_CQ_GCAAACTCAGTGGGAT	AMRU_CQ	GCAAACTCAGTGGGAT	AMRU	SRR11008277	277_GCAAACTCAGTGGGAT	TRUE
AMRU_CQ_GCAAACTTCGTGTAGT	AMRU_CQ	GCAAACTTCGTGTAGT	AMRU	SRR11008277	277_GCAAACTTCGTGTAGT	TRUE
AMRU_CQ_GCAAACTTCGTTGCCT	AMRU_CQ	GCAAACTTCGTTGCCT	AMRU	SRR11008277	277_GCAAACTTCGTTGCCT	TRUE
AMRU_CQ_GCAAACTTCTGTCAAG	AMRU_CQ	GCAAACTTCTGTCAAG	AMRU	SRR11008277	277_GCAAACTTCTGTCAAG	TRUE
AMRU_CQ_GCAATCACACACTGCG	AMRU_CQ	GCAATCACACACTGCG	AMRU	SRR11008277	277_GCAATCACACACTGCG	TRUE
AMRU_CQ_GCAATCAGTACTCTCC	AMRU_CQ	GCAATCAGTACTCTCC	AMRU	SRR11008277	277_GCAATCAGTACTCTCC	TRUE
AMRU_CQ_GCAATCAGTGCGATAG	AMRU_CQ	GCAATCAGTGCGATAG	AMRU	SRR11008277	277_GCAATCAGTGCGATAG	TRUE
AMRU_CQ_GCAATCATCGTAGGAG	AMRU_CQ	GCAATCATCGTAGGAG	AMRU	SRR11008277	277_GCAATCATCGTAGGAG	TRUE
AMRU_CQ_GCACATACACCAGGCT	AMRU_CQ	GCACATACACCAGGCT	AMRU	SRR11008277	277_GCACATACACCAGGCT	TRUE
AMRU_CQ_GCACATACACGGTAGA	AMRU_CQ	GCACATACACGGTAGA	AMRU	SRR11008277	277_GCACATACACGGTAGA	TRUE
AMRU_CQ_GCACATACATTACGAC	AMRU_CQ	GCACATACATTACGAC	AMRU	SRR11008277	277_GCACATACATTACGAC	TRUE
AMRU_CQ_GCACATAGTACATCCA	AMRU_CQ	GCACATAGTACATCCA	AMRU	SRR11008277	277_GCACATAGTACATCCA	TRUE
AMRU_CQ_GCACATATCAGATAAG	AMRU_CQ	GCACATATCAGATAAG	AMRU	SRR11008277	277_GCACATATCAGATAAG	TRUE
AMRU_CQ_GCACTCTCAGCTGGCT	AMRU_CQ	GCACTCTCAGCTGGCT	AMRU	SRR11008277	277_GCACTCTCAGCTGGCT	TRUE
AMRU_CQ_GCACTCTGTCGCATAT	AMRU_CQ	GCACTCTGTCGCATAT	AMRU	SRR11008277	277_GCACTCTGTCGCATAT	TRUE
AMRU_CQ_GCACTCTGTGTGGTTT	AMRU_CQ	GCACTCTGTGTGGTTT	AMRU	SRR11008277	277_GCACTCTGTGTGGTTT	TRUE
AMRU_CQ_GCAGCCAAGCTCTCGG	AMRU_CQ	GCAGCCAAGCTCTCGG	AMRU	SRR11008277	277_GCAGCCAAGCTCTCGG	TRUE
AMRU_CQ_GCAGCCACAGATAATG	AMRU_CQ	GCAGCCACAGATAATG	AMRU	SRR11008277	277_GCAGCCACAGATAATG	TRUE
AMRU_CQ_GCAGCCATCGAATCCA	AMRU_CQ	GCAGCCATCGAATCCA	AMRU	SRR11008277	277_GCAGCCATCGAATCCA	TRUE
AMRU_CQ_GCAGCCATCGATGAGG	AMRU_CQ	GCAGCCATCGATGAGG	AMRU	SRR11008277	277_GCAGCCATCGATGAGG	TRUE
AMRU_CQ_GCAGCCATCGCAGGCT	AMRU_CQ	GCAGCCATCGCAGGCT	AMRU	SRR11008277	277_GCAGCCATCGCAGGCT	TRUE
AMRU_CQ_GCAGTTAAGCTAGTGG	AMRU_CQ	GCAGTTAAGCTAGTGG	AMRU	SRR11008277	277_GCAGTTAAGCTAGTGG	TRUE
AMRU_CQ_GCAGTTACACGGTTTA	AMRU_CQ	GCAGTTACACGGTTTA	AMRU	SRR11008277	277_GCAGTTACACGGTTTA	TRUE
AMRU_CQ_GCATACAAGCCAGTAG	AMRU_CQ	GCATACAAGCCAGTAG	AMRU	SRR11008277	277_GCATACAAGCCAGTAG	TRUE
AMRU_CQ_GCATACAAGCGTCAAG	AMRU_CQ	GCATACAAGCGTCAAG	AMRU	SRR11008277	277_GCATACAAGCGTCAAG	TRUE
AMRU_CQ_GCATACAAGCTTCGCG	AMRU_CQ	GCATACAAGCTTCGCG	AMRU	SRR11008277	277_GCATACAAGCTTCGCG	TRUE
AMRU_CQ_GCATACAGTTCAGCGC	AMRU_CQ	GCATACAGTTCAGCGC	AMRU	SRR11008277	277_GCATACAGTTCAGCGC	TRUE
AMRU_CQ_GCATACAGTTCGTTGA	AMRU_CQ	GCATACAGTTCGTTGA	AMRU	SRR11008277	277_GCATACAGTTCGTTGA	TRUE
AMRU_CQ_GCATACATCCGGCACA	AMRU_CQ	GCATACATCCGGCACA	AMRU	SRR11008277	277_GCATACATCCGGCACA	TRUE
AMRU_CQ_GCATACATCTTCAACT	AMRU_CQ	GCATACATCTTCAACT	AMRU	SRR11008277	277_GCATACATCTTCAACT	TRUE
AMRU_CQ_GCATGATAGCCCAGCT	AMRU_CQ	GCATGATAGCCCAGCT	AMRU	SRR11008277	277_GCATGATAGCCCAGCT	TRUE
AMRU_CQ_GCATGATCAAACCCAT	AMRU_CQ	GCATGATCAAACCCAT	AMRU	SRR11008277	277_GCATGATCAAACCCAT	TRUE
AMRU_CQ_GCATGATGTTACGTCA	AMRU_CQ	GCATGATGTTACGTCA	AMRU	SRR11008277	277_GCATGATGTTACGTCA	TRUE
AMRU_CQ_GCATGATGTTGCCTCT	AMRU_CQ	GCATGATGTTGCCTCT	AMRU	SRR11008277	277_GCATGATGTTGCCTCT	TRUE
AMRU_CQ_GCATGATTCCAAATGC	AMRU_CQ	GCATGATTCCAAATGC	AMRU	SRR11008277	277_GCATGATTCCAAATGC	TRUE
AMRU_CQ_GCATGATTCCTTGGTC	AMRU_CQ	GCATGATTCCTTGGTC	AMRU	SRR11008277	277_GCATGATTCCTTGGTC	TRUE
AMRU_CQ_GCATGCGAGGACAGCT	AMRU_CQ	GCATGCGAGGACAGCT	AMRU	SRR11008277	277_GCATGCGAGGACAGCT	TRUE
AMRU_CQ_GCATGCGAGGACGAAA	AMRU_CQ	GCATGCGAGGACGAAA	AMRU	SRR11008277	277_GCATGCGAGGACGAAA	TRUE
AMRU_CQ_GCATGCGCAATGGAGC	AMRU_CQ	GCATGCGCAATGGAGC	AMRU	SRR11008277	277_GCATGCGCAATGGAGC	TRUE
AMRU_CQ_GCATGCGGTGTTAAGA	AMRU_CQ	GCATGCGGTGTTAAGA	AMRU	SRR11008277	277_GCATGCGGTGTTAAGA	TRUE
AMRU_CQ_GCATGTACATTAGGCT	AMRU_CQ	GCATGTACATTAGGCT	AMRU	SRR11008277	277_GCATGTACATTAGGCT	TRUE
AMRU_CQ_GCATGTAGTTGTTTGG	AMRU_CQ	GCATGTAGTTGTTTGG	AMRU	SRR11008277	277_GCATGTAGTTGTTTGG	TRUE
AMRU_CQ_GCATGTATCGCGTAGC	AMRU_CQ	GCATGTATCGCGTAGC	AMRU	SRR11008277	277_GCATGTATCGCGTAGC	TRUE
AMRU_CQ_GCATGTATCTCAACTT	AMRU_CQ	GCATGTATCTCAACTT	AMRU	SRR11008277	277_GCATGTATCTCAACTT	TRUE
AMRU_CQ_GCCAAATCAACGCACC	AMRU_CQ	GCCAAATCAACGCACC	AMRU	SRR11008277	277_GCCAAATCAACGCACC	TRUE
AMRU_CQ_GCCAAATCAGAGCCAA	AMRU_CQ	GCCAAATCAGAGCCAA	AMRU	SRR11008277	277_GCCAAATCAGAGCCAA	TRUE
AMRU_CQ_GCCAAATGTGGACGAT	AMRU_CQ	GCCAAATGTGGACGAT	AMRU	SRR11008277	277_GCCAAATGTGGACGAT	TRUE
AMRU_CQ_GCCAAATGTTATCACG	AMRU_CQ	GCCAAATGTTATCACG	AMRU	SRR11008277	277_GCCAAATGTTATCACG	TRUE
AMRU_CQ_GCCAAATTCAGCGATT	AMRU_CQ	GCCAAATTCAGCGATT	AMRU	SRR11008277	277_GCCAAATTCAGCGATT	TRUE
AMRU_CQ_GCCTCTAAGTGAAGAG	AMRU_CQ	GCCTCTAAGTGAAGAG	AMRU	SRR11008277	277_GCCTCTAAGTGAAGAG	TRUE
AMRU_CQ_GCCTCTACAAGCCCAC	AMRU_CQ	GCCTCTACAAGCCCAC	AMRU	SRR11008277	277_GCCTCTACAAGCCCAC	TRUE
AMRU_CQ_GCCTCTAGTCCGAAGA	AMRU_CQ	GCCTCTAGTCCGAAGA	AMRU	SRR11008277	277_GCCTCTAGTCCGAAGA	TRUE
AMRU_CQ_GCCTCTATCCCATTTA	AMRU_CQ	GCCTCTATCCCATTTA	AMRU	SRR11008277	277_GCCTCTATCCCATTTA	TRUE
AMRU_CQ_GCGACCAAGCATCATC	AMRU_CQ	GCGACCAAGCATCATC	AMRU	SRR11008277	277_GCGACCAAGCATCATC	TRUE
AMRU_CQ_GCGACCAGTGCAACGA	AMRU_CQ	GCGACCAGTGCAACGA	AMRU	SRR11008277	277_GCGACCAGTGCAACGA	TRUE
AMRU_CQ_GCGACCAGTTCCCGAG	AMRU_CQ	GCGACCAGTTCCCGAG	AMRU	SRR11008277	277_GCGACCAGTTCCCGAG	TRUE
AMRU_CQ_GCGAGAAAGACCACGA	AMRU_CQ	GCGAGAAAGACCACGA	AMRU	SRR11008277	277_GCGAGAAAGACCACGA	TRUE
AMRU_CQ_GCGAGAACACATTTCT	AMRU_CQ	GCGAGAACACATTTCT	AMRU	SRR11008277	277_GCGAGAACACATTTCT	TRUE
AMRU_CQ_GCGAGAATCCCGGATG	AMRU_CQ	GCGAGAATCCCGGATG	AMRU	SRR11008277	277_GCGAGAATCCCGGATG	TRUE
AMRU_CQ_GCGAGAATCGAACGGA	AMRU_CQ	GCGAGAATCGAACGGA	AMRU	SRR11008277	277_GCGAGAATCGAACGGA	TRUE
AMRU_CQ_GCGAGAATCTCGAGTA	AMRU_CQ	GCGAGAATCTCGAGTA	AMRU	SRR11008277	277_GCGAGAATCTCGAGTA	TRUE
AMRU_CQ_GCGCAACAGCACACAG	AMRU_CQ	GCGCAACAGCACACAG	AMRU	SRR11008277	277_GCGCAACAGCACACAG	TRUE
AMRU_CQ_GCGCAACGTTCAGTAC	AMRU_CQ	GCGCAACGTTCAGTAC	AMRU	SRR11008277	277_GCGCAACGTTCAGTAC	TRUE
AMRU_CQ_GCGCAGTAGAAGGTGA	AMRU_CQ	GCGCAGTAGAAGGTGA	AMRU	SRR11008277	277_GCGCAGTAGAAGGTGA	TRUE
AMRU_CQ_GCGCAGTCAAGGTTCT	AMRU_CQ	GCGCAGTCAAGGTTCT	AMRU	SRR11008277	277_GCGCAGTCAAGGTTCT	TRUE
AMRU_CQ_GCGCAGTTCACTATTC	AMRU_CQ	GCGCAGTTCACTATTC	AMRU	SRR11008277	277_GCGCAGTTCACTATTC	TRUE
AMRU_CQ_GCGCAGTTCATAAAGG	AMRU_CQ	GCGCAGTTCATAAAGG	AMRU	SRR11008277	277_GCGCAGTTCATAAAGG	TRUE
AMRU_CQ_GCGCAGTTCCGCGCAA	AMRU_CQ	GCGCAGTTCCGCGCAA	AMRU	SRR11008277	277_GCGCAGTTCCGCGCAA	TRUE
AMRU_CQ_GCGCCAACAGGTGCCT	AMRU_CQ	GCGCCAACAGGTGCCT	AMRU	SRR11008277	277_GCGCCAACAGGTGCCT	TRUE
AMRU_CQ_GCGCCAAGTGGCTCCA	AMRU_CQ	GCGCCAAGTGGCTCCA	AMRU	SRR11008277	277_GCGCCAAGTGGCTCCA	TRUE
AMRU_CQ_GCGCGATAGAAACCGC	AMRU_CQ	GCGCGATAGAAACCGC	AMRU	SRR11008277	277_GCGCGATAGAAACCGC	TRUE
AMRU_CQ_GCGCGATAGATATACG	AMRU_CQ	GCGCGATAGATATACG	AMRU	SRR11008277	277_GCGCGATAGATATACG	TRUE
AMRU_CQ_GCGCGATTCTAACCGA	AMRU_CQ	GCGCGATTCTAACCGA	AMRU	SRR11008277	277_GCGCGATTCTAACCGA	TRUE
AMRU_CQ_GCGGGTTAGGGCATGT	AMRU_CQ	GCGGGTTAGGGCATGT	AMRU	SRR11008277	277_GCGGGTTAGGGCATGT	TRUE
AMRU_CQ_GCGGGTTCAATCACAC	AMRU_CQ	GCGGGTTCAATCACAC	AMRU	SRR11008277	277_GCGGGTTCAATCACAC	TRUE
AMRU_CQ_GCGGGTTGTCATCCCT	AMRU_CQ	GCGGGTTGTCATCCCT	AMRU	SRR11008277	277_GCGGGTTGTCATCCCT	TRUE
AMRU_CQ_GCGGGTTGTTACCAGT	AMRU_CQ	GCGGGTTGTTACCAGT	AMRU	SRR11008277	277_GCGGGTTGTTACCAGT	TRUE
AMRU_CQ_GCGGGTTGTTATGCGT	AMRU_CQ	GCGGGTTGTTATGCGT	AMRU	SRR11008277	277_GCGGGTTGTTATGCGT	TRUE
AMRU_CQ_GCTCCTAAGTGCCAGA	AMRU_CQ	GCTCCTAAGTGCCAGA	AMRU	SRR11008277	277_GCTCCTAAGTGCCAGA	TRUE
AMRU_CQ_GCTCCTACACTTCGAA	AMRU_CQ	GCTCCTACACTTCGAA	AMRU	SRR11008277	277_GCTCCTACACTTCGAA	TRUE
AMRU_CQ_GCTCCTACAGCCTTGG	AMRU_CQ	GCTCCTACAGCCTTGG	AMRU	SRR11008277	277_GCTCCTACAGCCTTGG	TRUE
AMRU_CQ_GCTCCTAGTGGTGTAG	AMRU_CQ	GCTCCTAGTGGTGTAG	AMRU	SRR11008277	277_GCTCCTAGTGGTGTAG	TRUE
AMRU_CQ_GCTCTGTCAGATCTGT	AMRU_CQ	GCTCTGTCAGATCTGT	AMRU	SRR11008277	277_GCTCTGTCAGATCTGT	TRUE
AMRU_CQ_GCTCTGTCAGGATTGG	AMRU_CQ	GCTCTGTCAGGATTGG	AMRU	SRR11008277	277_GCTCTGTCAGGATTGG	TRUE
AMRU_CQ_GCTCTGTTCGTCGTTC	AMRU_CQ	GCTCTGTTCGTCGTTC	AMRU	SRR11008277	277_GCTCTGTTCGTCGTTC	TRUE
AMRU_CQ_GCTGCAGAGCCATCGC	AMRU_CQ	GCTGCAGAGCCATCGC	AMRU	SRR11008277	277_GCTGCAGAGCCATCGC	TRUE
AMRU_CQ_GCTGCAGTCAAGGTAA	AMRU_CQ	GCTGCAGTCAAGGTAA	AMRU	SRR11008277	277_GCTGCAGTCAAGGTAA	TRUE
AMRU_CQ_GCTGCGAAGCTAGTTC	AMRU_CQ	GCTGCGAAGCTAGTTC	AMRU	SRR11008277	277_GCTGCGAAGCTAGTTC	TRUE
AMRU_CQ_GCTGCGACATGTTCCC	AMRU_CQ	GCTGCGACATGTTCCC	AMRU	SRR11008277	277_GCTGCGACATGTTCCC	TRUE
AMRU_CQ_GCTGCTTAGCACCGCT	AMRU_CQ	GCTGCTTAGCACCGCT	AMRU	SRR11008277	277_GCTGCTTAGCACCGCT	TRUE
AMRU_CQ_GCTGCTTCAGCGTTCG	AMRU_CQ	GCTGCTTCAGCGTTCG	AMRU	SRR11008277	277_GCTGCTTCAGCGTTCG	TRUE
AMRU_CQ_GCTGCTTCATTCTTAC	AMRU_CQ	GCTGCTTCATTCTTAC	AMRU	SRR11008277	277_GCTGCTTCATTCTTAC	TRUE
AMRU_CQ_GCTGCTTTCAACGGGA	AMRU_CQ	GCTGCTTTCAACGGGA	AMRU	SRR11008277	277_GCTGCTTTCAACGGGA	TRUE
AMRU_CQ_GCTGCTTTCGCATGAT	AMRU_CQ	GCTGCTTTCGCATGAT	AMRU	SRR11008277	277_GCTGCTTTCGCATGAT	TRUE
AMRU_CQ_GCTGGGTGTCTAGTCA	AMRU_CQ	GCTGGGTGTCTAGTCA	AMRU	SRR11008277	277_GCTGGGTGTCTAGTCA	TRUE
AMRU_CQ_GCTGGGTTCTTGTATC	AMRU_CQ	GCTGGGTTCTTGTATC	AMRU	SRR11008277	277_GCTGGGTTCTTGTATC	TRUE
AMRU_CQ_GCTTCCAGTACATGTC	AMRU_CQ	GCTTCCAGTACATGTC	AMRU	SRR11008277	277_GCTTCCAGTACATGTC	TRUE
AMRU_CQ_GCTTCCATCGTATCAG	AMRU_CQ	GCTTCCATCGTATCAG	AMRU	SRR11008277	277_GCTTCCATCGTATCAG	TRUE
AMRU_CQ_GCTTGAAAGCGCTCCA	AMRU_CQ	GCTTGAAAGCGCTCCA	AMRU	SRR11008277	277_GCTTGAAAGCGCTCCA	TRUE
AMRU_CQ_GCTTGAACACAACGTT	AMRU_CQ	GCTTGAACACAACGTT	AMRU	SRR11008277	277_GCTTGAACACAACGTT	TRUE
AMRU_CQ_GCTTGAACATCGGTTA	AMRU_CQ	GCTTGAACATCGGTTA	AMRU	SRR11008277	277_GCTTGAACATCGGTTA	TRUE
AMRU_CQ_GCTTGAAGTATAAACG	AMRU_CQ	GCTTGAAGTATAAACG	AMRU	SRR11008277	277_GCTTGAAGTATAAACG	TRUE
AMRU_CQ_GCTTGAAGTCGAGATG	AMRU_CQ	GCTTGAAGTCGAGATG	AMRU	SRR11008277	277_GCTTGAAGTCGAGATG	TRUE
AMRU_CQ_GCTTGAATCATTGCCC	AMRU_CQ	GCTTGAATCATTGCCC	AMRU	SRR11008277	277_GCTTGAATCATTGCCC	TRUE
AMRU_CQ_GGAAAGCAGCTGTCTA	AMRU_CQ	GGAAAGCAGCTGTCTA	AMRU	SRR11008277	277_GGAAAGCAGCTGTCTA	TRUE
AMRU_CQ_GGAAAGCAGTGTTTGC	AMRU_CQ	GGAAAGCAGTGTTTGC	AMRU	SRR11008277	277_GGAAAGCAGTGTTTGC	TRUE
AMRU_CQ_GGAAAGCCACCGATAT	AMRU_CQ	GGAAAGCCACCGATAT	AMRU	SRR11008277	277_GGAAAGCCACCGATAT	TRUE
AMRU_CQ_GGAAAGCCACTTGGAT	AMRU_CQ	GGAAAGCCACTTGGAT	AMRU	SRR11008277	277_GGAAAGCCACTTGGAT	TRUE
AMRU_CQ_GGAAAGCGTCTTGATG	AMRU_CQ	GGAAAGCGTCTTGATG	AMRU	SRR11008277	277_GGAAAGCGTCTTGATG	TRUE
AMRU_CQ_GGAAAGCGTTATCCGA	AMRU_CQ	GGAAAGCGTTATCCGA	AMRU	SRR11008277	277_GGAAAGCGTTATCCGA	TRUE
AMRU_CQ_GGAAAGCTCCTTGACC	AMRU_CQ	GGAAAGCTCCTTGACC	AMRU	SRR11008277	277_GGAAAGCTCCTTGACC	TRUE
AMRU_CQ_GGAACTTCACGCTTTC	AMRU_CQ	GGAACTTCACGCTTTC	AMRU	SRR11008277	277_GGAACTTCACGCTTTC	TRUE
AMRU_CQ_GGAACTTTCAAACGGG	AMRU_CQ	GGAACTTTCAAACGGG	AMRU	SRR11008277	277_GGAACTTTCAAACGGG	TRUE
AMRU_CQ_GGAACTTTCATGCATG	AMRU_CQ	GGAACTTTCATGCATG	AMRU	SRR11008277	277_GGAACTTTCATGCATG	TRUE
AMRU_CQ_GGAATAAAGGCCGAAT	AMRU_CQ	GGAATAAAGGCCGAAT	AMRU	SRR11008277	277_GGAATAAAGGCCGAAT	TRUE
AMRU_CQ_GGACAAGCATGTAGTC	AMRU_CQ	GGACAAGCATGTAGTC	AMRU	SRR11008277	277_GGACAAGCATGTAGTC	TRUE
AMRU_CQ_GGACAAGGTCACCTAA	AMRU_CQ	GGACAAGGTCACCTAA	AMRU	SRR11008277	277_GGACAAGGTCACCTAA	TRUE
AMRU_CQ_GGACAAGGTTGGGACA	AMRU_CQ	GGACAAGGTTGGGACA	AMRU	SRR11008277	277_GGACAAGGTTGGGACA	TRUE
AMRU_CQ_GGACAAGTCAAGCCTA	AMRU_CQ	GGACAAGTCAAGCCTA	AMRU	SRR11008277	277_GGACAAGTCAAGCCTA	TRUE
AMRU_CQ_GGACAGACAAGCGCTC	AMRU_CQ	GGACAGACAAGCGCTC	AMRU	SRR11008277	277_GGACAGACAAGCGCTC	TRUE
AMRU_CQ_GGACAGACACACAGAG	AMRU_CQ	GGACAGACACACAGAG	AMRU	SRR11008277	277_GGACAGACACACAGAG	TRUE
AMRU_CQ_GGACAGACAGGATCGA	AMRU_CQ	GGACAGACAGGATCGA	AMRU	SRR11008277	277_GGACAGACAGGATCGA	TRUE
AMRU_CQ_GGACAGACATATGAGA	AMRU_CQ	GGACAGACATATGAGA	AMRU	SRR11008277	277_GGACAGACATATGAGA	TRUE
AMRU_CQ_GGACAGAGTTCTGGTA	AMRU_CQ	GGACAGAGTTCTGGTA	AMRU	SRR11008277	277_GGACAGAGTTCTGGTA	TRUE
AMRU_CQ_GGACAGATCCACTGGG	AMRU_CQ	GGACAGATCCACTGGG	AMRU	SRR11008277	277_GGACAGATCCACTGGG	TRUE
AMRU_CQ_GGACATTCAAGAAAGG	AMRU_CQ	GGACATTCAAGAAAGG	AMRU	SRR11008277	277_GGACATTCAAGAAAGG	TRUE
AMRU_CQ_GGACATTCACAGGAGT	AMRU_CQ	GGACATTCACAGGAGT	AMRU	SRR11008277	277_GGACATTCACAGGAGT	TRUE
AMRU_CQ_GGACATTCAGACGCCT	AMRU_CQ	GGACATTCAGACGCCT	AMRU	SRR11008277	277_GGACATTCAGACGCCT	TRUE
AMRU_CQ_GGACATTGTTCAACCA	AMRU_CQ	GGACATTGTTCAACCA	AMRU	SRR11008277	277_GGACATTGTTCAACCA	TRUE
AMRU_CQ_GGACGTCAGCGGCTTC	AMRU_CQ	GGACGTCAGCGGCTTC	AMRU	SRR11008277	277_GGACGTCAGCGGCTTC	TRUE
AMRU_CQ_GGACGTCAGGCCGAAT	AMRU_CQ	GGACGTCAGGCCGAAT	AMRU	SRR11008277	277_GGACGTCAGGCCGAAT	TRUE
AMRU_CQ_GGACGTCCAGCGTAAG	AMRU_CQ	GGACGTCCAGCGTAAG	AMRU	SRR11008277	277_GGACGTCCAGCGTAAG	TRUE
AMRU_CQ_GGACGTCTCACGAAGG	AMRU_CQ	GGACGTCTCACGAAGG	AMRU	SRR11008277	277_GGACGTCTCACGAAGG	TRUE
AMRU_CQ_GGACGTCTCACTATTC	AMRU_CQ	GGACGTCTCACTATTC	AMRU	SRR11008277	277_GGACGTCTCACTATTC	TRUE
AMRU_CQ_GGACGTCTCAGTGCAT	AMRU_CQ	GGACGTCTCAGTGCAT	AMRU	SRR11008277	277_GGACGTCTCAGTGCAT	TRUE
AMRU_CQ_GGACGTCTCCAAACTG	AMRU_CQ	GGACGTCTCCAAACTG	AMRU	SRR11008277	277_GGACGTCTCCAAACTG	TRUE
AMRU_CQ_GGAGCAAAGGTCGGAT	AMRU_CQ	GGAGCAAAGGTCGGAT	AMRU	SRR11008277	277_GGAGCAAAGGTCGGAT	TRUE
AMRU_CQ_GGAGCAAGTTGGAGGT	AMRU_CQ	GGAGCAAGTTGGAGGT	AMRU	SRR11008277	277_GGAGCAAGTTGGAGGT	TRUE
AMRU_CQ_GGAGCAATCTCGATGA	AMRU_CQ	GGAGCAATCTCGATGA	AMRU	SRR11008277	277_GGAGCAATCTCGATGA	TRUE
AMRU_CQ_GGATGTTAGTCAAGCG	AMRU_CQ	GGATGTTAGTCAAGCG	AMRU	SRR11008277	277_GGATGTTAGTCAAGCG	TRUE
AMRU_CQ_GGATGTTTCCAGATCA	AMRU_CQ	GGATGTTTCCAGATCA	AMRU	SRR11008277	277_GGATGTTTCCAGATCA	TRUE
AMRU_CQ_GGATGTTTCTCAAGTG	AMRU_CQ	GGATGTTTCTCAAGTG	AMRU	SRR11008277	277_GGATGTTTCTCAAGTG	TRUE
AMRU_CQ_GGATTACGTAAGGGAA	AMRU_CQ	GGATTACGTAAGGGAA	AMRU	SRR11008277	277_GGATTACGTAAGGGAA	TRUE
AMRU_CQ_GGATTACTCACATACG	AMRU_CQ	GGATTACTCACATACG	AMRU	SRR11008277	277_GGATTACTCACATACG	TRUE
AMRU_CQ_GGATTACTCCTCAACC	AMRU_CQ	GGATTACTCCTCAACC	AMRU	SRR11008277	277_GGATTACTCCTCAACC	TRUE
AMRU_CQ_GGCAATTAGGCAAAGA	AMRU_CQ	GGCAATTAGGCAAAGA	AMRU	SRR11008277	277_GGCAATTAGGCAAAGA	TRUE
AMRU_CQ_GGCAATTAGTGCGTGA	AMRU_CQ	GGCAATTAGTGCGTGA	AMRU	SRR11008277	277_GGCAATTAGTGCGTGA	TRUE
AMRU_CQ_GGCAATTTCAGCTCGG	AMRU_CQ	GGCAATTTCAGCTCGG	AMRU	SRR11008277	277_GGCAATTTCAGCTCGG	TRUE
AMRU_CQ_GGCAATTTCTCGGACG	AMRU_CQ	GGCAATTTCTCGGACG	AMRU	SRR11008277	277_GGCAATTTCTCGGACG	TRUE
AMRU_CQ_GGCCGATAGCGCCTCA	AMRU_CQ	GGCCGATAGCGCCTCA	AMRU	SRR11008277	277_GGCCGATAGCGCCTCA	TRUE
AMRU_CQ_GGCCGATAGCTGCCCA	AMRU_CQ	GGCCGATAGCTGCCCA	AMRU	SRR11008277	277_GGCCGATAGCTGCCCA	TRUE
AMRU_CQ_GGCCGATCAAGAAGAG	AMRU_CQ	GGCCGATCAAGAAGAG	AMRU	SRR11008277	277_GGCCGATCAAGAAGAG	TRUE
AMRU_CQ_GGCCGATCACTGTCGG	AMRU_CQ	GGCCGATCACTGTCGG	AMRU	SRR11008277	277_GGCCGATCACTGTCGG	TRUE
AMRU_CQ_GGCCGATGTCAGGACA	AMRU_CQ	GGCCGATGTCAGGACA	AMRU	SRR11008277	277_GGCCGATGTCAGGACA	TRUE
AMRU_CQ_GGCGACTAGAGTGAGA	AMRU_CQ	GGCGACTAGAGTGAGA	AMRU	SRR11008277	277_GGCGACTAGAGTGAGA	TRUE
AMRU_CQ_GGCGACTCACCACCAG	AMRU_CQ	GGCGACTCACCACCAG	AMRU	SRR11008277	277_GGCGACTCACCACCAG	TRUE
AMRU_CQ_GGCGACTGTGAAGGCT	AMRU_CQ	GGCGACTGTGAAGGCT	AMRU	SRR11008277	277_GGCGACTGTGAAGGCT	TRUE
AMRU_CQ_GGCGACTGTTCGTTGA	AMRU_CQ	GGCGACTGTTCGTTGA	AMRU	SRR11008277	277_GGCGACTGTTCGTTGA	TRUE
AMRU_CQ_GGCGACTTCAACCATG	AMRU_CQ	GGCGACTTCAACCATG	AMRU	SRR11008277	277_GGCGACTTCAACCATG	TRUE
AMRU_CQ_GGCGACTTCCAAACTG	AMRU_CQ	GGCGACTTCCAAACTG	AMRU	SRR11008277	277_GGCGACTTCCAAACTG	TRUE
AMRU_CQ_GGCGACTTCGCCCTTA	AMRU_CQ	GGCGACTTCGCCCTTA	AMRU	SRR11008277	277_GGCGACTTCGCCCTTA	TRUE
AMRU_CQ_GGCGTGTGTACTTGAC	AMRU_CQ	GGCGTGTGTACTTGAC	AMRU	SRR11008277	277_GGCGTGTGTACTTGAC	TRUE
AMRU_CQ_GGCTCGAAGCAACGGT	AMRU_CQ	GGCTCGAAGCAACGGT	AMRU	SRR11008277	277_GGCTCGAAGCAACGGT	TRUE
AMRU_CQ_GGCTCGAAGCGATAGC	AMRU_CQ	GGCTCGAAGCGATAGC	AMRU	SRR11008277	277_GGCTCGAAGCGATAGC	TRUE
AMRU_CQ_GGCTCGACAAAGAATC	AMRU_CQ	GGCTCGACAAAGAATC	AMRU	SRR11008277	277_GGCTCGACAAAGAATC	TRUE
AMRU_CQ_GGCTCGACAAGCCGTC	AMRU_CQ	GGCTCGACAAGCCGTC	AMRU	SRR11008277	277_GGCTCGACAAGCCGTC	TRUE
AMRU_CQ_GGCTCGACACCAGGTC	AMRU_CQ	GGCTCGACACCAGGTC	AMRU	SRR11008277	277_GGCTCGACACCAGGTC	TRUE
AMRU_CQ_GGCTCGAGTAATTGGA	AMRU_CQ	GGCTCGAGTAATTGGA	AMRU	SRR11008277	277_GGCTCGAGTAATTGGA	TRUE
AMRU_CQ_GGCTCGAGTCTGGTCG	AMRU_CQ	GGCTCGAGTCTGGTCG	AMRU	SRR11008277	277_GGCTCGAGTCTGGTCG	TRUE
AMRU_CQ_GGCTCGATCCGTCAAA	AMRU_CQ	GGCTCGATCCGTCAAA	AMRU	SRR11008277	277_GGCTCGATCCGTCAAA	TRUE
AMRU_CQ_GGCTGGTAGCTCCTCT	AMRU_CQ	GGCTGGTAGCTCCTCT	AMRU	SRR11008277	277_GGCTGGTAGCTCCTCT	TRUE
AMRU_CQ_GGCTGGTCATTCCTCG	AMRU_CQ	GGCTGGTCATTCCTCG	AMRU	SRR11008277	277_GGCTGGTCATTCCTCG	TRUE
AMRU_CQ_GGGACCTAGATACACA	AMRU_CQ	GGGACCTAGATACACA	AMRU	SRR11008277	277_GGGACCTAGATACACA	TRUE
AMRU_CQ_GGGACCTCAGCCTTGG	AMRU_CQ	GGGACCTCAGCCTTGG	AMRU	SRR11008277	277_GGGACCTCAGCCTTGG	TRUE
AMRU_CQ_GGGACCTCAGCTGCTG	AMRU_CQ	GGGACCTCAGCTGCTG	AMRU	SRR11008277	277_GGGACCTCAGCTGCTG	TRUE
AMRU_CQ_GGGACCTGTCTAGTGT	AMRU_CQ	GGGACCTGTCTAGTGT	AMRU	SRR11008277	277_GGGACCTGTCTAGTGT	TRUE
AMRU_CQ_GGGACCTTCAGCACAT	AMRU_CQ	GGGACCTTCAGCACAT	AMRU	SRR11008277	277_GGGACCTTCAGCACAT	TRUE
AMRU_CQ_GGGAGATGTTATCCGA	AMRU_CQ	GGGAGATGTTATCCGA	AMRU	SRR11008277	277_GGGAGATGTTATCCGA	TRUE
AMRU_CQ_GGGAGATTCGACCAGC	AMRU_CQ	GGGAGATTCGACCAGC	AMRU	SRR11008277	277_GGGAGATTCGACCAGC	TRUE
AMRU_CQ_GGGATGACAAGTCATC	AMRU_CQ	GGGATGACAAGTCATC	AMRU	SRR11008277	277_GGGATGACAAGTCATC	TRUE
AMRU_CQ_GGGATGACATCAGTCA	AMRU_CQ	GGGATGACATCAGTCA	AMRU	SRR11008277	277_GGGATGACATCAGTCA	TRUE
AMRU_CQ_GGGATGAGTAGATTAG	AMRU_CQ	GGGATGAGTAGATTAG	AMRU	SRR11008277	277_GGGATGAGTAGATTAG	TRUE
AMRU_CQ_GGGCACTTCTAGCACA	AMRU_CQ	GGGCACTTCTAGCACA	AMRU	SRR11008277	277_GGGCACTTCTAGCACA	TRUE
AMRU_CQ_GGGCATCAGGCCGAAT	AMRU_CQ	GGGCATCAGGCCGAAT	AMRU	SRR11008277	277_GGGCATCAGGCCGAAT	TRUE
AMRU_CQ_GGGCATCGTAAGAGAG	AMRU_CQ	GGGCATCGTAAGAGAG	AMRU	SRR11008277	277_GGGCATCGTAAGAGAG	TRUE
AMRU_CQ_GGGCATCTCACATAGC	AMRU_CQ	GGGCATCTCACATAGC	AMRU	SRR11008277	277_GGGCATCTCACATAGC	TRUE
AMRU_CQ_GGGCATCTCCCACTTG	AMRU_CQ	GGGCATCTCCCACTTG	AMRU	SRR11008277	277_GGGCATCTCCCACTTG	TRUE
AMRU_CQ_GGGCATCTCGTCGTTC	AMRU_CQ	GGGCATCTCGTCGTTC	AMRU	SRR11008277	277_GGGCATCTCGTCGTTC	TRUE
AMRU_CQ_GGGTCTGCACAACGTT	AMRU_CQ	GGGTCTGCACAACGTT	AMRU	SRR11008277	277_GGGTCTGCACAACGTT	TRUE
AMRU_CQ_GGGTTGCCAGCCACCA	AMRU_CQ	GGGTTGCCAGCCACCA	AMRU	SRR11008277	277_GGGTTGCCAGCCACCA	TRUE
AMRU_CQ_GGGTTGCCAGCCAGAA	AMRU_CQ	GGGTTGCCAGCCAGAA	AMRU	SRR11008277	277_GGGTTGCCAGCCAGAA	TRUE
AMRU_CQ_GGGTTGCCAGCTGCAC	AMRU_CQ	GGGTTGCCAGCTGCAC	AMRU	SRR11008277	277_GGGTTGCCAGCTGCAC	TRUE
AMRU_CQ_GGGTTGCGTAGGCATG	AMRU_CQ	GGGTTGCGTAGGCATG	AMRU	SRR11008277	277_GGGTTGCGTAGGCATG	TRUE
AMRU_CQ_GGGTTGCGTGCCTGCA	AMRU_CQ	GGGTTGCGTGCCTGCA	AMRU	SRR11008277	277_GGGTTGCGTGCCTGCA	TRUE
AMRU_CQ_GGTATTGAGATAGTCA	AMRU_CQ	GGTATTGAGATAGTCA	AMRU	SRR11008277	277_GGTATTGAGATAGTCA	TRUE
AMRU_CQ_GGTATTGCACAGGCCT	AMRU_CQ	GGTATTGCACAGGCCT	AMRU	SRR11008277	277_GGTATTGCACAGGCCT	TRUE
AMRU_CQ_GGTATTGGTCCATCCT	AMRU_CQ	GGTATTGGTCCATCCT	AMRU	SRR11008277	277_GGTATTGGTCCATCCT	TRUE
AMRU_CQ_GGTATTGTCGTCCAGG	AMRU_CQ	GGTATTGTCGTCCAGG	AMRU	SRR11008277	277_GGTATTGTCGTCCAGG	TRUE
AMRU_CQ_GGTGAAGAGATGGGTC	AMRU_CQ	GGTGAAGAGATGGGTC	AMRU	SRR11008277	277_GGTGAAGAGATGGGTC	TRUE
AMRU_CQ_GGTGAAGAGCTTCGCG	AMRU_CQ	GGTGAAGAGCTTCGCG	AMRU	SRR11008277	277_GGTGAAGAGCTTCGCG	TRUE
AMRU_CQ_GGTGAAGCAGACGCCT	AMRU_CQ	GGTGAAGCAGACGCCT	AMRU	SRR11008277	277_GGTGAAGCAGACGCCT	TRUE
AMRU_CQ_GGTGAAGGTCGAGATG	AMRU_CQ	GGTGAAGGTCGAGATG	AMRU	SRR11008277	277_GGTGAAGGTCGAGATG	TRUE
AMRU_CQ_GGTGAAGTCGCAAGCC	AMRU_CQ	GGTGAAGTCGCAAGCC	AMRU	SRR11008277	277_GGTGAAGTCGCAAGCC	TRUE
AMRU_CQ_GGTGCGTAGACAATAC	AMRU_CQ	GGTGCGTAGACAATAC	AMRU	SRR11008277	277_GGTGCGTAGACAATAC	TRUE
AMRU_CQ_GGTGCGTAGAGTGAGA	AMRU_CQ	GGTGCGTAGAGTGAGA	AMRU	SRR11008277	277_GGTGCGTAGAGTGAGA	TRUE
AMRU_CQ_GGTGCGTCATAGAAAC	AMRU_CQ	GGTGCGTCATAGAAAC	AMRU	SRR11008277	277_GGTGCGTCATAGAAAC	TRUE
AMRU_CQ_GGTGCGTGTCAGGACA	AMRU_CQ	GGTGCGTGTCAGGACA	AMRU	SRR11008277	277_GGTGCGTGTCAGGACA	TRUE
AMRU_CQ_GGTGCGTTCCAAATGC	AMRU_CQ	GGTGCGTTCCAAATGC	AMRU	SRR11008277	277_GGTGCGTTCCAAATGC	TRUE
AMRU_CQ_GGTGTTACAGATCTGT	AMRU_CQ	GGTGTTACAGATCTGT	AMRU	SRR11008277	277_GGTGTTACAGATCTGT	TRUE
AMRU_CQ_GGTGTTAGTGGTAACG	AMRU_CQ	GGTGTTAGTGGTAACG	AMRU	SRR11008277	277_GGTGTTAGTGGTAACG	TRUE
AMRU_CQ_GTAACGTCAAGTCTGT	AMRU_CQ	GTAACGTCAAGTCTGT	AMRU	SRR11008277	277_GTAACGTCAAGTCTGT	TRUE
AMRU_CQ_GTAACGTCACTTGGAT	AMRU_CQ	GTAACGTCACTTGGAT	AMRU	SRR11008277	277_GTAACGTCACTTGGAT	TRUE
AMRU_CQ_GTAACGTCATTGCGGC	AMRU_CQ	GTAACGTCATTGCGGC	AMRU	SRR11008277	277_GTAACGTCATTGCGGC	TRUE
AMRU_CQ_GTAACGTTCACCGGGT	AMRU_CQ	GTAACGTTCACCGGGT	AMRU	SRR11008277	277_GTAACGTTCACCGGGT	TRUE
AMRU_CQ_GTAACGTTCCGAGCCA	AMRU_CQ	GTAACGTTCCGAGCCA	AMRU	SRR11008277	277_GTAACGTTCCGAGCCA	TRUE
AMRU_CQ_GTAACGTTCTGTCCGT	AMRU_CQ	GTAACGTTCTGTCCGT	AMRU	SRR11008277	277_GTAACGTTCTGTCCGT	TRUE
AMRU_CQ_GTAACTGCAGTCAGCC	AMRU_CQ	GTAACTGCAGTCAGCC	AMRU	SRR11008277	277_GTAACTGCAGTCAGCC	TRUE
AMRU_CQ_GTAACTGCATACGCCG	AMRU_CQ	GTAACTGCATACGCCG	AMRU	SRR11008277	277_GTAACTGCATACGCCG	TRUE
AMRU_CQ_GTAACTGCATTAGCCA	AMRU_CQ	GTAACTGCATTAGCCA	AMRU	SRR11008277	277_GTAACTGCATTAGCCA	TRUE
AMRU_CQ_GTAACTGGTCTAGAGG	AMRU_CQ	GTAACTGGTCTAGAGG	AMRU	SRR11008277	277_GTAACTGGTCTAGAGG	TRUE
AMRU_CQ_GTAACTGGTGGCGAAT	AMRU_CQ	GTAACTGGTGGCGAAT	AMRU	SRR11008277	277_GTAACTGGTGGCGAAT	TRUE
AMRU_CQ_GTACGTAAGAACAACT	AMRU_CQ	GTACGTAAGAACAACT	AMRU	SRR11008277	277_GTACGTAAGAACAACT	TRUE
AMRU_CQ_GTACGTATCAACCATG	AMRU_CQ	GTACGTATCAACCATG	AMRU	SRR11008277	277_GTACGTATCAACCATG	TRUE
AMRU_CQ_GTACTCCAGGTGATAT	AMRU_CQ	GTACTCCAGGTGATAT	AMRU	SRR11008277	277_GTACTCCAGGTGATAT	TRUE
AMRU_CQ_GTACTCCGTGGACGAT	AMRU_CQ	GTACTCCGTGGACGAT	AMRU	SRR11008277	277_GTACTCCGTGGACGAT	TRUE
AMRU_CQ_GTACTCCGTGTGACGA	AMRU_CQ	GTACTCCGTGTGACGA	AMRU	SRR11008277	277_GTACTCCGTGTGACGA	TRUE
AMRU_CQ_GTACTCCTCCAGATCA	AMRU_CQ	GTACTCCTCCAGATCA	AMRU	SRR11008277	277_GTACTCCTCCAGATCA	TRUE
AMRU_CQ_GTACTTTAGTTTCCTT	AMRU_CQ	GTACTTTAGTTTCCTT	AMRU	SRR11008277	277_GTACTTTAGTTTCCTT	TRUE
AMRU_CQ_GTACTTTGTGTCAATC	AMRU_CQ	GTACTTTGTGTCAATC	AMRU	SRR11008277	277_GTACTTTGTGTCAATC	TRUE
AMRU_CQ_GTACTTTTCCCTGACT	AMRU_CQ	GTACTTTTCCCTGACT	AMRU	SRR11008277	277_GTACTTTTCCCTGACT	TRUE
AMRU_CQ_GTAGGCCAGTACGCCC	AMRU_CQ	GTAGGCCAGTACGCCC	AMRU	SRR11008277	277_GTAGGCCAGTACGCCC	TRUE
AMRU_CQ_GTAGGCCCAACGATCT	AMRU_CQ	GTAGGCCCAACGATCT	AMRU	SRR11008277	277_GTAGGCCCAACGATCT	TRUE
AMRU_CQ_GTAGGCCCAGTGACAG	AMRU_CQ	GTAGGCCCAGTGACAG	AMRU	SRR11008277	277_GTAGGCCCAGTGACAG	TRUE
AMRU_CQ_GTAGTCACAAGACACG	AMRU_CQ	GTAGTCACAAGACACG	AMRU	SRR11008277	277_GTAGTCACAAGACACG	TRUE
AMRU_CQ_GTAGTCAGTAGCGTCC	AMRU_CQ	GTAGTCAGTAGCGTCC	AMRU	SRR11008277	277_GTAGTCAGTAGCGTCC	TRUE
AMRU_CQ_GTAGTCAGTTGAGGTG	AMRU_CQ	GTAGTCAGTTGAGGTG	AMRU	SRR11008277	277_GTAGTCAGTTGAGGTG	TRUE
AMRU_CQ_GTAGTCATCAGTCAGT	AMRU_CQ	GTAGTCATCAGTCAGT	AMRU	SRR11008277	277_GTAGTCATCAGTCAGT	TRUE
AMRU_CQ_GTATCTTAGGATGGTC	AMRU_CQ	GTATCTTAGGATGGTC	AMRU	SRR11008277	277_GTATCTTAGGATGGTC	TRUE
AMRU_CQ_GTATCTTAGGGTATCG	AMRU_CQ	GTATCTTAGGGTATCG	AMRU	SRR11008277	277_GTATCTTAGGGTATCG	TRUE
AMRU_CQ_GTATCTTAGTGTTTGC	AMRU_CQ	GTATCTTAGTGTTTGC	AMRU	SRR11008277	277_GTATCTTAGTGTTTGC	TRUE
AMRU_CQ_GTATCTTCAAGACGTG	AMRU_CQ	GTATCTTCAAGACGTG	AMRU	SRR11008277	277_GTATCTTCAAGACGTG	TRUE
AMRU_CQ_GTATCTTCACACCGAC	AMRU_CQ	GTATCTTCACACCGAC	AMRU	SRR11008277	277_GTATCTTCACACCGAC	TRUE
AMRU_CQ_GTATCTTGTCTCTCTG	AMRU_CQ	GTATCTTGTCTCTCTG	AMRU	SRR11008277	277_GTATCTTGTCTCTCTG	TRUE
AMRU_CQ_GTATCTTTCAGCTCTC	AMRU_CQ	GTATCTTTCAGCTCTC	AMRU	SRR11008277	277_GTATCTTTCAGCTCTC	TRUE
AMRU_CQ_GTATCTTTCATTATCC	AMRU_CQ	GTATCTTTCATTATCC	AMRU	SRR11008277	277_GTATCTTTCATTATCC	TRUE
AMRU_CQ_GTATCTTTCGGTGTTA	AMRU_CQ	GTATCTTTCGGTGTTA	AMRU	SRR11008277	277_GTATCTTTCGGTGTTA	TRUE
AMRU_CQ_GTATTCTAGCTCAACT	AMRU_CQ	GTATTCTAGCTCAACT	AMRU	SRR11008277	277_GTATTCTAGCTCAACT	TRUE
AMRU_CQ_GTATTCTAGGCCCGTT	AMRU_CQ	GTATTCTAGGCCCGTT	AMRU	SRR11008277	277_GTATTCTAGGCCCGTT	TRUE
AMRU_CQ_GTATTCTCAGATCTGT	AMRU_CQ	GTATTCTCAGATCTGT	AMRU	SRR11008277	277_GTATTCTCAGATCTGT	TRUE
AMRU_CQ_GTCAAGTAGAAACCTA	AMRU_CQ	GTCAAGTAGAAACCTA	AMRU	SRR11008277	277_GTCAAGTAGAAACCTA	TRUE
AMRU_CQ_GTCAAGTAGAGCTGGT	AMRU_CQ	GTCAAGTAGAGCTGGT	AMRU	SRR11008277	277_GTCAAGTAGAGCTGGT	TRUE
AMRU_CQ_GTCAAGTCAGTCGATT	AMRU_CQ	GTCAAGTCAGTCGATT	AMRU	SRR11008277	277_GTCAAGTCAGTCGATT	TRUE
AMRU_CQ_GTCAAGTGTATGAATG	AMRU_CQ	GTCAAGTGTATGAATG	AMRU	SRR11008277	277_GTCAAGTGTATGAATG	TRUE
AMRU_CQ_GTCAAGTTCCGCAGTG	AMRU_CQ	GTCAAGTTCCGCAGTG	AMRU	SRR11008277	277_GTCAAGTTCCGCAGTG	TRUE
AMRU_CQ_GTCACAATCAGGATCT	AMRU_CQ	GTCACAATCAGGATCT	AMRU	SRR11008277	277_GTCACAATCAGGATCT	TRUE
AMRU_CQ_GTCACAATCCAGAGGA	AMRU_CQ	GTCACAATCCAGAGGA	AMRU	SRR11008277	277_GTCACAATCCAGAGGA	TRUE
AMRU_CQ_GTCACAATCCCATTAT	AMRU_CQ	GTCACAATCCCATTAT	AMRU	SRR11008277	277_GTCACAATCCCATTAT	TRUE
AMRU_CQ_GTCACGGAGCTGAACG	AMRU_CQ	GTCACGGAGCTGAACG	AMRU	SRR11008277	277_GTCACGGAGCTGAACG	TRUE
AMRU_CQ_GTCATTTCAAACTGCT	AMRU_CQ	GTCATTTCAAACTGCT	AMRU	SRR11008277	277_GTCATTTCAAACTGCT	TRUE
AMRU_CQ_GTCATTTGTCGCGTGT	AMRU_CQ	GTCATTTGTCGCGTGT	AMRU	SRR11008277	277_GTCATTTGTCGCGTGT	TRUE
AMRU_CQ_GTCCTCAAGGTCGGAT	AMRU_CQ	GTCCTCAAGGTCGGAT	AMRU	SRR11008277	277_GTCCTCAAGGTCGGAT	TRUE
AMRU_CQ_GTCGGGTGTAGCCTCG	AMRU_CQ	GTCGGGTGTAGCCTCG	AMRU	SRR11008277	277_GTCGGGTGTAGCCTCG	TRUE
AMRU_CQ_GTCGGGTGTGCCTTGG	AMRU_CQ	GTCGGGTGTGCCTTGG	AMRU	SRR11008277	277_GTCGGGTGTGCCTTGG	TRUE
AMRU_CQ_GTCGTAAAGTGGTAAT	AMRU_CQ	GTCGTAAAGTGGTAAT	AMRU	SRR11008277	277_GTCGTAAAGTGGTAAT	TRUE
AMRU_CQ_GTCGTAACATCCTTGC	AMRU_CQ	GTCGTAACATCCTTGC	AMRU	SRR11008277	277_GTCGTAACATCCTTGC	TRUE
AMRU_CQ_GTCGTAATCAACACTG	AMRU_CQ	GTCGTAATCAACACTG	AMRU	SRR11008277	277_GTCGTAATCAACACTG	TRUE
AMRU_CQ_GTCTCGTAGATGTCGG	AMRU_CQ	GTCTCGTAGATGTCGG	AMRU	SRR11008277	277_GTCTCGTAGATGTCGG	TRUE
AMRU_CQ_GTCTCGTAGGATGGAA	AMRU_CQ	GTCTCGTAGGATGGAA	AMRU	SRR11008277	277_GTCTCGTAGGATGGAA	TRUE
AMRU_CQ_GTCTCGTCAATAAGCA	AMRU_CQ	GTCTCGTCAATAAGCA	AMRU	SRR11008277	277_GTCTCGTCAATAAGCA	TRUE
AMRU_CQ_GTCTCGTCATACGCCG	AMRU_CQ	GTCTCGTCATACGCCG	AMRU	SRR11008277	277_GTCTCGTCATACGCCG	TRUE
AMRU_CQ_GTCTCGTTCAGAGACG	AMRU_CQ	GTCTCGTTCAGAGACG	AMRU	SRR11008277	277_GTCTCGTTCAGAGACG	TRUE
AMRU_CQ_GTCTTCGAGAAGATTC	AMRU_CQ	GTCTTCGAGAAGATTC	AMRU	SRR11008277	277_GTCTTCGAGAAGATTC	TRUE
AMRU_CQ_GTCTTCGAGCGATATA	AMRU_CQ	GTCTTCGAGCGATATA	AMRU	SRR11008277	277_GTCTTCGAGCGATATA	TRUE
AMRU_CQ_GTCTTCGAGGGCTTCC	AMRU_CQ	GTCTTCGAGGGCTTCC	AMRU	SRR11008277	277_GTCTTCGAGGGCTTCC	TRUE
AMRU_CQ_GTCTTCGAGGTGATAT	AMRU_CQ	GTCTTCGAGGTGATAT	AMRU	SRR11008277	277_GTCTTCGAGGTGATAT	TRUE
AMRU_CQ_GTCTTCGGTTATGTGC	AMRU_CQ	GTCTTCGGTTATGTGC	AMRU	SRR11008277	277_GTCTTCGGTTATGTGC	TRUE
AMRU_CQ_GTGAAGGAGTGACATA	AMRU_CQ	GTGAAGGAGTGACATA	AMRU	SRR11008277	277_GTGAAGGAGTGACATA	TRUE
AMRU_CQ_GTGAAGGCAACACCCG	AMRU_CQ	GTGAAGGCAACACCCG	AMRU	SRR11008277	277_GTGAAGGCAACACCCG	TRUE
AMRU_CQ_GTGAAGGGTTTACTCT	AMRU_CQ	GTGAAGGGTTTACTCT	AMRU	SRR11008277	277_GTGAAGGGTTTACTCT	TRUE
AMRU_CQ_GTGCAGCCACACAGAG	AMRU_CQ	GTGCAGCCACACAGAG	AMRU	SRR11008277	277_GTGCAGCCACACAGAG	TRUE
AMRU_CQ_GTGCATACAGAAGCAC	AMRU_CQ	GTGCATACAGAAGCAC	AMRU	SRR11008277	277_GTGCATACAGAAGCAC	TRUE
AMRU_CQ_GTGCATATCTACGAGT	AMRU_CQ	GTGCATATCTACGAGT	AMRU	SRR11008277	277_GTGCATATCTACGAGT	TRUE
AMRU_CQ_GTGCGGTAGCAATCTC	AMRU_CQ	GTGCGGTAGCAATCTC	AMRU	SRR11008277	277_GTGCGGTAGCAATCTC	TRUE
AMRU_CQ_GTGCGGTCACTAAGTC	AMRU_CQ	GTGCGGTCACTAAGTC	AMRU	SRR11008277	277_GTGCGGTCACTAAGTC	TRUE
AMRU_CQ_GTGCTTCAGGCCGAAT	AMRU_CQ	GTGCTTCAGGCCGAAT	AMRU	SRR11008277	277_GTGCTTCAGGCCGAAT	TRUE
AMRU_CQ_GTGCTTCAGTAGCCGA	AMRU_CQ	GTGCTTCAGTAGCCGA	AMRU	SRR11008277	277_GTGCTTCAGTAGCCGA	TRUE
AMRU_CQ_GTGCTTCCAACTTGAC	AMRU_CQ	GTGCTTCCAACTTGAC	AMRU	SRR11008277	277_GTGCTTCCAACTTGAC	TRUE
AMRU_CQ_GTGCTTCCACATCTTT	AMRU_CQ	GTGCTTCCACATCTTT	AMRU	SRR11008277	277_GTGCTTCCACATCTTT	TRUE
AMRU_CQ_GTGCTTCCATACGCCG	AMRU_CQ	GTGCTTCCATACGCCG	AMRU	SRR11008277	277_GTGCTTCCATACGCCG	TRUE
AMRU_CQ_GTGCTTCGTTAAGACA	AMRU_CQ	GTGCTTCGTTAAGACA	AMRU	SRR11008277	277_GTGCTTCGTTAAGACA	TRUE
AMRU_CQ_GTGGGTCGTAAGCACG	AMRU_CQ	GTGGGTCGTAAGCACG	AMRU	SRR11008277	277_GTGGGTCGTAAGCACG	TRUE
AMRU_CQ_GTGGGTCTCCTAGGGC	AMRU_CQ	GTGGGTCTCCTAGGGC	AMRU	SRR11008277	277_GTGGGTCTCCTAGGGC	TRUE
AMRU_CQ_GTGGGTCTCGTTTGCC	AMRU_CQ	GTGGGTCTCGTTTGCC	AMRU	SRR11008277	277_GTGGGTCTCGTTTGCC	TRUE
AMRU_CQ_GTGTGCGCAGGTCGTC	AMRU_CQ	GTGTGCGCAGGTCGTC	AMRU	SRR11008277	277_GTGTGCGCAGGTCGTC	TRUE
AMRU_CQ_GTGTGCGTCGTTTATC	AMRU_CQ	GTGTGCGTCGTTTATC	AMRU	SRR11008277	277_GTGTGCGTCGTTTATC	TRUE
AMRU_CQ_GTGTTAGAGCGAAGGG	AMRU_CQ	GTGTTAGAGCGAAGGG	AMRU	SRR11008277	277_GTGTTAGAGCGAAGGG	TRUE
AMRU_CQ_GTGTTAGCACTCAGGC	AMRU_CQ	GTGTTAGCACTCAGGC	AMRU	SRR11008277	277_GTGTTAGCACTCAGGC	TRUE
AMRU_CQ_GTGTTAGCAGCTGCAC	AMRU_CQ	GTGTTAGCAGCTGCAC	AMRU	SRR11008277	277_GTGTTAGCAGCTGCAC	TRUE
AMRU_CQ_GTGTTAGCATCCGCGA	AMRU_CQ	GTGTTAGCATCCGCGA	AMRU	SRR11008277	277_GTGTTAGCATCCGCGA	TRUE
AMRU_CQ_GTGTTAGTCCGATATG	AMRU_CQ	GTGTTAGTCCGATATG	AMRU	SRR11008277	277_GTGTTAGTCCGATATG	TRUE
AMRU_CQ_GTTAAGCAGATGCCTT	AMRU_CQ	GTTAAGCAGATGCCTT	AMRU	SRR11008277	277_GTTAAGCAGATGCCTT	TRUE
AMRU_CQ_GTTAAGCCAGAGTGTG	AMRU_CQ	GTTAAGCCAGAGTGTG	AMRU	SRR11008277	277_GTTAAGCCAGAGTGTG	TRUE
AMRU_CQ_GTTAAGCCATGTTCCC	AMRU_CQ	GTTAAGCCATGTTCCC	AMRU	SRR11008277	277_GTTAAGCCATGTTCCC	TRUE
AMRU_CQ_GTTAAGCGTAGCGTAG	AMRU_CQ	GTTAAGCGTAGCGTAG	AMRU	SRR11008277	277_GTTAAGCGTAGCGTAG	TRUE
AMRU_CQ_GTTAAGCTCTTACCGC	AMRU_CQ	GTTAAGCTCTTACCGC	AMRU	SRR11008277	277_GTTAAGCTCTTACCGC	TRUE
AMRU_CQ_GTTCATTAGCCTCGTG	AMRU_CQ	GTTCATTAGCCTCGTG	AMRU	SRR11008277	277_GTTCATTAGCCTCGTG	TRUE
AMRU_CQ_GTTCATTAGTATCTCG	AMRU_CQ	GTTCATTAGTATCTCG	AMRU	SRR11008277	277_GTTCATTAGTATCTCG	TRUE
AMRU_CQ_GTTCATTCATTTCAGG	AMRU_CQ	GTTCATTCATTTCAGG	AMRU	SRR11008277	277_GTTCATTCATTTCAGG	TRUE
AMRU_CQ_GTTCATTGTCATATGC	AMRU_CQ	GTTCATTGTCATATGC	AMRU	SRR11008277	277_GTTCATTGTCATATGC	TRUE
AMRU_CQ_GTTCGGGAGAAGGGTA	AMRU_CQ	GTTCGGGAGAAGGGTA	AMRU	SRR11008277	277_GTTCGGGAGAAGGGTA	TRUE
AMRU_CQ_GTTCGGGGTAAGGGCT	AMRU_CQ	GTTCGGGGTAAGGGCT	AMRU	SRR11008277	277_GTTCGGGGTAAGGGCT	TRUE
AMRU_CQ_GTTCGGGGTATTACCG	AMRU_CQ	GTTCGGGGTATTACCG	AMRU	SRR11008277	277_GTTCGGGGTATTACCG	TRUE
AMRU_CQ_GTTCGGGTCACTTCAT	AMRU_CQ	GTTCGGGTCACTTCAT	AMRU	SRR11008277	277_GTTCGGGTCACTTCAT	TRUE
AMRU_CQ_GTTCTCGAGCTGAAAT	AMRU_CQ	GTTCTCGAGCTGAAAT	AMRU	SRR11008277	277_GTTCTCGAGCTGAAAT	TRUE
AMRU_CQ_GTTCTCGCAATGCCAT	AMRU_CQ	GTTCTCGCAATGCCAT	AMRU	SRR11008277	277_GTTCTCGCAATGCCAT	TRUE
AMRU_CQ_GTTCTCGCATTTCACT	AMRU_CQ	GTTCTCGCATTTCACT	AMRU	SRR11008277	277_GTTCTCGCATTTCACT	TRUE
AMRU_CQ_GTTCTCGGTTATGCGT	AMRU_CQ	GTTCTCGGTTATGCGT	AMRU	SRR11008277	277_GTTCTCGGTTATGCGT	TRUE
AMRU_CQ_GTTCTCGTCCACTGGG	AMRU_CQ	GTTCTCGTCCACTGGG	AMRU	SRR11008277	277_GTTCTCGTCCACTGGG	TRUE
AMRU_CQ_GTTCTCGTCCATTCTA	AMRU_CQ	GTTCTCGTCCATTCTA	AMRU	SRR11008277	277_GTTCTCGTCCATTCTA	TRUE
AMRU_CQ_GTTTCTAAGTTACGGG	AMRU_CQ	GTTTCTAAGTTACGGG	AMRU	SRR11008277	277_GTTTCTAAGTTACGGG	TRUE
AMRU_CQ_GTTTCTACACCGGAAA	AMRU_CQ	GTTTCTACACCGGAAA	AMRU	SRR11008277	277_GTTTCTACACCGGAAA	TRUE
AMRU_CQ_GTTTCTAGTCATATCG	AMRU_CQ	GTTTCTAGTCATATCG	AMRU	SRR11008277	277_GTTTCTAGTCATATCG	TRUE
AMRU_CQ_GTTTCTAGTCTAGCGC	AMRU_CQ	GTTTCTAGTCTAGCGC	AMRU	SRR11008277	277_GTTTCTAGTCTAGCGC	TRUE
AMRU_CQ_GTTTCTATCACGAAGG	AMRU_CQ	GTTTCTATCACGAAGG	AMRU	SRR11008277	277_GTTTCTATCACGAAGG	TRUE
AMRU_CQ_GTTTCTATCTGTCCGT	AMRU_CQ	GTTTCTATCTGTCCGT	AMRU	SRR11008277	277_GTTTCTATCTGTCCGT	TRUE
AMRU_CQ_GTTTCTATCTGTTGAG	AMRU_CQ	GTTTCTATCTGTTGAG	AMRU	SRR11008277	277_GTTTCTATCTGTTGAG	TRUE
AMRU_CQ_TAAACCGCAAGACACG	AMRU_CQ	TAAACCGCAAGACACG	AMRU	SRR11008277	277_TAAACCGCAAGACACG	TRUE
AMRU_CQ_TAAACCGCAGCTGCTG	AMRU_CQ	TAAACCGCAGCTGCTG	AMRU	SRR11008277	277_TAAACCGCAGCTGCTG	TRUE
AMRU_CQ_TAAACCGGTTGTGGCC	AMRU_CQ	TAAACCGGTTGTGGCC	AMRU	SRR11008277	277_TAAACCGGTTGTGGCC	TRUE
AMRU_CQ_TAAACCGTCGTTTATC	AMRU_CQ	TAAACCGTCGTTTATC	AMRU	SRR11008277	277_TAAACCGTCGTTTATC	TRUE
AMRU_CQ_TAAGAGACACATTCGA	AMRU_CQ	TAAGAGACACATTCGA	AMRU	SRR11008277	277_TAAGAGACACATTCGA	TRUE
AMRU_CQ_TAAGAGAGTGGTAACG	AMRU_CQ	TAAGAGAGTGGTAACG	AMRU	SRR11008277	277_TAAGAGAGTGGTAACG	TRUE
AMRU_CQ_TAAGAGATCACAACGT	AMRU_CQ	TAAGAGATCACAACGT	AMRU	SRR11008277	277_TAAGAGATCACAACGT	TRUE
AMRU_CQ_TAAGAGATCCTCAATT	AMRU_CQ	TAAGAGATCCTCAATT	AMRU	SRR11008277	277_TAAGAGATCCTCAATT	TRUE
AMRU_CQ_TAAGCGTGTCTAGTCA	AMRU_CQ	TAAGCGTGTCTAGTCA	AMRU	SRR11008277	277_TAAGCGTGTCTAGTCA	TRUE
AMRU_CQ_TAAGCGTGTCTCCACT	AMRU_CQ	TAAGCGTGTCTCCACT	AMRU	SRR11008277	277_TAAGCGTGTCTCCACT	TRUE
AMRU_CQ_TAAGCGTGTTACGTCA	AMRU_CQ	TAAGCGTGTTACGTCA	AMRU	SRR11008277	277_TAAGCGTGTTACGTCA	TRUE
AMRU_CQ_TAAGTGCAGCACACAG	AMRU_CQ	TAAGTGCAGCACACAG	AMRU	SRR11008277	277_TAAGTGCAGCACACAG	TRUE
AMRU_CQ_TAAGTGCGTTCCAACA	AMRU_CQ	TAAGTGCGTTCCAACA	AMRU	SRR11008277	277_TAAGTGCGTTCCAACA	TRUE
AMRU_CQ_TAAGTGCGTTTACTCT	AMRU_CQ	TAAGTGCGTTTACTCT	AMRU	SRR11008277	277_TAAGTGCGTTTACTCT	TRUE
AMRU_CQ_TAAGTGCTCTGTGCAA	AMRU_CQ	TAAGTGCTCTGTGCAA	AMRU	SRR11008277	277_TAAGTGCTCTGTGCAA	TRUE
AMRU_CQ_TACACGAAGGTGACCA	AMRU_CQ	TACACGAAGGTGACCA	AMRU	SRR11008277	277_TACACGAAGGTGACCA	TRUE
AMRU_CQ_TACACGAAGTGTACGG	AMRU_CQ	TACACGAAGTGTACGG	AMRU	SRR11008277	277_TACACGAAGTGTACGG	TRUE
AMRU_CQ_TACACGACAAGAAAGG	AMRU_CQ	TACACGACAAGAAAGG	AMRU	SRR11008277	277_TACACGACAAGAAAGG	TRUE
AMRU_CQ_TACACGATCTGATACG	AMRU_CQ	TACACGATCTGATACG	AMRU	SRR11008277	277_TACACGATCTGATACG	TRUE
AMRU_CQ_TACAGTGAGGTGCTAG	AMRU_CQ	TACAGTGAGGTGCTAG	AMRU	SRR11008277	277_TACAGTGAGGTGCTAG	TRUE
AMRU_CQ_TACAGTGCACCCTATC	AMRU_CQ	TACAGTGCACCCTATC	AMRU	SRR11008277	277_TACAGTGCACCCTATC	TRUE
AMRU_CQ_TACCTATCATTCTTAC	AMRU_CQ	TACCTATCATTCTTAC	AMRU	SRR11008277	277_TACCTATCATTCTTAC	TRUE
AMRU_CQ_TACCTATGTGCGCTTG	AMRU_CQ	TACCTATGTGCGCTTG	AMRU	SRR11008277	277_TACCTATGTGCGCTTG	TRUE
AMRU_CQ_TACCTTACACGAAGCA	AMRU_CQ	TACCTTACACGAAGCA	AMRU	SRR11008277	277_TACCTTACACGAAGCA	TRUE
AMRU_CQ_TACCTTAGTATTCGTG	AMRU_CQ	TACCTTAGTATTCGTG	AMRU	SRR11008277	277_TACCTTAGTATTCGTG	TRUE
AMRU_CQ_TACCTTAGTTGAGGTG	AMRU_CQ	TACCTTAGTTGAGGTG	AMRU	SRR11008277	277_TACCTTAGTTGAGGTG	TRUE
AMRU_CQ_TACCTTAGTTGAGTTC	AMRU_CQ	TACCTTAGTTGAGTTC	AMRU	SRR11008277	277_TACCTTAGTTGAGTTC	TRUE
AMRU_CQ_TACGGATAGGACGAAA	AMRU_CQ	TACGGATAGGACGAAA	AMRU	SRR11008277	277_TACGGATAGGACGAAA	TRUE
AMRU_CQ_TACGGATAGTGGAGAA	AMRU_CQ	TACGGATAGTGGAGAA	AMRU	SRR11008277	277_TACGGATAGTGGAGAA	TRUE
AMRU_CQ_TACGGATCACTAGTAC	AMRU_CQ	TACGGATCACTAGTAC	AMRU	SRR11008277	277_TACGGATCACTAGTAC	TRUE
AMRU_CQ_TACGGATCAGGTCTCG	AMRU_CQ	TACGGATCAGGTCTCG	AMRU	SRR11008277	277_TACGGATCAGGTCTCG	TRUE
AMRU_CQ_TACGGATCATGACATC	AMRU_CQ	TACGGATCATGACATC	AMRU	SRR11008277	277_TACGGATCATGACATC	TRUE
AMRU_CQ_TACGGATTCAGTTGAC	AMRU_CQ	TACGGATTCAGTTGAC	AMRU	SRR11008277	277_TACGGATTCAGTTGAC	TRUE
AMRU_CQ_TACGGATTCTCTAAGG	AMRU_CQ	TACGGATTCTCTAAGG	AMRU	SRR11008277	277_TACGGATTCTCTAAGG	TRUE
AMRU_CQ_TACGGGCAGATGTGGC	AMRU_CQ	TACGGGCAGATGTGGC	AMRU	SRR11008277	277_TACGGGCAGATGTGGC	TRUE
AMRU_CQ_TACGGGCAGGACAGAA	AMRU_CQ	TACGGGCAGGACAGAA	AMRU	SRR11008277	277_TACGGGCAGGACAGAA	TRUE
AMRU_CQ_TACGGGCGTGTTCTTT	AMRU_CQ	TACGGGCGTGTTCTTT	AMRU	SRR11008277	277_TACGGGCGTGTTCTTT	TRUE
AMRU_CQ_TACGGTAAGGCATGGT	AMRU_CQ	TACGGTAAGGCATGGT	AMRU	SRR11008277	277_TACGGTAAGGCATGGT	TRUE
AMRU_CQ_TACGGTAAGTACGTTC	AMRU_CQ	TACGGTAAGTACGTTC	AMRU	SRR11008277	277_TACGGTAAGTACGTTC	TRUE
AMRU_CQ_TACGGTACAAGTCTAC	AMRU_CQ	TACGGTACAAGTCTAC	AMRU	SRR11008277	277_TACGGTACAAGTCTAC	TRUE
AMRU_CQ_TACGGTACAGGGATTG	AMRU_CQ	TACGGTACAGGGATTG	AMRU	SRR11008277	277_TACGGTACAGGGATTG	TRUE
AMRU_CQ_TACGGTAGTGTAACGG	AMRU_CQ	TACGGTAGTGTAACGG	AMRU	SRR11008277	277_TACGGTAGTGTAACGG	TRUE
AMRU_CQ_TACTCATAGGGTTCCC	AMRU_CQ	TACTCATAGGGTTCCC	AMRU	SRR11008277	277_TACTCATAGGGTTCCC	TRUE
AMRU_CQ_TACTCGCAGATGCCAG	AMRU_CQ	TACTCGCAGATGCCAG	AMRU	SRR11008277	277_TACTCGCAGATGCCAG	TRUE
AMRU_CQ_TACTCGCAGTGCCATT	AMRU_CQ	TACTCGCAGTGCCATT	AMRU	SRR11008277	277_TACTCGCAGTGCCATT	TRUE
AMRU_CQ_TACTCGCCATTCCTCG	AMRU_CQ	TACTCGCCATTCCTCG	AMRU	SRR11008277	277_TACTCGCCATTCCTCG	TRUE
AMRU_CQ_TACTCGCGTTCGGCAC	AMRU_CQ	TACTCGCGTTCGGCAC	AMRU	SRR11008277	277_TACTCGCGTTCGGCAC	TRUE
AMRU_CQ_TACTCGCTCAGAGCTT	AMRU_CQ	TACTCGCTCAGAGCTT	AMRU	SRR11008277	277_TACTCGCTCAGAGCTT	TRUE
AMRU_CQ_TACTCGCTCCTCAACC	AMRU_CQ	TACTCGCTCCTCAACC	AMRU	SRR11008277	277_TACTCGCTCCTCAACC	TRUE
AMRU_CQ_TACTTACAGCTCCCAG	AMRU_CQ	TACTTACAGCTCCCAG	AMRU	SRR11008277	277_TACTTACAGCTCCCAG	TRUE
AMRU_CQ_TACTTACAGTACACCT	AMRU_CQ	TACTTACAGTACACCT	AMRU	SRR11008277	277_TACTTACAGTACACCT	TRUE
AMRU_CQ_TACTTACTCATCGGAT	AMRU_CQ	TACTTACTCATCGGAT	AMRU	SRR11008277	277_TACTTACTCATCGGAT	TRUE
AMRU_CQ_TACTTACTCCTACAGA	AMRU_CQ	TACTTACTCCTACAGA	AMRU	SRR11008277	277_TACTTACTCCTACAGA	TRUE
AMRU_CQ_TACTTGTAGGGTTTCT	AMRU_CQ	TACTTGTAGGGTTTCT	AMRU	SRR11008277	277_TACTTGTAGGGTTTCT	TRUE
AMRU_CQ_TACTTGTCAATGTAAG	AMRU_CQ	TACTTGTCAATGTAAG	AMRU	SRR11008277	277_TACTTGTCAATGTAAG	TRUE
AMRU_CQ_TACTTGTGTTGGACCC	AMRU_CQ	TACTTGTGTTGGACCC	AMRU	SRR11008277	277_TACTTGTGTTGGACCC	TRUE
AMRU_CQ_TAGACCAAGCGTAATA	AMRU_CQ	TAGACCAAGCGTAATA	AMRU	SRR11008277	277_TAGACCAAGCGTAATA	TRUE
AMRU_CQ_TAGACCAAGGCAAAGA	AMRU_CQ	TAGACCAAGGCAAAGA	AMRU	SRR11008277	277_TAGACCAAGGCAAAGA	TRUE
AMRU_CQ_TAGACCAGTGATGCCC	AMRU_CQ	TAGACCAGTGATGCCC	AMRU	SRR11008277	277_TAGACCAGTGATGCCC	TRUE
AMRU_CQ_TAGACCATCGACAGCC	AMRU_CQ	TAGACCATCGACAGCC	AMRU	SRR11008277	277_TAGACCATCGACAGCC	TRUE
AMRU_CQ_TAGAGCTAGAGCTGCA	AMRU_CQ	TAGAGCTAGAGCTGCA	AMRU	SRR11008277	277_TAGAGCTAGAGCTGCA	TRUE
AMRU_CQ_TAGAGCTAGCTCCTCT	AMRU_CQ	TAGAGCTAGCTCCTCT	AMRU	SRR11008277	277_TAGAGCTAGCTCCTCT	TRUE
AMRU_CQ_TAGAGCTCAAGCGATG	AMRU_CQ	TAGAGCTCAAGCGATG	AMRU	SRR11008277	277_TAGAGCTCAAGCGATG	TRUE
AMRU_CQ_TAGAGCTCAGTTCATG	AMRU_CQ	TAGAGCTCAGTTCATG	AMRU	SRR11008277	277_TAGAGCTCAGTTCATG	TRUE
AMRU_CQ_TAGAGCTGTTGTCTTT	AMRU_CQ	TAGAGCTGTTGTCTTT	AMRU	SRR11008277	277_TAGAGCTGTTGTCTTT	TRUE
AMRU_CQ_TAGAGCTTCCAAACAC	AMRU_CQ	TAGAGCTTCCAAACAC	AMRU	SRR11008277	277_TAGAGCTTCCAAACAC	TRUE
AMRU_CQ_TAGCCGGAGCGTCTAT	AMRU_CQ	TAGCCGGAGCGTCTAT	AMRU	SRR11008277	277_TAGCCGGAGCGTCTAT	TRUE
AMRU_CQ_TAGCCGGCAGATGGGT	AMRU_CQ	TAGCCGGCAGATGGGT	AMRU	SRR11008277	277_TAGCCGGCAGATGGGT	TRUE
AMRU_CQ_TAGCCGGCATACCATG	AMRU_CQ	TAGCCGGCATACCATG	AMRU	SRR11008277	277_TAGCCGGCATACCATG	TRUE
AMRU_CQ_TAGCCGGCATCGTCGG	AMRU_CQ	TAGCCGGCATCGTCGG	AMRU	SRR11008277	277_TAGCCGGCATCGTCGG	TRUE
AMRU_CQ_TAGCCGGCATTTCAGG	AMRU_CQ	TAGCCGGCATTTCAGG	AMRU	SRR11008277	277_TAGCCGGCATTTCAGG	TRUE
AMRU_CQ_TAGCCGGTCAACGGCC	AMRU_CQ	TAGCCGGTCAACGGCC	AMRU	SRR11008277	277_TAGCCGGTCAACGGCC	TRUE
AMRU_CQ_TAGGCATAGAATGTGT	AMRU_CQ	TAGGCATAGAATGTGT	AMRU	SRR11008277	277_TAGGCATAGAATGTGT	TRUE
AMRU_CQ_TAGGCATAGTCCAGGA	AMRU_CQ	TAGGCATAGTCCAGGA	AMRU	SRR11008277	277_TAGGCATAGTCCAGGA	TRUE
AMRU_CQ_TAGGCATCAACACGCC	AMRU_CQ	TAGGCATCAACACGCC	AMRU	SRR11008277	277_TAGGCATCAACACGCC	TRUE
AMRU_CQ_TAGGCATCAGGAATCG	AMRU_CQ	TAGGCATCAGGAATCG	AMRU	SRR11008277	277_TAGGCATCAGGAATCG	TRUE
AMRU_CQ_TAGGCATGTCTAAACC	AMRU_CQ	TAGGCATGTCTAAACC	AMRU	SRR11008277	277_TAGGCATGTCTAAACC	TRUE
AMRU_CQ_TAGGCATGTGCTTCTC	AMRU_CQ	TAGGCATGTGCTTCTC	AMRU	SRR11008277	277_TAGGCATGTGCTTCTC	TRUE
AMRU_CQ_TAGTGGTCAGCTGTTA	AMRU_CQ	TAGTGGTCAGCTGTTA	AMRU	SRR11008277	277_TAGTGGTCAGCTGTTA	TRUE
AMRU_CQ_TAGTGGTCATCCGTGG	AMRU_CQ	TAGTGGTCATCCGTGG	AMRU	SRR11008277	277_TAGTGGTCATCCGTGG	TRUE
AMRU_CQ_TAGTGGTTCCTTGCCA	AMRU_CQ	TAGTGGTTCCTTGCCA	AMRU	SRR11008277	277_TAGTGGTTCCTTGCCA	TRUE
AMRU_CQ_TAGTTGGCAGTGACAG	AMRU_CQ	TAGTTGGCAGTGACAG	AMRU	SRR11008277	277_TAGTTGGCAGTGACAG	TRUE
AMRU_CQ_TAGTTGGCATATGCTG	AMRU_CQ	TAGTTGGCATATGCTG	AMRU	SRR11008277	277_TAGTTGGCATATGCTG	TRUE
AMRU_CQ_TAGTTGGTCACTTACT	AMRU_CQ	TAGTTGGTCACTTACT	AMRU	SRR11008277	277_TAGTTGGTCACTTACT	TRUE
AMRU_CQ_TATCAGGAGATGCCAG	AMRU_CQ	TATCAGGAGATGCCAG	AMRU	SRR11008277	277_TATCAGGAGATGCCAG	TRUE
AMRU_CQ_TATCAGGGTAGTGAAT	AMRU_CQ	TATCAGGGTAGTGAAT	AMRU	SRR11008277	277_TATCAGGGTAGTGAAT	TRUE
AMRU_CQ_TATCTCAAGACCACGA	AMRU_CQ	TATCTCAAGACCACGA	AMRU	SRR11008277	277_TATCTCAAGACCACGA	TRUE
AMRU_CQ_TATCTCACAAGGACTG	AMRU_CQ	TATCTCACAAGGACTG	AMRU	SRR11008277	277_TATCTCACAAGGACTG	TRUE
AMRU_CQ_TATCTCACACGGATAG	AMRU_CQ	TATCTCACACGGATAG	AMRU	SRR11008277	277_TATCTCACACGGATAG	TRUE
AMRU_CQ_TATCTCACATTCCTGC	AMRU_CQ	TATCTCACATTCCTGC	AMRU	SRR11008277	277_TATCTCACATTCCTGC	TRUE
AMRU_CQ_TATCTCACATTCTCAT	AMRU_CQ	TATCTCACATTCTCAT	AMRU	SRR11008277	277_TATCTCACATTCTCAT	TRUE
AMRU_CQ_TATCTCAGTCAGATAA	AMRU_CQ	TATCTCAGTCAGATAA	AMRU	SRR11008277	277_TATCTCAGTCAGATAA	TRUE
AMRU_CQ_TATGCCCCAAGAGTCG	AMRU_CQ	TATGCCCCAAGAGTCG	AMRU	SRR11008277	277_TATGCCCCAAGAGTCG	TRUE
AMRU_CQ_TATGCCCGTAAGGATT	AMRU_CQ	TATGCCCGTAAGGATT	AMRU	SRR11008277	277_TATGCCCGTAAGGATT	TRUE
AMRU_CQ_TATGCCCTCGGAGGTA	AMRU_CQ	TATGCCCTCGGAGGTA	AMRU	SRR11008277	277_TATGCCCTCGGAGGTA	TRUE
AMRU_CQ_TATGCCCTCTTGAGAC	AMRU_CQ	TATGCCCTCTTGAGAC	AMRU	SRR11008277	277_TATGCCCTCTTGAGAC	TRUE
AMRU_CQ_TATTACCAGCGGATCA	AMRU_CQ	TATTACCAGCGGATCA	AMRU	SRR11008277	277_TATTACCAGCGGATCA	TRUE
AMRU_CQ_TATTACCCAACGATCT	AMRU_CQ	TATTACCCAACGATCT	AMRU	SRR11008277	277_TATTACCCAACGATCT	TRUE
AMRU_CQ_TATTACCCAGTATGCT	AMRU_CQ	TATTACCCAGTATGCT	AMRU	SRR11008277	277_TATTACCCAGTATGCT	TRUE
AMRU_CQ_TCAACGAAGTCCCACG	AMRU_CQ	TCAACGAAGTCCCACG	AMRU	SRR11008277	277_TCAACGAAGTCCCACG	TRUE
AMRU_CQ_TCAATCTCATGCAATC	AMRU_CQ	TCAATCTCATGCAATC	AMRU	SRR11008277	277_TCAATCTCATGCAATC	TRUE
AMRU_CQ_TCAATCTTCATAACCG	AMRU_CQ	TCAATCTTCATAACCG	AMRU	SRR11008277	277_TCAATCTTCATAACCG	TRUE
AMRU_CQ_TCACAAGAGAACTGTA	AMRU_CQ	TCACAAGAGAACTGTA	AMRU	SRR11008277	277_TCACAAGAGAACTGTA	TRUE
AMRU_CQ_TCACAAGAGACTGTAA	AMRU_CQ	TCACAAGAGACTGTAA	AMRU	SRR11008277	277_TCACAAGAGACTGTAA	TRUE
AMRU_CQ_TCACAAGAGTAGTGCG	AMRU_CQ	TCACAAGAGTAGTGCG	AMRU	SRR11008277	277_TCACAAGAGTAGTGCG	TRUE
AMRU_CQ_TCACAAGGTCGCTTCT	AMRU_CQ	TCACAAGGTCGCTTCT	AMRU	SRR11008277	277_TCACAAGGTCGCTTCT	TRUE
AMRU_CQ_TCACAAGGTTGGTGGA	AMRU_CQ	TCACAAGGTTGGTGGA	AMRU	SRR11008277	277_TCACAAGGTTGGTGGA	TRUE
AMRU_CQ_TCACAAGTCTGTACGA	AMRU_CQ	TCACAAGTCTGTACGA	AMRU	SRR11008277	277_TCACAAGTCTGTACGA	TRUE
AMRU_CQ_TCACGAAAGCCAGTAG	AMRU_CQ	TCACGAAAGCCAGTAG	AMRU	SRR11008277	277_TCACGAAAGCCAGTAG	TRUE
AMRU_CQ_TCACGAAAGTACGCGA	AMRU_CQ	TCACGAAAGTACGCGA	AMRU	SRR11008277	277_TCACGAAAGTACGCGA	TRUE
AMRU_CQ_TCACGAAAGTCCATAC	AMRU_CQ	TCACGAAAGTCCATAC	AMRU	SRR11008277	277_TCACGAAAGTCCATAC	TRUE
AMRU_CQ_TCACGAACACTTGGAT	AMRU_CQ	TCACGAACACTTGGAT	AMRU	SRR11008277	277_TCACGAACACTTGGAT	TRUE
AMRU_CQ_TCACGAAGTCTCGTTC	AMRU_CQ	TCACGAAGTCTCGTTC	AMRU	SRR11008277	277_TCACGAAGTCTCGTTC	TRUE
AMRU_CQ_TCACGAATCACGCATA	AMRU_CQ	TCACGAATCACGCATA	AMRU	SRR11008277	277_TCACGAATCACGCATA	TRUE
AMRU_CQ_TCAGATGCACGAAATA	AMRU_CQ	TCAGATGCACGAAATA	AMRU	SRR11008277	277_TCAGATGCACGAAATA	TRUE
AMRU_CQ_TCAGATGCAGGTGCCT	AMRU_CQ	TCAGATGCAGGTGCCT	AMRU	SRR11008277	277_TCAGATGCAGGTGCCT	TRUE
AMRU_CQ_TCAGATGCATCACAAC	AMRU_CQ	TCAGATGCATCACAAC	AMRU	SRR11008277	277_TCAGATGCATCACAAC	TRUE
AMRU_CQ_TCAGATGGTCGGGTCT	AMRU_CQ	TCAGATGGTCGGGTCT	AMRU	SRR11008277	277_TCAGATGGTCGGGTCT	TRUE
AMRU_CQ_TCAGATGGTGTGGCTC	AMRU_CQ	TCAGATGGTGTGGCTC	AMRU	SRR11008277	277_TCAGATGGTGTGGCTC	TRUE
AMRU_CQ_TCAGATGTCCACGCAG	AMRU_CQ	TCAGATGTCCACGCAG	AMRU	SRR11008277	277_TCAGATGTCCACGCAG	TRUE
AMRU_CQ_TCAGATGTCCACGTTC	AMRU_CQ	TCAGATGTCCACGTTC	AMRU	SRR11008277	277_TCAGATGTCCACGTTC	TRUE
AMRU_CQ_TCAGCTCAGCTTTGGT	AMRU_CQ	TCAGCTCAGCTTTGGT	AMRU	SRR11008277	277_TCAGCTCAGCTTTGGT	TRUE
AMRU_CQ_TCAGCTCTCTGCTGCT	AMRU_CQ	TCAGCTCTCTGCTGCT	AMRU	SRR11008277	277_TCAGCTCTCTGCTGCT	TRUE
AMRU_CQ_TCAGGATGTCTAGCCG	AMRU_CQ	TCAGGATGTCTAGCCG	AMRU	SRR11008277	277_TCAGGATGTCTAGCCG	TRUE
AMRU_CQ_TCAGGATTCCACGACG	AMRU_CQ	TCAGGATTCCACGACG	AMRU	SRR11008277	277_TCAGGATTCCACGACG	TRUE
AMRU_CQ_TCAGGATTCCTGTACC	AMRU_CQ	TCAGGATTCCTGTACC	AMRU	SRR11008277	277_TCAGGATTCCTGTACC	TRUE
AMRU_CQ_TCAGGTAAGGCTAGGT	AMRU_CQ	TCAGGTAAGGCTAGGT	AMRU	SRR11008277	277_TCAGGTAAGGCTAGGT	TRUE
AMRU_CQ_TCAGGTAAGTCGCCGT	AMRU_CQ	TCAGGTAAGTCGCCGT	AMRU	SRR11008277	277_TCAGGTAAGTCGCCGT	TRUE
AMRU_CQ_TCAGGTACACGGCTAC	AMRU_CQ	TCAGGTACACGGCTAC	AMRU	SRR11008277	277_TCAGGTACACGGCTAC	TRUE
AMRU_CQ_TCAGGTACATTGGGCC	AMRU_CQ	TCAGGTACATTGGGCC	AMRU	SRR11008277	277_TCAGGTACATTGGGCC	TRUE
AMRU_CQ_TCAGGTAGTCCGCTGA	AMRU_CQ	TCAGGTAGTCCGCTGA	AMRU	SRR11008277	277_TCAGGTAGTCCGCTGA	TRUE
AMRU_CQ_TCAGGTAGTTCCATGA	AMRU_CQ	TCAGGTAGTTCCATGA	AMRU	SRR11008277	277_TCAGGTAGTTCCATGA	TRUE
AMRU_CQ_TCATTACCAATAGCAA	AMRU_CQ	TCATTACCAATAGCAA	AMRU	SRR11008277	277_TCATTACCAATAGCAA	TRUE
AMRU_CQ_TCATTACCAGTCCTTC	AMRU_CQ	TCATTACCAGTCCTTC	AMRU	SRR11008277	277_TCATTACCAGTCCTTC	TRUE
AMRU_CQ_TCATTACTCATGTGGT	AMRU_CQ	TCATTACTCATGTGGT	AMRU	SRR11008277	277_TCATTACTCATGTGGT	TRUE
AMRU_CQ_TCATTACTCTTAGAGC	AMRU_CQ	TCATTACTCTTAGAGC	AMRU	SRR11008277	277_TCATTACTCTTAGAGC	TRUE
AMRU_CQ_TCATTTGAGCTCCTCT	AMRU_CQ	TCATTTGAGCTCCTCT	AMRU	SRR11008277	277_TCATTTGAGCTCCTCT	TRUE
AMRU_CQ_TCATTTGCATCTGGTA	AMRU_CQ	TCATTTGCATCTGGTA	AMRU	SRR11008277	277_TCATTTGCATCTGGTA	TRUE
AMRU_CQ_TCCACACAGACAGACC	AMRU_CQ	TCCACACAGACAGACC	AMRU	SRR11008277	277_TCCACACAGACAGACC	TRUE
AMRU_CQ_TCCACACGTGAAAGAG	AMRU_CQ	TCCACACGTGAAAGAG	AMRU	SRR11008277	277_TCCACACGTGAAAGAG	TRUE
AMRU_CQ_TCCACACTCCTTAATC	AMRU_CQ	TCCACACTCCTTAATC	AMRU	SRR11008277	277_TCCACACTCCTTAATC	TRUE
AMRU_CQ_TCCCGATCAGGGTTAG	AMRU_CQ	TCCCGATCAGGGTTAG	AMRU	SRR11008277	277_TCCCGATCAGGGTTAG	TRUE
AMRU_CQ_TCCCGATTCCAAACTG	AMRU_CQ	TCCCGATTCCAAACTG	AMRU	SRR11008277	277_TCCCGATTCCAAACTG	TRUE
AMRU_CQ_TCGAGGCTCACTTACT	AMRU_CQ	TCGAGGCTCACTTACT	AMRU	SRR11008277	277_TCGAGGCTCACTTACT	TRUE
AMRU_CQ_TCGAGGCTCTGGTATG	AMRU_CQ	TCGAGGCTCTGGTATG	AMRU	SRR11008277	277_TCGAGGCTCTGGTATG	TRUE
AMRU_CQ_TCGAGGCTCTTGAGAC	AMRU_CQ	TCGAGGCTCTTGAGAC	AMRU	SRR11008277	277_TCGAGGCTCTTGAGAC	TRUE
AMRU_CQ_TCGCGAGAGTGACATA	AMRU_CQ	TCGCGAGAGTGACATA	AMRU	SRR11008277	277_TCGCGAGAGTGACATA	TRUE
AMRU_CQ_TCGCGAGCACCACGTG	AMRU_CQ	TCGCGAGCACCACGTG	AMRU	SRR11008277	277_TCGCGAGCACCACGTG	TRUE
AMRU_CQ_TCGCGAGGTACCTACA	AMRU_CQ	TCGCGAGGTACCTACA	AMRU	SRR11008277	277_TCGCGAGGTACCTACA	TRUE
AMRU_CQ_TCGCGAGGTCTTGATG	AMRU_CQ	TCGCGAGGTCTTGATG	AMRU	SRR11008277	277_TCGCGAGGTCTTGATG	TRUE
AMRU_CQ_TCGCGAGGTGGTTTCA	AMRU_CQ	TCGCGAGGTGGTTTCA	AMRU	SRR11008277	277_TCGCGAGGTGGTTTCA	TRUE
AMRU_CQ_TCGCGAGTCGCGCCAA	AMRU_CQ	TCGCGAGTCGCGCCAA	AMRU	SRR11008277	277_TCGCGAGTCGCGCCAA	TRUE
AMRU_CQ_TCGCGTTAGACCTTTG	AMRU_CQ	TCGCGTTAGACCTTTG	AMRU	SRR11008277	277_TCGCGTTAGACCTTTG	TRUE
AMRU_CQ_TCGCGTTGTAGCGTCC	AMRU_CQ	TCGCGTTGTAGCGTCC	AMRU	SRR11008277	277_TCGCGTTGTAGCGTCC	TRUE
AMRU_CQ_TCGCGTTGTTATGTGC	AMRU_CQ	TCGCGTTGTTATGTGC	AMRU	SRR11008277	277_TCGCGTTGTTATGTGC	TRUE
AMRU_CQ_TCGCGTTTCCCTAACC	AMRU_CQ	TCGCGTTTCCCTAACC	AMRU	SRR11008277	277_TCGCGTTTCCCTAACC	TRUE
AMRU_CQ_TCGGGACAGGTGATAT	AMRU_CQ	TCGGGACAGGTGATAT	AMRU	SRR11008277	277_TCGGGACAGGTGATAT	TRUE
AMRU_CQ_TCGGGACAGGTGCAAC	AMRU_CQ	TCGGGACAGGTGCAAC	AMRU	SRR11008277	277_TCGGGACAGGTGCAAC	TRUE
AMRU_CQ_TCGGGACCAATAGCAA	AMRU_CQ	TCGGGACCAATAGCAA	AMRU	SRR11008277	277_TCGGGACCAATAGCAA	TRUE
AMRU_CQ_TCGGGACGTGCTAGCC	AMRU_CQ	TCGGGACGTGCTAGCC	AMRU	SRR11008277	277_TCGGGACGTGCTAGCC	TRUE
AMRU_CQ_TCGGGACGTTCGCTAA	AMRU_CQ	TCGGGACGTTCGCTAA	AMRU	SRR11008277	277_TCGGGACGTTCGCTAA	TRUE
AMRU_CQ_TCGGTAAAGACTTTCG	AMRU_CQ	TCGGTAAAGACTTTCG	AMRU	SRR11008277	277_TCGGTAAAGACTTTCG	TRUE
AMRU_CQ_TCGGTAAAGCAGCCTC	AMRU_CQ	TCGGTAAAGCAGCCTC	AMRU	SRR11008277	277_TCGGTAAAGCAGCCTC	TRUE
AMRU_CQ_TCGGTAAAGGTGCAAC	AMRU_CQ	TCGGTAAAGGTGCAAC	AMRU	SRR11008277	277_TCGGTAAAGGTGCAAC	TRUE
AMRU_CQ_TCGGTAACATCGGTTA	AMRU_CQ	TCGGTAACATCGGTTA	AMRU	SRR11008277	277_TCGGTAACATCGGTTA	TRUE
AMRU_CQ_TCGGTAAGTAGCTCCG	AMRU_CQ	TCGGTAAGTAGCTCCG	AMRU	SRR11008277	277_TCGGTAAGTAGCTCCG	TRUE
AMRU_CQ_TCGGTAATCAGGTTCA	AMRU_CQ	TCGGTAATCAGGTTCA	AMRU	SRR11008277	277_TCGGTAATCAGGTTCA	TRUE
AMRU_CQ_TCGTACCAGTCAAGGC	AMRU_CQ	TCGTACCAGTCAAGGC	AMRU	SRR11008277	277_TCGTACCAGTCAAGGC	TRUE
AMRU_CQ_TCGTACCTCCTTGGTC	AMRU_CQ	TCGTACCTCCTTGGTC	AMRU	SRR11008277	277_TCGTACCTCCTTGGTC	TRUE
AMRU_CQ_TCGTACCTCTAAGCCA	AMRU_CQ	TCGTACCTCTAAGCCA	AMRU	SRR11008277	277_TCGTACCTCTAAGCCA	TRUE
AMRU_CQ_TCGTAGATCAGTTCGA	AMRU_CQ	TCGTAGATCAGTTCGA	AMRU	SRR11008277	277_TCGTAGATCAGTTCGA	TRUE
AMRU_CQ_TCTATTGAGGCTATCT	AMRU_CQ	TCTATTGAGGCTATCT	AMRU	SRR11008277	277_TCTATTGAGGCTATCT	TRUE
AMRU_CQ_TCTATTGCAGCGTTCG	AMRU_CQ	TCTATTGCAGCGTTCG	AMRU	SRR11008277	277_TCTATTGCAGCGTTCG	TRUE
AMRU_CQ_TCTATTGGTCCGAGTC	AMRU_CQ	TCTATTGGTCCGAGTC	AMRU	SRR11008277	277_TCTATTGGTCCGAGTC	TRUE
AMRU_CQ_TCTATTGGTGCAGGTA	AMRU_CQ	TCTATTGGTGCAGGTA	AMRU	SRR11008277	277_TCTATTGGTGCAGGTA	TRUE
AMRU_CQ_TCTATTGGTGTTAAGA	AMRU_CQ	TCTATTGGTGTTAAGA	AMRU	SRR11008277	277_TCTATTGGTGTTAAGA	TRUE
AMRU_CQ_TCTATTGGTTAAGTAG	AMRU_CQ	TCTATTGGTTAAGTAG	AMRU	SRR11008277	277_TCTATTGGTTAAGTAG	TRUE
AMRU_CQ_TCTATTGTCCTCTAGC	AMRU_CQ	TCTATTGTCCTCTAGC	AMRU	SRR11008277	277_TCTATTGTCCTCTAGC	TRUE
AMRU_CQ_TCTCATAAGCGGCTTC	AMRU_CQ	TCTCATAAGCGGCTTC	AMRU	SRR11008277	277_TCTCATAAGCGGCTTC	TRUE
AMRU_CQ_TCTCATAAGTTACCCA	AMRU_CQ	TCTCATAAGTTACCCA	AMRU	SRR11008277	277_TCTCATAAGTTACCCA	TRUE
AMRU_CQ_TCTCATACAATCCAAC	AMRU_CQ	TCTCATACAATCCAAC	AMRU	SRR11008277	277_TCTCATACAATCCAAC	TRUE
AMRU_CQ_TCTCATAGTCTGCAAT	AMRU_CQ	TCTCATAGTCTGCAAT	AMRU	SRR11008277	277_TCTCATAGTCTGCAAT	TRUE
AMRU_CQ_TCTCATATCGCAGGCT	AMRU_CQ	TCTCATATCGCAGGCT	AMRU	SRR11008277	277_TCTCATATCGCAGGCT	TRUE
AMRU_CQ_TCTCTAAAGGACGAAA	AMRU_CQ	TCTCTAAAGGACGAAA	AMRU	SRR11008277	277_TCTCTAAAGGACGAAA	TRUE
AMRU_CQ_TCTCTAAAGTCCATAC	AMRU_CQ	TCTCTAAAGTCCATAC	AMRU	SRR11008277	277_TCTCTAAAGTCCATAC	TRUE
AMRU_CQ_TCTGAGAGTATGCTTG	AMRU_CQ	TCTGAGAGTATGCTTG	AMRU	SRR11008277	277_TCTGAGAGTATGCTTG	TRUE
AMRU_CQ_TCTGAGATCAACTCTT	AMRU_CQ	TCTGAGATCAACTCTT	AMRU	SRR11008277	277_TCTGAGATCAACTCTT	TRUE
AMRU_CQ_TCTGAGATCTGCAGTA	AMRU_CQ	TCTGAGATCTGCAGTA	AMRU	SRR11008277	277_TCTGAGATCTGCAGTA	TRUE
AMRU_CQ_TCTGGAAAGGACAGCT	AMRU_CQ	TCTGGAAAGGACAGCT	AMRU	SRR11008277	277_TCTGGAAAGGACAGCT	TRUE
AMRU_CQ_TCTGGAACAATGTAAG	AMRU_CQ	TCTGGAACAATGTAAG	AMRU	SRR11008277	277_TCTGGAACAATGTAAG	TRUE
AMRU_CQ_TCTGGAACAGTAAGCG	AMRU_CQ	TCTGGAACAGTAAGCG	AMRU	SRR11008277	277_TCTGGAACAGTAAGCG	TRUE
AMRU_CQ_TCTGGAAGTGGGTCAA	AMRU_CQ	TCTGGAAGTGGGTCAA	AMRU	SRR11008277	277_TCTGGAAGTGGGTCAA	TRUE
AMRU_CQ_TCTTCGGGTCTAAACC	AMRU_CQ	TCTTCGGGTCTAAACC	AMRU	SRR11008277	277_TCTTCGGGTCTAAACC	TRUE
AMRU_CQ_TCTTTCCAGTAAGTAC	AMRU_CQ	TCTTTCCAGTAAGTAC	AMRU	SRR11008277	277_TCTTTCCAGTAAGTAC	TRUE
AMRU_CQ_TCTTTCCAGTGGTCCC	AMRU_CQ	TCTTTCCAGTGGTCCC	AMRU	SRR11008277	277_TCTTTCCAGTGGTCCC	TRUE
AMRU_CQ_TCTTTCCCACGGCGTT	AMRU_CQ	TCTTTCCCACGGCGTT	AMRU	SRR11008277	277_TCTTTCCCACGGCGTT	TRUE
AMRU_CQ_TGAAAGATCAGGTAAA	AMRU_CQ	TGAAAGATCAGGTAAA	AMRU	SRR11008277	277_TGAAAGATCAGGTAAA	TRUE
AMRU_CQ_TGACAACAGAGACTAT	AMRU_CQ	TGACAACAGAGACTAT	AMRU	SRR11008277	277_TGACAACAGAGACTAT	TRUE
AMRU_CQ_TGACAACCAAGCCGCT	AMRU_CQ	TGACAACCAAGCCGCT	AMRU	SRR11008277	277_TGACAACCAAGCCGCT	TRUE
AMRU_CQ_TGACGGCAGAAGCCCA	AMRU_CQ	TGACGGCAGAAGCCCA	AMRU	SRR11008277	277_TGACGGCAGAAGCCCA	TRUE
AMRU_CQ_TGACGGCAGACAGGCT	AMRU_CQ	TGACGGCAGACAGGCT	AMRU	SRR11008277	277_TGACGGCAGACAGGCT	TRUE
AMRU_CQ_TGACGGCCACAAGACG	AMRU_CQ	TGACGGCCACAAGACG	AMRU	SRR11008277	277_TGACGGCCACAAGACG	TRUE
AMRU_CQ_TGACGGCGTAAAGGAG	AMRU_CQ	TGACGGCGTAAAGGAG	AMRU	SRR11008277	277_TGACGGCGTAAAGGAG	TRUE
AMRU_CQ_TGACGGCGTACCGCTG	AMRU_CQ	TGACGGCGTACCGCTG	AMRU	SRR11008277	277_TGACGGCGTACCGCTG	TRUE
AMRU_CQ_TGACTAGAGAGTACCG	AMRU_CQ	TGACTAGAGAGTACCG	AMRU	SRR11008277	277_TGACTAGAGAGTACCG	TRUE
AMRU_CQ_TGACTAGAGTACGTTC	AMRU_CQ	TGACTAGAGTACGTTC	AMRU	SRR11008277	277_TGACTAGAGTACGTTC	TRUE
AMRU_CQ_TGACTAGGTAGCTAAA	AMRU_CQ	TGACTAGGTAGCTAAA	AMRU	SRR11008277	277_TGACTAGGTAGCTAAA	TRUE
AMRU_CQ_TGACTAGGTCTCAACA	AMRU_CQ	TGACTAGGTCTCAACA	AMRU	SRR11008277	277_TGACTAGGTCTCAACA	TRUE
AMRU_CQ_TGACTAGGTGTAAGTA	AMRU_CQ	TGACTAGGTGTAAGTA	AMRU	SRR11008277	277_TGACTAGGTGTAAGTA	TRUE
AMRU_CQ_TGACTAGTCAGCTCGG	AMRU_CQ	TGACTAGTCAGCTCGG	AMRU	SRR11008277	277_TGACTAGTCAGCTCGG	TRUE
AMRU_CQ_TGACTTTAGAGTAAGG	AMRU_CQ	TGACTTTAGAGTAAGG	AMRU	SRR11008277	277_TGACTTTAGAGTAAGG	TRUE
AMRU_CQ_TGACTTTAGTACGTAA	AMRU_CQ	TGACTTTAGTACGTAA	AMRU	SRR11008277	277_TGACTTTAGTACGTAA	TRUE
AMRU_CQ_TGACTTTGTACACCGC	AMRU_CQ	TGACTTTGTACACCGC	AMRU	SRR11008277	277_TGACTTTGTACACCGC	TRUE
AMRU_CQ_TGACTTTGTATTCTCT	AMRU_CQ	TGACTTTGTATTCTCT	AMRU	SRR11008277	277_TGACTTTGTATTCTCT	TRUE
AMRU_CQ_TGACTTTGTCCAGTTA	AMRU_CQ	TGACTTTGTCCAGTTA	AMRU	SRR11008277	277_TGACTTTGTCCAGTTA	TRUE
AMRU_CQ_TGACTTTTCACCCGAG	AMRU_CQ	TGACTTTTCACCCGAG	AMRU	SRR11008277	277_TGACTTTTCACCCGAG	TRUE
AMRU_CQ_TGACTTTTCCCTTGCA	AMRU_CQ	TGACTTTTCCCTTGCA	AMRU	SRR11008277	277_TGACTTTTCCCTTGCA	TRUE
AMRU_CQ_TGAGAGGAGCTAGTTC	AMRU_CQ	TGAGAGGAGCTAGTTC	AMRU	SRR11008277	277_TGAGAGGAGCTAGTTC	TRUE
AMRU_CQ_TGAGAGGAGCTCCTTC	AMRU_CQ	TGAGAGGAGCTCCTTC	AMRU	SRR11008277	277_TGAGAGGAGCTCCTTC	TRUE
AMRU_CQ_TGAGAGGCATCAGTAC	AMRU_CQ	TGAGAGGCATCAGTAC	AMRU	SRR11008277	277_TGAGAGGCATCAGTAC	TRUE
AMRU_CQ_TGAGAGGCATCGATGT	AMRU_CQ	TGAGAGGCATCGATGT	AMRU	SRR11008277	277_TGAGAGGCATCGATGT	TRUE
AMRU_CQ_TGAGCATCAGACGCCT	AMRU_CQ	TGAGCATCAGACGCCT	AMRU	SRR11008277	277_TGAGCATCAGACGCCT	TRUE
AMRU_CQ_TGAGCATGTTGCGTTA	AMRU_CQ	TGAGCATGTTGCGTTA	AMRU	SRR11008277	277_TGAGCATGTTGCGTTA	TRUE
AMRU_CQ_TGAGCATTCTCTGAGA	AMRU_CQ	TGAGCATTCTCTGAGA	AMRU	SRR11008277	277_TGAGCATTCTCTGAGA	TRUE
AMRU_CQ_TGAGGGAAGTGTCCCG	AMRU_CQ	TGAGGGAAGTGTCCCG	AMRU	SRR11008277	277_TGAGGGAAGTGTCCCG	TRUE
AMRU_CQ_TGAGGGACACTTCTGC	AMRU_CQ	TGAGGGACACTTCTGC	AMRU	SRR11008277	277_TGAGGGACACTTCTGC	TRUE
AMRU_CQ_TGAGGGAGTTGGTGGA	AMRU_CQ	TGAGGGAGTTGGTGGA	AMRU	SRR11008277	277_TGAGGGAGTTGGTGGA	TRUE
AMRU_CQ_TGAGGGATCTCATTCA	AMRU_CQ	TGAGGGATCTCATTCA	AMRU	SRR11008277	277_TGAGGGATCTCATTCA	TRUE
AMRU_CQ_TGATTTCCACCGATAT	AMRU_CQ	TGATTTCCACCGATAT	AMRU	SRR11008277	277_TGATTTCCACCGATAT	TRUE
AMRU_CQ_TGATTTCCACGACGAA	AMRU_CQ	TGATTTCCACGACGAA	AMRU	SRR11008277	277_TGATTTCCACGACGAA	TRUE
AMRU_CQ_TGATTTCCATTCACTT	AMRU_CQ	TGATTTCCATTCACTT	AMRU	SRR11008277	277_TGATTTCCATTCACTT	TRUE
AMRU_CQ_TGCACCTCAAGTCATC	AMRU_CQ	TGCACCTCAAGTCATC	AMRU	SRR11008277	277_TGCACCTCAAGTCATC	TRUE
AMRU_CQ_TGCACCTGTCGCGGTT	AMRU_CQ	TGCACCTGTCGCGGTT	AMRU	SRR11008277	277_TGCACCTGTCGCGGTT	TRUE
AMRU_CQ_TGCACCTGTCTCAACA	AMRU_CQ	TGCACCTGTCTCAACA	AMRU	SRR11008277	277_TGCACCTGTCTCAACA	TRUE
AMRU_CQ_TGCACCTTCCACTGGG	AMRU_CQ	TGCACCTTCCACTGGG	AMRU	SRR11008277	277_TGCACCTTCCACTGGG	TRUE
AMRU_CQ_TGCCAAAAGGGTTTCT	AMRU_CQ	TGCCAAAAGGGTTTCT	AMRU	SRR11008277	277_TGCCAAAAGGGTTTCT	TRUE
AMRU_CQ_TGCCAAAAGTCCCACG	AMRU_CQ	TGCCAAAAGTCCCACG	AMRU	SRR11008277	277_TGCCAAAAGTCCCACG	TRUE
AMRU_CQ_TGCCAAAAGTCTTGCA	AMRU_CQ	TGCCAAAAGTCTTGCA	AMRU	SRR11008277	277_TGCCAAAAGTCTTGCA	TRUE
AMRU_CQ_TGCCAAACAGTAACGG	AMRU_CQ	TGCCAAACAGTAACGG	AMRU	SRR11008277	277_TGCCAAACAGTAACGG	TRUE
AMRU_CQ_TGCCAAATCGCATGAT	AMRU_CQ	TGCCAAATCGCATGAT	AMRU	SRR11008277	277_TGCCAAATCGCATGAT	TRUE
AMRU_CQ_TGCCAAATCGGTTCGG	AMRU_CQ	TGCCAAATCGGTTCGG	AMRU	SRR11008277	277_TGCCAAATCGGTTCGG	TRUE
AMRU_CQ_TGCCAAATCGTCTGCT	AMRU_CQ	TGCCAAATCGTCTGCT	AMRU	SRR11008277	277_TGCCAAATCGTCTGCT	TRUE
AMRU_CQ_TGCCCATAGAGGACGG	AMRU_CQ	TGCCCATAGAGGACGG	AMRU	SRR11008277	277_TGCCCATAGAGGACGG	TRUE
AMRU_CQ_TGCCCATGTAGGACAC	AMRU_CQ	TGCCCATGTAGGACAC	AMRU	SRR11008277	277_TGCCCATGTAGGACAC	TRUE
AMRU_CQ_TGCCCATGTGATGTGG	AMRU_CQ	TGCCCATGTGATGTGG	AMRU	SRR11008277	277_TGCCCATGTGATGTGG	TRUE
AMRU_CQ_TGCCCATTCAGCTGGC	AMRU_CQ	TGCCCATTCAGCTGGC	AMRU	SRR11008277	277_TGCCCATTCAGCTGGC	TRUE
AMRU_CQ_TGCCCATTCGTTGCCT	AMRU_CQ	TGCCCATTCGTTGCCT	AMRU	SRR11008277	277_TGCCCATTCGTTGCCT	TRUE
AMRU_CQ_TGCCCATTCTACGAGT	AMRU_CQ	TGCCCATTCTACGAGT	AMRU	SRR11008277	277_TGCCCATTCTACGAGT	TRUE
AMRU_CQ_TGCCCTAAGTGGTAGC	AMRU_CQ	TGCCCTAAGTGGTAGC	AMRU	SRR11008277	277_TGCCCTAAGTGGTAGC	TRUE
AMRU_CQ_TGCCCTACATCCTTGC	AMRU_CQ	TGCCCTACATCCTTGC	AMRU	SRR11008277	277_TGCCCTACATCCTTGC	TRUE
AMRU_CQ_TGCCCTAGTGAGTGAC	AMRU_CQ	TGCCCTAGTGAGTGAC	AMRU	SRR11008277	277_TGCCCTAGTGAGTGAC	TRUE
AMRU_CQ_TGCGCAGAGACTCGGA	AMRU_CQ	TGCGCAGAGACTCGGA	AMRU	SRR11008277	277_TGCGCAGAGACTCGGA	TRUE
AMRU_CQ_TGCGCAGAGATACACA	AMRU_CQ	TGCGCAGAGATACACA	AMRU	SRR11008277	277_TGCGCAGAGATACACA	TRUE
AMRU_CQ_TGCGCAGCATACAGCT	AMRU_CQ	TGCGCAGCATACAGCT	AMRU	SRR11008277	277_TGCGCAGCATACAGCT	TRUE
AMRU_CQ_TGCGCAGGTGAAGGCT	AMRU_CQ	TGCGCAGGTGAAGGCT	AMRU	SRR11008277	277_TGCGCAGGTGAAGGCT	TRUE
AMRU_CQ_TGCGCAGTCGAGAGCA	AMRU_CQ	TGCGCAGTCGAGAGCA	AMRU	SRR11008277	277_TGCGCAGTCGAGAGCA	TRUE
AMRU_CQ_TGCGGGTCAGTAGAGC	AMRU_CQ	TGCGGGTCAGTAGAGC	AMRU	SRR11008277	277_TGCGGGTCAGTAGAGC	TRUE
AMRU_CQ_TGCGGGTGTGAAATCA	AMRU_CQ	TGCGGGTGTGAAATCA	AMRU	SRR11008277	277_TGCGGGTGTGAAATCA	TRUE
AMRU_CQ_TGCGTGGAGGGCATGT	AMRU_CQ	TGCGTGGAGGGCATGT	AMRU	SRR11008277	277_TGCGTGGAGGGCATGT	TRUE
AMRU_CQ_TGCGTGGCAATAAGCA	AMRU_CQ	TGCGTGGCAATAAGCA	AMRU	SRR11008277	277_TGCGTGGCAATAAGCA	TRUE
AMRU_CQ_TGCGTGGTCCTTGGTC	AMRU_CQ	TGCGTGGTCCTTGGTC	AMRU	SRR11008277	277_TGCGTGGTCCTTGGTC	TRUE
AMRU_CQ_TGCGTGGTCTTTAGTC	AMRU_CQ	TGCGTGGTCTTTAGTC	AMRU	SRR11008277	277_TGCGTGGTCTTTAGTC	TRUE
AMRU_CQ_TGCTACCCAGACAGGT	AMRU_CQ	TGCTACCCAGACAGGT	AMRU	SRR11008277	277_TGCTACCCAGACAGGT	TRUE
AMRU_CQ_TGCTACCTCTGCTGTC	AMRU_CQ	TGCTACCTCTGCTGTC	AMRU	SRR11008277	277_TGCTACCTCTGCTGTC	TRUE
AMRU_CQ_TGCTGCTGTGAGTGAC	AMRU_CQ	TGCTGCTGTGAGTGAC	AMRU	SRR11008277	277_TGCTGCTGTGAGTGAC	TRUE
AMRU_CQ_TGGACGCCAAGTCTAC	AMRU_CQ	TGGACGCCAAGTCTAC	AMRU	SRR11008277	277_TGGACGCCAAGTCTAC	TRUE
AMRU_CQ_TGGACGCGTAGGACAC	AMRU_CQ	TGGACGCGTAGGACAC	AMRU	SRR11008277	277_TGGACGCGTAGGACAC	TRUE
AMRU_CQ_TGGACGCGTCCAGTTA	AMRU_CQ	TGGACGCGTCCAGTTA	AMRU	SRR11008277	277_TGGACGCGTCCAGTTA	TRUE
AMRU_CQ_TGGACGCGTGTGACGA	AMRU_CQ	TGGACGCGTGTGACGA	AMRU	SRR11008277	277_TGGACGCGTGTGACGA	TRUE
AMRU_CQ_TGGCCAGAGCTGATAA	AMRU_CQ	TGGCCAGAGCTGATAA	AMRU	SRR11008277	277_TGGCCAGAGCTGATAA	TRUE
AMRU_CQ_TGGCCAGAGGCTAGAC	AMRU_CQ	TGGCCAGAGGCTAGAC	AMRU	SRR11008277	277_TGGCCAGAGGCTAGAC	TRUE
AMRU_CQ_TGGCCAGAGGGAAACA	AMRU_CQ	TGGCCAGAGGGAAACA	AMRU	SRR11008277	277_TGGCCAGAGGGAAACA	TRUE
AMRU_CQ_TGGCCAGAGTGCAAGC	AMRU_CQ	TGGCCAGAGTGCAAGC	AMRU	SRR11008277	277_TGGCCAGAGTGCAAGC	TRUE
AMRU_CQ_TGGCCAGAGTTACGGG	AMRU_CQ	TGGCCAGAGTTACGGG	AMRU	SRR11008277	277_TGGCCAGAGTTACGGG	TRUE
AMRU_CQ_TGGCCAGGTCTACCTC	AMRU_CQ	TGGCCAGGTCTACCTC	AMRU	SRR11008277	277_TGGCCAGGTCTACCTC	TRUE
AMRU_CQ_TGGCCAGGTGTCAATC	AMRU_CQ	TGGCCAGGTGTCAATC	AMRU	SRR11008277	277_TGGCCAGGTGTCAATC	TRUE
AMRU_CQ_TGGCGCAAGACCGGAT	AMRU_CQ	TGGCGCAAGACCGGAT	AMRU	SRR11008277	277_TGGCGCAAGACCGGAT	TRUE
AMRU_CQ_TGGCGCAAGACCTAGG	AMRU_CQ	TGGCGCAAGACCTAGG	AMRU	SRR11008277	277_TGGCGCAAGACCTAGG	TRUE
AMRU_CQ_TGGCGCAAGTCAAGGC	AMRU_CQ	TGGCGCAAGTCAAGGC	AMRU	SRR11008277	277_TGGCGCAAGTCAAGGC	TRUE
AMRU_CQ_TGGCGCACAGTCAGCC	AMRU_CQ	TGGCGCACAGTCAGCC	AMRU	SRR11008277	277_TGGCGCACAGTCAGCC	TRUE
AMRU_CQ_TGGCGCAGTCCAGTGC	AMRU_CQ	TGGCGCAGTCCAGTGC	AMRU	SRR11008277	277_TGGCGCAGTCCAGTGC	TRUE
AMRU_CQ_TGGCGCAGTGGACGAT	AMRU_CQ	TGGCGCAGTGGACGAT	AMRU	SRR11008277	277_TGGCGCAGTGGACGAT	TRUE
AMRU_CQ_TGGCTGGAGGAGTACC	AMRU_CQ	TGGCTGGAGGAGTACC	AMRU	SRR11008277	277_TGGCTGGAGGAGTACC	TRUE
AMRU_CQ_TGGCTGGCACGGCCAT	AMRU_CQ	TGGCTGGCACGGCCAT	AMRU	SRR11008277	277_TGGCTGGCACGGCCAT	TRUE
AMRU_CQ_TGGCTGGCATTTCAGG	AMRU_CQ	TGGCTGGCATTTCAGG	AMRU	SRR11008277	277_TGGCTGGCATTTCAGG	TRUE
AMRU_CQ_TGGCTGGGTCGTTGTA	AMRU_CQ	TGGCTGGGTCGTTGTA	AMRU	SRR11008277	277_TGGCTGGGTCGTTGTA	TRUE
AMRU_CQ_TGGCTGGGTTTCGCTC	AMRU_CQ	TGGCTGGGTTTCGCTC	AMRU	SRR11008277	277_TGGCTGGGTTTCGCTC	TRUE
AMRU_CQ_TGGGAAGGTAGCGTCC	AMRU_CQ	TGGGAAGGTAGCGTCC	AMRU	SRR11008277	277_TGGGAAGGTAGCGTCC	TRUE
AMRU_CQ_TGGGAAGGTGATAAGT	AMRU_CQ	TGGGAAGGTGATAAGT	AMRU	SRR11008277	277_TGGGAAGGTGATAAGT	TRUE
AMRU_CQ_TGGGAAGTCAGTTCGA	AMRU_CQ	TGGGAAGTCAGTTCGA	AMRU	SRR11008277	277_TGGGAAGTCAGTTCGA	TRUE
AMRU_CQ_TGGGCGTCACCTCGTT	AMRU_CQ	TGGGCGTCACCTCGTT	AMRU	SRR11008277	277_TGGGCGTCACCTCGTT	TRUE
AMRU_CQ_TGGGCGTTCGCCAGCA	AMRU_CQ	TGGGCGTTCGCCAGCA	AMRU	SRR11008277	277_TGGGCGTTCGCCAGCA	TRUE
AMRU_CQ_TGGTTAGTCCACGACG	AMRU_CQ	TGGTTAGTCCACGACG	AMRU	SRR11008277	277_TGGTTAGTCCACGACG	TRUE
AMRU_CQ_TGGTTAGTCGGCTACG	AMRU_CQ	TGGTTAGTCGGCTACG	AMRU	SRR11008277	277_TGGTTAGTCGGCTACG	TRUE
AMRU_CQ_TGGTTCCGTCCGTTAA	AMRU_CQ	TGGTTCCGTCCGTTAA	AMRU	SRR11008277	277_TGGTTCCGTCCGTTAA	TRUE
AMRU_CQ_TGGTTCCTCTGACCTC	AMRU_CQ	TGGTTCCTCTGACCTC	AMRU	SRR11008277	277_TGGTTCCTCTGACCTC	TRUE
AMRU_CQ_TGTATTCAGGACATTA	AMRU_CQ	TGTATTCAGGACATTA	AMRU	SRR11008277	277_TGTATTCAGGACATTA	TRUE
AMRU_CQ_TGTATTCCACGGACAA	AMRU_CQ	TGTATTCCACGGACAA	AMRU	SRR11008277	277_TGTATTCCACGGACAA	TRUE
AMRU_CQ_TGTATTCCATATGAGA	AMRU_CQ	TGTATTCCATATGAGA	AMRU	SRR11008277	277_TGTATTCCATATGAGA	TRUE
AMRU_CQ_TGTATTCGTAATCGTC	AMRU_CQ	TGTATTCGTAATCGTC	AMRU	SRR11008277	277_TGTATTCGTAATCGTC	TRUE
AMRU_CQ_TGTATTCGTGTCCTCT	AMRU_CQ	TGTATTCGTGTCCTCT	AMRU	SRR11008277	277_TGTATTCGTGTCCTCT	TRUE
AMRU_CQ_TGTATTCTCACTGGGC	AMRU_CQ	TGTATTCTCACTGGGC	AMRU	SRR11008277	277_TGTATTCTCACTGGGC	TRUE
AMRU_CQ_TGTATTCTCCCTAATT	AMRU_CQ	TGTATTCTCCCTAATT	AMRU	SRR11008277	277_TGTATTCTCCCTAATT	TRUE
AMRU_CQ_TGTCCCAAGACACGAC	AMRU_CQ	TGTCCCAAGACACGAC	AMRU	SRR11008277	277_TGTCCCAAGACACGAC	TRUE
AMRU_CQ_TGTCCCACAGATCGGA	AMRU_CQ	TGTCCCACAGATCGGA	AMRU	SRR11008277	277_TGTCCCACAGATCGGA	TRUE
AMRU_CQ_TGTCCCACATGCATGT	AMRU_CQ	TGTCCCACATGCATGT	AMRU	SRR11008277	277_TGTCCCACATGCATGT	TRUE
AMRU_CQ_TGTCCCAGTAGAAGGA	AMRU_CQ	TGTCCCAGTAGAAGGA	AMRU	SRR11008277	277_TGTCCCAGTAGAAGGA	TRUE
AMRU_CQ_TGTCCCATCATGTCCC	AMRU_CQ	TGTCCCATCATGTCCC	AMRU	SRR11008277	277_TGTCCCATCATGTCCC	TRUE
AMRU_CQ_TGTCCCATCCAACCAA	AMRU_CQ	TGTCCCATCCAACCAA	AMRU	SRR11008277	277_TGTCCCATCCAACCAA	TRUE
AMRU_CQ_TGTCCCATCGGAATCT	AMRU_CQ	TGTCCCATCGGAATCT	AMRU	SRR11008277	277_TGTCCCATCGGAATCT	TRUE
AMRU_CQ_TGTGTTTGTCCCTTGT	AMRU_CQ	TGTGTTTGTCCCTTGT	AMRU	SRR11008277	277_TGTGTTTGTCCCTTGT	TRUE
AMRU_CQ_TGTGTTTGTCGTCTTC	AMRU_CQ	TGTGTTTGTCGTCTTC	AMRU	SRR11008277	277_TGTGTTTGTCGTCTTC	TRUE
AMRU_CQ_TGTGTTTTCTGTCTAT	AMRU_CQ	TGTGTTTTCTGTCTAT	AMRU	SRR11008277	277_TGTGTTTTCTGTCTAT	TRUE
AMRU_CQ_TGTTCCGAGCATGGCA	AMRU_CQ	TGTTCCGAGCATGGCA	AMRU	SRR11008277	277_TGTTCCGAGCATGGCA	TRUE
AMRU_CQ_TGTTCCGGTCGGATCC	AMRU_CQ	TGTTCCGGTCGGATCC	AMRU	SRR11008277	277_TGTTCCGGTCGGATCC	TRUE
AMRU_CQ_TGTTCCGGTCTCCACT	AMRU_CQ	TGTTCCGGTCTCCACT	AMRU	SRR11008277	277_TGTTCCGGTCTCCACT	TRUE
AMRU_CQ_TTAACTCCAACGATCT	AMRU_CQ	TTAACTCCAACGATCT	AMRU	SRR11008277	277_TTAACTCCAACGATCT	TRUE
AMRU_CQ_TTAACTCGTTTGTTTC	AMRU_CQ	TTAACTCGTTTGTTTC	AMRU	SRR11008277	277_TTAACTCGTTTGTTTC	TRUE
AMRU_CQ_TTAGGACAGGCGACAT	AMRU_CQ	TTAGGACAGGCGACAT	AMRU	SRR11008277	277_TTAGGACAGGCGACAT	TRUE
AMRU_CQ_TTAGGACAGGGATGGG	AMRU_CQ	TTAGGACAGGGATGGG	AMRU	SRR11008277	277_TTAGGACAGGGATGGG	TRUE
AMRU_CQ_TTAGGCAGTGTAAGTA	AMRU_CQ	TTAGGCAGTGTAAGTA	AMRU	SRR11008277	277_TTAGGCAGTGTAAGTA	TRUE
AMRU_CQ_TTAGGCAGTTCGTGAT	AMRU_CQ	TTAGGCAGTTCGTGAT	AMRU	SRR11008277	277_TTAGGCAGTTCGTGAT	TRUE
AMRU_CQ_TTAGGCAGTTGGGACA	AMRU_CQ	TTAGGCAGTTGGGACA	AMRU	SRR11008277	277_TTAGGCAGTTGGGACA	TRUE
AMRU_CQ_TTAGGCATCACATGCA	AMRU_CQ	TTAGGCATCACATGCA	AMRU	SRR11008277	277_TTAGGCATCACATGCA	TRUE
AMRU_CQ_TTAGGCATCTGATTCT	AMRU_CQ	TTAGGCATCTGATTCT	AMRU	SRR11008277	277_TTAGGCATCTGATTCT	TRUE
AMRU_CQ_TTAGTTCAGACACTAA	AMRU_CQ	TTAGTTCAGACACTAA	AMRU	SRR11008277	277_TTAGTTCAGACACTAA	TRUE
AMRU_CQ_TTAGTTCAGCGTCTAT	AMRU_CQ	TTAGTTCAGCGTCTAT	AMRU	SRR11008277	277_TTAGTTCAGCGTCTAT	TRUE
AMRU_CQ_TTAGTTCCATTCGACA	AMRU_CQ	TTAGTTCCATTCGACA	AMRU	SRR11008277	277_TTAGTTCCATTCGACA	TRUE
AMRU_CQ_TTATGCTAGATGTGTA	AMRU_CQ	TTATGCTAGATGTGTA	AMRU	SRR11008277	277_TTATGCTAGATGTGTA	TRUE
AMRU_CQ_TTATGCTCACAGACAG	AMRU_CQ	TTATGCTCACAGACAG	AMRU	SRR11008277	277_TTATGCTCACAGACAG	TRUE
AMRU_CQ_TTATGCTTCCAGAGGA	AMRU_CQ	TTATGCTTCCAGAGGA	AMRU	SRR11008277	277_TTATGCTTCCAGAGGA	TRUE
AMRU_CQ_TTATGCTTCCGCGGTA	AMRU_CQ	TTATGCTTCCGCGGTA	AMRU	SRR11008277	277_TTATGCTTCCGCGGTA	TRUE
AMRU_CQ_TTATGCTTCTACGAGT	AMRU_CQ	TTATGCTTCTACGAGT	AMRU	SRR11008277	277_TTATGCTTCTACGAGT	TRUE
AMRU_CQ_TTCCCAGAGCCACTAT	AMRU_CQ	TTCCCAGAGCCACTAT	AMRU	SRR11008277	277_TTCCCAGAGCCACTAT	TRUE
AMRU_CQ_TTCCCAGGTTCGTTGA	AMRU_CQ	TTCCCAGGTTCGTTGA	AMRU	SRR11008277	277_TTCCCAGGTTCGTTGA	TRUE
AMRU_CQ_TTCCCAGTCTTGTACT	AMRU_CQ	TTCCCAGTCTTGTACT	AMRU	SRR11008277	277_TTCCCAGTCTTGTACT	TRUE
AMRU_CQ_TTCGAAGAGGTCGGAT	AMRU_CQ	TTCGAAGAGGTCGGAT	AMRU	SRR11008277	277_TTCGAAGAGGTCGGAT	TRUE
AMRU_CQ_TTCGAAGCACCGTTGG	AMRU_CQ	TTCGAAGCACCGTTGG	AMRU	SRR11008277	277_TTCGAAGCACCGTTGG	TRUE
AMRU_CQ_TTCGAAGGTCTCATCC	AMRU_CQ	TTCGAAGGTCTCATCC	AMRU	SRR11008277	277_TTCGAAGGTCTCATCC	TRUE
AMRU_CQ_TTCGAAGTCACGCGGT	AMRU_CQ	TTCGAAGTCACGCGGT	AMRU	SRR11008277	277_TTCGAAGTCACGCGGT	TRUE
AMRU_CQ_TTCGGTCAGATAGCAT	AMRU_CQ	TTCGGTCAGATAGCAT	AMRU	SRR11008277	277_TTCGGTCAGATAGCAT	TRUE
AMRU_CQ_TTCGGTCGTCCCTTGT	AMRU_CQ	TTCGGTCGTCCCTTGT	AMRU	SRR11008277	277_TTCGGTCGTCCCTTGT	TRUE
AMRU_CQ_TTCTACAAGATCTGCT	AMRU_CQ	TTCTACAAGATCTGCT	AMRU	SRR11008277	277_TTCTACAAGATCTGCT	TRUE
AMRU_CQ_TTCTACACAATCCAAC	AMRU_CQ	TTCTACACAATCCAAC	AMRU	SRR11008277	277_TTCTACACAATCCAAC	TRUE
AMRU_CQ_TTCTACACACAGGCCT	AMRU_CQ	TTCTACACACAGGCCT	AMRU	SRR11008277	277_TTCTACACACAGGCCT	TRUE
AMRU_CQ_TTCTACACATCCGGGT	AMRU_CQ	TTCTACACATCCGGGT	AMRU	SRR11008277	277_TTCTACACATCCGGGT	TRUE
AMRU_CQ_TTCTACACATTTGCCC	AMRU_CQ	TTCTACACATTTGCCC	AMRU	SRR11008277	277_TTCTACACATTTGCCC	TRUE
AMRU_CQ_TTCTACAGTCTCTCGT	AMRU_CQ	TTCTACAGTCTCTCGT	AMRU	SRR11008277	277_TTCTACAGTCTCTCGT	TRUE
AMRU_CQ_TTCTACAGTGGTCCGT	AMRU_CQ	TTCTACAGTGGTCCGT	AMRU	SRR11008277	277_TTCTACAGTGGTCCGT	TRUE
AMRU_CQ_TTCTACATCACGCGGT	AMRU_CQ	TTCTACATCACGCGGT	AMRU	SRR11008277	277_TTCTACATCACGCGGT	TRUE
AMRU_CQ_TTCTCAAGTTAAGATG	AMRU_CQ	TTCTCAAGTTAAGATG	AMRU	SRR11008277	277_TTCTCAAGTTAAGATG	TRUE
AMRU_CQ_TTCTCCTAGAAACGCC	AMRU_CQ	TTCTCCTAGAAACGCC	AMRU	SRR11008277	277_TTCTCCTAGAAACGCC	TRUE
AMRU_CQ_TTCTTAGAGTGGTCCC	AMRU_CQ	TTCTTAGAGTGGTCCC	AMRU	SRR11008277	277_TTCTTAGAGTGGTCCC	TRUE
AMRU_CQ_TTCTTAGTCGGCCGAT	AMRU_CQ	TTCTTAGTCGGCCGAT	AMRU	SRR11008277	277_TTCTTAGTCGGCCGAT	TRUE
AMRU_CQ_TTGAACGAGTACTTGC	AMRU_CQ	TTGAACGAGTACTTGC	AMRU	SRR11008277	277_TTGAACGAGTACTTGC	TRUE
AMRU_CQ_TTGAACGCAAGTAATG	AMRU_CQ	TTGAACGCAAGTAATG	AMRU	SRR11008277	277_TTGAACGCAAGTAATG	TRUE
AMRU_CQ_TTGAACGGTAATCGTC	AMRU_CQ	TTGAACGGTAATCGTC	AMRU	SRR11008277	277_TTGAACGGTAATCGTC	TRUE
AMRU_CQ_TTGAACGGTAGAGTGC	AMRU_CQ	TTGAACGGTAGAGTGC	AMRU	SRR11008277	277_TTGAACGGTAGAGTGC	TRUE
AMRU_CQ_TTGACTTAGATATACG	AMRU_CQ	TTGACTTAGATATACG	AMRU	SRR11008277	277_TTGACTTAGATATACG	TRUE
AMRU_CQ_TTGACTTCACCGGAAA	AMRU_CQ	TTGACTTCACCGGAAA	AMRU	SRR11008277	277_TTGACTTCACCGGAAA	TRUE
AMRU_CQ_TTGACTTTCCGCGGTA	AMRU_CQ	TTGACTTTCCGCGGTA	AMRU	SRR11008277	277_TTGACTTTCCGCGGTA	TRUE
AMRU_CQ_TTGCCGTAGGAATGGA	AMRU_CQ	TTGCCGTAGGAATGGA	AMRU	SRR11008277	277_TTGCCGTAGGAATGGA	TRUE
AMRU_CQ_TTGCGTCAGAGGTAGA	AMRU_CQ	TTGCGTCAGAGGTAGA	AMRU	SRR11008277	277_TTGCGTCAGAGGTAGA	TRUE
AMRU_CQ_TTGCGTCCAGCCTTTC	AMRU_CQ	TTGCGTCCAGCCTTTC	AMRU	SRR11008277	277_TTGCGTCCAGCCTTTC	TRUE
AMRU_CQ_TTGCGTCGTTCAACCA	AMRU_CQ	TTGCGTCGTTCAACCA	AMRU	SRR11008277	277_TTGCGTCGTTCAACCA	TRUE
AMRU_CQ_TTGCGTCGTTCAGCGC	AMRU_CQ	TTGCGTCGTTCAGCGC	AMRU	SRR11008277	277_TTGCGTCGTTCAGCGC	TRUE
AMRU_CQ_TTGCGTCTCAACGAAA	AMRU_CQ	TTGCGTCTCAACGAAA	AMRU	SRR11008277	277_TTGCGTCTCAACGAAA	TRUE
AMRU_CQ_TTGGAACAGTTACCCA	AMRU_CQ	TTGGAACAGTTACCCA	AMRU	SRR11008277	277_TTGGAACAGTTACCCA	TRUE
AMRU_CQ_TTGGAACCAAGCTGTT	AMRU_CQ	TTGGAACCAAGCTGTT	AMRU	SRR11008277	277_TTGGAACCAAGCTGTT	TRUE
AMRU_CQ_TTGGAACGTAAGGATT	AMRU_CQ	TTGGAACGTAAGGATT	AMRU	SRR11008277	277_TTGGAACGTAAGGATT	TRUE
AMRU_CQ_TTGGAACGTGAGTATA	AMRU_CQ	TTGGAACGTGAGTATA	AMRU	SRR11008277	277_TTGGAACGTGAGTATA	TRUE
AMRU_CQ_TTGGCAAGTCACTGGC	AMRU_CQ	TTGGCAAGTCACTGGC	AMRU	SRR11008277	277_TTGGCAAGTCACTGGC	TRUE
AMRU_CQ_TTGTAGGCAGCCTTTC	AMRU_CQ	TTGTAGGCAGCCTTTC	AMRU	SRR11008277	277_TTGTAGGCAGCCTTTC	TRUE
AMRU_CQ_TTGTAGGCAGGAATCG	AMRU_CQ	TTGTAGGCAGGAATCG	AMRU	SRR11008277	277_TTGTAGGCAGGAATCG	TRUE
AMRU_CQ_TTGTAGGCATTGTGCA	AMRU_CQ	TTGTAGGCATTGTGCA	AMRU	SRR11008277	277_TTGTAGGCATTGTGCA	TRUE
AMRU_CQ_TTTACTGGTGCATCTA	AMRU_CQ	TTTACTGGTGCATCTA	AMRU	SRR11008277	277_TTTACTGGTGCATCTA	TRUE
AMRU_CQ_TTTACTGGTTCCACGG	AMRU_CQ	TTTACTGGTTCCACGG	AMRU	SRR11008277	277_TTTACTGGTTCCACGG	TRUE
AMRU_CQ_TTTACTGTCGGCGCAT	AMRU_CQ	TTTACTGTCGGCGCAT	AMRU	SRR11008277	277_TTTACTGTCGGCGCAT	TRUE
AMRU_CQ_TTTACTGTCGTTTAGG	AMRU_CQ	TTTACTGTCGTTTAGG	AMRU	SRR11008277	277_TTTACTGTCGTTTAGG	TRUE
AMRU_CQ_TTTATGCAGAGGTACC	AMRU_CQ	TTTATGCAGAGGTACC	AMRU	SRR11008277	277_TTTATGCAGAGGTACC	TRUE
AMRU_CQ_TTTATGCAGGAGCGAG	AMRU_CQ	TTTATGCAGGAGCGAG	AMRU	SRR11008277	277_TTTATGCAGGAGCGAG	TRUE
AMRU_CQ_TTTATGCAGGGAAACA	AMRU_CQ	TTTATGCAGGGAAACA	AMRU	SRR11008277	277_TTTATGCAGGGAAACA	TRUE
AMRU_CQ_TTTCCTCAGCCAGAAC	AMRU_CQ	TTTCCTCAGCCAGAAC	AMRU	SRR11008277	277_TTTCCTCAGCCAGAAC	TRUE
AMRU_CQ_TTTCCTCGTCGCTTCT	AMRU_CQ	TTTCCTCGTCGCTTCT	AMRU	SRR11008277	277_TTTCCTCGTCGCTTCT	TRUE
AMRU_CQ_TTTCCTCGTGCCTGTG	AMRU_CQ	TTTCCTCGTGCCTGTG	AMRU	SRR11008277	277_TTTCCTCGTGCCTGTG	TRUE
AMRU_CQ_TTTGCGCAGACAGACC	AMRU_CQ	TTTGCGCAGACAGACC	AMRU	SRR11008277	277_TTTGCGCAGACAGACC	TRUE
AMRU_CQ_TTTGCGCAGCTGCAAG	AMRU_CQ	TTTGCGCAGCTGCAAG	AMRU	SRR11008277	277_TTTGCGCAGCTGCAAG	TRUE
AMRU_CQ_TTTGCGCCAGGAATCG	AMRU_CQ	TTTGCGCCAGGAATCG	AMRU	SRR11008277	277_TTTGCGCCAGGAATCG	TRUE
AMRU_CQ_TTTGCGCGTCTTGCGG	AMRU_CQ	TTTGCGCGTCTTGCGG	AMRU	SRR11008277	277_TTTGCGCGTCTTGCGG	TRUE
AMRU_CQ_TTTGCGCGTGAAAGAG	AMRU_CQ	TTTGCGCGTGAAAGAG	AMRU	SRR11008277	277_TTTGCGCGTGAAAGAG	TRUE
AMRU_CQ_TTTGCGCTCAAACAAG	AMRU_CQ	TTTGCGCTCAAACAAG	AMRU	SRR11008277	277_TTTGCGCTCAAACAAG	TRUE
AMRU_CQ_TTTGCGCTCTGTTGAG	AMRU_CQ	TTTGCGCTCTGTTGAG	AMRU	SRR11008277	277_TTTGCGCTCTGTTGAG	TRUE
AMRU_CQ_TTTGGTTGTCGTTGTA	AMRU_CQ	TTTGGTTGTCGTTGTA	AMRU	SRR11008277	277_TTTGGTTGTCGTTGTA	TRUE
AMRU_CQ_TTTGGTTGTTTGTGTG	AMRU_CQ	TTTGGTTGTTTGTGTG	AMRU	SRR11008277	277_TTTGGTTGTTTGTGTG	TRUE
AMRU_CQ_TTTGTCACACTCTGTC	AMRU_CQ	TTTGTCACACTCTGTC	AMRU	SRR11008277	277_TTTGTCACACTCTGTC	TRUE
AMRU_CQ_TTTGTCATCATAACCG	AMRU_CQ	TTTGTCATCATAACCG	AMRU	SRR11008277	277_TTTGTCATCATAACCG	TRUE
AMRU_Sa_AAGGAGCGTCAAAGAT	AMRU_Sa	AAGGAGCGTCAAAGAT	AMRU	SRR11008276	276_AAGGAGCGTCAAAGAT	TRUE
AMRU_Sa_ACTTTCACAGCGTCCA	AMRU_Sa	ACTTTCACAGCGTCCA	AMRU	SRR11008276	276_ACTTTCACAGCGTCCA	TRUE
AMRU_Sa_AGAGCTTCATGCCCGA	AMRU_Sa	AGAGCTTCATGCCCGA	AMRU	SRR11008276	276_AGAGCTTCATGCCCGA	TRUE
AMRU_Sa_ATTCTACCAAGAAGAG	AMRU_Sa	ATTCTACCAAGAAGAG	AMRU	SRR11008276	276_ATTCTACCAAGAAGAG	TRUE
AMRU_Sa_CATATGGGTACAGCAG	AMRU_Sa	CATATGGGTACAGCAG	AMRU	SRR11008276	276_CATATGGGTACAGCAG	TRUE
AMRU_Sa_CATGGCGCAGCTGTAT	AMRU_Sa	CATGGCGCAGCTGTAT	AMRU	SRR11008276	276_CATGGCGCAGCTGTAT	TRUE
AMRU_Sa_CATTATCCATGTCCTC	AMRU_Sa	CATTATCCATGTCCTC	AMRU	SRR11008276	276_CATTATCCATGTCCTC	TRUE
AMRU_Sa_CCAATCCTCAGGCAAG	AMRU_Sa	CCAATCCTCAGGCAAG	AMRU	SRR11008276	276_CCAATCCTCAGGCAAG	TRUE
AMRU_Sa_CGCCAAGTCTGTTGAG	AMRU_Sa	CGCCAAGTCTGTTGAG	AMRU	SRR11008276	276_CGCCAAGTCTGTTGAG	TRUE
AMRU_Sa_CTACACCAGTGTGGCA	AMRU_Sa	CTACACCAGTGTGGCA	AMRU	SRR11008276	276_CTACACCAGTGTGGCA	TRUE
AMRU_Sa_CTTGGCTCAAGTTGTC	AMRU_Sa	CTTGGCTCAAGTTGTC	AMRU	SRR11008276	276_CTTGGCTCAAGTTGTC	TRUE
AMRU_Sa_GACGTGCCAGGTCGTC	AMRU_Sa	GACGTGCCAGGTCGTC	AMRU	SRR11008276	276_GACGTGCCAGGTCGTC	TRUE
AMRU_Sa_GCTTGAACATCCTTGC	AMRU_Sa	GCTTGAACATCCTTGC	AMRU	SRR11008276	276_GCTTGAACATCCTTGC	TRUE
AMRU_Sa_GGAACTTGTCTCCACT	AMRU_Sa	GGAACTTGTCTCCACT	AMRU	SRR11008276	276_GGAACTTGTCTCCACT	TRUE
AMRU_Sa_TAAGTGCAGACGCTTT	AMRU_Sa	TAAGTGCAGACGCTTT	AMRU	SRR11008276	276_TAAGTGCAGACGCTTT	TRUE
AMRU_Sa_TACTCATAGAGCCCAA	AMRU_Sa	TACTCATAGAGCCCAA	AMRU	SRR11008276	276_TACTCATAGAGCCCAA	TRUE
AMRU_Sa_TACTTGTGTAACGTTC	AMRU_Sa	TACTTGTGTAACGTTC	AMRU	SRR11008276	276_TACTTGTGTAACGTTC	TRUE
AMRU_Sa_TAGTGGTGTCTTCGTC	AMRU_Sa	TAGTGGTGTCTTCGTC	AMRU	SRR11008276	276_TAGTGGTGTCTTCGTC	TRUE
AMRU_Sa_TCAATCTGTGTGACGA	AMRU_Sa	TCAATCTGTGTGACGA	AMRU	SRR11008276	276_TCAATCTGTGTGACGA	TRUE
AMRU_Sa_TCTGAGATCGTGACAT	AMRU_Sa	TCTGAGATCGTGACAT	AMRU	SRR11008276	276_TCTGAGATCGTGACAT	TRUE
AMRU_Sa_TGGCCAGTCAACCAAC	AMRU_Sa	TGGCCAGTCAACCAAC	AMRU	SRR11008276	276_TGGCCAGTCAACCAAC	TRUE
AMRU_Sa_TTAGTTCCAATTGCTG	AMRU_Sa	TTAGTTCCAATTGCTG	AMRU	SRR11008276	276_TTAGTTCCAATTGCTG	TRUE
Ches_Ao_AAACCTGCAAACGCGA	Ches_Ao	AAACCTGCAAACGCGA	Ches	SRR11008275	275_AAACCTGCAAACGCGA	TRUE
Ches_Ao_AAACCTGCAGCTCGCA	Ches_Ao	AAACCTGCAGCTCGCA	Ches	SRR11008275	275_AAACCTGCAGCTCGCA	TRUE
Ches_Ao_AAACGGGGTTCCACGG	Ches_Ao	AAACGGGGTTCCACGG	Ches	SRR11008275	275_AAACGGGGTTCCACGG	FALSE
Ches_Ao_AAAGATGGTAGCGCTC	Ches_Ao	AAAGATGGTAGCGCTC	Ches	SRR11008275	275_AAAGATGGTAGCGCTC	TRUE
Ches_Ao_AAAGTAGCAACACCCG	Ches_Ao	AAAGTAGCAACACCCG	Ches	SRR11008275	275_AAAGTAGCAACACCCG	TRUE
Ches_Ao_AAAGTAGTCGCAAACT	Ches_Ao	AAAGTAGTCGCAAACT	Ches	SRR11008275	275_AAAGTAGTCGCAAACT	TRUE
Ches_Ao_AAAGTAGTCTGCGTAA	Ches_Ao	AAAGTAGTCTGCGTAA	Ches	SRR11008275	275_AAAGTAGTCTGCGTAA	TRUE
Ches_Ao_AACACGTCAAACCTAC	Ches_Ao	AACACGTCAAACCTAC	Ches	SRR11008275	275_AACACGTCAAACCTAC	TRUE
Ches_Ao_AACACGTCAATACGCT	Ches_Ao	AACACGTCAATACGCT	Ches	SRR11008275	275_AACACGTCAATACGCT	TRUE
Ches_Ao_AACACGTCACCCATGG	Ches_Ao	AACACGTCACCCATGG	Ches	SRR11008275	275_AACACGTCACCCATGG	TRUE
Ches_Ao_AACACGTGTAGTGAAT	Ches_Ao	AACACGTGTAGTGAAT	Ches	SRR11008275	275_AACACGTGTAGTGAAT	TRUE
Ches_Ao_AACACGTGTCAGCTAT	Ches_Ao	AACACGTGTCAGCTAT	Ches	SRR11008275	275_AACACGTGTCAGCTAT	TRUE
Ches_Ao_AACACGTTCACAACGT	Ches_Ao	AACACGTTCACAACGT	Ches	SRR11008275	275_AACACGTTCACAACGT	TRUE
Ches_Ao_AACCATGAGCACCGCT	Ches_Ao	AACCATGAGCACCGCT	Ches	SRR11008275	275_AACCATGAGCACCGCT	TRUE
Ches_Ao_AACCATGGTAGGACAC	Ches_Ao	AACCATGGTAGGACAC	Ches	SRR11008275	275_AACCATGGTAGGACAC	TRUE
Ches_Ao_AACCATGGTCATGCCG	Ches_Ao	AACCATGGTCATGCCG	Ches	SRR11008275	275_AACCATGGTCATGCCG	TRUE
Ches_Ao_AACCGCGAGTCCGGTC	Ches_Ao	AACCGCGAGTCCGGTC	Ches	SRR11008275	275_AACCGCGAGTCCGGTC	TRUE
Ches_Ao_AACCGCGGTGCACTTA	Ches_Ao	AACCGCGGTGCACTTA	Ches	SRR11008275	275_AACCGCGGTGCACTTA	TRUE
Ches_Ao_AACCGCGTCAGCGACC	Ches_Ao	AACCGCGTCAGCGACC	Ches	SRR11008275	275_AACCGCGTCAGCGACC	TRUE
Ches_Ao_AACCGCGTCTAACTTC	Ches_Ao	AACCGCGTCTAACTTC	Ches	SRR11008275	275_AACCGCGTCTAACTTC	TRUE
Ches_Ao_AACGTTGGTCGGATCC	Ches_Ao	AACGTTGGTCGGATCC	Ches	SRR11008275	275_AACGTTGGTCGGATCC	TRUE
Ches_Ao_AACTCAGGTGTCCTCT	Ches_Ao	AACTCAGGTGTCCTCT	Ches	SRR11008275	275_AACTCAGGTGTCCTCT	TRUE
Ches_Ao_AACTCCCAGGCTATCT	Ches_Ao	AACTCCCAGGCTATCT	Ches	SRR11008275	275_AACTCCCAGGCTATCT	TRUE
Ches_Ao_AACTCCCCATTCTCAT	Ches_Ao	AACTCCCCATTCTCAT	Ches	SRR11008275	275_AACTCCCCATTCTCAT	TRUE
Ches_Ao_AACTCCCGTACTTGAC	Ches_Ao	AACTCCCGTACTTGAC	Ches	SRR11008275	275_AACTCCCGTACTTGAC	TRUE
Ches_Ao_AACTGGTAGCGCCTCA	Ches_Ao	AACTGGTAGCGCCTCA	Ches	SRR11008275	275_AACTGGTAGCGCCTCA	TRUE
Ches_Ao_AACTGGTGTGACGGTA	Ches_Ao	AACTGGTGTGACGGTA	Ches	SRR11008275	275_AACTGGTGTGACGGTA	TRUE
Ches_Ao_AACTGGTGTTAGGGTG	Ches_Ao	AACTGGTGTTAGGGTG	Ches	SRR11008275	275_AACTGGTGTTAGGGTG	TRUE
Ches_Ao_AACTGGTTCTGCAGTA	Ches_Ao	AACTGGTTCTGCAGTA	Ches	SRR11008275	275_AACTGGTTCTGCAGTA	TRUE
Ches_Ao_AAGACCTCAATGCCAT	Ches_Ao	AAGACCTCAATGCCAT	Ches	SRR11008275	275_AAGACCTCAATGCCAT	TRUE
Ches_Ao_AAGACCTCAGTCGTGC	Ches_Ao	AAGACCTCAGTCGTGC	Ches	SRR11008275	275_AAGACCTCAGTCGTGC	TRUE
Ches_Ao_AAGACCTCATCCGTGG	Ches_Ao	AAGACCTCATCCGTGG	Ches	SRR11008275	275_AAGACCTCATCCGTGG	FALSE
Ches_Ao_AAGACCTGTGATGTCT	Ches_Ao	AAGACCTGTGATGTCT	Ches	SRR11008275	275_AAGACCTGTGATGTCT	TRUE
Ches_Ao_AAGCCGCAGTGTTTGC	Ches_Ao	AAGCCGCAGTGTTTGC	Ches	SRR11008275	275_AAGCCGCAGTGTTTGC	TRUE
Ches_Ao_AAGCCGCGTCATTAGC	Ches_Ao	AAGCCGCGTCATTAGC	Ches	SRR11008275	275_AAGCCGCGTCATTAGC	TRUE
Ches_Ao_AAGCCGCGTCTAACGT	Ches_Ao	AAGCCGCGTCTAACGT	Ches	SRR11008275	275_AAGCCGCGTCTAACGT	TRUE
Ches_Ao_AAGGCAGAGCGTGAAC	Ches_Ao	AAGGCAGAGCGTGAAC	Ches	SRR11008275	275_AAGGCAGAGCGTGAAC	TRUE
Ches_Ao_AAGGCAGTCTGGGCCA	Ches_Ao	AAGGCAGTCTGGGCCA	Ches	SRR11008275	275_AAGGCAGTCTGGGCCA	TRUE
Ches_Ao_AAGGTTCGTAGAGGAA	Ches_Ao	AAGGTTCGTAGAGGAA	Ches	SRR11008275	275_AAGGTTCGTAGAGGAA	TRUE
Ches_Ao_AAGGTTCTCCGGCACA	Ches_Ao	AAGGTTCTCCGGCACA	Ches	SRR11008275	275_AAGGTTCTCCGGCACA	TRUE
Ches_Ao_AAGTCTGCATTAGCCA	Ches_Ao	AAGTCTGCATTAGCCA	Ches	SRR11008275	275_AAGTCTGCATTAGCCA	TRUE
Ches_Ao_AAGTCTGGTGTATGGG	Ches_Ao	AAGTCTGGTGTATGGG	Ches	SRR11008275	275_AAGTCTGGTGTATGGG	TRUE
Ches_Ao_AATCGGTAGCCGCCTA	Ches_Ao	AATCGGTAGCCGCCTA	Ches	SRR11008275	275_AATCGGTAGCCGCCTA	TRUE
Ches_Ao_AATCGGTCACCACCAG	Ches_Ao	AATCGGTCACCACCAG	Ches	SRR11008275	275_AATCGGTCACCACCAG	TRUE
Ches_Ao_ACACCAACAAGCCGTC	Ches_Ao	ACACCAACAAGCCGTC	Ches	SRR11008275	275_ACACCAACAAGCCGTC	TRUE
Ches_Ao_ACACCAATCTCGCATC	Ches_Ao	ACACCAATCTCGCATC	Ches	SRR11008275	275_ACACCAATCTCGCATC	TRUE
Ches_Ao_ACACCGGAGGCTCAGA	Ches_Ao	ACACCGGAGGCTCAGA	Ches	SRR11008275	275_ACACCGGAGGCTCAGA	TRUE
Ches_Ao_ACACCGGCACACCGCA	Ches_Ao	ACACCGGCACACCGCA	Ches	SRR11008275	275_ACACCGGCACACCGCA	TRUE
Ches_Ao_ACACCGGGTACCGCTG	Ches_Ao	ACACCGGGTACCGCTG	Ches	SRR11008275	275_ACACCGGGTACCGCTG	TRUE
Ches_Ao_ACACCGGGTATGAATG	Ches_Ao	ACACCGGGTATGAATG	Ches	SRR11008275	275_ACACCGGGTATGAATG	TRUE
Ches_Ao_ACACCGGGTTCGCGAC	Ches_Ao	ACACCGGGTTCGCGAC	Ches	SRR11008275	275_ACACCGGGTTCGCGAC	TRUE
Ches_Ao_ACACTGAAGGCCATAG	Ches_Ao	ACACTGAAGGCCATAG	Ches	SRR11008275	275_ACACTGAAGGCCATAG	TRUE
Ches_Ao_ACACTGAGTAAGGGCT	Ches_Ao	ACACTGAGTAAGGGCT	Ches	SRR11008275	275_ACACTGAGTAAGGGCT	TRUE
Ches_Ao_ACACTGATCCTTTCGG	Ches_Ao	ACACTGATCCTTTCGG	Ches	SRR11008275	275_ACACTGATCCTTTCGG	TRUE
Ches_Ao_ACAGCCGAGGATGGAA	Ches_Ao	ACAGCCGAGGATGGAA	Ches	SRR11008275	275_ACAGCCGAGGATGGAA	TRUE
Ches_Ao_ACAGCCGCAAAGGTGC	Ches_Ao	ACAGCCGCAAAGGTGC	Ches	SRR11008275	275_ACAGCCGCAAAGGTGC	TRUE
Ches_Ao_ACAGCCGTCAAACGGG	Ches_Ao	ACAGCCGTCAAACGGG	Ches	SRR11008275	275_ACAGCCGTCAAACGGG	TRUE
Ches_Ao_ACAGCTAGTGATGATA	Ches_Ao	ACAGCTAGTGATGATA	Ches	SRR11008275	275_ACAGCTAGTGATGATA	TRUE
Ches_Ao_ACAGCTATCTCTGTCG	Ches_Ao	ACAGCTATCTCTGTCG	Ches	SRR11008275	275_ACAGCTATCTCTGTCG	TRUE
Ches_Ao_ACATACGCAGCTCCGA	Ches_Ao	ACATACGCAGCTCCGA	Ches	SRR11008275	275_ACATACGCAGCTCCGA	TRUE
Ches_Ao_ACATGGTCACAGTCGC	Ches_Ao	ACATGGTCACAGTCGC	Ches	SRR11008275	275_ACATGGTCACAGTCGC	TRUE
Ches_Ao_ACATGGTTCAGTGTTG	Ches_Ao	ACATGGTTCAGTGTTG	Ches	SRR11008275	275_ACATGGTTCAGTGTTG	TRUE
Ches_Ao_ACCAGTAGTTGCCTCT	Ches_Ao	ACCAGTAGTTGCCTCT	Ches	SRR11008275	275_ACCAGTAGTTGCCTCT	TRUE
Ches_Ao_ACCAGTATCCTATTCA	Ches_Ao	ACCAGTATCCTATTCA	Ches	SRR11008275	275_ACCAGTATCCTATTCA	TRUE
Ches_Ao_ACCCACTCACAACGTT	Ches_Ao	ACCCACTCACAACGTT	Ches	SRR11008275	275_ACCCACTCACAACGTT	TRUE
Ches_Ao_ACCCACTGTCTTGTCC	Ches_Ao	ACCCACTGTCTTGTCC	Ches	SRR11008275	275_ACCCACTGTCTTGTCC	TRUE
Ches_Ao_ACCCACTTCGGCTTGG	Ches_Ao	ACCCACTTCGGCTTGG	Ches	SRR11008275	275_ACCCACTTCGGCTTGG	TRUE
Ches_Ao_ACCCACTTCTAGCACA	Ches_Ao	ACCCACTTCTAGCACA	Ches	SRR11008275	275_ACCCACTTCTAGCACA	TRUE
Ches_Ao_ACCCACTTCTGAGGGA	Ches_Ao	ACCCACTTCTGAGGGA	Ches	SRR11008275	275_ACCCACTTCTGAGGGA	TRUE
Ches_Ao_ACGAGGAGTGACCAAG	Ches_Ao	ACGAGGAGTGACCAAG	Ches	SRR11008275	275_ACGAGGAGTGACCAAG	TRUE
Ches_Ao_ACGATGTCATTGAGCT	Ches_Ao	ACGATGTCATTGAGCT	Ches	SRR11008275	275_ACGATGTCATTGAGCT	TRUE
Ches_Ao_ACGCAGCGTCGATTGT	Ches_Ao	ACGCAGCGTCGATTGT	Ches	SRR11008275	275_ACGCAGCGTCGATTGT	TRUE
Ches_Ao_ACGCAGCTCAAGCCTA	Ches_Ao	ACGCAGCTCAAGCCTA	Ches	SRR11008275	275_ACGCAGCTCAAGCCTA	TRUE
Ches_Ao_ACGCCAGCACCATCCT	Ches_Ao	ACGCCAGCACCATCCT	Ches	SRR11008275	275_ACGCCAGCACCATCCT	TRUE
Ches_Ao_ACGCCGAAGAGATGAG	Ches_Ao	ACGCCGAAGAGATGAG	Ches	SRR11008275	275_ACGCCGAAGAGATGAG	TRUE
Ches_Ao_ACGCCGAAGAGGTTGC	Ches_Ao	ACGCCGAAGAGGTTGC	Ches	SRR11008275	275_ACGCCGAAGAGGTTGC	TRUE
Ches_Ao_ACGCCGAGTCCTGCTT	Ches_Ao	ACGCCGAGTCCTGCTT	Ches	SRR11008275	275_ACGCCGAGTCCTGCTT	TRUE
Ches_Ao_ACGCCGATCGGCCGAT	Ches_Ao	ACGCCGATCGGCCGAT	Ches	SRR11008275	275_ACGCCGATCGGCCGAT	TRUE
Ches_Ao_ACGCCGATCGGTTAAC	Ches_Ao	ACGCCGATCGGTTAAC	Ches	SRR11008275	275_ACGCCGATCGGTTAAC	TRUE
Ches_Ao_ACGGAGAGTGAACCTT	Ches_Ao	ACGGAGAGTGAACCTT	Ches	SRR11008275	275_ACGGAGAGTGAACCTT	TRUE
Ches_Ao_ACGGCCAAGCTGAACG	Ches_Ao	ACGGCCAAGCTGAACG	Ches	SRR11008275	275_ACGGCCAAGCTGAACG	TRUE
Ches_Ao_ACGGCCAGTCCTGCTT	Ches_Ao	ACGGCCAGTCCTGCTT	Ches	SRR11008275	275_ACGGCCAGTCCTGCTT	TRUE
Ches_Ao_ACGGCCAGTGTGACCC	Ches_Ao	ACGGCCAGTGTGACCC	Ches	SRR11008275	275_ACGGCCAGTGTGACCC	TRUE
Ches_Ao_ACGGCCATCTCGCATC	Ches_Ao	ACGGCCATCTCGCATC	Ches	SRR11008275	275_ACGGCCATCTCGCATC	TRUE
Ches_Ao_ACGGGCTCACGTCAGC	Ches_Ao	ACGGGCTCACGTCAGC	Ches	SRR11008275	275_ACGGGCTCACGTCAGC	TRUE
Ches_Ao_ACGGGCTCATGACATC	Ches_Ao	ACGGGCTCATGACATC	Ches	SRR11008275	275_ACGGGCTCATGACATC	TRUE
Ches_Ao_ACGGGTCAGTCGAGTG	Ches_Ao	ACGGGTCAGTCGAGTG	Ches	SRR11008275	275_ACGGGTCAGTCGAGTG	FALSE
Ches_Ao_ACGGGTCAGTTGTAGA	Ches_Ao	ACGGGTCAGTTGTAGA	Ches	SRR11008275	275_ACGGGTCAGTTGTAGA	TRUE
Ches_Ao_ACGGGTCCACTCAGGC	Ches_Ao	ACGGGTCCACTCAGGC	Ches	SRR11008275	275_ACGGGTCCACTCAGGC	TRUE
Ches_Ao_ACGGGTCTCTCCCTGA	Ches_Ao	ACGGGTCTCTCCCTGA	Ches	SRR11008275	275_ACGGGTCTCTCCCTGA	TRUE
Ches_Ao_ACGTCAACACCGATAT	Ches_Ao	ACGTCAACACCGATAT	Ches	SRR11008275	275_ACGTCAACACCGATAT	TRUE
Ches_Ao_ACGTCAATCCAAAGTC	Ches_Ao	ACGTCAATCCAAAGTC	Ches	SRR11008275	275_ACGTCAATCCAAAGTC	TRUE
Ches_Ao_ACTATCTCAAACAACA	Ches_Ao	ACTATCTCAAACAACA	Ches	SRR11008275	275_ACTATCTCAAACAACA	TRUE
Ches_Ao_ACTGATGAGCCCTAAT	Ches_Ao	ACTGATGAGCCCTAAT	Ches	SRR11008275	275_ACTGATGAGCCCTAAT	TRUE
Ches_Ao_ACTGATGGTCAAGCGA	Ches_Ao	ACTGATGGTCAAGCGA	Ches	SRR11008275	275_ACTGATGGTCAAGCGA	TRUE
Ches_Ao_ACTGATGGTGGCCCTA	Ches_Ao	ACTGATGGTGGCCCTA	Ches	SRR11008275	275_ACTGATGGTGGCCCTA	TRUE
Ches_Ao_ACTGCTCTCGTGACAT	Ches_Ao	ACTGCTCTCGTGACAT	Ches	SRR11008275	275_ACTGCTCTCGTGACAT	TRUE
Ches_Ao_ACTGTCCAGCGCTCCA	Ches_Ao	ACTGTCCAGCGCTCCA	Ches	SRR11008275	275_ACTGTCCAGCGCTCCA	TRUE
Ches_Ao_ACTGTCCCAAGGCTCC	Ches_Ao	ACTGTCCCAAGGCTCC	Ches	SRR11008275	275_ACTGTCCCAAGGCTCC	TRUE
Ches_Ao_ACTGTCCGTCTAGCGC	Ches_Ao	ACTGTCCGTCTAGCGC	Ches	SRR11008275	275_ACTGTCCGTCTAGCGC	TRUE
Ches_Ao_ACTGTCCTCTACGAGT	Ches_Ao	ACTGTCCTCTACGAGT	Ches	SRR11008275	275_ACTGTCCTCTACGAGT	TRUE
Ches_Ao_ACTTACTCACCACGTG	Ches_Ao	ACTTACTCACCACGTG	Ches	SRR11008275	275_ACTTACTCACCACGTG	TRUE
Ches_Ao_ACTTACTTCCCATTTA	Ches_Ao	ACTTACTTCCCATTTA	Ches	SRR11008275	275_ACTTACTTCCCATTTA	TRUE
Ches_Ao_ACTTGTTAGTGCGATG	Ches_Ao	ACTTGTTAGTGCGATG	Ches	SRR11008275	275_ACTTGTTAGTGCGATG	TRUE
Ches_Ao_ACTTGTTGTCAAGCGA	Ches_Ao	ACTTGTTGTCAAGCGA	Ches	SRR11008275	275_ACTTGTTGTCAAGCGA	TRUE
Ches_Ao_ACTTGTTGTTCTGGTA	Ches_Ao	ACTTGTTGTTCTGGTA	Ches	SRR11008275	275_ACTTGTTGTTCTGGTA	TRUE
Ches_Ao_ACTTTCAAGAGTACAT	Ches_Ao	ACTTTCAAGAGTACAT	Ches	SRR11008275	275_ACTTTCAAGAGTACAT	TRUE
Ches_Ao_ACTTTCAGTCAGAAGC	Ches_Ao	ACTTTCAGTCAGAAGC	Ches	SRR11008275	275_ACTTTCAGTCAGAAGC	FALSE
Ches_Ao_ACTTTCATCTTTACGT	Ches_Ao	ACTTTCATCTTTACGT	Ches	SRR11008275	275_ACTTTCATCTTTACGT	TRUE
Ches_Ao_AGAATAGCAGGACCCT	Ches_Ao	AGAATAGCAGGACCCT	Ches	SRR11008275	275_AGAATAGCAGGACCCT	TRUE
Ches_Ao_AGACGTTCACAAGACG	Ches_Ao	AGACGTTCACAAGACG	Ches	SRR11008275	275_AGACGTTCACAAGACG	TRUE
Ches_Ao_AGAGCGAAGCTGGAAC	Ches_Ao	AGAGCGAAGCTGGAAC	Ches	SRR11008275	275_AGAGCGAAGCTGGAAC	TRUE
Ches_Ao_AGAGCGAAGGCATGTG	Ches_Ao	AGAGCGAAGGCATGTG	Ches	SRR11008275	275_AGAGCGAAGGCATGTG	TRUE
Ches_Ao_AGAGCGAAGTGCCAGA	Ches_Ao	AGAGCGAAGTGCCAGA	Ches	SRR11008275	275_AGAGCGAAGTGCCAGA	TRUE
Ches_Ao_AGAGCGACATACCATG	Ches_Ao	AGAGCGACATACCATG	Ches	SRR11008275	275_AGAGCGACATACCATG	TRUE
Ches_Ao_AGAGCGATCCACGTGG	Ches_Ao	AGAGCGATCCACGTGG	Ches	SRR11008275	275_AGAGCGATCCACGTGG	TRUE
Ches_Ao_AGAGCGATCTGTCAAG	Ches_Ao	AGAGCGATCTGTCAAG	Ches	SRR11008275	275_AGAGCGATCTGTCAAG	FALSE
Ches_Ao_AGAGCTTCAGCCTATA	Ches_Ao	AGAGCTTCAGCCTATA	Ches	SRR11008275	275_AGAGCTTCAGCCTATA	TRUE
Ches_Ao_AGAGCTTGTGCGCTTG	Ches_Ao	AGAGCTTGTGCGCTTG	Ches	SRR11008275	275_AGAGCTTGTGCGCTTG	TRUE
Ches_Ao_AGAGCTTGTGGAAAGA	Ches_Ao	AGAGCTTGTGGAAAGA	Ches	SRR11008275	275_AGAGCTTGTGGAAAGA	TRUE
Ches_Ao_AGAGTGGAGCACCGCT	Ches_Ao	AGAGTGGAGCACCGCT	Ches	SRR11008275	275_AGAGTGGAGCACCGCT	TRUE
Ches_Ao_AGAGTGGCAATACGCT	Ches_Ao	AGAGTGGCAATACGCT	Ches	SRR11008275	275_AGAGTGGCAATACGCT	TRUE
Ches_Ao_AGATCTGAGCTAGTGG	Ches_Ao	AGATCTGAGCTAGTGG	Ches	SRR11008275	275_AGATCTGAGCTAGTGG	TRUE
Ches_Ao_AGCAGCCCAAAGCGGT	Ches_Ao	AGCAGCCCAAAGCGGT	Ches	SRR11008275	275_AGCAGCCCAAAGCGGT	TRUE
Ches_Ao_AGCAGCCGTCTTGATG	Ches_Ao	AGCAGCCGTCTTGATG	Ches	SRR11008275	275_AGCAGCCGTCTTGATG	TRUE
Ches_Ao_AGCATACCACGCATCG	Ches_Ao	AGCATACCACGCATCG	Ches	SRR11008275	275_AGCATACCACGCATCG	TRUE
Ches_Ao_AGCCTAAAGGGCACTA	Ches_Ao	AGCCTAAAGGGCACTA	Ches	SRR11008275	275_AGCCTAAAGGGCACTA	TRUE
Ches_Ao_AGCCTAACAACACCCG	Ches_Ao	AGCCTAACAACACCCG	Ches	SRR11008275	275_AGCCTAACAACACCCG	TRUE
Ches_Ao_AGCCTAACAGACGCTC	Ches_Ao	AGCCTAACAGACGCTC	Ches	SRR11008275	275_AGCCTAACAGACGCTC	TRUE
Ches_Ao_AGCCTAAGTGGTCCGT	Ches_Ao	AGCCTAAGTGGTCCGT	Ches	SRR11008275	275_AGCCTAAGTGGTCCGT	TRUE
Ches_Ao_AGCGTATGTAGCGATG	Ches_Ao	AGCGTATGTAGCGATG	Ches	SRR11008275	275_AGCGTATGTAGCGATG	TRUE
Ches_Ao_AGCGTCGGTCTTGATG	Ches_Ao	AGCGTCGGTCTTGATG	Ches	SRR11008275	275_AGCGTCGGTCTTGATG	TRUE
Ches_Ao_AGCGTCGGTGCAGTAG	Ches_Ao	AGCGTCGGTGCAGTAG	Ches	SRR11008275	275_AGCGTCGGTGCAGTAG	TRUE
Ches_Ao_AGCTCCTAGAGCTGGT	Ches_Ao	AGCTCCTAGAGCTGGT	Ches	SRR11008275	275_AGCTCCTAGAGCTGGT	TRUE
Ches_Ao_AGCTCCTCACTCGACG	Ches_Ao	AGCTCCTCACTCGACG	Ches	SRR11008275	275_AGCTCCTCACTCGACG	TRUE
Ches_Ao_AGCTCCTTCGCCGTGA	Ches_Ao	AGCTCCTTCGCCGTGA	Ches	SRR11008275	275_AGCTCCTTCGCCGTGA	TRUE
Ches_Ao_AGCTCTCAGGAGTACC	Ches_Ao	AGCTCTCAGGAGTACC	Ches	SRR11008275	275_AGCTCTCAGGAGTACC	TRUE
Ches_Ao_AGCTTGAAGCACCGCT	Ches_Ao	AGCTTGAAGCACCGCT	Ches	SRR11008275	275_AGCTTGAAGCACCGCT	TRUE
Ches_Ao_AGCTTGAGTAGGCATG	Ches_Ao	AGCTTGAGTAGGCATG	Ches	SRR11008275	275_AGCTTGAGTAGGCATG	TRUE
Ches_Ao_AGCTTGAGTTGAACTC	Ches_Ao	AGCTTGAGTTGAACTC	Ches	SRR11008275	275_AGCTTGAGTTGAACTC	TRUE
Ches_Ao_AGGCCACAGTCTCGGC	Ches_Ao	AGGCCACAGTCTCGGC	Ches	SRR11008275	275_AGGCCACAGTCTCGGC	TRUE
Ches_Ao_AGGCCACGTCTGCAAT	Ches_Ao	AGGCCACGTCTGCAAT	Ches	SRR11008275	275_AGGCCACGTCTGCAAT	TRUE
Ches_Ao_AGGCCACGTTAAGTAG	Ches_Ao	AGGCCACGTTAAGTAG	Ches	SRR11008275	275_AGGCCACGTTAAGTAG	TRUE
Ches_Ao_AGGCCGTGTGCCTGTG	Ches_Ao	AGGCCGTGTGCCTGTG	Ches	SRR11008275	275_AGGCCGTGTGCCTGTG	TRUE
Ches_Ao_AGGCCGTTCGTGGGAA	Ches_Ao	AGGCCGTTCGTGGGAA	Ches	SRR11008275	275_AGGCCGTTCGTGGGAA	TRUE
Ches_Ao_AGGGAGTAGATATACG	Ches_Ao	AGGGAGTAGATATACG	Ches	SRR11008275	275_AGGGAGTAGATATACG	TRUE
Ches_Ao_AGGGAGTCAAAGCGGT	Ches_Ao	AGGGAGTCAAAGCGGT	Ches	SRR11008275	275_AGGGAGTCAAAGCGGT	TRUE
Ches_Ao_AGGGAGTTCCTACAGA	Ches_Ao	AGGGAGTTCCTACAGA	Ches	SRR11008275	275_AGGGAGTTCCTACAGA	TRUE
Ches_Ao_AGGGATGAGCTGGAAC	Ches_Ao	AGGGATGAGCTGGAAC	Ches	SRR11008275	275_AGGGATGAGCTGGAAC	TRUE
Ches_Ao_AGGGATGAGGGTCGAT	Ches_Ao	AGGGATGAGGGTCGAT	Ches	SRR11008275	275_AGGGATGAGGGTCGAT	TRUE
Ches_Ao_AGGGTGAAGTGTTAGA	Ches_Ao	AGGGTGAAGTGTTAGA	Ches	SRR11008275	275_AGGGTGAAGTGTTAGA	TRUE
Ches_Ao_AGGGTGAGTCGCTTTC	Ches_Ao	AGGGTGAGTCGCTTTC	Ches	SRR11008275	275_AGGGTGAGTCGCTTTC	TRUE
Ches_Ao_AGGGTGAGTTACGCGC	Ches_Ao	AGGGTGAGTTACGCGC	Ches	SRR11008275	275_AGGGTGAGTTACGCGC	TRUE
Ches_Ao_AGGGTGATCCCTCAGT	Ches_Ao	AGGGTGATCCCTCAGT	Ches	SRR11008275	275_AGGGTGATCCCTCAGT	TRUE
Ches_Ao_AGGTCATAGCTAAACA	Ches_Ao	AGGTCATAGCTAAACA	Ches	SRR11008275	275_AGGTCATAGCTAAACA	TRUE
Ches_Ao_AGGTCATAGCTGCGAA	Ches_Ao	AGGTCATAGCTGCGAA	Ches	SRR11008275	275_AGGTCATAGCTGCGAA	FALSE
Ches_Ao_AGGTCATAGGTGATTA	Ches_Ao	AGGTCATAGGTGATTA	Ches	SRR11008275	275_AGGTCATAGGTGATTA	TRUE
Ches_Ao_AGGTCATAGGTGTTAA	Ches_Ao	AGGTCATAGGTGTTAA	Ches	SRR11008275	275_AGGTCATAGGTGTTAA	TRUE
Ches_Ao_AGGTCATGTGCAGTAG	Ches_Ao	AGGTCATGTGCAGTAG	Ches	SRR11008275	275_AGGTCATGTGCAGTAG	TRUE
Ches_Ao_AGGTCCGTCTCTAAGG	Ches_Ao	AGGTCCGTCTCTAAGG	Ches	SRR11008275	275_AGGTCCGTCTCTAAGG	TRUE
Ches_Ao_AGGTCCGTCTGCCCTA	Ches_Ao	AGGTCCGTCTGCCCTA	Ches	SRR11008275	275_AGGTCCGTCTGCCCTA	TRUE
Ches_Ao_AGTAGTCAGGTAAACT	Ches_Ao	AGTAGTCAGGTAAACT	Ches	SRR11008275	275_AGTAGTCAGGTAAACT	FALSE
Ches_Ao_AGTAGTCCATCTCCCA	Ches_Ao	AGTAGTCCATCTCCCA	Ches	SRR11008275	275_AGTAGTCCATCTCCCA	TRUE
Ches_Ao_AGTCTTTAGCCAGTTT	Ches_Ao	AGTCTTTAGCCAGTTT	Ches	SRR11008275	275_AGTCTTTAGCCAGTTT	TRUE
Ches_Ao_AGTCTTTGTAGAGGAA	Ches_Ao	AGTCTTTGTAGAGGAA	Ches	SRR11008275	275_AGTCTTTGTAGAGGAA	TRUE
Ches_Ao_AGTCTTTGTGCGATAG	Ches_Ao	AGTCTTTGTGCGATAG	Ches	SRR11008275	275_AGTCTTTGTGCGATAG	TRUE
Ches_Ao_AGTGAGGAGATAGGAG	Ches_Ao	AGTGAGGAGATAGGAG	Ches	SRR11008275	275_AGTGAGGAGATAGGAG	TRUE
Ches_Ao_AGTGTCAAGCTAAGAT	Ches_Ao	AGTGTCAAGCTAAGAT	Ches	SRR11008275	275_AGTGTCAAGCTAAGAT	TRUE
Ches_Ao_AGTGTCAGTAGGCATG	Ches_Ao	AGTGTCAGTAGGCATG	Ches	SRR11008275	275_AGTGTCAGTAGGCATG	TRUE
Ches_Ao_AGTGTCAGTGGAAAGA	Ches_Ao	AGTGTCAGTGGAAAGA	Ches	SRR11008275	275_AGTGTCAGTGGAAAGA	TRUE
Ches_Ao_AGTGTCAGTTGTCTTT	Ches_Ao	AGTGTCAGTTGTCTTT	Ches	SRR11008275	275_AGTGTCAGTTGTCTTT	TRUE
Ches_Ao_AGTTGGTAGAGACTTA	Ches_Ao	AGTTGGTAGAGACTTA	Ches	SRR11008275	275_AGTTGGTAGAGACTTA	TRUE
Ches_Ao_AGTTGGTGTCTCCACT	Ches_Ao	AGTTGGTGTCTCCACT	Ches	SRR11008275	275_AGTTGGTGTCTCCACT	TRUE
Ches_Ao_AGTTGGTGTTAAGACA	Ches_Ao	AGTTGGTGTTAAGACA	Ches	SRR11008275	275_AGTTGGTGTTAAGACA	TRUE
Ches_Ao_ATAACGCAGAATAGGG	Ches_Ao	ATAACGCAGAATAGGG	Ches	SRR11008275	275_ATAACGCAGAATAGGG	TRUE
Ches_Ao_ATAACGCAGCTAGCCC	Ches_Ao	ATAACGCAGCTAGCCC	Ches	SRR11008275	275_ATAACGCAGCTAGCCC	TRUE
Ches_Ao_ATAACGCGTTAAGTAG	Ches_Ao	ATAACGCGTTAAGTAG	Ches	SRR11008275	275_ATAACGCGTTAAGTAG	TRUE
Ches_Ao_ATAACGCTCTTTAGGG	Ches_Ao	ATAACGCTCTTTAGGG	Ches	SRR11008275	275_ATAACGCTCTTTAGGG	TRUE
Ches_Ao_ATAAGAGGTACCATCA	Ches_Ao	ATAAGAGGTACCATCA	Ches	SRR11008275	275_ATAAGAGGTACCATCA	TRUE
Ches_Ao_ATAGACCGTCACAAGG	Ches_Ao	ATAGACCGTCACAAGG	Ches	SRR11008275	275_ATAGACCGTCACAAGG	TRUE
Ches_Ao_ATCACGAAGCTACCTA	Ches_Ao	ATCACGAAGCTACCTA	Ches	SRR11008275	275_ATCACGAAGCTACCTA	TRUE
Ches_Ao_ATCACGAAGGGTTTCT	Ches_Ao	ATCACGAAGGGTTTCT	Ches	SRR11008275	275_ATCACGAAGGGTTTCT	TRUE
Ches_Ao_ATCACGACACTTAAGC	Ches_Ao	ATCACGACACTTAAGC	Ches	SRR11008275	275_ATCACGACACTTAAGC	TRUE
Ches_Ao_ATCACGAGTAGCGCTC	Ches_Ao	ATCACGAGTAGCGCTC	Ches	SRR11008275	275_ATCACGAGTAGCGCTC	TRUE
Ches_Ao_ATCATGGCATAGGATA	Ches_Ao	ATCATGGCATAGGATA	Ches	SRR11008275	275_ATCATGGCATAGGATA	TRUE
Ches_Ao_ATCCACCTCCGCTGTT	Ches_Ao	ATCCACCTCCGCTGTT	Ches	SRR11008275	275_ATCCACCTCCGCTGTT	TRUE
Ches_Ao_ATCCGAAAGTAATCCC	Ches_Ao	ATCCGAAAGTAATCCC	Ches	SRR11008275	275_ATCCGAAAGTAATCCC	TRUE
Ches_Ao_ATCCGAAAGTTAGGTA	Ches_Ao	ATCCGAAAGTTAGGTA	Ches	SRR11008275	275_ATCCGAAAGTTAGGTA	TRUE
Ches_Ao_ATCGAGTAGTGACATA	Ches_Ao	ATCGAGTAGTGACATA	Ches	SRR11008275	275_ATCGAGTAGTGACATA	TRUE
Ches_Ao_ATCGAGTTCATACGGT	Ches_Ao	ATCGAGTTCATACGGT	Ches	SRR11008275	275_ATCGAGTTCATACGGT	TRUE
Ches_Ao_ATCTACTAGAAACCAT	Ches_Ao	ATCTACTAGAAACCAT	Ches	SRR11008275	275_ATCTACTAGAAACCAT	TRUE
Ches_Ao_ATCTACTAGGACCACA	Ches_Ao	ATCTACTAGGACCACA	Ches	SRR11008275	275_ATCTACTAGGACCACA	TRUE
Ches_Ao_ATCTACTAGTGCTGCC	Ches_Ao	ATCTACTAGTGCTGCC	Ches	SRR11008275	275_ATCTACTAGTGCTGCC	TRUE
Ches_Ao_ATCTACTGTTAAGAAC	Ches_Ao	ATCTACTGTTAAGAAC	Ches	SRR11008275	275_ATCTACTGTTAAGAAC	TRUE
Ches_Ao_ATCTGCCGTTCGGGCT	Ches_Ao	ATCTGCCGTTCGGGCT	Ches	SRR11008275	275_ATCTGCCGTTCGGGCT	TRUE
Ches_Ao_ATGAGGGTCAGCAACT	Ches_Ao	ATGAGGGTCAGCAACT	Ches	SRR11008275	275_ATGAGGGTCAGCAACT	TRUE
Ches_Ao_ATGCGATAGATAGTCA	Ches_Ao	ATGCGATAGATAGTCA	Ches	SRR11008275	275_ATGCGATAGATAGTCA	TRUE
Ches_Ao_ATGCGATTCTCTAGGA	Ches_Ao	ATGCGATTCTCTAGGA	Ches	SRR11008275	275_ATGCGATTCTCTAGGA	TRUE
Ches_Ao_ATGGGAGAGATGTGTA	Ches_Ao	ATGGGAGAGATGTGTA	Ches	SRR11008275	275_ATGGGAGAGATGTGTA	TRUE
Ches_Ao_ATGGGAGGTCCTCTTG	Ches_Ao	ATGGGAGGTCCTCTTG	Ches	SRR11008275	275_ATGGGAGGTCCTCTTG	TRUE
Ches_Ao_ATGGGAGGTTCACCTC	Ches_Ao	ATGGGAGGTTCACCTC	Ches	SRR11008275	275_ATGGGAGGTTCACCTC	TRUE
Ches_Ao_ATGGGAGTCTGTCTCG	Ches_Ao	ATGGGAGTCTGTCTCG	Ches	SRR11008275	275_ATGGGAGTCTGTCTCG	TRUE
Ches_Ao_ATTACTCAGCTGAACG	Ches_Ao	ATTACTCAGCTGAACG	Ches	SRR11008275	275_ATTACTCAGCTGAACG	TRUE
Ches_Ao_ATTACTCAGTGTACGG	Ches_Ao	ATTACTCAGTGTACGG	Ches	SRR11008275	275_ATTACTCAGTGTACGG	TRUE
Ches_Ao_ATTATCCAGAAACGCC	Ches_Ao	ATTATCCAGAAACGCC	Ches	SRR11008275	275_ATTATCCAGAAACGCC	TRUE
Ches_Ao_ATTATCCCACGGTGTC	Ches_Ao	ATTATCCCACGGTGTC	Ches	SRR11008275	275_ATTATCCCACGGTGTC	TRUE
Ches_Ao_ATTATCCGTTATTCTC	Ches_Ao	ATTATCCGTTATTCTC	Ches	SRR11008275	275_ATTATCCGTTATTCTC	TRUE
Ches_Ao_ATTCTACTCTATCGCC	Ches_Ao	ATTCTACTCTATCGCC	Ches	SRR11008275	275_ATTCTACTCTATCGCC	TRUE
Ches_Ao_ATTGGACAGACTGGGT	Ches_Ao	ATTGGACAGACTGGGT	Ches	SRR11008275	275_ATTGGACAGACTGGGT	TRUE
Ches_Ao_ATTGGACAGCAGCCTC	Ches_Ao	ATTGGACAGCAGCCTC	Ches	SRR11008275	275_ATTGGACAGCAGCCTC	TRUE
Ches_Ao_ATTGGACAGGTTCCTA	Ches_Ao	ATTGGACAGGTTCCTA	Ches	SRR11008275	275_ATTGGACAGGTTCCTA	TRUE
Ches_Ao_ATTGGACGTAGCGATG	Ches_Ao	ATTGGACGTAGCGATG	Ches	SRR11008275	275_ATTGGACGTAGCGATG	TRUE
Ches_Ao_ATTGGACGTCTAGCGC	Ches_Ao	ATTGGACGTCTAGCGC	Ches	SRR11008275	275_ATTGGACGTCTAGCGC	TRUE
Ches_Ao_ATTGGTGCACCGAATT	Ches_Ao	ATTGGTGCACCGAATT	Ches	SRR11008275	275_ATTGGTGCACCGAATT	TRUE
Ches_Ao_ATTTCTGCACCTATCC	Ches_Ao	ATTTCTGCACCTATCC	Ches	SRR11008275	275_ATTTCTGCACCTATCC	TRUE
Ches_Ao_ATTTCTGGTAGAGGAA	Ches_Ao	ATTTCTGGTAGAGGAA	Ches	SRR11008275	275_ATTTCTGGTAGAGGAA	TRUE
Ches_Ao_ATTTCTGGTTTCCACC	Ches_Ao	ATTTCTGGTTTCCACC	Ches	SRR11008275	275_ATTTCTGGTTTCCACC	TRUE
Ches_Ao_CAACCAAAGATGCCTT	Ches_Ao	CAACCAAAGATGCCTT	Ches	SRR11008275	275_CAACCAAAGATGCCTT	TRUE
Ches_Ao_CAACCAAGTTAAGGGC	Ches_Ao	CAACCAAGTTAAGGGC	Ches	SRR11008275	275_CAACCAAGTTAAGGGC	TRUE
Ches_Ao_CAACCAATCTTGGGTA	Ches_Ao	CAACCAATCTTGGGTA	Ches	SRR11008275	275_CAACCAATCTTGGGTA	FALSE
Ches_Ao_CAACCTCCAATCTGCA	Ches_Ao	CAACCTCCAATCTGCA	Ches	SRR11008275	275_CAACCTCCAATCTGCA	TRUE
Ches_Ao_CAACCTCGTGGCGAAT	Ches_Ao	CAACCTCGTGGCGAAT	Ches	SRR11008275	275_CAACCTCGTGGCGAAT	TRUE
Ches_Ao_CAACTAGGTGGTACAG	Ches_Ao	CAACTAGGTGGTACAG	Ches	SRR11008275	275_CAACTAGGTGGTACAG	TRUE
Ches_Ao_CAAGAAAAGATAGGAG	Ches_Ao	CAAGAAAAGATAGGAG	Ches	SRR11008275	275_CAAGAAAAGATAGGAG	FALSE
Ches_Ao_CAAGAAATCATACGGT	Ches_Ao	CAAGAAATCATACGGT	Ches	SRR11008275	275_CAAGAAATCATACGGT	TRUE
Ches_Ao_CAAGAAATCTTGAGGT	Ches_Ao	CAAGAAATCTTGAGGT	Ches	SRR11008275	275_CAAGAAATCTTGAGGT	TRUE
Ches_Ao_CAAGATCCACCATCCT	Ches_Ao	CAAGATCCACCATCCT	Ches	SRR11008275	275_CAAGATCCACCATCCT	TRUE
Ches_Ao_CAAGATCGTCTGCGGT	Ches_Ao	CAAGATCGTCTGCGGT	Ches	SRR11008275	275_CAAGATCGTCTGCGGT	TRUE
Ches_Ao_CAAGTTGCAAGTTAAG	Ches_Ao	CAAGTTGCAAGTTAAG	Ches	SRR11008275	275_CAAGTTGCAAGTTAAG	TRUE
Ches_Ao_CAAGTTGCAATGGATA	Ches_Ao	CAAGTTGCAATGGATA	Ches	SRR11008275	275_CAAGTTGCAATGGATA	TRUE
Ches_Ao_CAAGTTGTCTGATTCT	Ches_Ao	CAAGTTGTCTGATTCT	Ches	SRR11008275	275_CAAGTTGTCTGATTCT	TRUE
Ches_Ao_CAAGTTGTCTTGTATC	Ches_Ao	CAAGTTGTCTTGTATC	Ches	SRR11008275	275_CAAGTTGTCTTGTATC	TRUE
Ches_Ao_CACAAACAGCCACTAT	Ches_Ao	CACAAACAGCCACTAT	Ches	SRR11008275	275_CACAAACAGCCACTAT	TRUE
Ches_Ao_CACAAACGTCAAAGCG	Ches_Ao	CACAAACGTCAAAGCG	Ches	SRR11008275	275_CACAAACGTCAAAGCG	TRUE
Ches_Ao_CACAAACGTGCCTTGG	Ches_Ao	CACAAACGTGCCTTGG	Ches	SRR11008275	275_CACAAACGTGCCTTGG	TRUE
Ches_Ao_CACACAATCAATACCG	Ches_Ao	CACACAATCAATACCG	Ches	SRR11008275	275_CACACAATCAATACCG	TRUE
Ches_Ao_CACACAATCTGCAAGT	Ches_Ao	CACACAATCTGCAAGT	Ches	SRR11008275	275_CACACAATCTGCAAGT	TRUE
Ches_Ao_CACACCTAGCGACGTA	Ches_Ao	CACACCTAGCGACGTA	Ches	SRR11008275	275_CACACCTAGCGACGTA	TRUE
Ches_Ao_CACACCTCAGGGTATG	Ches_Ao	CACACCTCAGGGTATG	Ches	SRR11008275	275_CACACCTCAGGGTATG	TRUE
Ches_Ao_CACACCTGTTCGTTGA	Ches_Ao	CACACCTGTTCGTTGA	Ches	SRR11008275	275_CACACCTGTTCGTTGA	TRUE
Ches_Ao_CACACCTTCAAAGTAG	Ches_Ao	CACACCTTCAAAGTAG	Ches	SRR11008275	275_CACACCTTCAAAGTAG	TRUE
Ches_Ao_CACACCTTCTTTACGT	Ches_Ao	CACACCTTCTTTACGT	Ches	SRR11008275	275_CACACCTTCTTTACGT	TRUE
Ches_Ao_CACACTCAGACCTTTG	Ches_Ao	CACACTCAGACCTTTG	Ches	SRR11008275	275_CACACTCAGACCTTTG	TRUE
Ches_Ao_CACACTCAGAGTGACC	Ches_Ao	CACACTCAGAGTGACC	Ches	SRR11008275	275_CACACTCAGAGTGACC	TRUE
Ches_Ao_CACACTCAGTTCGCAT	Ches_Ao	CACACTCAGTTCGCAT	Ches	SRR11008275	275_CACACTCAGTTCGCAT	TRUE
Ches_Ao_CACACTCCAATGTTGC	Ches_Ao	CACACTCCAATGTTGC	Ches	SRR11008275	275_CACACTCCAATGTTGC	TRUE
Ches_Ao_CACACTCGTGAGGGTT	Ches_Ao	CACACTCGTGAGGGTT	Ches	SRR11008275	275_CACACTCGTGAGGGTT	TRUE
Ches_Ao_CACACTCTCAGTTGAC	Ches_Ao	CACACTCTCAGTTGAC	Ches	SRR11008275	275_CACACTCTCAGTTGAC	TRUE
Ches_Ao_CACACTCTCGTAGATC	Ches_Ao	CACACTCTCGTAGATC	Ches	SRR11008275	275_CACACTCTCGTAGATC	TRUE
Ches_Ao_CACAGGCTCCGCATAA	Ches_Ao	CACAGGCTCCGCATAA	Ches	SRR11008275	275_CACAGGCTCCGCATAA	TRUE
Ches_Ao_CACAGTAAGGGCTCTC	Ches_Ao	CACAGTAAGGGCTCTC	Ches	SRR11008275	275_CACAGTAAGGGCTCTC	TRUE
Ches_Ao_CACAGTACAGGTTTCA	Ches_Ao	CACAGTACAGGTTTCA	Ches	SRR11008275	275_CACAGTACAGGTTTCA	TRUE
Ches_Ao_CACAGTATCAGCCTAA	Ches_Ao	CACAGTATCAGCCTAA	Ches	SRR11008275	275_CACAGTATCAGCCTAA	TRUE
Ches_Ao_CACATAGCATACGCTA	Ches_Ao	CACATAGCATACGCTA	Ches	SRR11008275	275_CACATAGCATACGCTA	TRUE
Ches_Ao_CACATAGGTCACAAGG	Ches_Ao	CACATAGGTCACAAGG	Ches	SRR11008275	275_CACATAGGTCACAAGG	TRUE
Ches_Ao_CACATTTCAAGGACAC	Ches_Ao	CACATTTCAAGGACAC	Ches	SRR11008275	275_CACATTTCAAGGACAC	TRUE
Ches_Ao_CACCACTAGTGATCGG	Ches_Ao	CACCACTAGTGATCGG	Ches	SRR11008275	275_CACCACTAGTGATCGG	TRUE
Ches_Ao_CACCACTCAAATTGCC	Ches_Ao	CACCACTCAAATTGCC	Ches	SRR11008275	275_CACCACTCAAATTGCC	TRUE
Ches_Ao_CACCAGGGTGTGCGTC	Ches_Ao	CACCAGGGTGTGCGTC	Ches	SRR11008275	275_CACCAGGGTGTGCGTC	TRUE
Ches_Ao_CACCTTGGTAAGAGGA	Ches_Ao	CACCTTGGTAAGAGGA	Ches	SRR11008275	275_CACCTTGGTAAGAGGA	TRUE
Ches_Ao_CACCTTGGTATAAACG	Ches_Ao	CACCTTGGTATAAACG	Ches	SRR11008275	275_CACCTTGGTATAAACG	TRUE
Ches_Ao_CACTCCACAGAGTGTG	Ches_Ao	CACTCCACAGAGTGTG	Ches	SRR11008275	275_CACTCCACAGAGTGTG	TRUE
Ches_Ao_CAGAATCCAATAGAGT	Ches_Ao	CAGAATCCAATAGAGT	Ches	SRR11008275	275_CAGAATCCAATAGAGT	TRUE
Ches_Ao_CAGAATCCACAAGACG	Ches_Ao	CAGAATCCACAAGACG	Ches	SRR11008275	275_CAGAATCCACAAGACG	TRUE
Ches_Ao_CAGAATCCAGGTTTCA	Ches_Ao	CAGAATCCAGGTTTCA	Ches	SRR11008275	275_CAGAATCCAGGTTTCA	TRUE
Ches_Ao_CAGAGAGAGATCCTGT	Ches_Ao	CAGAGAGAGATCCTGT	Ches	SRR11008275	275_CAGAGAGAGATCCTGT	TRUE
Ches_Ao_CAGAGAGAGTACGCCC	Ches_Ao	CAGAGAGAGTACGCCC	Ches	SRR11008275	275_CAGAGAGAGTACGCCC	TRUE
Ches_Ao_CAGAGAGAGTGGCACA	Ches_Ao	CAGAGAGAGTGGCACA	Ches	SRR11008275	275_CAGAGAGAGTGGCACA	TRUE
Ches_Ao_CAGAGAGGTGTTTGTG	Ches_Ao	CAGAGAGGTGTTTGTG	Ches	SRR11008275	275_CAGAGAGGTGTTTGTG	TRUE
Ches_Ao_CAGATCACACCACCAG	Ches_Ao	CAGATCACACCACCAG	Ches	SRR11008275	275_CAGATCACACCACCAG	TRUE
Ches_Ao_CAGATCAGTAGCAAAT	Ches_Ao	CAGATCAGTAGCAAAT	Ches	SRR11008275	275_CAGATCAGTAGCAAAT	TRUE
Ches_Ao_CAGCAGCGTATGAAAC	Ches_Ao	CAGCAGCGTATGAAAC	Ches	SRR11008275	275_CAGCAGCGTATGAAAC	TRUE
Ches_Ao_CAGCAGCTCACTCCTG	Ches_Ao	CAGCAGCTCACTCCTG	Ches	SRR11008275	275_CAGCAGCTCACTCCTG	TRUE
Ches_Ao_CAGCAGCTCCTGTACC	Ches_Ao	CAGCAGCTCCTGTACC	Ches	SRR11008275	275_CAGCAGCTCCTGTACC	TRUE
Ches_Ao_CAGCATAAGAGTAATC	Ches_Ao	CAGCATAAGAGTAATC	Ches	SRR11008275	275_CAGCATAAGAGTAATC	TRUE
Ches_Ao_CAGCCGAAGCCTTGAT	Ches_Ao	CAGCCGAAGCCTTGAT	Ches	SRR11008275	275_CAGCCGAAGCCTTGAT	TRUE
Ches_Ao_CAGCCGAAGGGTCTCC	Ches_Ao	CAGCCGAAGGGTCTCC	Ches	SRR11008275	275_CAGCCGAAGGGTCTCC	TRUE
Ches_Ao_CAGCCGACAATGTTGC	Ches_Ao	CAGCCGACAATGTTGC	Ches	SRR11008275	275_CAGCCGACAATGTTGC	TRUE
Ches_Ao_CAGCCGATCCGAGCCA	Ches_Ao	CAGCCGATCCGAGCCA	Ches	SRR11008275	275_CAGCCGATCCGAGCCA	TRUE
Ches_Ao_CAGCGACGTTCACGGC	Ches_Ao	CAGCGACGTTCACGGC	Ches	SRR11008275	275_CAGCGACGTTCACGGC	TRUE
Ches_Ao_CAGCTAAGTCCGAGTC	Ches_Ao	CAGCTAAGTCCGAGTC	Ches	SRR11008275	275_CAGCTAAGTCCGAGTC	FALSE
Ches_Ao_CAGGTGCAGATACACA	Ches_Ao	CAGGTGCAGATACACA	Ches	SRR11008275	275_CAGGTGCAGATACACA	TRUE
Ches_Ao_CAGGTGCAGTTAGCGG	Ches_Ao	CAGGTGCAGTTAGCGG	Ches	SRR11008275	275_CAGGTGCAGTTAGCGG	TRUE
Ches_Ao_CAGGTGCGTTAAGAAC	Ches_Ao	CAGGTGCGTTAAGAAC	Ches	SRR11008275	275_CAGGTGCGTTAAGAAC	TRUE
Ches_Ao_CAGGTGCGTTCTGTTT	Ches_Ao	CAGGTGCGTTCTGTTT	Ches	SRR11008275	275_CAGGTGCGTTCTGTTT	TRUE
Ches_Ao_CAGTAACTCATTATCC	Ches_Ao	CAGTAACTCATTATCC	Ches	SRR11008275	275_CAGTAACTCATTATCC	TRUE
Ches_Ao_CAGTCCTGTAAATGAC	Ches_Ao	CAGTCCTGTAAATGAC	Ches	SRR11008275	275_CAGTCCTGTAAATGAC	TRUE
Ches_Ao_CATATGGCATGCCTTC	Ches_Ao	CATATGGCATGCCTTC	Ches	SRR11008275	275_CATATGGCATGCCTTC	TRUE
Ches_Ao_CATATGGTCCAGTATG	Ches_Ao	CATATGGTCCAGTATG	Ches	SRR11008275	275_CATATGGTCCAGTATG	TRUE
Ches_Ao_CATATTCTCTATCCTA	Ches_Ao	CATATTCTCTATCCTA	Ches	SRR11008275	275_CATATTCTCTATCCTA	TRUE
Ches_Ao_CATCAAGAGGGCTTGA	Ches_Ao	CATCAAGAGGGCTTGA	Ches	SRR11008275	275_CATCAAGAGGGCTTGA	TRUE
Ches_Ao_CATCAAGCAGCTTAAC	Ches_Ao	CATCAAGCAGCTTAAC	Ches	SRR11008275	275_CATCAAGCAGCTTAAC	FALSE
Ches_Ao_CATCAAGGTCTCGTTC	Ches_Ao	CATCAAGGTCTCGTTC	Ches	SRR11008275	275_CATCAAGGTCTCGTTC	TRUE
Ches_Ao_CATCAGACAATGGACG	Ches_Ao	CATCAGACAATGGACG	Ches	SRR11008275	275_CATCAGACAATGGACG	TRUE
Ches_Ao_CATCAGAGTCCCTTGT	Ches_Ao	CATCAGAGTCCCTTGT	Ches	SRR11008275	275_CATCAGAGTCCCTTGT	TRUE
Ches_Ao_CATCAGAGTGCAGACA	Ches_Ao	CATCAGAGTGCAGACA	Ches	SRR11008275	275_CATCAGAGTGCAGACA	TRUE
Ches_Ao_CATCAGATCTAACTTC	Ches_Ao	CATCAGATCTAACTTC	Ches	SRR11008275	275_CATCAGATCTAACTTC	TRUE
Ches_Ao_CATCCACAGATGTGGC	Ches_Ao	CATCCACAGATGTGGC	Ches	SRR11008275	275_CATCCACAGATGTGGC	TRUE
Ches_Ao_CATCCACCATGACATC	Ches_Ao	CATCCACCATGACATC	Ches	SRR11008275	275_CATCCACCATGACATC	TRUE
Ches_Ao_CATCCACGTCCGTTAA	Ches_Ao	CATCCACGTCCGTTAA	Ches	SRR11008275	275_CATCCACGTCCGTTAA	TRUE
Ches_Ao_CATGCCTAGATGTTAG	Ches_Ao	CATGCCTAGATGTTAG	Ches	SRR11008275	275_CATGCCTAGATGTTAG	TRUE
Ches_Ao_CATGCCTAGCGTCAAG	Ches_Ao	CATGCCTAGCGTCAAG	Ches	SRR11008275	275_CATGCCTAGCGTCAAG	TRUE
Ches_Ao_CATGCCTGTGATGTCT	Ches_Ao	CATGCCTGTGATGTCT	Ches	SRR11008275	275_CATGCCTGTGATGTCT	TRUE
Ches_Ao_CATGGCGAGGACTGGT	Ches_Ao	CATGGCGAGGACTGGT	Ches	SRR11008275	275_CATGGCGAGGACTGGT	TRUE
Ches_Ao_CATGGCGCAGTGGAGT	Ches_Ao	CATGGCGCAGTGGAGT	Ches	SRR11008275	275_CATGGCGCAGTGGAGT	TRUE
Ches_Ao_CATGGCGGTATAGTAG	Ches_Ao	CATGGCGGTATAGTAG	Ches	SRR11008275	275_CATGGCGGTATAGTAG	TRUE
Ches_Ao_CATTATCAGATACACA	Ches_Ao	CATTATCAGATACACA	Ches	SRR11008275	275_CATTATCAGATACACA	TRUE
Ches_Ao_CATTATCGTCCTCCAT	Ches_Ao	CATTATCGTCCTCCAT	Ches	SRR11008275	275_CATTATCGTCCTCCAT	TRUE
Ches_Ao_CATTCGCAGACTAGGC	Ches_Ao	CATTCGCAGACTAGGC	Ches	SRR11008275	275_CATTCGCAGACTAGGC	TRUE
Ches_Ao_CATTCGCAGCACCGCT	Ches_Ao	CATTCGCAGCACCGCT	Ches	SRR11008275	275_CATTCGCAGCACCGCT	TRUE
Ches_Ao_CATTCGCAGCTAGTTC	Ches_Ao	CATTCGCAGCTAGTTC	Ches	SRR11008275	275_CATTCGCAGCTAGTTC	TRUE
Ches_Ao_CATTCGCTCTACCAGA	Ches_Ao	CATTCGCTCTACCAGA	Ches	SRR11008275	275_CATTCGCTCTACCAGA	TRUE
Ches_Ao_CCAATCCAGCTGTCTA	Ches_Ao	CCAATCCAGCTGTCTA	Ches	SRR11008275	275_CCAATCCAGCTGTCTA	TRUE
Ches_Ao_CCAATCCCAAAGGCGT	Ches_Ao	CCAATCCCAAAGGCGT	Ches	SRR11008275	275_CCAATCCCAAAGGCGT	TRUE
Ches_Ao_CCAATCCCAGATCCAT	Ches_Ao	CCAATCCCAGATCCAT	Ches	SRR11008275	275_CCAATCCCAGATCCAT	TRUE
Ches_Ao_CCAATCCGTCGCGAAA	Ches_Ao	CCAATCCGTCGCGAAA	Ches	SRR11008275	275_CCAATCCGTCGCGAAA	TRUE
Ches_Ao_CCAATCCTCTTATCTG	Ches_Ao	CCAATCCTCTTATCTG	Ches	SRR11008275	275_CCAATCCTCTTATCTG	TRUE
Ches_Ao_CCACCTAAGAGGTACC	Ches_Ao	CCACCTAAGAGGTACC	Ches	SRR11008275	275_CCACCTAAGAGGTACC	TRUE
Ches_Ao_CCACCTAAGATGTTAG	Ches_Ao	CCACCTAAGATGTTAG	Ches	SRR11008275	275_CCACCTAAGATGTTAG	TRUE
Ches_Ao_CCACCTACACCTATCC	Ches_Ao	CCACCTACACCTATCC	Ches	SRR11008275	275_CCACCTACACCTATCC	TRUE
Ches_Ao_CCACCTAGTCGACTGC	Ches_Ao	CCACCTAGTCGACTGC	Ches	SRR11008275	275_CCACCTAGTCGACTGC	TRUE
Ches_Ao_CCACTACCACTTAACG	Ches_Ao	CCACTACCACTTAACG	Ches	SRR11008275	275_CCACTACCACTTAACG	TRUE
Ches_Ao_CCACTACGTCCCTACT	Ches_Ao	CCACTACGTCCCTACT	Ches	SRR11008275	275_CCACTACGTCCCTACT	TRUE
Ches_Ao_CCAGCGAAGGCGATAC	Ches_Ao	CCAGCGAAGGCGATAC	Ches	SRR11008275	275_CCAGCGAAGGCGATAC	TRUE
Ches_Ao_CCAGCGAAGGTGCTTT	Ches_Ao	CCAGCGAAGGTGCTTT	Ches	SRR11008275	275_CCAGCGAAGGTGCTTT	TRUE
Ches_Ao_CCATGTCAGTACGACG	Ches_Ao	CCATGTCAGTACGACG	Ches	SRR11008275	275_CCATGTCAGTACGACG	TRUE
Ches_Ao_CCATGTCAGTAGGTGC	Ches_Ao	CCATGTCAGTAGGTGC	Ches	SRR11008275	275_CCATGTCAGTAGGTGC	TRUE
Ches_Ao_CCATGTCCAAACGTGG	Ches_Ao	CCATGTCCAAACGTGG	Ches	SRR11008275	275_CCATGTCCAAACGTGG	TRUE
Ches_Ao_CCATGTCCAAGTTAAG	Ches_Ao	CCATGTCCAAGTTAAG	Ches	SRR11008275	275_CCATGTCCAAGTTAAG	TRUE
Ches_Ao_CCATGTCGTTACTGAC	Ches_Ao	CCATGTCGTTACTGAC	Ches	SRR11008275	275_CCATGTCGTTACTGAC	TRUE
Ches_Ao_CCATGTCGTTCACCTC	Ches_Ao	CCATGTCGTTCACCTC	Ches	SRR11008275	275_CCATGTCGTTCACCTC	TRUE
Ches_Ao_CCATTCGAGCTCCTTC	Ches_Ao	CCATTCGAGCTCCTTC	Ches	SRR11008275	275_CCATTCGAGCTCCTTC	TRUE
Ches_Ao_CCATTCGAGCTGTCTA	Ches_Ao	CCATTCGAGCTGTCTA	Ches	SRR11008275	275_CCATTCGAGCTGTCTA	TRUE
Ches_Ao_CCCAATCAGGTGCACA	Ches_Ao	CCCAATCAGGTGCACA	Ches	SRR11008275	275_CCCAATCAGGTGCACA	TRUE
Ches_Ao_CCCAATCTCCGCATAA	Ches_Ao	CCCAATCTCCGCATAA	Ches	SRR11008275	275_CCCAATCTCCGCATAA	TRUE
Ches_Ao_CCCAGTTAGATCTGAA	Ches_Ao	CCCAGTTAGATCTGAA	Ches	SRR11008275	275_CCCAGTTAGATCTGAA	TRUE
Ches_Ao_CCCAGTTTCCAAACTG	Ches_Ao	CCCAGTTTCCAAACTG	Ches	SRR11008275	275_CCCAGTTTCCAAACTG	TRUE
Ches_Ao_CCCATACAGTAGCCGA	Ches_Ao	CCCATACAGTAGCCGA	Ches	SRR11008275	275_CCCATACAGTAGCCGA	TRUE
Ches_Ao_CCCATACCACAGTCGC	Ches_Ao	CCCATACCACAGTCGC	Ches	SRR11008275	275_CCCATACCACAGTCGC	TRUE
Ches_Ao_CCCATACGTACCCAAT	Ches_Ao	CCCATACGTACCCAAT	Ches	SRR11008275	275_CCCATACGTACCCAAT	TRUE
Ches_Ao_CCCATACGTCTCAACA	Ches_Ao	CCCATACGTCTCAACA	Ches	SRR11008275	275_CCCATACGTCTCAACA	TRUE
Ches_Ao_CCCATACGTGGTAACG	Ches_Ao	CCCATACGTGGTAACG	Ches	SRR11008275	275_CCCATACGTGGTAACG	TRUE
Ches_Ao_CCCATACGTTATGCGT	Ches_Ao	CCCATACGTTATGCGT	Ches	SRR11008275	275_CCCATACGTTATGCGT	TRUE
Ches_Ao_CCCATACTCCTAGGGC	Ches_Ao	CCCATACTCCTAGGGC	Ches	SRR11008275	275_CCCATACTCCTAGGGC	TRUE
Ches_Ao_CCCTCCTAGCTAGCCC	Ches_Ao	CCCTCCTAGCTAGCCC	Ches	SRR11008275	275_CCCTCCTAGCTAGCCC	TRUE
Ches_Ao_CCCTCCTCATTTCACT	Ches_Ao	CCCTCCTCATTTCACT	Ches	SRR11008275	275_CCCTCCTCATTTCACT	FALSE
Ches_Ao_CCCTCCTGTTCGTGAT	Ches_Ao	CCCTCCTGTTCGTGAT	Ches	SRR11008275	275_CCCTCCTGTTCGTGAT	TRUE
Ches_Ao_CCGGGATGTCGGGTCT	Ches_Ao	CCGGGATGTCGGGTCT	Ches	SRR11008275	275_CCGGGATGTCGGGTCT	TRUE
Ches_Ao_CCGGTAGCACAGACTT	Ches_Ao	CCGGTAGCACAGACTT	Ches	SRR11008275	275_CCGGTAGCACAGACTT	TRUE
Ches_Ao_CCGGTAGGTGATGTCT	Ches_Ao	CCGGTAGGTGATGTCT	Ches	SRR11008275	275_CCGGTAGGTGATGTCT	TRUE
Ches_Ao_CCGTACTGTAGGAGTC	Ches_Ao	CCGTACTGTAGGAGTC	Ches	SRR11008275	275_CCGTACTGTAGGAGTC	TRUE
Ches_Ao_CCGTACTGTAGTGAAT	Ches_Ao	CCGTACTGTAGTGAAT	Ches	SRR11008275	275_CCGTACTGTAGTGAAT	TRUE
Ches_Ao_CCGTGGAAGAGGTAGA	Ches_Ao	CCGTGGAAGAGGTAGA	Ches	SRR11008275	275_CCGTGGAAGAGGTAGA	TRUE
Ches_Ao_CCGTGGAGTAAATACG	Ches_Ao	CCGTGGAGTAAATACG	Ches	SRR11008275	275_CCGTGGAGTAAATACG	TRUE
Ches_Ao_CCGTGGAGTGTTTGTG	Ches_Ao	CCGTGGAGTGTTTGTG	Ches	SRR11008275	275_CCGTGGAGTGTTTGTG	TRUE
Ches_Ao_CCGTGGATCAGATAAG	Ches_Ao	CCGTGGATCAGATAAG	Ches	SRR11008275	275_CCGTGGATCAGATAAG	TRUE
Ches_Ao_CCGTTCAAGACGCACA	Ches_Ao	CCGTTCAAGACGCACA	Ches	SRR11008275	275_CCGTTCAAGACGCACA	TRUE
Ches_Ao_CCGTTCACACCAGTTA	Ches_Ao	CCGTTCACACCAGTTA	Ches	SRR11008275	275_CCGTTCACACCAGTTA	TRUE
Ches_Ao_CCGTTCACATCCCACT	Ches_Ao	CCGTTCACATCCCACT	Ches	SRR11008275	275_CCGTTCACATCCCACT	TRUE
Ches_Ao_CCGTTCAGTTAGGGTG	Ches_Ao	CCGTTCAGTTAGGGTG	Ches	SRR11008275	275_CCGTTCAGTTAGGGTG	TRUE
Ches_Ao_CCGTTCATCATCATTC	Ches_Ao	CCGTTCATCATCATTC	Ches	SRR11008275	275_CCGTTCATCATCATTC	TRUE
Ches_Ao_CCTAAAGAGGCCATAG	Ches_Ao	CCTAAAGAGGCCATAG	Ches	SRR11008275	275_CCTAAAGAGGCCATAG	TRUE
Ches_Ao_CCTAAAGCAGCTGCTG	Ches_Ao	CCTAAAGCAGCTGCTG	Ches	SRR11008275	275_CCTAAAGCAGCTGCTG	TRUE
Ches_Ao_CCTACACCACACATGT	Ches_Ao	CCTACACCACACATGT	Ches	SRR11008275	275_CCTACACCACACATGT	TRUE
Ches_Ao_CCTACACCATGTAAGA	Ches_Ao	CCTACACCATGTAAGA	Ches	SRR11008275	275_CCTACACCATGTAAGA	TRUE
Ches_Ao_CCTACACGTCCAAGTT	Ches_Ao	CCTACACGTCCAAGTT	Ches	SRR11008275	275_CCTACACGTCCAAGTT	TRUE
Ches_Ao_CCTACACGTCCGTTAA	Ches_Ao	CCTACACGTCCGTTAA	Ches	SRR11008275	275_CCTACACGTCCGTTAA	TRUE
Ches_Ao_CCTACCAAGATCTGCT	Ches_Ao	CCTACCAAGATCTGCT	Ches	SRR11008275	275_CCTACCAAGATCTGCT	TRUE
Ches_Ao_CCTAGCTTCCGTCATC	Ches_Ao	CCTAGCTTCCGTCATC	Ches	SRR11008275	275_CCTAGCTTCCGTCATC	TRUE
Ches_Ao_CCTATTAAGATCTGAA	Ches_Ao	CCTATTAAGATCTGAA	Ches	SRR11008275	275_CCTATTAAGATCTGAA	TRUE
Ches_Ao_CCTATTATCAGGATCT	Ches_Ao	CCTATTATCAGGATCT	Ches	SRR11008275	275_CCTATTATCAGGATCT	TRUE
Ches_Ao_CCTCAGTAGTCCAGGA	Ches_Ao	CCTCAGTAGTCCAGGA	Ches	SRR11008275	275_CCTCAGTAGTCCAGGA	TRUE
Ches_Ao_CCTCAGTCACGCCAGT	Ches_Ao	CCTCAGTCACGCCAGT	Ches	SRR11008275	275_CCTCAGTCACGCCAGT	TRUE
Ches_Ao_CCTCAGTGTAGCTGCC	Ches_Ao	CCTCAGTGTAGCTGCC	Ches	SRR11008275	275_CCTCAGTGTAGCTGCC	FALSE
Ches_Ao_CCTCAGTTCGTACCGG	Ches_Ao	CCTCAGTTCGTACCGG	Ches	SRR11008275	275_CCTCAGTTCGTACCGG	TRUE
Ches_Ao_CCTCTGAGTTCAACCA	Ches_Ao	CCTCTGAGTTCAACCA	Ches	SRR11008275	275_CCTCTGAGTTCAACCA	TRUE
Ches_Ao_CCTCTGATCATGCATG	Ches_Ao	CCTCTGATCATGCATG	Ches	SRR11008275	275_CCTCTGATCATGCATG	TRUE
Ches_Ao_CCTTACGCAAGAGGCT	Ches_Ao	CCTTACGCAAGAGGCT	Ches	SRR11008275	275_CCTTACGCAAGAGGCT	TRUE
Ches_Ao_CCTTACGCACCTGGTG	Ches_Ao	CCTTACGCACCTGGTG	Ches	SRR11008275	275_CCTTACGCACCTGGTG	TRUE
Ches_Ao_CCTTCCCTCCTGCCAT	Ches_Ao	CCTTCCCTCCTGCCAT	Ches	SRR11008275	275_CCTTCCCTCCTGCCAT	TRUE
Ches_Ao_CCTTCGAAGACCCACC	Ches_Ao	CCTTCGAAGACCCACC	Ches	SRR11008275	275_CCTTCGAAGACCCACC	TRUE
Ches_Ao_CCTTCGATCTTCAACT	Ches_Ao	CCTTCGATCTTCAACT	Ches	SRR11008275	275_CCTTCGATCTTCAACT	TRUE
Ches_Ao_CCTTTCTAGGACCACA	Ches_Ao	CCTTTCTAGGACCACA	Ches	SRR11008275	275_CCTTTCTAGGACCACA	TRUE
Ches_Ao_CGAACATTCCGGGTGT	Ches_Ao	CGAACATTCCGGGTGT	Ches	SRR11008275	275_CGAACATTCCGGGTGT	TRUE
Ches_Ao_CGAATGTAGGTGCTTT	Ches_Ao	CGAATGTAGGTGCTTT	Ches	SRR11008275	275_CGAATGTAGGTGCTTT	TRUE
Ches_Ao_CGACCTTAGCTGCAAG	Ches_Ao	CGACCTTAGCTGCAAG	Ches	SRR11008275	275_CGACCTTAGCTGCAAG	TRUE
Ches_Ao_CGACCTTCAGGTCCAC	Ches_Ao	CGACCTTCAGGTCCAC	Ches	SRR11008275	275_CGACCTTCAGGTCCAC	TRUE
Ches_Ao_CGAGAAGAGATACACA	Ches_Ao	CGAGAAGAGATACACA	Ches	SRR11008275	275_CGAGAAGAGATACACA	TRUE
Ches_Ao_CGAGAAGCAGCTCCGA	Ches_Ao	CGAGAAGCAGCTCCGA	Ches	SRR11008275	275_CGAGAAGCAGCTCCGA	TRUE
Ches_Ao_CGAGCACAGAGACTTA	Ches_Ao	CGAGCACAGAGACTTA	Ches	SRR11008275	275_CGAGCACAGAGACTTA	TRUE
Ches_Ao_CGAGCACAGGCCCGTT	Ches_Ao	CGAGCACAGGCCCGTT	Ches	SRR11008275	275_CGAGCACAGGCCCGTT	TRUE
Ches_Ao_CGAGCACCATTACCTT	Ches_Ao	CGAGCACCATTACCTT	Ches	SRR11008275	275_CGAGCACCATTACCTT	TRUE
Ches_Ao_CGAGCACGTCTCCACT	Ches_Ao	CGAGCACGTCTCCACT	Ches	SRR11008275	275_CGAGCACGTCTCCACT	TRUE
Ches_Ao_CGAGCCACAAGCTGAG	Ches_Ao	CGAGCCACAAGCTGAG	Ches	SRR11008275	275_CGAGCCACAAGCTGAG	TRUE
Ches_Ao_CGATCGGTCGCCAAAT	Ches_Ao	CGATCGGTCGCCAAAT	Ches	SRR11008275	275_CGATCGGTCGCCAAAT	TRUE
Ches_Ao_CGATGGCTCTGGAGCC	Ches_Ao	CGATGGCTCTGGAGCC	Ches	SRR11008275	275_CGATGGCTCTGGAGCC	TRUE
Ches_Ao_CGATGTAAGCAGGTCA	Ches_Ao	CGATGTAAGCAGGTCA	Ches	SRR11008275	275_CGATGTAAGCAGGTCA	FALSE
Ches_Ao_CGATGTAAGCTAACAA	Ches_Ao	CGATGTAAGCTAACAA	Ches	SRR11008275	275_CGATGTAAGCTAACAA	TRUE
Ches_Ao_CGATGTAAGGCACATG	Ches_Ao	CGATGTAAGGCACATG	Ches	SRR11008275	275_CGATGTAAGGCACATG	TRUE
Ches_Ao_CGATGTACATGGATGG	Ches_Ao	CGATGTACATGGATGG	Ches	SRR11008275	275_CGATGTACATGGATGG	TRUE
Ches_Ao_CGATGTAGTTAAGTAG	Ches_Ao	CGATGTAGTTAAGTAG	Ches	SRR11008275	275_CGATGTAGTTAAGTAG	TRUE
Ches_Ao_CGATGTAGTTCGTTGA	Ches_Ao	CGATGTAGTTCGTTGA	Ches	SRR11008275	275_CGATGTAGTTCGTTGA	TRUE
Ches_Ao_CGATTGACATGTAGTC	Ches_Ao	CGATTGACATGTAGTC	Ches	SRR11008275	275_CGATTGACATGTAGTC	TRUE
Ches_Ao_CGATTGAGTGGTACAG	Ches_Ao	CGATTGAGTGGTACAG	Ches	SRR11008275	275_CGATTGAGTGGTACAG	TRUE
Ches_Ao_CGATTGATCCTTTCGG	Ches_Ao	CGATTGATCCTTTCGG	Ches	SRR11008275	275_CGATTGATCCTTTCGG	TRUE
Ches_Ao_CGCCAAGGTAAATACG	Ches_Ao	CGCCAAGGTAAATACG	Ches	SRR11008275	275_CGCCAAGGTAAATACG	TRUE
Ches_Ao_CGCGGTAAGATCTGAA	Ches_Ao	CGCGGTAAGATCTGAA	Ches	SRR11008275	275_CGCGGTAAGATCTGAA	TRUE
Ches_Ao_CGCGGTATCCTGCTTG	Ches_Ao	CGCGGTATCCTGCTTG	Ches	SRR11008275	275_CGCGGTATCCTGCTTG	TRUE
Ches_Ao_CGCGTTTAGCCACTAT	Ches_Ao	CGCGTTTAGCCACTAT	Ches	SRR11008275	275_CGCGTTTAGCCACTAT	TRUE
Ches_Ao_CGCGTTTCACGTAAGG	Ches_Ao	CGCGTTTCACGTAAGG	Ches	SRR11008275	275_CGCGTTTCACGTAAGG	TRUE
Ches_Ao_CGCGTTTGTGTCTGAT	Ches_Ao	CGCGTTTGTGTCTGAT	Ches	SRR11008275	275_CGCGTTTGTGTCTGAT	TRUE
Ches_Ao_CGCGTTTTCCTAAGTG	Ches_Ao	CGCGTTTTCCTAAGTG	Ches	SRR11008275	275_CGCGTTTTCCTAAGTG	TRUE
Ches_Ao_CGCTATCTCTGATACG	Ches_Ao	CGCTATCTCTGATACG	Ches	SRR11008275	275_CGCTATCTCTGATACG	TRUE
Ches_Ao_CGCTGGACACCGATAT	Ches_Ao	CGCTGGACACCGATAT	Ches	SRR11008275	275_CGCTGGACACCGATAT	TRUE
Ches_Ao_CGCTGGAGTCCAACTA	Ches_Ao	CGCTGGAGTCCAACTA	Ches	SRR11008275	275_CGCTGGAGTCCAACTA	TRUE
Ches_Ao_CGCTGGAGTTCTCATT	Ches_Ao	CGCTGGAGTTCTCATT	Ches	SRR11008275	275_CGCTGGAGTTCTCATT	TRUE
Ches_Ao_CGCTTCAAGTCCAGGA	Ches_Ao	CGCTTCAAGTCCAGGA	Ches	SRR11008275	275_CGCTTCAAGTCCAGGA	TRUE
Ches_Ao_CGGACACGTACCGTTA	Ches_Ao	CGGACACGTACCGTTA	Ches	SRR11008275	275_CGGACACGTACCGTTA	TRUE
Ches_Ao_CGGACACGTGGGTATG	Ches_Ao	CGGACACGTGGGTATG	Ches	SRR11008275	275_CGGACACGTGGGTATG	TRUE
Ches_Ao_CGGACGTGTACAGACG	Ches_Ao	CGGACGTGTACAGACG	Ches	SRR11008275	275_CGGACGTGTACAGACG	TRUE
Ches_Ao_CGGACGTGTTGCCTCT	Ches_Ao	CGGACGTGTTGCCTCT	Ches	SRR11008275	275_CGGACGTGTTGCCTCT	TRUE
Ches_Ao_CGGACTGAGTGCGTGA	Ches_Ao	CGGACTGAGTGCGTGA	Ches	SRR11008275	275_CGGACTGAGTGCGTGA	TRUE
Ches_Ao_CGGACTGGTGTGACGA	Ches_Ao	CGGACTGGTGTGACGA	Ches	SRR11008275	275_CGGACTGGTGTGACGA	TRUE
Ches_Ao_CGGACTGTCTTCAACT	Ches_Ao	CGGACTGTCTTCAACT	Ches	SRR11008275	275_CGGACTGTCTTCAACT	TRUE
Ches_Ao_CGGAGCTAGCTAGTCT	Ches_Ao	CGGAGCTAGCTAGTCT	Ches	SRR11008275	275_CGGAGCTAGCTAGTCT	TRUE
Ches_Ao_CGGAGCTAGTATTGGA	Ches_Ao	CGGAGCTAGTATTGGA	Ches	SRR11008275	275_CGGAGCTAGTATTGGA	TRUE
Ches_Ao_CGGAGCTAGTGAATTG	Ches_Ao	CGGAGCTAGTGAATTG	Ches	SRR11008275	275_CGGAGCTAGTGAATTG	TRUE
Ches_Ao_CGGAGTCAGAGACGAA	Ches_Ao	CGGAGTCAGAGACGAA	Ches	SRR11008275	275_CGGAGTCAGAGACGAA	TRUE
Ches_Ao_CGGAGTCTCCAAATGC	Ches_Ao	CGGAGTCTCCAAATGC	Ches	SRR11008275	275_CGGAGTCTCCAAATGC	TRUE
Ches_Ao_CGGCTAGAGCTAAGAT	Ches_Ao	CGGCTAGAGCTAAGAT	Ches	SRR11008275	275_CGGCTAGAGCTAAGAT	TRUE
Ches_Ao_CGGCTAGCAGCTGTGC	Ches_Ao	CGGCTAGCAGCTGTGC	Ches	SRR11008275	275_CGGCTAGCAGCTGTGC	TRUE
Ches_Ao_CGTAGCGCAGAGCCAA	Ches_Ao	CGTAGCGCAGAGCCAA	Ches	SRR11008275	275_CGTAGCGCAGAGCCAA	TRUE
Ches_Ao_CGTAGCGGTTTGACTG	Ches_Ao	CGTAGCGGTTTGACTG	Ches	SRR11008275	275_CGTAGCGGTTTGACTG	TRUE
Ches_Ao_CGTAGCGTCTGGTTCC	Ches_Ao	CGTAGCGTCTGGTTCC	Ches	SRR11008275	275_CGTAGCGTCTGGTTCC	TRUE
Ches_Ao_CGTAGGCAGACTAGAT	Ches_Ao	CGTAGGCAGACTAGAT	Ches	SRR11008275	275_CGTAGGCAGACTAGAT	TRUE
Ches_Ao_CGTAGGCGTCACCCAG	Ches_Ao	CGTAGGCGTCACCCAG	Ches	SRR11008275	275_CGTAGGCGTCACCCAG	TRUE
Ches_Ao_CGTCACTAGGCATTGG	Ches_Ao	CGTCACTAGGCATTGG	Ches	SRR11008275	275_CGTCACTAGGCATTGG	TRUE
Ches_Ao_CGTCACTGTTCCCTTG	Ches_Ao	CGTCACTGTTCCCTTG	Ches	SRR11008275	275_CGTCACTGTTCCCTTG	TRUE
Ches_Ao_CGTCAGGGTCAAAGCG	Ches_Ao	CGTCAGGGTCAAAGCG	Ches	SRR11008275	275_CGTCAGGGTCAAAGCG	TRUE
Ches_Ao_CGTCAGGGTGGGTATG	Ches_Ao	CGTCAGGGTGGGTATG	Ches	SRR11008275	275_CGTCAGGGTGGGTATG	TRUE
Ches_Ao_CGTCAGGGTTTCGCTC	Ches_Ao	CGTCAGGGTTTCGCTC	Ches	SRR11008275	275_CGTCAGGGTTTCGCTC	TRUE
Ches_Ao_CGTCCATAGCCAGGAT	Ches_Ao	CGTCCATAGCCAGGAT	Ches	SRR11008275	275_CGTCCATAGCCAGGAT	TRUE
Ches_Ao_CGTCCATTCGAACTGT	Ches_Ao	CGTCCATTCGAACTGT	Ches	SRR11008275	275_CGTCCATTCGAACTGT	FALSE
Ches_Ao_CGTCTACAGTTCGCGC	Ches_Ao	CGTCTACAGTTCGCGC	Ches	SRR11008275	275_CGTCTACAGTTCGCGC	TRUE
Ches_Ao_CGTGAGCCACAAGCCC	Ches_Ao	CGTGAGCCACAAGCCC	Ches	SRR11008275	275_CGTGAGCCACAAGCCC	TRUE
Ches_Ao_CGTGAGCCAGATGAGC	Ches_Ao	CGTGAGCCAGATGAGC	Ches	SRR11008275	275_CGTGAGCCAGATGAGC	FALSE
Ches_Ao_CGTGAGCGTGAGTGAC	Ches_Ao	CGTGAGCGTGAGTGAC	Ches	SRR11008275	275_CGTGAGCGTGAGTGAC	TRUE
Ches_Ao_CGTGTAAAGTGGGTTG	Ches_Ao	CGTGTAAAGTGGGTTG	Ches	SRR11008275	275_CGTGTAAAGTGGGTTG	TRUE
Ches_Ao_CGTGTAAGTCACCTAA	Ches_Ao	CGTGTAAGTCACCTAA	Ches	SRR11008275	275_CGTGTAAGTCACCTAA	TRUE
Ches_Ao_CGTGTAAGTTTGGCGC	Ches_Ao	CGTGTAAGTTTGGCGC	Ches	SRR11008275	275_CGTGTAAGTTTGGCGC	TRUE
Ches_Ao_CGTGTCTAGAGCCCAA	Ches_Ao	CGTGTCTAGAGCCCAA	Ches	SRR11008275	275_CGTGTCTAGAGCCCAA	TRUE
Ches_Ao_CGTTAGACAGGGCATA	Ches_Ao	CGTTAGACAGGGCATA	Ches	SRR11008275	275_CGTTAGACAGGGCATA	TRUE
Ches_Ao_CGTTAGAGTGAGTGAC	Ches_Ao	CGTTAGAGTGAGTGAC	Ches	SRR11008275	275_CGTTAGAGTGAGTGAC	TRUE
Ches_Ao_CGTTAGAGTGATAAAC	Ches_Ao	CGTTAGAGTGATAAAC	Ches	SRR11008275	275_CGTTAGAGTGATAAAC	TRUE
Ches_Ao_CGTTGGGAGTAACCCT	Ches_Ao	CGTTGGGAGTAACCCT	Ches	SRR11008275	275_CGTTGGGAGTAACCCT	TRUE
Ches_Ao_CGTTGGGTCGTAGGTT	Ches_Ao	CGTTGGGTCGTAGGTT	Ches	SRR11008275	275_CGTTGGGTCGTAGGTT	TRUE
Ches_Ao_CTAACTTTCTGCAGTA	Ches_Ao	CTAACTTTCTGCAGTA	Ches	SRR11008275	275_CTAACTTTCTGCAGTA	TRUE
Ches_Ao_CTAAGACCAGCCTATA	Ches_Ao	CTAAGACCAGCCTATA	Ches	SRR11008275	275_CTAAGACCAGCCTATA	TRUE
Ches_Ao_CTAAGACCATACGCCG	Ches_Ao	CTAAGACCATACGCCG	Ches	SRR11008275	275_CTAAGACCATACGCCG	TRUE
Ches_Ao_CTAAGACGTAGCCTAT	Ches_Ao	CTAAGACGTAGCCTAT	Ches	SRR11008275	275_CTAAGACGTAGCCTAT	TRUE
Ches_Ao_CTAAGACTCTCTGAGA	Ches_Ao	CTAAGACTCTCTGAGA	Ches	SRR11008275	275_CTAAGACTCTCTGAGA	TRUE
Ches_Ao_CTAATGGCAGCTTAAC	Ches_Ao	CTAATGGCAGCTTAAC	Ches	SRR11008275	275_CTAATGGCAGCTTAAC	TRUE
Ches_Ao_CTAATGGCATTGGTAC	Ches_Ao	CTAATGGCATTGGTAC	Ches	SRR11008275	275_CTAATGGCATTGGTAC	TRUE
Ches_Ao_CTACACCAGGGCATGT	Ches_Ao	CTACACCAGGGCATGT	Ches	SRR11008275	275_CTACACCAGGGCATGT	TRUE
Ches_Ao_CTACACCCACGTTGGC	Ches_Ao	CTACACCCACGTTGGC	Ches	SRR11008275	275_CTACACCCACGTTGGC	TRUE
Ches_Ao_CTACACCTCCACGCAG	Ches_Ao	CTACACCTCCACGCAG	Ches	SRR11008275	275_CTACACCTCCACGCAG	TRUE
Ches_Ao_CTACATTAGACCACGA	Ches_Ao	CTACATTAGACCACGA	Ches	SRR11008275	275_CTACATTAGACCACGA	TRUE
Ches_Ao_CTACATTAGGCAAAGA	Ches_Ao	CTACATTAGGCAAAGA	Ches	SRR11008275	275_CTACATTAGGCAAAGA	TRUE
Ches_Ao_CTACATTCACTGTCGG	Ches_Ao	CTACATTCACTGTCGG	Ches	SRR11008275	275_CTACATTCACTGTCGG	TRUE
Ches_Ao_CTACATTGTAGGGACT	Ches_Ao	CTACATTGTAGGGACT	Ches	SRR11008275	275_CTACATTGTAGGGACT	TRUE
Ches_Ao_CTACATTTCCGAATGT	Ches_Ao	CTACATTTCCGAATGT	Ches	SRR11008275	275_CTACATTTCCGAATGT	TRUE
Ches_Ao_CTACCCAGTACTCGCG	Ches_Ao	CTACCCAGTACTCGCG	Ches	SRR11008275	275_CTACCCAGTACTCGCG	TRUE
Ches_Ao_CTACCCAGTCCGTCAG	Ches_Ao	CTACCCAGTCCGTCAG	Ches	SRR11008275	275_CTACCCAGTCCGTCAG	TRUE
Ches_Ao_CTACGTCCAGCCACCA	Ches_Ao	CTACGTCCAGCCACCA	Ches	SRR11008275	275_CTACGTCCAGCCACCA	TRUE
Ches_Ao_CTACGTCGTCTAGGTT	Ches_Ao	CTACGTCGTCTAGGTT	Ches	SRR11008275	275_CTACGTCGTCTAGGTT	TRUE
Ches_Ao_CTAGAGTCATAGACTC	Ches_Ao	CTAGAGTCATAGACTC	Ches	SRR11008275	275_CTAGAGTCATAGACTC	TRUE
Ches_Ao_CTAGAGTGTCCAGTTA	Ches_Ao	CTAGAGTGTCCAGTTA	Ches	SRR11008275	275_CTAGAGTGTCCAGTTA	TRUE
Ches_Ao_CTAGAGTGTGGACGAT	Ches_Ao	CTAGAGTGTGGACGAT	Ches	SRR11008275	275_CTAGAGTGTGGACGAT	TRUE
Ches_Ao_CTAGCCTCATATACCG	Ches_Ao	CTAGCCTCATATACCG	Ches	SRR11008275	275_CTAGCCTCATATACCG	TRUE
Ches_Ao_CTAGCCTCATCACGAT	Ches_Ao	CTAGCCTCATCACGAT	Ches	SRR11008275	275_CTAGCCTCATCACGAT	TRUE
Ches_Ao_CTAGCCTCATGCCCGA	Ches_Ao	CTAGCCTCATGCCCGA	Ches	SRR11008275	275_CTAGCCTCATGCCCGA	TRUE
Ches_Ao_CTAGCCTGTGATAAAC	Ches_Ao	CTAGCCTGTGATAAAC	Ches	SRR11008275	275_CTAGCCTGTGATAAAC	TRUE
Ches_Ao_CTAGCCTTCAGTCAGT	Ches_Ao	CTAGCCTTCAGTCAGT	Ches	SRR11008275	275_CTAGCCTTCAGTCAGT	TRUE
Ches_Ao_CTCACACCATGCCCGA	Ches_Ao	CTCACACCATGCCCGA	Ches	SRR11008275	275_CTCACACCATGCCCGA	TRUE
Ches_Ao_CTCACACGTAAACGCG	Ches_Ao	CTCACACGTAAACGCG	Ches	SRR11008275	275_CTCACACGTAAACGCG	TRUE
Ches_Ao_CTCACACGTCTGGAGA	Ches_Ao	CTCACACGTCTGGAGA	Ches	SRR11008275	275_CTCACACGTCTGGAGA	TRUE
Ches_Ao_CTCAGAACACAGGAGT	Ches_Ao	CTCAGAACACAGGAGT	Ches	SRR11008275	275_CTCAGAACACAGGAGT	TRUE
Ches_Ao_CTCAGAAGTCCGAACC	Ches_Ao	CTCAGAAGTCCGAACC	Ches	SRR11008275	275_CTCAGAAGTCCGAACC	TRUE
Ches_Ao_CTCATTACAATTCCTT	Ches_Ao	CTCATTACAATTCCTT	Ches	SRR11008275	275_CTCATTACAATTCCTT	TRUE
Ches_Ao_CTCCTAGGTATATCCG	Ches_Ao	CTCCTAGGTATATCCG	Ches	SRR11008275	275_CTCCTAGGTATATCCG	TRUE
Ches_Ao_CTCGAAAAGTACGTAA	Ches_Ao	CTCGAAAAGTACGTAA	Ches	SRR11008275	275_CTCGAAAAGTACGTAA	TRUE
Ches_Ao_CTCGAGGAGATATGGT	Ches_Ao	CTCGAGGAGATATGGT	Ches	SRR11008275	275_CTCGAGGAGATATGGT	TRUE
Ches_Ao_CTCGAGGAGGCACATG	Ches_Ao	CTCGAGGAGGCACATG	Ches	SRR11008275	275_CTCGAGGAGGCACATG	TRUE
Ches_Ao_CTCGAGGAGGGTCTCC	Ches_Ao	CTCGAGGAGGGTCTCC	Ches	SRR11008275	275_CTCGAGGAGGGTCTCC	FALSE
Ches_Ao_CTCGAGGCACATGACT	Ches_Ao	CTCGAGGCACATGACT	Ches	SRR11008275	275_CTCGAGGCACATGACT	TRUE
Ches_Ao_CTCGAGGCATGGGACA	Ches_Ao	CTCGAGGCATGGGACA	Ches	SRR11008275	275_CTCGAGGCATGGGACA	TRUE
Ches_Ao_CTCGAGGGTGGACGAT	Ches_Ao	CTCGAGGGTGGACGAT	Ches	SRR11008275	275_CTCGAGGGTGGACGAT	TRUE
Ches_Ao_CTCGAGGTCGAATGGG	Ches_Ao	CTCGAGGTCGAATGGG	Ches	SRR11008275	275_CTCGAGGTCGAATGGG	TRUE
Ches_Ao_CTCGGAGCATATGAGA	Ches_Ao	CTCGGAGCATATGAGA	Ches	SRR11008275	275_CTCGGAGCATATGAGA	TRUE
Ches_Ao_CTCGGAGTCATAAAGG	Ches_Ao	CTCGGAGTCATAAAGG	Ches	SRR11008275	275_CTCGGAGTCATAAAGG	TRUE
Ches_Ao_CTCGGAGTCGCTTAGA	Ches_Ao	CTCGGAGTCGCTTAGA	Ches	SRR11008275	275_CTCGGAGTCGCTTAGA	TRUE
Ches_Ao_CTCGGAGTCTTGTCAT	Ches_Ao	CTCGGAGTCTTGTCAT	Ches	SRR11008275	275_CTCGGAGTCTTGTCAT	TRUE
Ches_Ao_CTCGGGAGTTACGCGC	Ches_Ao	CTCGGGAGTTACGCGC	Ches	SRR11008275	275_CTCGGGAGTTACGCGC	TRUE
Ches_Ao_CTCGTACAGCTGTTCA	Ches_Ao	CTCGTACAGCTGTTCA	Ches	SRR11008275	275_CTCGTACAGCTGTTCA	TRUE
Ches_Ao_CTCGTCATCCGTTGCT	Ches_Ao	CTCGTCATCCGTTGCT	Ches	SRR11008275	275_CTCGTCATCCGTTGCT	FALSE
Ches_Ao_CTCTAATCACAGACAG	Ches_Ao	CTCTAATCACAGACAG	Ches	SRR11008275	275_CTCTAATCACAGACAG	TRUE
Ches_Ao_CTCTAATGTTCACGGC	Ches_Ao	CTCTAATGTTCACGGC	Ches	SRR11008275	275_CTCTAATGTTCACGGC	TRUE
Ches_Ao_CTCTGGTAGTGGGCTA	Ches_Ao	CTCTGGTAGTGGGCTA	Ches	SRR11008275	275_CTCTGGTAGTGGGCTA	TRUE
Ches_Ao_CTGAAACTCCGTCATC	Ches_Ao	CTGAAACTCCGTCATC	Ches	SRR11008275	275_CTGAAACTCCGTCATC	TRUE
Ches_Ao_CTGATAGAGAGTCGGT	Ches_Ao	CTGATAGAGAGTCGGT	Ches	SRR11008275	275_CTGATAGAGAGTCGGT	TRUE
Ches_Ao_CTGATAGAGTAGTGCG	Ches_Ao	CTGATAGAGTAGTGCG	Ches	SRR11008275	275_CTGATAGAGTAGTGCG	TRUE
Ches_Ao_CTGATAGCAGCTATTG	Ches_Ao	CTGATAGCAGCTATTG	Ches	SRR11008275	275_CTGATAGCAGCTATTG	TRUE
Ches_Ao_CTGATAGGTACCGTAT	Ches_Ao	CTGATAGGTACCGTAT	Ches	SRR11008275	275_CTGATAGGTACCGTAT	TRUE
Ches_Ao_CTGATCCAGACACTAA	Ches_Ao	CTGATCCAGACACTAA	Ches	SRR11008275	275_CTGATCCAGACACTAA	FALSE
Ches_Ao_CTGATCCAGGCAGTCA	Ches_Ao	CTGATCCAGGCAGTCA	Ches	SRR11008275	275_CTGATCCAGGCAGTCA	TRUE
Ches_Ao_CTGATCCAGGGCACTA	Ches_Ao	CTGATCCAGGGCACTA	Ches	SRR11008275	275_CTGATCCAGGGCACTA	TRUE
Ches_Ao_CTGATCCCATACAGCT	Ches_Ao	CTGATCCCATACAGCT	Ches	SRR11008275	275_CTGATCCCATACAGCT	TRUE
Ches_Ao_CTGATCCTCTTGCAAG	Ches_Ao	CTGATCCTCTTGCAAG	Ches	SRR11008275	275_CTGATCCTCTTGCAAG	TRUE
Ches_Ao_CTGCCTACACAGCCCA	Ches_Ao	CTGCCTACACAGCCCA	Ches	SRR11008275	275_CTGCCTACACAGCCCA	TRUE
Ches_Ao_CTGCGGACACAGACTT	Ches_Ao	CTGCGGACACAGACTT	Ches	SRR11008275	275_CTGCGGACACAGACTT	TRUE
Ches_Ao_CTGCGGACATATGAGA	Ches_Ao	CTGCGGACATATGAGA	Ches	SRR11008275	275_CTGCGGACATATGAGA	TRUE
Ches_Ao_CTGCGGAGTGCAACGA	Ches_Ao	CTGCGGAGTGCAACGA	Ches	SRR11008275	275_CTGCGGAGTGCAACGA	TRUE
Ches_Ao_CTGCGGAGTGTGAAAT	Ches_Ao	CTGCGGAGTGTGAAAT	Ches	SRR11008275	275_CTGCGGAGTGTGAAAT	TRUE
Ches_Ao_CTGCTGTTCGGTCTAA	Ches_Ao	CTGCTGTTCGGTCTAA	Ches	SRR11008275	275_CTGCTGTTCGGTCTAA	TRUE
Ches_Ao_CTGGTCTAGGTAAACT	Ches_Ao	CTGGTCTAGGTAAACT	Ches	SRR11008275	275_CTGGTCTAGGTAAACT	TRUE
Ches_Ao_CTGGTCTCACACATGT	Ches_Ao	CTGGTCTCACACATGT	Ches	SRR11008275	275_CTGGTCTCACACATGT	TRUE
Ches_Ao_CTGGTCTGTAGCCTCG	Ches_Ao	CTGGTCTGTAGCCTCG	Ches	SRR11008275	275_CTGGTCTGTAGCCTCG	TRUE
Ches_Ao_CTGTGCTCAGCTCCGA	Ches_Ao	CTGTGCTCAGCTCCGA	Ches	SRR11008275	275_CTGTGCTCAGCTCCGA	FALSE
Ches_Ao_CTGTGCTTCACGGTTA	Ches_Ao	CTGTGCTTCACGGTTA	Ches	SRR11008275	275_CTGTGCTTCACGGTTA	TRUE
Ches_Ao_CTGTTTAAGAGTCTGG	Ches_Ao	CTGTTTAAGAGTCTGG	Ches	SRR11008275	275_CTGTTTAAGAGTCTGG	TRUE
Ches_Ao_CTGTTTAAGTGGGTTG	Ches_Ao	CTGTTTAAGTGGGTTG	Ches	SRR11008275	275_CTGTTTAAGTGGGTTG	TRUE
Ches_Ao_CTGTTTAAGTGGTAGC	Ches_Ao	CTGTTTAAGTGGTAGC	Ches	SRR11008275	275_CTGTTTAAGTGGTAGC	TRUE
Ches_Ao_CTGTTTACACGAAATA	Ches_Ao	CTGTTTACACGAAATA	Ches	SRR11008275	275_CTGTTTACACGAAATA	TRUE
Ches_Ao_CTTAACTAGACCTTTG	Ches_Ao	CTTAACTAGACCTTTG	Ches	SRR11008275	275_CTTAACTAGACCTTTG	TRUE
Ches_Ao_CTTAACTGTCCGACGT	Ches_Ao	CTTAACTGTCCGACGT	Ches	SRR11008275	275_CTTAACTGTCCGACGT	TRUE
Ches_Ao_CTTAACTTCATCACCC	Ches_Ao	CTTAACTTCATCACCC	Ches	SRR11008275	275_CTTAACTTCATCACCC	TRUE
Ches_Ao_CTTACCGAGAGACTAT	Ches_Ao	CTTACCGAGAGACTAT	Ches	SRR11008275	275_CTTACCGAGAGACTAT	TRUE
Ches_Ao_CTTACCGGTCTTCAAG	Ches_Ao	CTTACCGGTCTTCAAG	Ches	SRR11008275	275_CTTACCGGTCTTCAAG	TRUE
Ches_Ao_CTTACCGTCCTTTACA	Ches_Ao	CTTACCGTCCTTTACA	Ches	SRR11008275	275_CTTACCGTCCTTTACA	TRUE
Ches_Ao_CTTCTCTTCACAACGT	Ches_Ao	CTTCTCTTCACAACGT	Ches	SRR11008275	275_CTTCTCTTCACAACGT	TRUE
Ches_Ao_CTTGGCTGTATGAAAC	Ches_Ao	CTTGGCTGTATGAAAC	Ches	SRR11008275	275_CTTGGCTGTATGAAAC	FALSE
Ches_Ao_CTTTGCGCAATAACGA	Ches_Ao	CTTTGCGCAATAACGA	Ches	SRR11008275	275_CTTTGCGCAATAACGA	TRUE
Ches_Ao_CTTTGCGCACCTATCC	Ches_Ao	CTTTGCGCACCTATCC	Ches	SRR11008275	275_CTTTGCGCACCTATCC	TRUE
Ches_Ao_CTTTGCGGTCGACTGC	Ches_Ao	CTTTGCGGTCGACTGC	Ches	SRR11008275	275_CTTTGCGGTCGACTGC	TRUE
Ches_Ao_GAAACTCCAAAGGTGC	Ches_Ao	GAAACTCCAAAGGTGC	Ches	SRR11008275	275_GAAACTCCAAAGGTGC	TRUE
Ches_Ao_GAAACTCGTCAATACC	Ches_Ao	GAAACTCGTCAATACC	Ches	SRR11008275	275_GAAACTCGTCAATACC	FALSE
Ches_Ao_GAAACTCTCCCATTTA	Ches_Ao	GAAACTCTCCCATTTA	Ches	SRR11008275	275_GAAACTCTCCCATTTA	TRUE
Ches_Ao_GAAATGAAGGCCATAG	Ches_Ao	GAAATGAAGGCCATAG	Ches	SRR11008275	275_GAAATGAAGGCCATAG	TRUE
Ches_Ao_GAAATGACAGTCCTTC	Ches_Ao	GAAATGACAGTCCTTC	Ches	SRR11008275	275_GAAATGACAGTCCTTC	TRUE
Ches_Ao_GAACATCAGCTGAAAT	Ches_Ao	GAACATCAGCTGAAAT	Ches	SRR11008275	275_GAACATCAGCTGAAAT	TRUE
Ches_Ao_GAACATCGTTAGTGGG	Ches_Ao	GAACATCGTTAGTGGG	Ches	SRR11008275	275_GAACATCGTTAGTGGG	TRUE
Ches_Ao_GAACCTAAGCACGCCT	Ches_Ao	GAACCTAAGCACGCCT	Ches	SRR11008275	275_GAACCTAAGCACGCCT	TRUE
Ches_Ao_GAACCTACAAACAACA	Ches_Ao	GAACCTACAAACAACA	Ches	SRR11008275	275_GAACCTACAAACAACA	TRUE
Ches_Ao_GAACCTACACCGATAT	Ches_Ao	GAACCTACACCGATAT	Ches	SRR11008275	275_GAACCTACACCGATAT	TRUE
Ches_Ao_GAACCTAGTACCCAAT	Ches_Ao	GAACCTAGTACCCAAT	Ches	SRR11008275	275_GAACCTAGTACCCAAT	TRUE
Ches_Ao_GAACCTAGTAGCTTGT	Ches_Ao	GAACCTAGTAGCTTGT	Ches	SRR11008275	275_GAACCTAGTAGCTTGT	TRUE
Ches_Ao_GAACCTAGTTGAGGTG	Ches_Ao	GAACCTAGTTGAGGTG	Ches	SRR11008275	275_GAACCTAGTTGAGGTG	TRUE
Ches_Ao_GAACCTATCAAGGCTT	Ches_Ao	GAACCTATCAAGGCTT	Ches	SRR11008275	275_GAACCTATCAAGGCTT	FALSE
Ches_Ao_GAACCTATCAGCATGT	Ches_Ao	GAACCTATCAGCATGT	Ches	SRR11008275	275_GAACCTATCAGCATGT	TRUE
Ches_Ao_GAACGGACATGACGGA	Ches_Ao	GAACGGACATGACGGA	Ches	SRR11008275	275_GAACGGACATGACGGA	TRUE
Ches_Ao_GAAGCAGGTCCAAGTT	Ches_Ao	GAAGCAGGTCCAAGTT	Ches	SRR11008275	275_GAAGCAGGTCCAAGTT	TRUE
Ches_Ao_GAAGCAGGTCGGCTCA	Ches_Ao	GAAGCAGGTCGGCTCA	Ches	SRR11008275	275_GAAGCAGGTCGGCTCA	TRUE
Ches_Ao_GAATAAGCAATGTTGC	Ches_Ao	GAATAAGCAATGTTGC	Ches	SRR11008275	275_GAATAAGCAATGTTGC	TRUE
Ches_Ao_GACACGCCACTTAAGC	Ches_Ao	GACACGCCACTTAAGC	Ches	SRR11008275	275_GACACGCCACTTAAGC	TRUE
Ches_Ao_GACAGAGCAAGCCGTC	Ches_Ao	GACAGAGCAAGCCGTC	Ches	SRR11008275	275_GACAGAGCAAGCCGTC	TRUE
Ches_Ao_GACAGAGCAAGGACAC	Ches_Ao	GACAGAGCAAGGACAC	Ches	SRR11008275	275_GACAGAGCAAGGACAC	TRUE
Ches_Ao_GACAGAGCACATGTGT	Ches_Ao	GACAGAGCACATGTGT	Ches	SRR11008275	275_GACAGAGCACATGTGT	TRUE
Ches_Ao_GACAGAGCACGGTAAG	Ches_Ao	GACAGAGCACGGTAAG	Ches	SRR11008275	275_GACAGAGCACGGTAAG	TRUE
Ches_Ao_GACCAATCACAAGACG	Ches_Ao	GACCAATCACAAGACG	Ches	SRR11008275	275_GACCAATCACAAGACG	TRUE
Ches_Ao_GACCAATGTGTTCGAT	Ches_Ao	GACCAATGTGTTCGAT	Ches	SRR11008275	275_GACCAATGTGTTCGAT	TRUE
Ches_Ao_GACCAATTCTTGCATT	Ches_Ao	GACCAATTCTTGCATT	Ches	SRR11008275	275_GACCAATTCTTGCATT	TRUE
Ches_Ao_GACCTGGGTCATACTG	Ches_Ao	GACCTGGGTCATACTG	Ches	SRR11008275	275_GACCTGGGTCATACTG	TRUE
Ches_Ao_GACCTGGGTCTCTTTA	Ches_Ao	GACCTGGGTCTCTTTA	Ches	SRR11008275	275_GACCTGGGTCTCTTTA	TRUE
Ches_Ao_GACGGCTAGCTGTCTA	Ches_Ao	GACGGCTAGCTGTCTA	Ches	SRR11008275	275_GACGGCTAGCTGTCTA	TRUE
Ches_Ao_GACGGCTAGTATGACA	Ches_Ao	GACGGCTAGTATGACA	Ches	SRR11008275	275_GACGGCTAGTATGACA	TRUE
Ches_Ao_GACGGCTCAATGGAGC	Ches_Ao	GACGGCTCAATGGAGC	Ches	SRR11008275	275_GACGGCTCAATGGAGC	TRUE
Ches_Ao_GACGGCTGTCAGTGGA	Ches_Ao	GACGGCTGTCAGTGGA	Ches	SRR11008275	275_GACGGCTGTCAGTGGA	TRUE
Ches_Ao_GACGGCTTCGGAAATA	Ches_Ao	GACGGCTTCGGAAATA	Ches	SRR11008275	275_GACGGCTTCGGAAATA	TRUE
Ches_Ao_GACGGCTTCGGCGGTT	Ches_Ao	GACGGCTTCGGCGGTT	Ches	SRR11008275	275_GACGGCTTCGGCGGTT	TRUE
Ches_Ao_GACGTGCAGAATTCCC	Ches_Ao	GACGTGCAGAATTCCC	Ches	SRR11008275	275_GACGTGCAGAATTCCC	TRUE
Ches_Ao_GACGTTAGTTGGTAAA	Ches_Ao	GACGTTAGTTGGTAAA	Ches	SRR11008275	275_GACGTTAGTTGGTAAA	TRUE
Ches_Ao_GACGTTATCCGTACAA	Ches_Ao	GACGTTATCCGTACAA	Ches	SRR11008275	275_GACGTTATCCGTACAA	TRUE
Ches_Ao_GACTAACTCGGTGTTA	Ches_Ao	GACTAACTCGGTGTTA	Ches	SRR11008275	275_GACTAACTCGGTGTTA	TRUE
Ches_Ao_GACTAACTCTTAACCT	Ches_Ao	GACTAACTCTTAACCT	Ches	SRR11008275	275_GACTAACTCTTAACCT	TRUE
Ches_Ao_GACTACACACGGCGTT	Ches_Ao	GACTACACACGGCGTT	Ches	SRR11008275	275_GACTACACACGGCGTT	FALSE
Ches_Ao_GACTACAGTCCGTGAC	Ches_Ao	GACTACAGTCCGTGAC	Ches	SRR11008275	275_GACTACAGTCCGTGAC	TRUE
Ches_Ao_GACTGCGTCAACACCA	Ches_Ao	GACTGCGTCAACACCA	Ches	SRR11008275	275_GACTGCGTCAACACCA	TRUE
Ches_Ao_GACTGCGTCTTGACGA	Ches_Ao	GACTGCGTCTTGACGA	Ches	SRR11008275	275_GACTGCGTCTTGACGA	TRUE
Ches_Ao_GAGGTGAGTCCCTACT	Ches_Ao	GAGGTGAGTCCCTACT	Ches	SRR11008275	275_GAGGTGAGTCCCTACT	TRUE
Ches_Ao_GAGGTGATCCAAATGC	Ches_Ao	GAGGTGATCCAAATGC	Ches	SRR11008275	275_GAGGTGATCCAAATGC	TRUE
Ches_Ao_GAGTCCGTCAGGCCCA	Ches_Ao	GAGTCCGTCAGGCCCA	Ches	SRR11008275	275_GAGTCCGTCAGGCCCA	TRUE
Ches_Ao_GATCAGTAGACAGAGA	Ches_Ao	GATCAGTAGACAGAGA	Ches	SRR11008275	275_GATCAGTAGACAGAGA	TRUE
Ches_Ao_GATCAGTTCGAATCCA	Ches_Ao	GATCAGTTCGAATCCA	Ches	SRR11008275	275_GATCAGTTCGAATCCA	TRUE
Ches_Ao_GATCGATAGCAATCTC	Ches_Ao	GATCGATAGCAATCTC	Ches	SRR11008275	275_GATCGATAGCAATCTC	TRUE
Ches_Ao_GATCGATAGGCAATTA	Ches_Ao	GATCGATAGGCAATTA	Ches	SRR11008275	275_GATCGATAGGCAATTA	TRUE
Ches_Ao_GATCGATTCAGCCTAA	Ches_Ao	GATCGATTCAGCCTAA	Ches	SRR11008275	275_GATCGATTCAGCCTAA	TRUE
Ches_Ao_GATCGCGTCATTGCCC	Ches_Ao	GATCGCGTCATTGCCC	Ches	SRR11008275	275_GATCGCGTCATTGCCC	TRUE
Ches_Ao_GATCGCGTCCGTTGTC	Ches_Ao	GATCGCGTCCGTTGTC	Ches	SRR11008275	275_GATCGCGTCCGTTGTC	TRUE
Ches_Ao_GATCGTATCAAGATCC	Ches_Ao	GATCGTATCAAGATCC	Ches	SRR11008275	275_GATCGTATCAAGATCC	TRUE
Ches_Ao_GATCGTATCACGACTA	Ches_Ao	GATCGTATCACGACTA	Ches	SRR11008275	275_GATCGTATCACGACTA	TRUE
Ches_Ao_GATCTAGAGGCGACAT	Ches_Ao	GATCTAGAGGCGACAT	Ches	SRR11008275	275_GATCTAGAGGCGACAT	TRUE
Ches_Ao_GATGAAACACGACGAA	Ches_Ao	GATGAAACACGACGAA	Ches	SRR11008275	275_GATGAAACACGACGAA	TRUE
Ches_Ao_GATGAAACATCCGGGT	Ches_Ao	GATGAAACATCCGGGT	Ches	SRR11008275	275_GATGAAACATCCGGGT	TRUE
Ches_Ao_GATGAAAGTACCGTAT	Ches_Ao	GATGAAAGTACCGTAT	Ches	SRR11008275	275_GATGAAAGTACCGTAT	TRUE
Ches_Ao_GATGAAATCAACACAC	Ches_Ao	GATGAAATCAACACAC	Ches	SRR11008275	275_GATGAAATCAACACAC	TRUE
Ches_Ao_GATGAAATCTTTACGT	Ches_Ao	GATGAAATCTTTACGT	Ches	SRR11008275	275_GATGAAATCTTTACGT	TRUE
Ches_Ao_GATGAGGCACAACGCC	Ches_Ao	GATGAGGCACAACGCC	Ches	SRR11008275	275_GATGAGGCACAACGCC	TRUE
Ches_Ao_GATGAGGTCAAAGACA	Ches_Ao	GATGAGGTCAAAGACA	Ches	SRR11008275	275_GATGAGGTCAAAGACA	TRUE
Ches_Ao_GATGAGGTCGGCGGTT	Ches_Ao	GATGAGGTCGGCGGTT	Ches	SRR11008275	275_GATGAGGTCGGCGGTT	TRUE
Ches_Ao_GATGCTAAGCCGGTAA	Ches_Ao	GATGCTAAGCCGGTAA	Ches	SRR11008275	275_GATGCTAAGCCGGTAA	TRUE
Ches_Ao_GATTCAGGTCCCGACA	Ches_Ao	GATTCAGGTCCCGACA	Ches	SRR11008275	275_GATTCAGGTCCCGACA	TRUE
Ches_Ao_GATTCAGGTTGCTCCT	Ches_Ao	GATTCAGGTTGCTCCT	Ches	SRR11008275	275_GATTCAGGTTGCTCCT	TRUE
Ches_Ao_GCAAACTAGAGCTGCA	Ches_Ao	GCAAACTAGAGCTGCA	Ches	SRR11008275	275_GCAAACTAGAGCTGCA	TRUE
Ches_Ao_GCAATCAAGGAGTCTG	Ches_Ao	GCAATCAAGGAGTCTG	Ches	SRR11008275	275_GCAATCAAGGAGTCTG	TRUE
Ches_Ao_GCAATCACACTGTTAG	Ches_Ao	GCAATCACACTGTTAG	Ches	SRR11008275	275_GCAATCACACTGTTAG	TRUE
Ches_Ao_GCAATCATCAATCTCT	Ches_Ao	GCAATCATCAATCTCT	Ches	SRR11008275	275_GCAATCATCAATCTCT	TRUE
Ches_Ao_GCAATCATCCACGTTC	Ches_Ao	GCAATCATCCACGTTC	Ches	SRR11008275	275_GCAATCATCCACGTTC	TRUE
Ches_Ao_GCACATAAGGCCCGTT	Ches_Ao	GCACATAAGGCCCGTT	Ches	SRR11008275	275_GCACATAAGGCCCGTT	TRUE
Ches_Ao_GCACATAGTTGATTCG	Ches_Ao	GCACATAGTTGATTCG	Ches	SRR11008275	275_GCACATAGTTGATTCG	TRUE
Ches_Ao_GCACATATCCACGTTC	Ches_Ao	GCACATATCCACGTTC	Ches	SRR11008275	275_GCACATATCCACGTTC	TRUE
Ches_Ao_GCACTCTTCACCGTAA	Ches_Ao	GCACTCTTCACCGTAA	Ches	SRR11008275	275_GCACTCTTCACCGTAA	TRUE
Ches_Ao_GCACTCTTCAGGATCT	Ches_Ao	GCACTCTTCAGGATCT	Ches	SRR11008275	275_GCACTCTTCAGGATCT	TRUE
Ches_Ao_GCAGCCAAGACTAAGT	Ches_Ao	GCAGCCAAGACTAAGT	Ches	SRR11008275	275_GCAGCCAAGACTAAGT	TRUE
Ches_Ao_GCAGCCACACTCTGTC	Ches_Ao	GCAGCCACACTCTGTC	Ches	SRR11008275	275_GCAGCCACACTCTGTC	TRUE
Ches_Ao_GCAGCCAGTAAACCTC	Ches_Ao	GCAGCCAGTAAACCTC	Ches	SRR11008275	275_GCAGCCAGTAAACCTC	TRUE
Ches_Ao_GCAGCCAGTATCACCA	Ches_Ao	GCAGCCAGTATCACCA	Ches	SRR11008275	275_GCAGCCAGTATCACCA	TRUE
Ches_Ao_GCAGCCAGTTCCAACA	Ches_Ao	GCAGCCAGTTCCAACA	Ches	SRR11008275	275_GCAGCCAGTTCCAACA	TRUE
Ches_Ao_GCAGCCATCACCACCT	Ches_Ao	GCAGCCATCACCACCT	Ches	SRR11008275	275_GCAGCCATCACCACCT	TRUE
Ches_Ao_GCAGTTACATATGCTG	Ches_Ao	GCAGTTACATATGCTG	Ches	SRR11008275	275_GCAGTTACATATGCTG	TRUE
Ches_Ao_GCAGTTAGTCTAGTCA	Ches_Ao	GCAGTTAGTCTAGTCA	Ches	SRR11008275	275_GCAGTTAGTCTAGTCA	TRUE
Ches_Ao_GCATACACAGACAAAT	Ches_Ao	GCATACACAGACAAAT	Ches	SRR11008275	275_GCATACACAGACAAAT	TRUE
Ches_Ao_GCATACAGTCGCCATG	Ches_Ao	GCATACAGTCGCCATG	Ches	SRR11008275	275_GCATACAGTCGCCATG	TRUE
Ches_Ao_GCATACATCTCGAGTA	Ches_Ao	GCATACATCTCGAGTA	Ches	SRR11008275	275_GCATACATCTCGAGTA	TRUE
Ches_Ao_GCATGATAGACTCGGA	Ches_Ao	GCATGATAGACTCGGA	Ches	SRR11008275	275_GCATGATAGACTCGGA	TRUE
Ches_Ao_GCATGATTCCAGAAGG	Ches_Ao	GCATGATTCCAGAAGG	Ches	SRR11008275	275_GCATGATTCCAGAAGG	TRUE
Ches_Ao_GCATGCGAGGCTACGA	Ches_Ao	GCATGCGAGGCTACGA	Ches	SRR11008275	275_GCATGCGAGGCTACGA	TRUE
Ches_Ao_GCATGCGCACCACGTG	Ches_Ao	GCATGCGCACCACGTG	Ches	SRR11008275	275_GCATGCGCACCACGTG	TRUE
Ches_Ao_GCATGCGTCCCTCAGT	Ches_Ao	GCATGCGTCCCTCAGT	Ches	SRR11008275	275_GCATGCGTCCCTCAGT	TRUE
Ches_Ao_GCATGTAAGGCGCTCT	Ches_Ao	GCATGTAAGGCGCTCT	Ches	SRR11008275	275_GCATGTAAGGCGCTCT	TRUE
Ches_Ao_GCATGTACACTTGGAT	Ches_Ao	GCATGTACACTTGGAT	Ches	SRR11008275	275_GCATGTACACTTGGAT	TRUE
Ches_Ao_GCATGTAGTTCCCGAG	Ches_Ao	GCATGTAGTTCCCGAG	Ches	SRR11008275	275_GCATGTAGTTCCCGAG	TRUE
Ches_Ao_GCATGTAGTTGACGTT	Ches_Ao	GCATGTAGTTGACGTT	Ches	SRR11008275	275_GCATGTAGTTGACGTT	TRUE
Ches_Ao_GCCAAATAGGAGCGTT	Ches_Ao	GCCAAATAGGAGCGTT	Ches	SRR11008275	275_GCCAAATAGGAGCGTT	TRUE
Ches_Ao_GCCAAATTCACCACCT	Ches_Ao	GCCAAATTCACCACCT	Ches	SRR11008275	275_GCCAAATTCACCACCT	TRUE
Ches_Ao_GCCAAATTCTGTCAAG	Ches_Ao	GCCAAATTCTGTCAAG	Ches	SRR11008275	275_GCCAAATTCTGTCAAG	FALSE
Ches_Ao_GCCTCTAAGACAAAGG	Ches_Ao	GCCTCTAAGACAAAGG	Ches	SRR11008275	275_GCCTCTAAGACAAAGG	TRUE
Ches_Ao_GCCTCTATCTGTTGAG	Ches_Ao	GCCTCTATCTGTTGAG	Ches	SRR11008275	275_GCCTCTATCTGTTGAG	TRUE
Ches_Ao_GCGACCAGTATCTGCA	Ches_Ao	GCGACCAGTATCTGCA	Ches	SRR11008275	275_GCGACCAGTATCTGCA	TRUE
Ches_Ao_GCGACCATCAGAGCTT	Ches_Ao	GCGACCATCAGAGCTT	Ches	SRR11008275	275_GCGACCATCAGAGCTT	TRUE
Ches_Ao_GCGACCATCTTGAGAC	Ches_Ao	GCGACCATCTTGAGAC	Ches	SRR11008275	275_GCGACCATCTTGAGAC	TRUE
Ches_Ao_GCGCAACGTAGCGATG	Ches_Ao	GCGCAACGTAGCGATG	Ches	SRR11008275	275_GCGCAACGTAGCGATG	TRUE
Ches_Ao_GCGCAACGTCGCTTTC	Ches_Ao	GCGCAACGTCGCTTTC	Ches	SRR11008275	275_GCGCAACGTCGCTTTC	TRUE
Ches_Ao_GCGCAACGTGTGAAAT	Ches_Ao	GCGCAACGTGTGAAAT	Ches	SRR11008275	275_GCGCAACGTGTGAAAT	TRUE
Ches_Ao_GCGCAACGTTAAGTAG	Ches_Ao	GCGCAACGTTAAGTAG	Ches	SRR11008275	275_GCGCAACGTTAAGTAG	TRUE
Ches_Ao_GCGCAACTCGTCCAGG	Ches_Ao	GCGCAACTCGTCCAGG	Ches	SRR11008275	275_GCGCAACTCGTCCAGG	TRUE
Ches_Ao_GCGCAGTAGGACAGAA	Ches_Ao	GCGCAGTAGGACAGAA	Ches	SRR11008275	275_GCGCAGTAGGACAGAA	TRUE
Ches_Ao_GCGCAGTCAGCCTATA	Ches_Ao	GCGCAGTCAGCCTATA	Ches	SRR11008275	275_GCGCAGTCAGCCTATA	TRUE
Ches_Ao_GCGCAGTCAGTTAACC	Ches_Ao	GCGCAGTCAGTTAACC	Ches	SRR11008275	275_GCGCAGTCAGTTAACC	TRUE
Ches_Ao_GCGCCAAAGCTAAGAT	Ches_Ao	GCGCCAAAGCTAAGAT	Ches	SRR11008275	275_GCGCCAAAGCTAAGAT	TRUE
Ches_Ao_GCGCCAAGTGTGGTTT	Ches_Ao	GCGCCAAGTGTGGTTT	Ches	SRR11008275	275_GCGCCAAGTGTGGTTT	TRUE
Ches_Ao_GCGCGATCACTAGTAC	Ches_Ao	GCGCGATCACTAGTAC	Ches	SRR11008275	275_GCGCGATCACTAGTAC	TRUE
Ches_Ao_GCGGGTTAGGTGATAT	Ches_Ao	GCGGGTTAGGTGATAT	Ches	SRR11008275	275_GCGGGTTAGGTGATAT	TRUE
Ches_Ao_GCGGGTTAGTATTGGA	Ches_Ao	GCGGGTTAGTATTGGA	Ches	SRR11008275	275_GCGGGTTAGTATTGGA	TRUE
Ches_Ao_GCGGGTTAGTTGCAGG	Ches_Ao	GCGGGTTAGTTGCAGG	Ches	SRR11008275	275_GCGGGTTAGTTGCAGG	TRUE
Ches_Ao_GCGGGTTAGTTTGCGT	Ches_Ao	GCGGGTTAGTTTGCGT	Ches	SRR11008275	275_GCGGGTTAGTTTGCGT	FALSE
Ches_Ao_GCGGGTTGTGTGACGA	Ches_Ao	GCGGGTTGTGTGACGA	Ches	SRR11008275	275_GCGGGTTGTGTGACGA	FALSE
Ches_Ao_GCGGGTTGTTTGACAC	Ches_Ao	GCGGGTTGTTTGACAC	Ches	SRR11008275	275_GCGGGTTGTTTGACAC	TRUE
Ches_Ao_GCTCCTATCTGGTATG	Ches_Ao	GCTCCTATCTGGTATG	Ches	SRR11008275	275_GCTCCTATCTGGTATG	TRUE
Ches_Ao_GCTCTGTAGATGTCGG	Ches_Ao	GCTCTGTAGATGTCGG	Ches	SRR11008275	275_GCTCTGTAGATGTCGG	TRUE
Ches_Ao_GCTGCAGGTGCAACGA	Ches_Ao	GCTGCAGGTGCAACGA	Ches	SRR11008275	275_GCTGCAGGTGCAACGA	TRUE
Ches_Ao_GCTGCAGGTTAGGGTG	Ches_Ao	GCTGCAGGTTAGGGTG	Ches	SRR11008275	275_GCTGCAGGTTAGGGTG	TRUE
Ches_Ao_GCTGCGACAATGGACG	Ches_Ao	GCTGCGACAATGGACG	Ches	SRR11008275	275_GCTGCGACAATGGACG	TRUE
Ches_Ao_GCTGCTTTCCCTAATT	Ches_Ao	GCTGCTTTCCCTAATT	Ches	SRR11008275	275_GCTGCTTTCCCTAATT	TRUE
Ches_Ao_GCTGGGTGTCGCGAAA	Ches_Ao	GCTGGGTGTCGCGAAA	Ches	SRR11008275	275_GCTGGGTGTCGCGAAA	TRUE
Ches_Ao_GCTTCCAAGCGTCTAT	Ches_Ao	GCTTCCAAGCGTCTAT	Ches	SRR11008275	275_GCTTCCAAGCGTCTAT	TRUE
Ches_Ao_GCTTCCAAGCTGCAAG	Ches_Ao	GCTTCCAAGCTGCAAG	Ches	SRR11008275	275_GCTTCCAAGCTGCAAG	TRUE
Ches_Ao_GCTTCCATCAGTACGT	Ches_Ao	GCTTCCATCAGTACGT	Ches	SRR11008275	275_GCTTCCATCAGTACGT	TRUE
Ches_Ao_GCTTGAACATCGATTG	Ches_Ao	GCTTGAACATCGATTG	Ches	SRR11008275	275_GCTTGAACATCGATTG	TRUE
Ches_Ao_GCTTGAATCATAAAGG	Ches_Ao	GCTTGAATCATAAAGG	Ches	SRR11008275	275_GCTTGAATCATAAAGG	TRUE
Ches_Ao_GCTTGAATCGCATGAT	Ches_Ao	GCTTGAATCGCATGAT	Ches	SRR11008275	275_GCTTGAATCGCATGAT	TRUE
Ches_Ao_GGAAAGCAGCAACGGT	Ches_Ao	GGAAAGCAGCAACGGT	Ches	SRR11008275	275_GGAAAGCAGCAACGGT	TRUE
Ches_Ao_GGAAAGCAGCCAGTAG	Ches_Ao	GGAAAGCAGCCAGTAG	Ches	SRR11008275	275_GGAAAGCAGCCAGTAG	TRUE
Ches_Ao_GGAAAGCTCCTTCAAT	Ches_Ao	GGAAAGCTCCTTCAAT	Ches	SRR11008275	275_GGAAAGCTCCTTCAAT	TRUE
Ches_Ao_GGAACTTGTCTAGCGC	Ches_Ao	GGAACTTGTCTAGCGC	Ches	SRR11008275	275_GGAACTTGTCTAGCGC	TRUE
Ches_Ao_GGAACTTTCTACCAGA	Ches_Ao	GGAACTTTCTACCAGA	Ches	SRR11008275	275_GGAACTTTCTACCAGA	TRUE
Ches_Ao_GGAATAAAGACTTTCG	Ches_Ao	GGAATAAAGACTTTCG	Ches	SRR11008275	275_GGAATAAAGACTTTCG	TRUE
Ches_Ao_GGACAAGAGCTAACAA	Ches_Ao	GGACAAGAGCTAACAA	Ches	SRR11008275	275_GGACAAGAGCTAACAA	TRUE
Ches_Ao_GGACAAGCACAGGAGT	Ches_Ao	GGACAAGCACAGGAGT	Ches	SRR11008275	275_GGACAAGCACAGGAGT	TRUE
Ches_Ao_GGACAAGCATCTGGTA	Ches_Ao	GGACAAGCATCTGGTA	Ches	SRR11008275	275_GGACAAGCATCTGGTA	TRUE
Ches_Ao_GGACAAGGTAGCCTAT	Ches_Ao	GGACAAGGTAGCCTAT	Ches	SRR11008275	275_GGACAAGGTAGCCTAT	TRUE
Ches_Ao_GGACAAGTCCAAAGTC	Ches_Ao	GGACAAGTCCAAAGTC	Ches	SRR11008275	275_GGACAAGTCCAAAGTC	TRUE
Ches_Ao_GGACAGACAGGTGCCT	Ches_Ao	GGACAGACAGGTGCCT	Ches	SRR11008275	275_GGACAGACAGGTGCCT	TRUE
Ches_Ao_GGACAGATCCTCCTAG	Ches_Ao	GGACAGATCCTCCTAG	Ches	SRR11008275	275_GGACAGATCCTCCTAG	TRUE
Ches_Ao_GGACAGATCTTATCTG	Ches_Ao	GGACAGATCTTATCTG	Ches	SRR11008275	275_GGACAGATCTTATCTG	TRUE
Ches_Ao_GGACATTAGATCTGAA	Ches_Ao	GGACATTAGATCTGAA	Ches	SRR11008275	275_GGACATTAGATCTGAA	TRUE
Ches_Ao_GGACATTCACCAGGCT	Ches_Ao	GGACATTCACCAGGCT	Ches	SRR11008275	275_GGACATTCACCAGGCT	TRUE
Ches_Ao_GGACATTGTAGTAGTA	Ches_Ao	GGACATTGTAGTAGTA	Ches	SRR11008275	275_GGACATTGTAGTAGTA	TRUE
Ches_Ao_GGACGTCAGCCACGTC	Ches_Ao	GGACGTCAGCCACGTC	Ches	SRR11008275	275_GGACGTCAGCCACGTC	TRUE
Ches_Ao_GGACGTCTCTCCAACC	Ches_Ao	GGACGTCTCTCCAACC	Ches	SRR11008275	275_GGACGTCTCTCCAACC	TRUE
Ches_Ao_GGAGCAAGTAAGGGAA	Ches_Ao	GGAGCAAGTAAGGGAA	Ches	SRR11008275	275_GGAGCAAGTAAGGGAA	TRUE
Ches_Ao_GGAGCAAGTGAAGGCT	Ches_Ao	GGAGCAAGTGAAGGCT	Ches	SRR11008275	275_GGAGCAAGTGAAGGCT	TRUE
Ches_Ao_GGAGCAAGTGTCCTCT	Ches_Ao	GGAGCAAGTGTCCTCT	Ches	SRR11008275	275_GGAGCAAGTGTCCTCT	TRUE
Ches_Ao_GGATGTTAGGCTATCT	Ches_Ao	GGATGTTAGGCTATCT	Ches	SRR11008275	275_GGATGTTAGGCTATCT	TRUE
Ches_Ao_GGATGTTCAGACACTT	Ches_Ao	GGATGTTCAGACACTT	Ches	SRR11008275	275_GGATGTTCAGACACTT	TRUE
Ches_Ao_GGATGTTGTCTCATCC	Ches_Ao	GGATGTTGTCTCATCC	Ches	SRR11008275	275_GGATGTTGTCTCATCC	TRUE
Ches_Ao_GGATTACAGCGAGAAA	Ches_Ao	GGATTACAGCGAGAAA	Ches	SRR11008275	275_GGATTACAGCGAGAAA	TRUE
Ches_Ao_GGATTACAGTCGCCGT	Ches_Ao	GGATTACAGTCGCCGT	Ches	SRR11008275	275_GGATTACAGTCGCCGT	TRUE
Ches_Ao_GGATTACGTGCACTTA	Ches_Ao	GGATTACGTGCACTTA	Ches	SRR11008275	275_GGATTACGTGCACTTA	TRUE
Ches_Ao_GGCAATTAGCGTGAGT	Ches_Ao	GGCAATTAGCGTGAGT	Ches	SRR11008275	275_GGCAATTAGCGTGAGT	TRUE
Ches_Ao_GGCAATTCAGCTGCAC	Ches_Ao	GGCAATTCAGCTGCAC	Ches	SRR11008275	275_GGCAATTCAGCTGCAC	TRUE
Ches_Ao_GGCAATTTCAGGATCT	Ches_Ao	GGCAATTTCAGGATCT	Ches	SRR11008275	275_GGCAATTTCAGGATCT	TRUE
Ches_Ao_GGCCGATAGACTAGAT	Ches_Ao	GGCCGATAGACTAGAT	Ches	SRR11008275	275_GGCCGATAGACTAGAT	TRUE
Ches_Ao_GGCCGATGTCACCCAG	Ches_Ao	GGCCGATGTCACCCAG	Ches	SRR11008275	275_GGCCGATGTCACCCAG	TRUE
Ches_Ao_GGCGACTGTGGCAAAC	Ches_Ao	GGCGACTGTGGCAAAC	Ches	SRR11008275	275_GGCGACTGTGGCAAAC	TRUE
Ches_Ao_GGCGACTTCATCGGAT	Ches_Ao	GGCGACTTCATCGGAT	Ches	SRR11008275	275_GGCGACTTCATCGGAT	TRUE
Ches_Ao_GGCGACTTCCAGAAGG	Ches_Ao	GGCGACTTCCAGAAGG	Ches	SRR11008275	275_GGCGACTTCCAGAAGG	TRUE
Ches_Ao_GGCGTGTCATGAACCT	Ches_Ao	GGCGTGTCATGAACCT	Ches	SRR11008275	275_GGCGTGTCATGAACCT	TRUE
Ches_Ao_GGCGTGTGTCATATGC	Ches_Ao	GGCGTGTGTCATATGC	Ches	SRR11008275	275_GGCGTGTGTCATATGC	TRUE
Ches_Ao_GGCTCGAAGAGTCTGG	Ches_Ao	GGCTCGAAGAGTCTGG	Ches	SRR11008275	275_GGCTCGAAGAGTCTGG	TRUE
Ches_Ao_GGCTCGACAACGATCT	Ches_Ao	GGCTCGACAACGATCT	Ches	SRR11008275	275_GGCTCGACAACGATCT	TRUE
Ches_Ao_GGCTCGAGTCAGAATA	Ches_Ao	GGCTCGAGTCAGAATA	Ches	SRR11008275	275_GGCTCGAGTCAGAATA	TRUE
Ches_Ao_GGCTGGTAGCTACCGC	Ches_Ao	GGCTGGTAGCTACCGC	Ches	SRR11008275	275_GGCTGGTAGCTACCGC	TRUE
Ches_Ao_GGCTGGTCACATCTTT	Ches_Ao	GGCTGGTCACATCTTT	Ches	SRR11008275	275_GGCTGGTCACATCTTT	TRUE
Ches_Ao_GGCTGGTCATGTAGTC	Ches_Ao	GGCTGGTCATGTAGTC	Ches	SRR11008275	275_GGCTGGTCATGTAGTC	TRUE
Ches_Ao_GGCTGGTTCTGTTGAG	Ches_Ao	GGCTGGTTCTGTTGAG	Ches	SRR11008275	275_GGCTGGTTCTGTTGAG	TRUE
Ches_Ao_GGGAATGAGGTGCAAC	Ches_Ao	GGGAATGAGGTGCAAC	Ches	SRR11008275	275_GGGAATGAGGTGCAAC	TRUE
Ches_Ao_GGGAATGCATGTCTCC	Ches_Ao	GGGAATGCATGTCTCC	Ches	SRR11008275	275_GGGAATGCATGTCTCC	TRUE
Ches_Ao_GGGAATGTCTCGTATT	Ches_Ao	GGGAATGTCTCGTATT	Ches	SRR11008275	275_GGGAATGTCTCGTATT	TRUE
Ches_Ao_GGGACCTAGAACAACT	Ches_Ao	GGGACCTAGAACAACT	Ches	SRR11008275	275_GGGACCTAGAACAACT	TRUE
Ches_Ao_GGGACCTAGACAGGCT	Ches_Ao	GGGACCTAGACAGGCT	Ches	SRR11008275	275_GGGACCTAGACAGGCT	TRUE
Ches_Ao_GGGACCTGTCTCCATC	Ches_Ao	GGGACCTGTCTCCATC	Ches	SRR11008275	275_GGGACCTGTCTCCATC	TRUE
Ches_Ao_GGGACCTGTTCTGGTA	Ches_Ao	GGGACCTGTTCTGGTA	Ches	SRR11008275	275_GGGACCTGTTCTGGTA	TRUE
Ches_Ao_GGGAGATTCAATCACG	Ches_Ao	GGGAGATTCAATCACG	Ches	SRR11008275	275_GGGAGATTCAATCACG	TRUE
Ches_Ao_GGGAGATTCCGCATCT	Ches_Ao	GGGAGATTCCGCATCT	Ches	SRR11008275	275_GGGAGATTCCGCATCT	TRUE
Ches_Ao_GGGATGAAGACCTAGG	Ches_Ao	GGGATGAAGACCTAGG	Ches	SRR11008275	275_GGGATGAAGACCTAGG	TRUE
Ches_Ao_GGGCACTGTCGAGTTT	Ches_Ao	GGGCACTGTCGAGTTT	Ches	SRR11008275	275_GGGCACTGTCGAGTTT	TRUE
Ches_Ao_GGGTCTGGTAACGACG	Ches_Ao	GGGTCTGGTAACGACG	Ches	SRR11008275	275_GGGTCTGGTAACGACG	TRUE
Ches_Ao_GGGTCTGGTATAGGTA	Ches_Ao	GGGTCTGGTATAGGTA	Ches	SRR11008275	275_GGGTCTGGTATAGGTA	TRUE
Ches_Ao_GGGTCTGTCGCCCTTA	Ches_Ao	GGGTCTGTCGCCCTTA	Ches	SRR11008275	275_GGGTCTGTCGCCCTTA	TRUE
Ches_Ao_GGGTTGCAGACATAAC	Ches_Ao	GGGTTGCAGACATAAC	Ches	SRR11008275	275_GGGTTGCAGACATAAC	TRUE
Ches_Ao_GGGTTGCCAAGCGATG	Ches_Ao	GGGTTGCCAAGCGATG	Ches	SRR11008275	275_GGGTTGCCAAGCGATG	TRUE
Ches_Ao_GGGTTGCCAGATCCAT	Ches_Ao	GGGTTGCCAGATCCAT	Ches	SRR11008275	275_GGGTTGCCAGATCCAT	TRUE
Ches_Ao_GGTATTGAGTGGCACA	Ches_Ao	GGTATTGAGTGGCACA	Ches	SRR11008275	275_GGTATTGAGTGGCACA	TRUE
Ches_Ao_GGTATTGTCATGTCTT	Ches_Ao	GGTATTGTCATGTCTT	Ches	SRR11008275	275_GGTATTGTCATGTCTT	TRUE
Ches_Ao_GGTGAAGAGGCTAGCA	Ches_Ao	GGTGAAGAGGCTAGCA	Ches	SRR11008275	275_GGTGAAGAGGCTAGCA	TRUE
Ches_Ao_GGTGCGTAGGATGGTC	Ches_Ao	GGTGCGTAGGATGGTC	Ches	SRR11008275	275_GGTGCGTAGGATGGTC	TRUE
Ches_Ao_GGTGCGTGTCCGTCAG	Ches_Ao	GGTGCGTGTCCGTCAG	Ches	SRR11008275	275_GGTGCGTGTCCGTCAG	TRUE
Ches_Ao_GGTGCGTTCCCTTGCA	Ches_Ao	GGTGCGTTCCCTTGCA	Ches	SRR11008275	275_GGTGCGTTCCCTTGCA	TRUE
Ches_Ao_GGTGCGTTCCTTGACC	Ches_Ao	GGTGCGTTCCTTGACC	Ches	SRR11008275	275_GGTGCGTTCCTTGACC	TRUE
Ches_Ao_GGTGTTAGTAGCGTAG	Ches_Ao	GGTGTTAGTAGCGTAG	Ches	SRR11008275	275_GGTGTTAGTAGCGTAG	TRUE
Ches_Ao_GGTGTTATCGTCGTTC	Ches_Ao	GGTGTTATCGTCGTTC	Ches	SRR11008275	275_GGTGTTATCGTCGTTC	TRUE
Ches_Ao_GTAACGTAGTATCTCG	Ches_Ao	GTAACGTAGTATCTCG	Ches	SRR11008275	275_GTAACGTAGTATCTCG	TRUE
Ches_Ao_GTAACGTCAATACGCT	Ches_Ao	GTAACGTCAATACGCT	Ches	SRR11008275	275_GTAACGTCAATACGCT	TRUE
Ches_Ao_GTAACGTGTAGCTGCC	Ches_Ao	GTAACGTGTAGCTGCC	Ches	SRR11008275	275_GTAACGTGTAGCTGCC	TRUE
Ches_Ao_GTAACGTGTCGGCACT	Ches_Ao	GTAACGTGTCGGCACT	Ches	SRR11008275	275_GTAACGTGTCGGCACT	TRUE
Ches_Ao_GTAACGTTCACTTATC	Ches_Ao	GTAACGTTCACTTATC	Ches	SRR11008275	275_GTAACGTTCACTTATC	TRUE
Ches_Ao_GTAACTGCAGTACACT	Ches_Ao	GTAACTGCAGTACACT	Ches	SRR11008275	275_GTAACTGCAGTACACT	TRUE
Ches_Ao_GTAACTGTCAGCCTAA	Ches_Ao	GTAACTGTCAGCCTAA	Ches	SRR11008275	275_GTAACTGTCAGCCTAA	TRUE
Ches_Ao_GTACGTATCCTTCAAT	Ches_Ao	GTACGTATCCTTCAAT	Ches	SRR11008275	275_GTACGTATCCTTCAAT	TRUE
Ches_Ao_GTACTCCTCATTATCC	Ches_Ao	GTACTCCTCATTATCC	Ches	SRR11008275	275_GTACTCCTCATTATCC	TRUE
Ches_Ao_GTACTTTAGGAGTTTA	Ches_Ao	GTACTTTAGGAGTTTA	Ches	SRR11008275	275_GTACTTTAGGAGTTTA	TRUE
Ches_Ao_GTACTTTCAATTCCTT	Ches_Ao	GTACTTTCAATTCCTT	Ches	SRR11008275	275_GTACTTTCAATTCCTT	TRUE
Ches_Ao_GTAGGCCAGGATGTAT	Ches_Ao	GTAGGCCAGGATGTAT	Ches	SRR11008275	275_GTAGGCCAGGATGTAT	TRUE
Ches_Ao_GTAGGCCCAATGCCAT	Ches_Ao	GTAGGCCCAATGCCAT	Ches	SRR11008275	275_GTAGGCCCAATGCCAT	TRUE
Ches_Ao_GTAGTCAAGAGTACCG	Ches_Ao	GTAGTCAAGAGTACCG	Ches	SRR11008275	275_GTAGTCAAGAGTACCG	TRUE
Ches_Ao_GTAGTCACAAATTGCC	Ches_Ao	GTAGTCACAAATTGCC	Ches	SRR11008275	275_GTAGTCACAAATTGCC	TRUE
Ches_Ao_GTAGTCACAAGCGAGT	Ches_Ao	GTAGTCACAAGCGAGT	Ches	SRR11008275	275_GTAGTCACAAGCGAGT	TRUE
Ches_Ao_GTATCTTTCTGTCCGT	Ches_Ao	GTATCTTTCTGTCCGT	Ches	SRR11008275	275_GTATCTTTCTGTCCGT	TRUE
Ches_Ao_GTATTCTAGATCCGAG	Ches_Ao	GTATTCTAGATCCGAG	Ches	SRR11008275	275_GTATTCTAGATCCGAG	TRUE
Ches_Ao_GTCAAGTTCGACGGAA	Ches_Ao	GTCAAGTTCGACGGAA	Ches	SRR11008275	275_GTCAAGTTCGACGGAA	TRUE
Ches_Ao_GTCACAAAGAGGTTGC	Ches_Ao	GTCACAAAGAGGTTGC	Ches	SRR11008275	275_GTCACAAAGAGGTTGC	TRUE
Ches_Ao_GTCACAAAGATCGGGT	Ches_Ao	GTCACAAAGATCGGGT	Ches	SRR11008275	275_GTCACAAAGATCGGGT	TRUE
Ches_Ao_GTCACAACAATGGACG	Ches_Ao	GTCACAACAATGGACG	Ches	SRR11008275	275_GTCACAACAATGGACG	TRUE
Ches_Ao_GTCACAATCAGGATCT	Ches_Ao	GTCACAATCAGGATCT	Ches	SRR11008275	275_GTCACAATCAGGATCT	TRUE
Ches_Ao_GTCACGGAGAAACCTA	Ches_Ao	GTCACGGAGAAACCTA	Ches	SRR11008275	275_GTCACGGAGAAACCTA	TRUE
Ches_Ao_GTCACGGAGCTGCGAA	Ches_Ao	GTCACGGAGCTGCGAA	Ches	SRR11008275	275_GTCACGGAGCTGCGAA	TRUE
Ches_Ao_GTCCTCATCTGCGACG	Ches_Ao	GTCCTCATCTGCGACG	Ches	SRR11008275	275_GTCCTCATCTGCGACG	TRUE
Ches_Ao_GTCGGGTAGAGTACCG	Ches_Ao	GTCGGGTAGAGTACCG	Ches	SRR11008275	275_GTCGGGTAGAGTACCG	FALSE
Ches_Ao_GTCGGGTCACCCATTC	Ches_Ao	GTCGGGTCACCCATTC	Ches	SRR11008275	275_GTCGGGTCACCCATTC	TRUE
Ches_Ao_GTCGGGTTCAGAGACG	Ches_Ao	GTCGGGTTCAGAGACG	Ches	SRR11008275	275_GTCGGGTTCAGAGACG	TRUE
Ches_Ao_GTCGGGTTCATTGCCC	Ches_Ao	GTCGGGTTCATTGCCC	Ches	SRR11008275	275_GTCGGGTTCATTGCCC	TRUE
Ches_Ao_GTCGGGTTCCGAATGT	Ches_Ao	GTCGGGTTCCGAATGT	Ches	SRR11008275	275_GTCGGGTTCCGAATGT	TRUE
Ches_Ao_GTCGGGTTCTGCCAGG	Ches_Ao	GTCGGGTTCTGCCAGG	Ches	SRR11008275	275_GTCGGGTTCTGCCAGG	TRUE
Ches_Ao_GTCGTAACAGTTAACC	Ches_Ao	GTCGTAACAGTTAACC	Ches	SRR11008275	275_GTCGTAACAGTTAACC	TRUE
Ches_Ao_GTCGTAAGTCAAAGAT	Ches_Ao	GTCGTAAGTCAAAGAT	Ches	SRR11008275	275_GTCGTAAGTCAAAGAT	TRUE
Ches_Ao_GTCGTAATCCGTTGCT	Ches_Ao	GTCGTAATCCGTTGCT	Ches	SRR11008275	275_GTCGTAATCCGTTGCT	TRUE
Ches_Ao_GTCTTCGGTCATCGGC	Ches_Ao	GTCTTCGGTCATCGGC	Ches	SRR11008275	275_GTCTTCGGTCATCGGC	TRUE
Ches_Ao_GTCTTCGTCCCTTGCA	Ches_Ao	GTCTTCGTCCCTTGCA	Ches	SRR11008275	275_GTCTTCGTCCCTTGCA	TRUE
Ches_Ao_GTGCATAAGAAGAAGC	Ches_Ao	GTGCATAAGAAGAAGC	Ches	SRR11008275	275_GTGCATAAGAAGAAGC	TRUE
Ches_Ao_GTGGGTCCAGCTCCGA	Ches_Ao	GTGGGTCCAGCTCCGA	Ches	SRR11008275	275_GTGGGTCCAGCTCCGA	TRUE
Ches_Ao_GTGGGTCCAGGGCATA	Ches_Ao	GTGGGTCCAGGGCATA	Ches	SRR11008275	275_GTGGGTCCAGGGCATA	TRUE
Ches_Ao_GTGGGTCCAGGGTATG	Ches_Ao	GTGGGTCCAGGGTATG	Ches	SRR11008275	275_GTGGGTCCAGGGTATG	TRUE
Ches_Ao_GTGGGTCTCAGAGCTT	Ches_Ao	GTGGGTCTCAGAGCTT	Ches	SRR11008275	275_GTGGGTCTCAGAGCTT	TRUE
Ches_Ao_GTGGGTCTCCCATTTA	Ches_Ao	GTGGGTCTCCCATTTA	Ches	SRR11008275	275_GTGGGTCTCCCATTTA	TRUE
Ches_Ao_GTGTGCGGTTCTCATT	Ches_Ao	GTGTGCGGTTCTCATT	Ches	SRR11008275	275_GTGTGCGGTTCTCATT	TRUE
Ches_Ao_GTGTTAGCAACTGCGC	Ches_Ao	GTGTTAGCAACTGCGC	Ches	SRR11008275	275_GTGTTAGCAACTGCGC	TRUE
Ches_Ao_GTGTTAGCATGATCCA	Ches_Ao	GTGTTAGCATGATCCA	Ches	SRR11008275	275_GTGTTAGCATGATCCA	TRUE
Ches_Ao_GTTAAGCGTTCAGCGC	Ches_Ao	GTTAAGCGTTCAGCGC	Ches	SRR11008275	275_GTTAAGCGTTCAGCGC	TRUE
Ches_Ao_GTTACAGAGGCAGGTT	Ches_Ao	GTTACAGAGGCAGGTT	Ches	SRR11008275	275_GTTACAGAGGCAGGTT	TRUE
Ches_Ao_GTTACAGCACGTAAGG	Ches_Ao	GTTACAGCACGTAAGG	Ches	SRR11008275	275_GTTACAGCACGTAAGG	TRUE
Ches_Ao_GTTACAGGTCGCATCG	Ches_Ao	GTTACAGGTCGCATCG	Ches	SRR11008275	275_GTTACAGGTCGCATCG	TRUE
Ches_Ao_GTTCATTAGAGGTAGA	Ches_Ao	GTTCATTAGAGGTAGA	Ches	SRR11008275	275_GTTCATTAGAGGTAGA	TRUE
Ches_Ao_GTTCATTAGGCGACAT	Ches_Ao	GTTCATTAGGCGACAT	Ches	SRR11008275	275_GTTCATTAGGCGACAT	TRUE
Ches_Ao_GTTCATTGTACGAAAT	Ches_Ao	GTTCATTGTACGAAAT	Ches	SRR11008275	275_GTTCATTGTACGAAAT	TRUE
Ches_Ao_GTTCATTGTTCAGGCC	Ches_Ao	GTTCATTGTTCAGGCC	Ches	SRR11008275	275_GTTCATTGTTCAGGCC	TRUE
Ches_Ao_GTTCATTGTTTGACAC	Ches_Ao	GTTCATTGTTTGACAC	Ches	SRR11008275	275_GTTCATTGTTTGACAC	TRUE
Ches_Ao_GTTCGGGGTTGTCGCG	Ches_Ao	GTTCGGGGTTGTCGCG	Ches	SRR11008275	275_GTTCGGGGTTGTCGCG	TRUE
Ches_Ao_GTTCTCGGTTTAAGCC	Ches_Ao	GTTCTCGGTTTAAGCC	Ches	SRR11008275	275_GTTCTCGGTTTAAGCC	TRUE
Ches_Ao_GTTCTCGTCTTTACAC	Ches_Ao	GTTCTCGTCTTTACAC	Ches	SRR11008275	275_GTTCTCGTCTTTACAC	TRUE
Ches_Ao_GTTTCTAAGTTGCAGG	Ches_Ao	GTTTCTAAGTTGCAGG	Ches	SRR11008275	275_GTTTCTAAGTTGCAGG	TRUE
Ches_Ao_GTTTCTAGTGACGGTA	Ches_Ao	GTTTCTAGTGACGGTA	Ches	SRR11008275	275_GTTTCTAGTGACGGTA	TRUE
Ches_Ao_GTTTCTATCGCTTGTC	Ches_Ao	GTTTCTATCGCTTGTC	Ches	SRR11008275	275_GTTTCTATCGCTTGTC	TRUE
Ches_Ao_TAAACCGAGTCCGGTC	Ches_Ao	TAAACCGAGTCCGGTC	Ches	SRR11008275	275_TAAACCGAGTCCGGTC	TRUE
Ches_Ao_TAAACCGGTACGAAAT	Ches_Ao	TAAACCGGTACGAAAT	Ches	SRR11008275	275_TAAACCGGTACGAAAT	TRUE
Ches_Ao_TAAGAGAAGCCAGTTT	Ches_Ao	TAAGAGAAGCCAGTTT	Ches	SRR11008275	275_TAAGAGAAGCCAGTTT	TRUE
Ches_Ao_TAAGAGAAGTCGAGTG	Ches_Ao	TAAGAGAAGTCGAGTG	Ches	SRR11008275	275_TAAGAGAAGTCGAGTG	TRUE
Ches_Ao_TAAGAGAGTCATATCG	Ches_Ao	TAAGAGAGTCATATCG	Ches	SRR11008275	275_TAAGAGAGTCATATCG	TRUE
Ches_Ao_TAAGCGTAGACAGAGA	Ches_Ao	TAAGCGTAGACAGAGA	Ches	SRR11008275	275_TAAGCGTAGACAGAGA	TRUE
Ches_Ao_TAAGCGTAGGATGTAT	Ches_Ao	TAAGCGTAGGATGTAT	Ches	SRR11008275	275_TAAGCGTAGGATGTAT	TRUE
Ches_Ao_TAAGTGCAGCCAGTAG	Ches_Ao	TAAGTGCAGCCAGTAG	Ches	SRR11008275	275_TAAGTGCAGCCAGTAG	TRUE
Ches_Ao_TAAGTGCCAATTGCTG	Ches_Ao	TAAGTGCCAATTGCTG	Ches	SRR11008275	275_TAAGTGCCAATTGCTG	TRUE
Ches_Ao_TAAGTGCCACATGGGA	Ches_Ao	TAAGTGCCACATGGGA	Ches	SRR11008275	275_TAAGTGCCACATGGGA	TRUE
Ches_Ao_TAAGTGCGTCCATCCT	Ches_Ao	TAAGTGCGTCCATCCT	Ches	SRR11008275	275_TAAGTGCGTCCATCCT	TRUE
Ches_Ao_TACACGATCGCACTCT	Ches_Ao	TACACGATCGCACTCT	Ches	SRR11008275	275_TACACGATCGCACTCT	TRUE
Ches_Ao_TACAGTGGTTCCCTTG	Ches_Ao	TACAGTGGTTCCCTTG	Ches	SRR11008275	275_TACAGTGGTTCCCTTG	TRUE
Ches_Ao_TACAGTGTCGAATCCA	Ches_Ao	TACAGTGTCGAATCCA	Ches	SRR11008275	275_TACAGTGTCGAATCCA	TRUE
Ches_Ao_TACAGTGTCTCACATT	Ches_Ao	TACAGTGTCTCACATT	Ches	SRR11008275	275_TACAGTGTCTCACATT	TRUE
Ches_Ao_TACCTATAGACACGAC	Ches_Ao	TACCTATAGACACGAC	Ches	SRR11008275	275_TACCTATAGACACGAC	TRUE
Ches_Ao_TACCTTAGTCCGCTGA	Ches_Ao	TACCTTAGTCCGCTGA	Ches	SRR11008275	275_TACCTTAGTCCGCTGA	FALSE
Ches_Ao_TACGGATTCAGTTGAC	Ches_Ao	TACGGATTCAGTTGAC	Ches	SRR11008275	275_TACGGATTCAGTTGAC	TRUE
Ches_Ao_TACGGATTCTCTGTCG	Ches_Ao	TACGGATTCTCTGTCG	Ches	SRR11008275	275_TACGGATTCTCTGTCG	TRUE
Ches_Ao_TACGGGCCAATGGACG	Ches_Ao	TACGGGCCAATGGACG	Ches	SRR11008275	275_TACGGGCCAATGGACG	TRUE
Ches_Ao_TACGGGCCAGCTGTTA	Ches_Ao	TACGGGCCAGCTGTTA	Ches	SRR11008275	275_TACGGGCCAGCTGTTA	TRUE
Ches_Ao_TACGGGCTCTTACCGC	Ches_Ao	TACGGGCTCTTACCGC	Ches	SRR11008275	275_TACGGGCTCTTACCGC	TRUE
Ches_Ao_TACTCATAGCAGGCTA	Ches_Ao	TACTCATAGCAGGCTA	Ches	SRR11008275	275_TACTCATAGCAGGCTA	TRUE
Ches_Ao_TACTCATCACCCTATC	Ches_Ao	TACTCATCACCCTATC	Ches	SRR11008275	275_TACTCATCACCCTATC	TRUE
Ches_Ao_TACTCATGTAACGACG	Ches_Ao	TACTCATGTAACGACG	Ches	SRR11008275	275_TACTCATGTAACGACG	TRUE
Ches_Ao_TACTCATGTAATTGGA	Ches_Ao	TACTCATGTAATTGGA	Ches	SRR11008275	275_TACTCATGTAATTGGA	TRUE
Ches_Ao_TACTCGCAGAAACCTA	Ches_Ao	TACTCGCAGAAACCTA	Ches	SRR11008275	275_TACTCGCAGAAACCTA	TRUE
Ches_Ao_TACTCGCCAAATTGCC	Ches_Ao	TACTCGCCAAATTGCC	Ches	SRR11008275	275_TACTCGCCAAATTGCC	TRUE
Ches_Ao_TACTCGCGTTCGTCTC	Ches_Ao	TACTCGCGTTCGTCTC	Ches	SRR11008275	275_TACTCGCGTTCGTCTC	FALSE
Ches_Ao_TACTTACTCCTAGGGC	Ches_Ao	TACTTACTCCTAGGGC	Ches	SRR11008275	275_TACTTACTCCTAGGGC	TRUE
Ches_Ao_TACTTGTGTTGTGGCC	Ches_Ao	TACTTGTGTTGTGGCC	Ches	SRR11008275	275_TACTTGTGTTGTGGCC	TRUE
Ches_Ao_TAGACCACAAGGACTG	Ches_Ao	TAGACCACAAGGACTG	Ches	SRR11008275	275_TAGACCACAAGGACTG	TRUE
Ches_Ao_TAGACCACACAACGCC	Ches_Ao	TAGACCACACAACGCC	Ches	SRR11008275	275_TAGACCACACAACGCC	TRUE
Ches_Ao_TAGACCACAGTCCTTC	Ches_Ao	TAGACCACAGTCCTTC	Ches	SRR11008275	275_TAGACCACAGTCCTTC	TRUE
Ches_Ao_TAGACCAGTAGAGGAA	Ches_Ao	TAGACCAGTAGAGGAA	Ches	SRR11008275	275_TAGACCAGTAGAGGAA	TRUE
Ches_Ao_TAGAGCTAGGACAGCT	Ches_Ao	TAGAGCTAGGACAGCT	Ches	SRR11008275	275_TAGAGCTAGGACAGCT	TRUE
Ches_Ao_TAGAGCTGTACCGGCT	Ches_Ao	TAGAGCTGTACCGGCT	Ches	SRR11008275	275_TAGAGCTGTACCGGCT	TRUE
Ches_Ao_TAGAGCTGTCTTCGTC	Ches_Ao	TAGAGCTGTCTTCGTC	Ches	SRR11008275	275_TAGAGCTGTCTTCGTC	TRUE
Ches_Ao_TAGCCGGAGCTGGAAC	Ches_Ao	TAGCCGGAGCTGGAAC	Ches	SRR11008275	275_TAGCCGGAGCTGGAAC	TRUE
Ches_Ao_TAGCCGGAGGAACTGC	Ches_Ao	TAGCCGGAGGAACTGC	Ches	SRR11008275	275_TAGCCGGAGGAACTGC	TRUE
Ches_Ao_TAGCCGGGTCCCTTGT	Ches_Ao	TAGCCGGGTCCCTTGT	Ches	SRR11008275	275_TAGCCGGGTCCCTTGT	TRUE
Ches_Ao_TAGCCGGGTGCAGGTA	Ches_Ao	TAGCCGGGTGCAGGTA	Ches	SRR11008275	275_TAGCCGGGTGCAGGTA	TRUE
Ches_Ao_TAGTGGTAGGTGCAAC	Ches_Ao	TAGTGGTAGGTGCAAC	Ches	SRR11008275	275_TAGTGGTAGGTGCAAC	TRUE
Ches_Ao_TAGTGGTTCCTCAACC	Ches_Ao	TAGTGGTTCCTCAACC	Ches	SRR11008275	275_TAGTGGTTCCTCAACC	TRUE
Ches_Ao_TAGTTGGCATTCGACA	Ches_Ao	TAGTTGGCATTCGACA	Ches	SRR11008275	275_TAGTTGGCATTCGACA	TRUE
Ches_Ao_TATCAGGAGCGTGAAC	Ches_Ao	TATCAGGAGCGTGAAC	Ches	SRR11008275	275_TATCAGGAGCGTGAAC	TRUE
Ches_Ao_TATCAGGCACGCTTTC	Ches_Ao	TATCAGGCACGCTTTC	Ches	SRR11008275	275_TATCAGGCACGCTTTC	TRUE
Ches_Ao_TATCAGGCAGAAGCAC	Ches_Ao	TATCAGGCAGAAGCAC	Ches	SRR11008275	275_TATCAGGCAGAAGCAC	FALSE
Ches_Ao_TATCAGGTCAGTTAGC	Ches_Ao	TATCAGGTCAGTTAGC	Ches	SRR11008275	275_TATCAGGTCAGTTAGC	TRUE
Ches_Ao_TATCTCACACCTATCC	Ches_Ao	TATCTCACACCTATCC	Ches	SRR11008275	275_TATCTCACACCTATCC	TRUE
Ches_Ao_TATGCCCAGGCTAGAC	Ches_Ao	TATGCCCAGGCTAGAC	Ches	SRR11008275	275_TATGCCCAGGCTAGAC	TRUE
Ches_Ao_TATGCCCCAGTGACAG	Ches_Ao	TATGCCCCAGTGACAG	Ches	SRR11008275	275_TATGCCCCAGTGACAG	TRUE
Ches_Ao_TATGCCCTCCTCCTAG	Ches_Ao	TATGCCCTCCTCCTAG	Ches	SRR11008275	275_TATGCCCTCCTCCTAG	TRUE
Ches_Ao_TATTACCAGATCCCGC	Ches_Ao	TATTACCAGATCCCGC	Ches	SRR11008275	275_TATTACCAGATCCCGC	TRUE
Ches_Ao_TATTACCTCGCGATCG	Ches_Ao	TATTACCTCGCGATCG	Ches	SRR11008275	275_TATTACCTCGCGATCG	TRUE
Ches_Ao_TCAACGACAGACGTAG	Ches_Ao	TCAACGACAGACGTAG	Ches	SRR11008275	275_TCAACGACAGACGTAG	TRUE
Ches_Ao_TCAACGACATCCGGGT	Ches_Ao	TCAACGACATCCGGGT	Ches	SRR11008275	275_TCAACGACATCCGGGT	TRUE
Ches_Ao_TCAACGAGTTTGACTG	Ches_Ao	TCAACGAGTTTGACTG	Ches	SRR11008275	275_TCAACGAGTTTGACTG	FALSE
Ches_Ao_TCAATCTGTAGGACAC	Ches_Ao	TCAATCTGTAGGACAC	Ches	SRR11008275	275_TCAATCTGTAGGACAC	TRUE
Ches_Ao_TCACAAGAGATCGATA	Ches_Ao	TCACAAGAGATCGATA	Ches	SRR11008275	275_TCACAAGAGATCGATA	TRUE
Ches_Ao_TCACAAGAGCTGTCTA	Ches_Ao	TCACAAGAGCTGTCTA	Ches	SRR11008275	275_TCACAAGAGCTGTCTA	FALSE
Ches_Ao_TCACAAGCACGGCCAT	Ches_Ao	TCACAAGCACGGCCAT	Ches	SRR11008275	275_TCACAAGCACGGCCAT	TRUE
Ches_Ao_TCAGCAAAGAGAACAG	Ches_Ao	TCAGCAAAGAGAACAG	Ches	SRR11008275	275_TCAGCAAAGAGAACAG	TRUE
Ches_Ao_TCAGCAAAGTGTACCT	Ches_Ao	TCAGCAAAGTGTACCT	Ches	SRR11008275	275_TCAGCAAAGTGTACCT	TRUE
Ches_Ao_TCAGCAACATATGGTC	Ches_Ao	TCAGCAACATATGGTC	Ches	SRR11008275	275_TCAGCAACATATGGTC	TRUE
Ches_Ao_TCAGCAAGTTACGGAG	Ches_Ao	TCAGCAAGTTACGGAG	Ches	SRR11008275	275_TCAGCAAGTTACGGAG	TRUE
Ches_Ao_TCAGCAATCCCAGGTG	Ches_Ao	TCAGCAATCCCAGGTG	Ches	SRR11008275	275_TCAGCAATCCCAGGTG	TRUE
Ches_Ao_TCAGCAATCTACTATC	Ches_Ao	TCAGCAATCTACTATC	Ches	SRR11008275	275_TCAGCAATCTACTATC	TRUE
Ches_Ao_TCAGCTCAGCCCAATT	Ches_Ao	TCAGCTCAGCCCAATT	Ches	SRR11008275	275_TCAGCTCAGCCCAATT	TRUE
Ches_Ao_TCAGCTCCAAAGGCGT	Ches_Ao	TCAGCTCCAAAGGCGT	Ches	SRR11008275	275_TCAGCTCCAAAGGCGT	TRUE
Ches_Ao_TCAGCTCCAGACTCGC	Ches_Ao	TCAGCTCCAGACTCGC	Ches	SRR11008275	275_TCAGCTCCAGACTCGC	TRUE
Ches_Ao_TCAGCTCCAGCAGTTT	Ches_Ao	TCAGCTCCAGCAGTTT	Ches	SRR11008275	275_TCAGCTCCAGCAGTTT	TRUE
Ches_Ao_TCAGGATCACAGGAGT	Ches_Ao	TCAGGATCACAGGAGT	Ches	SRR11008275	275_TCAGGATCACAGGAGT	TRUE
Ches_Ao_TCAGGTAAGGAATCGC	Ches_Ao	TCAGGTAAGGAATCGC	Ches	SRR11008275	275_TCAGGTAAGGAATCGC	TRUE
Ches_Ao_TCAGGTAAGTTACCCA	Ches_Ao	TCAGGTAAGTTACCCA	Ches	SRR11008275	275_TCAGGTAAGTTACCCA	TRUE
Ches_Ao_TCAGGTACACAGGAGT	Ches_Ao	TCAGGTACACAGGAGT	Ches	SRR11008275	275_TCAGGTACACAGGAGT	TRUE
Ches_Ao_TCATTTGTCCGAACGC	Ches_Ao	TCATTTGTCCGAACGC	Ches	SRR11008275	275_TCATTTGTCCGAACGC	TRUE
Ches_Ao_TCCACACTCAAGCCTA	Ches_Ao	TCCACACTCAAGCCTA	Ches	SRR11008275	275_TCCACACTCAAGCCTA	TRUE
Ches_Ao_TCCACACTCACGCGGT	Ches_Ao	TCCACACTCACGCGGT	Ches	SRR11008275	275_TCCACACTCACGCGGT	TRUE
Ches_Ao_TCCCGATGTAAATACG	Ches_Ao	TCCCGATGTAAATACG	Ches	SRR11008275	275_TCCCGATGTAAATACG	TRUE
Ches_Ao_TCGAGGCCAGTGAGTG	Ches_Ao	TCGAGGCCAGTGAGTG	Ches	SRR11008275	275_TCGAGGCCAGTGAGTG	TRUE
Ches_Ao_TCGAGGCGTTACGACT	Ches_Ao	TCGAGGCGTTACGACT	Ches	SRR11008275	275_TCGAGGCGTTACGACT	TRUE
Ches_Ao_TCGAGGCTCGACGGAA	Ches_Ao	TCGAGGCTCGACGGAA	Ches	SRR11008275	275_TCGAGGCTCGACGGAA	TRUE
Ches_Ao_TCGCGAGAGTCCATAC	Ches_Ao	TCGCGAGAGTCCATAC	Ches	SRR11008275	275_TCGCGAGAGTCCATAC	TRUE
Ches_Ao_TCGCGAGCACTTCTGC	Ches_Ao	TCGCGAGCACTTCTGC	Ches	SRR11008275	275_TCGCGAGCACTTCTGC	TRUE
Ches_Ao_TCGCGTTCAAGGTGTG	Ches_Ao	TCGCGTTCAAGGTGTG	Ches	SRR11008275	275_TCGCGTTCAAGGTGTG	TRUE
Ches_Ao_TCGCGTTCACGAAACG	Ches_Ao	TCGCGTTCACGAAACG	Ches	SRR11008275	275_TCGCGTTCACGAAACG	TRUE
Ches_Ao_TCGCGTTGTCCGACGT	Ches_Ao	TCGCGTTGTCCGACGT	Ches	SRR11008275	275_TCGCGTTGTCCGACGT	FALSE
Ches_Ao_TCGCGTTTCCAAAGTC	Ches_Ao	TCGCGTTTCCAAAGTC	Ches	SRR11008275	275_TCGCGTTTCCAAAGTC	FALSE
Ches_Ao_TCGGGACGTGCGGTAA	Ches_Ao	TCGGGACGTGCGGTAA	Ches	SRR11008275	275_TCGGGACGTGCGGTAA	TRUE
Ches_Ao_TCGGGACGTTGTACAC	Ches_Ao	TCGGGACGTTGTACAC	Ches	SRR11008275	275_TCGGGACGTTGTACAC	TRUE
Ches_Ao_TCGGGACGTTTCGCTC	Ches_Ao	TCGGGACGTTTCGCTC	Ches	SRR11008275	275_TCGGGACGTTTCGCTC	TRUE
Ches_Ao_TCGGTAACACATGACT	Ches_Ao	TCGGTAACACATGACT	Ches	SRR11008275	275_TCGGTAACACATGACT	TRUE
Ches_Ao_TCGTACCTCAAGGCTT	Ches_Ao	TCGTACCTCAAGGCTT	Ches	SRR11008275	275_TCGTACCTCAAGGCTT	TRUE
Ches_Ao_TCGTACCTCTTTACGT	Ches_Ao	TCGTACCTCTTTACGT	Ches	SRR11008275	275_TCGTACCTCTTTACGT	TRUE
Ches_Ao_TCGTAGACATAGAAAC	Ches_Ao	TCGTAGACATAGAAAC	Ches	SRR11008275	275_TCGTAGACATAGAAAC	TRUE
Ches_Ao_TCGTAGATCACAATGC	Ches_Ao	TCGTAGATCACAATGC	Ches	SRR11008275	275_TCGTAGATCACAATGC	TRUE
Ches_Ao_TCTATTGCATGGATGG	Ches_Ao	TCTATTGCATGGATGG	Ches	SRR11008275	275_TCTATTGCATGGATGG	TRUE
Ches_Ao_TCTCATAAGGATTCGG	Ches_Ao	TCTCATAAGGATTCGG	Ches	SRR11008275	275_TCTCATAAGGATTCGG	TRUE
Ches_Ao_TCTCATAAGGCAATTA	Ches_Ao	TCTCATAAGGCAATTA	Ches	SRR11008275	275_TCTCATAAGGCAATTA	TRUE
Ches_Ao_TCTCATACACCTGGTG	Ches_Ao	TCTCATACACCTGGTG	Ches	SRR11008275	275_TCTCATACACCTGGTG	TRUE
Ches_Ao_TCTCTAAAGGAGTAGA	Ches_Ao	TCTCTAAAGGAGTAGA	Ches	SRR11008275	275_TCTCTAAAGGAGTAGA	TRUE
Ches_Ao_TCTCTAAAGGCGCTCT	Ches_Ao	TCTCTAAAGGCGCTCT	Ches	SRR11008275	275_TCTCTAAAGGCGCTCT	TRUE
Ches_Ao_TCTCTAAAGTATGACA	Ches_Ao	TCTCTAAAGTATGACA	Ches	SRR11008275	275_TCTCTAAAGTATGACA	TRUE
Ches_Ao_TCTCTAAGTAGAAAGG	Ches_Ao	TCTCTAAGTAGAAAGG	Ches	SRR11008275	275_TCTCTAAGTAGAAAGG	TRUE
Ches_Ao_TCTCTAAGTGTGAATA	Ches_Ao	TCTCTAAGTGTGAATA	Ches	SRR11008275	275_TCTCTAAGTGTGAATA	TRUE
Ches_Ao_TCTGAGATCGAATCCA	Ches_Ao	TCTGAGATCGAATCCA	Ches	SRR11008275	275_TCTGAGATCGAATCCA	TRUE
Ches_Ao_TCTGAGATCTGTCTCG	Ches_Ao	TCTGAGATCTGTCTCG	Ches	SRR11008275	275_TCTGAGATCTGTCTCG	TRUE
Ches_Ao_TCTGGAAGTACCGAGA	Ches_Ao	TCTGGAAGTACCGAGA	Ches	SRR11008275	275_TCTGGAAGTACCGAGA	TRUE
Ches_Ao_TCTGGAATCCTGCAGG	Ches_Ao	TCTGGAATCCTGCAGG	Ches	SRR11008275	275_TCTGGAATCCTGCAGG	TRUE
Ches_Ao_TCTTCGGAGTATCTCG	Ches_Ao	TCTTCGGAGTATCTCG	Ches	SRR11008275	275_TCTTCGGAGTATCTCG	TRUE
Ches_Ao_TCTTTCCCAGATTGCT	Ches_Ao	TCTTTCCCAGATTGCT	Ches	SRR11008275	275_TCTTTCCCAGATTGCT	TRUE
Ches_Ao_TGAAAGATCAAAGTAG	Ches_Ao	TGAAAGATCAAAGTAG	Ches	SRR11008275	275_TGAAAGATCAAAGTAG	TRUE
Ches_Ao_TGAAAGATCCGAATGT	Ches_Ao	TGAAAGATCCGAATGT	Ches	SRR11008275	275_TGAAAGATCCGAATGT	TRUE
Ches_Ao_TGACAACGTGCGGTAA	Ches_Ao	TGACAACGTGCGGTAA	Ches	SRR11008275	275_TGACAACGTGCGGTAA	TRUE
Ches_Ao_TGACGGCAGTGGGCTA	Ches_Ao	TGACGGCAGTGGGCTA	Ches	SRR11008275	275_TGACGGCAGTGGGCTA	TRUE
Ches_Ao_TGACGGCGTTGTACAC	Ches_Ao	TGACGGCGTTGTACAC	Ches	SRR11008275	275_TGACGGCGTTGTACAC	TRUE
Ches_Ao_TGACGGCTCGGATGGA	Ches_Ao	TGACGGCTCGGATGGA	Ches	SRR11008275	275_TGACGGCTCGGATGGA	TRUE
Ches_Ao_TGACTAGAGCTAGCCC	Ches_Ao	TGACTAGAGCTAGCCC	Ches	SRR11008275	275_TGACTAGAGCTAGCCC	TRUE
Ches_Ao_TGACTAGAGCTCCTTC	Ches_Ao	TGACTAGAGCTCCTTC	Ches	SRR11008275	275_TGACTAGAGCTCCTTC	TRUE
Ches_Ao_TGACTTTGTAAGGGAA	Ches_Ao	TGACTTTGTAAGGGAA	Ches	SRR11008275	275_TGACTTTGTAAGGGAA	TRUE
Ches_Ao_TGACTTTGTTGAGTTC	Ches_Ao	TGACTTTGTTGAGTTC	Ches	SRR11008275	275_TGACTTTGTTGAGTTC	TRUE
Ches_Ao_TGAGAGGAGCTACCTA	Ches_Ao	TGAGAGGAGCTACCTA	Ches	SRR11008275	275_TGAGAGGAGCTACCTA	TRUE
Ches_Ao_TGAGAGGGTTGCGCAC	Ches_Ao	TGAGAGGGTTGCGCAC	Ches	SRR11008275	275_TGAGAGGGTTGCGCAC	TRUE
Ches_Ao_TGAGAGGTCGTAGATC	Ches_Ao	TGAGAGGTCGTAGATC	Ches	SRR11008275	275_TGAGAGGTCGTAGATC	TRUE
Ches_Ao_TGAGCCGCACTGTGTA	Ches_Ao	TGAGCCGCACTGTGTA	Ches	SRR11008275	275_TGAGCCGCACTGTGTA	TRUE
Ches_Ao_TGAGGGAAGATATGGT	Ches_Ao	TGAGGGAAGATATGGT	Ches	SRR11008275	275_TGAGGGAAGATATGGT	TRUE
Ches_Ao_TGAGGGACAATTCCTT	Ches_Ao	TGAGGGACAATTCCTT	Ches	SRR11008275	275_TGAGGGACAATTCCTT	TRUE
Ches_Ao_TGAGGGACAGCTCGCA	Ches_Ao	TGAGGGACAGCTCGCA	Ches	SRR11008275	275_TGAGGGACAGCTCGCA	TRUE
Ches_Ao_TGAGGGATCCGCTGTT	Ches_Ao	TGAGGGATCCGCTGTT	Ches	SRR11008275	275_TGAGGGATCCGCTGTT	TRUE
Ches_Ao_TGAGGGATCTGGCGAC	Ches_Ao	TGAGGGATCTGGCGAC	Ches	SRR11008275	275_TGAGGGATCTGGCGAC	TRUE
Ches_Ao_TGATTTCCATCAGTCA	Ches_Ao	TGATTTCCATCAGTCA	Ches	SRR11008275	275_TGATTTCCATCAGTCA	TRUE
Ches_Ao_TGCACCTAGACCTAGG	Ches_Ao	TGCACCTAGACCTAGG	Ches	SRR11008275	275_TGCACCTAGACCTAGG	TRUE
Ches_Ao_TGCCAAACATGATCCA	Ches_Ao	TGCCAAACATGATCCA	Ches	SRR11008275	275_TGCCAAACATGATCCA	TRUE
Ches_Ao_TGCCAAAGTTACAGAA	Ches_Ao	TGCCAAAGTTACAGAA	Ches	SRR11008275	275_TGCCAAAGTTACAGAA	TRUE
Ches_Ao_TGCCCATGTTGGGACA	Ches_Ao	TGCCCATGTTGGGACA	Ches	SRR11008275	275_TGCCCATGTTGGGACA	TRUE
Ches_Ao_TGCCCTAAGCTGGAAC	Ches_Ao	TGCCCTAAGCTGGAAC	Ches	SRR11008275	275_TGCCCTAAGCTGGAAC	TRUE
Ches_Ao_TGCCCTAAGCTTTGGT	Ches_Ao	TGCCCTAAGCTTTGGT	Ches	SRR11008275	275_TGCCCTAAGCTTTGGT	TRUE
Ches_Ao_TGCCCTACACCATGTA	Ches_Ao	TGCCCTACACCATGTA	Ches	SRR11008275	275_TGCCCTACACCATGTA	TRUE
Ches_Ao_TGCCCTAGTCAAGCGA	Ches_Ao	TGCCCTAGTCAAGCGA	Ches	SRR11008275	275_TGCCCTAGTCAAGCGA	TRUE
Ches_Ao_TGCCCTATCGGCGCAT	Ches_Ao	TGCCCTATCGGCGCAT	Ches	SRR11008275	275_TGCCCTATCGGCGCAT	TRUE
Ches_Ao_TGCCCTATCTAACTCT	Ches_Ao	TGCCCTATCTAACTCT	Ches	SRR11008275	275_TGCCCTATCTAACTCT	TRUE
Ches_Ao_TGCGCAGAGACCACGA	Ches_Ao	TGCGCAGAGACCACGA	Ches	SRR11008275	275_TGCGCAGAGACCACGA	TRUE
Ches_Ao_TGCGCAGAGCGCCTCA	Ches_Ao	TGCGCAGAGCGCCTCA	Ches	SRR11008275	275_TGCGCAGAGCGCCTCA	TRUE
Ches_Ao_TGCGCAGCAATAGCAA	Ches_Ao	TGCGCAGCAATAGCAA	Ches	SRR11008275	275_TGCGCAGCAATAGCAA	TRUE
Ches_Ao_TGCGCAGCAGGCTGAA	Ches_Ao	TGCGCAGCAGGCTGAA	Ches	SRR11008275	275_TGCGCAGCAGGCTGAA	TRUE
Ches_Ao_TGCGCAGGTGATGTGG	Ches_Ao	TGCGCAGGTGATGTGG	Ches	SRR11008275	275_TGCGCAGGTGATGTGG	TRUE
Ches_Ao_TGCGGGTAGAATCTCC	Ches_Ao	TGCGGGTAGAATCTCC	Ches	SRR11008275	275_TGCGGGTAGAATCTCC	TRUE
Ches_Ao_TGCGGGTCAGACAGGT	Ches_Ao	TGCGGGTCAGACAGGT	Ches	SRR11008275	275_TGCGGGTCAGACAGGT	TRUE
Ches_Ao_TGCGGGTGTGAACCTT	Ches_Ao	TGCGGGTGTGAACCTT	Ches	SRR11008275	275_TGCGGGTGTGAACCTT	TRUE
Ches_Ao_TGCGTGGTCGCGGATC	Ches_Ao	TGCGTGGTCGCGGATC	Ches	SRR11008275	275_TGCGTGGTCGCGGATC	TRUE
Ches_Ao_TGCTGCTCACAGAGGT	Ches_Ao	TGCTGCTCACAGAGGT	Ches	SRR11008275	275_TGCTGCTCACAGAGGT	TRUE
Ches_Ao_TGCTGCTGTCCATCCT	Ches_Ao	TGCTGCTGTCCATCCT	Ches	SRR11008275	275_TGCTGCTGTCCATCCT	TRUE
Ches_Ao_TGGCCAGGTTGTCGCG	Ches_Ao	TGGCCAGGTTGTCGCG	Ches	SRR11008275	275_TGGCCAGGTTGTCGCG	TRUE
Ches_Ao_TGGCGCAAGAGTAATC	Ches_Ao	TGGCGCAAGAGTAATC	Ches	SRR11008275	275_TGGCGCAAGAGTAATC	TRUE
Ches_Ao_TGGCTGGAGTGGTAGC	Ches_Ao	TGGCTGGAGTGGTAGC	Ches	SRR11008275	275_TGGCTGGAGTGGTAGC	TRUE
Ches_Ao_TGGCTGGCAATACGCT	Ches_Ao	TGGCTGGCAATACGCT	Ches	SRR11008275	275_TGGCTGGCAATACGCT	TRUE
Ches_Ao_TGGCTGGGTAATCGTC	Ches_Ao	TGGCTGGGTAATCGTC	Ches	SRR11008275	275_TGGCTGGGTAATCGTC	TRUE
Ches_Ao_TGGCTGGGTACTCAAC	Ches_Ao	TGGCTGGGTACTCAAC	Ches	SRR11008275	275_TGGCTGGGTACTCAAC	TRUE
Ches_Ao_TGGCTGGGTTCAGCGC	Ches_Ao	TGGCTGGGTTCAGCGC	Ches	SRR11008275	275_TGGCTGGGTTCAGCGC	TRUE
Ches_Ao_TGGGAAGAGGTGTGGT	Ches_Ao	TGGGAAGAGGTGTGGT	Ches	SRR11008275	275_TGGGAAGAGGTGTGGT	TRUE
Ches_Ao_TGGGAAGGTAGTAGTA	Ches_Ao	TGGGAAGGTAGTAGTA	Ches	SRR11008275	275_TGGGAAGGTAGTAGTA	TRUE
Ches_Ao_TGGGAAGTCCTAGAAC	Ches_Ao	TGGGAAGTCCTAGAAC	Ches	SRR11008275	275_TGGGAAGTCCTAGAAC	TRUE
Ches_Ao_TGGGCGTCAATGCCAT	Ches_Ao	TGGGCGTCAATGCCAT	Ches	SRR11008275	275_TGGGCGTCAATGCCAT	TRUE
Ches_Ao_TGGTTAGGTGTAAGTA	Ches_Ao	TGGTTAGGTGTAAGTA	Ches	SRR11008275	275_TGGTTAGGTGTAAGTA	TRUE
Ches_Ao_TGGTTCCAGAAGGTGA	Ches_Ao	TGGTTCCAGAAGGTGA	Ches	SRR11008275	275_TGGTTCCAGAAGGTGA	TRUE
Ches_Ao_TGGTTCCCACTTAAGC	Ches_Ao	TGGTTCCCACTTAAGC	Ches	SRR11008275	275_TGGTTCCCACTTAAGC	TRUE
Ches_Ao_TGGTTCCGTCGATTGT	Ches_Ao	TGGTTCCGTCGATTGT	Ches	SRR11008275	275_TGGTTCCGTCGATTGT	TRUE
Ches_Ao_TGTATTCAGGTGCTAG	Ches_Ao	TGTATTCAGGTGCTAG	Ches	SRR11008275	275_TGTATTCAGGTGCTAG	TRUE
Ches_Ao_TGTATTCAGTTGCAGG	Ches_Ao	TGTATTCAGTTGCAGG	Ches	SRR11008275	275_TGTATTCAGTTGCAGG	TRUE
Ches_Ao_TGTATTCCAATACGCT	Ches_Ao	TGTATTCCAATACGCT	Ches	SRR11008275	275_TGTATTCCAATACGCT	TRUE
Ches_Ao_TGTGGTATCATTATCC	Ches_Ao	TGTGGTATCATTATCC	Ches	SRR11008275	275_TGTGGTATCATTATCC	TRUE
Ches_Ao_TGTGTTTAGGTCATCT	Ches_Ao	TGTGTTTAGGTCATCT	Ches	SRR11008275	275_TGTGTTTAGGTCATCT	TRUE
Ches_Ao_TGTGTTTCAGTCAGAG	Ches_Ao	TGTGTTTCAGTCAGAG	Ches	SRR11008275	275_TGTGTTTCAGTCAGAG	TRUE
Ches_Ao_TGTTCCGAGGGCTCTC	Ches_Ao	TGTTCCGAGGGCTCTC	Ches	SRR11008275	275_TGTTCCGAGGGCTCTC	TRUE
Ches_Ao_TGTTCCGGTCTCTTAT	Ches_Ao	TGTTCCGGTCTCTTAT	Ches	SRR11008275	275_TGTTCCGGTCTCTTAT	TRUE
Ches_Ao_TTAACTCAGCACACAG	Ches_Ao	TTAACTCAGCACACAG	Ches	SRR11008275	275_TTAACTCAGCACACAG	TRUE
Ches_Ao_TTAACTCAGCTGAAAT	Ches_Ao	TTAACTCAGCTGAAAT	Ches	SRR11008275	275_TTAACTCAGCTGAAAT	TRUE
Ches_Ao_TTAACTCAGTTAACGA	Ches_Ao	TTAACTCAGTTAACGA	Ches	SRR11008275	275_TTAACTCAGTTAACGA	TRUE
Ches_Ao_TTAGGACAGGACTGGT	Ches_Ao	TTAGGACAGGACTGGT	Ches	SRR11008275	275_TTAGGACAGGACTGGT	FALSE
Ches_Ao_TTAGGACAGTTTGCGT	Ches_Ao	TTAGGACAGTTTGCGT	Ches	SRR11008275	275_TTAGGACAGTTTGCGT	TRUE
Ches_Ao_TTAGGACCATTTGCCC	Ches_Ao	TTAGGACCATTTGCCC	Ches	SRR11008275	275_TTAGGACCATTTGCCC	TRUE
Ches_Ao_TTAGGACGTTGACGTT	Ches_Ao	TTAGGACGTTGACGTT	Ches	SRR11008275	275_TTAGGACGTTGACGTT	TRUE
Ches_Ao_TTAGGCATCGAATGCT	Ches_Ao	TTAGGCATCGAATGCT	Ches	SRR11008275	275_TTAGGCATCGAATGCT	TRUE
Ches_Ao_TTAGTTCAGACCACGA	Ches_Ao	TTAGTTCAGACCACGA	Ches	SRR11008275	275_TTAGTTCAGACCACGA	TRUE
Ches_Ao_TTAGTTCGTCGCATCG	Ches_Ao	TTAGTTCGTCGCATCG	Ches	SRR11008275	275_TTAGTTCGTCGCATCG	TRUE
Ches_Ao_TTATGCTAGGGAACGG	Ches_Ao	TTATGCTAGGGAACGG	Ches	SRR11008275	275_TTATGCTAGGGAACGG	TRUE
Ches_Ao_TTCCCAGAGATGCGAC	Ches_Ao	TTCCCAGAGATGCGAC	Ches	SRR11008275	275_TTCCCAGAGATGCGAC	TRUE
Ches_Ao_TTCCCAGGTACGAAAT	Ches_Ao	TTCCCAGGTACGAAAT	Ches	SRR11008275	275_TTCCCAGGTACGAAAT	FALSE
Ches_Ao_TTCGAAGGTCTGATCA	Ches_Ao	TTCGAAGGTCTGATCA	Ches	SRR11008275	275_TTCGAAGGTCTGATCA	TRUE
Ches_Ao_TTCGGTCAGACAGAGA	Ches_Ao	TTCGGTCAGACAGAGA	Ches	SRR11008275	275_TTCGGTCAGACAGAGA	TRUE
Ches_Ao_TTCGGTCCACAGGAGT	Ches_Ao	TTCGGTCCACAGGAGT	Ches	SRR11008275	275_TTCGGTCCACAGGAGT	TRUE
Ches_Ao_TTCGGTCCACATGACT	Ches_Ao	TTCGGTCCACATGACT	Ches	SRR11008275	275_TTCGGTCCACATGACT	TRUE
Ches_Ao_TTCTACAGTAGCTGCC	Ches_Ao	TTCTACAGTAGCTGCC	Ches	SRR11008275	275_TTCTACAGTAGCTGCC	TRUE
Ches_Ao_TTCTCAAAGGCCCGTT	Ches_Ao	TTCTCAAAGGCCCGTT	Ches	SRR11008275	275_TTCTCAAAGGCCCGTT	TRUE
Ches_Ao_TTCTTAGAGCCAGGAT	Ches_Ao	TTCTTAGAGCCAGGAT	Ches	SRR11008275	275_TTCTTAGAGCCAGGAT	TRUE
Ches_Ao_TTCTTAGCATGGTTGT	Ches_Ao	TTCTTAGCATGGTTGT	Ches	SRR11008275	275_TTCTTAGCATGGTTGT	TRUE
Ches_Ao_TTGAACGAGCATCATC	Ches_Ao	TTGAACGAGCATCATC	Ches	SRR11008275	275_TTGAACGAGCATCATC	TRUE
Ches_Ao_TTGAACGGTGCCTGGT	Ches_Ao	TTGAACGGTGCCTGGT	Ches	SRR11008275	275_TTGAACGGTGCCTGGT	TRUE
Ches_Ao_TTGACTTCATCCGCGA	Ches_Ao	TTGACTTCATCCGCGA	Ches	SRR11008275	275_TTGACTTCATCCGCGA	TRUE
Ches_Ao_TTGCCGTAGTAGCGGT	Ches_Ao	TTGCCGTAGTAGCGGT	Ches	SRR11008275	275_TTGCCGTAGTAGCGGT	TRUE
Ches_Ao_TTGCCGTTCCGTAGGC	Ches_Ao	TTGCCGTTCCGTAGGC	Ches	SRR11008275	275_TTGCCGTTCCGTAGGC	TRUE
Ches_Ao_TTGCGTCAGTATTGGA	Ches_Ao	TTGCGTCAGTATTGGA	Ches	SRR11008275	275_TTGCGTCAGTATTGGA	TRUE
Ches_Ao_TTGCGTCCAGTCAGAG	Ches_Ao	TTGCGTCCAGTCAGAG	Ches	SRR11008275	275_TTGCGTCCAGTCAGAG	TRUE
Ches_Ao_TTGCGTCTCGCCCTTA	Ches_Ao	TTGCGTCTCGCCCTTA	Ches	SRR11008275	275_TTGCGTCTCGCCCTTA	TRUE
Ches_Ao_TTGCGTCTCGTCGTTC	Ches_Ao	TTGCGTCTCGTCGTTC	Ches	SRR11008275	275_TTGCGTCTCGTCGTTC	TRUE
Ches_Ao_TTGCGTCTCTGAGTGT	Ches_Ao	TTGCGTCTCTGAGTGT	Ches	SRR11008275	275_TTGCGTCTCTGAGTGT	TRUE
Ches_Ao_TTGGAACTCCGCAAGC	Ches_Ao	TTGGAACTCCGCAAGC	Ches	SRR11008275	275_TTGGAACTCCGCAAGC	TRUE
Ches_Ao_TTGGAACTCGTTACAG	Ches_Ao	TTGGAACTCGTTACAG	Ches	SRR11008275	275_TTGGAACTCGTTACAG	TRUE
Ches_Ao_TTGGCAACAACTGCTA	Ches_Ao	TTGGCAACAACTGCTA	Ches	SRR11008275	275_TTGGCAACAACTGCTA	TRUE
Ches_Ao_TTGGCAATCAGGCAAG	Ches_Ao	TTGGCAATCAGGCAAG	Ches	SRR11008275	275_TTGGCAATCAGGCAAG	TRUE
Ches_Ao_TTGTAGGGTCCCTACT	Ches_Ao	TTGTAGGGTCCCTACT	Ches	SRR11008275	275_TTGTAGGGTCCCTACT	TRUE
Ches_Ao_TTGTAGGGTTCCTCCA	Ches_Ao	TTGTAGGGTTCCTCCA	Ches	SRR11008275	275_TTGTAGGGTTCCTCCA	TRUE
Ches_Ao_TTTACTGTCACAATGC	Ches_Ao	TTTACTGTCACAATGC	Ches	SRR11008275	275_TTTACTGTCACAATGC	TRUE
Ches_Ao_TTTACTGTCTCTAAGG	Ches_Ao	TTTACTGTCTCTAAGG	Ches	SRR11008275	275_TTTACTGTCTCTAAGG	TRUE
Ches_Ao_TTTATGCAGCGTCAAG	Ches_Ao	TTTATGCAGCGTCAAG	Ches	SRR11008275	275_TTTATGCAGCGTCAAG	TRUE
Ches_Ao_TTTATGCGTAAATACG	Ches_Ao	TTTATGCGTAAATACG	Ches	SRR11008275	275_TTTATGCGTAAATACG	TRUE
Ches_Ao_TTTATGCTCTCTGCTG	Ches_Ao	TTTATGCTCTCTGCTG	Ches	SRR11008275	275_TTTATGCTCTCTGCTG	TRUE
Ches_Ao_TTTCCTCGTTCAACCA	Ches_Ao	TTTCCTCGTTCAACCA	Ches	SRR11008275	275_TTTCCTCGTTCAACCA	TRUE
Ches_Ao_TTTGCGCAGGCGCTCT	Ches_Ao	TTTGCGCAGGCGCTCT	Ches	SRR11008275	275_TTTGCGCAGGCGCTCT	TRUE
Ches_Ao_TTTGGTTTCCATGAAC	Ches_Ao	TTTGGTTTCCATGAAC	Ches	SRR11008275	275_TTTGGTTTCCATGAAC	TRUE
Ches_Ao_TTTGGTTTCCCAACGG	Ches_Ao	TTTGGTTTCCCAACGG	Ches	SRR11008275	275_TTTGGTTTCCCAACGG	TRUE
Ches_Ao_TTTGGTTTCTCAAGTG	Ches_Ao	TTTGGTTTCTCAAGTG	Ches	SRR11008275	275_TTTGGTTTCTCAAGTG	TRUE
Ches_Ao_TTTGTCAGTAAGTGTA	Ches_Ao	TTTGTCAGTAAGTGTA	Ches	SRR11008275	275_TTTGTCAGTAAGTGTA	FALSE
Ches_Ao_TTTGTCATCAGCGACC	Ches_Ao	TTTGTCATCAGCGACC	Ches	SRR11008275	275_TTTGTCATCAGCGACC	TRUE
Ches_CQ_AAACGGGGTTGTGGCC	Ches_CQ	AAACGGGGTTGTGGCC	Ches	SRR11008274	274_AAACGGGGTTGTGGCC	TRUE
Ches_CQ_AAAGCAACACCCTATC	Ches_CQ	AAAGCAACACCCTATC	Ches	SRR11008274	274_AAAGCAACACCCTATC	FALSE
Ches_CQ_AAAGTAGAGTGCCAGA	Ches_CQ	AAAGTAGAGTGCCAGA	Ches	SRR11008274	274_AAAGTAGAGTGCCAGA	FALSE
Ches_CQ_AACACGTAGCCAGGAT	Ches_CQ	AACACGTAGCCAGGAT	Ches	SRR11008274	274_AACACGTAGCCAGGAT	TRUE
Ches_CQ_AACACGTCAAAGGAAG	Ches_CQ	AACACGTCAAAGGAAG	Ches	SRR11008274	274_AACACGTCAAAGGAAG	TRUE
Ches_CQ_AACACGTCATGCCCGA	Ches_CQ	AACACGTCATGCCCGA	Ches	SRR11008274	274_AACACGTCATGCCCGA	TRUE
Ches_CQ_AACCGCGAGATCACGG	Ches_CQ	AACCGCGAGATCACGG	Ches	SRR11008274	274_AACCGCGAGATCACGG	TRUE
Ches_CQ_AACCGCGGTGAAAGAG	Ches_CQ	AACCGCGGTGAAAGAG	Ches	SRR11008274	274_AACCGCGGTGAAAGAG	TRUE
Ches_CQ_AACGTTGCAATACGCT	Ches_CQ	AACGTTGCAATACGCT	Ches	SRR11008274	274_AACGTTGCAATACGCT	TRUE
Ches_CQ_AACTCAGGTGTTAAGA	Ches_CQ	AACTCAGGTGTTAAGA	Ches	SRR11008274	274_AACTCAGGTGTTAAGA	TRUE
Ches_CQ_AACTCTTAGTATTGGA	Ches_CQ	AACTCTTAGTATTGGA	Ches	SRR11008274	274_AACTCTTAGTATTGGA	TRUE
Ches_CQ_AACTTTCAGGACAGCT	Ches_CQ	AACTTTCAGGACAGCT	Ches	SRR11008274	274_AACTTTCAGGACAGCT	TRUE
Ches_CQ_AACTTTCGTTAGGGTG	Ches_CQ	AACTTTCGTTAGGGTG	Ches	SRR11008274	274_AACTTTCGTTAGGGTG	TRUE
Ches_CQ_AAGACCTTCGAACTGT	Ches_CQ	AAGACCTTCGAACTGT	Ches	SRR11008274	274_AAGACCTTCGAACTGT	TRUE
Ches_CQ_AAGGAGCAGAATTGTG	Ches_CQ	AAGGAGCAGAATTGTG	Ches	SRR11008274	274_AAGGAGCAGAATTGTG	TRUE
Ches_CQ_AAGGCAGCATGGATGG	Ches_CQ	AAGGCAGCATGGATGG	Ches	SRR11008274	274_AAGGCAGCATGGATGG	TRUE
Ches_CQ_AATCCAGGTCTCAACA	Ches_CQ	AATCCAGGTCTCAACA	Ches	SRR11008274	274_AATCCAGGTCTCAACA	TRUE
Ches_CQ_AATCCAGGTCTCATCC	Ches_CQ	AATCCAGGTCTCATCC	Ches	SRR11008274	274_AATCCAGGTCTCATCC	TRUE
Ches_CQ_ACACCAAGTCTCTCGT	Ches_CQ	ACACCAAGTCTCTCGT	Ches	SRR11008274	274_ACACCAAGTCTCTCGT	TRUE
Ches_CQ_ACACCCTGTCAGATAA	Ches_CQ	ACACCCTGTCAGATAA	Ches	SRR11008274	274_ACACCCTGTCAGATAA	TRUE
Ches_CQ_ACACCGGTCTGCAAGT	Ches_CQ	ACACCGGTCTGCAAGT	Ches	SRR11008274	274_ACACCGGTCTGCAAGT	TRUE
Ches_CQ_ACACTGAAGCACAGGT	Ches_CQ	ACACTGAAGCACAGGT	Ches	SRR11008274	274_ACACTGAAGCACAGGT	TRUE
Ches_CQ_ACACTGAGTAAACCTC	Ches_CQ	ACACTGAGTAAACCTC	Ches	SRR11008274	274_ACACTGAGTAAACCTC	TRUE
Ches_CQ_ACAGCTATCGTGGACC	Ches_CQ	ACAGCTATCGTGGACC	Ches	SRR11008274	274_ACAGCTATCGTGGACC	TRUE
Ches_CQ_ACATACGGTTTGTTGG	Ches_CQ	ACATACGGTTTGTTGG	Ches	SRR11008274	274_ACATACGGTTTGTTGG	TRUE
Ches_CQ_ACATACGTCATTATCC	Ches_CQ	ACATACGTCATTATCC	Ches	SRR11008274	274_ACATACGTCATTATCC	TRUE
Ches_CQ_ACATCAGCAAGTAATG	Ches_CQ	ACATCAGCAAGTAATG	Ches	SRR11008274	274_ACATCAGCAAGTAATG	TRUE
Ches_CQ_ACCCACTTCAGCGACC	Ches_CQ	ACCCACTTCAGCGACC	Ches	SRR11008274	274_ACCCACTTCAGCGACC	FALSE
Ches_CQ_ACCGTAAGTAGTACCT	Ches_CQ	ACCGTAAGTAGTACCT	Ches	SRR11008274	274_ACCGTAAGTAGTACCT	TRUE
Ches_CQ_ACCGTAAGTCTAGCCG	Ches_CQ	ACCGTAAGTCTAGCCG	Ches	SRR11008274	274_ACCGTAAGTCTAGCCG	TRUE
Ches_CQ_ACCTTTAAGAGAGCTC	Ches_CQ	ACCTTTAAGAGAGCTC	Ches	SRR11008274	274_ACCTTTAAGAGAGCTC	TRUE
Ches_CQ_ACCTTTAAGCCCAACC	Ches_CQ	ACCTTTAAGCCCAACC	Ches	SRR11008274	274_ACCTTTAAGCCCAACC	TRUE
Ches_CQ_ACCTTTAAGCTAGTCT	Ches_CQ	ACCTTTAAGCTAGTCT	Ches	SRR11008274	274_ACCTTTAAGCTAGTCT	TRUE
Ches_CQ_ACCTTTAAGGTCATCT	Ches_CQ	ACCTTTAAGGTCATCT	Ches	SRR11008274	274_ACCTTTAAGGTCATCT	TRUE
Ches_CQ_ACCTTTATCACAGGCC	Ches_CQ	ACCTTTATCACAGGCC	Ches	SRR11008274	274_ACCTTTATCACAGGCC	TRUE
Ches_CQ_ACGAGCCCAATAAGCA	Ches_CQ	ACGAGCCCAATAAGCA	Ches	SRR11008274	274_ACGAGCCCAATAAGCA	TRUE
Ches_CQ_ACGAGGACAAGACGTG	Ches_CQ	ACGAGGACAAGACGTG	Ches	SRR11008274	274_ACGAGGACAAGACGTG	TRUE
Ches_CQ_ACGAGGATCTGAGTGT	Ches_CQ	ACGAGGATCTGAGTGT	Ches	SRR11008274	274_ACGAGGATCTGAGTGT	FALSE
Ches_CQ_ACGATGTTCAGTCAGT	Ches_CQ	ACGATGTTCAGTCAGT	Ches	SRR11008274	274_ACGATGTTCAGTCAGT	TRUE
Ches_CQ_ACGATGTTCATACGGT	Ches_CQ	ACGATGTTCATACGGT	Ches	SRR11008274	274_ACGATGTTCATACGGT	TRUE
Ches_CQ_ACGCAGCAGAGTAAGG	Ches_CQ	ACGCAGCAGAGTAAGG	Ches	SRR11008274	274_ACGCAGCAGAGTAAGG	TRUE
Ches_CQ_ACGGAGAAGTGTGGCA	Ches_CQ	ACGGAGAAGTGTGGCA	Ches	SRR11008274	274_ACGGAGAAGTGTGGCA	TRUE
Ches_CQ_ACGGAGATCCTGTAGA	Ches_CQ	ACGGAGATCCTGTAGA	Ches	SRR11008274	274_ACGGAGATCCTGTAGA	TRUE
Ches_CQ_ACGGAGATCTCCTATA	Ches_CQ	ACGGAGATCTCCTATA	Ches	SRR11008274	274_ACGGAGATCTCCTATA	FALSE
Ches_CQ_ACGGAGATCTGAGTGT	Ches_CQ	ACGGAGATCTGAGTGT	Ches	SRR11008274	274_ACGGAGATCTGAGTGT	TRUE
Ches_CQ_ACGGCCAAGCGTCAAG	Ches_CQ	ACGGCCAAGCGTCAAG	Ches	SRR11008274	274_ACGGCCAAGCGTCAAG	TRUE
Ches_CQ_ACGGGCTCAGGGAGAG	Ches_CQ	ACGGGCTCAGGGAGAG	Ches	SRR11008274	274_ACGGGCTCAGGGAGAG	TRUE
Ches_CQ_ACTATCTTCTCGAGTA	Ches_CQ	ACTATCTTCTCGAGTA	Ches	SRR11008274	274_ACTATCTTCTCGAGTA	FALSE
Ches_CQ_ACTGAACAGACCGGAT	Ches_CQ	ACTGAACAGACCGGAT	Ches	SRR11008274	274_ACTGAACAGACCGGAT	FALSE
Ches_CQ_ACTGAACCACCGTTGG	Ches_CQ	ACTGAACCACCGTTGG	Ches	SRR11008274	274_ACTGAACCACCGTTGG	FALSE
Ches_CQ_ACTGAGTCACTCAGGC	Ches_CQ	ACTGAGTCACTCAGGC	Ches	SRR11008274	274_ACTGAGTCACTCAGGC	TRUE
Ches_CQ_ACTGATGAGTGGTCCC	Ches_CQ	ACTGATGAGTGGTCCC	Ches	SRR11008274	274_ACTGATGAGTGGTCCC	TRUE
Ches_CQ_ACTGATGCATGGGAAC	Ches_CQ	ACTGATGCATGGGAAC	Ches	SRR11008274	274_ACTGATGCATGGGAAC	TRUE
Ches_CQ_ACTGTCCCAATAGCGG	Ches_CQ	ACTGTCCCAATAGCGG	Ches	SRR11008274	274_ACTGTCCCAATAGCGG	FALSE
Ches_CQ_ACTTACTGTCCGAATT	Ches_CQ	ACTTACTGTCCGAATT	Ches	SRR11008274	274_ACTTACTGTCCGAATT	TRUE
Ches_CQ_ACTTGTTAGTAGATGT	Ches_CQ	ACTTGTTAGTAGATGT	Ches	SRR11008274	274_ACTTGTTAGTAGATGT	TRUE
Ches_CQ_ACTTTCACAGCATGAG	Ches_CQ	ACTTTCACAGCATGAG	Ches	SRR11008274	274_ACTTTCACAGCATGAG	TRUE
Ches_CQ_ACTTTCATCCCTTGCA	Ches_CQ	ACTTTCATCCCTTGCA	Ches	SRR11008274	274_ACTTTCATCCCTTGCA	TRUE
Ches_CQ_AGAATAGTCTGATTCT	Ches_CQ	AGAATAGTCTGATTCT	Ches	SRR11008274	274_AGAATAGTCTGATTCT	TRUE
Ches_CQ_AGACGTTTCAACTCTT	Ches_CQ	AGACGTTTCAACTCTT	Ches	SRR11008274	274_AGACGTTTCAACTCTT	TRUE
Ches_CQ_AGAGCTTCATCGGTTA	Ches_CQ	AGAGCTTCATCGGTTA	Ches	SRR11008274	274_AGAGCTTCATCGGTTA	TRUE
Ches_CQ_AGAGTGGAGGAGTTTA	Ches_CQ	AGAGTGGAGGAGTTTA	Ches	SRR11008274	274_AGAGTGGAGGAGTTTA	TRUE
Ches_CQ_AGATCTGCAAGAGTCG	Ches_CQ	AGATCTGCAAGAGTCG	Ches	SRR11008274	274_AGATCTGCAAGAGTCG	TRUE
Ches_CQ_AGATCTGTCATAAAGG	Ches_CQ	AGATCTGTCATAAAGG	Ches	SRR11008274	274_AGATCTGTCATAAAGG	TRUE
Ches_CQ_AGATTGCAGGGATCTG	Ches_CQ	AGATTGCAGGGATCTG	Ches	SRR11008274	274_AGATTGCAGGGATCTG	TRUE
Ches_CQ_AGATTGCCAATTGCTG	Ches_CQ	AGATTGCCAATTGCTG	Ches	SRR11008274	274_AGATTGCCAATTGCTG	TRUE
Ches_CQ_AGATTGCCAGCTGCTG	Ches_CQ	AGATTGCCAGCTGCTG	Ches	SRR11008274	274_AGATTGCCAGCTGCTG	TRUE
Ches_CQ_AGATTGCTCACTTATC	Ches_CQ	AGATTGCTCACTTATC	Ches	SRR11008274	274_AGATTGCTCACTTATC	TRUE
Ches_CQ_AGATTGCTCGGTTAAC	Ches_CQ	AGATTGCTCGGTTAAC	Ches	SRR11008274	274_AGATTGCTCGGTTAAC	TRUE
Ches_CQ_AGCAGCCTCGCACTCT	Ches_CQ	AGCAGCCTCGCACTCT	Ches	SRR11008274	274_AGCAGCCTCGCACTCT	TRUE
Ches_CQ_AGCATACCACCAGGCT	Ches_CQ	AGCATACCACCAGGCT	Ches	SRR11008274	274_AGCATACCACCAGGCT	TRUE
Ches_CQ_AGCCTAACAAGCGTAG	Ches_CQ	AGCCTAACAAGCGTAG	Ches	SRR11008274	274_AGCCTAACAAGCGTAG	TRUE
Ches_CQ_AGCGTATTCGAGAACG	Ches_CQ	AGCGTATTCGAGAACG	Ches	SRR11008274	274_AGCGTATTCGAGAACG	TRUE
Ches_CQ_AGCGTCGGTGATGATA	Ches_CQ	AGCGTCGGTGATGATA	Ches	SRR11008274	274_AGCGTCGGTGATGATA	TRUE
Ches_CQ_AGCGTCGTCACAGGCC	Ches_CQ	AGCGTCGTCACAGGCC	Ches	SRR11008274	274_AGCGTCGTCACAGGCC	TRUE
Ches_CQ_AGCTCCTAGTCTCGGC	Ches_CQ	AGCTCCTAGTCTCGGC	Ches	SRR11008274	274_AGCTCCTAGTCTCGGC	FALSE
Ches_CQ_AGCTCCTTCTACTCAT	Ches_CQ	AGCTCCTTCTACTCAT	Ches	SRR11008274	274_AGCTCCTTCTACTCAT	TRUE
Ches_CQ_AGCTTGACAAGTCTGT	Ches_CQ	AGCTTGACAAGTCTGT	Ches	SRR11008274	274_AGCTTGACAAGTCTGT	TRUE
Ches_CQ_AGGCCACGTTCGAATC	Ches_CQ	AGGCCACGTTCGAATC	Ches	SRR11008274	274_AGGCCACGTTCGAATC	TRUE
Ches_CQ_AGGCCACTCTCCCTGA	Ches_CQ	AGGCCACTCTCCCTGA	Ches	SRR11008274	274_AGGCCACTCTCCCTGA	TRUE
Ches_CQ_AGGGAGTAGATCTGAA	Ches_CQ	AGGGAGTAGATCTGAA	Ches	SRR11008274	274_AGGGAGTAGATCTGAA	TRUE
Ches_CQ_AGGGATGAGAGAACAG	Ches_CQ	AGGGATGAGAGAACAG	Ches	SRR11008274	274_AGGGATGAGAGAACAG	TRUE
Ches_CQ_AGGGTGATCTATGTGG	Ches_CQ	AGGGTGATCTATGTGG	Ches	SRR11008274	274_AGGGTGATCTATGTGG	TRUE
Ches_CQ_AGGTCATAGTAGCCGA	Ches_CQ	AGGTCATAGTAGCCGA	Ches	SRR11008274	274_AGGTCATAGTAGCCGA	TRUE
Ches_CQ_AGGTCATCATTCTTAC	Ches_CQ	AGGTCATCATTCTTAC	Ches	SRR11008274	274_AGGTCATCATTCTTAC	TRUE
Ches_CQ_AGGTCATGTGATGTCT	Ches_CQ	AGGTCATGTGATGTCT	Ches	SRR11008274	274_AGGTCATGTGATGTCT	TRUE
Ches_CQ_AGTCTTTTCTGTTGAG	Ches_CQ	AGTCTTTTCTGTTGAG	Ches	SRR11008274	274_AGTCTTTTCTGTTGAG	TRUE
Ches_CQ_AGTGAGGCAAGAGGCT	Ches_CQ	AGTGAGGCAAGAGGCT	Ches	SRR11008274	274_AGTGAGGCAAGAGGCT	TRUE
Ches_CQ_AGTGAGGGTGCAACTT	Ches_CQ	AGTGAGGGTGCAACTT	Ches	SRR11008274	274_AGTGAGGGTGCAACTT	TRUE
Ches_CQ_AGTGGGAAGCCAACAG	Ches_CQ	AGTGGGAAGCCAACAG	Ches	SRR11008274	274_AGTGGGAAGCCAACAG	TRUE
Ches_CQ_AGTGGGACACCGCTAG	Ches_CQ	AGTGGGACACCGCTAG	Ches	SRR11008274	274_AGTGGGACACCGCTAG	TRUE
Ches_CQ_AGTGGGAGTTAGGGTG	Ches_CQ	AGTGGGAGTTAGGGTG	Ches	SRR11008274	274_AGTGGGAGTTAGGGTG	TRUE
Ches_CQ_AGTGGGATCCACGACG	Ches_CQ	AGTGGGATCCACGACG	Ches	SRR11008274	274_AGTGGGATCCACGACG	TRUE
Ches_CQ_AGTGTCAGTCGACTGC	Ches_CQ	AGTGTCAGTCGACTGC	Ches	SRR11008274	274_AGTGTCAGTCGACTGC	TRUE
Ches_CQ_ATAGACCGTGCACGAA	Ches_CQ	ATAGACCGTGCACGAA	Ches	SRR11008274	274_ATAGACCGTGCACGAA	TRUE
Ches_CQ_ATCCACCGTGCACCAC	Ches_CQ	ATCCACCGTGCACCAC	Ches	SRR11008274	274_ATCCACCGTGCACCAC	TRUE
Ches_CQ_ATCCGAAAGCACACAG	Ches_CQ	ATCCGAAAGCACACAG	Ches	SRR11008274	274_ATCCGAAAGCACACAG	TRUE
Ches_CQ_ATCCGAAAGGGTCTCC	Ches_CQ	ATCCGAAAGGGTCTCC	Ches	SRR11008274	274_ATCCGAAAGGGTCTCC	TRUE
Ches_CQ_ATCCGAACATATGAGA	Ches_CQ	ATCCGAACATATGAGA	Ches	SRR11008274	274_ATCCGAACATATGAGA	TRUE
Ches_CQ_ATCCGAAGTAGGGACT	Ches_CQ	ATCCGAAGTAGGGACT	Ches	SRR11008274	274_ATCCGAAGTAGGGACT	TRUE
Ches_CQ_ATGAGGGAGCTTTGGT	Ches_CQ	ATGAGGGAGCTTTGGT	Ches	SRR11008274	274_ATGAGGGAGCTTTGGT	TRUE
Ches_CQ_ATGAGGGTCACTTATC	Ches_CQ	ATGAGGGTCACTTATC	Ches	SRR11008274	274_ATGAGGGTCACTTATC	TRUE
Ches_CQ_ATGCGATAGGAATTAC	Ches_CQ	ATGCGATAGGAATTAC	Ches	SRR11008274	274_ATGCGATAGGAATTAC	TRUE
Ches_CQ_ATGCGATTCCTTTCTC	Ches_CQ	ATGCGATTCCTTTCTC	Ches	SRR11008274	274_ATGCGATTCCTTTCTC	TRUE
Ches_CQ_ATGTGTGCACACCGAC	Ches_CQ	ATGTGTGCACACCGAC	Ches	SRR11008274	274_ATGTGTGCACACCGAC	TRUE
Ches_CQ_ATGTGTGGTAAGTAGT	Ches_CQ	ATGTGTGGTAAGTAGT	Ches	SRR11008274	274_ATGTGTGGTAAGTAGT	TRUE
Ches_CQ_ATGTGTGTCTGAGGGA	Ches_CQ	ATGTGTGTCTGAGGGA	Ches	SRR11008274	274_ATGTGTGTCTGAGGGA	TRUE
Ches_CQ_ATTACTCTCGCCAGCA	Ches_CQ	ATTACTCTCGCCAGCA	Ches	SRR11008274	274_ATTACTCTCGCCAGCA	FALSE
Ches_CQ_ATTATCCAGATCTGAA	Ches_CQ	ATTATCCAGATCTGAA	Ches	SRR11008274	274_ATTATCCAGATCTGAA	TRUE
Ches_CQ_ATTATCCGTAAACGCG	Ches_CQ	ATTATCCGTAAACGCG	Ches	SRR11008274	274_ATTATCCGTAAACGCG	TRUE
Ches_CQ_ATTCTACCACCGAATT	Ches_CQ	ATTCTACCACCGAATT	Ches	SRR11008274	274_ATTCTACCACCGAATT	TRUE
Ches_CQ_ATTCTACCATAACCTG	Ches_CQ	ATTCTACCATAACCTG	Ches	SRR11008274	274_ATTCTACCATAACCTG	TRUE
Ches_CQ_ATTCTACTCAAGGCTT	Ches_CQ	ATTCTACTCAAGGCTT	Ches	SRR11008274	274_ATTCTACTCAAGGCTT	TRUE
Ches_CQ_ATTGGTGCAAAGCAAT	Ches_CQ	ATTGGTGCAAAGCAAT	Ches	SRR11008274	274_ATTGGTGCAAAGCAAT	TRUE
Ches_CQ_ATTGGTGGTTGCTCCT	Ches_CQ	ATTGGTGGTTGCTCCT	Ches	SRR11008274	274_ATTGGTGGTTGCTCCT	TRUE
Ches_CQ_ATTTCTGGTCGCGTGT	Ches_CQ	ATTTCTGGTCGCGTGT	Ches	SRR11008274	274_ATTTCTGGTCGCGTGT	TRUE
Ches_CQ_ATTTCTGTCACGCGGT	Ches_CQ	ATTTCTGTCACGCGGT	Ches	SRR11008274	274_ATTTCTGTCACGCGGT	FALSE
Ches_CQ_CAACCAATCTCGATGA	Ches_CQ	CAACCAATCTCGATGA	Ches	SRR11008274	274_CAACCAATCTCGATGA	TRUE
Ches_CQ_CAACTAGAGACAAGCC	Ches_CQ	CAACTAGAGACAAGCC	Ches	SRR11008274	274_CAACTAGAGACAAGCC	TRUE
Ches_CQ_CAACTAGTCTAGAGTC	Ches_CQ	CAACTAGTCTAGAGTC	Ches	SRR11008274	274_CAACTAGTCTAGAGTC	FALSE
Ches_CQ_CAAGAAATCCAGTATG	Ches_CQ	CAAGAAATCCAGTATG	Ches	SRR11008274	274_CAAGAAATCCAGTATG	TRUE
Ches_CQ_CAAGATCAGTATGACA	Ches_CQ	CAAGATCAGTATGACA	Ches	SRR11008274	274_CAAGATCAGTATGACA	TRUE
Ches_CQ_CAAGATCCACCTTGTC	Ches_CQ	CAAGATCCACCTTGTC	Ches	SRR11008274	274_CAAGATCCACCTTGTC	TRUE
Ches_CQ_CAAGATCCACTGTGTA	Ches_CQ	CAAGATCCACTGTGTA	Ches	SRR11008274	274_CAAGATCCACTGTGTA	TRUE
Ches_CQ_CAAGATCCAGACGTAG	Ches_CQ	CAAGATCCAGACGTAG	Ches	SRR11008274	274_CAAGATCCAGACGTAG	TRUE
Ches_CQ_CAAGGCCAGGATGCGT	Ches_CQ	CAAGGCCAGGATGCGT	Ches	SRR11008274	274_CAAGGCCAGGATGCGT	TRUE
Ches_CQ_CAAGGCCAGTCGTTTG	Ches_CQ	CAAGGCCAGTCGTTTG	Ches	SRR11008274	274_CAAGGCCAGTCGTTTG	TRUE
Ches_CQ_CAAGGCCGTGTGAATA	Ches_CQ	CAAGGCCGTGTGAATA	Ches	SRR11008274	274_CAAGGCCGTGTGAATA	TRUE
Ches_CQ_CAAGGCCTCGGAGCAA	Ches_CQ	CAAGGCCTCGGAGCAA	Ches	SRR11008274	274_CAAGGCCTCGGAGCAA	TRUE
Ches_CQ_CAAGTTGAGAGTACAT	Ches_CQ	CAAGTTGAGAGTACAT	Ches	SRR11008274	274_CAAGTTGAGAGTACAT	TRUE
Ches_CQ_CAAGTTGGTCGCTTTC	Ches_CQ	CAAGTTGGTCGCTTTC	Ches	SRR11008274	274_CAAGTTGGTCGCTTTC	TRUE
Ches_CQ_CAAGTTGTCGCTTGTC	Ches_CQ	CAAGTTGTCGCTTGTC	Ches	SRR11008274	274_CAAGTTGTCGCTTGTC	TRUE
Ches_CQ_CAAGTTGTCTGCGACG	Ches_CQ	CAAGTTGTCTGCGACG	Ches	SRR11008274	274_CAAGTTGTCTGCGACG	FALSE
Ches_CQ_CACAAACGTTTGACTG	Ches_CQ	CACAAACGTTTGACTG	Ches	SRR11008274	274_CACAAACGTTTGACTG	TRUE
Ches_CQ_CACACAATCCATGAGT	Ches_CQ	CACACAATCCATGAGT	Ches	SRR11008274	274_CACACAATCCATGAGT	TRUE
Ches_CQ_CACACCTAGGCCATAG	Ches_CQ	CACACCTAGGCCATAG	Ches	SRR11008274	274_CACACCTAGGCCATAG	TRUE
Ches_CQ_CACACCTCAAAGGCGT	Ches_CQ	CACACCTCAAAGGCGT	Ches	SRR11008274	274_CACACCTCAAAGGCGT	TRUE
Ches_CQ_CACACCTCAGTCAGAG	Ches_CQ	CACACCTCAGTCAGAG	Ches	SRR11008274	274_CACACCTCAGTCAGAG	TRUE
Ches_CQ_CACACCTGTATATGAG	Ches_CQ	CACACCTGTATATGAG	Ches	SRR11008274	274_CACACCTGTATATGAG	TRUE
Ches_CQ_CACACCTGTGTAATGA	Ches_CQ	CACACCTGTGTAATGA	Ches	SRR11008274	274_CACACCTGTGTAATGA	TRUE
Ches_CQ_CACACCTTCACCGGGT	Ches_CQ	CACACCTTCACCGGGT	Ches	SRR11008274	274_CACACCTTCACCGGGT	TRUE
Ches_CQ_CACACTCAGCTACCGC	Ches_CQ	CACACTCAGCTACCGC	Ches	SRR11008274	274_CACACTCAGCTACCGC	TRUE
Ches_CQ_CACAGGCGTCTTGATG	Ches_CQ	CACAGGCGTCTTGATG	Ches	SRR11008274	274_CACAGGCGTCTTGATG	TRUE
Ches_CQ_CACAGTACATATACGC	Ches_CQ	CACAGTACATATACGC	Ches	SRR11008274	274_CACAGTACATATACGC	TRUE
Ches_CQ_CACAGTAGTCGACTAT	Ches_CQ	CACAGTAGTCGACTAT	Ches	SRR11008274	274_CACAGTAGTCGACTAT	FALSE
Ches_CQ_CACATAGCACATCTTT	Ches_CQ	CACATAGCACATCTTT	Ches	SRR11008274	274_CACATAGCACATCTTT	TRUE
Ches_CQ_CACCACTAGAAACGCC	Ches_CQ	CACCACTAGAAACGCC	Ches	SRR11008274	274_CACCACTAGAAACGCC	FALSE
Ches_CQ_CACCACTCATTAGGCT	Ches_CQ	CACCACTCATTAGGCT	Ches	SRR11008274	274_CACCACTCATTAGGCT	TRUE
Ches_CQ_CACCAGGCATTTGCCC	Ches_CQ	CACCAGGCATTTGCCC	Ches	SRR11008274	274_CACCAGGCATTTGCCC	TRUE
Ches_CQ_CAGAATCAGGAGTACC	Ches_CQ	CAGAATCAGGAGTACC	Ches	SRR11008274	274_CAGAATCAGGAGTACC	TRUE
Ches_CQ_CAGAATCGTCATCGGC	Ches_CQ	CAGAATCGTCATCGGC	Ches	SRR11008274	274_CAGAATCGTCATCGGC	TRUE
Ches_CQ_CAGAGAGTCCACGACG	Ches_CQ	CAGAGAGTCCACGACG	Ches	SRR11008274	274_CAGAGAGTCCACGACG	TRUE
Ches_CQ_CAGCAGCAGCAGGTCA	Ches_CQ	CAGCAGCAGCAGGTCA	Ches	SRR11008274	274_CAGCAGCAGCAGGTCA	TRUE
Ches_CQ_CAGCAGCGTTGGTAAA	Ches_CQ	CAGCAGCGTTGGTAAA	Ches	SRR11008274	274_CAGCAGCGTTGGTAAA	TRUE
Ches_CQ_CAGCATACACTGTGTA	Ches_CQ	CAGCATACACTGTGTA	Ches	SRR11008274	274_CAGCATACACTGTGTA	TRUE
Ches_CQ_CAGCATAGTGAAATCA	Ches_CQ	CAGCATAGTGAAATCA	Ches	SRR11008274	274_CAGCATAGTGAAATCA	TRUE
Ches_CQ_CAGCCGACATCACAAC	Ches_CQ	CAGCCGACATCACAAC	Ches	SRR11008274	274_CAGCCGACATCACAAC	TRUE
Ches_CQ_CAGCCGACATTGGGCC	Ches_CQ	CAGCCGACATTGGGCC	Ches	SRR11008274	274_CAGCCGACATTGGGCC	TRUE
Ches_CQ_CAGCGACCACAAGTAA	Ches_CQ	CAGCGACCACAAGTAA	Ches	SRR11008274	274_CAGCGACCACAAGTAA	FALSE
Ches_CQ_CAGGTGCAGCAAATCA	Ches_CQ	CAGGTGCAGCAAATCA	Ches	SRR11008274	274_CAGGTGCAGCAAATCA	TRUE
Ches_CQ_CATATGGAGGCGATAC	Ches_CQ	CATATGGAGGCGATAC	Ches	SRR11008274	274_CATATGGAGGCGATAC	TRUE
Ches_CQ_CATATTCAGTCGCCGT	Ches_CQ	CATATTCAGTCGCCGT	Ches	SRR11008274	274_CATATTCAGTCGCCGT	TRUE
Ches_CQ_CATATTCTCGTATCAG	Ches_CQ	CATATTCTCGTATCAG	Ches	SRR11008274	274_CATATTCTCGTATCAG	TRUE
Ches_CQ_CATATTCTCTCGAGTA	Ches_CQ	CATATTCTCTCGAGTA	Ches	SRR11008274	274_CATATTCTCTCGAGTA	TRUE
Ches_CQ_CATCGAATCATGTCCC	Ches_CQ	CATCGAATCATGTCCC	Ches	SRR11008274	274_CATCGAATCATGTCCC	TRUE
Ches_CQ_CATGCCTAGAAGGTTT	Ches_CQ	CATGCCTAGAAGGTTT	Ches	SRR11008274	274_CATGCCTAGAAGGTTT	TRUE
Ches_CQ_CATGCCTCAGGACCCT	Ches_CQ	CATGCCTCAGGACCCT	Ches	SRR11008274	274_CATGCCTCAGGACCCT	TRUE
Ches_CQ_CATGCCTCAGGCGATA	Ches_CQ	CATGCCTCAGGCGATA	Ches	SRR11008274	274_CATGCCTCAGGCGATA	FALSE
Ches_CQ_CATGCCTGTCTAGCCG	Ches_CQ	CATGCCTGTCTAGCCG	Ches	SRR11008274	274_CATGCCTGTCTAGCCG	TRUE
Ches_CQ_CATGGCGAGGTGCAAC	Ches_CQ	CATGGCGAGGTGCAAC	Ches	SRR11008274	274_CATGGCGAGGTGCAAC	TRUE
Ches_CQ_CATGGCGGTAGGGACT	Ches_CQ	CATGGCGGTAGGGACT	Ches	SRR11008274	274_CATGGCGGTAGGGACT	TRUE
Ches_CQ_CATTATCAGAGGTTGC	Ches_CQ	CATTATCAGAGGTTGC	Ches	SRR11008274	274_CATTATCAGAGGTTGC	FALSE
Ches_CQ_CATTCGCAGAAGAAGC	Ches_CQ	CATTCGCAGAAGAAGC	Ches	SRR11008274	274_CATTCGCAGAAGAAGC	TRUE
Ches_CQ_CATTCGCCACTGTCGG	Ches_CQ	CATTCGCCACTGTCGG	Ches	SRR11008274	274_CATTCGCCACTGTCGG	FALSE
Ches_CQ_CATTCGCTCAGGATCT	Ches_CQ	CATTCGCTCAGGATCT	Ches	SRR11008274	274_CATTCGCTCAGGATCT	TRUE
Ches_CQ_CATTCGCTCTACCTGC	Ches_CQ	CATTCGCTCTACCTGC	Ches	SRR11008274	274_CATTCGCTCTACCTGC	FALSE
Ches_CQ_CCAATCCTCGAATGGG	Ches_CQ	CCAATCCTCGAATGGG	Ches	SRR11008274	274_CCAATCCTCGAATGGG	TRUE
Ches_CQ_CCAATCCTCGCAGGCT	Ches_CQ	CCAATCCTCGCAGGCT	Ches	SRR11008274	274_CCAATCCTCGCAGGCT	TRUE
Ches_CQ_CCACGGATCGTCACGG	Ches_CQ	CCACGGATCGTCACGG	Ches	SRR11008274	274_CCACGGATCGTCACGG	TRUE
Ches_CQ_CCACTACCACAACGTT	Ches_CQ	CCACTACCACAACGTT	Ches	SRR11008274	274_CCACTACCACAACGTT	TRUE
Ches_CQ_CCACTACTCAGAAATG	Ches_CQ	CCACTACTCAGAAATG	Ches	SRR11008274	274_CCACTACTCAGAAATG	TRUE
Ches_CQ_CCAGCGAGTGATGTGG	Ches_CQ	CCAGCGAGTGATGTGG	Ches	SRR11008274	274_CCAGCGAGTGATGTGG	TRUE
Ches_CQ_CCATGTCAGACAAAGG	Ches_CQ	CCATGTCAGACAAAGG	Ches	SRR11008274	274_CCATGTCAGACAAAGG	TRUE
Ches_CQ_CCATGTCGTTGACGTT	Ches_CQ	CCATGTCGTTGACGTT	Ches	SRR11008274	274_CCATGTCGTTGACGTT	TRUE
Ches_CQ_CCATTCGAGGTGTTAA	Ches_CQ	CCATTCGAGGTGTTAA	Ches	SRR11008274	274_CCATTCGAGGTGTTAA	TRUE
Ches_CQ_CCATTCGAGTACGACG	Ches_CQ	CCATTCGAGTACGACG	Ches	SRR11008274	274_CCATTCGAGTACGACG	TRUE
Ches_CQ_CCATTCGCATGCCTTC	Ches_CQ	CCATTCGCATGCCTTC	Ches	SRR11008274	274_CCATTCGCATGCCTTC	TRUE
Ches_CQ_CCCAATCGTAAAGGAG	Ches_CQ	CCCAATCGTAAAGGAG	Ches	SRR11008274	274_CCCAATCGTAAAGGAG	TRUE
Ches_CQ_CCCATACAGCGATATA	Ches_CQ	CCCATACAGCGATATA	Ches	SRR11008274	274_CCCATACAGCGATATA	TRUE
Ches_CQ_CCCTCCTCATGCCACG	Ches_CQ	CCCTCCTCATGCCACG	Ches	SRR11008274	274_CCCTCCTCATGCCACG	TRUE
Ches_CQ_CCGGGATTCAAGCCTA	Ches_CQ	CCGGGATTCAAGCCTA	Ches	SRR11008274	274_CCGGGATTCAAGCCTA	TRUE
Ches_CQ_CCGGTAGAGGGTCTCC	Ches_CQ	CCGGTAGAGGGTCTCC	Ches	SRR11008274	274_CCGGTAGAGGGTCTCC	TRUE
Ches_CQ_CCGGTAGTCATTCACT	Ches_CQ	CCGGTAGTCATTCACT	Ches	SRR11008274	274_CCGGTAGTCATTCACT	TRUE
Ches_CQ_CCGTTCACATGAGCGA	Ches_CQ	CCGTTCACATGAGCGA	Ches	SRR11008274	274_CCGTTCACATGAGCGA	TRUE
Ches_CQ_CCTACACGTCCAACTA	Ches_CQ	CCTACACGTCCAACTA	Ches	SRR11008274	274_CCTACACGTCCAACTA	TRUE
Ches_CQ_CCTACCAGTGAGTGAC	Ches_CQ	CCTACCAGTGAGTGAC	Ches	SRR11008274	274_CCTACCAGTGAGTGAC	TRUE
Ches_CQ_CCTATTAAGACGACGT	Ches_CQ	CCTATTAAGACGACGT	Ches	SRR11008274	274_CCTATTAAGACGACGT	TRUE
Ches_CQ_CCTATTACACGCCAGT	Ches_CQ	CCTATTACACGCCAGT	Ches	SRR11008274	274_CCTATTACACGCCAGT	TRUE
Ches_CQ_CCTATTAGTTGAACTC	Ches_CQ	CCTATTAGTTGAACTC	Ches	SRR11008274	274_CCTATTAGTTGAACTC	TRUE
Ches_CQ_CCTATTATCATCATTC	Ches_CQ	CCTATTATCATCATTC	Ches	SRR11008274	274_CCTATTATCATCATTC	TRUE
Ches_CQ_CCTCTGAAGAGCTATA	Ches_CQ	CCTCTGAAGAGCTATA	Ches	SRR11008274	274_CCTCTGAAGAGCTATA	TRUE
Ches_CQ_CCTCTGAAGGCCATAG	Ches_CQ	CCTCTGAAGGCCATAG	Ches	SRR11008274	274_CCTCTGAAGGCCATAG	TRUE
Ches_CQ_CCTCTGAAGTTCGCAT	Ches_CQ	CCTCTGAAGTTCGCAT	Ches	SRR11008274	274_CCTCTGAAGTTCGCAT	TRUE
Ches_CQ_CCTTACGAGACGCTTT	Ches_CQ	CCTTACGAGACGCTTT	Ches	SRR11008274	274_CCTTACGAGACGCTTT	TRUE
Ches_CQ_CCTTACGGTCCAACTA	Ches_CQ	CCTTACGGTCCAACTA	Ches	SRR11008274	274_CCTTACGGTCCAACTA	TRUE
Ches_CQ_CCTTCCCAGTAACCCT	Ches_CQ	CCTTCCCAGTAACCCT	Ches	SRR11008274	274_CCTTCCCAGTAACCCT	TRUE
Ches_CQ_CCTTCGAAGGCATGTG	Ches_CQ	CCTTCGAAGGCATGTG	Ches	SRR11008274	274_CCTTCGAAGGCATGTG	TRUE
Ches_CQ_CCTTTCTAGGGAGTAA	Ches_CQ	CCTTTCTAGGGAGTAA	Ches	SRR11008274	274_CCTTTCTAGGGAGTAA	TRUE
Ches_CQ_CCTTTCTGTACATCCA	Ches_CQ	CCTTTCTGTACATCCA	Ches	SRR11008274	274_CCTTTCTGTACATCCA	TRUE
Ches_CQ_CGACCTTGTAAACCTC	Ches_CQ	CGACCTTGTAAACCTC	Ches	SRR11008274	274_CGACCTTGTAAACCTC	TRUE
Ches_CQ_CGACTTCGTGCCTGGT	Ches_CQ	CGACTTCGTGCCTGGT	Ches	SRR11008274	274_CGACTTCGTGCCTGGT	TRUE
Ches_CQ_CGACTTCGTTCAGCGC	Ches_CQ	CGACTTCGTTCAGCGC	Ches	SRR11008274	274_CGACTTCGTTCAGCGC	FALSE
Ches_CQ_CGACTTCGTTCTCATT	Ches_CQ	CGACTTCGTTCTCATT	Ches	SRR11008274	274_CGACTTCGTTCTCATT	TRUE
Ches_CQ_CGAGAAGAGCACAGGT	Ches_CQ	CGAGAAGAGCACAGGT	Ches	SRR11008274	274_CGAGAAGAGCACAGGT	TRUE
Ches_CQ_CGAGAAGCAAGTCATC	Ches_CQ	CGAGAAGCAAGTCATC	Ches	SRR11008274	274_CGAGAAGCAAGTCATC	TRUE
Ches_CQ_CGAGAAGGTGCAACTT	Ches_CQ	CGAGAAGGTGCAACTT	Ches	SRR11008274	274_CGAGAAGGTGCAACTT	FALSE
Ches_CQ_CGAGCACAGTCTTGCA	Ches_CQ	CGAGCACAGTCTTGCA	Ches	SRR11008274	274_CGAGCACAGTCTTGCA	TRUE
Ches_CQ_CGAGCACGTTGGACCC	Ches_CQ	CGAGCACGTTGGACCC	Ches	SRR11008274	274_CGAGCACGTTGGACCC	TRUE
Ches_CQ_CGATCGGAGGATGGAA	Ches_CQ	CGATCGGAGGATGGAA	Ches	SRR11008274	274_CGATCGGAGGATGGAA	TRUE
Ches_CQ_CGATCGGAGGTGCTAG	Ches_CQ	CGATCGGAGGTGCTAG	Ches	SRR11008274	274_CGATCGGAGGTGCTAG	TRUE
Ches_CQ_CGATGTAGTGCACTTA	Ches_CQ	CGATGTAGTGCACTTA	Ches	SRR11008274	274_CGATGTAGTGCACTTA	FALSE
Ches_CQ_CGCGTTTCAGGTGCCT	Ches_CQ	CGCGTTTCAGGTGCCT	Ches	SRR11008274	274_CGCGTTTCAGGTGCCT	TRUE
Ches_CQ_CGCGTTTGTCCGTTAA	Ches_CQ	CGCGTTTGTCCGTTAA	Ches	SRR11008274	274_CGCGTTTGTCCGTTAA	TRUE
Ches_CQ_CGCTGGAGTTCGAATC	Ches_CQ	CGCTGGAGTTCGAATC	Ches	SRR11008274	274_CGCTGGAGTTCGAATC	TRUE
Ches_CQ_CGGACGTCAGCTGCTG	Ches_CQ	CGGACGTCAGCTGCTG	Ches	SRR11008274	274_CGGACGTCAGCTGCTG	TRUE
Ches_CQ_CGGACGTGTCAGTGGA	Ches_CQ	CGGACGTGTCAGTGGA	Ches	SRR11008274	274_CGGACGTGTCAGTGGA	FALSE
Ches_CQ_CGGACGTTCCAGAAGG	Ches_CQ	CGGACGTTCCAGAAGG	Ches	SRR11008274	274_CGGACGTTCCAGAAGG	TRUE
Ches_CQ_CGGACTGAGACATAAC	Ches_CQ	CGGACTGAGACATAAC	Ches	SRR11008274	274_CGGACTGAGACATAAC	TRUE
Ches_CQ_CGGACTGAGACGCTTT	Ches_CQ	CGGACTGAGACGCTTT	Ches	SRR11008274	274_CGGACTGAGACGCTTT	TRUE
Ches_CQ_CGGACTGAGGACACCA	Ches_CQ	CGGACTGAGGACACCA	Ches	SRR11008274	274_CGGACTGAGGACACCA	TRUE
Ches_CQ_CGGACTGTCTGAGTGT	Ches_CQ	CGGACTGTCTGAGTGT	Ches	SRR11008274	274_CGGACTGTCTGAGTGT	TRUE
Ches_CQ_CGGAGCTCATCGATGT	Ches_CQ	CGGAGCTCATCGATGT	Ches	SRR11008274	274_CGGAGCTCATCGATGT	TRUE
Ches_CQ_CGGAGCTCATTAGCCA	Ches_CQ	CGGAGCTCATTAGCCA	Ches	SRR11008274	274_CGGAGCTCATTAGCCA	TRUE
Ches_CQ_CGGAGTCAGATCACGG	Ches_CQ	CGGAGTCAGATCACGG	Ches	SRR11008274	274_CGGAGTCAGATCACGG	TRUE
Ches_CQ_CGGAGTCTCGTAGGAG	Ches_CQ	CGGAGTCTCGTAGGAG	Ches	SRR11008274	274_CGGAGTCTCGTAGGAG	TRUE
Ches_CQ_CGGGTCAGTCCCTTGT	Ches_CQ	CGGGTCAGTCCCTTGT	Ches	SRR11008274	274_CGGGTCAGTCCCTTGT	FALSE
Ches_CQ_CGGGTCAGTCTAGCGC	Ches_CQ	CGGGTCAGTCTAGCGC	Ches	SRR11008274	274_CGGGTCAGTCTAGCGC	TRUE
Ches_CQ_CGGGTCATCCTTGGTC	Ches_CQ	CGGGTCATCCTTGGTC	Ches	SRR11008274	274_CGGGTCATCCTTGGTC	TRUE
Ches_CQ_CGGTTAATCCTTGACC	Ches_CQ	CGGTTAATCCTTGACC	Ches	SRR11008274	274_CGGTTAATCCTTGACC	TRUE
Ches_CQ_CGTCAGGCAAGCCGTC	Ches_CQ	CGTCAGGCAAGCCGTC	Ches	SRR11008274	274_CGTCAGGCAAGCCGTC	TRUE
Ches_CQ_CGTGAGCAGTCTCGGC	Ches_CQ	CGTGAGCAGTCTCGGC	Ches	SRR11008274	274_CGTGAGCAGTCTCGGC	FALSE
Ches_CQ_CGTGAGCAGTGCAAGC	Ches_CQ	CGTGAGCAGTGCAAGC	Ches	SRR11008274	274_CGTGAGCAGTGCAAGC	TRUE
Ches_CQ_CGTGTAACAGCCAATT	Ches_CQ	CGTGTAACAGCCAATT	Ches	SRR11008274	274_CGTGTAACAGCCAATT	TRUE
Ches_CQ_CGTTAGAGTGACAAAT	Ches_CQ	CGTTAGAGTGACAAAT	Ches	SRR11008274	274_CGTTAGAGTGACAAAT	TRUE
Ches_CQ_CGTTCTGGTTCCACGG	Ches_CQ	CGTTCTGGTTCCACGG	Ches	SRR11008274	274_CGTTCTGGTTCCACGG	TRUE
Ches_CQ_CGTTCTGTCATTGCGA	Ches_CQ	CGTTCTGTCATTGCGA	Ches	SRR11008274	274_CGTTCTGTCATTGCGA	TRUE
Ches_CQ_CGTTCTGTCGTTACGA	Ches_CQ	CGTTCTGTCGTTACGA	Ches	SRR11008274	274_CGTTCTGTCGTTACGA	TRUE
Ches_CQ_CGTTGGGAGTGAACAT	Ches_CQ	CGTTGGGAGTGAACAT	Ches	SRR11008274	274_CGTTGGGAGTGAACAT	TRUE
Ches_CQ_CGTTGGGGTAGCCTAT	Ches_CQ	CGTTGGGGTAGCCTAT	Ches	SRR11008274	274_CGTTGGGGTAGCCTAT	FALSE
Ches_CQ_CGTTGGGTCTTGTACT	Ches_CQ	CGTTGGGTCTTGTACT	Ches	SRR11008274	274_CGTTGGGTCTTGTACT	TRUE
Ches_CQ_CTAACTTTCACTATTC	Ches_CQ	CTAACTTTCACTATTC	Ches	SRR11008274	274_CTAACTTTCACTATTC	TRUE
Ches_CQ_CTAATGGAGGTTACCT	Ches_CQ	CTAATGGAGGTTACCT	Ches	SRR11008274	274_CTAATGGAGGTTACCT	TRUE
Ches_CQ_CTACCCATCTCAACTT	Ches_CQ	CTACCCATCTCAACTT	Ches	SRR11008274	274_CTACCCATCTCAACTT	TRUE
Ches_CQ_CTACGTCAGTCATCCA	Ches_CQ	CTACGTCAGTCATCCA	Ches	SRR11008274	274_CTACGTCAGTCATCCA	TRUE
Ches_CQ_CTACGTCCACCGATAT	Ches_CQ	CTACGTCCACCGATAT	Ches	SRR11008274	274_CTACGTCCACCGATAT	TRUE
Ches_CQ_CTACGTCGTTAGGGTG	Ches_CQ	CTACGTCGTTAGGGTG	Ches	SRR11008274	274_CTACGTCGTTAGGGTG	TRUE
Ches_CQ_CTAGTGACATTTGCTT	Ches_CQ	CTAGTGACATTTGCTT	Ches	SRR11008274	274_CTAGTGACATTTGCTT	TRUE
Ches_CQ_CTCACACCAGGTCGTC	Ches_CQ	CTCACACCAGGTCGTC	Ches	SRR11008274	274_CTCACACCAGGTCGTC	FALSE
Ches_CQ_CTCACACGTCTGCCAG	Ches_CQ	CTCACACGTCTGCCAG	Ches	SRR11008274	274_CTCACACGTCTGCCAG	FALSE
Ches_CQ_CTCCTAGTCTTGACGA	Ches_CQ	CTCCTAGTCTTGACGA	Ches	SRR11008274	274_CTCCTAGTCTTGACGA	TRUE
Ches_CQ_CTCGAAATCGCCTGTT	Ches_CQ	CTCGAAATCGCCTGTT	Ches	SRR11008274	274_CTCGAAATCGCCTGTT	TRUE
Ches_CQ_CTCGGAGCACATTAGC	Ches_CQ	CTCGGAGCACATTAGC	Ches	SRR11008274	274_CTCGGAGCACATTAGC	TRUE
Ches_CQ_CTCGGGAGTTTGGGCC	Ches_CQ	CTCGGGAGTTTGGGCC	Ches	SRR11008274	274_CTCGGGAGTTTGGGCC	TRUE
Ches_CQ_CTCGTACGTCGGCATC	Ches_CQ	CTCGTACGTCGGCATC	Ches	SRR11008274	274_CTCGTACGTCGGCATC	TRUE
Ches_CQ_CTCGTACTCCGCATAA	Ches_CQ	CTCGTACTCCGCATAA	Ches	SRR11008274	274_CTCGTACTCCGCATAA	TRUE
Ches_CQ_CTCGTACTCGTAGGTT	Ches_CQ	CTCGTACTCGTAGGTT	Ches	SRR11008274	274_CTCGTACTCGTAGGTT	TRUE
Ches_CQ_CTCGTCAAGGCTACGA	Ches_CQ	CTCGTCAAGGCTACGA	Ches	SRR11008274	274_CTCGTCAAGGCTACGA	TRUE
Ches_CQ_CTCGTCATCAGCTTAG	Ches_CQ	CTCGTCATCAGCTTAG	Ches	SRR11008274	274_CTCGTCATCAGCTTAG	TRUE
Ches_CQ_CTCGTCATCGCTGATA	Ches_CQ	CTCGTCATCGCTGATA	Ches	SRR11008274	274_CTCGTCATCGCTGATA	TRUE
Ches_CQ_CTCTACGCAATCAGAA	Ches_CQ	CTCTACGCAATCAGAA	Ches	SRR11008274	274_CTCTACGCAATCAGAA	TRUE
Ches_CQ_CTCTGGTGTGAAATCA	Ches_CQ	CTCTGGTGTGAAATCA	Ches	SRR11008274	274_CTCTGGTGTGAAATCA	TRUE
Ches_CQ_CTGAAACGTACCGAGA	Ches_CQ	CTGAAACGTACCGAGA	Ches	SRR11008274	274_CTGAAACGTACCGAGA	FALSE
Ches_CQ_CTGAAACTCGCACTCT	Ches_CQ	CTGAAACTCGCACTCT	Ches	SRR11008274	274_CTGAAACTCGCACTCT	TRUE
Ches_CQ_CTGAAACTCGGTTCGG	Ches_CQ	CTGAAACTCGGTTCGG	Ches	SRR11008274	274_CTGAAACTCGGTTCGG	TRUE
Ches_CQ_CTGAAGTAGTAGCGGT	Ches_CQ	CTGAAGTAGTAGCGGT	Ches	SRR11008274	274_CTGAAGTAGTAGCGGT	TRUE
Ches_CQ_CTGAAGTGTCATTAGC	Ches_CQ	CTGAAGTGTCATTAGC	Ches	SRR11008274	274_CTGAAGTGTCATTAGC	TRUE
Ches_CQ_CTGATAGAGGAGTACC	Ches_CQ	CTGATAGAGGAGTACC	Ches	SRR11008274	274_CTGATAGAGGAGTACC	FALSE
Ches_CQ_CTGATAGGTCTTGATG	Ches_CQ	CTGATAGGTCTTGATG	Ches	SRR11008274	274_CTGATAGGTCTTGATG	TRUE
Ches_CQ_CTGCCTACACGGTTTA	Ches_CQ	CTGCCTACACGGTTTA	Ches	SRR11008274	274_CTGCCTACACGGTTTA	FALSE
Ches_CQ_CTGCCTATCGTTTGCC	Ches_CQ	CTGCCTATCGTTTGCC	Ches	SRR11008274	274_CTGCCTATCGTTTGCC	TRUE
Ches_CQ_CTGCCTATCTGCAAGT	Ches_CQ	CTGCCTATCTGCAAGT	Ches	SRR11008274	274_CTGCCTATCTGCAAGT	TRUE
Ches_CQ_CTGCGGACACCTCGGA	Ches_CQ	CTGCGGACACCTCGGA	Ches	SRR11008274	274_CTGCGGACACCTCGGA	TRUE
Ches_CQ_CTGGTCTAGACTACAA	Ches_CQ	CTGGTCTAGACTACAA	Ches	SRR11008274	274_CTGGTCTAGACTACAA	TRUE
Ches_CQ_CTGGTCTGTAAGAGGA	Ches_CQ	CTGGTCTGTAAGAGGA	Ches	SRR11008274	274_CTGGTCTGTAAGAGGA	TRUE
Ches_CQ_CTGGTCTGTAGCCTAT	Ches_CQ	CTGGTCTGTAGCCTAT	Ches	SRR11008274	274_CTGGTCTGTAGCCTAT	TRUE
Ches_CQ_CTTAACTCATTCTCAT	Ches_CQ	CTTAACTCATTCTCAT	Ches	SRR11008274	274_CTTAACTCATTCTCAT	TRUE
Ches_CQ_CTTAACTGTCGCTTCT	Ches_CQ	CTTAACTGTCGCTTCT	Ches	SRR11008274	274_CTTAACTGTCGCTTCT	TRUE
Ches_CQ_CTTAACTTCGGAATCT	Ches_CQ	CTTAACTTCGGAATCT	Ches	SRR11008274	274_CTTAACTTCGGAATCT	TRUE
Ches_CQ_CTTACCGAGCGTTGCC	Ches_CQ	CTTACCGAGCGTTGCC	Ches	SRR11008274	274_CTTACCGAGCGTTGCC	TRUE
Ches_CQ_CTTACCGCAAAGCAAT	Ches_CQ	CTTACCGCAAAGCAAT	Ches	SRR11008274	274_CTTACCGCAAAGCAAT	TRUE
Ches_CQ_CTTGGCTAGCGACGTA	Ches_CQ	CTTGGCTAGCGACGTA	Ches	SRR11008274	274_CTTGGCTAGCGACGTA	TRUE
Ches_CQ_CTTGGCTAGTGATCGG	Ches_CQ	CTTGGCTAGTGATCGG	Ches	SRR11008274	274_CTTGGCTAGTGATCGG	TRUE
Ches_CQ_CTTTGCGAGGGATGGG	Ches_CQ	CTTTGCGAGGGATGGG	Ches	SRR11008274	274_CTTTGCGAGGGATGGG	TRUE
Ches_CQ_GAAACTCCAACTGCTA	Ches_CQ	GAAACTCCAACTGCTA	Ches	SRR11008274	274_GAAACTCCAACTGCTA	TRUE
Ches_CQ_GAAACTCTCAGGTTCA	Ches_CQ	GAAACTCTCAGGTTCA	Ches	SRR11008274	274_GAAACTCTCAGGTTCA	TRUE
Ches_CQ_GAAACTCTCGTACGGC	Ches_CQ	GAAACTCTCGTACGGC	Ches	SRR11008274	274_GAAACTCTCGTACGGC	TRUE
Ches_CQ_GAAATGAAGTCCATAC	Ches_CQ	GAAATGAAGTCCATAC	Ches	SRR11008274	274_GAAATGAAGTCCATAC	TRUE
Ches_CQ_GAACATCTCACAGGCC	Ches_CQ	GAACATCTCACAGGCC	Ches	SRR11008274	274_GAACATCTCACAGGCC	TRUE
Ches_CQ_GAACCTAAGGCTAGCA	Ches_CQ	GAACCTAAGGCTAGCA	Ches	SRR11008274	274_GAACCTAAGGCTAGCA	TRUE
Ches_CQ_GAACGGAAGCATCATC	Ches_CQ	GAACGGAAGCATCATC	Ches	SRR11008274	274_GAACGGAAGCATCATC	TRUE
Ches_CQ_GAAGCAGAGCTGGAAC	Ches_CQ	GAAGCAGAGCTGGAAC	Ches	SRR11008274	274_GAAGCAGAGCTGGAAC	TRUE
Ches_CQ_GAAGCAGCAATAGCAA	Ches_CQ	GAAGCAGCAATAGCAA	Ches	SRR11008274	274_GAAGCAGCAATAGCAA	TRUE
Ches_CQ_GAATGAACAGGTCGTC	Ches_CQ	GAATGAACAGGTCGTC	Ches	SRR11008274	274_GAATGAACAGGTCGTC	TRUE
Ches_CQ_GACACGCGTGAGGGAG	Ches_CQ	GACACGCGTGAGGGAG	Ches	SRR11008274	274_GACACGCGTGAGGGAG	TRUE
Ches_CQ_GACAGAGGTAGCGCTC	Ches_CQ	GACAGAGGTAGCGCTC	Ches	SRR11008274	274_GACAGAGGTAGCGCTC	TRUE
Ches_CQ_GACGCGTAGTACACCT	Ches_CQ	GACGCGTAGTACACCT	Ches	SRR11008274	274_GACGCGTAGTACACCT	FALSE
Ches_CQ_GACGCGTTCTGCGACG	Ches_CQ	GACGCGTTCTGCGACG	Ches	SRR11008274	274_GACGCGTTCTGCGACG	TRUE
Ches_CQ_GACGGCTCAAGCGAGT	Ches_CQ	GACGGCTCAAGCGAGT	Ches	SRR11008274	274_GACGGCTCAAGCGAGT	TRUE
Ches_CQ_GACGGCTCACGGATAG	Ches_CQ	GACGGCTCACGGATAG	Ches	SRR11008274	274_GACGGCTCACGGATAG	TRUE
Ches_CQ_GACGTGCGTGTGACGA	Ches_CQ	GACGTGCGTGTGACGA	Ches	SRR11008274	274_GACGTGCGTGTGACGA	TRUE
Ches_CQ_GACTAACGTCAGAAGC	Ches_CQ	GACTAACGTCAGAAGC	Ches	SRR11008274	274_GACTAACGTCAGAAGC	TRUE
Ches_CQ_GACTAACGTTGCGCAC	Ches_CQ	GACTAACGTTGCGCAC	Ches	SRR11008274	274_GACTAACGTTGCGCAC	TRUE
Ches_CQ_GACTAACGTTTGGGCC	Ches_CQ	GACTAACGTTTGGGCC	Ches	SRR11008274	274_GACTAACGTTTGGGCC	TRUE
Ches_CQ_GACTAACTCTAGAGTC	Ches_CQ	GACTAACTCTAGAGTC	Ches	SRR11008274	274_GACTAACTCTAGAGTC	TRUE
Ches_CQ_GACTGCGGTCCTGCTT	Ches_CQ	GACTGCGGTCCTGCTT	Ches	SRR11008274	274_GACTGCGGTCCTGCTT	TRUE
Ches_CQ_GAGCAGAAGTCATGCT	Ches_CQ	GAGCAGAAGTCATGCT	Ches	SRR11008274	274_GAGCAGAAGTCATGCT	FALSE
Ches_CQ_GAGCAGACAGGGAGAG	Ches_CQ	GAGCAGACAGGGAGAG	Ches	SRR11008274	274_GAGCAGACAGGGAGAG	TRUE
Ches_CQ_GAGGTGAAGGCATTGG	Ches_CQ	GAGGTGAAGGCATTGG	Ches	SRR11008274	274_GAGGTGAAGGCATTGG	TRUE
Ches_CQ_GAGTCCGAGTACACCT	Ches_CQ	GAGTCCGAGTACACCT	Ches	SRR11008274	274_GAGTCCGAGTACACCT	TRUE
Ches_CQ_GATCGATCATCACGAT	Ches_CQ	GATCGATCATCACGAT	Ches	SRR11008274	274_GATCGATCATCACGAT	FALSE
Ches_CQ_GATCGCGAGAGACTAT	Ches_CQ	GATCGCGAGAGACTAT	Ches	SRR11008274	274_GATCGCGAGAGACTAT	TRUE
Ches_CQ_GATCGCGAGGCAAAGA	Ches_CQ	GATCGCGAGGCAAAGA	Ches	SRR11008274	274_GATCGCGAGGCAAAGA	TRUE
Ches_CQ_GATCGCGAGGCATGTG	Ches_CQ	GATCGCGAGGCATGTG	Ches	SRR11008274	274_GATCGCGAGGCATGTG	TRUE
Ches_CQ_GATCGCGCATAAAGGT	Ches_CQ	GATCGCGCATAAAGGT	Ches	SRR11008274	274_GATCGCGCATAAAGGT	TRUE
Ches_CQ_GATCGTACAGGATTGG	Ches_CQ	GATCGTACAGGATTGG	Ches	SRR11008274	274_GATCGTACAGGATTGG	TRUE
Ches_CQ_GATCGTAGTCCAGTGC	Ches_CQ	GATCGTAGTCCAGTGC	Ches	SRR11008274	274_GATCGTAGTCCAGTGC	FALSE
Ches_CQ_GATCTAGAGACTTTCG	Ches_CQ	GATCTAGAGACTTTCG	Ches	SRR11008274	274_GATCTAGAGACTTTCG	TRUE
Ches_CQ_GATCTAGAGTAGCGGT	Ches_CQ	GATCTAGAGTAGCGGT	Ches	SRR11008274	274_GATCTAGAGTAGCGGT	TRUE
Ches_CQ_GATGAAAGTTCCCGAG	Ches_CQ	GATGAAAGTTCCCGAG	Ches	SRR11008274	274_GATGAAAGTTCCCGAG	TRUE
Ches_CQ_GATGAAAGTTGACGTT	Ches_CQ	GATGAAAGTTGACGTT	Ches	SRR11008274	274_GATGAAAGTTGACGTT	FALSE
Ches_CQ_GATGAGGGTAAGAGAG	Ches_CQ	GATGAGGGTAAGAGAG	Ches	SRR11008274	274_GATGAGGGTAAGAGAG	TRUE
Ches_CQ_GATGCTAGTGCTCTTC	Ches_CQ	GATGCTAGTGCTCTTC	Ches	SRR11008274	274_GATGCTAGTGCTCTTC	TRUE
Ches_CQ_GATTCAGTCGGCGCTA	Ches_CQ	GATTCAGTCGGCGCTA	Ches	SRR11008274	274_GATTCAGTCGGCGCTA	TRUE
Ches_CQ_GCAAACTAGCGATGAC	Ches_CQ	GCAAACTAGCGATGAC	Ches	SRR11008274	274_GCAAACTAGCGATGAC	TRUE
Ches_CQ_GCAAACTCATCGATGT	Ches_CQ	GCAAACTCATCGATGT	Ches	SRR11008274	274_GCAAACTCATCGATGT	TRUE
Ches_CQ_GCAATCACAGCAGTTT	Ches_CQ	GCAATCACAGCAGTTT	Ches	SRR11008274	274_GCAATCACAGCAGTTT	TRUE
Ches_CQ_GCAATCAGTGAGTATA	Ches_CQ	GCAATCAGTGAGTATA	Ches	SRR11008274	274_GCAATCAGTGAGTATA	TRUE
Ches_CQ_GCAATCATCAGTTAGC	Ches_CQ	GCAATCATCAGTTAGC	Ches	SRR11008274	274_GCAATCATCAGTTAGC	TRUE
Ches_CQ_GCACTCTTCACAACGT	Ches_CQ	GCACTCTTCACAACGT	Ches	SRR11008274	274_GCACTCTTCACAACGT	FALSE
Ches_CQ_GCAGCCACACATCCGG	Ches_CQ	GCAGCCACACATCCGG	Ches	SRR11008274	274_GCAGCCACACATCCGG	TRUE
Ches_CQ_GCAGCCATCAGTTTGG	Ches_CQ	GCAGCCATCAGTTTGG	Ches	SRR11008274	274_GCAGCCATCAGTTTGG	TRUE
Ches_CQ_GCATACACAAATCCGT	Ches_CQ	GCATACACAAATCCGT	Ches	SRR11008274	274_GCATACACAAATCCGT	TRUE
Ches_CQ_GCATACACAGGGTATG	Ches_CQ	GCATACACAGGGTATG	Ches	SRR11008274	274_GCATACACAGGGTATG	TRUE
Ches_CQ_GCATACAGTGGTCCGT	Ches_CQ	GCATACAGTGGTCCGT	Ches	SRR11008274	274_GCATACAGTGGTCCGT	TRUE
Ches_CQ_GCATACATCGCTGATA	Ches_CQ	GCATACATCGCTGATA	Ches	SRR11008274	274_GCATACATCGCTGATA	TRUE
Ches_CQ_GCATGATAGTGTACTC	Ches_CQ	GCATGATAGTGTACTC	Ches	SRR11008274	274_GCATGATAGTGTACTC	TRUE
Ches_CQ_GCATGATCACCTGGTG	Ches_CQ	GCATGATCACCTGGTG	Ches	SRR11008274	274_GCATGATCACCTGGTG	TRUE
Ches_CQ_GCATGATCATGACGGA	Ches_CQ	GCATGATCATGACGGA	Ches	SRR11008274	274_GCATGATCATGACGGA	TRUE
Ches_CQ_GCCAAATAGAAGGTGA	Ches_CQ	GCCAAATAGAAGGTGA	Ches	SRR11008274	274_GCCAAATAGAAGGTGA	TRUE
Ches_CQ_GCCTCTAAGGTGCTAG	Ches_CQ	GCCTCTAAGGTGCTAG	Ches	SRR11008274	274_GCCTCTAAGGTGCTAG	TRUE
Ches_CQ_GCCTCTATCTCGTATT	Ches_CQ	GCCTCTATCTCGTATT	Ches	SRR11008274	274_GCCTCTATCTCGTATT	TRUE
Ches_CQ_GCGCAACCAACTGCTA	Ches_CQ	GCGCAACCAACTGCTA	Ches	SRR11008274	274_GCGCAACCAACTGCTA	TRUE
Ches_CQ_GCGCAACTCCTCATTA	Ches_CQ	GCGCAACTCCTCATTA	Ches	SRR11008274	274_GCGCAACTCCTCATTA	TRUE
Ches_CQ_GCGCCAAAGTCAAGGC	Ches_CQ	GCGCCAAAGTCAAGGC	Ches	SRR11008274	274_GCGCCAAAGTCAAGGC	TRUE
Ches_CQ_GCGCGATTCTGGCGTG	Ches_CQ	GCGCGATTCTGGCGTG	Ches	SRR11008274	274_GCGCGATTCTGGCGTG	FALSE
Ches_CQ_GCTCCTACATTTGCTT	Ches_CQ	GCTCCTACATTTGCTT	Ches	SRR11008274	274_GCTCCTACATTTGCTT	TRUE
Ches_CQ_GCTGCGACATCGTCGG	Ches_CQ	GCTGCGACATCGTCGG	Ches	SRR11008274	274_GCTGCGACATCGTCGG	TRUE
Ches_CQ_GCTGCGATCCGTCATC	Ches_CQ	GCTGCGATCCGTCATC	Ches	SRR11008274	274_GCTGCGATCCGTCATC	TRUE
Ches_CQ_GCTGCTTAGGGTCTCC	Ches_CQ	GCTGCTTAGGGTCTCC	Ches	SRR11008274	274_GCTGCTTAGGGTCTCC	TRUE
Ches_CQ_GCTGCTTCATTCACTT	Ches_CQ	GCTGCTTCATTCACTT	Ches	SRR11008274	274_GCTGCTTCATTCACTT	TRUE
Ches_CQ_GCTGGGTTCCCTGACT	Ches_CQ	GCTGGGTTCCCTGACT	Ches	SRR11008274	274_GCTGGGTTCCCTGACT	TRUE
Ches_CQ_GCTTCCACACCAGGCT	Ches_CQ	GCTTCCACACCAGGCT	Ches	SRR11008274	274_GCTTCCACACCAGGCT	TRUE
Ches_CQ_GCTTCCATCCTAGAAC	Ches_CQ	GCTTCCATCCTAGAAC	Ches	SRR11008274	274_GCTTCCATCCTAGAAC	TRUE
Ches_CQ_GCTTCCATCGCATGGC	Ches_CQ	GCTTCCATCGCATGGC	Ches	SRR11008274	274_GCTTCCATCGCATGGC	TRUE
Ches_CQ_GGAACTTTCGTTGACA	Ches_CQ	GGAACTTTCGTTGACA	Ches	SRR11008274	274_GGAACTTTCGTTGACA	TRUE
Ches_CQ_GGAATAATCCACGTGG	Ches_CQ	GGAATAATCCACGTGG	Ches	SRR11008274	274_GGAATAATCCACGTGG	TRUE
Ches_CQ_GGACAAGAGCCCAATT	Ches_CQ	GGACAAGAGCCCAATT	Ches	SRR11008274	274_GGACAAGAGCCCAATT	TRUE
Ches_CQ_GGACAAGCATCCTAGA	Ches_CQ	GGACAAGCATCCTAGA	Ches	SRR11008274	274_GGACAAGCATCCTAGA	TRUE
Ches_CQ_GGACAGAGTTTCCACC	Ches_CQ	GGACAGAGTTTCCACC	Ches	SRR11008274	274_GGACAGAGTTTCCACC	TRUE
Ches_CQ_GGATGTTGTCCATCCT	Ches_CQ	GGATGTTGTCCATCCT	Ches	SRR11008274	274_GGATGTTGTCCATCCT	TRUE
Ches_CQ_GGCCGATAGCGATATA	Ches_CQ	GGCCGATAGCGATATA	Ches	SRR11008274	274_GGCCGATAGCGATATA	TRUE
Ches_CQ_GGCGTGTCAAGTCTGT	Ches_CQ	GGCGTGTCAAGTCTGT	Ches	SRR11008274	274_GGCGTGTCAAGTCTGT	FALSE
Ches_CQ_GGGAATGTCCAGAGGA	Ches_CQ	GGGAATGTCCAGAGGA	Ches	SRR11008274	274_GGGAATGTCCAGAGGA	TRUE
Ches_CQ_GGGACCTGTCACTTCC	Ches_CQ	GGGACCTGTCACTTCC	Ches	SRR11008274	274_GGGACCTGTCACTTCC	TRUE
Ches_CQ_GGGATGAAGGAGCGAG	Ches_CQ	GGGATGAAGGAGCGAG	Ches	SRR11008274	274_GGGATGAAGGAGCGAG	TRUE
Ches_CQ_GGGATGAGTTGAGGTG	Ches_CQ	GGGATGAGTTGAGGTG	Ches	SRR11008274	274_GGGATGAGTTGAGGTG	TRUE
Ches_CQ_GGGCATCTCCCAGGTG	Ches_CQ	GGGCATCTCCCAGGTG	Ches	SRR11008274	274_GGGCATCTCCCAGGTG	TRUE
Ches_CQ_GGTGTTAAGCTCAACT	Ches_CQ	GGTGTTAAGCTCAACT	Ches	SRR11008274	274_GGTGTTAAGCTCAACT	TRUE
Ches_CQ_GGTGTTACACGCCAGT	Ches_CQ	GGTGTTACACGCCAGT	Ches	SRR11008274	274_GGTGTTACACGCCAGT	TRUE
Ches_CQ_GGTGTTATCTCGATGA	Ches_CQ	GGTGTTATCTCGATGA	Ches	SRR11008274	274_GGTGTTATCTCGATGA	TRUE
Ches_CQ_GTAACTGGTCAGCTAT	Ches_CQ	GTAACTGGTCAGCTAT	Ches	SRR11008274	274_GTAACTGGTCAGCTAT	TRUE
Ches_CQ_GTACGTAGTACAGTGG	Ches_CQ	GTACGTAGTACAGTGG	Ches	SRR11008274	274_GTACGTAGTACAGTGG	TRUE
Ches_CQ_GTACGTAGTTCGCTAA	Ches_CQ	GTACGTAGTTCGCTAA	Ches	SRR11008274	274_GTACGTAGTTCGCTAA	FALSE
Ches_CQ_GTACTCCCAAGCCGTC	Ches_CQ	GTACTCCCAAGCCGTC	Ches	SRR11008274	274_GTACTCCCAAGCCGTC	FALSE
Ches_CQ_GTACTTTAGTTAAGTG	Ches_CQ	GTACTTTAGTTAAGTG	Ches	SRR11008274	274_GTACTTTAGTTAAGTG	TRUE
Ches_CQ_GTAGGCCGTGGCCCTA	Ches_CQ	GTAGGCCGTGGCCCTA	Ches	SRR11008274	274_GTAGGCCGTGGCCCTA	TRUE
Ches_CQ_GTAGTCAAGTGCCATT	Ches_CQ	GTAGTCAAGTGCCATT	Ches	SRR11008274	274_GTAGTCAAGTGCCATT	TRUE
Ches_CQ_GTAGTCAGTCCATCCT	Ches_CQ	GTAGTCAGTCCATCCT	Ches	SRR11008274	274_GTAGTCAGTCCATCCT	FALSE
Ches_CQ_GTATCTTAGTCCTCCT	Ches_CQ	GTATCTTAGTCCTCCT	Ches	SRR11008274	274_GTATCTTAGTCCTCCT	TRUE
Ches_CQ_GTATTCTAGCCCGAAA	Ches_CQ	GTATTCTAGCCCGAAA	Ches	SRR11008274	274_GTATTCTAGCCCGAAA	TRUE
Ches_CQ_GTATTCTAGGCATGGT	Ches_CQ	GTATTCTAGGCATGGT	Ches	SRR11008274	274_GTATTCTAGGCATGGT	TRUE
Ches_CQ_GTATTCTCATGTCGAT	Ches_CQ	GTATTCTCATGTCGAT	Ches	SRR11008274	274_GTATTCTCATGTCGAT	TRUE
Ches_CQ_GTATTCTTCTTGCAAG	Ches_CQ	GTATTCTTCTTGCAAG	Ches	SRR11008274	274_GTATTCTTCTTGCAAG	TRUE
Ches_CQ_GTCACAAGTCATCCCT	Ches_CQ	GTCACAAGTCATCCCT	Ches	SRR11008274	274_GTCACAAGTCATCCCT	TRUE
Ches_CQ_GTCCTCAGTCCATGAT	Ches_CQ	GTCCTCAGTCCATGAT	Ches	SRR11008274	274_GTCCTCAGTCCATGAT	TRUE
Ches_CQ_GTCCTCATCATGCATG	Ches_CQ	GTCCTCATCATGCATG	Ches	SRR11008274	274_GTCCTCATCATGCATG	TRUE
Ches_CQ_GTCGGGTAGATCCGAG	Ches_CQ	GTCGGGTAGATCCGAG	Ches	SRR11008274	274_GTCGGGTAGATCCGAG	TRUE
Ches_CQ_GTCGTAACACTGTCGG	Ches_CQ	GTCGTAACACTGTCGG	Ches	SRR11008274	274_GTCGTAACACTGTCGG	TRUE
Ches_CQ_GTCGTAAGTTTGACTG	Ches_CQ	GTCGTAAGTTTGACTG	Ches	SRR11008274	274_GTCGTAAGTTTGACTG	TRUE
Ches_CQ_GTCTTCGAGGTAGCCA	Ches_CQ	GTCTTCGAGGTAGCCA	Ches	SRR11008274	274_GTCTTCGAGGTAGCCA	TRUE
Ches_CQ_GTCTTCGAGTAGCGGT	Ches_CQ	GTCTTCGAGTAGCGGT	Ches	SRR11008274	274_GTCTTCGAGTAGCGGT	FALSE
Ches_CQ_GTCTTCGTCGTTACGA	Ches_CQ	GTCTTCGTCGTTACGA	Ches	SRR11008274	274_GTCTTCGTCGTTACGA	TRUE
Ches_CQ_GTGCAGCAGTGTACGG	Ches_CQ	GTGCAGCAGTGTACGG	Ches	SRR11008274	274_GTGCAGCAGTGTACGG	TRUE
Ches_CQ_GTGCGGTGTGCACTTA	Ches_CQ	GTGCGGTGTGCACTTA	Ches	SRR11008274	274_GTGCGGTGTGCACTTA	TRUE
Ches_CQ_GTGCTTCGTCCCGACA	Ches_CQ	GTGCTTCGTCCCGACA	Ches	SRR11008274	274_GTGCTTCGTCCCGACA	FALSE
Ches_CQ_GTGCTTCTCCTCAACC	Ches_CQ	GTGCTTCTCCTCAACC	Ches	SRR11008274	274_GTGCTTCTCCTCAACC	TRUE
Ches_CQ_GTGCTTCTCTGAAAGA	Ches_CQ	GTGCTTCTCTGAAAGA	Ches	SRR11008274	274_GTGCTTCTCTGAAAGA	TRUE
Ches_CQ_GTGTGCGCACAAGACG	Ches_CQ	GTGTGCGCACAAGACG	Ches	SRR11008274	274_GTGTGCGCACAAGACG	TRUE
Ches_CQ_GTGTTAGAGGCGCTCT	Ches_CQ	GTGTTAGAGGCGCTCT	Ches	SRR11008274	274_GTGTTAGAGGCGCTCT	TRUE
Ches_CQ_GTGTTAGCACCAGCAC	Ches_CQ	GTGTTAGCACCAGCAC	Ches	SRR11008274	274_GTGTTAGCACCAGCAC	TRUE
Ches_CQ_GTGTTAGTCGCAAACT	Ches_CQ	GTGTTAGTCGCAAACT	Ches	SRR11008274	274_GTGTTAGTCGCAAACT	TRUE
Ches_CQ_GTTCGGGAGAGGGATA	Ches_CQ	GTTCGGGAGAGGGATA	Ches	SRR11008274	274_GTTCGGGAGAGGGATA	FALSE
Ches_CQ_GTTCTCGAGTGTACTC	Ches_CQ	GTTCTCGAGTGTACTC	Ches	SRR11008274	274_GTTCTCGAGTGTACTC	TRUE
Ches_CQ_GTTCTCGCAAGTCTGT	Ches_CQ	GTTCTCGCAAGTCTGT	Ches	SRR11008274	274_GTTCTCGCAAGTCTGT	TRUE
Ches_CQ_GTTCTCGGTGTTCTTT	Ches_CQ	GTTCTCGGTGTTCTTT	Ches	SRR11008274	274_GTTCTCGGTGTTCTTT	TRUE
Ches_CQ_TAAACCGCAACTGCTA	Ches_CQ	TAAACCGCAACTGCTA	Ches	SRR11008274	274_TAAACCGCAACTGCTA	TRUE
Ches_CQ_TACACGACACAGACAG	Ches_CQ	TACACGACACAGACAG	Ches	SRR11008274	274_TACACGACACAGACAG	TRUE
Ches_CQ_TACACGACATCCTTGC	Ches_CQ	TACACGACATCCTTGC	Ches	SRR11008274	274_TACACGACATCCTTGC	TRUE
Ches_CQ_TACAGTGCATTAACCG	Ches_CQ	TACAGTGCATTAACCG	Ches	SRR11008274	274_TACAGTGCATTAACCG	TRUE
Ches_CQ_TACCTATGTCATACTG	Ches_CQ	TACCTATGTCATACTG	Ches	SRR11008274	274_TACCTATGTCATACTG	TRUE
Ches_CQ_TACCTTAGTAGCGCAA	Ches_CQ	TACCTTAGTAGCGCAA	Ches	SRR11008274	274_TACCTTAGTAGCGCAA	TRUE
Ches_CQ_TACGGATCAATGAAAC	Ches_CQ	TACGGATCAATGAAAC	Ches	SRR11008274	274_TACGGATCAATGAAAC	TRUE
Ches_CQ_TACGGGCGTCTCTTAT	Ches_CQ	TACGGGCGTCTCTTAT	Ches	SRR11008274	274_TACGGGCGTCTCTTAT	TRUE
Ches_CQ_TACGGTAAGCTCCTCT	Ches_CQ	TACGGTAAGCTCCTCT	Ches	SRR11008274	274_TACGGTAAGCTCCTCT	TRUE
Ches_CQ_TACGGTACACTAAGTC	Ches_CQ	TACGGTACACTAAGTC	Ches	SRR11008274	274_TACGGTACACTAAGTC	TRUE
Ches_CQ_TACGGTAGTCAACTGT	Ches_CQ	TACGGTAGTCAACTGT	Ches	SRR11008274	274_TACGGTAGTCAACTGT	FALSE
Ches_CQ_TACTCATAGGAGTACC	Ches_CQ	TACTCATAGGAGTACC	Ches	SRR11008274	274_TACTCATAGGAGTACC	TRUE
Ches_CQ_TACTCATCAATCAGAA	Ches_CQ	TACTCATCAATCAGAA	Ches	SRR11008274	274_TACTCATCAATCAGAA	TRUE
Ches_CQ_TACTCGCAGGCAAAGA	Ches_CQ	TACTCGCAGGCAAAGA	Ches	SRR11008274	274_TACTCGCAGGCAAAGA	FALSE
Ches_CQ_TACTCGCAGTACACCT	Ches_CQ	TACTCGCAGTACACCT	Ches	SRR11008274	274_TACTCGCAGTACACCT	TRUE
Ches_CQ_TAGAGCTAGCGTAGTG	Ches_CQ	TAGAGCTAGCGTAGTG	Ches	SRR11008274	274_TAGAGCTAGCGTAGTG	TRUE
Ches_CQ_TAGAGCTCAGACGCTC	Ches_CQ	TAGAGCTCAGACGCTC	Ches	SRR11008274	274_TAGAGCTCAGACGCTC	TRUE
Ches_CQ_TAGAGCTCATCGGTTA	Ches_CQ	TAGAGCTCATCGGTTA	Ches	SRR11008274	274_TAGAGCTCATCGGTTA	TRUE
Ches_CQ_TAGAGCTTCGTCCAGG	Ches_CQ	TAGAGCTTCGTCCAGG	Ches	SRR11008274	274_TAGAGCTTCGTCCAGG	TRUE
Ches_CQ_TAGCCGGCACCCATGG	Ches_CQ	TAGCCGGCACCCATGG	Ches	SRR11008274	274_TAGCCGGCACCCATGG	TRUE
Ches_CQ_TAGTTGGGTAAAGTCA	Ches_CQ	TAGTTGGGTAAAGTCA	Ches	SRR11008274	274_TAGTTGGGTAAAGTCA	TRUE
Ches_CQ_TATCAGGAGTGAAGTT	Ches_CQ	TATCAGGAGTGAAGTT	Ches	SRR11008274	274_TATCAGGAGTGAAGTT	TRUE
Ches_CQ_TATCAGGCAATCCGAT	Ches_CQ	TATCAGGCAATCCGAT	Ches	SRR11008274	274_TATCAGGCAATCCGAT	TRUE
Ches_CQ_TATGCCCAGTTTGCGT	Ches_CQ	TATGCCCAGTTTGCGT	Ches	SRR11008274	274_TATGCCCAGTTTGCGT	TRUE
Ches_CQ_TATTACCCAAAGTCAA	Ches_CQ	TATTACCCAAAGTCAA	Ches	SRR11008274	274_TATTACCCAAAGTCAA	TRUE
Ches_CQ_TATTACCCAGTATAAG	Ches_CQ	TATTACCCAGTATAAG	Ches	SRR11008274	274_TATTACCCAGTATAAG	TRUE
Ches_CQ_TATTACCGTGCGAAAC	Ches_CQ	TATTACCGTGCGAAAC	Ches	SRR11008274	274_TATTACCGTGCGAAAC	FALSE
Ches_CQ_TCAACGATCGACCAGC	Ches_CQ	TCAACGATCGACCAGC	Ches	SRR11008274	274_TCAACGATCGACCAGC	TRUE
Ches_CQ_TCACAAGCAAGGCTCC	Ches_CQ	TCACAAGCAAGGCTCC	Ches	SRR11008274	274_TCACAAGCAAGGCTCC	TRUE
Ches_CQ_TCAGATGAGACCTAGG	Ches_CQ	TCAGATGAGACCTAGG	Ches	SRR11008274	274_TCAGATGAGACCTAGG	TRUE
Ches_CQ_TCAGATGCAATAGCGG	Ches_CQ	TCAGATGCAATAGCGG	Ches	SRR11008274	274_TCAGATGCAATAGCGG	TRUE
Ches_CQ_TCAGCAAGTCCTAGCG	Ches_CQ	TCAGCAAGTCCTAGCG	Ches	SRR11008274	274_TCAGCAAGTCCTAGCG	TRUE
Ches_CQ_TCAGCAATCGCTTGTC	Ches_CQ	TCAGCAATCGCTTGTC	Ches	SRR11008274	274_TCAGCAATCGCTTGTC	TRUE
Ches_CQ_TCAGCTCTCCTTGCCA	Ches_CQ	TCAGCTCTCCTTGCCA	Ches	SRR11008274	274_TCAGCTCTCCTTGCCA	TRUE
Ches_CQ_TCAGGATTCATGCTCC	Ches_CQ	TCAGGATTCATGCTCC	Ches	SRR11008274	274_TCAGGATTCATGCTCC	TRUE
Ches_CQ_TCAGGTATCGCACTCT	Ches_CQ	TCAGGTATCGCACTCT	Ches	SRR11008274	274_TCAGGTATCGCACTCT	FALSE
Ches_CQ_TCCACACTCAGGCAAG	Ches_CQ	TCCACACTCAGGCAAG	Ches	SRR11008274	274_TCCACACTCAGGCAAG	FALSE
Ches_CQ_TCCCGATCACAACTGT	Ches_CQ	TCCCGATCACAACTGT	Ches	SRR11008274	274_TCCCGATCACAACTGT	TRUE
Ches_CQ_TCGCGTTTCATGCTCC	Ches_CQ	TCGCGTTTCATGCTCC	Ches	SRR11008274	274_TCGCGTTTCATGCTCC	TRUE
Ches_CQ_TCGCGTTTCTTGACGA	Ches_CQ	TCGCGTTTCTTGACGA	Ches	SRR11008274	274_TCGCGTTTCTTGACGA	TRUE
Ches_CQ_TCGGGACCACTTACGA	Ches_CQ	TCGGGACCACTTACGA	Ches	SRR11008274	274_TCGGGACCACTTACGA	TRUE
Ches_CQ_TCGGGACTCTTGTTTG	Ches_CQ	TCGGGACTCTTGTTTG	Ches	SRR11008274	274_TCGGGACTCTTGTTTG	TRUE
Ches_CQ_TCGGTAAAGACAGACC	Ches_CQ	TCGGTAAAGACAGACC	Ches	SRR11008274	274_TCGGTAAAGACAGACC	TRUE
Ches_CQ_TCGGTAAGTTGAGGTG	Ches_CQ	TCGGTAAGTTGAGGTG	Ches	SRR11008274	274_TCGGTAAGTTGAGGTG	TRUE
Ches_CQ_TCGTACCAGGTAGCTG	Ches_CQ	TCGTACCAGGTAGCTG	Ches	SRR11008274	274_TCGTACCAGGTAGCTG	FALSE
Ches_CQ_TCGTACCTCACCGTAA	Ches_CQ	TCGTACCTCACCGTAA	Ches	SRR11008274	274_TCGTACCTCACCGTAA	FALSE
Ches_CQ_TCGTACCTCTGGCGAC	Ches_CQ	TCGTACCTCTGGCGAC	Ches	SRR11008274	274_TCGTACCTCTGGCGAC	TRUE
Ches_CQ_TCGTAGACACTATCTT	Ches_CQ	TCGTAGACACTATCTT	Ches	SRR11008274	274_TCGTAGACACTATCTT	TRUE
Ches_CQ_TCTCATAAGCTAGCCC	Ches_CQ	TCTCATAAGCTAGCCC	Ches	SRR11008274	274_TCTCATAAGCTAGCCC	FALSE
Ches_CQ_TCTCATAAGTGGGATC	Ches_CQ	TCTCATAAGTGGGATC	Ches	SRR11008274	274_TCTCATAAGTGGGATC	TRUE
Ches_CQ_TCTCATAGTCTTGTCC	Ches_CQ	TCTCATAGTCTTGTCC	Ches	SRR11008274	274_TCTCATAGTCTTGTCC	TRUE
Ches_CQ_TCTCTAATCAAAGACA	Ches_CQ	TCTCTAATCAAAGACA	Ches	SRR11008274	274_TCTCTAATCAAAGACA	FALSE
Ches_CQ_TCTGAGAAGCGTAATA	Ches_CQ	TCTGAGAAGCGTAATA	Ches	SRR11008274	274_TCTGAGAAGCGTAATA	TRUE
Ches_CQ_TCTTCGGTCAGCACAT	Ches_CQ	TCTTCGGTCAGCACAT	Ches	SRR11008274	274_TCTTCGGTCAGCACAT	TRUE
Ches_CQ_TGAAAGATCTAACTGG	Ches_CQ	TGAAAGATCTAACTGG	Ches	SRR11008274	274_TGAAAGATCTAACTGG	FALSE
Ches_CQ_TGACGGCAGATGCCTT	Ches_CQ	TGACGGCAGATGCCTT	Ches	SRR11008274	274_TGACGGCAGATGCCTT	TRUE
Ches_CQ_TGACGGCAGCTGGAAC	Ches_CQ	TGACGGCAGCTGGAAC	Ches	SRR11008274	274_TGACGGCAGCTGGAAC	TRUE
Ches_CQ_TGACTAGAGATCCCGC	Ches_CQ	TGACTAGAGATCCCGC	Ches	SRR11008274	274_TGACTAGAGATCCCGC	TRUE
Ches_CQ_TGAGAGGAGGTGCAAC	Ches_CQ	TGAGAGGAGGTGCAAC	Ches	SRR11008274	274_TGAGAGGAGGTGCAAC	TRUE
Ches_CQ_TGAGAGGGTGCACTTA	Ches_CQ	TGAGAGGGTGCACTTA	Ches	SRR11008274	274_TGAGAGGGTGCACTTA	TRUE
Ches_CQ_TGCACCTGTCCGCTGA	Ches_CQ	TGCACCTGTCCGCTGA	Ches	SRR11008274	274_TGCACCTGTCCGCTGA	TRUE
Ches_CQ_TGCACCTTCTTCGAGA	Ches_CQ	TGCACCTTCTTCGAGA	Ches	SRR11008274	274_TGCACCTTCTTCGAGA	TRUE
Ches_CQ_TGCCAAAAGATGCCAG	Ches_CQ	TGCCAAAAGATGCCAG	Ches	SRR11008274	274_TGCCAAAAGATGCCAG	TRUE
Ches_CQ_TGCCAAAGTTACTGAC	Ches_CQ	TGCCAAAGTTACTGAC	Ches	SRR11008274	274_TGCCAAAGTTACTGAC	TRUE
Ches_CQ_TGCGGGTGTCACTGGC	Ches_CQ	TGCGGGTGTCACTGGC	Ches	SRR11008274	274_TGCGGGTGTCACTGGC	TRUE
Ches_CQ_TGCTACCCAACGATCT	Ches_CQ	TGCTACCCAACGATCT	Ches	SRR11008274	274_TGCTACCCAACGATCT	TRUE
Ches_CQ_TGCTACCTCTTATCTG	Ches_CQ	TGCTACCTCTTATCTG	Ches	SRR11008274	274_TGCTACCTCTTATCTG	TRUE
Ches_CQ_TGCTGCTAGGCCGAAT	Ches_CQ	TGCTGCTAGGCCGAAT	Ches	SRR11008274	274_TGCTGCTAGGCCGAAT	TRUE
Ches_CQ_TGGACGCCACAGGCCT	Ches_CQ	TGGACGCCACAGGCCT	Ches	SRR11008274	274_TGGACGCCACAGGCCT	TRUE
Ches_CQ_TGGACGCTCAATACCG	Ches_CQ	TGGACGCTCAATACCG	Ches	SRR11008274	274_TGGACGCTCAATACCG	TRUE
Ches_CQ_TGGACGCTCATGTCCC	Ches_CQ	TGGACGCTCATGTCCC	Ches	SRR11008274	274_TGGACGCTCATGTCCC	TRUE
Ches_CQ_TGGACGCTCCACGACG	Ches_CQ	TGGACGCTCCACGACG	Ches	SRR11008274	274_TGGACGCTCCACGACG	TRUE
Ches_CQ_TGGGAAGAGCCCGAAA	Ches_CQ	TGGGAAGAGCCCGAAA	Ches	SRR11008274	274_TGGGAAGAGCCCGAAA	TRUE
Ches_CQ_TGGTTAGTCTGCGTAA	Ches_CQ	TGGTTAGTCTGCGTAA	Ches	SRR11008274	274_TGGTTAGTCTGCGTAA	TRUE
Ches_CQ_TGGTTCCCATCTATGG	Ches_CQ	TGGTTCCCATCTATGG	Ches	SRR11008274	274_TGGTTCCCATCTATGG	TRUE
Ches_CQ_TGGTTCCGTCCGAAGA	Ches_CQ	TGGTTCCGTCCGAAGA	Ches	SRR11008274	274_TGGTTCCGTCCGAAGA	TRUE
Ches_CQ_TGGTTCCGTGCAACGA	Ches_CQ	TGGTTCCGTGCAACGA	Ches	SRR11008274	274_TGGTTCCGTGCAACGA	TRUE
Ches_CQ_TGGTTCCTCTGCGGCA	Ches_CQ	TGGTTCCTCTGCGGCA	Ches	SRR11008274	274_TGGTTCCTCTGCGGCA	TRUE
Ches_CQ_TGTCCCAGTCGACTAT	Ches_CQ	TGTCCCAGTCGACTAT	Ches	SRR11008274	274_TGTCCCAGTCGACTAT	TRUE
Ches_CQ_TTAACTCCATAACCTG	Ches_CQ	TTAACTCCATAACCTG	Ches	SRR11008274	274_TTAACTCCATAACCTG	TRUE
Ches_CQ_TTAGGACAGACCTTTG	Ches_CQ	TTAGGACAGACCTTTG	Ches	SRR11008274	274_TTAGGACAGACCTTTG	TRUE
Ches_CQ_TTAGGCAGTCGGCACT	Ches_CQ	TTAGGCAGTCGGCACT	Ches	SRR11008274	274_TTAGGCAGTCGGCACT	TRUE
Ches_CQ_TTAGTTCCACGCATCG	Ches_CQ	TTAGTTCCACGCATCG	Ches	SRR11008274	274_TTAGTTCCACGCATCG	TRUE
Ches_CQ_TTAGTTCCATCAGTAC	Ches_CQ	TTAGTTCCATCAGTAC	Ches	SRR11008274	274_TTAGTTCCATCAGTAC	TRUE
Ches_CQ_TTCGAAGTCCCTAATT	Ches_CQ	TTCGAAGTCCCTAATT	Ches	SRR11008274	274_TTCGAAGTCCCTAATT	TRUE
Ches_CQ_TTCTACAGTACCATCA	Ches_CQ	TTCTACAGTACCATCA	Ches	SRR11008274	274_TTCTACAGTACCATCA	TRUE
Ches_CQ_TTCTCCTCATCTATGG	Ches_CQ	TTCTCCTCATCTATGG	Ches	SRR11008274	274_TTCTCCTCATCTATGG	TRUE
Ches_CQ_TTCTCCTTCCGCAAGC	Ches_CQ	TTCTCCTTCCGCAAGC	Ches	SRR11008274	274_TTCTCCTTCCGCAAGC	TRUE
Ches_CQ_TTCTTAGCAGCCTTGG	Ches_CQ	TTCTTAGCAGCCTTGG	Ches	SRR11008274	274_TTCTTAGCAGCCTTGG	TRUE
Ches_CQ_TTGAACGCACTGTGTA	Ches_CQ	TTGAACGCACTGTGTA	Ches	SRR11008274	274_TTGAACGCACTGTGTA	TRUE
Ches_CQ_TTGACTTAGAGGTAGA	Ches_CQ	TTGACTTAGAGGTAGA	Ches	SRR11008274	274_TTGACTTAGAGGTAGA	TRUE
Ches_CQ_TTGCCGTTCTCGCATC	Ches_CQ	TTGCCGTTCTCGCATC	Ches	SRR11008274	274_TTGCCGTTCTCGCATC	TRUE
Ches_CQ_TTGGAACCAGAGTGTG	Ches_CQ	TTGGAACCAGAGTGTG	Ches	SRR11008274	274_TTGGAACCAGAGTGTG	TRUE
Ches_CQ_TTGGAACGTTCCCTTG	Ches_CQ	TTGGAACGTTCCCTTG	Ches	SRR11008274	274_TTGGAACGTTCCCTTG	TRUE
Ches_CQ_TTGGAACTCAGCACAT	Ches_CQ	TTGGAACTCAGCACAT	Ches	SRR11008274	274_TTGGAACTCAGCACAT	TRUE
Ches_CQ_TTGGCAATCAACACAC	Ches_CQ	TTGGCAATCAACACAC	Ches	SRR11008274	274_TTGGCAATCAACACAC	TRUE
Ches_CQ_TTGTAGGAGCGTGAGT	Ches_CQ	TTGTAGGAGCGTGAGT	Ches	SRR11008274	274_TTGTAGGAGCGTGAGT	TRUE
Ches_CQ_TTTACTGGTTAAGTAG	Ches_CQ	TTTACTGGTTAAGTAG	Ches	SRR11008274	274_TTTACTGGTTAAGTAG	TRUE
Ches_CQ_TTTATGCCAGCGTAAG	Ches_CQ	TTTATGCCAGCGTAAG	Ches	SRR11008274	274_TTTATGCCAGCGTAAG	TRUE
Ches_CQ_TTTATGCGTTATTCTC	Ches_CQ	TTTATGCGTTATTCTC	Ches	SRR11008274	274_TTTATGCGTTATTCTC	TRUE
Ches_CQ_TTTATGCGTTGTCGCG	Ches_CQ	TTTATGCGTTGTCGCG	Ches	SRR11008274	274_TTTATGCGTTGTCGCG	TRUE
Ches_CQ_TTTGCGCAGAAGGTGA	Ches_CQ	TTTGCGCAGAAGGTGA	Ches	SRR11008274	274_TTTGCGCAGAAGGTGA	TRUE
Ches_CQ_TTTGCGCCATACCATG	Ches_CQ	TTTGCGCCATACCATG	Ches	SRR11008274	274_TTTGCGCCATACCATG	TRUE
Ches_CQ_TTTGGTTGTAGTAGTA	Ches_CQ	TTTGGTTGTAGTAGTA	Ches	SRR11008274	274_TTTGGTTGTAGTAGTA	TRUE
Ches_CQ_TTTGGTTGTCAAAGCG	Ches_CQ	TTTGGTTGTCAAAGCG	Ches	SRR11008274	274_TTTGGTTGTCAAAGCG	TRUE
Ches_CQ_TTTGGTTGTTGTGGCC	Ches_CQ	TTTGGTTGTTGTGGCC	Ches	SRR11008274	274_TTTGGTTGTTGTGGCC	TRUE
Ches_Sa_AAAGATGTCAGCTCGG	Ches_Sa	AAAGATGTCAGCTCGG	Ches	SRR11008273	273_AAAGATGTCAGCTCGG	TRUE
Ches_Sa_AAATGCCCAAGTAATG	Ches_Sa	AAATGCCCAAGTAATG	Ches	SRR11008273	273_AAATGCCCAAGTAATG	TRUE
Ches_Sa_AACCATGGTCCGAATT	Ches_Sa	AACCATGGTCCGAATT	Ches	SRR11008273	273_AACCATGGTCCGAATT	FALSE
Ches_Sa_AACTCTTCACGGTAGA	Ches_Sa	AACTCTTCACGGTAGA	Ches	SRR11008273	273_AACTCTTCACGGTAGA	TRUE
Ches_Sa_AACTCTTGTGCAGGTA	Ches_Sa	AACTCTTGTGCAGGTA	Ches	SRR11008273	273_AACTCTTGTGCAGGTA	TRUE
Ches_Sa_AAGGAGCCACTAGTAC	Ches_Sa	AAGGAGCCACTAGTAC	Ches	SRR11008273	273_AAGGAGCCACTAGTAC	TRUE
Ches_Sa_AAGGAGCTCAGGTAAA	Ches_Sa	AAGGAGCTCAGGTAAA	Ches	SRR11008273	273_AAGGAGCTCAGGTAAA	TRUE
Ches_Sa_AAGGCAGTCCGCAAGC	Ches_Sa	AAGGCAGTCCGCAAGC	Ches	SRR11008273	273_AAGGCAGTCCGCAAGC	TRUE
Ches_Sa_AAGGTTCAGCTCCTTC	Ches_Sa	AAGGTTCAGCTCCTTC	Ches	SRR11008273	273_AAGGTTCAGCTCCTTC	FALSE
Ches_Sa_AAGTCTGTCCCAAGTA	Ches_Sa	AAGTCTGTCCCAAGTA	Ches	SRR11008273	273_AAGTCTGTCCCAAGTA	TRUE
Ches_Sa_AATCCAGCAGTATAAG	Ches_Sa	AATCCAGCAGTATAAG	Ches	SRR11008273	273_AATCCAGCAGTATAAG	TRUE
Ches_Sa_ACACCGGGTCATTAGC	Ches_Sa	ACACCGGGTCATTAGC	Ches	SRR11008273	273_ACACCGGGTCATTAGC	TRUE
Ches_Sa_ACACTGATCAGATAAG	Ches_Sa	ACACTGATCAGATAAG	Ches	SRR11008273	273_ACACTGATCAGATAAG	TRUE
Ches_Sa_ACAGCTAGTAGCACGA	Ches_Sa	ACAGCTAGTAGCACGA	Ches	SRR11008273	273_ACAGCTAGTAGCACGA	TRUE
Ches_Sa_ACATACGAGCGTAGTG	Ches_Sa	ACATACGAGCGTAGTG	Ches	SRR11008273	273_ACATACGAGCGTAGTG	TRUE
Ches_Sa_ACATGGTTCTGGCGTG	Ches_Sa	ACATGGTTCTGGCGTG	Ches	SRR11008273	273_ACATGGTTCTGGCGTG	TRUE
Ches_Sa_ACCTTTAAGGTGATAT	Ches_Sa	ACCTTTAAGGTGATAT	Ches	SRR11008273	273_ACCTTTAAGGTGATAT	TRUE
Ches_Sa_ACGAGGAAGAGTAAGG	Ches_Sa	ACGAGGAAGAGTAAGG	Ches	SRR11008273	273_ACGAGGAAGAGTAAGG	TRUE
Ches_Sa_ACGAGGATCGCTAGCG	Ches_Sa	ACGAGGATCGCTAGCG	Ches	SRR11008273	273_ACGAGGATCGCTAGCG	TRUE
Ches_Sa_ACGCAGCAGCAATATG	Ches_Sa	ACGCAGCAGCAATATG	Ches	SRR11008273	273_ACGCAGCAGCAATATG	TRUE
Ches_Sa_ACGCCAGAGTGCTGCC	Ches_Sa	ACGCCAGAGTGCTGCC	Ches	SRR11008273	273_ACGCCAGAGTGCTGCC	TRUE
Ches_Sa_ACGGGCTGTTCCACGG	Ches_Sa	ACGGGCTGTTCCACGG	Ches	SRR11008273	273_ACGGGCTGTTCCACGG	TRUE
Ches_Sa_ACGGGTCAGTGACATA	Ches_Sa	ACGGGTCAGTGACATA	Ches	SRR11008273	273_ACGGGTCAGTGACATA	TRUE
Ches_Sa_ACGTCAATCCTATTCA	Ches_Sa	ACGTCAATCCTATTCA	Ches	SRR11008273	273_ACGTCAATCCTATTCA	TRUE
Ches_Sa_ACTGAACGTGACTCAT	Ches_Sa	ACTGAACGTGACTCAT	Ches	SRR11008273	273_ACTGAACGTGACTCAT	TRUE
Ches_Sa_ACTGAACTCGACCAGC	Ches_Sa	ACTGAACTCGACCAGC	Ches	SRR11008273	273_ACTGAACTCGACCAGC	TRUE
Ches_Sa_ACTGAGTGTCTTGATG	Ches_Sa	ACTGAGTGTCTTGATG	Ches	SRR11008273	273_ACTGAGTGTCTTGATG	TRUE
Ches_Sa_AGAATAGAGAACTGTA	Ches_Sa	AGAATAGAGAACTGTA	Ches	SRR11008273	273_AGAATAGAGAACTGTA	TRUE
Ches_Sa_AGAGCTTCAATGGATA	Ches_Sa	AGAGCTTCAATGGATA	Ches	SRR11008273	273_AGAGCTTCAATGGATA	TRUE
Ches_Sa_AGAGTGGAGTATGACA	Ches_Sa	AGAGTGGAGTATGACA	Ches	SRR11008273	273_AGAGTGGAGTATGACA	TRUE
Ches_Sa_AGATTGCCAAAGGCGT	Ches_Sa	AGATTGCCAAAGGCGT	Ches	SRR11008273	273_AGATTGCCAAAGGCGT	TRUE
Ches_Sa_AGCAGCCGTAGTAGTA	Ches_Sa	AGCAGCCGTAGTAGTA	Ches	SRR11008273	273_AGCAGCCGTAGTAGTA	TRUE
Ches_Sa_AGCATACTCTCCTATA	Ches_Sa	AGCATACTCTCCTATA	Ches	SRR11008273	273_AGCATACTCTCCTATA	TRUE
Ches_Sa_AGGGATGAGGGAAACA	Ches_Sa	AGGGATGAGGGAAACA	Ches	SRR11008273	273_AGGGATGAGGGAAACA	TRUE
Ches_Sa_AGGGTGAAGATATGGT	Ches_Sa	AGGGTGAAGATATGGT	Ches	SRR11008273	273_AGGGTGAAGATATGGT	FALSE
Ches_Sa_AGTAGTCAGTACCGGA	Ches_Sa	AGTAGTCAGTACCGGA	Ches	SRR11008273	273_AGTAGTCAGTACCGGA	TRUE
Ches_Sa_AGTCTTTTCTGGCGAC	Ches_Sa	AGTCTTTTCTGGCGAC	Ches	SRR11008273	273_AGTCTTTTCTGGCGAC	TRUE
Ches_Sa_AGTGGGAAGTCATGCT	Ches_Sa	AGTGGGAAGTCATGCT	Ches	SRR11008273	273_AGTGGGAAGTCATGCT	TRUE
Ches_Sa_AGTTGGTGTGTTCTTT	Ches_Sa	AGTTGGTGTGTTCTTT	Ches	SRR11008273	273_AGTTGGTGTGTTCTTT	TRUE
Ches_Sa_ATAGACCTCAGAGGTG	Ches_Sa	ATAGACCTCAGAGGTG	Ches	SRR11008273	273_ATAGACCTCAGAGGTG	TRUE
Ches_Sa_ATCATCTTCCCTAATT	Ches_Sa	ATCATCTTCCCTAATT	Ches	SRR11008273	273_ATCATCTTCCCTAATT	TRUE
Ches_Sa_ATCTGCCTCTCGATGA	Ches_Sa	ATCTGCCTCTCGATGA	Ches	SRR11008273	273_ATCTGCCTCTCGATGA	TRUE
Ches_Sa_ATGAGGGAGTTAACGA	Ches_Sa	ATGAGGGAGTTAACGA	Ches	SRR11008273	273_ATGAGGGAGTTAACGA	TRUE
Ches_Sa_ATGAGGGGTTTAGCTG	Ches_Sa	ATGAGGGGTTTAGCTG	Ches	SRR11008273	273_ATGAGGGGTTTAGCTG	TRUE
Ches_Sa_ATGTGTGGTACAGTTC	Ches_Sa	ATGTGTGGTACAGTTC	Ches	SRR11008273	273_ATGTGTGGTACAGTTC	TRUE
Ches_Sa_ATTATCCAGATTACCC	Ches_Sa	ATTATCCAGATTACCC	Ches	SRR11008273	273_ATTATCCAGATTACCC	TRUE
Ches_Sa_ATTCTACGTATGCTTG	Ches_Sa	ATTCTACGTATGCTTG	Ches	SRR11008273	273_ATTCTACGTATGCTTG	TRUE
Ches_Sa_ATTGGTGCAGTCAGCC	Ches_Sa	ATTGGTGCAGTCAGCC	Ches	SRR11008273	273_ATTGGTGCAGTCAGCC	TRUE
Ches_Sa_ATTGGTGGTTCAGCGC	Ches_Sa	ATTGGTGGTTCAGCGC	Ches	SRR11008273	273_ATTGGTGGTTCAGCGC	TRUE
Ches_Sa_CAACCTCCAGTACACT	Ches_Sa	CAACCTCCAGTACACT	Ches	SRR11008273	273_CAACCTCCAGTACACT	TRUE
Ches_Sa_CAACTAGAGCCAACAG	Ches_Sa	CAACTAGAGCCAACAG	Ches	SRR11008273	273_CAACTAGAGCCAACAG	FALSE
Ches_Sa_CAAGGCCAGAAGCCCA	Ches_Sa	CAAGGCCAGAAGCCCA	Ches	SRR11008273	273_CAAGGCCAGAAGCCCA	TRUE
Ches_Sa_CAAGGCCGTGCACTTA	Ches_Sa	CAAGGCCGTGCACTTA	Ches	SRR11008273	273_CAAGGCCGTGCACTTA	FALSE
Ches_Sa_CAAGTTGAGACCGGAT	Ches_Sa	CAAGTTGAGACCGGAT	Ches	SRR11008273	273_CAAGTTGAGACCGGAT	TRUE
Ches_Sa_CAAGTTGAGGCTACGA	Ches_Sa	CAAGTTGAGGCTACGA	Ches	SRR11008273	273_CAAGTTGAGGCTACGA	TRUE
Ches_Sa_CACAAACAGTGGAGTC	Ches_Sa	CACAAACAGTGGAGTC	Ches	SRR11008273	273_CACAAACAGTGGAGTC	TRUE
Ches_Sa_CACACCTGTGCGGTAA	Ches_Sa	CACACCTGTGCGGTAA	Ches	SRR11008273	273_CACACCTGTGCGGTAA	TRUE
Ches_Sa_CACACCTTCAAACAAG	Ches_Sa	CACACCTTCAAACAAG	Ches	SRR11008273	273_CACACCTTCAAACAAG	TRUE
Ches_Sa_CACATAGAGGAGTAGA	Ches_Sa	CACATAGAGGAGTAGA	Ches	SRR11008273	273_CACATAGAGGAGTAGA	TRUE
Ches_Sa_CACATTTGTAAACACA	Ches_Sa	CACATTTGTAAACACA	Ches	SRR11008273	273_CACATTTGTAAACACA	TRUE
Ches_Sa_CACCAGGGTGCTTCTC	Ches_Sa	CACCAGGGTGCTTCTC	Ches	SRR11008273	273_CACCAGGGTGCTTCTC	TRUE
Ches_Sa_CACTCCACAGGCAGTA	Ches_Sa	CACTCCACAGGCAGTA	Ches	SRR11008273	273_CACTCCACAGGCAGTA	TRUE
Ches_Sa_CAGAGAGTCAGATAAG	Ches_Sa	CAGAGAGTCAGATAAG	Ches	SRR11008273	273_CAGAGAGTCAGATAAG	TRUE
Ches_Sa_CAGATCATCCGTCATC	Ches_Sa	CAGATCATCCGTCATC	Ches	SRR11008273	273_CAGATCATCCGTCATC	TRUE
Ches_Sa_CAGCAGCCAGTCAGAG	Ches_Sa	CAGCAGCCAGTCAGAG	Ches	SRR11008273	273_CAGCAGCCAGTCAGAG	TRUE
Ches_Sa_CAGCTAAGTAGAGCTG	Ches_Sa	CAGCTAAGTAGAGCTG	Ches	SRR11008273	273_CAGCTAAGTAGAGCTG	TRUE
Ches_Sa_CATATGGGTGAGGCTA	Ches_Sa	CATATGGGTGAGGCTA	Ches	SRR11008273	273_CATATGGGTGAGGCTA	TRUE
Ches_Sa_CATATGGTCGGGAGTA	Ches_Sa	CATATGGTCGGGAGTA	Ches	SRR11008273	273_CATATGGTCGGGAGTA	FALSE
Ches_Sa_CATATTCTCGATAGAA	Ches_Sa	CATATTCTCGATAGAA	Ches	SRR11008273	273_CATATTCTCGATAGAA	TRUE
Ches_Sa_CATCGAAGTAGCGCAA	Ches_Sa	CATCGAAGTAGCGCAA	Ches	SRR11008273	273_CATCGAAGTAGCGCAA	TRUE
Ches_Sa_CATGCCTAGTGTACTC	Ches_Sa	CATGCCTAGTGTACTC	Ches	SRR11008273	273_CATGCCTAGTGTACTC	TRUE
Ches_Sa_CATGGCGGTACACCGC	Ches_Sa	CATGGCGGTACACCGC	Ches	SRR11008273	273_CATGGCGGTACACCGC	TRUE
Ches_Sa_CATTCGCTCTTGAGGT	Ches_Sa	CATTCGCTCTTGAGGT	Ches	SRR11008273	273_CATTCGCTCTTGAGGT	TRUE
Ches_Sa_CCAATCCAGTCGTTTG	Ches_Sa	CCAATCCAGTCGTTTG	Ches	SRR11008273	273_CCAATCCAGTCGTTTG	TRUE
Ches_Sa_CCCAATCAGCTAGTTC	Ches_Sa	CCCAATCAGCTAGTTC	Ches	SRR11008273	273_CCCAATCAGCTAGTTC	TRUE
Ches_Sa_CCCAATCAGGCCCTCA	Ches_Sa	CCCAATCAGGCCCTCA	Ches	SRR11008273	273_CCCAATCAGGCCCTCA	TRUE
Ches_Sa_CCGGGATTCGCCATAA	Ches_Sa	CCGGGATTCGCCATAA	Ches	SRR11008273	273_CCGGGATTCGCCATAA	TRUE
Ches_Sa_CCGGTAGCAATGGTCT	Ches_Sa	CCGGTAGCAATGGTCT	Ches	SRR11008273	273_CCGGTAGCAATGGTCT	TRUE
Ches_Sa_CCGGTAGTCTCCCTGA	Ches_Sa	CCGGTAGTCTCCCTGA	Ches	SRR11008273	273_CCGGTAGTCTCCCTGA	TRUE
Ches_Sa_CCGTGGATCCCTGACT	Ches_Sa	CCGTGGATCCCTGACT	Ches	SRR11008273	273_CCGTGGATCCCTGACT	TRUE
Ches_Sa_CCTAAAGAGAAAGTGG	Ches_Sa	CCTAAAGAGAAAGTGG	Ches	SRR11008273	273_CCTAAAGAGAAAGTGG	TRUE
Ches_Sa_CCTAAAGTCTTGCCGT	Ches_Sa	CCTAAAGTCTTGCCGT	Ches	SRR11008273	273_CCTAAAGTCTTGCCGT	TRUE
Ches_Sa_CCTACACAGTGTTGAA	Ches_Sa	CCTACACAGTGTTGAA	Ches	SRR11008273	273_CCTACACAGTGTTGAA	FALSE
Ches_Sa_CCTACCAAGCTATGCT	Ches_Sa	CCTACCAAGCTATGCT	Ches	SRR11008273	273_CCTACCAAGCTATGCT	TRUE
Ches_Sa_CCTCAGTGTATTCGTG	Ches_Sa	CCTCAGTGTATTCGTG	Ches	SRR11008273	273_CCTCAGTGTATTCGTG	TRUE
Ches_Sa_CCTTACGTCGTTGCCT	Ches_Sa	CCTTACGTCGTTGCCT	Ches	SRR11008273	273_CCTTACGTCGTTGCCT	TRUE
Ches_Sa_CCTTCCCAGCTATGCT	Ches_Sa	CCTTCCCAGCTATGCT	Ches	SRR11008273	273_CCTTCCCAGCTATGCT	TRUE
Ches_Sa_CGAATGTCAACTTGAC	Ches_Sa	CGAATGTCAACTTGAC	Ches	SRR11008273	273_CGAATGTCAACTTGAC	TRUE
Ches_Sa_CGAATGTCACACAGAG	Ches_Sa	CGAATGTCACACAGAG	Ches	SRR11008273	273_CGAATGTCACACAGAG	TRUE
Ches_Sa_CGAGCCAGTGTGCCTG	Ches_Sa	CGAGCCAGTGTGCCTG	Ches	SRR11008273	273_CGAGCCAGTGTGCCTG	TRUE
Ches_Sa_CGATCGGTCCGTAGGC	Ches_Sa	CGATCGGTCCGTAGGC	Ches	SRR11008273	273_CGATCGGTCCGTAGGC	TRUE
Ches_Sa_CGATCGGTCTGCTGCT	Ches_Sa	CGATCGGTCTGCTGCT	Ches	SRR11008273	273_CGATCGGTCTGCTGCT	TRUE
Ches_Sa_CGATGTAAGGGATGGG	Ches_Sa	CGATGTAAGGGATGGG	Ches	SRR11008273	273_CGATGTAAGGGATGGG	TRUE
Ches_Sa_CGCGGTAAGTACCGGA	Ches_Sa	CGCGGTAAGTACCGGA	Ches	SRR11008273	273_CGCGGTAAGTACCGGA	TRUE
Ches_Sa_CGCTGGATCGCCATAA	Ches_Sa	CGCTGGATCGCCATAA	Ches	SRR11008273	273_CGCTGGATCGCCATAA	TRUE
Ches_Sa_CGGAGTCGTTTAGGAA	Ches_Sa	CGGAGTCGTTTAGGAA	Ches	SRR11008273	273_CGGAGTCGTTTAGGAA	TRUE
Ches_Sa_CGGCTAGCACTCTGTC	Ches_Sa	CGGCTAGCACTCTGTC	Ches	SRR11008273	273_CGGCTAGCACTCTGTC	TRUE
Ches_Sa_CGGGTCATCCACGTTC	Ches_Sa	CGGGTCATCCACGTTC	Ches	SRR11008273	273_CGGGTCATCCACGTTC	TRUE
Ches_Sa_CGTAGCGAGTTGTCGT	Ches_Sa	CGTAGCGAGTTGTCGT	Ches	SRR11008273	273_CGTAGCGAGTTGTCGT	TRUE
Ches_Sa_CGTAGGCGTTATGTGC	Ches_Sa	CGTAGGCGTTATGTGC	Ches	SRR11008273	273_CGTAGGCGTTATGTGC	TRUE
Ches_Sa_CGTAGGCTCACGACTA	Ches_Sa	CGTAGGCTCACGACTA	Ches	SRR11008273	273_CGTAGGCTCACGACTA	TRUE
Ches_Sa_CGTGAGCCATGCCTAA	Ches_Sa	CGTGAGCCATGCCTAA	Ches	SRR11008273	273_CGTGAGCCATGCCTAA	TRUE
Ches_Sa_CGTTAGACAGTCAGCC	Ches_Sa	CGTTAGACAGTCAGCC	Ches	SRR11008273	273_CGTTAGACAGTCAGCC	TRUE
Ches_Sa_CGTTAGAGTAAACCTC	Ches_Sa	CGTTAGAGTAAACCTC	Ches	SRR11008273	273_CGTTAGAGTAAACCTC	FALSE
Ches_Sa_CGTTCTGAGTCGATAA	Ches_Sa	CGTTCTGAGTCGATAA	Ches	SRR11008273	273_CGTTCTGAGTCGATAA	TRUE
Ches_Sa_CTAACTTAGCCCTAAT	Ches_Sa	CTAACTTAGCCCTAAT	Ches	SRR11008273	273_CTAACTTAGCCCTAAT	TRUE
Ches_Sa_CTAACTTAGCCTTGAT	Ches_Sa	CTAACTTAGCCTTGAT	Ches	SRR11008273	273_CTAACTTAGCCTTGAT	TRUE
Ches_Sa_CTAACTTAGGCATGTG	Ches_Sa	CTAACTTAGGCATGTG	Ches	SRR11008273	273_CTAACTTAGGCATGTG	TRUE
Ches_Sa_CTACATTAGCTGATAA	Ches_Sa	CTACATTAGCTGATAA	Ches	SRR11008273	273_CTACATTAGCTGATAA	TRUE
Ches_Sa_CTAGAGTTCATCATTC	Ches_Sa	CTAGAGTTCATCATTC	Ches	SRR11008273	273_CTAGAGTTCATCATTC	TRUE
Ches_Sa_CTAGCCTGTCAACATC	Ches_Sa	CTAGCCTGTCAACATC	Ches	SRR11008273	273_CTAGCCTGTCAACATC	TRUE
Ches_Sa_CTAGTGATCCAGAAGG	Ches_Sa	CTAGTGATCCAGAAGG	Ches	SRR11008273	273_CTAGTGATCCAGAAGG	TRUE
Ches_Sa_CTCATTAGTGCACGAA	Ches_Sa	CTCATTAGTGCACGAA	Ches	SRR11008273	273_CTCATTAGTGCACGAA	TRUE
Ches_Sa_CTCGGAGTCTCCAACC	Ches_Sa	CTCGGAGTCTCCAACC	Ches	SRR11008273	273_CTCGGAGTCTCCAACC	FALSE
Ches_Sa_CTCGTCAAGGAGCGTT	Ches_Sa	CTCGTCAAGGAGCGTT	Ches	SRR11008273	273_CTCGTCAAGGAGCGTT	TRUE
Ches_Sa_CTCTAATAGAGTGACC	Ches_Sa	CTCTAATAGAGTGACC	Ches	SRR11008273	273_CTCTAATAGAGTGACC	TRUE
Ches_Sa_CTCTAATTCAACACCA	Ches_Sa	CTCTAATTCAACACCA	Ches	SRR11008273	273_CTCTAATTCAACACCA	TRUE
Ches_Sa_CTGATAGTCGTTGACA	Ches_Sa	CTGATAGTCGTTGACA	Ches	SRR11008273	273_CTGATAGTCGTTGACA	TRUE
Ches_Sa_CTTACCGGTTGGAGGT	Ches_Sa	CTTACCGGTTGGAGGT	Ches	SRR11008273	273_CTTACCGGTTGGAGGT	TRUE
Ches_Sa_CTTTGCGCAATAGCAA	Ches_Sa	CTTTGCGCAATAGCAA	Ches	SRR11008273	273_CTTTGCGCAATAGCAA	TRUE
Ches_Sa_GAAATGAAGGGCATGT	Ches_Sa	GAAATGAAGGGCATGT	Ches	SRR11008273	273_GAAATGAAGGGCATGT	TRUE
Ches_Sa_GAAATGATCCAGAGGA	Ches_Sa	GAAATGATCCAGAGGA	Ches	SRR11008273	273_GAAATGATCCAGAGGA	FALSE
Ches_Sa_GAAGCAGAGAGCTTCT	Ches_Sa	GAAGCAGAGAGCTTCT	Ches	SRR11008273	273_GAAGCAGAGAGCTTCT	TRUE
Ches_Sa_GAATGAAAGATCCTGT	Ches_Sa	GAATGAAAGATCCTGT	Ches	SRR11008273	273_GAATGAAAGATCCTGT	TRUE
Ches_Sa_GAATGAAGTGAAAGAG	Ches_Sa	GAATGAAGTGAAAGAG	Ches	SRR11008273	273_GAATGAAGTGAAAGAG	TRUE
Ches_Sa_GACAGAGGTCTAACGT	Ches_Sa	GACAGAGGTCTAACGT	Ches	SRR11008273	273_GACAGAGGTCTAACGT	TRUE
Ches_Sa_GACCAATGTTACCGAT	Ches_Sa	GACCAATGTTACCGAT	Ches	SRR11008273	273_GACCAATGTTACCGAT	TRUE
Ches_Sa_GACCTGGGTACTTGAC	Ches_Sa	GACCTGGGTACTTGAC	Ches	SRR11008273	273_GACCTGGGTACTTGAC	TRUE
Ches_Sa_GACTAACCATCCGGGT	Ches_Sa	GACTAACCATCCGGGT	Ches	SRR11008273	273_GACTAACCATCCGGGT	TRUE
Ches_Sa_GACTGCGCACGAGGTA	Ches_Sa	GACTGCGCACGAGGTA	Ches	SRR11008273	273_GACTGCGCACGAGGTA	FALSE
Ches_Sa_GAGCAGAGTAACGACG	Ches_Sa	GAGCAGAGTAACGACG	Ches	SRR11008273	273_GAGCAGAGTAACGACG	TRUE
Ches_Sa_GATCGTAAGAAAGTGG	Ches_Sa	GATCGTAAGAAAGTGG	Ches	SRR11008273	273_GATCGTAAGAAAGTGG	TRUE
Ches_Sa_GATCGTACAGGAATGC	Ches_Sa	GATCGTACAGGAATGC	Ches	SRR11008273	273_GATCGTACAGGAATGC	FALSE
Ches_Sa_GATCTAGGTCACTTCC	Ches_Sa	GATCTAGGTCACTTCC	Ches	SRR11008273	273_GATCTAGGTCACTTCC	TRUE
Ches_Sa_GATCTAGGTCTAGTCA	Ches_Sa	GATCTAGGTCTAGTCA	Ches	SRR11008273	273_GATCTAGGTCTAGTCA	TRUE
Ches_Sa_GATGAGGCATTAGCCA	Ches_Sa	GATGAGGCATTAGCCA	Ches	SRR11008273	273_GATGAGGCATTAGCCA	TRUE
Ches_Sa_GATTCAGTCAACACAC	Ches_Sa	GATTCAGTCAACACAC	Ches	SRR11008273	273_GATTCAGTCAACACAC	TRUE
Ches_Sa_GCAAACTGTAGAAGGA	Ches_Sa	GCAAACTGTAGAAGGA	Ches	SRR11008273	273_GCAAACTGTAGAAGGA	TRUE
Ches_Sa_GCAAACTGTGCAGTAG	Ches_Sa	GCAAACTGTGCAGTAG	Ches	SRR11008273	273_GCAAACTGTGCAGTAG	TRUE
Ches_Sa_GCAATCATCACGATGT	Ches_Sa	GCAATCATCACGATGT	Ches	SRR11008273	273_GCAATCATCACGATGT	TRUE
Ches_Sa_GCACATACAAGGTTCT	Ches_Sa	GCACATACAAGGTTCT	Ches	SRR11008273	273_GCACATACAAGGTTCT	TRUE
Ches_Sa_GCACTCTAGAGGTAGA	Ches_Sa	GCACTCTAGAGGTAGA	Ches	SRR11008273	273_GCACTCTAGAGGTAGA	TRUE
Ches_Sa_GCACTCTAGATGTTAG	Ches_Sa	GCACTCTAGATGTTAG	Ches	SRR11008273	273_GCACTCTAGATGTTAG	FALSE
Ches_Sa_GCAGTTACAGGCTCAC	Ches_Sa	GCAGTTACAGGCTCAC	Ches	SRR11008273	273_GCAGTTACAGGCTCAC	TRUE
Ches_Sa_GCATGATTCCAAAGTC	Ches_Sa	GCATGATTCCAAAGTC	Ches	SRR11008273	273_GCATGATTCCAAAGTC	FALSE
Ches_Sa_GCATGCGAGCCCAACC	Ches_Sa	GCATGCGAGCCCAACC	Ches	SRR11008273	273_GCATGCGAGCCCAACC	TRUE
Ches_Sa_GCCAAATAGGACGAAA	Ches_Sa	GCCAAATAGGACGAAA	Ches	SRR11008273	273_GCCAAATAGGACGAAA	TRUE
Ches_Sa_GCGACCAGTGGCCCTA	Ches_Sa	GCGACCAGTGGCCCTA	Ches	SRR11008273	273_GCGACCAGTGGCCCTA	TRUE
Ches_Sa_GCGACCAGTTCCACTC	Ches_Sa	GCGACCAGTTCCACTC	Ches	SRR11008273	273_GCGACCAGTTCCACTC	TRUE
Ches_Sa_GCGAGAAAGGGTTTCT	Ches_Sa	GCGAGAAAGGGTTTCT	Ches	SRR11008273	273_GCGAGAAAGGGTTTCT	TRUE
Ches_Sa_GCGCCAAGTCTCTTAT	Ches_Sa	GCGCCAAGTCTCTTAT	Ches	SRR11008273	273_GCGCCAAGTCTCTTAT	TRUE
Ches_Sa_GCGCGATTCACTGGGC	Ches_Sa	GCGCGATTCACTGGGC	Ches	SRR11008273	273_GCGCGATTCACTGGGC	TRUE
Ches_Sa_GCTCTGTAGGGTGTTG	Ches_Sa	GCTCTGTAGGGTGTTG	Ches	SRR11008273	273_GCTCTGTAGGGTGTTG	TRUE
Ches_Sa_GCTCTGTGTGCAGACA	Ches_Sa	GCTCTGTGTGCAGACA	Ches	SRR11008273	273_GCTCTGTGTGCAGACA	TRUE
Ches_Sa_GCTGCAGCAATCGAAA	Ches_Sa	GCTGCAGCAATCGAAA	Ches	SRR11008273	273_GCTGCAGCAATCGAAA	TRUE
Ches_Sa_GCTTGAACAGGGATTG	Ches_Sa	GCTTGAACAGGGATTG	Ches	SRR11008273	273_GCTTGAACAGGGATTG	TRUE
Ches_Sa_GGAACTTTCATGCAAC	Ches_Sa	GGAACTTTCATGCAAC	Ches	SRR11008273	273_GGAACTTTCATGCAAC	TRUE
Ches_Sa_GGACATTCAAGAGTCG	Ches_Sa	GGACATTCAAGAGTCG	Ches	SRR11008273	273_GGACATTCAAGAGTCG	TRUE
Ches_Sa_GGACGTCAGCGCCTCA	Ches_Sa	GGACGTCAGCGCCTCA	Ches	SRR11008273	273_GGACGTCAGCGCCTCA	TRUE
Ches_Sa_GGATGTTCACCTTGTC	Ches_Sa	GGATGTTCACCTTGTC	Ches	SRR11008273	273_GGATGTTCACCTTGTC	TRUE
Ches_Sa_GGATTACAGTGCTGCC	Ches_Sa	GGATTACAGTGCTGCC	Ches	SRR11008273	273_GGATTACAGTGCTGCC	TRUE
Ches_Sa_GGCCGATTCCCTTGCA	Ches_Sa	GGCCGATTCCCTTGCA	Ches	SRR11008273	273_GGCCGATTCCCTTGCA	TRUE
Ches_Sa_GGCGACTCAAACTGCT	Ches_Sa	GGCGACTCAAACTGCT	Ches	SRR11008273	273_GGCGACTCAAACTGCT	TRUE
Ches_Sa_GGCGTGTAGTGTGAAT	Ches_Sa	GGCGTGTAGTGTGAAT	Ches	SRR11008273	273_GGCGTGTAGTGTGAAT	TRUE
Ches_Sa_GGCTCGAGTGTAAGTA	Ches_Sa	GGCTCGAGTGTAAGTA	Ches	SRR11008273	273_GGCTCGAGTGTAAGTA	FALSE
Ches_Sa_GGGAATGTCTATGTGG	Ches_Sa	GGGAATGTCTATGTGG	Ches	SRR11008273	273_GGGAATGTCTATGTGG	TRUE
Ches_Sa_GGGACCTAGCCCAACC	Ches_Sa	GGGACCTAGCCCAACC	Ches	SRR11008273	273_GGGACCTAGCCCAACC	TRUE
Ches_Sa_GGGCACTTCAAGGCTT	Ches_Sa	GGGCACTTCAAGGCTT	Ches	SRR11008273	273_GGGCACTTCAAGGCTT	TRUE
Ches_Sa_GGGTCTGCAGAGTGTG	Ches_Sa	GGGTCTGCAGAGTGTG	Ches	SRR11008273	273_GGGTCTGCAGAGTGTG	TRUE
Ches_Sa_GGGTCTGGTGACTCAT	Ches_Sa	GGGTCTGGTGACTCAT	Ches	SRR11008273	273_GGGTCTGGTGACTCAT	TRUE
Ches_Sa_GGTATTGCAGGCTGAA	Ches_Sa	GGTATTGCAGGCTGAA	Ches	SRR11008273	273_GGTATTGCAGGCTGAA	TRUE
Ches_Sa_GGTGCGTGTGTAAGTA	Ches_Sa	GGTGCGTGTGTAAGTA	Ches	SRR11008273	273_GGTGCGTGTGTAAGTA	TRUE
Ches_Sa_GGTGTTAGTTTGGGCC	Ches_Sa	GGTGTTAGTTTGGGCC	Ches	SRR11008273	273_GGTGTTAGTTTGGGCC	TRUE
Ches_Sa_GTACTTTCAAACGTGG	Ches_Sa	GTACTTTCAAACGTGG	Ches	SRR11008273	273_GTACTTTCAAACGTGG	TRUE
Ches_Sa_GTACTTTGTAAGGATT	Ches_Sa	GTACTTTGTAAGGATT	Ches	SRR11008273	273_GTACTTTGTAAGGATT	TRUE
Ches_Sa_GTACTTTTCCAAAGTC	Ches_Sa	GTACTTTTCCAAAGTC	Ches	SRR11008273	273_GTACTTTTCCAAAGTC	TRUE
Ches_Sa_GTAGGCCTCTTTCCTC	Ches_Sa	GTAGGCCTCTTTCCTC	Ches	SRR11008273	273_GTAGGCCTCTTTCCTC	TRUE
Ches_Sa_GTAGTCACACTATCTT	Ches_Sa	GTAGTCACACTATCTT	Ches	SRR11008273	273_GTAGTCACACTATCTT	TRUE
Ches_Sa_GTAGTCATCCAGTATG	Ches_Sa	GTAGTCATCCAGTATG	Ches	SRR11008273	273_GTAGTCATCCAGTATG	TRUE
Ches_Sa_GTCACAACAGGGATTG	Ches_Sa	GTCACAACAGGGATTG	Ches	SRR11008273	273_GTCACAACAGGGATTG	TRUE
Ches_Sa_GTCCTCAGTATAATGG	Ches_Sa	GTCCTCAGTATAATGG	Ches	SRR11008273	273_GTCCTCAGTATAATGG	FALSE
Ches_Sa_GTCGGGTGTCAGAATA	Ches_Sa	GTCGGGTGTCAGAATA	Ches	SRR11008273	273_GTCGGGTGTCAGAATA	TRUE
Ches_Sa_GTGCAGCAGATCTGAA	Ches_Sa	GTGCAGCAGATCTGAA	Ches	SRR11008273	273_GTGCAGCAGATCTGAA	TRUE
Ches_Sa_GTGCATACATGTAGTC	Ches_Sa	GTGCATACATGTAGTC	Ches	SRR11008273	273_GTGCATACATGTAGTC	TRUE
Ches_Sa_GTGGGTCAGGTGGGTT	Ches_Sa	GTGGGTCAGGTGGGTT	Ches	SRR11008273	273_GTGGGTCAGGTGGGTT	TRUE
Ches_Sa_GTTCATTTCTTGTCAT	Ches_Sa	GTTCATTTCTTGTCAT	Ches	SRR11008273	273_GTTCATTTCTTGTCAT	TRUE
Ches_Sa_GTTCGGGCAAAGGTGC	Ches_Sa	GTTCGGGCAAAGGTGC	Ches	SRR11008273	273_GTTCGGGCAAAGGTGC	TRUE
Ches_Sa_GTTCTCGAGCGATATA	Ches_Sa	GTTCTCGAGCGATATA	Ches	SRR11008273	273_GTTCTCGAGCGATATA	TRUE
Ches_Sa_GTTTCTAGTGGAAAGA	Ches_Sa	GTTTCTAGTGGAAAGA	Ches	SRR11008273	273_GTTTCTAGTGGAAAGA	TRUE
Ches_Sa_TAAGCGTTCATTTGGG	Ches_Sa	TAAGCGTTCATTTGGG	Ches	SRR11008273	273_TAAGCGTTCATTTGGG	TRUE
Ches_Sa_TACAGTGTCACTCTTA	Ches_Sa	TACAGTGTCACTCTTA	Ches	SRR11008273	273_TACAGTGTCACTCTTA	TRUE
Ches_Sa_TACCTATAGCTTCGCG	Ches_Sa	TACCTATAGCTTCGCG	Ches	SRR11008273	273_TACCTATAGCTTCGCG	TRUE
Ches_Sa_TACCTATCAGCTCCGA	Ches_Sa	TACCTATCAGCTCCGA	Ches	SRR11008273	273_TACCTATCAGCTCCGA	TRUE
Ches_Sa_TACCTTAAGAATCTCC	Ches_Sa	TACCTTAAGAATCTCC	Ches	SRR11008273	273_TACCTTAAGAATCTCC	TRUE
Ches_Sa_TACGGATGTGGCGAAT	Ches_Sa	TACGGATGTGGCGAAT	Ches	SRR11008273	273_TACGGATGTGGCGAAT	TRUE
Ches_Sa_TACGGGCTCCTCAACC	Ches_Sa	TACGGGCTCCTCAACC	Ches	SRR11008273	273_TACGGGCTCCTCAACC	FALSE
Ches_Sa_TACGGTAAGTACCGGA	Ches_Sa	TACGGTAAGTACCGGA	Ches	SRR11008273	273_TACGGTAAGTACCGGA	TRUE
Ches_Sa_TACTCATGTACAGTTC	Ches_Sa	TACTCATGTACAGTTC	Ches	SRR11008273	273_TACTCATGTACAGTTC	TRUE
Ches_Sa_TACTCATGTCGCCATG	Ches_Sa	TACTCATGTCGCCATG	Ches	SRR11008273	273_TACTCATGTCGCCATG	TRUE
Ches_Sa_TACTCGCCATGCTGGC	Ches_Sa	TACTCGCCATGCTGGC	Ches	SRR11008273	273_TACTCGCCATGCTGGC	TRUE
Ches_Sa_TAGAGCTCACCATCCT	Ches_Sa	TAGAGCTCACCATCCT	Ches	SRR11008273	273_TAGAGCTCACCATCCT	TRUE
Ches_Sa_TAGGCATCATAGTAAG	Ches_Sa	TAGGCATCATAGTAAG	Ches	SRR11008273	273_TAGGCATCATAGTAAG	TRUE
Ches_Sa_TAGGCATGTATCGCAT	Ches_Sa	TAGGCATGTATCGCAT	Ches	SRR11008273	273_TAGGCATGTATCGCAT	TRUE
Ches_Sa_TATCAGGGTCAGAATA	Ches_Sa	TATCAGGGTCAGAATA	Ches	SRR11008273	273_TATCAGGGTCAGAATA	TRUE
Ches_Sa_TATGCCCTCATATCGG	Ches_Sa	TATGCCCTCATATCGG	Ches	SRR11008273	273_TATGCCCTCATATCGG	FALSE
Ches_Sa_TATTACCAGCTACCGC	Ches_Sa	TATTACCAGCTACCGC	Ches	SRR11008273	273_TATTACCAGCTACCGC	TRUE
Ches_Sa_TCAATCTGTGTCCTCT	Ches_Sa	TCAATCTGTGTCCTCT	Ches	SRR11008273	273_TCAATCTGTGTCCTCT	TRUE
Ches_Sa_TCACGAAAGCGCCTTG	Ches_Sa	TCACGAAAGCGCCTTG	Ches	SRR11008273	273_TCACGAAAGCGCCTTG	TRUE
Ches_Sa_TCAGCTCAGGGAAACA	Ches_Sa	TCAGCTCAGGGAAACA	Ches	SRR11008273	273_TCAGCTCAGGGAAACA	TRUE
Ches_Sa_TCAGGATGTGGCAAAC	Ches_Sa	TCAGGATGTGGCAAAC	Ches	SRR11008273	273_TCAGGATGTGGCAAAC	TRUE
Ches_Sa_TCGGGACGTACGCACC	Ches_Sa	TCGGGACGTACGCACC	Ches	SRR11008273	273_TCGGGACGTACGCACC	TRUE
Ches_Sa_TCGGTAACATTAGCCA	Ches_Sa	TCGGTAACATTAGCCA	Ches	SRR11008273	273_TCGGTAACATTAGCCA	TRUE
Ches_Sa_TCGTACCCAACAACCT	Ches_Sa	TCGTACCCAACAACCT	Ches	SRR11008273	273_TCGTACCCAACAACCT	TRUE
Ches_Sa_TCGTACCCAACACCTA	Ches_Sa	TCGTACCCAACACCTA	Ches	SRR11008273	273_TCGTACCCAACACCTA	TRUE
Ches_Sa_TCGTACCGTGGCGAAT	Ches_Sa	TCGTACCGTGGCGAAT	Ches	SRR11008273	273_TCGTACCGTGGCGAAT	TRUE
Ches_Sa_TCTCATAAGTTACCCA	Ches_Sa	TCTCATAAGTTACCCA	Ches	SRR11008273	273_TCTCATAAGTTACCCA	FALSE
Ches_Sa_TCTCTAAGTAGATTAG	Ches_Sa	TCTCTAAGTAGATTAG	Ches	SRR11008273	273_TCTCTAAGTAGATTAG	TRUE
Ches_Sa_TCTGAGAGTCACTGGC	Ches_Sa	TCTGAGAGTCACTGGC	Ches	SRR11008273	273_TCTGAGAGTCACTGGC	TRUE
Ches_Sa_TGAGAGGAGGGTGTTG	Ches_Sa	TGAGAGGAGGGTGTTG	Ches	SRR11008273	273_TGAGAGGAGGGTGTTG	TRUE
Ches_Sa_TGAGCCGTCTAACCGA	Ches_Sa	TGAGCCGTCTAACCGA	Ches	SRR11008273	273_TGAGCCGTCTAACCGA	TRUE
Ches_Sa_TGCCCTACAGTTCATG	Ches_Sa	TGCCCTACAGTTCATG	Ches	SRR11008273	273_TGCCCTACAGTTCATG	TRUE
Ches_Sa_TGCGCAGAGAAACGAG	Ches_Sa	TGCGCAGAGAAACGAG	Ches	SRR11008273	273_TGCGCAGAGAAACGAG	TRUE
Ches_Sa_TGCGCAGCACTTCGAA	Ches_Sa	TGCGCAGCACTTCGAA	Ches	SRR11008273	273_TGCGCAGCACTTCGAA	TRUE
Ches_Sa_TGCTGCTCATGGATGG	Ches_Sa	TGCTGCTCATGGATGG	Ches	SRR11008273	273_TGCTGCTCATGGATGG	TRUE
Ches_Sa_TGGCCAGCACTGTGTA	Ches_Sa	TGGCCAGCACTGTGTA	Ches	SRR11008273	273_TGGCCAGCACTGTGTA	TRUE
Ches_Sa_TGGCCAGGTGCATCTA	Ches_Sa	TGGCCAGGTGCATCTA	Ches	SRR11008273	273_TGGCCAGGTGCATCTA	TRUE
Ches_Sa_TGTATTCCATCGGAAG	Ches_Sa	TGTATTCCATCGGAAG	Ches	SRR11008273	273_TGTATTCCATCGGAAG	TRUE
Ches_Sa_TGTGTTTTCTTCTGGC	Ches_Sa	TGTGTTTTCTTCTGGC	Ches	SRR11008273	273_TGTGTTTTCTTCTGGC	TRUE
Ches_Sa_TTAGGCAAGCCTTGAT	Ches_Sa	TTAGGCAAGCCTTGAT	Ches	SRR11008273	273_TTAGGCAAGCCTTGAT	FALSE
Ches_Sa_TTAGGCAGTCATCCCT	Ches_Sa	TTAGGCAGTCATCCCT	Ches	SRR11008273	273_TTAGGCAGTCATCCCT	TRUE
Ches_Sa_TTATGCTTCCTTAATC	Ches_Sa	TTATGCTTCCTTAATC	Ches	SRR11008273	273_TTATGCTTCCTTAATC	TRUE
Ches_Sa_TTCCCAGTCTTATCTG	Ches_Sa	TTCCCAGTCTTATCTG	Ches	SRR11008273	273_TTCCCAGTCTTATCTG	TRUE
Ches_Sa_TTCGAAGAGCACCGCT	Ches_Sa	TTCGAAGAGCACCGCT	Ches	SRR11008273	273_TTCGAAGAGCACCGCT	TRUE
Ches_Sa_TTCGGTCTCCAGATCA	Ches_Sa	TTCGGTCTCCAGATCA	Ches	SRR11008273	273_TTCGGTCTCCAGATCA	TRUE
Ches_Sa_TTCGGTCTCCTCGCAT	Ches_Sa	TTCGGTCTCCTCGCAT	Ches	SRR11008273	273_TTCGGTCTCCTCGCAT	TRUE
Ches_Sa_TTCTCAAAGGACGAAA	Ches_Sa	TTCTCAAAGGACGAAA	Ches	SRR11008273	273_TTCTCAAAGGACGAAA	TRUE
Ches_Sa_TTCTTAGGTGCTAGCC	Ches_Sa	TTCTTAGGTGCTAGCC	Ches	SRR11008273	273_TTCTTAGGTGCTAGCC	TRUE
Ches_Sa_TTCTTAGTCACCGGGT	Ches_Sa	TTCTTAGTCACCGGGT	Ches	SRR11008273	273_TTCTTAGTCACCGGGT	TRUE
Ches_Sa_TTGAACGAGACCCACC	Ches_Sa	TTGAACGAGACCCACC	Ches	SRR11008273	273_TTGAACGAGACCCACC	TRUE
Ches_Sa_TTGAACGTCATGTCCC	Ches_Sa	TTGAACGTCATGTCCC	Ches	SRR11008273	273_TTGAACGTCATGTCCC	FALSE
Ches_Sa_TTGAACGTCTGGCGTG	Ches_Sa	TTGAACGTCTGGCGTG	Ches	SRR11008273	273_TTGAACGTCTGGCGTG	TRUE
Ches_Sa_TTGCCGTAGAAGAAGC	Ches_Sa	TTGCCGTAGAAGAAGC	Ches	SRR11008273	273_TTGCCGTAGAAGAAGC	TRUE
Ches_Sa_TTGCCGTTCTTCTGGC	Ches_Sa	TTGCCGTTCTTCTGGC	Ches	SRR11008273	273_TTGCCGTTCTTCTGGC	TRUE
Ches_Sa_TTGCGTCCAACGCACC	Ches_Sa	TTGCGTCCAACGCACC	Ches	SRR11008273	273_TTGCGTCCAACGCACC	TRUE
Ches_Sa_TTGGAACGTTAAGACA	Ches_Sa	TTGGAACGTTAAGACA	Ches	SRR11008273	273_TTGGAACGTTAAGACA	TRUE
Ches_Sa_TTGGAACTCTGTCAAG	Ches_Sa	TTGGAACTCTGTCAAG	Ches	SRR11008273	273_TTGGAACTCTGTCAAG	TRUE
Ches_Sa_TTGGCAACACATAACC	Ches_Sa	TTGGCAACACATAACC	Ches	SRR11008273	273_TTGGCAACACATAACC	TRUE
Ches_Sa_TTTACTGTCCGTACAA	Ches_Sa	TTTACTGTCCGTACAA	Ches	SRR11008273	273_TTTACTGTCCGTACAA	TRUE
Ches_Sa_TTTGTCATCTTAGAGC	Ches_Sa	TTTGTCATCTTAGAGC	Ches	SRR11008273	273_TTTGTCATCTTAGAGC	TRUE
NIH_Ao_AAACCTGCACGACTCG	NIH_Ao	AAACCTGCACGACTCG	NIH	SRR11008271	271_AAACCTGCACGACTCG	TRUE
NIH_Ao_AAACCTGGTCGACTGC	NIH_Ao	AAACCTGGTCGACTGC	NIH	SRR11008271	271_AAACCTGGTCGACTGC	TRUE
NIH_Ao_AAACCTGGTCTTCAAG	NIH_Ao	AAACCTGGTCTTCAAG	NIH	SRR11008271	271_AAACCTGGTCTTCAAG	TRUE
NIH_Ao_AAACCTGTCTTGAGAC	NIH_Ao	AAACCTGTCTTGAGAC	NIH	SRR11008271	271_AAACCTGTCTTGAGAC	TRUE
NIH_Ao_AAACGGGCAAACCCAT	NIH_Ao	AAACGGGCAAACCCAT	NIH	SRR11008271	271_AAACGGGCAAACCCAT	TRUE
NIH_Ao_AAACGGGCAACACGCC	NIH_Ao	AAACGGGCAACACGCC	NIH	SRR11008271	271_AAACGGGCAACACGCC	FALSE
NIH_Ao_AAACGGGCACCAGTTA	NIH_Ao	AAACGGGCACCAGTTA	NIH	SRR11008271	271_AAACGGGCACCAGTTA	TRUE
NIH_Ao_AAACGGGCAGCCACCA	NIH_Ao	AAACGGGCAGCCACCA	NIH	SRR11008271	271_AAACGGGCAGCCACCA	TRUE
NIH_Ao_AAACGGGGTTTAGCTG	NIH_Ao	AAACGGGGTTTAGCTG	NIH	SRR11008271	271_AAACGGGGTTTAGCTG	TRUE
NIH_Ao_AAACGGGTCATGGTCA	NIH_Ao	AAACGGGTCATGGTCA	NIH	SRR11008271	271_AAACGGGTCATGGTCA	TRUE
NIH_Ao_AAAGATGAGCAGCGTA	NIH_Ao	AAAGATGAGCAGCGTA	NIH	SRR11008271	271_AAAGATGAGCAGCGTA	FALSE
NIH_Ao_AAAGATGAGGATCGCA	NIH_Ao	AAAGATGAGGATCGCA	NIH	SRR11008271	271_AAAGATGAGGATCGCA	TRUE
NIH_Ao_AAAGATGCATACAGCT	NIH_Ao	AAAGATGCATACAGCT	NIH	SRR11008271	271_AAAGATGCATACAGCT	TRUE
NIH_Ao_AAAGATGGTCCAGTGC	NIH_Ao	AAAGATGGTCCAGTGC	NIH	SRR11008271	271_AAAGATGGTCCAGTGC	TRUE
NIH_Ao_AAAGATGTCAGCAACT	NIH_Ao	AAAGATGTCAGCAACT	NIH	SRR11008271	271_AAAGATGTCAGCAACT	TRUE
NIH_Ao_AAAGATGTCCATGAAC	NIH_Ao	AAAGATGTCCATGAAC	NIH	SRR11008271	271_AAAGATGTCCATGAAC	TRUE
NIH_Ao_AAAGATGTCTTGCAAG	NIH_Ao	AAAGATGTCTTGCAAG	NIH	SRR11008271	271_AAAGATGTCTTGCAAG	TRUE
NIH_Ao_AAAGCAACAATGGATA	NIH_Ao	AAAGCAACAATGGATA	NIH	SRR11008271	271_AAAGCAACAATGGATA	TRUE
NIH_Ao_AAAGCAACATGAGCGA	NIH_Ao	AAAGCAACATGAGCGA	NIH	SRR11008271	271_AAAGCAACATGAGCGA	TRUE
NIH_Ao_AAAGTAGAGAACTCGG	NIH_Ao	AAAGTAGAGAACTCGG	NIH	SRR11008271	271_AAAGTAGAGAACTCGG	TRUE
NIH_Ao_AAAGTAGAGGAGCGAG	NIH_Ao	AAAGTAGAGGAGCGAG	NIH	SRR11008271	271_AAAGTAGAGGAGCGAG	TRUE
NIH_Ao_AAAGTAGCAATGGTCT	NIH_Ao	AAAGTAGCAATGGTCT	NIH	SRR11008271	271_AAAGTAGCAATGGTCT	TRUE
NIH_Ao_AAAGTAGGTTATCGGT	NIH_Ao	AAAGTAGGTTATCGGT	NIH	SRR11008271	271_AAAGTAGGTTATCGGT	TRUE
NIH_Ao_AAAGTAGGTTGACGTT	NIH_Ao	AAAGTAGGTTGACGTT	NIH	SRR11008271	271_AAAGTAGGTTGACGTT	TRUE
NIH_Ao_AAAGTAGTCCTTGGTC	NIH_Ao	AAAGTAGTCCTTGGTC	NIH	SRR11008271	271_AAAGTAGTCCTTGGTC	TRUE
NIH_Ao_AAATGCCGTGACGCCT	NIH_Ao	AAATGCCGTGACGCCT	NIH	SRR11008271	271_AAATGCCGTGACGCCT	TRUE
NIH_Ao_AACACGTAGATGGGTC	NIH_Ao	AACACGTAGATGGGTC	NIH	SRR11008271	271_AACACGTAGATGGGTC	TRUE
NIH_Ao_AACACGTAGCGATAGC	NIH_Ao	AACACGTAGCGATAGC	NIH	SRR11008271	271_AACACGTAGCGATAGC	TRUE
NIH_Ao_AACACGTCAATAGAGT	NIH_Ao	AACACGTCAATAGAGT	NIH	SRR11008271	271_AACACGTCAATAGAGT	TRUE
NIH_Ao_AACACGTGTGATGCCC	NIH_Ao	AACACGTGTGATGCCC	NIH	SRR11008271	271_AACACGTGTGATGCCC	TRUE
NIH_Ao_AACACGTGTTTGACAC	NIH_Ao	AACACGTGTTTGACAC	NIH	SRR11008271	271_AACACGTGTTTGACAC	TRUE
NIH_Ao_AACACGTTCATGGTCA	NIH_Ao	AACACGTTCATGGTCA	NIH	SRR11008271	271_AACACGTTCATGGTCA	TRUE
NIH_Ao_AACCATGAGCGTCAAG	NIH_Ao	AACCATGAGCGTCAAG	NIH	SRR11008271	271_AACCATGAGCGTCAAG	TRUE
NIH_Ao_AACCATGAGTCCTCCT	NIH_Ao	AACCATGAGTCCTCCT	NIH	SRR11008271	271_AACCATGAGTCCTCCT	TRUE
NIH_Ao_AACCATGCAGGTCCAC	NIH_Ao	AACCATGCAGGTCCAC	NIH	SRR11008271	271_AACCATGCAGGTCCAC	TRUE
NIH_Ao_AACCATGGTAAGGATT	NIH_Ao	AACCATGGTAAGGATT	NIH	SRR11008271	271_AACCATGGTAAGGATT	TRUE
NIH_Ao_AACCGCGAGAGGGCTT	NIH_Ao	AACCGCGAGAGGGCTT	NIH	SRR11008271	271_AACCGCGAGAGGGCTT	TRUE
NIH_Ao_AACCGCGGTCTCGTTC	NIH_Ao	AACCGCGGTCTCGTTC	NIH	SRR11008271	271_AACCGCGGTCTCGTTC	TRUE
NIH_Ao_AACGTTGAGGACCACA	NIH_Ao	AACGTTGAGGACCACA	NIH	SRR11008271	271_AACGTTGAGGACCACA	TRUE
NIH_Ao_AACGTTGAGTGTGAAT	NIH_Ao	AACGTTGAGTGTGAAT	NIH	SRR11008271	271_AACGTTGAGTGTGAAT	TRUE
NIH_Ao_AACGTTGCACCCTATC	NIH_Ao	AACGTTGCACCCTATC	NIH	SRR11008271	271_AACGTTGCACCCTATC	TRUE
NIH_Ao_AACTCAGAGAGGGATA	NIH_Ao	AACTCAGAGAGGGATA	NIH	SRR11008271	271_AACTCAGAGAGGGATA	TRUE
NIH_Ao_AACTCAGAGCGAGAAA	NIH_Ao	AACTCAGAGCGAGAAA	NIH	SRR11008271	271_AACTCAGAGCGAGAAA	TRUE
NIH_Ao_AACTCAGCAACACCCG	NIH_Ao	AACTCAGCAACACCCG	NIH	SRR11008271	271_AACTCAGCAACACCCG	TRUE
NIH_Ao_AACTCAGGTCGACTAT	NIH_Ao	AACTCAGGTCGACTAT	NIH	SRR11008271	271_AACTCAGGTCGACTAT	TRUE
NIH_Ao_AACTCAGTCTGTGCAA	NIH_Ao	AACTCAGTCTGTGCAA	NIH	SRR11008271	271_AACTCAGTCTGTGCAA	TRUE
NIH_Ao_AACTCCCAGACCCACC	NIH_Ao	AACTCCCAGACCCACC	NIH	SRR11008271	271_AACTCCCAGACCCACC	TRUE
NIH_Ao_AACTCCCAGCTATGCT	NIH_Ao	AACTCCCAGCTATGCT	NIH	SRR11008271	271_AACTCCCAGCTATGCT	TRUE
NIH_Ao_AACTCCCAGTGAACGC	NIH_Ao	AACTCCCAGTGAACGC	NIH	SRR11008271	271_AACTCCCAGTGAACGC	TRUE
NIH_Ao_AACTCCCCACCAGGCT	NIH_Ao	AACTCCCCACCAGGCT	NIH	SRR11008271	271_AACTCCCCACCAGGCT	TRUE
NIH_Ao_AACTCCCTCAGCTCTC	NIH_Ao	AACTCCCTCAGCTCTC	NIH	SRR11008271	271_AACTCCCTCAGCTCTC	TRUE
NIH_Ao_AACTCTTCACTTCGAA	NIH_Ao	AACTCTTCACTTCGAA	NIH	SRR11008271	271_AACTCTTCACTTCGAA	TRUE
NIH_Ao_AACTCTTGTTGCCTCT	NIH_Ao	AACTCTTGTTGCCTCT	NIH	SRR11008271	271_AACTCTTGTTGCCTCT	TRUE
NIH_Ao_AACTGGTAGCAAATCA	NIH_Ao	AACTGGTAGCAAATCA	NIH	SRR11008271	271_AACTGGTAGCAAATCA	TRUE
NIH_Ao_AACTGGTAGCAATATG	NIH_Ao	AACTGGTAGCAATATG	NIH	SRR11008271	271_AACTGGTAGCAATATG	TRUE
NIH_Ao_AACTGGTAGCTGTCTA	NIH_Ao	AACTGGTAGCTGTCTA	NIH	SRR11008271	271_AACTGGTAGCTGTCTA	TRUE
NIH_Ao_AACTGGTAGTAGCCGA	NIH_Ao	AACTGGTAGTAGCCGA	NIH	SRR11008271	271_AACTGGTAGTAGCCGA	TRUE
NIH_Ao_AACTGGTCAAGTTAAG	NIH_Ao	AACTGGTCAAGTTAAG	NIH	SRR11008271	271_AACTGGTCAAGTTAAG	TRUE
NIH_Ao_AACTGGTCACAGTCGC	NIH_Ao	AACTGGTCACAGTCGC	NIH	SRR11008271	271_AACTGGTCACAGTCGC	TRUE
NIH_Ao_AACTGGTGTAGCACGA	NIH_Ao	AACTGGTGTAGCACGA	NIH	SRR11008271	271_AACTGGTGTAGCACGA	TRUE
NIH_Ao_AACTGGTGTTGAGTTC	NIH_Ao	AACTGGTGTTGAGTTC	NIH	SRR11008271	271_AACTGGTGTTGAGTTC	TRUE
NIH_Ao_AACTTTCTCCAAGTAC	NIH_Ao	AACTTTCTCCAAGTAC	NIH	SRR11008271	271_AACTTTCTCCAAGTAC	TRUE
NIH_Ao_AAGACCTAGGATTCGG	NIH_Ao	AAGACCTAGGATTCGG	NIH	SRR11008271	271_AAGACCTAGGATTCGG	TRUE
NIH_Ao_AAGACCTGTAAGTGTA	NIH_Ao	AAGACCTGTAAGTGTA	NIH	SRR11008271	271_AAGACCTGTAAGTGTA	TRUE
NIH_Ao_AAGACCTGTCTCTTAT	NIH_Ao	AAGACCTGTCTCTTAT	NIH	SRR11008271	271_AAGACCTGTCTCTTAT	TRUE
NIH_Ao_AAGACCTGTGAGTGAC	NIH_Ao	AAGACCTGTGAGTGAC	NIH	SRR11008271	271_AAGACCTGTGAGTGAC	TRUE
NIH_Ao_AAGACCTTCACGCGGT	NIH_Ao	AAGACCTTCACGCGGT	NIH	SRR11008271	271_AAGACCTTCACGCGGT	TRUE
NIH_Ao_AAGCCGCCAAGTCTGT	NIH_Ao	AAGCCGCCAAGTCTGT	NIH	SRR11008271	271_AAGCCGCCAAGTCTGT	TRUE
NIH_Ao_AAGCCGCGTAAGTAGT	NIH_Ao	AAGCCGCGTAAGTAGT	NIH	SRR11008271	271_AAGCCGCGTAAGTAGT	TRUE
NIH_Ao_AAGCCGCGTTGCTCCT	NIH_Ao	AAGCCGCGTTGCTCCT	NIH	SRR11008271	271_AAGCCGCGTTGCTCCT	TRUE
NIH_Ao_AAGGAGCCACGAGGTA	NIH_Ao	AAGGAGCCACGAGGTA	NIH	SRR11008271	271_AAGGAGCCACGAGGTA	TRUE
NIH_Ao_AAGGAGCTCGAGAGCA	NIH_Ao	AAGGAGCTCGAGAGCA	NIH	SRR11008271	271_AAGGAGCTCGAGAGCA	TRUE
NIH_Ao_AAGGCAGAGGACATTA	NIH_Ao	AAGGCAGAGGACATTA	NIH	SRR11008271	271_AAGGCAGAGGACATTA	TRUE
NIH_Ao_AAGGCAGGTATGAAAC	NIH_Ao	AAGGCAGGTATGAAAC	NIH	SRR11008271	271_AAGGCAGGTATGAAAC	FALSE
NIH_Ao_AAGGCAGTCTGGCGAC	NIH_Ao	AAGGCAGTCTGGCGAC	NIH	SRR11008271	271_AAGGCAGTCTGGCGAC	TRUE
NIH_Ao_AAGGTTCAGAGGACGG	NIH_Ao	AAGGTTCAGAGGACGG	NIH	SRR11008271	271_AAGGTTCAGAGGACGG	TRUE
NIH_Ao_AAGGTTCCACGGCGTT	NIH_Ao	AAGGTTCCACGGCGTT	NIH	SRR11008271	271_AAGGTTCCACGGCGTT	TRUE
NIH_Ao_AAGGTTCCAGGACCCT	NIH_Ao	AAGGTTCCAGGACCCT	NIH	SRR11008271	271_AAGGTTCCAGGACCCT	TRUE
NIH_Ao_AAGGTTCTCAGCTGGC	NIH_Ao	AAGGTTCTCAGCTGGC	NIH	SRR11008271	271_AAGGTTCTCAGCTGGC	TRUE
NIH_Ao_AAGTCTGAGTGGTCCC	NIH_Ao	AAGTCTGAGTGGTCCC	NIH	SRR11008271	271_AAGTCTGAGTGGTCCC	TRUE
NIH_Ao_AATCCAGGTCTAGGTT	NIH_Ao	AATCCAGGTCTAGGTT	NIH	SRR11008271	271_AATCCAGGTCTAGGTT	TRUE
NIH_Ao_AATCCAGGTGAGGGAG	NIH_Ao	AATCCAGGTGAGGGAG	NIH	SRR11008271	271_AATCCAGGTGAGGGAG	TRUE
NIH_Ao_AATCCAGGTTCCGTCT	NIH_Ao	AATCCAGGTTCCGTCT	NIH	SRR11008271	271_AATCCAGGTTCCGTCT	TRUE
NIH_Ao_AATCGGTAGAAAGTGG	NIH_Ao	AATCGGTAGAAAGTGG	NIH	SRR11008271	271_AATCGGTAGAAAGTGG	TRUE
NIH_Ao_AATCGGTAGACTAGGC	NIH_Ao	AATCGGTAGACTAGGC	NIH	SRR11008271	271_AATCGGTAGACTAGGC	TRUE
NIH_Ao_AATCGGTCAAGTCTAC	NIH_Ao	AATCGGTCAAGTCTAC	NIH	SRR11008271	271_AATCGGTCAAGTCTAC	TRUE
NIH_Ao_AATCGGTCAGATAATG	NIH_Ao	AATCGGTCAGATAATG	NIH	SRR11008271	271_AATCGGTCAGATAATG	TRUE
NIH_Ao_AATCGGTGTACTCTCC	NIH_Ao	AATCGGTGTACTCTCC	NIH	SRR11008271	271_AATCGGTGTACTCTCC	TRUE
NIH_Ao_AATCGGTGTGCAGACA	NIH_Ao	AATCGGTGTGCAGACA	NIH	SRR11008271	271_AATCGGTGTGCAGACA	TRUE
NIH_Ao_AATCGGTTCAACACTG	NIH_Ao	AATCGGTTCAACACTG	NIH	SRR11008271	271_AATCGGTTCAACACTG	TRUE
NIH_Ao_AATCGGTTCTTGGGTA	NIH_Ao	AATCGGTTCTTGGGTA	NIH	SRR11008271	271_AATCGGTTCTTGGGTA	TRUE
NIH_Ao_ACACCAAAGATGTTAG	NIH_Ao	ACACCAAAGATGTTAG	NIH	SRR11008271	271_ACACCAAAGATGTTAG	TRUE
NIH_Ao_ACACCAAAGGACACCA	NIH_Ao	ACACCAAAGGACACCA	NIH	SRR11008271	271_ACACCAAAGGACACCA	TRUE
NIH_Ao_ACACCAAAGGATTCGG	NIH_Ao	ACACCAAAGGATTCGG	NIH	SRR11008271	271_ACACCAAAGGATTCGG	TRUE
NIH_Ao_ACACCAAGTAAGGGCT	NIH_Ao	ACACCAAGTAAGGGCT	NIH	SRR11008271	271_ACACCAAGTAAGGGCT	TRUE
NIH_Ao_ACACCAAGTTACCGAT	NIH_Ao	ACACCAAGTTACCGAT	NIH	SRR11008271	271_ACACCAAGTTACCGAT	TRUE
NIH_Ao_ACACCAATCCCATTTA	NIH_Ao	ACACCAATCCCATTTA	NIH	SRR11008271	271_ACACCAATCCCATTTA	TRUE
NIH_Ao_ACACCAATCTGGTGTA	NIH_Ao	ACACCAATCTGGTGTA	NIH	SRR11008271	271_ACACCAATCTGGTGTA	TRUE
NIH_Ao_ACACCCTTCACCATAG	NIH_Ao	ACACCCTTCACCATAG	NIH	SRR11008271	271_ACACCCTTCACCATAG	TRUE
NIH_Ao_ACACCCTTCGATCCCT	NIH_Ao	ACACCCTTCGATCCCT	NIH	SRR11008271	271_ACACCCTTCGATCCCT	TRUE
NIH_Ao_ACACCCTTCTCTGTCG	NIH_Ao	ACACCCTTCTCTGTCG	NIH	SRR11008271	271_ACACCCTTCTCTGTCG	TRUE
NIH_Ao_ACACCGGAGAGCTGCA	NIH_Ao	ACACCGGAGAGCTGCA	NIH	SRR11008271	271_ACACCGGAGAGCTGCA	TRUE
NIH_Ao_ACACCGGCAACTGGCC	NIH_Ao	ACACCGGCAACTGGCC	NIH	SRR11008271	271_ACACCGGCAACTGGCC	TRUE
NIH_Ao_ACACCGGGTCCTAGCG	NIH_Ao	ACACCGGGTCCTAGCG	NIH	SRR11008271	271_ACACCGGGTCCTAGCG	TRUE
NIH_Ao_ACACCGGGTGGACGAT	NIH_Ao	ACACCGGGTGGACGAT	NIH	SRR11008271	271_ACACCGGGTGGACGAT	TRUE
NIH_Ao_ACACCGGTCAGGCAAG	NIH_Ao	ACACCGGTCAGGCAAG	NIH	SRR11008271	271_ACACCGGTCAGGCAAG	TRUE
NIH_Ao_ACACCGGTCTCGTTTA	NIH_Ao	ACACCGGTCTCGTTTA	NIH	SRR11008271	271_ACACCGGTCTCGTTTA	TRUE
NIH_Ao_ACACCGGTCTGCTGTC	NIH_Ao	ACACCGGTCTGCTGTC	NIH	SRR11008271	271_ACACCGGTCTGCTGTC	TRUE
NIH_Ao_ACACTGAAGCGGATCA	NIH_Ao	ACACTGAAGCGGATCA	NIH	SRR11008271	271_ACACTGAAGCGGATCA	TRUE
NIH_Ao_ACACTGAAGCTAGTTC	NIH_Ao	ACACTGAAGCTAGTTC	NIH	SRR11008271	271_ACACTGAAGCTAGTTC	TRUE
NIH_Ao_ACACTGACAAGCGAGT	NIH_Ao	ACACTGACAAGCGAGT	NIH	SRR11008271	271_ACACTGACAAGCGAGT	TRUE
NIH_Ao_ACACTGACATGATCCA	NIH_Ao	ACACTGACATGATCCA	NIH	SRR11008271	271_ACACTGACATGATCCA	TRUE
NIH_Ao_ACACTGAGTCGTGGCT	NIH_Ao	ACACTGAGTCGTGGCT	NIH	SRR11008271	271_ACACTGAGTCGTGGCT	TRUE
NIH_Ao_ACACTGAGTTAGTGGG	NIH_Ao	ACACTGAGTTAGTGGG	NIH	SRR11008271	271_ACACTGAGTTAGTGGG	TRUE
NIH_Ao_ACAGCCGAGATAGTCA	NIH_Ao	ACAGCCGAGATAGTCA	NIH	SRR11008271	271_ACAGCCGAGATAGTCA	TRUE
NIH_Ao_ACAGCCGCAAAGTCAA	NIH_Ao	ACAGCCGCAAAGTCAA	NIH	SRR11008271	271_ACAGCCGCAAAGTCAA	TRUE
NIH_Ao_ACAGCCGGTCCATGAT	NIH_Ao	ACAGCCGGTCCATGAT	NIH	SRR11008271	271_ACAGCCGGTCCATGAT	TRUE
NIH_Ao_ACAGCCGTCATCTGCC	NIH_Ao	ACAGCCGTCATCTGCC	NIH	SRR11008271	271_ACAGCCGTCATCTGCC	TRUE
NIH_Ao_ACAGCCGTCTGCGACG	NIH_Ao	ACAGCCGTCTGCGACG	NIH	SRR11008271	271_ACAGCCGTCTGCGACG	TRUE
NIH_Ao_ACAGCTAAGAGTCGGT	NIH_Ao	ACAGCTAAGAGTCGGT	NIH	SRR11008271	271_ACAGCTAAGAGTCGGT	TRUE
NIH_Ao_ACAGCTACACAGGAGT	NIH_Ao	ACAGCTACACAGGAGT	NIH	SRR11008271	271_ACAGCTACACAGGAGT	TRUE
NIH_Ao_ACAGCTACACCCATTC	NIH_Ao	ACAGCTACACCCATTC	NIH	SRR11008271	271_ACAGCTACACCCATTC	TRUE
NIH_Ao_ACAGCTACATCCGTGG	NIH_Ao	ACAGCTACATCCGTGG	NIH	SRR11008271	271_ACAGCTACATCCGTGG	TRUE
NIH_Ao_ACAGCTATCACCATAG	NIH_Ao	ACAGCTATCACCATAG	NIH	SRR11008271	271_ACAGCTATCACCATAG	TRUE
NIH_Ao_ACATACGCAGCCTGTG	NIH_Ao	ACATACGCAGCCTGTG	NIH	SRR11008271	271_ACATACGCAGCCTGTG	TRUE
NIH_Ao_ACATACGGTACCGTAT	NIH_Ao	ACATACGGTACCGTAT	NIH	SRR11008271	271_ACATACGGTACCGTAT	TRUE
NIH_Ao_ACATACGTCACCGTAA	NIH_Ao	ACATACGTCACCGTAA	NIH	SRR11008271	271_ACATACGTCACCGTAA	TRUE
NIH_Ao_ACATACGTCCTCTAGC	NIH_Ao	ACATACGTCCTCTAGC	NIH	SRR11008271	271_ACATACGTCCTCTAGC	TRUE
NIH_Ao_ACATCAGCAGCTCGCA	NIH_Ao	ACATCAGCAGCTCGCA	NIH	SRR11008271	271_ACATCAGCAGCTCGCA	TRUE
NIH_Ao_ACATCAGGTCATACTG	NIH_Ao	ACATCAGGTCATACTG	NIH	SRR11008271	271_ACATCAGGTCATACTG	TRUE
NIH_Ao_ACATCAGGTGTTCTTT	NIH_Ao	ACATCAGGTGTTCTTT	NIH	SRR11008271	271_ACATCAGGTGTTCTTT	TRUE
NIH_Ao_ACATCAGTCTCGCTTG	NIH_Ao	ACATCAGTCTCGCTTG	NIH	SRR11008271	271_ACATCAGTCTCGCTTG	TRUE
NIH_Ao_ACATGGTCACCTCGGA	NIH_Ao	ACATGGTCACCTCGGA	NIH	SRR11008271	271_ACATGGTCACCTCGGA	TRUE
NIH_Ao_ACATGGTCACTGTGTA	NIH_Ao	ACATGGTCACTGTGTA	NIH	SRR11008271	271_ACATGGTCACTGTGTA	TRUE
NIH_Ao_ACATGGTGTAAACGCG	NIH_Ao	ACATGGTGTAAACGCG	NIH	SRR11008271	271_ACATGGTGTAAACGCG	TRUE
NIH_Ao_ACCAGTAAGATATGGT	NIH_Ao	ACCAGTAAGATATGGT	NIH	SRR11008271	271_ACCAGTAAGATATGGT	TRUE
NIH_Ao_ACCAGTAAGCTGATAA	NIH_Ao	ACCAGTAAGCTGATAA	NIH	SRR11008271	271_ACCAGTAAGCTGATAA	TRUE
NIH_Ao_ACCAGTACACCAGCAC	NIH_Ao	ACCAGTACACCAGCAC	NIH	SRR11008271	271_ACCAGTACACCAGCAC	TRUE
NIH_Ao_ACCAGTAGTAGGAGTC	NIH_Ao	ACCAGTAGTAGGAGTC	NIH	SRR11008271	271_ACCAGTAGTAGGAGTC	TRUE
NIH_Ao_ACCAGTAGTCCAACTA	NIH_Ao	ACCAGTAGTCCAACTA	NIH	SRR11008271	271_ACCAGTAGTCCAACTA	TRUE
NIH_Ao_ACCAGTAGTCGAGATG	NIH_Ao	ACCAGTAGTCGAGATG	NIH	SRR11008271	271_ACCAGTAGTCGAGATG	TRUE
NIH_Ao_ACCAGTAGTGACAAAT	NIH_Ao	ACCAGTAGTGACAAAT	NIH	SRR11008271	271_ACCAGTAGTGACAAAT	TRUE
NIH_Ao_ACCAGTATCGAGAACG	NIH_Ao	ACCAGTATCGAGAACG	NIH	SRR11008271	271_ACCAGTATCGAGAACG	TRUE
NIH_Ao_ACCAGTATCTAACTCT	NIH_Ao	ACCAGTATCTAACTCT	NIH	SRR11008271	271_ACCAGTATCTAACTCT	TRUE
NIH_Ao_ACCAGTATCTGTCCGT	NIH_Ao	ACCAGTATCTGTCCGT	NIH	SRR11008271	271_ACCAGTATCTGTCCGT	FALSE
NIH_Ao_ACCCACTAGAAACCGC	NIH_Ao	ACCCACTAGAAACCGC	NIH	SRR11008271	271_ACCCACTAGAAACCGC	TRUE
NIH_Ao_ACCCACTAGATGTGGC	NIH_Ao	ACCCACTAGATGTGGC	NIH	SRR11008271	271_ACCCACTAGATGTGGC	TRUE
NIH_Ao_ACCCACTAGTTGAGAT	NIH_Ao	ACCCACTAGTTGAGAT	NIH	SRR11008271	271_ACCCACTAGTTGAGAT	TRUE
NIH_Ao_ACCCACTCACCGCTAG	NIH_Ao	ACCCACTCACCGCTAG	NIH	SRR11008271	271_ACCCACTCACCGCTAG	TRUE
NIH_Ao_ACCCACTCATCGACGC	NIH_Ao	ACCCACTCATCGACGC	NIH	SRR11008271	271_ACCCACTCATCGACGC	TRUE
NIH_Ao_ACCCACTTCGGGAGTA	NIH_Ao	ACCCACTTCGGGAGTA	NIH	SRR11008271	271_ACCCACTTCGGGAGTA	TRUE
NIH_Ao_ACCGTAAAGGAGTCTG	NIH_Ao	ACCGTAAAGGAGTCTG	NIH	SRR11008271	271_ACCGTAAAGGAGTCTG	TRUE
NIH_Ao_ACCGTAAAGGCTACGA	NIH_Ao	ACCGTAAAGGCTACGA	NIH	SRR11008271	271_ACCGTAAAGGCTACGA	TRUE
NIH_Ao_ACCGTAACAACACGCC	NIH_Ao	ACCGTAACAACACGCC	NIH	SRR11008271	271_ACCGTAACAACACGCC	TRUE
NIH_Ao_ACCTTTAGTTAAGAAC	NIH_Ao	ACCTTTAGTTAAGAAC	NIH	SRR11008271	271_ACCTTTAGTTAAGAAC	TRUE
NIH_Ao_ACCTTTATCACGCATA	NIH_Ao	ACCTTTATCACGCATA	NIH	SRR11008271	271_ACCTTTATCACGCATA	TRUE
NIH_Ao_ACCTTTATCTTGTACT	NIH_Ao	ACCTTTATCTTGTACT	NIH	SRR11008271	271_ACCTTTATCTTGTACT	TRUE
NIH_Ao_ACGAGCCAGCTGAACG	NIH_Ao	ACGAGCCAGCTGAACG	NIH	SRR11008271	271_ACGAGCCAGCTGAACG	TRUE
NIH_Ao_ACGAGCCTCTGTCAAG	NIH_Ao	ACGAGCCTCTGTCAAG	NIH	SRR11008271	271_ACGAGCCTCTGTCAAG	TRUE
NIH_Ao_ACGAGGAAGACAATAC	NIH_Ao	ACGAGGAAGACAATAC	NIH	SRR11008271	271_ACGAGGAAGACAATAC	TRUE
NIH_Ao_ACGAGGACATGACATC	NIH_Ao	ACGAGGACATGACATC	NIH	SRR11008271	271_ACGAGGACATGACATC	TRUE
NIH_Ao_ACGAGGACATTGGCGC	NIH_Ao	ACGAGGACATTGGCGC	NIH	SRR11008271	271_ACGAGGACATTGGCGC	TRUE
NIH_Ao_ACGAGGAGTCTAACGT	NIH_Ao	ACGAGGAGTCTAACGT	NIH	SRR11008271	271_ACGAGGAGTCTAACGT	TRUE
NIH_Ao_ACGATACCACTTGGAT	NIH_Ao	ACGATACCACTTGGAT	NIH	SRR11008271	271_ACGATACCACTTGGAT	TRUE
NIH_Ao_ACGATACGTCATTAGC	NIH_Ao	ACGATACGTCATTAGC	NIH	SRR11008271	271_ACGATACGTCATTAGC	TRUE
NIH_Ao_ACGATACGTCTTCAAG	NIH_Ao	ACGATACGTCTTCAAG	NIH	SRR11008271	271_ACGATACGTCTTCAAG	TRUE
NIH_Ao_ACGATACTCAGGCAAG	NIH_Ao	ACGATACTCAGGCAAG	NIH	SRR11008271	271_ACGATACTCAGGCAAG	TRUE
NIH_Ao_ACGATGTAGAGCAATT	NIH_Ao	ACGATGTAGAGCAATT	NIH	SRR11008271	271_ACGATGTAGAGCAATT	TRUE
NIH_Ao_ACGATGTGTAAGAGAG	NIH_Ao	ACGATGTGTAAGAGAG	NIH	SRR11008271	271_ACGATGTGTAAGAGAG	TRUE
NIH_Ao_ACGCAGCAGAGCTTCT	NIH_Ao	ACGCAGCAGAGCTTCT	NIH	SRR11008271	271_ACGCAGCAGAGCTTCT	TRUE
NIH_Ao_ACGCAGCCAAGGACAC	NIH_Ao	ACGCAGCCAAGGACAC	NIH	SRR11008271	271_ACGCAGCCAAGGACAC	TRUE
NIH_Ao_ACGCAGCGTAGCTGCC	NIH_Ao	ACGCAGCGTAGCTGCC	NIH	SRR11008271	271_ACGCAGCGTAGCTGCC	TRUE
NIH_Ao_ACGCAGCGTTCCACAA	NIH_Ao	ACGCAGCGTTCCACAA	NIH	SRR11008271	271_ACGCAGCGTTCCACAA	TRUE
NIH_Ao_ACGCAGCGTTCCACGG	NIH_Ao	ACGCAGCGTTCCACGG	NIH	SRR11008271	271_ACGCAGCGTTCCACGG	TRUE
NIH_Ao_ACGCAGCGTTCTGGTA	NIH_Ao	ACGCAGCGTTCTGGTA	NIH	SRR11008271	271_ACGCAGCGTTCTGGTA	TRUE
NIH_Ao_ACGCCAGAGCACAGGT	NIH_Ao	ACGCCAGAGCACAGGT	NIH	SRR11008271	271_ACGCCAGAGCACAGGT	TRUE
NIH_Ao_ACGCCAGAGGGATCTG	NIH_Ao	ACGCCAGAGGGATCTG	NIH	SRR11008271	271_ACGCCAGAGGGATCTG	TRUE
NIH_Ao_ACGCCAGCAGGCGATA	NIH_Ao	ACGCCAGCAGGCGATA	NIH	SRR11008271	271_ACGCCAGCAGGCGATA	TRUE
NIH_Ao_ACGCCAGCATTTCACT	NIH_Ao	ACGCCAGCATTTCACT	NIH	SRR11008271	271_ACGCCAGCATTTCACT	TRUE
NIH_Ao_ACGCCAGGTCGGCACT	NIH_Ao	ACGCCAGGTCGGCACT	NIH	SRR11008271	271_ACGCCAGGTCGGCACT	TRUE
NIH_Ao_ACGCCAGTCTACTATC	NIH_Ao	ACGCCAGTCTACTATC	NIH	SRR11008271	271_ACGCCAGTCTACTATC	TRUE
NIH_Ao_ACGCCAGTCTGTACGA	NIH_Ao	ACGCCAGTCTGTACGA	NIH	SRR11008271	271_ACGCCAGTCTGTACGA	TRUE
NIH_Ao_ACGCCGAAGCCAGTTT	NIH_Ao	ACGCCGAAGCCAGTTT	NIH	SRR11008271	271_ACGCCGAAGCCAGTTT	TRUE
NIH_Ao_ACGCCGAAGCGTTCCG	NIH_Ao	ACGCCGAAGCGTTCCG	NIH	SRR11008271	271_ACGCCGAAGCGTTCCG	TRUE
NIH_Ao_ACGCCGATCGTATCAG	NIH_Ao	ACGCCGATCGTATCAG	NIH	SRR11008271	271_ACGCCGATCGTATCAG	TRUE
NIH_Ao_ACGGAGAGTATGGTTC	NIH_Ao	ACGGAGAGTATGGTTC	NIH	SRR11008271	271_ACGGAGAGTATGGTTC	TRUE
NIH_Ao_ACGGCCAAGCGCTTAT	NIH_Ao	ACGGCCAAGCGCTTAT	NIH	SRR11008271	271_ACGGCCAAGCGCTTAT	TRUE
NIH_Ao_ACGGCCAAGTGGTAAT	NIH_Ao	ACGGCCAAGTGGTAAT	NIH	SRR11008271	271_ACGGCCAAGTGGTAAT	TRUE
NIH_Ao_ACGGCCACACGCTTTC	NIH_Ao	ACGGCCACACGCTTTC	NIH	SRR11008271	271_ACGGCCACACGCTTTC	TRUE
NIH_Ao_ACGGCCACAGGATTGG	NIH_Ao	ACGGCCACAGGATTGG	NIH	SRR11008271	271_ACGGCCACAGGATTGG	FALSE
NIH_Ao_ACGGCCACATGAACCT	NIH_Ao	ACGGCCACATGAACCT	NIH	SRR11008271	271_ACGGCCACATGAACCT	TRUE
NIH_Ao_ACGGCCACATGAGCGA	NIH_Ao	ACGGCCACATGAGCGA	NIH	SRR11008271	271_ACGGCCACATGAGCGA	TRUE
NIH_Ao_ACGGCCATCTCCAACC	NIH_Ao	ACGGCCATCTCCAACC	NIH	SRR11008271	271_ACGGCCATCTCCAACC	TRUE
NIH_Ao_ACGGGCTAGAACAACT	NIH_Ao	ACGGGCTAGAACAACT	NIH	SRR11008271	271_ACGGGCTAGAACAACT	TRUE
NIH_Ao_ACGGGCTAGACTTGAA	NIH_Ao	ACGGGCTAGACTTGAA	NIH	SRR11008271	271_ACGGGCTAGACTTGAA	TRUE
NIH_Ao_ACGGGCTAGTGTACTC	NIH_Ao	ACGGGCTAGTGTACTC	NIH	SRR11008271	271_ACGGGCTAGTGTACTC	TRUE
NIH_Ao_ACGGGCTCACAGATTC	NIH_Ao	ACGGGCTCACAGATTC	NIH	SRR11008271	271_ACGGGCTCACAGATTC	TRUE
NIH_Ao_ACGGGCTGTCACCCAG	NIH_Ao	ACGGGCTGTCACCCAG	NIH	SRR11008271	271_ACGGGCTGTCACCCAG	TRUE
NIH_Ao_ACGGGCTGTCTCGTTC	NIH_Ao	ACGGGCTGTCTCGTTC	NIH	SRR11008271	271_ACGGGCTGTCTCGTTC	TRUE
NIH_Ao_ACGGGTCAGTACGACG	NIH_Ao	ACGGGTCAGTACGACG	NIH	SRR11008271	271_ACGGGTCAGTACGACG	TRUE
NIH_Ao_ACGTCAAAGAGTGAGA	NIH_Ao	ACGTCAAAGAGTGAGA	NIH	SRR11008271	271_ACGTCAAAGAGTGAGA	TRUE
NIH_Ao_ACGTCAAAGCAATCTC	NIH_Ao	ACGTCAAAGCAATCTC	NIH	SRR11008271	271_ACGTCAAAGCAATCTC	TRUE
NIH_Ao_ACGTCAAGTAGCTGCC	NIH_Ao	ACGTCAAGTAGCTGCC	NIH	SRR11008271	271_ACGTCAAGTAGCTGCC	TRUE
NIH_Ao_ACGTCAAGTCCGAACC	NIH_Ao	ACGTCAAGTCCGAACC	NIH	SRR11008271	271_ACGTCAAGTCCGAACC	TRUE
NIH_Ao_ACTATCTAGAAACGAG	NIH_Ao	ACTATCTAGAAACGAG	NIH	SRR11008271	271_ACTATCTAGAAACGAG	TRUE
NIH_Ao_ACTATCTCAGTCGATT	NIH_Ao	ACTATCTCAGTCGATT	NIH	SRR11008271	271_ACTATCTCAGTCGATT	TRUE
NIH_Ao_ACTATCTGTCCAGTGC	NIH_Ao	ACTATCTGTCCAGTGC	NIH	SRR11008271	271_ACTATCTGTCCAGTGC	TRUE
NIH_Ao_ACTATCTGTGCGATAG	NIH_Ao	ACTATCTGTGCGATAG	NIH	SRR11008271	271_ACTATCTGTGCGATAG	TRUE
NIH_Ao_ACTATCTTCGTTGCCT	NIH_Ao	ACTATCTTCGTTGCCT	NIH	SRR11008271	271_ACTATCTTCGTTGCCT	TRUE
NIH_Ao_ACTGAGTTCCGTACAA	NIH_Ao	ACTGAGTTCCGTACAA	NIH	SRR11008271	271_ACTGAGTTCCGTACAA	TRUE
NIH_Ao_ACTGAGTTCGGTCCGA	NIH_Ao	ACTGAGTTCGGTCCGA	NIH	SRR11008271	271_ACTGAGTTCGGTCCGA	TRUE
NIH_Ao_ACTGATGAGGATTCGG	NIH_Ao	ACTGATGAGGATTCGG	NIH	SRR11008271	271_ACTGATGAGGATTCGG	TRUE
NIH_Ao_ACTGATGAGTACGATA	NIH_Ao	ACTGATGAGTACGATA	NIH	SRR11008271	271_ACTGATGAGTACGATA	TRUE
NIH_Ao_ACTGATGGTCGGCATC	NIH_Ao	ACTGATGGTCGGCATC	NIH	SRR11008271	271_ACTGATGGTCGGCATC	FALSE
NIH_Ao_ACTGCTCAGGAACTGC	NIH_Ao	ACTGCTCAGGAACTGC	NIH	SRR11008271	271_ACTGCTCAGGAACTGC	TRUE
NIH_Ao_ACTGCTCAGTACGCGA	NIH_Ao	ACTGCTCAGTACGCGA	NIH	SRR11008271	271_ACTGCTCAGTACGCGA	TRUE
NIH_Ao_ACTGCTCGTATTAGCC	NIH_Ao	ACTGCTCGTATTAGCC	NIH	SRR11008271	271_ACTGCTCGTATTAGCC	TRUE
NIH_Ao_ACTGCTCTCTATCGCC	NIH_Ao	ACTGCTCTCTATCGCC	NIH	SRR11008271	271_ACTGCTCTCTATCGCC	TRUE
NIH_Ao_ACTTACTCAGGTTTCA	NIH_Ao	ACTTACTCAGGTTTCA	NIH	SRR11008271	271_ACTTACTCAGGTTTCA	TRUE
NIH_Ao_ACTTACTTCAGGCAAG	NIH_Ao	ACTTACTTCAGGCAAG	NIH	SRR11008271	271_ACTTACTTCAGGCAAG	TRUE
NIH_Ao_ACTTGTTTCGGTCCGA	NIH_Ao	ACTTGTTTCGGTCCGA	NIH	SRR11008271	271_ACTTGTTTCGGTCCGA	TRUE
NIH_Ao_ACTTTCAAGAAGGTTT	NIH_Ao	ACTTTCAAGAAGGTTT	NIH	SRR11008271	271_ACTTTCAAGAAGGTTT	TRUE
NIH_Ao_ACTTTCAAGTGTCCCG	NIH_Ao	ACTTTCAAGTGTCCCG	NIH	SRR11008271	271_ACTTTCAAGTGTCCCG	TRUE
NIH_Ao_ACTTTCACAAGGACAC	NIH_Ao	ACTTTCACAAGGACAC	NIH	SRR11008271	271_ACTTTCACAAGGACAC	TRUE
NIH_Ao_ACTTTCAGTAACGTTC	NIH_Ao	ACTTTCAGTAACGTTC	NIH	SRR11008271	271_ACTTTCAGTAACGTTC	TRUE
NIH_Ao_ACTTTCATCGATCCCT	NIH_Ao	ACTTTCATCGATCCCT	NIH	SRR11008271	271_ACTTTCATCGATCCCT	TRUE
NIH_Ao_ACTTTCATCTTCCTTC	NIH_Ao	ACTTTCATCTTCCTTC	NIH	SRR11008271	271_ACTTTCATCTTCCTTC	TRUE
NIH_Ao_AGAATAGCATCCGTGG	NIH_Ao	AGAATAGCATCCGTGG	NIH	SRR11008271	271_AGAATAGCATCCGTGG	TRUE
NIH_Ao_AGAATAGGTACATCCA	NIH_Ao	AGAATAGGTACATCCA	NIH	SRR11008271	271_AGAATAGGTACATCCA	TRUE
NIH_Ao_AGAATAGGTCCGTGAC	NIH_Ao	AGAATAGGTCCGTGAC	NIH	SRR11008271	271_AGAATAGGTCCGTGAC	TRUE
NIH_Ao_AGAATAGGTGGGTCAA	NIH_Ao	AGAATAGGTGGGTCAA	NIH	SRR11008271	271_AGAATAGGTGGGTCAA	TRUE
NIH_Ao_AGACGTTAGATTACCC	NIH_Ao	AGACGTTAGATTACCC	NIH	SRR11008271	271_AGACGTTAGATTACCC	TRUE
NIH_Ao_AGACGTTCAAGAGGCT	NIH_Ao	AGACGTTCAAGAGGCT	NIH	SRR11008271	271_AGACGTTCAAGAGGCT	TRUE
NIH_Ao_AGACGTTTCTTAACCT	NIH_Ao	AGACGTTTCTTAACCT	NIH	SRR11008271	271_AGACGTTTCTTAACCT	TRUE
NIH_Ao_AGAGCGAAGGGTATCG	NIH_Ao	AGAGCGAAGGGTATCG	NIH	SRR11008271	271_AGAGCGAAGGGTATCG	TRUE
NIH_Ao_AGAGCGAAGGTGCAAC	NIH_Ao	AGAGCGAAGGTGCAAC	NIH	SRR11008271	271_AGAGCGAAGGTGCAAC	TRUE
NIH_Ao_AGAGCGACACCTCGTT	NIH_Ao	AGAGCGACACCTCGTT	NIH	SRR11008271	271_AGAGCGACACCTCGTT	TRUE
NIH_Ao_AGAGCGACACGTTGGC	NIH_Ao	AGAGCGACACGTTGGC	NIH	SRR11008271	271_AGAGCGACACGTTGGC	TRUE
NIH_Ao_AGAGCGAGTAAATGTG	NIH_Ao	AGAGCGAGTAAATGTG	NIH	SRR11008271	271_AGAGCGAGTAAATGTG	TRUE
NIH_Ao_AGAGCGAGTCTTGATG	NIH_Ao	AGAGCGAGTCTTGATG	NIH	SRR11008271	271_AGAGCGAGTCTTGATG	TRUE
NIH_Ao_AGAGCGATCGGCATCG	NIH_Ao	AGAGCGATCGGCATCG	NIH	SRR11008271	271_AGAGCGATCGGCATCG	TRUE
NIH_Ao_AGAGCTTGTAGCTAAA	NIH_Ao	AGAGCTTGTAGCTAAA	NIH	SRR11008271	271_AGAGCTTGTAGCTAAA	TRUE
NIH_Ao_AGAGCTTTCGGTGTCG	NIH_Ao	AGAGCTTTCGGTGTCG	NIH	SRR11008271	271_AGAGCTTTCGGTGTCG	TRUE
NIH_Ao_AGAGTGGAGATATGGT	NIH_Ao	AGAGTGGAGATATGGT	NIH	SRR11008271	271_AGAGTGGAGATATGGT	TRUE
NIH_Ao_AGAGTGGCATACAGCT	NIH_Ao	AGAGTGGCATACAGCT	NIH	SRR11008271	271_AGAGTGGCATACAGCT	TRUE
NIH_Ao_AGATCTGAGCCAACAG	NIH_Ao	AGATCTGAGCCAACAG	NIH	SRR11008271	271_AGATCTGAGCCAACAG	TRUE
NIH_Ao_AGATCTGAGCGATTCT	NIH_Ao	AGATCTGAGCGATTCT	NIH	SRR11008271	271_AGATCTGAGCGATTCT	TRUE
NIH_Ao_AGATCTGAGCTGCCCA	NIH_Ao	AGATCTGAGCTGCCCA	NIH	SRR11008271	271_AGATCTGAGCTGCCCA	TRUE
NIH_Ao_AGATCTGAGGTGCACA	NIH_Ao	AGATCTGAGGTGCACA	NIH	SRR11008271	271_AGATCTGAGGTGCACA	TRUE
NIH_Ao_AGATCTGCACCATGTA	NIH_Ao	AGATCTGCACCATGTA	NIH	SRR11008271	271_AGATCTGCACCATGTA	TRUE
NIH_Ao_AGATCTGCACGGTGTC	NIH_Ao	AGATCTGCACGGTGTC	NIH	SRR11008271	271_AGATCTGCACGGTGTC	TRUE
NIH_Ao_AGATCTGGTAGAGTGC	NIH_Ao	AGATCTGGTAGAGTGC	NIH	SRR11008271	271_AGATCTGGTAGAGTGC	TRUE
NIH_Ao_AGATCTGGTTAGAACA	NIH_Ao	AGATCTGGTTAGAACA	NIH	SRR11008271	271_AGATCTGGTTAGAACA	TRUE
NIH_Ao_AGATCTGTCAACGGCC	NIH_Ao	AGATCTGTCAACGGCC	NIH	SRR11008271	271_AGATCTGTCAACGGCC	TRUE
NIH_Ao_AGATCTGTCTGTCCGT	NIH_Ao	AGATCTGTCTGTCCGT	NIH	SRR11008271	271_AGATCTGTCTGTCCGT	TRUE
NIH_Ao_AGATTGCGTAGAGCTG	NIH_Ao	AGATTGCGTAGAGCTG	NIH	SRR11008271	271_AGATTGCGTAGAGCTG	TRUE
NIH_Ao_AGATTGCTCTTGCATT	NIH_Ao	AGATTGCTCTTGCATT	NIH	SRR11008271	271_AGATTGCTCTTGCATT	TRUE
NIH_Ao_AGCAGCCAGCTTCGCG	NIH_Ao	AGCAGCCAGCTTCGCG	NIH	SRR11008271	271_AGCAGCCAGCTTCGCG	TRUE
NIH_Ao_AGCAGCCTCACAAACC	NIH_Ao	AGCAGCCTCACAAACC	NIH	SRR11008271	271_AGCAGCCTCACAAACC	TRUE
NIH_Ao_AGCAGCCTCCTAAGTG	NIH_Ao	AGCAGCCTCCTAAGTG	NIH	SRR11008271	271_AGCAGCCTCCTAAGTG	TRUE
NIH_Ao_AGCATACAGCACCGCT	NIH_Ao	AGCATACAGCACCGCT	NIH	SRR11008271	271_AGCATACAGCACCGCT	TRUE
NIH_Ao_AGCATACAGGCTCAGA	NIH_Ao	AGCATACAGGCTCAGA	NIH	SRR11008271	271_AGCATACAGGCTCAGA	TRUE
NIH_Ao_AGCATACGTGTTTGTG	NIH_Ao	AGCATACGTGTTTGTG	NIH	SRR11008271	271_AGCATACGTGTTTGTG	TRUE
NIH_Ao_AGCCTAAAGGACACCA	NIH_Ao	AGCCTAAAGGACACCA	NIH	SRR11008271	271_AGCCTAAAGGACACCA	TRUE
NIH_Ao_AGCCTAACATTGGTAC	NIH_Ao	AGCCTAACATTGGTAC	NIH	SRR11008271	271_AGCCTAACATTGGTAC	TRUE
NIH_Ao_AGCGGTCAGATGTAAC	NIH_Ao	AGCGGTCAGATGTAAC	NIH	SRR11008271	271_AGCGGTCAGATGTAAC	TRUE
NIH_Ao_AGCGGTCCACAGGCCT	NIH_Ao	AGCGGTCCACAGGCCT	NIH	SRR11008271	271_AGCGGTCCACAGGCCT	TRUE
NIH_Ao_AGCGGTCCATGGTAGG	NIH_Ao	AGCGGTCCATGGTAGG	NIH	SRR11008271	271_AGCGGTCCATGGTAGG	TRUE
NIH_Ao_AGCGGTCGTCTGCAAT	NIH_Ao	AGCGGTCGTCTGCAAT	NIH	SRR11008271	271_AGCGGTCGTCTGCAAT	TRUE
NIH_Ao_AGCGGTCTCCGTTGTC	NIH_Ao	AGCGGTCTCCGTTGTC	NIH	SRR11008271	271_AGCGGTCTCCGTTGTC	TRUE
NIH_Ao_AGCGTATAGACATAAC	NIH_Ao	AGCGTATAGACATAAC	NIH	SRR11008271	271_AGCGTATAGACATAAC	TRUE
NIH_Ao_AGCGTATCAAAGCAAT	NIH_Ao	AGCGTATCAAAGCAAT	NIH	SRR11008271	271_AGCGTATCAAAGCAAT	TRUE
NIH_Ao_AGCGTATGTAGCGCTC	NIH_Ao	AGCGTATGTAGCGCTC	NIH	SRR11008271	271_AGCGTATGTAGCGCTC	TRUE
NIH_Ao_AGCGTATGTGACTCAT	NIH_Ao	AGCGTATGTGACTCAT	NIH	SRR11008271	271_AGCGTATGTGACTCAT	TRUE
NIH_Ao_AGCGTATGTTGGGACA	NIH_Ao	AGCGTATGTTGGGACA	NIH	SRR11008271	271_AGCGTATGTTGGGACA	TRUE
NIH_Ao_AGCGTATTCCTTAATC	NIH_Ao	AGCGTATTCCTTAATC	NIH	SRR11008271	271_AGCGTATTCCTTAATC	TRUE
NIH_Ao_AGCGTCGAGCAACGGT	NIH_Ao	AGCGTCGAGCAACGGT	NIH	SRR11008271	271_AGCGTCGAGCAACGGT	TRUE
NIH_Ao_AGCGTCGCATCCCACT	NIH_Ao	AGCGTCGCATCCCACT	NIH	SRR11008271	271_AGCGTCGCATCCCACT	TRUE
NIH_Ao_AGCTCCTAGTCCATAC	NIH_Ao	AGCTCCTAGTCCATAC	NIH	SRR11008271	271_AGCTCCTAGTCCATAC	TRUE
NIH_Ao_AGCTCCTCAGCCACCA	NIH_Ao	AGCTCCTCAGCCACCA	NIH	SRR11008271	271_AGCTCCTCAGCCACCA	TRUE
NIH_Ao_AGCTCCTTCATTGCGA	NIH_Ao	AGCTCCTTCATTGCGA	NIH	SRR11008271	271_AGCTCCTTCATTGCGA	TRUE
NIH_Ao_AGCTCTCGTGCGGTAA	NIH_Ao	AGCTCTCGTGCGGTAA	NIH	SRR11008271	271_AGCTCTCGTGCGGTAA	TRUE
NIH_Ao_AGCTCTCTCTATCCTA	NIH_Ao	AGCTCTCTCTATCCTA	NIH	SRR11008271	271_AGCTCTCTCTATCCTA	TRUE
NIH_Ao_AGCTCTCTCTCAAACG	NIH_Ao	AGCTCTCTCTCAAACG	NIH	SRR11008271	271_AGCTCTCTCTCAAACG	TRUE
NIH_Ao_AGCTTGAAGCGTTGCC	NIH_Ao	AGCTTGAAGCGTTGCC	NIH	SRR11008271	271_AGCTTGAAGCGTTGCC	TRUE
NIH_Ao_AGCTTGACAAGTAATG	NIH_Ao	AGCTTGACAAGTAATG	NIH	SRR11008271	271_AGCTTGACAAGTAATG	TRUE
NIH_Ao_AGCTTGACAGCCACCA	NIH_Ao	AGCTTGACAGCCACCA	NIH	SRR11008271	271_AGCTTGACAGCCACCA	TRUE
NIH_Ao_AGCTTGACATCAGTCA	NIH_Ao	AGCTTGACATCAGTCA	NIH	SRR11008271	271_AGCTTGACATCAGTCA	TRUE
NIH_Ao_AGCTTGAGTGCATCTA	NIH_Ao	AGCTTGAGTGCATCTA	NIH	SRR11008271	271_AGCTTGAGTGCATCTA	TRUE
NIH_Ao_AGCTTGATCGGCGCAT	NIH_Ao	AGCTTGATCGGCGCAT	NIH	SRR11008271	271_AGCTTGATCGGCGCAT	TRUE
NIH_Ao_AGGCCACAGCCAGTTT	NIH_Ao	AGGCCACAGCCAGTTT	NIH	SRR11008271	271_AGGCCACAGCCAGTTT	TRUE
NIH_Ao_AGGCCACGTCTTGATG	NIH_Ao	AGGCCACGTCTTGATG	NIH	SRR11008271	271_AGGCCACGTCTTGATG	TRUE
NIH_Ao_AGGCCACTCGGTGTCG	NIH_Ao	AGGCCACTCGGTGTCG	NIH	SRR11008271	271_AGGCCACTCGGTGTCG	TRUE
NIH_Ao_AGGCCGTCAATGAAAC	NIH_Ao	AGGCCGTCAATGAAAC	NIH	SRR11008271	271_AGGCCGTCAATGAAAC	TRUE
NIH_Ao_AGGCCGTGTGCAGACA	NIH_Ao	AGGCCGTGTGCAGACA	NIH	SRR11008271	271_AGGCCGTGTGCAGACA	TRUE
NIH_Ao_AGGCCGTTCTAACTCT	NIH_Ao	AGGCCGTTCTAACTCT	NIH	SRR11008271	271_AGGCCGTTCTAACTCT	TRUE
NIH_Ao_AGGGAGTAGCGCCTTG	NIH_Ao	AGGGAGTAGCGCCTTG	NIH	SRR11008271	271_AGGGAGTAGCGCCTTG	TRUE
NIH_Ao_AGGGAGTAGCTTTGGT	NIH_Ao	AGGGAGTAGCTTTGGT	NIH	SRR11008271	271_AGGGAGTAGCTTTGGT	TRUE
NIH_Ao_AGGGAGTAGTGGAGTC	NIH_Ao	AGGGAGTAGTGGAGTC	NIH	SRR11008271	271_AGGGAGTAGTGGAGTC	TRUE
NIH_Ao_AGGGAGTGTTCTGTTT	NIH_Ao	AGGGAGTGTTCTGTTT	NIH	SRR11008271	271_AGGGAGTGTTCTGTTT	TRUE
NIH_Ao_AGGGATGAGACAAAGG	NIH_Ao	AGGGATGAGACAAAGG	NIH	SRR11008271	271_AGGGATGAGACAAAGG	TRUE
NIH_Ao_AGGGATGAGGATGGTC	NIH_Ao	AGGGATGAGGATGGTC	NIH	SRR11008271	271_AGGGATGAGGATGGTC	TRUE
NIH_Ao_AGGGATGCATGCAATC	NIH_Ao	AGGGATGCATGCAATC	NIH	SRR11008271	271_AGGGATGCATGCAATC	TRUE
NIH_Ao_AGGGATGGTCGCATCG	NIH_Ao	AGGGATGGTCGCATCG	NIH	SRR11008271	271_AGGGATGGTCGCATCG	TRUE
NIH_Ao_AGGGTGAAGTTAGGTA	NIH_Ao	AGGGTGAAGTTAGGTA	NIH	SRR11008271	271_AGGGTGAAGTTAGGTA	TRUE
NIH_Ao_AGGGTGACACTTCGAA	NIH_Ao	AGGGTGACACTTCGAA	NIH	SRR11008271	271_AGGGTGACACTTCGAA	TRUE
NIH_Ao_AGGGTGAGTGCATCTA	NIH_Ao	AGGGTGAGTGCATCTA	NIH	SRR11008271	271_AGGGTGAGTGCATCTA	TRUE
NIH_Ao_AGGTCATAGCGGCTTC	NIH_Ao	AGGTCATAGCGGCTTC	NIH	SRR11008271	271_AGGTCATAGCGGCTTC	TRUE
NIH_Ao_AGGTCATGTACTCAAC	NIH_Ao	AGGTCATGTACTCAAC	NIH	SRR11008271	271_AGGTCATGTACTCAAC	TRUE
NIH_Ao_AGGTCATGTCTGGTCG	NIH_Ao	AGGTCATGTCTGGTCG	NIH	SRR11008271	271_AGGTCATGTCTGGTCG	TRUE
NIH_Ao_AGGTCATGTTTGACAC	NIH_Ao	AGGTCATGTTTGACAC	NIH	SRR11008271	271_AGGTCATGTTTGACAC	TRUE
NIH_Ao_AGGTCATTCCCTTGCA	NIH_Ao	AGGTCATTCCCTTGCA	NIH	SRR11008271	271_AGGTCATTCCCTTGCA	TRUE
NIH_Ao_AGGTCCGCACGCCAGT	NIH_Ao	AGGTCCGCACGCCAGT	NIH	SRR11008271	271_AGGTCCGCACGCCAGT	TRUE
NIH_Ao_AGGTCCGCAGCTCGAC	NIH_Ao	AGGTCCGCAGCTCGAC	NIH	SRR11008271	271_AGGTCCGCAGCTCGAC	FALSE
NIH_Ao_AGGTCCGCATGCCACG	NIH_Ao	AGGTCCGCATGCCACG	NIH	SRR11008271	271_AGGTCCGCATGCCACG	TRUE
NIH_Ao_AGGTCCGTCACCCGAG	NIH_Ao	AGGTCCGTCACCCGAG	NIH	SRR11008271	271_AGGTCCGTCACCCGAG	TRUE
NIH_Ao_AGGTCCGTCACCCTCA	NIH_Ao	AGGTCCGTCACCCTCA	NIH	SRR11008271	271_AGGTCCGTCACCCTCA	TRUE
NIH_Ao_AGGTCCGTCAGGCAAG	NIH_Ao	AGGTCCGTCAGGCAAG	NIH	SRR11008271	271_AGGTCCGTCAGGCAAG	TRUE
NIH_Ao_AGGTCCGTCGCATGAT	NIH_Ao	AGGTCCGTCGCATGAT	NIH	SRR11008271	271_AGGTCCGTCGCATGAT	TRUE
NIH_Ao_AGTAGTCCAGGTGCCT	NIH_Ao	AGTAGTCCAGGTGCCT	NIH	SRR11008271	271_AGTAGTCCAGGTGCCT	TRUE
NIH_Ao_AGTAGTCGTCTCTTAT	NIH_Ao	AGTAGTCGTCTCTTAT	NIH	SRR11008271	271_AGTAGTCGTCTCTTAT	TRUE
NIH_Ao_AGTAGTCGTTGTGGCC	NIH_Ao	AGTAGTCGTTGTGGCC	NIH	SRR11008271	271_AGTAGTCGTTGTGGCC	TRUE
NIH_Ao_AGTAGTCTCGACCAGC	NIH_Ao	AGTAGTCTCGACCAGC	NIH	SRR11008271	271_AGTAGTCTCGACCAGC	TRUE
NIH_Ao_AGTAGTCTCGGCGCAT	NIH_Ao	AGTAGTCTCGGCGCAT	NIH	SRR11008271	271_AGTAGTCTCGGCGCAT	TRUE
NIH_Ao_AGTCTTTCACGACTCG	NIH_Ao	AGTCTTTCACGACTCG	NIH	SRR11008271	271_AGTCTTTCACGACTCG	TRUE
NIH_Ao_AGTCTTTCATTATCTC	NIH_Ao	AGTCTTTCATTATCTC	NIH	SRR11008271	271_AGTCTTTCATTATCTC	TRUE
NIH_Ao_AGTCTTTGTAGGAGTC	NIH_Ao	AGTCTTTGTAGGAGTC	NIH	SRR11008271	271_AGTCTTTGTAGGAGTC	TRUE
NIH_Ao_AGTGAGGAGGTGACCA	NIH_Ao	AGTGAGGAGGTGACCA	NIH	SRR11008271	271_AGTGAGGAGGTGACCA	TRUE
NIH_Ao_AGTGAGGCAACTGGCC	NIH_Ao	AGTGAGGCAACTGGCC	NIH	SRR11008271	271_AGTGAGGCAACTGGCC	TRUE
NIH_Ao_AGTGAGGCACAAGACG	NIH_Ao	AGTGAGGCACAAGACG	NIH	SRR11008271	271_AGTGAGGCACAAGACG	TRUE
NIH_Ao_AGTGAGGGTAGCGTGA	NIH_Ao	AGTGAGGGTAGCGTGA	NIH	SRR11008271	271_AGTGAGGGTAGCGTGA	TRUE
NIH_Ao_AGTGAGGGTTCGTCTC	NIH_Ao	AGTGAGGGTTCGTCTC	NIH	SRR11008271	271_AGTGAGGGTTCGTCTC	TRUE
NIH_Ao_AGTGGGACACAGACAG	NIH_Ao	AGTGGGACACAGACAG	NIH	SRR11008271	271_AGTGGGACACAGACAG	TRUE
NIH_Ao_AGTGGGACAGGTCCAC	NIH_Ao	AGTGGGACAGGTCCAC	NIH	SRR11008271	271_AGTGGGACAGGTCCAC	TRUE
NIH_Ao_AGTGGGAGTACATGTC	NIH_Ao	AGTGGGAGTACATGTC	NIH	SRR11008271	271_AGTGGGAGTACATGTC	TRUE
NIH_Ao_AGTGGGATCTGACCTC	NIH_Ao	AGTGGGATCTGACCTC	NIH	SRR11008271	271_AGTGGGATCTGACCTC	TRUE
NIH_Ao_AGTGTCACAAGTTGTC	NIH_Ao	AGTGTCACAAGTTGTC	NIH	SRR11008271	271_AGTGTCACAAGTTGTC	TRUE
NIH_Ao_AGTGTCACATCAGTCA	NIH_Ao	AGTGTCACATCAGTCA	NIH	SRR11008271	271_AGTGTCACATCAGTCA	TRUE
NIH_Ao_AGTGTCAGTCATATGC	NIH_Ao	AGTGTCAGTCATATGC	NIH	SRR11008271	271_AGTGTCAGTCATATGC	TRUE
NIH_Ao_AGTTGGTAGTGGTCCC	NIH_Ao	AGTTGGTAGTGGTCCC	NIH	SRR11008271	271_AGTTGGTAGTGGTCCC	TRUE
NIH_Ao_AGTTGGTGTAGTACCT	NIH_Ao	AGTTGGTGTAGTACCT	NIH	SRR11008271	271_AGTTGGTGTAGTACCT	TRUE
NIH_Ao_AGTTGGTTCGGAAACG	NIH_Ao	AGTTGGTTCGGAAACG	NIH	SRR11008271	271_AGTTGGTTCGGAAACG	TRUE
NIH_Ao_ATAACGCAGGACCACA	NIH_Ao	ATAACGCAGGACCACA	NIH	SRR11008271	271_ATAACGCAGGACCACA	TRUE
NIH_Ao_ATAACGCCAATACGCT	NIH_Ao	ATAACGCCAATACGCT	NIH	SRR11008271	271_ATAACGCCAATACGCT	TRUE
NIH_Ao_ATAACGCCAGTAAGAT	NIH_Ao	ATAACGCCAGTAAGAT	NIH	SRR11008271	271_ATAACGCCAGTAAGAT	TRUE
NIH_Ao_ATAACGCGTGCAACTT	NIH_Ao	ATAACGCGTGCAACTT	NIH	SRR11008271	271_ATAACGCGTGCAACTT	TRUE
NIH_Ao_ATAACGCGTTGACGTT	NIH_Ao	ATAACGCGTTGACGTT	NIH	SRR11008271	271_ATAACGCGTTGACGTT	TRUE
NIH_Ao_ATAACGCTCTATCCCG	NIH_Ao	ATAACGCTCTATCCCG	NIH	SRR11008271	271_ATAACGCTCTATCCCG	TRUE
NIH_Ao_ATAACGCTCTGCTGCT	NIH_Ao	ATAACGCTCTGCTGCT	NIH	SRR11008271	271_ATAACGCTCTGCTGCT	TRUE
NIH_Ao_ATAAGAGAGCCGTCGT	NIH_Ao	ATAAGAGAGCCGTCGT	NIH	SRR11008271	271_ATAAGAGAGCCGTCGT	TRUE
NIH_Ao_ATAAGAGCAGTCAGCC	NIH_Ao	ATAAGAGCAGTCAGCC	NIH	SRR11008271	271_ATAAGAGCAGTCAGCC	TRUE
NIH_Ao_ATAGACCAGAAACGAG	NIH_Ao	ATAGACCAGAAACGAG	NIH	SRR11008271	271_ATAGACCAGAAACGAG	TRUE
NIH_Ao_ATAGACCAGATCTGAA	NIH_Ao	ATAGACCAGATCTGAA	NIH	SRR11008271	271_ATAGACCAGATCTGAA	TRUE
NIH_Ao_ATAGACCAGTTACCCA	NIH_Ao	ATAGACCAGTTACCCA	NIH	SRR11008271	271_ATAGACCAGTTACCCA	TRUE
NIH_Ao_ATAGACCGTACTTCTT	NIH_Ao	ATAGACCGTACTTCTT	NIH	SRR11008271	271_ATAGACCGTACTTCTT	TRUE
NIH_Ao_ATAGACCGTGCAGGTA	NIH_Ao	ATAGACCGTGCAGGTA	NIH	SRR11008271	271_ATAGACCGTGCAGGTA	TRUE
NIH_Ao_ATAGACCGTTTGCATG	NIH_Ao	ATAGACCGTTTGCATG	NIH	SRR11008271	271_ATAGACCGTTTGCATG	TRUE
NIH_Ao_ATAGACCTCACTCTTA	NIH_Ao	ATAGACCTCACTCTTA	NIH	SRR11008271	271_ATAGACCTCACTCTTA	TRUE
NIH_Ao_ATAGACCTCGCTGATA	NIH_Ao	ATAGACCTCGCTGATA	NIH	SRR11008271	271_ATAGACCTCGCTGATA	TRUE
NIH_Ao_ATCACGAAGCCATCGC	NIH_Ao	ATCACGAAGCCATCGC	NIH	SRR11008271	271_ATCACGAAGCCATCGC	TRUE
NIH_Ao_ATCACGAAGCTAACTC	NIH_Ao	ATCACGAAGCTAACTC	NIH	SRR11008271	271_ATCACGAAGCTAACTC	TRUE
NIH_Ao_ATCACGAAGGCATGGT	NIH_Ao	ATCACGAAGGCATGGT	NIH	SRR11008271	271_ATCACGAAGGCATGGT	TRUE
NIH_Ao_ATCATCTAGTCATGCT	NIH_Ao	ATCATCTAGTCATGCT	NIH	SRR11008271	271_ATCATCTAGTCATGCT	TRUE
NIH_Ao_ATCATCTAGTCCTCCT	NIH_Ao	ATCATCTAGTCCTCCT	NIH	SRR11008271	271_ATCATCTAGTCCTCCT	TRUE
NIH_Ao_ATCATCTAGTGGTAGC	NIH_Ao	ATCATCTAGTGGTAGC	NIH	SRR11008271	271_ATCATCTAGTGGTAGC	TRUE
NIH_Ao_ATCATCTCAAACTGTC	NIH_Ao	ATCATCTCAAACTGTC	NIH	SRR11008271	271_ATCATCTCAAACTGTC	TRUE
NIH_Ao_ATCATCTCACGACGAA	NIH_Ao	ATCATCTCACGACGAA	NIH	SRR11008271	271_ATCATCTCACGACGAA	TRUE
NIH_Ao_ATCATCTCATCACGAT	NIH_Ao	ATCATCTCATCACGAT	NIH	SRR11008271	271_ATCATCTCATCACGAT	TRUE
NIH_Ao_ATCATGGAGACTAGAT	NIH_Ao	ATCATGGAGACTAGAT	NIH	SRR11008271	271_ATCATGGAGACTAGAT	TRUE
NIH_Ao_ATCATGGGTAATCACC	NIH_Ao	ATCATGGGTAATCACC	NIH	SRR11008271	271_ATCATGGGTAATCACC	TRUE
NIH_Ao_ATCATGGGTTATGCGT	NIH_Ao	ATCATGGGTTATGCGT	NIH	SRR11008271	271_ATCATGGGTTATGCGT	TRUE
NIH_Ao_ATCATGGTCTGCTGCT	NIH_Ao	ATCATGGTCTGCTGCT	NIH	SRR11008271	271_ATCATGGTCTGCTGCT	TRUE
NIH_Ao_ATCATGGTCTGTACGA	NIH_Ao	ATCATGGTCTGTACGA	NIH	SRR11008271	271_ATCATGGTCTGTACGA	TRUE
NIH_Ao_ATCATGGTCTTTCCTC	NIH_Ao	ATCATGGTCTTTCCTC	NIH	SRR11008271	271_ATCATGGTCTTTCCTC	TRUE
NIH_Ao_ATCCACCCAAGACACG	NIH_Ao	ATCCACCCAAGACACG	NIH	SRR11008271	271_ATCCACCCAAGACACG	TRUE
NIH_Ao_ATCCACCTCCAACCAA	NIH_Ao	ATCCACCTCCAACCAA	NIH	SRR11008271	271_ATCCACCTCCAACCAA	TRUE
NIH_Ao_ATCCACCTCGAACGGA	NIH_Ao	ATCCACCTCGAACGGA	NIH	SRR11008271	271_ATCCACCTCGAACGGA	TRUE
NIH_Ao_ATCCGAACAAGTTAAG	NIH_Ao	ATCCGAACAAGTTAAG	NIH	SRR11008271	271_ATCCGAACAAGTTAAG	TRUE
NIH_Ao_ATCCGAACAATGACCT	NIH_Ao	ATCCGAACAATGACCT	NIH	SRR11008271	271_ATCCGAACAATGACCT	TRUE
NIH_Ao_ATCCGAACAGCGATCC	NIH_Ao	ATCCGAACAGCGATCC	NIH	SRR11008271	271_ATCCGAACAGCGATCC	TRUE
NIH_Ao_ATCCGAACATCAGTCA	NIH_Ao	ATCCGAACATCAGTCA	NIH	SRR11008271	271_ATCCGAACATCAGTCA	TRUE
NIH_Ao_ATCCGAATCAAGGTAA	NIH_Ao	ATCCGAATCAAGGTAA	NIH	SRR11008271	271_ATCCGAATCAAGGTAA	TRUE
NIH_Ao_ATCCGAATCACAAACC	NIH_Ao	ATCCGAATCACAAACC	NIH	SRR11008271	271_ATCCGAATCACAAACC	TRUE
NIH_Ao_ATCGAGTAGACTCGGA	NIH_Ao	ATCGAGTAGACTCGGA	NIH	SRR11008271	271_ATCGAGTAGACTCGGA	TRUE
NIH_Ao_ATCGAGTAGAGTCGGT	NIH_Ao	ATCGAGTAGAGTCGGT	NIH	SRR11008271	271_ATCGAGTAGAGTCGGT	TRUE
NIH_Ao_ATCGAGTAGCGTCAAG	NIH_Ao	ATCGAGTAGCGTCAAG	NIH	SRR11008271	271_ATCGAGTAGCGTCAAG	TRUE
NIH_Ao_ATCGAGTCAATACGCT	NIH_Ao	ATCGAGTCAATACGCT	NIH	SRR11008271	271_ATCGAGTCAATACGCT	TRUE
NIH_Ao_ATCGAGTCATTAGGCT	NIH_Ao	ATCGAGTCATTAGGCT	NIH	SRR11008271	271_ATCGAGTCATTAGGCT	TRUE
NIH_Ao_ATCGAGTGTCGTCTTC	NIH_Ao	ATCGAGTGTCGTCTTC	NIH	SRR11008271	271_ATCGAGTGTCGTCTTC	TRUE
NIH_Ao_ATCGAGTTCGTCCAGG	NIH_Ao	ATCGAGTTCGTCCAGG	NIH	SRR11008271	271_ATCGAGTTCGTCCAGG	TRUE
NIH_Ao_ATCTACTAGCCGCCTA	NIH_Ao	ATCTACTAGCCGCCTA	NIH	SRR11008271	271_ATCTACTAGCCGCCTA	TRUE
NIH_Ao_ATCTACTCACAGACAG	NIH_Ao	ATCTACTCACAGACAG	NIH	SRR11008271	271_ATCTACTCACAGACAG	TRUE
NIH_Ao_ATCTACTCATCCCATC	NIH_Ao	ATCTACTCATCCCATC	NIH	SRR11008271	271_ATCTACTCATCCCATC	TRUE
NIH_Ao_ATCTACTCATTCCTGC	NIH_Ao	ATCTACTCATTCCTGC	NIH	SRR11008271	271_ATCTACTCATTCCTGC	TRUE
NIH_Ao_ATCTACTGTAGCGCTC	NIH_Ao	ATCTACTGTAGCGCTC	NIH	SRR11008271	271_ATCTACTGTAGCGCTC	TRUE
NIH_Ao_ATCTACTTCACTTCAT	NIH_Ao	ATCTACTTCACTTCAT	NIH	SRR11008271	271_ATCTACTTCACTTCAT	TRUE
NIH_Ao_ATCTACTTCTCTGTCG	NIH_Ao	ATCTACTTCTCTGTCG	NIH	SRR11008271	271_ATCTACTTCTCTGTCG	TRUE
NIH_Ao_ATCTGCCAGAACTGTA	NIH_Ao	ATCTGCCAGAACTGTA	NIH	SRR11008271	271_ATCTGCCAGAACTGTA	TRUE
NIH_Ao_ATCTGCCAGGATTCGG	NIH_Ao	ATCTGCCAGGATTCGG	NIH	SRR11008271	271_ATCTGCCAGGATTCGG	TRUE
NIH_Ao_ATCTGCCCATATACCG	NIH_Ao	ATCTGCCCATATACCG	NIH	SRR11008271	271_ATCTGCCCATATACCG	TRUE
NIH_Ao_ATCTGCCTCGATGAGG	NIH_Ao	ATCTGCCTCGATGAGG	NIH	SRR11008271	271_ATCTGCCTCGATGAGG	TRUE
NIH_Ao_ATGAGGGAGCATCATC	NIH_Ao	ATGAGGGAGCATCATC	NIH	SRR11008271	271_ATGAGGGAGCATCATC	TRUE
NIH_Ao_ATGAGGGAGGCTCAGA	NIH_Ao	ATGAGGGAGGCTCAGA	NIH	SRR11008271	271_ATGAGGGAGGCTCAGA	TRUE
NIH_Ao_ATGAGGGCACGGACAA	NIH_Ao	ATGAGGGCACGGACAA	NIH	SRR11008271	271_ATGAGGGCACGGACAA	TRUE
NIH_Ao_ATGAGGGTCTACGAGT	NIH_Ao	ATGAGGGTCTACGAGT	NIH	SRR11008271	271_ATGAGGGTCTACGAGT	TRUE
NIH_Ao_ATGCGATCATGGTAGG	NIH_Ao	ATGCGATCATGGTAGG	NIH	SRR11008271	271_ATGCGATCATGGTAGG	FALSE
NIH_Ao_ATGCGATGTTCCACTC	NIH_Ao	ATGCGATGTTCCACTC	NIH	SRR11008271	271_ATGCGATGTTCCACTC	TRUE
NIH_Ao_ATGCGATTCGAGGTAG	NIH_Ao	ATGCGATTCGAGGTAG	NIH	SRR11008271	271_ATGCGATTCGAGGTAG	TRUE
NIH_Ao_ATGCGATTCTGCAAGT	NIH_Ao	ATGCGATTCTGCAAGT	NIH	SRR11008271	271_ATGCGATTCTGCAAGT	TRUE
NIH_Ao_ATGGGAGCAGGGTTAG	NIH_Ao	ATGGGAGCAGGGTTAG	NIH	SRR11008271	271_ATGGGAGCAGGGTTAG	TRUE
NIH_Ao_ATGGGAGCATCTCCCA	NIH_Ao	ATGGGAGCATCTCCCA	NIH	SRR11008271	271_ATGGGAGCATCTCCCA	TRUE
NIH_Ao_ATGGGAGCATTACCTT	NIH_Ao	ATGGGAGCATTACCTT	NIH	SRR11008271	271_ATGGGAGCATTACCTT	TRUE
NIH_Ao_ATGTGTGAGTACACCT	NIH_Ao	ATGTGTGAGTACACCT	NIH	SRR11008271	271_ATGTGTGAGTACACCT	TRUE
NIH_Ao_ATGTGTGCATCTATGG	NIH_Ao	ATGTGTGCATCTATGG	NIH	SRR11008271	271_ATGTGTGCATCTATGG	FALSE
NIH_Ao_ATGTGTGGTGCCTGTG	NIH_Ao	ATGTGTGGTGCCTGTG	NIH	SRR11008271	271_ATGTGTGGTGCCTGTG	TRUE
NIH_Ao_ATGTGTGGTGTGCGTC	NIH_Ao	ATGTGTGGTGTGCGTC	NIH	SRR11008271	271_ATGTGTGGTGTGCGTC	TRUE
NIH_Ao_ATGTGTGTCTATCGCC	NIH_Ao	ATGTGTGTCTATCGCC	NIH	SRR11008271	271_ATGTGTGTCTATCGCC	TRUE
NIH_Ao_ATGTGTGTCTGGCGAC	NIH_Ao	ATGTGTGTCTGGCGAC	NIH	SRR11008271	271_ATGTGTGTCTGGCGAC	TRUE
NIH_Ao_ATTACTCAGAGTACCG	NIH_Ao	ATTACTCAGAGTACCG	NIH	SRR11008271	271_ATTACTCAGAGTACCG	TRUE
NIH_Ao_ATTACTCAGTAGGCCA	NIH_Ao	ATTACTCAGTAGGCCA	NIH	SRR11008271	271_ATTACTCAGTAGGCCA	TRUE
NIH_Ao_ATTACTCAGTTTCCTT	NIH_Ao	ATTACTCAGTTTCCTT	NIH	SRR11008271	271_ATTACTCAGTTTCCTT	TRUE
NIH_Ao_ATTACTCCAGCTCGCA	NIH_Ao	ATTACTCCAGCTCGCA	NIH	SRR11008271	271_ATTACTCCAGCTCGCA	TRUE
NIH_Ao_ATTACTCGTAGAGGAA	NIH_Ao	ATTACTCGTAGAGGAA	NIH	SRR11008271	271_ATTACTCGTAGAGGAA	TRUE
NIH_Ao_ATTACTCGTCCGACGT	NIH_Ao	ATTACTCGTCCGACGT	NIH	SRR11008271	271_ATTACTCGTCCGACGT	TRUE
NIH_Ao_ATTACTCTCGAATGGG	NIH_Ao	ATTACTCTCGAATGGG	NIH	SRR11008271	271_ATTACTCTCGAATGGG	FALSE
NIH_Ao_ATTACTCTCGCCTGTT	NIH_Ao	ATTACTCTCGCCTGTT	NIH	SRR11008271	271_ATTACTCTCGCCTGTT	TRUE
NIH_Ao_ATTACTCTCTCCAACC	NIH_Ao	ATTACTCTCTCCAACC	NIH	SRR11008271	271_ATTACTCTCTCCAACC	TRUE
NIH_Ao_ATTACTCTCTGCTGCT	NIH_Ao	ATTACTCTCTGCTGCT	NIH	SRR11008271	271_ATTACTCTCTGCTGCT	TRUE
NIH_Ao_ATTATCCAGAGCTGCA	NIH_Ao	ATTATCCAGAGCTGCA	NIH	SRR11008271	271_ATTATCCAGAGCTGCA	TRUE
NIH_Ao_ATTATCCCATCGGTTA	NIH_Ao	ATTATCCCATCGGTTA	NIH	SRR11008271	271_ATTATCCCATCGGTTA	TRUE
NIH_Ao_ATTATCCTCGCCAAAT	NIH_Ao	ATTATCCTCGCCAAAT	NIH	SRR11008271	271_ATTATCCTCGCCAAAT	TRUE
NIH_Ao_ATTCTACAGTGAATTG	NIH_Ao	ATTCTACAGTGAATTG	NIH	SRR11008271	271_ATTCTACAGTGAATTG	TRUE
NIH_Ao_ATTCTACAGTTACGGG	NIH_Ao	ATTCTACAGTTACGGG	NIH	SRR11008271	271_ATTCTACAGTTACGGG	TRUE
NIH_Ao_ATTCTACCAGCTGCAC	NIH_Ao	ATTCTACCAGCTGCAC	NIH	SRR11008271	271_ATTCTACCAGCTGCAC	TRUE
NIH_Ao_ATTCTACGTCCAGTTA	NIH_Ao	ATTCTACGTCCAGTTA	NIH	SRR11008271	271_ATTCTACGTCCAGTTA	TRUE
NIH_Ao_ATTCTACTCAGCTTAG	NIH_Ao	ATTCTACTCAGCTTAG	NIH	SRR11008271	271_ATTCTACTCAGCTTAG	TRUE
NIH_Ao_ATTCTACTCCCTCAGT	NIH_Ao	ATTCTACTCCCTCAGT	NIH	SRR11008271	271_ATTCTACTCCCTCAGT	TRUE
NIH_Ao_ATTGGACCATACGCCG	NIH_Ao	ATTGGACCATACGCCG	NIH	SRR11008271	271_ATTGGACCATACGCCG	TRUE
NIH_Ao_ATTGGACCATATACCG	NIH_Ao	ATTGGACCATATACCG	NIH	SRR11008271	271_ATTGGACCATATACCG	TRUE
NIH_Ao_ATTGGTGAGTGTGGCA	NIH_Ao	ATTGGTGAGTGTGGCA	NIH	SRR11008271	271_ATTGGTGAGTGTGGCA	TRUE
NIH_Ao_ATTGGTGCAAGTAGTA	NIH_Ao	ATTGGTGCAAGTAGTA	NIH	SRR11008271	271_ATTGGTGCAAGTAGTA	TRUE
NIH_Ao_ATTTCTGAGTGCAAGC	NIH_Ao	ATTTCTGAGTGCAAGC	NIH	SRR11008271	271_ATTTCTGAGTGCAAGC	TRUE
NIH_Ao_CAACCAACATATACCG	NIH_Ao	CAACCAACATATACCG	NIH	SRR11008271	271_CAACCAACATATACCG	TRUE
NIH_Ao_CAACCAAGTCGCGAAA	NIH_Ao	CAACCAAGTCGCGAAA	NIH	SRR11008271	271_CAACCAAGTCGCGAAA	TRUE
NIH_Ao_CAACCAATCCGTACAA	NIH_Ao	CAACCAATCCGTACAA	NIH	SRR11008271	271_CAACCAATCCGTACAA	TRUE
NIH_Ao_CAACCTCAGAGCTGGT	NIH_Ao	CAACCTCAGAGCTGGT	NIH	SRR11008271	271_CAACCTCAGAGCTGGT	TRUE
NIH_Ao_CAACCTCCACACCGCA	NIH_Ao	CAACCTCCACACCGCA	NIH	SRR11008271	271_CAACCTCCACACCGCA	TRUE
NIH_Ao_CAACCTCCATCAGTCA	NIH_Ao	CAACCTCCATCAGTCA	NIH	SRR11008271	271_CAACCTCCATCAGTCA	TRUE
NIH_Ao_CAACCTCGTGGCAAAC	NIH_Ao	CAACCTCGTGGCAAAC	NIH	SRR11008271	271_CAACCTCGTGGCAAAC	TRUE
NIH_Ao_CAACCTCGTTGTGGAG	NIH_Ao	CAACCTCGTTGTGGAG	NIH	SRR11008271	271_CAACCTCGTTGTGGAG	TRUE
NIH_Ao_CAACCTCTCAACACAC	NIH_Ao	CAACCTCTCAACACAC	NIH	SRR11008271	271_CAACCTCTCAACACAC	TRUE
NIH_Ao_CAACTAGCATTCTTAC	NIH_Ao	CAACTAGCATTCTTAC	NIH	SRR11008271	271_CAACTAGCATTCTTAC	TRUE
NIH_Ao_CAACTAGGTCTGATTG	NIH_Ao	CAACTAGGTCTGATTG	NIH	SRR11008271	271_CAACTAGGTCTGATTG	TRUE
NIH_Ao_CAACTAGGTTCGTGAT	NIH_Ao	CAACTAGGTTCGTGAT	NIH	SRR11008271	271_CAACTAGGTTCGTGAT	TRUE
NIH_Ao_CAAGAAACAGGATCGA	NIH_Ao	CAAGAAACAGGATCGA	NIH	SRR11008271	271_CAAGAAACAGGATCGA	TRUE
NIH_Ao_CAAGAAAGTACCAGTT	NIH_Ao	CAAGAAAGTACCAGTT	NIH	SRR11008271	271_CAAGAAAGTACCAGTT	TRUE
NIH_Ao_CAAGAAAGTCTAGTCA	NIH_Ao	CAAGAAAGTCTAGTCA	NIH	SRR11008271	271_CAAGAAAGTCTAGTCA	TRUE
NIH_Ao_CAAGAAAGTGTTGGGA	NIH_Ao	CAAGAAAGTGTTGGGA	NIH	SRR11008271	271_CAAGAAAGTGTTGGGA	TRUE
NIH_Ao_CAAGAAATCAGAAATG	NIH_Ao	CAAGAAATCAGAAATG	NIH	SRR11008271	271_CAAGAAATCAGAAATG	TRUE
NIH_Ao_CAAGATCCAATGGTCT	NIH_Ao	CAAGATCCAATGGTCT	NIH	SRR11008271	271_CAAGATCCAATGGTCT	TRUE
NIH_Ao_CAAGATCCATCCGCGA	NIH_Ao	CAAGATCCATCCGCGA	NIH	SRR11008271	271_CAAGATCCATCCGCGA	TRUE
NIH_Ao_CAAGATCGTCATCCCT	NIH_Ao	CAAGATCGTCATCCCT	NIH	SRR11008271	271_CAAGATCGTCATCCCT	TRUE
NIH_Ao_CAAGATCGTCTAGCCG	NIH_Ao	CAAGATCGTCTAGCCG	NIH	SRR11008271	271_CAAGATCGTCTAGCCG	TRUE
NIH_Ao_CAAGATCTCTATCCTA	NIH_Ao	CAAGATCTCTATCCTA	NIH	SRR11008271	271_CAAGATCTCTATCCTA	TRUE
NIH_Ao_CAAGGCCCAGGCAGTA	NIH_Ao	CAAGGCCCAGGCAGTA	NIH	SRR11008271	271_CAAGGCCCAGGCAGTA	TRUE
NIH_Ao_CAAGGCCGTCTTCGTC	NIH_Ao	CAAGGCCGTCTTCGTC	NIH	SRR11008271	271_CAAGGCCGTCTTCGTC	TRUE
NIH_Ao_CAAGGCCGTGTTGGGA	NIH_Ao	CAAGGCCGTGTTGGGA	NIH	SRR11008271	271_CAAGGCCGTGTTGGGA	TRUE
NIH_Ao_CAAGGCCTCACATAGC	NIH_Ao	CAAGGCCTCACATAGC	NIH	SRR11008271	271_CAAGGCCTCACATAGC	TRUE
NIH_Ao_CAAGTTGAGGGCATGT	NIH_Ao	CAAGTTGAGGGCATGT	NIH	SRR11008271	271_CAAGTTGAGGGCATGT	TRUE
NIH_Ao_CAAGTTGGTTCAGACT	NIH_Ao	CAAGTTGGTTCAGACT	NIH	SRR11008271	271_CAAGTTGGTTCAGACT	TRUE
NIH_Ao_CACAAACAGCTGAAAT	NIH_Ao	CACAAACAGCTGAAAT	NIH	SRR11008271	271_CACAAACAGCTGAAAT	TRUE
NIH_Ao_CACAAACAGGCGATAC	NIH_Ao	CACAAACAGGCGATAC	NIH	SRR11008271	271_CACAAACAGGCGATAC	TRUE
NIH_Ao_CACAAACCAAATCCGT	NIH_Ao	CACAAACCAAATCCGT	NIH	SRR11008271	271_CACAAACCAAATCCGT	TRUE
NIH_Ao_CACAAACCATACTACG	NIH_Ao	CACAAACCATACTACG	NIH	SRR11008271	271_CACAAACCATACTACG	TRUE
NIH_Ao_CACAAACGTAAGGGCT	NIH_Ao	CACAAACGTAAGGGCT	NIH	SRR11008271	271_CACAAACGTAAGGGCT	TRUE
NIH_Ao_CACAAACGTAGCTAAA	NIH_Ao	CACAAACGTAGCTAAA	NIH	SRR11008271	271_CACAAACGTAGCTAAA	TRUE
NIH_Ao_CACAAACGTCACCCAG	NIH_Ao	CACAAACGTCACCCAG	NIH	SRR11008271	271_CACAAACGTCACCCAG	TRUE
NIH_Ao_CACAAACTCACTGGGC	NIH_Ao	CACAAACTCACTGGGC	NIH	SRR11008271	271_CACAAACTCACTGGGC	TRUE
NIH_Ao_CACACAAAGCTCTCGG	NIH_Ao	CACACAAAGCTCTCGG	NIH	SRR11008271	271_CACACAAAGCTCTCGG	TRUE
NIH_Ao_CACACAAAGTTGCAGG	NIH_Ao	CACACAAAGTTGCAGG	NIH	SRR11008271	271_CACACAAAGTTGCAGG	TRUE
NIH_Ao_CACACAACAAACAACA	NIH_Ao	CACACAACAAACAACA	NIH	SRR11008271	271_CACACAACAAACAACA	TRUE
NIH_Ao_CACACAAGTCCAAGTT	NIH_Ao	CACACAAGTCCAAGTT	NIH	SRR11008271	271_CACACAAGTCCAAGTT	TRUE
NIH_Ao_CACACAAGTGTAACGG	NIH_Ao	CACACAAGTGTAACGG	NIH	SRR11008271	271_CACACAAGTGTAACGG	TRUE
NIH_Ao_CACACAATCAGAGGTG	NIH_Ao	CACACAATCAGAGGTG	NIH	SRR11008271	271_CACACAATCAGAGGTG	TRUE
NIH_Ao_CACACCTAGATACACA	NIH_Ao	CACACCTAGATACACA	NIH	SRR11008271	271_CACACCTAGATACACA	TRUE
NIH_Ao_CACACCTAGGTGCTTT	NIH_Ao	CACACCTAGGTGCTTT	NIH	SRR11008271	271_CACACCTAGGTGCTTT	TRUE
NIH_Ao_CACACCTCACGGTGTC	NIH_Ao	CACACCTCACGGTGTC	NIH	SRR11008271	271_CACACCTCACGGTGTC	TRUE
NIH_Ao_CACACCTCAGATGAGC	NIH_Ao	CACACCTCAGATGAGC	NIH	SRR11008271	271_CACACCTCAGATGAGC	TRUE
NIH_Ao_CACACCTGTGCAGGTA	NIH_Ao	CACACCTGTGCAGGTA	NIH	SRR11008271	271_CACACCTGTGCAGGTA	TRUE
NIH_Ao_CACACCTTCAGCTTAG	NIH_Ao	CACACCTTCAGCTTAG	NIH	SRR11008271	271_CACACCTTCAGCTTAG	TRUE
NIH_Ao_CACACCTTCTGCAAGT	NIH_Ao	CACACCTTCTGCAAGT	NIH	SRR11008271	271_CACACCTTCTGCAAGT	TRUE
NIH_Ao_CACACTCTCAACACGT	NIH_Ao	CACACTCTCAACACGT	NIH	SRR11008271	271_CACACTCTCAACACGT	TRUE
NIH_Ao_CACACTCTCAGATAAG	NIH_Ao	CACACTCTCAGATAAG	NIH	SRR11008271	271_CACACTCTCAGATAAG	TRUE
NIH_Ao_CACACTCTCATGCTCC	NIH_Ao	CACACTCTCATGCTCC	NIH	SRR11008271	271_CACACTCTCATGCTCC	TRUE
NIH_Ao_CACACTCTCCCTAACC	NIH_Ao	CACACTCTCCCTAACC	NIH	SRR11008271	271_CACACTCTCCCTAACC	TRUE
NIH_Ao_CACACTCTCGCCAGCA	NIH_Ao	CACACTCTCGCCAGCA	NIH	SRR11008271	271_CACACTCTCGCCAGCA	TRUE
NIH_Ao_CACAGGCAGCTTATCG	NIH_Ao	CACAGGCAGCTTATCG	NIH	SRR11008271	271_CACAGGCAGCTTATCG	TRUE
NIH_Ao_CACAGGCAGGACCACA	NIH_Ao	CACAGGCAGGACCACA	NIH	SRR11008271	271_CACAGGCAGGACCACA	TRUE
NIH_Ao_CACAGGCTCTCATTCA	NIH_Ao	CACAGGCTCTCATTCA	NIH	SRR11008271	271_CACAGGCTCTCATTCA	TRUE
NIH_Ao_CACAGTAAGCAGGTCA	NIH_Ao	CACAGTAAGCAGGTCA	NIH	SRR11008271	271_CACAGTAAGCAGGTCA	TRUE
NIH_Ao_CACAGTACAAAGAATC	NIH_Ao	CACAGTACAAAGAATC	NIH	SRR11008271	271_CACAGTACAAAGAATC	TRUE
NIH_Ao_CACAGTACAAGGGTCA	NIH_Ao	CACAGTACAAGGGTCA	NIH	SRR11008271	271_CACAGTACAAGGGTCA	TRUE
NIH_Ao_CACAGTACAGAGTGTG	NIH_Ao	CACAGTACAGAGTGTG	NIH	SRR11008271	271_CACAGTACAGAGTGTG	TRUE
NIH_Ao_CACAGTACATACGCTA	NIH_Ao	CACAGTACATACGCTA	NIH	SRR11008271	271_CACAGTACATACGCTA	TRUE
NIH_Ao_CACAGTAGTACTTGAC	NIH_Ao	CACAGTAGTACTTGAC	NIH	SRR11008271	271_CACAGTAGTACTTGAC	TRUE
NIH_Ao_CACAGTAGTTTGCATG	NIH_Ao	CACAGTAGTTTGCATG	NIH	SRR11008271	271_CACAGTAGTTTGCATG	TRUE
NIH_Ao_CACAGTATCTCTAAGG	NIH_Ao	CACAGTATCTCTAAGG	NIH	SRR11008271	271_CACAGTATCTCTAAGG	TRUE
NIH_Ao_CACATAGAGAAGGCCT	NIH_Ao	CACATAGAGAAGGCCT	NIH	SRR11008271	271_CACATAGAGAAGGCCT	TRUE
NIH_Ao_CACATAGAGACGACGT	NIH_Ao	CACATAGAGACGACGT	NIH	SRR11008271	271_CACATAGAGACGACGT	TRUE
NIH_Ao_CACATAGGTGCAGTAG	NIH_Ao	CACATAGGTGCAGTAG	NIH	SRR11008271	271_CACATAGGTGCAGTAG	TRUE
NIH_Ao_CACATAGTCTGCCAGG	NIH_Ao	CACATAGTCTGCCAGG	NIH	SRR11008271	271_CACATAGTCTGCCAGG	TRUE
NIH_Ao_CACATTTCACCGAATT	NIH_Ao	CACATTTCACCGAATT	NIH	SRR11008271	271_CACATTTCACCGAATT	TRUE
NIH_Ao_CACATTTCATGCAATC	NIH_Ao	CACATTTCATGCAATC	NIH	SRR11008271	271_CACATTTCATGCAATC	TRUE
NIH_Ao_CACATTTTCATGTAGC	NIH_Ao	CACATTTTCATGTAGC	NIH	SRR11008271	271_CACATTTTCATGTAGC	TRUE
NIH_Ao_CACCACTAGGGTATCG	NIH_Ao	CACCACTAGGGTATCG	NIH	SRR11008271	271_CACCACTAGGGTATCG	TRUE
NIH_Ao_CACCACTCACGAGGTA	NIH_Ao	CACCACTCACGAGGTA	NIH	SRR11008271	271_CACCACTCACGAGGTA	FALSE
NIH_Ao_CACCACTCAGTGAGTG	NIH_Ao	CACCACTCAGTGAGTG	NIH	SRR11008271	271_CACCACTCAGTGAGTG	TRUE
NIH_Ao_CACCACTCATGCTAGT	NIH_Ao	CACCACTCATGCTAGT	NIH	SRR11008271	271_CACCACTCATGCTAGT	TRUE
NIH_Ao_CACCACTGTTGTTTGG	NIH_Ao	CACCACTGTTGTTTGG	NIH	SRR11008271	271_CACCACTGTTGTTTGG	TRUE
NIH_Ao_CACCAGGCATCCTAGA	NIH_Ao	CACCAGGCATCCTAGA	NIH	SRR11008271	271_CACCAGGCATCCTAGA	TRUE
NIH_Ao_CACCAGGGTAGGGACT	NIH_Ao	CACCAGGGTAGGGACT	NIH	SRR11008271	271_CACCAGGGTAGGGACT	TRUE
NIH_Ao_CACCAGGGTCCTGCTT	NIH_Ao	CACCAGGGTCCTGCTT	NIH	SRR11008271	271_CACCAGGGTCCTGCTT	TRUE
NIH_Ao_CACCAGGGTGTAAGTA	NIH_Ao	CACCAGGGTGTAAGTA	NIH	SRR11008271	271_CACCAGGGTGTAAGTA	TRUE
NIH_Ao_CACCAGGTCAGCTTAG	NIH_Ao	CACCAGGTCAGCTTAG	NIH	SRR11008271	271_CACCAGGTCAGCTTAG	TRUE
NIH_Ao_CACCTTGAGTTAGGTA	NIH_Ao	CACCTTGAGTTAGGTA	NIH	SRR11008271	271_CACCTTGAGTTAGGTA	TRUE
NIH_Ao_CACCTTGCATCCTAGA	NIH_Ao	CACCTTGCATCCTAGA	NIH	SRR11008271	271_CACCTTGCATCCTAGA	TRUE
NIH_Ao_CACCTTGGTACTCAAC	NIH_Ao	CACCTTGGTACTCAAC	NIH	SRR11008271	271_CACCTTGGTACTCAAC	TRUE
NIH_Ao_CACCTTGGTCCCGACA	NIH_Ao	CACCTTGGTCCCGACA	NIH	SRR11008271	271_CACCTTGGTCCCGACA	TRUE
NIH_Ao_CACCTTGTCGCGATCG	NIH_Ao	CACCTTGTCGCGATCG	NIH	SRR11008271	271_CACCTTGTCGCGATCG	TRUE
NIH_Ao_CACTCCAAGGCATGTG	NIH_Ao	CACTCCAAGGCATGTG	NIH	SRR11008271	271_CACTCCAAGGCATGTG	TRUE
NIH_Ao_CACTCCACAAGGGTCA	NIH_Ao	CACTCCACAAGGGTCA	NIH	SRR11008271	271_CACTCCACAAGGGTCA	TRUE
NIH_Ao_CACTCCATCGAGCCCA	NIH_Ao	CACTCCATCGAGCCCA	NIH	SRR11008271	271_CACTCCATCGAGCCCA	TRUE
NIH_Ao_CACTCCATCGGACAAG	NIH_Ao	CACTCCATCGGACAAG	NIH	SRR11008271	271_CACTCCATCGGACAAG	TRUE
NIH_Ao_CAGAATCAGCTCCTCT	NIH_Ao	CAGAATCAGCTCCTCT	NIH	SRR11008271	271_CAGAATCAGCTCCTCT	TRUE
NIH_Ao_CAGAATCCAAAGGTGC	NIH_Ao	CAGAATCCAAAGGTGC	NIH	SRR11008271	271_CAGAATCCAAAGGTGC	TRUE
NIH_Ao_CAGAATCCATCTATGG	NIH_Ao	CAGAATCCATCTATGG	NIH	SRR11008271	271_CAGAATCCATCTATGG	TRUE
NIH_Ao_CAGAATCGTGAACCTT	NIH_Ao	CAGAATCGTGAACCTT	NIH	SRR11008271	271_CAGAATCGTGAACCTT	TRUE
NIH_Ao_CAGAATCTCAGGTAAA	NIH_Ao	CAGAATCTCAGGTAAA	NIH	SRR11008271	271_CAGAATCTCAGGTAAA	TRUE
NIH_Ao_CAGAGAGAGCTAGCCC	NIH_Ao	CAGAGAGAGCTAGCCC	NIH	SRR11008271	271_CAGAGAGAGCTAGCCC	TRUE
NIH_Ao_CAGAGAGCAAAGTCAA	NIH_Ao	CAGAGAGCAAAGTCAA	NIH	SRR11008271	271_CAGAGAGCAAAGTCAA	TRUE
NIH_Ao_CAGAGAGCAGCTATTG	NIH_Ao	CAGAGAGCAGCTATTG	NIH	SRR11008271	271_CAGAGAGCAGCTATTG	TRUE
NIH_Ao_CAGAGAGGTAACGCGA	NIH_Ao	CAGAGAGGTAACGCGA	NIH	SRR11008271	271_CAGAGAGGTAACGCGA	TRUE
NIH_Ao_CAGAGAGGTCATTAGC	NIH_Ao	CAGAGAGGTCATTAGC	NIH	SRR11008271	271_CAGAGAGGTCATTAGC	TRUE
NIH_Ao_CAGAGAGGTGTCAATC	NIH_Ao	CAGAGAGGTGTCAATC	NIH	SRR11008271	271_CAGAGAGGTGTCAATC	TRUE
NIH_Ao_CAGAGAGTCGCGTAGC	NIH_Ao	CAGAGAGTCGCGTAGC	NIH	SRR11008271	271_CAGAGAGTCGCGTAGC	TRUE
NIH_Ao_CAGATCAAGATATGCA	NIH_Ao	CAGATCAAGATATGCA	NIH	SRR11008271	271_CAGATCAAGATATGCA	TRUE
NIH_Ao_CAGATCACACGTGAGA	NIH_Ao	CAGATCACACGTGAGA	NIH	SRR11008271	271_CAGATCACACGTGAGA	TRUE
NIH_Ao_CAGATCACAGGAACGT	NIH_Ao	CAGATCACAGGAACGT	NIH	SRR11008271	271_CAGATCACAGGAACGT	TRUE
NIH_Ao_CAGATCAGTTGTGGAG	NIH_Ao	CAGATCAGTTGTGGAG	NIH	SRR11008271	271_CAGATCAGTTGTGGAG	TRUE
NIH_Ao_CAGATCATCGTATCAG	NIH_Ao	CAGATCATCGTATCAG	NIH	SRR11008271	271_CAGATCATCGTATCAG	TRUE
NIH_Ao_CAGCAGCAGTTTCCTT	NIH_Ao	CAGCAGCAGTTTCCTT	NIH	SRR11008271	271_CAGCAGCAGTTTCCTT	TRUE
NIH_Ao_CAGCAGCCACCGTTGG	NIH_Ao	CAGCAGCCACCGTTGG	NIH	SRR11008271	271_CAGCAGCCACCGTTGG	TRUE
NIH_Ao_CAGCAGCGTGACAAAT	NIH_Ao	CAGCAGCGTGACAAAT	NIH	SRR11008271	271_CAGCAGCGTGACAAAT	TRUE
NIH_Ao_CAGCAGCTCGCCGTGA	NIH_Ao	CAGCAGCTCGCCGTGA	NIH	SRR11008271	271_CAGCAGCTCGCCGTGA	TRUE
NIH_Ao_CAGCATAAGACTACAA	NIH_Ao	CAGCATAAGACTACAA	NIH	SRR11008271	271_CAGCATAAGACTACAA	TRUE
NIH_Ao_CAGCATAAGCTACCGC	NIH_Ao	CAGCATAAGCTACCGC	NIH	SRR11008271	271_CAGCATAAGCTACCGC	TRUE
NIH_Ao_CAGCATACAAAGTGCG	NIH_Ao	CAGCATACAAAGTGCG	NIH	SRR11008271	271_CAGCATACAAAGTGCG	TRUE
NIH_Ao_CAGCATACACGGCGTT	NIH_Ao	CAGCATACACGGCGTT	NIH	SRR11008271	271_CAGCATACACGGCGTT	TRUE
NIH_Ao_CAGCATAGTAGCTGCC	NIH_Ao	CAGCATAGTAGCTGCC	NIH	SRR11008271	271_CAGCATAGTAGCTGCC	TRUE
NIH_Ao_CAGCATAGTTGTGGAG	NIH_Ao	CAGCATAGTTGTGGAG	NIH	SRR11008271	271_CAGCATAGTTGTGGAG	TRUE
NIH_Ao_CAGCATATCTCCAGGG	NIH_Ao	CAGCATATCTCCAGGG	NIH	SRR11008271	271_CAGCATATCTCCAGGG	TRUE
NIH_Ao_CAGCCGAAGTCGCCGT	NIH_Ao	CAGCCGAAGTCGCCGT	NIH	SRR11008271	271_CAGCCGAAGTCGCCGT	TRUE
NIH_Ao_CAGCCGACAGTTTACG	NIH_Ao	CAGCCGACAGTTTACG	NIH	SRR11008271	271_CAGCCGACAGTTTACG	TRUE
NIH_Ao_CAGCCGAGTAAAGGAG	NIH_Ao	CAGCCGAGTAAAGGAG	NIH	SRR11008271	271_CAGCCGAGTAAAGGAG	TRUE
NIH_Ao_CAGCCGAGTACTCTCC	NIH_Ao	CAGCCGAGTACTCTCC	NIH	SRR11008271	271_CAGCCGAGTACTCTCC	TRUE
NIH_Ao_CAGCCGAGTCTGCCAG	NIH_Ao	CAGCCGAGTCTGCCAG	NIH	SRR11008271	271_CAGCCGAGTCTGCCAG	TRUE
NIH_Ao_CAGCCGATCCAACCAA	NIH_Ao	CAGCCGATCCAACCAA	NIH	SRR11008271	271_CAGCCGATCCAACCAA	TRUE
NIH_Ao_CAGCCGATCCACGCAG	NIH_Ao	CAGCCGATCCACGCAG	NIH	SRR11008271	271_CAGCCGATCCACGCAG	TRUE
NIH_Ao_CAGCCGATCCGCGTTT	NIH_Ao	CAGCCGATCCGCGTTT	NIH	SRR11008271	271_CAGCCGATCCGCGTTT	TRUE
NIH_Ao_CAGCGACAGTGTGGCA	NIH_Ao	CAGCGACAGTGTGGCA	NIH	SRR11008271	271_CAGCGACAGTGTGGCA	TRUE
NIH_Ao_CAGCGACCACCAGGTC	NIH_Ao	CAGCGACCACCAGGTC	NIH	SRR11008271	271_CAGCGACCACCAGGTC	TRUE
NIH_Ao_CAGCGACGTGTCAATC	NIH_Ao	CAGCGACGTGTCAATC	NIH	SRR11008271	271_CAGCGACGTGTCAATC	TRUE
NIH_Ao_CAGCGACTCAGCATGT	NIH_Ao	CAGCGACTCAGCATGT	NIH	SRR11008271	271_CAGCGACTCAGCATGT	TRUE
NIH_Ao_CAGCGACTCGCGCCAA	NIH_Ao	CAGCGACTCGCGCCAA	NIH	SRR11008271	271_CAGCGACTCGCGCCAA	TRUE
NIH_Ao_CAGCGACTCGTTACAG	NIH_Ao	CAGCGACTCGTTACAG	NIH	SRR11008271	271_CAGCGACTCGTTACAG	TRUE
NIH_Ao_CAGCTAACAGGAATGC	NIH_Ao	CAGCTAACAGGAATGC	NIH	SRR11008271	271_CAGCTAACAGGAATGC	TRUE
NIH_Ao_CAGCTAATCCAGGGCT	NIH_Ao	CAGCTAATCCAGGGCT	NIH	SRR11008271	271_CAGCTAATCCAGGGCT	TRUE
NIH_Ao_CAGCTGGCAGTTAACC	NIH_Ao	CAGCTGGCAGTTAACC	NIH	SRR11008271	271_CAGCTGGCAGTTAACC	TRUE
NIH_Ao_CAGCTGGTCTAACCGA	NIH_Ao	CAGCTGGTCTAACCGA	NIH	SRR11008271	271_CAGCTGGTCTAACCGA	TRUE
NIH_Ao_CAGGTGCAGGCGCTCT	NIH_Ao	CAGGTGCAGGCGCTCT	NIH	SRR11008271	271_CAGGTGCAGGCGCTCT	TRUE
NIH_Ao_CAGGTGCGTAGCGCAA	NIH_Ao	CAGGTGCGTAGCGCAA	NIH	SRR11008271	271_CAGGTGCGTAGCGCAA	TRUE
NIH_Ao_CAGGTGCTCAGTGCAT	NIH_Ao	CAGGTGCTCAGTGCAT	NIH	SRR11008271	271_CAGGTGCTCAGTGCAT	TRUE
NIH_Ao_CAGGTGCTCGTACGGC	NIH_Ao	CAGGTGCTCGTACGGC	NIH	SRR11008271	271_CAGGTGCTCGTACGGC	TRUE
NIH_Ao_CAGGTGCTCTTGCATT	NIH_Ao	CAGGTGCTCTTGCATT	NIH	SRR11008271	271_CAGGTGCTCTTGCATT	TRUE
NIH_Ao_CAGTAACAGCGGCTTC	NIH_Ao	CAGTAACAGCGGCTTC	NIH	SRR11008271	271_CAGTAACAGCGGCTTC	TRUE
NIH_Ao_CAGTAACAGTTGTAGA	NIH_Ao	CAGTAACAGTTGTAGA	NIH	SRR11008271	271_CAGTAACAGTTGTAGA	TRUE
NIH_Ao_CAGTAACCATCAGTAC	NIH_Ao	CAGTAACCATCAGTAC	NIH	SRR11008271	271_CAGTAACCATCAGTAC	TRUE
NIH_Ao_CAGTAACGTCGGATCC	NIH_Ao	CAGTAACGTCGGATCC	NIH	SRR11008271	271_CAGTAACGTCGGATCC	TRUE
NIH_Ao_CAGTAACGTGAAGGCT	NIH_Ao	CAGTAACGTGAAGGCT	NIH	SRR11008271	271_CAGTAACGTGAAGGCT	TRUE
NIH_Ao_CAGTCCTAGCAATCTC	NIH_Ao	CAGTCCTAGCAATCTC	NIH	SRR11008271	271_CAGTCCTAGCAATCTC	TRUE
NIH_Ao_CAGTCCTCACACAGAG	NIH_Ao	CAGTCCTCACACAGAG	NIH	SRR11008271	271_CAGTCCTCACACAGAG	TRUE
NIH_Ao_CATATGGCAGGTCTCG	NIH_Ao	CATATGGCAGGTCTCG	NIH	SRR11008271	271_CATATGGCAGGTCTCG	TRUE
NIH_Ao_CATATGGGTGTGGTTT	NIH_Ao	CATATGGGTGTGGTTT	NIH	SRR11008271	271_CATATGGGTGTGGTTT	TRUE
NIH_Ao_CATATGGTCAGCTCGG	NIH_Ao	CATATGGTCAGCTCGG	NIH	SRR11008271	271_CATATGGTCAGCTCGG	TRUE
NIH_Ao_CATATGGTCTTGAGAC	NIH_Ao	CATATGGTCTTGAGAC	NIH	SRR11008271	271_CATATGGTCTTGAGAC	TRUE
NIH_Ao_CATATTCAGAAACCGC	NIH_Ao	CATATTCAGAAACCGC	NIH	SRR11008271	271_CATATTCAGAAACCGC	TRUE
NIH_Ao_CATATTCCAAATTGCC	NIH_Ao	CATATTCCAAATTGCC	NIH	SRR11008271	271_CATATTCCAAATTGCC	TRUE
NIH_Ao_CATATTCCAATGGAAT	NIH_Ao	CATATTCCAATGGAAT	NIH	SRR11008271	271_CATATTCCAATGGAAT	TRUE
NIH_Ao_CATATTCGTATAGGTA	NIH_Ao	CATATTCGTATAGGTA	NIH	SRR11008271	271_CATATTCGTATAGGTA	TRUE
NIH_Ao_CATATTCGTTCAGGCC	NIH_Ao	CATATTCGTTCAGGCC	NIH	SRR11008271	271_CATATTCGTTCAGGCC	TRUE
NIH_Ao_CATATTCTCATTTGGG	NIH_Ao	CATATTCTCATTTGGG	NIH	SRR11008271	271_CATATTCTCATTTGGG	TRUE
NIH_Ao_CATCAAGCATCCTAGA	NIH_Ao	CATCAAGCATCCTAGA	NIH	SRR11008271	271_CATCAAGCATCCTAGA	TRUE
NIH_Ao_CATCAAGGTCAGATAA	NIH_Ao	CATCAAGGTCAGATAA	NIH	SRR11008271	271_CATCAAGGTCAGATAA	TRUE
NIH_Ao_CATCAAGGTGTAAGTA	NIH_Ao	CATCAAGGTGTAAGTA	NIH	SRR11008271	271_CATCAAGGTGTAAGTA	TRUE
NIH_Ao_CATCAAGGTTATTCTC	NIH_Ao	CATCAAGGTTATTCTC	NIH	SRR11008271	271_CATCAAGGTTATTCTC	TRUE
NIH_Ao_CATCAAGTCGCCTGAG	NIH_Ao	CATCAAGTCGCCTGAG	NIH	SRR11008271	271_CATCAAGTCGCCTGAG	TRUE
NIH_Ao_CATCAGACAAGGTTTC	NIH_Ao	CATCAGACAAGGTTTC	NIH	SRR11008271	271_CATCAGACAAGGTTTC	TRUE
NIH_Ao_CATCAGACACGCTTTC	NIH_Ao	CATCAGACACGCTTTC	NIH	SRR11008271	271_CATCAGACACGCTTTC	TRUE
NIH_Ao_CATCAGAGTGACTCAT	NIH_Ao	CATCAGAGTGACTCAT	NIH	SRR11008271	271_CATCAGAGTGACTCAT	TRUE
NIH_Ao_CATCAGATCACGCGGT	NIH_Ao	CATCAGATCACGCGGT	NIH	SRR11008271	271_CATCAGATCACGCGGT	TRUE
NIH_Ao_CATCAGATCGCCTGTT	NIH_Ao	CATCAGATCGCCTGTT	NIH	SRR11008271	271_CATCAGATCGCCTGTT	TRUE
NIH_Ao_CATCCACAGCTGAACG	NIH_Ao	CATCCACAGCTGAACG	NIH	SRR11008271	271_CATCCACAGCTGAACG	TRUE
NIH_Ao_CATCCACCACAGTCGC	NIH_Ao	CATCCACCACAGTCGC	NIH	SRR11008271	271_CATCCACCACAGTCGC	TRUE
NIH_Ao_CATCCACGTTGACGTT	NIH_Ao	CATCCACGTTGACGTT	NIH	SRR11008271	271_CATCCACGTTGACGTT	TRUE
NIH_Ao_CATCCACGTTGGGACA	NIH_Ao	CATCCACGTTGGGACA	NIH	SRR11008271	271_CATCCACGTTGGGACA	TRUE
NIH_Ao_CATCCACTCAGGCCCA	NIH_Ao	CATCCACTCAGGCCCA	NIH	SRR11008271	271_CATCCACTCAGGCCCA	TRUE
NIH_Ao_CATCCACTCCAGTATG	NIH_Ao	CATCCACTCCAGTATG	NIH	SRR11008271	271_CATCCACTCCAGTATG	TRUE
NIH_Ao_CATCGAACAATCACAC	NIH_Ao	CATCGAACAATCACAC	NIH	SRR11008271	271_CATCGAACAATCACAC	TRUE
NIH_Ao_CATCGAAGTCATGCAT	NIH_Ao	CATCGAAGTCATGCAT	NIH	SRR11008271	271_CATCGAAGTCATGCAT	TRUE
NIH_Ao_CATCGAAGTCTGGAGA	NIH_Ao	CATCGAAGTCTGGAGA	NIH	SRR11008271	271_CATCGAAGTCTGGAGA	TRUE
NIH_Ao_CATCGAAGTGGAAAGA	NIH_Ao	CATCGAAGTGGAAAGA	NIH	SRR11008271	271_CATCGAAGTGGAAAGA	TRUE
NIH_Ao_CATCGGGAGCTAACAA	NIH_Ao	CATCGGGAGCTAACAA	NIH	SRR11008271	271_CATCGGGAGCTAACAA	TRUE
NIH_Ao_CATCGGGCAAAGCGGT	NIH_Ao	CATCGGGCAAAGCGGT	NIH	SRR11008271	271_CATCGGGCAAAGCGGT	TRUE
NIH_Ao_CATCGGGCACCTTGTC	NIH_Ao	CATCGGGCACCTTGTC	NIH	SRR11008271	271_CATCGGGCACCTTGTC	TRUE
NIH_Ao_CATGACAAGGAGTTGC	NIH_Ao	CATGACAAGGAGTTGC	NIH	SRR11008271	271_CATGACAAGGAGTTGC	TRUE
NIH_Ao_CATGACACAATCACAC	NIH_Ao	CATGACACAATCACAC	NIH	SRR11008271	271_CATGACACAATCACAC	TRUE
NIH_Ao_CATGACACACATGGGA	NIH_Ao	CATGACACACATGGGA	NIH	SRR11008271	271_CATGACACACATGGGA	TRUE
NIH_Ao_CATGACACATACGCCG	NIH_Ao	CATGACACATACGCCG	NIH	SRR11008271	271_CATGACACATACGCCG	TRUE
NIH_Ao_CATGACAGTCAAAGCG	NIH_Ao	CATGACAGTCAAAGCG	NIH	SRR11008271	271_CATGACAGTCAAAGCG	TRUE
NIH_Ao_CATGACAGTTCTGAAC	NIH_Ao	CATGACAGTTCTGAAC	NIH	SRR11008271	271_CATGACAGTTCTGAAC	TRUE
NIH_Ao_CATGACATCAAGCCTA	NIH_Ao	CATGACATCAAGCCTA	NIH	SRR11008271	271_CATGACATCAAGCCTA	TRUE
NIH_Ao_CATGACATCTGATTCT	NIH_Ao	CATGACATCTGATTCT	NIH	SRR11008271	271_CATGACATCTGATTCT	TRUE
NIH_Ao_CATGCCTAGACTAGGC	NIH_Ao	CATGCCTAGACTAGGC	NIH	SRR11008271	271_CATGCCTAGACTAGGC	TRUE
NIH_Ao_CATGCCTAGCAATCTC	NIH_Ao	CATGCCTAGCAATCTC	NIH	SRR11008271	271_CATGCCTAGCAATCTC	TRUE
NIH_Ao_CATGCCTCACAAGCCC	NIH_Ao	CATGCCTCACAAGCCC	NIH	SRR11008271	271_CATGCCTCACAAGCCC	TRUE
NIH_Ao_CATGCCTGTCAAAGCG	NIH_Ao	CATGCCTGTCAAAGCG	NIH	SRR11008271	271_CATGCCTGTCAAAGCG	TRUE
NIH_Ao_CATGCCTGTTTGACTG	NIH_Ao	CATGCCTGTTTGACTG	NIH	SRR11008271	271_CATGCCTGTTTGACTG	TRUE
NIH_Ao_CATGCCTTCCGAACGC	NIH_Ao	CATGCCTTCCGAACGC	NIH	SRR11008271	271_CATGCCTTCCGAACGC	TRUE
NIH_Ao_CATGGCGAGAAACCTA	NIH_Ao	CATGGCGAGAAACCTA	NIH	SRR11008271	271_CATGGCGAGAAACCTA	TRUE
NIH_Ao_CATGGCGCACAACTGT	NIH_Ao	CATGGCGCACAACTGT	NIH	SRR11008271	271_CATGGCGCACAACTGT	TRUE
NIH_Ao_CATGGCGCATAAGACA	NIH_Ao	CATGGCGCATAAGACA	NIH	SRR11008271	271_CATGGCGCATAAGACA	TRUE
NIH_Ao_CATGGCGGTAGATTAG	NIH_Ao	CATGGCGGTAGATTAG	NIH	SRR11008271	271_CATGGCGGTAGATTAG	TRUE
NIH_Ao_CATGGCGGTGTGACCC	NIH_Ao	CATGGCGGTGTGACCC	NIH	SRR11008271	271_CATGGCGGTGTGACCC	TRUE
NIH_Ao_CATGGCGTCTGCCAGG	NIH_Ao	CATGGCGTCTGCCAGG	NIH	SRR11008271	271_CATGGCGTCTGCCAGG	TRUE
NIH_Ao_CATTATCAGACTAGAT	NIH_Ao	CATTATCAGACTAGAT	NIH	SRR11008271	271_CATTATCAGACTAGAT	TRUE
NIH_Ao_CATTATCCAGGGTACA	NIH_Ao	CATTATCCAGGGTACA	NIH	SRR11008271	271_CATTATCCAGGGTACA	TRUE
NIH_Ao_CATTATCCAGGGTATG	NIH_Ao	CATTATCCAGGGTATG	NIH	SRR11008271	271_CATTATCCAGGGTATG	TRUE
NIH_Ao_CATTATCCAGGTCGTC	NIH_Ao	CATTATCCAGGTCGTC	NIH	SRR11008271	271_CATTATCCAGGTCGTC	TRUE
NIH_Ao_CATTATCGTCTTGTCC	NIH_Ao	CATTATCGTCTTGTCC	NIH	SRR11008271	271_CATTATCGTCTTGTCC	TRUE
NIH_Ao_CATTATCGTTGAACTC	NIH_Ao	CATTATCGTTGAACTC	NIH	SRR11008271	271_CATTATCGTTGAACTC	TRUE
NIH_Ao_CATTATCGTTTGTTGG	NIH_Ao	CATTATCGTTTGTTGG	NIH	SRR11008271	271_CATTATCGTTTGTTGG	TRUE
NIH_Ao_CATTCGCTCAGGCAAG	NIH_Ao	CATTCGCTCAGGCAAG	NIH	SRR11008271	271_CATTCGCTCAGGCAAG	TRUE
NIH_Ao_CATTCGCTCCACTCCA	NIH_Ao	CATTCGCTCCACTCCA	NIH	SRR11008271	271_CATTCGCTCCACTCCA	TRUE
NIH_Ao_CATTCGCTCTTCGGTC	NIH_Ao	CATTCGCTCTTCGGTC	NIH	SRR11008271	271_CATTCGCTCTTCGGTC	TRUE
NIH_Ao_CCAATCCGTTTGGGCC	NIH_Ao	CCAATCCGTTTGGGCC	NIH	SRR11008271	271_CCAATCCGTTTGGGCC	TRUE
NIH_Ao_CCACCTAAGCAGCCTC	NIH_Ao	CCACCTAAGCAGCCTC	NIH	SRR11008271	271_CCACCTAAGCAGCCTC	TRUE
NIH_Ao_CCACCTAAGGCATTGG	NIH_Ao	CCACCTAAGGCATTGG	NIH	SRR11008271	271_CCACCTAAGGCATTGG	TRUE
NIH_Ao_CCACCTACACTTAACG	NIH_Ao	CCACCTACACTTAACG	NIH	SRR11008271	271_CCACCTACACTTAACG	TRUE
NIH_Ao_CCACCTACAGGGTATG	NIH_Ao	CCACCTACAGGGTATG	NIH	SRR11008271	271_CCACCTACAGGGTATG	TRUE
NIH_Ao_CCACCTAGTAGCTGCC	NIH_Ao	CCACCTAGTAGCTGCC	NIH	SRR11008271	271_CCACCTAGTAGCTGCC	TRUE
NIH_Ao_CCACCTATCATGCATG	NIH_Ao	CCACCTATCATGCATG	NIH	SRR11008271	271_CCACCTATCATGCATG	TRUE
NIH_Ao_CCACGGAAGTGTGAAT	NIH_Ao	CCACGGAAGTGTGAAT	NIH	SRR11008271	271_CCACGGAAGTGTGAAT	TRUE
NIH_Ao_CCACGGACAAGTACCT	NIH_Ao	CCACGGACAAGTACCT	NIH	SRR11008271	271_CCACGGACAAGTACCT	TRUE
NIH_Ao_CCACGGACAGAAGCAC	NIH_Ao	CCACGGACAGAAGCAC	NIH	SRR11008271	271_CCACGGACAGAAGCAC	TRUE
NIH_Ao_CCACGGACATACTCTT	NIH_Ao	CCACGGACATACTCTT	NIH	SRR11008271	271_CCACGGACATACTCTT	TRUE
NIH_Ao_CCACGGAGTTCGTCTC	NIH_Ao	CCACGGAGTTCGTCTC	NIH	SRR11008271	271_CCACGGAGTTCGTCTC	TRUE
NIH_Ao_CCACTACAGGCGATAC	NIH_Ao	CCACTACAGGCGATAC	NIH	SRR11008271	271_CCACTACAGGCGATAC	TRUE
NIH_Ao_CCACTACCACAAGCCC	NIH_Ao	CCACTACCACAAGCCC	NIH	SRR11008271	271_CCACTACCACAAGCCC	TRUE
NIH_Ao_CCACTACGTAGCCTCG	NIH_Ao	CCACTACGTAGCCTCG	NIH	SRR11008271	271_CCACTACGTAGCCTCG	TRUE
NIH_Ao_CCACTACTCAGTTTGG	NIH_Ao	CCACTACTCAGTTTGG	NIH	SRR11008271	271_CCACTACTCAGTTTGG	TRUE
NIH_Ao_CCAGCGACAAGTCTGT	NIH_Ao	CCAGCGACAAGTCTGT	NIH	SRR11008271	271_CCAGCGACAAGTCTGT	TRUE
NIH_Ao_CCAGCGACAGGGAGAG	NIH_Ao	CCAGCGACAGGGAGAG	NIH	SRR11008271	271_CCAGCGACAGGGAGAG	TRUE
NIH_Ao_CCAGCGAGTTGGTGGA	NIH_Ao	CCAGCGAGTTGGTGGA	NIH	SRR11008271	271_CCAGCGAGTTGGTGGA	TRUE
NIH_Ao_CCAGCGATCGACGGAA	NIH_Ao	CCAGCGATCGACGGAA	NIH	SRR11008271	271_CCAGCGATCGACGGAA	TRUE
NIH_Ao_CCAGCGATCGAGGTAG	NIH_Ao	CCAGCGATCGAGGTAG	NIH	SRR11008271	271_CCAGCGATCGAGGTAG	TRUE
NIH_Ao_CCATGTCAGGACTGGT	NIH_Ao	CCATGTCAGGACTGGT	NIH	SRR11008271	271_CCATGTCAGGACTGGT	TRUE
NIH_Ao_CCATGTCGTACCTACA	NIH_Ao	CCATGTCGTACCTACA	NIH	SRR11008271	271_CCATGTCGTACCTACA	TRUE
NIH_Ao_CCATGTCTCCACGCAG	NIH_Ao	CCATGTCTCCACGCAG	NIH	SRR11008271	271_CCATGTCTCCACGCAG	TRUE
NIH_Ao_CCATTCGAGTCCATAC	NIH_Ao	CCATTCGAGTCCATAC	NIH	SRR11008271	271_CCATTCGAGTCCATAC	TRUE
NIH_Ao_CCATTCGGTAGAGCTG	NIH_Ao	CCATTCGGTAGAGCTG	NIH	SRR11008271	271_CCATTCGGTAGAGCTG	TRUE
NIH_Ao_CCATTCGTCGTTTATC	NIH_Ao	CCATTCGTCGTTTATC	NIH	SRR11008271	271_CCATTCGTCGTTTATC	TRUE
NIH_Ao_CCATTCGTCTCGGACG	NIH_Ao	CCATTCGTCTCGGACG	NIH	SRR11008271	271_CCATTCGTCTCGGACG	TRUE
NIH_Ao_CCCAATCAGCCAACAG	NIH_Ao	CCCAATCAGCCAACAG	NIH	SRR11008271	271_CCCAATCAGCCAACAG	TRUE
NIH_Ao_CCCAATCAGCGATATA	NIH_Ao	CCCAATCAGCGATATA	NIH	SRR11008271	271_CCCAATCAGCGATATA	TRUE
NIH_Ao_CCCAATCCAATTCCTT	NIH_Ao	CCCAATCCAATTCCTT	NIH	SRR11008271	271_CCCAATCCAATTCCTT	TRUE
NIH_Ao_CCCAGTTAGCCTTGAT	NIH_Ao	CCCAGTTAGCCTTGAT	NIH	SRR11008271	271_CCCAGTTAGCCTTGAT	TRUE
NIH_Ao_CCCAGTTGTATTCGTG	NIH_Ao	CCCAGTTGTATTCGTG	NIH	SRR11008271	271_CCCAGTTGTATTCGTG	TRUE
NIH_Ao_CCCAGTTTCAGGTAAA	NIH_Ao	CCCAGTTTCAGGTAAA	NIH	SRR11008271	271_CCCAGTTTCAGGTAAA	TRUE
NIH_Ao_CCCATACTCGGCTTGG	NIH_Ao	CCCATACTCGGCTTGG	NIH	SRR11008271	271_CCCATACTCGGCTTGG	TRUE
NIH_Ao_CCCTCCTAGCTACCTA	NIH_Ao	CCCTCCTAGCTACCTA	NIH	SRR11008271	271_CCCTCCTAGCTACCTA	TRUE
NIH_Ao_CCCTCCTAGGGAGTAA	NIH_Ao	CCCTCCTAGGGAGTAA	NIH	SRR11008271	271_CCCTCCTAGGGAGTAA	TRUE
NIH_Ao_CCCTCCTCAGCCTTGG	NIH_Ao	CCCTCCTCAGCCTTGG	NIH	SRR11008271	271_CCCTCCTCAGCCTTGG	TRUE
NIH_Ao_CCCTCCTGTCCGAATT	NIH_Ao	CCCTCCTGTCCGAATT	NIH	SRR11008271	271_CCCTCCTGTCCGAATT	TRUE
NIH_Ao_CCCTCCTTCTTTACGT	NIH_Ao	CCCTCCTTCTTTACGT	NIH	SRR11008271	271_CCCTCCTTCTTTACGT	TRUE
NIH_Ao_CCGGGATAGCTAGGCA	NIH_Ao	CCGGGATAGCTAGGCA	NIH	SRR11008271	271_CCGGGATAGCTAGGCA	TRUE
NIH_Ao_CCGGGATAGGAATCGC	NIH_Ao	CCGGGATAGGAATCGC	NIH	SRR11008271	271_CCGGGATAGGAATCGC	TRUE
NIH_Ao_CCGGGATCAGGGAGAG	NIH_Ao	CCGGGATCAGGGAGAG	NIH	SRR11008271	271_CCGGGATCAGGGAGAG	TRUE
NIH_Ao_CCGGGATGTCTTTCAT	NIH_Ao	CCGGGATGTCTTTCAT	NIH	SRR11008271	271_CCGGGATGTCTTTCAT	TRUE
NIH_Ao_CCGGTAGAGATGTGGC	NIH_Ao	CCGGTAGAGATGTGGC	NIH	SRR11008271	271_CCGGTAGAGATGTGGC	TRUE
NIH_Ao_CCGGTAGAGTACACCT	NIH_Ao	CCGGTAGAGTACACCT	NIH	SRR11008271	271_CCGGTAGAGTACACCT	TRUE
NIH_Ao_CCGGTAGAGTGACATA	NIH_Ao	CCGGTAGAGTGACATA	NIH	SRR11008271	271_CCGGTAGAGTGACATA	TRUE
NIH_Ao_CCGGTAGCAATCCGAT	NIH_Ao	CCGGTAGCAATCCGAT	NIH	SRR11008271	271_CCGGTAGCAATCCGAT	TRUE
NIH_Ao_CCGGTAGCACATCTTT	NIH_Ao	CCGGTAGCACATCTTT	NIH	SRR11008271	271_CCGGTAGCACATCTTT	TRUE
NIH_Ao_CCGGTAGCACTATCTT	NIH_Ao	CCGGTAGCACTATCTT	NIH	SRR11008271	271_CCGGTAGCACTATCTT	TRUE
NIH_Ao_CCGGTAGTCCTGTAGA	NIH_Ao	CCGGTAGTCCTGTAGA	NIH	SRR11008271	271_CCGGTAGTCCTGTAGA	TRUE
NIH_Ao_CCGTACTCATTAGGCT	NIH_Ao	CCGTACTCATTAGGCT	NIH	SRR11008271	271_CCGTACTCATTAGGCT	TRUE
NIH_Ao_CCGTACTTCACTCTTA	NIH_Ao	CCGTACTTCACTCTTA	NIH	SRR11008271	271_CCGTACTTCACTCTTA	TRUE
NIH_Ao_CCGTACTTCCTATTCA	NIH_Ao	CCGTACTTCCTATTCA	NIH	SRR11008271	271_CCGTACTTCCTATTCA	TRUE
NIH_Ao_CCGTGGACAGCAGTTT	NIH_Ao	CCGTGGACAGCAGTTT	NIH	SRR11008271	271_CCGTGGACAGCAGTTT	TRUE
NIH_Ao_CCGTGGACAGGTGCCT	NIH_Ao	CCGTGGACAGGTGCCT	NIH	SRR11008271	271_CCGTGGACAGGTGCCT	TRUE
NIH_Ao_CCGTTCACAGGATCGA	NIH_Ao	CCGTTCACAGGATCGA	NIH	SRR11008271	271_CCGTTCACAGGATCGA	TRUE
NIH_Ao_CCGTTCATCCTGCTTG	NIH_Ao	CCGTTCATCCTGCTTG	NIH	SRR11008271	271_CCGTTCATCCTGCTTG	TRUE
NIH_Ao_CCTAAAGAGGATTCGG	NIH_Ao	CCTAAAGAGGATTCGG	NIH	SRR11008271	271_CCTAAAGAGGATTCGG	TRUE
NIH_Ao_CCTAAAGAGTACGTTC	NIH_Ao	CCTAAAGAGTACGTTC	NIH	SRR11008271	271_CCTAAAGAGTACGTTC	TRUE
NIH_Ao_CCTAAAGAGTGAATTG	NIH_Ao	CCTAAAGAGTGAATTG	NIH	SRR11008271	271_CCTAAAGAGTGAATTG	TRUE
NIH_Ao_CCTAAAGCAAACGCGA	NIH_Ao	CCTAAAGCAAACGCGA	NIH	SRR11008271	271_CCTAAAGCAAACGCGA	TRUE
NIH_Ao_CCTAAAGGTCTAACGT	NIH_Ao	CCTAAAGGTCTAACGT	NIH	SRR11008271	271_CCTAAAGGTCTAACGT	TRUE
NIH_Ao_CCTAAAGTCAACCATG	NIH_Ao	CCTAAAGTCAACCATG	NIH	SRR11008271	271_CCTAAAGTCAACCATG	TRUE
NIH_Ao_CCTAAAGTCAGTCCCT	NIH_Ao	CCTAAAGTCAGTCCCT	NIH	SRR11008271	271_CCTAAAGTCAGTCCCT	TRUE
NIH_Ao_CCTAAAGTCCCACTTG	NIH_Ao	CCTAAAGTCCCACTTG	NIH	SRR11008271	271_CCTAAAGTCCCACTTG	TRUE
NIH_Ao_CCTAAAGTCCTGCAGG	NIH_Ao	CCTAAAGTCCTGCAGG	NIH	SRR11008271	271_CCTAAAGTCCTGCAGG	TRUE
NIH_Ao_CCTAAAGTCGGAAATA	NIH_Ao	CCTAAAGTCGGAAATA	NIH	SRR11008271	271_CCTAAAGTCGGAAATA	TRUE
NIH_Ao_CCTACACAGCTAAACA	NIH_Ao	CCTACACAGCTAAACA	NIH	SRR11008271	271_CCTACACAGCTAAACA	TRUE
NIH_Ao_CCTACACCAGTTTACG	NIH_Ao	CCTACACCAGTTTACG	NIH	SRR11008271	271_CCTACACCAGTTTACG	TRUE
NIH_Ao_CCTACACCATGCATGT	NIH_Ao	CCTACACCATGCATGT	NIH	SRR11008271	271_CCTACACCATGCATGT	TRUE
NIH_Ao_CCTACCACAATGTTGC	NIH_Ao	CCTACCACAATGTTGC	NIH	SRR11008271	271_CCTACCACAATGTTGC	TRUE
NIH_Ao_CCTACCACAGTCAGCC	NIH_Ao	CCTACCACAGTCAGCC	NIH	SRR11008271	271_CCTACCACAGTCAGCC	TRUE
NIH_Ao_CCTACCAGTTCACGGC	NIH_Ao	CCTACCAGTTCACGGC	NIH	SRR11008271	271_CCTACCAGTTCACGGC	TRUE
NIH_Ao_CCTACCAGTTCCAACA	NIH_Ao	CCTACCAGTTCCAACA	NIH	SRR11008271	271_CCTACCAGTTCCAACA	TRUE
NIH_Ao_CCTAGCTAGTACACCT	NIH_Ao	CCTAGCTAGTACACCT	NIH	SRR11008271	271_CCTAGCTAGTACACCT	TRUE
NIH_Ao_CCTAGCTCACCCTATC	NIH_Ao	CCTAGCTCACCCTATC	NIH	SRR11008271	271_CCTAGCTCACCCTATC	TRUE
NIH_Ao_CCTAGCTCACCTATCC	NIH_Ao	CCTAGCTCACCTATCC	NIH	SRR11008271	271_CCTAGCTCACCTATCC	TRUE
NIH_Ao_CCTAGCTGTCCAAGTT	NIH_Ao	CCTAGCTGTCCAAGTT	NIH	SRR11008271	271_CCTAGCTGTCCAAGTT	TRUE
NIH_Ao_CCTAGCTTCTAGAGTC	NIH_Ao	CCTAGCTTCTAGAGTC	NIH	SRR11008271	271_CCTAGCTTCTAGAGTC	TRUE
NIH_Ao_CCTATTAAGATAGCAT	NIH_Ao	CCTATTAAGATAGCAT	NIH	SRR11008271	271_CCTATTAAGATAGCAT	FALSE
NIH_Ao_CCTATTAAGTGGGTTG	NIH_Ao	CCTATTAAGTGGGTTG	NIH	SRR11008271	271_CCTATTAAGTGGGTTG	TRUE
NIH_Ao_CCTATTACAAAGCGGT	NIH_Ao	CCTATTACAAAGCGGT	NIH	SRR11008271	271_CCTATTACAAAGCGGT	TRUE
NIH_Ao_CCTATTACAATCACAC	NIH_Ao	CCTATTACAATCACAC	NIH	SRR11008271	271_CCTATTACAATCACAC	TRUE
NIH_Ao_CCTATTACACCAGTTA	NIH_Ao	CCTATTACACCAGTTA	NIH	SRR11008271	271_CCTATTACACCAGTTA	TRUE
NIH_Ao_CCTATTATCTGATACG	NIH_Ao	CCTATTATCTGATACG	NIH	SRR11008271	271_CCTATTATCTGATACG	TRUE
NIH_Ao_CCTATTATCTGTCAAG	NIH_Ao	CCTATTATCTGTCAAG	NIH	SRR11008271	271_CCTATTATCTGTCAAG	TRUE
NIH_Ao_CCTCAGTAGGCATGTG	NIH_Ao	CCTCAGTAGGCATGTG	NIH	SRR11008271	271_CCTCAGTAGGCATGTG	TRUE
NIH_Ao_CCTCAGTGTCGAACAG	NIH_Ao	CCTCAGTGTCGAACAG	NIH	SRR11008271	271_CCTCAGTGTCGAACAG	TRUE
NIH_Ao_CCTCAGTTCAGCTCTC	NIH_Ao	CCTCAGTTCAGCTCTC	NIH	SRR11008271	271_CCTCAGTTCAGCTCTC	TRUE
NIH_Ao_CCTCTGATCACATAGC	NIH_Ao	CCTCTGATCACATAGC	NIH	SRR11008271	271_CCTCTGATCACATAGC	TRUE
NIH_Ao_CCTTACGAGTTGAGAT	NIH_Ao	CCTTACGAGTTGAGAT	NIH	SRR11008271	271_CCTTACGAGTTGAGAT	TRUE
NIH_Ao_CCTTACGCAACACCCG	NIH_Ao	CCTTACGCAACACCCG	NIH	SRR11008271	271_CCTTACGCAACACCCG	TRUE
NIH_Ao_CCTTACGCAGCCTTTC	NIH_Ao	CCTTACGCAGCCTTTC	NIH	SRR11008271	271_CCTTACGCAGCCTTTC	TRUE
NIH_Ao_CCTTACGTCTCCAACC	NIH_Ao	CCTTACGTCTCCAACC	NIH	SRR11008271	271_CCTTACGTCTCCAACC	TRUE
NIH_Ao_CCTTCCCAGATGGGTC	NIH_Ao	CCTTCCCAGATGGGTC	NIH	SRR11008271	271_CCTTCCCAGATGGGTC	TRUE
NIH_Ao_CCTTCCCAGCGCTTAT	NIH_Ao	CCTTCCCAGCGCTTAT	NIH	SRR11008271	271_CCTTCCCAGCGCTTAT	TRUE
NIH_Ao_CCTTCCCGTGCAGGTA	NIH_Ao	CCTTCCCGTGCAGGTA	NIH	SRR11008271	271_CCTTCCCGTGCAGGTA	TRUE
NIH_Ao_CCTTCCCTCTTATCTG	NIH_Ao	CCTTCCCTCTTATCTG	NIH	SRR11008271	271_CCTTCCCTCTTATCTG	TRUE
NIH_Ao_CCTTCGAAGCTGCCCA	NIH_Ao	CCTTCGAAGCTGCCCA	NIH	SRR11008271	271_CCTTCGAAGCTGCCCA	TRUE
NIH_Ao_CCTTCGAAGCTGCGAA	NIH_Ao	CCTTCGAAGCTGCGAA	NIH	SRR11008271	271_CCTTCGAAGCTGCGAA	TRUE
NIH_Ao_CCTTCGACACCACCAG	NIH_Ao	CCTTCGACACCACCAG	NIH	SRR11008271	271_CCTTCGACACCACCAG	TRUE
NIH_Ao_CCTTCGACAGGAATGC	NIH_Ao	CCTTCGACAGGAATGC	NIH	SRR11008271	271_CCTTCGACAGGAATGC	TRUE
NIH_Ao_CCTTCGACAGTAAGAT	NIH_Ao	CCTTCGACAGTAAGAT	NIH	SRR11008271	271_CCTTCGACAGTAAGAT	TRUE
NIH_Ao_CCTTCGAGTAAGAGAG	NIH_Ao	CCTTCGAGTAAGAGAG	NIH	SRR11008271	271_CCTTCGAGTAAGAGAG	TRUE
NIH_Ao_CCTTCGAGTACCCAAT	NIH_Ao	CCTTCGAGTACCCAAT	NIH	SRR11008271	271_CCTTCGAGTACCCAAT	TRUE
NIH_Ao_CCTTCGAGTAGGAGTC	NIH_Ao	CCTTCGAGTAGGAGTC	NIH	SRR11008271	271_CCTTCGAGTAGGAGTC	TRUE
NIH_Ao_CCTTCGAGTCTTCAAG	NIH_Ao	CCTTCGAGTCTTCAAG	NIH	SRR11008271	271_CCTTCGAGTCTTCAAG	TRUE
NIH_Ao_CCTTCGAGTGCGCTTG	NIH_Ao	CCTTCGAGTGCGCTTG	NIH	SRR11008271	271_CCTTCGAGTGCGCTTG	TRUE
NIH_Ao_CCTTTCTAGTGTCCAT	NIH_Ao	CCTTTCTAGTGTCCAT	NIH	SRR11008271	271_CCTTTCTAGTGTCCAT	TRUE
NIH_Ao_CCTTTCTCATAAGACA	NIH_Ao	CCTTTCTCATAAGACA	NIH	SRR11008271	271_CCTTTCTCATAAGACA	TRUE
NIH_Ao_CCTTTCTGTACATGTC	NIH_Ao	CCTTTCTGTACATGTC	NIH	SRR11008271	271_CCTTTCTGTACATGTC	TRUE
NIH_Ao_CCTTTCTTCCATGAAC	NIH_Ao	CCTTTCTTCCATGAAC	NIH	SRR11008271	271_CCTTTCTTCCATGAAC	TRUE
NIH_Ao_CCTTTCTTCCCAAGAT	NIH_Ao	CCTTTCTTCCCAAGAT	NIH	SRR11008271	271_CCTTTCTTCCCAAGAT	TRUE
NIH_Ao_CGAACATAGTTAAGTG	NIH_Ao	CGAACATAGTTAAGTG	NIH	SRR11008271	271_CGAACATAGTTAAGTG	TRUE
NIH_Ao_CGAACATGTGTTTGGT	NIH_Ao	CGAACATGTGTTTGGT	NIH	SRR11008271	271_CGAACATGTGTTTGGT	TRUE
NIH_Ao_CGAACATTCTGCGTAA	NIH_Ao	CGAACATTCTGCGTAA	NIH	SRR11008271	271_CGAACATTCTGCGTAA	TRUE
NIH_Ao_CGAATGTAGCTAACAA	NIH_Ao	CGAATGTAGCTAACAA	NIH	SRR11008271	271_CGAATGTAGCTAACAA	TRUE
NIH_Ao_CGAATGTCAGCATACT	NIH_Ao	CGAATGTCAGCATACT	NIH	SRR11008271	271_CGAATGTCAGCATACT	TRUE
NIH_Ao_CGAATGTGTAGCGTGA	NIH_Ao	CGAATGTGTAGCGTGA	NIH	SRR11008271	271_CGAATGTGTAGCGTGA	TRUE
NIH_Ao_CGAATGTGTCTCAACA	NIH_Ao	CGAATGTGTCTCAACA	NIH	SRR11008271	271_CGAATGTGTCTCAACA	TRUE
NIH_Ao_CGAATGTGTGAAGGCT	NIH_Ao	CGAATGTGTGAAGGCT	NIH	SRR11008271	271_CGAATGTGTGAAGGCT	TRUE
NIH_Ao_CGACCTTCAGCTGTGC	NIH_Ao	CGACCTTCAGCTGTGC	NIH	SRR11008271	271_CGACCTTCAGCTGTGC	TRUE
NIH_Ao_CGACCTTCATGGAATA	NIH_Ao	CGACCTTCATGGAATA	NIH	SRR11008271	271_CGACCTTCATGGAATA	TRUE
NIH_Ao_CGACCTTGTAAACGCG	NIH_Ao	CGACCTTGTAAACGCG	NIH	SRR11008271	271_CGACCTTGTAAACGCG	TRUE
NIH_Ao_CGACCTTGTAGGAGTC	NIH_Ao	CGACCTTGTAGGAGTC	NIH	SRR11008271	271_CGACCTTGTAGGAGTC	TRUE
NIH_Ao_CGACCTTGTCTAGCCG	NIH_Ao	CGACCTTGTCTAGCCG	NIH	SRR11008271	271_CGACCTTGTCTAGCCG	TRUE
NIH_Ao_CGACCTTTCCAGATCA	NIH_Ao	CGACCTTTCCAGATCA	NIH	SRR11008271	271_CGACCTTTCCAGATCA	TRUE
NIH_Ao_CGACCTTTCCGAACGC	NIH_Ao	CGACCTTTCCGAACGC	NIH	SRR11008271	271_CGACCTTTCCGAACGC	TRUE
NIH_Ao_CGACTTCAGCAGATCG	NIH_Ao	CGACTTCAGCAGATCG	NIH	SRR11008271	271_CGACTTCAGCAGATCG	TRUE
NIH_Ao_CGACTTCCATTAACCG	NIH_Ao	CGACTTCCATTAACCG	NIH	SRR11008271	271_CGACTTCCATTAACCG	TRUE
NIH_Ao_CGACTTCGTAGCGCAA	NIH_Ao	CGACTTCGTAGCGCAA	NIH	SRR11008271	271_CGACTTCGTAGCGCAA	TRUE
NIH_Ao_CGACTTCGTATATGAG	NIH_Ao	CGACTTCGTATATGAG	NIH	SRR11008271	271_CGACTTCGTATATGAG	TRUE
NIH_Ao_CGACTTCGTATGGTTC	NIH_Ao	CGACTTCGTATGGTTC	NIH	SRR11008271	271_CGACTTCGTATGGTTC	TRUE
NIH_Ao_CGACTTCGTCAAAGCG	NIH_Ao	CGACTTCGTCAAAGCG	NIH	SRR11008271	271_CGACTTCGTCAAAGCG	TRUE
NIH_Ao_CGACTTCGTCCGCTGA	NIH_Ao	CGACTTCGTCCGCTGA	NIH	SRR11008271	271_CGACTTCGTCCGCTGA	TRUE
NIH_Ao_CGACTTCGTCCGTTAA	NIH_Ao	CGACTTCGTCCGTTAA	NIH	SRR11008271	271_CGACTTCGTCCGTTAA	TRUE
NIH_Ao_CGACTTCGTCTGATTG	NIH_Ao	CGACTTCGTCTGATTG	NIH	SRR11008271	271_CGACTTCGTCTGATTG	TRUE
NIH_Ao_CGAGAAGAGCTAGTTC	NIH_Ao	CGAGAAGAGCTAGTTC	NIH	SRR11008271	271_CGAGAAGAGCTAGTTC	TRUE
NIH_Ao_CGAGAAGCAAGGACTG	NIH_Ao	CGAGAAGCAAGGACTG	NIH	SRR11008271	271_CGAGAAGCAAGGACTG	TRUE
NIH_Ao_CGAGAAGCATAGACTC	NIH_Ao	CGAGAAGCATAGACTC	NIH	SRR11008271	271_CGAGAAGCATAGACTC	TRUE
NIH_Ao_CGAGAAGGTAAACGCG	NIH_Ao	CGAGAAGGTAAACGCG	NIH	SRR11008271	271_CGAGAAGGTAAACGCG	TRUE
NIH_Ao_CGAGAAGTCTATGTGG	NIH_Ao	CGAGAAGTCTATGTGG	NIH	SRR11008271	271_CGAGAAGTCTATGTGG	TRUE
NIH_Ao_CGAGCACAGCCCGAAA	NIH_Ao	CGAGCACAGCCCGAAA	NIH	SRR11008271	271_CGAGCACAGCCCGAAA	TRUE
NIH_Ao_CGAGCACGTAAGGATT	NIH_Ao	CGAGCACGTAAGGATT	NIH	SRR11008271	271_CGAGCACGTAAGGATT	TRUE
NIH_Ao_CGAGCACTCATCGGAT	NIH_Ao	CGAGCACTCATCGGAT	NIH	SRR11008271	271_CGAGCACTCATCGGAT	TRUE
NIH_Ao_CGAGCACTCTGATTCT	NIH_Ao	CGAGCACTCTGATTCT	NIH	SRR11008271	271_CGAGCACTCTGATTCT	TRUE
NIH_Ao_CGAGCCAGTCATCCCT	NIH_Ao	CGAGCCAGTCATCCCT	NIH	SRR11008271	271_CGAGCCAGTCATCCCT	TRUE
NIH_Ao_CGATCGGAGTACCGGA	NIH_Ao	CGATCGGAGTACCGGA	NIH	SRR11008271	271_CGATCGGAGTACCGGA	TRUE
NIH_Ao_CGATCGGTCGATCCCT	NIH_Ao	CGATCGGTCGATCCCT	NIH	SRR11008271	271_CGATCGGTCGATCCCT	TRUE
NIH_Ao_CGATCGGTCTGCGTAA	NIH_Ao	CGATCGGTCTGCGTAA	NIH	SRR11008271	271_CGATCGGTCTGCGTAA	TRUE
NIH_Ao_CGATGGCCAGACAAAT	NIH_Ao	CGATGGCCAGACAAAT	NIH	SRR11008271	271_CGATGGCCAGACAAAT	TRUE
NIH_Ao_CGATGGCCAGACGCTC	NIH_Ao	CGATGGCCAGACGCTC	NIH	SRR11008271	271_CGATGGCCAGACGCTC	TRUE
NIH_Ao_CGATGGCGTACATCCA	NIH_Ao	CGATGGCGTACATCCA	NIH	SRR11008271	271_CGATGGCGTACATCCA	TRUE
NIH_Ao_CGATGGCTCACCACCT	NIH_Ao	CGATGGCTCACCACCT	NIH	SRR11008271	271_CGATGGCTCACCACCT	TRUE
NIH_Ao_CGATGGCTCCATGAGT	NIH_Ao	CGATGGCTCCATGAGT	NIH	SRR11008271	271_CGATGGCTCCATGAGT	TRUE
NIH_Ao_CGATGTAAGACTAGGC	NIH_Ao	CGATGTAAGACTAGGC	NIH	SRR11008271	271_CGATGTAAGACTAGGC	TRUE
NIH_Ao_CGATGTAAGGTGACCA	NIH_Ao	CGATGTAAGGTGACCA	NIH	SRR11008271	271_CGATGTAAGGTGACCA	TRUE
NIH_Ao_CGATGTACACAGATTC	NIH_Ao	CGATGTACACAGATTC	NIH	SRR11008271	271_CGATGTACACAGATTC	TRUE
NIH_Ao_CGATGTAGTACATCCA	NIH_Ao	CGATGTAGTACATCCA	NIH	SRR11008271	271_CGATGTAGTACATCCA	TRUE
NIH_Ao_CGATGTAGTTTAGCTG	NIH_Ao	CGATGTAGTTTAGCTG	NIH	SRR11008271	271_CGATGTAGTTTAGCTG	TRUE
NIH_Ao_CGATTGAAGGTACTCT	NIH_Ao	CGATTGAAGGTACTCT	NIH	SRR11008271	271_CGATTGAAGGTACTCT	TRUE
NIH_Ao_CGATTGACAATCACAC	NIH_Ao	CGATTGACAATCACAC	NIH	SRR11008271	271_CGATTGACAATCACAC	TRUE
NIH_Ao_CGATTGACAATGTTGC	NIH_Ao	CGATTGACAATGTTGC	NIH	SRR11008271	271_CGATTGACAATGTTGC	TRUE
NIH_Ao_CGATTGACAGTGAGTG	NIH_Ao	CGATTGACAGTGAGTG	NIH	SRR11008271	271_CGATTGACAGTGAGTG	TRUE
NIH_Ao_CGATTGACATCAGTAC	NIH_Ao	CGATTGACATCAGTAC	NIH	SRR11008271	271_CGATTGACATCAGTAC	TRUE
NIH_Ao_CGATTGACATCCCATC	NIH_Ao	CGATTGACATCCCATC	NIH	SRR11008271	271_CGATTGACATCCCATC	TRUE
NIH_Ao_CGATTGATCCTTGACC	NIH_Ao	CGATTGATCCTTGACC	NIH	SRR11008271	271_CGATTGATCCTTGACC	TRUE
NIH_Ao_CGATTGATCTGTCTAT	NIH_Ao	CGATTGATCTGTCTAT	NIH	SRR11008271	271_CGATTGATCTGTCTAT	TRUE
NIH_Ao_CGCCAAGTCAGAGCTT	NIH_Ao	CGCCAAGTCAGAGCTT	NIH	SRR11008271	271_CGCCAAGTCAGAGCTT	TRUE
NIH_Ao_CGCGGTAAGGTAGCTG	NIH_Ao	CGCGGTAAGGTAGCTG	NIH	SRR11008271	271_CGCGGTAAGGTAGCTG	TRUE
NIH_Ao_CGCGTTTAGAGGACGG	NIH_Ao	CGCGTTTAGAGGACGG	NIH	SRR11008271	271_CGCGTTTAGAGGACGG	TRUE
NIH_Ao_CGCGTTTAGATAGGAG	NIH_Ao	CGCGTTTAGATAGGAG	NIH	SRR11008271	271_CGCGTTTAGATAGGAG	TRUE
NIH_Ao_CGCGTTTCAGGCTGAA	NIH_Ao	CGCGTTTCAGGCTGAA	NIH	SRR11008271	271_CGCGTTTCAGGCTGAA	TRUE
NIH_Ao_CGCGTTTGTGATGTCT	NIH_Ao	CGCGTTTGTGATGTCT	NIH	SRR11008271	271_CGCGTTTGTGATGTCT	TRUE
NIH_Ao_CGCGTTTTCGGATGGA	NIH_Ao	CGCGTTTTCGGATGGA	NIH	SRR11008271	271_CGCGTTTTCGGATGGA	TRUE
NIH_Ao_CGCTATCAGGAGCGAG	NIH_Ao	CGCTATCAGGAGCGAG	NIH	SRR11008271	271_CGCTATCAGGAGCGAG	TRUE
NIH_Ao_CGCTATCCACGCATCG	NIH_Ao	CGCTATCCACGCATCG	NIH	SRR11008271	271_CGCTATCCACGCATCG	TRUE
NIH_Ao_CGCTATCCACGGCGTT	NIH_Ao	CGCTATCCACGGCGTT	NIH	SRR11008271	271_CGCTATCCACGGCGTT	TRUE
NIH_Ao_CGCTATCCATCACCCT	NIH_Ao	CGCTATCCATCACCCT	NIH	SRR11008271	271_CGCTATCCATCACCCT	TRUE
NIH_Ao_CGCTATCCATGGTAGG	NIH_Ao	CGCTATCCATGGTAGG	NIH	SRR11008271	271_CGCTATCCATGGTAGG	TRUE
NIH_Ao_CGCTATCGTGCTTCTC	NIH_Ao	CGCTATCGTGCTTCTC	NIH	SRR11008271	271_CGCTATCGTGCTTCTC	TRUE
NIH_Ao_CGCTATCGTGTCAATC	NIH_Ao	CGCTATCGTGTCAATC	NIH	SRR11008271	271_CGCTATCGTGTCAATC	TRUE
NIH_Ao_CGCTGGATCAAGGCTT	NIH_Ao	CGCTGGATCAAGGCTT	NIH	SRR11008271	271_CGCTGGATCAAGGCTT	TRUE
NIH_Ao_CGCTGGATCAGGCCCA	NIH_Ao	CGCTGGATCAGGCCCA	NIH	SRR11008271	271_CGCTGGATCAGGCCCA	TRUE
NIH_Ao_CGCTGGATCATGTCCC	NIH_Ao	CGCTGGATCATGTCCC	NIH	SRR11008271	271_CGCTGGATCATGTCCC	TRUE
NIH_Ao_CGCTTCAAGTCAAGGC	NIH_Ao	CGCTTCAAGTCAAGGC	NIH	SRR11008271	271_CGCTTCAAGTCAAGGC	TRUE
NIH_Ao_CGCTTCAGTACACCGC	NIH_Ao	CGCTTCAGTACACCGC	NIH	SRR11008271	271_CGCTTCAGTACACCGC	TRUE
NIH_Ao_CGCTTCAGTCGCTTCT	NIH_Ao	CGCTTCAGTCGCTTCT	NIH	SRR11008271	271_CGCTTCAGTCGCTTCT	TRUE
NIH_Ao_CGCTTCATCACAATGC	NIH_Ao	CGCTTCATCACAATGC	NIH	SRR11008271	271_CGCTTCATCACAATGC	TRUE
NIH_Ao_CGGACACCAAGTTGTC	NIH_Ao	CGGACACCAAGTTGTC	NIH	SRR11008271	271_CGGACACCAAGTTGTC	TRUE
NIH_Ao_CGGACACCACCAGATT	NIH_Ao	CGGACACCACCAGATT	NIH	SRR11008271	271_CGGACACCACCAGATT	TRUE
NIH_Ao_CGGACACGTCTAGCGC	NIH_Ao	CGGACACGTCTAGCGC	NIH	SRR11008271	271_CGGACACGTCTAGCGC	TRUE
NIH_Ao_CGGACGTCACGCATCG	NIH_Ao	CGGACGTCACGCATCG	NIH	SRR11008271	271_CGGACGTCACGCATCG	TRUE
NIH_Ao_CGGACGTCAGCGTCCA	NIH_Ao	CGGACGTCAGCGTCCA	NIH	SRR11008271	271_CGGACGTCAGCGTCCA	TRUE
NIH_Ao_CGGACGTGTGTGACCC	NIH_Ao	CGGACGTGTGTGACCC	NIH	SRR11008271	271_CGGACGTGTGTGACCC	TRUE
NIH_Ao_CGGACTGAGTATCGAA	NIH_Ao	CGGACTGAGTATCGAA	NIH	SRR11008271	271_CGGACTGAGTATCGAA	TRUE
NIH_Ao_CGGACTGCACATAACC	NIH_Ao	CGGACTGCACATAACC	NIH	SRR11008271	271_CGGACTGCACATAACC	TRUE
NIH_Ao_CGGACTGCAGGAACGT	NIH_Ao	CGGACTGCAGGAACGT	NIH	SRR11008271	271_CGGACTGCAGGAACGT	TRUE
NIH_Ao_CGGACTGCATCTACGA	NIH_Ao	CGGACTGCATCTACGA	NIH	SRR11008271	271_CGGACTGCATCTACGA	TRUE
NIH_Ao_CGGACTGGTACCATCA	NIH_Ao	CGGACTGGTACCATCA	NIH	SRR11008271	271_CGGACTGGTACCATCA	TRUE
NIH_Ao_CGGACTGGTCCGAAGA	NIH_Ao	CGGACTGGTCCGAAGA	NIH	SRR11008271	271_CGGACTGGTCCGAAGA	TRUE
NIH_Ao_CGGAGCTAGGGTCGAT	NIH_Ao	CGGAGCTAGGGTCGAT	NIH	SRR11008271	271_CGGAGCTAGGGTCGAT	TRUE
NIH_Ao_CGGAGCTCATGAGCGA	NIH_Ao	CGGAGCTCATGAGCGA	NIH	SRR11008271	271_CGGAGCTCATGAGCGA	TRUE
NIH_Ao_CGGAGCTCATTGAGCT	NIH_Ao	CGGAGCTCATTGAGCT	NIH	SRR11008271	271_CGGAGCTCATTGAGCT	TRUE
NIH_Ao_CGGAGCTGTAATAGCA	NIH_Ao	CGGAGCTGTAATAGCA	NIH	SRR11008271	271_CGGAGCTGTAATAGCA	TRUE
NIH_Ao_CGGAGCTGTACCGTAT	NIH_Ao	CGGAGCTGTACCGTAT	NIH	SRR11008271	271_CGGAGCTGTACCGTAT	TRUE
NIH_Ao_CGGAGCTTCTTCCTTC	NIH_Ao	CGGAGCTTCTTCCTTC	NIH	SRR11008271	271_CGGAGCTTCTTCCTTC	TRUE
NIH_Ao_CGGAGTCGTCAAACTC	NIH_Ao	CGGAGTCGTCAAACTC	NIH	SRR11008271	271_CGGAGTCGTCAAACTC	TRUE
NIH_Ao_CGGAGTCTCTCAACTT	NIH_Ao	CGGAGTCTCTCAACTT	NIH	SRR11008271	271_CGGAGTCTCTCAACTT	TRUE
NIH_Ao_CGGCTAGAGGCGATAC	NIH_Ao	CGGCTAGAGGCGATAC	NIH	SRR11008271	271_CGGCTAGAGGCGATAC	TRUE
NIH_Ao_CGGGTCAAGAAAGTGG	NIH_Ao	CGGGTCAAGAAAGTGG	NIH	SRR11008271	271_CGGGTCAAGAAAGTGG	TRUE
NIH_Ao_CGGGTCACAGGCAGTA	NIH_Ao	CGGGTCACAGGCAGTA	NIH	SRR11008271	271_CGGGTCACAGGCAGTA	TRUE
NIH_Ao_CGGTTAAAGTGTCTCA	NIH_Ao	CGGTTAAAGTGTCTCA	NIH	SRR11008271	271_CGGTTAAAGTGTCTCA	TRUE
NIH_Ao_CGGTTAACAAAGTCAA	NIH_Ao	CGGTTAACAAAGTCAA	NIH	SRR11008271	271_CGGTTAACAAAGTCAA	TRUE
NIH_Ao_CGGTTAAGTGTGGCTC	NIH_Ao	CGGTTAAGTGTGGCTC	NIH	SRR11008271	271_CGGTTAAGTGTGGCTC	TRUE
NIH_Ao_CGTAGCGAGACTACAA	NIH_Ao	CGTAGCGAGACTACAA	NIH	SRR11008271	271_CGTAGCGAGACTACAA	TRUE
NIH_Ao_CGTAGCGAGGAGCGTT	NIH_Ao	CGTAGCGAGGAGCGTT	NIH	SRR11008271	271_CGTAGCGAGGAGCGTT	TRUE
NIH_Ao_CGTAGCGAGTCCGGTC	NIH_Ao	CGTAGCGAGTCCGGTC	NIH	SRR11008271	271_CGTAGCGAGTCCGGTC	TRUE
NIH_Ao_CGTAGCGCAACACCTA	NIH_Ao	CGTAGCGCAACACCTA	NIH	SRR11008271	271_CGTAGCGCAACACCTA	TRUE
NIH_Ao_CGTAGCGCACGCATCG	NIH_Ao	CGTAGCGCACGCATCG	NIH	SRR11008271	271_CGTAGCGCACGCATCG	TRUE
NIH_Ao_CGTAGCGCACGTTGGC	NIH_Ao	CGTAGCGCACGTTGGC	NIH	SRR11008271	271_CGTAGCGCACGTTGGC	TRUE
NIH_Ao_CGTAGCGGTGATAAGT	NIH_Ao	CGTAGCGGTGATAAGT	NIH	SRR11008271	271_CGTAGCGGTGATAAGT	TRUE
NIH_Ao_CGTAGCGGTTACGTCA	NIH_Ao	CGTAGCGGTTACGTCA	NIH	SRR11008271	271_CGTAGCGGTTACGTCA	TRUE
NIH_Ao_CGTAGGCAGTTACCCA	NIH_Ao	CGTAGGCAGTTACCCA	NIH	SRR11008271	271_CGTAGGCAGTTACCCA	TRUE
NIH_Ao_CGTAGGCCACATGGGA	NIH_Ao	CGTAGGCCACATGGGA	NIH	SRR11008271	271_CGTAGGCCACATGGGA	TRUE
NIH_Ao_CGTAGGCTCATCGATG	NIH_Ao	CGTAGGCTCATCGATG	NIH	SRR11008271	271_CGTAGGCTCATCGATG	TRUE
NIH_Ao_CGTAGGCTCGCGTTTC	NIH_Ao	CGTAGGCTCGCGTTTC	NIH	SRR11008271	271_CGTAGGCTCGCGTTTC	TRUE
NIH_Ao_CGTCACTAGCAATCTC	NIH_Ao	CGTCACTAGCAATCTC	NIH	SRR11008271	271_CGTCACTAGCAATCTC	TRUE
NIH_Ao_CGTCACTAGGAATGGA	NIH_Ao	CGTCACTAGGAATGGA	NIH	SRR11008271	271_CGTCACTAGGAATGGA	TRUE
NIH_Ao_CGTCACTGTGATGCCC	NIH_Ao	CGTCACTGTGATGCCC	NIH	SRR11008271	271_CGTCACTGTGATGCCC	TRUE
NIH_Ao_CGTCACTTCACCGTAA	NIH_Ao	CGTCACTTCACCGTAA	NIH	SRR11008271	271_CGTCACTTCACCGTAA	TRUE
NIH_Ao_CGTCAGGGTACCCAAT	NIH_Ao	CGTCAGGGTACCCAAT	NIH	SRR11008271	271_CGTCAGGGTACCCAAT	TRUE
NIH_Ao_CGTCAGGTCAGAGCTT	NIH_Ao	CGTCAGGTCAGAGCTT	NIH	SRR11008271	271_CGTCAGGTCAGAGCTT	TRUE
NIH_Ao_CGTCCATCATTGGCGC	NIH_Ao	CGTCCATCATTGGCGC	NIH	SRR11008271	271_CGTCCATCATTGGCGC	TRUE
NIH_Ao_CGTCTACAGGAATTAC	NIH_Ao	CGTCTACAGGAATTAC	NIH	SRR11008271	271_CGTCTACAGGAATTAC	TRUE
NIH_Ao_CGTCTACGTGTTTGGT	NIH_Ao	CGTCTACGTGTTTGGT	NIH	SRR11008271	271_CGTCTACGTGTTTGGT	TRUE
NIH_Ao_CGTCTACTCCAAACAC	NIH_Ao	CGTCTACTCCAAACAC	NIH	SRR11008271	271_CGTCTACTCCAAACAC	TRUE
NIH_Ao_CGTGAGCAGATCGATA	NIH_Ao	CGTGAGCAGATCGATA	NIH	SRR11008271	271_CGTGAGCAGATCGATA	TRUE
NIH_Ao_CGTGAGCCAATCCGAT	NIH_Ao	CGTGAGCCAATCCGAT	NIH	SRR11008271	271_CGTGAGCCAATCCGAT	TRUE
NIH_Ao_CGTGAGCCACGGCGTT	NIH_Ao	CGTGAGCCACGGCGTT	NIH	SRR11008271	271_CGTGAGCCACGGCGTT	TRUE
NIH_Ao_CGTGAGCCAGCTCGCA	NIH_Ao	CGTGAGCCAGCTCGCA	NIH	SRR11008271	271_CGTGAGCCAGCTCGCA	TRUE
NIH_Ao_CGTGAGCTCTAACTCT	NIH_Ao	CGTGAGCTCTAACTCT	NIH	SRR11008271	271_CGTGAGCTCTAACTCT	TRUE
NIH_Ao_CGTGAGCTCTCGCTTG	NIH_Ao	CGTGAGCTCTCGCTTG	NIH	SRR11008271	271_CGTGAGCTCTCGCTTG	TRUE
NIH_Ao_CGTGTAAAGGGTCGAT	NIH_Ao	CGTGTAAAGGGTCGAT	NIH	SRR11008271	271_CGTGTAAAGGGTCGAT	TRUE
NIH_Ao_CGTGTAACATCCGGGT	NIH_Ao	CGTGTAACATCCGGGT	NIH	SRR11008271	271_CGTGTAACATCCGGGT	TRUE
NIH_Ao_CGTGTAAGTGGAAAGA	NIH_Ao	CGTGTAAGTGGAAAGA	NIH	SRR11008271	271_CGTGTAAGTGGAAAGA	TRUE
NIH_Ao_CGTGTCTCACGAGGTA	NIH_Ao	CGTGTCTCACGAGGTA	NIH	SRR11008271	271_CGTGTCTCACGAGGTA	TRUE
NIH_Ao_CGTGTCTGTCAACTGT	NIH_Ao	CGTGTCTGTCAACTGT	NIH	SRR11008271	271_CGTGTCTGTCAACTGT	TRUE
NIH_Ao_CGTGTCTTCCCGACTT	NIH_Ao	CGTGTCTTCCCGACTT	NIH	SRR11008271	271_CGTGTCTTCCCGACTT	TRUE
NIH_Ao_CGTGTCTTCTAACTCT	NIH_Ao	CGTGTCTTCTAACTCT	NIH	SRR11008271	271_CGTGTCTTCTAACTCT	TRUE
NIH_Ao_CGTTAGAAGAACTCGG	NIH_Ao	CGTTAGAAGAACTCGG	NIH	SRR11008271	271_CGTTAGAAGAACTCGG	TRUE
NIH_Ao_CGTTAGAAGTCGTACT	NIH_Ao	CGTTAGAAGTCGTACT	NIH	SRR11008271	271_CGTTAGAAGTCGTACT	TRUE
NIH_Ao_CGTTAGACAATAGAGT	NIH_Ao	CGTTAGACAATAGAGT	NIH	SRR11008271	271_CGTTAGACAATAGAGT	TRUE
NIH_Ao_CGTTAGACATATGCTG	NIH_Ao	CGTTAGACATATGCTG	NIH	SRR11008271	271_CGTTAGACATATGCTG	TRUE
NIH_Ao_CGTTAGATCATGTGGT	NIH_Ao	CGTTAGATCATGTGGT	NIH	SRR11008271	271_CGTTAGATCATGTGGT	TRUE
NIH_Ao_CGTTAGATCCTCCTAG	NIH_Ao	CGTTAGATCCTCCTAG	NIH	SRR11008271	271_CGTTAGATCCTCCTAG	TRUE
NIH_Ao_CGTTAGATCGTTACGA	NIH_Ao	CGTTAGATCGTTACGA	NIH	SRR11008271	271_CGTTAGATCGTTACGA	TRUE
NIH_Ao_CGTTCTGAGGAATTAC	NIH_Ao	CGTTCTGAGGAATTAC	NIH	SRR11008271	271_CGTTCTGAGGAATTAC	TRUE
NIH_Ao_CGTTCTGCAGACGCAA	NIH_Ao	CGTTCTGCAGACGCAA	NIH	SRR11008271	271_CGTTCTGCAGACGCAA	TRUE
NIH_Ao_CGTTCTGGTTGCTCCT	NIH_Ao	CGTTCTGGTTGCTCCT	NIH	SRR11008271	271_CGTTCTGGTTGCTCCT	TRUE
NIH_Ao_CGTTCTGTCAATCACG	NIH_Ao	CGTTCTGTCAATCACG	NIH	SRR11008271	271_CGTTCTGTCAATCACG	TRUE
NIH_Ao_CGTTGGGAGCAAATCA	NIH_Ao	CGTTGGGAGCAAATCA	NIH	SRR11008271	271_CGTTGGGAGCAAATCA	TRUE
NIH_Ao_CGTTGGGAGGGCACTA	NIH_Ao	CGTTGGGAGGGCACTA	NIH	SRR11008271	271_CGTTGGGAGGGCACTA	TRUE
NIH_Ao_CGTTGGGCAGGTCCAC	NIH_Ao	CGTTGGGCAGGTCCAC	NIH	SRR11008271	271_CGTTGGGCAGGTCCAC	TRUE
NIH_Ao_CGTTGGGGTACGAAAT	NIH_Ao	CGTTGGGGTACGAAAT	NIH	SRR11008271	271_CGTTGGGGTACGAAAT	TRUE
NIH_Ao_CGTTGGGGTTAAGACA	NIH_Ao	CGTTGGGGTTAAGACA	NIH	SRR11008271	271_CGTTGGGGTTAAGACA	TRUE
NIH_Ao_CGTTGGGGTTCTGTTT	NIH_Ao	CGTTGGGGTTCTGTTT	NIH	SRR11008271	271_CGTTGGGGTTCTGTTT	TRUE
NIH_Ao_CTAACTTCAATGGAGC	NIH_Ao	CTAACTTCAATGGAGC	NIH	SRR11008271	271_CTAACTTCAATGGAGC	TRUE
NIH_Ao_CTAACTTCAGCAGTTT	NIH_Ao	CTAACTTCAGCAGTTT	NIH	SRR11008271	271_CTAACTTCAGCAGTTT	TRUE
NIH_Ao_CTAACTTGTAAGTAGT	NIH_Ao	CTAACTTGTAAGTAGT	NIH	SRR11008271	271_CTAACTTGTAAGTAGT	TRUE
NIH_Ao_CTAACTTGTATATCCG	NIH_Ao	CTAACTTGTATATCCG	NIH	SRR11008271	271_CTAACTTGTATATCCG	TRUE
NIH_Ao_CTAACTTGTCTCCATC	NIH_Ao	CTAACTTGTCTCCATC	NIH	SRR11008271	271_CTAACTTGTCTCCATC	TRUE
NIH_Ao_CTAACTTTCGTTACGA	NIH_Ao	CTAACTTTCGTTACGA	NIH	SRR11008271	271_CTAACTTTCGTTACGA	TRUE
NIH_Ao_CTAAGACAGGCACATG	NIH_Ao	CTAAGACAGGCACATG	NIH	SRR11008271	271_CTAAGACAGGCACATG	TRUE
NIH_Ao_CTAAGACAGTCGATAA	NIH_Ao	CTAAGACAGTCGATAA	NIH	SRR11008271	271_CTAAGACAGTCGATAA	TRUE
NIH_Ao_CTAAGACAGTGCCAGA	NIH_Ao	CTAAGACAGTGCCAGA	NIH	SRR11008271	271_CTAAGACAGTGCCAGA	TRUE
NIH_Ao_CTAAGACCAGACAAGC	NIH_Ao	CTAAGACCAGACAAGC	NIH	SRR11008271	271_CTAAGACCAGACAAGC	TRUE
NIH_Ao_CTAAGACCAGTTTACG	NIH_Ao	CTAAGACCAGTTTACG	NIH	SRR11008271	271_CTAAGACCAGTTTACG	TRUE
NIH_Ao_CTAAGACCATAAAGGT	NIH_Ao	CTAAGACCATAAAGGT	NIH	SRR11008271	271_CTAAGACCATAAAGGT	TRUE
NIH_Ao_CTAAGACCATAGGATA	NIH_Ao	CTAAGACCATAGGATA	NIH	SRR11008271	271_CTAAGACCATAGGATA	TRUE
NIH_Ao_CTAAGACCATGCTGGC	NIH_Ao	CTAAGACCATGCTGGC	NIH	SRR11008271	271_CTAAGACCATGCTGGC	TRUE
NIH_Ao_CTAAGACGTTCAGGCC	NIH_Ao	CTAAGACGTTCAGGCC	NIH	SRR11008271	271_CTAAGACGTTCAGGCC	TRUE
NIH_Ao_CTAAGACTCTGTCTAT	NIH_Ao	CTAAGACTCTGTCTAT	NIH	SRR11008271	271_CTAAGACTCTGTCTAT	TRUE
NIH_Ao_CTAATGGCAGACAAGC	NIH_Ao	CTAATGGCAGACAAGC	NIH	SRR11008271	271_CTAATGGCAGACAAGC	TRUE
NIH_Ao_CTAATGGGTACAGCAG	NIH_Ao	CTAATGGGTACAGCAG	NIH	SRR11008271	271_CTAATGGGTACAGCAG	TRUE
NIH_Ao_CTAATGGGTCAACATC	NIH_Ao	CTAATGGGTCAACATC	NIH	SRR11008271	271_CTAATGGGTCAACATC	TRUE
NIH_Ao_CTAATGGGTTTGACTG	NIH_Ao	CTAATGGGTTTGACTG	NIH	SRR11008271	271_CTAATGGGTTTGACTG	TRUE
NIH_Ao_CTACACCAGTCCTCCT	NIH_Ao	CTACACCAGTCCTCCT	NIH	SRR11008271	271_CTACACCAGTCCTCCT	TRUE
NIH_Ao_CTACACCAGTTACCCA	NIH_Ao	CTACACCAGTTACCCA	NIH	SRR11008271	271_CTACACCAGTTACCCA	TRUE
NIH_Ao_CTACACCGTAGAAGGA	NIH_Ao	CTACACCGTAGAAGGA	NIH	SRR11008271	271_CTACACCGTAGAAGGA	TRUE
NIH_Ao_CTACACCGTTCTCATT	NIH_Ao	CTACACCGTTCTCATT	NIH	SRR11008271	271_CTACACCGTTCTCATT	TRUE
NIH_Ao_CTACACCTCCAGATCA	NIH_Ao	CTACACCTCCAGATCA	NIH	SRR11008271	271_CTACACCTCCAGATCA	TRUE
NIH_Ao_CTACATTAGTAAGTAC	NIH_Ao	CTACATTAGTAAGTAC	NIH	SRR11008271	271_CTACATTAGTAAGTAC	TRUE
NIH_Ao_CTACATTCAAAGGAAG	NIH_Ao	CTACATTCAAAGGAAG	NIH	SRR11008271	271_CTACATTCAAAGGAAG	TRUE
NIH_Ao_CTACATTCAATGGACG	NIH_Ao	CTACATTCAATGGACG	NIH	SRR11008271	271_CTACATTCAATGGACG	TRUE
NIH_Ao_CTACATTGTACAGTGG	NIH_Ao	CTACATTGTACAGTGG	NIH	SRR11008271	271_CTACATTGTACAGTGG	TRUE
NIH_Ao_CTACATTTCAACCATG	NIH_Ao	CTACATTTCAACCATG	NIH	SRR11008271	271_CTACATTTCAACCATG	TRUE
NIH_Ao_CTACATTTCATACGGT	NIH_Ao	CTACATTTCATACGGT	NIH	SRR11008271	271_CTACATTTCATACGGT	TRUE
NIH_Ao_CTACCCAAGTCCGGTC	NIH_Ao	CTACCCAAGTCCGGTC	NIH	SRR11008271	271_CTACCCAAGTCCGGTC	TRUE
NIH_Ao_CTACCCACAGGGCATA	NIH_Ao	CTACCCACAGGGCATA	NIH	SRR11008271	271_CTACCCACAGGGCATA	TRUE
NIH_Ao_CTACCCACATTGAGCT	NIH_Ao	CTACCCACATTGAGCT	NIH	SRR11008271	271_CTACCCACATTGAGCT	TRUE
NIH_Ao_CTACGTCCATGGGACA	NIH_Ao	CTACGTCCATGGGACA	NIH	SRR11008271	271_CTACGTCCATGGGACA	TRUE
NIH_Ao_CTACGTCGTATGAATG	NIH_Ao	CTACGTCGTATGAATG	NIH	SRR11008271	271_CTACGTCGTATGAATG	TRUE
NIH_Ao_CTACGTCGTCGCATCG	NIH_Ao	CTACGTCGTCGCATCG	NIH	SRR11008271	271_CTACGTCGTCGCATCG	TRUE
NIH_Ao_CTACGTCTCATCTGCC	NIH_Ao	CTACGTCTCATCTGCC	NIH	SRR11008271	271_CTACGTCTCATCTGCC	TRUE
NIH_Ao_CTAGAGTAGGCTATCT	NIH_Ao	CTAGAGTAGGCTATCT	NIH	SRR11008271	271_CTAGAGTAGGCTATCT	TRUE
NIH_Ao_CTAGAGTCAAACAACA	NIH_Ao	CTAGAGTCAAACAACA	NIH	SRR11008271	271_CTAGAGTCAAACAACA	TRUE
NIH_Ao_CTAGAGTCAATCCGAT	NIH_Ao	CTAGAGTCAATCCGAT	NIH	SRR11008271	271_CTAGAGTCAATCCGAT	TRUE
NIH_Ao_CTAGAGTGTCCGAGTC	NIH_Ao	CTAGAGTGTCCGAGTC	NIH	SRR11008271	271_CTAGAGTGTCCGAGTC	TRUE
NIH_Ao_CTAGAGTGTGATGCCC	NIH_Ao	CTAGAGTGTGATGCCC	NIH	SRR11008271	271_CTAGAGTGTGATGCCC	TRUE
NIH_Ao_CTAGAGTTCAGGTAAA	NIH_Ao	CTAGAGTTCAGGTAAA	NIH	SRR11008271	271_CTAGAGTTCAGGTAAA	TRUE
NIH_Ao_CTAGCCTAGAACTCGG	NIH_Ao	CTAGCCTAGAACTCGG	NIH	SRR11008271	271_CTAGCCTAGAACTCGG	TRUE
NIH_Ao_CTAGCCTAGCTAAACA	NIH_Ao	CTAGCCTAGCTAAACA	NIH	SRR11008271	271_CTAGCCTAGCTAAACA	TRUE
NIH_Ao_CTAGCCTAGTCGCCGT	NIH_Ao	CTAGCCTAGTCGCCGT	NIH	SRR11008271	271_CTAGCCTAGTCGCCGT	TRUE
NIH_Ao_CTAGCCTAGTGACATA	NIH_Ao	CTAGCCTAGTGACATA	NIH	SRR11008271	271_CTAGCCTAGTGACATA	TRUE
NIH_Ao_CTAGCCTGTTTAGCTG	NIH_Ao	CTAGCCTGTTTAGCTG	NIH	SRR11008271	271_CTAGCCTGTTTAGCTG	TRUE
NIH_Ao_CTAGTGAAGATGTGGC	NIH_Ao	CTAGTGAAGATGTGGC	NIH	SRR11008271	271_CTAGTGAAGATGTGGC	TRUE
NIH_Ao_CTAGTGAAGTACGTAA	NIH_Ao	CTAGTGAAGTACGTAA	NIH	SRR11008271	271_CTAGTGAAGTACGTAA	TRUE
NIH_Ao_CTAGTGAAGTGGTAGC	NIH_Ao	CTAGTGAAGTGGTAGC	NIH	SRR11008271	271_CTAGTGAAGTGGTAGC	TRUE
NIH_Ao_CTAGTGACAAGCCATT	NIH_Ao	CTAGTGACAAGCCATT	NIH	SRR11008271	271_CTAGTGACAAGCCATT	FALSE
NIH_Ao_CTAGTGACAGCGTAAG	NIH_Ao	CTAGTGACAGCGTAAG	NIH	SRR11008271	271_CTAGTGACAGCGTAAG	TRUE
NIH_Ao_CTCACACAGGTGCTAG	NIH_Ao	CTCACACAGGTGCTAG	NIH	SRR11008271	271_CTCACACAGGTGCTAG	TRUE
NIH_Ao_CTCACACAGTCATCCA	NIH_Ao	CTCACACAGTCATCCA	NIH	SRR11008271	271_CTCACACAGTCATCCA	FALSE
NIH_Ao_CTCACACCAAGCCGTC	NIH_Ao	CTCACACCAAGCCGTC	NIH	SRR11008271	271_CTCACACCAAGCCGTC	TRUE
NIH_Ao_CTCACACCAGATGGGT	NIH_Ao	CTCACACCAGATGGGT	NIH	SRR11008271	271_CTCACACCAGATGGGT	TRUE
NIH_Ao_CTCACACGTTATCCGA	NIH_Ao	CTCACACGTTATCCGA	NIH	SRR11008271	271_CTCACACGTTATCCGA	TRUE
NIH_Ao_CTCACACTCTTCGAGA	NIH_Ao	CTCACACTCTTCGAGA	NIH	SRR11008271	271_CTCACACTCTTCGAGA	TRUE
NIH_Ao_CTCAGAAAGTAGCGGT	NIH_Ao	CTCAGAAAGTAGCGGT	NIH	SRR11008271	271_CTCAGAAAGTAGCGGT	TRUE
NIH_Ao_CTCAGAACAGTTTACG	NIH_Ao	CTCAGAACAGTTTACG	NIH	SRR11008271	271_CTCAGAACAGTTTACG	TRUE
NIH_Ao_CTCAGAAGTACCTACA	NIH_Ao	CTCAGAAGTACCTACA	NIH	SRR11008271	271_CTCAGAAGTACCTACA	TRUE
NIH_Ao_CTCATTAGTAAACGCG	NIH_Ao	CTCATTAGTAAACGCG	NIH	SRR11008271	271_CTCATTAGTAAACGCG	TRUE
NIH_Ao_CTCCTAGAGGCTAGCA	NIH_Ao	CTCCTAGAGGCTAGCA	NIH	SRR11008271	271_CTCCTAGAGGCTAGCA	TRUE
NIH_Ao_CTCCTAGAGTGCGATG	NIH_Ao	CTCCTAGAGTGCGATG	NIH	SRR11008271	271_CTCCTAGAGTGCGATG	TRUE
NIH_Ao_CTCCTAGCACGCGAAA	NIH_Ao	CTCCTAGCACGCGAAA	NIH	SRR11008271	271_CTCCTAGCACGCGAAA	TRUE
NIH_Ao_CTCCTAGCAGACGCAA	NIH_Ao	CTCCTAGCAGACGCAA	NIH	SRR11008271	271_CTCCTAGCAGACGCAA	TRUE
NIH_Ao_CTCCTAGGTACCGTAT	NIH_Ao	CTCCTAGGTACCGTAT	NIH	SRR11008271	271_CTCCTAGGTACCGTAT	TRUE
NIH_Ao_CTCGAAAAGTCTTGCA	NIH_Ao	CTCGAAAAGTCTTGCA	NIH	SRR11008271	271_CTCGAAAAGTCTTGCA	TRUE
NIH_Ao_CTCGAAACAGACTCGC	NIH_Ao	CTCGAAACAGACTCGC	NIH	SRR11008271	271_CTCGAAACAGACTCGC	TRUE
NIH_Ao_CTCGAAAGTATGAAAC	NIH_Ao	CTCGAAAGTATGAAAC	NIH	SRR11008271	271_CTCGAAAGTATGAAAC	TRUE
NIH_Ao_CTCGAAATCAACGAAA	NIH_Ao	CTCGAAATCAACGAAA	NIH	SRR11008271	271_CTCGAAATCAACGAAA	TRUE
NIH_Ao_CTCGAGGCAAGTAGTA	NIH_Ao	CTCGAGGCAAGTAGTA	NIH	SRR11008271	271_CTCGAGGCAAGTAGTA	TRUE
NIH_Ao_CTCGGAGAGAAAGTGG	NIH_Ao	CTCGGAGAGAAAGTGG	NIH	SRR11008271	271_CTCGGAGAGAAAGTGG	TRUE
NIH_Ao_CTCGGAGAGCCACCTG	NIH_Ao	CTCGGAGAGCCACCTG	NIH	SRR11008271	271_CTCGGAGAGCCACCTG	TRUE
NIH_Ao_CTCGGAGAGTTACGGG	NIH_Ao	CTCGGAGAGTTACGGG	NIH	SRR11008271	271_CTCGGAGAGTTACGGG	TRUE
NIH_Ao_CTCGGAGCATACCATG	NIH_Ao	CTCGGAGCATACCATG	NIH	SRR11008271	271_CTCGGAGCATACCATG	TRUE
NIH_Ao_CTCGGAGGTAGCACGA	NIH_Ao	CTCGGAGGTAGCACGA	NIH	SRR11008271	271_CTCGGAGGTAGCACGA	TRUE
NIH_Ao_CTCGGAGGTCTCTCGT	NIH_Ao	CTCGGAGGTCTCTCGT	NIH	SRR11008271	271_CTCGGAGGTCTCTCGT	TRUE
NIH_Ao_CTCGGAGTCCCTAATT	NIH_Ao	CTCGGAGTCCCTAATT	NIH	SRR11008271	271_CTCGGAGTCCCTAATT	TRUE
NIH_Ao_CTCGGGACAGACGCTC	NIH_Ao	CTCGGGACAGACGCTC	NIH	SRR11008271	271_CTCGGGACAGACGCTC	TRUE
NIH_Ao_CTCGGGACAGATGGGT	NIH_Ao	CTCGGGACAGATGGGT	NIH	SRR11008271	271_CTCGGGACAGATGGGT	TRUE
NIH_Ao_CTCGGGACATTCTTAC	NIH_Ao	CTCGGGACATTCTTAC	NIH	SRR11008271	271_CTCGGGACATTCTTAC	TRUE
NIH_Ao_CTCGGGAGTCTAGTGT	NIH_Ao	CTCGGGAGTCTAGTGT	NIH	SRR11008271	271_CTCGGGAGTCTAGTGT	TRUE
NIH_Ao_CTCGGGAGTGTCTGAT	NIH_Ao	CTCGGGAGTGTCTGAT	NIH	SRR11008271	271_CTCGGGAGTGTCTGAT	TRUE
NIH_Ao_CTCGGGATCATGGTCA	NIH_Ao	CTCGGGATCATGGTCA	NIH	SRR11008271	271_CTCGGGATCATGGTCA	TRUE
NIH_Ao_CTCGTACCACCCTATC	NIH_Ao	CTCGTACCACCCTATC	NIH	SRR11008271	271_CTCGTACCACCCTATC	TRUE
NIH_Ao_CTCGTACGTTCAACCA	NIH_Ao	CTCGTACGTTCAACCA	NIH	SRR11008271	271_CTCGTACGTTCAACCA	TRUE
NIH_Ao_CTCGTACGTTGTGGCC	NIH_Ao	CTCGTACGTTGTGGCC	NIH	SRR11008271	271_CTCGTACGTTGTGGCC	TRUE
NIH_Ao_CTCGTCAAGCAAATCA	NIH_Ao	CTCGTCAAGCAAATCA	NIH	SRR11008271	271_CTCGTCAAGCAAATCA	TRUE
NIH_Ao_CTCGTCAAGTAGCCGA	NIH_Ao	CTCGTCAAGTAGCCGA	NIH	SRR11008271	271_CTCGTCAAGTAGCCGA	TRUE
NIH_Ao_CTCGTCACAGCGTCCA	NIH_Ao	CTCGTCACAGCGTCCA	NIH	SRR11008271	271_CTCGTCACAGCGTCCA	TRUE
NIH_Ao_CTCGTCACATCTATGG	NIH_Ao	CTCGTCACATCTATGG	NIH	SRR11008271	271_CTCGTCACATCTATGG	TRUE
NIH_Ao_CTCGTCAGTGACAAAT	NIH_Ao	CTCGTCAGTGACAAAT	NIH	SRR11008271	271_CTCGTCAGTGACAAAT	TRUE
NIH_Ao_CTCGTCATCCAAATGC	NIH_Ao	CTCGTCATCCAAATGC	NIH	SRR11008271	271_CTCGTCATCCAAATGC	TRUE
NIH_Ao_CTCTAATAGCATGGCA	NIH_Ao	CTCTAATAGCATGGCA	NIH	SRR11008271	271_CTCTAATAGCATGGCA	TRUE
NIH_Ao_CTCTAATAGGCCCGTT	NIH_Ao	CTCTAATAGGCCCGTT	NIH	SRR11008271	271_CTCTAATAGGCCCGTT	TRUE
NIH_Ao_CTCTAATCATGGTCTA	NIH_Ao	CTCTAATCATGGTCTA	NIH	SRR11008271	271_CTCTAATCATGGTCTA	TRUE
NIH_Ao_CTCTAATGTCTCATCC	NIH_Ao	CTCTAATGTCTCATCC	NIH	SRR11008271	271_CTCTAATGTCTCATCC	TRUE
NIH_Ao_CTCTAATTCTTGTCAT	NIH_Ao	CTCTAATTCTTGTCAT	NIH	SRR11008271	271_CTCTAATTCTTGTCAT	TRUE
NIH_Ao_CTCTACGCACGGCGTT	NIH_Ao	CTCTACGCACGGCGTT	NIH	SRR11008271	271_CTCTACGCACGGCGTT	TRUE
NIH_Ao_CTCTACGGTAGAGTGC	NIH_Ao	CTCTACGGTAGAGTGC	NIH	SRR11008271	271_CTCTACGGTAGAGTGC	TRUE
NIH_Ao_CTCTACGGTTCCCGAG	NIH_Ao	CTCTACGGTTCCCGAG	NIH	SRR11008271	271_CTCTACGGTTCCCGAG	TRUE
NIH_Ao_CTCTACGTCTAACCGA	NIH_Ao	CTCTACGTCTAACCGA	NIH	SRR11008271	271_CTCTACGTCTAACCGA	TRUE
NIH_Ao_CTCTGGTTCGAGAACG	NIH_Ao	CTCTGGTTCGAGAACG	NIH	SRR11008271	271_CTCTGGTTCGAGAACG	TRUE
NIH_Ao_CTCTGGTTCTCACATT	NIH_Ao	CTCTGGTTCTCACATT	NIH	SRR11008271	271_CTCTGGTTCTCACATT	TRUE
NIH_Ao_CTGAAACCACGTTGGC	NIH_Ao	CTGAAACCACGTTGGC	NIH	SRR11008271	271_CTGAAACCACGTTGGC	TRUE
NIH_Ao_CTGAAGTAGTCAATAG	NIH_Ao	CTGAAGTAGTCAATAG	NIH	SRR11008271	271_CTGAAGTAGTCAATAG	TRUE
NIH_Ao_CTGAAGTCATCATCCC	NIH_Ao	CTGAAGTCATCATCCC	NIH	SRR11008271	271_CTGAAGTCATCATCCC	TRUE
NIH_Ao_CTGAAGTCATCTCGCT	NIH_Ao	CTGAAGTCATCTCGCT	NIH	SRR11008271	271_CTGAAGTCATCTCGCT	TRUE
NIH_Ao_CTGATAGCAACGATCT	NIH_Ao	CTGATAGCAACGATCT	NIH	SRR11008271	271_CTGATAGCAACGATCT	TRUE
NIH_Ao_CTGATAGGTGTTCGAT	NIH_Ao	CTGATAGGTGTTCGAT	NIH	SRR11008271	271_CTGATAGGTGTTCGAT	TRUE
NIH_Ao_CTGATAGTCCTCCTAG	NIH_Ao	CTGATAGTCCTCCTAG	NIH	SRR11008271	271_CTGATAGTCCTCCTAG	TRUE
NIH_Ao_CTGATAGTCGTAGATC	NIH_Ao	CTGATAGTCGTAGATC	NIH	SRR11008271	271_CTGATAGTCGTAGATC	TRUE
NIH_Ao_CTGATAGTCTACCAGA	NIH_Ao	CTGATAGTCTACCAGA	NIH	SRR11008271	271_CTGATAGTCTACCAGA	TRUE
NIH_Ao_CTGATCCGTGTGCCTG	NIH_Ao	CTGATCCGTGTGCCTG	NIH	SRR11008271	271_CTGATCCGTGTGCCTG	TRUE
NIH_Ao_CTGCCTAAGAGGTTGC	NIH_Ao	CTGCCTAAGAGGTTGC	NIH	SRR11008271	271_CTGCCTAAGAGGTTGC	TRUE
NIH_Ao_CTGCCTAGTAATCGTC	NIH_Ao	CTGCCTAGTAATCGTC	NIH	SRR11008271	271_CTGCCTAGTAATCGTC	TRUE
NIH_Ao_CTGCCTATCGGAAACG	NIH_Ao	CTGCCTATCGGAAACG	NIH	SRR11008271	271_CTGCCTATCGGAAACG	TRUE
NIH_Ao_CTGCGGACACCAGGCT	NIH_Ao	CTGCGGACACCAGGCT	NIH	SRR11008271	271_CTGCGGACACCAGGCT	TRUE
NIH_Ao_CTGCGGACAGCTGTTA	NIH_Ao	CTGCGGACAGCTGTTA	NIH	SRR11008271	271_CTGCGGACAGCTGTTA	TRUE
NIH_Ao_CTGCGGACATATGAGA	NIH_Ao	CTGCGGACATATGAGA	NIH	SRR11008271	271_CTGCGGACATATGAGA	TRUE
NIH_Ao_CTGCGGAGTCTCATCC	NIH_Ao	CTGCGGAGTCTCATCC	NIH	SRR11008271	271_CTGCGGAGTCTCATCC	TRUE
NIH_Ao_CTGCGGATCAACACAC	NIH_Ao	CTGCGGATCAACACAC	NIH	SRR11008271	271_CTGCGGATCAACACAC	TRUE
NIH_Ao_CTGCTGTAGCCTTGAT	NIH_Ao	CTGCTGTAGCCTTGAT	NIH	SRR11008271	271_CTGCTGTAGCCTTGAT	TRUE
NIH_Ao_CTGCTGTCATTGAGCT	NIH_Ao	CTGCTGTCATTGAGCT	NIH	SRR11008271	271_CTGCTGTCATTGAGCT	TRUE
NIH_Ao_CTGGTCTCACTTCGAA	NIH_Ao	CTGGTCTCACTTCGAA	NIH	SRR11008271	271_CTGGTCTCACTTCGAA	TRUE
NIH_Ao_CTGGTCTTCACATGCA	NIH_Ao	CTGGTCTTCACATGCA	NIH	SRR11008271	271_CTGGTCTTCACATGCA	TRUE
NIH_Ao_CTGTGCTAGATCTGCT	NIH_Ao	CTGTGCTAGATCTGCT	NIH	SRR11008271	271_CTGTGCTAGATCTGCT	TRUE
NIH_Ao_CTGTGCTAGCCACGCT	NIH_Ao	CTGTGCTAGCCACGCT	NIH	SRR11008271	271_CTGTGCTAGCCACGCT	TRUE
NIH_Ao_CTGTGCTCACGGCGTT	NIH_Ao	CTGTGCTCACGGCGTT	NIH	SRR11008271	271_CTGTGCTCACGGCGTT	TRUE
NIH_Ao_CTGTGCTCAGTCACTA	NIH_Ao	CTGTGCTCAGTCACTA	NIH	SRR11008271	271_CTGTGCTCAGTCACTA	TRUE
NIH_Ao_CTGTGCTGTCTTCTCG	NIH_Ao	CTGTGCTGTCTTCTCG	NIH	SRR11008271	271_CTGTGCTGTCTTCTCG	TRUE
NIH_Ao_CTGTTTAAGGTGCTAG	NIH_Ao	CTGTTTAAGGTGCTAG	NIH	SRR11008271	271_CTGTTTAAGGTGCTAG	TRUE
NIH_Ao_CTGTTTAGTCGCGGTT	NIH_Ao	CTGTTTAGTCGCGGTT	NIH	SRR11008271	271_CTGTTTAGTCGCGGTT	TRUE
NIH_Ao_CTGTTTATCCTTTACA	NIH_Ao	CTGTTTATCCTTTACA	NIH	SRR11008271	271_CTGTTTATCCTTTACA	TRUE
NIH_Ao_CTTAACTCAAGTCATC	NIH_Ao	CTTAACTCAAGTCATC	NIH	SRR11008271	271_CTTAACTCAAGTCATC	TRUE
NIH_Ao_CTTAACTCAATAAGCA	NIH_Ao	CTTAACTCAATAAGCA	NIH	SRR11008271	271_CTTAACTCAATAAGCA	TRUE
NIH_Ao_CTTAACTGTGCGGTAA	NIH_Ao	CTTAACTGTGCGGTAA	NIH	SRR11008271	271_CTTAACTGTGCGGTAA	TRUE
NIH_Ao_CTTACCGCAGACAAGC	NIH_Ao	CTTACCGCAGACAAGC	NIH	SRR11008271	271_CTTACCGCAGACAAGC	TRUE
NIH_Ao_CTTACCGCAGCCTTGG	NIH_Ao	CTTACCGCAGCCTTGG	NIH	SRR11008271	271_CTTACCGCAGCCTTGG	TRUE
NIH_Ao_CTTACCGCATCTATGG	NIH_Ao	CTTACCGCATCTATGG	NIH	SRR11008271	271_CTTACCGCATCTATGG	TRUE
NIH_Ao_CTTACCGGTAAATGAC	NIH_Ao	CTTACCGGTAAATGAC	NIH	SRR11008271	271_CTTACCGGTAAATGAC	TRUE
NIH_Ao_CTTACCGGTTGAACTC	NIH_Ao	CTTACCGGTTGAACTC	NIH	SRR11008271	271_CTTACCGGTTGAACTC	TRUE
NIH_Ao_CTTAGGAAGGCTAGCA	NIH_Ao	CTTAGGAAGGCTAGCA	NIH	SRR11008271	271_CTTAGGAAGGCTAGCA	TRUE
NIH_Ao_CTTAGGAAGGGCTTCC	NIH_Ao	CTTAGGAAGGGCTTCC	NIH	SRR11008271	271_CTTAGGAAGGGCTTCC	TRUE
NIH_Ao_CTTAGGACACCGAAAG	NIH_Ao	CTTAGGACACCGAAAG	NIH	SRR11008271	271_CTTAGGACACCGAAAG	TRUE
NIH_Ao_CTTAGGAGTGGGTATG	NIH_Ao	CTTAGGAGTGGGTATG	NIH	SRR11008271	271_CTTAGGAGTGGGTATG	TRUE
NIH_Ao_CTTAGGATCGTAGATC	NIH_Ao	CTTAGGATCGTAGATC	NIH	SRR11008271	271_CTTAGGATCGTAGATC	TRUE
NIH_Ao_CTTAGGATCTAAGCCA	NIH_Ao	CTTAGGATCTAAGCCA	NIH	SRR11008271	271_CTTAGGATCTAAGCCA	TRUE
NIH_Ao_CTTCTCTCAAACCCAT	NIH_Ao	CTTCTCTCAAACCCAT	NIH	SRR11008271	271_CTTCTCTCAAACCCAT	TRUE
NIH_Ao_CTTCTCTGTCTAGTGT	NIH_Ao	CTTCTCTGTCTAGTGT	NIH	SRR11008271	271_CTTCTCTGTCTAGTGT	TRUE
NIH_Ao_CTTCTCTGTGCACCAC	NIH_Ao	CTTCTCTGTGCACCAC	NIH	SRR11008271	271_CTTCTCTGTGCACCAC	TRUE
NIH_Ao_CTTCTCTGTTGCGTTA	NIH_Ao	CTTCTCTGTTGCGTTA	NIH	SRR11008271	271_CTTCTCTGTTGCGTTA	TRUE
NIH_Ao_CTTCTCTGTTTGGCGC	NIH_Ao	CTTCTCTGTTTGGCGC	NIH	SRR11008271	271_CTTCTCTGTTTGGCGC	TRUE
NIH_Ao_CTTCTCTTCGGTCCGA	NIH_Ao	CTTCTCTTCGGTCCGA	NIH	SRR11008271	271_CTTCTCTTCGGTCCGA	TRUE
NIH_Ao_CTTGGCTAGCCACGCT	NIH_Ao	CTTGGCTAGCCACGCT	NIH	SRR11008271	271_CTTGGCTAGCCACGCT	TRUE
NIH_Ao_CTTGGCTAGTTGAGTA	NIH_Ao	CTTGGCTAGTTGAGTA	NIH	SRR11008271	271_CTTGGCTAGTTGAGTA	TRUE
NIH_Ao_CTTGGCTCACTTGGAT	NIH_Ao	CTTGGCTCACTTGGAT	NIH	SRR11008271	271_CTTGGCTCACTTGGAT	FALSE
NIH_Ao_CTTTGCGCAAGACACG	NIH_Ao	CTTTGCGCAAGACACG	NIH	SRR11008271	271_CTTTGCGCAAGACACG	TRUE
NIH_Ao_CTTTGCGCAGCATACT	NIH_Ao	CTTTGCGCAGCATACT	NIH	SRR11008271	271_CTTTGCGCAGCATACT	TRUE
NIH_Ao_CTTTGCGGTCTTCTCG	NIH_Ao	CTTTGCGGTCTTCTCG	NIH	SRR11008271	271_CTTTGCGGTCTTCTCG	TRUE
NIH_Ao_CTTTGCGGTTACGACT	NIH_Ao	CTTTGCGGTTACGACT	NIH	SRR11008271	271_CTTTGCGGTTACGACT	TRUE
NIH_Ao_CTTTGCGGTTGTGGCC	NIH_Ao	CTTTGCGGTTGTGGCC	NIH	SRR11008271	271_CTTTGCGGTTGTGGCC	TRUE
NIH_Ao_CTTTGCGTCACCGTAA	NIH_Ao	CTTTGCGTCACCGTAA	NIH	SRR11008271	271_CTTTGCGTCACCGTAA	TRUE
NIH_Ao_GAAACTCCAGTTCATG	NIH_Ao	GAAACTCCAGTTCATG	NIH	SRR11008271	271_GAAACTCCAGTTCATG	TRUE
NIH_Ao_GAAACTCCATTTCAGG	NIH_Ao	GAAACTCCATTTCAGG	NIH	SRR11008271	271_GAAACTCCATTTCAGG	TRUE
NIH_Ao_GAAACTCGTAGGACAC	NIH_Ao	GAAACTCGTAGGACAC	NIH	SRR11008271	271_GAAACTCGTAGGACAC	TRUE
NIH_Ao_GAAACTCGTTTACTCT	NIH_Ao	GAAACTCGTTTACTCT	NIH	SRR11008271	271_GAAACTCGTTTACTCT	TRUE
NIH_Ao_GAAACTCTCGTTTAGG	NIH_Ao	GAAACTCTCGTTTAGG	NIH	SRR11008271	271_GAAACTCTCGTTTAGG	TRUE
NIH_Ao_GAAATGAAGTTCCACA	NIH_Ao	GAAATGAAGTTCCACA	NIH	SRR11008271	271_GAAATGAAGTTCCACA	TRUE
NIH_Ao_GAAATGACAATAGAGT	NIH_Ao	GAAATGACAATAGAGT	NIH	SRR11008271	271_GAAATGACAATAGAGT	TRUE
NIH_Ao_GAAATGAGTCCGAACC	NIH_Ao	GAAATGAGTCCGAACC	NIH	SRR11008271	271_GAAATGAGTCCGAACC	TRUE
NIH_Ao_GAACATCCACATTAGC	NIH_Ao	GAACATCCACATTAGC	NIH	SRR11008271	271_GAACATCCACATTAGC	TRUE
NIH_Ao_GAACATCTCACCCGAG	NIH_Ao	GAACATCTCACCCGAG	NIH	SRR11008271	271_GAACATCTCACCCGAG	TRUE
NIH_Ao_GAACATCTCTGGGCCA	NIH_Ao	GAACATCTCTGGGCCA	NIH	SRR11008271	271_GAACATCTCTGGGCCA	TRUE
NIH_Ao_GAACCTAAGAAGGCCT	NIH_Ao	GAACCTAAGAAGGCCT	NIH	SRR11008271	271_GAACCTAAGAAGGCCT	TRUE
NIH_Ao_GAACCTAAGCTGTCTA	NIH_Ao	GAACCTAAGCTGTCTA	NIH	SRR11008271	271_GAACCTAAGCTGTCTA	TRUE
NIH_Ao_GAACGGAAGGTGACCA	NIH_Ao	GAACGGAAGGTGACCA	NIH	SRR11008271	271_GAACGGAAGGTGACCA	TRUE
NIH_Ao_GAACGGAGTCCGTCAG	NIH_Ao	GAACGGAGTCCGTCAG	NIH	SRR11008271	271_GAACGGAGTCCGTCAG	TRUE
NIH_Ao_GAACGGATCACCACCT	NIH_Ao	GAACGGATCACCACCT	NIH	SRR11008271	271_GAACGGATCACCACCT	TRUE
NIH_Ao_GAACGGATCACTGGGC	NIH_Ao	GAACGGATCACTGGGC	NIH	SRR11008271	271_GAACGGATCACTGGGC	TRUE
NIH_Ao_GAACGGATCGCTGATA	NIH_Ao	GAACGGATCGCTGATA	NIH	SRR11008271	271_GAACGGATCGCTGATA	TRUE
NIH_Ao_GAAGCAGAGAGTTGGC	NIH_Ao	GAAGCAGAGAGTTGGC	NIH	SRR11008271	271_GAAGCAGAGAGTTGGC	TRUE
NIH_Ao_GAAGCAGCAACTGGCC	NIH_Ao	GAAGCAGCAACTGGCC	NIH	SRR11008271	271_GAAGCAGCAACTGGCC	TRUE
NIH_Ao_GAAGCAGCAGATGGGT	NIH_Ao	GAAGCAGCAGATGGGT	NIH	SRR11008271	271_GAAGCAGCAGATGGGT	TRUE
NIH_Ao_GAAGCAGCATAAAGGT	NIH_Ao	GAAGCAGCATAAAGGT	NIH	SRR11008271	271_GAAGCAGCATAAAGGT	FALSE
NIH_Ao_GAAGCAGTCGGTCCGA	NIH_Ao	GAAGCAGTCGGTCCGA	NIH	SRR11008271	271_GAAGCAGTCGGTCCGA	TRUE
NIH_Ao_GAATAAGAGATAGGAG	NIH_Ao	GAATAAGAGATAGGAG	NIH	SRR11008271	271_GAATAAGAGATAGGAG	TRUE
NIH_Ao_GAATAAGCACCCTATC	NIH_Ao	GAATAAGCACCCTATC	NIH	SRR11008271	271_GAATAAGCACCCTATC	TRUE
NIH_Ao_GAATAAGGTAGAAAGG	NIH_Ao	GAATAAGGTAGAAAGG	NIH	SRR11008271	271_GAATAAGGTAGAAAGG	TRUE
NIH_Ao_GAATAAGTCGGCTACG	NIH_Ao	GAATAAGTCGGCTACG	NIH	SRR11008271	271_GAATAAGTCGGCTACG	TRUE
NIH_Ao_GAATGAAAGAATTGTG	NIH_Ao	GAATGAAAGAATTGTG	NIH	SRR11008271	271_GAATGAAAGAATTGTG	TRUE
NIH_Ao_GAATGAAGTGACAAAT	NIH_Ao	GAATGAAGTGACAAAT	NIH	SRR11008271	271_GAATGAAGTGACAAAT	TRUE
NIH_Ao_GAATGAATCCGCGGTA	NIH_Ao	GAATGAATCCGCGGTA	NIH	SRR11008271	271_GAATGAATCCGCGGTA	TRUE
NIH_Ao_GAATGAATCTTCATGT	NIH_Ao	GAATGAATCTTCATGT	NIH	SRR11008271	271_GAATGAATCTTCATGT	TRUE
NIH_Ao_GACACGCAGCAACGGT	NIH_Ao	GACACGCAGCAACGGT	NIH	SRR11008271	271_GACACGCAGCAACGGT	TRUE
NIH_Ao_GACACGCAGCACGCCT	NIH_Ao	GACACGCAGCACGCCT	NIH	SRR11008271	271_GACACGCAGCACGCCT	TRUE
NIH_Ao_GACACGCAGCTTCGCG	NIH_Ao	GACACGCAGCTTCGCG	NIH	SRR11008271	271_GACACGCAGCTTCGCG	TRUE
NIH_Ao_GACACGCAGTGGCACA	NIH_Ao	GACACGCAGTGGCACA	NIH	SRR11008271	271_GACACGCAGTGGCACA	TRUE
NIH_Ao_GACACGCGTTGGTGGA	NIH_Ao	GACACGCGTTGGTGGA	NIH	SRR11008271	271_GACACGCGTTGGTGGA	TRUE
NIH_Ao_GACACGCTCTGTCAAG	NIH_Ao	GACACGCTCTGTCAAG	NIH	SRR11008271	271_GACACGCTCTGTCAAG	TRUE
NIH_Ao_GACAGAGAGCTGCAAG	NIH_Ao	GACAGAGAGCTGCAAG	NIH	SRR11008271	271_GACAGAGAGCTGCAAG	TRUE
NIH_Ao_GACAGAGGTAAAGGAG	NIH_Ao	GACAGAGGTAAAGGAG	NIH	SRR11008271	271_GACAGAGGTAAAGGAG	TRUE
NIH_Ao_GACCAATAGACATAAC	NIH_Ao	GACCAATAGACATAAC	NIH	SRR11008271	271_GACCAATAGACATAAC	TRUE
NIH_Ao_GACCAATAGGCTCTTA	NIH_Ao	GACCAATAGGCTCTTA	NIH	SRR11008271	271_GACCAATAGGCTCTTA	TRUE
NIH_Ao_GACCAATCAGCTTAAC	NIH_Ao	GACCAATCAGCTTAAC	NIH	SRR11008271	271_GACCAATCAGCTTAAC	TRUE
NIH_Ao_GACCAATGTTGTCGCG	NIH_Ao	GACCAATGTTGTCGCG	NIH	SRR11008271	271_GACCAATGTTGTCGCG	TRUE
NIH_Ao_GACCAATTCGAGAACG	NIH_Ao	GACCAATTCGAGAACG	NIH	SRR11008271	271_GACCAATTCGAGAACG	TRUE
NIH_Ao_GACCAATTCGGCGGTT	NIH_Ao	GACCAATTCGGCGGTT	NIH	SRR11008271	271_GACCAATTCGGCGGTT	TRUE
NIH_Ao_GACCTGGAGGGTCGAT	NIH_Ao	GACCTGGAGGGTCGAT	NIH	SRR11008271	271_GACCTGGAGGGTCGAT	TRUE
NIH_Ao_GACCTGGTCACAGGCC	NIH_Ao	GACCTGGTCACAGGCC	NIH	SRR11008271	271_GACCTGGTCACAGGCC	TRUE
NIH_Ao_GACGCGTAGAGTCGGT	NIH_Ao	GACGCGTAGAGTCGGT	NIH	SRR11008271	271_GACGCGTAGAGTCGGT	TRUE
NIH_Ao_GACGCGTAGGTACTCT	NIH_Ao	GACGCGTAGGTACTCT	NIH	SRR11008271	271_GACGCGTAGGTACTCT	TRUE
NIH_Ao_GACGCGTAGTACGACG	NIH_Ao	GACGCGTAGTACGACG	NIH	SRR11008271	271_GACGCGTAGTACGACG	TRUE
NIH_Ao_GACGCGTAGTTGAGTA	NIH_Ao	GACGCGTAGTTGAGTA	NIH	SRR11008271	271_GACGCGTAGTTGAGTA	TRUE
NIH_Ao_GACGCGTGTTCCGTCT	NIH_Ao	GACGCGTGTTCCGTCT	NIH	SRR11008271	271_GACGCGTGTTCCGTCT	TRUE
NIH_Ao_GACGCGTTCGTTACAG	NIH_Ao	GACGCGTTCGTTACAG	NIH	SRR11008271	271_GACGCGTTCGTTACAG	TRUE
NIH_Ao_GACGGCTCAGTCGATT	NIH_Ao	GACGGCTCAGTCGATT	NIH	SRR11008271	271_GACGGCTCAGTCGATT	TRUE
NIH_Ao_GACGGCTGTGTGACCC	NIH_Ao	GACGGCTGTGTGACCC	NIH	SRR11008271	271_GACGGCTGTGTGACCC	TRUE
NIH_Ao_GACGGCTTCACAAACC	NIH_Ao	GACGGCTTCACAAACC	NIH	SRR11008271	271_GACGGCTTCACAAACC	TRUE
NIH_Ao_GACGTGCAGCGGCTTC	NIH_Ao	GACGTGCAGCGGCTTC	NIH	SRR11008271	271_GACGTGCAGCGGCTTC	TRUE
NIH_Ao_GACGTGCCATAAAGGT	NIH_Ao	GACGTGCCATAAAGGT	NIH	SRR11008271	271_GACGTGCCATAAAGGT	TRUE
NIH_Ao_GACGTTAAGCCAGTAG	NIH_Ao	GACGTTAAGCCAGTAG	NIH	SRR11008271	271_GACGTTAAGCCAGTAG	TRUE
NIH_Ao_GACGTTAGTACAAGTA	NIH_Ao	GACGTTAGTACAAGTA	NIH	SRR11008271	271_GACGTTAGTACAAGTA	TRUE
NIH_Ao_GACGTTAGTCTGCCAG	NIH_Ao	GACGTTAGTCTGCCAG	NIH	SRR11008271	271_GACGTTAGTCTGCCAG	TRUE
NIH_Ao_GACGTTATCCCTAACC	NIH_Ao	GACGTTATCCCTAACC	NIH	SRR11008271	271_GACGTTATCCCTAACC	TRUE
NIH_Ao_GACTAACCATAACCTG	NIH_Ao	GACTAACCATAACCTG	NIH	SRR11008271	271_GACTAACCATAACCTG	TRUE
NIH_Ao_GACTAACGTTGGGACA	NIH_Ao	GACTAACGTTGGGACA	NIH	SRR11008271	271_GACTAACGTTGGGACA	TRUE
NIH_Ao_GACTAACTCCCATTTA	NIH_Ao	GACTAACTCCCATTTA	NIH	SRR11008271	271_GACTAACTCCCATTTA	TRUE
NIH_Ao_GACTAACTCCGTAGTA	NIH_Ao	GACTAACTCCGTAGTA	NIH	SRR11008271	271_GACTAACTCCGTAGTA	TRUE
NIH_Ao_GACTACAAGAGGTACC	NIH_Ao	GACTACAAGAGGTACC	NIH	SRR11008271	271_GACTACAAGAGGTACC	TRUE
NIH_Ao_GACTACAAGTTCGCAT	NIH_Ao	GACTACAAGTTCGCAT	NIH	SRR11008271	271_GACTACAAGTTCGCAT	TRUE
NIH_Ao_GACTACAGTACAGACG	NIH_Ao	GACTACAGTACAGACG	NIH	SRR11008271	271_GACTACAGTACAGACG	TRUE
NIH_Ao_GACTACAGTTCGTTGA	NIH_Ao	GACTACAGTTCGTTGA	NIH	SRR11008271	271_GACTACAGTTCGTTGA	TRUE
NIH_Ao_GACTGCGAGGCATGGT	NIH_Ao	GACTGCGAGGCATGGT	NIH	SRR11008271	271_GACTGCGAGGCATGGT	TRUE
NIH_Ao_GACTGCGAGGTAGCTG	NIH_Ao	GACTGCGAGGTAGCTG	NIH	SRR11008271	271_GACTGCGAGGTAGCTG	TRUE
NIH_Ao_GACTGCGAGGTGATAT	NIH_Ao	GACTGCGAGGTGATAT	NIH	SRR11008271	271_GACTGCGAGGTGATAT	TRUE
NIH_Ao_GACTGCGGTGAGGGAG	NIH_Ao	GACTGCGGTGAGGGAG	NIH	SRR11008271	271_GACTGCGGTGAGGGAG	TRUE
NIH_Ao_GAGCAGAAGATGCGAC	NIH_Ao	GAGCAGAAGATGCGAC	NIH	SRR11008271	271_GAGCAGAAGATGCGAC	TRUE
NIH_Ao_GAGCAGACAAAGCAAT	NIH_Ao	GAGCAGACAAAGCAAT	NIH	SRR11008271	271_GAGCAGACAAAGCAAT	TRUE
NIH_Ao_GAGCAGACAAGGTTCT	NIH_Ao	GAGCAGACAAGGTTCT	NIH	SRR11008271	271_GAGCAGACAAGGTTCT	TRUE
NIH_Ao_GAGCAGACATCACGTA	NIH_Ao	GAGCAGACATCACGTA	NIH	SRR11008271	271_GAGCAGACATCACGTA	TRUE
NIH_Ao_GAGCAGACATTACCTT	NIH_Ao	GAGCAGACATTACCTT	NIH	SRR11008271	271_GAGCAGACATTACCTT	TRUE
NIH_Ao_GAGCAGAGTTGGACCC	NIH_Ao	GAGCAGAGTTGGACCC	NIH	SRR11008271	271_GAGCAGAGTTGGACCC	TRUE
NIH_Ao_GAGGTGACAAAGTCAA	NIH_Ao	GAGGTGACAAAGTCAA	NIH	SRR11008271	271_GAGGTGACAAAGTCAA	TRUE
NIH_Ao_GAGGTGACAATTCCTT	NIH_Ao	GAGGTGACAATTCCTT	NIH	SRR11008271	271_GAGGTGACAATTCCTT	TRUE
NIH_Ao_GAGGTGAGTATATGGA	NIH_Ao	GAGGTGAGTATATGGA	NIH	SRR11008271	271_GAGGTGAGTATATGGA	FALSE
NIH_Ao_GAGTCCGCACACCGAC	NIH_Ao	GAGTCCGCACACCGAC	NIH	SRR11008271	271_GAGTCCGCACACCGAC	TRUE
NIH_Ao_GAGTCCGTCCACGCAG	NIH_Ao	GAGTCCGTCCACGCAG	NIH	SRR11008271	271_GAGTCCGTCCACGCAG	TRUE
NIH_Ao_GATCAGTGTCGCATCG	NIH_Ao	GATCAGTGTCGCATCG	NIH	SRR11008271	271_GATCAGTGTCGCATCG	TRUE
NIH_Ao_GATCGATAGCAACGGT	NIH_Ao	GATCGATAGCAACGGT	NIH	SRR11008271	271_GATCGATAGCAACGGT	TRUE
NIH_Ao_GATCGATAGCGATAGC	NIH_Ao	GATCGATAGCGATAGC	NIH	SRR11008271	271_GATCGATAGCGATAGC	TRUE
NIH_Ao_GATCGATAGGTAGCTG	NIH_Ao	GATCGATAGGTAGCTG	NIH	SRR11008271	271_GATCGATAGGTAGCTG	TRUE
NIH_Ao_GATCGATTCTTACCTA	NIH_Ao	GATCGATTCTTACCTA	NIH	SRR11008271	271_GATCGATTCTTACCTA	TRUE
NIH_Ao_GATCGCGAGCTGTTCA	NIH_Ao	GATCGCGAGCTGTTCA	NIH	SRR11008271	271_GATCGCGAGCTGTTCA	TRUE
NIH_Ao_GATCGCGCAAGACGTG	NIH_Ao	GATCGCGCAAGACGTG	NIH	SRR11008271	271_GATCGCGCAAGACGTG	TRUE
NIH_Ao_GATCGCGTCGGTTAAC	NIH_Ao	GATCGCGTCGGTTAAC	NIH	SRR11008271	271_GATCGCGTCGGTTAAC	TRUE
NIH_Ao_GATCGCGTCTGTCAAG	NIH_Ao	GATCGCGTCTGTCAAG	NIH	SRR11008271	271_GATCGCGTCTGTCAAG	TRUE
NIH_Ao_GATCGTAAGTATGACA	NIH_Ao	GATCGTAAGTATGACA	NIH	SRR11008271	271_GATCGTAAGTATGACA	TRUE
NIH_Ao_GATCGTAAGTGGGATC	NIH_Ao	GATCGTAAGTGGGATC	NIH	SRR11008271	271_GATCGTAAGTGGGATC	TRUE
NIH_Ao_GATCGTACAGTTCATG	NIH_Ao	GATCGTACAGTTCATG	NIH	SRR11008271	271_GATCGTACAGTTCATG	TRUE
NIH_Ao_GATCGTAGTATTACCG	NIH_Ao	GATCGTAGTATTACCG	NIH	SRR11008271	271_GATCGTAGTATTACCG	TRUE
NIH_Ao_GATCGTAGTGTGGTTT	NIH_Ao	GATCGTAGTGTGGTTT	NIH	SRR11008271	271_GATCGTAGTGTGGTTT	TRUE
NIH_Ao_GATCGTATCCTTTCGG	NIH_Ao	GATCGTATCCTTTCGG	NIH	SRR11008271	271_GATCGTATCCTTTCGG	TRUE
NIH_Ao_GATCGTATCGGAGCAA	NIH_Ao	GATCGTATCGGAGCAA	NIH	SRR11008271	271_GATCGTATCGGAGCAA	TRUE
NIH_Ao_GATCGTATCTACTATC	NIH_Ao	GATCGTATCTACTATC	NIH	SRR11008271	271_GATCGTATCTACTATC	TRUE
NIH_Ao_GATCTAGAGCTGGAAC	NIH_Ao	GATCTAGAGCTGGAAC	NIH	SRR11008271	271_GATCTAGAGCTGGAAC	TRUE
NIH_Ao_GATCTAGGTTACAGAA	NIH_Ao	GATCTAGGTTACAGAA	NIH	SRR11008271	271_GATCTAGGTTACAGAA	TRUE
NIH_Ao_GATCTAGTCAACGGCC	NIH_Ao	GATCTAGTCAACGGCC	NIH	SRR11008271	271_GATCTAGTCAACGGCC	TRUE
NIH_Ao_GATGAAAAGTACGTTC	NIH_Ao	GATGAAAAGTACGTTC	NIH	SRR11008271	271_GATGAAAAGTACGTTC	TRUE
NIH_Ao_GATGAAAAGTCTCGGC	NIH_Ao	GATGAAAAGTCTCGGC	NIH	SRR11008271	271_GATGAAAAGTCTCGGC	TRUE
NIH_Ao_GATGAAAGTAAATACG	NIH_Ao	GATGAAAGTAAATACG	NIH	SRR11008271	271_GATGAAAGTAAATACG	TRUE
NIH_Ao_GATGAAATCACCTTAT	NIH_Ao	GATGAAATCACCTTAT	NIH	SRR11008271	271_GATGAAATCACCTTAT	TRUE
NIH_Ao_GATGAAATCTTGTACT	NIH_Ao	GATGAAATCTTGTACT	NIH	SRR11008271	271_GATGAAATCTTGTACT	TRUE
NIH_Ao_GATGAGGAGAAACGCC	NIH_Ao	GATGAGGAGAAACGCC	NIH	SRR11008271	271_GATGAGGAGAAACGCC	TRUE
NIH_Ao_GATGAGGGTCCTAGCG	NIH_Ao	GATGAGGGTCCTAGCG	NIH	SRR11008271	271_GATGAGGGTCCTAGCG	TRUE
NIH_Ao_GATGAGGGTGCAACTT	NIH_Ao	GATGAGGGTGCAACTT	NIH	SRR11008271	271_GATGAGGGTGCAACTT	TRUE
NIH_Ao_GATGAGGTCCAAAGTC	NIH_Ao	GATGAGGTCCAAAGTC	NIH	SRR11008271	271_GATGAGGTCCAAAGTC	TRUE
NIH_Ao_GATGCTACACTGTTAG	NIH_Ao	GATGCTACACTGTTAG	NIH	SRR11008271	271_GATGCTACACTGTTAG	TRUE
NIH_Ao_GATGCTAGTCGGGTCT	NIH_Ao	GATGCTAGTCGGGTCT	NIH	SRR11008271	271_GATGCTAGTCGGGTCT	TRUE
NIH_Ao_GATGCTATCGCTTGTC	NIH_Ao	GATGCTATCGCTTGTC	NIH	SRR11008271	271_GATGCTATCGCTTGTC	TRUE
NIH_Ao_GATTCAGCACGGTGTC	NIH_Ao	GATTCAGCACGGTGTC	NIH	SRR11008271	271_GATTCAGCACGGTGTC	TRUE
NIH_Ao_GATTCAGTCGCCTGAG	NIH_Ao	GATTCAGTCGCCTGAG	NIH	SRR11008271	271_GATTCAGTCGCCTGAG	TRUE
NIH_Ao_GCAAACTAGTATGACA	NIH_Ao	GCAAACTAGTATGACA	NIH	SRR11008271	271_GCAAACTAGTATGACA	FALSE
NIH_Ao_GCAAACTCAAACAACA	NIH_Ao	GCAAACTCAAACAACA	NIH	SRR11008271	271_GCAAACTCAAACAACA	TRUE
NIH_Ao_GCAAACTCAGTATAAG	NIH_Ao	GCAAACTCAGTATAAG	NIH	SRR11008271	271_GCAAACTCAGTATAAG	TRUE
NIH_Ao_GCAAACTCATGCCCGA	NIH_Ao	GCAAACTCATGCCCGA	NIH	SRR11008271	271_GCAAACTCATGCCCGA	TRUE
NIH_Ao_GCAAACTGTAAGTGTA	NIH_Ao	GCAAACTGTAAGTGTA	NIH	SRR11008271	271_GCAAACTGTAAGTGTA	TRUE
NIH_Ao_GCAAACTGTGCACTTA	NIH_Ao	GCAAACTGTGCACTTA	NIH	SRR11008271	271_GCAAACTGTGCACTTA	TRUE
NIH_Ao_GCAAACTGTTCACCTC	NIH_Ao	GCAAACTGTTCACCTC	NIH	SRR11008271	271_GCAAACTGTTCACCTC	TRUE
NIH_Ao_GCAATCAAGAGGTACC	NIH_Ao	GCAATCAAGAGGTACC	NIH	SRR11008271	271_GCAATCAAGAGGTACC	TRUE
NIH_Ao_GCAATCAAGCCGTCGT	NIH_Ao	GCAATCAAGCCGTCGT	NIH	SRR11008271	271_GCAATCAAGCCGTCGT	TRUE
NIH_Ao_GCACATACATGGTAGG	NIH_Ao	GCACATACATGGTAGG	NIH	SRR11008271	271_GCACATACATGGTAGG	TRUE
NIH_Ao_GCACTCTAGGCCCGTT	NIH_Ao	GCACTCTAGGCCCGTT	NIH	SRR11008271	271_GCACTCTAGGCCCGTT	TRUE
NIH_Ao_GCACTCTGTATTCTCT	NIH_Ao	GCACTCTGTATTCTCT	NIH	SRR11008271	271_GCACTCTGTATTCTCT	TRUE
NIH_Ao_GCACTCTTCTGGTGTA	NIH_Ao	GCACTCTTCTGGTGTA	NIH	SRR11008271	271_GCACTCTTCTGGTGTA	TRUE
NIH_Ao_GCAGCCACATGGAATA	NIH_Ao	GCAGCCACATGGAATA	NIH	SRR11008271	271_GCAGCCACATGGAATA	TRUE
NIH_Ao_GCAGCCATCGGAGCAA	NIH_Ao	GCAGCCATCGGAGCAA	NIH	SRR11008271	271_GCAGCCATCGGAGCAA	TRUE
NIH_Ao_GCAGTTACAAACTGTC	NIH_Ao	GCAGTTACAAACTGTC	NIH	SRR11008271	271_GCAGTTACAAACTGTC	TRUE
NIH_Ao_GCAGTTACACCAGCAC	NIH_Ao	GCAGTTACACCAGCAC	NIH	SRR11008271	271_GCAGTTACACCAGCAC	TRUE
NIH_Ao_GCAGTTACAGGCAGTA	NIH_Ao	GCAGTTACAGGCAGTA	NIH	SRR11008271	271_GCAGTTACAGGCAGTA	TRUE
NIH_Ao_GCAGTTATCCAGAGGA	NIH_Ao	GCAGTTATCCAGAGGA	NIH	SRR11008271	271_GCAGTTATCCAGAGGA	TRUE
NIH_Ao_GCATACACACCAGTTA	NIH_Ao	GCATACACACCAGTTA	NIH	SRR11008271	271_GCATACACACCAGTTA	TRUE
NIH_Ao_GCATACATCCAGTAGT	NIH_Ao	GCATACATCCAGTAGT	NIH	SRR11008271	271_GCATACATCCAGTAGT	TRUE
NIH_Ao_GCATACATCTGTCTCG	NIH_Ao	GCATACATCTGTCTCG	NIH	SRR11008271	271_GCATACATCTGTCTCG	TRUE
NIH_Ao_GCATGATAGACAAGCC	NIH_Ao	GCATGATAGACAAGCC	NIH	SRR11008271	271_GCATGATAGACAAGCC	TRUE
NIH_Ao_GCATGATAGCCTTGAT	NIH_Ao	GCATGATAGCCTTGAT	NIH	SRR11008271	271_GCATGATAGCCTTGAT	TRUE
NIH_Ao_GCATGATAGGTGCTAG	NIH_Ao	GCATGATAGGTGCTAG	NIH	SRR11008271	271_GCATGATAGGTGCTAG	TRUE
NIH_Ao_GCATGATTCACCCGAG	NIH_Ao	GCATGATTCACCCGAG	NIH	SRR11008271	271_GCATGATTCACCCGAG	TRUE
NIH_Ao_GCATGCGAGGCTAGCA	NIH_Ao	GCATGCGAGGCTAGCA	NIH	SRR11008271	271_GCATGCGAGGCTAGCA	TRUE
NIH_Ao_GCATGCGAGTTTCCTT	NIH_Ao	GCATGCGAGTTTCCTT	NIH	SRR11008271	271_GCATGCGAGTTTCCTT	TRUE
NIH_Ao_GCATGCGCAGTCGTGC	NIH_Ao	GCATGCGCAGTCGTGC	NIH	SRR11008271	271_GCATGCGCAGTCGTGC	TRUE
NIH_Ao_GCATGCGTCACCTCGT	NIH_Ao	GCATGCGTCACCTCGT	NIH	SRR11008271	271_GCATGCGTCACCTCGT	TRUE
NIH_Ao_GCATGTAAGTGTTTGC	NIH_Ao	GCATGTAAGTGTTTGC	NIH	SRR11008271	271_GCATGTAAGTGTTTGC	TRUE
NIH_Ao_GCATGTACATAGAAAC	NIH_Ao	GCATGTACATAGAAAC	NIH	SRR11008271	271_GCATGTACATAGAAAC	TRUE
NIH_Ao_GCATGTATCAGTACGT	NIH_Ao	GCATGTATCAGTACGT	NIH	SRR11008271	271_GCATGTATCAGTACGT	TRUE
NIH_Ao_GCATGTATCCGTACAA	NIH_Ao	GCATGTATCCGTACAA	NIH	SRR11008271	271_GCATGTATCCGTACAA	TRUE
NIH_Ao_GCATGTATCGCGATCG	NIH_Ao	GCATGTATCGCGATCG	NIH	SRR11008271	271_GCATGTATCGCGATCG	TRUE
NIH_Ao_GCCAAATGTTCAGGCC	NIH_Ao	GCCAAATGTTCAGGCC	NIH	SRR11008271	271_GCCAAATGTTCAGGCC	TRUE
NIH_Ao_GCCTCTAAGCTGCCCA	NIH_Ao	GCCTCTAAGCTGCCCA	NIH	SRR11008271	271_GCCTCTAAGCTGCCCA	TRUE
NIH_Ao_GCCTCTACAGGAATCG	NIH_Ao	GCCTCTACAGGAATCG	NIH	SRR11008271	271_GCCTCTACAGGAATCG	TRUE
NIH_Ao_GCCTCTAGTAATCGTC	NIH_Ao	GCCTCTAGTAATCGTC	NIH	SRR11008271	271_GCCTCTAGTAATCGTC	TRUE
NIH_Ao_GCCTCTAGTCAACATC	NIH_Ao	GCCTCTAGTCAACATC	NIH	SRR11008271	271_GCCTCTAGTCAACATC	TRUE
NIH_Ao_GCCTCTAGTCCAGTGC	NIH_Ao	GCCTCTAGTCCAGTGC	NIH	SRR11008271	271_GCCTCTAGTCCAGTGC	FALSE
NIH_Ao_GCCTCTATCATATCGG	NIH_Ao	GCCTCTATCATATCGG	NIH	SRR11008271	271_GCCTCTATCATATCGG	TRUE
NIH_Ao_GCGACCACAGGAACGT	NIH_Ao	GCGACCACAGGAACGT	NIH	SRR11008271	271_GCGACCACAGGAACGT	TRUE
NIH_Ao_GCGACCACATCACGAT	NIH_Ao	GCGACCACATCACGAT	NIH	SRR11008271	271_GCGACCACATCACGAT	TRUE
NIH_Ao_GCGAGAACACATGGGA	NIH_Ao	GCGAGAACACATGGGA	NIH	SRR11008271	271_GCGAGAACACATGGGA	TRUE
NIH_Ao_GCGAGAAGTATCGCAT	NIH_Ao	GCGAGAAGTATCGCAT	NIH	SRR11008271	271_GCGAGAAGTATCGCAT	TRUE
NIH_Ao_GCGAGAAGTTAAAGTG	NIH_Ao	GCGAGAAGTTAAAGTG	NIH	SRR11008271	271_GCGAGAAGTTAAAGTG	TRUE
NIH_Ao_GCGAGAAGTTCCACAA	NIH_Ao	GCGAGAAGTTCCACAA	NIH	SRR11008271	271_GCGAGAAGTTCCACAA	TRUE
NIH_Ao_GCGAGAATCTGTCTCG	NIH_Ao	GCGAGAATCTGTCTCG	NIH	SRR11008271	271_GCGAGAATCTGTCTCG	TRUE
NIH_Ao_GCGCAACAGAGGTACC	NIH_Ao	GCGCAACAGAGGTACC	NIH	SRR11008271	271_GCGCAACAGAGGTACC	TRUE
NIH_Ao_GCGCAACAGAGTTGGC	NIH_Ao	GCGCAACAGAGTTGGC	NIH	SRR11008271	271_GCGCAACAGAGTTGGC	TRUE
NIH_Ao_GCGCAACCAGTAAGCG	NIH_Ao	GCGCAACCAGTAAGCG	NIH	SRR11008271	271_GCGCAACCAGTAAGCG	TRUE
NIH_Ao_GCGCAACGTAGCTGCC	NIH_Ao	GCGCAACGTAGCTGCC	NIH	SRR11008271	271_GCGCAACGTAGCTGCC	TRUE
NIH_Ao_GCGCAGTCACCAGTTA	NIH_Ao	GCGCAGTCACCAGTTA	NIH	SRR11008271	271_GCGCAGTCACCAGTTA	TRUE
NIH_Ao_GCGCAGTGTGGGTCAA	NIH_Ao	GCGCAGTGTGGGTCAA	NIH	SRR11008271	271_GCGCAGTGTGGGTCAA	TRUE
NIH_Ao_GCGCAGTGTTGTCTTT	NIH_Ao	GCGCAGTGTTGTCTTT	NIH	SRR11008271	271_GCGCAGTGTTGTCTTT	TRUE
NIH_Ao_GCGCAGTTCCGTAGGC	NIH_Ao	GCGCAGTTCCGTAGGC	NIH	SRR11008271	271_GCGCAGTTCCGTAGGC	TRUE
NIH_Ao_GCGCCAACAAGAGTCG	NIH_Ao	GCGCCAACAAGAGTCG	NIH	SRR11008271	271_GCGCCAACAAGAGTCG	TRUE
NIH_Ao_GCGCCAACAAGTCATC	NIH_Ao	GCGCCAACAAGTCATC	NIH	SRR11008271	271_GCGCCAACAAGTCATC	TRUE
NIH_Ao_GCGCCAAGTCGGCTCA	NIH_Ao	GCGCCAAGTCGGCTCA	NIH	SRR11008271	271_GCGCCAAGTCGGCTCA	TRUE
NIH_Ao_GCGCCAATCCAGAAGG	NIH_Ao	GCGCCAATCCAGAAGG	NIH	SRR11008271	271_GCGCCAATCCAGAAGG	TRUE
NIH_Ao_GCGCGATAGACCGGAT	NIH_Ao	GCGCGATAGACCGGAT	NIH	SRR11008271	271_GCGCGATAGACCGGAT	TRUE
NIH_Ao_GCGCGATAGGACAGAA	NIH_Ao	GCGCGATAGGACAGAA	NIH	SRR11008271	271_GCGCGATAGGACAGAA	TRUE
NIH_Ao_GCGCGATCACAGCCCA	NIH_Ao	GCGCGATCACAGCCCA	NIH	SRR11008271	271_GCGCGATCACAGCCCA	TRUE
NIH_Ao_GCGCGATCAGACAGGT	NIH_Ao	GCGCGATCAGACAGGT	NIH	SRR11008271	271_GCGCGATCAGACAGGT	TRUE
NIH_Ao_GCGCGATCAGACTCGC	NIH_Ao	GCGCGATCAGACTCGC	NIH	SRR11008271	271_GCGCGATCAGACTCGC	TRUE
NIH_Ao_GCGCGATGTTACGGAG	NIH_Ao	GCGCGATGTTACGGAG	NIH	SRR11008271	271_GCGCGATGTTACGGAG	TRUE
NIH_Ao_GCGCGATGTTTGACAC	NIH_Ao	GCGCGATGTTTGACAC	NIH	SRR11008271	271_GCGCGATGTTTGACAC	TRUE
NIH_Ao_GCGCGATTCGTGGTCG	NIH_Ao	GCGCGATTCGTGGTCG	NIH	SRR11008271	271_GCGCGATTCGTGGTCG	TRUE
NIH_Ao_GCGGGTTCACTGAAGG	NIH_Ao	GCGGGTTCACTGAAGG	NIH	SRR11008271	271_GCGGGTTCACTGAAGG	TRUE
NIH_Ao_GCGGGTTGTAAGTGTA	NIH_Ao	GCGGGTTGTAAGTGTA	NIH	SRR11008271	271_GCGGGTTGTAAGTGTA	TRUE
NIH_Ao_GCGGGTTGTTAAGATG	NIH_Ao	GCGGGTTGTTAAGATG	NIH	SRR11008271	271_GCGGGTTGTTAAGATG	TRUE
NIH_Ao_GCTCCTAAGATGCGAC	NIH_Ao	GCTCCTAAGATGCGAC	NIH	SRR11008271	271_GCTCCTAAGATGCGAC	TRUE
NIH_Ao_GCTCCTAAGGACGAAA	NIH_Ao	GCTCCTAAGGACGAAA	NIH	SRR11008271	271_GCTCCTAAGGACGAAA	TRUE
NIH_Ao_GCTCCTACACAAGCCC	NIH_Ao	GCTCCTACACAAGCCC	NIH	SRR11008271	271_GCTCCTACACAAGCCC	TRUE
NIH_Ao_GCTCCTACACCTCGTT	NIH_Ao	GCTCCTACACCTCGTT	NIH	SRR11008271	271_GCTCCTACACCTCGTT	TRUE
NIH_Ao_GCTCCTATCAGGCAAG	NIH_Ao	GCTCCTATCAGGCAAG	NIH	SRR11008271	271_GCTCCTATCAGGCAAG	TRUE
NIH_Ao_GCTCTGTAGTGGTAGC	NIH_Ao	GCTCTGTAGTGGTAGC	NIH	SRR11008271	271_GCTCTGTAGTGGTAGC	TRUE
NIH_Ao_GCTCTGTCATATACGC	NIH_Ao	GCTCTGTCATATACGC	NIH	SRR11008271	271_GCTCTGTCATATACGC	TRUE
NIH_Ao_GCTCTGTTCGCTTGTC	NIH_Ao	GCTCTGTTCGCTTGTC	NIH	SRR11008271	271_GCTCTGTTCGCTTGTC	TRUE
NIH_Ao_GCTGCAGAGACGCTTT	NIH_Ao	GCTGCAGAGACGCTTT	NIH	SRR11008271	271_GCTGCAGAGACGCTTT	TRUE
NIH_Ao_GCTGCAGCAAACTGTC	NIH_Ao	GCTGCAGCAAACTGTC	NIH	SRR11008271	271_GCTGCAGCAAACTGTC	TRUE
NIH_Ao_GCTGCAGCAGTGGGAT	NIH_Ao	GCTGCAGCAGTGGGAT	NIH	SRR11008271	271_GCTGCAGCAGTGGGAT	TRUE
NIH_Ao_GCTGCAGGTCCCTACT	NIH_Ao	GCTGCAGGTCCCTACT	NIH	SRR11008271	271_GCTGCAGGTCCCTACT	TRUE
NIH_Ao_GCTGCAGTCAAGAAGT	NIH_Ao	GCTGCAGTCAAGAAGT	NIH	SRR11008271	271_GCTGCAGTCAAGAAGT	TRUE
NIH_Ao_GCTGCAGTCGGTCTAA	NIH_Ao	GCTGCAGTCGGTCTAA	NIH	SRR11008271	271_GCTGCAGTCGGTCTAA	TRUE
NIH_Ao_GCTGCGAGTATATCCG	NIH_Ao	GCTGCGAGTATATCCG	NIH	SRR11008271	271_GCTGCGAGTATATCCG	TRUE
NIH_Ao_GCTGCGATCGTTTGCC	NIH_Ao	GCTGCGATCGTTTGCC	NIH	SRR11008271	271_GCTGCGATCGTTTGCC	TRUE
NIH_Ao_GCTGCTTAGCTCCCAG	NIH_Ao	GCTGCTTAGCTCCCAG	NIH	SRR11008271	271_GCTGCTTAGCTCCCAG	TRUE
NIH_Ao_GCTGCTTAGCTTCGCG	NIH_Ao	GCTGCTTAGCTTCGCG	NIH	SRR11008271	271_GCTGCTTAGCTTCGCG	TRUE
NIH_Ao_GCTGCTTAGTCATCCA	NIH_Ao	GCTGCTTAGTCATCCA	NIH	SRR11008271	271_GCTGCTTAGTCATCCA	TRUE
NIH_Ao_GCTGCTTAGTGTTGAA	NIH_Ao	GCTGCTTAGTGTTGAA	NIH	SRR11008271	271_GCTGCTTAGTGTTGAA	FALSE
NIH_Ao_GCTGCTTGTAGTGAAT	NIH_Ao	GCTGCTTGTAGTGAAT	NIH	SRR11008271	271_GCTGCTTGTAGTGAAT	TRUE
NIH_Ao_GCTGCTTGTCCCTACT	NIH_Ao	GCTGCTTGTCCCTACT	NIH	SRR11008271	271_GCTGCTTGTCCCTACT	TRUE
NIH_Ao_GCTGCTTTCACCATAG	NIH_Ao	GCTGCTTTCACCATAG	NIH	SRR11008271	271_GCTGCTTTCACCATAG	TRUE
NIH_Ao_GCTGCTTTCGGTGTCG	NIH_Ao	GCTGCTTTCGGTGTCG	NIH	SRR11008271	271_GCTGCTTTCGGTGTCG	TRUE
NIH_Ao_GCTGGGTCAAGGGTCA	NIH_Ao	GCTGGGTCAAGGGTCA	NIH	SRR11008271	271_GCTGGGTCAAGGGTCA	TRUE
NIH_Ao_GCTGGGTCAAGTTAAG	NIH_Ao	GCTGGGTCAAGTTAAG	NIH	SRR11008271	271_GCTGGGTCAAGTTAAG	TRUE
NIH_Ao_GCTGGGTCAGTTTACG	NIH_Ao	GCTGGGTCAGTTTACG	NIH	SRR11008271	271_GCTGGGTCAGTTTACG	TRUE
NIH_Ao_GCTGGGTGTATAGGGC	NIH_Ao	GCTGGGTGTATAGGGC	NIH	SRR11008271	271_GCTGGGTGTATAGGGC	TRUE
NIH_Ao_GCTGGGTGTCTTGTCC	NIH_Ao	GCTGGGTGTCTTGTCC	NIH	SRR11008271	271_GCTGGGTGTCTTGTCC	TRUE
NIH_Ao_GCTGGGTTCCTTGACC	NIH_Ao	GCTGGGTTCCTTGACC	NIH	SRR11008271	271_GCTGGGTTCCTTGACC	TRUE
NIH_Ao_GCTTCCACAAGAAAGG	NIH_Ao	GCTTCCACAAGAAAGG	NIH	SRR11008271	271_GCTTCCACAAGAAAGG	TRUE
NIH_Ao_GCTTCCACATCAGTAC	NIH_Ao	GCTTCCACATCAGTAC	NIH	SRR11008271	271_GCTTCCACATCAGTAC	TRUE
NIH_Ao_GCTTCCAGTGCAACTT	NIH_Ao	GCTTCCAGTGCAACTT	NIH	SRR11008271	271_GCTTCCAGTGCAACTT	TRUE
NIH_Ao_GCTTCCATCACCATAG	NIH_Ao	GCTTCCATCACCATAG	NIH	SRR11008271	271_GCTTCCATCACCATAG	TRUE
NIH_Ao_GCTTCCATCACGGTTA	NIH_Ao	GCTTCCATCACGGTTA	NIH	SRR11008271	271_GCTTCCATCACGGTTA	TRUE
NIH_Ao_GCTTGAAAGTCAAGCG	NIH_Ao	GCTTGAAAGTCAAGCG	NIH	SRR11008271	271_GCTTGAAAGTCAAGCG	TRUE
NIH_Ao_GCTTGAAAGTTGCAGG	NIH_Ao	GCTTGAAAGTTGCAGG	NIH	SRR11008271	271_GCTTGAAAGTTGCAGG	TRUE
NIH_Ao_GCTTGAAGTTGTTTGG	NIH_Ao	GCTTGAAGTTGTTTGG	NIH	SRR11008271	271_GCTTGAAGTTGTTTGG	TRUE
NIH_Ao_GCTTGAAGTTTAGCTG	NIH_Ao	GCTTGAAGTTTAGCTG	NIH	SRR11008271	271_GCTTGAAGTTTAGCTG	TRUE
NIH_Ao_GGAAAGCAGAGCAATT	NIH_Ao	GGAAAGCAGAGCAATT	NIH	SRR11008271	271_GGAAAGCAGAGCAATT	TRUE
NIH_Ao_GGAAAGCCAGTTCATG	NIH_Ao	GGAAAGCCAGTTCATG	NIH	SRR11008271	271_GGAAAGCCAGTTCATG	TRUE
NIH_Ao_GGAAAGCTCTGCAGTA	NIH_Ao	GGAAAGCTCTGCAGTA	NIH	SRR11008271	271_GGAAAGCTCTGCAGTA	TRUE
NIH_Ao_GGAACTTCAGCTCGAC	NIH_Ao	GGAACTTCAGCTCGAC	NIH	SRR11008271	271_GGAACTTCAGCTCGAC	TRUE
NIH_Ao_GGAACTTCATAGACTC	NIH_Ao	GGAACTTCATAGACTC	NIH	SRR11008271	271_GGAACTTCATAGACTC	TRUE
NIH_Ao_GGAACTTGTTGGAGGT	NIH_Ao	GGAACTTGTTGGAGGT	NIH	SRR11008271	271_GGAACTTGTTGGAGGT	TRUE
NIH_Ao_GGAACTTTCACAACGT	NIH_Ao	GGAACTTTCACAACGT	NIH	SRR11008271	271_GGAACTTTCACAACGT	TRUE
NIH_Ao_GGAACTTTCAGATAAG	NIH_Ao	GGAACTTTCAGATAAG	NIH	SRR11008271	271_GGAACTTTCAGATAAG	TRUE
NIH_Ao_GGAATAAAGGATATAC	NIH_Ao	GGAATAAAGGATATAC	NIH	SRR11008271	271_GGAATAAAGGATATAC	TRUE
NIH_Ao_GGAATAACAAGTAATG	NIH_Ao	GGAATAACAAGTAATG	NIH	SRR11008271	271_GGAATAACAAGTAATG	TRUE
NIH_Ao_GGAATAACAATAGCAA	NIH_Ao	GGAATAACAATAGCAA	NIH	SRR11008271	271_GGAATAACAATAGCAA	TRUE
NIH_Ao_GGAATAAGTACACCGC	NIH_Ao	GGAATAAGTACACCGC	NIH	SRR11008271	271_GGAATAAGTACACCGC	TRUE
NIH_Ao_GGAATAAGTATGGTTC	NIH_Ao	GGAATAAGTATGGTTC	NIH	SRR11008271	271_GGAATAAGTATGGTTC	TRUE
NIH_Ao_GGAATAAGTGTTTGTG	NIH_Ao	GGAATAAGTGTTTGTG	NIH	SRR11008271	271_GGAATAAGTGTTTGTG	TRUE
NIH_Ao_GGAATAATCACGAAGG	NIH_Ao	GGAATAATCACGAAGG	NIH	SRR11008271	271_GGAATAATCACGAAGG	TRUE
NIH_Ao_GGACAAGGTAGCGTCC	NIH_Ao	GGACAAGGTAGCGTCC	NIH	SRR11008271	271_GGACAAGGTAGCGTCC	TRUE
NIH_Ao_GGACAGAAGCTAGCCC	NIH_Ao	GGACAGAAGCTAGCCC	NIH	SRR11008271	271_GGACAGAAGCTAGCCC	TRUE
NIH_Ao_GGACAGACAACAACCT	NIH_Ao	GGACAGACAACAACCT	NIH	SRR11008271	271_GGACAGACAACAACCT	TRUE
NIH_Ao_GGACAGATCACGCGGT	NIH_Ao	GGACAGATCACGCGGT	NIH	SRR11008271	271_GGACAGATCACGCGGT	TRUE
NIH_Ao_GGACATTAGACTTGAA	NIH_Ao	GGACATTAGACTTGAA	NIH	SRR11008271	271_GGACATTAGACTTGAA	TRUE
NIH_Ao_GGACATTAGTGTGGCA	NIH_Ao	GGACATTAGTGTGGCA	NIH	SRR11008271	271_GGACATTAGTGTGGCA	TRUE
NIH_Ao_GGACATTAGTTTAGGA	NIH_Ao	GGACATTAGTTTAGGA	NIH	SRR11008271	271_GGACATTAGTTTAGGA	TRUE
NIH_Ao_GGACATTGTAATTGGA	NIH_Ao	GGACATTGTAATTGGA	NIH	SRR11008271	271_GGACATTGTAATTGGA	TRUE
NIH_Ao_GGACATTTCATCACCC	NIH_Ao	GGACATTTCATCACCC	NIH	SRR11008271	271_GGACATTTCATCACCC	TRUE
NIH_Ao_GGACATTTCCAAGCCG	NIH_Ao	GGACATTTCCAAGCCG	NIH	SRR11008271	271_GGACATTTCCAAGCCG	TRUE
NIH_Ao_GGACGTCAGCGGATCA	NIH_Ao	GGACGTCAGCGGATCA	NIH	SRR11008271	271_GGACGTCAGCGGATCA	TRUE
NIH_Ao_GGACGTCAGGACAGAA	NIH_Ao	GGACGTCAGGACAGAA	NIH	SRR11008271	271_GGACGTCAGGACAGAA	TRUE
NIH_Ao_GGACGTCTCACATGCA	NIH_Ao	GGACGTCTCACATGCA	NIH	SRR11008271	271_GGACGTCTCACATGCA	TRUE
NIH_Ao_GGACGTCTCGGCTACG	NIH_Ao	GGACGTCTCGGCTACG	NIH	SRR11008271	271_GGACGTCTCGGCTACG	FALSE
NIH_Ao_GGACGTCTCTGTCTAT	NIH_Ao	GGACGTCTCTGTCTAT	NIH	SRR11008271	271_GGACGTCTCTGTCTAT	TRUE
NIH_Ao_GGAGCAAAGATGGCGT	NIH_Ao	GGAGCAAAGATGGCGT	NIH	SRR11008271	271_GGAGCAAAGATGGCGT	TRUE
NIH_Ao_GGAGCAATCTTCGAGA	NIH_Ao	GGAGCAATCTTCGAGA	NIH	SRR11008271	271_GGAGCAATCTTCGAGA	TRUE
NIH_Ao_GGATGTTAGGTAAACT	NIH_Ao	GGATGTTAGGTAAACT	NIH	SRR11008271	271_GGATGTTAGGTAAACT	TRUE
NIH_Ao_GGATGTTAGTACGACG	NIH_Ao	GGATGTTAGTACGACG	NIH	SRR11008271	271_GGATGTTAGTACGACG	TRUE
NIH_Ao_GGATGTTCAACACCTA	NIH_Ao	GGATGTTCAACACCTA	NIH	SRR11008271	271_GGATGTTCAACACCTA	TRUE
NIH_Ao_GGATGTTTCACCTCGT	NIH_Ao	GGATGTTTCACCTCGT	NIH	SRR11008271	271_GGATGTTTCACCTCGT	FALSE
NIH_Ao_GGATTACAGCAATATG	NIH_Ao	GGATTACAGCAATATG	NIH	SRR11008271	271_GGATTACAGCAATATG	TRUE
NIH_Ao_GGATTACCACACATGT	NIH_Ao	GGATTACCACACATGT	NIH	SRR11008271	271_GGATTACCACACATGT	TRUE
NIH_Ao_GGATTACCACATGACT	NIH_Ao	GGATTACCACATGACT	NIH	SRR11008271	271_GGATTACCACATGACT	TRUE
NIH_Ao_GGATTACGTAAGGATT	NIH_Ao	GGATTACGTAAGGATT	NIH	SRR11008271	271_GGATTACGTAAGGATT	TRUE
NIH_Ao_GGATTACGTATAGGTA	NIH_Ao	GGATTACGTATAGGTA	NIH	SRR11008271	271_GGATTACGTATAGGTA	TRUE
NIH_Ao_GGATTACTCAGGCGAA	NIH_Ao	GGATTACTCAGGCGAA	NIH	SRR11008271	271_GGATTACTCAGGCGAA	TRUE
NIH_Ao_GGATTACTCCAGAGGA	NIH_Ao	GGATTACTCCAGAGGA	NIH	SRR11008271	271_GGATTACTCCAGAGGA	TRUE
NIH_Ao_GGATTACTCCTTAATC	NIH_Ao	GGATTACTCCTTAATC	NIH	SRR11008271	271_GGATTACTCCTTAATC	TRUE
NIH_Ao_GGATTACTCTGGAGCC	NIH_Ao	GGATTACTCTGGAGCC	NIH	SRR11008271	271_GGATTACTCTGGAGCC	TRUE
NIH_Ao_GGCAATTCACGCTTTC	NIH_Ao	GGCAATTCACGCTTTC	NIH	SRR11008271	271_GGCAATTCACGCTTTC	TRUE
NIH_Ao_GGCAATTGTATGGTTC	NIH_Ao	GGCAATTGTATGGTTC	NIH	SRR11008271	271_GGCAATTGTATGGTTC	TRUE
NIH_Ao_GGCAATTTCTAGAGTC	NIH_Ao	GGCAATTTCTAGAGTC	NIH	SRR11008271	271_GGCAATTTCTAGAGTC	TRUE
NIH_Ao_GGCAATTTCTTACCGC	NIH_Ao	GGCAATTTCTTACCGC	NIH	SRR11008271	271_GGCAATTTCTTACCGC	TRUE
NIH_Ao_GGCCGATAGTGTACCT	NIH_Ao	GGCCGATAGTGTACCT	NIH	SRR11008271	271_GGCCGATAGTGTACCT	TRUE
NIH_Ao_GGCCGATTCAACACTG	NIH_Ao	GGCCGATTCAACACTG	NIH	SRR11008271	271_GGCCGATTCAACACTG	FALSE
NIH_Ao_GGCCGATTCTGAGGGA	NIH_Ao	GGCCGATTCTGAGGGA	NIH	SRR11008271	271_GGCCGATTCTGAGGGA	TRUE
NIH_Ao_GGCGACTAGAAGGCCT	NIH_Ao	GGCGACTAGAAGGCCT	NIH	SRR11008271	271_GGCGACTAGAAGGCCT	TRUE
NIH_Ao_GGCGACTAGGAACTGC	NIH_Ao	GGCGACTAGGAACTGC	NIH	SRR11008271	271_GGCGACTAGGAACTGC	TRUE
NIH_Ao_GGCGACTAGTGTTGAA	NIH_Ao	GGCGACTAGTGTTGAA	NIH	SRR11008271	271_GGCGACTAGTGTTGAA	TRUE
NIH_Ao_GGCGACTCATATACCG	NIH_Ao	GGCGACTCATATACCG	NIH	SRR11008271	271_GGCGACTCATATACCG	FALSE
NIH_Ao_GGCGACTGTGCCTGGT	NIH_Ao	GGCGACTGTGCCTGGT	NIH	SRR11008271	271_GGCGACTGTGCCTGGT	TRUE
NIH_Ao_GGCGACTTCAGGTAAA	NIH_Ao	GGCGACTTCAGGTAAA	NIH	SRR11008271	271_GGCGACTTCAGGTAAA	TRUE
NIH_Ao_GGCGTGTAGGAATTAC	NIH_Ao	GGCGTGTAGGAATTAC	NIH	SRR11008271	271_GGCGTGTAGGAATTAC	TRUE
NIH_Ao_GGCGTGTCACTTCGAA	NIH_Ao	GGCGTGTCACTTCGAA	NIH	SRR11008271	271_GGCGTGTCACTTCGAA	TRUE
NIH_Ao_GGCTCGAGTATAGGGC	NIH_Ao	GGCTCGAGTATAGGGC	NIH	SRR11008271	271_GGCTCGAGTATAGGGC	TRUE
NIH_Ao_GGCTGGTAGAGTAAGG	NIH_Ao	GGCTGGTAGAGTAAGG	NIH	SRR11008271	271_GGCTGGTAGAGTAAGG	TRUE
NIH_Ao_GGCTGGTAGATGTCGG	NIH_Ao	GGCTGGTAGATGTCGG	NIH	SRR11008271	271_GGCTGGTAGATGTCGG	TRUE
NIH_Ao_GGCTGGTAGCCACCTG	NIH_Ao	GGCTGGTAGCCACCTG	NIH	SRR11008271	271_GGCTGGTAGCCACCTG	TRUE
NIH_Ao_GGCTGGTAGGGCATGT	NIH_Ao	GGCTGGTAGGGCATGT	NIH	SRR11008271	271_GGCTGGTAGGGCATGT	TRUE
NIH_Ao_GGCTGGTCAATCCGAT	NIH_Ao	GGCTGGTCAATCCGAT	NIH	SRR11008271	271_GGCTGGTCAATCCGAT	TRUE
NIH_Ao_GGCTGGTTCACTTACT	NIH_Ao	GGCTGGTTCACTTACT	NIH	SRR11008271	271_GGCTGGTTCACTTACT	TRUE
NIH_Ao_GGCTGGTTCTCGAGTA	NIH_Ao	GGCTGGTTCTCGAGTA	NIH	SRR11008271	271_GGCTGGTTCTCGAGTA	TRUE
NIH_Ao_GGCTGGTTCTTTACAC	NIH_Ao	GGCTGGTTCTTTACAC	NIH	SRR11008271	271_GGCTGGTTCTTTACAC	TRUE
NIH_Ao_GGGAATGAGATCCTGT	NIH_Ao	GGGAATGAGATCCTGT	NIH	SRR11008271	271_GGGAATGAGATCCTGT	TRUE
NIH_Ao_GGGAATGCAATAAGCA	NIH_Ao	GGGAATGCAATAAGCA	NIH	SRR11008271	271_GGGAATGCAATAAGCA	TRUE
NIH_Ao_GGGAATGCACGAAACG	NIH_Ao	GGGAATGCACGAAACG	NIH	SRR11008271	271_GGGAATGCACGAAACG	TRUE
NIH_Ao_GGGAATGGTAAACACA	NIH_Ao	GGGAATGGTAAACACA	NIH	SRR11008271	271_GGGAATGGTAAACACA	TRUE
NIH_Ao_GGGAATGGTACCGTAT	NIH_Ao	GGGAATGGTACCGTAT	NIH	SRR11008271	271_GGGAATGGTACCGTAT	TRUE
NIH_Ao_GGGAATGGTAGATTAG	NIH_Ao	GGGAATGGTAGATTAG	NIH	SRR11008271	271_GGGAATGGTAGATTAG	TRUE
NIH_Ao_GGGAATGGTCCGAACC	NIH_Ao	GGGAATGGTCCGAACC	NIH	SRR11008271	271_GGGAATGGTCCGAACC	TRUE
NIH_Ao_GGGAATGTCAGAGCTT	NIH_Ao	GGGAATGTCAGAGCTT	NIH	SRR11008271	271_GGGAATGTCAGAGCTT	TRUE
NIH_Ao_GGGACCTCACTTAACG	NIH_Ao	GGGACCTCACTTAACG	NIH	SRR11008271	271_GGGACCTCACTTAACG	TRUE
NIH_Ao_GGGACCTGTGTAATGA	NIH_Ao	GGGACCTGTGTAATGA	NIH	SRR11008271	271_GGGACCTGTGTAATGA	TRUE
NIH_Ao_GGGACCTTCACGGTTA	NIH_Ao	GGGACCTTCACGGTTA	NIH	SRR11008271	271_GGGACCTTCACGGTTA	TRUE
NIH_Ao_GGGACCTTCAGCTTAG	NIH_Ao	GGGACCTTCAGCTTAG	NIH	SRR11008271	271_GGGACCTTCAGCTTAG	TRUE
NIH_Ao_GGGAGATCAATAGCGG	NIH_Ao	GGGAGATCAATAGCGG	NIH	SRR11008271	271_GGGAGATCAATAGCGG	TRUE
NIH_Ao_GGGATGAAGCCGATTT	NIH_Ao	GGGATGAAGCCGATTT	NIH	SRR11008271	271_GGGATGAAGCCGATTT	TRUE
NIH_Ao_GGGATGAAGCTTCGCG	NIH_Ao	GGGATGAAGCTTCGCG	NIH	SRR11008271	271_GGGATGAAGCTTCGCG	TRUE
NIH_Ao_GGGATGAAGTTTAGGA	NIH_Ao	GGGATGAAGTTTAGGA	NIH	SRR11008271	271_GGGATGAAGTTTAGGA	TRUE
NIH_Ao_GGGATGACAATAGCAA	NIH_Ao	GGGATGACAATAGCAA	NIH	SRR11008271	271_GGGATGACAATAGCAA	TRUE
NIH_Ao_GGGATGACACAGACTT	NIH_Ao	GGGATGACACAGACTT	NIH	SRR11008271	271_GGGATGACACAGACTT	TRUE
NIH_Ao_GGGATGAGTATATGGA	NIH_Ao	GGGATGAGTATATGGA	NIH	SRR11008271	271_GGGATGAGTATATGGA	TRUE
NIH_Ao_GGGATGAGTTAAAGTG	NIH_Ao	GGGATGAGTTAAAGTG	NIH	SRR11008271	271_GGGATGAGTTAAAGTG	TRUE
NIH_Ao_GGGATGAGTTCACGGC	NIH_Ao	GGGATGAGTTCACGGC	NIH	SRR11008271	271_GGGATGAGTTCACGGC	TRUE
NIH_Ao_GGGATGAGTTCCCGAG	NIH_Ao	GGGATGAGTTCCCGAG	NIH	SRR11008271	271_GGGATGAGTTCCCGAG	TRUE
NIH_Ao_GGGCACTCACCCATGG	NIH_Ao	GGGCACTCACCCATGG	NIH	SRR11008271	271_GGGCACTCACCCATGG	TRUE
NIH_Ao_GGGCACTGTGTTCGAT	NIH_Ao	GGGCACTGTGTTCGAT	NIH	SRR11008271	271_GGGCACTGTGTTCGAT	TRUE
NIH_Ao_GGGCACTGTTGTCGCG	NIH_Ao	GGGCACTGTTGTCGCG	NIH	SRR11008271	271_GGGCACTGTTGTCGCG	TRUE
NIH_Ao_GGGCACTTCAACACCA	NIH_Ao	GGGCACTTCAACACCA	NIH	SRR11008271	271_GGGCACTTCAACACCA	TRUE
NIH_Ao_GGGCATCAGGGTTCCC	NIH_Ao	GGGCATCAGGGTTCCC	NIH	SRR11008271	271_GGGCATCAGGGTTCCC	TRUE
NIH_Ao_GGGCATCCACATCTTT	NIH_Ao	GGGCATCCACATCTTT	NIH	SRR11008271	271_GGGCATCCACATCTTT	TRUE
NIH_Ao_GGGTCTGAGGATGGAA	NIH_Ao	GGGTCTGAGGATGGAA	NIH	SRR11008271	271_GGGTCTGAGGATGGAA	TRUE
NIH_Ao_GGGTCTGAGGCCCTTG	NIH_Ao	GGGTCTGAGGCCCTTG	NIH	SRR11008271	271_GGGTCTGAGGCCCTTG	TRUE
NIH_Ao_GGGTCTGCAAACGTGG	NIH_Ao	GGGTCTGCAAACGTGG	NIH	SRR11008271	271_GGGTCTGCAAACGTGG	TRUE
NIH_Ao_GGGTTGCAGACGACGT	NIH_Ao	GGGTTGCAGACGACGT	NIH	SRR11008271	271_GGGTTGCAGACGACGT	TRUE
NIH_Ao_GGGTTGCAGATATACG	NIH_Ao	GGGTTGCAGATATACG	NIH	SRR11008271	271_GGGTTGCAGATATACG	TRUE
NIH_Ao_GGGTTGCAGGCTAGGT	NIH_Ao	GGGTTGCAGGCTAGGT	NIH	SRR11008271	271_GGGTTGCAGGCTAGGT	TRUE
NIH_Ao_GGGTTGCAGTCAAGGC	NIH_Ao	GGGTTGCAGTCAAGGC	NIH	SRR11008271	271_GGGTTGCAGTCAAGGC	TRUE
NIH_Ao_GGGTTGCCACGTCTCT	NIH_Ao	GGGTTGCCACGTCTCT	NIH	SRR11008271	271_GGGTTGCCACGTCTCT	TRUE
NIH_Ao_GGGTTGCGTCTTGCGG	NIH_Ao	GGGTTGCGTCTTGCGG	NIH	SRR11008271	271_GGGTTGCGTCTTGCGG	TRUE
NIH_Ao_GGGTTGCGTTTGCATG	NIH_Ao	GGGTTGCGTTTGCATG	NIH	SRR11008271	271_GGGTTGCGTTTGCATG	TRUE
NIH_Ao_GGGTTGCTCCACTGGG	NIH_Ao	GGGTTGCTCCACTGGG	NIH	SRR11008271	271_GGGTTGCTCCACTGGG	TRUE
NIH_Ao_GGGTTGCTCGTACGGC	NIH_Ao	GGGTTGCTCGTACGGC	NIH	SRR11008271	271_GGGTTGCTCGTACGGC	TRUE
NIH_Ao_GGTATTGAGTCCCACG	NIH_Ao	GGTATTGAGTCCCACG	NIH	SRR11008271	271_GGTATTGAGTCCCACG	FALSE
NIH_Ao_GGTATTGCAGGGTTAG	NIH_Ao	GGTATTGCAGGGTTAG	NIH	SRR11008271	271_GGTATTGCAGGGTTAG	TRUE
NIH_Ao_GGTATTGCATGTAGTC	NIH_Ao	GGTATTGCATGTAGTC	NIH	SRR11008271	271_GGTATTGCATGTAGTC	TRUE
NIH_Ao_GGTGAAGGTCGCATCG	NIH_Ao	GGTGAAGGTCGCATCG	NIH	SRR11008271	271_GGTGAAGGTCGCATCG	TRUE
NIH_Ao_GGTGAAGTCTTACCGC	NIH_Ao	GGTGAAGTCTTACCGC	NIH	SRR11008271	271_GGTGAAGTCTTACCGC	TRUE
NIH_Ao_GGTGCGTTCACTATTC	NIH_Ao	GGTGCGTTCACTATTC	NIH	SRR11008271	271_GGTGCGTTCACTATTC	TRUE
NIH_Ao_GGTGCGTTCTCGAGTA	NIH_Ao	GGTGCGTTCTCGAGTA	NIH	SRR11008271	271_GGTGCGTTCTCGAGTA	TRUE
NIH_Ao_GGTGTTAAGAGACTTA	NIH_Ao	GGTGTTAAGAGACTTA	NIH	SRR11008271	271_GGTGTTAAGAGACTTA	TRUE
NIH_Ao_GGTGTTAAGCTAGTGG	NIH_Ao	GGTGTTAAGCTAGTGG	NIH	SRR11008271	271_GGTGTTAAGCTAGTGG	TRUE
NIH_Ao_GGTGTTAAGGACACCA	NIH_Ao	GGTGTTAAGGACACCA	NIH	SRR11008271	271_GGTGTTAAGGACACCA	TRUE
NIH_Ao_GGTGTTAAGGGTCTCC	NIH_Ao	GGTGTTAAGGGTCTCC	NIH	SRR11008271	271_GGTGTTAAGGGTCTCC	TRUE
NIH_Ao_GGTGTTACACGGCCAT	NIH_Ao	GGTGTTACACGGCCAT	NIH	SRR11008271	271_GGTGTTACACGGCCAT	TRUE
NIH_Ao_GGTGTTAGTCTCTTTA	NIH_Ao	GGTGTTAGTCTCTTTA	NIH	SRR11008271	271_GGTGTTAGTCTCTTTA	TRUE
NIH_Ao_GGTGTTAGTGTTGGGA	NIH_Ao	GGTGTTAGTGTTGGGA	NIH	SRR11008271	271_GGTGTTAGTGTTGGGA	TRUE
NIH_Ao_GGTGTTATCAGTGCAT	NIH_Ao	GGTGTTATCAGTGCAT	NIH	SRR11008271	271_GGTGTTATCAGTGCAT	TRUE
NIH_Ao_GTAACGTAGGAGCGAG	NIH_Ao	GTAACGTAGGAGCGAG	NIH	SRR11008271	271_GTAACGTAGGAGCGAG	TRUE
NIH_Ao_GTAACGTCAAGCCGCT	NIH_Ao	GTAACGTCAAGCCGCT	NIH	SRR11008271	271_GTAACGTCAAGCCGCT	TRUE
NIH_Ao_GTAACGTTCATCGGAT	NIH_Ao	GTAACGTTCATCGGAT	NIH	SRR11008271	271_GTAACGTTCATCGGAT	TRUE
NIH_Ao_GTAACTGAGAAACCTA	NIH_Ao	GTAACTGAGAAACCTA	NIH	SRR11008271	271_GTAACTGAGAAACCTA	TRUE
NIH_Ao_GTAACTGAGGAACTGC	NIH_Ao	GTAACTGAGGAACTGC	NIH	SRR11008271	271_GTAACTGAGGAACTGC	TRUE
NIH_Ao_GTAACTGCACAGACTT	NIH_Ao	GTAACTGCACAGACTT	NIH	SRR11008271	271_GTAACTGCACAGACTT	TRUE
NIH_Ao_GTAACTGGTCTCATCC	NIH_Ao	GTAACTGGTCTCATCC	NIH	SRR11008271	271_GTAACTGGTCTCATCC	TRUE
NIH_Ao_GTAACTGGTGCGCTTG	NIH_Ao	GTAACTGGTGCGCTTG	NIH	SRR11008271	271_GTAACTGGTGCGCTTG	TRUE
NIH_Ao_GTAACTGTCATCTGTT	NIH_Ao	GTAACTGTCATCTGTT	NIH	SRR11008271	271_GTAACTGTCATCTGTT	TRUE
NIH_Ao_GTAACTGTCTTCCTTC	NIH_Ao	GTAACTGTCTTCCTTC	NIH	SRR11008271	271_GTAACTGTCTTCCTTC	TRUE
NIH_Ao_GTAACTGTCTTTACGT	NIH_Ao	GTAACTGTCTTTACGT	NIH	SRR11008271	271_GTAACTGTCTTTACGT	TRUE
NIH_Ao_GTACGTACACTTCTGC	NIH_Ao	GTACGTACACTTCTGC	NIH	SRR11008271	271_GTACGTACACTTCTGC	TRUE
NIH_Ao_GTACGTACAGGCAGTA	NIH_Ao	GTACGTACAGGCAGTA	NIH	SRR11008271	271_GTACGTACAGGCAGTA	TRUE
NIH_Ao_GTACGTAGTCACTGGC	NIH_Ao	GTACGTAGTCACTGGC	NIH	SRR11008271	271_GTACGTAGTCACTGGC	TRUE
NIH_Ao_GTACTCCAGCTCAACT	NIH_Ao	GTACTCCAGCTCAACT	NIH	SRR11008271	271_GTACTCCAGCTCAACT	TRUE
NIH_Ao_GTACTCCTCTGAAAGA	NIH_Ao	GTACTCCTCTGAAAGA	NIH	SRR11008271	271_GTACTCCTCTGAAAGA	TRUE
NIH_Ao_GTACTCCTCTGCTGCT	NIH_Ao	GTACTCCTCTGCTGCT	NIH	SRR11008271	271_GTACTCCTCTGCTGCT	TRUE
NIH_Ao_GTACTTTCACAGCCCA	NIH_Ao	GTACTTTCACAGCCCA	NIH	SRR11008271	271_GTACTTTCACAGCCCA	TRUE
NIH_Ao_GTACTTTCACTGTGTA	NIH_Ao	GTACTTTCACTGTGTA	NIH	SRR11008271	271_GTACTTTCACTGTGTA	TRUE
NIH_Ao_GTACTTTGTAAGGGCT	NIH_Ao	GTACTTTGTAAGGGCT	NIH	SRR11008271	271_GTACTTTGTAAGGGCT	TRUE
NIH_Ao_GTACTTTGTAGGCATG	NIH_Ao	GTACTTTGTAGGCATG	NIH	SRR11008271	271_GTACTTTGTAGGCATG	TRUE
NIH_Ao_GTACTTTGTATATGAG	NIH_Ao	GTACTTTGTATATGAG	NIH	SRR11008271	271_GTACTTTGTATATGAG	TRUE
NIH_Ao_GTACTTTGTTGTCTTT	NIH_Ao	GTACTTTGTTGTCTTT	NIH	SRR11008271	271_GTACTTTGTTGTCTTT	FALSE
NIH_Ao_GTACTTTTCCGTTGTC	NIH_Ao	GTACTTTTCCGTTGTC	NIH	SRR11008271	271_GTACTTTTCCGTTGTC	TRUE
NIH_Ao_GTAGGCCCAGGACCCT	NIH_Ao	GTAGGCCCAGGACCCT	NIH	SRR11008271	271_GTAGGCCCAGGACCCT	TRUE
NIH_Ao_GTAGTCAAGAACTCGG	NIH_Ao	GTAGTCAAGAACTCGG	NIH	SRR11008271	271_GTAGTCAAGAACTCGG	TRUE
NIH_Ao_GTAGTCAAGACAGACC	NIH_Ao	GTAGTCAAGACAGACC	NIH	SRR11008271	271_GTAGTCAAGACAGACC	TRUE
NIH_Ao_GTAGTCAAGGCTCAGA	NIH_Ao	GTAGTCAAGGCTCAGA	NIH	SRR11008271	271_GTAGTCAAGGCTCAGA	TRUE
NIH_Ao_GTAGTCACAGACGCCT	NIH_Ao	GTAGTCACAGACGCCT	NIH	SRR11008271	271_GTAGTCACAGACGCCT	TRUE
NIH_Ao_GTAGTCACAGGTCCAC	NIH_Ao	GTAGTCACAGGTCCAC	NIH	SRR11008271	271_GTAGTCACAGGTCCAC	TRUE
NIH_Ao_GTAGTCAGTAGCGTGA	NIH_Ao	GTAGTCAGTAGCGTGA	NIH	SRR11008271	271_GTAGTCAGTAGCGTGA	TRUE
NIH_Ao_GTAGTCAGTCACAAGG	NIH_Ao	GTAGTCAGTCACAAGG	NIH	SRR11008271	271_GTAGTCAGTCACAAGG	TRUE
NIH_Ao_GTAGTCAGTTCCACAA	NIH_Ao	GTAGTCAGTTCCACAA	NIH	SRR11008271	271_GTAGTCAGTTCCACAA	TRUE
NIH_Ao_GTAGTCATCCACGACG	NIH_Ao	GTAGTCATCCACGACG	NIH	SRR11008271	271_GTAGTCATCCACGACG	TRUE
NIH_Ao_GTATCTTCAAGACGTG	NIH_Ao	GTATCTTCAAGACGTG	NIH	SRR11008271	271_GTATCTTCAAGACGTG	TRUE
NIH_Ao_GTATCTTCAGCTGGCT	NIH_Ao	GTATCTTCAGCTGGCT	NIH	SRR11008271	271_GTATCTTCAGCTGGCT	TRUE
NIH_Ao_GTATCTTCATATACGC	NIH_Ao	GTATCTTCATATACGC	NIH	SRR11008271	271_GTATCTTCATATACGC	TRUE
NIH_Ao_GTATCTTTCAGGTAAA	NIH_Ao	GTATCTTTCAGGTAAA	NIH	SRR11008271	271_GTATCTTTCAGGTAAA	TRUE
NIH_Ao_GTATCTTTCCGTCATC	NIH_Ao	GTATCTTTCCGTCATC	NIH	SRR11008271	271_GTATCTTTCCGTCATC	TRUE
NIH_Ao_GTATCTTTCGTTACAG	NIH_Ao	GTATCTTTCGTTACAG	NIH	SRR11008271	271_GTATCTTTCGTTACAG	TRUE
NIH_Ao_GTATCTTTCTGGTATG	NIH_Ao	GTATCTTTCTGGTATG	NIH	SRR11008271	271_GTATCTTTCTGGTATG	TRUE
NIH_Ao_GTATTCTAGCCAACAG	NIH_Ao	GTATTCTAGCCAACAG	NIH	SRR11008271	271_GTATTCTAGCCAACAG	TRUE
NIH_Ao_GTATTCTCAATTCCTT	NIH_Ao	GTATTCTCAATTCCTT	NIH	SRR11008271	271_GTATTCTCAATTCCTT	TRUE
NIH_Ao_GTCAAGTAGAATCTCC	NIH_Ao	GTCAAGTAGAATCTCC	NIH	SRR11008271	271_GTCAAGTAGAATCTCC	TRUE
NIH_Ao_GTCACAATCAATAAGG	NIH_Ao	GTCACAATCAATAAGG	NIH	SRR11008271	271_GTCACAATCAATAAGG	TRUE
NIH_Ao_GTCACGGAGAGTAATC	NIH_Ao	GTCACGGAGAGTAATC	NIH	SRR11008271	271_GTCACGGAGAGTAATC	TRUE
NIH_Ao_GTCACGGAGCTGCCCA	NIH_Ao	GTCACGGAGCTGCCCA	NIH	SRR11008271	271_GTCACGGAGCTGCCCA	TRUE
NIH_Ao_GTCACGGTCATGCTCC	NIH_Ao	GTCACGGTCATGCTCC	NIH	SRR11008271	271_GTCACGGTCATGCTCC	TRUE
NIH_Ao_GTCATTTAGGTGTTAA	NIH_Ao	GTCATTTAGGTGTTAA	NIH	SRR11008271	271_GTCATTTAGGTGTTAA	TRUE
NIH_Ao_GTCATTTAGTCTCAAC	NIH_Ao	GTCATTTAGTCTCAAC	NIH	SRR11008271	271_GTCATTTAGTCTCAAC	TRUE
NIH_Ao_GTCATTTAGTGCTGCC	NIH_Ao	GTCATTTAGTGCTGCC	NIH	SRR11008271	271_GTCATTTAGTGCTGCC	TRUE
NIH_Ao_GTCATTTCAAGCGCTC	NIH_Ao	GTCATTTCAAGCGCTC	NIH	SRR11008271	271_GTCATTTCAAGCGCTC	TRUE
NIH_Ao_GTCCTCAAGAAGCCCA	NIH_Ao	GTCCTCAAGAAGCCCA	NIH	SRR11008271	271_GTCCTCAAGAAGCCCA	TRUE
NIH_Ao_GTCCTCAGTTTGGGCC	NIH_Ao	GTCCTCAGTTTGGGCC	NIH	SRR11008271	271_GTCCTCAGTTTGGGCC	TRUE
NIH_Ao_GTCCTCATCCTTTCGG	NIH_Ao	GTCCTCATCCTTTCGG	NIH	SRR11008271	271_GTCCTCATCCTTTCGG	TRUE
NIH_Ao_GTCCTCATCGACCAGC	NIH_Ao	GTCCTCATCGACCAGC	NIH	SRR11008271	271_GTCCTCATCGACCAGC	TRUE
NIH_Ao_GTCCTCATCGCCAAAT	NIH_Ao	GTCCTCATCGCCAAAT	NIH	SRR11008271	271_GTCCTCATCGCCAAAT	TRUE
NIH_Ao_GTCGGGTAGACAGACC	NIH_Ao	GTCGGGTAGACAGACC	NIH	SRR11008271	271_GTCGGGTAGACAGACC	TRUE
NIH_Ao_GTCGGGTAGGGAAACA	NIH_Ao	GTCGGGTAGGGAAACA	NIH	SRR11008271	271_GTCGGGTAGGGAAACA	TRUE
NIH_Ao_GTCGGGTCAAACCTAC	NIH_Ao	GTCGGGTCAAACCTAC	NIH	SRR11008271	271_GTCGGGTCAAACCTAC	TRUE
NIH_Ao_GTCGGGTCACCCATTC	NIH_Ao	GTCGGGTCACCCATTC	NIH	SRR11008271	271_GTCGGGTCACCCATTC	TRUE
NIH_Ao_GTCGTAAAGGTGGGTT	NIH_Ao	GTCGTAAAGGTGGGTT	NIH	SRR11008271	271_GTCGTAAAGGTGGGTT	TRUE
NIH_Ao_GTCGTAAGTCCGTCAG	NIH_Ao	GTCGTAAGTCCGTCAG	NIH	SRR11008271	271_GTCGTAAGTCCGTCAG	TRUE
NIH_Ao_GTCGTAAGTCGTTGTA	NIH_Ao	GTCGTAAGTCGTTGTA	NIH	SRR11008271	271_GTCGTAAGTCGTTGTA	TRUE
NIH_Ao_GTCTCGTAGACCACGA	NIH_Ao	GTCTCGTAGACCACGA	NIH	SRR11008271	271_GTCTCGTAGACCACGA	TRUE
NIH_Ao_GTCTCGTCACAAGTAA	NIH_Ao	GTCTCGTCACAAGTAA	NIH	SRR11008271	271_GTCTCGTCACAAGTAA	TRUE
NIH_Ao_GTCTCGTCAGTTAACC	NIH_Ao	GTCTCGTCAGTTAACC	NIH	SRR11008271	271_GTCTCGTCAGTTAACC	TRUE
NIH_Ao_GTCTCGTCATCACAAC	NIH_Ao	GTCTCGTCATCACAAC	NIH	SRR11008271	271_GTCTCGTCATCACAAC	TRUE
NIH_Ao_GTCTCGTGTGTGACCC	NIH_Ao	GTCTCGTGTGTGACCC	NIH	SRR11008271	271_GTCTCGTGTGTGACCC	TRUE
NIH_Ao_GTCTTCGCAATGACCT	NIH_Ao	GTCTTCGCAATGACCT	NIH	SRR11008271	271_GTCTTCGCAATGACCT	TRUE
NIH_Ao_GTCTTCGGTCGCTTTC	NIH_Ao	GTCTTCGGTCGCTTTC	NIH	SRR11008271	271_GTCTTCGGTCGCTTTC	TRUE
NIH_Ao_GTCTTCGGTGAAATCA	NIH_Ao	GTCTTCGGTGAAATCA	NIH	SRR11008271	271_GTCTTCGGTGAAATCA	TRUE
NIH_Ao_GTCTTCGTCGTAGGTT	NIH_Ao	GTCTTCGTCGTAGGTT	NIH	SRR11008271	271_GTCTTCGTCGTAGGTT	TRUE
NIH_Ao_GTGAAGGCATGGATGG	NIH_Ao	GTGAAGGCATGGATGG	NIH	SRR11008271	271_GTGAAGGCATGGATGG	TRUE
NIH_Ao_GTGAAGGTCCCTAACC	NIH_Ao	GTGAAGGTCCCTAACC	NIH	SRR11008271	271_GTGAAGGTCCCTAACC	TRUE
NIH_Ao_GTGAAGGTCTGTCTCG	NIH_Ao	GTGAAGGTCTGTCTCG	NIH	SRR11008271	271_GTGAAGGTCTGTCTCG	TRUE
NIH_Ao_GTGCAGCAGTGCTGCC	NIH_Ao	GTGCAGCAGTGCTGCC	NIH	SRR11008271	271_GTGCAGCAGTGCTGCC	TRUE
NIH_Ao_GTGCAGCCAATGCCAT	NIH_Ao	GTGCAGCCAATGCCAT	NIH	SRR11008271	271_GTGCAGCCAATGCCAT	TRUE
NIH_Ao_GTGCAGCCACTTAACG	NIH_Ao	GTGCAGCCACTTAACG	NIH	SRR11008271	271_GTGCAGCCACTTAACG	TRUE
NIH_Ao_GTGCAGCCATAAAGGT	NIH_Ao	GTGCAGCCATAAAGGT	NIH	SRR11008271	271_GTGCAGCCATAAAGGT	TRUE
NIH_Ao_GTGCAGCGTTGCGCAC	NIH_Ao	GTGCAGCGTTGCGCAC	NIH	SRR11008271	271_GTGCAGCGTTGCGCAC	TRUE
NIH_Ao_GTGCAGCTCTACCTGC	NIH_Ao	GTGCAGCTCTACCTGC	NIH	SRR11008271	271_GTGCAGCTCTACCTGC	TRUE
NIH_Ao_GTGCATAGTACGACCC	NIH_Ao	GTGCATAGTACGACCC	NIH	SRR11008271	271_GTGCATAGTACGACCC	TRUE
NIH_Ao_GTGCATATCCATGCTC	NIH_Ao	GTGCATATCCATGCTC	NIH	SRR11008271	271_GTGCATATCCATGCTC	TRUE
NIH_Ao_GTGCATATCCTTTCGG	NIH_Ao	GTGCATATCCTTTCGG	NIH	SRR11008271	271_GTGCATATCCTTTCGG	TRUE
NIH_Ao_GTGCGGTCAGAGCCAA	NIH_Ao	GTGCGGTCAGAGCCAA	NIH	SRR11008271	271_GTGCGGTCAGAGCCAA	TRUE
NIH_Ao_GTGCGGTCATCAGTCA	NIH_Ao	GTGCGGTCATCAGTCA	NIH	SRR11008271	271_GTGCGGTCATCAGTCA	TRUE
NIH_Ao_GTGCGGTTCAATACCG	NIH_Ao	GTGCGGTTCAATACCG	NIH	SRR11008271	271_GTGCGGTTCAATACCG	TRUE
NIH_Ao_GTGCGGTTCGGACAAG	NIH_Ao	GTGCGGTTCGGACAAG	NIH	SRR11008271	271_GTGCGGTTCGGACAAG	TRUE
NIH_Ao_GTGCTTCAGTCAATAG	NIH_Ao	GTGCTTCAGTCAATAG	NIH	SRR11008271	271_GTGCTTCAGTCAATAG	TRUE
NIH_Ao_GTGCTTCCACAGGCCT	NIH_Ao	GTGCTTCCACAGGCCT	NIH	SRR11008271	271_GTGCTTCCACAGGCCT	TRUE
NIH_Ao_GTGCTTCCAGACGCTC	NIH_Ao	GTGCTTCCAGACGCTC	NIH	SRR11008271	271_GTGCTTCCAGACGCTC	TRUE
NIH_Ao_GTGCTTCGTACCATCA	NIH_Ao	GTGCTTCGTACCATCA	NIH	SRR11008271	271_GTGCTTCGTACCATCA	TRUE
NIH_Ao_GTGCTTCGTGTTTGGT	NIH_Ao	GTGCTTCGTGTTTGGT	NIH	SRR11008271	271_GTGCTTCGTGTTTGGT	TRUE
NIH_Ao_GTGGGTCCACGCCAGT	NIH_Ao	GTGGGTCCACGCCAGT	NIH	SRR11008271	271_GTGGGTCCACGCCAGT	TRUE
NIH_Ao_GTGGGTCGTACAGTGG	NIH_Ao	GTGGGTCGTACAGTGG	NIH	SRR11008271	271_GTGGGTCGTACAGTGG	TRUE
NIH_Ao_GTGGGTCTCACTTATC	NIH_Ao	GTGGGTCTCACTTATC	NIH	SRR11008271	271_GTGGGTCTCACTTATC	TRUE
NIH_Ao_GTGGGTCTCCTTTCTC	NIH_Ao	GTGGGTCTCCTTTCTC	NIH	SRR11008271	271_GTGGGTCTCCTTTCTC	TRUE
NIH_Ao_GTGTGCGAGTCGAGTG	NIH_Ao	GTGTGCGAGTCGAGTG	NIH	SRR11008271	271_GTGTGCGAGTCGAGTG	TRUE
NIH_Ao_GTGTGCGCACGGACAA	NIH_Ao	GTGTGCGCACGGACAA	NIH	SRR11008271	271_GTGTGCGCACGGACAA	TRUE
NIH_Ao_GTGTGCGGTATTCGTG	NIH_Ao	GTGTGCGGTATTCGTG	NIH	SRR11008271	271_GTGTGCGGTATTCGTG	TRUE
NIH_Ao_GTGTGCGGTTACGGAG	NIH_Ao	GTGTGCGGTTACGGAG	NIH	SRR11008271	271_GTGTGCGGTTACGGAG	TRUE
NIH_Ao_GTGTGCGGTTTGACTG	NIH_Ao	GTGTGCGGTTTGACTG	NIH	SRR11008271	271_GTGTGCGGTTTGACTG	TRUE
NIH_Ao_GTGTGCGTCCGAACGC	NIH_Ao	GTGTGCGTCCGAACGC	NIH	SRR11008271	271_GTGTGCGTCCGAACGC	TRUE
NIH_Ao_GTGTTAGCACACAGAG	NIH_Ao	GTGTTAGCACACAGAG	NIH	SRR11008271	271_GTGTTAGCACACAGAG	TRUE
NIH_Ao_GTGTTAGCATTAACCG	NIH_Ao	GTGTTAGCATTAACCG	NIH	SRR11008271	271_GTGTTAGCATTAACCG	TRUE
NIH_Ao_GTGTTAGTCATGTAGC	NIH_Ao	GTGTTAGTCATGTAGC	NIH	SRR11008271	271_GTGTTAGTCATGTAGC	TRUE
NIH_Ao_GTGTTAGTCCCAAGAT	NIH_Ao	GTGTTAGTCCCAAGAT	NIH	SRR11008271	271_GTGTTAGTCCCAAGAT	TRUE
NIH_Ao_GTTAAGCAGATGCCAG	NIH_Ao	GTTAAGCAGATGCCAG	NIH	SRR11008271	271_GTTAAGCAGATGCCAG	TRUE
NIH_Ao_GTTAAGCAGGCTATCT	NIH_Ao	GTTAAGCAGGCTATCT	NIH	SRR11008271	271_GTTAAGCAGGCTATCT	TRUE
NIH_Ao_GTTAAGCCAGTGAGTG	NIH_Ao	GTTAAGCCAGTGAGTG	NIH	SRR11008271	271_GTTAAGCCAGTGAGTG	TRUE
NIH_Ao_GTTAAGCCATTACGAC	NIH_Ao	GTTAAGCCATTACGAC	NIH	SRR11008271	271_GTTAAGCCATTACGAC	TRUE
NIH_Ao_GTTAAGCGTAGAGTGC	NIH_Ao	GTTAAGCGTAGAGTGC	NIH	SRR11008271	271_GTTAAGCGTAGAGTGC	TRUE
NIH_Ao_GTTAAGCGTGTCCTCT	NIH_Ao	GTTAAGCGTGTCCTCT	NIH	SRR11008271	271_GTTAAGCGTGTCCTCT	TRUE
NIH_Ao_GTTAAGCTCGTTGACA	NIH_Ao	GTTAAGCTCGTTGACA	NIH	SRR11008271	271_GTTAAGCTCGTTGACA	TRUE
NIH_Ao_GTTACAGAGCTGGAAC	NIH_Ao	GTTACAGAGCTGGAAC	NIH	SRR11008271	271_GTTACAGAGCTGGAAC	TRUE
NIH_Ao_GTTACAGGTGCAGACA	NIH_Ao	GTTACAGGTGCAGACA	NIH	SRR11008271	271_GTTACAGGTGCAGACA	TRUE
NIH_Ao_GTTACAGTCACATGCA	NIH_Ao	GTTACAGTCACATGCA	NIH	SRR11008271	271_GTTACAGTCACATGCA	TRUE
NIH_Ao_GTTCATTCAGATGAGC	NIH_Ao	GTTCATTCAGATGAGC	NIH	SRR11008271	271_GTTCATTCAGATGAGC	TRUE
NIH_Ao_GTTCATTGTACCTACA	NIH_Ao	GTTCATTGTACCTACA	NIH	SRR11008271	271_GTTCATTGTACCTACA	TRUE
NIH_Ao_GTTCATTGTTAGTGGG	NIH_Ao	GTTCATTGTTAGTGGG	NIH	SRR11008271	271_GTTCATTGTTAGTGGG	TRUE
NIH_Ao_GTTCATTGTTCCCGAG	NIH_Ao	GTTCATTGTTCCCGAG	NIH	SRR11008271	271_GTTCATTGTTCCCGAG	TRUE
NIH_Ao_GTTCATTTCAGGTTCA	NIH_Ao	GTTCATTTCAGGTTCA	NIH	SRR11008271	271_GTTCATTTCAGGTTCA	TRUE
NIH_Ao_GTTCATTTCCATGAGT	NIH_Ao	GTTCATTTCCATGAGT	NIH	SRR11008271	271_GTTCATTTCCATGAGT	TRUE
NIH_Ao_GTTCATTTCTGTCAAG	NIH_Ao	GTTCATTTCTGTCAAG	NIH	SRR11008271	271_GTTCATTTCTGTCAAG	TRUE
NIH_Ao_GTTCGGGAGGTCATCT	NIH_Ao	GTTCGGGAGGTCATCT	NIH	SRR11008271	271_GTTCGGGAGGTCATCT	TRUE
NIH_Ao_GTTCGGGCAGCAGTTT	NIH_Ao	GTTCGGGCAGCAGTTT	NIH	SRR11008271	271_GTTCGGGCAGCAGTTT	TRUE
NIH_Ao_GTTCGGGCATTATCTC	NIH_Ao	GTTCGGGCATTATCTC	NIH	SRR11008271	271_GTTCGGGCATTATCTC	TRUE
NIH_Ao_GTTCTCGAGCTGTTCA	NIH_Ao	GTTCTCGAGCTGTTCA	NIH	SRR11008271	271_GTTCTCGAGCTGTTCA	TRUE
NIH_Ao_GTTCTCGGTTCGTGAT	NIH_Ao	GTTCTCGGTTCGTGAT	NIH	SRR11008271	271_GTTCTCGGTTCGTGAT	TRUE
NIH_Ao_GTTCTCGGTTCTGGTA	NIH_Ao	GTTCTCGGTTCTGGTA	NIH	SRR11008271	271_GTTCTCGGTTCTGGTA	TRUE
NIH_Ao_GTTCTCGTCAAGATCC	NIH_Ao	GTTCTCGTCAAGATCC	NIH	SRR11008271	271_GTTCTCGTCAAGATCC	TRUE
NIH_Ao_GTTTCTAAGATAGGAG	NIH_Ao	GTTTCTAAGATAGGAG	NIH	SRR11008271	271_GTTTCTAAGATAGGAG	TRUE
NIH_Ao_GTTTCTAAGCGATTCT	NIH_Ao	GTTTCTAAGCGATTCT	NIH	SRR11008271	271_GTTTCTAAGCGATTCT	TRUE
NIH_Ao_GTTTCTAGTTCTGGTA	NIH_Ao	GTTTCTAGTTCTGGTA	NIH	SRR11008271	271_GTTTCTAGTTCTGGTA	TRUE
NIH_Ao_GTTTCTATCAGCAACT	NIH_Ao	GTTTCTATCAGCAACT	NIH	SRR11008271	271_GTTTCTATCAGCAACT	TRUE
NIH_Ao_GTTTCTATCAGTCCCT	NIH_Ao	GTTTCTATCAGTCCCT	NIH	SRR11008271	271_GTTTCTATCAGTCCCT	TRUE
NIH_Ao_TAAACCGAGACTAAGT	NIH_Ao	TAAACCGAGACTAAGT	NIH	SRR11008271	271_TAAACCGAGACTAAGT	TRUE
NIH_Ao_TAAACCGAGCAATCTC	NIH_Ao	TAAACCGAGCAATCTC	NIH	SRR11008271	271_TAAACCGAGCAATCTC	TRUE
NIH_Ao_TAAACCGAGGAGCGTT	NIH_Ao	TAAACCGAGGAGCGTT	NIH	SRR11008271	271_TAAACCGAGGAGCGTT	TRUE
NIH_Ao_TAAACCGCACAGCGTC	NIH_Ao	TAAACCGCACAGCGTC	NIH	SRR11008271	271_TAAACCGCACAGCGTC	TRUE
NIH_Ao_TAAACCGCACGAGGTA	NIH_Ao	TAAACCGCACGAGGTA	NIH	SRR11008271	271_TAAACCGCACGAGGTA	TRUE
NIH_Ao_TAAACCGGTACCAGTT	NIH_Ao	TAAACCGGTACCAGTT	NIH	SRR11008271	271_TAAACCGGTACCAGTT	TRUE
NIH_Ao_TAAACCGGTCACCCAG	NIH_Ao	TAAACCGGTCACCCAG	NIH	SRR11008271	271_TAAACCGGTCACCCAG	TRUE
NIH_Ao_TAAACCGTCGCTTGTC	NIH_Ao	TAAACCGTCGCTTGTC	NIH	SRR11008271	271_TAAACCGTCGCTTGTC	TRUE
NIH_Ao_TAAGAGAAGATCTGAA	NIH_Ao	TAAGAGAAGATCTGAA	NIH	SRR11008271	271_TAAGAGAAGATCTGAA	TRUE
NIH_Ao_TAAGAGAAGCAGACTG	NIH_Ao	TAAGAGAAGCAGACTG	NIH	SRR11008271	271_TAAGAGAAGCAGACTG	TRUE
NIH_Ao_TAAGAGAGTCATCGGC	NIH_Ao	TAAGAGAGTCATCGGC	NIH	SRR11008271	271_TAAGAGAGTCATCGGC	TRUE
NIH_Ao_TAAGAGATCCATGAAC	NIH_Ao	TAAGAGATCCATGAAC	NIH	SRR11008271	271_TAAGAGATCCATGAAC	TRUE
NIH_Ao_TAAGAGATCTCTTATG	NIH_Ao	TAAGAGATCTCTTATG	NIH	SRR11008271	271_TAAGAGATCTCTTATG	TRUE
NIH_Ao_TAAGCGTAGCTACCTA	NIH_Ao	TAAGCGTAGCTACCTA	NIH	SRR11008271	271_TAAGCGTAGCTACCTA	TRUE
NIH_Ao_TAAGCGTAGGCAAAGA	NIH_Ao	TAAGCGTAGGCAAAGA	NIH	SRR11008271	271_TAAGCGTAGGCAAAGA	TRUE
NIH_Ao_TAAGCGTAGTAGTGCG	NIH_Ao	TAAGCGTAGTAGTGCG	NIH	SRR11008271	271_TAAGCGTAGTAGTGCG	TRUE
NIH_Ao_TAAGCGTAGTTTCCTT	NIH_Ao	TAAGCGTAGTTTCCTT	NIH	SRR11008271	271_TAAGCGTAGTTTCCTT	TRUE
NIH_Ao_TAAGCGTGTAGCGTAG	NIH_Ao	TAAGCGTGTAGCGTAG	NIH	SRR11008271	271_TAAGCGTGTAGCGTAG	TRUE
NIH_Ao_TAAGTGCAGCCAGAAC	NIH_Ao	TAAGTGCAGCCAGAAC	NIH	SRR11008271	271_TAAGTGCAGCCAGAAC	TRUE
NIH_Ao_TAAGTGCAGGCAGTCA	NIH_Ao	TAAGTGCAGGCAGTCA	NIH	SRR11008271	271_TAAGTGCAGGCAGTCA	TRUE
NIH_Ao_TAAGTGCAGTCCTCCT	NIH_Ao	TAAGTGCAGTCCTCCT	NIH	SRR11008271	271_TAAGTGCAGTCCTCCT	FALSE
NIH_Ao_TAAGTGCCAATGACCT	NIH_Ao	TAAGTGCCAATGACCT	NIH	SRR11008271	271_TAAGTGCCAATGACCT	FALSE
NIH_Ao_TAAGTGCCACCTGGTG	NIH_Ao	TAAGTGCCACCTGGTG	NIH	SRR11008271	271_TAAGTGCCACCTGGTG	TRUE
NIH_Ao_TAAGTGCCACTACAGT	NIH_Ao	TAAGTGCCACTACAGT	NIH	SRR11008271	271_TAAGTGCCACTACAGT	TRUE
NIH_Ao_TAAGTGCGTCGTGGCT	NIH_Ao	TAAGTGCGTCGTGGCT	NIH	SRR11008271	271_TAAGTGCGTCGTGGCT	TRUE
NIH_Ao_TAAGTGCGTTCCACAA	NIH_Ao	TAAGTGCGTTCCACAA	NIH	SRR11008271	271_TAAGTGCGTTCCACAA	TRUE
NIH_Ao_TACACGAGTGTTGGGA	NIH_Ao	TACACGAGTGTTGGGA	NIH	SRR11008271	271_TACACGAGTGTTGGGA	TRUE
NIH_Ao_TACAGTGAGTGCCATT	NIH_Ao	TACAGTGAGTGCCATT	NIH	SRR11008271	271_TACAGTGAGTGCCATT	TRUE
NIH_Ao_TACAGTGCAATGGTCT	NIH_Ao	TACAGTGCAATGGTCT	NIH	SRR11008271	271_TACAGTGCAATGGTCT	TRUE
NIH_Ao_TACAGTGCACATGACT	NIH_Ao	TACAGTGCACATGACT	NIH	SRR11008271	271_TACAGTGCACATGACT	TRUE
NIH_Ao_TACAGTGCACGGACAA	NIH_Ao	TACAGTGCACGGACAA	NIH	SRR11008271	271_TACAGTGCACGGACAA	TRUE
NIH_Ao_TACAGTGGTCTTGCGG	NIH_Ao	TACAGTGGTCTTGCGG	NIH	SRR11008271	271_TACAGTGGTCTTGCGG	TRUE
NIH_Ao_TACAGTGGTGTTTGGT	NIH_Ao	TACAGTGGTGTTTGGT	NIH	SRR11008271	271_TACAGTGGTGTTTGGT	TRUE
NIH_Ao_TACAGTGTCAGCGATT	NIH_Ao	TACAGTGTCAGCGATT	NIH	SRR11008271	271_TACAGTGTCAGCGATT	TRUE
NIH_Ao_TACCTATCAGGACCCT	NIH_Ao	TACCTATCAGGACCCT	NIH	SRR11008271	271_TACCTATCAGGACCCT	TRUE
NIH_Ao_TACCTATCATAGACTC	NIH_Ao	TACCTATCATAGACTC	NIH	SRR11008271	271_TACCTATCATAGACTC	TRUE
NIH_Ao_TACCTATGTCTCTTTA	NIH_Ao	TACCTATGTCTCTTTA	NIH	SRR11008271	271_TACCTATGTCTCTTTA	TRUE
NIH_Ao_TACCTATTCACAGGCC	NIH_Ao	TACCTATTCACAGGCC	NIH	SRR11008271	271_TACCTATTCACAGGCC	TRUE
NIH_Ao_TACCTTACACCTGGTG	NIH_Ao	TACCTTACACCTGGTG	NIH	SRR11008271	271_TACCTTACACCTGGTG	TRUE
NIH_Ao_TACCTTAGTAAGTTCC	NIH_Ao	TACCTTAGTAAGTTCC	NIH	SRR11008271	271_TACCTTAGTAAGTTCC	TRUE
NIH_Ao_TACCTTATCCGCAGTG	NIH_Ao	TACCTTATCCGCAGTG	NIH	SRR11008271	271_TACCTTATCCGCAGTG	TRUE
NIH_Ao_TACCTTATCTCTTATG	NIH_Ao	TACCTTATCTCTTATG	NIH	SRR11008271	271_TACCTTATCTCTTATG	TRUE
NIH_Ao_TACGGATAGACCACGA	NIH_Ao	TACGGATAGACCACGA	NIH	SRR11008271	271_TACGGATAGACCACGA	TRUE
NIH_Ao_TACGGATAGAGCCTAG	NIH_Ao	TACGGATAGAGCCTAG	NIH	SRR11008271	271_TACGGATAGAGCCTAG	TRUE
NIH_Ao_TACGGATAGTGTCCCG	NIH_Ao	TACGGATAGTGTCCCG	NIH	SRR11008271	271_TACGGATAGTGTCCCG	TRUE
NIH_Ao_TACGGATCAGTAAGCG	NIH_Ao	TACGGATCAGTAAGCG	NIH	SRR11008271	271_TACGGATCAGTAAGCG	TRUE
NIH_Ao_TACGGATGTATTAGCC	NIH_Ao	TACGGATGTATTAGCC	NIH	SRR11008271	271_TACGGATGTATTAGCC	TRUE
NIH_Ao_TACGGATTCATTATCC	NIH_Ao	TACGGATTCATTATCC	NIH	SRR11008271	271_TACGGATTCATTATCC	TRUE
NIH_Ao_TACGGATTCTCGTTTA	NIH_Ao	TACGGATTCTCGTTTA	NIH	SRR11008271	271_TACGGATTCTCGTTTA	TRUE
NIH_Ao_TACGGGCAGCTAACTC	NIH_Ao	TACGGGCAGCTAACTC	NIH	SRR11008271	271_TACGGGCAGCTAACTC	TRUE
NIH_Ao_TACGGGCCACGTTGGC	NIH_Ao	TACGGGCCACGTTGGC	NIH	SRR11008271	271_TACGGGCCACGTTGGC	TRUE
NIH_Ao_TACGGGCCAGGGTTAG	NIH_Ao	TACGGGCCAGGGTTAG	NIH	SRR11008271	271_TACGGGCCAGGGTTAG	TRUE
NIH_Ao_TACGGGCCAGTATAAG	NIH_Ao	TACGGGCCAGTATAAG	NIH	SRR11008271	271_TACGGGCCAGTATAAG	TRUE
NIH_Ao_TACGGGCGTATGAAAC	NIH_Ao	TACGGGCGTATGAAAC	NIH	SRR11008271	271_TACGGGCGTATGAAAC	FALSE
NIH_Ao_TACGGGCGTCCGAATT	NIH_Ao	TACGGGCGTCCGAATT	NIH	SRR11008271	271_TACGGGCGTCCGAATT	TRUE
NIH_Ao_TACGGGCTCTTCGGTC	NIH_Ao	TACGGGCTCTTCGGTC	NIH	SRR11008271	271_TACGGGCTCTTCGGTC	FALSE
NIH_Ao_TACGGGCTCTTGAGAC	NIH_Ao	TACGGGCTCTTGAGAC	NIH	SRR11008271	271_TACGGGCTCTTGAGAC	TRUE
NIH_Ao_TACGGTAAGCTCCTTC	NIH_Ao	TACGGTAAGCTCCTTC	NIH	SRR11008271	271_TACGGTAAGCTCCTTC	TRUE
NIH_Ao_TACGGTACATCGGAAG	NIH_Ao	TACGGTACATCGGAAG	NIH	SRR11008271	271_TACGGTACATCGGAAG	TRUE
NIH_Ao_TACGGTAGTGCACCAC	NIH_Ao	TACGGTAGTGCACCAC	NIH	SRR11008271	271_TACGGTAGTGCACCAC	TRUE
NIH_Ao_TACGGTAGTGCTAGCC	NIH_Ao	TACGGTAGTGCTAGCC	NIH	SRR11008271	271_TACGGTAGTGCTAGCC	TRUE
NIH_Ao_TACGGTATCTGCGGCA	NIH_Ao	TACGGTATCTGCGGCA	NIH	SRR11008271	271_TACGGTATCTGCGGCA	TRUE
NIH_Ao_TACTCATGTCGCGTGT	NIH_Ao	TACTCATGTCGCGTGT	NIH	SRR11008271	271_TACTCATGTCGCGTGT	TRUE
NIH_Ao_TACTCATTCAACACGT	NIH_Ao	TACTCATTCAACACGT	NIH	SRR11008271	271_TACTCATTCAACACGT	TRUE
NIH_Ao_TACTCATTCGCGTAGC	NIH_Ao	TACTCATTCGCGTAGC	NIH	SRR11008271	271_TACTCATTCGCGTAGC	TRUE
NIH_Ao_TACTCGCAGTCCGTAT	NIH_Ao	TACTCGCAGTCCGTAT	NIH	SRR11008271	271_TACTCGCAGTCCGTAT	TRUE
NIH_Ao_TACTCGCCAATCCGAT	NIH_Ao	TACTCGCCAATCCGAT	NIH	SRR11008271	271_TACTCGCCAATCCGAT	TRUE
NIH_Ao_TACTCGCGTTGATTGC	NIH_Ao	TACTCGCGTTGATTGC	NIH	SRR11008271	271_TACTCGCGTTGATTGC	TRUE
NIH_Ao_TACTCGCTCACATACG	NIH_Ao	TACTCGCTCACATACG	NIH	SRR11008271	271_TACTCGCTCACATACG	TRUE
NIH_Ao_TACTTACAGAGACGAA	NIH_Ao	TACTTACAGAGACGAA	NIH	SRR11008271	271_TACTTACAGAGACGAA	TRUE
NIH_Ao_TACTTACAGATGTGGC	NIH_Ao	TACTTACAGATGTGGC	NIH	SRR11008271	271_TACTTACAGATGTGGC	FALSE
NIH_Ao_TACTTACCAACAACCT	NIH_Ao	TACTTACCAACAACCT	NIH	SRR11008271	271_TACTTACCAACAACCT	TRUE
NIH_Ao_TACTTACCACAACGTT	NIH_Ao	TACTTACCACAACGTT	NIH	SRR11008271	271_TACTTACCACAACGTT	TRUE
NIH_Ao_TACTTACCAGTCGATT	NIH_Ao	TACTTACCAGTCGATT	NIH	SRR11008271	271_TACTTACCAGTCGATT	TRUE
NIH_Ao_TACTTACGTATATGGA	NIH_Ao	TACTTACGTATATGGA	NIH	SRR11008271	271_TACTTACGTATATGGA	TRUE
NIH_Ao_TACTTACGTTGCCTCT	NIH_Ao	TACTTACGTTGCCTCT	NIH	SRR11008271	271_TACTTACGTTGCCTCT	TRUE
NIH_Ao_TACTTACTCGATCCCT	NIH_Ao	TACTTACTCGATCCCT	NIH	SRR11008271	271_TACTTACTCGATCCCT	TRUE
NIH_Ao_TACTTGTAGCTAGGCA	NIH_Ao	TACTTGTAGCTAGGCA	NIH	SRR11008271	271_TACTTGTAGCTAGGCA	TRUE
NIH_Ao_TACTTGTAGGGTATCG	NIH_Ao	TACTTGTAGGGTATCG	NIH	SRR11008271	271_TACTTGTAGGGTATCG	TRUE
NIH_Ao_TACTTGTAGTTAGCGG	NIH_Ao	TACTTGTAGTTAGCGG	NIH	SRR11008271	271_TACTTGTAGTTAGCGG	TRUE
NIH_Ao_TACTTGTTCGCGCCAA	NIH_Ao	TACTTGTTCGCGCCAA	NIH	SRR11008271	271_TACTTGTTCGCGCCAA	TRUE
NIH_Ao_TAGACCACAATTGCTG	NIH_Ao	TAGACCACAATTGCTG	NIH	SRR11008271	271_TAGACCACAATTGCTG	TRUE
NIH_Ao_TAGACCACAGCTATTG	NIH_Ao	TAGACCACAGCTATTG	NIH	SRR11008271	271_TAGACCACAGCTATTG	TRUE
NIH_Ao_TAGACCAGTGCTCTTC	NIH_Ao	TAGACCAGTGCTCTTC	NIH	SRR11008271	271_TAGACCAGTGCTCTTC	TRUE
NIH_Ao_TAGACCAGTGTCCTCT	NIH_Ao	TAGACCAGTGTCCTCT	NIH	SRR11008271	271_TAGACCAGTGTCCTCT	TRUE
NIH_Ao_TAGACCATCGGCCGAT	NIH_Ao	TAGACCATCGGCCGAT	NIH	SRR11008271	271_TAGACCATCGGCCGAT	TRUE
NIH_Ao_TAGAGCTAGAATAGGG	NIH_Ao	TAGAGCTAGAATAGGG	NIH	SRR11008271	271_TAGAGCTAGAATAGGG	TRUE
NIH_Ao_TAGAGCTAGCTGAACG	NIH_Ao	TAGAGCTAGCTGAACG	NIH	SRR11008271	271_TAGAGCTAGCTGAACG	TRUE
NIH_Ao_TAGAGCTAGGCGTACA	NIH_Ao	TAGAGCTAGGCGTACA	NIH	SRR11008271	271_TAGAGCTAGGCGTACA	TRUE
NIH_Ao_TAGAGCTGTCCAGTTA	NIH_Ao	TAGAGCTGTCCAGTTA	NIH	SRR11008271	271_TAGAGCTGTCCAGTTA	TRUE
NIH_Ao_TAGAGCTGTCTACCTC	NIH_Ao	TAGAGCTGTCTACCTC	NIH	SRR11008271	271_TAGAGCTGTCTACCTC	TRUE
NIH_Ao_TAGCCGGAGAAGAAGC	NIH_Ao	TAGCCGGAGAAGAAGC	NIH	SRR11008271	271_TAGCCGGAGAAGAAGC	TRUE
NIH_Ao_TAGCCGGAGCGACGTA	NIH_Ao	TAGCCGGAGCGACGTA	NIH	SRR11008271	271_TAGCCGGAGCGACGTA	TRUE
NIH_Ao_TAGCCGGCACCCAGTG	NIH_Ao	TAGCCGGCACCCAGTG	NIH	SRR11008271	271_TAGCCGGCACCCAGTG	TRUE
NIH_Ao_TAGCCGGCACTGCCAG	NIH_Ao	TAGCCGGCACTGCCAG	NIH	SRR11008271	271_TAGCCGGCACTGCCAG	TRUE
NIH_Ao_TAGCCGGCATCACGTA	NIH_Ao	TAGCCGGCATCACGTA	NIH	SRR11008271	271_TAGCCGGCATCACGTA	TRUE
NIH_Ao_TAGGCATAGAATAGGG	NIH_Ao	TAGGCATAGAATAGGG	NIH	SRR11008271	271_TAGGCATAGAATAGGG	TRUE
NIH_Ao_TAGGCATCAAGGCTCC	NIH_Ao	TAGGCATCAAGGCTCC	NIH	SRR11008271	271_TAGGCATCAAGGCTCC	TRUE
NIH_Ao_TAGGCATCACGTAAGG	NIH_Ao	TAGGCATCACGTAAGG	NIH	SRR11008271	271_TAGGCATCACGTAAGG	TRUE
NIH_Ao_TAGGCATCAGATGAGC	NIH_Ao	TAGGCATCAGATGAGC	NIH	SRR11008271	271_TAGGCATCAGATGAGC	TRUE
NIH_Ao_TAGGCATCAGCCAGAA	NIH_Ao	TAGGCATCAGCCAGAA	NIH	SRR11008271	271_TAGGCATCAGCCAGAA	TRUE
NIH_Ao_TAGGCATTCATACGGT	NIH_Ao	TAGGCATTCATACGGT	NIH	SRR11008271	271_TAGGCATTCATACGGT	TRUE
NIH_Ao_TAGTGGTAGGTCATCT	NIH_Ao	TAGTGGTAGGTCATCT	NIH	SRR11008271	271_TAGTGGTAGGTCATCT	TRUE
NIH_Ao_TAGTGGTCACATGTGT	NIH_Ao	TAGTGGTCACATGTGT	NIH	SRR11008271	271_TAGTGGTCACATGTGT	TRUE
NIH_Ao_TAGTGGTGTAGCCTAT	NIH_Ao	TAGTGGTGTAGCCTAT	NIH	SRR11008271	271_TAGTGGTGTAGCCTAT	TRUE
NIH_Ao_TAGTGGTTCACCTTAT	NIH_Ao	TAGTGGTTCACCTTAT	NIH	SRR11008271	271_TAGTGGTTCACCTTAT	TRUE
NIH_Ao_TAGTTGGAGGTGGGTT	NIH_Ao	TAGTTGGAGGTGGGTT	NIH	SRR11008271	271_TAGTTGGAGGTGGGTT	TRUE
NIH_Ao_TAGTTGGAGTATCGAA	NIH_Ao	TAGTTGGAGTATCGAA	NIH	SRR11008271	271_TAGTTGGAGTATCGAA	TRUE
NIH_Ao_TAGTTGGAGTGGACGT	NIH_Ao	TAGTTGGAGTGGACGT	NIH	SRR11008271	271_TAGTTGGAGTGGACGT	TRUE
NIH_Ao_TAGTTGGCACTGCCAG	NIH_Ao	TAGTTGGCACTGCCAG	NIH	SRR11008271	271_TAGTTGGCACTGCCAG	TRUE
NIH_Ao_TAGTTGGGTGTCAATC	NIH_Ao	TAGTTGGGTGTCAATC	NIH	SRR11008271	271_TAGTTGGGTGTCAATC	TRUE
NIH_Ao_TAGTTGGTCCACTGGG	NIH_Ao	TAGTTGGTCCACTGGG	NIH	SRR11008271	271_TAGTTGGTCCACTGGG	TRUE
NIH_Ao_TATCAGGAGATGTAAC	NIH_Ao	TATCAGGAGATGTAAC	NIH	SRR11008271	271_TATCAGGAGATGTAAC	TRUE
NIH_Ao_TATCAGGCATCCGCGA	NIH_Ao	TATCAGGCATCCGCGA	NIH	SRR11008271	271_TATCAGGCATCCGCGA	TRUE
NIH_Ao_TATCAGGTCGCCGTGA	NIH_Ao	TATCAGGTCGCCGTGA	NIH	SRR11008271	271_TATCAGGTCGCCGTGA	TRUE
NIH_Ao_TATCTCAAGTCCTCCT	NIH_Ao	TATCTCAAGTCCTCCT	NIH	SRR11008271	271_TATCTCAAGTCCTCCT	TRUE
NIH_Ao_TATCTCAAGTTCGCAT	NIH_Ao	TATCTCAAGTTCGCAT	NIH	SRR11008271	271_TATCTCAAGTTCGCAT	TRUE
NIH_Ao_TATCTCAGTAGTACCT	NIH_Ao	TATCTCAGTAGTACCT	NIH	SRR11008271	271_TATCTCAGTAGTACCT	TRUE
NIH_Ao_TATCTCATCAGCTGGC	NIH_Ao	TATCTCATCAGCTGGC	NIH	SRR11008271	271_TATCTCATCAGCTGGC	TRUE
NIH_Ao_TATCTCATCCAATGGT	NIH_Ao	TATCTCATCCAATGGT	NIH	SRR11008271	271_TATCTCATCCAATGGT	TRUE
NIH_Ao_TATCTCATCCATGAAC	NIH_Ao	TATCTCATCCATGAAC	NIH	SRR11008271	271_TATCTCATCCATGAAC	TRUE
NIH_Ao_TATCTCATCCCTAACC	NIH_Ao	TATCTCATCCCTAACC	NIH	SRR11008271	271_TATCTCATCCCTAACC	TRUE
NIH_Ao_TATGCCCCATTATCTC	NIH_Ao	TATGCCCCATTATCTC	NIH	SRR11008271	271_TATGCCCCATTATCTC	TRUE
NIH_Ao_TATGCCCGTAAGTTCC	NIH_Ao	TATGCCCGTAAGTTCC	NIH	SRR11008271	271_TATGCCCGTAAGTTCC	TRUE
NIH_Ao_TATGCCCGTGTTTGGT	NIH_Ao	TATGCCCGTGTTTGGT	NIH	SRR11008271	271_TATGCCCGTGTTTGGT	TRUE
NIH_Ao_TATTACCAGTCCCACG	NIH_Ao	TATTACCAGTCCCACG	NIH	SRR11008271	271_TATTACCAGTCCCACG	TRUE
NIH_Ao_TATTACCCACATTTCT	NIH_Ao	TATTACCCACATTTCT	NIH	SRR11008271	271_TATTACCCACATTTCT	TRUE
NIH_Ao_TATTACCCACTCGACG	NIH_Ao	TATTACCCACTCGACG	NIH	SRR11008271	271_TATTACCCACTCGACG	TRUE
NIH_Ao_TATTACCGTGGAAAGA	NIH_Ao	TATTACCGTGGAAAGA	NIH	SRR11008271	271_TATTACCGTGGAAAGA	TRUE
NIH_Ao_TATTACCGTTCCAACA	NIH_Ao	TATTACCGTTCCAACA	NIH	SRR11008271	271_TATTACCGTTCCAACA	TRUE
NIH_Ao_TATTACCTCTGCGGCA	NIH_Ao	TATTACCTCTGCGGCA	NIH	SRR11008271	271_TATTACCTCTGCGGCA	TRUE
NIH_Ao_TCAACGAAGCTGCAAG	NIH_Ao	TCAACGAAGCTGCAAG	NIH	SRR11008271	271_TCAACGAAGCTGCAAG	TRUE
NIH_Ao_TCAACGAAGTACGATA	NIH_Ao	TCAACGAAGTACGATA	NIH	SRR11008271	271_TCAACGAAGTACGATA	TRUE
NIH_Ao_TCAACGAAGTCTCGGC	NIH_Ao	TCAACGAAGTCTCGGC	NIH	SRR11008271	271_TCAACGAAGTCTCGGC	TRUE
NIH_Ao_TCAACGACAGATTGCT	NIH_Ao	TCAACGACAGATTGCT	NIH	SRR11008271	271_TCAACGACAGATTGCT	TRUE
NIH_Ao_TCAACGAGTTCCGTCT	NIH_Ao	TCAACGAGTTCCGTCT	NIH	SRR11008271	271_TCAACGAGTTCCGTCT	TRUE
NIH_Ao_TCAACGATCAAGATCC	NIH_Ao	TCAACGATCAAGATCC	NIH	SRR11008271	271_TCAACGATCAAGATCC	TRUE
NIH_Ao_TCAATCTCAACACCTA	NIH_Ao	TCAATCTCAACACCTA	NIH	SRR11008271	271_TCAATCTCAACACCTA	TRUE
NIH_Ao_TCAATCTGTAAGTAGT	NIH_Ao	TCAATCTGTAAGTAGT	NIH	SRR11008271	271_TCAATCTGTAAGTAGT	TRUE
NIH_Ao_TCAATCTTCATCATTC	NIH_Ao	TCAATCTTCATCATTC	NIH	SRR11008271	271_TCAATCTTCATCATTC	TRUE
NIH_Ao_TCACAAGGTAGCTGCC	NIH_Ao	TCACAAGGTAGCTGCC	NIH	SRR11008271	271_TCACAAGGTAGCTGCC	TRUE
NIH_Ao_TCACAAGGTTATGCGT	NIH_Ao	TCACAAGGTTATGCGT	NIH	SRR11008271	271_TCACAAGGTTATGCGT	TRUE
NIH_Ao_TCACAAGTCCAGATCA	NIH_Ao	TCACAAGTCCAGATCA	NIH	SRR11008271	271_TCACAAGTCCAGATCA	TRUE
NIH_Ao_TCACGAAAGAGACTTA	NIH_Ao	TCACGAAAGAGACTTA	NIH	SRR11008271	271_TCACGAAAGAGACTTA	TRUE
NIH_Ao_TCACGAACACTGAAGG	NIH_Ao	TCACGAACACTGAAGG	NIH	SRR11008271	271_TCACGAACACTGAAGG	TRUE
NIH_Ao_TCACGAACAGTTAACC	NIH_Ao	TCACGAACAGTTAACC	NIH	SRR11008271	271_TCACGAACAGTTAACC	TRUE
NIH_Ao_TCACGAATCTGTCAAG	NIH_Ao	TCACGAATCTGTCAAG	NIH	SRR11008271	271_TCACGAATCTGTCAAG	TRUE
NIH_Ao_TCAGATGTCACTTACT	NIH_Ao	TCAGATGTCACTTACT	NIH	SRR11008271	271_TCAGATGTCACTTACT	TRUE
NIH_Ao_TCAGCAACAGTGACAG	NIH_Ao	TCAGCAACAGTGACAG	NIH	SRR11008271	271_TCAGCAACAGTGACAG	TRUE
NIH_Ao_TCAGCAAGTCAGAGGT	NIH_Ao	TCAGCAAGTCAGAGGT	NIH	SRR11008271	271_TCAGCAAGTCAGAGGT	TRUE
NIH_Ao_TCAGCTCCAGCTGCTG	NIH_Ao	TCAGCTCCAGCTGCTG	NIH	SRR11008271	271_TCAGCTCCAGCTGCTG	TRUE
NIH_Ao_TCAGCTCGTAATAGCA	NIH_Ao	TCAGCTCGTAATAGCA	NIH	SRR11008271	271_TCAGCTCGTAATAGCA	TRUE
NIH_Ao_TCAGCTCTCATAGCAC	NIH_Ao	TCAGCTCTCATAGCAC	NIH	SRR11008271	271_TCAGCTCTCATAGCAC	TRUE
NIH_Ao_TCAGCTCTCCGTCAAA	NIH_Ao	TCAGCTCTCCGTCAAA	NIH	SRR11008271	271_TCAGCTCTCCGTCAAA	TRUE
NIH_Ao_TCAGGATCAAACTGCT	NIH_Ao	TCAGGATCAAACTGCT	NIH	SRR11008271	271_TCAGGATCAAACTGCT	TRUE
NIH_Ao_TCAGGTAGTAAATACG	NIH_Ao	TCAGGTAGTAAATACG	NIH	SRR11008271	271_TCAGGTAGTAAATACG	TRUE
NIH_Ao_TCAGGTAGTGGCTCCA	NIH_Ao	TCAGGTAGTGGCTCCA	NIH	SRR11008271	271_TCAGGTAGTGGCTCCA	TRUE
NIH_Ao_TCAGGTATCAATAAGG	NIH_Ao	TCAGGTATCAATAAGG	NIH	SRR11008271	271_TCAGGTATCAATAAGG	TRUE
NIH_Ao_TCATTACAGAAACGCC	NIH_Ao	TCATTACAGAAACGCC	NIH	SRR11008271	271_TCATTACAGAAACGCC	TRUE
NIH_Ao_TCATTACAGAAGGACA	NIH_Ao	TCATTACAGAAGGACA	NIH	SRR11008271	271_TCATTACAGAAGGACA	TRUE
NIH_Ao_TCATTACAGACACGAC	NIH_Ao	TCATTACAGACACGAC	NIH	SRR11008271	271_TCATTACAGACACGAC	TRUE
NIH_Ao_TCATTACCACGCATCG	NIH_Ao	TCATTACCACGCATCG	NIH	SRR11008271	271_TCATTACCACGCATCG	TRUE
NIH_Ao_TCATTACGTACAGACG	NIH_Ao	TCATTACGTACAGACG	NIH	SRR11008271	271_TCATTACGTACAGACG	TRUE
NIH_Ao_TCATTACGTGCCTGGT	NIH_Ao	TCATTACGTGCCTGGT	NIH	SRR11008271	271_TCATTACGTGCCTGGT	TRUE
NIH_Ao_TCATTTGAGAGTGACC	NIH_Ao	TCATTTGAGAGTGACC	NIH	SRR11008271	271_TCATTTGAGAGTGACC	TRUE
NIH_Ao_TCATTTGAGCTGCAAG	NIH_Ao	TCATTTGAGCTGCAAG	NIH	SRR11008271	271_TCATTTGAGCTGCAAG	TRUE
NIH_Ao_TCATTTGAGTTCGCGC	NIH_Ao	TCATTTGAGTTCGCGC	NIH	SRR11008271	271_TCATTTGAGTTCGCGC	TRUE
NIH_Ao_TCATTTGCAGTAAGAT	NIH_Ao	TCATTTGCAGTAAGAT	NIH	SRR11008271	271_TCATTTGCAGTAAGAT	TRUE
NIH_Ao_TCATTTGCATTGCGGC	NIH_Ao	TCATTTGCATTGCGGC	NIH	SRR11008271	271_TCATTTGCATTGCGGC	TRUE
NIH_Ao_TCATTTGGTCGCCATG	NIH_Ao	TCATTTGGTCGCCATG	NIH	SRR11008271	271_TCATTTGGTCGCCATG	TRUE
NIH_Ao_TCATTTGTCAGCTGGC	NIH_Ao	TCATTTGTCAGCTGGC	NIH	SRR11008271	271_TCATTTGTCAGCTGGC	FALSE
NIH_Ao_TCATTTGTCCACGTTC	NIH_Ao	TCATTTGTCCACGTTC	NIH	SRR11008271	271_TCATTTGTCCACGTTC	TRUE
NIH_Ao_TCCACACAGATAGGAG	NIH_Ao	TCCACACAGATAGGAG	NIH	SRR11008271	271_TCCACACAGATAGGAG	TRUE
NIH_Ao_TCCACACAGGGTATCG	NIH_Ao	TCCACACAGGGTATCG	NIH	SRR11008271	271_TCCACACAGGGTATCG	TRUE
NIH_Ao_TCCACACAGTAGGTGC	NIH_Ao	TCCACACAGTAGGTGC	NIH	SRR11008271	271_TCCACACAGTAGGTGC	TRUE
NIH_Ao_TCCACACCACGAAAGC	NIH_Ao	TCCACACCACGAAAGC	NIH	SRR11008271	271_TCCACACCACGAAAGC	TRUE
NIH_Ao_TCCACACCACTCTGTC	NIH_Ao	TCCACACCACTCTGTC	NIH	SRR11008271	271_TCCACACCACTCTGTC	TRUE
NIH_Ao_TCCACACCATTGGGCC	NIH_Ao	TCCACACCATTGGGCC	NIH	SRR11008271	271_TCCACACCATTGGGCC	TRUE
NIH_Ao_TCCACACGTGTTTGGT	NIH_Ao	TCCACACGTGTTTGGT	NIH	SRR11008271	271_TCCACACGTGTTTGGT	TRUE
NIH_Ao_TCCACACTCAGGCGAA	NIH_Ao	TCCACACTCAGGCGAA	NIH	SRR11008271	271_TCCACACTCAGGCGAA	TRUE
NIH_Ao_TCCCGATAGAGACTAT	NIH_Ao	TCCCGATAGAGACTAT	NIH	SRR11008271	271_TCCCGATAGAGACTAT	TRUE
NIH_Ao_TCCCGATAGCGATCCC	NIH_Ao	TCCCGATAGCGATCCC	NIH	SRR11008271	271_TCCCGATAGCGATCCC	TRUE
NIH_Ao_TCCCGATGTCCAACTA	NIH_Ao	TCCCGATGTCCAACTA	NIH	SRR11008271	271_TCCCGATGTCCAACTA	TRUE
NIH_Ao_TCCCGATTCAGGTAAA	NIH_Ao	TCCCGATTCAGGTAAA	NIH	SRR11008271	271_TCCCGATTCAGGTAAA	TRUE
NIH_Ao_TCCCGATTCTTCATGT	NIH_Ao	TCCCGATTCTTCATGT	NIH	SRR11008271	271_TCCCGATTCTTCATGT	TRUE
NIH_Ao_TCGAGGCCACCGAATT	NIH_Ao	TCGAGGCCACCGAATT	NIH	SRR11008271	271_TCGAGGCCACCGAATT	TRUE
NIH_Ao_TCGAGGCGTACGAAAT	NIH_Ao	TCGAGGCGTACGAAAT	NIH	SRR11008271	271_TCGAGGCGTACGAAAT	TRUE
NIH_Ao_TCGAGGCGTTGGTGGA	NIH_Ao	TCGAGGCGTTGGTGGA	NIH	SRR11008271	271_TCGAGGCGTTGGTGGA	TRUE
NIH_Ao_TCGCGAGAGATTACCC	NIH_Ao	TCGCGAGAGATTACCC	NIH	SRR11008271	271_TCGCGAGAGATTACCC	TRUE
NIH_Ao_TCGCGAGAGCAGACTG	NIH_Ao	TCGCGAGAGCAGACTG	NIH	SRR11008271	271_TCGCGAGAGCAGACTG	FALSE
NIH_Ao_TCGCGAGAGTCCATAC	NIH_Ao	TCGCGAGAGTCCATAC	NIH	SRR11008271	271_TCGCGAGAGTCCATAC	TRUE
NIH_Ao_TCGCGAGAGTCGTACT	NIH_Ao	TCGCGAGAGTCGTACT	NIH	SRR11008271	271_TCGCGAGAGTCGTACT	TRUE
NIH_Ao_TCGCGAGGTCCAGTGC	NIH_Ao	TCGCGAGGTCCAGTGC	NIH	SRR11008271	271_TCGCGAGGTCCAGTGC	TRUE
NIH_Ao_TCGCGAGTCTTGCATT	NIH_Ao	TCGCGAGTCTTGCATT	NIH	SRR11008271	271_TCGCGAGTCTTGCATT	TRUE
NIH_Ao_TCGCGTTAGGCGTACA	NIH_Ao	TCGCGTTAGGCGTACA	NIH	SRR11008271	271_TCGCGTTAGGCGTACA	TRUE
NIH_Ao_TCGCGTTCACAGACTT	NIH_Ao	TCGCGTTCACAGACTT	NIH	SRR11008271	271_TCGCGTTCACAGACTT	TRUE
NIH_Ao_TCGCGTTCAGTGACAG	NIH_Ao	TCGCGTTCAGTGACAG	NIH	SRR11008271	271_TCGCGTTCAGTGACAG	TRUE
NIH_Ao_TCGCGTTGTCGGCACT	NIH_Ao	TCGCGTTGTCGGCACT	NIH	SRR11008271	271_TCGCGTTGTCGGCACT	TRUE
NIH_Ao_TCGGGACGTGTGAAAT	NIH_Ao	TCGGGACGTGTGAAAT	NIH	SRR11008271	271_TCGGGACGTGTGAAAT	TRUE
NIH_Ao_TCGGTAAAGCGAAGGG	NIH_Ao	TCGGTAAAGCGAAGGG	NIH	SRR11008271	271_TCGGTAAAGCGAAGGG	TRUE
NIH_Ao_TCGGTAACACCGATAT	NIH_Ao	TCGGTAACACCGATAT	NIH	SRR11008271	271_TCGGTAACACCGATAT	TRUE
NIH_Ao_TCGGTAAGTCTAAACC	NIH_Ao	TCGGTAAGTCTAAACC	NIH	SRR11008271	271_TCGGTAAGTCTAAACC	TRUE
NIH_Ao_TCGGTAATCCGCGCAA	NIH_Ao	TCGGTAATCCGCGCAA	NIH	SRR11008271	271_TCGGTAATCCGCGCAA	TRUE
NIH_Ao_TCGTACCCAGATCCAT	NIH_Ao	TCGTACCCAGATCCAT	NIH	SRR11008271	271_TCGTACCCAGATCCAT	TRUE
NIH_Ao_TCGTACCCATCCTTGC	NIH_Ao	TCGTACCCATCCTTGC	NIH	SRR11008271	271_TCGTACCCATCCTTGC	TRUE
NIH_Ao_TCGTACCCATTGGCGC	NIH_Ao	TCGTACCCATTGGCGC	NIH	SRR11008271	271_TCGTACCCATTGGCGC	TRUE
NIH_Ao_TCGTAGAAGCGAGAAA	NIH_Ao	TCGTAGAAGCGAGAAA	NIH	SRR11008271	271_TCGTAGAAGCGAGAAA	TRUE
NIH_Ao_TCGTAGAGTCGGGTCT	NIH_Ao	TCGTAGAGTCGGGTCT	NIH	SRR11008271	271_TCGTAGAGTCGGGTCT	TRUE
NIH_Ao_TCTATTGAGGCCCGTT	NIH_Ao	TCTATTGAGGCCCGTT	NIH	SRR11008271	271_TCTATTGAGGCCCGTT	TRUE
NIH_Ao_TCTATTGCACGGCCAT	NIH_Ao	TCTATTGCACGGCCAT	NIH	SRR11008271	271_TCTATTGCACGGCCAT	TRUE
NIH_Ao_TCTATTGTCTCGATGA	NIH_Ao	TCTATTGTCTCGATGA	NIH	SRR11008271	271_TCTATTGTCTCGATGA	TRUE
NIH_Ao_TCTCATACAGACGCTC	NIH_Ao	TCTCATACAGACGCTC	NIH	SRR11008271	271_TCTCATACAGACGCTC	TRUE
NIH_Ao_TCTCATACATTTGCCC	NIH_Ao	TCTCATACATTTGCCC	NIH	SRR11008271	271_TCTCATACATTTGCCC	TRUE
NIH_Ao_TCTCATAGTCAACATC	NIH_Ao	TCTCATAGTCAACATC	NIH	SRR11008271	271_TCTCATAGTCAACATC	TRUE
NIH_Ao_TCTCATAGTCTAAACC	NIH_Ao	TCTCATAGTCTAAACC	NIH	SRR11008271	271_TCTCATAGTCTAAACC	TRUE
NIH_Ao_TCTCATAGTCTTTCAT	NIH_Ao	TCTCATAGTCTTTCAT	NIH	SRR11008271	271_TCTCATAGTCTTTCAT	TRUE
NIH_Ao_TCTCATATCCTTGACC	NIH_Ao	TCTCATATCCTTGACC	NIH	SRR11008271	271_TCTCATATCCTTGACC	TRUE
NIH_Ao_TCTCTAAAGATATGGT	NIH_Ao	TCTCTAAAGATATGGT	NIH	SRR11008271	271_TCTCTAAAGATATGGT	TRUE
NIH_Ao_TCTCTAAGTGAGTGAC	NIH_Ao	TCTCTAAGTGAGTGAC	NIH	SRR11008271	271_TCTCTAAGTGAGTGAC	TRUE
NIH_Ao_TCTCTAATCCAGAAGG	NIH_Ao	TCTCTAATCCAGAAGG	NIH	SRR11008271	271_TCTCTAATCCAGAAGG	TRUE
NIH_Ao_TCTCTAATCGTAGATC	NIH_Ao	TCTCTAATCGTAGATC	NIH	SRR11008271	271_TCTCTAATCGTAGATC	TRUE
NIH_Ao_TCTGAGAAGCGTAGTG	NIH_Ao	TCTGAGAAGCGTAGTG	NIH	SRR11008271	271_TCTGAGAAGCGTAGTG	TRUE
NIH_Ao_TCTGAGAAGGTGATTA	NIH_Ao	TCTGAGAAGGTGATTA	NIH	SRR11008271	271_TCTGAGAAGGTGATTA	TRUE
NIH_Ao_TCTGAGAAGTGGGATC	NIH_Ao	TCTGAGAAGTGGGATC	NIH	SRR11008271	271_TCTGAGAAGTGGGATC	TRUE
NIH_Ao_TCTGAGACAGCCTGTG	NIH_Ao	TCTGAGACAGCCTGTG	NIH	SRR11008271	271_TCTGAGACAGCCTGTG	TRUE
NIH_Ao_TCTGAGAGTTACCAGT	NIH_Ao	TCTGAGAGTTACCAGT	NIH	SRR11008271	271_TCTGAGAGTTACCAGT	TRUE
NIH_Ao_TCTGGAAAGTGGTAAT	NIH_Ao	TCTGGAAAGTGGTAAT	NIH	SRR11008271	271_TCTGGAAAGTGGTAAT	TRUE
NIH_Ao_TCTGGAACAAGAAAGG	NIH_Ao	TCTGGAACAAGAAAGG	NIH	SRR11008271	271_TCTGGAACAAGAAAGG	TRUE
NIH_Ao_TCTGGAACACAAGACG	NIH_Ao	TCTGGAACACAAGACG	NIH	SRR11008271	271_TCTGGAACACAAGACG	TRUE
NIH_Ao_TCTGGAACAGGCTCAC	NIH_Ao	TCTGGAACAGGCTCAC	NIH	SRR11008271	271_TCTGGAACAGGCTCAC	TRUE
NIH_Ao_TCTGGAAGTCCCGACA	NIH_Ao	TCTGGAAGTCCCGACA	NIH	SRR11008271	271_TCTGGAAGTCCCGACA	TRUE
NIH_Ao_TCTGGAATCGGAGCAA	NIH_Ao	TCTGGAATCGGAGCAA	NIH	SRR11008271	271_TCTGGAATCGGAGCAA	TRUE
NIH_Ao_TCTTCGGAGGAGCGAG	NIH_Ao	TCTTCGGAGGAGCGAG	NIH	SRR11008271	271_TCTTCGGAGGAGCGAG	TRUE
NIH_Ao_TCTTCGGGTAATCGTC	NIH_Ao	TCTTCGGGTAATCGTC	NIH	SRR11008271	271_TCTTCGGGTAATCGTC	TRUE
NIH_Ao_TCTTCGGTCCCTAACC	NIH_Ao	TCTTCGGTCCCTAACC	NIH	SRR11008271	271_TCTTCGGTCCCTAACC	TRUE
NIH_Ao_TCTTCGGTCTCGATGA	NIH_Ao	TCTTCGGTCTCGATGA	NIH	SRR11008271	271_TCTTCGGTCTCGATGA	TRUE
NIH_Ao_TCTTTCCAGACTCGGA	NIH_Ao	TCTTTCCAGACTCGGA	NIH	SRR11008271	271_TCTTTCCAGACTCGGA	TRUE
NIH_Ao_TCTTTCCCATGGATGG	NIH_Ao	TCTTTCCCATGGATGG	NIH	SRR11008271	271_TCTTTCCCATGGATGG	TRUE
NIH_Ao_TCTTTCCGTTCGCGAC	NIH_Ao	TCTTTCCGTTCGCGAC	NIH	SRR11008271	271_TCTTTCCGTTCGCGAC	TRUE
NIH_Ao_TCTTTCCTCACAGTAC	NIH_Ao	TCTTTCCTCACAGTAC	NIH	SRR11008271	271_TCTTTCCTCACAGTAC	TRUE
NIH_Ao_TCTTTCCTCACCACCT	NIH_Ao	TCTTTCCTCACCACCT	NIH	SRR11008271	271_TCTTTCCTCACCACCT	TRUE
NIH_Ao_TCTTTCCTCTCAAGTG	NIH_Ao	TCTTTCCTCTCAAGTG	NIH	SRR11008271	271_TCTTTCCTCTCAAGTG	TRUE
NIH_Ao_TGAAAGAAGCCATCGC	NIH_Ao	TGAAAGAAGCCATCGC	NIH	SRR11008271	271_TGAAAGAAGCCATCGC	TRUE
NIH_Ao_TGAAAGAAGCCTCGTG	NIH_Ao	TGAAAGAAGCCTCGTG	NIH	SRR11008271	271_TGAAAGAAGCCTCGTG	TRUE
NIH_Ao_TGAAAGACAAGCCCAC	NIH_Ao	TGAAAGACAAGCCCAC	NIH	SRR11008271	271_TGAAAGACAAGCCCAC	TRUE
NIH_Ao_TGAAAGACATGACATC	NIH_Ao	TGAAAGACATGACATC	NIH	SRR11008271	271_TGAAAGACATGACATC	TRUE
NIH_Ao_TGAAAGAGTACCGAGA	NIH_Ao	TGAAAGAGTACCGAGA	NIH	SRR11008271	271_TGAAAGAGTACCGAGA	TRUE
NIH_Ao_TGAAAGATCCACGACG	NIH_Ao	TGAAAGATCCACGACG	NIH	SRR11008271	271_TGAAAGATCCACGACG	TRUE
NIH_Ao_TGAAAGATCGTCTGCT	NIH_Ao	TGAAAGATCGTCTGCT	NIH	SRR11008271	271_TGAAAGATCGTCTGCT	TRUE
NIH_Ao_TGACAACCAAGGCTCC	NIH_Ao	TGACAACCAAGGCTCC	NIH	SRR11008271	271_TGACAACCAAGGCTCC	TRUE
NIH_Ao_TGACAACCAGGGTATG	NIH_Ao	TGACAACCAGGGTATG	NIH	SRR11008271	271_TGACAACCAGGGTATG	TRUE
NIH_Ao_TGACAACCAGTTTACG	NIH_Ao	TGACAACCAGTTTACG	NIH	SRR11008271	271_TGACAACCAGTTTACG	TRUE
NIH_Ao_TGACAACGTAAGTGGC	NIH_Ao	TGACAACGTAAGTGGC	NIH	SRR11008271	271_TGACAACGTAAGTGGC	TRUE
NIH_Ao_TGACAACTCAGCACAT	NIH_Ao	TGACAACTCAGCACAT	NIH	SRR11008271	271_TGACAACTCAGCACAT	TRUE
NIH_Ao_TGACGGCTCACTCCTG	NIH_Ao	TGACGGCTCACTCCTG	NIH	SRR11008271	271_TGACGGCTCACTCCTG	TRUE
NIH_Ao_TGACTAGAGCGCTCCA	NIH_Ao	TGACTAGAGCGCTCCA	NIH	SRR11008271	271_TGACTAGAGCGCTCCA	TRUE
NIH_Ao_TGACTAGAGGGATACC	NIH_Ao	TGACTAGAGGGATACC	NIH	SRR11008271	271_TGACTAGAGGGATACC	TRUE
NIH_Ao_TGACTAGGTAAATGTG	NIH_Ao	TGACTAGGTAAATGTG	NIH	SRR11008271	271_TGACTAGGTAAATGTG	TRUE
NIH_Ao_TGACTAGTCCCAACGG	NIH_Ao	TGACTAGTCCCAACGG	NIH	SRR11008271	271_TGACTAGTCCCAACGG	TRUE
NIH_Ao_TGAGAGGAGTACATGA	NIH_Ao	TGAGAGGAGTACATGA	NIH	SRR11008271	271_TGAGAGGAGTACATGA	TRUE
NIH_Ao_TGAGAGGAGTGCTGCC	NIH_Ao	TGAGAGGAGTGCTGCC	NIH	SRR11008271	271_TGAGAGGAGTGCTGCC	TRUE
NIH_Ao_TGAGCATAGCAGCGTA	NIH_Ao	TGAGCATAGCAGCGTA	NIH	SRR11008271	271_TGAGCATAGCAGCGTA	TRUE
NIH_Ao_TGAGCATCATATACGC	NIH_Ao	TGAGCATCATATACGC	NIH	SRR11008271	271_TGAGCATCATATACGC	TRUE
NIH_Ao_TGAGCATGTATCGCAT	NIH_Ao	TGAGCATGTATCGCAT	NIH	SRR11008271	271_TGAGCATGTATCGCAT	TRUE
NIH_Ao_TGAGCATTCACCGTAA	NIH_Ao	TGAGCATTCACCGTAA	NIH	SRR11008271	271_TGAGCATTCACCGTAA	TRUE
NIH_Ao_TGAGCATTCGACCAGC	NIH_Ao	TGAGCATTCGACCAGC	NIH	SRR11008271	271_TGAGCATTCGACCAGC	TRUE
NIH_Ao_TGAGCCGGTATTAGCC	NIH_Ao	TGAGCCGGTATTAGCC	NIH	SRR11008271	271_TGAGCCGGTATTAGCC	TRUE
NIH_Ao_TGAGGGAAGATGTCGG	NIH_Ao	TGAGGGAAGATGTCGG	NIH	SRR11008271	271_TGAGGGAAGATGTCGG	TRUE
NIH_Ao_TGAGGGAAGGGTTCCC	NIH_Ao	TGAGGGAAGGGTTCCC	NIH	SRR11008271	271_TGAGGGAAGGGTTCCC	TRUE
NIH_Ao_TGAGGGACAAGCGAGT	NIH_Ao	TGAGGGACAAGCGAGT	NIH	SRR11008271	271_TGAGGGACAAGCGAGT	TRUE
NIH_Ao_TGAGGGAGTCGGCATC	NIH_Ao	TGAGGGAGTCGGCATC	NIH	SRR11008271	271_TGAGGGAGTCGGCATC	TRUE
NIH_Ao_TGAGGGATCCATTCTA	NIH_Ao	TGAGGGATCCATTCTA	NIH	SRR11008271	271_TGAGGGATCCATTCTA	TRUE
NIH_Ao_TGATTTCCACGGTGTC	NIH_Ao	TGATTTCCACGGTGTC	NIH	SRR11008271	271_TGATTTCCACGGTGTC	TRUE
NIH_Ao_TGATTTCTCTCTTGAT	NIH_Ao	TGATTTCTCTCTTGAT	NIH	SRR11008271	271_TGATTTCTCTCTTGAT	TRUE
NIH_Ao_TGCACCTAGCCACTAT	NIH_Ao	TGCACCTAGCCACTAT	NIH	SRR11008271	271_TGCACCTAGCCACTAT	TRUE
NIH_Ao_TGCACCTCAGAAGCAC	NIH_Ao	TGCACCTCAGAAGCAC	NIH	SRR11008271	271_TGCACCTCAGAAGCAC	TRUE
NIH_Ao_TGCACCTCATGCTGGC	NIH_Ao	TGCACCTCATGCTGGC	NIH	SRR11008271	271_TGCACCTCATGCTGGC	TRUE
NIH_Ao_TGCACCTTCTGGGCCA	NIH_Ao	TGCACCTTCTGGGCCA	NIH	SRR11008271	271_TGCACCTTCTGGGCCA	TRUE
NIH_Ao_TGCCAAATCATATCGG	NIH_Ao	TGCCAAATCATATCGG	NIH	SRR11008271	271_TGCCAAATCATATCGG	TRUE
NIH_Ao_TGCCCATAGGGTTCCC	NIH_Ao	TGCCCATAGGGTTCCC	NIH	SRR11008271	271_TGCCCATAGGGTTCCC	TRUE
NIH_Ao_TGCCCATAGGTGGGTT	NIH_Ao	TGCCCATAGGTGGGTT	NIH	SRR11008271	271_TGCCCATAGGTGGGTT	TRUE
NIH_Ao_TGCCCATCACATTTCT	NIH_Ao	TGCCCATCACATTTCT	NIH	SRR11008271	271_TGCCCATCACATTTCT	TRUE
NIH_Ao_TGCCCATGTTCGTTGA	NIH_Ao	TGCCCATGTTCGTTGA	NIH	SRR11008271	271_TGCCCATGTTCGTTGA	TRUE
NIH_Ao_TGCCCATTCCATTCTA	NIH_Ao	TGCCCATTCCATTCTA	NIH	SRR11008271	271_TGCCCATTCCATTCTA	TRUE
NIH_Ao_TGCCCATTCGGATGGA	NIH_Ao	TGCCCATTCGGATGGA	NIH	SRR11008271	271_TGCCCATTCGGATGGA	TRUE
NIH_Ao_TGCCCTAAGGACAGCT	NIH_Ao	TGCCCTAAGGACAGCT	NIH	SRR11008271	271_TGCCCTAAGGACAGCT	TRUE
NIH_Ao_TGCCCTACACAGGCCT	NIH_Ao	TGCCCTACACAGGCCT	NIH	SRR11008271	271_TGCCCTACACAGGCCT	TRUE
NIH_Ao_TGCCCTACAGCTGCTG	NIH_Ao	TGCCCTACAGCTGCTG	NIH	SRR11008271	271_TGCCCTACAGCTGCTG	TRUE
NIH_Ao_TGCCCTAGTATAATGG	NIH_Ao	TGCCCTAGTATAATGG	NIH	SRR11008271	271_TGCCCTAGTATAATGG	TRUE
NIH_Ao_TGCGCAGAGTTGCAGG	NIH_Ao	TGCGCAGAGTTGCAGG	NIH	SRR11008271	271_TGCGCAGAGTTGCAGG	TRUE
NIH_Ao_TGCGCAGGTACGCACC	NIH_Ao	TGCGCAGGTACGCACC	NIH	SRR11008271	271_TGCGCAGGTACGCACC	TRUE
NIH_Ao_TGCGCAGGTCTAACGT	NIH_Ao	TGCGCAGGTCTAACGT	NIH	SRR11008271	271_TGCGCAGGTCTAACGT	TRUE
NIH_Ao_TGCGCAGGTTGGTAAA	NIH_Ao	TGCGCAGGTTGGTAAA	NIH	SRR11008271	271_TGCGCAGGTTGGTAAA	TRUE
NIH_Ao_TGCGCAGGTTGTACAC	NIH_Ao	TGCGCAGGTTGTACAC	NIH	SRR11008271	271_TGCGCAGGTTGTACAC	TRUE
NIH_Ao_TGCGCAGTCCCTCAGT	NIH_Ao	TGCGCAGTCCCTCAGT	NIH	SRR11008271	271_TGCGCAGTCCCTCAGT	TRUE
NIH_Ao_TGCGGGTAGGATGGTC	NIH_Ao	TGCGGGTAGGATGGTC	NIH	SRR11008271	271_TGCGGGTAGGATGGTC	TRUE
NIH_Ao_TGCGGGTCAAGAAGAG	NIH_Ao	TGCGGGTCAAGAAGAG	NIH	SRR11008271	271_TGCGGGTCAAGAAGAG	TRUE
NIH_Ao_TGCGGGTGTAGCGTAG	NIH_Ao	TGCGGGTGTAGCGTAG	NIH	SRR11008271	271_TGCGGGTGTAGCGTAG	TRUE
NIH_Ao_TGCGGGTGTTCGGCAC	NIH_Ao	TGCGGGTGTTCGGCAC	NIH	SRR11008271	271_TGCGGGTGTTCGGCAC	TRUE
NIH_Ao_TGCGGGTTCTGGGCCA	NIH_Ao	TGCGGGTTCTGGGCCA	NIH	SRR11008271	271_TGCGGGTTCTGGGCCA	TRUE
NIH_Ao_TGCGTGGCAGATCCAT	NIH_Ao	TGCGTGGCAGATCCAT	NIH	SRR11008271	271_TGCGTGGCAGATCCAT	TRUE
NIH_Ao_TGCGTGGGTCATCCCT	NIH_Ao	TGCGTGGGTCATCCCT	NIH	SRR11008271	271_TGCGTGGGTCATCCCT	TRUE
NIH_Ao_TGCTACCAGAAGGTGA	NIH_Ao	TGCTACCAGAAGGTGA	NIH	SRR11008271	271_TGCTACCAGAAGGTGA	TRUE
NIH_Ao_TGCTACCAGAGTCTGG	NIH_Ao	TGCTACCAGAGTCTGG	NIH	SRR11008271	271_TGCTACCAGAGTCTGG	TRUE
NIH_Ao_TGCTACCAGCATCATC	NIH_Ao	TGCTACCAGCATCATC	NIH	SRR11008271	271_TGCTACCAGCATCATC	TRUE
NIH_Ao_TGCTACCAGTCAAGGC	NIH_Ao	TGCTACCAGTCAAGGC	NIH	SRR11008271	271_TGCTACCAGTCAAGGC	TRUE
NIH_Ao_TGCTACCCAAACTGCT	NIH_Ao	TGCTACCCAAACTGCT	NIH	SRR11008271	271_TGCTACCCAAACTGCT	TRUE
NIH_Ao_TGCTACCCACAAGCCC	NIH_Ao	TGCTACCCACAAGCCC	NIH	SRR11008271	271_TGCTACCCACAAGCCC	TRUE
NIH_Ao_TGCTACCGTCGAGATG	NIH_Ao	TGCTACCGTCGAGATG	NIH	SRR11008271	271_TGCTACCGTCGAGATG	TRUE
NIH_Ao_TGCTACCTCACATACG	NIH_Ao	TGCTACCTCACATACG	NIH	SRR11008271	271_TGCTACCTCACATACG	TRUE
NIH_Ao_TGCTACCTCCCAAGAT	NIH_Ao	TGCTACCTCCCAAGAT	NIH	SRR11008271	271_TGCTACCTCCCAAGAT	TRUE
NIH_Ao_TGCTACCTCGTTTATC	NIH_Ao	TGCTACCTCGTTTATC	NIH	SRR11008271	271_TGCTACCTCGTTTATC	TRUE
NIH_Ao_TGCTGCTCACGGCGTT	NIH_Ao	TGCTGCTCACGGCGTT	NIH	SRR11008271	271_TGCTGCTCACGGCGTT	TRUE
NIH_Ao_TGCTGCTCAGTCAGCC	NIH_Ao	TGCTGCTCAGTCAGCC	NIH	SRR11008271	271_TGCTGCTCAGTCAGCC	TRUE
NIH_Ao_TGCTGCTCATCTCCCA	NIH_Ao	TGCTGCTCATCTCCCA	NIH	SRR11008271	271_TGCTGCTCATCTCCCA	TRUE
NIH_Ao_TGCTGCTGTAGCGCAA	NIH_Ao	TGCTGCTGTAGCGCAA	NIH	SRR11008271	271_TGCTGCTGTAGCGCAA	TRUE
NIH_Ao_TGCTGCTTCATGCAAC	NIH_Ao	TGCTGCTTCATGCAAC	NIH	SRR11008271	271_TGCTGCTTCATGCAAC	TRUE
NIH_Ao_TGGACGCAGGCTACGA	NIH_Ao	TGGACGCAGGCTACGA	NIH	SRR11008271	271_TGGACGCAGGCTACGA	TRUE
NIH_Ao_TGGACGCCAGACAGGT	NIH_Ao	TGGACGCCAGACAGGT	NIH	SRR11008271	271_TGGACGCCAGACAGGT	TRUE
NIH_Ao_TGGACGCCATCAGTAC	NIH_Ao	TGGACGCCATCAGTAC	NIH	SRR11008271	271_TGGACGCCATCAGTAC	TRUE
NIH_Ao_TGGACGCCATCCCACT	NIH_Ao	TGGACGCCATCCCACT	NIH	SRR11008271	271_TGGACGCCATCCCACT	TRUE
NIH_Ao_TGGACGCGTAGGAGTC	NIH_Ao	TGGACGCGTAGGAGTC	NIH	SRR11008271	271_TGGACGCGTAGGAGTC	TRUE
NIH_Ao_TGGACGCGTCCAGTGC	NIH_Ao	TGGACGCGTCCAGTGC	NIH	SRR11008271	271_TGGACGCGTCCAGTGC	TRUE
NIH_Ao_TGGCCAGCAAAGCAAT	NIH_Ao	TGGCCAGCAAAGCAAT	NIH	SRR11008271	271_TGGCCAGCAAAGCAAT	TRUE
NIH_Ao_TGGCCAGCAGTATGCT	NIH_Ao	TGGCCAGCAGTATGCT	NIH	SRR11008271	271_TGGCCAGCAGTATGCT	TRUE
NIH_Ao_TGGCCAGCATCGGTTA	NIH_Ao	TGGCCAGCATCGGTTA	NIH	SRR11008271	271_TGGCCAGCATCGGTTA	TRUE
NIH_Ao_TGGCCAGGTAGAGGAA	NIH_Ao	TGGCCAGGTAGAGGAA	NIH	SRR11008271	271_TGGCCAGGTAGAGGAA	TRUE
NIH_Ao_TGGCCAGGTATAAACG	NIH_Ao	TGGCCAGGTATAAACG	NIH	SRR11008271	271_TGGCCAGGTATAAACG	TRUE
NIH_Ao_TGGCCAGGTTCAGACT	NIH_Ao	TGGCCAGGTTCAGACT	NIH	SRR11008271	271_TGGCCAGGTTCAGACT	TRUE
NIH_Ao_TGGCCAGTCCCGGATG	NIH_Ao	TGGCCAGTCCCGGATG	NIH	SRR11008271	271_TGGCCAGTCCCGGATG	TRUE
NIH_Ao_TGGCCAGTCCTGCCAT	NIH_Ao	TGGCCAGTCCTGCCAT	NIH	SRR11008271	271_TGGCCAGTCCTGCCAT	TRUE
NIH_Ao_TGGCGCAAGACAAAGG	NIH_Ao	TGGCGCAAGACAAAGG	NIH	SRR11008271	271_TGGCGCAAGACAAAGG	TRUE
NIH_Ao_TGGCGCAAGGGTGTTG	NIH_Ao	TGGCGCAAGGGTGTTG	NIH	SRR11008271	271_TGGCGCAAGGGTGTTG	TRUE
NIH_Ao_TGGCGCACACAAGTAA	NIH_Ao	TGGCGCACACAAGTAA	NIH	SRR11008271	271_TGGCGCACACAAGTAA	TRUE
NIH_Ao_TGGCGCACAGATCCAT	NIH_Ao	TGGCGCACAGATCCAT	NIH	SRR11008271	271_TGGCGCACAGATCCAT	TRUE
NIH_Ao_TGGCGCACATGCCTTC	NIH_Ao	TGGCGCACATGCCTTC	NIH	SRR11008271	271_TGGCGCACATGCCTTC	TRUE
NIH_Ao_TGGCGCAGTTTGTGTG	NIH_Ao	TGGCGCAGTTTGTGTG	NIH	SRR11008271	271_TGGCGCAGTTTGTGTG	TRUE
NIH_Ao_TGGCTGGCAGGACCCT	NIH_Ao	TGGCTGGCAGGACCCT	NIH	SRR11008271	271_TGGCTGGCAGGACCCT	TRUE
NIH_Ao_TGGCTGGCAGGGTTAG	NIH_Ao	TGGCTGGCAGGGTTAG	NIH	SRR11008271	271_TGGCTGGCAGGGTTAG	TRUE
NIH_Ao_TGGCTGGCATTTCACT	NIH_Ao	TGGCTGGCATTTCACT	NIH	SRR11008271	271_TGGCTGGCATTTCACT	TRUE
NIH_Ao_TGGCTGGGTCTAAACC	NIH_Ao	TGGCTGGGTCTAAACC	NIH	SRR11008271	271_TGGCTGGGTCTAAACC	TRUE
NIH_Ao_TGGCTGGGTCTCACCT	NIH_Ao	TGGCTGGGTCTCACCT	NIH	SRR11008271	271_TGGCTGGGTCTCACCT	FALSE
NIH_Ao_TGGCTGGGTTCTGGTA	NIH_Ao	TGGCTGGGTTCTGGTA	NIH	SRR11008271	271_TGGCTGGGTTCTGGTA	TRUE
NIH_Ao_TGGCTGGTCCTATGTT	NIH_Ao	TGGCTGGTCCTATGTT	NIH	SRR11008271	271_TGGCTGGTCCTATGTT	TRUE
NIH_Ao_TGGGAAGCAGGGAGAG	NIH_Ao	TGGGAAGCAGGGAGAG	NIH	SRR11008271	271_TGGGAAGCAGGGAGAG	FALSE
NIH_Ao_TGGGAAGGTCAGCTAT	NIH_Ao	TGGGAAGGTCAGCTAT	NIH	SRR11008271	271_TGGGAAGGTCAGCTAT	TRUE
NIH_Ao_TGGGAAGTCAAACGGG	NIH_Ao	TGGGAAGTCAAACGGG	NIH	SRR11008271	271_TGGGAAGTCAAACGGG	TRUE
NIH_Ao_TGGGAAGTCACGCGGT	NIH_Ao	TGGGAAGTCACGCGGT	NIH	SRR11008271	271_TGGGAAGTCACGCGGT	TRUE
NIH_Ao_TGGGAAGTCGAGAACG	NIH_Ao	TGGGAAGTCGAGAACG	NIH	SRR11008271	271_TGGGAAGTCGAGAACG	TRUE
NIH_Ao_TGGGCGTAGTCTTGCA	NIH_Ao	TGGGCGTAGTCTTGCA	NIH	SRR11008271	271_TGGGCGTAGTCTTGCA	TRUE
NIH_Ao_TGGGCGTCAGATCTGT	NIH_Ao	TGGGCGTCAGATCTGT	NIH	SRR11008271	271_TGGGCGTCAGATCTGT	TRUE
NIH_Ao_TGGGCGTCAGGACGTA	NIH_Ao	TGGGCGTCAGGACGTA	NIH	SRR11008271	271_TGGGCGTCAGGACGTA	TRUE
NIH_Ao_TGGGCGTCATAAAGGT	NIH_Ao	TGGGCGTCATAAAGGT	NIH	SRR11008271	271_TGGGCGTCATAAAGGT	TRUE
NIH_Ao_TGGGCGTTCGGATGGA	NIH_Ao	TGGGCGTTCGGATGGA	NIH	SRR11008271	271_TGGGCGTTCGGATGGA	TRUE
NIH_Ao_TGGTTAGAGAGCTGGT	NIH_Ao	TGGTTAGAGAGCTGGT	NIH	SRR11008271	271_TGGTTAGAGAGCTGGT	TRUE
NIH_Ao_TGGTTAGAGTGGAGTC	NIH_Ao	TGGTTAGAGTGGAGTC	NIH	SRR11008271	271_TGGTTAGAGTGGAGTC	TRUE
NIH_Ao_TGGTTAGCACGAGGTA	NIH_Ao	TGGTTAGCACGAGGTA	NIH	SRR11008271	271_TGGTTAGCACGAGGTA	TRUE
NIH_Ao_TGGTTAGCAGATAATG	NIH_Ao	TGGTTAGCAGATAATG	NIH	SRR11008271	271_TGGTTAGCAGATAATG	TRUE
NIH_Ao_TGGTTAGGTCTTTCAT	NIH_Ao	TGGTTAGGTCTTTCAT	NIH	SRR11008271	271_TGGTTAGGTCTTTCAT	TRUE
NIH_Ao_TGGTTAGGTTCCACTC	NIH_Ao	TGGTTAGGTTCCACTC	NIH	SRR11008271	271_TGGTTAGGTTCCACTC	TRUE
NIH_Ao_TGGTTCCAGCTATGCT	NIH_Ao	TGGTTCCAGCTATGCT	NIH	SRR11008271	271_TGGTTCCAGCTATGCT	TRUE
NIH_Ao_TGGTTCCCACCAGGTC	NIH_Ao	TGGTTCCCACCAGGTC	NIH	SRR11008271	271_TGGTTCCCACCAGGTC	TRUE
NIH_Ao_TGGTTCCGTACGACCC	NIH_Ao	TGGTTCCGTACGACCC	NIH	SRR11008271	271_TGGTTCCGTACGACCC	TRUE
NIH_Ao_TGGTTCCGTGAGGGTT	NIH_Ao	TGGTTCCGTGAGGGTT	NIH	SRR11008271	271_TGGTTCCGTGAGGGTT	TRUE
NIH_Ao_TGGTTCCGTGTAAGTA	NIH_Ao	TGGTTCCGTGTAAGTA	NIH	SRR11008271	271_TGGTTCCGTGTAAGTA	TRUE
NIH_Ao_TGGTTCCTCAGGTTCA	NIH_Ao	TGGTTCCTCAGGTTCA	NIH	SRR11008271	271_TGGTTCCTCAGGTTCA	TRUE
NIH_Ao_TGGTTCCTCCACGAAT	NIH_Ao	TGGTTCCTCCACGAAT	NIH	SRR11008271	271_TGGTTCCTCCACGAAT	TRUE
NIH_Ao_TGGTTCCTCGGGAGTA	NIH_Ao	TGGTTCCTCGGGAGTA	NIH	SRR11008271	271_TGGTTCCTCGGGAGTA	TRUE
NIH_Ao_TGTATTCAGACTGGGT	NIH_Ao	TGTATTCAGACTGGGT	NIH	SRR11008271	271_TGTATTCAGACTGGGT	TRUE
NIH_Ao_TGTATTCAGTCGTACT	NIH_Ao	TGTATTCAGTCGTACT	NIH	SRR11008271	271_TGTATTCAGTCGTACT	TRUE
NIH_Ao_TGTATTCAGTGTACGG	NIH_Ao	TGTATTCAGTGTACGG	NIH	SRR11008271	271_TGTATTCAGTGTACGG	TRUE
NIH_Ao_TGTATTCGTTCGAATC	NIH_Ao	TGTATTCGTTCGAATC	NIH	SRR11008271	271_TGTATTCGTTCGAATC	TRUE
NIH_Ao_TGTATTCTCCATGCTC	NIH_Ao	TGTATTCTCCATGCTC	NIH	SRR11008271	271_TGTATTCTCCATGCTC	TRUE
NIH_Ao_TGTCCCAAGAGCTATA	NIH_Ao	TGTCCCAAGAGCTATA	NIH	SRR11008271	271_TGTCCCAAGAGCTATA	TRUE
NIH_Ao_TGTCCCAAGCCATCGC	NIH_Ao	TGTCCCAAGCCATCGC	NIH	SRR11008271	271_TGTCCCAAGCCATCGC	TRUE
NIH_Ao_TGTCCCAAGGATGGTC	NIH_Ao	TGTCCCAAGGATGGTC	NIH	SRR11008271	271_TGTCCCAAGGATGGTC	TRUE
NIH_Ao_TGTCCCAAGGCGTACA	NIH_Ao	TGTCCCAAGGCGTACA	NIH	SRR11008271	271_TGTCCCAAGGCGTACA	TRUE
NIH_Ao_TGTCCCACATCCCACT	NIH_Ao	TGTCCCACATCCCACT	NIH	SRR11008271	271_TGTCCCACATCCCACT	TRUE
NIH_Ao_TGTCCCATCAACACCA	NIH_Ao	TGTCCCATCAACACCA	NIH	SRR11008271	271_TGTCCCATCAACACCA	TRUE
NIH_Ao_TGTGGTAAGGTGATAT	NIH_Ao	TGTGGTAAGGTGATAT	NIH	SRR11008271	271_TGTGGTAAGGTGATAT	TRUE
NIH_Ao_TGTGGTAAGTATGACA	NIH_Ao	TGTGGTAAGTATGACA	NIH	SRR11008271	271_TGTGGTAAGTATGACA	TRUE
NIH_Ao_TGTGTTTAGTAAGTAC	NIH_Ao	TGTGTTTAGTAAGTAC	NIH	SRR11008271	271_TGTGTTTAGTAAGTAC	TRUE
NIH_Ao_TGTGTTTCACGCGAAA	NIH_Ao	TGTGTTTCACGCGAAA	NIH	SRR11008271	271_TGTGTTTCACGCGAAA	TRUE
NIH_Ao_TGTGTTTCACGGACAA	NIH_Ao	TGTGTTTCACGGACAA	NIH	SRR11008271	271_TGTGTTTCACGGACAA	TRUE
NIH_Ao_TGTGTTTCATACCATG	NIH_Ao	TGTGTTTCATACCATG	NIH	SRR11008271	271_TGTGTTTCATACCATG	TRUE
NIH_Ao_TGTGTTTTCCTCAATT	NIH_Ao	TGTGTTTTCCTCAATT	NIH	SRR11008271	271_TGTGTTTTCCTCAATT	TRUE
NIH_Ao_TGTTCCGAGAGACTAT	NIH_Ao	TGTTCCGAGAGACTAT	NIH	SRR11008271	271_TGTTCCGAGAGACTAT	TRUE
NIH_Ao_TGTTCCGAGAGAGCTC	NIH_Ao	TGTTCCGAGAGAGCTC	NIH	SRR11008271	271_TGTTCCGAGAGAGCTC	TRUE
NIH_Ao_TGTTCCGAGGGCTCTC	NIH_Ao	TGTTCCGAGGGCTCTC	NIH	SRR11008271	271_TGTTCCGAGGGCTCTC	TRUE
NIH_Ao_TGTTCCGAGTGCAAGC	NIH_Ao	TGTTCCGAGTGCAAGC	NIH	SRR11008271	271_TGTTCCGAGTGCAAGC	TRUE
NIH_Ao_TGTTCCGAGTTCCACA	NIH_Ao	TGTTCCGAGTTCCACA	NIH	SRR11008271	271_TGTTCCGAGTTCCACA	TRUE
NIH_Ao_TGTTCCGCAACACGCC	NIH_Ao	TGTTCCGCAACACGCC	NIH	SRR11008271	271_TGTTCCGCAACACGCC	TRUE
NIH_Ao_TGTTCCGGTTGGTAAA	NIH_Ao	TGTTCCGGTTGGTAAA	NIH	SRR11008271	271_TGTTCCGGTTGGTAAA	TRUE
NIH_Ao_TTAACTCAGAGCTTCT	NIH_Ao	TTAACTCAGAGCTTCT	NIH	SRR11008271	271_TTAACTCAGAGCTTCT	TRUE
NIH_Ao_TTAACTCCATGAAGTA	NIH_Ao	TTAACTCCATGAAGTA	NIH	SRR11008271	271_TTAACTCCATGAAGTA	TRUE
NIH_Ao_TTAACTCGTAGGACAC	NIH_Ao	TTAACTCGTAGGACAC	NIH	SRR11008271	271_TTAACTCGTAGGACAC	TRUE
NIH_Ao_TTAACTCGTCGCCATG	NIH_Ao	TTAACTCGTCGCCATG	NIH	SRR11008271	271_TTAACTCGTCGCCATG	TRUE
NIH_Ao_TTAACTCGTGATGTGG	NIH_Ao	TTAACTCGTGATGTGG	NIH	SRR11008271	271_TTAACTCGTGATGTGG	TRUE
NIH_Ao_TTAACTCGTTTGTTTC	NIH_Ao	TTAACTCGTTTGTTTC	NIH	SRR11008271	271_TTAACTCGTTTGTTTC	TRUE
NIH_Ao_TTAACTCTCTGCAAGT	NIH_Ao	TTAACTCTCTGCAAGT	NIH	SRR11008271	271_TTAACTCTCTGCAAGT	TRUE
NIH_Ao_TTAACTCTCTTGTACT	NIH_Ao	TTAACTCTCTTGTACT	NIH	SRR11008271	271_TTAACTCTCTTGTACT	TRUE
NIH_Ao_TTAGGACAGAGGTACC	NIH_Ao	TTAGGACAGAGGTACC	NIH	SRR11008271	271_TTAGGACAGAGGTACC	TRUE
NIH_Ao_TTAGGACCAATAGCAA	NIH_Ao	TTAGGACCAATAGCAA	NIH	SRR11008271	271_TTAGGACCAATAGCAA	TRUE
NIH_Ao_TTAGGACCAGCTCCGA	NIH_Ao	TTAGGACCAGCTCCGA	NIH	SRR11008271	271_TTAGGACCAGCTCCGA	TRUE
NIH_Ao_TTAGGACGTAGCGATG	NIH_Ao	TTAGGACGTAGCGATG	NIH	SRR11008271	271_TTAGGACGTAGCGATG	FALSE
NIH_Ao_TTAGGCACACGGTGTC	NIH_Ao	TTAGGCACACGGTGTC	NIH	SRR11008271	271_TTAGGCACACGGTGTC	TRUE
NIH_Ao_TTAGGCATCAAACGGG	NIH_Ao	TTAGGCATCAAACGGG	NIH	SRR11008271	271_TTAGGCATCAAACGGG	TRUE
NIH_Ao_TTAGGCATCACTCTTA	NIH_Ao	TTAGGCATCACTCTTA	NIH	SRR11008271	271_TTAGGCATCACTCTTA	TRUE
NIH_Ao_TTAGGCATCAGTTGAC	NIH_Ao	TTAGGCATCAGTTGAC	NIH	SRR11008271	271_TTAGGCATCAGTTGAC	TRUE
NIH_Ao_TTAGGCATCTCTGTCG	NIH_Ao	TTAGGCATCTCTGTCG	NIH	SRR11008271	271_TTAGGCATCTCTGTCG	TRUE
NIH_Ao_TTAGGCATCTTACCGC	NIH_Ao	TTAGGCATCTTACCGC	NIH	SRR11008271	271_TTAGGCATCTTACCGC	TRUE
NIH_Ao_TTAGTTCCATACTCTT	NIH_Ao	TTAGTTCCATACTCTT	NIH	SRR11008271	271_TTAGTTCCATACTCTT	TRUE
NIH_Ao_TTAGTTCGTCCGTGAC	NIH_Ao	TTAGTTCGTCCGTGAC	NIH	SRR11008271	271_TTAGTTCGTCCGTGAC	TRUE
NIH_Ao_TTAGTTCTCCATGAGT	NIH_Ao	TTAGTTCTCCATGAGT	NIH	SRR11008271	271_TTAGTTCTCCATGAGT	TRUE
NIH_Ao_TTAGTTCTCCGTAGGC	NIH_Ao	TTAGTTCTCCGTAGGC	NIH	SRR11008271	271_TTAGTTCTCCGTAGGC	TRUE
NIH_Ao_TTAGTTCTCGCAAGCC	NIH_Ao	TTAGTTCTCGCAAGCC	NIH	SRR11008271	271_TTAGTTCTCGCAAGCC	TRUE
NIH_Ao_TTATGCTAGCACGCCT	NIH_Ao	TTATGCTAGCACGCCT	NIH	SRR11008271	271_TTATGCTAGCACGCCT	TRUE
NIH_Ao_TTATGCTCAAGACACG	NIH_Ao	TTATGCTCAAGACACG	NIH	SRR11008271	271_TTATGCTCAAGACACG	TRUE
NIH_Ao_TTATGCTGTGCTTCTC	NIH_Ao	TTATGCTGTGCTTCTC	NIH	SRR11008271	271_TTATGCTGTGCTTCTC	FALSE
NIH_Ao_TTATGCTTCATTATCC	NIH_Ao	TTATGCTTCATTATCC	NIH	SRR11008271	271_TTATGCTTCATTATCC	TRUE
NIH_Ao_TTATGCTTCCTGCCAT	NIH_Ao	TTATGCTTCCTGCCAT	NIH	SRR11008271	271_TTATGCTTCCTGCCAT	TRUE
NIH_Ao_TTCCCAGAGGTAAACT	NIH_Ao	TTCCCAGAGGTAAACT	NIH	SRR11008271	271_TTCCCAGAGGTAAACT	TRUE
NIH_Ao_TTCCCAGAGTATCTCG	NIH_Ao	TTCCCAGAGTATCTCG	NIH	SRR11008271	271_TTCCCAGAGTATCTCG	TRUE
NIH_Ao_TTCCCAGCACAACGTT	NIH_Ao	TTCCCAGCACAACGTT	NIH	SRR11008271	271_TTCCCAGCACAACGTT	TRUE
NIH_Ao_TTCCCAGCATAGACTC	NIH_Ao	TTCCCAGCATAGACTC	NIH	SRR11008271	271_TTCCCAGCATAGACTC	TRUE
NIH_Ao_TTCCCAGGTGTTAAGA	NIH_Ao	TTCCCAGGTGTTAAGA	NIH	SRR11008271	271_TTCCCAGGTGTTAAGA	TRUE
NIH_Ao_TTCGAAGAGCCTATGT	NIH_Ao	TTCGAAGAGCCTATGT	NIH	SRR11008271	271_TTCGAAGAGCCTATGT	FALSE
NIH_Ao_TTCGAAGAGGCTCATT	NIH_Ao	TTCGAAGAGGCTCATT	NIH	SRR11008271	271_TTCGAAGAGGCTCATT	FALSE
NIH_Ao_TTCGAAGGTTTGGCGC	NIH_Ao	TTCGAAGGTTTGGCGC	NIH	SRR11008271	271_TTCGAAGGTTTGGCGC	TRUE
NIH_Ao_TTCGAAGTCATAAAGG	NIH_Ao	TTCGAAGTCATAAAGG	NIH	SRR11008271	271_TTCGAAGTCATAAAGG	TRUE
NIH_Ao_TTCGAAGTCGTCTGCT	NIH_Ao	TTCGAAGTCGTCTGCT	NIH	SRR11008271	271_TTCGAAGTCGTCTGCT	TRUE
NIH_Ao_TTCGGTCAGGCATTGG	NIH_Ao	TTCGGTCAGGCATTGG	NIH	SRR11008271	271_TTCGGTCAGGCATTGG	TRUE
NIH_Ao_TTCGGTCAGTAGCGGT	NIH_Ao	TTCGGTCAGTAGCGGT	NIH	SRR11008271	271_TTCGGTCAGTAGCGGT	TRUE
NIH_Ao_TTCGGTCCAAACTGTC	NIH_Ao	TTCGGTCCAAACTGTC	NIH	SRR11008271	271_TTCGGTCCAAACTGTC	TRUE
NIH_Ao_TTCGGTCGTACGACCC	NIH_Ao	TTCGGTCGTACGACCC	NIH	SRR11008271	271_TTCGGTCGTACGACCC	TRUE
NIH_Ao_TTCTACAAGTGTCTCA	NIH_Ao	TTCTACAAGTGTCTCA	NIH	SRR11008271	271_TTCTACAAGTGTCTCA	TRUE
NIH_Ao_TTCTACACACATCCGG	NIH_Ao	TTCTACACACATCCGG	NIH	SRR11008271	271_TTCTACACACATCCGG	TRUE
NIH_Ao_TTCTACACAGATCTGT	NIH_Ao	TTCTACACAGATCTGT	NIH	SRR11008271	271_TTCTACACAGATCTGT	TRUE
NIH_Ao_TTCTACACATCGATTG	NIH_Ao	TTCTACACATCGATTG	NIH	SRR11008271	271_TTCTACACATCGATTG	TRUE
NIH_Ao_TTCTACATCCAAATGC	NIH_Ao	TTCTACATCCAAATGC	NIH	SRR11008271	271_TTCTACATCCAAATGC	TRUE
NIH_Ao_TTCTACATCCGTAGTA	NIH_Ao	TTCTACATCCGTAGTA	NIH	SRR11008271	271_TTCTACATCCGTAGTA	TRUE
NIH_Ao_TTCTCAAAGCGATTCT	NIH_Ao	TTCTCAAAGCGATTCT	NIH	SRR11008271	271_TTCTCAAAGCGATTCT	TRUE
NIH_Ao_TTCTCAACATAGTAAG	NIH_Ao	TTCTCAACATAGTAAG	NIH	SRR11008271	271_TTCTCAACATAGTAAG	TRUE
NIH_Ao_TTCTCAAGTAGCAAAT	NIH_Ao	TTCTCAAGTAGCAAAT	NIH	SRR11008271	271_TTCTCAAGTAGCAAAT	TRUE
NIH_Ao_TTCTCAATCAAGGCTT	NIH_Ao	TTCTCAATCAAGGCTT	NIH	SRR11008271	271_TTCTCAATCAAGGCTT	TRUE
NIH_Ao_TTCTCCTAGAAAGTGG	NIH_Ao	TTCTCCTAGAAAGTGG	NIH	SRR11008271	271_TTCTCCTAGAAAGTGG	TRUE
NIH_Ao_TTCTCCTAGTCCTCCT	NIH_Ao	TTCTCCTAGTCCTCCT	NIH	SRR11008271	271_TTCTCCTAGTCCTCCT	TRUE
NIH_Ao_TTCTCCTCATTGGGCC	NIH_Ao	TTCTCCTCATTGGGCC	NIH	SRR11008271	271_TTCTCCTCATTGGGCC	TRUE
NIH_Ao_TTCTCCTGTATTCTCT	NIH_Ao	TTCTCCTGTATTCTCT	NIH	SRR11008271	271_TTCTCCTGTATTCTCT	TRUE
NIH_Ao_TTCTCCTTCGCAAACT	NIH_Ao	TTCTCCTTCGCAAACT	NIH	SRR11008271	271_TTCTCCTTCGCAAACT	TRUE
NIH_Ao_TTCTTAGAGATGTCGG	NIH_Ao	TTCTTAGAGATGTCGG	NIH	SRR11008271	271_TTCTTAGAGATGTCGG	TRUE
NIH_Ao_TTCTTAGAGCGAAGGG	NIH_Ao	TTCTTAGAGCGAAGGG	NIH	SRR11008271	271_TTCTTAGAGCGAAGGG	TRUE
NIH_Ao_TTCTTAGAGGCACATG	NIH_Ao	TTCTTAGAGGCACATG	NIH	SRR11008271	271_TTCTTAGAGGCACATG	TRUE
NIH_Ao_TTCTTAGGTTACAGAA	NIH_Ao	TTCTTAGGTTACAGAA	NIH	SRR11008271	271_TTCTTAGGTTACAGAA	TRUE
NIH_Ao_TTCTTAGTCATAACCG	NIH_Ao	TTCTTAGTCATAACCG	NIH	SRR11008271	271_TTCTTAGTCATAACCG	TRUE
NIH_Ao_TTCTTAGTCGACCAGC	NIH_Ao	TTCTTAGTCGACCAGC	NIH	SRR11008271	271_TTCTTAGTCGACCAGC	TRUE
NIH_Ao_TTGAACGAGACTAAGT	NIH_Ao	TTGAACGAGACTAAGT	NIH	SRR11008271	271_TTGAACGAGACTAAGT	TRUE
NIH_Ao_TTGAACGCACGGCCAT	NIH_Ao	TTGAACGCACGGCCAT	NIH	SRR11008271	271_TTGAACGCACGGCCAT	TRUE
NIH_Ao_TTGAACGCACTCTGTC	NIH_Ao	TTGAACGCACTCTGTC	NIH	SRR11008271	271_TTGAACGCACTCTGTC	TRUE
NIH_Ao_TTGAACGCAGGTGCCT	NIH_Ao	TTGAACGCAGGTGCCT	NIH	SRR11008271	271_TTGAACGCAGGTGCCT	TRUE
NIH_Ao_TTGAACGCATGACGGA	NIH_Ao	TTGAACGCATGACGGA	NIH	SRR11008271	271_TTGAACGCATGACGGA	TRUE
NIH_Ao_TTGAACGGTTCCCGAG	NIH_Ao	TTGAACGGTTCCCGAG	NIH	SRR11008271	271_TTGAACGGTTCCCGAG	TRUE
NIH_Ao_TTGAACGTCAACTCTT	NIH_Ao	TTGAACGTCAACTCTT	NIH	SRR11008271	271_TTGAACGTCAACTCTT	TRUE
NIH_Ao_TTGAACGTCACCGTAA	NIH_Ao	TTGAACGTCACCGTAA	NIH	SRR11008271	271_TTGAACGTCACCGTAA	FALSE
NIH_Ao_TTGACTTAGATCGGGT	NIH_Ao	TTGACTTAGATCGGGT	NIH	SRR11008271	271_TTGACTTAGATCGGGT	TRUE
NIH_Ao_TTGACTTCAGGGCATA	NIH_Ao	TTGACTTCAGGGCATA	NIH	SRR11008271	271_TTGACTTCAGGGCATA	TRUE
NIH_Ao_TTGACTTCAGTTCATG	NIH_Ao	TTGACTTCAGTTCATG	NIH	SRR11008271	271_TTGACTTCAGTTCATG	TRUE
NIH_Ao_TTGACTTGTCGTGGCT	NIH_Ao	TTGACTTGTCGTGGCT	NIH	SRR11008271	271_TTGACTTGTCGTGGCT	TRUE
NIH_Ao_TTGACTTTCTCCAGGG	NIH_Ao	TTGACTTTCTCCAGGG	NIH	SRR11008271	271_TTGACTTTCTCCAGGG	TRUE
NIH_Ao_TTGCCGTAGTGAAGAG	NIH_Ao	TTGCCGTAGTGAAGAG	NIH	SRR11008271	271_TTGCCGTAGTGAAGAG	TRUE
NIH_Ao_TTGCCGTTCGGCCGAT	NIH_Ao	TTGCCGTTCGGCCGAT	NIH	SRR11008271	271_TTGCCGTTCGGCCGAT	TRUE
NIH_Ao_TTGCGTCCACCTCGTT	NIH_Ao	TTGCGTCCACCTCGTT	NIH	SRR11008271	271_TTGCGTCCACCTCGTT	TRUE
NIH_Ao_TTGCGTCCAGCTTCGG	NIH_Ao	TTGCGTCCAGCTTCGG	NIH	SRR11008271	271_TTGCGTCCAGCTTCGG	TRUE
NIH_Ao_TTGGAACAGACTGGGT	NIH_Ao	TTGGAACAGACTGGGT	NIH	SRR11008271	271_TTGGAACAGACTGGGT	TRUE
NIH_Ao_TTGGAACCAAGAAAGG	NIH_Ao	TTGGAACCAAGAAAGG	NIH	SRR11008271	271_TTGGAACCAAGAAAGG	TRUE
NIH_Ao_TTGGAACCAAGTTCTG	NIH_Ao	TTGGAACCAAGTTCTG	NIH	SRR11008271	271_TTGGAACCAAGTTCTG	TRUE
NIH_Ao_TTGGAACCAATCCAAC	NIH_Ao	TTGGAACCAATCCAAC	NIH	SRR11008271	271_TTGGAACCAATCCAAC	TRUE
NIH_Ao_TTGGAACCACATTTCT	NIH_Ao	TTGGAACCACATTTCT	NIH	SRR11008271	271_TTGGAACCACATTTCT	TRUE
NIH_Ao_TTGGAACGTCTTTCAT	NIH_Ao	TTGGAACGTCTTTCAT	NIH	SRR11008271	271_TTGGAACGTCTTTCAT	TRUE
NIH_Ao_TTGGAACTCAGCCTAA	NIH_Ao	TTGGAACTCAGCCTAA	NIH	SRR11008271	271_TTGGAACTCAGCCTAA	TRUE
NIH_Ao_TTGGCAAAGGAGTCTG	NIH_Ao	TTGGCAAAGGAGTCTG	NIH	SRR11008271	271_TTGGCAAAGGAGTCTG	TRUE
NIH_Ao_TTGGCAAAGTAGGTGC	NIH_Ao	TTGGCAAAGTAGGTGC	NIH	SRR11008271	271_TTGGCAAAGTAGGTGC	TRUE
NIH_Ao_TTGGCAAGTGTGGTTT	NIH_Ao	TTGGCAAGTGTGGTTT	NIH	SRR11008271	271_TTGGCAAGTGTGGTTT	TRUE
NIH_Ao_TTGGCAATCAGTTCGA	NIH_Ao	TTGGCAATCAGTTCGA	NIH	SRR11008271	271_TTGGCAATCAGTTCGA	TRUE
NIH_Ao_TTGTAGGAGCCTCGTG	NIH_Ao	TTGTAGGAGCCTCGTG	NIH	SRR11008271	271_TTGTAGGAGCCTCGTG	TRUE
NIH_Ao_TTGTAGGCAAGGACAC	NIH_Ao	TTGTAGGCAAGGACAC	NIH	SRR11008271	271_TTGTAGGCAAGGACAC	TRUE
NIH_Ao_TTGTAGGCACTACAGT	NIH_Ao	TTGTAGGCACTACAGT	NIH	SRR11008271	271_TTGTAGGCACTACAGT	TRUE
NIH_Ao_TTGTAGGGTATGAATG	NIH_Ao	TTGTAGGGTATGAATG	NIH	SRR11008271	271_TTGTAGGGTATGAATG	TRUE
NIH_Ao_TTGTAGGGTGGTCTCG	NIH_Ao	TTGTAGGGTGGTCTCG	NIH	SRR11008271	271_TTGTAGGGTGGTCTCG	TRUE
NIH_Ao_TTTACTGAGCACCGTC	NIH_Ao	TTTACTGAGCACCGTC	NIH	SRR11008271	271_TTTACTGAGCACCGTC	TRUE
NIH_Ao_TTTACTGAGCCCTAAT	NIH_Ao	TTTACTGAGCCCTAAT	NIH	SRR11008271	271_TTTACTGAGCCCTAAT	TRUE
NIH_Ao_TTTACTGCAAGTAGTA	NIH_Ao	TTTACTGCAAGTAGTA	NIH	SRR11008271	271_TTTACTGCAAGTAGTA	TRUE
NIH_Ao_TTTACTGCACGAAGCA	NIH_Ao	TTTACTGCACGAAGCA	NIH	SRR11008271	271_TTTACTGCACGAAGCA	TRUE
NIH_Ao_TTTACTGCACTGTCGG	NIH_Ao	TTTACTGCACTGTCGG	NIH	SRR11008271	271_TTTACTGCACTGTCGG	TRUE
NIH_Ao_TTTACTGCATGGGAAC	NIH_Ao	TTTACTGCATGGGAAC	NIH	SRR11008271	271_TTTACTGCATGGGAAC	TRUE
NIH_Ao_TTTACTGGTATCGCAT	NIH_Ao	TTTACTGGTATCGCAT	NIH	SRR11008271	271_TTTACTGGTATCGCAT	TRUE
NIH_Ao_TTTACTGGTCGAAAGC	NIH_Ao	TTTACTGGTCGAAAGC	NIH	SRR11008271	271_TTTACTGGTCGAAAGC	TRUE
NIH_Ao_TTTACTGGTTCTCATT	NIH_Ao	TTTACTGGTTCTCATT	NIH	SRR11008271	271_TTTACTGGTTCTCATT	TRUE
NIH_Ao_TTTATGCAGCACCGTC	NIH_Ao	TTTATGCAGCACCGTC	NIH	SRR11008271	271_TTTATGCAGCACCGTC	TRUE
NIH_Ao_TTTATGCCATCTATGG	NIH_Ao	TTTATGCCATCTATGG	NIH	SRR11008271	271_TTTATGCCATCTATGG	TRUE
NIH_Ao_TTTATGCGTAACGACG	NIH_Ao	TTTATGCGTAACGACG	NIH	SRR11008271	271_TTTATGCGTAACGACG	TRUE
NIH_Ao_TTTATGCGTACCATCA	NIH_Ao	TTTATGCGTACCATCA	NIH	SRR11008271	271_TTTATGCGTACCATCA	TRUE
NIH_Ao_TTTATGCTCGATAGAA	NIH_Ao	TTTATGCTCGATAGAA	NIH	SRR11008271	271_TTTATGCTCGATAGAA	TRUE
NIH_Ao_TTTCCTCGTCATGCCG	NIH_Ao	TTTCCTCGTCATGCCG	NIH	SRR11008271	271_TTTCCTCGTCATGCCG	TRUE
NIH_Ao_TTTCCTCTCAGGCCCA	NIH_Ao	TTTCCTCTCAGGCCCA	NIH	SRR11008271	271_TTTCCTCTCAGGCCCA	TRUE
NIH_Ao_TTTGCGCAGACACTAA	NIH_Ao	TTTGCGCAGACACTAA	NIH	SRR11008271	271_TTTGCGCAGACACTAA	TRUE
NIH_Ao_TTTGCGCCACACGCTG	NIH_Ao	TTTGCGCCACACGCTG	NIH	SRR11008271	271_TTTGCGCCACACGCTG	TRUE
NIH_Ao_TTTGCGCCACTGCCAG	NIH_Ao	TTTGCGCCACTGCCAG	NIH	SRR11008271	271_TTTGCGCCACTGCCAG	TRUE
NIH_Ao_TTTGCGCGTAGATTAG	NIH_Ao	TTTGCGCGTAGATTAG	NIH	SRR11008271	271_TTTGCGCGTAGATTAG	TRUE
NIH_Ao_TTTGCGCTCAGCATGT	NIH_Ao	TTTGCGCTCAGCATGT	NIH	SRR11008271	271_TTTGCGCTCAGCATGT	TRUE
NIH_Ao_TTTGGTTAGTGGGTTG	NIH_Ao	TTTGGTTAGTGGGTTG	NIH	SRR11008271	271_TTTGGTTAGTGGGTTG	TRUE
NIH_Ao_TTTGGTTCAAGGACTG	NIH_Ao	TTTGGTTCAAGGACTG	NIH	SRR11008271	271_TTTGGTTCAAGGACTG	TRUE
NIH_Ao_TTTGGTTCATTCCTGC	NIH_Ao	TTTGGTTCATTCCTGC	NIH	SRR11008271	271_TTTGGTTCATTCCTGC	TRUE
NIH_Ao_TTTGGTTGTAAGGGCT	NIH_Ao	TTTGGTTGTAAGGGCT	NIH	SRR11008271	271_TTTGGTTGTAAGGGCT	TRUE
NIH_Ao_TTTGGTTGTGCAACTT	NIH_Ao	TTTGGTTGTGCAACTT	NIH	SRR11008271	271_TTTGGTTGTGCAACTT	TRUE
NIH_Ao_TTTGTCAAGCTGTTCA	NIH_Ao	TTTGTCAAGCTGTTCA	NIH	SRR11008271	271_TTTGTCAAGCTGTTCA	TRUE
NIH_Ao_TTTGTCACATTGGGCC	NIH_Ao	TTTGTCACATTGGGCC	NIH	SRR11008271	271_TTTGTCACATTGGGCC	TRUE
NIH_Ao_TTTGTCAGTTCCGTCT	NIH_Ao	TTTGTCAGTTCCGTCT	NIH	SRR11008271	271_TTTGTCAGTTCCGTCT	TRUE
NIH_Ao_TTTGTCATCCTCTAGC	NIH_Ao	TTTGTCATCCTCTAGC	NIH	SRR11008271	271_TTTGTCATCCTCTAGC	TRUE
NIH_CQ_AAACCTGAGATGTAAC	NIH_CQ	AAACCTGAGATGTAAC	NIH	SRR11008270	270_AAACCTGAGATGTAAC	TRUE
NIH_CQ_AAACCTGCACGAGGTA	NIH_CQ	AAACCTGCACGAGGTA	NIH	SRR11008270	270_AAACCTGCACGAGGTA	TRUE
NIH_CQ_AAACGGGAGTTACGGG	NIH_CQ	AAACGGGAGTTACGGG	NIH	SRR11008270	270_AAACGGGAGTTACGGG	TRUE
NIH_CQ_AAAGATGTCCTGCAGG	NIH_CQ	AAAGATGTCCTGCAGG	NIH	SRR11008270	270_AAAGATGTCCTGCAGG	TRUE
NIH_CQ_AAAGCAACACGAGGTA	NIH_CQ	AAAGCAACACGAGGTA	NIH	SRR11008270	270_AAAGCAACACGAGGTA	TRUE
NIH_CQ_AAAGCAATCACGAAGG	NIH_CQ	AAAGCAATCACGAAGG	NIH	SRR11008270	270_AAAGCAATCACGAAGG	TRUE
NIH_CQ_AAAGTAGAGCCATCGC	NIH_CQ	AAAGTAGAGCCATCGC	NIH	SRR11008270	270_AAAGTAGAGCCATCGC	TRUE
NIH_CQ_AAAGTAGCACATTTCT	NIH_CQ	AAAGTAGCACATTTCT	NIH	SRR11008270	270_AAAGTAGCACATTTCT	TRUE
NIH_CQ_AAAGTAGCAGACACTT	NIH_CQ	AAAGTAGCAGACACTT	NIH	SRR11008270	270_AAAGTAGCAGACACTT	TRUE
NIH_CQ_AAATGCCAGGCTCATT	NIH_CQ	AAATGCCAGGCTCATT	NIH	SRR11008270	270_AAATGCCAGGCTCATT	TRUE
NIH_CQ_AACCGCGGTCACCTAA	NIH_CQ	AACCGCGGTCACCTAA	NIH	SRR11008270	270_AACCGCGGTCACCTAA	TRUE
NIH_CQ_AACCGCGTCATTGCGA	NIH_CQ	AACCGCGTCATTGCGA	NIH	SRR11008270	270_AACCGCGTCATTGCGA	TRUE
NIH_CQ_AACTCCCTCGGTCTAA	NIH_CQ	AACTCCCTCGGTCTAA	NIH	SRR11008270	270_AACTCCCTCGGTCTAA	TRUE
NIH_CQ_AACTGGTAGTAGGCCA	NIH_CQ	AACTGGTAGTAGGCCA	NIH	SRR11008270	270_AACTGGTAGTAGGCCA	TRUE
NIH_CQ_AACTTTCTCGCCAAAT	NIH_CQ	AACTTTCTCGCCAAAT	NIH	SRR11008270	270_AACTTTCTCGCCAAAT	TRUE
NIH_CQ_AAGCCGCGTCAGATAA	NIH_CQ	AAGCCGCGTCAGATAA	NIH	SRR11008270	270_AAGCCGCGTCAGATAA	TRUE
NIH_CQ_AAGCCGCGTCCGTGAC	NIH_CQ	AAGCCGCGTCCGTGAC	NIH	SRR11008270	270_AAGCCGCGTCCGTGAC	TRUE
NIH_CQ_AAGCCGCGTCTCTTTA	NIH_CQ	AAGCCGCGTCTCTTTA	NIH	SRR11008270	270_AAGCCGCGTCTCTTTA	TRUE
NIH_CQ_AAGGCAGAGATGTAAC	NIH_CQ	AAGGCAGAGATGTAAC	NIH	SRR11008270	270_AAGGCAGAGATGTAAC	TRUE
NIH_CQ_AAGGCAGCACGAAACG	NIH_CQ	AAGGCAGCACGAAACG	NIH	SRR11008270	270_AAGGCAGCACGAAACG	TRUE
NIH_CQ_AAGGTTCGTAGCGCTC	NIH_CQ	AAGGTTCGTAGCGCTC	NIH	SRR11008270	270_AAGGTTCGTAGCGCTC	TRUE
NIH_CQ_AAGTCTGAGCGATGAC	NIH_CQ	AAGTCTGAGCGATGAC	NIH	SRR11008270	270_AAGTCTGAGCGATGAC	TRUE
NIH_CQ_AAGTCTGGTTTAAGCC	NIH_CQ	AAGTCTGGTTTAAGCC	NIH	SRR11008270	270_AAGTCTGGTTTAAGCC	TRUE
NIH_CQ_AATCCAGCACAGGCCT	NIH_CQ	AATCCAGCACAGGCCT	NIH	SRR11008270	270_AATCCAGCACAGGCCT	TRUE
NIH_CQ_AATCGGTAGGAGTCTG	NIH_CQ	AATCGGTAGGAGTCTG	NIH	SRR11008270	270_AATCGGTAGGAGTCTG	TRUE
NIH_CQ_AATCGGTCAAACGCGA	NIH_CQ	AATCGGTCAAACGCGA	NIH	SRR11008270	270_AATCGGTCAAACGCGA	TRUE
NIH_CQ_AATCGGTTCTGGTGTA	NIH_CQ	AATCGGTTCTGGTGTA	NIH	SRR11008270	270_AATCGGTTCTGGTGTA	TRUE
NIH_CQ_ACACTGAGTCCTCTTG	NIH_CQ	ACACTGAGTCCTCTTG	NIH	SRR11008270	270_ACACTGAGTCCTCTTG	TRUE
NIH_CQ_ACACTGAGTGCGAAAC	NIH_CQ	ACACTGAGTGCGAAAC	NIH	SRR11008270	270_ACACTGAGTGCGAAAC	TRUE
NIH_CQ_ACACTGATCAACCATG	NIH_CQ	ACACTGATCAACCATG	NIH	SRR11008270	270_ACACTGATCAACCATG	TRUE
NIH_CQ_ACAGCTACATGAGCGA	NIH_CQ	ACAGCTACATGAGCGA	NIH	SRR11008270	270_ACAGCTACATGAGCGA	TRUE
NIH_CQ_ACATACGAGCAAATCA	NIH_CQ	ACATACGAGCAAATCA	NIH	SRR11008270	270_ACATACGAGCAAATCA	TRUE
NIH_CQ_ACATCAGGTCTCTTAT	NIH_CQ	ACATCAGGTCTCTTAT	NIH	SRR11008270	270_ACATCAGGTCTCTTAT	TRUE
NIH_CQ_ACATCAGTCTACGAGT	NIH_CQ	ACATCAGTCTACGAGT	NIH	SRR11008270	270_ACATCAGTCTACGAGT	TRUE
NIH_CQ_ACATGGTCATTGAGCT	NIH_CQ	ACATGGTCATTGAGCT	NIH	SRR11008270	270_ACATGGTCATTGAGCT	TRUE
NIH_CQ_ACCCACTGTTACGTCA	NIH_CQ	ACCCACTGTTACGTCA	NIH	SRR11008270	270_ACCCACTGTTACGTCA	TRUE
NIH_CQ_ACCTTTAAGGCCCTTG	NIH_CQ	ACCTTTAAGGCCCTTG	NIH	SRR11008270	270_ACCTTTAAGGCCCTTG	TRUE
NIH_CQ_ACCTTTATCCAATGGT	NIH_CQ	ACCTTTATCCAATGGT	NIH	SRR11008270	270_ACCTTTATCCAATGGT	TRUE
NIH_CQ_ACGAGGAGTACCGGCT	NIH_CQ	ACGAGGAGTACCGGCT	NIH	SRR11008270	270_ACGAGGAGTACCGGCT	TRUE
NIH_CQ_ACGATACAGAGGGATA	NIH_CQ	ACGATACAGAGGGATA	NIH	SRR11008270	270_ACGATACAGAGGGATA	TRUE
NIH_CQ_ACGATACCATTCTCAT	NIH_CQ	ACGATACCATTCTCAT	NIH	SRR11008270	270_ACGATACCATTCTCAT	TRUE
NIH_CQ_ACGCCGAGTATGCTTG	NIH_CQ	ACGCCGAGTATGCTTG	NIH	SRR11008270	270_ACGCCGAGTATGCTTG	TRUE
NIH_CQ_ACGGAGAAGTGCCATT	NIH_CQ	ACGGAGAAGTGCCATT	NIH	SRR11008270	270_ACGGAGAAGTGCCATT	TRUE
NIH_CQ_ACGGGCTCACCCAGTG	NIH_CQ	ACGGGCTCACCCAGTG	NIH	SRR11008270	270_ACGGGCTCACCCAGTG	TRUE
NIH_CQ_ACGGGTCAGCCACTAT	NIH_CQ	ACGGGTCAGCCACTAT	NIH	SRR11008270	270_ACGGGTCAGCCACTAT	TRUE
NIH_CQ_ACGGGTCCAAGGGTCA	NIH_CQ	ACGGGTCCAAGGGTCA	NIH	SRR11008270	270_ACGGGTCCAAGGGTCA	TRUE
NIH_CQ_ACGGGTCGTGTATGGG	NIH_CQ	ACGGGTCGTGTATGGG	NIH	SRR11008270	270_ACGGGTCGTGTATGGG	TRUE
NIH_CQ_ACGTCAAGTGATAAAC	NIH_CQ	ACGTCAAGTGATAAAC	NIH	SRR11008270	270_ACGTCAAGTGATAAAC	TRUE
NIH_CQ_ACTGAGTTCGTGACAT	NIH_CQ	ACTGAGTTCGTGACAT	NIH	SRR11008270	270_ACTGAGTTCGTGACAT	TRUE
NIH_CQ_ACTGATGAGAAAGTGG	NIH_CQ	ACTGATGAGAAAGTGG	NIH	SRR11008270	270_ACTGATGAGAAAGTGG	TRUE
NIH_CQ_ACTGATGCAAACTGTC	NIH_CQ	ACTGATGCAAACTGTC	NIH	SRR11008270	270_ACTGATGCAAACTGTC	TRUE
NIH_CQ_ACTGATGGTACCATCA	NIH_CQ	ACTGATGGTACCATCA	NIH	SRR11008270	270_ACTGATGGTACCATCA	TRUE
NIH_CQ_ACTGATGGTAGGCTGA	NIH_CQ	ACTGATGGTAGGCTGA	NIH	SRR11008270	270_ACTGATGGTAGGCTGA	TRUE
NIH_CQ_ACTGCTCTCCCTAATT	NIH_CQ	ACTGCTCTCCCTAATT	NIH	SRR11008270	270_ACTGCTCTCCCTAATT	TRUE
NIH_CQ_ACTTACTCAAACAACA	NIH_CQ	ACTTACTCAAACAACA	NIH	SRR11008270	270_ACTTACTCAAACAACA	TRUE
NIH_CQ_ACTTACTGTGCTCTTC	NIH_CQ	ACTTACTGTGCTCTTC	NIH	SRR11008270	270_ACTTACTGTGCTCTTC	TRUE
NIH_CQ_ACTTGTTCAACGCACC	NIH_CQ	ACTTGTTCAACGCACC	NIH	SRR11008270	270_ACTTGTTCAACGCACC	TRUE
NIH_CQ_ACTTTCATCAGCGATT	NIH_CQ	ACTTTCATCAGCGATT	NIH	SRR11008270	270_ACTTTCATCAGCGATT	TRUE
NIH_CQ_AGAGCTTGTATGCTTG	NIH_CQ	AGAGCTTGTATGCTTG	NIH	SRR11008270	270_AGAGCTTGTATGCTTG	TRUE
NIH_CQ_AGAGTGGAGCGATAGC	NIH_CQ	AGAGTGGAGCGATAGC	NIH	SRR11008270	270_AGAGTGGAGCGATAGC	TRUE
NIH_CQ_AGCAGCCAGGGCTCTC	NIH_CQ	AGCAGCCAGGGCTCTC	NIH	SRR11008270	270_AGCAGCCAGGGCTCTC	TRUE
NIH_CQ_AGCAGCCTCAACACGT	NIH_CQ	AGCAGCCTCAACACGT	NIH	SRR11008270	270_AGCAGCCTCAACACGT	TRUE
NIH_CQ_AGCCTAATCCGCAGTG	NIH_CQ	AGCCTAATCCGCAGTG	NIH	SRR11008270	270_AGCCTAATCCGCAGTG	TRUE
NIH_CQ_AGCTCTCTCGCAAGCC	NIH_CQ	AGCTCTCTCGCAAGCC	NIH	SRR11008270	270_AGCTCTCTCGCAAGCC	TRUE
NIH_CQ_AGCTTGAGTATGGTTC	NIH_CQ	AGCTTGAGTATGGTTC	NIH	SRR11008270	270_AGCTTGAGTATGGTTC	TRUE
NIH_CQ_AGCTTGATCGCATGAT	NIH_CQ	AGCTTGATCGCATGAT	NIH	SRR11008270	270_AGCTTGATCGCATGAT	TRUE
NIH_CQ_AGGCCGTCAAGTAATG	NIH_CQ	AGGCCGTCAAGTAATG	NIH	SRR11008270	270_AGGCCGTCAAGTAATG	TRUE
NIH_CQ_AGGCCGTCAGTGAGTG	NIH_CQ	AGGCCGTCAGTGAGTG	NIH	SRR11008270	270_AGGCCGTCAGTGAGTG	TRUE
NIH_CQ_AGGCCGTGTATAGTAG	NIH_CQ	AGGCCGTGTATAGTAG	NIH	SRR11008270	270_AGGCCGTGTATAGTAG	TRUE
NIH_CQ_AGGGATGAGTGTACGG	NIH_CQ	AGGGATGAGTGTACGG	NIH	SRR11008270	270_AGGGATGAGTGTACGG	TRUE
NIH_CQ_AGGGTGATCAACACGT	NIH_CQ	AGGGTGATCAACACGT	NIH	SRR11008270	270_AGGGTGATCAACACGT	TRUE
NIH_CQ_AGGTCCGAGTTCGATC	NIH_CQ	AGGTCCGAGTTCGATC	NIH	SRR11008270	270_AGGTCCGAGTTCGATC	TRUE
NIH_CQ_AGGTCCGCAAGGACAC	NIH_CQ	AGGTCCGCAAGGACAC	NIH	SRR11008270	270_AGGTCCGCAAGGACAC	TRUE
NIH_CQ_AGGTCCGGTGTTGGGA	NIH_CQ	AGGTCCGGTGTTGGGA	NIH	SRR11008270	270_AGGTCCGGTGTTGGGA	TRUE
NIH_CQ_AGGTCCGTCATCGCTC	NIH_CQ	AGGTCCGTCATCGCTC	NIH	SRR11008270	270_AGGTCCGTCATCGCTC	TRUE
NIH_CQ_AGGTCCGTCCCATTTA	NIH_CQ	AGGTCCGTCCCATTTA	NIH	SRR11008270	270_AGGTCCGTCCCATTTA	TRUE
NIH_CQ_AGTAGTCAGTCCATAC	NIH_CQ	AGTAGTCAGTCCATAC	NIH	SRR11008270	270_AGTAGTCAGTCCATAC	TRUE
NIH_CQ_AGTAGTCCATACGCTA	NIH_CQ	AGTAGTCCATACGCTA	NIH	SRR11008270	270_AGTAGTCCATACGCTA	TRUE
NIH_CQ_AGTAGTCGTACTCGCG	NIH_CQ	AGTAGTCGTACTCGCG	NIH	SRR11008270	270_AGTAGTCGTACTCGCG	TRUE
NIH_CQ_AGTAGTCTCGTACCGG	NIH_CQ	AGTAGTCTCGTACCGG	NIH	SRR11008270	270_AGTAGTCTCGTACCGG	TRUE
NIH_CQ_AGTCTTTTCCTTCAAT	NIH_CQ	AGTCTTTTCCTTCAAT	NIH	SRR11008270	270_AGTCTTTTCCTTCAAT	TRUE
NIH_CQ_AGTGAGGGTAGCCTCG	NIH_CQ	AGTGAGGGTAGCCTCG	NIH	SRR11008270	270_AGTGAGGGTAGCCTCG	TRUE
NIH_CQ_AGTGTCAAGCCGCCTA	NIH_CQ	AGTGTCAAGCCGCCTA	NIH	SRR11008270	270_AGTGTCAAGCCGCCTA	TRUE
NIH_CQ_AGTGTCAGTTCCACAA	NIH_CQ	AGTGTCAGTTCCACAA	NIH	SRR11008270	270_AGTGTCAGTTCCACAA	TRUE
NIH_CQ_AGTTGGTTCTGACCTC	NIH_CQ	AGTTGGTTCTGACCTC	NIH	SRR11008270	270_AGTTGGTTCTGACCTC	TRUE
NIH_CQ_ATAACGCAGACCGGAT	NIH_CQ	ATAACGCAGACCGGAT	NIH	SRR11008270	270_ATAACGCAGACCGGAT	TRUE
NIH_CQ_ATAGACCAGTTTAGGA	NIH_CQ	ATAGACCAGTTTAGGA	NIH	SRR11008270	270_ATAGACCAGTTTAGGA	TRUE
NIH_CQ_ATCACGACAAGTACCT	NIH_CQ	ATCACGACAAGTACCT	NIH	SRR11008270	270_ATCACGACAAGTACCT	TRUE
NIH_CQ_ATCACGAGTGTTAAGA	NIH_CQ	ATCACGAGTGTTAAGA	NIH	SRR11008270	270_ATCACGAGTGTTAAGA	TRUE
NIH_CQ_ATCATCTAGGTGTGGT	NIH_CQ	ATCATCTAGGTGTGGT	NIH	SRR11008270	270_ATCATCTAGGTGTGGT	TRUE
NIH_CQ_ATCATGGAGCTGGAAC	NIH_CQ	ATCATGGAGCTGGAAC	NIH	SRR11008270	270_ATCATGGAGCTGGAAC	TRUE
NIH_CQ_ATCATGGCAAGCCGTC	NIH_CQ	ATCATGGCAAGCCGTC	NIH	SRR11008270	270_ATCATGGCAAGCCGTC	TRUE
NIH_CQ_ATCCACCGTACCGTTA	NIH_CQ	ATCCACCGTACCGTTA	NIH	SRR11008270	270_ATCCACCGTACCGTTA	TRUE
NIH_CQ_ATCCACCGTAGGGACT	NIH_CQ	ATCCACCGTAGGGACT	NIH	SRR11008270	270_ATCCACCGTAGGGACT	TRUE
NIH_CQ_ATCGAGTGTGCGAAAC	NIH_CQ	ATCGAGTGTGCGAAAC	NIH	SRR11008270	270_ATCGAGTGTGCGAAAC	TRUE
NIH_CQ_ATCGAGTTCTGTCTCG	NIH_CQ	ATCGAGTTCTGTCTCG	NIH	SRR11008270	270_ATCGAGTTCTGTCTCG	TRUE
NIH_CQ_ATCTACTTCACATAGC	NIH_CQ	ATCTACTTCACATAGC	NIH	SRR11008270	270_ATCTACTTCACATAGC	TRUE
NIH_CQ_ATCTACTTCCATTCTA	NIH_CQ	ATCTACTTCCATTCTA	NIH	SRR11008270	270_ATCTACTTCCATTCTA	TRUE
NIH_CQ_ATCTGCCAGAGTAATC	NIH_CQ	ATCTGCCAGAGTAATC	NIH	SRR11008270	270_ATCTGCCAGAGTAATC	TRUE
NIH_CQ_ATCTGCCTCTGATACG	NIH_CQ	ATCTGCCTCTGATACG	NIH	SRR11008270	270_ATCTGCCTCTGATACG	TRUE
NIH_CQ_ATGCGATGTACCATCA	NIH_CQ	ATGCGATGTACCATCA	NIH	SRR11008270	270_ATGCGATGTACCATCA	TRUE
NIH_CQ_ATGCGATGTGTGACGA	NIH_CQ	ATGCGATGTGTGACGA	NIH	SRR11008270	270_ATGCGATGTGTGACGA	TRUE
NIH_CQ_ATGTGTGGTTCGGCAC	NIH_CQ	ATGTGTGGTTCGGCAC	NIH	SRR11008270	270_ATGTGTGGTTCGGCAC	TRUE
NIH_CQ_ATTACTCCAAACCTAC	NIH_CQ	ATTACTCCAAACCTAC	NIH	SRR11008270	270_ATTACTCCAAACCTAC	TRUE
NIH_CQ_ATTACTCCACTTAAGC	NIH_CQ	ATTACTCCACTTAAGC	NIH	SRR11008270	270_ATTACTCCACTTAAGC	TRUE
NIH_CQ_ATTACTCTCAACCAAC	NIH_CQ	ATTACTCTCAACCAAC	NIH	SRR11008270	270_ATTACTCTCAACCAAC	TRUE
NIH_CQ_ATTACTCTCTTGAGGT	NIH_CQ	ATTACTCTCTTGAGGT	NIH	SRR11008270	270_ATTACTCTCTTGAGGT	TRUE
NIH_CQ_ATTCTACTCGTAGGTT	NIH_CQ	ATTCTACTCGTAGGTT	NIH	SRR11008270	270_ATTCTACTCGTAGGTT	TRUE
NIH_CQ_ATTGGACGTCGGATCC	NIH_CQ	ATTGGACGTCGGATCC	NIH	SRR11008270	270_ATTGGACGTCGGATCC	TRUE
NIH_CQ_ATTGGACTCTGTGCAA	NIH_CQ	ATTGGACTCTGTGCAA	NIH	SRR11008270	270_ATTGGACTCTGTGCAA	TRUE
NIH_CQ_ATTGGTGGTTGTGGCC	NIH_CQ	ATTGGTGGTTGTGGCC	NIH	SRR11008270	270_ATTGGTGGTTGTGGCC	TRUE
NIH_CQ_ATTTCTGAGGACGAAA	NIH_CQ	ATTTCTGAGGACGAAA	NIH	SRR11008270	270_ATTTCTGAGGACGAAA	TRUE
NIH_CQ_ATTTCTGTCCTACAGA	NIH_CQ	ATTTCTGTCCTACAGA	NIH	SRR11008270	270_ATTTCTGTCCTACAGA	TRUE
NIH_CQ_CAACCAAGTATAATGG	NIH_CQ	CAACCAAGTATAATGG	NIH	SRR11008270	270_CAACCAAGTATAATGG	TRUE
NIH_CQ_CAACCAATCGGCGGTT	NIH_CQ	CAACCAATCGGCGGTT	NIH	SRR11008270	270_CAACCAATCGGCGGTT	TRUE
NIH_CQ_CAACCTCTCAACGGGA	NIH_CQ	CAACCTCTCAACGGGA	NIH	SRR11008270	270_CAACCTCTCAACGGGA	TRUE
NIH_CQ_CAAGGCCCAAACGCGA	NIH_CQ	CAAGGCCCAAACGCGA	NIH	SRR11008270	270_CAAGGCCCAAACGCGA	TRUE
NIH_CQ_CAAGGCCTCACAGGCC	NIH_CQ	CAAGGCCTCACAGGCC	NIH	SRR11008270	270_CAAGGCCTCACAGGCC	TRUE
NIH_CQ_CACAAACTCTATCCCG	NIH_CQ	CACAAACTCTATCCCG	NIH	SRR11008270	270_CACAAACTCTATCCCG	TRUE
NIH_CQ_CACACCTTCAAACCGT	NIH_CQ	CACACCTTCAAACCGT	NIH	SRR11008270	270_CACACCTTCAAACCGT	TRUE
NIH_CQ_CACAGGCAGCAGATCG	NIH_CQ	CACAGGCAGCAGATCG	NIH	SRR11008270	270_CACAGGCAGCAGATCG	TRUE
NIH_CQ_CACAGGCTCAGCAACT	NIH_CQ	CACAGGCTCAGCAACT	NIH	SRR11008270	270_CACAGGCTCAGCAACT	TRUE
NIH_CQ_CACAGGCTCCATGCTC	NIH_CQ	CACAGGCTCCATGCTC	NIH	SRR11008270	270_CACAGGCTCCATGCTC	TRUE
NIH_CQ_CACAGTATCGCTGATA	NIH_CQ	CACAGTATCGCTGATA	NIH	SRR11008270	270_CACAGTATCGCTGATA	TRUE
NIH_CQ_CACATAGAGCTCCTCT	NIH_CQ	CACATAGAGCTCCTCT	NIH	SRR11008270	270_CACATAGAGCTCCTCT	TRUE
NIH_CQ_CACATAGGTCGCTTCT	NIH_CQ	CACATAGGTCGCTTCT	NIH	SRR11008270	270_CACATAGGTCGCTTCT	TRUE
NIH_CQ_CACATAGGTCTTGTCC	NIH_CQ	CACATAGGTCTTGTCC	NIH	SRR11008270	270_CACATAGGTCTTGTCC	TRUE
NIH_CQ_CACATAGGTTCTGAAC	NIH_CQ	CACATAGGTTCTGAAC	NIH	SRR11008270	270_CACATAGGTTCTGAAC	TRUE
NIH_CQ_CACATAGTCAGGCAAG	NIH_CQ	CACATAGTCAGGCAAG	NIH	SRR11008270	270_CACATAGTCAGGCAAG	TRUE
NIH_CQ_CACATTTGTCTTGCGG	NIH_CQ	CACATTTGTCTTGCGG	NIH	SRR11008270	270_CACATTTGTCTTGCGG	TRUE
NIH_CQ_CACATTTTCTGTTGAG	NIH_CQ	CACATTTTCTGTTGAG	NIH	SRR11008270	270_CACATTTTCTGTTGAG	TRUE
NIH_CQ_CACCAGGCACCATCCT	NIH_CQ	CACCAGGCACCATCCT	NIH	SRR11008270	270_CACCAGGCACCATCCT	TRUE
NIH_CQ_CACCAGGCAGCGTTCG	NIH_CQ	CACCAGGCAGCGTTCG	NIH	SRR11008270	270_CACCAGGCAGCGTTCG	TRUE
NIH_CQ_CACCTTGGTGGCCCTA	NIH_CQ	CACCTTGGTGGCCCTA	NIH	SRR11008270	270_CACCTTGGTGGCCCTA	TRUE
NIH_CQ_CAGAATCAGGCCCTTG	NIH_CQ	CAGAATCAGGCCCTTG	NIH	SRR11008270	270_CAGAATCAGGCCCTTG	TRUE
NIH_CQ_CAGAATCTCTACTTAC	NIH_CQ	CAGAATCTCTACTTAC	NIH	SRR11008270	270_CAGAATCTCTACTTAC	TRUE
NIH_CQ_CAGAATCTCTTTAGGG	NIH_CQ	CAGAATCTCTTTAGGG	NIH	SRR11008270	270_CAGAATCTCTTTAGGG	TRUE
NIH_CQ_CAGAGAGAGAGTCTGG	NIH_CQ	CAGAGAGAGAGTCTGG	NIH	SRR11008270	270_CAGAGAGAGAGTCTGG	TRUE
NIH_CQ_CAGATCAAGAACTCGG	NIH_CQ	CAGATCAAGAACTCGG	NIH	SRR11008270	270_CAGATCAAGAACTCGG	TRUE
NIH_CQ_CAGATCACAAGGCTCC	NIH_CQ	CAGATCACAAGGCTCC	NIH	SRR11008270	270_CAGATCACAAGGCTCC	TRUE
NIH_CQ_CAGATCATCTCGAGTA	NIH_CQ	CAGATCATCTCGAGTA	NIH	SRR11008270	270_CAGATCATCTCGAGTA	TRUE
NIH_CQ_CAGCAGCCACAGATTC	NIH_CQ	CAGCAGCCACAGATTC	NIH	SRR11008270	270_CAGCAGCCACAGATTC	TRUE
NIH_CQ_CAGCAGCGTATTAGCC	NIH_CQ	CAGCAGCGTATTAGCC	NIH	SRR11008270	270_CAGCAGCGTATTAGCC	TRUE
NIH_CQ_CAGCATAAGAATTCCC	NIH_CQ	CAGCATAAGAATTCCC	NIH	SRR11008270	270_CAGCATAAGAATTCCC	TRUE
NIH_CQ_CAGCATAAGCACCGTC	NIH_CQ	CAGCATAAGCACCGTC	NIH	SRR11008270	270_CAGCATAAGCACCGTC	TRUE
NIH_CQ_CAGCGACTCGCCGTGA	NIH_CQ	CAGCGACTCGCCGTGA	NIH	SRR11008270	270_CAGCGACTCGCCGTGA	TRUE
NIH_CQ_CAGCTAATCCATGAGT	NIH_CQ	CAGCTAATCCATGAGT	NIH	SRR11008270	270_CAGCTAATCCATGAGT	TRUE
NIH_CQ_CAGGTGCCACGAAACG	NIH_CQ	CAGGTGCCACGAAACG	NIH	SRR11008270	270_CAGGTGCCACGAAACG	TRUE
NIH_CQ_CAGTAACGTCAGAATA	NIH_CQ	CAGTAACGTCAGAATA	NIH	SRR11008270	270_CAGTAACGTCAGAATA	TRUE
NIH_CQ_CAGTAACGTTGCCTCT	NIH_CQ	CAGTAACGTTGCCTCT	NIH	SRR11008270	270_CAGTAACGTTGCCTCT	TRUE
NIH_CQ_CAGTCCTTCAACACGT	NIH_CQ	CAGTCCTTCAACACGT	NIH	SRR11008270	270_CAGTCCTTCAACACGT	TRUE
NIH_CQ_CATCAAGCAGTCAGCC	NIH_CQ	CATCAAGCAGTCAGCC	NIH	SRR11008270	270_CATCAAGCAGTCAGCC	TRUE
NIH_CQ_CATGACAAGGAGCGAG	NIH_CQ	CATGACAAGGAGCGAG	NIH	SRR11008270	270_CATGACAAGGAGCGAG	TRUE
NIH_CQ_CATGCCTTCCTTTACA	NIH_CQ	CATGCCTTCCTTTACA	NIH	SRR11008270	270_CATGCCTTCCTTTACA	TRUE
NIH_CQ_CATGGCGAGCGTTTAC	NIH_CQ	CATGGCGAGCGTTTAC	NIH	SRR11008270	270_CATGGCGAGCGTTTAC	TRUE
NIH_CQ_CATGGCGCAGACGCAA	NIH_CQ	CATGGCGCAGACGCAA	NIH	SRR11008270	270_CATGGCGCAGACGCAA	TRUE
NIH_CQ_CATGGCGCAGGGATTG	NIH_CQ	CATGGCGCAGGGATTG	NIH	SRR11008270	270_CATGGCGCAGGGATTG	TRUE
NIH_CQ_CATGGCGGTCTGATTG	NIH_CQ	CATGGCGGTCTGATTG	NIH	SRR11008270	270_CATGGCGGTCTGATTG	TRUE
NIH_CQ_CATTATCCACTTGGAT	NIH_CQ	CATTATCCACTTGGAT	NIH	SRR11008270	270_CATTATCCACTTGGAT	TRUE
NIH_CQ_CATTCGCAGATGTAAC	NIH_CQ	CATTCGCAGATGTAAC	NIH	SRR11008270	270_CATTCGCAGATGTAAC	TRUE
NIH_CQ_CATTCGCGTTTCGCTC	NIH_CQ	CATTCGCGTTTCGCTC	NIH	SRR11008270	270_CATTCGCGTTTCGCTC	TRUE
NIH_CQ_CCAATCCAGATAGGAG	NIH_CQ	CCAATCCAGATAGGAG	NIH	SRR11008270	270_CCAATCCAGATAGGAG	TRUE
NIH_CQ_CCAATCCAGTCTCAAC	NIH_CQ	CCAATCCAGTCTCAAC	NIH	SRR11008270	270_CCAATCCAGTCTCAAC	TRUE
NIH_CQ_CCAATCCTCTACTTAC	NIH_CQ	CCAATCCTCTACTTAC	NIH	SRR11008270	270_CCAATCCTCTACTTAC	TRUE
NIH_CQ_CCACCTAAGAAGGTGA	NIH_CQ	CCACCTAAGAAGGTGA	NIH	SRR11008270	270_CCACCTAAGAAGGTGA	TRUE
NIH_CQ_CCACCTAAGTGTACCT	NIH_CQ	CCACCTAAGTGTACCT	NIH	SRR11008270	270_CCACCTAAGTGTACCT	TRUE
NIH_CQ_CCACCTATCTCTAAGG	NIH_CQ	CCACCTATCTCTAAGG	NIH	SRR11008270	270_CCACCTATCTCTAAGG	TRUE
NIH_CQ_CCCAATCCACGGATAG	NIH_CQ	CCCAATCCACGGATAG	NIH	SRR11008270	270_CCCAATCCACGGATAG	TRUE
NIH_CQ_CCCAATCTCACTGGGC	NIH_CQ	CCCAATCTCACTGGGC	NIH	SRR11008270	270_CCCAATCTCACTGGGC	TRUE
NIH_CQ_CCCAATCTCTACCTGC	NIH_CQ	CCCAATCTCTACCTGC	NIH	SRR11008270	270_CCCAATCTCTACCTGC	TRUE
NIH_CQ_CCCAGTTTCGGAGGTA	NIH_CQ	CCCAGTTTCGGAGGTA	NIH	SRR11008270	270_CCCAGTTTCGGAGGTA	TRUE
NIH_CQ_CCCATACAGAGGTAGA	NIH_CQ	CCCATACAGAGGTAGA	NIH	SRR11008270	270_CCCATACAGAGGTAGA	TRUE
NIH_CQ_CCCATACCACTGCCAG	NIH_CQ	CCCATACCACTGCCAG	NIH	SRR11008270	270_CCCATACCACTGCCAG	TRUE
NIH_CQ_CCCATACGTCTAACGT	NIH_CQ	CCCATACGTCTAACGT	NIH	SRR11008270	270_CCCATACGTCTAACGT	TRUE
NIH_CQ_CCCTCCTCAATCTGCA	NIH_CQ	CCCTCCTCAATCTGCA	NIH	SRR11008270	270_CCCTCCTCAATCTGCA	TRUE
NIH_CQ_CCGGGATCAGCGATCC	NIH_CQ	CCGGGATCAGCGATCC	NIH	SRR11008270	270_CCGGGATCAGCGATCC	TRUE
NIH_CQ_CCGGTAGGTGTCAATC	NIH_CQ	CCGGTAGGTGTCAATC	NIH	SRR11008270	270_CCGGTAGGTGTCAATC	TRUE
NIH_CQ_CCGTGGATCAACGCTA	NIH_CQ	CCGTGGATCAACGCTA	NIH	SRR11008270	270_CCGTGGATCAACGCTA	TRUE
NIH_CQ_CCGTGGATCGCCGTGA	NIH_CQ	CCGTGGATCGCCGTGA	NIH	SRR11008270	270_CCGTGGATCGCCGTGA	TRUE
NIH_CQ_CCTAAAGTCCGAGCCA	NIH_CQ	CCTAAAGTCCGAGCCA	NIH	SRR11008270	270_CCTAAAGTCCGAGCCA	TRUE
NIH_CQ_CCTACACGTTTCGCTC	NIH_CQ	CCTACACGTTTCGCTC	NIH	SRR11008270	270_CCTACACGTTTCGCTC	TRUE
NIH_CQ_CCTCAGTGTGTGCCTG	NIH_CQ	CCTCAGTGTGTGCCTG	NIH	SRR11008270	270_CCTCAGTGTGTGCCTG	TRUE
NIH_CQ_CCTCAGTTCACAAACC	NIH_CQ	CCTCAGTTCACAAACC	NIH	SRR11008270	270_CCTCAGTTCACAAACC	TRUE
NIH_CQ_CCTTACGAGCCAGGAT	NIH_CQ	CCTTACGAGCCAGGAT	NIH	SRR11008270	270_CCTTACGAGCCAGGAT	TRUE
NIH_CQ_CCTTACGTCAACACAC	NIH_CQ	CCTTACGTCAACACAC	NIH	SRR11008270	270_CCTTACGTCAACACAC	TRUE
NIH_CQ_CCTTACGTCATCGCTC	NIH_CQ	CCTTACGTCATCGCTC	NIH	SRR11008270	270_CCTTACGTCATCGCTC	TRUE
NIH_CQ_CCTTCCCTCTGTCTAT	NIH_CQ	CCTTCCCTCTGTCTAT	NIH	SRR11008270	270_CCTTCCCTCTGTCTAT	TRUE
NIH_CQ_CCTTCGATCGTTTATC	NIH_CQ	CCTTCGATCGTTTATC	NIH	SRR11008270	270_CCTTCGATCGTTTATC	TRUE
NIH_CQ_CCTTTCTAGACCTAGG	NIH_CQ	CCTTTCTAGACCTAGG	NIH	SRR11008270	270_CCTTTCTAGACCTAGG	TRUE
NIH_CQ_CCTTTCTGTACAGCAG	NIH_CQ	CCTTTCTGTACAGCAG	NIH	SRR11008270	270_CCTTTCTGTACAGCAG	TRUE
NIH_CQ_CGACCTTAGGTCATCT	NIH_CQ	CGACCTTAGGTCATCT	NIH	SRR11008270	270_CGACCTTAGGTCATCT	TRUE
NIH_CQ_CGACCTTCACAAGTAA	NIH_CQ	CGACCTTCACAAGTAA	NIH	SRR11008270	270_CGACCTTCACAAGTAA	TRUE
NIH_CQ_CGACTTCAGTGATCGG	NIH_CQ	CGACTTCAGTGATCGG	NIH	SRR11008270	270_CGACTTCAGTGATCGG	TRUE
NIH_CQ_CGACTTCGTGGCCCTA	NIH_CQ	CGACTTCGTGGCCCTA	NIH	SRR11008270	270_CGACTTCGTGGCCCTA	TRUE
NIH_CQ_CGAGAAGTCGTCCAGG	NIH_CQ	CGAGAAGTCGTCCAGG	NIH	SRR11008270	270_CGAGAAGTCGTCCAGG	TRUE
NIH_CQ_CGATCGGGTCAGCTAT	NIH_CQ	CGATCGGGTCAGCTAT	NIH	SRR11008270	270_CGATCGGGTCAGCTAT	TRUE
NIH_CQ_CGATGTACATCACAAC	NIH_CQ	CGATGTACATCACAAC	NIH	SRR11008270	270_CGATGTACATCACAAC	TRUE
NIH_CQ_CGATGTATCCTGCAGG	NIH_CQ	CGATGTATCCTGCAGG	NIH	SRR11008270	270_CGATGTATCCTGCAGG	TRUE
NIH_CQ_CGATTGAAGAGCTGGT	NIH_CQ	CGATTGAAGAGCTGGT	NIH	SRR11008270	270_CGATTGAAGAGCTGGT	TRUE
NIH_CQ_CGATTGATCTCGGACG	NIH_CQ	CGATTGATCTCGGACG	NIH	SRR11008270	270_CGATTGATCTCGGACG	TRUE
NIH_CQ_CGCCAAGCAGCCTGTG	NIH_CQ	CGCCAAGCAGCCTGTG	NIH	SRR11008270	270_CGCCAAGCAGCCTGTG	TRUE
NIH_CQ_CGCGGTAAGGCATGTG	NIH_CQ	CGCGGTAAGGCATGTG	NIH	SRR11008270	270_CGCGGTAAGGCATGTG	TRUE
NIH_CQ_CGCGTTTCATCTATGG	NIH_CQ	CGCGTTTCATCTATGG	NIH	SRR11008270	270_CGCGTTTCATCTATGG	TRUE
NIH_CQ_CGCTTCATCTTCGGTC	NIH_CQ	CGCTTCATCTTCGGTC	NIH	SRR11008270	270_CGCTTCATCTTCGGTC	TRUE
NIH_CQ_CGGACACTCATGTGGT	NIH_CQ	CGGACACTCATGTGGT	NIH	SRR11008270	270_CGGACACTCATGTGGT	TRUE
NIH_CQ_CGGACACTCTCGTTTA	NIH_CQ	CGGACACTCTCGTTTA	NIH	SRR11008270	270_CGGACACTCTCGTTTA	TRUE
NIH_CQ_CGGACGTAGGAGTTTA	NIH_CQ	CGGACGTAGGAGTTTA	NIH	SRR11008270	270_CGGACGTAGGAGTTTA	TRUE
NIH_CQ_CGGACTGAGGTTCCTA	NIH_CQ	CGGACTGAGGTTCCTA	NIH	SRR11008270	270_CGGACTGAGGTTCCTA	TRUE
NIH_CQ_CGGACTGAGTCATGCT	NIH_CQ	CGGACTGAGTCATGCT	NIH	SRR11008270	270_CGGACTGAGTCATGCT	TRUE
NIH_CQ_CGGACTGCATTCTCAT	NIH_CQ	CGGACTGCATTCTCAT	NIH	SRR11008270	270_CGGACTGCATTCTCAT	TRUE
NIH_CQ_CGGAGCTGTCAGTGGA	NIH_CQ	CGGAGCTGTCAGTGGA	NIH	SRR11008270	270_CGGAGCTGTCAGTGGA	TRUE
NIH_CQ_CGGAGCTGTCATATCG	NIH_CQ	CGGAGCTGTCATATCG	NIH	SRR11008270	270_CGGAGCTGTCATATCG	TRUE
NIH_CQ_CGGAGCTTCAGCATGT	NIH_CQ	CGGAGCTTCAGCATGT	NIH	SRR11008270	270_CGGAGCTTCAGCATGT	TRUE
NIH_CQ_CGGAGTCCAGCTGCTG	NIH_CQ	CGGAGTCCAGCTGCTG	NIH	SRR11008270	270_CGGAGTCCAGCTGCTG	TRUE
NIH_CQ_CGGCTAGAGTAGCCGA	NIH_CQ	CGGCTAGAGTAGCCGA	NIH	SRR11008270	270_CGGCTAGAGTAGCCGA	TRUE
NIH_CQ_CGGCTAGCACATGGGA	NIH_CQ	CGGCTAGCACATGGGA	NIH	SRR11008270	270_CGGCTAGCACATGGGA	TRUE
NIH_CQ_CGGCTAGTCACGACTA	NIH_CQ	CGGCTAGTCACGACTA	NIH	SRR11008270	270_CGGCTAGTCACGACTA	TRUE
NIH_CQ_CGGTTAAGTCACTTCC	NIH_CQ	CGGTTAAGTCACTTCC	NIH	SRR11008270	270_CGGTTAAGTCACTTCC	TRUE
NIH_CQ_CGTAGGCGTCTTCGTC	NIH_CQ	CGTAGGCGTCTTCGTC	NIH	SRR11008270	270_CGTAGGCGTCTTCGTC	TRUE
NIH_CQ_CGTCAGGTCCATGAAC	NIH_CQ	CGTCAGGTCCATGAAC	NIH	SRR11008270	270_CGTCAGGTCCATGAAC	TRUE
NIH_CQ_CGTCCATCAAGCCATT	NIH_CQ	CGTCCATCAAGCCATT	NIH	SRR11008270	270_CGTCCATCAAGCCATT	TRUE
NIH_CQ_CGTCTACAGCGCCTCA	NIH_CQ	CGTCTACAGCGCCTCA	NIH	SRR11008270	270_CGTCTACAGCGCCTCA	TRUE
NIH_CQ_CGTGAGCGTAATCGTC	NIH_CQ	CGTGAGCGTAATCGTC	NIH	SRR11008270	270_CGTGAGCGTAATCGTC	TRUE
NIH_CQ_CGTGAGCGTTAAGTAG	NIH_CQ	CGTGAGCGTTAAGTAG	NIH	SRR11008270	270_CGTGAGCGTTAAGTAG	TRUE
NIH_CQ_CGTGAGCGTTACTGAC	NIH_CQ	CGTGAGCGTTACTGAC	NIH	SRR11008270	270_CGTGAGCGTTACTGAC	TRUE
NIH_CQ_CGTGAGCTCATGTCCC	NIH_CQ	CGTGAGCTCATGTCCC	NIH	SRR11008270	270_CGTGAGCTCATGTCCC	TRUE
NIH_CQ_CGTGTAACAAACTGTC	NIH_CQ	CGTGTAACAAACTGTC	NIH	SRR11008270	270_CGTGTAACAAACTGTC	TRUE
NIH_CQ_CGTGTAAGTCCGTCAG	NIH_CQ	CGTGTAAGTCCGTCAG	NIH	SRR11008270	270_CGTGTAAGTCCGTCAG	TRUE
NIH_CQ_CGTGTAATCTGTTGAG	NIH_CQ	CGTGTAATCTGTTGAG	NIH	SRR11008270	270_CGTGTAATCTGTTGAG	TRUE
NIH_CQ_CGTGTCTAGGAACTGC	NIH_CQ	CGTGTCTAGGAACTGC	NIH	SRR11008270	270_CGTGTCTAGGAACTGC	TRUE
NIH_CQ_CGTGTCTTCACGCATA	NIH_CQ	CGTGTCTTCACGCATA	NIH	SRR11008270	270_CGTGTCTTCACGCATA	TRUE
NIH_CQ_CGTGTCTTCGTCCGTT	NIH_CQ	CGTGTCTTCGTCCGTT	NIH	SRR11008270	270_CGTGTCTTCGTCCGTT	TRUE
NIH_CQ_CGTTAGACAGTCGTGC	NIH_CQ	CGTTAGACAGTCGTGC	NIH	SRR11008270	270_CGTTAGACAGTCGTGC	TRUE
NIH_CQ_CGTTGGGCACCAGCAC	NIH_CQ	CGTTGGGCACCAGCAC	NIH	SRR11008270	270_CGTTGGGCACCAGCAC	TRUE
NIH_CQ_CGTTGGGTCGTGGACC	NIH_CQ	CGTTGGGTCGTGGACC	NIH	SRR11008270	270_CGTTGGGTCGTGGACC	TRUE
NIH_CQ_CTAACTTCATCACGAT	NIH_CQ	CTAACTTCATCACGAT	NIH	SRR11008270	270_CTAACTTCATCACGAT	TRUE
NIH_CQ_CTAACTTTCAGGCCCA	NIH_CQ	CTAACTTTCAGGCCCA	NIH	SRR11008270	270_CTAACTTTCAGGCCCA	TRUE
NIH_CQ_CTAACTTTCCGGGTGT	NIH_CQ	CTAACTTTCCGGGTGT	NIH	SRR11008270	270_CTAACTTTCCGGGTGT	TRUE
NIH_CQ_CTAAGACGTTCCACTC	NIH_CQ	CTAAGACGTTCCACTC	NIH	SRR11008270	270_CTAAGACGTTCCACTC	TRUE
NIH_CQ_CTAAGACTCAGGCGAA	NIH_CQ	CTAAGACTCAGGCGAA	NIH	SRR11008270	270_CTAAGACTCAGGCGAA	TRUE
NIH_CQ_CTAATGGCAACTGGCC	NIH_CQ	CTAATGGCAACTGGCC	NIH	SRR11008270	270_CTAATGGCAACTGGCC	TRUE
NIH_CQ_CTAATGGCATGACGGA	NIH_CQ	CTAATGGCATGACGGA	NIH	SRR11008270	270_CTAATGGCATGACGGA	TRUE
NIH_CQ_CTAATGGCATGCATGT	NIH_CQ	CTAATGGCATGCATGT	NIH	SRR11008270	270_CTAATGGCATGCATGT	TRUE
NIH_CQ_CTAATGGCATTGCGGC	NIH_CQ	CTAATGGCATTGCGGC	NIH	SRR11008270	270_CTAATGGCATTGCGGC	TRUE
NIH_CQ_CTACACCGTCAAACTC	NIH_CQ	CTACACCGTCAAACTC	NIH	SRR11008270	270_CTACACCGTCAAACTC	TRUE
NIH_CQ_CTACATTCATCCGTGG	NIH_CQ	CTACATTCATCCGTGG	NIH	SRR11008270	270_CTACATTCATCCGTGG	TRUE
NIH_CQ_CTACATTGTACGAAAT	NIH_CQ	CTACATTGTACGAAAT	NIH	SRR11008270	270_CTACATTGTACGAAAT	TRUE
NIH_CQ_CTACATTTCCGCGGTA	NIH_CQ	CTACATTTCCGCGGTA	NIH	SRR11008270	270_CTACATTTCCGCGGTA	TRUE
NIH_CQ_CTACATTTCCGTCATC	NIH_CQ	CTACATTTCCGTCATC	NIH	SRR11008270	270_CTACATTTCCGTCATC	TRUE
NIH_CQ_CTACCCACAAGCGCTC	NIH_CQ	CTACCCACAAGCGCTC	NIH	SRR11008270	270_CTACCCACAAGCGCTC	TRUE
NIH_CQ_CTACGTCTCAACGGGA	NIH_CQ	CTACGTCTCAACGGGA	NIH	SRR11008270	270_CTACGTCTCAACGGGA	TRUE
NIH_CQ_CTAGAGTCAGCGTAAG	NIH_CQ	CTAGAGTCAGCGTAAG	NIH	SRR11008270	270_CTAGAGTCAGCGTAAG	TRUE
NIH_CQ_CTAGTGAGTGTCTGAT	NIH_CQ	CTAGTGAGTGTCTGAT	NIH	SRR11008270	270_CTAGTGAGTGTCTGAT	TRUE
NIH_CQ_CTAGTGATCGGTCTAA	NIH_CQ	CTAGTGATCGGTCTAA	NIH	SRR11008270	270_CTAGTGATCGGTCTAA	TRUE
NIH_CQ_CTCACACAGAGGGCTT	NIH_CQ	CTCACACAGAGGGCTT	NIH	SRR11008270	270_CTCACACAGAGGGCTT	TRUE
NIH_CQ_CTCACACAGGTTACCT	NIH_CQ	CTCACACAGGTTACCT	NIH	SRR11008270	270_CTCACACAGGTTACCT	TRUE
NIH_CQ_CTCACACAGTGGAGAA	NIH_CQ	CTCACACAGTGGAGAA	NIH	SRR11008270	270_CTCACACAGTGGAGAA	TRUE
NIH_CQ_CTCACACTCTGTCAAG	NIH_CQ	CTCACACTCTGTCAAG	NIH	SRR11008270	270_CTCACACTCTGTCAAG	TRUE
NIH_CQ_CTCAGAACAGAGCCAA	NIH_CQ	CTCAGAACAGAGCCAA	NIH	SRR11008270	270_CTCAGAACAGAGCCAA	TRUE
NIH_CQ_CTCAGAAGTTCAGCGC	NIH_CQ	CTCAGAAGTTCAGCGC	NIH	SRR11008270	270_CTCAGAAGTTCAGCGC	TRUE
NIH_CQ_CTCATTAAGCCAACAG	NIH_CQ	CTCATTAAGCCAACAG	NIH	SRR11008270	270_CTCATTAAGCCAACAG	TRUE
NIH_CQ_CTCATTACAATGGATA	NIH_CQ	CTCATTACAATGGATA	NIH	SRR11008270	270_CTCATTACAATGGATA	TRUE
NIH_CQ_CTCATTACACTCGACG	NIH_CQ	CTCATTACACTCGACG	NIH	SRR11008270	270_CTCATTACACTCGACG	TRUE
NIH_CQ_CTCATTAGTCTGATCA	NIH_CQ	CTCATTAGTCTGATCA	NIH	SRR11008270	270_CTCATTAGTCTGATCA	TRUE
NIH_CQ_CTCCTAGAGAACTCGG	NIH_CQ	CTCCTAGAGAACTCGG	NIH	SRR11008270	270_CTCCTAGAGAACTCGG	TRUE
NIH_CQ_CTCCTAGCATCCTTGC	NIH_CQ	CTCCTAGCATCCTTGC	NIH	SRR11008270	270_CTCCTAGCATCCTTGC	TRUE
NIH_CQ_CTCCTAGGTCATGCCG	NIH_CQ	CTCCTAGGTCATGCCG	NIH	SRR11008270	270_CTCCTAGGTCATGCCG	TRUE
NIH_CQ_CTCCTAGGTCCGAAGA	NIH_CQ	CTCCTAGGTCCGAAGA	NIH	SRR11008270	270_CTCCTAGGTCCGAAGA	TRUE
NIH_CQ_CTCCTAGTCAAGGCTT	NIH_CQ	CTCCTAGTCAAGGCTT	NIH	SRR11008270	270_CTCCTAGTCAAGGCTT	TRUE
NIH_CQ_CTCGAAAAGCCGCCTA	NIH_CQ	CTCGAAAAGCCGCCTA	NIH	SRR11008270	270_CTCGAAAAGCCGCCTA	TRUE
NIH_CQ_CTCGAGGAGTGGTAGC	NIH_CQ	CTCGAGGAGTGGTAGC	NIH	SRR11008270	270_CTCGAGGAGTGGTAGC	TRUE
NIH_CQ_CTCGAGGCATATACCG	NIH_CQ	CTCGAGGCATATACCG	NIH	SRR11008270	270_CTCGAGGCATATACCG	TRUE
NIH_CQ_CTCGAGGTCTTGAGAC	NIH_CQ	CTCGAGGTCTTGAGAC	NIH	SRR11008270	270_CTCGAGGTCTTGAGAC	TRUE
NIH_CQ_CTCGGAGTCAAACAAG	NIH_CQ	CTCGGAGTCAAACAAG	NIH	SRR11008270	270_CTCGGAGTCAAACAAG	TRUE
NIH_CQ_CTCGGAGTCCTATGTT	NIH_CQ	CTCGGAGTCCTATGTT	NIH	SRR11008270	270_CTCGGAGTCCTATGTT	TRUE
NIH_CQ_CTCGGAGTCGATAGAA	NIH_CQ	CTCGGAGTCGATAGAA	NIH	SRR11008270	270_CTCGGAGTCGATAGAA	TRUE
NIH_CQ_CTCGGGACAGGGCATA	NIH_CQ	CTCGGGACAGGGCATA	NIH	SRR11008270	270_CTCGGGACAGGGCATA	TRUE
NIH_CQ_CTCGGGAGTACGACCC	NIH_CQ	CTCGGGAGTACGACCC	NIH	SRR11008270	270_CTCGGGAGTACGACCC	TRUE
NIH_CQ_CTCGTACGTTTGTTGG	NIH_CQ	CTCGTACGTTTGTTGG	NIH	SRR11008270	270_CTCGTACGTTTGTTGG	TRUE
NIH_CQ_CTCTAATTCGCGATCG	NIH_CQ	CTCTAATTCGCGATCG	NIH	SRR11008270	270_CTCTAATTCGCGATCG	TRUE
NIH_CQ_CTCTACGCAGCTCGAC	NIH_CQ	CTCTACGCAGCTCGAC	NIH	SRR11008270	270_CTCTACGCAGCTCGAC	TRUE
NIH_CQ_CTCTACGCAGGAACGT	NIH_CQ	CTCTACGCAGGAACGT	NIH	SRR11008270	270_CTCTACGCAGGAACGT	TRUE
NIH_CQ_CTCTACGCATGCCACG	NIH_CQ	CTCTACGCATGCCACG	NIH	SRR11008270	270_CTCTACGCATGCCACG	TRUE
NIH_CQ_CTCTACGGTTACTGAC	NIH_CQ	CTCTACGGTTACTGAC	NIH	SRR11008270	270_CTCTACGGTTACTGAC	TRUE
NIH_CQ_CTCTACGTCTCCGGTT	NIH_CQ	CTCTACGTCTCCGGTT	NIH	SRR11008270	270_CTCTACGTCTCCGGTT	TRUE
NIH_CQ_CTCTGGTAGAATTGTG	NIH_CQ	CTCTGGTAGAATTGTG	NIH	SRR11008270	270_CTCTGGTAGAATTGTG	TRUE
NIH_CQ_CTCTGGTGTGAGGGAG	NIH_CQ	CTCTGGTGTGAGGGAG	NIH	SRR11008270	270_CTCTGGTGTGAGGGAG	TRUE
NIH_CQ_CTGAAACGTAAGGATT	NIH_CQ	CTGAAACGTAAGGATT	NIH	SRR11008270	270_CTGAAACGTAAGGATT	TRUE
NIH_CQ_CTGATAGAGCCCAATT	NIH_CQ	CTGATAGAGCCCAATT	NIH	SRR11008270	270_CTGATAGAGCCCAATT	TRUE
NIH_CQ_CTGATAGCATGGTCTA	NIH_CQ	CTGATAGCATGGTCTA	NIH	SRR11008270	270_CTGATAGCATGGTCTA	TRUE
NIH_CQ_CTGATAGGTACCGAGA	NIH_CQ	CTGATAGGTACCGAGA	NIH	SRR11008270	270_CTGATAGGTACCGAGA	TRUE
NIH_CQ_CTGATCCCAGCTGTGC	NIH_CQ	CTGATCCCAGCTGTGC	NIH	SRR11008270	270_CTGATCCCAGCTGTGC	TRUE
NIH_CQ_CTGCGGAAGTACGACG	NIH_CQ	CTGCGGAAGTACGACG	NIH	SRR11008270	270_CTGCGGAAGTACGACG	TRUE
NIH_CQ_CTGCGGAAGTCCATAC	NIH_CQ	CTGCGGAAGTCCATAC	NIH	SRR11008270	270_CTGCGGAAGTCCATAC	TRUE
NIH_CQ_CTGCGGATCAACGGGA	NIH_CQ	CTGCGGATCAACGGGA	NIH	SRR11008270	270_CTGCGGATCAACGGGA	TRUE
NIH_CQ_CTGCGGATCGCAGGCT	NIH_CQ	CTGCGGATCGCAGGCT	NIH	SRR11008270	270_CTGCGGATCGCAGGCT	TRUE
NIH_CQ_CTGCTGTAGCCACCTG	NIH_CQ	CTGCTGTAGCCACCTG	NIH	SRR11008270	270_CTGCTGTAGCCACCTG	TRUE
NIH_CQ_CTGCTGTAGCGCTTAT	NIH_CQ	CTGCTGTAGCGCTTAT	NIH	SRR11008270	270_CTGCTGTAGCGCTTAT	TRUE
NIH_CQ_CTGCTGTGTGATGTCT	NIH_CQ	CTGCTGTGTGATGTCT	NIH	SRR11008270	270_CTGCTGTGTGATGTCT	TRUE
NIH_CQ_CTGCTGTGTTAGGGTG	NIH_CQ	CTGCTGTGTTAGGGTG	NIH	SRR11008270	270_CTGCTGTGTTAGGGTG	TRUE
NIH_CQ_CTGGTCTAGTTACGGG	NIH_CQ	CTGGTCTAGTTACGGG	NIH	SRR11008270	270_CTGGTCTAGTTACGGG	TRUE
NIH_CQ_CTGGTCTTCCTATTCA	NIH_CQ	CTGGTCTTCCTATTCA	NIH	SRR11008270	270_CTGGTCTTCCTATTCA	TRUE
NIH_CQ_CTGTTTACACCGGAAA	NIH_CQ	CTGTTTACACCGGAAA	NIH	SRR11008270	270_CTGTTTACACCGGAAA	TRUE
NIH_CQ_CTGTTTATCCAGTAGT	NIH_CQ	CTGTTTATCCAGTAGT	NIH	SRR11008270	270_CTGTTTATCCAGTAGT	TRUE
NIH_CQ_CTGTTTATCGGTTCGG	NIH_CQ	CTGTTTATCGGTTCGG	NIH	SRR11008270	270_CTGTTTATCGGTTCGG	TRUE
NIH_CQ_CTTAACTAGACCACGA	NIH_CQ	CTTAACTAGACCACGA	NIH	SRR11008270	270_CTTAACTAGACCACGA	TRUE
NIH_CQ_CTTAACTAGTCAAGGC	NIH_CQ	CTTAACTAGTCAAGGC	NIH	SRR11008270	270_CTTAACTAGTCAAGGC	TRUE
NIH_CQ_CTTAACTGTTCAGGCC	NIH_CQ	CTTAACTGTTCAGGCC	NIH	SRR11008270	270_CTTAACTGTTCAGGCC	TRUE
NIH_CQ_CTTAACTGTTGTTTGG	NIH_CQ	CTTAACTGTTGTTTGG	NIH	SRR11008270	270_CTTAACTGTTGTTTGG	TRUE
NIH_CQ_CTTACCGCAGACACTT	NIH_CQ	CTTACCGCAGACACTT	NIH	SRR11008270	270_CTTACCGCAGACACTT	TRUE
NIH_CQ_CTTACCGGTCTACCTC	NIH_CQ	CTTACCGGTCTACCTC	NIH	SRR11008270	270_CTTACCGGTCTACCTC	TRUE
NIH_CQ_CTTACCGGTTCTCATT	NIH_CQ	CTTACCGGTTCTCATT	NIH	SRR11008270	270_CTTACCGGTTCTCATT	TRUE
NIH_CQ_CTTAGGAAGATCCCGC	NIH_CQ	CTTAGGAAGATCCCGC	NIH	SRR11008270	270_CTTAGGAAGATCCCGC	TRUE
NIH_CQ_CTTAGGAGTACCAGTT	NIH_CQ	CTTAGGAGTACCAGTT	NIH	SRR11008270	270_CTTAGGAGTACCAGTT	TRUE
NIH_CQ_CTTAGGATCTGAGTGT	NIH_CQ	CTTAGGATCTGAGTGT	NIH	SRR11008270	270_CTTAGGATCTGAGTGT	TRUE
NIH_CQ_CTTCTCTCATTCGACA	NIH_CQ	CTTCTCTCATTCGACA	NIH	SRR11008270	270_CTTCTCTCATTCGACA	TRUE
NIH_CQ_GAAACTCAGCTGAAAT	NIH_CQ	GAAACTCAGCTGAAAT	NIH	SRR11008270	270_GAAACTCAGCTGAAAT	TRUE
NIH_CQ_GAAACTCTCTCAACTT	NIH_CQ	GAAACTCTCTCAACTT	NIH	SRR11008270	270_GAAACTCTCTCAACTT	TRUE
NIH_CQ_GAACATCCATTATCTC	NIH_CQ	GAACATCCATTATCTC	NIH	SRR11008270	270_GAACATCCATTATCTC	TRUE
NIH_CQ_GAACGGAAGTGGACGT	NIH_CQ	GAACGGAAGTGGACGT	NIH	SRR11008270	270_GAACGGAAGTGGACGT	TRUE
NIH_CQ_GAAGCAGCAAGTACCT	NIH_CQ	GAAGCAGCAAGTACCT	NIH	SRR11008270	270_GAAGCAGCAAGTACCT	TRUE
NIH_CQ_GAAGCAGCATCCTAGA	NIH_CQ	GAAGCAGCATCCTAGA	NIH	SRR11008270	270_GAAGCAGCATCCTAGA	TRUE
NIH_CQ_GAATAAGAGCTTTGGT	NIH_CQ	GAATAAGAGCTTTGGT	NIH	SRR11008270	270_GAATAAGAGCTTTGGT	TRUE
NIH_CQ_GAATGAAAGACTCGGA	NIH_CQ	GAATGAAAGACTCGGA	NIH	SRR11008270	270_GAATGAAAGACTCGGA	TRUE
NIH_CQ_GAATGAACACAAGCCC	NIH_CQ	GAATGAACACAAGCCC	NIH	SRR11008270	270_GAATGAACACAAGCCC	TRUE
NIH_CQ_GACACGCGTCTTCTCG	NIH_CQ	GACACGCGTCTTCTCG	NIH	SRR11008270	270_GACACGCGTCTTCTCG	TRUE
NIH_CQ_GACAGAGTCAGAGGTG	NIH_CQ	GACAGAGTCAGAGGTG	NIH	SRR11008270	270_GACAGAGTCAGAGGTG	TRUE
NIH_CQ_GACCAATTCATTTGGG	NIH_CQ	GACCAATTCATTTGGG	NIH	SRR11008270	270_GACCAATTCATTTGGG	TRUE
NIH_CQ_GACGCGTCAAGCTGGA	NIH_CQ	GACGCGTCAAGCTGGA	NIH	SRR11008270	270_GACGCGTCAAGCTGGA	TRUE
NIH_CQ_GACGCGTCACATTCGA	NIH_CQ	GACGCGTCACATTCGA	NIH	SRR11008270	270_GACGCGTCACATTCGA	TRUE
NIH_CQ_GACGCGTTCGTTGCCT	NIH_CQ	GACGCGTTCGTTGCCT	NIH	SRR11008270	270_GACGCGTTCGTTGCCT	TRUE
NIH_CQ_GACGGCTAGAGTACCG	NIH_CQ	GACGGCTAGAGTACCG	NIH	SRR11008270	270_GACGGCTAGAGTACCG	TRUE
NIH_CQ_GACGGCTAGCCGCCTA	NIH_CQ	GACGGCTAGCCGCCTA	NIH	SRR11008270	270_GACGGCTAGCCGCCTA	TRUE
NIH_CQ_GACGTTAGTAGCAAAT	NIH_CQ	GACGTTAGTAGCAAAT	NIH	SRR11008270	270_GACGTTAGTAGCAAAT	TRUE
NIH_CQ_GACTAACAGACAGAGA	NIH_CQ	GACTAACAGACAGAGA	NIH	SRR11008270	270_GACTAACAGACAGAGA	TRUE
NIH_CQ_GACTAACGTTCAGACT	NIH_CQ	GACTAACGTTCAGACT	NIH	SRR11008270	270_GACTAACGTTCAGACT	TRUE
NIH_CQ_GACTACATCCCAAGTA	NIH_CQ	GACTACATCCCAAGTA	NIH	SRR11008270	270_GACTACATCCCAAGTA	TRUE
NIH_CQ_GATCAGTTCCCTAATT	NIH_CQ	GATCAGTTCCCTAATT	NIH	SRR11008270	270_GATCAGTTCCCTAATT	TRUE
NIH_CQ_GATCGATCAAAGCGGT	NIH_CQ	GATCGATCAAAGCGGT	NIH	SRR11008270	270_GATCGATCAAAGCGGT	TRUE
NIH_CQ_GATCGATGTATGAATG	NIH_CQ	GATCGATGTATGAATG	NIH	SRR11008270	270_GATCGATGTATGAATG	TRUE
NIH_CQ_GATCGATGTTCCTCCA	NIH_CQ	GATCGATGTTCCTCCA	NIH	SRR11008270	270_GATCGATGTTCCTCCA	TRUE
NIH_CQ_GATCGCGCACAACGTT	NIH_CQ	GATCGCGCACAACGTT	NIH	SRR11008270	270_GATCGCGCACAACGTT	TRUE
NIH_CQ_GATCTAGGTCTCTTTA	NIH_CQ	GATCTAGGTCTCTTTA	NIH	SRR11008270	270_GATCTAGGTCTCTTTA	TRUE
NIH_CQ_GATGAGGTCGATAGAA	NIH_CQ	GATGAGGTCGATAGAA	NIH	SRR11008270	270_GATGAGGTCGATAGAA	TRUE
NIH_CQ_GATGCTAGTGCACGAA	NIH_CQ	GATGCTAGTGCACGAA	NIH	SRR11008270	270_GATGCTAGTGCACGAA	TRUE
NIH_CQ_GATGCTATCGTCACGG	NIH_CQ	GATGCTATCGTCACGG	NIH	SRR11008270	270_GATGCTATCGTCACGG	TRUE
NIH_CQ_GCAAACTTCACCTTAT	NIH_CQ	GCAAACTTCACCTTAT	NIH	SRR11008270	270_GCAAACTTCACCTTAT	TRUE
NIH_CQ_GCAAACTTCCCTAACC	NIH_CQ	GCAAACTTCCCTAACC	NIH	SRR11008270	270_GCAAACTTCCCTAACC	TRUE
NIH_CQ_GCAATCATCGGCTACG	NIH_CQ	GCAATCATCGGCTACG	NIH	SRR11008270	270_GCAATCATCGGCTACG	TRUE
NIH_CQ_GCACATAAGACTAGGC	NIH_CQ	GCACATAAGACTAGGC	NIH	SRR11008270	270_GCACATAAGACTAGGC	TRUE
NIH_CQ_GCACATAAGAGCTTCT	NIH_CQ	GCACATAAGAGCTTCT	NIH	SRR11008270	270_GCACATAAGAGCTTCT	TRUE
NIH_CQ_GCACATAAGCGCTTAT	NIH_CQ	GCACATAAGCGCTTAT	NIH	SRR11008270	270_GCACATAAGCGCTTAT	TRUE
NIH_CQ_GCACATAAGTACACCT	NIH_CQ	GCACATAAGTACACCT	NIH	SRR11008270	270_GCACATAAGTACACCT	TRUE
NIH_CQ_GCACATAGTGCCTGTG	NIH_CQ	GCACATAGTGCCTGTG	NIH	SRR11008270	270_GCACATAGTGCCTGTG	TRUE
NIH_CQ_GCACATAGTTACGCGC	NIH_CQ	GCACATAGTTACGCGC	NIH	SRR11008270	270_GCACATAGTTACGCGC	TRUE
NIH_CQ_GCACATATCAGCACAT	NIH_CQ	GCACATATCAGCACAT	NIH	SRR11008270	270_GCACATATCAGCACAT	TRUE
NIH_CQ_GCAGCCACACGCGAAA	NIH_CQ	GCAGCCACACGCGAAA	NIH	SRR11008270	270_GCAGCCACACGCGAAA	TRUE
NIH_CQ_GCAGTTAGTATCTGCA	NIH_CQ	GCAGTTAGTATCTGCA	NIH	SRR11008270	270_GCAGTTAGTATCTGCA	TRUE
NIH_CQ_GCATACAGTATCACCA	NIH_CQ	GCATACAGTATCACCA	NIH	SRR11008270	270_GCATACAGTATCACCA	TRUE
NIH_CQ_GCATGATCAGGGAGAG	NIH_CQ	GCATGATCAGGGAGAG	NIH	SRR11008270	270_GCATGATCAGGGAGAG	TRUE
NIH_CQ_GCATGCGCAGACAAGC	NIH_CQ	GCATGCGCAGACAAGC	NIH	SRR11008270	270_GCATGCGCAGACAAGC	TRUE
NIH_CQ_GCATGCGGTGTGAATA	NIH_CQ	GCATGCGGTGTGAATA	NIH	SRR11008270	270_GCATGCGGTGTGAATA	TRUE
NIH_CQ_GCCAAATCAGGAACGT	NIH_CQ	GCCAAATCAGGAACGT	NIH	SRR11008270	270_GCCAAATCAGGAACGT	TRUE
NIH_CQ_GCGACCAGTACCGGCT	NIH_CQ	GCGACCAGTACCGGCT	NIH	SRR11008270	270_GCGACCAGTACCGGCT	TRUE
NIH_CQ_GCGACCATCAGTGCAT	NIH_CQ	GCGACCATCAGTGCAT	NIH	SRR11008270	270_GCGACCATCAGTGCAT	TRUE
NIH_CQ_GCGACCATCTTAGCCC	NIH_CQ	GCGACCATCTTAGCCC	NIH	SRR11008270	270_GCGACCATCTTAGCCC	TRUE
NIH_CQ_GCGAGAAAGTTAACGA	NIH_CQ	GCGAGAAAGTTAACGA	NIH	SRR11008270	270_GCGAGAAAGTTAACGA	TRUE
NIH_CQ_GCGAGAAGTCGACTGC	NIH_CQ	GCGAGAAGTCGACTGC	NIH	SRR11008270	270_GCGAGAAGTCGACTGC	TRUE
NIH_CQ_GCGCAGTGTTTGTTGG	NIH_CQ	GCGCAGTGTTTGTTGG	NIH	SRR11008270	270_GCGCAGTGTTTGTTGG	TRUE
NIH_CQ_GCGCAGTTCATCATTC	NIH_CQ	GCGCAGTTCATCATTC	NIH	SRR11008270	270_GCGCAGTTCATCATTC	TRUE
NIH_CQ_GCGCCAAAGAGCTTCT	NIH_CQ	GCGCCAAAGAGCTTCT	NIH	SRR11008270	270_GCGCCAAAGAGCTTCT	TRUE
NIH_CQ_GCGCCAAGTAACGTTC	NIH_CQ	GCGCCAAGTAACGTTC	NIH	SRR11008270	270_GCGCCAAGTAACGTTC	TRUE
NIH_CQ_GCGCGATAGCTCAACT	NIH_CQ	GCGCGATAGCTCAACT	NIH	SRR11008270	270_GCGCGATAGCTCAACT	TRUE
NIH_CQ_GCGCGATCACGGTGTC	NIH_CQ	GCGCGATCACGGTGTC	NIH	SRR11008270	270_GCGCGATCACGGTGTC	TRUE
NIH_CQ_GCGGGTTAGTATGACA	NIH_CQ	GCGGGTTAGTATGACA	NIH	SRR11008270	270_GCGGGTTAGTATGACA	TRUE
NIH_CQ_GCGGGTTTCATGCAAC	NIH_CQ	GCGGGTTTCATGCAAC	NIH	SRR11008270	270_GCGGGTTTCATGCAAC	TRUE
NIH_CQ_GCTCCTAAGAGTCGGT	NIH_CQ	GCTCCTAAGAGTCGGT	NIH	SRR11008270	270_GCTCCTAAGAGTCGGT	TRUE
NIH_CQ_GCTCCTACACCATCCT	NIH_CQ	GCTCCTACACCATCCT	NIH	SRR11008270	270_GCTCCTACACCATCCT	TRUE
NIH_CQ_GCTCCTAGTGCTGTAT	NIH_CQ	GCTCCTAGTGCTGTAT	NIH	SRR11008270	270_GCTCCTAGTGCTGTAT	TRUE
NIH_CQ_GCTGCAGTCGGTGTTA	NIH_CQ	GCTGCAGTCGGTGTTA	NIH	SRR11008270	270_GCTGCAGTCGGTGTTA	TRUE
NIH_CQ_GCTGCAGTCTGTTGAG	NIH_CQ	GCTGCAGTCTGTTGAG	NIH	SRR11008270	270_GCTGCAGTCTGTTGAG	TRUE
NIH_CQ_GCTGGGTCAGATCCAT	NIH_CQ	GCTGGGTCAGATCCAT	NIH	SRR11008270	270_GCTGGGTCAGATCCAT	TRUE
NIH_CQ_GCTGGGTTCTACCAGA	NIH_CQ	GCTGGGTTCTACCAGA	NIH	SRR11008270	270_GCTGGGTTCTACCAGA	TRUE
NIH_CQ_GCTTCCACACCTCGGA	NIH_CQ	GCTTCCACACCTCGGA	NIH	SRR11008270	270_GCTTCCACACCTCGGA	TRUE
NIH_CQ_GCTTCCACATATACCG	NIH_CQ	GCTTCCACATATACCG	NIH	SRR11008270	270_GCTTCCACATATACCG	TRUE
NIH_CQ_GGAAAGCTCCCATTTA	NIH_CQ	GGAAAGCTCCCATTTA	NIH	SRR11008270	270_GGAAAGCTCCCATTTA	TRUE
NIH_CQ_GGAACTTGTGTGTGCC	NIH_CQ	GGAACTTGTGTGTGCC	NIH	SRR11008270	270_GGAACTTGTGTGTGCC	TRUE
NIH_CQ_GGAACTTGTTGGGACA	NIH_CQ	GGAACTTGTTGGGACA	NIH	SRR11008270	270_GGAACTTGTTGGGACA	TRUE
NIH_CQ_GGAATAATCCGAAGAG	NIH_CQ	GGAATAATCCGAAGAG	NIH	SRR11008270	270_GGAATAATCCGAAGAG	TRUE
NIH_CQ_GGACAGACAATCCAAC	NIH_CQ	GGACAGACAATCCAAC	NIH	SRR11008270	270_GGACAGACAATCCAAC	TRUE
NIH_CQ_GGACATTCAAGACACG	NIH_CQ	GGACATTCAAGACACG	NIH	SRR11008270	270_GGACATTCAAGACACG	TRUE
NIH_CQ_GGACATTCACGGTAGA	NIH_CQ	GGACATTCACGGTAGA	NIH	SRR11008270	270_GGACATTCACGGTAGA	TRUE
NIH_CQ_GGACATTGTCTGCAAT	NIH_CQ	GGACATTGTCTGCAAT	NIH	SRR11008270	270_GGACATTGTCTGCAAT	TRUE
NIH_CQ_GGACGTCCAAGGTGTG	NIH_CQ	GGACGTCCAAGGTGTG	NIH	SRR11008270	270_GGACGTCCAAGGTGTG	TRUE
NIH_CQ_GGAGCAAGTTACAGAA	NIH_CQ	GGAGCAAGTTACAGAA	NIH	SRR11008270	270_GGAGCAAGTTACAGAA	TRUE
NIH_CQ_GGAGCAATCTTTCCTC	NIH_CQ	GGAGCAATCTTTCCTC	NIH	SRR11008270	270_GGAGCAATCTTTCCTC	TRUE
NIH_CQ_GGATGTTGTATAGGGC	NIH_CQ	GGATGTTGTATAGGGC	NIH	SRR11008270	270_GGATGTTGTATAGGGC	TRUE
NIH_CQ_GGATGTTGTCAATGTC	NIH_CQ	GGATGTTGTCAATGTC	NIH	SRR11008270	270_GGATGTTGTCAATGTC	TRUE
NIH_CQ_GGATGTTTCACCTTAT	NIH_CQ	GGATGTTTCACCTTAT	NIH	SRR11008270	270_GGATGTTTCACCTTAT	TRUE
NIH_CQ_GGATGTTTCGCATGGC	NIH_CQ	GGATGTTTCGCATGGC	NIH	SRR11008270	270_GGATGTTTCGCATGGC	TRUE
NIH_CQ_GGATTACGTATTAGCC	NIH_CQ	GGATTACGTATTAGCC	NIH	SRR11008270	270_GGATTACGTATTAGCC	TRUE
NIH_CQ_GGATTACGTCCTCTTG	NIH_CQ	GGATTACGTCCTCTTG	NIH	SRR11008270	270_GGATTACGTCCTCTTG	TRUE
NIH_CQ_GGATTACTCTGTTTGT	NIH_CQ	GGATTACTCTGTTTGT	NIH	SRR11008270	270_GGATTACTCTGTTTGT	TRUE
NIH_CQ_GGCAATTAGCTCCTCT	NIH_CQ	GGCAATTAGCTCCTCT	NIH	SRR11008270	270_GGCAATTAGCTCCTCT	TRUE
NIH_CQ_GGCAATTCACACGCTG	NIH_CQ	GGCAATTCACACGCTG	NIH	SRR11008270	270_GGCAATTCACACGCTG	TRUE
NIH_CQ_GGCGACTCATGCTGGC	NIH_CQ	GGCGACTCATGCTGGC	NIH	SRR11008270	270_GGCGACTCATGCTGGC	TRUE
NIH_CQ_GGCGACTGTAAGGGCT	NIH_CQ	GGCGACTGTAAGGGCT	NIH	SRR11008270	270_GGCGACTGTAAGGGCT	TRUE
NIH_CQ_GGCGTGTAGTGTACGG	NIH_CQ	GGCGTGTAGTGTACGG	NIH	SRR11008270	270_GGCGTGTAGTGTACGG	TRUE
NIH_CQ_GGCTCGAAGTTCGCAT	NIH_CQ	GGCTCGAAGTTCGCAT	NIH	SRR11008270	270_GGCTCGAAGTTCGCAT	TRUE
NIH_CQ_GGCTCGACAATTGCTG	NIH_CQ	GGCTCGACAATTGCTG	NIH	SRR11008270	270_GGCTCGACAATTGCTG	TRUE
NIH_CQ_GGGAATGAGGGCACTA	NIH_CQ	GGGAATGAGGGCACTA	NIH	SRR11008270	270_GGGAATGAGGGCACTA	TRUE
NIH_CQ_GGGACCTCAGATTGCT	NIH_CQ	GGGACCTCAGATTGCT	NIH	SRR11008270	270_GGGACCTCAGATTGCT	TRUE
NIH_CQ_GGGACCTTCTCTGAGA	NIH_CQ	GGGACCTTCTCTGAGA	NIH	SRR11008270	270_GGGACCTTCTCTGAGA	TRUE
NIH_CQ_GGGAGATAGCCCGAAA	NIH_CQ	GGGAGATAGCCCGAAA	NIH	SRR11008270	270_GGGAGATAGCCCGAAA	TRUE
NIH_CQ_GGGATGAGTCTTGATG	NIH_CQ	GGGATGAGTCTTGATG	NIH	SRR11008270	270_GGGATGAGTCTTGATG	TRUE
NIH_CQ_GGGATGATCATTATCC	NIH_CQ	GGGATGATCATTATCC	NIH	SRR11008270	270_GGGATGATCATTATCC	TRUE
NIH_CQ_GGGCACTCAATCGGTT	NIH_CQ	GGGCACTCAATCGGTT	NIH	SRR11008270	270_GGGCACTCAATCGGTT	TRUE
NIH_CQ_GGGCACTGTCTTCAAG	NIH_CQ	GGGCACTGTCTTCAAG	NIH	SRR11008270	270_GGGCACTGTCTTCAAG	TRUE
NIH_CQ_GGGCATCGTCTTGATG	NIH_CQ	GGGCATCGTCTTGATG	NIH	SRR11008270	270_GGGCATCGTCTTGATG	TRUE
NIH_CQ_GGGCATCTCCCTAACC	NIH_CQ	GGGCATCTCCCTAACC	NIH	SRR11008270	270_GGGCATCTCCCTAACC	TRUE
NIH_CQ_GGGTCTGTCAAGATCC	NIH_CQ	GGGTCTGTCAAGATCC	NIH	SRR11008270	270_GGGTCTGTCAAGATCC	TRUE
NIH_CQ_GGGTTGCGTGGTAACG	NIH_CQ	GGGTTGCGTGGTAACG	NIH	SRR11008270	270_GGGTTGCGTGGTAACG	TRUE
NIH_CQ_GGGTTGCGTTATTCTC	NIH_CQ	GGGTTGCGTTATTCTC	NIH	SRR11008270	270_GGGTTGCGTTATTCTC	TRUE
NIH_CQ_GGTATTGCAGACGCAA	NIH_CQ	GGTATTGCAGACGCAA	NIH	SRR11008270	270_GGTATTGCAGACGCAA	TRUE
NIH_CQ_GGTATTGGTAGTGAAT	NIH_CQ	GGTATTGGTAGTGAAT	NIH	SRR11008270	270_GGTATTGGTAGTGAAT	TRUE
NIH_CQ_GGTGAAGAGGACCACA	NIH_CQ	GGTGAAGAGGACCACA	NIH	SRR11008270	270_GGTGAAGAGGACCACA	TRUE
NIH_CQ_GGTGCGTGTGTTCGAT	NIH_CQ	GGTGCGTGTGTTCGAT	NIH	SRR11008270	270_GGTGCGTGTGTTCGAT	TRUE
NIH_CQ_GGTGCGTTCGCACTCT	NIH_CQ	GGTGCGTTCGCACTCT	NIH	SRR11008270	270_GGTGCGTTCGCACTCT	TRUE
NIH_CQ_GTAACGTGTCTCACCT	NIH_CQ	GTAACGTGTCTCACCT	NIH	SRR11008270	270_GTAACGTGTCTCACCT	TRUE
NIH_CQ_GTAACTGAGCACGCCT	NIH_CQ	GTAACTGAGCACGCCT	NIH	SRR11008270	270_GTAACTGAGCACGCCT	TRUE
NIH_CQ_GTAACTGAGTGCCATT	NIH_CQ	GTAACTGAGTGCCATT	NIH	SRR11008270	270_GTAACTGAGTGCCATT	TRUE
NIH_CQ_GTACGTAAGGAGTTTA	NIH_CQ	GTACGTAAGGAGTTTA	NIH	SRR11008270	270_GTACGTAAGGAGTTTA	TRUE
NIH_CQ_GTAGGCCCAAACAACA	NIH_CQ	GTAGGCCCAAACAACA	NIH	SRR11008270	270_GTAGGCCCAAACAACA	TRUE
NIH_CQ_GTAGGCCTCTTCTGGC	NIH_CQ	GTAGGCCTCTTCTGGC	NIH	SRR11008270	270_GTAGGCCTCTTCTGGC	TRUE
NIH_CQ_GTATCTTAGACTGTAA	NIH_CQ	GTATCTTAGACTGTAA	NIH	SRR11008270	270_GTATCTTAGACTGTAA	TRUE
NIH_CQ_GTATTCTGTCATATGC	NIH_CQ	GTATTCTGTCATATGC	NIH	SRR11008270	270_GTATTCTGTCATATGC	TRUE
NIH_CQ_GTCAAGTAGAGAACAG	NIH_CQ	GTCAAGTAGAGAACAG	NIH	SRR11008270	270_GTCAAGTAGAGAACAG	TRUE
NIH_CQ_GTCAAGTGTCCCGACA	NIH_CQ	GTCAAGTGTCCCGACA	NIH	SRR11008270	270_GTCAAGTGTCCCGACA	TRUE
NIH_CQ_GTCACAAAGGACCACA	NIH_CQ	GTCACAAAGGACCACA	NIH	SRR11008270	270_GTCACAAAGGACCACA	TRUE
NIH_CQ_GTCACGGAGTCTCAAC	NIH_CQ	GTCACGGAGTCTCAAC	NIH	SRR11008270	270_GTCACGGAGTCTCAAC	TRUE
NIH_CQ_GTCATTTTCGTTTATC	NIH_CQ	GTCATTTTCGTTTATC	NIH	SRR11008270	270_GTCATTTTCGTTTATC	TRUE
NIH_CQ_GTCCTCAAGTCTTGCA	NIH_CQ	GTCCTCAAGTCTTGCA	NIH	SRR11008270	270_GTCCTCAAGTCTTGCA	TRUE
NIH_CQ_GTCGGGTCAGTCAGAG	NIH_CQ	GTCGGGTCAGTCAGAG	NIH	SRR11008270	270_GTCGGGTCAGTCAGAG	TRUE
NIH_CQ_GTCGTAAAGGCAGGTT	NIH_CQ	GTCGTAAAGGCAGGTT	NIH	SRR11008270	270_GTCGTAAAGGCAGGTT	TRUE
NIH_CQ_GTCGTAACAGTTCCCT	NIH_CQ	GTCGTAACAGTTCCCT	NIH	SRR11008270	270_GTCGTAACAGTTCCCT	TRUE
NIH_CQ_GTCGTAAGTCCGACGT	NIH_CQ	GTCGTAAGTCCGACGT	NIH	SRR11008270	270_GTCGTAAGTCCGACGT	TRUE
NIH_CQ_GTCGTAATCTGTGCAA	NIH_CQ	GTCGTAATCTGTGCAA	NIH	SRR11008270	270_GTCGTAATCTGTGCAA	TRUE
NIH_CQ_GTCTTCGGTCTAGCGC	NIH_CQ	GTCTTCGGTCTAGCGC	NIH	SRR11008270	270_GTCTTCGGTCTAGCGC	TRUE
NIH_CQ_GTGAAGGAGGAATGGA	NIH_CQ	GTGAAGGAGGAATGGA	NIH	SRR11008270	270_GTGAAGGAGGAATGGA	TRUE
NIH_CQ_GTGAAGGGTCTTGTCC	NIH_CQ	GTGAAGGGTCTTGTCC	NIH	SRR11008270	270_GTGAAGGGTCTTGTCC	TRUE
NIH_CQ_GTGCAGCTCTCAACTT	NIH_CQ	GTGCAGCTCTCAACTT	NIH	SRR11008270	270_GTGCAGCTCTCAACTT	TRUE
NIH_CQ_GTGGGTCGTCTCTTTA	NIH_CQ	GTGGGTCGTCTCTTTA	NIH	SRR11008270	270_GTGGGTCGTCTCTTTA	TRUE
NIH_CQ_GTGTTAGAGGACACCA	NIH_CQ	GTGTTAGAGGACACCA	NIH	SRR11008270	270_GTGTTAGAGGACACCA	TRUE
NIH_CQ_GTGTTAGCATCGGTTA	NIH_CQ	GTGTTAGCATCGGTTA	NIH	SRR11008270	270_GTGTTAGCATCGGTTA	TRUE
NIH_CQ_GTGTTAGGTCGCATAT	NIH_CQ	GTGTTAGGTCGCATAT	NIH	SRR11008270	270_GTGTTAGGTCGCATAT	TRUE
NIH_CQ_GTGTTAGGTCTAAACC	NIH_CQ	GTGTTAGGTCTAAACC	NIH	SRR11008270	270_GTGTTAGGTCTAAACC	TRUE
NIH_CQ_GTGTTAGGTTAAGATG	NIH_CQ	GTGTTAGGTTAAGATG	NIH	SRR11008270	270_GTGTTAGGTTAAGATG	TRUE
NIH_CQ_GTTAAGCAGATCTGCT	NIH_CQ	GTTAAGCAGATCTGCT	NIH	SRR11008270	270_GTTAAGCAGATCTGCT	TRUE
NIH_CQ_GTTAAGCTCCCAAGAT	NIH_CQ	GTTAAGCTCCCAAGAT	NIH	SRR11008270	270_GTTAAGCTCCCAAGAT	TRUE
NIH_CQ_GTTACAGAGGACAGAA	NIH_CQ	GTTACAGAGGACAGAA	NIH	SRR11008270	270_GTTACAGAGGACAGAA	TRUE
NIH_CQ_GTTACAGTCAAGGTAA	NIH_CQ	GTTACAGTCAAGGTAA	NIH	SRR11008270	270_GTTACAGTCAAGGTAA	TRUE
NIH_CQ_GTTACAGTCTAACTGG	NIH_CQ	GTTACAGTCTAACTGG	NIH	SRR11008270	270_GTTACAGTCTAACTGG	TRUE
NIH_CQ_GTTCATTCATGGTTGT	NIH_CQ	GTTCATTCATGGTTGT	NIH	SRR11008270	270_GTTCATTCATGGTTGT	TRUE
NIH_CQ_GTTCGGGGTAAGGGCT	NIH_CQ	GTTCGGGGTAAGGGCT	NIH	SRR11008270	270_GTTCGGGGTAAGGGCT	TRUE
NIH_CQ_GTTCTCGCAATGTAAG	NIH_CQ	GTTCTCGCAATGTAAG	NIH	SRR11008270	270_GTTCTCGCAATGTAAG	TRUE
NIH_CQ_GTTCTCGCAGGTGGAT	NIH_CQ	GTTCTCGCAGGTGGAT	NIH	SRR11008270	270_GTTCTCGCAGGTGGAT	TRUE
NIH_CQ_GTTTCTACAAAGTCAA	NIH_CQ	GTTTCTACAAAGTCAA	NIH	SRR11008270	270_GTTTCTACAAAGTCAA	TRUE
NIH_CQ_TAAACCGAGGGTGTGT	NIH_CQ	TAAACCGAGGGTGTGT	NIH	SRR11008270	270_TAAACCGAGGGTGTGT	TRUE
NIH_CQ_TAAGAGAAGTTCCACA	NIH_CQ	TAAGAGAAGTTCCACA	NIH	SRR11008270	270_TAAGAGAAGTTCCACA	TRUE
NIH_CQ_TAAGTGCTCAGTTCGA	NIH_CQ	TAAGTGCTCAGTTCGA	NIH	SRR11008270	270_TAAGTGCTCAGTTCGA	TRUE
NIH_CQ_TACACGAGTGAGGCTA	NIH_CQ	TACACGAGTGAGGCTA	NIH	SRR11008270	270_TACACGAGTGAGGCTA	TRUE
NIH_CQ_TACAGTGCAACACCCG	NIH_CQ	TACAGTGCAACACCCG	NIH	SRR11008270	270_TACAGTGCAACACCCG	TRUE
NIH_CQ_TACAGTGCACTAAGTC	NIH_CQ	TACAGTGCACTAAGTC	NIH	SRR11008270	270_TACAGTGCACTAAGTC	TRUE
NIH_CQ_TACCTATAGGATGCGT	NIH_CQ	TACCTATAGGATGCGT	NIH	SRR11008270	270_TACCTATAGGATGCGT	TRUE
NIH_CQ_TACCTATGTCTCTTAT	NIH_CQ	TACCTATGTCTCTTAT	NIH	SRR11008270	270_TACCTATGTCTCTTAT	TRUE
NIH_CQ_TACCTTAAGTCCAGGA	NIH_CQ	TACCTTAAGTCCAGGA	NIH	SRR11008270	270_TACCTTAAGTCCAGGA	TRUE
NIH_CQ_TACGGATCAGGGTACA	NIH_CQ	TACGGATCAGGGTACA	NIH	SRR11008270	270_TACGGATCAGGGTACA	TRUE
NIH_CQ_TACGGATGTAAAGTCA	NIH_CQ	TACGGATGTAAAGTCA	NIH	SRR11008270	270_TACGGATGTAAAGTCA	TRUE
NIH_CQ_TACGGGCTCGAACGGA	NIH_CQ	TACGGGCTCGAACGGA	NIH	SRR11008270	270_TACGGGCTCGAACGGA	TRUE
NIH_CQ_TACTCATAGTCGAGTG	NIH_CQ	TACTCATAGTCGAGTG	NIH	SRR11008270	270_TACTCATAGTCGAGTG	TRUE
NIH_CQ_TACTCGCCACTCAGGC	NIH_CQ	TACTCGCCACTCAGGC	NIH	SRR11008270	270_TACTCGCCACTCAGGC	TRUE
NIH_CQ_TACTTACCACAGGAGT	NIH_CQ	TACTTACCACAGGAGT	NIH	SRR11008270	270_TACTTACCACAGGAGT	TRUE
NIH_CQ_TAGCCGGTCTAACTGG	NIH_CQ	TAGCCGGTCTAACTGG	NIH	SRR11008270	270_TAGCCGGTCTAACTGG	TRUE
NIH_CQ_TAGGCATCACGCCAGT	NIH_CQ	TAGGCATCACGCCAGT	NIH	SRR11008270	270_TAGGCATCACGCCAGT	TRUE
NIH_CQ_TAGGCATTCTACCAGA	NIH_CQ	TAGGCATTCTACCAGA	NIH	SRR11008270	270_TAGGCATTCTACCAGA	TRUE
NIH_CQ_TAGTTGGAGTACGATA	NIH_CQ	TAGTTGGAGTACGATA	NIH	SRR11008270	270_TAGTTGGAGTACGATA	TRUE
NIH_CQ_TATCAGGGTACAAGTA	NIH_CQ	TATCAGGGTACAAGTA	NIH	SRR11008270	270_TATCAGGGTACAAGTA	TRUE
NIH_CQ_TATCTCAGTCTGCGGT	NIH_CQ	TATCTCAGTCTGCGGT	NIH	SRR11008270	270_TATCTCAGTCTGCGGT	TRUE
NIH_CQ_TCAACGACATGACATC	NIH_CQ	TCAACGACATGACATC	NIH	SRR11008270	270_TCAACGACATGACATC	TRUE
NIH_CQ_TCAACGAGTTAAAGTG	NIH_CQ	TCAACGAGTTAAAGTG	NIH	SRR11008270	270_TCAACGAGTTAAAGTG	TRUE
NIH_CQ_TCAATCTCATATACGC	NIH_CQ	TCAATCTCATATACGC	NIH	SRR11008270	270_TCAATCTCATATACGC	TRUE
NIH_CQ_TCACGAAAGAACTCGG	NIH_CQ	TCACGAAAGAACTCGG	NIH	SRR11008270	270_TCACGAAAGAACTCGG	TRUE
NIH_CQ_TCAGATGAGCGATGAC	NIH_CQ	TCAGATGAGCGATGAC	NIH	SRR11008270	270_TCAGATGAGCGATGAC	TRUE
NIH_CQ_TCAGATGAGGCTCAGA	NIH_CQ	TCAGATGAGGCTCAGA	NIH	SRR11008270	270_TCAGATGAGGCTCAGA	TRUE
NIH_CQ_TCAGATGGTAATCACC	NIH_CQ	TCAGATGGTAATCACC	NIH	SRR11008270	270_TCAGATGGTAATCACC	TRUE
NIH_CQ_TCAGCAAAGAATTGTG	NIH_CQ	TCAGCAAAGAATTGTG	NIH	SRR11008270	270_TCAGCAAAGAATTGTG	TRUE
NIH_CQ_TCAGCAAAGTTTAGGA	NIH_CQ	TCAGCAAAGTTTAGGA	NIH	SRR11008270	270_TCAGCAAAGTTTAGGA	TRUE
NIH_CQ_TCAGCAAGTTCCGTCT	NIH_CQ	TCAGCAAGTTCCGTCT	NIH	SRR11008270	270_TCAGCAAGTTCCGTCT	TRUE
NIH_CQ_TCAGCAATCGCGCCAA	NIH_CQ	TCAGCAATCGCGCCAA	NIH	SRR11008270	270_TCAGCAATCGCGCCAA	TRUE
NIH_CQ_TCAGCTCCACAGGAGT	NIH_CQ	TCAGCTCCACAGGAGT	NIH	SRR11008270	270_TCAGCTCCACAGGAGT	TRUE
NIH_CQ_TCAGCTCTCTAACGGT	NIH_CQ	TCAGCTCTCTAACGGT	NIH	SRR11008270	270_TCAGCTCTCTAACGGT	TRUE
NIH_CQ_TCAGGATCACATCCGG	NIH_CQ	TCAGGATCACATCCGG	NIH	SRR11008270	270_TCAGGATCACATCCGG	TRUE
NIH_CQ_TCATTACCAAGTAATG	NIH_CQ	TCATTACCAAGTAATG	NIH	SRR11008270	270_TCATTACCAAGTAATG	TRUE
NIH_CQ_TCCACACGTAAATACG	NIH_CQ	TCCACACGTAAATACG	NIH	SRR11008270	270_TCCACACGTAAATACG	TRUE
NIH_CQ_TCCACACTCTGGTTCC	NIH_CQ	TCCACACTCTGGTTCC	NIH	SRR11008270	270_TCCACACTCTGGTTCC	TRUE
NIH_CQ_TCCCGATGTCCGTCAG	NIH_CQ	TCCCGATGTCCGTCAG	NIH	SRR11008270	270_TCCCGATGTCCGTCAG	TRUE
NIH_CQ_TCCCGATTCATGTGGT	NIH_CQ	TCCCGATTCATGTGGT	NIH	SRR11008270	270_TCCCGATTCATGTGGT	TRUE
NIH_CQ_TCCCGATTCCGATATG	NIH_CQ	TCCCGATTCCGATATG	NIH	SRR11008270	270_TCCCGATTCCGATATG	TRUE
NIH_CQ_TCGCGAGTCACCTTAT	NIH_CQ	TCGCGAGTCACCTTAT	NIH	SRR11008270	270_TCGCGAGTCACCTTAT	TRUE
NIH_CQ_TCGCGAGTCACGCGGT	NIH_CQ	TCGCGAGTCACGCGGT	NIH	SRR11008270	270_TCGCGAGTCACGCGGT	TRUE
NIH_CQ_TCGCGTTAGAACAACT	NIH_CQ	TCGCGTTAGAACAACT	NIH	SRR11008270	270_TCGCGTTAGAACAACT	TRUE
NIH_CQ_TCGCGTTAGTGAATTG	NIH_CQ	TCGCGTTAGTGAATTG	NIH	SRR11008270	270_TCGCGTTAGTGAATTG	TRUE
NIH_CQ_TCGTAGAGTTAGAACA	NIH_CQ	TCGTAGAGTTAGAACA	NIH	SRR11008270	270_TCGTAGAGTTAGAACA	TRUE
NIH_CQ_TCTATTGTCATTTGGG	NIH_CQ	TCTATTGTCATTTGGG	NIH	SRR11008270	270_TCTATTGTCATTTGGG	TRUE
NIH_CQ_TCTATTGTCGCTGATA	NIH_CQ	TCTATTGTCGCTGATA	NIH	SRR11008270	270_TCTATTGTCGCTGATA	TRUE
NIH_CQ_TCTATTGTCTTGTCAT	NIH_CQ	TCTATTGTCTTGTCAT	NIH	SRR11008270	270_TCTATTGTCTTGTCAT	TRUE
NIH_CQ_TCTCTAAGTTTGTTTC	NIH_CQ	TCTCTAAGTTTGTTTC	NIH	SRR11008270	270_TCTCTAAGTTTGTTTC	TRUE
NIH_CQ_TCTGGAACACACTGCG	NIH_CQ	TCTGGAACACACTGCG	NIH	SRR11008270	270_TCTGGAACACACTGCG	TRUE
NIH_CQ_TCTGGAATCTTAACCT	NIH_CQ	TCTGGAATCTTAACCT	NIH	SRR11008270	270_TCTGGAATCTTAACCT	TRUE
NIH_CQ_TCTTCGGAGACTACAA	NIH_CQ	TCTTCGGAGACTACAA	NIH	SRR11008270	270_TCTTCGGAGACTACAA	TRUE
NIH_CQ_TCTTCGGAGTGTACGG	NIH_CQ	TCTTCGGAGTGTACGG	NIH	SRR11008270	270_TCTTCGGAGTGTACGG	TRUE
NIH_CQ_TGAAAGAAGCCAGTAG	NIH_CQ	TGAAAGAAGCCAGTAG	NIH	SRR11008270	270_TGAAAGAAGCCAGTAG	TRUE
NIH_CQ_TGACAACCAACGATCT	NIH_CQ	TGACAACCAACGATCT	NIH	SRR11008270	270_TGACAACCAACGATCT	TRUE
NIH_CQ_TGACAACCAGCTCGAC	NIH_CQ	TGACAACCAGCTCGAC	NIH	SRR11008270	270_TGACAACCAGCTCGAC	TRUE
NIH_CQ_TGACAACGTGGGTATG	NIH_CQ	TGACAACGTGGGTATG	NIH	SRR11008270	270_TGACAACGTGGGTATG	TRUE
NIH_CQ_TGACAACTCAGAGACG	NIH_CQ	TGACAACTCAGAGACG	NIH	SRR11008270	270_TGACAACTCAGAGACG	TRUE
NIH_CQ_TGACTTTTCCACGTTC	NIH_CQ	TGACTTTTCCACGTTC	NIH	SRR11008270	270_TGACTTTTCCACGTTC	TRUE
NIH_CQ_TGAGCATAGCCCAATT	NIH_CQ	TGAGCATAGCCCAATT	NIH	SRR11008270	270_TGAGCATAGCCCAATT	TRUE
NIH_CQ_TGAGCCGCACTCAGGC	NIH_CQ	TGAGCCGCACTCAGGC	NIH	SRR11008270	270_TGAGCCGCACTCAGGC	TRUE
NIH_CQ_TGAGCCGGTCAAAGAT	NIH_CQ	TGAGCCGGTCAAAGAT	NIH	SRR11008270	270_TGAGCCGGTCAAAGAT	TRUE
NIH_CQ_TGAGGGAGTCTCTTTA	NIH_CQ	TGAGGGAGTCTCTTTA	NIH	SRR11008270	270_TGAGGGAGTCTCTTTA	TRUE
NIH_CQ_TGAGGGATCAGATAAG	NIH_CQ	TGAGGGATCAGATAAG	NIH	SRR11008270	270_TGAGGGATCAGATAAG	TRUE
NIH_CQ_TGAGGGATCGCCTGTT	NIH_CQ	TGAGGGATCGCCTGTT	NIH	SRR11008270	270_TGAGGGATCGCCTGTT	TRUE
NIH_CQ_TGATTTCCACGAAACG	NIH_CQ	TGATTTCCACGAAACG	NIH	SRR11008270	270_TGATTTCCACGAAACG	TRUE
NIH_CQ_TGCACCTAGCTTATCG	NIH_CQ	TGCACCTAGCTTATCG	NIH	SRR11008270	270_TGCACCTAGCTTATCG	TRUE
NIH_CQ_TGCACCTGTTAAGATG	NIH_CQ	TGCACCTGTTAAGATG	NIH	SRR11008270	270_TGCACCTGTTAAGATG	TRUE
NIH_CQ_TGCCCATGTCTCAACA	NIH_CQ	TGCCCATGTCTCAACA	NIH	SRR11008270	270_TGCCCATGTCTCAACA	TRUE
NIH_CQ_TGCCCTAAGACATAAC	NIH_CQ	TGCCCTAAGACATAAC	NIH	SRR11008270	270_TGCCCTAAGACATAAC	TRUE
NIH_CQ_TGCGGGTCATCGGTTA	NIH_CQ	TGCGGGTCATCGGTTA	NIH	SRR11008270	270_TGCGGGTCATCGGTTA	TRUE
NIH_CQ_TGCGGGTTCACTATTC	NIH_CQ	TGCGGGTTCACTATTC	NIH	SRR11008270	270_TGCGGGTTCACTATTC	TRUE
NIH_CQ_TGCGTGGCATGCCTAA	NIH_CQ	TGCGTGGCATGCCTAA	NIH	SRR11008270	270_TGCGTGGCATGCCTAA	TRUE
NIH_CQ_TGGCTGGCAACCGCCA	NIH_CQ	TGGCTGGCAACCGCCA	NIH	SRR11008270	270_TGGCTGGCAACCGCCA	TRUE
NIH_CQ_TGGCTGGGTTGACGTT	NIH_CQ	TGGCTGGGTTGACGTT	NIH	SRR11008270	270_TGGCTGGGTTGACGTT	TRUE
NIH_CQ_TGGCTGGTCAAAGACA	NIH_CQ	TGGCTGGTCAAAGACA	NIH	SRR11008270	270_TGGCTGGTCAAAGACA	TRUE
NIH_CQ_TGGCTGGTCACAAACC	NIH_CQ	TGGCTGGTCACAAACC	NIH	SRR11008270	270_TGGCTGGTCACAAACC	TRUE
NIH_CQ_TGGGAAGCATTCTCAT	NIH_CQ	TGGGAAGCATTCTCAT	NIH	SRR11008270	270_TGGGAAGCATTCTCAT	TRUE
NIH_CQ_TGGGCGTCAGTAAGAT	NIH_CQ	TGGGCGTCAGTAAGAT	NIH	SRR11008270	270_TGGGCGTCAGTAAGAT	TRUE
NIH_CQ_TGGTTCCAGTAATCCC	NIH_CQ	TGGTTCCAGTAATCCC	NIH	SRR11008270	270_TGGTTCCAGTAATCCC	TRUE
NIH_CQ_TGGTTCCCAGGCTGAA	NIH_CQ	TGGTTCCCAGGCTGAA	NIH	SRR11008270	270_TGGTTCCCAGGCTGAA	TRUE
NIH_CQ_TGTCCCAAGATACACA	NIH_CQ	TGTCCCAAGATACACA	NIH	SRR11008270	270_TGTCCCAAGATACACA	TRUE
NIH_CQ_TGTGTTTAGTGCGTGA	NIH_CQ	TGTGTTTAGTGCGTGA	NIH	SRR11008270	270_TGTGTTTAGTGCGTGA	TRUE
NIH_CQ_TGTGTTTTCGTCTGAA	NIH_CQ	TGTGTTTTCGTCTGAA	NIH	SRR11008270	270_TGTGTTTTCGTCTGAA	TRUE
NIH_CQ_TGTTCCGAGTTCGATC	NIH_CQ	TGTTCCGAGTTCGATC	NIH	SRR11008270	270_TGTTCCGAGTTCGATC	TRUE
NIH_CQ_TGTTCCGTCATCTGCC	NIH_CQ	TGTTCCGTCATCTGCC	NIH	SRR11008270	270_TGTTCCGTCATCTGCC	TRUE
NIH_CQ_TTAACTCTCAGGATCT	NIH_CQ	TTAACTCTCAGGATCT	NIH	SRR11008270	270_TTAACTCTCAGGATCT	TRUE
NIH_CQ_TTAACTCTCAGTACGT	NIH_CQ	TTAACTCTCAGTACGT	NIH	SRR11008270	270_TTAACTCTCAGTACGT	TRUE
NIH_CQ_TTAACTCTCATGTCTT	NIH_CQ	TTAACTCTCATGTCTT	NIH	SRR11008270	270_TTAACTCTCATGTCTT	TRUE
NIH_CQ_TTAACTCTCTTAACCT	NIH_CQ	TTAACTCTCTTAACCT	NIH	SRR11008270	270_TTAACTCTCTTAACCT	TRUE
NIH_CQ_TTAGGACGTATCGCAT	NIH_CQ	TTAGGACGTATCGCAT	NIH	SRR11008270	270_TTAGGACGTATCGCAT	TRUE
NIH_CQ_TTAGGCAAGATAGGAG	NIH_CQ	TTAGGCAAGATAGGAG	NIH	SRR11008270	270_TTAGGCAAGATAGGAG	TRUE
NIH_CQ_TTATGCTCAGACTCGC	NIH_CQ	TTATGCTCAGACTCGC	NIH	SRR11008270	270_TTATGCTCAGACTCGC	TRUE
NIH_CQ_TTCCCAGCAAAGGAAG	NIH_CQ	TTCCCAGCAAAGGAAG	NIH	SRR11008270	270_TTCCCAGCAAAGGAAG	TRUE
NIH_CQ_TTCGAAGGTGTAAGTA	NIH_CQ	TTCGAAGGTGTAAGTA	NIH	SRR11008270	270_TTCGAAGGTGTAAGTA	TRUE
NIH_CQ_TTCGGTCAGTGGGTTG	NIH_CQ	TTCGGTCAGTGGGTTG	NIH	SRR11008270	270_TTCGGTCAGTGGGTTG	TRUE
NIH_CQ_TTCGGTCGTTCGGCAC	NIH_CQ	TTCGGTCGTTCGGCAC	NIH	SRR11008270	270_TTCGGTCGTTCGGCAC	TRUE
NIH_CQ_TTCTACACATCCGGGT	NIH_CQ	TTCTACACATCCGGGT	NIH	SRR11008270	270_TTCTACACATCCGGGT	TRUE
NIH_CQ_TTCTACAGTCGACTGC	NIH_CQ	TTCTACAGTCGACTGC	NIH	SRR11008270	270_TTCTACAGTCGACTGC	TRUE
NIH_CQ_TTCTACAGTGACGGTA	NIH_CQ	TTCTACAGTGACGGTA	NIH	SRR11008270	270_TTCTACAGTGACGGTA	TRUE
NIH_CQ_TTCTACATCTTCATGT	NIH_CQ	TTCTACATCTTCATGT	NIH	SRR11008270	270_TTCTACATCTTCATGT	TRUE
NIH_CQ_TTCTCAATCGTTACAG	NIH_CQ	TTCTCAATCGTTACAG	NIH	SRR11008270	270_TTCTCAATCGTTACAG	TRUE
NIH_CQ_TTCTTAGCACGCATCG	NIH_CQ	TTCTTAGCACGCATCG	NIH	SRR11008270	270_TTCTTAGCACGCATCG	TRUE
NIH_CQ_TTCTTAGCACTTAACG	NIH_CQ	TTCTTAGCACTTAACG	NIH	SRR11008270	270_TTCTTAGCACTTAACG	TRUE
NIH_CQ_TTGACTTGTTACTGAC	NIH_CQ	TTGACTTGTTACTGAC	NIH	SRR11008270	270_TTGACTTGTTACTGAC	TRUE
NIH_CQ_TTGCCGTAGCACCGTC	NIH_CQ	TTGCCGTAGCACCGTC	NIH	SRR11008270	270_TTGCCGTAGCACCGTC	TRUE
NIH_CQ_TTGCGTCAGCGACGTA	NIH_CQ	TTGCGTCAGCGACGTA	NIH	SRR11008270	270_TTGCGTCAGCGACGTA	TRUE
NIH_CQ_TTGCGTCAGTCTCGGC	NIH_CQ	TTGCGTCAGTCTCGGC	NIH	SRR11008270	270_TTGCGTCAGTCTCGGC	TRUE
NIH_CQ_TTGCGTCGTCCCTACT	NIH_CQ	TTGCGTCGTCCCTACT	NIH	SRR11008270	270_TTGCGTCGTCCCTACT	TRUE
NIH_CQ_TTGGAACAGATCCTGT	NIH_CQ	TTGGAACAGATCCTGT	NIH	SRR11008270	270_TTGGAACAGATCCTGT	TRUE
NIH_CQ_TTGGCAAGTGGACGAT	NIH_CQ	TTGGCAAGTGGACGAT	NIH	SRR11008270	270_TTGGCAAGTGGACGAT	TRUE
NIH_CQ_TTGTAGGAGATCGGGT	NIH_CQ	TTGTAGGAGATCGGGT	NIH	SRR11008270	270_TTGTAGGAGATCGGGT	TRUE
NIH_CQ_TTGTAGGCACAAGTAA	NIH_CQ	TTGTAGGCACAAGTAA	NIH	SRR11008270	270_TTGTAGGCACAAGTAA	TRUE
NIH_CQ_TTTACTGCAGACGCTC	NIH_CQ	TTTACTGCAGACGCTC	NIH	SRR11008270	270_TTTACTGCAGACGCTC	TRUE
NIH_CQ_TTTGCGCAGGCGCTCT	NIH_CQ	TTTGCGCAGGCGCTCT	NIH	SRR11008270	270_TTTGCGCAGGCGCTCT	TRUE
NIH_CQ_TTTGCGCCATAGGATA	NIH_CQ	TTTGCGCCATAGGATA	NIH	SRR11008270	270_TTTGCGCCATAGGATA	TRUE
NIH_CQ_TTTGGTTAGGGATGGG	NIH_CQ	TTTGGTTAGGGATGGG	NIH	SRR11008270	270_TTTGGTTAGGGATGGG	TRUE
NIH_CQ_TTTGGTTGTGCGAAAC	NIH_CQ	TTTGGTTGTGCGAAAC	NIH	SRR11008270	270_TTTGGTTGTGCGAAAC	TRUE
NIH_CQ_TTTGTCACAGACAAGC	NIH_CQ	TTTGTCACAGACAAGC	NIH	SRR11008270	270_TTTGTCACAGACAAGC	TRUE
NIH_CQ_TTTGTCACAGCCAGAA	NIH_CQ	TTTGTCACAGCCAGAA	NIH	SRR11008270	270_TTTGTCACAGCCAGAA	TRUE
NIH_CQ_TTTGTCATCTATCCCG	NIH_CQ	TTTGTCATCTATCCCG	NIH	SRR11008270	270_TTTGTCATCTATCCCG	TRUE
NIH_Sa_AAACCTGCAAGCTGGA	NIH_Sa	AAACCTGCAAGCTGGA	NIH	SRR11008269	269_AAACCTGCAAGCTGGA	TRUE
NIH_Sa_AAACCTGCAGACGCTC	NIH_Sa	AAACCTGCAGACGCTC	NIH	SRR11008269	269_AAACCTGCAGACGCTC	TRUE
NIH_Sa_AAACCTGCAGTTTACG	NIH_Sa	AAACCTGCAGTTTACG	NIH	SRR11008269	269_AAACCTGCAGTTTACG	TRUE
NIH_Sa_AAACCTGGTATAGTAG	NIH_Sa	AAACCTGGTATAGTAG	NIH	SRR11008269	269_AAACCTGGTATAGTAG	TRUE
NIH_Sa_AAACCTGTCACTGGGC	NIH_Sa	AAACCTGTCACTGGGC	NIH	SRR11008269	269_AAACCTGTCACTGGGC	TRUE
NIH_Sa_AAACGGGAGCCAGTAG	NIH_Sa	AAACGGGAGCCAGTAG	NIH	SRR11008269	269_AAACGGGAGCCAGTAG	TRUE
NIH_Sa_AAACGGGCAAGTACCT	NIH_Sa	AAACGGGCAAGTACCT	NIH	SRR11008269	269_AAACGGGCAAGTACCT	TRUE
NIH_Sa_AAACGGGCACCTATCC	NIH_Sa	AAACGGGCACCTATCC	NIH	SRR11008269	269_AAACGGGCACCTATCC	TRUE
NIH_Sa_AAACGGGGTCGAGATG	NIH_Sa	AAACGGGGTCGAGATG	NIH	SRR11008269	269_AAACGGGGTCGAGATG	TRUE
NIH_Sa_AAACGGGGTGTCGCTG	NIH_Sa	AAACGGGGTGTCGCTG	NIH	SRR11008269	269_AAACGGGGTGTCGCTG	TRUE
NIH_Sa_AAAGATGGTGTATGGG	NIH_Sa	AAAGATGGTGTATGGG	NIH	SRR11008269	269_AAAGATGGTGTATGGG	TRUE
NIH_Sa_AAAGATGTCAAACGGG	NIH_Sa	AAAGATGTCAAACGGG	NIH	SRR11008269	269_AAAGATGTCAAACGGG	TRUE
NIH_Sa_AAAGATGTCAGAGGTG	NIH_Sa	AAAGATGTCAGAGGTG	NIH	SRR11008269	269_AAAGATGTCAGAGGTG	TRUE
NIH_Sa_AAAGCAACAGCTGCAC	NIH_Sa	AAAGCAACAGCTGCAC	NIH	SRR11008269	269_AAAGCAACAGCTGCAC	TRUE
NIH_Sa_AAAGTAGGTTAAAGAC	NIH_Sa	AAAGTAGGTTAAAGAC	NIH	SRR11008269	269_AAAGTAGGTTAAAGAC	TRUE
NIH_Sa_AAATGCCGTCTTCTCG	NIH_Sa	AAATGCCGTCTTCTCG	NIH	SRR11008269	269_AAATGCCGTCTTCTCG	TRUE
NIH_Sa_AACACGTAGAAGATTC	NIH_Sa	AACACGTAGAAGATTC	NIH	SRR11008269	269_AACACGTAGAAGATTC	TRUE
NIH_Sa_AACGTTGAGGGTGTTG	NIH_Sa	AACGTTGAGGGTGTTG	NIH	SRR11008269	269_AACGTTGAGGGTGTTG	TRUE
NIH_Sa_AACGTTGCACCTGGTG	NIH_Sa	AACGTTGCACCTGGTG	NIH	SRR11008269	269_AACGTTGCACCTGGTG	TRUE
NIH_Sa_AACGTTGTCGGGAGTA	NIH_Sa	AACGTTGTCGGGAGTA	NIH	SRR11008269	269_AACGTTGTCGGGAGTA	TRUE
NIH_Sa_AACTCCCGTAGCGATG	NIH_Sa	AACTCCCGTAGCGATG	NIH	SRR11008269	269_AACTCCCGTAGCGATG	TRUE
NIH_Sa_AACTCTTAGAACAACT	NIH_Sa	AACTCTTAGAACAACT	NIH	SRR11008269	269_AACTCTTAGAACAACT	TRUE
NIH_Sa_AACTCTTCAGTAAGCG	NIH_Sa	AACTCTTCAGTAAGCG	NIH	SRR11008269	269_AACTCTTCAGTAAGCG	TRUE
NIH_Sa_AACTCTTCATTCTCAT	NIH_Sa	AACTCTTCATTCTCAT	NIH	SRR11008269	269_AACTCTTCATTCTCAT	TRUE
NIH_Sa_AACTGGTAGGCATTGG	NIH_Sa	AACTGGTAGGCATTGG	NIH	SRR11008269	269_AACTGGTAGGCATTGG	TRUE
NIH_Sa_AACTTTCGTGTGCGTC	NIH_Sa	AACTTTCGTGTGCGTC	NIH	SRR11008269	269_AACTTTCGTGTGCGTC	TRUE
NIH_Sa_AAGACCTAGTTCCACA	NIH_Sa	AAGACCTAGTTCCACA	NIH	SRR11008269	269_AAGACCTAGTTCCACA	TRUE
NIH_Sa_AAGACCTCATTGGTAC	NIH_Sa	AAGACCTCATTGGTAC	NIH	SRR11008269	269_AAGACCTCATTGGTAC	TRUE
NIH_Sa_AAGACCTTCTAACTCT	NIH_Sa	AAGACCTTCTAACTCT	NIH	SRR11008269	269_AAGACCTTCTAACTCT	TRUE
NIH_Sa_AAGCCGCAGGCGTACA	NIH_Sa	AAGCCGCAGGCGTACA	NIH	SRR11008269	269_AAGCCGCAGGCGTACA	TRUE
NIH_Sa_AAGCCGCCACGAGAGT	NIH_Sa	AAGCCGCCACGAGAGT	NIH	SRR11008269	269_AAGCCGCCACGAGAGT	TRUE
NIH_Sa_AAGCCGCCACGGCTAC	NIH_Sa	AAGCCGCCACGGCTAC	NIH	SRR11008269	269_AAGCCGCCACGGCTAC	TRUE
NIH_Sa_AAGCCGCGTTGTTTGG	NIH_Sa	AAGCCGCGTTGTTTGG	NIH	SRR11008269	269_AAGCCGCGTTGTTTGG	TRUE
NIH_Sa_AAGGCAGTCCTCCTAG	NIH_Sa	AAGGCAGTCCTCCTAG	NIH	SRR11008269	269_AAGGCAGTCCTCCTAG	TRUE
NIH_Sa_AAGGCAGTCCTTTACA	NIH_Sa	AAGGCAGTCCTTTACA	NIH	SRR11008269	269_AAGGCAGTCCTTTACA	TRUE
NIH_Sa_AAGGTTCAGAGGACGG	NIH_Sa	AAGGTTCAGAGGACGG	NIH	SRR11008269	269_AAGGTTCAGAGGACGG	TRUE
NIH_Sa_AAGGTTCTCACCAGGC	NIH_Sa	AAGGTTCTCACCAGGC	NIH	SRR11008269	269_AAGGTTCTCACCAGGC	TRUE
NIH_Sa_AAGTCTGAGGGTCTCC	NIH_Sa	AAGTCTGAGGGTCTCC	NIH	SRR11008269	269_AAGTCTGAGGGTCTCC	TRUE
NIH_Sa_AAGTCTGCAGACACTT	NIH_Sa	AAGTCTGCAGACACTT	NIH	SRR11008269	269_AAGTCTGCAGACACTT	TRUE
NIH_Sa_AAGTCTGGTGTGTGCC	NIH_Sa	AAGTCTGGTGTGTGCC	NIH	SRR11008269	269_AAGTCTGGTGTGTGCC	TRUE
NIH_Sa_AAGTCTGGTTACGGAG	NIH_Sa	AAGTCTGGTTACGGAG	NIH	SRR11008269	269_AAGTCTGGTTACGGAG	TRUE
NIH_Sa_AATCCAGTCAACACAC	NIH_Sa	AATCCAGTCAACACAC	NIH	SRR11008269	269_AATCCAGTCAACACAC	TRUE
NIH_Sa_AATCGGTTCTTCAACT	NIH_Sa	AATCGGTTCTTCAACT	NIH	SRR11008269	269_AATCGGTTCTTCAACT	TRUE
NIH_Sa_ACACCAAGTTCATGGT	NIH_Sa	ACACCAAGTTCATGGT	NIH	SRR11008269	269_ACACCAAGTTCATGGT	TRUE
NIH_Sa_ACACCAATCATTGCGA	NIH_Sa	ACACCAATCATTGCGA	NIH	SRR11008269	269_ACACCAATCATTGCGA	TRUE
NIH_Sa_ACACCAATCGCCTGTT	NIH_Sa	ACACCAATCGCCTGTT	NIH	SRR11008269	269_ACACCAATCGCCTGTT	TRUE
NIH_Sa_ACACCCTGTCTTGATG	NIH_Sa	ACACCCTGTCTTGATG	NIH	SRR11008269	269_ACACCCTGTCTTGATG	TRUE
NIH_Sa_ACACCGGCAGTCAGCC	NIH_Sa	ACACCGGCAGTCAGCC	NIH	SRR11008269	269_ACACCGGCAGTCAGCC	TRUE
NIH_Sa_ACACCGGTCGAGAACG	NIH_Sa	ACACCGGTCGAGAACG	NIH	SRR11008269	269_ACACCGGTCGAGAACG	TRUE
NIH_Sa_ACACCGGTCTCAAACG	NIH_Sa	ACACCGGTCTCAAACG	NIH	SRR11008269	269_ACACCGGTCTCAAACG	TRUE
NIH_Sa_ACACTGACAGGTGGAT	NIH_Sa	ACACTGACAGGTGGAT	NIH	SRR11008269	269_ACACTGACAGGTGGAT	TRUE
NIH_Sa_ACACTGACATGGTCTA	NIH_Sa	ACACTGACATGGTCTA	NIH	SRR11008269	269_ACACTGACATGGTCTA	TRUE
NIH_Sa_ACACTGACATGTCCTC	NIH_Sa	ACACTGACATGTCCTC	NIH	SRR11008269	269_ACACTGACATGTCCTC	TRUE
NIH_Sa_ACAGCCGGTGCAGTAG	NIH_Sa	ACAGCCGGTGCAGTAG	NIH	SRR11008269	269_ACAGCCGGTGCAGTAG	TRUE
NIH_Sa_ACAGCCGTCTCCTATA	NIH_Sa	ACAGCCGTCTCCTATA	NIH	SRR11008269	269_ACAGCCGTCTCCTATA	TRUE
NIH_Sa_ACAGCTATCCTTAATC	NIH_Sa	ACAGCTATCCTTAATC	NIH	SRR11008269	269_ACAGCTATCCTTAATC	TRUE
NIH_Sa_ACATACGCACAGTCGC	NIH_Sa	ACATACGCACAGTCGC	NIH	SRR11008269	269_ACATACGCACAGTCGC	TRUE
NIH_Sa_ACATACGGTAGCCTCG	NIH_Sa	ACATACGGTAGCCTCG	NIH	SRR11008269	269_ACATACGGTAGCCTCG	TRUE
NIH_Sa_ACATACGGTAGCGCAA	NIH_Sa	ACATACGGTAGCGCAA	NIH	SRR11008269	269_ACATACGGTAGCGCAA	TRUE
NIH_Sa_ACATCAGCATGGTAGG	NIH_Sa	ACATCAGCATGGTAGG	NIH	SRR11008269	269_ACATCAGCATGGTAGG	TRUE
NIH_Sa_ACATCAGTCAAGGTAA	NIH_Sa	ACATCAGTCAAGGTAA	NIH	SRR11008269	269_ACATCAGTCAAGGTAA	TRUE
NIH_Sa_ACATGGTAGATACACA	NIH_Sa	ACATGGTAGATACACA	NIH	SRR11008269	269_ACATGGTAGATACACA	TRUE
NIH_Sa_ACATGGTGTGTGTGCC	NIH_Sa	ACATGGTGTGTGTGCC	NIH	SRR11008269	269_ACATGGTGTGTGTGCC	TRUE
NIH_Sa_ACCAGTACACCGTTGG	NIH_Sa	ACCAGTACACCGTTGG	NIH	SRR11008269	269_ACCAGTACACCGTTGG	TRUE
NIH_Sa_ACCAGTACAGCTCCGA	NIH_Sa	ACCAGTACAGCTCCGA	NIH	SRR11008269	269_ACCAGTACAGCTCCGA	TRUE
NIH_Sa_ACCAGTACATCCTAGA	NIH_Sa	ACCAGTACATCCTAGA	NIH	SRR11008269	269_ACCAGTACATCCTAGA	TRUE
NIH_Sa_ACCAGTAGTACCGAGA	NIH_Sa	ACCAGTAGTACCGAGA	NIH	SRR11008269	269_ACCAGTAGTACCGAGA	TRUE
NIH_Sa_ACCAGTAGTTACCAGT	NIH_Sa	ACCAGTAGTTACCAGT	NIH	SRR11008269	269_ACCAGTAGTTACCAGT	TRUE
NIH_Sa_ACCCACTAGTCCATAC	NIH_Sa	ACCCACTAGTCCATAC	NIH	SRR11008269	269_ACCCACTAGTCCATAC	TRUE
NIH_Sa_ACCCACTAGTCTCCTC	NIH_Sa	ACCCACTAGTCTCCTC	NIH	SRR11008269	269_ACCCACTAGTCTCCTC	TRUE
NIH_Sa_ACCCACTTCTTAACCT	NIH_Sa	ACCCACTTCTTAACCT	NIH	SRR11008269	269_ACCCACTTCTTAACCT	TRUE
NIH_Sa_ACCTTTAAGAACTGTA	NIH_Sa	ACCTTTAAGAACTGTA	NIH	SRR11008269	269_ACCTTTAAGAACTGTA	TRUE
NIH_Sa_ACCTTTAAGCCTATGT	NIH_Sa	ACCTTTAAGCCTATGT	NIH	SRR11008269	269_ACCTTTAAGCCTATGT	TRUE
NIH_Sa_ACCTTTACATGTCCTC	NIH_Sa	ACCTTTACATGTCCTC	NIH	SRR11008269	269_ACCTTTACATGTCCTC	TRUE
NIH_Sa_ACGAGCCAGCACGCCT	NIH_Sa	ACGAGCCAGCACGCCT	NIH	SRR11008269	269_ACGAGCCAGCACGCCT	TRUE
NIH_Sa_ACGAGCCGTCTAGTGT	NIH_Sa	ACGAGCCGTCTAGTGT	NIH	SRR11008269	269_ACGAGCCGTCTAGTGT	TRUE
NIH_Sa_ACGATACCACAAGTAA	NIH_Sa	ACGATACCACAAGTAA	NIH	SRR11008269	269_ACGATACCACAAGTAA	TRUE
NIH_Sa_ACGATACGTCCTAGCG	NIH_Sa	ACGATACGTCCTAGCG	NIH	SRR11008269	269_ACGATACGTCCTAGCG	TRUE
NIH_Sa_ACGATACTCTGCAGTA	NIH_Sa	ACGATACTCTGCAGTA	NIH	SRR11008269	269_ACGATACTCTGCAGTA	TRUE
NIH_Sa_ACGATGTAGTGTCTCA	NIH_Sa	ACGATGTAGTGTCTCA	NIH	SRR11008269	269_ACGATGTAGTGTCTCA	FALSE
NIH_Sa_ACGATGTCAGCGAACA	NIH_Sa	ACGATGTCAGCGAACA	NIH	SRR11008269	269_ACGATGTCAGCGAACA	TRUE
NIH_Sa_ACGATGTTCCAGAAGG	NIH_Sa	ACGATGTTCCAGAAGG	NIH	SRR11008269	269_ACGATGTTCCAGAAGG	TRUE
NIH_Sa_ACGATGTTCTGATTCT	NIH_Sa	ACGATGTTCTGATTCT	NIH	SRR11008269	269_ACGATGTTCTGATTCT	TRUE
NIH_Sa_ACGCAGCTCATCATTC	NIH_Sa	ACGCAGCTCATCATTC	NIH	SRR11008269	269_ACGCAGCTCATCATTC	TRUE
NIH_Sa_ACGCCAGAGAACAACT	NIH_Sa	ACGCCAGAGAACAACT	NIH	SRR11008269	269_ACGCCAGAGAACAACT	TRUE
NIH_Sa_ACGCCAGGTAAGGGAA	NIH_Sa	ACGCCAGGTAAGGGAA	NIH	SRR11008269	269_ACGCCAGGTAAGGGAA	TRUE
NIH_Sa_ACGCCAGGTGACAAAT	NIH_Sa	ACGCCAGGTGACAAAT	NIH	SRR11008269	269_ACGCCAGGTGACAAAT	TRUE
NIH_Sa_ACGCCGACATACTACG	NIH_Sa	ACGCCGACATACTACG	NIH	SRR11008269	269_ACGCCGACATACTACG	TRUE
NIH_Sa_ACGGAGAAGCCAGTTT	NIH_Sa	ACGGAGAAGCCAGTTT	NIH	SRR11008269	269_ACGGAGAAGCCAGTTT	TRUE
NIH_Sa_ACGGAGATCAGGCGAA	NIH_Sa	ACGGAGATCAGGCGAA	NIH	SRR11008269	269_ACGGAGATCAGGCGAA	TRUE
NIH_Sa_ACGGCCAAGGATGTAT	NIH_Sa	ACGGCCAAGGATGTAT	NIH	SRR11008269	269_ACGGCCAAGGATGTAT	TRUE
NIH_Sa_ACGGCCAGTACGACCC	NIH_Sa	ACGGCCAGTACGACCC	NIH	SRR11008269	269_ACGGCCAGTACGACCC	TRUE
NIH_Sa_ACGGCCATCACGCATA	NIH_Sa	ACGGCCATCACGCATA	NIH	SRR11008269	269_ACGGCCATCACGCATA	TRUE
NIH_Sa_ACGGGCTAGCAGATCG	NIH_Sa	ACGGGCTAGCAGATCG	NIH	SRR11008269	269_ACGGGCTAGCAGATCG	TRUE
NIH_Sa_ACGGGCTGTCCGAATT	NIH_Sa	ACGGGCTGTCCGAATT	NIH	SRR11008269	269_ACGGGCTGTCCGAATT	TRUE
NIH_Sa_ACGGGTCAGGAGTCTG	NIH_Sa	ACGGGTCAGGAGTCTG	NIH	SRR11008269	269_ACGGGTCAGGAGTCTG	TRUE
NIH_Sa_ACGGGTCCAGTTAACC	NIH_Sa	ACGGGTCCAGTTAACC	NIH	SRR11008269	269_ACGGGTCCAGTTAACC	TRUE
NIH_Sa_ACGTCAAGTCGTTGTA	NIH_Sa	ACGTCAAGTCGTTGTA	NIH	SRR11008269	269_ACGTCAAGTCGTTGTA	TRUE
NIH_Sa_ACGTCAATCGTTGCCT	NIH_Sa	ACGTCAATCGTTGCCT	NIH	SRR11008269	269_ACGTCAATCGTTGCCT	TRUE
NIH_Sa_ACTATCTTCTCTGTCG	NIH_Sa	ACTATCTTCTCTGTCG	NIH	SRR11008269	269_ACTATCTTCTCTGTCG	TRUE
NIH_Sa_ACTGAACTCTGATTCT	NIH_Sa	ACTGAACTCTGATTCT	NIH	SRR11008269	269_ACTGAACTCTGATTCT	TRUE
NIH_Sa_ACTGAGTGTATTACCG	NIH_Sa	ACTGAGTGTATTACCG	NIH	SRR11008269	269_ACTGAGTGTATTACCG	TRUE
NIH_Sa_ACTGAGTTCAGCTTAG	NIH_Sa	ACTGAGTTCAGCTTAG	NIH	SRR11008269	269_ACTGAGTTCAGCTTAG	TRUE
NIH_Sa_ACTGATGAGCCACCTG	NIH_Sa	ACTGATGAGCCACCTG	NIH	SRR11008269	269_ACTGATGAGCCACCTG	TRUE
NIH_Sa_ACTGATGCACTTCTGC	NIH_Sa	ACTGATGCACTTCTGC	NIH	SRR11008269	269_ACTGATGCACTTCTGC	TRUE
NIH_Sa_ACTGCTCAGAGACGAA	NIH_Sa	ACTGCTCAGAGACGAA	NIH	SRR11008269	269_ACTGCTCAGAGACGAA	TRUE
NIH_Sa_ACTGTCCAGGACTGGT	NIH_Sa	ACTGTCCAGGACTGGT	NIH	SRR11008269	269_ACTGTCCAGGACTGGT	TRUE
NIH_Sa_ACTGTCCAGTATCGAA	NIH_Sa	ACTGTCCAGTATCGAA	NIH	SRR11008269	269_ACTGTCCAGTATCGAA	TRUE
NIH_Sa_ACTGTCCCACGGCCAT	NIH_Sa	ACTGTCCCACGGCCAT	NIH	SRR11008269	269_ACTGTCCCACGGCCAT	TRUE
NIH_Sa_ACTTGTTCAGATGGGT	NIH_Sa	ACTTGTTCAGATGGGT	NIH	SRR11008269	269_ACTTGTTCAGATGGGT	TRUE
NIH_Sa_ACTTTCACATACGCCG	NIH_Sa	ACTTTCACATACGCCG	NIH	SRR11008269	269_ACTTTCACATACGCCG	TRUE
NIH_Sa_ACTTTCATCCTGCAGG	NIH_Sa	ACTTTCATCCTGCAGG	NIH	SRR11008269	269_ACTTTCATCCTGCAGG	TRUE
NIH_Sa_AGAATAGAGTTTCCTT	NIH_Sa	AGAATAGAGTTTCCTT	NIH	SRR11008269	269_AGAATAGAGTTTCCTT	TRUE
NIH_Sa_AGAATAGTCTAGAGTC	NIH_Sa	AGAATAGTCTAGAGTC	NIH	SRR11008269	269_AGAATAGTCTAGAGTC	TRUE
NIH_Sa_AGACGTTAGAGCTTCT	NIH_Sa	AGACGTTAGAGCTTCT	NIH	SRR11008269	269_AGACGTTAGAGCTTCT	TRUE
NIH_Sa_AGACGTTGTGTAACGG	NIH_Sa	AGACGTTGTGTAACGG	NIH	SRR11008269	269_AGACGTTGTGTAACGG	TRUE
NIH_Sa_AGAGCGATCGACAGCC	NIH_Sa	AGAGCGATCGACAGCC	NIH	SRR11008269	269_AGAGCGATCGACAGCC	TRUE
NIH_Sa_AGAGCTTAGCGGATCA	NIH_Sa	AGAGCTTAGCGGATCA	NIH	SRR11008269	269_AGAGCTTAGCGGATCA	TRUE
NIH_Sa_AGAGCTTGTAAGAGAG	NIH_Sa	AGAGCTTGTAAGAGAG	NIH	SRR11008269	269_AGAGCTTGTAAGAGAG	TRUE
NIH_Sa_AGAGCTTTCTCTTATG	NIH_Sa	AGAGCTTTCTCTTATG	NIH	SRR11008269	269_AGAGCTTTCTCTTATG	TRUE
NIH_Sa_AGAGTGGAGATTACCC	NIH_Sa	AGAGTGGAGATTACCC	NIH	SRR11008269	269_AGAGTGGAGATTACCC	TRUE
NIH_Sa_AGAGTGGGTCGAATCT	NIH_Sa	AGAGTGGGTCGAATCT	NIH	SRR11008269	269_AGAGTGGGTCGAATCT	TRUE
NIH_Sa_AGAGTGGGTCTGCAAT	NIH_Sa	AGAGTGGGTCTGCAAT	NIH	SRR11008269	269_AGAGTGGGTCTGCAAT	TRUE
NIH_Sa_AGAGTGGGTGGTACAG	NIH_Sa	AGAGTGGGTGGTACAG	NIH	SRR11008269	269_AGAGTGGGTGGTACAG	TRUE
NIH_Sa_AGATTGCAGCGACGTA	NIH_Sa	AGATTGCAGCGACGTA	NIH	SRR11008269	269_AGATTGCAGCGACGTA	TRUE
NIH_Sa_AGATTGCTCAGGTTCA	NIH_Sa	AGATTGCTCAGGTTCA	NIH	SRR11008269	269_AGATTGCTCAGGTTCA	TRUE
NIH_Sa_AGATTGCTCATCATTC	NIH_Sa	AGATTGCTCATCATTC	NIH	SRR11008269	269_AGATTGCTCATCATTC	TRUE
NIH_Sa_AGATTGCTCCTAGGGC	NIH_Sa	AGATTGCTCCTAGGGC	NIH	SRR11008269	269_AGATTGCTCCTAGGGC	TRUE
NIH_Sa_AGCAGCCTCCTCCTAG	NIH_Sa	AGCAGCCTCCTCCTAG	NIH	SRR11008269	269_AGCAGCCTCCTCCTAG	TRUE
NIH_Sa_AGCAGCCTCTGCGACG	NIH_Sa	AGCAGCCTCTGCGACG	NIH	SRR11008269	269_AGCAGCCTCTGCGACG	TRUE
NIH_Sa_AGCATACAGGGCTTCC	NIH_Sa	AGCATACAGGGCTTCC	NIH	SRR11008269	269_AGCATACAGGGCTTCC	TRUE
NIH_Sa_AGCGTATGTCTCCACT	NIH_Sa	AGCGTATGTCTCCACT	NIH	SRR11008269	269_AGCGTATGTCTCCACT	TRUE
NIH_Sa_AGCTCTCTCCCAACGG	NIH_Sa	AGCTCTCTCCCAACGG	NIH	SRR11008269	269_AGCTCTCTCCCAACGG	TRUE
NIH_Sa_AGCTCTCTCGGCGGTT	NIH_Sa	AGCTCTCTCGGCGGTT	NIH	SRR11008269	269_AGCTCTCTCGGCGGTT	TRUE
NIH_Sa_AGCTTGACATCACAAC	NIH_Sa	AGCTTGACATCACAAC	NIH	SRR11008269	269_AGCTTGACATCACAAC	TRUE
NIH_Sa_AGGCCACCAAGGACAC	NIH_Sa	AGGCCACCAAGGACAC	NIH	SRR11008269	269_AGGCCACCAAGGACAC	TRUE
NIH_Sa_AGGCCACCAATGGTCT	NIH_Sa	AGGCCACCAATGGTCT	NIH	SRR11008269	269_AGGCCACCAATGGTCT	TRUE
NIH_Sa_AGGCCACTCACTCCTG	NIH_Sa	AGGCCACTCACTCCTG	NIH	SRR11008269	269_AGGCCACTCACTCCTG	TRUE
NIH_Sa_AGGCCGTAGTGCAAGC	NIH_Sa	AGGCCGTAGTGCAAGC	NIH	SRR11008269	269_AGGCCGTAGTGCAAGC	TRUE
NIH_Sa_AGGCCGTGTACCTACA	NIH_Sa	AGGCCGTGTACCTACA	NIH	SRR11008269	269_AGGCCGTGTACCTACA	TRUE
NIH_Sa_AGGCCGTGTGATGTCT	NIH_Sa	AGGCCGTGTGATGTCT	NIH	SRR11008269	269_AGGCCGTGTGATGTCT	TRUE
NIH_Sa_AGGGAGTAGGAATCGC	NIH_Sa	AGGGAGTAGGAATCGC	NIH	SRR11008269	269_AGGGAGTAGGAATCGC	TRUE
NIH_Sa_AGGGAGTGTCTTGATG	NIH_Sa	AGGGAGTGTCTTGATG	NIH	SRR11008269	269_AGGGAGTGTCTTGATG	TRUE
NIH_Sa_AGGGATGAGCCACTAT	NIH_Sa	AGGGATGAGCCACTAT	NIH	SRR11008269	269_AGGGATGAGCCACTAT	TRUE
NIH_Sa_AGGGATGTCAGCTGGC	NIH_Sa	AGGGATGTCAGCTGGC	NIH	SRR11008269	269_AGGGATGTCAGCTGGC	TRUE
NIH_Sa_AGGGATGTCCTGTACC	NIH_Sa	AGGGATGTCCTGTACC	NIH	SRR11008269	269_AGGGATGTCCTGTACC	TRUE
NIH_Sa_AGGGATGTCTATCCTA	NIH_Sa	AGGGATGTCTATCCTA	NIH	SRR11008269	269_AGGGATGTCTATCCTA	TRUE
NIH_Sa_AGGGTGAAGTACGCCC	NIH_Sa	AGGGTGAAGTACGCCC	NIH	SRR11008269	269_AGGGTGAAGTACGCCC	TRUE
NIH_Sa_AGGTCATAGAGTACAT	NIH_Sa	AGGTCATAGAGTACAT	NIH	SRR11008269	269_AGGTCATAGAGTACAT	TRUE
NIH_Sa_AGGTCATCACCGTTGG	NIH_Sa	AGGTCATCACCGTTGG	NIH	SRR11008269	269_AGGTCATCACCGTTGG	TRUE
NIH_Sa_AGGTCATCAGACTCGC	NIH_Sa	AGGTCATCAGACTCGC	NIH	SRR11008269	269_AGGTCATCAGACTCGC	TRUE
NIH_Sa_AGGTCATGTAGCGCTC	NIH_Sa	AGGTCATGTAGCGCTC	NIH	SRR11008269	269_AGGTCATGTAGCGCTC	TRUE
NIH_Sa_AGGTCCGCAAGCGAGT	NIH_Sa	AGGTCCGCAAGCGAGT	NIH	SRR11008269	269_AGGTCCGCAAGCGAGT	TRUE
NIH_Sa_AGGTCCGTCACAACGT	NIH_Sa	AGGTCCGTCACAACGT	NIH	SRR11008269	269_AGGTCCGTCACAACGT	TRUE
NIH_Sa_AGTAGTCTCATAGCAC	NIH_Sa	AGTAGTCTCATAGCAC	NIH	SRR11008269	269_AGTAGTCTCATAGCAC	TRUE
NIH_Sa_AGTCTTTAGCCATCGC	NIH_Sa	AGTCTTTAGCCATCGC	NIH	SRR11008269	269_AGTCTTTAGCCATCGC	TRUE
NIH_Sa_AGTCTTTGTAACGACG	NIH_Sa	AGTCTTTGTAACGACG	NIH	SRR11008269	269_AGTCTTTGTAACGACG	TRUE
NIH_Sa_AGTCTTTTCAGGCGAA	NIH_Sa	AGTCTTTTCAGGCGAA	NIH	SRR11008269	269_AGTCTTTTCAGGCGAA	TRUE
NIH_Sa_AGTCTTTTCGTAGGAG	NIH_Sa	AGTCTTTTCGTAGGAG	NIH	SRR11008269	269_AGTCTTTTCGTAGGAG	TRUE
NIH_Sa_AGTGAGGAGAGCAATT	NIH_Sa	AGTGAGGAGAGCAATT	NIH	SRR11008269	269_AGTGAGGAGAGCAATT	TRUE
NIH_Sa_AGTGAGGAGAGGTTGC	NIH_Sa	AGTGAGGAGAGGTTGC	NIH	SRR11008269	269_AGTGAGGAGAGGTTGC	TRUE
NIH_Sa_AGTGAGGAGTGATCGG	NIH_Sa	AGTGAGGAGTGATCGG	NIH	SRR11008269	269_AGTGAGGAGTGATCGG	TRUE
NIH_Sa_AGTGAGGCATATACCG	NIH_Sa	AGTGAGGCATATACCG	NIH	SRR11008269	269_AGTGAGGCATATACCG	TRUE
NIH_Sa_AGTGAGGGTAGAGTGC	NIH_Sa	AGTGAGGGTAGAGTGC	NIH	SRR11008269	269_AGTGAGGGTAGAGTGC	TRUE
NIH_Sa_AGTGAGGGTGATAAAC	NIH_Sa	AGTGAGGGTGATAAAC	NIH	SRR11008269	269_AGTGAGGGTGATAAAC	TRUE
NIH_Sa_AGTGAGGTCGGCGCAT	NIH_Sa	AGTGAGGTCGGCGCAT	NIH	SRR11008269	269_AGTGAGGTCGGCGCAT	TRUE
NIH_Sa_AGTGAGGTCTAACTGG	NIH_Sa	AGTGAGGTCTAACTGG	NIH	SRR11008269	269_AGTGAGGTCTAACTGG	TRUE
NIH_Sa_AGTGTCAGTAGCAAAT	NIH_Sa	AGTGTCAGTAGCAAAT	NIH	SRR11008269	269_AGTGTCAGTAGCAAAT	TRUE
NIH_Sa_AGTGTCAGTGCGCTTG	NIH_Sa	AGTGTCAGTGCGCTTG	NIH	SRR11008269	269_AGTGTCAGTGCGCTTG	TRUE
NIH_Sa_AGTGTCATCGGGAGTA	NIH_Sa	AGTGTCATCGGGAGTA	NIH	SRR11008269	269_AGTGTCATCGGGAGTA	TRUE
NIH_Sa_AGTTGGTTCTCAACTT	NIH_Sa	AGTTGGTTCTCAACTT	NIH	SRR11008269	269_AGTTGGTTCTCAACTT	TRUE
NIH_Sa_ATAACGCCACCAGATT	NIH_Sa	ATAACGCCACCAGATT	NIH	SRR11008269	269_ATAACGCCACCAGATT	TRUE
NIH_Sa_ATAGACCCACCAGGTC	NIH_Sa	ATAGACCCACCAGGTC	NIH	SRR11008269	269_ATAGACCCACCAGGTC	TRUE
NIH_Sa_ATAGACCGTTACGGAG	NIH_Sa	ATAGACCGTTACGGAG	NIH	SRR11008269	269_ATAGACCGTTACGGAG	TRUE
NIH_Sa_ATCACGACACACATGT	NIH_Sa	ATCACGACACACATGT	NIH	SRR11008269	269_ATCACGACACACATGT	TRUE
NIH_Sa_ATCACGACATGGGACA	NIH_Sa	ATCACGACATGGGACA	NIH	SRR11008269	269_ATCACGACATGGGACA	TRUE
NIH_Sa_ATCATCTAGAAGGCCT	NIH_Sa	ATCATCTAGAAGGCCT	NIH	SRR11008269	269_ATCATCTAGAAGGCCT	TRUE
NIH_Sa_ATCATCTGTAGGGACT	NIH_Sa	ATCATCTGTAGGGACT	NIH	SRR11008269	269_ATCATCTGTAGGGACT	TRUE
NIH_Sa_ATCATGGCATGTCGAT	NIH_Sa	ATCATGGCATGTCGAT	NIH	SRR11008269	269_ATCATGGCATGTCGAT	TRUE
NIH_Sa_ATCCACCGTAGTGAAT	NIH_Sa	ATCCACCGTAGTGAAT	NIH	SRR11008269	269_ATCCACCGTAGTGAAT	TRUE
NIH_Sa_ATCCGAAAGTGAATTG	NIH_Sa	ATCCGAAAGTGAATTG	NIH	SRR11008269	269_ATCCGAAAGTGAATTG	TRUE
NIH_Sa_ATCCGAAGTTGATTCG	NIH_Sa	ATCCGAAGTTGATTCG	NIH	SRR11008269	269_ATCCGAAGTTGATTCG	TRUE
NIH_Sa_ATCCGAATCATGCAAC	NIH_Sa	ATCCGAATCATGCAAC	NIH	SRR11008269	269_ATCCGAATCATGCAAC	TRUE
NIH_Sa_ATCCGAATCCCTCTTT	NIH_Sa	ATCCGAATCCCTCTTT	NIH	SRR11008269	269_ATCCGAATCCCTCTTT	TRUE
NIH_Sa_ATCGAGTCAACTTGAC	NIH_Sa	ATCGAGTCAACTTGAC	NIH	SRR11008269	269_ATCGAGTCAACTTGAC	TRUE
NIH_Sa_ATCTACTAGGGATGGG	NIH_Sa	ATCTACTAGGGATGGG	NIH	SRR11008269	269_ATCTACTAGGGATGGG	TRUE
NIH_Sa_ATCTACTCAAACTGCT	NIH_Sa	ATCTACTCAAACTGCT	NIH	SRR11008269	269_ATCTACTCAAACTGCT	TRUE
NIH_Sa_ATCTACTTCCACGACG	NIH_Sa	ATCTACTTCCACGACG	NIH	SRR11008269	269_ATCTACTTCCACGACG	TRUE
NIH_Sa_ATCTACTTCTTACCTA	NIH_Sa	ATCTACTTCTTACCTA	NIH	SRR11008269	269_ATCTACTTCTTACCTA	TRUE
NIH_Sa_ATCTGCCAGAATAGGG	NIH_Sa	ATCTGCCAGAATAGGG	NIH	SRR11008269	269_ATCTGCCAGAATAGGG	FALSE
NIH_Sa_ATCTGCCAGACTGTAA	NIH_Sa	ATCTGCCAGACTGTAA	NIH	SRR11008269	269_ATCTGCCAGACTGTAA	TRUE
NIH_Sa_ATCTGCCCACCATGTA	NIH_Sa	ATCTGCCCACCATGTA	NIH	SRR11008269	269_ATCTGCCCACCATGTA	TRUE
NIH_Sa_ATCTGCCCACTCTGTC	NIH_Sa	ATCTGCCCACTCTGTC	NIH	SRR11008269	269_ATCTGCCCACTCTGTC	TRUE
NIH_Sa_ATCTGCCGTAAGGATT	NIH_Sa	ATCTGCCGTAAGGATT	NIH	SRR11008269	269_ATCTGCCGTAAGGATT	TRUE
NIH_Sa_ATCTGCCGTCTCAACA	NIH_Sa	ATCTGCCGTCTCAACA	NIH	SRR11008269	269_ATCTGCCGTCTCAACA	TRUE
NIH_Sa_ATCTGCCTCCCAAGTA	NIH_Sa	ATCTGCCTCCCAAGTA	NIH	SRR11008269	269_ATCTGCCTCCCAAGTA	TRUE
NIH_Sa_ATGAGGGTCTGGTATG	NIH_Sa	ATGAGGGTCTGGTATG	NIH	SRR11008269	269_ATGAGGGTCTGGTATG	TRUE
NIH_Sa_ATGCGATTCCCTGACT	NIH_Sa	ATGCGATTCCCTGACT	NIH	SRR11008269	269_ATGCGATTCCCTGACT	TRUE
NIH_Sa_ATGGGAGGTCTCCACT	NIH_Sa	ATGGGAGGTCTCCACT	NIH	SRR11008269	269_ATGGGAGGTCTCCACT	TRUE
NIH_Sa_ATGGGAGGTTCGTCTC	NIH_Sa	ATGGGAGGTTCGTCTC	NIH	SRR11008269	269_ATGGGAGGTTCGTCTC	TRUE
NIH_Sa_ATGGGAGTCCCTAACC	NIH_Sa	ATGGGAGTCCCTAACC	NIH	SRR11008269	269_ATGGGAGTCCCTAACC	TRUE
NIH_Sa_ATGTGTGGTACATCCA	NIH_Sa	ATGTGTGGTACATCCA	NIH	SRR11008269	269_ATGTGTGGTACATCCA	TRUE
NIH_Sa_ATGTGTGTCGCGTAGC	NIH_Sa	ATGTGTGTCGCGTAGC	NIH	SRR11008269	269_ATGTGTGTCGCGTAGC	TRUE
NIH_Sa_ATTACTCCATGAGCGA	NIH_Sa	ATTACTCCATGAGCGA	NIH	SRR11008269	269_ATTACTCCATGAGCGA	TRUE
NIH_Sa_ATTATCCAGGAGTCTG	NIH_Sa	ATTATCCAGGAGTCTG	NIH	SRR11008269	269_ATTATCCAGGAGTCTG	TRUE
NIH_Sa_ATTGGACGTATTCTCT	NIH_Sa	ATTGGACGTATTCTCT	NIH	SRR11008269	269_ATTGGACGTATTCTCT	TRUE
NIH_Sa_ATTGGACGTGGGTCAA	NIH_Sa	ATTGGACGTGGGTCAA	NIH	SRR11008269	269_ATTGGACGTGGGTCAA	TRUE
NIH_Sa_ATTGGTGAGTGGTAAT	NIH_Sa	ATTGGTGAGTGGTAAT	NIH	SRR11008269	269_ATTGGTGAGTGGTAAT	TRUE
NIH_Sa_ATTGGTGCAGCTGGCT	NIH_Sa	ATTGGTGCAGCTGGCT	NIH	SRR11008269	269_ATTGGTGCAGCTGGCT	TRUE
NIH_Sa_ATTGGTGGTGTATGGG	NIH_Sa	ATTGGTGGTGTATGGG	NIH	SRR11008269	269_ATTGGTGGTGTATGGG	TRUE
NIH_Sa_CAACCAAAGGAGCGTT	NIH_Sa	CAACCAAAGGAGCGTT	NIH	SRR11008269	269_CAACCAAAGGAGCGTT	TRUE
NIH_Sa_CAACCAACATAGTAAG	NIH_Sa	CAACCAACATAGTAAG	NIH	SRR11008269	269_CAACCAACATAGTAAG	TRUE
NIH_Sa_CAACCAAGTACAGCAG	NIH_Sa	CAACCAAGTACAGCAG	NIH	SRR11008269	269_CAACCAAGTACAGCAG	TRUE
NIH_Sa_CAACTAGGTAAGTTCC	NIH_Sa	CAACTAGGTAAGTTCC	NIH	SRR11008269	269_CAACTAGGTAAGTTCC	TRUE
NIH_Sa_CAAGATCCAAACGTGG	NIH_Sa	CAAGATCCAAACGTGG	NIH	SRR11008269	269_CAAGATCCAAACGTGG	TRUE
NIH_Sa_CAAGATCCAAGGTTTC	NIH_Sa	CAAGATCCAAGGTTTC	NIH	SRR11008269	269_CAAGATCCAAGGTTTC	TRUE
NIH_Sa_CAAGATCCACTCGACG	NIH_Sa	CAAGATCCACTCGACG	NIH	SRR11008269	269_CAAGATCCACTCGACG	TRUE
NIH_Sa_CAAGTTGAGAGACTTA	NIH_Sa	CAAGTTGAGAGACTTA	NIH	SRR11008269	269_CAAGTTGAGAGACTTA	TRUE
NIH_Sa_CACAAACCACCCTATC	NIH_Sa	CACAAACCACCCTATC	NIH	SRR11008269	269_CACAAACCACCCTATC	TRUE
NIH_Sa_CACAAACTCCCTGACT	NIH_Sa	CACAAACTCCCTGACT	NIH	SRR11008269	269_CACAAACTCCCTGACT	TRUE
NIH_Sa_CACACAACAAGGTGTG	NIH_Sa	CACACAACAAGGTGTG	NIH	SRR11008269	269_CACACAACAAGGTGTG	TRUE
NIH_Sa_CACACAATCGGAGCAA	NIH_Sa	CACACAATCGGAGCAA	NIH	SRR11008269	269_CACACAATCGGAGCAA	TRUE
NIH_Sa_CACACTCAGAGACTAT	NIH_Sa	CACACTCAGAGACTAT	NIH	SRR11008269	269_CACACTCAGAGACTAT	TRUE
NIH_Sa_CACACTCGTTGCCTCT	NIH_Sa	CACACTCGTTGCCTCT	NIH	SRR11008269	269_CACACTCGTTGCCTCT	TRUE
NIH_Sa_CACACTCTCAGCGATT	NIH_Sa	CACACTCTCAGCGATT	NIH	SRR11008269	269_CACACTCTCAGCGATT	TRUE
NIH_Sa_CACACTCTCGGAGCAA	NIH_Sa	CACACTCTCGGAGCAA	NIH	SRR11008269	269_CACACTCTCGGAGCAA	TRUE
NIH_Sa_CACAGGCCATGGTTGT	NIH_Sa	CACAGGCCATGGTTGT	NIH	SRR11008269	269_CACAGGCCATGGTTGT	TRUE
NIH_Sa_CACAGTACACATTCGA	NIH_Sa	CACAGTACACATTCGA	NIH	SRR11008269	269_CACAGTACACATTCGA	TRUE
NIH_Sa_CACATTTGTAAATGTG	NIH_Sa	CACATTTGTAAATGTG	NIH	SRR11008269	269_CACATTTGTAAATGTG	TRUE
NIH_Sa_CACCACTAGCGTTCCG	NIH_Sa	CACCACTAGCGTTCCG	NIH	SRR11008269	269_CACCACTAGCGTTCCG	TRUE
NIH_Sa_CACCAGGCAATAGAGT	NIH_Sa	CACCAGGCAATAGAGT	NIH	SRR11008269	269_CACCAGGCAATAGAGT	TRUE
NIH_Sa_CACCAGGCAGATGGGT	NIH_Sa	CACCAGGCAGATGGGT	NIH	SRR11008269	269_CACCAGGCAGATGGGT	TRUE
NIH_Sa_CACCTTGGTACGCTGC	NIH_Sa	CACCTTGGTACGCTGC	NIH	SRR11008269	269_CACCTTGGTACGCTGC	TRUE
NIH_Sa_CACCTTGGTCAGATAA	NIH_Sa	CACCTTGGTCAGATAA	NIH	SRR11008269	269_CACCTTGGTCAGATAA	TRUE
NIH_Sa_CACCTTGGTCTCTTAT	NIH_Sa	CACCTTGGTCTCTTAT	NIH	SRR11008269	269_CACCTTGGTCTCTTAT	TRUE
NIH_Sa_CACCTTGGTGCACTTA	NIH_Sa	CACCTTGGTGCACTTA	NIH	SRR11008269	269_CACCTTGGTGCACTTA	TRUE
NIH_Sa_CACCTTGGTTTGACAC	NIH_Sa	CACCTTGGTTTGACAC	NIH	SRR11008269	269_CACCTTGGTTTGACAC	TRUE
NIH_Sa_CACTCCAAGACCGGAT	NIH_Sa	CACTCCAAGACCGGAT	NIH	SRR11008269	269_CACTCCAAGACCGGAT	TRUE
NIH_Sa_CACTCCAAGAGCAATT	NIH_Sa	CACTCCAAGAGCAATT	NIH	SRR11008269	269_CACTCCAAGAGCAATT	TRUE
NIH_Sa_CAGAATCAGCTCCCAG	NIH_Sa	CAGAATCAGCTCCCAG	NIH	SRR11008269	269_CAGAATCAGCTCCCAG	TRUE
NIH_Sa_CAGAATCGTACATCCA	NIH_Sa	CAGAATCGTACATCCA	NIH	SRR11008269	269_CAGAATCGTACATCCA	TRUE
NIH_Sa_CAGAGAGTCAGCTGGC	NIH_Sa	CAGAGAGTCAGCTGGC	NIH	SRR11008269	269_CAGAGAGTCAGCTGGC	TRUE
NIH_Sa_CAGATCACACCGGAAA	NIH_Sa	CAGATCACACCGGAAA	NIH	SRR11008269	269_CAGATCACACCGGAAA	TRUE
NIH_Sa_CAGCAGCAGCGTGTCC	NIH_Sa	CAGCAGCAGCGTGTCC	NIH	SRR11008269	269_CAGCAGCAGCGTGTCC	TRUE
NIH_Sa_CAGCATACAGTATGCT	NIH_Sa	CAGCATACAGTATGCT	NIH	SRR11008269	269_CAGCATACAGTATGCT	TRUE
NIH_Sa_CAGCCGACACCTCGTT	NIH_Sa	CAGCCGACACCTCGTT	NIH	SRR11008269	269_CAGCCGACACCTCGTT	TRUE
NIH_Sa_CAGCCGAGTGACAAAT	NIH_Sa	CAGCCGAGTGACAAAT	NIH	SRR11008269	269_CAGCCGAGTGACAAAT	TRUE
NIH_Sa_CAGCGACTCCGAAGAG	NIH_Sa	CAGCGACTCCGAAGAG	NIH	SRR11008269	269_CAGCGACTCCGAAGAG	TRUE
NIH_Sa_CAGCTAAGTCTGGTCG	NIH_Sa	CAGCTAAGTCTGGTCG	NIH	SRR11008269	269_CAGCTAAGTCTGGTCG	TRUE
NIH_Sa_CAGGTGCAGTACACCT	NIH_Sa	CAGGTGCAGTACACCT	NIH	SRR11008269	269_CAGGTGCAGTACACCT	TRUE
NIH_Sa_CAGGTGCAGTTGCAGG	NIH_Sa	CAGGTGCAGTTGCAGG	NIH	SRR11008269	269_CAGGTGCAGTTGCAGG	TRUE
NIH_Sa_CAGGTGCTCAAACGGG	NIH_Sa	CAGGTGCTCAAACGGG	NIH	SRR11008269	269_CAGGTGCTCAAACGGG	TRUE
NIH_Sa_CAGTAACCATGCCTTC	NIH_Sa	CAGTAACCATGCCTTC	NIH	SRR11008269	269_CAGTAACCATGCCTTC	TRUE
NIH_Sa_CAGTAACGTCGAATCT	NIH_Sa	CAGTAACGTCGAATCT	NIH	SRR11008269	269_CAGTAACGTCGAATCT	TRUE
NIH_Sa_CAGTCCTCAAATTGCC	NIH_Sa	CAGTCCTCAAATTGCC	NIH	SRR11008269	269_CAGTCCTCAAATTGCC	TRUE
NIH_Sa_CAGTCCTGTTGGTAAA	NIH_Sa	CAGTCCTGTTGGTAAA	NIH	SRR11008269	269_CAGTCCTGTTGGTAAA	TRUE
NIH_Sa_CAGTCCTTCTCTTGAT	NIH_Sa	CAGTCCTTCTCTTGAT	NIH	SRR11008269	269_CAGTCCTTCTCTTGAT	TRUE
NIH_Sa_CATATGGAGAACAACT	NIH_Sa	CATATGGAGAACAACT	NIH	SRR11008269	269_CATATGGAGAACAACT	TRUE
NIH_Sa_CATATGGCAAGCGAGT	NIH_Sa	CATATGGCAAGCGAGT	NIH	SRR11008269	269_CATATGGCAAGCGAGT	TRUE
NIH_Sa_CATATGGTCCTGCCAT	NIH_Sa	CATATGGTCCTGCCAT	NIH	SRR11008269	269_CATATGGTCCTGCCAT	TRUE
NIH_Sa_CATATTCAGGATGTAT	NIH_Sa	CATATTCAGGATGTAT	NIH	SRR11008269	269_CATATTCAGGATGTAT	TRUE
NIH_Sa_CATCAAGAGTTACCCA	NIH_Sa	CATCAAGAGTTACCCA	NIH	SRR11008269	269_CATCAAGAGTTACCCA	TRUE
NIH_Sa_CATCAAGCAAGGCTCC	NIH_Sa	CATCAAGCAAGGCTCC	NIH	SRR11008269	269_CATCAAGCAAGGCTCC	TRUE
NIH_Sa_CATCAAGGTTACCGAT	NIH_Sa	CATCAAGGTTACCGAT	NIH	SRR11008269	269_CATCAAGGTTACCGAT	TRUE
NIH_Sa_CATCCACCAAGTAGTA	NIH_Sa	CATCCACCAAGTAGTA	NIH	SRR11008269	269_CATCCACCAAGTAGTA	TRUE
NIH_Sa_CATGACAAGCCAGTAG	NIH_Sa	CATGACAAGCCAGTAG	NIH	SRR11008269	269_CATGACAAGCCAGTAG	TRUE
NIH_Sa_CATGACACAATGTTGC	NIH_Sa	CATGACACAATGTTGC	NIH	SRR11008269	269_CATGACACAATGTTGC	TRUE
NIH_Sa_CATGACACAGACAAGC	NIH_Sa	CATGACACAGACAAGC	NIH	SRR11008269	269_CATGACACAGACAAGC	TRUE
NIH_Sa_CATGACAGTGCATCTA	NIH_Sa	CATGACAGTGCATCTA	NIH	SRR11008269	269_CATGACAGTGCATCTA	TRUE
NIH_Sa_CATGACAGTTTGCATG	NIH_Sa	CATGACAGTTTGCATG	NIH	SRR11008269	269_CATGACAGTTTGCATG	TRUE
NIH_Sa_CATGACATCATAACCG	NIH_Sa	CATGACATCATAACCG	NIH	SRR11008269	269_CATGACATCATAACCG	TRUE
NIH_Sa_CATGACATCTGGTATG	NIH_Sa	CATGACATCTGGTATG	NIH	SRR11008269	269_CATGACATCTGGTATG	TRUE
NIH_Sa_CATGCCTAGACTCGGA	NIH_Sa	CATGCCTAGACTCGGA	NIH	SRR11008269	269_CATGCCTAGACTCGGA	TRUE
NIH_Sa_CATGCCTCATCGGTTA	NIH_Sa	CATGCCTCATCGGTTA	NIH	SRR11008269	269_CATGCCTCATCGGTTA	TRUE
NIH_Sa_CATTATCAGCTTTGGT	NIH_Sa	CATTATCAGCTTTGGT	NIH	SRR11008269	269_CATTATCAGCTTTGGT	TRUE
NIH_Sa_CATTATCGTCAGAATA	NIH_Sa	CATTATCGTCAGAATA	NIH	SRR11008269	269_CATTATCGTCAGAATA	TRUE
NIH_Sa_CCAATCCAGCTACCTA	NIH_Sa	CCAATCCAGCTACCTA	NIH	SRR11008269	269_CCAATCCAGCTACCTA	TRUE
NIH_Sa_CCAATCCCAGCTATTG	NIH_Sa	CCAATCCCAGCTATTG	NIH	SRR11008269	269_CCAATCCCAGCTATTG	TRUE
NIH_Sa_CCAATCCGTTTAGGAA	NIH_Sa	CCAATCCGTTTAGGAA	NIH	SRR11008269	269_CCAATCCGTTTAGGAA	TRUE
NIH_Sa_CCAATCCTCTCTTGAT	NIH_Sa	CCAATCCTCTCTTGAT	NIH	SRR11008269	269_CCAATCCTCTCTTGAT	TRUE
NIH_Sa_CCACCTAAGAGAGCTC	NIH_Sa	CCACCTAAGAGAGCTC	NIH	SRR11008269	269_CCACCTAAGAGAGCTC	TRUE
NIH_Sa_CCACCTAGTTGGAGGT	NIH_Sa	CCACCTAGTTGGAGGT	NIH	SRR11008269	269_CCACCTAGTTGGAGGT	TRUE
NIH_Sa_CCACGGATCACCGGGT	NIH_Sa	CCACGGATCACCGGGT	NIH	SRR11008269	269_CCACGGATCACCGGGT	TRUE
NIH_Sa_CCACTACCAGTCTTCC	NIH_Sa	CCACTACCAGTCTTCC	NIH	SRR11008269	269_CCACTACCAGTCTTCC	TRUE
NIH_Sa_CCACTACGTCTCTCGT	NIH_Sa	CCACTACGTCTCTCGT	NIH	SRR11008269	269_CCACTACGTCTCTCGT	TRUE
NIH_Sa_CCAGCGAGTCCTAGCG	NIH_Sa	CCAGCGAGTCCTAGCG	NIH	SRR11008269	269_CCAGCGAGTCCTAGCG	TRUE
NIH_Sa_CCAGCGATCTGTACGA	NIH_Sa	CCAGCGATCTGTACGA	NIH	SRR11008269	269_CCAGCGATCTGTACGA	TRUE
NIH_Sa_CCATGTCAGAACAATC	NIH_Sa	CCATGTCAGAACAATC	NIH	SRR11008269	269_CCATGTCAGAACAATC	TRUE
NIH_Sa_CCATGTCCATTGGTAC	NIH_Sa	CCATGTCCATTGGTAC	NIH	SRR11008269	269_CCATGTCCATTGGTAC	TRUE
NIH_Sa_CCATGTCTCAACGAAA	NIH_Sa	CCATGTCTCAACGAAA	NIH	SRR11008269	269_CCATGTCTCAACGAAA	TRUE
NIH_Sa_CCATTCGTCCACGTGG	NIH_Sa	CCATTCGTCCACGTGG	NIH	SRR11008269	269_CCATTCGTCCACGTGG	TRUE
NIH_Sa_CCCAATCGTAAGTGGC	NIH_Sa	CCCAATCGTAAGTGGC	NIH	SRR11008269	269_CCCAATCGTAAGTGGC	TRUE
NIH_Sa_CCCAATCTCTACTTAC	NIH_Sa	CCCAATCTCTACTTAC	NIH	SRR11008269	269_CCCAATCTCTACTTAC	TRUE
NIH_Sa_CCCTCCTCAAAGCGGT	NIH_Sa	CCCTCCTCAAAGCGGT	NIH	SRR11008269	269_CCCTCCTCAAAGCGGT	FALSE
NIH_Sa_CCCTCCTCAGCTGTTA	NIH_Sa	CCCTCCTCAGCTGTTA	NIH	SRR11008269	269_CCCTCCTCAGCTGTTA	TRUE
NIH_Sa_CCCTCCTTCATTGCCC	NIH_Sa	CCCTCCTTCATTGCCC	NIH	SRR11008269	269_CCCTCCTTCATTGCCC	TRUE
NIH_Sa_CCGGGATAGCCCTAAT	NIH_Sa	CCGGGATAGCCCTAAT	NIH	SRR11008269	269_CCGGGATAGCCCTAAT	TRUE
NIH_Sa_CCGGGATAGTGATCGG	NIH_Sa	CCGGGATAGTGATCGG	NIH	SRR11008269	269_CCGGGATAGTGATCGG	TRUE
NIH_Sa_CCGGTAGGTACAGTTC	NIH_Sa	CCGGTAGGTACAGTTC	NIH	SRR11008269	269_CCGGTAGGTACAGTTC	TRUE
NIH_Sa_CCGGTAGTCGCATGGC	NIH_Sa	CCGGTAGTCGCATGGC	NIH	SRR11008269	269_CCGGTAGTCGCATGGC	TRUE
NIH_Sa_CCGTACTCAGACAAGC	NIH_Sa	CCGTACTCAGACAAGC	NIH	SRR11008269	269_CCGTACTCAGACAAGC	TRUE
NIH_Sa_CCGTGGACAACTTGAC	NIH_Sa	CCGTGGACAACTTGAC	NIH	SRR11008269	269_CCGTGGACAACTTGAC	TRUE
NIH_Sa_CCGTGGACACAGACTT	NIH_Sa	CCGTGGACACAGACTT	NIH	SRR11008269	269_CCGTGGACACAGACTT	TRUE
NIH_Sa_CCGTTCAGTACTCGCG	NIH_Sa	CCGTTCAGTACTCGCG	NIH	SRR11008269	269_CCGTTCAGTACTCGCG	TRUE
NIH_Sa_CCTAAAGCAGCATACT	NIH_Sa	CCTAAAGCAGCATACT	NIH	SRR11008269	269_CCTAAAGCAGCATACT	TRUE
NIH_Sa_CCTAAAGCATCGACGC	NIH_Sa	CCTAAAGCATCGACGC	NIH	SRR11008269	269_CCTAAAGCATCGACGC	TRUE
NIH_Sa_CCTAAAGTCTTTACAC	NIH_Sa	CCTAAAGTCTTTACAC	NIH	SRR11008269	269_CCTAAAGTCTTTACAC	TRUE
NIH_Sa_CCTACCACATCTGGTA	NIH_Sa	CCTACCACATCTGGTA	NIH	SRR11008269	269_CCTACCACATCTGGTA	TRUE
NIH_Sa_CCTAGCTAGAGCAATT	NIH_Sa	CCTAGCTAGAGCAATT	NIH	SRR11008269	269_CCTAGCTAGAGCAATT	TRUE
NIH_Sa_CCTAGCTAGTGAACAT	NIH_Sa	CCTAGCTAGTGAACAT	NIH	SRR11008269	269_CCTAGCTAGTGAACAT	TRUE
NIH_Sa_CCTAGCTTCCGGGTGT	NIH_Sa	CCTAGCTTCCGGGTGT	NIH	SRR11008269	269_CCTAGCTTCCGGGTGT	TRUE
NIH_Sa_CCTATTACATGATCCA	NIH_Sa	CCTATTACATGATCCA	NIH	SRR11008269	269_CCTATTACATGATCCA	TRUE
NIH_Sa_CCTATTAGTATATGAG	NIH_Sa	CCTATTAGTATATGAG	NIH	SRR11008269	269_CCTATTAGTATATGAG	TRUE
NIH_Sa_CCTCAGTAGTGGGATC	NIH_Sa	CCTCAGTAGTGGGATC	NIH	SRR11008269	269_CCTCAGTAGTGGGATC	TRUE
NIH_Sa_CCTCAGTGTTACAGAA	NIH_Sa	CCTCAGTGTTACAGAA	NIH	SRR11008269	269_CCTCAGTGTTACAGAA	TRUE
NIH_Sa_CCTCAGTTCGTCGTTC	NIH_Sa	CCTCAGTTCGTCGTTC	NIH	SRR11008269	269_CCTCAGTTCGTCGTTC	TRUE
NIH_Sa_CCTCTGAGTCGCGGTT	NIH_Sa	CCTCTGAGTCGCGGTT	NIH	SRR11008269	269_CCTCTGAGTCGCGGTT	TRUE
NIH_Sa_CCTCTGAGTTACTGAC	NIH_Sa	CCTCTGAGTTACTGAC	NIH	SRR11008269	269_CCTCTGAGTTACTGAC	TRUE
NIH_Sa_CCTCTGATCAAGATCC	NIH_Sa	CCTCTGATCAAGATCC	NIH	SRR11008269	269_CCTCTGATCAAGATCC	TRUE
NIH_Sa_CCTTACGAGAAACCTA	NIH_Sa	CCTTACGAGAAACCTA	NIH	SRR11008269	269_CCTTACGAGAAACCTA	TRUE
NIH_Sa_CCTTACGAGATATACG	NIH_Sa	CCTTACGAGATATACG	NIH	SRR11008269	269_CCTTACGAGATATACG	TRUE
NIH_Sa_CCTTACGGTGACTCAT	NIH_Sa	CCTTACGGTGACTCAT	NIH	SRR11008269	269_CCTTACGGTGACTCAT	TRUE
NIH_Sa_CCTTACGTCGTTACGA	NIH_Sa	CCTTACGTCGTTACGA	NIH	SRR11008269	269_CCTTACGTCGTTACGA	TRUE
NIH_Sa_CCTTCCCCATCAGTCA	NIH_Sa	CCTTCCCCATCAGTCA	NIH	SRR11008269	269_CCTTCCCCATCAGTCA	TRUE
NIH_Sa_CCTTCCCCATCATCCC	NIH_Sa	CCTTCCCCATCATCCC	NIH	SRR11008269	269_CCTTCCCCATCATCCC	TRUE
NIH_Sa_CCTTCCCTCTGTTGAG	NIH_Sa	CCTTCCCTCTGTTGAG	NIH	SRR11008269	269_CCTTCCCTCTGTTGAG	TRUE
NIH_Sa_CCTTCGAGTTGTACAC	NIH_Sa	CCTTCGAGTTGTACAC	NIH	SRR11008269	269_CCTTCGAGTTGTACAC	TRUE
NIH_Sa_CCTTCGATCTCCTATA	NIH_Sa	CCTTCGATCTCCTATA	NIH	SRR11008269	269_CCTTCGATCTCCTATA	TRUE
NIH_Sa_CCTTCGATCTCGAGTA	NIH_Sa	CCTTCGATCTCGAGTA	NIH	SRR11008269	269_CCTTCGATCTCGAGTA	TRUE
NIH_Sa_CCTTTCTAGCGTCTAT	NIH_Sa	CCTTTCTAGCGTCTAT	NIH	SRR11008269	269_CCTTTCTAGCGTCTAT	TRUE
NIH_Sa_CGAATGTAGTGACATA	NIH_Sa	CGAATGTAGTGACATA	NIH	SRR11008269	269_CGAATGTAGTGACATA	TRUE
NIH_Sa_CGAATGTGTGGTACAG	NIH_Sa	CGAATGTGTGGTACAG	NIH	SRR11008269	269_CGAATGTGTGGTACAG	TRUE
NIH_Sa_CGACCTTAGACACTAA	NIH_Sa	CGACCTTAGACACTAA	NIH	SRR11008269	269_CGACCTTAGACACTAA	TRUE
NIH_Sa_CGACCTTAGACGCAAC	NIH_Sa	CGACCTTAGACGCAAC	NIH	SRR11008269	269_CGACCTTAGACGCAAC	TRUE
NIH_Sa_CGACCTTGTACCAGTT	NIH_Sa	CGACCTTGTACCAGTT	NIH	SRR11008269	269_CGACCTTGTACCAGTT	TRUE
NIH_Sa_CGACCTTTCAATCTCT	NIH_Sa	CGACCTTTCAATCTCT	NIH	SRR11008269	269_CGACCTTTCAATCTCT	TRUE
NIH_Sa_CGACCTTTCAGAGCTT	NIH_Sa	CGACCTTTCAGAGCTT	NIH	SRR11008269	269_CGACCTTTCAGAGCTT	TRUE
NIH_Sa_CGACCTTTCTTCGGTC	NIH_Sa	CGACCTTTCTTCGGTC	NIH	SRR11008269	269_CGACCTTTCTTCGGTC	TRUE
NIH_Sa_CGACTTCCATGTAGTC	NIH_Sa	CGACTTCCATGTAGTC	NIH	SRR11008269	269_CGACTTCCATGTAGTC	TRUE
NIH_Sa_CGAGAAGAGACATAAC	NIH_Sa	CGAGAAGAGACATAAC	NIH	SRR11008269	269_CGAGAAGAGACATAAC	TRUE
NIH_Sa_CGAGAAGAGAGGTTGC	NIH_Sa	CGAGAAGAGAGGTTGC	NIH	SRR11008269	269_CGAGAAGAGAGGTTGC	TRUE
NIH_Sa_CGAGAAGAGCTAGCCC	NIH_Sa	CGAGAAGAGCTAGCCC	NIH	SRR11008269	269_CGAGAAGAGCTAGCCC	TRUE
NIH_Sa_CGAGAAGAGGTACTCT	NIH_Sa	CGAGAAGAGGTACTCT	NIH	SRR11008269	269_CGAGAAGAGGTACTCT	TRUE
NIH_Sa_CGAGAAGAGGTGTTAA	NIH_Sa	CGAGAAGAGGTGTTAA	NIH	SRR11008269	269_CGAGAAGAGGTGTTAA	TRUE
NIH_Sa_CGAGAAGCATGATCCA	NIH_Sa	CGAGAAGCATGATCCA	NIH	SRR11008269	269_CGAGAAGCATGATCCA	TRUE
NIH_Sa_CGAGAAGGTCAAAGCG	NIH_Sa	CGAGAAGGTCAAAGCG	NIH	SRR11008269	269_CGAGAAGGTCAAAGCG	TRUE
NIH_Sa_CGAGCACGTAGAGGAA	NIH_Sa	CGAGCACGTAGAGGAA	NIH	SRR11008269	269_CGAGCACGTAGAGGAA	TRUE
NIH_Sa_CGAGCCAGTTGATTGC	NIH_Sa	CGAGCCAGTTGATTGC	NIH	SRR11008269	269_CGAGCCAGTTGATTGC	TRUE
NIH_Sa_CGAGCCATCGCTAGCG	NIH_Sa	CGAGCCATCGCTAGCG	NIH	SRR11008269	269_CGAGCCATCGCTAGCG	TRUE
NIH_Sa_CGAGCCATCTGTTGAG	NIH_Sa	CGAGCCATCTGTTGAG	NIH	SRR11008269	269_CGAGCCATCTGTTGAG	TRUE
NIH_Sa_CGAGCCATCTTGTCAT	NIH_Sa	CGAGCCATCTTGTCAT	NIH	SRR11008269	269_CGAGCCATCTTGTCAT	TRUE
NIH_Sa_CGATCGGAGTCCAGGA	NIH_Sa	CGATCGGAGTCCAGGA	NIH	SRR11008269	269_CGATCGGAGTCCAGGA	TRUE
NIH_Sa_CGATGTAAGGTGTGGT	NIH_Sa	CGATGTAAGGTGTGGT	NIH	SRR11008269	269_CGATGTAAGGTGTGGT	TRUE
NIH_Sa_CGATGTACATAACCTG	NIH_Sa	CGATGTACATAACCTG	NIH	SRR11008269	269_CGATGTACATAACCTG	TRUE
NIH_Sa_CGATGTATCGCATGAT	NIH_Sa	CGATGTATCGCATGAT	NIH	SRR11008269	269_CGATGTATCGCATGAT	TRUE
NIH_Sa_CGCCAAGCAGATCCAT	NIH_Sa	CGCCAAGCAGATCCAT	NIH	SRR11008269	269_CGCCAAGCAGATCCAT	TRUE
NIH_Sa_CGCCAAGGTCGGCATC	NIH_Sa	CGCCAAGGTCGGCATC	NIH	SRR11008269	269_CGCCAAGGTCGGCATC	TRUE
NIH_Sa_CGCCAAGGTCTCCATC	NIH_Sa	CGCCAAGGTCTCCATC	NIH	SRR11008269	269_CGCCAAGGTCTCCATC	TRUE
NIH_Sa_CGCCAAGGTGAGCGAT	NIH_Sa	CGCCAAGGTGAGCGAT	NIH	SRR11008269	269_CGCCAAGGTGAGCGAT	TRUE
NIH_Sa_CGCCAAGTCCCTTGTG	NIH_Sa	CGCCAAGTCCCTTGTG	NIH	SRR11008269	269_CGCCAAGTCCCTTGTG	TRUE
NIH_Sa_CGCGTTTAGGCATTGG	NIH_Sa	CGCGTTTAGGCATTGG	NIH	SRR11008269	269_CGCGTTTAGGCATTGG	TRUE
NIH_Sa_CGCGTTTCACGGTAGA	NIH_Sa	CGCGTTTCACGGTAGA	NIH	SRR11008269	269_CGCGTTTCACGGTAGA	TRUE
NIH_Sa_CGCTATCCAATGGAGC	NIH_Sa	CGCTATCCAATGGAGC	NIH	SRR11008269	269_CGCTATCCAATGGAGC	TRUE
NIH_Sa_CGCTATCCACCTCGTT	NIH_Sa	CGCTATCCACCTCGTT	NIH	SRR11008269	269_CGCTATCCACCTCGTT	TRUE
NIH_Sa_CGCTATCTCTCGCTTG	NIH_Sa	CGCTATCTCTCGCTTG	NIH	SRR11008269	269_CGCTATCTCTCGCTTG	TRUE
NIH_Sa_CGCTGGAGTACATGTC	NIH_Sa	CGCTGGAGTACATGTC	NIH	SRR11008269	269_CGCTGGAGTACATGTC	TRUE
NIH_Sa_CGCTTCAGTCTAGCCG	NIH_Sa	CGCTTCAGTCTAGCCG	NIH	SRR11008269	269_CGCTTCAGTCTAGCCG	TRUE
NIH_Sa_CGGACACAGTACTTGC	NIH_Sa	CGGACACAGTACTTGC	NIH	SRR11008269	269_CGGACACAGTACTTGC	TRUE
NIH_Sa_CGGACACCACTGTTAG	NIH_Sa	CGGACACCACTGTTAG	NIH	SRR11008269	269_CGGACACCACTGTTAG	TRUE
NIH_Sa_CGGACGTAGCACCGCT	NIH_Sa	CGGACGTAGCACCGCT	NIH	SRR11008269	269_CGGACGTAGCACCGCT	TRUE
NIH_Sa_CGGAGCTCACGGACAA	NIH_Sa	CGGAGCTCACGGACAA	NIH	SRR11008269	269_CGGAGCTCACGGACAA	TRUE
NIH_Sa_CGGAGCTGTCTTTCAT	NIH_Sa	CGGAGCTGTCTTTCAT	NIH	SRR11008269	269_CGGAGCTGTCTTTCAT	TRUE
NIH_Sa_CGGAGCTTCGGTGTCG	NIH_Sa	CGGAGCTTCGGTGTCG	NIH	SRR11008269	269_CGGAGCTTCGGTGTCG	TRUE
NIH_Sa_CGGCTAGCACACCGCA	NIH_Sa	CGGCTAGCACACCGCA	NIH	SRR11008269	269_CGGCTAGCACACCGCA	TRUE
NIH_Sa_CGGCTAGGTAGCGCAA	NIH_Sa	CGGCTAGGTAGCGCAA	NIH	SRR11008269	269_CGGCTAGGTAGCGCAA	TRUE
NIH_Sa_CGGCTAGGTCCGAGTC	NIH_Sa	CGGCTAGGTCCGAGTC	NIH	SRR11008269	269_CGGCTAGGTCCGAGTC	TRUE
NIH_Sa_CGGTTAAAGCCATCGC	NIH_Sa	CGGTTAAAGCCATCGC	NIH	SRR11008269	269_CGGTTAAAGCCATCGC	TRUE
NIH_Sa_CGTAGCGCAATTGCTG	NIH_Sa	CGTAGCGCAATTGCTG	NIH	SRR11008269	269_CGTAGCGCAATTGCTG	TRUE
NIH_Sa_CGTAGGCAGCGATGAC	NIH_Sa	CGTAGGCAGCGATGAC	NIH	SRR11008269	269_CGTAGGCAGCGATGAC	TRUE
NIH_Sa_CGTAGGCAGTCCAGGA	NIH_Sa	CGTAGGCAGTCCAGGA	NIH	SRR11008269	269_CGTAGGCAGTCCAGGA	TRUE
NIH_Sa_CGTAGGCGTACTTCTT	NIH_Sa	CGTAGGCGTACTTCTT	NIH	SRR11008269	269_CGTAGGCGTACTTCTT	TRUE
NIH_Sa_CGTAGGCGTAGGACAC	NIH_Sa	CGTAGGCGTAGGACAC	NIH	SRR11008269	269_CGTAGGCGTAGGACAC	TRUE
NIH_Sa_CGTAGGCTCATCACCC	NIH_Sa	CGTAGGCTCATCACCC	NIH	SRR11008269	269_CGTAGGCTCATCACCC	TRUE
NIH_Sa_CGTCACTCACGGCGTT	NIH_Sa	CGTCACTCACGGCGTT	NIH	SRR11008269	269_CGTCACTCACGGCGTT	TRUE
NIH_Sa_CGTCAGGAGAATCTCC	NIH_Sa	CGTCAGGAGAATCTCC	NIH	SRR11008269	269_CGTCAGGAGAATCTCC	TRUE
NIH_Sa_CGTCAGGCATACGCTA	NIH_Sa	CGTCAGGCATACGCTA	NIH	SRR11008269	269_CGTCAGGCATACGCTA	TRUE
NIH_Sa_CGTCAGGGTTACTGAC	NIH_Sa	CGTCAGGGTTACTGAC	NIH	SRR11008269	269_CGTCAGGGTTACTGAC	TRUE
NIH_Sa_CGTCAGGGTTGCCTCT	NIH_Sa	CGTCAGGGTTGCCTCT	NIH	SRR11008269	269_CGTCAGGGTTGCCTCT	TRUE
NIH_Sa_CGTCCATCAATAAGCA	NIH_Sa	CGTCCATCAATAAGCA	NIH	SRR11008269	269_CGTCCATCAATAAGCA	TRUE
NIH_Sa_CGTCCATTCATTTGGG	NIH_Sa	CGTCCATTCATTTGGG	NIH	SRR11008269	269_CGTCCATTCATTTGGG	TRUE
NIH_Sa_CGTCTACAGCGATATA	NIH_Sa	CGTCTACAGCGATATA	NIH	SRR11008269	269_CGTCTACAGCGATATA	TRUE
NIH_Sa_CGTCTACCATTAGCCA	NIH_Sa	CGTCTACCATTAGCCA	NIH	SRR11008269	269_CGTCTACCATTAGCCA	TRUE
NIH_Sa_CGTGAGCAGGGCTCTC	NIH_Sa	CGTGAGCAGGGCTCTC	NIH	SRR11008269	269_CGTGAGCAGGGCTCTC	TRUE
NIH_Sa_CGTGAGCCATGAAGTA	NIH_Sa	CGTGAGCCATGAAGTA	NIH	SRR11008269	269_CGTGAGCCATGAAGTA	TRUE
NIH_Sa_CGTGTAATCGAATCCA	NIH_Sa	CGTGTAATCGAATCCA	NIH	SRR11008269	269_CGTGTAATCGAATCCA	TRUE
NIH_Sa_CGTGTAATCGGTCCGA	NIH_Sa	CGTGTAATCGGTCCGA	NIH	SRR11008269	269_CGTGTAATCGGTCCGA	TRUE
NIH_Sa_CGTGTCTAGCCCAGCT	NIH_Sa	CGTGTCTAGCCCAGCT	NIH	SRR11008269	269_CGTGTCTAGCCCAGCT	TRUE
NIH_Sa_CGTGTCTAGCTTATCG	NIH_Sa	CGTGTCTAGCTTATCG	NIH	SRR11008269	269_CGTGTCTAGCTTATCG	TRUE
NIH_Sa_CGTGTCTAGTTCGCAT	NIH_Sa	CGTGTCTAGTTCGCAT	NIH	SRR11008269	269_CGTGTCTAGTTCGCAT	TRUE
NIH_Sa_CGTGTCTGTAATCGTC	NIH_Sa	CGTGTCTGTAATCGTC	NIH	SRR11008269	269_CGTGTCTGTAATCGTC	TRUE
NIH_Sa_CGTTCTGAGCACAGGT	NIH_Sa	CGTTCTGAGCACAGGT	NIH	SRR11008269	269_CGTTCTGAGCACAGGT	FALSE
NIH_Sa_CGTTCTGAGCAGACTG	NIH_Sa	CGTTCTGAGCAGACTG	NIH	SRR11008269	269_CGTTCTGAGCAGACTG	TRUE
NIH_Sa_CGTTCTGTCTTTCCTC	NIH_Sa	CGTTCTGTCTTTCCTC	NIH	SRR11008269	269_CGTTCTGTCTTTCCTC	TRUE
NIH_Sa_CGTTGGGGTAGCGCAA	NIH_Sa	CGTTGGGGTAGCGCAA	NIH	SRR11008269	269_CGTTGGGGTAGCGCAA	TRUE
NIH_Sa_CTAACTTCAGAAGCAC	NIH_Sa	CTAACTTCAGAAGCAC	NIH	SRR11008269	269_CTAACTTCAGAAGCAC	TRUE
NIH_Sa_CTAACTTCATATGCTG	NIH_Sa	CTAACTTCATATGCTG	NIH	SRR11008269	269_CTAACTTCATATGCTG	TRUE
NIH_Sa_CTAACTTGTCCTGCTT	NIH_Sa	CTAACTTGTCCTGCTT	NIH	SRR11008269	269_CTAACTTGTCCTGCTT	TRUE
NIH_Sa_CTAACTTGTCTGCCAG	NIH_Sa	CTAACTTGTCTGCCAG	NIH	SRR11008269	269_CTAACTTGTCTGCCAG	TRUE
NIH_Sa_CTAAGACCAGTCCTTC	NIH_Sa	CTAAGACCAGTCCTTC	NIH	SRR11008269	269_CTAAGACCAGTCCTTC	TRUE
NIH_Sa_CTAATGGAGAATAGGG	NIH_Sa	CTAATGGAGAATAGGG	NIH	SRR11008269	269_CTAATGGAGAATAGGG	TRUE
NIH_Sa_CTAATGGAGGCACATG	NIH_Sa	CTAATGGAGGCACATG	NIH	SRR11008269	269_CTAATGGAGGCACATG	TRUE
NIH_Sa_CTAATGGAGGCGACAT	NIH_Sa	CTAATGGAGGCGACAT	NIH	SRR11008269	269_CTAATGGAGGCGACAT	TRUE
NIH_Sa_CTAATGGCACCGCTAG	NIH_Sa	CTAATGGCACCGCTAG	NIH	SRR11008269	269_CTAATGGCACCGCTAG	TRUE
NIH_Sa_CTAATGGCACGCCAGT	NIH_Sa	CTAATGGCACGCCAGT	NIH	SRR11008269	269_CTAATGGCACGCCAGT	TRUE
NIH_Sa_CTACACCAGGATCGCA	NIH_Sa	CTACACCAGGATCGCA	NIH	SRR11008269	269_CTACACCAGGATCGCA	TRUE
NIH_Sa_CTACACCAGTATGACA	NIH_Sa	CTACACCAGTATGACA	NIH	SRR11008269	269_CTACACCAGTATGACA	TRUE
NIH_Sa_CTACACCGTGACGGTA	NIH_Sa	CTACACCGTGACGGTA	NIH	SRR11008269	269_CTACACCGTGACGGTA	TRUE
NIH_Sa_CTACACCTCTTGACGA	NIH_Sa	CTACACCTCTTGACGA	NIH	SRR11008269	269_CTACACCTCTTGACGA	TRUE
NIH_Sa_CTACCCACACCGAAAG	NIH_Sa	CTACCCACACCGAAAG	NIH	SRR11008269	269_CTACCCACACCGAAAG	TRUE
NIH_Sa_CTACCCACATTTGCCC	NIH_Sa	CTACCCACATTTGCCC	NIH	SRR11008269	269_CTACCCACATTTGCCC	TRUE
NIH_Sa_CTACCCATCCAAGCCG	NIH_Sa	CTACCCATCCAAGCCG	NIH	SRR11008269	269_CTACCCATCCAAGCCG	TRUE
NIH_Sa_CTACGTCAGGCATGTG	NIH_Sa	CTACGTCAGGCATGTG	NIH	SRR11008269	269_CTACGTCAGGCATGTG	TRUE
NIH_Sa_CTACGTCAGGTGTTAA	NIH_Sa	CTACGTCAGGTGTTAA	NIH	SRR11008269	269_CTACGTCAGGTGTTAA	TRUE
NIH_Sa_CTAGCCTGTCTAGTGT	NIH_Sa	CTAGCCTGTCTAGTGT	NIH	SRR11008269	269_CTAGCCTGTCTAGTGT	TRUE
NIH_Sa_CTAGCCTTCTTCAACT	NIH_Sa	CTAGCCTTCTTCAACT	NIH	SRR11008269	269_CTAGCCTTCTTCAACT	TRUE
NIH_Sa_CTAGTGAGTTCTCATT	NIH_Sa	CTAGTGAGTTCTCATT	NIH	SRR11008269	269_CTAGTGAGTTCTCATT	TRUE
NIH_Sa_CTAGTGATCAAAGTAG	NIH_Sa	CTAGTGATCAAAGTAG	NIH	SRR11008269	269_CTAGTGATCAAAGTAG	TRUE
NIH_Sa_CTAGTGATCTGTGCAA	NIH_Sa	CTAGTGATCTGTGCAA	NIH	SRR11008269	269_CTAGTGATCTGTGCAA	TRUE
NIH_Sa_CTCACACCAGCGTCCA	NIH_Sa	CTCACACCAGCGTCCA	NIH	SRR11008269	269_CTCACACCAGCGTCCA	TRUE
NIH_Sa_CTCATTAAGGATGGTC	NIH_Sa	CTCATTAAGGATGGTC	NIH	SRR11008269	269_CTCATTAAGGATGGTC	TRUE
NIH_Sa_CTCCTAGAGGGCTCTC	NIH_Sa	CTCCTAGAGGGCTCTC	NIH	SRR11008269	269_CTCCTAGAGGGCTCTC	TRUE
NIH_Sa_CTCCTAGCAATGGACG	NIH_Sa	CTCCTAGCAATGGACG	NIH	SRR11008269	269_CTCCTAGCAATGGACG	TRUE
NIH_Sa_CTCGAAAGTCGGCACT	NIH_Sa	CTCGAAAGTCGGCACT	NIH	SRR11008269	269_CTCGAAAGTCGGCACT	TRUE
NIH_Sa_CTCGAAATCCTTGCCA	NIH_Sa	CTCGAAATCCTTGCCA	NIH	SRR11008269	269_CTCGAAATCCTTGCCA	TRUE
NIH_Sa_CTCGAAATCTTTCCTC	NIH_Sa	CTCGAAATCTTTCCTC	NIH	SRR11008269	269_CTCGAAATCTTTCCTC	TRUE
NIH_Sa_CTCGAGGAGATGAGAG	NIH_Sa	CTCGAGGAGATGAGAG	NIH	SRR11008269	269_CTCGAGGAGATGAGAG	TRUE
NIH_Sa_CTCGAGGAGGCAGTCA	NIH_Sa	CTCGAGGAGGCAGTCA	NIH	SRR11008269	269_CTCGAGGAGGCAGTCA	TRUE
NIH_Sa_CTCGAGGCATCTGGTA	NIH_Sa	CTCGAGGCATCTGGTA	NIH	SRR11008269	269_CTCGAGGCATCTGGTA	TRUE
NIH_Sa_CTCGGAGAGGCAGTCA	NIH_Sa	CTCGGAGAGGCAGTCA	NIH	SRR11008269	269_CTCGGAGAGGCAGTCA	TRUE
NIH_Sa_CTCGGAGCAACTGCTA	NIH_Sa	CTCGGAGCAACTGCTA	NIH	SRR11008269	269_CTCGGAGCAACTGCTA	TRUE
NIH_Sa_CTCGGAGCATCACGAT	NIH_Sa	CTCGGAGCATCACGAT	NIH	SRR11008269	269_CTCGGAGCATCACGAT	TRUE
NIH_Sa_CTCGGAGGTTACGACT	NIH_Sa	CTCGGAGGTTACGACT	NIH	SRR11008269	269_CTCGGAGGTTACGACT	TRUE
NIH_Sa_CTCGGGAGTGGTGTAG	NIH_Sa	CTCGGGAGTGGTGTAG	NIH	SRR11008269	269_CTCGGGAGTGGTGTAG	TRUE
NIH_Sa_CTCGGGAGTTCTGAAC	NIH_Sa	CTCGGGAGTTCTGAAC	NIH	SRR11008269	269_CTCGGGAGTTCTGAAC	TRUE
NIH_Sa_CTCGTACCATGAGCGA	NIH_Sa	CTCGTACCATGAGCGA	NIH	SRR11008269	269_CTCGTACCATGAGCGA	TRUE
NIH_Sa_CTCGTACGTCATCCCT	NIH_Sa	CTCGTACGTCATCCCT	NIH	SRR11008269	269_CTCGTACGTCATCCCT	TRUE
NIH_Sa_CTCGTACTCTGTGCAA	NIH_Sa	CTCGTACTCTGTGCAA	NIH	SRR11008269	269_CTCGTACTCTGTGCAA	TRUE
NIH_Sa_CTCGTCACAAACGCGA	NIH_Sa	CTCGTCACAAACGCGA	NIH	SRR11008269	269_CTCGTCACAAACGCGA	TRUE
NIH_Sa_CTCGTCAGTACCGAGA	NIH_Sa	CTCGTCAGTACCGAGA	NIH	SRR11008269	269_CTCGTCAGTACCGAGA	TRUE
NIH_Sa_CTCTAATGTCAAAGAT	NIH_Sa	CTCTAATGTCAAAGAT	NIH	SRR11008269	269_CTCTAATGTCAAAGAT	TRUE
NIH_Sa_CTCTACGAGTCGAGTG	NIH_Sa	CTCTACGAGTCGAGTG	NIH	SRR11008269	269_CTCTACGAGTCGAGTG	TRUE
NIH_Sa_CTCTACGCAGTCGTGC	NIH_Sa	CTCTACGCAGTCGTGC	NIH	SRR11008269	269_CTCTACGCAGTCGTGC	TRUE
NIH_Sa_CTCTACGTCACTCTTA	NIH_Sa	CTCTACGTCACTCTTA	NIH	SRR11008269	269_CTCTACGTCACTCTTA	TRUE
NIH_Sa_CTCTACGTCTCACATT	NIH_Sa	CTCTACGTCTCACATT	NIH	SRR11008269	269_CTCTACGTCTCACATT	TRUE
NIH_Sa_CTGAAGTCAGCCTTGG	NIH_Sa	CTGAAGTCAGCCTTGG	NIH	SRR11008269	269_CTGAAGTCAGCCTTGG	TRUE
NIH_Sa_CTGATAGCAGCGTAAG	NIH_Sa	CTGATAGCAGCGTAAG	NIH	SRR11008269	269_CTGATAGCAGCGTAAG	TRUE
NIH_Sa_CTGATAGGTACCGTAT	NIH_Sa	CTGATAGGTACCGTAT	NIH	SRR11008269	269_CTGATAGGTACCGTAT	TRUE
NIH_Sa_CTGATAGTCATCACCC	NIH_Sa	CTGATAGTCATCACCC	NIH	SRR11008269	269_CTGATAGTCATCACCC	TRUE
NIH_Sa_CTGATCCAGCGATAGC	NIH_Sa	CTGATCCAGCGATAGC	NIH	SRR11008269	269_CTGATCCAGCGATAGC	FALSE
NIH_Sa_CTGATCCAGCGGCTTC	NIH_Sa	CTGATCCAGCGGCTTC	NIH	SRR11008269	269_CTGATCCAGCGGCTTC	TRUE
NIH_Sa_CTGATCCAGTACGCCC	NIH_Sa	CTGATCCAGTACGCCC	NIH	SRR11008269	269_CTGATCCAGTACGCCC	TRUE
NIH_Sa_CTGATCCCAGTATCTG	NIH_Sa	CTGATCCCAGTATCTG	NIH	SRR11008269	269_CTGATCCCAGTATCTG	TRUE
NIH_Sa_CTGATCCGTGTGTGCC	NIH_Sa	CTGATCCGTGTGTGCC	NIH	SRR11008269	269_CTGATCCGTGTGTGCC	TRUE
NIH_Sa_CTGATCCTCAAACGGG	NIH_Sa	CTGATCCTCAAACGGG	NIH	SRR11008269	269_CTGATCCTCAAACGGG	TRUE
NIH_Sa_CTGCCTAGTCGTTGTA	NIH_Sa	CTGCCTAGTCGTTGTA	NIH	SRR11008269	269_CTGCCTAGTCGTTGTA	FALSE
NIH_Sa_CTGCGGAGTCATGCCG	NIH_Sa	CTGCGGAGTCATGCCG	NIH	SRR11008269	269_CTGCGGAGTCATGCCG	TRUE
NIH_Sa_CTGCGGAGTTCTGTTT	NIH_Sa	CTGCGGAGTTCTGTTT	NIH	SRR11008269	269_CTGCGGAGTTCTGTTT	TRUE
NIH_Sa_CTGCTGTGTTAAGACA	NIH_Sa	CTGCTGTGTTAAGACA	NIH	SRR11008269	269_CTGCTGTGTTAAGACA	TRUE
NIH_Sa_CTGTGCTGTCTGCCAG	NIH_Sa	CTGTGCTGTCTGCCAG	NIH	SRR11008269	269_CTGTGCTGTCTGCCAG	TRUE
NIH_Sa_CTGTTTAAGGGTCGAT	NIH_Sa	CTGTTTAAGGGTCGAT	NIH	SRR11008269	269_CTGTTTAAGGGTCGAT	TRUE
NIH_Sa_CTTAACTCATTACGAC	NIH_Sa	CTTAACTCATTACGAC	NIH	SRR11008269	269_CTTAACTCATTACGAC	TRUE
NIH_Sa_CTTAACTGTTCTCATT	NIH_Sa	CTTAACTGTTCTCATT	NIH	SRR11008269	269_CTTAACTGTTCTCATT	TRUE
NIH_Sa_CTTACCGAGACCTTTG	NIH_Sa	CTTACCGAGACCTTTG	NIH	SRR11008269	269_CTTACCGAGACCTTTG	TRUE
NIH_Sa_CTTAGGACACCGCTAG	NIH_Sa	CTTAGGACACCGCTAG	NIH	SRR11008269	269_CTTAGGACACCGCTAG	TRUE
NIH_Sa_CTTCTCTAGCCAGTAG	NIH_Sa	CTTCTCTAGCCAGTAG	NIH	SRR11008269	269_CTTCTCTAGCCAGTAG	TRUE
NIH_Sa_CTTCTCTGTCTAGCGC	NIH_Sa	CTTCTCTGTCTAGCGC	NIH	SRR11008269	269_CTTCTCTGTCTAGCGC	TRUE
NIH_Sa_CTTCTCTTCTGGGCCA	NIH_Sa	CTTCTCTTCTGGGCCA	NIH	SRR11008269	269_CTTCTCTTCTGGGCCA	TRUE
NIH_Sa_CTTGGCTCACGGCGTT	NIH_Sa	CTTGGCTCACGGCGTT	NIH	SRR11008269	269_CTTGGCTCACGGCGTT	TRUE
NIH_Sa_CTTTGCGCATTGGGCC	NIH_Sa	CTTTGCGCATTGGGCC	NIH	SRR11008269	269_CTTTGCGCATTGGGCC	TRUE
NIH_Sa_GAAACTCAGTACGACG	NIH_Sa	GAAACTCAGTACGACG	NIH	SRR11008269	269_GAAACTCAGTACGACG	TRUE
NIH_Sa_GAAACTCCAGATGGGT	NIH_Sa	GAAACTCCAGATGGGT	NIH	SRR11008269	269_GAAACTCCAGATGGGT	TRUE
NIH_Sa_GAAACTCGTGAGTGAC	NIH_Sa	GAAACTCGTGAGTGAC	NIH	SRR11008269	269_GAAACTCGTGAGTGAC	TRUE
NIH_Sa_GAAACTCTCAAACGGG	NIH_Sa	GAAACTCTCAAACGGG	NIH	SRR11008269	269_GAAACTCTCAAACGGG	TRUE
NIH_Sa_GAAACTCTCGTAGGAG	NIH_Sa	GAAACTCTCGTAGGAG	NIH	SRR11008269	269_GAAACTCTCGTAGGAG	TRUE
NIH_Sa_GAAATGAAGACTCGGA	NIH_Sa	GAAATGAAGACTCGGA	NIH	SRR11008269	269_GAAATGAAGACTCGGA	TRUE
NIH_Sa_GAAATGAGTCGCGTGT	NIH_Sa	GAAATGAGTCGCGTGT	NIH	SRR11008269	269_GAAATGAGTCGCGTGT	TRUE
NIH_Sa_GAACATCAGAGGTTGC	NIH_Sa	GAACATCAGAGGTTGC	NIH	SRR11008269	269_GAACATCAGAGGTTGC	TRUE
NIH_Sa_GAACCTAAGACTGTAA	NIH_Sa	GAACCTAAGACTGTAA	NIH	SRR11008269	269_GAACCTAAGACTGTAA	TRUE
NIH_Sa_GAACGGAAGTGCGATG	NIH_Sa	GAACGGAAGTGCGATG	NIH	SRR11008269	269_GAACGGAAGTGCGATG	TRUE
NIH_Sa_GAACGGAGTGCCTGTG	NIH_Sa	GAACGGAGTGCCTGTG	NIH	SRR11008269	269_GAACGGAGTGCCTGTG	TRUE
NIH_Sa_GAAGCAGCAGACTCGC	NIH_Sa	GAAGCAGCAGACTCGC	NIH	SRR11008269	269_GAAGCAGCAGACTCGC	TRUE
NIH_Sa_GAATAAGCATAAGACA	NIH_Sa	GAATAAGCATAAGACA	NIH	SRR11008269	269_GAATAAGCATAAGACA	TRUE
NIH_Sa_GAATAAGTCACATAGC	NIH_Sa	GAATAAGTCACATAGC	NIH	SRR11008269	269_GAATAAGTCACATAGC	TRUE
NIH_Sa_GACACGCCAAGCCGTC	NIH_Sa	GACACGCCAAGCCGTC	NIH	SRR11008269	269_GACACGCCAAGCCGTC	TRUE
NIH_Sa_GACACGCCAGGATTGG	NIH_Sa	GACACGCCAGGATTGG	NIH	SRR11008269	269_GACACGCCAGGATTGG	TRUE
NIH_Sa_GACACGCCATGATCCA	NIH_Sa	GACACGCCATGATCCA	NIH	SRR11008269	269_GACACGCCATGATCCA	TRUE
NIH_Sa_GACAGAGCACCAGCAC	NIH_Sa	GACAGAGCACCAGCAC	NIH	SRR11008269	269_GACAGAGCACCAGCAC	TRUE
NIH_Sa_GACAGAGCAGGGCATA	NIH_Sa	GACAGAGCAGGGCATA	NIH	SRR11008269	269_GACAGAGCAGGGCATA	TRUE
NIH_Sa_GACCAATAGAGGTACC	NIH_Sa	GACCAATAGAGGTACC	NIH	SRR11008269	269_GACCAATAGAGGTACC	TRUE
NIH_Sa_GACCAATAGGATCGCA	NIH_Sa	GACCAATAGGATCGCA	NIH	SRR11008269	269_GACCAATAGGATCGCA	TRUE
NIH_Sa_GACCTGGAGAAGGTTT	NIH_Sa	GACCTGGAGAAGGTTT	NIH	SRR11008269	269_GACCTGGAGAAGGTTT	TRUE
NIH_Sa_GACGCGTGTATATGAG	NIH_Sa	GACGCGTGTATATGAG	NIH	SRR11008269	269_GACGCGTGTATATGAG	TRUE
NIH_Sa_GACGCGTGTCCGAAGA	NIH_Sa	GACGCGTGTCCGAAGA	NIH	SRR11008269	269_GACGCGTGTCCGAAGA	TRUE
NIH_Sa_GACGCGTTCCGAACGC	NIH_Sa	GACGCGTTCCGAACGC	NIH	SRR11008269	269_GACGCGTTCCGAACGC	TRUE
NIH_Sa_GACGGCTAGGTCGGAT	NIH_Sa	GACGGCTAGGTCGGAT	NIH	SRR11008269	269_GACGGCTAGGTCGGAT	TRUE
NIH_Sa_GACGGCTCAAGCCATT	NIH_Sa	GACGGCTCAAGCCATT	NIH	SRR11008269	269_GACGGCTCAAGCCATT	TRUE
NIH_Sa_GACGGCTCAAGTCTAC	NIH_Sa	GACGGCTCAAGTCTAC	NIH	SRR11008269	269_GACGGCTCAAGTCTAC	TRUE
NIH_Sa_GACGGCTTCATGCTCC	NIH_Sa	GACGGCTTCATGCTCC	NIH	SRR11008269	269_GACGGCTTCATGCTCC	TRUE
NIH_Sa_GACGGCTTCCTGCTTG	NIH_Sa	GACGGCTTCCTGCTTG	NIH	SRR11008269	269_GACGGCTTCCTGCTTG	TRUE
NIH_Sa_GACGTGCAGATCCGAG	NIH_Sa	GACGTGCAGATCCGAG	NIH	SRR11008269	269_GACGTGCAGATCCGAG	TRUE
NIH_Sa_GACGTGCTCGTGGTCG	NIH_Sa	GACGTGCTCGTGGTCG	NIH	SRR11008269	269_GACGTGCTCGTGGTCG	TRUE
NIH_Sa_GACGTTAGTGCAACGA	NIH_Sa	GACGTTAGTGCAACGA	NIH	SRR11008269	269_GACGTTAGTGCAACGA	TRUE
NIH_Sa_GACTAACAGAATGTGT	NIH_Sa	GACTAACAGAATGTGT	NIH	SRR11008269	269_GACTAACAGAATGTGT	TRUE
NIH_Sa_GACTAACGTTTAGGAA	NIH_Sa	GACTAACGTTTAGGAA	NIH	SRR11008269	269_GACTAACGTTTAGGAA	TRUE
NIH_Sa_GACTACACAAGTCTAC	NIH_Sa	GACTACACAAGTCTAC	NIH	SRR11008269	269_GACTACACAAGTCTAC	TRUE
NIH_Sa_GACTGCGAGCCACTAT	NIH_Sa	GACTGCGAGCCACTAT	NIH	SRR11008269	269_GACTGCGAGCCACTAT	TRUE
NIH_Sa_GACTGCGAGCTGCCCA	NIH_Sa	GACTGCGAGCTGCCCA	NIH	SRR11008269	269_GACTGCGAGCTGCCCA	TRUE
NIH_Sa_GACTGCGTCAGGTTCA	NIH_Sa	GACTGCGTCAGGTTCA	NIH	SRR11008269	269_GACTGCGTCAGGTTCA	TRUE
NIH_Sa_GACTGCGTCCCTAACC	NIH_Sa	GACTGCGTCCCTAACC	NIH	SRR11008269	269_GACTGCGTCCCTAACC	TRUE
NIH_Sa_GAGCAGAGTTGTACAC	NIH_Sa	GAGCAGAGTTGTACAC	NIH	SRR11008269	269_GAGCAGAGTTGTACAC	TRUE
NIH_Sa_GAGGTGAAGTCATCCA	NIH_Sa	GAGGTGAAGTCATCCA	NIH	SRR11008269	269_GAGGTGAAGTCATCCA	TRUE
NIH_Sa_GAGTCCGCACGAAATA	NIH_Sa	GAGTCCGCACGAAATA	NIH	SRR11008269	269_GAGTCCGCACGAAATA	TRUE
NIH_Sa_GAGTCCGCAGATAATG	NIH_Sa	GAGTCCGCAGATAATG	NIH	SRR11008269	269_GAGTCCGCAGATAATG	TRUE
NIH_Sa_GAGTCCGCAGCTCCGA	NIH_Sa	GAGTCCGCAGCTCCGA	NIH	SRR11008269	269_GAGTCCGCAGCTCCGA	TRUE
NIH_Sa_GAGTCCGGTCTTGCGG	NIH_Sa	GAGTCCGGTCTTGCGG	NIH	SRR11008269	269_GAGTCCGGTCTTGCGG	TRUE
NIH_Sa_GATCAGTCAACGCACC	NIH_Sa	GATCAGTCAACGCACC	NIH	SRR11008269	269_GATCAGTCAACGCACC	TRUE
NIH_Sa_GATCAGTGTTAAAGTG	NIH_Sa	GATCAGTGTTAAAGTG	NIH	SRR11008269	269_GATCAGTGTTAAAGTG	TRUE
NIH_Sa_GATCGATCACGTGAGA	NIH_Sa	GATCGATCACGTGAGA	NIH	SRR11008269	269_GATCGATCACGTGAGA	TRUE
NIH_Sa_GATCGATCAGTCACTA	NIH_Sa	GATCGATCAGTCACTA	NIH	SRR11008269	269_GATCGATCAGTCACTA	TRUE
NIH_Sa_GATCGATGTTACGGAG	NIH_Sa	GATCGATGTTACGGAG	NIH	SRR11008269	269_GATCGATGTTACGGAG	TRUE
NIH_Sa_GATCGCGTCAATCTCT	NIH_Sa	GATCGCGTCAATCTCT	NIH	SRR11008269	269_GATCGCGTCAATCTCT	TRUE
NIH_Sa_GATCGTACATCTCCCA	NIH_Sa	GATCGTACATCTCCCA	NIH	SRR11008269	269_GATCGTACATCTCCCA	TRUE
NIH_Sa_GATCGTAGTATTCGTG	NIH_Sa	GATCGTAGTATTCGTG	NIH	SRR11008269	269_GATCGTAGTATTCGTG	TRUE
NIH_Sa_GATCGTAGTGCGAAAC	NIH_Sa	GATCGTAGTGCGAAAC	NIH	SRR11008269	269_GATCGTAGTGCGAAAC	TRUE
NIH_Sa_GATCTAGTCACGACTA	NIH_Sa	GATCTAGTCACGACTA	NIH	SRR11008269	269_GATCTAGTCACGACTA	TRUE
NIH_Sa_GATGAAAGTGCATCTA	NIH_Sa	GATGAAAGTGCATCTA	NIH	SRR11008269	269_GATGAAAGTGCATCTA	TRUE
NIH_Sa_GATGAAAGTGCTGTAT	NIH_Sa	GATGAAAGTGCTGTAT	NIH	SRR11008269	269_GATGAAAGTGCTGTAT	TRUE
NIH_Sa_GATGCTATCAGTCAGT	NIH_Sa	GATGCTATCAGTCAGT	NIH	SRR11008269	269_GATGCTATCAGTCAGT	TRUE
NIH_Sa_GATTCAGCACATGTGT	NIH_Sa	GATTCAGCACATGTGT	NIH	SRR11008269	269_GATTCAGCACATGTGT	TRUE
NIH_Sa_GATTCAGGTGTTCGAT	NIH_Sa	GATTCAGGTGTTCGAT	NIH	SRR11008269	269_GATTCAGGTGTTCGAT	TRUE
NIH_Sa_GCAAACTCACCGAATT	NIH_Sa	GCAAACTCACCGAATT	NIH	SRR11008269	269_GCAAACTCACCGAATT	TRUE
NIH_Sa_GCAAACTGTCAAAGCG	NIH_Sa	GCAAACTGTCAAAGCG	NIH	SRR11008269	269_GCAAACTGTCAAAGCG	TRUE
NIH_Sa_GCAAACTGTCATCCCT	NIH_Sa	GCAAACTGTCATCCCT	NIH	SRR11008269	269_GCAAACTGTCATCCCT	TRUE
NIH_Sa_GCAAACTTCTGGCGTG	NIH_Sa	GCAAACTTCTGGCGTG	NIH	SRR11008269	269_GCAAACTTCTGGCGTG	TRUE
NIH_Sa_GCAATCAGTCGACTGC	NIH_Sa	GCAATCAGTCGACTGC	NIH	SRR11008269	269_GCAATCAGTCGACTGC	TRUE
NIH_Sa_GCACATACAGTGGGAT	NIH_Sa	GCACATACAGTGGGAT	NIH	SRR11008269	269_GCACATACAGTGGGAT	TRUE
NIH_Sa_GCACATAGTCCCGACA	NIH_Sa	GCACATAGTCCCGACA	NIH	SRR11008269	269_GCACATAGTCCCGACA	TRUE
NIH_Sa_GCACTCTAGAGACGAA	NIH_Sa	GCACTCTAGAGACGAA	NIH	SRR11008269	269_GCACTCTAGAGACGAA	TRUE
NIH_Sa_GCAGTTAAGCGATATA	NIH_Sa	GCAGTTAAGCGATATA	NIH	SRR11008269	269_GCAGTTAAGCGATATA	TRUE
NIH_Sa_GCAGTTAAGCGCTCCA	NIH_Sa	GCAGTTAAGCGCTCCA	NIH	SRR11008269	269_GCAGTTAAGCGCTCCA	TRUE
NIH_Sa_GCATACAAGCCAGTTT	NIH_Sa	GCATACAAGCCAGTTT	NIH	SRR11008269	269_GCATACAAGCCAGTTT	TRUE
NIH_Sa_GCATACACACGCCAGT	NIH_Sa	GCATACACACGCCAGT	NIH	SRR11008269	269_GCATACACACGCCAGT	TRUE
NIH_Sa_GCATACACATGGATGG	NIH_Sa	GCATACACATGGATGG	NIH	SRR11008269	269_GCATACACATGGATGG	TRUE
NIH_Sa_GCATACATCAGGCAAG	NIH_Sa	GCATACATCAGGCAAG	NIH	SRR11008269	269_GCATACATCAGGCAAG	TRUE
NIH_Sa_GCATGATCAGTGAGTG	NIH_Sa	GCATGATCAGTGAGTG	NIH	SRR11008269	269_GCATGATCAGTGAGTG	TRUE
NIH_Sa_GCATGCGCATCACCCT	NIH_Sa	GCATGCGCATCACCCT	NIH	SRR11008269	269_GCATGCGCATCACCCT	TRUE
NIH_Sa_GCATGTAAGGATGCGT	NIH_Sa	GCATGTAAGGATGCGT	NIH	SRR11008269	269_GCATGTAAGGATGCGT	TRUE
NIH_Sa_GCATGTACAGACAAAT	NIH_Sa	GCATGTACAGACAAAT	NIH	SRR11008269	269_GCATGTACAGACAAAT	TRUE
NIH_Sa_GCCAAATAGCTCCTCT	NIH_Sa	GCCAAATAGCTCCTCT	NIH	SRR11008269	269_GCCAAATAGCTCCTCT	TRUE
NIH_Sa_GCCAAATAGGTAAACT	NIH_Sa	GCCAAATAGGTAAACT	NIH	SRR11008269	269_GCCAAATAGGTAAACT	TRUE
NIH_Sa_GCCAAATAGTTCGCGC	NIH_Sa	GCCAAATAGTTCGCGC	NIH	SRR11008269	269_GCCAAATAGTTCGCGC	TRUE
NIH_Sa_GCCTCTACATCCCATC	NIH_Sa	GCCTCTACATCCCATC	NIH	SRR11008269	269_GCCTCTACATCCCATC	TRUE
NIH_Sa_GCCTCTACATCCTTGC	NIH_Sa	GCCTCTACATCCTTGC	NIH	SRR11008269	269_GCCTCTACATCCTTGC	TRUE
NIH_Sa_GCGACCAAGATGTTAG	NIH_Sa	GCGACCAAGATGTTAG	NIH	SRR11008269	269_GCGACCAAGATGTTAG	TRUE
NIH_Sa_GCGACCATCTATCGCC	NIH_Sa	GCGACCATCTATCGCC	NIH	SRR11008269	269_GCGACCATCTATCGCC	TRUE
NIH_Sa_GCGAGAAAGTGTACCT	NIH_Sa	GCGAGAAAGTGTACCT	NIH	SRR11008269	269_GCGAGAAAGTGTACCT	TRUE
NIH_Sa_GCGCAGTTCATACGGT	NIH_Sa	GCGCAGTTCATACGGT	NIH	SRR11008269	269_GCGCAGTTCATACGGT	TRUE
NIH_Sa_GCGCCAAAGGGATCTG	NIH_Sa	GCGCCAAAGGGATCTG	NIH	SRR11008269	269_GCGCCAAAGGGATCTG	TRUE
NIH_Sa_GCGCCAAGTTACGGAG	NIH_Sa	GCGCCAAGTTACGGAG	NIH	SRR11008269	269_GCGCCAAGTTACGGAG	TRUE
NIH_Sa_GCGCGATAGATCTGAA	NIH_Sa	GCGCGATAGATCTGAA	NIH	SRR11008269	269_GCGCGATAGATCTGAA	TRUE
NIH_Sa_GCGCGATCATTCCTGC	NIH_Sa	GCGCGATCATTCCTGC	NIH	SRR11008269	269_GCGCGATCATTCCTGC	TRUE
NIH_Sa_GCGCGATGTTGATTCG	NIH_Sa	GCGCGATGTTGATTCG	NIH	SRR11008269	269_GCGCGATGTTGATTCG	TRUE
NIH_Sa_GCGGGTTAGGAATCGC	NIH_Sa	GCGGGTTAGGAATCGC	NIH	SRR11008269	269_GCGGGTTAGGAATCGC	TRUE
NIH_Sa_GCTCTGTCAGGTCGTC	NIH_Sa	GCTCTGTCAGGTCGTC	NIH	SRR11008269	269_GCTCTGTCAGGTCGTC	TRUE
NIH_Sa_GCTCTGTCAGTGGAGT	NIH_Sa	GCTCTGTCAGTGGAGT	NIH	SRR11008269	269_GCTCTGTCAGTGGAGT	TRUE
NIH_Sa_GCTCTGTTCAAGCCTA	NIH_Sa	GCTCTGTTCAAGCCTA	NIH	SRR11008269	269_GCTCTGTTCAAGCCTA	TRUE
NIH_Sa_GCTCTGTTCCGCAGTG	NIH_Sa	GCTCTGTTCCGCAGTG	NIH	SRR11008269	269_GCTCTGTTCCGCAGTG	TRUE
NIH_Sa_GCTGCAGGTAAAGTCA	NIH_Sa	GCTGCAGGTAAAGTCA	NIH	SRR11008269	269_GCTGCAGGTAAAGTCA	TRUE
NIH_Sa_GCTGCTTAGATCCTGT	NIH_Sa	GCTGCTTAGATCCTGT	NIH	SRR11008269	269_GCTGCTTAGATCCTGT	TRUE
NIH_Sa_GCTGCTTTCCTCGCAT	NIH_Sa	GCTGCTTTCCTCGCAT	NIH	SRR11008269	269_GCTGCTTTCCTCGCAT	TRUE
NIH_Sa_GCTGGGTAGCATGGCA	NIH_Sa	GCTGGGTAGCATGGCA	NIH	SRR11008269	269_GCTGGGTAGCATGGCA	TRUE
NIH_Sa_GCTGGGTAGTGACATA	NIH_Sa	GCTGGGTAGTGACATA	NIH	SRR11008269	269_GCTGGGTAGTGACATA	TRUE
NIH_Sa_GCTGGGTCAATCTGCA	NIH_Sa	GCTGGGTCAATCTGCA	NIH	SRR11008269	269_GCTGGGTCAATCTGCA	TRUE
NIH_Sa_GCTGGGTTCAGGTAAA	NIH_Sa	GCTGGGTTCAGGTAAA	NIH	SRR11008269	269_GCTGGGTTCAGGTAAA	TRUE
NIH_Sa_GCTTCCACAGTATCTG	NIH_Sa	GCTTCCACAGTATCTG	NIH	SRR11008269	269_GCTTCCACAGTATCTG	TRUE
NIH_Sa_GCTTGAAGTGCTCTTC	NIH_Sa	GCTTGAAGTGCTCTTC	NIH	SRR11008269	269_GCTTGAAGTGCTCTTC	TRUE
NIH_Sa_GGAAAGCCATCCCATC	NIH_Sa	GGAAAGCCATCCCATC	NIH	SRR11008269	269_GGAAAGCCATCCCATC	TRUE
NIH_Sa_GGAAAGCGTAGCGATG	NIH_Sa	GGAAAGCGTAGCGATG	NIH	SRR11008269	269_GGAAAGCGTAGCGATG	TRUE
NIH_Sa_GGAAAGCTCCGCTGTT	NIH_Sa	GGAAAGCTCCGCTGTT	NIH	SRR11008269	269_GGAAAGCTCCGCTGTT	TRUE
NIH_Sa_GGAACTTAGTGGAGTC	NIH_Sa	GGAACTTAGTGGAGTC	NIH	SRR11008269	269_GGAACTTAGTGGAGTC	TRUE
NIH_Sa_GGAACTTCATATACGC	NIH_Sa	GGAACTTCATATACGC	NIH	SRR11008269	269_GGAACTTCATATACGC	FALSE
NIH_Sa_GGAACTTTCAGCTCTC	NIH_Sa	GGAACTTTCAGCTCTC	NIH	SRR11008269	269_GGAACTTTCAGCTCTC	TRUE
NIH_Sa_GGAATAACAAGCTGGA	NIH_Sa	GGAATAACAAGCTGGA	NIH	SRR11008269	269_GGAATAACAAGCTGGA	TRUE
NIH_Sa_GGAATAACAGTGAGTG	NIH_Sa	GGAATAACAGTGAGTG	NIH	SRR11008269	269_GGAATAACAGTGAGTG	TRUE
NIH_Sa_GGACAAGCAGCTTCGG	NIH_Sa	GGACAAGCAGCTTCGG	NIH	SRR11008269	269_GGACAAGCAGCTTCGG	TRUE
NIH_Sa_GGACAAGTCCAGAAGG	NIH_Sa	GGACAAGTCCAGAAGG	NIH	SRR11008269	269_GGACAAGTCCAGAAGG	TRUE
NIH_Sa_GGACAGAGTCATATCG	NIH_Sa	GGACAGAGTCATATCG	NIH	SRR11008269	269_GGACAGAGTCATATCG	TRUE
NIH_Sa_GGACAGAGTTATCCGA	NIH_Sa	GGACAGAGTTATCCGA	NIH	SRR11008269	269_GGACAGAGTTATCCGA	TRUE
NIH_Sa_GGACGTCAGCGACGTA	NIH_Sa	GGACGTCAGCGACGTA	NIH	SRR11008269	269_GGACGTCAGCGACGTA	TRUE
NIH_Sa_GGACGTCCAAAGGTGC	NIH_Sa	GGACGTCCAAAGGTGC	NIH	SRR11008269	269_GGACGTCCAAAGGTGC	TRUE
NIH_Sa_GGACGTCTCATATCGG	NIH_Sa	GGACGTCTCATATCGG	NIH	SRR11008269	269_GGACGTCTCATATCGG	TRUE
NIH_Sa_GGACGTCTCGGAGCAA	NIH_Sa	GGACGTCTCGGAGCAA	NIH	SRR11008269	269_GGACGTCTCGGAGCAA	TRUE
NIH_Sa_GGAGCAACACGAAATA	NIH_Sa	GGAGCAACACGAAATA	NIH	SRR11008269	269_GGAGCAACACGAAATA	TRUE
NIH_Sa_GGAGCAAGTGTGCGTC	NIH_Sa	GGAGCAAGTGTGCGTC	NIH	SRR11008269	269_GGAGCAAGTGTGCGTC	TRUE
NIH_Sa_GGATGTTTCCCTCTTT	NIH_Sa	GGATGTTTCCCTCTTT	NIH	SRR11008269	269_GGATGTTTCCCTCTTT	TRUE
NIH_Sa_GGATTACTCATGCAAC	NIH_Sa	GGATTACTCATGCAAC	NIH	SRR11008269	269_GGATTACTCATGCAAC	TRUE
NIH_Sa_GGCAATTAGTGTACTC	NIH_Sa	GGCAATTAGTGTACTC	NIH	SRR11008269	269_GGCAATTAGTGTACTC	TRUE
NIH_Sa_GGCAATTCACTTAACG	NIH_Sa	GGCAATTCACTTAACG	NIH	SRR11008269	269_GGCAATTCACTTAACG	TRUE
NIH_Sa_GGCCGATCACAGATTC	NIH_Sa	GGCCGATCACAGATTC	NIH	SRR11008269	269_GGCCGATCACAGATTC	TRUE
NIH_Sa_GGCCGATCATACGCCG	NIH_Sa	GGCCGATCATACGCCG	NIH	SRR11008269	269_GGCCGATCATACGCCG	TRUE
NIH_Sa_GGCGACTGTGCATCTA	NIH_Sa	GGCGACTGTGCATCTA	NIH	SRR11008269	269_GGCGACTGTGCATCTA	TRUE
NIH_Sa_GGCGACTTCTTGCAAG	NIH_Sa	GGCGACTTCTTGCAAG	NIH	SRR11008269	269_GGCGACTTCTTGCAAG	TRUE
NIH_Sa_GGCGTGTCAGATCTGT	NIH_Sa	GGCGTGTCAGATCTGT	NIH	SRR11008269	269_GGCGTGTCAGATCTGT	TRUE
NIH_Sa_GGCTCGATCGTTTAGG	NIH_Sa	GGCTCGATCGTTTAGG	NIH	SRR11008269	269_GGCTCGATCGTTTAGG	TRUE
NIH_Sa_GGCTGGTTCACGAAGG	NIH_Sa	GGCTGGTTCACGAAGG	NIH	SRR11008269	269_GGCTGGTTCACGAAGG	TRUE
NIH_Sa_GGGACCTAGGAGCGTT	NIH_Sa	GGGACCTAGGAGCGTT	NIH	SRR11008269	269_GGGACCTAGGAGCGTT	TRUE
NIH_Sa_GGGACCTGTCCGTCAG	NIH_Sa	GGGACCTGTCCGTCAG	NIH	SRR11008269	269_GGGACCTGTCCGTCAG	TRUE
NIH_Sa_GGGACCTTCGGTCTAA	NIH_Sa	GGGACCTTCGGTCTAA	NIH	SRR11008269	269_GGGACCTTCGGTCTAA	TRUE
NIH_Sa_GGGAGATCACAGAGGT	NIH_Sa	GGGAGATCACAGAGGT	NIH	SRR11008269	269_GGGAGATCACAGAGGT	TRUE
NIH_Sa_GGGATGACAGTGACAG	NIH_Sa	GGGATGACAGTGACAG	NIH	SRR11008269	269_GGGATGACAGTGACAG	TRUE
NIH_Sa_GGGATGATCGCTTGTC	NIH_Sa	GGGATGATCGCTTGTC	NIH	SRR11008269	269_GGGATGATCGCTTGTC	TRUE
NIH_Sa_GGGCATCCAGTATAAG	NIH_Sa	GGGCATCCAGTATAAG	NIH	SRR11008269	269_GGGCATCCAGTATAAG	TRUE
NIH_Sa_GGGCATCTCAGCGACC	NIH_Sa	GGGCATCTCAGCGACC	NIH	SRR11008269	269_GGGCATCTCAGCGACC	TRUE
NIH_Sa_GGGTCTGGTCTAGTGT	NIH_Sa	GGGTCTGGTCTAGTGT	NIH	SRR11008269	269_GGGTCTGGTCTAGTGT	TRUE
NIH_Sa_GGGTTGCAGCCCAACC	NIH_Sa	GGGTTGCAGCCCAACC	NIH	SRR11008269	269_GGGTTGCAGCCCAACC	TRUE
NIH_Sa_GGGTTGCTCTTGTATC	NIH_Sa	GGGTTGCTCTTGTATC	NIH	SRR11008269	269_GGGTTGCTCTTGTATC	TRUE
NIH_Sa_GGTATTGAGCTGTTCA	NIH_Sa	GGTATTGAGCTGTTCA	NIH	SRR11008269	269_GGTATTGAGCTGTTCA	TRUE
NIH_Sa_GGTATTGAGGCATGTG	NIH_Sa	GGTATTGAGGCATGTG	NIH	SRR11008269	269_GGTATTGAGGCATGTG	TRUE
NIH_Sa_GGTATTGCATTGAGCT	NIH_Sa	GGTATTGCATTGAGCT	NIH	SRR11008269	269_GGTATTGCATTGAGCT	TRUE
NIH_Sa_GGTGAAGCAGCTCGAC	NIH_Sa	GGTGAAGCAGCTCGAC	NIH	SRR11008269	269_GGTGAAGCAGCTCGAC	TRUE
NIH_Sa_GGTGAAGGTGGCAAAC	NIH_Sa	GGTGAAGGTGGCAAAC	NIH	SRR11008269	269_GGTGAAGGTGGCAAAC	TRUE
NIH_Sa_GGTGAAGGTGGCGAAT	NIH_Sa	GGTGAAGGTGGCGAAT	NIH	SRR11008269	269_GGTGAAGGTGGCGAAT	TRUE
NIH_Sa_GGTGCGTAGGAATGGA	NIH_Sa	GGTGCGTAGGAATGGA	NIH	SRR11008269	269_GGTGCGTAGGAATGGA	TRUE
NIH_Sa_GGTGCGTCACCCTATC	NIH_Sa	GGTGCGTCACCCTATC	NIH	SRR11008269	269_GGTGCGTCACCCTATC	TRUE
NIH_Sa_GGTGCGTCAGTGGAGT	NIH_Sa	GGTGCGTCAGTGGAGT	NIH	SRR11008269	269_GGTGCGTCAGTGGAGT	TRUE
NIH_Sa_GGTGTTACAAAGTGCG	NIH_Sa	GGTGTTACAAAGTGCG	NIH	SRR11008269	269_GGTGTTACAAAGTGCG	TRUE
NIH_Sa_GGTGTTACAGACGCAA	NIH_Sa	GGTGTTACAGACGCAA	NIH	SRR11008269	269_GGTGTTACAGACGCAA	TRUE
NIH_Sa_GGTGTTATCCCTTGTG	NIH_Sa	GGTGTTATCCCTTGTG	NIH	SRR11008269	269_GGTGTTATCCCTTGTG	TRUE
NIH_Sa_GGTGTTATCTAAGCCA	NIH_Sa	GGTGTTATCTAAGCCA	NIH	SRR11008269	269_GGTGTTATCTAAGCCA	TRUE
NIH_Sa_GTAACGTCATGTTGAC	NIH_Sa	GTAACGTCATGTTGAC	NIH	SRR11008269	269_GTAACGTCATGTTGAC	TRUE
NIH_Sa_GTAACGTGTTCAGCGC	NIH_Sa	GTAACGTGTTCAGCGC	NIH	SRR11008269	269_GTAACGTGTTCAGCGC	TRUE
NIH_Sa_GTAACTGAGGTCGGAT	NIH_Sa	GTAACTGAGGTCGGAT	NIH	SRR11008269	269_GTAACTGAGGTCGGAT	TRUE
NIH_Sa_GTACGTAAGATATGCA	NIH_Sa	GTACGTAAGATATGCA	NIH	SRR11008269	269_GTACGTAAGATATGCA	TRUE
NIH_Sa_GTACGTAGTCGAGATG	NIH_Sa	GTACGTAGTCGAGATG	NIH	SRR11008269	269_GTACGTAGTCGAGATG	TRUE
NIH_Sa_GTACTCCAGGGATACC	NIH_Sa	GTACTCCAGGGATACC	NIH	SRR11008269	269_GTACTCCAGGGATACC	TRUE
NIH_Sa_GTACTCCTCTTCTGGC	NIH_Sa	GTACTCCTCTTCTGGC	NIH	SRR11008269	269_GTACTCCTCTTCTGGC	TRUE
NIH_Sa_GTAGGCCAGCTGCAAG	NIH_Sa	GTAGGCCAGCTGCAAG	NIH	SRR11008269	269_GTAGGCCAGCTGCAAG	TRUE
NIH_Sa_GTAGGCCAGGAGCGAG	NIH_Sa	GTAGGCCAGGAGCGAG	NIH	SRR11008269	269_GTAGGCCAGGAGCGAG	TRUE
NIH_Sa_GTAGGCCTCAACGCTA	NIH_Sa	GTAGGCCTCAACGCTA	NIH	SRR11008269	269_GTAGGCCTCAACGCTA	TRUE
NIH_Sa_GTAGGCCTCTTGTATC	NIH_Sa	GTAGGCCTCTTGTATC	NIH	SRR11008269	269_GTAGGCCTCTTGTATC	TRUE
NIH_Sa_GTAGTCAAGGCATGTG	NIH_Sa	GTAGTCAAGGCATGTG	NIH	SRR11008269	269_GTAGTCAAGGCATGTG	TRUE
NIH_Sa_GTAGTCAGTAGCCTAT	NIH_Sa	GTAGTCAGTAGCCTAT	NIH	SRR11008269	269_GTAGTCAGTAGCCTAT	TRUE
NIH_Sa_GTAGTCATCACAACGT	NIH_Sa	GTAGTCATCACAACGT	NIH	SRR11008269	269_GTAGTCATCACAACGT	TRUE
NIH_Sa_GTATCTTCACGCCAGT	NIH_Sa	GTATCTTCACGCCAGT	NIH	SRR11008269	269_GTATCTTCACGCCAGT	TRUE
NIH_Sa_GTATTCTAGAGACTAT	NIH_Sa	GTATTCTAGAGACTAT	NIH	SRR11008269	269_GTATTCTAGAGACTAT	TRUE
NIH_Sa_GTCAAGTAGGATGGAA	NIH_Sa	GTCAAGTAGGATGGAA	NIH	SRR11008269	269_GTCAAGTAGGATGGAA	TRUE
NIH_Sa_GTCACAACATACTCTT	NIH_Sa	GTCACAACATACTCTT	NIH	SRR11008269	269_GTCACAACATACTCTT	TRUE
NIH_Sa_GTCACGGGTCTGGAGA	NIH_Sa	GTCACGGGTCTGGAGA	NIH	SRR11008269	269_GTCACGGGTCTGGAGA	TRUE
NIH_Sa_GTCACGGGTGACAAAT	NIH_Sa	GTCACGGGTGACAAAT	NIH	SRR11008269	269_GTCACGGGTGACAAAT	TRUE
NIH_Sa_GTCACGGTCCTCAACC	NIH_Sa	GTCACGGTCCTCAACC	NIH	SRR11008269	269_GTCACGGTCCTCAACC	TRUE
NIH_Sa_GTCATTTGTTCAGTAC	NIH_Sa	GTCATTTGTTCAGTAC	NIH	SRR11008269	269_GTCATTTGTTCAGTAC	TRUE
NIH_Sa_GTCATTTGTTGAGTTC	NIH_Sa	GTCATTTGTTGAGTTC	NIH	SRR11008269	269_GTCATTTGTTGAGTTC	TRUE
NIH_Sa_GTCCTCAAGAATTGTG	NIH_Sa	GTCCTCAAGAATTGTG	NIH	SRR11008269	269_GTCCTCAAGAATTGTG	TRUE
NIH_Sa_GTCGGGTGTAAGGATT	NIH_Sa	GTCGGGTGTAAGGATT	NIH	SRR11008269	269_GTCGGGTGTAAGGATT	TRUE
NIH_Sa_GTCGGGTTCGCCGTGA	NIH_Sa	GTCGGGTTCGCCGTGA	NIH	SRR11008269	269_GTCGGGTTCGCCGTGA	TRUE
NIH_Sa_GTCGTAACAATCACAC	NIH_Sa	GTCGTAACAATCACAC	NIH	SRR11008269	269_GTCGTAACAATCACAC	TRUE
NIH_Sa_GTCTCGTCACCGTTGG	NIH_Sa	GTCTCGTCACCGTTGG	NIH	SRR11008269	269_GTCTCGTCACCGTTGG	TRUE
NIH_Sa_GTGAAGGGTCCTCTTG	NIH_Sa	GTGAAGGGTCCTCTTG	NIH	SRR11008269	269_GTGAAGGGTCCTCTTG	TRUE
NIH_Sa_GTGAAGGGTGGTCTCG	NIH_Sa	GTGAAGGGTGGTCTCG	NIH	SRR11008269	269_GTGAAGGGTGGTCTCG	TRUE
NIH_Sa_GTGAAGGTCTCTAGGA	NIH_Sa	GTGAAGGTCTCTAGGA	NIH	SRR11008269	269_GTGAAGGTCTCTAGGA	TRUE
NIH_Sa_GTGCAGCCATTCCTCG	NIH_Sa	GTGCAGCCATTCCTCG	NIH	SRR11008269	269_GTGCAGCCATTCCTCG	TRUE
NIH_Sa_GTGCAGCTCCCATTAT	NIH_Sa	GTGCAGCTCCCATTAT	NIH	SRR11008269	269_GTGCAGCTCCCATTAT	TRUE
NIH_Sa_GTGCGGTAGGCCGAAT	NIH_Sa	GTGCGGTAGGCCGAAT	NIH	SRR11008269	269_GTGCGGTAGGCCGAAT	TRUE
NIH_Sa_GTGCGGTCAATAGCAA	NIH_Sa	GTGCGGTCAATAGCAA	NIH	SRR11008269	269_GTGCGGTCAATAGCAA	TRUE
NIH_Sa_GTGCGGTCAATTCCTT	NIH_Sa	GTGCGGTCAATTCCTT	NIH	SRR11008269	269_GTGCGGTCAATTCCTT	TRUE
NIH_Sa_GTGCGGTGTAAGTAGT	NIH_Sa	GTGCGGTGTAAGTAGT	NIH	SRR11008269	269_GTGCGGTGTAAGTAGT	TRUE
NIH_Sa_GTGCGGTGTTACGGAG	NIH_Sa	GTGCGGTGTTACGGAG	NIH	SRR11008269	269_GTGCGGTGTTACGGAG	TRUE
NIH_Sa_GTGCTTCAGTCTTGCA	NIH_Sa	GTGCTTCAGTCTTGCA	NIH	SRR11008269	269_GTGCTTCAGTCTTGCA	TRUE
NIH_Sa_GTGCTTCGTGCCTTGG	NIH_Sa	GTGCTTCGTGCCTTGG	NIH	SRR11008269	269_GTGCTTCGTGCCTTGG	TRUE
NIH_Sa_GTGCTTCTCTGAGGGA	NIH_Sa	GTGCTTCTCTGAGGGA	NIH	SRR11008269	269_GTGCTTCTCTGAGGGA	TRUE
NIH_Sa_GTGGGTCGTAGCCTCG	NIH_Sa	GTGGGTCGTAGCCTCG	NIH	SRR11008269	269_GTGGGTCGTAGCCTCG	TRUE
NIH_Sa_GTGGGTCGTATTACCG	NIH_Sa	GTGGGTCGTATTACCG	NIH	SRR11008269	269_GTGGGTCGTATTACCG	TRUE
NIH_Sa_GTGGGTCGTGATAAAC	NIH_Sa	GTGGGTCGTGATAAAC	NIH	SRR11008269	269_GTGGGTCGTGATAAAC	TRUE
NIH_Sa_GTGGGTCTCGCAGGCT	NIH_Sa	GTGGGTCTCGCAGGCT	NIH	SRR11008269	269_GTGGGTCTCGCAGGCT	TRUE
NIH_Sa_GTGTGCGCACAAGCCC	NIH_Sa	GTGTGCGCACAAGCCC	NIH	SRR11008269	269_GTGTGCGCACAAGCCC	TRUE
NIH_Sa_GTGTTAGCAATCCAAC	NIH_Sa	GTGTTAGCAATCCAAC	NIH	SRR11008269	269_GTGTTAGCAATCCAAC	TRUE
NIH_Sa_GTGTTAGGTTGCCTCT	NIH_Sa	GTGTTAGGTTGCCTCT	NIH	SRR11008269	269_GTGTTAGGTTGCCTCT	TRUE
NIH_Sa_GTTAAGCCATGTCCTC	NIH_Sa	GTTAAGCCATGTCCTC	NIH	SRR11008269	269_GTTAAGCCATGTCCTC	TRUE
NIH_Sa_GTTAAGCGTTGAGTTC	NIH_Sa	GTTAAGCGTTGAGTTC	NIH	SRR11008269	269_GTTAAGCGTTGAGTTC	TRUE
NIH_Sa_GTTACAGAGGCTATCT	NIH_Sa	GTTACAGAGGCTATCT	NIH	SRR11008269	269_GTTACAGAGGCTATCT	TRUE
NIH_Sa_GTTACAGTCCTTGACC	NIH_Sa	GTTACAGTCCTTGACC	NIH	SRR11008269	269_GTTACAGTCCTTGACC	TRUE
NIH_Sa_GTTCATTAGCTTTGGT	NIH_Sa	GTTCATTAGCTTTGGT	NIH	SRR11008269	269_GTTCATTAGCTTTGGT	TRUE
NIH_Sa_GTTCATTTCAGCCTAA	NIH_Sa	GTTCATTTCAGCCTAA	NIH	SRR11008269	269_GTTCATTTCAGCCTAA	TRUE
NIH_Sa_GTTCATTTCTCGGACG	NIH_Sa	GTTCATTTCTCGGACG	NIH	SRR11008269	269_GTTCATTTCTCGGACG	TRUE
NIH_Sa_GTTCGGGTCGCAAACT	NIH_Sa	GTTCGGGTCGCAAACT	NIH	SRR11008269	269_GTTCGGGTCGCAAACT	TRUE
NIH_Sa_GTTTCTACAGCTCGCA	NIH_Sa	GTTTCTACAGCTCGCA	NIH	SRR11008269	269_GTTTCTACAGCTCGCA	TRUE
NIH_Sa_TAAACCGAGACGACGT	NIH_Sa	TAAACCGAGACGACGT	NIH	SRR11008269	269_TAAACCGAGACGACGT	TRUE
NIH_Sa_TAAACCGAGTACCGGA	NIH_Sa	TAAACCGAGTACCGGA	NIH	SRR11008269	269_TAAACCGAGTACCGGA	TRUE
NIH_Sa_TAAACCGAGTAGCGGT	NIH_Sa	TAAACCGAGTAGCGGT	NIH	SRR11008269	269_TAAACCGAGTAGCGGT	TRUE
NIH_Sa_TAAGAGAAGAAGGCCT	NIH_Sa	TAAGAGAAGAAGGCCT	NIH	SRR11008269	269_TAAGAGAAGAAGGCCT	TRUE
NIH_Sa_TAAGAGAGTTCCGTCT	NIH_Sa	TAAGAGAGTTCCGTCT	NIH	SRR11008269	269_TAAGAGAGTTCCGTCT	TRUE
NIH_Sa_TAAGCGTAGGTTCCTA	NIH_Sa	TAAGCGTAGGTTCCTA	NIH	SRR11008269	269_TAAGCGTAGGTTCCTA	TRUE
NIH_Sa_TAAGCGTTCCGCGCAA	NIH_Sa	TAAGCGTTCCGCGCAA	NIH	SRR11008269	269_TAAGCGTTCCGCGCAA	TRUE
NIH_Sa_TAAGTGCAGTAGGCCA	NIH_Sa	TAAGTGCAGTAGGCCA	NIH	SRR11008269	269_TAAGTGCAGTAGGCCA	TRUE
NIH_Sa_TAAGTGCCAATGCCAT	NIH_Sa	TAAGTGCCAATGCCAT	NIH	SRR11008269	269_TAAGTGCCAATGCCAT	TRUE
NIH_Sa_TAAGTGCCACGGTTTA	NIH_Sa	TAAGTGCCACGGTTTA	NIH	SRR11008269	269_TAAGTGCCACGGTTTA	TRUE
NIH_Sa_TACACGACAAGAAGAG	NIH_Sa	TACACGACAAGAAGAG	NIH	SRR11008269	269_TACACGACAAGAAGAG	TRUE
NIH_Sa_TACACGAGTAGCGCTC	NIH_Sa	TACACGAGTAGCGCTC	NIH	SRR11008269	269_TACACGAGTAGCGCTC	TRUE
NIH_Sa_TACACGATCGATAGAA	NIH_Sa	TACACGATCGATAGAA	NIH	SRR11008269	269_TACACGATCGATAGAA	TRUE
NIH_Sa_TACAGTGGTAGCACGA	NIH_Sa	TACAGTGGTAGCACGA	NIH	SRR11008269	269_TACAGTGGTAGCACGA	TRUE
NIH_Sa_TACAGTGGTCAGTGGA	NIH_Sa	TACAGTGGTCAGTGGA	NIH	SRR11008269	269_TACAGTGGTCAGTGGA	TRUE
NIH_Sa_TACAGTGTCAATAAGG	NIH_Sa	TACAGTGTCAATAAGG	NIH	SRR11008269	269_TACAGTGTCAATAAGG	TRUE
NIH_Sa_TACCTATCATCGGTTA	NIH_Sa	TACCTATCATCGGTTA	NIH	SRR11008269	269_TACCTATCATCGGTTA	TRUE
NIH_Sa_TACCTATGTCGAATCT	NIH_Sa	TACCTATGTCGAATCT	NIH	SRR11008269	269_TACCTATGTCGAATCT	TRUE
NIH_Sa_TACCTATGTTTAGCTG	NIH_Sa	TACCTATGTTTAGCTG	NIH	SRR11008269	269_TACCTATGTTTAGCTG	TRUE
NIH_Sa_TACCTTAAGTGAACAT	NIH_Sa	TACCTTAAGTGAACAT	NIH	SRR11008269	269_TACCTTAAGTGAACAT	TRUE
NIH_Sa_TACCTTATCTCTAAGG	NIH_Sa	TACCTTATCTCTAAGG	NIH	SRR11008269	269_TACCTTATCTCTAAGG	TRUE
NIH_Sa_TACGGATAGTGATCGG	NIH_Sa	TACGGATAGTGATCGG	NIH	SRR11008269	269_TACGGATAGTGATCGG	TRUE
NIH_Sa_TACGGATTCGCCTGAG	NIH_Sa	TACGGATTCGCCTGAG	NIH	SRR11008269	269_TACGGATTCGCCTGAG	TRUE
NIH_Sa_TACGGGCAGCCAGTAG	NIH_Sa	TACGGGCAGCCAGTAG	NIH	SRR11008269	269_TACGGGCAGCCAGTAG	TRUE
NIH_Sa_TACGGGCCATGAGCGA	NIH_Sa	TACGGGCCATGAGCGA	NIH	SRR11008269	269_TACGGGCCATGAGCGA	TRUE
NIH_Sa_TACGGGCGTGGTCCGT	NIH_Sa	TACGGGCGTGGTCCGT	NIH	SRR11008269	269_TACGGGCGTGGTCCGT	TRUE
NIH_Sa_TACGGGCTCTGCTGCT	NIH_Sa	TACGGGCTCTGCTGCT	NIH	SRR11008269	269_TACGGGCTCTGCTGCT	TRUE
NIH_Sa_TACGGTAGTCTTTCAT	NIH_Sa	TACGGTAGTCTTTCAT	NIH	SRR11008269	269_TACGGTAGTCTTTCAT	TRUE
NIH_Sa_TACGGTATCAACACTG	NIH_Sa	TACGGTATCAACACTG	NIH	SRR11008269	269_TACGGTATCAACACTG	TRUE
NIH_Sa_TACGGTATCCAGATCA	NIH_Sa	TACGGTATCCAGATCA	NIH	SRR11008269	269_TACGGTATCCAGATCA	TRUE
NIH_Sa_TACGGTATCCTCAACC	NIH_Sa	TACGGTATCCTCAACC	NIH	SRR11008269	269_TACGGTATCCTCAACC	TRUE
NIH_Sa_TACTCATCAGGCTGAA	NIH_Sa	TACTCATCAGGCTGAA	NIH	SRR11008269	269_TACTCATCAGGCTGAA	TRUE
NIH_Sa_TACTCATGTCAACTGT	NIH_Sa	TACTCATGTCAACTGT	NIH	SRR11008269	269_TACTCATGTCAACTGT	TRUE
NIH_Sa_TACTTACCAGGAATCG	NIH_Sa	TACTTACCAGGAATCG	NIH	SRR11008269	269_TACTTACCAGGAATCG	TRUE
NIH_Sa_TACTTACCATGCTAGT	NIH_Sa	TACTTACCATGCTAGT	NIH	SRR11008269	269_TACTTACCATGCTAGT	TRUE
NIH_Sa_TACTTACTCATCGATG	NIH_Sa	TACTTACTCATCGATG	NIH	SRR11008269	269_TACTTACTCATCGATG	TRUE
NIH_Sa_TACTTGTCATGCGCAC	NIH_Sa	TACTTGTCATGCGCAC	NIH	SRR11008269	269_TACTTGTCATGCGCAC	TRUE
NIH_Sa_TAGACCAAGAAGAAGC	NIH_Sa	TAGACCAAGAAGAAGC	NIH	SRR11008269	269_TAGACCAAGAAGAAGC	TRUE
NIH_Sa_TAGACCAAGCTAACAA	NIH_Sa	TAGACCAAGCTAACAA	NIH	SRR11008269	269_TAGACCAAGCTAACAA	TRUE
NIH_Sa_TAGACCAAGGCAGGTT	NIH_Sa	TAGACCAAGGCAGGTT	NIH	SRR11008269	269_TAGACCAAGGCAGGTT	TRUE
NIH_Sa_TAGACCATCAGTACGT	NIH_Sa	TAGACCATCAGTACGT	NIH	SRR11008269	269_TAGACCATCAGTACGT	TRUE
NIH_Sa_TAGAGCTAGACTAGAT	NIH_Sa	TAGAGCTAGACTAGAT	NIH	SRR11008269	269_TAGAGCTAGACTAGAT	TRUE
NIH_Sa_TAGAGCTAGCCAGTAG	NIH_Sa	TAGAGCTAGCCAGTAG	NIH	SRR11008269	269_TAGAGCTAGCCAGTAG	TRUE
NIH_Sa_TAGAGCTAGGTAAACT	NIH_Sa	TAGAGCTAGGTAAACT	NIH	SRR11008269	269_TAGAGCTAGGTAAACT	TRUE
NIH_Sa_TAGAGCTTCAATCACG	NIH_Sa	TAGAGCTTCAATCACG	NIH	SRR11008269	269_TAGAGCTTCAATCACG	TRUE
NIH_Sa_TAGCCGGGTCTAGTGT	NIH_Sa	TAGCCGGGTCTAGTGT	NIH	SRR11008269	269_TAGCCGGGTCTAGTGT	TRUE
NIH_Sa_TAGGCATAGTGGGATC	NIH_Sa	TAGGCATAGTGGGATC	NIH	SRR11008269	269_TAGGCATAGTGGGATC	TRUE
NIH_Sa_TAGGCATCATTGTGCA	NIH_Sa	TAGGCATCATTGTGCA	NIH	SRR11008269	269_TAGGCATCATTGTGCA	TRUE
NIH_Sa_TAGGCATGTCTGGTCG	NIH_Sa	TAGGCATGTCTGGTCG	NIH	SRR11008269	269_TAGGCATGTCTGGTCG	TRUE
NIH_Sa_TAGGCATGTGATAAGT	NIH_Sa	TAGGCATGTGATAAGT	NIH	SRR11008269	269_TAGGCATGTGATAAGT	TRUE
NIH_Sa_TAGTTGGAGCTCCTTC	NIH_Sa	TAGTTGGAGCTCCTTC	NIH	SRR11008269	269_TAGTTGGAGCTCCTTC	TRUE
NIH_Sa_TAGTTGGGTTAGAACA	NIH_Sa	TAGTTGGGTTAGAACA	NIH	SRR11008269	269_TAGTTGGGTTAGAACA	TRUE
NIH_Sa_TAGTTGGGTTCCAACA	NIH_Sa	TAGTTGGGTTCCAACA	NIH	SRR11008269	269_TAGTTGGGTTCCAACA	TRUE
NIH_Sa_TATCAGGGTACTCGCG	NIH_Sa	TATCAGGGTACTCGCG	NIH	SRR11008269	269_TATCAGGGTACTCGCG	TRUE
NIH_Sa_TATCTCACATAAGACA	NIH_Sa	TATCTCACATAAGACA	NIH	SRR11008269	269_TATCTCACATAAGACA	TRUE
NIH_Sa_TATCTCAGTGCACTTA	NIH_Sa	TATCTCAGTGCACTTA	NIH	SRR11008269	269_TATCTCAGTGCACTTA	TRUE
NIH_Sa_TATGCCCAGATCCTGT	NIH_Sa	TATGCCCAGATCCTGT	NIH	SRR11008269	269_TATGCCCAGATCCTGT	TRUE
NIH_Sa_TATGCCCCAAGCGCTC	NIH_Sa	TATGCCCCAAGCGCTC	NIH	SRR11008269	269_TATGCCCCAAGCGCTC	TRUE
NIH_Sa_TATGCCCCAAGTCATC	NIH_Sa	TATGCCCCAAGTCATC	NIH	SRR11008269	269_TATGCCCCAAGTCATC	TRUE
NIH_Sa_TATTACCAGGCAGGTT	NIH_Sa	TATTACCAGGCAGGTT	NIH	SRR11008269	269_TATTACCAGGCAGGTT	TRUE
NIH_Sa_TATTACCGTCTCTTAT	NIH_Sa	TATTACCGTCTCTTAT	NIH	SRR11008269	269_TATTACCGTCTCTTAT	TRUE
NIH_Sa_TATTACCTCTTCTGGC	NIH_Sa	TATTACCTCTTCTGGC	NIH	SRR11008269	269_TATTACCTCTTCTGGC	TRUE
NIH_Sa_TCAACGACACGACGAA	NIH_Sa	TCAACGACACGACGAA	NIH	SRR11008269	269_TCAACGACACGACGAA	TRUE
NIH_Sa_TCAACGACAGGATTGG	NIH_Sa	TCAACGACAGGATTGG	NIH	SRR11008269	269_TCAACGACAGGATTGG	TRUE
NIH_Sa_TCAACGATCGGAGCAA	NIH_Sa	TCAACGATCGGAGCAA	NIH	SRR11008269	269_TCAACGATCGGAGCAA	TRUE
NIH_Sa_TCAATCTAGCTTATCG	NIH_Sa	TCAATCTAGCTTATCG	NIH	SRR11008269	269_TCAATCTAGCTTATCG	TRUE
NIH_Sa_TCACAAGAGTCCATAC	NIH_Sa	TCACAAGAGTCCATAC	NIH	SRR11008269	269_TCACAAGAGTCCATAC	TRUE
NIH_Sa_TCACAAGGTTTGCATG	NIH_Sa	TCACAAGGTTTGCATG	NIH	SRR11008269	269_TCACAAGGTTTGCATG	TRUE
NIH_Sa_TCACGAACACTCGACG	NIH_Sa	TCACGAACACTCGACG	NIH	SRR11008269	269_TCACGAACACTCGACG	TRUE
NIH_Sa_TCAGATGAGCCGTCGT	NIH_Sa	TCAGATGAGCCGTCGT	NIH	SRR11008269	269_TCAGATGAGCCGTCGT	TRUE
NIH_Sa_TCAGATGAGTGGTAGC	NIH_Sa	TCAGATGAGTGGTAGC	NIH	SRR11008269	269_TCAGATGAGTGGTAGC	TRUE
NIH_Sa_TCAGCAAAGACAAGCC	NIH_Sa	TCAGCAAAGACAAGCC	NIH	SRR11008269	269_TCAGCAAAGACAAGCC	TRUE
NIH_Sa_TCAGCAAAGATAGGAG	NIH_Sa	TCAGCAAAGATAGGAG	NIH	SRR11008269	269_TCAGCAAAGATAGGAG	TRUE
NIH_Sa_TCAGCAACAATCTACG	NIH_Sa	TCAGCAACAATCTACG	NIH	SRR11008269	269_TCAGCAACAATCTACG	TRUE
NIH_Sa_TCAGCAAGTACCGTAT	NIH_Sa	TCAGCAAGTACCGTAT	NIH	SRR11008269	269_TCAGCAAGTACCGTAT	TRUE
NIH_Sa_TCAGCAAGTATAGTAG	NIH_Sa	TCAGCAAGTATAGTAG	NIH	SRR11008269	269_TCAGCAAGTATAGTAG	TRUE
NIH_Sa_TCAGCTCGTAACGTTC	NIH_Sa	TCAGCTCGTAACGTTC	NIH	SRR11008269	269_TCAGCTCGTAACGTTC	TRUE
NIH_Sa_TCAGCTCGTTCTGAAC	NIH_Sa	TCAGCTCGTTCTGAAC	NIH	SRR11008269	269_TCAGCTCGTTCTGAAC	TRUE
NIH_Sa_TCAGGTAAGAGTACAT	NIH_Sa	TCAGGTAAGAGTACAT	NIH	SRR11008269	269_TCAGGTAAGAGTACAT	TRUE
NIH_Sa_TCAGGTAGTACCATCA	NIH_Sa	TCAGGTAGTACCATCA	NIH	SRR11008269	269_TCAGGTAGTACCATCA	TRUE
NIH_Sa_TCAGGTATCACAATGC	NIH_Sa	TCAGGTATCACAATGC	NIH	SRR11008269	269_TCAGGTATCACAATGC	TRUE
NIH_Sa_TCATTACAGTGACTCT	NIH_Sa	TCATTACAGTGACTCT	NIH	SRR11008269	269_TCATTACAGTGACTCT	TRUE
NIH_Sa_TCATTACGTAAATACG	NIH_Sa	TCATTACGTAAATACG	NIH	SRR11008269	269_TCATTACGTAAATACG	TRUE
NIH_Sa_TCATTTGAGACAGGCT	NIH_Sa	TCATTTGAGACAGGCT	NIH	SRR11008269	269_TCATTTGAGACAGGCT	TRUE
NIH_Sa_TCATTTGCAGACGCCT	NIH_Sa	TCATTTGCAGACGCCT	NIH	SRR11008269	269_TCATTTGCAGACGCCT	TRUE
NIH_Sa_TCCACACAGACTAAGT	NIH_Sa	TCCACACAGACTAAGT	NIH	SRR11008269	269_TCCACACAGACTAAGT	TRUE
NIH_Sa_TCCACACGTTGCGTTA	NIH_Sa	TCCACACGTTGCGTTA	NIH	SRR11008269	269_TCCACACGTTGCGTTA	TRUE
NIH_Sa_TCCCGATCATCAGTAC	NIH_Sa	TCCCGATCATCAGTAC	NIH	SRR11008269	269_TCCCGATCATCAGTAC	TRUE
NIH_Sa_TCCCGATTCCATGAGT	NIH_Sa	TCCCGATTCCATGAGT	NIH	SRR11008269	269_TCCCGATTCCATGAGT	TRUE
NIH_Sa_TCGAGGCAGATCGATA	NIH_Sa	TCGAGGCAGATCGATA	NIH	SRR11008269	269_TCGAGGCAGATCGATA	TRUE
NIH_Sa_TCGAGGCAGTACGTAA	NIH_Sa	TCGAGGCAGTACGTAA	NIH	SRR11008269	269_TCGAGGCAGTACGTAA	TRUE
NIH_Sa_TCGCGTTCATTCGACA	NIH_Sa	TCGCGTTCATTCGACA	NIH	SRR11008269	269_TCGCGTTCATTCGACA	TRUE
NIH_Sa_TCGCGTTTCCTGCTTG	NIH_Sa	TCGCGTTTCCTGCTTG	NIH	SRR11008269	269_TCGCGTTTCCTGCTTG	FALSE
NIH_Sa_TCGGGACAGCGACGTA	NIH_Sa	TCGGGACAGCGACGTA	NIH	SRR11008269	269_TCGGGACAGCGACGTA	TRUE
NIH_Sa_TCGGGACGTAACGTTC	NIH_Sa	TCGGGACGTAACGTTC	NIH	SRR11008269	269_TCGGGACGTAACGTTC	TRUE
NIH_Sa_TCGGGACGTATCAGTC	NIH_Sa	TCGGGACGTATCAGTC	NIH	SRR11008269	269_TCGGGACGTATCAGTC	TRUE
NIH_Sa_TCGGGACGTCAGAAGC	NIH_Sa	TCGGGACGTCAGAAGC	NIH	SRR11008269	269_TCGGGACGTCAGAAGC	TRUE
NIH_Sa_TCGGTAAGTAACGTTC	NIH_Sa	TCGGTAAGTAACGTTC	NIH	SRR11008269	269_TCGGTAAGTAACGTTC	TRUE
NIH_Sa_TCGGTAATCATTATCC	NIH_Sa	TCGGTAATCATTATCC	NIH	SRR11008269	269_TCGGTAATCATTATCC	TRUE
NIH_Sa_TCGGTAATCCTAAGTG	NIH_Sa	TCGGTAATCCTAAGTG	NIH	SRR11008269	269_TCGGTAATCCTAAGTG	TRUE
NIH_Sa_TCGTACCCACGGCGTT	NIH_Sa	TCGTACCCACGGCGTT	NIH	SRR11008269	269_TCGTACCCACGGCGTT	TRUE
NIH_Sa_TCGTACCCACTATCTT	NIH_Sa	TCGTACCCACTATCTT	NIH	SRR11008269	269_TCGTACCCACTATCTT	TRUE
NIH_Sa_TCGTACCGTAAAGTCA	NIH_Sa	TCGTACCGTAAAGTCA	NIH	SRR11008269	269_TCGTACCGTAAAGTCA	TRUE
NIH_Sa_TCTATTGCAGTTCCCT	NIH_Sa	TCTATTGCAGTTCCCT	NIH	SRR11008269	269_TCTATTGCAGTTCCCT	TRUE
NIH_Sa_TCTATTGGTGTATGGG	NIH_Sa	TCTATTGGTGTATGGG	NIH	SRR11008269	269_TCTATTGGTGTATGGG	TRUE
NIH_Sa_TCTCATACAACACCTA	NIH_Sa	TCTCATACAACACCTA	NIH	SRR11008269	269_TCTCATACAACACCTA	TRUE
NIH_Sa_TCTCTAAAGTTTGCGT	NIH_Sa	TCTCTAAAGTTTGCGT	NIH	SRR11008269	269_TCTCTAAAGTTTGCGT	TRUE
NIH_Sa_TCTCTAACATTCTTAC	NIH_Sa	TCTCTAACATTCTTAC	NIH	SRR11008269	269_TCTCTAACATTCTTAC	TRUE
NIH_Sa_TCTCTAATCCACGAAT	NIH_Sa	TCTCTAATCCACGAAT	NIH	SRR11008269	269_TCTCTAATCCACGAAT	TRUE
NIH_Sa_TCTCTAATCCATGAAC	NIH_Sa	TCTCTAATCCATGAAC	NIH	SRR11008269	269_TCTCTAATCCATGAAC	TRUE
NIH_Sa_TCTGAGAGTAAAGGAG	NIH_Sa	TCTGAGAGTAAAGGAG	NIH	SRR11008269	269_TCTGAGAGTAAAGGAG	TRUE
NIH_Sa_TCTGAGAGTCATACTG	NIH_Sa	TCTGAGAGTCATACTG	NIH	SRR11008269	269_TCTGAGAGTCATACTG	TRUE
NIH_Sa_TCTGAGAGTCCTCTTG	NIH_Sa	TCTGAGAGTCCTCTTG	NIH	SRR11008269	269_TCTGAGAGTCCTCTTG	TRUE
NIH_Sa_TCTTCGGAGGACATTA	NIH_Sa	TCTTCGGAGGACATTA	NIH	SRR11008269	269_TCTTCGGAGGACATTA	TRUE
NIH_Sa_TCTTCGGGTATAGTAG	NIH_Sa	TCTTCGGGTATAGTAG	NIH	SRR11008269	269_TCTTCGGGTATAGTAG	TRUE
NIH_Sa_TCTTCGGTCGCACTCT	NIH_Sa	TCTTCGGTCGCACTCT	NIH	SRR11008269	269_TCTTCGGTCGCACTCT	TRUE
NIH_Sa_TGAAAGAGTAAGGGAA	NIH_Sa	TGAAAGAGTAAGGGAA	NIH	SRR11008269	269_TGAAAGAGTAAGGGAA	TRUE
NIH_Sa_TGACAACAGAAGCCCA	NIH_Sa	TGACAACAGAAGCCCA	NIH	SRR11008269	269_TGACAACAGAAGCCCA	TRUE
NIH_Sa_TGACAACAGAGACTTA	NIH_Sa	TGACAACAGAGACTTA	NIH	SRR11008269	269_TGACAACAGAGACTTA	TRUE
NIH_Sa_TGACAACGTCTAGAGG	NIH_Sa	TGACAACGTCTAGAGG	NIH	SRR11008269	269_TGACAACGTCTAGAGG	TRUE
NIH_Sa_TGACGGCAGCGTTGCC	NIH_Sa	TGACGGCAGCGTTGCC	NIH	SRR11008269	269_TGACGGCAGCGTTGCC	TRUE
NIH_Sa_TGACGGCCAAACTGTC	NIH_Sa	TGACGGCCAAACTGTC	NIH	SRR11008269	269_TGACGGCCAAACTGTC	TRUE
NIH_Sa_TGACGGCCAGCAGTTT	NIH_Sa	TGACGGCCAGCAGTTT	NIH	SRR11008269	269_TGACGGCCAGCAGTTT	TRUE
NIH_Sa_TGACGGCGTCTGCAAT	NIH_Sa	TGACGGCGTCTGCAAT	NIH	SRR11008269	269_TGACGGCGTCTGCAAT	TRUE
NIH_Sa_TGACTAGCATGTTCCC	NIH_Sa	TGACTAGCATGTTCCC	NIH	SRR11008269	269_TGACTAGCATGTTCCC	TRUE
NIH_Sa_TGACTAGGTATAGGTA	NIH_Sa	TGACTAGGTATAGGTA	NIH	SRR11008269	269_TGACTAGGTATAGGTA	TRUE
NIH_Sa_TGACTAGGTTAGATGA	NIH_Sa	TGACTAGGTTAGATGA	NIH	SRR11008269	269_TGACTAGGTTAGATGA	TRUE
NIH_Sa_TGACTAGTCCAAATGC	NIH_Sa	TGACTAGTCCAAATGC	NIH	SRR11008269	269_TGACTAGTCCAAATGC	TRUE
NIH_Sa_TGACTAGTCTGGCGAC	NIH_Sa	TGACTAGTCTGGCGAC	NIH	SRR11008269	269_TGACTAGTCTGGCGAC	TRUE
NIH_Sa_TGACTTTTCGTATCAG	NIH_Sa	TGACTTTTCGTATCAG	NIH	SRR11008269	269_TGACTTTTCGTATCAG	TRUE
NIH_Sa_TGAGAGGGTTTGTGTG	NIH_Sa	TGAGAGGGTTTGTGTG	NIH	SRR11008269	269_TGAGAGGGTTTGTGTG	TRUE
NIH_Sa_TGAGCATGTTACGCGC	NIH_Sa	TGAGCATGTTACGCGC	NIH	SRR11008269	269_TGAGCATGTTACGCGC	TRUE
NIH_Sa_TGAGCATTCATCATTC	NIH_Sa	TGAGCATTCATCATTC	NIH	SRR11008269	269_TGAGCATTCATCATTC	TRUE
NIH_Sa_TGAGCATTCCATGCTC	NIH_Sa	TGAGCATTCCATGCTC	NIH	SRR11008269	269_TGAGCATTCCATGCTC	TRUE
NIH_Sa_TGAGCCGAGGAGTTTA	NIH_Sa	TGAGCCGAGGAGTTTA	NIH	SRR11008269	269_TGAGCCGAGGAGTTTA	TRUE
NIH_Sa_TGAGGGACAAGTACCT	NIH_Sa	TGAGGGACAAGTACCT	NIH	SRR11008269	269_TGAGGGACAAGTACCT	TRUE
NIH_Sa_TGAGGGAGTTCAGTAC	NIH_Sa	TGAGGGAGTTCAGTAC	NIH	SRR11008269	269_TGAGGGAGTTCAGTAC	TRUE
NIH_Sa_TGATTTCCAAGTCATC	NIH_Sa	TGATTTCCAAGTCATC	NIH	SRR11008269	269_TGATTTCCAAGTCATC	TRUE
NIH_Sa_TGATTTCGTGCATCTA	NIH_Sa	TGATTTCGTGCATCTA	NIH	SRR11008269	269_TGATTTCGTGCATCTA	TRUE
NIH_Sa_TGATTTCGTTGAGGTG	NIH_Sa	TGATTTCGTTGAGGTG	NIH	SRR11008269	269_TGATTTCGTTGAGGTG	TRUE
NIH_Sa_TGATTTCTCCACTCCA	NIH_Sa	TGATTTCTCCACTCCA	NIH	SRR11008269	269_TGATTTCTCCACTCCA	TRUE
NIH_Sa_TGCACCTCAGATCTGT	NIH_Sa	TGCACCTCAGATCTGT	NIH	SRR11008269	269_TGCACCTCAGATCTGT	TRUE
NIH_Sa_TGCACCTCATTCGACA	NIH_Sa	TGCACCTCATTCGACA	NIH	SRR11008269	269_TGCACCTCATTCGACA	TRUE
NIH_Sa_TGCACCTTCCAAGCCG	NIH_Sa	TGCACCTTCCAAGCCG	NIH	SRR11008269	269_TGCACCTTCCAAGCCG	TRUE
NIH_Sa_TGCCCATAGCTAGCCC	NIH_Sa	TGCCCATAGCTAGCCC	NIH	SRR11008269	269_TGCCCATAGCTAGCCC	TRUE
NIH_Sa_TGCCCTACACTCTGTC	NIH_Sa	TGCCCTACACTCTGTC	NIH	SRR11008269	269_TGCCCTACACTCTGTC	TRUE
NIH_Sa_TGCCCTATCATTGCCC	NIH_Sa	TGCCCTATCATTGCCC	NIH	SRR11008269	269_TGCCCTATCATTGCCC	TRUE
NIH_Sa_TGCGCAGGTAAACACA	NIH_Sa	TGCGCAGGTAAACACA	NIH	SRR11008269	269_TGCGCAGGTAAACACA	TRUE
NIH_Sa_TGCGCAGGTAGTGAAT	NIH_Sa	TGCGCAGGTAGTGAAT	NIH	SRR11008269	269_TGCGCAGGTAGTGAAT	TRUE
NIH_Sa_TGCGCAGTCGCCAAAT	NIH_Sa	TGCGCAGTCGCCAAAT	NIH	SRR11008269	269_TGCGCAGTCGCCAAAT	TRUE
NIH_Sa_TGCGGGTAGAACAATC	NIH_Sa	TGCGGGTAGAACAATC	NIH	SRR11008269	269_TGCGGGTAGAACAATC	TRUE
NIH_Sa_TGCGGGTAGTGCGTGA	NIH_Sa	TGCGGGTAGTGCGTGA	NIH	SRR11008269	269_TGCGGGTAGTGCGTGA	TRUE
NIH_Sa_TGCGGGTCAAGTCTAC	NIH_Sa	TGCGGGTCAAGTCTAC	NIH	SRR11008269	269_TGCGGGTCAAGTCTAC	TRUE
NIH_Sa_TGCGGGTGTAAGCACG	NIH_Sa	TGCGGGTGTAAGCACG	NIH	SRR11008269	269_TGCGGGTGTAAGCACG	TRUE
NIH_Sa_TGCGGGTGTACACCGC	NIH_Sa	TGCGGGTGTACACCGC	NIH	SRR11008269	269_TGCGGGTGTACACCGC	TRUE
NIH_Sa_TGCGTGGAGAGTGACC	NIH_Sa	TGCGTGGAGAGTGACC	NIH	SRR11008269	269_TGCGTGGAGAGTGACC	TRUE
NIH_Sa_TGCTACCGTGCGCTTG	NIH_Sa	TGCTACCGTGCGCTTG	NIH	SRR11008269	269_TGCTACCGTGCGCTTG	TRUE
NIH_Sa_TGGACGCAGAATCTCC	NIH_Sa	TGGACGCAGAATCTCC	NIH	SRR11008269	269_TGGACGCAGAATCTCC	TRUE
NIH_Sa_TGGCCAGAGAGGACGG	NIH_Sa	TGGCCAGAGAGGACGG	NIH	SRR11008269	269_TGGCCAGAGAGGACGG	TRUE
NIH_Sa_TGGCCAGAGGCTACGA	NIH_Sa	TGGCCAGAGGCTACGA	NIH	SRR11008269	269_TGGCCAGAGGCTACGA	TRUE
NIH_Sa_TGGCCAGCAAGCCTAT	NIH_Sa	TGGCCAGCAAGCCTAT	NIH	SRR11008269	269_TGGCCAGCAAGCCTAT	TRUE
NIH_Sa_TGGCCAGGTCATATGC	NIH_Sa	TGGCCAGGTCATATGC	NIH	SRR11008269	269_TGGCCAGGTCATATGC	TRUE
NIH_Sa_TGGCCAGTCACCGTAA	NIH_Sa	TGGCCAGTCACCGTAA	NIH	SRR11008269	269_TGGCCAGTCACCGTAA	TRUE
NIH_Sa_TGGCGCAAGATAGTCA	NIH_Sa	TGGCGCAAGATAGTCA	NIH	SRR11008269	269_TGGCGCAAGATAGTCA	TRUE
NIH_Sa_TGGCGCAAGCCACGTC	NIH_Sa	TGGCGCAAGCCACGTC	NIH	SRR11008269	269_TGGCGCAAGCCACGTC	TRUE
NIH_Sa_TGGCGCACAATCTACG	NIH_Sa	TGGCGCACAATCTACG	NIH	SRR11008269	269_TGGCGCACAATCTACG	TRUE
NIH_Sa_TGGCTGGCATGTCCTC	NIH_Sa	TGGCTGGCATGTCCTC	NIH	SRR11008269	269_TGGCTGGCATGTCCTC	TRUE
NIH_Sa_TGGCTGGGTTACCGAT	NIH_Sa	TGGCTGGGTTACCGAT	NIH	SRR11008269	269_TGGCTGGGTTACCGAT	TRUE
NIH_Sa_TGGGAAGGTACTCTCC	NIH_Sa	TGGGAAGGTACTCTCC	NIH	SRR11008269	269_TGGGAAGGTACTCTCC	TRUE
NIH_Sa_TGGGAAGTCATGCTCC	NIH_Sa	TGGGAAGTCATGCTCC	NIH	SRR11008269	269_TGGGAAGTCATGCTCC	TRUE
NIH_Sa_TGGGAAGTCTCTTGAT	NIH_Sa	TGGGAAGTCTCTTGAT	NIH	SRR11008269	269_TGGGAAGTCTCTTGAT	TRUE
NIH_Sa_TGGGCGTGTGACTACT	NIH_Sa	TGGGCGTGTGACTACT	NIH	SRR11008269	269_TGGGCGTGTGACTACT	TRUE
NIH_Sa_TGGTTAGAGACTGGGT	NIH_Sa	TGGTTAGAGACTGGGT	NIH	SRR11008269	269_TGGTTAGAGACTGGGT	TRUE
NIH_Sa_TGGTTAGAGGTACTCT	NIH_Sa	TGGTTAGAGGTACTCT	NIH	SRR11008269	269_TGGTTAGAGGTACTCT	TRUE
NIH_Sa_TGGTTAGAGTCGATAA	NIH_Sa	TGGTTAGAGTCGATAA	NIH	SRR11008269	269_TGGTTAGAGTCGATAA	TRUE
NIH_Sa_TGGTTCCAGGTTACCT	NIH_Sa	TGGTTCCAGGTTACCT	NIH	SRR11008269	269_TGGTTCCAGGTTACCT	TRUE
NIH_Sa_TGGTTCCCACACTGCG	NIH_Sa	TGGTTCCCACACTGCG	NIH	SRR11008269	269_TGGTTCCCACACTGCG	TRUE
NIH_Sa_TGGTTCCGTTGGACCC	NIH_Sa	TGGTTCCGTTGGACCC	NIH	SRR11008269	269_TGGTTCCGTTGGACCC	TRUE
NIH_Sa_TGGTTCCTCGTTTATC	NIH_Sa	TGGTTCCTCGTTTATC	NIH	SRR11008269	269_TGGTTCCTCGTTTATC	TRUE
NIH_Sa_TGTATTCAGAAGGCCT	NIH_Sa	TGTATTCAGAAGGCCT	NIH	SRR11008269	269_TGTATTCAGAAGGCCT	TRUE
NIH_Sa_TGTATTCAGTGGGTTG	NIH_Sa	TGTATTCAGTGGGTTG	NIH	SRR11008269	269_TGTATTCAGTGGGTTG	TRUE
NIH_Sa_TGTATTCAGTTTAGGA	NIH_Sa	TGTATTCAGTTTAGGA	NIH	SRR11008269	269_TGTATTCAGTTTAGGA	TRUE
NIH_Sa_TGTATTCGTCGAGATG	NIH_Sa	TGTATTCGTCGAGATG	NIH	SRR11008269	269_TGTATTCGTCGAGATG	TRUE
NIH_Sa_TGTCCCAAGTTAACGA	NIH_Sa	TGTCCCAAGTTAACGA	NIH	SRR11008269	269_TGTCCCAAGTTAACGA	TRUE
NIH_Sa_TGTGGTAAGATGCCAG	NIH_Sa	TGTGGTAAGATGCCAG	NIH	SRR11008269	269_TGTGGTAAGATGCCAG	TRUE
NIH_Sa_TGTGGTAAGTGTACTC	NIH_Sa	TGTGGTAAGTGTACTC	NIH	SRR11008269	269_TGTGGTAAGTGTACTC	TRUE
NIH_Sa_TGTGGTACAATCAGAA	NIH_Sa	TGTGGTACAATCAGAA	NIH	SRR11008269	269_TGTGGTACAATCAGAA	TRUE
NIH_Sa_TGTGGTATCCAAACAC	NIH_Sa	TGTGGTATCCAAACAC	NIH	SRR11008269	269_TGTGGTATCCAAACAC	TRUE
NIH_Sa_TGTGTTTAGCCACCTG	NIH_Sa	TGTGTTTAGCCACCTG	NIH	SRR11008269	269_TGTGTTTAGCCACCTG	TRUE
NIH_Sa_TGTGTTTCATCGACGC	NIH_Sa	TGTGTTTCATCGACGC	NIH	SRR11008269	269_TGTGTTTCATCGACGC	TRUE
NIH_Sa_TGTGTTTTCCAAATGC	NIH_Sa	TGTGTTTTCCAAATGC	NIH	SRR11008269	269_TGTGTTTTCCAAATGC	TRUE
NIH_Sa_TGTGTTTTCCGAACGC	NIH_Sa	TGTGTTTTCCGAACGC	NIH	SRR11008269	269_TGTGTTTTCCGAACGC	TRUE
NIH_Sa_TTAACTCCAAGCCATT	NIH_Sa	TTAACTCCAAGCCATT	NIH	SRR11008269	269_TTAACTCCAAGCCATT	TRUE
NIH_Sa_TTAACTCGTAGCTTGT	NIH_Sa	TTAACTCGTAGCTTGT	NIH	SRR11008269	269_TTAACTCGTAGCTTGT	TRUE
NIH_Sa_TTAACTCGTCCATCCT	NIH_Sa	TTAACTCGTCCATCCT	NIH	SRR11008269	269_TTAACTCGTCCATCCT	TRUE
NIH_Sa_TTAGGACCAAGTTGTC	NIH_Sa	TTAGGACCAAGTTGTC	NIH	SRR11008269	269_TTAGGACCAAGTTGTC	TRUE
NIH_Sa_TTAGGACGTACCATCA	NIH_Sa	TTAGGACGTACCATCA	NIH	SRR11008269	269_TTAGGACGTACCATCA	TRUE
NIH_Sa_TTAGGACGTTCGTTGA	NIH_Sa	TTAGGACGTTCGTTGA	NIH	SRR11008269	269_TTAGGACGTTCGTTGA	TRUE
NIH_Sa_TTAGGACTCATATCGG	NIH_Sa	TTAGGACTCATATCGG	NIH	SRR11008269	269_TTAGGACTCATATCGG	TRUE
NIH_Sa_TTAGGCAAGTGTCCAT	NIH_Sa	TTAGGCAAGTGTCCAT	NIH	SRR11008269	269_TTAGGCAAGTGTCCAT	TRUE
NIH_Sa_TTAGTTCAGGCTCTTA	NIH_Sa	TTAGTTCAGGCTCTTA	NIH	SRR11008269	269_TTAGTTCAGGCTCTTA	TRUE
NIH_Sa_TTAGTTCCACACATGT	NIH_Sa	TTAGTTCCACACATGT	NIH	SRR11008269	269_TTAGTTCCACACATGT	TRUE
NIH_Sa_TTATGCTTCGAACTGT	NIH_Sa	TTATGCTTCGAACTGT	NIH	SRR11008269	269_TTATGCTTCGAACTGT	TRUE
NIH_Sa_TTATGCTTCGGTTCGG	NIH_Sa	TTATGCTTCGGTTCGG	NIH	SRR11008269	269_TTATGCTTCGGTTCGG	TRUE
NIH_Sa_TTCCCAGCAAAGCAAT	NIH_Sa	TTCCCAGCAAAGCAAT	NIH	SRR11008269	269_TTCCCAGCAAAGCAAT	TRUE
NIH_Sa_TTCCCAGCACAGGTTT	NIH_Sa	TTCCCAGCACAGGTTT	NIH	SRR11008269	269_TTCCCAGCACAGGTTT	TRUE
NIH_Sa_TTCCCAGCACTTAACG	NIH_Sa	TTCCCAGCACTTAACG	NIH	SRR11008269	269_TTCCCAGCACTTAACG	TRUE
NIH_Sa_TTCCCAGGTATAGGGC	NIH_Sa	TTCCCAGGTATAGGGC	NIH	SRR11008269	269_TTCCCAGGTATAGGGC	TRUE
NIH_Sa_TTCGAAGTCACAACGT	NIH_Sa	TTCGAAGTCACAACGT	NIH	SRR11008269	269_TTCGAAGTCACAACGT	TRUE
NIH_Sa_TTCTCAACATTATCTC	NIH_Sa	TTCTCAACATTATCTC	NIH	SRR11008269	269_TTCTCAACATTATCTC	TRUE
NIH_Sa_TTCTCAATCCGTAGGC	NIH_Sa	TTCTCAATCCGTAGGC	NIH	SRR11008269	269_TTCTCAATCCGTAGGC	TRUE
NIH_Sa_TTCTCAATCTTTAGGG	NIH_Sa	TTCTCAATCTTTAGGG	NIH	SRR11008269	269_TTCTCAATCTTTAGGG	TRUE
NIH_Sa_TTCTCCTAGCGCCTTG	NIH_Sa	TTCTCCTAGCGCCTTG	NIH	SRR11008269	269_TTCTCCTAGCGCCTTG	TRUE
NIH_Sa_TTCTCCTGTAAAGTCA	NIH_Sa	TTCTCCTGTAAAGTCA	NIH	SRR11008269	269_TTCTCCTGTAAAGTCA	TRUE
NIH_Sa_TTCTCCTTCCCAGGTG	NIH_Sa	TTCTCCTTCCCAGGTG	NIH	SRR11008269	269_TTCTCCTTCCCAGGTG	TRUE
NIH_Sa_TTCTTAGAGTTAACGA	NIH_Sa	TTCTTAGAGTTAACGA	NIH	SRR11008269	269_TTCTTAGAGTTAACGA	TRUE
NIH_Sa_TTGAACGCATTACCTT	NIH_Sa	TTGAACGCATTACCTT	NIH	SRR11008269	269_TTGAACGCATTACCTT	TRUE
NIH_Sa_TTGCCGTAGTACTTGC	NIH_Sa	TTGCCGTAGTACTTGC	NIH	SRR11008269	269_TTGCCGTAGTACTTGC	TRUE
NIH_Sa_TTGGAACAGTACGTAA	NIH_Sa	TTGGAACAGTACGTAA	NIH	SRR11008269	269_TTGGAACAGTACGTAA	TRUE
NIH_Sa_TTGGCAACATCACAAC	NIH_Sa	TTGGCAACATCACAAC	NIH	SRR11008269	269_TTGGCAACATCACAAC	TRUE
NIH_Sa_TTGGCAATCACCAGGC	NIH_Sa	TTGGCAATCACCAGGC	NIH	SRR11008269	269_TTGGCAATCACCAGGC	TRUE
NIH_Sa_TTGTAGGCAGCCAGAA	NIH_Sa	TTGTAGGCAGCCAGAA	NIH	SRR11008269	269_TTGTAGGCAGCCAGAA	TRUE
NIH_Sa_TTTATGCCACATGTGT	NIH_Sa	TTTATGCCACATGTGT	NIH	SRR11008269	269_TTTATGCCACATGTGT	FALSE
NIH_Sa_TTTATGCGTGGCCCTA	NIH_Sa	TTTATGCGTGGCCCTA	NIH	SRR11008269	269_TTTATGCGTGGCCCTA	TRUE
NIH_Sa_TTTCCTCAGTGGTAAT	NIH_Sa	TTTCCTCAGTGGTAAT	NIH	SRR11008269	269_TTTCCTCAGTGGTAAT	TRUE
NIH_Sa_TTTCCTCGTAGAAGGA	NIH_Sa	TTTCCTCGTAGAAGGA	NIH	SRR11008269	269_TTTCCTCGTAGAAGGA	TRUE
NIH_Sa_TTTCCTCGTCCTCCAT	NIH_Sa	TTTCCTCGTCCTCCAT	NIH	SRR11008269	269_TTTCCTCGTCCTCCAT	TRUE
NIH_Sa_TTTCCTCGTGGTCCGT	NIH_Sa	TTTCCTCGTGGTCCGT	NIH	SRR11008269	269_TTTCCTCGTGGTCCGT	TRUE
NIH_Sa_TTTGCGCCAGGCGATA	NIH_Sa	TTTGCGCCAGGCGATA	NIH	SRR11008269	269_TTTGCGCCAGGCGATA	TRUE
NIH_Sa_TTTGGTTAGGATTCGG	NIH_Sa	TTTGGTTAGGATTCGG	NIH	SRR11008269	269_TTTGGTTAGGATTCGG	TRUE
NIH_Sa_TTTGGTTCATGGAATA	NIH_Sa	TTTGGTTCATGGAATA	NIH	SRR11008269	269_TTTGGTTCATGGAATA	TRUE
NIH_Sa_TTTGTCAAGGACCACA	NIH_Sa	TTTGTCAAGGACCACA	NIH	SRR11008269	269_TTTGTCAAGGACCACA	TRUE
PB_MACS_AAAGATGAGACAGACC	PB_MACS	AAAGATGAGACAGACC	PB	SRR11008272	272_AAAGATGAGACAGACC	TRUE
PB_MACS_AAAGATGCAGGTCTCG	PB_MACS	AAAGATGCAGGTCTCG	PB	SRR11008272	272_AAAGATGCAGGTCTCG	FALSE
PB_MACS_AAATGCCCATACCATG	PB_MACS	AAATGCCCATACCATG	PB	SRR11008272	272_AAATGCCCATACCATG	FALSE
PB_MACS_AAATGCCGTAGTGAAT	PB_MACS	AAATGCCGTAGTGAAT	PB	SRR11008272	272_AAATGCCGTAGTGAAT	TRUE
PB_MACS_AACCGCGAGACACTAA	PB_MACS	AACCGCGAGACACTAA	PB	SRR11008272	272_AACCGCGAGACACTAA	TRUE
PB_MACS_AACTCAGTCTGCTGCT	PB_MACS	AACTCAGTCTGCTGCT	PB	SRR11008272	272_AACTCAGTCTGCTGCT	TRUE
PB_MACS_AACTCTTTCTACTCAT	PB_MACS	AACTCTTTCTACTCAT	PB	SRR11008272	272_AACTCTTTCTACTCAT	TRUE
PB_MACS_AACTTTCTCCTTCAAT	PB_MACS	AACTTTCTCCTTCAAT	PB	SRR11008272	272_AACTTTCTCCTTCAAT	TRUE
PB_MACS_AAGGAGCAGCTAGTTC	PB_MACS	AAGGAGCAGCTAGTTC	PB	SRR11008272	272_AAGGAGCAGCTAGTTC	TRUE
PB_MACS_AAGGAGCTCGCAAACT	PB_MACS	AAGGAGCTCGCAAACT	PB	SRR11008272	272_AAGGAGCTCGCAAACT	TRUE
PB_MACS_AAGGAGCTCGGACAAG	PB_MACS	AAGGAGCTCGGACAAG	PB	SRR11008272	272_AAGGAGCTCGGACAAG	TRUE
PB_MACS_AAGGCAGGTCATATGC	PB_MACS	AAGGCAGGTCATATGC	PB	SRR11008272	272_AAGGCAGGTCATATGC	TRUE
PB_MACS_AAGTCTGCAGCAGTTT	PB_MACS	AAGTCTGCAGCAGTTT	PB	SRR11008272	272_AAGTCTGCAGCAGTTT	TRUE
PB_MACS_AATCCAGTCAGAGGTG	PB_MACS	AATCCAGTCAGAGGTG	PB	SRR11008272	272_AATCCAGTCAGAGGTG	TRUE
PB_MACS_AATCGGTAGCTCCTCT	PB_MACS	AATCGGTAGCTCCTCT	PB	SRR11008272	272_AATCGGTAGCTCCTCT	TRUE
PB_MACS_AATCGGTCAGCCACCA	PB_MACS	AATCGGTCAGCCACCA	PB	SRR11008272	272_AATCGGTCAGCCACCA	TRUE
PB_MACS_AATCGGTTCCGTTGTC	PB_MACS	AATCGGTTCCGTTGTC	PB	SRR11008272	272_AATCGGTTCCGTTGTC	TRUE
PB_MACS_ACAGCCGTCACCTTAT	PB_MACS	ACAGCCGTCACCTTAT	PB	SRR11008272	272_ACAGCCGTCACCTTAT	TRUE
PB_MACS_ACATACGGTCCTGCTT	PB_MACS	ACATACGGTCCTGCTT	PB	SRR11008272	272_ACATACGGTCCTGCTT	TRUE
PB_MACS_ACATCAGCATACGCTA	PB_MACS	ACATCAGCATACGCTA	PB	SRR11008272	272_ACATCAGCATACGCTA	TRUE
PB_MACS_ACATCAGGTTCAACCA	PB_MACS	ACATCAGGTTCAACCA	PB	SRR11008272	272_ACATCAGGTTCAACCA	TRUE
PB_MACS_ACATGGTGTTACTGAC	PB_MACS	ACATGGTGTTACTGAC	PB	SRR11008272	272_ACATGGTGTTACTGAC	TRUE
PB_MACS_ACATGGTTCGCGCCAA	PB_MACS	ACATGGTTCGCGCCAA	PB	SRR11008272	272_ACATGGTTCGCGCCAA	TRUE
PB_MACS_ACCAGTATCTGTTGAG	PB_MACS	ACCAGTATCTGTTGAG	PB	SRR11008272	272_ACCAGTATCTGTTGAG	TRUE
PB_MACS_ACCGTAATCAAACCGT	PB_MACS	ACCGTAATCAAACCGT	PB	SRR11008272	272_ACCGTAATCAAACCGT	TRUE
PB_MACS_ACCGTAATCTGATACG	PB_MACS	ACCGTAATCTGATACG	PB	SRR11008272	272_ACCGTAATCTGATACG	TRUE
PB_MACS_ACGCCAGAGTGAATTG	PB_MACS	ACGCCAGAGTGAATTG	PB	SRR11008272	272_ACGCCAGAGTGAATTG	TRUE
PB_MACS_ACGGAGAAGGAGTTGC	PB_MACS	ACGGAGAAGGAGTTGC	PB	SRR11008272	272_ACGGAGAAGGAGTTGC	TRUE
PB_MACS_ACGGGCTGTTCCCGAG	PB_MACS	ACGGGCTGTTCCCGAG	PB	SRR11008272	272_ACGGGCTGTTCCCGAG	TRUE
PB_MACS_ACTGAACAGTCATCCA	PB_MACS	ACTGAACAGTCATCCA	PB	SRR11008272	272_ACTGAACAGTCATCCA	TRUE
PB_MACS_ACTTACTGTGGTGTAG	PB_MACS	ACTTACTGTGGTGTAG	PB	SRR11008272	272_ACTTACTGTGGTGTAG	TRUE
PB_MACS_AGAATAGTCACAACGT	PB_MACS	AGAATAGTCACAACGT	PB	SRR11008272	272_AGAATAGTCACAACGT	TRUE
PB_MACS_AGAGCGAAGTACGCGA	PB_MACS	AGAGCGAAGTACGCGA	PB	SRR11008272	272_AGAGCGAAGTACGCGA	TRUE
PB_MACS_AGATTGCAGCGTCAAG	PB_MACS	AGATTGCAGCGTCAAG	PB	SRR11008272	272_AGATTGCAGCGTCAAG	TRUE
PB_MACS_AGATTGCAGCTGAAAT	PB_MACS	AGATTGCAGCTGAAAT	PB	SRR11008272	272_AGATTGCAGCTGAAAT	TRUE
PB_MACS_AGCAGCCCAAAGGTGC	PB_MACS	AGCAGCCCAAAGGTGC	PB	SRR11008272	272_AGCAGCCCAAAGGTGC	TRUE
PB_MACS_AGCAGCCCATACTCTT	PB_MACS	AGCAGCCCATACTCTT	PB	SRR11008272	272_AGCAGCCCATACTCTT	FALSE
PB_MACS_AGCGGTCCATAAGACA	PB_MACS	AGCGGTCCATAAGACA	PB	SRR11008272	272_AGCGGTCCATAAGACA	TRUE
PB_MACS_AGCTCTCGTTCACCTC	PB_MACS	AGCTCTCGTTCACCTC	PB	SRR11008272	272_AGCTCTCGTTCACCTC	TRUE
PB_MACS_AGGGAGTAGGCTATCT	PB_MACS	AGGGAGTAGGCTATCT	PB	SRR11008272	272_AGGGAGTAGGCTATCT	TRUE
PB_MACS_AGGGAGTCAAGTTAAG	PB_MACS	AGGGAGTCAAGTTAAG	PB	SRR11008272	272_AGGGAGTCAAGTTAAG	TRUE
PB_MACS_AGGGTGACATCAGTCA	PB_MACS	AGGGTGACATCAGTCA	PB	SRR11008272	272_AGGGTGACATCAGTCA	TRUE
PB_MACS_AGGTCATGTAGCTCCG	PB_MACS	AGGTCATGTAGCTCCG	PB	SRR11008272	272_AGGTCATGTAGCTCCG	TRUE
PB_MACS_AGTAGTCCAGGACGTA	PB_MACS	AGTAGTCCAGGACGTA	PB	SRR11008272	272_AGTAGTCCAGGACGTA	TRUE
PB_MACS_AGTCTTTAGTACGACG	PB_MACS	AGTCTTTAGTACGACG	PB	SRR11008272	272_AGTCTTTAGTACGACG	TRUE
PB_MACS_AGTGAGGTCTTCAACT	PB_MACS	AGTGAGGTCTTCAACT	PB	SRR11008272	272_AGTGAGGTCTTCAACT	TRUE
PB_MACS_AGTGTCACATTACGAC	PB_MACS	AGTGTCACATTACGAC	PB	SRR11008272	272_AGTGTCACATTACGAC	TRUE
PB_MACS_AGTTGGTAGTGTGGCA	PB_MACS	AGTTGGTAGTGTGGCA	PB	SRR11008272	272_AGTTGGTAGTGTGGCA	TRUE
PB_MACS_ATCACGATCGCTAGCG	PB_MACS	ATCACGATCGCTAGCG	PB	SRR11008272	272_ATCACGATCGCTAGCG	TRUE
PB_MACS_ATCATCTCATGAGCGA	PB_MACS	ATCATCTCATGAGCGA	PB	SRR11008272	272_ATCATCTCATGAGCGA	TRUE
PB_MACS_ATCCACCTCTTTAGTC	PB_MACS	ATCCACCTCTTTAGTC	PB	SRR11008272	272_ATCCACCTCTTTAGTC	TRUE
PB_MACS_ATCCGAATCCTCAACC	PB_MACS	ATCCGAATCCTCAACC	PB	SRR11008272	272_ATCCGAATCCTCAACC	TRUE
PB_MACS_ATCCGAATCTCGCTTG	PB_MACS	ATCCGAATCTCGCTTG	PB	SRR11008272	272_ATCCGAATCTCGCTTG	TRUE
PB_MACS_ATGCGATAGGAGTTTA	PB_MACS	ATGCGATAGGAGTTTA	PB	SRR11008272	272_ATGCGATAGGAGTTTA	TRUE
PB_MACS_ATGGGAGGTTCCGGCA	PB_MACS	ATGGGAGGTTCCGGCA	PB	SRR11008272	272_ATGGGAGGTTCCGGCA	TRUE
PB_MACS_ATTACTCGTTCGTCTC	PB_MACS	ATTACTCGTTCGTCTC	PB	SRR11008272	272_ATTACTCGTTCGTCTC	TRUE
PB_MACS_ATTGGACAGGTGCTTT	PB_MACS	ATTGGACAGGTGCTTT	PB	SRR11008272	272_ATTGGACAGGTGCTTT	TRUE
PB_MACS_CAACCTCAGACTAAGT	PB_MACS	CAACCTCAGACTAAGT	PB	SRR11008272	272_CAACCTCAGACTAAGT	TRUE
PB_MACS_CAACTAGAGCGTTTAC	PB_MACS	CAACTAGAGCGTTTAC	PB	SRR11008272	272_CAACTAGAGCGTTTAC	TRUE
PB_MACS_CAACTAGCAGCTTAAC	PB_MACS	CAACTAGCAGCTTAAC	PB	SRR11008272	272_CAACTAGCAGCTTAAC	FALSE
PB_MACS_CAACTAGTCCAGGGCT	PB_MACS	CAACTAGTCCAGGGCT	PB	SRR11008272	272_CAACTAGTCCAGGGCT	TRUE
PB_MACS_CAAGAAAGTGAGTGAC	PB_MACS	CAAGAAAGTGAGTGAC	PB	SRR11008272	272_CAAGAAAGTGAGTGAC	TRUE
PB_MACS_CAAGGCCAGGTAGCCA	PB_MACS	CAAGGCCAGGTAGCCA	PB	SRR11008272	272_CAAGGCCAGGTAGCCA	TRUE
PB_MACS_CACACAAGTTGTTTGG	PB_MACS	CACACAAGTTGTTTGG	PB	SRR11008272	272_CACACAAGTTGTTTGG	TRUE
PB_MACS_CACACTCAGATGAGAG	PB_MACS	CACACTCAGATGAGAG	PB	SRR11008272	272_CACACTCAGATGAGAG	TRUE
PB_MACS_CACACTCAGGAATCGC	PB_MACS	CACACTCAGGAATCGC	PB	SRR11008272	272_CACACTCAGGAATCGC	TRUE
PB_MACS_CACAGGCAGGTTCCTA	PB_MACS	CACAGGCAGGTTCCTA	PB	SRR11008272	272_CACAGGCAGGTTCCTA	TRUE
PB_MACS_CACCACTAGGGTTTCT	PB_MACS	CACCACTAGGGTTTCT	PB	SRR11008272	272_CACCACTAGGGTTTCT	FALSE
PB_MACS_CACCACTCAATGCCAT	PB_MACS	CACCACTCAATGCCAT	PB	SRR11008272	272_CACCACTCAATGCCAT	TRUE
PB_MACS_CACCTTGGTAAACGCG	PB_MACS	CACCTTGGTAAACGCG	PB	SRR11008272	272_CACCTTGGTAAACGCG	TRUE
PB_MACS_CACTCCAAGCGTAATA	PB_MACS	CACTCCAAGCGTAATA	PB	SRR11008272	272_CACTCCAAGCGTAATA	TRUE
PB_MACS_CACTCCAAGCTCTCGG	PB_MACS	CACTCCAAGCTCTCGG	PB	SRR11008272	272_CACTCCAAGCTCTCGG	TRUE
PB_MACS_CAGAGAGAGTGTTGAA	PB_MACS	CAGAGAGAGTGTTGAA	PB	SRR11008272	272_CAGAGAGAGTGTTGAA	TRUE
PB_MACS_CAGAGAGCACATTCGA	PB_MACS	CAGAGAGCACATTCGA	PB	SRR11008272	272_CAGAGAGCACATTCGA	TRUE
PB_MACS_CAGCATATCACGCATA	PB_MACS	CAGCATATCACGCATA	PB	SRR11008272	272_CAGCATATCACGCATA	TRUE
PB_MACS_CAGCGACTCCGCGCAA	PB_MACS	CAGCGACTCCGCGCAA	PB	SRR11008272	272_CAGCGACTCCGCGCAA	TRUE
PB_MACS_CAGCTAAGTAGAGTGC	PB_MACS	CAGCTAAGTAGAGTGC	PB	SRR11008272	272_CAGCTAAGTAGAGTGC	TRUE
PB_MACS_CAGGTGCTCGATCCCT	PB_MACS	CAGGTGCTCGATCCCT	PB	SRR11008272	272_CAGGTGCTCGATCCCT	TRUE
PB_MACS_CAGTAACTCATGGTCA	PB_MACS	CAGTAACTCATGGTCA	PB	SRR11008272	272_CAGTAACTCATGGTCA	TRUE
PB_MACS_CATATTCTCGCGGATC	PB_MACS	CATATTCTCGCGGATC	PB	SRR11008272	272_CATATTCTCGCGGATC	TRUE
PB_MACS_CATCAGACAGTGACAG	PB_MACS	CATCAGACAGTGACAG	PB	SRR11008272	272_CATCAGACAGTGACAG	TRUE
PB_MACS_CATCAGACATGGGACA	PB_MACS	CATCAGACATGGGACA	PB	SRR11008272	272_CATCAGACATGGGACA	TRUE
PB_MACS_CATCGGGAGTGTTGAA	PB_MACS	CATCGGGAGTGTTGAA	PB	SRR11008272	272_CATCGGGAGTGTTGAA	TRUE
PB_MACS_CATGACATCACGCGGT	PB_MACS	CATGACATCACGCGGT	PB	SRR11008272	272_CATGACATCACGCGGT	TRUE
PB_MACS_CATGCCTCACACCGAC	PB_MACS	CATGCCTCACACCGAC	PB	SRR11008272	272_CATGCCTCACACCGAC	TRUE
PB_MACS_CATGGCGTCCTGTACC	PB_MACS	CATGGCGTCCTGTACC	PB	SRR11008272	272_CATGGCGTCCTGTACC	TRUE
PB_MACS_CATTATCTCCCTCTTT	PB_MACS	CATTATCTCCCTCTTT	PB	SRR11008272	272_CATTATCTCCCTCTTT	FALSE
PB_MACS_CATTCGCCATGACGGA	PB_MACS	CATTCGCCATGACGGA	PB	SRR11008272	272_CATTCGCCATGACGGA	TRUE
PB_MACS_CCAATCCCATGACGGA	PB_MACS	CCAATCCCATGACGGA	PB	SRR11008272	272_CCAATCCCATGACGGA	TRUE
PB_MACS_CCACCTATCTCCCTGA	PB_MACS	CCACCTATCTCCCTGA	PB	SRR11008272	272_CCACCTATCTCCCTGA	TRUE
PB_MACS_CCACGGAGTACATCCA	PB_MACS	CCACGGAGTACATCCA	PB	SRR11008272	272_CCACGGAGTACATCCA	TRUE
PB_MACS_CCACGGAGTATGGTTC	PB_MACS	CCACGGAGTATGGTTC	PB	SRR11008272	272_CCACGGAGTATGGTTC	TRUE
PB_MACS_CCACGGATCTCAACTT	PB_MACS	CCACGGATCTCAACTT	PB	SRR11008272	272_CCACGGATCTCAACTT	TRUE
PB_MACS_CCACTACCATAGGATA	PB_MACS	CCACTACCATAGGATA	PB	SRR11008272	272_CCACTACCATAGGATA	TRUE
PB_MACS_CCATGTCGTTCGTTGA	PB_MACS	CCATGTCGTTCGTTGA	PB	SRR11008272	272_CCATGTCGTTCGTTGA	TRUE
PB_MACS_CCATGTCTCGCTGATA	PB_MACS	CCATGTCTCGCTGATA	PB	SRR11008272	272_CCATGTCTCGCTGATA	TRUE
PB_MACS_CCGGGATCAATGACCT	PB_MACS	CCGGGATCAATGACCT	PB	SRR11008272	272_CCGGGATCAATGACCT	TRUE
PB_MACS_CCGGGATGTGGTGTAG	PB_MACS	CCGGGATGTGGTGTAG	PB	SRR11008272	272_CCGGGATGTGGTGTAG	TRUE
PB_MACS_CCGTGGAGTCAAACTC	PB_MACS	CCGTGGAGTCAAACTC	PB	SRR11008272	272_CCGTGGAGTCAAACTC	TRUE
PB_MACS_CCGTGGAGTCCAGTAT	PB_MACS	CCGTGGAGTCCAGTAT	PB	SRR11008272	272_CCGTGGAGTCCAGTAT	TRUE
PB_MACS_CCGTGGAGTGAACCTT	PB_MACS	CCGTGGAGTGAACCTT	PB	SRR11008272	272_CCGTGGAGTGAACCTT	TRUE
PB_MACS_CCTACACGTAGGGTAC	PB_MACS	CCTACACGTAGGGTAC	PB	SRR11008272	272_CCTACACGTAGGGTAC	TRUE
PB_MACS_CCTCAGTCATTAGGCT	PB_MACS	CCTCAGTCATTAGGCT	PB	SRR11008272	272_CCTCAGTCATTAGGCT	TRUE
PB_MACS_CCTCTGATCAAACCAC	PB_MACS	CCTCTGATCAAACCAC	PB	SRR11008272	272_CCTCTGATCAAACCAC	TRUE
PB_MACS_CCTTCCCAGCTCCTTC	PB_MACS	CCTTCCCAGCTCCTTC	PB	SRR11008272	272_CCTTCCCAGCTCCTTC	TRUE
PB_MACS_CCTTCGAGTTGGTGGA	PB_MACS	CCTTCGAGTTGGTGGA	PB	SRR11008272	272_CCTTCGAGTTGGTGGA	TRUE
PB_MACS_CCTTCGAGTTGTACAC	PB_MACS	CCTTCGAGTTGTACAC	PB	SRR11008272	272_CCTTCGAGTTGTACAC	TRUE
PB_MACS_CGACCTTAGTGGCACA	PB_MACS	CGACCTTAGTGGCACA	PB	SRR11008272	272_CGACCTTAGTGGCACA	TRUE
PB_MACS_CGAGAAGCAACGCACC	PB_MACS	CGAGAAGCAACGCACC	PB	SRR11008272	272_CGAGAAGCAACGCACC	TRUE
PB_MACS_CGAGCACCACCAGGCT	PB_MACS	CGAGCACCACCAGGCT	PB	SRR11008272	272_CGAGCACCACCAGGCT	TRUE
PB_MACS_CGAGCCAGTCATGCAT	PB_MACS	CGAGCCAGTCATGCAT	PB	SRR11008272	272_CGAGCCAGTCATGCAT	TRUE
PB_MACS_CGATCGGGTGAAGGCT	PB_MACS	CGATCGGGTGAAGGCT	PB	SRR11008272	272_CGATCGGGTGAAGGCT	TRUE
PB_MACS_CGATCGGTCAAGGTAA	PB_MACS	CGATCGGTCAAGGTAA	PB	SRR11008272	272_CGATCGGTCAAGGTAA	TRUE
PB_MACS_CGATGTAAGCACAGGT	PB_MACS	CGATGTAAGCACAGGT	PB	SRR11008272	272_CGATGTAAGCACAGGT	FALSE
PB_MACS_CGATGTACATACTCTT	PB_MACS	CGATGTACATACTCTT	PB	SRR11008272	272_CGATGTACATACTCTT	FALSE
PB_MACS_CGATGTATCAGGTTCA	PB_MACS	CGATGTATCAGGTTCA	PB	SRR11008272	272_CGATGTATCAGGTTCA	TRUE
PB_MACS_CGATTGAAGTTCGCAT	PB_MACS	CGATTGAAGTTCGCAT	PB	SRR11008272	272_CGATTGAAGTTCGCAT	TRUE
PB_MACS_CGCTGGAGTGTAACGG	PB_MACS	CGCTGGAGTGTAACGG	PB	SRR11008272	272_CGCTGGAGTGTAACGG	TRUE
PB_MACS_CGCTTCAAGATGTAAC	PB_MACS	CGCTTCAAGATGTAAC	PB	SRR11008272	272_CGCTTCAAGATGTAAC	TRUE
PB_MACS_CGGACTGAGGTAGCTG	PB_MACS	CGGACTGAGGTAGCTG	PB	SRR11008272	272_CGGACTGAGGTAGCTG	TRUE
PB_MACS_CGGACTGGTCTTGATG	PB_MACS	CGGACTGGTCTTGATG	PB	SRR11008272	272_CGGACTGGTCTTGATG	TRUE
PB_MACS_CGGAGCTGTTATCCGA	PB_MACS	CGGAGCTGTTATCCGA	PB	SRR11008272	272_CGGAGCTGTTATCCGA	TRUE
PB_MACS_CGGAGCTTCTGTCTAT	PB_MACS	CGGAGCTTCTGTCTAT	PB	SRR11008272	272_CGGAGCTTCTGTCTAT	TRUE
PB_MACS_CGGAGTCTCTTACCTA	PB_MACS	CGGAGTCTCTTACCTA	PB	SRR11008272	272_CGGAGTCTCTTACCTA	TRUE
PB_MACS_CGGTTAAAGTTCGCGC	PB_MACS	CGGTTAAAGTTCGCGC	PB	SRR11008272	272_CGGTTAAAGTTCGCGC	TRUE
PB_MACS_CGTAGCGAGAGACGAA	PB_MACS	CGTAGCGAGAGACGAA	PB	SRR11008272	272_CGTAGCGAGAGACGAA	TRUE
PB_MACS_CGTAGCGAGAGGGATA	PB_MACS	CGTAGCGAGAGGGATA	PB	SRR11008272	272_CGTAGCGAGAGGGATA	TRUE
PB_MACS_CGTAGCGGTAGCTAAA	PB_MACS	CGTAGCGGTAGCTAAA	PB	SRR11008272	272_CGTAGCGGTAGCTAAA	TRUE
PB_MACS_CGTAGCGGTGAAGGCT	PB_MACS	CGTAGCGGTGAAGGCT	PB	SRR11008272	272_CGTAGCGGTGAAGGCT	TRUE
PB_MACS_CGTAGCGGTTCTGGTA	PB_MACS	CGTAGCGGTTCTGGTA	PB	SRR11008272	272_CGTAGCGGTTCTGGTA	TRUE
PB_MACS_CGTCACTTCGTTACAG	PB_MACS	CGTCACTTCGTTACAG	PB	SRR11008272	272_CGTCACTTCGTTACAG	TRUE
PB_MACS_CGTTAGAGTCAACTGT	PB_MACS	CGTTAGAGTCAACTGT	PB	SRR11008272	272_CGTTAGAGTCAACTGT	TRUE
PB_MACS_CGTTAGAGTGCAGGTA	PB_MACS	CGTTAGAGTGCAGGTA	PB	SRR11008272	272_CGTTAGAGTGCAGGTA	TRUE
PB_MACS_CGTTCTGGTTAAGGGC	PB_MACS	CGTTCTGGTTAAGGGC	PB	SRR11008272	272_CGTTCTGGTTAAGGGC	TRUE
PB_MACS_CTAAGACGTACCATCA	PB_MACS	CTAAGACGTACCATCA	PB	SRR11008272	272_CTAAGACGTACCATCA	TRUE
PB_MACS_CTAGTGACATCGACGC	PB_MACS	CTAGTGACATCGACGC	PB	SRR11008272	272_CTAGTGACATCGACGC	TRUE
PB_MACS_CTCACACGTAGCCTCG	PB_MACS	CTCACACGTAGCCTCG	PB	SRR11008272	272_CTCACACGTAGCCTCG	TRUE
PB_MACS_CTCAGAAAGGCCCTCA	PB_MACS	CTCAGAAAGGCCCTCA	PB	SRR11008272	272_CTCAGAAAGGCCCTCA	TRUE
PB_MACS_CTCCTAGCACCTGGTG	PB_MACS	CTCCTAGCACCTGGTG	PB	SRR11008272	272_CTCCTAGCACCTGGTG	TRUE
PB_MACS_CTCCTAGCAGTTTACG	PB_MACS	CTCCTAGCAGTTTACG	PB	SRR11008272	272_CTCCTAGCAGTTTACG	TRUE
PB_MACS_CTCGGAGGTTTGACAC	PB_MACS	CTCGGAGGTTTGACAC	PB	SRR11008272	272_CTCGGAGGTTTGACAC	TRUE
PB_MACS_CTCTACGCAGCTGTGC	PB_MACS	CTCTACGCAGCTGTGC	PB	SRR11008272	272_CTCTACGCAGCTGTGC	TRUE
PB_MACS_CTCTGGTAGTCGATAA	PB_MACS	CTCTGGTAGTCGATAA	PB	SRR11008272	272_CTCTGGTAGTCGATAA	TRUE
PB_MACS_CTGAAGTGTACGCACC	PB_MACS	CTGAAGTGTACGCACC	PB	SRR11008272	272_CTGAAGTGTACGCACC	TRUE
PB_MACS_CTGAAGTGTGCTTCTC	PB_MACS	CTGAAGTGTGCTTCTC	PB	SRR11008272	272_CTGAAGTGTGCTTCTC	TRUE
PB_MACS_CTGATAGTCCATGAAC	PB_MACS	CTGATAGTCCATGAAC	PB	SRR11008272	272_CTGATAGTCCATGAAC	TRUE
PB_MACS_CTGCGGAAGCAATATG	PB_MACS	CTGCGGAAGCAATATG	PB	SRR11008272	272_CTGCGGAAGCAATATG	TRUE
PB_MACS_CTGCGGATCAGGTAAA	PB_MACS	CTGCGGATCAGGTAAA	PB	SRR11008272	272_CTGCGGATCAGGTAAA	TRUE
PB_MACS_CTGTTTAGTTCCACTC	PB_MACS	CTGTTTAGTTCCACTC	PB	SRR11008272	272_CTGTTTAGTTCCACTC	TRUE
PB_MACS_CTTCTCTTCAACTCTT	PB_MACS	CTTCTCTTCAACTCTT	PB	SRR11008272	272_CTTCTCTTCAACTCTT	TRUE
PB_MACS_CTTGGCTGTGGAAAGA	PB_MACS	CTTGGCTGTGGAAAGA	PB	SRR11008272	272_CTTGGCTGTGGAAAGA	TRUE
PB_MACS_CTTGGCTTCCGCGGTA	PB_MACS	CTTGGCTTCCGCGGTA	PB	SRR11008272	272_CTTGGCTTCCGCGGTA	TRUE
PB_MACS_GACAGAGCAGATTGCT	PB_MACS	GACAGAGCAGATTGCT	PB	SRR11008272	272_GACAGAGCAGATTGCT	TRUE
PB_MACS_GACCTGGGTCATACTG	PB_MACS	GACCTGGGTCATACTG	PB	SRR11008272	272_GACCTGGGTCATACTG	TRUE
PB_MACS_GACGCGTCAAATCCGT	PB_MACS	GACGCGTCAAATCCGT	PB	SRR11008272	272_GACGCGTCAAATCCGT	FALSE
PB_MACS_GACGTGCAGGGCTTCC	PB_MACS	GACGTGCAGGGCTTCC	PB	SRR11008272	272_GACGTGCAGGGCTTCC	TRUE
PB_MACS_GACTACAGTAATAGCA	PB_MACS	GACTACAGTAATAGCA	PB	SRR11008272	272_GACTACAGTAATAGCA	TRUE
PB_MACS_GAGGTGAGTCGCATAT	PB_MACS	GAGGTGAGTCGCATAT	PB	SRR11008272	272_GAGGTGAGTCGCATAT	FALSE
PB_MACS_GAGGTGAGTTTAAGCC	PB_MACS	GAGGTGAGTTTAAGCC	PB	SRR11008272	272_GAGGTGAGTTTAAGCC	TRUE
PB_MACS_GATCAGTCACGTTGGC	PB_MACS	GATCAGTCACGTTGGC	PB	SRR11008272	272_GATCAGTCACGTTGGC	TRUE
PB_MACS_GATCAGTCAGGAATCG	PB_MACS	GATCAGTCAGGAATCG	PB	SRR11008272	272_GATCAGTCAGGAATCG	TRUE
PB_MACS_GATCGTACACGACGAA	PB_MACS	GATCGTACACGACGAA	PB	SRR11008272	272_GATCGTACACGACGAA	TRUE
PB_MACS_GATGAAACAGTTCCCT	PB_MACS	GATGAAACAGTTCCCT	PB	SRR11008272	272_GATGAAACAGTTCCCT	TRUE
PB_MACS_GATGAGGAGAACAACT	PB_MACS	GATGAGGAGAACAACT	PB	SRR11008272	272_GATGAGGAGAACAACT	TRUE
PB_MACS_GCAATCATCGAGAACG	PB_MACS	GCAATCATCGAGAACG	PB	SRR11008272	272_GCAATCATCGAGAACG	TRUE
PB_MACS_GCAGCCACACACCGCA	PB_MACS	GCAGCCACACACCGCA	PB	SRR11008272	272_GCAGCCACACACCGCA	FALSE
PB_MACS_GCATGCGGTCACTGGC	PB_MACS	GCATGCGGTCACTGGC	PB	SRR11008272	272_GCATGCGGTCACTGGC	TRUE
PB_MACS_GCATGCGTCAGTTCGA	PB_MACS	GCATGCGTCAGTTCGA	PB	SRR11008272	272_GCATGCGTCAGTTCGA	TRUE
PB_MACS_GCGACCACACAACGTT	PB_MACS	GCGACCACACAACGTT	PB	SRR11008272	272_GCGACCACACAACGTT	TRUE
PB_MACS_GCGCAGTCACATGACT	PB_MACS	GCGCAGTCACATGACT	PB	SRR11008272	272_GCGCAGTCACATGACT	TRUE
PB_MACS_GCGCAGTGTAGTGAAT	PB_MACS	GCGCAGTGTAGTGAAT	PB	SRR11008272	272_GCGCAGTGTAGTGAAT	TRUE
PB_MACS_GCGCCAAGTTGTGGCC	PB_MACS	GCGCCAAGTTGTGGCC	PB	SRR11008272	272_GCGCCAAGTTGTGGCC	TRUE
PB_MACS_GCGCGATGTACTCAAC	PB_MACS	GCGCGATGTACTCAAC	PB	SRR11008272	272_GCGCGATGTACTCAAC	TRUE
PB_MACS_GCGGGTTAGTGTCTCA	PB_MACS	GCGGGTTAGTGTCTCA	PB	SRR11008272	272_GCGGGTTAGTGTCTCA	TRUE
PB_MACS_GCGGGTTGTGGTCTCG	PB_MACS	GCGGGTTGTGGTCTCG	PB	SRR11008272	272_GCGGGTTGTGGTCTCG	TRUE
PB_MACS_GCTGGGTTCCCATTTA	PB_MACS	GCTGGGTTCCCATTTA	PB	SRR11008272	272_GCTGGGTTCCCATTTA	TRUE
PB_MACS_GCTTCCACAAGCGCTC	PB_MACS	GCTTCCACAAGCGCTC	PB	SRR11008272	272_GCTTCCACAAGCGCTC	TRUE
PB_MACS_GCTTCCAGTCCTCTTG	PB_MACS	GCTTCCAGTCCTCTTG	PB	SRR11008272	272_GCTTCCAGTCCTCTTG	FALSE
PB_MACS_GCTTGAAAGCCAGAAC	PB_MACS	GCTTGAAAGCCAGAAC	PB	SRR11008272	272_GCTTGAAAGCCAGAAC	FALSE
PB_MACS_GCTTGAAGTGTTTGGT	PB_MACS	GCTTGAAGTGTTTGGT	PB	SRR11008272	272_GCTTGAAGTGTTTGGT	TRUE
PB_MACS_GGAAAGCGTAGCCTCG	PB_MACS	GGAAAGCGTAGCCTCG	PB	SRR11008272	272_GGAAAGCGTAGCCTCG	TRUE
PB_MACS_GGAACTTAGCTAGTTC	PB_MACS	GGAACTTAGCTAGTTC	PB	SRR11008272	272_GGAACTTAGCTAGTTC	TRUE
PB_MACS_GGAACTTGTGATGATA	PB_MACS	GGAACTTGTGATGATA	PB	SRR11008272	272_GGAACTTGTGATGATA	TRUE
PB_MACS_GGAACTTGTGGGTATG	PB_MACS	GGAACTTGTGGGTATG	PB	SRR11008272	272_GGAACTTGTGGGTATG	FALSE
PB_MACS_GGAATAAAGCCCGAAA	PB_MACS	GGAATAAAGCCCGAAA	PB	SRR11008272	272_GGAATAAAGCCCGAAA	TRUE
PB_MACS_GGACATTGTCGCGGTT	PB_MACS	GGACATTGTCGCGGTT	PB	SRR11008272	272_GGACATTGTCGCGGTT	TRUE
PB_MACS_GGACGTCGTAGCGATG	PB_MACS	GGACGTCGTAGCGATG	PB	SRR11008272	272_GGACGTCGTAGCGATG	TRUE
PB_MACS_GGACGTCTCCCTAACC	PB_MACS	GGACGTCTCCCTAACC	PB	SRR11008272	272_GGACGTCTCCCTAACC	TRUE
PB_MACS_GGATGTTTCGTAGGAG	PB_MACS	GGATGTTTCGTAGGAG	PB	SRR11008272	272_GGATGTTTCGTAGGAG	TRUE
PB_MACS_GGATTACTCCCACTTG	PB_MACS	GGATTACTCCCACTTG	PB	SRR11008272	272_GGATTACTCCCACTTG	TRUE
PB_MACS_GGCAATTCAGCCTTTC	PB_MACS	GGCAATTCAGCCTTTC	PB	SRR11008272	272_GGCAATTCAGCCTTTC	TRUE
PB_MACS_GGCTCGATCTGTTTGT	PB_MACS	GGCTCGATCTGTTTGT	PB	SRR11008272	272_GGCTCGATCTGTTTGT	TRUE
PB_MACS_GGGCACTGTCTGCAAT	PB_MACS	GGGCACTGTCTGCAAT	PB	SRR11008272	272_GGGCACTGTCTGCAAT	TRUE
PB_MACS_GGTATTGAGACAGAGA	PB_MACS	GGTATTGAGACAGAGA	PB	SRR11008272	272_GGTATTGAGACAGAGA	TRUE
PB_MACS_GGTATTGAGCAAATCA	PB_MACS	GGTATTGAGCAAATCA	PB	SRR11008272	272_GGTATTGAGCAAATCA	TRUE
PB_MACS_GGTGAAGGTCCATGAT	PB_MACS	GGTGAAGGTCCATGAT	PB	SRR11008272	272_GGTGAAGGTCCATGAT	TRUE
PB_MACS_GGTGCGTAGTGACATA	PB_MACS	GGTGCGTAGTGACATA	PB	SRR11008272	272_GGTGCGTAGTGACATA	TRUE
PB_MACS_GGTGCGTGTTACTGAC	PB_MACS	GGTGCGTGTTACTGAC	PB	SRR11008272	272_GGTGCGTGTTACTGAC	TRUE
PB_MACS_GGTGTTAAGAAGGACA	PB_MACS	GGTGTTAAGAAGGACA	PB	SRR11008272	272_GGTGTTAAGAAGGACA	TRUE
PB_MACS_GTACTTTGTAATAGCA	PB_MACS	GTACTTTGTAATAGCA	PB	SRR11008272	272_GTACTTTGTAATAGCA	TRUE
PB_MACS_GTACTTTTCTCTGAGA	PB_MACS	GTACTTTTCTCTGAGA	PB	SRR11008272	272_GTACTTTTCTCTGAGA	TRUE
PB_MACS_GTAGGCCCAGCCTATA	PB_MACS	GTAGGCCCAGCCTATA	PB	SRR11008272	272_GTAGGCCCAGCCTATA	TRUE
PB_MACS_GTCAAGTCAGTTAACC	PB_MACS	GTCAAGTCAGTTAACC	PB	SRR11008272	272_GTCAAGTCAGTTAACC	TRUE
PB_MACS_GTCACAAGTCATATCG	PB_MACS	GTCACAAGTCATATCG	PB	SRR11008272	272_GTCACAAGTCATATCG	TRUE
PB_MACS_GTGTGCGGTACTTCTT	PB_MACS	GTGTGCGGTACTTCTT	PB	SRR11008272	272_GTGTGCGGTACTTCTT	TRUE
PB_MACS_GTGTGCGTCCGGGTGT	PB_MACS	GTGTGCGTCCGGGTGT	PB	SRR11008272	272_GTGTGCGTCCGGGTGT	TRUE
PB_MACS_GTGTGCGTCTTAGCCC	PB_MACS	GTGTGCGTCTTAGCCC	PB	SRR11008272	272_GTGTGCGTCTTAGCCC	TRUE
PB_MACS_GTTCTCGCAGATGGGT	PB_MACS	GTTCTCGCAGATGGGT	PB	SRR11008272	272_GTTCTCGCAGATGGGT	TRUE
PB_MACS_GTTCTCGCATTAGGCT	PB_MACS	GTTCTCGCATTAGGCT	PB	SRR11008272	272_GTTCTCGCATTAGGCT	TRUE
PB_MACS_TAAGAGAGTACGACCC	PB_MACS	TAAGAGAGTACGACCC	PB	SRR11008272	272_TAAGAGAGTACGACCC	TRUE
PB_MACS_TAAGTGCCAAAGCAAT	PB_MACS	TAAGTGCCAAAGCAAT	PB	SRR11008272	272_TAAGTGCCAAAGCAAT	TRUE
PB_MACS_TAAGTGCTCTACCAGA	PB_MACS	TAAGTGCTCTACCAGA	PB	SRR11008272	272_TAAGTGCTCTACCAGA	TRUE
PB_MACS_TACCTTAGTCTCCACT	PB_MACS	TACCTTAGTCTCCACT	PB	SRR11008272	272_TACCTTAGTCTCCACT	TRUE
PB_MACS_TACTCGCCAGCAGTTT	PB_MACS	TACTCGCCAGCAGTTT	PB	SRR11008272	272_TACTCGCCAGCAGTTT	TRUE
PB_MACS_TACTTGTGTATTAGCC	PB_MACS	TACTTGTGTATTAGCC	PB	SRR11008272	272_TACTTGTGTATTAGCC	TRUE
PB_MACS_TAGACCAAGTGTCCAT	PB_MACS	TAGACCAAGTGTCCAT	PB	SRR11008272	272_TAGACCAAGTGTCCAT	TRUE
PB_MACS_TAGAGCTAGATCGGGT	PB_MACS	TAGAGCTAGATCGGGT	PB	SRR11008272	272_TAGAGCTAGATCGGGT	TRUE
PB_MACS_TATCTCAGTCCATCCT	PB_MACS	TATCTCAGTCCATCCT	PB	SRR11008272	272_TATCTCAGTCCATCCT	TRUE
PB_MACS_TATTACCAGCAGGCTA	PB_MACS	TATTACCAGCAGGCTA	PB	SRR11008272	272_TATTACCAGCAGGCTA	TRUE
PB_MACS_TCAACGACAGGTGCCT	PB_MACS	TCAACGACAGGTGCCT	PB	SRR11008272	272_TCAACGACAGGTGCCT	TRUE
PB_MACS_TCAACGAGTAATCGTC	PB_MACS	TCAACGAGTAATCGTC	PB	SRR11008272	272_TCAACGAGTAATCGTC	FALSE
PB_MACS_TCAACGATCGCCGTGA	PB_MACS	TCAACGATCGCCGTGA	PB	SRR11008272	272_TCAACGATCGCCGTGA	TRUE
PB_MACS_TCACGAATCAACGCTA	PB_MACS	TCACGAATCAACGCTA	PB	SRR11008272	272_TCACGAATCAACGCTA	FALSE
PB_MACS_TCAGATGCAATGAATG	PB_MACS	TCAGATGCAATGAATG	PB	SRR11008272	272_TCAGATGCAATGAATG	FALSE
PB_MACS_TCAGCTCTCTTTAGTC	PB_MACS	TCAGCTCTCTTTAGTC	PB	SRR11008272	272_TCAGCTCTCTTTAGTC	TRUE
PB_MACS_TCAGGATAGCCAGTAG	PB_MACS	TCAGGATAGCCAGTAG	PB	SRR11008272	272_TCAGGATAGCCAGTAG	TRUE
PB_MACS_TCAGGATAGTGTTAGA	PB_MACS	TCAGGATAGTGTTAGA	PB	SRR11008272	272_TCAGGATAGTGTTAGA	TRUE
PB_MACS_TCATTACCAGCATACT	PB_MACS	TCATTACCAGCATACT	PB	SRR11008272	272_TCATTACCAGCATACT	TRUE
PB_MACS_TCATTTGCAGCTCGAC	PB_MACS	TCATTTGCAGCTCGAC	PB	SRR11008272	272_TCATTTGCAGCTCGAC	TRUE
PB_MACS_TCCACACAGTACGTAA	PB_MACS	TCCACACAGTACGTAA	PB	SRR11008272	272_TCCACACAGTACGTAA	TRUE
PB_MACS_TCCCGATAGGCAAAGA	PB_MACS	TCCCGATAGGCAAAGA	PB	SRR11008272	272_TCCCGATAGGCAAAGA	TRUE
PB_MACS_TCGGTAAAGCTAGCCC	PB_MACS	TCGGTAAAGCTAGCCC	PB	SRR11008272	272_TCGGTAAAGCTAGCCC	TRUE
PB_MACS_TCGGTAAGTAGGCATG	PB_MACS	TCGGTAAGTAGGCATG	PB	SRR11008272	272_TCGGTAAGTAGGCATG	TRUE
PB_MACS_TCGTAGAGTTTGTGTG	PB_MACS	TCGTAGAGTTTGTGTG	PB	SRR11008272	272_TCGTAGAGTTTGTGTG	TRUE
PB_MACS_TCGTAGATCTATCCTA	PB_MACS	TCGTAGATCTATCCTA	PB	SRR11008272	272_TCGTAGATCTATCCTA	TRUE
PB_MACS_TCTCTAACAATAAGCA	PB_MACS	TCTCTAACAATAAGCA	PB	SRR11008272	272_TCTCTAACAATAAGCA	TRUE
PB_MACS_TCTGGAACAGCCTGTG	PB_MACS	TCTGGAACAGCCTGTG	PB	SRR11008272	272_TCTGGAACAGCCTGTG	TRUE
PB_MACS_TCTTCGGAGGGCATGT	PB_MACS	TCTTCGGAGGGCATGT	PB	SRR11008272	272_TCTTCGGAGGGCATGT	TRUE
PB_MACS_TGAAAGAAGCGTAGTG	PB_MACS	TGAAAGAAGCGTAGTG	PB	SRR11008272	272_TGAAAGAAGCGTAGTG	TRUE
PB_MACS_TGACAACCATGGTAGG	PB_MACS	TGACAACCATGGTAGG	PB	SRR11008272	272_TGACAACCATGGTAGG	TRUE
PB_MACS_TGACTAGCAAGTAGTA	PB_MACS	TGACTAGCAAGTAGTA	PB	SRR11008272	272_TGACTAGCAAGTAGTA	TRUE
PB_MACS_TGACTTTTCAGGCGAA	PB_MACS	TGACTTTTCAGGCGAA	PB	SRR11008272	272_TGACTTTTCAGGCGAA	TRUE
PB_MACS_TGAGCATAGAAACCTA	PB_MACS	TGAGCATAGAAACCTA	PB	SRR11008272	272_TGAGCATAGAAACCTA	TRUE
PB_MACS_TGAGCATGTAAAGGAG	PB_MACS	TGAGCATGTAAAGGAG	PB	SRR11008272	272_TGAGCATGTAAAGGAG	TRUE
PB_MACS_TGAGCATGTCCGAAGA	PB_MACS	TGAGCATGTCCGAAGA	PB	SRR11008272	272_TGAGCATGTCCGAAGA	TRUE
PB_MACS_TGAGCATGTGTCAATC	PB_MACS	TGAGCATGTGTCAATC	PB	SRR11008272	272_TGAGCATGTGTCAATC	TRUE
PB_MACS_TGAGGGAAGGCACATG	PB_MACS	TGAGGGAAGGCACATG	PB	SRR11008272	272_TGAGGGAAGGCACATG	TRUE
PB_MACS_TGCCCATTCCGCAAGC	PB_MACS	TGCCCATTCCGCAAGC	PB	SRR11008272	272_TGCCCATTCCGCAAGC	TRUE
PB_MACS_TGCGCAGGTGTGAATA	PB_MACS	TGCGCAGGTGTGAATA	PB	SRR11008272	272_TGCGCAGGTGTGAATA	TRUE
PB_MACS_TGCGGGTGTGCATCTA	PB_MACS	TGCGGGTGTGCATCTA	PB	SRR11008272	272_TGCGGGTGTGCATCTA	TRUE
PB_MACS_TGCTGCTCAATGAATG	PB_MACS	TGCTGCTCAATGAATG	PB	SRR11008272	272_TGCTGCTCAATGAATG	TRUE
PB_MACS_TGGACGCAGGCGACAT	PB_MACS	TGGACGCAGGCGACAT	PB	SRR11008272	272_TGGACGCAGGCGACAT	TRUE
PB_MACS_TGGCGCAAGGAGTAGA	PB_MACS	TGGCGCAAGGAGTAGA	PB	SRR11008272	272_TGGCGCAAGGAGTAGA	TRUE
PB_MACS_TGGCGCAAGTGACATA	PB_MACS	TGGCGCAAGTGACATA	PB	SRR11008272	272_TGGCGCAAGTGACATA	TRUE
PB_MACS_TGTCCCAGTAGCAAAT	PB_MACS	TGTCCCAGTAGCAAAT	PB	SRR11008272	272_TGTCCCAGTAGCAAAT	TRUE
PB_MACS_TGTTCCGGTTATTCTC	PB_MACS	TGTTCCGGTTATTCTC	PB	SRR11008272	272_TGTTCCGGTTATTCTC	TRUE
PB_MACS_TTATGCTCAACACCTA	PB_MACS	TTATGCTCAACACCTA	PB	SRR11008272	272_TTATGCTCAACACCTA	TRUE
PB_MACS_TTCTCAAGTGACGGTA	PB_MACS	TTCTCAAGTGACGGTA	PB	SRR11008272	272_TTCTCAAGTGACGGTA	TRUE
PB_MACS_TTGAACGGTCACACGC	PB_MACS	TTGAACGGTCACACGC	PB	SRR11008272	272_TTGAACGGTCACACGC	TRUE
PB_MACS_TTGCCGTGTGGTCTCG	PB_MACS	TTGCCGTGTGGTCTCG	PB	SRR11008272	272_TTGCCGTGTGGTCTCG	TRUE
PB_MACS_TTGCCGTGTGGTTTCA	PB_MACS	TTGCCGTGTGGTTTCA	PB	SRR11008272	272_TTGCCGTGTGGTTTCA	TRUE
PB_MACS_TTGCGTCCAGATTGCT	PB_MACS	TTGCGTCCAGATTGCT	PB	SRR11008272	272_TTGCGTCCAGATTGCT	TRUE
PB_MACS_TTGGCAATCTTAGAGC	PB_MACS	TTGGCAATCTTAGAGC	PB	SRR11008272	272_TTGGCAATCTTAGAGC	TRUE
PB_MACS_TTTATGCTCCGTTGTC	PB_MACS	TTTATGCTCCGTTGTC	PB	SRR11008272	272_TTTATGCTCCGTTGTC	TRUE
PB_MACS_TTTGGTTCAATTGCTG	PB_MACS	TTTGGTTCAATTGCTG	PB	SRR11008272	272_TTTGGTTCAATTGCTG	TRUE
PB_MACS_TTTGGTTGTGAGGGAG	PB_MACS	TTTGGTTGTGAGGGAG	PB	SRR11008272	272_TTTGGTTGTGAGGGAG	TRUE
PB_MACS_TTTGTCAAGTTGCAGG	PB_MACS	TTTGTCAAGTTGCAGG	PB	SRR11008272	272_TTTGTCAAGTTGCAGG	FALSE
