source_cell_id	mapped_cell_id	pre_present	final_present
AAACCCACAAGGTTGG_Case_909	438_AAACCCACAAGGTTGG	TRUE	TRUE
AAACCCACAGGATCTT_Case_909	438_AAACCCACAGGATCTT	TRUE	TRUE
AAACCCAGTGCACATT_Case_909	438_AAACCCAGTGCACATT	TRUE	TRUE
AAACCCATCTGCCCTA_Case_909	438_AAACCCATCTGCCCTA	TRUE	TRUE
AAACCCATCTTCCTAA_Case_909	438_AAACCCATCTTCCTAA	TRUE	TRUE
AAACGAAAGATGCAGC_Case_909	438_AAACGAAAGATGCAGC	TRUE	TRUE
AAACGAACAGAGCTAG_Case_909	438_AAACGAACAGAGCTAG	TRUE	TRUE
AAACGCTGTGAGTCAG_Case_909	438_AAACGCTGTGAGTCAG	TRUE	TRUE
AAAGAACAGAATCGTA_Case_909	438_AAAGAACAGAATCGTA	TRUE	TRUE
AAAGAACAGGATTCCT_Case_909	438_AAAGAACAGGATTCCT	TRUE	TRUE
AAAGAACAGTGATAGT_Case_909	438_AAAGAACAGTGATAGT	TRUE	TRUE
AAAGAACCAATAGTAG_Case_909	438_AAAGAACCAATAGTAG	TRUE	TRUE
AAAGAACGTGAATATG_Case_909	438_AAAGAACGTGAATATG	TRUE	TRUE
AAAGAACGTGGCAACA_Case_909	438_AAAGAACGTGGCAACA	TRUE	TRUE
AAAGAACGTTATGTGC_Case_909	438_AAAGAACGTTATGTGC	TRUE	TRUE
AAAGAACTCAGTCATG_Case_909	438_AAAGAACTCAGTCATG	TRUE	TRUE
AAAGAACTCTAGGCCG_Case_909	438_AAAGAACTCTAGGCCG	TRUE	TRUE
AAAGGATAGCTGAAGC_Case_909	438_AAAGGATAGCTGAAGC	TRUE	TRUE
AAAGGATAGGATTCCT_Case_909	438_AAAGGATAGGATTCCT	TRUE	TRUE
AAAGGATGTGAGAACC_Case_909	438_AAAGGATGTGAGAACC	TRUE	TRUE
AAAGGGCAGAAGAACG_Case_909	438_AAAGGGCAGAAGAACG	TRUE	TRUE
AAAGGGCAGGTCGTAG_Case_909	438_AAAGGGCAGGTCGTAG	TRUE	TRUE
AAAGGGCCACACACGC_Case_909	438_AAAGGGCCACACACGC	TRUE	TRUE
AAAGGGCCAGTTTCGA_Case_909	438_AAAGGGCCAGTTTCGA	TRUE	TRUE
AAAGGGCGTCGTACAT_Case_909	438_AAAGGGCGTCGTACAT	TRUE	TRUE
AAAGGGCGTCGTGATT_Case_909	438_AAAGGGCGTCGTGATT	TRUE	TRUE
AAAGGGCTCACGAACT_Case_909	438_AAAGGGCTCACGAACT	TRUE	TRUE
AAAGGTACAGTCAGCC_Case_909	438_AAAGGTACAGTCAGCC	TRUE	TRUE
AAAGGTACATAATGCC_Case_909	438_AAAGGTACATAATGCC	TRUE	TRUE
AAAGGTAGTCTGTTAG_Case_909	438_AAAGGTAGTCTGTTAG	TRUE	TRUE
AAAGTCCCATCCCGTT_Case_909	438_AAAGTCCCATCCCGTT	TRUE	TRUE
AAAGTCCGTAGATTGA_Case_909	438_AAAGTCCGTAGATTGA	TRUE	TRUE
AAAGTCCGTCTCGCGA_Case_909	438_AAAGTCCGTCTCGCGA	TRUE	TRUE
AAAGTCCTCCCGTAAA_Case_909	438_AAAGTCCTCCCGTAAA	TRUE	TRUE
AAAGTCCTCGGTAGGA_Case_909	438_AAAGTCCTCGGTAGGA	TRUE	TRUE
AAAGTGAAGTAATACG_Case_909	438_AAAGTGAAGTAATACG	TRUE	TRUE
AAAGTGACACATCATG_Case_909	438_AAAGTGACACATCATG	TRUE	TRUE
AAAGTGACACTACTTT_Case_909	438_AAAGTGACACTACTTT	TRUE	TRUE
AAAGTGATCTAAGGAA_Case_909	438_AAAGTGATCTAAGGAA	TRUE	TRUE
AAATGGAAGACGGTTG_Case_909	438_AAATGGAAGACGGTTG	TRUE	TRUE
AAATGGACATGACCCG_Case_909	438_AAATGGACATGACCCG	TRUE	TRUE
AAATGGAGTCAACCTA_Case_909	438_AAATGGAGTCAACCTA	TRUE	TRUE
AAATGGATCTCATAGG_Case_909	438_AAATGGATCTCATAGG	TRUE	TRUE
AACAAAGAGATGCGAC_Case_909	438_AACAAAGAGATGCGAC	TRUE	TRUE
AACAAAGAGTTGGCTT_Case_909	438_AACAAAGAGTTGGCTT	TRUE	TRUE
AACAAAGCACTGAGTT_Case_909	438_AACAAAGCACTGAGTT	TRUE	TRUE
AACAAAGTCCGATAAC_Case_909	438_AACAAAGTCCGATAAC	TRUE	TRUE
AACAAAGTCTTAGCAG_Case_909	438_AACAAAGTCTTAGCAG	TRUE	TRUE
AACAACCAGAATCGAT_Case_909	438_AACAACCAGAATCGAT	TRUE	TRUE
AACAACCCAGCAGTGA_Case_909	438_AACAACCCAGCAGTGA	TRUE	TRUE
AACAACCCAGCTGTGC_Case_909	438_AACAACCCAGCTGTGC	TRUE	TRUE
AACAACCGTTGCAACT_Case_909	438_AACAACCGTTGCAACT	TRUE	TRUE
AACAAGAAGGTCTACT_Case_909	438_AACAAGAAGGTCTACT	TRUE	TRUE
AACAAGACAATCGTCA_Case_909	438_AACAAGACAATCGTCA	TRUE	TRUE
AACAAGACACTTGTCC_Case_909	438_AACAAGACACTTGTCC	TRUE	TRUE
AACAAGATCCGTAGTA_Case_909	438_AACAAGATCCGTAGTA	TRUE	TRUE
AACACACAGAAACTCA_Case_909	438_AACACACAGAAACTCA	TRUE	TRUE
AACACACAGCGTGTTT_Case_909	438_AACACACAGCGTGTTT	TRUE	TRUE
AACACACAGCTGTACT_Case_909	438_AACACACAGCTGTACT	TRUE	TRUE
AACACACCAGGGTTGA_Case_909	438_AACACACCAGGGTTGA	TRUE	TRUE
AACACACTCCACCTCA_Case_909	438_AACACACTCCACCTCA	TRUE	TRUE
AACACACTCTAGGCCG_Case_909	438_AACACACTCTAGGCCG	TRUE	TRUE
AACAGGGAGGGACCAT_Case_909	438_AACAGGGAGGGACCAT	TRUE	TRUE
AACAGGGCATTGTCGA_Case_909	438_AACAGGGCATTGTCGA	TRUE	TRUE
AACAGGGGTGCTCGTG_Case_909	438_AACAGGGGTGCTCGTG	TRUE	TRUE
AACAGGGGTTAAAGTG_Case_909	438_AACAGGGGTTAAAGTG	TRUE	TRUE
AACCAACAGAAACACT_Case_909	438_AACCAACAGAAACACT	TRUE	TRUE
AACCAACAGTGTTCAC_Case_909	438_AACCAACAGTGTTCAC	TRUE	TRUE
AACCAACCAAGGCGTA_Case_909	438_AACCAACCAAGGCGTA	TRUE	TRUE
AACCAACGTATGAGCG_Case_909	438_AACCAACGTATGAGCG	TRUE	TRUE
AACCAACGTGGACTGA_Case_909	438_AACCAACGTGGACTGA	TRUE	TRUE
AACCACAAGCGATGAC_Case_909	438_AACCACAAGCGATGAC	TRUE	TRUE
AACCACACACGTTCGG_Case_909	438_AACCACACACGTTCGG	TRUE	TRUE
AACCACAGTACTCAAC_Case_909	438_AACCACAGTACTCAAC	TRUE	TRUE
AACCACAGTATCGATC_Case_909	438_AACCACAGTATCGATC	TRUE	TRUE
AACCACAGTTCGCGTG_Case_909	438_AACCACAGTTCGCGTG	TRUE	TRUE
AACCACATCATGGAGG_Case_909	438_AACCACATCATGGAGG	TRUE	TRUE
AACCATGAGGAAAGTG_Case_909	438_AACCATGAGGAAAGTG	TRUE	TRUE
AACCATGCACCTCTAC_Case_909	438_AACCATGCACCTCTAC	TRUE	TRUE
AACCATGTCAACGTGT_Case_909	438_AACCATGTCAACGTGT	TRUE	TRUE
AACCCAAAGGTTTACC_Case_909	438_AACCCAAAGGTTTACC	TRUE	TRUE
AACCCAACAAATCGTC_Case_909	438_AACCCAACAAATCGTC	TRUE	TRUE
AACCCAACAGGCGAAT_Case_909	438_AACCCAACAGGCGAAT	TRUE	TRUE
AACCCAAGTAGCTGTT_Case_909	438_AACCCAAGTAGCTGTT	TRUE	TRUE
AACCCAATCACTGTCC_Case_909	438_AACCCAATCACTGTCC	TRUE	TRUE
AACCTGAAGAGGTTTA_Case_909	438_AACCTGAAGAGGTTTA	TRUE	TRUE
AACCTGAAGGGACACT_Case_909	438_AACCTGAAGGGACACT	TRUE	TRUE
AACCTGATCGCAAGAG_Case_909	438_AACCTGATCGCAAGAG	TRUE	TRUE
AACCTTTCAAGTGCAG_Case_909	438_AACCTTTCAAGTGCAG	TRUE	TRUE
AACCTTTTCGCAATTG_Case_909	438_AACCTTTTCGCAATTG	TRUE	TRUE
AACCTTTTCGTGGAAG_Case_909	438_AACCTTTTCGTGGAAG	TRUE	TRUE
AACGAAAAGACATGCG_Case_909	438_AACGAAAAGACATGCG	TRUE	TRUE
AACGAAACAGGATGAC_Case_909	438_AACGAAACAGGATGAC	TRUE	TRUE
AACGAAATCAGCGTCG_Case_909	438_AACGAAATCAGCGTCG	TRUE	TRUE
AACGAAATCGAACGGA_Case_909	438_AACGAAATCGAACGGA	TRUE	TRUE
AACGAAATCGTCGACG_Case_909	438_AACGAAATCGTCGACG	TRUE	TRUE
AACGGGAAGGCATGGT_Case_909	438_AACGGGAAGGCATGGT	TRUE	TRUE
AACGGGAAGTAAGAGG_Case_909	438_AACGGGAAGTAAGAGG	TRUE	TRUE
AACGGGATCTATACTC_Case_909	438_AACGGGATCTATACTC	TRUE	TRUE
AACGTCACAACGGCCT_Case_909	438_AACGTCACAACGGCCT	TRUE	TRUE
AACGTCACAGCCGTCA_Case_909	438_AACGTCACAGCCGTCA	TRUE	TRUE
AACGTCAGTACAAGCG_Case_909	438_AACGTCAGTACAAGCG	TRUE	TRUE
AACGTCAGTTCAGCTA_Case_909	438_AACGTCAGTTCAGCTA	TRUE	TRUE
AACTTCTAGCCTATCA_Case_909	438_AACTTCTAGCCTATCA	TRUE	TRUE
AACTTCTAGCTGAAGC_Case_909	438_AACTTCTAGCTGAAGC	TRUE	TRUE
AACTTCTAGGAGTATT_Case_909	438_AACTTCTAGGAGTATT	TRUE	TRUE
AACTTCTAGGCAATGC_Case_909	438_AACTTCTAGGCAATGC	TRUE	TRUE
AACTTCTCAGGATGAC_Case_909	438_AACTTCTCAGGATGAC	TRUE	TRUE
AACTTCTGTCTTGTCC_Case_909	438_AACTTCTGTCTTGTCC	TRUE	TRUE
AACTTCTGTGAGTCAG_Case_909	438_AACTTCTGTGAGTCAG	TRUE	TRUE
AACTTCTGTGGGACAT_Case_909	438_AACTTCTGTGGGACAT	TRUE	TRUE
AACTTCTTCGTGGCGT_Case_909	438_AACTTCTTCGTGGCGT	TRUE	TRUE
AAGAACAAGGTTGCCC_Case_909	438_AAGAACAAGGTTGCCC	TRUE	TRUE
AAGAACAAGTGATAGT_Case_909	438_AAGAACAAGTGATAGT	TRUE	TRUE
AAGAACAGTCTGATCA_Case_909	438_AAGAACAGTCTGATCA	TRUE	TRUE
AAGAACAGTGCGGCTT_Case_909	438_AAGAACAGTGCGGCTT	TRUE	TRUE
AAGAACATCAGGGTAG_Case_909	438_AAGAACATCAGGGTAG	TRUE	TRUE
AAGAACATCGACCATA_Case_909	438_AAGAACATCGACCATA	TRUE	TRUE
AAGACAACAACCAGAG_Case_909	438_AAGACAACAACCAGAG	TRUE	TRUE
AAGACAACAATCCTTT_Case_909	438_AAGACAACAATCCTTT	TRUE	TRUE
AAGACAAGTCAGATTC_Case_909	438_AAGACAAGTCAGATTC	TRUE	TRUE
AAGACTCAGCTGACAG_Case_909	438_AAGACTCAGCTGACAG	TRUE	TRUE
AAGACTCAGTTCCGGC_Case_909	438_AAGACTCAGTTCCGGC	TRUE	TRUE
AAGACTCCATCCTTCG_Case_909	438_AAGACTCCATCCTTCG	TRUE	TRUE
AAGACTCTCAAACGAA_Case_909	438_AAGACTCTCAAACGAA	TRUE	TRUE
AAGACTCTCGATACTG_Case_909	438_AAGACTCTCGATACTG	TRUE	TRUE
AAGACTCTCGCCTTTG_Case_909	438_AAGACTCTCGCCTTTG	TRUE	TRUE
AAGACTCTCGTGCATA_Case_909	438_AAGACTCTCGTGCATA	TRUE	TRUE
AAGACTCTCTGCCTCA_Case_909	438_AAGACTCTCTGCCTCA	TRUE	TRUE
AAGATAGAGCGTATAA_Case_909	438_AAGATAGAGCGTATAA	TRUE	TRUE
AAGATAGCATGTGGTT_Case_909	438_AAGATAGCATGTGGTT	TRUE	TRUE
AAGATAGGTGGTGATG_Case_909	438_AAGATAGGTGGTGATG	TRUE	TRUE
AAGATAGTCCATTTAC_Case_909	438_AAGATAGTCCATTTAC	TRUE	TRUE
AAGCATCAGCGGATCA_Case_909	438_AAGCATCAGCGGATCA	TRUE	TRUE
AAGCATCCAACATCGT_Case_909	438_AAGCATCCAACATCGT	TRUE	TRUE
AAGCATCCAGTCTTCC_Case_909	438_AAGCATCCAGTCTTCC	TRUE	TRUE
AAGCATCGTCACGTGC_Case_909	438_AAGCATCGTCACGTGC	TRUE	TRUE
AAGCCATAGGTCATCT_Case_909	438_AAGCCATAGGTCATCT	TRUE	TRUE
AAGCCATCAACCAATC_Case_909	438_AAGCCATCAACCAATC	TRUE	TRUE
AAGCCATGTCAAAGCG_Case_909	438_AAGCCATGTCAAAGCG	TRUE	TRUE
AAGCCATGTTGGCCGT_Case_909	438_AAGCCATGTTGGCCGT	TRUE	TRUE
AAGCCATTCGTCACCT_Case_909	438_AAGCCATTCGTCACCT	TRUE	TRUE
AAGCGAGAGCGATTCT_Case_909	438_AAGCGAGAGCGATTCT	TRUE	TRUE
AAGCGAGAGTATGGAT_Case_909	438_AAGCGAGAGTATGGAT	TRUE	TRUE
AAGCGAGAGTTAGTGA_Case_909	438_AAGCGAGAGTTAGTGA	TRUE	TRUE
AAGCGAGCACTGATTG_Case_909	438_AAGCGAGCACTGATTG	TRUE	TRUE
AAGCGAGGTAGGAAAG_Case_909	438_AAGCGAGGTAGGAAAG	TRUE	TRUE
AAGCGAGTCATTGTTC_Case_909	438_AAGCGAGTCATTGTTC	TRUE	TRUE
AAGCGAGTCTGTAACG_Case_909	438_AAGCGAGTCTGTAACG	TRUE	TRUE
AAGCGAGTCTTACCAT_Case_909	438_AAGCGAGTCTTACCAT	TRUE	TRUE
AAGCGTTAGACTGTTC_Case_909	438_AAGCGTTAGACTGTTC	TRUE	TRUE
AAGGAATCATGTGCCG_Case_909	438_AAGGAATCATGTGCCG	TRUE	TRUE
AAGGAATCATTACTCT_Case_909	438_AAGGAATCATTACTCT	TRUE	TRUE
AAGGAATGTCGCTGCA_Case_909	438_AAGGAATGTCGCTGCA	TRUE	TRUE
AAGGTAAGTCATCCGG_Case_909	438_AAGGTAAGTCATCCGG	TRUE	TRUE
AAGGTAAGTTCAATCG_Case_909	438_AAGGTAAGTTCAATCG	TRUE	TRUE
AAGGTAATCATGTCTT_Case_909	438_AAGGTAATCATGTCTT	TRUE	TRUE
AAGGTAATCGGCCAAC_Case_909	438_AAGGTAATCGGCCAAC	TRUE	TRUE
AAGTACCCAGGTTCAT_Case_909	438_AAGTACCCAGGTTCAT	TRUE	TRUE
AAGTACCGTCGAAACG_Case_909	438_AAGTACCGTCGAAACG	TRUE	TRUE
AAGTACCGTCTTGAAC_Case_909	438_AAGTACCGTCTTGAAC	TRUE	TRUE
AAGTCGTTCGCTCTCA_Case_909	438_AAGTCGTTCGCTCTCA	TRUE	TRUE
AAGTGAACAAGACGGT_Case_909	438_AAGTGAACAAGACGGT	TRUE	TRUE
AAGTGAACAGGCATGA_Case_909	438_AAGTGAACAGGCATGA	TRUE	TRUE
AAGTGAACATGCTGCG_Case_909	438_AAGTGAACATGCTGCG	TRUE	TRUE
AAGTGAAGTATGTGTC_Case_909	438_AAGTGAAGTATGTGTC	TRUE	TRUE
AAGTGAATCCCGTTCA_Case_909	438_AAGTGAATCCCGTTCA	TRUE	TRUE
AAGTGAATCCGCCTAT_Case_909	438_AAGTGAATCCGCCTAT	TRUE	TRUE
AAGTTCGAGATTGAGT_Case_909	438_AAGTTCGAGATTGAGT	TRUE	TRUE
AAGTTCGGTTTAGTCG_Case_909	438_AAGTTCGGTTTAGTCG	TRUE	TRUE
AAGTTCGTCGACACCG_Case_909	438_AAGTTCGTCGACACCG	TRUE	TRUE
AAGTTCGTCGCTTAAG_Case_909	438_AAGTTCGTCGCTTAAG	TRUE	TRUE
AATAGAGAGGACTAAT_Case_909	438_AATAGAGAGGACTAAT	TRUE	TRUE
AATAGAGCATCTTAGG_Case_909	438_AATAGAGCATCTTAGG	TRUE	TRUE
AATAGAGGTTCGGCTG_Case_909	438_AATAGAGGTTCGGCTG	TRUE	TRUE
AATCACGCACGACGTC_Case_909	438_AATCACGCACGACGTC	TRUE	TRUE
AATCACGTCCCAAGTA_Case_909	438_AATCACGTCCCAAGTA	TRUE	TRUE
AATCGACAGTACAACA_Case_909	438_AATCGACAGTACAACA	TRUE	TRUE
AATCGACTCAAAGCCT_Case_909	438_AATCGACTCAAAGCCT	TRUE	TRUE
AATCGTGAGTTTCAGC_Case_909	438_AATCGTGAGTTTCAGC	TRUE	TRUE
AATCGTGCAAGTTCGT_Case_909	438_AATCGTGCAAGTTCGT	TRUE	TRUE
AATCGTGCACGTACAT_Case_909	438_AATCGTGCACGTACAT	TRUE	TRUE
AATCGTGCATTCCTAT_Case_909	438_AATCGTGCATTCCTAT	TRUE	TRUE
AATCGTGGTAGATTGA_Case_909	438_AATCGTGGTAGATTGA	TRUE	TRUE
AATCGTGTCTCGTCGT_Case_909	438_AATCGTGTCTCGTCGT	TRUE	TRUE
AATCGTGTCTGAACGT_Case_909	438_AATCGTGTCTGAACGT	TRUE	TRUE
AATGAAGAGATGCAGC_Case_909	438_AATGAAGAGATGCAGC	TRUE	TRUE
AATGAAGAGGGTACAC_Case_909	438_AATGAAGAGGGTACAC	TRUE	TRUE
AATGACCCACTTTAGG_Case_909	438_AATGACCCACTTTAGG	TRUE	TRUE
AATGACCCAGTAGTTC_Case_909	438_AATGACCCAGTAGTTC	TRUE	TRUE
AATGACCGTCAGCGTC_Case_909	438_AATGACCGTCAGCGTC	TRUE	TRUE
AATGACCGTGTACGCC_Case_909	438_AATGACCGTGTACGCC	TRUE	TRUE
AATGCCAAGAGGACTC_Case_909	438_AATGCCAAGAGGACTC	TRUE	TRUE
AATGCCAAGTAATACG_Case_909	438_AATGCCAAGTAATACG	TRUE	TRUE
AATGCCACAATCGCCG_Case_909	438_AATGCCACAATCGCCG	TRUE	TRUE
AATGCCATCGGCAGTC_Case_909	438_AATGCCATCGGCAGTC	TRUE	TRUE
AATGGAAAGCGTGTCC_Case_909	438_AATGGAAAGCGTGTCC	TRUE	TRUE
AATGGAACAAAGCGTG_Case_909	438_AATGGAACAAAGCGTG	TRUE	TRUE
AATGGAACAGGATGAC_Case_909	438_AATGGAACAGGATGAC	TRUE	TRUE
AATGGAAGTCGGAAAC_Case_909	438_AATGGAAGTCGGAAAC	TRUE	TRUE
AATGGAAGTCGTTATG_Case_909	438_AATGGAAGTCGTTATG	TRUE	TRUE
AATGGCTAGAAACTAC_Case_909	438_AATGGCTAGAAACTAC	TRUE	TRUE
AATGGCTAGAGCCGTA_Case_909	438_AATGGCTAGAGCCGTA	TRUE	TRUE
AATGGCTAGATGAACT_Case_909	438_AATGGCTAGATGAACT	TRUE	TRUE
AATGGCTAGGATGGCT_Case_909	438_AATGGCTAGGATGGCT	TRUE	TRUE
AATGGCTCACACGGTC_Case_909	438_AATGGCTCACACGGTC	TRUE	TRUE
AATGGCTGTAACATGA_Case_909	438_AATGGCTGTAACATGA	TRUE	TRUE
AATGGCTTCATCCTAT_Case_909	438_AATGGCTTCATCCTAT	TRUE	TRUE
AATTCCTAGATTAGAC_Case_909	438_AATTCCTAGATTAGAC	TRUE	TRUE
AATTCCTAGCATCTTG_Case_909	438_AATTCCTAGCATCTTG	TRUE	TRUE
AATTCCTAGCGCCTCA_Case_909	438_AATTCCTAGCGCCTCA	TRUE	TRUE
AATTCCTCACAATGTC_Case_909	438_AATTCCTCACAATGTC	TRUE	TRUE
AATTCCTGTTAAGGGC_Case_909	438_AATTCCTGTTAAGGGC	TRUE	TRUE
AATTTCCAGACAGCTG_Case_909	438_AATTTCCAGACAGCTG	TRUE	TRUE
AATTTCCAGGGACAGG_Case_909	438_AATTTCCAGGGACAGG	TRUE	TRUE
AATTTCCAGTCGAGGT_Case_909	438_AATTTCCAGTCGAGGT	TRUE	TRUE
AATTTCCCAAGATGGC_Case_909	438_AATTTCCCAAGATGGC	TRUE	TRUE
AATTTCCCACTAACGT_Case_909	438_AATTTCCCACTAACGT	TRUE	TRUE
AATTTCCGTCCTGTTC_Case_909	438_AATTTCCGTCCTGTTC	TRUE	TRUE
AATTTCCGTGACCTGC_Case_909	438_AATTTCCGTGACCTGC	TRUE	TRUE
AATTTCCGTGCTTCAA_Case_909	438_AATTTCCGTGCTTCAA	TRUE	TRUE
AATTTCCGTTACGATC_Case_909	438_AATTTCCGTTACGATC	TRUE	TRUE
ACAAAGACATGTGACT_Case_909	438_ACAAAGACATGTGACT	TRUE	TRUE
ACAAAGATCGCGTAGC_Case_909	438_ACAAAGATCGCGTAGC	TRUE	TRUE
ACAACCATCAAGAGGC_Case_909	438_ACAACCATCAAGAGGC	TRUE	TRUE
ACAACCATCCTTCAGC_Case_909	438_ACAACCATCCTTCAGC	TRUE	TRUE
ACAACCATCCTTGACC_Case_909	438_ACAACCATCCTTGACC	TRUE	TRUE
ACAAGCTAGCCAACCC_Case_909	438_ACAAGCTAGCCAACCC	TRUE	TRUE
ACAAGCTAGGCCGCTT_Case_909	438_ACAAGCTAGGCCGCTT	TRUE	TRUE
ACAAGCTCAGTTGGTT_Case_909	438_ACAAGCTCAGTTGGTT	TRUE	TRUE
ACACAGTAGAAGCCTG_Case_909	438_ACACAGTAGAAGCCTG	TRUE	TRUE
ACACAGTGTCCACTCT_Case_909	438_ACACAGTGTCCACTCT	TRUE	TRUE
ACACAGTGTCCACTTC_Case_909	438_ACACAGTGTCCACTTC	TRUE	TRUE
ACACAGTTCTCATTAC_Case_909	438_ACACAGTTCTCATTAC	TRUE	TRUE
ACACCAACACCTGATA_Case_909	438_ACACCAACACCTGATA	TRUE	TRUE
ACACCAACAGTTACCA_Case_909	438_ACACCAACAGTTACCA	TRUE	TRUE
ACACGCGAGTAGCAAT_Case_909	438_ACACGCGAGTAGCAAT	TRUE	TRUE
ACACGCGGTTCTCCCA_Case_909	438_ACACGCGGTTCTCCCA	TRUE	TRUE
ACACTGAAGCAGCCCT_Case_909	438_ACACTGAAGCAGCCCT	TRUE	TRUE
ACACTGATCAGTGATC_Case_909	438_ACACTGATCAGTGATC	TRUE	TRUE
ACACTGATCTCATAGG_Case_909	438_ACACTGATCTCATAGG	TRUE	TRUE
ACAGAAAAGTCCGCGT_Case_909	438_ACAGAAAAGTCCGCGT	TRUE	TRUE
ACAGAAACAGAGGCAT_Case_909	438_ACAGAAACAGAGGCAT	TRUE	TRUE
ACAGAAACAGCATGCC_Case_909	438_ACAGAAACAGCATGCC	TRUE	TRUE
ACAGAAAGTGCAGATG_Case_909	438_ACAGAAAGTGCAGATG	TRUE	TRUE
ACAGAAAGTTCTCCCA_Case_909	438_ACAGAAAGTTCTCCCA	TRUE	TRUE
ACAGCCGCATTGCTTT_Case_909	438_ACAGCCGCATTGCTTT	TRUE	TRUE
ACAGCCGGTCTTGAGT_Case_909	438_ACAGCCGGTCTTGAGT	TRUE	TRUE
ACAGCCGGTGCGGATA_Case_909	438_ACAGCCGGTGCGGATA	TRUE	TRUE
ACAGCCGGTTTGAACC_Case_909	438_ACAGCCGGTTTGAACC	TRUE	TRUE
ACAGCCGTCCACTTCG_Case_909	438_ACAGCCGTCCACTTCG	TRUE	TRUE
ACAGGGAAGGTCACAG_Case_909	438_ACAGGGAAGGTCACAG	TRUE	TRUE
ACATCCCAGGAGTATT_Case_909	438_ACATCCCAGGAGTATT	TRUE	TRUE
ACATCCCAGGGATGTC_Case_909	438_ACATCCCAGGGATGTC	TRUE	TRUE
ACATCCCAGTGCCGAA_Case_909	438_ACATCCCAGTGCCGAA	TRUE	TRUE
ACATCCCGTGTGGTCC_Case_909	438_ACATCCCGTGTGGTCC	TRUE	TRUE
ACATCCCTCAACTCTT_Case_909	438_ACATCCCTCAACTCTT	TRUE	TRUE
ACATCGAAGAGGGTCT_Case_909	438_ACATCGAAGAGGGTCT	TRUE	TRUE
ACATCGAGTCGTCTCT_Case_909	438_ACATCGAGTCGTCTCT	TRUE	TRUE
ACATCGATCAAGCGTT_Case_909	438_ACATCGATCAAGCGTT	TRUE	TRUE
ACATGCAAGCGCGTTC_Case_909	438_ACATGCAAGCGCGTTC	TRUE	TRUE
ACATGCACACGCTATA_Case_909	438_ACATGCACACGCTATA	TRUE	TRUE
ACATGCAGTGGTAATA_Case_909	438_ACATGCAGTGGTAATA	TRUE	TRUE
ACATGCAGTTACAGCT_Case_909	438_ACATGCAGTTACAGCT	TRUE	TRUE
ACATGCAGTTCTCTCG_Case_909	438_ACATGCAGTTCTCTCG	TRUE	TRUE
ACATTTCAGGACTAAT_Case_909	438_ACATTTCAGGACTAAT	TRUE	TRUE
ACATTTCCACTACCGG_Case_909	438_ACATTTCCACTACCGG	TRUE	TRUE
ACATTTCCAGCGTTTA_Case_909	438_ACATTTCCAGCGTTTA	TRUE	TRUE
ACATTTCTCACCATAG_Case_909	438_ACATTTCTCACCATAG	TRUE	TRUE
ACATTTCTCAGAACCT_Case_909	438_ACATTTCTCAGAACCT	TRUE	TRUE
ACCAAACCAAATTAGG_Case_909	438_ACCAAACCAAATTAGG	TRUE	TRUE
ACCAAACCAGAATCGG_Case_909	438_ACCAAACCAGAATCGG	TRUE	TRUE
ACCAAACCAGTCTTCC_Case_909	438_ACCAAACCAGTCTTCC	TRUE	TRUE
ACCAACACAATGACCT_Case_909	438_ACCAACACAATGACCT	TRUE	TRUE
ACCAACATCAACCTTT_Case_909	438_ACCAACATCAACCTTT	TRUE	TRUE
ACCACAAAGAGTCAAT_Case_909	438_ACCACAAAGAGTCAAT	TRUE	TRUE
ACCACAACACCAAAGG_Case_909	438_ACCACAACACCAAAGG	TRUE	TRUE
ACCACAAGTAGCCCTG_Case_909	438_ACCACAAGTAGCCCTG	TRUE	TRUE
ACCACAAGTCTTCAAG_Case_909	438_ACCACAAGTCTTCAAG	TRUE	TRUE
ACCACAATCTCACCCA_Case_909	438_ACCACAATCTCACCCA	TRUE	TRUE
ACCATTTGTGGCTAGA_Case_909	438_ACCATTTGTGGCTAGA	TRUE	TRUE
ACCCAAAAGATCGACG_Case_909	438_ACCCAAAAGATCGACG	TRUE	TRUE
ACCCAAAAGCATTTGC_Case_909	438_ACCCAAAAGCATTTGC	TRUE	TRUE
ACCCAAACACTCCTTG_Case_909	438_ACCCAAACACTCCTTG	TRUE	TRUE
ACCCAAAGTTCTATCT_Case_909	438_ACCCAAAGTTCTATCT	TRUE	TRUE
ACCCTCACAAGAGTGC_Case_909	438_ACCCTCACAAGAGTGC	TRUE	TRUE
ACCCTTGAGATTGTGA_Case_909	438_ACCCTTGAGATTGTGA	TRUE	TRUE
ACCCTTGCAACTGGTT_Case_909	438_ACCCTTGCAACTGGTT	TRUE	TRUE
ACCCTTGGTAGTCGTT_Case_909	438_ACCCTTGGTAGTCGTT	TRUE	TRUE
ACCGTTCAGGCGCTCT_Case_909	438_ACCGTTCAGGCGCTCT	TRUE	TRUE
ACCTACCAGGCAGCTA_Case_909	438_ACCTACCAGGCAGCTA	TRUE	TRUE
ACCTACCAGGCTCACC_Case_909	438_ACCTACCAGGCTCACC	TRUE	TRUE
ACCTACCAGTGGTCAG_Case_909	438_ACCTACCAGTGGTCAG	TRUE	TRUE
ACCTACCGTGGGCTCT_Case_909	438_ACCTACCGTGGGCTCT	TRUE	TRUE
ACCTACCTCTGTCTCG_Case_909	438_ACCTACCTCTGTCTCG	TRUE	TRUE
ACCTGAATCAAACCTG_Case_909	438_ACCTGAATCAAACCTG	TRUE	TRUE
ACCTGAATCACCTCAC_Case_909	438_ACCTGAATCACCTCAC	TRUE	TRUE
ACCTGTCAGACTCCGC_Case_909	438_ACCTGTCAGACTCCGC	TRUE	TRUE
ACCTGTCAGGGTAATT_Case_909	438_ACCTGTCAGGGTAATT	TRUE	TRUE
ACCTGTCCAAGACCGA_Case_909	438_ACCTGTCCAAGACCGA	TRUE	TRUE
ACCTGTCCACGCAGTC_Case_909	438_ACCTGTCCACGCAGTC	TRUE	TRUE
ACCTGTCCAGCTGAGA_Case_909	438_ACCTGTCCAGCTGAGA	TRUE	TRUE
ACCTGTCCATTGCAAC_Case_909	438_ACCTGTCCATTGCAAC	TRUE	TRUE
ACCTGTCGTTAATCGC_Case_909	438_ACCTGTCGTTAATCGC	TRUE	TRUE
ACCTGTCTCGCCTTGT_Case_909	438_ACCTGTCTCGCCTTGT	TRUE	TRUE
ACGATCAGTTGGCTAT_Case_909	438_ACGATCAGTTGGCTAT	TRUE	TRUE
ACGATGTAGGTTACAA_Case_909	438_ACGATGTAGGTTACAA	TRUE	TRUE
ACGATGTAGTTGTAAG_Case_909	438_ACGATGTAGTTGTAAG	TRUE	TRUE
ACGATGTCAGAGAAAG_Case_909	438_ACGATGTCAGAGAAAG	TRUE	TRUE
ACGATGTCAGCAGTGA_Case_909	438_ACGATGTCAGCAGTGA	TRUE	TRUE
ACGATGTTCCTATTTG_Case_909	438_ACGATGTTCCTATTTG	TRUE	TRUE
ACGCACGAGCGGTATG_Case_909	438_ACGCACGAGCGGTATG	TRUE	TRUE
ACGCACGTCTCGGTAA_Case_909	438_ACGCACGTCTCGGTAA	TRUE	TRUE
ACGCACGTCTGTCCGT_Case_909	438_ACGCACGTCTGTCCGT	TRUE	TRUE
ACGGAAGGTCTGTGAT_Case_909	438_ACGGAAGGTCTGTGAT	TRUE	TRUE
ACGGAAGTCGTGGCGT_Case_909	438_ACGGAAGTCGTGGCGT	TRUE	TRUE
ACGGGTCGTTAGAGTA_Case_909	438_ACGGGTCGTTAGAGTA	TRUE	TRUE
ACGGGTCTCAACCCGG_Case_909	438_ACGGGTCTCAACCCGG	TRUE	TRUE
ACGGTCGAGTCACTGT_Case_909	438_ACGGTCGAGTCACTGT	TRUE	TRUE
ACGGTCGCACAGTCAT_Case_909	438_ACGGTCGCACAGTCAT	TRUE	TRUE
ACGGTCGCAGGCATTT_Case_909	438_ACGGTCGCAGGCATTT	TRUE	TRUE
ACGGTCGTCATGCATG_Case_909	438_ACGGTCGTCATGCATG	TRUE	TRUE
ACGGTCGTCTTCGTGC_Case_909	438_ACGGTCGTCTTCGTGC	TRUE	TRUE
ACGGTTAAGTATAGGT_Case_909	438_ACGGTTAAGTATAGGT	TRUE	TRUE
ACGGTTAGTATGCAAA_Case_909	438_ACGGTTAGTATGCAAA	TRUE	TRUE
ACGGTTAGTTAGCGGA_Case_909	438_ACGGTTAGTTAGCGGA	TRUE	TRUE
ACGGTTATCGAACCTA_Case_909	438_ACGGTTATCGAACCTA	TRUE	TRUE
ACGTAACAGACAGTCG_Case_909	438_ACGTAACAGACAGTCG	TRUE	TRUE
ACGTAACAGACCATTC_Case_909	438_ACGTAACAGACCATTC	TRUE	TRUE
ACGTAACAGTCACACT_Case_909	438_ACGTAACAGTCACACT	TRUE	TRUE
ACGTAACAGTCCTGCG_Case_909	438_ACGTAACAGTCCTGCG	TRUE	TRUE
ACGTAACCAGTTACCA_Case_909	438_ACGTAACCAGTTACCA	TRUE	TRUE
ACGTAACCATCCAACA_Case_909	438_ACGTAACCATCCAACA	TRUE	TRUE
ACGTAACGTGCAACAG_Case_909	438_ACGTAACGTGCAACAG	TRUE	TRUE
ACGTACATCGCCGTGA_Case_909	438_ACGTACATCGCCGTGA	TRUE	TRUE
ACGTAGTAGTAGCAAT_Case_909	438_ACGTAGTAGTAGCAAT	TRUE	TRUE
ACGTAGTCACCGGTCA_Case_909	438_ACGTAGTCACCGGTCA	TRUE	TRUE
ACGTAGTGTACAGTCT_Case_909	438_ACGTAGTGTACAGTCT	TRUE	TRUE
ACGTAGTGTACTCCGG_Case_909	438_ACGTAGTGTACTCCGG	TRUE	TRUE
ACGTAGTTCATCTGTT_Case_909	438_ACGTAGTTCATCTGTT	TRUE	TRUE
ACGTCCTAGAGCCCAA_Case_909	438_ACGTCCTAGAGCCCAA	TRUE	TRUE
ACGTCCTAGAGGATGA_Case_909	438_ACGTCCTAGAGGATGA	TRUE	TRUE
ACGTCCTAGTCTAGAA_Case_909	438_ACGTCCTAGTCTAGAA	TRUE	TRUE
ACGTCCTGTTTACACG_Case_909	438_ACGTCCTGTTTACACG	TRUE	TRUE
ACGTCCTTCCTGTTAT_Case_909	438_ACGTCCTTCCTGTTAT	TRUE	TRUE
ACGTTCCCAGAAGCTG_Case_909	438_ACGTTCCCAGAAGCTG	TRUE	TRUE
ACGTTCCCAGAGATGC_Case_909	438_ACGTTCCCAGAGATGC	TRUE	TRUE
ACGTTCCCATCCAACA_Case_909	438_ACGTTCCCATCCAACA	TRUE	TRUE
ACGTTCCGTTACGATC_Case_909	438_ACGTTCCGTTACGATC	TRUE	TRUE
ACGTTCCTCTAGCCTC_Case_909	438_ACGTTCCTCTAGCCTC	TRUE	TRUE
ACTACGAAGAGTTGTA_Case_909	438_ACTACGAAGAGTTGTA	TRUE	TRUE
ACTACGAAGCCACAAG_Case_909	438_ACTACGAAGCCACAAG	TRUE	TRUE
ACTATCTAGTCTCTGA_Case_909	438_ACTATCTAGTCTCTGA	TRUE	TRUE
ACTATCTGTCGGAAAC_Case_909	438_ACTATCTGTCGGAAAC	TRUE	TRUE
ACTATCTTCAAACGAA_Case_909	438_ACTATCTTCAAACGAA	TRUE	TRUE
ACTATCTTCAAGAATG_Case_909	438_ACTATCTTCAAGAATG	TRUE	TRUE
ACTATCTTCATGGTAC_Case_909	438_ACTATCTTCATGGTAC	TRUE	TRUE
ACTATGGAGAAATTCG_Case_909	438_ACTATGGAGAAATTCG	TRUE	TRUE
ACTATGGAGCGGACAT_Case_909	438_ACTATGGAGCGGACAT	TRUE	TRUE
ACTATGGTCGCACTCT_Case_909	438_ACTATGGTCGCACTCT	TRUE	TRUE
ACTATTCAGGAAAGTG_Case_909	438_ACTATTCAGGAAAGTG	TRUE	TRUE
ACTATTCCACGACTAT_Case_909	438_ACTATTCCACGACTAT	TRUE	TRUE
ACTATTCGTAACTTCG_Case_909	438_ACTATTCGTAACTTCG	TRUE	TRUE
ACTATTCGTCGAGCTC_Case_909	438_ACTATTCGTCGAGCTC	TRUE	TRUE
ACTATTCTCAGTGCGC_Case_909	438_ACTATTCTCAGTGCGC	TRUE	TRUE
ACTCCCAAGAAACTAC_Case_909	438_ACTCCCAAGAAACTAC	TRUE	TRUE
ACTCCCAAGCCTCTCT_Case_909	438_ACTCCCAAGCCTCTCT	TRUE	TRUE
ACTCCCAGTAGTCTGT_Case_909	438_ACTCCCAGTAGTCTGT	TRUE	TRUE
ACTCTCGCAGTGACCC_Case_909	438_ACTCTCGCAGTGACCC	TRUE	TRUE
ACTCTCGTCGTCCTCA_Case_909	438_ACTCTCGTCGTCCTCA	TRUE	TRUE
ACTGATGCAAGGGTCA_Case_909	438_ACTGATGCAAGGGTCA	TRUE	TRUE
ACTGATGCATGCCGGT_Case_909	438_ACTGATGCATGCCGGT	TRUE	TRUE
ACTGATGGTGGTAACG_Case_909	438_ACTGATGGTGGTAACG	TRUE	TRUE
ACTGATGGTGTAACGG_Case_909	438_ACTGATGGTGTAACGG	TRUE	TRUE
ACTGATGGTTCCTAGA_Case_909	438_ACTGATGGTTCCTAGA	TRUE	TRUE
ACTGATGTCCTGTTAT_Case_909	438_ACTGATGTCCTGTTAT	TRUE	TRUE
ACTGCAAAGTGATAAC_Case_909	438_ACTGCAAAGTGATAAC	TRUE	TRUE
ACTGCAACAGACAAGC_Case_909	438_ACTGCAACAGACAAGC	TRUE	TRUE
ACTGCAACAGGATCTT_Case_909	438_ACTGCAACAGGATCTT	TRUE	TRUE
ACTGCAAGTAAGCGGT_Case_909	438_ACTGCAAGTAAGCGGT	TRUE	TRUE
ACTGCAAGTGCTCTTC_Case_909	438_ACTGCAAGTGCTCTTC	TRUE	TRUE
ACTGTCCCAGAACCGA_Case_909	438_ACTGTCCCAGAACCGA	TRUE	TRUE
ACTGTCCGTTGCATCA_Case_909	438_ACTGTCCGTTGCATCA	TRUE	TRUE
ACTGTCCGTTGTGGCC_Case_909	438_ACTGTCCGTTGTGGCC	TRUE	TRUE
ACTGTCCTCGGACAAG_Case_909	438_ACTGTCCTCGGACAAG	TRUE	TRUE
ACTGTGAAGGCGATAC_Case_909	438_ACTGTGAAGGCGATAC	TRUE	TRUE
ACTGTGAGTAATTAGG_Case_909	438_ACTGTGAGTAATTAGG	TRUE	TRUE
ACTGTGATCGAACCAT_Case_909	438_ACTGTGATCGAACCAT	TRUE	TRUE
ACTTATCTCTCCTGTG_Case_909	438_ACTTATCTCTCCTGTG	TRUE	TRUE
ACTTCCGAGCCATATC_Case_909	438_ACTTCCGAGCCATATC	TRUE	TRUE
ACTTCCGAGGACAGTC_Case_909	438_ACTTCCGAGGACAGTC	TRUE	TRUE
ACTTCCGAGTGCAGGT_Case_909	438_ACTTCCGAGTGCAGGT	TRUE	TRUE
ACTTCCGAGTTGGAGC_Case_909	438_ACTTCCGAGTTGGAGC	TRUE	TRUE
ACTTCCGCAATACCCA_Case_909	438_ACTTCCGCAATACCCA	TRUE	TRUE
ACTTCGCCATCGATGT_Case_909	438_ACTTCGCCATCGATGT	TRUE	TRUE
ACTTCGCGTGTCTAAC_Case_909	438_ACTTCGCGTGTCTAAC	TRUE	TRUE
ACTTTCAGTGCGTGCT_Case_909	438_ACTTTCAGTGCGTGCT	TRUE	TRUE
ACTTTCAGTTGCATGT_Case_909	438_ACTTTCAGTTGCATGT	TRUE	TRUE
ACTTTCATCAGTCTTT_Case_909	438_ACTTTCATCAGTCTTT	TRUE	TRUE
ACTTTGTTCCTTGAAG_Case_909	438_ACTTTGTTCCTTGAAG	TRUE	TRUE
AGAAATGCACTGTTCC_Case_909	438_AGAAATGCACTGTTCC	TRUE	TRUE
AGAAATGCAGTCTTCC_Case_909	438_AGAAATGCAGTCTTCC	TRUE	TRUE
AGAAATGGTATGCGGA_Case_909	438_AGAAATGGTATGCGGA	TRUE	TRUE
AGAACAAAGAGAAGGT_Case_909	438_AGAACAAAGAGAAGGT	TRUE	TRUE
AGAACAACACGCGCAT_Case_909	438_AGAACAACACGCGCAT	TRUE	TRUE
AGAACAAGTACTCGCG_Case_909	438_AGAACAAGTACTCGCG	TRUE	TRUE
AGAACAATCCAGTTCC_Case_909	438_AGAACAATCCAGTTCC	TRUE	TRUE
AGAACCTAGGCTCCCA_Case_909	438_AGAACCTAGGCTCCCA	TRUE	TRUE
AGAACCTAGTAAACTG_Case_909	438_AGAACCTAGTAAACTG	TRUE	TRUE
AGAACCTCAAACGTGG_Case_909	438_AGAACCTCAAACGTGG	TRUE	TRUE
AGAACCTCAGCACAGA_Case_909	438_AGAACCTCAGCACAGA	TRUE	TRUE
AGAACCTCAGTAACCT_Case_909	438_AGAACCTCAGTAACCT	TRUE	TRUE
AGAACCTCATACCACA_Case_909	438_AGAACCTCATACCACA	TRUE	TRUE
AGAACCTCATAGATGA_Case_909	438_AGAACCTCATAGATGA	TRUE	TRUE
AGAACCTCATATCGGT_Case_909	438_AGAACCTCATATCGGT	TRUE	TRUE
AGAACCTCATGACGGA_Case_909	438_AGAACCTCATGACGGA	TRUE	TRUE
AGAACCTTCCACCTCA_Case_909	438_AGAACCTTCCACCTCA	TRUE	TRUE
AGAACCTTCCATACAG_Case_909	438_AGAACCTTCCATACAG	TRUE	TRUE
AGAACCTTCCCAACTC_Case_909	438_AGAACCTTCCCAACTC	TRUE	TRUE
AGAAGCGCAGGAATCG_Case_909	438_AGAAGCGCAGGAATCG	TRUE	TRUE
AGAAGCGGTATTTCCT_Case_909	438_AGAAGCGGTATTTCCT	TRUE	TRUE
AGAAGCGGTTACGGAG_Case_909	438_AGAAGCGGTTACGGAG	TRUE	TRUE
AGAAGTACAAACCGGA_Case_909	438_AGAAGTACAAACCGGA	TRUE	TRUE
AGAAGTACAACTCGAT_Case_909	438_AGAAGTACAACTCGAT	TRUE	TRUE
AGAAGTAGTATACGGG_Case_909	438_AGAAGTAGTATACGGG	TRUE	TRUE
AGAAGTAGTTGTTGAC_Case_909	438_AGAAGTAGTTGTTGAC	TRUE	TRUE
AGAAGTATCGGTGCAC_Case_909	438_AGAAGTATCGGTGCAC	TRUE	TRUE
AGACAAAGTTGGAGAC_Case_909	438_AGACAAAGTTGGAGAC	TRUE	TRUE
AGACAAATCATCGCCT_Case_909	438_AGACAAATCATCGCCT	TRUE	TRUE
AGACAGGAGTCATTGC_Case_909	438_AGACAGGAGTCATTGC	TRUE	TRUE
AGACAGGAGTGTAGAT_Case_909	438_AGACAGGAGTGTAGAT	TRUE	TRUE
AGACCATAGCACTCAT_Case_909	438_AGACCATAGCACTCAT	TRUE	TRUE
AGACCATAGGTGCTTT_Case_909	438_AGACCATAGGTGCTTT	TRUE	TRUE
AGACCATAGTCCCAGC_Case_909	438_AGACCATAGTCCCAGC	TRUE	TRUE
AGACCATGTATCCTTT_Case_909	438_AGACCATGTATCCTTT	TRUE	TRUE
AGACCCGAGCTTTCTT_Case_909	438_AGACCCGAGCTTTCTT	TRUE	TRUE
AGACCCGAGGGTTAAT_Case_909	438_AGACCCGAGGGTTAAT	TRUE	TRUE
AGACCCGCAGACCGCT_Case_909	438_AGACCCGCAGACCGCT	TRUE	TRUE
AGACCCGCATATGGCT_Case_909	438_AGACCCGCATATGGCT	TRUE	TRUE
AGACTCAGTGAATGAT_Case_909	438_AGACTCAGTGAATGAT	TRUE	TRUE
AGACTCAGTGGCCCAT_Case_909	438_AGACTCAGTGGCCCAT	TRUE	TRUE
AGACTCATCGTAACTG_Case_909	438_AGACTCATCGTAACTG	TRUE	TRUE
AGAGAATAGATCCCGC_Case_909	438_AGAGAATAGATCCCGC	TRUE	TRUE
AGAGAATTCCAACCGG_Case_909	438_AGAGAATTCCAACCGG	TRUE	TRUE
AGAGAGCAGGGTAGCT_Case_909	438_AGAGAGCAGGGTAGCT	TRUE	TRUE
AGAGAGCAGGTACAAT_Case_909	438_AGAGAGCAGGTACAAT	TRUE	TRUE
AGAGAGCAGTGAACAT_Case_909	438_AGAGAGCAGTGAACAT	TRUE	TRUE
AGAGAGCGTAGTGGCA_Case_909	438_AGAGAGCGTAGTGGCA	TRUE	TRUE
AGAGCAGGTCCTTTGC_Case_909	438_AGAGCAGGTCCTTTGC	TRUE	TRUE
AGAGCAGGTTCAACGT_Case_909	438_AGAGCAGGTTCAACGT	TRUE	TRUE
AGAGCCCAGACTGTTC_Case_909	438_AGAGCCCAGACTGTTC	TRUE	TRUE
AGATAGACAGTTGTTG_Case_909	438_AGATAGACAGTTGTTG	TRUE	TRUE
AGATAGATCCAACACA_Case_909	438_AGATAGATCCAACACA	TRUE	TRUE
AGATCCACAACAGCTT_Case_909	438_AGATCCACAACAGCTT	TRUE	TRUE
AGATCCACACAACGTT_Case_909	438_AGATCCACACAACGTT	TRUE	TRUE
AGATCCACATCGGAAG_Case_909	438_AGATCCACATCGGAAG	TRUE	TRUE
AGATCCAGTGGGTCAA_Case_909	438_AGATCCAGTGGGTCAA	TRUE	TRUE
AGATCCAGTTCTCTAT_Case_909	438_AGATCCAGTTCTCTAT	TRUE	TRUE
AGATCCATCCGTACGG_Case_909	438_AGATCCATCCGTACGG	TRUE	TRUE
AGATCCATCCGTCCTA_Case_909	438_AGATCCATCCGTCCTA	TRUE	TRUE
AGATCGTAGCGACCCT_Case_909	438_AGATCGTAGCGACCCT	TRUE	TRUE
AGATCGTCAAGAGTTA_Case_909	438_AGATCGTCAAGAGTTA	TRUE	TRUE
AGATGAACATAGCACT_Case_909	438_AGATGAACATAGCACT	TRUE	TRUE
AGATGAACATGTTCGA_Case_909	438_AGATGAACATGTTCGA	TRUE	TRUE
AGATGAAGTCACATTG_Case_909	438_AGATGAAGTCACATTG	TRUE	TRUE
AGATGAAGTCTGTAAC_Case_909	438_AGATGAAGTCTGTAAC	TRUE	TRUE
AGATGCTCATCCGGTG_Case_909	438_AGATGCTCATCCGGTG	TRUE	TRUE
AGATGCTTCCGTACGG_Case_909	438_AGATGCTTCCGTACGG	TRUE	TRUE
AGCATCACAGTCTACA_Case_909	438_AGCATCACAGTCTACA	TRUE	TRUE
AGCATCAGTTGCTCCT_Case_909	438_AGCATCAGTTGCTCCT	TRUE	TRUE
AGCATCATCGTGCAGC_Case_909	438_AGCATCATCGTGCAGC	TRUE	TRUE
AGCCAATAGGACAACC_Case_909	438_AGCCAATAGGACAACC	TRUE	TRUE
AGCCAATAGTTGTACC_Case_909	438_AGCCAATAGTTGTACC	TRUE	TRUE
AGCCAATCACGTGAGA_Case_909	438_AGCCAATCACGTGAGA	TRUE	TRUE
AGCCAATTCTAGTACG_Case_909	438_AGCCAATTCTAGTACG	TRUE	TRUE
AGCCACGAGGTTCATC_Case_909	438_AGCCACGAGGTTCATC	TRUE	TRUE
AGCCACGCATGTGTCA_Case_909	438_AGCCACGCATGTGTCA	TRUE	TRUE
AGCCACGCATTGGCAT_Case_909	438_AGCCACGCATTGGCAT	TRUE	TRUE
AGCCAGCGTCCCTAAA_Case_909	438_AGCCAGCGTCCCTAAA	TRUE	TRUE
AGCCAGCTCACCCTTG_Case_909	438_AGCCAGCTCACCCTTG	TRUE	TRUE
AGCCAGCTCCGCTAGG_Case_909	438_AGCCAGCTCCGCTAGG	TRUE	TRUE
AGCGATTCAATCCTTT_Case_909	438_AGCGATTCAATCCTTT	TRUE	TRUE
AGCGATTCATCGGAGA_Case_909	438_AGCGATTCATCGGAGA	TRUE	TRUE
AGCGATTTCTTGCAAG_Case_909	438_AGCGATTTCTTGCAAG	TRUE	TRUE
AGCGCCACATGTAACC_Case_909	438_AGCGCCACATGTAACC	TRUE	TRUE
AGCGCTGAGGATCATA_Case_909	438_AGCGCTGAGGATCATA	TRUE	TRUE
AGCGCTGAGGTCTTTG_Case_909	438_AGCGCTGAGGTCTTTG	TRUE	TRUE
AGCGCTGCATTCTGTT_Case_909	438_AGCGCTGCATTCTGTT	TRUE	TRUE
AGCGCTGGTCAACCAT_Case_909	438_AGCGCTGGTCAACCAT	TRUE	TRUE
AGCGCTGTCGGTTGTA_Case_909	438_AGCGCTGTCGGTTGTA	TRUE	TRUE
AGCGCTGTCGTCAGAT_Case_909	438_AGCGCTGTCGTCAGAT	TRUE	TRUE
AGCGTATAGGCCTTGC_Case_909	438_AGCGTATAGGCCTTGC	TRUE	TRUE
AGCGTATCAAAGGAGA_Case_909	438_AGCGTATCAAAGGAGA	TRUE	TRUE
AGCGTATCACCCGTAG_Case_909	438_AGCGTATCACCCGTAG	TRUE	TRUE
AGCGTATTCATGGGAG_Case_909	438_AGCGTATTCATGGGAG	TRUE	TRUE
AGCGTCGAGCATACTC_Case_909	438_AGCGTCGAGCATACTC	TRUE	TRUE
AGCGTCGAGCTCTATG_Case_909	438_AGCGTCGAGCTCTATG	TRUE	TRUE
AGCGTCGCAGTAGAAT_Case_909	438_AGCGTCGCAGTAGAAT	TRUE	TRUE
AGCGTCGCATCTAACG_Case_909	438_AGCGTCGCATCTAACG	TRUE	TRUE
AGCGTCGCATGACTCA_Case_909	438_AGCGTCGCATGACTCA	TRUE	TRUE
AGCTACAAGTGTAGAT_Case_909	438_AGCTACAAGTGTAGAT	TRUE	TRUE
AGCTACACAAGCTCTA_Case_909	438_AGCTACACAAGCTCTA	TRUE	TRUE
AGCTACACAATGAAAC_Case_909	438_AGCTACACAATGAAAC	TRUE	TRUE
AGCTACACAGCAAGAC_Case_909	438_AGCTACACAGCAAGAC	TRUE	TRUE
AGCTACACATTAGGCT_Case_909	438_AGCTACACATTAGGCT	TRUE	TRUE
AGCTACATCTACTTCA_Case_909	438_AGCTACATCTACTTCA	TRUE	TRUE
AGCTCAAAGATGCTAA_Case_909	438_AGCTCAAAGATGCTAA	TRUE	TRUE
AGCTCAACATTGGGAG_Case_909	438_AGCTCAACATTGGGAG	TRUE	TRUE
AGCTCAAGTCGCAACC_Case_909	438_AGCTCAAGTCGCAACC	TRUE	TRUE
AGCTCAAGTGGGATTG_Case_909	438_AGCTCAAGTGGGATTG	TRUE	TRUE
AGCTCAAGTTCGGCTG_Case_909	438_AGCTCAAGTTCGGCTG	TRUE	TRUE
AGCTCAAGTTTGTTGG_Case_909	438_AGCTCAAGTTTGTTGG	TRUE	TRUE
AGCTCAATCGCTAGCG_Case_909	438_AGCTCAATCGCTAGCG	TRUE	TRUE
AGCTTCCAGCCATGCC_Case_909	438_AGCTTCCAGCCATGCC	TRUE	TRUE
AGCTTCCAGGCTTAGG_Case_909	438_AGCTTCCAGGCTTAGG	TRUE	TRUE
AGCTTCCGTTGCTGAT_Case_909	438_AGCTTCCGTTGCTGAT	TRUE	TRUE
AGCTTCCTCCCGTTGT_Case_909	438_AGCTTCCTCCCGTTGT	TRUE	TRUE
AGCTTCCTCGTAGTGT_Case_909	438_AGCTTCCTCGTAGTGT	TRUE	TRUE
AGCTTCCTCGTCGATA_Case_909	438_AGCTTCCTCGTCGATA	TRUE	TRUE
AGGAAATTCAAGTCTG_Case_909	438_AGGAAATTCAAGTCTG	TRUE	TRUE
AGGAAATTCAGACCTA_Case_909	438_AGGAAATTCAGACCTA	TRUE	TRUE
AGGAATACAACAGCCC_Case_909	438_AGGAATACAACAGCCC	TRUE	TRUE
AGGAATATCAGTGATC_Case_909	438_AGGAATATCAGTGATC	TRUE	TRUE
AGGACGAAGAAGGGAT_Case_909	438_AGGACGAAGAAGGGAT	TRUE	TRUE
AGGACGAAGCTTGTTG_Case_909	438_AGGACGAAGCTTGTTG	TRUE	TRUE
AGGACTTAGACCATGG_Case_909	438_AGGACTTAGACCATGG	TRUE	TRUE
AGGACTTAGAGAGTTT_Case_909	438_AGGACTTAGAGAGTTT	TRUE	TRUE
AGGACTTAGCTTAAGA_Case_909	438_AGGACTTAGCTTAAGA	TRUE	TRUE
AGGACTTGTCGTATGT_Case_909	438_AGGACTTGTCGTATGT	TRUE	TRUE
AGGACTTGTGGTTTGT_Case_909	438_AGGACTTGTGGTTTGT	TRUE	TRUE
AGGAGGTCAAAGGCAC_Case_909	438_AGGAGGTCAAAGGCAC	TRUE	TRUE
AGGAGGTCACAATGAA_Case_909	438_AGGAGGTCACAATGAA	TRUE	TRUE
AGGAGGTCAGCCGGTT_Case_909	438_AGGAGGTCAGCCGGTT	TRUE	TRUE
AGGATAACAAGCACCC_Case_909	438_AGGATAACAAGCACCC	TRUE	TRUE
AGGATAACAATGTTGC_Case_909	438_AGGATAACAATGTTGC	TRUE	TRUE
AGGATAAGTGATTGGG_Case_909	438_AGGATAAGTGATTGGG	TRUE	TRUE
AGGATCTCAAGTCATC_Case_909	438_AGGATCTCAAGTCATC	TRUE	TRUE
AGGATCTGTCAGATTC_Case_909	438_AGGATCTGTCAGATTC	TRUE	TRUE
AGGATCTGTGTCTCCT_Case_909	438_AGGATCTGTGTCTCCT	TRUE	TRUE
AGGATCTTCGATTGGT_Case_909	438_AGGATCTTCGATTGGT	TRUE	TRUE
AGGATCTTCGGCTTCT_Case_909	438_AGGATCTTCGGCTTCT	TRUE	TRUE
AGGCATTAGAATAACC_Case_909	438_AGGCATTAGAATAACC	TRUE	TRUE
AGGCATTGTGATGTAA_Case_909	438_AGGCATTGTGATGTAA	TRUE	TRUE
AGGCCACCAATGACCT_Case_909	438_AGGCCACCAATGACCT	TRUE	TRUE
AGGCCACCAGCTCCTT_Case_909	438_AGGCCACCAGCTCCTT	TRUE	TRUE
AGGCCACGTCTAGTGT_Case_909	438_AGGCCACGTCTAGTGT	TRUE	TRUE
AGGCCACTCGAGTGGA_Case_909	438_AGGCCACTCGAGTGGA	TRUE	TRUE
AGGCCACTCTCTCAAT_Case_909	438_AGGCCACTCTCTCAAT	TRUE	TRUE
AGGCTGCAGGAACTAT_Case_909	438_AGGCTGCAGGAACTAT	TRUE	TRUE
AGGCTGCTCTGAGGCC_Case_909	438_AGGCTGCTCTGAGGCC	TRUE	TRUE
AGGCTGCTCTGATTCT_Case_909	438_AGGCTGCTCTGATTCT	TRUE	TRUE
AGGGAGTAGAGGTCGT_Case_909	438_AGGGAGTAGAGGTCGT	TRUE	TRUE
AGGGAGTAGCTGGTGA_Case_909	438_AGGGAGTAGCTGGTGA	TRUE	TRUE
AGGGAGTAGGCCGCTT_Case_909	438_AGGGAGTAGGCCGCTT	TRUE	TRUE
AGGGAGTCAAGCACAG_Case_909	438_AGGGAGTCAAGCACAG	TRUE	TRUE
AGGGAGTCATGACGAG_Case_909	438_AGGGAGTCATGACGAG	TRUE	TRUE
AGGGAGTCATGTACGT_Case_909	438_AGGGAGTCATGTACGT	TRUE	TRUE
AGGGAGTCATGTCAGT_Case_909	438_AGGGAGTCATGTCAGT	TRUE	TRUE
AGGGAGTGTACCAGAG_Case_909	438_AGGGAGTGTACCAGAG	TRUE	TRUE
AGGGAGTGTGATACTC_Case_909	438_AGGGAGTGTGATACTC	TRUE	TRUE
AGGGAGTGTTGAATCC_Case_909	438_AGGGAGTGTTGAATCC	TRUE	TRUE
AGGGCCTAGCATTTGC_Case_909	438_AGGGCCTAGCATTTGC	TRUE	TRUE
AGGGCCTAGTTAGTAG_Case_909	438_AGGGCCTAGTTAGTAG	TRUE	TRUE
AGGGCCTTCTTTCCGG_Case_909	438_AGGGCCTTCTTTCCGG	TRUE	TRUE
AGGGCTCAGGAACTAT_Case_909	438_AGGGCTCAGGAACTAT	TRUE	TRUE
AGGGCTCAGGCAGGTT_Case_909	438_AGGGCTCAGGCAGGTT	TRUE	TRUE
AGGGCTCCAAACTCGT_Case_909	438_AGGGCTCCAAACTCGT	TRUE	TRUE
AGGGCTCTCGGTAGAG_Case_909	438_AGGGCTCTCGGTAGAG	TRUE	TRUE
AGGGCTCTCTTCGGTC_Case_909	438_AGGGCTCTCTTCGGTC	TRUE	TRUE
AGGGTCCAGCTAGAAT_Case_909	438_AGGGTCCAGCTAGAAT	TRUE	TRUE
AGGGTCCAGGGCGAGA_Case_909	438_AGGGTCCAGGGCGAGA	TRUE	TRUE
AGGGTGAAGGATTTCC_Case_909	438_AGGGTGAAGGATTTCC	TRUE	TRUE
AGGGTGAAGTGCAGCA_Case_909	438_AGGGTGAAGTGCAGCA	TRUE	TRUE
AGGGTGACAAATCGTC_Case_909	438_AGGGTGACAAATCGTC	TRUE	TRUE
AGGGTGATCAGGAAGC_Case_909	438_AGGGTGATCAGGAAGC	TRUE	TRUE
AGGGTGATCAGGTAAA_Case_909	438_AGGGTGATCAGGTAAA	TRUE	TRUE
AGGGTTTGTCTAATCG_Case_909	438_AGGGTTTGTCTAATCG	TRUE	TRUE
AGGGTTTGTTACACAC_Case_909	438_AGGGTTTGTTACACAC	TRUE	TRUE
AGGTAGGAGAAACACT_Case_909	438_AGGTAGGAGAAACACT	TRUE	TRUE
AGGTAGGCAGAAACCG_Case_909	438_AGGTAGGCAGAAACCG	TRUE	TRUE
AGGTAGGTCACTTTGT_Case_909	438_AGGTAGGTCACTTTGT	TRUE	TRUE
AGGTAGGTCTTTCTAG_Case_909	438_AGGTAGGTCTTTCTAG	TRUE	TRUE
AGGTCATAGAATTTGG_Case_909	438_AGGTCATAGAATTTGG	TRUE	TRUE
AGGTCATGTTCGATTG_Case_909	438_AGGTCATGTTCGATTG	TRUE	TRUE
AGGTCTAAGCTGTACT_Case_909	438_AGGTCTAAGCTGTACT	TRUE	TRUE
AGGTCTAAGGGAGTTC_Case_909	438_AGGTCTAAGGGAGTTC	TRUE	TRUE
AGGTCTACACACGCCA_Case_909	438_AGGTCTACACACGCCA	TRUE	TRUE
AGGTCTACAGTCGAGA_Case_909	438_AGGTCTACAGTCGAGA	TRUE	TRUE
AGGTGTTAGCACTAGG_Case_909	438_AGGTGTTAGCACTAGG	TRUE	TRUE
AGGTGTTAGGAGGCAG_Case_909	438_AGGTGTTAGGAGGCAG	TRUE	TRUE
AGGTGTTGTACCTGTA_Case_909	438_AGGTGTTGTACCTGTA	TRUE	TRUE
AGGTTACCAAAGGGCT_Case_909	438_AGGTTACCAAAGGGCT	TRUE	TRUE
AGGTTACCAAGGCCTC_Case_909	438_AGGTTACCAAGGCCTC	TRUE	TRUE
AGGTTACCACGTTCGG_Case_909	438_AGGTTACCACGTTCGG	TRUE	TRUE
AGGTTACCATAACAGA_Case_909	438_AGGTTACCATAACAGA	TRUE	TRUE
AGGTTACGTACCGGAA_Case_909	438_AGGTTACGTACCGGAA	TRUE	TRUE
AGGTTACGTTAGCTAC_Case_909	438_AGGTTACGTTAGCTAC	TRUE	TRUE
AGGTTACTCCCTGTTG_Case_909	438_AGGTTACTCCCTGTTG	TRUE	TRUE
AGGTTGTCACCTGTCT_Case_909	438_AGGTTGTCACCTGTCT	TRUE	TRUE
AGGTTGTGTTACCGTA_Case_909	438_AGGTTGTGTTACCGTA	TRUE	TRUE
AGTAACCCATACCAGT_Case_909	438_AGTAACCCATACCAGT	TRUE	TRUE
AGTAACCGTCTACGTA_Case_909	438_AGTAACCGTCTACGTA	TRUE	TRUE
AGTACCAAGCGTATAA_Case_909	438_AGTACCAAGCGTATAA	TRUE	TRUE
AGTACCAAGTTCGCAT_Case_909	438_AGTACCAAGTTCGCAT	TRUE	TRUE
AGTACCAGTCACCACG_Case_909	438_AGTACCAGTCACCACG	TRUE	TRUE
AGTACTGAGCTCCGAC_Case_909	438_AGTACTGAGCTCCGAC	TRUE	TRUE
AGTACTGCACTCCCTA_Case_909	438_AGTACTGCACTCCCTA	TRUE	TRUE
AGTACTGGTGCAATGG_Case_909	438_AGTACTGGTGCAATGG	TRUE	TRUE
AGTAGCTCAAATGCTC_Case_909	438_AGTAGCTCAAATGCTC	TRUE	TRUE
AGTAGCTCACTTGAAC_Case_909	438_AGTAGCTCACTTGAAC	TRUE	TRUE
AGTAGCTCAGCGACAA_Case_909	438_AGTAGCTCAGCGACAA	TRUE	TRUE
AGTAGCTGTGAGATTA_Case_909	438_AGTAGCTGTGAGATTA	TRUE	TRUE
AGTAGTCCACAGCCTG_Case_909	438_AGTAGTCCACAGCCTG	TRUE	TRUE
AGTAGTCCATCGCCTT_Case_909	438_AGTAGTCCATCGCCTT	TRUE	TRUE
AGTAGTCTCTCGCTCA_Case_909	438_AGTAGTCTCTCGCTCA	TRUE	TRUE
AGTAGTCTCTGCATGA_Case_909	438_AGTAGTCTCTGCATGA	TRUE	TRUE
AGTCAACAGAATCGAT_Case_909	438_AGTCAACAGAATCGAT	TRUE	TRUE
AGTCAACCAAGTATCC_Case_909	438_AGTCAACCAAGTATCC	TRUE	TRUE
AGTCAACCATCATTTC_Case_909	438_AGTCAACCATCATTTC	TRUE	TRUE
AGTCAACGTCGTCGGT_Case_909	438_AGTCAACGTCGTCGGT	TRUE	TRUE
AGTCAACTCAACCTCC_Case_909	438_AGTCAACTCAACCTCC	TRUE	TRUE
AGTCACAAGCTCGGCT_Case_909	438_AGTCACAAGCTCGGCT	TRUE	TRUE
AGTCACAAGGGCTAAC_Case_909	438_AGTCACAAGGGCTAAC	TRUE	TRUE
AGTCACACATCCTCAC_Case_909	438_AGTCACACATCCTCAC	TRUE	TRUE
AGTCACAGTATGTCTG_Case_909	438_AGTCACAGTATGTCTG	TRUE	TRUE
AGTCACATCATTCTTG_Case_909	438_AGTCACATCATTCTTG	TRUE	TRUE
AGTCATGCAAGAGGCT_Case_909	438_AGTCATGCAAGAGGCT	TRUE	TRUE
AGTCATGCACTTGTCC_Case_909	438_AGTCATGCACTTGTCC	TRUE	TRUE
AGTCATGCATCACCAA_Case_909	438_AGTCATGCATCACCAA	TRUE	TRUE
AGTCATGGTTAGCTAC_Case_909	438_AGTCATGGTTAGCTAC	TRUE	TRUE
AGTCATGTCCGCAAAT_Case_909	438_AGTCATGTCCGCAAAT	TRUE	TRUE
AGTCTCCGTCTACGTA_Case_909	438_AGTCTCCGTCTACGTA	TRUE	TRUE
AGTGACTAGCTCGGCT_Case_909	438_AGTGACTAGCTCGGCT	TRUE	TRUE
AGTGACTCATAACCCA_Case_909	438_AGTGACTCATAACCCA	TRUE	TRUE
AGTGATCAGACCAAGC_Case_909	438_AGTGATCAGACCAAGC	TRUE	TRUE
AGTGATCAGAGAGAAC_Case_909	438_AGTGATCAGAGAGAAC	TRUE	TRUE
AGTGATCCAAGTGACG_Case_909	438_AGTGATCCAAGTGACG	TRUE	TRUE
AGTGATCTCTACTTCA_Case_909	438_AGTGATCTCTACTTCA	TRUE	TRUE
AGTGCCGTCCCTCTTT_Case_909	438_AGTGCCGTCCCTCTTT	TRUE	TRUE
AGTGTTGAGGTGCCAA_Case_909	438_AGTGTTGAGGTGCCAA	TRUE	TRUE
AGTGTTGCAACTGCCG_Case_909	438_AGTGTTGCAACTGCCG	TRUE	TRUE
AGTGTTGTCCAGCAAT_Case_909	438_AGTGTTGTCCAGCAAT	TRUE	TRUE
AGTGTTGTCTTCCCAG_Case_909	438_AGTGTTGTCTTCCCAG	TRUE	TRUE
AGTTAGCCACTTTAGG_Case_909	438_AGTTAGCCACTTTAGG	TRUE	TRUE
AGTTAGCGTGATCATC_Case_909	438_AGTTAGCGTGATCATC	TRUE	TRUE
AGTTCCCCAAACTCGT_Case_909	438_AGTTCCCCAAACTCGT	TRUE	TRUE
AGTTCCCCAACCAGAG_Case_909	438_AGTTCCCCAACCAGAG	TRUE	TRUE
AGTTCCCCAGTAACGG_Case_909	438_AGTTCCCCAGTAACGG	TRUE	TRUE
AGTTCCCGTCGGCACT_Case_909	438_AGTTCCCGTCGGCACT	TRUE	TRUE
AGTTCGAAGCGATCGA_Case_909	438_AGTTCGAAGCGATCGA	TRUE	TRUE
AGTTCGAGTCCCGCAA_Case_909	438_AGTTCGAGTCCCGCAA	TRUE	TRUE
AGTTCGAGTTGATGTC_Case_909	438_AGTTCGAGTTGATGTC	TRUE	TRUE
AGTTCGATCACTTGGA_Case_909	438_AGTTCGATCACTTGGA	TRUE	TRUE
AGTTCGATCTGCTGAA_Case_909	438_AGTTCGATCTGCTGAA	TRUE	TRUE
ATACCGACAGACGGAT_Case_909	438_ATACCGACAGACGGAT	TRUE	TRUE
ATACCGATCCCGAACG_Case_909	438_ATACCGATCCCGAACG	TRUE	TRUE
ATACCTTAGTTCCGTA_Case_909	438_ATACCTTAGTTCCGTA	TRUE	TRUE
ATACCTTCACCCGTAG_Case_909	438_ATACCTTCACCCGTAG	TRUE	TRUE
ATACCTTTCGACGATT_Case_909	438_ATACCTTTCGACGATT	TRUE	TRUE
ATACTTCAGCTACGTT_Case_909	438_ATACTTCAGCTACGTT	TRUE	TRUE
ATACTTCTCCTCAGGG_Case_909	438_ATACTTCTCCTCAGGG	TRUE	TRUE
ATAGACCAGTCATGAA_Case_909	438_ATAGACCAGTCATGAA	TRUE	TRUE
ATAGAGAAGACCATTC_Case_909	438_ATAGAGAAGACCATTC	TRUE	TRUE
ATAGAGAAGCCAACCC_Case_909	438_ATAGAGAAGCCAACCC	TRUE	TRUE
ATAGAGAGTTCACCGG_Case_909	438_ATAGAGAGTTCACCGG	TRUE	TRUE
ATAGGCTCATGACTTG_Case_909	438_ATAGGCTCATGACTTG	TRUE	TRUE
ATAGGCTGTCCCGTGA_Case_909	438_ATAGGCTGTCCCGTGA	TRUE	TRUE
ATATCCTAGTATGTAG_Case_909	438_ATATCCTAGTATGTAG	TRUE	TRUE
ATATCCTCACTGCGTG_Case_909	438_ATATCCTCACTGCGTG	TRUE	TRUE
ATATCCTGTTCGTACA_Case_909	438_ATATCCTGTTCGTACA	TRUE	TRUE
ATATCCTTCCTCTTTC_Case_909	438_ATATCCTTCCTCTTTC	TRUE	TRUE
ATCACAGGTAACAAGT_Case_909	438_ATCACAGGTAACAAGT	TRUE	TRUE
ATCACGACAAATGGCG_Case_909	438_ATCACGACAAATGGCG	TRUE	TRUE
ATCACGACAACATACC_Case_909	438_ATCACGACAACATACC	TRUE	TRUE
ATCACGAGTTAAGGAT_Case_909	438_ATCACGAGTTAAGGAT	TRUE	TRUE
ATCACGATCAATCTTC_Case_909	438_ATCACGATCAATCTTC	TRUE	TRUE
ATCACTTCAGGCACAA_Case_909	438_ATCACTTCAGGCACAA	TRUE	TRUE
ATCACTTCATGCCGAC_Case_909	438_ATCACTTCATGCCGAC	TRUE	TRUE
ATCAGGTCATCAGTGT_Case_909	438_ATCAGGTCATCAGTGT	TRUE	TRUE
ATCAGGTTCATGTCTT_Case_909	438_ATCAGGTTCATGTCTT	TRUE	TRUE
ATCAGGTTCGACCAAT_Case_909	438_ATCAGGTTCGACCAAT	TRUE	TRUE
ATCATTCCACTTGACA_Case_909	438_ATCATTCCACTTGACA	TRUE	TRUE
ATCATTCGTCACTAGT_Case_909	438_ATCATTCGTCACTAGT	TRUE	TRUE
ATCATTCGTTGCATGT_Case_909	438_ATCATTCGTTGCATGT	TRUE	TRUE
ATCATTCGTTGGTAGG_Case_909	438_ATCATTCGTTGGTAGG	TRUE	TRUE
ATCATTCTCGCCTAGG_Case_909	438_ATCATTCTCGCCTAGG	TRUE	TRUE
ATCCACCCAAGGTCAG_Case_909	438_ATCCACCCAAGGTCAG	TRUE	TRUE
ATCCACCGTGATCATC_Case_909	438_ATCCACCGTGATCATC	TRUE	TRUE
ATCCACCTCCGAAGGA_Case_909	438_ATCCACCTCCGAAGGA	TRUE	TRUE
ATCCATTGTCGTCAGC_Case_909	438_ATCCATTGTCGTCAGC	TRUE	TRUE
ATCCATTTCCTCTGCA_Case_909	438_ATCCATTTCCTCTGCA	TRUE	TRUE
ATCCCTGAGCTAATGA_Case_909	438_ATCCCTGAGCTAATGA	TRUE	TRUE
ATCCCTGGTTCTTGTT_Case_909	438_ATCCCTGGTTCTTGTT	TRUE	TRUE
ATCCCTGTCAGCTCTC_Case_909	438_ATCCCTGTCAGCTCTC	TRUE	TRUE
ATCCGTCAGCAGCCTC_Case_909	438_ATCCGTCAGCAGCCTC	TRUE	TRUE
ATCCGTCAGCCTCACG_Case_909	438_ATCCGTCAGCCTCACG	TRUE	TRUE
ATCCGTCAGGTTATAG_Case_909	438_ATCCGTCAGGTTATAG	TRUE	TRUE
ATCCGTCAGTATTGCC_Case_909	438_ATCCGTCAGTATTGCC	TRUE	TRUE
ATCCGTCCATTGGATC_Case_909	438_ATCCGTCCATTGGATC	TRUE	TRUE
ATCCTATAGCCACTCG_Case_909	438_ATCCTATAGCCACTCG	TRUE	TRUE
ATCCTATAGTAGACAT_Case_909	438_ATCCTATAGTAGACAT	TRUE	TRUE
ATCCTATCACAGTATC_Case_909	438_ATCCTATCACAGTATC	TRUE	TRUE
ATCCTATCACGACGTC_Case_909	438_ATCCTATCACGACGTC	TRUE	TRUE
ATCCTATCAGGATGAC_Case_909	438_ATCCTATCAGGATGAC	TRUE	TRUE
ATCCTATCAGTAGATA_Case_909	438_ATCCTATCAGTAGATA	TRUE	TRUE
ATCCTATGTAGCGAGT_Case_909	438_ATCCTATGTAGCGAGT	TRUE	TRUE
ATCCTATGTTGCCATA_Case_909	438_ATCCTATGTTGCCATA	TRUE	TRUE
ATCCTATTCGGTAGAG_Case_909	438_ATCCTATTCGGTAGAG	TRUE	TRUE
ATCGATGCATTGCCGG_Case_909	438_ATCGATGCATTGCCGG	TRUE	TRUE
ATCGATGGTCCTCAGG_Case_909	438_ATCGATGGTCCTCAGG	TRUE	TRUE
ATCGATGTCACTGGGC_Case_909	438_ATCGATGTCACTGGGC	TRUE	TRUE
ATCGATGTCCAGCAAT_Case_909	438_ATCGATGTCCAGCAAT	TRUE	TRUE
ATCGATGTCCTGGTCT_Case_909	438_ATCGATGTCCTGGTCT	TRUE	TRUE
ATCGATGTCGTGTTCC_Case_909	438_ATCGATGTCGTGTTCC	TRUE	TRUE
ATCGCCTAGCCGAATG_Case_909	438_ATCGCCTAGCCGAATG	TRUE	TRUE
ATCGCCTAGCTCGAAG_Case_909	438_ATCGCCTAGCTCGAAG	TRUE	TRUE
ATCGCCTGTTAGAAGT_Case_909	438_ATCGCCTGTTAGAAGT	TRUE	TRUE
ATCGGATAGATCACCT_Case_909	438_ATCGGATAGATCACCT	TRUE	TRUE
ATCGGATCATAATGCC_Case_909	438_ATCGGATCATAATGCC	TRUE	TRUE
ATCGGCGAGTATGGAT_Case_909	438_ATCGGCGAGTATGGAT	TRUE	TRUE
ATCGGCGGTAGGAGGG_Case_909	438_ATCGGCGGTAGGAGGG	TRUE	TRUE
ATCGTAGAGATGAACT_Case_909	438_ATCGTAGAGATGAACT	TRUE	TRUE
ATCGTCCAGGAAACGA_Case_909	438_ATCGTCCAGGAAACGA	TRUE	TRUE
ATCGTCCCAAATGGAT_Case_909	438_ATCGTCCCAAATGGAT	TRUE	TRUE
ATCGTCCCAGTGCGCT_Case_909	438_ATCGTCCCAGTGCGCT	TRUE	TRUE
ATCGTCCGTTCCCAAA_Case_909	438_ATCGTCCGTTCCCAAA	TRUE	TRUE
ATCGTGAAGCACAAAT_Case_909	438_ATCGTGAAGCACAAAT	TRUE	TRUE
ATCGTGACAATCTAGC_Case_909	438_ATCGTGACAATCTAGC	TRUE	TRUE
ATCGTGAGTACCCGCA_Case_909	438_ATCGTGAGTACCCGCA	TRUE	TRUE
ATCGTGATCGTCTCAC_Case_909	438_ATCGTGATCGTCTCAC	TRUE	TRUE
ATCTCTAAGACTTCCA_Case_909	438_ATCTCTAAGACTTCCA	TRUE	TRUE
ATCTCTACACGTAGAG_Case_909	438_ATCTCTACACGTAGAG	TRUE	TRUE
ATCTCTAGTTTCAGAC_Case_909	438_ATCTCTAGTTTCAGAC	TRUE	TRUE
ATCTTCAAGACCAACG_Case_909	438_ATCTTCAAGACCAACG	TRUE	TRUE
ATCTTCAAGCGTCGAA_Case_909	438_ATCTTCAAGCGTCGAA	TRUE	TRUE
ATCTTCACAATACCCA_Case_909	438_ATCTTCACAATACCCA	TRUE	TRUE
ATCTTCACACAAAGTA_Case_909	438_ATCTTCACACAAAGTA	TRUE	TRUE
ATCTTCACAGAGAAAG_Case_909	438_ATCTTCACAGAGAAAG	TRUE	TRUE
ATCTTCACATGGCCCA_Case_909	438_ATCTTCACATGGCCCA	TRUE	TRUE
ATCTTCAGTCGTTCAA_Case_909	438_ATCTTCAGTCGTTCAA	TRUE	TRUE
ATCTTCATCGTAGGGA_Case_909	438_ATCTTCATCGTAGGGA	TRUE	TRUE
ATGAAAGGTAACGATA_Case_909	438_ATGAAAGGTAACGATA	TRUE	TRUE
ATGAAAGGTTCGTACA_Case_909	438_ATGAAAGGTTCGTACA	TRUE	TRUE
ATGACCAAGAAACTAC_Case_909	438_ATGACCAAGAAACTAC	TRUE	TRUE
ATGACCACAAGCGAGT_Case_909	438_ATGACCACAAGCGAGT	TRUE	TRUE
ATGACCAGTAATTAGG_Case_909	438_ATGACCAGTAATTAGG	TRUE	TRUE
ATGACCAGTGTTCCTC_Case_909	438_ATGACCAGTGTTCCTC	TRUE	TRUE
ATGACCATCTAGACAC_Case_909	438_ATGACCATCTAGACAC	TRUE	TRUE
ATGAGGGAGCTGAAAT_Case_909	438_ATGAGGGAGCTGAAAT	TRUE	TRUE
ATGAGGGAGCTTTCTT_Case_909	438_ATGAGGGAGCTTTCTT	TRUE	TRUE
ATGAGGGGTCAGTCTA_Case_909	438_ATGAGGGGTCAGTCTA	TRUE	TRUE
ATGAGGGGTCGGTAAG_Case_909	438_ATGAGGGGTCGGTAAG	TRUE	TRUE
ATGAGGGTCTCCAAGA_Case_909	438_ATGAGGGTCTCCAAGA	TRUE	TRUE
ATGAGTCCAATCGCGC_Case_909	438_ATGAGTCCAATCGCGC	TRUE	TRUE
ATGAGTCGTTGCGAAG_Case_909	438_ATGAGTCGTTGCGAAG	TRUE	TRUE
ATGAGTCTCTAGTCAG_Case_909	438_ATGAGTCTCTAGTCAG	TRUE	TRUE
ATGCATGAGTAGAATC_Case_909	438_ATGCATGAGTAGAATC	TRUE	TRUE
ATGCATGCACGCTGCA_Case_909	438_ATGCATGCACGCTGCA	TRUE	TRUE
ATGCCTCAGAAGCGCT_Case_909	438_ATGCCTCAGAAGCGCT	TRUE	TRUE
ATGCCTCCAACTGATC_Case_909	438_ATGCCTCCAACTGATC	TRUE	TRUE
ATGCCTCGTGTGAGCA_Case_909	438_ATGCCTCGTGTGAGCA	TRUE	TRUE
ATGCGATAGATGGGCT_Case_909	438_ATGCGATAGATGGGCT	TRUE	TRUE
ATGCGATAGATTTGCC_Case_909	438_ATGCGATAGATTTGCC	TRUE	TRUE
ATGCGATCAATAGTGA_Case_909	438_ATGCGATCAATAGTGA	TRUE	TRUE
ATGGAGGAGTCTTCGA_Case_909	438_ATGGAGGAGTCTTCGA	TRUE	TRUE
ATGGAGGCACCTCTGT_Case_909	438_ATGGAGGCACCTCTGT	TRUE	TRUE
ATGGAGGCAGACACCC_Case_909	438_ATGGAGGCAGACACCC	TRUE	TRUE
ATGGAGGCATCTTTCA_Case_909	438_ATGGAGGCATCTTTCA	TRUE	TRUE
ATGGAGGGTAAGATAC_Case_909	438_ATGGAGGGTAAGATAC	TRUE	TRUE
ATGGAGGGTATCCCAA_Case_909	438_ATGGAGGGTATCCCAA	TRUE	TRUE
ATGGAGGGTCTTCTAT_Case_909	438_ATGGAGGGTCTTCTAT	TRUE	TRUE
ATGGAGGGTTACGTAC_Case_909	438_ATGGAGGGTTACGTAC	TRUE	TRUE
ATGGAGGTCCTCGATC_Case_909	438_ATGGAGGTCCTCGATC	TRUE	TRUE
ATGGAGGTCGGCTCTT_Case_909	438_ATGGAGGTCGGCTCTT	TRUE	TRUE
ATGGAGGTCTCCTACG_Case_909	438_ATGGAGGTCTCCTACG	TRUE	TRUE
ATGGATCAGCATCTTG_Case_909	438_ATGGATCAGCATCTTG	TRUE	TRUE
ATGGATCTCTGCACCT_Case_909	438_ATGGATCTCTGCACCT	TRUE	TRUE
ATGGGAGCAGCCTACG_Case_909	438_ATGGGAGCAGCCTACG	TRUE	TRUE
ATGGGAGCATTAAAGG_Case_909	438_ATGGGAGCATTAAAGG	TRUE	TRUE
ATGGGAGGTTATGACC_Case_909	438_ATGGGAGGTTATGACC	TRUE	TRUE
ATGGGAGTCCTAGCTC_Case_909	438_ATGGGAGTCCTAGCTC	TRUE	TRUE
ATGGGAGTCGGCATAT_Case_909	438_ATGGGAGTCGGCATAT	TRUE	TRUE
ATGGGAGTCTAGTGAC_Case_909	438_ATGGGAGTCTAGTGAC	TRUE	TRUE
ATGGGTTAGAGGGTCT_Case_909	438_ATGGGTTAGAGGGTCT	TRUE	TRUE
ATGGGTTAGTGGTCAG_Case_909	438_ATGGGTTAGTGGTCAG	TRUE	TRUE
ATGGGTTCAGCGACAA_Case_909	438_ATGGGTTCAGCGACAA	TRUE	TRUE
ATGGGTTGTCATAGTC_Case_909	438_ATGGGTTGTCATAGTC	TRUE	TRUE
ATGGGTTTCCGTATAG_Case_909	438_ATGGGTTTCCGTATAG	TRUE	TRUE
ATGGTTGAGTTCTCTT_Case_909	438_ATGGTTGAGTTCTCTT	TRUE	TRUE
ATGGTTGTCAAGGACG_Case_909	438_ATGGTTGTCAAGGACG	TRUE	TRUE
ATGGTTGTCTACCAGA_Case_909	438_ATGGTTGTCTACCAGA	TRUE	TRUE
ATGTCCCAGTTACGAA_Case_909	438_ATGTCCCAGTTACGAA	TRUE	TRUE
ATGTCCCCATGGGATG_Case_909	438_ATGTCCCCATGGGATG	TRUE	TRUE
ATGTCTTAGCGGGTTA_Case_909	438_ATGTCTTAGCGGGTTA	TRUE	TRUE
ATGTCTTAGTGTTGTC_Case_909	438_ATGTCTTAGTGTTGTC	TRUE	TRUE
ATGTCTTCACTGCACG_Case_909	438_ATGTCTTCACTGCACG	TRUE	TRUE
ATGTCTTCAGTAGATA_Case_909	438_ATGTCTTCAGTAGATA	TRUE	TRUE
ATTACCTAGTAGCATA_Case_909	438_ATTACCTAGTAGCATA	TRUE	TRUE
ATTACCTGTACTGCCG_Case_909	438_ATTACCTGTACTGCCG	TRUE	TRUE
ATTACCTTCTTGATTC_Case_909	438_ATTACCTTCTTGATTC	TRUE	TRUE
ATTATCCGTCTTGTCC_Case_909	438_ATTATCCGTCTTGTCC	TRUE	TRUE
ATTATCCGTTGAGTCT_Case_909	438_ATTATCCGTTGAGTCT	TRUE	TRUE
ATTATCCTCCGTATGA_Case_909	438_ATTATCCTCCGTATGA	TRUE	TRUE
ATTCACTAGCACTCAT_Case_909	438_ATTCACTAGCACTCAT	TRUE	TRUE
ATTCACTTCTCAACGA_Case_909	438_ATTCACTTCTCAACGA	TRUE	TRUE
ATTCAGGCAGTTGGTT_Case_909	438_ATTCAGGCAGTTGGTT	TRUE	TRUE
ATTCAGGGTTCCCACT_Case_909	438_ATTCAGGGTTCCCACT	TRUE	TRUE
ATTCATCAGTCGGCAA_Case_909	438_ATTCATCAGTCGGCAA	TRUE	TRUE
ATTCATCCAGAGTGTG_Case_909	438_ATTCATCCAGAGTGTG	TRUE	TRUE
ATTCATCGTTCCTAGA_Case_909	438_ATTCATCGTTCCTAGA	TRUE	TRUE
ATTCATCTCCGTTTCG_Case_909	438_ATTCATCTCCGTTTCG	TRUE	TRUE
ATTCATCTCTGCGGGT_Case_909	438_ATTCATCTCTGCGGGT	TRUE	TRUE
ATTCCATTCGCCTCTA_Case_909	438_ATTCCATTCGCCTCTA	TRUE	TRUE
ATTCCCGAGTAACCTC_Case_909	438_ATTCCCGAGTAACCTC	TRUE	TRUE
ATTCCCGCACCCATAA_Case_909	438_ATTCCCGCACCCATAA	TRUE	TRUE
ATTCCTACATAGGTAA_Case_909	438_ATTCCTACATAGGTAA	TRUE	TRUE
ATTCCTACATTGACTG_Case_909	438_ATTCCTACATTGACTG	TRUE	TRUE
ATTCCTAGTGTTGACT_Case_909	438_ATTCCTAGTGTTGACT	TRUE	TRUE
ATTCCTAGTTTCGTGA_Case_909	438_ATTCCTAGTTTCGTGA	TRUE	TRUE
ATTCGTTAGTCTGCGC_Case_909	438_ATTCGTTAGTCTGCGC	TRUE	TRUE
ATTCGTTCACGAAGAC_Case_909	438_ATTCGTTCACGAAGAC	TRUE	TRUE
ATTCGTTCATGCCGCA_Case_909	438_ATTCGTTCATGCCGCA	TRUE	TRUE
ATTCTACAGCGCATCC_Case_909	438_ATTCTACAGCGCATCC	TRUE	TRUE
ATTCTACAGTGATGGC_Case_909	438_ATTCTACAGTGATGGC	TRUE	TRUE
ATTCTACCACTGGCCA_Case_909	438_ATTCTACCACTGGCCA	TRUE	TRUE
ATTCTACCAGGAAGTC_Case_909	438_ATTCTACCAGGAAGTC	TRUE	TRUE
ATTCTACGTGCATCTA_Case_909	438_ATTCTACGTGCATCTA	TRUE	TRUE
ATTCTACGTTCAAGTC_Case_909	438_ATTCTACGTTCAAGTC	TRUE	TRUE
ATTCTACTCGCGTGCA_Case_909	438_ATTCTACTCGCGTGCA	TRUE	TRUE
ATTCTTGCACATAGCT_Case_909	438_ATTCTTGCACATAGCT	TRUE	TRUE
ATTCTTGGTTTACTTC_Case_909	438_ATTCTTGGTTTACTTC	TRUE	TRUE
ATTCTTGTCAAGCCCG_Case_909	438_ATTCTTGTCAAGCCCG	TRUE	TRUE
ATTCTTGTCATGTCAG_Case_909	438_ATTCTTGTCATGTCAG	TRUE	TRUE
ATTGGGTCACGACAGA_Case_909	438_ATTGGGTCACGACAGA	TRUE	TRUE
ATTGGGTCAGTAGTTC_Case_909	438_ATTGGGTCAGTAGTTC	TRUE	TRUE
ATTGGGTTCACACGAT_Case_909	438_ATTGGGTTCACACGAT	TRUE	TRUE
ATTGGGTTCTCGGTCT_Case_909	438_ATTGGGTTCTCGGTCT	TRUE	TRUE
ATTGTTCCATGCCGAC_Case_909	438_ATTGTTCCATGCCGAC	TRUE	TRUE
ATTGTTCGTGCGAACA_Case_909	438_ATTGTTCGTGCGAACA	TRUE	TRUE
ATTTACCGTAGGCTCC_Case_909	438_ATTTACCGTAGGCTCC	TRUE	TRUE
ATTTACCTCGCGATCG_Case_909	438_ATTTACCTCGCGATCG	TRUE	TRUE
ATTTCACAGGTGCTGA_Case_909	438_ATTTCACAGGTGCTGA	TRUE	TRUE
ATTTCACGTATCGGTT_Case_909	438_ATTTCACGTATCGGTT	TRUE	TRUE
ATTTCACGTTCCCACT_Case_909	438_ATTTCACGTTCCCACT	TRUE	TRUE
ATTTCACTCCGAGATT_Case_909	438_ATTTCACTCCGAGATT	TRUE	TRUE
ATTTCTGAGCTAGAAT_Case_909	438_ATTTCTGAGCTAGAAT	TRUE	TRUE
ATTTCTGCAAATGGCG_Case_909	438_ATTTCTGCAAATGGCG	TRUE	TRUE
CAAAGAAGTTCGAAGG_Case_909	438_CAAAGAAGTTCGAAGG	TRUE	TRUE
CAAAGAATCCGGTTCT_Case_909	438_CAAAGAATCCGGTTCT	TRUE	TRUE
CAACAACAGGGACAGG_Case_909	438_CAACAACAGGGACAGG	TRUE	TRUE
CAACAACCAGAGGCTA_Case_909	438_CAACAACCAGAGGCTA	TRUE	TRUE
CAACAACCATGCGGTC_Case_909	438_CAACAACCATGCGGTC	TRUE	TRUE
CAACAACTCATGGCCG_Case_909	438_CAACAACTCATGGCCG	TRUE	TRUE
CAACAGTAGACTACCT_Case_909	438_CAACAGTAGACTACCT	TRUE	TRUE
CAACAGTCAGGTAGTG_Case_909	438_CAACAGTCAGGTAGTG	TRUE	TRUE
CAACAGTGTCTGTGTA_Case_909	438_CAACAGTGTCTGTGTA	TRUE	TRUE
CAACCAATCACGGACC_Case_909	438_CAACCAATCACGGACC	TRUE	TRUE
CAACCAATCGTAGAGG_Case_909	438_CAACCAATCGTAGAGG	TRUE	TRUE
CAACCTCAGACATCCT_Case_909	438_CAACCTCAGACATCCT	TRUE	TRUE
CAACCTCAGGACAACC_Case_909	438_CAACCTCAGGACAACC	TRUE	TRUE
CAACCTCCAGCTGCCA_Case_909	438_CAACCTCCAGCTGCCA	TRUE	TRUE
CAACCTCGTAATGCGG_Case_909	438_CAACCTCGTAATGCGG	TRUE	TRUE
CAACCTCTCATAGAGA_Case_909	438_CAACCTCTCATAGAGA	TRUE	TRUE
CAACCTCTCCACACAA_Case_909	438_CAACCTCTCCACACAA	TRUE	TRUE
CAACCTCTCGTAGTCA_Case_909	438_CAACCTCTCGTAGTCA	TRUE	TRUE
CAACGATAGAGTCTTC_Case_909	438_CAACGATAGAGTCTTC	TRUE	TRUE
CAACGATCAGAGCTAG_Case_909	438_CAACGATCAGAGCTAG	TRUE	TRUE
CAACGATGTAGGGAGG_Case_909	438_CAACGATGTAGGGAGG	TRUE	TRUE
CAACGATTCAGCATTG_Case_909	438_CAACGATTCAGCATTG	TRUE	TRUE
CAACGATTCGCGTGAC_Case_909	438_CAACGATTCGCGTGAC	TRUE	TRUE
CAACGGCAGAATCGTA_Case_909	438_CAACGGCAGAATCGTA	TRUE	TRUE
CAACGGCAGCGATCGA_Case_909	438_CAACGGCAGCGATCGA	TRUE	TRUE
CAACGGCCATTACTCT_Case_909	438_CAACGGCCATTACTCT	TRUE	TRUE
CAACGGCTCCCATAAG_Case_909	438_CAACGGCTCCCATAAG	TRUE	TRUE
CAACGGCTCTCTCAAT_Case_909	438_CAACGGCTCTCTCAAT	TRUE	TRUE
CAAGACTGTGTTCCTC_Case_909	438_CAAGACTGTGTTCCTC	TRUE	TRUE
CAAGAGGCACAGGATG_Case_909	438_CAAGAGGCACAGGATG	TRUE	TRUE
CAAGAGGGTGAGTCAG_Case_909	438_CAAGAGGGTGAGTCAG	TRUE	TRUE
CAAGAGGGTTAAACAG_Case_909	438_CAAGAGGGTTAAACAG	TRUE	TRUE
CAAGAGGTCCCTCTAG_Case_909	438_CAAGAGGTCCCTCTAG	TRUE	TRUE
CAAGCTATCTCACCCA_Case_909	438_CAAGCTATCTCACCCA	TRUE	TRUE
CAAGGGAAGTGGATTA_Case_909	438_CAAGGGAAGTGGATTA	TRUE	TRUE
CAAGGGATCTACTTCA_Case_909	438_CAAGGGATCTACTTCA	TRUE	TRUE
CAATACGAGAGTTGTA_Case_909	438_CAATACGAGAGTTGTA	TRUE	TRUE
CAATACGCAACAGAGC_Case_909	438_CAATACGCAACAGAGC	TRUE	TRUE
CAATACGGTCAACATC_Case_909	438_CAATACGGTCAACATC	TRUE	TRUE
CAATACGGTTATCTTC_Case_909	438_CAATACGGTTATCTTC	TRUE	TRUE
CAATACGTCTCGTCAC_Case_909	438_CAATACGTCTCGTCAC	TRUE	TRUE
CAATACGTCTGCCTGT_Case_909	438_CAATACGTCTGCCTGT	TRUE	TRUE
CAATCGAAGCCTCTGG_Case_909	438_CAATCGAAGCCTCTGG	TRUE	TRUE
CAATCGACATGCGGTC_Case_909	438_CAATCGACATGCGGTC	TRUE	TRUE
CAATCGATCGGAGATG_Case_909	438_CAATCGATCGGAGATG	TRUE	TRUE
CAATGACGTGCCTTCT_Case_909	438_CAATGACGTGCCTTCT	TRUE	TRUE
CAATTTCCAACGGGTA_Case_909	438_CAATTTCCAACGGGTA	TRUE	TRUE
CAATTTCTCCCATTCG_Case_909	438_CAATTTCTCCCATTCG	TRUE	TRUE
CAATTTCTCGTCACCT_Case_909	438_CAATTTCTCGTCACCT	TRUE	TRUE
CACAACAAGTTGCCCG_Case_909	438_CACAACAAGTTGCCCG	TRUE	TRUE
CACAACATCAGCGGAA_Case_909	438_CACAACATCAGCGGAA	TRUE	TRUE
CACACAAAGCCTCCAG_Case_909	438_CACACAAAGCCTCCAG	TRUE	TRUE
CACACAAAGTACTGGG_Case_909	438_CACACAAAGTACTGGG	TRUE	TRUE
CACACAACACTATCGA_Case_909	438_CACACAACACTATCGA	TRUE	TRUE
CACACAATCCATCCGT_Case_909	438_CACACAATCCATCCGT	TRUE	TRUE
CACAGATCACCGCTGA_Case_909	438_CACAGATCACCGCTGA	TRUE	TRUE
CACAGATGTAGGGTAC_Case_909	438_CACAGATGTAGGGTAC	TRUE	TRUE
CACAGATGTCACATTG_Case_909	438_CACAGATGTCACATTG	TRUE	TRUE
CACAGATGTCAGTTTG_Case_909	438_CACAGATGTCAGTTTG	TRUE	TRUE
CACAGGCAGCCTTCTC_Case_909	438_CACAGGCAGCCTTCTC	TRUE	TRUE
CACAGGCCACGGCGTT_Case_909	438_CACAGGCCACGGCGTT	TRUE	TRUE
CACAGGCCATCTTAGG_Case_909	438_CACAGGCCATCTTAGG	TRUE	TRUE
CACAGGCGTAGATGTA_Case_909	438_CACAGGCGTAGATGTA	TRUE	TRUE
CACAGGCTCAGTAGGG_Case_909	438_CACAGGCTCAGTAGGG	TRUE	TRUE
CACATGAAGTTCTCTT_Case_909	438_CACATGAAGTTCTCTT	TRUE	TRUE
CACATGAGTGAGCAGT_Case_909	438_CACATGAGTGAGCAGT	TRUE	TRUE
CACATGATCTGTCAGA_Case_909	438_CACATGATCTGTCAGA	TRUE	TRUE
CACCAAAAGCTGTCCG_Case_909	438_CACCAAAAGCTGTCCG	TRUE	TRUE
CACCAAAAGGGAGATA_Case_909	438_CACCAAAAGGGAGATA	TRUE	TRUE
CACCAAAAGTCCCGGT_Case_909	438_CACCAAAAGTCCCGGT	TRUE	TRUE
CACCAAAAGTGCAACG_Case_909	438_CACCAAAAGTGCAACG	TRUE	TRUE
CACCAAAAGTGGTTAA_Case_909	438_CACCAAAAGTGGTTAA	TRUE	TRUE
CACCGTTAGGGCAGTT_Case_909	438_CACCGTTAGGGCAGTT	TRUE	TRUE
CACCGTTAGTCGCTAT_Case_909	438_CACCGTTAGTCGCTAT	TRUE	TRUE
CACCGTTCAATCTCGA_Case_909	438_CACCGTTCAATCTCGA	TRUE	TRUE
CACCGTTCATCCCGTT_Case_909	438_CACCGTTCATCCCGTT	TRUE	TRUE
CACCGTTGTGAATGTA_Case_909	438_CACCGTTGTGAATGTA	TRUE	TRUE
CACGAATAGAAGCGAA_Case_909	438_CACGAATAGAAGCGAA	TRUE	TRUE
CACGAATCATGTGGCC_Case_909	438_CACGAATCATGTGGCC	TRUE	TRUE
CACGAATGTCAAGCGA_Case_909	438_CACGAATGTCAAGCGA	TRUE	TRUE
CACGAATGTTCCGCTT_Case_909	438_CACGAATGTTCCGCTT	TRUE	TRUE
CACGAATGTTCTCTCG_Case_909	438_CACGAATGTTCTCTCG	TRUE	TRUE
CACGGGTAGCTGAAGC_Case_909	438_CACGGGTAGCTGAAGC	TRUE	TRUE
CACGGGTCATGTCTAG_Case_909	438_CACGGGTCATGTCTAG	TRUE	TRUE
CACGGGTGTAAGTCAA_Case_909	438_CACGGGTGTAAGTCAA	TRUE	TRUE
CACGGGTTCGCGAAGA_Case_909	438_CACGGGTTCGCGAAGA	TRUE	TRUE
CACGGGTTCTTAGGAC_Case_909	438_CACGGGTTCTTAGGAC	TRUE	TRUE
CACGTGGAGGTTAGTA_Case_909	438_CACGTGGAGGTTAGTA	TRUE	TRUE
CACGTGGGTCTCGGAC_Case_909	438_CACGTGGGTCTCGGAC	TRUE	TRUE
CACGTGGGTGATTGGG_Case_909	438_CACGTGGGTGATTGGG	TRUE	TRUE
CACGTTCAGACCGCCT_Case_909	438_CACGTTCAGACCGCCT	TRUE	TRUE
CACGTTCAGAGCAGAA_Case_909	438_CACGTTCAGAGCAGAA	TRUE	TRUE
CACGTTCAGATCCTAC_Case_909	438_CACGTTCAGATCCTAC	TRUE	TRUE
CACGTTCGTCCACACG_Case_909	438_CACGTTCGTCCACACG	TRUE	TRUE
CACGTTCGTGTCCATA_Case_909	438_CACGTTCGTGTCCATA	TRUE	TRUE
CACTAAGAGTCTTCCC_Case_909	438_CACTAAGAGTCTTCCC	TRUE	TRUE
CACTAAGGTAACCCGC_Case_909	438_CACTAAGGTAACCCGC	TRUE	TRUE
CACTAAGGTAGCTCGC_Case_909	438_CACTAAGGTAGCTCGC	TRUE	TRUE
CACTAAGGTGGGACAT_Case_909	438_CACTAAGGTGGGACAT	TRUE	TRUE
CACTGAATCTACTATC_Case_909	438_CACTGAATCTACTATC	TRUE	TRUE
CACTGGGAGTATTAGG_Case_909	438_CACTGGGAGTATTAGG	TRUE	TRUE
CACTGGGGTCACCACG_Case_909	438_CACTGGGGTCACCACG	TRUE	TRUE
CACTGTCAGCGACTGA_Case_909	438_CACTGTCAGCGACTGA	TRUE	TRUE
CACTGTCAGTAACCTC_Case_909	438_CACTGTCAGTAACCTC	TRUE	TRUE
CACTGTCGTTGGGTAG_Case_909	438_CACTGTCGTTGGGTAG	TRUE	TRUE
CACTTCGAGGGCAGGA_Case_909	438_CACTTCGAGGGCAGGA	TRUE	TRUE
CACTTCGGTCAGGAGT_Case_909	438_CACTTCGGTCAGGAGT	TRUE	TRUE
CACTTCGGTTTACTTC_Case_909	438_CACTTCGGTTTACTTC	TRUE	TRUE
CACTTCGTCGAACCAT_Case_909	438_CACTTCGTCGAACCAT	TRUE	TRUE
CACTTCGTCTGGGTCG_Case_909	438_CACTTCGTCTGGGTCG	TRUE	TRUE
CAGAGCCAGCGTTAGG_Case_909	438_CAGAGCCAGCGTTAGG	TRUE	TRUE
CAGAGCCAGGTGCTTT_Case_909	438_CAGAGCCAGGTGCTTT	TRUE	TRUE
CAGAGCCCACAAGTGG_Case_909	438_CAGAGCCCACAAGTGG	TRUE	TRUE
CAGAGCCGTCGCATCG_Case_909	438_CAGAGCCGTCGCATCG	TRUE	TRUE
CAGAGCCTCCAATCTT_Case_909	438_CAGAGCCTCCAATCTT	TRUE	TRUE
CAGAGCCTCTCATTAC_Case_909	438_CAGAGCCTCTCATTAC	TRUE	TRUE
CAGATACCAAGATGGC_Case_909	438_CAGATACCAAGATGGC	TRUE	TRUE
CAGATACCAAGTTCGT_Case_909	438_CAGATACCAAGTTCGT	TRUE	TRUE
CAGATACTCGGACCAC_Case_909	438_CAGATACTCGGACCAC	TRUE	TRUE
CAGATCAGTACGTTCA_Case_909	438_CAGATCAGTACGTTCA	TRUE	TRUE
CAGATCAGTTAAACCC_Case_909	438_CAGATCAGTTAAACCC	TRUE	TRUE
CAGATTGCATTACTCT_Case_909	438_CAGATTGCATTACTCT	TRUE	TRUE
CAGCAATCAAGGTTGG_Case_909	438_CAGCAATCAAGGTTGG	TRUE	TRUE
CAGCAATGTAGAAACT_Case_909	438_CAGCAATGTAGAAACT	TRUE	TRUE
CAGCAATGTCTTACAG_Case_909	438_CAGCAATGTCTTACAG	TRUE	TRUE
CAGCAATGTGGCTGAA_Case_909	438_CAGCAATGTGGCTGAA	TRUE	TRUE
CAGCAATGTGTTGATC_Case_909	438_CAGCAATGTGTTGATC	TRUE	TRUE
CAGCAATTCGAGTCTA_Case_909	438_CAGCAATTCGAGTCTA	TRUE	TRUE
CAGCAATTCGTCCTTG_Case_909	438_CAGCAATTCGTCCTTG	TRUE	TRUE
CAGCAATTCTGCGGGT_Case_909	438_CAGCAATTCTGCGGGT	TRUE	TRUE
CAGCAATTCTTAGCCC_Case_909	438_CAGCAATTCTTAGCCC	TRUE	TRUE
CAGCACGAGATGTTAG_Case_909	438_CAGCACGAGATGTTAG	TRUE	TRUE
CAGCACGAGGCGAAGG_Case_909	438_CAGCACGAGGCGAAGG	TRUE	TRUE
CAGCACGCATCTGTTT_Case_909	438_CAGCACGCATCTGTTT	TRUE	TRUE
CAGCACGCATTGGATC_Case_909	438_CAGCACGCATTGGATC	TRUE	TRUE
CAGCACGGTTTACCAG_Case_909	438_CAGCACGGTTTACCAG	TRUE	TRUE
CAGCACGTCACTCTTA_Case_909	438_CAGCACGTCACTCTTA	TRUE	TRUE
CAGCAGCAGACGACGT_Case_909	438_CAGCAGCAGACGACGT	TRUE	TRUE
CAGCAGCAGATCACCT_Case_909	438_CAGCAGCAGATCACCT	TRUE	TRUE
CAGCAGCCACCTGAAT_Case_909	438_CAGCAGCCACCTGAAT	TRUE	TRUE
CAGCAGCGTGACAACG_Case_909	438_CAGCAGCGTGACAACG	TRUE	TRUE
CAGCCAGAGCAGAAAG_Case_909	438_CAGCCAGAGCAGAAAG	TRUE	TRUE
CAGCCAGCACGCAAAG_Case_909	438_CAGCCAGCACGCAAAG	TRUE	TRUE
CAGCCAGGTGTTCCAA_Case_909	438_CAGCCAGGTGTTCCAA	TRUE	TRUE
CAGCCAGTCTGTTCAT_Case_909	438_CAGCCAGTCTGTTCAT	TRUE	TRUE
CAGCGTGAGTCAGCGA_Case_909	438_CAGCGTGAGTCAGCGA	TRUE	TRUE
CAGCGTGCATGGAAGC_Case_909	438_CAGCGTGCATGGAAGC	TRUE	TRUE
CAGCGTGGTGCTCGTG_Case_909	438_CAGCGTGGTGCTCGTG	TRUE	TRUE
CAGGCCAAGTTAGTAG_Case_909	438_CAGGCCAAGTTAGTAG	TRUE	TRUE
CAGGCCAAGTTCAACC_Case_909	438_CAGGCCAAGTTCAACC	TRUE	TRUE
CAGGCCATCTGTTCAT_Case_909	438_CAGGCCATCTGTTCAT	TRUE	TRUE
CAGGGCTAGACATACA_Case_909	438_CAGGGCTAGACATACA	TRUE	TRUE
CAGGGCTTCGAGATAA_Case_909	438_CAGGGCTTCGAGATAA	TRUE	TRUE
CAGGTATAGAAGCGAA_Case_909	438_CAGGTATAGAAGCGAA	TRUE	TRUE
CAGGTATGTACCCGAC_Case_909	438_CAGGTATGTACCCGAC	TRUE	TRUE
CAGGTATGTTCCACAA_Case_909	438_CAGGTATGTTCCACAA	TRUE	TRUE
CAGGTATTCCATCAGA_Case_909	438_CAGGTATTCCATCAGA	TRUE	TRUE
CAGTGCGAGCACTGGA_Case_909	438_CAGTGCGAGCACTGGA	TRUE	TRUE
CAGTGCGCAACAAGTA_Case_909	438_CAGTGCGCAACAAGTA	TRUE	TRUE
CAGTGCGCACATGTTG_Case_909	438_CAGTGCGCACATGTTG	TRUE	TRUE
CAGTGCGCAGCGTGAA_Case_909	438_CAGTGCGCAGCGTGAA	TRUE	TRUE
CAGTGCGTCGCTTGAA_Case_909	438_CAGTGCGTCGCTTGAA	TRUE	TRUE
CAGTTAGAGAATTCAG_Case_909	438_CAGTTAGAGAATTCAG	TRUE	TRUE
CAGTTAGAGTATGAAC_Case_909	438_CAGTTAGAGTATGAAC	TRUE	TRUE
CAGTTAGCAAGGTCAG_Case_909	438_CAGTTAGCAAGGTCAG	TRUE	TRUE
CAGTTAGTCATAGAGA_Case_909	438_CAGTTAGTCATAGAGA	TRUE	TRUE
CAGTTCCAGTCTTGGT_Case_909	438_CAGTTCCAGTCTTGGT	TRUE	TRUE
CAGTTCCCAAGCTCTA_Case_909	438_CAGTTCCCAAGCTCTA	TRUE	TRUE
CAGTTCCCACGCGCTA_Case_909	438_CAGTTCCCACGCGCTA	TRUE	TRUE
CAGTTCCTCTATCCAT_Case_909	438_CAGTTCCTCTATCCAT	TRUE	TRUE
CATAAGCCAATGACCT_Case_909	438_CATAAGCCAATGACCT	TRUE	TRUE
CATAAGCTCGTTCTGC_Case_909	438_CATAAGCTCGTTCTGC	TRUE	TRUE
CATACAGCAGTCGAGA_Case_909	438_CATACAGCAGTCGAGA	TRUE	TRUE
CATACAGCATCCGAAT_Case_909	438_CATACAGCATCCGAAT	TRUE	TRUE
CATACAGTCGGCTTCT_Case_909	438_CATACAGTCGGCTTCT	TRUE	TRUE
CATACCCCAACCTAAC_Case_909	438_CATACCCCAACCTAAC	TRUE	TRUE
CATACCCCACTTCATT_Case_909	438_CATACCCCACTTCATT	TRUE	TRUE
CATACCCGTATGGAAT_Case_909	438_CATACCCGTATGGAAT	TRUE	TRUE
CATACCCTCAGCTTGA_Case_909	438_CATACCCTCAGCTTGA	TRUE	TRUE
CATACTTCACTAGTAC_Case_909	438_CATACTTCACTAGTAC	TRUE	TRUE
CATACTTCAGGGACTA_Case_909	438_CATACTTCAGGGACTA	TRUE	TRUE
CATACTTGTGAGATAT_Case_909	438_CATACTTGTGAGATAT	TRUE	TRUE
CATAGACAGACTTGTC_Case_909	438_CATAGACAGACTTGTC	TRUE	TRUE
CATAGACCATTGCTTT_Case_909	438_CATAGACCATTGCTTT	TRUE	TRUE
CATAGACGTGTCTTAG_Case_909	438_CATAGACGTGTCTTAG	TRUE	TRUE
CATAGACGTTGCTGAT_Case_909	438_CATAGACGTTGCTGAT	TRUE	TRUE
CATAGACTCCAGTGTA_Case_909	438_CATAGACTCCAGTGTA	TRUE	TRUE
CATCAAGAGATACATG_Case_909	438_CATCAAGAGATACATG	TRUE	TRUE
CATCAAGCACTGCGTG_Case_909	438_CATCAAGCACTGCGTG	TRUE	TRUE
CATCCACCACGAGAAC_Case_909	438_CATCCACCACGAGAAC	TRUE	TRUE
CATCCACCAGAGTCAG_Case_909	438_CATCCACCAGAGTCAG	TRUE	TRUE
CATCCACGTGGTCCCA_Case_909	438_CATCCACGTGGTCCCA	TRUE	TRUE
CATCCACTCAGTGTCA_Case_909	438_CATCCACTCAGTGTCA	TRUE	TRUE
CATCCACTCGCTATTT_Case_909	438_CATCCACTCGCTATTT	TRUE	TRUE
CATCCCAGTGCCTTCT_Case_909	438_CATCCCAGTGCCTTCT	TRUE	TRUE
CATCCGTCACCATAAC_Case_909	438_CATCCGTCACCATAAC	TRUE	TRUE
CATCCGTCACGTAACT_Case_909	438_CATCCGTCACGTAACT	TRUE	TRUE
CATCCGTGTACAGAAT_Case_909	438_CATCCGTGTACAGAAT	TRUE	TRUE
CATCCGTGTCACAGTT_Case_909	438_CATCCGTGTCACAGTT	TRUE	TRUE
CATCCGTTCCGTAATG_Case_909	438_CATCCGTTCCGTAATG	TRUE	TRUE
CATCGCTAGCTGACTT_Case_909	438_CATCGCTAGCTGACTT	TRUE	TRUE
CATCGCTTCCAAGAGG_Case_909	438_CATCGCTTCCAAGAGG	TRUE	TRUE
CATCGCTTCGATACGT_Case_909	438_CATCGCTTCGATACGT	TRUE	TRUE
CATCGCTTCTGTCGTC_Case_909	438_CATCGCTTCTGTCGTC	TRUE	TRUE
CATCGGGAGTACCGGA_Case_909	438_CATCGGGAGTACCGGA	TRUE	TRUE
CATCGTCAGCGAGGAG_Case_909	438_CATCGTCAGCGAGGAG	TRUE	TRUE
CATCGTCCAGGGAGAG_Case_909	438_CATCGTCCAGGGAGAG	TRUE	TRUE
CATCGTCGTCTCACAA_Case_909	438_CATCGTCGTCTCACAA	TRUE	TRUE
CATCGTCTCGATACTG_Case_909	438_CATCGTCTCGATACTG	TRUE	TRUE
CATCGTCTCGGCTCTT_Case_909	438_CATCGTCTCGGCTCTT	TRUE	TRUE
CATGAGTAGCGTATGG_Case_909	438_CATGAGTAGCGTATGG	TRUE	TRUE
CATGCAACACATTACG_Case_909	438_CATGCAACACATTACG	TRUE	TRUE
CATGCAAGTTTCACTT_Case_909	438_CATGCAAGTTTCACTT	TRUE	TRUE
CATGCAATCGCACGAC_Case_909	438_CATGCAATCGCACGAC	TRUE	TRUE
CATGCCTCAAATGGAT_Case_909	438_CATGCCTCAAATGGAT	TRUE	TRUE
CATGCCTCAAGCCCAC_Case_909	438_CATGCCTCAAGCCCAC	TRUE	TRUE
CATGCCTCATCCGAGC_Case_909	438_CATGCCTCATCCGAGC	TRUE	TRUE
CATGCCTGTCTACAGT_Case_909	438_CATGCCTGTCTACAGT	TRUE	TRUE
CATGCCTGTGATCGTT_Case_909	438_CATGCCTGTGATCGTT	TRUE	TRUE
CATGCGGAGTTAACGA_Case_909	438_CATGCGGAGTTAACGA	TRUE	TRUE
CATGCTCCACAGTCGC_Case_909	438_CATGCTCCACAGTCGC	TRUE	TRUE
CATGGATAGATCCGAG_Case_909	438_CATGGATAGATCCGAG	TRUE	TRUE
CATGGATCATCGCTGG_Case_909	438_CATGGATCATCGCTGG	TRUE	TRUE
CATGGATTCATTACTC_Case_909	438_CATGGATTCATTACTC	TRUE	TRUE
CATGGTACAAAGGAGA_Case_909	438_CATGGTACAAAGGAGA	TRUE	TRUE
CATGGTACACACCGAC_Case_909	438_CATGGTACACACCGAC	TRUE	TRUE
CATGGTACACCCAATA_Case_909	438_CATGGTACACCCAATA	TRUE	TRUE
CATGGTAGTTGATCGT_Case_909	438_CATGGTAGTTGATCGT	TRUE	TRUE
CATGGTATCAAGGCTT_Case_909	438_CATGGTATCAAGGCTT	TRUE	TRUE
CATGGTATCTTACCAT_Case_909	438_CATGGTATCTTACCAT	TRUE	TRUE
CATTCATAGGCTCTCG_Case_909	438_CATTCATAGGCTCTCG	TRUE	TRUE
CATTCATGTTGACTGT_Case_909	438_CATTCATGTTGACTGT	TRUE	TRUE
CATTCCGAGCCACTCG_Case_909	438_CATTCCGAGCCACTCG	TRUE	TRUE
CATTCCGAGTAAACAC_Case_909	438_CATTCCGAGTAAACAC	TRUE	TRUE
CATTCCGCACTCCGAG_Case_909	438_CATTCCGCACTCCGAG	TRUE	TRUE
CATTCCGCATGCTGCG_Case_909	438_CATTCCGCATGCTGCG	TRUE	TRUE
CATTCCGGTTCATCGA_Case_909	438_CATTCCGGTTCATCGA	TRUE	TRUE
CATTCTAAGACCAGAC_Case_909	438_CATTCTAAGACCAGAC	TRUE	TRUE
CATTCTAAGCGCCTCA_Case_909	438_CATTCTAAGCGCCTCA	TRUE	TRUE
CATTCTAAGGTGAGAA_Case_909	438_CATTCTAAGGTGAGAA	TRUE	TRUE
CATTCTAGTAGCGAGT_Case_909	438_CATTCTAGTAGCGAGT	TRUE	TRUE
CATTCTATCGCTACAA_Case_909	438_CATTCTATCGCTACAA	TRUE	TRUE
CATTGAGAGGTGAGCT_Case_909	438_CATTGAGAGGTGAGCT	TRUE	TRUE
CATTGAGGTAGTTCCA_Case_909	438_CATTGAGGTAGTTCCA	TRUE	TRUE
CATTGAGTCAGACCGC_Case_909	438_CATTGAGTCAGACCGC	TRUE	TRUE
CATTGAGTCATGCTAG_Case_909	438_CATTGAGTCATGCTAG	TRUE	TRUE
CATTGAGTCTGCAGCG_Case_909	438_CATTGAGTCTGCAGCG	TRUE	TRUE
CATTGAGTCTGGGATT_Case_909	438_CATTGAGTCTGGGATT	TRUE	TRUE
CATTGCCAGCACGGAT_Case_909	438_CATTGCCAGCACGGAT	TRUE	TRUE
CATTGCCAGTATGGCG_Case_909	438_CATTGCCAGTATGGCG	TRUE	TRUE
CATTGCCCAAGTATCC_Case_909	438_CATTGCCCAAGTATCC	TRUE	TRUE
CATTGCCCACACACTA_Case_909	438_CATTGCCCACACACTA	TRUE	TRUE
CATTGCCGTGATTGGG_Case_909	438_CATTGCCGTGATTGGG	TRUE	TRUE
CATTGCCTCGAGCACC_Case_909	438_CATTGCCTCGAGCACC	TRUE	TRUE
CATTGTTAGGCCACCT_Case_909	438_CATTGTTAGGCCACCT	TRUE	TRUE
CATTGTTGTAGCGCCT_Case_909	438_CATTGTTGTAGCGCCT	TRUE	TRUE
CATTGTTGTGATGTAA_Case_909	438_CATTGTTGTGATGTAA	TRUE	TRUE
CATTGTTGTGGCTGAA_Case_909	438_CATTGTTGTGGCTGAA	TRUE	TRUE
CATTGTTGTGGTCTAT_Case_909	438_CATTGTTGTGGTCTAT	TRUE	TRUE
CATTGTTGTTACCGTA_Case_909	438_CATTGTTGTTACCGTA	TRUE	TRUE
CATTGTTTCGAGCCAC_Case_909	438_CATTGTTTCGAGCCAC	TRUE	TRUE
CATTGTTTCGGCTTGG_Case_909	438_CATTGTTTCGGCTTGG	TRUE	TRUE
CATTTCAAGAATTGTG_Case_909	438_CATTTCAAGAATTGTG	TRUE	TRUE
CATTTCACACTATCCC_Case_909	438_CATTTCACACTATCCC	TRUE	TRUE
CATTTCACAGAACATA_Case_909	438_CATTTCACAGAACATA	TRUE	TRUE
CATTTCAGTTTACCTT_Case_909	438_CATTTCAGTTTACCTT	TRUE	TRUE
CATTTCATCTTGAACG_Case_909	438_CATTTCATCTTGAACG	TRUE	TRUE
CCAAGCGAGGAACGTC_Case_909	438_CCAAGCGAGGAACGTC	TRUE	TRUE
CCAAGCGAGGCAGGGA_Case_909	438_CCAAGCGAGGCAGGGA	TRUE	TRUE
CCAATGAAGATTGATG_Case_909	438_CCAATGAAGATTGATG	TRUE	TRUE
CCAATGACAGACATCT_Case_909	438_CCAATGACAGACATCT	TRUE	TRUE
CCAATGAGTATCCTCC_Case_909	438_CCAATGAGTATCCTCC	TRUE	TRUE
CCAATGATCGCTCATC_Case_909	438_CCAATGATCGCTCATC	TRUE	TRUE
CCAATTTCAAATCGGG_Case_909	438_CCAATTTCAAATCGGG	TRUE	TRUE
CCAATTTTCGACTCCT_Case_909	438_CCAATTTTCGACTCCT	TRUE	TRUE
CCAATTTTCGTAACCA_Case_909	438_CCAATTTTCGTAACCA	TRUE	TRUE
CCACAAAAGACGATAT_Case_909	438_CCACAAAAGACGATAT	TRUE	TRUE
CCACAAACATTGACCA_Case_909	438_CCACAAACATTGACCA	TRUE	TRUE
CCACAAAGTATTTCCT_Case_909	438_CCACAAAGTATTTCCT	TRUE	TRUE
CCACACTAGTAACCTC_Case_909	438_CCACACTAGTAACCTC	TRUE	TRUE
CCACACTCAGAGCCCT_Case_909	438_CCACACTCAGAGCCCT	TRUE	TRUE
CCACACTCAGCGCGTT_Case_909	438_CCACACTCAGCGCGTT	TRUE	TRUE
CCACACTCAGTTGAAA_Case_909	438_CCACACTCAGTTGAAA	TRUE	TRUE
CCACACTGTATGAGAT_Case_909	438_CCACACTGTATGAGAT	TRUE	TRUE
CCACACTGTATGGGAC_Case_909	438_CCACACTGTATGGGAC	TRUE	TRUE
CCACACTTCTTAGCTT_Case_909	438_CCACACTTCTTAGCTT	TRUE	TRUE
CCACCATAGGCATCGA_Case_909	438_CCACCATAGGCATCGA	TRUE	TRUE
CCACCATGTTACCCAA_Case_909	438_CCACCATGTTACCCAA	TRUE	TRUE
CCACCATTCACGATCA_Case_909	438_CCACCATTCACGATCA	TRUE	TRUE
CCACCATTCCGTGTCT_Case_909	438_CCACCATTCCGTGTCT	TRUE	TRUE
CCACCATTCGTTGCCT_Case_909	438_CCACCATTCGTTGCCT	TRUE	TRUE
CCACCATTCTGGGATT_Case_909	438_CCACCATTCTGGGATT	TRUE	TRUE
CCACGTTCACAGAAGC_Case_909	438_CCACGTTCACAGAAGC	TRUE	TRUE
CCACGTTCAGCAGTAG_Case_909	438_CCACGTTCAGCAGTAG	TRUE	TRUE
CCACGTTGTCACAGAG_Case_909	438_CCACGTTGTCACAGAG	TRUE	TRUE
CCACGTTGTCGACTGC_Case_909	438_CCACGTTGTCGACTGC	TRUE	TRUE
CCACGTTGTTGATGTC_Case_909	438_CCACGTTGTTGATGTC	TRUE	TRUE
CCACTTGAGCTCAGAG_Case_909	438_CCACTTGAGCTCAGAG	TRUE	TRUE
CCACTTGCAAGAGTTA_Case_909	438_CCACTTGCAAGAGTTA	TRUE	TRUE
CCATCACTCTTTACAC_Case_909	438_CCATCACTCTTTACAC	TRUE	TRUE
CCCAACTAGCGATGAC_Case_909	438_CCCAACTAGCGATGAC	TRUE	TRUE
CCCATTGAGAGTCAAT_Case_909	438_CCCATTGAGAGTCAAT	TRUE	TRUE
CCCATTGAGCGCCGTT_Case_909	438_CCCATTGAGCGCCGTT	TRUE	TRUE
CCCATTGCAACTCCCT_Case_909	438_CCCATTGCAACTCCCT	TRUE	TRUE
CCCATTGCAGGCTCTG_Case_909	438_CCCATTGCAGGCTCTG	TRUE	TRUE
CCCATTGGTGATGTAA_Case_909	438_CCCATTGGTGATGTAA	TRUE	TRUE
CCCATTGTCTCGAACA_Case_909	438_CCCATTGTCTCGAACA	TRUE	TRUE
CCCGAAGAGTACCATC_Case_909	438_CCCGAAGAGTACCATC	TRUE	TRUE
CCCGAAGCAACCAGAG_Case_909	438_CCCGAAGCAACCAGAG	TRUE	TRUE
CCCGGAAAGATTTGCC_Case_909	438_CCCGGAAAGATTTGCC	TRUE	TRUE
CCCGGAATCGGCATAT_Case_909	438_CCCGGAATCGGCATAT	TRUE	TRUE
CCCTAACAGCGTGCTC_Case_909	438_CCCTAACAGCGTGCTC	TRUE	TRUE
CCCTAACAGGAGAATG_Case_909	438_CCCTAACAGGAGAATG	TRUE	TRUE
CCCTAACGTTCGGTTA_Case_909	438_CCCTAACGTTCGGTTA	TRUE	TRUE
CCCTAACGTTTCTATC_Case_909	438_CCCTAACGTTTCTATC	TRUE	TRUE
CCCTAACTCACCCATC_Case_909	438_CCCTAACTCACCCATC	TRUE	TRUE
CCCTCAAAGACTCCGC_Case_909	438_CCCTCAAAGACTCCGC	TRUE	TRUE
CCCTCAAAGAGAGGTA_Case_909	438_CCCTCAAAGAGAGGTA	TRUE	TRUE
CCCTCAAAGTTCATCG_Case_909	438_CCCTCAAAGTTCATCG	TRUE	TRUE
CCCTCAAGTGCAACGA_Case_909	438_CCCTCAAGTGCAACGA	TRUE	TRUE
CCCTCAATCGGCTGTG_Case_909	438_CCCTCAATCGGCTGTG	TRUE	TRUE
CCCTCTCCAACCGATT_Case_909	438_CCCTCTCCAACCGATT	TRUE	TRUE
CCCTCTCGTTATAGCC_Case_909	438_CCCTCTCGTTATAGCC	TRUE	TRUE
CCCTCTCGTTCTCCAC_Case_909	438_CCCTCTCGTTCTCCAC	TRUE	TRUE
CCCTCTCTCCACGTGG_Case_909	438_CCCTCTCTCCACGTGG	TRUE	TRUE
CCCTGATGTCAACACT_Case_909	438_CCCTGATGTCAACACT	TRUE	TRUE
CCCTGATTCCACTAGA_Case_909	438_CCCTGATTCCACTAGA	TRUE	TRUE
CCCTTAGAGATAGCAT_Case_909	438_CCCTTAGAGATAGCAT	TRUE	TRUE
CCCTTAGAGCGTTCAT_Case_909	438_CCCTTAGAGCGTTCAT	TRUE	TRUE
CCCTTAGTCGTTCCCA_Case_909	438_CCCTTAGTCGTTCCCA	TRUE	TRUE
CCGAACGAGGCATGCA_Case_909	438_CCGAACGAGGCATGCA	TRUE	TRUE
CCGAACGCAGCGGTCT_Case_909	438_CCGAACGCAGCGGTCT	TRUE	TRUE
CCGATCTAGGATTTAG_Case_909	438_CCGATCTAGGATTTAG	TRUE	TRUE
CCGATCTGTCTCCCTA_Case_909	438_CCGATCTGTCTCCCTA	TRUE	TRUE
CCGATCTGTGCATCTA_Case_909	438_CCGATCTGTGCATCTA	TRUE	TRUE
CCGATCTTCGCTCTAC_Case_909	438_CCGATCTTCGCTCTAC	TRUE	TRUE
CCGCAAGCAATACGCT_Case_909	438_CCGCAAGCAATACGCT	TRUE	TRUE
CCGCAAGTCTCCATAT_Case_909	438_CCGCAAGTCTCCATAT	TRUE	TRUE
CCGGACAAGGCAGCTA_Case_909	438_CCGGACAAGGCAGCTA	TRUE	TRUE
CCGGACACAAGGATGC_Case_909	438_CCGGACACAAGGATGC	TRUE	TRUE
CCGGGTAAGACCAAGC_Case_909	438_CCGGGTAAGACCAAGC	TRUE	TRUE
CCGGGTACAGACTGCC_Case_909	438_CCGGGTACAGACTGCC	TRUE	TRUE
CCGGGTACATTGCAAC_Case_909	438_CCGGGTACATTGCAAC	TRUE	TRUE
CCGGGTAGTCGCGGTT_Case_909	438_CCGGGTAGTCGCGGTT	TRUE	TRUE
CCGGTAGCAAACCACT_Case_909	438_CCGGTAGCAAACCACT	TRUE	TRUE
CCGGTAGCAACTCCAA_Case_909	438_CCGGTAGCAACTCCAA	TRUE	TRUE
CCGGTAGCAATTTCTC_Case_909	438_CCGGTAGCAATTTCTC	TRUE	TRUE
CCGGTAGCACAAGTGG_Case_909	438_CCGGTAGCACAAGTGG	TRUE	TRUE
CCGGTAGGTCATAACC_Case_909	438_CCGGTAGGTCATAACC	TRUE	TRUE
CCGGTAGTCTGTAACG_Case_909	438_CCGGTAGTCTGTAACG	TRUE	TRUE
CCGGTGAAGAGAGAAC_Case_909	438_CCGGTGAAGAGAGAAC	TRUE	TRUE
CCGGTGAAGCCACCGT_Case_909	438_CCGGTGAAGCCACCGT	TRUE	TRUE
CCGGTGACATGGCTAT_Case_909	438_CCGGTGACATGGCTAT	TRUE	TRUE
CCGGTGATCATCGCCT_Case_909	438_CCGGTGATCATCGCCT	TRUE	TRUE
CCGGTGATCCGAAGGA_Case_909	438_CCGGTGATCCGAAGGA	TRUE	TRUE
CCGTAGGAGCCGTTAT_Case_909	438_CCGTAGGAGCCGTTAT	TRUE	TRUE
CCGTAGGAGTGATAAC_Case_909	438_CCGTAGGAGTGATAAC	TRUE	TRUE
CCGTAGGAGTTGGAGC_Case_909	438_CCGTAGGAGTTGGAGC	TRUE	TRUE
CCGTAGGCAGAAATCA_Case_909	438_CCGTAGGCAGAAATCA	TRUE	TRUE
CCGTGAGAGACTTCGT_Case_909	438_CCGTGAGAGACTTCGT	TRUE	TRUE
CCGTGAGTCCAACACA_Case_909	438_CCGTGAGTCCAACACA	TRUE	TRUE
CCGTTCACATCTGGGC_Case_909	438_CCGTTCACATCTGGGC	TRUE	TRUE
CCGTTCAGTTGCATCA_Case_909	438_CCGTTCAGTTGCATCA	TRUE	TRUE
CCGTTCAGTTTAAGGA_Case_909	438_CCGTTCAGTTTAAGGA	TRUE	TRUE
CCTAACCCAGGACGAT_Case_909	438_CCTAACCCAGGACGAT	TRUE	TRUE
CCTAACCTCTAGTACG_Case_909	438_CCTAACCTCTAGTACG	TRUE	TRUE
CCTAAGACAAATACAG_Case_909	438_CCTAAGACAAATACAG	TRUE	TRUE
CCTAAGAGTATCCCTC_Case_909	438_CCTAAGAGTATCCCTC	TRUE	TRUE
CCTAAGATCCAAGCCG_Case_909	438_CCTAAGATCCAAGCCG	TRUE	TRUE
CCTACGTAGCGAGTAC_Case_909	438_CCTACGTAGCGAGTAC	TRUE	TRUE
CCTACGTCAAGGTCAG_Case_909	438_CCTACGTCAAGGTCAG	TRUE	TRUE
CCTACGTCACACAGAG_Case_909	438_CCTACGTCACACAGAG	TRUE	TRUE
CCTACGTCAGCACAGA_Case_909	438_CCTACGTCAGCACAGA	TRUE	TRUE
CCTACGTGTGGTCTGC_Case_909	438_CCTACGTGTGGTCTGC	TRUE	TRUE
CCTACGTGTTCCGCGA_Case_909	438_CCTACGTGTTCCGCGA	TRUE	TRUE
CCTACGTTCATAGCAC_Case_909	438_CCTACGTTCATAGCAC	TRUE	TRUE
CCTACGTTCCTTTAGT_Case_909	438_CCTACGTTCCTTTAGT	TRUE	TRUE
CCTACGTTCTACACAG_Case_909	438_CCTACGTTCTACACAG	TRUE	TRUE
CCTATCGCACCACATA_Case_909	438_CCTATCGCACCACATA	TRUE	TRUE
CCTATCGGTCCTTGTC_Case_909	438_CCTATCGGTCCTTGTC	TRUE	TRUE
CCTATCGTCAACGTGT_Case_909	438_CCTATCGTCAACGTGT	TRUE	TRUE
CCTCAACCACGGCACT_Case_909	438_CCTCAACCACGGCACT	TRUE	TRUE
CCTCAACGTACTGACT_Case_909	438_CCTCAACGTACTGACT	TRUE	TRUE
CCTCAACGTTCGTGCG_Case_909	438_CCTCAACGTTCGTGCG	TRUE	TRUE
CCTCAACTCCACAGCG_Case_909	438_CCTCAACTCCACAGCG	TRUE	TRUE
CCTCAACTCTCCACTG_Case_909	438_CCTCAACTCTCCACTG	TRUE	TRUE
CCTCACACAAGCGAAC_Case_909	438_CCTCACACAAGCGAAC	TRUE	TRUE
CCTCACACACCAAATC_Case_909	438_CCTCACACACCAAATC	TRUE	TRUE
CCTCACACATCTAACG_Case_909	438_CCTCACACATCTAACG	TRUE	TRUE
CCTCACACATTGAGCT_Case_909	438_CCTCACACATTGAGCT	TRUE	TRUE
CCTCACAGTACCAATC_Case_909	438_CCTCACAGTACCAATC	TRUE	TRUE
CCTCACAGTCGAGCAA_Case_909	438_CCTCACAGTCGAGCAA	TRUE	TRUE
CCTCACAGTGAGATCG_Case_909	438_CCTCACAGTGAGATCG	TRUE	TRUE
CCTCACATCCACAAGT_Case_909	438_CCTCACATCCACAAGT	TRUE	TRUE
CCTCACATCCATTTCA_Case_909	438_CCTCACATCCATTTCA	TRUE	TRUE
CCTCACATCTGTCAGA_Case_909	438_CCTCACATCTGTCAGA	TRUE	TRUE
CCTCATGAGCGATTCT_Case_909	438_CCTCATGAGCGATTCT	TRUE	TRUE
CCTCATGAGGTCGAGT_Case_909	438_CCTCATGAGGTCGAGT	TRUE	TRUE
CCTCATGGTGCGGATA_Case_909	438_CCTCATGGTGCGGATA	TRUE	TRUE
CCTCATGTCAGATTGC_Case_909	438_CCTCATGTCAGATTGC	TRUE	TRUE
CCTCCAATCGCTGTCT_Case_909	438_CCTCCAATCGCTGTCT	TRUE	TRUE
CCTCCTCCAACAGCCC_Case_909	438_CCTCCTCCAACAGCCC	TRUE	TRUE
CCTCCTCGTCCACACG_Case_909	438_CCTCCTCGTCCACACG	TRUE	TRUE
CCTCCTCGTCCTGTTC_Case_909	438_CCTCCTCGTCCTGTTC	TRUE	TRUE
CCTCCTCGTGCTCTCT_Case_909	438_CCTCCTCGTGCTCTCT	TRUE	TRUE
CCTCCTCGTTAACAGA_Case_909	438_CCTCCTCGTTAACAGA	TRUE	TRUE
CCTCCTCTCTTTGCTA_Case_909	438_CCTCCTCTCTTTGCTA	TRUE	TRUE
CCTCTAGAGAGACAAG_Case_909	438_CCTCTAGAGAGACAAG	TRUE	TRUE
CCTCTAGAGGCTCCCA_Case_909	438_CCTCTAGAGGCTCCCA	TRUE	TRUE
CCTCTAGCAAGACTGG_Case_909	438_CCTCTAGCAAGACTGG	TRUE	TRUE
CCTCTAGCAGGCACTC_Case_909	438_CCTCTAGCAGGCACTC	TRUE	TRUE
CCTCTCCGTCCTACGG_Case_909	438_CCTCTCCGTCCTACGG	TRUE	TRUE
CCTCTCCGTCGTGGTC_Case_909	438_CCTCTCCGTCGTGGTC	TRUE	TRUE
CCTCTCCGTGCATGAG_Case_909	438_CCTCTCCGTGCATGAG	TRUE	TRUE
CCTCTCCTCATGGATC_Case_909	438_CCTCTCCTCATGGATC	TRUE	TRUE
CCTGCATGTCACGCTG_Case_909	438_CCTGCATGTCACGCTG	TRUE	TRUE
CCTGCATGTTAATCGC_Case_909	438_CCTGCATGTTAATCGC	TRUE	TRUE
CCTGCATTCTAGTGAC_Case_909	438_CCTGCATTCTAGTGAC	TRUE	TRUE
CCTGCATTCTGCGGGT_Case_909	438_CCTGCATTCTGCGGGT	TRUE	TRUE
CCTGTTGAGACCTCAT_Case_909	438_CCTGTTGAGACCTCAT	TRUE	TRUE
CCTGTTGAGTCTTCGA_Case_909	438_CCTGTTGAGTCTTCGA	TRUE	TRUE
CCTGTTGCACGTACAT_Case_909	438_CCTGTTGCACGTACAT	TRUE	TRUE
CCTGTTGTCCGACAGC_Case_909	438_CCTGTTGTCCGACAGC	TRUE	TRUE
CCTTCAGAGACATAGT_Case_909	438_CCTTCAGAGACATAGT	TRUE	TRUE
CCTTCAGGTCCGCAGT_Case_909	438_CCTTCAGGTCCGCAGT	TRUE	TRUE
CCTTGTGCATTGACCA_Case_909	438_CCTTGTGCATTGACCA	TRUE	TRUE
CCTTGTGGTCTAGGCC_Case_909	438_CCTTGTGGTCTAGGCC	TRUE	TRUE
CCTTGTGTCGGTCGAC_Case_909	438_CCTTGTGTCGGTCGAC	TRUE	TRUE
CCTTTGGAGCGCACAA_Case_909	438_CCTTTGGAGCGCACAA	TRUE	TRUE
CCTTTGGAGGTTGTTC_Case_909	438_CCTTTGGAGGTTGTTC	TRUE	TRUE
CCTTTGGTCTGATTCT_Case_909	438_CCTTTGGTCTGATTCT	TRUE	TRUE
CCTTTGGTCTGCTCTG_Case_909	438_CCTTTGGTCTGCTCTG	TRUE	TRUE
CGAAGGACAAGAGCTG_Case_909	438_CGAAGGACAAGAGCTG	TRUE	TRUE
CGAAGTTCACGTACTA_Case_909	438_CGAAGTTCACGTACTA	TRUE	TRUE
CGAATTGAGGAAACGA_Case_909	438_CGAATTGAGGAAACGA	TRUE	TRUE
CGAATTGCAGGATCTT_Case_909	438_CGAATTGCAGGATCTT	TRUE	TRUE
CGAATTGGTGCATACT_Case_909	438_CGAATTGGTGCATACT	TRUE	TRUE
CGAATTGTCGGAATGG_Case_909	438_CGAATTGTCGGAATGG	TRUE	TRUE
CGACAGCCAACGTTAC_Case_909	438_CGACAGCCAACGTTAC	TRUE	TRUE
CGACAGCGTCAAACGG_Case_909	438_CGACAGCGTCAAACGG	TRUE	TRUE
CGACAGCTCCTGATAG_Case_909	438_CGACAGCTCCTGATAG	TRUE	TRUE
CGAGAAGTCGTTCATT_Case_909	438_CGAGAAGTCGTTCATT	TRUE	TRUE
CGAGGAAAGCGTGTCC_Case_909	438_CGAGGAAAGCGTGTCC	TRUE	TRUE
CGAGGAAGTCCTGGGT_Case_909	438_CGAGGAAGTCCTGGGT	TRUE	TRUE
CGAGGAAGTCGCTTAA_Case_909	438_CGAGGAAGTCGCTTAA	TRUE	TRUE
CGAGGAATCCGATAAC_Case_909	438_CGAGGAATCCGATAAC	TRUE	TRUE
CGAGGCTCAGACCTAT_Case_909	438_CGAGGCTCAGACCTAT	TRUE	TRUE
CGAGGCTCATACAGCT_Case_909	438_CGAGGCTCATACAGCT	TRUE	TRUE
CGAGGCTGTTGTCATG_Case_909	438_CGAGGCTGTTGTCATG	TRUE	TRUE
CGAGGCTTCTGACCCT_Case_909	438_CGAGGCTTCTGACCCT	TRUE	TRUE
CGAGTGCAGACATGCG_Case_909	438_CGAGTGCAGACATGCG	TRUE	TRUE
CGAGTGCCAGCGTGAA_Case_909	438_CGAGTGCCAGCGTGAA	TRUE	TRUE
CGAGTGCGTGCACGCT_Case_909	438_CGAGTGCGTGCACGCT	TRUE	TRUE
CGAGTGCTCCCTCATG_Case_909	438_CGAGTGCTCCCTCATG	TRUE	TRUE
CGAGTGCTCGTGCACG_Case_909	438_CGAGTGCTCGTGCACG	TRUE	TRUE
CGAGTTACATGAAGCG_Case_909	438_CGAGTTACATGAAGCG	TRUE	TRUE
CGAGTTAGTCAGTCTA_Case_909	438_CGAGTTAGTCAGTCTA	TRUE	TRUE
CGAGTTAGTCTTGAGT_Case_909	438_CGAGTTAGTCTTGAGT	TRUE	TRUE
CGATCGGGTGTGTCCG_Case_909	438_CGATCGGGTGTGTCCG	TRUE	TRUE
CGATCGGGTTGTAAAG_Case_909	438_CGATCGGGTTGTAAAG	TRUE	TRUE
CGATCGGTCAACCCGG_Case_909	438_CGATCGGTCAACCCGG	TRUE	TRUE
CGATGCGCAACCGCTG_Case_909	438_CGATGCGCAACCGCTG	TRUE	TRUE
CGATGCGGTGGCAGAT_Case_909	438_CGATGCGGTGGCAGAT	TRUE	TRUE
CGATGGCTCCATCCGT_Case_909	438_CGATGGCTCCATCCGT	TRUE	TRUE
CGCAGGTCACGGGTAA_Case_909	438_CGCAGGTCACGGGTAA	TRUE	TRUE
CGCAGGTCAGGTTCCG_Case_909	438_CGCAGGTCAGGTTCCG	TRUE	TRUE
CGCAGGTGTCAATCTG_Case_909	438_CGCAGGTGTCAATCTG	TRUE	TRUE
CGCAGGTGTGCGAACA_Case_909	438_CGCAGGTGTGCGAACA	TRUE	TRUE
CGCAGGTTCAACTGAC_Case_909	438_CGCAGGTTCAACTGAC	TRUE	TRUE
CGCATAAAGCACTTTG_Case_909	438_CGCATAAAGCACTTTG	TRUE	TRUE
CGCATAACAACTGATC_Case_909	438_CGCATAACAACTGATC	TRUE	TRUE
CGCATAAGTGGTAATA_Case_909	438_CGCATAAGTGGTAATA	TRUE	TRUE
CGCATAAGTTTCGTTT_Case_909	438_CGCATAAGTTTCGTTT	TRUE	TRUE
CGCATAATCAATCAGC_Case_909	438_CGCATAATCAATCAGC	TRUE	TRUE
CGCATGGAGGCTATCT_Case_909	438_CGCATGGAGGCTATCT	TRUE	TRUE
CGCATGGCACAAATCC_Case_909	438_CGCATGGCACAAATCC	TRUE	TRUE
CGCATGGGTATCTCGA_Case_909	438_CGCATGGGTATCTCGA	TRUE	TRUE
CGCATGGGTGTTTACG_Case_909	438_CGCATGGGTGTTTACG	TRUE	TRUE
CGCCAGAAGTATTAGG_Case_909	438_CGCCAGAAGTATTAGG	TRUE	TRUE
CGCCAGAGTCCAGCAC_Case_909	438_CGCCAGAGTCCAGCAC	TRUE	TRUE
CGCCAGATCAGACAAA_Case_909	438_CGCCAGATCAGACAAA	TRUE	TRUE
CGCCAGATCCGTTGGG_Case_909	438_CGCCAGATCCGTTGGG	TRUE	TRUE
CGCCAGATCTTAAGGC_Case_909	438_CGCCAGATCTTAAGGC	TRUE	TRUE
CGCCATTCAATGTGGG_Case_909	438_CGCCATTCAATGTGGG	TRUE	TRUE
CGCCATTGTCCTATAG_Case_909	438_CGCCATTGTCCTATAG	TRUE	TRUE
CGCGTGAAGGACGCAT_Case_909	438_CGCGTGAAGGACGCAT	TRUE	TRUE
CGCGTGAGTATGACAA_Case_909	438_CGCGTGAGTATGACAA	TRUE	TRUE
CGCGTGATCCGACATA_Case_909	438_CGCGTGATCCGACATA	TRUE	TRUE
CGCGTGATCCTCTCGA_Case_909	438_CGCGTGATCCTCTCGA	TRUE	TRUE
CGGAACCAGAATCCCT_Case_909	438_CGGAACCAGAATCCCT	TRUE	TRUE
CGGAACCAGTAGCTCT_Case_909	438_CGGAACCAGTAGCTCT	TRUE	TRUE
CGGAACCCAGCGGTCT_Case_909	438_CGGAACCCAGCGGTCT	TRUE	TRUE
CGGAACCCATAGCACT_Case_909	438_CGGAACCCATAGCACT	TRUE	TRUE
CGGAACCTCCCTCGTA_Case_909	438_CGGAACCTCCCTCGTA	TRUE	TRUE
CGGAATTCAAACACCT_Case_909	438_CGGAATTCAAACACCT	TRUE	TRUE
CGGAATTCAAATAAGC_Case_909	438_CGGAATTCAAATAAGC	TRUE	TRUE
CGGAATTGTGGCGCTT_Case_909	438_CGGAATTGTGGCGCTT	TRUE	TRUE
CGGAATTTCATGCAGT_Case_909	438_CGGAATTTCATGCAGT	TRUE	TRUE
CGGACACCAAACCATC_Case_909	438_CGGACACCAAACCATC	TRUE	TRUE
CGGACACCAGTTCCAA_Case_909	438_CGGACACCAGTTCCAA	TRUE	TRUE
CGGACACCATCGAGCC_Case_909	438_CGGACACCATCGAGCC	TRUE	TRUE
CGGACACGTCGACTTA_Case_909	438_CGGACACGTCGACTTA	TRUE	TRUE
CGGACACGTCGGTGAA_Case_909	438_CGGACACGTCGGTGAA	TRUE	TRUE
CGGACACGTTCGGACC_Case_909	438_CGGACACGTTCGGACC	TRUE	TRUE
CGGACACGTTGCGAAG_Case_909	438_CGGACACGTTGCGAAG	TRUE	TRUE
CGGACACTCGGTCGGT_Case_909	438_CGGACACTCGGTCGGT	TRUE	TRUE
CGGAGAAAGATGGCGT_Case_909	438_CGGAGAAAGATGGCGT	TRUE	TRUE
CGGAGAACAAAGCTAA_Case_909	438_CGGAGAACAAAGCTAA	TRUE	TRUE
CGGAGAACAGCTTCCT_Case_909	438_CGGAGAACAGCTTCCT	TRUE	TRUE
CGGAGAACAGTATTCG_Case_909	438_CGGAGAACAGTATTCG	TRUE	TRUE
CGGAGAAGTATGTCAC_Case_909	438_CGGAGAAGTATGTCAC	TRUE	TRUE
CGGAGAAGTATTGAGA_Case_909	438_CGGAGAAGTATTGAGA	TRUE	TRUE
CGGAGAAGTCCATAGT_Case_909	438_CGGAGAAGTCCATAGT	TRUE	TRUE
CGGAGAAGTTGGACCC_Case_909	438_CGGAGAAGTTGGACCC	TRUE	TRUE
CGGCAGTAGAAACCAT_Case_909	438_CGGCAGTAGAAACCAT	TRUE	TRUE
CGGCAGTAGCACCTGC_Case_909	438_CGGCAGTAGCACCTGC	TRUE	TRUE
CGGCAGTCATTCAGGT_Case_909	438_CGGCAGTCATTCAGGT	TRUE	TRUE
CGGGACTGTCGCTGCA_Case_909	438_CGGGACTGTCGCTGCA	TRUE	TRUE
CGGGACTTCACTCGAA_Case_909	438_CGGGACTTCACTCGAA	TRUE	TRUE
CGGGCATCAGGCATGA_Case_909	438_CGGGCATCAGGCATGA	TRUE	TRUE
CGGGCATCAGTCTGGC_Case_909	438_CGGGCATCAGTCTGGC	TRUE	TRUE
CGGGCATGTACGACTT_Case_909	438_CGGGCATGTACGACTT	TRUE	TRUE
CGGGCATGTTGGGAAC_Case_909	438_CGGGCATGTTGGGAAC	TRUE	TRUE
CGGGTCAAGAAGGATG_Case_909	438_CGGGTCAAGAAGGATG	TRUE	TRUE
CGGGTCACACTAGTAC_Case_909	438_CGGGTCACACTAGTAC	TRUE	TRUE
CGGGTCAGTCCTGTCT_Case_909	438_CGGGTCAGTCCTGTCT	TRUE	TRUE
CGGGTGTAGACGCCAA_Case_909	438_CGGGTGTAGACGCCAA	TRUE	TRUE
CGGGTGTAGTGCGTCC_Case_909	438_CGGGTGTAGTGCGTCC	TRUE	TRUE
CGGTCAGCACCACATA_Case_909	438_CGGTCAGCACCACATA	TRUE	TRUE
CGTAAGTGTTCGGACC_Case_909	438_CGTAAGTGTTCGGACC	TRUE	TRUE
CGTAATGAGGACTGGT_Case_909	438_CGTAATGAGGACTGGT	TRUE	TRUE
CGTAATGCAAGGAGTC_Case_909	438_CGTAATGCAAGGAGTC	TRUE	TRUE
CGTAATGCAATGCAGG_Case_909	438_CGTAATGCAATGCAGG	TRUE	TRUE
CGTAATGGTAAGGCTG_Case_909	438_CGTAATGGTAAGGCTG	TRUE	TRUE
CGTAGTACAAGTTCGT_Case_909	438_CGTAGTACAAGTTCGT	TRUE	TRUE
CGTAGTACACAAGCCC_Case_909	438_CGTAGTACACAAGCCC	TRUE	TRUE
CGTAGTAGTCACTCAA_Case_909	438_CGTAGTAGTCACTCAA	TRUE	TRUE
CGTAGTATCCAAGGGA_Case_909	438_CGTAGTATCCAAGGGA	TRUE	TRUE
CGTAGTATCTGAATGC_Case_909	438_CGTAGTATCTGAATGC	TRUE	TRUE
CGTCAAAAGATGTTGA_Case_909	438_CGTCAAAAGATGTTGA	TRUE	TRUE
CGTCAAACAGAGACTG_Case_909	438_CGTCAAACAGAGACTG	TRUE	TRUE
CGTCAAAGTTAAGCAA_Case_909	438_CGTCAAAGTTAAGCAA	TRUE	TRUE
CGTCAAATCACTTGTT_Case_909	438_CGTCAAATCACTTGTT	TRUE	TRUE
CGTCCATAGTTAGTAG_Case_909	438_CGTCCATAGTTAGTAG	TRUE	TRUE
CGTCCATCAGCTGTGC_Case_909	438_CGTCCATCAGCTGTGC	TRUE	TRUE
CGTCCATTCAGAGCAG_Case_909	438_CGTCCATTCAGAGCAG	TRUE	TRUE
CGTCCATTCCAAGAGG_Case_909	438_CGTCCATTCCAAGAGG	TRUE	TRUE
CGTCCATTCCGTGTCT_Case_909	438_CGTCCATTCCGTGTCT	TRUE	TRUE
CGTGAATGTCGTGCCA_Case_909	438_CGTGAATGTCGTGCCA	TRUE	TRUE
CGTGAATGTTCGGTAT_Case_909	438_CGTGAATGTTCGGTAT	TRUE	TRUE
CGTGAATTCCCGTAAA_Case_909	438_CGTGAATTCCCGTAAA	TRUE	TRUE
CGTGATAAGCAGCCCT_Case_909	438_CGTGATAAGCAGCCCT	TRUE	TRUE
CGTGATAAGGACGGAG_Case_909	438_CGTGATAAGGACGGAG	TRUE	TRUE
CGTGATATCCTGTAAG_Case_909	438_CGTGATATCCTGTAAG	TRUE	TRUE
CGTGTCTAGCCTCTGG_Case_909	438_CGTGTCTAGCCTCTGG	TRUE	TRUE
CGTGTCTCAATTAGGA_Case_909	438_CGTGTCTCAATTAGGA	TRUE	TRUE
CGTGTCTGTTGGTACT_Case_909	438_CGTGTCTGTTGGTACT	TRUE	TRUE
CGTGTCTTCCGTAATG_Case_909	438_CGTGTCTTCCGTAATG	TRUE	TRUE
CGTTAGAAGATCCCAT_Case_909	438_CGTTAGAAGATCCCAT	TRUE	TRUE
CGTTAGACAAGTATCC_Case_909	438_CGTTAGACAAGTATCC	TRUE	TRUE
CGTTAGATCCTGCCAT_Case_909	438_CGTTAGATCCTGCCAT	TRUE	TRUE
CGTTCTGCATGTCTAG_Case_909	438_CGTTCTGCATGTCTAG	TRUE	TRUE
CGTTCTGTCCCGAGGT_Case_909	438_CGTTCTGTCCCGAGGT	TRUE	TRUE
CGTTGGGAGCTCGACC_Case_909	438_CGTTGGGAGCTCGACC	TRUE	TRUE
CGTTGGGAGCTGGCCT_Case_909	438_CGTTGGGAGCTGGCCT	TRUE	TRUE
CGTTGGGCACGCGGTT_Case_909	438_CGTTGGGCACGCGGTT	TRUE	TRUE
CGTTGGGCAGTTCTAG_Case_909	438_CGTTGGGCAGTTCTAG	TRUE	TRUE
CGTTGGGTCTGGAAGG_Case_909	438_CGTTGGGTCTGGAAGG	TRUE	TRUE
CTAACCCCAAGTTGGG_Case_909	438_CTAACCCCAAGTTGGG	TRUE	TRUE
CTAACCCCATCAGCAT_Case_909	438_CTAACCCCATCAGCAT	TRUE	TRUE
CTAACCCGTAGGCAGT_Case_909	438_CTAACCCGTAGGCAGT	TRUE	TRUE
CTAACTTAGAAGATCT_Case_909	438_CTAACTTAGAAGATCT	TRUE	TRUE
CTAACTTAGATAGTCA_Case_909	438_CTAACTTAGATAGTCA	TRUE	TRUE
CTAACTTAGTCTGCAT_Case_909	438_CTAACTTAGTCTGCAT	TRUE	TRUE
CTAACTTGTCTACAAC_Case_909	438_CTAACTTGTCTACAAC	TRUE	TRUE
CTAACTTTCAAAGAAC_Case_909	438_CTAACTTTCAAAGAAC	TRUE	TRUE
CTAACTTTCACTGGGC_Case_909	438_CTAACTTTCACTGGGC	TRUE	TRUE
CTAAGTGAGGCTCCCA_Case_909	438_CTAAGTGAGGCTCCCA	TRUE	TRUE
CTAAGTGGTATCAGGG_Case_909	438_CTAAGTGGTATCAGGG	TRUE	TRUE
CTAAGTGGTATCGATC_Case_909	438_CTAAGTGGTATCGATC	TRUE	TRUE
CTACAGACAAGCGAGT_Case_909	438_CTACAGACAAGCGAGT	TRUE	TRUE
CTACAGACAGTTCTAG_Case_909	438_CTACAGACAGTTCTAG	TRUE	TRUE
CTACAGAGTTCTCACC_Case_909	438_CTACAGAGTTCTCACC	TRUE	TRUE
CTACAGATCCTGTACC_Case_909	438_CTACAGATCCTGTACC	TRUE	TRUE
CTACATTAGGACACTG_Case_909	438_CTACATTAGGACACTG	TRUE	TRUE
CTACATTAGTATGGCG_Case_909	438_CTACATTAGTATGGCG	TRUE	TRUE
CTACATTTCGGCATCG_Case_909	438_CTACATTTCGGCATCG	TRUE	TRUE
CTACCCATCTCATTGT_Case_909	438_CTACCCATCTCATTGT	TRUE	TRUE
CTACCTGAGCAGCGAT_Case_909	438_CTACCTGAGCAGCGAT	TRUE	TRUE
CTACCTGTCGGACTGC_Case_909	438_CTACCTGTCGGACTGC	TRUE	TRUE
CTACGGGAGGAAAGGT_Case_909	438_CTACGGGAGGAAAGGT	TRUE	TRUE
CTACGGGCACGTGTGC_Case_909	438_CTACGGGCACGTGTGC	TRUE	TRUE
CTACGGGTCACCCTGT_Case_909	438_CTACGGGTCACCCTGT	TRUE	TRUE
CTACGGGTCCATTCAT_Case_909	438_CTACGGGTCCATTCAT	TRUE	TRUE
CTACGGGTCTCTCAAT_Case_909	438_CTACGGGTCTCTCAAT	TRUE	TRUE
CTACTATGTAACCAGG_Case_909	438_CTACTATGTAACCAGG	TRUE	TRUE
CTACTATGTCTTCTAT_Case_909	438_CTACTATGTCTTCTAT	TRUE	TRUE
CTAGACACATCGAACT_Case_909	438_CTAGACACATCGAACT	TRUE	TRUE
CTAGGTAAGACTAGAT_Case_909	438_CTAGGTAAGACTAGAT	TRUE	TRUE
CTAGGTACAACCGACC_Case_909	438_CTAGGTACAACCGACC	TRUE	TRUE
CTAGGTAGTACCACGC_Case_909	438_CTAGGTAGTACCACGC	TRUE	TRUE
CTAGGTAGTCTGGTTA_Case_909	438_CTAGGTAGTCTGGTTA	TRUE	TRUE
CTAGGTATCCCATTCG_Case_909	438_CTAGGTATCCCATTCG	TRUE	TRUE
CTATAGGGTAACACGG_Case_909	438_CTATAGGGTAACACGG	TRUE	TRUE
CTATCCGTCGCAGTTA_Case_909	438_CTATCCGTCGCAGTTA	TRUE	TRUE
CTATCCGTCTGCATGA_Case_909	438_CTATCCGTCTGCATGA	TRUE	TRUE
CTATCCGTCTTTCGAT_Case_909	438_CTATCCGTCTTTCGAT	TRUE	TRUE
CTATCTAAGGGTAGCT_Case_909	438_CTATCTAAGGGTAGCT	TRUE	TRUE
CTATCTAGTGCGAACA_Case_909	438_CTATCTAGTGCGAACA	TRUE	TRUE
CTCAACCAGAGGCGGA_Case_909	438_CTCAACCAGAGGCGGA	TRUE	TRUE
CTCAACCAGCTCTGTA_Case_909	438_CTCAACCAGCTCTGTA	TRUE	TRUE
CTCAACCCATGGAATA_Case_909	438_CTCAACCCATGGAATA	TRUE	TRUE
CTCAACCGTATCCTTT_Case_909	438_CTCAACCGTATCCTTT	TRUE	TRUE
CTCAACCGTGTCATGT_Case_909	438_CTCAACCGTGTCATGT	TRUE	TRUE
CTCAAGAGTAATGATG_Case_909	438_CTCAAGAGTAATGATG	TRUE	TRUE
CTCAAGAGTCATGACT_Case_909	438_CTCAAGAGTCATGACT	TRUE	TRUE
CTCAAGAGTTAACCTG_Case_909	438_CTCAAGAGTTAACCTG	TRUE	TRUE
CTCAATTAGCAGGGAG_Case_909	438_CTCAATTAGCAGGGAG	TRUE	TRUE
CTCAATTAGTTTAGGA_Case_909	438_CTCAATTAGTTTAGGA	TRUE	TRUE
CTCAATTGTTTGGAGG_Case_909	438_CTCAATTGTTTGGAGG	TRUE	TRUE
CTCAATTTCGGCTGGT_Case_909	438_CTCAATTTCGGCTGGT	TRUE	TRUE
CTCACTGTCCACTTTA_Case_909	438_CTCACTGTCCACTTTA	TRUE	TRUE
CTCAGAAAGCCTCAGC_Case_909	438_CTCAGAAAGCCTCAGC	TRUE	TRUE
CTCAGAACATGCAGCC_Case_909	438_CTCAGAACATGCAGCC	TRUE	TRUE
CTCAGAATCGATGGAG_Case_909	438_CTCAGAATCGATGGAG	TRUE	TRUE
CTCAGGGAGACATAGT_Case_909	438_CTCAGGGAGACATAGT	TRUE	TRUE
CTCAGGGAGCTCGTGC_Case_909	438_CTCAGGGAGCTCGTGC	TRUE	TRUE
CTCAGTCAGTCGAAAT_Case_909	438_CTCAGTCAGTCGAAAT	TRUE	TRUE
CTCAGTCGTAAGCGGT_Case_909	438_CTCAGTCGTAAGCGGT	TRUE	TRUE
CTCAGTCGTCCCTGAG_Case_909	438_CTCAGTCGTCCCTGAG	TRUE	TRUE
CTCATCGAGCCAAGGT_Case_909	438_CTCATCGAGCCAAGGT	TRUE	TRUE
CTCATCGCAGAAGTTA_Case_909	438_CTCATCGCAGAAGTTA	TRUE	TRUE
CTCATCGGTAACATGA_Case_909	438_CTCATCGGTAACATGA	TRUE	TRUE
CTCATCGTCATTGCGA_Case_909	438_CTCATCGTCATTGCGA	TRUE	TRUE
CTCATCGTCCCGAGAC_Case_909	438_CTCATCGTCCCGAGAC	TRUE	TRUE
CTCCAACAGGAAGTGA_Case_909	438_CTCCAACAGGAAGTGA	TRUE	TRUE
CTCCAACCAGGTCAAG_Case_909	438_CTCCAACCAGGTCAAG	TRUE	TRUE
CTCCAACCATTAGGCT_Case_909	438_CTCCAACCATTAGGCT	TRUE	TRUE
CTCCAACTCCATTGGA_Case_909	438_CTCCAACTCCATTGGA	TRUE	TRUE
CTCCACAGTAACCCTA_Case_909	438_CTCCACAGTAACCCTA	TRUE	TRUE
CTCCACAGTAGCTTGT_Case_909	438_CTCCACAGTAGCTTGT	TRUE	TRUE
CTCCCAACACTCATAG_Case_909	438_CTCCCAACACTCATAG	TRUE	TRUE
CTCCCAACAGAACATA_Case_909	438_CTCCCAACAGAACATA	TRUE	TRUE
CTCCCAACATTCAGCA_Case_909	438_CTCCCAACATTCAGCA	TRUE	TRUE
CTCCCAAGTACAGTTC_Case_909	438_CTCCCAAGTACAGTTC	TRUE	TRUE
CTCCCAAGTCGACGCT_Case_909	438_CTCCCAAGTCGACGCT	TRUE	TRUE
CTCCCTCGTCCGTTTC_Case_909	438_CTCCCTCGTCCGTTTC	TRUE	TRUE
CTCCGATGTCCTTGTC_Case_909	438_CTCCGATGTCCTTGTC	TRUE	TRUE
CTCCGATGTGAACTAA_Case_909	438_CTCCGATGTGAACTAA	TRUE	TRUE
CTCCGATTCGGTTGTA_Case_909	438_CTCCGATTCGGTTGTA	TRUE	TRUE
CTCCTCCAGTTTAGGA_Case_909	438_CTCCTCCAGTTTAGGA	TRUE	TRUE
CTCCTCCGTGTCTTGA_Case_909	438_CTCCTCCGTGTCTTGA	TRUE	TRUE
CTCCTTTAGAATCTAG_Case_909	438_CTCCTTTAGAATCTAG	TRUE	TRUE
CTCCTTTAGACCGTTT_Case_909	438_CTCCTTTAGACCGTTT	TRUE	TRUE
CTCCTTTAGCTATCCA_Case_909	438_CTCCTTTAGCTATCCA	TRUE	TRUE
CTCCTTTCATAGTCGT_Case_909	438_CTCCTTTCATAGTCGT	TRUE	TRUE
CTCCTTTTCTGCTCTG_Case_909	438_CTCCTTTTCTGCTCTG	TRUE	TRUE
CTCGAGGGTGGATTTC_Case_909	438_CTCGAGGGTGGATTTC	TRUE	TRUE
CTCGAGGTCGAGAGCA_Case_909	438_CTCGAGGTCGAGAGCA	TRUE	TRUE
CTCTCAGAGTGATAAC_Case_909	438_CTCTCAGAGTGATAAC	TRUE	TRUE
CTCTCAGGTCCGGCAT_Case_909	438_CTCTCAGGTCCGGCAT	TRUE	TRUE
CTCTCAGGTGTTGACT_Case_909	438_CTCTCAGGTGTTGACT	TRUE	TRUE
CTCTCGAAGGGCCCTT_Case_909	438_CTCTCGAAGGGCCCTT	TRUE	TRUE
CTCTCGAAGTATGGCG_Case_909	438_CTCTCGAAGTATGGCG	TRUE	TRUE
CTCTCGACACCTGCAG_Case_909	438_CTCTCGACACCTGCAG	TRUE	TRUE
CTCTCGACATTCACAG_Case_909	438_CTCTCGACATTCACAG	TRUE	TRUE
CTCTCGATCCATCACC_Case_909	438_CTCTCGATCCATCACC	TRUE	TRUE
CTCTGGTCAGACAAGC_Case_909	438_CTCTGGTCAGACAAGC	TRUE	TRUE
CTCTGGTCAGATCCTA_Case_909	438_CTCTGGTCAGATCCTA	TRUE	TRUE
CTCTGGTGTCACTCTC_Case_909	438_CTCTGGTGTCACTCTC	TRUE	TRUE
CTCTGGTGTTTGATCG_Case_909	438_CTCTGGTGTTTGATCG	TRUE	TRUE
CTGAATGAGCAACTTC_Case_909	438_CTGAATGAGCAACTTC	TRUE	TRUE
CTGAATGCACCTATCC_Case_909	438_CTGAATGCACCTATCC	TRUE	TRUE
CTGAATGGTACACGCC_Case_909	438_CTGAATGGTACACGCC	TRUE	TRUE
CTGAATGGTCATTCCC_Case_909	438_CTGAATGGTCATTCCC	TRUE	TRUE
CTGAATGGTCGTGCCA_Case_909	438_CTGAATGGTCGTGCCA	TRUE	TRUE
CTGAATGTCGCCAGAC_Case_909	438_CTGAATGTCGCCAGAC	TRUE	TRUE
CTGAGCGAGATCGCCC_Case_909	438_CTGAGCGAGATCGCCC	TRUE	TRUE
CTGAGCGAGCGCTGAA_Case_909	438_CTGAGCGAGCGCTGAA	TRUE	TRUE
CTGAGCGGTCCTCATC_Case_909	438_CTGAGCGGTCCTCATC	TRUE	TRUE
CTGAGCGTCAAGGAGC_Case_909	438_CTGAGCGTCAAGGAGC	TRUE	TRUE
CTGAGGCAGAGAGGTA_Case_909	438_CTGAGGCAGAGAGGTA	TRUE	TRUE
CTGAGGCAGCAAATGT_Case_909	438_CTGAGGCAGCAAATGT	TRUE	TRUE
CTGAGGCAGTATGTAG_Case_909	438_CTGAGGCAGTATGTAG	TRUE	TRUE
CTGAGGCCATCGGATT_Case_909	438_CTGAGGCCATCGGATT	TRUE	TRUE
CTGATCCAGCACTGGA_Case_909	438_CTGATCCAGCACTGGA	TRUE	TRUE
CTGATCCGTTATTCCT_Case_909	438_CTGATCCGTTATTCCT	TRUE	TRUE
CTGCAGGAGAGGTTTA_Case_909	438_CTGCAGGAGAGGTTTA	TRUE	TRUE
CTGCAGGAGTTGGAAT_Case_909	438_CTGCAGGAGTTGGAAT	TRUE	TRUE
CTGCAGGTCGGACTGC_Case_909	438_CTGCAGGTCGGACTGC	TRUE	TRUE
CTGCAGGTCTCGACCT_Case_909	438_CTGCAGGTCTCGACCT	TRUE	TRUE
CTGCATCCACTGGATT_Case_909	438_CTGCATCCACTGGATT	TRUE	TRUE
CTGCATCCAGAATCGG_Case_909	438_CTGCATCCAGAATCGG	TRUE	TRUE
CTGCATCCATCCGGTG_Case_909	438_CTGCATCCATCCGGTG	TRUE	TRUE
CTGCATCCATGTGCCG_Case_909	438_CTGCATCCATGTGCCG	TRUE	TRUE
CTGCATCTCACTAGCA_Case_909	438_CTGCATCTCACTAGCA	TRUE	TRUE
CTGCCATAGGGCTAAC_Case_909	438_CTGCCATAGGGCTAAC	TRUE	TRUE
CTGCCATCAGACCAAG_Case_909	438_CTGCCATCAGACCAAG	TRUE	TRUE
CTGCCATGTCGTCGGT_Case_909	438_CTGCCATGTCGTCGGT	TRUE	TRUE
CTGCCTAGTAACAGGC_Case_909	438_CTGCCTAGTAACAGGC	TRUE	TRUE
CTGCCTAGTGATAGAT_Case_909	438_CTGCCTAGTGATAGAT	TRUE	TRUE
CTGCCTATCCGAAGGA_Case_909	438_CTGCCTATCCGAAGGA	TRUE	TRUE
CTGCCTATCGCTGATA_Case_909	438_CTGCCTATCGCTGATA	TRUE	TRUE
CTGCCTATCGTACCTC_Case_909	438_CTGCCTATCGTACCTC	TRUE	TRUE
CTGCGAGCAGACCATT_Case_909	438_CTGCGAGCAGACCATT	TRUE	TRUE
CTGCGAGCATTGTCGA_Case_909	438_CTGCGAGCATTGTCGA	TRUE	TRUE
CTGCTCAAGGAAAGGT_Case_909	438_CTGCTCAAGGAAAGGT	TRUE	TRUE
CTGCTCAGTCACGACC_Case_909	438_CTGCTCAGTCACGACC	TRUE	TRUE
CTGCTCAGTTCGTACA_Case_909	438_CTGCTCAGTTCGTACA	TRUE	TRUE
CTGGACGAGAGGTTTA_Case_909	438_CTGGACGAGAGGTTTA	TRUE	TRUE
CTGGACGCAAGAGGTC_Case_909	438_CTGGACGCAAGAGGTC	TRUE	TRUE
CTGGCAGTCTTGATTC_Case_909	438_CTGGCAGTCTTGATTC	TRUE	TRUE
CTGGTCTAGCCAGACA_Case_909	438_CTGGTCTAGCCAGACA	TRUE	TRUE
CTGGTCTAGGTCCCTG_Case_909	438_CTGGTCTAGGTCCCTG	TRUE	TRUE
CTGGTCTCATTGGATC_Case_909	438_CTGGTCTCATTGGATC	TRUE	TRUE
CTGGTCTGTCACTTCC_Case_909	438_CTGGTCTGTCACTTCC	TRUE	TRUE
CTGGTCTGTCTTTATC_Case_909	438_CTGGTCTGTCTTTATC	TRUE	TRUE
CTGGTCTTCCAGGACC_Case_909	438_CTGGTCTTCCAGGACC	TRUE	TRUE
CTGGTCTTCTAACGCA_Case_909	438_CTGGTCTTCTAACGCA	TRUE	TRUE
CTGTACCCACCCGTAG_Case_909	438_CTGTACCCACCCGTAG	TRUE	TRUE
CTGTACCCATAGAAAC_Case_909	438_CTGTACCCATAGAAAC	TRUE	TRUE
CTGTACCGTCAAGGCA_Case_909	438_CTGTACCGTCAAGGCA	TRUE	TRUE
CTGTACCGTCGTCGGT_Case_909	438_CTGTACCGTCGTCGGT	TRUE	TRUE
CTGTACCTCTAACGCA_Case_909	438_CTGTACCTCTAACGCA	TRUE	TRUE
CTGTAGAAGACGAAGA_Case_909	438_CTGTAGAAGACGAAGA	TRUE	TRUE
CTGTAGACAGTAACAA_Case_909	438_CTGTAGACAGTAACAA	TRUE	TRUE
CTGTAGAGTCGAAGCA_Case_909	438_CTGTAGAGTCGAAGCA	TRUE	TRUE
CTGTATTAGCACAAAT_Case_909	438_CTGTATTAGCACAAAT	TRUE	TRUE
CTGTATTAGGATACGC_Case_909	438_CTGTATTAGGATACGC	TRUE	TRUE
CTGTATTAGGTCGTGA_Case_909	438_CTGTATTAGGTCGTGA	TRUE	TRUE
CTGTATTCACACTGGC_Case_909	438_CTGTATTCACACTGGC	TRUE	TRUE
CTGTATTCAGAGGAAA_Case_909	438_CTGTATTCAGAGGAAA	TRUE	TRUE
CTGTATTCAGCTGAAG_Case_909	438_CTGTATTCAGCTGAAG	TRUE	TRUE
CTGTCGTAGCGGGTTA_Case_909	438_CTGTCGTAGCGGGTTA	TRUE	TRUE
CTGTCGTGTTACAGCT_Case_909	438_CTGTCGTGTTACAGCT	TRUE	TRUE
CTGTCGTTCAGAGTGG_Case_909	438_CTGTCGTTCAGAGTGG	TRUE	TRUE
CTGTGAACATAGATGA_Case_909	438_CTGTGAACATAGATGA	TRUE	TRUE
CTGTGAAGTATAGGAT_Case_909	438_CTGTGAAGTATAGGAT	TRUE	TRUE
CTGTGAATCCAATGCA_Case_909	438_CTGTGAATCCAATGCA	TRUE	TRUE
CTGTGAATCTCTCCGA_Case_909	438_CTGTGAATCTCTCCGA	TRUE	TRUE
CTGTGGGAGTTGTAGA_Case_909	438_CTGTGGGAGTTGTAGA	TRUE	TRUE
CTGTGGGCATAGAATG_Case_909	438_CTGTGGGCATAGAATG	TRUE	TRUE
CTTACCGCAAAGACGC_Case_909	438_CTTACCGCAAAGACGC	TRUE	TRUE
CTTACCGCACTCCCTA_Case_909	438_CTTACCGCACTCCCTA	TRUE	TRUE
CTTACCGCAGTTGAAA_Case_909	438_CTTACCGCAGTTGAAA	TRUE	TRUE
CTTACCGTCGTCAGAT_Case_909	438_CTTACCGTCGTCAGAT	TRUE	TRUE
CTTAGGAAGCTGAGTG_Case_909	438_CTTAGGAAGCTGAGTG	TRUE	TRUE
CTTAGGAGTATTGGCT_Case_909	438_CTTAGGAGTATTGGCT	TRUE	TRUE
CTTAGGAGTCACTTAG_Case_909	438_CTTAGGAGTCACTTAG	TRUE	TRUE
CTTAGGAGTTGATCGT_Case_909	438_CTTAGGAGTTGATCGT	TRUE	TRUE
CTTCAATAGATCCAAA_Case_909	438_CTTCAATAGATCCAAA	TRUE	TRUE
CTTCAATGTATCGTTG_Case_909	438_CTTCAATGTATCGTTG	TRUE	TRUE
CTTCAATGTCGTACTA_Case_909	438_CTTCAATGTCGTACTA	TRUE	TRUE
CTTCAATGTGTCACAT_Case_909	438_CTTCAATGTGTCACAT	TRUE	TRUE
CTTCAATTCGCCTTGT_Case_909	438_CTTCAATTCGCCTTGT	TRUE	TRUE
CTTCCGAAGCGTCTCG_Case_909	438_CTTCCGAAGCGTCTCG	TRUE	TRUE
CTTCCTTAGCGACCCT_Case_909	438_CTTCCTTAGCGACCCT	TRUE	TRUE
CTTCCTTAGTTTCGAC_Case_909	438_CTTCCTTAGTTTCGAC	TRUE	TRUE
CTTCCTTTCCGGACTG_Case_909	438_CTTCCTTTCCGGACTG	TRUE	TRUE
CTTCGGTAGCATTGTC_Case_909	438_CTTCGGTAGCATTGTC	TRUE	TRUE
CTTCGGTCACCGTGCA_Case_909	438_CTTCGGTCACCGTGCA	TRUE	TRUE
CTTCGGTGTTCATCGA_Case_909	438_CTTCGGTGTTCATCGA	TRUE	TRUE
CTTCGGTTCACCACAA_Case_909	438_CTTCGGTTCACCACAA	TRUE	TRUE
CTTCTAACATCGGTTA_Case_909	438_CTTCTAACATCGGTTA	TRUE	TRUE
CTTCTAAGTGCCTTTC_Case_909	438_CTTCTAAGTGCCTTTC	TRUE	TRUE
CTTCTAATCGACGATT_Case_909	438_CTTCTAATCGACGATT	TRUE	TRUE
CTTCTAATCGAGCACC_Case_909	438_CTTCTAATCGAGCACC	TRUE	TRUE
CTTCTCTCACGATAGG_Case_909	438_CTTCTCTCACGATAGG	TRUE	TRUE
CTTCTCTTCATAGCAC_Case_909	438_CTTCTCTTCATAGCAC	TRUE	TRUE
CTTCTCTTCCGTTGGG_Case_909	438_CTTCTCTTCCGTTGGG	TRUE	TRUE
CTTGAGAAGGAGACCT_Case_909	438_CTTGAGAAGGAGACCT	TRUE	TRUE
CTTGAGAAGGCCCAAA_Case_909	438_CTTGAGAAGGCCCAAA	TRUE	TRUE
CTTGAGACACTGATTG_Case_909	438_CTTGAGACACTGATTG	TRUE	TRUE
CTTGAGAGTCACTCTC_Case_909	438_CTTGAGAGTCACTCTC	TRUE	TRUE
CTTGAGAGTTCGAACT_Case_909	438_CTTGAGAGTTCGAACT	TRUE	TRUE
CTTGAGATCACCTGTC_Case_909	438_CTTGAGATCACCTGTC	TRUE	TRUE
CTTGAGATCCACCTGT_Case_909	438_CTTGAGATCCACCTGT	TRUE	TRUE
CTTGATTAGATGCGAC_Case_909	438_CTTGATTAGATGCGAC	TRUE	TRUE
CTTGATTAGCCAGAGT_Case_909	438_CTTGATTAGCCAGAGT	TRUE	TRUE
CTTGATTCACATACTG_Case_909	438_CTTGATTCACATACTG	TRUE	TRUE
CTTGATTCAGCTCATA_Case_909	438_CTTGATTCAGCTCATA	TRUE	TRUE
CTTGATTGTCAGTTTG_Case_909	438_CTTGATTGTCAGTTTG	TRUE	TRUE
CTTGATTTCCGCAACG_Case_909	438_CTTGATTTCCGCAACG	TRUE	TRUE
CTTTCAAAGCAGATAT_Case_909	438_CTTTCAAAGCAGATAT	TRUE	TRUE
CTTTCAACACGTACAT_Case_909	438_CTTTCAACACGTACAT	TRUE	TRUE
CTTTCAATCGATTCCC_Case_909	438_CTTTCAATCGATTCCC	TRUE	TRUE
CTTTCGGAGTCACGAG_Case_909	438_CTTTCGGAGTCACGAG	TRUE	TRUE
CTTTCGGTCCTAGCGG_Case_909	438_CTTTCGGTCCTAGCGG	TRUE	TRUE
GAAACCTCATAAGATG_Case_909	438_GAAACCTCATAAGATG	TRUE	TRUE
GAAACCTGTAGAGATT_Case_909	438_GAAACCTGTAGAGATT	TRUE	TRUE
GAAATGACAAAGAGTT_Case_909	438_GAAATGACAAAGAGTT	TRUE	TRUE
GAAATGACAACCAACT_Case_909	438_GAAATGACAACCAACT	TRUE	TRUE
GAAATGACACTCCGGA_Case_909	438_GAAATGACACTCCGGA	TRUE	TRUE
GAAATGAGTACTGCGC_Case_909	438_GAAATGAGTACTGCGC	TRUE	TRUE
GAAATGAGTTCCCACT_Case_909	438_GAAATGAGTTCCCACT	TRUE	TRUE
GAACACTAGGGTATAT_Case_909	438_GAACACTAGGGTATAT	TRUE	TRUE
GAACACTCATGCCATA_Case_909	438_GAACACTCATGCCATA	TRUE	TRUE
GAACACTGTTCGATTG_Case_909	438_GAACACTGTTCGATTG	TRUE	TRUE
GAACGTTAGAGGCTGT_Case_909	438_GAACGTTAGAGGCTGT	TRUE	TRUE
GAACGTTGTTTATGCG_Case_909	438_GAACGTTGTTTATGCG	TRUE	TRUE
GAACTGTAGTATTAGG_Case_909	438_GAACTGTAGTATTAGG	TRUE	TRUE
GAACTGTCACGGCACT_Case_909	438_GAACTGTCACGGCACT	TRUE	TRUE
GAACTGTTCACGAACT_Case_909	438_GAACTGTTCACGAACT	TRUE	TRUE
GAAGAATTCAGCGTCG_Case_909	438_GAAGAATTCAGCGTCG	TRUE	TRUE
GAAGAATTCTTCGACC_Case_909	438_GAAGAATTCTTCGACC	TRUE	TRUE
GAAGCCCCATTGAAAG_Case_909	438_GAAGCCCCATTGAAAG	TRUE	TRUE
GAAGCGACAAAGGCTG_Case_909	438_GAAGCGACAAAGGCTG	TRUE	TRUE
GAAGCGAGTGGTCTTA_Case_909	438_GAAGCGAGTGGTCTTA	TRUE	TRUE
GAAGCGATCAGTGATC_Case_909	438_GAAGCGATCAGTGATC	TRUE	TRUE
GAAGCGATCCCAAGTA_Case_909	438_GAAGCGATCCCAAGTA	TRUE	TRUE
GAAGCGATCCCTCGTA_Case_909	438_GAAGCGATCCCTCGTA	TRUE	TRUE
GAAGGACCAACACAGG_Case_909	438_GAAGGACCAACACAGG	TRUE	TRUE
GAAGGACTCTACCACC_Case_909	438_GAAGGACTCTACCACC	TRUE	TRUE
GAAGGGTTCACATCAG_Case_909	438_GAAGGGTTCACATCAG	TRUE	TRUE
GAAGGGTTCCATTCGC_Case_909	438_GAAGGGTTCCATTCGC	TRUE	TRUE
GAAGGGTTCTGCTAGA_Case_909	438_GAAGGGTTCTGCTAGA	TRUE	TRUE
GAAGTAAGTCGATGCC_Case_909	438_GAAGTAAGTCGATGCC	TRUE	TRUE
GAAGTAAGTCTACTGA_Case_909	438_GAAGTAAGTCTACTGA	TRUE	TRUE
GAAGTAAGTGAGATTA_Case_909	438_GAAGTAAGTGAGATTA	TRUE	TRUE
GAATAGAAGCCGATCC_Case_909	438_GAATAGAAGCCGATCC	TRUE	TRUE
GAATAGAAGGGCAGTT_Case_909	438_GAATAGAAGGGCAGTT	TRUE	TRUE
GAATAGACAAATGGAT_Case_909	438_GAATAGACAAATGGAT	TRUE	TRUE
GAATAGATCATTCCTA_Case_909	438_GAATAGATCATTCCTA	TRUE	TRUE
GAATCACAGCGGGTTA_Case_909	438_GAATCACAGCGGGTTA	TRUE	TRUE
GAATCACGTCTTTCTA_Case_909	438_GAATCACGTCTTTCTA	TRUE	TRUE
GAATCGTAGCATGGGT_Case_909	438_GAATCGTAGCATGGGT	TRUE	TRUE
GACACGCAGTTTGCTG_Case_909	438_GACACGCAGTTTGCTG	TRUE	TRUE
GACACGCCACTTGTGA_Case_909	438_GACACGCCACTTGTGA	TRUE	TRUE
GACACGCGTCAGGAGT_Case_909	438_GACACGCGTCAGGAGT	TRUE	TRUE
GACACGCGTGATGAAT_Case_909	438_GACACGCGTGATGAAT	TRUE	TRUE
GACACGCTCGCTCATC_Case_909	438_GACACGCTCGCTCATC	TRUE	TRUE
GACAGCCGTACGGTTT_Case_909	438_GACAGCCGTACGGTTT	TRUE	TRUE
GACATCAAGGTTGAGC_Case_909	438_GACATCAAGGTTGAGC	TRUE	TRUE
GACATCACAGAGACTG_Case_909	438_GACATCACAGAGACTG	TRUE	TRUE
GACATCACATTAGGAA_Case_909	438_GACATCACATTAGGAA	TRUE	TRUE
GACATCATCACAAGGG_Case_909	438_GACATCATCACAAGGG	TRUE	TRUE
GACATCATCTCCTGTG_Case_909	438_GACATCATCTCCTGTG	TRUE	TRUE
GACATCATCTCGAACA_Case_909	438_GACATCATCTCGAACA	TRUE	TRUE
GACCAATCACTCTAGA_Case_909	438_GACCAATCACTCTAGA	TRUE	TRUE
GACCAATCAGAGAAAG_Case_909	438_GACCAATCAGAGAAAG	TRUE	TRUE
GACCAATTCCTGATAG_Case_909	438_GACCAATTCCTGATAG	TRUE	TRUE
GACCCAGAGCTTAGTC_Case_909	438_GACCCAGAGCTTAGTC	TRUE	TRUE
GACCCAGGTCAGACGA_Case_909	438_GACCCAGGTCAGACGA	TRUE	TRUE
GACCCAGGTGAATTAG_Case_909	438_GACCCAGGTGAATTAG	TRUE	TRUE
GACCCTTAGGGAGGTG_Case_909	438_GACCCTTAGGGAGGTG	TRUE	TRUE
GACCCTTGTGAAGCGT_Case_909	438_GACCCTTGTGAAGCGT	TRUE	TRUE
GACCCTTGTGACCGTC_Case_909	438_GACCCTTGTGACCGTC	TRUE	TRUE
GACCCTTGTTCCACGG_Case_909	438_GACCCTTGTTCCACGG	TRUE	TRUE
GACCCTTTCCATCTGC_Case_909	438_GACCCTTTCCATCTGC	TRUE	TRUE
GACCGTGAGAGTTGAT_Case_909	438_GACCGTGAGAGTTGAT	TRUE	TRUE
GACCGTGCACCGTCTT_Case_909	438_GACCGTGCACCGTCTT	TRUE	TRUE
GACCGTGGTGGAAGTC_Case_909	438_GACCGTGGTGGAAGTC	TRUE	TRUE
GACCTTCAGCTCCACG_Case_909	438_GACCTTCAGCTCCACG	TRUE	TRUE
GACCTTCAGGCTAAAT_Case_909	438_GACCTTCAGGCTAAAT	TRUE	TRUE
GACCTTCCATTGTACG_Case_909	438_GACCTTCCATTGTACG	TRUE	TRUE
GACCTTCGTTGGGCCT_Case_909	438_GACCTTCGTTGGGCCT	TRUE	TRUE
GACCTTCTCCGATAAC_Case_909	438_GACCTTCTCCGATAAC	TRUE	TRUE
GACCTTCTCCTGTTAT_Case_909	438_GACCTTCTCCTGTTAT	TRUE	TRUE
GACCTTCTCGCGTGCA_Case_909	438_GACCTTCTCGCGTGCA	TRUE	TRUE
GACGCTGAGAGTAACT_Case_909	438_GACGCTGAGAGTAACT	TRUE	TRUE
GACGCTGGTAAGGCTG_Case_909	438_GACGCTGGTAAGGCTG	TRUE	TRUE
GACGCTGGTGAGTTGG_Case_909	438_GACGCTGGTGAGTTGG	TRUE	TRUE
GACGTTAAGCTTAAGA_Case_909	438_GACGTTAAGCTTAAGA	TRUE	TRUE
GACGTTACAACATACC_Case_909	438_GACGTTACAACATACC	TRUE	TRUE
GACGTTACAATTAGGA_Case_909	438_GACGTTACAATTAGGA	TRUE	TRUE
GACGTTAGTATTTCTC_Case_909	438_GACGTTAGTATTTCTC	TRUE	TRUE
GACGTTAGTCGCATCG_Case_909	438_GACGTTAGTCGCATCG	TRUE	TRUE
GACGTTAGTGCATACT_Case_909	438_GACGTTAGTGCATACT	TRUE	TRUE
GACGTTAGTTGGACTT_Case_909	438_GACGTTAGTTGGACTT	TRUE	TRUE
GACGTTATCCGAGGCT_Case_909	438_GACGTTATCCGAGGCT	TRUE	TRUE
GACTATGAGCTCCCTT_Case_909	438_GACTATGAGCTCCCTT	TRUE	TRUE
GACTATGCAGATACTC_Case_909	438_GACTATGCAGATACTC	TRUE	TRUE
GACTCAAAGCATAGGC_Case_909	438_GACTCAAAGCATAGGC	TRUE	TRUE
GACTCAAAGCCGATCC_Case_909	438_GACTCAAAGCCGATCC	TRUE	TRUE
GACTCAACATCATTGG_Case_909	438_GACTCAACATCATTGG	TRUE	TRUE
GACTCAATCATCTCTA_Case_909	438_GACTCAATCATCTCTA	TRUE	TRUE
GACTCTCAGTTTCAGC_Case_909	438_GACTCTCAGTTTCAGC	TRUE	TRUE
GACTCTCGTTGCTCGG_Case_909	438_GACTCTCGTTGCTCGG	TRUE	TRUE
GACTCTCTCCCGAGTG_Case_909	438_GACTCTCTCCCGAGTG	TRUE	TRUE
GACTGATAGAGGACTC_Case_909	438_GACTGATAGAGGACTC	TRUE	TRUE
GACTGATAGGTAGTCG_Case_909	438_GACTGATAGGTAGTCG	TRUE	TRUE
GACTTCCAGCGCTTCG_Case_909	438_GACTTCCAGCGCTTCG	TRUE	TRUE
GACTTCCCAATGACCT_Case_909	438_GACTTCCCAATGACCT	TRUE	TRUE
GAGAAATAGAGAGCAA_Case_909	438_GAGAAATAGAGAGCAA	TRUE	TRUE
GAGAAATGTCGACTGC_Case_909	438_GAGAAATGTCGACTGC	TRUE	TRUE
GAGAAATGTTACGTAC_Case_909	438_GAGAAATGTTACGTAC	TRUE	TRUE
GAGAAATGTTCCTACC_Case_909	438_GAGAAATGTTCCTACC	TRUE	TRUE
GAGAAATTCATAGAGA_Case_909	438_GAGAAATTCATAGAGA	TRUE	TRUE
GAGAAATTCTGGGCAC_Case_909	438_GAGAAATTCTGGGCAC	TRUE	TRUE
GAGACCCGTTGCTTGA_Case_909	438_GAGACCCGTTGCTTGA	TRUE	TRUE
GAGACCCGTTTGAACC_Case_909	438_GAGACCCGTTTGAACC	TRUE	TRUE
GAGACCCTCATTTGCT_Case_909	438_GAGACCCTCATTTGCT	TRUE	TRUE
GAGACTTAGCAAATGT_Case_909	438_GAGACTTAGCAAATGT	TRUE	TRUE
GAGACTTGTACACGTT_Case_909	438_GAGACTTGTACACGTT	TRUE	TRUE
GAGACTTGTATAGCTC_Case_909	438_GAGACTTGTATAGCTC	TRUE	TRUE
GAGACTTGTGGGCTTC_Case_909	438_GAGACTTGTGGGCTTC	TRUE	TRUE
GAGACTTTCAAGGCTT_Case_909	438_GAGACTTTCAAGGCTT	TRUE	TRUE
GAGACTTTCGAGAATA_Case_909	438_GAGACTTTCGAGAATA	TRUE	TRUE
GAGAGGTAGGACAAGA_Case_909	438_GAGAGGTAGGACAAGA	TRUE	TRUE
GAGAGGTCATCCAACA_Case_909	438_GAGAGGTCATCCAACA	TRUE	TRUE
GAGAGGTGTGAGATCG_Case_909	438_GAGAGGTGTGAGATCG	TRUE	TRUE
GAGAGGTTCTCTCGCA_Case_909	438_GAGAGGTTCTCTCGCA	TRUE	TRUE
GAGATGGCATGGCCCA_Case_909	438_GAGATGGCATGGCCCA	TRUE	TRUE
GAGATGGGTTCGTAAC_Case_909	438_GAGATGGGTTCGTAAC	TRUE	TRUE
GAGATGGTCCTGGTCT_Case_909	438_GAGATGGTCCTGGTCT	TRUE	TRUE
GAGATGGTCGATGGAG_Case_909	438_GAGATGGTCGATGGAG	TRUE	TRUE
GAGCCTGAGACGCCCT_Case_909	438_GAGCCTGAGACGCCCT	TRUE	TRUE
GAGCCTGGTGATACCT_Case_909	438_GAGCCTGGTGATACCT	TRUE	TRUE
GAGCCTGGTTACGATC_Case_909	438_GAGCCTGGTTACGATC	TRUE	TRUE
GAGCTGCCAGCTAACT_Case_909	438_GAGCTGCCAGCTAACT	TRUE	TRUE
GAGCTGCGTCACTCTC_Case_909	438_GAGCTGCGTCACTCTC	TRUE	TRUE
GAGCTGCGTTGGCCGT_Case_909	438_GAGCTGCGTTGGCCGT	TRUE	TRUE
GAGCTGCTCCATCTAT_Case_909	438_GAGCTGCTCCATCTAT	TRUE	TRUE
GAGGCAAAGGACGGAG_Case_909	438_GAGGCAAAGGACGGAG	TRUE	TRUE
GAGGCAAAGGTAGCAC_Case_909	438_GAGGCAAAGGTAGCAC	TRUE	TRUE
GAGGCAACAAAGCACG_Case_909	438_GAGGCAACAAAGCACG	TRUE	TRUE
GAGGCCTAGTTCCTGA_Case_909	438_GAGGCCTAGTTCCTGA	TRUE	TRUE
GAGGCCTGTGGTAACG_Case_909	438_GAGGCCTGTGGTAACG	TRUE	TRUE
GAGGCCTTCAGCTAGT_Case_909	438_GAGGCCTTCAGCTAGT	TRUE	TRUE
GAGGGTACAAATTGCC_Case_909	438_GAGGGTACAAATTGCC	TRUE	TRUE
GAGGGTACACCGCTGA_Case_909	438_GAGGGTACACCGCTGA	TRUE	TRUE
GAGGGTAGTACAATAG_Case_909	438_GAGGGTAGTACAATAG	TRUE	TRUE
GAGGGTAGTCCAGCAC_Case_909	438_GAGGGTAGTCCAGCAC	TRUE	TRUE
GAGGGTAGTCGGTACC_Case_909	438_GAGGGTAGTCGGTACC	TRUE	TRUE
GAGGGTATCGAAGGAC_Case_909	438_GAGGGTATCGAAGGAC	TRUE	TRUE
GAGTCATCACCCTGAG_Case_909	438_GAGTCATCACCCTGAG	TRUE	TRUE
GAGTCATGTACAAGTA_Case_909	438_GAGTCATGTACAAGTA	TRUE	TRUE
GAGTCTAAGTAGTCCT_Case_909	438_GAGTCTAAGTAGTCCT	TRUE	TRUE
GAGTCTACAAGGCCTC_Case_909	438_GAGTCTACAAGGCCTC	TRUE	TRUE
GAGTCTACAATCGAAA_Case_909	438_GAGTCTACAATCGAAA	TRUE	TRUE
GAGTCTACATCGATGT_Case_909	438_GAGTCTACATCGATGT	TRUE	TRUE
GAGTCTAGTATCGTAC_Case_909	438_GAGTCTAGTATCGTAC	TRUE	TRUE
GAGTCTAGTGTTTGCA_Case_909	438_GAGTCTAGTGTTTGCA	TRUE	TRUE
GAGTCTAGTTCCATTT_Case_909	438_GAGTCTAGTTCCATTT	TRUE	TRUE
GAGTCTATCCCGAAAT_Case_909	438_GAGTCTATCCCGAAAT	TRUE	TRUE
GAGTCTATCCGCACGA_Case_909	438_GAGTCTATCCGCACGA	TRUE	TRUE
GAGTGAGGTAATCAGA_Case_909	438_GAGTGAGGTAATCAGA	TRUE	TRUE
GAGTGAGTCAGTCAGT_Case_909	438_GAGTGAGTCAGTCAGT	TRUE	TRUE
GAGTGAGTCGTTTACT_Case_909	438_GAGTGAGTCGTTTACT	TRUE	TRUE
GAGTGTTCAATTCGTG_Case_909	438_GAGTGTTCAATTCGTG	TRUE	TRUE
GAGTGTTGTCGAATGG_Case_909	438_GAGTGTTGTCGAATGG	TRUE	TRUE
GAGTTACAGGCCACTC_Case_909	438_GAGTTACAGGCCACTC	TRUE	TRUE
GAGTTACCACAATGAA_Case_909	438_GAGTTACCACAATGAA	TRUE	TRUE
GAGTTACGTCGAACGA_Case_909	438_GAGTTACGTCGAACGA	TRUE	TRUE
GAGTTACGTCGTTATG_Case_909	438_GAGTTACGTCGTTATG	TRUE	TRUE
GAGTTACTCAGTCTTT_Case_909	438_GAGTTACTCAGTCTTT	TRUE	TRUE
GAGTTACTCTGCTCTG_Case_909	438_GAGTTACTCTGCTCTG	TRUE	TRUE
GAGTTGTGTTAACCTG_Case_909	438_GAGTTGTGTTAACCTG	TRUE	TRUE
GAGTTGTTCATGGCCG_Case_909	438_GAGTTGTTCATGGCCG	TRUE	TRUE
GAGTTGTTCCACTTTA_Case_909	438_GAGTTGTTCCACTTTA	TRUE	TRUE
GAGTTTGAGAGAGCAA_Case_909	438_GAGTTTGAGAGAGCAA	TRUE	TRUE
GAGTTTGAGGTCACTT_Case_909	438_GAGTTTGAGGTCACTT	TRUE	TRUE
GAGTTTGCAGAACTCT_Case_909	438_GAGTTTGCAGAACTCT	TRUE	TRUE
GAGTTTGCAGACCTAT_Case_909	438_GAGTTTGCAGACCTAT	TRUE	TRUE
GAGTTTGGTCATCCCT_Case_909	438_GAGTTTGGTCATCCCT	TRUE	TRUE
GAGTTTGGTGCAGATG_Case_909	438_GAGTTTGGTGCAGATG	TRUE	TRUE
GATAGAACATGTGGCC_Case_909	438_GATAGAACATGTGGCC	TRUE	TRUE
GATAGAAGTATGTCCA_Case_909	438_GATAGAAGTATGTCCA	TRUE	TRUE
GATAGAAGTGATCATC_Case_909	438_GATAGAAGTGATCATC	TRUE	TRUE
GATAGAATCTGGGATT_Case_909	438_GATAGAATCTGGGATT	TRUE	TRUE
GATAGCTAGCACGATG_Case_909	438_GATAGCTAGCACGATG	TRUE	TRUE
GATAGCTTCGGACTGC_Case_909	438_GATAGCTTCGGACTGC	TRUE	TRUE
GATCACAAGTTGTAAG_Case_909	438_GATCACAAGTTGTAAG	TRUE	TRUE
GATCACACAAGAGAGA_Case_909	438_GATCACACAAGAGAGA	TRUE	TRUE
GATCACACACTCTCGT_Case_909	438_GATCACACACTCTCGT	TRUE	TRUE
GATCACAGTTGCGGCT_Case_909	438_GATCACAGTTGCGGCT	TRUE	TRUE
GATCAGTGTCACCACG_Case_909	438_GATCAGTGTCACCACG	TRUE	TRUE
GATCAGTTCTGTACAG_Case_909	438_GATCAGTTCTGTACAG	TRUE	TRUE
GATCATGCAACAACAA_Case_909	438_GATCATGCAACAACAA	TRUE	TRUE
GATCATGCAATCGCAT_Case_909	438_GATCATGCAATCGCAT	TRUE	TRUE
GATCATGCAGCAGGAT_Case_909	438_GATCATGCAGCAGGAT	TRUE	TRUE
GATCATGGTTTCTTAC_Case_909	438_GATCATGGTTTCTTAC	TRUE	TRUE
GATCATGTCATAGACC_Case_909	438_GATCATGTCATAGACC	TRUE	TRUE
GATCATGTCTGTCGTC_Case_909	438_GATCATGTCTGTCGTC	TRUE	TRUE
GATCCCTCACAACGCC_Case_909	438_GATCCCTCACAACGCC	TRUE	TRUE
GATCCCTGTGACCGAA_Case_909	438_GATCCCTGTGACCGAA	TRUE	TRUE
GATCCCTGTTACGTAC_Case_909	438_GATCCCTGTTACGTAC	TRUE	TRUE
GATCCCTTCGAACTCA_Case_909	438_GATCCCTTCGAACTCA	TRUE	TRUE
GATCGTAAGTAAGAGG_Case_909	438_GATCGTAAGTAAGAGG	TRUE	TRUE
GATCGTAAGTCTGGAG_Case_909	438_GATCGTAAGTCTGGAG	TRUE	TRUE
GATCGTACAGAGGACT_Case_909	438_GATCGTACAGAGGACT	TRUE	TRUE
GATCGTACATGAAAGT_Case_909	438_GATCGTACATGAAAGT	TRUE	TRUE
GATCGTACATGAGATA_Case_909	438_GATCGTACATGAGATA	TRUE	TRUE
GATCGTATCTTTCCGG_Case_909	438_GATCGTATCTTTCCGG	TRUE	TRUE
GATGACTGTCGATTCA_Case_909	438_GATGACTGTCGATTCA	TRUE	TRUE
GATGAGGAGGACTTCT_Case_909	438_GATGAGGAGGACTTCT	TRUE	TRUE
GATGAGGAGTCACTAC_Case_909	438_GATGAGGAGTCACTAC	TRUE	TRUE
GATGAGGCAACTAGAA_Case_909	438_GATGAGGCAACTAGAA	TRUE	TRUE
GATGAGGCATTCATCT_Case_909	438_GATGAGGCATTCATCT	TRUE	TRUE
GATGAGGTCATTCACT_Case_909	438_GATGAGGTCATTCACT	TRUE	TRUE
GATGAGGTCCTGGCTT_Case_909	438_GATGAGGTCCTGGCTT	TRUE	TRUE
GATGAGGTCGAACTCA_Case_909	438_GATGAGGTCGAACTCA	TRUE	TRUE
GATGATCAGAGGATCC_Case_909	438_GATGATCAGAGGATCC	TRUE	TRUE
GATGATCCAATGTGGG_Case_909	438_GATGATCCAATGTGGG	TRUE	TRUE
GATGATCCACACAGAG_Case_909	438_GATGATCCACACAGAG	TRUE	TRUE
GATGATCGTAGTACGG_Case_909	438_GATGATCGTAGTACGG	TRUE	TRUE
GATGATCTCCTAAACG_Case_909	438_GATGATCTCCTAAACG	TRUE	TRUE
GATGATCTCTGTCCGT_Case_909	438_GATGATCTCTGTCCGT	TRUE	TRUE
GATGCTAAGTCTAACC_Case_909	438_GATGCTAAGTCTAACC	TRUE	TRUE
GATGCTAGTCGGAAAC_Case_909	438_GATGCTAGTCGGAAAC	TRUE	TRUE
GATGCTATCATTCCTA_Case_909	438_GATGCTATCATTCCTA	TRUE	TRUE
GATGGAGGTAATGTGA_Case_909	438_GATGGAGGTAATGTGA	TRUE	TRUE
GATGGAGGTACACGCC_Case_909	438_GATGGAGGTACACGCC	TRUE	TRUE
GATGGAGGTGGATACG_Case_909	438_GATGGAGGTGGATACG	TRUE	TRUE
GATGTTGTCGTGGAAG_Case_909	438_GATGTTGTCGTGGAAG	TRUE	TRUE
GATGTTGTCTGCCTCA_Case_909	438_GATGTTGTCTGCCTCA	TRUE	TRUE
GATTCTTAGACCTCCG_Case_909	438_GATTCTTAGACCTCCG	TRUE	TRUE
GATTCTTCATACGCAT_Case_909	438_GATTCTTCATACGCAT	TRUE	TRUE
GATTCTTCATGAATAG_Case_909	438_GATTCTTCATGAATAG	TRUE	TRUE
GATTGGTAGACGACTG_Case_909	438_GATTGGTAGACGACTG	TRUE	TRUE
GATTGGTAGGGAGAAT_Case_909	438_GATTGGTAGGGAGAAT	TRUE	TRUE
GATTGGTAGTTCCATG_Case_909	438_GATTGGTAGTTCCATG	TRUE	TRUE
GATTGGTCAGTAGGAC_Case_909	438_GATTGGTCAGTAGGAC	TRUE	TRUE
GATTGGTGTATGGAGC_Case_909	438_GATTGGTGTATGGAGC	TRUE	TRUE
GATTGGTGTGATACCT_Case_909	438_GATTGGTGTGATACCT	TRUE	TRUE
GATTGGTGTTATTCTC_Case_909	438_GATTGGTGTTATTCTC	TRUE	TRUE
GATTTCTCAAATGAGT_Case_909	438_GATTTCTCAAATGAGT	TRUE	TRUE
GATTTCTCAGACGATG_Case_909	438_GATTTCTCAGACGATG	TRUE	TRUE
GATTTCTGTTGATCGT_Case_909	438_GATTTCTGTTGATCGT	TRUE	TRUE
GATTTCTTCCTGGTCT_Case_909	438_GATTTCTTCCTGGTCT	TRUE	TRUE
GATTTCTTCGTGCGAC_Case_909	438_GATTTCTTCGTGCGAC	TRUE	TRUE
GCAACATTCAAGCCGC_Case_909	438_GCAACATTCAAGCCGC	TRUE	TRUE
GCAACATTCATCGACA_Case_909	438_GCAACATTCATCGACA	TRUE	TRUE
GCAACCGCAATGTGGG_Case_909	438_GCAACCGCAATGTGGG	TRUE	TRUE
GCACATACAAATGCGG_Case_909	438_GCACATACAAATGCGG	TRUE	TRUE
GCACATAGTCATAACC_Case_909	438_GCACATAGTCATAACC	TRUE	TRUE
GCACATAGTCCACAGC_Case_909	438_GCACATAGTCCACAGC	TRUE	TRUE
GCACGGTAGCGAATGC_Case_909	438_GCACGGTAGCGAATGC	TRUE	TRUE
GCACGGTCAGTGCGCT_Case_909	438_GCACGGTCAGTGCGCT	TRUE	TRUE
GCACGGTCATCTAACG_Case_909	438_GCACGGTCATCTAACG	TRUE	TRUE
GCACGGTTCTTACACT_Case_909	438_GCACGGTTCTTACACT	TRUE	TRUE
GCACGTGGTCACAGTT_Case_909	438_GCACGTGGTCACAGTT	TRUE	TRUE
GCACTAAGTACCAATC_Case_909	438_GCACTAAGTACCAATC	TRUE	TRUE
GCACTAATCGTTGCCT_Case_909	438_GCACTAATCGTTGCCT	TRUE	TRUE
GCAGCCACATAGAATG_Case_909	438_GCAGCCACATAGAATG	TRUE	TRUE
GCAGCCAGTAGGACCA_Case_909	438_GCAGCCAGTAGGACCA	TRUE	TRUE
GCAGCTGAGAGCAAGA_Case_909	438_GCAGCTGAGAGCAAGA	TRUE	TRUE
GCAGCTGAGCACTAAA_Case_909	438_GCAGCTGAGCACTAAA	TRUE	TRUE
GCAGCTGAGTAGTCCT_Case_909	438_GCAGCTGAGTAGTCCT	TRUE	TRUE
GCAGCTGCATCTCGTC_Case_909	438_GCAGCTGCATCTCGTC	TRUE	TRUE
GCAGCTGTCAATCTTC_Case_909	438_GCAGCTGTCAATCTTC	TRUE	TRUE
GCAGCTGTCCACCTCA_Case_909	438_GCAGCTGTCCACCTCA	TRUE	TRUE
GCAGCTGTCGGTAAGG_Case_909	438_GCAGCTGTCGGTAAGG	TRUE	TRUE
GCAGCTGTCTCGTTTA_Case_909	438_GCAGCTGTCTCGTTTA	TRUE	TRUE
GCAGCTGTCTTACACT_Case_909	438_GCAGCTGTCTTACACT	TRUE	TRUE
GCAGGCTCACACTTAG_Case_909	438_GCAGGCTCACACTTAG	TRUE	TRUE
GCAGGCTGTGTTAAAG_Case_909	438_GCAGGCTGTGTTAAAG	TRUE	TRUE
GCAGGCTTCGACGACC_Case_909	438_GCAGGCTTCGACGACC	TRUE	TRUE
GCAGGCTTCTCTCGCA_Case_909	438_GCAGGCTTCTCTCGCA	TRUE	TRUE
GCAGTTAAGTAGACCG_Case_909	438_GCAGTTAAGTAGACCG	TRUE	TRUE
GCAGTTACAAACTAAG_Case_909	438_GCAGTTACAAACTAAG	TRUE	TRUE
GCAGTTAGTCCTCATC_Case_909	438_GCAGTTAGTCCTCATC	TRUE	TRUE
GCAGTTAGTCGTTATG_Case_909	438_GCAGTTAGTCGTTATG	TRUE	TRUE
GCAGTTATCGTTAGAC_Case_909	438_GCAGTTATCGTTAGAC	TRUE	TRUE
GCAGTTATCTGGACCG_Case_909	438_GCAGTTATCTGGACCG	TRUE	TRUE
GCATCGGAGCAACCAG_Case_909	438_GCATCGGAGCAACCAG	TRUE	TRUE
GCATCGGGTCGTGATT_Case_909	438_GCATCGGGTCGTGATT	TRUE	TRUE
GCATCTCAGGTCATAA_Case_909	438_GCATCTCAGGTCATAA	TRUE	TRUE
GCATGATAGAGGTTAT_Case_909	438_GCATGATAGAGGTTAT	TRUE	TRUE
GCATGATGTTATCTGG_Case_909	438_GCATGATGTTATCTGG	TRUE	TRUE
GCATGATTCCTTGAAG_Case_909	438_GCATGATTCCTTGAAG	TRUE	TRUE
GCATTAGCAACCGGAA_Case_909	438_GCATTAGCAACCGGAA	TRUE	TRUE
GCATTAGGTCCAGGTC_Case_909	438_GCATTAGGTCCAGGTC	TRUE	TRUE
GCCAACGAGTTATGGA_Case_909	438_GCCAACGAGTTATGGA	TRUE	TRUE
GCCAACGGTCACCCTT_Case_909	438_GCCAACGGTCACCCTT	TRUE	TRUE
GCCAGCACACTGGATT_Case_909	438_GCCAGCACACTGGATT	TRUE	TRUE
GCCAGCACAGGTACGA_Case_909	438_GCCAGCACAGGTACGA	TRUE	TRUE
GCCAGCATCAAATGCC_Case_909	438_GCCAGCATCAAATGCC	TRUE	TRUE
GCCAGGTGTCATAGTC_Case_909	438_GCCAGGTGTCATAGTC	TRUE	TRUE
GCCAGGTTCCGAGCTG_Case_909	438_GCCAGGTTCCGAGCTG	TRUE	TRUE
GCCAGTGAGATCCAAA_Case_909	438_GCCAGTGAGATCCAAA	TRUE	TRUE
GCCAGTGAGGCACTCC_Case_909	438_GCCAGTGAGGCACTCC	TRUE	TRUE
GCCAGTGAGTCCGCGT_Case_909	438_GCCAGTGAGTCCGCGT	TRUE	TRUE
GCCAGTGGTTCTCCCA_Case_909	438_GCCAGTGGTTCTCCCA	TRUE	TRUE
GCCATGGCAAGGGCAT_Case_909	438_GCCATGGCAAGGGCAT	TRUE	TRUE
GCCATGGGTTTCGCTC_Case_909	438_GCCATGGGTTTCGCTC	TRUE	TRUE
GCCATGGTCGCCGAAC_Case_909	438_GCCATGGTCGCCGAAC	TRUE	TRUE
GCCATTCCAATTTCGG_Case_909	438_GCCATTCCAATTTCGG	TRUE	TRUE
GCCATTCCATATCTCT_Case_909	438_GCCATTCCATATCTCT	TRUE	TRUE
GCCATTCTCTCTCCGA_Case_909	438_GCCATTCTCTCTCCGA	TRUE	TRUE
GCCCAGAAGCGACTGA_Case_909	438_GCCCAGAAGCGACTGA	TRUE	TRUE
GCCCAGACAATCACGT_Case_909	438_GCCCAGACAATCACGT	TRUE	TRUE
GCCCAGACATGCAGGA_Case_909	438_GCCCAGACATGCAGGA	TRUE	TRUE
GCCCAGATCAGCAGAG_Case_909	438_GCCCAGATCAGCAGAG	TRUE	TRUE
GCCCAGATCAGTGATC_Case_909	438_GCCCAGATCAGTGATC	TRUE	TRUE
GCCCGAAAGAACTCCT_Case_909	438_GCCCGAAAGAACTCCT	TRUE	TRUE
GCCCGAAAGTCCTACA_Case_909	438_GCCCGAAAGTCCTACA	TRUE	TRUE
GCCCGAACACGAAGAC_Case_909	438_GCCCGAACACGAAGAC	TRUE	TRUE
GCCCGAACAGTTTCAG_Case_909	438_GCCCGAACAGTTTCAG	TRUE	TRUE
GCCCGAAGTATGCTAC_Case_909	438_GCCCGAAGTATGCTAC	TRUE	TRUE
GCCCGAAGTTCAGGTT_Case_909	438_GCCCGAAGTTCAGGTT	TRUE	TRUE
GCCGATGAGAGTTGCG_Case_909	438_GCCGATGAGAGTTGCG	TRUE	TRUE
GCCGATGAGCCGTAAG_Case_909	438_GCCGATGAGCCGTAAG	TRUE	TRUE
GCCGATGCAAAGGCGT_Case_909	438_GCCGATGCAAAGGCGT	TRUE	TRUE
GCCGATGGTCTTACTT_Case_909	438_GCCGATGGTCTTACTT	TRUE	TRUE
GCCGATGTCGCATGAT_Case_909	438_GCCGATGTCGCATGAT	TRUE	TRUE
GCCGTGAAGGGATGTC_Case_909	438_GCCGTGAAGGGATGTC	TRUE	TRUE
GCCGTGATCGCGCCAA_Case_909	438_GCCGTGATCGCGCCAA	TRUE	TRUE
GCCTGTTAGACAGTCG_Case_909	438_GCCTGTTAGACAGTCG	TRUE	TRUE
GCCTGTTAGCAGCCTC_Case_909	438_GCCTGTTAGCAGCCTC	TRUE	TRUE
GCCTGTTAGCCTCACG_Case_909	438_GCCTGTTAGCCTCACG	TRUE	TRUE
GCCTGTTAGGACTTCT_Case_909	438_GCCTGTTAGGACTTCT	TRUE	TRUE
GCCTGTTCACAGTCGC_Case_909	438_GCCTGTTCACAGTCGC	TRUE	TRUE
GCCTGTTGTTCCCAAA_Case_909	438_GCCTGTTGTTCCCAAA	TRUE	TRUE
GCCTGTTTCTACTGAG_Case_909	438_GCCTGTTTCTACTGAG	TRUE	TRUE
GCCTGTTTCTCAACCC_Case_909	438_GCCTGTTTCTCAACCC	TRUE	TRUE
GCGAGAAAGCCTCATA_Case_909	438_GCGAGAAAGCCTCATA	TRUE	TRUE
GCGAGAACACAAGTTC_Case_909	438_GCGAGAACACAAGTTC	TRUE	TRUE
GCGAGAACAGAGAATT_Case_909	438_GCGAGAACAGAGAATT	TRUE	TRUE
GCGAGAACATCCTATT_Case_909	438_GCGAGAACATCCTATT	TRUE	TRUE
GCGAGAAGTACTCGAT_Case_909	438_GCGAGAAGTACTCGAT	TRUE	TRUE
GCGAGAAGTTCCATTT_Case_909	438_GCGAGAAGTTCCATTT	TRUE	TRUE
GCGAGAATCATTACCT_Case_909	438_GCGAGAATCATTACCT	TRUE	TRUE
GCGAGAATCCACACAA_Case_909	438_GCGAGAATCCACACAA	TRUE	TRUE
GCGATCGGTTGTCCCT_Case_909	438_GCGATCGGTTGTCCCT	TRUE	TRUE
GCGATCGTCAGTGTTG_Case_909	438_GCGATCGTCAGTGTTG	TRUE	TRUE
GCGATCGTCCGATTAG_Case_909	438_GCGATCGTCCGATTAG	TRUE	TRUE
GCGGAAAAGCGACCCT_Case_909	438_GCGGAAAAGCGACCCT	TRUE	TRUE
GCGGAAAGTTATCCAG_Case_909	438_GCGGAAAGTTATCCAG	TRUE	TRUE
GCGGATCAGACTCCGC_Case_909	438_GCGGATCAGACTCCGC	TRUE	TRUE
GCGGATCAGGCGCTTC_Case_909	438_GCGGATCAGGCGCTTC	TRUE	TRUE
GCGGATCGTCGTCAGC_Case_909	438_GCGGATCGTCGTCAGC	TRUE	TRUE
GCGGATCGTGCTGCAC_Case_909	438_GCGGATCGTGCTGCAC	TRUE	TRUE
GCGGATCTCGACGAGA_Case_909	438_GCGGATCTCGACGAGA	TRUE	TRUE
GCGTGCACAGAAGTGC_Case_909	438_GCGTGCACAGAAGTGC	TRUE	TRUE
GCGTTTCCAACCCTCT_Case_909	438_GCGTTTCCAACCCTCT	TRUE	TRUE
GCGTTTCGTCACAGTT_Case_909	438_GCGTTTCGTCACAGTT	TRUE	TRUE
GCTACAAAGGAGGCAG_Case_909	438_GCTACAAAGGAGGCAG	TRUE	TRUE
GCTACAACACCAGTAT_Case_909	438_GCTACAACACCAGTAT	TRUE	TRUE
GCTACAACAGCAGACA_Case_909	438_GCTACAACAGCAGACA	TRUE	TRUE
GCTACAATCCTTCGAC_Case_909	438_GCTACAATCCTTCGAC	TRUE	TRUE
GCTACAATCGAATGCT_Case_909	438_GCTACAATCGAATGCT	TRUE	TRUE
GCTACAATCTTTCAGT_Case_909	438_GCTACAATCTTTCAGT	TRUE	TRUE
GCTACCTAGATACGAT_Case_909	438_GCTACCTAGATACGAT	TRUE	TRUE
GCTACCTCACGCGCAT_Case_909	438_GCTACCTCACGCGCAT	TRUE	TRUE
GCTACCTGTAATGCGG_Case_909	438_GCTACCTGTAATGCGG	TRUE	TRUE
GCTACCTTCAGAATAG_Case_909	438_GCTACCTTCAGAATAG	TRUE	TRUE
GCTCAAAAGACACACG_Case_909	438_GCTCAAAAGACACACG	TRUE	TRUE
GCTCAAACAACAAGTA_Case_909	438_GCTCAAACAACAAGTA	TRUE	TRUE
GCTCAAAGTGATACTC_Case_909	438_GCTCAAAGTGATACTC	TRUE	TRUE
GCTCAAAGTTCACGAT_Case_909	438_GCTCAAAGTTCACGAT	TRUE	TRUE
GCTCAAATCGCAATTG_Case_909	438_GCTCAAATCGCAATTG	TRUE	TRUE
GCTCAAATCGGCCCAA_Case_909	438_GCTCAAATCGGCCCAA	TRUE	TRUE
GCTGAATAGACTTGTC_Case_909	438_GCTGAATAGACTTGTC	TRUE	TRUE
GCTGAATGTATCAGGG_Case_909	438_GCTGAATGTATCAGGG	TRUE	TRUE
GCTGAATTCCCTCATG_Case_909	438_GCTGAATTCCCTCATG	TRUE	TRUE
GCTGCAGAGGAAAGAC_Case_909	438_GCTGCAGAGGAAAGAC	TRUE	TRUE
GCTGCAGAGGCGAAGG_Case_909	438_GCTGCAGAGGCGAAGG	TRUE	TRUE
GCTGCAGAGGTTCCGC_Case_909	438_GCTGCAGAGGTTCCGC	TRUE	TRUE
GCTGCAGGTCAACGCC_Case_909	438_GCTGCAGGTCAACGCC	TRUE	TRUE
GCTGCAGTCTATCGTT_Case_909	438_GCTGCAGTCTATCGTT	TRUE	TRUE
GCTGGGTGTCGATTCA_Case_909	438_GCTGGGTGTCGATTCA	TRUE	TRUE
GCTGGGTTCGTTCTGC_Case_909	438_GCTGGGTTCGTTCTGC	TRUE	TRUE
GCTGGGTTCTTTGATC_Case_909	438_GCTGGGTTCTTTGATC	TRUE	TRUE
GCTTCACTCCCTTGGT_Case_909	438_GCTTCACTCCCTTGGT	TRUE	TRUE
GCTTCACTCGCTCTAC_Case_909	438_GCTTCACTCGCTCTAC	TRUE	TRUE
GCTTCACTCTTTCTAG_Case_909	438_GCTTCACTCTTTCTAG	TRUE	TRUE
GCTTGGGCAACTCGAT_Case_909	438_GCTTGGGCAACTCGAT	TRUE	TRUE
GCTTGGGTCCGCGGAT_Case_909	438_GCTTGGGTCCGCGGAT	TRUE	TRUE
GCTTTCGCAATTCACG_Case_909	438_GCTTTCGCAATTCACG	TRUE	TRUE
GCTTTCGTCCTGTTGC_Case_909	438_GCTTTCGTCCTGTTGC	TRUE	TRUE
GGAACCCAGCAGTCTT_Case_909	438_GGAACCCAGCAGTCTT	TRUE	TRUE
GGAACCCGTCCTGGTG_Case_909	438_GGAACCCGTCCTGGTG	TRUE	TRUE
GGAACCCGTGAATAAC_Case_909	438_GGAACCCGTGAATAAC	TRUE	TRUE
GGAACCCTCATCGCTC_Case_909	438_GGAACCCTCATCGCTC	TRUE	TRUE
GGAACCCTCTACTGAG_Case_909	438_GGAACCCTCTACTGAG	TRUE	TRUE
GGAACCCTCTAGTTCT_Case_909	438_GGAACCCTCTAGTTCT	TRUE	TRUE
GGAAGTGCACCCTAAA_Case_909	438_GGAAGTGCACCCTAAA	TRUE	TRUE
GGAAGTGGTAACGGTG_Case_909	438_GGAAGTGGTAACGGTG	TRUE	TRUE
GGAAGTGTCAACTTTC_Case_909	438_GGAAGTGTCAACTTTC	TRUE	TRUE
GGAAGTGTCATGGGAG_Case_909	438_GGAAGTGTCATGGGAG	TRUE	TRUE
GGAAGTGTCGGATTAC_Case_909	438_GGAAGTGTCGGATTAC	TRUE	TRUE
GGAATCTAGAGCTTTC_Case_909	438_GGAATCTAGAGCTTTC	TRUE	TRUE
GGAATCTAGCCAAGGT_Case_909	438_GGAATCTAGCCAAGGT	TRUE	TRUE
GGAATCTAGCTCCCTT_Case_909	438_GGAATCTAGCTCCCTT	TRUE	TRUE
GGAATCTGTATCGGTT_Case_909	438_GGAATCTGTATCGGTT	TRUE	TRUE
GGAATCTGTTAAACCC_Case_909	438_GGAATCTGTTAAACCC	TRUE	TRUE
GGAATCTTCGTTCTGC_Case_909	438_GGAATCTTCGTTCTGC	TRUE	TRUE
GGAATGGTCGAGCCTG_Case_909	438_GGAATGGTCGAGCCTG	TRUE	TRUE
GGACGTCAGCCTTTCC_Case_909	438_GGACGTCAGCCTTTCC	TRUE	TRUE
GGACGTCCAGAACCGA_Case_909	438_GGACGTCCAGAACCGA	TRUE	TRUE
GGACGTCCATATCTCT_Case_909	438_GGACGTCCATATCTCT	TRUE	TRUE
GGAGAACAGATGGCAC_Case_909	438_GGAGAACAGATGGCAC	TRUE	TRUE
GGAGAACAGCATCTTG_Case_909	438_GGAGAACAGCATCTTG	TRUE	TRUE
GGAGAACGTCAAAGCG_Case_909	438_GGAGAACGTCAAAGCG	TRUE	TRUE
GGAGAACGTCCCTGTT_Case_909	438_GGAGAACGTCCCTGTT	TRUE	TRUE
GGAGAACTCATGGGAG_Case_909	438_GGAGAACTCATGGGAG	TRUE	TRUE
GGAGAACTCCTCTAAT_Case_909	438_GGAGAACTCCTCTAAT	TRUE	TRUE
GGAGAACTCTTTCCAA_Case_909	438_GGAGAACTCTTTCCAA	TRUE	TRUE
GGAGATGCAACGTAAA_Case_909	438_GGAGATGCAACGTAAA	TRUE	TRUE
GGAGATGCACCCTTAC_Case_909	438_GGAGATGCACCCTTAC	TRUE	TRUE
GGAGATGGTTCAGCGC_Case_909	438_GGAGATGGTTCAGCGC	TRUE	TRUE
GGAGCAAAGCTAAACA_Case_909	438_GGAGCAAAGCTAAACA	TRUE	TRUE
GGAGCAACACAGCTTA_Case_909	438_GGAGCAACACAGCTTA	TRUE	TRUE
GGAGCAATCCATGAGT_Case_909	438_GGAGCAATCCATGAGT	TRUE	TRUE
GGAGGATAGAGGATCC_Case_909	438_GGAGGATAGAGGATCC	TRUE	TRUE
GGAGGATCAAAGGCAC_Case_909	438_GGAGGATCAAAGGCAC	TRUE	TRUE
GGAGGATGTCGTTTCC_Case_909	438_GGAGGATGTCGTTTCC	TRUE	TRUE
GGAGGTAAGGCCACTC_Case_909	438_GGAGGTAAGGCCACTC	TRUE	TRUE
GGAGGTAAGGTTACCT_Case_909	438_GGAGGTAAGGTTACCT	TRUE	TRUE
GGAGGTAAGTGGCAGT_Case_909	438_GGAGGTAAGTGGCAGT	TRUE	TRUE
GGAGGTAAGTTCCGTA_Case_909	438_GGAGGTAAGTTCCGTA	TRUE	TRUE
GGAGGTACACGTAGTT_Case_909	438_GGAGGTACACGTAGTT	TRUE	TRUE
GGATCTAAGGACAACC_Case_909	438_GGATCTAAGGACAACC	TRUE	TRUE
GGATCTACACAGCCAC_Case_909	438_GGATCTACACAGCCAC	TRUE	TRUE
GGATCTAGTACTCGAT_Case_909	438_GGATCTAGTACTCGAT	TRUE	TRUE
GGATCTAGTCATGCAT_Case_909	438_GGATCTAGTCATGCAT	TRUE	TRUE
GGATCTAGTGCCTACG_Case_909	438_GGATCTAGTGCCTACG	TRUE	TRUE
GGATCTAGTTGCTCCT_Case_909	438_GGATCTAGTTGCTCCT	TRUE	TRUE
GGATCTATCATTACTC_Case_909	438_GGATCTATCATTACTC	TRUE	TRUE
GGATGTTAGGGTAATT_Case_909	438_GGATGTTAGGGTAATT	TRUE	TRUE
GGATGTTAGGTGAGCT_Case_909	438_GGATGTTAGGTGAGCT	TRUE	TRUE
GGATGTTCAATATCCG_Case_909	438_GGATGTTCAATATCCG	TRUE	TRUE
GGATGTTCACTCTGCT_Case_909	438_GGATGTTCACTCTGCT	TRUE	TRUE
GGATGTTGTGTAAATG_Case_909	438_GGATGTTGTGTAAATG	TRUE	TRUE
GGATGTTGTTGTGGAG_Case_909	438_GGATGTTGTTGTGGAG	TRUE	TRUE
GGATGTTTCTATTTCG_Case_909	438_GGATGTTTCTATTTCG	TRUE	TRUE
GGCACGTAGGACTGGT_Case_909	438_GGCACGTAGGACTGGT	TRUE	TRUE
GGCACGTGTTGGCTAT_Case_909	438_GGCACGTGTTGGCTAT	TRUE	TRUE
GGCACGTTCATTGCTT_Case_909	438_GGCACGTTCATTGCTT	TRUE	TRUE
GGCAGTCAGGGATGTC_Case_909	438_GGCAGTCAGGGATGTC	TRUE	TRUE
GGCGTCAAGTGAATAC_Case_909	438_GGCGTCAAGTGAATAC	TRUE	TRUE
GGCGTCACACTGTCGG_Case_909	438_GGCGTCACACTGTCGG	TRUE	TRUE
GGCGTCAGTGGGTCAA_Case_909	438_GGCGTCAGTGGGTCAA	TRUE	TRUE
GGCGTCATCCTATTTG_Case_909	438_GGCGTCATCCTATTTG	TRUE	TRUE
GGCTGTGAGCTTAGTC_Case_909	438_GGCTGTGAGCTTAGTC	TRUE	TRUE
GGCTGTGGTACTAAGA_Case_909	438_GGCTGTGGTACTAAGA	TRUE	TRUE
GGCTTGGAGACCATGG_Case_909	438_GGCTTGGAGACCATGG	TRUE	TRUE
GGCTTGGAGGCTCCCA_Case_909	438_GGCTTGGAGGCTCCCA	TRUE	TRUE
GGCTTGGAGGTTATAG_Case_909	438_GGCTTGGAGGTTATAG	TRUE	TRUE
GGCTTGGCAACACGTT_Case_909	438_GGCTTGGCAACACGTT	TRUE	TRUE
GGCTTGGCAGTGTGGA_Case_909	438_GGCTTGGCAGTGTGGA	TRUE	TRUE
GGCTTGGTCATGCCAA_Case_909	438_GGCTTGGTCATGCCAA	TRUE	TRUE
GGCTTGGTCCGCTAGG_Case_909	438_GGCTTGGTCCGCTAGG	TRUE	TRUE
GGCTTGGTCTCTTCAA_Case_909	438_GGCTTGGTCTCTTCAA	TRUE	TRUE
GGCTTGGTCTTCGTGC_Case_909	438_GGCTTGGTCTTCGTGC	TRUE	TRUE
GGCTTTCCAGAAGCGT_Case_909	438_GGCTTTCCAGAAGCGT	TRUE	TRUE
GGCTTTCTCCGTGTGG_Case_909	438_GGCTTTCTCCGTGTGG	TRUE	TRUE
GGGAAGTCAGTCACGC_Case_909	438_GGGAAGTCAGTCACGC	TRUE	TRUE
GGGAAGTCAGTGGCTC_Case_909	438_GGGAAGTCAGTGGCTC	TRUE	TRUE
GGGAAGTGTTTGGGAG_Case_909	438_GGGAAGTGTTTGGGAG	TRUE	TRUE
GGGAAGTTCATCGCAA_Case_909	438_GGGAAGTTCATCGCAA	TRUE	TRUE
GGGAAGTTCCACGTCT_Case_909	438_GGGAAGTTCCACGTCT	TRUE	TRUE
GGGACAAAGAGCCATG_Case_909	438_GGGACAAAGAGCCATG	TRUE	TRUE
GGGACAAAGTCCCTAA_Case_909	438_GGGACAAAGTCCCTAA	TRUE	TRUE
GGGACAACACAGCGCT_Case_909	438_GGGACAACACAGCGCT	TRUE	TRUE
GGGACAAGTGTGAATA_Case_909	438_GGGACAAGTGTGAATA	TRUE	TRUE
GGGACAATCACAACCA_Case_909	438_GGGACAATCACAACCA	TRUE	TRUE
GGGACAATCTAGGCAT_Case_909	438_GGGACAATCTAGGCAT	TRUE	TRUE
GGGACCTCAATTAGGA_Case_909	438_GGGACCTCAATTAGGA	TRUE	TRUE
GGGACCTGTTCGAGCC_Case_909	438_GGGACCTGTTCGAGCC	TRUE	TRUE
GGGACTCAGTCTGCAT_Case_909	438_GGGACTCAGTCTGCAT	TRUE	TRUE
GGGACTCCACAGCCAC_Case_909	438_GGGACTCCACAGCCAC	TRUE	TRUE
GGGAGATAGATGCTAA_Case_909	438_GGGAGATAGATGCTAA	TRUE	TRUE
GGGAGATAGCTTAAGA_Case_909	438_GGGAGATAGCTTAAGA	TRUE	TRUE
GGGAGATAGTTAGTGA_Case_909	438_GGGAGATAGTTAGTGA	TRUE	TRUE
GGGAGATCATGGGTTT_Case_909	438_GGGAGATCATGGGTTT	TRUE	TRUE
GGGAGATTCCATACAG_Case_909	438_GGGAGATTCCATACAG	TRUE	TRUE
GGGAGATTCGCAATTG_Case_909	438_GGGAGATTCGCAATTG	TRUE	TRUE
GGGAGATTCTCTCCGA_Case_909	438_GGGAGATTCTCTCCGA	TRUE	TRUE
GGGAGATTCTTAGCAG_Case_909	438_GGGAGATTCTTAGCAG	TRUE	TRUE
GGGAGTACACTGAGGA_Case_909	438_GGGAGTACACTGAGGA	TRUE	TRUE
GGGAGTAGTACGTGAG_Case_909	438_GGGAGTAGTACGTGAG	TRUE	TRUE
GGGAGTAGTATATGGA_Case_909	438_GGGAGTAGTATATGGA	TRUE	TRUE
GGGATCCGTCCATAGT_Case_909	438_GGGATCCGTCCATAGT	TRUE	TRUE
GGGATCCTCGCTGCGA_Case_909	438_GGGATCCTCGCTGCGA	TRUE	TRUE
GGGATGACAAGACTGG_Case_909	438_GGGATGACAAGACTGG	TRUE	TRUE
GGGATGATCATACGGT_Case_909	438_GGGATGATCATACGGT	TRUE	TRUE
GGGATGATCTGTGCGG_Case_909	438_GGGATGATCTGTGCGG	TRUE	TRUE
GGGCCATAGGCATCTT_Case_909	438_GGGCCATAGGCATCTT	TRUE	TRUE
GGGCCATAGTCTTCGA_Case_909	438_GGGCCATAGTCTTCGA	TRUE	TRUE
GGGCCATCAAGAATGT_Case_909	438_GGGCCATCAAGAATGT	TRUE	TRUE
GGGCCATGTGTTAGCT_Case_909	438_GGGCCATGTGTTAGCT	TRUE	TRUE
GGGCCATTCACTCACC_Case_909	438_GGGCCATTCACTCACC	TRUE	TRUE
GGGCCATTCTCTGCCA_Case_909	438_GGGCCATTCTCTGCCA	TRUE	TRUE
GGGCGTTAGACAGTCG_Case_909	438_GGGCGTTAGACAGTCG	TRUE	TRUE
GGGCGTTCAGTCAGCC_Case_909	438_GGGCGTTCAGTCAGCC	TRUE	TRUE
GGGCGTTGTCGCCTAG_Case_909	438_GGGCGTTGTCGCCTAG	TRUE	TRUE
GGGCGTTGTGCGACAA_Case_909	438_GGGCGTTGTGCGACAA	TRUE	TRUE
GGGCTACAGCTAAGTA_Case_909	438_GGGCTACAGCTAAGTA	TRUE	TRUE
GGGCTACGTTTCGTTT_Case_909	438_GGGCTACGTTTCGTTT	TRUE	TRUE
GGGCTACTCAACCTTT_Case_909	438_GGGCTACTCAACCTTT	TRUE	TRUE
GGGCTCAAGCACACAG_Case_909	438_GGGCTCAAGCACACAG	TRUE	TRUE
GGGCTCAAGGCAGCTA_Case_909	438_GGGCTCAAGGCAGCTA	TRUE	TRUE
GGGCTCACAAAGGTTA_Case_909	438_GGGCTCACAAAGGTTA	TRUE	TRUE
GGGCTCAGTCACTCAA_Case_909	438_GGGCTCAGTCACTCAA	TRUE	TRUE
GGGCTCAGTCCACACG_Case_909	438_GGGCTCAGTCCACACG	TRUE	TRUE
GGGTAGATCGAACTCA_Case_909	438_GGGTAGATCGAACTCA	TRUE	TRUE
GGGTATTAGAGAGGTA_Case_909	438_GGGTATTAGAGAGGTA	TRUE	TRUE
GGGTATTGTGAGATCG_Case_909	438_GGGTATTGTGAGATCG	TRUE	TRUE
GGGTCACGTCGTAATC_Case_909	438_GGGTCACGTCGTAATC	TRUE	TRUE
GGGTCTGCAGACCTGC_Case_909	438_GGGTCTGCAGACCTGC	TRUE	TRUE
GGGTCTGCATCCTGTC_Case_909	438_GGGTCTGCATCCTGTC	TRUE	TRUE
GGGTCTGGTTCACGAT_Case_909	438_GGGTCTGGTTCACGAT	TRUE	TRUE
GGGTCTGGTTCGGCGT_Case_909	438_GGGTCTGGTTCGGCGT	TRUE	TRUE
GGGTGAATCTAGTCAG_Case_909	438_GGGTGAATCTAGTCAG	TRUE	TRUE
GGGTGTCGTTCAACGT_Case_909	438_GGGTGTCGTTCAACGT	TRUE	TRUE
GGGTGTCTCACTACTT_Case_909	438_GGGTGTCTCACTACTT	TRUE	TRUE
GGGTGTCTCCGATCTC_Case_909	438_GGGTGTCTCCGATCTC	TRUE	TRUE
GGGTTATAGAGCTTTC_Case_909	438_GGGTTATAGAGCTTTC	TRUE	TRUE
GGGTTATAGCTGGCTC_Case_909	438_GGGTTATAGCTGGCTC	TRUE	TRUE
GGGTTATCAGGCGAAT_Case_909	438_GGGTTATCAGGCGAAT	TRUE	TRUE
GGGTTATCAGTTCTAG_Case_909	438_GGGTTATCAGTTCTAG	TRUE	TRUE
GGGTTATGTGACTCTA_Case_909	438_GGGTTATGTGACTCTA	TRUE	TRUE
GGGTTATGTTGACTAC_Case_909	438_GGGTTATGTTGACTAC	TRUE	TRUE
GGGTTTATCATTCGTT_Case_909	438_GGGTTTATCATTCGTT	TRUE	TRUE
GGTAACTAGGTCATCT_Case_909	438_GGTAACTAGGTCATCT	TRUE	TRUE
GGTAACTCATCTTCGC_Case_909	438_GGTAACTCATCTTCGC	TRUE	TRUE
GGTAATCAGTGGAAGA_Case_909	438_GGTAATCAGTGGAAGA	TRUE	TRUE
GGTAATCCAACTTGCA_Case_909	438_GGTAATCCAACTTGCA	TRUE	TRUE
GGTAATCGTGAGCAGT_Case_909	438_GGTAATCGTGAGCAGT	TRUE	TRUE
GGTAATCGTTGCATAC_Case_909	438_GGTAATCGTTGCATAC	TRUE	TRUE
GGTAATCTCAAGCTTG_Case_909	438_GGTAATCTCAAGCTTG	TRUE	TRUE
GGTAGAGCATAACAGA_Case_909	438_GGTAGAGCATAACAGA	TRUE	TRUE
GGTAGAGGTGAGCTCC_Case_909	438_GGTAGAGGTGAGCTCC	TRUE	TRUE
GGTAGAGTCCATCTCG_Case_909	438_GGTAGAGTCCATCTCG	TRUE	TRUE
GGTCACGAGGGAGGCA_Case_909	438_GGTCACGAGGGAGGCA	TRUE	TRUE
GGTCACGCAACTGAAA_Case_909	438_GGTCACGCAACTGAAA	TRUE	TRUE
GGTCACGCACGACTAT_Case_909	438_GGTCACGCACGACTAT	TRUE	TRUE
GGTCACGGTGAATGAT_Case_909	438_GGTCACGGTGAATGAT	TRUE	TRUE
GGTCACGTCCACGTCT_Case_909	438_GGTCACGTCCACGTCT	TRUE	TRUE
GGTCTGGGTTCTCCCA_Case_909	438_GGTCTGGGTTCTCCCA	TRUE	TRUE
GGTCTGGTCGTGCTCT_Case_909	438_GGTCTGGTCGTGCTCT	TRUE	TRUE
GGTGAAGAGCCGTCGT_Case_909	438_GGTGAAGAGCCGTCGT	TRUE	TRUE
GGTGAAGAGGTTCAGG_Case_909	438_GGTGAAGAGGTTCAGG	TRUE	TRUE
GGTGAAGGTAGAGCTG_Case_909	438_GGTGAAGGTAGAGCTG	TRUE	TRUE
GGTGAAGGTGCCTTTC_Case_909	438_GGTGAAGGTGCCTTTC	TRUE	TRUE
GGTGAAGTCATTTGTC_Case_909	438_GGTGAAGTCATTTGTC	TRUE	TRUE
GGTGAAGTCTTCTGTA_Case_909	438_GGTGAAGTCTTCTGTA	TRUE	TRUE
GGTGATTGTGAGCAGT_Case_909	438_GGTGATTGTGAGCAGT	TRUE	TRUE
GGTGGCTCACTGGCGT_Case_909	438_GGTGGCTCACTGGCGT	TRUE	TRUE
GGTGGCTCATCGGAAG_Case_909	438_GGTGGCTCATCGGAAG	TRUE	TRUE
GGTGGCTCATGCACTA_Case_909	438_GGTGGCTCATGCACTA	TRUE	TRUE
GGTGGCTGTACCTAAC_Case_909	438_GGTGGCTGTACCTAAC	TRUE	TRUE
GGTGGCTTCGACATAC_Case_909	438_GGTGGCTTCGACATAC	TRUE	TRUE
GGTGGCTTCTCAAAGC_Case_909	438_GGTGGCTTCTCAAAGC	TRUE	TRUE
GGTGTCGGTAGGACTG_Case_909	438_GGTGTCGGTAGGACTG	TRUE	TRUE
GGTGTCGTCCAAATGC_Case_909	438_GGTGTCGTCCAAATGC	TRUE	TRUE
GGTGTCGTCCCGAGTG_Case_909	438_GGTGTCGTCCCGAGTG	TRUE	TRUE
GGTGTTACAGCGTTTA_Case_909	438_GGTGTTACAGCGTTTA	TRUE	TRUE
GGTGTTAGTAGTACGG_Case_909	438_GGTGTTAGTAGTACGG	TRUE	TRUE
GGTGTTATCAAACGTC_Case_909	438_GGTGTTATCAAACGTC	TRUE	TRUE
GGTTAACAGGCACGAT_Case_909	438_GGTTAACAGGCACGAT	TRUE	TRUE
GGTTAACAGTAACCGG_Case_909	438_GGTTAACAGTAACCGG	TRUE	TRUE
GGTTAACCATGCCATA_Case_909	438_GGTTAACCATGCCATA	TRUE	TRUE
GGTTAACGTATACAGA_Case_909	438_GGTTAACGTATACAGA	TRUE	TRUE
GGTTAACTCCGGGACT_Case_909	438_GGTTAACTCCGGGACT	TRUE	TRUE
GGTTGTAAGTACGTCT_Case_909	438_GGTTGTAAGTACGTCT	TRUE	TRUE
GGTTGTACATAACTCG_Case_909	438_GGTTGTACATAACTCG	TRUE	TRUE
GGTTGTACATTGCCGG_Case_909	438_GGTTGTACATTGCCGG	TRUE	TRUE
GGTTGTATCGCCTCTA_Case_909	438_GGTTGTATCGCCTCTA	TRUE	TRUE
GTAACACGTAGCCCTG_Case_909	438_GTAACACGTAGCCCTG	TRUE	TRUE
GTAACACGTATGAGCG_Case_909	438_GTAACACGTATGAGCG	TRUE	TRUE
GTAACACGTCCGGCAT_Case_909	438_GTAACACGTCCGGCAT	TRUE	TRUE
GTAACCAAGCCGGATA_Case_909	438_GTAACCAAGCCGGATA	TRUE	TRUE
GTAACCACATAGGCGA_Case_909	438_GTAACCACATAGGCGA	TRUE	TRUE
GTAACCAGTTAGGGAC_Case_909	438_GTAACCAGTTAGGGAC	TRUE	TRUE
GTAAGTCAGAACTGAT_Case_909	438_GTAAGTCAGAACTGAT	TRUE	TRUE
GTAAGTCCACTCTGCT_Case_909	438_GTAAGTCCACTCTGCT	TRUE	TRUE
GTAAGTCTCTACGGTA_Case_909	438_GTAAGTCTCTACGGTA	TRUE	TRUE
GTAAGTCTCTTTGGAG_Case_909	438_GTAAGTCTCTTTGGAG	TRUE	TRUE
GTAATCGAGTTTAGGA_Case_909	438_GTAATCGAGTTTAGGA	TRUE	TRUE
GTAATCGCATGGACAG_Case_909	438_GTAATCGCATGGACAG	TRUE	TRUE
GTAATGCAGAGAGTTT_Case_909	438_GTAATGCAGAGAGTTT	TRUE	TRUE
GTAATGCAGCGAGTAC_Case_909	438_GTAATGCAGCGAGTAC	TRUE	TRUE
GTAATGCCACGTAGTT_Case_909	438_GTAATGCCACGTAGTT	TRUE	TRUE
GTAATGCGTTCGGTTA_Case_909	438_GTAATGCGTTCGGTTA	TRUE	TRUE
GTACAACCACGAAGAC_Case_909	438_GTACAACCACGAAGAC	TRUE	TRUE
GTACAACGTACAGTCT_Case_909	438_GTACAACGTACAGTCT	TRUE	TRUE
GTACAACGTCAGCTTA_Case_909	438_GTACAACGTCAGCTTA	TRUE	TRUE
GTACAACGTGTCATGT_Case_909	438_GTACAACGTGTCATGT	TRUE	TRUE
GTACAACTCGCTCATC_Case_909	438_GTACAACTCGCTCATC	TRUE	TRUE
GTACAGTAGACAGCTG_Case_909	438_GTACAGTAGACAGCTG	TRUE	TRUE
GTACAGTAGCGCTGCT_Case_909	438_GTACAGTAGCGCTGCT	TRUE	TRUE
GTACAGTAGTGGAAGA_Case_909	438_GTACAGTAGTGGAAGA	TRUE	TRUE
GTACAGTCAAGAAATC_Case_909	438_GTACAGTCAAGAAATC	TRUE	TRUE
GTACAGTCAGTGGCTC_Case_909	438_GTACAGTCAGTGGCTC	TRUE	TRUE
GTACAGTGTGTATACC_Case_909	438_GTACAGTGTGTATACC	TRUE	TRUE
GTAGAAATCCCAGGAC_Case_909	438_GTAGAAATCCCAGGAC	TRUE	TRUE
GTAGAGGAGGACAACC_Case_909	438_GTAGAGGAGGACAACC	TRUE	TRUE
GTAGAGGGTATTTCTC_Case_909	438_GTAGAGGGTATTTCTC	TRUE	TRUE
GTAGATCAGACGATAT_Case_909	438_GTAGATCAGACGATAT	TRUE	TRUE
GTAGATCAGCAACAGC_Case_909	438_GTAGATCAGCAACAGC	TRUE	TRUE
GTAGATCAGGTGGCTA_Case_909	438_GTAGATCAGGTGGCTA	TRUE	TRUE
GTAGATCCAATGCTCA_Case_909	438_GTAGATCCAATGCTCA	TRUE	TRUE
GTAGATCGTTCCGCAG_Case_909	438_GTAGATCGTTCCGCAG	TRUE	TRUE
GTAGCTACACATAACC_Case_909	438_GTAGCTACACATAACC	TRUE	TRUE
GTAGCTACATTCGGGC_Case_909	438_GTAGCTACATTCGGGC	TRUE	TRUE
GTAGCTAGTGACTCTA_Case_909	438_GTAGCTAGTGACTCTA	TRUE	TRUE
GTAGCTATCGACCTAA_Case_909	438_GTAGCTATCGACCTAA	TRUE	TRUE
GTAGCTATCTGCAGCG_Case_909	438_GTAGCTATCTGCAGCG	TRUE	TRUE
GTAGCTATCTTTCGAT_Case_909	438_GTAGCTATCTTTCGAT	TRUE	TRUE
GTAGGAGAGTATAACG_Case_909	438_GTAGGAGAGTATAACG	TRUE	TRUE
GTAGGAGAGTATAGGT_Case_909	438_GTAGGAGAGTATAGGT	TRUE	TRUE
GTAGGAGCAAGTGGCA_Case_909	438_GTAGGAGCAAGTGGCA	TRUE	TRUE
GTAGGAGCAGTGCCTG_Case_909	438_GTAGGAGCAGTGCCTG	TRUE	TRUE
GTAGGAGCATTGGGAG_Case_909	438_GTAGGAGCATTGGGAG	TRUE	TRUE
GTAGGAGGTCCAGCCA_Case_909	438_GTAGGAGGTCCAGCCA	TRUE	TRUE
GTAGGAGGTTATTCCT_Case_909	438_GTAGGAGGTTATTCCT	TRUE	TRUE
GTAGGAGGTTCGGACC_Case_909	438_GTAGGAGGTTCGGACC	TRUE	TRUE
GTAGGAGTCCCACAGG_Case_909	438_GTAGGAGTCCCACAGG	TRUE	TRUE
GTAGGAGTCGCTAGCG_Case_909	438_GTAGGAGTCGCTAGCG	TRUE	TRUE
GTAGGTTAGACGGTTG_Case_909	438_GTAGGTTAGACGGTTG	TRUE	TRUE
GTAGGTTAGGCTCTCG_Case_909	438_GTAGGTTAGGCTCTCG	TRUE	TRUE
GTAGGTTTCTAGCAAC_Case_909	438_GTAGGTTTCTAGCAAC	TRUE	TRUE
GTAGTACAGCGACTAG_Case_909	438_GTAGTACAGCGACTAG	TRUE	TRUE
GTAGTACGTACAGAAT_Case_909	438_GTAGTACGTACAGAAT	TRUE	TRUE
GTATTGGAGCAGAAAG_Case_909	438_GTATTGGAGCAGAAAG	TRUE	TRUE
GTATTGGAGGATTTGA_Case_909	438_GTATTGGAGGATTTGA	TRUE	TRUE
GTATTGGTCATAGGCT_Case_909	438_GTATTGGTCATAGGCT	TRUE	TRUE
GTATTGGTCTGAGATC_Case_909	438_GTATTGGTCTGAGATC	TRUE	TRUE
GTATTTCCAGCTTTCC_Case_909	438_GTATTTCCAGCTTTCC	TRUE	TRUE
GTATTTCCAGTACTAC_Case_909	438_GTATTTCCAGTACTAC	TRUE	TRUE
GTATTTCGTCTTTCTA_Case_909	438_GTATTTCGTCTTTCTA	TRUE	TRUE
GTCAAACAGATTGAGT_Case_909	438_GTCAAACAGATTGAGT	TRUE	TRUE
GTCAAACAGCTGCGAA_Case_909	438_GTCAAACAGCTGCGAA	TRUE	TRUE
GTCAAGTGTTGGACCC_Case_909	438_GTCAAGTGTTGGACCC	TRUE	TRUE
GTCACGGCAAATGCGG_Case_909	438_GTCACGGCAAATGCGG	TRUE	TRUE
GTCACGGCACACACTA_Case_909	438_GTCACGGCACACACTA	TRUE	TRUE
GTCACGGGTTAGGGTG_Case_909	438_GTCACGGGTTAGGGTG	TRUE	TRUE
GTCACTCAGGTAACTA_Case_909	438_GTCACTCAGGTAACTA	TRUE	TRUE
GTCACTCCATGTTTGG_Case_909	438_GTCACTCCATGTTTGG	TRUE	TRUE
GTCACTCGTGTGTGTT_Case_909	438_GTCACTCGTGTGTGTT	TRUE	TRUE
GTCACTCTCACTGCTC_Case_909	438_GTCACTCTCACTGCTC	TRUE	TRUE
GTCAGCGAGGGCAACT_Case_909	438_GTCAGCGAGGGCAACT	TRUE	TRUE
GTCAGCGCACCGCTGA_Case_909	438_GTCAGCGCACCGCTGA	TRUE	TRUE
GTCAGCGCAGGTGTTT_Case_909	438_GTCAGCGCAGGTGTTT	TRUE	TRUE
GTCAGCGGTTGCTTGA_Case_909	438_GTCAGCGGTTGCTTGA	TRUE	TRUE
GTCAGCGTCCGCACTT_Case_909	438_GTCAGCGTCCGCACTT	TRUE	TRUE
GTCATCCGTGTTTGCA_Case_909	438_GTCATCCGTGTTTGCA	TRUE	TRUE
GTCATCCTCGTAGCCG_Case_909	438_GTCATCCTCGTAGCCG	TRUE	TRUE
GTCATGAAGATGCTGG_Case_909	438_GTCATGAAGATGCTGG	TRUE	TRUE
GTCATGAAGTATCTGC_Case_909	438_GTCATGAAGTATCTGC	TRUE	TRUE
GTCATGACACGAAAGC_Case_909	438_GTCATGACACGAAAGC	TRUE	TRUE
GTCATGACATATGAAG_Case_909	438_GTCATGACATATGAAG	TRUE	TRUE
GTCATTTAGATGCTAA_Case_909	438_GTCATTTAGATGCTAA	TRUE	TRUE
GTCATTTCATCGCTCT_Case_909	438_GTCATTTCATCGCTCT	TRUE	TRUE
GTCATTTGTAGACTGG_Case_909	438_GTCATTTGTAGACTGG	TRUE	TRUE
GTCCACTCAGCTGCCA_Case_909	438_GTCCACTCAGCTGCCA	TRUE	TRUE
GTCCACTTCCACGGGT_Case_909	438_GTCCACTTCCACGGGT	TRUE	TRUE
GTCCCATCAGAACCGA_Case_909	438_GTCCCATCAGAACCGA	TRUE	TRUE
GTCCCATCAGCCCACA_Case_909	438_GTCCCATCAGCCCACA	TRUE	TRUE
GTCCCATGTGTAGTGG_Case_909	438_GTCCCATGTGTAGTGG	TRUE	TRUE
GTCCCATTCATTTCGT_Case_909	438_GTCCCATTCATTTCGT	TRUE	TRUE
GTCCCATTCCGCAACG_Case_909	438_GTCCCATTCCGCAACG	TRUE	TRUE
GTCCCATTCTTCGATT_Case_909	438_GTCCCATTCTTCGATT	TRUE	TRUE
GTCCTCAAGATTAGAC_Case_909	438_GTCCTCAAGATTAGAC	TRUE	TRUE
GTCGAATAGGGTCTTT_Case_909	438_GTCGAATAGGGTCTTT	TRUE	TRUE
GTCGAATGTGTGCCTG_Case_909	438_GTCGAATGTGTGCCTG	TRUE	TRUE
GTCGAATTCTACAGGT_Case_909	438_GTCGAATTCTACAGGT	TRUE	TRUE
GTCGCGAGTATTAAGG_Case_909	438_GTCGCGAGTATTAAGG	TRUE	TRUE
GTCGCGATCAGAGTTC_Case_909	438_GTCGCGATCAGAGTTC	TRUE	TRUE
GTCGTAACACGTCGGT_Case_909	438_GTCGTAACACGTCGGT	TRUE	TRUE
GTCGTAAGTCGTATTG_Case_909	438_GTCGTAAGTCGTATTG	TRUE	TRUE
GTCGTAATCGTGTCAA_Case_909	438_GTCGTAATCGTGTCAA	TRUE	TRUE
GTCGTTCTCACCTCTG_Case_909	438_GTCGTTCTCACCTCTG	TRUE	TRUE
GTCTACCTCAAGGCTT_Case_909	438_GTCTACCTCAAGGCTT	TRUE	TRUE
GTCTACCTCCACCTCA_Case_909	438_GTCTACCTCCACCTCA	TRUE	TRUE
GTCTACCTCCGCAAAT_Case_909	438_GTCTACCTCCGCAAAT	TRUE	TRUE
GTCTAGACACAATGCT_Case_909	438_GTCTAGACACAATGCT	TRUE	TRUE
GTCTAGACAGACCAAG_Case_909	438_GTCTAGACAGACCAAG	TRUE	TRUE
GTCTAGAGTAGTACGG_Case_909	438_GTCTAGAGTAGTACGG	TRUE	TRUE
GTCTAGAGTTATCCAG_Case_909	438_GTCTAGAGTTATCCAG	TRUE	TRUE
GTCTAGATCATTCCTA_Case_909	438_GTCTAGATCATTCCTA	TRUE	TRUE
GTCTAGATCCATTCGC_Case_909	438_GTCTAGATCCATTCGC	TRUE	TRUE
GTCTGTCAGCGTGCTC_Case_909	438_GTCTGTCAGCGTGCTC	TRUE	TRUE
GTCTGTCGTCGAACGA_Case_909	438_GTCTGTCGTCGAACGA	TRUE	TRUE
GTCTGTCTCACCTACC_Case_909	438_GTCTGTCTCACCTACC	TRUE	TRUE
GTCTTTAAGATGGCAC_Case_909	438_GTCTTTAAGATGGCAC	TRUE	TRUE
GTCTTTACAACTGGTT_Case_909	438_GTCTTTACAACTGGTT	TRUE	TRUE
GTCTTTACACTCAAGT_Case_909	438_GTCTTTACACTCAAGT	TRUE	TRUE
GTCTTTAGTTTCGTAG_Case_909	438_GTCTTTAGTTTCGTAG	TRUE	TRUE
GTGACGCCAAATCAAG_Case_909	438_GTGACGCCAAATCAAG	TRUE	TRUE
GTGACGCCAGACCGCT_Case_909	438_GTGACGCCAGACCGCT	TRUE	TRUE
GTGACGCTCTGCTTTA_Case_909	438_GTGACGCTCTGCTTTA	TRUE	TRUE
GTGAGCCAGCTGACCC_Case_909	438_GTGAGCCAGCTGACCC	TRUE	TRUE
GTGAGCCAGGGACACT_Case_909	438_GTGAGCCAGGGACACT	TRUE	TRUE
GTGAGCCCACATGACT_Case_909	438_GTGAGCCCACATGACT	TRUE	TRUE
GTGAGCCGTTGTGTAC_Case_909	438_GTGAGCCGTTGTGTAC	TRUE	TRUE
GTGAGGATCCATTGGA_Case_909	438_GTGAGGATCCATTGGA	TRUE	TRUE
GTGAGGATCTCTATGT_Case_909	438_GTGAGGATCTCTATGT	TRUE	TRUE
GTGAGTTAGTACCCTA_Case_909	438_GTGAGTTAGTACCCTA	TRUE	TRUE
GTGAGTTGTCGCCTAG_Case_909	438_GTGAGTTGTCGCCTAG	TRUE	TRUE
GTGATGTAGAGAACCC_Case_909	438_GTGATGTAGAGAACCC	TRUE	TRUE
GTGATGTCAGTCTGGC_Case_909	438_GTGATGTCAGTCTGGC	TRUE	TRUE
GTGATGTGTAAGCTCT_Case_909	438_GTGATGTGTAAGCTCT	TRUE	TRUE
GTGATGTGTTCGGACC_Case_909	438_GTGATGTGTTCGGACC	TRUE	TRUE
GTGATGTTCCCACAGG_Case_909	438_GTGATGTTCCCACAGG	TRUE	TRUE
GTGATGTTCTATACGG_Case_909	438_GTGATGTTCTATACGG	TRUE	TRUE
GTGATGTTCTTTGCGC_Case_909	438_GTGATGTTCTTTGCGC	TRUE	TRUE
GTGCACGAGCTCAGAG_Case_909	438_GTGCACGAGCTCAGAG	TRUE	TRUE
GTGCACGCACTGGCCA_Case_909	438_GTGCACGCACTGGCCA	TRUE	TRUE
GTGCACGCATATTCGG_Case_909	438_GTGCACGCATATTCGG	TRUE	TRUE
GTGCACGTCACGGTCG_Case_909	438_GTGCACGTCACGGTCG	TRUE	TRUE
GTGCAGCCAAATCAGA_Case_909	438_GTGCAGCCAAATCAGA	TRUE	TRUE
GTGCAGCCAATAGTCC_Case_909	438_GTGCAGCCAATAGTCC	TRUE	TRUE
GTGCAGCCAGGCTACC_Case_909	438_GTGCAGCCAGGCTACC	TRUE	TRUE
GTGCAGCGTGACATCT_Case_909	438_GTGCAGCGTGACATCT	TRUE	TRUE
GTGCGTGAGCCAAGCA_Case_909	438_GTGCGTGAGCCAAGCA	TRUE	TRUE
GTGCGTGGTCAACCTA_Case_909	438_GTGCGTGGTCAACCTA	TRUE	TRUE
GTGCGTGGTCTACAAC_Case_909	438_GTGCGTGGTCTACAAC	TRUE	TRUE
GTGCTGGAGGTCGAGT_Case_909	438_GTGCTGGAGGTCGAGT	TRUE	TRUE
GTGCTGGCACGCGTCA_Case_909	438_GTGCTGGCACGCGTCA	TRUE	TRUE
GTGCTGGGTTCAACGT_Case_909	438_GTGCTGGGTTCAACGT	TRUE	TRUE
GTGCTGGTCGTTATCT_Case_909	438_GTGCTGGTCGTTATCT	TRUE	TRUE
GTGCTGGTCTCCGAGG_Case_909	438_GTGCTGGTCTCCGAGG	TRUE	TRUE
GTGCTTCAGCTTCGTA_Case_909	438_GTGCTTCAGCTTCGTA	TRUE	TRUE
GTGCTTCCATCTGGGC_Case_909	438_GTGCTTCCATCTGGGC	TRUE	TRUE
GTGGAAGAGGATCACG_Case_909	438_GTGGAAGAGGATCACG	TRUE	TRUE
GTGGAAGTCCGTTTCG_Case_909	438_GTGGAAGTCCGTTTCG	TRUE	TRUE
GTGGAGAAGTCTTGGT_Case_909	438_GTGGAGAAGTCTTGGT	TRUE	TRUE
GTGGAGACAACCAACT_Case_909	438_GTGGAGACAACCAACT	TRUE	TRUE
GTGGAGACAGCTACAT_Case_909	438_GTGGAGACAGCTACAT	TRUE	TRUE
GTGGAGAGTGGACCAA_Case_909	438_GTGGAGAGTGGACCAA	TRUE	TRUE
GTGGAGATCTCTAGGA_Case_909	438_GTGGAGATCTCTAGGA	TRUE	TRUE
GTGGCGTTCTTCGATT_Case_909	438_GTGGCGTTCTTCGATT	TRUE	TRUE
GTGGGAAAGACTGTTC_Case_909	438_GTGGGAAAGACTGTTC	TRUE	TRUE
GTGGGAAGTAACATCC_Case_909	438_GTGGGAAGTAACATCC	TRUE	TRUE
GTGGGAAGTCAAGTTC_Case_909	438_GTGGGAAGTCAAGTTC	TRUE	TRUE
GTGGGAATCCTCATAT_Case_909	438_GTGGGAATCCTCATAT	TRUE	TRUE
GTGGGAATCGGCGATC_Case_909	438_GTGGGAATCGGCGATC	TRUE	TRUE
GTGGTTAAGGATGAGA_Case_909	438_GTGGTTAAGGATGAGA	TRUE	TRUE
GTGGTTACACTGTTCC_Case_909	438_GTGGTTACACTGTTCC	TRUE	TRUE
GTGGTTATCTCGGCTT_Case_909	438_GTGGTTATCTCGGCTT	TRUE	TRUE
GTGTAACAGTCTAGAA_Case_909	438_GTGTAACAGTCTAGAA	TRUE	TRUE
GTGTAACTCGCTATTT_Case_909	438_GTGTAACTCGCTATTT	TRUE	TRUE
GTGTAACTCTCCGATC_Case_909	438_GTGTAACTCTCCGATC	TRUE	TRUE
GTGTCCTAGTGAGGTC_Case_909	438_GTGTCCTAGTGAGGTC	TRUE	TRUE
GTGTCCTTCACGGTCG_Case_909	438_GTGTCCTTCACGGTCG	TRUE	TRUE
GTGTCCTTCAGCCCAG_Case_909	438_GTGTCCTTCAGCCCAG	TRUE	TRUE
GTGTGATTCTGGCTGG_Case_909	438_GTGTGATTCTGGCTGG	TRUE	TRUE
GTGTGGCGTCACGCTG_Case_909	438_GTGTGGCGTCACGCTG	TRUE	TRUE
GTGTGGCTCGGCATCG_Case_909	438_GTGTGGCTCGGCATCG	TRUE	TRUE
GTGTGGCTCTGAGGTT_Case_909	438_GTGTGGCTCTGAGGTT	TRUE	TRUE
GTGTTAGTCGATCCAA_Case_909	438_GTGTTAGTCGATCCAA	TRUE	TRUE
GTGTTCCAGGACCCAA_Case_909	438_GTGTTCCAGGACCCAA	TRUE	TRUE
GTGTTCCAGTTGGAAT_Case_909	438_GTGTTCCAGTTGGAAT	TRUE	TRUE
GTGTTCCCAACCTATG_Case_909	438_GTGTTCCCAACCTATG	TRUE	TRUE
GTGTTCCCAGGATTCT_Case_909	438_GTGTTCCCAGGATTCT	TRUE	TRUE
GTGTTCCTCATCTATC_Case_909	438_GTGTTCCTCATCTATC	TRUE	TRUE
GTTACAGCAAAGCACG_Case_909	438_GTTACAGCAAAGCACG	TRUE	TRUE
GTTACAGCAAGAGGTC_Case_909	438_GTTACAGCAAGAGGTC	TRUE	TRUE
GTTACAGCAAGTCATC_Case_909	438_GTTACAGCAAGTCATC	TRUE	TRUE
GTTACAGCACGACGCT_Case_909	438_GTTACAGCACGACGCT	TRUE	TRUE
GTTACGAAGAGGTTAT_Case_909	438_GTTACGAAGAGGTTAT	TRUE	TRUE
GTTACGAAGGTTCACT_Case_909	438_GTTACGAAGGTTCACT	TRUE	TRUE
GTTACGAGTCGAGCTC_Case_909	438_GTTACGAGTCGAGCTC	TRUE	TRUE
GTTACGAGTTTCAGAC_Case_909	438_GTTACGAGTTTCAGAC	TRUE	TRUE
GTTACGATCAGCATTG_Case_909	438_GTTACGATCAGCATTG	TRUE	TRUE
GTTAGACAGTCACGCC_Case_909	438_GTTAGACAGTCACGCC	TRUE	TRUE
GTTAGACGTTTCGGCG_Case_909	438_GTTAGACGTTTCGGCG	TRUE	TRUE
GTTAGTGGTATGAGAT_Case_909	438_GTTAGTGGTATGAGAT	TRUE	TRUE
GTTAGTGGTTTGATCG_Case_909	438_GTTAGTGGTTTGATCG	TRUE	TRUE
GTTATGGCATTGTGCA_Case_909	438_GTTATGGCATTGTGCA	TRUE	TRUE
GTTATGGGTCCTATAG_Case_909	438_GTTATGGGTCCTATAG	TRUE	TRUE
GTTATGGTCCCAAGCG_Case_909	438_GTTATGGTCCCAAGCG	TRUE	TRUE
GTTCATTGTAGGAGGG_Case_909	438_GTTCATTGTAGGAGGG	TRUE	TRUE
GTTCATTGTGCCCGTA_Case_909	438_GTTCATTGTGCCCGTA	TRUE	TRUE
GTTCATTGTTGGACTT_Case_909	438_GTTCATTGTTGGACTT	TRUE	TRUE
GTTCATTGTTGTGTAC_Case_909	438_GTTCATTGTTGTGTAC	TRUE	TRUE
GTTCATTTCACGACTA_Case_909	438_GTTCATTTCACGACTA	TRUE	TRUE
GTTCATTTCGGCTGTG_Case_909	438_GTTCATTTCGGCTGTG	TRUE	TRUE
GTTCCGTAGGATTTGA_Case_909	438_GTTCCGTAGGATTTGA	TRUE	TRUE
GTTCCGTCACTACTTT_Case_909	438_GTTCCGTCACTACTTT	TRUE	TRUE
GTTCCGTTCTGTCAGA_Case_909	438_GTTCCGTTCTGTCAGA	TRUE	TRUE
GTTCGCTCACCCGTAG_Case_909	438_GTTCGCTCACCCGTAG	TRUE	TRUE
GTTCGCTGTGTTCGTA_Case_909	438_GTTCGCTGTGTTCGTA	TRUE	TRUE
GTTCGCTTCAAGTCGT_Case_909	438_GTTCGCTTCAAGTCGT	TRUE	TRUE
GTTCTATAGCGATGCA_Case_909	438_GTTCTATAGCGATGCA	TRUE	TRUE
GTTCTATAGGACACTG_Case_909	438_GTTCTATAGGACACTG	TRUE	TRUE
GTTCTATGTACAAACA_Case_909	438_GTTCTATGTACAAACA	TRUE	TRUE
GTTGAACAGCTCTATG_Case_909	438_GTTGAACAGCTCTATG	TRUE	TRUE
GTTGAACGTAGCTAAA_Case_909	438_GTTGAACGTAGCTAAA	TRUE	TRUE
GTTGAACGTGTTAAAG_Case_909	438_GTTGAACGTGTTAAAG	TRUE	TRUE
GTTGCGGAGCGTCTGC_Case_909	438_GTTGCGGAGCGTCTGC	TRUE	TRUE
GTTGCGGAGGAAAGGT_Case_909	438_GTTGCGGAGGAAAGGT	TRUE	TRUE
GTTGCGGAGTGGCAGT_Case_909	438_GTTGCGGAGTGGCAGT	TRUE	TRUE
GTTGCGGTCTGCGGAC_Case_909	438_GTTGCGGTCTGCGGAC	TRUE	TRUE
GTTGCTCAGTGCACAG_Case_909	438_GTTGCTCAGTGCACAG	TRUE	TRUE
GTTGCTCGTAGCTTTG_Case_909	438_GTTGCTCGTAGCTTTG	TRUE	TRUE
GTTGCTCTCGGCTTCT_Case_909	438_GTTGCTCTCGGCTTCT	TRUE	TRUE
GTTGTAGCAAGCGAGT_Case_909	438_GTTGTAGCAAGCGAGT	TRUE	TRUE
GTTGTAGTCGTTGCCT_Case_909	438_GTTGTAGTCGTTGCCT	TRUE	TRUE
GTTGTCCAGAACCGCA_Case_909	438_GTTGTCCAGAACCGCA	TRUE	TRUE
GTTGTGAAGTACAGAT_Case_909	438_GTTGTGAAGTACAGAT	TRUE	TRUE
GTTGTGAGTACCCGCA_Case_909	438_GTTGTGAGTACCCGCA	TRUE	TRUE
GTTGTGATCCGACATA_Case_909	438_GTTGTGATCCGACATA	TRUE	TRUE
GTTTACTCAATTGCCA_Case_909	438_GTTTACTCAATTGCCA	TRUE	TRUE
GTTTACTGTGCTGATT_Case_909	438_GTTTACTGTGCTGATT	TRUE	TRUE
GTTTGGACAATCGTCA_Case_909	438_GTTTGGACAATCGTCA	TRUE	TRUE
TAACCAGCACGACAGA_Case_909	438_TAACCAGCACGACAGA	TRUE	TRUE
TAACCAGGTATGACAA_Case_909	438_TAACCAGGTATGACAA	TRUE	TRUE
TAACCAGTCATAGGCT_Case_909	438_TAACCAGTCATAGGCT	TRUE	TRUE
TAACGACCAAACACCT_Case_909	438_TAACGACCAAACACCT	TRUE	TRUE
TAACGACCATCTCAAG_Case_909	438_TAACGACCATCTCAAG	TRUE	TRUE
TAACGACTCATCGTAG_Case_909	438_TAACGACTCATCGTAG	TRUE	TRUE
TAACGACTCCATTCAT_Case_909	438_TAACGACTCCATTCAT	TRUE	TRUE
TAACGACTCGCCAGAC_Case_909	438_TAACGACTCGCCAGAC	TRUE	TRUE
TAACTTCAGTAAGGGA_Case_909	438_TAACTTCAGTAAGGGA	TRUE	TRUE
TAACTTCCACAAGTTC_Case_909	438_TAACTTCCACAAGTTC	TRUE	TRUE
TAACTTCGTAGCTTTG_Case_909	438_TAACTTCGTAGCTTTG	TRUE	TRUE
TAACTTCTCCGACATA_Case_909	438_TAACTTCTCCGACATA	TRUE	TRUE
TAACTTCTCTACCCAC_Case_909	438_TAACTTCTCTACCCAC	TRUE	TRUE
TAAGCACCAGGCACAA_Case_909	438_TAAGCACCAGGCACAA	TRUE	TRUE
TAAGCACCATCGATGT_Case_909	438_TAAGCACCATCGATGT	TRUE	TRUE
TAAGCACTCTATTCGT_Case_909	438_TAAGCACTCTATTCGT	TRUE	TRUE
TAAGCCACACCGGTCA_Case_909	438_TAAGCCACACCGGTCA	TRUE	TRUE
TAAGCCAGTACCACGC_Case_909	438_TAAGCCAGTACCACGC	TRUE	TRUE
TAAGCCAGTGTCACAT_Case_909	438_TAAGCCAGTGTCACAT	TRUE	TRUE
TAAGCCATCGCTACGG_Case_909	438_TAAGCCATCGCTACGG	TRUE	TRUE
TAAGCGTGTACCTAGT_Case_909	438_TAAGCGTGTACCTAGT	TRUE	TRUE
TAAGTCGCAAAGACGC_Case_909	438_TAAGTCGCAAAGACGC	TRUE	TRUE
TAAGTCGCATACTGAC_Case_909	438_TAAGTCGCATACTGAC	TRUE	TRUE
TAAGTCGTCACCCATC_Case_909	438_TAAGTCGTCACCCATC	TRUE	TRUE
TAATCTCAGATCCAAA_Case_909	438_TAATCTCAGATCCAAA	TRUE	TRUE
TAATCTCTCAGTGTCA_Case_909	438_TAATCTCTCAGTGTCA	TRUE	TRUE
TAATCTCTCGGTCGGT_Case_909	438_TAATCTCTCGGTCGGT	TRUE	TRUE
TAATTCCAGACGGTCA_Case_909	438_TAATTCCAGACGGTCA	TRUE	TRUE
TAATTCCAGGCACGAT_Case_909	438_TAATTCCAGGCACGAT	TRUE	TRUE
TAATTCCAGTGCCGAA_Case_909	438_TAATTCCAGTGCCGAA	TRUE	TRUE
TAATTCCGTGTGCCTG_Case_909	438_TAATTCCGTGTGCCTG	TRUE	TRUE
TAATTCCTCTAAGCGT_Case_909	438_TAATTCCTCTAAGCGT	TRUE	TRUE
TACAACGAGCGGGTAT_Case_909	438_TACAACGAGCGGGTAT	TRUE	TRUE
TACAACGGTAATTAGG_Case_909	438_TACAACGGTAATTAGG	TRUE	TRUE
TACAACGGTACTGTTG_Case_909	438_TACAACGGTACTGTTG	TRUE	TRUE
TACAACGGTCGCTTGG_Case_909	438_TACAACGGTCGCTTGG	TRUE	TRUE
TACAACGTCGCCAGTG_Case_909	438_TACAACGTCGCCAGTG	TRUE	TRUE
TACACCCCAAGTAGTA_Case_909	438_TACACCCCAAGTAGTA	TRUE	TRUE
TACACCCCACAAGTTC_Case_909	438_TACACCCCACAAGTTC	TRUE	TRUE
TACAGGTTCTCGCCTA_Case_909	438_TACAGGTTCTCGCCTA	TRUE	TRUE
TACATTCCAATCCAGT_Case_909	438_TACATTCCAATCCAGT	TRUE	TRUE
TACATTCTCCAACTGA_Case_909	438_TACATTCTCCAACTGA	TRUE	TRUE
TACATTCTCGACGTCG_Case_909	438_TACATTCTCGACGTCG	TRUE	TRUE
TACCCACAGAAGTCTA_Case_909	438_TACCCACAGAAGTCTA	TRUE	TRUE
TACCCACGTAGAGACC_Case_909	438_TACCCACGTAGAGACC	TRUE	TRUE
TACCCACTCAGGACGA_Case_909	438_TACCCACTCAGGACGA	TRUE	TRUE
TACCCACTCCGGTAAT_Case_909	438_TACCCACTCCGGTAAT	TRUE	TRUE
TACCCGTCAAGCTCTA_Case_909	438_TACCCGTCAAGCTCTA	TRUE	TRUE
TACCCGTGTCGACTGC_Case_909	438_TACCCGTGTCGACTGC	TRUE	TRUE
TACCGAAAGAACTTCC_Case_909	438_TACCGAAAGAACTTCC	TRUE	TRUE
TACCGAATCTAGGCCG_Case_909	438_TACCGAATCTAGGCCG	TRUE	TRUE
TACCGGGAGTGGAATT_Case_909	438_TACCGGGAGTGGAATT	TRUE	TRUE
TACCGGGCAGCACACC_Case_909	438_TACCGGGCAGCACACC	TRUE	TRUE
TACCGGGCAGTGTGCC_Case_909	438_TACCGGGCAGTGTGCC	TRUE	TRUE
TACCGGGTCTCCATAT_Case_909	438_TACCGGGTCTCCATAT	TRUE	TRUE
TACCTCGCAAAGGCAC_Case_909	438_TACCTCGCAAAGGCAC	TRUE	TRUE
TACCTCGGTAGGTTTC_Case_909	438_TACCTCGGTAGGTTTC	TRUE	TRUE
TACCTCGTCCAATGCA_Case_909	438_TACCTCGTCCAATGCA	TRUE	TRUE
TACCTCGTCGTTATCT_Case_909	438_TACCTCGTCGTTATCT	TRUE	TRUE
TACCTCGTCTGTTCAT_Case_909	438_TACCTCGTCTGTTCAT	TRUE	TRUE
TACCTGCGTTTAGACC_Case_909	438_TACCTGCGTTTAGACC	TRUE	TRUE
TACGCTCAGATAGCAT_Case_909	438_TACGCTCAGATAGCAT	TRUE	TRUE
TACGCTCAGGATATGT_Case_909	438_TACGCTCAGGATATGT	TRUE	TRUE
TACGCTCGTCAAGTTC_Case_909	438_TACGCTCGTCAAGTTC	TRUE	TRUE
TACGCTCGTCACTCAA_Case_909	438_TACGCTCGTCACTCAA	TRUE	TRUE
TACGGGCGTCTCGGGT_Case_909	438_TACGGGCGTCTCGGGT	TRUE	TRUE
TACGGGCGTGACGCCT_Case_909	438_TACGGGCGTGACGCCT	TRUE	TRUE
TACGGGCTCACTCACC_Case_909	438_TACGGGCTCACTCACC	TRUE	TRUE
TACGGGCTCCACCTGT_Case_909	438_TACGGGCTCCACCTGT	TRUE	TRUE
TACGGGCTCCGGTAAT_Case_909	438_TACGGGCTCCGGTAAT	TRUE	TRUE
TACGGGCTCTTTGCTA_Case_909	438_TACGGGCTCTTTGCTA	TRUE	TRUE
TACGGTATCAAGATAG_Case_909	438_TACGGTATCAAGATAG	TRUE	TRUE
TACGGTATCATACGAC_Case_909	438_TACGGTATCATACGAC	TRUE	TRUE
TACGTCCAGAATTGTG_Case_909	438_TACGTCCAGAATTGTG	TRUE	TRUE
TACTGCCCAGAGGTAC_Case_909	438_TACTGCCCAGAGGTAC	TRUE	TRUE
TACTGCCCATAATGAG_Case_909	438_TACTGCCCATAATGAG	TRUE	TRUE
TACTGCCCATGACTAC_Case_909	438_TACTGCCCATGACTAC	TRUE	TRUE
TACTGCCGTCAGGTGA_Case_909	438_TACTGCCGTCAGGTGA	TRUE	TRUE
TACTGCCTCTCAACCC_Case_909	438_TACTGCCTCTCAACCC	TRUE	TRUE
TACTTACCAACGATTC_Case_909	438_TACTTACCAACGATTC	TRUE	TRUE
TACTTACGTGTTTGCA_Case_909	438_TACTTACGTGTTTGCA	TRUE	TRUE
TACTTCAAGTAAGACT_Case_909	438_TACTTCAAGTAAGACT	TRUE	TRUE
TACTTCACAGCTGTGC_Case_909	438_TACTTCACAGCTGTGC	TRUE	TRUE
TACTTCATCTATGTGG_Case_909	438_TACTTCATCTATGTGG	TRUE	TRUE
TACTTGTAGGACACTG_Case_909	438_TACTTGTAGGACACTG	TRUE	TRUE
TACTTGTCAATCTCTT_Case_909	438_TACTTGTCAATCTCTT	TRUE	TRUE
TACTTGTCACTGATTG_Case_909	438_TACTTGTCACTGATTG	TRUE	TRUE
TAGACCAAGACGAAGA_Case_909	438_TAGACCAAGACGAAGA	TRUE	TRUE
TAGACCACATTCTTCA_Case_909	438_TAGACCACATTCTTCA	TRUE	TRUE
TAGACCAGTAGAGACC_Case_909	438_TAGACCAGTAGAGACC	TRUE	TRUE
TAGACCAGTAGTACGG_Case_909	438_TAGACCAGTAGTACGG	TRUE	TRUE
TAGACCAGTTCCACGG_Case_909	438_TAGACCAGTTCCACGG	TRUE	TRUE
TAGACCATCGGCCAAC_Case_909	438_TAGACCATCGGCCAAC	TRUE	TRUE
TAGACCATCGTTCAGA_Case_909	438_TAGACCATCGTTCAGA	TRUE	TRUE
TAGACTGCAGTTTGGT_Case_909	438_TAGACTGCAGTTTGGT	TRUE	TRUE
TAGACTGCATGGATCT_Case_909	438_TAGACTGCATGGATCT	TRUE	TRUE
TAGACTGTCGGACAAG_Case_909	438_TAGACTGTCGGACAAG	TRUE	TRUE
TAGAGTCAGGGCGAAG_Case_909	438_TAGAGTCAGGGCGAAG	TRUE	TRUE
TAGAGTCGTATCGCTA_Case_909	438_TAGAGTCGTATCGCTA	TRUE	TRUE
TAGATCGCATCCTAAG_Case_909	438_TAGATCGCATCCTAAG	TRUE	TRUE
TAGATCGCATTGTACG_Case_909	438_TAGATCGCATTGTACG	TRUE	TRUE
TAGATCGGTATACCCA_Case_909	438_TAGATCGGTATACCCA	TRUE	TRUE
TAGCACAAGAGCACTG_Case_909	438_TAGCACAAGAGCACTG	TRUE	TRUE
TAGCACAGTGCCGTAC_Case_909	438_TAGCACAGTGCCGTAC	TRUE	TRUE
TAGCACAGTGCGTGCT_Case_909	438_TAGCACAGTGCGTGCT	TRUE	TRUE
TAGGAGGTCAGTCACA_Case_909	438_TAGGAGGTCAGTCACA	TRUE	TRUE
TAGGGTTAGGTCCCTG_Case_909	438_TAGGGTTAGGTCCCTG	TRUE	TRUE
TAGGGTTTCGATGCTA_Case_909	438_TAGGGTTTCGATGCTA	TRUE	TRUE
TAGGGTTTCTATGTGG_Case_909	438_TAGGGTTTCTATGTGG	TRUE	TRUE
TAGGGTTTCTCGCTCA_Case_909	438_TAGGGTTTCTCGCTCA	TRUE	TRUE
TAGGTACAGAATTGTG_Case_909	438_TAGGTACAGAATTGTG	TRUE	TRUE
TAGGTACAGACATAGT_Case_909	438_TAGGTACAGACATAGT	TRUE	TRUE
TAGGTACAGGTAGTAT_Case_909	438_TAGGTACAGGTAGTAT	TRUE	TRUE
TAGGTACCACAAACGG_Case_909	438_TAGGTACCACAAACGG	TRUE	TRUE
TAGGTACCAGAACATA_Case_909	438_TAGGTACCAGAACATA	TRUE	TRUE
TAGGTACGTACGTGTT_Case_909	438_TAGGTACGTACGTGTT	TRUE	TRUE
TAGGTACGTACTAACC_Case_909	438_TAGGTACGTACTAACC	TRUE	TRUE
TAGGTACGTTCGTAAC_Case_909	438_TAGGTACGTTCGTAAC	TRUE	TRUE
TAGGTTGGTAGGATAT_Case_909	438_TAGGTTGGTAGGATAT	TRUE	TRUE
TAGTGCACAACAACAA_Case_909	438_TAGTGCACAACAACAA	TRUE	TRUE
TAGTGCACAATCAAGA_Case_909	438_TAGTGCACAATCAAGA	TRUE	TRUE
TAGTGCACAGGCACTC_Case_909	438_TAGTGCACAGGCACTC	TRUE	TRUE
TAGTGCAGTAACACCT_Case_909	438_TAGTGCAGTAACACCT	TRUE	TRUE
TAGTGCAGTGCATCTA_Case_909	438_TAGTGCAGTGCATCTA	TRUE	TRUE
TAGTGCATCAAGTGTC_Case_909	438_TAGTGCATCAAGTGTC	TRUE	TRUE
TATACCTCATCCCACT_Case_909	438_TATACCTCATCCCACT	TRUE	TRUE
TATACCTGTGCCCTTT_Case_909	438_TATACCTGTGCCCTTT	TRUE	TRUE
TATATCCAGATGCTAA_Case_909	438_TATATCCAGATGCTAA	TRUE	TRUE
TATATCCAGGGCAATC_Case_909	438_TATATCCAGGGCAATC	TRUE	TRUE
TATATCCCAAATAGCA_Case_909	438_TATATCCCAAATAGCA	TRUE	TRUE
TATATCCCACTACGGC_Case_909	438_TATATCCCACTACGGC	TRUE	TRUE
TATATCCCATAACGGG_Case_909	438_TATATCCCATAACGGG	TRUE	TRUE
TATATCCTCGACCCAG_Case_909	438_TATATCCTCGACCCAG	TRUE	TRUE
TATATCCTCTGAATGC_Case_909	438_TATATCCTCTGAATGC	TRUE	TRUE
TATCAGGAGAGGCCAT_Case_909	438_TATCAGGAGAGGCCAT	TRUE	TRUE
TATCAGGAGGTAATCA_Case_909	438_TATCAGGAGGTAATCA	TRUE	TRUE
TATCAGGCAACTTGCA_Case_909	438_TATCAGGCAACTTGCA	TRUE	TRUE
TATCAGGCACGACGAA_Case_909	438_TATCAGGCACGACGAA	TRUE	TRUE
TATCAGGGTGACAGCA_Case_909	438_TATCAGGGTGACAGCA	TRUE	TRUE
TATCAGGTCAACCTTT_Case_909	438_TATCAGGTCAACCTTT	TRUE	TRUE
TATCAGGTCAGATTGC_Case_909	438_TATCAGGTCAGATTGC	TRUE	TRUE
TATCAGGTCTCTATGT_Case_909	438_TATCAGGTCTCTATGT	TRUE	TRUE
TATCCTACAGACATCT_Case_909	438_TATCCTACAGACATCT	TRUE	TRUE
TATCCTAGTCAAATCC_Case_909	438_TATCCTAGTCAAATCC	TRUE	TRUE
TATCCTATCAAATGCC_Case_909	438_TATCCTATCAAATGCC	TRUE	TRUE
TATCGCCAGAGAGCCT_Case_909	438_TATCGCCAGAGAGCCT	TRUE	TRUE
TATCGCCAGATCGGTG_Case_909	438_TATCGCCAGATCGGTG	TRUE	TRUE
TATCTGTAGCAGCCCT_Case_909	438_TATCTGTAGCAGCCCT	TRUE	TRUE
TATCTGTCATCACCAA_Case_909	438_TATCTGTCATCACCAA	TRUE	TRUE
TATCTGTGTATGCGGA_Case_909	438_TATCTGTGTATGCGGA	TRUE	TRUE
TATCTGTTCCAAGAGG_Case_909	438_TATCTGTTCCAAGAGG	TRUE	TRUE
TATCTTGGTGTCGCTG_Case_909	438_TATCTTGGTGTCGCTG	TRUE	TRUE
TATCTTGTCTCATGCC_Case_909	438_TATCTTGTCTCATGCC	TRUE	TRUE
TATGTTCCACGAGGAT_Case_909	438_TATGTTCCACGAGGAT	TRUE	TRUE
TATGTTCCATCTTTCA_Case_909	438_TATGTTCCATCTTTCA	TRUE	TRUE
TATGTTCGTGACGCCT_Case_909	438_TATGTTCGTGACGCCT	TRUE	TRUE
TATGTTCTCGTTCTGC_Case_909	438_TATGTTCTCGTTCTGC	TRUE	TRUE
TATGTTCTCTATCACT_Case_909	438_TATGTTCTCTATCACT	TRUE	TRUE
TATTCCACAGACGATG_Case_909	438_TATTCCACAGACGATG	TRUE	TRUE
TATTCCATCTTACGTT_Case_909	438_TATTCCATCTTACGTT	TRUE	TRUE
TATTGCTTCCTAGCCT_Case_909	438_TATTGCTTCCTAGCCT	TRUE	TRUE
TATTGGGCACGCGGTT_Case_909	438_TATTGGGCACGCGGTT	TRUE	TRUE
TATTGGGGTCACCGAC_Case_909	438_TATTGGGGTCACCGAC	TRUE	TRUE
TATTTCGAGTCACAGG_Case_909	438_TATTTCGAGTCACAGG	TRUE	TRUE
TATTTCGCAATCTAGC_Case_909	438_TATTTCGCAATCTAGC	TRUE	TRUE
TATTTCGCAGGAGGTT_Case_909	438_TATTTCGCAGGAGGTT	TRUE	TRUE
TATTTCGGTCGAGTGA_Case_909	438_TATTTCGGTCGAGTGA	TRUE	TRUE
TATTTCGTCTCTGCTG_Case_909	438_TATTTCGTCTCTGCTG	TRUE	TRUE
TCAAGACAGATTGAGT_Case_909	438_TCAAGACAGATTGAGT	TRUE	TRUE
TCAAGACAGGTCACCC_Case_909	438_TCAAGACAGGTCACCC	TRUE	TRUE
TCAAGACGTGCTCTCT_Case_909	438_TCAAGACGTGCTCTCT	TRUE	TRUE
TCAAGACTCCACACAA_Case_909	438_TCAAGACTCCACACAA	TRUE	TRUE
TCAAGCAAGAGAGAAC_Case_909	438_TCAAGCAAGAGAGAAC	TRUE	TRUE
TCAAGCAAGTTACGGG_Case_909	438_TCAAGCAAGTTACGGG	TRUE	TRUE
TCAAGCATCTACTTCA_Case_909	438_TCAAGCATCTACTTCA	TRUE	TRUE
TCAAGTGAGGCGTTGA_Case_909	438_TCAAGTGAGGCGTTGA	TRUE	TRUE
TCAAGTGAGTCATCGT_Case_909	438_TCAAGTGAGTCATCGT	TRUE	TRUE
TCAAGTGCAAGGTCAG_Case_909	438_TCAAGTGCAAGGTCAG	TRUE	TRUE
TCAAGTGCAAGTGGTG_Case_909	438_TCAAGTGCAAGTGGTG	TRUE	TRUE
TCAAGTGCACACCTTC_Case_909	438_TCAAGTGCACACCTTC	TRUE	TRUE
TCAAGTGCAGGTGTTT_Case_909	438_TCAAGTGCAGGTGTTT	TRUE	TRUE
TCAAGTGGTATCCCTC_Case_909	438_TCAAGTGGTATCCCTC	TRUE	TRUE
TCAATCTAGGCGCTTC_Case_909	438_TCAATCTAGGCGCTTC	TRUE	TRUE
TCAATCTCATCTGGGC_Case_909	438_TCAATCTCATCTGGGC	TRUE	TRUE
TCAATCTTCAATCAGC_Case_909	438_TCAATCTTCAATCAGC	TRUE	TRUE
TCAATTCAGTGTTCCA_Case_909	438_TCAATTCAGTGTTCCA	TRUE	TRUE
TCAATTCCAGGCGTTC_Case_909	438_TCAATTCCAGGCGTTC	TRUE	TRUE
TCACAAGAGATCCAAA_Case_909	438_TCACAAGAGATCCAAA	TRUE	TRUE
TCACAAGAGGACAGCT_Case_909	438_TCACAAGAGGACAGCT	TRUE	TRUE
TCACAAGTCCGCACTT_Case_909	438_TCACAAGTCCGCACTT	TRUE	TRUE
TCACAAGTCTTAGCCC_Case_909	438_TCACAAGTCTTAGCCC	TRUE	TRUE
TCACACCAGAGCAAGA_Case_909	438_TCACACCAGAGCAAGA	TRUE	TRUE
TCACACCAGCCGTCGT_Case_909	438_TCACACCAGCCGTCGT	TRUE	TRUE
TCACACCGTCGGCCTA_Case_909	438_TCACACCGTCGGCCTA	TRUE	TRUE
TCACACCTCGTGCATA_Case_909	438_TCACACCTCGTGCATA	TRUE	TRUE
TCACACCTCTGGGATT_Case_909	438_TCACACCTCTGGGATT	TRUE	TRUE
TCACATTCACACTTAG_Case_909	438_TCACATTCACACTTAG	TRUE	TRUE
TCACATTCACAGCTGC_Case_909	438_TCACATTCACAGCTGC	TRUE	TRUE
TCACGCTCAAGTCCCG_Case_909	438_TCACGCTCAAGTCCCG	TRUE	TRUE
TCACGCTTCATTACGG_Case_909	438_TCACGCTTCATTACGG	TRUE	TRUE
TCACGCTTCCTTGGAA_Case_909	438_TCACGCTTCCTTGGAA	TRUE	TRUE
TCACGGGAGCACAAAT_Case_909	438_TCACGGGAGCACAAAT	TRUE	TRUE
TCACGGGAGTAACCGG_Case_909	438_TCACGGGAGTAACCGG	TRUE	TRUE
TCACGGGCAACGACAG_Case_909	438_TCACGGGCAACGACAG	TRUE	TRUE
TCACGGGGTTTGATCG_Case_909	438_TCACGGGGTTTGATCG	TRUE	TRUE
TCACTATAGACCACGA_Case_909	438_TCACTATAGACCACGA	TRUE	TRUE
TCACTATCACTCAGAT_Case_909	438_TCACTATCACTCAGAT	TRUE	TRUE
TCACTATGTACCTATG_Case_909	438_TCACTATGTACCTATG	TRUE	TRUE
TCACTATTCTCACTCG_Case_909	438_TCACTATTCTCACTCG	TRUE	TRUE
TCACTCGAGCGTCTGC_Case_909	438_TCACTCGAGCGTCTGC	TRUE	TRUE
TCACTCGCAATTTCGG_Case_909	438_TCACTCGCAATTTCGG	TRUE	TRUE
TCACTCGCACTAGGTT_Case_909	438_TCACTCGCACTAGGTT	TRUE	TRUE
TCACTCGGTCCACTTC_Case_909	438_TCACTCGGTCCACTTC	TRUE	TRUE
TCACTCGGTTCCTAGA_Case_909	438_TCACTCGGTTCCTAGA	TRUE	TRUE
TCAGCAAAGAATAGTC_Case_909	438_TCAGCAAAGAATAGTC	TRUE	TRUE
TCAGCAAAGACTACCT_Case_909	438_TCAGCAAAGACTACCT	TRUE	TRUE
TCAGCAAAGTTCAACC_Case_909	438_TCAGCAAAGTTCAACC	TRUE	TRUE
TCAGCAACACTATGTG_Case_909	438_TCAGCAACACTATGTG	TRUE	TRUE
TCAGCAACATAAGCAA_Case_909	438_TCAGCAACATAAGCAA	TRUE	TRUE
TCAGCAATCCCTTGGT_Case_909	438_TCAGCAATCCCTTGGT	TRUE	TRUE
TCAGCCTAGTACTGTC_Case_909	438_TCAGCCTAGTACTGTC	TRUE	TRUE
TCAGCCTAGTAGTCAA_Case_909	438_TCAGCCTAGTAGTCAA	TRUE	TRUE
TCAGCCTGTATATGGA_Case_909	438_TCAGCCTGTATATGGA	TRUE	TRUE
TCAGCCTTCCACAGCG_Case_909	438_TCAGCCTTCCACAGCG	TRUE	TRUE
TCAGCCTTCCACCCTA_Case_909	438_TCAGCCTTCCACCCTA	TRUE	TRUE
TCAGCCTTCCTCTTTC_Case_909	438_TCAGCCTTCCTCTTTC	TRUE	TRUE
TCAGCCTTCGTGCAGC_Case_909	438_TCAGCCTTCGTGCAGC	TRUE	TRUE
TCAGGGCCAAATAGCA_Case_909	438_TCAGGGCCAAATAGCA	TRUE	TRUE
TCAGGGCCAGCCATTA_Case_909	438_TCAGGGCCAGCCATTA	TRUE	TRUE
TCAGGGCCATCGTCCT_Case_909	438_TCAGGGCCATCGTCCT	TRUE	TRUE
TCAGGGCGTGGGCTTC_Case_909	438_TCAGGGCGTGGGCTTC	TRUE	TRUE
TCAGGTAAGTAGTCAA_Case_909	438_TCAGGTAAGTAGTCAA	TRUE	TRUE
TCAGGTAGTAATCAAG_Case_909	438_TCAGGTAGTAATCAAG	TRUE	TRUE
TCAGGTATCAGTCCGG_Case_909	438_TCAGGTATCAGTCCGG	TRUE	TRUE
TCAGTCCCACAAGTTC_Case_909	438_TCAGTCCCACAAGTTC	TRUE	TRUE
TCAGTCCTCAGGACAG_Case_909	438_TCAGTCCTCAGGACAG	TRUE	TRUE
TCAGTCCTCGTGGCGT_Case_909	438_TCAGTCCTCGTGGCGT	TRUE	TRUE
TCAGTGAAGCTATCCA_Case_909	438_TCAGTGAAGCTATCCA	TRUE	TRUE
TCAGTGAAGTGATCGG_Case_909	438_TCAGTGAAGTGATCGG	TRUE	TRUE
TCAGTTTTCCCGTTCA_Case_909	438_TCAGTTTTCCCGTTCA	TRUE	TRUE
TCATACTCAAGTCGTT_Case_909	438_TCATACTCAAGTCGTT	TRUE	TRUE
TCATACTCACACCGAC_Case_909	438_TCATACTCACACCGAC	TRUE	TRUE
TCATACTCAGGATTCT_Case_909	438_TCATACTCAGGATTCT	TRUE	TRUE
TCATACTGTAGCTGCC_Case_909	438_TCATACTGTAGCTGCC	TRUE	TRUE
TCATATCAGCGGGTTA_Case_909	438_TCATATCAGCGGGTTA	TRUE	TRUE
TCATATCCAGCAGACA_Case_909	438_TCATATCCAGCAGACA	TRUE	TRUE
TCATATCCATGCGGTC_Case_909	438_TCATATCCATGCGGTC	TRUE	TRUE
TCATATCGTCGTTCAA_Case_909	438_TCATATCGTCGTTCAA	TRUE	TRUE
TCATATCTCACGACTA_Case_909	438_TCATATCTCACGACTA	TRUE	TRUE
TCATATCTCCGTCAAA_Case_909	438_TCATATCTCCGTCAAA	TRUE	TRUE
TCATATCTCCTCTCTT_Case_909	438_TCATATCTCCTCTCTT	TRUE	TRUE
TCATCATGTCATATGC_Case_909	438_TCATCATGTCATATGC	TRUE	TRUE
TCATCATTCTGGCTGG_Case_909	438_TCATCATTCTGGCTGG	TRUE	TRUE
TCATCCGCAAGGCTTT_Case_909	438_TCATCCGCAAGGCTTT	TRUE	TRUE
TCATGAGAGACGGTTG_Case_909	438_TCATGAGAGACGGTTG	TRUE	TRUE
TCATGAGAGAGATTCA_Case_909	438_TCATGAGAGAGATTCA	TRUE	TRUE
TCATGAGAGGTAGTAT_Case_909	438_TCATGAGAGGTAGTAT	TRUE	TRUE
TCATGAGCACCATAAC_Case_909	438_TCATGAGCACCATAAC	TRUE	TRUE
TCATGAGGTGACGTCC_Case_909	438_TCATGAGGTGACGTCC	TRUE	TRUE
TCATGCCAGTAATACG_Case_909	438_TCATGCCAGTAATACG	TRUE	TRUE
TCATGCCCAGCAGACA_Case_909	438_TCATGCCCAGCAGACA	TRUE	TRUE
TCATGCCCAGGCCTGT_Case_909	438_TCATGCCCAGGCCTGT	TRUE	TRUE
TCATGCCGTGCAACGA_Case_909	438_TCATGCCGTGCAACGA	TRUE	TRUE
TCATGGAAGCAGTACG_Case_909	438_TCATGGAAGCAGTACG	TRUE	TRUE
TCATGGAAGGTGAGAA_Case_909	438_TCATGGAAGGTGAGAA	TRUE	TRUE
TCATGGACAGTCGCAC_Case_909	438_TCATGGACAGTCGCAC	TRUE	TRUE
TCATGGACATGACACT_Case_909	438_TCATGGACATGACACT	TRUE	TRUE
TCATGGAGTGATAGAT_Case_909	438_TCATGGAGTGATAGAT	TRUE	TRUE
TCATGGAGTGTGTGGA_Case_909	438_TCATGGAGTGTGTGGA	TRUE	TRUE
TCATGTTGTTTGACAC_Case_909	438_TCATGTTGTTTGACAC	TRUE	TRUE
TCATTACAGCGTCAGA_Case_909	438_TCATTACAGCGTCAGA	TRUE	TRUE
TCATTACAGCTGTTCA_Case_909	438_TCATTACAGCTGTTCA	TRUE	TRUE
TCATTACAGTCCCGGT_Case_909	438_TCATTACAGTCCCGGT	TRUE	TRUE
TCATTACCAGAGTAAT_Case_909	438_TCATTACCAGAGTAAT	TRUE	TRUE
TCATTACCATAACAGA_Case_909	438_TCATTACCATAACAGA	TRUE	TRUE
TCATTACTCGGTAACT_Case_909	438_TCATTACTCGGTAACT	TRUE	TRUE
TCATTCAAGTTAGTAG_Case_909	438_TCATTCAAGTTAGTAG	TRUE	TRUE
TCATTCACAGTTCACA_Case_909	438_TCATTCACAGTTCACA	TRUE	TRUE
TCATTCACATGTGCTA_Case_909	438_TCATTCACATGTGCTA	TRUE	TRUE
TCATTCACATTAAGCC_Case_909	438_TCATTCACATTAAGCC	TRUE	TRUE
TCATTCATCCGATCGG_Case_909	438_TCATTCATCCGATCGG	TRUE	TRUE
TCATTCATCGCGTGAC_Case_909	438_TCATTCATCGCGTGAC	TRUE	TRUE
TCATTGTGTGGCCCAT_Case_909	438_TCATTGTGTGGCCCAT	TRUE	TRUE
TCATTTGCAACTCGAT_Case_909	438_TCATTTGCAACTCGAT	TRUE	TRUE
TCATTTGGTCGAGCTC_Case_909	438_TCATTTGGTCGAGCTC	TRUE	TRUE
TCATTTGTCCATAGAC_Case_909	438_TCATTTGTCCATAGAC	TRUE	TRUE
TCCACCACACCTGTCT_Case_909	438_TCCACCACACCTGTCT	TRUE	TRUE
TCCACCACACGGTCTG_Case_909	438_TCCACCACACGGTCTG	TRUE	TRUE
TCCACCACAGAGTGAC_Case_909	438_TCCACCACAGAGTGAC	TRUE	TRUE
TCCACCAGTTAAGGGC_Case_909	438_TCCACCAGTTAAGGGC	TRUE	TRUE
TCCACCATCATCGCAA_Case_909	438_TCCACCATCATCGCAA	TRUE	TRUE
TCCACCATCGTGAGAG_Case_909	438_TCCACCATCGTGAGAG	TRUE	TRUE
TCCACGTAGCCGCACT_Case_909	438_TCCACGTAGCCGCACT	TRUE	TRUE
TCCACGTCACTTCTCG_Case_909	438_TCCACGTCACTTCTCG	TRUE	TRUE
TCCACGTCATTGTGCA_Case_909	438_TCCACGTCATTGTGCA	TRUE	TRUE
TCCACGTGTAGTAAGT_Case_909	438_TCCACGTGTAGTAAGT	TRUE	TRUE
TCCACGTGTCAAAGAT_Case_909	438_TCCACGTGTCAAAGAT	TRUE	TRUE
TCCACGTTCCTCGATC_Case_909	438_TCCACGTTCCTCGATC	TRUE	TRUE
TCCAGAAAGACAAGCC_Case_909	438_TCCAGAAAGACAAGCC	TRUE	TRUE
TCCAGAAAGGAGTCTG_Case_909	438_TCCAGAAAGGAGTCTG	TRUE	TRUE
TCCAGAAAGTATGACA_Case_909	438_TCCAGAAAGTATGACA	TRUE	TRUE
TCCAGAACAATAGGAT_Case_909	438_TCCAGAACAATAGGAT	TRUE	TRUE
TCCAGAACAATTGCGT_Case_909	438_TCCAGAACAATTGCGT	TRUE	TRUE
TCCAGAACACTGCGTG_Case_909	438_TCCAGAACACTGCGTG	TRUE	TRUE
TCCAGAACATTACGGT_Case_909	438_TCCAGAACATTACGGT	TRUE	TRUE
TCCAGAAGTTGCCGCA_Case_909	438_TCCAGAAGTTGCCGCA	TRUE	TRUE
TCCAGAAGTTGGAGGT_Case_909	438_TCCAGAAGTTGGAGGT	TRUE	TRUE
TCCAGAATCACCCTTG_Case_909	438_TCCAGAATCACCCTTG	TRUE	TRUE
TCCATCGAGAGGGTAA_Case_909	438_TCCATCGAGAGGGTAA	TRUE	TRUE
TCCATCGAGGTTATAG_Case_909	438_TCCATCGAGGTTATAG	TRUE	TRUE
TCCATCGCAAACCACT_Case_909	438_TCCATCGCAAACCACT	TRUE	TRUE
TCCATCGCAGAGGCTA_Case_909	438_TCCATCGCAGAGGCTA	TRUE	TRUE
TCCATCGGTTGGAGAC_Case_909	438_TCCATCGGTTGGAGAC	TRUE	TRUE
TCCATCGTCACTGCTC_Case_909	438_TCCATCGTCACTGCTC	TRUE	TRUE
TCCATCGTCACTTGTT_Case_909	438_TCCATCGTCACTTGTT	TRUE	TRUE
TCCATCGTCATTCGTT_Case_909	438_TCCATCGTCATTCGTT	TRUE	TRUE
TCCATGCAGCTACGTT_Case_909	438_TCCATGCAGCTACGTT	TRUE	TRUE
TCCATGCTCTATACTC_Case_909	438_TCCATGCTCTATACTC	TRUE	TRUE
TCCATGCTCTGGGCGT_Case_909	438_TCCATGCTCTGGGCGT	TRUE	TRUE
TCCCACACAACAAGAT_Case_909	438_TCCCACACAACAAGAT	TRUE	TRUE
TCCCACACAGTCAACT_Case_909	438_TCCCACACAGTCAACT	TRUE	TRUE
TCCCAGTAGATCGGTG_Case_909	438_TCCCAGTAGATCGGTG	TRUE	TRUE
TCCCAGTAGGAGATAG_Case_909	438_TCCCAGTAGGAGATAG	TRUE	TRUE
TCCCAGTCAGGTCCGT_Case_909	438_TCCCAGTCAGGTCCGT	TRUE	TRUE
TCCCAGTGTGGCATCC_Case_909	438_TCCCAGTGTGGCATCC	TRUE	TRUE
TCCCAGTGTGGCCACT_Case_909	438_TCCCAGTGTGGCCACT	TRUE	TRUE
TCCCATGTCTGCCTCA_Case_909	438_TCCCATGTCTGCCTCA	TRUE	TRUE
TCCGAAATCGGCCTTT_Case_909	438_TCCGAAATCGGCCTTT	TRUE	TRUE
TCCGATCTCATGAGTC_Case_909	438_TCCGATCTCATGAGTC	TRUE	TRUE
TCCGATCTCCAATCTT_Case_909	438_TCCGATCTCCAATCTT	TRUE	TRUE
TCCGATCTCCGGACTG_Case_909	438_TCCGATCTCCGGACTG	TRUE	TRUE
TCCGGGAAGACTCAAA_Case_909	438_TCCGGGAAGACTCAAA	TRUE	TRUE
TCCGGGACAGTAACAA_Case_909	438_TCCGGGACAGTAACAA	TRUE	TRUE
TCCGGGACATGGAGAC_Case_909	438_TCCGGGACATGGAGAC	TRUE	TRUE
TCCGGGACATTCACCC_Case_909	438_TCCGGGACATTCACCC	TRUE	TRUE
TCCGGGAGTAAGGAGA_Case_909	438_TCCGGGAGTAAGGAGA	TRUE	TRUE
TCCGGGAGTCGATGCC_Case_909	438_TCCGGGAGTCGATGCC	TRUE	TRUE
TCCGGGAGTGGTTTAC_Case_909	438_TCCGGGAGTGGTTTAC	TRUE	TRUE
TCCGGGATCTTCGTAT_Case_909	438_TCCGGGATCTTCGTAT	TRUE	TRUE
TCCGTGTCAACACGTT_Case_909	438_TCCGTGTCAACACGTT	TRUE	TRUE
TCCTAATAGCAGGTCA_Case_909	438_TCCTAATAGCAGGTCA	TRUE	TRUE
TCCTAATAGGTAGTAT_Case_909	438_TCCTAATAGGTAGTAT	TRUE	TRUE
TCCTAATCAACAAGTA_Case_909	438_TCCTAATCAACAAGTA	TRUE	TRUE
TCCTAATGTCAAGTTC_Case_909	438_TCCTAATGTCAAGTTC	TRUE	TRUE
TCCTAATGTCGGCACT_Case_909	438_TCCTAATGTCGGCACT	TRUE	TRUE
TCCTAATTCAGCTAGT_Case_909	438_TCCTAATTCAGCTAGT	TRUE	TRUE
TCCTCCCCATAGCACT_Case_909	438_TCCTCCCCATAGCACT	TRUE	TRUE
TCCTCCCCATTCGGGC_Case_909	438_TCCTCCCCATTCGGGC	TRUE	TRUE
TCCTCCCGTAGAGCTG_Case_909	438_TCCTCCCGTAGAGCTG	TRUE	TRUE
TCCTCCCTCCTACGGG_Case_909	438_TCCTCCCTCCTACGGG	TRUE	TRUE
TCCTCGAAGGTCCTGC_Case_909	438_TCCTCGAAGGTCCTGC	TRUE	TRUE
TCCTCGACAGAGGAAA_Case_909	438_TCCTCGACAGAGGAAA	TRUE	TRUE
TCCTCGAGTCTCGGGT_Case_909	438_TCCTCGAGTCTCGGGT	TRUE	TRUE
TCCTCGATCACGGACC_Case_909	438_TCCTCGATCACGGACC	TRUE	TRUE
TCCTCTTAGAACAAGG_Case_909	438_TCCTCTTAGAACAAGG	TRUE	TRUE
TCCTCTTCACCGTACG_Case_909	438_TCCTCTTCACCGTACG	TRUE	TRUE
TCCTGCAAGTTCACTG_Case_909	438_TCCTGCAAGTTCACTG	TRUE	TRUE
TCCTGCACAATGGCCC_Case_909	438_TCCTGCACAATGGCCC	TRUE	TRUE
TCCTGCACAGTCTGGC_Case_909	438_TCCTGCACAGTCTGGC	TRUE	TRUE
TCCTGCATCGAGATGG_Case_909	438_TCCTGCATCGAGATGG	TRUE	TRUE
TCCTGCATCGCATAGT_Case_909	438_TCCTGCATCGCATAGT	TRUE	TRUE
TCCTGCATCTTACCGC_Case_909	438_TCCTGCATCTTACCGC	TRUE	TRUE
TCCTTCTGTCGTATGT_Case_909	438_TCCTTCTGTCGTATGT	TRUE	TRUE
TCCTTTCAGTCATGCT_Case_909	438_TCCTTTCAGTCATGCT	TRUE	TRUE
TCCTTTCTCGACGTCG_Case_909	438_TCCTTTCTCGACGTCG	TRUE	TRUE
TCGAACACAGCACAGA_Case_909	438_TCGAACACAGCACAGA	TRUE	TRUE
TCGAACACATCGTGGC_Case_909	438_TCGAACACATCGTGGC	TRUE	TRUE
TCGAACAGTATACCCA_Case_909	438_TCGAACAGTATACCCA	TRUE	TRUE
TCGAAGTAGCCTGAAG_Case_909	438_TCGAAGTAGCCTGAAG	TRUE	TRUE
TCGAAGTAGGGCCTCT_Case_909	438_TCGAAGTAGGGCCTCT	TRUE	TRUE
TCGAAGTCACGTATAC_Case_909	438_TCGAAGTCACGTATAC	TRUE	TRUE
TCGAAGTCATCCCACT_Case_909	438_TCGAAGTCATCCCACT	TRUE	TRUE
TCGAAGTGTCAATCTG_Case_909	438_TCGAAGTGTCAATCTG	TRUE	TRUE
TCGAAGTGTTCAATCG_Case_909	438_TCGAAGTGTTCAATCG	TRUE	TRUE
TCGACCTAGATTGATG_Case_909	438_TCGACCTAGATTGATG	TRUE	TRUE
TCGACCTAGGAACATT_Case_909	438_TCGACCTAGGAACATT	TRUE	TRUE
TCGACCTCAGACAAGC_Case_909	438_TCGACCTCAGACAAGC	TRUE	TRUE
TCGACCTTCCGGCTTT_Case_909	438_TCGACCTTCCGGCTTT	TRUE	TRUE
TCGACGGTCCAACTAG_Case_909	438_TCGACGGTCCAACTAG	TRUE	TRUE
TCGACGGTCTGCGGGT_Case_909	438_TCGACGGTCTGCGGGT	TRUE	TRUE
TCGATTTGTGTCCCTT_Case_909	438_TCGATTTGTGTCCCTT	TRUE	TRUE
TCGATTTTCACACGAT_Case_909	438_TCGATTTTCACACGAT	TRUE	TRUE
TCGCACTAGGAAAGAC_Case_909	438_TCGCACTAGGAAAGAC	TRUE	TRUE
TCGCACTCACACGGAA_Case_909	438_TCGCACTCACACGGAA	TRUE	TRUE
TCGCAGGAGGGCCTCT_Case_909	438_TCGCAGGAGGGCCTCT	TRUE	TRUE
TCGCAGGAGTTTGCTG_Case_909	438_TCGCAGGAGTTTGCTG	TRUE	TRUE
TCGCAGGCAAGTGGTG_Case_909	438_TCGCAGGCAAGTGGTG	TRUE	TRUE
TCGCTCAGTGCCCGTA_Case_909	438_TCGCTCAGTGCCCGTA	TRUE	TRUE
TCGCTTGAGACTCATC_Case_909	438_TCGCTTGAGACTCATC	TRUE	TRUE
TCGCTTGAGGGAGGAC_Case_909	438_TCGCTTGAGGGAGGAC	TRUE	TRUE
TCGCTTGAGTTGTCAC_Case_909	438_TCGCTTGAGTTGTCAC	TRUE	TRUE
TCGCTTGGTATTGAGA_Case_909	438_TCGCTTGGTATTGAGA	TRUE	TRUE
TCGCTTGTCATTATCC_Case_909	438_TCGCTTGTCATTATCC	TRUE	TRUE
TCGCTTGTCCTTTAGT_Case_909	438_TCGCTTGTCCTTTAGT	TRUE	TRUE
TCGGATAAGCACACCC_Case_909	438_TCGGATAAGCACACCC	TRUE	TRUE
TCGGATATCCAGGACC_Case_909	438_TCGGATATCCAGGACC	TRUE	TRUE
TCGGGACAGCCATGCC_Case_909	438_TCGGGACAGCCATGCC	TRUE	TRUE
TCGGGACAGTGACCTT_Case_909	438_TCGGGACAGTGACCTT	TRUE	TRUE
TCGGGCAAGTAGCATA_Case_909	438_TCGGGCAAGTAGCATA	TRUE	TRUE
TCGGGCAGTCAACACT_Case_909	438_TCGGGCAGTCAACACT	TRUE	TRUE
TCGGGCATCGACACCG_Case_909	438_TCGGGCATCGACACCG	TRUE	TRUE
TCGGGTGAGGTTAAAC_Case_909	438_TCGGGTGAGGTTAAAC	TRUE	TRUE
TCGGGTGTCCAAGCCG_Case_909	438_TCGGGTGTCCAAGCCG	TRUE	TRUE
TCGGTCTCAGCTGGTC_Case_909	438_TCGGTCTCAGCTGGTC	TRUE	TRUE
TCGGTCTCATAACTCG_Case_909	438_TCGGTCTCATAACTCG	TRUE	TRUE
TCGGTCTTCTAGGCCG_Case_909	438_TCGGTCTTCTAGGCCG	TRUE	TRUE
TCGGTCTTCTTCCGTG_Case_909	438_TCGGTCTTCTTCCGTG	TRUE	TRUE
TCGTCCACATATTCGG_Case_909	438_TCGTCCACATATTCGG	TRUE	TRUE
TCGTCCAGTATCGTAC_Case_909	438_TCGTCCAGTATCGTAC	TRUE	TRUE
TCGTGCTTCCAGCCTT_Case_909	438_TCGTGCTTCCAGCCTT	TRUE	TRUE
TCGTGCTTCCTTGACC_Case_909	438_TCGTGCTTCCTTGACC	TRUE	TRUE
TCGTGGGCAGACGCTC_Case_909	438_TCGTGGGCAGACGCTC	TRUE	TRUE
TCGTGGGTCCGATAGT_Case_909	438_TCGTGGGTCCGATAGT	TRUE	TRUE
TCTAACTAGGTAGGCT_Case_909	438_TCTAACTAGGTAGGCT	TRUE	TRUE
TCTAACTAGTATTGCC_Case_909	438_TCTAACTAGTATTGCC	TRUE	TRUE
TCTAACTCAACCGCCA_Case_909	438_TCTAACTCAACCGCCA	TRUE	TRUE
TCTAACTGTCAGACTT_Case_909	438_TCTAACTGTCAGACTT	TRUE	TRUE
TCTACATAGCTTCGTA_Case_909	438_TCTACATAGCTTCGTA	TRUE	TRUE
TCTACATCAAAGAGTT_Case_909	438_TCTACATCAAAGAGTT	TRUE	TRUE
TCTACATCAACAACAA_Case_909	438_TCTACATCAACAACAA	TRUE	TRUE
TCTACATGTGCCGAAA_Case_909	438_TCTACATGTGCCGAAA	TRUE	TRUE
TCTACATTCGTCAACA_Case_909	438_TCTACATTCGTCAACA	TRUE	TRUE
TCTACCGCAATTCTTC_Case_909	438_TCTACCGCAATTCTTC	TRUE	TRUE
TCTACCGTCCGCGATG_Case_909	438_TCTACCGTCCGCGATG	TRUE	TRUE
TCTATACAGCTCGCAC_Case_909	438_TCTATACAGCTCGCAC	TRUE	TRUE
TCTATACGTACGCTAT_Case_909	438_TCTATACGTACGCTAT	TRUE	TRUE
TCTATACTCCGGACTG_Case_909	438_TCTATACTCCGGACTG	TRUE	TRUE
TCTATCATCGGAAACG_Case_909	438_TCTATCATCGGAAACG	TRUE	TRUE
TCTCACGAGGGTGGGA_Case_909	438_TCTCACGAGGGTGGGA	TRUE	TRUE
TCTCACGAGTACCCTA_Case_909	438_TCTCACGAGTACCCTA	TRUE	TRUE
TCTCACGGTCGCATTA_Case_909	438_TCTCACGGTCGCATTA	TRUE	TRUE
TCTCACGTCCTCACGT_Case_909	438_TCTCACGTCCTCACGT	TRUE	TRUE
TCTCACGTCTGCGGCA_Case_909	438_TCTCACGTCTGCGGCA	TRUE	TRUE
TCTCAGCCAATGACCT_Case_909	438_TCTCAGCCAATGACCT	TRUE	TRUE
TCTCAGCGTTATGACC_Case_909	438_TCTCAGCGTTATGACC	TRUE	TRUE
TCTCAGCTCAGTCACA_Case_909	438_TCTCAGCTCAGTCACA	TRUE	TRUE
TCTCCGAAGCCATATC_Case_909	438_TCTCCGAAGCCATATC	TRUE	TRUE
TCTCCGAAGGCTGGAT_Case_909	438_TCTCCGAAGGCTGGAT	TRUE	TRUE
TCTCCGACATGGAATA_Case_909	438_TCTCCGACATGGAATA	TRUE	TRUE
TCTCCGATCCGTAATG_Case_909	438_TCTCCGATCCGTAATG	TRUE	TRUE
TCTCTGGAGCAAACAT_Case_909	438_TCTCTGGAGCAAACAT	TRUE	TRUE
TCTCTGGGTCGGCTAC_Case_909	438_TCTCTGGGTCGGCTAC	TRUE	TRUE
TCTCTGGTCCCTTTGG_Case_909	438_TCTCTGGTCCCTTTGG	TRUE	TRUE
TCTGCCAAGGTTTACC_Case_909	438_TCTGCCAAGGTTTACC	TRUE	TRUE
TCTGCCACAACTTGCA_Case_909	438_TCTGCCACAACTTGCA	TRUE	TRUE
TCTGCCAGTCCCTGAG_Case_909	438_TCTGCCAGTCCCTGAG	TRUE	TRUE
TCTGCCATCTATCACT_Case_909	438_TCTGCCATCTATCACT	TRUE	TRUE
TCTGGCTAGACTAGAT_Case_909	438_TCTGGCTAGACTAGAT	TRUE	TRUE
TCTGGCTCACGTCTCT_Case_909	438_TCTGGCTCACGTCTCT	TRUE	TRUE
TCTGTCGAGATAGCAT_Case_909	438_TCTGTCGAGATAGCAT	TRUE	TRUE
TCTGTCGCAGAGGCAT_Case_909	438_TCTGTCGCAGAGGCAT	TRUE	TRUE
TCTGTCGGTTCTAACG_Case_909	438_TCTGTCGGTTCTAACG	TRUE	TRUE
TCTTAGTAGACGAAGA_Case_909	438_TCTTAGTAGACGAAGA	TRUE	TRUE
TCTTAGTAGCGCCTCA_Case_909	438_TCTTAGTAGCGCCTCA	TRUE	TRUE
TCTTAGTCACCAGCCA_Case_909	438_TCTTAGTCACCAGCCA	TRUE	TRUE
TCTTAGTGTATTCTCT_Case_909	438_TCTTAGTGTATTCTCT	TRUE	TRUE
TCTTAGTGTGGTCTGC_Case_909	438_TCTTAGTGTGGTCTGC	TRUE	TRUE
TCTTCCTAGGGATCGT_Case_909	438_TCTTCCTAGGGATCGT	TRUE	TRUE
TCTTCCTGTTTAGTCG_Case_909	438_TCTTCCTGTTTAGTCG	TRUE	TRUE
TCTTCCTTCCCGAACG_Case_909	438_TCTTCCTTCCCGAACG	TRUE	TRUE
TCTTCCTTCCTATTGT_Case_909	438_TCTTCCTTCCTATTGT	TRUE	TRUE
TCTTGCGCAGGACGAT_Case_909	438_TCTTGCGCAGGACGAT	TRUE	TRUE
TCTTGCGGTGCCTGCA_Case_909	438_TCTTGCGGTGCCTGCA	TRUE	TRUE
TCTTTGACATAAGCAA_Case_909	438_TCTTTGACATAAGCAA	TRUE	TRUE
TCTTTGATCGATCCAA_Case_909	438_TCTTTGATCGATCCAA	TRUE	TRUE
TGAACGTAGATGATTG_Case_909	438_TGAACGTAGATGATTG	TRUE	TRUE
TGAACGTCACAAATAG_Case_909	438_TGAACGTCACAAATAG	TRUE	TRUE
TGAACGTCACCCTGTT_Case_909	438_TGAACGTCACCCTGTT	TRUE	TRUE
TGAACGTCAGCAGTCC_Case_909	438_TGAACGTCAGCAGTCC	TRUE	TRUE
TGAACGTTCCCAAGCG_Case_909	438_TGAACGTTCCCAAGCG	TRUE	TRUE
TGAACGTTCCCTCTTT_Case_909	438_TGAACGTTCCCTCTTT	TRUE	TRUE
TGAATGCCAGCCCACA_Case_909	438_TGAATGCCAGCCCACA	TRUE	TRUE
TGAATGCGTCCTTGTC_Case_909	438_TGAATGCGTCCTTGTC	TRUE	TRUE
TGAATGCTCCTCTGCA_Case_909	438_TGAATGCTCCTCTGCA	TRUE	TRUE
TGAATGCTCCTGTTGC_Case_909	438_TGAATGCTCCTGTTGC	TRUE	TRUE
TGACAGTCAATTGCAC_Case_909	438_TGACAGTCAATTGCAC	TRUE	TRUE
TGACAGTCATAGAAAC_Case_909	438_TGACAGTCATAGAAAC	TRUE	TRUE
TGACCCTCAAGTTCGT_Case_909	438_TGACCCTCAAGTTCGT	TRUE	TRUE
TGACCCTCAGCCTACG_Case_909	438_TGACCCTCAGCCTACG	TRUE	TRUE
TGACCCTTCTGTCCGT_Case_909	438_TGACCCTTCTGTCCGT	TRUE	TRUE
TGACGCGCACATATGC_Case_909	438_TGACGCGCACATATGC	TRUE	TRUE
TGACGCGGTCGAGTGA_Case_909	438_TGACGCGGTCGAGTGA	TRUE	TRUE
TGACGCGTCCCAGTGG_Case_909	438_TGACGCGTCCCAGTGG	TRUE	TRUE
TGACGCGTCTCTCAAT_Case_909	438_TGACGCGTCTCTCAAT	TRUE	TRUE
TGACTCCAGGTACAGC_Case_909	438_TGACTCCAGGTACAGC	TRUE	TRUE
TGACTCCCATCGTCCT_Case_909	438_TGACTCCCATCGTCCT	TRUE	TRUE
TGACTCCGTAATCAGA_Case_909	438_TGACTCCGTAATCAGA	TRUE	TRUE
TGAGACTGTCCAGTTA_Case_909	438_TGAGACTGTCCAGTTA	TRUE	TRUE
TGAGACTTCACTGGTA_Case_909	438_TGAGACTTCACTGGTA	TRUE	TRUE
TGAGCATAGCATCAGG_Case_909	438_TGAGCATAGCATCAGG	TRUE	TRUE
TGAGCATAGCTGTGCC_Case_909	438_TGAGCATAGCTGTGCC	TRUE	TRUE
TGAGCATAGGGATCAC_Case_909	438_TGAGCATAGGGATCAC	TRUE	TRUE
TGAGCATCAAGAGTTA_Case_909	438_TGAGCATCAAGAGTTA	TRUE	TRUE
TGAGCATCATAGTCAC_Case_909	438_TGAGCATCATAGTCAC	TRUE	TRUE
TGAGCGCAGTACAGAT_Case_909	438_TGAGCGCAGTACAGAT	TRUE	TRUE
TGAGCGCAGTCACTGT_Case_909	438_TGAGCGCAGTCACTGT	TRUE	TRUE
TGAGCGCCAACTTGGT_Case_909	438_TGAGCGCCAACTTGGT	TRUE	TRUE
TGAGCGCCAGATCATC_Case_909	438_TGAGCGCCAGATCATC	TRUE	TRUE
TGAGCGCGTTGGCCGT_Case_909	438_TGAGCGCGTTGGCCGT	TRUE	TRUE
TGAGGAGTCAAAGACA_Case_909	438_TGAGGAGTCAAAGACA	TRUE	TRUE
TGAGGAGTCTCTCTAA_Case_909	438_TGAGGAGTCTCTCTAA	TRUE	TRUE
TGAGGGAAGAAGTCTA_Case_909	438_TGAGGGAAGAAGTCTA	TRUE	TRUE
TGAGGGAAGATCACTC_Case_909	438_TGAGGGAAGATCACTC	TRUE	TRUE
TGAGGGACAAACACGG_Case_909	438_TGAGGGACAAACACGG	TRUE	TRUE
TGAGGGACAGTAGAAT_Case_909	438_TGAGGGACAGTAGAAT	TRUE	TRUE
TGAGGGACATGTGCCG_Case_909	438_TGAGGGACATGTGCCG	TRUE	TRUE
TGAGGGAGTGTGCCTG_Case_909	438_TGAGGGAGTGTGCCTG	TRUE	TRUE
TGAGGGATCAACTGAC_Case_909	438_TGAGGGATCAACTGAC	TRUE	TRUE
TGAGGTTAGATCCGAG_Case_909	438_TGAGGTTAGATCCGAG	TRUE	TRUE
TGAGGTTAGTATGAAC_Case_909	438_TGAGGTTAGTATGAAC	TRUE	TRUE
TGAGGTTGTCCGGCAT_Case_909	438_TGAGGTTGTCCGGCAT	TRUE	TRUE
TGAGGTTTCATTCACT_Case_909	438_TGAGGTTTCATTCACT	TRUE	TRUE
TGAGTCAAGAGTGTGC_Case_909	438_TGAGTCAAGAGTGTGC	TRUE	TRUE
TGAGTCAAGCTAGAGC_Case_909	438_TGAGTCAAGCTAGAGC	TRUE	TRUE
TGAGTCAAGTTTGTCG_Case_909	438_TGAGTCAAGTTTGTCG	TRUE	TRUE
TGAGTCACATCCCACT_Case_909	438_TGAGTCACATCCCACT	TRUE	TRUE
TGAGTCATCAGACTGT_Case_909	438_TGAGTCATCAGACTGT	TRUE	TRUE
TGAGTCATCGACATTG_Case_909	438_TGAGTCATCGACATTG	TRUE	TRUE
TGAGTCATCTTAGCAG_Case_909	438_TGAGTCATCTTAGCAG	TRUE	TRUE
TGATCAGAGATGACAT_Case_909	438_TGATCAGAGATGACAT	TRUE	TRUE
TGATCAGCAAAGGATT_Case_909	438_TGATCAGCAAAGGATT	TRUE	TRUE
TGATCAGCAACTCCAA_Case_909	438_TGATCAGCAACTCCAA	TRUE	TRUE
TGATCAGCACGGGTAA_Case_909	438_TGATCAGCACGGGTAA	TRUE	TRUE
TGATCAGGTGCCGGTT_Case_909	438_TGATCAGGTGCCGGTT	TRUE	TRUE
TGATCAGTCGAGAACG_Case_909	438_TGATCAGTCGAGAACG	TRUE	TRUE
TGATCAGTCTAGTCAG_Case_909	438_TGATCAGTCTAGTCAG	TRUE	TRUE
TGATCTTAGAAGCGGG_Case_909	438_TGATCTTAGAAGCGGG	TRUE	TRUE
TGATCTTGTCGCATCG_Case_909	438_TGATCTTGTCGCATCG	TRUE	TRUE
TGATGCAAGTCGAGGT_Case_909	438_TGATGCAAGTCGAGGT	TRUE	TRUE
TGATGCACAGTGAGCA_Case_909	438_TGATGCACAGTGAGCA	TRUE	TRUE
TGATGCAGTATCTCGA_Case_909	438_TGATGCAGTATCTCGA	TRUE	TRUE
TGATGCATCTGGCTGG_Case_909	438_TGATGCATCTGGCTGG	TRUE	TRUE
TGATGGTCAATAGTCC_Case_909	438_TGATGGTCAATAGTCC	TRUE	TRUE
TGATTCTAGCTTCATG_Case_909	438_TGATTCTAGCTTCATG	TRUE	TRUE
TGATTCTGTATTGAGA_Case_909	438_TGATTCTGTATTGAGA	TRUE	TRUE
TGATTCTGTGACTAAA_Case_909	438_TGATTCTGTGACTAAA	TRUE	TRUE
TGATTTCAGCTGTCCG_Case_909	438_TGATTTCAGCTGTCCG	TRUE	TRUE
TGATTTCAGTCAATCC_Case_909	438_TGATTTCAGTCAATCC	TRUE	TRUE
TGATTTCGTCCTTAAG_Case_909	438_TGATTTCGTCCTTAAG	TRUE	TRUE
TGATTTCTCCGCAGTG_Case_909	438_TGATTTCTCCGCAGTG	TRUE	TRUE
TGATTTCTCTATACGG_Case_909	438_TGATTTCTCTATACGG	TRUE	TRUE
TGCACGGAGCTTACGT_Case_909	438_TGCACGGAGCTTACGT	TRUE	TRUE
TGCACGGTCAGAGTTC_Case_909	438_TGCACGGTCAGAGTTC	TRUE	TRUE
TGCAGATAGCAGCAGT_Case_909	438_TGCAGATAGCAGCAGT	TRUE	TRUE
TGCAGATAGCCTCTTC_Case_909	438_TGCAGATAGCCTCTTC	TRUE	TRUE
TGCAGATCATGAAAGT_Case_909	438_TGCAGATCATGAAAGT	TRUE	TRUE
TGCAGGCAGGTGATAT_Case_909	438_TGCAGGCAGGTGATAT	TRUE	TRUE
TGCAGGCAGTAACGAT_Case_909	438_TGCAGGCAGTAACGAT	TRUE	TRUE
TGCAGGCCAACCAATC_Case_909	438_TGCAGGCCAACCAATC	TRUE	TRUE
TGCAGGCCACATCATG_Case_909	438_TGCAGGCCACATCATG	TRUE	TRUE
TGCAGGCCAGCTTCCT_Case_909	438_TGCAGGCCAGCTTCCT	TRUE	TRUE
TGCAGGCTCAACTCTT_Case_909	438_TGCAGGCTCAACTCTT	TRUE	TRUE
TGCAGTAAGCATGGGT_Case_909	438_TGCAGTAAGCATGGGT	TRUE	TRUE
TGCAGTAAGTCATACC_Case_909	438_TGCAGTAAGTCATACC	TRUE	TRUE
TGCAGTAGTGGAAGTC_Case_909	438_TGCAGTAGTGGAAGTC	TRUE	TRUE
TGCAGTAGTTTGATCG_Case_909	438_TGCAGTAGTTTGATCG	TRUE	TRUE
TGCATCCAGTGGGAAA_Case_909	438_TGCATCCAGTGGGAAA	TRUE	TRUE
TGCATCCCAACCGTGC_Case_909	438_TGCATCCCAACCGTGC	TRUE	TRUE
TGCATCCGTGTACAGG_Case_909	438_TGCATCCGTGTACAGG	TRUE	TRUE
TGCATCCGTGTGGTCC_Case_909	438_TGCATCCGTGTGGTCC	TRUE	TRUE
TGCATGATCCAAGGGA_Case_909	438_TGCATGATCCAAGGGA	TRUE	TRUE
TGCCGAGAGACTCCGC_Case_909	438_TGCCGAGAGACTCCGC	TRUE	TRUE
TGCCGAGCAACCGCCA_Case_909	438_TGCCGAGCAACCGCCA	TRUE	TRUE
TGCCGAGCAGTAGTGG_Case_909	438_TGCCGAGCAGTAGTGG	TRUE	TRUE
TGCGACGAGAGGCTGT_Case_909	438_TGCGACGAGAGGCTGT	TRUE	TRUE
TGCGACGCAACTCCCT_Case_909	438_TGCGACGCAACTCCCT	TRUE	TRUE
TGCGACGCAAGGAGTC_Case_909	438_TGCGACGCAAGGAGTC	TRUE	TRUE
TGCGACGCATAATCCG_Case_909	438_TGCGACGCATAATCCG	TRUE	TRUE
TGCGATACACGCGCTA_Case_909	438_TGCGATACACGCGCTA	TRUE	TRUE
TGCGATATCCAACCAA_Case_909	438_TGCGATATCCAACCAA	TRUE	TRUE
TGCGGCACACGCGTCA_Case_909	438_TGCGGCACACGCGTCA	TRUE	TRUE
TGCGGCATCAGTCATG_Case_909	438_TGCGGCATCAGTCATG	TRUE	TRUE
TGCTCCACACTATGTG_Case_909	438_TGCTCCACACTATGTG	TRUE	TRUE
TGCTCCACAGTTGTCA_Case_909	438_TGCTCCACAGTTGTCA	TRUE	TRUE
TGCTCCAGTGGTACAG_Case_909	438_TGCTCCAGTGGTACAG	TRUE	TRUE
TGCTCGTAGCCTTTCC_Case_909	438_TGCTCGTAGCCTTTCC	TRUE	TRUE
TGCTCGTCACATTACG_Case_909	438_TGCTCGTCACATTACG	TRUE	TRUE
TGCTCGTTCCGGTAAT_Case_909	438_TGCTCGTTCCGGTAAT	TRUE	TRUE
TGCTCGTTCTCGAACA_Case_909	438_TGCTCGTTCTCGAACA	TRUE	TRUE
TGCTGAACAACCAACT_Case_909	438_TGCTGAACAACCAACT	TRUE	TRUE
TGCTGAAGTCCCGCAA_Case_909	438_TGCTGAAGTCCCGCAA	TRUE	TRUE
TGCTGAAGTTACTCAG_Case_909	438_TGCTGAAGTTACTCAG	TRUE	TRUE
TGCTGAATCCAGTGTA_Case_909	438_TGCTGAATCCAGTGTA	TRUE	TRUE
TGCTGAATCTAACACG_Case_909	438_TGCTGAATCTAACACG	TRUE	TRUE
TGCTTCGAGGCGCTCT_Case_909	438_TGCTTCGAGGCGCTCT	TRUE	TRUE
TGCTTCGAGTGCACAG_Case_909	438_TGCTTCGAGTGCACAG	TRUE	TRUE
TGCTTCGGTTGTGTTG_Case_909	438_TGCTTCGGTTGTGTTG	TRUE	TRUE
TGCTTCGTCATTATCC_Case_909	438_TGCTTCGTCATTATCC	TRUE	TRUE
TGCTTCGTCCGTACGG_Case_909	438_TGCTTCGTCCGTACGG	TRUE	TRUE
TGCTTGCTCCTATTTG_Case_909	438_TGCTTGCTCCTATTTG	TRUE	TRUE
TGGAACTGTTAGGAGC_Case_909	438_TGGAACTGTTAGGAGC	TRUE	TRUE
TGGAACTTCGTCGCTT_Case_909	438_TGGAACTTCGTCGCTT	TRUE	TRUE
TGGAGAGCACAGTCGC_Case_909	438_TGGAGAGCACAGTCGC	TRUE	TRUE
TGGAGAGCACCCTGAG_Case_909	438_TGGAGAGCACCCTGAG	TRUE	TRUE
TGGAGAGCACTGTGTA_Case_909	438_TGGAGAGCACTGTGTA	TRUE	TRUE
TGGAGAGCATGCTGCG_Case_909	438_TGGAGAGCATGCTGCG	TRUE	TRUE
TGGAGGACACTATGTG_Case_909	438_TGGAGGACACTATGTG	TRUE	TRUE
TGGAGGATCCACTGGG_Case_909	438_TGGAGGATCCACTGGG	TRUE	TRUE
TGGAGGATCGGCCAAC_Case_909	438_TGGAGGATCGGCCAAC	TRUE	TRUE
TGGATCAAGGCATGGT_Case_909	438_TGGATCAAGGCATGGT	TRUE	TRUE
TGGATCACAACTCGAT_Case_909	438_TGGATCACAACTCGAT	TRUE	TRUE
TGGATCAGTCCAGCGT_Case_909	438_TGGATCAGTCCAGCGT	TRUE	TRUE
TGGATCAGTGCAGATG_Case_909	438_TGGATCAGTGCAGATG	TRUE	TRUE
TGGATCATCACTGTTT_Case_909	438_TGGATCATCACTGTTT	TRUE	TRUE
TGGATCATCTAAACGC_Case_909	438_TGGATCATCTAAACGC	TRUE	TRUE
TGGATGTAGCCATCCG_Case_909	438_TGGATGTAGCCATCCG	TRUE	TRUE
TGGATGTCAAGCGGAT_Case_909	438_TGGATGTCAAGCGGAT	TRUE	TRUE
TGGATGTGTTCTCTAT_Case_909	438_TGGATGTGTTCTCTAT	TRUE	TRUE
TGGCGTGGTCTTCTAT_Case_909	438_TGGCGTGGTCTTCTAT	TRUE	TRUE
TGGCGTGTCCAAGCCG_Case_909	438_TGGCGTGTCCAAGCCG	TRUE	TRUE
TGGGAAGCAAAGCTCT_Case_909	438_TGGGAAGCAAAGCTCT	TRUE	TRUE
TGGGAAGCACATGTTG_Case_909	438_TGGGAAGCACATGTTG	TRUE	TRUE
TGGGAAGCACTGAATC_Case_909	438_TGGGAAGCACTGAATC	TRUE	TRUE
TGGGAAGGTATGAAGT_Case_909	438_TGGGAAGGTATGAAGT	TRUE	TRUE
TGGGAAGGTCGAATTC_Case_909	438_TGGGAAGGTCGAATTC	TRUE	TRUE
TGGGAAGGTCTGTTAG_Case_909	438_TGGGAAGGTCTGTTAG	TRUE	TRUE
TGGGCGTAGGACAGTC_Case_909	438_TGGGCGTAGGACAGTC	TRUE	TRUE
TGGGCGTAGTTCTACG_Case_909	438_TGGGCGTAGTTCTACG	TRUE	TRUE
TGGGCGTGTATACAGA_Case_909	438_TGGGCGTGTATACAGA	TRUE	TRUE
TGGGCGTGTCAACACT_Case_909	438_TGGGCGTGTCAACACT	TRUE	TRUE
TGGGCTGCACCCGTAG_Case_909	438_TGGGCTGCACCCGTAG	TRUE	TRUE
TGGGCTGTCTGTTGGA_Case_909	438_TGGGCTGTCTGTTGGA	TRUE	TRUE
TGGGTTAAGTGAGTTA_Case_909	438_TGGGTTAAGTGAGTTA	TRUE	TRUE
TGGGTTACACCATAAC_Case_909	438_TGGGTTACACCATAAC	TRUE	TRUE
TGGGTTAGTTAATGAG_Case_909	438_TGGGTTAGTTAATGAG	TRUE	TRUE
TGGGTTATCTACCAGA_Case_909	438_TGGGTTATCTACCAGA	TRUE	TRUE
TGGTACACATCGTTCC_Case_909	438_TGGTACACATCGTTCC	TRUE	TRUE
TGGTACAGTCTGTAAC_Case_909	438_TGGTACAGTCTGTAAC	TRUE	TRUE
TGGTACAGTTGGGAAC_Case_909	438_TGGTACAGTTGGGAAC	TRUE	TRUE
TGGTACATCATGTCAG_Case_909	438_TGGTACATCATGTCAG	TRUE	TRUE
TGGTACATCTCGCGTT_Case_909	438_TGGTACATCTCGCGTT	TRUE	TRUE
TGGTAGTAGCACACCC_Case_909	438_TGGTAGTAGCACACCC	TRUE	TRUE
TGGTAGTCAAGATGGC_Case_909	438_TGGTAGTCAAGATGGC	TRUE	TRUE
TGGTAGTCACAATGTC_Case_909	438_TGGTAGTCACAATGTC	TRUE	TRUE
TGGTGATCAGCATACT_Case_909	438_TGGTGATCAGCATACT	TRUE	TRUE
TGGTGATCAGTTTCGA_Case_909	438_TGGTGATCAGTTTCGA	TRUE	TRUE
TGGTGATCATGAGATA_Case_909	438_TGGTGATCATGAGATA	TRUE	TRUE
TGGTGATTCGACATTG_Case_909	438_TGGTGATTCGACATTG	TRUE	TRUE
TGGTTAGAGCTATCCA_Case_909	438_TGGTTAGAGCTATCCA	TRUE	TRUE
TGGTTAGGTCAAAGAT_Case_909	438_TGGTTAGGTCAAAGAT	TRUE	TRUE
TGGTTAGGTTGACTGT_Case_909	438_TGGTTAGGTTGACTGT	TRUE	TRUE
TGTAACGTCAGAACCT_Case_909	438_TGTAACGTCAGAACCT	TRUE	TRUE
TGTAACGTCATGGCCG_Case_909	438_TGTAACGTCATGGCCG	TRUE	TRUE
TGTAAGCAGAGCATCG_Case_909	438_TGTAAGCAGAGCATCG	TRUE	TRUE
TGTAAGCAGCTGACTT_Case_909	438_TGTAAGCAGCTGACTT	TRUE	TRUE
TGTAAGCCACCGGCTA_Case_909	438_TGTAAGCCACCGGCTA	TRUE	TRUE
TGTAAGCTCTGTCAGA_Case_909	438_TGTAAGCTCTGTCAGA	TRUE	TRUE
TGTACAGAGACATGCG_Case_909	438_TGTACAGAGACATGCG	TRUE	TRUE
TGTACAGCAACCCTAA_Case_909	438_TGTACAGCAACCCTAA	TRUE	TRUE
TGTACAGGTCGCGTTG_Case_909	438_TGTACAGGTCGCGTTG	TRUE	TRUE
TGTACAGGTTTGGAAA_Case_909	438_TGTACAGGTTTGGAAA	TRUE	TRUE
TGTAGACCACAAGGTG_Case_909	438_TGTAGACCACAAGGTG	TRUE	TRUE
TGTCAGAAGAGAGGGC_Case_909	438_TGTCAGAAGAGAGGGC	TRUE	TRUE
TGTCAGAAGATCCAAA_Case_909	438_TGTCAGAAGATCCAAA	TRUE	TRUE
TGTCAGAAGGTCTACT_Case_909	438_TGTCAGAAGGTCTACT	TRUE	TRUE
TGTCAGAAGTCATGAA_Case_909	438_TGTCAGAAGTCATGAA	TRUE	TRUE
TGTCAGACACAAAGTA_Case_909	438_TGTCAGACACAAAGTA	TRUE	TRUE
TGTCAGACACAGCATT_Case_909	438_TGTCAGACACAGCATT	TRUE	TRUE
TGTCAGACATCTAACG_Case_909	438_TGTCAGACATCTAACG	TRUE	TRUE
TGTCAGAGTGCACATT_Case_909	438_TGTCAGAGTGCACATT	TRUE	TRUE
TGTCAGAGTGGTGATG_Case_909	438_TGTCAGAGTGGTGATG	TRUE	TRUE
TGTCAGATCTTCTCAA_Case_909	438_TGTCAGATCTTCTCAA	TRUE	TRUE
TGTCCACAGGGCGAGA_Case_909	438_TGTCCACAGGGCGAGA	TRUE	TRUE
TGTCCACGTCGCAGTC_Case_909	438_TGTCCACGTCGCAGTC	TRUE	TRUE
TGTCCACGTCTGCAAT_Case_909	438_TGTCCACGTCTGCAAT	TRUE	TRUE
TGTCCACTCACAAGAA_Case_909	438_TGTCCACTCACAAGAA	TRUE	TRUE
TGTCCCAGTGCCTTTC_Case_909	438_TGTCCCAGTGCCTTTC	TRUE	TRUE
TGTCCCAGTGTCCACG_Case_909	438_TGTCCCAGTGTCCACG	TRUE	TRUE
TGTCCCATCCTCACCA_Case_909	438_TGTCCCATCCTCACCA	TRUE	TRUE
TGTCCTGGTCCGAAGA_Case_909	438_TGTCCTGGTCCGAAGA	TRUE	TRUE
TGTCCTGTCTACACAG_Case_909	438_TGTCCTGTCTACACAG	TRUE	TRUE
TGTGAGTGTGATAGTA_Case_909	438_TGTGAGTGTGATAGTA	TRUE	TRUE
TGTGAGTGTTCTCTCG_Case_909	438_TGTGAGTGTTCTCTCG	TRUE	TRUE
TGTGAGTTCGCCGAGT_Case_909	438_TGTGAGTTCGCCGAGT	TRUE	TRUE
TGTGAGTTCTCTGCTG_Case_909	438_TGTGAGTTCTCTGCTG	TRUE	TRUE
TGTGATGCAGCTCATA_Case_909	438_TGTGATGCAGCTCATA	TRUE	TRUE
TGTGCGGAGGTTAAAC_Case_909	438_TGTGCGGAGGTTAAAC	TRUE	TRUE
TGTGCGGGTATGAGAT_Case_909	438_TGTGCGGGTATGAGAT	TRUE	TRUE
TGTGCGGGTCGAATTC_Case_909	438_TGTGCGGGTCGAATTC	TRUE	TRUE
TGTGCGGGTTCGTACA_Case_909	438_TGTGCGGGTTCGTACA	TRUE	TRUE
TGTGCGGTCGGATTAC_Case_909	438_TGTGCGGTCGGATTAC	TRUE	TRUE
TGTGGCGAGGAACGAA_Case_909	438_TGTGGCGAGGAACGAA	TRUE	TRUE
TGTGGCGGTATCGATC_Case_909	438_TGTGGCGGTATCGATC	TRUE	TRUE
TGTGGCGTCGAGAGCA_Case_909	438_TGTGGCGTCGAGAGCA	TRUE	TRUE
TGTGTGAAGAGCCATG_Case_909	438_TGTGTGAAGAGCCATG	TRUE	TRUE
TGTGTGAAGCTCTTCC_Case_909	438_TGTGTGAAGCTCTTCC	TRUE	TRUE
TGTGTGAGTATTCCTT_Case_909	438_TGTGTGAGTATTCCTT	TRUE	TRUE
TGTGTGATCAAGTAAG_Case_909	438_TGTGTGATCAAGTAAG	TRUE	TRUE
TGTGTGATCGTTCTAT_Case_909	438_TGTGTGATCGTTCTAT	TRUE	TRUE
TGTTACTTCTAACGGT_Case_909	438_TGTTACTTCTAACGGT	TRUE	TRUE
TGTTCATAGTACGTCT_Case_909	438_TGTTCATAGTACGTCT	TRUE	TRUE
TGTTCATCACTGCACG_Case_909	438_TGTTCATCACTGCACG	TRUE	TRUE
TGTTCCGCAACCGGAA_Case_909	438_TGTTCCGCAACCGGAA	TRUE	TRUE
TGTTCCGCACGTCTCT_Case_909	438_TGTTCCGCACGTCTCT	TRUE	TRUE
TGTTCCGGTAACATAG_Case_909	438_TGTTCCGGTAACATAG	TRUE	TRUE
TGTTCCGGTGCTATTG_Case_909	438_TGTTCCGGTGCTATTG	TRUE	TRUE
TGTTCTAAGACCTTTG_Case_909	438_TGTTCTAAGACCTTTG	TRUE	TRUE
TGTTCTAAGATGATTG_Case_909	438_TGTTCTAAGATGATTG	TRUE	TRUE
TGTTCTAAGCGAGAAA_Case_909	438_TGTTCTAAGCGAGAAA	TRUE	TRUE
TGTTCTAAGCGGTATG_Case_909	438_TGTTCTAAGCGGTATG	TRUE	TRUE
TGTTCTACACCTGATA_Case_909	438_TGTTCTACACCTGATA	TRUE	TRUE
TGTTCTACATGTGCCG_Case_909	438_TGTTCTACATGTGCCG	TRUE	TRUE
TGTTCTAGTTGTGGCC_Case_909	438_TGTTCTAGTTGTGGCC	TRUE	TRUE
TGTTGAGTCGCAATGT_Case_909	438_TGTTGAGTCGCAATGT	TRUE	TRUE
TGTTGGAAGACAACAT_Case_909	438_TGTTGGAAGACAACAT	TRUE	TRUE
TGTTGGAGTAGGTCAG_Case_909	438_TGTTGGAGTAGGTCAG	TRUE	TRUE
TGTTGGAGTCTCACGG_Case_909	438_TGTTGGAGTCTCACGG	TRUE	TRUE
TGTTGGAGTGTTCGTA_Case_909	438_TGTTGGAGTGTTCGTA	TRUE	TRUE
TGTTTGTCAAAGCACG_Case_909	438_TGTTTGTCAAAGCACG	TRUE	TRUE
TGTTTGTGTCTCAGGC_Case_909	438_TGTTTGTGTCTCAGGC	TRUE	TRUE
TGTTTGTGTGCGTTTA_Case_909	438_TGTTTGTGTGCGTTTA	TRUE	TRUE
TTAATCCAGATGTTCC_Case_909	438_TTAATCCAGATGTTCC	TRUE	TRUE
TTAATCCCAGAAGCTG_Case_909	438_TTAATCCCAGAAGCTG	TRUE	TRUE
TTAATCCGTCCGGATC_Case_909	438_TTAATCCGTCCGGATC	TRUE	TRUE
TTAATCCGTCGTGGAA_Case_909	438_TTAATCCGTCGTGGAA	TRUE	TRUE
TTAATCCGTGCCGTTG_Case_909	438_TTAATCCGTGCCGTTG	TRUE	TRUE
TTACAGGCAGAAGTGC_Case_909	438_TTACAGGCAGAAGTGC	TRUE	TRUE
TTACAGGTCATCACAG_Case_909	438_TTACAGGTCATCACAG	TRUE	TRUE
TTACAGGTCGGTGTTA_Case_909	438_TTACAGGTCGGTGTTA	TRUE	TRUE
TTACCATCACATGTTG_Case_909	438_TTACCATCACATGTTG	TRUE	TRUE
TTACCATCAGAATCGG_Case_909	438_TTACCATCAGAATCGG	TRUE	TRUE
TTACCGCTCGCTCCTA_Case_909	438_TTACCGCTCGCTCCTA	TRUE	TRUE
TTACCGCTCTACCCAC_Case_909	438_TTACCGCTCTACCCAC	TRUE	TRUE
TTACGCCAGCTCGCAC_Case_909	438_TTACGCCAGCTCGCAC	TRUE	TRUE
TTACGCCTCAAACCTG_Case_909	438_TTACGCCTCAAACCTG	TRUE	TRUE
TTACGTTTCACAGTGT_Case_909	438_TTACGTTTCACAGTGT	TRUE	TRUE
TTACGTTTCATTTGGG_Case_909	438_TTACGTTTCATTTGGG	TRUE	TRUE
TTACTGTAGCTTCATG_Case_909	438_TTACTGTAGCTTCATG	TRUE	TRUE
TTACTGTTCATAGCAC_Case_909	438_TTACTGTTCATAGCAC	TRUE	TRUE
TTAGGCAAGTTGTAAG_Case_909	438_TTAGGCAAGTTGTAAG	TRUE	TRUE
TTAGGCACAACTTGCA_Case_909	438_TTAGGCACAACTTGCA	TRUE	TRUE
TTAGGCACATGTAACC_Case_909	438_TTAGGCACATGTAACC	TRUE	TRUE
TTAGGCAGTAGAGGAA_Case_909	438_TTAGGCAGTAGAGGAA	TRUE	TRUE
TTAGGCATCCTCTCTT_Case_909	438_TTAGGCATCCTCTCTT	TRUE	TRUE
TTAGGGTCATCTCAAG_Case_909	438_TTAGGGTCATCTCAAG	TRUE	TRUE
TTAGTCTGTACCGCGT_Case_909	438_TTAGTCTGTACCGCGT	TRUE	TRUE
TTATTGCAGGCCATAG_Case_909	438_TTATTGCAGGCCATAG	TRUE	TRUE
TTATTGCCAATTTCCT_Case_909	438_TTATTGCCAATTTCCT	TRUE	TRUE
TTATTGCGTATCGCTA_Case_909	438_TTATTGCGTATCGCTA	TRUE	TRUE
TTATTGCTCTACAGGT_Case_909	438_TTATTGCTCTACAGGT	TRUE	TRUE
TTCAATCCAATAGTCC_Case_909	438_TTCAATCCAATAGTCC	TRUE	TRUE
TTCAATCCACCTGAAT_Case_909	438_TTCAATCCACCTGAAT	TRUE	TRUE
TTCAATCTCAGTCATG_Case_909	438_TTCAATCTCAGTCATG	TRUE	TRUE
TTCACCGCACGTCTCT_Case_909	438_TTCACCGCACGTCTCT	TRUE	TRUE
TTCACCGGTAATACCC_Case_909	438_TTCACCGGTAATACCC	TRUE	TRUE
TTCACGCAGCAACTTC_Case_909	438_TTCACGCAGCAACTTC	TRUE	TRUE
TTCACGCCAACGTATC_Case_909	438_TTCACGCCAACGTATC	TRUE	TRUE
TTCACGCCAAGCGAAC_Case_909	438_TTCACGCCAAGCGAAC	TRUE	TRUE
TTCACGCCACCTCTAC_Case_909	438_TTCACGCCACCTCTAC	TRUE	TRUE
TTCACGCGTTCCGTTC_Case_909	438_TTCACGCGTTCCGTTC	TRUE	TRUE
TTCACGCTCAGCTGTA_Case_909	438_TTCACGCTCAGCTGTA	TRUE	TRUE
TTCACGCTCCCGTTCA_Case_909	438_TTCACGCTCCCGTTCA	TRUE	TRUE
TTCACGCTCTACGCAA_Case_909	438_TTCACGCTCTACGCAA	TRUE	TRUE
TTCAGGAAGATGGTAT_Case_909	438_TTCAGGAAGATGGTAT	TRUE	TRUE
TTCAGGACACCTCTAC_Case_909	438_TTCAGGACACCTCTAC	TRUE	TRUE
TTCAGGACATGACTAC_Case_909	438_TTCAGGACATGACTAC	TRUE	TRUE
TTCATGTAGGTAAAGG_Case_909	438_TTCATGTAGGTAAAGG	TRUE	TRUE
TTCATGTAGGTCATCT_Case_909	438_TTCATGTAGGTCATCT	TRUE	TRUE
TTCATGTCAGCTTTCC_Case_909	438_TTCATGTCAGCTTTCC	TRUE	TRUE
TTCATGTGTTCCAAAC_Case_909	438_TTCATGTGTTCCAAAC	TRUE	TRUE
TTCATTGAGCAGGCTA_Case_909	438_TTCATTGAGCAGGCTA	TRUE	TRUE
TTCATTGCATCGAACT_Case_909	438_TTCATTGCATCGAACT	TRUE	TRUE
TTCATTGGTCCATCTC_Case_909	438_TTCATTGGTCCATCTC	TRUE	TRUE
TTCATTGGTCGGCACT_Case_909	438_TTCATTGGTCGGCACT	TRUE	TRUE
TTCATTGGTTCTTAGG_Case_909	438_TTCATTGGTTCTTAGG	TRUE	TRUE
TTCATTGTCATTCGGA_Case_909	438_TTCATTGTCATTCGGA	TRUE	TRUE
TTCATTGTCATTTCGT_Case_909	438_TTCATTGTCATTTCGT	TRUE	TRUE
TTCATTGTCGCCACTT_Case_909	438_TTCATTGTCGCCACTT	TRUE	TRUE
TTCCAATAGGCCCAAA_Case_909	438_TTCCAATAGGCCCAAA	TRUE	TRUE
TTCCAATAGGGCAGTT_Case_909	438_TTCCAATAGGGCAGTT	TRUE	TRUE
TTCCAATCAAGCCATT_Case_909	438_TTCCAATCAAGCCATT	TRUE	TRUE
TTCCAATCAATCCTAG_Case_909	438_TTCCAATCAATCCTAG	TRUE	TRUE
TTCCAATGTGGAGGTT_Case_909	438_TTCCAATGTGGAGGTT	TRUE	TRUE
TTCCACGAGCACCGAA_Case_909	438_TTCCACGAGCACCGAA	TRUE	TRUE
TTCCACGCAGCGTTGC_Case_909	438_TTCCACGCAGCGTTGC	TRUE	TRUE
TTCCACGCATATACCG_Case_909	438_TTCCACGCATATACCG	TRUE	TRUE
TTCCGGTAGGAACTAT_Case_909	438_TTCCGGTAGGAACTAT	TRUE	TRUE
TTCCGGTCAAGATTGA_Case_909	438_TTCCGGTCAAGATTGA	TRUE	TRUE
TTCCGGTTCACTGTTT_Case_909	438_TTCCGGTTCACTGTTT	TRUE	TRUE
TTCCGGTTCAGACTGT_Case_909	438_TTCCGGTTCAGACTGT	TRUE	TRUE
TTCCGTGAGAACTTCC_Case_909	438_TTCCGTGAGAACTTCC	TRUE	TRUE
TTCCGTGCATTCATCT_Case_909	438_TTCCGTGCATTCATCT	TRUE	TRUE
TTCCGTGGTCTCAAGT_Case_909	438_TTCCGTGGTCTCAAGT	TRUE	TRUE
TTCCTAACAACAAGAT_Case_909	438_TTCCTAACAACAAGAT	TRUE	TRUE
TTCCTAACAGCTGCCA_Case_909	438_TTCCTAACAGCTGCCA	TRUE	TRUE
TTCCTAACATGAATCC_Case_909	438_TTCCTAACATGAATCC	TRUE	TRUE
TTCCTAAGTCTACAAC_Case_909	438_TTCCTAAGTCTACAAC	TRUE	TRUE
TTCCTCTCATTGAAAG_Case_909	438_TTCCTCTCATTGAAAG	TRUE	TRUE
TTCCTCTGTTTCAGAC_Case_909	438_TTCCTCTGTTTCAGAC	TRUE	TRUE
TTCCTTCAGACGACGT_Case_909	438_TTCCTTCAGACGACGT	TRUE	TRUE
TTCCTTCAGCAAGTCG_Case_909	438_TTCCTTCAGCAAGTCG	TRUE	TRUE
TTCCTTCAGTGCGACA_Case_909	438_TTCCTTCAGTGCGACA	TRUE	TRUE
TTCCTTCTCCATTGGA_Case_909	438_TTCCTTCTCCATTGGA	TRUE	TRUE
TTCCTTCTCTACCACC_Case_909	438_TTCCTTCTCTACCACC	TRUE	TRUE
TTCGATTAGTCCGTCG_Case_909	438_TTCGATTAGTCCGTCG	TRUE	TRUE
TTCGATTCATTGCAAC_Case_909	438_TTCGATTCATTGCAAC	TRUE	TRUE
TTCGATTTCGAACTCA_Case_909	438_TTCGATTTCGAACTCA	TRUE	TRUE
TTCGCTGAGAGTCAGC_Case_909	438_TTCGCTGAGAGTCAGC	TRUE	TRUE
TTCGCTGAGCCTATTG_Case_909	438_TTCGCTGAGCCTATTG	TRUE	TRUE
TTCGCTGGTTTCCAAG_Case_909	438_TTCGCTGGTTTCCAAG	TRUE	TRUE
TTCGCTGTCAGAACCT_Case_909	438_TTCGCTGTCAGAACCT	TRUE	TRUE
TTCGCTGTCTCTAAGG_Case_909	438_TTCGCTGTCTCTAAGG	TRUE	TRUE
TTCGGTCGTAGCTGAG_Case_909	438_TTCGGTCGTAGCTGAG	TRUE	TRUE
TTCGGTCTCTTACCGC_Case_909	438_TTCGGTCTCTTACCGC	TRUE	TRUE
TTCTAACAGATTAGCA_Case_909	438_TTCTAACAGATTAGCA	TRUE	TRUE
TTCTAACAGCGACCCT_Case_909	438_TTCTAACAGCGACCCT	TRUE	TRUE
TTCTAACCATAAGCGG_Case_909	438_TTCTAACCATAAGCGG	TRUE	TRUE
TTCTAGTCAATCTGCA_Case_909	438_TTCTAGTCAATCTGCA	TRUE	TRUE
TTCTAGTGTTCTGAGT_Case_909	438_TTCTAGTGTTCTGAGT	TRUE	TRUE
TTCTAGTTCCCGAATA_Case_909	438_TTCTAGTTCCCGAATA	TRUE	TRUE
TTCTAGTTCTGAGGCC_Case_909	438_TTCTAGTTCTGAGGCC	TRUE	TRUE
TTCTCTCCAAGCGATG_Case_909	438_TTCTCTCCAAGCGATG	TRUE	TRUE
TTCTCTCCAGATCCTA_Case_909	438_TTCTCTCCAGATCCTA	TRUE	TRUE
TTCTCTCTCCCATTTA_Case_909	438_TTCTCTCTCCCATTTA	TRUE	TRUE
TTCTGTAAGAACGCGT_Case_909	438_TTCTGTAAGAACGCGT	TRUE	TRUE
TTCTGTAAGCCAGTAG_Case_909	438_TTCTGTAAGCCAGTAG	TRUE	TRUE
TTCTGTAAGTGCCGAA_Case_909	438_TTCTGTAAGTGCCGAA	TRUE	TRUE
TTCTGTACAGAACATA_Case_909	438_TTCTGTACAGAACATA	TRUE	TRUE
TTCTGTAGTTGCATCA_Case_909	438_TTCTGTAGTTGCATCA	TRUE	TRUE
TTCTGTATCCATTGTT_Case_909	438_TTCTGTATCCATTGTT	TRUE	TRUE
TTCTTCCAGACTCATC_Case_909	438_TTCTTCCAGACTCATC	TRUE	TRUE
TTCTTCCAGCACTTTG_Case_909	438_TTCTTCCAGCACTTTG	TRUE	TRUE
TTCTTCCAGTGGTTGG_Case_909	438_TTCTTCCAGTGGTTGG	TRUE	TRUE
TTCTTCCAGTTCAACC_Case_909	438_TTCTTCCAGTTCAACC	TRUE	TRUE
TTCTTCCAGTTGAAGT_Case_909	438_TTCTTCCAGTTGAAGT	TRUE	TRUE
TTCTTCCTCGAGCACC_Case_909	438_TTCTTCCTCGAGCACC	TRUE	TRUE
TTCTTCCTCTTTGGAG_Case_909	438_TTCTTCCTCTTTGGAG	TRUE	TRUE
TTCTTGACATAGACTC_Case_909	438_TTCTTGACATAGACTC	TRUE	TRUE
TTGAACGCATGAAAGT_Case_909	438_TTGAACGCATGAAAGT	TRUE	TRUE
TTGAACGGTAGGAGTC_Case_909	438_TTGAACGGTAGGAGTC	TRUE	TRUE
TTGAACGGTTAAGGAT_Case_909	438_TTGAACGGTTAAGGAT	TRUE	TRUE
TTGAACGTCCAGCTCT_Case_909	438_TTGAACGTCCAGCTCT	TRUE	TRUE
TTGAACGTCTATCACT_Case_909	438_TTGAACGTCTATCACT	TRUE	TRUE
TTGACCCAGACCATTC_Case_909	438_TTGACCCAGACCATTC	TRUE	TRUE
TTGACCCTCTAGCCAA_Case_909	438_TTGACCCTCTAGCCAA	TRUE	TRUE
TTGAGTGAGAGGCGGA_Case_909	438_TTGAGTGAGAGGCGGA	TRUE	TRUE
TTGAGTGAGTAGTCTC_Case_909	438_TTGAGTGAGTAGTCTC	TRUE	TRUE
TTGAGTGCAACCGGAA_Case_909	438_TTGAGTGCAACCGGAA	TRUE	TRUE
TTGAGTGCATCTCCCA_Case_909	438_TTGAGTGCATCTCCCA	TRUE	TRUE
TTGAGTGTCCGTAGTA_Case_909	438_TTGAGTGTCCGTAGTA	TRUE	TRUE
TTGAGTGTCGCGTGAC_Case_909	438_TTGAGTGTCGCGTGAC	TRUE	TRUE
TTGATGGAGCTAGAAT_Case_909	438_TTGATGGAGCTAGAAT	TRUE	TRUE
TTGATGGCACGAGGTA_Case_909	438_TTGATGGCACGAGGTA	TRUE	TRUE
TTGATGGGTGTGTCCG_Case_909	438_TTGATGGGTGTGTCCG	TRUE	TRUE
TTGATGGGTTATGACC_Case_909	438_TTGATGGGTTATGACC	TRUE	TRUE
TTGATGGTCAGGAAAT_Case_909	438_TTGATGGTCAGGAAAT	TRUE	TRUE
TTGATGGTCCCATTTA_Case_909	438_TTGATGGTCCCATTTA	TRUE	TRUE
TTGCATTAGCTAGAAT_Case_909	438_TTGCATTAGCTAGAAT	TRUE	TRUE
TTGCATTCAATCCAGT_Case_909	438_TTGCATTCAATCCAGT	TRUE	TRUE
TTGCCTGAGCGAGTCA_Case_909	438_TTGCCTGAGCGAGTCA	TRUE	TRUE
TTGCGTCAGATCGACG_Case_909	438_TTGCGTCAGATCGACG	TRUE	TRUE
TTGCGTCGTCGAACAG_Case_909	438_TTGCGTCGTCGAACAG	TRUE	TRUE
TTGCTGCAGCTAGAAT_Case_909	438_TTGCTGCAGCTAGAAT	TRUE	TRUE
TTGCTGCCAGTCAACT_Case_909	438_TTGCTGCCAGTCAACT	TRUE	TRUE
TTGCTGCGTGCAAGAC_Case_909	438_TTGCTGCGTGCAAGAC	TRUE	TRUE
TTGGATGAGGACAACC_Case_909	438_TTGGATGAGGACAACC	TRUE	TRUE
TTGGATGAGGACAGCT_Case_909	438_TTGGATGAGGACAGCT	TRUE	TRUE
TTGGATGCACACCGCA_Case_909	438_TTGGATGCACACCGCA	TRUE	TRUE
TTGGATGTCCTATGGA_Case_909	438_TTGGATGTCCTATGGA	TRUE	TRUE
TTGGGATAGGAAGTGA_Case_909	438_TTGGGATAGGAAGTGA	TRUE	TRUE
TTGGGATCATACTGTG_Case_909	438_TTGGGATCATACTGTG	TRUE	TRUE
TTGGGATGTATCGTAC_Case_909	438_TTGGGATGTATCGTAC	TRUE	TRUE
TTGGGATTCAAATAGG_Case_909	438_TTGGGATTCAAATAGG	TRUE	TRUE
TTGGGCGAGGTTCACT_Case_909	438_TTGGGCGAGGTTCACT	TRUE	TRUE
TTGGGCGTCAAACCCA_Case_909	438_TTGGGCGTCAAACCCA	TRUE	TRUE
TTGGGCGTCTTTCCGG_Case_909	438_TTGGGCGTCTTTCCGG	TRUE	TRUE
TTGGGTAAGTGAATAC_Case_909	438_TTGGGTAAGTGAATAC	TRUE	TRUE
TTGGGTACAGATCCAT_Case_909	438_TTGGGTACAGATCCAT	TRUE	TRUE
TTGGGTACAGTTACCA_Case_909	438_TTGGGTACAGTTACCA	TRUE	TRUE
TTGGGTAGTATTGACC_Case_909	438_TTGGGTAGTATTGACC	TRUE	TRUE
TTGGGTATCGATACAC_Case_909	438_TTGGGTATCGATACAC	TRUE	TRUE
TTGGTTTAGATCCGAG_Case_909	438_TTGGTTTAGATCCGAG	TRUE	TRUE
TTGGTTTAGCCTCGTG_Case_909	438_TTGGTTTAGCCTCGTG	TRUE	TRUE
TTGGTTTAGCGTATAA_Case_909	438_TTGGTTTAGCGTATAA	TRUE	TRUE
TTGGTTTGTGAAGCGT_Case_909	438_TTGGTTTGTGAAGCGT	TRUE	TRUE
TTGGTTTTCAGAGCAG_Case_909	438_TTGGTTTTCAGAGCAG	TRUE	TRUE
TTGTGGACAGTTGTCA_Case_909	438_TTGTGGACAGTTGTCA	TRUE	TRUE
TTGTGGAGTCTCTCAC_Case_909	438_TTGTGGAGTCTCTCAC	TRUE	TRUE
TTGTGTTAGAGCAGTC_Case_909	438_TTGTGTTAGAGCAGTC	TRUE	TRUE
TTGTGTTGTATGTCTG_Case_909	438_TTGTGTTGTATGTCTG	TRUE	TRUE
TTGTGTTTCACCCTGT_Case_909	438_TTGTGTTTCACCCTGT	TRUE	TRUE
TTGTGTTTCACGTAGT_Case_909	438_TTGTGTTTCACGTAGT	TRUE	TRUE
TTGTTCACACCTCGTT_Case_909	438_TTGTTCACACCTCGTT	TRUE	TRUE
TTGTTCACATAGCTGT_Case_909	438_TTGTTCACATAGCTGT	TRUE	TRUE
TTGTTCAGTCTAATCG_Case_909	438_TTGTTCAGTCTAATCG	TRUE	TRUE
TTGTTGTAGATACCAA_Case_909	438_TTGTTGTAGATACCAA	TRUE	TRUE
TTGTTTGAGACTGTTC_Case_909	438_TTGTTTGAGACTGTTC	TRUE	TRUE
TTGTTTGCACGCGGTT_Case_909	438_TTGTTTGCACGCGGTT	TRUE	TRUE
TTTACCAAGCGTTAGG_Case_909	438_TTTACCAAGCGTTAGG	TRUE	TRUE
TTTACCAAGGATTTGA_Case_909	438_TTTACCAAGGATTTGA	TRUE	TRUE
TTTACCAAGGTCCTGC_Case_909	438_TTTACCAAGGTCCTGC	TRUE	TRUE
TTTACGTCAACTCCCT_Case_909	438_TTTACGTCAACTCCCT	TRUE	TRUE
TTTACGTCAAGACGGT_Case_909	438_TTTACGTCAAGACGGT	TRUE	TRUE
TTTACGTCAGTCGAGA_Case_909	438_TTTACGTCAGTCGAGA	TRUE	TRUE
TTTACGTGTTGGTACT_Case_909	438_TTTACGTGTTGGTACT	TRUE	TRUE
TTTACGTTCTTGCAAG_Case_909	438_TTTACGTTCTTGCAAG	TRUE	TRUE
TTTACTGCATGAGTAA_Case_909	438_TTTACTGCATGAGTAA	TRUE	TRUE
TTTACTGGTCTATGAC_Case_909	438_TTTACTGGTCTATGAC	TRUE	TRUE
TTTAGTCAGACTTCCA_Case_909	438_TTTAGTCAGACTTCCA	TRUE	TRUE
TTTAGTCAGTGCTCGC_Case_909	438_TTTAGTCAGTGCTCGC	TRUE	TRUE
TTTAGTCAGTGGTCAG_Case_909	438_TTTAGTCAGTGGTCAG	TRUE	TRUE
TTTAGTCGTCTTCGAA_Case_909	438_TTTAGTCGTCTTCGAA	TRUE	TRUE
TTTATGCAGATTACCC_Case_909	438_TTTATGCAGATTACCC	TRUE	TRUE
TTTATGCGTAGGCAAC_Case_909	438_TTTATGCGTAGGCAAC	TRUE	TRUE
TTTATGCTCAGACTGT_Case_909	438_TTTATGCTCAGACTGT	TRUE	TRUE
TTTATGCTCTCTCTTC_Case_909	438_TTTATGCTCTCTCTTC	TRUE	TRUE
TTTCACAAGCACTTTG_Case_909	438_TTTCACAAGCACTTTG	TRUE	TRUE
TTTCACAGTCCGTTTC_Case_909	438_TTTCACAGTCCGTTTC	TRUE	TRUE
TTTCACAGTTGCCAAT_Case_909	438_TTTCACAGTTGCCAAT	TRUE	TRUE
TTTCACATCACCGGGT_Case_909	438_TTTCACATCACCGGGT	TRUE	TRUE
TTTCACATCGGTGAAG_Case_909	438_TTTCACATCGGTGAAG	TRUE	TRUE
TTTCACATCTATTGTC_Case_909	438_TTTCACATCTATTGTC	TRUE	TRUE
TTTCAGTAGAGTCTGG_Case_909	438_TTTCAGTAGAGTCTGG	TRUE	TRUE
TTTCAGTAGCGATGCA_Case_909	438_TTTCAGTAGCGATGCA	TRUE	TRUE
TTTCAGTAGCTCATAC_Case_909	438_TTTCAGTAGCTCATAC	TRUE	TRUE
TTTCAGTCACAAACGG_Case_909	438_TTTCAGTCACAAACGG	TRUE	TRUE
TTTCAGTGTAGCGCCT_Case_909	438_TTTCAGTGTAGCGCCT	TRUE	TRUE
TTTCAGTGTGGCGTAA_Case_909	438_TTTCAGTGTGGCGTAA	TRUE	TRUE
TTTCAGTTCTACTATC_Case_909	438_TTTCAGTTCTACTATC	TRUE	TRUE
TTTCAGTTCTCAGTCC_Case_909	438_TTTCAGTTCTCAGTCC	TRUE	TRUE
TTTCATGAGACATAGT_Case_909	438_TTTCATGAGACATAGT	TRUE	TRUE
TTTCATGCAAGTCATC_Case_909	438_TTTCATGCAAGTCATC	TRUE	TRUE
TTTCCTCAGACCAAAT_Case_909	438_TTTCCTCAGACCAAAT	TRUE	TRUE
TTTCGATGTAACATCC_Case_909	438_TTTCGATGTAACATCC	TRUE	TRUE
TTTCGATGTACTAAGA_Case_909	438_TTTCGATGTACTAAGA	TRUE	TRUE
TTTCGATGTGGCTGCT_Case_909	438_TTTCGATGTGGCTGCT	TRUE	TRUE
TTTCGATTCATCCCGT_Case_909	438_TTTCGATTCATCCCGT	TRUE	TRUE
TTTGACTTCCGCTGTT_Case_909	438_TTTGACTTCCGCTGTT	TRUE	TRUE
TTTGATCAGCAAATGT_Case_909	438_TTTGATCAGCAAATGT	TRUE	TRUE
TTTGATCGTGTGCCTG_Case_909	438_TTTGATCGTGTGCCTG	TRUE	TRUE
TTTGATCTCGAAGCAG_Case_909	438_TTTGATCTCGAAGCAG	TRUE	TRUE
TTTGGAGAGGCTAAAT_Case_909	438_TTTGGAGAGGCTAAAT	TRUE	TRUE
TTTGGAGTCGTGTGAT_Case_909	438_TTTGGAGTCGTGTGAT	TRUE	TRUE
TTTGGTTTCTGCGAGC_Case_909	438_TTTGGTTTCTGCGAGC	TRUE	TRUE
TTTGTTGAGGTAACTA_Case_909	438_TTTGTTGAGGTAACTA	TRUE	TRUE
TTTGTTGCACAAATCC_Case_909	438_TTTGTTGCACAAATCC	TRUE	TRUE
TTTGTTGCACACCGCA_Case_909	438_TTTGTTGCACACCGCA	TRUE	TRUE
TTTGTTGGTTCCGGTG_Case_909	438_TTTGTTGGTTCCGGTG	TRUE	TRUE
AAACCCAAGGGACACT_Case_922	439_AAACCCAAGGGACACT	TRUE	TRUE
AAACCCAAGTTGTCAC_Case_922	439_AAACCCAAGTTGTCAC	TRUE	TRUE
AAACCCAGTACGAAAT_Case_922	439_AAACCCAGTACGAAAT	TRUE	TRUE
AAACCCAGTTTCCAAG_Case_922	439_AAACCCAGTTTCCAAG	TRUE	TRUE
AAACGAAAGACTACCT_Case_922	439_AAACGAAAGACTACCT	TRUE	TRUE
AAACGAAAGCCTCATA_Case_922	439_AAACGAAAGCCTCATA	TRUE	TRUE
AAACGAAAGGTACAAT_Case_922	439_AAACGAAAGGTACAAT	TRUE	TRUE
AAACGAACACATAACC_Case_922	439_AAACGAACACATAACC	TRUE	TRUE
AAACGAAGTAACATCC_Case_922	439_AAACGAAGTAACATCC	TRUE	TRUE
AAACGAAGTTCTTGTT_Case_922	439_AAACGAAGTTCTTGTT	TRUE	TRUE
AAACGCTAGCAGGTCA_Case_922	439_AAACGCTAGCAGGTCA	TRUE	TRUE
AAACGCTCAAACCATC_Case_922	439_AAACGCTCAAACCATC	TRUE	TRUE
AAACGCTCATTGCAAC_Case_922	439_AAACGCTCATTGCAAC	TRUE	TRUE
AAAGAACAGCCGTTGC_Case_922	439_AAAGAACAGCCGTTGC	TRUE	TRUE
AAAGAACAGCTACGTT_Case_922	439_AAAGAACAGCTACGTT	TRUE	TRUE
AAAGAACGTCCCTGTT_Case_922	439_AAAGAACGTCCCTGTT	TRUE	TRUE
AAAGAACTCTGTGCAA_Case_922	439_AAAGAACTCTGTGCAA	TRUE	TRUE
AAAGGATAGACGCTCC_Case_922	439_AAAGGATAGACGCTCC	TRUE	TRUE
AAAGGATAGCGTCAAG_Case_922	439_AAAGGATAGCGTCAAG	TRUE	TRUE
AAAGGATCATGAGTAA_Case_922	439_AAAGGATCATGAGTAA	TRUE	TRUE
AAAGGATGTCCCAAAT_Case_922	439_AAAGGATGTCCCAAAT	TRUE	TRUE
AAAGGGCAGCAATTAG_Case_922	439_AAAGGGCAGCAATTAG	TRUE	TRUE
AAAGGTAAGTCTGCAT_Case_922	439_AAAGGTAAGTCTGCAT	TRUE	TRUE
AAAGGTACAGCATTGT_Case_922	439_AAAGGTACAGCATTGT	TRUE	TRUE
AAAGGTACAGCCGGTT_Case_922	439_AAAGGTACAGCCGGTT	TRUE	TRUE
AAAGGTACAGCGAGTA_Case_922	439_AAAGGTACAGCGAGTA	TRUE	TRUE
AAAGGTAGTACTGGGA_Case_922	439_AAAGGTAGTACTGGGA	TRUE	TRUE
AAAGGTAGTTCCTAAG_Case_922	439_AAAGGTAGTTCCTAAG	TRUE	TRUE
AAAGGTATCAATGCAC_Case_922	439_AAAGGTATCAATGCAC	TRUE	TRUE
AAAGGTATCAGCAATC_Case_922	439_AAAGGTATCAGCAATC	TRUE	TRUE
AAAGTGACACAAGTGG_Case_922	439_AAAGTGACACAAGTGG	TRUE	TRUE
AAAGTGACAGCGTATT_Case_922	439_AAAGTGACAGCGTATT	TRUE	TRUE
AAAGTGAGTATTGAGA_Case_922	439_AAAGTGAGTATTGAGA	TRUE	TRUE
AAATGGAAGGTGCCAA_Case_922	439_AAATGGAAGGTGCCAA	TRUE	TRUE
AAATGGACAATTAGGA_Case_922	439_AAATGGACAATTAGGA	TRUE	TRUE
AAATGGACATTCTCCG_Case_922	439_AAATGGACATTCTCCG	TRUE	TRUE
AAATGGAGTTCTCTCG_Case_922	439_AAATGGAGTTCTCTCG	TRUE	TRUE
AAATGGATCCGTGTAA_Case_922	439_AAATGGATCCGTGTAA	TRUE	TRUE
AACAAAGAGATGTAGT_Case_922	439_AACAAAGAGATGTAGT	TRUE	TRUE
AACAAAGTCACGATAC_Case_922	439_AACAAAGTCACGATAC	TRUE	TRUE
AACAAAGTCCATGATG_Case_922	439_AACAAAGTCCATGATG	TRUE	TRUE
AACAAAGTCGAAGCCC_Case_922	439_AACAAAGTCGAAGCCC	TRUE	TRUE
AACAACCCAAGCTACT_Case_922	439_AACAACCCAAGCTACT	TRUE	TRUE
AACAACCCAAGTTCGT_Case_922	439_AACAACCCAAGTTCGT	TRUE	TRUE
AACAACCGTTGCCGAC_Case_922	439_AACAACCGTTGCCGAC	TRUE	TRUE
AACAAGAGTGTCTAAC_Case_922	439_AACAAGAGTGTCTAAC	TRUE	TRUE
AACAAGAGTTCGATTG_Case_922	439_AACAAGAGTTCGATTG	TRUE	TRUE
AACAAGAGTTGGACTT_Case_922	439_AACAAGAGTTGGACTT	TRUE	TRUE
AACAAGATCTCCCATG_Case_922	439_AACAAGATCTCCCATG	TRUE	TRUE
AACACACAGGGCAGTT_Case_922	439_AACACACAGGGCAGTT	TRUE	TRUE
AACACACCATACAGAA_Case_922	439_AACACACCATACAGAA	TRUE	TRUE
AACACACTCGGCATAT_Case_922	439_AACACACTCGGCATAT	TRUE	TRUE
AACAGGGAGAGGTGCT_Case_922	439_AACAGGGAGAGGTGCT	TRUE	TRUE
AACAGGGAGCTCAGAG_Case_922	439_AACAGGGAGCTCAGAG	TRUE	TRUE
AACAGGGGTACGAAAT_Case_922	439_AACAGGGGTACGAAAT	TRUE	TRUE
AACAGGGGTAGAAACT_Case_922	439_AACAGGGGTAGAAACT	TRUE	TRUE
AACAGGGGTGCAGGAT_Case_922	439_AACAGGGGTGCAGGAT	TRUE	TRUE
AACAGGGTCAGGAAAT_Case_922	439_AACAGGGTCAGGAAAT	TRUE	TRUE
AACCAACAGCAACTTC_Case_922	439_AACCAACAGCAACTTC	TRUE	TRUE
AACCAACAGCGGGTTA_Case_922	439_AACCAACAGCGGGTTA	TRUE	TRUE
AACCAACAGGTGGCTA_Case_922	439_AACCAACAGGTGGCTA	TRUE	TRUE
AACCAACAGTGTTCAC_Case_922	439_AACCAACAGTGTTCAC	TRUE	TRUE
AACCAACCAACTGTGT_Case_922	439_AACCAACCAACTGTGT	TRUE	TRUE
AACCAACGTCAACACT_Case_922	439_AACCAACGTCAACACT	TRUE	TRUE
AACCAACGTGTGGACA_Case_922	439_AACCAACGTGTGGACA	TRUE	TRUE
AACCACACATCCTTGC_Case_922	439_AACCACACATCCTTGC	TRUE	TRUE
AACCACAGTGAGGATC_Case_922	439_AACCACAGTGAGGATC	TRUE	TRUE
AACCACATCAAGTGGG_Case_922	439_AACCACATCAAGTGGG	TRUE	TRUE
AACCACATCTTGAACG_Case_922	439_AACCACATCTTGAACG	TRUE	TRUE
AACCATGAGCGTACAG_Case_922	439_AACCATGAGCGTACAG	TRUE	TRUE
AACCATGCAACTCATG_Case_922	439_AACCATGCAACTCATG	TRUE	TRUE
AACCATGCACCAAAGG_Case_922	439_AACCATGCACCAAAGG	TRUE	TRUE
AACCATGGTAGTGGCA_Case_922	439_AACCATGGTAGTGGCA	TRUE	TRUE
AACCATGTCAATGCAC_Case_922	439_AACCATGTCAATGCAC	TRUE	TRUE
AACCCAAAGCGTTAGG_Case_922	439_AACCCAAAGCGTTAGG	TRUE	TRUE
AACCCAAAGGAGATAG_Case_922	439_AACCCAAAGGAGATAG	TRUE	TRUE
AACCCAACATGTTTGG_Case_922	439_AACCCAACATGTTTGG	TRUE	TRUE
AACCCAAGTCGTAATC_Case_922	439_AACCCAAGTCGTAATC	TRUE	TRUE
AACCTGACACTAGAGG_Case_922	439_AACCTGACACTAGAGG	TRUE	TRUE
AACCTGAGTGGTATGG_Case_922	439_AACCTGAGTGGTATGG	TRUE	TRUE
AACCTGATCATTGCGA_Case_922	439_AACCTGATCATTGCGA	TRUE	TRUE
AACGAAAAGGTTGCCC_Case_922	439_AACGAAAAGGTTGCCC	TRUE	TRUE
AACGAAATCACGAGGA_Case_922	439_AACGAAATCACGAGGA	TRUE	TRUE
AACGGGAAGAAGATCT_Case_922	439_AACGGGAAGAAGATCT	TRUE	TRUE
AACGGGAAGTTGCTCA_Case_922	439_AACGGGAAGTTGCTCA	TRUE	TRUE
AACGGGAGTGTTAACC_Case_922	439_AACGGGAGTGTTAACC	TRUE	TRUE
AACGGGATCCGTGTCT_Case_922	439_AACGGGATCCGTGTCT	TRUE	TRUE
AACGGGATCGGTCAGC_Case_922	439_AACGGGATCGGTCAGC	TRUE	TRUE
AACGTCAGTAGACAAT_Case_922	439_AACGTCAGTAGACAAT	TRUE	TRUE
AACGTCAGTGTAGCAG_Case_922	439_AACGTCAGTGTAGCAG	TRUE	TRUE
AACGTCAGTTGTACGT_Case_922	439_AACGTCAGTTGTACGT	TRUE	TRUE
AACTTCTAGTGTAGTA_Case_922	439_AACTTCTAGTGTAGTA	TRUE	TRUE
AACTTCTGTCTAGTGT_Case_922	439_AACTTCTGTCTAGTGT	TRUE	TRUE
AACTTCTGTTATGTCG_Case_922	439_AACTTCTGTTATGTCG	TRUE	TRUE
AACTTCTTCCACATAG_Case_922	439_AACTTCTTCCACATAG	TRUE	TRUE
AAGAACAAGTAAATGC_Case_922	439_AAGAACAAGTAAATGC	TRUE	TRUE
AAGAACACAACTAGAA_Case_922	439_AAGAACACAACTAGAA	TRUE	TRUE
AAGAACACACCTTCCA_Case_922	439_AAGAACACACCTTCCA	TRUE	TRUE
AAGAACACACGTTCGG_Case_922	439_AAGAACACACGTTCGG	TRUE	TRUE
AAGAACAGTAGTTAGA_Case_922	439_AAGAACAGTAGTTAGA	TRUE	TRUE
AAGACAAAGACGAGCT_Case_922	439_AAGACAAAGACGAGCT	TRUE	TRUE
AAGACAACACCCTAGG_Case_922	439_AAGACAACACCCTAGG	TRUE	TRUE
AAGACAACATTCCTCG_Case_922	439_AAGACAACATTCCTCG	TRUE	TRUE
AAGACAAGTATAGGAT_Case_922	439_AAGACAAGTATAGGAT	TRUE	TRUE
AAGACAATCATGAAAG_Case_922	439_AAGACAATCATGAAAG	TRUE	TRUE
AAGACTCAGCCAGACA_Case_922	439_AAGACTCAGCCAGACA	TRUE	TRUE
AAGACTCAGTCAAGCG_Case_922	439_AAGACTCAGTCAAGCG	TRUE	TRUE
AAGACTCCACAAGTGG_Case_922	439_AAGACTCCACAAGTGG	TRUE	TRUE
AAGACTCCAGGTTCGC_Case_922	439_AAGACTCCAGGTTCGC	TRUE	TRUE
AAGACTCTCGAGCACC_Case_922	439_AAGACTCTCGAGCACC	TRUE	TRUE
AAGACTCTCTGTTGGA_Case_922	439_AAGACTCTCTGTTGGA	TRUE	TRUE
AAGATAGAGAGGCGTT_Case_922	439_AAGATAGAGAGGCGTT	TRUE	TRUE
AAGATAGAGCGGACAT_Case_922	439_AAGATAGAGCGGACAT	TRUE	TRUE
AAGCATCAGACTAAGT_Case_922	439_AAGCATCAGACTAAGT	TRUE	TRUE
AAGCATCCAAGGACAC_Case_922	439_AAGCATCCAAGGACAC	TRUE	TRUE
AAGCCATCACCGCTAG_Case_922	439_AAGCCATCACCGCTAG	TRUE	TRUE
AAGCCATGTCTTGTCC_Case_922	439_AAGCCATGTCTTGTCC	TRUE	TRUE
AAGCGAGCAAATGAGT_Case_922	439_AAGCGAGCAAATGAGT	TRUE	TRUE
AAGCGAGGTTTGCAGT_Case_922	439_AAGCGAGGTTTGCAGT	TRUE	TRUE
AAGCGTTAGATTAGCA_Case_922	439_AAGCGTTAGATTAGCA	TRUE	TRUE
AAGCGTTAGTTCATGC_Case_922	439_AAGCGTTAGTTCATGC	TRUE	TRUE
AAGCGTTAGTTCCGTA_Case_922	439_AAGCGTTAGTTCCGTA	TRUE	TRUE
AAGCGTTGTAAGTTGA_Case_922	439_AAGCGTTGTAAGTTGA	TRUE	TRUE
AAGCGTTTCACCGGTG_Case_922	439_AAGCGTTTCACCGGTG	TRUE	TRUE
AAGCGTTTCATTGTTC_Case_922	439_AAGCGTTTCATTGTTC	TRUE	TRUE
AAGCGTTTCTGACCCT_Case_922	439_AAGCGTTTCTGACCCT	TRUE	TRUE
AAGGAATCACATTCTT_Case_922	439_AAGGAATCACATTCTT	TRUE	TRUE
AAGGAATCATGTCAGT_Case_922	439_AAGGAATCATGTCAGT	TRUE	TRUE
AAGGAATTCTCAGAAC_Case_922	439_AAGGAATTCTCAGAAC	TRUE	TRUE
AAGGTAAAGGATTTCC_Case_922	439_AAGGTAAAGGATTTCC	TRUE	TRUE
AAGGTAACATGTAACC_Case_922	439_AAGGTAACATGTAACC	TRUE	TRUE
AAGGTAATCAGCGCGT_Case_922	439_AAGGTAATCAGCGCGT	TRUE	TRUE
AAGGTAATCTAAGCGT_Case_922	439_AAGGTAATCTAAGCGT	TRUE	TRUE
AAGTACCCACACCGAC_Case_922	439_AAGTACCCACACCGAC	TRUE	TRUE
AAGTACCGTCTACTGA_Case_922	439_AAGTACCGTCTACTGA	TRUE	TRUE
AAGTACCTCAAAGGTA_Case_922	439_AAGTACCTCAAAGGTA	TRUE	TRUE
AAGTACCTCAAGTTGC_Case_922	439_AAGTACCTCAAGTTGC	TRUE	TRUE
AAGTCGTAGAACGTGC_Case_922	439_AAGTCGTAGAACGTGC	TRUE	TRUE
AAGTCGTAGCTGGAGT_Case_922	439_AAGTCGTAGCTGGAGT	TRUE	TRUE
AAGTCGTAGTCACTAC_Case_922	439_AAGTCGTAGTCACTAC	TRUE	TRUE
AAGTCGTAGTGTACCT_Case_922	439_AAGTCGTAGTGTACCT	TRUE	TRUE
AAGTCGTGTAAGATAC_Case_922	439_AAGTCGTGTAAGATAC	TRUE	TRUE
AAGTGAACACGCCACA_Case_922	439_AAGTGAACACGCCACA	TRUE	TRUE
AAGTGAACAGCATACT_Case_922	439_AAGTGAACAGCATACT	TRUE	TRUE
AAGTGAACATGACGTT_Case_922	439_AAGTGAACATGACGTT	TRUE	TRUE
AAGTGAAGTACTCAAC_Case_922	439_AAGTGAAGTACTCAAC	TRUE	TRUE
AAGTGAAGTAGCACAG_Case_922	439_AAGTGAAGTAGCACAG	TRUE	TRUE
AAGTGAAGTATGATCC_Case_922	439_AAGTGAAGTATGATCC	TRUE	TRUE
AAGTGAAGTATGGAAT_Case_922	439_AAGTGAAGTATGGAAT	TRUE	TRUE
AAGTGAATCTCATGGA_Case_922	439_AAGTGAATCTCATGGA	TRUE	TRUE
AAGTTCGAGAGCACTG_Case_922	439_AAGTTCGAGAGCACTG	TRUE	TRUE
AAGTTCGAGATCACTC_Case_922	439_AAGTTCGAGATCACTC	TRUE	TRUE
AAGTTCGCACGCCAGT_Case_922	439_AAGTTCGCACGCCAGT	TRUE	TRUE
AAGTTCGCAGCAGTGA_Case_922	439_AAGTTCGCAGCAGTGA	TRUE	TRUE
AAGTTCGGTATATGGA_Case_922	439_AAGTTCGGTATATGGA	TRUE	TRUE
AAGTTCGGTCACTCTC_Case_922	439_AAGTTCGGTCACTCTC	TRUE	TRUE
AAGTTCGGTCGTTTCC_Case_922	439_AAGTTCGGTCGTTTCC	TRUE	TRUE
AAGTTCGTCCTCTGCA_Case_922	439_AAGTTCGTCCTCTGCA	TRUE	TRUE
AAGTTCGTCGAACCTA_Case_922	439_AAGTTCGTCGAACCTA	TRUE	TRUE
AATAGAGAGACGTCGA_Case_922	439_AATAGAGAGACGTCGA	TRUE	TRUE
AATAGAGCATACGCAT_Case_922	439_AATAGAGCATACGCAT	TRUE	TRUE
AATAGAGCATCCCACT_Case_922	439_AATAGAGCATCCCACT	TRUE	TRUE
AATAGAGTCACATTGG_Case_922	439_AATAGAGTCACATTGG	TRUE	TRUE
AATAGAGTCGCCTATC_Case_922	439_AATAGAGTCGCCTATC	TRUE	TRUE
AATAGAGTCTACCCAC_Case_922	439_AATAGAGTCTACCCAC	TRUE	TRUE
AATCACGCACTGAGGA_Case_922	439_AATCACGCACTGAGGA	TRUE	TRUE
AATCACGGTGGCAGAT_Case_922	439_AATCACGGTGGCAGAT	TRUE	TRUE
AATCACGTCATTCATC_Case_922	439_AATCACGTCATTCATC	TRUE	TRUE
AATCGACGTAACATCC_Case_922	439_AATCGACGTAACATCC	TRUE	TRUE
AATCGACTCACTACGA_Case_922	439_AATCGACTCACTACGA	TRUE	TRUE
AATCGTGAGGTTTACC_Case_922	439_AATCGTGAGGTTTACC	TRUE	TRUE
AATCGTGCAAGGAGTC_Case_922	439_AATCGTGCAAGGAGTC	TRUE	TRUE
AATCGTGGTGGTCTAT_Case_922	439_AATCGTGGTGGTCTAT	TRUE	TRUE
AATCGTGTCTGAGATC_Case_922	439_AATCGTGTCTGAGATC	TRUE	TRUE
AATGAAGGTACGAGTG_Case_922	439_AATGAAGGTACGAGTG	TRUE	TRUE
AATGAAGGTACGGCAA_Case_922	439_AATGAAGGTACGGCAA	TRUE	TRUE
AATGAAGGTATGAGAT_Case_922	439_AATGAAGGTATGAGAT	TRUE	TRUE
AATGAAGGTCCCTGAG_Case_922	439_AATGAAGGTCCCTGAG	TRUE	TRUE
AATGAAGGTTGGTGTT_Case_922	439_AATGAAGGTTGGTGTT	TRUE	TRUE
AATGAAGTCAAAGAAC_Case_922	439_AATGAAGTCAAAGAAC	TRUE	TRUE
AATGACCAGAACTTCC_Case_922	439_AATGACCAGAACTTCC	TRUE	TRUE
AATGACCGTTCTGACA_Case_922	439_AATGACCGTTCTGACA	TRUE	TRUE
AATGCCACAACAGCTT_Case_922	439_AATGCCACAACAGCTT	TRUE	TRUE
AATGCCACAAGCTCTA_Case_922	439_AATGCCACAAGCTCTA	TRUE	TRUE
AATGCCAGTTAGGGAC_Case_922	439_AATGCCAGTTAGGGAC	TRUE	TRUE
AATGGAAAGGAGATAG_Case_922	439_AATGGAAAGGAGATAG	TRUE	TRUE
AATGGAAAGTTGGGAC_Case_922	439_AATGGAAAGTTGGGAC	TRUE	TRUE
AATGGAAGTGCTCTCT_Case_922	439_AATGGAAGTGCTCTCT	TRUE	TRUE
AATGGAAGTTGTGCAT_Case_922	439_AATGGAAGTTGTGCAT	TRUE	TRUE
AATGGAATCGCTGACG_Case_922	439_AATGGAATCGCTGACG	TRUE	TRUE
AATGGCTAGGCTGAAC_Case_922	439_AATGGCTAGGCTGAAC	TRUE	TRUE
AATGGCTGTATGCGGA_Case_922	439_AATGGCTGTATGCGGA	TRUE	TRUE
AATTCCTAGAGCATCG_Case_922	439_AATTCCTAGAGCATCG	TRUE	TRUE
AATTCCTAGGAGCAAA_Case_922	439_AATTCCTAGGAGCAAA	TRUE	TRUE
AATTCCTAGTGAACAT_Case_922	439_AATTCCTAGTGAACAT	TRUE	TRUE
AATTCCTCACCCTGAG_Case_922	439_AATTCCTCACCCTGAG	TRUE	TRUE
AATTCCTGTACGACTT_Case_922	439_AATTCCTGTACGACTT	TRUE	TRUE
AATTTCCAGGTGCCAA_Case_922	439_AATTTCCAGGTGCCAA	TRUE	TRUE
AATTTCCAGTCGAAGC_Case_922	439_AATTTCCAGTCGAAGC	TRUE	TRUE
AATTTCCCAAAGCACG_Case_922	439_AATTTCCCAAAGCACG	TRUE	TRUE
AATTTCCGTCCACTCT_Case_922	439_AATTTCCGTCCACTCT	TRUE	TRUE
AATTTCCGTGGCTGCT_Case_922	439_AATTTCCGTGGCTGCT	TRUE	TRUE
AATTTCCTCTGTGTGA_Case_922	439_AATTTCCTCTGTGTGA	TRUE	TRUE
ACAAAGATCAAGCCTA_Case_922	439_ACAAAGATCAAGCCTA	TRUE	TRUE
ACAAAGATCTCGGTCT_Case_922	439_ACAAAGATCTCGGTCT	TRUE	TRUE
ACAACCACAACTTGGT_Case_922	439_ACAACCACAACTTGGT	TRUE	TRUE
ACAACCACAAGCAGGT_Case_922	439_ACAACCACAAGCAGGT	TRUE	TRUE
ACAACCACACTTGGCG_Case_922	439_ACAACCACACTTGGCG	TRUE	TRUE
ACAACCATCGATCCAA_Case_922	439_ACAACCATCGATCCAA	TRUE	TRUE
ACAAGCTAGGGACTGT_Case_922	439_ACAAGCTAGGGACTGT	TRUE	TRUE
ACAAGCTCATCCAACA_Case_922	439_ACAAGCTCATCCAACA	TRUE	TRUE
ACAAGCTGTAAGACCG_Case_922	439_ACAAGCTGTAAGACCG	TRUE	TRUE
ACAAGCTGTAGAATGT_Case_922	439_ACAAGCTGTAGAATGT	TRUE	TRUE
ACAAGCTGTCCCTGAG_Case_922	439_ACAAGCTGTCCCTGAG	TRUE	TRUE
ACAAGCTTCTCTAAGG_Case_922	439_ACAAGCTTCTCTAAGG	TRUE	TRUE
ACACAGTAGCATTGTC_Case_922	439_ACACAGTAGCATTGTC	TRUE	TRUE
ACACAGTCAAGCGCAA_Case_922	439_ACACAGTCAAGCGCAA	TRUE	TRUE
ACACAGTCACGCGTCA_Case_922	439_ACACAGTCACGCGTCA	TRUE	TRUE
ACACAGTGTAGGACTG_Case_922	439_ACACAGTGTAGGACTG	TRUE	TRUE
ACACAGTGTCATTCCC_Case_922	439_ACACAGTGTCATTCCC	TRUE	TRUE
ACACAGTGTTTCTTAC_Case_922	439_ACACAGTGTTTCTTAC	TRUE	TRUE
ACACAGTTCTCTTCAA_Case_922	439_ACACAGTTCTCTTCAA	TRUE	TRUE
ACACCAAGTGACGTCC_Case_922	439_ACACCAAGTGACGTCC	TRUE	TRUE
ACACGCGAGACGGAAA_Case_922	439_ACACGCGAGACGGAAA	TRUE	TRUE
ACACGCGAGATGAAGG_Case_922	439_ACACGCGAGATGAAGG	TRUE	TRUE
ACACGCGAGTTCATCG_Case_922	439_ACACGCGAGTTCATCG	TRUE	TRUE
ACACGCGGTCACAGTT_Case_922	439_ACACGCGGTCACAGTT	TRUE	TRUE
ACACGCGGTCCACTCT_Case_922	439_ACACGCGGTCCACTCT	TRUE	TRUE
ACACGCGTCGACACCG_Case_922	439_ACACGCGTCGACACCG	TRUE	TRUE
ACACGCGTCGCACGGT_Case_922	439_ACACGCGTCGCACGGT	TRUE	TRUE
ACACGCGTCGCTTTAT_Case_922	439_ACACGCGTCGCTTTAT	TRUE	TRUE
ACACGCGTCTGTCGTC_Case_922	439_ACACGCGTCTGTCGTC	TRUE	TRUE
ACACTGAAGTGCACCC_Case_922	439_ACACTGAAGTGCACCC	TRUE	TRUE
ACACTGACAAAGGCGT_Case_922	439_ACACTGACAAAGGCGT	TRUE	TRUE
ACACTGAGTTCGGGTC_Case_922	439_ACACTGAGTTCGGGTC	TRUE	TRUE
ACACTGAGTTGTAGCT_Case_922	439_ACACTGAGTTGTAGCT	TRUE	TRUE
ACAGAAAAGAATACAC_Case_922	439_ACAGAAAAGAATACAC	TRUE	TRUE
ACAGAAACAGCTACTA_Case_922	439_ACAGAAACAGCTACTA	TRUE	TRUE
ACAGAAACATTGTACG_Case_922	439_ACAGAAACATTGTACG	TRUE	TRUE
ACAGAAAGTACAGAGC_Case_922	439_ACAGAAAGTACAGAGC	TRUE	TRUE
ACAGAAATCTTACGTT_Case_922	439_ACAGAAATCTTACGTT	TRUE	TRUE
ACAGCCGAGGGTCTTT_Case_922	439_ACAGCCGAGGGTCTTT	TRUE	TRUE
ACAGCCGGTAGCGAGT_Case_922	439_ACAGCCGGTAGCGAGT	TRUE	TRUE
ACAGCCGTCACAACCA_Case_922	439_ACAGCCGTCACAACCA	TRUE	TRUE
ACAGGGACAACCGATT_Case_922	439_ACAGGGACAACCGATT	TRUE	TRUE
ACAGGGAGTGAGTTTC_Case_922	439_ACAGGGAGTGAGTTTC	TRUE	TRUE
ACAGGGAGTGGGACAT_Case_922	439_ACAGGGAGTGGGACAT	TRUE	TRUE
ACAGGGATCGAGTCTA_Case_922	439_ACAGGGATCGAGTCTA	TRUE	TRUE
ACATCCCAGCAACAGC_Case_922	439_ACATCCCAGCAACAGC	TRUE	TRUE
ACATCCCCATTCCTCG_Case_922	439_ACATCCCCATTCCTCG	TRUE	TRUE
ACATCCCGTCACAGTT_Case_922	439_ACATCCCGTCACAGTT	TRUE	TRUE
ACATCCCTCCGATCGG_Case_922	439_ACATCCCTCCGATCGG	TRUE	TRUE
ACATCGAAGATCGCTT_Case_922	439_ACATCGAAGATCGCTT	TRUE	TRUE
ACATCGACAGACCAAG_Case_922	439_ACATCGACAGACCAAG	TRUE	TRUE
ACATCGAGTGAGCAGT_Case_922	439_ACATCGAGTGAGCAGT	TRUE	TRUE
ACATGCAAGGTACTGG_Case_922	439_ACATGCAAGGTACTGG	TRUE	TRUE
ACATGCAAGTTTCTTC_Case_922	439_ACATGCAAGTTTCTTC	TRUE	TRUE
ACATGCACATTCGGGC_Case_922	439_ACATGCACATTCGGGC	TRUE	TRUE
ACATGCAGTAACGTTC_Case_922	439_ACATGCAGTAACGTTC	TRUE	TRUE
ACATGCAGTCACTCTC_Case_922	439_ACATGCAGTCACTCTC	TRUE	TRUE
ACATTTCCAACCACAT_Case_922	439_ACATTTCCAACCACAT	TRUE	TRUE
ACATTTCTCCTTCGAC_Case_922	439_ACATTTCTCCTTCGAC	TRUE	TRUE
ACATTTCTCGCCAGAC_Case_922	439_ACATTTCTCGCCAGAC	TRUE	TRUE
ACCAAACAGACAAGCC_Case_922	439_ACCAAACAGACAAGCC	TRUE	TRUE
ACCAAACAGTTGGCGA_Case_922	439_ACCAAACAGTTGGCGA	TRUE	TRUE
ACCAAACGTACTCGAT_Case_922	439_ACCAAACGTACTCGAT	TRUE	TRUE
ACCAAACGTGGGCTCT_Case_922	439_ACCAAACGTGGGCTCT	TRUE	TRUE
ACCAAACTCGCCAACG_Case_922	439_ACCAAACTCGCCAACG	TRUE	TRUE
ACCAAACTCTAAGGAA_Case_922	439_ACCAAACTCTAAGGAA	TRUE	TRUE
ACCAACAAGTCGAAGC_Case_922	439_ACCAACAAGTCGAAGC	TRUE	TRUE
ACCAACACATACCAGT_Case_922	439_ACCAACACATACCAGT	TRUE	TRUE
ACCAACATCTAAGAAG_Case_922	439_ACCAACATCTAAGAAG	TRUE	TRUE
ACCACAACAGACCGCT_Case_922	439_ACCACAACAGACCGCT	TRUE	TRUE
ACCACAACAGAGTTGG_Case_922	439_ACCACAACAGAGTTGG	TRUE	TRUE
ACCACAAGTGTATCCA_Case_922	439_ACCACAAGTGTATCCA	TRUE	TRUE
ACCATTTGTGGTCTCG_Case_922	439_ACCATTTGTGGTCTCG	TRUE	TRUE
ACCATTTTCATCGACA_Case_922	439_ACCATTTTCATCGACA	TRUE	TRUE
ACCATTTTCTTCCAGC_Case_922	439_ACCATTTTCTTCCAGC	TRUE	TRUE
ACCCAAAAGACTACCT_Case_922	439_ACCCAAAAGACTACCT	TRUE	TRUE
ACCCAAAGTGGACTGA_Case_922	439_ACCCAAAGTGGACTGA	TRUE	TRUE
ACCCAAAGTGTCACAT_Case_922	439_ACCCAAAGTGTCACAT	TRUE	TRUE
ACCCAAAGTTGTGCAT_Case_922	439_ACCCAAAGTTGTGCAT	TRUE	TRUE
ACCCAAATCAAGATAG_Case_922	439_ACCCAAATCAAGATAG	TRUE	TRUE
ACCCAAATCCGACAGC_Case_922	439_ACCCAAATCCGACAGC	TRUE	TRUE
ACCCTCAAGTAGTCAA_Case_922	439_ACCCTCAAGTAGTCAA	TRUE	TRUE
ACCCTCAGTATCCCTC_Case_922	439_ACCCTCAGTATCCCTC	TRUE	TRUE
ACCCTCAGTTGTACGT_Case_922	439_ACCCTCAGTTGTACGT	TRUE	TRUE
ACCCTCATCGCTGACG_Case_922	439_ACCCTCATCGCTGACG	TRUE	TRUE
ACCCTCATCGTTCTAT_Case_922	439_ACCCTCATCGTTCTAT	TRUE	TRUE
ACCCTTGAGGAATGTT_Case_922	439_ACCCTTGAGGAATGTT	TRUE	TRUE
ACCCTTGCATTAGGCT_Case_922	439_ACCCTTGCATTAGGCT	TRUE	TRUE
ACCCTTGTCTCCAATT_Case_922	439_ACCCTTGTCTCCAATT	TRUE	TRUE
ACCCTTGTCTGTAAGC_Case_922	439_ACCCTTGTCTGTAAGC	TRUE	TRUE
ACCGTTCAGAGGATGA_Case_922	439_ACCGTTCAGAGGATGA	TRUE	TRUE
ACCGTTCAGGGAGGTG_Case_922	439_ACCGTTCAGGGAGGTG	TRUE	TRUE
ACCGTTCAGGTAAGGA_Case_922	439_ACCGTTCAGGTAAGGA	TRUE	TRUE
ACCGTTCGTGAGTAAT_Case_922	439_ACCGTTCGTGAGTAAT	TRUE	TRUE
ACCTACCAGACAACAT_Case_922	439_ACCTACCAGACAACAT	TRUE	TRUE
ACCTACCAGGTATCTC_Case_922	439_ACCTACCAGGTATCTC	TRUE	TRUE
ACCTACCGTAGACAGC_Case_922	439_ACCTACCGTAGACAGC	TRUE	TRUE
ACCTGAACAACATCGT_Case_922	439_ACCTGAACAACATCGT	TRUE	TRUE
ACCTGAACAGACCTAT_Case_922	439_ACCTGAACAGACCTAT	TRUE	TRUE
ACCTGAACATAGTCGT_Case_922	439_ACCTGAACATAGTCGT	TRUE	TRUE
ACCTGAATCAGGAACG_Case_922	439_ACCTGAATCAGGAACG	TRUE	TRUE
ACCTGAATCAGTGATC_Case_922	439_ACCTGAATCAGTGATC	TRUE	TRUE
ACCTGAATCCGTGGCA_Case_922	439_ACCTGAATCCGTGGCA	TRUE	TRUE
ACCTGAATCCTCTCGA_Case_922	439_ACCTGAATCCTCTCGA	TRUE	TRUE
ACCTGTCAGGAGAATG_Case_922	439_ACCTGTCAGGAGAATG	TRUE	TRUE
ACCTGTCCAACGACTT_Case_922	439_ACCTGTCCAACGACTT	TRUE	TRUE
ACCTGTCCAAGACTGG_Case_922	439_ACCTGTCCAAGACTGG	TRUE	TRUE
ACCTGTCGTCACGTGC_Case_922	439_ACCTGTCGTCACGTGC	TRUE	TRUE
ACGATGTAGACCAGAC_Case_922	439_ACGATGTAGACCAGAC	TRUE	TRUE
ACGATGTTCATTGTGG_Case_922	439_ACGATGTTCATTGTGG	TRUE	TRUE
ACGCACGGTGGTGATG_Case_922	439_ACGCACGGTGGTGATG	TRUE	TRUE
ACGCACGTCATTTACC_Case_922	439_ACGCACGTCATTTACC	TRUE	TRUE
ACGGAAGAGATTTGCC_Case_922	439_ACGGAAGAGATTTGCC	TRUE	TRUE
ACGGAAGAGTGAGTGC_Case_922	439_ACGGAAGAGTGAGTGC	TRUE	TRUE
ACGGAAGGTAATCAAG_Case_922	439_ACGGAAGGTAATCAAG	TRUE	TRUE
ACGGAAGGTGTGCCTG_Case_922	439_ACGGAAGGTGTGCCTG	TRUE	TRUE
ACGGAAGGTTAGGGTG_Case_922	439_ACGGAAGGTTAGGGTG	TRUE	TRUE
ACGGAAGTCCACGGGT_Case_922	439_ACGGAAGTCCACGGGT	TRUE	TRUE
ACGGAAGTCGTCGACG_Case_922	439_ACGGAAGTCGTCGACG	TRUE	TRUE
ACGGGTCCAACGACTT_Case_922	439_ACGGGTCCAACGACTT	TRUE	TRUE
ACGGGTCCACAGAAGC_Case_922	439_ACGGGTCCACAGAAGC	TRUE	TRUE
ACGGGTCCAGTATACC_Case_922	439_ACGGGTCCAGTATACC	TRUE	TRUE
ACGGGTCCATATCTCT_Case_922	439_ACGGGTCCATATCTCT	TRUE	TRUE
ACGGGTCCATTGTAGC_Case_922	439_ACGGGTCCATTGTAGC	TRUE	TRUE
ACGGGTCGTATAATGG_Case_922	439_ACGGGTCGTATAATGG	TRUE	TRUE
ACGGGTCGTGCCTGAC_Case_922	439_ACGGGTCGTGCCTGAC	TRUE	TRUE
ACGGTCGAGGGACACT_Case_922	439_ACGGTCGAGGGACACT	TRUE	TRUE
ACGGTCGAGTAAGGGA_Case_922	439_ACGGTCGAGTAAGGGA	TRUE	TRUE
ACGGTTAAGCAAGGAA_Case_922	439_ACGGTTAAGCAAGGAA	TRUE	TRUE
ACGGTTAAGCGAGTCA_Case_922	439_ACGGTTAAGCGAGTCA	TRUE	TRUE
ACGGTTACAAGGCAAC_Case_922	439_ACGGTTACAAGGCAAC	TRUE	TRUE
ACGGTTATCGCCTATC_Case_922	439_ACGGTTATCGCCTATC	TRUE	TRUE
ACGGTTATCTTCCCGA_Case_922	439_ACGGTTATCTTCCCGA	TRUE	TRUE
ACGTAACAGCGAGTCA_Case_922	439_ACGTAACAGCGAGTCA	TRUE	TRUE
ACGTAACCAAAGGAGA_Case_922	439_ACGTAACCAAAGGAGA	TRUE	TRUE
ACGTAACCAAGAAATC_Case_922	439_ACGTAACCAAGAAATC	TRUE	TRUE
ACGTAACCATCGATCA_Case_922	439_ACGTAACCATCGATCA	TRUE	TRUE
ACGTAACTCAGCTGAT_Case_922	439_ACGTAACTCAGCTGAT	TRUE	TRUE
ACGTAACTCTACGCGG_Case_922	439_ACGTAACTCTACGCGG	TRUE	TRUE
ACGTACAAGAGTGACC_Case_922	439_ACGTACAAGAGTGACC	TRUE	TRUE
ACGTACAAGCCTGACC_Case_922	439_ACGTACAAGCCTGACC	TRUE	TRUE
ACGTACAAGGTCTGGA_Case_922	439_ACGTACAAGGTCTGGA	TRUE	TRUE
ACGTACAGTGAACCGA_Case_922	439_ACGTACAGTGAACCGA	TRUE	TRUE
ACGTAGTAGGATTTAG_Case_922	439_ACGTAGTAGGATTTAG	TRUE	TRUE
ACGTAGTCACATATCG_Case_922	439_ACGTAGTCACATATCG	TRUE	TRUE
ACGTAGTTCCTACGAA_Case_922	439_ACGTAGTTCCTACGAA	TRUE	TRUE
ACGTCCTAGTCTAGCT_Case_922	439_ACGTCCTAGTCTAGCT	TRUE	TRUE
ACGTCCTTCAGACCTA_Case_922	439_ACGTCCTTCAGACCTA	TRUE	TRUE
ACGTCCTTCTAGAGCT_Case_922	439_ACGTCCTTCTAGAGCT	TRUE	TRUE
ACGTTCCGTGGGAGAG_Case_922	439_ACGTTCCGTGGGAGAG	TRUE	TRUE
ACGTTCCGTGTTAGCT_Case_922	439_ACGTTCCGTGTTAGCT	TRUE	TRUE
ACGTTCCTCCAAAGGG_Case_922	439_ACGTTCCTCCAAAGGG	TRUE	TRUE
ACGTTCCTCGTCTCAC_Case_922	439_ACGTTCCTCGTCTCAC	TRUE	TRUE
ACTACGAAGATGGCAC_Case_922	439_ACTACGAAGATGGCAC	TRUE	TRUE
ACTACGAAGCGGGTTA_Case_922	439_ACTACGAAGCGGGTTA	TRUE	TRUE
ACTACGAAGCTAATCC_Case_922	439_ACTACGAAGCTAATCC	TRUE	TRUE
ACTACGACATTCGGGC_Case_922	439_ACTACGACATTCGGGC	TRUE	TRUE
ACTACGAGTTCTAAGC_Case_922	439_ACTACGAGTTCTAAGC	TRUE	TRUE
ACTATCTAGGGTCAAC_Case_922	439_ACTATCTAGGGTCAAC	TRUE	TRUE
ACTATCTAGGTTATAG_Case_922	439_ACTATCTAGGTTATAG	TRUE	TRUE
ACTATCTCACGACTAT_Case_922	439_ACTATCTCACGACTAT	TRUE	TRUE
ACTATCTGTTTCACAG_Case_922	439_ACTATCTGTTTCACAG	TRUE	TRUE
ACTATGGAGACATAGT_Case_922	439_ACTATGGAGACATAGT	TRUE	TRUE
ACTATGGAGATGAACT_Case_922	439_ACTATGGAGATGAACT	TRUE	TRUE
ACTATGGAGGGAGATA_Case_922	439_ACTATGGAGGGAGATA	TRUE	TRUE
ACTATGGCATCGCTCT_Case_922	439_ACTATGGCATCGCTCT	TRUE	TRUE
ACTATGGGTAGCTTTG_Case_922	439_ACTATGGGTAGCTTTG	TRUE	TRUE
ACTATGGTCATGCAGT_Case_922	439_ACTATGGTCATGCAGT	TRUE	TRUE
ACTATTCCACTCCTTG_Case_922	439_ACTATTCCACTCCTTG	TRUE	TRUE
ACTATTCGTCGATTCA_Case_922	439_ACTATTCGTCGATTCA	TRUE	TRUE
ACTATTCTCCAATCCC_Case_922	439_ACTATTCTCCAATCCC	TRUE	TRUE
ACTATTCTCGACGTCG_Case_922	439_ACTATTCTCGACGTCG	TRUE	TRUE
ACTATTCTCGCCGAGT_Case_922	439_ACTATTCTCGCCGAGT	TRUE	TRUE
ACTCCCACAGACCTGC_Case_922	439_ACTCCCACAGACCTGC	TRUE	TRUE
ACTCCCAGTCACTACA_Case_922	439_ACTCCCAGTCACTACA	TRUE	TRUE
ACTCCCATCCTAACAG_Case_922	439_ACTCCCATCCTAACAG	TRUE	TRUE
ACTCTCGAGAGGGTGG_Case_922	439_ACTCTCGAGAGGGTGG	TRUE	TRUE
ACTCTCGGTAGAGACC_Case_922	439_ACTCTCGGTAGAGACC	TRUE	TRUE
ACTCTCGTCGCTTGAA_Case_922	439_ACTCTCGTCGCTTGAA	TRUE	TRUE
ACTGATGAGACGGATC_Case_922	439_ACTGATGAGACGGATC	TRUE	TRUE
ACTGATGAGTGTAGAT_Case_922	439_ACTGATGAGTGTAGAT	TRUE	TRUE
ACTGATGAGTTCCGGC_Case_922	439_ACTGATGAGTTCCGGC	TRUE	TRUE
ACTGATGCAACCGGAA_Case_922	439_ACTGATGCAACCGGAA	TRUE	TRUE
ACTGATGCACTCCGAG_Case_922	439_ACTGATGCACTCCGAG	TRUE	TRUE
ACTGATGCAGCACAGA_Case_922	439_ACTGATGCAGCACAGA	TRUE	TRUE
ACTGATGCATCTATCT_Case_922	439_ACTGATGCATCTATCT	TRUE	TRUE
ACTGATGCATGACTAC_Case_922	439_ACTGATGCATGACTAC	TRUE	TRUE
ACTGATGGTCTGATAC_Case_922	439_ACTGATGGTCTGATAC	TRUE	TRUE
ACTGATGTCGCTAGCG_Case_922	439_ACTGATGTCGCTAGCG	TRUE	TRUE
ACTGCAAGTATGGTAA_Case_922	439_ACTGCAAGTATGGTAA	TRUE	TRUE
ACTGCAAGTGGCCACT_Case_922	439_ACTGCAAGTGGCCACT	TRUE	TRUE
ACTGCAAGTTCTGAGT_Case_922	439_ACTGCAAGTTCTGAGT	TRUE	TRUE
ACTGTCCAGAGAGTGA_Case_922	439_ACTGTCCAGAGAGTGA	TRUE	TRUE
ACTGTCCAGGCAGTCA_Case_922	439_ACTGTCCAGGCAGTCA	TRUE	TRUE
ACTGTCCAGGTTACAA_Case_922	439_ACTGTCCAGGTTACAA	TRUE	TRUE
ACTGTCCAGTGTCATC_Case_922	439_ACTGTCCAGTGTCATC	TRUE	TRUE
ACTGTCCTCCTGTTGC_Case_922	439_ACTGTCCTCCTGTTGC	TRUE	TRUE
ACTGTCCTCGCAACAT_Case_922	439_ACTGTCCTCGCAACAT	TRUE	TRUE
ACTGTGAAGATGAATC_Case_922	439_ACTGTGAAGATGAATC	TRUE	TRUE
ACTGTGAAGGTCACAG_Case_922	439_ACTGTGAAGGTCACAG	TRUE	TRUE
ACTGTGAGTATTCTCT_Case_922	439_ACTGTGAGTATTCTCT	TRUE	TRUE
ACTGTGATCGCTACGG_Case_922	439_ACTGTGATCGCTACGG	TRUE	TRUE
ACTTAGGTCGACCTAA_Case_922	439_ACTTAGGTCGACCTAA	TRUE	TRUE
ACTTATCAGATGCTGG_Case_922	439_ACTTATCAGATGCTGG	TRUE	TRUE
ACTTATCGTCACCGAC_Case_922	439_ACTTATCGTCACCGAC	TRUE	TRUE
ACTTATCGTGCCGTAC_Case_922	439_ACTTATCGTGCCGTAC	TRUE	TRUE
ACTTATCTCCACAGCG_Case_922	439_ACTTATCTCCACAGCG	TRUE	TRUE
ACTTATCTCGCCGAAC_Case_922	439_ACTTATCTCGCCGAAC	TRUE	TRUE
ACTTATCTCTACTCAT_Case_922	439_ACTTATCTCTACTCAT	TRUE	TRUE
ACTTATCTCTTGAGCA_Case_922	439_ACTTATCTCTTGAGCA	TRUE	TRUE
ACTTCCGAGGAAAGGT_Case_922	439_ACTTCCGAGGAAAGGT	TRUE	TRUE
ACTTCCGGTCCGGATC_Case_922	439_ACTTCCGGTCCGGATC	TRUE	TRUE
ACTTCCGTCTTCCCAG_Case_922	439_ACTTCCGTCTTCCCAG	TRUE	TRUE
ACTTCGCAGGAAGTGA_Case_922	439_ACTTCGCAGGAAGTGA	TRUE	TRUE
ACTTCGCCACAATTCG_Case_922	439_ACTTCGCCACAATTCG	TRUE	TRUE
ACTTCGCCACTGGACC_Case_922	439_ACTTCGCCACTGGACC	TRUE	TRUE
ACTTCGCGTCCTCATC_Case_922	439_ACTTCGCGTCCTCATC	TRUE	TRUE
ACTTCGCGTGTACATC_Case_922	439_ACTTCGCGTGTACATC	TRUE	TRUE
ACTTCGCTCCCTATTA_Case_922	439_ACTTCGCTCCCTATTA	TRUE	TRUE
ACTTTCAGTCTCGACG_Case_922	439_ACTTTCAGTCTCGACG	TRUE	TRUE
ACTTTCATCAGATGCT_Case_922	439_ACTTTCATCAGATGCT	TRUE	TRUE
ACTTTGTAGGTCATAA_Case_922	439_ACTTTGTAGGTCATAA	TRUE	TRUE
ACTTTGTGTCAAACGG_Case_922	439_ACTTTGTGTCAAACGG	TRUE	TRUE
ACTTTGTTCCAGCACG_Case_922	439_ACTTTGTTCCAGCACG	TRUE	TRUE
ACTTTGTTCTAAACGC_Case_922	439_ACTTTGTTCTAAACGC	TRUE	TRUE
AGAAATGCAAGCGCTC_Case_922	439_AGAAATGCAAGCGCTC	TRUE	TRUE
AGAAATGCAAGCGGAT_Case_922	439_AGAAATGCAAGCGGAT	TRUE	TRUE
AGAAATGGTCGCACAC_Case_922	439_AGAAATGGTCGCACAC	TRUE	TRUE
AGAAATGTCGAGTGGA_Case_922	439_AGAAATGTCGAGTGGA	TRUE	TRUE
AGAAATGTCTGGACCG_Case_922	439_AGAAATGTCTGGACCG	TRUE	TRUE
AGAACAAAGGGCTTCC_Case_922	439_AGAACAAAGGGCTTCC	TRUE	TRUE
AGAACAACATAGCTGT_Case_922	439_AGAACAACATAGCTGT	TRUE	TRUE
AGAACAACATAGGTTC_Case_922	439_AGAACAACATAGGTTC	TRUE	TRUE
AGAACAACATCAGTCA_Case_922	439_AGAACAACATCAGTCA	TRUE	TRUE
AGAACAAGTTGCTGAT_Case_922	439_AGAACAAGTTGCTGAT	TRUE	TRUE
AGAACAATCGTCAAAC_Case_922	439_AGAACAATCGTCAAAC	TRUE	TRUE
AGAACCTCAGGAGGTT_Case_922	439_AGAACCTCAGGAGGTT	TRUE	TRUE
AGAACCTCAGGTATGG_Case_922	439_AGAACCTCAGGTATGG	TRUE	TRUE
AGAACCTGTACGCTTA_Case_922	439_AGAACCTGTACGCTTA	TRUE	TRUE
AGAACCTGTACTGACT_Case_922	439_AGAACCTGTACTGACT	TRUE	TRUE
AGAACCTGTCATGACT_Case_922	439_AGAACCTGTCATGACT	TRUE	TRUE
AGAACCTGTCGGAAAC_Case_922	439_AGAACCTGTCGGAAAC	TRUE	TRUE
AGAACCTTCTGATTCT_Case_922	439_AGAACCTTCTGATTCT	TRUE	TRUE
AGAAGTACAGTCACGC_Case_922	439_AGAAGTACAGTCACGC	TRUE	TRUE
AGAAGTACATGCGGTC_Case_922	439_AGAAGTACATGCGGTC	TRUE	TRUE
AGACAAAAGCATGCGA_Case_922	439_AGACAAAAGCATGCGA	TRUE	TRUE
AGACAAAAGGGCAATC_Case_922	439_AGACAAAAGGGCAATC	TRUE	TRUE
AGACAAAAGGGTACAC_Case_922	439_AGACAAAAGGGTACAC	TRUE	TRUE
AGACAAAGTCACTACA_Case_922	439_AGACAAAGTCACTACA	TRUE	TRUE
AGACACTAGCGACTTT_Case_922	439_AGACACTAGCGACTTT	TRUE	TRUE
AGACACTAGGTTGGAC_Case_922	439_AGACACTAGGTTGGAC	TRUE	TRUE
AGACACTCACAAATGA_Case_922	439_AGACACTCACAAATGA	TRUE	TRUE
AGACACTCATGTGCCG_Case_922	439_AGACACTCATGTGCCG	TRUE	TRUE
AGACACTTCCGAGCTG_Case_922	439_AGACACTTCCGAGCTG	TRUE	TRUE
AGACACTTCTACAGGT_Case_922	439_AGACACTTCTACAGGT	TRUE	TRUE
AGACAGGAGCACGATG_Case_922	439_AGACAGGAGCACGATG	TRUE	TRUE
AGACAGGAGCCTCAAT_Case_922	439_AGACAGGAGCCTCAAT	TRUE	TRUE
AGACAGGCAAACTAGA_Case_922	439_AGACAGGCAAACTAGA	TRUE	TRUE
AGACAGGCACTTTATC_Case_922	439_AGACAGGCACTTTATC	TRUE	TRUE
AGACAGGGTGACTGTT_Case_922	439_AGACAGGGTGACTGTT	TRUE	TRUE
AGACAGGTCGGAACTT_Case_922	439_AGACAGGTCGGAACTT	TRUE	TRUE
AGACCATAGAGAGCCT_Case_922	439_AGACCATAGAGAGCCT	TRUE	TRUE
AGACCATAGCAGGTCA_Case_922	439_AGACCATAGCAGGTCA	TRUE	TRUE
AGACCATAGGTCATTC_Case_922	439_AGACCATAGGTCATTC	TRUE	TRUE
AGACCATCAAGAGATT_Case_922	439_AGACCATCAAGAGATT	TRUE	TRUE
AGACCCGAGGCCCAAA_Case_922	439_AGACCCGAGGCCCAAA	TRUE	TRUE
AGACCCGAGTCACGAG_Case_922	439_AGACCCGAGTCACGAG	TRUE	TRUE
AGACCCGGTCGCATCG_Case_922	439_AGACCCGGTCGCATCG	TRUE	TRUE
AGACCCGGTTCATCGA_Case_922	439_AGACCCGGTTCATCGA	TRUE	TRUE
AGACCCGTCACATTGG_Case_922	439_AGACCCGTCACATTGG	TRUE	TRUE
AGACCCGTCGCGTGCA_Case_922	439_AGACCCGTCGCGTGCA	TRUE	TRUE
AGACCCGTCTGCCCTA_Case_922	439_AGACCCGTCTGCCCTA	TRUE	TRUE
AGACTCAAGAAGCTCG_Case_922	439_AGACTCAAGAAGCTCG	TRUE	TRUE
AGACTCACAGCTATTG_Case_922	439_AGACTCACAGCTATTG	TRUE	TRUE
AGAGAATAGGAGACCT_Case_922	439_AGAGAATAGGAGACCT	TRUE	TRUE
AGAGAATAGGTGCTTT_Case_922	439_AGAGAATAGGTGCTTT	TRUE	TRUE
AGAGAATGTCTAGATC_Case_922	439_AGAGAATGTCTAGATC	TRUE	TRUE
AGAGAATGTTGGCTAT_Case_922	439_AGAGAATGTTGGCTAT	TRUE	TRUE
AGAGAGCAGTCACGAG_Case_922	439_AGAGAGCAGTCACGAG	TRUE	TRUE
AGAGAGCCAACGATTC_Case_922	439_AGAGAGCCAACGATTC	TRUE	TRUE
AGAGCAGCAGAACTCT_Case_922	439_AGAGCAGCAGAACTCT	TRUE	TRUE
AGAGCAGGTACTTCCC_Case_922	439_AGAGCAGGTACTTCCC	TRUE	TRUE
AGAGCAGGTTACGTAC_Case_922	439_AGAGCAGGTTACGTAC	TRUE	TRUE
AGAGCCCAGCTGGCCT_Case_922	439_AGAGCCCAGCTGGCCT	TRUE	TRUE
AGAGCCCCAACATCGT_Case_922	439_AGAGCCCCAACATCGT	TRUE	TRUE
AGAGCCCTCACAGAGG_Case_922	439_AGAGCCCTCACAGAGG	TRUE	TRUE
AGAGCCCTCCTAGCCT_Case_922	439_AGAGCCCTCCTAGCCT	TRUE	TRUE
AGAGCCCTCGACATCA_Case_922	439_AGAGCCCTCGACATCA	TRUE	TRUE
AGAGCCCTCTCAATCT_Case_922	439_AGAGCCCTCTCAATCT	TRUE	TRUE
AGATAGAAGGCCTAGA_Case_922	439_AGATAGAAGGCCTAGA	TRUE	TRUE
AGATAGACACACGTGC_Case_922	439_AGATAGACACACGTGC	TRUE	TRUE
AGATAGAGTATCAGCT_Case_922	439_AGATAGAGTATCAGCT	TRUE	TRUE
AGATAGATCAGCCTCT_Case_922	439_AGATAGATCAGCCTCT	TRUE	TRUE
AGATAGATCCGCACGA_Case_922	439_AGATAGATCCGCACGA	TRUE	TRUE
AGATAGATCTGGAAGG_Case_922	439_AGATAGATCTGGAAGG	TRUE	TRUE
AGATCCACACCTTCCA_Case_922	439_AGATCCACACCTTCCA	TRUE	TRUE
AGATCCAGTAACCCTA_Case_922	439_AGATCCAGTAACCCTA	TRUE	TRUE
AGATCCAGTTGGAGGT_Case_922	439_AGATCCAGTTGGAGGT	TRUE	TRUE
AGATCCATCCCGAATA_Case_922	439_AGATCCATCCCGAATA	TRUE	TRUE
AGATCGTAGACCTGGA_Case_922	439_AGATCGTAGACCTGGA	TRUE	TRUE
AGATCGTAGGTACAGC_Case_922	439_AGATCGTAGGTACAGC	TRUE	TRUE
AGATCGTAGTCATCCA_Case_922	439_AGATCGTAGTCATCCA	TRUE	TRUE
AGATCGTGTTACCTGA_Case_922	439_AGATCGTGTTACCTGA	TRUE	TRUE
AGATGAACAAGTCGTT_Case_922	439_AGATGAACAAGTCGTT	TRUE	TRUE
AGATGAACATCATTGG_Case_922	439_AGATGAACATCATTGG	TRUE	TRUE
AGATGAAGTATCGCGC_Case_922	439_AGATGAAGTATCGCGC	TRUE	TRUE
AGATGCTAGTAGTGCG_Case_922	439_AGATGCTAGTAGTGCG	TRUE	TRUE
AGATGCTCAGTCTGGC_Case_922	439_AGATGCTCAGTCTGGC	TRUE	TRUE
AGATGCTCATCCGTGG_Case_922	439_AGATGCTCATCCGTGG	TRUE	TRUE
AGATGCTCATGTGACT_Case_922	439_AGATGCTCATGTGACT	TRUE	TRUE
AGATGCTGTGCCCACA_Case_922	439_AGATGCTGTGCCCACA	TRUE	TRUE
AGATGCTGTTCAGCTA_Case_922	439_AGATGCTGTTCAGCTA	TRUE	TRUE
AGCATCAAGAAACTGT_Case_922	439_AGCATCAAGAAACTGT	TRUE	TRUE
AGCATCAGTATGACAA_Case_922	439_AGCATCAGTATGACAA	TRUE	TRUE
AGCATCAGTGAGTCAG_Case_922	439_AGCATCAGTGAGTCAG	TRUE	TRUE
AGCCAATCAAGCTCTA_Case_922	439_AGCCAATCAAGCTCTA	TRUE	TRUE
AGCCAATGTGGTACAG_Case_922	439_AGCCAATGTGGTACAG	TRUE	TRUE
AGCCAATTCGTTGTAG_Case_922	439_AGCCAATTCGTTGTAG	TRUE	TRUE
AGCCACGCACGAAAGC_Case_922	439_AGCCACGCACGAAAGC	TRUE	TRUE
AGCCACGTCAGAGCAG_Case_922	439_AGCCACGTCAGAGCAG	TRUE	TRUE
AGCCACGTCTTCGTAT_Case_922	439_AGCCACGTCTTCGTAT	TRUE	TRUE
AGCCAGCAGAGTAACT_Case_922	439_AGCCAGCAGAGTAACT	TRUE	TRUE
AGCCAGCAGTTCATGC_Case_922	439_AGCCAGCAGTTCATGC	TRUE	TRUE
AGCCAGCGTCAGACGA_Case_922	439_AGCCAGCGTCAGACGA	TRUE	TRUE
AGCCAGCGTCCCTGAG_Case_922	439_AGCCAGCGTCCCTGAG	TRUE	TRUE
AGCCAGCGTGTCTTCC_Case_922	439_AGCCAGCGTGTCTTCC	TRUE	TRUE
AGCCAGCGTTACCTGA_Case_922	439_AGCCAGCGTTACCTGA	TRUE	TRUE
AGCCAGCTCATTTACC_Case_922	439_AGCCAGCTCATTTACC	TRUE	TRUE
AGCGATTGTAAGTAGT_Case_922	439_AGCGATTGTAAGTAGT	TRUE	TRUE
AGCGCCAAGCAGCCTC_Case_922	439_AGCGCCAAGCAGCCTC	TRUE	TRUE
AGCGCCAAGTGATCGG_Case_922	439_AGCGCCAAGTGATCGG	TRUE	TRUE
AGCGCCACAAATCAGA_Case_922	439_AGCGCCACAAATCAGA	TRUE	TRUE
AGCGCCACAGGTCAAG_Case_922	439_AGCGCCACAGGTCAAG	TRUE	TRUE
AGCGCCAGTGCTGCAC_Case_922	439_AGCGCCAGTGCTGCAC	TRUE	TRUE
AGCGCCAGTTACGGAG_Case_922	439_AGCGCCAGTTACGGAG	TRUE	TRUE
AGCGCCATCATGGCCG_Case_922	439_AGCGCCATCATGGCCG	TRUE	TRUE
AGCGCCATCTTGATTC_Case_922	439_AGCGCCATCTTGATTC	TRUE	TRUE
AGCGCTGAGGAGTACC_Case_922	439_AGCGCTGAGGAGTACC	TRUE	TRUE
AGCGCTGAGTTGCTCA_Case_922	439_AGCGCTGAGTTGCTCA	TRUE	TRUE
AGCGCTGCACGACGTC_Case_922	439_AGCGCTGCACGACGTC	TRUE	TRUE
AGCGCTGCAGAGGCTA_Case_922	439_AGCGCTGCAGAGGCTA	TRUE	TRUE
AGCGCTGGTCCTGGGT_Case_922	439_AGCGCTGGTCCTGGGT	TRUE	TRUE
AGCGCTGTCCTCACGT_Case_922	439_AGCGCTGTCCTCACGT	TRUE	TRUE
AGCGCTGTCGAGAGCA_Case_922	439_AGCGCTGTCGAGAGCA	TRUE	TRUE
AGCGCTGTCTCTATGT_Case_922	439_AGCGCTGTCTCTATGT	TRUE	TRUE
AGCGTATAGAGGCGTT_Case_922	439_AGCGTATAGAGGCGTT	TRUE	TRUE
AGCGTATAGGCCGCTT_Case_922	439_AGCGTATAGGCCGCTT	TRUE	TRUE
AGCGTATCAAAGCTAA_Case_922	439_AGCGTATCAAAGCTAA	TRUE	TRUE
AGCGTATCATGCACTA_Case_922	439_AGCGTATCATGCACTA	TRUE	TRUE
AGCGTATGTGCGCTCA_Case_922	439_AGCGTATGTGCGCTCA	TRUE	TRUE
AGCGTATTCTTCGGAA_Case_922	439_AGCGTATTCTTCGGAA	TRUE	TRUE
AGCGTCGAGTGATGGC_Case_922	439_AGCGTCGAGTGATGGC	TRUE	TRUE
AGCGTCGCAATACCCA_Case_922	439_AGCGTCGCAATACCCA	TRUE	TRUE
AGCGTCGTCATGGAGG_Case_922	439_AGCGTCGTCATGGAGG	TRUE	TRUE
AGCTACACACAAAGCG_Case_922	439_AGCTACACACAAAGCG	TRUE	TRUE
AGCTACAGTCGAACGA_Case_922	439_AGCTACAGTCGAACGA	TRUE	TRUE
AGCTACATCGCCTCTA_Case_922	439_AGCTACATCGCCTCTA	TRUE	TRUE
AGCTACATCGGTAAGG_Case_922	439_AGCTACATCGGTAAGG	TRUE	TRUE
AGCTACATCGTGACTA_Case_922	439_AGCTACATCGTGACTA	TRUE	TRUE
AGCTCAAAGGATGGCT_Case_922	439_AGCTCAAAGGATGGCT	TRUE	TRUE
AGCTCAAAGGTGCTTT_Case_922	439_AGCTCAAAGGTGCTTT	TRUE	TRUE
AGCTCAACAGTTGAAA_Case_922	439_AGCTCAACAGTTGAAA	TRUE	TRUE
AGCTCAAGTAACACGG_Case_922	439_AGCTCAAGTAACACGG	TRUE	TRUE
AGCTCAAGTACGTAGG_Case_922	439_AGCTCAAGTACGTAGG	TRUE	TRUE
AGCTCAAGTCATATGC_Case_922	439_AGCTCAAGTCATATGC	TRUE	TRUE
AGCTCAAGTGTAGTGG_Case_922	439_AGCTCAAGTGTAGTGG	TRUE	TRUE
AGCTTCCAGATGATTG_Case_922	439_AGCTTCCAGATGATTG	TRUE	TRUE
AGCTTCCCAAGAGGTC_Case_922	439_AGCTTCCCAAGAGGTC	TRUE	TRUE
AGCTTCCCACGTTGGC_Case_922	439_AGCTTCCCACGTTGGC	TRUE	TRUE
AGGAAATAGAATCGCG_Case_922	439_AGGAAATAGAATCGCG	TRUE	TRUE
AGGAAATGTCTATGAC_Case_922	439_AGGAAATGTCTATGAC	TRUE	TRUE
AGGAATAAGCTTCGTA_Case_922	439_AGGAATAAGCTTCGTA	TRUE	TRUE
AGGAATACATGACTAC_Case_922	439_AGGAATACATGACTAC	TRUE	TRUE
AGGAATATCTCGGTAA_Case_922	439_AGGAATATCTCGGTAA	TRUE	TRUE
AGGACGAAGACTTCGT_Case_922	439_AGGACGAAGACTTCGT	TRUE	TRUE
AGGACGAAGCAGCAGT_Case_922	439_AGGACGAAGCAGCAGT	TRUE	TRUE
AGGACTTCATCCGGCA_Case_922	439_AGGACTTCATCCGGCA	TRUE	TRUE
AGGACTTGTCTTGTCC_Case_922	439_AGGACTTGTCTTGTCC	TRUE	TRUE
AGGAGGTCAGAGTCAG_Case_922	439_AGGAGGTCAGAGTCAG	TRUE	TRUE
AGGAGGTGTCAAATCC_Case_922	439_AGGAGGTGTCAAATCC	TRUE	TRUE
AGGATAAAGTTACGTC_Case_922	439_AGGATAAAGTTACGTC	TRUE	TRUE
AGGATAAGTACTCGAT_Case_922	439_AGGATAAGTACTCGAT	TRUE	TRUE
AGGATCTAGGTTGGAC_Case_922	439_AGGATCTAGGTTGGAC	TRUE	TRUE
AGGATCTAGTAACCTC_Case_922	439_AGGATCTAGTAACCTC	TRUE	TRUE
AGGATCTCAAACTCTG_Case_922	439_AGGATCTCAAACTCTG	TRUE	TRUE
AGGATCTCAGATTTCG_Case_922	439_AGGATCTCAGATTTCG	TRUE	TRUE
AGGATCTCATAGAAAC_Case_922	439_AGGATCTCATAGAAAC	TRUE	TRUE
AGGATCTGTCGCTTAA_Case_922	439_AGGATCTGTCGCTTAA	TRUE	TRUE
AGGATCTTCAAGCGTT_Case_922	439_AGGATCTTCAAGCGTT	TRUE	TRUE
AGGATCTTCACAACCA_Case_922	439_AGGATCTTCACAACCA	TRUE	TRUE
AGGATCTTCACTACTT_Case_922	439_AGGATCTTCACTACTT	TRUE	TRUE
AGGCATTAGTGGCCTC_Case_922	439_AGGCATTAGTGGCCTC	TRUE	TRUE
AGGCATTCAACACAGG_Case_922	439_AGGCATTCAACACAGG	TRUE	TRUE
AGGCATTCAACGACTT_Case_922	439_AGGCATTCAACGACTT	TRUE	TRUE
AGGCATTCAGCTGTAT_Case_922	439_AGGCATTCAGCTGTAT	TRUE	TRUE
AGGCATTGTAATACCC_Case_922	439_AGGCATTGTAATACCC	TRUE	TRUE
AGGCATTTCCGAGTGC_Case_922	439_AGGCATTTCCGAGTGC	TRUE	TRUE
AGGCATTTCCGTGTAA_Case_922	439_AGGCATTTCCGTGTAA	TRUE	TRUE
AGGCCACCAGAGTTGG_Case_922	439_AGGCCACCAGAGTTGG	TRUE	TRUE
AGGCCACCAGCTTCGG_Case_922	439_AGGCCACCAGCTTCGG	TRUE	TRUE
AGGCTGCAGCGGACAT_Case_922	439_AGGCTGCAGCGGACAT	TRUE	TRUE
AGGCTGCAGTAATTGG_Case_922	439_AGGCTGCAGTAATTGG	TRUE	TRUE
AGGCTGCGTCGTTGCG_Case_922	439_AGGCTGCGTCGTTGCG	TRUE	TRUE
AGGCTGCTCAAATGAG_Case_922	439_AGGCTGCTCAAATGAG	TRUE	TRUE
AGGCTGCTCAAGAAAC_Case_922	439_AGGCTGCTCAAGAAAC	TRUE	TRUE
AGGCTGCTCACACCGG_Case_922	439_AGGCTGCTCACACCGG	TRUE	TRUE
AGGGAGTAGTAACGTA_Case_922	439_AGGGAGTAGTAACGTA	TRUE	TRUE
AGGGAGTTCATCACTT_Case_922	439_AGGGAGTTCATCACTT	TRUE	TRUE
AGGGAGTTCATCGCTC_Case_922	439_AGGGAGTTCATCGCTC	TRUE	TRUE
AGGGAGTTCATTGAGC_Case_922	439_AGGGAGTTCATTGAGC	TRUE	TRUE
AGGGAGTTCGGTGCAC_Case_922	439_AGGGAGTTCGGTGCAC	TRUE	TRUE
AGGGCCTAGCTTTGTG_Case_922	439_AGGGCCTAGCTTTGTG	TRUE	TRUE
AGGGCCTAGTGTTCCA_Case_922	439_AGGGCCTAGTGTTCCA	TRUE	TRUE
AGGGCCTCAGAGTCTT_Case_922	439_AGGGCCTCAGAGTCTT	TRUE	TRUE
AGGGCCTTCTATACTC_Case_922	439_AGGGCCTTCTATACTC	TRUE	TRUE
AGGGCTCGTACGAGTG_Case_922	439_AGGGCTCGTACGAGTG	TRUE	TRUE
AGGGCTCGTCGCTGCA_Case_922	439_AGGGCTCGTCGCTGCA	TRUE	TRUE
AGGGCTCGTCTGTGTA_Case_922	439_AGGGCTCGTCTGTGTA	TRUE	TRUE
AGGGTCCCACCTGTCT_Case_922	439_AGGGTCCCACCTGTCT	TRUE	TRUE
AGGGTCCGTAGTCGTT_Case_922	439_AGGGTCCGTAGTCGTT	TRUE	TRUE
AGGGTCCGTCTTGCTC_Case_922	439_AGGGTCCGTCTTGCTC	TRUE	TRUE
AGGGTCCTCCTGTAGA_Case_922	439_AGGGTCCTCCTGTAGA	TRUE	TRUE
AGGGTGAAGTATTCCG_Case_922	439_AGGGTGAAGTATTCCG	TRUE	TRUE
AGGGTGACAGGATTCT_Case_922	439_AGGGTGACAGGATTCT	TRUE	TRUE
AGGGTGACATTGCAAC_Case_922	439_AGGGTGACATTGCAAC	TRUE	TRUE
AGGGTGAGTGAATGAT_Case_922	439_AGGGTGAGTGAATGAT	TRUE	TRUE
AGGGTGAGTGGTCCGT_Case_922	439_AGGGTGAGTGGTCCGT	TRUE	TRUE
AGGGTGATCATGCCGG_Case_922	439_AGGGTGATCATGCCGG	TRUE	TRUE
AGGGTGATCGACGCGT_Case_922	439_AGGGTGATCGACGCGT	TRUE	TRUE
AGGGTTTAGGACAGTC_Case_922	439_AGGGTTTAGGACAGTC	TRUE	TRUE
AGGGTTTAGGGATCGT_Case_922	439_AGGGTTTAGGGATCGT	TRUE	TRUE
AGGGTTTAGTGTTCCA_Case_922	439_AGGGTTTAGTGTTCCA	TRUE	TRUE
AGGGTTTCATCCTTCG_Case_922	439_AGGGTTTCATCCTTCG	TRUE	TRUE
AGGGTTTCATGGGATG_Case_922	439_AGGGTTTCATGGGATG	TRUE	TRUE
AGGGTTTGTCCTACAA_Case_922	439_AGGGTTTGTCCTACAA	TRUE	TRUE
AGGGTTTGTTAAGTCC_Case_922	439_AGGGTTTGTTAAGTCC	TRUE	TRUE
AGGTAGGAGTGCGACA_Case_922	439_AGGTAGGAGTGCGACA	TRUE	TRUE
AGGTAGGCATTACTCT_Case_922	439_AGGTAGGCATTACTCT	TRUE	TRUE
AGGTAGGGTTTGTTGG_Case_922	439_AGGTAGGGTTTGTTGG	TRUE	TRUE
AGGTCATAGACATCCT_Case_922	439_AGGTCATAGACATCCT	TRUE	TRUE
AGGTCATAGCACGATG_Case_922	439_AGGTCATAGCACGATG	TRUE	TRUE
AGGTCATAGCTAATCC_Case_922	439_AGGTCATAGCTAATCC	TRUE	TRUE
AGGTCATGTAGCGAGT_Case_922	439_AGGTCATGTAGCGAGT	TRUE	TRUE
AGGTCTACAATTCGTG_Case_922	439_AGGTCTACAATTCGTG	TRUE	TRUE
AGGTCTACAGCCGGTT_Case_922	439_AGGTCTACAGCCGGTT	TRUE	TRUE
AGGTCTACAGTCTCTC_Case_922	439_AGGTCTACAGTCTCTC	TRUE	TRUE
AGGTCTATCGTTCTAT_Case_922	439_AGGTCTATCGTTCTAT	TRUE	TRUE
AGGTGTTTCTCGACGG_Case_922	439_AGGTGTTTCTCGACGG	TRUE	TRUE
AGGTTACAGAGGTATT_Case_922	439_AGGTTACAGAGGTATT	TRUE	TRUE
AGGTTACAGGCCCGTT_Case_922	439_AGGTTACAGGCCCGTT	TRUE	TRUE
AGGTTACGTCAATGGG_Case_922	439_AGGTTACGTCAATGGG	TRUE	TRUE
AGGTTACGTGGGACAT_Case_922	439_AGGTTACGTGGGACAT	TRUE	TRUE
AGGTTACGTGGTTTAC_Case_922	439_AGGTTACGTGGTTTAC	TRUE	TRUE
AGGTTACTCGTGGCGT_Case_922	439_AGGTTACTCGTGGCGT	TRUE	TRUE
AGGTTGTCACGTAGAG_Case_922	439_AGGTTGTCACGTAGAG	TRUE	TRUE
AGGTTGTGTAGGTACG_Case_922	439_AGGTTGTGTAGGTACG	TRUE	TRUE
AGTAACCCACACAGCC_Case_922	439_AGTAACCCACACAGCC	TRUE	TRUE
AGTACCAAGAAGATCT_Case_922	439_AGTACCAAGAAGATCT	TRUE	TRUE
AGTACCACAAAGTGTA_Case_922	439_AGTACCACAAAGTGTA	TRUE	TRUE
AGTACCAGTCAGTCTA_Case_922	439_AGTACCAGTCAGTCTA	TRUE	TRUE
AGTACCATCTGGCCAG_Case_922	439_AGTACCATCTGGCCAG	TRUE	TRUE
AGTACTGAGGGTTTCT_Case_922	439_AGTACTGAGGGTTTCT	TRUE	TRUE
AGTACTGTCTATCGGA_Case_922	439_AGTACTGTCTATCGGA	TRUE	TRUE
AGTACTGTCTCTGCCA_Case_922	439_AGTACTGTCTCTGCCA	TRUE	TRUE
AGTAGCTAGCTTAAGA_Case_922	439_AGTAGCTAGCTTAAGA	TRUE	TRUE
AGTAGCTCAAAGGTTA_Case_922	439_AGTAGCTCAAAGGTTA	TRUE	TRUE
AGTAGCTCAAGCACCC_Case_922	439_AGTAGCTCAAGCACCC	TRUE	TRUE
AGTAGCTCAGGAGGAG_Case_922	439_AGTAGCTCAGGAGGAG	TRUE	TRUE
AGTAGCTGTGTGAGCA_Case_922	439_AGTAGCTGTGTGAGCA	TRUE	TRUE
AGTAGCTTCACGATAC_Case_922	439_AGTAGCTTCACGATAC	TRUE	TRUE
AGTAGCTTCCCTCTTT_Case_922	439_AGTAGCTTCCCTCTTT	TRUE	TRUE
AGTAGTCCATTGAAGA_Case_922	439_AGTAGTCCATTGAAGA	TRUE	TRUE
AGTAGTCGTCTCGGAC_Case_922	439_AGTAGTCGTCTCGGAC	TRUE	TRUE
AGTCAACCAAAGGAGA_Case_922	439_AGTCAACCAAAGGAGA	TRUE	TRUE
AGTCAACCAATTTCGG_Case_922	439_AGTCAACCAATTTCGG	TRUE	TRUE
AGTCAACCAGATCCTA_Case_922	439_AGTCAACCAGATCCTA	TRUE	TRUE
AGTCAACGTAACTTCG_Case_922	439_AGTCAACGTAACTTCG	TRUE	TRUE
AGTCAACGTGTTAGCT_Case_922	439_AGTCAACGTGTTAGCT	TRUE	TRUE
AGTCAACTCAAGGCTT_Case_922	439_AGTCAACTCAAGGCTT	TRUE	TRUE
AGTCACACATCCGTTC_Case_922	439_AGTCACACATCCGTTC	TRUE	TRUE
AGTCACAGTTATGACC_Case_922	439_AGTCACAGTTATGACC	TRUE	TRUE
AGTCACATCGATGCAT_Case_922	439_AGTCACATCGATGCAT	TRUE	TRUE
AGTCATGAGTTTCTTC_Case_922	439_AGTCATGAGTTTCTTC	TRUE	TRUE
AGTCATGGTGAAGCGT_Case_922	439_AGTCATGGTGAAGCGT	TRUE	TRUE
AGTCATGGTGAGTTGG_Case_922	439_AGTCATGGTGAGTTGG	TRUE	TRUE
AGTCTCCCATGCGTGC_Case_922	439_AGTCTCCCATGCGTGC	TRUE	TRUE
AGTCTCCGTTATGTGC_Case_922	439_AGTCTCCGTTATGTGC	TRUE	TRUE
AGTGACTGTCTCGGGT_Case_922	439_AGTGACTGTCTCGGGT	TRUE	TRUE
AGTGACTTCTCCGAAA_Case_922	439_AGTGACTTCTCCGAAA	TRUE	TRUE
AGTGATCCAGCGTGAA_Case_922	439_AGTGATCCAGCGTGAA	TRUE	TRUE
AGTGATCGTCAGACGA_Case_922	439_AGTGATCGTCAGACGA	TRUE	TRUE
AGTGATCGTGTGAATA_Case_922	439_AGTGATCGTGTGAATA	TRUE	TRUE
AGTGATCTCGCCGTGA_Case_922	439_AGTGATCTCGCCGTGA	TRUE	TRUE
AGTGCCGGTAGATCGG_Case_922	439_AGTGCCGGTAGATCGG	TRUE	TRUE
AGTGCCGGTCGTTGCG_Case_922	439_AGTGCCGGTCGTTGCG	TRUE	TRUE
AGTGCCGTCAGACAAA_Case_922	439_AGTGCCGTCAGACAAA	TRUE	TRUE
AGTGTTGAGCGGACAT_Case_922	439_AGTGTTGAGCGGACAT	TRUE	TRUE
AGTGTTGCATCTTAGG_Case_922	439_AGTGTTGCATCTTAGG	TRUE	TRUE
AGTGTTGTCACCATAG_Case_922	439_AGTGTTGTCACCATAG	TRUE	TRUE
AGTGTTGTCGTTCCTG_Case_922	439_AGTGTTGTCGTTCCTG	TRUE	TRUE
AGTTAGCTCAGCCTCT_Case_922	439_AGTTAGCTCAGCCTCT	TRUE	TRUE
AGTTCCCAGGCAGGGA_Case_922	439_AGTTCCCAGGCAGGGA	TRUE	TRUE
AGTTCCCAGGTAGTCG_Case_922	439_AGTTCCCAGGTAGTCG	TRUE	TRUE
AGTTCCCCATGCGTGC_Case_922	439_AGTTCCCCATGCGTGC	TRUE	TRUE
AGTTCGAAGAAGCCAC_Case_922	439_AGTTCGAAGAAGCCAC	TRUE	TRUE
AGTTCGAAGACAACTA_Case_922	439_AGTTCGAAGACAACTA	TRUE	TRUE
AGTTCGACACTGAGTT_Case_922	439_AGTTCGACACTGAGTT	TRUE	TRUE
AGTTCGATCAGACTGT_Case_922	439_AGTTCGATCAGACTGT	TRUE	TRUE
ATACCGAAGGGAGTTC_Case_922	439_ATACCGAAGGGAGTTC	TRUE	TRUE
ATACCGACAGTCTACA_Case_922	439_ATACCGACAGTCTACA	TRUE	TRUE
ATACCGACATCATTTC_Case_922	439_ATACCGACATCATTTC	TRUE	TRUE
ATACCGACATGACCCG_Case_922	439_ATACCGACATGACCCG	TRUE	TRUE
ATACCGAGTCGTTTCC_Case_922	439_ATACCGAGTCGTTTCC	TRUE	TRUE
ATACCGATCTGAGTCA_Case_922	439_ATACCGATCTGAGTCA	TRUE	TRUE
ATACCTTCAGCAGGAT_Case_922	439_ATACCTTCAGCAGGAT	TRUE	TRUE
ATACCTTGTCTTCCGT_Case_922	439_ATACCTTGTCTTCCGT	TRUE	TRUE
ATACTTCAGGGAGGGT_Case_922	439_ATACTTCAGGGAGGGT	TRUE	TRUE
ATACTTCCAGAACCGA_Case_922	439_ATACTTCCAGAACCGA	TRUE	TRUE
ATACTTCTCACACGAT_Case_922	439_ATACTTCTCACACGAT	TRUE	TRUE
ATACTTCTCAGACAAA_Case_922	439_ATACTTCTCAGACAAA	TRUE	TRUE
ATACTTCTCCTAAGTG_Case_922	439_ATACTTCTCCTAAGTG	TRUE	TRUE
ATACTTCTCTTGAACG_Case_922	439_ATACTTCTCTTGAACG	TRUE	TRUE
ATACTTCTCTTGGAAC_Case_922	439_ATACTTCTCTTGGAAC	TRUE	TRUE
ATAGACCAGCGTCTCG_Case_922	439_ATAGACCAGCGTCTCG	TRUE	TRUE
ATAGACCGTGAGTTTC_Case_922	439_ATAGACCGTGAGTTTC	TRUE	TRUE
ATAGAGACAAGAGGCT_Case_922	439_ATAGAGACAAGAGGCT	TRUE	TRUE
ATAGAGACACACGCCA_Case_922	439_ATAGAGACACACGCCA	TRUE	TRUE
ATAGAGACAGACACAG_Case_922	439_ATAGAGACAGACACAG	TRUE	TRUE
ATAGAGACAGCTACTA_Case_922	439_ATAGAGACAGCTACTA	TRUE	TRUE
ATAGGCTCAGTACTAC_Case_922	439_ATAGGCTCAGTACTAC	TRUE	TRUE
ATAGGCTGTGTCGATT_Case_922	439_ATAGGCTGTGTCGATT	TRUE	TRUE
ATAGGCTTCCAGTTCC_Case_922	439_ATAGGCTTCCAGTTCC	TRUE	TRUE
ATATCCTAGAGGTTTA_Case_922	439_ATATCCTAGAGGTTTA	TRUE	TRUE
ATATCCTAGCGTTAGG_Case_922	439_ATATCCTAGCGTTAGG	TRUE	TRUE
ATATCCTAGGATTTAG_Case_922	439_ATATCCTAGGATTTAG	TRUE	TRUE
ATATCCTTCAACTTTC_Case_922	439_ATATCCTTCAACTTTC	TRUE	TRUE
ATCACAGAGATACATG_Case_922	439_ATCACAGAGATACATG	TRUE	TRUE
ATCACAGGTGAGTCAG_Case_922	439_ATCACAGGTGAGTCAG	TRUE	TRUE
ATCACGACAAGTGCAG_Case_922	439_ATCACGACAAGTGCAG	TRUE	TRUE
ATCACGACATGGCCAC_Case_922	439_ATCACGACATGGCCAC	TRUE	TRUE
ATCACGATCCATTGCC_Case_922	439_ATCACGATCCATTGCC	TRUE	TRUE
ATCACGATCGAGCCAC_Case_922	439_ATCACGATCGAGCCAC	TRUE	TRUE
ATCACGATCTGTCCCA_Case_922	439_ATCACGATCTGTCCCA	TRUE	TRUE
ATCAGGTAGGGCAGTT_Case_922	439_ATCAGGTAGGGCAGTT	TRUE	TRUE
ATCAGGTAGTTAACGA_Case_922	439_ATCAGGTAGTTAACGA	TRUE	TRUE
ATCAGGTCAAGCGATG_Case_922	439_ATCAGGTCAAGCGATG	TRUE	TRUE
ATCAGGTCACTTCAAG_Case_922	439_ATCAGGTCACTTCAAG	TRUE	TRUE
ATCAGGTGTCAAGCCC_Case_922	439_ATCAGGTGTCAAGCCC	TRUE	TRUE
ATCAGGTGTCGACTGC_Case_922	439_ATCAGGTGTCGACTGC	TRUE	TRUE
ATCAGGTGTCGCGTCA_Case_922	439_ATCAGGTGTCGCGTCA	TRUE	TRUE
ATCAGGTTCGGTAACT_Case_922	439_ATCAGGTTCGGTAACT	TRUE	TRUE
ATCAGGTTCGGTTCAA_Case_922	439_ATCAGGTTCGGTTCAA	TRUE	TRUE
ATCATTCAGCCAAGTG_Case_922	439_ATCATTCAGCCAAGTG	TRUE	TRUE
ATCATTCCAAACCACT_Case_922	439_ATCATTCCAAACCACT	TRUE	TRUE
ATCATTCCAAGATTGA_Case_922	439_ATCATTCCAAGATTGA	TRUE	TRUE
ATCATTCCACCCATAA_Case_922	439_ATCATTCCACCCATAA	TRUE	TRUE
ATCATTCTCACCTACC_Case_922	439_ATCATTCTCACCTACC	TRUE	TRUE
ATCATTCTCAGTGCGC_Case_922	439_ATCATTCTCAGTGCGC	TRUE	TRUE
ATCCACCAGCAGGGAG_Case_922	439_ATCCACCAGCAGGGAG	TRUE	TRUE
ATCCACCAGTAAGGGA_Case_922	439_ATCCACCAGTAAGGGA	TRUE	TRUE
ATCCACCGTGCAAGAC_Case_922	439_ATCCACCGTGCAAGAC	TRUE	TRUE
ATCCACCTCAAGCCCG_Case_922	439_ATCCACCTCAAGCCCG	TRUE	TRUE
ATCCATTAGAACGTGC_Case_922	439_ATCCATTAGAACGTGC	TRUE	TRUE
ATCCATTAGGGCGAGA_Case_922	439_ATCCATTAGGGCGAGA	TRUE	TRUE
ATCCATTCAGCATGCC_Case_922	439_ATCCATTCAGCATGCC	TRUE	TRUE
ATCCATTGTGGACCTC_Case_922	439_ATCCATTGTGGACCTC	TRUE	TRUE
ATCCCTGAGCAAACAT_Case_922	439_ATCCCTGAGCAAACAT	TRUE	TRUE
ATCCCTGCAGGTACGA_Case_922	439_ATCCCTGCAGGTACGA	TRUE	TRUE
ATCCCTGTCGTGGGTC_Case_922	439_ATCCCTGTCGTGGGTC	TRUE	TRUE
ATCCCTGTCTTTCGAT_Case_922	439_ATCCCTGTCTTTCGAT	TRUE	TRUE
ATCCGTCGTATCGTTG_Case_922	439_ATCCGTCGTATCGTTG	TRUE	TRUE
ATCCGTCGTCGTCAGC_Case_922	439_ATCCGTCGTCGTCAGC	TRUE	TRUE
ATCCGTCTCTGACCCT_Case_922	439_ATCCGTCTCTGACCCT	TRUE	TRUE
ATCCTATAGAGATCGC_Case_922	439_ATCCTATAGAGATCGC	TRUE	TRUE
ATCCTATAGGCACCAA_Case_922	439_ATCCTATAGGCACCAA	TRUE	TRUE
ATCCTATCACTAGTAC_Case_922	439_ATCCTATCACTAGTAC	TRUE	TRUE
ATCCTATTCCAATCTT_Case_922	439_ATCCTATTCCAATCTT	TRUE	TRUE
ATCCTATTCCACAGGC_Case_922	439_ATCCTATTCCACAGGC	TRUE	TRUE
ATCCTATTCCGGGACT_Case_922	439_ATCCTATTCCGGGACT	TRUE	TRUE
ATCGATGAGCAAATCA_Case_922	439_ATCGATGAGCAAATCA	TRUE	TRUE
ATCGATGAGGGCTTCC_Case_922	439_ATCGATGAGGGCTTCC	TRUE	TRUE
ATCGATGTCTTGAGCA_Case_922	439_ATCGATGTCTTGAGCA	TRUE	TRUE
ATCGCCTAGGTTACAA_Case_922	439_ATCGCCTAGGTTACAA	TRUE	TRUE
ATCGCCTCAAAGTGTA_Case_922	439_ATCGCCTCAAAGTGTA	TRUE	TRUE
ATCGCCTCAACGACAG_Case_922	439_ATCGCCTCAACGACAG	TRUE	TRUE
ATCGCCTCAAGGATGC_Case_922	439_ATCGCCTCAAGGATGC	TRUE	TRUE
ATCGCCTCATCCCGTT_Case_922	439_ATCGCCTCATCCCGTT	TRUE	TRUE
ATCGCCTGTCTTAGTG_Case_922	439_ATCGCCTGTCTTAGTG	TRUE	TRUE
ATCGCCTTCTCCGTGT_Case_922	439_ATCGCCTTCTCCGTGT	TRUE	TRUE
ATCGGATAGCCAAGGT_Case_922	439_ATCGGATAGCCAAGGT	TRUE	TRUE
ATCGGATCAGAAACCG_Case_922	439_ATCGGATCAGAAACCG	TRUE	TRUE
ATCGGATGTAGACGTG_Case_922	439_ATCGGATGTAGACGTG	TRUE	TRUE
ATCGGATTCCATCTAT_Case_922	439_ATCGGATTCCATCTAT	TRUE	TRUE
ATCGGATTCGCATAGT_Case_922	439_ATCGGATTCGCATAGT	TRUE	TRUE
ATCGGCGAGAAACTCA_Case_922	439_ATCGGCGAGAAACTCA	TRUE	TRUE
ATCGTAGAGATGAACT_Case_922	439_ATCGTAGAGATGAACT	TRUE	TRUE
ATCGTAGCAACAGCCC_Case_922	439_ATCGTAGCAACAGCCC	TRUE	TRUE
ATCGTAGGTGCTATTG_Case_922	439_ATCGTAGGTGCTATTG	TRUE	TRUE
ATCGTAGGTGTCCGGT_Case_922	439_ATCGTAGGTGTCCGGT	TRUE	TRUE
ATCGTCCCACACACTA_Case_922	439_ATCGTCCCACACACTA	TRUE	TRUE
ATCGTCCTCCATGCAA_Case_922	439_ATCGTCCTCCATGCAA	TRUE	TRUE
ATCGTCCTCCCATTTA_Case_922	439_ATCGTCCTCCCATTTA	TRUE	TRUE
ATCGTCCTCGATACTG_Case_922	439_ATCGTCCTCGATACTG	TRUE	TRUE
ATCGTGAAGCCAGAGT_Case_922	439_ATCGTGAAGCCAGAGT	TRUE	TRUE
ATCGTGATCGCTACGG_Case_922	439_ATCGTGATCGCTACGG	TRUE	TRUE
ATCTCTAAGACTTCGT_Case_922	439_ATCTCTAAGACTTCGT	TRUE	TRUE
ATCTCTACAAATTGGA_Case_922	439_ATCTCTACAAATTGGA	TRUE	TRUE
ATCTCTACACGCTGAC_Case_922	439_ATCTCTACACGCTGAC	TRUE	TRUE
ATCTCTACAGCACGAA_Case_922	439_ATCTCTACAGCACGAA	TRUE	TRUE
ATCTCTAGTGAATTGA_Case_922	439_ATCTCTAGTGAATTGA	TRUE	TRUE
ATCTCTATCAGACCGC_Case_922	439_ATCTCTATCAGACCGC	TRUE	TRUE
ATCTCTATCCTAAGTG_Case_922	439_ATCTCTATCCTAAGTG	TRUE	TRUE
ATCTCTATCTACGGTA_Case_922	439_ATCTCTATCTACGGTA	TRUE	TRUE
ATCTTCAAGGACAAGA_Case_922	439_ATCTTCAAGGACAAGA	TRUE	TRUE
ATCTTCAAGGGCAATC_Case_922	439_ATCTTCAAGGGCAATC	TRUE	TRUE
ATCTTCAAGTCGAAAT_Case_922	439_ATCTTCAAGTCGAAAT	TRUE	TRUE
ATCTTCAAGTGGACGT_Case_922	439_ATCTTCAAGTGGACGT	TRUE	TRUE
ATCTTCAGTAACTGCT_Case_922	439_ATCTTCAGTAACTGCT	TRUE	TRUE
ATCTTCAGTGCATCTA_Case_922	439_ATCTTCAGTGCATCTA	TRUE	TRUE
ATGAAAGCAGTAACGG_Case_922	439_ATGAAAGCAGTAACGG	TRUE	TRUE
ATGAAAGGTCCGCAGT_Case_922	439_ATGAAAGGTCCGCAGT	TRUE	TRUE
ATGACCACAGTCGTTA_Case_922	439_ATGACCACAGTCGTTA	TRUE	TRUE
ATGACCACATGACTAC_Case_922	439_ATGACCACATGACTAC	TRUE	TRUE
ATGACCAGTATCACGT_Case_922	439_ATGACCAGTATCACGT	TRUE	TRUE
ATGAGGGAGCGTCTCG_Case_922	439_ATGAGGGAGCGTCTCG	TRUE	TRUE
ATGAGGGAGGTGGCTA_Case_922	439_ATGAGGGAGGTGGCTA	TRUE	TRUE
ATGAGTCAGACTCCGC_Case_922	439_ATGAGTCAGACTCCGC	TRUE	TRUE
ATGAGTCCACAAGTGG_Case_922	439_ATGAGTCCACAAGTGG	TRUE	TRUE
ATGAGTCGTCCGGACT_Case_922	439_ATGAGTCGTCCGGACT	TRUE	TRUE
ATGAGTCGTTGTACGT_Case_922	439_ATGAGTCGTTGTACGT	TRUE	TRUE
ATGATCGAGCACACCC_Case_922	439_ATGATCGAGCACACCC	TRUE	TRUE
ATGATCGAGTTCTCTT_Case_922	439_ATGATCGAGTTCTCTT	TRUE	TRUE
ATGATCGCACACGGTC_Case_922	439_ATGATCGCACACGGTC	TRUE	TRUE
ATGATCGCATCCTAAG_Case_922	439_ATGATCGCATCCTAAG	TRUE	TRUE
ATGATCGTCACTTGGA_Case_922	439_ATGATCGTCACTTGGA	TRUE	TRUE
ATGATCGTCCAACTGA_Case_922	439_ATGATCGTCCAACTGA	TRUE	TRUE
ATGATCGTCGTAGGAG_Case_922	439_ATGATCGTCGTAGGAG	TRUE	TRUE
ATGCATGAGCAACTCT_Case_922	439_ATGCATGAGCAACTCT	TRUE	TRUE
ATGCATGAGGAAAGAC_Case_922	439_ATGCATGAGGAAAGAC	TRUE	TRUE
ATGCATGCAGGTCCCA_Case_922	439_ATGCATGCAGGTCCCA	TRUE	TRUE
ATGCATGCATGGCTAT_Case_922	439_ATGCATGCATGGCTAT	TRUE	TRUE
ATGCATGGTCTGTCCT_Case_922	439_ATGCATGGTCTGTCCT	TRUE	TRUE
ATGCATGGTTCTAAGC_Case_922	439_ATGCATGGTTCTAAGC	TRUE	TRUE
ATGCATGTCCAAGCTA_Case_922	439_ATGCATGTCCAAGCTA	TRUE	TRUE
ATGCATGTCCAATCTT_Case_922	439_ATGCATGTCCAATCTT	TRUE	TRUE
ATGCATGTCGTTCAGA_Case_922	439_ATGCATGTCGTTCAGA	TRUE	TRUE
ATGCCTCAGGCTGTAG_Case_922	439_ATGCCTCAGGCTGTAG	TRUE	TRUE
ATGCCTCGTGAACTAA_Case_922	439_ATGCCTCGTGAACTAA	TRUE	TRUE
ATGCCTCTCTAGTTCT_Case_922	439_ATGCCTCTCTAGTTCT	TRUE	TRUE
ATGCGATAGATTAGAC_Case_922	439_ATGCGATAGATTAGAC	TRUE	TRUE
ATGCGATAGTGGATAT_Case_922	439_ATGCGATAGTGGATAT	TRUE	TRUE
ATGCGATCACGAGGTA_Case_922	439_ATGCGATCACGAGGTA	TRUE	TRUE
ATGCGATTCATTGCTT_Case_922	439_ATGCGATTCATTGCTT	TRUE	TRUE
ATGGAGGGTGTCTTGA_Case_922	439_ATGGAGGGTGTCTTGA	TRUE	TRUE
ATGGAGGGTTCTCTAT_Case_922	439_ATGGAGGGTTCTCTAT	TRUE	TRUE
ATGGAGGTCCTATGGA_Case_922	439_ATGGAGGTCCTATGGA	TRUE	TRUE
ATGGATCAGATAACGT_Case_922	439_ATGGATCAGATAACGT	TRUE	TRUE
ATGGATCCAATAGAGT_Case_922	439_ATGGATCCAATAGAGT	TRUE	TRUE
ATGGATCGTACAGTTC_Case_922	439_ATGGATCGTACAGTTC	TRUE	TRUE
ATGGATCGTGCTAGCC_Case_922	439_ATGGATCGTGCTAGCC	TRUE	TRUE
ATGGATCTCACTTCTA_Case_922	439_ATGGATCTCACTTCTA	TRUE	TRUE
ATGGGAGCAGTAGGAC_Case_922	439_ATGGGAGCAGTAGGAC	TRUE	TRUE
ATGGGAGGTTGGGTAG_Case_922	439_ATGGGAGGTTGGGTAG	TRUE	TRUE
ATGGGTTCAAAGAGTT_Case_922	439_ATGGGTTCAAAGAGTT	TRUE	TRUE
ATGGGTTCAGCTGAGA_Case_922	439_ATGGGTTCAGCTGAGA	TRUE	TRUE
ATGGGTTGTGCATTAC_Case_922	439_ATGGGTTGTGCATTAC	TRUE	TRUE
ATGGGTTTCCGTACGG_Case_922	439_ATGGGTTTCCGTACGG	TRUE	TRUE
ATGGGTTTCTATCCAT_Case_922	439_ATGGGTTTCTATCCAT	TRUE	TRUE
ATGGGTTTCTGTCGTC_Case_922	439_ATGGGTTTCTGTCGTC	TRUE	TRUE
ATGGTTGAGCGTGAAC_Case_922	439_ATGGTTGAGCGTGAAC	TRUE	TRUE
ATGGTTGCAGTGTGGA_Case_922	439_ATGGTTGCAGTGTGGA	TRUE	TRUE
ATGGTTGGTGCTTCAA_Case_922	439_ATGGTTGGTGCTTCAA	TRUE	TRUE
ATGTCCCAGCTCCATA_Case_922	439_ATGTCCCAGCTCCATA	TRUE	TRUE
ATGTCCCAGGGCATGT_Case_922	439_ATGTCCCAGGGCATGT	TRUE	TRUE
ATGTCCCAGTACTGTC_Case_922	439_ATGTCCCAGTACTGTC	TRUE	TRUE
ATGTCTTAGCTAAATG_Case_922	439_ATGTCTTAGCTAAATG	TRUE	TRUE
ATGTCTTAGCTACTAC_Case_922	439_ATGTCTTAGCTACTAC	TRUE	TRUE
ATGTCTTAGCTGGCTC_Case_922	439_ATGTCTTAGCTGGCTC	TRUE	TRUE
ATGTCTTAGGAACTAT_Case_922	439_ATGTCTTAGGAACTAT	TRUE	TRUE
ATGTCTTAGGACTGGT_Case_922	439_ATGTCTTAGGACTGGT	TRUE	TRUE
ATGTCTTAGGGTTTCT_Case_922	439_ATGTCTTAGGGTTTCT	TRUE	TRUE
ATGTCTTAGTACAACA_Case_922	439_ATGTCTTAGTACAACA	TRUE	TRUE
ATGTCTTCAAAGGTTA_Case_922	439_ATGTCTTCAAAGGTTA	TRUE	TRUE
ATGTCTTGTATACCCA_Case_922	439_ATGTCTTGTATACCCA	TRUE	TRUE
ATGTCTTGTGGAGGTT_Case_922	439_ATGTCTTGTGGAGGTT	TRUE	TRUE
ATTACCTAGCTCAGAG_Case_922	439_ATTACCTAGCTCAGAG	TRUE	TRUE
ATTACCTAGGATGCGT_Case_922	439_ATTACCTAGGATGCGT	TRUE	TRUE
ATTACCTAGGTGCTTT_Case_922	439_ATTACCTAGGTGCTTT	TRUE	TRUE
ATTACCTCATACAGCT_Case_922	439_ATTACCTCATACAGCT	TRUE	TRUE
ATTACCTTCCATTCGC_Case_922	439_ATTACCTTCCATTCGC	TRUE	TRUE
ATTACCTTCTCTTCAA_Case_922	439_ATTACCTTCTCTTCAA	TRUE	TRUE
ATTACTCAGTGCCAGA_Case_922	439_ATTACTCAGTGCCAGA	TRUE	TRUE
ATTACTCTCAGCGCAC_Case_922	439_ATTACTCTCAGCGCAC	TRUE	TRUE
ATTACTCTCGGCATCG_Case_922	439_ATTACTCTCGGCATCG	TRUE	TRUE
ATTATCCAGGACGGAG_Case_922	439_ATTATCCAGGACGGAG	TRUE	TRUE
ATTATCCAGTCAGCGA_Case_922	439_ATTATCCAGTCAGCGA	TRUE	TRUE
ATTATCCCAATCGCCG_Case_922	439_ATTATCCCAATCGCCG	TRUE	TRUE
ATTATCCTCACGACTA_Case_922	439_ATTATCCTCACGACTA	TRUE	TRUE
ATTATCCTCCGGGACT_Case_922	439_ATTATCCTCCGGGACT	TRUE	TRUE
ATTCACTAGAGGCGGA_Case_922	439_ATTCACTAGAGGCGGA	TRUE	TRUE
ATTCACTAGATCCCAT_Case_922	439_ATTCACTAGATCCCAT	TRUE	TRUE
ATTCACTAGATTCGAA_Case_922	439_ATTCACTAGATTCGAA	TRUE	TRUE
ATTCACTAGGATTCCT_Case_922	439_ATTCACTAGGATTCCT	TRUE	TRUE
ATTCACTAGGGCTTCC_Case_922	439_ATTCACTAGGGCTTCC	TRUE	TRUE
ATTCAGGAGCTACGTT_Case_922	439_ATTCAGGAGCTACGTT	TRUE	TRUE
ATTCAGGAGTGCTCAT_Case_922	439_ATTCAGGAGTGCTCAT	TRUE	TRUE
ATTCAGGCAGGTTCCG_Case_922	439_ATTCAGGCAGGTTCCG	TRUE	TRUE
ATTCATCCAACCACGC_Case_922	439_ATTCATCCAACCACGC	TRUE	TRUE
ATTCATCCAAGTGCTT_Case_922	439_ATTCATCCAAGTGCTT	TRUE	TRUE
ATTCATCGTGTCACAT_Case_922	439_ATTCATCGTGTCACAT	TRUE	TRUE
ATTCATCGTTAATCGC_Case_922	439_ATTCATCGTTAATCGC	TRUE	TRUE
ATTCATCTCTTAATCC_Case_922	439_ATTCATCTCTTAATCC	TRUE	TRUE
ATTCCATCAAAGGAGA_Case_922	439_ATTCCATCAAAGGAGA	TRUE	TRUE
ATTCCATCAAATCAAG_Case_922	439_ATTCCATCAAATCAAG	TRUE	TRUE
ATTCCATTCGACGATT_Case_922	439_ATTCCATTCGACGATT	TRUE	TRUE
ATTCCCGAGTAACAGT_Case_922	439_ATTCCCGAGTAACAGT	TRUE	TRUE
ATTCCCGCAATAACGA_Case_922	439_ATTCCCGCAATAACGA	TRUE	TRUE
ATTCCCGGTACGATTC_Case_922	439_ATTCCCGGTACGATTC	TRUE	TRUE
ATTCCCGGTCACCGAC_Case_922	439_ATTCCCGGTCACCGAC	TRUE	TRUE
ATTCCCGGTCTCACAA_Case_922	439_ATTCCCGGTCTCACAA	TRUE	TRUE
ATTCCCGGTGGACCAA_Case_922	439_ATTCCCGGTGGACCAA	TRUE	TRUE
ATTCCCGTCGACGTCG_Case_922	439_ATTCCCGTCGACGTCG	TRUE	TRUE
ATTCCTAAGAGAAGGT_Case_922	439_ATTCCTAAGAGAAGGT	TRUE	TRUE
ATTCCTAAGATTACCC_Case_922	439_ATTCCTAAGATTACCC	TRUE	TRUE
ATTCCTAAGTAGTGCG_Case_922	439_ATTCCTAAGTAGTGCG	TRUE	TRUE
ATTCCTAGTATTCCTT_Case_922	439_ATTCCTAGTATTCCTT	TRUE	TRUE
ATTCCTAGTGTATACC_Case_922	439_ATTCCTAGTGTATACC	TRUE	TRUE
ATTCCTATCCTGTAAG_Case_922	439_ATTCCTATCCTGTAAG	TRUE	TRUE
ATTCGTTAGATCCCGC_Case_922	439_ATTCGTTAGATCCCGC	TRUE	TRUE
ATTCGTTCACCACTGG_Case_922	439_ATTCGTTCACCACTGG	TRUE	TRUE
ATTCGTTCATCTCCCA_Case_922	439_ATTCGTTCATCTCCCA	TRUE	TRUE
ATTCGTTGTCAAAGTA_Case_922	439_ATTCGTTGTCAAAGTA	TRUE	TRUE
ATTCGTTGTCTAGGTT_Case_922	439_ATTCGTTGTCTAGGTT	TRUE	TRUE
ATTCGTTTCCCTCTTT_Case_922	439_ATTCGTTTCCCTCTTT	TRUE	TRUE
ATTCTACAGCAATTAG_Case_922	439_ATTCTACAGCAATTAG	TRUE	TRUE
ATTCTACCAAGCAGGT_Case_922	439_ATTCTACCAAGCAGGT	TRUE	TRUE
ATTCTACCAGCTTCCT_Case_922	439_ATTCTACCAGCTTCCT	TRUE	TRUE
ATTCTACCATGGCGCT_Case_922	439_ATTCTACCATGGCGCT	TRUE	TRUE
ATTCTACGTTTGGGTT_Case_922	439_ATTCTACGTTTGGGTT	TRUE	TRUE
ATTCTACTCCCTGTTG_Case_922	439_ATTCTACTCCCTGTTG	TRUE	TRUE
ATTCTACTCGTCAACA_Case_922	439_ATTCTACTCGTCAACA	TRUE	TRUE
ATTCTTGCAACAAGAT_Case_922	439_ATTCTTGCAACAAGAT	TRUE	TRUE
ATTCTTGCAAGTTGGG_Case_922	439_ATTCTTGCAAGTTGGG	TRUE	TRUE
ATTCTTGCAATATCCG_Case_922	439_ATTCTTGCAATATCCG	TRUE	TRUE
ATTCTTGCACATAGCT_Case_922	439_ATTCTTGCACATAGCT	TRUE	TRUE
ATTCTTGTCTGCCTCA_Case_922	439_ATTCTTGTCTGCCTCA	TRUE	TRUE
ATTGGGTAGACCAAGC_Case_922	439_ATTGGGTAGACCAAGC	TRUE	TRUE
ATTGGGTAGCAATTAG_Case_922	439_ATTGGGTAGCAATTAG	TRUE	TRUE
ATTGGGTAGGCCTAGA_Case_922	439_ATTGGGTAGGCCTAGA	TRUE	TRUE
ATTGGGTAGGTCACTT_Case_922	439_ATTGGGTAGGTCACTT	TRUE	TRUE
ATTGGGTCACGGGCTT_Case_922	439_ATTGGGTCACGGGCTT	TRUE	TRUE
ATTGGGTCATCTAACG_Case_922	439_ATTGGGTCATCTAACG	TRUE	TRUE
ATTGGGTGTTCTTGCC_Case_922	439_ATTGGGTGTTCTTGCC	TRUE	TRUE
ATTGTTCAGCTACGTT_Case_922	439_ATTGTTCAGCTACGTT	TRUE	TRUE
ATTGTTCAGCTTGTGT_Case_922	439_ATTGTTCAGCTTGTGT	TRUE	TRUE
ATTGTTCCAACAAGAT_Case_922	439_ATTGTTCCAACAAGAT	TRUE	TRUE
ATTGTTCCAGAAATTG_Case_922	439_ATTGTTCCAGAAATTG	TRUE	TRUE
ATTGTTCGTGGACTGA_Case_922	439_ATTGTTCGTGGACTGA	TRUE	TRUE
ATTTACCGTTATGGTC_Case_922	439_ATTTACCGTTATGGTC	TRUE	TRUE
ATTTACCTCCTACCGT_Case_922	439_ATTTACCTCCTACCGT	TRUE	TRUE
ATTTACCTCGAAATCC_Case_922	439_ATTTACCTCGAAATCC	TRUE	TRUE
ATTTCACGTAAGTTAG_Case_922	439_ATTTCACGTAAGTTAG	TRUE	TRUE
ATTTCACTCCTCATAT_Case_922	439_ATTTCACTCCTCATAT	TRUE	TRUE
ATTTCTGGTTCGTGCG_Case_922	439_ATTTCTGGTTCGTGCG	TRUE	TRUE
ATTTCTGTCAATCTCT_Case_922	439_ATTTCTGTCAATCTCT	TRUE	TRUE
CAAAGAAAGTCAGGGT_Case_922	439_CAAAGAAAGTCAGGGT	TRUE	TRUE
CAAAGAACATGAGGGT_Case_922	439_CAAAGAACATGAGGGT	TRUE	TRUE
CAAAGAAGTCAACACT_Case_922	439_CAAAGAAGTCAACACT	TRUE	TRUE
CAAAGAAGTCGGCACT_Case_922	439_CAAAGAAGTCGGCACT	TRUE	TRUE
CAAAGAATCTACACAG_Case_922	439_CAAAGAATCTACACAG	TRUE	TRUE
CAACAACAGAACCGCA_Case_922	439_CAACAACAGAACCGCA	TRUE	TRUE
CAACAACGTTCAGGTT_Case_922	439_CAACAACGTTCAGGTT	TRUE	TRUE
CAACAGTAGGGCTAAC_Case_922	439_CAACAGTAGGGCTAAC	TRUE	TRUE
CAACAGTCAGCGTGCT_Case_922	439_CAACAGTCAGCGTGCT	TRUE	TRUE
CAACAGTCATGGGTCC_Case_922	439_CAACAGTCATGGGTCC	TRUE	TRUE
CAACAGTGTTAGTTCG_Case_922	439_CAACAGTGTTAGTTCG	TRUE	TRUE
CAACAGTTCTTCCACG_Case_922	439_CAACAGTTCTTCCACG	TRUE	TRUE
CAACAGTTCTTGAACG_Case_922	439_CAACAGTTCTTGAACG	TRUE	TRUE
CAACCAAAGAAGCTGC_Case_922	439_CAACCAAAGAAGCTGC	TRUE	TRUE
CAACCAACAAACTAGA_Case_922	439_CAACCAACAAACTAGA	TRUE	TRUE
CAACCAAGTCAGCTTA_Case_922	439_CAACCAAGTCAGCTTA	TRUE	TRUE
CAACCAAGTCCTACAA_Case_922	439_CAACCAAGTCCTACAA	TRUE	TRUE
CAACCAATCAGGACAG_Case_922	439_CAACCAATCAGGACAG	TRUE	TRUE
CAACCAATCGAAGGAC_Case_922	439_CAACCAATCGAAGGAC	TRUE	TRUE
CAACCTCAGGGCAACT_Case_922	439_CAACCTCAGGGCAACT	TRUE	TRUE
CAACCTCCATATGGCT_Case_922	439_CAACCTCCATATGGCT	TRUE	TRUE
CAACCTCGTATAGCTC_Case_922	439_CAACCTCGTATAGCTC	TRUE	TRUE
CAACCTCGTGCTGATT_Case_922	439_CAACCTCGTGCTGATT	TRUE	TRUE
CAACGATAGAATTGTG_Case_922	439_CAACGATAGAATTGTG	TRUE	TRUE
CAACGATAGGTAGGCT_Case_922	439_CAACGATAGGTAGGCT	TRUE	TRUE
CAACGATAGTAAGCAT_Case_922	439_CAACGATAGTAAGCAT	TRUE	TRUE
CAACGATGTTGCTTGA_Case_922	439_CAACGATGTTGCTTGA	TRUE	TRUE
CAACGATTCCTAAACG_Case_922	439_CAACGATTCCTAAACG	TRUE	TRUE
CAACGGCGTTCGGTCG_Case_922	439_CAACGGCGTTCGGTCG	TRUE	TRUE
CAAGACTTCGAGTACT_Case_922	439_CAAGACTTCGAGTACT	TRUE	TRUE
CAAGACTTCGGAGTAG_Case_922	439_CAAGACTTCGGAGTAG	TRUE	TRUE
CAAGAGGGTCCTGTTC_Case_922	439_CAAGAGGGTCCTGTTC	TRUE	TRUE
CAAGAGGGTGGAAATT_Case_922	439_CAAGAGGGTGGAAATT	TRUE	TRUE
CAAGAGGGTGGATCGA_Case_922	439_CAAGAGGGTGGATCGA	TRUE	TRUE
CAAGAGGGTGGGTTGA_Case_922	439_CAAGAGGGTGGGTTGA	TRUE	TRUE
CAAGAGGTCAATCTCT_Case_922	439_CAAGAGGTCAATCTCT	TRUE	TRUE
CAAGAGGTCGAGTGGA_Case_922	439_CAAGAGGTCGAGTGGA	TRUE	TRUE
CAAGCTACACGGAAGT_Case_922	439_CAAGCTACACGGAAGT	TRUE	TRUE
CAAGCTACAGAGGTAC_Case_922	439_CAAGCTACAGAGGTAC	TRUE	TRUE
CAAGCTAGTGCAGTGA_Case_922	439_CAAGCTAGTGCAGTGA	TRUE	TRUE
CAAGCTATCAACCCGG_Case_922	439_CAAGCTATCAACCCGG	TRUE	TRUE
CAAGCTATCGTGCAGC_Case_922	439_CAAGCTATCGTGCAGC	TRUE	TRUE
CAAGCTATCTCCAATT_Case_922	439_CAAGCTATCTCCAATT	TRUE	TRUE
CAAGGGAAGGTGAGCT_Case_922	439_CAAGGGAAGGTGAGCT	TRUE	TRUE
CAAGGGAAGTTGCGAG_Case_922	439_CAAGGGAAGTTGCGAG	TRUE	TRUE
CAAGGGACAGATACCT_Case_922	439_CAAGGGACAGATACCT	TRUE	TRUE
CAAGGGACAGGCTATT_Case_922	439_CAAGGGACAGGCTATT	TRUE	TRUE
CAAGGGATCATCACAG_Case_922	439_CAAGGGATCATCACAG	TRUE	TRUE
CAAGGGATCTCTGAGA_Case_922	439_CAAGGGATCTCTGAGA	TRUE	TRUE
CAATACGAGGACGCTA_Case_922	439_CAATACGAGGACGCTA	TRUE	TRUE
CAATACGAGTTCATGC_Case_922	439_CAATACGAGTTCATGC	TRUE	TRUE
CAATACGCATCGTCCT_Case_922	439_CAATACGCATCGTCCT	TRUE	TRUE
CAATACGGTATCACGT_Case_922	439_CAATACGGTATCACGT	TRUE	TRUE
CAATACGTCACTGTCC_Case_922	439_CAATACGTCACTGTCC	TRUE	TRUE
CAATCGAAGGAGTACC_Case_922	439_CAATCGAAGGAGTACC	TRUE	TRUE
CAATCGAAGTCTTGGT_Case_922	439_CAATCGAAGTCTTGGT	TRUE	TRUE
CAATCGAGTCATCCGG_Case_922	439_CAATCGAGTCATCCGG	TRUE	TRUE
CAATGACAGGTACAGC_Case_922	439_CAATGACAGGTACAGC	TRUE	TRUE
CAATGACGTACCAATC_Case_922	439_CAATGACGTACCAATC	TRUE	TRUE
CAATGACGTACGAAAT_Case_922	439_CAATGACGTACGAAAT	TRUE	TRUE
CAATGACGTTTCGTGA_Case_922	439_CAATGACGTTTCGTGA	TRUE	TRUE
CAATTTCCACTTGAGT_Case_922	439_CAATTTCCACTTGAGT	TRUE	TRUE
CAATTTCGTATATGGA_Case_922	439_CAATTTCGTATATGGA	TRUE	TRUE
CAATTTCGTCCGGACT_Case_922	439_CAATTTCGTCCGGACT	TRUE	TRUE
CAATTTCTCCCTCTTT_Case_922	439_CAATTTCTCCCTCTTT	TRUE	TRUE
CACAACACATAACGGG_Case_922	439_CACAACACATAACGGG	TRUE	TRUE
CACAACATCAGGAAAT_Case_922	439_CACAACATCAGGAAAT	TRUE	TRUE
CACAACATCCATCTAT_Case_922	439_CACAACATCCATCTAT	TRUE	TRUE
CACACAAAGCTAGAAT_Case_922	439_CACACAAAGCTAGAAT	TRUE	TRUE
CACACAACAAGCCTGC_Case_922	439_CACACAACAAGCCTGC	TRUE	TRUE
CACACAACACGTCATA_Case_922	439_CACACAACACGTCATA	TRUE	TRUE
CACACAACAGTGGGTA_Case_922	439_CACACAACAGTGGGTA	TRUE	TRUE
CACACAACATGTCTAG_Case_922	439_CACACAACATGTCTAG	TRUE	TRUE
CACACAAGTCTACAAC_Case_922	439_CACACAAGTCTACAAC	TRUE	TRUE
CACACAAGTGTCTTGA_Case_922	439_CACACAAGTGTCTTGA	TRUE	TRUE
CACACAATCTTCTAAC_Case_922	439_CACACAATCTTCTAAC	TRUE	TRUE
CACAGATCAGCGTGCT_Case_922	439_CACAGATCAGCGTGCT	TRUE	TRUE
CACAGATCAGTCGTTA_Case_922	439_CACAGATCAGTCGTTA	TRUE	TRUE
CACAGGCAGACATATG_Case_922	439_CACAGGCAGACATATG	TRUE	TRUE
CACAGGCCACAATCTG_Case_922	439_CACAGGCCACAATCTG	TRUE	TRUE
CACAGGCGTTGCTGAT_Case_922	439_CACAGGCGTTGCTGAT	TRUE	TRUE
CACAGGCTCCTACAAG_Case_922	439_CACAGGCTCCTACAAG	TRUE	TRUE
CACATGACATGGCCAC_Case_922	439_CACATGACATGGCCAC	TRUE	TRUE
CACCAAAAGCGTCTCG_Case_922	439_CACCAAAAGCGTCTCG	TRUE	TRUE
CACCAAACACTAGGCC_Case_922	439_CACCAAACACTAGGCC	TRUE	TRUE
CACCAAATCAAATGAG_Case_922	439_CACCAAATCAAATGAG	TRUE	TRUE
CACCAAATCGGTTGTA_Case_922	439_CACCAAATCGGTTGTA	TRUE	TRUE
CACCGTTCACATTGTG_Case_922	439_CACCGTTCACATTGTG	TRUE	TRUE
CACCGTTCATTGTACG_Case_922	439_CACCGTTCATTGTACG	TRUE	TRUE
CACCGTTTCTCGAACA_Case_922	439_CACCGTTTCTCGAACA	TRUE	TRUE
CACGAATCAACTCGTA_Case_922	439_CACGAATCAACTCGTA	TRUE	TRUE
CACGAATCAGCGTTGC_Case_922	439_CACGAATCAGCGTTGC	TRUE	TRUE
CACGAATGTACGTTCA_Case_922	439_CACGAATGTACGTTCA	TRUE	TRUE
CACGAATTCAGAACCT_Case_922	439_CACGAATTCAGAACCT	TRUE	TRUE
CACGAATTCCACTTCG_Case_922	439_CACGAATTCCACTTCG	TRUE	TRUE
CACGGGTAGCAATTAG_Case_922	439_CACGGGTAGCAATTAG	TRUE	TRUE
CACGGGTAGGACGCTA_Case_922	439_CACGGGTAGGACGCTA	TRUE	TRUE
CACGGGTGTACCGGCT_Case_922	439_CACGGGTGTACCGGCT	TRUE	TRUE
CACGTGGCAATTGAAG_Case_922	439_CACGTGGCAATTGAAG	TRUE	TRUE
CACGTGGCAGGTATGG_Case_922	439_CACGTGGCAGGTATGG	TRUE	TRUE
CACGTGGGTACCTGTA_Case_922	439_CACGTGGGTACCTGTA	TRUE	TRUE
CACGTTCAGCTAATGA_Case_922	439_CACGTTCAGCTAATGA	TRUE	TRUE
CACGTTCCAATGAACA_Case_922	439_CACGTTCCAATGAACA	TRUE	TRUE
CACGTTCCATGGCGCT_Case_922	439_CACGTTCCATGGCGCT	TRUE	TRUE
CACGTTCGTTTATGCG_Case_922	439_CACGTTCGTTTATGCG	TRUE	TRUE
CACTAAGAGTCACTAC_Case_922	439_CACTAAGAGTCACTAC	TRUE	TRUE
CACTAAGTCTGTCTCG_Case_922	439_CACTAAGTCTGTCTCG	TRUE	TRUE
CACTGAAAGTGCACAG_Case_922	439_CACTGAAAGTGCACAG	TRUE	TRUE
CACTGAACACCCAAGC_Case_922	439_CACTGAACACCCAAGC	TRUE	TRUE
CACTGAAGTTACCCTC_Case_922	439_CACTGAAGTTACCCTC	TRUE	TRUE
CACTGGGAGCGTACAG_Case_922	439_CACTGGGAGCGTACAG	TRUE	TRUE
CACTGGGCAGGGTTGA_Case_922	439_CACTGGGCAGGGTTGA	TRUE	TRUE
CACTGGGTCCTACGGG_Case_922	439_CACTGGGTCCTACGGG	TRUE	TRUE
CACTGGGTCTTGAGCA_Case_922	439_CACTGGGTCTTGAGCA	TRUE	TRUE
CACTGTCAGCCTCTTC_Case_922	439_CACTGTCAGCCTCTTC	TRUE	TRUE
CACTGTCCATGAGGGT_Case_922	439_CACTGTCCATGAGGGT	TRUE	TRUE
CACTGTCGTAGGTGCA_Case_922	439_CACTGTCGTAGGTGCA	TRUE	TRUE
CACTGTCGTATACCCA_Case_922	439_CACTGTCGTATACCCA	TRUE	TRUE
CACTGTCGTGAGCTCC_Case_922	439_CACTGTCGTGAGCTCC	TRUE	TRUE
CACTTCGAGAAGCGCT_Case_922	439_CACTTCGAGAAGCGCT	TRUE	TRUE
CACTTCGAGGCCATAG_Case_922	439_CACTTCGAGGCCATAG	TRUE	TRUE
CACTTCGCACGATAGG_Case_922	439_CACTTCGCACGATAGG	TRUE	TRUE
CACTTCGCATAGATCC_Case_922	439_CACTTCGCATAGATCC	TRUE	TRUE
CACTTCGCATGGGTTT_Case_922	439_CACTTCGCATGGGTTT	TRUE	TRUE
CACTTCGGTAGCTGCC_Case_922	439_CACTTCGGTAGCTGCC	TRUE	TRUE
CACTTCGTCAGATTGC_Case_922	439_CACTTCGTCAGATTGC	TRUE	TRUE
CAGAGCCAGAGTTGTA_Case_922	439_CAGAGCCAGAGTTGTA	TRUE	TRUE
CAGAGCCAGCTAAATG_Case_922	439_CAGAGCCAGCTAAATG	TRUE	TRUE
CAGAGCCGTACCCACG_Case_922	439_CAGAGCCGTACCCACG	TRUE	TRUE
CAGAGCCTCAACCGAT_Case_922	439_CAGAGCCTCAACCGAT	TRUE	TRUE
CAGAGCCTCATTGTTC_Case_922	439_CAGAGCCTCATTGTTC	TRUE	TRUE
CAGAGCCTCTCCACTG_Case_922	439_CAGAGCCTCTCCACTG	TRUE	TRUE
CAGAGCCTCTCCTACG_Case_922	439_CAGAGCCTCTCCTACG	TRUE	TRUE
CAGATACCATGCCATA_Case_922	439_CAGATACCATGCCATA	TRUE	TRUE
CAGATCAAGATGACAT_Case_922	439_CAGATCAAGATGACAT	TRUE	TRUE
CAGATCAAGCAATAAC_Case_922	439_CAGATCAAGCAATAAC	TRUE	TRUE
CAGATCAAGCGTCGAA_Case_922	439_CAGATCAAGCGTCGAA	TRUE	TRUE
CAGATCAAGGTACCTT_Case_922	439_CAGATCAAGGTACCTT	TRUE	TRUE
CAGATCACATCCTAAG_Case_922	439_CAGATCACATCCTAAG	TRUE	TRUE
CAGATCATCAGTGATC_Case_922	439_CAGATCATCAGTGATC	TRUE	TRUE
CAGATCATCTGGTTGA_Case_922	439_CAGATCATCTGGTTGA	TRUE	TRUE
CAGATTGAGCGAAACC_Case_922	439_CAGATTGAGCGAAACC	TRUE	TRUE
CAGATTGCACACGGAA_Case_922	439_CAGATTGCACACGGAA	TRUE	TRUE
CAGATTGCACGTACAT_Case_922	439_CAGATTGCACGTACAT	TRUE	TRUE
CAGATTGGTGCATTAC_Case_922	439_CAGATTGGTGCATTAC	TRUE	TRUE
CAGCAATAGACGAGCT_Case_922	439_CAGCAATAGACGAGCT	TRUE	TRUE
CAGCAATAGCTCCCTT_Case_922	439_CAGCAATAGCTCCCTT	TRUE	TRUE
CAGCAATAGTCTACCA_Case_922	439_CAGCAATAGTCTACCA	TRUE	TRUE
CAGCAATCATAGACTC_Case_922	439_CAGCAATCATAGACTC	TRUE	TRUE
CAGCAATGTATCGAAA_Case_922	439_CAGCAATGTATCGAAA	TRUE	TRUE
CAGCACGAGACGCCAA_Case_922	439_CAGCACGAGACGCCAA	TRUE	TRUE
CAGCACGTCCGTTGAA_Case_922	439_CAGCACGTCCGTTGAA	TRUE	TRUE
CAGCACGTCTGAGCAT_Case_922	439_CAGCACGTCTGAGCAT	TRUE	TRUE
CAGCAGCCAAGCCTGC_Case_922	439_CAGCAGCCAAGCCTGC	TRUE	TRUE
CAGCAGCCAGCTCCTT_Case_922	439_CAGCAGCCAGCTCCTT	TRUE	TRUE
CAGCAGCCAGTTCTAG_Case_922	439_CAGCAGCCAGTTCTAG	TRUE	TRUE
CAGCAGCTCCGTGTGG_Case_922	439_CAGCAGCTCCGTGTGG	TRUE	TRUE
CAGCAGCTCGTAACTG_Case_922	439_CAGCAGCTCGTAACTG	TRUE	TRUE
CAGCAGCTCTGCACCT_Case_922	439_CAGCAGCTCTGCACCT	TRUE	TRUE
CAGCCAGAGCTTTCTT_Case_922	439_CAGCCAGAGCTTTCTT	TRUE	TRUE
CAGCCAGCACACACGC_Case_922	439_CAGCCAGCACACACGC	TRUE	TRUE
CAGCCAGGTCATAACC_Case_922	439_CAGCCAGGTCATAACC	TRUE	TRUE
CAGCGTGAGGCCCACT_Case_922	439_CAGCGTGAGGCCCACT	TRUE	TRUE
CAGCGTGAGGGTATAT_Case_922	439_CAGCGTGAGGGTATAT	TRUE	TRUE
CAGCGTGTCACTGAAC_Case_922	439_CAGCGTGTCACTGAAC	TRUE	TRUE
CAGGCCACAATTTCCT_Case_922	439_CAGGCCACAATTTCCT	TRUE	TRUE
CAGGCCACACCTCTGT_Case_922	439_CAGGCCACACCTCTGT	TRUE	TRUE
CAGGCCACAGTGTATC_Case_922	439_CAGGCCACAGTGTATC	TRUE	TRUE
CAGGCCATCAACCCGG_Case_922	439_CAGGCCATCAACCCGG	TRUE	TRUE
CAGGGCTCATCTCAAG_Case_922	439_CAGGGCTCATCTCAAG	TRUE	TRUE
CAGGGCTGTCATCGCG_Case_922	439_CAGGGCTGTCATCGCG	TRUE	TRUE
CAGGGCTGTGGAGAAA_Case_922	439_CAGGGCTGTGGAGAAA	TRUE	TRUE
CAGGGCTGTGTCTTGA_Case_922	439_CAGGGCTGTGTCTTGA	TRUE	TRUE
CAGGGCTTCCTACACC_Case_922	439_CAGGGCTTCCTACACC	TRUE	TRUE
CAGGTATAGGTCACTT_Case_922	439_CAGGTATAGGTCACTT	TRUE	TRUE
CAGGTATGTAACAAGT_Case_922	439_CAGGTATGTAACAAGT	TRUE	TRUE
CAGGTATGTAAGCAAT_Case_922	439_CAGGTATGTAAGCAAT	TRUE	TRUE
CAGGTATTCAAGAGGC_Case_922	439_CAGGTATTCAAGAGGC	TRUE	TRUE
CAGGTATTCGGTTGTA_Case_922	439_CAGGTATTCGGTTGTA	TRUE	TRUE
CAGTGCGAGGATTTCC_Case_922	439_CAGTGCGAGGATTTCC	TRUE	TRUE
CAGTGCGAGGTCCTGC_Case_922	439_CAGTGCGAGGTCCTGC	TRUE	TRUE
CAGTGCGAGGTTAGTA_Case_922	439_CAGTGCGAGGTTAGTA	TRUE	TRUE
CAGTGCGCAGCAAGAC_Case_922	439_CAGTGCGCAGCAAGAC	TRUE	TRUE
CAGTGCGCAGGTAGTG_Case_922	439_CAGTGCGCAGGTAGTG	TRUE	TRUE
CAGTGCGTCTGGGCCA_Case_922	439_CAGTGCGTCTGGGCCA	TRUE	TRUE
CAGTTAGCAGTTAGAA_Case_922	439_CAGTTAGCAGTTAGAA	TRUE	TRUE
CAGTTCCAGAGTCAGC_Case_922	439_CAGTTCCAGAGTCAGC	TRUE	TRUE
CAGTTCCAGATAGTGT_Case_922	439_CAGTTCCAGATAGTGT	TRUE	TRUE
CAGTTCCGTTACGGAG_Case_922	439_CAGTTCCGTTACGGAG	TRUE	TRUE
CAGTTCCGTTCTTGCC_Case_922	439_CAGTTCCGTTCTTGCC	TRUE	TRUE
CAGTTCCTCCGTATGA_Case_922	439_CAGTTCCTCCGTATGA	TRUE	TRUE
CATAAGCAGGTTGACG_Case_922	439_CATAAGCAGGTTGACG	TRUE	TRUE
CATAAGCCATCCTCAC_Case_922	439_CATAAGCCATCCTCAC	TRUE	TRUE
CATAAGCGTCAAGCGA_Case_922	439_CATAAGCGTCAAGCGA	TRUE	TRUE
CATAAGCGTGTTCGAT_Case_922	439_CATAAGCGTGTTCGAT	TRUE	TRUE
CATAAGCTCACCTGTC_Case_922	439_CATAAGCTCACCTGTC	TRUE	TRUE
CATAAGCTCCAGCACG_Case_922	439_CATAAGCTCCAGCACG	TRUE	TRUE
CATAAGCTCGCCAGTG_Case_922	439_CATAAGCTCGCCAGTG	TRUE	TRUE
CATACAGAGGTAGCCA_Case_922	439_CATACAGAGGTAGCCA	TRUE	TRUE
CATACAGCAAAGACGC_Case_922	439_CATACAGCAAAGACGC	TRUE	TRUE
CATACAGGTACGATTC_Case_922	439_CATACAGGTACGATTC	TRUE	TRUE
CATACAGGTCGGTGTC_Case_922	439_CATACAGGTCGGTGTC	TRUE	TRUE
CATACAGGTGATAGTA_Case_922	439_CATACAGGTGATAGTA	TRUE	TRUE
CATACCCAGAGTCACG_Case_922	439_CATACCCAGAGTCACG	TRUE	TRUE
CATACCCAGTCACGAG_Case_922	439_CATACCCAGTCACGAG	TRUE	TRUE
CATACCCCACTTCAAG_Case_922	439_CATACCCCACTTCAAG	TRUE	TRUE
CATACCCTCGGTTCAA_Case_922	439_CATACCCTCGGTTCAA	TRUE	TRUE
CATACCCTCTGCGATA_Case_922	439_CATACCCTCTGCGATA	TRUE	TRUE
CATAGACAGAAACTAC_Case_922	439_CATAGACAGAAACTAC	TRUE	TRUE
CATAGACCACGAGGTA_Case_922	439_CATAGACCACGAGGTA	TRUE	TRUE
CATAGACGTCACGTGC_Case_922	439_CATAGACGTCACGTGC	TRUE	TRUE
CATAGACTCACAAGAA_Case_922	439_CATAGACTCACAAGAA	TRUE	TRUE
CATAGACTCTTCGTGC_Case_922	439_CATAGACTCTTCGTGC	TRUE	TRUE
CATCAAGAGCGTCTGC_Case_922	439_CATCAAGAGCGTCTGC	TRUE	TRUE
CATCAAGGTATCGTTG_Case_922	439_CATCAAGGTATCGTTG	TRUE	TRUE
CATCAAGTCCTCTCGA_Case_922	439_CATCAAGTCCTCTCGA	TRUE	TRUE
CATCAAGTCGAGAACG_Case_922	439_CATCAAGTCGAGAACG	TRUE	TRUE
CATCCACAGCGTGCTC_Case_922	439_CATCCACAGCGTGCTC	TRUE	TRUE
CATCCACGTAGAGTTA_Case_922	439_CATCCACGTAGAGTTA	TRUE	TRUE
CATCCACGTAGATGTA_Case_922	439_CATCCACGTAGATGTA	TRUE	TRUE
CATCCACTCACCACAA_Case_922	439_CATCCACTCACCACAA	TRUE	TRUE
CATCCACTCATCACTT_Case_922	439_CATCCACTCATCACTT	TRUE	TRUE
CATCCCACAATACGAA_Case_922	439_CATCCCACAATACGAA	TRUE	TRUE
CATCCCATCGAATCCA_Case_922	439_CATCCCATCGAATCCA	TRUE	TRUE
CATCCCATCTCGTGAA_Case_922	439_CATCCCATCTCGTGAA	TRUE	TRUE
CATCCGTAGCACACAG_Case_922	439_CATCCGTAGCACACAG	TRUE	TRUE
CATCCGTAGGCCTAGA_Case_922	439_CATCCGTAGGCCTAGA	TRUE	TRUE
CATCCGTCACATATCG_Case_922	439_CATCCGTCACATATCG	TRUE	TRUE
CATCCGTGTATCGAAA_Case_922	439_CATCCGTGTATCGAAA	TRUE	TRUE
CATCCGTTCCACCCTA_Case_922	439_CATCCGTTCCACCCTA	TRUE	TRUE
CATCGCTAGACCTTTG_Case_922	439_CATCGCTAGACCTTTG	TRUE	TRUE
CATCGCTAGACGACGT_Case_922	439_CATCGCTAGACGACGT	TRUE	TRUE
CATCGCTTCCCTTGGT_Case_922	439_CATCGCTTCCCTTGGT	TRUE	TRUE
CATCGCTTCTGCGAGC_Case_922	439_CATCGCTTCTGCGAGC	TRUE	TRUE
CATCGGGGTCAACCTA_Case_922	439_CATCGGGGTCAACCTA	TRUE	TRUE
CATCGGGTCTAGATCG_Case_922	439_CATCGGGTCTAGATCG	TRUE	TRUE
CATCGTCCAACCGATT_Case_922	439_CATCGTCCAACCGATT	TRUE	TRUE
CATCGTCCATTGCCGG_Case_922	439_CATCGTCCATTGCCGG	TRUE	TRUE
CATCGTCGTAACTGCT_Case_922	439_CATCGTCGTAACTGCT	TRUE	TRUE
CATCGTCGTACTAAGA_Case_922	439_CATCGTCGTACTAAGA	TRUE	TRUE
CATCGTCTCGGTCGAC_Case_922	439_CATCGTCTCGGTCGAC	TRUE	TRUE
CATGAGTCATCCTCAC_Case_922	439_CATGAGTCATCCTCAC	TRUE	TRUE
CATGAGTGTAACTTCG_Case_922	439_CATGAGTGTAACTTCG	TRUE	TRUE
CATGAGTTCAGATGCT_Case_922	439_CATGAGTTCAGATGCT	TRUE	TRUE
CATGAGTTCGACCTAA_Case_922	439_CATGAGTTCGACCTAA	TRUE	TRUE
CATGAGTTCGAGAACG_Case_922	439_CATGAGTTCGAGAACG	TRUE	TRUE
CATGAGTTCGTCCTTG_Case_922	439_CATGAGTTCGTCCTTG	TRUE	TRUE
CATGCAAAGGCCCAAA_Case_922	439_CATGCAAAGGCCCAAA	TRUE	TRUE
CATGCAACAACTCGAT_Case_922	439_CATGCAACAACTCGAT	TRUE	TRUE
CATGCAAGTTCTTGTT_Case_922	439_CATGCAAGTTCTTGTT	TRUE	TRUE
CATGCCTCAGTAGTTC_Case_922	439_CATGCCTCAGTAGTTC	TRUE	TRUE
CATGCCTGTACATACC_Case_922	439_CATGCCTGTACATACC	TRUE	TRUE
CATGCCTTCTCAATCT_Case_922	439_CATGCCTTCTCAATCT	TRUE	TRUE
CATGCGGGTAACACGG_Case_922	439_CATGCGGGTAACACGG	TRUE	TRUE
CATGCGGGTCCTCCAT_Case_922	439_CATGCGGGTCCTCCAT	TRUE	TRUE
CATGCGGGTCTACACA_Case_922	439_CATGCGGGTCTACACA	TRUE	TRUE
CATGCGGTCATGGCCG_Case_922	439_CATGCGGTCATGGCCG	TRUE	TRUE
CATGCGGTCCGTAGGC_Case_922	439_CATGCGGTCCGTAGGC	TRUE	TRUE
CATGCTCAGATTAGCA_Case_922	439_CATGCTCAGATTAGCA	TRUE	TRUE
CATGGATCACATATCG_Case_922	439_CATGGATCACATATCG	TRUE	TRUE
CATGGATCATAATCCG_Case_922	439_CATGGATCATAATCCG	TRUE	TRUE
CATGGATTCGGCTCTT_Case_922	439_CATGGATTCGGCTCTT	TRUE	TRUE
CATGGATTCTACACAG_Case_922	439_CATGGATTCTACACAG	TRUE	TRUE
CATGGATTCTTCACGC_Case_922	439_CATGGATTCTTCACGC	TRUE	TRUE
CATGGTAAGGGATCTG_Case_922	439_CATGGTAAGGGATCTG	TRUE	TRUE
CATGGTAAGTGTTCCA_Case_922	439_CATGGTAAGTGTTCCA	TRUE	TRUE
CATGGTACACCCTTAC_Case_922	439_CATGGTACACCCTTAC	TRUE	TRUE
CATGGTACAGTCGGTC_Case_922	439_CATGGTACAGTCGGTC	TRUE	TRUE
CATGGTACATGTTACG_Case_922	439_CATGGTACATGTTACG	TRUE	TRUE
CATGGTAGTACAGAAT_Case_922	439_CATGGTAGTACAGAAT	TRUE	TRUE
CATTCATAGCTGACAG_Case_922	439_CATTCATAGCTGACAG	TRUE	TRUE
CATTCATCAGCTACTA_Case_922	439_CATTCATCAGCTACTA	TRUE	TRUE
CATTCATGTGAGACGT_Case_922	439_CATTCATGTGAGACGT	TRUE	TRUE
CATTCATTCCTAGCGG_Case_922	439_CATTCATTCCTAGCGG	TRUE	TRUE
CATTCCGAGAAGGCTC_Case_922	439_CATTCCGAGAAGGCTC	TRUE	TRUE
CATTCCGGTGAACTAA_Case_922	439_CATTCCGGTGAACTAA	TRUE	TRUE
CATTCTAAGGGTACGT_Case_922	439_CATTCTAAGGGTACGT	TRUE	TRUE
CATTCTACAAGATTGA_Case_922	439_CATTCTACAAGATTGA	TRUE	TRUE
CATTCTATCAGACCGC_Case_922	439_CATTCTATCAGACCGC	TRUE	TRUE
CATTGAGAGCGCATCC_Case_922	439_CATTGAGAGCGCATCC	TRUE	TRUE
CATTGAGTCCTGTAGA_Case_922	439_CATTGAGTCCTGTAGA	TRUE	TRUE
CATTGCCAGTGCGTCC_Case_922	439_CATTGCCAGTGCGTCC	TRUE	TRUE
CATTGCCCAGTCTCTC_Case_922	439_CATTGCCCAGTCTCTC	TRUE	TRUE
CATTGCCGTACGACAG_Case_922	439_CATTGCCGTACGACAG	TRUE	TRUE
CATTGCCGTTTCGCTC_Case_922	439_CATTGCCGTTTCGCTC	TRUE	TRUE
CATTGCCTCCCTCTCC_Case_922	439_CATTGCCTCCCTCTCC	TRUE	TRUE
CATTGTTAGTTGAAAC_Case_922	439_CATTGTTAGTTGAAAC	TRUE	TRUE
CATTGTTCAGTAACAA_Case_922	439_CATTGTTCAGTAACAA	TRUE	TRUE
CATTGTTGTCACCGCA_Case_922	439_CATTGTTGTCACCGCA	TRUE	TRUE
CATTGTTGTTCCGGTG_Case_922	439_CATTGTTGTTCCGGTG	TRUE	TRUE
CATTGTTTCCGTAGGC_Case_922	439_CATTGTTTCCGTAGGC	TRUE	TRUE
CATTGTTTCGAGTGAG_Case_922	439_CATTGTTTCGAGTGAG	TRUE	TRUE
CATTGTTTCGGCCAAC_Case_922	439_CATTGTTTCGGCCAAC	TRUE	TRUE
CATTTCAAGTAACGTA_Case_922	439_CATTTCAAGTAACGTA	TRUE	TRUE
CATTTCATCGCGGACT_Case_922	439_CATTTCATCGCGGACT	TRUE	TRUE
CCAAGCGCAATGCTCA_Case_922	439_CCAAGCGCAATGCTCA	TRUE	TRUE
CCAAGCGTCATAGACC_Case_922	439_CCAAGCGTCATAGACC	TRUE	TRUE
CCAAGCGTCCAGCCTT_Case_922	439_CCAAGCGTCCAGCCTT	TRUE	TRUE
CCAATGAAGGCATCGA_Case_922	439_CCAATGAAGGCATCGA	TRUE	TRUE
CCAATGAAGTTGCTGT_Case_922	439_CCAATGAAGTTGCTGT	TRUE	TRUE
CCAATGAGTCTTAGTG_Case_922	439_CCAATGAGTCTTAGTG	TRUE	TRUE
CCAATGAGTGCGGATA_Case_922	439_CCAATGAGTGCGGATA	TRUE	TRUE
CCAATGAGTGTCTTAG_Case_922	439_CCAATGAGTGTCTTAG	TRUE	TRUE
CCAATTTAGAATTTGG_Case_922	439_CCAATTTAGAATTTGG	TRUE	TRUE
CCAATTTCATCATTGG_Case_922	439_CCAATTTCATCATTGG	TRUE	TRUE
CCAATTTGTTCACGAT_Case_922	439_CCAATTTGTTCACGAT	TRUE	TRUE
CCAATTTTCCATCTCG_Case_922	439_CCAATTTTCCATCTCG	TRUE	TRUE
CCAATTTTCGTGCACG_Case_922	439_CCAATTTTCGTGCACG	TRUE	TRUE
CCACAAAAGCTAATCC_Case_922	439_CCACAAAAGCTAATCC	TRUE	TRUE
CCACAAAAGTTTGAGA_Case_922	439_CCACAAAAGTTTGAGA	TRUE	TRUE
CCACAAACAAGTGGAC_Case_922	439_CCACAAACAAGTGGAC	TRUE	TRUE
CCACAAACAATGGGTG_Case_922	439_CCACAAACAATGGGTG	TRUE	TRUE
CCACACTAGCATAGGC_Case_922	439_CCACACTAGCATAGGC	TRUE	TRUE
CCACACTAGGATACCG_Case_922	439_CCACACTAGGATACCG	TRUE	TRUE
CCACACTAGTCGAAAT_Case_922	439_CCACACTAGTCGAAAT	TRUE	TRUE
CCACACTCAATCTCGA_Case_922	439_CCACACTCAATCTCGA	TRUE	TRUE
CCACACTGTACAGAGC_Case_922	439_CCACACTGTACAGAGC	TRUE	TRUE
CCACACTGTTAGGCTT_Case_922	439_CCACACTGTTAGGCTT	TRUE	TRUE
CCACACTGTTATGTGC_Case_922	439_CCACACTGTTATGTGC	TRUE	TRUE
CCACACTTCTATCGTT_Case_922	439_CCACACTTCTATCGTT	TRUE	TRUE
CCACCATGTCGGCCTA_Case_922	439_CCACCATGTCGGCCTA	TRUE	TRUE
CCACCATGTGGAATGC_Case_922	439_CCACCATGTGGAATGC	TRUE	TRUE
CCACCATGTTTCACAG_Case_922	439_CCACCATGTTTCACAG	TRUE	TRUE
CCACCATTCGGCTCTT_Case_922	439_CCACCATTCGGCTCTT	TRUE	TRUE
CCACCATTCTCGCAGG_Case_922	439_CCACCATTCTCGCAGG	TRUE	TRUE
CCACCATTCTGTAAGC_Case_922	439_CCACCATTCTGTAAGC	TRUE	TRUE
CCACGAGCACGCAAAG_Case_922	439_CCACGAGCACGCAAAG	TRUE	TRUE
CCACGTTAGCTGAGTG_Case_922	439_CCACGTTAGCTGAGTG	TRUE	TRUE
CCACGTTCAACACGAG_Case_922	439_CCACGTTCAACACGAG	TRUE	TRUE
CCACGTTTCTGCGGGT_Case_922	439_CCACGTTTCTGCGGGT	TRUE	TRUE
CCACTTGAGCATCCCG_Case_922	439_CCACTTGAGCATCCCG	TRUE	TRUE
CCACTTGCATAGGTTC_Case_922	439_CCACTTGCATAGGTTC	TRUE	TRUE
CCACTTGTCCCTTTGG_Case_922	439_CCACTTGTCCCTTTGG	TRUE	TRUE
CCATAAGAGTATTCCG_Case_922	439_CCATAAGAGTATTCCG	TRUE	TRUE
CCATCACAGAAACTGT_Case_922	439_CCATCACAGAAACTGT	TRUE	TRUE
CCATCACAGGAGTACC_Case_922	439_CCATCACAGGAGTACC	TRUE	TRUE
CCATCACCAACCGCTG_Case_922	439_CCATCACCAACCGCTG	TRUE	TRUE
CCATCACCATTCAGCA_Case_922	439_CCATCACCATTCAGCA	TRUE	TRUE
CCATCACTCGTGGACC_Case_922	439_CCATCACTCGTGGACC	TRUE	TRUE
CCATCACTCTACTATC_Case_922	439_CCATCACTCTACTATC	TRUE	TRUE
CCATCACTCTCGCGTT_Case_922	439_CCATCACTCTCGCGTT	TRUE	TRUE
CCCAACTGTGGCCCAT_Case_922	439_CCCAACTGTGGCCCAT	TRUE	TRUE
CCCAACTGTGGTCTGC_Case_922	439_CCCAACTGTGGTCTGC	TRUE	TRUE
CCCAACTTCCGTGGCA_Case_922	439_CCCAACTTCCGTGGCA	TRUE	TRUE
CCCAACTTCGCTGACG_Case_922	439_CCCAACTTCGCTGACG	TRUE	TRUE
CCCATTGCACATTCTT_Case_922	439_CCCATTGCACATTCTT	TRUE	TRUE
CCCATTGTCTCTGGTC_Case_922	439_CCCATTGTCTCTGGTC	TRUE	TRUE
CCCGGAAAGTCATGGG_Case_922	439_CCCGGAAAGTCATGGG	TRUE	TRUE
CCCGGAAGTTCTATCT_Case_922	439_CCCGGAAGTTCTATCT	TRUE	TRUE
CCCGGAATCATTGTTC_Case_922	439_CCCGGAATCATTGTTC	TRUE	TRUE
CCCGGAATCGTGTTCC_Case_922	439_CCCGGAATCGTGTTCC	TRUE	TRUE
CCCTAACCACATATCG_Case_922	439_CCCTAACCACATATCG	TRUE	TRUE
CCCTAACCACATTGTG_Case_922	439_CCCTAACCACATTGTG	TRUE	TRUE
CCCTAACCACCAACAT_Case_922	439_CCCTAACCACCAACAT	TRUE	TRUE
CCCTCAAAGACGAGCT_Case_922	439_CCCTCAAAGACGAGCT	TRUE	TRUE
CCCTCAAAGATAGGGA_Case_922	439_CCCTCAAAGATAGGGA	TRUE	TRUE
CCCTCAAAGTCAGGGT_Case_922	439_CCCTCAAAGTCAGGGT	TRUE	TRUE
CCCTCAAGTGACCGTC_Case_922	439_CCCTCAAGTGACCGTC	TRUE	TRUE
CCCTCAATCATTGTTC_Case_922	439_CCCTCAATCATTGTTC	TRUE	TRUE
CCCTCTCCAGCTGTGC_Case_922	439_CCCTCTCCAGCTGTGC	TRUE	TRUE
CCCTCTCCATGGGTCC_Case_922	439_CCCTCTCCATGGGTCC	TRUE	TRUE
CCCTCTCTCAGGAAAT_Case_922	439_CCCTCTCTCAGGAAAT	TRUE	TRUE
CCCTCTCTCTACTGCC_Case_922	439_CCCTCTCTCTACTGCC	TRUE	TRUE
CCCTGATAGGCGTTAG_Case_922	439_CCCTGATAGGCGTTAG	TRUE	TRUE
CCCTGATGTTGCACGC_Case_922	439_CCCTGATGTTGCACGC	TRUE	TRUE
CCCTGATGTTGTGTAC_Case_922	439_CCCTGATGTTGTGTAC	TRUE	TRUE
CCCTGATTCTAACACG_Case_922	439_CCCTGATTCTAACACG	TRUE	TRUE
CCCTTAGAGCGTGAAC_Case_922	439_CCCTTAGAGCGTGAAC	TRUE	TRUE
CCCTTAGGTAATACCC_Case_922	439_CCCTTAGGTAATACCC	TRUE	TRUE
CCCTTAGGTCAAAGTA_Case_922	439_CCCTTAGGTCAAAGTA	TRUE	TRUE
CCCTTAGTCACTTGTT_Case_922	439_CCCTTAGTCACTTGTT	TRUE	TRUE
CCGAACGAGCTTTGTG_Case_922	439_CCGAACGAGCTTTGTG	TRUE	TRUE
CCGAACGGTGTCCGTG_Case_922	439_CCGAACGGTGTCCGTG	TRUE	TRUE
CCGAACGTCAAGAATG_Case_922	439_CCGAACGTCAAGAATG	TRUE	TRUE
CCGATCTAGCTTGTTG_Case_922	439_CCGATCTAGCTTGTTG	TRUE	TRUE
CCGATCTAGTACTGGG_Case_922	439_CCGATCTAGTACTGGG	TRUE	TRUE
CCGATCTGTGTTACAC_Case_922	439_CCGATCTGTGTTACAC	TRUE	TRUE
CCGATCTTCATGAAAG_Case_922	439_CCGATCTTCATGAAAG	TRUE	TRUE
CCGATGGAGCGTCTCG_Case_922	439_CCGATGGAGCGTCTCG	TRUE	TRUE
CCGATGGAGGGCAATC_Case_922	439_CCGATGGAGGGCAATC	TRUE	TRUE
CCGATGGTCCGAGTGC_Case_922	439_CCGATGGTCCGAGTGC	TRUE	TRUE
CCGATGGTCTTCCGTG_Case_922	439_CCGATGGTCTTCCGTG	TRUE	TRUE
CCGCAAGTCCTGTAAG_Case_922	439_CCGCAAGTCCTGTAAG	TRUE	TRUE
CCGGACAGTTCAGCTA_Case_922	439_CCGGACAGTTCAGCTA	TRUE	TRUE
CCGGACATCACTGCTC_Case_922	439_CCGGACATCACTGCTC	TRUE	TRUE
CCGGGTAAGCGAGTCA_Case_922	439_CCGGGTAAGCGAGTCA	TRUE	TRUE
CCGGGTACAGTGTATC_Case_922	439_CCGGGTACAGTGTATC	TRUE	TRUE
CCGGGTATCTGTAAGC_Case_922	439_CCGGGTATCTGTAAGC	TRUE	TRUE
CCGGTAGCAGTAACGG_Case_922	439_CCGGTAGCAGTAACGG	TRUE	TRUE
CCGGTGAAGACTAAGT_Case_922	439_CCGGTGAAGACTAAGT	TRUE	TRUE
CCGGTGAAGCAATTCC_Case_922	439_CCGGTGAAGCAATTCC	TRUE	TRUE
CCGGTGAAGGCCTGAA_Case_922	439_CCGGTGAAGGCCTGAA	TRUE	TRUE
CCGGTGACAGAGACTG_Case_922	439_CCGGTGACAGAGACTG	TRUE	TRUE
CCGGTGACATACACCA_Case_922	439_CCGGTGACATACACCA	TRUE	TRUE
CCGGTGACATGAAGCG_Case_922	439_CCGGTGACATGAAGCG	TRUE	TRUE
CCGGTGAGTACTGCGC_Case_922	439_CCGGTGAGTACTGCGC	TRUE	TRUE
CCGGTGAGTAGGAGTC_Case_922	439_CCGGTGAGTAGGAGTC	TRUE	TRUE
CCGGTGAGTTGGCCGT_Case_922	439_CCGGTGAGTTGGCCGT	TRUE	TRUE
CCGTAGGAGCCTGACC_Case_922	439_CCGTAGGAGCCTGACC	TRUE	TRUE
CCGTAGGCAACGATCT_Case_922	439_CCGTAGGCAACGATCT	TRUE	TRUE
CCGTAGGTCTCACGAA_Case_922	439_CCGTAGGTCTCACGAA	TRUE	TRUE
CCGTGAGAGCCATTTG_Case_922	439_CCGTGAGAGCCATTTG	TRUE	TRUE
CCGTGAGAGTATCTGC_Case_922	439_CCGTGAGAGTATCTGC	TRUE	TRUE
CCGTGAGGTATTGCCA_Case_922	439_CCGTGAGGTATTGCCA	TRUE	TRUE
CCGTGAGGTCTTCATT_Case_922	439_CCGTGAGGTCTTCATT	TRUE	TRUE
CCGTGAGTCATTGCCC_Case_922	439_CCGTGAGTCATTGCCC	TRUE	TRUE
CCGTTCAAGGGATGTC_Case_922	439_CCGTTCAAGGGATGTC	TRUE	TRUE
CCGTTCACATGGGATG_Case_922	439_CCGTTCACATGGGATG	TRUE	TRUE
CCGTTCATCCTACGGG_Case_922	439_CCGTTCATCCTACGGG	TRUE	TRUE
CCTAACCTCCGATTAG_Case_922	439_CCTAACCTCCGATTAG	TRUE	TRUE
CCTAAGAAGAAGTCAT_Case_922	439_CCTAAGAAGAAGTCAT	TRUE	TRUE
CCTAAGACACCGTACG_Case_922	439_CCTAAGACACCGTACG	TRUE	TRUE
CCTAAGACAGGCCCTA_Case_922	439_CCTAAGACAGGCCCTA	TRUE	TRUE
CCTAAGACATGTTCGA_Case_922	439_CCTAAGACATGTTCGA	TRUE	TRUE
CCTAAGAGTGAGGATC_Case_922	439_CCTAAGAGTGAGGATC	TRUE	TRUE
CCTAAGATCAACACCA_Case_922	439_CCTAAGATCAACACCA	TRUE	TRUE
CCTAAGATCGGCGATC_Case_922	439_CCTAAGATCGGCGATC	TRUE	TRUE
CCTAAGATCTAGTACG_Case_922	439_CCTAAGATCTAGTACG	TRUE	TRUE
CCTAAGATCTGGCCTT_Case_922	439_CCTAAGATCTGGCCTT	TRUE	TRUE
CCTACGTCAGTTACCA_Case_922	439_CCTACGTCAGTTACCA	TRUE	TRUE
CCTACGTTCATAGGCT_Case_922	439_CCTACGTTCATAGGCT	TRUE	TRUE
CCTACGTTCCCTCAAC_Case_922	439_CCTACGTTCCCTCAAC	TRUE	TRUE
CCTACGTTCGGAGATG_Case_922	439_CCTACGTTCGGAGATG	TRUE	TRUE
CCTATCGAGAAATTCG_Case_922	439_CCTATCGAGAAATTCG	TRUE	TRUE
CCTATCGAGGCTAACG_Case_922	439_CCTATCGAGGCTAACG	TRUE	TRUE
CCTATCGAGGTCATCT_Case_922	439_CCTATCGAGGTCATCT	TRUE	TRUE
CCTATCGCAACTCCCT_Case_922	439_CCTATCGCAACTCCCT	TRUE	TRUE
CCTATCGTCTCCAATT_Case_922	439_CCTATCGTCTCCAATT	TRUE	TRUE
CCTATCGTCTCCGATC_Case_922	439_CCTATCGTCTCCGATC	TRUE	TRUE
CCTATCGTCTGGCCAG_Case_922	439_CCTATCGTCTGGCCAG	TRUE	TRUE
CCTCAACAGGAAGTGA_Case_922	439_CCTCAACAGGAAGTGA	TRUE	TRUE
CCTCAACAGGATTCAA_Case_922	439_CCTCAACAGGATTCAA	TRUE	TRUE
CCTCAACCATAACAGA_Case_922	439_CCTCAACCATAACAGA	TRUE	TRUE
CCTCACAAGCCTGGAA_Case_922	439_CCTCACAAGCCTGGAA	TRUE	TRUE
CCTCACACAAAGAACT_Case_922	439_CCTCACACAAAGAACT	TRUE	TRUE
CCTCACACAAGGGCAT_Case_922	439_CCTCACACAAGGGCAT	TRUE	TRUE
CCTCACACAGGAATAT_Case_922	439_CCTCACACAGGAATAT	TRUE	TRUE
CCTCAGTAGCACGATG_Case_922	439_CCTCAGTAGCACGATG	TRUE	TRUE
CCTCAGTAGTCGGGAT_Case_922	439_CCTCAGTAGTCGGGAT	TRUE	TRUE
CCTCAGTAGTGGAATT_Case_922	439_CCTCAGTAGTGGAATT	TRUE	TRUE
CCTCAGTCAGGCATTT_Case_922	439_CCTCAGTCAGGCATTT	TRUE	TRUE
CCTCAGTGTGACAGCA_Case_922	439_CCTCAGTGTGACAGCA	TRUE	TRUE
CCTCATGAGACGCTCC_Case_922	439_CCTCATGAGACGCTCC	TRUE	TRUE
CCTCATGGTACGGTTT_Case_922	439_CCTCATGGTACGGTTT	TRUE	TRUE
CCTCATGTCCTCGCAT_Case_922	439_CCTCATGTCCTCGCAT	TRUE	TRUE
CCTCATGTCGCTAATG_Case_922	439_CCTCATGTCGCTAATG	TRUE	TRUE
CCTCCAAAGCCTCAAT_Case_922	439_CCTCCAAAGCCTCAAT	TRUE	TRUE
CCTCCAAAGGCCTAAG_Case_922	439_CCTCCAAAGGCCTAAG	TRUE	TRUE
CCTCCAACAACTGTGT_Case_922	439_CCTCCAACAACTGTGT	TRUE	TRUE
CCTCCAACACTCCGGA_Case_922	439_CCTCCAACACTCCGGA	TRUE	TRUE
CCTCCAAGTGGATCGA_Case_922	439_CCTCCAAGTGGATCGA	TRUE	TRUE
CCTCCAAGTTTATGCG_Case_922	439_CCTCCAAGTTTATGCG	TRUE	TRUE
CCTCTAGAGATGTAGT_Case_922	439_CCTCTAGAGATGTAGT	TRUE	TRUE
CCTCTAGAGGATTCAA_Case_922	439_CCTCTAGAGGATTCAA	TRUE	TRUE
CCTCTAGCAAATCAAG_Case_922	439_CCTCTAGCAAATCAAG	TRUE	TRUE
CCTCTAGCACCAGCTG_Case_922	439_CCTCTAGCACCAGCTG	TRUE	TRUE
CCTCTAGCATCAGTCA_Case_922	439_CCTCTAGCATCAGTCA	TRUE	TRUE
CCTCTAGGTCACTACA_Case_922	439_CCTCTAGGTCACTACA	TRUE	TRUE
CCTCTAGGTTCCCAAA_Case_922	439_CCTCTAGGTTCCCAAA	TRUE	TRUE
CCTCTAGGTTTGTGGT_Case_922	439_CCTCTAGGTTTGTGGT	TRUE	TRUE
CCTCTAGTCCGTGGGT_Case_922	439_CCTCTAGTCCGTGGGT	TRUE	TRUE
CCTCTCCGTACAAACA_Case_922	439_CCTCTCCGTACAAACA	TRUE	TRUE
CCTCTCCTCATTTCGT_Case_922	439_CCTCTCCTCATTTCGT	TRUE	TRUE
CCTCTCCTCGTGCTCT_Case_922	439_CCTCTCCTCGTGCTCT	TRUE	TRUE
CCTCTCCTCTGCGATA_Case_922	439_CCTCTCCTCTGCGATA	TRUE	TRUE
CCTGCATAGCCTCCAG_Case_922	439_CCTGCATAGCCTCCAG	TRUE	TRUE
CCTGCATGTTATTCCT_Case_922	439_CCTGCATGTTATTCCT	TRUE	TRUE
CCTGCATTCCTACACC_Case_922	439_CCTGCATTCCTACACC	TRUE	TRUE
CCTGTTGAGACATACA_Case_922	439_CCTGTTGAGACATACA	TRUE	TRUE
CCTGTTGCAGCTTCCT_Case_922	439_CCTGTTGCAGCTTCCT	TRUE	TRUE
CCTGTTGGTATATGGA_Case_922	439_CCTGTTGGTATATGGA	TRUE	TRUE
CCTGTTGGTATGATCC_Case_922	439_CCTGTTGGTATGATCC	TRUE	TRUE
CCTTCAGCACAAGCTT_Case_922	439_CCTTCAGCACAAGCTT	TRUE	TRUE
CCTTCAGCATATCGGT_Case_922	439_CCTTCAGCATATCGGT	TRUE	TRUE
CCTTCAGGTCAGATTC_Case_922	439_CCTTCAGGTCAGATTC	TRUE	TRUE
CCTTCAGTCATTCGTT_Case_922	439_CCTTCAGTCATTCGTT	TRUE	TRUE
CCTTCAGTCTTGAGCA_Case_922	439_CCTTCAGTCTTGAGCA	TRUE	TRUE
CCTTGTGCAACACACT_Case_922	439_CCTTGTGCAACACACT	TRUE	TRUE
CCTTGTGGTAACTGCT_Case_922	439_CCTTGTGGTAACTGCT	TRUE	TRUE
CCTTGTGGTCTGTCAA_Case_922	439_CCTTGTGGTCTGTCAA	TRUE	TRUE
CCTTGTGTCAGTGCGC_Case_922	439_CCTTGTGTCAGTGCGC	TRUE	TRUE
CCTTTGGAGGCCTTCG_Case_922	439_CCTTTGGAGGCCTTCG	TRUE	TRUE
CCTTTGGAGGGCTAAC_Case_922	439_CCTTTGGAGGGCTAAC	TRUE	TRUE
CCTTTGGGTCGGTACC_Case_922	439_CCTTTGGGTCGGTACC	TRUE	TRUE
CCTTTGGGTCTCACGG_Case_922	439_CCTTTGGGTCTCACGG	TRUE	TRUE
CCTTTGGGTTTACCAG_Case_922	439_CCTTTGGGTTTACCAG	TRUE	TRUE
CCTTTGGGTTTACTTC_Case_922	439_CCTTTGGGTTTACTTC	TRUE	TRUE
CCTTTGGTCTGCTGAA_Case_922	439_CCTTTGGTCTGCTGAA	TRUE	TRUE
CGAAGGAAGAGATGCC_Case_922	439_CGAAGGAAGAGATGCC	TRUE	TRUE
CGAAGGAAGATCACCT_Case_922	439_CGAAGGAAGATCACCT	TRUE	TRUE
CGAAGGACAGGAGGAG_Case_922	439_CGAAGGACAGGAGGAG	TRUE	TRUE
CGAAGGAGTATGGAAT_Case_922	439_CGAAGGAGTATGGAAT	TRUE	TRUE
CGAAGGATCCATTTGT_Case_922	439_CGAAGGATCCATTTGT	TRUE	TRUE
CGAAGTTAGCTCACTA_Case_922	439_CGAAGTTAGCTCACTA	TRUE	TRUE
CGAAGTTCAACATACC_Case_922	439_CGAAGTTCAACATACC	TRUE	TRUE
CGAAGTTGTCCACTTC_Case_922	439_CGAAGTTGTCCACTTC	TRUE	TRUE
CGAAGTTGTTGCAACT_Case_922	439_CGAAGTTGTTGCAACT	TRUE	TRUE
CGAAGTTTCCTTGGAA_Case_922	439_CGAAGTTTCCTTGGAA	TRUE	TRUE
CGAATTGGTTCTCACC_Case_922	439_CGAATTGGTTCTCACC	TRUE	TRUE
CGAATTGTCTTACTGT_Case_922	439_CGAATTGTCTTACTGT	TRUE	TRUE
CGACAGCCAATTTCCT_Case_922	439_CGACAGCCAATTTCCT	TRUE	TRUE
CGACAGCTCAATCTCT_Case_922	439_CGACAGCTCAATCTCT	TRUE	TRUE
CGAGGAAAGCATTGTC_Case_922	439_CGAGGAAAGCATTGTC	TRUE	TRUE
CGAGGAATCACGATAC_Case_922	439_CGAGGAATCACGATAC	TRUE	TRUE
CGAGGCTAGAAACTGT_Case_922	439_CGAGGCTAGAAACTGT	TRUE	TRUE
CGAGGCTCACAGACGA_Case_922	439_CGAGGCTCACAGACGA	TRUE	TRUE
CGAGGCTCAGTTCACA_Case_922	439_CGAGGCTCAGTTCACA	TRUE	TRUE
CGAGGCTTCCCAGGCA_Case_922	439_CGAGGCTTCCCAGGCA	TRUE	TRUE
CGAGGCTTCGTGGCGT_Case_922	439_CGAGGCTTCGTGGCGT	TRUE	TRUE
CGAGTGCAGAGATTCA_Case_922	439_CGAGTGCAGAGATTCA	TRUE	TRUE
CGAGTGCAGTGATTCC_Case_922	439_CGAGTGCAGTGATTCC	TRUE	TRUE
CGAGTGCCACTTGTCC_Case_922	439_CGAGTGCCACTTGTCC	TRUE	TRUE
CGAGTGCGTTCCAAAC_Case_922	439_CGAGTGCGTTCCAAAC	TRUE	TRUE
CGAGTGCTCATTTACC_Case_922	439_CGAGTGCTCATTTACC	TRUE	TRUE
CGAGTTAAGAAGCGGG_Case_922	439_CGAGTTAAGAAGCGGG	TRUE	TRUE
CGAGTTAAGATGAATC_Case_922	439_CGAGTTAAGATGAATC	TRUE	TRUE
CGAGTTAGTAATGCTC_Case_922	439_CGAGTTAGTAATGCTC	TRUE	TRUE
CGAGTTAGTACACGTT_Case_922	439_CGAGTTAGTACACGTT	TRUE	TRUE
CGATCGGAGGAGATAG_Case_922	439_CGATCGGAGGAGATAG	TRUE	TRUE
CGATCGGAGTATGTAG_Case_922	439_CGATCGGAGTATGTAG	TRUE	TRUE
CGATCGGAGTGCTACT_Case_922	439_CGATCGGAGTGCTACT	TRUE	TRUE
CGATCGGGTTTCTATC_Case_922	439_CGATCGGGTTTCTATC	TRUE	TRUE
CGATCGGTCACGATAC_Case_922	439_CGATCGGTCACGATAC	TRUE	TRUE
CGATGCGAGGTTCTAC_Case_922	439_CGATGCGAGGTTCTAC	TRUE	TRUE
CGATGCGCAGTCAGTT_Case_922	439_CGATGCGCAGTCAGTT	TRUE	TRUE
CGATGCGGTGCAATGG_Case_922	439_CGATGCGGTGCAATGG	TRUE	TRUE
CGATGCGGTTACGGAG_Case_922	439_CGATGCGGTTACGGAG	TRUE	TRUE
CGATGCGTCTTGCGCT_Case_922	439_CGATGCGTCTTGCGCT	TRUE	TRUE
CGATGGCGTACAAGCG_Case_922	439_CGATGGCGTACAAGCG	TRUE	TRUE
CGATGGCGTATCAGGG_Case_922	439_CGATGGCGTATCAGGG	TRUE	TRUE
CGATGGCGTCTTTCAT_Case_922	439_CGATGGCGTCTTTCAT	TRUE	TRUE
CGCAGGTTCCGGCTTT_Case_922	439_CGCAGGTTCCGGCTTT	TRUE	TRUE
CGCAGGTTCTGACGCG_Case_922	439_CGCAGGTTCTGACGCG	TRUE	TRUE
CGCATAAAGACTCTAC_Case_922	439_CGCATAAAGACTCTAC	TRUE	TRUE
CGCATAATCGAATGCT_Case_922	439_CGCATAATCGAATGCT	TRUE	TRUE
CGCATAATCGTGCTCT_Case_922	439_CGCATAATCGTGCTCT	TRUE	TRUE
CGCATAATCTCATAGG_Case_922	439_CGCATAATCTCATAGG	TRUE	TRUE
CGCATGGAGTCATGCT_Case_922	439_CGCATGGAGTCATGCT	TRUE	TRUE
CGCATGGAGTGAGTTA_Case_922	439_CGCATGGAGTGAGTTA	TRUE	TRUE
CGCCAGAAGTGATAAC_Case_922	439_CGCCAGAAGTGATAAC	TRUE	TRUE
CGCCATTCATAGCACT_Case_922	439_CGCCATTCATAGCACT	TRUE	TRUE
CGCCATTGTGGTTTAC_Case_922	439_CGCCATTGTGGTTTAC	TRUE	TRUE
CGCCATTGTTTAAGGA_Case_922	439_CGCCATTGTTTAAGGA	TRUE	TRUE
CGCCATTTCCAGGACC_Case_922	439_CGCCATTTCCAGGACC	TRUE	TRUE
CGCGTGACAGCTGAAG_Case_922	439_CGCGTGACAGCTGAAG	TRUE	TRUE
CGCGTGAGTCCATAGT_Case_922	439_CGCGTGAGTCCATAGT	TRUE	TRUE
CGGAACCAGACTCAAA_Case_922	439_CGGAACCAGACTCAAA	TRUE	TRUE
CGGAACCAGATAGGGA_Case_922	439_CGGAACCAGATAGGGA	TRUE	TRUE
CGGAACCCAGACTCTA_Case_922	439_CGGAACCCAGACTCTA	TRUE	TRUE
CGGAACCTCTTTCCGG_Case_922	439_CGGAACCTCTTTCCGG	TRUE	TRUE
CGGAATTCACACCTTC_Case_922	439_CGGAATTCACACCTTC	TRUE	TRUE
CGGAATTCACCCATAA_Case_922	439_CGGAATTCACCCATAA	TRUE	TRUE
CGGAATTCAGATCCTA_Case_922	439_CGGAATTCAGATCCTA	TRUE	TRUE
CGGAATTGTGAGTTGG_Case_922	439_CGGAATTGTGAGTTGG	TRUE	TRUE
CGGAATTTCTGTAACG_Case_922	439_CGGAATTTCTGTAACG	TRUE	TRUE
CGGACACCATGCCGCA_Case_922	439_CGGACACCATGCCGCA	TRUE	TRUE
CGGACACGTCGATTTG_Case_922	439_CGGACACGTCGATTTG	TRUE	TRUE
CGGACACGTGTTCCAA_Case_922	439_CGGACACGTGTTCCAA	TRUE	TRUE
CGGACACTCCAGCTCT_Case_922	439_CGGACACTCCAGCTCT	TRUE	TRUE
CGGACACTCCGTTGGG_Case_922	439_CGGACACTCCGTTGGG	TRUE	TRUE
CGGAGAACAATACGCT_Case_922	439_CGGAGAACAATACGCT	TRUE	TRUE
CGGAGAACACACTTAG_Case_922	439_CGGAGAACACACTTAG	TRUE	TRUE
CGGAGAACATTGCTTT_Case_922	439_CGGAGAACATTGCTTT	TRUE	TRUE
CGGAGAATCATGGATC_Case_922	439_CGGAGAATCATGGATC	TRUE	TRUE
CGGCAGTAGCGATGGT_Case_922	439_CGGCAGTAGCGATGGT	TRUE	TRUE
CGGCAGTCACGAGGAT_Case_922	439_CGGCAGTCACGAGGAT	TRUE	TRUE
CGGCAGTGTTGTTTGG_Case_922	439_CGGCAGTGTTGTTTGG	TRUE	TRUE
CGGGACTCACGACCTG_Case_922	439_CGGGACTCACGACCTG	TRUE	TRUE
CGGGACTGTGGAGAAA_Case_922	439_CGGGACTGTGGAGAAA	TRUE	TRUE
CGGGACTTCCACGTAA_Case_922	439_CGGGACTTCCACGTAA	TRUE	TRUE
CGGGCATCAGAGTAAT_Case_922	439_CGGGCATCAGAGTAAT	TRUE	TRUE
CGGGCATCAGCTGTCG_Case_922	439_CGGGCATCAGCTGTCG	TRUE	TRUE
CGGGCATGTCGACTGC_Case_922	439_CGGGCATGTCGACTGC	TRUE	TRUE
CGGGCATGTGAGATTA_Case_922	439_CGGGCATGTGAGATTA	TRUE	TRUE
CGGGCATTCTCCCTAG_Case_922	439_CGGGCATTCTCCCTAG	TRUE	TRUE
CGGGTCACAGCGTGCT_Case_922	439_CGGGTCACAGCGTGCT	TRUE	TRUE
CGGGTCAGTATGGGAC_Case_922	439_CGGGTCAGTATGGGAC	TRUE	TRUE
CGGGTCAGTTGCAACT_Case_922	439_CGGGTCAGTTGCAACT	TRUE	TRUE
CGGGTCATCACGATCA_Case_922	439_CGGGTCATCACGATCA	TRUE	TRUE
CGGGTCATCAGCTCTC_Case_922	439_CGGGTCATCAGCTCTC	TRUE	TRUE
CGGGTGTAGACCAAGC_Case_922	439_CGGGTGTAGACCAAGC	TRUE	TRUE
CGGGTGTAGGCTAAAT_Case_922	439_CGGGTGTAGGCTAAAT	TRUE	TRUE
CGGGTGTCAAGATTGA_Case_922	439_CGGGTGTCAAGATTGA	TRUE	TRUE
CGGGTGTCATCCCGTT_Case_922	439_CGGGTGTCATCCCGTT	TRUE	TRUE
CGGGTGTTCACGGAGA_Case_922	439_CGGGTGTTCACGGAGA	TRUE	TRUE
CGGTCAGAGAAACACT_Case_922	439_CGGTCAGAGAAACACT	TRUE	TRUE
CGGTCAGAGGATACCG_Case_922	439_CGGTCAGAGGATACCG	TRUE	TRUE
CGGTCAGAGTATAACG_Case_922	439_CGGTCAGAGTATAACG	TRUE	TRUE
CGGTCAGGTCCTTAAG_Case_922	439_CGGTCAGGTCCTTAAG	TRUE	TRUE
CGGTCAGGTGATAGAT_Case_922	439_CGGTCAGGTGATAGAT	TRUE	TRUE
CGGTCAGTCAGCCTCT_Case_922	439_CGGTCAGTCAGCCTCT	TRUE	TRUE
CGTAAGTAGCATCCTA_Case_922	439_CGTAAGTAGCATCCTA	TRUE	TRUE
CGTAAGTAGCGGGTTA_Case_922	439_CGTAAGTAGCGGGTTA	TRUE	TRUE
CGTAAGTCAAGAGTTA_Case_922	439_CGTAAGTCAAGAGTTA	TRUE	TRUE
CGTAAGTCACGGAAGT_Case_922	439_CGTAAGTCACGGAAGT	TRUE	TRUE
CGTAAGTCAGACCAGA_Case_922	439_CGTAAGTCAGACCAGA	TRUE	TRUE
CGTAAGTCAGTTTCGA_Case_922	439_CGTAAGTCAGTTTCGA	TRUE	TRUE
CGTAAGTTCCATACTT_Case_922	439_CGTAAGTTCCATACTT	TRUE	TRUE
CGTAATGAGGATTCAA_Case_922	439_CGTAATGAGGATTCAA	TRUE	TRUE
CGTAATGCAAGGTCGA_Case_922	439_CGTAATGCAAGGTCGA	TRUE	TRUE
CGTAATGGTAGTGATA_Case_922	439_CGTAATGGTAGTGATA	TRUE	TRUE
CGTAATGGTCACTAGT_Case_922	439_CGTAATGGTCACTAGT	TRUE	TRUE
CGTAATGGTGACAGCA_Case_922	439_CGTAATGGTGACAGCA	TRUE	TRUE
CGTAATGTCAAGCCTA_Case_922	439_CGTAATGTCAAGCCTA	TRUE	TRUE
CGTAATGTCAAGTTGC_Case_922	439_CGTAATGTCAAGTTGC	TRUE	TRUE
CGTAATGTCATTCGGA_Case_922	439_CGTAATGTCATTCGGA	TRUE	TRUE
CGTAGTACAACACTAC_Case_922	439_CGTAGTACAACACTAC	TRUE	TRUE
CGTAGTACAAGAATGT_Case_922	439_CGTAGTACAAGAATGT	TRUE	TRUE
CGTAGTACACGTACAT_Case_922	439_CGTAGTACACGTACAT	TRUE	TRUE
CGTAGTACACTTCAAG_Case_922	439_CGTAGTACACTTCAAG	TRUE	TRUE
CGTAGTATCTCCTGAC_Case_922	439_CGTAGTATCTCCTGAC	TRUE	TRUE
CGTCAAAAGGTACCTT_Case_922	439_CGTCAAAAGGTACCTT	TRUE	TRUE
CGTCAAACACGCACCA_Case_922	439_CGTCAAACACGCACCA	TRUE	TRUE
CGTCAAAGTGAGACCA_Case_922	439_CGTCAAAGTGAGACCA	TRUE	TRUE
CGTCAAATCAATGTCG_Case_922	439_CGTCAAATCAATGTCG	TRUE	TRUE
CGTCAAATCGTTCCCA_Case_922	439_CGTCAAATCGTTCCCA	TRUE	TRUE
CGTCCATCACAGAGCA_Case_922	439_CGTCCATCACAGAGCA	TRUE	TRUE
CGTCCATGTATTTCCT_Case_922	439_CGTCCATGTATTTCCT	TRUE	TRUE
CGTCCATTCCATATGG_Case_922	439_CGTCCATTCCATATGG	TRUE	TRUE
CGTGAATAGAGTGTTA_Case_922	439_CGTGAATAGAGTGTTA	TRUE	TRUE
CGTGATAAGACGCTCC_Case_922	439_CGTGATAAGACGCTCC	TRUE	TRUE
CGTGATAAGTCGCGAA_Case_922	439_CGTGATAAGTCGCGAA	TRUE	TRUE
CGTGATAAGTCTAGAA_Case_922	439_CGTGATAAGTCTAGAA	TRUE	TRUE
CGTGATACACCTTCCA_Case_922	439_CGTGATACACCTTCCA	TRUE	TRUE
CGTGATACAGCAAGAC_Case_922	439_CGTGATACAGCAAGAC	TRUE	TRUE
CGTGATAGTTCGTTCC_Case_922	439_CGTGATAGTTCGTTCC	TRUE	TRUE
CGTGCTTAGCATACTC_Case_922	439_CGTGCTTAGCATACTC	TRUE	TRUE
CGTGCTTAGCGATGAC_Case_922	439_CGTGCTTAGCGATGAC	TRUE	TRUE
CGTGCTTAGTCGGCAA_Case_922	439_CGTGCTTAGTCGGCAA	TRUE	TRUE
CGTGTCTAGCTGTTAC_Case_922	439_CGTGTCTAGCTGTTAC	TRUE	TRUE
CGTGTCTAGGTCACAG_Case_922	439_CGTGTCTAGGTCACAG	TRUE	TRUE
CGTGTCTAGTACTCGT_Case_922	439_CGTGTCTAGTACTCGT	TRUE	TRUE
CGTGTCTCAAATTAGG_Case_922	439_CGTGTCTCAAATTAGG	TRUE	TRUE
CGTGTCTCACCGTCGA_Case_922	439_CGTGTCTCACCGTCGA	TRUE	TRUE
CGTGTCTCAGACACCC_Case_922	439_CGTGTCTCAGACACCC	TRUE	TRUE
CGTGTCTCAGCGGTTC_Case_922	439_CGTGTCTCAGCGGTTC	TRUE	TRUE
CGTGTCTGTCTCGGGT_Case_922	439_CGTGTCTGTCTCGGGT	TRUE	TRUE
CGTTAGAAGACATAAC_Case_922	439_CGTTAGAAGACATAAC	TRUE	TRUE
CGTTAGAAGGCATTTC_Case_922	439_CGTTAGAAGGCATTTC	TRUE	TRUE
CGTTAGAAGTTACGGG_Case_922	439_CGTTAGAAGTTACGGG	TRUE	TRUE
CGTTAGAGTGCAACGA_Case_922	439_CGTTAGAGTGCAACGA	TRUE	TRUE
CGTTAGAGTGCAATGG_Case_922	439_CGTTAGAGTGCAATGG	TRUE	TRUE
CGTTAGATCCTACACC_Case_922	439_CGTTAGATCCTACACC	TRUE	TRUE
CGTTAGATCGTGTGAT_Case_922	439_CGTTAGATCGTGTGAT	TRUE	TRUE
CGTTCTGAGGGCAGGA_Case_922	439_CGTTCTGAGGGCAGGA	TRUE	TRUE
CGTTCTGCAACGGTAG_Case_922	439_CGTTCTGCAACGGTAG	TRUE	TRUE
CGTTCTGCAATTCTCT_Case_922	439_CGTTCTGCAATTCTCT	TRUE	TRUE
CGTTCTGCAGGTGACA_Case_922	439_CGTTCTGCAGGTGACA	TRUE	TRUE
CGTTCTGCATGAGTAA_Case_922	439_CGTTCTGCATGAGTAA	TRUE	TRUE
CGTTGGGAGCTATCCA_Case_922	439_CGTTGGGAGCTATCCA	TRUE	TRUE
CGTTGGGCAATGACCT_Case_922	439_CGTTGGGCAATGACCT	TRUE	TRUE
CGTTGGGCACGTTCGG_Case_922	439_CGTTGGGCACGTTCGG	TRUE	TRUE
CGTTGGGTCGGTGCAC_Case_922	439_CGTTGGGTCGGTGCAC	TRUE	TRUE
CTAACCCAGAGGACTC_Case_922	439_CTAACCCAGAGGACTC	TRUE	TRUE
CTAACCCAGGTTACCT_Case_922	439_CTAACCCAGGTTACCT	TRUE	TRUE
CTAACCCCAGTCGCTG_Case_922	439_CTAACCCCAGTCGCTG	TRUE	TRUE
CTAACCCTCTATACGG_Case_922	439_CTAACCCTCTATACGG	TRUE	TRUE
CTAACTTAGGGAGTGG_Case_922	439_CTAACTTAGGGAGTGG	TRUE	TRUE
CTAACTTAGGTCGTGA_Case_922	439_CTAACTTAGGTCGTGA	TRUE	TRUE
CTAACTTCAACACTAC_Case_922	439_CTAACTTCAACACTAC	TRUE	TRUE
CTAACTTCATGCGGTC_Case_922	439_CTAACTTCATGCGGTC	TRUE	TRUE
CTAACTTGTATCGAAA_Case_922	439_CTAACTTGTATCGAAA	TRUE	TRUE
CTAACTTTCACGGTCG_Case_922	439_CTAACTTTCACGGTCG	TRUE	TRUE
CTAACTTTCGGTCAGC_Case_922	439_CTAACTTTCGGTCAGC	TRUE	TRUE
CTAACTTTCTGATTCT_Case_922	439_CTAACTTTCTGATTCT	TRUE	TRUE
CTAAGTGAGAGATCGC_Case_922	439_CTAAGTGAGAGATCGC	TRUE	TRUE
CTAAGTGAGTCGCCAC_Case_922	439_CTAAGTGAGTCGCCAC	TRUE	TRUE
CTACAGAAGCCAACCC_Case_922	439_CTACAGAAGCCAACCC	TRUE	TRUE
CTACAGAAGCTAGAAT_Case_922	439_CTACAGAAGCTAGAAT	TRUE	TRUE
CTACAGAAGGGACCAT_Case_922	439_CTACAGAAGGGACCAT	TRUE	TRUE
CTACAGATCCGGGACT_Case_922	439_CTACAGATCCGGGACT	TRUE	TRUE
CTACAGATCGGAAGGT_Case_922	439_CTACAGATCGGAAGGT	TRUE	TRUE
CTACAGATCTCAGAAC_Case_922	439_CTACAGATCTCAGAAC	TRUE	TRUE
CTACATTAGCGCATCC_Case_922	439_CTACATTAGCGCATCC	TRUE	TRUE
CTACATTAGCTTCGTA_Case_922	439_CTACATTAGCTTCGTA	TRUE	TRUE
CTACATTCACGCGCAT_Case_922	439_CTACATTCACGCGCAT	TRUE	TRUE
CTACATTCACTCTAGA_Case_922	439_CTACATTCACTCTAGA	TRUE	TRUE
CTACCCAAGATGCTAA_Case_922	439_CTACCCAAGATGCTAA	TRUE	TRUE
CTACCCACAGAGTTCT_Case_922	439_CTACCCACAGAGTTCT	TRUE	TRUE
CTACCTGAGCCTGAGA_Case_922	439_CTACCTGAGCCTGAGA	TRUE	TRUE
CTACCTGAGGATTTAG_Case_922	439_CTACCTGAGGATTTAG	TRUE	TRUE
CTACCTGCAACGTTAC_Case_922	439_CTACCTGCAACGTTAC	TRUE	TRUE
CTACCTGCAGCTACCG_Case_922	439_CTACCTGCAGCTACCG	TRUE	TRUE
CTACCTGGTCCAGAAG_Case_922	439_CTACCTGGTCCAGAAG	TRUE	TRUE
CTACCTGTCTGCATGA_Case_922	439_CTACCTGTCTGCATGA	TRUE	TRUE
CTACCTGTCTGGCCTT_Case_922	439_CTACCTGTCTGGCCTT	TRUE	TRUE
CTACGGGAGGAAAGGT_Case_922	439_CTACGGGAGGAAAGGT	TRUE	TRUE
CTACGGGCACCGAATT_Case_922	439_CTACGGGCACCGAATT	TRUE	TRUE
CTACGGGCACTATCCC_Case_922	439_CTACGGGCACTATCCC	TRUE	TRUE
CTACGGGGTACTCGTA_Case_922	439_CTACGGGGTACTCGTA	TRUE	TRUE
CTACGGGGTCTGTGAT_Case_922	439_CTACGGGGTCTGTGAT	TRUE	TRUE
CTACTATAGACCCGCT_Case_922	439_CTACTATAGACCCGCT	TRUE	TRUE
CTACTATCATTGGCAT_Case_922	439_CTACTATCATTGGCAT	TRUE	TRUE
CTACTATGTCTGCATA_Case_922	439_CTACTATGTCTGCATA	TRUE	TRUE
CTACTATGTGATGTAA_Case_922	439_CTACTATGTGATGTAA	TRUE	TRUE
CTACTATTCCCGTGAG_Case_922	439_CTACTATTCCCGTGAG	TRUE	TRUE
CTAGACAAGCGTTCAT_Case_922	439_CTAGACAAGCGTTCAT	TRUE	TRUE
CTAGACACACCTCGTT_Case_922	439_CTAGACACACCTCGTT	TRUE	TRUE
CTAGACAGTACGGATG_Case_922	439_CTAGACAGTACGGATG	TRUE	TRUE
CTAGACAGTAGAGACC_Case_922	439_CTAGACAGTAGAGACC	TRUE	TRUE
CTAGACAGTCCAGTTA_Case_922	439_CTAGACAGTCCAGTTA	TRUE	TRUE
CTAGACAGTGCCCGTA_Case_922	439_CTAGACAGTGCCCGTA	TRUE	TRUE
CTAGACATCATGGGAG_Case_922	439_CTAGACATCATGGGAG	TRUE	TRUE
CTAGACATCGACGAGA_Case_922	439_CTAGACATCGACGAGA	TRUE	TRUE
CTAGACATCGCACGGT_Case_922	439_CTAGACATCGCACGGT	TRUE	TRUE
CTAGGTAGTACCTTCC_Case_922	439_CTAGGTAGTACCTTCC	TRUE	TRUE
CTAGGTAGTGTCTTAG_Case_922	439_CTAGGTAGTGTCTTAG	TRUE	TRUE
CTATAGGCAAGATGGC_Case_922	439_CTATAGGCAAGATGGC	TRUE	TRUE
CTATAGGTCCTCACTG_Case_922	439_CTATAGGTCCTCACTG	TRUE	TRUE
CTATAGGTCGCTGCGA_Case_922	439_CTATAGGTCGCTGCGA	TRUE	TRUE
CTATCCGAGTAACGTA_Case_922	439_CTATCCGAGTAACGTA	TRUE	TRUE
CTATCCGCACGGATCC_Case_922	439_CTATCCGCACGGATCC	TRUE	TRUE
CTATCTAAGATCCCAT_Case_922	439_CTATCTAAGATCCCAT	TRUE	TRUE
CTATCTAAGGGTAGCT_Case_922	439_CTATCTAAGGGTAGCT	TRUE	TRUE
CTATCTACAAACGAGC_Case_922	439_CTATCTACAAACGAGC	TRUE	TRUE
CTATCTACACTCTAGA_Case_922	439_CTATCTACACTCTAGA	TRUE	TRUE
CTATCTACAGCCTATA_Case_922	439_CTATCTACAGCCTATA	TRUE	TRUE
CTATCTATCAGTCACA_Case_922	439_CTATCTATCAGTCACA	TRUE	TRUE
CTCAACCAGACGCATG_Case_922	439_CTCAACCAGACGCATG	TRUE	TRUE
CTCAACCAGGCTGGAT_Case_922	439_CTCAACCAGGCTGGAT	TRUE	TRUE
CTCAACCTCACTGTTT_Case_922	439_CTCAACCTCACTGTTT	TRUE	TRUE
CTCAAGAAGTAGAATC_Case_922	439_CTCAAGAAGTAGAATC	TRUE	TRUE
CTCAAGATCATCCTGC_Case_922	439_CTCAAGATCATCCTGC	TRUE	TRUE
CTCAAGATCGCACGAC_Case_922	439_CTCAAGATCGCACGAC	TRUE	TRUE
CTCAATTAGTCGGCCT_Case_922	439_CTCAATTAGTCGGCCT	TRUE	TRUE
CTCAATTCACTAGGCC_Case_922	439_CTCAATTCACTAGGCC	TRUE	TRUE
CTCAATTGTTGTGTAC_Case_922	439_CTCAATTGTTGTGTAC	TRUE	TRUE
CTCACTGCAAGTGATA_Case_922	439_CTCACTGCAAGTGATA	TRUE	TRUE
CTCACTGCATACCGTA_Case_922	439_CTCACTGCATACCGTA	TRUE	TRUE
CTCACTGGTACCAATC_Case_922	439_CTCACTGGTACCAATC	TRUE	TRUE
CTCACTGTCTAACGCA_Case_922	439_CTCACTGTCTAACGCA	TRUE	TRUE
CTCAGAACACTTCAGA_Case_922	439_CTCAGAACACTTCAGA	TRUE	TRUE
CTCAGAAGTATCGAAA_Case_922	439_CTCAGAAGTATCGAAA	TRUE	TRUE
CTCAGAAGTTGGTGTT_Case_922	439_CTCAGAAGTTGGTGTT	TRUE	TRUE
CTCAGGGAGCTCTTCC_Case_922	439_CTCAGGGAGCTCTTCC	TRUE	TRUE
CTCAGGGAGTATAGAC_Case_922	439_CTCAGGGAGTATAGAC	TRUE	TRUE
CTCAGGGGTAACCAGG_Case_922	439_CTCAGGGGTAACCAGG	TRUE	TRUE
CTCAGGGGTGCCGTAC_Case_922	439_CTCAGGGGTGCCGTAC	TRUE	TRUE
CTCAGTCCAAATTGGA_Case_922	439_CTCAGTCCAAATTGGA	TRUE	TRUE
CTCAGTCCACAGCTGC_Case_922	439_CTCAGTCCACAGCTGC	TRUE	TRUE
CTCAGTCCAGTCAGCC_Case_922	439_CTCAGTCCAGTCAGCC	TRUE	TRUE
CTCAGTCTCTTGGATG_Case_922	439_CTCAGTCTCTTGGATG	TRUE	TRUE
CTCATCGAGTTAGTAG_Case_922	439_CTCATCGAGTTAGTAG	TRUE	TRUE
CTCATCGCATCCTTCG_Case_922	439_CTCATCGCATCCTTCG	TRUE	TRUE
CTCATCGGTAACGCGA_Case_922	439_CTCATCGGTAACGCGA	TRUE	TRUE
CTCATCGGTCCCACGA_Case_922	439_CTCATCGGTCCCACGA	TRUE	TRUE
CTCATGCCAGAGGGTT_Case_922	439_CTCATGCCAGAGGGTT	TRUE	TRUE
CTCATGCTCTGTGTGA_Case_922	439_CTCATGCTCTGTGTGA	TRUE	TRUE
CTCATTAAGTAAGGGA_Case_922	439_CTCATTAAGTAAGGGA	TRUE	TRUE
CTCATTAGTAGACTGG_Case_922	439_CTCATTAGTAGACTGG	TRUE	TRUE
CTCATTATCCTCGATC_Case_922	439_CTCATTATCCTCGATC	TRUE	TRUE
CTCCAACAGGCGCTCT_Case_922	439_CTCCAACAGGCGCTCT	TRUE	TRUE
CTCCAACGTAGTCTTG_Case_922	439_CTCCAACGTAGTCTTG	TRUE	TRUE
CTCCACAAGAGAGGTA_Case_922	439_CTCCACAAGAGAGGTA	TRUE	TRUE
CTCCACAAGTTCACTG_Case_922	439_CTCCACAAGTTCACTG	TRUE	TRUE
CTCCACACACGGAAGT_Case_922	439_CTCCACACACGGAAGT	TRUE	TRUE
CTCCACACAGATCCAT_Case_922	439_CTCCACACAGATCCAT	TRUE	TRUE
CTCCACAGTGAGTCAG_Case_922	439_CTCCACAGTGAGTCAG	TRUE	TRUE
CTCCATGAGGGACCAT_Case_922	439_CTCCATGAGGGACCAT	TRUE	TRUE
CTCCATGAGGGCATGT_Case_922	439_CTCCATGAGGGCATGT	TRUE	TRUE
CTCCATGTCATTTACC_Case_922	439_CTCCATGTCATTTACC	TRUE	TRUE
CTCCCAAAGCTAGATA_Case_922	439_CTCCCAAAGCTAGATA	TRUE	TRUE
CTCCCAAAGGGTAATT_Case_922	439_CTCCCAAAGGGTAATT	TRUE	TRUE
CTCCCAACACAAATCC_Case_922	439_CTCCCAACACAAATCC	TRUE	TRUE
CTCCCAACATCGCCTT_Case_922	439_CTCCCAACATCGCCTT	TRUE	TRUE
CTCCCTCAGTAGACAT_Case_922	439_CTCCCTCAGTAGACAT	TRUE	TRUE
CTCCCTCTCGTACCTC_Case_922	439_CTCCCTCTCGTACCTC	TRUE	TRUE
CTCCGATAGGGAGTGG_Case_922	439_CTCCGATAGGGAGTGG	TRUE	TRUE
CTCCGATGTGAGATAT_Case_922	439_CTCCGATGTGAGATAT	TRUE	TRUE
CTCCTCCAGCGCGTTC_Case_922	439_CTCCTCCAGCGCGTTC	TRUE	TRUE
CTCCTCCGTGAGTAAT_Case_922	439_CTCCTCCGTGAGTAAT	TRUE	TRUE
CTCCTCCGTTGCGGCT_Case_922	439_CTCCTCCGTTGCGGCT	TRUE	TRUE
CTCCTCCGTTTAAGGA_Case_922	439_CTCCTCCGTTTAAGGA	TRUE	TRUE
CTCCTTTCATGGTACT_Case_922	439_CTCCTTTCATGGTACT	TRUE	TRUE
CTCCTTTGTAACATAG_Case_922	439_CTCCTTTGTAACATAG	TRUE	TRUE
CTCCTTTGTAGAGACC_Case_922	439_CTCCTTTGTAGAGACC	TRUE	TRUE
CTCCTTTTCAGAGTTC_Case_922	439_CTCCTTTTCAGAGTTC	TRUE	TRUE
CTCCTTTTCTAGCCAA_Case_922	439_CTCCTTTTCTAGCCAA	TRUE	TRUE
CTCCTTTTCTTGAGCA_Case_922	439_CTCCTTTTCTTGAGCA	TRUE	TRUE
CTCGAGGAGCAGATAT_Case_922	439_CTCGAGGAGCAGATAT	TRUE	TRUE
CTCGAGGGTATGTCCA_Case_922	439_CTCGAGGGTATGTCCA	TRUE	TRUE
CTCGAGGGTGGAAGTC_Case_922	439_CTCGAGGGTGGAAGTC	TRUE	TRUE
CTCGAGGTCATTGCCC_Case_922	439_CTCGAGGTCATTGCCC	TRUE	TRUE
CTCTCAGAGGGAGGTG_Case_922	439_CTCTCAGAGGGAGGTG	TRUE	TRUE
CTCTCAGCACACACGC_Case_922	439_CTCTCAGCACACACGC	TRUE	TRUE
CTCTCAGCACTTGACA_Case_922	439_CTCTCAGCACTTGACA	TRUE	TRUE
CTCTCAGCATGTTACG_Case_922	439_CTCTCAGCATGTTACG	TRUE	TRUE
CTCTCAGGTTTGGAAA_Case_922	439_CTCTCAGGTTTGGAAA	TRUE	TRUE
CTCTCAGTCTTCACAT_Case_922	439_CTCTCAGTCTTCACAT	TRUE	TRUE
CTCTCGACAGAATTCC_Case_922	439_CTCTCGACAGAATTCC	TRUE	TRUE
CTCTCGATCCTCTTTC_Case_922	439_CTCTCGATCCTCTTTC	TRUE	TRUE
CTCTGGTGTGCATACT_Case_922	439_CTCTGGTGTGCATACT	TRUE	TRUE
CTGAATGGTATGGTAA_Case_922	439_CTGAATGGTATGGTAA	TRUE	TRUE
CTGAATGTCTGGGAGA_Case_922	439_CTGAATGTCTGGGAGA	TRUE	TRUE
CTGAGCGGTAAGGAGA_Case_922	439_CTGAGCGGTAAGGAGA	TRUE	TRUE
CTGAGCGTCAATCAGC_Case_922	439_CTGAGCGTCAATCAGC	TRUE	TRUE
CTGAGGCAGCCTTGAT_Case_922	439_CTGAGGCAGCCTTGAT	TRUE	TRUE
CTGAGGCAGGGCAGGA_Case_922	439_CTGAGGCAGGGCAGGA	TRUE	TRUE
CTGAGGCAGTGCTACT_Case_922	439_CTGAGGCAGTGCTACT	TRUE	TRUE
CTGAGGCCAAGACAAT_Case_922	439_CTGAGGCCAAGACAAT	TRUE	TRUE
CTGAGGCGTCCAAGAG_Case_922	439_CTGAGGCGTCCAAGAG	TRUE	TRUE
CTGAGGCTCACATCAG_Case_922	439_CTGAGGCTCACATCAG	TRUE	TRUE
CTGATCCAGACGGAAA_Case_922	439_CTGATCCAGACGGAAA	TRUE	TRUE
CTGATCCAGCAGCAGT_Case_922	439_CTGATCCAGCAGCAGT	TRUE	TRUE
CTGATCCAGTGTTGAA_Case_922	439_CTGATCCAGTGTTGAA	TRUE	TRUE
CTGATCCCAATCGCAT_Case_922	439_CTGATCCCAATCGCAT	TRUE	TRUE
CTGATCCCAGTCTTCC_Case_922	439_CTGATCCCAGTCTTCC	TRUE	TRUE
CTGATCCCAGTTTCGA_Case_922	439_CTGATCCCAGTTTCGA	TRUE	TRUE
CTGATCCTCCTTCTTC_Case_922	439_CTGATCCTCCTTCTTC	TRUE	TRUE
CTGCAGGTCTACAGGT_Case_922	439_CTGCAGGTCTACAGGT	TRUE	TRUE
CTGCATCGTTATCCAG_Case_922	439_CTGCATCGTTATCCAG	TRUE	TRUE
CTGCATCTCGTAATGC_Case_922	439_CTGCATCTCGTAATGC	TRUE	TRUE
CTGCATCTCTGAGGTT_Case_922	439_CTGCATCTCTGAGGTT	TRUE	TRUE
CTGCCATAGAGGATCC_Case_922	439_CTGCCATAGAGGATCC	TRUE	TRUE
CTGCCATAGCGCTTCG_Case_922	439_CTGCCATAGCGCTTCG	TRUE	TRUE
CTGCCATCATAGGAGC_Case_922	439_CTGCCATCATAGGAGC	TRUE	TRUE
CTGCCATGTAGACGGT_Case_922	439_CTGCCATGTAGACGGT	TRUE	TRUE
CTGCCTAAGGACAAGA_Case_922	439_CTGCCTAAGGACAAGA	TRUE	TRUE
CTGCCTAAGTCACACT_Case_922	439_CTGCCTAAGTCACACT	TRUE	TRUE
CTGCCTACAAAGACTA_Case_922	439_CTGCCTACAAAGACTA	TRUE	TRUE
CTGCGAGAGGAGTATT_Case_922	439_CTGCGAGAGGAGTATT	TRUE	TRUE
CTGCGAGAGGTCCCTG_Case_922	439_CTGCGAGAGGTCCCTG	TRUE	TRUE
CTGCGAGAGTAGCAAT_Case_922	439_CTGCGAGAGTAGCAAT	TRUE	TRUE
CTGCGAGCACAGTCAT_Case_922	439_CTGCGAGCACAGTCAT	TRUE	TRUE
CTGCGAGTCCCAACTC_Case_922	439_CTGCGAGTCCCAACTC	TRUE	TRUE
CTGCTCAAGCTGAGTG_Case_922	439_CTGCTCAAGCTGAGTG	TRUE	TRUE
CTGCTCAGTAGTCTGT_Case_922	439_CTGCTCAGTAGTCTGT	TRUE	TRUE
CTGCTCAGTATGCTAC_Case_922	439_CTGCTCAGTATGCTAC	TRUE	TRUE
CTGCTCAGTTTAGTCG_Case_922	439_CTGCTCAGTTTAGTCG	TRUE	TRUE
CTGGACGTCATGGAGG_Case_922	439_CTGGACGTCATGGAGG	TRUE	TRUE
CTGGACGTCGACGACC_Case_922	439_CTGGACGTCGACGACC	TRUE	TRUE
CTGGCAGAGTCTGGAG_Case_922	439_CTGGCAGAGTCTGGAG	TRUE	TRUE
CTGGCAGGTGCATTAC_Case_922	439_CTGGCAGGTGCATTAC	TRUE	TRUE
CTGGCAGTCTGAGCAT_Case_922	439_CTGGCAGTCTGAGCAT	TRUE	TRUE
CTGGTCTAGGTCACAG_Case_922	439_CTGGTCTAGGTCACAG	TRUE	TRUE
CTGGTCTGTACAGGTG_Case_922	439_CTGGTCTGTACAGGTG	TRUE	TRUE
CTGGTCTGTCTTCAAG_Case_922	439_CTGGTCTGTCTTCAAG	TRUE	TRUE
CTGGTCTGTGGTTTAC_Case_922	439_CTGGTCTGTGGTTTAC	TRUE	TRUE
CTGGTCTGTTGCTGAT_Case_922	439_CTGGTCTGTTGCTGAT	TRUE	TRUE
CTGTACCAGACACACG_Case_922	439_CTGTACCAGACACACG	TRUE	TRUE
CTGTACCGTACTAACC_Case_922	439_CTGTACCGTACTAACC	TRUE	TRUE
CTGTAGACAAGAATGT_Case_922	439_CTGTAGACAAGAATGT	TRUE	TRUE
CTGTAGAGTCGTACAT_Case_922	439_CTGTAGAGTCGTACAT	TRUE	TRUE
CTGTAGATCATCGCCT_Case_922	439_CTGTAGATCATCGCCT	TRUE	TRUE
CTGTAGATCATGCATG_Case_922	439_CTGTAGATCATGCATG	TRUE	TRUE
CTGTAGATCGTGTCAA_Case_922	439_CTGTAGATCGTGTCAA	TRUE	TRUE
CTGTATTAGTCTCGTA_Case_922	439_CTGTATTAGTCTCGTA	TRUE	TRUE
CTGTATTGTAGCGCTC_Case_922	439_CTGTATTGTAGCGCTC	TRUE	TRUE
CTGTATTGTGGTCTGC_Case_922	439_CTGTATTGTGGTCTGC	TRUE	TRUE
CTGTATTTCCCTCTTT_Case_922	439_CTGTATTTCCCTCTTT	TRUE	TRUE
CTGTCGTCACCTGATA_Case_922	439_CTGTCGTCACCTGATA	TRUE	TRUE
CTGTCGTCAGCGTTGC_Case_922	439_CTGTCGTCAGCGTTGC	TRUE	TRUE
CTGTCGTCAGCTACAT_Case_922	439_CTGTCGTCAGCTACAT	TRUE	TRUE
CTGTCGTCATCTTTCA_Case_922	439_CTGTCGTCATCTTTCA	TRUE	TRUE
CTGTCGTGTCCGGTGT_Case_922	439_CTGTCGTGTCCGGTGT	TRUE	TRUE
CTGTGAACACCAACAT_Case_922	439_CTGTGAACACCAACAT	TRUE	TRUE
CTGTGAACAGAATTCC_Case_922	439_CTGTGAACAGAATTCC	TRUE	TRUE
CTGTGAAGTATTCCGA_Case_922	439_CTGTGAAGTATTCCGA	TRUE	TRUE
CTGTGAAGTCCGATCG_Case_922	439_CTGTGAAGTCCGATCG	TRUE	TRUE
CTGTGAATCCCGATCT_Case_922	439_CTGTGAATCCCGATCT	TRUE	TRUE
CTGTGGGAGACCAACG_Case_922	439_CTGTGGGAGACCAACG	TRUE	TRUE
CTGTGGGAGCGAACTG_Case_922	439_CTGTGGGAGCGAACTG	TRUE	TRUE
CTGTGGGAGGGATCTG_Case_922	439_CTGTGGGAGGGATCTG	TRUE	TRUE
CTGTGGGTCCCACAGG_Case_922	439_CTGTGGGTCCCACAGG	TRUE	TRUE
CTGTGGGTCCCGTGAG_Case_922	439_CTGTGGGTCCCGTGAG	TRUE	TRUE
CTGTGGGTCCTCTCTT_Case_922	439_CTGTGGGTCCTCTCTT	TRUE	TRUE
CTTACCGGTTCCAAAC_Case_922	439_CTTACCGGTTCCAAAC	TRUE	TRUE
CTTACCGGTTTGGCTA_Case_922	439_CTTACCGGTTTGGCTA	TRUE	TRUE
CTTACCGTCGGCAGTC_Case_922	439_CTTACCGTCGGCAGTC	TRUE	TRUE
CTTACCGTCTTAAGGC_Case_922	439_CTTACCGTCTTAAGGC	TRUE	TRUE
CTTAGGAAGTTGGAGC_Case_922	439_CTTAGGAAGTTGGAGC	TRUE	TRUE
CTTAGGACATATGCGT_Case_922	439_CTTAGGACATATGCGT	TRUE	TRUE
CTTCAATAGAGTACCG_Case_922	439_CTTCAATAGAGTACCG	TRUE	TRUE
CTTCAATCACCCTTGT_Case_922	439_CTTCAATCACCCTTGT	TRUE	TRUE
CTTCAATCAGGACGAT_Case_922	439_CTTCAATCAGGACGAT	TRUE	TRUE
CTTCAATGTGAGACCA_Case_922	439_CTTCAATGTGAGACCA	TRUE	TRUE
CTTCAATTCACCTCGT_Case_922	439_CTTCAATTCACCTCGT	TRUE	TRUE
CTTCAATTCTCTCCGA_Case_922	439_CTTCAATTCTCTCCGA	TRUE	TRUE
CTTCCGACAGGTGAGT_Case_922	439_CTTCCGACAGGTGAGT	TRUE	TRUE
CTTCCGACATCAGCGC_Case_922	439_CTTCCGACATCAGCGC	TRUE	TRUE
CTTCCTTAGCCTTGAT_Case_922	439_CTTCCTTAGCCTTGAT	TRUE	TRUE
CTTCCTTAGGTCCTGC_Case_922	439_CTTCCTTAGGTCCTGC	TRUE	TRUE
CTTCCTTAGTATAGGT_Case_922	439_CTTCCTTAGTATAGGT	TRUE	TRUE
CTTCCTTCACGTACAT_Case_922	439_CTTCCTTCACGTACAT	TRUE	TRUE
CTTCCTTCAGCGATTT_Case_922	439_CTTCCTTCAGCGATTT	TRUE	TRUE
CTTCCTTCATGCCATA_Case_922	439_CTTCCTTCATGCCATA	TRUE	TRUE
CTTCCTTTCGCGTGAC_Case_922	439_CTTCCTTTCGCGTGAC	TRUE	TRUE
CTTCGGTAGTGGTGAC_Case_922	439_CTTCGGTAGTGGTGAC	TRUE	TRUE
CTTCGGTCAGAGGAAA_Case_922	439_CTTCGGTCAGAGGAAA	TRUE	TRUE
CTTCGGTCATTCGGGC_Case_922	439_CTTCGGTCATTCGGGC	TRUE	TRUE
CTTCGGTGTACGAGTG_Case_922	439_CTTCGGTGTACGAGTG	TRUE	TRUE
CTTCGGTTCTCATGGA_Case_922	439_CTTCGGTTCTCATGGA	TRUE	TRUE
CTTCTAAAGCCTCTTC_Case_922	439_CTTCTAAAGCCTCTTC	TRUE	TRUE
CTTCTAAAGCCTGAGA_Case_922	439_CTTCTAAAGCCTGAGA	TRUE	TRUE
CTTCTAAAGGGAGATA_Case_922	439_CTTCTAAAGGGAGATA	TRUE	TRUE
CTTCTAACACGACTAT_Case_922	439_CTTCTAACACGACTAT	TRUE	TRUE
CTTCTAAGTAGTCCTA_Case_922	439_CTTCTAAGTAGTCCTA	TRUE	TRUE
CTTCTAAGTTCAGCGC_Case_922	439_CTTCTAAGTTCAGCGC	TRUE	TRUE
CTTCTAAGTTGCATAC_Case_922	439_CTTCTAAGTTGCATAC	TRUE	TRUE
CTTCTAATCACTTATC_Case_922	439_CTTCTAATCACTTATC	TRUE	TRUE
CTTCTAATCAGCTGTA_Case_922	439_CTTCTAATCAGCTGTA	TRUE	TRUE
CTTCTCTCACTACGGC_Case_922	439_CTTCTCTCACTACGGC	TRUE	TRUE
CTTCTCTGTCTGCAAT_Case_922	439_CTTCTCTGTCTGCAAT	TRUE	TRUE
CTTGAGAAGACCAAAT_Case_922	439_CTTGAGAAGACCAAAT	TRUE	TRUE
CTTGAGAAGAGGTTAT_Case_922	439_CTTGAGAAGAGGTTAT	TRUE	TRUE
CTTGAGAAGCTAGAGC_Case_922	439_CTTGAGAAGCTAGAGC	TRUE	TRUE
CTTGAGATCATTGTGG_Case_922	439_CTTGAGATCATTGTGG	TRUE	TRUE
CTTGAGATCTGGGCCA_Case_922	439_CTTGAGATCTGGGCCA	TRUE	TRUE
CTTGATTAGCAAATCA_Case_922	439_CTTGATTAGCAAATCA	TRUE	TRUE
CTTGATTAGCTGACTT_Case_922	439_CTTGATTAGCTGACTT	TRUE	TRUE
CTTGATTAGGATATGT_Case_922	439_CTTGATTAGGATATGT	TRUE	TRUE
CTTTCAAAGAGCAACC_Case_922	439_CTTTCAAAGAGCAACC	TRUE	TRUE
CTTTCAACACTATCCC_Case_922	439_CTTTCAACACTATCCC	TRUE	TRUE
CTTTCAACACTGCATA_Case_922	439_CTTTCAACACTGCATA	TRUE	TRUE
CTTTCAACAGTATACC_Case_922	439_CTTTCAACAGTATACC	TRUE	TRUE
CTTTCAATCTAGTACG_Case_922	439_CTTTCAATCTAGTACG	TRUE	TRUE
CTTTCGGAGAACTGAT_Case_922	439_CTTTCGGAGAACTGAT	TRUE	TRUE
CTTTCGGTCTGCGGAC_Case_922	439_CTTTCGGTCTGCGGAC	TRUE	TRUE
GAAACCTAGCGCTGAA_Case_922	439_GAAACCTAGCGCTGAA	TRUE	TRUE
GAAACCTGTACAGCGA_Case_922	439_GAAACCTGTACAGCGA	TRUE	TRUE
GAAATGAAGGGACAGG_Case_922	439_GAAATGAAGGGACAGG	TRUE	TRUE
GAAATGAAGGGATCTG_Case_922	439_GAAATGAAGGGATCTG	TRUE	TRUE
GAAATGACAAGTAGTA_Case_922	439_GAAATGACAAGTAGTA	TRUE	TRUE
GAAATGACACCCTTGT_Case_922	439_GAAATGACACCCTTGT	TRUE	TRUE
GAAATGAGTGCATCTA_Case_922	439_GAAATGAGTGCATCTA	TRUE	TRUE
GAACACTAGACTGAGC_Case_922	439_GAACACTAGACTGAGC	TRUE	TRUE
GAACACTAGCGCAATG_Case_922	439_GAACACTAGCGCAATG	TRUE	TRUE
GAACACTCAGAGTTCT_Case_922	439_GAACACTCAGAGTTCT	TRUE	TRUE
GAACACTGTCGCATTA_Case_922	439_GAACACTGTCGCATTA	TRUE	TRUE
GAACGTTCATGAAAGT_Case_922	439_GAACGTTCATGAAAGT	TRUE	TRUE
GAACGTTGTTGATGTC_Case_922	439_GAACGTTGTTGATGTC	TRUE	TRUE
GAACGTTTCAAGCCAT_Case_922	439_GAACGTTTCAAGCCAT	TRUE	TRUE
GAACTGTCAGCAGAAC_Case_922	439_GAACTGTCAGCAGAAC	TRUE	TRUE
GAACTGTGTTGGAGAC_Case_922	439_GAACTGTGTTGGAGAC	TRUE	TRUE
GAACTGTGTTGGGAAC_Case_922	439_GAACTGTGTTGGGAAC	TRUE	TRUE
GAACTGTTCCGACATA_Case_922	439_GAACTGTTCCGACATA	TRUE	TRUE
GAAGAATCAATACCCA_Case_922	439_GAAGAATCAATACCCA	TRUE	TRUE
GAAGAATGTAGTTCCA_Case_922	439_GAAGAATGTAGTTCCA	TRUE	TRUE
GAAGAATGTCGATTCA_Case_922	439_GAAGAATGTCGATTCA	TRUE	TRUE
GAAGAATTCTGCGTCT_Case_922	439_GAAGAATTCTGCGTCT	TRUE	TRUE
GAAGCCCAGCCTTCTC_Case_922	439_GAAGCCCAGCCTTCTC	TRUE	TRUE
GAAGCCCAGGTTCATC_Case_922	439_GAAGCCCAGGTTCATC	TRUE	TRUE
GAAGCCCGTACAGGTG_Case_922	439_GAAGCCCGTACAGGTG	TRUE	TRUE
GAAGCCCGTTTCCAAG_Case_922	439_GAAGCCCGTTTCCAAG	TRUE	TRUE
GAAGCCCTCGGTCGAC_Case_922	439_GAAGCCCTCGGTCGAC	TRUE	TRUE
GAAGCGAAGCCGAACA_Case_922	439_GAAGCGAAGCCGAACA	TRUE	TRUE
GAAGCGAAGCCTCTCT_Case_922	439_GAAGCGAAGCCTCTCT	TRUE	TRUE
GAAGCGAGTATAGCTC_Case_922	439_GAAGCGAGTATAGCTC	TRUE	TRUE
GAAGCGATCTAGCATG_Case_922	439_GAAGCGATCTAGCATG	TRUE	TRUE
GAAGGACCACAAATCC_Case_922	439_GAAGGACCACAAATCC	TRUE	TRUE
GAAGGACCACAAGTTC_Case_922	439_GAAGGACCACAAGTTC	TRUE	TRUE
GAAGGACCAGTTGTCA_Case_922	439_GAAGGACCAGTTGTCA	TRUE	TRUE
GAAGGACGTTAGCTAC_Case_922	439_GAAGGACGTTAGCTAC	TRUE	TRUE
GAAGGACTCGCTACAA_Case_922	439_GAAGGACTCGCTACAA	TRUE	TRUE
GAAGGACTCGTAATGC_Case_922	439_GAAGGACTCGTAATGC	TRUE	TRUE
GAAGGGTCAACACACT_Case_922	439_GAAGGGTCAACACACT	TRUE	TRUE
GAAGGGTCAACGGGTA_Case_922	439_GAAGGGTCAACGGGTA	TRUE	TRUE
GAAGGGTCATGCTGCG_Case_922	439_GAAGGGTCATGCTGCG	TRUE	TRUE
GAAGGGTTCCGCGGAT_Case_922	439_GAAGGGTTCCGCGGAT	TRUE	TRUE
GAAGGGTTCTCGTGAA_Case_922	439_GAAGGGTTCTCGTGAA	TRUE	TRUE
GAAGGGTTCTCTCGCA_Case_922	439_GAAGGGTTCTCTCGCA	TRUE	TRUE
GAAGTAACAATGTCAC_Case_922	439_GAAGTAACAATGTCAC	TRUE	TRUE
GAAGTAAGTGACTCGC_Case_922	439_GAAGTAAGTGACTCGC	TRUE	TRUE
GAATAGAAGATAACAC_Case_922	439_GAATAGAAGATAACAC	TRUE	TRUE
GAATCACCAGTGGTGA_Case_922	439_GAATCACCAGTGGTGA	TRUE	TRUE
GAATCACGTAAGCGGT_Case_922	439_GAATCACGTAAGCGGT	TRUE	TRUE
GAATCACGTAGGCAGT_Case_922	439_GAATCACGTAGGCAGT	TRUE	TRUE
GAATCACGTCCTCAGG_Case_922	439_GAATCACGTCCTCAGG	TRUE	TRUE
GAATCACTCAACGCTA_Case_922	439_GAATCACTCAACGCTA	TRUE	TRUE
GAATCACTCTAAGCGT_Case_922	439_GAATCACTCTAAGCGT	TRUE	TRUE
GAATCGTCACCCTTGT_Case_922	439_GAATCGTCACCCTTGT	TRUE	TRUE
GAATCGTCACGACCTG_Case_922	439_GAATCGTCACGACCTG	TRUE	TRUE
GAATCGTCAGCCTATA_Case_922	439_GAATCGTCAGCCTATA	TRUE	TRUE
GAATCGTCATCTAGAC_Case_922	439_GAATCGTCATCTAGAC	TRUE	TRUE
GAATCGTTCCCTCATG_Case_922	439_GAATCGTTCCCTCATG	TRUE	TRUE
GAATCGTTCTCCAATT_Case_922	439_GAATCGTTCTCCAATT	TRUE	TRUE
GAATCGTTCTTAGCTT_Case_922	439_GAATCGTTCTTAGCTT	TRUE	TRUE
GACACGCAGACTCTAC_Case_922	439_GACACGCAGACTCTAC	TRUE	TRUE
GACACGCAGCTGACCC_Case_922	439_GACACGCAGCTGACCC	TRUE	TRUE
GACACGCAGGCCACTC_Case_922	439_GACACGCAGGCCACTC	TRUE	TRUE
GACACGCCACTGCACG_Case_922	439_GACACGCCACTGCACG	TRUE	TRUE
GACACGCTCATGGTAC_Case_922	439_GACACGCTCATGGTAC	TRUE	TRUE
GACACGCTCGTGCTCT_Case_922	439_GACACGCTCGTGCTCT	TRUE	TRUE
GACAGCCAGTCGCCCA_Case_922	439_GACAGCCAGTCGCCCA	TRUE	TRUE
GACAGCCAGTGCCTCG_Case_922	439_GACAGCCAGTGCCTCG	TRUE	TRUE
GACATCAAGCGCCTCA_Case_922	439_GACATCAAGCGCCTCA	TRUE	TRUE
GACATCAAGTAAACAC_Case_922	439_GACATCAAGTAAACAC	TRUE	TRUE
GACATCACACTCCGGA_Case_922	439_GACATCACACTCCGGA	TRUE	TRUE
GACATCATCCGCGATG_Case_922	439_GACATCATCCGCGATG	TRUE	TRUE
GACATCATCCTACGAA_Case_922	439_GACATCATCCTACGAA	TRUE	TRUE
GACCAATAGACCAAAT_Case_922	439_GACCAATAGACCAAAT	TRUE	TRUE
GACCAATGTGGCATCC_Case_922	439_GACCAATGTGGCATCC	TRUE	TRUE
GACCAATGTTGCTCAA_Case_922	439_GACCAATGTTGCTCAA	TRUE	TRUE
GACCAATTCTGCCTGT_Case_922	439_GACCAATTCTGCCTGT	TRUE	TRUE
GACCCAGAGCCGGATA_Case_922	439_GACCCAGAGCCGGATA	TRUE	TRUE
GACCCAGCAATTGGTC_Case_922	439_GACCCAGCAATTGGTC	TRUE	TRUE
GACCCAGCACAGTATC_Case_922	439_GACCCAGCACAGTATC	TRUE	TRUE
GACCCAGCATATCTGG_Case_922	439_GACCCAGCATATCTGG	TRUE	TRUE
GACCCAGTCGTAGGAG_Case_922	439_GACCCAGTCGTAGGAG	TRUE	TRUE
GACCCTTAGATCCCGC_Case_922	439_GACCCTTAGATCCCGC	TRUE	TRUE
GACCCTTAGCATCAAA_Case_922	439_GACCCTTAGCATCAAA	TRUE	TRUE
GACCCTTTCATTGCTT_Case_922	439_GACCCTTTCATTGCTT	TRUE	TRUE
GACCGTGAGAATTGCA_Case_922	439_GACCGTGAGAATTGCA	TRUE	TRUE
GACCGTGAGGCTATCT_Case_922	439_GACCGTGAGGCTATCT	TRUE	TRUE
GACCGTGAGGTGCGAT_Case_922	439_GACCGTGAGGTGCGAT	TRUE	TRUE
GACCGTGGTACGAGCA_Case_922	439_GACCGTGGTACGAGCA	TRUE	TRUE
GACCGTGGTAGTCTGT_Case_922	439_GACCGTGGTAGTCTGT	TRUE	TRUE
GACCGTGGTCGATGCC_Case_922	439_GACCGTGGTCGATGCC	TRUE	TRUE
GACCGTGTCCACCTGT_Case_922	439_GACCGTGTCCACCTGT	TRUE	TRUE
GACCGTGTCTCATTTG_Case_922	439_GACCGTGTCTCATTTG	TRUE	TRUE
GACCTTCCATCTAACG_Case_922	439_GACCTTCCATCTAACG	TRUE	TRUE
GACCTTCTCTTCGTAT_Case_922	439_GACCTTCTCTTCGTAT	TRUE	TRUE
GACGCTGAGCAAGCCA_Case_922	439_GACGCTGAGCAAGCCA	TRUE	TRUE
GACGCTGAGGTGCTTT_Case_922	439_GACGCTGAGGTGCTTT	TRUE	TRUE
GACGCTGCAGCGGATA_Case_922	439_GACGCTGCAGCGGATA	TRUE	TRUE
GACGCTGGTCTACAAC_Case_922	439_GACGCTGGTCTACAAC	TRUE	TRUE
GACGTTAAGCATTTGC_Case_922	439_GACGTTAAGCATTTGC	TRUE	TRUE
GACGTTACACTTTAGG_Case_922	439_GACGTTACACTTTAGG	TRUE	TRUE
GACGTTACATTCACAG_Case_922	439_GACGTTACATTCACAG	TRUE	TRUE
GACGTTAGTTACTCAG_Case_922	439_GACGTTAGTTACTCAG	TRUE	TRUE
GACGTTATCTCTTCAA_Case_922	439_GACGTTATCTCTTCAA	TRUE	TRUE
GACGTTATCTTCTGGC_Case_922	439_GACGTTATCTTCTGGC	TRUE	TRUE
GACTATGAGCAGGGAG_Case_922	439_GACTATGAGCAGGGAG	TRUE	TRUE
GACTATGAGCCTTTGA_Case_922	439_GACTATGAGCCTTTGA	TRUE	TRUE
GACTATGGTACGGCAA_Case_922	439_GACTATGGTACGGCAA	TRUE	TRUE
GACTATGTCACAGAGG_Case_922	439_GACTATGTCACAGAGG	TRUE	TRUE
GACTCAACACGGAAGT_Case_922	439_GACTCAACACGGAAGT	TRUE	TRUE
GACTCAACAGCTGAAG_Case_922	439_GACTCAACAGCTGAAG	TRUE	TRUE
GACTCAAGTATGGAAT_Case_922	439_GACTCAAGTATGGAAT	TRUE	TRUE
GACTCAAGTGCTGATT_Case_922	439_GACTCAAGTGCTGATT	TRUE	TRUE
GACTCAATCCAGTGTA_Case_922	439_GACTCAATCCAGTGTA	TRUE	TRUE
GACTCAATCGCATGAT_Case_922	439_GACTCAATCGCATGAT	TRUE	TRUE
GACTCAATCGCTTTAT_Case_922	439_GACTCAATCGCTTTAT	TRUE	TRUE
GACTCTCAGCACTCGC_Case_922	439_GACTCTCAGCACTCGC	TRUE	TRUE
GACTCTCAGTGCAACG_Case_922	439_GACTCTCAGTGCAACG	TRUE	TRUE
GACTCTCCACGGGCTT_Case_922	439_GACTCTCCACGGGCTT	TRUE	TRUE
GACTCTCCACTAGGCC_Case_922	439_GACTCTCCACTAGGCC	TRUE	TRUE
GACTCTCCATGTGCTA_Case_922	439_GACTCTCCATGTGCTA	TRUE	TRUE
GACTCTCTCTGTCGCT_Case_922	439_GACTCTCTCTGTCGCT	TRUE	TRUE
GACTGATAGAACCCGA_Case_922	439_GACTGATAGAACCCGA	TRUE	TRUE
GACTGATAGCGTTCAT_Case_922	439_GACTGATAGCGTTCAT	TRUE	TRUE
GACTGATAGTCACTAC_Case_922	439_GACTGATAGTCACTAC	TRUE	TRUE
GACTGATGTGGCAACA_Case_922	439_GACTGATGTGGCAACA	TRUE	TRUE
GACTGATGTTAAGAAC_Case_922	439_GACTGATGTTAAGAAC	TRUE	TRUE
GACTGATGTTCGAAGG_Case_922	439_GACTGATGTTCGAAGG	TRUE	TRUE
GACTGATTCTCCCATG_Case_922	439_GACTGATTCTCCCATG	TRUE	TRUE
GACTTCCGTTTAGAGA_Case_922	439_GACTTCCGTTTAGAGA	TRUE	TRUE
GAGAAATCAACGGGTA_Case_922	439_GAGAAATCAACGGGTA	TRUE	TRUE
GAGAAATTCAACTACG_Case_922	439_GAGAAATTCAACTACG	TRUE	TRUE
GAGAAATTCAGGACAG_Case_922	439_GAGAAATTCAGGACAG	TRUE	TRUE
GAGAAATTCATTGCCC_Case_922	439_GAGAAATTCATTGCCC	TRUE	TRUE
GAGACCCTCGGACTTA_Case_922	439_GAGACCCTCGGACTTA	TRUE	TRUE
GAGACTTAGAAATTGC_Case_922	439_GAGACTTAGAAATTGC	TRUE	TRUE
GAGACTTAGACAGCGT_Case_922	439_GAGACTTAGACAGCGT	TRUE	TRUE
GAGACTTAGTCGAGGT_Case_922	439_GAGACTTAGTCGAGGT	TRUE	TRUE
GAGACTTCAGAAGCGT_Case_922	439_GAGACTTCAGAAGCGT	TRUE	TRUE
GAGACTTTCATACGGT_Case_922	439_GAGACTTTCATACGGT	TRUE	TRUE
GAGACTTTCCTGCTAC_Case_922	439_GAGACTTTCCTGCTAC	TRUE	TRUE
GAGAGGTCATACTGAC_Case_922	439_GAGAGGTCATACTGAC	TRUE	TRUE
GAGAGGTGTTTCTTAC_Case_922	439_GAGAGGTGTTTCTTAC	TRUE	TRUE
GAGAGGTTCGAAACAA_Case_922	439_GAGAGGTTCGAAACAA	TRUE	TRUE
GAGAGGTTCTGGACCG_Case_922	439_GAGAGGTTCTGGACCG	TRUE	TRUE
GAGATGGAGAAATTGC_Case_922	439_GAGATGGAGAAATTGC	TRUE	TRUE
GAGATGGGTAGATTGA_Case_922	439_GAGATGGGTAGATTGA	TRUE	TRUE
GAGATGGGTGAGATAT_Case_922	439_GAGATGGGTGAGATAT	TRUE	TRUE
GAGATGGTCCCGATCT_Case_922	439_GAGATGGTCCCGATCT	TRUE	TRUE
GAGCTGCAGGCGAAGG_Case_922	439_GAGCTGCAGGCGAAGG	TRUE	TRUE
GAGCTGCAGGGTGGGA_Case_922	439_GAGCTGCAGGGTGGGA	TRUE	TRUE
GAGCTGCCAACATCGT_Case_922	439_GAGCTGCCAACATCGT	TRUE	TRUE
GAGCTGCCACAATTCG_Case_922	439_GAGCTGCCACAATTCG	TRUE	TRUE
GAGCTGCCATCGCTAA_Case_922	439_GAGCTGCCATCGCTAA	TRUE	TRUE
GAGCTGCGTAGACGGT_Case_922	439_GAGCTGCGTAGACGGT	TRUE	TRUE
GAGCTGCGTGACACAG_Case_922	439_GAGCTGCGTGACACAG	TRUE	TRUE
GAGCTGCTCCGCATAA_Case_922	439_GAGCTGCTCCGCATAA	TRUE	TRUE
GAGCTGCTCGTTAGAC_Case_922	439_GAGCTGCTCGTTAGAC	TRUE	TRUE
GAGGCAAAGCACCGTC_Case_922	439_GAGGCAAAGCACCGTC	TRUE	TRUE
GAGGCAACAAAGGATT_Case_922	439_GAGGCAACAAAGGATT	TRUE	TRUE
GAGGCAACAACCCTAA_Case_922	439_GAGGCAACAACCCTAA	TRUE	TRUE
GAGGCAACATTAAGCC_Case_922	439_GAGGCAACATTAAGCC	TRUE	TRUE
GAGGCAAGTAGCGCCT_Case_922	439_GAGGCAAGTAGCGCCT	TRUE	TRUE
GAGGCAATCTACTATC_Case_922	439_GAGGCAATCTACTATC	TRUE	TRUE
GAGGCAATCTCTTAAC_Case_922	439_GAGGCAATCTCTTAAC	TRUE	TRUE
GAGGCCTAGATCGGTG_Case_922	439_GAGGCCTAGATCGGTG	TRUE	TRUE
GAGGCCTAGCTCACTA_Case_922	439_GAGGCCTAGCTCACTA	TRUE	TRUE
GAGGCCTAGTAAGGGA_Case_922	439_GAGGCCTAGTAAGGGA	TRUE	TRUE
GAGGCCTGTACTTGTG_Case_922	439_GAGGCCTGTACTTGTG	TRUE	TRUE
GAGGCCTTCGCCACTT_Case_922	439_GAGGCCTTCGCCACTT	TRUE	TRUE
GAGGGATAGCTTAGTC_Case_922	439_GAGGGATAGCTTAGTC	TRUE	TRUE
GAGGGATAGGACAACC_Case_922	439_GAGGGATAGGACAACC	TRUE	TRUE
GAGGGATAGTTGGACG_Case_922	439_GAGGGATAGTTGGACG	TRUE	TRUE
GAGGGATCAACTGATC_Case_922	439_GAGGGATCAACTGATC	TRUE	TRUE
GAGGGATCATGCTGCG_Case_922	439_GAGGGATCATGCTGCG	TRUE	TRUE
GAGGGATTCGAAGAAT_Case_922	439_GAGGGATTCGAAGAAT	TRUE	TRUE
GAGGGTAAGAGTGGCT_Case_922	439_GAGGGTAAGAGTGGCT	TRUE	TRUE
GAGGGTAAGTAAACGT_Case_922	439_GAGGGTAAGTAAACGT	TRUE	TRUE
GAGGGTACAGTTGCGC_Case_922	439_GAGGGTACAGTTGCGC	TRUE	TRUE
GAGGGTACATGTCGTA_Case_922	439_GAGGGTACATGTCGTA	TRUE	TRUE
GAGGGTAGTGAAAGTT_Case_922	439_GAGGGTAGTGAAAGTT	TRUE	TRUE
GAGGGTATCCAAAGGG_Case_922	439_GAGGGTATCCAAAGGG	TRUE	TRUE
GAGGGTATCGACCTAA_Case_922	439_GAGGGTATCGACCTAA	TRUE	TRUE
GAGTCATCAGAAATCA_Case_922	439_GAGTCATCAGAAATCA	TRUE	TRUE
GAGTCATCAGACGATG_Case_922	439_GAGTCATCAGACGATG	TRUE	TRUE
GAGTCATGTCACTGAT_Case_922	439_GAGTCATGTCACTGAT	TRUE	TRUE
GAGTCATGTCTTTATC_Case_922	439_GAGTCATGTCTTTATC	TRUE	TRUE
GAGTCATTCGCGCTGA_Case_922	439_GAGTCATTCGCGCTGA	TRUE	TRUE
GAGTCTAAGATTCGAA_Case_922	439_GAGTCTAAGATTCGAA	TRUE	TRUE
GAGTCTAAGCGGGTAT_Case_922	439_GAGTCTAAGCGGGTAT	TRUE	TRUE
GAGTCTAGTCGATTTG_Case_922	439_GAGTCTAGTCGATTTG	TRUE	TRUE
GAGTGAGCACATTCGA_Case_922	439_GAGTGAGCACATTCGA	TRUE	TRUE
GAGTGAGCAGATCACT_Case_922	439_GAGTGAGCAGATCACT	TRUE	TRUE
GAGTGTTAGAATTGTG_Case_922	439_GAGTGTTAGAATTGTG	TRUE	TRUE
GAGTGTTAGCGACTAG_Case_922	439_GAGTGTTAGCGACTAG	TRUE	TRUE
GAGTGTTCAAGAGGTC_Case_922	439_GAGTGTTCAAGAGGTC	TRUE	TRUE
GAGTGTTCACTGCACG_Case_922	439_GAGTGTTCACTGCACG	TRUE	TRUE
GAGTGTTGTAACATAG_Case_922	439_GAGTGTTGTAACATAG	TRUE	TRUE
GAGTGTTGTTATAGAG_Case_922	439_GAGTGTTGTTATAGAG	TRUE	TRUE
GAGTTACCAGGTCCGT_Case_922	439_GAGTTACCAGGTCCGT	TRUE	TRUE
GAGTTACCAGTCTACA_Case_922	439_GAGTTACCAGTCTACA	TRUE	TRUE
GAGTTACGTTGGGATG_Case_922	439_GAGTTACGTTGGGATG	TRUE	TRUE
GAGTTACGTTGTAGCT_Case_922	439_GAGTTACGTTGTAGCT	TRUE	TRUE
GAGTTACGTTTGCAGT_Case_922	439_GAGTTACGTTTGCAGT	TRUE	TRUE
GAGTTACTCGTCTAAG_Case_922	439_GAGTTACTCGTCTAAG	TRUE	TRUE
GAGTTACTCGTGACTA_Case_922	439_GAGTTACTCGTGACTA	TRUE	TRUE
GAGTTACTCGTGGGAA_Case_922	439_GAGTTACTCGTGGGAA	TRUE	TRUE
GAGTTGTAGAATCCCT_Case_922	439_GAGTTGTAGAATCCCT	TRUE	TRUE
GAGTTGTCAGTTCCAA_Case_922	439_GAGTTGTCAGTTCCAA	TRUE	TRUE
GAGTTGTTCGTCACCT_Case_922	439_GAGTTGTTCGTCACCT	TRUE	TRUE
GAGTTTGAGGTAAACT_Case_922	439_GAGTTTGAGGTAAACT	TRUE	TRUE
GAGTTTGAGTTGAAAC_Case_922	439_GAGTTTGAGTTGAAAC	TRUE	TRUE
GAGTTTGCAGTTCACA_Case_922	439_GAGTTTGCAGTTCACA	TRUE	TRUE
GAGTTTGCATGAGATA_Case_922	439_GAGTTTGCATGAGATA	TRUE	TRUE
GAGTTTGGTCCACAGC_Case_922	439_GAGTTTGGTCCACAGC	TRUE	TRUE
GAGTTTGGTTCTCACC_Case_922	439_GAGTTTGGTTCTCACC	TRUE	TRUE
GAGTTTGTCCGTAGTA_Case_922	439_GAGTTTGTCCGTAGTA	TRUE	TRUE
GATAGAAAGGAAACGA_Case_922	439_GATAGAAAGGAAACGA	TRUE	TRUE
GATAGAAAGTTGCGAG_Case_922	439_GATAGAAAGTTGCGAG	TRUE	TRUE
GATAGAACATGACTTG_Case_922	439_GATAGAACATGACTTG	TRUE	TRUE
GATAGAACATGCAGGA_Case_922	439_GATAGAACATGCAGGA	TRUE	TRUE
GATAGCTGTCGAACAG_Case_922	439_GATAGCTGTCGAACAG	TRUE	TRUE
GATCACACACCTGCGA_Case_922	439_GATCACACACCTGCGA	TRUE	TRUE
GATCACAGTGTCCTAA_Case_922	439_GATCACAGTGTCCTAA	TRUE	TRUE
GATCACAGTTCAAGGG_Case_922	439_GATCACAGTTCAAGGG	TRUE	TRUE
GATCAGTCAGCGAACA_Case_922	439_GATCAGTCAGCGAACA	TRUE	TRUE
GATCAGTCAGCGTACC_Case_922	439_GATCAGTCAGCGTACC	TRUE	TRUE
GATCATGAGCCTATCA_Case_922	439_GATCATGAGCCTATCA	TRUE	TRUE
GATCATGCACATCATG_Case_922	439_GATCATGCACATCATG	TRUE	TRUE
GATCATGCAGTCGAGA_Case_922	439_GATCATGCAGTCGAGA	TRUE	TRUE
GATCATGGTACCTGTA_Case_922	439_GATCATGGTACCTGTA	TRUE	TRUE
GATCATGTCGTTCTAT_Case_922	439_GATCATGTCGTTCTAT	TRUE	TRUE
GATCCCTAGGCCTTGC_Case_922	439_GATCCCTAGGCCTTGC	TRUE	TRUE
GATCCCTCAACTTCTT_Case_922	439_GATCCCTCAACTTCTT	TRUE	TRUE
GATCCCTCACCAGCTG_Case_922	439_GATCCCTCACCAGCTG	TRUE	TRUE
GATCCCTCAGACCAGA_Case_922	439_GATCCCTCAGACCAGA	TRUE	TRUE
GATCCCTCATTAAAGG_Case_922	439_GATCCCTCATTAAAGG	TRUE	TRUE
GATCCCTGTTGACTAC_Case_922	439_GATCCCTGTTGACTAC	TRUE	TRUE
GATCCCTTCGCGGACT_Case_922	439_GATCCCTTCGCGGACT	TRUE	TRUE
GATCGTAAGAGGTATT_Case_922	439_GATCGTAAGAGGTATT	TRUE	TRUE
GATCGTAAGCTGACAG_Case_922	439_GATCGTAAGCTGACAG	TRUE	TRUE
GATCGTAAGGTCACAG_Case_922	439_GATCGTAAGGTCACAG	TRUE	TRUE
GATCGTACAATCGCAT_Case_922	439_GATCGTACAATCGCAT	TRUE	TRUE
GATCGTACAGTAACGG_Case_922	439_GATCGTACAGTAACGG	TRUE	TRUE
GATGACTAGAGCAAGA_Case_922	439_GATGACTAGAGCAAGA	TRUE	TRUE
GATGACTAGTCTGCGC_Case_922	439_GATGACTAGTCTGCGC	TRUE	TRUE
GATGACTCAGAATTCC_Case_922	439_GATGACTCAGAATTCC	TRUE	TRUE
GATGACTGTGAGACGT_Case_922	439_GATGACTGTGAGACGT	TRUE	TRUE
GATGACTTCACCTCTG_Case_922	439_GATGACTTCACCTCTG	TRUE	TRUE
GATGACTTCATCCTGC_Case_922	439_GATGACTTCATCCTGC	TRUE	TRUE
GATGAGGGTCATGCAT_Case_922	439_GATGAGGGTCATGCAT	TRUE	TRUE
GATGAGGGTCTTTATC_Case_922	439_GATGAGGGTCTTTATC	TRUE	TRUE
GATGAGGTCCTGATAG_Case_922	439_GATGAGGTCCTGATAG	TRUE	TRUE
GATGATCAGAAGGCTC_Case_922	439_GATGATCAGAAGGCTC	TRUE	TRUE
GATGATCAGAGTCTGG_Case_922	439_GATGATCAGAGTCTGG	TRUE	TRUE
GATGATCAGCTCCCTT_Case_922	439_GATGATCAGCTCCCTT	TRUE	TRUE
GATGATCCAATTGCCA_Case_922	439_GATGATCCAATTGCCA	TRUE	TRUE
GATGATCCAGTCTGGC_Case_922	439_GATGATCCAGTCTGGC	TRUE	TRUE
GATGATCGTGTGTCGC_Case_922	439_GATGATCGTGTGTCGC	TRUE	TRUE
GATGATCGTTGTACGT_Case_922	439_GATGATCGTTGTACGT	TRUE	TRUE
GATGATCTCGCATTGA_Case_922	439_GATGATCTCGCATTGA	TRUE	TRUE
GATGCTAAGACCTCAT_Case_922	439_GATGCTAAGACCTCAT	TRUE	TRUE
GATGCTAAGCTAAGTA_Case_922	439_GATGCTAAGCTAAGTA	TRUE	TRUE
GATGCTAGTAACGTTC_Case_922	439_GATGCTAGTAACGTTC	TRUE	TRUE
GATGCTAGTTCAGCTA_Case_922	439_GATGCTAGTTCAGCTA	TRUE	TRUE
GATGCTAGTTCGTTCC_Case_922	439_GATGCTAGTTCGTTCC	TRUE	TRUE
GATGGAGAGATAACGT_Case_922	439_GATGGAGAGATAACGT	TRUE	TRUE
GATGGAGAGTCATGAA_Case_922	439_GATGGAGAGTCATGAA	TRUE	TRUE
GATGGAGCAAATACGA_Case_922	439_GATGGAGCAAATACGA	TRUE	TRUE
GATGGAGGTACTCGAT_Case_922	439_GATGGAGGTACTCGAT	TRUE	TRUE
GATGGAGGTGCCCGTA_Case_922	439_GATGGAGGTGCCCGTA	TRUE	TRUE
GATGGAGTCGTGGCGT_Case_922	439_GATGGAGTCGTGGCGT	TRUE	TRUE
GATGTTGAGCACCGAA_Case_922	439_GATGTTGAGCACCGAA	TRUE	TRUE
GATGTTGAGTAACCTC_Case_922	439_GATGTTGAGTAACCTC	TRUE	TRUE
GATGTTGAGTGCTACT_Case_922	439_GATGTTGAGTGCTACT	TRUE	TRUE
GATGTTGAGTTGGACG_Case_922	439_GATGTTGAGTTGGACG	TRUE	TRUE
GATGTTGCAGAGTCTT_Case_922	439_GATGTTGCAGAGTCTT	TRUE	TRUE
GATGTTGGTGACTCTA_Case_922	439_GATGTTGGTGACTCTA	TRUE	TRUE
GATTCGAAGCCATTCA_Case_922	439_GATTCGAAGCCATTCA	TRUE	TRUE
GATTCGAAGTTGGACG_Case_922	439_GATTCGAAGTTGGACG	TRUE	TRUE
GATTCTTAGGCATGGT_Case_922	439_GATTCTTAGGCATGGT	TRUE	TRUE
GATTCTTCACGGTGCT_Case_922	439_GATTCTTCACGGTGCT	TRUE	TRUE
GATTCTTGTGAGCCAA_Case_922	439_GATTCTTGTGAGCCAA	TRUE	TRUE
GATTGGTAGACGTCGA_Case_922	439_GATTGGTAGACGTCGA	TRUE	TRUE
GATTGGTAGGTGAGAA_Case_922	439_GATTGGTAGGTGAGAA	TRUE	TRUE
GATTGGTTCCGTAGGC_Case_922	439_GATTGGTTCCGTAGGC	TRUE	TRUE
GATTTCTAGACCAGAC_Case_922	439_GATTTCTAGACCAGAC	TRUE	TRUE
GATTTCTAGTAGGCCA_Case_922	439_GATTTCTAGTAGGCCA	TRUE	TRUE
GATTTCTCAGAACGCA_Case_922	439_GATTTCTCAGAACGCA	TRUE	TRUE
GATTTCTCATTGAGGG_Case_922	439_GATTTCTCATTGAGGG	TRUE	TRUE
GATTTCTTCTTGGTCC_Case_922	439_GATTTCTTCTTGGTCC	TRUE	TRUE
GCAACATAGCGTCAAG_Case_922	439_GCAACATAGCGTCAAG	TRUE	TRUE
GCAACATCAGCGCTTG_Case_922	439_GCAACATCAGCGCTTG	TRUE	TRUE
GCAACATGTACCTAAC_Case_922	439_GCAACATGTACCTAAC	TRUE	TRUE
GCAACATGTCACCTTC_Case_922	439_GCAACATGTCACCTTC	TRUE	TRUE
GCAACATTCAAGCCAT_Case_922	439_GCAACATTCAAGCCAT	TRUE	TRUE
GCAACATTCCCGATCT_Case_922	439_GCAACATTCCCGATCT	TRUE	TRUE
GCAACCGAGAGCAACC_Case_922	439_GCAACCGAGAGCAACC	TRUE	TRUE
GCAACCGAGCACTAGG_Case_922	439_GCAACCGAGCACTAGG	TRUE	TRUE
GCAACCGCAGAAATTG_Case_922	439_GCAACCGCAGAAATTG	TRUE	TRUE
GCAACCGTCCGACAGC_Case_922	439_GCAACCGTCCGACAGC	TRUE	TRUE
GCACATACACGTGTGC_Case_922	439_GCACATACACGTGTGC	TRUE	TRUE
GCACATACACTACACA_Case_922	439_GCACATACACTACACA	TRUE	TRUE
GCACATAGTCGGTAAG_Case_922	439_GCACATAGTCGGTAAG	TRUE	TRUE
GCACATATCATAGACC_Case_922	439_GCACATATCATAGACC	TRUE	TRUE
GCACATATCCCTCTCC_Case_922	439_GCACATATCCCTCTCC	TRUE	TRUE
GCACATATCCTAGCGG_Case_922	439_GCACATATCCTAGCGG	TRUE	TRUE
GCACGGTAGCACACAG_Case_922	439_GCACGGTAGCACACAG	TRUE	TRUE
GCACGGTCAACGGGTA_Case_922	439_GCACGGTCAACGGGTA	TRUE	TRUE
GCACGGTTCGCCAATA_Case_922	439_GCACGGTTCGCCAATA	TRUE	TRUE
GCACGGTTCGCCGTGA_Case_922	439_GCACGGTTCGCCGTGA	TRUE	TRUE
GCACGTGAGGTAGATT_Case_922	439_GCACGTGAGGTAGATT	TRUE	TRUE
GCACGTGAGGTTGTTC_Case_922	439_GCACGTGAGGTTGTTC	TRUE	TRUE
GCACGTGGTAGGCTCC_Case_922	439_GCACGTGGTAGGCTCC	TRUE	TRUE
GCACTAAAGCAAATCA_Case_922	439_GCACTAAAGCAAATCA	TRUE	TRUE
GCACTAACAATTGAAG_Case_922	439_GCACTAACAATTGAAG	TRUE	TRUE
GCACTAATCGGCCTTT_Case_922	439_GCACTAATCGGCCTTT	TRUE	TRUE
GCAGCCAAGCTAAATG_Case_922	439_GCAGCCAAGCTAAATG	TRUE	TRUE
GCAGCCATCCCTGTTG_Case_922	439_GCAGCCATCCCTGTTG	TRUE	TRUE
GCAGCCATCCGTATGA_Case_922	439_GCAGCCATCCGTATGA	TRUE	TRUE
GCAGCTGAGAGGCTGT_Case_922	439_GCAGCTGAGAGGCTGT	TRUE	TRUE
GCAGCTGCATTGACAC_Case_922	439_GCAGCTGCATTGACAC	TRUE	TRUE
GCAGCTGGTTCTCAGA_Case_922	439_GCAGCTGGTTCTCAGA	TRUE	TRUE
GCAGGCTAGGGCCTCT_Case_922	439_GCAGGCTAGGGCCTCT	TRUE	TRUE
GCAGGCTCAAATACGA_Case_922	439_GCAGGCTCAAATACGA	TRUE	TRUE
GCAGGCTTCACCTTAT_Case_922	439_GCAGGCTTCACCTTAT	TRUE	TRUE
GCAGGCTTCTCCGAGG_Case_922	439_GCAGGCTTCTCCGAGG	TRUE	TRUE
GCAGTTAAGTACAACA_Case_922	439_GCAGTTAAGTACAACA	TRUE	TRUE
GCAGTTAAGTTCATGC_Case_922	439_GCAGTTAAGTTCATGC	TRUE	TRUE
GCAGTTATCTCTAGGA_Case_922	439_GCAGTTATCTCTAGGA	TRUE	TRUE
GCATCGGCAATTAGGA_Case_922	439_GCATCGGCAATTAGGA	TRUE	TRUE
GCATCGGTCCGTGCGA_Case_922	439_GCATCGGTCCGTGCGA	TRUE	TRUE
GCATCGGTCGACGAGA_Case_922	439_GCATCGGTCGACGAGA	TRUE	TRUE
GCATCTCAGTGATAAC_Case_922	439_GCATCTCAGTGATAAC	TRUE	TRUE
GCATCTCGTACGATCT_Case_922	439_GCATCTCGTACGATCT	TRUE	TRUE
GCATCTCGTATCCTCC_Case_922	439_GCATCTCGTATCCTCC	TRUE	TRUE
GCATCTCTCCTGTACC_Case_922	439_GCATCTCTCCTGTACC	TRUE	TRUE
GCATGATAGACGTCGA_Case_922	439_GCATGATAGACGTCGA	TRUE	TRUE
GCATGATAGGCTAGCA_Case_922	439_GCATGATAGGCTAGCA	TRUE	TRUE
GCATGATAGGGACCAT_Case_922	439_GCATGATAGGGACCAT	TRUE	TRUE
GCATTAGAGTTTGCTG_Case_922	439_GCATTAGAGTTTGCTG	TRUE	TRUE
GCATTAGCAAGTATCC_Case_922	439_GCATTAGCAAGTATCC	TRUE	TRUE
GCATTAGCACGTAGAG_Case_922	439_GCATTAGCACGTAGAG	TRUE	TRUE
GCATTAGGTTATGTGC_Case_922	439_GCATTAGGTTATGTGC	TRUE	TRUE
GCCAACGCATCTAACG_Case_922	439_GCCAACGCATCTAACG	TRUE	TRUE
GCCAACGGTGACATCT_Case_922	439_GCCAACGGTGACATCT	TRUE	TRUE
GCCAGCACAAACTCGT_Case_922	439_GCCAGCACAAACTCGT	TRUE	TRUE
GCCAGCACAATTGGTC_Case_922	439_GCCAGCACAATTGGTC	TRUE	TRUE
GCCAGCAGTGTCCGGT_Case_922	439_GCCAGCAGTGTCCGGT	TRUE	TRUE
GCCAGCATCAAACCTG_Case_922	439_GCCAGCATCAAACCTG	TRUE	TRUE
GCCAGGTGTAGACTGG_Case_922	439_GCCAGGTGTAGACTGG	TRUE	TRUE
GCCAGGTGTAGCCCTG_Case_922	439_GCCAGGTGTAGCCCTG	TRUE	TRUE
GCCAGGTGTCTAACGT_Case_922	439_GCCAGGTGTCTAACGT	TRUE	TRUE
GCCAGGTTCCAAACCA_Case_922	439_GCCAGGTTCCAAACCA	TRUE	TRUE
GCCAGGTTCCGATTAG_Case_922	439_GCCAGGTTCCGATTAG	TRUE	TRUE
GCCAGGTTCCTGTTAT_Case_922	439_GCCAGGTTCCTGTTAT	TRUE	TRUE
GCCAGTGAGGACACTG_Case_922	439_GCCAGTGAGGACACTG	TRUE	TRUE
GCCAGTGTCTAAGGAA_Case_922	439_GCCAGTGTCTAAGGAA	TRUE	TRUE
GCCAGTGTCTAGATCG_Case_922	439_GCCAGTGTCTAGATCG	TRUE	TRUE
GCCATGGAGGTAGTCG_Case_922	439_GCCATGGAGGTAGTCG	TRUE	TRUE
GCCATTCCAGCGTACC_Case_922	439_GCCATTCCAGCGTACC	TRUE	TRUE
GCCATTCTCCGTCCTA_Case_922	439_GCCATTCTCCGTCCTA	TRUE	TRUE
GCCCAGAAGCATCAGG_Case_922	439_GCCCAGAAGCATCAGG	TRUE	TRUE
GCCCAGACACTCCTTG_Case_922	439_GCCCAGACACTCCTTG	TRUE	TRUE
GCCCAGACATACAGCT_Case_922	439_GCCCAGACATACAGCT	TRUE	TRUE
GCCCAGAGTCCCGCAA_Case_922	439_GCCCAGAGTCCCGCAA	TRUE	TRUE
GCCCAGAGTGATGAAT_Case_922	439_GCCCAGAGTGATGAAT	TRUE	TRUE
GCCCAGAGTTTACCTT_Case_922	439_GCCCAGAGTTTACCTT	TRUE	TRUE
GCCCAGATCAAGCGTT_Case_922	439_GCCCAGATCAAGCGTT	TRUE	TRUE
GCCCAGATCCACCCTA_Case_922	439_GCCCAGATCCACCCTA	TRUE	TRUE
GCCCGAAAGCACCTGC_Case_922	439_GCCCGAAAGCACCTGC	TRUE	TRUE
GCCCGAAAGGATACAT_Case_922	439_GCCCGAAAGGATACAT	TRUE	TRUE
GCCCGAAAGTTGGCGA_Case_922	439_GCCCGAAAGTTGGCGA	TRUE	TRUE
GCCCGAACAGACGATG_Case_922	439_GCCCGAACAGACGATG	TRUE	TRUE
GCCCGAAGTGTTCGAT_Case_922	439_GCCCGAAGTGTTCGAT	TRUE	TRUE
GCCGATGAGCACCTGC_Case_922	439_GCCGATGAGCACCTGC	TRUE	TRUE
GCCGATGAGCCTTTCC_Case_922	439_GCCGATGAGCCTTTCC	TRUE	TRUE
GCCGATGGTTAGTCGT_Case_922	439_GCCGATGGTTAGTCGT	TRUE	TRUE
GCCGATGGTTGCCATA_Case_922	439_GCCGATGGTTGCCATA	TRUE	TRUE
GCCGATGTCTACGCGG_Case_922	439_GCCGATGTCTACGCGG	TRUE	TRUE
GCCGTGACATATGCGT_Case_922	439_GCCGTGACATATGCGT	TRUE	TRUE
GCCGTGAGTTGTCAGT_Case_922	439_GCCGTGAGTTGTCAGT	TRUE	TRUE
GCCGTGATCTCAAAGC_Case_922	439_GCCGTGATCTCAAAGC	TRUE	TRUE
GCCTGTTAGCTACTAC_Case_922	439_GCCTGTTAGCTACTAC	TRUE	TRUE
GCCTGTTCATTCACCC_Case_922	439_GCCTGTTCATTCACCC	TRUE	TRUE
GCCTGTTGTCCAGAAG_Case_922	439_GCCTGTTGTCCAGAAG	TRUE	TRUE
GCGAGAAGTACCGGAA_Case_922	439_GCGAGAAGTACCGGAA	TRUE	TRUE
GCGAGAAGTCGACTGC_Case_922	439_GCGAGAAGTCGACTGC	TRUE	TRUE
GCGAGAAGTCGCTGCA_Case_922	439_GCGAGAAGTCGCTGCA	TRUE	TRUE
GCGAGAAGTGTCGATT_Case_922	439_GCGAGAAGTGTCGATT	TRUE	TRUE
GCGAGAAGTTAAGTCC_Case_922	439_GCGAGAAGTTAAGTCC	TRUE	TRUE
GCGAGAAGTTATAGAG_Case_922	439_GCGAGAAGTTATAGAG	TRUE	TRUE
GCGATCGGTCTCGACG_Case_922	439_GCGATCGGTCTCGACG	TRUE	TRUE
GCGATCGTCCTCTCTT_Case_922	439_GCGATCGTCCTCTCTT	TRUE	TRUE
GCGGAAACACCGTGAC_Case_922	439_GCGGAAACACCGTGAC	TRUE	TRUE
GCGGAAACAGAACTCT_Case_922	439_GCGGAAACAGAACTCT	TRUE	TRUE
GCGGAAACATCACGGC_Case_922	439_GCGGAAACATCACGGC	TRUE	TRUE
GCGGAAATCGACACTA_Case_922	439_GCGGAAATCGACACTA	TRUE	TRUE
GCGGATCGTACTCCGG_Case_922	439_GCGGATCGTACTCCGG	TRUE	TRUE
GCGGATCGTAGTCCTA_Case_922	439_GCGGATCGTAGTCCTA	TRUE	TRUE
GCGTGCAAGGTAAACT_Case_922	439_GCGTGCAAGGTAAACT	TRUE	TRUE
GCGTGCACAATAACGA_Case_922	439_GCGTGCACAATAACGA	TRUE	TRUE
GCGTGCATCTGTGCAA_Case_922	439_GCGTGCATCTGTGCAA	TRUE	TRUE
GCGTTTCAGCCTCTTC_Case_922	439_GCGTTTCAGCCTCTTC	TRUE	TRUE
GCGTTTCAGGCGTTGA_Case_922	439_GCGTTTCAGGCGTTGA	TRUE	TRUE
GCGTTTCCAATATCCG_Case_922	439_GCGTTTCCAATATCCG	TRUE	TRUE
GCGTTTCGTGACAGCA_Case_922	439_GCGTTTCGTGACAGCA	TRUE	TRUE
GCGTTTCTCTATGCCC_Case_922	439_GCGTTTCTCTATGCCC	TRUE	TRUE
GCTACAAAGTTCTCTT_Case_922	439_GCTACAAAGTTCTCTT	TRUE	TRUE
GCTACAATCCGTTTCG_Case_922	439_GCTACAATCCGTTTCG	TRUE	TRUE
GCTACCTAGATGAAGG_Case_922	439_GCTACCTAGATGAAGG	TRUE	TRUE
GCTACCTCAGCTCATA_Case_922	439_GCTACCTCAGCTCATA	TRUE	TRUE
GCTACCTTCCATACTT_Case_922	439_GCTACCTTCCATACTT	TRUE	TRUE
GCTCAAAAGACTTCCA_Case_922	439_GCTCAAAAGACTTCCA	TRUE	TRUE
GCTCAAACATCGTCCT_Case_922	439_GCTCAAACATCGTCCT	TRUE	TRUE
GCTCAAAGTACAGCGA_Case_922	439_GCTCAAAGTACAGCGA	TRUE	TRUE
GCTCAAAGTCTAACTG_Case_922	439_GCTCAAAGTCTAACTG	TRUE	TRUE
GCTCAAATCACCATGA_Case_922	439_GCTCAAATCACCATGA	TRUE	TRUE
GCTCAAATCCGAAATC_Case_922	439_GCTCAAATCCGAAATC	TRUE	TRUE
GCTCAAATCGCTAGCG_Case_922	439_GCTCAAATCGCTAGCG	TRUE	TRUE
GCTGAATAGATTGTGA_Case_922	439_GCTGAATAGATTGTGA	TRUE	TRUE
GCTGAATAGGTCACAG_Case_922	439_GCTGAATAGGTCACAG	TRUE	TRUE
GCTGAATAGGTCATCT_Case_922	439_GCTGAATAGGTCATCT	TRUE	TRUE
GCTGAATAGTAAACTG_Case_922	439_GCTGAATAGTAAACTG	TRUE	TRUE
GCTGAATAGTTTCAGC_Case_922	439_GCTGAATAGTTTCAGC	TRUE	TRUE
GCTGAATGTATCTTCT_Case_922	439_GCTGAATGTATCTTCT	TRUE	TRUE
GCTGAATTCGTGGAAG_Case_922	439_GCTGAATTCGTGGAAG	TRUE	TRUE
GCTGCAGCACCGTCGA_Case_922	439_GCTGCAGCACCGTCGA	TRUE	TRUE
GCTGCAGCATTCACAG_Case_922	439_GCTGCAGCATTCACAG	TRUE	TRUE
GCTGCAGGTGGTATGG_Case_922	439_GCTGCAGGTGGTATGG	TRUE	TRUE
GCTGCAGTCCACAGGC_Case_922	439_GCTGCAGTCCACAGGC	TRUE	TRUE
GCTGGGTAGGTTGCCC_Case_922	439_GCTGGGTAGGTTGCCC	TRUE	TRUE
GCTGGGTCATCCAACA_Case_922	439_GCTGGGTCATCCAACA	TRUE	TRUE
GCTTCACAGTGAGGCT_Case_922	439_GCTTCACAGTGAGGCT	TRUE	TRUE
GCTTCACGTAGCACGA_Case_922	439_GCTTCACGTAGCACGA	TRUE	TRUE
GCTTCACTCTACTGAG_Case_922	439_GCTTCACTCTACTGAG	TRUE	TRUE
GCTTGGGAGGAAACGA_Case_922	439_GCTTGGGAGGAAACGA	TRUE	TRUE
GCTTGGGCATGGTGGA_Case_922	439_GCTTGGGCATGGTGGA	TRUE	TRUE
GCTTGGGTCGGAATTC_Case_922	439_GCTTGGGTCGGAATTC	TRUE	TRUE
GCTTTCGAGTTGGAAT_Case_922	439_GCTTTCGAGTTGGAAT	TRUE	TRUE
GCTTTCGTCCAGTTCC_Case_922	439_GCTTTCGTCCAGTTCC	TRUE	TRUE
GCTTTCGTCGTTCCTG_Case_922	439_GCTTTCGTCGTTCCTG	TRUE	TRUE
GGAACCCTCCAAATGC_Case_922	439_GGAACCCTCCAAATGC	TRUE	TRUE
GGAACCCTCTCCTGAC_Case_922	439_GGAACCCTCTCCTGAC	TRUE	TRUE
GGAAGTGAGGGCAGTT_Case_922	439_GGAAGTGAGGGCAGTT	TRUE	TRUE
GGAAGTGCATTCTCCG_Case_922	439_GGAAGTGCATTCTCCG	TRUE	TRUE
GGAAGTGGTGTCGATT_Case_922	439_GGAAGTGGTGTCGATT	TRUE	TRUE
GGAAGTGTCCGATGCG_Case_922	439_GGAAGTGTCCGATGCG	TRUE	TRUE
GGAAGTGTCTGAGCAT_Case_922	439_GGAAGTGTCTGAGCAT	TRUE	TRUE
GGAATCTAGGAGTACC_Case_922	439_GGAATCTAGGAGTACC	TRUE	TRUE
GGAATCTAGTAGTGCG_Case_922	439_GGAATCTAGTAGTGCG	TRUE	TRUE
GGAATCTCAGGTTCGC_Case_922	439_GGAATCTCAGGTTCGC	TRUE	TRUE
GGAATCTGTGCATTTG_Case_922	439_GGAATCTGTGCATTTG	TRUE	TRUE
GGAATGGAGATGATTG_Case_922	439_GGAATGGAGATGATTG	TRUE	TRUE
GGAATGGCAAACGGCA_Case_922	439_GGAATGGCAAACGGCA	TRUE	TRUE
GGAATGGGTACGGTTT_Case_922	439_GGAATGGGTACGGTTT	TRUE	TRUE
GGAATGGTCTGTGCAA_Case_922	439_GGAATGGTCTGTGCAA	TRUE	TRUE
GGACGTCCAGTTCCAA_Case_922	439_GGACGTCCAGTTCCAA	TRUE	TRUE
GGACGTCGTATCATGC_Case_922	439_GGACGTCGTATCATGC	TRUE	TRUE
GGACGTCGTCATAACC_Case_922	439_GGACGTCGTCATAACC	TRUE	TRUE
GGACGTCGTCCTCCTA_Case_922	439_GGACGTCGTCCTCCTA	TRUE	TRUE
GGACGTCTCCGTGGTG_Case_922	439_GGACGTCTCCGTGGTG	TRUE	TRUE
GGACGTCTCTCTCAAT_Case_922	439_GGACGTCTCTCTCAAT	TRUE	TRUE
GGAGAACAGCTGACAG_Case_922	439_GGAGAACAGCTGACAG	TRUE	TRUE
GGAGAACCAAACAGGC_Case_922	439_GGAGAACCAAACAGGC	TRUE	TRUE
GGAGAACCATTGTCGA_Case_922	439_GGAGAACCATTGTCGA	TRUE	TRUE
GGAGAACTCATTACGG_Case_922	439_GGAGAACTCATTACGG	TRUE	TRUE
GGAGAACTCGTAACTG_Case_922	439_GGAGAACTCGTAACTG	TRUE	TRUE
GGAGAACTCTATTCGT_Case_922	439_GGAGAACTCTATTCGT	TRUE	TRUE
GGAGATGAGGACTGGT_Case_922	439_GGAGATGAGGACTGGT	TRUE	TRUE
GGAGATGAGGGCAGGA_Case_922	439_GGAGATGAGGGCAGGA	TRUE	TRUE
GGAGATGGTACTGCGC_Case_922	439_GGAGATGGTACTGCGC	TRUE	TRUE
GGAGATGGTTGTAAAG_Case_922	439_GGAGATGGTTGTAAAG	TRUE	TRUE
GGAGATGTCCACAGGC_Case_922	439_GGAGATGTCCACAGGC	TRUE	TRUE
GGAGCAACAGACAAAT_Case_922	439_GGAGCAACAGACAAAT	TRUE	TRUE
GGAGCAACAGCTTTCC_Case_922	439_GGAGCAACAGCTTTCC	TRUE	TRUE
GGAGCAATCAAGCCGC_Case_922	439_GGAGCAATCAAGCCGC	TRUE	TRUE
GGAGCAATCAAGTAAG_Case_922	439_GGAGCAATCAAGTAAG	TRUE	TRUE
GGAGGATAGAGTTGTA_Case_922	439_GGAGGATAGAGTTGTA	TRUE	TRUE
GGAGGATAGGGCCAAT_Case_922	439_GGAGGATAGGGCCAAT	TRUE	TRUE
GGAGGATAGGTTCTAC_Case_922	439_GGAGGATAGGTTCTAC	TRUE	TRUE
GGAGGATGTCTCAAGT_Case_922	439_GGAGGATGTCTCAAGT	TRUE	TRUE
GGAGGTAAGTCCTACA_Case_922	439_GGAGGTAAGTCCTACA	TRUE	TRUE
GGAGGTAAGTTCTACG_Case_922	439_GGAGGTAAGTTCTACG	TRUE	TRUE
GGATCTACAACAGAGC_Case_922	439_GGATCTACAACAGAGC	TRUE	TRUE
GGATCTACACTGTGTA_Case_922	439_GGATCTACACTGTGTA	TRUE	TRUE
GGATCTAGTTCGGCCA_Case_922	439_GGATCTAGTTCGGCCA	TRUE	TRUE
GGATCTAGTTGTGCCG_Case_922	439_GGATCTAGTTGTGCCG	TRUE	TRUE
GGATGTTAGTCGCCCA_Case_922	439_GGATGTTAGTCGCCCA	TRUE	TRUE
GGATGTTCAGTTCTAG_Case_922	439_GGATGTTCAGTTCTAG	TRUE	TRUE
GGATGTTGTCACGACC_Case_922	439_GGATGTTGTCACGACC	TRUE	TRUE
GGATGTTGTTTAGTCG_Case_922	439_GGATGTTGTTTAGTCG	TRUE	TRUE
GGATGTTTCTTGGGCG_Case_922	439_GGATGTTTCTTGGGCG	TRUE	TRUE
GGCACGTAGCATCCCG_Case_922	439_GGCACGTAGCATCCCG	TRUE	TRUE
GGCACGTGTTATCTTC_Case_922	439_GGCACGTGTTATCTTC	TRUE	TRUE
GGCACGTTCCGCACTT_Case_922	439_GGCACGTTCCGCACTT	TRUE	TRUE
GGCACGTTCGGCAGTC_Case_922	439_GGCACGTTCGGCAGTC	TRUE	TRUE
GGCAGTCAGACATAAC_Case_922	439_GGCAGTCAGACATAAC	TRUE	TRUE
GGCAGTCAGCTAAACA_Case_922	439_GGCAGTCAGCTAAACA	TRUE	TRUE
GGCAGTCAGCTGGCTC_Case_922	439_GGCAGTCAGCTGGCTC	TRUE	TRUE
GGCAGTCAGTCTTCGA_Case_922	439_GGCAGTCAGTCTTCGA	TRUE	TRUE
GGCAGTCCAAATGAGT_Case_922	439_GGCAGTCCAAATGAGT	TRUE	TRUE
GGCAGTCCAACGTAAA_Case_922	439_GGCAGTCCAACGTAAA	TRUE	TRUE
GGCAGTCGTTCTCTCG_Case_922	439_GGCAGTCGTTCTCTCG	TRUE	TRUE
GGCAGTCTCACCTTAT_Case_922	439_GGCAGTCTCACCTTAT	TRUE	TRUE
GGCGTCAAGGTGGCTA_Case_922	439_GGCGTCAAGGTGGCTA	TRUE	TRUE
GGCGTCAAGTGGTTAA_Case_922	439_GGCGTCAAGTGGTTAA	TRUE	TRUE
GGCGTCATCACGGACC_Case_922	439_GGCGTCATCACGGACC	TRUE	TRUE
GGCTGTGAGCAACAGC_Case_922	439_GGCTGTGAGCAACAGC	TRUE	TRUE
GGCTGTGAGCTACTGT_Case_922	439_GGCTGTGAGCTACTGT	TRUE	TRUE
GGCTGTGGTGCAATGG_Case_922	439_GGCTGTGGTGCAATGG	TRUE	TRUE
GGCTGTGTCATAGAGA_Case_922	439_GGCTGTGTCATAGAGA	TRUE	TRUE
GGCTGTGTCTTAGCCC_Case_922	439_GGCTGTGTCTTAGCCC	TRUE	TRUE
GGCTTGGCAAACACGG_Case_922	439_GGCTTGGCAAACACGG	TRUE	TRUE
GGCTTGGCACAGCTGC_Case_922	439_GGCTTGGCACAGCTGC	TRUE	TRUE
GGCTTGGGTATGATCC_Case_922	439_GGCTTGGGTATGATCC	TRUE	TRUE
GGCTTTCCAACAGCTT_Case_922	439_GGCTTTCCAACAGCTT	TRUE	TRUE
GGCTTTCCACATATGC_Case_922	439_GGCTTTCCACATATGC	TRUE	TRUE
GGCTTTCGTAAGCAAT_Case_922	439_GGCTTTCGTAAGCAAT	TRUE	TRUE
GGCTTTCGTAAGGAGA_Case_922	439_GGCTTTCGTAAGGAGA	TRUE	TRUE
GGGAAGTCACCATATG_Case_922	439_GGGAAGTCACCATATG	TRUE	TRUE
GGGAAGTTCCCGAACG_Case_922	439_GGGAAGTTCCCGAACG	TRUE	TRUE
GGGAAGTTCCGATCTC_Case_922	439_GGGAAGTTCCGATCTC	TRUE	TRUE
GGGACAAAGCGACAGT_Case_922	439_GGGACAAAGCGACAGT	TRUE	TRUE
GGGACAAAGTGCCTCG_Case_922	439_GGGACAAAGTGCCTCG	TRUE	TRUE
GGGACAACATGACCCG_Case_922	439_GGGACAACATGACCCG	TRUE	TRUE
GGGACAAGTATTCCGA_Case_922	439_GGGACAAGTATTCCGA	TRUE	TRUE
GGGACCTCACACACTA_Case_922	439_GGGACCTCACACACTA	TRUE	TRUE
GGGACCTCACCTGTCT_Case_922	439_GGGACCTCACCTGTCT	TRUE	TRUE
GGGACCTGTTCATCGA_Case_922	439_GGGACCTGTTCATCGA	TRUE	TRUE
GGGACCTTCTACTCAT_Case_922	439_GGGACCTTCTACTCAT	TRUE	TRUE
GGGACTCCAACAGAGC_Case_922	439_GGGACTCCAACAGAGC	TRUE	TRUE
GGGACTCCAATGGCAG_Case_922	439_GGGACTCCAATGGCAG	TRUE	TRUE
GGGACTCCATGTGACT_Case_922	439_GGGACTCCATGTGACT	TRUE	TRUE
GGGACTCGTAGAGTTA_Case_922	439_GGGACTCGTAGAGTTA	TRUE	TRUE
GGGACTCTCAGAGCGA_Case_922	439_GGGACTCTCAGAGCGA	TRUE	TRUE
GGGACTCTCATCCTAT_Case_922	439_GGGACTCTCATCCTAT	TRUE	TRUE
GGGACTCTCATGCCCT_Case_922	439_GGGACTCTCATGCCCT	TRUE	TRUE
GGGACTCTCTCATAGG_Case_922	439_GGGACTCTCTCATAGG	TRUE	TRUE
GGGAGATAGCTTTCCC_Case_922	439_GGGAGATAGCTTTCCC	TRUE	TRUE
GGGAGATGTCTAGGTT_Case_922	439_GGGAGATGTCTAGGTT	TRUE	TRUE
GGGAGATGTGCAACAG_Case_922	439_GGGAGATGTGCAACAG	TRUE	TRUE
GGGAGATTCAGCTCTC_Case_922	439_GGGAGATTCAGCTCTC	TRUE	TRUE
GGGAGTAAGGTATTGA_Case_922	439_GGGAGTAAGGTATTGA	TRUE	TRUE
GGGAGTAGTAAGGTCG_Case_922	439_GGGAGTAGTAAGGTCG	TRUE	TRUE
GGGAGTAGTACGCGTC_Case_922	439_GGGAGTAGTACGCGTC	TRUE	TRUE
GGGAGTAGTGCCCGTA_Case_922	439_GGGAGTAGTGCCCGTA	TRUE	TRUE
GGGAGTAGTGGCCTCA_Case_922	439_GGGAGTAGTGGCCTCA	TRUE	TRUE
GGGAGTATCAGGCGAA_Case_922	439_GGGAGTATCAGGCGAA	TRUE	TRUE
GGGATCCCAGAGTGAC_Case_922	439_GGGATCCCAGAGTGAC	TRUE	TRUE
GGGATCCGTACCGCGT_Case_922	439_GGGATCCGTACCGCGT	TRUE	TRUE
GGGATCCTCAAGCCCG_Case_922	439_GGGATCCTCAAGCCCG	TRUE	TRUE
GGGATGAAGCCATCCG_Case_922	439_GGGATGAAGCCATCCG	TRUE	TRUE
GGGATGAGTTGCTAGT_Case_922	439_GGGATGAGTTGCTAGT	TRUE	TRUE
GGGCCATAGGGATGTC_Case_922	439_GGGCCATAGGGATGTC	TRUE	TRUE
GGGCCATAGGTTCATC_Case_922	439_GGGCCATAGGTTCATC	TRUE	TRUE
GGGCCATGTCATCCCT_Case_922	439_GGGCCATGTCATCCCT	TRUE	TRUE
GGGCCATTCCGCAAAT_Case_922	439_GGGCCATTCCGCAAAT	TRUE	TRUE
GGGCGTTTCGGCCTTT_Case_922	439_GGGCGTTTCGGCCTTT	TRUE	TRUE
GGGCGTTTCGGTGTAT_Case_922	439_GGGCGTTTCGGTGTAT	TRUE	TRUE
GGGCTACAGACCTCCG_Case_922	439_GGGCTACAGACCTCCG	TRUE	TRUE
GGGCTACAGATTCGCT_Case_922	439_GGGCTACAGATTCGCT	TRUE	TRUE
GGGCTACTCTGACGCG_Case_922	439_GGGCTACTCTGACGCG	TRUE	TRUE
GGGCTCAGTCACTCTC_Case_922	439_GGGCTCAGTCACTCTC	TRUE	TRUE
GGGCTCAGTCCGAAGA_Case_922	439_GGGCTCAGTCCGAAGA	TRUE	TRUE
GGGCTCATCTAGCCTC_Case_922	439_GGGCTCATCTAGCCTC	TRUE	TRUE
GGGTAGACAGACCATT_Case_922	439_GGGTAGACAGACCATT	TRUE	TRUE
GGGTAGAGTATGAAAC_Case_922	439_GGGTAGAGTATGAAAC	TRUE	TRUE
GGGTAGATCCTTGACC_Case_922	439_GGGTAGATCCTTGACC	TRUE	TRUE
GGGTATTCAGACGGAT_Case_922	439_GGGTATTCAGACGGAT	TRUE	TRUE
GGGTATTGTGGGACAT_Case_922	439_GGGTATTGTGGGACAT	TRUE	TRUE
GGGTATTGTTGATCGT_Case_922	439_GGGTATTGTTGATCGT	TRUE	TRUE
GGGTATTTCCATCGTC_Case_922	439_GGGTATTTCCATCGTC	TRUE	TRUE
GGGTCACCAATGTTGC_Case_922	439_GGGTCACCAATGTTGC	TRUE	TRUE
GGGTCACCATGCGGTC_Case_922	439_GGGTCACCATGCGGTC	TRUE	TRUE
GGGTCACGTACGATCT_Case_922	439_GGGTCACGTACGATCT	TRUE	TRUE
GGGTCTGAGCGTTCCG_Case_922	439_GGGTCTGAGCGTTCCG	TRUE	TRUE
GGGTCTGAGCTTGTTG_Case_922	439_GGGTCTGAGCTTGTTG	TRUE	TRUE
GGGTCTGAGTTATGGA_Case_922	439_GGGTCTGAGTTATGGA	TRUE	TRUE
GGGTCTGGTACTGAGG_Case_922	439_GGGTCTGGTACTGAGG	TRUE	TRUE
GGGTCTGGTATTTCTC_Case_922	439_GGGTCTGGTATTTCTC	TRUE	TRUE
GGGTGAACAATATCCG_Case_922	439_GGGTGAACAATATCCG	TRUE	TRUE
GGGTGAAGTACCTTCC_Case_922	439_GGGTGAAGTACCTTCC	TRUE	TRUE
GGGTGAAGTATTGGCT_Case_922	439_GGGTGAAGTATTGGCT	TRUE	TRUE
GGGTGAAGTTATCTGG_Case_922	439_GGGTGAAGTTATCTGG	TRUE	TRUE
GGGTGTCCAGGTACGA_Case_922	439_GGGTGTCCAGGTACGA	TRUE	TRUE
GGGTGTCGTGCATCTA_Case_922	439_GGGTGTCGTGCATCTA	TRUE	TRUE
GGGTGTCTCTCCTGCA_Case_922	439_GGGTGTCTCTCCTGCA	TRUE	TRUE
GGGTTATAGCTGGCCT_Case_922	439_GGGTTATAGCTGGCCT	TRUE	TRUE
GGGTTATAGTGGATTA_Case_922	439_GGGTTATAGTGGATTA	TRUE	TRUE
GGGTTATCACCGTGGT_Case_922	439_GGGTTATCACCGTGGT	TRUE	TRUE
GGGTTATCACGACAAG_Case_922	439_GGGTTATCACGACAAG	TRUE	TRUE
GGGTTATGTCTTGAAC_Case_922	439_GGGTTATGTCTTGAAC	TRUE	TRUE
GGGTTATGTGGCACTC_Case_922	439_GGGTTATGTGGCACTC	TRUE	TRUE
GGGTTTAGTCAAATCC_Case_922	439_GGGTTTAGTCAAATCC	TRUE	TRUE
GGTAATCAGGTGATCG_Case_922	439_GGTAATCAGGTGATCG	TRUE	TRUE
GGTAATCAGTAAGAGG_Case_922	439_GGTAATCAGTAAGAGG	TRUE	TRUE
GGTAATCCAGCTATAC_Case_922	439_GGTAATCCAGCTATAC	TRUE	TRUE
GGTAATCTCGCGTGAC_Case_922	439_GGTAATCTCGCGTGAC	TRUE	TRUE
GGTAGAGCAGGAGACT_Case_922	439_GGTAGAGCAGGAGACT	TRUE	TRUE
GGTAGAGGTCGCAGTC_Case_922	439_GGTAGAGGTCGCAGTC	TRUE	TRUE
GGTAGAGGTTTGACAC_Case_922	439_GGTAGAGGTTTGACAC	TRUE	TRUE
GGTAGAGTCTTGCAAG_Case_922	439_GGTAGAGTCTTGCAAG	TRUE	TRUE
GGTAGAGTCTTGGCTC_Case_922	439_GGTAGAGTCTTGGCTC	TRUE	TRUE
GGTCACGAGATCGGTG_Case_922	439_GGTCACGAGATCGGTG	TRUE	TRUE
GGTCACGAGGCATGGT_Case_922	439_GGTCACGAGGCATGGT	TRUE	TRUE
GGTCACGAGGTATTGA_Case_922	439_GGTCACGAGGTATTGA	TRUE	TRUE
GGTCACGCACCTGAAT_Case_922	439_GGTCACGCACCTGAAT	TRUE	TRUE
GGTCACGCAGCAAGAC_Case_922	439_GGTCACGCAGCAAGAC	TRUE	TRUE
GGTCACGCATAATCCG_Case_922	439_GGTCACGCATAATCCG	TRUE	TRUE
GGTCACGGTCGCCACA_Case_922	439_GGTCACGGTCGCCACA	TRUE	TRUE
GGTCACGGTCGTGATT_Case_922	439_GGTCACGGTCGTGATT	TRUE	TRUE
GGTCACGGTGGCTGCT_Case_922	439_GGTCACGGTGGCTGCT	TRUE	TRUE
GGTCACGTCATTTGGG_Case_922	439_GGTCACGTCATTTGGG	TRUE	TRUE
GGTCTGGAGTCTTGGT_Case_922	439_GGTCTGGAGTCTTGGT	TRUE	TRUE
GGTCTGGCACAACCGC_Case_922	439_GGTCTGGCACAACCGC	TRUE	TRUE
GGTCTGGGTCGCACAC_Case_922	439_GGTCTGGGTCGCACAC	TRUE	TRUE
GGTCTGGTCGTGCATA_Case_922	439_GGTCTGGTCGTGCATA	TRUE	TRUE
GGTCTGGTCGTTCCCA_Case_922	439_GGTCTGGTCGTTCCCA	TRUE	TRUE
GGTGAAGAGACTCGAG_Case_922	439_GGTGAAGAGACTCGAG	TRUE	TRUE
GGTGAAGAGTCCTGTA_Case_922	439_GGTGAAGAGTCCTGTA	TRUE	TRUE
GGTGAAGCACTTCTCG_Case_922	439_GGTGAAGCACTTCTCG	TRUE	TRUE
GGTGAAGGTGGCTTAT_Case_922	439_GGTGAAGGTGGCTTAT	TRUE	TRUE
GGTGAAGTCTAGCCAA_Case_922	439_GGTGAAGTCTAGCCAA	TRUE	TRUE
GGTGATTCAACTGCCG_Case_922	439_GGTGATTCAACTGCCG	TRUE	TRUE
GGTGATTCACTGGATT_Case_922	439_GGTGATTCACTGGATT	TRUE	TRUE
GGTGATTGTACCTATG_Case_922	439_GGTGATTGTACCTATG	TRUE	TRUE
GGTGATTTCAGTGTCA_Case_922	439_GGTGATTTCAGTGTCA	TRUE	TRUE
GGTGATTTCCTTCAGC_Case_922	439_GGTGATTTCCTTCAGC	TRUE	TRUE
GGTGGCTGTGGTCAAG_Case_922	439_GGTGGCTGTGGTCAAG	TRUE	TRUE
GGTGGCTTCAATCAGC_Case_922	439_GGTGGCTTCAATCAGC	TRUE	TRUE
GGTGGCTTCTGTTCAT_Case_922	439_GGTGGCTTCTGTTCAT	TRUE	TRUE
GGTGTCGAGACTTCCA_Case_922	439_GGTGTCGAGACTTCCA	TRUE	TRUE
GGTGTCGAGAGGTGCT_Case_922	439_GGTGTCGAGAGGTGCT	TRUE	TRUE
GGTGTCGAGCGCCCAT_Case_922	439_GGTGTCGAGCGCCCAT	TRUE	TRUE
GGTGTCGCACCTCTGT_Case_922	439_GGTGTCGCACCTCTGT	TRUE	TRUE
GGTGTCGGTATAGGAT_Case_922	439_GGTGTCGGTATAGGAT	TRUE	TRUE
GGTGTCGGTTTGGAGG_Case_922	439_GGTGTCGGTTTGGAGG	TRUE	TRUE
GGTGTCGTCATCGCAA_Case_922	439_GGTGTCGTCATCGCAA	TRUE	TRUE
GGTGTTAGTTACGGAG_Case_922	439_GGTGTTAGTTACGGAG	TRUE	TRUE
GGTGTTATCGTGCATA_Case_922	439_GGTGTTATCGTGCATA	TRUE	TRUE
GGTTAACAGTCCCTAA_Case_922	439_GGTTAACAGTCCCTAA	TRUE	TRUE
GGTTAACGTTCCGCAG_Case_922	439_GGTTAACGTTCCGCAG	TRUE	TRUE
GGTTAACTCCTGCCAT_Case_922	439_GGTTAACTCCTGCCAT	TRUE	TRUE
GGTTCTCAGAGAGCGG_Case_922	439_GGTTCTCAGAGAGCGG	TRUE	TRUE
GGTTCTCAGCGATGGT_Case_922	439_GGTTCTCAGCGATGGT	TRUE	TRUE
GGTTCTCAGGTTCCAT_Case_922	439_GGTTCTCAGGTTCCAT	TRUE	TRUE
GGTTCTCAGGTTGACG_Case_922	439_GGTTCTCAGGTTGACG	TRUE	TRUE
GGTTCTCTCAGGCGAA_Case_922	439_GGTTCTCTCAGGCGAA	TRUE	TRUE
GGTTGTAGTTCAAGGG_Case_922	439_GGTTGTAGTTCAAGGG	TRUE	TRUE
GGTTGTATCATTGCGA_Case_922	439_GGTTGTATCATTGCGA	TRUE	TRUE
GGTTGTATCCATACTT_Case_922	439_GGTTGTATCCATACTT	TRUE	TRUE
GTAACACAGACGAAGA_Case_922	439_GTAACACAGACGAAGA	TRUE	TRUE
GTAACACAGGCAATGC_Case_922	439_GTAACACAGGCAATGC	TRUE	TRUE
GTAACACTCCCTTGTG_Case_922	439_GTAACACTCCCTTGTG	TRUE	TRUE
GTAACCAGTAACGGTG_Case_922	439_GTAACCAGTAACGGTG	TRUE	TRUE
GTAAGTCGTACGAAAT_Case_922	439_GTAAGTCGTACGAAAT	TRUE	TRUE
GTAAGTCGTCCTGGTG_Case_922	439_GTAAGTCGTCCTGGTG	TRUE	TRUE
GTAAGTCGTCGTTGGC_Case_922	439_GTAAGTCGTCGTTGGC	TRUE	TRUE
GTAAGTCGTGCTGCAC_Case_922	439_GTAAGTCGTGCTGCAC	TRUE	TRUE
GTAATCGAGCGCTGCT_Case_922	439_GTAATCGAGCGCTGCT	TRUE	TRUE
GTAATCGGTTCGCGTG_Case_922	439_GTAATCGGTTCGCGTG	TRUE	TRUE
GTAATCGGTTTACCAG_Case_922	439_GTAATCGGTTTACCAG	TRUE	TRUE
GTAATCGTCCCACAGG_Case_922	439_GTAATCGTCCCACAGG	TRUE	TRUE
GTAATGCAGGACATCG_Case_922	439_GTAATGCAGGACATCG	TRUE	TRUE
GTAATGCAGGTCACCC_Case_922	439_GTAATGCAGGTCACCC	TRUE	TRUE
GTAATGCCAACTTCTT_Case_922	439_GTAATGCCAACTTCTT	TRUE	TRUE
GTAATGCCAGGGATAC_Case_922	439_GTAATGCCAGGGATAC	TRUE	TRUE
GTAATGCGTCTTTATC_Case_922	439_GTAATGCGTCTTTATC	TRUE	TRUE
GTACAACGTCAAAGCG_Case_922	439_GTACAACGTCAAAGCG	TRUE	TRUE
GTACAACGTGGTTCTA_Case_922	439_GTACAACGTGGTTCTA	TRUE	TRUE
GTACAACTCAGTGGGA_Case_922	439_GTACAACTCAGTGGGA	TRUE	TRUE
GTACAACTCCGTAGGC_Case_922	439_GTACAACTCCGTAGGC	TRUE	TRUE
GTACAGTCAGGTGTGA_Case_922	439_GTACAGTCAGGTGTGA	TRUE	TRUE
GTAGAAAAGCAGCCCT_Case_922	439_GTAGAAAAGCAGCCCT	TRUE	TRUE
GTAGAAAAGGATGGCT_Case_922	439_GTAGAAAAGGATGGCT	TRUE	TRUE
GTAGAAACAAAGAGTT_Case_922	439_GTAGAAACAAAGAGTT	TRUE	TRUE
GTAGAAAGTACAAGTA_Case_922	439_GTAGAAAGTACAAGTA	TRUE	TRUE
GTAGAAAGTATCTCGA_Case_922	439_GTAGAAAGTATCTCGA	TRUE	TRUE
GTAGAAAGTCTTCTAT_Case_922	439_GTAGAAAGTCTTCTAT	TRUE	TRUE
GTAGAAATCCGGACTG_Case_922	439_GTAGAAATCCGGACTG	TRUE	TRUE
GTAGAAATCTCATGGA_Case_922	439_GTAGAAATCTCATGGA	TRUE	TRUE
GTAGAGGGTAAGCGGT_Case_922	439_GTAGAGGGTAAGCGGT	TRUE	TRUE
GTAGAGGGTCAAGCGA_Case_922	439_GTAGAGGGTCAAGCGA	TRUE	TRUE
GTAGAGGTCCGATGCG_Case_922	439_GTAGAGGTCCGATGCG	TRUE	TRUE
GTAGAGGTCTAAGGAA_Case_922	439_GTAGAGGTCTAAGGAA	TRUE	TRUE
GTAGATCAGTATGGCG_Case_922	439_GTAGATCAGTATGGCG	TRUE	TRUE
GTAGATCGTCGAGTTT_Case_922	439_GTAGATCGTCGAGTTT	TRUE	TRUE
GTAGGAGAGTGCACAG_Case_922	439_GTAGGAGAGTGCACAG	TRUE	TRUE
GTAGGAGCAGATAAAC_Case_922	439_GTAGGAGCAGATAAAC	TRUE	TRUE
GTAGGAGGTAGAAACT_Case_922	439_GTAGGAGGTAGAAACT	TRUE	TRUE
GTAGGAGGTGTTTACG_Case_922	439_GTAGGAGGTGTTTACG	TRUE	TRUE
GTAGGAGTCCATTGCC_Case_922	439_GTAGGAGTCCATTGCC	TRUE	TRUE
GTAGGAGTCCTCATAT_Case_922	439_GTAGGAGTCCTCATAT	TRUE	TRUE
GTAGGTTAGAAGCGGG_Case_922	439_GTAGGTTAGAAGCGGG	TRUE	TRUE
GTAGGTTGTCTCTCCA_Case_922	439_GTAGGTTGTCTCTCCA	TRUE	TRUE
GTAGGTTGTTCTCGCT_Case_922	439_GTAGGTTGTTCTCGCT	TRUE	TRUE
GTAGGTTTCTATGCCC_Case_922	439_GTAGGTTTCTATGCCC	TRUE	TRUE
GTAGTACAGACGCCAA_Case_922	439_GTAGTACAGACGCCAA	TRUE	TRUE
GTAGTACAGCGCCTAC_Case_922	439_GTAGTACAGCGCCTAC	TRUE	TRUE
GTAGTACAGGTCTACT_Case_922	439_GTAGTACAGGTCTACT	TRUE	TRUE
GTAGTACCAATCTAGC_Case_922	439_GTAGTACCAATCTAGC	TRUE	TRUE
GTAGTACCACTGGCGT_Case_922	439_GTAGTACCACTGGCGT	TRUE	TRUE
GTAGTACCAGTCTACA_Case_922	439_GTAGTACCAGTCTACA	TRUE	TRUE
GTAGTACCATAATGAG_Case_922	439_GTAGTACCATAATGAG	TRUE	TRUE
GTATTGGCACCTCTAC_Case_922	439_GTATTGGCACCTCTAC	TRUE	TRUE
GTATTGGCATCTATCT_Case_922	439_GTATTGGCATCTATCT	TRUE	TRUE
GTATTGGGTAGATTAG_Case_922	439_GTATTGGGTAGATTAG	TRUE	TRUE
GTATTGGGTCGTTCAA_Case_922	439_GTATTGGGTCGTTCAA	TRUE	TRUE
GTATTGGTCAACACCA_Case_922	439_GTATTGGTCAACACCA	TRUE	TRUE
GTATTTCGTGGTCCGT_Case_922	439_GTATTTCGTGGTCCGT	TRUE	TRUE
GTATTTCTCAAGCCAT_Case_922	439_GTATTTCTCAAGCCAT	TRUE	TRUE
GTCAAACCATACAGCT_Case_922	439_GTCAAACCATACAGCT	TRUE	TRUE
GTCAAACGTAGATGTA_Case_922	439_GTCAAACGTAGATGTA	TRUE	TRUE
GTCAAACGTATCCCAA_Case_922	439_GTCAAACGTATCCCAA	TRUE	TRUE
GTCAAACGTATGTCCA_Case_922	439_GTCAAACGTATGTCCA	TRUE	TRUE
GTCAAGTAGTACCATC_Case_922	439_GTCAAGTAGTACCATC	TRUE	TRUE
GTCAAGTCAAATTAGG_Case_922	439_GTCAAGTCAAATTAGG	TRUE	TRUE
GTCAAGTCACTCACTC_Case_922	439_GTCAAGTCACTCACTC	TRUE	TRUE
GTCAAGTTCGCCGAGT_Case_922	439_GTCAAGTTCGCCGAGT	TRUE	TRUE
GTCACGGCATTCAGCA_Case_922	439_GTCACGGCATTCAGCA	TRUE	TRUE
GTCACGGGTAGATCCT_Case_922	439_GTCACGGGTAGATCCT	TRUE	TRUE
GTCACGGGTCACATTG_Case_922	439_GTCACGGGTCACATTG	TRUE	TRUE
GTCACGGGTTAAGTCC_Case_922	439_GTCACGGGTTAAGTCC	TRUE	TRUE
GTCACTCAGAAAGCGA_Case_922	439_GTCACTCAGAAAGCGA	TRUE	TRUE
GTCACTCCAAGAGTGC_Case_922	439_GTCACTCCAAGAGTGC	TRUE	TRUE
GTCACTCGTCTGTGCG_Case_922	439_GTCACTCGTCTGTGCG	TRUE	TRUE
GTCACTCGTCTTGTCC_Case_922	439_GTCACTCGTCTTGTCC	TRUE	TRUE
GTCACTCGTTGGGACA_Case_922	439_GTCACTCGTTGGGACA	TRUE	TRUE
GTCACTCTCACTCACC_Case_922	439_GTCACTCTCACTCACC	TRUE	TRUE
GTCACTCTCGCTACAA_Case_922	439_GTCACTCTCGCTACAA	TRUE	TRUE
GTCAGCGCACGGATCC_Case_922	439_GTCAGCGCACGGATCC	TRUE	TRUE
GTCAGCGGTCGAGTGA_Case_922	439_GTCAGCGGTCGAGTGA	TRUE	TRUE
GTCAGCGGTGGTCTAT_Case_922	439_GTCAGCGGTGGTCTAT	TRUE	TRUE
GTCATCCAGGTAGATT_Case_922	439_GTCATCCAGGTAGATT	TRUE	TRUE
GTCATCCCAAGCTCTA_Case_922	439_GTCATCCCAAGCTCTA	TRUE	TRUE
GTCATCCCACCTGATA_Case_922	439_GTCATCCCACCTGATA	TRUE	TRUE
GTCATCCCAGGCTCTG_Case_922	439_GTCATCCCAGGCTCTG	TRUE	TRUE
GTCATCCGTAGAGGAA_Case_922	439_GTCATCCGTAGAGGAA	TRUE	TRUE
GTCATCCGTCTGTGAT_Case_922	439_GTCATCCGTCTGTGAT	TRUE	TRUE
GTCATGACAACCTAAC_Case_922	439_GTCATGACAACCTAAC	TRUE	TRUE
GTCATTTAGCCTCTTC_Case_922	439_GTCATTTAGCCTCTTC	TRUE	TRUE
GTCATTTCACTCCTGT_Case_922	439_GTCATTTCACTCCTGT	TRUE	TRUE
GTCATTTTCATTTCCA_Case_922	439_GTCATTTTCATTTCCA	TRUE	TRUE
GTCATTTTCGACATTG_Case_922	439_GTCATTTTCGACATTG	TRUE	TRUE
GTCCACTAGACAACAT_Case_922	439_GTCCACTAGACAACAT	TRUE	TRUE
GTCCACTAGCGGTATG_Case_922	439_GTCCACTAGCGGTATG	TRUE	TRUE
GTCCACTAGGCATCGA_Case_922	439_GTCCACTAGGCATCGA	TRUE	TRUE
GTCCACTAGGTGCTGA_Case_922	439_GTCCACTAGGTGCTGA	TRUE	TRUE
GTCCACTCAGACCTAT_Case_922	439_GTCCACTCAGACCTAT	TRUE	TRUE
GTCCACTCAGACGATG_Case_922	439_GTCCACTCAGACGATG	TRUE	TRUE
GTCCACTGTAAGATAC_Case_922	439_GTCCACTGTAAGATAC	TRUE	TRUE
GTCCCATAGCATGAAT_Case_922	439_GTCCCATAGCATGAAT	TRUE	TRUE
GTCCCATCATACCACA_Case_922	439_GTCCCATCATACCACA	TRUE	TRUE
GTCCCATGTGATACAA_Case_922	439_GTCCCATGTGATACAA	TRUE	TRUE
GTCCTCACACTGCATA_Case_922	439_GTCCTCACACTGCATA	TRUE	TRUE
GTCCTCACAGGCATGA_Case_922	439_GTCCTCACAGGCATGA	TRUE	TRUE
GTCCTCACAGTAGATA_Case_922	439_GTCCTCACAGTAGATA	TRUE	TRUE
GTCCTCAGTATCGGTT_Case_922	439_GTCCTCAGTATCGGTT	TRUE	TRUE
GTCCTCAGTGTTACAC_Case_922	439_GTCCTCAGTGTTACAC	TRUE	TRUE
GTCGAATGTGATATAG_Case_922	439_GTCGAATGTGATATAG	TRUE	TRUE
GTCGCGAAGTAAGACT_Case_922	439_GTCGCGAAGTAAGACT	TRUE	TRUE
GTCGCGACAATTTCGG_Case_922	439_GTCGCGACAATTTCGG	TRUE	TRUE
GTCGCGAGTATCTTCT_Case_922	439_GTCGCGAGTATCTTCT	TRUE	TRUE
GTCGCGAGTGACTGTT_Case_922	439_GTCGCGAGTGACTGTT	TRUE	TRUE
GTCGCGATCAGGACAG_Case_922	439_GTCGCGATCAGGACAG	TRUE	TRUE
GTCGCGATCCGTATGA_Case_922	439_GTCGCGATCCGTATGA	TRUE	TRUE
GTCGCGATCGATCCCT_Case_922	439_GTCGCGATCGATCCCT	TRUE	TRUE
GTCGTAACAGGAGACT_Case_922	439_GTCGTAACAGGAGACT	TRUE	TRUE
GTCGTAAGTACTGTTG_Case_922	439_GTCGTAAGTACTGTTG	TRUE	TRUE
GTCGTAATCGAGAACG_Case_922	439_GTCGTAATCGAGAACG	TRUE	TRUE
GTCGTTCAGTTGAATG_Case_922	439_GTCGTTCAGTTGAATG	TRUE	TRUE
GTCGTTCCACTCACTC_Case_922	439_GTCGTTCCACTCACTC	TRUE	TRUE
GTCGTTCCAGATCATC_Case_922	439_GTCGTTCCAGATCATC	TRUE	TRUE
GTCGTTCCATTAGGAA_Case_922	439_GTCGTTCCATTAGGAA	TRUE	TRUE
GTCGTTCGTAGCTCGC_Case_922	439_GTCGTTCGTAGCTCGC	TRUE	TRUE
GTCGTTCTCGCCTAGG_Case_922	439_GTCGTTCTCGCCTAGG	TRUE	TRUE
GTCGTTCTCTCTGCCA_Case_922	439_GTCGTTCTCTCTGCCA	TRUE	TRUE
GTCGTTCTCTTACTGT_Case_922	439_GTCGTTCTCTTACTGT	TRUE	TRUE
GTCTACCAGAACGTGC_Case_922	439_GTCTACCAGAACGTGC	TRUE	TRUE
GTCTACCAGTAAGCAT_Case_922	439_GTCTACCAGTAAGCAT	TRUE	TRUE
GTCTACCGTCGACTTA_Case_922	439_GTCTACCGTCGACTTA	TRUE	TRUE
GTCTACCTCCACAAGT_Case_922	439_GTCTACCTCCACAAGT	TRUE	TRUE
GTCTAGAAGGAGGGTG_Case_922	439_GTCTAGAAGGAGGGTG	TRUE	TRUE
GTCTAGACAAGACCTT_Case_922	439_GTCTAGACAAGACCTT	TRUE	TRUE
GTCTAGACAAGCTGTT_Case_922	439_GTCTAGACAAGCTGTT	TRUE	TRUE
GTCTAGAGTACTAGCT_Case_922	439_GTCTAGAGTACTAGCT	TRUE	TRUE
GTCTAGATCTCATTTG_Case_922	439_GTCTAGATCTCATTTG	TRUE	TRUE
GTCTCACAGAGCATTA_Case_922	439_GTCTCACAGAGCATTA	TRUE	TRUE
GTCTCACCATGAGAAT_Case_922	439_GTCTCACCATGAGAAT	TRUE	TRUE
GTCTCACTCGGACTGC_Case_922	439_GTCTCACTCGGACTGC	TRUE	TRUE
GTCTGTCGTCGCACAC_Case_922	439_GTCTGTCGTCGCACAC	TRUE	TRUE
GTCTGTCTCACATCAG_Case_922	439_GTCTGTCTCACATCAG	TRUE	TRUE
GTCTGTCTCCCTCATG_Case_922	439_GTCTGTCTCCCTCATG	TRUE	TRUE
GTCTGTCTCGCATAGT_Case_922	439_GTCTGTCTCGCATAGT	TRUE	TRUE
GTCTGTCTCGCGGTAC_Case_922	439_GTCTGTCTCGCGGTAC	TRUE	TRUE
GTCTTTAAGACTAGAT_Case_922	439_GTCTTTAAGACTAGAT	TRUE	TRUE
GTCTTTAAGGCCTAAG_Case_922	439_GTCTTTAAGGCCTAAG	TRUE	TRUE
GTCTTTAAGGTAATCA_Case_922	439_GTCTTTAAGGTAATCA	TRUE	TRUE
GTCTTTAGTCGAACGA_Case_922	439_GTCTTTAGTCGAACGA	TRUE	TRUE
GTCTTTAGTCGTGCCA_Case_922	439_GTCTTTAGTCGTGCCA	TRUE	TRUE
GTCTTTATCAAGTCGT_Case_922	439_GTCTTTATCAAGTCGT	TRUE	TRUE
GTCTTTATCATTGGTG_Case_922	439_GTCTTTATCATTGGTG	TRUE	TRUE
GTGACGCGTCTTAGTG_Case_922	439_GTGACGCGTCTTAGTG	TRUE	TRUE
GTGACGCGTTACACTG_Case_922	439_GTGACGCGTTACACTG	TRUE	TRUE
GTGAGCCAGGATTACA_Case_922	439_GTGAGCCAGGATTACA	TRUE	TRUE
GTGAGCCCACTCCTTG_Case_922	439_GTGAGCCCACTCCTTG	TRUE	TRUE
GTGAGCCCATCGTGCG_Case_922	439_GTGAGCCCATCGTGCG	TRUE	TRUE
GTGAGGAAGGTTCACT_Case_922	439_GTGAGGAAGGTTCACT	TRUE	TRUE
GTGAGGACACTTACAG_Case_922	439_GTGAGGACACTTACAG	TRUE	TRUE
GTGAGGAGTATAGCTC_Case_922	439_GTGAGGAGTATAGCTC	TRUE	TRUE
GTGAGGAGTGAACCGA_Case_922	439_GTGAGGAGTGAACCGA	TRUE	TRUE
GTGAGTTCAACAGCCC_Case_922	439_GTGAGTTCAACAGCCC	TRUE	TRUE
GTGAGTTTCCTGTAGA_Case_922	439_GTGAGTTTCCTGTAGA	TRUE	TRUE
GTGATGTAGAATTGCA_Case_922	439_GTGATGTAGAATTGCA	TRUE	TRUE
GTGATGTAGTCTGTAC_Case_922	439_GTGATGTAGTCTGTAC	TRUE	TRUE
GTGATGTAGTGGCAGT_Case_922	439_GTGATGTAGTGGCAGT	TRUE	TRUE
GTGATGTCAAAGTATG_Case_922	439_GTGATGTCAAAGTATG	TRUE	TRUE
GTGATGTCAACAGAGC_Case_922	439_GTGATGTCAACAGAGC	TRUE	TRUE
GTGATGTGTCAAATCC_Case_922	439_GTGATGTGTCAAATCC	TRUE	TRUE
GTGATGTGTGGACAGT_Case_922	439_GTGATGTGTGGACAGT	TRUE	TRUE
GTGATGTGTTGTGGCC_Case_922	439_GTGATGTGTTGTGGCC	TRUE	TRUE
GTGATGTTCACTCCGT_Case_922	439_GTGATGTTCACTCCGT	TRUE	TRUE
GTGATGTTCAGGAAAT_Case_922	439_GTGATGTTCAGGAAAT	TRUE	TRUE
GTGATGTTCGTAGCTA_Case_922	439_GTGATGTTCGTAGCTA	TRUE	TRUE
GTGATGTTCTATTCGT_Case_922	439_GTGATGTTCTATTCGT	TRUE	TRUE
GTGCACGGTGTCTTGA_Case_922	439_GTGCACGGTGTCTTGA	TRUE	TRUE
GTGCACGTCGTCGGGT_Case_922	439_GTGCACGTCGTCGGGT	TRUE	TRUE
GTGCAGCAGCATCAAA_Case_922	439_GTGCAGCAGCATCAAA	TRUE	TRUE
GTGCAGCGTCTCCTGT_Case_922	439_GTGCAGCGTCTCCTGT	TRUE	TRUE
GTGCAGCGTGTACATC_Case_922	439_GTGCAGCGTGTACATC	TRUE	TRUE
GTGCAGCGTTAAGCAA_Case_922	439_GTGCAGCGTTAAGCAA	TRUE	TRUE
GTGCGTGCAAGCGATG_Case_922	439_GTGCGTGCAAGCGATG	TRUE	TRUE
GTGCTGGAGTCGAATA_Case_922	439_GTGCTGGAGTCGAATA	TRUE	TRUE
GTGCTGGCAGCGGTCT_Case_922	439_GTGCTGGCAGCGGTCT	TRUE	TRUE
GTGCTGGGTCACGTGC_Case_922	439_GTGCTGGGTCACGTGC	TRUE	TRUE
GTGCTGGTCGTGCAGC_Case_922	439_GTGCTGGTCGTGCAGC	TRUE	TRUE
GTGCTGGTCTCCCATG_Case_922	439_GTGCTGGTCTCCCATG	TRUE	TRUE
GTGCTTCCAACTTCTT_Case_922	439_GTGCTTCCAACTTCTT	TRUE	TRUE
GTGCTTCCAAGATGGC_Case_922	439_GTGCTTCCAAGATGGC	TRUE	TRUE
GTGCTTCGTAACATAG_Case_922	439_GTGCTTCGTAACATAG	TRUE	TRUE
GTGCTTCGTATGTCTG_Case_922	439_GTGCTTCGTATGTCTG	TRUE	TRUE
GTGCTTCGTTCTCCAC_Case_922	439_GTGCTTCGTTCTCCAC	TRUE	TRUE
GTGGAAGTCAAAGCCT_Case_922	439_GTGGAAGTCAAAGCCT	TRUE	TRUE
GTGGAAGTCTAAGCCA_Case_922	439_GTGGAAGTCTAAGCCA	TRUE	TRUE
GTGGAGAAGATGCTTC_Case_922	439_GTGGAGAAGATGCTTC	TRUE	TRUE
GTGGAGACACTTCATT_Case_922	439_GTGGAGACACTTCATT	TRUE	TRUE
GTGGAGAGTCCGAAGA_Case_922	439_GTGGAGAGTCCGAAGA	TRUE	TRUE
GTGGAGAGTGGTCTGC_Case_922	439_GTGGAGAGTGGTCTGC	TRUE	TRUE
GTGGCGTAGAATCGTA_Case_922	439_GTGGCGTAGAATCGTA	TRUE	TRUE
GTGGGAACACAAACGG_Case_922	439_GTGGGAACACAAACGG	TRUE	TRUE
GTGGGAATCATGCCAA_Case_922	439_GTGGGAATCATGCCAA	TRUE	TRUE
GTGGTTAAGCGTCAAG_Case_922	439_GTGGTTAAGCGTCAAG	TRUE	TRUE
GTGGTTAAGTAGCCAG_Case_922	439_GTGGTTAAGTAGCCAG	TRUE	TRUE
GTGGTTACAAATTAGG_Case_922	439_GTGGTTACAAATTAGG	TRUE	TRUE
GTGGTTACAAGACCTT_Case_922	439_GTGGTTACAAGACCTT	TRUE	TRUE
GTGGTTAGTAGGTACG_Case_922	439_GTGGTTAGTAGGTACG	TRUE	TRUE
GTGGTTATCGTTCCCA_Case_922	439_GTGGTTATCGTTCCCA	TRUE	TRUE
GTGGTTATCTGCATGA_Case_922	439_GTGGTTATCTGCATGA	TRUE	TRUE
GTGTAACAGCCGCTTG_Case_922	439_GTGTAACAGCCGCTTG	TRUE	TRUE
GTGTAACCAAATTGGA_Case_922	439_GTGTAACCAAATTGGA	TRUE	TRUE
GTGTAACCATGGGTCC_Case_922	439_GTGTAACCATGGGTCC	TRUE	TRUE
GTGTAACGTGCGTCGT_Case_922	439_GTGTAACGTGCGTCGT	TRUE	TRUE
GTGTCCTAGCTTCGTA_Case_922	439_GTGTCCTAGCTTCGTA	TRUE	TRUE
GTGTCCTAGGCGACAT_Case_922	439_GTGTCCTAGGCGACAT	TRUE	TRUE
GTGTCCTGTGAGCGAT_Case_922	439_GTGTCCTGTGAGCGAT	TRUE	TRUE
GTGTCCTTCTACTGAG_Case_922	439_GTGTCCTTCTACTGAG	TRUE	TRUE
GTGTCCTTCTTAGCAG_Case_922	439_GTGTCCTTCTTAGCAG	TRUE	TRUE
GTGTGATAGCCAGAGT_Case_922	439_GTGTGATAGCCAGAGT	TRUE	TRUE
GTGTGATCACCTCTAC_Case_922	439_GTGTGATCACCTCTAC	TRUE	TRUE
GTGTGATGTGGGCTCT_Case_922	439_GTGTGATGTGGGCTCT	TRUE	TRUE
GTGTGATTCATTACCT_Case_922	439_GTGTGATTCATTACCT	TRUE	TRUE
GTGTGGCAGAGTACCG_Case_922	439_GTGTGGCAGAGTACCG	TRUE	TRUE
GTGTGGCCATCGGAGA_Case_922	439_GTGTGGCCATCGGAGA	TRUE	TRUE
GTGTGGCGTAGCGCCT_Case_922	439_GTGTGGCGTAGCGCCT	TRUE	TRUE
GTGTGGCTCCACTAGA_Case_922	439_GTGTGGCTCCACTAGA	TRUE	TRUE
GTGTTAGCAGAGACTG_Case_922	439_GTGTTAGCAGAGACTG	TRUE	TRUE
GTGTTAGGTACACGCC_Case_922	439_GTGTTAGGTACACGCC	TRUE	TRUE
GTGTTCCGTCCTATAG_Case_922	439_GTGTTCCGTCCTATAG	TRUE	TRUE
GTGTTCCTCACTGAAC_Case_922	439_GTGTTCCTCACTGAAC	TRUE	TRUE
GTTACAGAGAAATCCA_Case_922	439_GTTACAGAGAAATCCA	TRUE	TRUE
GTTACAGAGATTGCGG_Case_922	439_GTTACAGAGATTGCGG	TRUE	TRUE
GTTACAGAGGTCGCCT_Case_922	439_GTTACAGAGGTCGCCT	TRUE	TRUE
GTTACAGCACCCGTAG_Case_922	439_GTTACAGCACCCGTAG	TRUE	TRUE
GTTACAGGTAGGAGTC_Case_922	439_GTTACAGGTAGGAGTC	TRUE	TRUE
GTTACAGGTGCTCTCT_Case_922	439_GTTACAGGTGCTCTCT	TRUE	TRUE
GTTACAGTCAACTCTT_Case_922	439_GTTACAGTCAACTCTT	TRUE	TRUE
GTTACAGTCTGGGCGT_Case_922	439_GTTACAGTCTGGGCGT	TRUE	TRUE
GTTACCCCAATAGTGA_Case_922	439_GTTACCCCAATAGTGA	TRUE	TRUE
GTTACCCCAGTTGAAA_Case_922	439_GTTACCCCAGTTGAAA	TRUE	TRUE
GTTACCCGTTCAAAGA_Case_922	439_GTTACCCGTTCAAAGA	TRUE	TRUE
GTTACCCGTTCTATCT_Case_922	439_GTTACCCGTTCTATCT	TRUE	TRUE
GTTACCCTCGTAGCTA_Case_922	439_GTTACCCTCGTAGCTA	TRUE	TRUE
GTTACGAAGCTTGTTG_Case_922	439_GTTACGAAGCTTGTTG	TRUE	TRUE
GTTACGAAGGCCGCTT_Case_922	439_GTTACGAAGGCCGCTT	TRUE	TRUE
GTTACGAAGTCTGCAT_Case_922	439_GTTACGAAGTCTGCAT	TRUE	TRUE
GTTACGACACAGTGTT_Case_922	439_GTTACGACACAGTGTT	TRUE	TRUE
GTTACGACAGCCTATA_Case_922	439_GTTACGACAGCCTATA	TRUE	TRUE
GTTACGACATAAGCAA_Case_922	439_GTTACGACATAAGCAA	TRUE	TRUE
GTTACGAGTCTCAAGT_Case_922	439_GTTACGAGTCTCAAGT	TRUE	TRUE
GTTACGAGTGCGGATA_Case_922	439_GTTACGAGTGCGGATA	TRUE	TRUE
GTTACGATCAGTGTGT_Case_922	439_GTTACGATCAGTGTGT	TRUE	TRUE
GTTACGATCATTGAGC_Case_922	439_GTTACGATCATTGAGC	TRUE	TRUE
GTTAGACAGTTACGTC_Case_922	439_GTTAGACAGTTACGTC	TRUE	TRUE
GTTAGACCAAGCACAG_Case_922	439_GTTAGACCAAGCACAG	TRUE	TRUE
GTTAGACGTACGACTT_Case_922	439_GTTAGACGTACGACTT	TRUE	TRUE
GTTAGACGTCAAAGAT_Case_922	439_GTTAGACGTCAAAGAT	TRUE	TRUE
GTTAGACGTCATCGCG_Case_922	439_GTTAGACGTCATCGCG	TRUE	TRUE
GTTAGACTCAACCTCC_Case_922	439_GTTAGACTCAACCTCC	TRUE	TRUE
GTTAGACTCACCCTGT_Case_922	439_GTTAGACTCACCCTGT	TRUE	TRUE
GTTAGACTCGACGCTG_Case_922	439_GTTAGACTCGACGCTG	TRUE	TRUE
GTTAGTGAGATGGGCT_Case_922	439_GTTAGTGAGATGGGCT	TRUE	TRUE
GTTAGTGGTAGCTCGC_Case_922	439_GTTAGTGGTAGCTCGC	TRUE	TRUE
GTTAGTGGTATGAGGC_Case_922	439_GTTAGTGGTATGAGGC	TRUE	TRUE
GTTAGTGTCACGTAGT_Case_922	439_GTTAGTGTCACGTAGT	TRUE	TRUE
GTTAGTGTCCCGGTAG_Case_922	439_GTTAGTGTCCCGGTAG	TRUE	TRUE
GTTAGTGTCGAACGCC_Case_922	439_GTTAGTGTCGAACGCC	TRUE	TRUE
GTTATGGAGAATTCAG_Case_922	439_GTTATGGAGAATTCAG	TRUE	TRUE
GTTATGGAGCGACCCT_Case_922	439_GTTATGGAGCGACCCT	TRUE	TRUE
GTTATGGAGGGAGGAC_Case_922	439_GTTATGGAGGGAGGAC	TRUE	TRUE
GTTATGGAGTCATGGG_Case_922	439_GTTATGGAGTCATGGG	TRUE	TRUE
GTTATGGAGTTCGCAT_Case_922	439_GTTATGGAGTTCGCAT	TRUE	TRUE
GTTATGGAGTTGGAGC_Case_922	439_GTTATGGAGTTGGAGC	TRUE	TRUE
GTTCATTAGCACGATG_Case_922	439_GTTCATTAGCACGATG	TRUE	TRUE
GTTCATTCACGCCACA_Case_922	439_GTTCATTCACGCCACA	TRUE	TRUE
GTTCCGTCACGACAAG_Case_922	439_GTTCCGTCACGACAAG	TRUE	TRUE
GTTCCGTCAGCAGTTT_Case_922	439_GTTCCGTCAGCAGTTT	TRUE	TRUE
GTTCCGTGTCAGTCCG_Case_922	439_GTTCCGTGTCAGTCCG	TRUE	TRUE
GTTCCGTTCATTACGG_Case_922	439_GTTCCGTTCATTACGG	TRUE	TRUE
GTTCCGTTCTACTGCC_Case_922	439_GTTCCGTTCTACTGCC	TRUE	TRUE
GTTCGCTAGCAATTAG_Case_922	439_GTTCGCTAGCAATTAG	TRUE	TRUE
GTTCGCTAGCTGACAG_Case_922	439_GTTCGCTAGCTGACAG	TRUE	TRUE
GTTCGCTCAAGTGATA_Case_922	439_GTTCGCTCAAGTGATA	TRUE	TRUE
GTTCGCTGTCGGCCTA_Case_922	439_GTTCGCTGTCGGCCTA	TRUE	TRUE
GTTCGCTTCTGTCCCA_Case_922	439_GTTCGCTTCTGTCCCA	TRUE	TRUE
GTTCTATGTCTCACAA_Case_922	439_GTTCTATGTCTCACAA	TRUE	TRUE
GTTCTATGTTCTGAGT_Case_922	439_GTTCTATGTTCTGAGT	TRUE	TRUE
GTTCTATTCTGAGATC_Case_922	439_GTTCTATTCTGAGATC	TRUE	TRUE
GTTGAACCAAGCCATT_Case_922	439_GTTGAACCAAGCCATT	TRUE	TRUE
GTTGAACGTACCTTCC_Case_922	439_GTTGAACGTACCTTCC	TRUE	TRUE
GTTGAACTCGGTAACT_Case_922	439_GTTGAACTCGGTAACT	TRUE	TRUE
GTTGCGGCACCCTTGT_Case_922	439_GTTGCGGCACCCTTGT	TRUE	TRUE
GTTGCGGCAGGTGTTT_Case_922	439_GTTGCGGCAGGTGTTT	TRUE	TRUE
GTTGCTCAGAGTCTTC_Case_922	439_GTTGCTCAGAGTCTTC	TRUE	TRUE
GTTGCTCAGCACCGAA_Case_922	439_GTTGCTCAGCACCGAA	TRUE	TRUE
GTTGCTCAGGGTTAAT_Case_922	439_GTTGCTCAGGGTTAAT	TRUE	TRUE
GTTGCTCAGTGGCCTC_Case_922	439_GTTGCTCAGTGGCCTC	TRUE	TRUE
GTTGCTCGTCCTGTCT_Case_922	439_GTTGCTCGTCCTGTCT	TRUE	TRUE
GTTGCTCTCCCAACTC_Case_922	439_GTTGCTCTCCCAACTC	TRUE	TRUE
GTTGCTCTCTACGGGC_Case_922	439_GTTGCTCTCTACGGGC	TRUE	TRUE
GTTGTAGAGAAGTCTA_Case_922	439_GTTGTAGAGAAGTCTA	TRUE	TRUE
GTTGTAGCAAGGGCAT_Case_922	439_GTTGTAGCAAGGGCAT	TRUE	TRUE
GTTGTCCAGAACGCGT_Case_922	439_GTTGTCCAGAACGCGT	TRUE	TRUE
GTTGTCCCACTTCAAG_Case_922	439_GTTGTCCCACTTCAAG	TRUE	TRUE
GTTGTGAAGATGTTGA_Case_922	439_GTTGTGAAGATGTTGA	TRUE	TRUE
GTTGTGATCAGGAAAT_Case_922	439_GTTGTGATCAGGAAAT	TRUE	TRUE
GTTGTGATCTAAGAAG_Case_922	439_GTTGTGATCTAAGAAG	TRUE	TRUE
GTTTACTCATAGAAAC_Case_922	439_GTTTACTCATAGAAAC	TRUE	TRUE
GTTTACTTCACCGGTG_Case_922	439_GTTTACTTCACCGGTG	TRUE	TRUE
GTTTACTTCATTTCCA_Case_922	439_GTTTACTTCATTTCCA	TRUE	TRUE
GTTTGGAAGTCCCAGC_Case_922	439_GTTTGGAAGTCCCAGC	TRUE	TRUE
GTTTGGACACTCCGAG_Case_922	439_GTTTGGACACTCCGAG	TRUE	TRUE
GTTTGGACATTGTAGC_Case_922	439_GTTTGGACATTGTAGC	TRUE	TRUE
GTTTGGATCGTAGGAG_Case_922	439_GTTTGGATCGTAGGAG	TRUE	TRUE
TAACACGAGACATACA_Case_922	439_TAACACGAGACATACA	TRUE	TRUE
TAACACGAGAGAAGGT_Case_922	439_TAACACGAGAGAAGGT	TRUE	TRUE
TAACACGAGCAGAAAG_Case_922	439_TAACACGAGCAGAAAG	TRUE	TRUE
TAACACGCAAGTAGTA_Case_922	439_TAACACGCAAGTAGTA	TRUE	TRUE
TAACACGGTACTGGGA_Case_922	439_TAACACGGTACTGGGA	TRUE	TRUE
TAACACGGTCACCGCA_Case_922	439_TAACACGGTCACCGCA	TRUE	TRUE
TAACACGGTCGTCATA_Case_922	439_TAACACGGTCGTCATA	TRUE	TRUE
TAACCAGAGCTCCACG_Case_922	439_TAACCAGAGCTCCACG	TRUE	TRUE
TAACCAGAGTCCGCGT_Case_922	439_TAACCAGAGTCCGCGT	TRUE	TRUE
TAACCAGCAAGTTTGC_Case_922	439_TAACCAGCAAGTTTGC	TRUE	TRUE
TAACCAGCACGTAACT_Case_922	439_TAACCAGCACGTAACT	TRUE	TRUE
TAACCAGCAGACCATT_Case_922	439_TAACCAGCAGACCATT	TRUE	TRUE
TAACCAGCAGAGACTG_Case_922	439_TAACCAGCAGAGACTG	TRUE	TRUE
TAACCAGCATCGATCA_Case_922	439_TAACCAGCATCGATCA	TRUE	TRUE
TAACCAGCATCTTTCA_Case_922	439_TAACCAGCATCTTTCA	TRUE	TRUE
TAACCAGGTTGCTCCT_Case_922	439_TAACCAGGTTGCTCCT	TRUE	TRUE
TAACGACAGGATTTGA_Case_922	439_TAACGACAGGATTTGA	TRUE	TRUE
TAACGACAGTGGCGAT_Case_922	439_TAACGACAGTGGCGAT	TRUE	TRUE
TAACGACCAACAGAGC_Case_922	439_TAACGACCAACAGAGC	TRUE	TRUE
TAACGACCAATCGCGC_Case_922	439_TAACGACCAATCGCGC	TRUE	TRUE
TAACGACCATGACGAG_Case_922	439_TAACGACCATGACGAG	TRUE	TRUE
TAACGACTCTGAGGCC_Case_922	439_TAACGACTCTGAGGCC	TRUE	TRUE
TAACGACTCTTCCAGC_Case_922	439_TAACGACTCTTCCAGC	TRUE	TRUE
TAACTTCCAAGTATCC_Case_922	439_TAACTTCCAAGTATCC	TRUE	TRUE
TAACTTCCATCACAGT_Case_922	439_TAACTTCCATCACAGT	TRUE	TRUE
TAAGCACAGTCTTGGT_Case_922	439_TAAGCACAGTCTTGGT	TRUE	TRUE
TAAGCACGTAGTGATA_Case_922	439_TAAGCACGTAGTGATA	TRUE	TRUE
TAAGCCAGTCTTGAAC_Case_922	439_TAAGCCAGTCTTGAAC	TRUE	TRUE
TAAGCCAGTGGGTATG_Case_922	439_TAAGCCAGTGGGTATG	TRUE	TRUE
TAAGCCATCGTGAGAG_Case_922	439_TAAGCCATCGTGAGAG	TRUE	TRUE
TAAGCCATCTCAATCT_Case_922	439_TAAGCCATCTCAATCT	TRUE	TRUE
TAAGCGTCAGACAAGC_Case_922	439_TAAGCGTCAGACAAGC	TRUE	TRUE
TAAGCGTCAGTAGAAT_Case_922	439_TAAGCGTCAGTAGAAT	TRUE	TRUE
TAAGCGTGTGAGATTA_Case_922	439_TAAGCGTGTGAGATTA	TRUE	TRUE
TAAGTCGAGCTAAATG_Case_922	439_TAAGTCGAGCTAAATG	TRUE	TRUE
TAAGTCGAGTCTGGTT_Case_922	439_TAAGTCGAGTCTGGTT	TRUE	TRUE
TAAGTCGCAGAATTCC_Case_922	439_TAAGTCGCAGAATTCC	TRUE	TRUE
TAAGTCGGTTTCACTT_Case_922	439_TAAGTCGGTTTCACTT	TRUE	TRUE
TAATCTCAGAAATTCG_Case_922	439_TAATCTCAGAAATTCG	TRUE	TRUE
TAATCTCAGCTCCACG_Case_922	439_TAATCTCAGCTCCACG	TRUE	TRUE
TAATCTCCACTTACAG_Case_922	439_TAATCTCCACTTACAG	TRUE	TRUE
TAATCTCCAGAGGTAC_Case_922	439_TAATCTCCAGAGGTAC	TRUE	TRUE
TAATCTCGTCAGTCCG_Case_922	439_TAATCTCGTCAGTCCG	TRUE	TRUE
TAATCTCGTGAATATG_Case_922	439_TAATCTCGTGAATATG	TRUE	TRUE
TAATCTCTCCACAGGC_Case_922	439_TAATCTCTCCACAGGC	TRUE	TRUE
TAATTCCCATGGGCAA_Case_922	439_TAATTCCCATGGGCAA	TRUE	TRUE
TAATTCCGTACGATGG_Case_922	439_TAATTCCGTACGATGG	TRUE	TRUE
TAATTCCGTATCGGTT_Case_922	439_TAATTCCGTATCGGTT	TRUE	TRUE
TAATTCCGTCTGTGTA_Case_922	439_TAATTCCGTCTGTGTA	TRUE	TRUE
TACAACGGTTACAGCT_Case_922	439_TACAACGGTTACAGCT	TRUE	TRUE
TACAACGGTTCTAACG_Case_922	439_TACAACGGTTCTAACG	TRUE	TRUE
TACAACGTCACGGGCT_Case_922	439_TACAACGTCACGGGCT	TRUE	TRUE
TACACCCAGATGGTAT_Case_922	439_TACACCCAGATGGTAT	TRUE	TRUE
TACACCCGTAGTTACC_Case_922	439_TACACCCGTAGTTACC	TRUE	TRUE
TACAGGTAGCTGCGAA_Case_922	439_TACAGGTAGCTGCGAA	TRUE	TRUE
TACAGGTCAGTGGCTC_Case_922	439_TACAGGTCAGTGGCTC	TRUE	TRUE
TACAGGTGTGTTATCG_Case_922	439_TACAGGTGTGTTATCG	TRUE	TRUE
TACAGGTTCCTGTTAT_Case_922	439_TACAGGTTCCTGTTAT	TRUE	TRUE
TACAGGTTCTGCTAGA_Case_922	439_TACAGGTTCTGCTAGA	TRUE	TRUE
TACATTCAGAACTTCC_Case_922	439_TACATTCAGAACTTCC	TRUE	TRUE
TACCCACAGGAAAGGT_Case_922	439_TACCCACAGGAAAGGT	TRUE	TRUE
TACCCACAGGTTGCCC_Case_922	439_TACCCACAGGTTGCCC	TRUE	TRUE
TACCCACCAATGAGCG_Case_922	439_TACCCACCAATGAGCG	TRUE	TRUE
TACCCACTCAGAGTTC_Case_922	439_TACCCACTCAGAGTTC	TRUE	TRUE
TACCCACTCGTCACCT_Case_922	439_TACCCACTCGTCACCT	TRUE	TRUE
TACCCGTGTATCGGTT_Case_922	439_TACCCGTGTATCGGTT	TRUE	TRUE
TACCCGTGTCATGGCC_Case_922	439_TACCCGTGTCATGGCC	TRUE	TRUE
TACCCGTGTCCCTAAA_Case_922	439_TACCCGTGTCCCTAAA	TRUE	TRUE
TACCCGTGTTTCGCTC_Case_922	439_TACCCGTGTTTCGCTC	TRUE	TRUE
TACCCGTTCAATGTCG_Case_922	439_TACCCGTTCAATGTCG	TRUE	TRUE
TACCGAAAGCAAGTGC_Case_922	439_TACCGAAAGCAAGTGC	TRUE	TRUE
TACCGAAAGTACCGGA_Case_922	439_TACCGAAAGTACCGGA	TRUE	TRUE
TACCGAAAGTACTGGG_Case_922	439_TACCGAAAGTACTGGG	TRUE	TRUE
TACCGAACAGTCAGAG_Case_922	439_TACCGAACAGTCAGAG	TRUE	TRUE
TACCGGGAGTACAGCG_Case_922	439_TACCGGGAGTACAGCG	TRUE	TRUE
TACCGGGTCCTTATGT_Case_922	439_TACCGGGTCCTTATGT	TRUE	TRUE
TACCGGGTCTGTCGTC_Case_922	439_TACCGGGTCTGTCGTC	TRUE	TRUE
TACCTCGAGTGGACGT_Case_922	439_TACCTCGAGTGGACGT	TRUE	TRUE
TACCTCGCAACGTAAA_Case_922	439_TACCTCGCAACGTAAA	TRUE	TRUE
TACCTCGCACTGCGAC_Case_922	439_TACCTCGCACTGCGAC	TRUE	TRUE
TACCTGCCAGCGGTCT_Case_922	439_TACCTGCCAGCGGTCT	TRUE	TRUE
TACGCTCAGGATTTCC_Case_922	439_TACGCTCAGGATTTCC	TRUE	TRUE
TACGCTCAGGTTACCT_Case_922	439_TACGCTCAGGTTACCT	TRUE	TRUE
TACGCTCCAAGCGAGT_Case_922	439_TACGCTCCAAGCGAGT	TRUE	TRUE
TACGCTCGTCCACATA_Case_922	439_TACGCTCGTCCACATA	TRUE	TRUE
TACGCTCGTTCAGGTT_Case_922	439_TACGCTCGTTCAGGTT	TRUE	TRUE
TACGCTCTCATCGCTC_Case_922	439_TACGCTCTCATCGCTC	TRUE	TRUE
TACGGGCCAAGTATCC_Case_922	439_TACGGGCCAAGTATCC	TRUE	TRUE
TACGGGCCATAGCACT_Case_922	439_TACGGGCCATAGCACT	TRUE	TRUE
TACGGGCGTATCTCGA_Case_922	439_TACGGGCGTATCTCGA	TRUE	TRUE
TACGGGCGTCAATGGG_Case_922	439_TACGGGCGTCAATGGG	TRUE	TRUE
TACGGGCTCCGAAATC_Case_922	439_TACGGGCTCCGAAATC	TRUE	TRUE
TACGGTAAGAGCATTA_Case_922	439_TACGGTAAGAGCATTA	TRUE	TRUE
TACGGTAGTCAGTCCG_Case_922	439_TACGGTAGTCAGTCCG	TRUE	TRUE
TACGGTAGTGATTGGG_Case_922	439_TACGGTAGTGATTGGG	TRUE	TRUE
TACGGTAGTGTATTCG_Case_922	439_TACGGTAGTGTATTCG	TRUE	TRUE
TACGGTATCCGGACGT_Case_922	439_TACGGTATCCGGACGT	TRUE	TRUE
TACGGTATCGACCATA_Case_922	439_TACGGTATCGACCATA	TRUE	TRUE
TACGTCCAGAATTTGG_Case_922	439_TACGTCCAGAATTTGG	TRUE	TRUE
TACGTCCAGTATAGGT_Case_922	439_TACGTCCAGTATAGGT	TRUE	TRUE
TACGTCCCAAATCCCA_Case_922	439_TACGTCCCAAATCCCA	TRUE	TRUE
TACGTCCGTGCTAGCC_Case_922	439_TACGTCCGTGCTAGCC	TRUE	TRUE
TACGTCCTCGGCAGTC_Case_922	439_TACGTCCTCGGCAGTC	TRUE	TRUE
TACTGCCAGCCTGTGC_Case_922	439_TACTGCCAGCCTGTGC	TRUE	TRUE
TACTGCCGTAGTCCTA_Case_922	439_TACTGCCGTAGTCCTA	TRUE	TRUE
TACTGCCGTGACTGAG_Case_922	439_TACTGCCGTGACTGAG	TRUE	TRUE
TACTGCCGTGTTCGTA_Case_922	439_TACTGCCGTGTTCGTA	TRUE	TRUE
TACTGCCTCCTAGCGG_Case_922	439_TACTGCCTCCTAGCGG	TRUE	TRUE
TACTTACAGCCAACCC_Case_922	439_TACTTACAGCCAACCC	TRUE	TRUE
TACTTACAGGAACGCT_Case_922	439_TACTTACAGGAACGCT	TRUE	TRUE
TACTTACCAAGCCTGC_Case_922	439_TACTTACCAAGCCTGC	TRUE	TRUE
TACTTACGTGTTCATG_Case_922	439_TACTTACGTGTTCATG	TRUE	TRUE
TACTTACGTTTGGAAA_Case_922	439_TACTTACGTTTGGAAA	TRUE	TRUE
TACTTACTCAATCCAG_Case_922	439_TACTTACTCAATCCAG	TRUE	TRUE
TACTTACTCATGCCGG_Case_922	439_TACTTACTCATGCCGG	TRUE	TRUE
TACTTCAAGAATCTAG_Case_922	439_TACTTCAAGAATCTAG	TRUE	TRUE
TACTTCACACGCGCAT_Case_922	439_TACTTCACACGCGCAT	TRUE	TRUE
TACTTCAGTATCGCAT_Case_922	439_TACTTCAGTATCGCAT	TRUE	TRUE
TACTTCAGTGCCCAGT_Case_922	439_TACTTCAGTGCCCAGT	TRUE	TRUE
TACTTCATCATTGTTC_Case_922	439_TACTTCATCATTGTTC	TRUE	TRUE
TACTTGTAGAGGGTAA_Case_922	439_TACTTGTAGAGGGTAA	TRUE	TRUE
TACTTGTCATGCCATA_Case_922	439_TACTTGTCATGCCATA	TRUE	TRUE
TACTTGTGTTCGATTG_Case_922	439_TACTTGTGTTCGATTG	TRUE	TRUE
TACTTGTTCGATCCCT_Case_922	439_TACTTGTTCGATCCCT	TRUE	TRUE
TAGACCAAGCTAGTTC_Case_922	439_TAGACCAAGCTAGTTC	TRUE	TRUE
TAGACCACAACAGATA_Case_922	439_TAGACCACAACAGATA	TRUE	TRUE
TAGACCACACACAGCC_Case_922	439_TAGACCACACACAGCC	TRUE	TRUE
TAGACCAGTAGGTGCA_Case_922	439_TAGACCAGTAGGTGCA	TRUE	TRUE
TAGACCATCAAGCCTA_Case_922	439_TAGACCATCAAGCCTA	TRUE	TRUE
TAGACCATCCCAGGCA_Case_922	439_TAGACCATCCCAGGCA	TRUE	TRUE
TAGACCATCCGTTTCG_Case_922	439_TAGACCATCCGTTTCG	TRUE	TRUE
TAGACTGCAACACACT_Case_922	439_TAGACTGCAACACACT	TRUE	TRUE
TAGACTGCACCAAATC_Case_922	439_TAGACTGCACCAAATC	TRUE	TRUE
TAGACTGCATTGAAGA_Case_922	439_TAGACTGCATTGAAGA	TRUE	TRUE
TAGACTGGTTATTCTC_Case_922	439_TAGACTGGTTATTCTC	TRUE	TRUE
TAGACTGTCTGGAGAG_Case_922	439_TAGACTGTCTGGAGAG	TRUE	TRUE
TAGAGTCCAATGTTGC_Case_922	439_TAGAGTCCAATGTTGC	TRUE	TRUE
TAGAGTCTCCTAGCCT_Case_922	439_TAGAGTCTCCTAGCCT	TRUE	TRUE
TAGATCGCATTGTACG_Case_922	439_TAGATCGCATTGTACG	TRUE	TRUE
TAGATCGGTTCTTGCC_Case_922	439_TAGATCGGTTCTTGCC	TRUE	TRUE
TAGATCGTCGAGTGAG_Case_922	439_TAGATCGTCGAGTGAG	TRUE	TRUE
TAGCACAGTTATCCAG_Case_922	439_TAGCACAGTTATCCAG	TRUE	TRUE
TAGCACATCAGAGTTC_Case_922	439_TAGCACATCAGAGTTC	TRUE	TRUE
TAGGAGGAGCAAACAT_Case_922	439_TAGGAGGAGCAAACAT	TRUE	TRUE
TAGGAGGCATCCGATA_Case_922	439_TAGGAGGCATCCGATA	TRUE	TRUE
TAGGAGGTCATAGAGA_Case_922	439_TAGGAGGTCATAGAGA	TRUE	TRUE
TAGGAGGTCCATCACC_Case_922	439_TAGGAGGTCCATCACC	TRUE	TRUE
TAGGAGGTCCGTGGGT_Case_922	439_TAGGAGGTCCGTGGGT	TRUE	TRUE
TAGGAGGTCCTTGGAA_Case_922	439_TAGGAGGTCCTTGGAA	TRUE	TRUE
TAGGGTTAGATGCTAA_Case_922	439_TAGGGTTAGATGCTAA	TRUE	TRUE
TAGGGTTAGCTACGTT_Case_922	439_TAGGGTTAGCTACGTT	TRUE	TRUE
TAGGGTTAGGCCACCT_Case_922	439_TAGGGTTAGGCCACCT	TRUE	TRUE
TAGGGTTAGGTTCACT_Case_922	439_TAGGGTTAGGTTCACT	TRUE	TRUE
TAGGGTTAGTAAGCAT_Case_922	439_TAGGGTTAGTAAGCAT	TRUE	TRUE
TAGGGTTCAAGCTCTA_Case_922	439_TAGGGTTCAAGCTCTA	TRUE	TRUE
TAGGGTTGTGGCCTCA_Case_922	439_TAGGGTTGTGGCCTCA	TRUE	TRUE
TAGGGTTTCTATCGGA_Case_922	439_TAGGGTTTCTATCGGA	TRUE	TRUE
TAGGTACAGGGCAGAG_Case_922	439_TAGGTACAGGGCAGAG	TRUE	TRUE
TAGGTACAGTAGCTCT_Case_922	439_TAGGTACAGTAGCTCT	TRUE	TRUE
TAGGTACAGTCAGAGC_Case_922	439_TAGGTACAGTCAGAGC	TRUE	TRUE
TAGGTACAGTTGTCAC_Case_922	439_TAGGTACAGTTGTCAC	TRUE	TRUE
TAGGTACGTAGGTACG_Case_922	439_TAGGTACGTAGGTACG	TRUE	TRUE
TAGGTACGTTTGATCG_Case_922	439_TAGGTACGTTTGATCG	TRUE	TRUE
TAGGTACTCAAGTAAG_Case_922	439_TAGGTACTCAAGTAAG	TRUE	TRUE
TAGGTACTCGGATACT_Case_922	439_TAGGTACTCGGATACT	TRUE	TRUE
TAGGTTGAGATAGCAT_Case_922	439_TAGGTTGAGATAGCAT	TRUE	TRUE
TAGGTTGCAGCGAGTA_Case_922	439_TAGGTTGCAGCGAGTA	TRUE	TRUE
TAGGTTGCATGCAGCC_Case_922	439_TAGGTTGCATGCAGCC	TRUE	TRUE
TAGGTTGGTGTATCCA_Case_922	439_TAGGTTGGTGTATCCA	TRUE	TRUE
TAGGTTGTCAATCCGA_Case_922	439_TAGGTTGTCAATCCGA	TRUE	TRUE
TAGTGCAAGAATCCCT_Case_922	439_TAGTGCAAGAATCCCT	TRUE	TRUE
TAGTGCAAGGCCACCT_Case_922	439_TAGTGCAAGGCCACCT	TRUE	TRUE
TAGTGCAAGTCGCTAT_Case_922	439_TAGTGCAAGTCGCTAT	TRUE	TRUE
TAGTGCAGTCGTAATC_Case_922	439_TAGTGCAGTCGTAATC	TRUE	TRUE
TAGTGCATCCGTCAAA_Case_922	439_TAGTGCATCCGTCAAA	TRUE	TRUE
TATACCTAGCACTCAT_Case_922	439_TATACCTAGCACTCAT	TRUE	TRUE
TATACCTAGGATAATC_Case_922	439_TATACCTAGGATAATC	TRUE	TRUE
TATACCTCACGCGTCA_Case_922	439_TATACCTCACGCGTCA	TRUE	TRUE
TATACCTCATCAGTGT_Case_922	439_TATACCTCATCAGTGT	TRUE	TRUE
TATACCTTCAGCTGAT_Case_922	439_TATACCTTCAGCTGAT	TRUE	TRUE
TATACCTTCCTCACTG_Case_922	439_TATACCTTCCTCACTG	TRUE	TRUE
TATATCCAGCTGCCTG_Case_922	439_TATATCCAGCTGCCTG	TRUE	TRUE
TATATCCCAGACCTAT_Case_922	439_TATATCCCAGACCTAT	TRUE	TRUE
TATATCCCAGTTAGAA_Case_922	439_TATATCCCAGTTAGAA	TRUE	TRUE
TATATCCGTGCCTTCT_Case_922	439_TATATCCGTGCCTTCT	TRUE	TRUE
TATATCCTCGGCCTTT_Case_922	439_TATATCCTCGGCCTTT	TRUE	TRUE
TATCAGGAGCCGCACT_Case_922	439_TATCAGGAGCCGCACT	TRUE	TRUE
TATCAGGAGCCTCATA_Case_922	439_TATCAGGAGCCTCATA	TRUE	TRUE
TATCAGGAGTGCCCGT_Case_922	439_TATCAGGAGTGCCCGT	TRUE	TRUE
TATCAGGGTACCGTGC_Case_922	439_TATCAGGGTACCGTGC	TRUE	TRUE
TATCAGGGTAGAGTTA_Case_922	439_TATCAGGGTAGAGTTA	TRUE	TRUE
TATCAGGGTGCCTAAT_Case_922	439_TATCAGGGTGCCTAAT	TRUE	TRUE
TATCCTAAGATCACCT_Case_922	439_TATCCTAAGATCACCT	TRUE	TRUE
TATCCTATCCACACAA_Case_922	439_TATCCTATCCACACAA	TRUE	TRUE
TATCGCCGTGGTCTAT_Case_922	439_TATCGCCGTGGTCTAT	TRUE	TRUE
TATCGCCTCATTGCGA_Case_922	439_TATCGCCTCATTGCGA	TRUE	TRUE
TATCTGTCACAGTCGC_Case_922	439_TATCTGTCACAGTCGC	TRUE	TRUE
TATCTGTCACTCCACT_Case_922	439_TATCTGTCACTCCACT	TRUE	TRUE
TATCTGTCACTGGCGT_Case_922	439_TATCTGTCACTGGCGT	TRUE	TRUE
TATCTGTCAGGTTCGC_Case_922	439_TATCTGTCAGGTTCGC	TRUE	TRUE
TATCTGTGTCTGTGAT_Case_922	439_TATCTGTGTCTGTGAT	TRUE	TRUE
TATCTGTTCTCGTTTA_Case_922	439_TATCTGTTCTCGTTTA	TRUE	TRUE
TATCTGTTCTGTCGTC_Case_922	439_TATCTGTTCTGTCGTC	TRUE	TRUE
TATCTTGAGCATGTTC_Case_922	439_TATCTTGAGCATGTTC	TRUE	TRUE
TATCTTGCAGTAGGAC_Case_922	439_TATCTTGCAGTAGGAC	TRUE	TRUE
TATCTTGGTGGAAGTC_Case_922	439_TATCTTGGTGGAAGTC	TRUE	TRUE
TATGTTCAGAAACCAT_Case_922	439_TATGTTCAGAAACCAT	TRUE	TRUE
TATGTTCCATCTCATT_Case_922	439_TATGTTCCATCTCATT	TRUE	TRUE
TATGTTCCATCTCGTC_Case_922	439_TATGTTCCATCTCGTC	TRUE	TRUE
TATGTTCGTGACATCT_Case_922	439_TATGTTCGTGACATCT	TRUE	TRUE
TATGTTCGTTACGATC_Case_922	439_TATGTTCGTTACGATC	TRUE	TRUE
TATGTTCTCACTGGTA_Case_922	439_TATGTTCTCACTGGTA	TRUE	TRUE
TATTCCAGTCACCGAC_Case_922	439_TATTCCAGTCACCGAC	TRUE	TRUE
TATTGCTAGGTAAAGG_Case_922	439_TATTGCTAGGTAAAGG	TRUE	TRUE
TATTGCTGTAAGTCAA_Case_922	439_TATTGCTGTAAGTCAA	TRUE	TRUE
TATTGCTGTGTCGATT_Case_922	439_TATTGCTGTGTCGATT	TRUE	TRUE
TATTGCTTCATTTGCT_Case_922	439_TATTGCTTCATTTGCT	TRUE	TRUE
TATTGGGAGCTGTTCA_Case_922	439_TATTGGGAGCTGTTCA	TRUE	TRUE
TATTGGGGTCCTATAG_Case_922	439_TATTGGGGTCCTATAG	TRUE	TRUE
TATTGGGGTGACCGAA_Case_922	439_TATTGGGGTGACCGAA	TRUE	TRUE
TATTGGGGTTCAGCGC_Case_922	439_TATTGGGGTTCAGCGC	TRUE	TRUE
TATTGGGGTTGCTGAT_Case_922	439_TATTGGGGTTGCTGAT	TRUE	TRUE
TATTTCGTCCCGTAAA_Case_922	439_TATTTCGTCCCGTAAA	TRUE	TRUE
TATTTCGTCGTGTGGC_Case_922	439_TATTTCGTCGTGTGGC	TRUE	TRUE
TCAAGACAGGGAGTGG_Case_922	439_TCAAGACAGGGAGTGG	TRUE	TRUE
TCAAGACCACGTACTA_Case_922	439_TCAAGACCACGTACTA	TRUE	TRUE
TCAAGCAAGGCGACAT_Case_922	439_TCAAGCAAGGCGACAT	TRUE	TRUE
TCAAGCAGTACTGAGG_Case_922	439_TCAAGCAGTACTGAGG	TRUE	TRUE
TCAAGCAGTACTGGGA_Case_922	439_TCAAGCAGTACTGGGA	TRUE	TRUE
TCAAGTGGTAGGTACG_Case_922	439_TCAAGTGGTAGGTACG	TRUE	TRUE
TCAAGTGGTCTCAGGC_Case_922	439_TCAAGTGGTCTCAGGC	TRUE	TRUE
TCAATCTAGGGAACAA_Case_922	439_TCAATCTAGGGAACAA	TRUE	TRUE
TCAATCTAGTCAACAA_Case_922	439_TCAATCTAGTCAACAA	TRUE	TRUE
TCAATCTCAGACACAG_Case_922	439_TCAATCTCAGACACAG	TRUE	TRUE
TCAATCTGTAAGCTCT_Case_922	439_TCAATCTGTAAGCTCT	TRUE	TRUE
TCAATCTTCAGTGCGC_Case_922	439_TCAATCTTCAGTGCGC	TRUE	TRUE
TCAATCTTCATTCGGA_Case_922	439_TCAATCTTCATTCGGA	TRUE	TRUE
TCAATCTTCGAAGCAG_Case_922	439_TCAATCTTCGAAGCAG	TRUE	TRUE
TCAATCTTCTCTCGAC_Case_922	439_TCAATCTTCTCTCGAC	TRUE	TRUE
TCAATTCAGTACAGCG_Case_922	439_TCAATTCAGTACAGCG	TRUE	TRUE
TCAATTCAGTACCGGA_Case_922	439_TCAATTCAGTACCGGA	TRUE	TRUE
TCAATTCTCCGAAATC_Case_922	439_TCAATTCTCCGAAATC	TRUE	TRUE
TCAATTCTCTTGTGCC_Case_922	439_TCAATTCTCTTGTGCC	TRUE	TRUE
TCACAAGGTAGTCCTA_Case_922	439_TCACAAGGTAGTCCTA	TRUE	TRUE
TCACAAGTCATTGTTC_Case_922	439_TCACAAGTCATTGTTC	TRUE	TRUE
TCACAAGTCGCCTCTA_Case_922	439_TCACAAGTCGCCTCTA	TRUE	TRUE
TCACACCCAATCGCAT_Case_922	439_TCACACCCAATCGCAT	TRUE	TRUE
TCACACCGTAGTCGTT_Case_922	439_TCACACCGTAGTCGTT	TRUE	TRUE
TCACACCGTGCGTCGT_Case_922	439_TCACACCGTGCGTCGT	TRUE	TRUE
TCACACCTCACATTGG_Case_922	439_TCACACCTCACATTGG	TRUE	TRUE
TCACATTAGTGCAAAT_Case_922	439_TCACATTAGTGCAAAT	TRUE	TRUE
TCACATTCACTCGATA_Case_922	439_TCACATTCACTCGATA	TRUE	TRUE
TCACATTGTCGTCATA_Case_922	439_TCACATTGTCGTCATA	TRUE	TRUE
TCACATTGTTTAGTCG_Case_922	439_TCACATTGTTTAGTCG	TRUE	TRUE
TCACATTGTTTCAGAC_Case_922	439_TCACATTGTTTCAGAC	TRUE	TRUE
TCACATTTCACCATGA_Case_922	439_TCACATTTCACCATGA	TRUE	TRUE
TCACATTTCCACAAGT_Case_922	439_TCACATTTCCACAAGT	TRUE	TRUE
TCACGCTAGGATCACG_Case_922	439_TCACGCTAGGATCACG	TRUE	TRUE
TCACGCTAGGTCACCC_Case_922	439_TCACGCTAGGTCACCC	TRUE	TRUE
TCACGCTAGTACCGGA_Case_922	439_TCACGCTAGTACCGGA	TRUE	TRUE
TCACGCTCAGGGTTGA_Case_922	439_TCACGCTCAGGGTTGA	TRUE	TRUE
TCACGCTCATCACAGT_Case_922	439_TCACGCTCATCACAGT	TRUE	TRUE
TCACGCTCATCTAGAC_Case_922	439_TCACGCTCATCTAGAC	TRUE	TRUE
TCACGCTTCAGAGCGA_Case_922	439_TCACGCTTCAGAGCGA	TRUE	TRUE
TCACGGGAGACATCCT_Case_922	439_TCACGGGAGACATCCT	TRUE	TRUE
TCACGGGAGGACAGCT_Case_922	439_TCACGGGAGGACAGCT	TRUE	TRUE
TCACGGGCAGAGCGTA_Case_922	439_TCACGGGCAGAGCGTA	TRUE	TRUE
TCACGGGGTCACTCGG_Case_922	439_TCACGGGGTCACTCGG	TRUE	TRUE
TCACGGGGTCGACTGC_Case_922	439_TCACGGGGTCGACTGC	TRUE	TRUE
TCACGGGTCCAAGAGG_Case_922	439_TCACGGGTCCAAGAGG	TRUE	TRUE
TCACGGGTCTAGTGAC_Case_922	439_TCACGGGTCTAGTGAC	TRUE	TRUE
TCACTATAGTCATAGA_Case_922	439_TCACTATAGTCATAGA	TRUE	TRUE
TCACTATCAACAGATA_Case_922	439_TCACTATCAACAGATA	TRUE	TRUE
TCACTATCAGACCAAG_Case_922	439_TCACTATCAGACCAAG	TRUE	TRUE
TCACTATGTAAGCTCT_Case_922	439_TCACTATGTAAGCTCT	TRUE	TRUE
TCACTATGTTAACCTG_Case_922	439_TCACTATGTTAACCTG	TRUE	TRUE
TCACTATGTTAGCTAC_Case_922	439_TCACTATGTTAGCTAC	TRUE	TRUE
TCACTCGAGCACTGGA_Case_922	439_TCACTCGAGCACTGGA	TRUE	TRUE
TCACTCGAGTGCACCC_Case_922	439_TCACTCGAGTGCACCC	TRUE	TRUE
TCACTCGCAGTGGTGA_Case_922	439_TCACTCGCAGTGGTGA	TRUE	TRUE
TCACTCGGTTTCGACA_Case_922	439_TCACTCGGTTTCGACA	TRUE	TRUE
TCACTCGGTTTCGGCG_Case_922	439_TCACTCGGTTTCGGCG	TRUE	TRUE
TCAGCAAAGACTCAAA_Case_922	439_TCAGCAAAGACTCAAA	TRUE	TRUE
TCAGCAATCATTTGCT_Case_922	439_TCAGCAATCATTTGCT	TRUE	TRUE
TCAGCCTAGACCATAA_Case_922	439_TCAGCCTAGACCATAA	TRUE	TRUE
TCAGCCTCACCAGCCA_Case_922	439_TCAGCCTCACCAGCCA	TRUE	TRUE
TCAGCCTGTGTATTCG_Case_922	439_TCAGCCTGTGTATTCG	TRUE	TRUE
TCAGGGCAGGTCATCT_Case_922	439_TCAGGGCAGGTCATCT	TRUE	TRUE
TCAGGGCCACACACGC_Case_922	439_TCAGGGCCACACACGC	TRUE	TRUE
TCAGGGCCACAGAGCA_Case_922	439_TCAGGGCCACAGAGCA	TRUE	TRUE
TCAGGGCCAGGAGGTT_Case_922	439_TCAGGGCCAGGAGGTT	TRUE	TRUE
TCAGGGCGTCGATTCA_Case_922	439_TCAGGGCGTCGATTCA	TRUE	TRUE
TCAGGGCTCAATGCAC_Case_922	439_TCAGGGCTCAATGCAC	TRUE	TRUE
TCAGGGCTCTCAGAAC_Case_922	439_TCAGGGCTCTCAGAAC	TRUE	TRUE
TCAGGTAAGTTGTCGT_Case_922	439_TCAGGTAAGTTGTCGT	TRUE	TRUE
TCAGGTACAAAGACTA_Case_922	439_TCAGGTACAAAGACTA	TRUE	TRUE
TCAGGTACACTTTAGG_Case_922	439_TCAGGTACACTTTAGG	TRUE	TRUE
TCAGGTAGTAGCCCTG_Case_922	439_TCAGGTAGTAGCCCTG	TRUE	TRUE
TCAGGTAGTGACTATC_Case_922	439_TCAGGTAGTGACTATC	TRUE	TRUE
TCAGGTATCAAAGCCT_Case_922	439_TCAGGTATCAAAGCCT	TRUE	TRUE
TCAGTCCAGTTCTCTT_Case_922	439_TCAGTCCAGTTCTCTT	TRUE	TRUE
TCAGTCCGTAAGCTCT_Case_922	439_TCAGTCCGTAAGCTCT	TRUE	TRUE
TCAGTCCTCAAGTTGC_Case_922	439_TCAGTCCTCAAGTTGC	TRUE	TRUE
TCAGTCCTCATACAGC_Case_922	439_TCAGTCCTCATACAGC	TRUE	TRUE
TCAGTCCTCCTAAGTG_Case_922	439_TCAGTCCTCCTAAGTG	TRUE	TRUE
TCAGTGAAGAGGACTC_Case_922	439_TCAGTGAAGAGGACTC	TRUE	TRUE
TCAGTGAAGCCGATAG_Case_922	439_TCAGTGAAGCCGATAG	TRUE	TRUE
TCAGTGAAGGGAGTTC_Case_922	439_TCAGTGAAGGGAGTTC	TRUE	TRUE
TCAGTGACACAAGTTC_Case_922	439_TCAGTGACACAAGTTC	TRUE	TRUE
TCAGTGACACGGCACT_Case_922	439_TCAGTGACACGGCACT	TRUE	TRUE
TCAGTGACATCTAGAC_Case_922	439_TCAGTGACATCTAGAC	TRUE	TRUE
TCAGTGAGTGTTCCTC_Case_922	439_TCAGTGAGTGTTCCTC	TRUE	TRUE
TCAGTGATCTATCGCC_Case_922	439_TCAGTGATCTATCGCC	TRUE	TRUE
TCAGTGATCTCGCTCA_Case_922	439_TCAGTGATCTCGCTCA	TRUE	TRUE
TCAGTGATCTTCGGAA_Case_922	439_TCAGTGATCTTCGGAA	TRUE	TRUE
TCAGTTTAGCTCTATG_Case_922	439_TCAGTTTAGCTCTATG	TRUE	TRUE
TCAGTTTCACTCGATA_Case_922	439_TCAGTTTCACTCGATA	TRUE	TRUE
TCAGTTTGTTCTCCTG_Case_922	439_TCAGTTTGTTCTCCTG	TRUE	TRUE
TCAGTTTTCATGACAC_Case_922	439_TCAGTTTTCATGACAC	TRUE	TRUE
TCAGTTTTCCGAAGGA_Case_922	439_TCAGTTTTCCGAAGGA	TRUE	TRUE
TCATACTAGACATCAA_Case_922	439_TCATACTAGACATCAA	TRUE	TRUE
TCATACTAGCGACAGT_Case_922	439_TCATACTAGCGACAGT	TRUE	TRUE
TCATACTGTTTACACG_Case_922	439_TCATACTGTTTACACG	TRUE	TRUE
TCATACTTCAATCAGC_Case_922	439_TCATACTTCAATCAGC	TRUE	TRUE
TCATACTTCCTTATCA_Case_922	439_TCATACTTCCTTATCA	TRUE	TRUE
TCATACTTCGGCATAT_Case_922	439_TCATACTTCGGCATAT	TRUE	TRUE
TCATATCCATTCCTCG_Case_922	439_TCATATCCATTCCTCG	TRUE	TRUE
TCATATCGTAGTCTTG_Case_922	439_TCATATCGTAGTCTTG	TRUE	TRUE
TCATATCGTCTGTGGC_Case_922	439_TCATATCGTCTGTGGC	TRUE	TRUE
TCATATCTCGAGATAA_Case_922	439_TCATATCTCGAGATAA	TRUE	TRUE
TCATCATAGATCACCT_Case_922	439_TCATCATAGATCACCT	TRUE	TRUE
TCATCATAGGCGACAT_Case_922	439_TCATCATAGGCGACAT	TRUE	TRUE
TCATCATCAAATCGTC_Case_922	439_TCATCATCAAATCGTC	TRUE	TRUE
TCATCATCATGTAACC_Case_922	439_TCATCATCATGTAACC	TRUE	TRUE
TCATCATGTTTAGAGA_Case_922	439_TCATCATGTTTAGAGA	TRUE	TRUE
TCATCCGCACCATATG_Case_922	439_TCATCCGCACCATATG	TRUE	TRUE
TCATCCGGTCTACGTA_Case_922	439_TCATCCGGTCTACGTA	TRUE	TRUE
TCATCCGGTGCTCGTG_Case_922	439_TCATCCGGTGCTCGTG	TRUE	TRUE
TCATCCGTCTTGTGCC_Case_922	439_TCATCCGTCTTGTGCC	TRUE	TRUE
TCATGAGAGTTAGAAC_Case_922	439_TCATGAGAGTTAGAAC	TRUE	TRUE
TCATGAGGTCAGGTGA_Case_922	439_TCATGAGGTCAGGTGA	TRUE	TRUE
TCATGAGTCAATCTTC_Case_922	439_TCATGAGTCAATCTTC	TRUE	TRUE
TCATGAGTCACAATGC_Case_922	439_TCATGAGTCACAATGC	TRUE	TRUE
TCATGAGTCGTAACTG_Case_922	439_TCATGAGTCGTAACTG	TRUE	TRUE
TCATGCCAGCTGCCAC_Case_922	439_TCATGCCAGCTGCCAC	TRUE	TRUE
TCATGCCAGGATGAGA_Case_922	439_TCATGCCAGGATGAGA	TRUE	TRUE
TCATGCCAGTGGAATT_Case_922	439_TCATGCCAGTGGAATT	TRUE	TRUE
TCATGGATCAAAGAAC_Case_922	439_TCATGGATCAAAGAAC	TRUE	TRUE
TCATGGATCAGCGCAC_Case_922	439_TCATGGATCAGCGCAC	TRUE	TRUE
TCATGTTAGCACTCTA_Case_922	439_TCATGTTAGCACTCTA	TRUE	TRUE
TCATGTTAGCCGATTT_Case_922	439_TCATGTTAGCCGATTT	TRUE	TRUE
TCATGTTAGGATGCGT_Case_922	439_TCATGTTAGGATGCGT	TRUE	TRUE
TCATGTTAGTCTTCGA_Case_922	439_TCATGTTAGTCTTCGA	TRUE	TRUE
TCATGTTAGTGATAGT_Case_922	439_TCATGTTAGTGATAGT	TRUE	TRUE
TCATGTTCAAATGATG_Case_922	439_TCATGTTCAAATGATG	TRUE	TRUE
TCATGTTCAGGAATAT_Case_922	439_TCATGTTCAGGAATAT	TRUE	TRUE
TCATTACGTCAACGCC_Case_922	439_TCATTACGTCAACGCC	TRUE	TRUE
TCATTACGTCGCAACC_Case_922	439_TCATTACGTCGCAACC	TRUE	TRUE
TCATTACGTGCCAAGA_Case_922	439_TCATTACGTGCCAAGA	TRUE	TRUE
TCATTACTCATCGCCT_Case_922	439_TCATTACTCATCGCCT	TRUE	TRUE
TCATTACTCATTTGGG_Case_922	439_TCATTACTCATTTGGG	TRUE	TRUE
TCATTCAAGACCTTTG_Case_922	439_TCATTCAAGACCTTTG	TRUE	TRUE
TCATTCAAGCCTGTCG_Case_922	439_TCATTCAAGCCTGTCG	TRUE	TRUE
TCATTCACATCGCTCT_Case_922	439_TCATTCACATCGCTCT	TRUE	TRUE
TCATTCAGTAACAAGT_Case_922	439_TCATTCAGTAACAAGT	TRUE	TRUE
TCATTCAGTAGACTGG_Case_922	439_TCATTCAGTAGACTGG	TRUE	TRUE
TCATTCATCAAACTGC_Case_922	439_TCATTCATCAAACTGC	TRUE	TRUE
TCATTGTAGCATGATA_Case_922	439_TCATTGTAGCATGATA	TRUE	TRUE
TCATTGTAGTTCTCTT_Case_922	439_TCATTGTAGTTCTCTT	TRUE	TRUE
TCATTGTCATAAGCAA_Case_922	439_TCATTGTCATAAGCAA	TRUE	TRUE
TCATTGTGTAAGTTGA_Case_922	439_TCATTGTGTAAGTTGA	TRUE	TRUE
TCATTGTGTCGGAAAC_Case_922	439_TCATTGTGTCGGAAAC	TRUE	TRUE
TCATTTGAGTCTAGCT_Case_922	439_TCATTTGAGTCTAGCT	TRUE	TRUE
TCATTTGGTCTACAGT_Case_922	439_TCATTTGGTCTACAGT	TRUE	TRUE
TCCACCAGTCCGAAGA_Case_922	439_TCCACCAGTCCGAAGA	TRUE	TRUE
TCCACGTAGACGCCAA_Case_922	439_TCCACGTAGACGCCAA	TRUE	TRUE
TCCACGTAGAGAACCC_Case_922	439_TCCACGTAGAGAACCC	TRUE	TRUE
TCCACGTAGTGCAAAT_Case_922	439_TCCACGTAGTGCAAAT	TRUE	TRUE
TCCACGTTCCTTGACC_Case_922	439_TCCACGTTCCTTGACC	TRUE	TRUE
TCCACGTTCGATTTCT_Case_922	439_TCCACGTTCGATTTCT	TRUE	TRUE
TCCACGTTCGTTCTAT_Case_922	439_TCCACGTTCGTTCTAT	TRUE	TRUE
TCCATCGAGGCACGAT_Case_922	439_TCCATCGAGGCACGAT	TRUE	TRUE
TCCATCGAGGTGAGCT_Case_922	439_TCCATCGAGGTGAGCT	TRUE	TRUE
TCCATCGCAATTGCGT_Case_922	439_TCCATCGCAATTGCGT	TRUE	TRUE
TCCATCGTCCTCGCAT_Case_922	439_TCCATCGTCCTCGCAT	TRUE	TRUE
TCCATCGTCGCTTGAA_Case_922	439_TCCATCGTCGCTTGAA	TRUE	TRUE
TCCATCGTCTTGGTCC_Case_922	439_TCCATCGTCTTGGTCC	TRUE	TRUE
TCCATGCAGAATCGAT_Case_922	439_TCCATGCAGAATCGAT	TRUE	TRUE
TCCATGCAGACGTCCC_Case_922	439_TCCATGCAGACGTCCC	TRUE	TRUE
TCCATGCAGCCTCAAT_Case_922	439_TCCATGCAGCCTCAAT	TRUE	TRUE
TCCATGCAGGAATCGC_Case_922	439_TCCATGCAGGAATCGC	TRUE	TRUE
TCCATGCAGGGCTGAT_Case_922	439_TCCATGCAGGGCTGAT	TRUE	TRUE
TCCATGCCAACGTTAC_Case_922	439_TCCATGCCAACGTTAC	TRUE	TRUE
TCCCACAAGCTCCACG_Case_922	439_TCCCACAAGCTCCACG	TRUE	TRUE
TCCCACACAAAGTGTA_Case_922	439_TCCCACACAAAGTGTA	TRUE	TRUE
TCCCACACAACTCGAT_Case_922	439_TCCCACACAACTCGAT	TRUE	TRUE
TCCCACATCACTCGAA_Case_922	439_TCCCACATCACTCGAA	TRUE	TRUE
TCCCACATCAGACCTA_Case_922	439_TCCCACATCAGACCTA	TRUE	TRUE
TCCCAGTAGGCCTAAG_Case_922	439_TCCCAGTAGGCCTAAG	TRUE	TRUE
TCCCAGTAGGTAAGGA_Case_922	439_TCCCAGTAGGTAAGGA	TRUE	TRUE
TCCCAGTAGTCGCGAA_Case_922	439_TCCCAGTAGTCGCGAA	TRUE	TRUE
TCCCAGTCACGACCTG_Case_922	439_TCCCAGTCACGACCTG	TRUE	TRUE
TCCCAGTTCGAGTGGA_Case_922	439_TCCCAGTTCGAGTGGA	TRUE	TRUE
TCCCAGTTCGCCACTT_Case_922	439_TCCCAGTTCGCCACTT	TRUE	TRUE
TCCCATGCAATCACGT_Case_922	439_TCCCATGCAATCACGT	TRUE	TRUE
TCCCATGGTGTCCAAT_Case_922	439_TCCCATGGTGTCCAAT	TRUE	TRUE
TCCCATGGTGTGTGTT_Case_922	439_TCCCATGGTGTGTGTT	TRUE	TRUE
TCCCATGTCTAATTCC_Case_922	439_TCCCATGTCTAATTCC	TRUE	TRUE
TCCGAAAAGAGTGTTA_Case_922	439_TCCGAAAAGAGTGTTA	TRUE	TRUE
TCCGAAAGTCTTTCTA_Case_922	439_TCCGAAAGTCTTTCTA	TRUE	TRUE
TCCGAAAGTTAGGAGC_Case_922	439_TCCGAAAGTTAGGAGC	TRUE	TRUE
TCCGAAAGTTCTGACA_Case_922	439_TCCGAAAGTTCTGACA	TRUE	TRUE
TCCGATCAGCAATTAG_Case_922	439_TCCGATCAGCAATTAG	TRUE	TRUE
TCCGATCCAGTCAACT_Case_922	439_TCCGATCCAGTCAACT	TRUE	TRUE
TCCGATCTCTAGTACG_Case_922	439_TCCGATCTCTAGTACG	TRUE	TRUE
TCCGGGAAGGCATGGT_Case_922	439_TCCGGGAAGGCATGGT	TRUE	TRUE
TCCGGGAAGGCCCGTT_Case_922	439_TCCGGGAAGGCCCGTT	TRUE	TRUE
TCCGGGACAGGTAGTG_Case_922	439_TCCGGGACAGGTAGTG	TRUE	TRUE
TCCGGGAGTAAGATAC_Case_922	439_TCCGGGAGTAAGATAC	TRUE	TRUE
TCCGGGAGTACCTAGT_Case_922	439_TCCGGGAGTACCTAGT	TRUE	TRUE
TCCGTGTTCACCTCTG_Case_922	439_TCCGTGTTCACCTCTG	TRUE	TRUE
TCCGTGTTCTGTACAG_Case_922	439_TCCGTGTTCTGTACAG	TRUE	TRUE
TCCTAATAGAAACTAC_Case_922	439_TCCTAATAGAAACTAC	TRUE	TRUE
TCCTAATAGCCTCAGC_Case_922	439_TCCTAATAGCCTCAGC	TRUE	TRUE
TCCTAATAGGCACTCC_Case_922	439_TCCTAATAGGCACTCC	TRUE	TRUE
TCCTAATAGTTCCGTA_Case_922	439_TCCTAATAGTTCCGTA	TRUE	TRUE
TCCTAATGTGTCTAAC_Case_922	439_TCCTAATGTGTCTAAC	TRUE	TRUE
TCCTAATTCAATCAGC_Case_922	439_TCCTAATTCAATCAGC	TRUE	TRUE
TCCTAATTCCCTCGTA_Case_922	439_TCCTAATTCCCTCGTA	TRUE	TRUE
TCCTAATTCTCTGACC_Case_922	439_TCCTAATTCTCTGACC	TRUE	TRUE
TCCTCCCTCACGGACC_Case_922	439_TCCTCCCTCACGGACC	TRUE	TRUE
TCCTCGAAGAGTGTGC_Case_922	439_TCCTCGAAGAGTGTGC	TRUE	TRUE
TCCTCGAAGCAAGCCA_Case_922	439_TCCTCGAAGCAAGCCA	TRUE	TRUE
TCCTCGACAACCACAT_Case_922	439_TCCTCGACAACCACAT	TRUE	TRUE
TCCTCGAGTTCCGTTC_Case_922	439_TCCTCGAGTTCCGTTC	TRUE	TRUE
TCCTCGATCAACTTTC_Case_922	439_TCCTCGATCAACTTTC	TRUE	TRUE
TCCTCGATCCGCAGTG_Case_922	439_TCCTCGATCCGCAGTG	TRUE	TRUE
TCCTCGATCGCTTAAG_Case_922	439_TCCTCGATCGCTTAAG	TRUE	TRUE
TCCTCTTAGACCACGA_Case_922	439_TCCTCTTAGACCACGA	TRUE	TRUE
TCCTCTTGTCGTTTCC_Case_922	439_TCCTCTTGTCGTTTCC	TRUE	TRUE
TCCTGCACACATACGT_Case_922	439_TCCTGCACACATACGT	TRUE	TRUE
TCCTGCAGTGAAAGTT_Case_922	439_TCCTGCAGTGAAAGTT	TRUE	TRUE
TCCTGCAGTTTACGAC_Case_922	439_TCCTGCAGTTTACGAC	TRUE	TRUE
TCCTTCTCACGCACCA_Case_922	439_TCCTTCTCACGCACCA	TRUE	TRUE
TCCTTCTGTAGATTAG_Case_922	439_TCCTTCTGTAGATTAG	TRUE	TRUE
TCCTTCTGTTCCACAA_Case_922	439_TCCTTCTGTTCCACAA	TRUE	TRUE
TCCTTTCCACTGAGGA_Case_922	439_TCCTTTCCACTGAGGA	TRUE	TRUE
TCCTTTCTCTCCGCAT_Case_922	439_TCCTTTCTCTCCGCAT	TRUE	TRUE
TCGAACAAGCCTGTGC_Case_922	439_TCGAACAAGCCTGTGC	TRUE	TRUE
TCGAACAAGCGTTGTT_Case_922	439_TCGAACAAGCGTTGTT	TRUE	TRUE
TCGAACAGTGTCCACG_Case_922	439_TCGAACAGTGTCCACG	TRUE	TRUE
TCGAAGTGTTACGTAC_Case_922	439_TCGAAGTGTTACGTAC	TRUE	TRUE
TCGACCTCATTGAAGA_Case_922	439_TCGACCTCATTGAAGA	TRUE	TRUE
TCGACGGCACACCTGG_Case_922	439_TCGACGGCACACCTGG	TRUE	TRUE
TCGACGGGTAGTTCCA_Case_922	439_TCGACGGGTAGTTCCA	TRUE	TRUE
TCGACGGGTATATGGA_Case_922	439_TCGACGGGTATATGGA	TRUE	TRUE
TCGACGGGTCGACTGC_Case_922	439_TCGACGGGTCGACTGC	TRUE	TRUE
TCGACGGGTGCATCTA_Case_922	439_TCGACGGGTGCATCTA	TRUE	TRUE
TCGACGGTCATGGAGG_Case_922	439_TCGACGGTCATGGAGG	TRUE	TRUE
TCGATTTAGAACTGAT_Case_922	439_TCGATTTAGAACTGAT	TRUE	TRUE
TCGATTTAGCAAGGAA_Case_922	439_TCGATTTAGCAAGGAA	TRUE	TRUE
TCGATTTAGGCGTTAG_Case_922	439_TCGATTTAGGCGTTAG	TRUE	TRUE
TCGATTTCAAAGCTCT_Case_922	439_TCGATTTCAAAGCTCT	TRUE	TRUE
TCGATTTCAGGTCAGA_Case_922	439_TCGATTTCAGGTCAGA	TRUE	TRUE
TCGATTTGTTAGAGTA_Case_922	439_TCGATTTGTTAGAGTA	TRUE	TRUE
TCGCACTAGGAAGTCC_Case_922	439_TCGCACTAGGAAGTCC	TRUE	TRUE
TCGCACTCACAATTCG_Case_922	439_TCGCACTCACAATTCG	TRUE	TRUE
TCGCACTCATCGTTCC_Case_922	439_TCGCACTCATCGTTCC	TRUE	TRUE
TCGCACTGTCCGACGT_Case_922	439_TCGCACTGTCCGACGT	TRUE	TRUE
TCGCACTGTCGCCTAG_Case_922	439_TCGCACTGTCGCCTAG	TRUE	TRUE
TCGCACTTCCAAGCTA_Case_922	439_TCGCACTTCCAAGCTA	TRUE	TRUE
TCGCAGGCAAGACCTT_Case_922	439_TCGCAGGCAAGACCTT	TRUE	TRUE
TCGCAGGCAGGCCTGT_Case_922	439_TCGCAGGCAGGCCTGT	TRUE	TRUE
TCGCAGGTCATGCATG_Case_922	439_TCGCAGGTCATGCATG	TRUE	TRUE
TCGCTCAAGCATTGAA_Case_922	439_TCGCTCAAGCATTGAA	TRUE	TRUE
TCGCTCACAATGACCT_Case_922	439_TCGCTCACAATGACCT	TRUE	TRUE
TCGCTCAGTTCACGAT_Case_922	439_TCGCTCAGTTCACGAT	TRUE	TRUE
TCGCTCAGTTCTTCAT_Case_922	439_TCGCTCAGTTCTTCAT	TRUE	TRUE
TCGCTTGGTCGGATTT_Case_922	439_TCGCTTGGTCGGATTT	TRUE	TRUE
TCGCTTGGTTCCACGG_Case_922	439_TCGCTTGGTTCCACGG	TRUE	TRUE
TCGCTTGTCAAGAGTA_Case_922	439_TCGCTTGTCAAGAGTA	TRUE	TRUE
TCGCTTGTCGCTTGCT_Case_922	439_TCGCTTGTCGCTTGCT	TRUE	TRUE
TCGGATAAGGTTGCCC_Case_922	439_TCGGATAAGGTTGCCC	TRUE	TRUE
TCGGATAAGTGTACAA_Case_922	439_TCGGATAAGTGTACAA	TRUE	TRUE
TCGGATACAGAGTGAC_Case_922	439_TCGGATACAGAGTGAC	TRUE	TRUE
TCGGATAGTTGACGGA_Case_922	439_TCGGATAGTTGACGGA	TRUE	TRUE
TCGGATATCAACCCGG_Case_922	439_TCGGATATCAACCCGG	TRUE	TRUE
TCGGGACAGGAATTAC_Case_922	439_TCGGGACAGGAATTAC	TRUE	TRUE
TCGGGACGTACGGATG_Case_922	439_TCGGGACGTACGGATG	TRUE	TRUE
TCGGGACGTCCGGATC_Case_922	439_TCGGGACGTCCGGATC	TRUE	TRUE
TCGGGACGTGAGTTGG_Case_922	439_TCGGGACGTGAGTTGG	TRUE	TRUE
TCGGGCACACTGTCGG_Case_922	439_TCGGGCACACTGTCGG	TRUE	TRUE
TCGGGCAGTAATGCGG_Case_922	439_TCGGGCAGTAATGCGG	TRUE	TRUE
TCGGGCAGTCAATGGG_Case_922	439_TCGGGCAGTCAATGGG	TRUE	TRUE
TCGGGCAGTCTTGTCC_Case_922	439_TCGGGCAGTCTTGTCC	TRUE	TRUE
TCGGGTGCACTTGTCC_Case_922	439_TCGGGTGCACTTGTCC	TRUE	TRUE
TCGGGTGTCACTGTTT_Case_922	439_TCGGGTGTCACTGTTT	TRUE	TRUE
TCGGGTGTCCACGGGT_Case_922	439_TCGGGTGTCCACGGGT	TRUE	TRUE
TCGGTCTAGATGGTAT_Case_922	439_TCGGTCTAGATGGTAT	TRUE	TRUE
TCGGTCTCATACAGGG_Case_922	439_TCGGTCTCATACAGGG	TRUE	TRUE
TCGGTCTGTCTTTCTA_Case_922	439_TCGGTCTGTCTTTCTA	TRUE	TRUE
TCGGTCTTCGAGTTGT_Case_922	439_TCGGTCTTCGAGTTGT	TRUE	TRUE
TCGGTCTTCTACGCAA_Case_922	439_TCGGTCTTCTACGCAA	TRUE	TRUE
TCGTAGAAGACGCCCT_Case_922	439_TCGTAGAAGACGCCCT	TRUE	TRUE
TCGTAGAAGTAACGTA_Case_922	439_TCGTAGAAGTAACGTA	TRUE	TRUE
TCGTAGAGTCTGTGTA_Case_922	439_TCGTAGAGTCTGTGTA	TRUE	TRUE
TCGTAGAGTGCCTGAC_Case_922	439_TCGTAGAGTGCCTGAC	TRUE	TRUE
TCGTAGATCCTGTTAT_Case_922	439_TCGTAGATCCTGTTAT	TRUE	TRUE
TCGTAGATCTCTCGCA_Case_922	439_TCGTAGATCTCTCGCA	TRUE	TRUE
TCGTCCAAGCAGCAGT_Case_922	439_TCGTCCAAGCAGCAGT	TRUE	TRUE
TCGTCCATCATCGCTC_Case_922	439_TCGTCCATCATCGCTC	TRUE	TRUE
TCGTCCATCATTTGCT_Case_922	439_TCGTCCATCATTTGCT	TRUE	TRUE
TCGTGCTGTACTGCGC_Case_922	439_TCGTGCTGTACTGCGC	TRUE	TRUE
TCGTGCTGTTGCGTAT_Case_922	439_TCGTGCTGTTGCGTAT	TRUE	TRUE
TCGTGCTTCCTGCTAC_Case_922	439_TCGTGCTTCCTGCTAC	TRUE	TRUE
TCGTGGGAGGAATTAC_Case_922	439_TCGTGGGAGGAATTAC	TRUE	TRUE
TCGTGGGCAACCACAT_Case_922	439_TCGTGGGCAACCACAT	TRUE	TRUE
TCGTGGGCACCCAACG_Case_922	439_TCGTGGGCACCCAACG	TRUE	TRUE
TCGTGGGCACTTCAAG_Case_922	439_TCGTGGGCACTTCAAG	TRUE	TRUE
TCGTGGGGTTGTGCCG_Case_922	439_TCGTGGGGTTGTGCCG	TRUE	TRUE
TCGTGGGTCAGTGTTG_Case_922	439_TCGTGGGTCAGTGTTG	TRUE	TRUE
TCTAACTAGCGTGCTC_Case_922	439_TCTAACTAGCGTGCTC	TRUE	TRUE
TCTAACTCAAATCAGA_Case_922	439_TCTAACTCAAATCAGA	TRUE	TRUE
TCTAACTGTCTTGAAC_Case_922	439_TCTAACTGTCTTGAAC	TRUE	TRUE
TCTAACTTCTGGAGAG_Case_922	439_TCTAACTTCTGGAGAG	TRUE	TRUE
TCTAACTTCTTAGCTT_Case_922	439_TCTAACTTCTTAGCTT	TRUE	TRUE
TCTACATAGGGCCCTT_Case_922	439_TCTACATAGGGCCCTT	TRUE	TRUE
TCTACATAGGTCATAA_Case_922	439_TCTACATAGGTCATAA	TRUE	TRUE
TCTACATCACCCTATC_Case_922	439_TCTACATCACCCTATC	TRUE	TRUE
TCTACCGGTCTATGAC_Case_922	439_TCTACCGGTCTATGAC	TRUE	TRUE
TCTACCGTCGTGTTCC_Case_922	439_TCTACCGTCGTGTTCC	TRUE	TRUE
TCTATACCATATCGGT_Case_922	439_TCTATACCATATCGGT	TRUE	TRUE
TCTATACGTAATCAGA_Case_922	439_TCTATACGTAATCAGA	TRUE	TRUE
TCTATACGTGGCATCC_Case_922	439_TCTATACGTGGCATCC	TRUE	TRUE
TCTATACTCGGCTTGG_Case_922	439_TCTATACTCGGCTTGG	TRUE	TRUE
TCTATACTCTCGAGTA_Case_922	439_TCTATACTCTCGAGTA	TRUE	TRUE
TCTATCAAGACTCATC_Case_922	439_TCTATCAAGACTCATC	TRUE	TRUE
TCTATCAAGATGAACT_Case_922	439_TCTATCAAGATGAACT	TRUE	TRUE
TCTATCAAGGGTACGT_Case_922	439_TCTATCAAGGGTACGT	TRUE	TRUE
TCTCACGAGGGCAGAG_Case_922	439_TCTCACGAGGGCAGAG	TRUE	TRUE
TCTCACGCAGTTTCGA_Case_922	439_TCTCACGCAGTTTCGA	TRUE	TRUE
TCTCACGGTATCTCGA_Case_922	439_TCTCACGGTATCTCGA	TRUE	TRUE
TCTCACGTCACTAGCA_Case_922	439_TCTCACGTCACTAGCA	TRUE	TRUE
TCTCAGCAGAATGTTG_Case_922	439_TCTCAGCAGAATGTTG	TRUE	TRUE
TCTCAGCCAGCTCCTT_Case_922	439_TCTCAGCCAGCTCCTT	TRUE	TRUE
TCTCAGCGTAACTTCG_Case_922	439_TCTCAGCGTAACTTCG	TRUE	TRUE
TCTCAGCGTCCAATCA_Case_922	439_TCTCAGCGTCCAATCA	TRUE	TRUE
TCTCAGCGTGCAGGAT_Case_922	439_TCTCAGCGTGCAGGAT	TRUE	TRUE
TCTCCGAAGAGTGGCT_Case_922	439_TCTCCGAAGAGTGGCT	TRUE	TRUE
TCTCCGAGTTATCTTC_Case_922	439_TCTCCGAGTTATCTTC	TRUE	TRUE
TCTCCGATCGTCAACA_Case_922	439_TCTCCGATCGTCAACA	TRUE	TRUE
TCTCCGATCTTGCGCT_Case_922	439_TCTCCGATCTTGCGCT	TRUE	TRUE
TCTCTGGAGAGACAAG_Case_922	439_TCTCTGGAGAGACAAG	TRUE	TRUE
TCTCTGGAGAGGCGGA_Case_922	439_TCTCTGGAGAGGCGGA	TRUE	TRUE
TCTCTGGGTGACTGTT_Case_922	439_TCTCTGGGTGACTGTT	TRUE	TRUE
TCTCTGGGTTTCGACA_Case_922	439_TCTCTGGGTTTCGACA	TRUE	TRUE
TCTGCCAAGACGAAGA_Case_922	439_TCTGCCAAGACGAAGA	TRUE	TRUE
TCTGCCAAGTGATAAC_Case_922	439_TCTGCCAAGTGATAAC	TRUE	TRUE
TCTGCCACAGATTCGT_Case_922	439_TCTGCCACAGATTCGT	TRUE	TRUE
TCTGGCTCACAGCCAC_Case_922	439_TCTGGCTCACAGCCAC	TRUE	TRUE
TCTGGCTCATCCGGTG_Case_922	439_TCTGGCTCATCCGGTG	TRUE	TRUE
TCTGGCTGTAACATGA_Case_922	439_TCTGGCTGTAACATGA	TRUE	TRUE
TCTGGCTGTAGATTAG_Case_922	439_TCTGGCTGTAGATTAG	TRUE	TRUE
TCTGGCTGTCTGTAAC_Case_922	439_TCTGGCTGTCTGTAAC	TRUE	TRUE
TCTGGCTGTGTTCAGT_Case_922	439_TCTGGCTGTGTTCAGT	TRUE	TRUE
TCTGGCTTCTATACTC_Case_922	439_TCTGGCTTCTATACTC	TRUE	TRUE
TCTGTCGAGAAGGGAT_Case_922	439_TCTGTCGAGAAGGGAT	TRUE	TRUE
TCTGTCGAGAGTTGCG_Case_922	439_TCTGTCGAGAGTTGCG	TRUE	TRUE
TCTGTCGAGCGCTGAA_Case_922	439_TCTGTCGAGCGCTGAA	TRUE	TRUE
TCTGTCGAGCTAAATG_Case_922	439_TCTGTCGAGCTAAATG	TRUE	TRUE
TCTGTCGGTATCGTTG_Case_922	439_TCTGTCGGTATCGTTG	TRUE	TRUE
TCTGTCGTCCCGTTCA_Case_922	439_TCTGTCGTCCCGTTCA	TRUE	TRUE
TCTTAGTCAAAGGCTG_Case_922	439_TCTTAGTCAAAGGCTG	TRUE	TRUE
TCTTAGTCAAGACCGA_Case_922	439_TCTTAGTCAAGACCGA	TRUE	TRUE
TCTTAGTCACGTCATA_Case_922	439_TCTTAGTCACGTCATA	TRUE	TRUE
TCTTAGTCATCTTAGG_Case_922	439_TCTTAGTCATCTTAGG	TRUE	TRUE
TCTTAGTGTCCTTTGC_Case_922	439_TCTTAGTGTCCTTTGC	TRUE	TRUE
TCTTAGTGTGCAAGAC_Case_922	439_TCTTAGTGTGCAAGAC	TRUE	TRUE
TCTTAGTTCGTAACAC_Case_922	439_TCTTAGTTCGTAACAC	TRUE	TRUE
TCTTAGTTCTGACAGT_Case_922	439_TCTTAGTTCTGACAGT	TRUE	TRUE
TCTTCCTAGGTAACTA_Case_922	439_TCTTCCTAGGTAACTA	TRUE	TRUE
TCTTCCTCAGAGTGTG_Case_922	439_TCTTCCTCAGAGTGTG	TRUE	TRUE
TCTTCCTCAGCCGTTG_Case_922	439_TCTTCCTCAGCCGTTG	TRUE	TRUE
TCTTCCTCAGGTTCAT_Case_922	439_TCTTCCTCAGGTTCAT	TRUE	TRUE
TCTTCCTTCATACGAC_Case_922	439_TCTTCCTTCATACGAC	TRUE	TRUE
TCTTGCGAGGACAACC_Case_922	439_TCTTGCGAGGACAACC	TRUE	TRUE
TCTTGCGCACAAGCTT_Case_922	439_TCTTGCGCACAAGCTT	TRUE	TRUE
TCTTGCGCAGCTTTCC_Case_922	439_TCTTGCGCAGCTTTCC	TRUE	TRUE
TCTTGCGCAGGCTACC_Case_922	439_TCTTGCGCAGGCTACC	TRUE	TRUE
TCTTGCGCAGGTCCGT_Case_922	439_TCTTGCGCAGGTCCGT	TRUE	TRUE
TCTTGCGCAGTTCACA_Case_922	439_TCTTGCGCAGTTCACA	TRUE	TRUE
TCTTGCGTCCGTCCTA_Case_922	439_TCTTGCGTCCGTCCTA	TRUE	TRUE
TCTTGCGTCTAGACCA_Case_922	439_TCTTGCGTCTAGACCA	TRUE	TRUE
TCTTGCGTCTCGAACA_Case_922	439_TCTTGCGTCTCGAACA	TRUE	TRUE
TCTTTGAAGGGCAGGA_Case_922	439_TCTTTGAAGGGCAGGA	TRUE	TRUE
TCTTTGAAGTGAGTTA_Case_922	439_TCTTTGAAGTGAGTTA	TRUE	TRUE
TCTTTGACACTGTCCT_Case_922	439_TCTTTGACACTGTCCT	TRUE	TRUE
TCTTTGACATGTAACC_Case_922	439_TCTTTGACATGTAACC	TRUE	TRUE
TCTTTGATCAGAGTGG_Case_922	439_TCTTTGATCAGAGTGG	TRUE	TRUE
TCTTTGATCTGCGTCT_Case_922	439_TCTTTGATCTGCGTCT	TRUE	TRUE
TGAACGTAGACGCTCC_Case_922	439_TGAACGTAGACGCTCC	TRUE	TRUE
TGAACGTAGTCAGCGA_Case_922	439_TGAACGTAGTCAGCGA	TRUE	TRUE
TGAACGTCAGACCGCT_Case_922	439_TGAACGTCAGACCGCT	TRUE	TRUE
TGAACGTGTCGTTGCG_Case_922	439_TGAACGTGTCGTTGCG	TRUE	TRUE
TGAATCGGTAACAGTA_Case_922	439_TGAATCGGTAACAGTA	TRUE	TRUE
TGAATCGGTAGCGAGT_Case_922	439_TGAATCGGTAGCGAGT	TRUE	TRUE
TGAATCGGTGAATTGA_Case_922	439_TGAATCGGTGAATTGA	TRUE	TRUE
TGAATCGGTGTAAACA_Case_922	439_TGAATCGGTGTAAACA	TRUE	TRUE
TGAATCGGTTAAGGAT_Case_922	439_TGAATCGGTTAAGGAT	TRUE	TRUE
TGAATCGTCCTTATGT_Case_922	439_TGAATCGTCCTTATGT	TRUE	TRUE
TGAATCGTCGACGCTG_Case_922	439_TGAATCGTCGACGCTG	TRUE	TRUE
TGAATCGTCGGATTAC_Case_922	439_TGAATCGTCGGATTAC	TRUE	TRUE
TGAATGCAGCTCGGCT_Case_922	439_TGAATGCAGCTCGGCT	TRUE	TRUE
TGAATGCAGGATAATC_Case_922	439_TGAATGCAGGATAATC	TRUE	TRUE
TGAATGCCAGAAATCA_Case_922	439_TGAATGCCAGAAATCA	TRUE	TRUE
TGAATGCCATGTGGCC_Case_922	439_TGAATGCCATGTGGCC	TRUE	TRUE
TGAATGCTCATTGCCC_Case_922	439_TGAATGCTCATTGCCC	TRUE	TRUE
TGAATGCTCGACGTCG_Case_922	439_TGAATGCTCGACGTCG	TRUE	TRUE
TGACAGTAGCACCGAA_Case_922	439_TGACAGTAGCACCGAA	TRUE	TRUE
TGACAGTAGCCACTCG_Case_922	439_TGACAGTAGCCACTCG	TRUE	TRUE
TGACAGTAGTATTCCG_Case_922	439_TGACAGTAGTATTCCG	TRUE	TRUE
TGACAGTCACGTAGAG_Case_922	439_TGACAGTCACGTAGAG	TRUE	TRUE
TGACAGTCAGTGTACT_Case_922	439_TGACAGTCAGTGTACT	TRUE	TRUE
TGACAGTGTGCGTGCT_Case_922	439_TGACAGTGTGCGTGCT	TRUE	TRUE
TGACCCTAGAAGCCTG_Case_922	439_TGACCCTAGAAGCCTG	TRUE	TRUE
TGACCCTAGATCCTAC_Case_922	439_TGACCCTAGATCCTAC	TRUE	TRUE
TGACCCTAGCGTCAGA_Case_922	439_TGACCCTAGCGTCAGA	TRUE	TRUE
TGACCCTCACGGGTAA_Case_922	439_TGACCCTCACGGGTAA	TRUE	TRUE
TGACCCTCAGTTTCGA_Case_922	439_TGACCCTCAGTTTCGA	TRUE	TRUE
TGACCCTCATGTAACC_Case_922	439_TGACCCTCATGTAACC	TRUE	TRUE
TGACGCGCAGCACCCA_Case_922	439_TGACGCGCAGCACCCA	TRUE	TRUE
TGACGCGGTTCGAGCC_Case_922	439_TGACGCGGTTCGAGCC	TRUE	TRUE
TGACGCGTCTGAATCG_Case_922	439_TGACGCGTCTGAATCG	TRUE	TRUE
TGACTCCAGCAACTCT_Case_922	439_TGACTCCAGCAACTCT	TRUE	TRUE
TGACTCCCAAGAGGTC_Case_922	439_TGACTCCCAAGAGGTC	TRUE	TRUE
TGACTCCGTCTCAAGT_Case_922	439_TGACTCCGTCTCAAGT	TRUE	TRUE
TGACTCCTCCCGTGTT_Case_922	439_TGACTCCTCCCGTGTT	TRUE	TRUE
TGACTCCTCGTTGTTT_Case_922	439_TGACTCCTCGTTGTTT	TRUE	TRUE
TGACTCCTCTATTCGT_Case_922	439_TGACTCCTCTATTCGT	TRUE	TRUE
TGAGACTAGGGATCAC_Case_922	439_TGAGACTAGGGATCAC	TRUE	TRUE
TGAGACTTCGTTCCTG_Case_922	439_TGAGACTTCGTTCCTG	TRUE	TRUE
TGAGACTTCTAACGGT_Case_922	439_TGAGACTTCTAACGGT	TRUE	TRUE
TGAGCATCAGGCCCTA_Case_922	439_TGAGCATCAGGCCCTA	TRUE	TRUE
TGAGCGCAGCATTTGC_Case_922	439_TGAGCGCAGCATTTGC	TRUE	TRUE
TGAGCGCAGCCGTAAG_Case_922	439_TGAGCGCAGCCGTAAG	TRUE	TRUE
TGAGCGCCAGATTCGT_Case_922	439_TGAGCGCCAGATTCGT	TRUE	TRUE
TGAGCGCGTTCGCGTG_Case_922	439_TGAGCGCGTTCGCGTG	TRUE	TRUE
TGAGGAGGTCATGGCC_Case_922	439_TGAGGAGGTCATGGCC	TRUE	TRUE
TGAGGAGTCCAGTTCC_Case_922	439_TGAGGAGTCCAGTTCC	TRUE	TRUE
TGAGGAGTCCTGATAG_Case_922	439_TGAGGAGTCCTGATAG	TRUE	TRUE
TGAGGAGTCGAGCTGC_Case_922	439_TGAGGAGTCGAGCTGC	TRUE	TRUE
TGAGGAGTCTATTCGT_Case_922	439_TGAGGAGTCTATTCGT	TRUE	TRUE
TGAGGGAAGGTCCCTG_Case_922	439_TGAGGGAAGGTCCCTG	TRUE	TRUE
TGAGGGACAAGGGTCA_Case_922	439_TGAGGGACAAGGGTCA	TRUE	TRUE
TGAGGGACACTATGTG_Case_922	439_TGAGGGACACTATGTG	TRUE	TRUE
TGAGGGACAGTCAGCC_Case_922	439_TGAGGGACAGTCAGCC	TRUE	TRUE
TGAGGGATCGGCCAAC_Case_922	439_TGAGGGATCGGCCAAC	TRUE	TRUE
TGAGGTTAGAGTCACG_Case_922	439_TGAGGTTAGAGTCACG	TRUE	TRUE
TGAGGTTCATAACTCG_Case_922	439_TGAGGTTCATAACTCG	TRUE	TRUE
TGAGGTTGTCCGGCAT_Case_922	439_TGAGGTTGTCCGGCAT	TRUE	TRUE
TGAGGTTGTGGAGGTT_Case_922	439_TGAGGTTGTGGAGGTT	TRUE	TRUE
TGAGTCAAGAGTGTTA_Case_922	439_TGAGTCAAGAGTGTTA	TRUE	TRUE
TGAGTCAAGGACTATA_Case_922	439_TGAGTCAAGGACTATA	TRUE	TRUE
TGAGTCAAGGTAGCAC_Case_922	439_TGAGTCAAGGTAGCAC	TRUE	TRUE
TGAGTCACACTTCCTG_Case_922	439_TGAGTCACACTTCCTG	TRUE	TRUE
TGAGTCACATACAGGG_Case_922	439_TGAGTCACATACAGGG	TRUE	TRUE
TGAGTCAGTTGGGAAC_Case_922	439_TGAGTCAGTTGGGAAC	TRUE	TRUE
TGAGTCAGTTTAGTCG_Case_922	439_TGAGTCAGTTTAGTCG	TRUE	TRUE
TGATCAGAGCGTGCTC_Case_922	439_TGATCAGAGCGTGCTC	TRUE	TRUE
TGATCAGCACCGTGAC_Case_922	439_TGATCAGCACCGTGAC	TRUE	TRUE
TGATCAGCATACTGTG_Case_922	439_TGATCAGCATACTGTG	TRUE	TRUE
TGATCAGGTGGCTCTG_Case_922	439_TGATCAGGTGGCTCTG	TRUE	TRUE
TGATCAGGTTCGGCCA_Case_922	439_TGATCAGGTTCGGCCA	TRUE	TRUE
TGATCTTGTTGACTGT_Case_922	439_TGATCTTGTTGACTGT	TRUE	TRUE
TGATCTTTCGATGGAG_Case_922	439_TGATCTTTCGATGGAG	TRUE	TRUE
TGATCTTTCTGAGGTT_Case_922	439_TGATCTTTCTGAGGTT	TRUE	TRUE
TGATGCAAGGCTCACC_Case_922	439_TGATGCAAGGCTCACC	TRUE	TRUE
TGATGCATCACGAACT_Case_922	439_TGATGCATCACGAACT	TRUE	TRUE
TGATGGTCAAGGGTCA_Case_922	439_TGATGGTCAAGGGTCA	TRUE	TRUE
TGATGGTGTTCGGTTA_Case_922	439_TGATGGTGTTCGGTTA	TRUE	TRUE
TGATGGTTCACAAGGG_Case_922	439_TGATGGTTCACAAGGG	TRUE	TRUE
TGATTCTCAGGGTCTC_Case_922	439_TGATTCTCAGGGTCTC	TRUE	TRUE
TGATTCTGTATACCTG_Case_922	439_TGATTCTGTATACCTG	TRUE	TRUE
TGATTTCAGTTCCAGT_Case_922	439_TGATTTCAGTTCCAGT	TRUE	TRUE
TGCAGATAGAGGGTGG_Case_922	439_TGCAGATAGAGGGTGG	TRUE	TRUE
TGCAGATAGCAGCACA_Case_922	439_TGCAGATAGCAGCACA	TRUE	TRUE
TGCAGATAGCTAGAGC_Case_922	439_TGCAGATAGCTAGAGC	TRUE	TRUE
TGCAGATAGCTCATAC_Case_922	439_TGCAGATAGCTCATAC	TRUE	TRUE
TGCAGATAGGATGAGA_Case_922	439_TGCAGATAGGATGAGA	TRUE	TRUE
TGCAGATAGGATTACA_Case_922	439_TGCAGATAGGATTACA	TRUE	TRUE
TGCAGATAGTGTAGAT_Case_922	439_TGCAGATAGTGTAGAT	TRUE	TRUE
TGCAGATCAAACTCTG_Case_922	439_TGCAGATCAAACTCTG	TRUE	TRUE
TGCAGATCAACCAATC_Case_922	439_TGCAGATCAACCAATC	TRUE	TRUE
TGCAGATGTTGTGCCG_Case_922	439_TGCAGATGTTGTGCCG	TRUE	TRUE
TGCAGATTCATACGAC_Case_922	439_TGCAGATTCATACGAC	TRUE	TRUE
TGCAGGCGTAGGACCA_Case_922	439_TGCAGGCGTAGGACCA	TRUE	TRUE
TGCAGGCGTGATTCTG_Case_922	439_TGCAGGCGTGATTCTG	TRUE	TRUE
TGCAGGCTCAAGAGGC_Case_922	439_TGCAGGCTCAAGAGGC	TRUE	TRUE
TGCAGGCTCAATCTTC_Case_922	439_TGCAGGCTCAATCTTC	TRUE	TRUE
TGCAGTACACCAACAT_Case_922	439_TGCAGTACACCAACAT	TRUE	TRUE
TGCAGTAGTCGTCATA_Case_922	439_TGCAGTAGTCGTCATA	TRUE	TRUE
TGCAGTAGTTGCTCAA_Case_922	439_TGCAGTAGTTGCTCAA	TRUE	TRUE
TGCAGTATCACCATCC_Case_922	439_TGCAGTATCACCATCC	TRUE	TRUE
TGCAGTATCCAGCACG_Case_922	439_TGCAGTATCCAGCACG	TRUE	TRUE
TGCATCCAGTAGCCAG_Case_922	439_TGCATCCAGTAGCCAG	TRUE	TRUE
TGCATCCCAATTCGTG_Case_922	439_TGCATCCCAATTCGTG	TRUE	TRUE
TGCATGAAGAGAGCAA_Case_922	439_TGCATGAAGAGAGCAA	TRUE	TRUE
TGCATGAAGCGATCGA_Case_922	439_TGCATGAAGCGATCGA	TRUE	TRUE
TGCATGACACACGGTC_Case_922	439_TGCATGACACACGGTC	TRUE	TRUE
TGCATGAGTCCATAGT_Case_922	439_TGCATGAGTCCATAGT	TRUE	TRUE
TGCCGAGAGTACAGAT_Case_922	439_TGCCGAGAGTACAGAT	TRUE	TRUE
TGCCGAGCAATGGCAG_Case_922	439_TGCCGAGCAATGGCAG	TRUE	TRUE
TGCCGAGTCGAGCTGC_Case_922	439_TGCCGAGTCGAGCTGC	TRUE	TRUE
TGCGACGGTCAGGTGA_Case_922	439_TGCGACGGTCAGGTGA	TRUE	TRUE
TGCGACGGTGCAATGG_Case_922	439_TGCGACGGTGCAATGG	TRUE	TRUE
TGCGACGGTGTATTCG_Case_922	439_TGCGACGGTGTATTCG	TRUE	TRUE
TGCGACGGTTTGACAC_Case_922	439_TGCGACGGTTTGACAC	TRUE	TRUE
TGCGACGTCAAGCCAT_Case_922	439_TGCGACGTCAAGCCAT	TRUE	TRUE
TGCGATAAGCGAGTCA_Case_922	439_TGCGATAAGCGAGTCA	TRUE	TRUE
TGCGATAAGGCTATCT_Case_922	439_TGCGATAAGGCTATCT	TRUE	TRUE
TGCGATAAGTGCTAGG_Case_922	439_TGCGATAAGTGCTAGG	TRUE	TRUE
TGCGATACACTTGACA_Case_922	439_TGCGATACACTTGACA	TRUE	TRUE
TGCGATATCCCTCTAG_Case_922	439_TGCGATATCCCTCTAG	TRUE	TRUE
TGCGATATCCGGTAAT_Case_922	439_TGCGATATCCGGTAAT	TRUE	TRUE
TGCGATATCTGAGGCC_Case_922	439_TGCGATATCTGAGGCC	TRUE	TRUE
TGCGATATCTTGTTAC_Case_922	439_TGCGATATCTTGTTAC	TRUE	TRUE
TGCGGCAGTGATTCTG_Case_922	439_TGCGGCAGTGATTCTG	TRUE	TRUE
TGCGGCATCCGTCACT_Case_922	439_TGCGGCATCCGTCACT	TRUE	TRUE
TGCGGGTAGTTCCATG_Case_922	439_TGCGGGTAGTTCCATG	TRUE	TRUE
TGCGGGTCATCTTTCA_Case_922	439_TGCGGGTCATCTTTCA	TRUE	TRUE
TGCGGGTTCGACTCCT_Case_922	439_TGCGGGTTCGACTCCT	TRUE	TRUE
TGCTCCAAGGGCAGGA_Case_922	439_TGCTCCAAGGGCAGGA	TRUE	TRUE
TGCTCCACAGAACTCT_Case_922	439_TGCTCCACAGAACTCT	TRUE	TRUE
TGCTCCACATTATGCG_Case_922	439_TGCTCCACATTATGCG	TRUE	TRUE
TGCTCCAGTGCCCGTA_Case_922	439_TGCTCCAGTGCCCGTA	TRUE	TRUE
TGCTCCATCCGAGATT_Case_922	439_TGCTCCATCCGAGATT	TRUE	TRUE
TGCTCGTCATACAGCT_Case_922	439_TGCTCGTCATACAGCT	TRUE	TRUE
TGCTCGTCATTAGGCT_Case_922	439_TGCTCGTCATTAGGCT	TRUE	TRUE
TGCTCGTGTGACCTGC_Case_922	439_TGCTCGTGTGACCTGC	TRUE	TRUE
TGCTCGTTCGGAATGG_Case_922	439_TGCTCGTTCGGAATGG	TRUE	TRUE
TGCTGAAAGATGACCG_Case_922	439_TGCTGAAAGATGACCG	TRUE	TRUE
TGCTGAACATCGATAC_Case_922	439_TGCTGAACATCGATAC	TRUE	TRUE
TGCTGAACATGTGGTT_Case_922	439_TGCTGAACATGTGGTT	TRUE	TRUE
TGCTGAATCAAGCTGT_Case_922	439_TGCTGAATCAAGCTGT	TRUE	TRUE
TGCTGAATCGAAGTGG_Case_922	439_TGCTGAATCGAAGTGG	TRUE	TRUE
TGCTTCGAGAGCTTTC_Case_922	439_TGCTTCGAGAGCTTTC	TRUE	TRUE
TGCTTCGAGGCACAAC_Case_922	439_TGCTTCGAGGCACAAC	TRUE	TRUE
TGCTTCGCACACTTAG_Case_922	439_TGCTTCGCACACTTAG	TRUE	TRUE
TGCTTCGGTGGTATGG_Case_922	439_TGCTTCGGTGGTATGG	TRUE	TRUE
TGCTTCGTCTTTCCAA_Case_922	439_TGCTTCGTCTTTCCAA	TRUE	TRUE
TGCTTGCAGCTGTTCA_Case_922	439_TGCTTGCAGCTGTTCA	TRUE	TRUE
TGCTTGCAGGTGCATG_Case_922	439_TGCTTGCAGGTGCATG	TRUE	TRUE
TGCTTGCAGTCGCTAT_Case_922	439_TGCTTGCAGTCGCTAT	TRUE	TRUE
TGCTTGCCACTTCATT_Case_922	439_TGCTTGCCACTTCATT	TRUE	TRUE
TGCTTGCCATCCGAGC_Case_922	439_TGCTTGCCATCCGAGC	TRUE	TRUE
TGCTTGCGTACTGTTG_Case_922	439_TGCTTGCGTACTGTTG	TRUE	TRUE
TGCTTGCTCGCACGAC_Case_922	439_TGCTTGCTCGCACGAC	TRUE	TRUE
TGGAACTAGAAGGGAT_Case_922	439_TGGAACTAGAAGGGAT	TRUE	TRUE
TGGAACTAGACATACA_Case_922	439_TGGAACTAGACATACA	TRUE	TRUE
TGGAACTAGATTGGGC_Case_922	439_TGGAACTAGATTGGGC	TRUE	TRUE
TGGAACTCAGTTTGGT_Case_922	439_TGGAACTCAGTTTGGT	TRUE	TRUE
TGGAACTGTCATAGTC_Case_922	439_TGGAACTGTCATAGTC	TRUE	TRUE
TGGAACTTCAGGAAGC_Case_922	439_TGGAACTTCAGGAAGC	TRUE	TRUE
TGGAACTTCATGGTAC_Case_922	439_TGGAACTTCATGGTAC	TRUE	TRUE
TGGAGAGTCACTGTCC_Case_922	439_TGGAGAGTCACTGTCC	TRUE	TRUE
TGGAGAGTCGTGGCTG_Case_922	439_TGGAGAGTCGTGGCTG	TRUE	TRUE
TGGAGAGTCTTACTGT_Case_922	439_TGGAGAGTCTTACTGT	TRUE	TRUE
TGGAGGAAGCCGTAAG_Case_922	439_TGGAGGAAGCCGTAAG	TRUE	TRUE
TGGAGGACATTCTCTA_Case_922	439_TGGAGGACATTCTCTA	TRUE	TRUE
TGGAGGAGTACGCTAT_Case_922	439_TGGAGGAGTACGCTAT	TRUE	TRUE
TGGAGGATCCTAAGTG_Case_922	439_TGGAGGATCCTAAGTG	TRUE	TRUE
TGGATCACATAAGCGG_Case_922	439_TGGATCACATAAGCGG	TRUE	TRUE
TGGATCATCGCGTTTC_Case_922	439_TGGATCATCGCGTTTC	TRUE	TRUE
TGGATGTCACCGTACG_Case_922	439_TGGATGTCACCGTACG	TRUE	TRUE
TGGATGTGTACTGTTG_Case_922	439_TGGATGTGTACTGTTG	TRUE	TRUE
TGGCGTGGTAGGACCA_Case_922	439_TGGCGTGGTAGGACCA	TRUE	TRUE
TGGCGTGGTGTGTCGC_Case_922	439_TGGCGTGGTGTGTCGC	TRUE	TRUE
TGGCGTGTCTCCCAAC_Case_922	439_TGGCGTGTCTCCCAAC	TRUE	TRUE
TGGGAAGAGGCGCTCT_Case_922	439_TGGGAAGAGGCGCTCT	TRUE	TRUE
TGGGAAGCATTACGGT_Case_922	439_TGGGAAGCATTACGGT	TRUE	TRUE
TGGGAAGGTCCAATCA_Case_922	439_TGGGAAGGTCCAATCA	TRUE	TRUE
TGGGAGAAGAGCTGCA_Case_922	439_TGGGAGAAGAGCTGCA	TRUE	TRUE
TGGGAGACAAGTCCAT_Case_922	439_TGGGAGACAAGTCCAT	TRUE	TRUE
TGGGAGAGTGTCCATA_Case_922	439_TGGGAGAGTGTCCATA	TRUE	TRUE
TGGGAGATCACCTCTG_Case_922	439_TGGGAGATCACCTCTG	TRUE	TRUE
TGGGAGATCATGCGGC_Case_922	439_TGGGAGATCATGCGGC	TRUE	TRUE
TGGGAGATCGTGTTCC_Case_922	439_TGGGAGATCGTGTTCC	TRUE	TRUE
TGGGATTAGACGCCAA_Case_922	439_TGGGATTAGACGCCAA	TRUE	TRUE
TGGGATTAGCGGTAAC_Case_922	439_TGGGATTAGCGGTAAC	TRUE	TRUE
TGGGATTCAGTCCCGA_Case_922	439_TGGGATTCAGTCCCGA	TRUE	TRUE
TGGGATTGTACGTTCA_Case_922	439_TGGGATTGTACGTTCA	TRUE	TRUE
TGGGATTGTCGCACGT_Case_922	439_TGGGATTGTCGCACGT	TRUE	TRUE
TGGGATTGTGCCGTTG_Case_922	439_TGGGATTGTGCCGTTG	TRUE	TRUE
TGGGATTGTTGCACGC_Case_922	439_TGGGATTGTTGCACGC	TRUE	TRUE
TGGGATTGTTGTGCCG_Case_922	439_TGGGATTGTTGTGCCG	TRUE	TRUE
TGGGCGTAGGAGCAAA_Case_922	439_TGGGCGTAGGAGCAAA	TRUE	TRUE
TGGGCGTAGTATGAGT_Case_922	439_TGGGCGTAGTATGAGT	TRUE	TRUE
TGGGCGTAGTGGTCAG_Case_922	439_TGGGCGTAGTGGTCAG	TRUE	TRUE
TGGGCGTGTGTTTACG_Case_922	439_TGGGCGTGTGTTTACG	TRUE	TRUE
TGGGCGTGTTCCTAAG_Case_922	439_TGGGCGTGTTCCTAAG	TRUE	TRUE
TGGGCGTTCTCAGTCC_Case_922	439_TGGGCGTTCTCAGTCC	TRUE	TRUE
TGGGCTGAGCGTTAGG_Case_922	439_TGGGCTGAGCGTTAGG	TRUE	TRUE
TGGGCTGCAAATAAGC_Case_922	439_TGGGCTGCAAATAAGC	TRUE	TRUE
TGGGCTGCACGCGGTT_Case_922	439_TGGGCTGCACGCGGTT	TRUE	TRUE
TGGGCTGTCCGATAGT_Case_922	439_TGGGCTGTCCGATAGT	TRUE	TRUE
TGGGTTAGTCAACCTA_Case_922	439_TGGGTTAGTCAACCTA	TRUE	TRUE
TGGGTTATCGTGGAAG_Case_922	439_TGGGTTATCGTGGAAG	TRUE	TRUE
TGGGTTATCTAAGCCA_Case_922	439_TGGGTTATCTAAGCCA	TRUE	TRUE
TGGTACACAGATCCTA_Case_922	439_TGGTACACAGATCCTA	TRUE	TRUE
TGGTACAGTACAAGCG_Case_922	439_TGGTACAGTACAAGCG	TRUE	TRUE
TGGTACAGTCACCTTC_Case_922	439_TGGTACAGTCACCTTC	TRUE	TRUE
TGGTAGTGTCTGTGAT_Case_922	439_TGGTAGTGTCTGTGAT	TRUE	TRUE
TGGTAGTGTGAATGTA_Case_922	439_TGGTAGTGTGAATGTA	TRUE	TRUE
TGGTGATAGGATTACA_Case_922	439_TGGTGATAGGATTACA	TRUE	TRUE
TGGTGATAGTTGGACG_Case_922	439_TGGTGATAGTTGGACG	TRUE	TRUE
TGGTGATTCTCCTGAC_Case_922	439_TGGTGATTCTCCTGAC	TRUE	TRUE
TGGTTAGAGGTAGGCT_Case_922	439_TGGTTAGAGGTAGGCT	TRUE	TRUE
TGGTTAGGTGATACTC_Case_922	439_TGGTTAGGTGATACTC	TRUE	TRUE
TGTAACGAGGGCAGAG_Case_922	439_TGTAACGAGGGCAGAG	TRUE	TRUE
TGTAACGGTAAGCGGT_Case_922	439_TGTAACGGTAAGCGGT	TRUE	TRUE
TGTAACGGTAAGTAGT_Case_922	439_TGTAACGGTAAGTAGT	TRUE	TRUE
TGTAACGTCGTGTGGC_Case_922	439_TGTAACGTCGTGTGGC	TRUE	TRUE
TGTAAGCAGCCTCTGG_Case_922	439_TGTAAGCAGCCTCTGG	TRUE	TRUE
TGTAAGCAGCTAGATA_Case_922	439_TGTAAGCAGCTAGATA	TRUE	TRUE
TGTAAGCCAGGGATAC_Case_922	439_TGTAAGCCAGGGATAC	TRUE	TRUE
TGTAAGCGTTATGACC_Case_922	439_TGTAAGCGTTATGACC	TRUE	TRUE
TGTAAGCTCTACTCAT_Case_922	439_TGTAAGCTCTACTCAT	TRUE	TRUE
TGTACAGAGCACGTCC_Case_922	439_TGTACAGAGCACGTCC	TRUE	TRUE
TGTACAGAGGCTGTAG_Case_922	439_TGTACAGAGGCTGTAG	TRUE	TRUE
TGTACAGCAACACACT_Case_922	439_TGTACAGCAACACACT	TRUE	TRUE
TGTACAGCAAGAGTGC_Case_922	439_TGTACAGCAAGAGTGC	TRUE	TRUE
TGTACAGCATCCAATG_Case_922	439_TGTACAGCATCCAATG	TRUE	TRUE
TGTACAGGTAGAATGT_Case_922	439_TGTACAGGTAGAATGT	TRUE	TRUE
TGTACAGTCTTGTGCC_Case_922	439_TGTACAGTCTTGTGCC	TRUE	TRUE
TGTAGACAGAAGCCAC_Case_922	439_TGTAGACAGAAGCCAC	TRUE	TRUE
TGTAGACCACGGCTAC_Case_922	439_TGTAGACCACGGCTAC	TRUE	TRUE
TGTAGACTCACTGTCC_Case_922	439_TGTAGACTCACTGTCC	TRUE	TRUE
TGTCAGATCATCCCGT_Case_922	439_TGTCAGATCATCCCGT	TRUE	TRUE
TGTCAGATCCAACTGA_Case_922	439_TGTCAGATCCAACTGA	TRUE	TRUE
TGTCAGATCCTGCCAT_Case_922	439_TGTCAGATCCTGCCAT	TRUE	TRUE
TGTCCACCAGGCTATT_Case_922	439_TGTCCACCAGGCTATT	TRUE	TRUE
TGTCCACGTCGGTGAA_Case_922	439_TGTCCACGTCGGTGAA	TRUE	TRUE
TGTCCACTCTTGCGCT_Case_922	439_TGTCCACTCTTGCGCT	TRUE	TRUE
TGTCCCACAGATCACT_Case_922	439_TGTCCCACAGATCACT	TRUE	TRUE
TGTCCTGCATACAGCT_Case_922	439_TGTCCTGCATACAGCT	TRUE	TRUE
TGTCCTGTCGTCCTTG_Case_922	439_TGTCCTGTCGTCCTTG	TRUE	TRUE
TGTCCTGTCTGCGGCA_Case_922	439_TGTCCTGTCTGCGGCA	TRUE	TRUE
TGTGAGTGTTGCCGAC_Case_922	439_TGTGAGTGTTGCCGAC	TRUE	TRUE
TGTGATGCAAAGGATT_Case_922	439_TGTGATGCAAAGGATT	TRUE	TRUE
TGTGATGCAGGAGACT_Case_922	439_TGTGATGCAGGAGACT	TRUE	TRUE
TGTGATGGTAATACCC_Case_922	439_TGTGATGGTAATACCC	TRUE	TRUE
TGTGATGGTCAACGCC_Case_922	439_TGTGATGGTCAACGCC	TRUE	TRUE
TGTGATGGTTATGTCG_Case_922	439_TGTGATGGTTATGTCG	TRUE	TRUE
TGTGCGGAGAGGTTTA_Case_922	439_TGTGCGGAGAGGTTTA	TRUE	TRUE
TGTGCGGGTGACACAG_Case_922	439_TGTGCGGGTGACACAG	TRUE	TRUE
TGTGCGGTCTCGGTCT_Case_922	439_TGTGCGGTCTCGGTCT	TRUE	TRUE
TGTGGCGAGGTATAGT_Case_922	439_TGTGGCGAGGTATAGT	TRUE	TRUE
TGTGGCGCAGCAGTAG_Case_922	439_TGTGGCGCAGCAGTAG	TRUE	TRUE
TGTGGCGGTCTGTTAG_Case_922	439_TGTGGCGGTCTGTTAG	TRUE	TRUE
TGTGGCGTCCGCATAA_Case_922	439_TGTGGCGTCCGCATAA	TRUE	TRUE
TGTGGCGTCGCTTGAA_Case_922	439_TGTGGCGTCGCTTGAA	TRUE	TRUE
TGTGTGATCGATTCCC_Case_922	439_TGTGTGATCGATTCCC	TRUE	TRUE
TGTGTGATCTACTGCC_Case_922	439_TGTGTGATCTACTGCC	TRUE	TRUE
TGTTACTAGACCCTTA_Case_922	439_TGTTACTAGACCCTTA	TRUE	TRUE
TGTTACTAGATGACCG_Case_922	439_TGTTACTAGATGACCG	TRUE	TRUE
TGTTCATAGGTAAAGG_Case_922	439_TGTTCATAGGTAAAGG	TRUE	TRUE
TGTTCATAGTCTGCAT_Case_922	439_TGTTCATAGTCTGCAT	TRUE	TRUE
TGTTCATGTGGACTGA_Case_922	439_TGTTCATGTGGACTGA	TRUE	TRUE
TGTTCCGAGCGTATAA_Case_922	439_TGTTCCGAGCGTATAA	TRUE	TRUE
TGTTCCGCAACTCGAT_Case_922	439_TGTTCCGCAACTCGAT	TRUE	TRUE
TGTTCCGCACGAAGAC_Case_922	439_TGTTCCGCACGAAGAC	TRUE	TRUE
TGTTCCGCACTAACGT_Case_922	439_TGTTCCGCACTAACGT	TRUE	TRUE
TGTTCCGCAGCAGTCC_Case_922	439_TGTTCCGCAGCAGTCC	TRUE	TRUE
TGTTCCGTCCACTGAA_Case_922	439_TGTTCCGTCCACTGAA	TRUE	TRUE
TGTTCTATCGGTCGGT_Case_922	439_TGTTCTATCGGTCGGT	TRUE	TRUE
TGTTGAGAGATTGCGG_Case_922	439_TGTTGAGAGATTGCGG	TRUE	TRUE
TGTTGAGAGGTCTACT_Case_922	439_TGTTGAGAGGTCTACT	TRUE	TRUE
TGTTGAGCACGACGAA_Case_922	439_TGTTGAGCACGACGAA	TRUE	TRUE
TGTTGAGGTGGTATGG_Case_922	439_TGTTGAGGTGGTATGG	TRUE	TRUE
TGTTGAGGTTAAGGAT_Case_922	439_TGTTGAGGTTAAGGAT	TRUE	TRUE
TGTTGAGTCCCGTGAG_Case_922	439_TGTTGAGTCCCGTGAG	TRUE	TRUE
TGTTGAGTCGACGATT_Case_922	439_TGTTGAGTCGACGATT	TRUE	TRUE
TGTTGGACAGATCATC_Case_922	439_TGTTGGACAGATCATC	TRUE	TRUE
TGTTTGTAGGACTATA_Case_922	439_TGTTTGTAGGACTATA	TRUE	TRUE
TGTTTGTAGGTCGTCC_Case_922	439_TGTTTGTAGGTCGTCC	TRUE	TRUE
TGTTTGTGTAGCTAAA_Case_922	439_TGTTTGTGTAGCTAAA	TRUE	TRUE
TGTTTGTGTGTGCCTG_Case_922	439_TGTTTGTGTGTGCCTG	TRUE	TRUE
TGTTTGTGTTGCATAC_Case_922	439_TGTTTGTGTTGCATAC	TRUE	TRUE
TGTTTGTGTTGTATGC_Case_922	439_TGTTTGTGTTGTATGC	TRUE	TRUE
TTAATCCCACTTCTCG_Case_922	439_TTAATCCCACTTCTCG	TRUE	TRUE
TTAATCCCAGTTCTAG_Case_922	439_TTAATCCCAGTTCTAG	TRUE	TRUE
TTAATCCCATTAAAGG_Case_922	439_TTAATCCCATTAAAGG	TRUE	TRUE
TTAATCCGTCTGTTAG_Case_922	439_TTAATCCGTCTGTTAG	TRUE	TRUE
TTAATCCGTGAAGCTG_Case_922	439_TTAATCCGTGAAGCTG	TRUE	TRUE
TTAATCCGTGGTATGG_Case_922	439_TTAATCCGTGGTATGG	TRUE	TRUE
TTACAGGAGGTAATCA_Case_922	439_TTACAGGAGGTAATCA	TRUE	TRUE
TTACAGGAGGTCACAG_Case_922	439_TTACAGGAGGTCACAG	TRUE	TRUE
TTACAGGCACAACGTT_Case_922	439_TTACAGGCACAACGTT	TRUE	TRUE
TTACCATAGCGTACAG_Case_922	439_TTACCATAGCGTACAG	TRUE	TRUE
TTACCATCACGCAGTC_Case_922	439_TTACCATCACGCAGTC	TRUE	TRUE
TTACCATGTATGAGCG_Case_922	439_TTACCATGTATGAGCG	TRUE	TRUE
TTACCATGTGGACTAG_Case_922	439_TTACCATGTGGACTAG	TRUE	TRUE
TTACCATTCGACGACC_Case_922	439_TTACCATTCGACGACC	TRUE	TRUE
TTACCATTCTCCTGCA_Case_922	439_TTACCATTCTCCTGCA	TRUE	TRUE
TTACCGCAGGCACTCC_Case_922	439_TTACCGCAGGCACTCC	TRUE	TRUE
TTACCGCAGGTGCAGT_Case_922	439_TTACCGCAGGTGCAGT	TRUE	TRUE
TTACCGCCACCGGTCA_Case_922	439_TTACCGCCACCGGTCA	TRUE	TRUE
TTACCGCCAGCCGGTT_Case_922	439_TTACCGCCAGCCGGTT	TRUE	TRUE
TTACCGCTCGCGATCG_Case_922	439_TTACCGCTCGCGATCG	TRUE	TRUE
TTACCGCTCGCTTTAT_Case_922	439_TTACCGCTCGCTTTAT	TRUE	TRUE
TTACCGCTCGTTCTAT_Case_922	439_TTACCGCTCGTTCTAT	TRUE	TRUE
TTACGCCAGCTGAAGC_Case_922	439_TTACGCCAGCTGAAGC	TRUE	TRUE
TTACGCCGTATCGATC_Case_922	439_TTACGCCGTATCGATC	TRUE	TRUE
TTACGCCGTCATCGGC_Case_922	439_TTACGCCGTCATCGGC	TRUE	TRUE
TTACGTTAGAGCATTA_Case_922	439_TTACGTTAGAGCATTA	TRUE	TRUE
TTACGTTGTCGTTCAA_Case_922	439_TTACGTTGTCGTTCAA	TRUE	TRUE
TTACGTTTCCATTCAT_Case_922	439_TTACGTTTCCATTCAT	TRUE	TRUE
TTACTGTAGAATAACC_Case_922	439_TTACTGTAGAATAACC	TRUE	TRUE
TTACTGTAGGGAGGCA_Case_922	439_TTACTGTAGGGAGGCA	TRUE	TRUE
TTACTGTAGTCATAGA_Case_922	439_TTACTGTAGTCATAGA	TRUE	TRUE
TTACTGTAGTCCCGGT_Case_922	439_TTACTGTAGTCCCGGT	TRUE	TRUE
TTACTGTCAGATCACT_Case_922	439_TTACTGTCAGATCACT	TRUE	TRUE
TTACTGTCAGCACCCA_Case_922	439_TTACTGTCAGCACCCA	TRUE	TRUE
TTACTGTGTTAAGGAT_Case_922	439_TTACTGTGTTAAGGAT	TRUE	TRUE
TTACTGTTCACGATAC_Case_922	439_TTACTGTTCACGATAC	TRUE	TRUE
TTACTGTTCGACCAAT_Case_922	439_TTACTGTTCGACCAAT	TRUE	TRUE
TTACTGTTCTGAGAAA_Case_922	439_TTACTGTTCTGAGAAA	TRUE	TRUE
TTAGGCAAGGCGTTAG_Case_922	439_TTAGGCAAGGCGTTAG	TRUE	TRUE
TTAGGCAAGGTAGTAT_Case_922	439_TTAGGCAAGGTAGTAT	TRUE	TRUE
TTAGGCACATAGATGA_Case_922	439_TTAGGCACATAGATGA	TRUE	TRUE
TTAGGCAGTAAGTCAA_Case_922	439_TTAGGCAGTAAGTCAA	TRUE	TRUE
TTAGGCAGTATGCGGA_Case_922	439_TTAGGCAGTATGCGGA	TRUE	TRUE
TTAGGCAGTGCGTGCT_Case_922	439_TTAGGCAGTGCGTGCT	TRUE	TRUE
TTAGGGTAGCTGTCCG_Case_922	439_TTAGGGTAGCTGTCCG	TRUE	TRUE
TTAGGGTCAATGAAAC_Case_922	439_TTAGGGTCAATGAAAC	TRUE	TRUE
TTAGTCTAGAAGTCCG_Case_922	439_TTAGTCTAGAAGTCCG	TRUE	TRUE
TTAGTCTAGCGCAATG_Case_922	439_TTAGTCTAGCGCAATG	TRUE	TRUE
TTAGTCTAGGCCCGTT_Case_922	439_TTAGTCTAGGCCCGTT	TRUE	TRUE
TTAGTCTAGGCTGGAT_Case_922	439_TTAGTCTAGGCTGGAT	TRUE	TRUE
TTAGTCTAGTCATCGT_Case_922	439_TTAGTCTAGTCATCGT	TRUE	TRUE
TTAGTCTGTCACTCAA_Case_922	439_TTAGTCTGTCACTCAA	TRUE	TRUE
TTATTGCAGAGGGTGG_Case_922	439_TTATTGCAGAGGGTGG	TRUE	TRUE
TTATTGCAGTGCCGAA_Case_922	439_TTATTGCAGTGCCGAA	TRUE	TRUE
TTATTGCAGTTGCTCA_Case_922	439_TTATTGCAGTTGCTCA	TRUE	TRUE
TTATTGCCAAGATGGC_Case_922	439_TTATTGCCAAGATGGC	TRUE	TRUE
TTATTGCCACCGGTCA_Case_922	439_TTATTGCCACCGGTCA	TRUE	TRUE
TTATTGCTCGGACAAG_Case_922	439_TTATTGCTCGGACAAG	TRUE	TRUE
TTCAATCAGAAGCTGC_Case_922	439_TTCAATCAGAAGCTGC	TRUE	TRUE
TTCAATCGTACGGATG_Case_922	439_TTCAATCGTACGGATG	TRUE	TRUE
TTCACCGAGCTCCCTT_Case_922	439_TTCACCGAGCTCCCTT	TRUE	TRUE
TTCACCGTCCGATGTA_Case_922	439_TTCACCGTCCGATGTA	TRUE	TRUE
TTCACCGTCTCAAAGC_Case_922	439_TTCACCGTCTCAAAGC	TRUE	TRUE
TTCACCGTCTTGGATG_Case_922	439_TTCACCGTCTTGGATG	TRUE	TRUE
TTCACGCCAGGTCCCA_Case_922	439_TTCACGCCAGGTCCCA	TRUE	TRUE
TTCACGCTCCCATACC_Case_922	439_TTCACGCTCCCATACC	TRUE	TRUE
TTCAGGACAACTACGT_Case_922	439_TTCAGGACAACTACGT	TRUE	TRUE
TTCAGGACATCCGATA_Case_922	439_TTCAGGACATCCGATA	TRUE	TRUE
TTCAGGAGTGATGAAT_Case_922	439_TTCAGGAGTGATGAAT	TRUE	TRUE
TTCAGGATCTTGGAAC_Case_922	439_TTCAGGATCTTGGAAC	TRUE	TRUE
TTCATGTAGGACGGAG_Case_922	439_TTCATGTAGGACGGAG	TRUE	TRUE
TTCATGTCACCAGGTC_Case_922	439_TTCATGTCACCAGGTC	TRUE	TRUE
TTCATGTTCGGATACT_Case_922	439_TTCATGTTCGGATACT	TRUE	TRUE
TTCATTGCACACGGTC_Case_922	439_TTCATTGCACACGGTC	TRUE	TRUE
TTCATTGCACGACGCT_Case_922	439_TTCATTGCACGACGCT	TRUE	TRUE
TTCATTGCATTGTGCA_Case_922	439_TTCATTGCATTGTGCA	TRUE	TRUE
TTCATTGGTAGTAAGT_Case_922	439_TTCATTGGTAGTAAGT	TRUE	TRUE
TTCCAATAGGATACGC_Case_922	439_TTCCAATAGGATACGC	TRUE	TRUE
TTCCAATCAAAGCGTG_Case_922	439_TTCCAATCAAAGCGTG	TRUE	TRUE
TTCCAATCACTTGAGT_Case_922	439_TTCCAATCACTTGAGT	TRUE	TRUE
TTCCAATCAGCTTCCT_Case_922	439_TTCCAATCAGCTTCCT	TRUE	TRUE
TTCCAATGTACCGGAA_Case_922	439_TTCCAATGTACCGGAA	TRUE	TRUE
TTCCAATTCTGAGATC_Case_922	439_TTCCAATTCTGAGATC	TRUE	TRUE
TTCCACGTCGCTGACG_Case_922	439_TTCCACGTCGCTGACG	TRUE	TRUE
TTCCACGTCGCTGATA_Case_922	439_TTCCACGTCGCTGATA	TRUE	TRUE
TTCCGGTAGCTTGTTG_Case_922	439_TTCCGGTAGCTTGTTG	TRUE	TRUE
TTCCGGTAGGTCGACA_Case_922	439_TTCCGGTAGGTCGACA	TRUE	TRUE
TTCCGGTCAAGCCTGC_Case_922	439_TTCCGGTCAAGCCTGC	TRUE	TRUE
TTCCGGTCATGATGCT_Case_922	439_TTCCGGTCATGATGCT	TRUE	TRUE
TTCCGGTGTCCACTCT_Case_922	439_TTCCGGTGTCCACTCT	TRUE	TRUE
TTCCGGTGTTCTGAGT_Case_922	439_TTCCGGTGTTCTGAGT	TRUE	TRUE
TTCCGGTTCATCAGTG_Case_922	439_TTCCGGTTCATCAGTG	TRUE	TRUE
TTCCGGTTCATCGCTC_Case_922	439_TTCCGGTTCATCGCTC	TRUE	TRUE
TTCCGGTTCATTTGTC_Case_922	439_TTCCGGTTCATTTGTC	TRUE	TRUE
TTCCGGTTCCTCACGT_Case_922	439_TTCCGGTTCCTCACGT	TRUE	TRUE
TTCCGTGCAGTCTTCC_Case_922	439_TTCCGTGCAGTCTTCC	TRUE	TRUE
TTCCGTGGTGGCAACA_Case_922	439_TTCCGTGGTGGCAACA	TRUE	TRUE
TTCCTAAAGTGATAGT_Case_922	439_TTCCTAAAGTGATAGT	TRUE	TRUE
TTCCTAAGTATAATGG_Case_922	439_TTCCTAAGTATAATGG	TRUE	TRUE
TTCCTCTGTGTTCCAA_Case_922	439_TTCCTCTGTGTTCCAA	TRUE	TRUE
TTCCTCTTCACGACTA_Case_922	439_TTCCTCTTCACGACTA	TRUE	TRUE
TTCCTTCAGGTTAGTA_Case_922	439_TTCCTTCAGGTTAGTA	TRUE	TRUE
TTCCTTCAGTAGGCCA_Case_922	439_TTCCTTCAGTAGGCCA	TRUE	TRUE
TTCCTTCGTCACAGAG_Case_922	439_TTCCTTCGTCACAGAG	TRUE	TRUE
TTCCTTCGTTGTCAGT_Case_922	439_TTCCTTCGTTGTCAGT	TRUE	TRUE
TTCCTTCTCAAATGCC_Case_922	439_TTCCTTCTCAAATGCC	TRUE	TRUE
TTCCTTCTCATGTCAG_Case_922	439_TTCCTTCTCATGTCAG	TRUE	TRUE
TTCGATTAGCTAAGTA_Case_922	439_TTCGATTAGCTAAGTA	TRUE	TRUE
TTCGATTCAACACGAG_Case_922	439_TTCGATTCAACACGAG	TRUE	TRUE
TTCGATTCACAAATAG_Case_922	439_TTCGATTCACAAATAG	TRUE	TRUE
TTCGATTCAGATAAAC_Case_922	439_TTCGATTCAGATAAAC	TRUE	TRUE
TTCGATTCAGATCATC_Case_922	439_TTCGATTCAGATCATC	TRUE	TRUE
TTCGATTCATTGAAGA_Case_922	439_TTCGATTCATTGAAGA	TRUE	TRUE
TTCGATTGTCCATACA_Case_922	439_TTCGATTGTCCATACA	TRUE	TRUE
TTCGCTGAGGACTTCT_Case_922	439_TTCGCTGAGGACTTCT	TRUE	TRUE
TTCGCTGCAATCGAAA_Case_922	439_TTCGCTGCAATCGAAA	TRUE	TRUE
TTCGCTGCAGCATACT_Case_922	439_TTCGCTGCAGCATACT	TRUE	TRUE
TTCGCTGGTCGACTTA_Case_922	439_TTCGCTGGTCGACTTA	TRUE	TRUE
TTCGCTGTCGACCCAG_Case_922	439_TTCGCTGTCGACCCAG	TRUE	TRUE
TTCGCTGTCTTAATCC_Case_922	439_TTCGCTGTCTTAATCC	TRUE	TRUE
TTCGGTCCAATCGAAA_Case_922	439_TTCGGTCCAATCGAAA	TRUE	TRUE
TTCGGTCGTAAGATCA_Case_922	439_TTCGGTCGTAAGATCA	TRUE	TRUE
TTCTAACAGAAGCGCT_Case_922	439_TTCTAACAGAAGCGCT	TRUE	TRUE
TTCTAACAGACAGTCG_Case_922	439_TTCTAACAGACAGTCG	TRUE	TRUE
TTCTAACTCCGATCTC_Case_922	439_TTCTAACTCCGATCTC	TRUE	TRUE
TTCTAGTGTGATAGAT_Case_922	439_TTCTAGTGTGATAGAT	TRUE	TRUE
TTCTAGTTCGAAGTGG_Case_922	439_TTCTAGTTCGAAGTGG	TRUE	TRUE
TTCTCTCAGCTCATAC_Case_922	439_TTCTCTCAGCTCATAC	TRUE	TRUE
TTCTCTCAGTCGGGAT_Case_922	439_TTCTCTCAGTCGGGAT	TRUE	TRUE
TTCTCTCCACATGGTT_Case_922	439_TTCTCTCCACATGGTT	TRUE	TRUE
TTCTCTCGTCACAGTT_Case_922	439_TTCTCTCGTCACAGTT	TRUE	TRUE
TTCTCTCGTCCACAGC_Case_922	439_TTCTCTCGTCCACAGC	TRUE	TRUE
TTCTCTCGTCTACAGT_Case_922	439_TTCTCTCGTCTACAGT	TRUE	TRUE
TTCTCTCGTCTAGGTT_Case_922	439_TTCTCTCGTCTAGGTT	TRUE	TRUE
TTCTCTCTCTGGACTA_Case_922	439_TTCTCTCTCTGGACTA	TRUE	TRUE
TTCTGTAAGACAGCTG_Case_922	439_TTCTGTAAGACAGCTG	TRUE	TRUE
TTCTGTAAGATGTTGA_Case_922	439_TTCTGTAAGATGTTGA	TRUE	TRUE
TTCTGTATCACTGGTA_Case_922	439_TTCTGTATCACTGGTA	TRUE	TRUE
TTCTGTATCCCATGGG_Case_922	439_TTCTGTATCCCATGGG	TRUE	TRUE
TTCTGTATCTCTTCAA_Case_922	439_TTCTGTATCTCTTCAA	TRUE	TRUE
TTCTTCCAGGAGGTTC_Case_922	439_TTCTTCCAGGAGGTTC	TRUE	TRUE
TTCTTCCCACGTCGTG_Case_922	439_TTCTTCCCACGTCGTG	TRUE	TRUE
TTCTTCCTCACGATCA_Case_922	439_TTCTTCCTCACGATCA	TRUE	TRUE
TTCTTCCTCCCTAGGG_Case_922	439_TTCTTCCTCCCTAGGG	TRUE	TRUE
TTCTTCCTCGAACTCA_Case_922	439_TTCTTCCTCGAACTCA	TRUE	TRUE
TTCTTGAAGGAAGTGA_Case_922	439_TTCTTGAAGGAAGTGA	TRUE	TRUE
TTCTTGACAGTCAGTT_Case_922	439_TTCTTGACAGTCAGTT	TRUE	TRUE
TTCTTGACATCACGGC_Case_922	439_TTCTTGACATCACGGC	TRUE	TRUE
TTCTTGACATTGCTTT_Case_922	439_TTCTTGACATTGCTTT	TRUE	TRUE
TTCTTGAGTTCCAAAC_Case_922	439_TTCTTGAGTTCCAAAC	TRUE	TRUE
TTCTTGATCCACAAGT_Case_922	439_TTCTTGATCCACAAGT	TRUE	TRUE
TTGAACGAGTGGACTG_Case_922	439_TTGAACGAGTGGACTG	TRUE	TRUE
TTGAACGCAGACCCGT_Case_922	439_TTGAACGCAGACCCGT	TRUE	TRUE
TTGAACGTCAAGTAAG_Case_922	439_TTGAACGTCAAGTAAG	TRUE	TRUE
TTGAACGTCCTAAACG_Case_922	439_TTGAACGTCCTAAACG	TRUE	TRUE
TTGACCCCAGTTTCAG_Case_922	439_TTGACCCCAGTTTCAG	TRUE	TRUE
TTGACCCGTACGGGAT_Case_922	439_TTGACCCGTACGGGAT	TRUE	TRUE
TTGACCCGTCTTCTAT_Case_922	439_TTGACCCGTCTTCTAT	TRUE	TRUE
TTGACCCGTGTGGACA_Case_922	439_TTGACCCGTGTGGACA	TRUE	TRUE
TTGACCCTCCTCTAAT_Case_922	439_TTGACCCTCCTCTAAT	TRUE	TRUE
TTGAGTGGTCACTTCC_Case_922	439_TTGAGTGGTCACTTCC	TRUE	TRUE
TTGAGTGGTTCGGTAT_Case_922	439_TTGAGTGGTTCGGTAT	TRUE	TRUE
TTGATGGAGAGAGGTA_Case_922	439_TTGATGGAGAGAGGTA	TRUE	TRUE
TTGATGGAGGGAGTGG_Case_922	439_TTGATGGAGGGAGTGG	TRUE	TRUE
TTGATGGCAGGCACTC_Case_922	439_TTGATGGCAGGCACTC	TRUE	TRUE
TTGATGGGTACACTCA_Case_922	439_TTGATGGGTACACTCA	TRUE	TRUE
TTGATGGTCAAATGCC_Case_922	439_TTGATGGTCAAATGCC	TRUE	TRUE
TTGCATTCAATTTCCT_Case_922	439_TTGCATTCAATTTCCT	TRUE	TRUE
TTGCATTCACTCTAGA_Case_922	439_TTGCATTCACTCTAGA	TRUE	TRUE
TTGCATTCAGAGTCTT_Case_922	439_TTGCATTCAGAGTCTT	TRUE	TRUE
TTGCATTGTGCTCTCT_Case_922	439_TTGCATTGTGCTCTCT	TRUE	TRUE
TTGCCTGAGGGTACGT_Case_922	439_TTGCCTGAGGGTACGT	TRUE	TRUE
TTGCCTGTCGCCAGAC_Case_922	439_TTGCCTGTCGCCAGAC	TRUE	TRUE
TTGCGTCCAGCGGTTC_Case_922	439_TTGCGTCCAGCGGTTC	TRUE	TRUE
TTGCGTCGTCGGCACT_Case_922	439_TTGCGTCGTCGGCACT	TRUE	TRUE
TTGCGTCTCTAAGCGT_Case_922	439_TTGCGTCTCTAAGCGT	TRUE	TRUE
TTGCTGCAGATTGTGA_Case_922	439_TTGCTGCAGATTGTGA	TRUE	TRUE
TTGGATGAGACCATAA_Case_922	439_TTGGATGAGACCATAA	TRUE	TRUE
TTGGATGAGCCTGAAG_Case_922	439_TTGGATGAGCCTGAAG	TRUE	TRUE
TTGGATGAGGCCCAAA_Case_922	439_TTGGATGAGGCCCAAA	TRUE	TRUE
TTGGATGGTAACAAGT_Case_922	439_TTGGATGGTAACAAGT	TRUE	TRUE
TTGGATGGTCTACAGT_Case_922	439_TTGGATGGTCTACAGT	TRUE	TRUE
TTGGGATAGGGTCTTT_Case_922	439_TTGGGATAGGGTCTTT	TRUE	TRUE
TTGGGATGTCTGTCCT_Case_922	439_TTGGGATGTCTGTCCT	TRUE	TRUE
TTGGGATTCACTGGGC_Case_922	439_TTGGGATTCACTGGGC	TRUE	TRUE
TTGGGATTCCTACGAA_Case_922	439_TTGGGATTCCTACGAA	TRUE	TRUE
TTGGGCGAGAGTGTTA_Case_922	439_TTGGGCGAGAGTGTTA	TRUE	TRUE
TTGGGCGCACAAGCTT_Case_922	439_TTGGGCGCACAAGCTT	TRUE	TRUE
TTGGGCGCATCTGCGG_Case_922	439_TTGGGCGCATCTGCGG	TRUE	TRUE
TTGGGTAAGTGCTCAT_Case_922	439_TTGGGTAAGTGCTCAT	TRUE	TRUE
TTGGGTACATTGTACG_Case_922	439_TTGGGTACATTGTACG	TRUE	TRUE
TTGGGTAGTCTCGCGA_Case_922	439_TTGGGTAGTCTCGCGA	TRUE	TRUE
TTGGGTATCCCTGTTG_Case_922	439_TTGGGTATCCCTGTTG	TRUE	TRUE
TTGGGTATCCGTCACT_Case_922	439_TTGGGTATCCGTCACT	TRUE	TRUE
TTGGGTATCGTGCATA_Case_922	439_TTGGGTATCGTGCATA	TRUE	TRUE
TTGGTTTAGGGTTTCT_Case_922	439_TTGGTTTAGGGTTTCT	TRUE	TRUE
TTGGTTTCAAGCTGTT_Case_922	439_TTGGTTTCAAGCTGTT	TRUE	TRUE
TTGGTTTCACGGTAGA_Case_922	439_TTGGTTTCACGGTAGA	TRUE	TRUE
TTGGTTTCAGGAACCA_Case_922	439_TTGGTTTCAGGAACCA	TRUE	TRUE
TTGGTTTTCGGAGTGA_Case_922	439_TTGGTTTTCGGAGTGA	TRUE	TRUE
TTGTGGAAGACTGAGC_Case_922	439_TTGTGGAAGACTGAGC	TRUE	TRUE
TTGTGGAGTATTGACC_Case_922	439_TTGTGGAGTATTGACC	TRUE	TRUE
TTGTGGAGTGGATTTC_Case_922	439_TTGTGGAGTGGATTTC	TRUE	TRUE
TTGTGGAGTTCAGTAC_Case_922	439_TTGTGGAGTTCAGTAC	TRUE	TRUE
TTGTGTTCAGGCATGA_Case_922	439_TTGTGTTCAGGCATGA	TRUE	TRUE
TTGTGTTTCACAAGGG_Case_922	439_TTGTGTTTCACAAGGG	TRUE	TRUE
TTGTGTTTCACTCCGT_Case_922	439_TTGTGTTTCACTCCGT	TRUE	TRUE
TTGTTCAAGACTGGGT_Case_922	439_TTGTTCAAGACTGGGT	TRUE	TRUE
TTGTTCAAGTGTCATC_Case_922	439_TTGTTCAAGTGTCATC	TRUE	TRUE
TTGTTCACATGACTGT_Case_922	439_TTGTTCACATGACTGT	TRUE	TRUE
TTGTTGTAGAAGCCAC_Case_922	439_TTGTTGTAGAAGCCAC	TRUE	TRUE
TTGTTGTAGATAACGT_Case_922	439_TTGTTGTAGATAACGT	TRUE	TRUE
TTGTTGTAGGGCAGAG_Case_922	439_TTGTTGTAGGGCAGAG	TRUE	TRUE
TTGTTGTGTGACACAG_Case_922	439_TTGTTGTGTGACACAG	TRUE	TRUE
TTGTTGTTCAGTGTTG_Case_922	439_TTGTTGTTCAGTGTTG	TRUE	TRUE
TTGTTGTTCCCAGTGG_Case_922	439_TTGTTGTTCCCAGTGG	TRUE	TRUE
TTGTTGTTCTGATGGT_Case_922	439_TTGTTGTTCTGATGGT	TRUE	TRUE
TTGTTTGAGAGAGAAC_Case_922	439_TTGTTTGAGAGAGAAC	TRUE	TRUE
TTGTTTGAGGTATCTC_Case_922	439_TTGTTTGAGGTATCTC	TRUE	TRUE
TTGTTTGAGTTACGTC_Case_922	439_TTGTTTGAGTTACGTC	TRUE	TRUE
TTTACCAAGAAGCCAC_Case_922	439_TTTACCAAGAAGCCAC	TRUE	TRUE
TTTACCACAACGATTC_Case_922	439_TTTACCACAACGATTC	TRUE	TRUE
TTTACCACACTGCGTG_Case_922	439_TTTACCACACTGCGTG	TRUE	TRUE
TTTACCAGTTCGTACA_Case_922	439_TTTACCAGTTCGTACA	TRUE	TRUE
TTTACCAGTTGAAGTA_Case_922	439_TTTACCAGTTGAAGTA	TRUE	TRUE
TTTACCATCTGAATGC_Case_922	439_TTTACCATCTGAATGC	TRUE	TRUE
TTTACGTAGGACAAGA_Case_922	439_TTTACGTAGGACAAGA	TRUE	TRUE
TTTACGTGTAAGGCTG_Case_922	439_TTTACGTGTAAGGCTG	TRUE	TRUE
TTTACTGAGTAGCATA_Case_922	439_TTTACTGAGTAGCATA	TRUE	TRUE
TTTAGTCGTCACGTGC_Case_922	439_TTTAGTCGTCACGTGC	TRUE	TRUE
TTTAGTCGTTTCCCAC_Case_922	439_TTTAGTCGTTTCCCAC	TRUE	TRUE
TTTAGTCTCGAATCCA_Case_922	439_TTTAGTCTCGAATCCA	TRUE	TRUE
TTTATGCAGAAACCCG_Case_922	439_TTTATGCAGAAACCCG	TRUE	TRUE
TTTATGCCAGATCACT_Case_922	439_TTTATGCCAGATCACT	TRUE	TRUE
TTTATGCCATAATGAG_Case_922	439_TTTATGCCATAATGAG	TRUE	TRUE
TTTCACAAGCCGCTTG_Case_922	439_TTTCACAAGCCGCTTG	TRUE	TRUE
TTTCACACACCATTCC_Case_922	439_TTTCACACACCATTCC	TRUE	TRUE
TTTCAGTCACCCTAGG_Case_922	439_TTTCAGTCACCCTAGG	TRUE	TRUE
TTTCAGTCAGAGATTA_Case_922	439_TTTCAGTCAGAGATTA	TRUE	TRUE
TTTCAGTTCATTTACC_Case_922	439_TTTCAGTTCATTTACC	TRUE	TRUE
TTTCAGTTCGTGTGGC_Case_922	439_TTTCAGTTCGTGTGGC	TRUE	TRUE
TTTCATGCATACAGAA_Case_922	439_TTTCATGCATACAGAA	TRUE	TRUE
TTTCATGGTCTACAAC_Case_922	439_TTTCATGGTCTACAAC	TRUE	TRUE
TTTCATGTCACCTGGG_Case_922	439_TTTCATGTCACCTGGG	TRUE	TRUE
TTTCGATAGCGAAACC_Case_922	439_TTTCGATAGCGAAACC	TRUE	TRUE
TTTCGATCATCTAGAC_Case_922	439_TTTCGATCATCTAGAC	TRUE	TRUE
TTTGACTGTCGAGCAA_Case_922	439_TTTGACTGTCGAGCAA	TRUE	TRUE
TTTGGAGAGATCCAAA_Case_922	439_TTTGGAGAGATCCAAA	TRUE	TRUE
TTTGGAGAGTGGACTG_Case_922	439_TTTGGAGAGTGGACTG	TRUE	TRUE
TTTGGAGAGTTAACGA_Case_922	439_TTTGGAGAGTTAACGA	TRUE	TRUE
TTTGGAGCAATCAAGA_Case_922	439_TTTGGAGCAATCAAGA	TRUE	TRUE
TTTGGAGTCCCATTCG_Case_922	439_TTTGGAGTCCCATTCG	TRUE	TRUE
TTTGGTTAGCCTGCCA_Case_922	439_TTTGGTTAGCCTGCCA	TRUE	TRUE
TTTGGTTAGTAGGCCA_Case_922	439_TTTGGTTAGTAGGCCA	TRUE	TRUE
TTTGGTTCAAATAAGC_Case_922	439_TTTGGTTCAAATAAGC	TRUE	TRUE
TTTGGTTGTTCACCGG_Case_922	439_TTTGGTTGTTCACCGG	TRUE	TRUE
TTTGGTTGTTCGGTAT_Case_922	439_TTTGGTTGTTCGGTAT	TRUE	TRUE
TTTGGTTTCATGCATG_Case_922	439_TTTGGTTTCATGCATG	TRUE	TRUE
TTTGGTTTCTAGATCG_Case_922	439_TTTGGTTTCTAGATCG	TRUE	TRUE
TTTGTTGAGTGTCATC_Case_922	439_TTTGTTGAGTGTCATC	TRUE	TRUE
TTTGTTGCAGCGGTCT_Case_922	439_TTTGTTGCAGCGGTCT	TRUE	TRUE
TTTGTTGTCAAGTGGG_Case_922	439_TTTGTTGTCAAGTGGG	TRUE	TRUE
TTTGTTGTCACATCAG_Case_922	439_TTTGTTGTCACATCAG	TRUE	TRUE
TTTGTTGTCATACAGC_Case_922	439_TTTGTTGTCATACAGC	TRUE	TRUE
AAACGAAAGTCACAGG_Case_923	440_AAACGAAAGTCACAGG	TRUE	TRUE
AAACGAAAGTCAGCCC_Case_923	440_AAACGAAAGTCAGCCC	TRUE	TRUE
AAACGAACAATGGGTG_Case_923	440_AAACGAACAATGGGTG	TRUE	TRUE
AAACGAAGTGTGTCCG_Case_923	440_AAACGAAGTGTGTCCG	TRUE	TRUE
AAACGCTAGCTCGACC_Case_923	440_AAACGCTAGCTCGACC	TRUE	TRUE
AAACGCTCACTGATTG_Case_923	440_AAACGCTCACTGATTG	TRUE	TRUE
AAACGCTGTCCTGTTC_Case_923	440_AAACGCTGTCCTGTTC	TRUE	TRUE
AAACGCTGTGTCCATA_Case_923	440_AAACGCTGTGTCCATA	TRUE	TRUE
AAAGAACAGGAATTAC_Case_923	440_AAAGAACAGGAATTAC	TRUE	TRUE
AAAGAACCAGTTAGAA_Case_923	440_AAAGAACCAGTTAGAA	TRUE	TRUE
AAAGAACGTACTCCGG_Case_923	440_AAAGAACGTACTCCGG	TRUE	TRUE
AAAGGATCAAAGAGTT_Case_923	440_AAAGGATCAAAGAGTT	TRUE	TRUE
AAAGGATCAAAGGTTA_Case_923	440_AAAGGATCAAAGGTTA	TRUE	TRUE
AAAGGGCTCCCGAGTG_Case_923	440_AAAGGGCTCCCGAGTG	TRUE	TRUE
AAAGGTAAGGGATCAC_Case_923	440_AAAGGTAAGGGATCAC	TRUE	TRUE
AAAGGTAAGTTAACGA_Case_923	440_AAAGGTAAGTTAACGA	TRUE	TRUE
AAAGGTACAATTGCAC_Case_923	440_AAAGGTACAATTGCAC	TRUE	TRUE
AAAGGTATCACTGTTT_Case_923	440_AAAGGTATCACTGTTT	TRUE	TRUE
AAAGTCCTCTTTACAC_Case_923	440_AAAGTCCTCTTTACAC	TRUE	TRUE
AAAGTGAAGTATGTAG_Case_923	440_AAAGTGAAGTATGTAG	TRUE	TRUE
AAAGTGACATCAGCTA_Case_923	440_AAAGTGACATCAGCTA	TRUE	TRUE
AAAGTGATCCTATTGT_Case_923	440_AAAGTGATCCTATTGT	TRUE	TRUE
AAATGGAGTCGTATGT_Case_923	440_AAATGGAGTCGTATGT	TRUE	TRUE
AAATGGATCATGCCGG_Case_923	440_AAATGGATCATGCCGG	TRUE	TRUE
AACAAAGCATCCGATA_Case_923	440_AACAAAGCATCCGATA	TRUE	TRUE
AACAAAGCATGACTTG_Case_923	440_AACAAAGCATGACTTG	TRUE	TRUE
AACAAAGGTTGGTAGG_Case_923	440_AACAAAGGTTGGTAGG	TRUE	TRUE
AACAACCCAATCAGCT_Case_923	440_AACAACCCAATCAGCT	TRUE	TRUE
AACAACCCATTAGGCT_Case_923	440_AACAACCCATTAGGCT	TRUE	TRUE
AACAAGATCTCTGAGA_Case_923	440_AACAAGATCTCTGAGA	TRUE	TRUE
AACACACCATCCGTGG_Case_923	440_AACACACCATCCGTGG	TRUE	TRUE
AACACACGTCACAGAG_Case_923	440_AACACACGTCACAGAG	TRUE	TRUE
AACACACGTGACATCT_Case_923	440_AACACACGTGACATCT	TRUE	TRUE
AACAGGGCAAATGGAT_Case_923	440_AACAGGGCAAATGGAT	TRUE	TRUE
AACAGGGCAGTGCCTG_Case_923	440_AACAGGGCAGTGCCTG	TRUE	TRUE
AACAGGGTCGAGATGG_Case_923	440_AACAGGGTCGAGATGG	TRUE	TRUE
AACCACAAGCAAGCCA_Case_923	440_AACCACAAGCAAGCCA	TRUE	TRUE
AACCACACACCGTACG_Case_923	440_AACCACACACCGTACG	TRUE	TRUE
AACCACAGTGGTACAG_Case_923	440_AACCACAGTGGTACAG	TRUE	TRUE
AACCACAGTTGTTTGG_Case_923	440_AACCACAGTTGTTTGG	TRUE	TRUE
AACCACATCCACTTTA_Case_923	440_AACCACATCCACTTTA	TRUE	TRUE
AACCATGAGACCTTTG_Case_923	440_AACCATGAGACCTTTG	TRUE	TRUE
AACCATGAGGCAGCTA_Case_923	440_AACCATGAGGCAGCTA	TRUE	TRUE
AACCATGGTACAAGCG_Case_923	440_AACCATGGTACAAGCG	TRUE	TRUE
AACCCAACAGATACCT_Case_923	440_AACCCAACAGATACCT	TRUE	TRUE
AACCTGAAGTGCGCTC_Case_923	440_AACCTGAAGTGCGCTC	TRUE	TRUE
AACCTGAGTCGATTTG_Case_923	440_AACCTGAGTCGATTTG	TRUE	TRUE
AACCTGATCAAGTGTC_Case_923	440_AACCTGATCAAGTGTC	TRUE	TRUE
AACCTGATCGTGCACG_Case_923	440_AACCTGATCGTGCACG	TRUE	TRUE
AACCTTTGTAGTCACT_Case_923	440_AACCTTTGTAGTCACT	TRUE	TRUE
AACCTTTGTCGAGATG_Case_923	440_AACCTTTGTCGAGATG	TRUE	TRUE
AACCTTTGTTTGTGGT_Case_923	440_AACCTTTGTTTGTGGT	TRUE	TRUE
AACCTTTTCCCGAGAC_Case_923	440_AACCTTTTCCCGAGAC	TRUE	TRUE
AACCTTTTCGCGGTAC_Case_923	440_AACCTTTTCGCGGTAC	TRUE	TRUE
AACGAAATCGACTCCT_Case_923	440_AACGAAATCGACTCCT	TRUE	TRUE
AACGGGACAATCGAAA_Case_923	440_AACGGGACAATCGAAA	TRUE	TRUE
AACGGGACATTGCCTC_Case_923	440_AACGGGACATTGCCTC	TRUE	TRUE
AACGGGATCATTTGCT_Case_923	440_AACGGGATCATTTGCT	TRUE	TRUE
AACGTCACACGGCTAC_Case_923	440_AACGTCACACGGCTAC	TRUE	TRUE
AACGTCACAGTCTTCC_Case_923	440_AACGTCACAGTCTTCC	TRUE	TRUE
AACTTCTAGCAGGTCA_Case_923	440_AACTTCTAGCAGGTCA	TRUE	TRUE
AACTTCTAGGAATTAC_Case_923	440_AACTTCTAGGAATTAC	TRUE	TRUE
AACTTCTAGGTCCCGT_Case_923	440_AACTTCTAGGTCCCGT	TRUE	TRUE
AAGAACAAGATGGCGT_Case_923	440_AAGAACAAGATGGCGT	TRUE	TRUE
AAGAACAAGGTGGCTA_Case_923	440_AAGAACAAGGTGGCTA	TRUE	TRUE
AAGACAACAGACCATT_Case_923	440_AAGACAACAGACCATT	TRUE	TRUE
AAGACTCAGAAACCCG_Case_923	440_AAGACTCAGAAACCCG	TRUE	TRUE
AAGACTCAGCAGATAT_Case_923	440_AAGACTCAGCAGATAT	TRUE	TRUE
AAGACTCAGCAGCACA_Case_923	440_AAGACTCAGCAGCACA	TRUE	TRUE
AAGACTCAGTGATAGT_Case_923	440_AAGACTCAGTGATAGT	TRUE	TRUE
AAGACTCGTAACAGGC_Case_923	440_AAGACTCGTAACAGGC	TRUE	TRUE
AAGACTCTCACAAGGG_Case_923	440_AAGACTCTCACAAGGG	TRUE	TRUE
AAGACTCTCCGGTAGC_Case_923	440_AAGACTCTCCGGTAGC	TRUE	TRUE
AAGCATCAGGAGAGGC_Case_923	440_AAGCATCAGGAGAGGC	TRUE	TRUE
AAGCCATAGGCGTCCT_Case_923	440_AAGCCATAGGCGTCCT	TRUE	TRUE
AAGCCATGTCTGTCAA_Case_923	440_AAGCCATGTCTGTCAA	TRUE	TRUE
AAGCGAGGTGGTTTAC_Case_923	440_AAGCGAGGTGGTTTAC	TRUE	TRUE
AAGCGAGGTGTTCATG_Case_923	440_AAGCGAGGTGTTCATG	TRUE	TRUE
AAGCGAGTCTCGGCTT_Case_923	440_AAGCGAGTCTCGGCTT	TRUE	TRUE
AAGCGTTCAACGTTAC_Case_923	440_AAGCGTTCAACGTTAC	TRUE	TRUE
AAGCGTTGTAACATCC_Case_923	440_AAGCGTTGTAACATCC	TRUE	TRUE
AAGCGTTGTCCACACG_Case_923	440_AAGCGTTGTCCACACG	TRUE	TRUE
AAGGAATAGAGTGTGC_Case_923	440_AAGGAATAGAGTGTGC	TRUE	TRUE
AAGGTAAGTTGGATCT_Case_923	440_AAGGTAAGTTGGATCT	TRUE	TRUE
AAGGTAATCGACCTAA_Case_923	440_AAGGTAATCGACCTAA	TRUE	TRUE
AAGTACCAGCAGATAT_Case_923	440_AAGTACCAGCAGATAT	TRUE	TRUE
AAGTACCAGCCTGTCG_Case_923	440_AAGTACCAGCCTGTCG	TRUE	TRUE
AAGTACCCAAGTGCAG_Case_923	440_AAGTACCCAAGTGCAG	TRUE	TRUE
AAGTACCGTTCTCGTC_Case_923	440_AAGTACCGTTCTCGTC	TRUE	TRUE
AAGTACCGTTGTCTAG_Case_923	440_AAGTACCGTTGTCTAG	TRUE	TRUE
AAGTACCTCGCAGTGC_Case_923	440_AAGTACCTCGCAGTGC	TRUE	TRUE
AAGTACCTCTCCAATT_Case_923	440_AAGTACCTCTCCAATT	TRUE	TRUE
AAGTCGTCAGTAGATA_Case_923	440_AAGTCGTCAGTAGATA	TRUE	TRUE
AAGTGAAAGCTTTGTG_Case_923	440_AAGTGAAAGCTTTGTG	TRUE	TRUE
AAGTGAAGTAATGCGG_Case_923	440_AAGTGAAGTAATGCGG	TRUE	TRUE
AAGTTCGAGAAGCCTG_Case_923	440_AAGTTCGAGAAGCCTG	TRUE	TRUE
AAGTTCGGTTGCATTG_Case_923	440_AAGTTCGGTTGCATTG	TRUE	TRUE
AAGTTCGTCTTGCGCT_Case_923	440_AAGTTCGTCTTGCGCT	TRUE	TRUE
AATAGAGAGGGCATGT_Case_923	440_AATAGAGAGGGCATGT	TRUE	TRUE
AATAGAGAGTCACAGG_Case_923	440_AATAGAGAGTCACAGG	TRUE	TRUE
AATAGAGCACTCCCTA_Case_923	440_AATAGAGCACTCCCTA	TRUE	TRUE
AATAGAGTCATCCTAT_Case_923	440_AATAGAGTCATCCTAT	TRUE	TRUE
AATCACGCACTTCCTG_Case_923	440_AATCACGCACTTCCTG	TRUE	TRUE
AATCACGCAGGCTATT_Case_923	440_AATCACGCAGGCTATT	TRUE	TRUE
AATCGTGAGTCCCAAT_Case_923	440_AATCGTGAGTCCCAAT	TRUE	TRUE
AATGAAGAGAAGTGTT_Case_923	440_AATGAAGAGAAGTGTT	TRUE	TRUE
AATGAAGCAAGTATAG_Case_923	440_AATGAAGCAAGTATAG	TRUE	TRUE
AATGAAGCAATAGGGC_Case_923	440_AATGAAGCAATAGGGC	TRUE	TRUE
AATGAAGCATCGCCTT_Case_923	440_AATGAAGCATCGCCTT	TRUE	TRUE
AATGAAGCATTGCCTC_Case_923	440_AATGAAGCATTGCCTC	TRUE	TRUE
AATGAAGGTGAGTTGG_Case_923	440_AATGAAGGTGAGTTGG	TRUE	TRUE
AATGAAGGTTGGATCT_Case_923	440_AATGAAGGTTGGATCT	TRUE	TRUE
AATGACCAGATTAGAC_Case_923	440_AATGACCAGATTAGAC	TRUE	TRUE
AATGACCCAACTCCCT_Case_923	440_AATGACCCAACTCCCT	TRUE	TRUE
AATGACCTCCACCTCA_Case_923	440_AATGACCTCCACCTCA	TRUE	TRUE
AATGCCAAGGTGGGTT_Case_923	440_AATGCCAAGGTGGGTT	TRUE	TRUE
AATGCCAAGTGTTGTC_Case_923	440_AATGCCAAGTGTTGTC	TRUE	TRUE
AATGCCACATCGGATT_Case_923	440_AATGCCACATCGGATT	TRUE	TRUE
AATGCCAGTACCAATC_Case_923	440_AATGCCAGTACCAATC	TRUE	TRUE
AATGCCATCTCTGCCA_Case_923	440_AATGCCATCTCTGCCA	TRUE	TRUE
AATGGAAAGAAACTGT_Case_923	440_AATGGAAAGAAACTGT	TRUE	TRUE
AATGGAAGTAGGTCAG_Case_923	440_AATGGAAGTAGGTCAG	TRUE	TRUE
AATGGAATCGAAGGAC_Case_923	440_AATGGAATCGAAGGAC	TRUE	TRUE
AATGGCTCAACCCTAA_Case_923	440_AATGGCTCAACCCTAA	TRUE	TRUE
AATGGCTCAGCTATTG_Case_923	440_AATGGCTCAGCTATTG	TRUE	TRUE
AATTCCTCACAACGCC_Case_923	440_AATTCCTCACAACGCC	TRUE	TRUE
AATTCCTTCGTTCCCA_Case_923	440_AATTCCTTCGTTCCCA	TRUE	TRUE
ACAAAGAAGATAGGGA_Case_923	440_ACAAAGAAGATAGGGA	TRUE	TRUE
ACAAAGACATGGAACG_Case_923	440_ACAAAGACATGGAACG	TRUE	TRUE
ACAAAGATCACTAGCA_Case_923	440_ACAAAGATCACTAGCA	TRUE	TRUE
ACAAAGATCTTACCGC_Case_923	440_ACAAAGATCTTACCGC	TRUE	TRUE
ACAACCACACCTAAAC_Case_923	440_ACAACCACACCTAAAC	TRUE	TRUE
ACAACCACACTAGTAC_Case_923	440_ACAACCACACTAGTAC	TRUE	TRUE
ACAACCAGTAATGATG_Case_923	440_ACAACCAGTAATGATG	TRUE	TRUE
ACAAGCTAGATGCAGC_Case_923	440_ACAAGCTAGATGCAGC	TRUE	TRUE
ACAAGCTCACTATCGA_Case_923	440_ACAAGCTCACTATCGA	TRUE	TRUE
ACAAGCTGTACCGCGT_Case_923	440_ACAAGCTGTACCGCGT	TRUE	TRUE
ACAAGCTGTATGCAAA_Case_923	440_ACAAGCTGTATGCAAA	TRUE	TRUE
ACAAGCTGTCATGGCC_Case_923	440_ACAAGCTGTCATGGCC	TRUE	TRUE
ACAAGCTTCAGAGTGG_Case_923	440_ACAAGCTTCAGAGTGG	TRUE	TRUE
ACACAGTAGGATACCG_Case_923	440_ACACAGTAGGATACCG	TRUE	TRUE
ACACAGTGTCGGCTAC_Case_923	440_ACACAGTGTCGGCTAC	TRUE	TRUE
ACACCAAAGCCGTAAG_Case_923	440_ACACCAAAGCCGTAAG	TRUE	TRUE
ACACCAACAGGATCTT_Case_923	440_ACACCAACAGGATCTT	TRUE	TRUE
ACACCAAGTACAGTCT_Case_923	440_ACACCAAGTACAGTCT	TRUE	TRUE
ACACCAAGTACGCTAT_Case_923	440_ACACCAAGTACGCTAT	TRUE	TRUE
ACACCAATCACCATAG_Case_923	440_ACACCAATCACCATAG	TRUE	TRUE
ACACGCGAGAGTCAGC_Case_923	440_ACACGCGAGAGTCAGC	TRUE	TRUE
ACACGCGCAGCTCTGG_Case_923	440_ACACGCGCAGCTCTGG	TRUE	TRUE
ACACGCGCAGGTATGG_Case_923	440_ACACGCGCAGGTATGG	TRUE	TRUE
ACACGCGGTCATAACC_Case_923	440_ACACGCGGTCATAACC	TRUE	TRUE
ACACGCGGTGGTTTGT_Case_923	440_ACACGCGGTGGTTTGT	TRUE	TRUE
ACACGCGTCCTACGAA_Case_923	440_ACACGCGTCCTACGAA	TRUE	TRUE
ACACTGACAAATTGGA_Case_923	440_ACACTGACAAATTGGA	TRUE	TRUE
ACACTGACAGTATTCG_Case_923	440_ACACTGACAGTATTCG	TRUE	TRUE
ACACTGAGTATGCGTT_Case_923	440_ACACTGAGTATGCGTT	TRUE	TRUE
ACACTGAGTCCTACGG_Case_923	440_ACACTGAGTCCTACGG	TRUE	TRUE
ACACTGAGTTTCACTT_Case_923	440_ACACTGAGTTTCACTT	TRUE	TRUE
ACACTGATCTAGCCAA_Case_923	440_ACACTGATCTAGCCAA	TRUE	TRUE
ACAGAAACACAAATGA_Case_923	440_ACAGAAACACAAATGA	TRUE	TRUE
ACAGAAACACCCGTAG_Case_923	440_ACAGAAACACCCGTAG	TRUE	TRUE
ACAGAAATCTCGCCTA_Case_923	440_ACAGAAATCTCGCCTA	TRUE	TRUE
ACAGCCGCACAACCGC_Case_923	440_ACAGCCGCACAACCGC	TRUE	TRUE
ACAGGGAAGAGCCCAA_Case_923	440_ACAGGGAAGAGCCCAA	TRUE	TRUE
ACAGGGACAAGCAATA_Case_923	440_ACAGGGACAAGCAATA	TRUE	TRUE
ACAGGGACACGCCACA_Case_923	440_ACAGGGACACGCCACA	TRUE	TRUE
ACAGGGAGTGTGCTTA_Case_923	440_ACAGGGAGTGTGCTTA	TRUE	TRUE
ACATCCCAGACCGTTT_Case_923	440_ACATCCCAGACCGTTT	TRUE	TRUE
ACATCGAAGTGCAGCA_Case_923	440_ACATCGAAGTGCAGCA	TRUE	TRUE
ACATCGACAAGCTGCC_Case_923	440_ACATCGACAAGCTGCC	TRUE	TRUE
ACATCGATCCAACCAA_Case_923	440_ACATCGATCCAACCAA	TRUE	TRUE
ACATGCAAGACCTCAT_Case_923	440_ACATGCAAGACCTCAT	TRUE	TRUE
ACATGCAAGGTTAGTA_Case_923	440_ACATGCAAGGTTAGTA	TRUE	TRUE
ACATGCACAAACTCGT_Case_923	440_ACATGCACAAACTCGT	TRUE	TRUE
ACATGCACAACTGGTT_Case_923	440_ACATGCACAACTGGTT	TRUE	TRUE
ACATGCACAGCGTGCT_Case_923	440_ACATGCACAGCGTGCT	TRUE	TRUE
ACCAAACAGGATTCCT_Case_923	440_ACCAAACAGGATTCCT	TRUE	TRUE
ACCAAACAGGGACACT_Case_923	440_ACCAAACAGGGACACT	TRUE	TRUE
ACCAAACCAGTTAGAA_Case_923	440_ACCAAACCAGTTAGAA	TRUE	TRUE
ACCAAACGTCGACGCT_Case_923	440_ACCAAACGTCGACGCT	TRUE	TRUE
ACCAACAAGAAGGATG_Case_923	440_ACCAACAAGAAGGATG	TRUE	TRUE
ACCAACAAGCGTCGAA_Case_923	440_ACCAACAAGCGTCGAA	TRUE	TRUE
ACCACAAAGAATTTGG_Case_923	440_ACCACAAAGAATTTGG	TRUE	TRUE
ACCACAAAGGTTCACT_Case_923	440_ACCACAAAGGTTCACT	TRUE	TRUE
ACCACAAAGTCCCAGC_Case_923	440_ACCACAAAGTCCCAGC	TRUE	TRUE
ACCACAAAGTCTACCA_Case_923	440_ACCACAAAGTCTACCA	TRUE	TRUE
ACCACAATCTTACCAT_Case_923	440_ACCACAATCTTACCAT	TRUE	TRUE
ACCATTTAGAGCAGTC_Case_923	440_ACCATTTAGAGCAGTC	TRUE	TRUE
ACCATTTAGAGCCGAT_Case_923	440_ACCATTTAGAGCCGAT	TRUE	TRUE
ACCATTTAGGACAAGA_Case_923	440_ACCATTTAGGACAAGA	TRUE	TRUE
ACCATTTAGTATCTGC_Case_923	440_ACCATTTAGTATCTGC	TRUE	TRUE
ACCCAAAAGCTGGCCT_Case_923	440_ACCCAAAAGCTGGCCT	TRUE	TRUE
ACCCAAAAGGTAGCCA_Case_923	440_ACCCAAAAGGTAGCCA	TRUE	TRUE
ACCCAAATCTAGAGCT_Case_923	440_ACCCAAATCTAGAGCT	TRUE	TRUE
ACCCTCAAGTGTACCT_Case_923	440_ACCCTCAAGTGTACCT	TRUE	TRUE
ACCCTCAAGTGTGTTC_Case_923	440_ACCCTCAAGTGTGTTC	TRUE	TRUE
ACCCTCACATGTCTAG_Case_923	440_ACCCTCACATGTCTAG	TRUE	TRUE
ACCCTCAGTGCATGTT_Case_923	440_ACCCTCAGTGCATGTT	TRUE	TRUE
ACCCTTGCAAATACAG_Case_923	440_ACCCTTGCAAATACAG	TRUE	TRUE
ACCCTTGGTTGGGATG_Case_923	440_ACCCTTGGTTGGGATG	TRUE	TRUE
ACCGTTCAGTGTTCAC_Case_923	440_ACCGTTCAGTGTTCAC	TRUE	TRUE
ACCGTTCCATGACCCG_Case_923	440_ACCGTTCCATGACCCG	TRUE	TRUE
ACCGTTCGTGTAACGG_Case_923	440_ACCGTTCGTGTAACGG	TRUE	TRUE
ACCTACCAGGAAGTCC_Case_923	440_ACCTACCAGGAAGTCC	TRUE	TRUE
ACCTGAAAGTTCCGGC_Case_923	440_ACCTGAAAGTTCCGGC	TRUE	TRUE
ACCTGAAGTAGAGGAA_Case_923	440_ACCTGAAGTAGAGGAA	TRUE	TRUE
ACCTGAATCGCAGTTA_Case_923	440_ACCTGAATCGCAGTTA	TRUE	TRUE
ACCTGAATCTACTTCA_Case_923	440_ACCTGAATCTACTTCA	TRUE	TRUE
ACCTGTCCAACAGCTT_Case_923	440_ACCTGTCCAACAGCTT	TRUE	TRUE
ACCTGTCGTATGGGAC_Case_923	440_ACCTGTCGTATGGGAC	TRUE	TRUE
ACCTGTCGTGGTCTAT_Case_923	440_ACCTGTCGTGGTCTAT	TRUE	TRUE
ACGATCAAGCCTCACG_Case_923	440_ACGATCAAGCCTCACG	TRUE	TRUE
ACGATCAGTATACCTG_Case_923	440_ACGATCAGTATACCTG	TRUE	TRUE
ACGATGTCACAGCATT_Case_923	440_ACGATGTCACAGCATT	TRUE	TRUE
ACGCACGAGGTAAGTT_Case_923	440_ACGCACGAGGTAAGTT	TRUE	TRUE
ACGCACGAGGTAGTCG_Case_923	440_ACGCACGAGGTAGTCG	TRUE	TRUE
ACGCACGAGGTGCCAA_Case_923	440_ACGCACGAGGTGCCAA	TRUE	TRUE
ACGCACGAGGTTTACC_Case_923	440_ACGCACGAGGTTTACC	TRUE	TRUE
ACGCACGGTTCCTACC_Case_923	440_ACGCACGGTTCCTACC	TRUE	TRUE
ACGCACGTCATACAGC_Case_923	440_ACGCACGTCATACAGC	TRUE	TRUE
ACGCACGTCCATTGGA_Case_923	440_ACGCACGTCCATTGGA	TRUE	TRUE
ACGGAAGCAACTGAAA_Case_923	440_ACGGAAGCAACTGAAA	TRUE	TRUE
ACGGAAGGTGCCGTAC_Case_923	440_ACGGAAGGTGCCGTAC	TRUE	TRUE
ACGGAAGTCCCGAATA_Case_923	440_ACGGAAGTCCCGAATA	TRUE	TRUE
ACGGGTCAGGTGAGCT_Case_923	440_ACGGGTCAGGTGAGCT	TRUE	TRUE
ACGGGTCAGTCGTTAC_Case_923	440_ACGGGTCAGTCGTTAC	TRUE	TRUE
ACGGGTCTCATCAGTG_Case_923	440_ACGGGTCTCATCAGTG	TRUE	TRUE
ACGGTCGAGGGATGTC_Case_923	440_ACGGTCGAGGGATGTC	TRUE	TRUE
ACGGTCGTCTTTCCAA_Case_923	440_ACGGTCGTCTTTCCAA	TRUE	TRUE
ACGGTTACATAACTCG_Case_923	440_ACGGTTACATAACTCG	TRUE	TRUE
ACGTAACCAATAGTAG_Case_923	440_ACGTAACCAATAGTAG	TRUE	TRUE
ACGTAACCAGAGTTCT_Case_923	440_ACGTAACCAGAGTTCT	TRUE	TRUE
ACGTAACCATCCTCAC_Case_923	440_ACGTAACCATCCTCAC	TRUE	TRUE
ACGTAACGTTGGCTAT_Case_923	440_ACGTAACGTTGGCTAT	TRUE	TRUE
ACGTACAGTTCGTTCC_Case_923	440_ACGTACAGTTCGTTCC	TRUE	TRUE
ACGTACATCAGATGCT_Case_923	440_ACGTACATCAGATGCT	TRUE	TRUE
ACGTAGTCAGCAAGAC_Case_923	440_ACGTAGTCAGCAAGAC	TRUE	TRUE
ACGTAGTGTGATTGGG_Case_923	440_ACGTAGTGTGATTGGG	TRUE	TRUE
ACGTAGTGTTGAGGAC_Case_923	440_ACGTAGTGTTGAGGAC	TRUE	TRUE
ACGTAGTTCTTAGCTT_Case_923	440_ACGTAGTTCTTAGCTT	TRUE	TRUE
ACGTCCTAGCACGTCC_Case_923	440_ACGTCCTAGCACGTCC	TRUE	TRUE
ACGTCCTTCGAGCTGC_Case_923	440_ACGTCCTTCGAGCTGC	TRUE	TRUE
ACGTTCCAGAAGCGAA_Case_923	440_ACGTTCCAGAAGCGAA	TRUE	TRUE
ACGTTCCAGACAGTCG_Case_923	440_ACGTTCCAGACAGTCG	TRUE	TRUE
ACGTTCCTCGCGGACT_Case_923	440_ACGTTCCTCGCGGACT	TRUE	TRUE
ACTACGAAGTGTACAA_Case_923	440_ACTACGAAGTGTACAA	TRUE	TRUE
ACTACGAAGTTACGAA_Case_923	440_ACTACGAAGTTACGAA	TRUE	TRUE
ACTACGATCTCTTGCG_Case_923	440_ACTACGATCTCTTGCG	TRUE	TRUE
ACTATCTAGAGAGGGC_Case_923	440_ACTATCTAGAGAGGGC	TRUE	TRUE
ACTATCTAGATGTAGT_Case_923	440_ACTATCTAGATGTAGT	TRUE	TRUE
ACTATCTTCATTGTGG_Case_923	440_ACTATCTTCATTGTGG	TRUE	TRUE
ACTATCTTCCATTGCC_Case_923	440_ACTATCTTCCATTGCC	TRUE	TRUE
ACTATGGAGCTACAAA_Case_923	440_ACTATGGAGCTACAAA	TRUE	TRUE
ACTATGGAGCTGGTGA_Case_923	440_ACTATGGAGCTGGTGA	TRUE	TRUE
ACTATGGTCAGAGTGG_Case_923	440_ACTATGGTCAGAGTGG	TRUE	TRUE
ACTATGGTCTCCTGCA_Case_923	440_ACTATGGTCTCCTGCA	TRUE	TRUE
ACTATTCAGCGCTGCT_Case_923	440_ACTATTCAGCGCTGCT	TRUE	TRUE
ACTATTCCAGGACTAG_Case_923	440_ACTATTCCAGGACTAG	TRUE	TRUE
ACTATTCTCCTGTTAT_Case_923	440_ACTATTCTCCTGTTAT	TRUE	TRUE
ACTCCCAAGACCTGGA_Case_923	440_ACTCCCAAGACCTGGA	TRUE	TRUE
ACTCCCACATCAGCTA_Case_923	440_ACTCCCACATCAGCTA	TRUE	TRUE
ACTCCCATCACCGCTT_Case_923	440_ACTCCCATCACCGCTT	TRUE	TRUE
ACTCCCATCATTTGGG_Case_923	440_ACTCCCATCATTTGGG	TRUE	TRUE
ACTCTCGAGACTTGTC_Case_923	440_ACTCTCGAGACTTGTC	TRUE	TRUE
ACTCTCGCAGCGGTTC_Case_923	440_ACTCTCGCAGCGGTTC	TRUE	TRUE
ACTCTCGGTGTGTCGC_Case_923	440_ACTCTCGGTGTGTCGC	TRUE	TRUE
ACTGATGCACATCCCT_Case_923	440_ACTGATGCACATCCCT	TRUE	TRUE
ACTGATGGTTCAGCGC_Case_923	440_ACTGATGGTTCAGCGC	TRUE	TRUE
ACTGCAAAGAACTTCC_Case_923	440_ACTGCAAAGAACTTCC	TRUE	TRUE
ACTGCAACACCGTCTT_Case_923	440_ACTGCAACACCGTCTT	TRUE	TRUE
ACTGCAACATATAGCC_Case_923	440_ACTGCAACATATAGCC	TRUE	TRUE
ACTGCAAGTAAGCTCT_Case_923	440_ACTGCAAGTAAGCTCT	TRUE	TRUE
ACTGCAAGTACTGGGA_Case_923	440_ACTGCAAGTACTGGGA	TRUE	TRUE
ACTGCAAGTGGACTGA_Case_923	440_ACTGCAAGTGGACTGA	TRUE	TRUE
ACTGTCCTCTCGGTAA_Case_923	440_ACTGTCCTCTCGGTAA	TRUE	TRUE
ACTGTGAAGTAAGCAT_Case_923	440_ACTGTGAAGTAAGCAT	TRUE	TRUE
ACTGTGACAAATTGCC_Case_923	440_ACTGTGACAAATTGCC	TRUE	TRUE
ACTGTGACATCGATCA_Case_923	440_ACTGTGACATCGATCA	TRUE	TRUE
ACTGTGAGTAGTGATA_Case_923	440_ACTGTGAGTAGTGATA	TRUE	TRUE
ACTGTGATCCTAGAGT_Case_923	440_ACTGTGATCCTAGAGT	TRUE	TRUE
ACTTAGGCAAAGCTCT_Case_923	440_ACTTAGGCAAAGCTCT	TRUE	TRUE
ACTTAGGGTTCTCGCT_Case_923	440_ACTTAGGGTTCTCGCT	TRUE	TRUE
ACTTAGGTCAAATAGG_Case_923	440_ACTTAGGTCAAATAGG	TRUE	TRUE
ACTTATCCAAGTGGGT_Case_923	440_ACTTATCCAAGTGGGT	TRUE	TRUE
ACTTATCTCTCGGTAA_Case_923	440_ACTTATCTCTCGGTAA	TRUE	TRUE
ACTTCCGAGCTCCGAC_Case_923	440_ACTTCCGAGCTCCGAC	TRUE	TRUE
ACTTCGCAGAGTCTGG_Case_923	440_ACTTCGCAGAGTCTGG	TRUE	TRUE
ACTTCGCAGTTCAACC_Case_923	440_ACTTCGCAGTTCAACC	TRUE	TRUE
ACTTCGCGTTGGCCGT_Case_923	440_ACTTCGCGTTGGCCGT	TRUE	TRUE
ACTTTCAGTGCGCTCA_Case_923	440_ACTTTCAGTGCGCTCA	TRUE	TRUE
ACTTTGTAGTCCCGAC_Case_923	440_ACTTTGTAGTCCCGAC	TRUE	TRUE
ACTTTGTCAAATCGTC_Case_923	440_ACTTTGTCAAATCGTC	TRUE	TRUE
AGAAATGAGCTACAAA_Case_923	440_AGAAATGAGCTACAAA	TRUE	TRUE
AGAAATGCATCATCCC_Case_923	440_AGAAATGCATCATCCC	TRUE	TRUE
AGAAATGGTCGTGCCA_Case_923	440_AGAAATGGTCGTGCCA	TRUE	TRUE
AGAAATGGTGCGGTAA_Case_923	440_AGAAATGGTGCGGTAA	TRUE	TRUE
AGAACAACATTAGGAA_Case_923	440_AGAACAACATTAGGAA	TRUE	TRUE
AGAACAAGTCCAGCCA_Case_923	440_AGAACAAGTCCAGCCA	TRUE	TRUE
AGAACAAGTCCTCCAT_Case_923	440_AGAACAAGTCCTCCAT	TRUE	TRUE
AGAACCTAGGTCACAG_Case_923	440_AGAACCTAGGTCACAG	TRUE	TRUE
AGAACCTCATGCAGGA_Case_923	440_AGAACCTCATGCAGGA	TRUE	TRUE
AGAAGCGAGGTTCTTG_Case_923	440_AGAAGCGAGGTTCTTG	TRUE	TRUE
AGAAGTAAGAAATTGC_Case_923	440_AGAAGTAAGAAATTGC	TRUE	TRUE
AGAAGTAAGAGCATAT_Case_923	440_AGAAGTAAGAGCATAT	TRUE	TRUE
AGAAGTAAGAGCCGTA_Case_923	440_AGAAGTAAGAGCCGTA	TRUE	TRUE
AGAAGTAAGCACTCTA_Case_923	440_AGAAGTAAGCACTCTA	TRUE	TRUE
AGAAGTATCATCGTAG_Case_923	440_AGAAGTATCATCGTAG	TRUE	TRUE
AGACAAACACATGAAA_Case_923	440_AGACAAACACATGAAA	TRUE	TRUE
AGACAAACATTCAGCA_Case_923	440_AGACAAACATTCAGCA	TRUE	TRUE
AGACACTAGGCTAGCA_Case_923	440_AGACACTAGGCTAGCA	TRUE	TRUE
AGACACTCAACTCATG_Case_923	440_AGACACTCAACTCATG	TRUE	TRUE
AGACACTGTCCGGTGT_Case_923	440_AGACACTGTCCGGTGT	TRUE	TRUE
AGACACTTCCCATAGA_Case_923	440_AGACACTTCCCATAGA	TRUE	TRUE
AGACAGGGTGCCGTAC_Case_923	440_AGACAGGGTGCCGTAC	TRUE	TRUE
AGACAGGGTTGTTTGG_Case_923	440_AGACAGGGTTGTTTGG	TRUE	TRUE
AGACCATAGCACTTTG_Case_923	440_AGACCATAGCACTTTG	TRUE	TRUE
AGACCCGAGAGGTCGT_Case_923	440_AGACCCGAGAGGTCGT	TRUE	TRUE
AGACCCGAGTAGACAT_Case_923	440_AGACCCGAGTAGACAT	TRUE	TRUE
AGACCCGAGTTGGCGA_Case_923	440_AGACCCGAGTTGGCGA	TRUE	TRUE
AGACTCAGTAGAAACT_Case_923	440_AGACTCAGTAGAAACT	TRUE	TRUE
AGACTCAGTCGAACAG_Case_923	440_AGACTCAGTCGAACAG	TRUE	TRUE
AGAGAATAGACTCTTG_Case_923	440_AGAGAATAGACTCTTG	TRUE	TRUE
AGAGAATCACTTCCTG_Case_923	440_AGAGAATCACTTCCTG	TRUE	TRUE
AGAGAATGTGCAACAG_Case_923	440_AGAGAATGTGCAACAG	TRUE	TRUE
AGAGAGCAGCGTTAGG_Case_923	440_AGAGAGCAGCGTTAGG	TRUE	TRUE
AGAGAGCAGTTCATGC_Case_923	440_AGAGAGCAGTTCATGC	TRUE	TRUE
AGAGAGCCAGACACAG_Case_923	440_AGAGAGCCAGACACAG	TRUE	TRUE
AGAGCAGGTAGCTGTT_Case_923	440_AGAGCAGGTAGCTGTT	TRUE	TRUE
AGAGCAGTCAACACCA_Case_923	440_AGAGCAGTCAACACCA	TRUE	TRUE
AGAGCCCCAGTTCTAG_Case_923	440_AGAGCCCCAGTTCTAG	TRUE	TRUE
AGAGCCCCATCTTCGC_Case_923	440_AGAGCCCCATCTTCGC	TRUE	TRUE
AGAGCCCGTCGCACGT_Case_923	440_AGAGCCCGTCGCACGT	TRUE	TRUE
AGATAGACAGTGTGCC_Case_923	440_AGATAGACAGTGTGCC	TRUE	TRUE
AGATAGATCGGCACTG_Case_923	440_AGATAGATCGGCACTG	TRUE	TRUE
AGATCCAGTTTGTGGT_Case_923	440_AGATCCAGTTTGTGGT	TRUE	TRUE
AGATGAAAGCCGTTAT_Case_923	440_AGATGAAAGCCGTTAT	TRUE	TRUE
AGATGAATCGAGAAGC_Case_923	440_AGATGAATCGAGAAGC	TRUE	TRUE
AGATGCTCATAACTCG_Case_923	440_AGATGCTCATAACTCG	TRUE	TRUE
AGATGCTTCTCAATCT_Case_923	440_AGATGCTTCTCAATCT	TRUE	TRUE
AGCATCAAGACACACG_Case_923	440_AGCATCAAGACACACG	TRUE	TRUE
AGCATCAAGGGTCACA_Case_923	440_AGCATCAAGGGTCACA	TRUE	TRUE
AGCATCAGTGATTCTG_Case_923	440_AGCATCAGTGATTCTG	TRUE	TRUE
AGCATCATCACGGACC_Case_923	440_AGCATCATCACGGACC	TRUE	TRUE
AGCATCATCTAGTGAC_Case_923	440_AGCATCATCTAGTGAC	TRUE	TRUE
AGCCAATCACTGGAAG_Case_923	440_AGCCAATCACTGGAAG	TRUE	TRUE
AGCCACGGTGGTCTGC_Case_923	440_AGCCACGGTGGTCTGC	TRUE	TRUE
AGCCAGCCACAAATAG_Case_923	440_AGCCAGCCACAAATAG	TRUE	TRUE
AGCCAGCCAGTCGCAC_Case_923	440_AGCCAGCCAGTCGCAC	TRUE	TRUE
AGCGATTAGGGCAGGA_Case_923	440_AGCGATTAGGGCAGGA	TRUE	TRUE
AGCGATTCACTCCTTG_Case_923	440_AGCGATTCACTCCTTG	TRUE	TRUE
AGCGATTGTGAATTAG_Case_923	440_AGCGATTGTGAATTAG	TRUE	TRUE
AGCGATTTCTGCGTCT_Case_923	440_AGCGATTTCTGCGTCT	TRUE	TRUE
AGCGCCAAGTGTAGAT_Case_923	440_AGCGCCAAGTGTAGAT	TRUE	TRUE
AGCGCCACAACGTATC_Case_923	440_AGCGCCACAACGTATC	TRUE	TRUE
AGCGCCACAAGAAACT_Case_923	440_AGCGCCACAAGAAACT	TRUE	TRUE
AGCGTATAGCAGCCCT_Case_923	440_AGCGTATAGCAGCCCT	TRUE	TRUE
AGCGTATTCCCTCATG_Case_923	440_AGCGTATTCCCTCATG	TRUE	TRUE
AGCGTATTCCTAGCGG_Case_923	440_AGCGTATTCCTAGCGG	TRUE	TRUE
AGCGTCGAGGTTCCAT_Case_923	440_AGCGTCGAGGTTCCAT	TRUE	TRUE
AGCGTCGGTCCTGAAT_Case_923	440_AGCGTCGGTCCTGAAT	TRUE	TRUE
AGCTACACATGCCGCA_Case_923	440_AGCTACACATGCCGCA	TRUE	TRUE
AGCTCAAAGTAATTGG_Case_923	440_AGCTCAAAGTAATTGG	TRUE	TRUE
AGCTCAAGTCATAAAG_Case_923	440_AGCTCAAGTCATAAAG	TRUE	TRUE
AGCTCAAGTTACACAC_Case_923	440_AGCTCAAGTTACACAC	TRUE	TRUE
AGCTTCCAGCGTGTCC_Case_923	440_AGCTTCCAGCGTGTCC	TRUE	TRUE
AGCTTCCTCCGATCGG_Case_923	440_AGCTTCCTCCGATCGG	TRUE	TRUE
AGCTTCCTCCGGCTTT_Case_923	440_AGCTTCCTCCGGCTTT	TRUE	TRUE
AGGAATAGTTGTCAGT_Case_923	440_AGGAATAGTTGTCAGT	TRUE	TRUE
AGGAATAGTTTGACAC_Case_923	440_AGGAATAGTTTGACAC	TRUE	TRUE
AGGACGAAGGTAGGCT_Case_923	440_AGGACGAAGGTAGGCT	TRUE	TRUE
AGGACGACACGTCGGT_Case_923	440_AGGACGACACGTCGGT	TRUE	TRUE
AGGACGAGTGTTGAGG_Case_923	440_AGGACGAGTGTTGAGG	TRUE	TRUE
AGGACTTAGACATAGT_Case_923	440_AGGACTTAGACATAGT	TRUE	TRUE
AGGACTTGTCATCACA_Case_923	440_AGGACTTGTCATCACA	TRUE	TRUE
AGGACTTTCTTCGGTC_Case_923	440_AGGACTTTCTTCGGTC	TRUE	TRUE
AGGATAAAGGTGCGAT_Case_923	440_AGGATAAAGGTGCGAT	TRUE	TRUE
AGGATAAGTTTCCCAC_Case_923	440_AGGATAAGTTTCCCAC	TRUE	TRUE
AGGATCTAGCAAGCCA_Case_923	440_AGGATCTAGCAAGCCA	TRUE	TRUE
AGGATCTAGGATGGCT_Case_923	440_AGGATCTAGGATGGCT	TRUE	TRUE
AGGATCTAGTAATCCC_Case_923	440_AGGATCTAGTAATCCC	TRUE	TRUE
AGGATCTCATAGCTGT_Case_923	440_AGGATCTCATAGCTGT	TRUE	TRUE
AGGATCTGTACTGGGA_Case_923	440_AGGATCTGTACTGGGA	TRUE	TRUE
AGGCATTCAAATCGGG_Case_923	440_AGGCATTCAAATCGGG	TRUE	TRUE
AGGCATTCACAATCTG_Case_923	440_AGGCATTCACAATCTG	TRUE	TRUE
AGGCATTGTGCCAAGA_Case_923	440_AGGCATTGTGCCAAGA	TRUE	TRUE
AGGCCACAGTCACACT_Case_923	440_AGGCCACAGTCACACT	TRUE	TRUE
AGGCTGCCAAAGGCGT_Case_923	440_AGGCTGCCAAAGGCGT	TRUE	TRUE
AGGCTGCGTCCACACG_Case_923	440_AGGCTGCGTCCACACG	TRUE	TRUE
AGGCTGCTCGCAGTCG_Case_923	440_AGGCTGCTCGCAGTCG	TRUE	TRUE
AGGGAGTCAACCGTAT_Case_923	440_AGGGAGTCAACCGTAT	TRUE	TRUE
AGGGAGTCAGCCTACG_Case_923	440_AGGGAGTCAGCCTACG	TRUE	TRUE
AGGGAGTTCCGTTGAA_Case_923	440_AGGGAGTTCCGTTGAA	TRUE	TRUE
AGGGAGTTCCTCGCAT_Case_923	440_AGGGAGTTCCTCGCAT	TRUE	TRUE
AGGGCCTTCCCAACTC_Case_923	440_AGGGCCTTCCCAACTC	TRUE	TRUE
AGGGCCTTCCTATTTG_Case_923	440_AGGGCCTTCCTATTTG	TRUE	TRUE
AGGGCCTTCGCATTAG_Case_923	440_AGGGCCTTCGCATTAG	TRUE	TRUE
AGGGCTCCAGAACGCA_Case_923	440_AGGGCTCCAGAACGCA	TRUE	TRUE
AGGGCTCTCGAGCTGC_Case_923	440_AGGGCTCTCGAGCTGC	TRUE	TRUE
AGGGTCCAGCTACGTT_Case_923	440_AGGGTCCAGCTACGTT	TRUE	TRUE
AGGGTCCAGTGCTACT_Case_923	440_AGGGTCCAGTGCTACT	TRUE	TRUE
AGGGTGAAGAAGTGTT_Case_923	440_AGGGTGAAGAAGTGTT	TRUE	TRUE
AGGGTTTGTCGTTGCG_Case_923	440_AGGGTTTGTCGTTGCG	TRUE	TRUE
AGGGTTTGTGATATAG_Case_923	440_AGGGTTTGTGATATAG	TRUE	TRUE
AGGGTTTGTTGTAGCT_Case_923	440_AGGGTTTGTTGTAGCT	TRUE	TRUE
AGGGTTTTCCAAACCA_Case_923	440_AGGGTTTTCCAAACCA	TRUE	TRUE
AGGGTTTTCCTACCGT_Case_923	440_AGGGTTTTCCTACCGT	TRUE	TRUE
AGGTCATAGCTGTGCC_Case_923	440_AGGTCATAGCTGTGCC	TRUE	TRUE
AGGTCATAGGGCTAAC_Case_923	440_AGGTCATAGGGCTAAC	TRUE	TRUE
AGGTCATAGTATCTGC_Case_923	440_AGGTCATAGTATCTGC	TRUE	TRUE
AGGTCATCAAAGGTTA_Case_923	440_AGGTCATCAAAGGTTA	TRUE	TRUE
AGGTCATGTATATGGA_Case_923	440_AGGTCATGTATATGGA	TRUE	TRUE
AGGTCATTCTGGCTGG_Case_923	440_AGGTCATTCTGGCTGG	TRUE	TRUE
AGGTCTAGTTGTATGC_Case_923	440_AGGTCTAGTTGTATGC	TRUE	TRUE
AGGTGTTAGTGGCGAT_Case_923	440_AGGTGTTAGTGGCGAT	TRUE	TRUE
AGGTGTTCACAGAGCA_Case_923	440_AGGTGTTCACAGAGCA	TRUE	TRUE
AGGTGTTGTTGCACGC_Case_923	440_AGGTGTTGTTGCACGC	TRUE	TRUE
AGGTGTTTCAAATGAG_Case_923	440_AGGTGTTTCAAATGAG	TRUE	TRUE
AGGTGTTTCTGCTAGA_Case_923	440_AGGTGTTTCTGCTAGA	TRUE	TRUE
AGGTTACCAGACCAAG_Case_923	440_AGGTTACCAGACCAAG	TRUE	TRUE
AGGTTACGTTCAGGTT_Case_923	440_AGGTTACGTTCAGGTT	TRUE	TRUE
AGGTTACTCATTGTGG_Case_923	440_AGGTTACTCATTGTGG	TRUE	TRUE
AGGTTGTCACACGTGC_Case_923	440_AGGTTGTCACACGTGC	TRUE	TRUE
AGTAACCCATACAGAA_Case_923	440_AGTAACCCATACAGAA	TRUE	TRUE
AGTAACCGTTGGGTTT_Case_923	440_AGTAACCGTTGGGTTT	TRUE	TRUE
AGTACCACAACCAACT_Case_923	440_AGTACCACAACCAACT	TRUE	TRUE
AGTACCACATGACAGG_Case_923	440_AGTACCACATGACAGG	TRUE	TRUE
AGTACTGCATGTCAGT_Case_923	440_AGTACTGCATGTCAGT	TRUE	TRUE
AGTACTGGTTCAGCGC_Case_923	440_AGTACTGGTTCAGCGC	TRUE	TRUE
AGTAGCTCACTGCGAC_Case_923	440_AGTAGCTCACTGCGAC	TRUE	TRUE
AGTAGTCCAACATACC_Case_923	440_AGTAGTCCAACATACC	TRUE	TRUE
AGTAGTCCACCAGCGT_Case_923	440_AGTAGTCCACCAGCGT	TRUE	TRUE
AGTAGTCGTGCCTTTC_Case_923	440_AGTAGTCGTGCCTTTC	TRUE	TRUE
AGTAGTCTCATTTGGG_Case_923	440_AGTAGTCTCATTTGGG	TRUE	TRUE
AGTCAACCACCGTACG_Case_923	440_AGTCAACCACCGTACG	TRUE	TRUE
AGTCAACTCAAGCCAT_Case_923	440_AGTCAACTCAAGCCAT	TRUE	TRUE
AGTCAACTCCTAGCCT_Case_923	440_AGTCAACTCCTAGCCT	TRUE	TRUE
AGTCAACTCCTCTAGC_Case_923	440_AGTCAACTCCTCTAGC	TRUE	TRUE
AGTCACAAGGACAAGA_Case_923	440_AGTCACAAGGACAAGA	TRUE	TRUE
AGTCACAAGTAGACCG_Case_923	440_AGTCACAAGTAGACCG	TRUE	TRUE
AGTCACATCAAGCGTT_Case_923	440_AGTCACATCAAGCGTT	TRUE	TRUE
AGTCATGTCAGAACCT_Case_923	440_AGTCATGTCAGAACCT	TRUE	TRUE
AGTCTCCCAGATTAAG_Case_923	440_AGTCTCCCAGATTAAG	TRUE	TRUE
AGTCTCCGTTGCTCAA_Case_923	440_AGTCTCCGTTGCTCAA	TRUE	TRUE
AGTGACTAGTCACTGT_Case_923	440_AGTGACTAGTCACTGT	TRUE	TRUE
AGTGACTTCTCTGACC_Case_923	440_AGTGACTTCTCTGACC	TRUE	TRUE
AGTGCCGAGCCAAGTG_Case_923	440_AGTGCCGAGCCAAGTG	TRUE	TRUE
AGTGCCGTCTACGGGC_Case_923	440_AGTGCCGTCTACGGGC	TRUE	TRUE
AGTTCCCTCCTATTTG_Case_923	440_AGTTCCCTCCTATTTG	TRUE	TRUE
AGTTCCCTCGTTCTGC_Case_923	440_AGTTCCCTCGTTCTGC	TRUE	TRUE
AGTTCGACACAGAGAC_Case_923	440_AGTTCGACACAGAGAC	TRUE	TRUE
AGTTCGAGTATGCGGA_Case_923	440_AGTTCGAGTATGCGGA	TRUE	TRUE
ATACCGATCCGTTGGG_Case_923	440_ATACCGATCCGTTGGG	TRUE	TRUE
ATACCTTCAGCAGTAG_Case_923	440_ATACCTTCAGCAGTAG	TRUE	TRUE
ATACCTTGTCTTGAAC_Case_923	440_ATACCTTGTCTTGAAC	TRUE	TRUE
ATACTTCGTTGTAAAG_Case_923	440_ATACTTCGTTGTAAAG	TRUE	TRUE
ATACTTCTCCGCGATG_Case_923	440_ATACTTCTCCGCGATG	TRUE	TRUE
ATAGACCTCAGATTGC_Case_923	440_ATAGACCTCAGATTGC	TRUE	TRUE
ATAGAGAAGACTCTAC_Case_923	440_ATAGAGAAGACTCTAC	TRUE	TRUE
ATAGAGAAGTTAACGA_Case_923	440_ATAGAGAAGTTAACGA	TRUE	TRUE
ATAGAGATCGGATAAA_Case_923	440_ATAGAGATCGGATAAA	TRUE	TRUE
ATAGGCTAGTTAGAAC_Case_923	440_ATAGGCTAGTTAGAAC	TRUE	TRUE
ATAGGCTCAGATCACT_Case_923	440_ATAGGCTCAGATCACT	TRUE	TRUE
ATATCCTTCATGGATC_Case_923	440_ATATCCTTCATGGATC	TRUE	TRUE
ATATCCTTCCGTTGAA_Case_923	440_ATATCCTTCCGTTGAA	TRUE	TRUE
ATATCCTTCTCCTGTG_Case_923	440_ATATCCTTCTCCTGTG	TRUE	TRUE
ATCACAGAGTAACGTA_Case_923	440_ATCACAGAGTAACGTA	TRUE	TRUE
ATCACAGCACAGAGAC_Case_923	440_ATCACAGCACAGAGAC	TRUE	TRUE
ATCACGAAGTAAGAGG_Case_923	440_ATCACGAAGTAAGAGG	TRUE	TRUE
ATCACGACACACCTGG_Case_923	440_ATCACGACACACCTGG	TRUE	TRUE
ATCACTTAGATCACTC_Case_923	440_ATCACTTAGATCACTC	TRUE	TRUE
ATCACTTAGTTTGAGA_Case_923	440_ATCACTTAGTTTGAGA	TRUE	TRUE
ATCACTTCAACCCGCA_Case_923	440_ATCACTTCAACCCGCA	TRUE	TRUE
ATCACTTCATCCTTGC_Case_923	440_ATCACTTCATCCTTGC	TRUE	TRUE
ATCAGGTCAGCCGTCA_Case_923	440_ATCAGGTCAGCCGTCA	TRUE	TRUE
ATCATTCAGCACTCTA_Case_923	440_ATCATTCAGCACTCTA	TRUE	TRUE
ATCATTCAGCCGAATG_Case_923	440_ATCATTCAGCCGAATG	TRUE	TRUE
ATCATTCCAAAGTATG_Case_923	440_ATCATTCCAAAGTATG	TRUE	TRUE
ATCATTCCACTCCGGA_Case_923	440_ATCATTCCACTCCGGA	TRUE	TRUE
ATCATTCGTGGTTTAC_Case_923	440_ATCATTCGTGGTTTAC	TRUE	TRUE
ATCATTCGTGTCGCTG_Case_923	440_ATCATTCGTGTCGCTG	TRUE	TRUE
ATCCACCAGGCTCTCG_Case_923	440_ATCCACCAGGCTCTCG	TRUE	TRUE
ATCCATTTCGTGTTCC_Case_923	440_ATCCATTTCGTGTTCC	TRUE	TRUE
ATCCCTGAGCACTCGC_Case_923	440_ATCCCTGAGCACTCGC	TRUE	TRUE
ATCCCTGCACTGAATC_Case_923	440_ATCCCTGCACTGAATC	TRUE	TRUE
ATCCGTCAGGATGAGA_Case_923	440_ATCCGTCAGGATGAGA	TRUE	TRUE
ATCCGTCTCAAGAGGC_Case_923	440_ATCCGTCTCAAGAGGC	TRUE	TRUE
ATCCTATAGTATCTGC_Case_923	440_ATCCTATAGTATCTGC	TRUE	TRUE
ATCCTATAGTTGCCCG_Case_923	440_ATCCTATAGTTGCCCG	TRUE	TRUE
ATCCTATCAATTGCGT_Case_923	440_ATCCTATCAATTGCGT	TRUE	TRUE
ATCCTATGTCCAAATC_Case_923	440_ATCCTATGTCCAAATC	TRUE	TRUE
ATCCTATGTGTCCATA_Case_923	440_ATCCTATGTGTCCATA	TRUE	TRUE
ATCCTATTCGCAGTTA_Case_923	440_ATCCTATTCGCAGTTA	TRUE	TRUE
ATCGATGAGTCATGAA_Case_923	440_ATCGATGAGTCATGAA	TRUE	TRUE
ATCGATGGTCCTCATC_Case_923	440_ATCGATGGTCCTCATC	TRUE	TRUE
ATCGATGTCAGTCTTT_Case_923	440_ATCGATGTCAGTCTTT	TRUE	TRUE
ATCGCCTAGTCTAACC_Case_923	440_ATCGCCTAGTCTAACC	TRUE	TRUE
ATCGCCTCAACACTAC_Case_923	440_ATCGCCTCAACACTAC	TRUE	TRUE
ATCGCCTGTGATTAGA_Case_923	440_ATCGCCTGTGATTAGA	TRUE	TRUE
ATCGCCTTCGTTCTAT_Case_923	440_ATCGCCTTCGTTCTAT	TRUE	TRUE
ATCGGATTCTCAGTCC_Case_923	440_ATCGGATTCTCAGTCC	TRUE	TRUE
ATCGGCGAGAAGTCCG_Case_923	440_ATCGGCGAGAAGTCCG	TRUE	TRUE
ATCGGCGAGAGCAACC_Case_923	440_ATCGGCGAGAGCAACC	TRUE	TRUE
ATCGGCGAGGACAACC_Case_923	440_ATCGGCGAGGACAACC	TRUE	TRUE
ATCGGCGCATGCACTA_Case_923	440_ATCGGCGCATGCACTA	TRUE	TRUE
ATCGGCGGTCGTGGTC_Case_923	440_ATCGGCGGTCGTGGTC	TRUE	TRUE
ATCGGCGTCTCGCTTG_Case_923	440_ATCGGCGTCTCGCTTG	TRUE	TRUE
ATCGTAGCAAGTGACG_Case_923	440_ATCGTAGCAAGTGACG	TRUE	TRUE
ATCGTAGCAAGTTGGG_Case_923	440_ATCGTAGCAAGTTGGG	TRUE	TRUE
ATCGTAGTCCAGTGTA_Case_923	440_ATCGTAGTCCAGTGTA	TRUE	TRUE
ATCGTAGTCCATAGGT_Case_923	440_ATCGTAGTCCATAGGT	TRUE	TRUE
ATCGTCCCACACCTTC_Case_923	440_ATCGTCCCACACCTTC	TRUE	TRUE
ATCGTCCTCAATGCAC_Case_923	440_ATCGTCCTCAATGCAC	TRUE	TRUE
ATCGTCCTCTCGGGAC_Case_923	440_ATCGTCCTCTCGGGAC	TRUE	TRUE
ATCGTGAAGAAGCCAC_Case_923	440_ATCGTGAAGAAGCCAC	TRUE	TRUE
ATCTCTAGTAGCTGAG_Case_923	440_ATCTCTAGTAGCTGAG	TRUE	TRUE
ATCTCTATCAATCTCT_Case_923	440_ATCTCTATCAATCTCT	TRUE	TRUE
ATCTTCAAGTGAGCCA_Case_923	440_ATCTTCAAGTGAGCCA	TRUE	TRUE
ATGAAAGCATCGCTAA_Case_923	440_ATGAAAGCATCGCTAA	TRUE	TRUE
ATGACCACAACAGATA_Case_923	440_ATGACCACAACAGATA	TRUE	TRUE
ATGACCATCTCAGAAC_Case_923	440_ATGACCATCTCAGAAC	TRUE	TRUE
ATGAGGGAGCTACGTT_Case_923	440_ATGAGGGAGCTACGTT	TRUE	TRUE
ATGAGGGAGGGTCACA_Case_923	440_ATGAGGGAGGGTCACA	TRUE	TRUE
ATGAGGGCAGACGATG_Case_923	440_ATGAGGGCAGACGATG	TRUE	TRUE
ATGAGGGCATAAGCGG_Case_923	440_ATGAGGGCATAAGCGG	TRUE	TRUE
ATGAGGGCATCCTTGC_Case_923	440_ATGAGGGCATCCTTGC	TRUE	TRUE
ATGAGTCCAGGCGATA_Case_923	440_ATGAGTCCAGGCGATA	TRUE	TRUE
ATGAGTCTCCAAGGGA_Case_923	440_ATGAGTCTCCAAGGGA	TRUE	TRUE
ATGAGTCTCCATCCGT_Case_923	440_ATGAGTCTCCATCCGT	TRUE	TRUE
ATGAGTCTCCGAGCTG_Case_923	440_ATGAGTCTCCGAGCTG	TRUE	TRUE
ATGAGTCTCTTGGGCG_Case_923	440_ATGAGTCTCTTGGGCG	TRUE	TRUE
ATGATCGAGGATACGC_Case_923	440_ATGATCGAGGATACGC	TRUE	TRUE
ATGATCGAGGGTCAAC_Case_923	440_ATGATCGAGGGTCAAC	TRUE	TRUE
ATGATCGGTAAGGCCA_Case_923	440_ATGATCGGTAAGGCCA	TRUE	TRUE
ATGCATGCATTCTTCA_Case_923	440_ATGCATGCATTCTTCA	TRUE	TRUE
ATGCCTCCAAGACAAT_Case_923	440_ATGCCTCCAAGACAAT	TRUE	TRUE
ATGCCTCCACTCAAGT_Case_923	440_ATGCCTCCACTCAAGT	TRUE	TRUE
ATGCGATGTAGGTGCA_Case_923	440_ATGCGATGTAGGTGCA	TRUE	TRUE
ATGCGATTCCAACTGA_Case_923	440_ATGCGATTCCAACTGA	TRUE	TRUE
ATGGAGGAGTGACACG_Case_923	440_ATGGAGGAGTGACACG	TRUE	TRUE
ATGGAGGCAACCGTGC_Case_923	440_ATGGAGGCAACCGTGC	TRUE	TRUE
ATGGAGGCACAACATC_Case_923	440_ATGGAGGCACAACATC	TRUE	TRUE
ATGGATCGTCTACTGA_Case_923	440_ATGGATCGTCTACTGA	TRUE	TRUE
ATGGATCTCATGGAGG_Case_923	440_ATGGATCTCATGGAGG	TRUE	TRUE
ATGGATCTCTTGTTAC_Case_923	440_ATGGATCTCTTGTTAC	TRUE	TRUE
ATGGGAGAGTTGTAAG_Case_923	440_ATGGGAGAGTTGTAAG	TRUE	TRUE
ATGGGAGGTGGGATTG_Case_923	440_ATGGGAGGTGGGATTG	TRUE	TRUE
ATGGGAGGTGTATCCA_Case_923	440_ATGGGAGGTGTATCCA	TRUE	TRUE
ATGGGTTCAAGACGGT_Case_923	440_ATGGGTTCAAGACGGT	TRUE	TRUE
ATGGTTGAGGAGGGTG_Case_923	440_ATGGTTGAGGAGGGTG	TRUE	TRUE
ATGGTTGGTCGTTGGC_Case_923	440_ATGGTTGGTCGTTGGC	TRUE	TRUE
ATGGTTGGTGATTGGG_Case_923	440_ATGGTTGGTGATTGGG	TRUE	TRUE
ATGGTTGGTGCGTGCT_Case_923	440_ATGGTTGGTGCGTGCT	TRUE	TRUE
ATGGTTGGTGTGATGG_Case_923	440_ATGGTTGGTGTGATGG	TRUE	TRUE
ATGTCCCAGCGAGTCA_Case_923	440_ATGTCCCAGCGAGTCA	TRUE	TRUE
ATTACCTCACACCTGG_Case_923	440_ATTACCTCACACCTGG	TRUE	TRUE
ATTACTCCACGGGTAA_Case_923	440_ATTACTCCACGGGTAA	TRUE	TRUE
ATTACTCGTGGACTAG_Case_923	440_ATTACTCGTGGACTAG	TRUE	TRUE
ATTATCCTCTGGCTGG_Case_923	440_ATTATCCTCTGGCTGG	TRUE	TRUE
ATTCACTCAGCTGTTA_Case_923	440_ATTCACTCAGCTGTTA	TRUE	TRUE
ATTCACTCAGGATCTT_Case_923	440_ATTCACTCAGGATCTT	TRUE	TRUE
ATTCACTGTCAAGCCC_Case_923	440_ATTCACTGTCAAGCCC	TRUE	TRUE
ATTCAGGAGCACGTCC_Case_923	440_ATTCAGGAGCACGTCC	TRUE	TRUE
ATTCAGGGTCATAACC_Case_923	440_ATTCAGGGTCATAACC	TRUE	TRUE
ATTCAGGGTGTTGAGG_Case_923	440_ATTCAGGGTGTTGAGG	TRUE	TRUE
ATTCATCAGACCAAAT_Case_923	440_ATTCATCAGACCAAAT	TRUE	TRUE
ATTCCATAGAAGCGAA_Case_923	440_ATTCCATAGAAGCGAA	TRUE	TRUE
ATTCCATGTGAGCAGT_Case_923	440_ATTCCATGTGAGCAGT	TRUE	TRUE
ATTCCATGTTGATCGT_Case_923	440_ATTCCATGTTGATCGT	TRUE	TRUE
ATTCCATTCTGGACCG_Case_923	440_ATTCCATTCTGGACCG	TRUE	TRUE
ATTCCCGCATTGAGGG_Case_923	440_ATTCCCGCATTGAGGG	TRUE	TRUE
ATTCCCGGTACAAGCG_Case_923	440_ATTCCCGGTACAAGCG	TRUE	TRUE
ATTCCTAAGGAGTATT_Case_923	440_ATTCCTAAGGAGTATT	TRUE	TRUE
ATTCGTTCAATTCACG_Case_923	440_ATTCGTTCAATTCACG	TRUE	TRUE
ATTCTACCATCTATCT_Case_923	440_ATTCTACCATCTATCT	TRUE	TRUE
ATTCTACTCTGTCCCA_Case_923	440_ATTCTACTCTGTCCCA	TRUE	TRUE
ATTCTTGAGCTGTCCG_Case_923	440_ATTCTTGAGCTGTCCG	TRUE	TRUE
ATTCTTGCAGAACTCT_Case_923	440_ATTCTTGCAGAACTCT	TRUE	TRUE
ATTCTTGCATGAATCC_Case_923	440_ATTCTTGCATGAATCC	TRUE	TRUE
ATTGGGTAGGGTAGCT_Case_923	440_ATTGGGTAGGGTAGCT	TRUE	TRUE
ATTGGGTTCTCGAACA_Case_923	440_ATTGGGTTCTCGAACA	TRUE	TRUE
ATTGTTCCATAACCCA_Case_923	440_ATTGTTCCATAACCCA	TRUE	TRUE
ATTGTTCGTTAGGCCC_Case_923	440_ATTGTTCGTTAGGCCC	TRUE	TRUE
ATTGTTCTCGTGGGTC_Case_923	440_ATTGTTCTCGTGGGTC	TRUE	TRUE
ATTTACCAGGTTCTAC_Case_923	440_ATTTACCAGGTTCTAC	TRUE	TRUE
ATTTACCCAATGCTCA_Case_923	440_ATTTACCCAATGCTCA	TRUE	TRUE
ATTTCACAGTACAGCG_Case_923	440_ATTTCACAGTACAGCG	TRUE	TRUE
ATTTCACGTTTGGGAG_Case_923	440_ATTTCACGTTTGGGAG	TRUE	TRUE
ATTTCACTCATCACAG_Case_923	440_ATTTCACTCATCACAG	TRUE	TRUE
ATTTCACTCCGAGGCT_Case_923	440_ATTTCACTCCGAGGCT	TRUE	TRUE
ATTTCACTCTTAGCTT_Case_923	440_ATTTCACTCTTAGCTT	TRUE	TRUE
ATTTCTGCAACTTCTT_Case_923	440_ATTTCTGCAACTTCTT	TRUE	TRUE
ATTTCTGCAGGGAATC_Case_923	440_ATTTCTGCAGGGAATC	TRUE	TRUE
ATTTCTGGTTCTCCCA_Case_923	440_ATTTCTGGTTCTCCCA	TRUE	TRUE
ATTTCTGGTTGGGTAG_Case_923	440_ATTTCTGGTTGGGTAG	TRUE	TRUE
ATTTCTGTCACGAACT_Case_923	440_ATTTCTGTCACGAACT	TRUE	TRUE
CAACAACGTCAGTCGC_Case_923	440_CAACAACGTCAGTCGC	TRUE	TRUE
CAACAGTAGATGCGAC_Case_923	440_CAACAGTAGATGCGAC	TRUE	TRUE
CAACAGTCAAATGCTC_Case_923	440_CAACAGTCAAATGCTC	TRUE	TRUE
CAACAGTCATCACGGC_Case_923	440_CAACAGTCATCACGGC	TRUE	TRUE
CAACAGTGTACGATCT_Case_923	440_CAACAGTGTACGATCT	TRUE	TRUE
CAACAGTGTCATCACA_Case_923	440_CAACAGTGTCATCACA	TRUE	TRUE
CAACAGTGTTGGGACA_Case_923	440_CAACAGTGTTGGGACA	TRUE	TRUE
CAACCAAAGAGACAAG_Case_923	440_CAACCAAAGAGACAAG	TRUE	TRUE
CAACCAAAGGCTTTCA_Case_923	440_CAACCAAAGGCTTTCA	TRUE	TRUE
CAACCAACACTTACAG_Case_923	440_CAACCAACACTTACAG	TRUE	TRUE
CAACCAACAGACCAAG_Case_923	440_CAACCAACAGACCAAG	TRUE	TRUE
CAACCAACATCATTGG_Case_923	440_CAACCAACATCATTGG	TRUE	TRUE
CAACCAAGTATCGCGC_Case_923	440_CAACCAAGTATCGCGC	TRUE	TRUE
CAACCTCAGACTTCGT_Case_923	440_CAACCTCAGACTTCGT	TRUE	TRUE
CAACCTCCATGAAAGT_Case_923	440_CAACCTCCATGAAAGT	TRUE	TRUE
CAACGATCACCCTCTA_Case_923	440_CAACGATCACCCTCTA	TRUE	TRUE
CAACGATCAGCGTGAA_Case_923	440_CAACGATCAGCGTGAA	TRUE	TRUE
CAACGATCATAACAGA_Case_923	440_CAACGATCATAACAGA	TRUE	TRUE
CAACGATGTGCCTGAC_Case_923	440_CAACGATGTGCCTGAC	TRUE	TRUE
CAACGGCAGCAGGGAG_Case_923	440_CAACGGCAGCAGGGAG	TRUE	TRUE
CAACGGCTCCACACAA_Case_923	440_CAACGGCTCCACACAA	TRUE	TRUE
CAACGGCTCTGGGCAC_Case_923	440_CAACGGCTCTGGGCAC	TRUE	TRUE
CAAGACTGTGTTATCG_Case_923	440_CAAGACTGTGTTATCG	TRUE	TRUE
CAAGAGGAGAGAGCCT_Case_923	440_CAAGAGGAGAGAGCCT	TRUE	TRUE
CAAGAGGGTCACCCTT_Case_923	440_CAAGAGGGTCACCCTT	TRUE	TRUE
CAAGCTATCCTGTAGA_Case_923	440_CAAGCTATCCTGTAGA	TRUE	TRUE
CAAGGGACAATTGCAC_Case_923	440_CAAGGGACAATTGCAC	TRUE	TRUE
CAAGGGAGTGAGCTCC_Case_923	440_CAAGGGAGTGAGCTCC	TRUE	TRUE
CAATACGCATAGGAGC_Case_923	440_CAATACGCATAGGAGC	TRUE	TRUE
CAATACGTCAAAGGTA_Case_923	440_CAATACGTCAAAGGTA	TRUE	TRUE
CAATACGTCTCTGAGA_Case_923	440_CAATACGTCTCTGAGA	TRUE	TRUE
CAATCGACACTGGCGT_Case_923	440_CAATCGACACTGGCGT	TRUE	TRUE
CAATCGACAGAACATA_Case_923	440_CAATCGACAGAACATA	TRUE	TRUE
CAATCGACATCCGTGG_Case_923	440_CAATCGACATCCGTGG	TRUE	TRUE
CAATCGAGTACTCGTA_Case_923	440_CAATCGAGTACTCGTA	TRUE	TRUE
CAATCGAGTAGCGTCC_Case_923	440_CAATCGAGTAGCGTCC	TRUE	TRUE
CAATGACAGCAATAGT_Case_923	440_CAATGACAGCAATAGT	TRUE	TRUE
CAATTTCCATTGAGCT_Case_923	440_CAATTTCCATTGAGCT	TRUE	TRUE
CACAACAGTCCAGCGT_Case_923	440_CACAACAGTCCAGCGT	TRUE	TRUE
CACAACAGTCGTTGGC_Case_923	440_CACAACAGTCGTTGGC	TRUE	TRUE
CACAACAGTTCGGGTC_Case_923	440_CACAACAGTTCGGGTC	TRUE	TRUE
CACAACATCATTTGCT_Case_923	440_CACAACATCATTTGCT	TRUE	TRUE
CACACAAGTTTGGAGG_Case_923	440_CACACAAGTTTGGAGG	TRUE	TRUE
CACACAATCAAGTAAG_Case_923	440_CACACAATCAAGTAAG	TRUE	TRUE
CACACAATCAGTAGGG_Case_923	440_CACACAATCAGTAGGG	TRUE	TRUE
CACACAATCTCCATAT_Case_923	440_CACACAATCTCCATAT	TRUE	TRUE
CACAGATAGCCTGACC_Case_923	440_CACAGATAGCCTGACC	TRUE	TRUE
CACAGATAGTATAACG_Case_923	440_CACAGATAGTATAACG	TRUE	TRUE
CACAGATCATCTTAGG_Case_923	440_CACAGATCATCTTAGG	TRUE	TRUE
CACAGATTCTCTGCTG_Case_923	440_CACAGATTCTCTGCTG	TRUE	TRUE
CACAGGCAGACTACGG_Case_923	440_CACAGGCAGACTACGG	TRUE	TRUE
CACAGGCGTAAGATCA_Case_923	440_CACAGGCGTAAGATCA	TRUE	TRUE
CACAGGCGTAGTGGCA_Case_923	440_CACAGGCGTAGTGGCA	TRUE	TRUE
CACAGGCGTTTCAGAC_Case_923	440_CACAGGCGTTTCAGAC	TRUE	TRUE
CACAGGCGTTTCTTAC_Case_923	440_CACAGGCGTTTCTTAC	TRUE	TRUE
CACAGGCTCGAGTGGA_Case_923	440_CACAGGCTCGAGTGGA	TRUE	TRUE
CACATGAAGACCAACG_Case_923	440_CACATGAAGACCAACG	TRUE	TRUE
CACATGAAGGGATCAC_Case_923	440_CACATGAAGGGATCAC	TRUE	TRUE
CACATGACAACTCCCT_Case_923	440_CACATGACAACTCCCT	TRUE	TRUE
CACATGACATGGAGAC_Case_923	440_CACATGACATGGAGAC	TRUE	TRUE
CACATGATCCGCGAGT_Case_923	440_CACATGATCCGCGAGT	TRUE	TRUE
CACCAAAAGCAAACAT_Case_923	440_CACCAAAAGCAAACAT	TRUE	TRUE
CACCAAACAAATGGTA_Case_923	440_CACCAAACAAATGGTA	TRUE	TRUE
CACCAAACACAGTCGC_Case_923	440_CACCAAACACAGTCGC	TRUE	TRUE
CACCAAAGTCCTGTCT_Case_923	440_CACCAAAGTCCTGTCT	TRUE	TRUE
CACCGTTCAACTACGT_Case_923	440_CACCGTTCAACTACGT	TRUE	TRUE
CACCGTTCACAGTCCG_Case_923	440_CACCGTTCACAGTCCG	TRUE	TRUE
CACCGTTCAGAAGTGC_Case_923	440_CACCGTTCAGAAGTGC	TRUE	TRUE
CACCGTTGTCAGTCCG_Case_923	440_CACCGTTGTCAGTCCG	TRUE	TRUE
CACCGTTGTCGGCCTA_Case_923	440_CACCGTTGTCGGCCTA	TRUE	TRUE
CACCGTTTCAAGTGTC_Case_923	440_CACCGTTTCAAGTGTC	TRUE	TRUE
CACGAATAGTGGTTAA_Case_923	440_CACGAATAGTGGTTAA	TRUE	TRUE
CACGAATGTAGTCACT_Case_923	440_CACGAATGTAGTCACT	TRUE	TRUE
CACGGGTGTCCGAAGA_Case_923	440_CACGGGTGTCCGAAGA	TRUE	TRUE
CACGTGGAGTCTTCGA_Case_923	440_CACGTGGAGTCTTCGA	TRUE	TRUE
CACGTGGCAGCCGTCA_Case_923	440_CACGTGGCAGCCGTCA	TRUE	TRUE
CACGTGGCAGGTCCGT_Case_923	440_CACGTGGCAGGTCCGT	TRUE	TRUE
CACGTGGCATGGATCT_Case_923	440_CACGTGGCATGGATCT	TRUE	TRUE
CACGTGGGTCACTGAT_Case_923	440_CACGTGGGTCACTGAT	TRUE	TRUE
CACGTTCGTAGGGAGG_Case_923	440_CACGTTCGTAGGGAGG	TRUE	TRUE
CACTAAGAGTCAGAGC_Case_923	440_CACTAAGAGTCAGAGC	TRUE	TRUE
CACTAAGCATTACGGT_Case_923	440_CACTAAGCATTACGGT	TRUE	TRUE
CACTAAGTCTCACTCG_Case_923	440_CACTAAGTCTCACTCG	TRUE	TRUE
CACTGAAAGTTCCATG_Case_923	440_CACTGAAAGTTCCATG	TRUE	TRUE
CACTGAAGTCGTGGAA_Case_923	440_CACTGAAGTCGTGGAA	TRUE	TRUE
CACTGGGGTCCCTAAA_Case_923	440_CACTGGGGTCCCTAAA	TRUE	TRUE
CACTGTCGTCTTGTCC_Case_923	440_CACTGTCGTCTTGTCC	TRUE	TRUE
CACTTCGAGGATTCCT_Case_923	440_CACTTCGAGGATTCCT	TRUE	TRUE
CACTTCGCAGTCTACA_Case_923	440_CACTTCGCAGTCTACA	TRUE	TRUE
CACTTCGGTTATCTTC_Case_923	440_CACTTCGGTTATCTTC	TRUE	TRUE
CAGAGCCAGGAATTAC_Case_923	440_CAGAGCCAGGAATTAC	TRUE	TRUE
CAGAGCCCAAGAGTAT_Case_923	440_CAGAGCCCAAGAGTAT	TRUE	TRUE
CAGAGCCGTCATATGC_Case_923	440_CAGAGCCGTCATATGC	TRUE	TRUE
CAGAGCCTCCTAGCTC_Case_923	440_CAGAGCCTCCTAGCTC	TRUE	TRUE
CAGATACAGGCTTAGG_Case_923	440_CAGATACAGGCTTAGG	TRUE	TRUE
CAGATACCACAGCTGC_Case_923	440_CAGATACCACAGCTGC	TRUE	TRUE
CAGATACTCGGTCGGT_Case_923	440_CAGATACTCGGTCGGT	TRUE	TRUE
CAGATCACACGCGGTT_Case_923	440_CAGATCACACGCGGTT	TRUE	TRUE
CAGATCAGTAGTCGTT_Case_923	440_CAGATCAGTAGTCGTT	TRUE	TRUE
CAGATCAGTCGCTTGG_Case_923	440_CAGATCAGTCGCTTGG	TRUE	TRUE
CAGATTGCAAGATTGA_Case_923	440_CAGATTGCAAGATTGA	TRUE	TRUE
CAGATTGCACAGTATC_Case_923	440_CAGATTGCACAGTATC	TRUE	TRUE
CAGATTGGTAAGTTAG_Case_923	440_CAGATTGGTAAGTTAG	TRUE	TRUE
CAGATTGGTTCGGTTA_Case_923	440_CAGATTGGTTCGGTTA	TRUE	TRUE
CAGATTGTCGGTAAGG_Case_923	440_CAGATTGTCGGTAAGG	TRUE	TRUE
CAGCAATAGTCAGCCC_Case_923	440_CAGCAATAGTCAGCCC	TRUE	TRUE
CAGCAATCAAGTTCGT_Case_923	440_CAGCAATCAAGTTCGT	TRUE	TRUE
CAGCAATTCAGGTGTT_Case_923	440_CAGCAATTCAGGTGTT	TRUE	TRUE
CAGCACGAGGCGAACT_Case_923	440_CAGCACGAGGCGAACT	TRUE	TRUE
CAGCACGCAGAGGGTT_Case_923	440_CAGCACGCAGAGGGTT	TRUE	TRUE
CAGCAGCAGCAAGGAA_Case_923	440_CAGCAGCAGCAAGGAA	TRUE	TRUE
CAGCAGCCAGATCCAT_Case_923	440_CAGCAGCCAGATCCAT	TRUE	TRUE
CAGCAGCTCTGAATCG_Case_923	440_CAGCAGCTCTGAATCG	TRUE	TRUE
CAGCCAGGTGACACGA_Case_923	440_CAGCCAGGTGACACGA	TRUE	TRUE
CAGCCAGTCGGTCATA_Case_923	440_CAGCCAGTCGGTCATA	TRUE	TRUE
CAGCGTGAGCCAAGTG_Case_923	440_CAGCGTGAGCCAAGTG	TRUE	TRUE
CAGCGTGAGCGTCGAA_Case_923	440_CAGCGTGAGCGTCGAA	TRUE	TRUE
CAGCGTGCAGATAAAC_Case_923	440_CAGCGTGCAGATAAAC	TRUE	TRUE
CAGCGTGTCGTTCGCT_Case_923	440_CAGCGTGTCGTTCGCT	TRUE	TRUE
CAGGCCACATAATGCC_Case_923	440_CAGGCCACATAATGCC	TRUE	TRUE
CAGGGCTAGCTGACTT_Case_923	440_CAGGGCTAGCTGACTT	TRUE	TRUE
CAGGGCTCACCAACAT_Case_923	440_CAGGGCTCACCAACAT	TRUE	TRUE
CAGGGCTGTCCACAGC_Case_923	440_CAGGGCTGTCCACAGC	TRUE	TRUE
CAGGGCTTCAAAGCCT_Case_923	440_CAGGGCTTCAAAGCCT	TRUE	TRUE
CAGGTATAGACCATAA_Case_923	440_CAGGTATAGACCATAA	TRUE	TRUE
CAGGTATGTTGGGATG_Case_923	440_CAGGTATGTTGGGATG	TRUE	TRUE
CAGTGCGCAAGATTGA_Case_923	440_CAGTGCGCAAGATTGA	TRUE	TRUE
CAGTGCGCACAGTCGC_Case_923	440_CAGTGCGCACAGTCGC	TRUE	TRUE
CAGTTAGCAAGCGATG_Case_923	440_CAGTTAGCAAGCGATG	TRUE	TRUE
CAGTTAGCAATACGAA_Case_923	440_CAGTTAGCAATACGAA	TRUE	TRUE
CAGTTAGGTCGCTCGA_Case_923	440_CAGTTAGGTCGCTCGA	TRUE	TRUE
CAGTTCCTCACAACCA_Case_923	440_CAGTTCCTCACAACCA	TRUE	TRUE
CAGTTCCTCTCGGTAA_Case_923	440_CAGTTCCTCTCGGTAA	TRUE	TRUE
CATAAGCCAGGGCTTC_Case_923	440_CATAAGCCAGGGCTTC	TRUE	TRUE
CATAAGCGTAGAGACC_Case_923	440_CATAAGCGTAGAGACC	TRUE	TRUE
CATACAGAGACGCCAA_Case_923	440_CATACAGAGACGCCAA	TRUE	TRUE
CATACAGCAGCAAGAC_Case_923	440_CATACAGCAGCAAGAC	TRUE	TRUE
CATACAGGTTGGGAAC_Case_923	440_CATACAGGTTGGGAAC	TRUE	TRUE
CATACCCGTTCATCTT_Case_923	440_CATACCCGTTCATCTT	TRUE	TRUE
CATACCCTCACCTTGC_Case_923	440_CATACCCTCACCTTGC	TRUE	TRUE
CATACTTAGCACACCC_Case_923	440_CATACTTAGCACACCC	TRUE	TRUE
CATACTTCACTGCGTG_Case_923	440_CATACTTCACTGCGTG	TRUE	TRUE
CATACTTGTGGAGGTT_Case_923	440_CATACTTGTGGAGGTT	TRUE	TRUE
CATAGACGTATGCTAC_Case_923	440_CATAGACGTATGCTAC	TRUE	TRUE
CATAGACTCCCTCGAT_Case_923	440_CATAGACTCCCTCGAT	TRUE	TRUE
CATCAAGCACACGGAA_Case_923	440_CATCAAGCACACGGAA	TRUE	TRUE
CATCAAGCACGACGCT_Case_923	440_CATCAAGCACGACGCT	TRUE	TRUE
CATCCACCAAAGACGC_Case_923	440_CATCCACCAAAGACGC	TRUE	TRUE
CATCCACCATTGCCGG_Case_923	440_CATCCACCATTGCCGG	TRUE	TRUE
CATCCACTCAAGCCGC_Case_923	440_CATCCACTCAAGCCGC	TRUE	TRUE
CATCCACTCACCTACC_Case_923	440_CATCCACTCACCTACC	TRUE	TRUE
CATCCACTCACTACGA_Case_923	440_CATCCACTCACTACGA	TRUE	TRUE
CATCCGTCACCGCTGA_Case_923	440_CATCCGTCACCGCTGA	TRUE	TRUE
CATCCGTCATTGCCGG_Case_923	440_CATCCGTCATTGCCGG	TRUE	TRUE
CATCCGTGTTCGAACT_Case_923	440_CATCCGTGTTCGAACT	TRUE	TRUE
CATCCGTTCATTCATC_Case_923	440_CATCCGTTCATTCATC	TRUE	TRUE
CATCGCTCACGAAAGC_Case_923	440_CATCGCTCACGAAAGC	TRUE	TRUE
CATCGGGCATCGAAGG_Case_923	440_CATCGGGCATCGAAGG	TRUE	TRUE
CATCGGGCATGATCTG_Case_923	440_CATCGGGCATGATCTG	TRUE	TRUE
CATCGGGGTTCGGGTC_Case_923	440_CATCGGGGTTCGGGTC	TRUE	TRUE
CATCGGGTCCGGCTTT_Case_923	440_CATCGGGTCCGGCTTT	TRUE	TRUE
CATCGTCAGTTGCATC_Case_923	440_CATCGTCAGTTGCATC	TRUE	TRUE
CATCGTCCAAGAGAGA_Case_923	440_CATCGTCCAAGAGAGA	TRUE	TRUE
CATCGTCCAAGCGAGT_Case_923	440_CATCGTCCAAGCGAGT	TRUE	TRUE
CATGAGTAGAGCAACC_Case_923	440_CATGAGTAGAGCAACC	TRUE	TRUE
CATGAGTCAGTTGCGC_Case_923	440_CATGAGTCAGTTGCGC	TRUE	TRUE
CATGAGTCATGGGTCC_Case_923	440_CATGAGTCATGGGTCC	TRUE	TRUE
CATGAGTTCAACTCTT_Case_923	440_CATGAGTTCAACTCTT	TRUE	TRUE
CATGAGTTCTCGAGTA_Case_923	440_CATGAGTTCTCGAGTA	TRUE	TRUE
CATGCAACACATAGCT_Case_923	440_CATGCAACACATAGCT	TRUE	TRUE
CATGCGGAGCCTCAGC_Case_923	440_CATGCGGAGCCTCAGC	TRUE	TRUE
CATGCGGCACTGTGAT_Case_923	440_CATGCGGCACTGTGAT	TRUE	TRUE
CATGCGGCATACCAGT_Case_923	440_CATGCGGCATACCAGT	TRUE	TRUE
CATGCGGCATACTGAC_Case_923	440_CATGCGGCATACTGAC	TRUE	TRUE
CATGCGGCATGGCCAC_Case_923	440_CATGCGGCATGGCCAC	TRUE	TRUE
CATGCTCAGCGTGCTC_Case_923	440_CATGCTCAGCGTGCTC	TRUE	TRUE
CATGCTCCACATCCCT_Case_923	440_CATGCTCCACATCCCT	TRUE	TRUE
CATGCTCTCAATCTCT_Case_923	440_CATGCTCTCAATCTCT	TRUE	TRUE
CATGCTCTCCACAGCG_Case_923	440_CATGCTCTCCACAGCG	TRUE	TRUE
CATGCTCTCGCTAGCG_Case_923	440_CATGCTCTCGCTAGCG	TRUE	TRUE
CATGCTCTCTGGGCCA_Case_923	440_CATGCTCTCTGGGCCA	TRUE	TRUE
CATGGATAGCTCCACG_Case_923	440_CATGGATAGCTCCACG	TRUE	TRUE
CATGGATAGGTGCGAT_Case_923	440_CATGGATAGGTGCGAT	TRUE	TRUE
CATGGATCAGTATGAA_Case_923	440_CATGGATCAGTATGAA	TRUE	TRUE
CATGGATTCAGTAGGG_Case_923	440_CATGGATTCAGTAGGG	TRUE	TRUE
CATGGATTCGATGCTA_Case_923	440_CATGGATTCGATGCTA	TRUE	TRUE
CATGGTACACGTCGTG_Case_923	440_CATGGTACACGTCGTG	TRUE	TRUE
CATGGTACAGTGTGGA_Case_923	440_CATGGTACAGTGTGGA	TRUE	TRUE
CATGGTACATGGCACC_Case_923	440_CATGGTACATGGCACC	TRUE	TRUE
CATGGTATCCTAGCGG_Case_923	440_CATGGTATCCTAGCGG	TRUE	TRUE
CATGGTATCGGACTGC_Case_923	440_CATGGTATCGGACTGC	TRUE	TRUE
CATTCATCAATGAAAC_Case_923	440_CATTCATCAATGAAAC	TRUE	TRUE
CATTCATTCCAACTAG_Case_923	440_CATTCATTCCAACTAG	TRUE	TRUE
CATTCCGCAACCACAT_Case_923	440_CATTCCGCAACCACAT	TRUE	TRUE
CATTCCGCATCGAGCC_Case_923	440_CATTCCGCATCGAGCC	TRUE	TRUE
CATTCCGCATGAATAG_Case_923	440_CATTCCGCATGAATAG	TRUE	TRUE
CATTCCGGTTATGACC_Case_923	440_CATTCCGGTTATGACC	TRUE	TRUE
CATTCTAGTCCGAAAG_Case_923	440_CATTCTAGTCCGAAAG	TRUE	TRUE
CATTGAGGTAACCCGC_Case_923	440_CATTGAGGTAACCCGC	TRUE	TRUE
CATTGCCCACAATCTG_Case_923	440_CATTGCCCACAATCTG	TRUE	TRUE
CATTGCCGTATGGGAC_Case_923	440_CATTGCCGTATGGGAC	TRUE	TRUE
CATTGTTCACCGTCGA_Case_923	440_CATTGTTCACCGTCGA	TRUE	TRUE
CATTGTTCAGCATTGT_Case_923	440_CATTGTTCAGCATTGT	TRUE	TRUE
CATTGTTGTTCTCCAC_Case_923	440_CATTGTTGTTCTCCAC	TRUE	TRUE
CATTTCAAGCTATCCA_Case_923	440_CATTTCAAGCTATCCA	TRUE	TRUE
CATTTCAAGGGCATGT_Case_923	440_CATTTCAAGGGCATGT	TRUE	TRUE
CATTTCACACTCCGGA_Case_923	440_CATTTCACACTCCGGA	TRUE	TRUE
CATTTCATCGCCAACG_Case_923	440_CATTTCATCGCCAACG	TRUE	TRUE
CCAAGCGGTGTAACGG_Case_923	440_CCAAGCGGTGTAACGG	TRUE	TRUE
CCAATGAAGCGACTTT_Case_923	440_CCAATGAAGCGACTTT	TRUE	TRUE
CCAATGAAGCTTGTTG_Case_923	440_CCAATGAAGCTTGTTG	TRUE	TRUE
CCAATGACACACTTAG_Case_923	440_CCAATGACACACTTAG	TRUE	TRUE
CCAATGACACCAGCCA_Case_923	440_CCAATGACACCAGCCA	TRUE	TRUE
CCAATGACACTTCCTG_Case_923	440_CCAATGACACTTCCTG	TRUE	TRUE
CCAATGATCATGAGTC_Case_923	440_CCAATGATCATGAGTC	TRUE	TRUE
CCACAAAAGGTGCTTT_Case_923	440_CCACAAAAGGTGCTTT	TRUE	TRUE
CCACAAACAGCTACTA_Case_923	440_CCACAAACAGCTACTA	TRUE	TRUE
CCACAAACATTCATCT_Case_923	440_CCACAAACATTCATCT	TRUE	TRUE
CCACAAAGTTGTGCAT_Case_923	440_CCACAAAGTTGTGCAT	TRUE	TRUE
CCACACTAGCTGACAG_Case_923	440_CCACACTAGCTGACAG	TRUE	TRUE
CCACACTCAGCATCTA_Case_923	440_CCACACTCAGCATCTA	TRUE	TRUE
CCACACTCATGTAACC_Case_923	440_CCACACTCATGTAACC	TRUE	TRUE
CCACACTTCATTCGGA_Case_923	440_CCACACTTCATTCGGA	TRUE	TRUE
CCACCATCAACGGGTA_Case_923	440_CCACCATCAACGGGTA	TRUE	TRUE
CCACCATCATGTCGTA_Case_923	440_CCACCATCATGTCGTA	TRUE	TRUE
CCACGAGAGAGAACCC_Case_923	440_CCACGAGAGAGAACCC	TRUE	TRUE
CCACGAGAGTCTGGAG_Case_923	440_CCACGAGAGTCTGGAG	TRUE	TRUE
CCACGAGCAGACCAGA_Case_923	440_CCACGAGCAGACCAGA	TRUE	TRUE
CCACGAGGTCGGATTT_Case_923	440_CCACGAGGTCGGATTT	TRUE	TRUE
CCACGTTAGAAGAGCA_Case_923	440_CCACGTTAGAAGAGCA	TRUE	TRUE
CCACGTTAGCGTATGG_Case_923	440_CCACGTTAGCGTATGG	TRUE	TRUE
CCACGTTCATGACAAA_Case_923	440_CCACGTTCATGACAAA	TRUE	TRUE
CCACGTTGTTGTTTGG_Case_923	440_CCACGTTGTTGTTTGG	TRUE	TRUE
CCACTTGGTCTGTAAC_Case_923	440_CCACTTGGTCTGTAAC	TRUE	TRUE
CCACTTGTCAGTGTGT_Case_923	440_CCACTTGTCAGTGTGT	TRUE	TRUE
CCACTTGTCCCGTAAA_Case_923	440_CCACTTGTCCCGTAAA	TRUE	TRUE
CCATAAGCATCTCATT_Case_923	440_CCATAAGCATCTCATT	TRUE	TRUE
CCATAAGGTGCAGATG_Case_923	440_CCATAAGGTGCAGATG	TRUE	TRUE
CCATCACCACTCTGCT_Case_923	440_CCATCACCACTCTGCT	TRUE	TRUE
CCATCACGTGATACCT_Case_923	440_CCATCACGTGATACCT	TRUE	TRUE
CCATCACGTTTACGAC_Case_923	440_CCATCACGTTTACGAC	TRUE	TRUE
CCATCACTCCGCAAAT_Case_923	440_CCATCACTCCGCAAAT	TRUE	TRUE
CCCAACTGTACCGGCT_Case_923	440_CCCAACTGTACCGGCT	TRUE	TRUE
CCCAACTGTCCCACGA_Case_923	440_CCCAACTGTCCCACGA	TRUE	TRUE
CCCAACTGTCTGTCAA_Case_923	440_CCCAACTGTCTGTCAA	TRUE	TRUE
CCCATTGAGGACAGTC_Case_923	440_CCCATTGAGGACAGTC	TRUE	TRUE
CCCATTGCAAGACCTT_Case_923	440_CCCATTGCAAGACCTT	TRUE	TRUE
CCCGAAGAGACATCAA_Case_923	440_CCCGAAGAGACATCAA	TRUE	TRUE
CCCGAAGCAAATAAGC_Case_923	440_CCCGAAGCAAATAAGC	TRUE	TRUE
CCCGAAGTCTAGCATG_Case_923	440_CCCGAAGTCTAGCATG	TRUE	TRUE
CCCGGAACAAGAGGCT_Case_923	440_CCCGGAACAAGAGGCT	TRUE	TRUE
CCCGGAACATGCCGGT_Case_923	440_CCCGGAACATGCCGGT	TRUE	TRUE
CCCTAACAGTCCTGTA_Case_923	440_CCCTAACAGTCCTGTA	TRUE	TRUE
CCCTAACCACGTAGTT_Case_923	440_CCCTAACCACGTAGTT	TRUE	TRUE
CCCTAACCATTCCTCG_Case_923	440_CCCTAACCATTCCTCG	TRUE	TRUE
CCCTAACGTACTGAGG_Case_923	440_CCCTAACGTACTGAGG	TRUE	TRUE
CCCTAACTCACCGACG_Case_923	440_CCCTAACTCACCGACG	TRUE	TRUE
CCCTCAAGTCTGATAC_Case_923	440_CCCTCAAGTCTGATAC	TRUE	TRUE
CCCTCAATCAAAGACA_Case_923	440_CCCTCAATCAAAGACA	TRUE	TRUE
CCCTCTCCACAGAGCA_Case_923	440_CCCTCTCCACAGAGCA	TRUE	TRUE
CCCTCTCTCCGCTGTT_Case_923	440_CCCTCTCTCCGCTGTT	TRUE	TRUE
CCCTCTCTCGCTAATG_Case_923	440_CCCTCTCTCGCTAATG	TRUE	TRUE
CCCTGATAGGCTGGAT_Case_923	440_CCCTGATAGGCTGGAT	TRUE	TRUE
CCCTTAGGTTCTGAGT_Case_923	440_CCCTTAGGTTCTGAGT	TRUE	TRUE
CCCTTAGTCTGTGCTC_Case_923	440_CCCTTAGTCTGTGCTC	TRUE	TRUE
CCGAACGTCGCAGAGA_Case_923	440_CCGAACGTCGCAGAGA	TRUE	TRUE
CCGAACGTCTTTCCGG_Case_923	440_CCGAACGTCTTTCCGG	TRUE	TRUE
CCGATGGCAACCCGCA_Case_923	440_CCGATGGCAACCCGCA	TRUE	TRUE
CCGATGGCATCTTCGC_Case_923	440_CCGATGGCATCTTCGC	TRUE	TRUE
CCGCAAGCAGGCTATT_Case_923	440_CCGCAAGCAGGCTATT	TRUE	TRUE
CCGCAAGCAGGTTCGC_Case_923	440_CCGCAAGCAGGTTCGC	TRUE	TRUE
CCGCAAGGTGATACCT_Case_923	440_CCGCAAGGTGATACCT	TRUE	TRUE
CCGCAAGTCGGTAGGA_Case_923	440_CCGCAAGTCGGTAGGA	TRUE	TRUE
CCGGACAAGGACTTCT_Case_923	440_CCGGACAAGGACTTCT	TRUE	TRUE
CCGGACAAGTAGGATT_Case_923	440_CCGGACAAGTAGGATT	TRUE	TRUE
CCGGACACAGCATGCC_Case_923	440_CCGGACACAGCATGCC	TRUE	TRUE
CCGGACAGTTCTCCTG_Case_923	440_CCGGACAGTTCTCCTG	TRUE	TRUE
CCGGACATCATGGTAC_Case_923	440_CCGGACATCATGGTAC	TRUE	TRUE
CCGGGTAAGTTCCGTA_Case_923	440_CCGGGTAAGTTCCGTA	TRUE	TRUE
CCGGGTAGTCAGCTTA_Case_923	440_CCGGGTAGTCAGCTTA	TRUE	TRUE
CCGGTGAAGAATTGCA_Case_923	440_CCGGTGAAGAATTGCA	TRUE	TRUE
CCGGTGAAGTATCCTG_Case_923	440_CCGGTGAAGTATCCTG	TRUE	TRUE
CCGGTGACATGTAACC_Case_923	440_CCGGTGACATGTAACC	TRUE	TRUE
CCGGTGAGTTAGTTCG_Case_923	440_CCGGTGAGTTAGTTCG	TRUE	TRUE
CCGTAGGCAACCAGAG_Case_923	440_CCGTAGGCAACCAGAG	TRUE	TRUE
CCGTGAGAGCTCCATA_Case_923	440_CCGTGAGAGCTCCATA	TRUE	TRUE
CCGTGAGCAACTCCCT_Case_923	440_CCGTGAGCAACTCCCT	TRUE	TRUE
CCGTGAGCAGAGCTAG_Case_923	440_CCGTGAGCAGAGCTAG	TRUE	TRUE
CCGTTCAGTTAAGAAC_Case_923	440_CCGTTCAGTTAAGAAC	TRUE	TRUE
CCTAACCAGAAACTCA_Case_923	440_CCTAACCAGAAACTCA	TRUE	TRUE
CCTAACCAGGGAGGAC_Case_923	440_CCTAACCAGGGAGGAC	TRUE	TRUE
CCTAACCCACAACATC_Case_923	440_CCTAACCCACAACATC	TRUE	TRUE
CCTAAGAAGGTACAAT_Case_923	440_CCTAAGAAGGTACAAT	TRUE	TRUE
CCTACGTAGAACTTCC_Case_923	440_CCTACGTAGAACTTCC	TRUE	TRUE
CCTACGTAGAGCTTCC_Case_923	440_CCTACGTAGAGCTTCC	TRUE	TRUE
CCTACGTAGTCGTCTA_Case_923	440_CCTACGTAGTCGTCTA	TRUE	TRUE
CCTATCGAGCCGTTAT_Case_923	440_CCTATCGAGCCGTTAT	TRUE	TRUE
CCTATCGCAACCAGAG_Case_923	440_CCTATCGCAACCAGAG	TRUE	TRUE
CCTATCGCATTCAGGT_Case_923	440_CCTATCGCATTCAGGT	TRUE	TRUE
CCTATCGTCAATCTCT_Case_923	440_CCTATCGTCAATCTCT	TRUE	TRUE
CCTCAACTCTTACGGA_Case_923	440_CCTCAACTCTTACGGA	TRUE	TRUE
CCTCACATCCGCATAA_Case_923	440_CCTCACATCCGCATAA	TRUE	TRUE
CCTCAGTCACGTGAGA_Case_923	440_CCTCAGTCACGTGAGA	TRUE	TRUE
CCTCAGTGTAACCCGC_Case_923	440_CCTCAGTGTAACCCGC	TRUE	TRUE
CCTCAGTGTTATTCTC_Case_923	440_CCTCAGTGTTATTCTC	TRUE	TRUE
CCTCAGTTCCCGAGAC_Case_923	440_CCTCAGTTCCCGAGAC	TRUE	TRUE
CCTCATGAGATTGTGA_Case_923	440_CCTCATGAGATTGTGA	TRUE	TRUE
CCTCATGCACGATAGG_Case_923	440_CCTCATGCACGATAGG	TRUE	TRUE
CCTCATGGTGTGCTTA_Case_923	440_CCTCATGGTGTGCTTA	TRUE	TRUE
CCTCCAACACTGATTG_Case_923	440_CCTCCAACACTGATTG	TRUE	TRUE
CCTCCAACAGCAGACA_Case_923	440_CCTCCAACAGCAGACA	TRUE	TRUE
CCTCCAAGTAACTTCG_Case_923	440_CCTCCAAGTAACTTCG	TRUE	TRUE
CCTCCTCCACCCTAAA_Case_923	440_CCTCCTCCACCCTAAA	TRUE	TRUE
CCTCCTCCAGGTTCCG_Case_923	440_CCTCCTCCAGGTTCCG	TRUE	TRUE
CCTCTAGAGTGTCATC_Case_923	440_CCTCTAGAGTGTCATC	TRUE	TRUE
CCTCTAGCAACACACT_Case_923	440_CCTCTAGCAACACACT	TRUE	TRUE
CCTCTAGTCACGTAGT_Case_923	440_CCTCTAGTCACGTAGT	TRUE	TRUE
CCTCTCCAGGATTTGA_Case_923	440_CCTCTCCAGGATTTGA	TRUE	TRUE
CCTCTCCAGTCGGGAT_Case_923	440_CCTCTCCAGTCGGGAT	TRUE	TRUE
CCTCTCCTCCGAGGCT_Case_923	440_CCTCTCCTCCGAGGCT	TRUE	TRUE
CCTGCATGTGTCCTAA_Case_923	440_CCTGCATGTGTCCTAA	TRUE	TRUE
CCTGCATGTTGTAAAG_Case_923	440_CCTGCATGTTGTAAAG	TRUE	TRUE
CCTGCATTCAAGAGTA_Case_923	440_CCTGCATTCAAGAGTA	TRUE	TRUE
CCTGTTGAGCTCCCTT_Case_923	440_CCTGTTGAGCTCCCTT	TRUE	TRUE
CCTGTTGCAAGATCCT_Case_923	440_CCTGTTGCAAGATCCT	TRUE	TRUE
CCTGTTGTCACTACTT_Case_923	440_CCTGTTGTCACTACTT	TRUE	TRUE
CCTGTTGTCGACTCCT_Case_923	440_CCTGTTGTCGACTCCT	TRUE	TRUE
CCTGTTGTCGGCCTTT_Case_923	440_CCTGTTGTCGGCCTTT	TRUE	TRUE
CCTTGTGAGCTGACCC_Case_923	440_CCTTGTGAGCTGACCC	TRUE	TRUE
CCTTGTGAGGTACATA_Case_923	440_CCTTGTGAGGTACATA	TRUE	TRUE
CCTTGTGTCGGTAGAG_Case_923	440_CCTTGTGTCGGTAGAG	TRUE	TRUE
CCTTTGGAGGAATTAC_Case_923	440_CCTTTGGAGGAATTAC	TRUE	TRUE
CCTTTGGCATATAGCC_Case_923	440_CCTTTGGCATATAGCC	TRUE	TRUE
CCTTTGGGTTGTGCCG_Case_923	440_CCTTTGGGTTGTGCCG	TRUE	TRUE
CGAAGGAGTCATGGCC_Case_923	440_CGAAGGAGTCATGGCC	TRUE	TRUE
CGAAGGATCCGCGATG_Case_923	440_CGAAGGATCCGCGATG	TRUE	TRUE
CGAAGTTCATAGAAAC_Case_923	440_CGAAGTTCATAGAAAC	TRUE	TRUE
CGAAGTTGTCCTGTCT_Case_923	440_CGAAGTTGTCCTGTCT	TRUE	TRUE
CGAAGTTGTCGACTTA_Case_923	440_CGAAGTTGTCGACTTA	TRUE	TRUE
CGAAGTTGTGAATTAG_Case_923	440_CGAAGTTGTGAATTAG	TRUE	TRUE
CGAATTGAGAGTCTTC_Case_923	440_CGAATTGAGAGTCTTC	TRUE	TRUE
CGAATTGAGCCGTCGT_Case_923	440_CGAATTGAGCCGTCGT	TRUE	TRUE
CGAATTGAGTCTGGTT_Case_923	440_CGAATTGAGTCTGGTT	TRUE	TRUE
CGAATTGTCCCACAGG_Case_923	440_CGAATTGTCCCACAGG	TRUE	TRUE
CGACAGCAGTCATACC_Case_923	440_CGACAGCAGTCATACC	TRUE	TRUE
CGACAGCCAGCTAACT_Case_923	440_CGACAGCCAGCTAACT	TRUE	TRUE
CGACAGCGTCCGACGT_Case_923	440_CGACAGCGTCCGACGT	TRUE	TRUE
CGACAGCTCTGCATAG_Case_923	440_CGACAGCTCTGCATAG	TRUE	TRUE
CGAGAAGAGAAAGTCT_Case_923	440_CGAGAAGAGAAAGTCT	TRUE	TRUE
CGAGGAACACTGCGTG_Case_923	440_CGAGGAACACTGCGTG	TRUE	TRUE
CGAGGAATCTACTGAG_Case_923	440_CGAGGAATCTACTGAG	TRUE	TRUE
CGAGTGCAGCATCGAG_Case_923	440_CGAGTGCAGCATCGAG	TRUE	TRUE
CGAGTGCAGGATATAC_Case_923	440_CGAGTGCAGGATATAC	TRUE	TRUE
CGAGTGCTCCCGAGGT_Case_923	440_CGAGTGCTCCCGAGGT	TRUE	TRUE
CGAGTTAGTCGGTGAA_Case_923	440_CGAGTTAGTCGGTGAA	TRUE	TRUE
CGAGTTATCAGTCCGG_Case_923	440_CGAGTTATCAGTCCGG	TRUE	TRUE
CGATCGGAGATAGGGA_Case_923	440_CGATCGGAGATAGGGA	TRUE	TRUE
CGATGCGGTTGGGTAG_Case_923	440_CGATGCGGTTGGGTAG	TRUE	TRUE
CGATGCGTCGCGCCAA_Case_923	440_CGATGCGTCGCGCCAA	TRUE	TRUE
CGATGGCAGAATCGAT_Case_923	440_CGATGGCAGAATCGAT	TRUE	TRUE
CGATGGCAGCTAAATG_Case_923	440_CGATGGCAGCTAAATG	TRUE	TRUE
CGATGGCAGTGCAAAT_Case_923	440_CGATGGCAGTGCAAAT	TRUE	TRUE
CGCAGGTAGGTAAGTT_Case_923	440_CGCAGGTAGGTAAGTT	TRUE	TRUE
CGCAGGTCACAGCGCT_Case_923	440_CGCAGGTCACAGCGCT	TRUE	TRUE
CGCAGGTGTGACGCCT_Case_923	440_CGCAGGTGTGACGCCT	TRUE	TRUE
CGCATAACAAACTGCT_Case_923	440_CGCATAACAAACTGCT	TRUE	TRUE
CGCATAACACATGTTG_Case_923	440_CGCATAACACATGTTG	TRUE	TRUE
CGCATAACACTACTTT_Case_923	440_CGCATAACACTACTTT	TRUE	TRUE
CGCATAAGTGCATTTG_Case_923	440_CGCATAAGTGCATTTG	TRUE	TRUE
CGCATAAGTTAGTCGT_Case_923	440_CGCATAAGTTAGTCGT	TRUE	TRUE
CGCATAAGTTCGCGTG_Case_923	440_CGCATAAGTTCGCGTG	TRUE	TRUE
CGCATGGGTATGTCTG_Case_923	440_CGCATGGGTATGTCTG	TRUE	TRUE
CGCCAGAGTCGCTGCA_Case_923	440_CGCCAGAGTCGCTGCA	TRUE	TRUE
CGCCATTCAGAAGTTA_Case_923	440_CGCCATTCAGAAGTTA	TRUE	TRUE
CGCGTGATCATGCAGT_Case_923	440_CGCGTGATCATGCAGT	TRUE	TRUE
CGGAACCCAAGCGCTC_Case_923	440_CGGAACCCAAGCGCTC	TRUE	TRUE
CGGAACCTCTACGCGG_Case_923	440_CGGAACCTCTACGCGG	TRUE	TRUE
CGGAATTCAACACAGG_Case_923	440_CGGAATTCAACACAGG	TRUE	TRUE
CGGAATTGTTGCTTGA_Case_923	440_CGGAATTGTTGCTTGA	TRUE	TRUE
CGGAATTTCACCTCGT_Case_923	440_CGGAATTTCACCTCGT	TRUE	TRUE
CGGACACAGCATAGGC_Case_923	440_CGGACACAGCATAGGC	TRUE	TRUE
CGGACACGTGTCCACG_Case_923	440_CGGACACGTGTCCACG	TRUE	TRUE
CGGACACGTGTTCCTC_Case_923	440_CGGACACGTGTTCCTC	TRUE	TRUE
CGGACACGTGTTGCCG_Case_923	440_CGGACACGTGTTGCCG	TRUE	TRUE
CGGCAGTTCATGGATC_Case_923	440_CGGCAGTTCATGGATC	TRUE	TRUE
CGGCAGTTCGGCTGTG_Case_923	440_CGGCAGTTCGGCTGTG	TRUE	TRUE
CGGCAGTTCGGTATGT_Case_923	440_CGGCAGTTCGGTATGT	TRUE	TRUE
CGGCAGTTCTGCCTCA_Case_923	440_CGGCAGTTCTGCCTCA	TRUE	TRUE
CGGGACTCAGCATACT_Case_923	440_CGGGACTCAGCATACT	TRUE	TRUE
CGGGACTGTACCGGCT_Case_923	440_CGGGACTGTACCGGCT	TRUE	TRUE
CGGGCATAGGTTTACC_Case_923	440_CGGGCATAGGTTTACC	TRUE	TRUE
CGGGTCATCCTACTGC_Case_923	440_CGGGTCATCCTACTGC	TRUE	TRUE
CGGGTCATCGCGTAGC_Case_923	440_CGGGTCATCGCGTAGC	TRUE	TRUE
CGGGTGTCATCGTTCC_Case_923	440_CGGGTGTCATCGTTCC	TRUE	TRUE
CGTAAGTAGATACTGA_Case_923	440_CGTAAGTAGATACTGA	TRUE	TRUE
CGTAAGTAGTTCCGGC_Case_923	440_CGTAAGTAGTTCCGGC	TRUE	TRUE
CGTAAGTCAGAACTTC_Case_923	440_CGTAAGTCAGAACTTC	TRUE	TRUE
CGTAAGTGTATCGTAC_Case_923	440_CGTAAGTGTATCGTAC	TRUE	TRUE
CGTAAGTTCCATCGTC_Case_923	440_CGTAAGTTCCATCGTC	TRUE	TRUE
CGTAATGAGGATGCGT_Case_923	440_CGTAATGAGGATGCGT	TRUE	TRUE
CGTAATGAGGGATCGT_Case_923	440_CGTAATGAGGGATCGT	TRUE	TRUE
CGTAATGCAGTGACCC_Case_923	440_CGTAATGCAGTGACCC	TRUE	TRUE
CGTAATGGTTGGAGGT_Case_923	440_CGTAATGGTTGGAGGT	TRUE	TRUE
CGTAATGTCACTGTCC_Case_923	440_CGTAATGTCACTGTCC	TRUE	TRUE
CGTAATGTCCACACAA_Case_923	440_CGTAATGTCCACACAA	TRUE	TRUE
CGTAGTACAATCTAGC_Case_923	440_CGTAGTACAATCTAGC	TRUE	TRUE
CGTAGTAGTGGAATGC_Case_923	440_CGTAGTAGTGGAATGC	TRUE	TRUE
CGTAGTATCCACTAGA_Case_923	440_CGTAGTATCCACTAGA	TRUE	TRUE
CGTCAAAGTATCGCGC_Case_923	440_CGTCAAAGTATCGCGC	TRUE	TRUE
CGTCAAAGTTTGTTCT_Case_923	440_CGTCAAAGTTTGTTCT	TRUE	TRUE
CGTCAAATCTTTGCAT_Case_923	440_CGTCAAATCTTTGCAT	TRUE	TRUE
CGTCCATAGGACTAAT_Case_923	440_CGTCCATAGGACTAAT	TRUE	TRUE
CGTCCATGTAAGATCA_Case_923	440_CGTCCATGTAAGATCA	TRUE	TRUE
CGTCCATGTACAACGG_Case_923	440_CGTCCATGTACAACGG	TRUE	TRUE
CGTCCATGTAGAATAC_Case_923	440_CGTCCATGTAGAATAC	TRUE	TRUE
CGTCCATGTAGGCAAC_Case_923	440_CGTCCATGTAGGCAAC	TRUE	TRUE
CGTGAATCAGCACAAG_Case_923	440_CGTGAATCAGCACAAG	TRUE	TRUE
CGTGAATGTACAGTCT_Case_923	440_CGTGAATGTACAGTCT	TRUE	TRUE
CGTGAATTCATGCCCT_Case_923	440_CGTGAATTCATGCCCT	TRUE	TRUE
CGTGATATCCATCTCG_Case_923	440_CGTGATATCCATCTCG	TRUE	TRUE
CGTGCTTCATAGACTC_Case_923	440_CGTGCTTCATAGACTC	TRUE	TRUE
CGTGCTTTCGAGATGG_Case_923	440_CGTGCTTTCGAGATGG	TRUE	TRUE
CGTGCTTTCTTGAGCA_Case_923	440_CGTGCTTTCTTGAGCA	TRUE	TRUE
CGTGTCTAGAATCTAG_Case_923	440_CGTGTCTAGAATCTAG	TRUE	TRUE
CGTGTCTGTATGAGCG_Case_923	440_CGTGTCTGTATGAGCG	TRUE	TRUE
CGTTAGAGTGAGTTTC_Case_923	440_CGTTAGAGTGAGTTTC	TRUE	TRUE
CGTTAGATCAGCTGAT_Case_923	440_CGTTAGATCAGCTGAT	TRUE	TRUE
CGTTAGATCCCAGGAC_Case_923	440_CGTTAGATCCCAGGAC	TRUE	TRUE
CGTTCTGCATGCCGCA_Case_923	440_CGTTCTGCATGCCGCA	TRUE	TRUE
CGTTCTGTCCAGCAAT_Case_923	440_CGTTCTGTCCAGCAAT	TRUE	TRUE
CGTTCTGTCGTCAACA_Case_923	440_CGTTCTGTCGTCAACA	TRUE	TRUE
CGTTGGGGTACCTAGT_Case_923	440_CGTTGGGGTACCTAGT	TRUE	TRUE
CGTTGGGGTGGATCAG_Case_923	440_CGTTGGGGTGGATCAG	TRUE	TRUE
CGTTGGGTCGGTCTAA_Case_923	440_CGTTGGGTCGGTCTAA	TRUE	TRUE
CTAACCCAGACCGCCT_Case_923	440_CTAACCCAGACCGCCT	TRUE	TRUE
CTAACCCAGGTTGCCC_Case_923	440_CTAACCCAGGTTGCCC	TRUE	TRUE
CTAACCCCAGTTGAAA_Case_923	440_CTAACCCCAGTTGAAA	TRUE	TRUE
CTAACCCGTACCCAGC_Case_923	440_CTAACCCGTACCCAGC	TRUE	TRUE
CTAACTTAGTGGTTAA_Case_923	440_CTAACTTAGTGGTTAA	TRUE	TRUE
CTAACTTCATAAGATG_Case_923	440_CTAACTTCATAAGATG	TRUE	TRUE
CTAACTTTCCGATAGT_Case_923	440_CTAACTTTCCGATAGT	TRUE	TRUE
CTAAGTGAGACGATAT_Case_923	440_CTAAGTGAGACGATAT	TRUE	TRUE
CTAAGTGCACATATCG_Case_923	440_CTAAGTGCACATATCG	TRUE	TRUE
CTAAGTGGTATCGAAA_Case_923	440_CTAAGTGGTATCGAAA	TRUE	TRUE
CTACAGAAGATCGGTG_Case_923	440_CTACAGAAGATCGGTG	TRUE	TRUE
CTACAGACACGGGCTT_Case_923	440_CTACAGACACGGGCTT	TRUE	TRUE
CTACAGACAGCACAAG_Case_923	440_CTACAGACAGCACAAG	TRUE	TRUE
CTACAGAGTGTGTGTT_Case_923	440_CTACAGAGTGTGTGTT	TRUE	TRUE
CTACAGATCAATCAGC_Case_923	440_CTACAGATCAATCAGC	TRUE	TRUE
CTACAGATCAGACATC_Case_923	440_CTACAGATCAGACATC	TRUE	TRUE
CTACATTAGCTCGACC_Case_923	440_CTACATTAGCTCGACC	TRUE	TRUE
CTACATTCATAGATGA_Case_923	440_CTACATTCATAGATGA	TRUE	TRUE
CTACATTGTGGTCTTA_Case_923	440_CTACATTGTGGTCTTA	TRUE	TRUE
CTACATTTCCCGAGGT_Case_923	440_CTACATTTCCCGAGGT	TRUE	TRUE
CTACCTGCAACTTGCA_Case_923	440_CTACCTGCAACTTGCA	TRUE	TRUE
CTACCTGCAGAGCCCT_Case_923	440_CTACCTGCAGAGCCCT	TRUE	TRUE
CTACCTGCATGTGCTA_Case_923	440_CTACCTGCATGTGCTA	TRUE	TRUE
CTACCTGTCAGCACCG_Case_923	440_CTACCTGTCAGCACCG	TRUE	TRUE
CTACGGGAGACCTCCG_Case_923	440_CTACGGGAGACCTCCG	TRUE	TRUE
CTACGGGAGAGCGACT_Case_923	440_CTACGGGAGAGCGACT	TRUE	TRUE
CTACGGGCAATAACGA_Case_923	440_CTACGGGCAATAACGA	TRUE	TRUE
CTACTATAGATCCAAA_Case_923	440_CTACTATAGATCCAAA	TRUE	TRUE
CTACTATAGCTCGTGC_Case_923	440_CTACTATAGCTCGTGC	TRUE	TRUE
CTACTATGTAGGAGTC_Case_923	440_CTACTATGTAGGAGTC	TRUE	TRUE
CTACTATTCTTTCAGT_Case_923	440_CTACTATTCTTTCAGT	TRUE	TRUE
CTAGACAAGACTCATC_Case_923	440_CTAGACAAGACTCATC	TRUE	TRUE
CTAGACAAGGCACCAA_Case_923	440_CTAGACAAGGCACCAA	TRUE	TRUE
CTAGACACAGACCAGA_Case_923	440_CTAGACACAGACCAGA	TRUE	TRUE
CTAGACAGTGGATGAC_Case_923	440_CTAGACAGTGGATGAC	TRUE	TRUE
CTAGGTAAGGTGTGAC_Case_923	440_CTAGGTAAGGTGTGAC	TRUE	TRUE
CTAGGTACACCAGCGT_Case_923	440_CTAGGTACACCAGCGT	TRUE	TRUE
CTAGGTACATATCGGT_Case_923	440_CTAGGTACATATCGGT	TRUE	TRUE
CTAGGTAGTGTCGATT_Case_923	440_CTAGGTAGTGTCGATT	TRUE	TRUE
CTATCCGAGCATTGTC_Case_923	440_CTATCCGAGCATTGTC	TRUE	TRUE
CTATCCGCACGCAAAG_Case_923	440_CTATCCGCACGCAAAG	TRUE	TRUE
CTATCTACAAATGCGG_Case_923	440_CTATCTACAAATGCGG	TRUE	TRUE
CTATCTAGTGAGTTGG_Case_923	440_CTATCTAGTGAGTTGG	TRUE	TRUE
CTATCTAGTTCAGTAC_Case_923	440_CTATCTAGTTCAGTAC	TRUE	TRUE
CTATCTATCCGAACGC_Case_923	440_CTATCTATCCGAACGC	TRUE	TRUE
CTCAACCAGGCCTTGC_Case_923	440_CTCAACCAGGCCTTGC	TRUE	TRUE
CTCAACCCACGACGTC_Case_923	440_CTCAACCCACGACGTC	TRUE	TRUE
CTCAACCCAGTTACCA_Case_923	440_CTCAACCCAGTTACCA	TRUE	TRUE
CTCAACCGTAGGGAGG_Case_923	440_CTCAACCGTAGGGAGG	TRUE	TRUE
CTCAACCTCCGTACGG_Case_923	440_CTCAACCTCCGTACGG	TRUE	TRUE
CTCAAGAAGTTGCTGT_Case_923	440_CTCAAGAAGTTGCTGT	TRUE	TRUE
CTCAAGACATTGTCGA_Case_923	440_CTCAAGACATTGTCGA	TRUE	TRUE
CTCAATTAGCGGCTCT_Case_923	440_CTCAATTAGCGGCTCT	TRUE	TRUE
CTCAATTAGGGCATGT_Case_923	440_CTCAATTAGGGCATGT	TRUE	TRUE
CTCAATTAGGTTACAA_Case_923	440_CTCAATTAGGTTACAA	TRUE	TRUE
CTCAATTCACGAAGAC_Case_923	440_CTCAATTCACGAAGAC	TRUE	TRUE
CTCAATTGTCAATCTG_Case_923	440_CTCAATTGTCAATCTG	TRUE	TRUE
CTCAATTTCGAATCCA_Case_923	440_CTCAATTTCGAATCCA	TRUE	TRUE
CTCAATTTCGCTGTTC_Case_923	440_CTCAATTTCGCTGTTC	TRUE	TRUE
CTCAATTTCGTTCATT_Case_923	440_CTCAATTTCGTTCATT	TRUE	TRUE
CTCAGAATCACTCCGT_Case_923	440_CTCAGAATCACTCCGT	TRUE	TRUE
CTCAGAATCAGGCGAA_Case_923	440_CTCAGAATCAGGCGAA	TRUE	TRUE
CTCAGGGAGGGCTGAT_Case_923	440_CTCAGGGAGGGCTGAT	TRUE	TRUE
CTCAGGGCAGCGCTTG_Case_923	440_CTCAGGGCAGCGCTTG	TRUE	TRUE
CTCAGGGCATTGTGCA_Case_923	440_CTCAGGGCATTGTGCA	TRUE	TRUE
CTCAGTCAGCCATGCC_Case_923	440_CTCAGTCAGCCATGCC	TRUE	TRUE
CTCAGTCGTGGAAATT_Case_923	440_CTCAGTCGTGGAAATT	TRUE	TRUE
CTCAGTCGTGTGCCTG_Case_923	440_CTCAGTCGTGTGCCTG	TRUE	TRUE
CTCATCGAGCAAGTGC_Case_923	440_CTCATCGAGCAAGTGC	TRUE	TRUE
CTCATCGAGGCAGTCA_Case_923	440_CTCATCGAGGCAGTCA	TRUE	TRUE
CTCATGCCAAGAGTAT_Case_923	440_CTCATGCCAAGAGTAT	TRUE	TRUE
CTCATGCTCGACATCA_Case_923	440_CTCATGCTCGACATCA	TRUE	TRUE
CTCATTAAGACAGCTG_Case_923	440_CTCATTAAGACAGCTG	TRUE	TRUE
CTCATTACAAACGAGC_Case_923	440_CTCATTACAAACGAGC	TRUE	TRUE
CTCATTAGTACTGAGG_Case_923	440_CTCATTAGTACTGAGG	TRUE	TRUE
CTCATTAGTTAAGGAT_Case_923	440_CTCATTAGTTAAGGAT	TRUE	TRUE
CTCATTAGTTTCTTAC_Case_923	440_CTCATTAGTTTCTTAC	TRUE	TRUE
CTCATTATCGTGGGTC_Case_923	440_CTCATTATCGTGGGTC	TRUE	TRUE
CTCCAACAGTGCTCGC_Case_923	440_CTCCAACAGTGCTCGC	TRUE	TRUE
CTCCAACCAGCACGAA_Case_923	440_CTCCAACCAGCACGAA	TRUE	TRUE
CTCCACAAGCCTAACT_Case_923	440_CTCCACAAGCCTAACT	TRUE	TRUE
CTCCACAAGTCACACT_Case_923	440_CTCCACAAGTCACACT	TRUE	TRUE
CTCCACACAGAATGTA_Case_923	440_CTCCACACAGAATGTA	TRUE	TRUE
CTCCATGCAGTAGATA_Case_923	440_CTCCATGCAGTAGATA	TRUE	TRUE
CTCCATGGTCCCTAAA_Case_923	440_CTCCATGGTCCCTAAA	TRUE	TRUE
CTCCATGGTTCTAAGC_Case_923	440_CTCCATGGTTCTAAGC	TRUE	TRUE
CTCCCAACAGACACAG_Case_923	440_CTCCCAACAGACACAG	TRUE	TRUE
CTCCCAATCTCATAGG_Case_923	440_CTCCCAATCTCATAGG	TRUE	TRUE
CTCCCTCAGCACCTGC_Case_923	440_CTCCCTCAGCACCTGC	TRUE	TRUE
CTCCCTCCAAGCAGGT_Case_923	440_CTCCCTCCAAGCAGGT	TRUE	TRUE
CTCCCTCCACGATTCA_Case_923	440_CTCCCTCCACGATTCA	TRUE	TRUE
CTCCCTCGTAAGCTCT_Case_923	440_CTCCCTCGTAAGCTCT	TRUE	TRUE
CTCCCTCGTAGACAGC_Case_923	440_CTCCCTCGTAGACAGC	TRUE	TRUE
CTCCCTCTCGACGATT_Case_923	440_CTCCCTCTCGACGATT	TRUE	TRUE
CTCCCTCTCGATAACC_Case_923	440_CTCCCTCTCGATAACC	TRUE	TRUE
CTCCCTCTCGATGCAT_Case_923	440_CTCCCTCTCGATGCAT	TRUE	TRUE
CTCCGATAGCCTAGGA_Case_923	440_CTCCGATAGCCTAGGA	TRUE	TRUE
CTCCGATCACCAAAGG_Case_923	440_CTCCGATCACCAAAGG	TRUE	TRUE
CTCCGATCAGTATACC_Case_923	440_CTCCGATCAGTATACC	TRUE	TRUE
CTCCGATTCTTCTGTA_Case_923	440_CTCCGATTCTTCTGTA	TRUE	TRUE
CTCCTCCAGCCTGGAA_Case_923	440_CTCCTCCAGCCTGGAA	TRUE	TRUE
CTCCTCCCACGGTAGA_Case_923	440_CTCCTCCCACGGTAGA	TRUE	TRUE
CTCCTCCGTGACTATC_Case_923	440_CTCCTCCGTGACTATC	TRUE	TRUE
CTCCTTTAGACGCCCT_Case_923	440_CTCCTTTAGACGCCCT	TRUE	TRUE
CTCCTTTAGGTTTACC_Case_923	440_CTCCTTTAGGTTTACC	TRUE	TRUE
CTCCTTTGTCAGTCTA_Case_923	440_CTCCTTTGTCAGTCTA	TRUE	TRUE
CTCCTTTGTTACCGTA_Case_923	440_CTCCTTTGTTACCGTA	TRUE	TRUE
CTCCTTTTCTAGGCCG_Case_923	440_CTCCTTTTCTAGGCCG	TRUE	TRUE
CTCGAGGGTTTCTTAC_Case_923	440_CTCGAGGGTTTCTTAC	TRUE	TRUE
CTCTCAGCACTGCACG_Case_923	440_CTCTCAGCACTGCACG	TRUE	TRUE
CTCTCGAAGATGTTGA_Case_923	440_CTCTCGAAGATGTTGA	TRUE	TRUE
CTCTCGACATCCGTGG_Case_923	440_CTCTCGACATCCGTGG	TRUE	TRUE
CTCTGGTAGAGGGCGA_Case_923	440_CTCTGGTAGAGGGCGA	TRUE	TRUE
CTCTGGTAGCATGATA_Case_923	440_CTCTGGTAGCATGATA	TRUE	TRUE
CTCTGGTAGGAGGGTG_Case_923	440_CTCTGGTAGGAGGGTG	TRUE	TRUE
CTGAATGGTACTCGTA_Case_923	440_CTGAATGGTACTCGTA	TRUE	TRUE
CTGAATGGTTGGACTT_Case_923	440_CTGAATGGTTGGACTT	TRUE	TRUE
CTGAATGTCCCGAGGT_Case_923	440_CTGAATGTCCCGAGGT	TRUE	TRUE
CTGAATGTCCGTGGTG_Case_923	440_CTGAATGTCCGTGGTG	TRUE	TRUE
CTGAATGTCTGCATAG_Case_923	440_CTGAATGTCTGCATAG	TRUE	TRUE
CTGAGCGAGCCGAACA_Case_923	440_CTGAGCGAGCCGAACA	TRUE	TRUE
CTGAGCGAGCTTGTGT_Case_923	440_CTGAGCGAGCTTGTGT	TRUE	TRUE
CTGAGCGCACTATGTG_Case_923	440_CTGAGCGCACTATGTG	TRUE	TRUE
CTGAGCGCACTGGCGT_Case_923	440_CTGAGCGCACTGGCGT	TRUE	TRUE
CTGAGCGCAGCGTTGC_Case_923	440_CTGAGCGCAGCGTTGC	TRUE	TRUE
CTGAGGCGTAGTGCGA_Case_923	440_CTGAGGCGTAGTGCGA	TRUE	TRUE
CTGATCCCAATTGTGC_Case_923	440_CTGATCCCAATTGTGC	TRUE	TRUE
CTGATCCTCATCGGGC_Case_923	440_CTGATCCTCATCGGGC	TRUE	TRUE
CTGATCCTCGATACGT_Case_923	440_CTGATCCTCGATACGT	TRUE	TRUE
CTGCAGGGTGTTGACT_Case_923	440_CTGCAGGGTGTTGACT	TRUE	TRUE
CTGCCATAGAGGCTGT_Case_923	440_CTGCCATAGAGGCTGT	TRUE	TRUE
CTGCCATGTGCATACT_Case_923	440_CTGCCATGTGCATACT	TRUE	TRUE
CTGCCTAAGTAGCAAT_Case_923	440_CTGCCTAAGTAGCAAT	TRUE	TRUE
CTGCCTATCCGTGTGG_Case_923	440_CTGCCTATCCGTGTGG	TRUE	TRUE
CTGCGAGGTGTCCTAA_Case_923	440_CTGCGAGGTGTCCTAA	TRUE	TRUE
CTGCTCACACAGTCCG_Case_923	440_CTGCTCACACAGTCCG	TRUE	TRUE
CTGCTCACAGCAAGAC_Case_923	440_CTGCTCACAGCAAGAC	TRUE	TRUE
CTGGACGAGCCACAAG_Case_923	440_CTGGACGAGCCACAAG	TRUE	TRUE
CTGGACGGTACGATGG_Case_923	440_CTGGACGGTACGATGG	TRUE	TRUE
CTGGACGTCACCTACC_Case_923	440_CTGGACGTCACCTACC	TRUE	TRUE
CTGGACGTCCCTGGTT_Case_923	440_CTGGACGTCCCTGGTT	TRUE	TRUE
CTGGCAGCAAAGCTCT_Case_923	440_CTGGCAGCAAAGCTCT	TRUE	TRUE
CTGGCAGTCAACCTCC_Case_923	440_CTGGCAGTCAACCTCC	TRUE	TRUE
CTGGTCTAGGTACCTT_Case_923	440_CTGGTCTAGGTACCTT	TRUE	TRUE
CTGGTCTCACTAGGTT_Case_923	440_CTGGTCTCACTAGGTT	TRUE	TRUE
CTGGTCTTCGTAGAGG_Case_923	440_CTGGTCTTCGTAGAGG	TRUE	TRUE
CTGGTCTTCTTGGATG_Case_923	440_CTGGTCTTCTTGGATG	TRUE	TRUE
CTGTACCGTAGTTACC_Case_923	440_CTGTACCGTAGTTACC	TRUE	TRUE
CTGTACCGTCGCATTA_Case_923	440_CTGTACCGTCGCATTA	TRUE	TRUE
CTGTAGAAGCGAAACC_Case_923	440_CTGTAGAAGCGAAACC	TRUE	TRUE
CTGTAGAGTGGGATTG_Case_923	440_CTGTAGAGTGGGATTG	TRUE	TRUE
CTGTAGATCAGACAAA_Case_923	440_CTGTAGATCAGACAAA	TRUE	TRUE
CTGTATTGTGGAATGC_Case_923	440_CTGTATTGTGGAATGC	TRUE	TRUE
CTGTCGTAGGGCAGGA_Case_923	440_CTGTCGTAGGGCAGGA	TRUE	TRUE
CTGTCGTGTAATGCGG_Case_923	440_CTGTCGTGTAATGCGG	TRUE	TRUE
CTGTCGTGTTGCATGT_Case_923	440_CTGTCGTGTTGCATGT	TRUE	TRUE
CTGTCGTTCCACAGGC_Case_923	440_CTGTCGTTCCACAGGC	TRUE	TRUE
CTGTCGTTCGTCGCTT_Case_923	440_CTGTCGTTCGTCGCTT	TRUE	TRUE
CTGTCGTTCTTGTTAC_Case_923	440_CTGTCGTTCTTGTTAC	TRUE	TRUE
CTGTGAAAGGTCGTCC_Case_923	440_CTGTGAAAGGTCGTCC	TRUE	TRUE
CTGTGAAGTCTGCAAT_Case_923	440_CTGTGAAGTCTGCAAT	TRUE	TRUE
CTGTGGGAGACGACTG_Case_923	440_CTGTGGGAGACGACTG	TRUE	TRUE
CTGTGGGCATCAGTGT_Case_923	440_CTGTGGGCATCAGTGT	TRUE	TRUE
CTGTGGGGTGGTCAAG_Case_923	440_CTGTGGGGTGGTCAAG	TRUE	TRUE
CTTACCGCAGGTTACT_Case_923	440_CTTACCGCAGGTTACT	TRUE	TRUE
CTTACCGGTCGTTGCG_Case_923	440_CTTACCGGTCGTTGCG	TRUE	TRUE
CTTACCGGTGACCGAA_Case_923	440_CTTACCGGTGACCGAA	TRUE	TRUE
CTTACCGGTGTAGGAC_Case_923	440_CTTACCGGTGTAGGAC	TRUE	TRUE
CTTACCGTCGTAATGC_Case_923	440_CTTACCGTCGTAATGC	TRUE	TRUE
CTTAGGAAGCTGGTGA_Case_923	440_CTTAGGAAGCTGGTGA	TRUE	TRUE
CTTAGGAGTGACAACG_Case_923	440_CTTAGGAGTGACAACG	TRUE	TRUE
CTTCAATAGTAACGAT_Case_923	440_CTTCAATAGTAACGAT	TRUE	TRUE
CTTCAATGTTATGACC_Case_923	440_CTTCAATGTTATGACC	TRUE	TRUE
CTTCCGACAGCGTTGC_Case_923	440_CTTCCGACAGCGTTGC	TRUE	TRUE
CTTCCGATCATCCCGT_Case_923	440_CTTCCGATCATCCCGT	TRUE	TRUE
CTTCCTTGTCCGAAGA_Case_923	440_CTTCCTTGTCCGAAGA	TRUE	TRUE
CTTCCTTGTCGTTCAA_Case_923	440_CTTCCTTGTCGTTCAA	TRUE	TRUE
CTTCGGTCAAATCGGG_Case_923	440_CTTCGGTCAAATCGGG	TRUE	TRUE
CTTCGGTCAGTGACCC_Case_923	440_CTTCGGTCAGTGACCC	TRUE	TRUE
CTTCGGTTCACCTGTC_Case_923	440_CTTCGGTTCACCTGTC	TRUE	TRUE
CTTCTAAAGCTACTAC_Case_923	440_CTTCTAAAGCTACTAC	TRUE	TRUE
CTTCTAAAGGTAACTA_Case_923	440_CTTCTAAAGGTAACTA	TRUE	TRUE
CTTCTCTAGACTAGAT_Case_923	440_CTTCTCTAGACTAGAT	TRUE	TRUE
CTTCTCTGTTGCCGAC_Case_923	440_CTTCTCTGTTGCCGAC	TRUE	TRUE
CTTGATTCATGCCATA_Case_923	440_CTTGATTCATGCCATA	TRUE	TRUE
CTTGATTGTCACAGAG_Case_923	440_CTTGATTGTCACAGAG	TRUE	TRUE
CTTGATTTCACTGAAC_Case_923	440_CTTGATTTCACTGAAC	TRUE	TRUE
CTTGATTTCCCAGGAC_Case_923	440_CTTGATTTCCCAGGAC	TRUE	TRUE
CTTGATTTCCCGGTAG_Case_923	440_CTTGATTTCCCGGTAG	TRUE	TRUE
CTTTCAAGTACCGTCG_Case_923	440_CTTTCAAGTACCGTCG	TRUE	TRUE
CTTTCAATCGTCCATC_Case_923	440_CTTTCAATCGTCCATC	TRUE	TRUE
CTTTCGGGTATGGAAT_Case_923	440_CTTTCGGGTATGGAAT	TRUE	TRUE
CTTTCGGGTCTCCCTA_Case_923	440_CTTTCGGGTCTCCCTA	TRUE	TRUE
CTTTCGGTCACCTACC_Case_923	440_CTTTCGGTCACCTACC	TRUE	TRUE
CTTTCGGTCATTACTC_Case_923	440_CTTTCGGTCATTACTC	TRUE	TRUE
CTTTCGGTCTTAAGGC_Case_923	440_CTTTCGGTCTTAAGGC	TRUE	TRUE
GAAACCTAGTGCGCTC_Case_923	440_GAAACCTAGTGCGCTC	TRUE	TRUE
GAAACCTAGTTCACTG_Case_923	440_GAAACCTAGTTCACTG	TRUE	TRUE
GAAACCTCAATAACGA_Case_923	440_GAAACCTCAATAACGA	TRUE	TRUE
GAAACCTCAGGCATTT_Case_923	440_GAAACCTCAGGCATTT	TRUE	TRUE
GAAACCTGTAGATCGG_Case_923	440_GAAACCTGTAGATCGG	TRUE	TRUE
GAAACCTGTGATAGAT_Case_923	440_GAAACCTGTGATAGAT	TRUE	TRUE
GAAACCTGTTGTGTAC_Case_923	440_GAAACCTGTTGTGTAC	TRUE	TRUE
GAAACCTTCAGACCCG_Case_923	440_GAAACCTTCAGACCCG	TRUE	TRUE
GAAACCTTCGAACTCA_Case_923	440_GAAACCTTCGAACTCA	TRUE	TRUE
GAAATGAAGGTTCAGG_Case_923	440_GAAATGAAGGTTCAGG	TRUE	TRUE
GAACACTAGGAACTAT_Case_923	440_GAACACTAGGAACTAT	TRUE	TRUE
GAACACTTCTTTCGAT_Case_923	440_GAACACTTCTTTCGAT	TRUE	TRUE
GAACGTTCATGATCTG_Case_923	440_GAACGTTCATGATCTG	TRUE	TRUE
GAACTGTAGATGCTGG_Case_923	440_GAACTGTAGATGCTGG	TRUE	TRUE
GAAGAATTCAGCTGAT_Case_923	440_GAAGAATTCAGCTGAT	TRUE	TRUE
GAAGAATTCCAGCTCT_Case_923	440_GAAGAATTCCAGCTCT	TRUE	TRUE
GAAGAATTCTCTGCTG_Case_923	440_GAAGAATTCTCTGCTG	TRUE	TRUE
GAAGCCCGTGCATGAG_Case_923	440_GAAGCCCGTGCATGAG	TRUE	TRUE
GAAGCCCTCACTGAAC_Case_923	440_GAAGCCCTCACTGAAC	TRUE	TRUE
GAAGCGAAGGAACATT_Case_923	440_GAAGCGAAGGAACATT	TRUE	TRUE
GAAGCGATCCCTTTGG_Case_923	440_GAAGCGATCCCTTTGG	TRUE	TRUE
GAAGCGATCCTCACCA_Case_923	440_GAAGCGATCCTCACCA	TRUE	TRUE
GAAGGACCACCGGTCA_Case_923	440_GAAGGACCACCGGTCA	TRUE	TRUE
GAAGGGTCAGTATTCG_Case_923	440_GAAGGGTCAGTATTCG	TRUE	TRUE
GAAGGGTTCGAGTCTA_Case_923	440_GAAGGGTTCGAGTCTA	TRUE	TRUE
GAAGTAAAGACTCTAC_Case_923	440_GAAGTAAAGACTCTAC	TRUE	TRUE
GAAGTAAAGAGAGGGC_Case_923	440_GAAGTAAAGAGAGGGC	TRUE	TRUE
GAAGTAATCCGATAGT_Case_923	440_GAAGTAATCCGATAGT	TRUE	TRUE
GAAGTAATCGTGCTCT_Case_923	440_GAAGTAATCGTGCTCT	TRUE	TRUE
GAATAGAAGGACGGAG_Case_923	440_GAATAGAAGGACGGAG	TRUE	TRUE
GAATAGACAAAGCACG_Case_923	440_GAATAGACAAAGCACG	TRUE	TRUE
GAATAGATCACTACGA_Case_923	440_GAATAGATCACTACGA	TRUE	TRUE
GAATCACAGCGAACTG_Case_923	440_GAATCACAGCGAACTG	TRUE	TRUE
GAATCACGTAGGTTTC_Case_923	440_GAATCACGTAGGTTTC	TRUE	TRUE
GACACGCAGGCCTTGC_Case_923	440_GACACGCAGGCCTTGC	TRUE	TRUE
GACACGCCATTAGGCT_Case_923	440_GACACGCCATTAGGCT	TRUE	TRUE
GACATCAAGGCTCACC_Case_923	440_GACATCAAGGCTCACC	TRUE	TRUE
GACATCAGTCAGTTTG_Case_923	440_GACATCAGTCAGTTTG	TRUE	TRUE
GACCAATGTCTGCAAT_Case_923	440_GACCAATGTCTGCAAT	TRUE	TRUE
GACCCAGAGTTGCTGT_Case_923	440_GACCCAGAGTTGCTGT	TRUE	TRUE
GACCCTTAGACGTCCC_Case_923	440_GACCCTTAGACGTCCC	TRUE	TRUE
GACCCTTAGATTGAGT_Case_923	440_GACCCTTAGATTGAGT	TRUE	TRUE
GACCCTTCACACCTGG_Case_923	440_GACCCTTCACACCTGG	TRUE	TRUE
GACCCTTCATGTTTGG_Case_923	440_GACCCTTCATGTTTGG	TRUE	TRUE
GACCTTCGTGGAATGC_Case_923	440_GACCTTCGTGGAATGC	TRUE	TRUE
GACCTTCTCCAGCAAT_Case_923	440_GACCTTCTCCAGCAAT	TRUE	TRUE
GACGCTGAGGTACCTT_Case_923	440_GACGCTGAGGTACCTT	TRUE	TRUE
GACGCTGCACGCTGTG_Case_923	440_GACGCTGCACGCTGTG	TRUE	TRUE
GACGTTAGTCAGGTGA_Case_923	440_GACGTTAGTCAGGTGA	TRUE	TRUE
GACGTTAGTGGCCACT_Case_923	440_GACGTTAGTGGCCACT	TRUE	TRUE
GACTATGAGCCTTTGA_Case_923	440_GACTATGAGCCTTTGA	TRUE	TRUE
GACTATGCAGATTCGT_Case_923	440_GACTATGCAGATTCGT	TRUE	TRUE
GACTATGCATACGCAT_Case_923	440_GACTATGCATACGCAT	TRUE	TRUE
GACTATGCATTAGGCT_Case_923	440_GACTATGCATTAGGCT	TRUE	TRUE
GACTATGGTACCACGC_Case_923	440_GACTATGGTACCACGC	TRUE	TRUE
GACTCAAAGAACTTCC_Case_923	440_GACTCAAAGAACTTCC	TRUE	TRUE
GACTCAAGTATATGGA_Case_923	440_GACTCAAGTATATGGA	TRUE	TRUE
GACTCAATCCATTGCC_Case_923	440_GACTCAATCCATTGCC	TRUE	TRUE
GACTCAATCCCATTTA_Case_923	440_GACTCAATCCCATTTA	TRUE	TRUE
GACTCTCAGATTGATG_Case_923	440_GACTCTCAGATTGATG	TRUE	TRUE
GACTCTCCAGAGTTGG_Case_923	440_GACTCTCCAGAGTTGG	TRUE	TRUE
GACTCTCGTATCGAGG_Case_923	440_GACTCTCGTATCGAGG	TRUE	TRUE
GACTCTCTCATGAGGG_Case_923	440_GACTCTCTCATGAGGG	TRUE	TRUE
GACTGATCACGAGGAT_Case_923	440_GACTGATCACGAGGAT	TRUE	TRUE
GACTGATTCTTGGATG_Case_923	440_GACTGATTCTTGGATG	TRUE	TRUE
GACTTCCCAGTCAACT_Case_923	440_GACTTCCCAGTCAACT	TRUE	TRUE
GACTTCCGTTAAGGGC_Case_923	440_GACTTCCGTTAAGGGC	TRUE	TRUE
GACTTCCTCTAGACAC_Case_923	440_GACTTCCTCTAGACAC	TRUE	TRUE
GAGAAATAGATAACAC_Case_923	440_GAGAAATAGATAACAC	TRUE	TRUE
GAGAAATAGGGTACAC_Case_923	440_GAGAAATAGGGTACAC	TRUE	TRUE
GAGAAATGTAGTTACC_Case_923	440_GAGAAATGTAGTTACC	TRUE	TRUE
GAGAAATTCTTGGTGA_Case_923	440_GAGAAATTCTTGGTGA	TRUE	TRUE
GAGAGGTAGAAGCGAA_Case_923	440_GAGAGGTAGAAGCGAA	TRUE	TRUE
GAGAGGTAGATCGACG_Case_923	440_GAGAGGTAGATCGACG	TRUE	TRUE
GAGAGGTTCCGTATGA_Case_923	440_GAGAGGTTCCGTATGA	TRUE	TRUE
GAGAGGTTCTGTGCAA_Case_923	440_GAGAGGTTCTGTGCAA	TRUE	TRUE
GAGATGGAGCAATTAG_Case_923	440_GAGATGGAGCAATTAG	TRUE	TRUE
GAGATGGCAACTGCCG_Case_923	440_GAGATGGCAACTGCCG	TRUE	TRUE
GAGATGGCACCGTACG_Case_923	440_GAGATGGCACCGTACG	TRUE	TRUE
GAGATGGTCTCAGGCG_Case_923	440_GAGATGGTCTCAGGCG	TRUE	TRUE
GAGCCTGCACGCGCTA_Case_923	440_GAGCCTGCACGCGCTA	TRUE	TRUE
GAGCCTGCATGAAAGT_Case_923	440_GAGCCTGCATGAAAGT	TRUE	TRUE
GAGCCTGGTGTTCCTC_Case_923	440_GAGCCTGGTGTTCCTC	TRUE	TRUE
GAGCCTGTCAAGGTGG_Case_923	440_GAGCCTGTCAAGGTGG	TRUE	TRUE
GAGCCTGTCCACACCT_Case_923	440_GAGCCTGTCCACACCT	TRUE	TRUE
GAGCTGCTCGTTCCTG_Case_923	440_GAGCTGCTCGTTCCTG	TRUE	TRUE
GAGGCAAGTCTTTCTA_Case_923	440_GAGGCAAGTCTTTCTA	TRUE	TRUE
GAGGCAAGTGTGTTTG_Case_923	440_GAGGCAAGTGTGTTTG	TRUE	TRUE
GAGGCCTCACGGATCC_Case_923	440_GAGGCCTCACGGATCC	TRUE	TRUE
GAGGCCTCATGACGAG_Case_923	440_GAGGCCTCATGACGAG	TRUE	TRUE
GAGGCCTGTGCAACAG_Case_923	440_GAGGCCTGTGCAACAG	TRUE	TRUE
GAGGGATAGGAGAGTA_Case_923	440_GAGGGATAGGAGAGTA	TRUE	TRUE
GAGGGATGTTCAAAGA_Case_923	440_GAGGGATGTTCAAAGA	TRUE	TRUE
GAGGGTAAGCAGAAAG_Case_923	440_GAGGGTAAGCAGAAAG	TRUE	TRUE
GAGGGTACACCACTGG_Case_923	440_GAGGGTACACCACTGG	TRUE	TRUE
GAGGGTATCACTGTCC_Case_923	440_GAGGGTATCACTGTCC	TRUE	TRUE
GAGGGTATCGAAGTGG_Case_923	440_GAGGGTATCGAAGTGG	TRUE	TRUE
GAGTCATAGACTGTTC_Case_923	440_GAGTCATAGACTGTTC	TRUE	TRUE
GAGTCATCAGACACCC_Case_923	440_GAGTCATCAGACACCC	TRUE	TRUE
GAGTCATTCAACTACG_Case_923	440_GAGTCATTCAACTACG	TRUE	TRUE
GAGTCATTCTGATTCT_Case_923	440_GAGTCATTCTGATTCT	TRUE	TRUE
GAGTCTAAGCACTCGC_Case_923	440_GAGTCTAAGCACTCGC	TRUE	TRUE
GAGTCTAGTCGAACGA_Case_923	440_GAGTCTAGTCGAACGA	TRUE	TRUE
GAGTGAGTCACTGTCC_Case_923	440_GAGTGAGTCACTGTCC	TRUE	TRUE
GAGTGTTAGACTCAAA_Case_923	440_GAGTGTTAGACTCAAA	TRUE	TRUE
GAGTGTTAGCGTTCCG_Case_923	440_GAGTGTTAGCGTTCCG	TRUE	TRUE
GAGTGTTCACGACGCT_Case_923	440_GAGTGTTCACGACGCT	TRUE	TRUE
GAGTTACAGCTGGTGA_Case_923	440_GAGTTACAGCTGGTGA	TRUE	TRUE
GAGTTACCAATTGCAC_Case_923	440_GAGTTACCAATTGCAC	TRUE	TRUE
GAGTTACGTACGGATG_Case_923	440_GAGTTACGTACGGATG	TRUE	TRUE
GAGTTGTAGTCACTAC_Case_923	440_GAGTTGTAGTCACTAC	TRUE	TRUE
GAGTTTGAGAAGCCAC_Case_923	440_GAGTTTGAGAAGCCAC	TRUE	TRUE
GATAGAAAGTGGTGAC_Case_923	440_GATAGAAAGTGGTGAC	TRUE	TRUE
GATAGAACATGATGCT_Case_923	440_GATAGAACATGATGCT	TRUE	TRUE
GATAGAATCAAGGCTT_Case_923	440_GATAGAATCAAGGCTT	TRUE	TRUE
GATAGAATCAGTCAGT_Case_923	440_GATAGAATCAGTCAGT	TRUE	TRUE
GATAGAATCGTCGATA_Case_923	440_GATAGAATCGTCGATA	TRUE	TRUE
GATAGCTAGAATCTAG_Case_923	440_GATAGCTAGAATCTAG	TRUE	TRUE
GATAGCTAGCACTTTG_Case_923	440_GATAGCTAGCACTTTG	TRUE	TRUE
GATAGCTAGTAGGATT_Case_923	440_GATAGCTAGTAGGATT	TRUE	TRUE
GATAGCTTCAAGCTGT_Case_923	440_GATAGCTTCAAGCTGT	TRUE	TRUE
GATAGCTTCCACAGGC_Case_923	440_GATAGCTTCCACAGGC	TRUE	TRUE
GATCACAAGTGAGGCT_Case_923	440_GATCACAAGTGAGGCT	TRUE	TRUE
GATCAGTTCCCTGGTT_Case_923	440_GATCAGTTCCCTGGTT	TRUE	TRUE
GATCATGAGGTCTGGA_Case_923	440_GATCATGAGGTCTGGA	TRUE	TRUE
GATCATGCAAATAAGC_Case_923	440_GATCATGCAAATAAGC	TRUE	TRUE
GATCATGGTAGCGATG_Case_923	440_GATCATGGTAGCGATG	TRUE	TRUE
GATCATGGTGCCTACG_Case_923	440_GATCATGGTGCCTACG	TRUE	TRUE
GATCATGTCGAGAATA_Case_923	440_GATCATGTCGAGAATA	TRUE	TRUE
GATCATGTCGTCAAAC_Case_923	440_GATCATGTCGTCAAAC	TRUE	TRUE
GATCCCTAGGAGAGTA_Case_923	440_GATCCCTAGGAGAGTA	TRUE	TRUE
GATCCCTTCACTCACC_Case_923	440_GATCCCTTCACTCACC	TRUE	TRUE
GATGACTCAGTGGGTA_Case_923	440_GATGACTCAGTGGGTA	TRUE	TRUE
GATGACTGTACGTGTT_Case_923	440_GATGACTGTACGTGTT	TRUE	TRUE
GATGACTGTCGACGCT_Case_923	440_GATGACTGTCGACGCT	TRUE	TRUE
GATGAGGTCGTTCTCG_Case_923	440_GATGAGGTCGTTCTCG	TRUE	TRUE
GATGATCAGTAATCCC_Case_923	440_GATGATCAGTAATCCC	TRUE	TRUE
GATGATCAGTTAACAG_Case_923	440_GATGATCAGTTAACAG	TRUE	TRUE
GATGATCGTAGGTACG_Case_923	440_GATGATCGTAGGTACG	TRUE	TRUE
GATGATCGTGATACAA_Case_923	440_GATGATCGTGATACAA	TRUE	TRUE
GATGATCGTGCAGTGA_Case_923	440_GATGATCGTGCAGTGA	TRUE	TRUE
GATGATCTCGGTCTAA_Case_923	440_GATGATCTCGGTCTAA	TRUE	TRUE
GATGATCTCTGGTGCG_Case_923	440_GATGATCTCTGGTGCG	TRUE	TRUE
GATGCTACAAACGTGG_Case_923	440_GATGCTACAAACGTGG	TRUE	TRUE
GATGCTAGTTACGATC_Case_923	440_GATGCTAGTTACGATC	TRUE	TRUE
GATGCTAGTTGGACCC_Case_923	440_GATGCTAGTTGGACCC	TRUE	TRUE
GATGCTATCATCGTAG_Case_923	440_GATGCTATCATCGTAG	TRUE	TRUE
GATGGAGTCTATCACT_Case_923	440_GATGGAGTCTATCACT	TRUE	TRUE
GATGTTGGTCGCTGCA_Case_923	440_GATGTTGGTCGCTGCA	TRUE	TRUE
GATGTTGTCACAGTGT_Case_923	440_GATGTTGTCACAGTGT	TRUE	TRUE
GATTCGACACATGAAA_Case_923	440_GATTCGACACATGAAA	TRUE	TRUE
GATTCGAGTAGTCGGA_Case_923	440_GATTCGAGTAGTCGGA	TRUE	TRUE
GATTCGAGTGACAACG_Case_923	440_GATTCGAGTGACAACG	TRUE	TRUE
GATTCGAGTGTGACCC_Case_923	440_GATTCGAGTGTGACCC	TRUE	TRUE
GATTCGATCTGTACAG_Case_923	440_GATTCGATCTGTACAG	TRUE	TRUE
GATTCTTAGCTCCCTT_Case_923	440_GATTCTTAGCTCCCTT	TRUE	TRUE
GATTCTTAGTGTAGAT_Case_923	440_GATTCTTAGTGTAGAT	TRUE	TRUE
GATTCTTCAGAGGTAC_Case_923	440_GATTCTTCAGAGGTAC	TRUE	TRUE
GATTGGTAGGATGAGA_Case_923	440_GATTGGTAGGATGAGA	TRUE	TRUE
GATTGGTAGTGAATAC_Case_923	440_GATTGGTAGTGAATAC	TRUE	TRUE
GATTTCTAGTTCCGGC_Case_923	440_GATTTCTAGTTCCGGC	TRUE	TRUE
GATTTCTCACGCTGCA_Case_923	440_GATTTCTCACGCTGCA	TRUE	TRUE
GATTTCTCAGTAGTGG_Case_923	440_GATTTCTCAGTAGTGG	TRUE	TRUE
GCAACATGTCGTAATC_Case_923	440_GCAACATGTCGTAATC	TRUE	TRUE
GCAACCGCACTTTAGG_Case_923	440_GCAACCGCACTTTAGG	TRUE	TRUE
GCAACCGGTCCAAAGG_Case_923	440_GCAACCGGTCCAAAGG	TRUE	TRUE
GCAACCGTCCGAGCTG_Case_923	440_GCAACCGTCCGAGCTG	TRUE	TRUE
GCAACCGTCGCCCAGA_Case_923	440_GCAACCGTCGCCCAGA	TRUE	TRUE
GCACATACAGTTCCAA_Case_923	440_GCACATACAGTTCCAA	TRUE	TRUE
GCACGGTCATATGGCT_Case_923	440_GCACGGTCATATGGCT	TRUE	TRUE
GCACGTGAGCGTACAG_Case_923	440_GCACGTGAGCGTACAG	TRUE	TRUE
GCACGTGGTAAGTTAG_Case_923	440_GCACGTGGTAAGTTAG	TRUE	TRUE
GCACGTGTCTCACGAA_Case_923	440_GCACGTGTCTCACGAA	TRUE	TRUE
GCACTAAAGGTTATAG_Case_923	440_GCACTAAAGGTTATAG	TRUE	TRUE
GCAGCCAGTATCGTGT_Case_923	440_GCAGCCAGTATCGTGT	TRUE	TRUE
GCAGCTGAGAAGATCT_Case_923	440_GCAGCTGAGAAGATCT	TRUE	TRUE
GCAGCTGAGAAGCCTG_Case_923	440_GCAGCTGAGAAGCCTG	TRUE	TRUE
GCAGCTGAGACGAGCT_Case_923	440_GCAGCTGAGACGAGCT	TRUE	TRUE
GCAGCTGCAACCGGAA_Case_923	440_GCAGCTGCAACCGGAA	TRUE	TRUE
GCAGCTGGTACAGTTC_Case_923	440_GCAGCTGGTACAGTTC	TRUE	TRUE
GCAGCTGTCGTTCTCG_Case_923	440_GCAGCTGTCGTTCTCG	TRUE	TRUE
GCAGGCTCAATCCAGT_Case_923	440_GCAGGCTCAATCCAGT	TRUE	TRUE
GCAGTTAAGCGCTGAA_Case_923	440_GCAGTTAAGCGCTGAA	TRUE	TRUE
GCAGTTACAACCCGCA_Case_923	440_GCAGTTACAACCCGCA	TRUE	TRUE
GCATCGGAGCTGAGTG_Case_923	440_GCATCGGAGCTGAGTG	TRUE	TRUE
GCATCGGTCACACGAT_Case_923	440_GCATCGGTCACACGAT	TRUE	TRUE
GCATCGGTCGTCGGGT_Case_923	440_GCATCGGTCGTCGGGT	TRUE	TRUE
GCATCTCAGCACTAAA_Case_923	440_GCATCTCAGCACTAAA	TRUE	TRUE
GCATCTCAGGTCACCC_Case_923	440_GCATCTCAGGTCACCC	TRUE	TRUE
GCATCTCCAGATTAAG_Case_923	440_GCATCTCCAGATTAAG	TRUE	TRUE
GCATCTCTCAAAGACA_Case_923	440_GCATCTCTCAAAGACA	TRUE	TRUE
GCATCTCTCTGAGAGG_Case_923	440_GCATCTCTCTGAGAGG	TRUE	TRUE
GCATGATAGCGTCTGC_Case_923	440_GCATGATAGCGTCTGC	TRUE	TRUE
GCATGATAGTAGCCAG_Case_923	440_GCATGATAGTAGCCAG	TRUE	TRUE
GCATGATGTGCTCTCT_Case_923	440_GCATGATGTGCTCTCT	TRUE	TRUE
GCATTAGAGTGGCGAT_Case_923	440_GCATTAGAGTGGCGAT	TRUE	TRUE
GCATTAGTCCTAGCCT_Case_923	440_GCATTAGTCCTAGCCT	TRUE	TRUE
GCCAGCACATCAGCAT_Case_923	440_GCCAGCACATCAGCAT	TRUE	TRUE
GCCAGCACATTCGATG_Case_923	440_GCCAGCACATTCGATG	TRUE	TRUE
GCCAGCAGTAACTGCT_Case_923	440_GCCAGCAGTAACTGCT	TRUE	TRUE
GCCAGCATCTTTCGAT_Case_923	440_GCCAGCATCTTTCGAT	TRUE	TRUE
GCCAGGTAGCATGAAT_Case_923	440_GCCAGGTAGCATGAAT	TRUE	TRUE
GCCAGGTAGTGTAGAT_Case_923	440_GCCAGGTAGTGTAGAT	TRUE	TRUE
GCCAGGTAGTTACGTC_Case_923	440_GCCAGGTAGTTACGTC	TRUE	TRUE
GCCAGGTCATGAGTAA_Case_923	440_GCCAGGTCATGAGTAA	TRUE	TRUE
GCCAGGTTCCTTCTAA_Case_923	440_GCCAGGTTCCTTCTAA	TRUE	TRUE
GCCAGTGAGCTACTGT_Case_923	440_GCCAGTGAGCTACTGT	TRUE	TRUE
GCCAGTGCAAGTGGTG_Case_923	440_GCCAGTGCAAGTGGTG	TRUE	TRUE
GCCAGTGCATAGTCGT_Case_923	440_GCCAGTGCATAGTCGT	TRUE	TRUE
GCCAGTGGTCAGTCGC_Case_923	440_GCCAGTGGTCAGTCGC	TRUE	TRUE
GCCAGTGGTTGCGAAG_Case_923	440_GCCAGTGGTTGCGAAG	TRUE	TRUE
GCCAGTGTCACGTAGT_Case_923	440_GCCAGTGTCACGTAGT	TRUE	TRUE
GCCAGTGTCTGTTGGA_Case_923	440_GCCAGTGTCTGTTGGA	TRUE	TRUE
GCCATGGAGGTGCCTC_Case_923	440_GCCATGGAGGTGCCTC	TRUE	TRUE
GCCATGGAGTGGTGGT_Case_923	440_GCCATGGAGTGGTGGT	TRUE	TRUE
GCCATGGCAAGAATGT_Case_923	440_GCCATGGCAAGAATGT	TRUE	TRUE
GCCATGGGTATTTCGG_Case_923	440_GCCATGGGTATTTCGG	TRUE	TRUE
GCCATTCAGTGCAGCA_Case_923	440_GCCATTCAGTGCAGCA	TRUE	TRUE
GCCATTCGTATATGGA_Case_923	440_GCCATTCGTATATGGA	TRUE	TRUE
GCCCAGAAGGATACAT_Case_923	440_GCCCAGAAGGATACAT	TRUE	TRUE
GCCCAGAAGGTGGCTA_Case_923	440_GCCCAGAAGGTGGCTA	TRUE	TRUE
GCCCAGATCGACTCCT_Case_923	440_GCCCAGATCGACTCCT	TRUE	TRUE
GCCCGAATCGGTTAGT_Case_923	440_GCCCGAATCGGTTAGT	TRUE	TRUE
GCCGATGCACGGCTAC_Case_923	440_GCCGATGCACGGCTAC	TRUE	TRUE
GCCGATGGTCCTGGTG_Case_923	440_GCCGATGGTCCTGGTG	TRUE	TRUE
GCCGTGAAGAGAGAAC_Case_923	440_GCCGTGAAGAGAGAAC	TRUE	TRUE
GCCGTGAGTGCCCACA_Case_923	440_GCCGTGAGTGCCCACA	TRUE	TRUE
GCCTGTTGTTGCCATA_Case_923	440_GCCTGTTGTTGCCATA	TRUE	TRUE
GCGAGAATCTGCGGGT_Case_923	440_GCGAGAATCTGCGGGT	TRUE	TRUE
GCGATCGGTAACCAGG_Case_923	440_GCGATCGGTAACCAGG	TRUE	TRUE
GCGGAAAAGTGCCCGT_Case_923	440_GCGGAAAAGTGCCCGT	TRUE	TRUE
GCGGAAAAGTTGCGAG_Case_923	440_GCGGAAAAGTTGCGAG	TRUE	TRUE
GCGGAAACAGTCTGGC_Case_923	440_GCGGAAACAGTCTGGC	TRUE	TRUE
GCGGAAAGTGCGACAA_Case_923	440_GCGGAAAGTGCGACAA	TRUE	TRUE
GCGGAAATCTGCTCTG_Case_923	440_GCGGAAATCTGCTCTG	TRUE	TRUE
GCGGATCGTTAGCTAC_Case_923	440_GCGGATCGTTAGCTAC	TRUE	TRUE
GCGTGCAAGGTGCTGA_Case_923	440_GCGTGCAAGGTGCTGA	TRUE	TRUE
GCGTGCACAGCGTGAA_Case_923	440_GCGTGCACAGCGTGAA	TRUE	TRUE
GCGTGCATCCAAACCA_Case_923	440_GCGTGCATCCAAACCA	TRUE	TRUE
GCGTGCATCCGGCAGT_Case_923	440_GCGTGCATCCGGCAGT	TRUE	TRUE
GCGTTTCAGATAGTGT_Case_923	440_GCGTTTCAGATAGTGT	TRUE	TRUE
GCTACAACATAATGCC_Case_923	440_GCTACAACATAATGCC	TRUE	TRUE
GCTACAATCCAACACA_Case_923	440_GCTACAATCCAACACA	TRUE	TRUE
GCTACCTAGTTGGCTT_Case_923	440_GCTACCTAGTTGGCTT	TRUE	TRUE
GCTACCTCATGGCGCT_Case_923	440_GCTACCTCATGGCGCT	TRUE	TRUE
GCTCAAACAAACGTGG_Case_923	440_GCTCAAACAAACGTGG	TRUE	TRUE
GCTCAAAGTGTGTGGA_Case_923	440_GCTCAAAGTGTGTGGA	TRUE	TRUE
GCTGAATAGCGAAACC_Case_923	440_GCTGAATAGCGAAACC	TRUE	TRUE
GCTGAATGTGTGAATA_Case_923	440_GCTGAATGTGTGAATA	TRUE	TRUE
GCTGCAGAGCTGGCCT_Case_923	440_GCTGCAGAGCTGGCCT	TRUE	TRUE
GCTGCAGCATCGATCA_Case_923	440_GCTGCAGCATCGATCA	TRUE	TRUE
GCTGCAGGTCCGGATC_Case_923	440_GCTGCAGGTCCGGATC	TRUE	TRUE
GCTGGGTTCTTGGATG_Case_923	440_GCTGGGTTCTTGGATG	TRUE	TRUE
GCTTCACGTCCCTGTT_Case_923	440_GCTTCACGTCCCTGTT	TRUE	TRUE
GCTTGGGAGGCATTTC_Case_923	440_GCTTGGGAGGCATTTC	TRUE	TRUE
GCTTGGGGTATCTCGA_Case_923	440_GCTTGGGGTATCTCGA	TRUE	TRUE
GCTTGGGTCTCTCAAT_Case_923	440_GCTTGGGTCTCTCAAT	TRUE	TRUE
GCTTTCGAGCCTGCCA_Case_923	440_GCTTTCGAGCCTGCCA	TRUE	TRUE
GCTTTCGGTCAACATC_Case_923	440_GCTTTCGGTCAACATC	TRUE	TRUE
GGAAGTGCAGCAATTC_Case_923	440_GGAAGTGCAGCAATTC	TRUE	TRUE
GGAATCTAGAGCTTTC_Case_923	440_GGAATCTAGAGCTTTC	TRUE	TRUE
GGAATCTGTACTCAAC_Case_923	440_GGAATCTGTACTCAAC	TRUE	TRUE
GGACGTCCATCAGTCA_Case_923	440_GGACGTCCATCAGTCA	TRUE	TRUE
GGACGTCTCACTGATG_Case_923	440_GGACGTCTCACTGATG	TRUE	TRUE
GGAGAACCAAGTGTCT_Case_923	440_GGAGAACCAAGTGTCT	TRUE	TRUE
GGAGATGAGAGCTGAC_Case_923	440_GGAGATGAGAGCTGAC	TRUE	TRUE
GGAGATGGTAGGTCAG_Case_923	440_GGAGATGGTAGGTCAG	TRUE	TRUE
GGAGATGTCATCACCC_Case_923	440_GGAGATGTCATCACCC	TRUE	TRUE
GGAGCAAAGTCCCAAT_Case_923	440_GGAGCAAAGTCCCAAT	TRUE	TRUE
GGAGCAAAGTTGCATC_Case_923	440_GGAGCAAAGTTGCATC	TRUE	TRUE
GGAGCAACACACAGAG_Case_923	440_GGAGCAACACACAGAG	TRUE	TRUE
GGAGGATAGTCATACC_Case_923	440_GGAGGATAGTCATACC	TRUE	TRUE
GGAGGATCAGGGATAC_Case_923	440_GGAGGATCAGGGATAC	TRUE	TRUE
GGAGGATGTACTTCCC_Case_923	440_GGAGGATGTACTTCCC	TRUE	TRUE
GGAGGTAGTTGCCAAT_Case_923	440_GGAGGTAGTTGCCAAT	TRUE	TRUE
GGAGGTATCTAGCCAA_Case_923	440_GGAGGTATCTAGCCAA	TRUE	TRUE
GGATCTACAAGTGATA_Case_923	440_GGATCTACAAGTGATA	TRUE	TRUE
GGATGTTGTCATCGCG_Case_923	440_GGATGTTGTCATCGCG	TRUE	TRUE
GGCACGTAGACGATAT_Case_923	440_GGCACGTAGACGATAT	TRUE	TRUE
GGCACGTCAACAAGTA_Case_923	440_GGCACGTCAACAAGTA	TRUE	TRUE
GGCACGTCACTTTATC_Case_923	440_GGCACGTCACTTTATC	TRUE	TRUE
GGCACGTGTTCTTAGG_Case_923	440_GGCACGTGTTCTTAGG	TRUE	TRUE
GGCAGTCAGGTCGTCC_Case_923	440_GGCAGTCAGGTCGTCC	TRUE	TRUE
GGCAGTCTCACTTGTT_Case_923	440_GGCAGTCTCACTTGTT	TRUE	TRUE
GGCAGTCTCTGCATAG_Case_923	440_GGCAGTCTCTGCATAG	TRUE	TRUE
GGCGTCAAGCCATTCA_Case_923	440_GGCGTCAAGCCATTCA	TRUE	TRUE
GGCTGTGGTATGGAAT_Case_923	440_GGCTGTGGTATGGAAT	TRUE	TRUE
GGCTTGGCAATCGAAA_Case_923	440_GGCTTGGCAATCGAAA	TRUE	TRUE
GGCTTGGCACCGAATT_Case_923	440_GGCTTGGCACCGAATT	TRUE	TRUE
GGCTTGGGTATACCTG_Case_923	440_GGCTTGGGTATACCTG	TRUE	TRUE
GGCTTGGGTATCGCGC_Case_923	440_GGCTTGGGTATCGCGC	TRUE	TRUE
GGCTTGGGTGTTGACT_Case_923	440_GGCTTGGGTGTTGACT	TRUE	TRUE
GGCTTTCAGAAATTCG_Case_923	440_GGCTTTCAGAAATTCG	TRUE	TRUE
GGCTTTCTCCGTAATG_Case_923	440_GGCTTTCTCCGTAATG	TRUE	TRUE
GGCTTTCTCTCCGATC_Case_923	440_GGCTTTCTCTCCGATC	TRUE	TRUE
GGCTTTCTCTTTGGAG_Case_923	440_GGCTTTCTCTTTGGAG	TRUE	TRUE
GGGAAGTCAAATAGCA_Case_923	440_GGGAAGTCAAATAGCA	TRUE	TRUE
GGGAAGTGTCCCTGAG_Case_923	440_GGGAAGTGTCCCTGAG	TRUE	TRUE
GGGAAGTGTTGTCCCT_Case_923	440_GGGAAGTGTTGTCCCT	TRUE	TRUE
GGGACAAAGACAGCTG_Case_923	440_GGGACAAAGACAGCTG	TRUE	TRUE
GGGACCTAGTAGATCA_Case_923	440_GGGACCTAGTAGATCA	TRUE	TRUE
GGGACCTCACAACGTT_Case_923	440_GGGACCTCACAACGTT	TRUE	TRUE
GGGACCTCATGTGACT_Case_923	440_GGGACCTCATGTGACT	TRUE	TRUE
GGGACCTGTGGACCTC_Case_923	440_GGGACCTGTGGACCTC	TRUE	TRUE
GGGACTCAGGTACAAT_Case_923	440_GGGACTCAGGTACAAT	TRUE	TRUE
GGGACTCGTCAGACTT_Case_923	440_GGGACTCGTCAGACTT	TRUE	TRUE
GGGACTCTCCGCACGA_Case_923	440_GGGACTCTCCGCACGA	TRUE	TRUE
GGGAGATCATCGTGGC_Case_923	440_GGGAGATCATCGTGGC	TRUE	TRUE
GGGAGATTCCGGACTG_Case_923	440_GGGAGATTCCGGACTG	TRUE	TRUE
GGGAGTAAGATGTTAG_Case_923	440_GGGAGTAAGATGTTAG	TRUE	TRUE
GGGAGTAAGGAATTAC_Case_923	440_GGGAGTAAGGAATTAC	TRUE	TRUE
GGGAGTACACGGTGTC_Case_923	440_GGGAGTACACGGTGTC	TRUE	TRUE
GGGAGTATCCCGGTAG_Case_923	440_GGGAGTATCCCGGTAG	TRUE	TRUE
GGGAGTATCTACTGCC_Case_923	440_GGGAGTATCTACTGCC	TRUE	TRUE
GGGATGAAGTGCCGAA_Case_923	440_GGGATGAAGTGCCGAA	TRUE	TRUE
GGGATGAAGTTCGCAT_Case_923	440_GGGATGAAGTTCGCAT	TRUE	TRUE
GGGATGATCACTCTTA_Case_923	440_GGGATGATCACTCTTA	TRUE	TRUE
GGGATGATCAGTAGGG_Case_923	440_GGGATGATCAGTAGGG	TRUE	TRUE
GGGCCATCAGCAGACA_Case_923	440_GGGCCATCAGCAGACA	TRUE	TRUE
GGGCCATGTATCAAGA_Case_923	440_GGGCCATGTATCAAGA	TRUE	TRUE
GGGCCATGTATTGGCT_Case_923	440_GGGCCATGTATTGGCT	TRUE	TRUE
GGGCCATGTGCATTTG_Case_923	440_GGGCCATGTGCATTTG	TRUE	TRUE
GGGCCATTCATGCCAA_Case_923	440_GGGCCATTCATGCCAA	TRUE	TRUE
GGGCCATTCGAGAACG_Case_923	440_GGGCCATTCGAGAACG	TRUE	TRUE
GGGCGTTTCAGCAGAG_Case_923	440_GGGCGTTTCAGCAGAG	TRUE	TRUE
GGGCGTTTCCACTGAA_Case_923	440_GGGCGTTTCCACTGAA	TRUE	TRUE
GGGCGTTTCGTCAGAT_Case_923	440_GGGCGTTTCGTCAGAT	TRUE	TRUE
GGGCTACGTCTACGTA_Case_923	440_GGGCTACGTCTACGTA	TRUE	TRUE
GGGCTACTCAAGCGTT_Case_923	440_GGGCTACTCAAGCGTT	TRUE	TRUE
GGGCTACTCTCTAAGG_Case_923	440_GGGCTACTCTCTAAGG	TRUE	TRUE
GGGCTCAGTACAAGTA_Case_923	440_GGGCTCAGTACAAGTA	TRUE	TRUE
GGGCTCAGTATAGGAT_Case_923	440_GGGCTCAGTATAGGAT	TRUE	TRUE
GGGCTCATCTGACGCG_Case_923	440_GGGCTCATCTGACGCG	TRUE	TRUE
GGGTAGAAGCAAATCA_Case_923	440_GGGTAGAAGCAAATCA	TRUE	TRUE
GGGTAGACAATGACCT_Case_923	440_GGGTAGACAATGACCT	TRUE	TRUE
GGGTAGAGTCGTTTCC_Case_923	440_GGGTAGAGTCGTTTCC	TRUE	TRUE
GGGTATTAGACCAGCA_Case_923	440_GGGTATTAGACCAGCA	TRUE	TRUE
GGGTATTCACAGCCTG_Case_923	440_GGGTATTCACAGCCTG	TRUE	TRUE
GGGTATTTCACAATGC_Case_923	440_GGGTATTTCACAATGC	TRUE	TRUE
GGGTATTTCACTTGTT_Case_923	440_GGGTATTTCACTTGTT	TRUE	TRUE
GGGTATTTCGACCACG_Case_923	440_GGGTATTTCGACCACG	TRUE	TRUE
GGGTATTTCGTTATCT_Case_923	440_GGGTATTTCGTTATCT	TRUE	TRUE
GGGTCACGTACGAGCA_Case_923	440_GGGTCACGTACGAGCA	TRUE	TRUE
GGGTCACGTATTTCTC_Case_923	440_GGGTCACGTATTTCTC	TRUE	TRUE
GGGTCACTCCGCAGTG_Case_923	440_GGGTCACTCCGCAGTG	TRUE	TRUE
GGGTCACTCGCCAATA_Case_923	440_GGGTCACTCGCCAATA	TRUE	TRUE
GGGTCACTCGCTGTTC_Case_923	440_GGGTCACTCGCTGTTC	TRUE	TRUE
GGGTCACTCTCGGCTT_Case_923	440_GGGTCACTCTCGGCTT	TRUE	TRUE
GGGTCTGGTTGCTAGT_Case_923	440_GGGTCTGGTTGCTAGT	TRUE	TRUE
GGGTCTGTCGAGAATA_Case_923	440_GGGTCTGTCGAGAATA	TRUE	TRUE
GGGTGAAGTAGCCCTG_Case_923	440_GGGTGAAGTAGCCCTG	TRUE	TRUE
GGGTGAATCTACCAGA_Case_923	440_GGGTGAATCTACCAGA	TRUE	TRUE
GGGTGTCCACTTCAAG_Case_923	440_GGGTGTCCACTTCAAG	TRUE	TRUE
GGGTGTCCAGCGTTGC_Case_923	440_GGGTGTCCAGCGTTGC	TRUE	TRUE
GGGTGTCGTCCCTAAA_Case_923	440_GGGTGTCGTCCCTAAA	TRUE	TRUE
GGGTGTCTCGAGCCAC_Case_923	440_GGGTGTCTCGAGCCAC	TRUE	TRUE
GGGTTATCACTGGCCA_Case_923	440_GGGTTATCACTGGCCA	TRUE	TRUE
GGGTTATTCAGGACGA_Case_923	440_GGGTTATTCAGGACGA	TRUE	TRUE
GGGTTATTCCAATCCC_Case_923	440_GGGTTATTCCAATCCC	TRUE	TRUE
GGGTTTACACTACGGC_Case_923	440_GGGTTTACACTACGGC	TRUE	TRUE
GGGTTTAGTCTTAGTG_Case_923	440_GGGTTTAGTCTTAGTG	TRUE	TRUE
GGTAACTAGTCCCAAT_Case_923	440_GGTAACTAGTCCCAAT	TRUE	TRUE
GGTAACTCACTACCCT_Case_923	440_GGTAACTCACTACCCT	TRUE	TRUE
GGTAACTGTACTGCCG_Case_923	440_GGTAACTGTACTGCCG	TRUE	TRUE
GGTAATCGTACAAGCG_Case_923	440_GGTAATCGTACAAGCG	TRUE	TRUE
GGTAATCTCCTGTAAG_Case_923	440_GGTAATCTCCTGTAAG	TRUE	TRUE
GGTAGAGCACTGCACG_Case_923	440_GGTAGAGCACTGCACG	TRUE	TRUE
GGTAGAGCATGGAATA_Case_923	440_GGTAGAGCATGGAATA	TRUE	TRUE
GGTAGAGGTACCAGAG_Case_923	440_GGTAGAGGTACCAGAG	TRUE	TRUE
GGTAGAGTCATAGAGA_Case_923	440_GGTAGAGTCATAGAGA	TRUE	TRUE
GGTCACGCAATTGTGC_Case_923	440_GGTCACGCAATTGTGC	TRUE	TRUE
GGTCACGCAGTAGAGC_Case_923	440_GGTCACGCAGTAGAGC	TRUE	TRUE
GGTCACGTCCTATTTG_Case_923	440_GGTCACGTCCTATTTG	TRUE	TRUE
GGTCTGGCAGATAAAC_Case_923	440_GGTCTGGCAGATAAAC	TRUE	TRUE
GGTCTGGCATCCGTGG_Case_923	440_GGTCTGGCATCCGTGG	TRUE	TRUE
GGTCTGGGTGCCTACG_Case_923	440_GGTCTGGGTGCCTACG	TRUE	TRUE
GGTCTGGTCTCATGGA_Case_923	440_GGTCTGGTCTCATGGA	TRUE	TRUE
GGTCTGGTCTCTCGAC_Case_923	440_GGTCTGGTCTCTCGAC	TRUE	TRUE
GGTGAAGCAAAGCTAA_Case_923	440_GGTGAAGCAAAGCTAA	TRUE	TRUE
GGTGAAGCAGGTGTTT_Case_923	440_GGTGAAGCAGGTGTTT	TRUE	TRUE
GGTGAAGGTAAGATTG_Case_923	440_GGTGAAGGTAAGATTG	TRUE	TRUE
GGTGAAGGTACGAAAT_Case_923	440_GGTGAAGGTACGAAAT	TRUE	TRUE
GGTGAAGGTCTGTCAA_Case_923	440_GGTGAAGGTCTGTCAA	TRUE	TRUE
GGTGAAGTCCGGTTCT_Case_923	440_GGTGAAGTCCGGTTCT	TRUE	TRUE
GGTGAAGTCGCCTATC_Case_923	440_GGTGAAGTCGCCTATC	TRUE	TRUE
GGTGGCTAGAGGGCGA_Case_923	440_GGTGGCTAGAGGGCGA	TRUE	TRUE
GGTGTCGGTCCATACA_Case_923	440_GGTGTCGGTCCATACA	TRUE	TRUE
GGTGTCGGTCCGAAAG_Case_923	440_GGTGTCGGTCCGAAAG	TRUE	TRUE
GGTGTTAAGTAGGAAG_Case_923	440_GGTGTTAAGTAGGAAG	TRUE	TRUE
GGTGTTACAAAGAACT_Case_923	440_GGTGTTACAAAGAACT	TRUE	TRUE
GGTGTTACAGGCACAA_Case_923	440_GGTGTTACAGGCACAA	TRUE	TRUE
GGTGTTACAGGTTACT_Case_923	440_GGTGTTACAGGTTACT	TRUE	TRUE
GGTTAACAGTTGCGAG_Case_923	440_GGTTAACAGTTGCGAG	TRUE	TRUE
GGTTAACCAAATCCCA_Case_923	440_GGTTAACCAAATCCCA	TRUE	TRUE
GGTTAACTCCGATCTC_Case_923	440_GGTTAACTCCGATCTC	TRUE	TRUE
GGTTAACTCGTCTACC_Case_923	440_GGTTAACTCGTCTACC	TRUE	TRUE
GGTTCTCAGAGATCGC_Case_923	440_GGTTCTCAGAGATCGC	TRUE	TRUE
GGTTCTCCATGGCTGC_Case_923	440_GGTTCTCCATGGCTGC	TRUE	TRUE
GGTTCTCGTAAGACCG_Case_923	440_GGTTCTCGTAAGACCG	TRUE	TRUE
GGTTCTCGTCCCGGTA_Case_923	440_GGTTCTCGTCCCGGTA	TRUE	TRUE
GGTTCTCTCGCGGTAC_Case_923	440_GGTTCTCTCGCGGTAC	TRUE	TRUE
GGTTGTAAGCATGGGT_Case_923	440_GGTTGTAAGCATGGGT	TRUE	TRUE
GGTTGTATCAAACCCA_Case_923	440_GGTTGTATCAAACCCA	TRUE	TRUE
GGTTGTATCGCTAATG_Case_923	440_GGTTGTATCGCTAATG	TRUE	TRUE
GTAACACCACCCATAA_Case_923	440_GTAACACCACCCATAA	TRUE	TRUE
GTAACCAAGGGTGAGG_Case_923	440_GTAACCAAGGGTGAGG	TRUE	TRUE
GTAAGTCGTGCGTTTA_Case_923	440_GTAAGTCGTGCGTTTA	TRUE	TRUE
GTAATCGAGGAGCAAA_Case_923	440_GTAATCGAGGAGCAAA	TRUE	TRUE
GTAATCGCAGTTGCGC_Case_923	440_GTAATCGCAGTTGCGC	TRUE	TRUE
GTAATCGCATAGGTTC_Case_923	440_GTAATCGCATAGGTTC	TRUE	TRUE
GTAATCGGTAACGATA_Case_923	440_GTAATCGGTAACGATA	TRUE	TRUE
GTAATCGTCATGTCTT_Case_923	440_GTAATCGTCATGTCTT	TRUE	TRUE
GTAATCGTCCATGAGT_Case_923	440_GTAATCGTCCATGAGT	TRUE	TRUE
GTAATCGTCCGTACGG_Case_923	440_GTAATCGTCCGTACGG	TRUE	TRUE
GTAATGCAGAGAAGGT_Case_923	440_GTAATGCAGAGAAGGT	TRUE	TRUE
GTAATGCCAACGATCT_Case_923	440_GTAATGCCAACGATCT	TRUE	TRUE
GTACAACAGACCAGAC_Case_923	440_GTACAACAGACCAGAC	TRUE	TRUE
GTACAACAGGGTGGGA_Case_923	440_GTACAACAGGGTGGGA	TRUE	TRUE
GTACAACCAATGAACA_Case_923	440_GTACAACCAATGAACA	TRUE	TRUE
GTACAACCACCATATG_Case_923	440_GTACAACCACCATATG	TRUE	TRUE
GTACAGTCATACTGAC_Case_923	440_GTACAGTCATACTGAC	TRUE	TRUE
GTACAGTCATATACCG_Case_923	440_GTACAGTCATATACCG	TRUE	TRUE
GTACAGTCATTCACAG_Case_923	440_GTACAGTCATTCACAG	TRUE	TRUE
GTACAGTGTAGCTTAC_Case_923	440_GTACAGTGTAGCTTAC	TRUE	TRUE
GTACAGTGTGATACAA_Case_923	440_GTACAGTGTGATACAA	TRUE	TRUE
GTACAGTTCCAGTACA_Case_923	440_GTACAGTTCCAGTACA	TRUE	TRUE
GTACAGTTCTAGACCA_Case_923	440_GTACAGTTCTAGACCA	TRUE	TRUE
GTAGAAACACAAGTGG_Case_923	440_GTAGAAACACAAGTGG	TRUE	TRUE
GTAGAAAGTACGATTC_Case_923	440_GTAGAAAGTACGATTC	TRUE	TRUE
GTAGAAATCGCGTGAC_Case_923	440_GTAGAAATCGCGTGAC	TRUE	TRUE
GTAGAAATCTCAACGA_Case_923	440_GTAGAAATCTCAACGA	TRUE	TRUE
GTAGAAATCTTGGTGA_Case_923	440_GTAGAAATCTTGGTGA	TRUE	TRUE
GTAGAGGCAGTGGCTC_Case_923	440_GTAGAGGCAGTGGCTC	TRUE	TRUE
GTAGAGGTCGACCAAT_Case_923	440_GTAGAGGTCGACCAAT	TRUE	TRUE
GTAGATCAGTACGTCT_Case_923	440_GTAGATCAGTACGTCT	TRUE	TRUE
GTAGATCCACCGCTGA_Case_923	440_GTAGATCCACCGCTGA	TRUE	TRUE
GTAGATCGTCTGATCA_Case_923	440_GTAGATCGTCTGATCA	TRUE	TRUE
GTAGCTAGTTTCTATC_Case_923	440_GTAGCTAGTTTCTATC	TRUE	TRUE
GTAGCTATCCATTGTT_Case_923	440_GTAGCTATCCATTGTT	TRUE	TRUE
GTAGCTATCGTAGTCA_Case_923	440_GTAGCTATCGTAGTCA	TRUE	TRUE
GTAGGAGAGCGACATG_Case_923	440_GTAGGAGAGCGACATG	TRUE	TRUE
GTAGGTTAGCCTTGAT_Case_923	440_GTAGGTTAGCCTTGAT	TRUE	TRUE
GTAGGTTCACGCTATA_Case_923	440_GTAGGTTCACGCTATA	TRUE	TRUE
GTAGGTTGTTATTCCT_Case_923	440_GTAGGTTGTTATTCCT	TRUE	TRUE
GTAGGTTTCCCGAGAC_Case_923	440_GTAGGTTTCCCGAGAC	TRUE	TRUE
GTAGTACCAATTGGTC_Case_923	440_GTAGTACCAATTGGTC	TRUE	TRUE
GTAGTACGTTCGGCGT_Case_923	440_GTAGTACGTTCGGCGT	TRUE	TRUE
GTAGTACTCAGTCACA_Case_923	440_GTAGTACTCAGTCACA	TRUE	TRUE
GTATTGGAGGTCTACT_Case_923	440_GTATTGGAGGTCTACT	TRUE	TRUE
GTATTGGCAGAGATTA_Case_923	440_GTATTGGCAGAGATTA	TRUE	TRUE
GTATTGGTCTTCGACC_Case_923	440_GTATTGGTCTTCGACC	TRUE	TRUE
GTATTTCAGTAGAGTT_Case_923	440_GTATTTCAGTAGAGTT	TRUE	TRUE
GTATTTCGTCGTAATC_Case_923	440_GTATTTCGTCGTAATC	TRUE	TRUE
GTCAAACAGCAATAGT_Case_923	440_GTCAAACAGCAATAGT	TRUE	TRUE
GTCAAACCAGTCTACA_Case_923	440_GTCAAACCAGTCTACA	TRUE	TRUE
GTCAAACTCGACCATA_Case_923	440_GTCAAACTCGACCATA	TRUE	TRUE
GTCAAGTCAACTGGTT_Case_923	440_GTCAAGTCAACTGGTT	TRUE	TRUE
GTCAAGTCAGAATGTA_Case_923	440_GTCAAGTCAGAATGTA	TRUE	TRUE
GTCACGGGTACGACAG_Case_923	440_GTCACGGGTACGACAG	TRUE	TRUE
GTCACTCGTCCCGGTA_Case_923	440_GTCACTCGTCCCGGTA	TRUE	TRUE
GTCACTCTCGTAATGC_Case_923	440_GTCACTCTCGTAATGC	TRUE	TRUE
GTCAGCGAGGTCGACA_Case_923	440_GTCAGCGAGGTCGACA	TRUE	TRUE
GTCAGCGCAAGATTGA_Case_923	440_GTCAGCGCAAGATTGA	TRUE	TRUE
GTCAGCGCACCGTGCA_Case_923	440_GTCAGCGCACCGTGCA	TRUE	TRUE
GTCAGCGGTAGTATAG_Case_923	440_GTCAGCGGTAGTATAG	TRUE	TRUE
GTCAGCGTCTGCTTTA_Case_923	440_GTCAGCGTCTGCTTTA	TRUE	TRUE
GTCATCCAGAAGTGTT_Case_923	440_GTCATCCAGAAGTGTT	TRUE	TRUE
GTCATCCCAACCAACT_Case_923	440_GTCATCCCAACCAACT	TRUE	TRUE
GTCATCCCACTCATAG_Case_923	440_GTCATCCCACTCATAG	TRUE	TRUE
GTCATGACAACAGCCC_Case_923	440_GTCATGACAACAGCCC	TRUE	TRUE
GTCATGATCACCATCC_Case_923	440_GTCATGATCACCATCC	TRUE	TRUE
GTCATTTTCCCACAGG_Case_923	440_GTCATTTTCCCACAGG	TRUE	TRUE
GTCCACTGTGTCGCTG_Case_923	440_GTCCACTGTGTCGCTG	TRUE	TRUE
GTCCCATGTATAGCTC_Case_923	440_GTCCCATGTATAGCTC	TRUE	TRUE
GTCCTCACAACGTTAC_Case_923	440_GTCCTCACAACGTTAC	TRUE	TRUE
GTCCTCATCCTCTCTT_Case_923	440_GTCCTCATCCTCTCTT	TRUE	TRUE
GTCCTCATCGTTATCT_Case_923	440_GTCCTCATCGTTATCT	TRUE	TRUE
GTCCTCATCTCTGCCA_Case_923	440_GTCCTCATCTCTGCCA	TRUE	TRUE
GTCGAATCAGCAGTAG_Case_923	440_GTCGAATCAGCAGTAG	TRUE	TRUE
GTCGAATTCACTGTTT_Case_923	440_GTCGAATTCACTGTTT	TRUE	TRUE
GTCGAATTCATTGTTC_Case_923	440_GTCGAATTCATTGTTC	TRUE	TRUE
GTCGCGACAGTAACGG_Case_923	440_GTCGCGACAGTAACGG	TRUE	TRUE
GTCGCGATCAACTACG_Case_923	440_GTCGCGATCAACTACG	TRUE	TRUE
GTCGTAAGTTTGTTGG_Case_923	440_GTCGTAAGTTTGTTGG	TRUE	TRUE
GTCGTAATCGAGAAGC_Case_923	440_GTCGTAATCGAGAAGC	TRUE	TRUE
GTCGTAATCTGGCCGA_Case_923	440_GTCGTAATCTGGCCGA	TRUE	TRUE
GTCGTTCAGGTGCTTT_Case_923	440_GTCGTTCAGGTGCTTT	TRUE	TRUE
GTCTACCAGCCTGCCA_Case_923	440_GTCTACCAGCCTGCCA	TRUE	TRUE
GTCTACCAGGAAAGTG_Case_923	440_GTCTACCAGGAAAGTG	TRUE	TRUE
GTCTACCAGGTACTGG_Case_923	440_GTCTACCAGGTACTGG	TRUE	TRUE
GTCTAGAAGGACGCTA_Case_923	440_GTCTAGAAGGACGCTA	TRUE	TRUE
GTCTAGACAGGTCTCG_Case_923	440_GTCTAGACAGGTCTCG	TRUE	TRUE
GTCTAGACAGTCCCGA_Case_923	440_GTCTAGACAGTCCCGA	TRUE	TRUE
GTCTAGATCTTAAGGC_Case_923	440_GTCTAGATCTTAAGGC	TRUE	TRUE
GTCTCACAGAGGGTGG_Case_923	440_GTCTCACAGAGGGTGG	TRUE	TRUE
GTCTGTCTCCACTTTA_Case_923	440_GTCTGTCTCCACTTTA	TRUE	TRUE
GTCTTTAAGCTGGCTC_Case_923	440_GTCTTTAAGCTGGCTC	TRUE	TRUE
GTCTTTAAGGGTACAC_Case_923	440_GTCTTTAAGGGTACAC	TRUE	TRUE
GTCTTTACAAACTCGT_Case_923	440_GTCTTTACAAACTCGT	TRUE	TRUE
GTGACGCGTCTCGGAC_Case_923	440_GTGACGCGTCTCGGAC	TRUE	TRUE
GTGACGCTCGAGTCCG_Case_923	440_GTGACGCTCGAGTCCG	TRUE	TRUE
GTGAGCCAGCCGATAG_Case_923	440_GTGAGCCAGCCGATAG	TRUE	TRUE
GTGAGCCAGTTAGTAG_Case_923	440_GTGAGCCAGTTAGTAG	TRUE	TRUE
GTGAGCCCACAACGCC_Case_923	440_GTGAGCCCACAACGCC	TRUE	TRUE
GTGAGGATCGGCTTGG_Case_923	440_GTGAGGATCGGCTTGG	TRUE	TRUE
GTGAGTTAGACCCTTA_Case_923	440_GTGAGTTAGACCCTTA	TRUE	TRUE
GTGAGTTAGTCGCCAC_Case_923	440_GTGAGTTAGTCGCCAC	TRUE	TRUE
GTGAGTTTCAAGCCCG_Case_923	440_GTGAGTTTCAAGCCCG	TRUE	TRUE
GTGATGTAGTGTGTTC_Case_923	440_GTGATGTAGTGTGTTC	TRUE	TRUE
GTGATGTCACCGTGAC_Case_923	440_GTGATGTCACCGTGAC	TRUE	TRUE
GTGCACGAGTATGGAT_Case_923	440_GTGCACGAGTATGGAT	TRUE	TRUE
GTGCAGCCAGGCTACC_Case_923	440_GTGCAGCCAGGCTACC	TRUE	TRUE
GTGCGTGCAACATCGT_Case_923	440_GTGCGTGCAACATCGT	TRUE	TRUE
GTGCGTGCACCAACAT_Case_923	440_GTGCGTGCACCAACAT	TRUE	TRUE
GTGCGTGGTGAGCTCC_Case_923	440_GTGCGTGGTGAGCTCC	TRUE	TRUE
GTGCGTGTCGATAACC_Case_923	440_GTGCGTGTCGATAACC	TRUE	TRUE
GTGCTGGAGAAGCGGG_Case_923	440_GTGCTGGAGAAGCGGG	TRUE	TRUE
GTGCTGGAGTTACGTC_Case_923	440_GTGCTGGAGTTACGTC	TRUE	TRUE
GTGCTGGGTATACCTG_Case_923	440_GTGCTGGGTATACCTG	TRUE	TRUE
GTGCTGGGTTTACGTG_Case_923	440_GTGCTGGGTTTACGTG	TRUE	TRUE
GTGCTGGTCTCATGCC_Case_923	440_GTGCTGGTCTCATGCC	TRUE	TRUE
GTGCTTCTCCGTATAG_Case_923	440_GTGCTTCTCCGTATAG	TRUE	TRUE
GTGCTTCTCCTCACGT_Case_923	440_GTGCTTCTCCTCACGT	TRUE	TRUE
GTGGAAGAGGAACTCG_Case_923	440_GTGGAAGAGGAACTCG	TRUE	TRUE
GTGGAAGCACTGAGGA_Case_923	440_GTGGAAGCACTGAGGA	TRUE	TRUE
GTGGAAGGTGCAATAA_Case_923	440_GTGGAAGGTGCAATAA	TRUE	TRUE
GTGGAAGTCATCACAG_Case_923	440_GTGGAAGTCATCACAG	TRUE	TRUE
GTGGAAGTCCGAACGC_Case_923	440_GTGGAAGTCCGAACGC	TRUE	TRUE
GTGGAGAAGTGTTCAC_Case_923	440_GTGGAGAAGTGTTCAC	TRUE	TRUE
GTGGAGACATCGTGCG_Case_923	440_GTGGAGACATCGTGCG	TRUE	TRUE
GTGGCGTAGAGGCTGT_Case_923	440_GTGGCGTAGAGGCTGT	TRUE	TRUE
GTGGCGTAGGAGAATG_Case_923	440_GTGGCGTAGGAGAATG	TRUE	TRUE
GTGGCGTCATGTAACC_Case_923	440_GTGGCGTCATGTAACC	TRUE	TRUE
GTGGGAACAGAGGCTA_Case_923	440_GTGGGAACAGAGGCTA	TRUE	TRUE
GTGGTTACAGCGACCT_Case_923	440_GTGGTTACAGCGACCT	TRUE	TRUE
GTGGTTACATCATTGG_Case_923	440_GTGGTTACATCATTGG	TRUE	TRUE
GTGGTTATCCCATGGG_Case_923	440_GTGGTTATCCCATGGG	TRUE	TRUE
GTGTAACAGGGAGGCA_Case_923	440_GTGTAACAGGGAGGCA	TRUE	TRUE
GTGTAACCACCCTGTT_Case_923	440_GTGTAACCACCCTGTT	TRUE	TRUE
GTGTAACGTTAGGGTG_Case_923	440_GTGTAACGTTAGGGTG	TRUE	TRUE
GTGTCCTAGCGCCCAT_Case_923	440_GTGTCCTAGCGCCCAT	TRUE	TRUE
GTGTCCTCAGCTCCTT_Case_923	440_GTGTCCTCAGCTCCTT	TRUE	TRUE
GTGTCCTTCCTAAACG_Case_923	440_GTGTCCTTCCTAAACG	TRUE	TRUE
GTGTGATAGTCTGGTT_Case_923	440_GTGTGATAGTCTGGTT	TRUE	TRUE
GTGTGATTCAACGTGT_Case_923	440_GTGTGATTCAACGTGT	TRUE	TRUE
GTGTGATTCATGGGAG_Case_923	440_GTGTGATTCATGGGAG	TRUE	TRUE
GTGTGATTCGTAACTG_Case_923	440_GTGTGATTCGTAACTG	TRUE	TRUE
GTGTGGCAGCATGGGT_Case_923	440_GTGTGGCAGCATGGGT	TRUE	TRUE
GTGTTAGAGGAAGTAG_Case_923	440_GTGTTAGAGGAAGTAG	TRUE	TRUE
GTGTTAGGTCCGATCG_Case_923	440_GTGTTAGGTCCGATCG	TRUE	TRUE
GTGTTCCAGAGTCAGC_Case_923	440_GTGTTCCAGAGTCAGC	TRUE	TRUE
GTGTTCCTCACTTTGT_Case_923	440_GTGTTCCTCACTTTGT	TRUE	TRUE
GTGTTCCTCGGTAGAG_Case_923	440_GTGTTCCTCGGTAGAG	TRUE	TRUE
GTTACAGGTACCAGAG_Case_923	440_GTTACAGGTACCAGAG	TRUE	TRUE
GTTACCCAGCTAAGTA_Case_923	440_GTTACCCAGCTAAGTA	TRUE	TRUE
GTTACCCGTATCCTTT_Case_923	440_GTTACCCGTATCCTTT	TRUE	TRUE
GTTACCCGTTAGGCCC_Case_923	440_GTTACCCGTTAGGCCC	TRUE	TRUE
GTTACGAAGGTAGCCA_Case_923	440_GTTACGAAGGTAGCCA	TRUE	TRUE
GTTACGATCCGGTAAT_Case_923	440_GTTACGATCCGGTAAT	TRUE	TRUE
GTTAGACAGTCATACC_Case_923	440_GTTAGACAGTCATACC	TRUE	TRUE
GTTAGACCAGTCTTCC_Case_923	440_GTTAGACCAGTCTTCC	TRUE	TRUE
GTTAGACGTGGAAGTC_Case_923	440_GTTAGACGTGGAAGTC	TRUE	TRUE
GTTAGTGAGCCTCATA_Case_923	440_GTTAGTGAGCCTCATA	TRUE	TRUE
GTTAGTGCAGGCCCTA_Case_923	440_GTTAGTGCAGGCCCTA	TRUE	TRUE
GTTAGTGGTCGACTGC_Case_923	440_GTTAGTGGTCGACTGC	TRUE	TRUE
GTTAGTGTCAACCTCC_Case_923	440_GTTAGTGTCAACCTCC	TRUE	TRUE
GTTATGGGTTAGGGAC_Case_923	440_GTTATGGGTTAGGGAC	TRUE	TRUE
GTTATGGTCTGAGGCC_Case_923	440_GTTATGGTCTGAGGCC	TRUE	TRUE
GTTCATTCACAGAGCA_Case_923	440_GTTCATTCACAGAGCA	TRUE	TRUE
GTTCATTCAGCAGATG_Case_923	440_GTTCATTCAGCAGATG	TRUE	TRUE
GTTCATTCAGCGAGTA_Case_923	440_GTTCATTCAGCGAGTA	TRUE	TRUE
GTTCATTGTCTGTCAA_Case_923	440_GTTCATTGTCTGTCAA	TRUE	TRUE
GTTCCGTAGAGCTGAC_Case_923	440_GTTCCGTAGAGCTGAC	TRUE	TRUE
GTTCCGTCAAACTAAG_Case_923	440_GTTCCGTCAAACTAAG	TRUE	TRUE
GTTCCGTTCCAGCTCT_Case_923	440_GTTCCGTTCCAGCTCT	TRUE	TRUE
GTTCGCTCACCCTTGT_Case_923	440_GTTCGCTCACCCTTGT	TRUE	TRUE
GTTCGCTGTCCGATCG_Case_923	440_GTTCGCTGTCCGATCG	TRUE	TRUE
GTTCTATAGCCAAGTG_Case_923	440_GTTCTATAGCCAAGTG	TRUE	TRUE
GTTCTATGTACCCACG_Case_923	440_GTTCTATGTACCCACG	TRUE	TRUE
GTTCTATGTTAGCGGA_Case_923	440_GTTCTATGTTAGCGGA	TRUE	TRUE
GTTCTATTCATCGACA_Case_923	440_GTTCTATTCATCGACA	TRUE	TRUE
GTTCTATTCGCTCATC_Case_923	440_GTTCTATTCGCTCATC	TRUE	TRUE
GTTGAACAGGTAAGAG_Case_923	440_GTTGAACAGGTAAGAG	TRUE	TRUE
GTTGAACCAACCCTCT_Case_923	440_GTTGAACCAACCCTCT	TRUE	TRUE
GTTGAACCAGCAGAAC_Case_923	440_GTTGAACCAGCAGAAC	TRUE	TRUE
GTTGAACCATAGAGGC_Case_923	440_GTTGAACCATAGAGGC	TRUE	TRUE
GTTGCGGAGTTGGCTT_Case_923	440_GTTGCGGAGTTGGCTT	TRUE	TRUE
GTTGCGGGTCGCATCG_Case_923	440_GTTGCGGGTCGCATCG	TRUE	TRUE
GTTGCTCAGACGAAGA_Case_923	440_GTTGCTCAGACGAAGA	TRUE	TRUE
GTTGCTCAGAGTTGAT_Case_923	440_GTTGCTCAGAGTTGAT	TRUE	TRUE
GTTGCTCGTGGACCAA_Case_923	440_GTTGCTCGTGGACCAA	TRUE	TRUE
GTTGCTCGTGTCCCTT_Case_923	440_GTTGCTCGTGTCCCTT	TRUE	TRUE
GTTGTAGAGATAGTCA_Case_923	440_GTTGTAGAGATAGTCA	TRUE	TRUE
GTTGTAGTCATACAGC_Case_923	440_GTTGTAGTCATACAGC	TRUE	TRUE
GTTGTAGTCTACACTT_Case_923	440_GTTGTAGTCTACACTT	TRUE	TRUE
GTTGTAGTCTTACGTT_Case_923	440_GTTGTAGTCTTACGTT	TRUE	TRUE
GTTGTCCCATCTGGGC_Case_923	440_GTTGTCCCATCTGGGC	TRUE	TRUE
GTTGTCCTCTTCTCAA_Case_923	440_GTTGTCCTCTTCTCAA	TRUE	TRUE
GTTGTGACAAACTAAG_Case_923	440_GTTGTGACAAACTAAG	TRUE	TRUE
GTTGTGACATGAATCC_Case_923	440_GTTGTGACATGAATCC	TRUE	TRUE
GTTGTGAGTGACCGTC_Case_923	440_GTTGTGAGTGACCGTC	TRUE	TRUE
GTTTACTCAGGGTCTC_Case_923	440_GTTTACTCAGGGTCTC	TRUE	TRUE
TAACACGAGACAGCTG_Case_923	440_TAACACGAGACAGCTG	TRUE	TRUE
TAACACGGTAACCCTA_Case_923	440_TAACACGGTAACCCTA	TRUE	TRUE
TAACCAGAGCAATTAG_Case_923	440_TAACCAGAGCAATTAG	TRUE	TRUE
TAACCAGAGTTGCTCA_Case_923	440_TAACCAGAGTTGCTCA	TRUE	TRUE
TAACCAGCAATGAACA_Case_923	440_TAACCAGCAATGAACA	TRUE	TRUE
TAACCAGCAGAAACCG_Case_923	440_TAACCAGCAGAAACCG	TRUE	TRUE
TAACCAGCATAATCGC_Case_923	440_TAACCAGCATAATCGC	TRUE	TRUE
TAACCAGTCCACGAAT_Case_923	440_TAACCAGTCCACGAAT	TRUE	TRUE
TAACGACCACGGCACT_Case_923	440_TAACGACCACGGCACT	TRUE	TRUE
TAACGACTCCTCACTG_Case_923	440_TAACGACTCCTCACTG	TRUE	TRUE
TAACTTCCAAACTAAG_Case_923	440_TAACTTCCAAACTAAG	TRUE	TRUE
TAACTTCGTCTTCAAG_Case_923	440_TAACTTCGTCTTCAAG	TRUE	TRUE
TAAGCACAGCTGGAGT_Case_923	440_TAAGCACAGCTGGAGT	TRUE	TRUE
TAAGCACGTGTGACCC_Case_923	440_TAAGCACGTGTGACCC	TRUE	TRUE
TAAGCACGTTGTTTGG_Case_923	440_TAAGCACGTTGTTTGG	TRUE	TRUE
TAAGCACTCCCAACTC_Case_923	440_TAAGCACTCCCAACTC	TRUE	TRUE
TAAGCACTCGGATTAC_Case_923	440_TAAGCACTCGGATTAC	TRUE	TRUE
TAAGCCAGTTATCTGG_Case_923	440_TAAGCCAGTTATCTGG	TRUE	TRUE
TAAGCCAGTTGCTCGG_Case_923	440_TAAGCCAGTTGCTCGG	TRUE	TRUE
TAAGCCATCTCGACCT_Case_923	440_TAAGCCATCTCGACCT	TRUE	TRUE
TAAGCGTCAGCCGGTT_Case_923	440_TAAGCGTCAGCCGGTT	TRUE	TRUE
TAAGCGTCATAAGCGG_Case_923	440_TAAGCGTCATAAGCGG	TRUE	TRUE
TAAGTCGAGAGTCTGG_Case_923	440_TAAGTCGAGAGTCTGG	TRUE	TRUE
TAAGTCGGTCTGTCAA_Case_923	440_TAAGTCGGTCTGTCAA	TRUE	TRUE
TAATCTCAGTCGCTAT_Case_923	440_TAATCTCAGTCGCTAT	TRUE	TRUE
TAATCTCGTAATGATG_Case_923	440_TAATCTCGTAATGATG	TRUE	TRUE
TAATCTCTCAAACCTG_Case_923	440_TAATCTCTCAAACCTG	TRUE	TRUE
TAATTCCCAACTGATC_Case_923	440_TAATTCCCAACTGATC	TRUE	TRUE
TAATTCCCACTCCCTA_Case_923	440_TAATTCCCACTCCCTA	TRUE	TRUE
TAATTCCCAGCGACCT_Case_923	440_TAATTCCCAGCGACCT	TRUE	TRUE
TAATTCCGTTCTTGCC_Case_923	440_TAATTCCGTTCTTGCC	TRUE	TRUE
TACAACGCATCGATCA_Case_923	440_TACAACGCATCGATCA	TRUE	TRUE
TACACCCAGGTCGTAG_Case_923	440_TACACCCAGGTCGTAG	TRUE	TRUE
TACACCCCAGGCTACC_Case_923	440_TACACCCCAGGCTACC	TRUE	TRUE
TACACCCTCAGCTGAT_Case_923	440_TACACCCTCAGCTGAT	TRUE	TRUE
TACACCCTCATGAAAG_Case_923	440_TACACCCTCATGAAAG	TRUE	TRUE
TACAGGTAGTCGCTAT_Case_923	440_TACAGGTAGTCGCTAT	TRUE	TRUE
TACAGGTCATGGCCCA_Case_923	440_TACAGGTCATGGCCCA	TRUE	TRUE
TACAGGTTCAGCTGTA_Case_923	440_TACAGGTTCAGCTGTA	TRUE	TRUE
TACATTCAGTCTTCCC_Case_923	440_TACATTCAGTCTTCCC	TRUE	TRUE
TACATTCTCAATCTTC_Case_923	440_TACATTCTCAATCTTC	TRUE	TRUE
TACCCACAGTTGCTGT_Case_923	440_TACCCACAGTTGCTGT	TRUE	TRUE
TACCCACGTAACATAG_Case_923	440_TACCCACGTAACATAG	TRUE	TRUE
TACCCACGTTAGGCCC_Case_923	440_TACCCACGTTAGGCCC	TRUE	TRUE
TACCGAAAGAGGATGA_Case_923	440_TACCGAAAGAGGATGA	TRUE	TRUE
TACCGAAAGTTCCATG_Case_923	440_TACCGAAAGTTCCATG	TRUE	TRUE
TACCGAACACAATTCG_Case_923	440_TACCGAACACAATTCG	TRUE	TRUE
TACCGAATCATGAGGG_Case_923	440_TACCGAATCATGAGGG	TRUE	TRUE
TACCTCGAGGGCGAGA_Case_923	440_TACCTCGAGGGCGAGA	TRUE	TRUE
TACCTCGCACATGGTT_Case_923	440_TACCTCGCACATGGTT	TRUE	TRUE
TACCTCGGTACGAAAT_Case_923	440_TACCTCGGTACGAAAT	TRUE	TRUE
TACCTCGGTGACCGAA_Case_923	440_TACCTCGGTGACCGAA	TRUE	TRUE
TACCTCGTCGGTTGTA_Case_923	440_TACCTCGTCGGTTGTA	TRUE	TRUE
TACCTGCGTCAGCGTC_Case_923	440_TACCTGCGTCAGCGTC	TRUE	TRUE
TACGCTCAGACCAAAT_Case_923	440_TACGCTCAGACCAAAT	TRUE	TRUE
TACGCTCTCGGCACTG_Case_923	440_TACGCTCTCGGCACTG	TRUE	TRUE
TACGGGCCACGTCTCT_Case_923	440_TACGGGCCACGTCTCT	TRUE	TRUE
TACGGGCGTCACTCTC_Case_923	440_TACGGGCGTCACTCTC	TRUE	TRUE
TACGGGCTCGCTTACC_Case_923	440_TACGGGCTCGCTTACC	TRUE	TRUE
TACGGGCTCTCGCGTT_Case_923	440_TACGGGCTCTCGCGTT	TRUE	TRUE
TACGGTAAGCCGTTGC_Case_923	440_TACGGTAAGCCGTTGC	TRUE	TRUE
TACGGTACAGATCCTA_Case_923	440_TACGGTACAGATCCTA	TRUE	TRUE
TACGTCCAGATCCTAC_Case_923	440_TACGTCCAGATCCTAC	TRUE	TRUE
TACGTCCAGTTCCGTA_Case_923	440_TACGTCCAGTTCCGTA	TRUE	TRUE
TACGTCCCAGTGTACT_Case_923	440_TACGTCCCAGTGTACT	TRUE	TRUE
TACTGCCCAGGAGGTT_Case_923	440_TACTGCCCAGGAGGTT	TRUE	TRUE
TACTGCCTCCGCTAGG_Case_923	440_TACTGCCTCCGCTAGG	TRUE	TRUE
TACTTACCAGTCTACA_Case_923	440_TACTTACCAGTCTACA	TRUE	TRUE
TACTTACTCTACCTTA_Case_923	440_TACTTACTCTACCTTA	TRUE	TRUE
TACTTCAGTAAGGCCA_Case_923	440_TACTTCAGTAAGGCCA	TRUE	TRUE
TACTTGTCACAAGGTG_Case_923	440_TACTTGTCACAAGGTG	TRUE	TRUE
TAGACCACAACGATTC_Case_923	440_TAGACCACAACGATTC	TRUE	TRUE
TAGACCAGTCGGCCTA_Case_923	440_TAGACCAGTCGGCCTA	TRUE	TRUE
TAGACTGCAGTCTCTC_Case_923	440_TAGACTGCAGTCTCTC	TRUE	TRUE
TAGAGTCCACAAGCTT_Case_923	440_TAGAGTCCACAAGCTT	TRUE	TRUE
TAGAGTCCACATATCG_Case_923	440_TAGAGTCCACATATCG	TRUE	TRUE
TAGAGTCCACCTGCAG_Case_923	440_TAGAGTCCACCTGCAG	TRUE	TRUE
TAGAGTCGTGTTTCTT_Case_923	440_TAGAGTCGTGTTTCTT	TRUE	TRUE
TAGAGTCTCTCACGAA_Case_923	440_TAGAGTCTCTCACGAA	TRUE	TRUE
TAGATCGCATGGGTCC_Case_923	440_TAGATCGCATGGGTCC	TRUE	TRUE
TAGATCGTCTGGCCGA_Case_923	440_TAGATCGTCTGGCCGA	TRUE	TRUE
TAGCACAAGGATATAC_Case_923	440_TAGCACAAGGATATAC	TRUE	TRUE
TAGCACAGTAATGCGG_Case_923	440_TAGCACAGTAATGCGG	TRUE	TRUE
TAGCACATCATCGTAG_Case_923	440_TAGCACATCATCGTAG	TRUE	TRUE
TAGCACATCGCGCCAA_Case_923	440_TAGCACATCGCGCCAA	TRUE	TRUE
TAGGAGGGTATGGGAC_Case_923	440_TAGGAGGGTATGGGAC	TRUE	TRUE
TAGGAGGGTTGTTGCA_Case_923	440_TAGGAGGGTTGTTGCA	TRUE	TRUE
TAGGAGGTCAAGTCTG_Case_923	440_TAGGAGGTCAAGTCTG	TRUE	TRUE
TAGGGTTCAGAGGCTA_Case_923	440_TAGGGTTCAGAGGCTA	TRUE	TRUE
TAGGGTTGTGCGTTTA_Case_923	440_TAGGGTTGTGCGTTTA	TRUE	TRUE
TAGGGTTTCTGCTTAT_Case_923	440_TAGGGTTTCTGCTTAT	TRUE	TRUE
TAGGTACCACGGATCC_Case_923	440_TAGGTACCACGGATCC	TRUE	TRUE
TAGGTTGAGAACAAGG_Case_923	440_TAGGTTGAGAACAAGG	TRUE	TRUE
TAGGTTGAGGTACAAT_Case_923	440_TAGGTTGAGGTACAAT	TRUE	TRUE
TAGGTTGCAAATAAGC_Case_923	440_TAGGTTGCAAATAAGC	TRUE	TRUE
TATACCTAGTCTCGTA_Case_923	440_TATACCTAGTCTCGTA	TRUE	TRUE
TATACCTCAGAGAGGG_Case_923	440_TATACCTCAGAGAGGG	TRUE	TRUE
TATACCTCAGCAGGAT_Case_923	440_TATACCTCAGCAGGAT	TRUE	TRUE
TATACCTCAGGCATGA_Case_923	440_TATACCTCAGGCATGA	TRUE	TRUE
TATACCTGTATGAAGT_Case_923	440_TATACCTGTATGAAGT	TRUE	TRUE
TATACCTGTCGCAACC_Case_923	440_TATACCTGTCGCAACC	TRUE	TRUE
TATACCTTCTGTGCAA_Case_923	440_TATACCTTCTGTGCAA	TRUE	TRUE
TATATCCCAACAGTGG_Case_923	440_TATATCCCAACAGTGG	TRUE	TRUE
TATATCCCAGACTGCC_Case_923	440_TATATCCCAGACTGCC	TRUE	TRUE
TATATCCGTCGCTGCA_Case_923	440_TATATCCGTCGCTGCA	TRUE	TRUE
TATCAGGAGACCTTTG_Case_923	440_TATCAGGAGACCTTTG	TRUE	TRUE
TATCAGGGTATCAAGA_Case_923	440_TATCAGGGTATCAAGA	TRUE	TRUE
TATCAGGGTCGCTTAA_Case_923	440_TATCAGGGTCGCTTAA	TRUE	TRUE
TATCCTAAGTCAGCGA_Case_923	440_TATCCTAAGTCAGCGA	TRUE	TRUE
TATCCTACAGAAGCTG_Case_923	440_TATCCTACAGAAGCTG	TRUE	TRUE
TATCGCCAGACTCGAG_Case_923	440_TATCGCCAGACTCGAG	TRUE	TRUE
TATCGCCAGCAGTACG_Case_923	440_TATCGCCAGCAGTACG	TRUE	TRUE
TATCGCCAGGCTCCCA_Case_923	440_TATCGCCAGGCTCCCA	TRUE	TRUE
TATCGCCGTAGGGAGG_Case_923	440_TATCGCCGTAGGGAGG	TRUE	TRUE
TATCGCCGTCGTCTCT_Case_923	440_TATCGCCGTCGTCTCT	TRUE	TRUE
TATCGCCGTGACAACG_Case_923	440_TATCGCCGTGACAACG	TRUE	TRUE
TATCGCCTCGCCACTT_Case_923	440_TATCGCCTCGCCACTT	TRUE	TRUE
TATCTGTAGCCAAGCA_Case_923	440_TATCTGTAGCCAAGCA	TRUE	TRUE
TATCTGTGTGCAGATG_Case_923	440_TATCTGTGTGCAGATG	TRUE	TRUE
TATCTTGAGCGCATCC_Case_923	440_TATCTTGAGCGCATCC	TRUE	TRUE
TATCTTGAGGAGGTTC_Case_923	440_TATCTTGAGGAGGTTC	TRUE	TRUE
TATGTTCAGTAGGTTA_Case_923	440_TATGTTCAGTAGGTTA	TRUE	TRUE
TATGTTCGTCTCGCGA_Case_923	440_TATGTTCGTCTCGCGA	TRUE	TRUE
TATGTTCGTTCGAACT_Case_923	440_TATGTTCGTTCGAACT	TRUE	TRUE
TATTCCAAGCAATTCC_Case_923	440_TATTCCAAGCAATTCC	TRUE	TRUE
TATTCCAAGTGCGCTC_Case_923	440_TATTCCAAGTGCGCTC	TRUE	TRUE
TATTGCTCAGAACATA_Case_923	440_TATTGCTCAGAACATA	TRUE	TRUE
TATTGCTGTGCAGATG_Case_923	440_TATTGCTGTGCAGATG	TRUE	TRUE
TATTGCTGTTCAGCTA_Case_923	440_TATTGCTGTTCAGCTA	TRUE	TRUE
TATTGGGAGCACCCAC_Case_923	440_TATTGGGAGCACCCAC	TRUE	TRUE
TATTGGGGTGCCCAGT_Case_923	440_TATTGGGGTGCCCAGT	TRUE	TRUE
TATTGGGGTTAAAGTG_Case_923	440_TATTGGGGTTAAAGTG	TRUE	TRUE
TATTGGGGTTATTCTC_Case_923	440_TATTGGGGTTATTCTC	TRUE	TRUE
TATTGGGTCGTTCTAT_Case_923	440_TATTGGGTCGTTCTAT	TRUE	TRUE
TATTTCGGTCCGATCG_Case_923	440_TATTTCGGTCCGATCG	TRUE	TRUE
TCAAGACAGACCATGG_Case_923	440_TCAAGACAGACCATGG	TRUE	TRUE
TCAAGACCACTCTCGT_Case_923	440_TCAAGACCACTCTCGT	TRUE	TRUE
TCAAGACTCGCTCATC_Case_923	440_TCAAGACTCGCTCATC	TRUE	TRUE
TCAAGACTCTGTTGGA_Case_923	440_TCAAGACTCTGTTGGA	TRUE	TRUE
TCAAGCACATAGGCGA_Case_923	440_TCAAGCACATAGGCGA	TRUE	TRUE
TCAAGCAGTACAAAGT_Case_923	440_TCAAGCAGTACAAAGT	TRUE	TRUE
TCAAGCATCACTTATC_Case_923	440_TCAAGCATCACTTATC	TRUE	TRUE
TCAAGTGGTACAGTTC_Case_923	440_TCAAGTGGTACAGTTC	TRUE	TRUE
TCAAGTGTCGTACACA_Case_923	440_TCAAGTGTCGTACACA	TRUE	TRUE
TCAATCTCACTAGGTT_Case_923	440_TCAATCTCACTAGGTT	TRUE	TRUE
TCAATCTGTTAGCGGA_Case_923	440_TCAATCTGTTAGCGGA	TRUE	TRUE
TCAATCTTCACCCTGT_Case_923	440_TCAATCTTCACCCTGT	TRUE	TRUE
TCAATCTTCGTGCGAC_Case_923	440_TCAATCTTCGTGCGAC	TRUE	TRUE
TCAATTCAGGACCCAA_Case_923	440_TCAATTCAGGACCCAA	TRUE	TRUE
TCAATTCGTGATCGTT_Case_923	440_TCAATTCGTGATCGTT	TRUE	TRUE
TCAATTCGTGTATCCA_Case_923	440_TCAATTCGTGTATCCA	TRUE	TRUE
TCACAAGAGTAATTGG_Case_923	440_TCACAAGAGTAATTGG	TRUE	TRUE
TCACAAGCACTGCGTG_Case_923	440_TCACAAGCACTGCGTG	TRUE	TRUE
TCACACCCAATCGCAT_Case_923	440_TCACACCCAATCGCAT	TRUE	TRUE
TCACATTAGATTTGCC_Case_923	440_TCACATTAGATTTGCC	TRUE	TRUE
TCACATTCATAATCCG_Case_923	440_TCACATTCATAATCCG	TRUE	TRUE
TCACATTGTTCGTGCG_Case_923	440_TCACATTGTTCGTGCG	TRUE	TRUE
TCACATTTCCGTCACT_Case_923	440_TCACATTTCCGTCACT	TRUE	TRUE
TCACATTTCTCTCGAC_Case_923	440_TCACATTTCTCTCGAC	TRUE	TRUE
TCACATTTCTTAGCAG_Case_923	440_TCACATTTCTTAGCAG	TRUE	TRUE
TCACGCTAGGATACCG_Case_923	440_TCACGCTAGGATACCG	TRUE	TRUE
TCACGCTGTCCGGTCA_Case_923	440_TCACGCTGTCCGGTCA	TRUE	TRUE
TCACGGGGTCCGGTCA_Case_923	440_TCACGGGGTCCGGTCA	TRUE	TRUE
TCACGGGTCGTGCTCT_Case_923	440_TCACGGGTCGTGCTCT	TRUE	TRUE
TCACTATTCCGCTGTT_Case_923	440_TCACTATTCCGCTGTT	TRUE	TRUE
TCACTCGCACTGTCCT_Case_923	440_TCACTCGCACTGTCCT	TRUE	TRUE
TCACTCGGTACAGTAA_Case_923	440_TCACTCGGTACAGTAA	TRUE	TRUE
TCACTCGGTATATGGA_Case_923	440_TCACTCGGTATATGGA	TRUE	TRUE
TCACTCGGTCACAGTT_Case_923	440_TCACTCGGTCACAGTT	TRUE	TRUE
TCACTCGTCGAGCCTG_Case_923	440_TCACTCGTCGAGCCTG	TRUE	TRUE
TCAGCAACACAGCTTA_Case_923	440_TCAGCAACACAGCTTA	TRUE	TRUE
TCAGCAAGTAGAATAC_Case_923	440_TCAGCAAGTAGAATAC	TRUE	TRUE
TCAGCAATCGCTTTAT_Case_923	440_TCAGCAATCGCTTTAT	TRUE	TRUE
TCAGCCTCAATGAACA_Case_923	440_TCAGCCTCAATGAACA	TRUE	TRUE
TCAGCCTTCTCAATCT_Case_923	440_TCAGCCTTCTCAATCT	TRUE	TRUE
TCAGGGCAGGCGATAC_Case_923	440_TCAGGGCAGGCGATAC	TRUE	TRUE
TCAGGGCAGTTCCAGT_Case_923	440_TCAGGGCAGTTCCAGT	TRUE	TRUE
TCAGGGCCAAGATCCT_Case_923	440_TCAGGGCCAAGATCCT	TRUE	TRUE
TCAGGGCCAAGTCATC_Case_923	440_TCAGGGCCAAGTCATC	TRUE	TRUE
TCAGGGCCACTCGATA_Case_923	440_TCAGGGCCACTCGATA	TRUE	TRUE
TCAGGGCTCGTGTCAA_Case_923	440_TCAGGGCTCGTGTCAA	TRUE	TRUE
TCAGGTAAGGTTGGAC_Case_923	440_TCAGGTAAGGTTGGAC	TRUE	TRUE
TCAGGTACATCCGGTG_Case_923	440_TCAGGTACATCCGGTG	TRUE	TRUE
TCAGTCCAGCGCCATC_Case_923	440_TCAGTCCAGCGCCATC	TRUE	TRUE
TCAGTCCAGCTCGGCT_Case_923	440_TCAGTCCAGCTCGGCT	TRUE	TRUE
TCAGTCCCACTGAGTT_Case_923	440_TCAGTCCCACTGAGTT	TRUE	TRUE
TCAGTGAGTTCGGCTG_Case_923	440_TCAGTGAGTTCGGCTG	TRUE	TRUE
TCAGTGATCATCACTT_Case_923	440_TCAGTGATCATCACTT	TRUE	TRUE
TCAGTGATCGTTCATT_Case_923	440_TCAGTGATCGTTCATT	TRUE	TRUE
TCAGTTTAGGATACGC_Case_923	440_TCAGTTTAGGATACGC	TRUE	TRUE
TCAGTTTCACAAGCCC_Case_923	440_TCAGTTTCACAAGCCC	TRUE	TRUE
TCAGTTTTCCCTCATG_Case_923	440_TCAGTTTTCCCTCATG	TRUE	TRUE
TCAGTTTTCGGAGATG_Case_923	440_TCAGTTTTCGGAGATG	TRUE	TRUE
TCATACTGTGTGATGG_Case_923	440_TCATACTGTGTGATGG	TRUE	TRUE
TCATATCCAGGCATGA_Case_923	440_TCATATCCAGGCATGA	TRUE	TRUE
TCATATCTCTAACGGT_Case_923	440_TCATATCTCTAACGGT	TRUE	TRUE
TCATCATCAATGCAGG_Case_923	440_TCATCATCAATGCAGG	TRUE	TRUE
TCATCCGGTAGCTTAC_Case_923	440_TCATCCGGTAGCTTAC	TRUE	TRUE
TCATCCGGTTCTAAGC_Case_923	440_TCATCCGGTTCTAAGC	TRUE	TRUE
TCATCCGTCGGTGTTA_Case_923	440_TCATCCGTCGGTGTTA	TRUE	TRUE
TCATGAGAGCGTCAGA_Case_923	440_TCATGAGAGCGTCAGA	TRUE	TRUE
TCATGAGCAAATGAGT_Case_923	440_TCATGAGCAAATGAGT	TRUE	TRUE
TCATGAGCAGTTAAAG_Case_923	440_TCATGAGCAGTTAAAG	TRUE	TRUE
TCATGAGCATTGACCA_Case_923	440_TCATGAGCATTGACCA	TRUE	TRUE
TCATGAGGTAGGTTTC_Case_923	440_TCATGAGGTAGGTTTC	TRUE	TRUE
TCATGAGTCGGTCGGT_Case_923	440_TCATGAGTCGGTCGGT	TRUE	TRUE
TCATGCCCAGACAAGC_Case_923	440_TCATGCCCAGACAAGC	TRUE	TRUE
TCATGCCGTTCCTAGA_Case_923	440_TCATGCCGTTCCTAGA	TRUE	TRUE
TCATGCCGTTGTCAGT_Case_923	440_TCATGCCGTTGTCAGT	TRUE	TRUE
TCATGGAAGCTGAAGC_Case_923	440_TCATGGAAGCTGAAGC	TRUE	TRUE
TCATGGATCAATGCAC_Case_923	440_TCATGGATCAATGCAC	TRUE	TRUE
TCATGGATCAGGAAAT_Case_923	440_TCATGGATCAGGAAAT	TRUE	TRUE
TCATGTTAGCCTCGTG_Case_923	440_TCATGTTAGCCTCGTG	TRUE	TRUE
TCATGTTAGCGGCTCT_Case_923	440_TCATGTTAGCGGCTCT	TRUE	TRUE
TCATGTTCACTGCATA_Case_923	440_TCATGTTCACTGCATA	TRUE	TRUE
TCATGTTCATCATCCC_Case_923	440_TCATGTTCATCATCCC	TRUE	TRUE
TCATGTTTCACGATCA_Case_923	440_TCATGTTTCACGATCA	TRUE	TRUE
TCATTACGTGGCAGAT_Case_923	440_TCATTACGTGGCAGAT	TRUE	TRUE
TCATTACTCAAGAAAC_Case_923	440_TCATTACTCAAGAAAC	TRUE	TRUE
TCATTACTCCGGGACT_Case_923	440_TCATTACTCCGGGACT	TRUE	TRUE
TCATTCACAGAGTTCT_Case_923	440_TCATTCACAGAGTTCT	TRUE	TRUE
TCATTCACAGCATGCC_Case_923	440_TCATTCACAGCATGCC	TRUE	TRUE
TCATTCAGTGGACAGT_Case_923	440_TCATTCAGTGGACAGT	TRUE	TRUE
TCATTCATCGTACCTC_Case_923	440_TCATTCATCGTACCTC	TRUE	TRUE
TCATTGTAGCTAAGTA_Case_923	440_TCATTGTAGCTAAGTA	TRUE	TRUE
TCATTGTAGGGCCTCT_Case_923	440_TCATTGTAGGGCCTCT	TRUE	TRUE
TCATTGTGTCAGCTTA_Case_923	440_TCATTGTGTCAGCTTA	TRUE	TRUE
TCATTGTTCTCTAAGG_Case_923	440_TCATTGTTCTCTAAGG	TRUE	TRUE
TCATTTGGTACTAACC_Case_923	440_TCATTTGGTACTAACC	TRUE	TRUE
TCATTTGTCTACTGCC_Case_923	440_TCATTTGTCTACTGCC	TRUE	TRUE
TCCACCAAGGCGCTTC_Case_923	440_TCCACCAAGGCGCTTC	TRUE	TRUE
TCCACCACATGAAGCG_Case_923	440_TCCACCACATGAAGCG	TRUE	TRUE
TCCACCAGTAAGATTG_Case_923	440_TCCACCAGTAAGATTG	TRUE	TRUE
TCCACCAGTGCGGCTT_Case_923	440_TCCACCAGTGCGGCTT	TRUE	TRUE
TCCACCAGTTGCATTG_Case_923	440_TCCACCAGTTGCATTG	TRUE	TRUE
TCCACGTGTGCAACGA_Case_923	440_TCCACGTGTGCAACGA	TRUE	TRUE
TCCAGAACAGAAGTTA_Case_923	440_TCCAGAACAGAAGTTA	TRUE	TRUE
TCCAGAACATGGGATG_Case_923	440_TCCAGAACATGGGATG	TRUE	TRUE
TCCAGAAGTCCTCCAT_Case_923	440_TCCAGAAGTCCTCCAT	TRUE	TRUE
TCCAGAAGTTTCACTT_Case_923	440_TCCAGAAGTTTCACTT	TRUE	TRUE
TCCATCGAGACGCTCC_Case_923	440_TCCATCGAGACGCTCC	TRUE	TRUE
TCCATCGTCTAGACCA_Case_923	440_TCCATCGTCTAGACCA	TRUE	TRUE
TCCATGCCAGTCTGGC_Case_923	440_TCCATGCCAGTCTGGC	TRUE	TRUE
TCCCACAAGGGAGTTC_Case_923	440_TCCCACAAGGGAGTTC	TRUE	TRUE
TCCCACACAATGTCAC_Case_923	440_TCCCACACAATGTCAC	TRUE	TRUE
TCCCACATCAATCGGT_Case_923	440_TCCCACATCAATCGGT	TRUE	TRUE
TCCCACATCATCACTT_Case_923	440_TCCCACATCATCACTT	TRUE	TRUE
TCCCAGTAGAGGTGCT_Case_923	440_TCCCAGTAGAGGTGCT	TRUE	TRUE
TCCCAGTGTACTGACT_Case_923	440_TCCCAGTGTACTGACT	TRUE	TRUE
TCCCATGAGGAACGAA_Case_923	440_TCCCATGAGGAACGAA	TRUE	TRUE
TCCCATGAGTGGACGT_Case_923	440_TCCCATGAGTGGACGT	TRUE	TRUE
TCCCATGGTGACTATC_Case_923	440_TCCCATGGTGACTATC	TRUE	TRUE
TCCGAAACACGCAGTC_Case_923	440_TCCGAAACACGCAGTC	TRUE	TRUE
TCCGAAACAGAGATGC_Case_923	440_TCCGAAACAGAGATGC	TRUE	TRUE
TCCGATCCAGCCCAGT_Case_923	440_TCCGATCCAGCCCAGT	TRUE	TRUE
TCCGATCCATCCGATA_Case_923	440_TCCGATCCATCCGATA	TRUE	TRUE
TCCGGGAGTACTGAGG_Case_923	440_TCCGGGAGTACTGAGG	TRUE	TRUE
TCCGGGATCAAAGGAT_Case_923	440_TCCGGGATCAAAGGAT	TRUE	TRUE
TCCGGGATCCATACTT_Case_923	440_TCCGGGATCCATACTT	TRUE	TRUE
TCCGTGTCAACTCCCT_Case_923	440_TCCGTGTCAACTCCCT	TRUE	TRUE
TCCGTGTCACACCGAC_Case_923	440_TCCGTGTCACACCGAC	TRUE	TRUE
TCCTAATAGACGGTCA_Case_923	440_TCCTAATAGACGGTCA	TRUE	TRUE
TCCTAATCAATCAAGA_Case_923	440_TCCTAATCAATCAAGA	TRUE	TRUE
TCCTCGAAGATGCAGC_Case_923	440_TCCTCGAAGATGCAGC	TRUE	TRUE
TCCTCGAAGCACCTGC_Case_923	440_TCCTCGAAGCACCTGC	TRUE	TRUE
TCCTCGAGTCCGACGT_Case_923	440_TCCTCGAGTCCGACGT	TRUE	TRUE
TCCTCTTCATCAGTCA_Case_923	440_TCCTCTTCATCAGTCA	TRUE	TRUE
TCCTCTTGTCACTGAT_Case_923	440_TCCTCTTGTCACTGAT	TRUE	TRUE
TCCTCTTGTGACACAG_Case_923	440_TCCTCTTGTGACACAG	TRUE	TRUE
TCCTCTTTCATCTCTA_Case_923	440_TCCTCTTTCATCTCTA	TRUE	TRUE
TCCTCTTTCTCCAATT_Case_923	440_TCCTCTTTCTCCAATT	TRUE	TRUE
TCCTGCACACAACGTT_Case_923	440_TCCTGCACACAACGTT	TRUE	TRUE
TCCTGCACAGATTCGT_Case_923	440_TCCTGCACAGATTCGT	TRUE	TRUE
TCCTTCTAGAGTTGAT_Case_923	440_TCCTTCTAGAGTTGAT	TRUE	TRUE
TCCTTCTTCTGGGCCA_Case_923	440_TCCTTCTTCTGGGCCA	TRUE	TRUE
TCCTTTCAGACCAGAC_Case_923	440_TCCTTTCAGACCAGAC	TRUE	TRUE
TCCTTTCGTCTTGAGT_Case_923	440_TCCTTTCGTCTTGAGT	TRUE	TRUE
TCGAACAAGAAATCCA_Case_923	440_TCGAACAAGAAATCCA	TRUE	TRUE
TCGAACAAGGAGCTGT_Case_923	440_TCGAACAAGGAGCTGT	TRUE	TRUE
TCGAACACAAGCTGCC_Case_923	440_TCGAACACAAGCTGCC	TRUE	TRUE
TCGAACATCCGAGATT_Case_923	440_TCGAACATCCGAGATT	TRUE	TRUE
TCGAAGTAGGGATCAC_Case_923	440_TCGAAGTAGGGATCAC	TRUE	TRUE
TCGAAGTCAAGCAGGT_Case_923	440_TCGAAGTCAAGCAGGT	TRUE	TRUE
TCGAAGTTCGCTAAAC_Case_923	440_TCGAAGTTCGCTAAAC	TRUE	TRUE
TCGACCTCACGGTAGA_Case_923	440_TCGACCTCACGGTAGA	TRUE	TRUE
TCGACGGAGCCTGCCA_Case_923	440_TCGACGGAGCCTGCCA	TRUE	TRUE
TCGACGGAGGTAATCA_Case_923	440_TCGACGGAGGTAATCA	TRUE	TRUE
TCGACGGCAGGTAGTG_Case_923	440_TCGACGGCAGGTAGTG	TRUE	TRUE
TCGACGGGTGCTATTG_Case_923	440_TCGACGGGTGCTATTG	TRUE	TRUE
TCGACGGGTTACCTGA_Case_923	440_TCGACGGGTTACCTGA	TRUE	TRUE
TCGATTTAGCAAATCA_Case_923	440_TCGATTTAGCAAATCA	TRUE	TRUE
TCGATTTAGGTAAGTT_Case_923	440_TCGATTTAGGTAAGTT	TRUE	TRUE
TCGATTTAGTAAGGGA_Case_923	440_TCGATTTAGTAAGGGA	TRUE	TRUE
TCGATTTGTACCAGAG_Case_923	440_TCGATTTGTACCAGAG	TRUE	TRUE
TCGATTTGTGAGAGGG_Case_923	440_TCGATTTGTGAGAGGG	TRUE	TRUE
TCGCACTCAAACGGCA_Case_923	440_TCGCACTCAAACGGCA	TRUE	TRUE
TCGCAGGAGGAAACGA_Case_923	440_TCGCAGGAGGAAACGA	TRUE	TRUE
TCGCAGGCAGGGTTGA_Case_923	440_TCGCAGGCAGGGTTGA	TRUE	TRUE
TCGCAGGGTCAGATTC_Case_923	440_TCGCAGGGTCAGATTC	TRUE	TRUE
TCGCAGGGTCTAGATC_Case_923	440_TCGCAGGGTCTAGATC	TRUE	TRUE
TCGCAGGGTGGTAATA_Case_923	440_TCGCAGGGTGGTAATA	TRUE	TRUE
TCGCTCAAGAATCCCT_Case_923	440_TCGCTCAAGAATCCCT	TRUE	TRUE
TCGCTTGAGAGAGCAA_Case_923	440_TCGCTTGAGAGAGCAA	TRUE	TRUE
TCGCTTGAGGCTGAAC_Case_923	440_TCGCTTGAGGCTGAAC	TRUE	TRUE
TCGCTTGGTAGCCCTG_Case_923	440_TCGCTTGGTAGCCCTG	TRUE	TRUE
TCGCTTGTCGGACCAC_Case_923	440_TCGCTTGTCGGACCAC	TRUE	TRUE
TCGGATACAAATGATG_Case_923	440_TCGGATACAAATGATG	TRUE	TRUE
TCGGATACAGTTAGGG_Case_923	440_TCGGATACAGTTAGGG	TRUE	TRUE
TCGGATATCCGCAAAT_Case_923	440_TCGGATATCCGCAAAT	TRUE	TRUE
TCGGGACCAAGCGCAA_Case_923	440_TCGGGACCAAGCGCAA	TRUE	TRUE
TCGGGACCAGCTAACT_Case_923	440_TCGGGACCAGCTAACT	TRUE	TRUE
TCGGGACTCCCATACC_Case_923	440_TCGGGACTCCCATACC	TRUE	TRUE
TCGGGCACATGGCCCA_Case_923	440_TCGGGCACATGGCCCA	TRUE	TRUE
TCGGGCAGTCTTTCAT_Case_923	440_TCGGGCAGTCTTTCAT	TRUE	TRUE
TCGGGTGAGGTTGAGC_Case_923	440_TCGGGTGAGGTTGAGC	TRUE	TRUE
TCGGGTGCAAACGTGG_Case_923	440_TCGGGTGCAAACGTGG	TRUE	TRUE
TCGGGTGCACTCACTC_Case_923	440_TCGGGTGCACTCACTC	TRUE	TRUE
TCGGTCTAGATGAATC_Case_923	440_TCGGTCTAGATGAATC	TRUE	TRUE
TCGGTCTCACGTCGTG_Case_923	440_TCGGTCTCACGTCGTG	TRUE	TRUE
TCGGTCTGTTAAGGAT_Case_923	440_TCGGTCTGTTAAGGAT	TRUE	TRUE
TCGGTCTTCCTAGCCT_Case_923	440_TCGGTCTTCCTAGCCT	TRUE	TRUE
TCGTAGAAGTATCCTG_Case_923	440_TCGTAGAAGTATCCTG	TRUE	TRUE
TCGTAGACACCATATG_Case_923	440_TCGTAGACACCATATG	TRUE	TRUE
TCGTAGACAGCGACCT_Case_923	440_TCGTAGACAGCGACCT	TRUE	TRUE
TCGTCCAAGGCATCGA_Case_923	440_TCGTCCAAGGCATCGA	TRUE	TRUE
TCGTCCACAGACCTGC_Case_923	440_TCGTCCACAGACCTGC	TRUE	TRUE
TCGTGCTAGTCTCTGA_Case_923	440_TCGTGCTAGTCTCTGA	TRUE	TRUE
TCGTGCTGTCTATGAC_Case_923	440_TCGTGCTGTCTATGAC	TRUE	TRUE
TCGTGGGAGTATCTGC_Case_923	440_TCGTGGGAGTATCTGC	TRUE	TRUE
TCGTGGGGTACCCAGC_Case_923	440_TCGTGGGGTACCCAGC	TRUE	TRUE
TCGTGGGGTTTCACTT_Case_923	440_TCGTGGGGTTTCACTT	TRUE	TRUE
TCTAACTAGAATCGTA_Case_923	440_TCTAACTAGAATCGTA	TRUE	TRUE
TCTAACTAGGATCATA_Case_923	440_TCTAACTAGGATCATA	TRUE	TRUE
TCTAACTAGTAGAGTT_Case_923	440_TCTAACTAGTAGAGTT	TRUE	TRUE
TCTAACTCATGATAGA_Case_923	440_TCTAACTCATGATAGA	TRUE	TRUE
TCTAACTTCATAGACC_Case_923	440_TCTAACTTCATAGACC	TRUE	TRUE
TCTACATCACTGGAAG_Case_923	440_TCTACATCACTGGAAG	TRUE	TRUE
TCTACCGCATGCACTA_Case_923	440_TCTACCGCATGCACTA	TRUE	TRUE
TCTACCGGTATCGCAT_Case_923	440_TCTACCGGTATCGCAT	TRUE	TRUE
TCTACCGGTGGTGATG_Case_923	440_TCTACCGGTGGTGATG	TRUE	TRUE
TCTATACAGCGATCGA_Case_923	440_TCTATACAGCGATCGA	TRUE	TRUE
TCTATACAGGGAGATA_Case_923	440_TCTATACAGGGAGATA	TRUE	TRUE
TCTATACCAACTCCCT_Case_923	440_TCTATACCAACTCCCT	TRUE	TRUE
TCTATCAGTATCAGGG_Case_923	440_TCTATCAGTATCAGGG	TRUE	TRUE
TCTATCATCCTCTAAT_Case_923	440_TCTATCATCCTCTAAT	TRUE	TRUE
TCTATCATCTTCGGTC_Case_923	440_TCTATCATCTTCGGTC	TRUE	TRUE
TCTCACGCATCTGTTT_Case_923	440_TCTCACGCATCTGTTT	TRUE	TRUE
TCTCAGCGTTTACTGG_Case_923	440_TCTCAGCGTTTACTGG	TRUE	TRUE
TCTCCGAAGGATGCGT_Case_923	440_TCTCCGAAGGATGCGT	TRUE	TRUE
TCTCCGAAGGTCATAA_Case_923	440_TCTCCGAAGGTCATAA	TRUE	TRUE
TCTCCGACATGGTGGA_Case_923	440_TCTCCGACATGGTGGA	TRUE	TRUE
TCTCCGATCACTAGCA_Case_923	440_TCTCCGATCACTAGCA	TRUE	TRUE
TCTCCGATCGACCATA_Case_923	440_TCTCCGATCGACCATA	TRUE	TRUE
TCTCTGGAGAGAGCGG_Case_923	440_TCTCTGGAGAGAGCGG	TRUE	TRUE
TCTCTGGCACCCTATC_Case_923	440_TCTCTGGCACCCTATC	TRUE	TRUE
TCTCTGGCATAGGAGC_Case_923	440_TCTCTGGCATAGGAGC	TRUE	TRUE
TCTGCCAAGAATGTTG_Case_923	440_TCTGCCAAGAATGTTG	TRUE	TRUE
TCTGCCAAGCCTCAGC_Case_923	440_TCTGCCAAGCCTCAGC	TRUE	TRUE
TCTGCCAAGTTACGGG_Case_923	440_TCTGCCAAGTTACGGG	TRUE	TRUE
TCTGCCAGTCCCGTGA_Case_923	440_TCTGCCAGTCCCGTGA	TRUE	TRUE
TCTGCCATCCAATCTT_Case_923	440_TCTGCCATCCAATCTT	TRUE	TRUE
TCTGGCTAGGCATCAG_Case_923	440_TCTGGCTAGGCATCAG	TRUE	TRUE
TCTGGCTTCATCACTT_Case_923	440_TCTGGCTTCATCACTT	TRUE	TRUE
TCTGGCTTCTCTCCGA_Case_923	440_TCTGGCTTCTCTCCGA	TRUE	TRUE
TCTGTCGAGTTACGAA_Case_923	440_TCTGTCGAGTTACGAA	TRUE	TRUE
TCTGTCGCACCCAATA_Case_923	440_TCTGTCGCACCCAATA	TRUE	TRUE
TCTGTCGTCCAATCTT_Case_923	440_TCTGTCGTCCAATCTT	TRUE	TRUE
TCTTAGTCACGTTCGG_Case_923	440_TCTTAGTCACGTTCGG	TRUE	TRUE
TCTTAGTCAGAAGCTG_Case_923	440_TCTTAGTCAGAAGCTG	TRUE	TRUE
TCTTCCTAGAACGCGT_Case_923	440_TCTTCCTAGAACGCGT	TRUE	TRUE
TCTTCCTAGTCTCCTC_Case_923	440_TCTTCCTAGTCTCCTC	TRUE	TRUE
TCTTCCTTCTGCAGCG_Case_923	440_TCTTCCTTCTGCAGCG	TRUE	TRUE
TCTTGCGAGCAACAAT_Case_923	440_TCTTGCGAGCAACAAT	TRUE	TRUE
TCTTGCGCAGCCCAGT_Case_923	440_TCTTGCGCAGCCCAGT	TRUE	TRUE
TCTTGCGTCAGCCTCT_Case_923	440_TCTTGCGTCAGCCTCT	TRUE	TRUE
TCTTTGAAGTTGTACC_Case_923	440_TCTTTGAAGTTGTACC	TRUE	TRUE
TCTTTGAGTATGTCCA_Case_923	440_TCTTTGAGTATGTCCA	TRUE	TRUE
TGAACGTCATCATTTC_Case_923	440_TGAACGTCATCATTTC	TRUE	TRUE
TGAATGCCACATGGTT_Case_923	440_TGAATGCCACATGGTT	TRUE	TRUE
TGAATGCCAGCTTTCC_Case_923	440_TGAATGCCAGCTTTCC	TRUE	TRUE
TGAATGCGTGAGTTGG_Case_923	440_TGAATGCGTGAGTTGG	TRUE	TRUE
TGAATGCTCCTCACTG_Case_923	440_TGAATGCTCCTCACTG	TRUE	TRUE
TGACAGTAGCATTGAA_Case_923	440_TGACAGTAGCATTGAA	TRUE	TRUE
TGACAGTCAGATCATC_Case_923	440_TGACAGTCAGATCATC	TRUE	TRUE
TGACAGTGTATTGACC_Case_923	440_TGACAGTGTATTGACC	TRUE	TRUE
TGACAGTGTCTCTCAC_Case_923	440_TGACAGTGTCTCTCAC	TRUE	TRUE
TGACAGTGTTATTCTC_Case_923	440_TGACAGTGTTATTCTC	TRUE	TRUE
TGACAGTTCGTTCGCT_Case_923	440_TGACAGTTCGTTCGCT	TRUE	TRUE
TGACCCTGTTAAGACA_Case_923	440_TGACCCTGTTAAGACA	TRUE	TRUE
TGACCCTGTTAGGGAC_Case_923	440_TGACCCTGTTAGGGAC	TRUE	TRUE
TGACGCGAGACTTAAG_Case_923	440_TGACGCGAGACTTAAG	TRUE	TRUE
TGACGCGGTGCAATGG_Case_923	440_TGACGCGGTGCAATGG	TRUE	TRUE
TGACTCCCAAGCTCTA_Case_923	440_TGACTCCCAAGCTCTA	TRUE	TRUE
TGACTCCTCATACGGT_Case_923	440_TGACTCCTCATACGGT	TRUE	TRUE
TGACTCCTCTAGTCAG_Case_923	440_TGACTCCTCTAGTCAG	TRUE	TRUE
TGACTCCTCTGGTCAG_Case_923	440_TGACTCCTCTGGTCAG	TRUE	TRUE
TGAGACTTCTCATAGG_Case_923	440_TGAGACTTCTCATAGG	TRUE	TRUE
TGAGACTTCTTCCACG_Case_923	440_TGAGACTTCTTCCACG	TRUE	TRUE
TGAGCGCCACTAGTAC_Case_923	440_TGAGCGCCACTAGTAC	TRUE	TRUE
TGAGGAGCAGAGTCTT_Case_923	440_TGAGGAGCAGAGTCTT	TRUE	TRUE
TGAGGGACACCTATCC_Case_923	440_TGAGGGACACCTATCC	TRUE	TRUE
TGAGGGATCGATTGGT_Case_923	440_TGAGGGATCGATTGGT	TRUE	TRUE
TGAGGGATCGCTGTTC_Case_923	440_TGAGGGATCGCTGTTC	TRUE	TRUE
TGAGGGATCTTTGCTA_Case_923	440_TGAGGGATCTTTGCTA	TRUE	TRUE
TGAGGTTAGATACAGT_Case_923	440_TGAGGTTAGATACAGT	TRUE	TRUE
TGAGGTTCAGAGCTAG_Case_923	440_TGAGGTTCAGAGCTAG	TRUE	TRUE
TGAGGTTCAGCTGAAG_Case_923	440_TGAGGTTCAGCTGAAG	TRUE	TRUE
TGAGGTTGTCTAGGCC_Case_923	440_TGAGGTTGTCTAGGCC	TRUE	TRUE
TGAGTCAAGGCCTAAG_Case_923	440_TGAGTCAAGGCCTAAG	TRUE	TRUE
TGAGTCATCGGTAGGA_Case_923	440_TGAGTCATCGGTAGGA	TRUE	TRUE
TGATCAGGTAAGATTG_Case_923	440_TGATCAGGTAAGATTG	TRUE	TRUE
TGATGCACATTCGGGC_Case_923	440_TGATGCACATTCGGGC	TRUE	TRUE
TGATGCATCTGTGTGA_Case_923	440_TGATGCATCTGTGTGA	TRUE	TRUE
TGATGGTCACGTCATA_Case_923	440_TGATGGTCACGTCATA	TRUE	TRUE
TGATTCTAGAGAACCC_Case_923	440_TGATTCTAGAGAACCC	TRUE	TRUE
TGATTCTAGTAGCAAT_Case_923	440_TGATTCTAGTAGCAAT	TRUE	TRUE
TGATTCTGTACGGGAT_Case_923	440_TGATTCTGTACGGGAT	TRUE	TRUE
TGATTCTGTCATTGCA_Case_923	440_TGATTCTGTCATTGCA	TRUE	TRUE
TGATTCTGTTTAGAGA_Case_923	440_TGATTCTGTTTAGAGA	TRUE	TRUE
TGATTCTTCCTCTAGC_Case_923	440_TGATTCTTCCTCTAGC	TRUE	TRUE
TGATTTCAGATACTGA_Case_923	440_TGATTTCAGATACTGA	TRUE	TRUE
TGATTTCCACTCAAGT_Case_923	440_TGATTTCCACTCAAGT	TRUE	TRUE
TGATTTCGTATCGATC_Case_923	440_TGATTTCGTATCGATC	TRUE	TRUE
TGCACGGCACGTAGAG_Case_923	440_TGCACGGCACGTAGAG	TRUE	TRUE
TGCAGATCACCCGTAG_Case_923	440_TGCAGATCACCCGTAG	TRUE	TRUE
TGCAGATCAGTATTCG_Case_923	440_TGCAGATCAGTATTCG	TRUE	TRUE
TGCAGATTCTGGGCCA_Case_923	440_TGCAGATTCTGGGCCA	TRUE	TRUE
TGCAGGCCACCGTCTT_Case_923	440_TGCAGGCCACCGTCTT	TRUE	TRUE
TGCAGGCCAGAGGCTA_Case_923	440_TGCAGGCCAGAGGCTA	TRUE	TRUE
TGCAGGCGTTGGCCGT_Case_923	440_TGCAGGCGTTGGCCGT	TRUE	TRUE
TGCAGTAAGCCAACCC_Case_923	440_TGCAGTAAGCCAACCC	TRUE	TRUE
TGCAGTAAGTATTAGG_Case_923	440_TGCAGTAAGTATTAGG	TRUE	TRUE
TGCATCCAGTATGTAG_Case_923	440_TGCATCCAGTATGTAG	TRUE	TRUE
TGCATCCGTCCTACAA_Case_923	440_TGCATCCGTCCTACAA	TRUE	TRUE
TGCATCCTCCGATCGG_Case_923	440_TGCATCCTCCGATCGG	TRUE	TRUE
TGCATGAAGACAGCGT_Case_923	440_TGCATGAAGACAGCGT	TRUE	TRUE
TGCATGAAGCAACAGC_Case_923	440_TGCATGAAGCAACAGC	TRUE	TRUE
TGCATGATCCTCTAGC_Case_923	440_TGCATGATCCTCTAGC	TRUE	TRUE
TGCATGATCCTTCACG_Case_923	440_TGCATGATCCTTCACG	TRUE	TRUE
TGCATGATCTCATTGT_Case_923	440_TGCATGATCTCATTGT	TRUE	TRUE
TGCCGAGCAAGATGGC_Case_923	440_TGCCGAGCAAGATGGC	TRUE	TRUE
TGCGACGAGCATCAGG_Case_923	440_TGCGACGAGCATCAGG	TRUE	TRUE
TGCGACGTCATGCCAA_Case_923	440_TGCGACGTCATGCCAA	TRUE	TRUE
TGCGATAAGGATATAC_Case_923	440_TGCGATAAGGATATAC	TRUE	TRUE
TGCGATATCCAACCAA_Case_923	440_TGCGATATCCAACCAA	TRUE	TRUE
TGCGGGTGTACCTAAC_Case_923	440_TGCGGGTGTACCTAAC	TRUE	TRUE
TGCGGGTTCTACTCAT_Case_923	440_TGCGGGTTCTACTCAT	TRUE	TRUE
TGCTCCAAGTAGAGTT_Case_923	440_TGCTCCAAGTAGAGTT	TRUE	TRUE
TGCTCCACAGCTGAGA_Case_923	440_TGCTCCACAGCTGAGA	TRUE	TRUE
TGCTCCAGTTCCGCTT_Case_923	440_TGCTCCAGTTCCGCTT	TRUE	TRUE
TGCTCCATCGAGAACG_Case_923	440_TGCTCCATCGAGAACG	TRUE	TRUE
TGCTCCATCTAGTACG_Case_923	440_TGCTCCATCTAGTACG	TRUE	TRUE
TGCTCGTGTCGTGGAA_Case_923	440_TGCTCGTGTCGTGGAA	TRUE	TRUE
TGCTCGTGTTTGTTCT_Case_923	440_TGCTCGTGTTTGTTCT	TRUE	TRUE
TGCTCGTTCCCATTTA_Case_923	440_TGCTCGTTCCCATTTA	TRUE	TRUE
TGCTGAAGTAGATTGA_Case_923	440_TGCTGAAGTAGATTGA	TRUE	TRUE
TGCTGAAGTTCAGGTT_Case_923	440_TGCTGAAGTTCAGGTT	TRUE	TRUE
TGCTTCGGTGTCATCA_Case_923	440_TGCTTCGGTGTCATCA	TRUE	TRUE
TGCTTCGTCTGGTCAA_Case_923	440_TGCTTCGTCTGGTCAA	TRUE	TRUE
TGCTTGCTCGTTGCCT_Case_923	440_TGCTTGCTCGTTGCCT	TRUE	TRUE
TGCTTGCTCTAGTGAC_Case_923	440_TGCTTGCTCTAGTGAC	TRUE	TRUE
TGGAACTAGCTGTACT_Case_923	440_TGGAACTAGCTGTACT	TRUE	TRUE
TGGAACTTCAAGCCTA_Case_923	440_TGGAACTTCAAGCCTA	TRUE	TRUE
TGGAACTTCTTCGGTC_Case_923	440_TGGAACTTCTTCGGTC	TRUE	TRUE
TGGAGAGAGATGGTAT_Case_923	440_TGGAGAGAGATGGTAT	TRUE	TRUE
TGGAGAGCAGTTGTTG_Case_923	440_TGGAGAGCAGTTGTTG	TRUE	TRUE
TGGAGAGGTTAGGAGC_Case_923	440_TGGAGAGGTTAGGAGC	TRUE	TRUE
TGGAGGAAGAGCATTA_Case_923	440_TGGAGGAAGAGCATTA	TRUE	TRUE
TGGAGGAGTATTAAGG_Case_923	440_TGGAGGAGTATTAAGG	TRUE	TRUE
TGGAGGATCTCATAGG_Case_923	440_TGGAGGATCTCATAGG	TRUE	TRUE
TGGAGGATCTGCGGGT_Case_923	440_TGGAGGATCTGCGGGT	TRUE	TRUE
TGGATCACACATTACG_Case_923	440_TGGATCACACATTACG	TRUE	TRUE
TGGATCATCGGTCAGC_Case_923	440_TGGATCATCGGTCAGC	TRUE	TRUE
TGGATCATCTCGCGTT_Case_923	440_TGGATCATCTCGCGTT	TRUE	TRUE
TGGATGTCATCTCAAG_Case_923	440_TGGATGTCATCTCAAG	TRUE	TRUE
TGGCGTGAGAACGCGT_Case_923	440_TGGCGTGAGAACGCGT	TRUE	TRUE
TGGCGTGAGAGCAAGA_Case_923	440_TGGCGTGAGAGCAAGA	TRUE	TRUE
TGGCGTGAGTCCGCCA_Case_923	440_TGGCGTGAGTCCGCCA	TRUE	TRUE
TGGCGTGCACTCTCGT_Case_923	440_TGGCGTGCACTCTCGT	TRUE	TRUE
TGGCGTGGTTGCGGCT_Case_923	440_TGGCGTGGTTGCGGCT	TRUE	TRUE
TGGCGTGTCCTTCAGC_Case_923	440_TGGCGTGTCCTTCAGC	TRUE	TRUE
TGGGAAGCACGATAGG_Case_923	440_TGGGAAGCACGATAGG	TRUE	TRUE
TGGGAAGCAGTCTGGC_Case_923	440_TGGGAAGCAGTCTGGC	TRUE	TRUE
TGGGAAGGTTAAGGGC_Case_923	440_TGGGAAGGTTAAGGGC	TRUE	TRUE
TGGGAGAGTCAGGCAA_Case_923	440_TGGGAGAGTCAGGCAA	TRUE	TRUE
TGGGAGATCGACCTAA_Case_923	440_TGGGAGATCGACCTAA	TRUE	TRUE
TGGGATTAGCCTGAAG_Case_923	440_TGGGATTAGCCTGAAG	TRUE	TRUE
TGGGATTGTTTGAAAG_Case_923	440_TGGGATTGTTTGAAAG	TRUE	TRUE
TGGGATTTCCGATTAG_Case_923	440_TGGGATTTCCGATTAG	TRUE	TRUE
TGGGATTTCTGCTAGA_Case_923	440_TGGGATTTCTGCTAGA	TRUE	TRUE
TGGGCGTAGGTCCCTG_Case_923	440_TGGGCGTAGGTCCCTG	TRUE	TRUE
TGGGCGTTCGTCCTCA_Case_923	440_TGGGCGTTCGTCCTCA	TRUE	TRUE
TGGGCTGAGCACTGGA_Case_923	440_TGGGCTGAGCACTGGA	TRUE	TRUE
TGGGCTGGTCCATACA_Case_923	440_TGGGCTGGTCCATACA	TRUE	TRUE
TGGGCTGTCTTTCCGG_Case_923	440_TGGGCTGTCTTTCCGG	TRUE	TRUE
TGGGTTAAGGGAGATA_Case_923	440_TGGGTTAAGGGAGATA	TRUE	TRUE
TGGGTTACAAGGATGC_Case_923	440_TGGGTTACAAGGATGC	TRUE	TRUE
TGGGTTATCCAAGAGG_Case_923	440_TGGGTTATCCAAGAGG	TRUE	TRUE
TGGTACAAGGTAAGGA_Case_923	440_TGGTACAAGGTAAGGA	TRUE	TRUE
TGGTACACAGAGGTTG_Case_923	440_TGGTACACAGAGGTTG	TRUE	TRUE
TGGTACAGTACGAGTG_Case_923	440_TGGTACAGTACGAGTG	TRUE	TRUE
TGGTAGTAGTAAACTG_Case_923	440_TGGTAGTAGTAAACTG	TRUE	TRUE
TGGTAGTGTTCTGACA_Case_923	440_TGGTAGTGTTCTGACA	TRUE	TRUE
TGGTGATAGTCTGCAT_Case_923	440_TGGTGATAGTCTGCAT	TRUE	TRUE
TGGTGATTCGGAATGG_Case_923	440_TGGTGATTCGGAATGG	TRUE	TRUE
TGGTTAGGTTCCACAA_Case_923	440_TGGTTAGGTTCCACAA	TRUE	TRUE
TGTAACGGTTGCACGC_Case_923	440_TGTAACGGTTGCACGC	TRUE	TRUE
TGTAACGTCTGACGCG_Case_923	440_TGTAACGTCTGACGCG	TRUE	TRUE
TGTAAGCAGACATCCT_Case_923	440_TGTAAGCAGACATCCT	TRUE	TRUE
TGTAAGCGTCACCCTT_Case_923	440_TGTAAGCGTCACCCTT	TRUE	TRUE
TGTAAGCTCACCTTAT_Case_923	440_TGTAAGCTCACCTTAT	TRUE	TRUE
TGTACAGCAAGGTCGA_Case_923	440_TGTACAGCAAGGTCGA	TRUE	TRUE
TGTACAGGTCAAATCC_Case_923	440_TGTACAGGTCAAATCC	TRUE	TRUE
TGTACAGTCGGTGTTA_Case_923	440_TGTACAGTCGGTGTTA	TRUE	TRUE
TGTAGACAGAGTCTTC_Case_923	440_TGTAGACAGAGTCTTC	TRUE	TRUE
TGTAGACAGTAACGTA_Case_923	440_TGTAGACAGTAACGTA	TRUE	TRUE
TGTAGACAGTGTTCAC_Case_923	440_TGTAGACAGTGTTCAC	TRUE	TRUE
TGTAGACGTATCTTCT_Case_923	440_TGTAGACGTATCTTCT	TRUE	TRUE
TGTAGACTCGAACGCC_Case_923	440_TGTAGACTCGAACGCC	TRUE	TRUE
TGTCAGACATGATGCT_Case_923	440_TGTCAGACATGATGCT	TRUE	TRUE
TGTCAGATCCTGTTAT_Case_923	440_TGTCAGATCCTGTTAT	TRUE	TRUE
TGTCAGATCGTAATGC_Case_923	440_TGTCAGATCGTAATGC	TRUE	TRUE
TGTCCACAGACATCCT_Case_923	440_TGTCCACAGACATCCT	TRUE	TRUE
TGTCCACGTCTGTCAA_Case_923	440_TGTCCACGTCTGTCAA	TRUE	TRUE
TGTCCACGTTCCACAA_Case_923	440_TGTCCACGTTCCACAA	TRUE	TRUE
TGTCCACTCGGAACTT_Case_923	440_TGTCCACTCGGAACTT	TRUE	TRUE
TGTCCCAAGTATCCTG_Case_923	440_TGTCCCAAGTATCCTG	TRUE	TRUE
TGTCCCACAGAAATCA_Case_923	440_TGTCCCACAGAAATCA	TRUE	TRUE
TGTCCCATCTTGGTGA_Case_923	440_TGTCCCATCTTGGTGA	TRUE	TRUE
TGTGAGTAGACCAACG_Case_923	440_TGTGAGTAGACCAACG	TRUE	TRUE
TGTGAGTAGTACCGGA_Case_923	440_TGTGAGTAGTACCGGA	TRUE	TRUE
TGTGAGTCACTGTCGG_Case_923	440_TGTGAGTCACTGTCGG	TRUE	TRUE
TGTGAGTGTGGACTGA_Case_923	440_TGTGAGTGTGGACTGA	TRUE	TRUE
TGTGAGTTCGCCTTTG_Case_923	440_TGTGAGTTCGCCTTTG	TRUE	TRUE
TGTGATGAGTTAGAAC_Case_923	440_TGTGATGAGTTAGAAC	TRUE	TRUE
TGTGATGTCGCCGTGA_Case_923	440_TGTGATGTCGCCGTGA	TRUE	TRUE
TGTGATGTCTGCATGA_Case_923	440_TGTGATGTCTGCATGA	TRUE	TRUE
TGTGGCGCAAGTGACG_Case_923	440_TGTGGCGCAAGTGACG	TRUE	TRUE
TGTGGCGGTCCACGCA_Case_923	440_TGTGGCGGTCCACGCA	TRUE	TRUE
TGTGGCGGTTCGTAAC_Case_923	440_TGTGGCGGTTCGTAAC	TRUE	TRUE
TGTGTGATCTGGTGCG_Case_923	440_TGTGTGATCTGGTGCG	TRUE	TRUE
TGTTACTGTGAACGGT_Case_923	440_TGTTACTGTGAACGGT	TRUE	TRUE
TGTTACTGTGTCCGGT_Case_923	440_TGTTACTGTGTCCGGT	TRUE	TRUE
TGTTACTTCCGCTAGG_Case_923	440_TGTTACTTCCGCTAGG	TRUE	TRUE
TGTTCATCAAGTGGCA_Case_923	440_TGTTCATCAAGTGGCA	TRUE	TRUE
TGTTCCGAGCCTAGGA_Case_923	440_TGTTCCGAGCCTAGGA	TRUE	TRUE
TGTTCCGCAAGGTCGA_Case_923	440_TGTTCCGCAAGGTCGA	TRUE	TRUE
TGTTCCGGTAGTCGGA_Case_923	440_TGTTCCGGTAGTCGGA	TRUE	TRUE
TGTTCCGGTTCGGACC_Case_923	440_TGTTCCGGTTCGGACC	TRUE	TRUE
TGTTCTACAGTACTAC_Case_923	440_TGTTCTACAGTACTAC	TRUE	TRUE
TGTTCTATCAAGGACG_Case_923	440_TGTTCTATCAAGGACG	TRUE	TRUE
TGTTCTATCGAACGCC_Case_923	440_TGTTCTATCGAACGCC	TRUE	TRUE
TGTTCTATCGCGCTGA_Case_923	440_TGTTCTATCGCGCTGA	TRUE	TRUE
TGTTGAGTCGAGTCTA_Case_923	440_TGTTGAGTCGAGTCTA	TRUE	TRUE
TGTTGGACACGCCACA_Case_923	440_TGTTGGACACGCCACA	TRUE	TRUE
TGTTTGTAGTCTCTGA_Case_923	440_TGTTTGTAGTCTCTGA	TRUE	TRUE
TGTTTGTCATAAGCAA_Case_923	440_TGTTTGTCATAAGCAA	TRUE	TRUE
TGTTTGTGTCCGATCG_Case_923	440_TGTTTGTGTCCGATCG	TRUE	TRUE
TGTTTGTGTGCCCAGT_Case_923	440_TGTTTGTGTGCCCAGT	TRUE	TRUE
TGTTTGTGTGTTCCAA_Case_923	440_TGTTTGTGTGTTCCAA	TRUE	TRUE
TGTTTGTTCAACTCTT_Case_923	440_TGTTTGTTCAACTCTT	TRUE	TRUE
TTAATCCAGGCACTAG_Case_923	440_TTAATCCAGGCACTAG	TRUE	TRUE
TTAATCCGTCGACTTA_Case_923	440_TTAATCCGTCGACTTA	TRUE	TRUE
TTACAGGAGAGCAGAA_Case_923	440_TTACAGGAGAGCAGAA	TRUE	TRUE
TTACCATAGTCATAGA_Case_923	440_TTACCATAGTCATAGA	TRUE	TRUE
TTACCATGTAAGTTAG_Case_923	440_TTACCATGTAAGTTAG	TRUE	TRUE
TTACCATGTGGTTTAC_Case_923	440_TTACCATGTGGTTTAC	TRUE	TRUE
TTACCGCAGACGACGT_Case_923	440_TTACCGCAGACGACGT	TRUE	TRUE
TTACCGCAGTCTCCTC_Case_923	440_TTACCGCAGTCTCCTC	TRUE	TRUE
TTACCGCCACGCCAGT_Case_923	440_TTACCGCCACGCCAGT	TRUE	TRUE
TTACCGCCATACATCG_Case_923	440_TTACCGCCATACATCG	TRUE	TRUE
TTACGCCAGTCTCGTA_Case_923	440_TTACGCCAGTCTCGTA	TRUE	TRUE
TTACGCCGTAACATCC_Case_923	440_TTACGCCGTAACATCC	TRUE	TRUE
TTACGCCGTCACAGTT_Case_923	440_TTACGCCGTCACAGTT	TRUE	TRUE
TTACGCCGTGGATGAC_Case_923	440_TTACGCCGTGGATGAC	TRUE	TRUE
TTACGTTGTGGTCCGT_Case_923	440_TTACGTTGTGGTCCGT	TRUE	TRUE
TTACTGTCAAATACGA_Case_923	440_TTACTGTCAAATACGA	TRUE	TRUE
TTACTGTCAGATCATC_Case_923	440_TTACTGTCAGATCATC	TRUE	TRUE
TTACTGTGTTGAAGTA_Case_923	440_TTACTGTGTTGAAGTA	TRUE	TRUE
TTACTGTTCAAGAAAC_Case_923	440_TTACTGTTCAAGAAAC	TRUE	TRUE
TTAGGCAAGGTGCAGT_Case_923	440_TTAGGCAAGGTGCAGT	TRUE	TRUE
TTAGGCACAGCCGTTG_Case_923	440_TTAGGCACAGCCGTTG	TRUE	TRUE
TTAGGGTCACTTGTCC_Case_923	440_TTAGGGTCACTTGTCC	TRUE	TRUE
TTAGGGTGTACAAACA_Case_923	440_TTAGGGTGTACAAACA	TRUE	TRUE
TTAGGGTGTCACAGAG_Case_923	440_TTAGGGTGTCACAGAG	TRUE	TRUE
TTAGGGTGTGCTATTG_Case_923	440_TTAGGGTGTGCTATTG	TRUE	TRUE
TTAGGGTGTTCTCTAT_Case_923	440_TTAGGGTGTTCTCTAT	TRUE	TRUE
TTAGGGTTCGCTAGCG_Case_923	440_TTAGGGTTCGCTAGCG	TRUE	TRUE
TTAGTCTAGAGGGTGG_Case_923	440_TTAGTCTAGAGGGTGG	TRUE	TRUE
TTAGTCTAGGGCAAGG_Case_923	440_TTAGTCTAGGGCAAGG	TRUE	TRUE
TTAGTCTCATCCGCGA_Case_923	440_TTAGTCTCATCCGCGA	TRUE	TRUE
TTAGTCTCATGGCTGC_Case_923	440_TTAGTCTCATGGCTGC	TRUE	TRUE
TTAGTCTTCATGAAAG_Case_923	440_TTAGTCTTCATGAAAG	TRUE	TRUE
TTAGTCTTCCAGCAAT_Case_923	440_TTAGTCTTCCAGCAAT	TRUE	TRUE
TTAGTCTTCCGCGGAT_Case_923	440_TTAGTCTTCCGCGGAT	TRUE	TRUE
TTATTGCCAAATTGCC_Case_923	440_TTATTGCCAAATTGCC	TRUE	TRUE
TTATTGCCATACTTTC_Case_923	440_TTATTGCCATACTTTC	TRUE	TRUE
TTCAATCCAAAGACGC_Case_923	440_TTCAATCCAAAGACGC	TRUE	TRUE
TTCAATCGTGCTTCAA_Case_923	440_TTCAATCGTGCTTCAA	TRUE	TRUE
TTCAATCGTGGCGCTT_Case_923	440_TTCAATCGTGGCGCTT	TRUE	TRUE
TTCAATCTCAGACAAA_Case_923	440_TTCAATCTCAGACAAA	TRUE	TRUE
TTCACCGAGGCGTCCT_Case_923	440_TTCACCGAGGCGTCCT	TRUE	TRUE
TTCACCGAGTAAGACT_Case_923	440_TTCACCGAGTAAGACT	TRUE	TRUE
TTCACCGTCATCGCTC_Case_923	440_TTCACCGTCATCGCTC	TRUE	TRUE
TTCACCGTCATTGGTG_Case_923	440_TTCACCGTCATTGGTG	TRUE	TRUE
TTCACGCAGGTGGCTA_Case_923	440_TTCACGCAGGTGGCTA	TRUE	TRUE
TTCAGGACAGCTTTCC_Case_923	440_TTCAGGACAGCTTTCC	TRUE	TRUE
TTCAGGAGTCCATCTC_Case_923	440_TTCAGGAGTCCATCTC	TRUE	TRUE
TTCAGGATCGAGGCAA_Case_923	440_TTCAGGATCGAGGCAA	TRUE	TRUE
TTCAGGATCTTCGACC_Case_923	440_TTCAGGATCTTCGACC	TRUE	TRUE
TTCATGTAGCGGATCA_Case_923	440_TTCATGTAGCGGATCA	TRUE	TRUE
TTCATGTGTTAAACCC_Case_923	440_TTCATGTGTTAAACCC	TRUE	TRUE
TTCATGTTCCAGTGCG_Case_923	440_TTCATGTTCCAGTGCG	TRUE	TRUE
TTCATGTTCTTAATCC_Case_923	440_TTCATGTTCTTAATCC	TRUE	TRUE
TTCATTGAGTTGAATG_Case_923	440_TTCATTGAGTTGAATG	TRUE	TRUE
TTCATTGCACTACGGC_Case_923	440_TTCATTGCACTACGGC	TRUE	TRUE
TTCATTGTCACAAGAA_Case_923	440_TTCATTGTCACAAGAA	TRUE	TRUE
TTCCACGCAGGTGTGA_Case_923	440_TTCCACGCAGGTGTGA	TRUE	TRUE
TTCCACGGTCAGGTGA_Case_923	440_TTCCACGGTCAGGTGA	TRUE	TRUE
TTCCACGGTGTCCGGT_Case_923	440_TTCCACGGTGTCCGGT	TRUE	TRUE
TTCCACGTCTCCGCAT_Case_923	440_TTCCACGTCTCCGCAT	TRUE	TRUE
TTCCGGTCAGATTCGT_Case_923	440_TTCCGGTCAGATTCGT	TRUE	TRUE
TTCCGGTCAGCTGTGC_Case_923	440_TTCCGGTCAGCTGTGC	TRUE	TRUE
TTCCGGTGTTGCATTG_Case_923	440_TTCCGGTGTTGCATTG	TRUE	TRUE
TTCCGGTTCATCTACT_Case_923	440_TTCCGGTTCATCTACT	TRUE	TRUE
TTCCGGTTCGACCAAT_Case_923	440_TTCCGGTTCGACCAAT	TRUE	TRUE
TTCCGTGAGACCTCCG_Case_923	440_TTCCGTGAGACCTCCG	TRUE	TRUE
TTCCGTGAGGGTTGCA_Case_923	440_TTCCGTGAGGGTTGCA	TRUE	TRUE
TTCCTAACACTATCGA_Case_923	440_TTCCTAACACTATCGA	TRUE	TRUE
TTCCTAATCCCAAGTA_Case_923	440_TTCCTAATCCCAAGTA	TRUE	TRUE
TTCCTCTCACTTCAGA_Case_923	440_TTCCTCTCACTTCAGA	TRUE	TRUE
TTCCTCTCAGATCCAT_Case_923	440_TTCCTCTCAGATCCAT	TRUE	TRUE
TTCCTCTGTCATCTAG_Case_923	440_TTCCTCTGTCATCTAG	TRUE	TRUE
TTCCTCTGTGTGATGG_Case_923	440_TTCCTCTGTGTGATGG	TRUE	TRUE
TTCCTTCCATACAGGG_Case_923	440_TTCCTTCCATACAGGG	TRUE	TRUE
TTCCTTCCATCGGTTA_Case_923	440_TTCCTTCCATCGGTTA	TRUE	TRUE
TTCCTTCGTCAATCTG_Case_923	440_TTCCTTCGTCAATCTG	TRUE	TRUE
TTCCTTCTCCGCACGA_Case_923	440_TTCCTTCTCCGCACGA	TRUE	TRUE
TTCCTTCTCTACCTTA_Case_923	440_TTCCTTCTCTACCTTA	TRUE	TRUE
TTCGATTCAAATCGGG_Case_923	440_TTCGATTCAAATCGGG	TRUE	TRUE
TTCGATTGTCTACACA_Case_923	440_TTCGATTGTCTACACA	TRUE	TRUE
TTCGCTGAGGCTAACG_Case_923	440_TTCGCTGAGGCTAACG	TRUE	TRUE
TTCGCTGCATGTGACT_Case_923	440_TTCGCTGCATGTGACT	TRUE	TRUE
TTCGGTCCATCCGTTC_Case_923	440_TTCGGTCCATCCGTTC	TRUE	TRUE
TTCGGTCCATGAGATA_Case_923	440_TTCGGTCCATGAGATA	TRUE	TRUE
TTCGGTCTCTTCACAT_Case_923	440_TTCGGTCTCTTCACAT	TRUE	TRUE
TTCTAACAGCATGATA_Case_923	440_TTCTAACAGCATGATA	TRUE	TRUE
TTCTAGTTCCTGTACC_Case_923	440_TTCTAGTTCCTGTACC	TRUE	TRUE
TTCTAGTTCGGTCGAC_Case_923	440_TTCTAGTTCGGTCGAC	TRUE	TRUE
TTCTCTCGTAACAGTA_Case_923	440_TTCTCTCGTAACAGTA	TRUE	TRUE
TTCTCTCGTATCGCGC_Case_923	440_TTCTCTCGTATCGCGC	TRUE	TRUE
TTCTGTAAGGTGAGAA_Case_923	440_TTCTGTAAGGTGAGAA	TRUE	TRUE
TTCTGTAGTAGCACGA_Case_923	440_TTCTGTAGTAGCACGA	TRUE	TRUE
TTCTGTATCTTCGTGC_Case_923	440_TTCTGTATCTTCGTGC	TRUE	TRUE
TTCTTCCCAACCGTGC_Case_923	440_TTCTTCCCAACCGTGC	TRUE	TRUE
TTCTTCCCAGGGATAC_Case_923	440_TTCTTCCCAGGGATAC	TRUE	TRUE
TTCTTCCGTTAAGTCC_Case_923	440_TTCTTCCGTTAAGTCC	TRUE	TRUE
TTCTTCCTCGCCGTGA_Case_923	440_TTCTTCCTCGCCGTGA	TRUE	TRUE
TTCTTGAAGAAACCAT_Case_923	440_TTCTTGAAGAAACCAT	TRUE	TRUE
TTCTTGATCATGAGAA_Case_923	440_TTCTTGATCATGAGAA	TRUE	TRUE
TTCTTGATCGATCCAA_Case_923	440_TTCTTGATCGATCCAA	TRUE	TRUE
TTGAACGAGGAACGTC_Case_923	440_TTGAACGAGGAACGTC	TRUE	TRUE
TTGAACGGTCAACCTA_Case_923	440_TTGAACGGTCAACCTA	TRUE	TRUE
TTGAACGGTGAGCGAT_Case_923	440_TTGAACGGTGAGCGAT	TRUE	TRUE
TTGACCCCAATTCTTC_Case_923	440_TTGACCCCAATTCTTC	TRUE	TRUE
TTGACCCCAGGTTCAT_Case_923	440_TTGACCCCAGGTTCAT	TRUE	TRUE
TTGACCCCATGGTGGA_Case_923	440_TTGACCCCATGGTGGA	TRUE	TRUE
TTGAGTGGTGATTGGG_Case_923	440_TTGAGTGGTGATTGGG	TRUE	TRUE
TTGAGTGTCCTCGCAT_Case_923	440_TTGAGTGTCCTCGCAT	TRUE	TRUE
TTGAGTGTCTTCGCTG_Case_923	440_TTGAGTGTCTTCGCTG	TRUE	TRUE
TTGATGGAGGCTAAAT_Case_923	440_TTGATGGAGGCTAAAT	TRUE	TRUE
TTGATGGTCATCGCAA_Case_923	440_TTGATGGTCATCGCAA	TRUE	TRUE
TTGCATTGTCTTCTAT_Case_923	440_TTGCATTGTCTTCTAT	TRUE	TRUE
TTGCCTGGTCGATTTG_Case_923	440_TTGCCTGGTCGATTTG	TRUE	TRUE
TTGCCTGGTGAGATCG_Case_923	440_TTGCCTGGTGAGATCG	TRUE	TRUE
TTGCCTGGTGGATACG_Case_923	440_TTGCCTGGTGGATACG	TRUE	TRUE
TTGCCTGGTGTGTCCG_Case_923	440_TTGCCTGGTGTGTCCG	TRUE	TRUE
TTGCGTCAGCTTACGT_Case_923	440_TTGCGTCAGCTTACGT	TRUE	TRUE
TTGCGTCCAACGCATT_Case_923	440_TTGCGTCCAACGCATT	TRUE	TRUE
TTGCGTCCAAGGTCAG_Case_923	440_TTGCGTCCAAGGTCAG	TRUE	TRUE
TTGCGTCTCCACTGAA_Case_923	440_TTGCGTCTCCACTGAA	TRUE	TRUE
TTGCGTCTCGCCTCTA_Case_923	440_TTGCGTCTCGCCTCTA	TRUE	TRUE
TTGCTGCAGGAGGCAG_Case_923	440_TTGCTGCAGGAGGCAG	TRUE	TRUE
TTGCTGCAGGTATTGA_Case_923	440_TTGCTGCAGGTATTGA	TRUE	TRUE
TTGGATGCATGTGGCC_Case_923	440_TTGGATGCATGTGGCC	TRUE	TRUE
TTGGATGTCCTCTTTC_Case_923	440_TTGGATGTCCTCTTTC	TRUE	TRUE
TTGGGATAGTGTAGAT_Case_923	440_TTGGGATAGTGTAGAT	TRUE	TRUE
TTGGGATGTATTGCCA_Case_923	440_TTGGGATGTATTGCCA	TRUE	TRUE
TTGGGCGGTAGGGTAC_Case_923	440_TTGGGCGGTAGGGTAC	TRUE	TRUE
TTGGGCGGTCCACACG_Case_923	440_TTGGGCGGTCCACACG	TRUE	TRUE
TTGGGTAAGGTTGAGC_Case_923	440_TTGGGTAAGGTTGAGC	TRUE	TRUE
TTGGTTTAGAATTGTG_Case_923	440_TTGGTTTAGAATTGTG	TRUE	TRUE
TTGGTTTCAATGTCTG_Case_923	440_TTGGTTTCAATGTCTG	TRUE	TRUE
TTGGTTTGTACAACGG_Case_923	440_TTGGTTTGTACAACGG	TRUE	TRUE
TTGTGGAAGAATCCCT_Case_923	440_TTGTGGAAGAATCCCT	TRUE	TRUE
TTGTGGAAGTTCTCTT_Case_923	440_TTGTGGAAGTTCTCTT	TRUE	TRUE
TTGTGGACATTCCTCG_Case_923	440_TTGTGGACATTCCTCG	TRUE	TRUE
TTGTGTTAGCCACTCG_Case_923	440_TTGTGTTAGCCACTCG	TRUE	TRUE
TTGTGTTCACACCTTC_Case_923	440_TTGTGTTCACACCTTC	TRUE	TRUE
TTGTTGTAGACTTCCA_Case_923	440_TTGTTGTAGACTTCCA	TRUE	TRUE
TTGTTGTCAATGTCAC_Case_923	440_TTGTTGTCAATGTCAC	TRUE	TRUE
TTGTTGTGTTAAGGAT_Case_923	440_TTGTTGTGTTAAGGAT	TRUE	TRUE
TTGTTGTTCGGACTTA_Case_923	440_TTGTTGTTCGGACTTA	TRUE	TRUE
TTGTTTGTCTTTGATC_Case_923	440_TTGTTTGTCTTTGATC	TRUE	TRUE
TTTACCAGTATGAAGT_Case_923	440_TTTACCAGTATGAAGT	TRUE	TRUE
TTTACGTAGTACCGGA_Case_923	440_TTTACGTAGTACCGGA	TRUE	TRUE
TTTACTGCAGCAGATG_Case_923	440_TTTACTGCAGCAGATG	TRUE	TRUE
TTTACTGCAGGGCTTC_Case_923	440_TTTACTGCAGGGCTTC	TRUE	TRUE
TTTAGTCAGCATGAAT_Case_923	440_TTTAGTCAGCATGAAT	TRUE	TRUE
TTTATGCCACAAGCCC_Case_923	440_TTTATGCCACAAGCCC	TRUE	TRUE
TTTATGCCACCGGTCA_Case_923	440_TTTATGCCACCGGTCA	TRUE	TRUE
TTTATGCGTACCACGC_Case_923	440_TTTATGCGTACCACGC	TRUE	TRUE
TTTATGCGTGTCTTCC_Case_923	440_TTTATGCGTGTCTTCC	TRUE	TRUE
TTTATGCTCCAGGACC_Case_923	440_TTTATGCTCCAGGACC	TRUE	TRUE
TTTATGCTCCGGACGT_Case_923	440_TTTATGCTCCGGACGT	TRUE	TRUE
TTTCACAAGATGACAT_Case_923	440_TTTCACAAGATGACAT	TRUE	TRUE
TTTCACACACATACTG_Case_923	440_TTTCACACACATACTG	TRUE	TRUE
TTTCAGTAGAGCCGTA_Case_923	440_TTTCAGTAGAGCCGTA	TRUE	TRUE
TTTCAGTGTACAGTCT_Case_923	440_TTTCAGTGTACAGTCT	TRUE	TRUE
TTTCAGTGTTTGGGAG_Case_923	440_TTTCAGTGTTTGGGAG	TRUE	TRUE
TTTCAGTTCATGAGAA_Case_923	440_TTTCAGTTCATGAGAA	TRUE	TRUE
TTTCATGCAGCTATAC_Case_923	440_TTTCATGCAGCTATAC	TRUE	TRUE
TTTCATGTCGTAATGC_Case_923	440_TTTCATGTCGTAATGC	TRUE	TRUE
TTTCCTCCACCGTACG_Case_923	440_TTTCCTCCACCGTACG	TRUE	TRUE
TTTCCTCGTCGGTGAA_Case_923	440_TTTCCTCGTCGGTGAA	TRUE	TRUE
TTTCCTCTCAAACTGC_Case_923	440_TTTCCTCTCAAACTGC	TRUE	TRUE
TTTCGATGTCCTGAAT_Case_923	440_TTTCGATGTCCTGAAT	TRUE	TRUE
TTTCGATGTGTCATGT_Case_923	440_TTTCGATGTGTCATGT	TRUE	TRUE
TTTCGATTCTATGTGG_Case_923	440_TTTCGATTCTATGTGG	TRUE	TRUE
TTTCGATTCTGTTCAT_Case_923	440_TTTCGATTCTGTTCAT	TRUE	TRUE
TTTGACTGTCCCTGAG_Case_923	440_TTTGACTGTCCCTGAG	TRUE	TRUE
TTTGACTGTGCGGTAA_Case_923	440_TTTGACTGTGCGGTAA	TRUE	TRUE
TTTGACTTCGGCCCAA_Case_923	440_TTTGACTTCGGCCCAA	TRUE	TRUE
TTTGATCAGATGACCG_Case_923	440_TTTGATCAGATGACCG	TRUE	TRUE
TTTGATCCACGGCGTT_Case_923	440_TTTGATCCACGGCGTT	TRUE	TRUE
TTTGATCCATGGACAG_Case_923	440_TTTGATCCATGGACAG	TRUE	TRUE
TTTGATCGTACCTGTA_Case_923	440_TTTGATCGTACCTGTA	TRUE	TRUE
TTTGATCTCGTAGCTA_Case_923	440_TTTGATCTCGTAGCTA	TRUE	TRUE
TTTGGAGAGGGAGTTC_Case_923	440_TTTGGAGAGGGAGTTC	TRUE	TRUE
TTTGGAGAGTTGAATG_Case_923	440_TTTGGAGAGTTGAATG	TRUE	TRUE
TTTGGAGTCGACATAC_Case_923	440_TTTGGAGTCGACATAC	TRUE	TRUE
TTTGGTTTCTCTGACC_Case_923	440_TTTGGTTTCTCTGACC	TRUE	TRUE
TTTGTTGTCAATCGGT_Case_923	440_TTTGTTGTCAATCGGT	TRUE	TRUE
