source_cell_id	historical_refine_state	final_refine_state	final_life_cycle_stage	final_pred_gametocyte	reconstructed_stage	stage_origin
D5SEQ50_ATGCGGTAGAGG	Hypnozoite	Hypnozoite	Hypnozoite	Asexual 2	Hypnozoite	source State
D5SEQ50_ATGCGGTAGAGC	Hypnozoite	Hypnozoite	Hypnozoite	Asexual 1	Hypnozoite	source State
D5SEQ50_ATGCGGTAGAGT	Hypnozoite	Hypnozoite	Hypnozoite	Asexual 2	Hypnozoite	source State
D5SEQ50_ATGCGGTAGAGA	Hypnozoite	Hypnozoite	Hypnozoite	Asexual 1	Hypnozoite	source State
D5SEQ50_TGTCCTTACGAA	Ring	Ring	Ring	Asexual 1	Ring	source Table S2 topcell reference similarity
D5SEQ50_CCGAAGCATCTG	EEF	EEF	EEF	Asexual 1	EEF	source Table S2 topcell reference similarity
D5SEQ50_GATAAGAGCGGN	EEF	EEF	EEF	Asexual 1	EEF	source Table S2 topcell reference similarity
D5SEQ50_GATAAGAGCGCN	Ring	Ring	Ring	Asexual 1	Ring	source Table S2 topcell reference similarity
D5SEQ50_GTACTCCGATCG	EEF	EEF	EEF	Asexual 1	EEF	source Table S2 topcell reference similarity
D5SEQ50_TTAATTGTACCC	EEF	EEF	EEF	Asexual 1	EEF	source Table S2 topcell reference similarity
D5SEQ50_AAAAGAATGTTA	EEF	EEF	EEF	Asexual 1	EEF	source Table S2 topcell reference similarity
D5SEQ50_GAAGCTACCGAC	EEF	EEF	EEF	Asexual 1	EEF	source Table S2 topcell reference similarity
D5SEQ50_CGGGGTCGCGGC	Hypnozoite	Hypnozoite	Hypnozoite	Asexual 4	Hypnozoite	source State
D5SEQ50_GATAAGAGCGAN	Trophozoite	Trophozoite	Trophozoite	Asexual 1	Trophozoite	source Table S2 topcell reference similarity
D5SEQ50_GATTTGACCTCT	EEF	EEF	EEF	Asexual 1	EEF	source Table S2 topcell reference similarity
D5SEQ50_CACGGATAATTA	EEF	EEF	EEF	Asexual 1	EEF	source Table S2 topcell reference similarity
D5SEQ50_CCCACTCCCTGT	Trophozoite	Trophozoite	Trophozoite	Asexual 1	Trophozoite	source Table S2 topcell reference similarity
D5SEQ50_TGAGGTATTGTC	Merozoite	Merozoite	Merozoite	Asexual 1	Merozoite	source Table S2 topcell reference similarity
D5SEQ50_ATGCGGTAGCGC	Hypnozoite	Hypnozoite	Hypnozoite	Asexual 1	Hypnozoite	source State
D5SEQ50_ATGCGGTAGCGG	Hypnozoite	Hypnozoite	Hypnozoite	Asexual 1	Hypnozoite	source State
D5SEQ50_ACGGTACACAGA	Merozoite	Merozoite	Merozoite	Asexual 1	Merozoite	source Table S2 topcell reference similarity
D5SEQ50_ATGCGGTAGCGT	Ring	Ring	Ring	Asexual 1	Ring	source Table S2 topcell reference similarity
D5SEQ50_GATAAGAGCGTN	Ring	Ring	Ring	Asexual 1	Ring	source Table S2 topcell reference similarity
D5SEQ50_CTACCGCACGGA	EEF	EEF	EEF	Asexual 1	EEF	source Table S2 topcell reference similarity
D5SEQ50_ATGCGGTAGCGA	Hypnozoite	Hypnozoite	Hypnozoite	Asexual 1	Hypnozoite	source State
D5SEQ50_GGGCGCAAAGCT	Trophozoite	Trophozoite	Trophozoite	Asexual 1	Trophozoite	source Table S2 topcell reference similarity
D5SEQ50_CTGAAAGCTAGT	Ring	Ring	Ring	Asexual 1	Ring	source Table S2 topcell reference similarity
D5SEQ50_TATTTCTCCGAT	Schizont	Schizont	Schizont (Liver stage)	Asexual 1	Schizont (Liver stage)	source Table S2 topcell reference similarity
D5SEQ50_TGTCTGATTTTC	Schizont	Schizont	Schizont (Liver stage)	Asexual 1	Schizont (Liver stage)	source Table S2 topcell reference similarity
D5SEQ50_GAACTGGCTCGA	EEF	EEF	EEF	Asexual 1	EEF	source Table S2 topcell reference similarity
D5SEQ50_CAAAGGATGTCG	Merozoite	Merozoite	Merozoite	Asexual 1	Merozoite	source Table S2 topcell reference similarity
D5SEQ50_GTACTCCGATAC	EEF	EEF	EEF	Asexual 1	EEF	source Table S2 topcell reference similarity
D5SEQ50_TCAATTTACCGG	Trophozoite	Trophozoite	Trophozoite	Asexual 1	Trophozoite	source Table S2 topcell reference similarity
D5SEQ50_GTACTCCCATAG	EEF	EEF	EEF	Asexual 1	EEF	source Table S2 topcell reference similarity
D5SEQ50_CTACTCCGATAG	EEF	EEF	EEF	Asexual 1	EEF	source Table S2 topcell reference similarity
D5SEQ50_AACTGGCTGGAC	EEF	EEF	EEF	Asexual 1	EEF	source Table S2 topcell reference similarity
D5SEQ50_GAACTGGCTGCA	EEF	EEF	EEF	Asexual 1	EEF	source Table S2 topcell reference similarity
D5SEQ50_AACTGGCTGGAG	Ring	Ring	Ring	Asexual 1	Ring	source Table S2 topcell reference similarity
D5SEQ50_CAACTGGCTGGA	EEF	EEF	EEF	Asexual 1	EEF	source Table S2 topcell reference similarity
D5SEQ50_GAACTGGCTGAA	Trophozoite	Trophozoite	Trophozoite	Asexual 1	Trophozoite	source Table S2 topcell reference similarity
D5SEQ50_ATTCGCATAGGA	Merozoite	Merozoite	Merozoite	Asexual 1	Merozoite	source Table S2 topcell reference similarity
D5SEQ50_AAACTGGCTGGA	EEF	EEF	EEF	Asexual 1	EEF	source Table S2 topcell reference similarity
D5SEQ50_TCTGGTCCTAGT	Ring	Ring	Ring	Asexual 1	Ring	source Table S2 topcell reference similarity
D5SEQ50_GAACTGCCTGGA	EEF	EEF	EEF	Asexual 1	EEF	source Table S2 topcell reference similarity
D5SEQ50_ATACTCCGATAG	EEF	EEF	EEF	Asexual 1	EEF	source Table S2 topcell reference similarity
D5SEQ50_GTACTCCGATAA	Trophozoite	Trophozoite	Trophozoite	Asexual 1	Trophozoite	source Table S2 topcell reference similarity
D5SEQ50_CCCCCTCCCTGT	Ring	Ring	Ring	Asexual 1	Ring	source Table S2 topcell reference similarity
D5SEQ50_GAACTGACTGGA	EEF	EEF	EEF	Asexual 1	EEF	source Table S2 topcell reference similarity
D5SEQ50_GAACTGGCTAGA	EEF	EEF	EEF	Asexual 1	EEF	source Table S2 topcell reference similarity
D5SEQ50_CGCTCACTCTAG	Schizont	Schizont	Schizont (Liver stage)	Asexual 1	Schizont (Liver stage)	source Table S2 topcell reference similarity
D5SEQ50_GTACTCCAATAG	EEF	EEF	EEF	Asexual 1	EEF	source Table S2 topcell reference similarity
D5SEQ50_GAACTCGCTGGA	EEF	EEF	EEF	Asexual 1	EEF	source Table S2 topcell reference similarity
D5SEQ50_GAACTGGCTGGC	EEF	EEF	EEF	Asexual 1	EEF	source Table S2 topcell reference similarity
D5SEQ50_GAACTGGCTGGT	Ring	Ring	Ring	Asexual 1	Ring	source Table S2 topcell reference similarity
D5SEQ50_GATTTGCCCTCT	Ring	Ring	Ring	Asexual 1	Ring	source Table S2 topcell reference similarity
D5SEQ50_GAACTAGCTGGA	EEF	EEF	EEF	Asexual 1	EEF	source Table S2 topcell reference similarity
D5SEQ50_ATGCAGTAGAGC	Hypnozoite	Hypnozoite	Hypnozoite	Asexual 1	Hypnozoite	source State
D5SEQ50_GAAGCTACCGCC	EEF	EEF	EEF	Asexual 1	EEF	source Table S2 topcell reference similarity
D5SEQ50_GAACTGGCTGTA	EEF	EEF	EEF	Asexual 1	EEF	source Table S2 topcell reference similarity
D5SEQ50_GAACAGGCTGGA	EEF	EEF	EEF	Asexual 1	EEF	source Table S2 topcell reference similarity
D5SEQ50_TACTCCGATAGC	Ring	Ring	Ring	Asexual 1	Ring	source Table S2 topcell reference similarity
D5SEQ50_GTCCTCCGATAG	Ring	Ring	Ring	Asexual 1	Ring	source Table S2 topcell reference similarity
D5SEQ50_GTGCGGTAGAGG	Hypnozoite	Hypnozoite	Hypnozoite	Asexual 1	Hypnozoite	source State
D5SEQ50_GTACTCCTATAG	EEF	EEF	EEF	Asexual 1	EEF	source Table S2 topcell reference similarity
D5SEQ50_GTGCGGTAGAGC	Hypnozoite	Hypnozoite	Hypnozoite	Asexual 1	Hypnozoite	source State
D5SEQ50_TACTCCGATAGG	Trophozoite	Trophozoite	Trophozoite	Asexual 1	Trophozoite	source Table S2 topcell reference similarity
D5SEQ50_GAACTGGCTGGG	Schizont	Schizont	Schizont (Liver stage)	Asexual 1	Schizont (Liver stage)	source Table S2 topcell reference similarity
D5SEQ50_TAACTGGCTGGA	EEF	EEF	EEF	Asexual 1	EEF	source Table S2 topcell reference similarity
D5SEQ50_GAACTGGTTGGA	EEF	EEF	EEF	Asexual 1	EEF	source Table S2 topcell reference similarity
D5SEQ50_ATCCGGTAGAGG	EEF	EEF	EEF	Asexual 1	EEF	source Table S2 topcell reference similarity
D5SEQ50_GGACTGGCTGGA	EEF	EEF	EEF	Asexual 1	EEF	source Table S2 topcell reference similarity
D5SEQ50_TTACTCCGATAG	EEF	EEF	EEF	Asexual 1	EEF	source Table S2 topcell reference similarity
D5SEQ50_GTACTCCGATGG	Merozoite	Merozoite	Merozoite	Asexual 1	Merozoite	source Table S2 topcell reference similarity
D5SEQ50_GTGCGGTAGAGA	Hypnozoite	Hypnozoite	Hypnozoite	Asexual 1	Hypnozoite	source State
D5SEQ50_GTGCGGTAGAGT	Hypnozoite	Hypnozoite	Hypnozoite	Asexual 1	Hypnozoite	source State
D5SEQ50_ATGCGATAGAGC	Ring	Ring	Ring	Asexual 1	Ring	source Table S2 topcell reference similarity
D5SEQ50_GAATTGGCTGGA	EEF	EEF	EEF	Asexual 1	EEF	source Table S2 topcell reference similarity
D5SEQ50_GTACTCCGATAT	Trophozoite	Trophozoite	Trophozoite	Asexual 1	Trophozoite	source Table S2 topcell reference similarity
D5SEQ50_ATGCGCTAGAGG	Hypnozoite	Hypnozoite	Hypnozoite	Asexual 1	Hypnozoite	source State
D5SEQ50_GTACTCAGATAG	EEF	EEF	EEF	Asexual 1	EEF	source Table S2 topcell reference similarity
D5SEQ50_GTACACCGATAG	EEF	EEF	EEF	Asexual 1	EEF	source Table S2 topcell reference similarity
D5SEQ50_AAGCGGTAGAGG	Hypnozoite	Hypnozoite	Hypnozoite	Asexual 1	Hypnozoite	source State
D5SEQ50_GAACTGGCAGGA	EEF	EEF	EEF	Asexual 1	EEF	source Table S2 topcell reference similarity
D5SEQ50_ATCCGGTAGAGA	Hypnozoite	Hypnozoite	Hypnozoite	Asexual 1	Hypnozoite	source State
D5SEQ50_GTACTACGATAG	EEF	EEF	EEF	Asexual 1	EEF	source Table S2 topcell reference similarity
D5SEQ50_GCACTGGCTGGA	EEF	EEF	EEF	Asexual 1	EEF	source Table S2 topcell reference similarity
D5SEQ50_GAACTGGATGGA	EEF	EEF	EEF	Asexual 1	EEF	source Table S2 topcell reference similarity
D5SEQ50_GAACTGTCTGGA	EEF	EEF	EEF	Asexual 1	EEF	source Table S2 topcell reference similarity
D5SEQ50_GTACTCCGATTG	EEF	EEF	EEF	Asexual 1	EEF	source Table S2 topcell reference similarity
D5SEQ50_ATGTGGTAGAGG	Hypnozoite	Hypnozoite	Hypnozoite	Asexual 1	Hypnozoite	source State
D5SEQ50_AAGCGGTAGAGA	Hypnozoite	Hypnozoite	Hypnozoite	Asexual 1	Hypnozoite	source State
D5SEQ50_ATGCAGTAGAGG	Hypnozoite	Hypnozoite	Hypnozoite	Asexual 1	Hypnozoite	source State
D5SEQ50_GACCTGGCTGGA	Ring	Ring	Ring	Asexual 1	Ring	source Table S2 topcell reference similarity
D5SEQ50_AAGCGGTAGAGC	Hypnozoite	Hypnozoite	Hypnozoite	Asexual 1	Hypnozoite	source State
D5SEQ50_AAGCGGTAGAGT	Hypnozoite	Hypnozoite	Hypnozoite	Asexual 1	Hypnozoite	source State
D5SEQ50_ATGCGCTAGAGT	Hypnozoite	Hypnozoite	Hypnozoite	Asexual 1	Hypnozoite	source State
D5SEQ50_CATAAGAGCGCN	Ring	Ring	Ring	Asexual 1	Ring	source Table S2 topcell reference similarity
D5SEQ50_GCACTCCGATAG	Trophozoite	Trophozoite	Trophozoite	Asexual 1	Trophozoite	source Table S2 topcell reference similarity
D5SEQ50_GTACTCCGAAAG	EEF	EEF	EEF	Asexual 1	EEF	source Table S2 topcell reference similarity
D5SEQ50_GAACTGGCCGGA	EEF	EEF	EEF	Asexual 1	EEF	source Table S2 topcell reference similarity
D5SEQ50_GTACTTCGATAG	Trophozoite	Trophozoite	Trophozoite	Asexual 1	Trophozoite	source Table S2 topcell reference similarity
D5SEQ50_GTACTCTGATAG	Hypnozoite	Hypnozoite	Hypnozoite	Asexual 1	Hypnozoite	source State
D5SEQ50_GTACCCCGATAG	EEF	EEF	EEF	Asexual 1	EEF	source Table S2 topcell reference similarity
D5SEQ50_GAGCTGGCTGGA	EEF	EEF	EEF	Asexual 1	EEF	source Table S2 topcell reference similarity
D5SEQ50_GAACTGGCTTGA	Trophozoite	Trophozoite	Trophozoite	Asexual 1	Trophozoite	source Table S2 topcell reference similarity
D5SEQ50_GTGCTCCGATAG	EEF	EEF	EEF	Asexual 1	EEF	source Table S2 topcell reference similarity
D5SEQ50_GTACTGGCTGGA	EEF	EEF	EEF	Asexual 1	EEF	source Table S2 topcell reference similarity
D5SEQ50_GAAATGGCTGGA	EEF	EEF	EEF	Asexual 1	EEF	source Table S2 topcell reference similarity
D5SEQ50_ATGCGCTAGAGA	Male gametocyte	Male gametocyte	Male gametocyte	Asexual 1	Male gametocyte	source Table S2 topcell reference similarity
D5SEQ50_GAACTTGCTGGA	EEF	EEF	EEF	Asexual 1	EEF	source Table S2 topcell reference similarity
D5SEQ50_GGACTCCGATAG	Trophozoite	Trophozoite	Trophozoite	Asexual 1	Trophozoite	source Table S2 topcell reference similarity
D5SEQ50_GTATTCCGATAG	EEF	EEF	EEF	Asexual 1	EEF	source Table S2 topcell reference similarity
D5SEQ50_ATGCCGTAGAGC	Hypnozoite	Hypnozoite	Hypnozoite	Asexual 1	Hypnozoite	source State
D5SEQ50_ATGCAGTAGAGT	Trophozoite	Trophozoite	Trophozoite	Asexual 1	Trophozoite	source Table S2 topcell reference similarity
D5SEQ50_AGTCCTTACGAA	EEF	EEF	EEF	Asexual 1	EEF	source Table S2 topcell reference similarity
D5SEQ50_GAACCGGCTGGA	EEF	EEF	EEF	Asexual 1	EEF	source Table S2 topcell reference similarity
D5SEQ50_GTACTCCGACAG	Trophozoite	Trophozoite	Trophozoite	Asexual 1	Trophozoite	source Table S2 topcell reference similarity
D5SEQ50_GTACTCCGTTAG	EEF	EEF	EEF	Asexual 1	EEF	source Table S2 topcell reference similarity
D5SEQ50_ATACGGTAGAGG	Ring	Ring	Ring	Asexual 1	Ring	source Table S2 topcell reference similarity
D5SEQ50_CTACTCCGATCG	EEF	EEF	EEF	Asexual 1	EEF	source Table S2 topcell reference similarity
D5SEQ50_GTAATCCGATAG	EEF	EEF	EEF	Asexual 1	EEF	source Table S2 topcell reference similarity
D5SEQ50_ATAATTGTACCC	Trophozoite	Trophozoite	Trophozoite	Asexual 1	Trophozoite	source Table S2 topcell reference similarity
D5SEQ50_CAAGCTACCGAC	Ring	Ring	Ring	Asexual 1	Ring	source Table S2 topcell reference similarity
D5SEQ50_GAACTGGCGGGA	Ring	Ring	Ring	Asexual 1	Ring	source Table S2 topcell reference similarity
D5SEQ50_GAAAAGAGCGGN	Ring	Ring	Ring	Asexual 1	Ring	source Table S2 topcell reference similarity
D5SEQ50_GTACTCCGGTAG	Ring	Ring	Ring	Asexual 1	Ring	source Table S2 topcell reference similarity
D5SEQ50_ATGCCGTAGAGG	Hypnozoite	Hypnozoite	Hypnozoite	Asexual 1	Hypnozoite	source State
D5SEQ50_GTACTCGGATAG	Ring	Ring	Ring	Asexual 1	Ring	source Table S2 topcell reference similarity
D5SEQ50_GTACGCCGATAG	EEF	EEF	EEF	Asexual 1	EEF	source Table S2 topcell reference similarity
D5SEQ50_GAACGGGCTGGA	Schizont	Schizont	Schizont (Liver stage)	Asexual 1	Schizont (Liver stage)	source Table S2 topcell reference similarity
D5SEQ50_GTTCTCCGATAG	Trophozoite	Trophozoite	Trophozoite	Asexual 1	Trophozoite	source Table S2 topcell reference similarity
D5SEQ50_GAAAAGAGCGCN	Schizont	Schizont	Schizont (Liver stage)	Asexual 1	Schizont (Liver stage)	source Table S2 topcell reference similarity
D5SEQ50_ATGCGGAAGAGG	Hypnozoite	Hypnozoite	Hypnozoite	Asexual 1	Hypnozoite	source State
D5SEQ50_TTGCGGTAGAGG	Hypnozoite	Hypnozoite	Hypnozoite	Asexual 1	Hypnozoite	source State
D5SEQ50_ATGAGGTAGAGG	Hypnozoite	Hypnozoite	Hypnozoite	Asexual 1	Hypnozoite	source State
D5SEQ50_GATCTGGCTGGA	EEF	EEF	EEF	Asexual 1	EEF	source Table S2 topcell reference similarity
D5SEQ50_CAACTCCGATAG	EEF	EEF	EEF	Asexual 1	EEF	source Table S2 topcell reference similarity
D5SEQ50_GAACACCGATAG	EEF	EEF	EEF	Asexual 1	EEF	source Table S2 topcell reference similarity
D5SEQ50_GGTCCTTACGAA	EEF	EEF	EEF	Asexual 1	EEF	source Table S2 topcell reference similarity
D5SEQ50_ATGCGGAAGAGA	Hypnozoite	Hypnozoite	Hypnozoite	Asexual 1	Hypnozoite	source State
D5SEQ50_ATGCGCTAGAGC	Hypnozoite	Hypnozoite	Hypnozoite	Asexual 1	Hypnozoite	source State
D5SEQ50_GTACTCCGAGAG	EEF	EEF	EEF	Asexual 1	EEF	source Table S2 topcell reference similarity
D5SEQ50_TAAATTGTACCC	Ring	Ring	Ring	Asexual 1	Ring	source Table S2 topcell reference similarity
D5SEQ50_ATCCGGTAGAGC	Hypnozoite	Hypnozoite	Hypnozoite	Asexual 1	Hypnozoite	source State
D5SEQ50_ATGCGGAAGAGC	Hypnozoite	Hypnozoite	Hypnozoite	Asexual 1	Hypnozoite	source State
D5SEQ50_ATGAGGTAGAGA	Trophozoite	Trophozoite	Trophozoite	Asexual 1	Trophozoite	source Table S2 topcell reference similarity
D5SEQ50_CATAAGAGCGGN	Ring	Ring	Ring	Asexual 1	Ring	source Table S2 topcell reference similarity
D5SEQ50_GAACTCCGATCG	Ring	Ring	Ring	Asexual 1	Ring	source Table S2 topcell reference similarity
D5SEQ50_ATGCGGAAGAGT	Hypnozoite	Hypnozoite	Hypnozoite	Asexual 1	Hypnozoite	source State
D5SEQ50_TTGCGGTAGAGC	Hypnozoite	Hypnozoite	Hypnozoite	Asexual 1	Hypnozoite	source State
D5SEQ50_ATGAGGTAGAGT	Hypnozoite	Hypnozoite	Hypnozoite	Asexual 1	Hypnozoite	source State
D5SEQ50_ATGAGGTAGAGC	Hypnozoite	Hypnozoite	Hypnozoite	Asexual 1	Hypnozoite	source State
D5SEQ50_TGACCTTACGAA	EEF	EEF	EEF	Asexual 1	EEF	source Table S2 topcell reference similarity
D5SEQ50_TTAATTGTACAC	Ring	Ring	Ring	Asexual 1	Ring	source Table S2 topcell reference similarity
D5SEQ50_ATGTGGTAGAGC	Trophozoite	Trophozoite	Trophozoite	Asexual 1	Trophozoite	source Table S2 topcell reference similarity
D5SEQ50_ATTCGGTAGAGA	Ring	Ring	Ring	Asexual 1	Ring	source Table S2 topcell reference similarity
D5SEQ50_GTAATTGTACCC	Ring	Ring	Ring	Asexual 1	Ring	source Table S2 topcell reference similarity
D5SEQ50_ATTCGGTAGAGG	Hypnozoite	Hypnozoite	Hypnozoite	Asexual 1	Hypnozoite	source State
D5SEQ50_GAAGCTACAGAC	Ring	Ring	Ring	Asexual 1	Ring	source Table S2 topcell reference similarity
D5SEQ50_CCGAAGCATCAG	Ring	Ring	Ring	Asexual 1	Ring	source Table S2 topcell reference similarity
D5SEQ50_ATGCTGTAGAGA	Hypnozoite	Hypnozoite	Hypnozoite	Asexual 1	Hypnozoite	source State
D5SEQ50_GAACTGGGTGGA	EEF	EEF	EEF	Asexual 1	EEF	source Table S2 topcell reference similarity
D5SEQ50_TGTCATTACGAA	Male gametocyte	Male gametocyte	Male gametocyte	Asexual 1	Male gametocyte	source Table S2 topcell reference similarity
D5SEQ50_CTACACCGATAG	Ring	Ring	Ring	Asexual 1	Ring	source Table S2 topcell reference similarity
D5SEQ50_ATGCTGTAGAGG	Ring	Ring	Ring	Asexual 1	Ring	source Table S2 topcell reference similarity
D5SEQ50_ATGCCGTAGAGA	Schizont	Schizont	Schizont (Liver stage)	Asexual 1	Schizont (Liver stage)	source Table S2 topcell reference similarity
D5SEQ50_ATTCGGTAGAGT	Hypnozoite	Hypnozoite	Hypnozoite	Asexual 1	Hypnozoite	source State
D5SEQ50_CAACAGGCTGGA	Ring	Ring	Ring	Asexual 1	Ring	source Table S2 topcell reference similarity
D5SEQ50_ATTCGGTAGAGC	Hypnozoite	Hypnozoite	Hypnozoite	Asexual 1	Hypnozoite	source State
D5SEQ50_GTACTGCGATAG	EEF	EEF	EEF	Asexual 1	EEF	source Table S2 topcell reference similarity
D5SEQ50_GAACAGGCTCGA	Trophozoite	Trophozoite	Trophozoite	Asexual 1	Trophozoite	source Table S2 topcell reference similarity
D5SEQ50_TAACTCCGATAG	EEF	EEF	EEF	Asexual 1	EEF	source Table S2 topcell reference similarity
D5SEQ50_GTAGTCCGATAG	EEF	EEF	EEF	Asexual 1	EEF	source Table S2 topcell reference similarity
D5SEQ50_ATGCGGGAGAGG	EEF	EEF	EEF	Asexual 1	EEF	source Table S2 topcell reference similarity
D5SEQ50_GTACACCGATCG	Merozoite	Merozoite	Merozoite	Asexual 1	Merozoite	source Table S2 topcell reference similarity
D5SEQ50_GTACTCAGATCG	EEF	EEF	EEF	Asexual 1	EEF	source Table S2 topcell reference similarity
D11SEQ100_ATACGACCGCAC	Schizont	Schizont	Schizont (Liver stage)	Asexual 2	Schizont (Liver stage)	source Table S2 topcell reference similarity
D11SEQ100_AAGCTATTGCGG	Schizont	Schizont	Schizont (Liver stage)	Asexual 2	Schizont (Liver stage)	source Table S2 topcell reference similarity
D11SEQ100_ACAGTCTCTATG	Schizont	Schizont	Schizont (Liver stage)	Asexual 2	Schizont (Liver stage)	source Table S2 topcell reference similarity
D11SEQ100_CGACCAAGAGCA	Schizont	Schizont	Schizont (Liver stage)	Asexual 2	Schizont (Liver stage)	source Table S2 topcell reference similarity
D11SEQ100_AGGAGGTTAGTG	Schizont	Schizont	Schizont (Liver stage)	Asexual 2	Schizont (Liver stage)	source Table S2 topcell reference similarity
D11SEQ100_AGATGTGCCAAA	Schizont	Schizont	Schizont (Liver stage)	Asexual 2	Schizont (Liver stage)	source Table S2 topcell reference similarity
D11SEQ100_CCCCCGCATACA	Schizont	Schizont	Schizont (Liver stage)	Asexual 2	Schizont (Liver stage)	source Table S2 topcell reference similarity
D11SEQ100_CACCAGTCACGT	Trophozoite	Trophozoite	Trophozoite	Asexual 2	Trophozoite	source Table S2 topcell reference similarity
D11SEQ100_CTCCTTGGTCTG	Schizont	Schizont	Schizont (Liver stage)	Asexual 2	Schizont (Liver stage)	source Table S2 topcell reference similarity
D11SEQ100_CTGGCATAAATA	Schizont	Schizont	Schizont (Liver stage)	Asexual 2	Schizont (Liver stage)	source Table S2 topcell reference similarity
D11SEQ100_TCGTAGGCCTCG	Schizont	Schizont	Schizont (Liver stage)	Asexual 2	Schizont (Liver stage)	source Table S2 topcell reference similarity
D11SEQ100_ATTGTCGGCGGA	Schizont	Schizont	Schizont (Liver stage)	Asexual 2	Schizont (Liver stage)	source Table S2 topcell reference similarity
D11SEQ100_TTGTCTCGTGTG	Schizont	Schizont	Schizont (Liver stage)	Asexual 2	Schizont (Liver stage)	source Table S2 topcell reference similarity
D11SEQ100_ATAACCCTCCCT	Schizont	Schizont	Schizont (Liver stage)	Asexual 2	Schizont (Liver stage)	source Table S2 topcell reference similarity
D11SEQ100_CTACCGAGGTCG	Schizont	Schizont	Schizont (Liver stage)	Asexual 2	Schizont (Liver stage)	source Table S2 topcell reference similarity
D11SEQ100_GGTCCCCAATAG	Schizont	Schizont	Schizont (Liver stage)	Asexual 2	Schizont (Liver stage)	source Table S2 topcell reference similarity
D11SEQ100_ATGGCGATTATC	Schizont	Schizont	Schizont (Liver stage)	Asexual 6	Schizont (Liver stage)	source Table S2 topcell reference similarity
D11SEQ100_ATACGCCCGCAC	Schizont	Schizont	Schizont (Liver stage)	Asexual 2	Schizont (Liver stage)	source Table S2 topcell reference similarity
D11SEQ100_GGTCCCCAATAC	Schizont	Schizont	Schizont (Liver stage)	Asexual 2	Schizont (Liver stage)	source Table S2 topcell reference similarity
D11SEQ100_CGGTTGCTTCTA	Schizont	Schizont	Schizont (Liver stage)	Asexual 2	Schizont (Liver stage)	source Table S2 topcell reference similarity
D11SEQ100_ATACGACCGCCC	Schizont	Schizont	Schizont (Liver stage)	Asexual 2	Schizont (Liver stage)	source Table S2 topcell reference similarity
D11SEQ100_GGTTACCCCTTA	Schizont	Schizont	Schizont (Liver stage)	Asexual 2	Schizont (Liver stage)	source Table S2 topcell reference similarity
D11SEQ100_GCCTGGGTACGG	Schizont	Schizont	Schizont (Liver stage)	Asexual 2	Schizont (Liver stage)	source Table S2 topcell reference similarity
D11SEQ100_TGCACGTCACGT	EEF	EEF	EEF	Asexual 6	EEF	source Table S2 topcell reference similarity
D11SEQ100_CCACGGGTTGAG	Schizont	Schizont	Schizont (Liver stage)	Asexual 2	Schizont (Liver stage)	source Table S2 topcell reference similarity
D11SEQ100_GGTCCCCAATAA	Schizont	Schizont	Schizont (Liver stage)	Asexual 2	Schizont (Liver stage)	source Table S2 topcell reference similarity
D11SEQ100_CTATCCAACAGT	Schizont	Schizont	Schizont (Liver stage)	Asexual 2	Schizont (Liver stage)	source Table S2 topcell reference similarity
D11SEQ100_GCACTGATTAGG	Schizont	Schizont	Schizont (Liver stage)	Asexual 2	Schizont (Liver stage)	source Table S2 topcell reference similarity
D11SEQ100_CGAGTTCATCGA	Schizont	Schizont	Schizont (Liver stage)	Asexual 2	Schizont (Liver stage)	source Table S2 topcell reference similarity
D11SEQ100_GGATCGGTCGCT	Schizont	Schizont	Schizont (Liver stage)	Asexual 2	Schizont (Liver stage)	source Table S2 topcell reference similarity
D11SEQ100_CGATATGGGCCG	Schizont	Schizont	Schizont (Liver stage)	Asexual 6	Schizont (Liver stage)	source Table S2 topcell reference similarity
D11SEQ100_CTACGACGCAGC	Schizont	Schizont	Schizont (Liver stage)	Asexual 2	Schizont (Liver stage)	source Table S2 topcell reference similarity
D11SEQ100_GCCTGGGTACGC	Schizont	Schizont	Schizont (Liver stage)	Asexual 2	Schizont (Liver stage)	source Table S2 topcell reference similarity
D11SEQ100_GGTCCCCAATAT	Schizont	Schizont	Schizont (Liver stage)	Asexual 2	Schizont (Liver stage)	source Table S2 topcell reference similarity
D11SEQ100_TCAATTTCGGAG	Schizont	Schizont	Schizont (Liver stage)	Asexual 2	Schizont (Liver stage)	source Table S2 topcell reference similarity
D11SEQ100_TTACCGTCGTTT	Schizont	Schizont	Schizont (Liver stage)	Asexual 2	Schizont (Liver stage)	source Table S2 topcell reference similarity
D11SEQ100_CCGTCCCATACT	Schizont	Schizont	Schizont (Liver stage)	Asexual 6	Schizont (Liver stage)	source Table S2 topcell reference similarity
D11SEQ100_GCCTGGGTACGT	Schizont	Schizont	Schizont (Liver stage)	Asexual 2	Schizont (Liver stage)	source Table S2 topcell reference similarity
D11SEQ100_ACGTCCAGGGCT	Schizont	Schizont	Schizont (Liver stage)	Asexual 2	Schizont (Liver stage)	source Table S2 topcell reference similarity
D11SEQ100_CAGCGAACGCTG	Schizont	Schizont	Schizont (Liver stage)	Asexual 2	Schizont (Liver stage)	source Table S2 topcell reference similarity
D11SEQ100_CAGCGAACGCTC	Schizont	Schizont	Schizont (Liver stage)	Asexual 2	Schizont (Liver stage)	source Table S2 topcell reference similarity
D11SEQ100_CTATAACAGGCG	Schizont	Schizont	Schizont (Liver stage)	Asexual 2	Schizont (Liver stage)	source Table S2 topcell reference similarity
D11SEQ100_AACGAGTCCCCC	Schizont	Schizont	Schizont (Liver stage)	Asexual 2	Schizont (Liver stage)	source Table S2 topcell reference similarity
D11SEQ100_GCCTGGGTACGA	Schizont	Schizont	Schizont (Liver stage)	Asexual 2	Schizont (Liver stage)	source Table S2 topcell reference similarity
D11SEQ100_CTTCCTCGATCG	Schizont	Schizont	Schizont (Liver stage)	Asexual 2	Schizont (Liver stage)	source Table S2 topcell reference similarity
D11SEQ100_TCTATTGGTCAC	Schizont	Schizont	Schizont (Liver stage)	Asexual 2	Schizont (Liver stage)	source Table S2 topcell reference similarity
D11SEQ100_CTCGTCCGTAAC	Schizont	Schizont	Schizont (Liver stage)	Asexual 2	Schizont (Liver stage)	source Table S2 topcell reference similarity
D11SEQ100_AAGCTCTTGCGG	Schizont	Schizont	Schizont (Liver stage)	Asexual 2	Schizont (Liver stage)	source Table S2 topcell reference similarity
D11SEQ100_ACCCTGCAAGTT	Schizont	Schizont	Schizont (Liver stage)	Asexual 2	Schizont (Liver stage)	source Table S2 topcell reference similarity
D11SEQ100_TTTTTGTGCTGT	Schizont	Schizont	Schizont (Liver stage)	Asexual 2	Schizont (Liver stage)	source Table S2 topcell reference similarity
D11SEQ100_TGACAACGGTGC	Schizont	Schizont	Schizont (Liver stage)	Asexual 3	Schizont (Liver stage)	source Table S2 topcell reference similarity
D11SEQ100_GGGTAGTAATTC	Schizont	Schizont	Schizont (Liver stage)	Asexual 6	Schizont (Liver stage)	source Table S2 topcell reference similarity
D11SEQ100_TGATTCCGCACG	Schizont	Schizont	Schizont (Liver stage)	Asexual 6	Schizont (Liver stage)	source Table S2 topcell reference similarity
D11SEQ100_CGCGTATGCCGT	Schizont	Schizont	Schizont (Liver stage)	Asexual 2	Schizont (Liver stage)	source Table S2 topcell reference similarity
D11SEQ100_CAGCGAACGCTA	Schizont	Schizont	Schizont (Liver stage)	Asexual 6	Schizont (Liver stage)	source Table S2 topcell reference similarity
D11SEQ100_CAGCGAACGCTT	Schizont	Schizont	Schizont (Liver stage)	Asexual 6	Schizont (Liver stage)	source Table S2 topcell reference similarity
D11SEQ100_AGGCATCTGAAT	Schizont	Schizont	Schizont (Liver stage)	Asexual 2	Schizont (Liver stage)	source Table S2 topcell reference similarity
D11SEQ100_CTATACATAACC	Schizont	Schizont	Schizont (Liver stage)	Asexual 6	Schizont (Liver stage)	source Table S2 topcell reference similarity
D11SEQ100_AAATGGTTGATG	Schizont	Schizont	Schizont (Liver stage)	Asexual 2	Schizont (Liver stage)	source Table S2 topcell reference similarity
D11SEQ100_TGGGACGTCGTC	Schizont	Schizont	Schizont (Liver stage)	Asexual 6	Schizont (Liver stage)	source Table S2 topcell reference similarity
D11SEQ100_GGAAGCTGGGAT	Schizont	Schizont	Schizont (Liver stage)	Asexual 2	Schizont (Liver stage)	source Table S2 topcell reference similarity
D11SEQ100_CTAGTTATGTTA	Schizont	Schizont	Schizont (Liver stage)	Asexual 6	Schizont (Liver stage)	source Table S2 topcell reference similarity
D11SEQ100_CGACCACGAGCA	Schizont	Schizont	Schizont (Liver stage)	Asexual 6	Schizont (Liver stage)	source Table S2 topcell reference similarity
D11SEQ100_TTACCTTTTCAA	Schizont	Schizont	Schizont (Liver stage)	Asexual 6	Schizont (Liver stage)	source Table S2 topcell reference similarity
D11SEQ100_ATCTTGTACCCG	EEF	EEF	EEF	Asexual 6	EEF	source Table S2 topcell reference similarity
D11SEQ100_AGAGTTAGCTAA	Schizont	Schizont	Schizont (Liver stage)	Asexual 1	Schizont (Liver stage)	source Table S2 topcell reference similarity
D11SEQ100_CGACCCAGAGCA	Schizont	Schizont	Schizont (Liver stage)	Asexual 6	Schizont (Liver stage)	source Table S2 topcell reference similarity
D11SEQ100_TGTTCGCATCCA	Schizont	Schizont	Schizont (Liver stage)	Asexual 2	Schizont (Liver stage)	source Table S2 topcell reference similarity
D11SEQ100_ATTGTAGGCCGA	Schizont	Schizont	Schizont (Liver stage)	Asexual 2	Schizont (Liver stage)	source Table S2 topcell reference similarity
D11SEQ100_AGGCGGTTAGTG	Schizont	Schizont	Schizont (Liver stage)	Asexual 2	Schizont (Liver stage)	source Table S2 topcell reference similarity
D11SEQ100_TCGCCGATAGGC	Schizont	Schizont	Schizont (Liver stage)	Asexual 6	Schizont (Liver stage)	source Table S2 topcell reference similarity
D11SEQ100_GTACGCTCCTTA	Schizont	Schizont	Schizont (Liver stage)	Asexual 6	Schizont (Liver stage)	source Table S2 topcell reference similarity
D11SEQ100_CTTACACTCATG	Schizont	Schizont	Schizont (Liver stage)	Asexual 2	Schizont (Liver stage)	source Table S2 topcell reference similarity
D11SEQ100_AGATGTGCCACA	Schizont	Schizont	Schizont (Liver stage)	Asexual 6	Schizont (Liver stage)	source Table S2 topcell reference similarity
D11SEQ100_CACCGTCTATGA	Trophozoite	Trophozoite	Trophozoite	Asexual 1	Trophozoite	source Table S2 topcell reference similarity
D11SEQ100_CAGTCCGGCACC	Schizont	Schizont	Schizont (Liver stage)	Asexual 6	Schizont (Liver stage)	source Table S2 topcell reference similarity
D11SEQ100_CCAATCCAGGTA	Schizont	Schizont	Schizont (Liver stage)	Asexual 6	Schizont (Liver stage)	source Table S2 topcell reference similarity
D11SEQ100_ATTGTAGGCGAA	Schizont	Schizont	Schizont (Liver stage)	Asexual 2	Schizont (Liver stage)	source Table S2 topcell reference similarity
D11SEQ100_CTGTCCGAGCCC	Schizont	Schizont	Schizont (Liver stage)	Asexual 6	Schizont (Liver stage)	source Table S2 topcell reference similarity
D11SEQ100_CCGGCCTAGGAG	Schizont	Schizont	Schizont (Liver stage)	Asexual 6	Schizont (Liver stage)	source Table S2 topcell reference similarity
D11SEQ100_CGATCTGGATAA	Schizont	Schizont	Schizont (Liver stage)	Asexual 6	Schizont (Liver stage)	source Table S2 topcell reference similarity
D11SEQ100_ATGGGACCTGTG	Schizont	Schizont	Schizont (Liver stage)	Asexual 6	Schizont (Liver stage)	source Table S2 topcell reference similarity
D11SEQ100_ACTGCGGCTCAT	EEF	EEF	EEF	Asexual 6	EEF	source Table S2 topcell reference similarity
D11SEQ100_CTGCATCTCGGG	Schizont	Schizont	Schizont (Liver stage)	Asexual 2	Schizont (Liver stage)	source Table S2 topcell reference similarity
D11SEQ100_AAGAACACCGTA	Schizont	Schizont	Schizont (Liver stage)	Asexual 6	Schizont (Liver stage)	source Table S2 topcell reference similarity
D11SEQ100_CCCCGCGCGCTT	Schizont	Schizont	Schizont (Liver stage)	Asexual 6	Schizont (Liver stage)	source Table S2 topcell reference similarity
D11SEQ100_AGACCGTCTAGA	Schizont	Schizont	Schizont (Liver stage)	Asexual 6	Schizont (Liver stage)	source Table S2 topcell reference similarity
D11SEQ100_CGAGCGACATGG	Schizont	Schizont	Schizont (Liver stage)	Asexual 6	Schizont (Liver stage)	source Table S2 topcell reference similarity
D11SEQ100_TACATAAGATCC	Schizont	Schizont	Schizont (Liver stage)	Asexual 6	Schizont (Liver stage)	source Table S2 topcell reference similarity
D11SEQ100_GTTGTAGGCGGA	Schizont	Schizont	Schizont (Liver stage)	Asexual 2	Schizont (Liver stage)	source Table S2 topcell reference similarity
D11SEQ100_GGTTGTGTGCCT	Schizont	Schizont	Schizont (Liver stage)	Asexual 6	Schizont (Liver stage)	source Table S2 topcell reference similarity
D11SEQ100_ACTGTTGTCATG	Schizont	Schizont	Schizont (Liver stage)	Asexual 6	Schizont (Liver stage)	source Table S2 topcell reference similarity
D11SEQ100_AGTATGTCCACA	Schizont	Schizont	Schizont (Liver stage)	Asexual 6	Schizont (Liver stage)	source Table S2 topcell reference similarity
D11SEQ100_TATCCGCAATCG	Schizont	Schizont	Schizont (Liver stage)	Asexual 6	Schizont (Liver stage)	source Table S2 topcell reference similarity
D11SEQ100_TTAGGAGGCGAG	EEF	EEF	EEF	Asexual 6	EEF	source Table S2 topcell reference similarity
D11SEQ100_GGACTATTCTCG	Schizont	Schizont	Schizont (Liver stage)	Asexual 6	Schizont (Liver stage)	source Table S2 topcell reference similarity
D11SEQ100_AGCCTGAGGATG	Schizont	Schizont	Schizont (Liver stage)	Asexual 6	Schizont (Liver stage)	source Table S2 topcell reference similarity
D11SEQ100_GGCTGATCCGCC	Schizont	Schizont	Schizont (Liver stage)	Asexual 6	Schizont (Liver stage)	source Table S2 topcell reference similarity
D11SEQ100_GAAGGTGCGCAC	Schizont	Schizont	Schizont (Liver stage)	Asexual 6	Schizont (Liver stage)	source Table S2 topcell reference similarity
D11SEQ100_CTAAGCTGCTAA	Schizont	Schizont	Schizont (Liver stage)	Asexual 6	Schizont (Liver stage)	source Table S2 topcell reference similarity
D11SEQ100_TCGGATAAAGTC	Schizont	Schizont	Schizont (Liver stage)	Asexual 6	Schizont (Liver stage)	source Table S2 topcell reference similarity
D11SEQ100_ATTGTAGGCGCA	Schizont	Schizont	Schizont (Liver stage)	Asexual 2	Schizont (Liver stage)	source Table S2 topcell reference similarity
D11SEQ100_GTCGATGGGACT	Schizont	Schizont	Schizont (Liver stage)	Asexual 6	Schizont (Liver stage)	source Table S2 topcell reference similarity
D11SEQ100_GGATTTTAAGTC	EEF	EEF	EEF	Asexual 6	EEF	source Table S2 topcell reference similarity
D11SEQ100_CTACGAGTAGCG	Schizont	Schizont	Schizont (Liver stage)	Asexual 6	Schizont (Liver stage)	source Table S2 topcell reference similarity
D11SEQ100_ATACCCCTCCCT	Schizont	Schizont	Schizont (Liver stage)	Asexual 6	Schizont (Liver stage)	source Table S2 topcell reference similarity
D11SEQ100_ACGCATGTTATA	Schizont	Schizont	Schizont (Liver stage)	Asexual 6	Schizont (Liver stage)	source Table S2 topcell reference similarity
D11SEQ100_ACCGTCGTTCGT	Schizont	Schizont	Schizont (Liver stage)	Asexual 6	Schizont (Liver stage)	source Table S2 topcell reference similarity
D11SEQ100_AATGTAGGCGGA	Schizont	Schizont	Schizont (Liver stage)	Asexual 2	Schizont (Liver stage)	source Table S2 topcell reference similarity
D11SEQ100_ACGCGCAAACAC	Schizont	Schizont	Schizont (Liver stage)	Asexual 6	Schizont (Liver stage)	source Table S2 topcell reference similarity
D11SEQ100_CTACCGCGGTCG	Schizont	Schizont	Schizont (Liver stage)	Asexual 6	Schizont (Liver stage)	source Table S2 topcell reference similarity
D11SEQ100_GCAGAGATGCTG	Schizont	Schizont	Schizont (Liver stage)	Asexual 6	Schizont (Liver stage)	source Table S2 topcell reference similarity
D11SEQ100_GTACGACCGCAC	Schizont	Schizont	Schizont (Liver stage)	Asexual 2	Schizont (Liver stage)	source Table S2 topcell reference similarity
D11SEQ100_ATACGACCCCAC	Schizont	Schizont	Schizont (Liver stage)	Asexual 6	Schizont (Liver stage)	source Table S2 topcell reference similarity
D11SEQ100_AAATATGGGGCT	Schizont	Schizont	Schizont (Liver stage)	Asexual 6	Schizont (Liver stage)	source Table S2 topcell reference similarity
D11SEQ100_GCGTCTCGCCCG	Schizont	Schizont	Schizont (Liver stage)	Asexual 6	Schizont (Liver stage)	source Table S2 topcell reference similarity
D11SEQ100_CCAACGCGATAA	Schizont	Schizont	Schizont (Liver stage)	Asexual 6	Schizont (Liver stage)	source Table S2 topcell reference similarity
D11SEQ100_CAACTAGTCTCG	Schizont	Schizont	Schizont (Liver stage)	Asexual 6	Schizont (Liver stage)	source Table S2 topcell reference similarity
D11SEQ100_CTATCATTACTT	Schizont	Schizont	Schizont (Liver stage)	Asexual 6	Schizont (Liver stage)	source Table S2 topcell reference similarity
D11SEQ100_AAGCTATTGCGC	Schizont	Schizont	Schizont (Liver stage)	Asexual 6	Schizont (Liver stage)	source Table S2 topcell reference similarity
D11SEQ100_CTTCCTTAGCAG	Schizont	Schizont	Schizont (Liver stage)	Asexual 6	Schizont (Liver stage)	source Table S2 topcell reference similarity
D11SEQ100_CGGCGTCTCTTG	Schizont	Schizont	Schizont (Liver stage)	Asexual 6	Schizont (Liver stage)	source Table S2 topcell reference similarity
D11SEQ100_TGCTTGGGGGCT	Schizont	Schizont	Schizont (Liver stage)	Asexual 6	Schizont (Liver stage)	source Table S2 topcell reference similarity
D11SEQ100_CTACCCTCGATT	Schizont	Schizont	Schizont (Liver stage)	Asexual 6	Schizont (Liver stage)	source Table S2 topcell reference similarity
D11SEQ100_AATTCGCGTAGC	Schizont	Schizont	Schizont (Liver stage)	Asexual 6	Schizont (Liver stage)	source Table S2 topcell reference similarity
D11SEQ100_ATTGTAGGCGGC	Schizont	Schizont	Schizont (Liver stage)	Asexual 2	Schizont (Liver stage)	source Table S2 topcell reference similarity
D11SEQ100_ATTGTAGGCAGA	Schizont	Schizont	Schizont (Liver stage)	Asexual 2	Schizont (Liver stage)	source Table S2 topcell reference similarity
D11SEQ100_GCATTAGTTCCT	Schizont	Schizont	Schizont (Liver stage)	Asexual 1	Schizont (Liver stage)	source Table S2 topcell reference similarity
D11SEQ100_GCACACCAAATT	Schizont	Schizont	Schizont (Liver stage)	Asexual 6	Schizont (Liver stage)	source Table S2 topcell reference similarity
D11SEQ100_TTCGCGTCTATC	Schizont	Schizont	Schizont (Liver stage)	Asexual 6	Schizont (Liver stage)	source Table S2 topcell reference similarity
D11SEQ100_AGCTCACTTTCT	Schizont	Schizont	Schizont (Liver stage)	Asexual 6	Schizont (Liver stage)	source Table S2 topcell reference similarity
D11SEQ100_TCGCGTTATAGA	Schizont	Schizont	Schizont (Liver stage)	Asexual 6	Schizont (Liver stage)	source Table S2 topcell reference similarity
D11SEQ100_ATTCTAGGCGGA	Schizont	Schizont	Schizont (Liver stage)	Asexual 2	Schizont (Liver stage)	source Table S2 topcell reference similarity
D11SEQ100_CACACATTCCTA	Schizont	Schizont	Schizont (Liver stage)	Asexual 6	Schizont (Liver stage)	source Table S2 topcell reference similarity
D11SEQ100_ATTGTAGCCGGA	Schizont	Schizont	Schizont (Liver stage)	Asexual 2	Schizont (Liver stage)	source Table S2 topcell reference similarity
D11SEQ100_ACTATGCACCTC	Schizont	Schizont	Schizont (Liver stage)	Asexual 6	Schizont (Liver stage)	source Table S2 topcell reference similarity
D11SEQ100_ATTGTAGGCGGG	Schizont	Schizont	Schizont (Liver stage)	Asexual 2	Schizont (Liver stage)	source Table S2 topcell reference similarity
D11SEQ100_ATTATAGGCGGA	Schizont	Schizont	Schizont (Liver stage)	Asexual 2	Schizont (Liver stage)	source Table S2 topcell reference similarity
D11SEQ100_CGCTTCAGCTAC	Schizont	Schizont	Schizont (Liver stage)	Asexual 6	Schizont (Liver stage)	source Table S2 topcell reference similarity
D11SEQ100_GGGCATGTTCCG	Schizont	Schizont	Schizont (Liver stage)	Asexual 6	Schizont (Liver stage)	source Table S2 topcell reference similarity
D11SEQ100_ACAGTCTCTATC	Schizont	Schizont	Schizont (Liver stage)	Asexual 6	Schizont (Liver stage)	source Table S2 topcell reference similarity
D11SEQ100_CGACTTATAGGT	EEF	EEF	EEF	Asexual 6	EEF	source Table S2 topcell reference similarity
D11SEQ100_TTAGCCGCGGAA	Schizont	Schizont	Schizont (Liver stage)	Asexual 6	Schizont (Liver stage)	source Table S2 topcell reference similarity
D11SEQ100_GGTGTAGTAGCC	Schizont	Schizont	Schizont (Liver stage)	Asexual 6	Schizont (Liver stage)	source Table S2 topcell reference similarity
D11SEQ100_GGTCCCCAATCG	Schizont	Schizont	Schizont (Liver stage)	Asexual 6	Schizont (Liver stage)	source Table S2 topcell reference similarity
D11SEQ100_ATTGTAGGCGGT	Schizont	Schizont	Schizont (Liver stage)	Asexual 2	Schizont (Liver stage)	source Table S2 topcell reference similarity
D11SEQ100_ATACGACCACAC	Schizont	Schizont	Schizont (Liver stage)	Asexual 2	Schizont (Liver stage)	source Table S2 topcell reference similarity
D11SEQ100_GGACTATTCTCC	EEF	EEF	EEF	Asexual 6	EEF	source Table S2 topcell reference similarity
D11SEQ100_ATACGCCCGCCC	Schizont	Schizont	Schizont (Liver stage)	Asexual 6	Schizont (Liver stage)	source Table S2 topcell reference similarity
D11SEQ100_ACACAATTCCTA	EEF	EEF	EEF	Asexual 6	EEF	source Table S2 topcell reference similarity
D11SEQ100_TCGGCCCAGAGC	Schizont	Schizont	Schizont (Liver stage)	Asexual 6	Schizont (Liver stage)	source Table S2 topcell reference similarity
D11SEQ100_ATCTATAGTCCC	Schizont	Schizont	Schizont (Liver stage)	Asexual 6	Schizont (Liver stage)	source Table S2 topcell reference similarity
D11SEQ100_TTAGACAGACAA	Schizont	Schizont	Schizont (Liver stage)	Asexual 6	Schizont (Liver stage)	source Table S2 topcell reference similarity
D11SEQ100_AAACGACCGCAC	Schizont	Schizont	Schizont (Liver stage)	Asexual 2	Schizont (Liver stage)	source Table S2 topcell reference similarity
D11SEQ100_GAGGACACCTAT	Schizont	Schizont	Schizont (Liver stage)	Asexual 6	Schizont (Liver stage)	source Table S2 topcell reference similarity
D11SEQ100_ATCTCGCAGCGA	Schizont	Schizont	Schizont (Liver stage)	Asexual 6	Schizont (Liver stage)	source Table S2 topcell reference similarity
D11SEQ100_AGAATACAAATG	Schizont	Schizont	Schizont (Liver stage)	Asexual 6	Schizont (Liver stage)	source Table S2 topcell reference similarity
D11SEQ100_TCATCTCAGGTT	Schizont	Schizont	Schizont (Liver stage)	Asexual 6	Schizont (Liver stage)	source Table S2 topcell reference similarity
D11SEQ100_TTTGTAGGCGGA	Schizont	Schizont	Schizont (Liver stage)	Asexual 2	Schizont (Liver stage)	source Table S2 topcell reference similarity
D11SEQ100_GGGTCTTTCTTT	Schizont	Schizont	Schizont (Liver stage)	Asexual 6	Schizont (Liver stage)	source Table S2 topcell reference similarity
D11SEQ100_GGACTATTCTCA	EEF	EEF	EEF	Asexual 6	EEF	source Table S2 topcell reference similarity
D11SEQ100_ATACCACCGCAC	EEF	EEF	EEF	Asexual 6	EEF	source Table S2 topcell reference similarity
D11SEQ100_TGATATTTATAT	EEF	EEF	EEF	Asexual 6	EEF	source Table S2 topcell reference similarity
D11SEQ100_ATTGTACGCGGA	Schizont	Schizont	Schizont (Liver stage)	Asexual 2	Schizont (Liver stage)	source Table S2 topcell reference similarity
D11SEQ100_CGGGCAACGCGG	Schizont	Schizont	Schizont (Liver stage)	Asexual 6	Schizont (Liver stage)	source Table S2 topcell reference similarity
D11SEQ100_CGTGGCCATGGA	Schizont	Schizont	Schizont (Liver stage)	Asexual 6	Schizont (Liver stage)	source Table S2 topcell reference similarity
D11SEQ100_GTCTCGGTTCTT	Schizont	Schizont	Schizont (Liver stage)	Asexual 6	Schizont (Liver stage)	source Table S2 topcell reference similarity
D11SEQ100_GTGGACTAACGG	Schizont	Schizont	Schizont (Liver stage)	Asexual 6	Schizont (Liver stage)	source Table S2 topcell reference similarity
D11SEQ100_AAGCTCTCACTA	Schizont	Schizont	Schizont (Liver stage)	Asexual 6	Schizont (Liver stage)	source Table S2 topcell reference similarity
D11SEQ100_ATTGTAGACGGA	Schizont	Schizont	Schizont (Liver stage)	Asexual 6	Schizont (Liver stage)	source Table S2 topcell reference similarity
D11SEQ100_GCAGTCTCTATG	Schizont	Schizont	Schizont (Liver stage)	Asexual 2	Schizont (Liver stage)	source Table S2 topcell reference similarity
D11SEQ100_ATTGTAGGCGTA	Schizont	Schizont	Schizont (Liver stage)	Asexual 2	Schizont (Liver stage)	source Table S2 topcell reference similarity
D11SEQ100_CCAGGTTAGCCT	Schizont	Schizont	Schizont (Liver stage)	Asexual 6	Schizont (Liver stage)	source Table S2 topcell reference similarity
D11SEQ100_CTTGTAGGCGGA	Schizont	Schizont	Schizont (Liver stage)	Asexual 6	Schizont (Liver stage)	source Table S2 topcell reference similarity
D11SEQ100_GAGCTATTGCGG	Schizont	Schizont	Schizont (Liver stage)	Asexual 2	Schizont (Liver stage)	source Table S2 topcell reference similarity
D11SEQ100_TTACGACCGCAC	Schizont	Schizont	Schizont (Liver stage)	Asexual 2	Schizont (Liver stage)	source Table S2 topcell reference similarity
D11SEQ100_GTCTTGTTGATG	Schizont	Schizont	Schizont (Liver stage)	Asexual 6	Schizont (Liver stage)	source Table S2 topcell reference similarity
D11SEQ100_GCGCTCGGCCTC	Schizont	Schizont	Schizont (Liver stage)	Asexual 6	Schizont (Liver stage)	source Table S2 topcell reference similarity
D11SEQ100_ATTGTAGGTGGA	Schizont	Schizont	Schizont (Liver stage)	Asexual 2	Schizont (Liver stage)	source Table S2 topcell reference similarity
D11SEQ100_ATACAACCGCAC	Schizont	Schizont	Schizont (Liver stage)	Asexual 6	Schizont (Liver stage)	source Table S2 topcell reference similarity
D11SEQ100_ACATATTCTTGC	Schizont	Schizont	Schizont (Liver stage)	Asexual 6	Schizont (Liver stage)	source Table S2 topcell reference similarity
D11SEQ100_GCCCCGCATACA	Schizont	Schizont	Schizont (Liver stage)	Asexual 2	Schizont (Liver stage)	source Table S2 topcell reference similarity
D11SEQ100_CGCCCAAGAGCA	Schizont	Schizont	Schizont (Liver stage)	Asexual 2	Schizont (Liver stage)	source Table S2 topcell reference similarity
D11SEQ100_ATCCGACCGCAC	Schizont	Schizont	Schizont (Liver stage)	Asexual 6	Schizont (Liver stage)	source Table S2 topcell reference similarity
D11SEQ100_GGGAGGTTAGTG	Schizont	Schizont	Schizont (Liver stage)	Asexual 2	Schizont (Liver stage)	source Table S2 topcell reference similarity
D11SEQ100_AAGCTATTGTGG	EEF	EEF	EEF	Asexual 2	EEF	source Table S2 topcell reference similarity
D11SEQ100_ATTGTAGGAGGA	Schizont	Schizont	Schizont (Liver stage)	Asexual 2	Schizont (Liver stage)	source Table S2 topcell reference similarity
D11SEQ100_ACCCCGCATACA	Schizont	Schizont	Schizont (Liver stage)	Asexual 2	Schizont (Liver stage)	source Table S2 topcell reference similarity
D11SEQ100_CGGCCAAGAGCA	Schizont	Schizont	Schizont (Liver stage)	Asexual 6	Schizont (Liver stage)	source Table S2 topcell reference similarity
D11SEQ100_CTCCCGCATACA	Schizont	Schizont	Schizont (Liver stage)	Asexual 2	Schizont (Liver stage)	source Table S2 topcell reference similarity
D11SEQ100_CGCCAGTCACGT	Schizont	Schizont	Schizont (Liver stage)	Asexual 1	Schizont (Liver stage)	source Table S2 topcell reference similarity
D11SEQ100_CACCCGCATACA	Schizont	Schizont	Schizont (Liver stage)	Asexual 2	Schizont (Liver stage)	source Table S2 topcell reference similarity
D11SEQ100_CGCCCGCATACA	Schizont	Schizont	Schizont (Liver stage)	Asexual 2	Schizont (Liver stage)	source Table S2 topcell reference similarity
D11SEQ100_ATTGTAGGCTGA	Schizont	Schizont	Schizont (Liver stage)	Asexual 2	Schizont (Liver stage)	source Table S2 topcell reference similarity
D11SEQ100_ATTGAAGGCGGA	Schizont	Schizont	Schizont (Liver stage)	Asexual 2	Schizont (Liver stage)	source Table S2 topcell reference similarity
D11SEQ100_CACCTTGGTCTG	Schizont	Schizont	Schizont (Liver stage)	Asexual 6	Schizont (Liver stage)	source Table S2 topcell reference similarity
D11SEQ100_ATAGTAGGCGGA	Schizont	Schizont	Schizont (Liver stage)	Asexual 2	Schizont (Liver stage)	source Table S2 topcell reference similarity
D11SEQ100_TAGCTATTGCGG	Schizont	Schizont	Schizont (Liver stage)	Asexual 2	Schizont (Liver stage)	source Table S2 topcell reference similarity
D11SEQ100_CCACCAAGAGCA	Schizont	Schizont	Schizont (Liver stage)	Asexual 6	Schizont (Liver stage)	source Table S2 topcell reference similarity
D11SEQ100_TCCCCGCATACA	Schizont	Schizont	Schizont (Liver stage)	Asexual 2	Schizont (Liver stage)	source Table S2 topcell reference similarity
D11SEQ100_CCACCGCATACA	Schizont	Schizont	Schizont (Liver stage)	Asexual 2	Schizont (Liver stage)	source Table S2 topcell reference similarity
D11SEQ100_ATTGTGGGCGGA	Schizont	Schizont	Schizont (Liver stage)	Asexual 2	Schizont (Liver stage)	source Table S2 topcell reference similarity
D11SEQ100_ACACTCTCTATG	Schizont	Schizont	Schizont (Liver stage)	Asexual 6	Schizont (Liver stage)	source Table S2 topcell reference similarity
D11SEQ100_ATACGACAGCAC	Schizont	Schizont	Schizont (Liver stage)	Asexual 2	Schizont (Liver stage)	source Table S2 topcell reference similarity
D11SEQ100_CCAGTCTCTATG	Schizont	Schizont	Schizont (Liver stage)	Asexual 6	Schizont (Liver stage)	source Table S2 topcell reference similarity
D11SEQ100_ACGTAGGCCTCG	Schizont	Schizont	Schizont (Liver stage)	Asexual 2	Schizont (Liver stage)	source Table S2 topcell reference similarity
D11SEQ100_AAGCTATAGCGG	Schizont	Schizont	Schizont (Liver stage)	Asexual 2	Schizont (Liver stage)	source Table S2 topcell reference similarity
D11SEQ100_CTACCAAGAGCA	Schizont	Schizont	Schizont (Liver stage)	Asexual 6	Schizont (Liver stage)	source Table S2 topcell reference similarity
D11SEQ100_ATACGACCGCTC	Schizont	Schizont	Schizont (Liver stage)	Asexual 6	Schizont (Liver stage)	source Table S2 topcell reference similarity
D11SEQ100_GGATGTGCCAAA	Schizont	Schizont	Schizont (Liver stage)	Asexual 6	Schizont (Liver stage)	source Table S2 topcell reference similarity
D11SEQ100_ATACGACCGCGC	Schizont	Schizont	Schizont (Liver stage)	Asexual 6	Schizont (Liver stage)	source Table S2 topcell reference similarity
D11SEQ100_CTCCAGTCACGT	Schizont	Schizont	Schizont (Liver stage)	Asexual 1	Schizont (Liver stage)	source Table S2 topcell reference similarity
D11SEQ100_GTCCTTGGTCTG	Schizont	Schizont	Schizont (Liver stage)	Asexual 6	Schizont (Liver stage)	source Table S2 topcell reference similarity
D11SEQ100_ACAGACTCTATG	Schizont	Schizont	Schizont (Liver stage)	Asexual 6	Schizont (Liver stage)	source Table S2 topcell reference similarity
D11SEQ100_TGGAGGTTAGTG	Schizont	Schizont	Schizont (Liver stage)	Asexual 6	Schizont (Liver stage)	source Table S2 topcell reference similarity
D11SEQ100_CGCCTTGGTCTG	Schizont	Schizont	Schizont (Liver stage)	Asexual 6	Schizont (Liver stage)	source Table S2 topcell reference similarity
D11SEQ100_ATACGACCGCAA	Schizont	Schizont	Schizont (Liver stage)	Asexual 6	Schizont (Liver stage)	source Table S2 topcell reference similarity
D11SEQ100_GTTGTCGGCGGA	Schizont	Schizont	Schizont (Liver stage)	Asexual 2	Schizont (Liver stage)	source Table S2 topcell reference similarity
D11SEQ100_CGACAAAGAGCA	Schizont	Schizont	Schizont (Liver stage)	Asexual 2	Schizont (Liver stage)	source Table S2 topcell reference similarity
D11SEQ100_ATTGTAGTCGGA	Schizont	Schizont	Schizont (Liver stage)	Asexual 2	Schizont (Liver stage)	source Table S2 topcell reference similarity
D11SEQ100_AAGCTATTGAGG	Schizont	Schizont	Schizont (Liver stage)	Asexual 2	Schizont (Liver stage)	source Table S2 topcell reference similarity
D11SEQ100_AGACCAAGAGCA	Schizont	Schizont	Schizont (Liver stage)	Asexual 6	Schizont (Liver stage)	source Table S2 topcell reference similarity
D11SEQ100_AAGCAATTGCGG	Schizont	Schizont	Schizont (Liver stage)	Asexual 2	Schizont (Liver stage)	source Table S2 topcell reference similarity
D11SEQ100_AGTGTAGGCGGA	Schizont	Schizont	Schizont (Liver stage)	Asexual 6	Schizont (Liver stage)	source Table S2 topcell reference similarity
D11SEQ100_ATGTCTCGTGTG	Schizont	Schizont	Schizont (Liver stage)	Asexual 2	Schizont (Liver stage)	source Table S2 topcell reference similarity
D11SEQ100_ATACGACCGAAC	Schizont	Schizont	Schizont (Liver stage)	Asexual 6	Schizont (Liver stage)	source Table S2 topcell reference similarity
D11SEQ100_ATTTTAGGCGGA	Schizont	Schizont	Schizont (Liver stage)	Asexual 6	Schizont (Liver stage)	source Table S2 topcell reference similarity
D11SEQ100_TGTTTTAACCCT	Schizont	Schizont	Schizont (Liver stage)	Asexual 6	Schizont (Liver stage)	source Table S2 topcell reference similarity
D11SEQ100_GGTGTGGGTGTT	Schizont	Schizont	Schizont (Liver stage)	Asexual 3	Schizont (Liver stage)	source Table S2 topcell reference similarity
D11SEQ100_GCTATCCAATAA	EEF	EEF	EEF	Asexual 4	EEF	source Table S2 topcell reference similarity
D11SEQ100_CGTTCACCGTCC	Hypnozoite	Hypnozoite	Hypnozoite	Asexual 3	Hypnozoite	source State
D11SEQ100_GTCGGCCAGAAT	Hypnozoite	Hypnozoite	Hypnozoite	Asexual 1	Hypnozoite	source State
D11SEQ100_TGAGTCATAGCT	Merozoite	Merozoite	Merozoite	Asexual 3	Merozoite	source Table S2 topcell reference similarity
D11SEQ100_TGCGTACCTGTC	Schizont	Schizont	Schizont (Liver stage)	Asexual 3	Schizont (Liver stage)	source Table S2 topcell reference similarity
D11SEQ100_CCAGGCTCACAG	Male gametocyte	Male gametocyte	Male gametocyte	Asexual 3	Male gametocyte	source Table S2 topcell reference similarity
D11SEQ100_ACGGCTTTCTCG	Schizont	Schizont	Schizont (Liver stage)	Asexual 3	Schizont (Liver stage)	source Table S2 topcell reference similarity
D11SEQ100_TACAGAAAAGAA	Schizont	Schizont	Schizont (Liver stage)	Asexual 1	Schizont (Liver stage)	source Table S2 topcell reference similarity
D11SEQ100_ATTATCAAATAT	Male gametocyte	Male gametocyte	Male gametocyte	Asexual 1	Male gametocyte	source Table S2 topcell reference similarity
D11SEQ100_TACTCAAACTCA	Merozoite	Merozoite	Merozoite	Asexual 3	Merozoite	source Table S2 topcell reference similarity
D11SEQ100_ATTCAGTTCCGT	Merozoite	Merozoite	Merozoite	Asexual 1	Merozoite	source Table S2 topcell reference similarity
D11SEQ100_CATCCAATAGTG	Ring	Ring	Ring	Asexual 1	Ring	source Table S2 topcell reference similarity
D11SEQ100_GTGATCAGCCGT	Schizont	Schizont	Schizont (Liver stage)	Asexual 1	Schizont (Liver stage)	source Table S2 topcell reference similarity
D11SEQ100_TCGTTTCGTATG	Hypnozoite	Hypnozoite	Hypnozoite	Asexual 1	Hypnozoite	source State
D11SEQ100_TCGTGCGCTTAT	EEF	EEF	EEF	Asexual 1	EEF	source Table S2 topcell reference similarity
D11SEQ100_CCAGCACCGCAT	Female gametocyte	Female gametocyte	Female gametocyte	Asexual 1	Female gametocyte	source Table S2 topcell reference similarity
D11SEQ100_GCTGAGAATTCT	Schizont	Schizont	Schizont (Liver stage)	Asexual 3	Schizont (Liver stage)	source Table S2 topcell reference similarity
D11SEQ100_CGCTCGACCTTA	Merozoite	Merozoite	Merozoite	Asexual 3	Merozoite	source Table S2 topcell reference similarity
D11SEQ100_CGGCTGCGGCTT	Female gametocyte	Female gametocyte	Female gametocyte	Asexual 1	Female gametocyte	source Table S2 topcell reference similarity
D11SEQ100_AAATCCATCCTG	Schizont	Schizont	Schizont (Liver stage)	Asexual 3	Schizont (Liver stage)	source Table S2 topcell reference similarity
D11SEQ100_ACTAGGTCGGAG	Schizont	Schizont	Schizont (Liver stage)	Asexual 1	Schizont (Liver stage)	source Table S2 topcell reference similarity
D11SEQ100_TAACTAAGAGTA	EEF	EEF	EEF	Asexual 1	EEF	source Table S2 topcell reference similarity
D11SEQ100_CCCGCTGATAGC	Merozoite	Merozoite	Merozoite	Asexual 1	Merozoite	source Table S2 topcell reference similarity
D11SEQ100_AGGGGTCGTTTT	EEF	EEF	EEF	Asexual 1	EEF	source Table S2 topcell reference similarity
D11SEQ100_GTGCGTCAGGCT	Schizont	Schizont	Schizont (Liver stage)	Asexual 3	Schizont (Liver stage)	source Table S2 topcell reference similarity
D11SEQ100_CTTCGGGCCTAG	Male gametocyte	Male gametocyte	Male gametocyte	Asexual 1	Male gametocyte	source Table S2 topcell reference similarity
D11SEQ100_CGGGAGCTGCAA	Schizont	Schizont	Schizont (Liver stage)	Asexual 1	Schizont (Liver stage)	source Table S2 topcell reference similarity
D11SEQ100_CACCTTTCTACT	Merozoite	Merozoite	Merozoite	Asexual 3	Merozoite	source Table S2 topcell reference similarity
D11SEQ100_AAGACCAACAGC	Schizont	Schizont	Schizont (Liver stage)	Asexual 3	Schizont (Liver stage)	source Table S2 topcell reference similarity
D11SEQ100_CTGCAGTGGGAT	Schizont	Schizont	Schizont (Liver stage)	Asexual 1	Schizont (Liver stage)	source Table S2 topcell reference similarity
D11SEQ100_GCTCGGCGCGAT	Schizont	Schizont	Schizont (Liver stage)	Asexual 3	Schizont (Liver stage)	source Table S2 topcell reference similarity
D11SEQ100_AACCAACAGACG	Schizont	Schizont	Schizont (Liver stage)	Asexual 1	Schizont (Liver stage)	source Table S2 topcell reference similarity
D11SEQ100_AACATAGTCCAT	Ring	Ring	Ring	Asexual 1	Ring	source Table S2 topcell reference similarity
D11SEQ100_CACCCACGCGGT	Ring	Ring	Ring	Asexual 1	Ring	source Table S2 topcell reference similarity
D11SEQ100_ATTCCTCAAATA	Merozoite	Merozoite	Merozoite	Asexual 3	Merozoite	source Table S2 topcell reference similarity
D11SEQ100_CATCCCAACGTT	Schizont	Schizont	Schizont (Liver stage)	Asexual 1	Schizont (Liver stage)	source Table S2 topcell reference similarity
D11SEQ100_GATAGAAGCCTG	Schizont	Schizont	Schizont (Liver stage)	Asexual 1	Schizont (Liver stage)	source Table S2 topcell reference similarity
D11SEQ100_GTGAACAACGCC	Ring	Ring	Ring	Asexual 1	Ring	source Table S2 topcell reference similarity
D11SEQ100_TCTGATATTATC	Schizont	Schizont	Schizont (Liver stage)	Asexual 1	Schizont (Liver stage)	source Table S2 topcell reference similarity
D11SEQ100_GTGAATGGCCGC	EEF	EEF	EEF	Asexual 3	EEF	source Table S2 topcell reference similarity
D11SEQ100_GAAGCTAAGCAT	Merozoite	Merozoite	Merozoite	Asexual 3	Merozoite	source Table S2 topcell reference similarity
D11SEQ100_TACGAGAATGGT	EEF	EEF	EEF	Asexual 1	EEF	source Table S2 topcell reference similarity
D11SEQ100_GATAGAAGCCTC	Schizont	Schizont	Schizont (Liver stage)	Asexual 1	Schizont (Liver stage)	source Table S2 topcell reference similarity
D11SEQ100_TCCCGAGTAGCC	Schizont	Schizont	Schizont (Liver stage)	Asexual 1	Schizont (Liver stage)	source Table S2 topcell reference similarity
D11SEQ100_AAATATGGTATC	Schizont	Schizont	Schizont (Liver stage)	Asexual 3	Schizont (Liver stage)	source Table S2 topcell reference similarity
D11SEQ100_TCCGTCGGGATG	Schizont	Schizont	Schizont (Liver stage)	Asexual 1	Schizont (Liver stage)	source Table S2 topcell reference similarity
D11SEQ100_CCGCCCGTCTTT	EEF	EEF	EEF	Asexual 1	EEF	source Table S2 topcell reference similarity
D11SEQ100_ATTAACCACTAA	Merozoite	Merozoite	Merozoite	Asexual 1	Merozoite	source Table S2 topcell reference similarity
D11SEQ100_TGAACCGCACAT	EEF	EEF	EEF	Asexual 1	EEF	source Table S2 topcell reference similarity
D11SEQ100_AGGTAATTGTAT	Merozoite	Merozoite	Merozoite	Asexual 1	Merozoite	source Table S2 topcell reference similarity
D11SEQ100_AGGGAATTTATC	Merozoite	Merozoite	Merozoite	Asexual 3	Merozoite	source Table S2 topcell reference similarity
D11SEQ100_GAGTTATATTTT	Schizont	Schizont	Schizont (Liver stage)	Asexual 1	Schizont (Liver stage)	source Table S2 topcell reference similarity
D11SEQ100_GATAGAAGCCTA	Schizont	Schizont	Schizont (Liver stage)	Asexual 1	Schizont (Liver stage)	source Table S2 topcell reference similarity
D11SEQ100_TGCAATCTATCC	EEF	EEF	EEF	Asexual 1	EEF	source Table S2 topcell reference similarity
D11SEQ100_TGCGTCCCTGTC	Schizont	Schizont	Schizont (Liver stage)	Asexual 1	Schizont (Liver stage)	source Table S2 topcell reference similarity
D11SEQ100_TCTATGCTGGGT	EEF	EEF	EEF	Asexual 3	EEF	source Table S2 topcell reference similarity
D11SEQ100_ACTTGTTCGGGC	Schizont	Schizont	Schizont (Liver stage)	Asexual 1	Schizont (Liver stage)	source Table S2 topcell reference similarity
D11SEQ100_GGGCGTGAGTGN	Merozoite	Merozoite	Merozoite	Asexual 1	Merozoite	source Table S2 topcell reference similarity
D11SEQ100_GCTCGGCGCGCT	EEF	EEF	EEF	Asexual 3	EEF	source Table S2 topcell reference similarity
D11SEQ100_GATAGAAGCCTT	Schizont	Schizont	Schizont (Liver stage)	Asexual 1	Schizont (Liver stage)	source Table S2 topcell reference similarity
D11SEQ100_GGGCGTGAGTCN	Schizont	Schizont	Schizont (Liver stage)	Asexual 1	Schizont (Liver stage)	source Table S2 topcell reference similarity
D11SEQ100_AAGGATTCGTGG	EEF	EEF	EEF	Asexual 3	EEF	source Table S2 topcell reference similarity
D11SEQ100_CGCTGTAATCTT	Schizont	Schizont	Schizont (Liver stage)	Asexual 1	Schizont (Liver stage)	source Table S2 topcell reference similarity
D11SEQ100_GTATATCTAACT	Schizont	Schizont	Schizont (Liver stage)	Asexual 1	Schizont (Liver stage)	source Table S2 topcell reference similarity
D11SEQ100_ATGAATCATACG	Schizont	Schizont	Schizont (Liver stage)	Asexual 1	Schizont (Liver stage)	source Table S2 topcell reference similarity
D11SEQ100_TTAACCGTAACT	Schizont	Schizont	Schizont (Liver stage)	Asexual 1	Schizont (Liver stage)	source Table S2 topcell reference similarity
D11SEQ100_GGGCGTGAGTTN	Schizont	Schizont	Schizont (Liver stage)	Asexual 1	Schizont (Liver stage)	source Table S2 topcell reference similarity
D11SEQ100_TGTGACAACTGA	Schizont	Schizont	Schizont (Liver stage)	Asexual 1	Schizont (Liver stage)	source Table S2 topcell reference similarity
D11SEQ100_GGGCGTGAGTAN	Merozoite	Merozoite	Merozoite	Asexual 1	Merozoite	source Table S2 topcell reference similarity
D11SEQ100_AGGTAACATACC	Schizont	Schizont	Schizont (Liver stage)	Asexual 1	Schizont (Liver stage)	source Table S2 topcell reference similarity
D11SEQ100_CCTCCATTCGTC	Schizont	Schizont	Schizont (Liver stage)	Asexual 1	Schizont (Liver stage)	source Table S2 topcell reference similarity
D11SEQ100_GTCGTAAGAAAT	Schizont	Schizont	Schizont (Liver stage)	Asexual 1	Schizont (Liver stage)	source Table S2 topcell reference similarity
D11SEQ100_ATTGCAAAGTTT	Merozoite	Merozoite	Merozoite	Asexual 1	Merozoite	source Table S2 topcell reference similarity
D11SEQ100_GCTACGGTTGGC	Schizont	Schizont	Schizont (Liver stage)	Asexual 1	Schizont (Liver stage)	source Table S2 topcell reference similarity
D11SEQ100_TTCGTCGTACGA	Male gametocyte	Male gametocyte	Male gametocyte	Asexual 1	Male gametocyte	source Table S2 topcell reference similarity
D11SEQ100_AAACTAGTCGCC	Merozoite	Merozoite	Merozoite	Asexual 1	Merozoite	source Table S2 topcell reference similarity
D11SEQ100_TCCCGTGTCCTA	Schizont	Schizont	Schizont (Liver stage)	Asexual 1	Schizont (Liver stage)	source Table S2 topcell reference similarity
D11SEQ100_ATTTTAGTATCA	Schizont	Schizont	Schizont (Liver stage)	Asexual 1	Schizont (Liver stage)	source Table S2 topcell reference similarity
D11SEQ100_ATTAATGGCTGG	Schizont	Schizont	Schizont (Liver stage)	Asexual 1	Schizont (Liver stage)	source Table S2 topcell reference similarity
D11SEQ100_GCGGCTTTCTCG	Schizont	Schizont	Schizont (Liver stage)	Asexual 3	Schizont (Liver stage)	source Table S2 topcell reference similarity
D11SEQ100_AGCGTACCTGTC	Schizont	Schizont	Schizont (Liver stage)	Asexual 3	Schizont (Liver stage)	source Table S2 topcell reference similarity
D11SEQ100_AACAGAAAAGAA	Ring	Ring	Ring	Asexual 1	Ring	source Table S2 topcell reference similarity
D11SEQ100_AGAGTCATAGCT	Merozoite	Merozoite	Merozoite	Asexual 3	Merozoite	source Table S2 topcell reference similarity
D5SEQ100_ACCTGTGACACT	EEF	EEF	EEF	Asexual 1	EEF	source Table S2 topcell reference similarity
D5SEQ100_GACACCTTAAGC	EEF	EEF	EEF	Asexual 1	EEF	source Table S2 topcell reference similarity
D5SEQ100_ATGTAAACCTGT	EEF	EEF	EEF	Asexual 1	EEF	source Table S2 topcell reference similarity
D5SEQ100_GAGTACGAATAA	Hypnozoite	Hypnozoite	Hypnozoite	Asexual 1	Hypnozoite	source State
D5SEQ100_TGACGGACGCTT	EEF	EEF	EEF	Asexual 1	EEF	source Table S2 topcell reference similarity
D5SEQ100_CTATACATTCCC	EEF	EEF	EEF	Asexual 1	EEF	source Table S2 topcell reference similarity
D5SEQ100_CTAGGGTAAGGG	Trophozoite	Trophozoite	Trophozoite	Asexual 1	Trophozoite	source Table S2 topcell reference similarity
D5SEQ100_AAGGGCGACACG	EEF	EEF	EEF	Asexual 1	EEF	source Table S2 topcell reference similarity
D5SEQ100_TGAAGGCCGCTT	EEF	EEF	EEF	Female gametocyte	EEF	source Table S2 topcell reference similarity
D5SEQ100_GGGCACCCCGTC	EEF	EEF	EEF	Asexual 1	EEF	source Table S2 topcell reference similarity
D5SEQ100_TGGCAGCTCAGC	Trophozoite	Trophozoite	Trophozoite	Asexual 1	Trophozoite	source Table S2 topcell reference similarity
D5SEQ100_GACTGTGGTCGT	Ring	Ring	Ring	Asexual 1	Ring	source Table S2 topcell reference similarity
D5SEQ100_GGTACACACACG	Trophozoite	Trophozoite	Trophozoite	Asexual 1	Trophozoite	source Table S2 topcell reference similarity
D5SEQ100_GTAGGTCACCAG	EEF	EEF	EEF	Asexual 1	EEF	source Table S2 topcell reference similarity
D5SEQ100_TCTTCGAGATCC	EEF	EEF	EEF	Asexual 1	EEF	source Table S2 topcell reference similarity
D5SEQ100_AAGTCTTGTCCT	EEF	EEF	EEF	Asexual 1	EEF	source Table S2 topcell reference similarity
D5SEQ100_CCGCTACCTGTA	EEF	EEF	EEF	Asexual 1	EEF	source Table S2 topcell reference similarity
D5SEQ100_GGTACACACACC	Ring	Ring	Ring	Asexual 1	Ring	source Table S2 topcell reference similarity
D5SEQ100_ATGTGGGCAGGC	EEF	EEF	EEF	Asexual 1	EEF	source Table S2 topcell reference similarity
D5SEQ100_ATTAATTGTTAT	EEF	EEF	EEF	Asexual 1	EEF	source Table S2 topcell reference similarity
D5SEQ100_ACCTTGGTACCA	Ring	Ring	Ring	Asexual 1	Ring	source Table S2 topcell reference similarity
D5SEQ100_GGTACACACACA	EEF	EEF	EEF	Asexual 1	EEF	source Table S2 topcell reference similarity
D5SEQ100_CTACTTGACCCC	EEF	EEF	EEF	Asexual 1	EEF	source Table S2 topcell reference similarity
D5SEQ100_GGTCGCGCTACA	EEF	EEF	EEF	Asexual 1	EEF	source Table S2 topcell reference similarity
D5SEQ100_CGCGCCGTTCTT	Ring	Ring	Ring	Asexual 1	Ring	source Table S2 topcell reference similarity
D5SEQ100_CACGTAGGTGCG	Merozoite	Merozoite	Merozoite	Asexual 1	Merozoite	source Table S2 topcell reference similarity
D5SEQ100_CCTTGGTAGCAC	EEF	EEF	EEF	Asexual 1	EEF	source Table S2 topcell reference similarity
D5SEQ100_TCTCGGACATCA	Hypnozoite	Hypnozoite	Hypnozoite	Asexual 1	Hypnozoite	source State
D5SEQ100_CCTTGGTAGCAG	Ring	Ring	Ring	Asexual 1	Ring	source Table S2 topcell reference similarity
D5SEQ100_CGAGGATAGGAG	EEF	EEF	EEF	Asexual 1	EEF	source Table S2 topcell reference similarity
D5SEQ100_ACCTTGGTAACA	EEF	EEF	EEF	Asexual 1	EEF	source Table S2 topcell reference similarity
D5SEQ100_CCGTCTATACAA	Ring	Ring	Ring	Asexual 1	Ring	source Table S2 topcell reference similarity
D5SEQ100_CATCGAAGTATG	Trophozoite	Trophozoite	Trophozoite	Asexual 1	Trophozoite	source Table S2 topcell reference similarity
D5SEQ100_CCTTGGTAGCAT	Trophozoite	Trophozoite	Trophozoite	Asexual 1	Trophozoite	source Table S2 topcell reference similarity
D5SEQ100_GGTACACACACT	Trophozoite	Trophozoite	Trophozoite	Asexual 1	Trophozoite	source Table S2 topcell reference similarity
D5SEQ100_CAGAACGCCACG	Ring	Ring	Ring	Asexual 1	Ring	source Table S2 topcell reference similarity
D5SEQ100_TCTAGGCCATCA	Hypnozoite	Hypnozoite	Hypnozoite	Asexual 1	Hypnozoite	source State
D5SEQ100_TCCAGATCCGAG	Ring	Ring	Ring	Asexual 1	Ring	source Table S2 topcell reference similarity
D5SEQ100_ACCTTGGTAGCT	EEF	EEF	EEF	Asexual 1	EEF	source Table S2 topcell reference similarity
D5SEQ100_CGAGGATAGGAC	EEF	EEF	EEF	Asexual 1	EEF	source Table S2 topcell reference similarity
D5SEQ100_CAGCCCTTAGCT	Trophozoite	Trophozoite	Trophozoite	Asexual 1	Trophozoite	source Table S2 topcell reference similarity
D5SEQ100_CCTTGGTAGCAA	Ring	Ring	Ring	Asexual 1	Ring	source Table S2 topcell reference similarity
D5SEQ100_ACCTTAGTAGCA	EEF	EEF	EEF	Asexual 1	EEF	source Table S2 topcell reference similarity
D5SEQ100_CGAGGATAGGAA	EEF	EEF	EEF	Asexual 1	EEF	source Table S2 topcell reference similarity
D5SEQ100_TTTCAGTGCGTT	Trophozoite	Trophozoite	Trophozoite	Asexual 1	Trophozoite	source Table S2 topcell reference similarity
D5SEQ100_ACCTTGGTAGCC	Ring	Ring	Ring	Asexual 1	Ring	source Table S2 topcell reference similarity
D5SEQ100_ACCTTGATAGCA	Trophozoite	Trophozoite	Trophozoite	Asexual 1	Trophozoite	source Table S2 topcell reference similarity
D5SEQ100_ACCTTCGTAGCA	Trophozoite	Trophozoite	Trophozoite	Asexual 1	Trophozoite	source Table S2 topcell reference similarity
D5SEQ100_AAGGGCGACAAC	EEF	EEF	EEF	Asexual 1	EEF	source Table S2 topcell reference similarity
D5SEQ100_GAGGGCGACAAG	EEF	EEF	EEF	Asexual 1	EEF	source Table S2 topcell reference similarity
D5SEQ100_GATCTTTCGAAT	Trophozoite	Trophozoite	Trophozoite	Asexual 1	Trophozoite	source Table S2 topcell reference similarity
D5SEQ100_AAGGCACTGCAG	EEF	EEF	EEF	Asexual 1	EEF	source Table S2 topcell reference similarity
D5SEQ100_ACCTTGCTAGCA	EEF	EEF	EEF	Asexual 1	EEF	source Table S2 topcell reference similarity
D5SEQ100_AAGGCGACAAGG	EEF	EEF	EEF	Asexual 1	EEF	source Table S2 topcell reference similarity
D5SEQ100_AAGGGCCACAAG	EEF	EEF	EEF	Asexual 1	EEF	source Table S2 topcell reference similarity
D5SEQ100_CAGGGGCGAGTT	Ring	Ring	Ring	Asexual 1	Ring	source Table S2 topcell reference similarity
D5SEQ100_TTTTTGAGAAAT	Ring	Ring	Ring	Asexual 1	Ring	source Table S2 topcell reference similarity
D5SEQ100_TCCAGATCCGAC	Schizont	Schizont	Schizont (Liver stage)	Asexual 1	Schizont (Liver stage)	source Table S2 topcell reference similarity
D5SEQ100_AAGGGCGACAAA	Trophozoite	Trophozoite	Trophozoite	Asexual 1	Trophozoite	source Table S2 topcell reference similarity
D5SEQ100_AGAAGGACGCTT	EEF	EEF	EEF	Asexual 1	EEF	source Table S2 topcell reference similarity
D5SEQ100_TCAAGGACGCTT	Trophozoite	Trophozoite	Trophozoite	Asexual 1	Trophozoite	source Table S2 topcell reference similarity
D5SEQ100_CGAAGGGAAACT	EEF	EEF	EEF	Asexual 1	EEF	source Table S2 topcell reference similarity
D5SEQ100_AAGGCGACAAGC	Schizont	Schizont	Schizont (Liver stage)	Asexual 1	Schizont (Liver stage)	source Table S2 topcell reference similarity
D5SEQ100_AAGGCACTGCAC	EEF	EEF	EEF	Asexual 1	EEF	source Table S2 topcell reference similarity
D5SEQ100_GAGTACGAATCA	Ring	Ring	Ring	Asexual 1	Ring	source Table S2 topcell reference similarity
D5SEQ100_GACCCCTTAAGC	EEF	EEF	EEF	Asexual 1	EEF	source Table S2 topcell reference similarity
D5SEQ100_CCTTATACGTCC	EEF	EEF	EEF	Asexual 1	EEF	source Table S2 topcell reference similarity
D5SEQ100_ATGTAACCCTGT	EEF	EEF	EEF	Asexual 1	EEF	source Table S2 topcell reference similarity
D5SEQ100_CGAGGATAGGAT	Ring	Ring	Ring	Asexual 1	Ring	source Table S2 topcell reference similarity
D5SEQ100_GCCTGTGACACT	Schizont	Schizont	Schizont (Liver stage)	Asexual 1	Schizont (Liver stage)	source Table S2 topcell reference similarity
D5SEQ100_ACCTTGGTAGCG	Ring	Ring	Ring	Asexual 1	Ring	source Table S2 topcell reference similarity
D5SEQ100_AGGGCGACAAGG	Ring	Ring	Ring	Asexual 1	Ring	source Table S2 topcell reference similarity
D5SEQ100_TCCACTCAGGGC	Ring	Ring	Ring	Asexual 1	Ring	source Table S2 topcell reference similarity
D5SEQ100_TGAAGGACCCTT	Schizont	Schizont	Schizont (Liver stage)	Asexual 1	Schizont (Liver stage)	source Table S2 topcell reference similarity
D5SEQ100_GAAGGACGCTTG	Male gametocyte	Male gametocyte	Male gametocyte	Asexual 1	Male gametocyte	source Table S2 topcell reference similarity
D5SEQ100_ACATTGGTAGCA	EEF	EEF	EEF	Asexual 1	EEF	source Table S2 topcell reference similarity
D5SEQ100_ACCTAGGTAGCA	EEF	EEF	EEF	Asexual 1	EEF	source Table S2 topcell reference similarity
D5SEQ100_AAGGCACTGCAA	EEF	EEF	EEF	Asexual 1	EEF	source Table S2 topcell reference similarity
D5SEQ100_TCCAGATCCGAA	Trophozoite	Trophozoite	Trophozoite	Asexual 1	Trophozoite	source Table S2 topcell reference similarity
D5SEQ100_CTATACCTTCCC	Ring	Ring	Ring	Asexual 1	Ring	source Table S2 topcell reference similarity
D5SEQ100_ATGTACACCTGT	Merozoite	Merozoite	Merozoite	Asexual 1	Merozoite	source Table S2 topcell reference similarity
D5SEQ100_AGGGCGACAAGA	EEF	EEF	EEF	Asexual 1	EEF	source Table S2 topcell reference similarity
D5SEQ100_AAGGCGACAAGT	Ring	Ring	Ring	Asexual 1	Ring	source Table S2 topcell reference similarity
D5SEQ100_TAAAGGACGCTT	EEF	EEF	EEF	Asexual 1	EEF	source Table S2 topcell reference similarity
D5SEQ100_TGAAGGACACTT	EEF	EEF	EEF	Asexual 1	EEF	source Table S2 topcell reference similarity
D5SEQ100_ACCATGGTAGCA	Trophozoite	Trophozoite	Trophozoite	Asexual 1	Trophozoite	source Table S2 topcell reference similarity
D5SEQ100_AGGGCGACAAGC	Ring	Ring	Ring	Asexual 1	Ring	source Table S2 topcell reference similarity
D5SEQ100_AAGGGCGACAGG	Ring	Ring	Ring	Asexual 1	Ring	source Table S2 topcell reference similarity
D5SEQ100_GGAAGGACGCTT	EEF	EEF	EEF	Asexual 4	EEF	source Table S2 topcell reference similarity
D5SEQ100_TGAACGACGCTT	Ring	Ring	Ring	Asexual 1	Ring	source Table S2 topcell reference similarity
D5SEQ100_AAGGCGACAAGA	Ring	Ring	Ring	Asexual 1	Ring	source Table S2 topcell reference similarity
D5SEQ100_TCCAGATCCGAT	Ring	Ring	Ring	Asexual 1	Ring	source Table S2 topcell reference similarity
D5SEQ100_ACCTTGGTAGAA	EEF	EEF	EEF	Asexual 1	EEF	source Table S2 topcell reference similarity
D5SEQ100_ACCTTGGAAGCA	Ring	Ring	Ring	Asexual 1	Ring	source Table S2 topcell reference similarity
D5SEQ100_TATACTGGTTGT	Ring	Ring	Ring	Asexual 1	Ring	source Table S2 topcell reference similarity
D5SEQ100_AAGGGCAACAAG	Ring	Ring	Ring	Asexual 1	Ring	source Table S2 topcell reference similarity
D5SEQ100_CCCTTGGTAGCA	Trophozoite	Trophozoite	Trophozoite	Asexual 1	Trophozoite	source Table S2 topcell reference similarity
D5SEQ100_AAGGGCGACAAT	EEF	EEF	EEF	Asexual 1	EEF	source Table S2 topcell reference similarity
D5SEQ100_ACCTTGGTAGTA	Merozoite	Merozoite	Merozoite	Asexual 1	Merozoite	source Table S2 topcell reference similarity
D5SEQ100_TGAAGCACGCTT	Ring	Ring	Ring	Asexual 1	Ring	source Table S2 topcell reference similarity
D5SEQ100_TGAAGGACGCTA	Ring	Ring	Ring	Asexual 1	Ring	source Table S2 topcell reference similarity
D5SEQ100_ACCTTGGTATCA	EEF	EEF	EEF	Asexual 1	EEF	source Table S2 topcell reference similarity
D5SEQ100_AACGGCGACAAG	Merozoite	Merozoite	Merozoite	Asexual 1	Merozoite	source Table S2 topcell reference similarity
D5SEQ100_AGGGGCGACAAG	Ring	Ring	Ring	Asexual 1	Ring	source Table S2 topcell reference similarity
D5SEQ100_TAATTGACCCCG	Ring	Ring	Ring	Asexual 1	Ring	source Table S2 topcell reference similarity
D5SEQ100_ACCTTTGTAGCA	Merozoite	Merozoite	Merozoite	Asexual 1	Merozoite	source Table S2 topcell reference similarity
D5SEQ100_TAATTGACCCCC	Ring	Ring	Ring	Asexual 1	Ring	source Table S2 topcell reference similarity
D5SEQ100_TAGGGCGACAAG	EEF	EEF	EEF	Asexual 1	EEF	source Table S2 topcell reference similarity
D5SEQ100_AAGGCCGACAAG	Merozoite	Merozoite	Merozoite	Asexual 1	Merozoite	source Table S2 topcell reference similarity
D5SEQ100_AAGGGCGCCAAG	Ring	Ring	Ring	Asexual 1	Ring	source Table S2 topcell reference similarity
D5SEQ100_TTAAGGACGCTT	Schizont	Schizont	Schizont (Liver stage)	Asexual 1	Schizont (Liver stage)	source Table S2 topcell reference similarity
D5SEQ100_AAGCGCGACAAG	Trophozoite	Trophozoite	Trophozoite	Asexual 1	Trophozoite	source Table S2 topcell reference similarity
D5SEQ100_ACGGGCGACAAG	Trophozoite	Trophozoite	Trophozoite	Asexual 1	Trophozoite	source Table S2 topcell reference similarity
D5SEQ100_ACTAGGACATCA	Hypnozoite	Hypnozoite	Hypnozoite	Asexual 1	Hypnozoite	source State
D5SEQ100_TGAAGGACGCAT	Trophozoite	Trophozoite	Trophozoite	Asexual 1	Trophozoite	source Table S2 topcell reference similarity
D5SEQ100_ACCTTGGTGGCA	Schizont	Schizont	Schizont (Liver stage)	Asexual 1	Schizont (Liver stage)	source Table S2 topcell reference similarity
D5SEQ100_ATGGGCGACAAG	EEF	EEF	EEF	Asexual 1	EEF	source Table S2 topcell reference similarity
D5SEQ100_ACCTTGTTAGCA	Ring	Ring	Ring	Asexual 1	Ring	source Table S2 topcell reference similarity
D5SEQ100_CTAATTGCCCCC	Trophozoite	Trophozoite	Trophozoite	Asexual 1	Trophozoite	source Table S2 topcell reference similarity
D5SEQ100_AACTTGGTAGCA	EEF	EEF	EEF	Asexual 1	EEF	source Table S2 topcell reference similarity
D5SEQ100_CAAATTGACCCC	EEF	EEF	EEF	Asexual 1	EEF	source Table S2 topcell reference similarity
D5SEQ100_AAGGGAGACAAG	Merozoite	Merozoite	Merozoite	Asexual 1	Merozoite	source Table S2 topcell reference similarity
D5SEQ100_TGAAGGACGATT	Ring	Ring	Ring	Asexual 1	Ring	source Table S2 topcell reference similarity
D5SEQ100_CTAATTGACACC	Trophozoite	Trophozoite	Trophozoite	Asexual 1	Trophozoite	source Table S2 topcell reference similarity
D5SEQ100_TGAAGGAAGCTT	EEF	EEF	EEF	Asexual 1	EEF	source Table S2 topcell reference similarity
D5SEQ100_TCCTTGGTAGCA	Ring	Ring	Ring	Asexual 1	Ring	source Table S2 topcell reference similarity
D14pSEQ100_AGCTTATTGCCG	Hypnozoite	Hypnozoite	Hypnozoite	Female gametocyte	Hypnozoite	source State
D14pSEQ100_AGCTTCTTGCAG	Hypnozoite	Hypnozoite	Hypnozoite	Asexual 1	Hypnozoite	source State
D14pSEQ100_AGCTTATTGCAC	Hypnozoite	Hypnozoite	Hypnozoite	Asexual 1	Hypnozoite	source State
D14pSEQ100_AGCTTATTCCAG	Hypnozoite	Hypnozoite	Hypnozoite	Female gametocyte	Hypnozoite	source State
D14pSEQ100_TCCGCGAGTGAG	Hypnozoite	Hypnozoite	Hypnozoite	Asexual 1	Hypnozoite	source State
D14pSEQ100_AGCTTATTGCAA	Hypnozoite	Hypnozoite	Hypnozoite	Asexual 1	Hypnozoite	source State
D14pSEQ100_AGCTTCTTGCCG	Hypnozoite	Hypnozoite	Hypnozoite	Asexual 1	Hypnozoite	source State
D14pSEQ100_ACCTTATTGCAG	Hypnozoite	Hypnozoite	Hypnozoite	Asexual 1	Hypnozoite	source State
D14pSEQ100_AGCTTATTACAG	Hypnozoite	Hypnozoite	Hypnozoite	Asexual 4	Hypnozoite	source State
D14pSEQ100_AGCTATTGCAGG	Hypnozoite	Hypnozoite	Hypnozoite	Asexual 1	Hypnozoite	source State
D14pSEQ100_ACTTATTGCAGG	Hypnozoite	Hypnozoite	Hypnozoite	Asexual 1	Hypnozoite	source State
D14pSEQ100_AACTTATTGCAG	Hypnozoite	Hypnozoite	Hypnozoite	Female gametocyte	Hypnozoite	source State
D14pSEQ100_ACTTATTGCAGC	Hypnozoite	Hypnozoite	Hypnozoite	Asexual 1	Hypnozoite	source State
D14pSEQ100_CGCTTATTGCAG	Hypnozoite	Hypnozoite	Hypnozoite	Asexual 4	Hypnozoite	source State
D14pSEQ100_ACTTATTGCAGA	Hypnozoite	Hypnozoite	Hypnozoite	Asexual 1	Hypnozoite	source State
D14pSEQ100_AGCTTATTGCAT	Hypnozoite	Hypnozoite	Hypnozoite	Asexual 1	Hypnozoite	source State
D14pSEQ100_AGCTTATTGCGG	Hypnozoite	Hypnozoite	Hypnozoite	Asexual 2	Hypnozoite	source State
D14pSEQ100_AGCTTATTGTAG	Hypnozoite	Hypnozoite	Hypnozoite	Asexual 4	Hypnozoite	source State
D14pSEQ100_AGCTTATTGCTG	Hypnozoite	Hypnozoite	Hypnozoite	Asexual 1	Hypnozoite	source State
D14pSEQ100_TGCTTATTGCAG	Hypnozoite	Hypnozoite	Hypnozoite	Asexual 1	Hypnozoite	source State
D14pSEQ100_AGCTATTGCAGA	Hypnozoite	Hypnozoite	Hypnozoite	Asexual 1	Hypnozoite	source State
D14pSEQ100_AGCTATTGCAGC	Hypnozoite	Hypnozoite	Hypnozoite	Asexual 1	Hypnozoite	source State
D14pSEQ100_ACCTTATTGCCG	Hypnozoite	Hypnozoite	Hypnozoite	Asexual 1	Hypnozoite	source State
D14pSEQ100_ATCTTATTGCAG	Hypnozoite	Hypnozoite	Hypnozoite	Asexual 1	Hypnozoite	source State
D14pSEQ100_AGCTTATTGAAG	Hypnozoite	Hypnozoite	Hypnozoite	Asexual 1	Hypnozoite	source State
D14pSEQ100_AGCTTATTGCCA	Hypnozoite	Hypnozoite	Hypnozoite	Asexual 1	Hypnozoite	source State
D14pSEQ100_AGATTATTGCAG	Hypnozoite	Hypnozoite	Hypnozoite	Asexual 1	Hypnozoite	source State
D14pSEQ100_AGTTTATTGCAG	Hypnozoite	Hypnozoite	Hypnozoite	Asexual 1	Hypnozoite	source State
D14pSEQ100_AGCCTATTGCAG	Hypnozoite	Hypnozoite	Hypnozoite	Asexual 1	Hypnozoite	source State
D14pSEQ100_AGCTTAATGCAG	Hypnozoite	Hypnozoite	Hypnozoite	Asexual 1	Hypnozoite	source State
D14pSEQ100_GAGATGAAGCAC	Hypnozoite	Hypnozoite	Hypnozoite	Asexual 1	Hypnozoite	source State
D14pSEQ100_AGCTTTTTGCAG	Hypnozoite	Hypnozoite	Hypnozoite	Asexual 1	Hypnozoite	source State
D14pSEQ100_AGCTTATTTCAG	Hypnozoite	Hypnozoite	Hypnozoite	Female gametocyte	Hypnozoite	source State
D14pSEQ100_AGCTTACTGCAG	Hypnozoite	Hypnozoite	Hypnozoite	Asexual 1	Hypnozoite	source State
D14pSEQ100_AGCTCATTGCAG	Hypnozoite	Hypnozoite	Hypnozoite	Asexual 1	Hypnozoite	source State
D14pSEQ100_AGCTTATCGCAG	Hypnozoite	Hypnozoite	Hypnozoite	Asexual 1	Hypnozoite	source State
D14pSEQ100_GGCTTATTGCCG	Hypnozoite	Hypnozoite	Hypnozoite	Asexual 2	Hypnozoite	source State
D14pSEQ100_GGCTTCTTGCAG	Hypnozoite	Hypnozoite	Hypnozoite	Asexual 1	Hypnozoite	source State
D14pSEQ100_TCCGCGCGTGAG	Hypnozoite	Hypnozoite	Hypnozoite	Asexual 1	Hypnozoite	source State
D14pSEQ100_TCAACCCAAGGC	Schizont	Schizont	Schizont (Liver stage)	Asexual 3	Schizont (Liver stage)	source Table S2 topcell reference similarity
D14pSEQ100_TCCGCGAGTGCG	EEF	EEF	EEF	Asexual 1	EEF	source Table S2 topcell reference similarity
D14pSEQ100_AGCTTGTTGCAG	Hypnozoite	Hypnozoite	Hypnozoite	Asexual 1	Hypnozoite	source State
D14pSEQ100_ACCTTGGTAGCA	Ring	Ring	Ring	Asexual 1	Ring	source Table S2 topcell reference similarity
D14pSEQ100_AGCTTAGTGCAG	Hypnozoite	Hypnozoite	Hypnozoite	Asexual 1	Hypnozoite	source State
D14pSEQ100_AGCAAATTGCAG	Hypnozoite	Hypnozoite	Hypnozoite	Asexual 1	Hypnozoite	source State
D14pSEQ100_AGCTTATTGGAG	Hypnozoite	Hypnozoite	Hypnozoite	Asexual 1	Hypnozoite	source State
D14pSEQ100_GGGTTATTGCAG	Hypnozoite	Hypnozoite	Hypnozoite	Female gametocyte	Hypnozoite	source State
D14pSEQ100_AGGTTATTGCAG	Hypnozoite	Hypnozoite	Hypnozoite	Asexual 1	Hypnozoite	source State
D14pSEQ100_AGCATAATGCAG	Hypnozoite	Hypnozoite	Hypnozoite	Asexual 1	Hypnozoite	source State
D14pSEQ100_AGCTGATTGCAG	Hypnozoite	Hypnozoite	Hypnozoite	Asexual 1	Hypnozoite	source State
D14pSEQ100_AGCATCTTGCAG	Hypnozoite	Hypnozoite	Hypnozoite	Asexual 1	Hypnozoite	source State
D14pSEQ100_AGCTTATTGTCG	Hypnozoite	Hypnozoite	Hypnozoite	Asexual 1	Hypnozoite	source State
D14pSEQ100_AGCTTCATGCAG	Hypnozoite	Hypnozoite	Hypnozoite	Asexual 1	Hypnozoite	source State
D14pSEQ100_AGCTTATGGCAG	EEF	EEF	EEF	Asexual 1	EEF	source Table S2 topcell reference similarity
D14pSEQ100_AGCGTATTGCAG	Hypnozoite	Hypnozoite	Hypnozoite	Asexual 1	Hypnozoite	source State
D14pSEQ100_AGCATATTGCCG	Hypnozoite	Hypnozoite	Hypnozoite	Asexual 1	Hypnozoite	source State
D14pSEQ100_AGCTAATAGCAG	Hypnozoite	Hypnozoite	Hypnozoite	Asexual 1	Hypnozoite	source State
D14pSEQ100_AGCTTATAGCCG	Hypnozoite	Hypnozoite	Hypnozoite	Asexual 1	Hypnozoite	source State
D14pSEQ100_AGCTAATTGCCG	Hypnozoite	Hypnozoite	Hypnozoite	Asexual 1	Hypnozoite	source State
D14pSEQ100_AGCTTATTGACG	Hypnozoite	Hypnozoite	Hypnozoite	Asexual 1	Hypnozoite	source State
D14pSEQ100_ACCGCGAGTGAG	Hypnozoite	Hypnozoite	Hypnozoite	Asexual 1	Hypnozoite	source State
D14pSEQ100_AGCATATAGCAG	EEF	EEF	EEF	Asexual 1	EEF	source Table S2 topcell reference similarity
D14pSEQ100_AGCTACTTGCAG	EEF	EEF	EEF	Asexual 1	EEF	source Table S2 topcell reference similarity
D14pSEQ100_AGATTATTGCCG	Hypnozoite	Hypnozoite	Hypnozoite	Asexual 1	Hypnozoite	source State
D14pSEQ100_AGCTTCTTGAAG	Hypnozoite	Hypnozoite	Hypnozoite	Asexual 1	Hypnozoite	source State
D14pSEQ100_AGCTAAATGCAG	Hypnozoite	Hypnozoite	Hypnozoite	Asexual 1	Hypnozoite	source State
D14pSEQ100_AGCTTCTAGCAG	Hypnozoite	Hypnozoite	Hypnozoite	Asexual 1	Hypnozoite	source State
D14pSEQ100_AGATTCTTGCAG	EEF	EEF	EEF	Asexual 1	EEF	source Table S2 topcell reference similarity
D14pSEQ100_AGCTTAATGCCG	Hypnozoite	Hypnozoite	Hypnozoite	Asexual 1	Hypnozoite	source State
D14pSEQ100_ACCATATTGCAG	Hypnozoite	Hypnozoite	Hypnozoite	Asexual 1	Hypnozoite	source State
D14pSEQ100_ACCTAATTGCAG	Schizont	Schizont	Schizont (Liver stage)	Asexual 1	Schizont (Liver stage)	source Table S2 topcell reference similarity
D1SEQ100_TATCAGACGGAT	EEF	EEF	EEF	Female gametocyte	EEF	source Table S2 topcell reference similarity
D1SEQ100_CGTCCCAGTCAG	EEF	EEF	EEF	Female gametocyte	EEF	source Table S2 topcell reference similarity
D1SEQ100_GGTGCCCGGGGG	Merozoite	Merozoite	Merozoite	Female gametocyte	Merozoite	source Table S2 topcell reference similarity
D1SEQ100_CTCGGTTGTTCG	EEF	EEF	EEF	Female gametocyte	EEF	source Table S2 topcell reference similarity
D1SEQ100_GGTGCCCGGGGN	EEF	EEF	EEF	Female gametocyte	EEF	source Table S2 topcell reference similarity
D1SEQ100_GGTGCCCGGGAN	Merozoite	Merozoite	Merozoite	Female gametocyte	Merozoite	source Table S2 topcell reference similarity
D1SEQ100_GGTGCCCGGGCN	Merozoite	Merozoite	Merozoite	Asexual 4	Merozoite	source Table S2 topcell reference similarity
D1SEQ100_TAGAAGCCTGAC	EEF	EEF	EEF	Female gametocyte	EEF	source Table S2 topcell reference similarity
D1SEQ100_TGGCACTCATAA	EEF	EEF	EEF	Female gametocyte	EEF	source Table S2 topcell reference similarity
D1SEQ100_ACTCATGAAACG	Female gametocyte	Female gametocyte	Female gametocyte	Asexual 4	Female gametocyte	source Table S2 topcell reference similarity
D1SEQ100_CCGTCGCTAACA	Female gametocyte	Female gametocyte	Female gametocyte	Female gametocyte	Female gametocyte	source Table S2 topcell reference similarity
D1SEQ100_GTGCAAGCCGCT	EEF	EEF	EEF	Female gametocyte	EEF	source Table S2 topcell reference similarity
D1SEQ100_TGATTCGTAAGC	Male gametocyte	Male gametocyte	Male gametocyte	Female gametocyte	Male gametocyte	source Table S2 topcell reference similarity
D1SEQ100_AGCTATATCGCG	Female gametocyte	Female gametocyte	Female gametocyte	Female gametocyte	Female gametocyte	source Table S2 topcell reference similarity
D1SEQ100_TGTGCTGAGTGA	Hypnozoite	Hypnozoite	Hypnozoite	Female gametocyte	Hypnozoite	source State
D1SEQ100_TCTGTAGCACTT	Merozoite	Merozoite	Merozoite	Female gametocyte	Merozoite	source Table S2 topcell reference similarity
D1SEQ100_GAGATCCATCGC	EEF	EEF	EEF	Asexual 4	EEF	source Table S2 topcell reference similarity
D1SEQ100_GTAACATAGATG	Male gametocyte	Male gametocyte	Male gametocyte	Female gametocyte	Male gametocyte	source Table S2 topcell reference similarity
D1SEQ100_TGCCAGTTTCCG	EEF	EEF	EEF	Female gametocyte	EEF	source Table S2 topcell reference similarity
D1SEQ100_GTTCCCGGAAAA	Merozoite	Merozoite	Merozoite	Asexual 4	Merozoite	source Table S2 topcell reference similarity
D1SEQ100_GAAGTAGCCGCC	EEF	EEF	EEF	Female gametocyte	EEF	source Table S2 topcell reference similarity
D1SEQ100_TTAGCCAAGGAT	Female gametocyte	Female gametocyte	Female gametocyte	Female gametocyte	Female gametocyte	source Table S2 topcell reference similarity
D1SEQ100_GTACCATTGTTA	EEF	EEF	EEF	Female gametocyte	EEF	source Table S2 topcell reference similarity
D1SEQ100_TACCAGCCCAGG	EEF	EEF	EEF	Asexual 1	EEF	source Table S2 topcell reference similarity
D1SEQ100_CGCGTGCTCTAA	EEF	EEF	EEF	Asexual 1	EEF	source Table S2 topcell reference similarity
D1SEQ100_CATCGAGTTGGG	EEF	EEF	EEF	Asexual 4	EEF	source Table S2 topcell reference similarity
D1SEQ100_GACGCTGATCGC	Male gametocyte	Male gametocyte	Male gametocyte	Female gametocyte	Male gametocyte	source Table S2 topcell reference similarity
D1SEQ100_GCCCGATGACTA	EEF	EEF	EEF	Asexual 4	EEF	source Table S2 topcell reference similarity
D1SEQ100_CGCCGGTAGTAC	Male gametocyte	Male gametocyte	Male gametocyte	Asexual 1	Male gametocyte	source Table S2 topcell reference similarity
D1SEQ100_GCTCAACAATAG	EEF	EEF	EEF	Female gametocyte	EEF	source Table S2 topcell reference similarity
D1SEQ100_ATTCGGCTGGTT	EEF	EEF	EEF	Asexual 1	EEF	source Table S2 topcell reference similarity
D1SEQ100_ATACTACAGCGC	Female gametocyte	Female gametocyte	Female gametocyte	Asexual 4	Female gametocyte	source Table S2 topcell reference similarity
D1SEQ100_GTAACCTTGTTA	EEF	EEF	EEF	Asexual 4	EEF	source Table S2 topcell reference similarity
D1SEQ100_GACTCTCATTAC	EEF	EEF	EEF	Asexual 1	EEF	source Table S2 topcell reference similarity
D1SEQ100_GGTGCCCGGGTN	EEF	EEF	EEF	Asexual 1	EEF	source Table S2 topcell reference similarity
D1SEQ100_GCCAGCTGACTA	EEF	EEF	EEF	Female gametocyte	EEF	source Table S2 topcell reference similarity
D1SEQ100_GTAGACGCTTCC	Merozoite	Merozoite	Merozoite	Female gametocyte	Merozoite	source Table S2 topcell reference similarity
D1SEQ100_CTGCTCGTGGAC	Merozoite	Merozoite	Merozoite	Asexual 1	Merozoite	source Table S2 topcell reference similarity
D1SEQ100_TTGACGATAGGG	Merozoite	Merozoite	Merozoite	Asexual 4	Merozoite	source Table S2 topcell reference similarity
D1SEQ100_TGCCAGTTTCCA	EEF	EEF	EEF	Asexual 1	EEF	source Table S2 topcell reference similarity
D1SEQ100_CTAGTGTTCGTC	Male gametocyte	Male gametocyte	Male gametocyte	Asexual 4	Male gametocyte	source Table S2 topcell reference similarity
D1SEQ100_TGCGAAGTTTCT	Merozoite	Merozoite	Merozoite	Asexual 4	Merozoite	source Table S2 topcell reference similarity
D1SEQ100_TGCCAGTTTCCC	EEF	EEF	EEF	Asexual 1	EEF	source Table S2 topcell reference similarity
D1SEQ100_TTGGTGCCAGCA	Merozoite	Merozoite	Merozoite	Asexual 1	Merozoite	source Table S2 topcell reference similarity
D1SEQ100_TACGCACGTGCA	Merozoite	Merozoite	Merozoite	Asexual 1	Merozoite	source Table S2 topcell reference similarity
D1SEQ100_TAAGCGCCGACT	Merozoite	Merozoite	Merozoite	Asexual 1	Merozoite	source Table S2 topcell reference similarity
D1SEQ100_GGAGAACGGAGT	Male gametocyte	Male gametocyte	Male gametocyte	Female gametocyte	Male gametocyte	source Table S2 topcell reference similarity
D1SEQ100_AGGATTTTGGCG	EEF	EEF	EEF	Asexual 1	EEF	source Table S2 topcell reference similarity
D1SEQ100_GACACTGCGGAG	EEF	EEF	EEF	Asexual 1	EEF	source Table S2 topcell reference similarity
D1SEQ100_TGCCCAAGTCGG	Male gametocyte	Male gametocyte	Male gametocyte	Asexual 1	Male gametocyte	source Table S2 topcell reference similarity
D1SEQ100_ACGGCGGTTGGC	Hypnozoite	Hypnozoite	Hypnozoite	Asexual 1	Hypnozoite	source State
D1SEQ100_GCTGCCGCCTTG	Female gametocyte	Female gametocyte	Female gametocyte	Asexual 1	Female gametocyte	source Table S2 topcell reference similarity
D1SEQ100_AACCGTTCACTC	Merozoite	Merozoite	Merozoite	Asexual 1	Merozoite	source Table S2 topcell reference similarity
D1SEQ100_CGCCTGCCCTTT	Ring	Ring	Ring	Asexual 1	Ring	source Table S2 topcell reference similarity
D1SEQ100_CTTTGAATAAGC	EEF	EEF	EEF	Female gametocyte	EEF	source Table S2 topcell reference similarity
D1SEQ100_TAGCTCACGGGT	Male gametocyte	Male gametocyte	Male gametocyte	Asexual 1	Male gametocyte	source Table S2 topcell reference similarity
D1SEQ100_AGCTGGGGGCCA	EEF	EEF	EEF	Asexual 1	EEF	source Table S2 topcell reference similarity
D1SEQ100_CCATATTCCCAC	Male gametocyte	Male gametocyte	Male gametocyte	Asexual 1	Male gametocyte	source Table S2 topcell reference similarity
D1SEQ100_CACCGGGTGTGA	Schizont	Schizont	Schizont (Liver stage)	Asexual 1	Schizont (Liver stage)	source Table S2 topcell reference similarity
D1SEQ100_CTAGGTACTGTC	EEF	EEF	EEF	Asexual 1	EEF	source Table S2 topcell reference similarity
D1SEQ100_GAACGGTCAAGA	EEF	EEF	EEF	Asexual 1	EEF	source Table S2 topcell reference similarity
D1SEQ100_GCCAGAACGATC	EEF	EEF	EEF	Asexual 1	EEF	source Table S2 topcell reference similarity
D1SEQ100_TTCCGGGTTGTC	Female gametocyte	Female gametocyte	Female gametocyte	Asexual 1	Female gametocyte	source Table S2 topcell reference similarity
D1SEQ100_GATCAAAAACCA	EEF	EEF	EEF	Asexual 1	EEF	source Table S2 topcell reference similarity
D1SEQ100_ATGCAATGAGCC	Male gametocyte	Male gametocyte	Male gametocyte	Asexual 1	Male gametocyte	source Table S2 topcell reference similarity
D1SEQ100_TGGGCCACGAAT	Female gametocyte	Female gametocyte	Female gametocyte	Asexual 1	Female gametocyte	source Table S2 topcell reference similarity
D1SEQ100_AATACATTCAAA	Merozoite	Merozoite	Merozoite	Asexual 1	Merozoite	source Table S2 topcell reference similarity
D1SEQ100_TACGAGGCACCC	Male gametocyte	Male gametocyte	Male gametocyte	Asexual 1	Male gametocyte	source Table S2 topcell reference similarity
D1SEQ100_AGCTTATTGCAG	Hypnozoite	Hypnozoite	Hypnozoite	Asexual 1	Hypnozoite	source State
D1SEQ100_GACCATATGAAC	Male gametocyte	Male gametocyte	Male gametocyte	Asexual 1	Male gametocyte	source Table S2 topcell reference similarity
D1SEQ100_CAGCCTCCCCGA	Merozoite	Merozoite	Merozoite	Asexual 1	Merozoite	source Table S2 topcell reference similarity
D1SEQ100_GCATGTAAATGG	Merozoite	Merozoite	Merozoite	Asexual 1	Merozoite	source Table S2 topcell reference similarity
D1SEQ100_CGCCGACAGTTG	EEF	EEF	EEF	Asexual 1	EEF	source Table S2 topcell reference similarity
D1SEQ100_AGTCGTTCATGG	Male gametocyte	Male gametocyte	Male gametocyte	Asexual 1	Male gametocyte	source Table S2 topcell reference similarity
D1SEQ100_CTTCTGCGCGCC	EEF	EEF	EEF	Asexual 1	EEF	source Table S2 topcell reference similarity
D1SEQ100_GGCCACTTCGTA	Female gametocyte	Female gametocyte	Female gametocyte	Asexual 1	Female gametocyte	source Table S2 topcell reference similarity
D1SEQ100_AGCGGGCTTGCA	Merozoite	Merozoite	Merozoite	Asexual 1	Merozoite	source Table S2 topcell reference similarity
D1SEQ100_CGAACGGTACTG	Merozoite	Merozoite	Merozoite	Asexual 1	Merozoite	source Table S2 topcell reference similarity
D1SEQ100_CCCCACCAGCTT	EEF	EEF	EEF	Asexual 1	EEF	source Table S2 topcell reference similarity
D1SEQ100_CGATTCACAGAG	Female gametocyte	Female gametocyte	Female gametocyte	Asexual 1	Female gametocyte	source Table S2 topcell reference similarity
D1SEQ100_GATATGTTTGCC	Trophozoite	Trophozoite	Trophozoite	Asexual 1	Trophozoite	source Table S2 topcell reference similarity
D1SEQ100_TCGATATGTTAG	Female gametocyte	Female gametocyte	Female gametocyte	Asexual 1	Female gametocyte	source Table S2 topcell reference similarity
D1SEQ100_GTTAGCACGTTG	Male gametocyte	Male gametocyte	Male gametocyte	Asexual 1	Male gametocyte	source Table S2 topcell reference similarity
D1SEQ100_TACCAACCAGGG	Trophozoite	Trophozoite	Trophozoite	Asexual 1	Trophozoite	source Table S2 topcell reference similarity
D1SEQ100_CATCTATCGATC	Male gametocyte	Male gametocyte	Male gametocyte	Asexual 1	Male gametocyte	source Table S2 topcell reference similarity
D1SEQ100_CCCGCCCCCAGA	EEF	EEF	EEF	Asexual 1	EEF	source Table S2 topcell reference similarity
D1SEQ100_GTGTTGGTCCGA	EEF	EEF	EEF	Asexual 1	EEF	source Table S2 topcell reference similarity
D1SEQ100_AATACAGCCATT	Merozoite	Merozoite	Merozoite	Asexual 1	Merozoite	source Table S2 topcell reference similarity
D1SEQ100_CTTGCCCCCGCG	Male gametocyte	Male gametocyte	Male gametocyte	Asexual 1	Male gametocyte	source Table S2 topcell reference similarity
D1SEQ100_TGCCCAGTGATG	Schizont	Schizont	Schizont (Liver stage)	Asexual 1	Schizont (Liver stage)	source Table S2 topcell reference similarity
D1SEQ100_TACCAGACCAGC	EEF	EEF	EEF	Asexual 1	EEF	source Table S2 topcell reference similarity
D1SEQ100_TGAGATCCCTCC	EEF	EEF	EEF	Asexual 1	EEF	source Table S2 topcell reference similarity
D1SEQ100_TGGTCTCTACGG	Merozoite	Merozoite	Merozoite	Asexual 1	Merozoite	source Table S2 topcell reference similarity
D1SEQ100_CACACTTGCCCT	Schizont	Schizont	Schizont (Liver stage)	Asexual 1	Schizont (Liver stage)	source Table S2 topcell reference similarity
D1SEQ100_GGAATCACCACA	Male gametocyte	Male gametocyte	Male gametocyte	Asexual 1	Male gametocyte	source Table S2 topcell reference similarity
D1SEQ100_AGTCATCGGCTG	Ring	Ring	Ring	Asexual 1	Ring	source Table S2 topcell reference similarity
D1SEQ100_CGCGCCTCGACC	Schizont	Schizont	Schizont (Liver stage)	Asexual 1	Schizont (Liver stage)	source Table S2 topcell reference similarity
D1SEQ100_CAGAGCCGGGGT	EEF	EEF	EEF	Asexual 1	EEF	source Table S2 topcell reference similarity
D1SEQ100_GCGCCCTCTACC	Merozoite	Merozoite	Merozoite	Asexual 1	Merozoite	source Table S2 topcell reference similarity
D1SEQ100_GCGCTCGGTTAC	EEF	EEF	EEF	Asexual 1	EEF	source Table S2 topcell reference similarity
D1SEQ100_TGCAGAGTTATG	EEF	EEF	EEF	Asexual 1	EEF	source Table S2 topcell reference similarity
D1SEQ100_GGTCTGATGAGC	Male gametocyte	Male gametocyte	Male gametocyte	Asexual 1	Male gametocyte	source Table S2 topcell reference similarity
D1SEQ100_TCAGGGCGCATG	Trophozoite	Trophozoite	Trophozoite	Asexual 1	Trophozoite	source Table S2 topcell reference similarity
D1SEQ100_CACTTGCTACCC	Male gametocyte	Male gametocyte	Male gametocyte	Asexual 1	Male gametocyte	source Table S2 topcell reference similarity
D1SEQ100_GATGCTGTCAGC	Ring	Ring	Ring	Asexual 1	Ring	source Table S2 topcell reference similarity
D1SEQ100_ACCAGAAGGCTC	Trophozoite	Trophozoite	Trophozoite	Asexual 1	Trophozoite	source Table S2 topcell reference similarity
D1SEQ100_ATTCTTAATACG	Trophozoite	Trophozoite	Trophozoite	Asexual 1	Trophozoite	source Table S2 topcell reference similarity
D1SEQ100_GCATGTAAATGA	EEF	EEF	EEF	Asexual 1	EEF	source Table S2 topcell reference similarity
D1SEQ100_CACGGCGCATAC	Merozoite	Merozoite	Merozoite	Asexual 1	Merozoite	source Table S2 topcell reference similarity
D1SEQ100_GTGTAGTTGGGG	Male gametocyte	Male gametocyte	Male gametocyte	Asexual 1	Male gametocyte	source Table S2 topcell reference similarity
D1SEQ100_GCTGTGCGGAGT	Female gametocyte	Female gametocyte	Female gametocyte	Asexual 1	Female gametocyte	source Table S2 topcell reference similarity
D1SEQ100_GAGTGGCATTGC	Schizont	Schizont	Schizont (Liver stage)	Asexual 1	Schizont (Liver stage)	source Table S2 topcell reference similarity
D1SEQ100_CAGATGGTCGGA	Merozoite	Merozoite	Merozoite	Asexual 1	Merozoite	source Table S2 topcell reference similarity
D1SEQ100_GTGTCTTGACGG	EEF	EEF	EEF	Asexual 1	EEF	source Table S2 topcell reference similarity
D1SEQ100_CCAGCTGTCGCG	Female gametocyte	Female gametocyte	Female gametocyte	Asexual 1	Female gametocyte	source Table S2 topcell reference similarity
D1SEQ100_CGGCTCGGTTCG	Female gametocyte	Female gametocyte	Female gametocyte	Asexual 1	Female gametocyte	source Table S2 topcell reference similarity
D1SEQ100_CCTGTATAAATA	EEF	EEF	EEF	Asexual 1	EEF	source Table S2 topcell reference similarity
D1SEQ100_AACTTATCCTGA	Ring	Ring	Ring	Asexual 1	Ring	source Table S2 topcell reference similarity
D1SEQ100_AGTCGCCCTCCT	Merozoite	Merozoite	Merozoite	Asexual 1	Merozoite	source Table S2 topcell reference similarity
D1SEQ100_AACCAGACCAGG	EEF	EEF	EEF	Female gametocyte	EEF	source Table S2 topcell reference similarity
D1SEQ100_GTCTTGCTCCCC	Schizont	Schizont	Schizont (Liver stage)	Asexual 1	Schizont (Liver stage)	source Table S2 topcell reference similarity
D1SEQ100_TATCCTCAGTCG	Merozoite	Merozoite	Merozoite	Asexual 1	Merozoite	source Table S2 topcell reference similarity
D1SEQ100_CATTCCTTTAGG	Schizont	Schizont	Schizont (Liver stage)	Asexual 1	Schizont (Liver stage)	source Table S2 topcell reference similarity
D1SEQ100_GTCTATCTGGGC	EEF	EEF	EEF	Asexual 1	EEF	source Table S2 topcell reference similarity
D1SEQ100_TATCCGCATAGG	EEF	EEF	EEF	Asexual 6	EEF	source Table S2 topcell reference similarity
D1SEQ100_GATAGTCATAGG	Schizont	Schizont	Schizont (Liver stage)	Asexual 1	Schizont (Liver stage)	source Table S2 topcell reference similarity
D1SEQ100_ACTACCTACGCC	Male gametocyte	Male gametocyte	Male gametocyte	Asexual 1	Male gametocyte	source Table S2 topcell reference similarity
D1SEQ100_ACCGAGTAAAAG	Male gametocyte	Male gametocyte	Male gametocyte	Asexual 1	Male gametocyte	source Table S2 topcell reference similarity
D1SEQ100_AATCGGATATAG	Female gametocyte	Female gametocyte	Female gametocyte	Asexual 1	Female gametocyte	source Table S2 topcell reference similarity
D1SEQ100_CAACGATCTGCT	Merozoite	Merozoite	Merozoite	Asexual 1	Merozoite	source Table S2 topcell reference similarity
D1SEQ100_AGTCATCCTCCG	Male gametocyte	Male gametocyte	Male gametocyte	Asexual 1	Male gametocyte	source Table S2 topcell reference similarity
D1SEQ100_CTGTTCTTTTCG	Ring	Ring	Ring	Asexual 1	Ring	source Table S2 topcell reference similarity
D1SEQ100_ATCTTCAATGCC	Hypnozoite	Hypnozoite	Hypnozoite	Asexual 1	Hypnozoite	source State
D1SEQ100_ATTTCAGCTAGC	Male gametocyte	Male gametocyte	Male gametocyte	Asexual 1	Male gametocyte	source Table S2 topcell reference similarity
D1SEQ100_ACTATGCTTACC	EEF	EEF	EEF	Asexual 1	EEF	source Table S2 topcell reference similarity
D1SEQ100_CTGGCACACAGC	Female gametocyte	Female gametocyte	Female gametocyte	Asexual 1	Female gametocyte	source Table S2 topcell reference similarity
D1SEQ100_CTGTACTGTTCT	Male gametocyte	Male gametocyte	Male gametocyte	Asexual 1	Male gametocyte	source Table S2 topcell reference similarity
D1SEQ100_GGGAGGAATTAC	Ring	Ring	Ring	Asexual 1	Ring	source Table S2 topcell reference similarity
D1SEQ100_GTAGGAGCTCAC	Merozoite	Merozoite	Merozoite	Asexual 1	Merozoite	source Table S2 topcell reference similarity
D1SEQ100_TTCTGGGGGAGC	Schizont	Schizont	Schizont (Liver stage)	Asexual 1	Schizont (Liver stage)	source Table S2 topcell reference similarity
D1SEQ100_AGCTAAGTGCAT	Schizont	Schizont	Schizont (Liver stage)	Asexual 1	Schizont (Liver stage)	source Table S2 topcell reference similarity
D1SEQ100_AGGGTGCCGCCG	Schizont	Schizont	Schizont (Liver stage)	Asexual 1	Schizont (Liver stage)	source Table S2 topcell reference similarity
D1SEQ100_GAAGACGAATCA	Male gametocyte	Male gametocyte	Male gametocyte	Asexual 1	Male gametocyte	source Table S2 topcell reference similarity
D1SEQ100_CCGGTCTTCAAC	Ring	Ring	Ring	Asexual 1	Ring	source Table S2 topcell reference similarity
D1SEQ100_AAGATAGATATG	EEF	EEF	EEF	Asexual 1	EEF	source Table S2 topcell reference similarity
D1SEQ100_TAGTTGTCAACA	Trophozoite	Trophozoite	Trophozoite	Asexual 1	Trophozoite	source Table S2 topcell reference similarity
D1SEQ100_TTCTTCCGGCGT	Male gametocyte	Male gametocyte	Male gametocyte	Asexual 1	Male gametocyte	source Table S2 topcell reference similarity
D1SEQ100_GTTGTCAACCCC	Schizont	Schizont	Schizont (Liver stage)	Asexual 1	Schizont (Liver stage)	source Table S2 topcell reference similarity
D1SEQ100_ACTACTAACTCG	Hypnozoite	Hypnozoite	Hypnozoite	Asexual 1	Hypnozoite	source State
D1SEQ100_GGGGTAAGAAGT	Merozoite	Merozoite	Merozoite	Asexual 1	Merozoite	source Table S2 topcell reference similarity
D1SEQ100_TGCGGCAGGGTA	Merozoite	Merozoite	Merozoite	Asexual 1	Merozoite	source Table S2 topcell reference similarity
D1SEQ100_TGCTTTTGTCAG	Merozoite	Merozoite	Merozoite	Asexual 1	Merozoite	source Table S2 topcell reference similarity
D1SEQ100_TCGTATACGGAC	Ring	Ring	Ring	Asexual 1	Ring	source Table S2 topcell reference similarity
D1SEQ100_GCGGGATGCACG	Male gametocyte	Male gametocyte	Male gametocyte	Asexual 1	Male gametocyte	source Table S2 topcell reference similarity
D1SEQ100_ATCATAGCTTCA	EEF	EEF	EEF	Asexual 1	EEF	source Table S2 topcell reference similarity
D1SEQ100_TGTGGCTAGTTG	Merozoite	Merozoite	Merozoite	Asexual 1	Merozoite	source Table S2 topcell reference similarity
D1SEQ100_TTTCTCCATGTT	Male gametocyte	Male gametocyte	Male gametocyte	Asexual 1	Male gametocyte	source Table S2 topcell reference similarity
D1SEQ100_CGCTCAACGGTC	EEF	EEF	EEF	Asexual 1	EEF	source Table S2 topcell reference similarity
D1SEQ100_TACCAGACAAGG	EEF	EEF	EEF	Asexual 1	EEF	source Table S2 topcell reference similarity
D1SEQ100_TGATCGAAATGG	Male gametocyte	Male gametocyte	Male gametocyte	Asexual 1	Male gametocyte	source Table S2 topcell reference similarity
D1SEQ100_CTATCTCAAGGA	Female gametocyte	Female gametocyte	Female gametocyte	Asexual 1	Female gametocyte	source Table S2 topcell reference similarity
D1SEQ100_TCTTTCCGTGGT	Merozoite	Merozoite	Merozoite	Asexual 1	Merozoite	source Table S2 topcell reference similarity
D1SEQ100_GGGCATGCTGGA	EEF	EEF	EEF	Asexual 1	EEF	source Table S2 topcell reference similarity
D1SEQ100_GTGCACGCCGCT	EEF	EEF	EEF	Asexual 1	EEF	source Table S2 topcell reference similarity
D1SEQ100_TTTCGGCACAAC	Merozoite	Merozoite	Merozoite	Asexual 1	Merozoite	source Table S2 topcell reference similarity
D1SEQ100_GTTCATAAGTAT	Merozoite	Merozoite	Merozoite	Asexual 1	Merozoite	source Table S2 topcell reference similarity
D1SEQ100_GTGCTAGTTCAC	EEF	EEF	EEF	Asexual 1	EEF	source Table S2 topcell reference similarity
D1SEQ100_TTTGAGTCCTCC	EEF	EEF	EEF	Asexual 1	EEF	source Table S2 topcell reference similarity
D1SEQ100_CACCTCCAAGCT	Male gametocyte	Male gametocyte	Male gametocyte	Asexual 1	Male gametocyte	source Table S2 topcell reference similarity
D1SEQ100_GGATGATTAGTT	EEF	EEF	EEF	Asexual 1	EEF	source Table S2 topcell reference similarity
D1SEQ100_TGCCAGACCAGG	EEF	EEF	EEF	Asexual 1	EEF	source Table S2 topcell reference similarity
D1SEQ100_CTTTATCCGGTC	Male gametocyte	Male gametocyte	Male gametocyte	Asexual 1	Male gametocyte	source Table S2 topcell reference similarity
D1SEQ100_TGCCTCCAAGCT	Ring	Ring	Ring	Asexual 1	Ring	source Table S2 topcell reference similarity
D1SEQ100_GTAACATTCTTA	EEF	EEF	EEF	Asexual 1	EEF	source Table S2 topcell reference similarity
D1SEQ100_GTAACATTGTTT	Male gametocyte	Male gametocyte	Male gametocyte	Asexual 1	Male gametocyte	source Table S2 topcell reference similarity
D1SEQ100_CTAACATTGTTA	Male gametocyte	Male gametocyte	Male gametocyte	Asexual 1	Male gametocyte	source Table S2 topcell reference similarity
D1SEQ100_ACCTTATAGCTG	EEF	EEF	EEF	Asexual 1	EEF	source Table S2 topcell reference similarity
D1SEQ100_ACCAGATGACTA	Schizont	Schizont	Schizont (Liver stage)	Asexual 1	Schizont (Liver stage)	source Table S2 topcell reference similarity
D1SEQ100_CCCAGATGACTA	Male gametocyte	Male gametocyte	Male gametocyte	Asexual 1	Male gametocyte	source Table S2 topcell reference similarity
D1SEQ100_ATGCTTTATTTT	Male gametocyte	Male gametocyte	Male gametocyte	Asexual 1	Male gametocyte	source Table S2 topcell reference similarity
D1SEQ100_GGCCTCCAAGCT	Male gametocyte	Male gametocyte	Male gametocyte	Asexual 1	Male gametocyte	source Table S2 topcell reference similarity
D1SEQ100_GACCAGACCAGG	Merozoite	Merozoite	Merozoite	Asexual 1	Merozoite	source Table S2 topcell reference similarity
D1SEQ100_TGGCATGCTGGA	Male gametocyte	Male gametocyte	Male gametocyte	Asexual 1	Male gametocyte	source Table S2 topcell reference similarity
D1SEQ100_AGCCTCCAAGCT	Male gametocyte	Male gametocyte	Male gametocyte	Asexual 1	Male gametocyte	source Table S2 topcell reference similarity
D1SEQ100_CGCCCCAGTCAG	Ring	Ring	Ring	Asexual 1	Ring	source Table S2 topcell reference similarity
D1SEQ100_CGGCATGCTGGA	EEF	EEF	EEF	Asexual 1	EEF	source Table S2 topcell reference similarity
D1SEQ100_GCTCAACAATCG	EEF	EEF	EEF	Asexual 1	EEF	source Table S2 topcell reference similarity
D1SEQ100_GAAACATTGTTA	Merozoite	Merozoite	Merozoite	Asexual 1	Merozoite	source Table S2 topcell reference similarity
D1SEQ100_GGTAGTTCATGG	Schizont	Schizont	Schizont (Liver stage)	Asexual 1	Schizont (Liver stage)	source Table S2 topcell reference similarity
D1SEQ100_TACAAGACCAGG	Ring	Ring	Ring	Asexual 1	Ring	source Table S2 topcell reference similarity
D1SEQ100_AGCTTATTGCCG	Hypnozoite	Hypnozoite	Hypnozoite	Asexual 1	Hypnozoite	source State
D1SEQ100_AGCTTCTTGCAG	Ring	Ring	Ring	Asexual 1	Ring	source Table S2 topcell reference similarity
D1SEQ100_CCACGGCTCTGC	Hypnozoite	Hypnozoite	Hypnozoite	Asexual 1	Hypnozoite	source State
D11SEQ50_ATACTGCACATA	Schizont	Schizont	Schizont (Liver stage)	Asexual 3	Schizont (Liver stage)	source Table S2 topcell reference similarity
D11SEQ50_GTCTGAGGGCGG	Ring	Ring	Ring	Asexual 3	Ring	source Table S2 topcell reference similarity
D11SEQ50_TTCACGACAGCC	Male gametocyte	Male gametocyte	Male gametocyte	Asexual 3	Male gametocyte	source Table S2 topcell reference similarity
D11SEQ50_CCCTCTCATTCA	Schizont	Schizont	Schizont (Liver stage)	Asexual 3	Schizont (Liver stage)	source Table S2 topcell reference similarity
D11SEQ50_GTCTGAGGGCGC	Ring	Ring	Ring	Asexual 3	Ring	source Table S2 topcell reference similarity
D11SEQ50_ACCACGGCCCTT	Schizont	Schizont	Schizont (Liver stage)	Asexual 3	Schizont (Liver stage)	source Table S2 topcell reference similarity
D11SEQ50_AACGGCGAAGGC	Male gametocyte	Male gametocyte	Male gametocyte	Asexual 3	Male gametocyte	source Table S2 topcell reference similarity
D11SEQ50_TACCCGGGTGGT	Schizont	Schizont	Schizont (Liver stage)	Asexual 3	Schizont (Liver stage)	source Table S2 topcell reference similarity
D11SEQ50_CGTCGTTAGAAG	Merozoite	Merozoite	Merozoite	Asexual 3	Merozoite	source Table S2 topcell reference similarity
D11SEQ50_GGAATTCGAAAA	Merozoite	Merozoite	Merozoite	Asexual 3	Merozoite	source Table S2 topcell reference similarity
D11SEQ50_TCGTGCCTGGTT	Schizont	Schizont	Schizont (Liver stage)	Asexual 3	Schizont (Liver stage)	source Table S2 topcell reference similarity
D11SEQ50_CCTATAGGTGTG	Schizont	Schizont	Schizont (Liver stage)	Asexual 3	Schizont (Liver stage)	source Table S2 topcell reference similarity
D11SEQ50_GCCCGCAAGTAA	Female gametocyte	Female gametocyte	Female gametocyte	Asexual 3	Female gametocyte	source Table S2 topcell reference similarity
D11SEQ50_GACAGGTGGCAA	Schizont	Schizont	Schizont (Liver stage)	Asexual 3	Schizont (Liver stage)	source Table S2 topcell reference similarity
D11SEQ50_TCAACTTGTATA	Schizont	Schizont	Schizont (Liver stage)	Asexual 3	Schizont (Liver stage)	source Table S2 topcell reference similarity
D11SEQ50_GTGTGGATCCTC	Schizont	Schizont	Schizont (Liver stage)	Asexual 3	Schizont (Liver stage)	source Table S2 topcell reference similarity
D11SEQ50_AGCATGCACGCT	Schizont	Schizont	Schizont (Liver stage)	Asexual 3	Schizont (Liver stage)	source Table S2 topcell reference similarity
D11SEQ50_GCCTTCGCTCTT	Ring	Ring	Ring	Asexual 3	Ring	source Table S2 topcell reference similarity
D11SEQ50_TACGTGGCGTGG	Schizont	Schizont	Schizont (Liver stage)	Asexual 3	Schizont (Liver stage)	source Table S2 topcell reference similarity
D11SEQ50_CCGCAGCTCAGT	Ring	Ring	Ring	Asexual 3	Ring	source Table S2 topcell reference similarity
D11SEQ50_AAGAAATTTTTG	Schizont	Schizont	Schizont (Liver stage)	Asexual 3	Schizont (Liver stage)	source Table S2 topcell reference similarity
D11SEQ50_CCCTTAGGGGGA	Schizont	Schizont	Schizont (Liver stage)	Asexual 3	Schizont (Liver stage)	source Table S2 topcell reference similarity
D11SEQ50_GAGTGATCATCT	Schizont	Schizont	Schizont (Liver stage)	Asexual 3	Schizont (Liver stage)	source Table S2 topcell reference similarity
D11SEQ50_TAGCAGCAGAAC	Schizont	Schizont	Schizont (Liver stage)	Asexual 3	Schizont (Liver stage)	source Table S2 topcell reference similarity
D11SEQ50_ATGGATTCCAAG	Schizont	Schizont	Schizont (Liver stage)	Asexual 3	Schizont (Liver stage)	source Table S2 topcell reference similarity
D11SEQ50_CCTTATACCAAG	Schizont	Schizont	Schizont (Liver stage)	Asexual 3	Schizont (Liver stage)	source Table S2 topcell reference similarity
D11SEQ50_TACCAAGTTCTC	Schizont	Schizont	Schizont (Liver stage)	Asexual 3	Schizont (Liver stage)	source Table S2 topcell reference similarity
D11SEQ50_ATACCCGGACTG	Schizont	Schizont	Schizont (Liver stage)	Asexual 3	Schizont (Liver stage)	source Table S2 topcell reference similarity
D11SEQ50_GGAACCATCGAC	Schizont	Schizont	Schizont (Liver stage)	Asexual 3	Schizont (Liver stage)	source Table S2 topcell reference similarity
D11SEQ50_ATCAACAAGCCG	Schizont	Schizont	Schizont (Liver stage)	Asexual 3	Schizont (Liver stage)	source Table S2 topcell reference similarity
D11SEQ50_CCCGAATTACGT	Schizont	Schizont	Schizont (Liver stage)	Asexual 3	Schizont (Liver stage)	source Table S2 topcell reference similarity
D11SEQ50_GGTTAAATAACA	Ring	Ring	Ring	Asexual 3	Ring	source Table S2 topcell reference similarity
D11SEQ50_ACGATCAAGACA	Schizont	Schizont	Schizont (Liver stage)	Asexual 3	Schizont (Liver stage)	source Table S2 topcell reference similarity
D11SEQ50_GATTGACCTTGC	Schizont	Schizont	Schizont (Liver stage)	Asexual 3	Schizont (Liver stage)	source Table S2 topcell reference similarity
D11SEQ50_GGTCATCTCGCC	Merozoite	Merozoite	Merozoite	Asexual 3	Merozoite	source Table S2 topcell reference similarity
D11SEQ50_TCGAACTTTGTT	Schizont	Schizont	Schizont (Liver stage)	Asexual 3	Schizont (Liver stage)	source Table S2 topcell reference similarity
D11SEQ50_GAGATGTTGGAC	Ring	Ring	Ring	Asexual 3	Ring	source Table S2 topcell reference similarity
D11SEQ50_GAGGAGACATAG	Schizont	Schizont	Schizont (Liver stage)	Asexual 3	Schizont (Liver stage)	source Table S2 topcell reference similarity
D11SEQ50_TCTGCACTATAT	Schizont	Schizont	Schizont (Liver stage)	Asexual 3	Schizont (Liver stage)	source Table S2 topcell reference similarity
D11SEQ50_ATAAGTAGAGAT	Merozoite	Merozoite	Merozoite	Asexual 3	Merozoite	source Table S2 topcell reference similarity
D11SEQ50_CCCTTTTGGAAT	Schizont	Schizont	Schizont (Liver stage)	Asexual 3	Schizont (Liver stage)	source Table S2 topcell reference similarity
D11SEQ50_GCCTGGGGCTGA	Ring	Ring	Ring	Asexual 3	Ring	source Table S2 topcell reference similarity
D11SEQ50_GTTTCCACACTC	Schizont	Schizont	Schizont (Liver stage)	Asexual 3	Schizont (Liver stage)	source Table S2 topcell reference similarity
D11SEQ50_TTTTTCCTCGGA	Schizont	Schizont	Schizont (Liver stage)	Asexual 3	Schizont (Liver stage)	source Table S2 topcell reference similarity
D11SEQ50_TCCGCGGCTGGT	Schizont	Schizont	Schizont (Liver stage)	Asexual 3	Schizont (Liver stage)	source Table S2 topcell reference similarity
D11SEQ50_GAACAGAGCGGT	Schizont	Schizont	Schizont (Liver stage)	Asexual 3	Schizont (Liver stage)	source Table S2 topcell reference similarity
D11SEQ50_TGGTCCCCTGCC	Schizont	Schizont	Schizont (Liver stage)	Asexual 3	Schizont (Liver stage)	source Table S2 topcell reference similarity
D11SEQ50_ACTTGTACTGTC	Merozoite	Merozoite	Merozoite	Asexual 3	Merozoite	source Table S2 topcell reference similarity
D11SEQ50_ACCATTCAGGAC	Schizont	Schizont	Schizont (Liver stage)	Asexual 3	Schizont (Liver stage)	source Table S2 topcell reference similarity
D11SEQ50_CTGCACGCGGAC	Schizont	Schizont	Schizont (Liver stage)	Asexual 3	Schizont (Liver stage)	source Table S2 topcell reference similarity
D11SEQ50_GGCCTATATGTT	Ring	Ring	Ring	Asexual 3	Ring	source Table S2 topcell reference similarity
D11SEQ50_CTTTTCCGGTGT	Schizont	Schizont	Schizont (Liver stage)	Asexual 3	Schizont (Liver stage)	source Table S2 topcell reference similarity
D11SEQ50_GTACGCCCTCCG	Schizont	Schizont	Schizont (Liver stage)	Asexual 3	Schizont (Liver stage)	source Table S2 topcell reference similarity
D11SEQ50_GTGCATTCTCTT	Schizont	Schizont	Schizont (Liver stage)	Asexual 3	Schizont (Liver stage)	source Table S2 topcell reference similarity
D11SEQ50_CCGTATAGGCAC	Schizont	Schizont	Schizont (Liver stage)	Asexual 3	Schizont (Liver stage)	source Table S2 topcell reference similarity
D11SEQ50_TATTACATGTTG	Male gametocyte	Male gametocyte	Male gametocyte	Asexual 3	Male gametocyte	source Table S2 topcell reference similarity
D11SEQ50_AAACCAGCTCCG	Schizont	Schizont	Schizont (Liver stage)	Asexual 3	Schizont (Liver stage)	source Table S2 topcell reference similarity
D11SEQ50_TATCCATCCATC	Male gametocyte	Male gametocyte	Male gametocyte	Asexual 3	Male gametocyte	source Table S2 topcell reference similarity
D11SEQ50_ACCATGAACGGC	Ring	Ring	Ring	Asexual 1	Ring	source Table S2 topcell reference similarity
D11SEQ50_GATTCAGCACAT	Schizont	Schizont	Schizont (Liver stage)	Asexual 3	Schizont (Liver stage)	source Table S2 topcell reference similarity
D11SEQ50_CTGGTACAACGT	Merozoite	Merozoite	Merozoite	Asexual 3	Merozoite	source Table S2 topcell reference similarity
D11SEQ50_ACAGGCAATTCG	Merozoite	Merozoite	Merozoite	Asexual 3	Merozoite	source Table S2 topcell reference similarity
D11SEQ50_GAGTCAATGTGN	Schizont	Schizont	Schizont (Liver stage)	Asexual 3	Schizont (Liver stage)	source Table S2 topcell reference similarity
D11SEQ50_TGACAGATGCTG	Schizont	Schizont	Schizont (Liver stage)	Asexual 3	Schizont (Liver stage)	source Table S2 topcell reference similarity
D11SEQ50_GAAGGACTACCG	Merozoite	Merozoite	Merozoite	Asexual 3	Merozoite	source Table S2 topcell reference similarity
D11SEQ50_GCTTGGCGGGCC	Schizont	Schizont	Schizont (Liver stage)	Asexual 3	Schizont (Liver stage)	source Table S2 topcell reference similarity
D11SEQ50_TAAAATCTGAAA	Schizont	Schizont	Schizont (Liver stage)	Asexual 3	Schizont (Liver stage)	source Table S2 topcell reference similarity
D11SEQ50_GTGAAGCGCGTA	Ring	Ring	Ring	Asexual 3	Ring	source Table S2 topcell reference similarity
D11SEQ50_CTGCATCGGACG	Ring	Ring	Ring	Asexual 3	Ring	source Table S2 topcell reference similarity
D11SEQ50_GTCATGTAAGTT	Schizont	Schizont	Schizont (Liver stage)	Asexual 3	Schizont (Liver stage)	source Table S2 topcell reference similarity
D11SEQ50_ATCAACAAGCCA	Schizont	Schizont	Schizont (Liver stage)	Asexual 3	Schizont (Liver stage)	source Table S2 topcell reference similarity
D11SEQ50_ACCTATAAGGGG	Ring	Ring	Ring	Asexual 3	Ring	source Table S2 topcell reference similarity
D11SEQ50_GTTTCATTACCC	Merozoite	Merozoite	Merozoite	Asexual 3	Merozoite	source Table S2 topcell reference similarity
D11SEQ50_CGATCGGCGAGA	Ring	Ring	Ring	Asexual 3	Ring	source Table S2 topcell reference similarity
D11SEQ50_ATCAACAAGCCC	Schizont	Schizont	Schizont (Liver stage)	Asexual 3	Schizont (Liver stage)	source Table S2 topcell reference similarity
D11SEQ50_TAAGATGGTTAT	Ring	Ring	Ring	Asexual 3	Ring	source Table S2 topcell reference similarity
D11SEQ50_CTCGCGGACGTC	Schizont	Schizont	Schizont (Liver stage)	Asexual 3	Schizont (Liver stage)	source Table S2 topcell reference similarity
D11SEQ50_ATGGAGCAAGAT	Schizont	Schizont	Schizont (Liver stage)	Asexual 3	Schizont (Liver stage)	source Table S2 topcell reference similarity
D11SEQ50_TACTCCCTTCAT	Schizont	Schizont	Schizont (Liver stage)	Asexual 3	Schizont (Liver stage)	source Table S2 topcell reference similarity
D11SEQ50_GAGTCAATGTCN	Merozoite	Merozoite	Merozoite	Asexual 3	Merozoite	source Table S2 topcell reference similarity
D11SEQ50_CTCCTCGAAGTC	Hypnozoite	Hypnozoite	Hypnozoite	Asexual 1	Hypnozoite	source State
D11SEQ50_AACCGCCGAAGG	Merozoite	Merozoite	Merozoite	Asexual 3	Merozoite	source Table S2 topcell reference similarity
D11SEQ50_TAACCGAACCGT	Schizont	Schizont	Schizont (Liver stage)	Asexual 3	Schizont (Liver stage)	source Table S2 topcell reference similarity
D11SEQ50_CTTGAGACAGGC	Schizont	Schizont	Schizont (Liver stage)	Asexual 3	Schizont (Liver stage)	source Table S2 topcell reference similarity
D11SEQ50_AAACGAAAGAGG	Merozoite	Merozoite	Merozoite	Asexual 3	Merozoite	source Table S2 topcell reference similarity
D11SEQ50_GCACGCAAGAAA	Schizont	Schizont	Schizont (Liver stage)	Asexual 3	Schizont (Liver stage)	source Table S2 topcell reference similarity
D11SEQ50_AAAGGATGCGTA	Schizont	Schizont	Schizont (Liver stage)	Asexual 3	Schizont (Liver stage)	source Table S2 topcell reference similarity
D11SEQ50_CGATGAGGGAGC	Ring	Ring	Ring	Asexual 3	Ring	source Table S2 topcell reference similarity
D11SEQ50_CTCCGGTCCGGA	Schizont	Schizont	Schizont (Liver stage)	Asexual 3	Schizont (Liver stage)	source Table S2 topcell reference similarity
D11SEQ50_TTGGTCTCTGGT	Ring	Ring	Ring	Asexual 3	Ring	source Table S2 topcell reference similarity
D11SEQ50_ATGCGTACTTTG	Schizont	Schizont	Schizont (Liver stage)	Asexual 3	Schizont (Liver stage)	source Table S2 topcell reference similarity
D11SEQ50_CTGCATCGGACA	Merozoite	Merozoite	Merozoite	Asexual 3	Merozoite	source Table S2 topcell reference similarity
D11SEQ50_ATCAACAAGCCT	Schizont	Schizont	Schizont (Liver stage)	Asexual 3	Schizont (Liver stage)	source Table S2 topcell reference similarity
D11SEQ50_GTGGTCGGATTG	Merozoite	Merozoite	Merozoite	Asexual 3	Merozoite	source Table S2 topcell reference similarity
D11SEQ50_CTGCATCGGACC	Schizont	Schizont	Schizont (Liver stage)	Asexual 3	Schizont (Liver stage)	source Table S2 topcell reference similarity
D11SEQ50_TAAAACAGCCTT	Schizont	Schizont	Schizont (Liver stage)	Asexual 3	Schizont (Liver stage)	source Table S2 topcell reference similarity
D11SEQ50_ACCTGCCACGAC	Ring	Ring	Ring	Asexual 3	Ring	source Table S2 topcell reference similarity
D11SEQ50_AATCCCACGTCG	Ring	Ring	Ring	Asexual 3	Ring	source Table S2 topcell reference similarity
D11SEQ50_ATTACCGACGCA	Ring	Ring	Ring	Asexual 1	Ring	source Table S2 topcell reference similarity
D11SEQ50_AATCCCACGTCC	Merozoite	Merozoite	Merozoite	Asexual 3	Merozoite	source Table S2 topcell reference similarity
D11SEQ50_TTATGTCAGCGT	Schizont	Schizont	Schizont (Liver stage)	Asexual 3	Schizont (Liver stage)	source Table S2 topcell reference similarity
D11SEQ50_GAAATCTGGAGG	Merozoite	Merozoite	Merozoite	Asexual 3	Merozoite	source Table S2 topcell reference similarity
D11SEQ50_ACCTATAAGGGC	Schizont	Schizont	Schizont (Liver stage)	Asexual 3	Schizont (Liver stage)	source Table S2 topcell reference similarity
D11SEQ50_CAAAATACCCTG	Hypnozoite	Hypnozoite	Hypnozoite	Asexual 1	Hypnozoite	source State
D11SEQ50_CAAAGCTGGAGA	Ring	Ring	Ring	Asexual 1	Ring	source Table S2 topcell reference similarity
D11SEQ50_ACCTATAAGGGA	Merozoite	Merozoite	Merozoite	Asexual 3	Merozoite	source Table S2 topcell reference similarity
D11SEQ50_AAACGAAAGAGA	Merozoite	Merozoite	Merozoite	Asexual 3	Merozoite	source Table S2 topcell reference similarity
D11SEQ50_AATCCCACGTCA	Merozoite	Merozoite	Merozoite	Asexual 3	Merozoite	source Table S2 topcell reference similarity
D11SEQ50_TACCAGTCTCGG	Schizont	Schizont	Schizont (Liver stage)	Asexual 3	Schizont (Liver stage)	source Table S2 topcell reference similarity
D11SEQ50_AAACGAAAGAGT	Merozoite	Merozoite	Merozoite	Asexual 3	Merozoite	source Table S2 topcell reference similarity
D11SEQ50_ATCGGTCGATTG	Ring	Ring	Ring	Asexual 3	Ring	source Table S2 topcell reference similarity
D11SEQ50_CCGTCGATGCGC	Ring	Ring	Ring	Asexual 3	Ring	source Table S2 topcell reference similarity
D11SEQ50_GAAGATATCGTG	Trophozoite	Trophozoite	Trophozoite	Asexual 3	Trophozoite	source Table S2 topcell reference similarity
D11SEQ50_CTGCATCGGACT	EEF	EEF	EEF	Asexual 3	EEF	source Table S2 topcell reference similarity
D11SEQ50_CTTGCCTCTAGA	Merozoite	Merozoite	Merozoite	Asexual 3	Merozoite	source Table S2 topcell reference similarity
D11SEQ50_TTCACGCCAGCC	Merozoite	Merozoite	Merozoite	Asexual 3	Merozoite	source Table S2 topcell reference similarity
D11SEQ50_CTGACTCAGAGA	Ring	Ring	Ring	Asexual 3	Ring	source Table S2 topcell reference similarity
D11SEQ50_AAACGAAAGAGC	Merozoite	Merozoite	Merozoite	Asexual 3	Merozoite	source Table S2 topcell reference similarity
D11SEQ50_CCGTCGATGCGG	Ring	Ring	Ring	Asexual 3	Ring	source Table S2 topcell reference similarity
D11SEQ50_TGTTGCGATCGA	Merozoite	Merozoite	Merozoite	Asexual 3	Merozoite	source Table S2 topcell reference similarity
D11SEQ50_GTTTCTTTGGCT	Schizont	Schizont	Schizont (Liver stage)	Asexual 3	Schizont (Liver stage)	source Table S2 topcell reference similarity
D11SEQ50_GAAATCTGGAGC	Merozoite	Merozoite	Merozoite	Asexual 3	Merozoite	source Table S2 topcell reference similarity
D11SEQ50_TAGGAAAATCTC	Male gametocyte	Male gametocyte	Male gametocyte	Asexual 3	Male gametocyte	source Table S2 topcell reference similarity
D11SEQ50_GCAGGTAGTACA	Schizont	Schizont	Schizont (Liver stage)	Asexual 3	Schizont (Liver stage)	source Table S2 topcell reference similarity
D11SEQ50_ATGTAAGACGGA	EEF	EEF	EEF	Asexual 1	EEF	source Table S2 topcell reference similarity
D11SEQ50_GAAAAGATTATA	Schizont	Schizont	Schizont (Liver stage)	Asexual 3	Schizont (Liver stage)	source Table S2 topcell reference similarity
D11SEQ50_GAGTATCCATTG	Merozoite	Merozoite	Merozoite	Asexual 3	Merozoite	source Table S2 topcell reference similarity
D11SEQ50_CTCCAATACACT	Ring	Ring	Ring	Asexual 3	Ring	source Table S2 topcell reference similarity
D11SEQ50_AACTTGCGATCA	EEF	EEF	EEF	Asexual 3	EEF	source Table S2 topcell reference similarity
D11SEQ50_CTCATTCCGCAG	Merozoite	Merozoite	Merozoite	Asexual 3	Merozoite	source Table S2 topcell reference similarity
D11SEQ50_CAGATACCATCT	Merozoite	Merozoite	Merozoite	Asexual 3	Merozoite	source Table S2 topcell reference similarity
D11SEQ50_TGACATGTCACA	Ring	Ring	Ring	Asexual 3	Ring	source Table S2 topcell reference similarity
D11SEQ50_AATCCCACGTCT	Schizont	Schizont	Schizont (Liver stage)	Asexual 3	Schizont (Liver stage)	source Table S2 topcell reference similarity
D11SEQ50_AAGCAATTTTTG	Merozoite	Merozoite	Merozoite	Asexual 3	Merozoite	source Table S2 topcell reference similarity
D11SEQ50_AAGCTGTGTGAT	EEF	EEF	EEF	Asexual 3	EEF	source Table S2 topcell reference similarity
D11SEQ50_TGTGGTGGTACG	Ring	Ring	Ring	Asexual 3	Ring	source Table S2 topcell reference similarity
D11SEQ50_AGGATGATTATA	Merozoite	Merozoite	Merozoite	Asexual 3	Merozoite	source Table S2 topcell reference similarity
D11SEQ50_ACATGGTTGCGT	Ring	Ring	Ring	Asexual 3	Ring	source Table S2 topcell reference similarity
D11SEQ50_GAAATCTGGAGA	Merozoite	Merozoite	Merozoite	Asexual 3	Merozoite	source Table S2 topcell reference similarity
D11SEQ50_CGGACTACTGTA	EEF	EEF	EEF	Asexual 3	EEF	source Table S2 topcell reference similarity
D11SEQ50_TCGCCTAAGGCG	Merozoite	Merozoite	Merozoite	Asexual 3	Merozoite	source Table S2 topcell reference similarity
D11SEQ50_CTAGCCGGCCCC	Ring	Ring	Ring	Asexual 3	Ring	source Table S2 topcell reference similarity
D11SEQ50_AAGAACTTTTTG	EEF	EEF	EEF	Asexual 3	EEF	source Table S2 topcell reference similarity
D11SEQ50_GTCTGCGGGCGC	Merozoite	Merozoite	Merozoite	Asexual 3	Merozoite	source Table S2 topcell reference similarity
D11SEQ50_ATAGCCTCATTA	Ring	Ring	Ring	Asexual 3	Ring	source Table S2 topcell reference similarity
D11SEQ50_ACCCCGGCCCTT	Merozoite	Merozoite	Merozoite	Asexual 3	Merozoite	source Table S2 topcell reference similarity
D11SEQ50_TAGGAAAATCTG	Male gametocyte	Male gametocyte	Male gametocyte	Asexual 3	Male gametocyte	source Table S2 topcell reference similarity
D11SEQ50_GACCGGTGGCAA	Schizont	Schizont	Schizont (Liver stage)	Asexual 3	Schizont (Liver stage)	source Table S2 topcell reference similarity
D11SEQ50_GATCACTCCGAN	Ring	Ring	Ring	Asexual 3	Ring	source Table S2 topcell reference similarity
D11SEQ50_CCGTCGATGCGT	Ring	Ring	Ring	Asexual 1	Ring	source Table S2 topcell reference similarity
D11SEQ50_ATGCTCCTCGAC	Merozoite	Merozoite	Merozoite	Asexual 3	Merozoite	source Table S2 topcell reference similarity
D11SEQ50_CCGTCGATGCGA	Schizont	Schizont	Schizont (Liver stage)	Asexual 3	Schizont (Liver stage)	source Table S2 topcell reference similarity
D11SEQ50_TAGGAAAATCTA	Merozoite	Merozoite	Merozoite	Asexual 3	Merozoite	source Table S2 topcell reference similarity
D11SEQ50_TACCAGTCTCGC	EEF	EEF	EEF	Asexual 3	EEF	source Table S2 topcell reference similarity
D11SEQ50_CAGGCATACAGG	EEF	EEF	EEF	Asexual 1	EEF	source Table S2 topcell reference similarity
D11SEQ50_TGACTACTCAGA	EEF	EEF	EEF	Asexual 3	EEF	source Table S2 topcell reference similarity
D11SEQ50_TCGCACTTTGTT	Merozoite	Merozoite	Merozoite	Asexual 3	Merozoite	source Table S2 topcell reference similarity
D11SEQ50_ACTCCAGGGAGG	Merozoite	Merozoite	Merozoite	Asexual 3	Merozoite	source Table S2 topcell reference similarity
D11SEQ50_TACCAGTCTCGA	Merozoite	Merozoite	Merozoite	Asexual 3	Merozoite	source Table S2 topcell reference similarity
D11SEQ50_TTCCCGACAGCC	Ring	Ring	Ring	Asexual 3	Ring	source Table S2 topcell reference similarity
D11SEQ50_GTAGGTTGAGGG	Schizont	Schizont	Schizont (Liver stage)	Asexual 3	Schizont (Liver stage)	source Table S2 topcell reference similarity
D11SEQ50_CAAATGCAGAAC	Ring	Ring	Ring	Asexual 3	Ring	source Table S2 topcell reference similarity
D11SEQ50_GAAATCTGGAGT	Merozoite	Merozoite	Merozoite	Asexual 3	Merozoite	source Table S2 topcell reference similarity
D11SEQ50_GATCACTCCGTN	Male gametocyte	Male gametocyte	Male gametocyte	Asexual 3	Male gametocyte	source Table S2 topcell reference similarity
D11SEQ50_CACCTGTGGCGA	EEF	EEF	EEF	Asexual 1	EEF	source Table S2 topcell reference similarity
D11SEQ50_TACCAGTCTCGT	Ring	Ring	Ring	Asexual 3	Ring	source Table S2 topcell reference similarity
D11SEQ50_ACCTATAAGGGT	Merozoite	Merozoite	Merozoite	Asexual 3	Merozoite	source Table S2 topcell reference similarity
D11SEQ50_GCAGACAATGTG	Merozoite	Merozoite	Merozoite	Asexual 3	Merozoite	source Table S2 topcell reference similarity
D11SEQ50_AACGTCGAGCGA	Merozoite	Merozoite	Merozoite	Asexual 1	Merozoite	source Table S2 topcell reference similarity
D11SEQ50_AGCCGTTTACTA	Merozoite	Merozoite	Merozoite	Asexual 3	Merozoite	source Table S2 topcell reference similarity
D11SEQ50_GGTTAACTAACA	EEF	EEF	EEF	Asexual 3	EEF	source Table S2 topcell reference similarity
D11SEQ50_GATCCCTAGACC	Ring	Ring	Ring	Asexual 1	Ring	source Table S2 topcell reference similarity
D11SEQ50_GGTTACATAACA	Merozoite	Merozoite	Merozoite	Asexual 3	Merozoite	source Table S2 topcell reference similarity
D11SEQ50_TGAATTTGTTCC	EEF	EEF	EEF	Asexual 1	EEF	source Table S2 topcell reference similarity
D11SEQ50_ATCACGACAGCC	Schizont	Schizont	Schizont (Liver stage)	Asexual 3	Schizont (Liver stage)	source Table S2 topcell reference similarity
D11SEQ50_AAACTGCACATA	Merozoite	Merozoite	Merozoite	Asexual 3	Merozoite	source Table S2 topcell reference similarity
D11SEQ50_AGGAAGTGGCAC	Merozoite	Merozoite	Merozoite	Asexual 3	Merozoite	source Table S2 topcell reference similarity
D11SEQ50_GCCACGGCCCTT	Schizont	Schizont	Schizont (Liver stage)	Asexual 3	Schizont (Liver stage)	source Table S2 topcell reference similarity
D11SEQ50_ATACTCCACATA	Merozoite	Merozoite	Merozoite	Asexual 3	Merozoite	source Table S2 topcell reference similarity
D11SEQ50_GACCCGGGTGGT	Merozoite	Merozoite	Merozoite	Asexual 3	Merozoite	source Table S2 topcell reference similarity
D11SEQ50_GTACTGCACATA	Merozoite	Merozoite	Merozoite	Asexual 3	Merozoite	source Table S2 topcell reference similarity
D11SEQ50_ATACTGCACAAA	Schizont	Schizont	Schizont (Liver stage)	Asexual 3	Schizont (Liver stage)	source Table S2 topcell reference similarity
D11SEQ50_ACAACTTGTATA	Schizont	Schizont	Schizont (Liver stage)	Asexual 3	Schizont (Liver stage)	source Table S2 topcell reference similarity
D11SEQ50_GTCCGCAAGTAA	Merozoite	Merozoite	Merozoite	Asexual 3	Merozoite	source Table S2 topcell reference similarity
D11SEQ50_CCATCTCATTCA	Schizont	Schizont	Schizont (Liver stage)	Asexual 3	Schizont (Liver stage)	source Table S2 topcell reference similarity
D11SEQ50_TGCCCGGGTGGT	Schizont	Schizont	Schizont (Liver stage)	Asexual 3	Schizont (Liver stage)	source Table S2 topcell reference similarity
D11SEQ50_GGCATGCACGCT	Ring	Ring	Ring	Asexual 3	Ring	source Table S2 topcell reference similarity
D11SEQ50_AACAATAGAGCA	Merozoite	Merozoite	Merozoite	Asexual 3	Merozoite	source Table S2 topcell reference similarity
D11SEQ50_AACCCGGGTGGT	Schizont	Schizont	Schizont (Liver stage)	Asexual 3	Schizont (Liver stage)	source Table S2 topcell reference similarity
D11SEQ50_AAGCAGCAGAAC	Schizont	Schizont	Schizont (Liver stage)	Asexual 3	Schizont (Liver stage)	source Table S2 topcell reference similarity
D11SEQ50_ATACAGCACATA	Schizont	Schizont	Schizont (Liver stage)	Asexual 3	Schizont (Liver stage)	source Table S2 topcell reference similarity
D11SEQ50_TACACGACAGCC	Ring	Ring	Ring	Asexual 3	Ring	source Table S2 topcell reference similarity
D11SEQ50_GACTGAGGGCGG	Ring	Ring	Ring	Asexual 3	Ring	source Table S2 topcell reference similarity
D11SEQ50_CCGTCTCATTCA	Merozoite	Merozoite	Merozoite	Asexual 3	Merozoite	source Table S2 topcell reference similarity
D11SEQ50_ACGTGCCTGGTT	Merozoite	Merozoite	Merozoite	Asexual 3	Merozoite	source Table S2 topcell reference similarity
D11SEQ50_CCCACTCATTCA	Schizont	Schizont	Schizont (Liver stage)	Asexual 3	Schizont (Liver stage)	source Table S2 topcell reference similarity
D11SEQ50_GACGGCGAAGGC	Merozoite	Merozoite	Merozoite	Asexual 3	Merozoite	source Table S2 topcell reference similarity
D11SEQ50_ACAACGGCCCTT	Schizont	Schizont	Schizont (Liver stage)	Asexual 3	Schizont (Liver stage)	source Table S2 topcell reference similarity
D11SEQ50_AACCAAGTTCTC	Merozoite	Merozoite	Merozoite	Asexual 3	Merozoite	source Table S2 topcell reference similarity
D11SEQ50_AACGTGGCGTGG	Ring	Ring	Ring	Asexual 3	Ring	source Table S2 topcell reference similarity
D11SEQ50_GCACCAGCCTTA	Schizont	Schizont	Schizont (Liver stage)	Asexual 3	Schizont (Liver stage)	source Table S2 topcell reference similarity
D11SEQ50_ACGAACTTTGTT	EEF	EEF	EEF	Asexual 3	EEF	source Table S2 topcell reference similarity
D11SEQ50_GCTTGTACTGTC	Merozoite	Merozoite	Merozoite	Asexual 3	Merozoite	source Table S2 topcell reference similarity
D11SEQ50_GCCATGAACGGC	Trophozoite	Trophozoite	Trophozoite	Asexual 1	Trophozoite	source Table S2 topcell reference similarity
D11SEQ50_GACTGAGGGCGC	Merozoite	Merozoite	Merozoite	Asexual 3	Merozoite	source Table S2 topcell reference similarity
D11SEQ50_AAAAATCTGAAA	Merozoite	Merozoite	Merozoite	Asexual 3	Merozoite	source Table S2 topcell reference similarity
D11SEQ50_GACTGAGGGCGA	Schizont	Schizont	Schizont (Liver stage)	Asexual 3	Schizont (Liver stage)	source Table S2 topcell reference similarity
D11SEQ50_GCGATCAAGACA	Schizont	Schizont	Schizont (Liver stage)	Asexual 3	Schizont (Liver stage)	source Table S2 topcell reference similarity
D11SEQ50_ACTGCACTATAT	Schizont	Schizont	Schizont (Liver stage)	Asexual 3	Schizont (Liver stage)	source Table S2 topcell reference similarity
D11SEQ50_GGGAAGTGGCAC	Merozoite	Merozoite	Merozoite	Asexual 3	Merozoite	source Table S2 topcell reference similarity
D11SEQ50_CCTTATACAAAG	Merozoite	Merozoite	Merozoite	Asexual 3	Merozoite	source Table S2 topcell reference similarity
D11SEQ50_ATACTGAACATA	Merozoite	Merozoite	Merozoite	Asexual 3	Merozoite	source Table S2 topcell reference similarity
D11SEQ50_GTCACGACAGCC	EEF	EEF	EEF	Asexual 3	EEF	source Table S2 topcell reference similarity
D14SEQ100_GAACCGGTACGA	Schizont	Schizont	Schizont (Liver stage)	Asexual 3	Schizont (Liver stage)	source Table S2 topcell reference similarity
D14SEQ100_GAGCTGAAGCAC	Hypnozoite	Hypnozoite	Hypnozoite	Female gametocyte	Hypnozoite	source State
D14SEQ100_GAGATGCAGCAC	Hypnozoite	Hypnozoite	Hypnozoite	Asexual 1	Hypnozoite	source State
D14SEQ100_GAGATGAAGCCC	Hypnozoite	Hypnozoite	Hypnozoite	Female gametocyte	Hypnozoite	source State
D14SEQ100_TCCGCGCGTGAG	Hypnozoite	Hypnozoite	Hypnozoite	Female gametocyte	Hypnozoite	source State
D14SEQ100_TCAACCCAAGGC	Schizont	Schizont	Schizont (Liver stage)	Asexual 3	Schizont (Liver stage)	source Table S2 topcell reference similarity
D14SEQ100_TCCGCGAGTGCG	Hypnozoite	Hypnozoite	Hypnozoite	Asexual 1	Hypnozoite	source State
D14SEQ100_CTATGATATGAC	Schizont	Schizont	Schizont (Liver stage)	Asexual 3	Schizont (Liver stage)	source Table S2 topcell reference similarity
D14SEQ100_CGCCAAATAAAC	Schizont	Schizont	Schizont (Liver stage)	Asexual 3	Schizont (Liver stage)	source Table S2 topcell reference similarity
D14SEQ100_CCCCAGGCAGAA	Merozoite	Merozoite	Merozoite	Asexual 3	Merozoite	source Table S2 topcell reference similarity
D14SEQ100_CTAGGAGGTATG	Schizont	Schizont	Schizont (Liver stage)	Asexual 3	Schizont (Liver stage)	source Table S2 topcell reference similarity
D14SEQ100_GCCTCCCGTGAA	Schizont	Schizont	Schizont (Liver stage)	Asexual 3	Schizont (Liver stage)	source Table S2 topcell reference similarity
D14SEQ100_CCGACGTCTAGT	Hypnozoite	Hypnozoite	Hypnozoite	Asexual 3	Hypnozoite	source State
D14SEQ100_ATAAGTGAGGAT	Ring	Ring	Ring	Asexual 3	Ring	source Table S2 topcell reference similarity
D14SEQ100_TCCGCGAGTGAC	Hypnozoite	Hypnozoite	Hypnozoite	Asexual 1	Hypnozoite	source State
D14SEQ100_TCCGCGAGTCAG	Hypnozoite	Hypnozoite	Hypnozoite	Asexual 1	Hypnozoite	source State
D14SEQ100_AGATGAAGCACG	Hypnozoite	Hypnozoite	Hypnozoite	Asexual 1	Hypnozoite	source State
D14SEQ100_GACATGAAGCAC	Hypnozoite	Hypnozoite	Hypnozoite	Asexual 1	Hypnozoite	source State
D14SEQ100_GAGCTGAAGCCC	Hypnozoite	Hypnozoite	Hypnozoite	Asexual 1	Hypnozoite	source State
D14SEQ100_TCCGCGACTGAG	Hypnozoite	Hypnozoite	Hypnozoite	Asexual 1	Hypnozoite	source State
D14SEQ100_GAGCTGCAGCAC	Hypnozoite	Hypnozoite	Hypnozoite	Asexual 1	Hypnozoite	source State
D14SEQ100_TCCCCGAGTGAG	Hypnozoite	Hypnozoite	Hypnozoite	Asexual 1	Hypnozoite	source State
D14SEQ100_TCCGCGCGTGCG	Hypnozoite	Hypnozoite	Hypnozoite	Asexual 1	Hypnozoite	source State
D14SEQ100_AGATGAAGCACC	Hypnozoite	Hypnozoite	Hypnozoite	Asexual 1	Hypnozoite	source State
D14SEQ100_TCCGCGAGTGAA	Hypnozoite	Hypnozoite	Hypnozoite	Asexual 1	Hypnozoite	source State
D14SEQ100_TCACCCCAAGGC	Ring	Ring	Ring	Asexual 3	Ring	source Table S2 topcell reference similarity
D14SEQ100_GGGATGAAGCAC	Hypnozoite	Hypnozoite	Hypnozoite	Asexual 2	Hypnozoite	source State
D14SEQ100_AGATGAAGCACA	Hypnozoite	Hypnozoite	Hypnozoite	Asexual 1	Hypnozoite	source State
D14SEQ100_TCCGCGAGTAAG	EEF	EEF	EEF	Asexual 1	EEF	source Table S2 topcell reference similarity
D14SEQ100_GAGATGCAGCCC	Hypnozoite	Hypnozoite	Hypnozoite	Asexual 1	Hypnozoite	source State
D14SEQ100_GAGATCAAGCAC	Hypnozoite	Hypnozoite	Hypnozoite	Asexual 4	Hypnozoite	source State
D14SEQ100_GAGATGAAACAC	Hypnozoite	Hypnozoite	Hypnozoite	Asexual 1	Hypnozoite	source State
D14SEQ100_TCCGCCAGTGAG	Hypnozoite	Hypnozoite	Hypnozoite	Asexual 1	Hypnozoite	source State
D14SEQ100_GAAATGAAGCAC	Hypnozoite	Hypnozoite	Hypnozoite	Asexual 1	Hypnozoite	source State
D14SEQ100_GAGATGAACCAC	Hypnozoite	Hypnozoite	Hypnozoite	Asexual 1	Hypnozoite	source State
D14SEQ100_TCCACGAGTGAG	Hypnozoite	Hypnozoite	Hypnozoite	Asexual 1	Hypnozoite	source State
D14SEQ100_TCTGCGAGTGAG	Hypnozoite	Hypnozoite	Hypnozoite	Asexual 1	Hypnozoite	source State
D14SEQ100_TCCGCGAATGAG	Hypnozoite	Hypnozoite	Hypnozoite	Asexual 1	Hypnozoite	source State
D14SEQ100_GAGATGAAGCAA	Hypnozoite	Hypnozoite	Hypnozoite	Asexual 4	Hypnozoite	source State
D14SEQ100_TCCGCAAGTGAG	Hypnozoite	Hypnozoite	Hypnozoite	Asexual 1	Hypnozoite	source State
D14SEQ100_AAGATGAAGCAC	Hypnozoite	Hypnozoite	Hypnozoite	Asexual 1	Hypnozoite	source State
D14SEQ100_GAGATAAAGCAC	Hypnozoite	Hypnozoite	Hypnozoite	Asexual 1	Hypnozoite	source State
D14SEQ100_GTGATGAAGCAC	Hypnozoite	Hypnozoite	Hypnozoite	Asexual 4	Hypnozoite	source State
D14SEQ100_GAACCGGTACCA	Schizont	Schizont	Schizont (Liver stage)	Asexual 3	Schizont (Liver stage)	source Table S2 topcell reference similarity
D14SEQ100_GAGATGAAGCAT	Hypnozoite	Hypnozoite	Hypnozoite	Asexual 1	Hypnozoite	source State
D14SEQ100_TCCGTGGGGAGG	Schizont	Schizont	Schizont (Liver stage)	Asexual 3	Schizont (Liver stage)	source Table S2 topcell reference similarity
D14SEQ100_AGATGAAGCACT	Hypnozoite	Hypnozoite	Hypnozoite	Asexual 1	Hypnozoite	source State
D14SEQ100_TAGATGAAGCAC	Hypnozoite	Hypnozoite	Hypnozoite	Asexual 1	Hypnozoite	source State
D14SEQ100_TCCGCGAGTGTG	Hypnozoite	Hypnozoite	Hypnozoite	Asexual 1	Hypnozoite	source State
D14SEQ100_GAGATGAAGCGC	Hypnozoite	Hypnozoite	Hypnozoite	Female gametocyte	Hypnozoite	source State
D14SEQ100_GAGATGAAGTAC	Hypnozoite	Hypnozoite	Hypnozoite	Asexual 1	Hypnozoite	source State
D14SEQ100_GCGATGAAGCAC	Hypnozoite	Hypnozoite	Hypnozoite	Asexual 1	Hypnozoite	source State
D14SEQ100_GAGATGAAGCCA	Hypnozoite	Hypnozoite	Hypnozoite	Asexual 1	Hypnozoite	source State
D14SEQ100_CCCGCGAGTGAG	Hypnozoite	Hypnozoite	Hypnozoite	Asexual 1	Hypnozoite	source State
D14SEQ100_GAGATGAAGCCG	Hypnozoite	Hypnozoite	Hypnozoite	Asexual 1	Hypnozoite	source State
D14SEQ100_GAACCGGTACAA	Schizont	Schizont	Schizont (Liver stage)	Asexual 3	Schizont (Liver stage)	source Table S2 topcell reference similarity
D14SEQ100_CTATGATATGCC	Ring	Ring	Ring	Asexual 3	Ring	source Table S2 topcell reference similarity
D14SEQ100_TCCGCGAGTTAG	Hypnozoite	Hypnozoite	Hypnozoite	Asexual 1	Hypnozoite	source State
D14SEQ100_GAACCGCTACGA	Schizont	Schizont	Schizont (Liver stage)	Asexual 3	Schizont (Liver stage)	source Table S2 topcell reference similarity
D14SEQ100_GAGATGAAGCAG	Hypnozoite	Hypnozoite	Hypnozoite	Asexual 1	Hypnozoite	source State
D14SEQ100_TCCGCTAGTGAG	Hypnozoite	Hypnozoite	Hypnozoite	Asexual 1	Hypnozoite	source State
D14SEQ100_TCCGTGAGTGAG	Hypnozoite	Hypnozoite	Hypnozoite	Asexual 1	Hypnozoite	source State
D14SEQ100_GAGATGAAGAAC	Hypnozoite	Hypnozoite	Hypnozoite	Asexual 2	Hypnozoite	source State
D14SEQ100_TCCGCGAGTGAT	Hypnozoite	Hypnozoite	Hypnozoite	Asexual 1	Hypnozoite	source State
D14SEQ100_GAGATGAAGCTC	Hypnozoite	Hypnozoite	Hypnozoite	Asexual 4	Hypnozoite	source State
D14SEQ100_TCCGCGAGTGGG	Hypnozoite	Hypnozoite	Hypnozoite	Asexual 1	Hypnozoite	source State
D14SEQ100_TAACCGGTACGA	Schizont	Schizont	Schizont (Liver stage)	Asexual 3	Schizont (Liver stage)	source Table S2 topcell reference similarity
D14SEQ100_TCAGCGAGTGAG	Hypnozoite	Hypnozoite	Hypnozoite	Asexual 1	Hypnozoite	source State
D14SEQ100_TCCGCGAGAGAG	Hypnozoite	Hypnozoite	Hypnozoite	Asexual 1	Hypnozoite	source State
D14SEQ100_CAACCGGTACGA	Schizont	Schizont	Schizont (Liver stage)	Asexual 3	Schizont (Liver stage)	source Table S2 topcell reference similarity
D14SEQ100_GAGATGGAGCAC	Hypnozoite	Hypnozoite	Hypnozoite	Asexual 1	Hypnozoite	source State
D14SEQ100_GATATGAAGCAC	Hypnozoite	Hypnozoite	Hypnozoite	Asexual 1	Hypnozoite	source State
D14SEQ100_ACAACCCAAGGC	Schizont	Schizont	Schizont (Liver stage)	Asexual 3	Schizont (Liver stage)	source Table S2 topcell reference similarity
D14SEQ100_GAACCCGTACGA	Schizont	Schizont	Schizont (Liver stage)	Asexual 3	Schizont (Liver stage)	source Table S2 topcell reference similarity
D14SEQ100_TCCGCGATTGAG	Trophozoite	Trophozoite	Trophozoite	Asexual 1	Trophozoite	source Table S2 topcell reference similarity
D14SEQ100_GAGGTGAAGCAC	Hypnozoite	Hypnozoite	Hypnozoite	Asexual 1	Hypnozoite	source State
D14SEQ100_GAACCGGTACGT	Schizont	Schizont	Schizont (Liver stage)	Asexual 3	Schizont (Liver stage)	source Table S2 topcell reference similarity
D14SEQ100_GAGATGAAGACC	Merozoite	Merozoite	Merozoite	Asexual 1	Merozoite	source Table S2 topcell reference similarity
D14SEQ100_TTCGCGAGTGAG	Hypnozoite	Hypnozoite	Hypnozoite	Asexual 1	Hypnozoite	source State
D14SEQ100_ACCGCGCGTGAG	Hypnozoite	Hypnozoite	Hypnozoite	Asexual 1	Hypnozoite	source State
D14SEQ100_GAGTTGAAGCAC	Hypnozoite	Hypnozoite	Hypnozoite	Asexual 1	Hypnozoite	source State
D14SEQ100_GAACCGGTACTA	Schizont	Schizont	Schizont (Liver stage)	Asexual 3	Schizont (Liver stage)	source Table S2 topcell reference similarity
D14SEQ100_GAGATGAGGCAC	Hypnozoite	Hypnozoite	Hypnozoite	Asexual 2	Hypnozoite	source State
D14SEQ100_GAGATGAATCAC	Hypnozoite	Hypnozoite	Hypnozoite	Female gametocyte	Hypnozoite	source State
D14SEQ100_GAGATGTAGCAC	Hypnozoite	Hypnozoite	Hypnozoite	Asexual 1	Hypnozoite	source State
D14SEQ100_GAACCGGTACGC	Schizont	Schizont	Schizont (Liver stage)	Asexual 3	Schizont (Liver stage)	source Table S2 topcell reference similarity
D14SEQ100_AAACCGGTACGA	Merozoite	Merozoite	Merozoite	Asexual 3	Merozoite	source Table S2 topcell reference similarity
D14SEQ100_CTACAGCCCGCA	Schizont	Schizont	Schizont (Liver stage)	Asexual 3	Schizont (Liver stage)	source Table S2 topcell reference similarity
D14SEQ100_TCCGAGAGTGAG	Hypnozoite	Hypnozoite	Hypnozoite	Asexual 1	Hypnozoite	source State
D14SEQ100_GAGATGACGCAC	Hypnozoite	Hypnozoite	Hypnozoite	Asexual 1	Hypnozoite	source State
D14SEQ100_GAGACGAAGCAC	Hypnozoite	Hypnozoite	Hypnozoite	Asexual 1	Hypnozoite	source State
D14SEQ100_GACCCGGTACGA	Schizont	Schizont	Schizont (Liver stage)	Asexual 3	Schizont (Liver stage)	source Table S2 topcell reference similarity
D14SEQ100_TACGCGAGTGAG	Hypnozoite	Hypnozoite	Hypnozoite	Asexual 1	Hypnozoite	source State
D14SEQ100_GAACCGGTATGA	Schizont	Schizont	Schizont (Liver stage)	Asexual 3	Schizont (Liver stage)	source Table S2 topcell reference similarity
D14SEQ100_TCCGCGGGTGAG	Hypnozoite	Hypnozoite	Hypnozoite	Asexual 1	Hypnozoite	source State
D14SEQ100_GCTTTTGTATTA	EEF	EEF	EEF	Asexual 1	EEF	source Table S2 topcell reference similarity
D14SEQ100_GTACCGGTACGA	Schizont	Schizont	Schizont (Liver stage)	Asexual 3	Schizont (Liver stage)	source Table S2 topcell reference similarity
D14SEQ100_GAGATGAAGGAC	Hypnozoite	Hypnozoite	Hypnozoite	Asexual 1	Hypnozoite	source State
D14SEQ100_ACCGCGAGTGCG	Hypnozoite	Hypnozoite	Hypnozoite	Asexual 1	Hypnozoite	source State
D14SEQ100_GAACCAGTACGA	Schizont	Schizont	Schizont (Liver stage)	Asexual 3	Schizont (Liver stage)	source Table S2 topcell reference similarity
D14SEQ100_TCCGCGTGTGAG	Hypnozoite	Hypnozoite	Hypnozoite	Asexual 1	Hypnozoite	source State
D14SEQ100_CAGATGCAGCAC	Hypnozoite	Hypnozoite	Hypnozoite	Asexual 1	Hypnozoite	source State
D14SEQ100_AAGCTGAAGCAC	Hypnozoite	Hypnozoite	Hypnozoite	Asexual 1	Hypnozoite	source State
D14SEQ100_GGACCGGTACGA	Merozoite	Merozoite	Merozoite	Asexual 3	Merozoite	source Table S2 topcell reference similarity
D14SEQ100_TCCTCGAGTGAG	Hypnozoite	Hypnozoite	Hypnozoite	Asexual 1	Hypnozoite	source State
D14SEQ100_GAACCGATACGA	Merozoite	Merozoite	Merozoite	Asexual 3	Merozoite	source Table S2 topcell reference similarity
D14SEQ100_GAACTGGTACGA	Schizont	Schizont	Schizont (Liver stage)	Asexual 3	Schizont (Liver stage)	source Table S2 topcell reference similarity
D14SEQ100_GAGATGATGCAC	Hypnozoite	Hypnozoite	Hypnozoite	Asexual 1	Hypnozoite	source State
D14SEQ100_GAACCGGAACGA	Schizont	Schizont	Schizont (Liver stage)	Asexual 3	Schizont (Liver stage)	source Table S2 topcell reference similarity
D14SEQ100_GAGATTAAGCAC	Hypnozoite	Hypnozoite	Hypnozoite	Asexual 2	Hypnozoite	source State
D14SEQ100_CAGATGAAGCCC	Hypnozoite	Hypnozoite	Hypnozoite	Asexual 1	Hypnozoite	source State
D14SEQ100_GAGAGGAAGCAC	Hypnozoite	Hypnozoite	Hypnozoite	Asexual 4	Hypnozoite	source State
D14SEQ100_TCCGCGAGCGAG	Hypnozoite	Hypnozoite	Hypnozoite	Asexual 1	Hypnozoite	source State
D14SEQ100_GCACCGGTACGA	Schizont	Schizont	Schizont (Liver stage)	Asexual 3	Schizont (Liver stage)	source Table S2 topcell reference similarity
D14SEQ100_GAACCGGTACGG	Schizont	Schizont	Schizont (Liver stage)	Asexual 3	Schizont (Liver stage)	source Table S2 topcell reference similarity
D14SEQ100_AAGATGCAGCAC	Hypnozoite	Hypnozoite	Hypnozoite	Asexual 1	Hypnozoite	source State
D14SEQ100_GCCGCGCGTGAG	Hypnozoite	Hypnozoite	Hypnozoite	Asexual 1	Hypnozoite	source State
D14SEQ100_GATCCGGTACGA	Merozoite	Merozoite	Merozoite	Asexual 3	Merozoite	source Table S2 topcell reference similarity
D14SEQ100_TCGGCGAGTGAG	Hypnozoite	Hypnozoite	Hypnozoite	Asexual 1	Hypnozoite	source State
D14SEQ100_GAACAGGTACGA	Schizont	Schizont	Schizont (Liver stage)	Asexual 3	Schizont (Liver stage)	source Table S2 topcell reference similarity
D14SEQ100_TGCGCGAGTGAG	Trophozoite	Trophozoite	Trophozoite	Asexual 1	Trophozoite	source Table S2 topcell reference similarity
D14SEQ100_TCCGCGAGGGAG	Hypnozoite	Hypnozoite	Hypnozoite	Asexual 1	Hypnozoite	source State
D14SEQ100_GGGCTGAAGCAC	Hypnozoite	Hypnozoite	Hypnozoite	Asexual 1	Hypnozoite	source State
D14SEQ100_AAGATGAAGCCC	Hypnozoite	Hypnozoite	Hypnozoite	Asexual 1	Hypnozoite	source State
D14SEQ100_GAACCGTTACGA	Schizont	Schizont	Schizont (Liver stage)	Asexual 3	Schizont (Liver stage)	source Table S2 topcell reference similarity
D14SEQ100_GAGCCGGTACGA	Schizont	Schizont	Schizont (Liver stage)	Asexual 3	Schizont (Liver stage)	source Table S2 topcell reference similarity
D14SEQ100_GAACAGCCCGCA	Merozoite	Merozoite	Merozoite	Asexual 3	Merozoite	source Table S2 topcell reference similarity
D14SEQ100_GAACCTGTACGA	Schizont	Schizont	Schizont (Liver stage)	Asexual 3	Schizont (Liver stage)	source Table S2 topcell reference similarity
D14SEQ100_CAGCTGAAGCAC	Hypnozoite	Hypnozoite	Hypnozoite	Asexual 1	Hypnozoite	source State
D14SEQ100_GAACCGGTAAGA	Schizont	Schizont	Schizont (Liver stage)	Asexual 3	Schizont (Liver stage)	source Table S2 topcell reference similarity
D14SEQ100_TAGCTGAAGCAC	Hypnozoite	Hypnozoite	Hypnozoite	Asexual 1	Hypnozoite	source State
D14SEQ100_TCCGGGAGTGAG	Hypnozoite	Hypnozoite	Hypnozoite	Asexual 1	Hypnozoite	source State
D14SEQ100_GAAACGGTACGA	Schizont	Schizont	Schizont (Liver stage)	Asexual 3	Schizont (Liver stage)	source Table S2 topcell reference similarity
D14SEQ100_TCAACCAAAGGC	Schizont	Schizont	Schizont (Liver stage)	Asexual 3	Schizont (Liver stage)	source Table S2 topcell reference similarity
D14SEQ100_GCCGCGAGTGCG	Hypnozoite	Hypnozoite	Hypnozoite	Asexual 1	Hypnozoite	source State
D14SEQ100_GAGAAGCAGCAC	Hypnozoite	Hypnozoite	Hypnozoite	Asexual 1	Hypnozoite	source State
D14SEQ100_GAACGGGTACGA	Schizont	Schizont	Schizont (Liver stage)	Asexual 3	Schizont (Liver stage)	source Table S2 topcell reference similarity
D14SEQ100_GAGAAGAAGCCC	Hypnozoite	Hypnozoite	Hypnozoite	Asexual 1	Hypnozoite	source State
D14SEQ100_ACCGCGAGAGAG	Hypnozoite	Hypnozoite	Hypnozoite	Asexual 1	Hypnozoite	source State
D14SEQ100_GTACAGCCAGCA	Schizont	Schizont	Schizont (Liver stage)	Asexual 3	Schizont (Liver stage)	source Table S2 topcell reference similarity
D14SEQ100_GAACCGGTGCGA	Schizont	Schizont	Schizont (Liver stage)	Asexual 3	Schizont (Liver stage)	source Table S2 topcell reference similarity
D14SEQ100_GAGCAGAAGCAC	Hypnozoite	Hypnozoite	Hypnozoite	Asexual 1	Hypnozoite	source State
D14SEQ100_TAGATGCAGCAC	Hypnozoite	Hypnozoite	Hypnozoite	Asexual 1	Hypnozoite	source State
D14SEQ100_CAGAAGAAGCAC	Hypnozoite	Hypnozoite	Hypnozoite	Asexual 1	Hypnozoite	source State
D14SEQ100_ACCGCGAGTCAG	Hypnozoite	Hypnozoite	Hypnozoite	Asexual 1	Hypnozoite	source State
D14SEQ100_CAATGATATGAC	Schizont	Schizont	Schizont (Liver stage)	Asexual 3	Schizont (Liver stage)	source Table S2 topcell reference similarity
D14SEQ100_GAACCGGCACGA	Schizont	Schizont	Schizont (Liver stage)	Asexual 3	Schizont (Liver stage)	source Table S2 topcell reference similarity
D14SEQ100_ACCCCGAGTGAG	Hypnozoite	Hypnozoite	Hypnozoite	Asexual 1	Hypnozoite	source State
D14SEQ100_CAGATCAAGCAC	Hypnozoite	Hypnozoite	Hypnozoite	Asexual 1	Hypnozoite	source State
D14SEQ100_GCAACCCAAGGC	Schizont	Schizont	Schizont (Liver stage)	Asexual 3	Schizont (Liver stage)	source Table S2 topcell reference similarity
D14SEQ100_TAAACCCAAGGC	Schizont	Schizont	Schizont (Liver stage)	Asexual 3	Schizont (Liver stage)	source Table S2 topcell reference similarity
D14SEQ100_TCAACACAAGGC	Schizont	Schizont	Schizont (Liver stage)	Asexual 3	Schizont (Liver stage)	source Table S2 topcell reference similarity
D14SEQ100_ACCGCGACTGAG	Hypnozoite	Hypnozoite	Hypnozoite	Asexual 1	Hypnozoite	source State
D14SEQ100_CACATGAAGCAC	Hypnozoite	Hypnozoite	Hypnozoite	Asexual 1	Hypnozoite	source State
D14SEQ100_TCCGCGCGAGAG	Hypnozoite	Hypnozoite	Hypnozoite	Asexual 1	Hypnozoite	source State
D14SEQ100_TAGATGAAGCCC	Ring	Ring	Ring	Asexual 1	Ring	source Table S2 topcell reference similarity
D14SEQ100_TCAGCGCGTGAG	Hypnozoite	Hypnozoite	Hypnozoite	Asexual 1	Hypnozoite	source State
D14SEQ100_GACAAGAAGCAC	Hypnozoite	Hypnozoite	Hypnozoite	Asexual 1	Hypnozoite	source State
D14SEQ100_ACCGCCAGTGAG	Hypnozoite	Hypnozoite	Hypnozoite	Asexual 1	Hypnozoite	source State
D14SEQ100_GAACCGGGACGA	Schizont	Schizont	Schizont (Liver stage)	Asexual 3	Schizont (Liver stage)	source Table S2 topcell reference similarity
D14SEQ100_GAGAACAAGCAC	Ring	Ring	Ring	Asexual 1	Ring	source Table S2 topcell reference similarity
D1SEQ100_GGTGCCCGGGGG.1	NA	NA	Female gametocyte	Female gametocyte	Female gametocyte	PlaViSca fallback (IDC or cluster prediction)
D1SEQ100_ACTCATGAAACG.1	NA	NA	Schizont (Liver stage)	Asexual 4	Schizont (Liver stage)	PlaViSca fallback (IDC or cluster prediction)
D1SEQ100_CCGTCGCTAACA.1	NA	NA	Female gametocyte	Female gametocyte	Female gametocyte	PlaViSca fallback (IDC or cluster prediction)
D1SEQ100_CGCGCGATCTCA	EEF	EEF	EEF	Female gametocyte	EEF	source Table S2 topcell reference similarity
D1SEQ100_TGTGCTGAGTGA.1	NA	NA	Female gametocyte	Female gametocyte	Female gametocyte	PlaViSca fallback (IDC or cluster prediction)
D1SEQ100_TTAGCCAAGGAT.1	NA	NA	Female gametocyte	Female gametocyte	Female gametocyte	PlaViSca fallback (IDC or cluster prediction)
D1SEQ100_TGCCAGTTTCCA.1	NA	NA	Schizont (Liver stage)	Asexual 1	Schizont (Liver stage)	PlaViSca fallback (IDC or cluster prediction)
D1SEQ100_TACGGATTTGTC	Merozoite	Merozoite	Merozoite	Asexual 1	Merozoite	source Table S2 topcell reference similarity
D1SEQ100_GGAATCACCACA.1	NA	NA	Schizont (Liver stage)	Asexual 1	Schizont (Liver stage)	PlaViSca fallback (IDC or cluster prediction)
D1SEQ100_CAGAGCCGGGGT.1	NA	NA	Merozoite	Asexual 1	Merozoite	PlaViSca fallback (IDC or cluster prediction)
D1SEQ100_TCCCCCCTCAGT	EEF	EEF	EEF	Asexual 2	EEF	source Table S2 topcell reference similarity
D1SEQ100_CTGGTGCCGGTC	Female gametocyte	Female gametocyte	Female gametocyte	Asexual 1	Female gametocyte	source Table S2 topcell reference similarity
D1SEQ100_CACCCTTTGATG	Merozoite	Merozoite	Merozoite	Asexual 1	Merozoite	source Table S2 topcell reference similarity
D1SEQ100_GTAACATTCTTA.1	NA	NA	Schizont (Liver stage)	Asexual 1	Schizont (Liver stage)	PlaViSca fallback (IDC or cluster prediction)
D5SEQ50_CAAAGGATGTCG.1	NA	NA	Trophozoite	Asexual 1	Trophozoite	PlaViSca fallback (IDC or cluster prediction)
D5SEQ100_TCTTCGAGATCC.1	NA	NA	Trophozoite	Asexual 1	Trophozoite	PlaViSca fallback (IDC or cluster prediction)
D11SEQ100_ATCTCGCAGCGA.1	NA	NA	Schizont (Liver stage)	Asexual 6	Schizont (Liver stage)	PlaViSca fallback (IDC or cluster prediction)
D14SEQ100_TCCGCGAGTAAG.1	NA	NA	Schizont (Liver stage)	Asexual 1	Schizont (Liver stage)	PlaViSca fallback (IDC or cluster prediction)
D8Seq1_AATTCTCCATAT	Hypnozoite	Hypnozoite	Hypnozoite	Asexual 1	Hypnozoite	source State
D8Seq1_ACGTAGCCGGAA	Trophozoite	Trophozoite	Trophozoite	Asexual 1	Trophozoite	source Table S2 topcell reference similarity
D8Seq1_AGGGGCAGAGGA	Hypnozoite	Hypnozoite	Hypnozoite	Asexual 1	Hypnozoite	source State
D8Seq1_ATCACTCCCAAA	EEF	EEF	EEF	Asexual 1	EEF	source Table S2 topcell reference similarity
D8Seq1_CTGGATTTTCAT	Ring	Ring	Ring	Asexual 1	Ring	source Table S2 topcell reference similarity
D8Seq1_CTTTTGTATTAG	EEF	EEF	EEF	Asexual 1	EEF	source Table S2 topcell reference similarity
D8Seq1_GCAATTGTATTA	EEF	EEF	EEF	Asexual 1	EEF	source Table S2 topcell reference similarity
D8Seq1_GCCTTTGTATTA	EEF	EEF	EEF	Asexual 1	EEF	source Table S2 topcell reference similarity
D8Seq1_GCTCTTGTATTA	EEF	EEF	EEF	Asexual 1	EEF	source Table S2 topcell reference similarity
D8Seq1_GCTTCTGTATTA	Trophozoite	Trophozoite	Trophozoite	Asexual 1	Trophozoite	source Table S2 topcell reference similarity
D8Seq1_GCTTTCGTATTA	EEF	EEF	EEF	Asexual 1	EEF	source Table S2 topcell reference similarity
D8Seq1_GCTTTGGTATTA	EEF	EEF	EEF	Asexual 1	EEF	source Table S2 topcell reference similarity
D8Seq1_GCTTTGTATTAA	EEF	EEF	EEF	Asexual 1	EEF	source Table S2 topcell reference similarity
D8Seq1_GCTTTGTATTAC	EEF	EEF	EEF	Asexual 1	EEF	source Table S2 topcell reference similarity
D8Seq1_GCTTTGTATTAG	EEF	EEF	EEF	Asexual 1	EEF	source Table S2 topcell reference similarity
D8Seq1_GCTTTGTATTAT	EEF	EEF	EEF	Asexual 1	EEF	source Table S2 topcell reference similarity
D8Seq1_GCTTTTATATTA	EEF	EEF	EEF	Asexual 1	EEF	source Table S2 topcell reference similarity
D8Seq1_GCTTTTGCATTA	EEF	EEF	EEF	Asexual 1	EEF	source Table S2 topcell reference similarity
D8Seq1_GCTTTTGGATTA	Trophozoite	Trophozoite	Trophozoite	Asexual 1	Trophozoite	source Table S2 topcell reference similarity
D8Seq1_GCTTTTGTACTA	EEF	EEF	EEF	Asexual 1	EEF	source Table S2 topcell reference similarity
D8Seq1_GCTTTTGTAGTA	EEF	EEF	EEF	Asexual 1	EEF	source Table S2 topcell reference similarity
D8Seq1_GCTTTTGTATAA	EEF	EEF	EEF	Asexual 1	EEF	source Table S2 topcell reference similarity
D8Seq1_GCTTTTGTATAC	EEF	EEF	EEF	Asexual 1	EEF	source Table S2 topcell reference similarity
D8Seq1_GCTTTTGTATAG	EEF	EEF	EEF	Asexual 1	EEF	source Table S2 topcell reference similarity
D8Seq1_GCTTTTGTATCA	EEF	EEF	EEF	Asexual 1	EEF	source Table S2 topcell reference similarity
D8Seq1_GCTTTTGTATGA	EEF	EEF	EEF	Asexual 1	EEF	source Table S2 topcell reference similarity
D8Seq1_GCTTTTGTATTC	EEF	EEF	EEF	Asexual 1	EEF	source Table S2 topcell reference similarity
D8Seq1_GCTTTTGTATTG	EEF	EEF	EEF	Asexual 1	EEF	source Table S2 topcell reference similarity
D8Seq1_GCTTTTGTATTT	EEF	EEF	EEF	Asexual 1	EEF	source Table S2 topcell reference similarity
D8Seq1_GCTTTTGTCTTA	EEF	EEF	EEF	Asexual 1	EEF	source Table S2 topcell reference similarity
D8Seq1_GCTTTTGTGTTA	EEF	EEF	EEF	Asexual 1	EEF	source Table S2 topcell reference similarity
D8Seq1_GCTTTTGTTTTA	EEF	EEF	EEF	Asexual 1	EEF	source Table S2 topcell reference similarity
D8Seq1_GCTTTTTATTAG	EEF	EEF	EEF	Asexual 1	EEF	source Table S2 topcell reference similarity
D8Seq1_GCTTTTTTATTA	EEF	EEF	EEF	Asexual 1	EEF	source Table S2 topcell reference similarity
D8Seq1_GTTTTTGTATTA	EEF	EEF	EEF	Asexual 1	EEF	source Table S2 topcell reference similarity
D8Seq1_TCGTAGCCGGCA	Trophozoite	Trophozoite	Trophozoite	Asexual 1	Trophozoite	source Table S2 topcell reference similarity
D8Seq1_TGGGGCAGAGGA	Hypnozoite	Hypnozoite	Hypnozoite	Female gametocyte	Hypnozoite	source State
D11Seq1_ACCGCAGCCACA	Schizont	Schizont	Schizont (Liver stage)	Asexual 3	Schizont (Liver stage)	source Table S2 topcell reference similarity
D11Seq1_ACGTGACACACG	Schizont	Schizont	Schizont (Liver stage)	Asexual 3	Schizont (Liver stage)	source Table S2 topcell reference similarity
D11Seq1_ACTATGTGTGGC	Schizont	Schizont	Schizont (Liver stage)	Asexual 3	Schizont (Liver stage)	source Table S2 topcell reference similarity
D11Seq1_ATTAAGCAGGCC	Schizont	Schizont	Schizont (Liver stage)	Asexual 3	Schizont (Liver stage)	source Table S2 topcell reference similarity
D11Seq1_CAAGTGTCTTAC	Schizont	Schizont	Schizont (Liver stage)	Asexual 3	Schizont (Liver stage)	source Table S2 topcell reference similarity
D11Seq1_CCGGATTGGTTA	Schizont	Schizont	Schizont (Liver stage)	Asexual 2	Schizont (Liver stage)	source Table S2 topcell reference similarity
D11Seq1_CGCTGGCAGAGT	Schizont	Schizont	Schizont (Liver stage)	Asexual 3	Schizont (Liver stage)	source Table S2 topcell reference similarity
D11Seq1_CGTACGCCGTGG	Schizont	Schizont	Schizont (Liver stage)	Asexual 3	Schizont (Liver stage)	source Table S2 topcell reference similarity
D11Seq1_CGTCGCATTACA	Schizont	Schizont	Schizont (Liver stage)	Asexual 3	Schizont (Liver stage)	source Table S2 topcell reference similarity
D11Seq1_CGTTCTGCCGCA	Male gametocyte	Male gametocyte	Male gametocyte	Asexual 1	Male gametocyte	source Table S2 topcell reference similarity
D11Seq1_CTCTGTGCCTAG	Schizont	Schizont	Schizont (Liver stage)	Asexual 3	Schizont (Liver stage)	source Table S2 topcell reference similarity
D11Seq1_GATGTCCGTAGC	Schizont	Schizont	Schizont (Liver stage)	Asexual 1	Schizont (Liver stage)	source Table S2 topcell reference similarity
D11Seq1_GCAGCAATGTAC	Schizont	Schizont	Schizont (Liver stage)	Asexual 3	Schizont (Liver stage)	source Table S2 topcell reference similarity
D11Seq1_GGAGCCCATGTT	Schizont	Schizont	Schizont (Liver stage)	Asexual 3	Schizont (Liver stage)	source Table S2 topcell reference similarity
D11Seq1_GGATCTAGATAC	Schizont	Schizont	Schizont (Liver stage)	Asexual 3	Schizont (Liver stage)	source Table S2 topcell reference similarity
D11Seq1_GGCAGCGCAGAG	Schizont	Schizont	Schizont (Liver stage)	Asexual 3	Schizont (Liver stage)	source Table S2 topcell reference similarity
D11Seq1_GGTCCCCGGGTG	Schizont	Schizont	Schizont (Liver stage)	Asexual 6	Schizont (Liver stage)	source Table S2 topcell reference similarity
D11Seq1_GGTCGCAGCCGG	Schizont	Schizont	Schizont (Liver stage)	Asexual 2	Schizont (Liver stage)	source Table S2 topcell reference similarity
D11Seq1_GTACACCTGTTG	Schizont	Schizont	Schizont (Liver stage)	Asexual 3	Schizont (Liver stage)	source Table S2 topcell reference similarity
D11Seq1_GTCAAGATTACC	Schizont	Schizont	Schizont (Liver stage)	Asexual 3	Schizont (Liver stage)	source Table S2 topcell reference similarity
D11Seq1_GTTAGGGTGTAG	Male gametocyte	Male gametocyte	Male gametocyte	Asexual 4	Male gametocyte	source Table S2 topcell reference similarity
D11Seq1_TTGGTTAGGCAG	Male gametocyte	Male gametocyte	Male gametocyte	Asexual 1	Male gametocyte	source Table S2 topcell reference similarity
D11Seq1_TTTCCATAGAAC	Schizont	Schizont	Schizont (Liver stage)	Asexual 3	Schizont (Liver stage)	source Table S2 topcell reference similarity
D11pSeq2_AACAATCATATG	Schizont	Schizont	Schizont (Liver stage)	Asexual 2	Schizont (Liver stage)	source Table S2 topcell reference similarity
D11pSeq2_ACTATCGCATAT	EEF	EEF	EEF	Asexual 1	EEF	source Table S2 topcell reference similarity
D11pSeq2_AGCCGGGCATGC	Hypnozoite	Hypnozoite	Hypnozoite	Asexual 1	Hypnozoite	source State
D11pSeq2_AGCGGTATATCG	Male gametocyte	Male gametocyte	Male gametocyte	Asexual 4	Male gametocyte	source Table S2 topcell reference similarity
D11pSeq2_ATGCATGCCGAC	Schizont	Schizont	Schizont (Liver stage)	Asexual 2	Schizont (Liver stage)	source Table S2 topcell reference similarity
D11pSeq2_CAAGGATAAACA	Schizont	Schizont	Schizont (Liver stage)	Asexual 2	Schizont (Liver stage)	source Table S2 topcell reference similarity
D11pSeq2_CAGCATGCCGAC	Schizont	Schizont	Schizont (Liver stage)	Asexual 2	Schizont (Liver stage)	source Table S2 topcell reference similarity
D11pSeq2_CATCACCGGGTA	Schizont	Schizont	Schizont (Liver stage)	Asexual 2	Schizont (Liver stage)	source Table S2 topcell reference similarity
D11pSeq2_CCAGAGCGTGAG	EEF	EEF	EEF	Asexual 3	EEF	source Table S2 topcell reference similarity
D11pSeq2_CCGAGATTACTA	Schizont	Schizont	Schizont (Liver stage)	Asexual 2	Schizont (Liver stage)	source Table S2 topcell reference similarity
D11pSeq2_CCGCATGCCGAC	Schizont	Schizont	Schizont (Liver stage)	Asexual 2	Schizont (Liver stage)	source Table S2 topcell reference similarity
D11pSeq2_CCGGTGAGAGTA	EEF	EEF	EEF	Asexual 2	EEF	source Table S2 topcell reference similarity
D11pSeq2_CGCCGGGCATGC	Hypnozoite	Hypnozoite	Hypnozoite	Female gametocyte	Hypnozoite	source State
D11pSeq2_CGGCATGCCGAC	Schizont	Schizont	Schizont (Liver stage)	Asexual 2	Schizont (Liver stage)	source Table S2 topcell reference similarity
D11pSeq2_CGGGAACACTCT	Schizont	Schizont	Schizont (Liver stage)	Asexual 2	Schizont (Liver stage)	source Table S2 topcell reference similarity
D11pSeq2_CGGGACCACTCT	EEF	EEF	EEF	Asexual 2	EEF	source Table S2 topcell reference similarity
D11pSeq2_CTACATGCCGAC	Schizont	Schizont	Schizont (Liver stage)	Asexual 2	Schizont (Liver stage)	source Table S2 topcell reference similarity
D11pSeq2_CTCCATGCCGAC	Schizont	Schizont	Schizont (Liver stage)	Asexual 2	Schizont (Liver stage)	source Table S2 topcell reference similarity
D11pSeq2_CTCGGCGAGGTN	Schizont	Schizont	Schizont (Liver stage)	Asexual 6	Schizont (Liver stage)	source Table S2 topcell reference similarity
D11pSeq2_CTGAATGCCGAC	Schizont	Schizont	Schizont (Liver stage)	Asexual 2	Schizont (Liver stage)	source Table S2 topcell reference similarity
D11pSeq2_CTGCAAGCCGAC	Schizont	Schizont	Schizont (Liver stage)	Asexual 2	Schizont (Liver stage)	source Table S2 topcell reference similarity
D11pSeq2_CTGCAGGCCGAC	Schizont	Schizont	Schizont (Liver stage)	Asexual 2	Schizont (Liver stage)	source Table S2 topcell reference similarity
D11pSeq2_CTGCATACCGAC	Schizont	Schizont	Schizont (Liver stage)	Asexual 2	Schizont (Liver stage)	source Table S2 topcell reference similarity
D11pSeq2_CTGCATCCCGAC	Schizont	Schizont	Schizont (Liver stage)	Asexual 2	Schizont (Liver stage)	source Table S2 topcell reference similarity
D11pSeq2_CTGCATGACGAC	Schizont	Schizont	Schizont (Liver stage)	Asexual 2	Schizont (Liver stage)	source Table S2 topcell reference similarity
D11pSeq2_CTGCATGCAGAC	EEF	EEF	EEF	Asexual 2	EEF	source Table S2 topcell reference similarity
D11pSeq2_CTGCATGCCAAC	Schizont	Schizont	Schizont (Liver stage)	Asexual 2	Schizont (Liver stage)	source Table S2 topcell reference similarity
D11pSeq2_CTGCATGCCCAC	Schizont	Schizont	Schizont (Liver stage)	Asexual 2	Schizont (Liver stage)	source Table S2 topcell reference similarity
D11pSeq2_CTGCATGCCGAA	Schizont	Schizont	Schizont (Liver stage)	Asexual 2	Schizont (Liver stage)	source Table S2 topcell reference similarity
D11pSeq2_CTGCATGCCGAT	Schizont	Schizont	Schizont (Liver stage)	Asexual 2	Schizont (Liver stage)	source Table S2 topcell reference similarity
D11pSeq2_CTGCATGCCGCC	Schizont	Schizont	Schizont (Liver stage)	Asexual 2	Schizont (Liver stage)	source Table S2 topcell reference similarity
D11pSeq2_CTGCATGCCTAC	Schizont	Schizont	Schizont (Liver stage)	Asexual 2	Schizont (Liver stage)	source Table S2 topcell reference similarity
D11pSeq2_CTGCATGCTGAC	Schizont	Schizont	Schizont (Liver stage)	Asexual 2	Schizont (Liver stage)	source Table S2 topcell reference similarity
D11pSeq2_CTGCATGTCGAC	Schizont	Schizont	Schizont (Liver stage)	Asexual 2	Schizont (Liver stage)	source Table S2 topcell reference similarity
D11pSeq2_CTGCATTCCGAC	Schizont	Schizont	Schizont (Liver stage)	Asexual 2	Schizont (Liver stage)	source Table S2 topcell reference similarity
D11pSeq2_CTGCGTGCCGAC	Schizont	Schizont	Schizont (Liver stage)	Asexual 2	Schizont (Liver stage)	source Table S2 topcell reference similarity
D11pSeq2_CTGGATGCCGAC	Schizont	Schizont	Schizont (Liver stage)	Asexual 2	Schizont (Liver stage)	source Table S2 topcell reference similarity
D11pSeq2_CTGTATGCCGAC	Schizont	Schizont	Schizont (Liver stage)	Asexual 2	Schizont (Liver stage)	source Table S2 topcell reference similarity
D11pSeq2_CTTCATGCCGAC	Schizont	Schizont	Schizont (Liver stage)	Asexual 2	Schizont (Liver stage)	source Table S2 topcell reference similarity
D11pSeq2_GACCGGGCATGC	Hypnozoite	Hypnozoite	Hypnozoite	Asexual 1	Hypnozoite	source State
D11pSeq2_GCCCGGGCATGC	Hypnozoite	Hypnozoite	Hypnozoite	Asexual 1	Hypnozoite	source State
D11pSeq2_GCGAGCTTACTA	Schizont	Schizont	Schizont (Liver stage)	Asexual 2	Schizont (Liver stage)	source Table S2 topcell reference similarity
D11pSeq2_GCGCGATTACTA	Schizont	Schizont	Schizont (Liver stage)	Asexual 2	Schizont (Liver stage)	source Table S2 topcell reference similarity
D11pSeq2_GCTATCGCATAT	Trophozoite	Trophozoite	Trophozoite	Asexual 1	Trophozoite	source Table S2 topcell reference similarity
D11pSeq2_GGCCGGACATGC	Hypnozoite	Hypnozoite	Hypnozoite	Asexual 4	Hypnozoite	source State
D11pSeq2_GGCCTGGCATGC	Hypnozoite	Hypnozoite	Hypnozoite	Asexual 1	Hypnozoite	source State
D11pSeq2_GGCGGGGCATGC	Hypnozoite	Hypnozoite	Hypnozoite	Asexual 1	Hypnozoite	source State
D11pSeq2_GGGCGGGCATGC	Hypnozoite	Hypnozoite	Hypnozoite	Asexual 4	Hypnozoite	source State
D11pSeq2_GGTCGGGCATGC	Hypnozoite	Hypnozoite	Hypnozoite	Asexual 1	Hypnozoite	source State
D11pSeq2_GTCCGGGCATGC	Hypnozoite	Hypnozoite	Hypnozoite	Asexual 1	Hypnozoite	source State
D11pSeq2_GTGCATGCCGAC	Schizont	Schizont	Schizont (Liver stage)	Asexual 2	Schizont (Liver stage)	source Table S2 topcell reference similarity
D11pSeq2_TGCCGGGCATGC	Hypnozoite	Hypnozoite	Hypnozoite	Female gametocyte	Hypnozoite	source State
D11pSeq2_TGCGGTATATCG	EEF	EEF	EEF	Female gametocyte	EEF	source Table S2 topcell reference similarity
D11pSeq2_TTGCATGCCGAC	EEF	EEF	EEF	Asexual 2	EEF	source Table S2 topcell reference similarity
D8pSeq1_AAATACCAAAAG	Hypnozoite	Hypnozoite	Hypnozoite	Asexual 1	Hypnozoite	source State
D8pSeq1_AATTTCGGCTAA	Hypnozoite	Hypnozoite	Hypnozoite	Asexual 1	Hypnozoite	source State
D8pSeq1_AATTTCGGCTAC	Hypnozoite	Hypnozoite	Hypnozoite	Asexual 2	Hypnozoite	source State
D8pSeq1_AATTTCGGCTAT	Hypnozoite	Hypnozoite	Hypnozoite	Female gametocyte	Hypnozoite	source State
D8pSeq1_ACACGGCTCTGC	Hypnozoite	Hypnozoite	Hypnozoite	Female gametocyte	Hypnozoite	source State
D8pSeq1_CAAAACCAAAAG	Hypnozoite	Hypnozoite	Hypnozoite	Female gametocyte	Hypnozoite	source State
D8pSeq1_CAACGGCTCTGC	Hypnozoite	Hypnozoite	Hypnozoite	Asexual 1	Hypnozoite	source State
D8pSeq1_CAATACAAAAAG	Hypnozoite	Hypnozoite	Hypnozoite	Asexual 2	Hypnozoite	source State
D8pSeq1_CCAAGGCTCTGC	Hypnozoite	Hypnozoite	Hypnozoite	Asexual 1	Hypnozoite	source State
D8pSeq1_CCACAGCTCTGC	Hypnozoite	Hypnozoite	Hypnozoite	Asexual 1	Hypnozoite	source State
D8pSeq1_CCACGACTCTGC	Hypnozoite	Hypnozoite	Hypnozoite	Asexual 1	Hypnozoite	source State
D8pSeq1_CCACGCCTCTGC	Hypnozoite	Hypnozoite	Hypnozoite	Asexual 1	Hypnozoite	source State
D8pSeq1_CCACGGATCTGC	Hypnozoite	Hypnozoite	Hypnozoite	Asexual 1	Hypnozoite	source State
D8pSeq1_CCACGGCACTGC	Hypnozoite	Hypnozoite	Hypnozoite	Asexual 1	Hypnozoite	source State
D8pSeq1_CCACGGCTATGC	Hypnozoite	Hypnozoite	Hypnozoite	Asexual 1	Hypnozoite	source State
D8pSeq1_CCACGGCTCAGC	Hypnozoite	Hypnozoite	Hypnozoite	Asexual 1	Hypnozoite	source State
D8pSeq1_CCACGGCTCGGC	Hypnozoite	Hypnozoite	Hypnozoite	Asexual 1	Hypnozoite	source State
D8pSeq1_CCACGGCTCTAC	Hypnozoite	Hypnozoite	Hypnozoite	Asexual 1	Hypnozoite	source State
D8pSeq1_CCACGGCTCTCC	Hypnozoite	Hypnozoite	Hypnozoite	Female gametocyte	Hypnozoite	source State
D8pSeq1_CCACGGCTCTGA	Hypnozoite	Hypnozoite	Hypnozoite	Asexual 1	Hypnozoite	source State
D8pSeq1_CCACGGCTCTGT	Hypnozoite	Hypnozoite	Hypnozoite	Asexual 1	Hypnozoite	source State
D8pSeq1_CCAGGGCTCTGC	Hypnozoite	Hypnozoite	Hypnozoite	Female gametocyte	Hypnozoite	source State
D8pSeq1_CCATGGCTCTGC	Hypnozoite	Hypnozoite	Hypnozoite	Asexual 1	Hypnozoite	source State
D8pSeq1_CCCCGGCTCTGC	Hypnozoite	Hypnozoite	Hypnozoite	Asexual 1	Hypnozoite	source State
D8pSeq1_CCGCGGCTCTGC	Hypnozoite	Hypnozoite	Hypnozoite	Asexual 1	Hypnozoite	source State
D8pSeq1_CCTCGGCTCTGC	Hypnozoite	Hypnozoite	Hypnozoite	Asexual 1	Hypnozoite	source State
D8pSeq1_CTACGGCTCTGC	Hypnozoite	Hypnozoite	Hypnozoite	Asexual 2	Hypnozoite	source State
D8pSeq1_GCACGGCTCTGC	Hypnozoite	Hypnozoite	Hypnozoite	Asexual 1	Hypnozoite	source State
D4Seq2_ACGTCCTTTCAT	EEF	EEF	EEF	Asexual 1	EEF	source Table S2 topcell reference similarity
D4Seq2_AGGTAGCAGCCA	Trophozoite	Trophozoite	Trophozoite	Female gametocyte	Trophozoite	source Table S2 topcell reference similarity
D4Seq2_AGGTATTCGCGC	EEF	EEF	EEF	Asexual 1	EEF	source Table S2 topcell reference similarity
D4Seq2_CACAGGTTGTAC	EEF	EEF	EEF	Asexual 1	EEF	source Table S2 topcell reference similarity
D4Seq2_CACTGGTTGTCC	EEF	EEF	EEF	Asexual 1	EEF	source Table S2 topcell reference similarity
D4Seq2_CGCTCCTTCGGA	Hypnozoite	Hypnozoite	Hypnozoite	Asexual 2	Hypnozoite	source State
D4Seq2_GAAGGCGAGCGT	Hypnozoite	Hypnozoite	Hypnozoite	Asexual 1	Hypnozoite	source State
D4Seq2_GCGTCCTTTCAT	Hypnozoite	Hypnozoite	Hypnozoite	Asexual 1	Hypnozoite	source State
D4Seq2_GCTGAGTTTCGG	EEF	EEF	EEF	Asexual 1	EEF	source Table S2 topcell reference similarity
D4Seq2_GCTTGACTAGGT	EEF	EEF	EEF	Female gametocyte	EEF	source Table S2 topcell reference similarity
D4Seq2_GCTTGCATAGGT	EEF	EEF	EEF	Asexual 1	EEF	source Table S2 topcell reference similarity
D4Seq2_GGACTGTTATCT	EEF	EEF	EEF	Asexual 1	EEF	source Table S2 topcell reference similarity
D4Seq2_GGCGCACATTTN	Hypnozoite	Hypnozoite	Hypnozoite	Asexual 1	Hypnozoite	source State
D4Seq2_GGGTAGAAGCCA	EEF	EEF	EEF	Asexual 1	EEF	source Table S2 topcell reference similarity
D4Seq2_GGGTATTCGCGC	Hypnozoite	Hypnozoite	Hypnozoite	Asexual 1	Hypnozoite	source State
D4Seq2_GTACTCCACAGG	Hypnozoite	Hypnozoite	Hypnozoite	Asexual 1	Hypnozoite	source State
D4Seq2_TCGTCCTTTCCT	EEF	EEF	EEF	Asexual 2	EEF	source Table S2 topcell reference similarity
D4Seq1_AAAACTCAAGTA	EEF	EEF	EEF	Asexual 1	EEF	source Table S2 topcell reference similarity
D4Seq1_AAACATCAAGTA	EEF	EEF	EEF	Asexual 1	EEF	source Table S2 topcell reference similarity
D4Seq1_AAACCACAAGTA	EEF	EEF	EEF	Asexual 1	EEF	source Table S2 topcell reference similarity
D4Seq1_AAACCTAAAGTA	EEF	EEF	EEF	Asexual 1	EEF	source Table S2 topcell reference similarity
D4Seq1_AAACCTCAACTA	EEF	EEF	EEF	Asexual 1	EEF	source Table S2 topcell reference similarity
D4Seq1_AAACCTCAAGAA	EEF	EEF	EEF	Asexual 1	EEF	source Table S2 topcell reference similarity
D4Seq1_AAACCTCAATTA	Trophozoite	Trophozoite	Trophozoite	Asexual 1	Trophozoite	source Table S2 topcell reference similarity
D4Seq1_AAACCTCGAGTA	EEF	EEF	EEF	Asexual 1	EEF	source Table S2 topcell reference similarity
D4Seq1_AAACGTCAAGTA	EEF	EEF	EEF	Female gametocyte	EEF	source Table S2 topcell reference similarity
D4Seq1_AAAGCTCAAGTA	Trophozoite	Trophozoite	Trophozoite	Asexual 1	Trophozoite	source Table S2 topcell reference similarity
D4Seq1_AACCCTCAAGTA	Trophozoite	Trophozoite	Trophozoite	Asexual 1	Trophozoite	source Table S2 topcell reference similarity
D4Seq1_AAGCCTCAAGTA	EEF	EEF	EEF	Asexual 1	EEF	source Table S2 topcell reference similarity
D4Seq1_AATCTGCCGGGT	EEF	EEF	EEF	Asexual 1	EEF	source Table S2 topcell reference similarity
D4Seq1_ACGCGCCGTGGT	EEF	EEF	EEF	Asexual 1	EEF	source Table S2 topcell reference similarity
D4Seq1_ACTGAGTTTCGG	EEF	EEF	EEF	Asexual 1	EEF	source Table S2 topcell reference similarity
D4Seq1_ATACTGCCGGGT	EEF	EEF	EEF	Asexual 1	EEF	source Table S2 topcell reference similarity
D4Seq1_ATATCACTGGCT	Trophozoite	Trophozoite	Trophozoite	Asexual 1	Trophozoite	source Table S2 topcell reference similarity
D4Seq1_ATGACGGGCAGA	EEF	EEF	EEF	Asexual 2	EEF	source Table S2 topcell reference similarity
D4Seq1_ATGCTGCCGGGT	Trophozoite	Trophozoite	Trophozoite	Asexual 1	Trophozoite	source Table S2 topcell reference similarity
D4Seq1_ATTATGCCGGGT	EEF	EEF	EEF	Asexual 1	EEF	source Table S2 topcell reference similarity
D4Seq1_ATTCAGCCGGGT	EEF	EEF	EEF	Asexual 1	EEF	source Table S2 topcell reference similarity
D4Seq1_ATTCGGCCGGGT	EEF	EEF	EEF	Asexual 1	EEF	source Table S2 topcell reference similarity
D4Seq1_ATTCTGACGGGT	EEF	EEF	EEF	Asexual 1	EEF	source Table S2 topcell reference similarity
D4Seq1_ATTCTGCCCGGT	Trophozoite	Trophozoite	Trophozoite	Asexual 1	Trophozoite	source Table S2 topcell reference similarity
D4Seq1_ATTCTGCCGCGT	Trophozoite	Trophozoite	Trophozoite	Asexual 1	Trophozoite	source Table S2 topcell reference similarity
D4Seq1_ATTCTGCCGGCT	EEF	EEF	EEF	Asexual 1	EEF	source Table S2 topcell reference similarity
D4Seq1_ATTCTGCCGGGG	EEF	EEF	EEF	Asexual 1	EEF	source Table S2 topcell reference similarity
D4Seq1_ATTCTGTCGGGT	Merozoite	Merozoite	Merozoite	Asexual 1	Merozoite	source Table S2 topcell reference similarity
D4Seq1_ATTGTGCCGGGT	EEF	EEF	EEF	Asexual 1	EEF	source Table S2 topcell reference similarity
D4Seq1_CAATTTAGTATC	Trophozoite	Trophozoite	Trophozoite	Asexual 1	Trophozoite	source Table S2 topcell reference similarity
D4Seq1_CCTGAGTTTCGG	EEF	EEF	EEF	Asexual 1	EEF	source Table S2 topcell reference similarity
D4Seq1_CGGCCTAGACAG	EEF	EEF	EEF	Asexual 1	EEF	source Table S2 topcell reference similarity
D4Seq1_GAACCTCAAGTA	EEF	EEF	EEF	Asexual 1	EEF	source Table S2 topcell reference similarity
D4Seq1_GATGAGTTTCGG	EEF	EEF	EEF	Asexual 1	EEF	source Table S2 topcell reference similarity
D4Seq1_GCAGAGTTTCGG	EEF	EEF	EEF	Asexual 1	EEF	source Table S2 topcell reference similarity
D4Seq1_GCCGAGTTTCGG	EEF	EEF	EEF	Asexual 1	EEF	source Table S2 topcell reference similarity
D4Seq1_GCGCGACGTGGT	EEF	EEF	EEF	Asexual 2	EEF	source Table S2 topcell reference similarity
D4Seq1_GCGGAGTTTCGG	Trophozoite	Trophozoite	Trophozoite	Asexual 1	Trophozoite	source Table S2 topcell reference similarity
D4Seq1_GCTAAGTTTCGG	Trophozoite	Trophozoite	Trophozoite	Asexual 2	Trophozoite	source Table S2 topcell reference similarity
D4Seq1_GCTCAGTTTCGG	Trophozoite	Trophozoite	Trophozoite	Asexual 1	Trophozoite	source Table S2 topcell reference similarity
D4Seq1_GCTGAATTTCGG	EEF	EEF	EEF	Asexual 1	EEF	source Table S2 topcell reference similarity
D4Seq1_GCTGACTTTCGG	EEF	EEF	EEF	Asexual 1	EEF	source Table S2 topcell reference similarity
D4Seq1_GCTGAGATTCGG	Trophozoite	Trophozoite	Trophozoite	Asexual 1	Trophozoite	source Table S2 topcell reference similarity
D4Seq1_GCTGAGTATCGG	EEF	EEF	EEF	Asexual 1	EEF	source Table S2 topcell reference similarity
D4Seq1_GCTGAGTTACGG	EEF	EEF	EEF	Asexual 1	EEF	source Table S2 topcell reference similarity
D4Seq1_GCTGAGTTTAGG	EEF	EEF	EEF	Asexual 1	EEF	source Table S2 topcell reference similarity
D4Seq1_GCTGAGTTTCAG	EEF	EEF	EEF	Asexual 1	EEF	source Table S2 topcell reference similarity
D4Seq1_GCTGAGTTTCCG	Trophozoite	Trophozoite	Trophozoite	Female gametocyte	Trophozoite	source Table S2 topcell reference similarity
D4Seq1_GCTGAGTTTCGA	Trophozoite	Trophozoite	Trophozoite	Asexual 1	Trophozoite	source Table S2 topcell reference similarity
D4Seq1_GCTGAGTTTCGC	EEF	EEF	EEF	Asexual 2	EEF	source Table S2 topcell reference similarity
D4Seq1_GCTGAGTTTCGT	Trophozoite	Trophozoite	Trophozoite	Asexual 1	Trophozoite	source Table S2 topcell reference similarity
D4Seq1_GCTGAGTTTCTG	EEF	EEF	EEF	Asexual 1	EEF	source Table S2 topcell reference similarity
D4Seq1_GCTGAGTTTTGG	EEF	EEF	EEF	Asexual 1	EEF	source Table S2 topcell reference similarity
D4Seq1_GCTGGGTTTCGG	EEF	EEF	EEF	Asexual 1	EEF	source Table S2 topcell reference similarity
D4Seq1_GGACCGGAATGT	EEF	EEF	EEF	Asexual 1	EEF	source Table S2 topcell reference similarity
D4Seq1_GGAGCCCGTCCT	EEF	EEF	EEF	Asexual 1	EEF	source Table S2 topcell reference similarity
D4Seq1_GGGCCGGAATGT	Trophozoite	Trophozoite	Trophozoite	Asexual 1	Trophozoite	source Table S2 topcell reference similarity
D4Seq1_GGTGAGTTTCGG	EEF	EEF	EEF	Asexual 1	EEF	source Table S2 topcell reference similarity
D4Seq1_GTATCAATGGCT	EEF	EEF	EEF	Asexual 1	EEF	source Table S2 topcell reference similarity
D4Seq1_TAACCTCAAGTA	Trophozoite	Trophozoite	Trophozoite	Asexual 1	Trophozoite	source Table S2 topcell reference similarity
D4Seq1_TCTGAGTTTCGG	EEF	EEF	EEF	Asexual 2	EEF	source Table S2 topcell reference similarity
D4Seq1_TTTCTGCCGGGT	EEF	EEF	EEF	Asexual 4	EEF	source Table S2 topcell reference similarity
D4Seq1_GCTGAATTTCGG.1	NA	NA	Schizont (Liver stage)	Asexual 1	Schizont (Liver stage)	PlaViSca fallback (IDC or cluster prediction)
D5Seq1_CCCCGATTGACG	Hypnozoite	Hypnozoite	Hypnozoite	Asexual 1	Hypnozoite	source State
D5Seq2_CCCCGATTGACG	Hypnozoite	Hypnozoite	Hypnozoite	Asexual 1	Hypnozoite	source State
