author_cell_id	author_prefix	barcode	run_id	plavisca_cell_id	plavisca_present
AMRU_Ao_AAACCTGAGCTCAACT	AMRU_Ao	AAACCTGAGCTCAACT	SRR11008278	278_AAACCTGAGCTCAACT	TRUE
AMRU_Ao_AAACCTGAGTTGAGAT	AMRU_Ao	AAACCTGAGTTGAGAT	SRR11008278	278_AAACCTGAGTTGAGAT	TRUE
AMRU_Ao_AAACCTGGTCAATACC	AMRU_Ao	AAACCTGGTCAATACC	SRR11008278	278_AAACCTGGTCAATACC	TRUE
AMRU_Ao_AAACCTGGTCATATCG	AMRU_Ao	AAACCTGGTCATATCG	SRR11008278	278_AAACCTGGTCATATCG	TRUE
AMRU_Ao_AAACCTGTCTCGAGTA	AMRU_Ao	AAACCTGTCTCGAGTA	SRR11008278	278_AAACCTGTCTCGAGTA	TRUE
AMRU_Ao_AAACGGGGTTACGGAG	AMRU_Ao	AAACGGGGTTACGGAG	SRR11008278	278_AAACGGGGTTACGGAG	TRUE
AMRU_Ao_AAACGGGGTTATCCGA	AMRU_Ao	AAACGGGGTTATCCGA	SRR11008278	278_AAACGGGGTTATCCGA	TRUE
AMRU_Ao_AAAGATGAGGTGCACA	AMRU_Ao	AAAGATGAGGTGCACA	SRR11008278	278_AAAGATGAGGTGCACA	TRUE
AMRU_Ao_AAAGATGCAGTCGATT	AMRU_Ao	AAAGATGCAGTCGATT	SRR11008278	278_AAAGATGCAGTCGATT	TRUE
AMRU_Ao_AAAGATGCATCGTCGG	AMRU_Ao	AAAGATGCATCGTCGG	SRR11008278	278_AAAGATGCATCGTCGG	TRUE
AMRU_Ao_AAAGATGCATGGATGG	AMRU_Ao	AAAGATGCATGGATGG	SRR11008278	278_AAAGATGCATGGATGG	TRUE
AMRU_Ao_AAAGATGGTGCTCTTC	AMRU_Ao	AAAGATGGTGCTCTTC	SRR11008278	278_AAAGATGGTGCTCTTC	TRUE
AMRU_Ao_AAAGATGTCATGCTCC	AMRU_Ao	AAAGATGTCATGCTCC	SRR11008278	278_AAAGATGTCATGCTCC	TRUE
AMRU_Ao_AAAGATGTCTCCTATA	AMRU_Ao	AAAGATGTCTCCTATA	SRR11008278	278_AAAGATGTCTCCTATA	TRUE
AMRU_Ao_AAAGCAAAGACACTAA	AMRU_Ao	AAAGCAAAGACACTAA	SRR11008278	278_AAAGCAAAGACACTAA	TRUE
AMRU_Ao_AAAGCAAGTTAAGTAG	AMRU_Ao	AAAGCAAGTTAAGTAG	SRR11008278	278_AAAGCAAGTTAAGTAG	TRUE
AMRU_Ao_AAAGCAATCATCTGCC	AMRU_Ao	AAAGCAATCATCTGCC	SRR11008278	278_AAAGCAATCATCTGCC	TRUE
AMRU_Ao_AAAGTAGAGCTACCGC	AMRU_Ao	AAAGTAGAGCTACCGC	SRR11008278	278_AAAGTAGAGCTACCGC	TRUE
AMRU_Ao_AAAGTAGGTGGCAAAC	AMRU_Ao	AAAGTAGGTGGCAAAC	SRR11008278	278_AAAGTAGGTGGCAAAC	TRUE
AMRU_Ao_AAAGTAGGTGTCAATC	AMRU_Ao	AAAGTAGGTGTCAATC	SRR11008278	278_AAAGTAGGTGTCAATC	TRUE
AMRU_Ao_AAATGCCAGCCAGGAT	AMRU_Ao	AAATGCCAGCCAGGAT	SRR11008278	278_AAATGCCAGCCAGGAT	TRUE
AMRU_Ao_AAATGCCCATAGACTC	AMRU_Ao	AAATGCCCATAGACTC	SRR11008278	278_AAATGCCCATAGACTC	TRUE
AMRU_Ao_AAATGCCGTAGGCTGA	AMRU_Ao	AAATGCCGTAGGCTGA	SRR11008278	278_AAATGCCGTAGGCTGA	TRUE
AMRU_Ao_AAATGCCGTCCCTTGT	AMRU_Ao	AAATGCCGTCCCTTGT	SRR11008278	278_AAATGCCGTCCCTTGT	TRUE
AMRU_Ao_AAATGCCGTTGTGGCC	AMRU_Ao	AAATGCCGTTGTGGCC	SRR11008278	278_AAATGCCGTTGTGGCC	TRUE
AMRU_Ao_AAATGCCTCGGTCTAA	AMRU_Ao	AAATGCCTCGGTCTAA	SRR11008278	278_AAATGCCTCGGTCTAA	TRUE
AMRU_Ao_AACACGTAGATATGGT	AMRU_Ao	AACACGTAGATATGGT	SRR11008278	278_AACACGTAGATATGGT	TRUE
AMRU_Ao_AACACGTAGGTAGCCA	AMRU_Ao	AACACGTAGGTAGCCA	SRR11008278	278_AACACGTAGGTAGCCA	TRUE
AMRU_Ao_AACACGTAGTCACGCC	AMRU_Ao	AACACGTAGTCACGCC	SRR11008278	278_AACACGTAGTCACGCC	TRUE
AMRU_Ao_AACACGTGTCGGCACT	AMRU_Ao	AACACGTGTCGGCACT	SRR11008278	278_AACACGTGTCGGCACT	TRUE
AMRU_Ao_AACACGTGTGTGGCTC	AMRU_Ao	AACACGTGTGTGGCTC	SRR11008278	278_AACACGTGTGTGGCTC	TRUE
AMRU_Ao_AACACGTTCCAGTAGT	AMRU_Ao	AACACGTTCCAGTAGT	SRR11008278	278_AACACGTTCCAGTAGT	TRUE
AMRU_Ao_AACACGTTCGTCCGTT	AMRU_Ao	AACACGTTCGTCCGTT	SRR11008278	278_AACACGTTCGTCCGTT	TRUE
AMRU_Ao_AACCATGAGTTTAGGA	AMRU_Ao	AACCATGAGTTTAGGA	SRR11008278	278_AACCATGAGTTTAGGA	TRUE
AMRU_Ao_AACCATGCACGAAACG	AMRU_Ao	AACCATGCACGAAACG	SRR11008278	278_AACCATGCACGAAACG	TRUE
AMRU_Ao_AACCGCGAGATATACG	AMRU_Ao	AACCGCGAGATATACG	SRR11008278	278_AACCGCGAGATATACG	TRUE
AMRU_Ao_AACCGCGCATGCTAGT	AMRU_Ao	AACCGCGCATGCTAGT	SRR11008278	278_AACCGCGCATGCTAGT	TRUE
AMRU_Ao_AACGTTGAGTGTCTCA	AMRU_Ao	AACGTTGAGTGTCTCA	SRR11008278	278_AACGTTGAGTGTCTCA	TRUE
AMRU_Ao_AACTCCCCACCGAAAG	AMRU_Ao	AACTCCCCACCGAAAG	SRR11008278	278_AACTCCCCACCGAAAG	TRUE
AMRU_Ao_AACTCCCGTATAGGGC	AMRU_Ao	AACTCCCGTATAGGGC	SRR11008278	278_AACTCCCGTATAGGGC	TRUE
AMRU_Ao_AACTCCCTCACATGCA	AMRU_Ao	AACTCCCTCACATGCA	SRR11008278	278_AACTCCCTCACATGCA	TRUE
AMRU_Ao_AACTCTTCAACTGCTA	AMRU_Ao	AACTCTTCAACTGCTA	SRR11008278	278_AACTCTTCAACTGCTA	TRUE
AMRU_Ao_AACTCTTTCACTATTC	AMRU_Ao	AACTCTTTCACTATTC	SRR11008278	278_AACTCTTTCACTATTC	TRUE
AMRU_Ao_AACTGGTCAAGCTGAG	AMRU_Ao	AACTGGTCAAGCTGAG	SRR11008278	278_AACTGGTCAAGCTGAG	TRUE
AMRU_Ao_AACTGGTGTGCGAAAC	AMRU_Ao	AACTGGTGTGCGAAAC	SRR11008278	278_AACTGGTGTGCGAAAC	TRUE
AMRU_Ao_AACTGGTGTGTGACCC	AMRU_Ao	AACTGGTGTGTGACCC	SRR11008278	278_AACTGGTGTGTGACCC	TRUE
AMRU_Ao_AACTGGTTCATGCTCC	AMRU_Ao	AACTGGTTCATGCTCC	SRR11008278	278_AACTGGTTCATGCTCC	TRUE
AMRU_Ao_AACTGGTTCTGCGACG	AMRU_Ao	AACTGGTTCTGCGACG	SRR11008278	278_AACTGGTTCTGCGACG	TRUE
AMRU_Ao_AACTGGTTCTGTCAAG	AMRU_Ao	AACTGGTTCTGTCAAG	SRR11008278	278_AACTGGTTCTGTCAAG	TRUE
AMRU_Ao_AACTTTCAGGTGATTA	AMRU_Ao	AACTTTCAGGTGATTA	SRR11008278	278_AACTTTCAGGTGATTA	TRUE
AMRU_Ao_AACTTTCCAATCTACG	AMRU_Ao	AACTTTCCAATCTACG	SRR11008278	278_AACTTTCCAATCTACG	TRUE
AMRU_Ao_AACTTTCCATATGAGA	AMRU_Ao	AACTTTCCATATGAGA	SRR11008278	278_AACTTTCCATATGAGA	TRUE
AMRU_Ao_AAGACCTAGGAGTACC	AMRU_Ao	AAGACCTAGGAGTACC	SRR11008278	278_AAGACCTAGGAGTACC	TRUE
AMRU_Ao_AAGACCTCACTTAAGC	AMRU_Ao	AAGACCTCACTTAAGC	SRR11008278	278_AAGACCTCACTTAAGC	TRUE
AMRU_Ao_AAGACCTCATCCCATC	AMRU_Ao	AAGACCTCATCCCATC	SRR11008278	278_AAGACCTCATCCCATC	TRUE
AMRU_Ao_AAGACCTCATTCCTGC	AMRU_Ao	AAGACCTCATTCCTGC	SRR11008278	278_AAGACCTCATTCCTGC	TRUE
AMRU_Ao_AAGACCTTCAGCGATT	AMRU_Ao	AAGACCTTCAGCGATT	SRR11008278	278_AAGACCTTCAGCGATT	TRUE
AMRU_Ao_AAGCCGCAGCCGGTAA	AMRU_Ao	AAGCCGCAGCCGGTAA	SRR11008278	278_AAGCCGCAGCCGGTAA	TRUE
AMRU_Ao_AAGCCGCTCAAGATCC	AMRU_Ao	AAGCCGCTCAAGATCC	SRR11008278	278_AAGCCGCTCAAGATCC	TRUE
AMRU_Ao_AAGCCGCTCGCCAAAT	AMRU_Ao	AAGCCGCTCGCCAAAT	SRR11008278	278_AAGCCGCTCGCCAAAT	TRUE
AMRU_Ao_AAGGAGCAGGTCGGAT	AMRU_Ao	AAGGAGCAGGTCGGAT	SRR11008278	278_AAGGAGCAGGTCGGAT	TRUE
AMRU_Ao_AAGGAGCCAAGGTTTC	AMRU_Ao	AAGGAGCCAAGGTTTC	SRR11008278	278_AAGGAGCCAAGGTTTC	TRUE
AMRU_Ao_AAGGAGCTCCCAAGAT	AMRU_Ao	AAGGAGCTCCCAAGAT	SRR11008278	278_AAGGAGCTCCCAAGAT	TRUE
AMRU_Ao_AAGGCAGAGTGCCATT	AMRU_Ao	AAGGCAGAGTGCCATT	SRR11008278	278_AAGGCAGAGTGCCATT	TRUE
AMRU_Ao_AAGGCAGGTCCGAACC	AMRU_Ao	AAGGCAGGTCCGAACC	SRR11008278	278_AAGGCAGGTCCGAACC	TRUE
AMRU_Ao_AAGGCAGGTCCGAAGA	AMRU_Ao	AAGGCAGGTCCGAAGA	SRR11008278	278_AAGGCAGGTCCGAAGA	TRUE
AMRU_Ao_AAGGTTCAGAAACCTA	AMRU_Ao	AAGGTTCAGAAACCTA	SRR11008278	278_AAGGTTCAGAAACCTA	TRUE
AMRU_Ao_AAGGTTCAGCACACAG	AMRU_Ao	AAGGTTCAGCACACAG	SRR11008278	278_AAGGTTCAGCACACAG	TRUE
AMRU_Ao_AAGGTTCGTCACACGC	AMRU_Ao	AAGGTTCGTCACACGC	SRR11008278	278_AAGGTTCGTCACACGC	TRUE
AMRU_Ao_AAGGTTCTCAGTCAGT	AMRU_Ao	AAGGTTCTCAGTCAGT	SRR11008278	278_AAGGTTCTCAGTCAGT	TRUE
AMRU_Ao_AAGGTTCTCCGAAGAG	AMRU_Ao	AAGGTTCTCCGAAGAG	SRR11008278	278_AAGGTTCTCCGAAGAG	TRUE
AMRU_Ao_AAGGTTCTCGACCAGC	AMRU_Ao	AAGGTTCTCGACCAGC	SRR11008278	278_AAGGTTCTCGACCAGC	TRUE
AMRU_Ao_AAGTCTGAGACTGGGT	AMRU_Ao	AAGTCTGAGACTGGGT	SRR11008278	278_AAGTCTGAGACTGGGT	TRUE
AMRU_Ao_AAGTCTGGTCAATGTC	AMRU_Ao	AAGTCTGGTCAATGTC	SRR11008278	278_AAGTCTGGTCAATGTC	TRUE
AMRU_Ao_AAGTCTGTCGCGTTTC	AMRU_Ao	AAGTCTGTCGCGTTTC	SRR11008278	278_AAGTCTGTCGCGTTTC	TRUE
AMRU_Ao_AAGTCTGTCGTTGCCT	AMRU_Ao	AAGTCTGTCGTTGCCT	SRR11008278	278_AAGTCTGTCGTTGCCT	TRUE
AMRU_Ao_AAGTCTGTCTACTCAT	AMRU_Ao	AAGTCTGTCTACTCAT	SRR11008278	278_AAGTCTGTCTACTCAT	TRUE
AMRU_Ao_AATCCAGAGGGTTCCC	AMRU_Ao	AATCCAGAGGGTTCCC	SRR11008278	278_AATCCAGAGGGTTCCC	TRUE
AMRU_Ao_AATCCAGAGTAGCCGA	AMRU_Ao	AATCCAGAGTAGCCGA	SRR11008278	278_AATCCAGAGTAGCCGA	TRUE
AMRU_Ao_AATCCAGGTTACTGAC	AMRU_Ao	AATCCAGGTTACTGAC	SRR11008278	278_AATCCAGGTTACTGAC	TRUE
AMRU_Ao_AATCCAGTCAACCAAC	AMRU_Ao	AATCCAGTCAACCAAC	SRR11008278	278_AATCCAGTCAACCAAC	TRUE
AMRU_Ao_AATCCAGTCAATCACG	AMRU_Ao	AATCCAGTCAATCACG	SRR11008278	278_AATCCAGTCAATCACG	TRUE
AMRU_Ao_AATCGGTGTACCCAAT	AMRU_Ao	AATCGGTGTACCCAAT	SRR11008278	278_AATCGGTGTACCCAAT	TRUE
AMRU_Ao_ACACCAACAGCGAACA	AMRU_Ao	ACACCAACAGCGAACA	SRR11008278	278_ACACCAACAGCGAACA	TRUE
AMRU_Ao_ACACCAATCACTTCAT	AMRU_Ao	ACACCAATCACTTCAT	SRR11008278	278_ACACCAATCACTTCAT	TRUE
AMRU_Ao_ACACCAATCATATCGG	AMRU_Ao	ACACCAATCATATCGG	SRR11008278	278_ACACCAATCATATCGG	TRUE
AMRU_Ao_ACACCGGAGTGTCCCG	AMRU_Ao	ACACCGGAGTGTCCCG	SRR11008278	278_ACACCGGAGTGTCCCG	TRUE
AMRU_Ao_ACACCGGCACGAGGTA	AMRU_Ao	ACACCGGCACGAGGTA	SRR11008278	278_ACACCGGCACGAGGTA	TRUE
AMRU_Ao_ACACCGGTCCGCAGTG	AMRU_Ao	ACACCGGTCCGCAGTG	SRR11008278	278_ACACCGGTCCGCAGTG	TRUE
AMRU_Ao_ACACTGACACCACGTG	AMRU_Ao	ACACTGACACCACGTG	SRR11008278	278_ACACTGACACCACGTG	TRUE
AMRU_Ao_ACACTGAGTGGTACAG	AMRU_Ao	ACACTGAGTGGTACAG	SRR11008278	278_ACACTGAGTGGTACAG	TRUE
AMRU_Ao_ACACTGATCCGAACGC	AMRU_Ao	ACACTGATCCGAACGC	SRR11008278	278_ACACTGATCCGAACGC	TRUE
AMRU_Ao_ACACTGATCGCTAGCG	AMRU_Ao	ACACTGATCGCTAGCG	SRR11008278	278_ACACTGATCGCTAGCG	TRUE
AMRU_Ao_ACACTGATCTGTGCAA	AMRU_Ao	ACACTGATCTGTGCAA	SRR11008278	278_ACACTGATCTGTGCAA	TRUE
AMRU_Ao_ACAGCCGAGCCAGAAC	AMRU_Ao	ACAGCCGAGCCAGAAC	SRR11008278	278_ACAGCCGAGCCAGAAC	TRUE
AMRU_Ao_ACAGCCGCAATGGATA	AMRU_Ao	ACAGCCGCAATGGATA	SRR11008278	278_ACAGCCGCAATGGATA	TRUE
AMRU_Ao_ACAGCCGCACCAGGTC	AMRU_Ao	ACAGCCGCACCAGGTC	SRR11008278	278_ACAGCCGCACCAGGTC	TRUE
AMRU_Ao_ACAGCCGGTTCAGTAC	AMRU_Ao	ACAGCCGGTTCAGTAC	SRR11008278	278_ACAGCCGGTTCAGTAC	TRUE
AMRU_Ao_ACAGCTAAGCTGCCCA	AMRU_Ao	ACAGCTAAGCTGCCCA	SRR11008278	278_ACAGCTAAGCTGCCCA	TRUE
AMRU_Ao_ACAGCTACACCACGTG	AMRU_Ao	ACAGCTACACCACGTG	SRR11008278	278_ACAGCTACACCACGTG	TRUE
AMRU_Ao_ACATACGCACGCTTTC	AMRU_Ao	ACATACGCACGCTTTC	SRR11008278	278_ACATACGCACGCTTTC	TRUE
AMRU_Ao_ACATACGTCATCGGAT	AMRU_Ao	ACATACGTCATCGGAT	SRR11008278	278_ACATACGTCATCGGAT	TRUE
AMRU_Ao_ACATCAGAGAGTCTGG	AMRU_Ao	ACATCAGAGAGTCTGG	SRR11008278	278_ACATCAGAGAGTCTGG	TRUE
AMRU_Ao_ACATCAGGTCGACTAT	AMRU_Ao	ACATCAGGTCGACTAT	SRR11008278	278_ACATCAGGTCGACTAT	TRUE
AMRU_Ao_ACATCAGTCCATGAAC	AMRU_Ao	ACATCAGTCCATGAAC	SRR11008278	278_ACATCAGTCCATGAAC	TRUE
AMRU_Ao_ACATCAGTCTACTTAC	AMRU_Ao	ACATCAGTCTACTTAC	SRR11008278	278_ACATCAGTCTACTTAC	TRUE
AMRU_Ao_ACATGGTAGTACATGA	AMRU_Ao	ACATGGTAGTACATGA	SRR11008278	278_ACATGGTAGTACATGA	TRUE
AMRU_Ao_ACATGGTCAACACGCC	AMRU_Ao	ACATGGTCAACACGCC	SRR11008278	278_ACATGGTCAACACGCC	TRUE
AMRU_Ao_ACATGGTGTAGCGCAA	AMRU_Ao	ACATGGTGTAGCGCAA	SRR11008278	278_ACATGGTGTAGCGCAA	TRUE
AMRU_Ao_ACATGGTTCCAATGGT	AMRU_Ao	ACATGGTTCCAATGGT	SRR11008278	278_ACATGGTTCCAATGGT	TRUE
AMRU_Ao_ACCAGTACAGCTGTTA	AMRU_Ao	ACCAGTACAGCTGTTA	SRR11008278	278_ACCAGTACAGCTGTTA	TRUE
AMRU_Ao_ACCAGTATCACATACG	AMRU_Ao	ACCAGTATCACATACG	SRR11008278	278_ACCAGTATCACATACG	TRUE
AMRU_Ao_ACCCACTCACCGATAT	AMRU_Ao	ACCCACTCACCGATAT	SRR11008278	278_ACCCACTCACCGATAT	TRUE
AMRU_Ao_ACCCACTTCAAACCAC	AMRU_Ao	ACCCACTTCAAACCAC	SRR11008278	278_ACCCACTTCAAACCAC	TRUE
AMRU_Ao_ACCCACTTCAACACGT	AMRU_Ao	ACCCACTTCAACACGT	SRR11008278	278_ACCCACTTCAACACGT	TRUE
AMRU_Ao_ACCCACTTCTTAACCT	AMRU_Ao	ACCCACTTCTTAACCT	SRR11008278	278_ACCCACTTCTTAACCT	TRUE
AMRU_Ao_ACCGTAAAGGCTCTTA	AMRU_Ao	ACCGTAAAGGCTCTTA	SRR11008278	278_ACCGTAAAGGCTCTTA	TRUE
AMRU_Ao_ACCGTAACAGTGGAGT	AMRU_Ao	ACCGTAACAGTGGAGT	SRR11008278	278_ACCGTAACAGTGGAGT	TRUE
AMRU_Ao_ACCGTAAGTGTATGGG	AMRU_Ao	ACCGTAAGTGTATGGG	SRR11008278	278_ACCGTAAGTGTATGGG	TRUE
AMRU_Ao_ACCTTTAAGGACAGCT	AMRU_Ao	ACCTTTAAGGACAGCT	SRR11008278	278_ACCTTTAAGGACAGCT	TRUE
AMRU_Ao_ACCTTTAGTCTTCAAG	AMRU_Ao	ACCTTTAGTCTTCAAG	SRR11008278	278_ACCTTTAGTCTTCAAG	TRUE
AMRU_Ao_ACCTTTATCCACGTTC	AMRU_Ao	ACCTTTATCCACGTTC	SRR11008278	278_ACCTTTATCCACGTTC	TRUE
AMRU_Ao_ACGAGCCAGATGTCGG	AMRU_Ao	ACGAGCCAGATGTCGG	SRR11008278	278_ACGAGCCAGATGTCGG	TRUE
AMRU_Ao_ACGAGCCTCGCAAACT	AMRU_Ao	ACGAGCCTCGCAAACT	SRR11008278	278_ACGAGCCTCGCAAACT	TRUE
AMRU_Ao_ACGAGGAAGTAAGTAC	AMRU_Ao	ACGAGGAAGTAAGTAC	SRR11008278	278_ACGAGGAAGTAAGTAC	TRUE
AMRU_Ao_ACGAGGACAAACTGCT	AMRU_Ao	ACGAGGACAAACTGCT	SRR11008278	278_ACGAGGACAAACTGCT	TRUE
AMRU_Ao_ACGAGGAGTGTGAATA	AMRU_Ao	ACGAGGAGTGTGAATA	SRR11008278	278_ACGAGGAGTGTGAATA	TRUE
AMRU_Ao_ACGATACAGCCGATTT	AMRU_Ao	ACGATACAGCCGATTT	SRR11008278	278_ACGATACAGCCGATTT	TRUE
AMRU_Ao_ACGATACCACAGCCCA	AMRU_Ao	ACGATACCACAGCCCA	SRR11008278	278_ACGATACCACAGCCCA	TRUE
AMRU_Ao_ACGATACCACGGTGTC	AMRU_Ao	ACGATACCACGGTGTC	SRR11008278	278_ACGATACCACGGTGTC	TRUE
AMRU_Ao_ACGATACGTAGGGTAC	AMRU_Ao	ACGATACGTAGGGTAC	SRR11008278	278_ACGATACGTAGGGTAC	TRUE
AMRU_Ao_ACGATACGTTACGCGC	AMRU_Ao	ACGATACGTTACGCGC	SRR11008278	278_ACGATACGTTACGCGC	TRUE
AMRU_Ao_ACGATGTGTGTTTGGT	AMRU_Ao	ACGATGTGTGTTTGGT	SRR11008278	278_ACGATGTGTGTTTGGT	TRUE
AMRU_Ao_ACGCAGCCAAGGCTCC	AMRU_Ao	ACGCAGCCAAGGCTCC	SRR11008278	278_ACGCAGCCAAGGCTCC	TRUE
AMRU_Ao_ACGCAGCCACGGACAA	AMRU_Ao	ACGCAGCCACGGACAA	SRR11008278	278_ACGCAGCCACGGACAA	TRUE
AMRU_Ao_ACGCCAGCAGTTAACC	AMRU_Ao	ACGCCAGCAGTTAACC	SRR11008278	278_ACGCCAGCAGTTAACC	TRUE
AMRU_Ao_ACGCCAGGTTCGTGAT	AMRU_Ao	ACGCCAGGTTCGTGAT	SRR11008278	278_ACGCCAGGTTCGTGAT	TRUE
AMRU_Ao_ACGCCAGTCAACCATG	AMRU_Ao	ACGCCAGTCAACCATG	SRR11008278	278_ACGCCAGTCAACCATG	TRUE
AMRU_Ao_ACGCCGAAGAAACCGC	AMRU_Ao	ACGCCGAAGAAACCGC	SRR11008278	278_ACGCCGAAGAAACCGC	TRUE
AMRU_Ao_ACGCCGAAGTGGGATC	AMRU_Ao	ACGCCGAAGTGGGATC	SRR11008278	278_ACGCCGAAGTGGGATC	TRUE
AMRU_Ao_ACGCCGATCATGCATG	AMRU_Ao	ACGCCGATCATGCATG	SRR11008278	278_ACGCCGATCATGCATG	TRUE
AMRU_Ao_ACGGAGAAGCAGACTG	AMRU_Ao	ACGGAGAAGCAGACTG	SRR11008278	278_ACGGAGAAGCAGACTG	TRUE
AMRU_Ao_ACGGAGAGTCTCATCC	AMRU_Ao	ACGGAGAGTCTCATCC	SRR11008278	278_ACGGAGAGTCTCATCC	TRUE
AMRU_Ao_ACGGAGAGTGGTCCGT	AMRU_Ao	ACGGAGAGTGGTCCGT	SRR11008278	278_ACGGAGAGTGGTCCGT	FALSE
AMRU_Ao_ACGGAGAGTTCGAATC	AMRU_Ao	ACGGAGAGTTCGAATC	SRR11008278	278_ACGGAGAGTTCGAATC	TRUE
AMRU_Ao_ACGGAGATCAGTTCGA	AMRU_Ao	ACGGAGATCAGTTCGA	SRR11008278	278_ACGGAGATCAGTTCGA	TRUE
AMRU_Ao_ACGGAGATCCGCAAGC	AMRU_Ao	ACGGAGATCCGCAAGC	SRR11008278	278_ACGGAGATCCGCAAGC	TRUE
AMRU_Ao_ACGGAGATCTCTGCTG	AMRU_Ao	ACGGAGATCTCTGCTG	SRR11008278	278_ACGGAGATCTCTGCTG	TRUE
AMRU_Ao_ACGGCCAAGATCCCAT	AMRU_Ao	ACGGCCAAGATCCCAT	SRR11008278	278_ACGGCCAAGATCCCAT	TRUE
AMRU_Ao_ACGGCCACAAAGGCGT	AMRU_Ao	ACGGCCACAAAGGCGT	SRR11008278	278_ACGGCCACAAAGGCGT	TRUE
AMRU_Ao_ACGGCCACATCCGTGG	AMRU_Ao	ACGGCCACATCCGTGG	SRR11008278	278_ACGGCCACATCCGTGG	TRUE
AMRU_Ao_ACGGCCACATGGTAGG	AMRU_Ao	ACGGCCACATGGTAGG	SRR11008278	278_ACGGCCACATGGTAGG	TRUE
AMRU_Ao_ACGGCCAGTGAGCGAT	AMRU_Ao	ACGGCCAGTGAGCGAT	SRR11008278	278_ACGGCCAGTGAGCGAT	TRUE
AMRU_Ao_ACGGCCATCGGCGGTT	AMRU_Ao	ACGGCCATCGGCGGTT	SRR11008278	278_ACGGCCATCGGCGGTT	TRUE
AMRU_Ao_ACGGGCTAGACTAGAT	AMRU_Ao	ACGGGCTAGACTAGAT	SRR11008278	278_ACGGGCTAGACTAGAT	TRUE
AMRU_Ao_ACGGGCTAGCTAACAA	AMRU_Ao	ACGGGCTAGCTAACAA	SRR11008278	278_ACGGGCTAGCTAACAA	TRUE
AMRU_Ao_ACGGGCTAGTCTTGCA	AMRU_Ao	ACGGGCTAGTCTTGCA	SRR11008278	278_ACGGGCTAGTCTTGCA	TRUE
AMRU_Ao_ACGGGCTCACCGATAT	AMRU_Ao	ACGGGCTCACCGATAT	SRR11008278	278_ACGGGCTCACCGATAT	TRUE
AMRU_Ao_ACGGGCTGTATTCGTG	AMRU_Ao	ACGGGCTGTATTCGTG	SRR11008278	278_ACGGGCTGTATTCGTG	TRUE
AMRU_Ao_ACGGGCTTCATGTGGT	AMRU_Ao	ACGGGCTTCATGTGGT	SRR11008278	278_ACGGGCTTCATGTGGT	TRUE
AMRU_Ao_ACGGGTCAGGTGATAT	AMRU_Ao	ACGGGTCAGGTGATAT	SRR11008278	278_ACGGGTCAGGTGATAT	TRUE
AMRU_Ao_ACGGGTCCACGTAAGG	AMRU_Ao	ACGGGTCCACGTAAGG	SRR11008278	278_ACGGGTCCACGTAAGG	TRUE
AMRU_Ao_ACGGGTCTCGGAATCT	AMRU_Ao	ACGGGTCTCGGAATCT	SRR11008278	278_ACGGGTCTCGGAATCT	TRUE
AMRU_Ao_ACGTCAAAGACTTTCG	AMRU_Ao	ACGTCAAAGACTTTCG	SRR11008278	278_ACGTCAAAGACTTTCG	TRUE
AMRU_Ao_ACGTCAAAGCACCGTC	AMRU_Ao	ACGTCAAAGCACCGTC	SRR11008278	278_ACGTCAAAGCACCGTC	TRUE
AMRU_Ao_ACGTCAAAGCTGCCCA	AMRU_Ao	ACGTCAAAGCTGCCCA	SRR11008278	278_ACGTCAAAGCTGCCCA	TRUE
AMRU_Ao_ACGTCAACATGTTCCC	AMRU_Ao	ACGTCAACATGTTCCC	SRR11008278	278_ACGTCAACATGTTCCC	TRUE
AMRU_Ao_ACTATCTGTGCACTTA	AMRU_Ao	ACTATCTGTGCACTTA	SRR11008278	278_ACTATCTGTGCACTTA	TRUE
AMRU_Ao_ACTATCTTCCGTAGTA	AMRU_Ao	ACTATCTTCCGTAGTA	SRR11008278	278_ACTATCTTCCGTAGTA	TRUE
AMRU_Ao_ACTGAACCAATAGAGT	AMRU_Ao	ACTGAACCAATAGAGT	SRR11008278	278_ACTGAACCAATAGAGT	TRUE
AMRU_Ao_ACTGAACGTACTCAAC	AMRU_Ao	ACTGAACGTACTCAAC	SRR11008278	278_ACTGAACGTACTCAAC	TRUE
AMRU_Ao_ACTGAGTAGAGCAATT	AMRU_Ao	ACTGAGTAGAGCAATT	SRR11008278	278_ACTGAGTAGAGCAATT	TRUE
AMRU_Ao_ACTGAGTAGATATACG	AMRU_Ao	ACTGAGTAGATATACG	SRR11008278	278_ACTGAGTAGATATACG	TRUE
AMRU_Ao_ACTGAGTAGCAAATCA	AMRU_Ao	ACTGAGTAGCAAATCA	SRR11008278	278_ACTGAGTAGCAAATCA	TRUE
AMRU_Ao_ACTGAGTCAAAGGCGT	AMRU_Ao	ACTGAGTCAAAGGCGT	SRR11008278	278_ACTGAGTCAAAGGCGT	TRUE
AMRU_Ao_ACTGCTCAGACGACGT	AMRU_Ao	ACTGCTCAGACGACGT	SRR11008278	278_ACTGCTCAGACGACGT	TRUE
AMRU_Ao_ACTGCTCCAGGATCGA	AMRU_Ao	ACTGCTCCAGGATCGA	SRR11008278	278_ACTGCTCCAGGATCGA	TRUE
AMRU_Ao_ACTGCTCCAGTCTTCC	AMRU_Ao	ACTGCTCCAGTCTTCC	SRR11008278	278_ACTGCTCCAGTCTTCC	TRUE
AMRU_Ao_ACTGTCCAGCTGGAAC	AMRU_Ao	ACTGTCCAGCTGGAAC	SRR11008278	278_ACTGTCCAGCTGGAAC	TRUE
AMRU_Ao_ACTGTCCCACGTGAGA	AMRU_Ao	ACTGTCCCACGTGAGA	SRR11008278	278_ACTGTCCCACGTGAGA	TRUE
AMRU_Ao_ACTGTCCCATTCGACA	AMRU_Ao	ACTGTCCCATTCGACA	SRR11008278	278_ACTGTCCCATTCGACA	TRUE
AMRU_Ao_ACTGTCCTCCTACAGA	AMRU_Ao	ACTGTCCTCCTACAGA	SRR11008278	278_ACTGTCCTCCTACAGA	TRUE
AMRU_Ao_ACTGTCCTCCTGCTTG	AMRU_Ao	ACTGTCCTCCTGCTTG	SRR11008278	278_ACTGTCCTCCTGCTTG	TRUE
AMRU_Ao_ACTGTCCTCGCCAAAT	AMRU_Ao	ACTGTCCTCGCCAAAT	SRR11008278	278_ACTGTCCTCGCCAAAT	TRUE
AMRU_Ao_ACTTACTAGAAGAAGC	AMRU_Ao	ACTTACTAGAAGAAGC	SRR11008278	278_ACTTACTAGAAGAAGC	TRUE
AMRU_Ao_ACTTACTCAGATCCAT	AMRU_Ao	ACTTACTCAGATCCAT	SRR11008278	278_ACTTACTCAGATCCAT	TRUE
AMRU_Ao_ACTTACTCATGAACCT	AMRU_Ao	ACTTACTCATGAACCT	SRR11008278	278_ACTTACTCATGAACCT	TRUE
AMRU_Ao_ACTTACTGTCCCTTGT	AMRU_Ao	ACTTACTGTCCCTTGT	SRR11008278	278_ACTTACTGTCCCTTGT	TRUE
AMRU_Ao_ACTTGTTAGTTTGCGT	AMRU_Ao	ACTTGTTAGTTTGCGT	SRR11008278	278_ACTTGTTAGTTTGCGT	TRUE
AMRU_Ao_ACTTGTTGTGCAGTAG	AMRU_Ao	ACTTGTTGTGCAGTAG	SRR11008278	278_ACTTGTTGTGCAGTAG	TRUE
AMRU_Ao_ACTTGTTTCACCATAG	AMRU_Ao	ACTTGTTTCACCATAG	SRR11008278	278_ACTTGTTTCACCATAG	TRUE
AMRU_Ao_ACTTGTTTCCTAGAAC	AMRU_Ao	ACTTGTTTCCTAGAAC	SRR11008278	278_ACTTGTTTCCTAGAAC	TRUE
AMRU_Ao_ACTTTCAAGAAGGGTA	AMRU_Ao	ACTTTCAAGAAGGGTA	SRR11008278	278_ACTTTCAAGAAGGGTA	TRUE
AMRU_Ao_ACTTTCAAGCGCTCCA	AMRU_Ao	ACTTTCAAGCGCTCCA	SRR11008278	278_ACTTTCAAGCGCTCCA	TRUE
AMRU_Ao_ACTTTCACATTACGAC	AMRU_Ao	ACTTTCACATTACGAC	SRR11008278	278_ACTTTCACATTACGAC	TRUE
AMRU_Ao_ACTTTCAGTAAATGAC	AMRU_Ao	ACTTTCAGTAAATGAC	SRR11008278	278_ACTTTCAGTAAATGAC	TRUE
AMRU_Ao_ACTTTCAGTACATGTC	AMRU_Ao	ACTTTCAGTACATGTC	SRR11008278	278_ACTTTCAGTACATGTC	TRUE
AMRU_Ao_AGAATAGAGGCCCTTG	AMRU_Ao	AGAATAGAGGCCCTTG	SRR11008278	278_AGAATAGAGGCCCTTG	TRUE
AMRU_Ao_AGAATAGAGGGATGGG	AMRU_Ao	AGAATAGAGGGATGGG	SRR11008278	278_AGAATAGAGGGATGGG	TRUE
AMRU_Ao_AGAATAGAGGGCATGT	AMRU_Ao	AGAATAGAGGGCATGT	SRR11008278	278_AGAATAGAGGGCATGT	TRUE
AMRU_Ao_AGACGTTGTCACACGC	AMRU_Ao	AGACGTTGTCACACGC	SRR11008278	278_AGACGTTGTCACACGC	TRUE
AMRU_Ao_AGACGTTTCGGTGTCG	AMRU_Ao	AGACGTTTCGGTGTCG	SRR11008278	278_AGACGTTTCGGTGTCG	TRUE
AMRU_Ao_AGAGCGAAGAGAACAG	AMRU_Ao	AGAGCGAAGAGAACAG	SRR11008278	278_AGAGCGAAGAGAACAG	TRUE
AMRU_Ao_AGAGCGAAGCGTGTCC	AMRU_Ao	AGAGCGAAGCGTGTCC	SRR11008278	278_AGAGCGAAGCGTGTCC	TRUE
AMRU_Ao_AGAGCGACATGCTAGT	AMRU_Ao	AGAGCGACATGCTAGT	SRR11008278	278_AGAGCGACATGCTAGT	TRUE
AMRU_Ao_AGAGCGAGTTCCACGG	AMRU_Ao	AGAGCGAGTTCCACGG	SRR11008278	278_AGAGCGAGTTCCACGG	TRUE
AMRU_Ao_AGAGCGATCGCCTGTT	AMRU_Ao	AGAGCGATCGCCTGTT	SRR11008278	278_AGAGCGATCGCCTGTT	TRUE
AMRU_Ao_AGAGCTTAGTGAAGAG	AMRU_Ao	AGAGCTTAGTGAAGAG	SRR11008278	278_AGAGCTTAGTGAAGAG	TRUE
AMRU_Ao_AGAGCTTCACCATGTA	AMRU_Ao	AGAGCTTCACCATGTA	SRR11008278	278_AGAGCTTCACCATGTA	TRUE
AMRU_Ao_AGAGCTTCATCTCCCA	AMRU_Ao	AGAGCTTCATCTCCCA	SRR11008278	278_AGAGCTTCATCTCCCA	TRUE
AMRU_Ao_AGAGCTTTCATCGCTC	AMRU_Ao	AGAGCTTTCATCGCTC	SRR11008278	278_AGAGCTTTCATCGCTC	TRUE
AMRU_Ao_AGAGTGGCAAGCGTAG	AMRU_Ao	AGAGTGGCAAGCGTAG	SRR11008278	278_AGAGTGGCAAGCGTAG	TRUE
AMRU_Ao_AGAGTGGCACAGGTTT	AMRU_Ao	AGAGTGGCACAGGTTT	SRR11008278	278_AGAGTGGCACAGGTTT	TRUE
AMRU_Ao_AGAGTGGCAGCCTGTG	AMRU_Ao	AGAGTGGCAGCCTGTG	SRR11008278	278_AGAGTGGCAGCCTGTG	TRUE
AMRU_Ao_AGAGTGGGTATAGGTA	AMRU_Ao	AGAGTGGGTATAGGTA	SRR11008278	278_AGAGTGGGTATAGGTA	TRUE
AMRU_Ao_AGAGTGGGTCCAGTGC	AMRU_Ao	AGAGTGGGTCCAGTGC	SRR11008278	278_AGAGTGGGTCCAGTGC	TRUE
AMRU_Ao_AGAGTGGTCACAAACC	AMRU_Ao	AGAGTGGTCACAAACC	SRR11008278	278_AGAGTGGTCACAAACC	TRUE
AMRU_Ao_AGAGTGGTCACTTACT	AMRU_Ao	AGAGTGGTCACTTACT	SRR11008278	278_AGAGTGGTCACTTACT	TRUE
AMRU_Ao_AGAGTGGTCGTACCGG	AMRU_Ao	AGAGTGGTCGTACCGG	SRR11008278	278_AGAGTGGTCGTACCGG	TRUE
AMRU_Ao_AGATCTGAGACTGGGT	AMRU_Ao	AGATCTGAGACTGGGT	SRR11008278	278_AGATCTGAGACTGGGT	TRUE
AMRU_Ao_AGATCTGAGCTAACTC	AMRU_Ao	AGATCTGAGCTAACTC	SRR11008278	278_AGATCTGAGCTAACTC	TRUE
AMRU_Ao_AGATCTGCATTAACCG	AMRU_Ao	AGATCTGCATTAACCG	SRR11008278	278_AGATCTGCATTAACCG	TRUE
AMRU_Ao_AGATCTGGTCGCGAAA	AMRU_Ao	AGATCTGGTCGCGAAA	SRR11008278	278_AGATCTGGTCGCGAAA	TRUE
AMRU_Ao_AGATTGCCAATGGACG	AMRU_Ao	AGATTGCCAATGGACG	SRR11008278	278_AGATTGCCAATGGACG	TRUE
AMRU_Ao_AGATTGCGTTTGCATG	AMRU_Ao	AGATTGCGTTTGCATG	SRR11008278	278_AGATTGCGTTTGCATG	TRUE
AMRU_Ao_AGATTGCTCACCCGAG	AMRU_Ao	AGATTGCTCACCCGAG	SRR11008278	278_AGATTGCTCACCCGAG	TRUE
AMRU_Ao_AGATTGCTCACGGTTA	AMRU_Ao	AGATTGCTCACGGTTA	SRR11008278	278_AGATTGCTCACGGTTA	TRUE
AMRU_Ao_AGCAGCCGTCAGAAGC	AMRU_Ao	AGCAGCCGTCAGAAGC	SRR11008278	278_AGCAGCCGTCAGAAGC	TRUE
AMRU_Ao_AGCAGCCGTGCAGGTA	AMRU_Ao	AGCAGCCGTGCAGGTA	SRR11008278	278_AGCAGCCGTGCAGGTA	TRUE
AMRU_Ao_AGCATACAGAATAGGG	AMRU_Ao	AGCATACAGAATAGGG	SRR11008278	278_AGCATACAGAATAGGG	TRUE
AMRU_Ao_AGCATACAGAGAGCTC	AMRU_Ao	AGCATACAGAGAGCTC	SRR11008278	278_AGCATACAGAGAGCTC	TRUE
AMRU_Ao_AGCATACCATACGCCG	AMRU_Ao	AGCATACCATACGCCG	SRR11008278	278_AGCATACCATACGCCG	TRUE
AMRU_Ao_AGCATACGTCGCGTGT	AMRU_Ao	AGCATACGTCGCGTGT	SRR11008278	278_AGCATACGTCGCGTGT	TRUE
AMRU_Ao_AGCATACGTGCAACGA	AMRU_Ao	AGCATACGTGCAACGA	SRR11008278	278_AGCATACGTGCAACGA	TRUE
AMRU_Ao_AGCATACTCTCCGGTT	AMRU_Ao	AGCATACTCTCCGGTT	SRR11008278	278_AGCATACTCTCCGGTT	TRUE
AMRU_Ao_AGCCTAAAGCGTTGCC	AMRU_Ao	AGCCTAAAGCGTTGCC	SRR11008278	278_AGCCTAAAGCGTTGCC	TRUE
AMRU_Ao_AGCCTAACACGCGAAA	AMRU_Ao	AGCCTAACACGCGAAA	SRR11008278	278_AGCCTAACACGCGAAA	TRUE
AMRU_Ao_AGCCTAATCTTGACGA	AMRU_Ao	AGCCTAATCTTGACGA	SRR11008278	278_AGCCTAATCTTGACGA	TRUE
AMRU_Ao_AGCGGTCAGTTCGATC	AMRU_Ao	AGCGGTCAGTTCGATC	SRR11008278	278_AGCGGTCAGTTCGATC	TRUE
AMRU_Ao_AGCGGTCCACACATGT	AMRU_Ao	AGCGGTCCACACATGT	SRR11008278	278_AGCGGTCCACACATGT	TRUE
AMRU_Ao_AGCGGTCTCTGCGTAA	AMRU_Ao	AGCGGTCTCTGCGTAA	SRR11008278	278_AGCGGTCTCTGCGTAA	TRUE
AMRU_Ao_AGCGTATAGTGTTTGC	AMRU_Ao	AGCGTATAGTGTTTGC	SRR11008278	278_AGCGTATAGTGTTTGC	TRUE
AMRU_Ao_AGCGTATGTACTTGAC	AMRU_Ao	AGCGTATGTACTTGAC	SRR11008278	278_AGCGTATGTACTTGAC	TRUE
AMRU_Ao_AGCGTATTCAGATAAG	AMRU_Ao	AGCGTATTCAGATAAG	SRR11008278	278_AGCGTATTCAGATAAG	TRUE
AMRU_Ao_AGCGTCGAGGGATCTG	AMRU_Ao	AGCGTCGAGGGATCTG	SRR11008278	278_AGCGTCGAGGGATCTG	TRUE
AMRU_Ao_AGCGTCGTCGTCACGG	AMRU_Ao	AGCGTCGTCGTCACGG	SRR11008278	278_AGCGTCGTCGTCACGG	TRUE
AMRU_Ao_AGCGTCGTCGTTTGCC	AMRU_Ao	AGCGTCGTCGTTTGCC	SRR11008278	278_AGCGTCGTCGTTTGCC	TRUE
AMRU_Ao_AGCTCCTAGATGCGAC	AMRU_Ao	AGCTCCTAGATGCGAC	SRR11008278	278_AGCTCCTAGATGCGAC	TRUE
AMRU_Ao_AGCTCCTAGGGTCGAT	AMRU_Ao	AGCTCCTAGGGTCGAT	SRR11008278	278_AGCTCCTAGGGTCGAT	TRUE
AMRU_Ao_AGCTCCTCAATGAAAC	AMRU_Ao	AGCTCCTCAATGAAAC	SRR11008278	278_AGCTCCTCAATGAAAC	TRUE
AMRU_Ao_AGCTCCTGTCTGGAGA	AMRU_Ao	AGCTCCTGTCTGGAGA	SRR11008278	278_AGCTCCTGTCTGGAGA	TRUE
AMRU_Ao_AGCTCCTGTTCCCTTG	AMRU_Ao	AGCTCCTGTTCCCTTG	SRR11008278	278_AGCTCCTGTTCCCTTG	TRUE
AMRU_Ao_AGCTCCTTCCAGAGGA	AMRU_Ao	AGCTCCTTCCAGAGGA	SRR11008278	278_AGCTCCTTCCAGAGGA	TRUE
AMRU_Ao_AGCTCCTTCGCCTGAG	AMRU_Ao	AGCTCCTTCGCCTGAG	SRR11008278	278_AGCTCCTTCGCCTGAG	TRUE
AMRU_Ao_AGCTCCTTCTTGCATT	AMRU_Ao	AGCTCCTTCTTGCATT	SRR11008278	278_AGCTCCTTCTTGCATT	TRUE
AMRU_Ao_AGCTCTCCAGATCTGT	AMRU_Ao	AGCTCTCCAGATCTGT	SRR11008278	278_AGCTCTCCAGATCTGT	TRUE
AMRU_Ao_AGCTCTCGTTACGCGC	AMRU_Ao	AGCTCTCGTTACGCGC	SRR11008278	278_AGCTCTCGTTACGCGC	TRUE
AMRU_Ao_AGCTTGACAACACCCG	AMRU_Ao	AGCTTGACAACACCCG	SRR11008278	278_AGCTTGACAACACCCG	TRUE
AMRU_Ao_AGCTTGATCGAATGGG	AMRU_Ao	AGCTTGATCGAATGGG	SRR11008278	278_AGCTTGATCGAATGGG	TRUE
AMRU_Ao_AGGCCACAGCCCAACC	AMRU_Ao	AGGCCACAGCCCAACC	SRR11008278	278_AGGCCACAGCCCAACC	TRUE
AMRU_Ao_AGGCCACAGCTGCAAG	AMRU_Ao	AGGCCACAGCTGCAAG	SRR11008278	278_AGGCCACAGCTGCAAG	TRUE
AMRU_Ao_AGGCCACCACCCATTC	AMRU_Ao	AGGCCACCACCCATTC	SRR11008278	278_AGGCCACCACCCATTC	TRUE
AMRU_Ao_AGGCCGTAGCTCTCGG	AMRU_Ao	AGGCCGTAGCTCTCGG	SRR11008278	278_AGGCCGTAGCTCTCGG	TRUE
AMRU_Ao_AGGGAGTAGCTCCTCT	AMRU_Ao	AGGGAGTAGCTCCTCT	SRR11008278	278_AGGGAGTAGCTCCTCT	TRUE
AMRU_Ao_AGGGAGTCATAAAGGT	AMRU_Ao	AGGGAGTCATAAAGGT	SRR11008278	278_AGGGAGTCATAAAGGT	TRUE
AMRU_Ao_AGGGAGTGTTTAAGCC	AMRU_Ao	AGGGAGTGTTTAAGCC	SRR11008278	278_AGGGAGTGTTTAAGCC	TRUE
AMRU_Ao_AGGGAGTTCTTACCTA	AMRU_Ao	AGGGAGTTCTTACCTA	SRR11008278	278_AGGGAGTTCTTACCTA	TRUE
AMRU_Ao_AGGGATGAGAGGTTGC	AMRU_Ao	AGGGATGAGAGGTTGC	SRR11008278	278_AGGGATGAGAGGTTGC	TRUE
AMRU_Ao_AGGGATGCAATCGGTT	AMRU_Ao	AGGGATGCAATCGGTT	SRR11008278	278_AGGGATGCAATCGGTT	TRUE
AMRU_Ao_AGGGATGCAGCGTCCA	AMRU_Ao	AGGGATGCAGCGTCCA	SRR11008278	278_AGGGATGCAGCGTCCA	TRUE
AMRU_Ao_AGGGATGCATCGATTG	AMRU_Ao	AGGGATGCATCGATTG	SRR11008278	278_AGGGATGCATCGATTG	TRUE
AMRU_Ao_AGGGATGTCTCTGAGA	AMRU_Ao	AGGGATGTCTCTGAGA	SRR11008278	278_AGGGATGTCTCTGAGA	TRUE
AMRU_Ao_AGGGTGACACATTTCT	AMRU_Ao	AGGGTGACACATTTCT	SRR11008278	278_AGGGTGACACATTTCT	TRUE
AMRU_Ao_AGGGTGAGTTAGGGTG	AMRU_Ao	AGGGTGAGTTAGGGTG	SRR11008278	278_AGGGTGAGTTAGGGTG	TRUE
AMRU_Ao_AGGTCATAGATGAGAG	AMRU_Ao	AGGTCATAGATGAGAG	SRR11008278	278_AGGTCATAGATGAGAG	TRUE
AMRU_Ao_AGGTCATGTAAGAGAG	AMRU_Ao	AGGTCATGTAAGAGAG	SRR11008278	278_AGGTCATGTAAGAGAG	TRUE
AMRU_Ao_AGGTCCGCAATCTACG	AMRU_Ao	AGGTCCGCAATCTACG	SRR11008278	278_AGGTCCGCAATCTACG	TRUE
AMRU_Ao_AGGTCCGCATGGGAAC	AMRU_Ao	AGGTCCGCATGGGAAC	SRR11008278	278_AGGTCCGCATGGGAAC	TRUE
AMRU_Ao_AGGTCCGGTTTGTGTG	AMRU_Ao	AGGTCCGGTTTGTGTG	SRR11008278	278_AGGTCCGGTTTGTGTG	TRUE
AMRU_Ao_AGTAGTCCAGGCAGTA	AMRU_Ao	AGTAGTCCAGGCAGTA	SRR11008278	278_AGTAGTCCAGGCAGTA	TRUE
AMRU_Ao_AGTAGTCCAGTATAAG	AMRU_Ao	AGTAGTCCAGTATAAG	SRR11008278	278_AGTAGTCCAGTATAAG	TRUE
AMRU_Ao_AGTAGTCGTGTATGGG	AMRU_Ao	AGTAGTCGTGTATGGG	SRR11008278	278_AGTAGTCGTGTATGGG	TRUE
AMRU_Ao_AGTAGTCTCACAGGCC	AMRU_Ao	AGTAGTCTCACAGGCC	SRR11008278	278_AGTAGTCTCACAGGCC	TRUE
AMRU_Ao_AGTCTTTAGAGTAAGG	AMRU_Ao	AGTCTTTAGAGTAAGG	SRR11008278	278_AGTCTTTAGAGTAAGG	TRUE
AMRU_Ao_AGTCTTTTCATTTGGG	AMRU_Ao	AGTCTTTTCATTTGGG	SRR11008278	278_AGTCTTTTCATTTGGG	TRUE
AMRU_Ao_AGTCTTTTCTATCCTA	AMRU_Ao	AGTCTTTTCTATCCTA	SRR11008278	278_AGTCTTTTCTATCCTA	TRUE
AMRU_Ao_AGTGAGGAGAAACCTA	AMRU_Ao	AGTGAGGAGAAACCTA	SRR11008278	278_AGTGAGGAGAAACCTA	TRUE
AMRU_Ao_AGTGAGGTCAGCTCGG	AMRU_Ao	AGTGAGGTCAGCTCGG	SRR11008278	278_AGTGAGGTCAGCTCGG	TRUE
AMRU_Ao_AGTGAGGTCATGTAGC	AMRU_Ao	AGTGAGGTCATGTAGC	SRR11008278	278_AGTGAGGTCATGTAGC	TRUE
AMRU_Ao_AGTGGGAAGCTAAGAT	AMRU_Ao	AGTGGGAAGCTAAGAT	SRR11008278	278_AGTGGGAAGCTAAGAT	TRUE
AMRU_Ao_AGTGGGACAGTCAGCC	AMRU_Ao	AGTGGGACAGTCAGCC	SRR11008278	278_AGTGGGACAGTCAGCC	TRUE
AMRU_Ao_AGTGGGAGTGCACCAC	AMRU_Ao	AGTGGGAGTGCACCAC	SRR11008278	278_AGTGGGAGTGCACCAC	TRUE
AMRU_Ao_AGTGGGATCATTGCCC	AMRU_Ao	AGTGGGATCATTGCCC	SRR11008278	278_AGTGGGATCATTGCCC	TRUE
AMRU_Ao_AGTGTCAAGGTCATCT	AMRU_Ao	AGTGTCAAGGTCATCT	SRR11008278	278_AGTGTCAAGGTCATCT	TRUE
AMRU_Ao_AGTGTCAGTACTTAGC	AMRU_Ao	AGTGTCAGTACTTAGC	SRR11008278	278_AGTGTCAGTACTTAGC	TRUE
AMRU_Ao_AGTGTCATCCTTGGTC	AMRU_Ao	AGTGTCATCCTTGGTC	SRR11008278	278_AGTGTCATCCTTGGTC	TRUE
AMRU_Ao_AGTTGGTAGAATTCCC	AMRU_Ao	AGTTGGTAGAATTCCC	SRR11008278	278_AGTTGGTAGAATTCCC	TRUE
AMRU_Ao_AGTTGGTAGATCCCAT	AMRU_Ao	AGTTGGTAGATCCCAT	SRR11008278	278_AGTTGGTAGATCCCAT	TRUE
AMRU_Ao_AGTTGGTCAGAGTGTG	AMRU_Ao	AGTTGGTCAGAGTGTG	SRR11008278	278_AGTTGGTCAGAGTGTG	TRUE
AMRU_Ao_AGTTGGTCAGTTCATG	AMRU_Ao	AGTTGGTCAGTTCATG	SRR11008278	278_AGTTGGTCAGTTCATG	TRUE
AMRU_Ao_AGTTGGTGTCCAGTGC	AMRU_Ao	AGTTGGTGTCCAGTGC	SRR11008278	278_AGTTGGTGTCCAGTGC	TRUE
AMRU_Ao_ATAACGCCAGGACCCT	AMRU_Ao	ATAACGCCAGGACCCT	SRR11008278	278_ATAACGCCAGGACCCT	TRUE
AMRU_Ao_ATAACGCCAGTATCTG	AMRU_Ao	ATAACGCCAGTATCTG	SRR11008278	278_ATAACGCCAGTATCTG	TRUE
AMRU_Ao_ATAACGCGTTATGCGT	AMRU_Ao	ATAACGCGTTATGCGT	SRR11008278	278_ATAACGCGTTATGCGT	TRUE
AMRU_Ao_ATAACGCTCAGCTGGC	AMRU_Ao	ATAACGCTCAGCTGGC	SRR11008278	278_ATAACGCTCAGCTGGC	TRUE
AMRU_Ao_ATAACGCTCCGCGCAA	AMRU_Ao	ATAACGCTCCGCGCAA	SRR11008278	278_ATAACGCTCCGCGCAA	TRUE
AMRU_Ao_ATAACGCTCTGTCTAT	AMRU_Ao	ATAACGCTCTGTCTAT	SRR11008278	278_ATAACGCTCTGTCTAT	TRUE
AMRU_Ao_ATAAGAGAGATGCCTT	AMRU_Ao	ATAAGAGAGATGCCTT	SRR11008278	278_ATAAGAGAGATGCCTT	TRUE
AMRU_Ao_ATAAGAGGTAGATTAG	AMRU_Ao	ATAAGAGGTAGATTAG	SRR11008278	278_ATAAGAGGTAGATTAG	TRUE
AMRU_Ao_ATAAGAGTCAATCACG	AMRU_Ao	ATAAGAGTCAATCACG	SRR11008278	278_ATAAGAGTCAATCACG	TRUE
AMRU_Ao_ATAGACCCATGGAATA	AMRU_Ao	ATAGACCCATGGAATA	SRR11008278	278_ATAGACCCATGGAATA	TRUE
AMRU_Ao_ATAGACCGTGCAACTT	AMRU_Ao	ATAGACCGTGCAACTT	SRR11008278	278_ATAGACCGTGCAACTT	TRUE
AMRU_Ao_ATAGACCGTTAAGAAC	AMRU_Ao	ATAGACCGTTAAGAAC	SRR11008278	278_ATAGACCGTTAAGAAC	TRUE
AMRU_Ao_ATCACGAAGATAGGAG	AMRU_Ao	ATCACGAAGATAGGAG	SRR11008278	278_ATCACGAAGATAGGAG	TRUE
AMRU_Ao_ATCACGATCTACTTAC	AMRU_Ao	ATCACGATCTACTTAC	SRR11008278	278_ATCACGATCTACTTAC	TRUE
AMRU_Ao_ATCATCTAGAGCTATA	AMRU_Ao	ATCATCTAGAGCTATA	SRR11008278	278_ATCATCTAGAGCTATA	TRUE
AMRU_Ao_ATCATCTCACATTTCT	AMRU_Ao	ATCATCTCACATTTCT	SRR11008278	278_ATCATCTCACATTTCT	TRUE
AMRU_Ao_ATCATCTCAGGGATTG	AMRU_Ao	ATCATCTCAGGGATTG	SRR11008278	278_ATCATCTCAGGGATTG	TRUE
AMRU_Ao_ATCATCTTCGTCACGG	AMRU_Ao	ATCATCTTCGTCACGG	SRR11008278	278_ATCATCTTCGTCACGG	TRUE
AMRU_Ao_ATCATGGCAATGGAGC	AMRU_Ao	ATCATGGCAATGGAGC	SRR11008278	278_ATCATGGCAATGGAGC	TRUE
AMRU_Ao_ATCATGGGTGACGGTA	AMRU_Ao	ATCATGGGTGACGGTA	SRR11008278	278_ATCATGGGTGACGGTA	TRUE
AMRU_Ao_ATCATGGGTGCATCTA	AMRU_Ao	ATCATGGGTGCATCTA	SRR11008278	278_ATCATGGGTGCATCTA	TRUE
AMRU_Ao_ATCCACCAGTCTCCTC	AMRU_Ao	ATCCACCAGTCTCCTC	SRR11008278	278_ATCCACCAGTCTCCTC	TRUE
AMRU_Ao_ATCCACCTCGGCTACG	AMRU_Ao	ATCCACCTCGGCTACG	SRR11008278	278_ATCCACCTCGGCTACG	TRUE
AMRU_Ao_ATCCACCTCTTAGCCC	AMRU_Ao	ATCCACCTCTTAGCCC	SRR11008278	278_ATCCACCTCTTAGCCC	TRUE
AMRU_Ao_ATCCGAAAGCACACAG	AMRU_Ao	ATCCGAAAGCACACAG	SRR11008278	278_ATCCGAAAGCACACAG	TRUE
AMRU_Ao_ATCCGAACACTGAAGG	AMRU_Ao	ATCCGAACACTGAAGG	SRR11008278	278_ATCCGAACACTGAAGG	TRUE
AMRU_Ao_ATCCGAACATGCCTTC	AMRU_Ao	ATCCGAACATGCCTTC	SRR11008278	278_ATCCGAACATGCCTTC	TRUE
AMRU_Ao_ATCCGAATCCCAACGG	AMRU_Ao	ATCCGAATCCCAACGG	SRR11008278	278_ATCCGAATCCCAACGG	TRUE
AMRU_Ao_ATCCGAATCCTCCTAG	AMRU_Ao	ATCCGAATCCTCCTAG	SRR11008278	278_ATCCGAATCCTCCTAG	TRUE
AMRU_Ao_ATCCGAATCTACCAGA	AMRU_Ao	ATCCGAATCTACCAGA	SRR11008278	278_ATCCGAATCTACCAGA	TRUE
AMRU_Ao_ATCCGAATCTGTCCGT	AMRU_Ao	ATCCGAATCTGTCCGT	SRR11008278	278_ATCCGAATCTGTCCGT	TRUE
AMRU_Ao_ATCGAGTAGCTAGCCC	AMRU_Ao	ATCGAGTAGCTAGCCC	SRR11008278	278_ATCGAGTAGCTAGCCC	TRUE
AMRU_Ao_ATCGAGTCATCTGGTA	AMRU_Ao	ATCGAGTCATCTGGTA	SRR11008278	278_ATCGAGTCATCTGGTA	TRUE
AMRU_Ao_ATCGAGTGTGAAATCA	AMRU_Ao	ATCGAGTGTGAAATCA	SRR11008278	278_ATCGAGTGTGAAATCA	TRUE
AMRU_Ao_ATCGAGTGTTTGTGTG	AMRU_Ao	ATCGAGTGTTTGTGTG	SRR11008278	278_ATCGAGTGTTTGTGTG	TRUE
AMRU_Ao_ATCGAGTTCAACACCA	AMRU_Ao	ATCGAGTTCAACACCA	SRR11008278	278_ATCGAGTTCAACACCA	TRUE
AMRU_Ao_ATCTACTAGGCCGAAT	AMRU_Ao	ATCTACTAGGCCGAAT	SRR11008278	278_ATCTACTAGGCCGAAT	TRUE
AMRU_Ao_ATCTACTCAATCCGAT	AMRU_Ao	ATCTACTCAATCCGAT	SRR11008278	278_ATCTACTCAATCCGAT	TRUE
AMRU_Ao_ATCTACTCAGGTGGAT	AMRU_Ao	ATCTACTCAGGTGGAT	SRR11008278	278_ATCTACTCAGGTGGAT	TRUE
AMRU_Ao_ATCTACTGTAAACACA	AMRU_Ao	ATCTACTGTAAACACA	SRR11008278	278_ATCTACTGTAAACACA	TRUE
AMRU_Ao_ATCTACTGTACCGGCT	AMRU_Ao	ATCTACTGTACCGGCT	SRR11008278	278_ATCTACTGTACCGGCT	TRUE
AMRU_Ao_ATCTACTGTCTAGCCG	AMRU_Ao	ATCTACTGTCTAGCCG	SRR11008278	278_ATCTACTGTCTAGCCG	TRUE
AMRU_Ao_ATCTACTTCGCATGGC	AMRU_Ao	ATCTACTTCGCATGGC	SRR11008278	278_ATCTACTTCGCATGGC	TRUE
AMRU_Ao_ATCTGCCAGACCGGAT	AMRU_Ao	ATCTGCCAGACCGGAT	SRR11008278	278_ATCTGCCAGACCGGAT	TRUE
AMRU_Ao_ATCTGCCAGCGAGAAA	AMRU_Ao	ATCTGCCAGCGAGAAA	SRR11008278	278_ATCTGCCAGCGAGAAA	TRUE
AMRU_Ao_ATCTGCCGTGATGTCT	AMRU_Ao	ATCTGCCGTGATGTCT	SRR11008278	278_ATCTGCCGTGATGTCT	TRUE
AMRU_Ao_ATGAGGGAGGATGGAA	AMRU_Ao	ATGAGGGAGGATGGAA	SRR11008278	278_ATGAGGGAGGATGGAA	TRUE
AMRU_Ao_ATGAGGGCATATGGTC	AMRU_Ao	ATGAGGGCATATGGTC	SRR11008278	278_ATGAGGGCATATGGTC	TRUE
AMRU_Ao_ATGAGGGGTGAGGGAG	AMRU_Ao	ATGAGGGGTGAGGGAG	SRR11008278	278_ATGAGGGGTGAGGGAG	TRUE
AMRU_Ao_ATGAGGGGTGTGGTTT	AMRU_Ao	ATGAGGGGTGTGGTTT	SRR11008278	278_ATGAGGGGTGTGGTTT	TRUE
AMRU_Ao_ATGAGGGTCCAGAGGA	AMRU_Ao	ATGAGGGTCCAGAGGA	SRR11008278	278_ATGAGGGTCCAGAGGA	TRUE
AMRU_Ao_ATGCGATAGTACGCGA	AMRU_Ao	ATGCGATAGTACGCGA	SRR11008278	278_ATGCGATAGTACGCGA	TRUE
AMRU_Ao_ATGCGATGTAGCAAAT	AMRU_Ao	ATGCGATGTAGCAAAT	SRR11008278	278_ATGCGATGTAGCAAAT	TRUE
AMRU_Ao_ATGGGAGAGCACCGTC	AMRU_Ao	ATGGGAGAGCACCGTC	SRR11008278	278_ATGGGAGAGCACCGTC	TRUE
AMRU_Ao_ATGGGAGCACGCTTTC	AMRU_Ao	ATGGGAGCACGCTTTC	SRR11008278	278_ATGGGAGCACGCTTTC	TRUE
AMRU_Ao_ATGGGAGCATACAGCT	AMRU_Ao	ATGGGAGCATACAGCT	SRR11008278	278_ATGGGAGCATACAGCT	TRUE
AMRU_Ao_ATGGGAGTCCACGCAG	AMRU_Ao	ATGGGAGTCCACGCAG	SRR11008278	278_ATGGGAGTCCACGCAG	TRUE
AMRU_Ao_ATGTGTGAGGGCTCTC	AMRU_Ao	ATGTGTGAGGGCTCTC	SRR11008278	278_ATGTGTGAGGGCTCTC	TRUE
AMRU_Ao_ATGTGTGCAAGAAAGG	AMRU_Ao	ATGTGTGCAAGAAAGG	SRR11008278	278_ATGTGTGCAAGAAAGG	TRUE
AMRU_Ao_ATGTGTGCACCAGCAC	AMRU_Ao	ATGTGTGCACCAGCAC	SRR11008278	278_ATGTGTGCACCAGCAC	TRUE
AMRU_Ao_ATTATCCAGGATGTAT	AMRU_Ao	ATTATCCAGGATGTAT	SRR11008278	278_ATTATCCAGGATGTAT	TRUE
AMRU_Ao_ATTATCCAGTGCCAGA	AMRU_Ao	ATTATCCAGTGCCAGA	SRR11008278	278_ATTATCCAGTGCCAGA	TRUE
AMRU_Ao_ATTATCCCATCACAAC	AMRU_Ao	ATTATCCCATCACAAC	SRR11008278	278_ATTATCCCATCACAAC	TRUE
AMRU_Ao_ATTATCCTCACGCGGT	AMRU_Ao	ATTATCCTCACGCGGT	SRR11008278	278_ATTATCCTCACGCGGT	TRUE
AMRU_Ao_ATTCTACCAACGATGG	AMRU_Ao	ATTCTACCAACGATGG	SRR11008278	278_ATTCTACCAACGATGG	TRUE
AMRU_Ao_ATTCTACCATGTTCCC	AMRU_Ao	ATTCTACCATGTTCCC	SRR11008278	278_ATTCTACCATGTTCCC	TRUE
AMRU_Ao_ATTCTACGTTCCACAA	AMRU_Ao	ATTCTACGTTCCACAA	SRR11008278	278_ATTCTACGTTCCACAA	TRUE
AMRU_Ao_ATTCTACTCGTTGCCT	AMRU_Ao	ATTCTACTCGTTGCCT	SRR11008278	278_ATTCTACTCGTTGCCT	TRUE
AMRU_Ao_ATTGGACAGACACTAA	AMRU_Ao	ATTGGACAGACACTAA	SRR11008278	278_ATTGGACAGACACTAA	TRUE
AMRU_Ao_ATTGGACAGGAATTAC	AMRU_Ao	ATTGGACAGGAATTAC	SRR11008278	278_ATTGGACAGGAATTAC	TRUE
AMRU_Ao_ATTGGACGTCCTCTTG	AMRU_Ao	ATTGGACGTCCTCTTG	SRR11008278	278_ATTGGACGTCCTCTTG	TRUE
AMRU_Ao_ATTGGACTCTGCTGCT	AMRU_Ao	ATTGGACTCTGCTGCT	SRR11008278	278_ATTGGACTCTGCTGCT	TRUE
AMRU_Ao_ATTGGACTCTTCGAGA	AMRU_Ao	ATTGGACTCTTCGAGA	SRR11008278	278_ATTGGACTCTTCGAGA	TRUE
AMRU_Ao_ATTGGACTCTTGTTTG	AMRU_Ao	ATTGGACTCTTGTTTG	SRR11008278	278_ATTGGACTCTTGTTTG	TRUE
AMRU_Ao_ATTGGTGCACGGATAG	AMRU_Ao	ATTGGTGCACGGATAG	SRR11008278	278_ATTGGTGCACGGATAG	TRUE
AMRU_Ao_ATTGGTGCAGACAAGC	AMRU_Ao	ATTGGTGCAGACAAGC	SRR11008278	278_ATTGGTGCAGACAAGC	TRUE
AMRU_Ao_ATTGGTGGTCTAAACC	AMRU_Ao	ATTGGTGGTCTAAACC	SRR11008278	278_ATTGGTGGTCTAAACC	TRUE
AMRU_Ao_ATTGGTGGTTTAGCTG	AMRU_Ao	ATTGGTGGTTTAGCTG	SRR11008278	278_ATTGGTGGTTTAGCTG	TRUE
AMRU_Ao_ATTTCTGCACTACAGT	AMRU_Ao	ATTTCTGCACTACAGT	SRR11008278	278_ATTTCTGCACTACAGT	TRUE
AMRU_Ao_ATTTCTGCAGGTCTCG	AMRU_Ao	ATTTCTGCAGGTCTCG	SRR11008278	278_ATTTCTGCAGGTCTCG	TRUE
AMRU_Ao_ATTTCTGGTCAGGACA	AMRU_Ao	ATTTCTGGTCAGGACA	SRR11008278	278_ATTTCTGGTCAGGACA	TRUE
AMRU_Ao_ATTTCTGGTCCGTGAC	AMRU_Ao	ATTTCTGGTCCGTGAC	SRR11008278	278_ATTTCTGGTCCGTGAC	TRUE
AMRU_Ao_ATTTCTGGTCTCAACA	AMRU_Ao	ATTTCTGGTCTCAACA	SRR11008278	278_ATTTCTGGTCTCAACA	TRUE
AMRU_Ao_ATTTCTGTCCCAGGTG	AMRU_Ao	ATTTCTGTCCCAGGTG	SRR11008278	278_ATTTCTGTCCCAGGTG	TRUE
AMRU_Ao_ATTTCTGTCTACCTGC	AMRU_Ao	ATTTCTGTCTACCTGC	SRR11008278	278_ATTTCTGTCTACCTGC	TRUE
AMRU_Ao_CAACCAAAGAAACGAG	AMRU_Ao	CAACCAAAGAAACGAG	SRR11008278	278_CAACCAAAGAAACGAG	TRUE
AMRU_Ao_CAACCAAGTAGCTTGT	AMRU_Ao	CAACCAAGTAGCTTGT	SRR11008278	278_CAACCAAGTAGCTTGT	TRUE
AMRU_Ao_CAACCAAGTCGGCTCA	AMRU_Ao	CAACCAAGTCGGCTCA	SRR11008278	278_CAACCAAGTCGGCTCA	TRUE
AMRU_Ao_CAACCAAGTCTAGTGT	AMRU_Ao	CAACCAAGTCTAGTGT	SRR11008278	278_CAACCAAGTCTAGTGT	TRUE
AMRU_Ao_CAACCAATCAGTGCAT	AMRU_Ao	CAACCAATCAGTGCAT	SRR11008278	278_CAACCAATCAGTGCAT	TRUE
AMRU_Ao_CAACCTCCACCGAAAG	AMRU_Ao	CAACCTCCACCGAAAG	SRR11008278	278_CAACCTCCACCGAAAG	TRUE
AMRU_Ao_CAACCTCGTATCACCA	AMRU_Ao	CAACCTCGTATCACCA	SRR11008278	278_CAACCTCGTATCACCA	TRUE
AMRU_Ao_CAACCTCGTTAGAACA	AMRU_Ao	CAACCTCGTTAGAACA	SRR11008278	278_CAACCTCGTTAGAACA	TRUE
AMRU_Ao_CAACTAGAGCGATAGC	AMRU_Ao	CAACTAGAGCGATAGC	SRR11008278	278_CAACTAGAGCGATAGC	TRUE
AMRU_Ao_CAAGAAACACTAGTAC	AMRU_Ao	CAAGAAACACTAGTAC	SRR11008278	278_CAAGAAACACTAGTAC	TRUE
AMRU_Ao_CAAGAAAGTTGAGGTG	AMRU_Ao	CAAGAAAGTTGAGGTG	SRR11008278	278_CAAGAAAGTTGAGGTG	TRUE
AMRU_Ao_CAAGATCAGTGAACGC	AMRU_Ao	CAAGATCAGTGAACGC	SRR11008278	278_CAAGATCAGTGAACGC	TRUE
AMRU_Ao_CAAGATCCACATGTGT	AMRU_Ao	CAAGATCCACATGTGT	SRR11008278	278_CAAGATCCACATGTGT	TRUE
AMRU_Ao_CAAGATCGTACCGGCT	AMRU_Ao	CAAGATCGTACCGGCT	SRR11008278	278_CAAGATCGTACCGGCT	TRUE
AMRU_Ao_CAAGATCGTCATATCG	AMRU_Ao	CAAGATCGTCATATCG	SRR11008278	278_CAAGATCGTCATATCG	TRUE
AMRU_Ao_CAAGATCGTCCCGACA	AMRU_Ao	CAAGATCGTCCCGACA	SRR11008278	278_CAAGATCGTCCCGACA	TRUE
AMRU_Ao_CAAGATCTCTATGTGG	AMRU_Ao	CAAGATCTCTATGTGG	SRR11008278	278_CAAGATCTCTATGTGG	TRUE
AMRU_Ao_CAAGGCCAGACGCTTT	AMRU_Ao	CAAGGCCAGACGCTTT	SRR11008278	278_CAAGGCCAGACGCTTT	TRUE
AMRU_Ao_CAAGGCCTCAGGTAAA	AMRU_Ao	CAAGGCCTCAGGTAAA	SRR11008278	278_CAAGGCCTCAGGTAAA	TRUE
AMRU_Ao_CAAGGCCTCCGTCAAA	AMRU_Ao	CAAGGCCTCCGTCAAA	SRR11008278	278_CAAGGCCTCCGTCAAA	TRUE
AMRU_Ao_CAAGTTGAGGCATGTG	AMRU_Ao	CAAGTTGAGGCATGTG	SRR11008278	278_CAAGTTGAGGCATGTG	TRUE
AMRU_Ao_CAAGTTGTCCTTGGTC	AMRU_Ao	CAAGTTGTCCTTGGTC	SRR11008278	278_CAAGTTGTCCTTGGTC	TRUE
AMRU_Ao_CACAAACAGAATGTGT	AMRU_Ao	CACAAACAGAATGTGT	SRR11008278	278_CACAAACAGAATGTGT	TRUE
AMRU_Ao_CACAAACCATGATCCA	AMRU_Ao	CACAAACCATGATCCA	SRR11008278	278_CACAAACCATGATCCA	TRUE
AMRU_Ao_CACAAACGTTCGCGAC	AMRU_Ao	CACAAACGTTCGCGAC	SRR11008278	278_CACAAACGTTCGCGAC	TRUE
AMRU_Ao_CACAAACTCGCTTGTC	AMRU_Ao	CACAAACTCGCTTGTC	SRR11008278	278_CACAAACTCGCTTGTC	TRUE
AMRU_Ao_CACAAACTCTTCTGGC	AMRU_Ao	CACAAACTCTTCTGGC	SRR11008278	278_CACAAACTCTTCTGGC	TRUE
AMRU_Ao_CACACAAAGAGTCGGT	AMRU_Ao	CACACAAAGAGTCGGT	SRR11008278	278_CACACAAAGAGTCGGT	TRUE
AMRU_Ao_CACACAAAGTCCGGTC	AMRU_Ao	CACACAAAGTCCGGTC	SRR11008278	278_CACACAAAGTCCGGTC	TRUE
AMRU_Ao_CACACAAAGTGGACGT	AMRU_Ao	CACACAAAGTGGACGT	SRR11008278	278_CACACAAAGTGGACGT	TRUE
AMRU_Ao_CACACAACATTGGGCC	AMRU_Ao	CACACAACATTGGGCC	SRR11008278	278_CACACAACATTGGGCC	TRUE
AMRU_Ao_CACACTCCAGCCTGTG	AMRU_Ao	CACACTCCAGCCTGTG	SRR11008278	278_CACACTCCAGCCTGTG	TRUE
AMRU_Ao_CACAGGCAGGCGACAT	AMRU_Ao	CACAGGCAGGCGACAT	SRR11008278	278_CACAGGCAGGCGACAT	TRUE
AMRU_Ao_CACAGGCGTCTGGAGA	AMRU_Ao	CACAGGCGTCTGGAGA	SRR11008278	278_CACAGGCGTCTGGAGA	TRUE
AMRU_Ao_CACATAGGTACTCGCG	AMRU_Ao	CACATAGGTACTCGCG	SRR11008278	278_CACATAGGTACTCGCG	TRUE
AMRU_Ao_CACATAGTCCAAACTG	AMRU_Ao	CACATAGTCCAAACTG	SRR11008278	278_CACATAGTCCAAACTG	TRUE
AMRU_Ao_CACATTTGTTAGTGGG	AMRU_Ao	CACATTTGTTAGTGGG	SRR11008278	278_CACATTTGTTAGTGGG	TRUE
AMRU_Ao_CACATTTTCAATCACG	AMRU_Ao	CACATTTTCAATCACG	SRR11008278	278_CACATTTTCAATCACG	TRUE
AMRU_Ao_CACCACTCATCACGAT	AMRU_Ao	CACCACTCATCACGAT	SRR11008278	278_CACCACTCATCACGAT	FALSE
AMRU_Ao_CACCACTGTAGCCTCG	AMRU_Ao	CACCACTGTAGCCTCG	SRR11008278	278_CACCACTGTAGCCTCG	TRUE
AMRU_Ao_CACCACTTCCTGTAGA	AMRU_Ao	CACCACTTCCTGTAGA	SRR11008278	278_CACCACTTCCTGTAGA	TRUE
AMRU_Ao_CACCAGGAGTGGGCTA	AMRU_Ao	CACCAGGAGTGGGCTA	SRR11008278	278_CACCAGGAGTGGGCTA	TRUE
AMRU_Ao_CACCAGGGTGAAAGAG	AMRU_Ao	CACCAGGGTGAAAGAG	SRR11008278	278_CACCAGGGTGAAAGAG	TRUE
AMRU_Ao_CACCTTGAGCTAACAA	AMRU_Ao	CACCTTGAGCTAACAA	SRR11008278	278_CACCTTGAGCTAACAA	TRUE
AMRU_Ao_CACCTTGTCGTATCAG	AMRU_Ao	CACCTTGTCGTATCAG	SRR11008278	278_CACCTTGTCGTATCAG	TRUE
AMRU_Ao_CACCTTGTCTTGGGTA	AMRU_Ao	CACCTTGTCTTGGGTA	SRR11008278	278_CACCTTGTCTTGGGTA	TRUE
AMRU_Ao_CACTCCAAGCTTCGCG	AMRU_Ao	CACTCCAAGCTTCGCG	SRR11008278	278_CACTCCAAGCTTCGCG	TRUE
AMRU_Ao_CACTCCATCAAACCGT	AMRU_Ao	CACTCCATCAAACCGT	SRR11008278	278_CACTCCATCAAACCGT	TRUE
AMRU_Ao_CAGAATCAGCGATTCT	AMRU_Ao	CAGAATCAGCGATTCT	SRR11008278	278_CAGAATCAGCGATTCT	TRUE
AMRU_Ao_CAGAATCAGGACACCA	AMRU_Ao	CAGAATCAGGACACCA	SRR11008278	278_CAGAATCAGGACACCA	TRUE
AMRU_Ao_CAGAATCAGGCTCTTA	AMRU_Ao	CAGAATCAGGCTCTTA	SRR11008278	278_CAGAATCAGGCTCTTA	TRUE
AMRU_Ao_CAGAATCTCGATCCCT	AMRU_Ao	CAGAATCTCGATCCCT	SRR11008278	278_CAGAATCTCGATCCCT	TRUE
AMRU_Ao_CAGAGAGCAGACGCCT	AMRU_Ao	CAGAGAGCAGACGCCT	SRR11008278	278_CAGAGAGCAGACGCCT	TRUE
AMRU_Ao_CAGAGAGCATCACGAT	AMRU_Ao	CAGAGAGCATCACGAT	SRR11008278	278_CAGAGAGCATCACGAT	TRUE
AMRU_Ao_CAGAGAGCATGAGCGA	AMRU_Ao	CAGAGAGCATGAGCGA	SRR11008278	278_CAGAGAGCATGAGCGA	TRUE
AMRU_Ao_CAGAGAGTCCACTCCA	AMRU_Ao	CAGAGAGTCCACTCCA	SRR11008278	278_CAGAGAGTCCACTCCA	TRUE
AMRU_Ao_CAGAGAGTCCCAACGG	AMRU_Ao	CAGAGAGTCCCAACGG	SRR11008278	278_CAGAGAGTCCCAACGG	TRUE
AMRU_Ao_CAGATCAAGCTAAGAT	AMRU_Ao	CAGATCAAGCTAAGAT	SRR11008278	278_CAGATCAAGCTAAGAT	TRUE
AMRU_Ao_CAGATCAAGGCTCATT	AMRU_Ao	CAGATCAAGGCTCATT	SRR11008278	278_CAGATCAAGGCTCATT	TRUE
AMRU_Ao_CAGATCAGTACACCGC	AMRU_Ao	CAGATCAGTACACCGC	SRR11008278	278_CAGATCAGTACACCGC	TRUE
AMRU_Ao_CAGATCAGTTCAGGCC	AMRU_Ao	CAGATCAGTTCAGGCC	SRR11008278	278_CAGATCAGTTCAGGCC	TRUE
AMRU_Ao_CAGATCATCCCACTTG	AMRU_Ao	CAGATCATCCCACTTG	SRR11008278	278_CAGATCATCCCACTTG	TRUE
AMRU_Ao_CAGATCATCCTATGTT	AMRU_Ao	CAGATCATCCTATGTT	SRR11008278	278_CAGATCATCCTATGTT	TRUE
AMRU_Ao_CAGCAGCAGATCGATA	AMRU_Ao	CAGCAGCAGATCGATA	SRR11008278	278_CAGCAGCAGATCGATA	TRUE
AMRU_Ao_CAGCAGCGTATAGGTA	AMRU_Ao	CAGCAGCGTATAGGTA	SRR11008278	278_CAGCAGCGTATAGGTA	TRUE
AMRU_Ao_CAGCAGCGTGTGACCC	AMRU_Ao	CAGCAGCGTGTGACCC	SRR11008278	278_CAGCAGCGTGTGACCC	TRUE
AMRU_Ao_CAGCATAAGTCAATAG	AMRU_Ao	CAGCATAAGTCAATAG	SRR11008278	278_CAGCATAAGTCAATAG	TRUE
AMRU_Ao_CAGCATAAGTGCTGCC	AMRU_Ao	CAGCATAAGTGCTGCC	SRR11008278	278_CAGCATAAGTGCTGCC	TRUE
AMRU_Ao_CAGCCGAAGCGTGAGT	AMRU_Ao	CAGCCGAAGCGTGAGT	SRR11008278	278_CAGCCGAAGCGTGAGT	TRUE
AMRU_Ao_CAGCCGACAAAGGAAG	AMRU_Ao	CAGCCGACAAAGGAAG	SRR11008278	278_CAGCCGACAAAGGAAG	TRUE
AMRU_Ao_CAGCCGAGTCCTGCTT	AMRU_Ao	CAGCCGAGTCCTGCTT	SRR11008278	278_CAGCCGAGTCCTGCTT	TRUE
AMRU_Ao_CAGCGACCACCGATAT	AMRU_Ao	CAGCGACCACCGATAT	SRR11008278	278_CAGCGACCACCGATAT	TRUE
AMRU_Ao_CAGCGACCAGGTCTCG	AMRU_Ao	CAGCGACCAGGTCTCG	SRR11008278	278_CAGCGACCAGGTCTCG	TRUE
AMRU_Ao_CAGCGACGTAGGCATG	AMRU_Ao	CAGCGACGTAGGCATG	SRR11008278	278_CAGCGACGTAGGCATG	TRUE
AMRU_Ao_CAGCGACTCACCCGAG	AMRU_Ao	CAGCGACTCACCCGAG	SRR11008278	278_CAGCGACTCACCCGAG	TRUE
AMRU_Ao_CAGCGACTCCATGCTC	AMRU_Ao	CAGCGACTCCATGCTC	SRR11008278	278_CAGCGACTCCATGCTC	TRUE
AMRU_Ao_CAGCGACTCGACGGAA	AMRU_Ao	CAGCGACTCGACGGAA	SRR11008278	278_CAGCGACTCGACGGAA	FALSE
AMRU_Ao_CAGCTAAAGACCGGAT	AMRU_Ao	CAGCTAAAGACCGGAT	SRR11008278	278_CAGCTAAAGACCGGAT	TRUE
AMRU_Ao_CAGCTAAAGTGTGAAT	AMRU_Ao	CAGCTAAAGTGTGAAT	SRR11008278	278_CAGCTAAAGTGTGAAT	TRUE
AMRU_Ao_CAGCTAACAAACCCAT	AMRU_Ao	CAGCTAACAAACCCAT	SRR11008278	278_CAGCTAACAAACCCAT	TRUE
AMRU_Ao_CAGCTAAGTAAGGGCT	AMRU_Ao	CAGCTAAGTAAGGGCT	SRR11008278	278_CAGCTAAGTAAGGGCT	TRUE
AMRU_Ao_CAGCTAAGTACCTACA	AMRU_Ao	CAGCTAAGTACCTACA	SRR11008278	278_CAGCTAAGTACCTACA	TRUE
AMRU_Ao_CAGCTAATCTTCATGT	AMRU_Ao	CAGCTAATCTTCATGT	SRR11008278	278_CAGCTAATCTTCATGT	TRUE
AMRU_Ao_CAGCTGGAGGAGCGAG	AMRU_Ao	CAGCTGGAGGAGCGAG	SRR11008278	278_CAGCTGGAGGAGCGAG	TRUE
AMRU_Ao_CAGCTGGAGTGTACCT	AMRU_Ao	CAGCTGGAGTGTACCT	SRR11008278	278_CAGCTGGAGTGTACCT	TRUE
AMRU_Ao_CAGCTGGCATCTATGG	AMRU_Ao	CAGCTGGCATCTATGG	SRR11008278	278_CAGCTGGCATCTATGG	TRUE
AMRU_Ao_CAGCTGGTCAACGCTA	AMRU_Ao	CAGCTGGTCAACGCTA	SRR11008278	278_CAGCTGGTCAACGCTA	TRUE
AMRU_Ao_CAGGTGCAGATCGGGT	AMRU_Ao	CAGGTGCAGATCGGGT	SRR11008278	278_CAGGTGCAGATCGGGT	TRUE
AMRU_Ao_CAGGTGCCAATAGCAA	AMRU_Ao	CAGGTGCCAATAGCAA	SRR11008278	278_CAGGTGCCAATAGCAA	TRUE
AMRU_Ao_CAGGTGCCACGAGGTA	AMRU_Ao	CAGGTGCCACGAGGTA	SRR11008278	278_CAGGTGCCACGAGGTA	TRUE
AMRU_Ao_CAGGTGCCATGACGGA	AMRU_Ao	CAGGTGCCATGACGGA	SRR11008278	278_CAGGTGCCATGACGGA	TRUE
AMRU_Ao_CAGGTGCGTACACCGC	AMRU_Ao	CAGGTGCGTACACCGC	SRR11008278	278_CAGGTGCGTACACCGC	TRUE
AMRU_Ao_CAGGTGCGTTCAACCA	AMRU_Ao	CAGGTGCGTTCAACCA	SRR11008278	278_CAGGTGCGTTCAACCA	TRUE
AMRU_Ao_CAGGTGCGTTGCGCAC	AMRU_Ao	CAGGTGCGTTGCGCAC	SRR11008278	278_CAGGTGCGTTGCGCAC	TRUE
AMRU_Ao_CAGTAACCACTATCTT	AMRU_Ao	CAGTAACCACTATCTT	SRR11008278	278_CAGTAACCACTATCTT	TRUE
AMRU_Ao_CAGTAACTCAGGCAAG	AMRU_Ao	CAGTAACTCAGGCAAG	SRR11008278	278_CAGTAACTCAGGCAAG	TRUE
AMRU_Ao_CAGTCCTAGTGTCCCG	AMRU_Ao	CAGTCCTAGTGTCCCG	SRR11008278	278_CAGTCCTAGTGTCCCG	TRUE
AMRU_Ao_CAGTCCTCAATCGGTT	AMRU_Ao	CAGTCCTCAATCGGTT	SRR11008278	278_CAGTCCTCAATCGGTT	TRUE
AMRU_Ao_CAGTCCTGTCTGCCAG	AMRU_Ao	CAGTCCTGTCTGCCAG	SRR11008278	278_CAGTCCTGTCTGCCAG	TRUE
AMRU_Ao_CAGTCCTTCGCCAAAT	AMRU_Ao	CAGTCCTTCGCCAAAT	SRR11008278	278_CAGTCCTTCGCCAAAT	TRUE
AMRU_Ao_CAGTCCTTCGGCGCTA	AMRU_Ao	CAGTCCTTCGGCGCTA	SRR11008278	278_CAGTCCTTCGGCGCTA	TRUE
AMRU_Ao_CATATGGAGTGAAGAG	AMRU_Ao	CATATGGAGTGAAGAG	SRR11008278	278_CATATGGAGTGAAGAG	TRUE
AMRU_Ao_CATATGGCAAACAACA	AMRU_Ao	CATATGGCAAACAACA	SRR11008278	278_CATATGGCAAACAACA	TRUE
AMRU_Ao_CATATTCAGAAGCCCA	AMRU_Ao	CATATTCAGAAGCCCA	SRR11008278	278_CATATTCAGAAGCCCA	TRUE
AMRU_Ao_CATATTCAGCGGCTTC	AMRU_Ao	CATATTCAGCGGCTTC	SRR11008278	278_CATATTCAGCGGCTTC	TRUE
AMRU_Ao_CATATTCAGGCTCAGA	AMRU_Ao	CATATTCAGGCTCAGA	SRR11008278	278_CATATTCAGGCTCAGA	TRUE
AMRU_Ao_CATATTCCAAACCCAT	AMRU_Ao	CATATTCCAAACCCAT	SRR11008278	278_CATATTCCAAACCCAT	TRUE
AMRU_Ao_CATATTCCATCCCATC	AMRU_Ao	CATATTCCATCCCATC	SRR11008278	278_CATATTCCATCCCATC	TRUE
AMRU_Ao_CATATTCGTAACGTTC	AMRU_Ao	CATATTCGTAACGTTC	SRR11008278	278_CATATTCGTAACGTTC	TRUE
AMRU_Ao_CATATTCGTATCTGCA	AMRU_Ao	CATATTCGTATCTGCA	SRR11008278	278_CATATTCGTATCTGCA	TRUE
AMRU_Ao_CATATTCTCAGTACGT	AMRU_Ao	CATATTCTCAGTACGT	SRR11008278	278_CATATTCTCAGTACGT	TRUE
AMRU_Ao_CATCAAGAGAAGATTC	AMRU_Ao	CATCAAGAGAAGATTC	SRR11008278	278_CATCAAGAGAAGATTC	TRUE
AMRU_Ao_CATCAAGAGAATGTGT	AMRU_Ao	CATCAAGAGAATGTGT	SRR11008278	278_CATCAAGAGAATGTGT	TRUE
AMRU_Ao_CATCAAGAGCACAGGT	AMRU_Ao	CATCAAGAGCACAGGT	SRR11008278	278_CATCAAGAGCACAGGT	TRUE
AMRU_Ao_CATCAAGCAATGGTCT	AMRU_Ao	CATCAAGCAATGGTCT	SRR11008278	278_CATCAAGCAATGGTCT	TRUE
AMRU_Ao_CATCAAGGTCACACGC	AMRU_Ao	CATCAAGGTCACACGC	SRR11008278	278_CATCAAGGTCACACGC	TRUE
AMRU_Ao_CATCAAGGTGTAAGTA	AMRU_Ao	CATCAAGGTGTAAGTA	SRR11008278	278_CATCAAGGTGTAAGTA	TRUE
AMRU_Ao_CATCAGAAGCTAGGCA	AMRU_Ao	CATCAGAAGCTAGGCA	SRR11008278	278_CATCAGAAGCTAGGCA	TRUE
AMRU_Ao_CATCAGACAGCATGAG	AMRU_Ao	CATCAGACAGCATGAG	SRR11008278	278_CATCAGACAGCATGAG	TRUE
AMRU_Ao_CATCAGATCCAGAGGA	AMRU_Ao	CATCAGATCCAGAGGA	SRR11008278	278_CATCAGATCCAGAGGA	TRUE
AMRU_Ao_CATCCACAGATCCCGC	AMRU_Ao	CATCCACAGATCCCGC	SRR11008278	278_CATCCACAGATCCCGC	TRUE
AMRU_Ao_CATCCACCACAACGCC	AMRU_Ao	CATCCACCACAACGCC	SRR11008278	278_CATCCACCACAACGCC	TRUE
AMRU_Ao_CATCGAACAGGACCCT	AMRU_Ao	CATCGAACAGGACCCT	SRR11008278	278_CATCGAACAGGACCCT	TRUE
AMRU_Ao_CATCGAACAGGTCCAC	AMRU_Ao	CATCGAACAGGTCCAC	SRR11008278	278_CATCGAACAGGTCCAC	TRUE
AMRU_Ao_CATCGAAGTCCGACGT	AMRU_Ao	CATCGAAGTCCGACGT	SRR11008278	278_CATCGAAGTCCGACGT	TRUE
AMRU_Ao_CATCGAAGTGCGCTTG	AMRU_Ao	CATCGAAGTGCGCTTG	SRR11008278	278_CATCGAAGTGCGCTTG	TRUE
AMRU_Ao_CATCGGGAGCTTTGGT	AMRU_Ao	CATCGGGAGCTTTGGT	SRR11008278	278_CATCGGGAGCTTTGGT	TRUE
AMRU_Ao_CATCGGGCAGATTGCT	AMRU_Ao	CATCGGGCAGATTGCT	SRR11008278	278_CATCGGGCAGATTGCT	TRUE
AMRU_Ao_CATCGGGCATCTGGTA	AMRU_Ao	CATCGGGCATCTGGTA	SRR11008278	278_CATCGGGCATCTGGTA	TRUE
AMRU_Ao_CATCGGGGTCTAACGT	AMRU_Ao	CATCGGGGTCTAACGT	SRR11008278	278_CATCGGGGTCTAACGT	TRUE
AMRU_Ao_CATCGGGGTCTAGCCG	AMRU_Ao	CATCGGGGTCTAGCCG	SRR11008278	278_CATCGGGGTCTAGCCG	TRUE
AMRU_Ao_CATCGGGGTTCAGACT	AMRU_Ao	CATCGGGGTTCAGACT	SRR11008278	278_CATCGGGGTTCAGACT	TRUE
AMRU_Ao_CATGACAAGGATGCGT	AMRU_Ao	CATGACAAGGATGCGT	SRR11008278	278_CATGACAAGGATGCGT	TRUE
AMRU_Ao_CATGACACAGACGCAA	AMRU_Ao	CATGACACAGACGCAA	SRR11008278	278_CATGACACAGACGCAA	TRUE
AMRU_Ao_CATGACAGTAGGCTGA	AMRU_Ao	CATGACAGTAGGCTGA	SRR11008278	278_CATGACAGTAGGCTGA	TRUE
AMRU_Ao_CATGACATCATCGCTC	AMRU_Ao	CATGACATCATCGCTC	SRR11008278	278_CATGACATCATCGCTC	TRUE
AMRU_Ao_CATGCCTAGAGTGAGA	AMRU_Ao	CATGCCTAGAGTGAGA	SRR11008278	278_CATGCCTAGAGTGAGA	TRUE
AMRU_Ao_CATGCCTAGTTACGGG	AMRU_Ao	CATGCCTAGTTACGGG	SRR11008278	278_CATGCCTAGTTACGGG	TRUE
AMRU_Ao_CATGCCTGTATTCTCT	AMRU_Ao	CATGCCTGTATTCTCT	SRR11008278	278_CATGCCTGTATTCTCT	TRUE
AMRU_Ao_CATGGCGCAGTAAGCG	AMRU_Ao	CATGGCGCAGTAAGCG	SRR11008278	278_CATGGCGCAGTAAGCG	TRUE
AMRU_Ao_CATGGCGGTCAACATC	AMRU_Ao	CATGGCGGTCAACATC	SRR11008278	278_CATGGCGGTCAACATC	TRUE
AMRU_Ao_CATGGCGTCAACGGGA	AMRU_Ao	CATGGCGTCAACGGGA	SRR11008278	278_CATGGCGTCAACGGGA	TRUE
AMRU_Ao_CATGGCGTCCATGCTC	AMRU_Ao	CATGGCGTCCATGCTC	SRR11008278	278_CATGGCGTCCATGCTC	TRUE
AMRU_Ao_CATGGCGTCCCACTTG	AMRU_Ao	CATGGCGTCCCACTTG	SRR11008278	278_CATGGCGTCCCACTTG	TRUE
AMRU_Ao_CATTATCAGATAGCAT	AMRU_Ao	CATTATCAGATAGCAT	SRR11008278	278_CATTATCAGATAGCAT	TRUE
AMRU_Ao_CATTATCCAATCACAC	AMRU_Ao	CATTATCCAATCACAC	SRR11008278	278_CATTATCCAATCACAC	TRUE
AMRU_Ao_CATTATCCAGGACCCT	AMRU_Ao	CATTATCCAGGACCCT	SRR11008278	278_CATTATCCAGGACCCT	TRUE
AMRU_Ao_CATTATCCAGGGTACA	AMRU_Ao	CATTATCCAGGGTACA	SRR11008278	278_CATTATCCAGGGTACA	TRUE
AMRU_Ao_CATTATCTCATGGTCA	AMRU_Ao	CATTATCTCATGGTCA	SRR11008278	278_CATTATCTCATGGTCA	TRUE
AMRU_Ao_CATTATCTCCAGTAGT	AMRU_Ao	CATTATCTCCAGTAGT	SRR11008278	278_CATTATCTCCAGTAGT	TRUE
AMRU_Ao_CATTATCTCGGCGGTT	AMRU_Ao	CATTATCTCGGCGGTT	SRR11008278	278_CATTATCTCGGCGGTT	TRUE
AMRU_Ao_CATTCGCCAAGCCGCT	AMRU_Ao	CATTCGCCAAGCCGCT	SRR11008278	278_CATTCGCCAAGCCGCT	TRUE
AMRU_Ao_CATTCGCCATCAGTAC	AMRU_Ao	CATTCGCCATCAGTAC	SRR11008278	278_CATTCGCCATCAGTAC	TRUE
AMRU_Ao_CATTCGCCATGTAAGA	AMRU_Ao	CATTCGCCATGTAAGA	SRR11008278	278_CATTCGCCATGTAAGA	TRUE
AMRU_Ao_CATTCGCGTGCCTGCA	AMRU_Ao	CATTCGCGTGCCTGCA	SRR11008278	278_CATTCGCGTGCCTGCA	TRUE
AMRU_Ao_CATTCGCTCAAACGGG	AMRU_Ao	CATTCGCTCAAACGGG	SRR11008278	278_CATTCGCTCAAACGGG	TRUE
AMRU_Ao_CCAATCCAGTCAATAG	AMRU_Ao	CCAATCCAGTCAATAG	SRR11008278	278_CCAATCCAGTCAATAG	TRUE
AMRU_Ao_CCAATCCGTACCATCA	AMRU_Ao	CCAATCCGTACCATCA	SRR11008278	278_CCAATCCGTACCATCA	TRUE
AMRU_Ao_CCAATCCGTTGCTCCT	AMRU_Ao	CCAATCCGTTGCTCCT	SRR11008278	278_CCAATCCGTTGCTCCT	TRUE
AMRU_Ao_CCACCTAAGCCAACAG	AMRU_Ao	CCACCTAAGCCAACAG	SRR11008278	278_CCACCTAAGCCAACAG	TRUE
AMRU_Ao_CCACCTAGTGACAAAT	AMRU_Ao	CCACCTAGTGACAAAT	SRR11008278	278_CCACCTAGTGACAAAT	TRUE
AMRU_Ao_CCACCTAGTTGTTTGG	AMRU_Ao	CCACCTAGTTGTTTGG	SRR11008278	278_CCACCTAGTTGTTTGG	TRUE
AMRU_Ao_CCACCTATCAACCAAC	AMRU_Ao	CCACCTATCAACCAAC	SRR11008278	278_CCACCTATCAACCAAC	TRUE
AMRU_Ao_CCACCTATCCTCAATT	AMRU_Ao	CCACCTATCCTCAATT	SRR11008278	278_CCACCTATCCTCAATT	TRUE
AMRU_Ao_CCACGGAAGAGACTAT	AMRU_Ao	CCACGGAAGAGACTAT	SRR11008278	278_CCACGGAAGAGACTAT	TRUE
AMRU_Ao_CCACGGACACAACGCC	AMRU_Ao	CCACGGACACAACGCC	SRR11008278	278_CCACGGACACAACGCC	TRUE
AMRU_Ao_CCACGGACACCAACCG	AMRU_Ao	CCACGGACACCAACCG	SRR11008278	278_CCACGGACACCAACCG	TRUE
AMRU_Ao_CCACGGAGTTCTCATT	AMRU_Ao	CCACGGAGTTCTCATT	SRR11008278	278_CCACGGAGTTCTCATT	TRUE
AMRU_Ao_CCACTACCAACAACCT	AMRU_Ao	CCACTACCAACAACCT	SRR11008278	278_CCACTACCAACAACCT	TRUE
AMRU_Ao_CCACTACGTGCCTGGT	AMRU_Ao	CCACTACGTGCCTGGT	SRR11008278	278_CCACTACGTGCCTGGT	TRUE
AMRU_Ao_CCACTACTCTATCCTA	AMRU_Ao	CCACTACTCTATCCTA	SRR11008278	278_CCACTACTCTATCCTA	TRUE
AMRU_Ao_CCAGCGAAGAGCAATT	AMRU_Ao	CCAGCGAAGAGCAATT	SRR11008278	278_CCAGCGAAGAGCAATT	TRUE
AMRU_Ao_CCAGCGAGTAAGGGCT	AMRU_Ao	CCAGCGAGTAAGGGCT	SRR11008278	278_CCAGCGAGTAAGGGCT	TRUE
AMRU_Ao_CCAGCGAGTCGGATCC	AMRU_Ao	CCAGCGAGTCGGATCC	SRR11008278	278_CCAGCGAGTCGGATCC	TRUE
AMRU_Ao_CCATGTCGTGCGATAG	AMRU_Ao	CCATGTCGTGCGATAG	SRR11008278	278_CCATGTCGTGCGATAG	TRUE
AMRU_Ao_CCATGTCTCCAACCAA	AMRU_Ao	CCATGTCTCCAACCAA	SRR11008278	278_CCATGTCTCCAACCAA	TRUE
AMRU_Ao_CCATGTCTCCGCATCT	AMRU_Ao	CCATGTCTCCGCATCT	SRR11008278	278_CCATGTCTCCGCATCT	TRUE
AMRU_Ao_CCATTCGAGTGTCCCG	AMRU_Ao	CCATTCGAGTGTCCCG	SRR11008278	278_CCATTCGAGTGTCCCG	TRUE
AMRU_Ao_CCATTCGCAGTGAGTG	AMRU_Ao	CCATTCGCAGTGAGTG	SRR11008278	278_CCATTCGCAGTGAGTG	TRUE
AMRU_Ao_CCATTCGGTTATGCGT	AMRU_Ao	CCATTCGGTTATGCGT	SRR11008278	278_CCATTCGGTTATGCGT	TRUE
AMRU_Ao_CCATTCGTCGTTGACA	AMRU_Ao	CCATTCGTCGTTGACA	SRR11008278	278_CCATTCGTCGTTGACA	TRUE
AMRU_Ao_CCCAATCAGCGTCAAG	AMRU_Ao	CCCAATCAGCGTCAAG	SRR11008278	278_CCCAATCAGCGTCAAG	TRUE
AMRU_Ao_CCCAATCCACGACTCG	AMRU_Ao	CCCAATCCACGACTCG	SRR11008278	278_CCCAATCCACGACTCG	TRUE
AMRU_Ao_CCCAATCGTCAATGTC	AMRU_Ao	CCCAATCGTCAATGTC	SRR11008278	278_CCCAATCGTCAATGTC	TRUE
AMRU_Ao_CCCAATCGTTCCTCCA	AMRU_Ao	CCCAATCGTTCCTCCA	SRR11008278	278_CCCAATCGTTCCTCCA	TRUE
AMRU_Ao_CCCAATCTCCGCGCAA	AMRU_Ao	CCCAATCTCCGCGCAA	SRR11008278	278_CCCAATCTCCGCGCAA	TRUE
AMRU_Ao_CCCAATCTCTACCTGC	AMRU_Ao	CCCAATCTCTACCTGC	SRR11008278	278_CCCAATCTCTACCTGC	TRUE
AMRU_Ao_CCCATACCAGATCTGT	AMRU_Ao	CCCATACCAGATCTGT	SRR11008278	278_CCCATACCAGATCTGT	TRUE
AMRU_Ao_CCCATACCAGCCTTGG	AMRU_Ao	CCCATACCAGCCTTGG	SRR11008278	278_CCCATACCAGCCTTGG	FALSE
AMRU_Ao_CCCATACGTAGGACAC	AMRU_Ao	CCCATACGTAGGACAC	SRR11008278	278_CCCATACGTAGGACAC	TRUE
AMRU_Ao_CCCATACTCTGAAAGA	AMRU_Ao	CCCATACTCTGAAAGA	SRR11008278	278_CCCATACTCTGAAAGA	TRUE
AMRU_Ao_CCCATACTCTTGTTTG	AMRU_Ao	CCCATACTCTTGTTTG	SRR11008278	278_CCCATACTCTTGTTTG	TRUE
AMRU_Ao_CCCTCCTTCAAGAAGT	AMRU_Ao	CCCTCCTTCAAGAAGT	SRR11008278	278_CCCTCCTTCAAGAAGT	TRUE
AMRU_Ao_CCCTCCTTCGGAAACG	AMRU_Ao	CCCTCCTTCGGAAACG	SRR11008278	278_CCCTCCTTCGGAAACG	TRUE
AMRU_Ao_CCCTCCTTCTATCCTA	AMRU_Ao	CCCTCCTTCTATCCTA	SRR11008278	278_CCCTCCTTCTATCCTA	TRUE
AMRU_Ao_CCCTCCTTCTCAAACG	AMRU_Ao	CCCTCCTTCTCAAACG	SRR11008278	278_CCCTCCTTCTCAAACG	TRUE
AMRU_Ao_CCCTCCTTCTTATCTG	AMRU_Ao	CCCTCCTTCTTATCTG	SRR11008278	278_CCCTCCTTCTTATCTG	TRUE
AMRU_Ao_CCGGGATAGCGTTCCG	AMRU_Ao	CCGGGATAGCGTTCCG	SRR11008278	278_CCGGGATAGCGTTCCG	TRUE
AMRU_Ao_CCGGGATAGTACGCCC	AMRU_Ao	CCGGGATAGTACGCCC	SRR11008278	278_CCGGGATAGTACGCCC	TRUE
AMRU_Ao_CCGGGATCAACTTGAC	AMRU_Ao	CCGGGATCAACTTGAC	SRR11008278	278_CCGGGATCAACTTGAC	TRUE
AMRU_Ao_CCGGGATCAGCCTTGG	AMRU_Ao	CCGGGATCAGCCTTGG	SRR11008278	278_CCGGGATCAGCCTTGG	TRUE
AMRU_Ao_CCGGGATCATAAGACA	AMRU_Ao	CCGGGATCATAAGACA	SRR11008278	278_CCGGGATCATAAGACA	TRUE
AMRU_Ao_CCGGGATGTTCGAATC	AMRU_Ao	CCGGGATGTTCGAATC	SRR11008278	278_CCGGGATGTTCGAATC	TRUE
AMRU_Ao_CCGGGATTCATAAAGG	AMRU_Ao	CCGGGATTCATAAAGG	SRR11008278	278_CCGGGATTCATAAAGG	TRUE
AMRU_Ao_CCGGGATTCCATGAAC	AMRU_Ao	CCGGGATTCCATGAAC	SRR11008278	278_CCGGGATTCCATGAAC	TRUE
AMRU_Ao_CCGGGATTCTTGTCAT	AMRU_Ao	CCGGGATTCTTGTCAT	SRR11008278	278_CCGGGATTCTTGTCAT	TRUE
AMRU_Ao_CCGGTAGTCTTTCCTC	AMRU_Ao	CCGGTAGTCTTTCCTC	SRR11008278	278_CCGGTAGTCTTTCCTC	TRUE
AMRU_Ao_CCGTACTCAGTGGGAT	AMRU_Ao	CCGTACTCAGTGGGAT	SRR11008278	278_CCGTACTCAGTGGGAT	TRUE
AMRU_Ao_CCGTACTCATACAGCT	AMRU_Ao	CCGTACTCATACAGCT	SRR11008278	278_CCGTACTCATACAGCT	TRUE
AMRU_Ao_CCGTACTGTGAAATCA	AMRU_Ao	CCGTACTGTGAAATCA	SRR11008278	278_CCGTACTGTGAAATCA	TRUE
AMRU_Ao_CCGTGGAAGCGTTTAC	AMRU_Ao	CCGTGGAAGCGTTTAC	SRR11008278	278_CCGTGGAAGCGTTTAC	TRUE
AMRU_Ao_CCGTGGAAGCTGAACG	AMRU_Ao	CCGTGGAAGCTGAACG	SRR11008278	278_CCGTGGAAGCTGAACG	TRUE
AMRU_Ao_CCGTGGAAGTCACGCC	AMRU_Ao	CCGTGGAAGTCACGCC	SRR11008278	278_CCGTGGAAGTCACGCC	TRUE
AMRU_Ao_CCGTGGACAGACAAGC	AMRU_Ao	CCGTGGACAGACAAGC	SRR11008278	278_CCGTGGACAGACAAGC	TRUE
AMRU_Ao_CCGTGGAGTTGTCTTT	AMRU_Ao	CCGTGGAGTTGTCTTT	SRR11008278	278_CCGTGGAGTTGTCTTT	TRUE
AMRU_Ao_CCGTGGATCAGTGTTG	AMRU_Ao	CCGTGGATCAGTGTTG	SRR11008278	278_CCGTGGATCAGTGTTG	TRUE
AMRU_Ao_CCGTGGATCGCACTCT	AMRU_Ao	CCGTGGATCGCACTCT	SRR11008278	278_CCGTGGATCGCACTCT	TRUE
AMRU_Ao_CCGTTCAAGCGTAGTG	AMRU_Ao	CCGTTCAAGCGTAGTG	SRR11008278	278_CCGTTCAAGCGTAGTG	TRUE
AMRU_Ao_CCGTTCAAGGTCATCT	AMRU_Ao	CCGTTCAAGGTCATCT	SRR11008278	278_CCGTTCAAGGTCATCT	TRUE
AMRU_Ao_CCGTTCAAGGTTACCT	AMRU_Ao	CCGTTCAAGGTTACCT	SRR11008278	278_CCGTTCAAGGTTACCT	TRUE
AMRU_Ao_CCGTTCAGTATCTGCA	AMRU_Ao	CCGTTCAGTATCTGCA	SRR11008278	278_CCGTTCAGTATCTGCA	TRUE
AMRU_Ao_CCGTTCAGTTCCACAA	AMRU_Ao	CCGTTCAGTTCCACAA	SRR11008278	278_CCGTTCAGTTCCACAA	TRUE
AMRU_Ao_CCGTTCATCAGCTGGC	AMRU_Ao	CCGTTCATCAGCTGGC	SRR11008278	278_CCGTTCATCAGCTGGC	TRUE
AMRU_Ao_CCGTTCATCCATGAAC	AMRU_Ao	CCGTTCATCCATGAAC	SRR11008278	278_CCGTTCATCCATGAAC	TRUE
AMRU_Ao_CCTAAAGAGAGCCTAG	AMRU_Ao	CCTAAAGAGAGCCTAG	SRR11008278	278_CCTAAAGAGAGCCTAG	TRUE
AMRU_Ao_CCTAAAGCACCCTATC	AMRU_Ao	CCTAAAGCACCCTATC	SRR11008278	278_CCTAAAGCACCCTATC	TRUE
AMRU_Ao_CCTAAAGCATGGGAAC	AMRU_Ao	CCTAAAGCATGGGAAC	SRR11008278	278_CCTAAAGCATGGGAAC	TRUE
AMRU_Ao_CCTACACAGTAATCCC	AMRU_Ao	CCTACACAGTAATCCC	SRR11008278	278_CCTACACAGTAATCCC	TRUE
AMRU_Ao_CCTACACAGTACGCGA	AMRU_Ao	CCTACACAGTACGCGA	SRR11008278	278_CCTACACAGTACGCGA	TRUE
AMRU_Ao_CCTACACTCGAACGGA	AMRU_Ao	CCTACACTCGAACGGA	SRR11008278	278_CCTACACTCGAACGGA	TRUE
AMRU_Ao_CCTACCAAGAGTAATC	AMRU_Ao	CCTACCAAGAGTAATC	SRR11008278	278_CCTACCAAGAGTAATC	TRUE
AMRU_Ao_CCTACCAGTGTGGTTT	AMRU_Ao	CCTACCAGTGTGGTTT	SRR11008278	278_CCTACCAGTGTGGTTT	TRUE
AMRU_Ao_CCTAGCTGTAGGCTGA	AMRU_Ao	CCTAGCTGTAGGCTGA	SRR11008278	278_CCTAGCTGTAGGCTGA	TRUE
AMRU_Ao_CCTATTAGTGCAGTAG	AMRU_Ao	CCTATTAGTGCAGTAG	SRR11008278	278_CCTATTAGTGCAGTAG	TRUE
AMRU_Ao_CCTATTATCCAAGTAC	AMRU_Ao	CCTATTATCCAAGTAC	SRR11008278	278_CCTATTATCCAAGTAC	TRUE
AMRU_Ao_CCTATTATCGCATGGC	AMRU_Ao	CCTATTATCGCATGGC	SRR11008278	278_CCTATTATCGCATGGC	TRUE
AMRU_Ao_CCTCAGTAGAGAGCTC	AMRU_Ao	CCTCAGTAGAGAGCTC	SRR11008278	278_CCTCAGTAGAGAGCTC	TRUE
AMRU_Ao_CCTCAGTGTAAGTGTA	AMRU_Ao	CCTCAGTGTAAGTGTA	SRR11008278	278_CCTCAGTGTAAGTGTA	TRUE
AMRU_Ao_CCTCAGTGTACGCACC	AMRU_Ao	CCTCAGTGTACGCACC	SRR11008278	278_CCTCAGTGTACGCACC	TRUE
AMRU_Ao_CCTCTGAAGCCAGAAC	AMRU_Ao	CCTCTGAAGCCAGAAC	SRR11008278	278_CCTCTGAAGCCAGAAC	TRUE
AMRU_Ao_CCTCTGAAGTGTCCCG	AMRU_Ao	CCTCTGAAGTGTCCCG	SRR11008278	278_CCTCTGAAGTGTCCCG	TRUE
AMRU_Ao_CCTCTGAGTCAAGCGA	AMRU_Ao	CCTCTGAGTCAAGCGA	SRR11008278	278_CCTCTGAGTCAAGCGA	TRUE
AMRU_Ao_CCTCTGATCATCGATG	AMRU_Ao	CCTCTGATCATCGATG	SRR11008278	278_CCTCTGATCATCGATG	TRUE
AMRU_Ao_CCTTACGAGAAGATTC	AMRU_Ao	CCTTACGAGAAGATTC	SRR11008278	278_CCTTACGAGAAGATTC	TRUE
AMRU_Ao_CCTTACGCAATACGCT	AMRU_Ao	CCTTACGCAATACGCT	SRR11008278	278_CCTTACGCAATACGCT	TRUE
AMRU_Ao_CCTTACGGTTATCACG	AMRU_Ao	CCTTACGGTTATCACG	SRR11008278	278_CCTTACGGTTATCACG	TRUE
AMRU_Ao_CCTTACGTCAGTTAGC	AMRU_Ao	CCTTACGTCAGTTAGC	SRR11008278	278_CCTTACGTCAGTTAGC	TRUE
AMRU_Ao_CCTTACGTCATGTCCC	AMRU_Ao	CCTTACGTCATGTCCC	SRR11008278	278_CCTTACGTCATGTCCC	TRUE
AMRU_Ao_CCTTCCCGTGGCCCTA	AMRU_Ao	CCTTCCCGTGGCCCTA	SRR11008278	278_CCTTCCCGTGGCCCTA	TRUE
AMRU_Ao_CCTTCGAAGGAGCGTT	AMRU_Ao	CCTTCGAAGGAGCGTT	SRR11008278	278_CCTTCGAAGGAGCGTT	TRUE
AMRU_Ao_CCTTTCTAGTGTTAGA	AMRU_Ao	CCTTTCTAGTGTTAGA	SRR11008278	278_CCTTTCTAGTGTTAGA	TRUE
AMRU_Ao_CCTTTCTGTTCCAACA	AMRU_Ao	CCTTTCTGTTCCAACA	SRR11008278	278_CCTTTCTGTTCCAACA	TRUE
AMRU_Ao_CCTTTCTGTTGATTGC	AMRU_Ao	CCTTTCTGTTGATTGC	SRR11008278	278_CCTTTCTGTTGATTGC	TRUE
AMRU_Ao_CGAACATAGTAGGTGC	AMRU_Ao	CGAACATAGTAGGTGC	SRR11008278	278_CGAACATAGTAGGTGC	TRUE
AMRU_Ao_CGAACATCAAGCCGCT	AMRU_Ao	CGAACATCAAGCCGCT	SRR11008278	278_CGAACATCAAGCCGCT	TRUE
AMRU_Ao_CGAACATGTTACCAGT	AMRU_Ao	CGAACATGTTACCAGT	SRR11008278	278_CGAACATGTTACCAGT	TRUE
AMRU_Ao_CGAACATTCTGTCTCG	AMRU_Ao	CGAACATTCTGTCTCG	SRR11008278	278_CGAACATTCTGTCTCG	TRUE
AMRU_Ao_CGAATGTCAGTAAGCG	AMRU_Ao	CGAATGTCAGTAAGCG	SRR11008278	278_CGAATGTCAGTAAGCG	TRUE
AMRU_Ao_CGAATGTGTCGAAAGC	AMRU_Ao	CGAATGTGTCGAAAGC	SRR11008278	278_CGAATGTGTCGAAAGC	TRUE
AMRU_Ao_CGAATGTTCGAGGTAG	AMRU_Ao	CGAATGTTCGAGGTAG	SRR11008278	278_CGAATGTTCGAGGTAG	TRUE
AMRU_Ao_CGACCTTAGAAGGGTA	AMRU_Ao	CGACCTTAGAAGGGTA	SRR11008278	278_CGACCTTAGAAGGGTA	TRUE
AMRU_Ao_CGACCTTAGGACAGAA	AMRU_Ao	CGACCTTAGGACAGAA	SRR11008278	278_CGACCTTAGGACAGAA	TRUE
AMRU_Ao_CGACCTTGTCAACATC	AMRU_Ao	CGACCTTGTCAACATC	SRR11008278	278_CGACCTTGTCAACATC	TRUE
AMRU_Ao_CGACCTTGTCCAACTA	AMRU_Ao	CGACCTTGTCCAACTA	SRR11008278	278_CGACCTTGTCCAACTA	TRUE
AMRU_Ao_CGACCTTGTGTAATGA	AMRU_Ao	CGACCTTGTGTAATGA	SRR11008278	278_CGACCTTGTGTAATGA	TRUE
AMRU_Ao_CGAGAAGCAAGCCGTC	AMRU_Ao	CGAGAAGCAAGCCGTC	SRR11008278	278_CGAGAAGCAAGCCGTC	TRUE
AMRU_Ao_CGAGAAGCAATCGAAA	AMRU_Ao	CGAGAAGCAATCGAAA	SRR11008278	278_CGAGAAGCAATCGAAA	TRUE
AMRU_Ao_CGAGCACCACAACGTT	AMRU_Ao	CGAGCACCACAACGTT	SRR11008278	278_CGAGCACCACAACGTT	TRUE
AMRU_Ao_CGAGCACTCCATGAGT	AMRU_Ao	CGAGCACTCCATGAGT	SRR11008278	278_CGAGCACTCCATGAGT	TRUE
AMRU_Ao_CGAGCACTCTCGCATC	AMRU_Ao	CGAGCACTCTCGCATC	SRR11008278	278_CGAGCACTCTCGCATC	TRUE
AMRU_Ao_CGAGCCAAGAGACGAA	AMRU_Ao	CGAGCCAAGAGACGAA	SRR11008278	278_CGAGCCAAGAGACGAA	TRUE
AMRU_Ao_CGAGCCAAGGGAGTAA	AMRU_Ao	CGAGCCAAGGGAGTAA	SRR11008278	278_CGAGCCAAGGGAGTAA	TRUE
AMRU_Ao_CGAGCCACAAGAAAGG	AMRU_Ao	CGAGCCACAAGAAAGG	SRR11008278	278_CGAGCCACAAGAAAGG	TRUE
AMRU_Ao_CGAGCCAGTTGTGGCC	AMRU_Ao	CGAGCCAGTTGTGGCC	SRR11008278	278_CGAGCCAGTTGTGGCC	TRUE
AMRU_Ao_CGAGCCATCTACCAGA	AMRU_Ao	CGAGCCATCTACCAGA	SRR11008278	278_CGAGCCATCTACCAGA	TRUE
AMRU_Ao_CGATCGGCAAGCCTAT	AMRU_Ao	CGATCGGCAAGCCTAT	SRR11008278	278_CGATCGGCAAGCCTAT	TRUE
AMRU_Ao_CGATCGGGTAGCGATG	AMRU_Ao	CGATCGGGTAGCGATG	SRR11008278	278_CGATCGGGTAGCGATG	TRUE
AMRU_Ao_CGATCGGGTGTAACGG	AMRU_Ao	CGATCGGGTGTAACGG	SRR11008278	278_CGATCGGGTGTAACGG	TRUE
AMRU_Ao_CGATCGGTCATTCACT	AMRU_Ao	CGATCGGTCATTCACT	SRR11008278	278_CGATCGGTCATTCACT	TRUE
AMRU_Ao_CGATCGGTCCAGTAGT	AMRU_Ao	CGATCGGTCCAGTAGT	SRR11008278	278_CGATCGGTCCAGTAGT	TRUE
AMRU_Ao_CGATGGCAGACCGGAT	AMRU_Ao	CGATGGCAGACCGGAT	SRR11008278	278_CGATGGCAGACCGGAT	TRUE
AMRU_Ao_CGATGGCAGATACACA	AMRU_Ao	CGATGGCAGATACACA	SRR11008278	278_CGATGGCAGATACACA	TRUE
AMRU_Ao_CGATGGCCACAACGCC	AMRU_Ao	CGATGGCCACAACGCC	SRR11008278	278_CGATGGCCACAACGCC	TRUE
AMRU_Ao_CGATGGCCAGGGTATG	AMRU_Ao	CGATGGCCAGGGTATG	SRR11008278	278_CGATGGCCAGGGTATG	TRUE
AMRU_Ao_CGATGGCCAGTCTTCC	AMRU_Ao	CGATGGCCAGTCTTCC	SRR11008278	278_CGATGGCCAGTCTTCC	TRUE
AMRU_Ao_CGATGGCTCAGGTAAA	AMRU_Ao	CGATGGCTCAGGTAAA	SRR11008278	278_CGATGGCTCAGGTAAA	TRUE
AMRU_Ao_CGATGGCTCATTTGGG	AMRU_Ao	CGATGGCTCATTTGGG	SRR11008278	278_CGATGGCTCATTTGGG	TRUE
AMRU_Ao_CGATGTAAGGAGCGTT	AMRU_Ao	CGATGTAAGGAGCGTT	SRR11008278	278_CGATGTAAGGAGCGTT	TRUE
AMRU_Ao_CGATGTACAGGAATGC	AMRU_Ao	CGATGTACAGGAATGC	SRR11008278	278_CGATGTACAGGAATGC	TRUE
AMRU_Ao_CGATGTACAGGATTGG	AMRU_Ao	CGATGTACAGGATTGG	SRR11008278	278_CGATGTACAGGATTGG	TRUE
AMRU_Ao_CGATGTATCGGTTCGG	AMRU_Ao	CGATGTATCGGTTCGG	SRR11008278	278_CGATGTATCGGTTCGG	TRUE
AMRU_Ao_CGATTGAAGAAAGTGG	AMRU_Ao	CGATTGAAGAAAGTGG	SRR11008278	278_CGATTGAAGAAAGTGG	TRUE
AMRU_Ao_CGATTGAAGGCGCTCT	AMRU_Ao	CGATTGAAGGCGCTCT	SRR11008278	278_CGATTGAAGGCGCTCT	TRUE
AMRU_Ao_CGATTGAAGTGAACGC	AMRU_Ao	CGATTGAAGTGAACGC	SRR11008278	278_CGATTGAAGTGAACGC	TRUE
AMRU_Ao_CGATTGATCGAATGGG	AMRU_Ao	CGATTGATCGAATGGG	SRR11008278	278_CGATTGATCGAATGGG	TRUE
AMRU_Ao_CGATTGATCGCCATAA	AMRU_Ao	CGATTGATCGCCATAA	SRR11008278	278_CGATTGATCGCCATAA	TRUE
AMRU_Ao_CGCCAAGAGCGCCTTG	AMRU_Ao	CGCCAAGAGCGCCTTG	SRR11008278	278_CGCCAAGAGCGCCTTG	TRUE
AMRU_Ao_CGCGGTAAGGGCATGT	AMRU_Ao	CGCGGTAAGGGCATGT	SRR11008278	278_CGCGGTAAGGGCATGT	TRUE
AMRU_Ao_CGCGGTAAGTACGCGA	AMRU_Ao	CGCGGTAAGTACGCGA	SRR11008278	278_CGCGGTAAGTACGCGA	TRUE
AMRU_Ao_CGCGGTAGTCGCCATG	AMRU_Ao	CGCGGTAGTCGCCATG	SRR11008278	278_CGCGGTAGTCGCCATG	TRUE
AMRU_Ao_CGCGGTAGTTCACCTC	AMRU_Ao	CGCGGTAGTTCACCTC	SRR11008278	278_CGCGGTAGTTCACCTC	TRUE
AMRU_Ao_CGCGTTTCACGAAATA	AMRU_Ao	CGCGTTTCACGAAATA	SRR11008278	278_CGCGTTTCACGAAATA	TRUE
AMRU_Ao_CGCGTTTCAGTTTACG	AMRU_Ao	CGCGTTTCAGTTTACG	SRR11008278	278_CGCGTTTCAGTTTACG	TRUE
AMRU_Ao_CGCTATCAGCAGACTG	AMRU_Ao	CGCTATCAGCAGACTG	SRR11008278	278_CGCTATCAGCAGACTG	TRUE
AMRU_Ao_CGCTATCCAACCGCCA	AMRU_Ao	CGCTATCCAACCGCCA	SRR11008278	278_CGCTATCCAACCGCCA	TRUE
AMRU_Ao_CGCTATCGTACATCCA	AMRU_Ao	CGCTATCGTACATCCA	SRR11008278	278_CGCTATCGTACATCCA	TRUE
AMRU_Ao_CGCTGGAAGGCTAGGT	AMRU_Ao	CGCTGGAAGGCTAGGT	SRR11008278	278_CGCTGGAAGGCTAGGT	TRUE
AMRU_Ao_CGCTGGACAGCTGGCT	AMRU_Ao	CGCTGGACAGCTGGCT	SRR11008278	278_CGCTGGACAGCTGGCT	TRUE
AMRU_Ao_CGCTGGATCTAGAGTC	AMRU_Ao	CGCTGGATCTAGAGTC	SRR11008278	278_CGCTGGATCTAGAGTC	TRUE
AMRU_Ao_CGCTTCACAGCGATCC	AMRU_Ao	CGCTTCACAGCGATCC	SRR11008278	278_CGCTTCACAGCGATCC	TRUE
AMRU_Ao_CGCTTCAGTCAACTGT	AMRU_Ao	CGCTTCAGTCAACTGT	SRR11008278	278_CGCTTCAGTCAACTGT	TRUE
AMRU_Ao_CGCTTCAGTCACAAGG	AMRU_Ao	CGCTTCAGTCACAAGG	SRR11008278	278_CGCTTCAGTCACAAGG	TRUE
AMRU_Ao_CGCTTCATCCGCTGTT	AMRU_Ao	CGCTTCATCCGCTGTT	SRR11008278	278_CGCTTCATCCGCTGTT	TRUE
AMRU_Ao_CGGACACAGACAGGCT	AMRU_Ao	CGGACACAGACAGGCT	SRR11008278	278_CGGACACAGACAGGCT	TRUE
AMRU_Ao_CGGACACGTTCCACGG	AMRU_Ao	CGGACACGTTCCACGG	SRR11008278	278_CGGACACGTTCCACGG	TRUE
AMRU_Ao_CGGACACGTTTAAGCC	AMRU_Ao	CGGACACGTTTAAGCC	SRR11008278	278_CGGACACGTTTAAGCC	TRUE
AMRU_Ao_CGGACACTCTTGCAAG	AMRU_Ao	CGGACACTCTTGCAAG	SRR11008278	278_CGGACACTCTTGCAAG	TRUE
AMRU_Ao_CGGACGTGTGCACGAA	AMRU_Ao	CGGACGTGTGCACGAA	SRR11008278	278_CGGACGTGTGCACGAA	TRUE
AMRU_Ao_CGGACGTGTGCGGTAA	AMRU_Ao	CGGACGTGTGCGGTAA	SRR11008278	278_CGGACGTGTGCGGTAA	TRUE
AMRU_Ao_CGGAGCTAGTATTGGA	AMRU_Ao	CGGAGCTAGTATTGGA	SRR11008278	278_CGGAGCTAGTATTGGA	TRUE
AMRU_Ao_CGGAGCTGTAAATGTG	AMRU_Ao	CGGAGCTGTAAATGTG	SRR11008278	278_CGGAGCTGTAAATGTG	TRUE
AMRU_Ao_CGGAGCTGTCTCGTTC	AMRU_Ao	CGGAGCTGTCTCGTTC	SRR11008278	278_CGGAGCTGTCTCGTTC	TRUE
AMRU_Ao_CGGAGCTGTGAAAGAG	AMRU_Ao	CGGAGCTGTGAAAGAG	SRR11008278	278_CGGAGCTGTGAAAGAG	TRUE
AMRU_Ao_CGGAGCTTCATCATTC	AMRU_Ao	CGGAGCTTCATCATTC	SRR11008278	278_CGGAGCTTCATCATTC	TRUE
AMRU_Ao_CGGAGCTTCTCTGTCG	AMRU_Ao	CGGAGCTTCTCTGTCG	SRR11008278	278_CGGAGCTTCTCTGTCG	TRUE
AMRU_Ao_CGGCTAGAGAGTAAGG	AMRU_Ao	CGGCTAGAGAGTAAGG	SRR11008278	278_CGGCTAGAGAGTAAGG	TRUE
AMRU_Ao_CGGCTAGAGTATCGAA	AMRU_Ao	CGGCTAGAGTATCGAA	SRR11008278	278_CGGCTAGAGTATCGAA	TRUE
AMRU_Ao_CGGCTAGGTATGAATG	AMRU_Ao	CGGCTAGGTATGAATG	SRR11008278	278_CGGCTAGGTATGAATG	TRUE
AMRU_Ao_CGGGTCAAGGTTCCTA	AMRU_Ao	CGGGTCAAGGTTCCTA	SRR11008278	278_CGGGTCAAGGTTCCTA	TRUE
AMRU_Ao_CGGGTCAAGTGTACGG	AMRU_Ao	CGGGTCAAGTGTACGG	SRR11008278	278_CGGGTCAAGTGTACGG	TRUE
AMRU_Ao_CGGGTCACAACCGCCA	AMRU_Ao	CGGGTCACAACCGCCA	SRR11008278	278_CGGGTCACAACCGCCA	TRUE
AMRU_Ao_CGGGTCACAACTTGAC	AMRU_Ao	CGGGTCACAACTTGAC	SRR11008278	278_CGGGTCACAACTTGAC	TRUE
AMRU_Ao_CGGGTCACAGTGGGAT	AMRU_Ao	CGGGTCACAGTGGGAT	SRR11008278	278_CGGGTCACAGTGGGAT	TRUE
AMRU_Ao_CGGGTCAGTTAGATGA	AMRU_Ao	CGGGTCAGTTAGATGA	SRR11008278	278_CGGGTCAGTTAGATGA	TRUE
AMRU_Ao_CGTAGCGAGGTGCACA	AMRU_Ao	CGTAGCGAGGTGCACA	SRR11008278	278_CGTAGCGAGGTGCACA	TRUE
AMRU_Ao_CGTAGCGAGTACCGGA	AMRU_Ao	CGTAGCGAGTACCGGA	SRR11008278	278_CGTAGCGAGTACCGGA	TRUE
AMRU_Ao_CGTAGCGCAATCGAAA	AMRU_Ao	CGTAGCGCAATCGAAA	SRR11008278	278_CGTAGCGCAATCGAAA	TRUE
AMRU_Ao_CGTAGCGTCACCACCT	AMRU_Ao	CGTAGCGTCACCACCT	SRR11008278	278_CGTAGCGTCACCACCT	TRUE
AMRU_Ao_CGTAGCGTCCACGTTC	AMRU_Ao	CGTAGCGTCCACGTTC	SRR11008278	278_CGTAGCGTCCACGTTC	TRUE
AMRU_Ao_CGTAGCGTCCATGAAC	AMRU_Ao	CGTAGCGTCCATGAAC	SRR11008278	278_CGTAGCGTCCATGAAC	TRUE
AMRU_Ao_CGTAGCGTCCCGGATG	AMRU_Ao	CGTAGCGTCCCGGATG	SRR11008278	278_CGTAGCGTCCCGGATG	TRUE
AMRU_Ao_CGTAGCGTCGGATGGA	AMRU_Ao	CGTAGCGTCGGATGGA	SRR11008278	278_CGTAGCGTCGGATGGA	TRUE
AMRU_Ao_CGTAGGCAGACCTTTG	AMRU_Ao	CGTAGGCAGACCTTTG	SRR11008278	278_CGTAGGCAGACCTTTG	TRUE
AMRU_Ao_CGTAGGCCAGGATTGG	AMRU_Ao	CGTAGGCCAGGATTGG	SRR11008278	278_CGTAGGCCAGGATTGG	TRUE
AMRU_Ao_CGTCACTCAGGCTCAC	AMRU_Ao	CGTCACTCAGGCTCAC	SRR11008278	278_CGTCACTCAGGCTCAC	TRUE
AMRU_Ao_CGTCACTGTCTGATTG	AMRU_Ao	CGTCACTGTCTGATTG	SRR11008278	278_CGTCACTGTCTGATTG	TRUE
AMRU_Ao_CGTCACTGTGCATCTA	AMRU_Ao	CGTCACTGTGCATCTA	SRR11008278	278_CGTCACTGTGCATCTA	TRUE
AMRU_Ao_CGTCAGGAGCTAACAA	AMRU_Ao	CGTCAGGAGCTAACAA	SRR11008278	278_CGTCAGGAGCTAACAA	TRUE
AMRU_Ao_CGTCAGGCACGCCAGT	AMRU_Ao	CGTCAGGCACGCCAGT	SRR11008278	278_CGTCAGGCACGCCAGT	TRUE
AMRU_Ao_CGTCAGGCACTGCCAG	AMRU_Ao	CGTCAGGCACTGCCAG	SRR11008278	278_CGTCAGGCACTGCCAG	TRUE
AMRU_Ao_CGTCAGGGTACGAAAT	AMRU_Ao	CGTCAGGGTACGAAAT	SRR11008278	278_CGTCAGGGTACGAAAT	TRUE
AMRU_Ao_CGTCAGGGTTCGAATC	AMRU_Ao	CGTCAGGGTTCGAATC	SRR11008278	278_CGTCAGGGTTCGAATC	TRUE
AMRU_Ao_CGTCCATAGAACTGTA	AMRU_Ao	CGTCCATAGAACTGTA	SRR11008278	278_CGTCCATAGAACTGTA	TRUE
AMRU_Ao_CGTCCATAGGTGCACA	AMRU_Ao	CGTCCATAGGTGCACA	SRR11008278	278_CGTCCATAGGTGCACA	TRUE
AMRU_Ao_CGTCCATCAAGTTAAG	AMRU_Ao	CGTCCATCAAGTTAAG	SRR11008278	278_CGTCCATCAAGTTAAG	TRUE
AMRU_Ao_CGTCCATGTGTTTGGT	AMRU_Ao	CGTCCATGTGTTTGGT	SRR11008278	278_CGTCCATGTGTTTGGT	TRUE
AMRU_Ao_CGTCTACAGAGTAAGG	AMRU_Ao	CGTCTACAGAGTAAGG	SRR11008278	278_CGTCTACAGAGTAAGG	TRUE
AMRU_Ao_CGTCTACCAAGCGAGT	AMRU_Ao	CGTCTACCAAGCGAGT	SRR11008278	278_CGTCTACCAAGCGAGT	TRUE
AMRU_Ao_CGTGAGCAGTCTCGGC	AMRU_Ao	CGTGAGCAGTCTCGGC	SRR11008278	278_CGTGAGCAGTCTCGGC	TRUE
AMRU_Ao_CGTGAGCAGTGCGTGA	AMRU_Ao	CGTGAGCAGTGCGTGA	SRR11008278	278_CGTGAGCAGTGCGTGA	TRUE
AMRU_Ao_CGTGAGCGTATCTGCA	AMRU_Ao	CGTGAGCGTATCTGCA	SRR11008278	278_CGTGAGCGTATCTGCA	TRUE
AMRU_Ao_CGTGAGCGTGCATCTA	AMRU_Ao	CGTGAGCGTGCATCTA	SRR11008278	278_CGTGAGCGTGCATCTA	TRUE
AMRU_Ao_CGTGAGCTCCTTGCCA	AMRU_Ao	CGTGAGCTCCTTGCCA	SRR11008278	278_CGTGAGCTCCTTGCCA	TRUE
AMRU_Ao_CGTGTAAAGTGCCAGA	AMRU_Ao	CGTGTAAAGTGCCAGA	SRR11008278	278_CGTGTAAAGTGCCAGA	TRUE
AMRU_Ao_CGTGTAAGTCAGAATA	AMRU_Ao	CGTGTAAGTCAGAATA	SRR11008278	278_CGTGTAAGTCAGAATA	TRUE
AMRU_Ao_CGTGTCTTCCAAATGC	AMRU_Ao	CGTGTCTTCCAAATGC	SRR11008278	278_CGTGTCTTCCAAATGC	TRUE
AMRU_Ao_CGTTAGAAGGACGAAA	AMRU_Ao	CGTTAGAAGGACGAAA	SRR11008278	278_CGTTAGAAGGACGAAA	TRUE
AMRU_Ao_CGTTAGATCACCATAG	AMRU_Ao	CGTTAGATCACCATAG	SRR11008278	278_CGTTAGATCACCATAG	TRUE
AMRU_Ao_CGTTCTGCAGTACACT	AMRU_Ao	CGTTCTGCAGTACACT	SRR11008278	278_CGTTCTGCAGTACACT	TRUE
AMRU_Ao_CGTTGGGCACTTAAGC	AMRU_Ao	CGTTGGGCACTTAAGC	SRR11008278	278_CGTTGGGCACTTAAGC	TRUE
AMRU_Ao_CGTTGGGGTCCCGACA	AMRU_Ao	CGTTGGGGTCCCGACA	SRR11008278	278_CGTTGGGGTCCCGACA	TRUE
AMRU_Ao_CGTTGGGTCACCGGGT	AMRU_Ao	CGTTGGGTCACCGGGT	SRR11008278	278_CGTTGGGTCACCGGGT	TRUE
AMRU_Ao_CTAACTTCAAACAACA	AMRU_Ao	CTAACTTCAAACAACA	SRR11008278	278_CTAACTTCAAACAACA	TRUE
AMRU_Ao_CTAACTTCACGTCTCT	AMRU_Ao	CTAACTTCACGTCTCT	SRR11008278	278_CTAACTTCACGTCTCT	TRUE
AMRU_Ao_CTAACTTCACTTCTGC	AMRU_Ao	CTAACTTCACTTCTGC	SRR11008278	278_CTAACTTCACTTCTGC	TRUE
AMRU_Ao_CTAAGACGTAGGCTGA	AMRU_Ao	CTAAGACGTAGGCTGA	SRR11008278	278_CTAAGACGTAGGCTGA	TRUE
AMRU_Ao_CTAATGGAGATATGCA	AMRU_Ao	CTAATGGAGATATGCA	SRR11008278	278_CTAATGGAGATATGCA	TRUE
AMRU_Ao_CTAATGGCAGATGGCA	AMRU_Ao	CTAATGGCAGATGGCA	SRR11008278	278_CTAATGGCAGATGGCA	TRUE
AMRU_Ao_CTAATGGCAGGGTTAG	AMRU_Ao	CTAATGGCAGGGTTAG	SRR11008278	278_CTAATGGCAGGGTTAG	TRUE
AMRU_Ao_CTAATGGGTAGCTCCG	AMRU_Ao	CTAATGGGTAGCTCCG	SRR11008278	278_CTAATGGGTAGCTCCG	TRUE
AMRU_Ao_CTAATGGTCTCTTATG	AMRU_Ao	CTAATGGTCTCTTATG	SRR11008278	278_CTAATGGTCTCTTATG	TRUE
AMRU_Ao_CTACACCCACCGAATT	AMRU_Ao	CTACACCCACCGAATT	SRR11008278	278_CTACACCCACCGAATT	TRUE
AMRU_Ao_CTACACCCACTATCTT	AMRU_Ao	CTACACCCACTATCTT	SRR11008278	278_CTACACCCACTATCTT	TRUE
AMRU_Ao_CTACATTAGTGCCAGA	AMRU_Ao	CTACATTAGTGCCAGA	SRR11008278	278_CTACATTAGTGCCAGA	TRUE
AMRU_Ao_CTACATTCAAGCCTAT	AMRU_Ao	CTACATTCAAGCCTAT	SRR11008278	278_CTACATTCAAGCCTAT	TRUE
AMRU_Ao_CTACATTCACAGTCGC	AMRU_Ao	CTACATTCACAGTCGC	SRR11008278	278_CTACATTCACAGTCGC	TRUE
AMRU_Ao_CTACATTGTCTGATTG	AMRU_Ao	CTACATTGTCTGATTG	SRR11008278	278_CTACATTGTCTGATTG	TRUE
AMRU_Ao_CTACATTTCACCTCGT	AMRU_Ao	CTACATTTCACCTCGT	SRR11008278	278_CTACATTTCACCTCGT	TRUE
AMRU_Ao_CTACATTTCAGCTGGC	AMRU_Ao	CTACATTTCAGCTGGC	SRR11008278	278_CTACATTTCAGCTGGC	TRUE
AMRU_Ao_CTACCCAAGATGAGAG	AMRU_Ao	CTACCCAAGATGAGAG	SRR11008278	278_CTACCCAAGATGAGAG	TRUE
AMRU_Ao_CTACCCACAAGACACG	AMRU_Ao	CTACCCACAAGACACG	SRR11008278	278_CTACCCACAAGACACG	TRUE
AMRU_Ao_CTACCCATCACCAGGC	AMRU_Ao	CTACCCATCACCAGGC	SRR11008278	278_CTACCCATCACCAGGC	TRUE
AMRU_Ao_CTACCCATCATTCACT	AMRU_Ao	CTACCCATCATTCACT	SRR11008278	278_CTACCCATCATTCACT	TRUE
AMRU_Ao_CTACGTCAGTTATCGC	AMRU_Ao	CTACGTCAGTTATCGC	SRR11008278	278_CTACGTCAGTTATCGC	TRUE
AMRU_Ao_CTACGTCCACAACTGT	AMRU_Ao	CTACGTCCACAACTGT	SRR11008278	278_CTACGTCCACAACTGT	TRUE
AMRU_Ao_CTACGTCGTTCAGCGC	AMRU_Ao	CTACGTCGTTCAGCGC	SRR11008278	278_CTACGTCGTTCAGCGC	TRUE
AMRU_Ao_CTACGTCGTTGCCTCT	AMRU_Ao	CTACGTCGTTGCCTCT	SRR11008278	278_CTACGTCGTTGCCTCT	TRUE
AMRU_Ao_CTACGTCTCGTAGGTT	AMRU_Ao	CTACGTCTCGTAGGTT	SRR11008278	278_CTACGTCTCGTAGGTT	TRUE
AMRU_Ao_CTAGAGTGTCCGTGAC	AMRU_Ao	CTAGAGTGTCCGTGAC	SRR11008278	278_CTAGAGTGTCCGTGAC	TRUE
AMRU_Ao_CTAGCCTAGCCAGTAG	AMRU_Ao	CTAGCCTAGCCAGTAG	SRR11008278	278_CTAGCCTAGCCAGTAG	TRUE
AMRU_Ao_CTAGCCTAGTACCGGA	AMRU_Ao	CTAGCCTAGTACCGGA	SRR11008278	278_CTAGCCTAGTACCGGA	TRUE
AMRU_Ao_CTAGCCTCAGCGTTCG	AMRU_Ao	CTAGCCTCAGCGTTCG	SRR11008278	278_CTAGCCTCAGCGTTCG	TRUE
AMRU_Ao_CTAGCCTTCTTGTATC	AMRU_Ao	CTAGCCTTCTTGTATC	SRR11008278	278_CTAGCCTTCTTGTATC	TRUE
AMRU_Ao_CTAGTGAAGAGAGCTC	AMRU_Ao	CTAGTGAAGAGAGCTC	SRR11008278	278_CTAGTGAAGAGAGCTC	TRUE
AMRU_Ao_CTAGTGAAGATGCCTT	AMRU_Ao	CTAGTGAAGATGCCTT	SRR11008278	278_CTAGTGAAGATGCCTT	TRUE
AMRU_Ao_CTAGTGACAGCTGTAT	AMRU_Ao	CTAGTGACAGCTGTAT	SRR11008278	278_CTAGTGACAGCTGTAT	TRUE
AMRU_Ao_CTAGTGATCACTGGGC	AMRU_Ao	CTAGTGATCACTGGGC	SRR11008278	278_CTAGTGATCACTGGGC	TRUE
AMRU_Ao_CTAGTGATCTGTCCGT	AMRU_Ao	CTAGTGATCTGTCCGT	SRR11008278	278_CTAGTGATCTGTCCGT	TRUE
AMRU_Ao_CTCACACCAGCCTATA	AMRU_Ao	CTCACACCAGCCTATA	SRR11008278	278_CTCACACCAGCCTATA	TRUE
AMRU_Ao_CTCAGAAAGAGGGCTT	AMRU_Ao	CTCAGAAAGAGGGCTT	SRR11008278	278_CTCAGAAAGAGGGCTT	TRUE
AMRU_Ao_CTCAGAAAGGTGCAAC	AMRU_Ao	CTCAGAAAGGTGCAAC	SRR11008278	278_CTCAGAAAGGTGCAAC	TRUE
AMRU_Ao_CTCAGAACAACGATCT	AMRU_Ao	CTCAGAACAACGATCT	SRR11008278	278_CTCAGAACAACGATCT	TRUE
AMRU_Ao_CTCAGAACATCTCCCA	AMRU_Ao	CTCAGAACATCTCCCA	SRR11008278	278_CTCAGAACATCTCCCA	TRUE
AMRU_Ao_CTCAGAACATCTCGCT	AMRU_Ao	CTCAGAACATCTCGCT	SRR11008278	278_CTCAGAACATCTCGCT	TRUE
AMRU_Ao_CTCAGAAGTAAGTTCC	AMRU_Ao	CTCAGAAGTAAGTTCC	SRR11008278	278_CTCAGAAGTAAGTTCC	TRUE
AMRU_Ao_CTCAGAAGTAGCGTCC	AMRU_Ao	CTCAGAAGTAGCGTCC	SRR11008278	278_CTCAGAAGTAGCGTCC	TRUE
AMRU_Ao_CTCAGAAGTGAGTGAC	AMRU_Ao	CTCAGAAGTGAGTGAC	SRR11008278	278_CTCAGAAGTGAGTGAC	TRUE
AMRU_Ao_CTCATTACAACGATCT	AMRU_Ao	CTCATTACAACGATCT	SRR11008278	278_CTCATTACAACGATCT	TRUE
AMRU_Ao_CTCATTACAGTTCATG	AMRU_Ao	CTCATTACAGTTCATG	SRR11008278	278_CTCATTACAGTTCATG	TRUE
AMRU_Ao_CTCATTAGTACAGACG	AMRU_Ao	CTCATTAGTACAGACG	SRR11008278	278_CTCATTAGTACAGACG	TRUE
AMRU_Ao_CTCATTATCCGCGTTT	AMRU_Ao	CTCATTATCCGCGTTT	SRR11008278	278_CTCATTATCCGCGTTT	TRUE
AMRU_Ao_CTCATTATCGGAAATA	AMRU_Ao	CTCATTATCGGAAATA	SRR11008278	278_CTCATTATCGGAAATA	TRUE
AMRU_Ao_CTCCTAGCAAATACAG	AMRU_Ao	CTCCTAGCAAATACAG	SRR11008278	278_CTCCTAGCAAATACAG	TRUE
AMRU_Ao_CTCCTAGGTCCGAACC	AMRU_Ao	CTCCTAGGTCCGAACC	SRR11008278	278_CTCCTAGGTCCGAACC	TRUE
AMRU_Ao_CTCCTAGTCACTTCAT	AMRU_Ao	CTCCTAGTCACTTCAT	SRR11008278	278_CTCCTAGTCACTTCAT	TRUE
AMRU_Ao_CTCCTAGTCGTTGACA	AMRU_Ao	CTCCTAGTCGTTGACA	SRR11008278	278_CTCCTAGTCGTTGACA	TRUE
AMRU_Ao_CTCGAAACAATGTAAG	AMRU_Ao	CTCGAAACAATGTAAG	SRR11008278	278_CTCGAAACAATGTAAG	TRUE
AMRU_Ao_CTCGAAACACAGTCGC	AMRU_Ao	CTCGAAACACAGTCGC	SRR11008278	278_CTCGAAACACAGTCGC	TRUE
AMRU_Ao_CTCGAAATCGATCCCT	AMRU_Ao	CTCGAAATCGATCCCT	SRR11008278	278_CTCGAAATCGATCCCT	TRUE
AMRU_Ao_CTCGAGGGTGAACCTT	AMRU_Ao	CTCGAGGGTGAACCTT	SRR11008278	278_CTCGAGGGTGAACCTT	TRUE
AMRU_Ao_CTCGAGGGTTGGAGGT	AMRU_Ao	CTCGAGGGTTGGAGGT	SRR11008278	278_CTCGAGGGTTGGAGGT	TRUE
AMRU_Ao_CTCGAGGTCAGTTAGC	AMRU_Ao	CTCGAGGTCAGTTAGC	SRR11008278	278_CTCGAGGTCAGTTAGC	TRUE
AMRU_Ao_CTCGGAGAGGCAATTA	AMRU_Ao	CTCGGAGAGGCAATTA	SRR11008278	278_CTCGGAGAGGCAATTA	TRUE
AMRU_Ao_CTCGGAGGTAGCGCTC	AMRU_Ao	CTCGGAGGTAGCGCTC	SRR11008278	278_CTCGGAGGTAGCGCTC	TRUE
AMRU_Ao_CTCGGAGGTTTGGGCC	AMRU_Ao	CTCGGAGGTTTGGGCC	SRR11008278	278_CTCGGAGGTTTGGGCC	TRUE
AMRU_Ao_CTCGGGATCGCGGATC	AMRU_Ao	CTCGGGATCGCGGATC	SRR11008278	278_CTCGGGATCGCGGATC	FALSE
AMRU_Ao_CTCGTACAGGGAAACA	AMRU_Ao	CTCGTACAGGGAAACA	SRR11008278	278_CTCGTACAGGGAAACA	TRUE
AMRU_Ao_CTCGTACCACAACGCC	AMRU_Ao	CTCGTACCACAACGCC	SRR11008278	278_CTCGTACCACAACGCC	TRUE
AMRU_Ao_CTCGTCAGTTCGGGCT	AMRU_Ao	CTCGTCAGTTCGGGCT	SRR11008278	278_CTCGTCAGTTCGGGCT	TRUE
AMRU_Ao_CTCGTCATCCTCTAGC	AMRU_Ao	CTCGTCATCCTCTAGC	SRR11008278	278_CTCGTCATCCTCTAGC	TRUE
AMRU_Ao_CTCGTCATCGCTAGCG	AMRU_Ao	CTCGTCATCGCTAGCG	SRR11008278	278_CTCGTCATCGCTAGCG	TRUE
AMRU_Ao_CTCTAATAGCAATATG	AMRU_Ao	CTCTAATAGCAATATG	SRR11008278	278_CTCTAATAGCAATATG	TRUE
AMRU_Ao_CTCTAATAGTAGCGGT	AMRU_Ao	CTCTAATAGTAGCGGT	SRR11008278	278_CTCTAATAGTAGCGGT	TRUE
AMRU_Ao_CTCTAATGTCCAGTAT	AMRU_Ao	CTCTAATGTCCAGTAT	SRR11008278	278_CTCTAATGTCCAGTAT	TRUE
AMRU_Ao_CTCTACGAGACTGTAA	AMRU_Ao	CTCTACGAGACTGTAA	SRR11008278	278_CTCTACGAGACTGTAA	TRUE
AMRU_Ao_CTCTACGCAAAGGCGT	AMRU_Ao	CTCTACGCAAAGGCGT	SRR11008278	278_CTCTACGCAAAGGCGT	TRUE
AMRU_Ao_CTCTACGCAATGTTGC	AMRU_Ao	CTCTACGCAATGTTGC	SRR11008278	278_CTCTACGCAATGTTGC	TRUE
AMRU_Ao_CTCTACGGTAGGCATG	AMRU_Ao	CTCTACGGTAGGCATG	SRR11008278	278_CTCTACGGTAGGCATG	TRUE
AMRU_Ao_CTCTGGTCAGTGGGAT	AMRU_Ao	CTCTGGTCAGTGGGAT	SRR11008278	278_CTCTGGTCAGTGGGAT	TRUE
AMRU_Ao_CTGAAACAGTCATCCA	AMRU_Ao	CTGAAACAGTCATCCA	SRR11008278	278_CTGAAACAGTCATCCA	TRUE
AMRU_Ao_CTGAAACAGTTAACGA	AMRU_Ao	CTGAAACAGTTAACGA	SRR11008278	278_CTGAAACAGTTAACGA	TRUE
AMRU_Ao_CTGAAACCACGAAGCA	AMRU_Ao	CTGAAACCACGAAGCA	SRR11008278	278_CTGAAACCACGAAGCA	TRUE
AMRU_Ao_CTGAAACCAGCTGTGC	AMRU_Ao	CTGAAACCAGCTGTGC	SRR11008278	278_CTGAAACCAGCTGTGC	TRUE
AMRU_Ao_CTGAAACCAGTCGATT	AMRU_Ao	CTGAAACCAGTCGATT	SRR11008278	278_CTGAAACCAGTCGATT	TRUE
AMRU_Ao_CTGAAACGTCAGATAA	AMRU_Ao	CTGAAACGTCAGATAA	SRR11008278	278_CTGAAACGTCAGATAA	TRUE
AMRU_Ao_CTGAAACTCGGGAGTA	AMRU_Ao	CTGAAACTCGGGAGTA	SRR11008278	278_CTGAAACTCGGGAGTA	TRUE
AMRU_Ao_CTGAAGTCACACCGAC	AMRU_Ao	CTGAAGTCACACCGAC	SRR11008278	278_CTGAAGTCACACCGAC	TRUE
AMRU_Ao_CTGAAGTCACAGCCCA	AMRU_Ao	CTGAAGTCACAGCCCA	SRR11008278	278_CTGAAGTCACAGCCCA	TRUE
AMRU_Ao_CTGAAGTTCACTGGGC	AMRU_Ao	CTGAAGTTCACTGGGC	SRR11008278	278_CTGAAGTTCACTGGGC	TRUE
AMRU_Ao_CTGATAGAGATATGCA	AMRU_Ao	CTGATAGAGATATGCA	SRR11008278	278_CTGATAGAGATATGCA	TRUE
AMRU_Ao_CTGATAGAGCTCCTTC	AMRU_Ao	CTGATAGAGCTCCTTC	SRR11008278	278_CTGATAGAGCTCCTTC	TRUE
AMRU_Ao_CTGATAGGTACGCACC	AMRU_Ao	CTGATAGGTACGCACC	SRR11008278	278_CTGATAGGTACGCACC	TRUE
AMRU_Ao_CTGATAGGTATTCGTG	AMRU_Ao	CTGATAGGTATTCGTG	SRR11008278	278_CTGATAGGTATTCGTG	TRUE
AMRU_Ao_CTGATCCGTAACGACG	AMRU_Ao	CTGATCCGTAACGACG	SRR11008278	278_CTGATCCGTAACGACG	TRUE
AMRU_Ao_CTGATCCGTACGCTGC	AMRU_Ao	CTGATCCGTACGCTGC	SRR11008278	278_CTGATCCGTACGCTGC	TRUE
AMRU_Ao_CTGATCCGTTGAACTC	AMRU_Ao	CTGATCCGTTGAACTC	SRR11008278	278_CTGATCCGTTGAACTC	TRUE
AMRU_Ao_CTGATCCTCTGCTGTC	AMRU_Ao	CTGATCCTCTGCTGTC	SRR11008278	278_CTGATCCTCTGCTGTC	TRUE
AMRU_Ao_CTGCCTAAGCACCGCT	AMRU_Ao	CTGCCTAAGCACCGCT	SRR11008278	278_CTGCCTAAGCACCGCT	TRUE
AMRU_Ao_CTGCCTAAGCTGCAAG	AMRU_Ao	CTGCCTAAGCTGCAAG	SRR11008278	278_CTGCCTAAGCTGCAAG	TRUE
AMRU_Ao_CTGCCTACAGGCTGAA	AMRU_Ao	CTGCCTACAGGCTGAA	SRR11008278	278_CTGCCTACAGGCTGAA	TRUE
AMRU_Ao_CTGCGGAAGAATTCCC	AMRU_Ao	CTGCGGAAGAATTCCC	SRR11008278	278_CTGCGGAAGAATTCCC	TRUE
AMRU_Ao_CTGCTGTGTATAGGGC	AMRU_Ao	CTGCTGTGTATAGGGC	SRR11008278	278_CTGCTGTGTATAGGGC	TRUE
AMRU_Ao_CTGCTGTGTATGGTTC	AMRU_Ao	CTGCTGTGTATGGTTC	SRR11008278	278_CTGCTGTGTATGGTTC	TRUE
AMRU_Ao_CTGCTGTTCGTGGACC	AMRU_Ao	CTGCTGTTCGTGGACC	SRR11008278	278_CTGCTGTTCGTGGACC	TRUE
AMRU_Ao_CTGGTCTCACCCTATC	AMRU_Ao	CTGGTCTCACCCTATC	SRR11008278	278_CTGGTCTCACCCTATC	TRUE
AMRU_Ao_CTGGTCTGTCGTCTTC	AMRU_Ao	CTGGTCTGTCGTCTTC	SRR11008278	278_CTGGTCTGTCGTCTTC	TRUE
AMRU_Ao_CTGTGCTAGGCACATG	AMRU_Ao	CTGTGCTAGGCACATG	SRR11008278	278_CTGTGCTAGGCACATG	TRUE
AMRU_Ao_CTGTGCTAGTTAAGTG	AMRU_Ao	CTGTGCTAGTTAAGTG	SRR11008278	278_CTGTGCTAGTTAAGTG	TRUE
AMRU_Ao_CTGTGCTGTGGCAAAC	AMRU_Ao	CTGTGCTGTGGCAAAC	SRR11008278	278_CTGTGCTGTGGCAAAC	TRUE
AMRU_Ao_CTGTGCTTCGGAGCAA	AMRU_Ao	CTGTGCTTCGGAGCAA	SRR11008278	278_CTGTGCTTCGGAGCAA	TRUE
AMRU_Ao_CTGTTTAAGTCTCGGC	AMRU_Ao	CTGTTTAAGTCTCGGC	SRR11008278	278_CTGTTTAAGTCTCGGC	TRUE
AMRU_Ao_CTGTTTACAGCTCCGA	AMRU_Ao	CTGTTTACAGCTCCGA	SRR11008278	278_CTGTTTACAGCTCCGA	TRUE
AMRU_Ao_CTGTTTAGTATGAAAC	AMRU_Ao	CTGTTTAGTATGAAAC	SRR11008278	278_CTGTTTAGTATGAAAC	TRUE
AMRU_Ao_CTGTTTAGTCTAGAGG	AMRU_Ao	CTGTTTAGTCTAGAGG	SRR11008278	278_CTGTTTAGTCTAGAGG	TRUE
AMRU_Ao_CTGTTTAGTGCCTTGG	AMRU_Ao	CTGTTTAGTGCCTTGG	SRR11008278	278_CTGTTTAGTGCCTTGG	TRUE
AMRU_Ao_CTGTTTATCCGGGTGT	AMRU_Ao	CTGTTTATCCGGGTGT	SRR11008278	278_CTGTTTATCCGGGTGT	TRUE
AMRU_Ao_CTGTTTATCTGCAGTA	AMRU_Ao	CTGTTTATCTGCAGTA	SRR11008278	278_CTGTTTATCTGCAGTA	TRUE
AMRU_Ao_CTTAACTAGAGCTGGT	AMRU_Ao	CTTAACTAGAGCTGGT	SRR11008278	278_CTTAACTAGAGCTGGT	TRUE
AMRU_Ao_CTTAACTTCACATGCA	AMRU_Ao	CTTAACTTCACATGCA	SRR11008278	278_CTTAACTTCACATGCA	TRUE
AMRU_Ao_CTTAACTTCTACTATC	AMRU_Ao	CTTAACTTCTACTATC	SRR11008278	278_CTTAACTTCTACTATC	TRUE
AMRU_Ao_CTTACCGAGCCGCCTA	AMRU_Ao	CTTACCGAGCCGCCTA	SRR11008278	278_CTTACCGAGCCGCCTA	TRUE
AMRU_Ao_CTTACCGCACTCAGGC	AMRU_Ao	CTTACCGCACTCAGGC	SRR11008278	278_CTTACCGCACTCAGGC	TRUE
AMRU_Ao_CTTACCGTCACAATGC	AMRU_Ao	CTTACCGTCACAATGC	SRR11008278	278_CTTACCGTCACAATGC	TRUE
AMRU_Ao_CTTACCGTCCCTGACT	AMRU_Ao	CTTACCGTCCCTGACT	SRR11008278	278_CTTACCGTCCCTGACT	TRUE
AMRU_Ao_CTTAGGATCTTCTGGC	AMRU_Ao	CTTAGGATCTTCTGGC	SRR11008278	278_CTTAGGATCTTCTGGC	TRUE
AMRU_Ao_CTTCTCTGTAGAGCTG	AMRU_Ao	CTTCTCTGTAGAGCTG	SRR11008278	278_CTTCTCTGTAGAGCTG	TRUE
AMRU_Ao_CTTCTCTGTGTCAATC	AMRU_Ao	CTTCTCTGTGTCAATC	SRR11008278	278_CTTCTCTGTGTCAATC	TRUE
AMRU_Ao_CTTGGCTAGACGACGT	AMRU_Ao	CTTGGCTAGACGACGT	SRR11008278	278_CTTGGCTAGACGACGT	TRUE
AMRU_Ao_CTTGGCTAGTCCATAC	AMRU_Ao	CTTGGCTAGTCCATAC	SRR11008278	278_CTTGGCTAGTCCATAC	TRUE
AMRU_Ao_CTTGGCTCAACTGCGC	AMRU_Ao	CTTGGCTCAACTGCGC	SRR11008278	278_CTTGGCTCAACTGCGC	TRUE
AMRU_Ao_CTTGGCTGTAGTACCT	AMRU_Ao	CTTGGCTGTAGTACCT	SRR11008278	278_CTTGGCTGTAGTACCT	TRUE
AMRU_Ao_CTTGGCTGTCGAATCT	AMRU_Ao	CTTGGCTGTCGAATCT	SRR11008278	278_CTTGGCTGTCGAATCT	TRUE
AMRU_Ao_CTTGGCTGTCGACTAT	AMRU_Ao	CTTGGCTGTCGACTAT	SRR11008278	278_CTTGGCTGTCGACTAT	TRUE
AMRU_Ao_CTTGGCTGTTAAAGAC	AMRU_Ao	CTTGGCTGTTAAAGAC	SRR11008278	278_CTTGGCTGTTAAAGAC	TRUE
AMRU_Ao_CTTGGCTTCAGTTTGG	AMRU_Ao	CTTGGCTTCAGTTTGG	SRR11008278	278_CTTGGCTTCAGTTTGG	TRUE
AMRU_Ao_CTTGGCTTCCGTTGTC	AMRU_Ao	CTTGGCTTCCGTTGTC	SRR11008278	278_CTTGGCTTCCGTTGTC	TRUE
AMRU_Ao_CTTTGCGAGTGTCCAT	AMRU_Ao	CTTTGCGAGTGTCCAT	SRR11008278	278_CTTTGCGAGTGTCCAT	TRUE
AMRU_Ao_CTTTGCGCAGTGACAG	AMRU_Ao	CTTTGCGCAGTGACAG	SRR11008278	278_CTTTGCGCAGTGACAG	TRUE
AMRU_Ao_CTTTGCGGTAATTGGA	AMRU_Ao	CTTTGCGGTAATTGGA	SRR11008278	278_CTTTGCGGTAATTGGA	TRUE
AMRU_Ao_CTTTGCGTCTCTGCTG	AMRU_Ao	CTTTGCGTCTCTGCTG	SRR11008278	278_CTTTGCGTCTCTGCTG	TRUE
AMRU_Ao_GAAACTCAGAGGTAGA	AMRU_Ao	GAAACTCAGAGGTAGA	SRR11008278	278_GAAACTCAGAGGTAGA	TRUE
AMRU_Ao_GAAACTCAGTACGATA	AMRU_Ao	GAAACTCAGTACGATA	SRR11008278	278_GAAACTCAGTACGATA	TRUE
AMRU_Ao_GAAACTCAGTGTCCAT	AMRU_Ao	GAAACTCAGTGTCCAT	SRR11008278	278_GAAACTCAGTGTCCAT	TRUE
AMRU_Ao_GAAACTCCACACATGT	AMRU_Ao	GAAACTCCACACATGT	SRR11008278	278_GAAACTCCACACATGT	TRUE
AMRU_Ao_GAAACTCGTCGCGGTT	AMRU_Ao	GAAACTCGTCGCGGTT	SRR11008278	278_GAAACTCGTCGCGGTT	TRUE
AMRU_Ao_GAAACTCGTTAAGATG	AMRU_Ao	GAAACTCGTTAAGATG	SRR11008278	278_GAAACTCGTTAAGATG	TRUE
AMRU_Ao_GAAATGACACAGGTTT	AMRU_Ao	GAAATGACACAGGTTT	SRR11008278	278_GAAATGACACAGGTTT	TRUE
AMRU_Ao_GAAATGACAGATTGCT	AMRU_Ao	GAAATGACAGATTGCT	SRR11008278	278_GAAATGACAGATTGCT	TRUE
AMRU_Ao_GAAATGAGTACAGCAG	AMRU_Ao	GAAATGAGTACAGCAG	SRR11008278	278_GAAATGAGTACAGCAG	TRUE
AMRU_Ao_GAAATGATCGTGACAT	AMRU_Ao	GAAATGATCGTGACAT	SRR11008278	278_GAAATGATCGTGACAT	TRUE
AMRU_Ao_GAACATCAGAAGGGTA	AMRU_Ao	GAACATCAGAAGGGTA	SRR11008278	278_GAACATCAGAAGGGTA	TRUE
AMRU_Ao_GAACATCAGGATCGCA	AMRU_Ao	GAACATCAGGATCGCA	SRR11008278	278_GAACATCAGGATCGCA	TRUE
AMRU_Ao_GAACATCCAGTATGCT	AMRU_Ao	GAACATCCAGTATGCT	SRR11008278	278_GAACATCCAGTATGCT	TRUE
AMRU_Ao_GAACATCGTCCCTTGT	AMRU_Ao	GAACATCGTCCCTTGT	SRR11008278	278_GAACATCGTCCCTTGT	TRUE
AMRU_Ao_GAACATCTCGCCAAAT	AMRU_Ao	GAACATCTCGCCAAAT	SRR11008278	278_GAACATCTCGCCAAAT	TRUE
AMRU_Ao_GAACCTAAGCCTATGT	AMRU_Ao	GAACCTAAGCCTATGT	SRR11008278	278_GAACCTAAGCCTATGT	TRUE
AMRU_Ao_GAACCTACAAAGAATC	AMRU_Ao	GAACCTACAAAGAATC	SRR11008278	278_GAACCTACAAAGAATC	TRUE
AMRU_Ao_GAACCTACAAGTCTGT	AMRU_Ao	GAACCTACAAGTCTGT	SRR11008278	278_GAACCTACAAGTCTGT	TRUE
AMRU_Ao_GAACCTACATGCTAGT	AMRU_Ao	GAACCTACATGCTAGT	SRR11008278	278_GAACCTACATGCTAGT	TRUE
AMRU_Ao_GAACGGAAGTTCGATC	AMRU_Ao	GAACGGAAGTTCGATC	SRR11008278	278_GAACGGAAGTTCGATC	FALSE
AMRU_Ao_GAACGGACAAGCCCAC	AMRU_Ao	GAACGGACAAGCCCAC	SRR11008278	278_GAACGGACAAGCCCAC	TRUE
AMRU_Ao_GAACGGACAAGGTTCT	AMRU_Ao	GAACGGACAAGGTTCT	SRR11008278	278_GAACGGACAAGGTTCT	TRUE
AMRU_Ao_GAACGGACACAGGTTT	AMRU_Ao	GAACGGACACAGGTTT	SRR11008278	278_GAACGGACACAGGTTT	TRUE
AMRU_Ao_GAACGGAGTGAGTGAC	AMRU_Ao	GAACGGAGTGAGTGAC	SRR11008278	278_GAACGGAGTGAGTGAC	TRUE
AMRU_Ao_GAAGCAGAGACTCGGA	AMRU_Ao	GAAGCAGAGACTCGGA	SRR11008278	278_GAAGCAGAGACTCGGA	TRUE
AMRU_Ao_GAAGCAGAGGCGTACA	AMRU_Ao	GAAGCAGAGGCGTACA	SRR11008278	278_GAAGCAGAGGCGTACA	TRUE
AMRU_Ao_GAAGCAGAGTGGTAGC	AMRU_Ao	GAAGCAGAGTGGTAGC	SRR11008278	278_GAAGCAGAGTGGTAGC	TRUE
AMRU_Ao_GAAGCAGCACTGTTAG	AMRU_Ao	GAAGCAGCACTGTTAG	SRR11008278	278_GAAGCAGCACTGTTAG	TRUE
AMRU_Ao_GAAGCAGCAGTCACTA	AMRU_Ao	GAAGCAGCAGTCACTA	SRR11008278	278_GAAGCAGCAGTCACTA	TRUE
AMRU_Ao_GAAGCAGTCAGCTCTC	AMRU_Ao	GAAGCAGTCAGCTCTC	SRR11008278	278_GAAGCAGTCAGCTCTC	TRUE
AMRU_Ao_GAAGCAGTCTTGACGA	AMRU_Ao	GAAGCAGTCTTGACGA	SRR11008278	278_GAAGCAGTCTTGACGA	TRUE
AMRU_Ao_GAATAAGGTACTCAAC	AMRU_Ao	GAATAAGGTACTCAAC	SRR11008278	278_GAATAAGGTACTCAAC	TRUE
AMRU_Ao_GAATAAGGTAGCAAAT	AMRU_Ao	GAATAAGGTAGCAAAT	SRR11008278	278_GAATAAGGTAGCAAAT	TRUE
AMRU_Ao_GAATGAAAGCTCCTCT	AMRU_Ao	GAATGAAAGCTCCTCT	SRR11008278	278_GAATGAAAGCTCCTCT	TRUE
AMRU_Ao_GAATGAAAGTGGTAAT	AMRU_Ao	GAATGAAAGTGGTAAT	SRR11008278	278_GAATGAAAGTGGTAAT	TRUE
AMRU_Ao_GAATGAACACGGATAG	AMRU_Ao	GAATGAACACGGATAG	SRR11008278	278_GAATGAACACGGATAG	TRUE
AMRU_Ao_GAATGAACATCCAACA	AMRU_Ao	GAATGAACATCCAACA	SRR11008278	278_GAATGAACATCCAACA	TRUE
AMRU_Ao_GAATGAATCACAACGT	AMRU_Ao	GAATGAATCACAACGT	SRR11008278	278_GAATGAATCACAACGT	TRUE
AMRU_Ao_GACACGCAGGCGATAC	AMRU_Ao	GACACGCAGGCGATAC	SRR11008278	278_GACACGCAGGCGATAC	TRUE
AMRU_Ao_GACACGCCATGCCCGA	AMRU_Ao	GACACGCCATGCCCGA	SRR11008278	278_GACACGCCATGCCCGA	TRUE
AMRU_Ao_GACACGCCATTACCTT	AMRU_Ao	GACACGCCATTACCTT	SRR11008278	278_GACACGCCATTACCTT	TRUE
AMRU_Ao_GACACGCGTTACAGAA	AMRU_Ao	GACACGCGTTACAGAA	SRR11008278	278_GACACGCGTTACAGAA	TRUE
AMRU_Ao_GACACGCTCGCCTGAG	AMRU_Ao	GACACGCTCGCCTGAG	SRR11008278	278_GACACGCTCGCCTGAG	TRUE
AMRU_Ao_GACAGAGTCGTACCGG	AMRU_Ao	GACAGAGTCGTACCGG	SRR11008278	278_GACAGAGTCGTACCGG	TRUE
AMRU_Ao_GACCAATCACGAAACG	AMRU_Ao	GACCAATCACGAAACG	SRR11008278	278_GACCAATCACGAAACG	TRUE
AMRU_Ao_GACCAATCATGTAAGA	AMRU_Ao	GACCAATCATGTAAGA	SRR11008278	278_GACCAATCATGTAAGA	TRUE
AMRU_Ao_GACCAATGTAGCGTAG	AMRU_Ao	GACCAATGTAGCGTAG	SRR11008278	278_GACCAATGTAGCGTAG	TRUE
AMRU_Ao_GACCTGGAGACAAGCC	AMRU_Ao	GACCTGGAGACAAGCC	SRR11008278	278_GACCTGGAGACAAGCC	TRUE
AMRU_Ao_GACCTGGAGACATAAC	AMRU_Ao	GACCTGGAGACATAAC	SRR11008278	278_GACCTGGAGACATAAC	TRUE
AMRU_Ao_GACCTGGAGCGACGTA	AMRU_Ao	GACCTGGAGCGACGTA	SRR11008278	278_GACCTGGAGCGACGTA	TRUE
AMRU_Ao_GACCTGGAGTGGTAAT	AMRU_Ao	GACCTGGAGTGGTAAT	SRR11008278	278_GACCTGGAGTGGTAAT	TRUE
AMRU_Ao_GACCTGGGTATAAACG	AMRU_Ao	GACCTGGGTATAAACG	SRR11008278	278_GACCTGGGTATAAACG	TRUE
AMRU_Ao_GACCTGGGTTGCCTCT	AMRU_Ao	GACCTGGGTTGCCTCT	SRR11008278	278_GACCTGGGTTGCCTCT	TRUE
AMRU_Ao_GACGCGTGTCGGATCC	AMRU_Ao	GACGCGTGTCGGATCC	SRR11008278	278_GACGCGTGTCGGATCC	TRUE
AMRU_Ao_GACGCGTGTGAAAGAG	AMRU_Ao	GACGCGTGTGAAAGAG	SRR11008278	278_GACGCGTGTGAAAGAG	TRUE
AMRU_Ao_GACGCGTGTGATAAGT	AMRU_Ao	GACGCGTGTGATAAGT	SRR11008278	278_GACGCGTGTGATAAGT	TRUE
AMRU_Ao_GACGCGTTCATCTGTT	AMRU_Ao	GACGCGTTCATCTGTT	SRR11008278	278_GACGCGTTCATCTGTT	TRUE
AMRU_Ao_GACGGCTAGGGATGGG	AMRU_Ao	GACGGCTAGGGATGGG	SRR11008278	278_GACGGCTAGGGATGGG	TRUE
AMRU_Ao_GACGGCTAGGTCGGAT	AMRU_Ao	GACGGCTAGGTCGGAT	SRR11008278	278_GACGGCTAGGTCGGAT	TRUE
AMRU_Ao_GACGGCTAGTGGACGT	AMRU_Ao	GACGGCTAGTGGACGT	SRR11008278	278_GACGGCTAGTGGACGT	TRUE
AMRU_Ao_GACGGCTCACATCTTT	AMRU_Ao	GACGGCTCACATCTTT	SRR11008278	278_GACGGCTCACATCTTT	TRUE
AMRU_Ao_GACGGCTTCCGCAAGC	AMRU_Ao	GACGGCTTCCGCAAGC	SRR11008278	278_GACGGCTTCCGCAAGC	TRUE
AMRU_Ao_GACGGCTTCTGGTATG	AMRU_Ao	GACGGCTTCTGGTATG	SRR11008278	278_GACGGCTTCTGGTATG	TRUE
AMRU_Ao_GACGTGCAGTGAAGTT	AMRU_Ao	GACGTGCAGTGAAGTT	SRR11008278	278_GACGTGCAGTGAAGTT	TRUE
AMRU_Ao_GACGTGCCATTGTGCA	AMRU_Ao	GACGTGCCATTGTGCA	SRR11008278	278_GACGTGCCATTGTGCA	TRUE
AMRU_Ao_GACGTGCGTACACCGC	AMRU_Ao	GACGTGCGTACACCGC	SRR11008278	278_GACGTGCGTACACCGC	TRUE
AMRU_Ao_GACGTGCTCAGAGGTG	AMRU_Ao	GACGTGCTCAGAGGTG	SRR11008278	278_GACGTGCTCAGAGGTG	TRUE
AMRU_Ao_GACGTTACAAGGTTTC	AMRU_Ao	GACGTTACAAGGTTTC	SRR11008278	278_GACGTTACAAGGTTTC	TRUE
AMRU_Ao_GACGTTACAATGGATA	AMRU_Ao	GACGTTACAATGGATA	SRR11008278	278_GACGTTACAATGGATA	TRUE
AMRU_Ao_GACGTTATCACCCTCA	AMRU_Ao	GACGTTATCACCCTCA	SRR11008278	278_GACGTTATCACCCTCA	TRUE
AMRU_Ao_GACGTTATCCTGCTTG	AMRU_Ao	GACGTTATCCTGCTTG	SRR11008278	278_GACGTTATCCTGCTTG	TRUE
AMRU_Ao_GACGTTATCTGAGGGA	AMRU_Ao	GACGTTATCTGAGGGA	SRR11008278	278_GACGTTATCTGAGGGA	TRUE
AMRU_Ao_GACGTTATCTGCCAGG	AMRU_Ao	GACGTTATCTGCCAGG	SRR11008278	278_GACGTTATCTGCCAGG	TRUE
AMRU_Ao_GACTAACAGGCAGGTT	AMRU_Ao	GACTAACAGGCAGGTT	SRR11008278	278_GACTAACAGGCAGGTT	TRUE
AMRU_Ao_GACTAACAGGCTAGCA	AMRU_Ao	GACTAACAGGCTAGCA	SRR11008278	278_GACTAACAGGCTAGCA	TRUE
AMRU_Ao_GACTAACCACGAAACG	AMRU_Ao	GACTAACCACGAAACG	SRR11008278	278_GACTAACCACGAAACG	TRUE
AMRU_Ao_GACTACAAGAAACGAG	AMRU_Ao	GACTACAAGAAACGAG	SRR11008278	278_GACTACAAGAAACGAG	TRUE
AMRU_Ao_GACTACAAGATTACCC	AMRU_Ao	GACTACAAGATTACCC	SRR11008278	278_GACTACAAGATTACCC	TRUE
AMRU_Ao_GACTACATCAGGCAAG	AMRU_Ao	GACTACATCAGGCAAG	SRR11008278	278_GACTACATCAGGCAAG	TRUE
AMRU_Ao_GACTACATCCCAAGAT	AMRU_Ao	GACTACATCCCAAGAT	SRR11008278	278_GACTACATCCCAAGAT	TRUE
AMRU_Ao_GACTGCGAGCATGGCA	AMRU_Ao	GACTGCGAGCATGGCA	SRR11008278	278_GACTGCGAGCATGGCA	TRUE
AMRU_Ao_GACTGCGGTGCACCAC	AMRU_Ao	GACTGCGGTGCACCAC	SRR11008278	278_GACTGCGGTGCACCAC	TRUE
AMRU_Ao_GACTGCGTCCTGCCAT	AMRU_Ao	GACTGCGTCCTGCCAT	SRR11008278	278_GACTGCGTCCTGCCAT	TRUE
AMRU_Ao_GAGCAGAAGAAGAAGC	AMRU_Ao	GAGCAGAAGAAGAAGC	SRR11008278	278_GAGCAGAAGAAGAAGC	TRUE
AMRU_Ao_GAGCAGAAGTATTGGA	AMRU_Ao	GAGCAGAAGTATTGGA	SRR11008278	278_GAGCAGAAGTATTGGA	TRUE
AMRU_Ao_GAGCAGACAAGGACTG	AMRU_Ao	GAGCAGACAAGGACTG	SRR11008278	278_GAGCAGACAAGGACTG	TRUE
AMRU_Ao_GAGCAGACAATGGACG	AMRU_Ao	GAGCAGACAATGGACG	SRR11008278	278_GAGCAGACAATGGACG	TRUE
AMRU_Ao_GAGCAGATCAGAGCTT	AMRU_Ao	GAGCAGATCAGAGCTT	SRR11008278	278_GAGCAGATCAGAGCTT	TRUE
AMRU_Ao_GAGCAGATCGGTCCGA	AMRU_Ao	GAGCAGATCGGTCCGA	SRR11008278	278_GAGCAGATCGGTCCGA	TRUE
AMRU_Ao_GAGGTGAAGAGTAAGG	AMRU_Ao	GAGGTGAAGAGTAAGG	SRR11008278	278_GAGGTGAAGAGTAAGG	TRUE
AMRU_Ao_GAGGTGAAGTGAACAT	AMRU_Ao	GAGGTGAAGTGAACAT	SRR11008278	278_GAGGTGAAGTGAACAT	TRUE
AMRU_Ao_GAGGTGACACTAAGTC	AMRU_Ao	GAGGTGACACTAAGTC	SRR11008278	278_GAGGTGACACTAAGTC	TRUE
AMRU_Ao_GAGGTGACAGACAGGT	AMRU_Ao	GAGGTGACAGACAGGT	SRR11008278	278_GAGGTGACAGACAGGT	TRUE
AMRU_Ao_GAGGTGAGTAGCGCAA	AMRU_Ao	GAGGTGAGTAGCGCAA	SRR11008278	278_GAGGTGAGTAGCGCAA	TRUE
AMRU_Ao_GAGGTGAGTCACCTAA	AMRU_Ao	GAGGTGAGTCACCTAA	SRR11008278	278_GAGGTGAGTCACCTAA	TRUE
AMRU_Ao_GAGTCCGAGGTTACCT	AMRU_Ao	GAGTCCGAGGTTACCT	SRR11008278	278_GAGTCCGAGGTTACCT	TRUE
AMRU_Ao_GAGTCCGCAGCGTAAG	AMRU_Ao	GAGTCCGCAGCGTAAG	SRR11008278	278_GAGTCCGCAGCGTAAG	TRUE
AMRU_Ao_GAGTCCGGTTCGGGCT	AMRU_Ao	GAGTCCGGTTCGGGCT	SRR11008278	278_GAGTCCGGTTCGGGCT	TRUE
AMRU_Ao_GATCAGTAGCATCATC	AMRU_Ao	GATCAGTAGCATCATC	SRR11008278	278_GATCAGTAGCATCATC	TRUE
AMRU_Ao_GATCAGTGTTAGGGTG	AMRU_Ao	GATCAGTGTTAGGGTG	SRR11008278	278_GATCAGTGTTAGGGTG	TRUE
AMRU_Ao_GATCGATGTAGGACAC	AMRU_Ao	GATCGATGTAGGACAC	SRR11008278	278_GATCGATGTAGGACAC	TRUE
AMRU_Ao_GATCGCGGTTAAAGAC	AMRU_Ao	GATCGCGGTTAAAGAC	SRR11008278	278_GATCGCGGTTAAAGAC	TRUE
AMRU_Ao_GATCGCGTCCCGGATG	AMRU_Ao	GATCGCGTCCCGGATG	SRR11008278	278_GATCGCGTCCCGGATG	TRUE
AMRU_Ao_GATCGTAAGTCATGCT	AMRU_Ao	GATCGTAAGTCATGCT	SRR11008278	278_GATCGTAAGTCATGCT	TRUE
AMRU_Ao_GATCGTACAAACCTAC	AMRU_Ao	GATCGTACAAACCTAC	SRR11008278	278_GATCGTACAAACCTAC	TRUE
AMRU_Ao_GATCGTACAGGTCTCG	AMRU_Ao	GATCGTACAGGTCTCG	SRR11008278	278_GATCGTACAGGTCTCG	TRUE
AMRU_Ao_GATCGTAGTGAGGCTA	AMRU_Ao	GATCGTAGTGAGGCTA	SRR11008278	278_GATCGTAGTGAGGCTA	TRUE
AMRU_Ao_GATCTAGCAAGTAATG	AMRU_Ao	GATCTAGCAAGTAATG	SRR11008278	278_GATCTAGCAAGTAATG	TRUE
AMRU_Ao_GATCTAGCAGTCGTGC	AMRU_Ao	GATCTAGCAGTCGTGC	SRR11008278	278_GATCTAGCAGTCGTGC	TRUE
AMRU_Ao_GATCTAGTCAAACGGG	AMRU_Ao	GATCTAGTCAAACGGG	SRR11008278	278_GATCTAGTCAAACGGG	TRUE
AMRU_Ao_GATCTAGTCTACCAGA	AMRU_Ao	GATCTAGTCTACCAGA	SRR11008278	278_GATCTAGTCTACCAGA	TRUE
AMRU_Ao_GATGAAACAATCTGCA	AMRU_Ao	GATGAAACAATCTGCA	SRR11008278	278_GATGAAACAATCTGCA	TRUE
AMRU_Ao_GATGAAACAGACGTAG	AMRU_Ao	GATGAAACAGACGTAG	SRR11008278	278_GATGAAACAGACGTAG	TRUE
AMRU_Ao_GATGAAAGTAAAGGAG	AMRU_Ao	GATGAAAGTAAAGGAG	SRR11008278	278_GATGAAAGTAAAGGAG	TRUE
AMRU_Ao_GATGAAAGTGAGTGAC	AMRU_Ao	GATGAAAGTGAGTGAC	SRR11008278	278_GATGAAAGTGAGTGAC	TRUE
AMRU_Ao_GATGAAAGTTCGGGCT	AMRU_Ao	GATGAAAGTTCGGGCT	SRR11008278	278_GATGAAAGTTCGGGCT	TRUE
AMRU_Ao_GATGAAATCACTTACT	AMRU_Ao	GATGAAATCACTTACT	SRR11008278	278_GATGAAATCACTTACT	TRUE
AMRU_Ao_GATGAAATCGTCTGCT	AMRU_Ao	GATGAAATCGTCTGCT	SRR11008278	278_GATGAAATCGTCTGCT	TRUE
AMRU_Ao_GATGAAATCTATCCCG	AMRU_Ao	GATGAAATCTATCCCG	SRR11008278	278_GATGAAATCTATCCCG	TRUE
AMRU_Ao_GATGAGGCAGACAAAT	AMRU_Ao	GATGAGGCAGACAAAT	SRR11008278	278_GATGAGGCAGACAAAT	TRUE
AMRU_Ao_GATGAGGCATATGCTG	AMRU_Ao	GATGAGGCATATGCTG	SRR11008278	278_GATGAGGCATATGCTG	TRUE
AMRU_Ao_GATGAGGGTTAGTGGG	AMRU_Ao	GATGAGGGTTAGTGGG	SRR11008278	278_GATGAGGGTTAGTGGG	TRUE
AMRU_Ao_GATGCTAAGTACGACG	AMRU_Ao	GATGCTAAGTACGACG	SRR11008278	278_GATGCTAAGTACGACG	TRUE
AMRU_Ao_GATGCTACAAGAAAGG	AMRU_Ao	GATGCTACAAGAAAGG	SRR11008278	278_GATGCTACAAGAAAGG	TRUE
AMRU_Ao_GATGCTACACGAGAGT	AMRU_Ao	GATGCTACACGAGAGT	SRR11008278	278_GATGCTACACGAGAGT	TRUE
AMRU_Ao_GATGCTAGTACAGTTC	AMRU_Ao	GATGCTAGTACAGTTC	SRR11008278	278_GATGCTAGTACAGTTC	TRUE
AMRU_Ao_GATGCTATCACATGCA	AMRU_Ao	GATGCTATCACATGCA	SRR11008278	278_GATGCTATCACATGCA	TRUE
AMRU_Ao_GATTCAGAGTATTGGA	AMRU_Ao	GATTCAGAGTATTGGA	SRR11008278	278_GATTCAGAGTATTGGA	TRUE
AMRU_Ao_GCAAACTAGCGTAGTG	AMRU_Ao	GCAAACTAGCGTAGTG	SRR11008278	278_GCAAACTAGCGTAGTG	TRUE
AMRU_Ao_GCAAACTCAGTAACGG	AMRU_Ao	GCAAACTCAGTAACGG	SRR11008278	278_GCAAACTCAGTAACGG	TRUE
AMRU_Ao_GCAAACTCATGCGCAC	AMRU_Ao	GCAAACTCATGCGCAC	SRR11008278	278_GCAAACTCATGCGCAC	TRUE
AMRU_Ao_GCAAACTTCATAGCAC	AMRU_Ao	GCAAACTTCATAGCAC	SRR11008278	278_GCAAACTTCATAGCAC	TRUE
AMRU_Ao_GCAAACTTCGAGGTAG	AMRU_Ao	GCAAACTTCGAGGTAG	SRR11008278	278_GCAAACTTCGAGGTAG	TRUE
AMRU_Ao_GCAAACTTCGTGGACC	AMRU_Ao	GCAAACTTCGTGGACC	SRR11008278	278_GCAAACTTCGTGGACC	TRUE
AMRU_Ao_GCAATCACAACCGCCA	AMRU_Ao	GCAATCACAACCGCCA	SRR11008278	278_GCAATCACAACCGCCA	TRUE
AMRU_Ao_GCAATCATCCGTTGTC	AMRU_Ao	GCAATCATCCGTTGTC	SRR11008278	278_GCAATCATCCGTTGTC	TRUE
AMRU_Ao_GCACATAAGCAGGTCA	AMRU_Ao	GCACATAAGCAGGTCA	SRR11008278	278_GCACATAAGCAGGTCA	TRUE
AMRU_Ao_GCACATAAGCGATAGC	AMRU_Ao	GCACATAAGCGATAGC	SRR11008278	278_GCACATAAGCGATAGC	TRUE
AMRU_Ao_GCACATACATCGACGC	AMRU_Ao	GCACATACATCGACGC	SRR11008278	278_GCACATACATCGACGC	TRUE
AMRU_Ao_GCACATAGTAATAGCA	AMRU_Ao	GCACATAGTAATAGCA	SRR11008278	278_GCACATAGTAATAGCA	TRUE
AMRU_Ao_GCACATAGTACCAGTT	AMRU_Ao	GCACATAGTACCAGTT	SRR11008278	278_GCACATAGTACCAGTT	TRUE
AMRU_Ao_GCACATAGTCTTGTCC	AMRU_Ao	GCACATAGTCTTGTCC	SRR11008278	278_GCACATAGTCTTGTCC	TRUE
AMRU_Ao_GCACTCTCACCATCCT	AMRU_Ao	GCACTCTCACCATCCT	SRR11008278	278_GCACTCTCACCATCCT	TRUE
AMRU_Ao_GCAGCCATCTTCTGGC	AMRU_Ao	GCAGCCATCTTCTGGC	SRR11008278	278_GCAGCCATCTTCTGGC	TRUE
AMRU_Ao_GCAGTTATCCGTCATC	AMRU_Ao	GCAGTTATCCGTCATC	SRR11008278	278_GCAGTTATCCGTCATC	TRUE
AMRU_Ao_GCATACACACCATCCT	AMRU_Ao	GCATACACACCATCCT	SRR11008278	278_GCATACACACCATCCT	TRUE
AMRU_Ao_GCATGATCACTATCTT	AMRU_Ao	GCATGATCACTATCTT	SRR11008278	278_GCATGATCACTATCTT	TRUE
AMRU_Ao_GCATGATTCTCGAGTA	AMRU_Ao	GCATGATTCTCGAGTA	SRR11008278	278_GCATGATTCTCGAGTA	TRUE
AMRU_Ao_GCATGATTCTTAGAGC	AMRU_Ao	GCATGATTCTTAGAGC	SRR11008278	278_GCATGATTCTTAGAGC	TRUE
AMRU_Ao_GCATGCGAGAGCTGGT	AMRU_Ao	GCATGCGAGAGCTGGT	SRR11008278	278_GCATGCGAGAGCTGGT	TRUE
AMRU_Ao_GCATGCGGTAAGTTCC	AMRU_Ao	GCATGCGGTAAGTTCC	SRR11008278	278_GCATGCGGTAAGTTCC	TRUE
AMRU_Ao_GCATGCGGTTGAACTC	AMRU_Ao	GCATGCGGTTGAACTC	SRR11008278	278_GCATGCGGTTGAACTC	TRUE
AMRU_Ao_GCATGCGGTTTAAGCC	AMRU_Ao	GCATGCGGTTTAAGCC	SRR11008278	278_GCATGCGGTTTAAGCC	TRUE
AMRU_Ao_GCATGTAAGCTGTCTA	AMRU_Ao	GCATGTAAGCTGTCTA	SRR11008278	278_GCATGTAAGCTGTCTA	TRUE
AMRU_Ao_GCATGTACACAACGCC	AMRU_Ao	GCATGTACACAACGCC	SRR11008278	278_GCATGTACACAACGCC	TRUE
AMRU_Ao_GCATGTATCTTGACGA	AMRU_Ao	GCATGTATCTTGACGA	SRR11008278	278_GCATGTATCTTGACGA	TRUE
AMRU_Ao_GCCAAATAGCACGCCT	AMRU_Ao	GCCAAATAGCACGCCT	SRR11008278	278_GCCAAATAGCACGCCT	TRUE
AMRU_Ao_GCCAAATTCAGAAATG	AMRU_Ao	GCCAAATTCAGAAATG	SRR11008278	278_GCCAAATTCAGAAATG	TRUE
AMRU_Ao_GCCTCTACAGACGCAA	AMRU_Ao	GCCTCTACAGACGCAA	SRR11008278	278_GCCTCTACAGACGCAA	TRUE
AMRU_Ao_GCCTCTACATGCTAGT	AMRU_Ao	GCCTCTACATGCTAGT	SRR11008278	278_GCCTCTACATGCTAGT	TRUE
AMRU_Ao_GCCTCTAGTTCAGCGC	AMRU_Ao	GCCTCTAGTTCAGCGC	SRR11008278	278_GCCTCTAGTTCAGCGC	TRUE
AMRU_Ao_GCGACCACATCGTCGG	AMRU_Ao	GCGACCACATCGTCGG	SRR11008278	278_GCGACCACATCGTCGG	TRUE
AMRU_Ao_GCGACCAGTCAGATAA	AMRU_Ao	GCGACCAGTCAGATAA	SRR11008278	278_GCGACCAGTCAGATAA	TRUE
AMRU_Ao_GCGACCAGTCCCGACA	AMRU_Ao	GCGACCAGTCCCGACA	SRR11008278	278_GCGACCAGTCCCGACA	TRUE
AMRU_Ao_GCGACCAGTGTCAATC	AMRU_Ao	GCGACCAGTGTCAATC	SRR11008278	278_GCGACCAGTGTCAATC	TRUE
AMRU_Ao_GCGAGAACAGACACTT	AMRU_Ao	GCGAGAACAGACACTT	SRR11008278	278_GCGAGAACAGACACTT	TRUE
AMRU_Ao_GCGAGAAGTCGGGTCT	AMRU_Ao	GCGAGAAGTCGGGTCT	SRR11008278	278_GCGAGAAGTCGGGTCT	TRUE
AMRU_Ao_GCGAGAATCTTCCTTC	AMRU_Ao	GCGAGAATCTTCCTTC	SRR11008278	278_GCGAGAATCTTCCTTC	TRUE
AMRU_Ao_GCGCAACAGCCACCTG	AMRU_Ao	GCGCAACAGCCACCTG	SRR11008278	278_GCGCAACAGCCACCTG	TRUE
AMRU_Ao_GCGCAACAGTCCGTAT	AMRU_Ao	GCGCAACAGTCCGTAT	SRR11008278	278_GCGCAACAGTCCGTAT	TRUE
AMRU_Ao_GCGCAGTAGGCAAAGA	AMRU_Ao	GCGCAGTAGGCAAAGA	SRR11008278	278_GCGCAGTAGGCAAAGA	TRUE
AMRU_Ao_GCGCAGTCAATGGAGC	AMRU_Ao	GCGCAGTCAATGGAGC	SRR11008278	278_GCGCAGTCAATGGAGC	TRUE
AMRU_Ao_GCGCAGTGTCGCTTTC	AMRU_Ao	GCGCAGTGTCGCTTTC	SRR11008278	278_GCGCAGTGTCGCTTTC	TRUE
AMRU_Ao_GCGCCAAAGGCTAGAC	AMRU_Ao	GCGCCAAAGGCTAGAC	SRR11008278	278_GCGCCAAAGGCTAGAC	TRUE
AMRU_Ao_GCGCCAACACAAGACG	AMRU_Ao	GCGCCAACACAAGACG	SRR11008278	278_GCGCCAACACAAGACG	TRUE
AMRU_Ao_GCGCGATAGAAGATTC	AMRU_Ao	GCGCGATAGAAGATTC	SRR11008278	278_GCGCGATAGAAGATTC	TRUE
AMRU_Ao_GCGCGATAGTGAAGAG	AMRU_Ao	GCGCGATAGTGAAGAG	SRR11008278	278_GCGCGATAGTGAAGAG	TRUE
AMRU_Ao_GCGCGATCAGTCCTTC	AMRU_Ao	GCGCGATCAGTCCTTC	SRR11008278	278_GCGCGATCAGTCCTTC	TRUE
AMRU_Ao_GCGCGATGTCGGCTCA	AMRU_Ao	GCGCGATGTCGGCTCA	SRR11008278	278_GCGCGATGTCGGCTCA	TRUE
AMRU_Ao_GCGCGATTCACAGTAC	AMRU_Ao	GCGCGATTCACAGTAC	SRR11008278	278_GCGCGATTCACAGTAC	TRUE
AMRU_Ao_GCGGGTTAGCAACGGT	AMRU_Ao	GCGGGTTAGCAACGGT	SRR11008278	278_GCGGGTTAGCAACGGT	TRUE
AMRU_Ao_GCGGGTTAGGGTGTGT	AMRU_Ao	GCGGGTTAGGGTGTGT	SRR11008278	278_GCGGGTTAGGGTGTGT	TRUE
AMRU_Ao_GCGGGTTGTATGAATG	AMRU_Ao	GCGGGTTGTATGAATG	SRR11008278	278_GCGGGTTGTATGAATG	TRUE
AMRU_Ao_GCGGGTTTCAGCCTAA	AMRU_Ao	GCGGGTTTCAGCCTAA	SRR11008278	278_GCGGGTTTCAGCCTAA	TRUE
AMRU_Ao_GCGGGTTTCAGGCCCA	AMRU_Ao	GCGGGTTTCAGGCCCA	SRR11008278	278_GCGGGTTTCAGGCCCA	TRUE
AMRU_Ao_GCGGGTTTCCAAACTG	AMRU_Ao	GCGGGTTTCCAAACTG	SRR11008278	278_GCGGGTTTCCAAACTG	TRUE
AMRU_Ao_GCTCCTAGTAACGTTC	AMRU_Ao	GCTCCTAGTAACGTTC	SRR11008278	278_GCTCCTAGTAACGTTC	TRUE
AMRU_Ao_GCTCCTAGTGTGTGCC	AMRU_Ao	GCTCCTAGTGTGTGCC	SRR11008278	278_GCTCCTAGTGTGTGCC	TRUE
AMRU_Ao_GCTCCTATCAATACCG	AMRU_Ao	GCTCCTATCAATACCG	SRR11008278	278_GCTCCTATCAATACCG	TRUE
AMRU_Ao_GCTCCTATCACGACTA	AMRU_Ao	GCTCCTATCACGACTA	SRR11008278	278_GCTCCTATCACGACTA	TRUE
AMRU_Ao_GCTCCTATCCTGTAGA	AMRU_Ao	GCTCCTATCCTGTAGA	SRR11008278	278_GCTCCTATCCTGTAGA	TRUE
AMRU_Ao_GCTCTGTCATCAGTCA	AMRU_Ao	GCTCTGTCATCAGTCA	SRR11008278	278_GCTCTGTCATCAGTCA	TRUE
AMRU_Ao_GCTCTGTGTGCAGGTA	AMRU_Ao	GCTCTGTGTGCAGGTA	SRR11008278	278_GCTCTGTGTGCAGGTA	TRUE
AMRU_Ao_GCTGCAGCAGGACCCT	AMRU_Ao	GCTGCAGCAGGACCCT	SRR11008278	278_GCTGCAGCAGGACCCT	TRUE
AMRU_Ao_GCTGCAGGTAGCTGCC	AMRU_Ao	GCTGCAGGTAGCTGCC	SRR11008278	278_GCTGCAGGTAGCTGCC	TRUE
AMRU_Ao_GCTGCAGGTCTACCTC	AMRU_Ao	GCTGCAGGTCTACCTC	SRR11008278	278_GCTGCAGGTCTACCTC	TRUE
AMRU_Ao_GCTGCAGGTCTCATCC	AMRU_Ao	GCTGCAGGTCTCATCC	SRR11008278	278_GCTGCAGGTCTCATCC	TRUE
AMRU_Ao_GCTGCAGTCAATACCG	AMRU_Ao	GCTGCAGTCAATACCG	SRR11008278	278_GCTGCAGTCAATACCG	TRUE
AMRU_Ao_GCTGCAGTCCTCAATT	AMRU_Ao	GCTGCAGTCCTCAATT	SRR11008278	278_GCTGCAGTCCTCAATT	TRUE
AMRU_Ao_GCTGCAGTCCTTAATC	AMRU_Ao	GCTGCAGTCCTTAATC	SRR11008278	278_GCTGCAGTCCTTAATC	TRUE
AMRU_Ao_GCTGCGAAGCAATATG	AMRU_Ao	GCTGCGAAGCAATATG	SRR11008278	278_GCTGCGAAGCAATATG	TRUE
AMRU_Ao_GCTGCGACACCGGAAA	AMRU_Ao	GCTGCGACACCGGAAA	SRR11008278	278_GCTGCGACACCGGAAA	TRUE
AMRU_Ao_GCTGCGACATGCATGT	AMRU_Ao	GCTGCGACATGCATGT	SRR11008278	278_GCTGCGACATGCATGT	TRUE
AMRU_Ao_GCTGCGATCATTGCGA	AMRU_Ao	GCTGCGATCATTGCGA	SRR11008278	278_GCTGCGATCATTGCGA	TRUE
AMRU_Ao_GCTGCGATCCCTGACT	AMRU_Ao	GCTGCGATCCCTGACT	SRR11008278	278_GCTGCGATCCCTGACT	TRUE
AMRU_Ao_GCTGCGATCTTACCGC	AMRU_Ao	GCTGCGATCTTACCGC	SRR11008278	278_GCTGCGATCTTACCGC	TRUE
AMRU_Ao_GCTGCTTGTTCGTCTC	AMRU_Ao	GCTGCTTGTTCGTCTC	SRR11008278	278_GCTGCTTGTTCGTCTC	TRUE
AMRU_Ao_GCTGCTTTCATCATTC	AMRU_Ao	GCTGCTTTCATCATTC	SRR11008278	278_GCTGCTTTCATCATTC	TRUE
AMRU_Ao_GCTGCTTTCCTGCAGG	AMRU_Ao	GCTGCTTTCCTGCAGG	SRR11008278	278_GCTGCTTTCCTGCAGG	TRUE
AMRU_Ao_GCTGCTTTCTCTGCTG	AMRU_Ao	GCTGCTTTCTCTGCTG	SRR11008278	278_GCTGCTTTCTCTGCTG	TRUE
AMRU_Ao_GCTGGGTAGAGTACCG	AMRU_Ao	GCTGGGTAGAGTACCG	SRR11008278	278_GCTGGGTAGAGTACCG	TRUE
AMRU_Ao_GCTGGGTTCCTTTACA	AMRU_Ao	GCTGGGTTCCTTTACA	SRR11008278	278_GCTGGGTTCCTTTACA	TRUE
AMRU_Ao_GCTTCCAAGATAGGAG	AMRU_Ao	GCTTCCAAGATAGGAG	SRR11008278	278_GCTTCCAAGATAGGAG	TRUE
AMRU_Ao_GCTTCCAAGGACGAAA	AMRU_Ao	GCTTCCAAGGACGAAA	SRR11008278	278_GCTTCCAAGGACGAAA	TRUE
AMRU_Ao_GCTTCCACAAAGGTGC	AMRU_Ao	GCTTCCACAAAGGTGC	SRR11008278	278_GCTTCCACAAAGGTGC	TRUE
AMRU_Ao_GCTTCCACACCATGTA	AMRU_Ao	GCTTCCACACCATGTA	SRR11008278	278_GCTTCCACACCATGTA	FALSE
AMRU_Ao_GCTTCCACACCGCTAG	AMRU_Ao	GCTTCCACACCGCTAG	SRR11008278	278_GCTTCCACACCGCTAG	TRUE
AMRU_Ao_GCTTCCAGTTTAGGAA	AMRU_Ao	GCTTCCAGTTTAGGAA	SRR11008278	278_GCTTCCAGTTTAGGAA	TRUE
AMRU_Ao_GCTTCCATCCTAGTGA	AMRU_Ao	GCTTCCATCCTAGTGA	SRR11008278	278_GCTTCCATCCTAGTGA	TRUE
AMRU_Ao_GCTTGAATCGGCCGAT	AMRU_Ao	GCTTGAATCGGCCGAT	SRR11008278	278_GCTTGAATCGGCCGAT	TRUE
AMRU_Ao_GCTTGAATCGGTCCGA	AMRU_Ao	GCTTGAATCGGTCCGA	SRR11008278	278_GCTTGAATCGGTCCGA	TRUE
AMRU_Ao_GGAAAGCAGGCTAGCA	AMRU_Ao	GGAAAGCAGGCTAGCA	SRR11008278	278_GGAAAGCAGGCTAGCA	TRUE
AMRU_Ao_GGAAAGCGTGCCTGTG	AMRU_Ao	GGAAAGCGTGCCTGTG	SRR11008278	278_GGAAAGCGTGCCTGTG	TRUE
AMRU_Ao_GGAACTTAGACCTTTG	AMRU_Ao	GGAACTTAGACCTTTG	SRR11008278	278_GGAACTTAGACCTTTG	TRUE
AMRU_Ao_GGAACTTAGCAACGGT	AMRU_Ao	GGAACTTAGCAACGGT	SRR11008278	278_GGAACTTAGCAACGGT	TRUE
AMRU_Ao_GGAACTTAGTGGTAGC	AMRU_Ao	GGAACTTAGTGGTAGC	SRR11008278	278_GGAACTTAGTGGTAGC	TRUE
AMRU_Ao_GGAACTTGTCACTGGC	AMRU_Ao	GGAACTTGTCACTGGC	SRR11008278	278_GGAACTTGTCACTGGC	TRUE
AMRU_Ao_GGAACTTTCGTTGACA	AMRU_Ao	GGAACTTTCGTTGACA	SRR11008278	278_GGAACTTTCGTTGACA	TRUE
AMRU_Ao_GGAATAAAGGGCATGT	AMRU_Ao	GGAATAAAGGGCATGT	SRR11008278	278_GGAATAAAGGGCATGT	TRUE
AMRU_Ao_GGAATAAAGTACGTTC	AMRU_Ao	GGAATAAAGTACGTTC	SRR11008278	278_GGAATAAAGTACGTTC	TRUE
AMRU_Ao_GGAATAAGTCGCGGTT	AMRU_Ao	GGAATAAGTCGCGGTT	SRR11008278	278_GGAATAAGTCGCGGTT	TRUE
AMRU_Ao_GGAATAATCTCGCATC	AMRU_Ao	GGAATAATCTCGCATC	SRR11008278	278_GGAATAATCTCGCATC	TRUE
AMRU_Ao_GGACAAGCAATTGCTG	AMRU_Ao	GGACAAGCAATTGCTG	SRR11008278	278_GGACAAGCAATTGCTG	TRUE
AMRU_Ao_GGACAAGCAGTTAACC	AMRU_Ao	GGACAAGCAGTTAACC	SRR11008278	278_GGACAAGCAGTTAACC	TRUE
AMRU_Ao_GGACAAGCATCACGAT	AMRU_Ao	GGACAAGCATCACGAT	SRR11008278	278_GGACAAGCATCACGAT	TRUE
AMRU_Ao_GGACAAGGTCTAGTCA	AMRU_Ao	GGACAAGGTCTAGTCA	SRR11008278	278_GGACAAGGTCTAGTCA	TRUE
AMRU_Ao_GGACAAGTCATAACCG	AMRU_Ao	GGACAAGTCATAACCG	SRR11008278	278_GGACAAGTCATAACCG	TRUE
AMRU_Ao_GGACAGACAGGGTATG	AMRU_Ao	GGACAGACAGGGTATG	SRR11008278	278_GGACAGACAGGGTATG	TRUE
AMRU_Ao_GGACAGATCAGGTTCA	AMRU_Ao	GGACAGATCAGGTTCA	SRR11008278	278_GGACAGATCAGGTTCA	TRUE
AMRU_Ao_GGACAGATCGCGTTTC	AMRU_Ao	GGACAGATCGCGTTTC	SRR11008278	278_GGACAGATCGCGTTTC	TRUE
AMRU_Ao_GGACATTAGCGCCTTG	AMRU_Ao	GGACATTAGCGCCTTG	SRR11008278	278_GGACATTAGCGCCTTG	TRUE
AMRU_Ao_GGACATTGTAAACGCG	AMRU_Ao	GGACATTGTAAACGCG	SRR11008278	278_GGACATTGTAAACGCG	TRUE
AMRU_Ao_GGACATTGTACAGCAG	AMRU_Ao	GGACATTGTACAGCAG	SRR11008278	278_GGACATTGTACAGCAG	TRUE
AMRU_Ao_GGACGTCAGCTGTTCA	AMRU_Ao	GGACGTCAGCTGTTCA	SRR11008278	278_GGACGTCAGCTGTTCA	TRUE
AMRU_Ao_GGACGTCCAATGAATG	AMRU_Ao	GGACGTCCAATGAATG	SRR11008278	278_GGACGTCCAATGAATG	TRUE
AMRU_Ao_GGAGCAACAGTTCCCT	AMRU_Ao	GGAGCAACAGTTCCCT	SRR11008278	278_GGAGCAACAGTTCCCT	TRUE
AMRU_Ao_GGAGCAACATCGTCGG	AMRU_Ao	GGAGCAACATCGTCGG	SRR11008278	278_GGAGCAACATCGTCGG	TRUE
AMRU_Ao_GGATGTTAGCTAGTGG	AMRU_Ao	GGATGTTAGCTAGTGG	SRR11008278	278_GGATGTTAGCTAGTGG	TRUE
AMRU_Ao_GGATGTTCACTGTCGG	AMRU_Ao	GGATGTTCACTGTCGG	SRR11008278	278_GGATGTTCACTGTCGG	TRUE
AMRU_Ao_GGATTACCAGAGTGTG	AMRU_Ao	GGATTACCAGAGTGTG	SRR11008278	278_GGATTACCAGAGTGTG	TRUE
AMRU_Ao_GGATTACCATGGAATA	AMRU_Ao	GGATTACCATGGAATA	SRR11008278	278_GGATTACCATGGAATA	TRUE
AMRU_Ao_GGATTACTCGGATGTT	AMRU_Ao	GGATTACTCGGATGTT	SRR11008278	278_GGATTACTCGGATGTT	TRUE
AMRU_Ao_GGATTACTCTGCGACG	AMRU_Ao	GGATTACTCTGCGACG	SRR11008278	278_GGATTACTCTGCGACG	TRUE
AMRU_Ao_GGCAATTAGACCCACC	AMRU_Ao	GGCAATTAGACCCACC	SRR11008278	278_GGCAATTAGACCCACC	TRUE
AMRU_Ao_GGCAATTAGCTTCGCG	AMRU_Ao	GGCAATTAGCTTCGCG	SRR11008278	278_GGCAATTAGCTTCGCG	TRUE
AMRU_Ao_GGCAATTCATGAGCGA	AMRU_Ao	GGCAATTCATGAGCGA	SRR11008278	278_GGCAATTCATGAGCGA	TRUE
AMRU_Ao_GGCAATTGTTACGCGC	AMRU_Ao	GGCAATTGTTACGCGC	SRR11008278	278_GGCAATTGTTACGCGC	TRUE
AMRU_Ao_GGCAATTTCCGGGTGT	AMRU_Ao	GGCAATTTCCGGGTGT	SRR11008278	278_GGCAATTTCCGGGTGT	TRUE
AMRU_Ao_GGCCGATCACCTATCC	AMRU_Ao	GGCCGATCACCTATCC	SRR11008278	278_GGCCGATCACCTATCC	TRUE
AMRU_Ao_GGCCGATCATATGCTG	AMRU_Ao	GGCCGATCATATGCTG	SRR11008278	278_GGCCGATCATATGCTG	TRUE
AMRU_Ao_GGCCGATGTCTTTCAT	AMRU_Ao	GGCCGATGTCTTTCAT	SRR11008278	278_GGCCGATGTCTTTCAT	TRUE
AMRU_Ao_GGCCGATTCGAGGTAG	AMRU_Ao	GGCCGATTCGAGGTAG	SRR11008278	278_GGCCGATTCGAGGTAG	TRUE
AMRU_Ao_GGCGACTAGCGATATA	AMRU_Ao	GGCGACTAGCGATATA	SRR11008278	278_GGCGACTAGCGATATA	TRUE
AMRU_Ao_GGCGACTAGCTCCCAG	AMRU_Ao	GGCGACTAGCTCCCAG	SRR11008278	278_GGCGACTAGCTCCCAG	TRUE
AMRU_Ao_GGCGACTCAATGAAAC	AMRU_Ao	GGCGACTCAATGAAAC	SRR11008278	278_GGCGACTCAATGAAAC	TRUE
AMRU_Ao_GGCGACTCATGCCTTC	AMRU_Ao	GGCGACTCATGCCTTC	SRR11008278	278_GGCGACTCATGCCTTC	TRUE
AMRU_Ao_GGCGACTGTAATCGTC	AMRU_Ao	GGCGACTGTAATCGTC	SRR11008278	278_GGCGACTGTAATCGTC	TRUE
AMRU_Ao_GGCGACTGTATCTGCA	AMRU_Ao	GGCGACTGTATCTGCA	SRR11008278	278_GGCGACTGTATCTGCA	TRUE
AMRU_Ao_GGCGACTGTCCCTACT	AMRU_Ao	GGCGACTGTCCCTACT	SRR11008278	278_GGCGACTGTCCCTACT	TRUE
AMRU_Ao_GGCGACTGTCGCTTTC	AMRU_Ao	GGCGACTGTCGCTTTC	SRR11008278	278_GGCGACTGTCGCTTTC	TRUE
AMRU_Ao_GGCGACTGTCGTGGCT	AMRU_Ao	GGCGACTGTCGTGGCT	SRR11008278	278_GGCGACTGTCGTGGCT	TRUE
AMRU_Ao_GGCGACTTCAAACGGG	AMRU_Ao	GGCGACTTCAAACGGG	SRR11008278	278_GGCGACTTCAAACGGG	TRUE
AMRU_Ao_GGCGACTTCCATGCTC	AMRU_Ao	GGCGACTTCCATGCTC	SRR11008278	278_GGCGACTTCCATGCTC	TRUE
AMRU_Ao_GGCGTGTGTCGCTTCT	AMRU_Ao	GGCGTGTGTCGCTTCT	SRR11008278	278_GGCGTGTGTCGCTTCT	TRUE
AMRU_Ao_GGCGTGTGTGGTTTCA	AMRU_Ao	GGCGTGTGTGGTTTCA	SRR11008278	278_GGCGTGTGTGGTTTCA	TRUE
AMRU_Ao_GGCGTGTTCCAGTATG	AMRU_Ao	GGCGTGTTCCAGTATG	SRR11008278	278_GGCGTGTTCCAGTATG	TRUE
AMRU_Ao_GGCGTGTTCTTATCTG	AMRU_Ao	GGCGTGTTCTTATCTG	SRR11008278	278_GGCGTGTTCTTATCTG	TRUE
AMRU_Ao_GGCTCGAAGACTGTAA	AMRU_Ao	GGCTCGAAGACTGTAA	SRR11008278	278_GGCTCGAAGACTGTAA	TRUE
AMRU_Ao_GGCTCGAAGTACATGA	AMRU_Ao	GGCTCGAAGTACATGA	SRR11008278	278_GGCTCGAAGTACATGA	TRUE
AMRU_Ao_GGCTCGAGTCATCGGC	AMRU_Ao	GGCTCGAGTCATCGGC	SRR11008278	278_GGCTCGAGTCATCGGC	TRUE
AMRU_Ao_GGCTCGATCCGCGGTA	AMRU_Ao	GGCTCGATCCGCGGTA	SRR11008278	278_GGCTCGATCCGCGGTA	TRUE
AMRU_Ao_GGCTGGTAGCTCAACT	AMRU_Ao	GGCTGGTAGCTCAACT	SRR11008278	278_GGCTGGTAGCTCAACT	TRUE
AMRU_Ao_GGCTGGTAGTGACATA	AMRU_Ao	GGCTGGTAGTGACATA	SRR11008278	278_GGCTGGTAGTGACATA	TRUE
AMRU_Ao_GGCTGGTCAATGACCT	AMRU_Ao	GGCTGGTCAATGACCT	SRR11008278	278_GGCTGGTCAATGACCT	TRUE
AMRU_Ao_GGCTGGTCAGTAAGCG	AMRU_Ao	GGCTGGTCAGTAAGCG	SRR11008278	278_GGCTGGTCAGTAAGCG	TRUE
AMRU_Ao_GGGAATGAGATCTGAA	AMRU_Ao	GGGAATGAGATCTGAA	SRR11008278	278_GGGAATGAGATCTGAA	TRUE
AMRU_Ao_GGGAATGGTATGGTTC	AMRU_Ao	GGGAATGGTATGGTTC	SRR11008278	278_GGGAATGGTATGGTTC	TRUE
AMRU_Ao_GGGAATGTCGCATGAT	AMRU_Ao	GGGAATGTCGCATGAT	SRR11008278	278_GGGAATGTCGCATGAT	TRUE
AMRU_Ao_GGGACCTCAATCCGAT	AMRU_Ao	GGGACCTCAATCCGAT	SRR11008278	278_GGGACCTCAATCCGAT	TRUE
AMRU_Ao_GGGACCTCAGTGAGTG	AMRU_Ao	GGGACCTCAGTGAGTG	SRR11008278	278_GGGACCTCAGTGAGTG	TRUE
AMRU_Ao_GGGACCTGTTGACGTT	AMRU_Ao	GGGACCTGTTGACGTT	SRR11008278	278_GGGACCTGTTGACGTT	TRUE
AMRU_Ao_GGGACCTTCACAATGC	AMRU_Ao	GGGACCTTCACAATGC	SRR11008278	278_GGGACCTTCACAATGC	TRUE
AMRU_Ao_GGGACCTTCTCCAACC	AMRU_Ao	GGGACCTTCTCCAACC	SRR11008278	278_GGGACCTTCTCCAACC	TRUE
AMRU_Ao_GGGAGATCAGTGGGAT	AMRU_Ao	GGGAGATCAGTGGGAT	SRR11008278	278_GGGAGATCAGTGGGAT	TRUE
AMRU_Ao_GGGATGACAGTGGAGT	AMRU_Ao	GGGATGACAGTGGAGT	SRR11008278	278_GGGATGACAGTGGAGT	TRUE
AMRU_Ao_GGGCACTCACTATCTT	AMRU_Ao	GGGCACTCACTATCTT	SRR11008278	278_GGGCACTCACTATCTT	TRUE
AMRU_Ao_GGGCACTCAGCCAATT	AMRU_Ao	GGGCACTCAGCCAATT	SRR11008278	278_GGGCACTCAGCCAATT	TRUE
AMRU_Ao_GGGCACTCAGCCTATA	AMRU_Ao	GGGCACTCAGCCTATA	SRR11008278	278_GGGCACTCAGCCTATA	TRUE
AMRU_Ao_GGGCACTCATGCAATC	AMRU_Ao	GGGCACTCATGCAATC	SRR11008278	278_GGGCACTCATGCAATC	TRUE
AMRU_Ao_GGGCACTGTCCGAAGA	AMRU_Ao	GGGCACTGTCCGAAGA	SRR11008278	278_GGGCACTGTCCGAAGA	TRUE
AMRU_Ao_GGGCACTGTTACTGAC	AMRU_Ao	GGGCACTGTTACTGAC	SRR11008278	278_GGGCACTGTTACTGAC	TRUE
AMRU_Ao_GGGCACTGTTCCACAA	AMRU_Ao	GGGCACTGTTCCACAA	SRR11008278	278_GGGCACTGTTCCACAA	TRUE
AMRU_Ao_GGGCATCAGAGACGAA	AMRU_Ao	GGGCATCAGAGACGAA	SRR11008278	278_GGGCATCAGAGACGAA	TRUE
AMRU_Ao_GGGCATCAGCACAGGT	AMRU_Ao	GGGCATCAGCACAGGT	SRR11008278	278_GGGCATCAGCACAGGT	TRUE
AMRU_Ao_GGGCATCCAAGCCGTC	AMRU_Ao	GGGCATCCAAGCCGTC	SRR11008278	278_GGGCATCCAAGCCGTC	TRUE
AMRU_Ao_GGGCATCGTACGCTGC	AMRU_Ao	GGGCATCGTACGCTGC	SRR11008278	278_GGGCATCGTACGCTGC	TRUE
AMRU_Ao_GGGCATCGTATCTGCA	AMRU_Ao	GGGCATCGTATCTGCA	SRR11008278	278_GGGCATCGTATCTGCA	TRUE
AMRU_Ao_GGGCATCTCCGCGGTA	AMRU_Ao	GGGCATCTCCGCGGTA	SRR11008278	278_GGGCATCTCCGCGGTA	TRUE
AMRU_Ao_GGGTCTGGTAGCTCCG	AMRU_Ao	GGGTCTGGTAGCTCCG	SRR11008278	278_GGGTCTGGTAGCTCCG	TRUE
AMRU_Ao_GGGTCTGGTCTCAACA	AMRU_Ao	GGGTCTGGTCTCAACA	SRR11008278	278_GGGTCTGGTCTCAACA	TRUE
AMRU_Ao_GGGTCTGTCAGCGATT	AMRU_Ao	GGGTCTGTCAGCGATT	SRR11008278	278_GGGTCTGTCAGCGATT	TRUE
AMRU_Ao_GGGTTGCTCCGTCAAA	AMRU_Ao	GGGTTGCTCCGTCAAA	SRR11008278	278_GGGTTGCTCCGTCAAA	FALSE
AMRU_Ao_GGTATTGCACCTGGTG	AMRU_Ao	GGTATTGCACCTGGTG	SRR11008278	278_GGTATTGCACCTGGTG	TRUE
AMRU_Ao_GGTGAAGAGTGTCTCA	AMRU_Ao	GGTGAAGAGTGTCTCA	SRR11008278	278_GGTGAAGAGTGTCTCA	TRUE
AMRU_Ao_GGTGAAGGTCAGCTAT	AMRU_Ao	GGTGAAGGTCAGCTAT	SRR11008278	278_GGTGAAGGTCAGCTAT	TRUE
AMRU_Ao_GGTGAAGGTGCTCTTC	AMRU_Ao	GGTGAAGGTGCTCTTC	SRR11008278	278_GGTGAAGGTGCTCTTC	TRUE
AMRU_Ao_GGTGAAGTCTGCTTGC	AMRU_Ao	GGTGAAGTCTGCTTGC	SRR11008278	278_GGTGAAGTCTGCTTGC	TRUE
AMRU_Ao_GGTGCGTAGAGAGCTC	AMRU_Ao	GGTGCGTAGAGAGCTC	SRR11008278	278_GGTGCGTAGAGAGCTC	TRUE
AMRU_Ao_GGTGCGTCAACACCCG	AMRU_Ao	GGTGCGTCAACACCCG	SRR11008278	278_GGTGCGTCAACACCCG	TRUE
AMRU_Ao_GGTGCGTTCGAATCCA	AMRU_Ao	GGTGCGTTCGAATCCA	SRR11008278	278_GGTGCGTTCGAATCCA	TRUE
AMRU_Ao_GGTGTTAAGCGACGTA	AMRU_Ao	GGTGTTAAGCGACGTA	SRR11008278	278_GGTGTTAAGCGACGTA	TRUE
AMRU_Ao_GGTGTTAAGTGGTCCC	AMRU_Ao	GGTGTTAAGTGGTCCC	SRR11008278	278_GGTGTTAAGTGGTCCC	TRUE
AMRU_Ao_GGTGTTATCTCACATT	AMRU_Ao	GGTGTTATCTCACATT	SRR11008278	278_GGTGTTATCTCACATT	TRUE
AMRU_Ao_GTAACGTCATATGAGA	AMRU_Ao	GTAACGTCATATGAGA	SRR11008278	278_GTAACGTCATATGAGA	TRUE
AMRU_Ao_GTAACGTGTATTAGCC	AMRU_Ao	GTAACGTGTATTAGCC	SRR11008278	278_GTAACGTGTATTAGCC	TRUE
AMRU_Ao_GTAACGTGTCCTCTTG	AMRU_Ao	GTAACGTGTCCTCTTG	SRR11008278	278_GTAACGTGTCCTCTTG	TRUE
AMRU_Ao_GTAACGTGTGGTGTAG	AMRU_Ao	GTAACGTGTGGTGTAG	SRR11008278	278_GTAACGTGTGGTGTAG	TRUE
AMRU_Ao_GTAACTGCAACAACCT	AMRU_Ao	GTAACTGCAACAACCT	SRR11008278	278_GTAACTGCAACAACCT	TRUE
AMRU_Ao_GTAACTGTCTCTAAGG	AMRU_Ao	GTAACTGTCTCTAAGG	SRR11008278	278_GTAACTGTCTCTAAGG	TRUE
AMRU_Ao_GTAACTGTCTTACCTA	AMRU_Ao	GTAACTGTCTTACCTA	SRR11008278	278_GTAACTGTCTTACCTA	TRUE
AMRU_Ao_GTACGTAAGTGAACGC	AMRU_Ao	GTACGTAAGTGAACGC	SRR11008278	278_GTACGTAAGTGAACGC	TRUE
AMRU_Ao_GTACGTACATCAGTCA	AMRU_Ao	GTACGTACATCAGTCA	SRR11008278	278_GTACGTACATCAGTCA	TRUE
AMRU_Ao_GTACGTAGTCATACTG	AMRU_Ao	GTACGTAGTCATACTG	SRR11008278	278_GTACGTAGTCATACTG	TRUE
AMRU_Ao_GTACTCCGTAAATACG	AMRU_Ao	GTACTCCGTAAATACG	SRR11008278	278_GTACTCCGTAAATACG	TRUE
AMRU_Ao_GTACTCCTCAGGCCCA	AMRU_Ao	GTACTCCTCAGGCCCA	SRR11008278	278_GTACTCCTCAGGCCCA	TRUE
AMRU_Ao_GTACTTTCACAACGTT	AMRU_Ao	GTACTTTCACAACGTT	SRR11008278	278_GTACTTTCACAACGTT	TRUE
AMRU_Ao_GTACTTTGTACCGTAT	AMRU_Ao	GTACTTTGTACCGTAT	SRR11008278	278_GTACTTTGTACCGTAT	TRUE
AMRU_Ao_GTACTTTGTATATGGA	AMRU_Ao	GTACTTTGTATATGGA	SRR11008278	278_GTACTTTGTATATGGA	TRUE
AMRU_Ao_GTACTTTGTGTGCCTG	AMRU_Ao	GTACTTTGTGTGCCTG	SRR11008278	278_GTACTTTGTGTGCCTG	TRUE
AMRU_Ao_GTACTTTTCATCTGCC	AMRU_Ao	GTACTTTTCATCTGCC	SRR11008278	278_GTACTTTTCATCTGCC	TRUE
AMRU_Ao_GTACTTTTCGGCGCTA	AMRU_Ao	GTACTTTTCGGCGCTA	SRR11008278	278_GTACTTTTCGGCGCTA	TRUE
AMRU_Ao_GTAGGCCAGTCGTACT	AMRU_Ao	GTAGGCCAGTCGTACT	SRR11008278	278_GTAGGCCAGTCGTACT	TRUE
AMRU_Ao_GTAGGCCCACTAAGTC	AMRU_Ao	GTAGGCCCACTAAGTC	SRR11008278	278_GTAGGCCCACTAAGTC	TRUE
AMRU_Ao_GTAGGCCCAGCCTATA	AMRU_Ao	GTAGGCCCAGCCTATA	SRR11008278	278_GTAGGCCCAGCCTATA	TRUE
AMRU_Ao_GTAGGCCCAGCTGGCT	AMRU_Ao	GTAGGCCCAGCTGGCT	SRR11008278	278_GTAGGCCCAGCTGGCT	TRUE
AMRU_Ao_GTAGGCCGTTCCATGA	AMRU_Ao	GTAGGCCGTTCCATGA	SRR11008278	278_GTAGGCCGTTCCATGA	TRUE
AMRU_Ao_GTAGGCCTCACTCCTG	AMRU_Ao	GTAGGCCTCACTCCTG	SRR11008278	278_GTAGGCCTCACTCCTG	TRUE
AMRU_Ao_GTAGGCCTCCAGGGCT	AMRU_Ao	GTAGGCCTCCAGGGCT	SRR11008278	278_GTAGGCCTCCAGGGCT	TRUE
AMRU_Ao_GTAGTCAAGGCCCTCA	AMRU_Ao	GTAGTCAAGGCCCTCA	SRR11008278	278_GTAGTCAAGGCCCTCA	TRUE
AMRU_Ao_GTAGTCATCAACCAAC	AMRU_Ao	GTAGTCATCAACCAAC	SRR11008278	278_GTAGTCATCAACCAAC	TRUE
AMRU_Ao_GTAGTCATCCTTTCTC	AMRU_Ao	GTAGTCATCCTTTCTC	SRR11008278	278_GTAGTCATCCTTTCTC	TRUE
AMRU_Ao_GTATCTTAGCCAGTAG	AMRU_Ao	GTATCTTAGCCAGTAG	SRR11008278	278_GTATCTTAGCCAGTAG	TRUE
AMRU_Ao_GTATCTTAGGGTATCG	AMRU_Ao	GTATCTTAGGGTATCG	SRR11008278	278_GTATCTTAGGGTATCG	TRUE
AMRU_Ao_GTATCTTTCAGTCAGT	AMRU_Ao	GTATCTTTCAGTCAGT	SRR11008278	278_GTATCTTTCAGTCAGT	TRUE
AMRU_Ao_GTATCTTTCGCATGAT	AMRU_Ao	GTATCTTTCGCATGAT	SRR11008278	278_GTATCTTTCGCATGAT	TRUE
AMRU_Ao_GTCAAGTAGGATCGCA	AMRU_Ao	GTCAAGTAGGATCGCA	SRR11008278	278_GTCAAGTAGGATCGCA	TRUE
AMRU_Ao_GTCAAGTCACGAGAGT	AMRU_Ao	GTCAAGTCACGAGAGT	SRR11008278	278_GTCAAGTCACGAGAGT	TRUE
AMRU_Ao_GTCAAGTCAGATCGGA	AMRU_Ao	GTCAAGTCAGATCGGA	SRR11008278	278_GTCAAGTCAGATCGGA	TRUE
AMRU_Ao_GTCACAAAGCTCCTTC	AMRU_Ao	GTCACAAAGCTCCTTC	SRR11008278	278_GTCACAAAGCTCCTTC	TRUE
AMRU_Ao_GTCACAACAGGTTTCA	AMRU_Ao	GTCACAACAGGTTTCA	SRR11008278	278_GTCACAACAGGTTTCA	TRUE
AMRU_Ao_GTCACAATCTCCCTGA	AMRU_Ao	GTCACAATCTCCCTGA	SRR11008278	278_GTCACAATCTCCCTGA	TRUE
AMRU_Ao_GTCACGGCAAAGTCAA	AMRU_Ao	GTCACGGCAAAGTCAA	SRR11008278	278_GTCACGGCAAAGTCAA	TRUE
AMRU_Ao_GTCATTTAGCGTAGTG	AMRU_Ao	GTCATTTAGCGTAGTG	SRR11008278	278_GTCATTTAGCGTAGTG	TRUE
AMRU_Ao_GTCATTTAGGCCATAG	AMRU_Ao	GTCATTTAGGCCATAG	SRR11008278	278_GTCATTTAGGCCATAG	TRUE
AMRU_Ao_GTCATTTCAGTCGTGC	AMRU_Ao	GTCATTTCAGTCGTGC	SRR11008278	278_GTCATTTCAGTCGTGC	TRUE
AMRU_Ao_GTCATTTCATCCGGGT	AMRU_Ao	GTCATTTCATCCGGGT	SRR11008278	278_GTCATTTCATCCGGGT	TRUE
AMRU_Ao_GTCATTTTCTTATCTG	AMRU_Ao	GTCATTTTCTTATCTG	SRR11008278	278_GTCATTTTCTTATCTG	TRUE
AMRU_Ao_GTCCTCAAGACATAAC	AMRU_Ao	GTCCTCAAGACATAAC	SRR11008278	278_GTCCTCAAGACATAAC	TRUE
AMRU_Ao_GTCCTCAAGCTAACTC	AMRU_Ao	GTCCTCAAGCTAACTC	SRR11008278	278_GTCCTCAAGCTAACTC	TRUE
AMRU_Ao_GTCCTCACATGTTCCC	AMRU_Ao	GTCCTCACATGTTCCC	SRR11008278	278_GTCCTCACATGTTCCC	TRUE
AMRU_Ao_GTCCTCATCGTGGTCG	AMRU_Ao	GTCCTCATCGTGGTCG	SRR11008278	278_GTCCTCATCGTGGTCG	TRUE
AMRU_Ao_GTCCTCATCTTCATGT	AMRU_Ao	GTCCTCATCTTCATGT	SRR11008278	278_GTCCTCATCTTCATGT	TRUE
AMRU_Ao_GTCGGGTGTACTTGAC	AMRU_Ao	GTCGGGTGTACTTGAC	SRR11008278	278_GTCGGGTGTACTTGAC	TRUE
AMRU_Ao_GTCGGGTGTTCGGCAC	AMRU_Ao	GTCGGGTGTTCGGCAC	SRR11008278	278_GTCGGGTGTTCGGCAC	FALSE
AMRU_Ao_GTCGTAACACATGACT	AMRU_Ao	GTCGTAACACATGACT	SRR11008278	278_GTCGTAACACATGACT	TRUE
AMRU_Ao_GTCGTAACAGAGTGTG	AMRU_Ao	GTCGTAACAGAGTGTG	SRR11008278	278_GTCGTAACAGAGTGTG	TRUE
AMRU_Ao_GTCTCGTAGCGATGAC	AMRU_Ao	GTCTCGTAGCGATGAC	SRR11008278	278_GTCTCGTAGCGATGAC	TRUE
AMRU_Ao_GTCTCGTCATTGGCGC	AMRU_Ao	GTCTCGTCATTGGCGC	SRR11008278	278_GTCTCGTCATTGGCGC	TRUE
AMRU_Ao_GTCTCGTGTGGGTATG	AMRU_Ao	GTCTCGTGTGGGTATG	SRR11008278	278_GTCTCGTGTGGGTATG	TRUE
AMRU_Ao_GTCTCGTGTTTGTGTG	AMRU_Ao	GTCTCGTGTTTGTGTG	SRR11008278	278_GTCTCGTGTTTGTGTG	TRUE
AMRU_Ao_GTCTTCGCAATGACCT	AMRU_Ao	GTCTTCGCAATGACCT	SRR11008278	278_GTCTTCGCAATGACCT	TRUE
AMRU_Ao_GTGAAGGAGCAATCTC	AMRU_Ao	GTGAAGGAGCAATCTC	SRR11008278	278_GTGAAGGAGCAATCTC	TRUE
AMRU_Ao_GTGAAGGAGCTAGTCT	AMRU_Ao	GTGAAGGAGCTAGTCT	SRR11008278	278_GTGAAGGAGCTAGTCT	TRUE
AMRU_Ao_GTGAAGGAGGCATGGT	AMRU_Ao	GTGAAGGAGGCATGGT	SRR11008278	278_GTGAAGGAGGCATGGT	TRUE
AMRU_Ao_GTGAAGGCACAGATTC	AMRU_Ao	GTGAAGGCACAGATTC	SRR11008278	278_GTGAAGGCACAGATTC	TRUE
AMRU_Ao_GTGCAGCAGTGGGCTA	AMRU_Ao	GTGCAGCAGTGGGCTA	SRR11008278	278_GTGCAGCAGTGGGCTA	TRUE
AMRU_Ao_GTGCAGCGTGCTGTAT	AMRU_Ao	GTGCAGCGTGCTGTAT	SRR11008278	278_GTGCAGCGTGCTGTAT	TRUE
AMRU_Ao_GTGCATAAGAGCTTCT	AMRU_Ao	GTGCATAAGAGCTTCT	SRR11008278	278_GTGCATAAGAGCTTCT	TRUE
AMRU_Ao_GTGCATACAAGCCATT	AMRU_Ao	GTGCATACAAGCCATT	SRR11008278	278_GTGCATACAAGCCATT	TRUE
AMRU_Ao_GTGCATACAATGAATG	AMRU_Ao	GTGCATACAATGAATG	SRR11008278	278_GTGCATACAATGAATG	TRUE
AMRU_Ao_GTGCATACAGCTGCTG	AMRU_Ao	GTGCATACAGCTGCTG	SRR11008278	278_GTGCATACAGCTGCTG	TRUE
AMRU_Ao_GTGCATATCAATAAGG	AMRU_Ao	GTGCATATCAATAAGG	SRR11008278	278_GTGCATATCAATAAGG	TRUE
AMRU_Ao_GTGCGGTAGCGTCTAT	AMRU_Ao	GTGCGGTAGCGTCTAT	SRR11008278	278_GTGCGGTAGCGTCTAT	TRUE
AMRU_Ao_GTGCGGTCAGATTGCT	AMRU_Ao	GTGCGGTCAGATTGCT	SRR11008278	278_GTGCGGTCAGATTGCT	TRUE
AMRU_Ao_GTGCGGTGTAAGAGGA	AMRU_Ao	GTGCGGTGTAAGAGGA	SRR11008278	278_GTGCGGTGTAAGAGGA	TRUE
AMRU_Ao_GTGCGGTTCAGCTGGC	AMRU_Ao	GTGCGGTTCAGCTGGC	SRR11008278	278_GTGCGGTTCAGCTGGC	TRUE
AMRU_Ao_GTGCTTCCACCGATAT	AMRU_Ao	GTGCTTCCACCGATAT	SRR11008278	278_GTGCTTCCACCGATAT	TRUE
AMRU_Ao_GTGCTTCCAGCTATTG	AMRU_Ao	GTGCTTCCAGCTATTG	SRR11008278	278_GTGCTTCCAGCTATTG	TRUE
AMRU_Ao_GTGCTTCCATCCAACA	AMRU_Ao	GTGCTTCCATCCAACA	SRR11008278	278_GTGCTTCCATCCAACA	TRUE
AMRU_Ao_GTGCTTCCATTAGCCA	AMRU_Ao	GTGCTTCCATTAGCCA	SRR11008278	278_GTGCTTCCATTAGCCA	TRUE
AMRU_Ao_GTGCTTCGTAATCACC	AMRU_Ao	GTGCTTCGTAATCACC	SRR11008278	278_GTGCTTCGTAATCACC	TRUE
AMRU_Ao_GTGGGTCCACATAACC	AMRU_Ao	GTGGGTCCACATAACC	SRR11008278	278_GTGGGTCCACATAACC	TRUE
AMRU_Ao_GTGGGTCCACATGTGT	AMRU_Ao	GTGGGTCCACATGTGT	SRR11008278	278_GTGGGTCCACATGTGT	TRUE
AMRU_Ao_GTGGGTCCACGACTCG	AMRU_Ao	GTGGGTCCACGACTCG	SRR11008278	278_GTGGGTCCACGACTCG	TRUE
AMRU_Ao_GTGGGTCCATTTCAGG	AMRU_Ao	GTGGGTCCATTTCAGG	SRR11008278	278_GTGGGTCCATTTCAGG	TRUE
AMRU_Ao_GTGGGTCGTAAGGGCT	AMRU_Ao	GTGGGTCGTAAGGGCT	SRR11008278	278_GTGGGTCGTAAGGGCT	TRUE
AMRU_Ao_GTGGGTCTCTGCTGCT	AMRU_Ao	GTGGGTCTCTGCTGCT	SRR11008278	278_GTGGGTCTCTGCTGCT	TRUE
AMRU_Ao_GTGTGCGGTCTCTTTA	AMRU_Ao	GTGTGCGGTCTCTTTA	SRR11008278	278_GTGTGCGGTCTCTTTA	TRUE
AMRU_Ao_GTGTGCGGTGTTTGGT	AMRU_Ao	GTGTGCGGTGTTTGGT	SRR11008278	278_GTGTGCGGTGTTTGGT	TRUE
AMRU_Ao_GTGTTAGAGCGGATCA	AMRU_Ao	GTGTTAGAGCGGATCA	SRR11008278	278_GTGTTAGAGCGGATCA	TRUE
AMRU_Ao_GTGTTAGCACCAACCG	AMRU_Ao	GTGTTAGCACCAACCG	SRR11008278	278_GTGTTAGCACCAACCG	TRUE
AMRU_Ao_GTTAAGCAGGACTGGT	AMRU_Ao	GTTAAGCAGGACTGGT	SRR11008278	278_GTTAAGCAGGACTGGT	TRUE
AMRU_Ao_GTTAAGCGTGACTACT	AMRU_Ao	GTTAAGCGTGACTACT	SRR11008278	278_GTTAAGCGTGACTACT	TRUE
AMRU_Ao_GTTAAGCTCTGATACG	AMRU_Ao	GTTAAGCTCTGATACG	SRR11008278	278_GTTAAGCTCTGATACG	TRUE
AMRU_Ao_GTTACAGAGCTAGCCC	AMRU_Ao	GTTACAGAGCTAGCCC	SRR11008278	278_GTTACAGAGCTAGCCC	TRUE
AMRU_Ao_GTTACAGAGGGTTCCC	AMRU_Ao	GTTACAGAGGGTTCCC	SRR11008278	278_GTTACAGAGGGTTCCC	TRUE
AMRU_Ao_GTTACAGCAGCTGCAC	AMRU_Ao	GTTACAGCAGCTGCAC	SRR11008278	278_GTTACAGCAGCTGCAC	TRUE
AMRU_Ao_GTTACAGGTGCCTGCA	AMRU_Ao	GTTACAGGTGCCTGCA	SRR11008278	278_GTTACAGGTGCCTGCA	TRUE
AMRU_Ao_GTTACAGTCCACGTTC	AMRU_Ao	GTTACAGTCCACGTTC	SRR11008278	278_GTTACAGTCCACGTTC	TRUE
AMRU_Ao_GTTACAGTCTTAGAGC	AMRU_Ao	GTTACAGTCTTAGAGC	SRR11008278	278_GTTACAGTCTTAGAGC	TRUE
AMRU_Ao_GTTCATTAGACTAGGC	AMRU_Ao	GTTCATTAGACTAGGC	SRR11008278	278_GTTCATTAGACTAGGC	TRUE
AMRU_Ao_GTTCATTAGTCGATAA	AMRU_Ao	GTTCATTAGTCGATAA	SRR11008278	278_GTTCATTAGTCGATAA	TRUE
AMRU_Ao_GTTCATTCAAACTGTC	AMRU_Ao	GTTCATTCAAACTGTC	SRR11008278	278_GTTCATTCAAACTGTC	TRUE
AMRU_Ao_GTTCATTGTCTCTTAT	AMRU_Ao	GTTCATTGTCTCTTAT	SRR11008278	278_GTTCATTGTCTCTTAT	TRUE
AMRU_Ao_GTTCATTTCGAATGCT	AMRU_Ao	GTTCATTTCGAATGCT	SRR11008278	278_GTTCATTTCGAATGCT	TRUE
AMRU_Ao_GTTCATTTCTGCAAGT	AMRU_Ao	GTTCATTTCTGCAAGT	SRR11008278	278_GTTCATTTCTGCAAGT	TRUE
AMRU_Ao_GTTCGGGAGCTATGCT	AMRU_Ao	GTTCGGGAGCTATGCT	SRR11008278	278_GTTCGGGAGCTATGCT	TRUE
AMRU_Ao_GTTCGGGGTTGGGACA	AMRU_Ao	GTTCGGGGTTGGGACA	SRR11008278	278_GTTCGGGGTTGGGACA	TRUE
AMRU_Ao_GTTCTCGAGGGTTCCC	AMRU_Ao	GTTCTCGAGGGTTCCC	SRR11008278	278_GTTCTCGAGGGTTCCC	TRUE
AMRU_Ao_GTTCTCGCACCATCCT	AMRU_Ao	GTTCTCGCACCATCCT	SRR11008278	278_GTTCTCGCACCATCCT	TRUE
AMRU_Ao_GTTCTCGGTCGACTAT	AMRU_Ao	GTTCTCGGTCGACTAT	SRR11008278	278_GTTCTCGGTCGACTAT	TRUE
AMRU_Ao_GTTCTCGTCATCGCTC	AMRU_Ao	GTTCTCGTCATCGCTC	SRR11008278	278_GTTCTCGTCATCGCTC	TRUE
AMRU_Ao_GTTTCTAAGCCCGAAA	AMRU_Ao	GTTTCTAAGCCCGAAA	SRR11008278	278_GTTTCTAAGCCCGAAA	TRUE
AMRU_Ao_GTTTCTAAGTATCGAA	AMRU_Ao	GTTTCTAAGTATCGAA	SRR11008278	278_GTTTCTAAGTATCGAA	TRUE
AMRU_Ao_GTTTCTAGTCCGAAGA	AMRU_Ao	GTTTCTAGTCCGAAGA	SRR11008278	278_GTTTCTAGTCCGAAGA	TRUE
AMRU_Ao_GTTTCTATCGGCGGTT	AMRU_Ao	GTTTCTATCGGCGGTT	SRR11008278	278_GTTTCTATCGGCGGTT	TRUE
AMRU_Ao_TAAACCGCAGCTGTGC	AMRU_Ao	TAAACCGCAGCTGTGC	SRR11008278	278_TAAACCGCAGCTGTGC	TRUE
AMRU_Ao_TAAACCGCATTGAGCT	AMRU_Ao	TAAACCGCATTGAGCT	SRR11008278	278_TAAACCGCATTGAGCT	TRUE
AMRU_Ao_TAAACCGGTACAGTGG	AMRU_Ao	TAAACCGGTACAGTGG	SRR11008278	278_TAAACCGGTACAGTGG	TRUE
AMRU_Ao_TAAACCGGTTCACGGC	AMRU_Ao	TAAACCGGTTCACGGC	SRR11008278	278_TAAACCGGTTCACGGC	TRUE
AMRU_Ao_TAAACCGTCGATGAGG	AMRU_Ao	TAAACCGTCGATGAGG	SRR11008278	278_TAAACCGTCGATGAGG	TRUE
AMRU_Ao_TAAACCGTCGTACCGG	AMRU_Ao	TAAACCGTCGTACCGG	SRR11008278	278_TAAACCGTCGTACCGG	TRUE
AMRU_Ao_TAAACCGTCTAAGCCA	AMRU_Ao	TAAACCGTCTAAGCCA	SRR11008278	278_TAAACCGTCTAAGCCA	TRUE
AMRU_Ao_TAAGAGACAACAACCT	AMRU_Ao	TAAGAGACAACAACCT	SRR11008278	278_TAAGAGACAACAACCT	TRUE
AMRU_Ao_TAAGAGACAATAACGA	AMRU_Ao	TAAGAGACAATAACGA	SRR11008278	278_TAAGAGACAATAACGA	TRUE
AMRU_Ao_TAAGAGACATTTGCCC	AMRU_Ao	TAAGAGACATTTGCCC	SRR11008278	278_TAAGAGACATTTGCCC	TRUE
AMRU_Ao_TAAGAGATCCTAGGGC	AMRU_Ao	TAAGAGATCCTAGGGC	SRR11008278	278_TAAGAGATCCTAGGGC	TRUE
AMRU_Ao_TAAGCGTCAGCCAGAA	AMRU_Ao	TAAGCGTCAGCCAGAA	SRR11008278	278_TAAGCGTCAGCCAGAA	TRUE
AMRU_Ao_TAAGCGTGTCGGCTCA	AMRU_Ao	TAAGCGTGTCGGCTCA	SRR11008278	278_TAAGCGTGTCGGCTCA	FALSE
AMRU_Ao_TAAGTGCAGGTTACCT	AMRU_Ao	TAAGTGCAGGTTACCT	SRR11008278	278_TAAGTGCAGGTTACCT	TRUE
AMRU_Ao_TAAGTGCAGTGAACGC	AMRU_Ao	TAAGTGCAGTGAACGC	SRR11008278	278_TAAGTGCAGTGAACGC	TRUE
AMRU_Ao_TAAGTGCTCAGAGCTT	AMRU_Ao	TAAGTGCTCAGAGCTT	SRR11008278	278_TAAGTGCTCAGAGCTT	TRUE
AMRU_Ao_TAAGTGCTCCCTGACT	AMRU_Ao	TAAGTGCTCCCTGACT	SRR11008278	278_TAAGTGCTCCCTGACT	TRUE
AMRU_Ao_TACACGACACCAGCAC	AMRU_Ao	TACACGACACCAGCAC	SRR11008278	278_TACACGACACCAGCAC	TRUE
AMRU_Ao_TACAGTGAGAAACGAG	AMRU_Ao	TACAGTGAGAAACGAG	SRR11008278	278_TACAGTGAGAAACGAG	TRUE
AMRU_Ao_TACAGTGTCCTCATTA	AMRU_Ao	TACAGTGTCCTCATTA	SRR11008278	278_TACAGTGTCCTCATTA	TRUE
AMRU_Ao_TACAGTGTCCTGCAGG	AMRU_Ao	TACAGTGTCCTGCAGG	SRR11008278	278_TACAGTGTCCTGCAGG	TRUE
AMRU_Ao_TACCTATAGAGTTGGC	AMRU_Ao	TACCTATAGAGTTGGC	SRR11008278	278_TACCTATAGAGTTGGC	TRUE
AMRU_Ao_TACCTTAAGCTCCTCT	AMRU_Ao	TACCTTAAGCTCCTCT	SRR11008278	278_TACCTTAAGCTCCTCT	FALSE
AMRU_Ao_TACCTTACAAATTGCC	AMRU_Ao	TACCTTACAAATTGCC	SRR11008278	278_TACCTTACAAATTGCC	TRUE
AMRU_Ao_TACCTTATCAGCACAT	AMRU_Ao	TACCTTATCAGCACAT	SRR11008278	278_TACCTTATCAGCACAT	TRUE
AMRU_Ao_TACCTTATCTGCCAGG	AMRU_Ao	TACCTTATCTGCCAGG	SRR11008278	278_TACCTTATCTGCCAGG	TRUE
AMRU_Ao_TACGGATAGTGCCAGA	AMRU_Ao	TACGGATAGTGCCAGA	SRR11008278	278_TACGGATAGTGCCAGA	TRUE
AMRU_Ao_TACGGATCAGTTCCCT	AMRU_Ao	TACGGATCAGTTCCCT	SRR11008278	278_TACGGATCAGTTCCCT	TRUE
AMRU_Ao_TACGGATGTTTGACAC	AMRU_Ao	TACGGATGTTTGACAC	SRR11008278	278_TACGGATGTTTGACAC	TRUE
AMRU_Ao_TACGGATTCACCGTAA	AMRU_Ao	TACGGATTCACCGTAA	SRR11008278	278_TACGGATTCACCGTAA	TRUE
AMRU_Ao_TACGGGCAGCGATAGC	AMRU_Ao	TACGGGCAGCGATAGC	SRR11008278	278_TACGGGCAGCGATAGC	TRUE
AMRU_Ao_TACGGGCCAAGGACAC	AMRU_Ao	TACGGGCCAAGGACAC	SRR11008278	278_TACGGGCCAAGGACAC	TRUE
AMRU_Ao_TACGGGCCACTGAAGG	AMRU_Ao	TACGGGCCACTGAAGG	SRR11008278	278_TACGGGCCACTGAAGG	TRUE
AMRU_Ao_TACGGGCGTCGTCTTC	AMRU_Ao	TACGGGCGTCGTCTTC	SRR11008278	278_TACGGGCGTCGTCTTC	TRUE
AMRU_Ao_TACGGGCGTGCAGACA	AMRU_Ao	TACGGGCGTGCAGACA	SRR11008278	278_TACGGGCGTGCAGACA	TRUE
AMRU_Ao_TACGGGCGTTGTACAC	AMRU_Ao	TACGGGCGTTGTACAC	SRR11008278	278_TACGGGCGTTGTACAC	TRUE
AMRU_Ao_TACGGTAAGAGGGCTT	AMRU_Ao	TACGGTAAGAGGGCTT	SRR11008278	278_TACGGTAAGAGGGCTT	TRUE
AMRU_Ao_TACGGTAAGGTGCTAG	AMRU_Ao	TACGGTAAGGTGCTAG	SRR11008278	278_TACGGTAAGGTGCTAG	TRUE
AMRU_Ao_TACGGTAAGTGTCCAT	AMRU_Ao	TACGGTAAGTGTCCAT	SRR11008278	278_TACGGTAAGTGTCCAT	TRUE
AMRU_Ao_TACGGTATCATGCTCC	AMRU_Ao	TACGGTATCATGCTCC	SRR11008278	278_TACGGTATCATGCTCC	TRUE
AMRU_Ao_TACTCATAGTGGAGAA	AMRU_Ao	TACTCATAGTGGAGAA	SRR11008278	278_TACTCATAGTGGAGAA	TRUE
AMRU_Ao_TACTCATGTGCAGGTA	AMRU_Ao	TACTCATGTGCAGGTA	SRR11008278	278_TACTCATGTGCAGGTA	TRUE
AMRU_Ao_TACTCGCGTCCAGTGC	AMRU_Ao	TACTCGCGTCCAGTGC	SRR11008278	278_TACTCGCGTCCAGTGC	TRUE
AMRU_Ao_TACTCGCTCGATAGAA	AMRU_Ao	TACTCGCTCGATAGAA	SRR11008278	278_TACTCGCTCGATAGAA	TRUE
AMRU_Ao_TACTCGCTCGGAAACG	AMRU_Ao	TACTCGCTCGGAAACG	SRR11008278	278_TACTCGCTCGGAAACG	TRUE
AMRU_Ao_TACTTACGTCATCCCT	AMRU_Ao	TACTTACGTCATCCCT	SRR11008278	278_TACTTACGTCATCCCT	TRUE
AMRU_Ao_TACTTGTAGGCCGAAT	AMRU_Ao	TACTTGTAGGCCGAAT	SRR11008278	278_TACTTGTAGGCCGAAT	TRUE
AMRU_Ao_TACTTGTAGTGGTAGC	AMRU_Ao	TACTTGTAGTGGTAGC	SRR11008278	278_TACTTGTAGTGGTAGC	TRUE
AMRU_Ao_TACTTGTGTAAAGGAG	AMRU_Ao	TACTTGTGTAAAGGAG	SRR11008278	278_TACTTGTGTAAAGGAG	TRUE
AMRU_Ao_TACTTGTGTCCGTTAA	AMRU_Ao	TACTTGTGTCCGTTAA	SRR11008278	278_TACTTGTGTCCGTTAA	TRUE
AMRU_Ao_TACTTGTTCACCTTAT	AMRU_Ao	TACTTGTTCACCTTAT	SRR11008278	278_TACTTGTTCACCTTAT	TRUE
AMRU_Ao_TAGACCACAATTCCTT	AMRU_Ao	TAGACCACAATTCCTT	SRR11008278	278_TAGACCACAATTCCTT	TRUE
AMRU_Ao_TAGAGCTGTCGAAAGC	AMRU_Ao	TAGAGCTGTCGAAAGC	SRR11008278	278_TAGAGCTGTCGAAAGC	TRUE
AMRU_Ao_TAGAGCTGTCTCTTTA	AMRU_Ao	TAGAGCTGTCTCTTTA	SRR11008278	278_TAGAGCTGTCTCTTTA	TRUE
AMRU_Ao_TAGCCGGAGCGTTGCC	AMRU_Ao	TAGCCGGAGCGTTGCC	SRR11008278	278_TAGCCGGAGCGTTGCC	TRUE
AMRU_Ao_TAGCCGGAGTACACCT	AMRU_Ao	TAGCCGGAGTACACCT	SRR11008278	278_TAGCCGGAGTACACCT	TRUE
AMRU_Ao_TAGCCGGGTAGCTTGT	AMRU_Ao	TAGCCGGGTAGCTTGT	SRR11008278	278_TAGCCGGGTAGCTTGT	TRUE
AMRU_Ao_TAGCCGGGTCATCCCT	AMRU_Ao	TAGCCGGGTCATCCCT	SRR11008278	278_TAGCCGGGTCATCCCT	TRUE
AMRU_Ao_TAGCCGGGTTTGTGTG	AMRU_Ao	TAGCCGGGTTTGTGTG	SRR11008278	278_TAGCCGGGTTTGTGTG	TRUE
AMRU_Ao_TAGCCGGTCATAGCAC	AMRU_Ao	TAGCCGGTCATAGCAC	SRR11008278	278_TAGCCGGTCATAGCAC	TRUE
AMRU_Ao_TAGCCGGTCCTTGCCA	AMRU_Ao	TAGCCGGTCCTTGCCA	SRR11008278	278_TAGCCGGTCCTTGCCA	TRUE
AMRU_Ao_TAGGCATAGCGGATCA	AMRU_Ao	TAGGCATAGCGGATCA	SRR11008278	278_TAGGCATAGCGGATCA	TRUE
AMRU_Ao_TAGGCATGTAGCTTGT	AMRU_Ao	TAGGCATGTAGCTTGT	SRR11008278	278_TAGGCATGTAGCTTGT	TRUE
AMRU_Ao_TAGTGGTAGGGCTTCC	AMRU_Ao	TAGTGGTAGGGCTTCC	SRR11008278	278_TAGTGGTAGGGCTTCC	TRUE
AMRU_Ao_TAGTGGTGTTAGGGTG	AMRU_Ao	TAGTGGTGTTAGGGTG	SRR11008278	278_TAGTGGTGTTAGGGTG	TRUE
AMRU_Ao_TAGTGGTTCGAATCCA	AMRU_Ao	TAGTGGTTCGAATCCA	SRR11008278	278_TAGTGGTTCGAATCCA	TRUE
AMRU_Ao_TAGTTGGGTTGTCGCG	AMRU_Ao	TAGTTGGGTTGTCGCG	SRR11008278	278_TAGTTGGGTTGTCGCG	TRUE
AMRU_Ao_TAGTTGGTCTCGCTTG	AMRU_Ao	TAGTTGGTCTCGCTTG	SRR11008278	278_TAGTTGGTCTCGCTTG	TRUE
AMRU_Ao_TATCAGGAGTCGTACT	AMRU_Ao	TATCAGGAGTCGTACT	SRR11008278	278_TATCAGGAGTCGTACT	TRUE
AMRU_Ao_TATCAGGCAGTCGATT	AMRU_Ao	TATCAGGCAGTCGATT	SRR11008278	278_TATCAGGCAGTCGATT	TRUE
AMRU_Ao_TATCAGGGTATGGTTC	AMRU_Ao	TATCAGGGTATGGTTC	SRR11008278	278_TATCAGGGTATGGTTC	TRUE
AMRU_Ao_TATCAGGGTCTCCCTA	AMRU_Ao	TATCAGGGTCTCCCTA	SRR11008278	278_TATCAGGGTCTCCCTA	TRUE
AMRU_Ao_TATCTCAAGGTGGGTT	AMRU_Ao	TATCTCAAGGTGGGTT	SRR11008278	278_TATCTCAAGGTGGGTT	TRUE
AMRU_Ao_TATCTCACAAAGGAAG	AMRU_Ao	TATCTCACAAAGGAAG	SRR11008278	278_TATCTCACAAAGGAAG	TRUE
AMRU_Ao_TATCTCACACAGCGTC	AMRU_Ao	TATCTCACACAGCGTC	SRR11008278	278_TATCTCACACAGCGTC	TRUE
AMRU_Ao_TATCTCACAGTGGGAT	AMRU_Ao	TATCTCACAGTGGGAT	SRR11008278	278_TATCTCACAGTGGGAT	TRUE
AMRU_Ao_TATCTCAGTCGCGGTT	AMRU_Ao	TATCTCAGTCGCGGTT	SRR11008278	278_TATCTCAGTCGCGGTT	TRUE
AMRU_Ao_TATGCCCAGTGTACGG	AMRU_Ao	TATGCCCAGTGTACGG	SRR11008278	278_TATGCCCAGTGTACGG	TRUE
AMRU_Ao_TATGCCCCACTTACGA	AMRU_Ao	TATGCCCCACTTACGA	SRR11008278	278_TATGCCCCACTTACGA	TRUE
AMRU_Ao_TATGCCCTCAACACGT	AMRU_Ao	TATGCCCTCAACACGT	SRR11008278	278_TATGCCCTCAACACGT	TRUE
AMRU_Ao_TATTACCCAAGTCTAC	AMRU_Ao	TATTACCCAAGTCTAC	SRR11008278	278_TATTACCCAAGTCTAC	TRUE
AMRU_Ao_TCAACGAAGTCCTCCT	AMRU_Ao	TCAACGAAGTCCTCCT	SRR11008278	278_TCAACGAAGTCCTCCT	TRUE
AMRU_Ao_TCAACGATCCCGACTT	AMRU_Ao	TCAACGATCCCGACTT	SRR11008278	278_TCAACGATCCCGACTT	TRUE
AMRU_Ao_TCAACGATCTTTAGTC	AMRU_Ao	TCAACGATCTTTAGTC	SRR11008278	278_TCAACGATCTTTAGTC	TRUE
AMRU_Ao_TCAATCTCACCGTTGG	AMRU_Ao	TCAATCTCACCGTTGG	SRR11008278	278_TCAATCTCACCGTTGG	TRUE
AMRU_Ao_TCAATCTCAGACAGGT	AMRU_Ao	TCAATCTCAGACAGGT	SRR11008278	278_TCAATCTCAGACAGGT	TRUE
AMRU_Ao_TCAATCTCATCCCATC	AMRU_Ao	TCAATCTCATCCCATC	SRR11008278	278_TCAATCTCATCCCATC	TRUE
AMRU_Ao_TCAATCTTCTATCGCC	AMRU_Ao	TCAATCTTCTATCGCC	SRR11008278	278_TCAATCTTCTATCGCC	TRUE
AMRU_Ao_TCAATCTTCTGGTTCC	AMRU_Ao	TCAATCTTCTGGTTCC	SRR11008278	278_TCAATCTTCTGGTTCC	TRUE
AMRU_Ao_TCACAAGCATCAGTCA	AMRU_Ao	TCACAAGCATCAGTCA	SRR11008278	278_TCACAAGCATCAGTCA	TRUE
AMRU_Ao_TCACAAGGTAGCTTGT	AMRU_Ao	TCACAAGGTAGCTTGT	SRR11008278	278_TCACAAGGTAGCTTGT	TRUE
AMRU_Ao_TCACAAGGTTGAGTTC	AMRU_Ao	TCACAAGGTTGAGTTC	SRR11008278	278_TCACAAGGTTGAGTTC	TRUE
AMRU_Ao_TCACAAGTCCCTTGTG	AMRU_Ao	TCACAAGTCCCTTGTG	SRR11008278	278_TCACAAGTCCCTTGTG	TRUE
AMRU_Ao_TCACAAGTCTGATACG	AMRU_Ao	TCACAAGTCTGATACG	SRR11008278	278_TCACAAGTCTGATACG	TRUE
AMRU_Ao_TCACGAAAGTGTGAAT	AMRU_Ao	TCACGAAAGTGTGAAT	SRR11008278	278_TCACGAAAGTGTGAAT	TRUE
AMRU_Ao_TCACGAACATTCTTAC	AMRU_Ao	TCACGAACATTCTTAC	SRR11008278	278_TCACGAACATTCTTAC	TRUE
AMRU_Ao_TCACGAATCTTGCAAG	AMRU_Ao	TCACGAATCTTGCAAG	SRR11008278	278_TCACGAATCTTGCAAG	TRUE
AMRU_Ao_TCAGATGGTAGAGCTG	AMRU_Ao	TCAGATGGTAGAGCTG	SRR11008278	278_TCAGATGGTAGAGCTG	TRUE
AMRU_Ao_TCAGATGTCTTCGAGA	AMRU_Ao	TCAGATGTCTTCGAGA	SRR11008278	278_TCAGATGTCTTCGAGA	TRUE
AMRU_Ao_TCAGCAAAGACGACGT	AMRU_Ao	TCAGCAAAGACGACGT	SRR11008278	278_TCAGCAAAGACGACGT	TRUE
AMRU_Ao_TCAGCAACATACTCTT	AMRU_Ao	TCAGCAACATACTCTT	SRR11008278	278_TCAGCAACATACTCTT	TRUE
AMRU_Ao_TCAGCAAGTACTTAGC	AMRU_Ao	TCAGCAAGTACTTAGC	SRR11008278	278_TCAGCAAGTACTTAGC	TRUE
AMRU_Ao_TCAGCTCAGACTACAA	AMRU_Ao	TCAGCTCAGACTACAA	SRR11008278	278_TCAGCTCAGACTACAA	TRUE
AMRU_Ao_TCAGCTCCACGGCGTT	AMRU_Ao	TCAGCTCCACGGCGTT	SRR11008278	278_TCAGCTCCACGGCGTT	TRUE
AMRU_Ao_TCAGCTCGTCATCGGC	AMRU_Ao	TCAGCTCGTCATCGGC	SRR11008278	278_TCAGCTCGTCATCGGC	TRUE
AMRU_Ao_TCAGCTCGTGGTTTCA	AMRU_Ao	TCAGCTCGTGGTTTCA	SRR11008278	278_TCAGCTCGTGGTTTCA	TRUE
AMRU_Ao_TCAGGATTCTGATACG	AMRU_Ao	TCAGGATTCTGATACG	SRR11008278	278_TCAGGATTCTGATACG	TRUE
AMRU_Ao_TCAGGATTCTTCTGGC	AMRU_Ao	TCAGGATTCTTCTGGC	SRR11008278	278_TCAGGATTCTTCTGGC	TRUE
AMRU_Ao_TCATTACGTTAGAACA	AMRU_Ao	TCATTACGTTAGAACA	SRR11008278	278_TCATTACGTTAGAACA	TRUE
AMRU_Ao_TCATTACTCAACGAAA	AMRU_Ao	TCATTACTCAACGAAA	SRR11008278	278_TCATTACTCAACGAAA	TRUE
AMRU_Ao_TCATTTGAGCACCGTC	AMRU_Ao	TCATTTGAGCACCGTC	SRR11008278	278_TCATTTGAGCACCGTC	TRUE
AMRU_Ao_TCATTTGAGCCGGTAA	AMRU_Ao	TCATTTGAGCCGGTAA	SRR11008278	278_TCATTTGAGCCGGTAA	TRUE
AMRU_Ao_TCATTTGAGGATGTAT	AMRU_Ao	TCATTTGAGGATGTAT	SRR11008278	278_TCATTTGAGGATGTAT	TRUE
AMRU_Ao_TCCACACCAAATCCGT	AMRU_Ao	TCCACACCAAATCCGT	SRR11008278	278_TCCACACCAAATCCGT	TRUE
AMRU_Ao_TCCACACCACGTCAGC	AMRU_Ao	TCCACACCACGTCAGC	SRR11008278	278_TCCACACCACGTCAGC	TRUE
AMRU_Ao_TCCACACTCTGCCAGG	AMRU_Ao	TCCACACTCTGCCAGG	SRR11008278	278_TCCACACTCTGCCAGG	TRUE
AMRU_Ao_TCCCGATCAAGTAGTA	AMRU_Ao	TCCCGATCAAGTAGTA	SRR11008278	278_TCCCGATCAAGTAGTA	TRUE
AMRU_Ao_TCCCGATCATAAGACA	AMRU_Ao	TCCCGATCATAAGACA	SRR11008278	278_TCCCGATCATAAGACA	TRUE
AMRU_Ao_TCCCGATGTACGAAAT	AMRU_Ao	TCCCGATGTACGAAAT	SRR11008278	278_TCCCGATGTACGAAAT	TRUE
AMRU_Ao_TCCCGATGTCGACTGC	AMRU_Ao	TCCCGATGTCGACTGC	SRR11008278	278_TCCCGATGTCGACTGC	TRUE
AMRU_Ao_TCGCGAGGTCTAAACC	AMRU_Ao	TCGCGAGGTCTAAACC	SRR11008278	278_TCGCGAGGTCTAAACC	TRUE
AMRU_Ao_TCGCGTTAGCTAGTGG	AMRU_Ao	TCGCGTTAGCTAGTGG	SRR11008278	278_TCGCGTTAGCTAGTGG	TRUE
AMRU_Ao_TCGCGTTCATCATCCC	AMRU_Ao	TCGCGTTCATCATCCC	SRR11008278	278_TCGCGTTCATCATCCC	TRUE
AMRU_Ao_TCGCGTTTCAAGGCTT	AMRU_Ao	TCGCGTTTCAAGGCTT	SRR11008278	278_TCGCGTTTCAAGGCTT	TRUE
AMRU_Ao_TCGGGACAGTCCCACG	AMRU_Ao	TCGGGACAGTCCCACG	SRR11008278	278_TCGGGACAGTCCCACG	TRUE
AMRU_Ao_TCGGGACAGTTATCGC	AMRU_Ao	TCGGGACAGTTATCGC	SRR11008278	278_TCGGGACAGTTATCGC	TRUE
AMRU_Ao_TCGGGACCAGTATAAG	AMRU_Ao	TCGGGACCAGTATAAG	SRR11008278	278_TCGGGACCAGTATAAG	TRUE
AMRU_Ao_TCGGGACGTCATATGC	AMRU_Ao	TCGGGACGTCATATGC	SRR11008278	278_TCGGGACGTCATATGC	TRUE
AMRU_Ao_TCGGGACTCATCACCC	AMRU_Ao	TCGGGACTCATCACCC	SRR11008278	278_TCGGGACTCATCACCC	TRUE
AMRU_Ao_TCGGGACTCTTAGAGC	AMRU_Ao	TCGGGACTCTTAGAGC	SRR11008278	278_TCGGGACTCTTAGAGC	TRUE
AMRU_Ao_TCGGTAACACAGACTT	AMRU_Ao	TCGGTAACACAGACTT	SRR11008278	278_TCGGTAACACAGACTT	TRUE
AMRU_Ao_TCGGTAAGTAAACGCG	AMRU_Ao	TCGGTAAGTAAACGCG	SRR11008278	278_TCGGTAAGTAAACGCG	TRUE
AMRU_Ao_TCGGTAAGTCACACGC	AMRU_Ao	TCGGTAAGTCACACGC	SRR11008278	278_TCGGTAAGTCACACGC	TRUE
AMRU_Ao_TCGGTAAGTTAAGGGC	AMRU_Ao	TCGGTAAGTTAAGGGC	SRR11008278	278_TCGGTAAGTTAAGGGC	TRUE
AMRU_Ao_TCGTACCCAGCGTCCA	AMRU_Ao	TCGTACCCAGCGTCCA	SRR11008278	278_TCGTACCCAGCGTCCA	TRUE
AMRU_Ao_TCGTACCCATATACCG	AMRU_Ao	TCGTACCCATATACCG	SRR11008278	278_TCGTACCCATATACCG	TRUE
AMRU_Ao_TCGTACCGTTCAGTAC	AMRU_Ao	TCGTACCGTTCAGTAC	SRR11008278	278_TCGTACCGTTCAGTAC	TRUE
AMRU_Ao_TCGTACCTCAAACAAG	AMRU_Ao	TCGTACCTCAAACAAG	SRR11008278	278_TCGTACCTCAAACAAG	TRUE
AMRU_Ao_TCGTAGAGTCCAGTAT	AMRU_Ao	TCGTAGAGTCCAGTAT	SRR11008278	278_TCGTAGAGTCCAGTAT	TRUE
AMRU_Ao_TCGTAGATCCGTCAAA	AMRU_Ao	TCGTAGATCCGTCAAA	SRR11008278	278_TCGTAGATCCGTCAAA	TRUE
AMRU_Ao_TCGTAGATCGCTTGTC	AMRU_Ao	TCGTAGATCGCTTGTC	SRR11008278	278_TCGTAGATCGCTTGTC	TRUE
AMRU_Ao_TCGTAGATCTACTATC	AMRU_Ao	TCGTAGATCTACTATC	SRR11008278	278_TCGTAGATCTACTATC	TRUE
AMRU_Ao_TCGTAGATCTTGTCAT	AMRU_Ao	TCGTAGATCTTGTCAT	SRR11008278	278_TCGTAGATCTTGTCAT	TRUE
AMRU_Ao_TCTATTGAGGAACTGC	AMRU_Ao	TCTATTGAGGAACTGC	SRR11008278	278_TCTATTGAGGAACTGC	TRUE
AMRU_Ao_TCTATTGAGTGAATTG	AMRU_Ao	TCTATTGAGTGAATTG	SRR11008278	278_TCTATTGAGTGAATTG	TRUE
AMRU_Ao_TCTATTGCAAATACAG	AMRU_Ao	TCTATTGCAAATACAG	SRR11008278	278_TCTATTGCAAATACAG	TRUE
AMRU_Ao_TCTATTGCAATCGGTT	AMRU_Ao	TCTATTGCAATCGGTT	SRR11008278	278_TCTATTGCAATCGGTT	TRUE
AMRU_Ao_TCTATTGCATGGTCAT	AMRU_Ao	TCTATTGCATGGTCAT	SRR11008278	278_TCTATTGCATGGTCAT	TRUE
AMRU_Ao_TCTATTGGTCCGTCAG	AMRU_Ao	TCTATTGGTCCGTCAG	SRR11008278	278_TCTATTGGTCCGTCAG	TRUE
AMRU_Ao_TCTATTGGTCTGCAAT	AMRU_Ao	TCTATTGGTCTGCAAT	SRR11008278	278_TCTATTGGTCTGCAAT	TRUE
AMRU_Ao_TCTATTGGTTCACCTC	AMRU_Ao	TCTATTGGTTCACCTC	SRR11008278	278_TCTATTGGTTCACCTC	TRUE
AMRU_Ao_TCTATTGTCTCCAGGG	AMRU_Ao	TCTATTGTCTCCAGGG	SRR11008278	278_TCTATTGTCTCCAGGG	TRUE
AMRU_Ao_TCTATTGTCTCGTTTA	AMRU_Ao	TCTATTGTCTCGTTTA	SRR11008278	278_TCTATTGTCTCGTTTA	TRUE
AMRU_Ao_TCTCATACAGTCGTGC	AMRU_Ao	TCTCATACAGTCGTGC	SRR11008278	278_TCTCATACAGTCGTGC	TRUE
AMRU_Ao_TCTCATAGTTTGGGCC	AMRU_Ao	TCTCATAGTTTGGGCC	SRR11008278	278_TCTCATAGTTTGGGCC	TRUE
AMRU_Ao_TCTCATATCTAACGGT	AMRU_Ao	TCTCATATCTAACGGT	SRR11008278	278_TCTCATATCTAACGGT	TRUE
AMRU_Ao_TCTCTAAAGTCATGCT	AMRU_Ao	TCTCTAAAGTCATGCT	SRR11008278	278_TCTCTAAAGTCATGCT	TRUE
AMRU_Ao_TCTGAGAGTGACGCCT	AMRU_Ao	TCTGAGAGTGACGCCT	SRR11008278	278_TCTGAGAGTGACGCCT	TRUE
AMRU_Ao_TCTGAGATCATAAAGG	AMRU_Ao	TCTGAGATCATAAAGG	SRR11008278	278_TCTGAGATCATAAAGG	TRUE
AMRU_Ao_TCTGGAAAGCGTAGTG	AMRU_Ao	TCTGGAAAGCGTAGTG	SRR11008278	278_TCTGGAAAGCGTAGTG	TRUE
AMRU_Ao_TCTGGAAGTCTGGTCG	AMRU_Ao	TCTGGAAGTCTGGTCG	SRR11008278	278_TCTGGAAGTCTGGTCG	TRUE
AMRU_Ao_TCTTCGGAGCGATATA	AMRU_Ao	TCTTCGGAGCGATATA	SRR11008278	278_TCTTCGGAGCGATATA	TRUE
AMRU_Ao_TCTTCGGAGCTATGCT	AMRU_Ao	TCTTCGGAGCTATGCT	SRR11008278	278_TCTTCGGAGCTATGCT	TRUE
AMRU_Ao_TCTTCGGCATGAGCGA	AMRU_Ao	TCTTCGGCATGAGCGA	SRR11008278	278_TCTTCGGCATGAGCGA	TRUE
AMRU_Ao_TCTTCGGTCAACCAAC	AMRU_Ao	TCTTCGGTCAACCAAC	SRR11008278	278_TCTTCGGTCAACCAAC	TRUE
AMRU_Ao_TCTTTCCAGGGTGTGT	AMRU_Ao	TCTTTCCAGGGTGTGT	SRR11008278	278_TCTTTCCAGGGTGTGT	TRUE
AMRU_Ao_TCTTTCCCACCCATTC	AMRU_Ao	TCTTTCCCACCCATTC	SRR11008278	278_TCTTTCCCACCCATTC	TRUE
AMRU_Ao_TGAAAGACACGGTGTC	AMRU_Ao	TGAAAGACACGGTGTC	SRR11008278	278_TGAAAGACACGGTGTC	TRUE
AMRU_Ao_TGAAAGACAGCCTGTG	AMRU_Ao	TGAAAGACAGCCTGTG	SRR11008278	278_TGAAAGACAGCCTGTG	TRUE
AMRU_Ao_TGAAAGACATCCCACT	AMRU_Ao	TGAAAGACATCCCACT	SRR11008278	278_TGAAAGACATCCCACT	TRUE
AMRU_Ao_TGAAAGATCCTCGCAT	AMRU_Ao	TGAAAGATCCTCGCAT	SRR11008278	278_TGAAAGATCCTCGCAT	TRUE
AMRU_Ao_TGACAACAGTTCGCGC	AMRU_Ao	TGACAACAGTTCGCGC	SRR11008278	278_TGACAACAGTTCGCGC	TRUE
AMRU_Ao_TGACAACTCATTCACT	AMRU_Ao	TGACAACTCATTCACT	SRR11008278	278_TGACAACTCATTCACT	TRUE
AMRU_Ao_TGACAACTCCCTAACC	AMRU_Ao	TGACAACTCCCTAACC	SRR11008278	278_TGACAACTCCCTAACC	TRUE
AMRU_Ao_TGACGGCAGACAATAC	AMRU_Ao	TGACGGCAGACAATAC	SRR11008278	278_TGACGGCAGACAATAC	TRUE
AMRU_Ao_TGACGGCAGCTAAACA	AMRU_Ao	TGACGGCAGCTAAACA	SRR11008278	278_TGACGGCAGCTAAACA	TRUE
AMRU_Ao_TGACGGCAGTCGATAA	AMRU_Ao	TGACGGCAGTCGATAA	SRR11008278	278_TGACGGCAGTCGATAA	TRUE
AMRU_Ao_TGACGGCGTGGGTATG	AMRU_Ao	TGACGGCGTGGGTATG	SRR11008278	278_TGACGGCGTGGGTATG	TRUE
AMRU_Ao_TGACTAGTCGCGCCAA	AMRU_Ao	TGACTAGTCGCGCCAA	SRR11008278	278_TGACTAGTCGCGCCAA	TRUE
AMRU_Ao_TGACTTTTCGTAGGTT	AMRU_Ao	TGACTTTTCGTAGGTT	SRR11008278	278_TGACTTTTCGTAGGTT	TRUE
AMRU_Ao_TGAGAGGCATCCCATC	AMRU_Ao	TGAGAGGCATCCCATC	SRR11008278	278_TGAGAGGCATCCCATC	TRUE
AMRU_Ao_TGAGAGGGTGACAAAT	AMRU_Ao	TGAGAGGGTGACAAAT	SRR11008278	278_TGAGAGGGTGACAAAT	TRUE
AMRU_Ao_TGAGCATAGGAGTTTA	AMRU_Ao	TGAGCATAGGAGTTTA	SRR11008278	278_TGAGCATAGGAGTTTA	TRUE
AMRU_Ao_TGAGCATCACCCATTC	AMRU_Ao	TGAGCATCACCCATTC	SRR11008278	278_TGAGCATCACCCATTC	TRUE
AMRU_Ao_TGAGCATCAGCGTCCA	AMRU_Ao	TGAGCATCAGCGTCCA	SRR11008278	278_TGAGCATCAGCGTCCA	TRUE
AMRU_Ao_TGAGCATGTAGCTCCG	AMRU_Ao	TGAGCATGTAGCTCCG	SRR11008278	278_TGAGCATGTAGCTCCG	FALSE
AMRU_Ao_TGAGCATGTTGCGTTA	AMRU_Ao	TGAGCATGTTGCGTTA	SRR11008278	278_TGAGCATGTTGCGTTA	TRUE
AMRU_Ao_TGAGCATTCGTTGCCT	AMRU_Ao	TGAGCATTCGTTGCCT	SRR11008278	278_TGAGCATTCGTTGCCT	TRUE
AMRU_Ao_TGAGCCGCAATAGCGG	AMRU_Ao	TGAGCCGCAATAGCGG	SRR11008278	278_TGAGCCGCAATAGCGG	FALSE
AMRU_Ao_TGAGCCGGTCGCTTTC	AMRU_Ao	TGAGCCGGTCGCTTTC	SRR11008278	278_TGAGCCGGTCGCTTTC	TRUE
AMRU_Ao_TGAGCCGGTGAGTATA	AMRU_Ao	TGAGCCGGTGAGTATA	SRR11008278	278_TGAGCCGGTGAGTATA	TRUE
AMRU_Ao_TGAGGGATCACATACG	AMRU_Ao	TGAGGGATCACATACG	SRR11008278	278_TGAGGGATCACATACG	TRUE
AMRU_Ao_TGAGGGATCTTGGGTA	AMRU_Ao	TGAGGGATCTTGGGTA	SRR11008278	278_TGAGGGATCTTGGGTA	TRUE
AMRU_Ao_TGATTTCTCACAAACC	AMRU_Ao	TGATTTCTCACAAACC	SRR11008278	278_TGATTTCTCACAAACC	TRUE
AMRU_Ao_TGATTTCTCTCCAACC	AMRU_Ao	TGATTTCTCTCCAACC	SRR11008278	278_TGATTTCTCTCCAACC	TRUE
AMRU_Ao_TGATTTCTCTGCAAGT	AMRU_Ao	TGATTTCTCTGCAAGT	SRR11008278	278_TGATTTCTCTGCAAGT	TRUE
AMRU_Ao_TGCACCTAGACGACGT	AMRU_Ao	TGCACCTAGACGACGT	SRR11008278	278_TGCACCTAGACGACGT	TRUE
AMRU_Ao_TGCACCTAGCTTCGCG	AMRU_Ao	TGCACCTAGCTTCGCG	SRR11008278	278_TGCACCTAGCTTCGCG	TRUE
AMRU_Ao_TGCACCTAGGCTCTTA	AMRU_Ao	TGCACCTAGGCTCTTA	SRR11008278	278_TGCACCTAGGCTCTTA	TRUE
AMRU_Ao_TGCACCTGTGCAGACA	AMRU_Ao	TGCACCTGTGCAGACA	SRR11008278	278_TGCACCTGTGCAGACA	TRUE
AMRU_Ao_TGCACCTTCTTCTGGC	AMRU_Ao	TGCACCTTCTTCTGGC	SRR11008278	278_TGCACCTTCTTCTGGC	TRUE
AMRU_Ao_TGCCAAAAGCGATTCT	AMRU_Ao	TGCCAAAAGCGATTCT	SRR11008278	278_TGCCAAAAGCGATTCT	TRUE
AMRU_Ao_TGCCCATAGATCGATA	AMRU_Ao	TGCCCATAGATCGATA	SRR11008278	278_TGCCCATAGATCGATA	TRUE
AMRU_Ao_TGCCCATAGCCGATTT	AMRU_Ao	TGCCCATAGCCGATTT	SRR11008278	278_TGCCCATAGCCGATTT	TRUE
AMRU_Ao_TGCCCATCAGACGCCT	AMRU_Ao	TGCCCATCAGACGCCT	SRR11008278	278_TGCCCATCAGACGCCT	TRUE
AMRU_Ao_TGCCCATGTAGGAGTC	AMRU_Ao	TGCCCATGTAGGAGTC	SRR11008278	278_TGCCCATGTAGGAGTC	TRUE
AMRU_Ao_TGCCCATGTCTAACGT	AMRU_Ao	TGCCCATGTCTAACGT	SRR11008278	278_TGCCCATGTCTAACGT	TRUE
AMRU_Ao_TGCCCATGTTCGCTAA	AMRU_Ao	TGCCCATGTTCGCTAA	SRR11008278	278_TGCCCATGTTCGCTAA	TRUE
AMRU_Ao_TGCCCTAAGGATGGAA	AMRU_Ao	TGCCCTAAGGATGGAA	SRR11008278	278_TGCCCTAAGGATGGAA	TRUE
AMRU_Ao_TGCCCTACAAGCGCTC	AMRU_Ao	TGCCCTACAAGCGCTC	SRR11008278	278_TGCCCTACAAGCGCTC	TRUE
AMRU_Ao_TGCCCTACACTCTGTC	AMRU_Ao	TGCCCTACACTCTGTC	SRR11008278	278_TGCCCTACACTCTGTC	TRUE
AMRU_Ao_TGCCCTACATGGTTGT	AMRU_Ao	TGCCCTACATGGTTGT	SRR11008278	278_TGCCCTACATGGTTGT	TRUE
AMRU_Ao_TGCCCTAGTTAAGATG	AMRU_Ao	TGCCCTAGTTAAGATG	SRR11008278	278_TGCCCTAGTTAAGATG	TRUE
AMRU_Ao_TGCGCAGAGGCGACAT	AMRU_Ao	TGCGCAGAGGCGACAT	SRR11008278	278_TGCGCAGAGGCGACAT	TRUE
AMRU_Ao_TGCGCAGCAAGTCTAC	AMRU_Ao	TGCGCAGCAAGTCTAC	SRR11008278	278_TGCGCAGCAAGTCTAC	TRUE
AMRU_Ao_TGCGCAGCATGAAGTA	AMRU_Ao	TGCGCAGCATGAAGTA	SRR11008278	278_TGCGCAGCATGAAGTA	TRUE
AMRU_Ao_TGCGCAGGTAATAGCA	AMRU_Ao	TGCGCAGGTAATAGCA	SRR11008278	278_TGCGCAGGTAATAGCA	TRUE
AMRU_Ao_TGCGCAGTCAGGATCT	AMRU_Ao	TGCGCAGTCAGGATCT	SRR11008278	278_TGCGCAGTCAGGATCT	TRUE
AMRU_Ao_TGCGCAGTCCAGATCA	AMRU_Ao	TGCGCAGTCCAGATCA	SRR11008278	278_TGCGCAGTCCAGATCA	TRUE
AMRU_Ao_TGCGCAGTCGGCGCTA	AMRU_Ao	TGCGCAGTCGGCGCTA	SRR11008278	278_TGCGCAGTCGGCGCTA	TRUE
AMRU_Ao_TGCGCAGTCTCGCATC	AMRU_Ao	TGCGCAGTCTCGCATC	SRR11008278	278_TGCGCAGTCTCGCATC	TRUE
AMRU_Ao_TGCGGGTAGCGCCTCA	AMRU_Ao	TGCGGGTAGCGCCTCA	SRR11008278	278_TGCGGGTAGCGCCTCA	TRUE
AMRU_Ao_TGCGTGGAGAAGGACA	AMRU_Ao	TGCGTGGAGAAGGACA	SRR11008278	278_TGCGTGGAGAAGGACA	TRUE
AMRU_Ao_TGCGTGGAGCTAACAA	AMRU_Ao	TGCGTGGAGCTAACAA	SRR11008278	278_TGCGTGGAGCTAACAA	TRUE
AMRU_Ao_TGCGTGGAGTATTGGA	AMRU_Ao	TGCGTGGAGTATTGGA	SRR11008278	278_TGCGTGGAGTATTGGA	TRUE
AMRU_Ao_TGCGTGGCACGTTGGC	AMRU_Ao	TGCGTGGCACGTTGGC	SRR11008278	278_TGCGTGGCACGTTGGC	TRUE
AMRU_Ao_TGCGTGGTCATGCTCC	AMRU_Ao	TGCGTGGTCATGCTCC	SRR11008278	278_TGCGTGGTCATGCTCC	TRUE
AMRU_Ao_TGCTACCAGTCCAGGA	AMRU_Ao	TGCTACCAGTCCAGGA	SRR11008278	278_TGCTACCAGTCCAGGA	TRUE
AMRU_Ao_TGCTACCCAATAACGA	AMRU_Ao	TGCTACCCAATAACGA	SRR11008278	278_TGCTACCCAATAACGA	TRUE
AMRU_Ao_TGCTACCCACTCAGGC	AMRU_Ao	TGCTACCCACTCAGGC	SRR11008278	278_TGCTACCCACTCAGGC	TRUE
AMRU_Ao_TGCTACCCAGATCGGA	AMRU_Ao	TGCTACCCAGATCGGA	SRR11008278	278_TGCTACCCAGATCGGA	TRUE
AMRU_Ao_TGCTACCGTTCACGGC	AMRU_Ao	TGCTACCGTTCACGGC	SRR11008278	278_TGCTACCGTTCACGGC	TRUE
AMRU_Ao_TGCTACCTCACAAACC	AMRU_Ao	TGCTACCTCACAAACC	SRR11008278	278_TGCTACCTCACAAACC	TRUE
AMRU_Ao_TGCTACCTCTGGTTCC	AMRU_Ao	TGCTACCTCTGGTTCC	SRR11008278	278_TGCTACCTCTGGTTCC	TRUE
AMRU_Ao_TGCTGCTGTCCCTACT	AMRU_Ao	TGCTGCTGTCCCTACT	SRR11008278	278_TGCTGCTGTCCCTACT	TRUE
AMRU_Ao_TGCTGCTGTCTGCAAT	AMRU_Ao	TGCTGCTGTCTGCAAT	SRR11008278	278_TGCTGCTGTCTGCAAT	TRUE
AMRU_Ao_TGCTGCTGTCTGCCAG	AMRU_Ao	TGCTGCTGTCTGCCAG	SRR11008278	278_TGCTGCTGTCTGCCAG	TRUE
AMRU_Ao_TGCTGCTTCCGCAAGC	AMRU_Ao	TGCTGCTTCCGCAAGC	SRR11008278	278_TGCTGCTTCCGCAAGC	TRUE
AMRU_Ao_TGGACGCAGTGAAGAG	AMRU_Ao	TGGACGCAGTGAAGAG	SRR11008278	278_TGGACGCAGTGAAGAG	TRUE
AMRU_Ao_TGGACGCTCAGTGCAT	AMRU_Ao	TGGACGCTCAGTGCAT	SRR11008278	278_TGGACGCTCAGTGCAT	TRUE
AMRU_Ao_TGGCCAGAGAGCCCAA	AMRU_Ao	TGGCCAGAGAGCCCAA	SRR11008278	278_TGGCCAGAGAGCCCAA	TRUE
AMRU_Ao_TGGCCAGAGGGCTTGA	AMRU_Ao	TGGCCAGAGGGCTTGA	SRR11008278	278_TGGCCAGAGGGCTTGA	TRUE
AMRU_Ao_TGGCCAGGTGCTTCTC	AMRU_Ao	TGGCCAGGTGCTTCTC	SRR11008278	278_TGGCCAGGTGCTTCTC	TRUE
AMRU_Ao_TGGCCAGGTTAAGTAG	AMRU_Ao	TGGCCAGGTTAAGTAG	SRR11008278	278_TGGCCAGGTTAAGTAG	TRUE
AMRU_Ao_TGGCGCAGTTTGCATG	AMRU_Ao	TGGCGCAGTTTGCATG	SRR11008278	278_TGGCGCAGTTTGCATG	TRUE
AMRU_Ao_TGGCGCATCTGTTGAG	AMRU_Ao	TGGCGCATCTGTTGAG	SRR11008278	278_TGGCGCATCTGTTGAG	TRUE
AMRU_Ao_TGGCTGGAGAACTGTA	AMRU_Ao	TGGCTGGAGAACTGTA	SRR11008278	278_TGGCTGGAGAACTGTA	TRUE
AMRU_Ao_TGGCTGGAGATAGGAG	AMRU_Ao	TGGCTGGAGATAGGAG	SRR11008278	278_TGGCTGGAGATAGGAG	TRUE
AMRU_Ao_TGGCTGGAGGATATAC	AMRU_Ao	TGGCTGGAGGATATAC	SRR11008278	278_TGGCTGGAGGATATAC	TRUE
AMRU_Ao_TGGCTGGGTAAACACA	AMRU_Ao	TGGCTGGGTAAACACA	SRR11008278	278_TGGCTGGGTAAACACA	TRUE
AMRU_Ao_TGGCTGGTCCTATTCA	AMRU_Ao	TGGCTGGTCCTATTCA	SRR11008278	278_TGGCTGGTCCTATTCA	TRUE
AMRU_Ao_TGGCTGGTCTACTCAT	AMRU_Ao	TGGCTGGTCTACTCAT	SRR11008278	278_TGGCTGGTCTACTCAT	TRUE
AMRU_Ao_TGGGAAGAGGCTATCT	AMRU_Ao	TGGGAAGAGGCTATCT	SRR11008278	278_TGGGAAGAGGCTATCT	TRUE
AMRU_Ao_TGGGAAGTCAGGTAAA	AMRU_Ao	TGGGAAGTCAGGTAAA	SRR11008278	278_TGGGAAGTCAGGTAAA	TRUE
AMRU_Ao_TGGGAAGTCATAACCG	AMRU_Ao	TGGGAAGTCATAACCG	SRR11008278	278_TGGGAAGTCATAACCG	TRUE
AMRU_Ao_TGGGAAGTCATTATCC	AMRU_Ao	TGGGAAGTCATTATCC	SRR11008278	278_TGGGAAGTCATTATCC	TRUE
AMRU_Ao_TGGGAAGTCTGCTGCT	AMRU_Ao	TGGGAAGTCTGCTGCT	SRR11008278	278_TGGGAAGTCTGCTGCT	TRUE
AMRU_Ao_TGGGCGTCAGCTGTAT	AMRU_Ao	TGGGCGTCAGCTGTAT	SRR11008278	278_TGGGCGTCAGCTGTAT	TRUE
AMRU_Ao_TGGGCGTCATTCCTGC	AMRU_Ao	TGGGCGTCATTCCTGC	SRR11008278	278_TGGGCGTCATTCCTGC	TRUE
AMRU_Ao_TGGGCGTTCCGCATAA	AMRU_Ao	TGGGCGTTCCGCATAA	SRR11008278	278_TGGGCGTTCCGCATAA	TRUE
AMRU_Ao_TGGTTAGAGGCTCTTA	AMRU_Ao	TGGTTAGAGGCTCTTA	SRR11008278	278_TGGTTAGAGGCTCTTA	TRUE
AMRU_Ao_TGGTTAGAGTATCTCG	AMRU_Ao	TGGTTAGAGTATCTCG	SRR11008278	278_TGGTTAGAGTATCTCG	TRUE
AMRU_Ao_TGGTTAGAGTCAATAG	AMRU_Ao	TGGTTAGAGTCAATAG	SRR11008278	278_TGGTTAGAGTCAATAG	TRUE
AMRU_Ao_TGGTTAGCAAGTACCT	AMRU_Ao	TGGTTAGCAAGTACCT	SRR11008278	278_TGGTTAGCAAGTACCT	TRUE
AMRU_Ao_TGGTTAGTCAGGTTCA	AMRU_Ao	TGGTTAGTCAGGTTCA	SRR11008278	278_TGGTTAGTCAGGTTCA	TRUE
AMRU_Ao_TGGTTAGTCCGTCATC	AMRU_Ao	TGGTTAGTCCGTCATC	SRR11008278	278_TGGTTAGTCCGTCATC	TRUE
AMRU_Ao_TGGTTAGTCGGTGTTA	AMRU_Ao	TGGTTAGTCGGTGTTA	SRR11008278	278_TGGTTAGTCGGTGTTA	TRUE
AMRU_Ao_TGGTTCCCACATCTTT	AMRU_Ao	TGGTTCCCACATCTTT	SRR11008278	278_TGGTTCCCACATCTTT	TRUE
AMRU_Ao_TGTATTCGTCAAAGAT	AMRU_Ao	TGTATTCGTCAAAGAT	SRR11008278	278_TGTATTCGTCAAAGAT	TRUE
AMRU_Ao_TGTATTCGTCCGTGAC	AMRU_Ao	TGTATTCGTCCGTGAC	SRR11008278	278_TGTATTCGTCCGTGAC	TRUE
AMRU_Ao_TGTATTCGTTCAGACT	AMRU_Ao	TGTATTCGTTCAGACT	SRR11008278	278_TGTATTCGTTCAGACT	TRUE
AMRU_Ao_TGTATTCTCCGTTGTC	AMRU_Ao	TGTATTCTCCGTTGTC	SRR11008278	278_TGTATTCTCCGTTGTC	TRUE
AMRU_Ao_TGTATTCTCCTGTACC	AMRU_Ao	TGTATTCTCCTGTACC	SRR11008278	278_TGTATTCTCCTGTACC	TRUE
AMRU_Ao_TGTCCCAAGACAAGCC	AMRU_Ao	TGTCCCAAGACAAGCC	SRR11008278	278_TGTCCCAAGACAAGCC	TRUE
AMRU_Ao_TGTCCCAAGGTGATTA	AMRU_Ao	TGTCCCAAGGTGATTA	SRR11008278	278_TGTCCCAAGGTGATTA	TRUE
AMRU_Ao_TGTCCCACAAGCCGTC	AMRU_Ao	TGTCCCACAAGCCGTC	SRR11008278	278_TGTCCCACAAGCCGTC	TRUE
AMRU_Ao_TGTCCCATCCGTCAAA	AMRU_Ao	TGTCCCATCCGTCAAA	SRR11008278	278_TGTCCCATCCGTCAAA	TRUE
AMRU_Ao_TGTGGTACATGCATGT	AMRU_Ao	TGTGGTACATGCATGT	SRR11008278	278_TGTGGTACATGCATGT	TRUE
AMRU_Ao_TGTGGTAGTCTAGAGG	AMRU_Ao	TGTGGTAGTCTAGAGG	SRR11008278	278_TGTGGTAGTCTAGAGG	TRUE
AMRU_Ao_TGTGTTTAGAGACTTA	AMRU_Ao	TGTGTTTAGAGACTTA	SRR11008278	278_TGTGTTTAGAGACTTA	TRUE
AMRU_Ao_TGTGTTTCAGTCACTA	AMRU_Ao	TGTGTTTCAGTCACTA	SRR11008278	278_TGTGTTTCAGTCACTA	TRUE
AMRU_Ao_TGTGTTTCAGTCCTTC	AMRU_Ao	TGTGTTTCAGTCCTTC	SRR11008278	278_TGTGTTTCAGTCCTTC	TRUE
AMRU_Ao_TGTGTTTCAGTCGTGC	AMRU_Ao	TGTGTTTCAGTCGTGC	SRR11008278	278_TGTGTTTCAGTCGTGC	TRUE
AMRU_Ao_TGTGTTTCAGTTTACG	AMRU_Ao	TGTGTTTCAGTTTACG	SRR11008278	278_TGTGTTTCAGTTTACG	TRUE
AMRU_Ao_TGTGTTTGTGGCCCTA	AMRU_Ao	TGTGTTTGTGGCCCTA	SRR11008278	278_TGTGTTTGTGGCCCTA	TRUE
AMRU_Ao_TGTGTTTGTGTTTGGT	AMRU_Ao	TGTGTTTGTGTTTGGT	SRR11008278	278_TGTGTTTGTGTTTGGT	TRUE
AMRU_Ao_TGTGTTTTCACTTACT	AMRU_Ao	TGTGTTTTCACTTACT	SRR11008278	278_TGTGTTTTCACTTACT	TRUE
AMRU_Ao_TGTGTTTTCAGATAAG	AMRU_Ao	TGTGTTTTCAGATAAG	SRR11008278	278_TGTGTTTTCAGATAAG	TRUE
AMRU_Ao_TGTGTTTTCATCGATG	AMRU_Ao	TGTGTTTTCATCGATG	SRR11008278	278_TGTGTTTTCATCGATG	TRUE
AMRU_Ao_TGTTCCGCAGCGATCC	AMRU_Ao	TGTTCCGCAGCGATCC	SRR11008278	278_TGTTCCGCAGCGATCC	TRUE
AMRU_Ao_TGTTCCGTCATTATCC	AMRU_Ao	TGTTCCGTCATTATCC	SRR11008278	278_TGTTCCGTCATTATCC	TRUE
AMRU_Ao_TGTTCCGTCCGGGTGT	AMRU_Ao	TGTTCCGTCCGGGTGT	SRR11008278	278_TGTTCCGTCCGGGTGT	TRUE
AMRU_Ao_TGTTCCGTCTTAGCCC	AMRU_Ao	TGTTCCGTCTTAGCCC	SRR11008278	278_TGTTCCGTCTTAGCCC	TRUE
AMRU_Ao_TTAACTCAGAGGGCTT	AMRU_Ao	TTAACTCAGAGGGCTT	SRR11008278	278_TTAACTCAGAGGGCTT	TRUE
AMRU_Ao_TTAACTCAGTCCCACG	AMRU_Ao	TTAACTCAGTCCCACG	SRR11008278	278_TTAACTCAGTCCCACG	TRUE
AMRU_Ao_TTAACTCCAGTGGAGT	AMRU_Ao	TTAACTCCAGTGGAGT	SRR11008278	278_TTAACTCCAGTGGAGT	TRUE
AMRU_Ao_TTAACTCGTAGTGAAT	AMRU_Ao	TTAACTCGTAGTGAAT	SRR11008278	278_TTAACTCGTAGTGAAT	TRUE
AMRU_Ao_TTAACTCGTCGACTGC	AMRU_Ao	TTAACTCGTCGACTGC	SRR11008278	278_TTAACTCGTCGACTGC	TRUE
AMRU_Ao_TTAACTCTCCAAACAC	AMRU_Ao	TTAACTCTCCAAACAC	SRR11008278	278_TTAACTCTCCAAACAC	TRUE
AMRU_Ao_TTAGGACAGGTGATTA	AMRU_Ao	TTAGGACAGGTGATTA	SRR11008278	278_TTAGGACAGGTGATTA	TRUE
AMRU_Ao_TTAGGACCAAACTGTC	AMRU_Ao	TTAGGACCAAACTGTC	SRR11008278	278_TTAGGACCAAACTGTC	TRUE
AMRU_Ao_TTAGGACCAACACGCC	AMRU_Ao	TTAGGACCAACACGCC	SRR11008278	278_TTAGGACCAACACGCC	TRUE
AMRU_Ao_TTAGGACTCAACGCTA	AMRU_Ao	TTAGGACTCAACGCTA	SRR11008278	278_TTAGGACTCAACGCTA	TRUE
AMRU_Ao_TTAGGCAAGAAACGCC	AMRU_Ao	TTAGGCAAGAAACGCC	SRR11008278	278_TTAGGCAAGAAACGCC	TRUE
AMRU_Ao_TTAGGCAGTCCTGCTT	AMRU_Ao	TTAGGCAGTCCTGCTT	SRR11008278	278_TTAGGCAGTCCTGCTT	TRUE
AMRU_Ao_TTAGTTCAGTGTCCAT	AMRU_Ao	TTAGTTCAGTGTCCAT	SRR11008278	278_TTAGTTCAGTGTCCAT	TRUE
AMRU_Ao_TTAGTTCGTGGCGAAT	AMRU_Ao	TTAGTTCGTGGCGAAT	SRR11008278	278_TTAGTTCGTGGCGAAT	TRUE
AMRU_Ao_TTAGTTCTCCGAACGC	AMRU_Ao	TTAGTTCTCCGAACGC	SRR11008278	278_TTAGTTCTCCGAACGC	TRUE
AMRU_Ao_TTATGCTAGTAGTGCG	AMRU_Ao	TTATGCTAGTAGTGCG	SRR11008278	278_TTATGCTAGTAGTGCG	TRUE
AMRU_Ao_TTATGCTCATTCCTCG	AMRU_Ao	TTATGCTCATTCCTCG	SRR11008278	278_TTATGCTCATTCCTCG	TRUE
AMRU_Ao_TTCCCAGAGATGGGTC	AMRU_Ao	TTCCCAGAGATGGGTC	SRR11008278	278_TTCCCAGAGATGGGTC	TRUE
AMRU_Ao_TTCCCAGAGCCGTCGT	AMRU_Ao	TTCCCAGAGCCGTCGT	SRR11008278	278_TTCCCAGAGCCGTCGT	TRUE
AMRU_Ao_TTCCCAGAGGGATCTG	AMRU_Ao	TTCCCAGAGGGATCTG	SRR11008278	278_TTCCCAGAGGGATCTG	TRUE
AMRU_Ao_TTCCCAGGTCCGACGT	AMRU_Ao	TTCCCAGGTCCGACGT	SRR11008278	278_TTCCCAGGTCCGACGT	TRUE
AMRU_Ao_TTCGAAGCAAATACAG	AMRU_Ao	TTCGAAGCAAATACAG	SRR11008278	278_TTCGAAGCAAATACAG	TRUE
AMRU_Ao_TTCGAAGCACGGCGTT	AMRU_Ao	TTCGAAGCACGGCGTT	SRR11008278	278_TTCGAAGCACGGCGTT	TRUE
AMRU_Ao_TTCGAAGGTGCTCTTC	AMRU_Ao	TTCGAAGGTGCTCTTC	SRR11008278	278_TTCGAAGGTGCTCTTC	TRUE
AMRU_Ao_TTCGAAGGTTACTGAC	AMRU_Ao	TTCGAAGGTTACTGAC	SRR11008278	278_TTCGAAGGTTACTGAC	TRUE
AMRU_Ao_TTCGAAGTCGGTGTCG	AMRU_Ao	TTCGAAGTCGGTGTCG	SRR11008278	278_TTCGAAGTCGGTGTCG	TRUE
AMRU_Ao_TTCGGTCCACACATGT	AMRU_Ao	TTCGGTCCACACATGT	SRR11008278	278_TTCGGTCCACACATGT	TRUE
AMRU_Ao_TTCGGTCCACTGAAGG	AMRU_Ao	TTCGGTCCACTGAAGG	SRR11008278	278_TTCGGTCCACTGAAGG	TRUE
AMRU_Ao_TTCGGTCCATGACATC	AMRU_Ao	TTCGGTCCATGACATC	SRR11008278	278_TTCGGTCCATGACATC	TRUE
AMRU_Ao_TTCGGTCTCGTCTGAA	AMRU_Ao	TTCGGTCTCGTCTGAA	SRR11008278	278_TTCGGTCTCGTCTGAA	TRUE
AMRU_Ao_TTCGGTCTCTGTGCAA	AMRU_Ao	TTCGGTCTCTGTGCAA	SRR11008278	278_TTCGGTCTCTGTGCAA	TRUE
AMRU_Ao_TTCTACAGTTCCCGAG	AMRU_Ao	TTCTACAGTTCCCGAG	SRR11008278	278_TTCTACAGTTCCCGAG	TRUE
AMRU_Ao_TTCTACATCACGATGT	AMRU_Ao	TTCTACATCACGATGT	SRR11008278	278_TTCTACATCACGATGT	TRUE
AMRU_Ao_TTCTACATCGTTGACA	AMRU_Ao	TTCTACATCGTTGACA	SRR11008278	278_TTCTACATCGTTGACA	TRUE
AMRU_Ao_TTCTACATCTCAAGTG	AMRU_Ao	TTCTACATCTCAAGTG	SRR11008278	278_TTCTACATCTCAAGTG	TRUE
AMRU_Ao_TTCTACATCTCGAGTA	AMRU_Ao	TTCTACATCTCGAGTA	SRR11008278	278_TTCTACATCTCGAGTA	TRUE
AMRU_Ao_TTCTCAACAAGAGGCT	AMRU_Ao	TTCTCAACAAGAGGCT	SRR11008278	278_TTCTCAACAAGAGGCT	TRUE
AMRU_Ao_TTCTCAAGTGTGAATA	AMRU_Ao	TTCTCAAGTGTGAATA	SRR11008278	278_TTCTCAAGTGTGAATA	TRUE
AMRU_Ao_TTCTCAAGTTGCGCAC	AMRU_Ao	TTCTCAAGTTGCGCAC	SRR11008278	278_TTCTCAAGTTGCGCAC	TRUE
AMRU_Ao_TTCTCAATCCGTTGTC	AMRU_Ao	TTCTCAATCCGTTGTC	SRR11008278	278_TTCTCAATCCGTTGTC	TRUE
AMRU_Ao_TTCTCCTTCGATAGAA	AMRU_Ao	TTCTCCTTCGATAGAA	SRR11008278	278_TTCTCCTTCGATAGAA	TRUE
AMRU_Ao_TTCTCCTTCTCATTCA	AMRU_Ao	TTCTCCTTCTCATTCA	SRR11008278	278_TTCTCCTTCTCATTCA	TRUE
AMRU_Ao_TTCTCCTTCTTCAACT	AMRU_Ao	TTCTCCTTCTTCAACT	SRR11008278	278_TTCTCCTTCTTCAACT	TRUE
AMRU_Ao_TTCTTAGAGACAAAGG	AMRU_Ao	TTCTTAGAGACAAAGG	SRR11008278	278_TTCTTAGAGACAAAGG	TRUE
AMRU_Ao_TTCTTAGAGCACCGCT	AMRU_Ao	TTCTTAGAGCACCGCT	SRR11008278	278_TTCTTAGAGCACCGCT	TRUE
AMRU_Ao_TTCTTAGAGGTGATAT	AMRU_Ao	TTCTTAGAGGTGATAT	SRR11008278	278_TTCTTAGAGGTGATAT	TRUE
AMRU_Ao_TTCTTAGCAGTCAGCC	AMRU_Ao	TTCTTAGCAGTCAGCC	SRR11008278	278_TTCTTAGCAGTCAGCC	TRUE
AMRU_Ao_TTCTTAGCATCCGTGG	AMRU_Ao	TTCTTAGCATCCGTGG	SRR11008278	278_TTCTTAGCATCCGTGG	TRUE
AMRU_Ao_TTCTTAGGTACGCACC	AMRU_Ao	TTCTTAGGTACGCACC	SRR11008278	278_TTCTTAGGTACGCACC	TRUE
AMRU_Ao_TTCTTAGTCAACACCA	AMRU_Ao	TTCTTAGTCAACACCA	SRR11008278	278_TTCTTAGTCAACACCA	TRUE
AMRU_Ao_TTGAACGAGGATGCGT	AMRU_Ao	TTGAACGAGGATGCGT	SRR11008278	278_TTGAACGAGGATGCGT	TRUE
AMRU_Ao_TTGAACGGTGAGCGAT	AMRU_Ao	TTGAACGGTGAGCGAT	SRR11008278	278_TTGAACGGTGAGCGAT	TRUE
AMRU_Ao_TTGAACGGTTTCCACC	AMRU_Ao	TTGAACGGTTTCCACC	SRR11008278	278_TTGAACGGTTTCCACC	TRUE
AMRU_Ao_TTGAACGTCACGACTA	AMRU_Ao	TTGAACGTCACGACTA	SRR11008278	278_TTGAACGTCACGACTA	FALSE
AMRU_Ao_TTGACTTCAAGCCATT	AMRU_Ao	TTGACTTCAAGCCATT	SRR11008278	278_TTGACTTCAAGCCATT	TRUE
AMRU_Ao_TTGACTTCATGAACCT	AMRU_Ao	TTGACTTCATGAACCT	SRR11008278	278_TTGACTTCATGAACCT	TRUE
AMRU_Ao_TTGACTTGTCAGTGGA	AMRU_Ao	TTGACTTGTCAGTGGA	SRR11008278	278_TTGACTTGTCAGTGGA	TRUE
AMRU_Ao_TTGCCGTAGTATCGAA	AMRU_Ao	TTGCCGTAGTATCGAA	SRR11008278	278_TTGCCGTAGTATCGAA	TRUE
AMRU_Ao_TTGCCGTGTCAACATC	AMRU_Ao	TTGCCGTGTCAACATC	SRR11008278	278_TTGCCGTGTCAACATC	TRUE
AMRU_Ao_TTGCCGTGTGAAAGAG	AMRU_Ao	TTGCCGTGTGAAAGAG	SRR11008278	278_TTGCCGTGTGAAAGAG	TRUE
AMRU_Ao_TTGCCGTTCTTATCTG	AMRU_Ao	TTGCCGTTCTTATCTG	SRR11008278	278_TTGCCGTTCTTATCTG	TRUE
AMRU_Ao_TTGCGTCTCCATGCTC	AMRU_Ao	TTGCGTCTCCATGCTC	SRR11008278	278_TTGCGTCTCCATGCTC	TRUE
AMRU_Ao_TTGGAACCACGTCAGC	AMRU_Ao	TTGGAACCACGTCAGC	SRR11008278	278_TTGGAACCACGTCAGC	TRUE
AMRU_Ao_TTGGCAAAGCCTTGAT	AMRU_Ao	TTGGCAAAGCCTTGAT	SRR11008278	278_TTGGCAAAGCCTTGAT	TRUE
AMRU_Ao_TTGGCAACAACACCTA	AMRU_Ao	TTGGCAACAACACCTA	SRR11008278	278_TTGGCAACAACACCTA	TRUE
AMRU_Ao_TTGGCAAGTCTTGTCC	AMRU_Ao	TTGGCAAGTCTTGTCC	SRR11008278	278_TTGGCAAGTCTTGTCC	TRUE
AMRU_Ao_TTGGCAATCAACACCA	AMRU_Ao	TTGGCAATCAACACCA	SRR11008278	278_TTGGCAATCAACACCA	TRUE
AMRU_Ao_TTGTAGGAGGGCTTCC	AMRU_Ao	TTGTAGGAGGGCTTCC	SRR11008278	278_TTGTAGGAGGGCTTCC	TRUE
AMRU_Ao_TTTACTGAGTCGAGTG	AMRU_Ao	TTTACTGAGTCGAGTG	SRR11008278	278_TTTACTGAGTCGAGTG	TRUE
AMRU_Ao_TTTACTGCACAAGACG	AMRU_Ao	TTTACTGCACAAGACG	SRR11008278	278_TTTACTGCACAAGACG	TRUE
AMRU_Ao_TTTACTGCACAAGCCC	AMRU_Ao	TTTACTGCACAAGCCC	SRR11008278	278_TTTACTGCACAAGCCC	TRUE
AMRU_Ao_TTTACTGTCATGCTCC	AMRU_Ao	TTTACTGTCATGCTCC	SRR11008278	278_TTTACTGTCATGCTCC	TRUE
AMRU_Ao_TTTATGCAGCAATCTC	AMRU_Ao	TTTATGCAGCAATCTC	SRR11008278	278_TTTATGCAGCAATCTC	TRUE
AMRU_Ao_TTTCCTCGTCTGCCAG	AMRU_Ao	TTTCCTCGTCTGCCAG	SRR11008278	278_TTTCCTCGTCTGCCAG	TRUE
AMRU_Ao_TTTGCGCAGGAGCGAG	AMRU_Ao	TTTGCGCAGGAGCGAG	SRR11008278	278_TTTGCGCAGGAGCGAG	TRUE
AMRU_Ao_TTTGCGCAGGCGACAT	AMRU_Ao	TTTGCGCAGGCGACAT	SRR11008278	278_TTTGCGCAGGCGACAT	TRUE
AMRU_Ao_TTTGCGCCACAACTGT	AMRU_Ao	TTTGCGCCACAACTGT	SRR11008278	278_TTTGCGCCACAACTGT	TRUE
AMRU_Ao_TTTGCGCGTAACGCGA	AMRU_Ao	TTTGCGCGTAACGCGA	SRR11008278	278_TTTGCGCGTAACGCGA	TRUE
AMRU_Ao_TTTGCGCGTATCACCA	AMRU_Ao	TTTGCGCGTATCACCA	SRR11008278	278_TTTGCGCGTATCACCA	TRUE
AMRU_Ao_TTTGCGCGTTCTGGTA	AMRU_Ao	TTTGCGCGTTCTGGTA	SRR11008278	278_TTTGCGCGTTCTGGTA	TRUE
AMRU_Ao_TTTGGTTAGTGGGCTA	AMRU_Ao	TTTGGTTAGTGGGCTA	SRR11008278	278_TTTGGTTAGTGGGCTA	TRUE
AMRU_Ao_TTTGTCAAGATGCCAG	AMRU_Ao	TTTGTCAAGATGCCAG	SRR11008278	278_TTTGTCAAGATGCCAG	TRUE
AMRU_Ao_TTTGTCACAGTATAAG	AMRU_Ao	TTTGTCACAGTATAAG	SRR11008278	278_TTTGTCACAGTATAAG	TRUE
AMRU_Ao_TTTGTCAGTCCCGACA	AMRU_Ao	TTTGTCAGTCCCGACA	SRR11008278	278_TTTGTCAGTCCCGACA	TRUE
AMRU_CQ_AAACCTGAGGGAACGG	AMRU_CQ	AAACCTGAGGGAACGG	SRR11008277	277_AAACCTGAGGGAACGG	TRUE
AMRU_CQ_AAACCTGCATCGGGTC	AMRU_CQ	AAACCTGCATCGGGTC	SRR11008277	277_AAACCTGCATCGGGTC	TRUE
AMRU_CQ_AAACCTGTCGTCCAGG	AMRU_CQ	AAACCTGTCGTCCAGG	SRR11008277	277_AAACCTGTCGTCCAGG	TRUE
AMRU_CQ_AAACGGGAGTGCAAGC	AMRU_CQ	AAACGGGAGTGCAAGC	SRR11008277	277_AAACGGGAGTGCAAGC	TRUE
AMRU_CQ_AAACGGGCATGGGACA	AMRU_CQ	AAACGGGCATGGGACA	SRR11008277	277_AAACGGGCATGGGACA	TRUE
AMRU_CQ_AAACGGGGTGAAGGCT	AMRU_CQ	AAACGGGGTGAAGGCT	SRR11008277	277_AAACGGGGTGAAGGCT	TRUE
AMRU_CQ_AAACGGGTCGCATGGC	AMRU_CQ	AAACGGGTCGCATGGC	SRR11008277	277_AAACGGGTCGCATGGC	TRUE
AMRU_CQ_AAACGGGTCGCCTGTT	AMRU_CQ	AAACGGGTCGCCTGTT	SRR11008277	277_AAACGGGTCGCCTGTT	TRUE
AMRU_CQ_AAAGATGAGAAGATTC	AMRU_CQ	AAAGATGAGAAGATTC	SRR11008277	277_AAAGATGAGAAGATTC	TRUE
AMRU_CQ_AAAGATGCACTGTTAG	AMRU_CQ	AAAGATGCACTGTTAG	SRR11008277	277_AAAGATGCACTGTTAG	TRUE
AMRU_CQ_AAAGATGCAGACGCTC	AMRU_CQ	AAAGATGCAGACGCTC	SRR11008277	277_AAAGATGCAGACGCTC	TRUE
AMRU_CQ_AAAGATGGTCCATCCT	AMRU_CQ	AAAGATGGTCCATCCT	SRR11008277	277_AAAGATGGTCCATCCT	TRUE
AMRU_CQ_AAAGATGGTGTATGGG	AMRU_CQ	AAAGATGGTGTATGGG	SRR11008277	277_AAAGATGGTGTATGGG	TRUE
AMRU_CQ_AAAGATGTCTGTTGAG	AMRU_CQ	AAAGATGTCTGTTGAG	SRR11008277	277_AAAGATGTCTGTTGAG	TRUE
AMRU_CQ_AAAGCAAAGATCGGGT	AMRU_CQ	AAAGCAAAGATCGGGT	SRR11008277	277_AAAGCAAAGATCGGGT	TRUE
AMRU_CQ_AAAGCAAAGGCTAGCA	AMRU_CQ	AAAGCAAAGGCTAGCA	SRR11008277	277_AAAGCAAAGGCTAGCA	TRUE
AMRU_CQ_AAAGCAAAGTACACCT	AMRU_CQ	AAAGCAAAGTACACCT	SRR11008277	277_AAAGCAAAGTACACCT	TRUE
AMRU_CQ_AAAGCAAGTTGACGTT	AMRU_CQ	AAAGCAAGTTGACGTT	SRR11008277	277_AAAGCAAGTTGACGTT	TRUE
AMRU_CQ_AAAGTAGGTCTGCGGT	AMRU_CQ	AAAGTAGGTCTGCGGT	SRR11008277	277_AAAGTAGGTCTGCGGT	TRUE
AMRU_CQ_AAAGTAGTCGCGTAGC	AMRU_CQ	AAAGTAGTCGCGTAGC	SRR11008277	277_AAAGTAGTCGCGTAGC	TRUE
AMRU_CQ_AAAGTAGTCTCTGCTG	AMRU_CQ	AAAGTAGTCTCTGCTG	SRR11008277	277_AAAGTAGTCTCTGCTG	TRUE
AMRU_CQ_AAATGCCAGACTAAGT	AMRU_CQ	AAATGCCAGACTAAGT	SRR11008277	277_AAATGCCAGACTAAGT	TRUE
AMRU_CQ_AACACGTAGAACTGTA	AMRU_CQ	AACACGTAGAACTGTA	SRR11008277	277_AACACGTAGAACTGTA	TRUE
AMRU_CQ_AACACGTAGTGCAAGC	AMRU_CQ	AACACGTAGTGCAAGC	SRR11008277	277_AACACGTAGTGCAAGC	TRUE
AMRU_CQ_AACACGTCAAGCTGTT	AMRU_CQ	AACACGTCAAGCTGTT	SRR11008277	277_AACACGTCAAGCTGTT	TRUE
AMRU_CQ_AACACGTCATGGTTGT	AMRU_CQ	AACACGTCATGGTTGT	SRR11008277	277_AACACGTCATGGTTGT	TRUE
AMRU_CQ_AACACGTGTCTCAACA	AMRU_CQ	AACACGTGTCTCAACA	SRR11008277	277_AACACGTGTCTCAACA	TRUE
AMRU_CQ_AACCATGAGTTGCAGG	AMRU_CQ	AACCATGAGTTGCAGG	SRR11008277	277_AACCATGAGTTGCAGG	TRUE
AMRU_CQ_AACCATGCAATCAGAA	AMRU_CQ	AACCATGCAATCAGAA	SRR11008277	277_AACCATGCAATCAGAA	TRUE
AMRU_CQ_AACCATGCACCTATCC	AMRU_CQ	AACCATGCACCTATCC	SRR11008277	277_AACCATGCACCTATCC	TRUE
AMRU_CQ_AACCATGCAGGCTGAA	AMRU_CQ	AACCATGCAGGCTGAA	SRR11008277	277_AACCATGCAGGCTGAA	TRUE
AMRU_CQ_AACCATGGTAGAGGAA	AMRU_CQ	AACCATGGTAGAGGAA	SRR11008277	277_AACCATGGTAGAGGAA	TRUE
AMRU_CQ_AACCATGGTCGAATCT	AMRU_CQ	AACCATGGTCGAATCT	SRR11008277	277_AACCATGGTCGAATCT	TRUE
AMRU_CQ_AACCGCGTCAACCATG	AMRU_CQ	AACCGCGTCAACCATG	SRR11008277	277_AACCGCGTCAACCATG	TRUE
AMRU_CQ_AACGTTGAGACCTTTG	AMRU_CQ	AACGTTGAGACCTTTG	SRR11008277	277_AACGTTGAGACCTTTG	TRUE
AMRU_CQ_AACGTTGAGTGTCTCA	AMRU_CQ	AACGTTGAGTGTCTCA	SRR11008277	277_AACGTTGAGTGTCTCA	TRUE
AMRU_CQ_AACGTTGGTTCCATGA	AMRU_CQ	AACGTTGGTTCCATGA	SRR11008277	277_AACGTTGGTTCCATGA	TRUE
AMRU_CQ_AACTCAGAGGTTCCTA	AMRU_CQ	AACTCAGAGGTTCCTA	SRR11008277	277_AACTCAGAGGTTCCTA	TRUE
AMRU_CQ_AACTCAGAGTGTCCCG	AMRU_CQ	AACTCAGAGTGTCCCG	SRR11008277	277_AACTCAGAGTGTCCCG	TRUE
AMRU_CQ_AACTCAGCATGCAATC	AMRU_CQ	AACTCAGCATGCAATC	SRR11008277	277_AACTCAGCATGCAATC	TRUE
AMRU_CQ_AACTCAGGTCGGCTCA	AMRU_CQ	AACTCAGGTCGGCTCA	SRR11008277	277_AACTCAGGTCGGCTCA	TRUE
AMRU_CQ_AACTCAGTCACCGGGT	AMRU_CQ	AACTCAGTCACCGGGT	SRR11008277	277_AACTCAGTCACCGGGT	TRUE
AMRU_CQ_AACTCAGTCCTACAGA	AMRU_CQ	AACTCAGTCCTACAGA	SRR11008277	277_AACTCAGTCCTACAGA	TRUE
AMRU_CQ_AACTCCCAGATGTCGG	AMRU_CQ	AACTCCCAGATGTCGG	SRR11008277	277_AACTCCCAGATGTCGG	TRUE
AMRU_CQ_AACTCCCAGGGCTTCC	AMRU_CQ	AACTCCCAGGGCTTCC	SRR11008277	277_AACTCCCAGGGCTTCC	TRUE
AMRU_CQ_AACTCCCCATACCATG	AMRU_CQ	AACTCCCCATACCATG	SRR11008277	277_AACTCCCCATACCATG	TRUE
AMRU_CQ_AACTCCCGTAAGTTCC	AMRU_CQ	AACTCCCGTAAGTTCC	SRR11008277	277_AACTCCCGTAAGTTCC	TRUE
AMRU_CQ_AACTCCCGTGTCAATC	AMRU_CQ	AACTCCCGTGTCAATC	SRR11008277	277_AACTCCCGTGTCAATC	TRUE
AMRU_CQ_AACTCTTAGCAGACTG	AMRU_CQ	AACTCTTAGCAGACTG	SRR11008277	277_AACTCTTAGCAGACTG	TRUE
AMRU_CQ_AACTCTTAGCTTCGCG	AMRU_CQ	AACTCTTAGCTTCGCG	SRR11008277	277_AACTCTTAGCTTCGCG	TRUE
AMRU_CQ_AACTCTTCACCGTTGG	AMRU_CQ	AACTCTTCACCGTTGG	SRR11008277	277_AACTCTTCACCGTTGG	TRUE
AMRU_CQ_AACTCTTCATCGGAAG	AMRU_CQ	AACTCTTCATCGGAAG	SRR11008277	277_AACTCTTCATCGGAAG	TRUE
AMRU_CQ_AACTCTTTCAGCTGGC	AMRU_CQ	AACTCTTTCAGCTGGC	SRR11008277	277_AACTCTTTCAGCTGGC	TRUE
AMRU_CQ_AACTCTTTCCAGAAGG	AMRU_CQ	AACTCTTTCCAGAAGG	SRR11008277	277_AACTCTTTCCAGAAGG	TRUE
AMRU_CQ_AACTCTTTCCGAGCCA	AMRU_CQ	AACTCTTTCCGAGCCA	SRR11008277	277_AACTCTTTCCGAGCCA	TRUE
AMRU_CQ_AACTGGTAGCCTTGAT	AMRU_CQ	AACTGGTAGCCTTGAT	SRR11008277	277_AACTGGTAGCCTTGAT	TRUE
AMRU_CQ_AACTGGTAGCGTAATA	AMRU_CQ	AACTGGTAGCGTAATA	SRR11008277	277_AACTGGTAGCGTAATA	TRUE
AMRU_CQ_AACTGGTAGGAGCGAG	AMRU_CQ	AACTGGTAGGAGCGAG	SRR11008277	277_AACTGGTAGGAGCGAG	TRUE
AMRU_CQ_AACTGGTCACCTGGTG	AMRU_CQ	AACTGGTCACCTGGTG	SRR11008277	277_AACTGGTCACCTGGTG	TRUE
AMRU_CQ_AACTGGTCATCTCCCA	AMRU_CQ	AACTGGTCATCTCCCA	SRR11008277	277_AACTGGTCATCTCCCA	TRUE
AMRU_CQ_AACTGGTGTAAACACA	AMRU_CQ	AACTGGTGTAAACACA	SRR11008277	277_AACTGGTGTAAACACA	TRUE
AMRU_CQ_AACTTTCAGACCTTTG	AMRU_CQ	AACTTTCAGACCTTTG	SRR11008277	277_AACTTTCAGACCTTTG	TRUE
AMRU_CQ_AACTTTCCATCGACGC	AMRU_CQ	AACTTTCCATCGACGC	SRR11008277	277_AACTTTCCATCGACGC	TRUE
AMRU_CQ_AACTTTCGTTCAGACT	AMRU_CQ	AACTTTCGTTCAGACT	SRR11008277	277_AACTTTCGTTCAGACT	TRUE
AMRU_CQ_AACTTTCTCTAACCGA	AMRU_CQ	AACTTTCTCTAACCGA	SRR11008277	277_AACTTTCTCTAACCGA	TRUE
AMRU_CQ_AAGACCTAGAGCCTAG	AMRU_CQ	AAGACCTAGAGCCTAG	SRR11008277	277_AAGACCTAGAGCCTAG	TRUE
AMRU_CQ_AAGACCTCAACTGGCC	AMRU_CQ	AAGACCTCAACTGGCC	SRR11008277	277_AAGACCTCAACTGGCC	TRUE
AMRU_CQ_AAGACCTGTCTAGGTT	AMRU_CQ	AAGACCTGTCTAGGTT	SRR11008277	277_AAGACCTGTCTAGGTT	TRUE
AMRU_CQ_AAGCCGCAGACCACGA	AMRU_CQ	AAGCCGCAGACCACGA	SRR11008277	277_AAGCCGCAGACCACGA	TRUE
AMRU_CQ_AAGCCGCAGAGTACAT	AMRU_CQ	AAGCCGCAGAGTACAT	SRR11008277	277_AAGCCGCAGAGTACAT	TRUE
AMRU_CQ_AAGCCGCAGCTCCTTC	AMRU_CQ	AAGCCGCAGCTCCTTC	SRR11008277	277_AAGCCGCAGCTCCTTC	TRUE
AMRU_CQ_AAGCCGCGTAGCTGCC	AMRU_CQ	AAGCCGCGTAGCTGCC	SRR11008277	277_AAGCCGCGTAGCTGCC	TRUE
AMRU_CQ_AAGCCGCTCCCTGACT	AMRU_CQ	AAGCCGCTCCCTGACT	SRR11008277	277_AAGCCGCTCCCTGACT	TRUE
AMRU_CQ_AAGGAGCAGCGGATCA	AMRU_CQ	AAGGAGCAGCGGATCA	SRR11008277	277_AAGGAGCAGCGGATCA	TRUE
AMRU_CQ_AAGGAGCAGTGGGTTG	AMRU_CQ	AAGGAGCAGTGGGTTG	SRR11008277	277_AAGGAGCAGTGGGTTG	TRUE
AMRU_CQ_AAGGAGCCAGACAAGC	AMRU_CQ	AAGGAGCCAGACAAGC	SRR11008277	277_AAGGAGCCAGACAAGC	TRUE
AMRU_CQ_AAGGAGCCATACGCCG	AMRU_CQ	AAGGAGCCATACGCCG	SRR11008277	277_AAGGAGCCATACGCCG	TRUE
AMRU_CQ_AAGGAGCTCAGGCGAA	AMRU_CQ	AAGGAGCTCAGGCGAA	SRR11008277	277_AAGGAGCTCAGGCGAA	TRUE
AMRU_CQ_AAGGCAGAGGAATTAC	AMRU_CQ	AAGGCAGAGGAATTAC	SRR11008277	277_AAGGCAGAGGAATTAC	TRUE
AMRU_CQ_AAGGCAGCAGTCGTGC	AMRU_CQ	AAGGCAGCAGTCGTGC	SRR11008277	277_AAGGCAGCAGTCGTGC	TRUE
AMRU_CQ_AAGGCAGGTACAGCAG	AMRU_CQ	AAGGCAGGTACAGCAG	SRR11008277	277_AAGGCAGGTACAGCAG	TRUE
AMRU_CQ_AAGGCAGTCAAGGCTT	AMRU_CQ	AAGGCAGTCAAGGCTT	SRR11008277	277_AAGGCAGTCAAGGCTT	TRUE
AMRU_CQ_AAGGTTCCACGGATAG	AMRU_CQ	AAGGTTCCACGGATAG	SRR11008277	277_AAGGTTCCACGGATAG	TRUE
AMRU_CQ_AAGGTTCTCAGCTCGG	AMRU_CQ	AAGGTTCTCAGCTCGG	SRR11008277	277_AAGGTTCTCAGCTCGG	TRUE
AMRU_CQ_AAGGTTCTCAGGCCCA	AMRU_CQ	AAGGTTCTCAGGCCCA	SRR11008277	277_AAGGTTCTCAGGCCCA	TRUE
AMRU_CQ_AAGTCTGAGTACACCT	AMRU_CQ	AAGTCTGAGTACACCT	SRR11008277	277_AAGTCTGAGTACACCT	TRUE
AMRU_CQ_AAGTCTGGTTCTGGTA	AMRU_CQ	AAGTCTGGTTCTGGTA	SRR11008277	277_AAGTCTGGTTCTGGTA	TRUE
AMRU_CQ_AATCCAGCACACATGT	AMRU_CQ	AATCCAGCACACATGT	SRR11008277	277_AATCCAGCACACATGT	TRUE
AMRU_CQ_AATCCAGCACGACTCG	AMRU_CQ	AATCCAGCACGACTCG	SRR11008277	277_AATCCAGCACGACTCG	TRUE
AMRU_CQ_AATCCAGGTAAGTGGC	AMRU_CQ	AATCCAGGTAAGTGGC	SRR11008277	277_AATCCAGGTAAGTGGC	TRUE
AMRU_CQ_AATCCAGGTATCGCAT	AMRU_CQ	AATCCAGGTATCGCAT	SRR11008277	277_AATCCAGGTATCGCAT	TRUE
AMRU_CQ_AATCCAGTCGCTAGCG	AMRU_CQ	AATCCAGTCGCTAGCG	SRR11008277	277_AATCCAGTCGCTAGCG	TRUE
AMRU_CQ_AATCGGTAGCTAAACA	AMRU_CQ	AATCGGTAGCTAAACA	SRR11008277	277_AATCGGTAGCTAAACA	TRUE
AMRU_CQ_AATCGGTCATATACCG	AMRU_CQ	AATCGGTCATATACCG	SRR11008277	277_AATCGGTCATATACCG	TRUE
AMRU_CQ_AATCGGTGTTCCGTCT	AMRU_CQ	AATCGGTGTTCCGTCT	SRR11008277	277_AATCGGTGTTCCGTCT	TRUE
AMRU_CQ_ACACCAAAGCTCTCGG	AMRU_CQ	ACACCAAAGCTCTCGG	SRR11008277	277_ACACCAAAGCTCTCGG	TRUE
AMRU_CQ_ACACCAATCTCAACTT	AMRU_CQ	ACACCAATCTCAACTT	SRR11008277	277_ACACCAATCTCAACTT	TRUE
AMRU_CQ_ACACCCTAGGAGCGAG	AMRU_CQ	ACACCCTAGGAGCGAG	SRR11008277	277_ACACCCTAGGAGCGAG	TRUE
AMRU_CQ_ACACCCTAGTTACCCA	AMRU_CQ	ACACCCTAGTTACCCA	SRR11008277	277_ACACCCTAGTTACCCA	TRUE
AMRU_CQ_ACACCCTCAGCTGTAT	AMRU_CQ	ACACCCTCAGCTGTAT	SRR11008277	277_ACACCCTCAGCTGTAT	TRUE
AMRU_CQ_ACACCCTTCATGTCTT	AMRU_CQ	ACACCCTTCATGTCTT	SRR11008277	277_ACACCCTTCATGTCTT	TRUE
AMRU_CQ_ACACCGGCATGGTCAT	AMRU_CQ	ACACCGGCATGGTCAT	SRR11008277	277_ACACCGGCATGGTCAT	TRUE
AMRU_CQ_ACACCGGGTATAATGG	AMRU_CQ	ACACCGGGTATAATGG	SRR11008277	277_ACACCGGGTATAATGG	TRUE
AMRU_CQ_ACACCGGGTCTAGTCA	AMRU_CQ	ACACCGGGTCTAGTCA	SRR11008277	277_ACACCGGGTCTAGTCA	TRUE
AMRU_CQ_ACACCGGGTCTAGTGT	AMRU_CQ	ACACCGGGTCTAGTGT	SRR11008277	277_ACACCGGGTCTAGTGT	TRUE
AMRU_CQ_ACACCGGGTGGTACAG	AMRU_CQ	ACACCGGGTGGTACAG	SRR11008277	277_ACACCGGGTGGTACAG	TRUE
AMRU_CQ_ACACCGGGTTATTCTC	AMRU_CQ	ACACCGGGTTATTCTC	SRR11008277	277_ACACCGGGTTATTCTC	TRUE
AMRU_CQ_ACACCGGTCTGCGTAA	AMRU_CQ	ACACCGGTCTGCGTAA	SRR11008277	277_ACACCGGTCTGCGTAA	TRUE
AMRU_CQ_ACACTGAGTAGCGCAA	AMRU_CQ	ACACTGAGTAGCGCAA	SRR11008277	277_ACACTGAGTAGCGCAA	TRUE
AMRU_CQ_ACAGCCGCAAGACACG	AMRU_CQ	ACAGCCGCAAGACACG	SRR11008277	277_ACAGCCGCAAGACACG	TRUE
AMRU_CQ_ACAGCCGCAGTAAGAT	AMRU_CQ	ACAGCCGCAGTAAGAT	SRR11008277	277_ACAGCCGCAGTAAGAT	TRUE
AMRU_CQ_ACAGCCGCATATGAGA	AMRU_CQ	ACAGCCGCATATGAGA	SRR11008277	277_ACAGCCGCATATGAGA	TRUE
AMRU_CQ_ACAGCCGGTCTAACGT	AMRU_CQ	ACAGCCGGTCTAACGT	SRR11008277	277_ACAGCCGGTCTAACGT	TRUE
AMRU_CQ_ACAGCCGTCTGTTTGT	AMRU_CQ	ACAGCCGTCTGTTTGT	SRR11008277	277_ACAGCCGTCTGTTTGT	TRUE
AMRU_CQ_ACAGCTAAGACTAGGC	AMRU_CQ	ACAGCTAAGACTAGGC	SRR11008277	277_ACAGCTAAGACTAGGC	TRUE
AMRU_CQ_ACAGCTACAAAGGCGT	AMRU_CQ	ACAGCTACAAAGGCGT	SRR11008277	277_ACAGCTACAAAGGCGT	TRUE
AMRU_CQ_ACATACGAGCCGATTT	AMRU_CQ	ACATACGAGCCGATTT	SRR11008277	277_ACATACGAGCCGATTT	TRUE
AMRU_CQ_ACATACGAGCGTAATA	AMRU_CQ	ACATACGAGCGTAATA	SRR11008277	277_ACATACGAGCGTAATA	TRUE
AMRU_CQ_ACATACGCATCTATGG	AMRU_CQ	ACATACGCATCTATGG	SRR11008277	277_ACATACGCATCTATGG	TRUE
AMRU_CQ_ACATACGGTCACAAGG	AMRU_CQ	ACATACGGTCACAAGG	SRR11008277	277_ACATACGGTCACAAGG	TRUE
AMRU_CQ_ACATACGGTTTGCATG	AMRU_CQ	ACATACGGTTTGCATG	SRR11008277	277_ACATACGGTTTGCATG	TRUE
AMRU_CQ_ACATCAGAGATCGATA	AMRU_CQ	ACATCAGAGATCGATA	SRR11008277	277_ACATCAGAGATCGATA	TRUE
AMRU_CQ_ACATCAGGTTAAGTAG	AMRU_CQ	ACATCAGGTTAAGTAG	SRR11008277	277_ACATCAGGTTAAGTAG	TRUE
AMRU_CQ_ACATGGTAGAACTGTA	AMRU_CQ	ACATGGTAGAACTGTA	SRR11008277	277_ACATGGTAGAACTGTA	TRUE
AMRU_CQ_ACATGGTAGACTGGGT	AMRU_CQ	ACATGGTAGACTGGGT	SRR11008277	277_ACATGGTAGACTGGGT	TRUE
AMRU_CQ_ACATGGTAGATAGCAT	AMRU_CQ	ACATGGTAGATAGCAT	SRR11008277	277_ACATGGTAGATAGCAT	TRUE
AMRU_CQ_ACATGGTAGTCAATAG	AMRU_CQ	ACATGGTAGTCAATAG	SRR11008277	277_ACATGGTAGTCAATAG	TRUE
AMRU_CQ_ACATGGTCAAGCCCAC	AMRU_CQ	ACATGGTCAAGCCCAC	SRR11008277	277_ACATGGTCAAGCCCAC	TRUE
AMRU_CQ_ACATGGTCACCAGGTC	AMRU_CQ	ACATGGTCACCAGGTC	SRR11008277	277_ACATGGTCACCAGGTC	TRUE
AMRU_CQ_ACATGGTGTCTTCAAG	AMRU_CQ	ACATGGTGTCTTCAAG	SRR11008277	277_ACATGGTGTCTTCAAG	TRUE
AMRU_CQ_ACATGGTGTGCAGACA	AMRU_CQ	ACATGGTGTGCAGACA	SRR11008277	277_ACATGGTGTGCAGACA	TRUE
AMRU_CQ_ACCAGTAAGATCGATA	AMRU_CQ	ACCAGTAAGATCGATA	SRR11008277	277_ACCAGTAAGATCGATA	TRUE
AMRU_CQ_ACCAGTAAGCCTCGTG	AMRU_CQ	ACCAGTAAGCCTCGTG	SRR11008277	277_ACCAGTAAGCCTCGTG	TRUE
AMRU_CQ_ACCAGTAGTAGCGTAG	AMRU_CQ	ACCAGTAGTAGCGTAG	SRR11008277	277_ACCAGTAGTAGCGTAG	TRUE
AMRU_CQ_ACCAGTATCCTTTACA	AMRU_CQ	ACCAGTATCCTTTACA	SRR11008277	277_ACCAGTATCCTTTACA	TRUE
AMRU_CQ_ACCAGTATCTCGCTTG	AMRU_CQ	ACCAGTATCTCGCTTG	SRR11008277	277_ACCAGTATCTCGCTTG	TRUE
AMRU_CQ_ACCCACTAGACTAGGC	AMRU_CQ	ACCCACTAGACTAGGC	SRR11008277	277_ACCCACTAGACTAGGC	TRUE
AMRU_CQ_ACCCACTGTACCATCA	AMRU_CQ	ACCCACTGTACCATCA	SRR11008277	277_ACCCACTGTACCATCA	TRUE
AMRU_CQ_ACCGTAATCCGAACGC	AMRU_CQ	ACCGTAATCCGAACGC	SRR11008277	277_ACCGTAATCCGAACGC	TRUE
AMRU_CQ_ACCTTTACAGGTGGAT	AMRU_CQ	ACCTTTACAGGTGGAT	SRR11008277	277_ACCTTTACAGGTGGAT	TRUE
AMRU_CQ_ACCTTTAGTCAGAATA	AMRU_CQ	ACCTTTAGTCAGAATA	SRR11008277	277_ACCTTTAGTCAGAATA	TRUE
AMRU_CQ_ACCTTTAGTGTTTGTG	AMRU_CQ	ACCTTTAGTGTTTGTG	SRR11008277	277_ACCTTTAGTGTTTGTG	TRUE
AMRU_CQ_ACGAGCCAGGTGATAT	AMRU_CQ	ACGAGCCAGGTGATAT	SRR11008277	277_ACGAGCCAGGTGATAT	TRUE
AMRU_CQ_ACGAGCCCACTTCTGC	AMRU_CQ	ACGAGCCCACTTCTGC	SRR11008277	277_ACGAGCCCACTTCTGC	TRUE
AMRU_CQ_ACGAGCCGTTTGTGTG	AMRU_CQ	ACGAGCCGTTTGTGTG	SRR11008277	277_ACGAGCCGTTTGTGTG	TRUE
AMRU_CQ_ACGAGGACATGTCGAT	AMRU_CQ	ACGAGGACATGTCGAT	SRR11008277	277_ACGAGGACATGTCGAT	TRUE
AMRU_CQ_ACGAGGAGTCAGAAGC	AMRU_CQ	ACGAGGAGTCAGAAGC	SRR11008277	277_ACGAGGAGTCAGAAGC	TRUE
AMRU_CQ_ACGAGGATCACCCGAG	AMRU_CQ	ACGAGGATCACCCGAG	SRR11008277	277_ACGAGGATCACCCGAG	TRUE
AMRU_CQ_ACGAGGATCAGTGCAT	AMRU_CQ	ACGAGGATCAGTGCAT	SRR11008277	277_ACGAGGATCAGTGCAT	TRUE
AMRU_CQ_ACGATACTCTCTAGGA	AMRU_CQ	ACGATACTCTCTAGGA	SRR11008277	277_ACGATACTCTCTAGGA	TRUE
AMRU_CQ_ACGATGTCATCACCCT	AMRU_CQ	ACGATGTCATCACCCT	SRR11008277	277_ACGATGTCATCACCCT	TRUE
AMRU_CQ_ACGATGTTCAACTCTT	AMRU_CQ	ACGATGTTCAACTCTT	SRR11008277	277_ACGATGTTCAACTCTT	TRUE
AMRU_CQ_ACGATGTTCAGTGTTG	AMRU_CQ	ACGATGTTCAGTGTTG	SRR11008277	277_ACGATGTTCAGTGTTG	TRUE
AMRU_CQ_ACGCAGCCAAGAGTCG	AMRU_CQ	ACGCAGCCAAGAGTCG	SRR11008277	277_ACGCAGCCAAGAGTCG	TRUE
AMRU_CQ_ACGCAGCCATTACGAC	AMRU_CQ	ACGCAGCCATTACGAC	SRR11008277	277_ACGCAGCCATTACGAC	TRUE
AMRU_CQ_ACGCAGCGTTCCTCCA	AMRU_CQ	ACGCAGCGTTCCTCCA	SRR11008277	277_ACGCAGCGTTCCTCCA	TRUE
AMRU_CQ_ACGCCAGCACTGCCAG	AMRU_CQ	ACGCCAGCACTGCCAG	SRR11008277	277_ACGCCAGCACTGCCAG	TRUE
AMRU_CQ_ACGCCAGGTAACGCGA	AMRU_CQ	ACGCCAGGTAACGCGA	SRR11008277	277_ACGCCAGGTAACGCGA	TRUE
AMRU_CQ_ACGCCGACAAGACACG	AMRU_CQ	ACGCCGACAAGACACG	SRR11008277	277_ACGCCGACAAGACACG	TRUE
AMRU_CQ_ACGCCGACAATAGAGT	AMRU_CQ	ACGCCGACAATAGAGT	SRR11008277	277_ACGCCGACAATAGAGT	TRUE
AMRU_CQ_ACGCCGACACCAGGCT	AMRU_CQ	ACGCCGACACCAGGCT	SRR11008277	277_ACGCCGACACCAGGCT	TRUE
AMRU_CQ_ACGCCGATCTGAGTGT	AMRU_CQ	ACGCCGATCTGAGTGT	SRR11008277	277_ACGCCGATCTGAGTGT	TRUE
AMRU_CQ_ACGGAGAGTCAATACC	AMRU_CQ	ACGGAGAGTCAATACC	SRR11008277	277_ACGGAGAGTCAATACC	TRUE
AMRU_CQ_ACGGAGAGTCGAACAG	AMRU_CQ	ACGGAGAGTCGAACAG	SRR11008277	277_ACGGAGAGTCGAACAG	TRUE
AMRU_CQ_ACGGAGATCGTGGACC	AMRU_CQ	ACGGAGATCGTGGACC	SRR11008277	277_ACGGAGATCGTGGACC	TRUE
AMRU_CQ_ACGGCCAAGCTATGCT	AMRU_CQ	ACGGCCAAGCTATGCT	SRR11008277	277_ACGGCCAAGCTATGCT	TRUE
AMRU_CQ_ACGGGCTGTCCGTCAG	AMRU_CQ	ACGGGCTGTCCGTCAG	SRR11008277	277_ACGGGCTGTCCGTCAG	TRUE
AMRU_CQ_ACGGGCTGTCGAACAG	AMRU_CQ	ACGGGCTGTCGAACAG	SRR11008277	277_ACGGGCTGTCGAACAG	TRUE
AMRU_CQ_ACGGGTCAGGCTCTTA	AMRU_CQ	ACGGGTCAGGCTCTTA	SRR11008277	277_ACGGGTCAGGCTCTTA	TRUE
AMRU_CQ_ACGGGTCAGGGCACTA	AMRU_CQ	ACGGGTCAGGGCACTA	SRR11008277	277_ACGGGTCAGGGCACTA	TRUE
AMRU_CQ_ACGGGTCCAGTTTACG	AMRU_CQ	ACGGGTCCAGTTTACG	SRR11008277	277_ACGGGTCCAGTTTACG	TRUE
AMRU_CQ_ACGGGTCTCAAAGACA	AMRU_CQ	ACGGGTCTCAAAGACA	SRR11008277	277_ACGGGTCTCAAAGACA	TRUE
AMRU_CQ_ACGTCAAAGAGAACAG	AMRU_CQ	ACGTCAAAGAGAACAG	SRR11008277	277_ACGTCAAAGAGAACAG	TRUE
AMRU_CQ_ACGTCAATCATGTGGT	AMRU_CQ	ACGTCAATCATGTGGT	SRR11008277	277_ACGTCAATCATGTGGT	TRUE
AMRU_CQ_ACGTCAATCCGAATGT	AMRU_CQ	ACGTCAATCCGAATGT	SRR11008277	277_ACGTCAATCCGAATGT	TRUE
AMRU_CQ_ACGTCAATCTGTCAAG	AMRU_CQ	ACGTCAATCTGTCAAG	SRR11008277	277_ACGTCAATCTGTCAAG	TRUE
AMRU_CQ_ACTATCTAGAGCTGGT	AMRU_CQ	ACTATCTAGAGCTGGT	SRR11008277	277_ACTATCTAGAGCTGGT	TRUE
AMRU_CQ_ACTATCTAGTACGTAA	AMRU_CQ	ACTATCTAGTACGTAA	SRR11008277	277_ACTATCTAGTACGTAA	TRUE
AMRU_CQ_ACTATCTAGTGCGTGA	AMRU_CQ	ACTATCTAGTGCGTGA	SRR11008277	277_ACTATCTAGTGCGTGA	TRUE
AMRU_CQ_ACTATCTTCCAGAAGG	AMRU_CQ	ACTATCTTCCAGAAGG	SRR11008277	277_ACTATCTTCCAGAAGG	TRUE
AMRU_CQ_ACTATCTTCCTGCTTG	AMRU_CQ	ACTATCTTCCTGCTTG	SRR11008277	277_ACTATCTTCCTGCTTG	TRUE
AMRU_CQ_ACTATCTTCTTTAGGG	AMRU_CQ	ACTATCTTCTTTAGGG	SRR11008277	277_ACTATCTTCTTTAGGG	TRUE
AMRU_CQ_ACTGAACAGCTCTCGG	AMRU_CQ	ACTGAACAGCTCTCGG	SRR11008277	277_ACTGAACAGCTCTCGG	TRUE
AMRU_CQ_ACTGAACAGGCAGGTT	AMRU_CQ	ACTGAACAGGCAGGTT	SRR11008277	277_ACTGAACAGGCAGGTT	TRUE
AMRU_CQ_ACTGAACTCGTACGGC	AMRU_CQ	ACTGAACTCGTACGGC	SRR11008277	277_ACTGAACTCGTACGGC	TRUE
AMRU_CQ_ACTGAGTAGACCACGA	AMRU_CQ	ACTGAGTAGACCACGA	SRR11008277	277_ACTGAGTAGACCACGA	TRUE
AMRU_CQ_ACTGAGTAGCTTATCG	AMRU_CQ	ACTGAGTAGCTTATCG	SRR11008277	277_ACTGAGTAGCTTATCG	TRUE
AMRU_CQ_ACTGAGTCAGCCTGTG	AMRU_CQ	ACTGAGTCAGCCTGTG	SRR11008277	277_ACTGAGTCAGCCTGTG	TRUE
AMRU_CQ_ACTGAGTTCAAGCCTA	AMRU_CQ	ACTGAGTTCAAGCCTA	SRR11008277	277_ACTGAGTTCAAGCCTA	TRUE
AMRU_CQ_ACTGATGCAGGATCGA	AMRU_CQ	ACTGATGCAGGATCGA	SRR11008277	277_ACTGATGCAGGATCGA	TRUE
AMRU_CQ_ACTGATGGTTGTGGCC	AMRU_CQ	ACTGATGGTTGTGGCC	SRR11008277	277_ACTGATGGTTGTGGCC	TRUE
AMRU_CQ_ACTGATGTCATAACCG	AMRU_CQ	ACTGATGTCATAACCG	SRR11008277	277_ACTGATGTCATAACCG	TRUE
AMRU_CQ_ACTGCTCGTAAGAGAG	AMRU_CQ	ACTGCTCGTAAGAGAG	SRR11008277	277_ACTGCTCGTAAGAGAG	TRUE
AMRU_CQ_ACTGCTCGTTGTGGCC	AMRU_CQ	ACTGCTCGTTGTGGCC	SRR11008277	277_ACTGCTCGTTGTGGCC	TRUE
AMRU_CQ_ACTGCTCTCCAAACAC	AMRU_CQ	ACTGCTCTCCAAACAC	SRR11008277	277_ACTGCTCTCCAAACAC	TRUE
AMRU_CQ_ACTGTCCAGTCTTGCA	AMRU_CQ	ACTGTCCAGTCTTGCA	SRR11008277	277_ACTGTCCAGTCTTGCA	TRUE
AMRU_CQ_ACTGTCCAGTGAAGAG	AMRU_CQ	ACTGTCCAGTGAAGAG	SRR11008277	277_ACTGTCCAGTGAAGAG	TRUE
AMRU_CQ_ACTGTCCCATTATCTC	AMRU_CQ	ACTGTCCCATTATCTC	SRR11008277	277_ACTGTCCCATTATCTC	TRUE
AMRU_CQ_ACTGTCCGTTATTCTC	AMRU_CQ	ACTGTCCGTTATTCTC	SRR11008277	277_ACTGTCCGTTATTCTC	TRUE
AMRU_CQ_ACTGTCCGTTCGTCTC	AMRU_CQ	ACTGTCCGTTCGTCTC	SRR11008277	277_ACTGTCCGTTCGTCTC	TRUE
AMRU_CQ_ACTTACTAGTGTTTGC	AMRU_CQ	ACTTACTAGTGTTTGC	SRR11008277	277_ACTTACTAGTGTTTGC	TRUE
AMRU_CQ_ACTTACTCAGTGGGAT	AMRU_CQ	ACTTACTCAGTGGGAT	SRR11008277	277_ACTTACTCAGTGGGAT	TRUE
AMRU_CQ_ACTTACTGTTCCTCCA	AMRU_CQ	ACTTACTGTTCCTCCA	SRR11008277	277_ACTTACTGTTCCTCCA	TRUE
AMRU_CQ_ACTTGTTCAGGGTTAG	AMRU_CQ	ACTTGTTCAGGGTTAG	SRR11008277	277_ACTTGTTCAGGGTTAG	TRUE
AMRU_CQ_ACTTGTTGTAGAGGAA	AMRU_CQ	ACTTGTTGTAGAGGAA	SRR11008277	277_ACTTGTTGTAGAGGAA	TRUE
AMRU_CQ_ACTTGTTTCCGTACAA	AMRU_CQ	ACTTGTTTCCGTACAA	SRR11008277	277_ACTTGTTTCCGTACAA	TRUE
AMRU_CQ_ACTTGTTTCGCACTCT	AMRU_CQ	ACTTGTTTCGCACTCT	SRR11008277	277_ACTTGTTTCGCACTCT	TRUE
AMRU_CQ_ACTTTCAAGAAACCTA	AMRU_CQ	ACTTTCAAGAAACCTA	SRR11008277	277_ACTTTCAAGAAACCTA	TRUE
AMRU_CQ_ACTTTCAGTGCGGTAA	AMRU_CQ	ACTTTCAGTGCGGTAA	SRR11008277	277_ACTTTCAGTGCGGTAA	TRUE
AMRU_CQ_ACTTTCATCCGGGTGT	AMRU_CQ	ACTTTCATCCGGGTGT	SRR11008277	277_ACTTTCATCCGGGTGT	TRUE
AMRU_CQ_AGAATAGAGACAGACC	AMRU_CQ	AGAATAGAGACAGACC	SRR11008277	277_AGAATAGAGACAGACC	TRUE
AMRU_CQ_AGAATAGAGTCCATAC	AMRU_CQ	AGAATAGAGTCCATAC	SRR11008277	277_AGAATAGAGTCCATAC	TRUE
AMRU_CQ_AGAATAGCAGGTCTCG	AMRU_CQ	AGAATAGCAGGTCTCG	SRR11008277	277_AGAATAGCAGGTCTCG	TRUE
AMRU_CQ_AGAATAGCATGGGAAC	AMRU_CQ	AGAATAGCATGGGAAC	SRR11008277	277_AGAATAGCATGGGAAC	TRUE
AMRU_CQ_AGAATAGCATGGTTGT	AMRU_CQ	AGAATAGCATGGTTGT	SRR11008277	277_AGAATAGCATGGTTGT	TRUE
AMRU_CQ_AGAATAGGTAAACACA	AMRU_CQ	AGAATAGGTAAACACA	SRR11008277	277_AGAATAGGTAAACACA	TRUE
AMRU_CQ_AGAATAGTCCCTCAGT	AMRU_CQ	AGAATAGTCCCTCAGT	SRR11008277	277_AGAATAGTCCCTCAGT	TRUE
AMRU_CQ_AGAATAGTCGATAGAA	AMRU_CQ	AGAATAGTCGATAGAA	SRR11008277	277_AGAATAGTCGATAGAA	TRUE
AMRU_CQ_AGACGTTAGATCGATA	AMRU_CQ	AGACGTTAGATCGATA	SRR11008277	277_AGACGTTAGATCGATA	TRUE
AMRU_CQ_AGACGTTGTAAACACA	AMRU_CQ	AGACGTTGTAAACACA	SRR11008277	277_AGACGTTGTAAACACA	TRUE
AMRU_CQ_AGACGTTGTAGTACCT	AMRU_CQ	AGACGTTGTAGTACCT	SRR11008277	277_AGACGTTGTAGTACCT	TRUE
AMRU_CQ_AGAGCGAAGGACTGGT	AMRU_CQ	AGAGCGAAGGACTGGT	SRR11008277	277_AGAGCGAAGGACTGGT	TRUE
AMRU_CQ_AGAGCGACAATGGACG	AMRU_CQ	AGAGCGACAATGGACG	SRR11008277	277_AGAGCGACAATGGACG	TRUE
AMRU_CQ_AGAGCGACACGTTGGC	AMRU_CQ	AGAGCGACACGTTGGC	SRR11008277	277_AGAGCGACACGTTGGC	TRUE
AMRU_CQ_AGAGCGACAGCTTAAC	AMRU_CQ	AGAGCGACAGCTTAAC	SRR11008277	277_AGAGCGACAGCTTAAC	TRUE
AMRU_CQ_AGAGCGATCAACTCTT	AMRU_CQ	AGAGCGATCAACTCTT	SRR11008277	277_AGAGCGATCAACTCTT	TRUE
AMRU_CQ_AGAGCGATCCTAGAAC	AMRU_CQ	AGAGCGATCCTAGAAC	SRR11008277	277_AGAGCGATCCTAGAAC	TRUE
AMRU_CQ_AGAGCTTCACGAAATA	AMRU_CQ	AGAGCTTCACGAAATA	SRR11008277	277_AGAGCTTCACGAAATA	TRUE
AMRU_CQ_AGAGCTTCAGCCTTTC	AMRU_CQ	AGAGCTTCAGCCTTTC	SRR11008277	277_AGAGCTTCAGCCTTTC	TRUE
AMRU_CQ_AGAGCTTGTACTCTCC	AMRU_CQ	AGAGCTTGTACTCTCC	SRR11008277	277_AGAGCTTGTACTCTCC	TRUE
AMRU_CQ_AGAGCTTTCAACGGGA	AMRU_CQ	AGAGCTTTCAACGGGA	SRR11008277	277_AGAGCTTTCAACGGGA	TRUE
AMRU_CQ_AGAGCTTTCGTGGTCG	AMRU_CQ	AGAGCTTTCGTGGTCG	SRR11008277	277_AGAGCTTTCGTGGTCG	TRUE
AMRU_CQ_AGAGTGGAGACTAGAT	AMRU_CQ	AGAGTGGAGACTAGAT	SRR11008277	277_AGAGTGGAGACTAGAT	TRUE
AMRU_CQ_AGAGTGGCAGTATCTG	AMRU_CQ	AGAGTGGCAGTATCTG	SRR11008277	277_AGAGTGGCAGTATCTG	TRUE
AMRU_CQ_AGAGTGGGTGAGCGAT	AMRU_CQ	AGAGTGGGTGAGCGAT	SRR11008277	277_AGAGTGGGTGAGCGAT	TRUE
AMRU_CQ_AGAGTGGGTGGTAACG	AMRU_CQ	AGAGTGGGTGGTAACG	SRR11008277	277_AGAGTGGGTGGTAACG	TRUE
AMRU_CQ_AGAGTGGTCAGAGGTG	AMRU_CQ	AGAGTGGTCAGAGGTG	SRR11008277	277_AGAGTGGTCAGAGGTG	TRUE
AMRU_CQ_AGATCTGAGTATTGGA	AMRU_CQ	AGATCTGAGTATTGGA	SRR11008277	277_AGATCTGAGTATTGGA	TRUE
AMRU_CQ_AGATCTGTCCAAACAC	AMRU_CQ	AGATCTGTCCAAACAC	SRR11008277	277_AGATCTGTCCAAACAC	TRUE
AMRU_CQ_AGATTGCTCTTGCAAG	AMRU_CQ	AGATTGCTCTTGCAAG	SRR11008277	277_AGATTGCTCTTGCAAG	TRUE
AMRU_CQ_AGCAGCCAGTAGATGT	AMRU_CQ	AGCAGCCAGTAGATGT	SRR11008277	277_AGCAGCCAGTAGATGT	TRUE
AMRU_CQ_AGCAGCCAGTCGAGTG	AMRU_CQ	AGCAGCCAGTCGAGTG	SRR11008277	277_AGCAGCCAGTCGAGTG	TRUE
AMRU_CQ_AGCAGCCTCCCACTTG	AMRU_CQ	AGCAGCCTCCCACTTG	SRR11008277	277_AGCAGCCTCCCACTTG	TRUE
AMRU_CQ_AGCATACGTAGAAGGA	AMRU_CQ	AGCATACGTAGAAGGA	SRR11008277	277_AGCATACGTAGAAGGA	TRUE
AMRU_CQ_AGCATACGTCCGACGT	AMRU_CQ	AGCATACGTCCGACGT	SRR11008277	277_AGCATACGTCCGACGT	TRUE
AMRU_CQ_AGCATACTCAAAGACA	AMRU_CQ	AGCATACTCAAAGACA	SRR11008277	277_AGCATACTCAAAGACA	TRUE
AMRU_CQ_AGCATACTCGCTGATA	AMRU_CQ	AGCATACTCGCTGATA	SRR11008277	277_AGCATACTCGCTGATA	TRUE
AMRU_CQ_AGCCTAACACCGTTGG	AMRU_CQ	AGCCTAACACCGTTGG	SRR11008277	277_AGCCTAACACCGTTGG	TRUE
AMRU_CQ_AGCGGTCAGCGTCTAT	AMRU_CQ	AGCGGTCAGCGTCTAT	SRR11008277	277_AGCGGTCAGCGTCTAT	TRUE
AMRU_CQ_AGCGGTCAGCTAGTCT	AMRU_CQ	AGCGGTCAGCTAGTCT	SRR11008277	277_AGCGGTCAGCTAGTCT	TRUE
AMRU_CQ_AGCGGTCCACTGTCGG	AMRU_CQ	AGCGGTCCACTGTCGG	SRR11008277	277_AGCGGTCCACTGTCGG	TRUE
AMRU_CQ_AGCGGTCTCCCGACTT	AMRU_CQ	AGCGGTCTCCCGACTT	SRR11008277	277_AGCGGTCTCCCGACTT	TRUE
AMRU_CQ_AGCGTATAGGCAAAGA	AMRU_CQ	AGCGTATAGGCAAAGA	SRR11008277	277_AGCGTATAGGCAAAGA	TRUE
AMRU_CQ_AGCGTATGTAGCTGCC	AMRU_CQ	AGCGTATGTAGCTGCC	SRR11008277	277_AGCGTATGTAGCTGCC	TRUE
AMRU_CQ_AGCGTATGTTGGTTTG	AMRU_CQ	AGCGTATGTTGGTTTG	SRR11008277	277_AGCGTATGTTGGTTTG	TRUE
AMRU_CQ_AGCGTCGAGGCATTGG	AMRU_CQ	AGCGTCGAGGCATTGG	SRR11008277	277_AGCGTCGAGGCATTGG	TRUE
AMRU_CQ_AGCGTCGGTCACAAGG	AMRU_CQ	AGCGTCGGTCACAAGG	SRR11008277	277_AGCGTCGGTCACAAGG	TRUE
AMRU_CQ_AGCGTCGTCTGGTATG	AMRU_CQ	AGCGTCGTCTGGTATG	SRR11008277	277_AGCGTCGTCTGGTATG	TRUE
AMRU_CQ_AGCTCCTAGCTAAACA	AMRU_CQ	AGCTCCTAGCTAAACA	SRR11008277	277_AGCTCCTAGCTAAACA	TRUE
AMRU_CQ_AGCTCCTAGGGAGTAA	AMRU_CQ	AGCTCCTAGGGAGTAA	SRR11008277	277_AGCTCCTAGGGAGTAA	TRUE
AMRU_CQ_AGCTCCTTCCACTCCA	AMRU_CQ	AGCTCCTTCCACTCCA	SRR11008277	277_AGCTCCTTCCACTCCA	TRUE
AMRU_CQ_AGCTCCTTCCCGGATG	AMRU_CQ	AGCTCCTTCCCGGATG	SRR11008277	277_AGCTCCTTCCCGGATG	TRUE
AMRU_CQ_AGCTCCTTCGATGAGG	AMRU_CQ	AGCTCCTTCGATGAGG	SRR11008277	277_AGCTCCTTCGATGAGG	TRUE
AMRU_CQ_AGCTCCTTCGGCCGAT	AMRU_CQ	AGCTCCTTCGGCCGAT	SRR11008277	277_AGCTCCTTCGGCCGAT	TRUE
AMRU_CQ_AGCTCTCAGGATTCGG	AMRU_CQ	AGCTCTCAGGATTCGG	SRR11008277	277_AGCTCTCAGGATTCGG	TRUE
AMRU_CQ_AGCTCTCCAGTTAACC	AMRU_CQ	AGCTCTCCAGTTAACC	SRR11008277	277_AGCTCTCCAGTTAACC	TRUE
AMRU_CQ_AGCTCTCTCGAGGTAG	AMRU_CQ	AGCTCTCTCGAGGTAG	SRR11008277	277_AGCTCTCTCGAGGTAG	TRUE
AMRU_CQ_AGCTTGAAGAAGAAGC	AMRU_CQ	AGCTTGAAGAAGAAGC	SRR11008277	277_AGCTTGAAGAAGAAGC	TRUE
AMRU_CQ_AGCTTGAAGAGCTATA	AMRU_CQ	AGCTTGAAGAGCTATA	SRR11008277	277_AGCTTGAAGAGCTATA	TRUE
AMRU_CQ_AGCTTGAGTCTAGAGG	AMRU_CQ	AGCTTGAGTCTAGAGG	SRR11008277	277_AGCTTGAGTCTAGAGG	TRUE
AMRU_CQ_AGCTTGATCTGGTGTA	AMRU_CQ	AGCTTGATCTGGTGTA	SRR11008277	277_AGCTTGATCTGGTGTA	TRUE
AMRU_CQ_AGGCCACCAGCATGAG	AMRU_CQ	AGGCCACCAGCATGAG	SRR11008277	277_AGGCCACCAGCATGAG	TRUE
AMRU_CQ_AGGCCACGTCATTAGC	AMRU_CQ	AGGCCACGTCATTAGC	SRR11008277	277_AGGCCACGTCATTAGC	TRUE
AMRU_CQ_AGGCCACGTCGACTAT	AMRU_CQ	AGGCCACGTCGACTAT	SRR11008277	277_AGGCCACGTCGACTAT	TRUE
AMRU_CQ_AGGCCACTCCCAAGAT	AMRU_CQ	AGGCCACTCCCAAGAT	SRR11008277	277_AGGCCACTCCCAAGAT	TRUE
AMRU_CQ_AGGCCGTAGTGCCAGA	AMRU_CQ	AGGCCGTAGTGCCAGA	SRR11008277	277_AGGCCGTAGTGCCAGA	TRUE
AMRU_CQ_AGGCCGTAGTTAAGTG	AMRU_CQ	AGGCCGTAGTTAAGTG	SRR11008277	277_AGGCCGTAGTTAAGTG	TRUE
AMRU_CQ_AGGCCGTGTCTGATTG	AMRU_CQ	AGGCCGTGTCTGATTG	SRR11008277	277_AGGCCGTGTCTGATTG	TRUE
AMRU_CQ_AGGCCGTGTTAGATGA	AMRU_CQ	AGGCCGTGTTAGATGA	SRR11008277	277_AGGCCGTGTTAGATGA	TRUE
AMRU_CQ_AGGCCGTTCCTAGTGA	AMRU_CQ	AGGCCGTTCCTAGTGA	SRR11008277	277_AGGCCGTTCCTAGTGA	TRUE
AMRU_CQ_AGGGAGTCACACAGAG	AMRU_CQ	AGGGAGTCACACAGAG	SRR11008277	277_AGGGAGTCACACAGAG	TRUE
AMRU_CQ_AGGGATGAGATGGCGT	AMRU_CQ	AGGGATGAGATGGCGT	SRR11008277	277_AGGGATGAGATGGCGT	TRUE
AMRU_CQ_AGGGATGAGTCTCCTC	AMRU_CQ	AGGGATGAGTCTCCTC	SRR11008277	277_AGGGATGAGTCTCCTC	TRUE
AMRU_CQ_AGGGATGCACGCGAAA	AMRU_CQ	AGGGATGCACGCGAAA	SRR11008277	277_AGGGATGCACGCGAAA	TRUE
AMRU_CQ_AGGGATGCAGCTATTG	AMRU_CQ	AGGGATGCAGCTATTG	SRR11008277	277_AGGGATGCAGCTATTG	TRUE
AMRU_CQ_AGGGATGGTGGTTTCA	AMRU_CQ	AGGGATGGTGGTTTCA	SRR11008277	277_AGGGATGGTGGTTTCA	TRUE
AMRU_CQ_AGGGTGAAGAAACGAG	AMRU_CQ	AGGGTGAAGAAACGAG	SRR11008277	277_AGGGTGAAGAAACGAG	TRUE
AMRU_CQ_AGGGTGAAGAGCTTCT	AMRU_CQ	AGGGTGAAGAGCTTCT	SRR11008277	277_AGGGTGAAGAGCTTCT	TRUE
AMRU_CQ_AGGGTGAAGCTAAGAT	AMRU_CQ	AGGGTGAAGCTAAGAT	SRR11008277	277_AGGGTGAAGCTAAGAT	TRUE
AMRU_CQ_AGGGTGACAATCCGAT	AMRU_CQ	AGGGTGACAATCCGAT	SRR11008277	277_AGGGTGACAATCCGAT	TRUE
AMRU_CQ_AGGGTGAGTAAGAGAG	AMRU_CQ	AGGGTGAGTAAGAGAG	SRR11008277	277_AGGGTGAGTAAGAGAG	TRUE
AMRU_CQ_AGGTCATAGCTAAGAT	AMRU_CQ	AGGTCATAGCTAAGAT	SRR11008277	277_AGGTCATAGCTAAGAT	TRUE
AMRU_CQ_AGGTCATAGGACTGGT	AMRU_CQ	AGGTCATAGGACTGGT	SRR11008277	277_AGGTCATAGGACTGGT	TRUE
AMRU_CQ_AGGTCATTCCTCAATT	AMRU_CQ	AGGTCATTCCTCAATT	SRR11008277	277_AGGTCATTCCTCAATT	TRUE
AMRU_CQ_AGGTCATTCGGTCTAA	AMRU_CQ	AGGTCATTCGGTCTAA	SRR11008277	277_AGGTCATTCGGTCTAA	TRUE
AMRU_CQ_AGGTCCGAGACACTAA	AMRU_CQ	AGGTCCGAGACACTAA	SRR11008277	277_AGGTCCGAGACACTAA	TRUE
AMRU_CQ_AGGTCCGAGATGTGTA	AMRU_CQ	AGGTCCGAGATGTGTA	SRR11008277	277_AGGTCCGAGATGTGTA	TRUE
AMRU_CQ_AGGTCCGAGCGTGAAC	AMRU_CQ	AGGTCCGAGCGTGAAC	SRR11008277	277_AGGTCCGAGCGTGAAC	TRUE
AMRU_CQ_AGGTCCGAGGTAGCCA	AMRU_CQ	AGGTCCGAGGTAGCCA	SRR11008277	277_AGGTCCGAGGTAGCCA	TRUE
AMRU_CQ_AGGTCCGCATCCGGGT	AMRU_CQ	AGGTCCGCATCCGGGT	SRR11008277	277_AGGTCCGCATCCGGGT	TRUE
AMRU_CQ_AGGTCCGGTACTTGAC	AMRU_CQ	AGGTCCGGTACTTGAC	SRR11008277	277_AGGTCCGGTACTTGAC	TRUE
AMRU_CQ_AGGTCCGTCTGCTTGC	AMRU_CQ	AGGTCCGTCTGCTTGC	SRR11008277	277_AGGTCCGTCTGCTTGC	TRUE
AMRU_CQ_AGTAGTCCAACGCACC	AMRU_CQ	AGTAGTCCAACGCACC	SRR11008277	277_AGTAGTCCAACGCACC	TRUE
AMRU_CQ_AGTAGTCGTCACTGGC	AMRU_CQ	AGTAGTCGTCACTGGC	SRR11008277	277_AGTAGTCGTCACTGGC	TRUE
AMRU_CQ_AGTCTTTAGACTCGGA	AMRU_CQ	AGTCTTTAGACTCGGA	SRR11008277	277_AGTCTTTAGACTCGGA	TRUE
AMRU_CQ_AGTCTTTCACGGACAA	AMRU_CQ	AGTCTTTCACGGACAA	SRR11008277	277_AGTCTTTCACGGACAA	TRUE
AMRU_CQ_AGTCTTTCAGGAATGC	AMRU_CQ	AGTCTTTCAGGAATGC	SRR11008277	277_AGTCTTTCAGGAATGC	TRUE
AMRU_CQ_AGTCTTTCAGTACACT	AMRU_CQ	AGTCTTTCAGTACACT	SRR11008277	277_AGTCTTTCAGTACACT	TRUE
AMRU_CQ_AGTCTTTGTTATTCTC	AMRU_CQ	AGTCTTTGTTATTCTC	SRR11008277	277_AGTCTTTGTTATTCTC	TRUE
AMRU_CQ_AGTGAGGAGTATCGAA	AMRU_CQ	AGTGAGGAGTATCGAA	SRR11008277	277_AGTGAGGAGTATCGAA	TRUE
AMRU_CQ_AGTGAGGAGTGTACCT	AMRU_CQ	AGTGAGGAGTGTACCT	SRR11008277	277_AGTGAGGAGTGTACCT	TRUE
AMRU_CQ_AGTGAGGCAAGTTCTG	AMRU_CQ	AGTGAGGCAAGTTCTG	SRR11008277	277_AGTGAGGCAAGTTCTG	TRUE
AMRU_CQ_AGTGAGGCACATTTCT	AMRU_CQ	AGTGAGGCACATTTCT	SRR11008277	277_AGTGAGGCACATTTCT	TRUE
AMRU_CQ_AGTGAGGGTAAGGGAA	AMRU_CQ	AGTGAGGGTAAGGGAA	SRR11008277	277_AGTGAGGGTAAGGGAA	TRUE
AMRU_CQ_AGTGGGAAGGACATTA	AMRU_CQ	AGTGGGAAGGACATTA	SRR11008277	277_AGTGGGAAGGACATTA	TRUE
AMRU_CQ_AGTGGGAAGTGCGTGA	AMRU_CQ	AGTGGGAAGTGCGTGA	SRR11008277	277_AGTGGGAAGTGCGTGA	TRUE
AMRU_CQ_AGTGGGAAGTGTACCT	AMRU_CQ	AGTGGGAAGTGTACCT	SRR11008277	277_AGTGGGAAGTGTACCT	TRUE
AMRU_CQ_AGTGGGAGTATATGGA	AMRU_CQ	AGTGGGAGTATATGGA	SRR11008277	277_AGTGGGAGTATATGGA	TRUE
AMRU_CQ_AGTGGGAGTTTCGCTC	AMRU_CQ	AGTGGGAGTTTCGCTC	SRR11008277	277_AGTGGGAGTTTCGCTC	TRUE
AMRU_CQ_AGTGGGATCTTACCGC	AMRU_CQ	AGTGGGATCTTACCGC	SRR11008277	277_AGTGGGATCTTACCGC	TRUE
AMRU_CQ_AGTGTCAAGAGCTATA	AMRU_CQ	AGTGTCAAGAGCTATA	SRR11008277	277_AGTGTCAAGAGCTATA	TRUE
AMRU_CQ_AGTGTCAAGTAGGCCA	AMRU_CQ	AGTGTCAAGTAGGCCA	SRR11008277	277_AGTGTCAAGTAGGCCA	TRUE
AMRU_CQ_AGTGTCACACAGGAGT	AMRU_CQ	AGTGTCACACAGGAGT	SRR11008277	277_AGTGTCACACAGGAGT	TRUE
AMRU_CQ_AGTGTCATCACGAAGG	AMRU_CQ	AGTGTCATCACGAAGG	SRR11008277	277_AGTGTCATCACGAAGG	TRUE
AMRU_CQ_AGTGTCATCATGTCCC	AMRU_CQ	AGTGTCATCATGTCCC	SRR11008277	277_AGTGTCATCATGTCCC	TRUE
AMRU_CQ_AGTGTCATCGGAATCT	AMRU_CQ	AGTGTCATCGGAATCT	SRR11008277	277_AGTGTCATCGGAATCT	TRUE
AMRU_CQ_AGTTGGTAGCCCAGCT	AMRU_CQ	AGTTGGTAGCCCAGCT	SRR11008277	277_AGTTGGTAGCCCAGCT	TRUE
AMRU_CQ_AGTTGGTAGGGATACC	AMRU_CQ	AGTTGGTAGGGATACC	SRR11008277	277_AGTTGGTAGGGATACC	TRUE
AMRU_CQ_AGTTGGTGTATCTGCA	AMRU_CQ	AGTTGGTGTATCTGCA	SRR11008277	277_AGTTGGTGTATCTGCA	TRUE
AMRU_CQ_AGTTGGTTCTGCCCTA	AMRU_CQ	AGTTGGTTCTGCCCTA	SRR11008277	277_AGTTGGTTCTGCCCTA	TRUE
AMRU_CQ_ATAACGCCACTCTGTC	AMRU_CQ	ATAACGCCACTCTGTC	SRR11008277	277_ATAACGCCACTCTGTC	TRUE
AMRU_CQ_ATAACGCGTCAACTGT	AMRU_CQ	ATAACGCGTCAACTGT	SRR11008277	277_ATAACGCGTCAACTGT	TRUE
AMRU_CQ_ATAACGCGTCAGAATA	AMRU_CQ	ATAACGCGTCAGAATA	SRR11008277	277_ATAACGCGTCAGAATA	TRUE
AMRU_CQ_ATAACGCTCCGGCACA	AMRU_CQ	ATAACGCTCCGGCACA	SRR11008277	277_ATAACGCTCCGGCACA	TRUE
AMRU_CQ_ATAAGAGCACACTGCG	AMRU_CQ	ATAAGAGCACACTGCG	SRR11008277	277_ATAAGAGCACACTGCG	TRUE
AMRU_CQ_ATAAGAGCATTGGGCC	AMRU_CQ	ATAAGAGCATTGGGCC	SRR11008277	277_ATAAGAGCATTGGGCC	TRUE
AMRU_CQ_ATAAGAGGTCTAGAGG	AMRU_CQ	ATAAGAGGTCTAGAGG	SRR11008277	277_ATAAGAGGTCTAGAGG	TRUE
AMRU_CQ_ATAAGAGTCTTGCAAG	AMRU_CQ	ATAAGAGTCTTGCAAG	SRR11008277	277_ATAAGAGTCTTGCAAG	TRUE
AMRU_CQ_ATAGACCCATTAACCG	AMRU_CQ	ATAGACCCATTAACCG	SRR11008277	277_ATAGACCCATTAACCG	TRUE
AMRU_CQ_ATAGACCGTTAAGAAC	AMRU_CQ	ATAGACCGTTAAGAAC	SRR11008277	277_ATAGACCGTTAAGAAC	TRUE
AMRU_CQ_ATAGACCGTTTACTCT	AMRU_CQ	ATAGACCGTTTACTCT	SRR11008277	277_ATAGACCGTTTACTCT	TRUE
AMRU_CQ_ATCACGACAAGCTGTT	AMRU_CQ	ATCACGACAAGCTGTT	SRR11008277	277_ATCACGACAAGCTGTT	TRUE
AMRU_CQ_ATCACGAGTAATTGGA	AMRU_CQ	ATCACGAGTAATTGGA	SRR11008277	277_ATCACGAGTAATTGGA	TRUE
AMRU_CQ_ATCACGAGTTACGTCA	AMRU_CQ	ATCACGAGTTACGTCA	SRR11008277	277_ATCACGAGTTACGTCA	TRUE
AMRU_CQ_ATCATCTCACTTACGA	AMRU_CQ	ATCATCTCACTTACGA	SRR11008277	277_ATCATCTCACTTACGA	TRUE
AMRU_CQ_ATCATGGGTACACCGC	AMRU_CQ	ATCATGGGTACACCGC	SRR11008277	277_ATCATGGGTACACCGC	TRUE
AMRU_CQ_ATCATGGGTGACGCCT	AMRU_CQ	ATCATGGGTGACGCCT	SRR11008277	277_ATCATGGGTGACGCCT	TRUE
AMRU_CQ_ATCATGGTCACTTACT	AMRU_CQ	ATCATGGTCACTTACT	SRR11008277	277_ATCATGGTCACTTACT	TRUE
AMRU_CQ_ATCCACCTCCTCGCAT	AMRU_CQ	ATCCACCTCCTCGCAT	SRR11008277	277_ATCCACCTCCTCGCAT	TRUE
AMRU_CQ_ATCCACCTCGCCGTGA	AMRU_CQ	ATCCACCTCGCCGTGA	SRR11008277	277_ATCCACCTCGCCGTGA	TRUE
AMRU_CQ_ATCCGAAAGTCCAGGA	AMRU_CQ	ATCCGAAAGTCCAGGA	SRR11008277	277_ATCCGAAAGTCCAGGA	TRUE
AMRU_CQ_ATCCGAACAGGCTCAC	AMRU_CQ	ATCCGAACAGGCTCAC	SRR11008277	277_ATCCGAACAGGCTCAC	TRUE
AMRU_CQ_ATCCGAACAGTACACT	AMRU_CQ	ATCCGAACAGTACACT	SRR11008277	277_ATCCGAACAGTACACT	TRUE
AMRU_CQ_ATCCGAAGTCAGATAA	AMRU_CQ	ATCCGAAGTCAGATAA	SRR11008277	277_ATCCGAAGTCAGATAA	TRUE
AMRU_CQ_ATCCGAAGTCCAACTA	AMRU_CQ	ATCCGAAGTCCAACTA	SRR11008277	277_ATCCGAAGTCCAACTA	TRUE
AMRU_CQ_ATCCGAAGTCGAGTTT	AMRU_CQ	ATCCGAAGTCGAGTTT	SRR11008277	277_ATCCGAAGTCGAGTTT	TRUE
AMRU_CQ_ATCCGAATCAATCACG	AMRU_CQ	ATCCGAATCAATCACG	SRR11008277	277_ATCCGAATCAATCACG	TRUE
AMRU_CQ_ATCGAGTAGTACTTGC	AMRU_CQ	ATCGAGTAGTACTTGC	SRR11008277	277_ATCGAGTAGTACTTGC	TRUE
AMRU_CQ_ATCGAGTCAAGCTGTT	AMRU_CQ	ATCGAGTCAAGCTGTT	SRR11008277	277_ATCGAGTCAAGCTGTT	TRUE
AMRU_CQ_ATCGAGTGTTACTGAC	AMRU_CQ	ATCGAGTGTTACTGAC	SRR11008277	277_ATCGAGTGTTACTGAC	TRUE
AMRU_CQ_ATCGAGTTCAATACCG	AMRU_CQ	ATCGAGTTCAATACCG	SRR11008277	277_ATCGAGTTCAATACCG	TRUE
AMRU_CQ_ATCGAGTTCAGCTGGC	AMRU_CQ	ATCGAGTTCAGCTGGC	SRR11008277	277_ATCGAGTTCAGCTGGC	TRUE
AMRU_CQ_ATCTACTCAAACCTAC	AMRU_CQ	ATCTACTCAAACCTAC	SRR11008277	277_ATCTACTCAAACCTAC	TRUE
AMRU_CQ_ATCTACTGTACGACCC	AMRU_CQ	ATCTACTGTACGACCC	SRR11008277	277_ATCTACTGTACGACCC	TRUE
AMRU_CQ_ATCTACTTCTCTAGGA	AMRU_CQ	ATCTACTTCTCTAGGA	SRR11008277	277_ATCTACTTCTCTAGGA	TRUE
AMRU_CQ_ATCTGCCAGCAGCGTA	AMRU_CQ	ATCTGCCAGCAGCGTA	SRR11008277	277_ATCTGCCAGCAGCGTA	TRUE
AMRU_CQ_ATCTGCCCACTCAGGC	AMRU_CQ	ATCTGCCCACTCAGGC	SRR11008277	277_ATCTGCCCACTCAGGC	TRUE
AMRU_CQ_ATCTGCCCATGCCCGA	AMRU_CQ	ATCTGCCCATGCCCGA	SRR11008277	277_ATCTGCCCATGCCCGA	TRUE
AMRU_CQ_ATCTGCCGTAGAAAGG	AMRU_CQ	ATCTGCCGTAGAAAGG	SRR11008277	277_ATCTGCCGTAGAAAGG	TRUE
AMRU_CQ_ATCTGCCGTCATATGC	AMRU_CQ	ATCTGCCGTCATATGC	SRR11008277	277_ATCTGCCGTCATATGC	TRUE
AMRU_CQ_ATCTGCCTCTGCGGCA	AMRU_CQ	ATCTGCCTCTGCGGCA	SRR11008277	277_ATCTGCCTCTGCGGCA	TRUE
AMRU_CQ_ATGAGGGCAGTATAAG	AMRU_CQ	ATGAGGGCAGTATAAG	SRR11008277	277_ATGAGGGCAGTATAAG	TRUE
AMRU_CQ_ATGAGGGGTAAGAGGA	AMRU_CQ	ATGAGGGGTAAGAGGA	SRR11008277	277_ATGAGGGGTAAGAGGA	TRUE
AMRU_CQ_ATGAGGGTCCCTTGCA	AMRU_CQ	ATGAGGGTCCCTTGCA	SRR11008277	277_ATGAGGGTCCCTTGCA	TRUE
AMRU_CQ_ATGCGATAGCGATGAC	AMRU_CQ	ATGCGATAGCGATGAC	SRR11008277	277_ATGCGATAGCGATGAC	TRUE
AMRU_CQ_ATGCGATCAAACTGCT	AMRU_CQ	ATGCGATCAAACTGCT	SRR11008277	277_ATGCGATCAAACTGCT	TRUE
AMRU_CQ_ATGCGATCAGCTGTTA	AMRU_CQ	ATGCGATCAGCTGTTA	SRR11008277	277_ATGCGATCAGCTGTTA	TRUE
AMRU_CQ_ATGCGATGTAGCGTCC	AMRU_CQ	ATGCGATGTAGCGTCC	SRR11008277	277_ATGCGATGTAGCGTCC	TRUE
AMRU_CQ_ATGCGATTCGTCCAGG	AMRU_CQ	ATGCGATTCGTCCAGG	SRR11008277	277_ATGCGATTCGTCCAGG	TRUE
AMRU_CQ_ATGCGATTCTCGCTTG	AMRU_CQ	ATGCGATTCTCGCTTG	SRR11008277	277_ATGCGATTCTCGCTTG	TRUE
AMRU_CQ_ATGGGAGAGAGCTGCA	AMRU_CQ	ATGGGAGAGAGCTGCA	SRR11008277	277_ATGGGAGAGAGCTGCA	TRUE
AMRU_CQ_ATGGGAGAGTGCTGCC	AMRU_CQ	ATGGGAGAGTGCTGCC	SRR11008277	277_ATGGGAGAGTGCTGCC	TRUE
AMRU_CQ_ATGGGAGCAAGTTGTC	AMRU_CQ	ATGGGAGCAAGTTGTC	SRR11008277	277_ATGGGAGCAAGTTGTC	TRUE
AMRU_CQ_ATGGGAGGTCTGCAAT	AMRU_CQ	ATGGGAGGTCTGCAAT	SRR11008277	277_ATGGGAGGTCTGCAAT	TRUE
AMRU_CQ_ATGGGAGTCCCGACTT	AMRU_CQ	ATGGGAGTCCCGACTT	SRR11008277	277_ATGGGAGTCCCGACTT	TRUE
AMRU_CQ_ATGTGTGTCTGAAAGA	AMRU_CQ	ATGTGTGTCTGAAAGA	SRR11008277	277_ATGTGTGTCTGAAAGA	TRUE
AMRU_CQ_ATTACTCAGAGATGAG	AMRU_CQ	ATTACTCAGAGATGAG	SRR11008277	277_ATTACTCAGAGATGAG	TRUE
AMRU_CQ_ATTACTCGTCGAGTTT	AMRU_CQ	ATTACTCGTCGAGTTT	SRR11008277	277_ATTACTCGTCGAGTTT	TRUE
AMRU_CQ_ATTATCCAGGGATACC	AMRU_CQ	ATTATCCAGGGATACC	SRR11008277	277_ATTATCCAGGGATACC	TRUE
AMRU_CQ_ATTATCCCAATGGATA	AMRU_CQ	ATTATCCCAATGGATA	SRR11008277	277_ATTATCCCAATGGATA	TRUE
AMRU_CQ_ATTATCCCAGTCGATT	AMRU_CQ	ATTATCCCAGTCGATT	SRR11008277	277_ATTATCCCAGTCGATT	TRUE
AMRU_CQ_ATTATCCGTTCTGAAC	AMRU_CQ	ATTATCCGTTCTGAAC	SRR11008277	277_ATTATCCGTTCTGAAC	TRUE
AMRU_CQ_ATTATCCGTTTGACTG	AMRU_CQ	ATTATCCGTTTGACTG	SRR11008277	277_ATTATCCGTTTGACTG	TRUE
AMRU_CQ_ATTATCCTCACTTATC	AMRU_CQ	ATTATCCTCACTTATC	SRR11008277	277_ATTATCCTCACTTATC	TRUE
AMRU_CQ_ATTATCCTCCAGAAGG	AMRU_CQ	ATTATCCTCCAGAAGG	SRR11008277	277_ATTATCCTCCAGAAGG	TRUE
AMRU_CQ_ATTATCCTCGCAAGCC	AMRU_CQ	ATTATCCTCGCAAGCC	SRR11008277	277_ATTATCCTCGCAAGCC	TRUE
AMRU_CQ_ATTATCCTCTATCCTA	AMRU_CQ	ATTATCCTCTATCCTA	SRR11008277	277_ATTATCCTCTATCCTA	TRUE
AMRU_CQ_ATTCTACAGGCTCATT	AMRU_CQ	ATTCTACAGGCTCATT	SRR11008277	277_ATTCTACAGGCTCATT	TRUE
AMRU_CQ_ATTCTACTCAATCTCT	AMRU_CQ	ATTCTACTCAATCTCT	SRR11008277	277_ATTCTACTCAATCTCT	TRUE
AMRU_CQ_ATTGGACCAGCAGTTT	AMRU_CQ	ATTGGACCAGCAGTTT	SRR11008277	277_ATTGGACCAGCAGTTT	TRUE
AMRU_CQ_ATTGGACGTCATATCG	AMRU_CQ	ATTGGACGTCATATCG	SRR11008277	277_ATTGGACGTCATATCG	TRUE
AMRU_CQ_ATTGGTGCATCCTTGC	AMRU_CQ	ATTGGTGCATCCTTGC	SRR11008277	277_ATTGGTGCATCCTTGC	TRUE
AMRU_CQ_ATTGGTGGTAGATTAG	AMRU_CQ	ATTGGTGGTAGATTAG	SRR11008277	277_ATTGGTGGTAGATTAG	TRUE
AMRU_CQ_ATTGGTGGTGGTCTCG	AMRU_CQ	ATTGGTGGTGGTCTCG	SRR11008277	277_ATTGGTGGTGGTCTCG	TRUE
AMRU_CQ_ATTGGTGTCTGTCAAG	AMRU_CQ	ATTGGTGTCTGTCAAG	SRR11008277	277_ATTGGTGTCTGTCAAG	TRUE
AMRU_CQ_ATTTCTGAGGGCTTCC	AMRU_CQ	ATTTCTGAGGGCTTCC	SRR11008277	277_ATTTCTGAGGGCTTCC	TRUE
AMRU_CQ_ATTTCTGCAAACAACA	AMRU_CQ	ATTTCTGCAAACAACA	SRR11008277	277_ATTTCTGCAAACAACA	TRUE
AMRU_CQ_CAACCAAAGGGTATCG	AMRU_CQ	CAACCAAAGGGTATCG	SRR11008277	277_CAACCAAAGGGTATCG	TRUE
AMRU_CQ_CAACCAAAGTTTGCGT	AMRU_CQ	CAACCAAAGTTTGCGT	SRR11008277	277_CAACCAAAGTTTGCGT	TRUE
AMRU_CQ_CAACCAACACGGATAG	AMRU_CQ	CAACCAACACGGATAG	SRR11008277	277_CAACCAACACGGATAG	TRUE
AMRU_CQ_CAACCAACACGGTTTA	AMRU_CQ	CAACCAACACGGTTTA	SRR11008277	277_CAACCAACACGGTTTA	TRUE
AMRU_CQ_CAACCAATCCGTCATC	AMRU_CQ	CAACCAATCCGTCATC	SRR11008277	277_CAACCAATCCGTCATC	TRUE
AMRU_CQ_CAACCAATCGCAAACT	AMRU_CQ	CAACCAATCGCAAACT	SRR11008277	277_CAACCAATCGCAAACT	TRUE
AMRU_CQ_CAACCTCAGCTAGGCA	AMRU_CQ	CAACCTCAGCTAGGCA	SRR11008277	277_CAACCTCAGCTAGGCA	TRUE
AMRU_CQ_CAACCTCCAAACTGCT	AMRU_CQ	CAACCTCCAAACTGCT	SRR11008277	277_CAACCTCCAAACTGCT	TRUE
AMRU_CQ_CAACCTCGTCCAGTTA	AMRU_CQ	CAACCTCGTCCAGTTA	SRR11008277	277_CAACCTCGTCCAGTTA	TRUE
AMRU_CQ_CAACCTCGTCGCTTCT	AMRU_CQ	CAACCTCGTCGCTTCT	SRR11008277	277_CAACCTCGTCGCTTCT	TRUE
AMRU_CQ_CAACCTCGTCTTGCGG	AMRU_CQ	CAACCTCGTCTTGCGG	SRR11008277	277_CAACCTCGTCTTGCGG	TRUE
AMRU_CQ_CAACCTCGTGTAAGTA	AMRU_CQ	CAACCTCGTGTAAGTA	SRR11008277	277_CAACCTCGTGTAAGTA	TRUE
AMRU_CQ_CAACCTCTCACCCGAG	AMRU_CQ	CAACCTCTCACCCGAG	SRR11008277	277_CAACCTCTCACCCGAG	TRUE
AMRU_CQ_CAACTAGAGCACCGCT	AMRU_CQ	CAACTAGAGCACCGCT	SRR11008277	277_CAACTAGAGCACCGCT	TRUE
AMRU_CQ_CAACTAGTCAAAGTAG	AMRU_CQ	CAACTAGTCAAAGTAG	SRR11008277	277_CAACTAGTCAAAGTAG	TRUE
AMRU_CQ_CAAGAAAAGAGTACAT	AMRU_CQ	CAAGAAAAGAGTACAT	SRR11008277	277_CAAGAAAAGAGTACAT	TRUE
AMRU_CQ_CAAGAAAAGGTGATTA	AMRU_CQ	CAAGAAAAGGTGATTA	SRR11008277	277_CAAGAAAAGGTGATTA	TRUE
AMRU_CQ_CAAGAAACACACCGAC	AMRU_CQ	CAAGAAACACACCGAC	SRR11008277	277_CAAGAAACACACCGAC	TRUE
AMRU_CQ_CAAGAAAGTAGCTCCG	AMRU_CQ	CAAGAAAGTAGCTCCG	SRR11008277	277_CAAGAAAGTAGCTCCG	TRUE
AMRU_CQ_CAAGATCCACCGAAAG	AMRU_CQ	CAAGATCCACCGAAAG	SRR11008277	277_CAAGATCCACCGAAAG	TRUE
AMRU_CQ_CAAGGCCAGGCGTACA	AMRU_CQ	CAAGGCCAGGCGTACA	SRR11008277	277_CAAGGCCAGGCGTACA	TRUE
AMRU_CQ_CAAGGCCCAACAACCT	AMRU_CQ	CAAGGCCCAACAACCT	SRR11008277	277_CAAGGCCCAACAACCT	TRUE
AMRU_CQ_CAAGGCCTCCAACCAA	AMRU_CQ	CAAGGCCTCCAACCAA	SRR11008277	277_CAAGGCCTCCAACCAA	TRUE
AMRU_CQ_CAAGTTGGTACTCGCG	AMRU_CQ	CAAGTTGGTACTCGCG	SRR11008277	277_CAAGTTGGTACTCGCG	TRUE
AMRU_CQ_CAAGTTGGTCGAGTTT	AMRU_CQ	CAAGTTGGTCGAGTTT	SRR11008277	277_CAAGTTGGTCGAGTTT	TRUE
AMRU_CQ_CAAGTTGTCAATACCG	AMRU_CQ	CAAGTTGTCAATACCG	SRR11008277	277_CAAGTTGTCAATACCG	TRUE
AMRU_CQ_CAAGTTGTCCTCTAGC	AMRU_CQ	CAAGTTGTCCTCTAGC	SRR11008277	277_CAAGTTGTCCTCTAGC	TRUE
AMRU_CQ_CACAAACGTTCACCTC	AMRU_CQ	CACAAACGTTCACCTC	SRR11008277	277_CACAAACGTTCACCTC	TRUE
AMRU_CQ_CACAAACGTTGTTTGG	AMRU_CQ	CACAAACGTTGTTTGG	SRR11008277	277_CACAAACGTTGTTTGG	TRUE
AMRU_CQ_CACAAACTCTTAGAGC	AMRU_CQ	CACAAACTCTTAGAGC	SRR11008277	277_CACAAACTCTTAGAGC	TRUE
AMRU_CQ_CACACAAAGCTGCGAA	AMRU_CQ	CACACAAAGCTGCGAA	SRR11008277	277_CACACAAAGCTGCGAA	TRUE
AMRU_CQ_CACACAACATCAGTCA	AMRU_CQ	CACACAACATCAGTCA	SRR11008277	277_CACACAACATCAGTCA	TRUE
AMRU_CQ_CACACAACATGAACCT	AMRU_CQ	CACACAACATGAACCT	SRR11008277	277_CACACAACATGAACCT	TRUE
AMRU_CQ_CACACAAGTTACAGAA	AMRU_CQ	CACACAAGTTACAGAA	SRR11008277	277_CACACAAGTTACAGAA	TRUE
AMRU_CQ_CACACAATCTTGTCAT	AMRU_CQ	CACACAATCTTGTCAT	SRR11008277	277_CACACAATCTTGTCAT	TRUE
AMRU_CQ_CACACCTAGCTTTGGT	AMRU_CQ	CACACCTAGCTTTGGT	SRR11008277	277_CACACCTAGCTTTGGT	TRUE
AMRU_CQ_CACACCTCATAGTAAG	AMRU_CQ	CACACCTCATAGTAAG	SRR11008277	277_CACACCTCATAGTAAG	TRUE
AMRU_CQ_CACACTCCAGCTATTG	AMRU_CQ	CACACTCCAGCTATTG	SRR11008277	277_CACACTCCAGCTATTG	TRUE
AMRU_CQ_CACACTCTCAGAGGTG	AMRU_CQ	CACACTCTCAGAGGTG	SRR11008277	277_CACACTCTCAGAGGTG	TRUE
AMRU_CQ_CACAGGCAGATCCGAG	AMRU_CQ	CACAGGCAGATCCGAG	SRR11008277	277_CACAGGCAGATCCGAG	TRUE
AMRU_CQ_CACAGGCAGGTAAACT	AMRU_CQ	CACAGGCAGGTAAACT	SRR11008277	277_CACAGGCAGGTAAACT	TRUE
AMRU_CQ_CACAGGCCAAGCTGTT	AMRU_CQ	CACAGGCCAAGCTGTT	SRR11008277	277_CACAGGCCAAGCTGTT	TRUE
AMRU_CQ_CACAGGCGTCTCATCC	AMRU_CQ	CACAGGCGTCTCATCC	SRR11008277	277_CACAGGCGTCTCATCC	TRUE
AMRU_CQ_CACAGTACATCCCACT	AMRU_CQ	CACAGTACATCCCACT	SRR11008277	277_CACAGTACATCCCACT	TRUE
AMRU_CQ_CACATAGAGCTGCGAA	AMRU_CQ	CACATAGAGCTGCGAA	SRR11008277	277_CACATAGAGCTGCGAA	TRUE
AMRU_CQ_CACATAGAGTGTGAAT	AMRU_CQ	CACATAGAGTGTGAAT	SRR11008277	277_CACATAGAGTGTGAAT	TRUE
AMRU_CQ_CACATAGAGTTCCACA	AMRU_CQ	CACATAGAGTTCCACA	SRR11008277	277_CACATAGAGTTCCACA	TRUE
AMRU_CQ_CACATAGCAAGTTAAG	AMRU_CQ	CACATAGCAAGTTAAG	SRR11008277	277_CACATAGCAAGTTAAG	TRUE
AMRU_CQ_CACATAGGTAACGACG	AMRU_CQ	CACATAGGTAACGACG	SRR11008277	277_CACATAGGTAACGACG	TRUE
AMRU_CQ_CACATAGTCAACACCA	AMRU_CQ	CACATAGTCAACACCA	SRR11008277	277_CACATAGTCAACACCA	TRUE
AMRU_CQ_CACATAGTCGCCTGAG	AMRU_CQ	CACATAGTCGCCTGAG	SRR11008277	277_CACATAGTCGCCTGAG	TRUE
AMRU_CQ_CACATAGTCTAACCGA	AMRU_CQ	CACATAGTCTAACCGA	SRR11008277	277_CACATAGTCTAACCGA	TRUE
AMRU_CQ_CACATTTCACCAGTTA	AMRU_CQ	CACATTTCACCAGTTA	SRR11008277	277_CACATTTCACCAGTTA	TRUE
AMRU_CQ_CACATTTCAGCCTATA	AMRU_CQ	CACATTTCAGCCTATA	SRR11008277	277_CACATTTCAGCCTATA	TRUE
AMRU_CQ_CACATTTGTCATCCCT	AMRU_CQ	CACATTTGTCATCCCT	SRR11008277	277_CACATTTGTCATCCCT	TRUE
AMRU_CQ_CACCACTAGACTGTAA	AMRU_CQ	CACCACTAGACTGTAA	SRR11008277	277_CACCACTAGACTGTAA	TRUE
AMRU_CQ_CACCACTTCCGATATG	AMRU_CQ	CACCACTTCCGATATG	SRR11008277	277_CACCACTTCCGATATG	TRUE
AMRU_CQ_CACCACTTCTGCTGTC	AMRU_CQ	CACCACTTCTGCTGTC	SRR11008277	277_CACCACTTCTGCTGTC	TRUE
AMRU_CQ_CACCAGGAGCTACCGC	AMRU_CQ	CACCAGGAGCTACCGC	SRR11008277	277_CACCAGGAGCTACCGC	TRUE
AMRU_CQ_CACCAGGCACGCCAGT	AMRU_CQ	CACCAGGCACGCCAGT	SRR11008277	277_CACCAGGCACGCCAGT	TRUE
AMRU_CQ_CACCAGGGTAAACGCG	AMRU_CQ	CACCAGGGTAAACGCG	SRR11008277	277_CACCAGGGTAAACGCG	TRUE
AMRU_CQ_CACCAGGGTCGATTGT	AMRU_CQ	CACCAGGGTCGATTGT	SRR11008277	277_CACCAGGGTCGATTGT	TRUE
AMRU_CQ_CACCTTGAGGTAGCCA	AMRU_CQ	CACCTTGAGGTAGCCA	SRR11008277	277_CACCTTGAGGTAGCCA	TRUE
AMRU_CQ_CACCTTGCATTTGCTT	AMRU_CQ	CACCTTGCATTTGCTT	SRR11008277	277_CACCTTGCATTTGCTT	TRUE
AMRU_CQ_CACCTTGGTACGCACC	AMRU_CQ	CACCTTGGTACGCACC	SRR11008277	277_CACCTTGGTACGCACC	TRUE
AMRU_CQ_CACCTTGGTTCGGGCT	AMRU_CQ	CACCTTGGTTCGGGCT	SRR11008277	277_CACCTTGGTTCGGGCT	TRUE
AMRU_CQ_CACTCCAAGCGAAGGG	AMRU_CQ	CACTCCAAGCGAAGGG	SRR11008277	277_CACTCCAAGCGAAGGG	TRUE
AMRU_CQ_CACTCCAAGTGCGTGA	AMRU_CQ	CACTCCAAGTGCGTGA	SRR11008277	277_CACTCCAAGTGCGTGA	TRUE
AMRU_CQ_CACTCCATCACATACG	AMRU_CQ	CACTCCATCACATACG	SRR11008277	277_CACTCCATCACATACG	TRUE
AMRU_CQ_CAGAATCAGCTAGTTC	AMRU_CQ	CAGAATCAGCTAGTTC	SRR11008277	277_CAGAATCAGCTAGTTC	TRUE
AMRU_CQ_CAGAATCGTCATATGC	AMRU_CQ	CAGAATCGTCATATGC	SRR11008277	277_CAGAATCGTCATATGC	TRUE
AMRU_CQ_CAGAATCGTTAAGTAG	AMRU_CQ	CAGAATCGTTAAGTAG	SRR11008277	277_CAGAATCGTTAAGTAG	TRUE
AMRU_CQ_CAGAATCTCATACGGT	AMRU_CQ	CAGAATCTCATACGGT	SRR11008277	277_CAGAATCTCATACGGT	TRUE
AMRU_CQ_CAGAGAGCAAATCCGT	AMRU_CQ	CAGAGAGCAAATCCGT	SRR11008277	277_CAGAGAGCAAATCCGT	TRUE
AMRU_CQ_CAGAGAGCAGAGTGTG	AMRU_CQ	CAGAGAGCAGAGTGTG	SRR11008277	277_CAGAGAGCAGAGTGTG	TRUE
AMRU_CQ_CAGAGAGCATATACGC	AMRU_CQ	CAGAGAGCATATACGC	SRR11008277	277_CAGAGAGCATATACGC	TRUE
AMRU_CQ_CAGAGAGGTAAGGATT	AMRU_CQ	CAGAGAGGTAAGGATT	SRR11008277	277_CAGAGAGGTAAGGATT	TRUE
AMRU_CQ_CAGAGAGGTACCGTTA	AMRU_CQ	CAGAGAGGTACCGTTA	SRR11008277	277_CAGAGAGGTACCGTTA	TRUE
AMRU_CQ_CAGATCAAGCGCCTCA	AMRU_CQ	CAGATCAAGCGCCTCA	SRR11008277	277_CAGATCAAGCGCCTCA	TRUE
AMRU_CQ_CAGATCACAATCTACG	AMRU_CQ	CAGATCACAATCTACG	SRR11008277	277_CAGATCACAATCTACG	TRUE
AMRU_CQ_CAGATCACATCATCCC	AMRU_CQ	CAGATCACATCATCCC	SRR11008277	277_CAGATCACATCATCCC	TRUE
AMRU_CQ_CAGATCACATCGGACC	AMRU_CQ	CAGATCACATCGGACC	SRR11008277	277_CAGATCACATCGGACC	TRUE
AMRU_CQ_CAGATCAGTTGACGTT	AMRU_CQ	CAGATCAGTTGACGTT	SRR11008277	277_CAGATCAGTTGACGTT	TRUE
AMRU_CQ_CAGATCATCTTAGAGC	AMRU_CQ	CAGATCATCTTAGAGC	SRR11008277	277_CAGATCATCTTAGAGC	TRUE
AMRU_CQ_CAGCATACACCTTGTC	AMRU_CQ	CAGCATACACCTTGTC	SRR11008277	277_CAGCATACACCTTGTC	TRUE
AMRU_CQ_CAGCATACAGCTATTG	AMRU_CQ	CAGCATACAGCTATTG	SRR11008277	277_CAGCATACAGCTATTG	TRUE
AMRU_CQ_CAGCATATCATTATCC	AMRU_CQ	CAGCATATCATTATCC	SRR11008277	277_CAGCATATCATTATCC	TRUE
AMRU_CQ_CAGCCGACATTACGAC	AMRU_CQ	CAGCCGACATTACGAC	SRR11008277	277_CAGCCGACATTACGAC	TRUE
AMRU_CQ_CAGCCGAGTGGCGAAT	AMRU_CQ	CAGCCGAGTGGCGAAT	SRR11008277	277_CAGCCGAGTGGCGAAT	TRUE
AMRU_CQ_CAGCCGATCTCGGACG	AMRU_CQ	CAGCCGATCTCGGACG	SRR11008277	277_CAGCCGATCTCGGACG	TRUE
AMRU_CQ_CAGCGACAGAAACCTA	AMRU_CQ	CAGCGACAGAAACCTA	SRR11008277	277_CAGCGACAGAAACCTA	TRUE
AMRU_CQ_CAGCGACGTACACCGC	AMRU_CQ	CAGCGACGTACACCGC	SRR11008277	277_CAGCGACGTACACCGC	TRUE
AMRU_CQ_CAGCGACGTTATTCTC	AMRU_CQ	CAGCGACGTTATTCTC	SRR11008277	277_CAGCGACGTTATTCTC	TRUE
AMRU_CQ_CAGCGACTCACGATGT	AMRU_CQ	CAGCGACTCACGATGT	SRR11008277	277_CAGCGACTCACGATGT	TRUE
AMRU_CQ_CAGCTAAAGATCTGAA	AMRU_CQ	CAGCTAAAGATCTGAA	SRR11008277	277_CAGCTAAAGATCTGAA	TRUE
AMRU_CQ_CAGCTAAAGGATGTAT	AMRU_CQ	CAGCTAAAGGATGTAT	SRR11008277	277_CAGCTAAAGGATGTAT	TRUE
AMRU_CQ_CAGCTAAGTGAGGCTA	AMRU_CQ	CAGCTAAGTGAGGCTA	SRR11008277	277_CAGCTAAGTGAGGCTA	TRUE
AMRU_CQ_CAGCTAATCGCGTTTC	AMRU_CQ	CAGCTAATCGCGTTTC	SRR11008277	277_CAGCTAATCGCGTTTC	TRUE
AMRU_CQ_CAGCTGGAGGTGCACA	AMRU_CQ	CAGCTGGAGGTGCACA	SRR11008277	277_CAGCTGGAGGTGCACA	TRUE
AMRU_CQ_CAGCTGGCAGATTGCT	AMRU_CQ	CAGCTGGCAGATTGCT	SRR11008277	277_CAGCTGGCAGATTGCT	TRUE
AMRU_CQ_CAGCTGGTCACCACCT	AMRU_CQ	CAGCTGGTCACCACCT	SRR11008277	277_CAGCTGGTCACCACCT	TRUE
AMRU_CQ_CAGCTGGTCCAGTAGT	AMRU_CQ	CAGCTGGTCCAGTAGT	SRR11008277	277_CAGCTGGTCCAGTAGT	TRUE
AMRU_CQ_CAGCTGGTCCGTAGTA	AMRU_CQ	CAGCTGGTCCGTAGTA	SRR11008277	277_CAGCTGGTCCGTAGTA	TRUE
AMRU_CQ_CAGGTGCAGCCACGTC	AMRU_CQ	CAGGTGCAGCCACGTC	SRR11008277	277_CAGGTGCAGCCACGTC	TRUE
AMRU_CQ_CAGGTGCAGTCCGGTC	AMRU_CQ	CAGGTGCAGTCCGGTC	SRR11008277	277_CAGGTGCAGTCCGGTC	TRUE
AMRU_CQ_CAGGTGCGTTCAGGCC	AMRU_CQ	CAGGTGCGTTCAGGCC	SRR11008277	277_CAGGTGCGTTCAGGCC	TRUE
AMRU_CQ_CAGGTGCTCCAGTATG	AMRU_CQ	CAGGTGCTCCAGTATG	SRR11008277	277_CAGGTGCTCCAGTATG	TRUE
AMRU_CQ_CAGGTGCTCGGCGCAT	AMRU_CQ	CAGGTGCTCGGCGCAT	SRR11008277	277_CAGGTGCTCGGCGCAT	TRUE
AMRU_CQ_CAGTAACAGGCTCTTA	AMRU_CQ	CAGTAACAGGCTCTTA	SRR11008277	277_CAGTAACAGGCTCTTA	TRUE
AMRU_CQ_CAGTAACAGTGGCACA	AMRU_CQ	CAGTAACAGTGGCACA	SRR11008277	277_CAGTAACAGTGGCACA	TRUE
AMRU_CQ_CAGTAACTCACTATTC	AMRU_CQ	CAGTAACTCACTATTC	SRR11008277	277_CAGTAACTCACTATTC	TRUE
AMRU_CQ_CAGTAACTCGACAGCC	AMRU_CQ	CAGTAACTCGACAGCC	SRR11008277	277_CAGTAACTCGACAGCC	TRUE
AMRU_CQ_CAGTAACTCTACTTAC	AMRU_CQ	CAGTAACTCTACTTAC	SRR11008277	277_CAGTAACTCTACTTAC	TRUE
AMRU_CQ_CAGTAACTCTCTGAGA	AMRU_CQ	CAGTAACTCTCTGAGA	SRR11008277	277_CAGTAACTCTCTGAGA	TRUE
AMRU_CQ_CAGTCCTAGACTAGAT	AMRU_CQ	CAGTCCTAGACTAGAT	SRR11008277	277_CAGTCCTAGACTAGAT	TRUE
AMRU_CQ_CAGTCCTGTACGAAAT	AMRU_CQ	CAGTCCTGTACGAAAT	SRR11008277	277_CAGTCCTGTACGAAAT	TRUE
AMRU_CQ_CATATGGAGAGTACAT	AMRU_CQ	CATATGGAGAGTACAT	SRR11008277	277_CATATGGAGAGTACAT	TRUE
AMRU_CQ_CATATGGAGTGGAGAA	AMRU_CQ	CATATGGAGTGGAGAA	SRR11008277	277_CATATGGAGTGGAGAA	TRUE
AMRU_CQ_CATATGGCAGAGTGTG	AMRU_CQ	CATATGGCAGAGTGTG	SRR11008277	277_CATATGGCAGAGTGTG	TRUE
AMRU_CQ_CATATGGCAGTTCCCT	AMRU_CQ	CATATGGCAGTTCCCT	SRR11008277	277_CATATGGCAGTTCCCT	TRUE
AMRU_CQ_CATATGGTCAGCACAT	AMRU_CQ	CATATGGTCAGCACAT	SRR11008277	277_CATATGGTCAGCACAT	TRUE
AMRU_CQ_CATATGGTCAGTGTTG	AMRU_CQ	CATATGGTCAGTGTTG	SRR11008277	277_CATATGGTCAGTGTTG	TRUE
AMRU_CQ_CATATGGTCGGATGTT	AMRU_CQ	CATATGGTCGGATGTT	SRR11008277	277_CATATGGTCGGATGTT	TRUE
AMRU_CQ_CATATTCAGATATGGT	AMRU_CQ	CATATTCAGATATGGT	SRR11008277	277_CATATTCAGATATGGT	TRUE
AMRU_CQ_CATATTCAGCGCTTAT	AMRU_CQ	CATATTCAGCGCTTAT	SRR11008277	277_CATATTCAGCGCTTAT	TRUE
AMRU_CQ_CATATTCGTTCATGGT	AMRU_CQ	CATATTCGTTCATGGT	SRR11008277	277_CATATTCGTTCATGGT	TRUE
AMRU_CQ_CATATTCTCCTTTACA	AMRU_CQ	CATATTCTCCTTTACA	SRR11008277	277_CATATTCTCCTTTACA	TRUE
AMRU_CQ_CATCAAGGTACTTGAC	AMRU_CQ	CATCAAGGTACTTGAC	SRR11008277	277_CATCAAGGTACTTGAC	TRUE
AMRU_CQ_CATCAGATCAAACAAG	AMRU_CQ	CATCAGATCAAACAAG	SRR11008277	277_CATCAGATCAAACAAG	TRUE
AMRU_CQ_CATCAGATCACCCTCA	AMRU_CQ	CATCAGATCACCCTCA	SRR11008277	277_CATCAGATCACCCTCA	TRUE
AMRU_CQ_CATCCACAGAGCCCAA	AMRU_CQ	CATCCACAGAGCCCAA	SRR11008277	277_CATCCACAGAGCCCAA	TRUE
AMRU_CQ_CATCCACCAGTACACT	AMRU_CQ	CATCCACCAGTACACT	SRR11008277	277_CATCCACCAGTACACT	TRUE
AMRU_CQ_CATCCACTCATGCATG	AMRU_CQ	CATCCACTCATGCATG	SRR11008277	277_CATCCACTCATGCATG	TRUE
AMRU_CQ_CATCGAAAGAAACCAT	AMRU_CQ	CATCGAAAGAAACCAT	SRR11008277	277_CATCGAAAGAAACCAT	TRUE
AMRU_CQ_CATCGAACAGCTGTTA	AMRU_CQ	CATCGAACAGCTGTTA	SRR11008277	277_CATCGAACAGCTGTTA	TRUE
AMRU_CQ_CATCGAAGTGATAAAC	AMRU_CQ	CATCGAAGTGATAAAC	SRR11008277	277_CATCGAAGTGATAAAC	TRUE
AMRU_CQ_CATCGGGTCAGCACAT	AMRU_CQ	CATCGGGTCAGCACAT	SRR11008277	277_CATCGGGTCAGCACAT	TRUE
AMRU_CQ_CATGACACAGTCAGCC	AMRU_CQ	CATGACACAGTCAGCC	SRR11008277	277_CATGACACAGTCAGCC	TRUE
AMRU_CQ_CATGACAGTTGTTTGG	AMRU_CQ	CATGACAGTTGTTTGG	SRR11008277	277_CATGACAGTTGTTTGG	TRUE
AMRU_CQ_CATGCCTAGATAGCAT	AMRU_CQ	CATGCCTAGATAGCAT	SRR11008277	277_CATGCCTAGATAGCAT	TRUE
AMRU_CQ_CATGCCTCACAGAGGT	AMRU_CQ	CATGCCTCACAGAGGT	SRR11008277	277_CATGCCTCACAGAGGT	TRUE
AMRU_CQ_CATGCCTCACCGATAT	AMRU_CQ	CATGCCTCACCGATAT	SRR11008277	277_CATGCCTCACCGATAT	TRUE
AMRU_CQ_CATGCCTGTGACAAAT	AMRU_CQ	CATGCCTGTGACAAAT	SRR11008277	277_CATGCCTGTGACAAAT	TRUE
AMRU_CQ_CATGGCGAGCACAGGT	AMRU_CQ	CATGGCGAGCACAGGT	SRR11008277	277_CATGGCGAGCACAGGT	TRUE
AMRU_CQ_CATGGCGCACGAAGCA	AMRU_CQ	CATGGCGCACGAAGCA	SRR11008277	277_CATGGCGCACGAAGCA	TRUE
AMRU_CQ_CATGGCGTCGTAGATC	AMRU_CQ	CATGGCGTCGTAGATC	SRR11008277	277_CATGGCGTCGTAGATC	TRUE
AMRU_CQ_CATTATCCACTTCTGC	AMRU_CQ	CATTATCCACTTCTGC	SRR11008277	277_CATTATCCACTTCTGC	TRUE
AMRU_CQ_CATTATCCATCGACGC	AMRU_CQ	CATTATCCATCGACGC	SRR11008277	277_CATTATCCATCGACGC	TRUE
AMRU_CQ_CATTCGCAGAGCTGGT	AMRU_CQ	CATTCGCAGAGCTGGT	SRR11008277	277_CATTCGCAGAGCTGGT	TRUE
AMRU_CQ_CATTCGCAGCAGACTG	AMRU_CQ	CATTCGCAGCAGACTG	SRR11008277	277_CATTCGCAGCAGACTG	TRUE
AMRU_CQ_CATTCGCAGCCACGTC	AMRU_CQ	CATTCGCAGCCACGTC	SRR11008277	277_CATTCGCAGCCACGTC	TRUE
AMRU_CQ_CATTCGCAGGATTCGG	AMRU_CQ	CATTCGCAGGATTCGG	SRR11008277	277_CATTCGCAGGATTCGG	TRUE
AMRU_CQ_CATTCGCAGTTTGCGT	AMRU_CQ	CATTCGCAGTTTGCGT	SRR11008277	277_CATTCGCAGTTTGCGT	TRUE
AMRU_CQ_CATTCGCCAATCAGAA	AMRU_CQ	CATTCGCCAATCAGAA	SRR11008277	277_CATTCGCCAATCAGAA	TRUE
AMRU_CQ_CATTCGCCAGGCTCAC	AMRU_CQ	CATTCGCCAGGCTCAC	SRR11008277	277_CATTCGCCAGGCTCAC	TRUE
AMRU_CQ_CATTCGCCATGGAATA	AMRU_CQ	CATTCGCCATGGAATA	SRR11008277	277_CATTCGCCATGGAATA	TRUE
AMRU_CQ_CATTCGCGTCACACGC	AMRU_CQ	CATTCGCGTCACACGC	SRR11008277	277_CATTCGCGTCACACGC	TRUE
AMRU_CQ_CATTCGCGTCCAGTAT	AMRU_CQ	CATTCGCGTCCAGTAT	SRR11008277	277_CATTCGCGTCCAGTAT	TRUE
AMRU_CQ_CATTCGCTCTTCCTTC	AMRU_CQ	CATTCGCTCTTCCTTC	SRR11008277	277_CATTCGCTCTTCCTTC	TRUE
AMRU_CQ_CCAATCCCAACACCCG	AMRU_CQ	CCAATCCCAACACCCG	SRR11008277	277_CCAATCCCAACACCCG	TRUE
AMRU_CQ_CCAATCCCACCACCAG	AMRU_CQ	CCAATCCCACCACCAG	SRR11008277	277_CCAATCCCACCACCAG	TRUE
AMRU_CQ_CCAATCCGTAAGGGAA	AMRU_CQ	CCAATCCGTAAGGGAA	SRR11008277	277_CCAATCCGTAAGGGAA	TRUE
AMRU_CQ_CCAATCCGTCACTTCC	AMRU_CQ	CCAATCCGTCACTTCC	SRR11008277	277_CCAATCCGTCACTTCC	TRUE
AMRU_CQ_CCACCTACACTAAGTC	AMRU_CQ	CCACCTACACTAAGTC	SRR11008277	277_CCACCTACACTAAGTC	TRUE
AMRU_CQ_CCACCTAGTCACACGC	AMRU_CQ	CCACCTAGTCACACGC	SRR11008277	277_CCACCTAGTCACACGC	TRUE
AMRU_CQ_CCACCTATCCCACTTG	AMRU_CQ	CCACCTATCCCACTTG	SRR11008277	277_CCACCTATCCCACTTG	TRUE
AMRU_CQ_CCACGGAAGACACGAC	AMRU_CQ	CCACGGAAGACACGAC	SRR11008277	277_CCACGGAAGACACGAC	TRUE
AMRU_CQ_CCACGGAAGGCCCGTT	AMRU_CQ	CCACGGAAGGCCCGTT	SRR11008277	277_CCACGGAAGGCCCGTT	TRUE
AMRU_CQ_CCACGGACACGAAAGC	AMRU_CQ	CCACGGACACGAAAGC	SRR11008277	277_CCACGGACACGAAAGC	TRUE
AMRU_CQ_CCACGGACAGGGTTAG	AMRU_CQ	CCACGGACAGGGTTAG	SRR11008277	277_CCACGGACAGGGTTAG	TRUE
AMRU_CQ_CCACGGATCACCTCGT	AMRU_CQ	CCACGGATCACCTCGT	SRR11008277	277_CCACGGATCACCTCGT	TRUE
AMRU_CQ_CCACGGATCTTTACAC	AMRU_CQ	CCACGGATCTTTACAC	SRR11008277	277_CCACGGATCTTTACAC	TRUE
AMRU_CQ_CCACTACGTTTGCATG	AMRU_CQ	CCACTACGTTTGCATG	SRR11008277	277_CCACTACGTTTGCATG	TRUE
AMRU_CQ_CCACTACTCAAACCGT	AMRU_CQ	CCACTACTCAAACCGT	SRR11008277	277_CCACTACTCAAACCGT	TRUE
AMRU_CQ_CCAGCGAAGCCCAGCT	AMRU_CQ	CCAGCGAAGCCCAGCT	SRR11008277	277_CCAGCGAAGCCCAGCT	TRUE
AMRU_CQ_CCAGCGACAATACGCT	AMRU_CQ	CCAGCGACAATACGCT	SRR11008277	277_CCAGCGACAATACGCT	TRUE
AMRU_CQ_CCAGCGACACATAACC	AMRU_CQ	CCAGCGACACATAACC	SRR11008277	277_CCAGCGACACATAACC	TRUE
AMRU_CQ_CCAGCGACATGTCTCC	AMRU_CQ	CCAGCGACATGTCTCC	SRR11008277	277_CCAGCGACATGTCTCC	TRUE
AMRU_CQ_CCAGCGAGTAAACACA	AMRU_CQ	CCAGCGAGTAAACACA	SRR11008277	277_CCAGCGAGTAAACACA	TRUE
AMRU_CQ_CCATGTCCATCCTAGA	AMRU_CQ	CCATGTCCATCCTAGA	SRR11008277	277_CCATGTCCATCCTAGA	TRUE
AMRU_CQ_CCATGTCGTACATGTC	AMRU_CQ	CCATGTCGTACATGTC	SRR11008277	277_CCATGTCGTACATGTC	TRUE
AMRU_CQ_CCATGTCGTCATATCG	AMRU_CQ	CCATGTCGTCATATCG	SRR11008277	277_CCATGTCGTCATATCG	TRUE
AMRU_CQ_CCATGTCGTCTCACCT	AMRU_CQ	CCATGTCGTCTCACCT	SRR11008277	277_CCATGTCGTCTCACCT	TRUE
AMRU_CQ_CCATTCGAGTCAAGCG	AMRU_CQ	CCATTCGAGTCAAGCG	SRR11008277	277_CCATTCGAGTCAAGCG	TRUE
AMRU_CQ_CCATTCGAGTCCATAC	AMRU_CQ	CCATTCGAGTCCATAC	SRR11008277	277_CCATTCGAGTCCATAC	TRUE
AMRU_CQ_CCATTCGCAATGCCAT	AMRU_CQ	CCATTCGCAATGCCAT	SRR11008277	277_CCATTCGCAATGCCAT	TRUE
AMRU_CQ_CCCAATCAGAAGGCCT	AMRU_CQ	CCCAATCAGAAGGCCT	SRR11008277	277_CCCAATCAGAAGGCCT	TRUE
AMRU_CQ_CCCAATCAGAGTACAT	AMRU_CQ	CCCAATCAGAGTACAT	SRR11008277	277_CCCAATCAGAGTACAT	TRUE
AMRU_CQ_CCCAATCAGATGTAAC	AMRU_CQ	CCCAATCAGATGTAAC	SRR11008277	277_CCCAATCAGATGTAAC	TRUE
AMRU_CQ_CCCAATCGTTCCATGA	AMRU_CQ	CCCAATCGTTCCATGA	SRR11008277	277_CCCAATCGTTCCATGA	TRUE
AMRU_CQ_CCCAATCGTTCGAATC	AMRU_CQ	CCCAATCGTTCGAATC	SRR11008277	277_CCCAATCGTTCGAATC	TRUE
AMRU_CQ_CCCAATCGTTTACTCT	AMRU_CQ	CCCAATCGTTTACTCT	SRR11008277	277_CCCAATCGTTTACTCT	TRUE
AMRU_CQ_CCCAGTTAGAGGTACC	AMRU_CQ	CCCAGTTAGAGGTACC	SRR11008277	277_CCCAGTTAGAGGTACC	TRUE
AMRU_CQ_CCCAGTTCAAGTACCT	AMRU_CQ	CCCAGTTCAAGTACCT	SRR11008277	277_CCCAGTTCAAGTACCT	TRUE
AMRU_CQ_CCCAGTTGTCACACGC	AMRU_CQ	CCCAGTTGTCACACGC	SRR11008277	277_CCCAGTTGTCACACGC	TRUE
AMRU_CQ_CCCAGTTGTTGCTCCT	AMRU_CQ	CCCAGTTGTTGCTCCT	SRR11008277	277_CCCAGTTGTTGCTCCT	TRUE
AMRU_CQ_CCCAGTTTCTTCAACT	AMRU_CQ	CCCAGTTTCTTCAACT	SRR11008277	277_CCCAGTTTCTTCAACT	TRUE
AMRU_CQ_CCCATACCAAGCTGTT	AMRU_CQ	CCCATACCAAGCTGTT	SRR11008277	277_CCCATACCAAGCTGTT	TRUE
AMRU_CQ_CCCATACTCCGTTGCT	AMRU_CQ	CCCATACTCCGTTGCT	SRR11008277	277_CCCATACTCCGTTGCT	TRUE
AMRU_CQ_CCCTCCTAGTGCCATT	AMRU_CQ	CCCTCCTAGTGCCATT	SRR11008277	277_CCCTCCTAGTGCCATT	TRUE
AMRU_CQ_CCCTCCTCACTAAGTC	AMRU_CQ	CCCTCCTCACTAAGTC	SRR11008277	277_CCCTCCTCACTAAGTC	TRUE
AMRU_CQ_CCCTCCTCATGTTCCC	AMRU_CQ	CCCTCCTCATGTTCCC	SRR11008277	277_CCCTCCTCATGTTCCC	TRUE
AMRU_CQ_CCCTCCTGTACCGTAT	AMRU_CQ	CCCTCCTGTACCGTAT	SRR11008277	277_CCCTCCTGTACCGTAT	TRUE
AMRU_CQ_CCCTCCTTCCTAGTGA	AMRU_CQ	CCCTCCTTCCTAGTGA	SRR11008277	277_CCCTCCTTCCTAGTGA	TRUE
AMRU_CQ_CCGGGATAGCCGCCTA	AMRU_CQ	CCGGGATAGCCGCCTA	SRR11008277	277_CCGGGATAGCCGCCTA	TRUE
AMRU_CQ_CCGGGATTCAACCATG	AMRU_CQ	CCGGGATTCAACCATG	SRR11008277	277_CCGGGATTCAACCATG	TRUE
AMRU_CQ_CCGGTAGCAATCTACG	AMRU_CQ	CCGGTAGCAATCTACG	SRR11008277	277_CCGGTAGCAATCTACG	TRUE
AMRU_CQ_CCGGTAGCATCGATTG	AMRU_CQ	CCGGTAGCATCGATTG	SRR11008277	277_CCGGTAGCATCGATTG	TRUE
AMRU_CQ_CCGTGGAAGGACCACA	AMRU_CQ	CCGTGGAAGGACCACA	SRR11008277	277_CCGTGGAAGGACCACA	TRUE
AMRU_CQ_CCGTGGACAAAGTCAA	AMRU_CQ	CCGTGGACAAAGTCAA	SRR11008277	277_CCGTGGACAAAGTCAA	TRUE
AMRU_CQ_CCGTGGACATGGTCTA	AMRU_CQ	CCGTGGACATGGTCTA	SRR11008277	277_CCGTGGACATGGTCTA	TRUE
AMRU_CQ_CCGTGGAGTGATGCCC	AMRU_CQ	CCGTGGAGTGATGCCC	SRR11008277	277_CCGTGGAGTGATGCCC	TRUE
AMRU_CQ_CCGTGGATCGCGTAGC	AMRU_CQ	CCGTGGATCGCGTAGC	SRR11008277	277_CCGTGGATCGCGTAGC	TRUE
AMRU_CQ_CCGTTCAAGGGAAACA	AMRU_CQ	CCGTTCAAGGGAAACA	SRR11008277	277_CCGTTCAAGGGAAACA	TRUE
AMRU_CQ_CCGTTCACATACAGCT	AMRU_CQ	CCGTTCACATACAGCT	SRR11008277	277_CCGTTCACATACAGCT	TRUE
AMRU_CQ_CCTAAAGGTCCCTTGT	AMRU_CQ	CCTAAAGGTCCCTTGT	SRR11008277	277_CCTAAAGGTCCCTTGT	TRUE
AMRU_CQ_CCTAAAGTCGGAGCAA	AMRU_CQ	CCTAAAGTCGGAGCAA	SRR11008277	277_CCTAAAGTCGGAGCAA	TRUE
AMRU_CQ_CCTACACAGACGACGT	AMRU_CQ	CCTACACAGACGACGT	SRR11008277	277_CCTACACAGACGACGT	TRUE
AMRU_CQ_CCTACACAGACTAAGT	AMRU_CQ	CCTACACAGACTAAGT	SRR11008277	277_CCTACACAGACTAAGT	TRUE
AMRU_CQ_CCTACACAGCCCAATT	AMRU_CQ	CCTACACAGCCCAATT	SRR11008277	277_CCTACACAGCCCAATT	TRUE
AMRU_CQ_CCTACCAAGACTTTCG	AMRU_CQ	CCTACCAAGACTTTCG	SRR11008277	277_CCTACCAAGACTTTCG	TRUE
AMRU_CQ_CCTACCAAGCGTTTAC	AMRU_CQ	CCTACCAAGCGTTTAC	SRR11008277	277_CCTACCAAGCGTTTAC	TRUE
AMRU_CQ_CCTACCAAGGTACTCT	AMRU_CQ	CCTACCAAGGTACTCT	SRR11008277	277_CCTACCAAGGTACTCT	TRUE
AMRU_CQ_CCTACCAAGTGGACGT	AMRU_CQ	CCTACCAAGTGGACGT	SRR11008277	277_CCTACCAAGTGGACGT	TRUE
AMRU_CQ_CCTACCACAACCGCCA	AMRU_CQ	CCTACCACAACCGCCA	SRR11008277	277_CCTACCACAACCGCCA	TRUE
AMRU_CQ_CCTACCACACGACGAA	AMRU_CQ	CCTACCACACGACGAA	SRR11008277	277_CCTACCACACGACGAA	TRUE
AMRU_CQ_CCTACCACAGCTCGCA	AMRU_CQ	CCTACCACAGCTCGCA	SRR11008277	277_CCTACCACAGCTCGCA	TRUE
AMRU_CQ_CCTACCAGTTCGTGAT	AMRU_CQ	CCTACCAGTTCGTGAT	SRR11008277	277_CCTACCAGTTCGTGAT	TRUE
AMRU_CQ_CCTACCATCTATCCCG	AMRU_CQ	CCTACCATCTATCCCG	SRR11008277	277_CCTACCATCTATCCCG	TRUE
AMRU_CQ_CCTAGCTGTAAGGATT	AMRU_CQ	CCTAGCTGTAAGGATT	SRR11008277	277_CCTAGCTGTAAGGATT	TRUE
AMRU_CQ_CCTAGCTGTATAATGG	AMRU_CQ	CCTAGCTGTATAATGG	SRR11008277	277_CCTAGCTGTATAATGG	TRUE
AMRU_CQ_CCTATTAAGATAGCAT	AMRU_CQ	CCTATTAAGATAGCAT	SRR11008277	277_CCTATTAAGATAGCAT	TRUE
AMRU_CQ_CCTATTAAGATGGCGT	AMRU_CQ	CCTATTAAGATGGCGT	SRR11008277	277_CCTATTAAGATGGCGT	TRUE
AMRU_CQ_CCTATTAAGCTACCTA	AMRU_CQ	CCTATTAAGCTACCTA	SRR11008277	277_CCTATTAAGCTACCTA	TRUE
AMRU_CQ_CCTATTACAATCGAAA	AMRU_CQ	CCTATTACAATCGAAA	SRR11008277	277_CCTATTACAATCGAAA	TRUE
AMRU_CQ_CCTATTAGTAGTGAAT	AMRU_CQ	CCTATTAGTAGTGAAT	SRR11008277	277_CCTATTAGTAGTGAAT	TRUE
AMRU_CQ_CCTATTAGTGAAGGCT	AMRU_CQ	CCTATTAGTGAAGGCT	SRR11008277	277_CCTATTAGTGAAGGCT	TRUE
AMRU_CQ_CCTATTATCAATAAGG	AMRU_CQ	CCTATTATCAATAAGG	SRR11008277	277_CCTATTATCAATAAGG	TRUE
AMRU_CQ_CCTCAGTCACAAGCCC	AMRU_CQ	CCTCAGTCACAAGCCC	SRR11008277	277_CCTCAGTCACAAGCCC	TRUE
AMRU_CQ_CCTCAGTCACGGTTTA	AMRU_CQ	CCTCAGTCACGGTTTA	SRR11008277	277_CCTCAGTCACGGTTTA	TRUE
AMRU_CQ_CCTCAGTCATCTGGTA	AMRU_CQ	CCTCAGTCATCTGGTA	SRR11008277	277_CCTCAGTCATCTGGTA	TRUE
AMRU_CQ_CCTCAGTCATTGAGCT	AMRU_CQ	CCTCAGTCATTGAGCT	SRR11008277	277_CCTCAGTCATTGAGCT	TRUE
AMRU_CQ_CCTCAGTGTCCCTACT	AMRU_CQ	CCTCAGTGTCCCTACT	SRR11008277	277_CCTCAGTGTCCCTACT	TRUE
AMRU_CQ_CCTCAGTGTGAGGGTT	AMRU_CQ	CCTCAGTGTGAGGGTT	SRR11008277	277_CCTCAGTGTGAGGGTT	TRUE
AMRU_CQ_CCTCAGTGTTGGAGGT	AMRU_CQ	CCTCAGTGTTGGAGGT	SRR11008277	277_CCTCAGTGTTGGAGGT	TRUE
AMRU_CQ_CCTCTGAGTTACTGAC	AMRU_CQ	CCTCTGAGTTACTGAC	SRR11008277	277_CCTCTGAGTTACTGAC	TRUE
AMRU_CQ_CCTTACGCACGAGGTA	AMRU_CQ	CCTTACGCACGAGGTA	SRR11008277	277_CCTTACGCACGAGGTA	TRUE
AMRU_CQ_CCTTACGTCCATTCTA	AMRU_CQ	CCTTACGTCCATTCTA	SRR11008277	277_CCTTACGTCCATTCTA	TRUE
AMRU_CQ_CCTTACGTCGGAGCAA	AMRU_CQ	CCTTACGTCGGAGCAA	SRR11008277	277_CCTTACGTCGGAGCAA	TRUE
AMRU_CQ_CCTTCCCAGGACAGCT	AMRU_CQ	CCTTCCCAGGACAGCT	SRR11008277	277_CCTTCCCAGGACAGCT	TRUE
AMRU_CQ_CCTTCCCCACAGGCCT	AMRU_CQ	CCTTCCCCACAGGCCT	SRR11008277	277_CCTTCCCCACAGGCCT	TRUE
AMRU_CQ_CCTTCGAAGACAGAGA	AMRU_CQ	CCTTCGAAGACAGAGA	SRR11008277	277_CCTTCGAAGACAGAGA	TRUE
AMRU_CQ_CCTTCGAAGCCATCGC	AMRU_CQ	CCTTCGAAGCCATCGC	SRR11008277	277_CCTTCGAAGCCATCGC	TRUE
AMRU_CQ_CCTTCGACACCGGAAA	AMRU_CQ	CCTTCGACACCGGAAA	SRR11008277	277_CCTTCGACACCGGAAA	TRUE
AMRU_CQ_CCTTCGACAGGGCATA	AMRU_CQ	CCTTCGACAGGGCATA	SRR11008277	277_CCTTCGACAGGGCATA	TRUE
AMRU_CQ_CCTTTCTAGCGTAGTG	AMRU_CQ	CCTTTCTAGCGTAGTG	SRR11008277	277_CCTTTCTAGCGTAGTG	TRUE
AMRU_CQ_CCTTTCTCAGACAAAT	AMRU_CQ	CCTTTCTCAGACAAAT	SRR11008277	277_CCTTTCTCAGACAAAT	TRUE
AMRU_CQ_CCTTTCTGTAGCCTCG	AMRU_CQ	CCTTTCTGTAGCCTCG	SRR11008277	277_CCTTTCTGTAGCCTCG	TRUE
AMRU_CQ_CGAACATAGTAGGCCA	AMRU_CQ	CGAACATAGTAGGCCA	SRR11008277	277_CGAACATAGTAGGCCA	TRUE
AMRU_CQ_CGAACATCAATGTAAG	AMRU_CQ	CGAACATCAATGTAAG	SRR11008277	277_CGAACATCAATGTAAG	TRUE
AMRU_CQ_CGAACATGTATAGGGC	AMRU_CQ	CGAACATGTATAGGGC	SRR11008277	277_CGAACATGTATAGGGC	TRUE
AMRU_CQ_CGAACATGTGGAAAGA	AMRU_CQ	CGAACATGTGGAAAGA	SRR11008277	277_CGAACATGTGGAAAGA	TRUE
AMRU_CQ_CGAACATTCGCCATAA	AMRU_CQ	CGAACATTCGCCATAA	SRR11008277	277_CGAACATTCGCCATAA	TRUE
AMRU_CQ_CGAATGTAGGTACTCT	AMRU_CQ	CGAATGTAGGTACTCT	SRR11008277	277_CGAATGTAGGTACTCT	TRUE
AMRU_CQ_CGACCTTAGTCCATAC	AMRU_CQ	CGACCTTAGTCCATAC	SRR11008277	277_CGACCTTAGTCCATAC	TRUE
AMRU_CQ_CGACTTCCACCTTGTC	AMRU_CQ	CGACTTCCACCTTGTC	SRR11008277	277_CGACTTCCACCTTGTC	TRUE
AMRU_CQ_CGACTTCGTGCAGTAG	AMRU_CQ	CGACTTCGTGCAGTAG	SRR11008277	277_CGACTTCGTGCAGTAG	TRUE
AMRU_CQ_CGACTTCGTTTGGGCC	AMRU_CQ	CGACTTCGTTTGGGCC	SRR11008277	277_CGACTTCGTTTGGGCC	TRUE
AMRU_CQ_CGAGAAGAGGTAGCCA	AMRU_CQ	CGAGAAGAGGTAGCCA	SRR11008277	277_CGAGAAGAGGTAGCCA	TRUE
AMRU_CQ_CGAGAAGCAAAGGCGT	AMRU_CQ	CGAGAAGCAAAGGCGT	SRR11008277	277_CGAGAAGCAAAGGCGT	TRUE
AMRU_CQ_CGAGAAGCAAGGACTG	AMRU_CQ	CGAGAAGCAAGGACTG	SRR11008277	277_CGAGAAGCAAGGACTG	TRUE
AMRU_CQ_CGAGAAGCAGACGCAA	AMRU_CQ	CGAGAAGCAGACGCAA	SRR11008277	277_CGAGAAGCAGACGCAA	TRUE
AMRU_CQ_CGAGAAGGTGGTGTAG	AMRU_CQ	CGAGAAGGTGGTGTAG	SRR11008277	277_CGAGAAGGTGGTGTAG	TRUE
AMRU_CQ_CGAGAAGTCGTCACGG	AMRU_CQ	CGAGAAGTCGTCACGG	SRR11008277	277_CGAGAAGTCGTCACGG	TRUE
AMRU_CQ_CGAGCACAGAGGACGG	AMRU_CQ	CGAGCACAGAGGACGG	SRR11008277	277_CGAGCACAGAGGACGG	TRUE
AMRU_CQ_CGAGCACCAAGTCTGT	AMRU_CQ	CGAGCACCAAGTCTGT	SRR11008277	277_CGAGCACCAAGTCTGT	TRUE
AMRU_CQ_CGAGCACGTGTGAATA	AMRU_CQ	CGAGCACGTGTGAATA	SRR11008277	277_CGAGCACGTGTGAATA	TRUE
AMRU_CQ_CGAGCACTCCTAGGGC	AMRU_CQ	CGAGCACTCCTAGGGC	SRR11008277	277_CGAGCACTCCTAGGGC	TRUE
AMRU_CQ_CGAGCCAAGCCGTCGT	AMRU_CQ	CGAGCCAAGCCGTCGT	SRR11008277	277_CGAGCCAAGCCGTCGT	TRUE
AMRU_CQ_CGAGCCAGTATCAGTC	AMRU_CQ	CGAGCCAGTATCAGTC	SRR11008277	277_CGAGCCAGTATCAGTC	TRUE
AMRU_CQ_CGATCGGAGCAGACTG	AMRU_CQ	CGATCGGAGCAGACTG	SRR11008277	277_CGATCGGAGCAGACTG	TRUE
AMRU_CQ_CGATCGGCACATTTCT	AMRU_CQ	CGATCGGCACATTTCT	SRR11008277	277_CGATCGGCACATTTCT	TRUE
AMRU_CQ_CGATCGGGTCGCATCG	AMRU_CQ	CGATCGGGTCGCATCG	SRR11008277	277_CGATCGGGTCGCATCG	TRUE
AMRU_CQ_CGATCGGTCCGAACGC	AMRU_CQ	CGATCGGTCCGAACGC	SRR11008277	277_CGATCGGTCCGAACGC	TRUE
AMRU_CQ_CGATCGGTCCTCGCAT	AMRU_CQ	CGATCGGTCCTCGCAT	SRR11008277	277_CGATCGGTCCTCGCAT	TRUE
AMRU_CQ_CGATGGCGTAGTGAAT	AMRU_CQ	CGATGGCGTAGTGAAT	SRR11008277	277_CGATGGCGTAGTGAAT	TRUE
AMRU_CQ_CGATGGCGTCACTTCC	AMRU_CQ	CGATGGCGTCACTTCC	SRR11008277	277_CGATGGCGTCACTTCC	TRUE
AMRU_CQ_CGATGGCGTCGAGTTT	AMRU_CQ	CGATGGCGTCGAGTTT	SRR11008277	277_CGATGGCGTCGAGTTT	TRUE
AMRU_CQ_CGATGGCGTTGGTTTG	AMRU_CQ	CGATGGCGTTGGTTTG	SRR11008277	277_CGATGGCGTTGGTTTG	TRUE
AMRU_CQ_CGATGTAAGTAGTGCG	AMRU_CQ	CGATGTAAGTAGTGCG	SRR11008277	277_CGATGTAAGTAGTGCG	TRUE
AMRU_CQ_CGATGTATCCGCGTTT	AMRU_CQ	CGATGTATCCGCGTTT	SRR11008277	277_CGATGTATCCGCGTTT	TRUE
AMRU_CQ_CGATGTATCTAACTGG	AMRU_CQ	CGATGTATCTAACTGG	SRR11008277	277_CGATGTATCTAACTGG	TRUE
AMRU_CQ_CGATTGAAGCAGGCTA	AMRU_CQ	CGATTGAAGCAGGCTA	SRR11008277	277_CGATTGAAGCAGGCTA	TRUE
AMRU_CQ_CGATTGAGTATAGGTA	AMRU_CQ	CGATTGAGTATAGGTA	SRR11008277	277_CGATTGAGTATAGGTA	TRUE
AMRU_CQ_CGATTGATCAACACTG	AMRU_CQ	CGATTGATCAACACTG	SRR11008277	277_CGATTGATCAACACTG	TRUE
AMRU_CQ_CGCCAAGCACGGCGTT	AMRU_CQ	CGCCAAGCACGGCGTT	SRR11008277	277_CGCCAAGCACGGCGTT	TRUE
AMRU_CQ_CGCCAAGCACGGCTAC	AMRU_CQ	CGCCAAGCACGGCTAC	SRR11008277	277_CGCCAAGCACGGCTAC	TRUE
AMRU_CQ_CGCCAAGCACGGTAGA	AMRU_CQ	CGCCAAGCACGGTAGA	SRR11008277	277_CGCCAAGCACGGTAGA	TRUE
AMRU_CQ_CGCCAAGCAGGAATCG	AMRU_CQ	CGCCAAGCAGGAATCG	SRR11008277	277_CGCCAAGCAGGAATCG	TRUE
AMRU_CQ_CGCCAAGGTTCACCTC	AMRU_CQ	CGCCAAGGTTCACCTC	SRR11008277	277_CGCCAAGGTTCACCTC	TRUE
AMRU_CQ_CGCCAAGTCGAGAGCA	AMRU_CQ	CGCCAAGTCGAGAGCA	SRR11008277	277_CGCCAAGTCGAGAGCA	TRUE
AMRU_CQ_CGCCAAGTCTCAAACG	AMRU_CQ	CGCCAAGTCTCAAACG	SRR11008277	277_CGCCAAGTCTCAAACG	TRUE
AMRU_CQ_CGCCAAGTCTGCGTAA	AMRU_CQ	CGCCAAGTCTGCGTAA	SRR11008277	277_CGCCAAGTCTGCGTAA	TRUE
AMRU_CQ_CGCCAAGTCTTTAGTC	AMRU_CQ	CGCCAAGTCTTTAGTC	SRR11008277	277_CGCCAAGTCTTTAGTC	TRUE
AMRU_CQ_CGCGGTACATATGAGA	AMRU_CQ	CGCGGTACATATGAGA	SRR11008277	277_CGCGGTACATATGAGA	TRUE
AMRU_CQ_CGCGGTACATGGATGG	AMRU_CQ	CGCGGTACATGGATGG	SRR11008277	277_CGCGGTACATGGATGG	TRUE
AMRU_CQ_CGCGGTAGTATAGTAG	AMRU_CQ	CGCGGTAGTATAGTAG	SRR11008277	277_CGCGGTAGTATAGTAG	TRUE
AMRU_CQ_CGCGGTATCGCGGATC	AMRU_CQ	CGCGGTATCGCGGATC	SRR11008277	277_CGCGGTATCGCGGATC	TRUE
AMRU_CQ_CGCGTTTAGAGTAAGG	AMRU_CQ	CGCGTTTAGAGTAAGG	SRR11008277	277_CGCGTTTAGAGTAAGG	TRUE
AMRU_CQ_CGCGTTTCATCCTAGA	AMRU_CQ	CGCGTTTCATCCTAGA	SRR11008277	277_CGCGTTTCATCCTAGA	TRUE
AMRU_CQ_CGCGTTTGTCTGGTCG	AMRU_CQ	CGCGTTTGTCTGGTCG	SRR11008277	277_CGCGTTTGTCTGGTCG	TRUE
AMRU_CQ_CGCGTTTTCGATGAGG	AMRU_CQ	CGCGTTTTCGATGAGG	SRR11008277	277_CGCGTTTTCGATGAGG	TRUE
AMRU_CQ_CGCTATCGTCATGCCG	AMRU_CQ	CGCTATCGTCATGCCG	SRR11008277	277_CGCTATCGTCATGCCG	TRUE
AMRU_CQ_CGCTATCTCATGCAAC	AMRU_CQ	CGCTATCTCATGCAAC	SRR11008277	277_CGCTATCTCATGCAAC	TRUE
AMRU_CQ_CGCTATCTCCGCGCAA	AMRU_CQ	CGCTATCTCCGCGCAA	SRR11008277	277_CGCTATCTCCGCGCAA	TRUE
AMRU_CQ_CGCTGGACAAGAAAGG	AMRU_CQ	CGCTGGACAAGAAAGG	SRR11008277	277_CGCTGGACAAGAAAGG	TRUE
AMRU_CQ_CGCTGGATCAGAGACG	AMRU_CQ	CGCTGGATCAGAGACG	SRR11008277	277_CGCTGGATCAGAGACG	TRUE
AMRU_CQ_CGCTGGATCCAGATCA	AMRU_CQ	CGCTGGATCCAGATCA	SRR11008277	277_CGCTGGATCCAGATCA	TRUE
AMRU_CQ_CGCTTCAGTAGCTTGT	AMRU_CQ	CGCTTCAGTAGCTTGT	SRR11008277	277_CGCTTCAGTAGCTTGT	TRUE
AMRU_CQ_CGCTTCAGTCACTGGC	AMRU_CQ	CGCTTCAGTCACTGGC	SRR11008277	277_CGCTTCAGTCACTGGC	TRUE
AMRU_CQ_CGCTTCAGTGTCGCTG	AMRU_CQ	CGCTTCAGTGTCGCTG	SRR11008277	277_CGCTTCAGTGTCGCTG	TRUE
AMRU_CQ_CGCTTCAGTTCACGGC	AMRU_CQ	CGCTTCAGTTCACGGC	SRR11008277	277_CGCTTCAGTTCACGGC	TRUE
AMRU_CQ_CGCTTCATCTGGGCCA	AMRU_CQ	CGCTTCATCTGGGCCA	SRR11008277	277_CGCTTCATCTGGGCCA	TRUE
AMRU_CQ_CGGACACAGTCGCCGT	AMRU_CQ	CGGACACAGTCGCCGT	SRR11008277	277_CGGACACAGTCGCCGT	TRUE
AMRU_CQ_CGGACACAGTGACATA	AMRU_CQ	CGGACACAGTGACATA	SRR11008277	277_CGGACACAGTGACATA	TRUE
AMRU_CQ_CGGACACCATCCGCGA	AMRU_CQ	CGGACACCATCCGCGA	SRR11008277	277_CGGACACCATCCGCGA	TRUE
AMRU_CQ_CGGACGTAGACTGGGT	AMRU_CQ	CGGACGTAGACTGGGT	SRR11008277	277_CGGACGTAGACTGGGT	TRUE
AMRU_CQ_CGGACGTGTATGAATG	AMRU_CQ	CGGACGTGTATGAATG	SRR11008277	277_CGGACGTGTATGAATG	TRUE
AMRU_CQ_CGGACGTGTGAGGCTA	AMRU_CQ	CGGACGTGTGAGGCTA	SRR11008277	277_CGGACGTGTGAGGCTA	TRUE
AMRU_CQ_CGGAGCTAGCATGGCA	AMRU_CQ	CGGAGCTAGCATGGCA	SRR11008277	277_CGGAGCTAGCATGGCA	TRUE
AMRU_CQ_CGGAGCTCACTTCGAA	AMRU_CQ	CGGAGCTCACTTCGAA	SRR11008277	277_CGGAGCTCACTTCGAA	TRUE
AMRU_CQ_CGGAGCTCAGCTGGCT	AMRU_CQ	CGGAGCTCAGCTGGCT	SRR11008277	277_CGGAGCTCAGCTGGCT	TRUE
AMRU_CQ_CGGAGCTCATACGCCG	AMRU_CQ	CGGAGCTCATACGCCG	SRR11008277	277_CGGAGCTCATACGCCG	TRUE
AMRU_CQ_CGGAGCTTCTCGCATC	AMRU_CQ	CGGAGCTTCTCGCATC	SRR11008277	277_CGGAGCTTCTCGCATC	TRUE
AMRU_CQ_CGGAGTCCATCGGAAG	AMRU_CQ	CGGAGTCCATCGGAAG	SRR11008277	277_CGGAGTCCATCGGAAG	TRUE
AMRU_CQ_CGGAGTCGTCAAGCGA	AMRU_CQ	CGGAGTCGTCAAGCGA	SRR11008277	277_CGGAGTCGTCAAGCGA	TRUE
AMRU_CQ_CGGAGTCTCAAACCAC	AMRU_CQ	CGGAGTCTCAAACCAC	SRR11008277	277_CGGAGTCTCAAACCAC	TRUE
AMRU_CQ_CGGAGTCTCACTTCAT	AMRU_CQ	CGGAGTCTCACTTCAT	SRR11008277	277_CGGAGTCTCACTTCAT	TRUE
AMRU_CQ_CGGCTAGCATTAGCCA	AMRU_CQ	CGGCTAGCATTAGCCA	SRR11008277	277_CGGCTAGCATTAGCCA	TRUE
AMRU_CQ_CGGCTAGGTCTCCCTA	AMRU_CQ	CGGCTAGGTCTCCCTA	SRR11008277	277_CGGCTAGGTCTCCCTA	TRUE
AMRU_CQ_CGGGTCAAGAACTGTA	AMRU_CQ	CGGGTCAAGAACTGTA	SRR11008277	277_CGGGTCAAGAACTGTA	TRUE
AMRU_CQ_CGGGTCACATTCACTT	AMRU_CQ	CGGGTCACATTCACTT	SRR11008277	277_CGGGTCACATTCACTT	TRUE
AMRU_CQ_CGGGTCAGTAGCCTCG	AMRU_CQ	CGGGTCAGTAGCCTCG	SRR11008277	277_CGGGTCAGTAGCCTCG	TRUE
AMRU_CQ_CGGGTCAGTGTTGGGA	AMRU_CQ	CGGGTCAGTGTTGGGA	SRR11008277	277_CGGGTCAGTGTTGGGA	TRUE
AMRU_CQ_CGTAGCGAGATGCCTT	AMRU_CQ	CGTAGCGAGATGCCTT	SRR11008277	277_CGTAGCGAGATGCCTT	TRUE
AMRU_CQ_CGTAGCGCATTCTTAC	AMRU_CQ	CGTAGCGCATTCTTAC	SRR11008277	277_CGTAGCGCATTCTTAC	TRUE
AMRU_CQ_CGTAGCGGTCAAAGAT	AMRU_CQ	CGTAGCGGTCAAAGAT	SRR11008277	277_CGTAGCGGTCAAAGAT	TRUE
AMRU_CQ_CGTAGCGGTCATCCCT	AMRU_CQ	CGTAGCGGTCATCCCT	SRR11008277	277_CGTAGCGGTCATCCCT	TRUE
AMRU_CQ_CGTAGCGGTGTCCTCT	AMRU_CQ	CGTAGCGGTGTCCTCT	SRR11008277	277_CGTAGCGGTGTCCTCT	TRUE
AMRU_CQ_CGTAGCGGTGTGGTTT	AMRU_CQ	CGTAGCGGTGTGGTTT	SRR11008277	277_CGTAGCGGTGTGGTTT	TRUE
AMRU_CQ_CGTAGCGGTTGCTCCT	AMRU_CQ	CGTAGCGGTTGCTCCT	SRR11008277	277_CGTAGCGGTTGCTCCT	TRUE
AMRU_CQ_CGTAGCGTCATCGGAT	AMRU_CQ	CGTAGCGTCATCGGAT	SRR11008277	277_CGTAGCGTCATCGGAT	TRUE
AMRU_CQ_CGTCACTCACCCATGG	AMRU_CQ	CGTCACTCACCCATGG	SRR11008277	277_CGTCACTCACCCATGG	TRUE
AMRU_CQ_CGTCACTTCCGTTGCT	AMRU_CQ	CGTCACTTCCGTTGCT	SRR11008277	277_CGTCACTTCCGTTGCT	TRUE
AMRU_CQ_CGTCACTTCGCATGAT	AMRU_CQ	CGTCACTTCGCATGAT	SRR11008277	277_CGTCACTTCGCATGAT	TRUE
AMRU_CQ_CGTCAGGAGGCGTACA	AMRU_CQ	CGTCAGGAGGCGTACA	SRR11008277	277_CGTCAGGAGGCGTACA	TRUE
AMRU_CQ_CGTCAGGGTAGCCTCG	AMRU_CQ	CGTCAGGGTAGCCTCG	SRR11008277	277_CGTCAGGGTAGCCTCG	TRUE
AMRU_CQ_CGTCAGGTCAACTCTT	AMRU_CQ	CGTCAGGTCAACTCTT	SRR11008277	277_CGTCAGGTCAACTCTT	TRUE
AMRU_CQ_CGTCCATAGATGCGAC	AMRU_CQ	CGTCCATAGATGCGAC	SRR11008277	277_CGTCCATAGATGCGAC	TRUE
AMRU_CQ_CGTCCATAGCGGCTTC	AMRU_CQ	CGTCCATAGCGGCTTC	SRR11008277	277_CGTCCATAGCGGCTTC	TRUE
AMRU_CQ_CGTCCATCAGCCTTGG	AMRU_CQ	CGTCCATCAGCCTTGG	SRR11008277	277_CGTCCATCAGCCTTGG	TRUE
AMRU_CQ_CGTCCATTCAGGCCCA	AMRU_CQ	CGTCCATTCAGGCCCA	SRR11008277	277_CGTCCATTCAGGCCCA	TRUE
AMRU_CQ_CGTCCATTCTCGATGA	AMRU_CQ	CGTCCATTCTCGATGA	SRR11008277	277_CGTCCATTCTCGATGA	TRUE
AMRU_CQ_CGTCTACAGGCAGGTT	AMRU_CQ	CGTCTACAGGCAGGTT	SRR11008277	277_CGTCTACAGGCAGGTT	TRUE
AMRU_CQ_CGTCTACCACCAGGCT	AMRU_CQ	CGTCTACCACCAGGCT	SRR11008277	277_CGTCTACCACCAGGCT	TRUE
AMRU_CQ_CGTCTACGTCGGGTCT	AMRU_CQ	CGTCTACGTCGGGTCT	SRR11008277	277_CGTCTACGTCGGGTCT	TRUE
AMRU_CQ_CGTGAGCCACACGCTG	AMRU_CQ	CGTGAGCCACACGCTG	SRR11008277	277_CGTGAGCCACACGCTG	TRUE
AMRU_CQ_CGTGAGCGTATATGGA	AMRU_CQ	CGTGAGCGTATATGGA	SRR11008277	277_CGTGAGCGTATATGGA	TRUE
AMRU_CQ_CGTGAGCTCCGGGTGT	AMRU_CQ	CGTGAGCTCCGGGTGT	SRR11008277	277_CGTGAGCTCCGGGTGT	TRUE
AMRU_CQ_CGTGTAATCATCGCTC	AMRU_CQ	CGTGTAATCATCGCTC	SRR11008277	277_CGTGTAATCATCGCTC	TRUE
AMRU_CQ_CGTGTCTCACCAGGCT	AMRU_CQ	CGTGTCTCACCAGGCT	SRR11008277	277_CGTGTCTCACCAGGCT	TRUE
AMRU_CQ_CGTGTCTGTCCTAGCG	AMRU_CQ	CGTGTCTGTCCTAGCG	SRR11008277	277_CGTGTCTGTCCTAGCG	TRUE
AMRU_CQ_CGTTAGAAGATGCGAC	AMRU_CQ	CGTTAGAAGATGCGAC	SRR11008277	277_CGTTAGAAGATGCGAC	TRUE
AMRU_CQ_CGTTAGACAGATCCAT	AMRU_CQ	CGTTAGACAGATCCAT	SRR11008277	277_CGTTAGACAGATCCAT	TRUE
AMRU_CQ_CGTTAGACATCTGGTA	AMRU_CQ	CGTTAGACATCTGGTA	SRR11008277	277_CGTTAGACATCTGGTA	TRUE
AMRU_CQ_CGTTAGACATGGTCTA	AMRU_CQ	CGTTAGACATGGTCTA	SRR11008277	277_CGTTAGACATGGTCTA	TRUE
AMRU_CQ_CGTTAGAGTCCAAGTT	AMRU_CQ	CGTTAGAGTCCAAGTT	SRR11008277	277_CGTTAGAGTCCAAGTT	TRUE
AMRU_CQ_CGTTAGAGTCTAGAGG	AMRU_CQ	CGTTAGAGTCTAGAGG	SRR11008277	277_CGTTAGAGTCTAGAGG	TRUE
AMRU_CQ_CGTTCTGAGAGTAAGG	AMRU_CQ	CGTTCTGAGAGTAAGG	SRR11008277	277_CGTTCTGAGAGTAAGG	TRUE
AMRU_CQ_CGTTCTGCAAGCGATG	AMRU_CQ	CGTTCTGCAAGCGATG	SRR11008277	277_CGTTCTGCAAGCGATG	TRUE
AMRU_CQ_CGTTCTGCAGCCTGTG	AMRU_CQ	CGTTCTGCAGCCTGTG	SRR11008277	277_CGTTCTGCAGCCTGTG	TRUE
AMRU_CQ_CGTTCTGGTTAAAGTG	AMRU_CQ	CGTTCTGGTTAAAGTG	SRR11008277	277_CGTTCTGGTTAAAGTG	TRUE
AMRU_CQ_CGTTCTGGTTTGTGTG	AMRU_CQ	CGTTCTGGTTTGTGTG	SRR11008277	277_CGTTCTGGTTTGTGTG	TRUE
AMRU_CQ_CGTTGGGAGCTAGTTC	AMRU_CQ	CGTTGGGAGCTAGTTC	SRR11008277	277_CGTTGGGAGCTAGTTC	TRUE
AMRU_CQ_CGTTGGGGTAGTGAAT	AMRU_CQ	CGTTGGGGTAGTGAAT	SRR11008277	277_CGTTGGGGTAGTGAAT	TRUE
AMRU_CQ_CGTTGGGGTTCCGGCA	AMRU_CQ	CGTTGGGGTTCCGGCA	SRR11008277	277_CGTTGGGGTTCCGGCA	TRUE
AMRU_CQ_CGTTGGGGTTGCGTTA	AMRU_CQ	CGTTGGGGTTGCGTTA	SRR11008277	277_CGTTGGGGTTGCGTTA	TRUE
AMRU_CQ_CTAACTTAGGGCATGT	AMRU_CQ	CTAACTTAGGGCATGT	SRR11008277	277_CTAACTTAGGGCATGT	TRUE
AMRU_CQ_CTAACTTAGGTACTCT	AMRU_CQ	CTAACTTAGGTACTCT	SRR11008277	277_CTAACTTAGGTACTCT	TRUE
AMRU_CQ_CTAAGACAGGACGAAA	AMRU_CQ	CTAAGACAGGACGAAA	SRR11008277	277_CTAAGACAGGACGAAA	TRUE
AMRU_CQ_CTAAGACCAAGGACTG	AMRU_CQ	CTAAGACCAAGGACTG	SRR11008277	277_CTAAGACCAAGGACTG	TRUE
AMRU_CQ_CTAAGACGTAAGAGGA	AMRU_CQ	CTAAGACGTAAGAGGA	SRR11008277	277_CTAAGACGTAAGAGGA	TRUE
AMRU_CQ_CTAAGACTCCAGTAGT	AMRU_CQ	CTAAGACTCCAGTAGT	SRR11008277	277_CTAAGACTCCAGTAGT	TRUE
AMRU_CQ_CTAATGGAGACGACGT	AMRU_CQ	CTAATGGAGACGACGT	SRR11008277	277_CTAATGGAGACGACGT	TRUE
AMRU_CQ_CTAATGGAGTGGAGAA	AMRU_CQ	CTAATGGAGTGGAGAA	SRR11008277	277_CTAATGGAGTGGAGAA	TRUE
AMRU_CQ_CTAATGGGTTATGTGC	AMRU_CQ	CTAATGGGTTATGTGC	SRR11008277	277_CTAATGGGTTATGTGC	TRUE
AMRU_CQ_CTAATGGGTTTGGGCC	AMRU_CQ	CTAATGGGTTTGGGCC	SRR11008277	277_CTAATGGGTTTGGGCC	TRUE
AMRU_CQ_CTAATGGTCAGGTTCA	AMRU_CQ	CTAATGGTCAGGTTCA	SRR11008277	277_CTAATGGTCAGGTTCA	TRUE
AMRU_CQ_CTACACCGTTAAAGAC	AMRU_CQ	CTACACCGTTAAAGAC	SRR11008277	277_CTACACCGTTAAAGAC	TRUE
AMRU_CQ_CTACATTCACTGTCGG	AMRU_CQ	CTACATTCACTGTCGG	SRR11008277	277_CTACATTCACTGTCGG	TRUE
AMRU_CQ_CTACCCAGTTACCGAT	AMRU_CQ	CTACCCAGTTACCGAT	SRR11008277	277_CTACCCAGTTACCGAT	TRUE
AMRU_CQ_CTACCCATCCCATTAT	AMRU_CQ	CTACCCATCCCATTAT	SRR11008277	277_CTACCCATCCCATTAT	TRUE
AMRU_CQ_CTACGTCAGAGTCGGT	AMRU_CQ	CTACGTCAGAGTCGGT	SRR11008277	277_CTACGTCAGAGTCGGT	TRUE
AMRU_CQ_CTACGTCAGCATCATC	AMRU_CQ	CTACGTCAGCATCATC	SRR11008277	277_CTACGTCAGCATCATC	TRUE
AMRU_CQ_CTACGTCCACAGCGTC	AMRU_CQ	CTACGTCCACAGCGTC	SRR11008277	277_CTACGTCCACAGCGTC	TRUE
AMRU_CQ_CTACGTCTCCGTCATC	AMRU_CQ	CTACGTCTCCGTCATC	SRR11008277	277_CTACGTCTCCGTCATC	TRUE
AMRU_CQ_CTACGTCTCTGCTGCT	AMRU_CQ	CTACGTCTCTGCTGCT	SRR11008277	277_CTACGTCTCTGCTGCT	TRUE
AMRU_CQ_CTAGAGTAGACAAGCC	AMRU_CQ	CTAGAGTAGACAAGCC	SRR11008277	277_CTAGAGTAGACAAGCC	TRUE
AMRU_CQ_CTAGAGTAGCTTCGCG	AMRU_CQ	CTAGAGTAGCTTCGCG	SRR11008277	277_CTAGAGTAGCTTCGCG	TRUE
AMRU_CQ_CTAGAGTAGTCTCCTC	AMRU_CQ	CTAGAGTAGTCTCCTC	SRR11008277	277_CTAGAGTAGTCTCCTC	TRUE
AMRU_CQ_CTAGAGTGTGTCCTCT	AMRU_CQ	CTAGAGTGTGTCCTCT	SRR11008277	277_CTAGAGTGTGTCCTCT	TRUE
AMRU_CQ_CTAGAGTGTGTGGCTC	AMRU_CQ	CTAGAGTGTGTGGCTC	SRR11008277	277_CTAGAGTGTGTGGCTC	TRUE
AMRU_CQ_CTAGAGTTCACTGGGC	AMRU_CQ	CTAGAGTTCACTGGGC	SRR11008277	277_CTAGAGTTCACTGGGC	TRUE
AMRU_CQ_CTAGAGTTCGCGGATC	AMRU_CQ	CTAGAGTTCGCGGATC	SRR11008277	277_CTAGAGTTCGCGGATC	TRUE
AMRU_CQ_CTAGCCTCAATGCCAT	AMRU_CQ	CTAGCCTCAATGCCAT	SRR11008277	277_CTAGCCTCAATGCCAT	TRUE
AMRU_CQ_CTAGCCTCAGCAGTTT	AMRU_CQ	CTAGCCTCAGCAGTTT	SRR11008277	277_CTAGCCTCAGCAGTTT	TRUE
AMRU_CQ_CTAGCCTCATGCTGGC	AMRU_CQ	CTAGCCTCATGCTGGC	SRR11008277	277_CTAGCCTCATGCTGGC	TRUE
AMRU_CQ_CTAGCCTGTGGCCCTA	AMRU_CQ	CTAGCCTGTGGCCCTA	SRR11008277	277_CTAGCCTGTGGCCCTA	TRUE
AMRU_CQ_CTAGTGAAGGACACCA	AMRU_CQ	CTAGTGAAGGACACCA	SRR11008277	277_CTAGTGAAGGACACCA	TRUE
AMRU_CQ_CTAGTGACACGGCTAC	AMRU_CQ	CTAGTGACACGGCTAC	SRR11008277	277_CTAGTGACACGGCTAC	TRUE
AMRU_CQ_CTAGTGACACTGCCAG	AMRU_CQ	CTAGTGACACTGCCAG	SRR11008277	277_CTAGTGACACTGCCAG	TRUE
AMRU_CQ_CTAGTGACATGCCTAA	AMRU_CQ	CTAGTGACATGCCTAA	SRR11008277	277_CTAGTGACATGCCTAA	TRUE
AMRU_CQ_CTAGTGAGTATTCGTG	AMRU_CQ	CTAGTGAGTATTCGTG	SRR11008277	277_CTAGTGAGTATTCGTG	TRUE
AMRU_CQ_CTAGTGAGTCTCCATC	AMRU_CQ	CTAGTGAGTCTCCATC	SRR11008277	277_CTAGTGAGTCTCCATC	TRUE
AMRU_CQ_CTCACACTCGCCAGCA	AMRU_CQ	CTCACACTCGCCAGCA	SRR11008277	277_CTCACACTCGCCAGCA	TRUE
AMRU_CQ_CTCAGAAAGTACACCT	AMRU_CQ	CTCAGAAAGTACACCT	SRR11008277	277_CTCAGAAAGTACACCT	TRUE
AMRU_CQ_CTCAGAAGTCTTCAAG	AMRU_CQ	CTCAGAAGTCTTCAAG	SRR11008277	277_CTCAGAAGTCTTCAAG	TRUE
AMRU_CQ_CTCAGAATCATCGATG	AMRU_CQ	CTCAGAATCATCGATG	SRR11008277	277_CTCAGAATCATCGATG	TRUE
AMRU_CQ_CTCATTAAGAGTCGGT	AMRU_CQ	CTCATTAAGAGTCGGT	SRR11008277	277_CTCATTAAGAGTCGGT	TRUE
AMRU_CQ_CTCATTAAGATCTGAA	AMRU_CQ	CTCATTAAGATCTGAA	SRR11008277	277_CTCATTAAGATCTGAA	TRUE
AMRU_CQ_CTCATTACATGCCTAA	AMRU_CQ	CTCATTACATGCCTAA	SRR11008277	277_CTCATTACATGCCTAA	TRUE
AMRU_CQ_CTCATTAGTGTAATGA	AMRU_CQ	CTCATTAGTGTAATGA	SRR11008277	277_CTCATTAGTGTAATGA	TRUE
AMRU_CQ_CTCCTAGAGCTAACAA	AMRU_CQ	CTCCTAGAGCTAACAA	SRR11008277	277_CTCCTAGAGCTAACAA	TRUE
AMRU_CQ_CTCCTAGAGCTCTCGG	AMRU_CQ	CTCCTAGAGCTCTCGG	SRR11008277	277_CTCCTAGAGCTCTCGG	TRUE
AMRU_CQ_CTCCTAGAGGTGATTA	AMRU_CQ	CTCCTAGAGGTGATTA	SRR11008277	277_CTCCTAGAGGTGATTA	TRUE
AMRU_CQ_CTCCTAGAGTATTGGA	AMRU_CQ	CTCCTAGAGTATTGGA	SRR11008277	277_CTCCTAGAGTATTGGA	TRUE
AMRU_CQ_CTCCTAGCACGCGAAA	AMRU_CQ	CTCCTAGCACGCGAAA	SRR11008277	277_CTCCTAGCACGCGAAA	TRUE
AMRU_CQ_CTCCTAGCATTCTCAT	AMRU_CQ	CTCCTAGCATTCTCAT	SRR11008277	277_CTCCTAGCATTCTCAT	TRUE
AMRU_CQ_CTCCTAGGTCAGAGGT	AMRU_CQ	CTCCTAGGTCAGAGGT	SRR11008277	277_CTCCTAGGTCAGAGGT	TRUE
AMRU_CQ_CTCCTAGTCAGCACAT	AMRU_CQ	CTCCTAGTCAGCACAT	SRR11008277	277_CTCCTAGTCAGCACAT	TRUE
AMRU_CQ_CTCCTAGTCATGCAAC	AMRU_CQ	CTCCTAGTCATGCAAC	SRR11008277	277_CTCCTAGTCATGCAAC	TRUE
AMRU_CQ_CTCGAAAAGTCGCCGT	AMRU_CQ	CTCGAAAAGTCGCCGT	SRR11008277	277_CTCGAAAAGTCGCCGT	TRUE
AMRU_CQ_CTCGAAATCACTGGGC	AMRU_CQ	CTCGAAATCACTGGGC	SRR11008277	277_CTCGAAATCACTGGGC	TRUE
AMRU_CQ_CTCGAAATCGGCTACG	AMRU_CQ	CTCGAAATCGGCTACG	SRR11008277	277_CTCGAAATCGGCTACG	TRUE
AMRU_CQ_CTCGAGGAGTGGTAGC	AMRU_CQ	CTCGAGGAGTGGTAGC	SRR11008277	277_CTCGAGGAGTGGTAGC	TRUE
AMRU_CQ_CTCGAGGCACCACGTG	AMRU_CQ	CTCGAGGCACCACGTG	SRR11008277	277_CTCGAGGCACCACGTG	TRUE
AMRU_CQ_CTCGAGGGTGTGAAAT	AMRU_CQ	CTCGAGGGTGTGAAAT	SRR11008277	277_CTCGAGGGTGTGAAAT	TRUE
AMRU_CQ_CTCGAGGTCACGACTA	AMRU_CQ	CTCGAGGTCACGACTA	SRR11008277	277_CTCGAGGTCACGACTA	TRUE
AMRU_CQ_CTCGGAGAGAAACGAG	AMRU_CQ	CTCGGAGAGAAACGAG	SRR11008277	277_CTCGGAGAGAAACGAG	TRUE
AMRU_CQ_CTCGGAGAGATGCCAG	AMRU_CQ	CTCGGAGAGATGCCAG	SRR11008277	277_CTCGGAGAGATGCCAG	TRUE
AMRU_CQ_CTCGGAGAGCTGGAAC	AMRU_CQ	CTCGGAGAGCTGGAAC	SRR11008277	277_CTCGGAGAGCTGGAAC	TRUE
AMRU_CQ_CTCGGAGAGTACGCCC	AMRU_CQ	CTCGGAGAGTACGCCC	SRR11008277	277_CTCGGAGAGTACGCCC	TRUE
AMRU_CQ_CTCGGAGCAAATACAG	AMRU_CQ	CTCGGAGCAAATACAG	SRR11008277	277_CTCGGAGCAAATACAG	TRUE
AMRU_CQ_CTCGGAGCATCACGTA	AMRU_CQ	CTCGGAGCATCACGTA	SRR11008277	277_CTCGGAGCATCACGTA	TRUE
AMRU_CQ_CTCGGGACAAGCGTAG	AMRU_CQ	CTCGGGACAAGCGTAG	SRR11008277	277_CTCGGGACAAGCGTAG	TRUE
AMRU_CQ_CTCGGGACATTTGCTT	AMRU_CQ	CTCGGGACATTTGCTT	SRR11008277	277_CTCGGGACATTTGCTT	TRUE
AMRU_CQ_CTCGGGAGTGCCTGTG	AMRU_CQ	CTCGGGAGTGCCTGTG	SRR11008277	277_CTCGGGAGTGCCTGTG	TRUE
AMRU_CQ_CTCGGGATCGAACGGA	AMRU_CQ	CTCGGGATCGAACGGA	SRR11008277	277_CTCGGGATCGAACGGA	TRUE
AMRU_CQ_CTCGTACAGAACTGTA	AMRU_CQ	CTCGTACAGAACTGTA	SRR11008277	277_CTCGTACAGAACTGTA	TRUE
AMRU_CQ_CTCGTACAGGAGTCTG	AMRU_CQ	CTCGTACAGGAGTCTG	SRR11008277	277_CTCGTACAGGAGTCTG	TRUE
AMRU_CQ_CTCGTACCAGCCAATT	AMRU_CQ	CTCGTACCAGCCAATT	SRR11008277	277_CTCGTACCAGCCAATT	TRUE
AMRU_CQ_CTCGTACGTACAGTGG	AMRU_CQ	CTCGTACGTACAGTGG	SRR11008277	277_CTCGTACGTACAGTGG	TRUE
AMRU_CQ_CTCGTACGTCATTAGC	AMRU_CQ	CTCGTACGTCATTAGC	SRR11008277	277_CTCGTACGTCATTAGC	TRUE
AMRU_CQ_CTCGTCAAGAGTAAGG	AMRU_CQ	CTCGTCAAGAGTAAGG	SRR11008277	277_CTCGTCAAGAGTAAGG	TRUE
AMRU_CQ_CTCGTCAAGCGTGTCC	AMRU_CQ	CTCGTCAAGCGTGTCC	SRR11008277	277_CTCGTCAAGCGTGTCC	TRUE
AMRU_CQ_CTCGTCAGTCAATGTC	AMRU_CQ	CTCGTCAGTCAATGTC	SRR11008277	277_CTCGTCAGTCAATGTC	TRUE
AMRU_CQ_CTCGTCAGTTAAGATG	AMRU_CQ	CTCGTCAGTTAAGATG	SRR11008277	277_CTCGTCAGTTAAGATG	TRUE
AMRU_CQ_CTCTAATCACATCCAA	AMRU_CQ	CTCTAATCACATCCAA	SRR11008277	277_CTCTAATCACATCCAA	TRUE
AMRU_CQ_CTCTAATTCTATGTGG	AMRU_CQ	CTCTAATTCTATGTGG	SRR11008277	277_CTCTAATTCTATGTGG	TRUE
AMRU_CQ_CTCTACGAGATGCCTT	AMRU_CQ	CTCTACGAGATGCCTT	SRR11008277	277_CTCTACGAGATGCCTT	TRUE
AMRU_CQ_CTCTACGCAAAGAATC	AMRU_CQ	CTCTACGCAAAGAATC	SRR11008277	277_CTCTACGCAAAGAATC	TRUE
AMRU_CQ_CTCTACGGTCCTCCAT	AMRU_CQ	CTCTACGGTCCTCCAT	SRR11008277	277_CTCTACGGTCCTCCAT	TRUE
AMRU_CQ_CTCTACGTCAGCAACT	AMRU_CQ	CTCTACGTCAGCAACT	SRR11008277	277_CTCTACGTCAGCAACT	TRUE
AMRU_CQ_CTCTACGTCGCACTCT	AMRU_CQ	CTCTACGTCGCACTCT	SRR11008277	277_CTCTACGTCGCACTCT	TRUE
AMRU_CQ_CTCTGGTAGATGTTAG	AMRU_CQ	CTCTGGTAGATGTTAG	SRR11008277	277_CTCTGGTAGATGTTAG	TRUE
AMRU_CQ_CTCTGGTAGCCCTAAT	AMRU_CQ	CTCTGGTAGCCCTAAT	SRR11008277	277_CTCTGGTAGCCCTAAT	TRUE
AMRU_CQ_CTCTGGTGTAGAAAGG	AMRU_CQ	CTCTGGTGTAGAAAGG	SRR11008277	277_CTCTGGTGTAGAAAGG	TRUE
AMRU_CQ_CTCTGGTGTATAATGG	AMRU_CQ	CTCTGGTGTATAATGG	SRR11008277	277_CTCTGGTGTATAATGG	TRUE
AMRU_CQ_CTGAAACAGTGAACGC	AMRU_CQ	CTGAAACAGTGAACGC	SRR11008277	277_CTGAAACAGTGAACGC	TRUE
AMRU_CQ_CTGAAACCACCGGAAA	AMRU_CQ	CTGAAACCACCGGAAA	SRR11008277	277_CTGAAACCACCGGAAA	TRUE
AMRU_CQ_CTGAAACGTAAGTGTA	AMRU_CQ	CTGAAACGTAAGTGTA	SRR11008277	277_CTGAAACGTAAGTGTA	TRUE
AMRU_CQ_CTGAAACTCATCGATG	AMRU_CQ	CTGAAACTCATCGATG	SRR11008277	277_CTGAAACTCATCGATG	TRUE
AMRU_CQ_CTGAAACTCCGATATG	AMRU_CQ	CTGAAACTCCGATATG	SRR11008277	277_CTGAAACTCCGATATG	TRUE
AMRU_CQ_CTGAAGTAGACAGGCT	AMRU_CQ	CTGAAGTAGACAGGCT	SRR11008277	277_CTGAAGTAGACAGGCT	TRUE
AMRU_CQ_CTGAAGTTCAGTTAGC	AMRU_CQ	CTGAAGTTCAGTTAGC	SRR11008277	277_CTGAAGTTCAGTTAGC	TRUE
AMRU_CQ_CTGAAGTTCCAAGTAC	AMRU_CQ	CTGAAGTTCCAAGTAC	SRR11008277	277_CTGAAGTTCCAAGTAC	TRUE
AMRU_CQ_CTGAAGTTCCCATTAT	AMRU_CQ	CTGAAGTTCCCATTAT	SRR11008277	277_CTGAAGTTCCCATTAT	TRUE
AMRU_CQ_CTGATAGAGAGGACGG	AMRU_CQ	CTGATAGAGAGGACGG	SRR11008277	277_CTGATAGAGAGGACGG	TRUE
AMRU_CQ_CTGATAGAGATCGGGT	AMRU_CQ	CTGATAGAGATCGGGT	SRR11008277	277_CTGATAGAGATCGGGT	TRUE
AMRU_CQ_CTGATAGGTTACCAGT	AMRU_CQ	CTGATAGGTTACCAGT	SRR11008277	277_CTGATAGGTTACCAGT	TRUE
AMRU_CQ_CTGATAGTCTGAGGGA	AMRU_CQ	CTGATAGTCTGAGGGA	SRR11008277	277_CTGATAGTCTGAGGGA	TRUE
AMRU_CQ_CTGATCCGTCTAGTGT	AMRU_CQ	CTGATCCGTCTAGTGT	SRR11008277	277_CTGATCCGTCTAGTGT	TRUE
AMRU_CQ_CTGATCCGTGCAGTAG	AMRU_CQ	CTGATCCGTGCAGTAG	SRR11008277	277_CTGATCCGTGCAGTAG	TRUE
AMRU_CQ_CTGATCCGTTGGTAAA	AMRU_CQ	CTGATCCGTTGGTAAA	SRR11008277	277_CTGATCCGTTGGTAAA	TRUE
AMRU_CQ_CTGATCCTCTATCCCG	AMRU_CQ	CTGATCCTCTATCCCG	SRR11008277	277_CTGATCCTCTATCCCG	TRUE
AMRU_CQ_CTGCCTAAGTCCATAC	AMRU_CQ	CTGCCTAAGTCCATAC	SRR11008277	277_CTGCCTAAGTCCATAC	TRUE
AMRU_CQ_CTGCCTACAGCTTAAC	AMRU_CQ	CTGCCTACAGCTTAAC	SRR11008277	277_CTGCCTACAGCTTAAC	TRUE
AMRU_CQ_CTGCGGAAGACGCACA	AMRU_CQ	CTGCGGAAGACGCACA	SRR11008277	277_CTGCGGAAGACGCACA	TRUE
AMRU_CQ_CTGCGGAAGCCACGCT	AMRU_CQ	CTGCGGAAGCCACGCT	SRR11008277	277_CTGCGGAAGCCACGCT	TRUE
AMRU_CQ_CTGCGGAAGGGATGGG	AMRU_CQ	CTGCGGAAGGGATGGG	SRR11008277	277_CTGCGGAAGGGATGGG	TRUE
AMRU_CQ_CTGCGGAGTGGCTCCA	AMRU_CQ	CTGCGGAGTGGCTCCA	SRR11008277	277_CTGCGGAGTGGCTCCA	TRUE
AMRU_CQ_CTGCGGATCGATAGAA	AMRU_CQ	CTGCGGATCGATAGAA	SRR11008277	277_CTGCGGATCGATAGAA	TRUE
AMRU_CQ_CTGCGGATCTGCAAGT	AMRU_CQ	CTGCGGATCTGCAAGT	SRR11008277	277_CTGCGGATCTGCAAGT	TRUE
AMRU_CQ_CTGCTGTAGCGAGAAA	AMRU_CQ	CTGCTGTAGCGAGAAA	SRR11008277	277_CTGCTGTAGCGAGAAA	TRUE
AMRU_CQ_CTGCTGTCATTAGGCT	AMRU_CQ	CTGCTGTCATTAGGCT	SRR11008277	277_CTGCTGTCATTAGGCT	TRUE
AMRU_CQ_CTGCTGTTCCAAATGC	AMRU_CQ	CTGCTGTTCCAAATGC	SRR11008277	277_CTGCTGTTCCAAATGC	TRUE
AMRU_CQ_CTGGTCTAGTCCTCCT	AMRU_CQ	CTGGTCTAGTCCTCCT	SRR11008277	277_CTGGTCTAGTCCTCCT	TRUE
AMRU_CQ_CTGGTCTCAATCGAAA	AMRU_CQ	CTGGTCTCAATCGAAA	SRR11008277	277_CTGGTCTCAATCGAAA	TRUE
AMRU_CQ_CTGGTCTCAATGCCAT	AMRU_CQ	CTGGTCTCAATGCCAT	SRR11008277	277_CTGGTCTCAATGCCAT	TRUE
AMRU_CQ_CTGGTCTCAGACAAAT	AMRU_CQ	CTGGTCTCAGACAAAT	SRR11008277	277_CTGGTCTCAGACAAAT	TRUE
AMRU_CQ_CTGGTCTTCCTTTCGG	AMRU_CQ	CTGGTCTTCCTTTCGG	SRR11008277	277_CTGGTCTTCCTTTCGG	TRUE
AMRU_CQ_CTGTGCTCATTGGCGC	AMRU_CQ	CTGTGCTCATTGGCGC	SRR11008277	277_CTGTGCTCATTGGCGC	TRUE
AMRU_CQ_CTGTGCTGTTAAGGGC	AMRU_CQ	CTGTGCTGTTAAGGGC	SRR11008277	277_CTGTGCTGTTAAGGGC	TRUE
AMRU_CQ_CTGTGCTTCGGCGCTA	AMRU_CQ	CTGTGCTTCGGCGCTA	SRR11008277	277_CTGTGCTTCGGCGCTA	TRUE
AMRU_CQ_CTGTTTACATCACGAT	AMRU_CQ	CTGTTTACATCACGAT	SRR11008277	277_CTGTTTACATCACGAT	TRUE
AMRU_CQ_CTGTTTACATTAGCCA	AMRU_CQ	CTGTTTACATTAGCCA	SRR11008277	277_CTGTTTACATTAGCCA	TRUE
AMRU_CQ_CTGTTTAGTTAGAACA	AMRU_CQ	CTGTTTAGTTAGAACA	SRR11008277	277_CTGTTTAGTTAGAACA	TRUE
AMRU_CQ_CTGTTTATCAACCAAC	AMRU_CQ	CTGTTTATCAACCAAC	SRR11008277	277_CTGTTTATCAACCAAC	TRUE
AMRU_CQ_CTTAACTAGGATGCGT	AMRU_CQ	CTTAACTAGGATGCGT	SRR11008277	277_CTTAACTAGGATGCGT	TRUE
AMRU_CQ_CTTAACTTCACTCTTA	AMRU_CQ	CTTAACTTCACTCTTA	SRR11008277	277_CTTAACTTCACTCTTA	TRUE
AMRU_CQ_CTTACCGAGTATTGGA	AMRU_CQ	CTTACCGAGTATTGGA	SRR11008277	277_CTTACCGAGTATTGGA	TRUE
AMRU_CQ_CTTAGGAAGATGTGGC	AMRU_CQ	CTTAGGAAGATGTGGC	SRR11008277	277_CTTAGGAAGATGTGGC	TRUE
AMRU_CQ_CTTAGGATCATAACCG	AMRU_CQ	CTTAGGATCATAACCG	SRR11008277	277_CTTAGGATCATAACCG	TRUE
AMRU_CQ_CTTCTCTTCAGTTTGG	AMRU_CQ	CTTCTCTTCAGTTTGG	SRR11008277	277_CTTCTCTTCAGTTTGG	TRUE
AMRU_CQ_CTTGGCTCATCGATTG	AMRU_CQ	CTTGGCTCATCGATTG	SRR11008277	277_CTTGGCTCATCGATTG	TRUE
AMRU_CQ_CTTGGCTGTTAAAGTG	AMRU_CQ	CTTGGCTGTTAAAGTG	SRR11008277	277_CTTGGCTGTTAAAGTG	TRUE
AMRU_CQ_CTTGGCTGTTACGACT	AMRU_CQ	CTTGGCTGTTACGACT	SRR11008277	277_CTTGGCTGTTACGACT	TRUE
AMRU_CQ_CTTGGCTTCAATCACG	AMRU_CQ	CTTGGCTTCAATCACG	SRR11008277	277_CTTGGCTTCAATCACG	TRUE
AMRU_CQ_CTTGGCTTCTCCAGGG	AMRU_CQ	CTTGGCTTCTCCAGGG	SRR11008277	277_CTTGGCTTCTCCAGGG	TRUE
AMRU_CQ_CTTTGCGAGCCACTAT	AMRU_CQ	CTTTGCGAGCCACTAT	SRR11008277	277_CTTTGCGAGCCACTAT	TRUE
AMRU_CQ_CTTTGCGAGCGATTCT	AMRU_CQ	CTTTGCGAGCGATTCT	SRR11008277	277_CTTTGCGAGCGATTCT	TRUE
AMRU_CQ_CTTTGCGAGGAGTTGC	AMRU_CQ	CTTTGCGAGGAGTTGC	SRR11008277	277_CTTTGCGAGGAGTTGC	TRUE
AMRU_CQ_CTTTGCGGTACGCTGC	AMRU_CQ	CTTTGCGGTACGCTGC	SRR11008277	277_CTTTGCGGTACGCTGC	TRUE
AMRU_CQ_CTTTGCGTCCCTAACC	AMRU_CQ	CTTTGCGTCCCTAACC	SRR11008277	277_CTTTGCGTCCCTAACC	TRUE
AMRU_CQ_CTTTGCGTCCGAGCCA	AMRU_CQ	CTTTGCGTCCGAGCCA	SRR11008277	277_CTTTGCGTCCGAGCCA	TRUE
AMRU_CQ_CTTTGCGTCTTATCTG	AMRU_CQ	CTTTGCGTCTTATCTG	SRR11008277	277_CTTTGCGTCTTATCTG	TRUE
AMRU_CQ_GAAACTCCATCGGACC	AMRU_CQ	GAAACTCCATCGGACC	SRR11008277	277_GAAACTCCATCGGACC	TRUE
AMRU_CQ_GAAACTCGTCCGAAGA	AMRU_CQ	GAAACTCGTCCGAAGA	SRR11008277	277_GAAACTCGTCCGAAGA	TRUE
AMRU_CQ_GAAACTCGTGTGGTTT	AMRU_CQ	GAAACTCGTGTGGTTT	SRR11008277	277_GAAACTCGTGTGGTTT	TRUE
AMRU_CQ_GAAACTCTCGCCATAA	AMRU_CQ	GAAACTCTCGCCATAA	SRR11008277	277_GAAACTCTCGCCATAA	TRUE
AMRU_CQ_GAAACTCTCGTACCGG	AMRU_CQ	GAAACTCTCGTACCGG	SRR11008277	277_GAAACTCTCGTACCGG	TRUE
AMRU_CQ_GAAATGACAAACCCAT	AMRU_CQ	GAAATGACAAACCCAT	SRR11008277	277_GAAATGACAAACCCAT	TRUE
AMRU_CQ_GAAATGACAGACGCAA	AMRU_CQ	GAAATGACAGACGCAA	SRR11008277	277_GAAATGACAGACGCAA	TRUE
AMRU_CQ_GAAATGATCATGTCCC	AMRU_CQ	GAAATGATCATGTCCC	SRR11008277	277_GAAATGATCATGTCCC	TRUE
AMRU_CQ_GAAATGATCTGCGACG	AMRU_CQ	GAAATGATCTGCGACG	SRR11008277	277_GAAATGATCTGCGACG	TRUE
AMRU_CQ_GAACATCAGATGGCGT	AMRU_CQ	GAACATCAGATGGCGT	SRR11008277	277_GAACATCAGATGGCGT	TRUE
AMRU_CQ_GAACATCCAAGGTGTG	AMRU_CQ	GAACATCCAAGGTGTG	SRR11008277	277_GAACATCCAAGGTGTG	TRUE
AMRU_CQ_GAACATCGTCAATGTC	AMRU_CQ	GAACATCGTCAATGTC	SRR11008277	277_GAACATCGTCAATGTC	TRUE
AMRU_CQ_GAACATCGTGGTTTCA	AMRU_CQ	GAACATCGTGGTTTCA	SRR11008277	277_GAACATCGTGGTTTCA	TRUE
AMRU_CQ_GAACATCGTGTGAATA	AMRU_CQ	GAACATCGTGTGAATA	SRR11008277	277_GAACATCGTGTGAATA	TRUE
AMRU_CQ_GAACATCTCGGTTCGG	AMRU_CQ	GAACATCTCGGTTCGG	SRR11008277	277_GAACATCTCGGTTCGG	TRUE
AMRU_CQ_GAACCTAAGGTGATAT	AMRU_CQ	GAACCTAAGGTGATAT	SRR11008277	277_GAACCTAAGGTGATAT	TRUE
AMRU_CQ_GAACCTACACGAGAGT	AMRU_CQ	GAACCTACACGAGAGT	SRR11008277	277_GAACCTACACGAGAGT	TRUE
AMRU_CQ_GAACCTATCTGGCGAC	AMRU_CQ	GAACCTATCTGGCGAC	SRR11008277	277_GAACCTATCTGGCGAC	TRUE
AMRU_CQ_GAACGGAAGGACACCA	AMRU_CQ	GAACGGAAGGACACCA	SRR11008277	277_GAACGGAAGGACACCA	TRUE
AMRU_CQ_GAACGGAGTCTACCTC	AMRU_CQ	GAACGGAGTCTACCTC	SRR11008277	277_GAACGGAGTCTACCTC	TRUE
AMRU_CQ_GAACGGATCATGCAAC	AMRU_CQ	GAACGGATCATGCAAC	SRR11008277	277_GAACGGATCATGCAAC	TRUE
AMRU_CQ_GAACGGATCGATGAGG	AMRU_CQ	GAACGGATCGATGAGG	SRR11008277	277_GAACGGATCGATGAGG	TRUE
AMRU_CQ_GAAGCAGAGATCCGAG	AMRU_CQ	GAAGCAGAGATCCGAG	SRR11008277	277_GAAGCAGAGATCCGAG	TRUE
AMRU_CQ_GAAGCAGCAATCTACG	AMRU_CQ	GAAGCAGCAATCTACG	SRR11008277	277_GAAGCAGCAATCTACG	TRUE
AMRU_CQ_GAATAAGCAAACGCGA	AMRU_CQ	GAATAAGCAAACGCGA	SRR11008277	277_GAATAAGCAAACGCGA	TRUE
AMRU_CQ_GAATAAGCATTCACTT	AMRU_CQ	GAATAAGCATTCACTT	SRR11008277	277_GAATAAGCATTCACTT	TRUE
AMRU_CQ_GAATGAAAGACAAAGG	AMRU_CQ	GAATGAAAGACAAAGG	SRR11008277	277_GAATGAAAGACAAAGG	TRUE
AMRU_CQ_GAATGAAAGAGGACGG	AMRU_CQ	GAATGAAAGAGGACGG	SRR11008277	277_GAATGAAAGAGGACGG	TRUE
AMRU_CQ_GAATGAAAGTCGCCGT	AMRU_CQ	GAATGAAAGTCGCCGT	SRR11008277	277_GAATGAAAGTCGCCGT	TRUE
AMRU_CQ_GAATGAACAATCGGTT	AMRU_CQ	GAATGAACAATCGGTT	SRR11008277	277_GAATGAACAATCGGTT	TRUE
AMRU_CQ_GAATGAACATTGGTAC	AMRU_CQ	GAATGAACATTGGTAC	SRR11008277	277_GAATGAACATTGGTAC	TRUE
AMRU_CQ_GAATGAAGTGAAAGAG	AMRU_CQ	GAATGAAGTGAAAGAG	SRR11008277	277_GAATGAAGTGAAAGAG	TRUE
AMRU_CQ_GACACGCAGGCGTACA	AMRU_CQ	GACACGCAGGCGTACA	SRR11008277	277_GACACGCAGGCGTACA	TRUE
AMRU_CQ_GACACGCCACAGAGGT	AMRU_CQ	GACACGCCACAGAGGT	SRR11008277	277_GACACGCCACAGAGGT	TRUE
AMRU_CQ_GACACGCGTGGCGAAT	AMRU_CQ	GACACGCGTGGCGAAT	SRR11008277	277_GACACGCGTGGCGAAT	TRUE
AMRU_CQ_GACACGCTCACTTATC	AMRU_CQ	GACACGCTCACTTATC	SRR11008277	277_GACACGCTCACTTATC	TRUE
AMRU_CQ_GACAGAGAGATCCTGT	AMRU_CQ	GACAGAGAGATCCTGT	SRR11008277	277_GACAGAGAGATCCTGT	TRUE
AMRU_CQ_GACAGAGAGGCAAAGA	AMRU_CQ	GACAGAGAGGCAAAGA	SRR11008277	277_GACAGAGAGGCAAAGA	TRUE
AMRU_CQ_GACAGAGCATCGATTG	AMRU_CQ	GACAGAGCATCGATTG	SRR11008277	277_GACAGAGCATCGATTG	TRUE
AMRU_CQ_GACAGAGGTGCACTTA	AMRU_CQ	GACAGAGGTGCACTTA	SRR11008277	277_GACAGAGGTGCACTTA	TRUE
AMRU_CQ_GACAGAGTCACTATTC	AMRU_CQ	GACAGAGTCACTATTC	SRR11008277	277_GACAGAGTCACTATTC	TRUE
AMRU_CQ_GACAGAGTCAGTTTGG	AMRU_CQ	GACAGAGTCAGTTTGG	SRR11008277	277_GACAGAGTCAGTTTGG	TRUE
AMRU_CQ_GACCAATCAACGCACC	AMRU_CQ	GACCAATCAACGCACC	SRR11008277	277_GACCAATCAACGCACC	TRUE
AMRU_CQ_GACCAATCAAGCGCTC	AMRU_CQ	GACCAATCAAGCGCTC	SRR11008277	277_GACCAATCAAGCGCTC	TRUE
AMRU_CQ_GACCAATTCAGGTTCA	AMRU_CQ	GACCAATTCAGGTTCA	SRR11008277	277_GACCAATTCAGGTTCA	TRUE
AMRU_CQ_GACCAATTCTTGACGA	AMRU_CQ	GACCAATTCTTGACGA	SRR11008277	277_GACCAATTCTTGACGA	TRUE
AMRU_CQ_GACCTGGCAAGGACTG	AMRU_CQ	GACCTGGCAAGGACTG	SRR11008277	277_GACCTGGCAAGGACTG	TRUE
AMRU_CQ_GACCTGGTCTGGCGAC	AMRU_CQ	GACCTGGTCTGGCGAC	SRR11008277	277_GACCTGGTCTGGCGAC	TRUE
AMRU_CQ_GACGCGTCACACATGT	AMRU_CQ	GACGCGTCACACATGT	SRR11008277	277_GACGCGTCACACATGT	TRUE
AMRU_CQ_GACGCGTCATCTACGA	AMRU_CQ	GACGCGTCATCTACGA	SRR11008277	277_GACGCGTCATCTACGA	TRUE
AMRU_CQ_GACGCGTCATTCACTT	AMRU_CQ	GACGCGTCATTCACTT	SRR11008277	277_GACGCGTCATTCACTT	TRUE
AMRU_CQ_GACGCGTGTATCTGCA	AMRU_CQ	GACGCGTGTATCTGCA	SRR11008277	277_GACGCGTGTATCTGCA	TRUE
AMRU_CQ_GACGCGTTCAGTGTTG	AMRU_CQ	GACGCGTTCAGTGTTG	SRR11008277	277_GACGCGTTCAGTGTTG	TRUE
AMRU_CQ_GACGCGTTCCCATTTA	AMRU_CQ	GACGCGTTCCCATTTA	SRR11008277	277_GACGCGTTCCCATTTA	TRUE
AMRU_CQ_GACGGCTAGCGGATCA	AMRU_CQ	GACGGCTAGCGGATCA	SRR11008277	277_GACGGCTAGCGGATCA	TRUE
AMRU_CQ_GACGGCTAGCGGCTTC	AMRU_CQ	GACGGCTAGCGGCTTC	SRR11008277	277_GACGGCTAGCGGCTTC	TRUE
AMRU_CQ_GACGGCTCACGACTCG	AMRU_CQ	GACGGCTCACGACTCG	SRR11008277	277_GACGGCTCACGACTCG	TRUE
AMRU_CQ_GACGGCTGTAGGGACT	AMRU_CQ	GACGGCTGTAGGGACT	SRR11008277	277_GACGGCTGTAGGGACT	TRUE
AMRU_CQ_GACGGCTGTGTGCCTG	AMRU_CQ	GACGGCTGTGTGCCTG	SRR11008277	277_GACGGCTGTGTGCCTG	TRUE
AMRU_CQ_GACGTGCAGAATGTTG	AMRU_CQ	GACGTGCAGAATGTTG	SRR11008277	277_GACGTGCAGAATGTTG	TRUE
AMRU_CQ_GACGTGCCACTAAGTC	AMRU_CQ	GACGTGCCACTAAGTC	SRR11008277	277_GACGTGCCACTAAGTC	TRUE
AMRU_CQ_GACGTGCTCATAACCG	AMRU_CQ	GACGTGCTCATAACCG	SRR11008277	277_GACGTGCTCATAACCG	TRUE
AMRU_CQ_GACGTGCTCTATGTGG	AMRU_CQ	GACGTGCTCTATGTGG	SRR11008277	277_GACGTGCTCTATGTGG	TRUE
AMRU_CQ_GACGTGCTCTCGCATC	AMRU_CQ	GACGTGCTCTCGCATC	SRR11008277	277_GACGTGCTCTCGCATC	TRUE
AMRU_CQ_GACTAACCACATCCAA	AMRU_CQ	GACTAACCACATCCAA	SRR11008277	277_GACTAACCACATCCAA	TRUE
AMRU_CQ_GACTAACTCGCCATAA	AMRU_CQ	GACTAACTCGCCATAA	SRR11008277	277_GACTAACTCGCCATAA	TRUE
AMRU_CQ_GACTAACTCTACTCAT	AMRU_CQ	GACTAACTCTACTCAT	SRR11008277	277_GACTAACTCTACTCAT	TRUE
AMRU_CQ_GACTACACACTCAGGC	AMRU_CQ	GACTACACACTCAGGC	SRR11008277	277_GACTACACACTCAGGC	TRUE
AMRU_CQ_GACTGCGAGCAATCTC	AMRU_CQ	GACTGCGAGCAATCTC	SRR11008277	277_GACTGCGAGCAATCTC	TRUE
AMRU_CQ_GACTGCGGTACTTAGC	AMRU_CQ	GACTGCGGTACTTAGC	SRR11008277	277_GACTGCGGTACTTAGC	TRUE
AMRU_CQ_GACTGCGGTCCGTGAC	AMRU_CQ	GACTGCGGTCCGTGAC	SRR11008277	277_GACTGCGGTCCGTGAC	TRUE
AMRU_CQ_GACTGCGGTTACCGAT	AMRU_CQ	GACTGCGGTTACCGAT	SRR11008277	277_GACTGCGGTTACCGAT	TRUE
AMRU_CQ_GAGCAGAAGTCACGCC	AMRU_CQ	GAGCAGAAGTCACGCC	SRR11008277	277_GAGCAGAAGTCACGCC	TRUE
AMRU_CQ_GAGCAGAAGTGTACCT	AMRU_CQ	GAGCAGAAGTGTACCT	SRR11008277	277_GAGCAGAAGTGTACCT	TRUE
AMRU_CQ_GAGCAGACAAGAGGCT	AMRU_CQ	GAGCAGACAAGAGGCT	SRR11008277	277_GAGCAGACAAGAGGCT	TRUE
AMRU_CQ_GAGCAGACACGCTTTC	AMRU_CQ	GAGCAGACACGCTTTC	SRR11008277	277_GAGCAGACACGCTTTC	TRUE
AMRU_CQ_GAGCAGACACTCTGTC	AMRU_CQ	GAGCAGACACTCTGTC	SRR11008277	277_GAGCAGACACTCTGTC	TRUE
AMRU_CQ_GAGCAGACAGTCCTTC	AMRU_CQ	GAGCAGACAGTCCTTC	SRR11008277	277_GAGCAGACAGTCCTTC	TRUE
AMRU_CQ_GAGCAGAGTATATGGA	AMRU_CQ	GAGCAGAGTATATGGA	SRR11008277	277_GAGCAGAGTATATGGA	TRUE
AMRU_CQ_GAGGTGAAGCGTGAAC	AMRU_CQ	GAGGTGAAGCGTGAAC	SRR11008277	277_GAGGTGAAGCGTGAAC	TRUE
AMRU_CQ_GAGGTGAAGGCACATG	AMRU_CQ	GAGGTGAAGGCACATG	SRR11008277	277_GAGGTGAAGGCACATG	TRUE
AMRU_CQ_GAGGTGAAGTGACTCT	AMRU_CQ	GAGGTGAAGTGACTCT	SRR11008277	277_GAGGTGAAGTGACTCT	TRUE
AMRU_CQ_GAGGTGACATCCTAGA	AMRU_CQ	GAGGTGACATCCTAGA	SRR11008277	277_GAGGTGACATCCTAGA	TRUE
AMRU_CQ_GAGGTGAGTAATCACC	AMRU_CQ	GAGGTGAGTAATCACC	SRR11008277	277_GAGGTGAGTAATCACC	TRUE
AMRU_CQ_GAGGTGAGTCGAACAG	AMRU_CQ	GAGGTGAGTCGAACAG	SRR11008277	277_GAGGTGAGTCGAACAG	TRUE
AMRU_CQ_GAGGTGATCTTGCATT	AMRU_CQ	GAGGTGATCTTGCATT	SRR11008277	277_GAGGTGATCTTGCATT	TRUE
AMRU_CQ_GAGTCCGCATTTCACT	AMRU_CQ	GAGTCCGCATTTCACT	SRR11008277	277_GAGTCCGCATTTCACT	TRUE
AMRU_CQ_GATCAGTAGATATGCA	AMRU_CQ	GATCAGTAGATATGCA	SRR11008277	277_GATCAGTAGATATGCA	TRUE
AMRU_CQ_GATCAGTGTCTAGCGC	AMRU_CQ	GATCAGTGTCTAGCGC	SRR11008277	277_GATCAGTGTCTAGCGC	TRUE
AMRU_CQ_GATCAGTGTTGTCTTT	AMRU_CQ	GATCAGTGTTGTCTTT	SRR11008277	277_GATCAGTGTTGTCTTT	TRUE
AMRU_CQ_GATCGATAGCTAACAA	AMRU_CQ	GATCGATAGCTAACAA	SRR11008277	277_GATCGATAGCTAACAA	TRUE
AMRU_CQ_GATCGATAGGTTCCTA	AMRU_CQ	GATCGATAGGTTCCTA	SRR11008277	277_GATCGATAGGTTCCTA	TRUE
AMRU_CQ_GATCGATCACAGAGGT	AMRU_CQ	GATCGATCACAGAGGT	SRR11008277	277_GATCGATCACAGAGGT	TRUE
AMRU_CQ_GATCGATCATACGCCG	AMRU_CQ	GATCGATCATACGCCG	SRR11008277	277_GATCGATCATACGCCG	TRUE
AMRU_CQ_GATCGATTCACAATGC	AMRU_CQ	GATCGATTCACAATGC	SRR11008277	277_GATCGATTCACAATGC	TRUE
AMRU_CQ_GATCGATTCGGAGGTA	AMRU_CQ	GATCGATTCGGAGGTA	SRR11008277	277_GATCGATTCGGAGGTA	TRUE
AMRU_CQ_GATCGCGAGCCACCTG	AMRU_CQ	GATCGCGAGCCACCTG	SRR11008277	277_GATCGCGAGCCACCTG	TRUE
AMRU_CQ_GATCGCGCAAAGTGCG	AMRU_CQ	GATCGCGCAAAGTGCG	SRR11008277	277_GATCGCGCAAAGTGCG	TRUE
AMRU_CQ_GATCGCGGTACAGACG	AMRU_CQ	GATCGCGGTACAGACG	SRR11008277	277_GATCGCGGTACAGACG	TRUE
AMRU_CQ_GATCGCGTCCGAATGT	AMRU_CQ	GATCGCGTCCGAATGT	SRR11008277	277_GATCGCGTCCGAATGT	TRUE
AMRU_CQ_GATCGCGTCCGGCACA	AMRU_CQ	GATCGCGTCCGGCACA	SRR11008277	277_GATCGCGTCCGGCACA	TRUE
AMRU_CQ_GATCGTAAGCTGAACG	AMRU_CQ	GATCGTAAGCTGAACG	SRR11008277	277_GATCGTAAGCTGAACG	TRUE
AMRU_CQ_GATCGTACATGAAGTA	AMRU_CQ	GATCGTACATGAAGTA	SRR11008277	277_GATCGTACATGAAGTA	TRUE
AMRU_CQ_GATCGTAGTAAGCACG	AMRU_CQ	GATCGTAGTAAGCACG	SRR11008277	277_GATCGTAGTAAGCACG	TRUE
AMRU_CQ_GATCGTAGTCAGTGGA	AMRU_CQ	GATCGTAGTCAGTGGA	SRR11008277	277_GATCGTAGTCAGTGGA	TRUE
AMRU_CQ_GATCGTATCCATGAGT	AMRU_CQ	GATCGTATCCATGAGT	SRR11008277	277_GATCGTATCCATGAGT	TRUE
AMRU_CQ_GATCTAGAGACTTTCG	AMRU_CQ	GATCTAGAGACTTTCG	SRR11008277	277_GATCTAGAGACTTTCG	TRUE
AMRU_CQ_GATCTAGGTAGCGCAA	AMRU_CQ	GATCTAGGTAGCGCAA	SRR11008277	277_GATCTAGGTAGCGCAA	TRUE
AMRU_CQ_GATCTAGGTGATAAAC	AMRU_CQ	GATCTAGGTGATAAAC	SRR11008277	277_GATCTAGGTGATAAAC	TRUE
AMRU_CQ_GATCTAGTCCTTGCCA	AMRU_CQ	GATCTAGTCCTTGCCA	SRR11008277	277_GATCTAGTCCTTGCCA	TRUE
AMRU_CQ_GATGAAAAGACACGAC	AMRU_CQ	GATGAAAAGACACGAC	SRR11008277	277_GATGAAAAGACACGAC	TRUE
AMRU_CQ_GATGAAAAGACTGGGT	AMRU_CQ	GATGAAAAGACTGGGT	SRR11008277	277_GATGAAAAGACTGGGT	TRUE
AMRU_CQ_GATGAAAAGCTAGGCA	AMRU_CQ	GATGAAAAGCTAGGCA	SRR11008277	277_GATGAAAAGCTAGGCA	TRUE
AMRU_CQ_GATGAAAAGTTACCCA	AMRU_CQ	GATGAAAAGTTACCCA	SRR11008277	277_GATGAAAAGTTACCCA	TRUE
AMRU_CQ_GATGAAACAAACCCAT	AMRU_CQ	GATGAAACAAACCCAT	SRR11008277	277_GATGAAACAAACCCAT	TRUE
AMRU_CQ_GATGAAACAATCGAAA	AMRU_CQ	GATGAAACAATCGAAA	SRR11008277	277_GATGAAACAATCGAAA	TRUE
AMRU_CQ_GATGAAACACAACGTT	AMRU_CQ	GATGAAACACAACGTT	SRR11008277	277_GATGAAACACAACGTT	TRUE
AMRU_CQ_GATGAAAGTAGCCTAT	AMRU_CQ	GATGAAAGTAGCCTAT	SRR11008277	277_GATGAAAGTAGCCTAT	TRUE
AMRU_CQ_GATGAAAGTCCTAGCG	AMRU_CQ	GATGAAAGTCCTAGCG	SRR11008277	277_GATGAAAGTCCTAGCG	TRUE
AMRU_CQ_GATGAAAGTGGTAACG	AMRU_CQ	GATGAAAGTGGTAACG	SRR11008277	277_GATGAAAGTGGTAACG	TRUE
AMRU_CQ_GATGCTAAGCGTTTAC	AMRU_CQ	GATGCTAAGCGTTTAC	SRR11008277	277_GATGCTAAGCGTTTAC	TRUE
AMRU_CQ_GATGCTAAGGACCACA	AMRU_CQ	GATGCTAAGGACCACA	SRR11008277	277_GATGCTAAGGACCACA	TRUE
AMRU_CQ_GATGCTAGTATATGAG	AMRU_CQ	GATGCTAGTATATGAG	SRR11008277	277_GATGCTAGTATATGAG	TRUE
AMRU_CQ_GATGCTAGTCTTCTCG	AMRU_CQ	GATGCTAGTCTTCTCG	SRR11008277	277_GATGCTAGTCTTCTCG	TRUE
AMRU_CQ_GATGCTAGTGTTTGTG	AMRU_CQ	GATGCTAGTGTTTGTG	SRR11008277	277_GATGCTAGTGTTTGTG	TRUE
AMRU_CQ_GATTCAGCAGCCTGTG	AMRU_CQ	GATTCAGCAGCCTGTG	SRR11008277	277_GATTCAGCAGCCTGTG	TRUE
AMRU_CQ_GATTCAGCATCTATGG	AMRU_CQ	GATTCAGCATCTATGG	SRR11008277	277_GATTCAGCATCTATGG	TRUE
AMRU_CQ_GCAAACTAGACAGAGA	AMRU_CQ	GCAAACTAGACAGAGA	SRR11008277	277_GCAAACTAGACAGAGA	TRUE
AMRU_CQ_GCAAACTCACGTTGGC	AMRU_CQ	GCAAACTCACGTTGGC	SRR11008277	277_GCAAACTCACGTTGGC	TRUE
AMRU_CQ_GCAAACTCAGATAATG	AMRU_CQ	GCAAACTCAGATAATG	SRR11008277	277_GCAAACTCAGATAATG	TRUE
AMRU_CQ_GCAAACTCAGTGGGAT	AMRU_CQ	GCAAACTCAGTGGGAT	SRR11008277	277_GCAAACTCAGTGGGAT	TRUE
AMRU_CQ_GCAAACTTCGTGTAGT	AMRU_CQ	GCAAACTTCGTGTAGT	SRR11008277	277_GCAAACTTCGTGTAGT	TRUE
AMRU_CQ_GCAAACTTCGTTGCCT	AMRU_CQ	GCAAACTTCGTTGCCT	SRR11008277	277_GCAAACTTCGTTGCCT	TRUE
AMRU_CQ_GCAAACTTCTGTCAAG	AMRU_CQ	GCAAACTTCTGTCAAG	SRR11008277	277_GCAAACTTCTGTCAAG	TRUE
AMRU_CQ_GCAATCACACACTGCG	AMRU_CQ	GCAATCACACACTGCG	SRR11008277	277_GCAATCACACACTGCG	TRUE
AMRU_CQ_GCAATCAGTACTCTCC	AMRU_CQ	GCAATCAGTACTCTCC	SRR11008277	277_GCAATCAGTACTCTCC	TRUE
AMRU_CQ_GCAATCAGTGCGATAG	AMRU_CQ	GCAATCAGTGCGATAG	SRR11008277	277_GCAATCAGTGCGATAG	TRUE
AMRU_CQ_GCAATCATCGTAGGAG	AMRU_CQ	GCAATCATCGTAGGAG	SRR11008277	277_GCAATCATCGTAGGAG	TRUE
AMRU_CQ_GCACATACACCAGGCT	AMRU_CQ	GCACATACACCAGGCT	SRR11008277	277_GCACATACACCAGGCT	TRUE
AMRU_CQ_GCACATACACGGTAGA	AMRU_CQ	GCACATACACGGTAGA	SRR11008277	277_GCACATACACGGTAGA	TRUE
AMRU_CQ_GCACATACATTACGAC	AMRU_CQ	GCACATACATTACGAC	SRR11008277	277_GCACATACATTACGAC	TRUE
AMRU_CQ_GCACATAGTACATCCA	AMRU_CQ	GCACATAGTACATCCA	SRR11008277	277_GCACATAGTACATCCA	TRUE
AMRU_CQ_GCACATATCAGATAAG	AMRU_CQ	GCACATATCAGATAAG	SRR11008277	277_GCACATATCAGATAAG	TRUE
AMRU_CQ_GCACTCTCAGCTGGCT	AMRU_CQ	GCACTCTCAGCTGGCT	SRR11008277	277_GCACTCTCAGCTGGCT	TRUE
AMRU_CQ_GCACTCTGTCGCATAT	AMRU_CQ	GCACTCTGTCGCATAT	SRR11008277	277_GCACTCTGTCGCATAT	TRUE
AMRU_CQ_GCACTCTGTGTGGTTT	AMRU_CQ	GCACTCTGTGTGGTTT	SRR11008277	277_GCACTCTGTGTGGTTT	TRUE
AMRU_CQ_GCAGCCAAGCTCTCGG	AMRU_CQ	GCAGCCAAGCTCTCGG	SRR11008277	277_GCAGCCAAGCTCTCGG	TRUE
AMRU_CQ_GCAGCCACAGATAATG	AMRU_CQ	GCAGCCACAGATAATG	SRR11008277	277_GCAGCCACAGATAATG	TRUE
AMRU_CQ_GCAGCCATCGAATCCA	AMRU_CQ	GCAGCCATCGAATCCA	SRR11008277	277_GCAGCCATCGAATCCA	TRUE
AMRU_CQ_GCAGCCATCGATGAGG	AMRU_CQ	GCAGCCATCGATGAGG	SRR11008277	277_GCAGCCATCGATGAGG	TRUE
AMRU_CQ_GCAGCCATCGCAGGCT	AMRU_CQ	GCAGCCATCGCAGGCT	SRR11008277	277_GCAGCCATCGCAGGCT	TRUE
AMRU_CQ_GCAGTTAAGCTAGTGG	AMRU_CQ	GCAGTTAAGCTAGTGG	SRR11008277	277_GCAGTTAAGCTAGTGG	TRUE
AMRU_CQ_GCAGTTACACGGTTTA	AMRU_CQ	GCAGTTACACGGTTTA	SRR11008277	277_GCAGTTACACGGTTTA	TRUE
AMRU_CQ_GCATACAAGCCAGTAG	AMRU_CQ	GCATACAAGCCAGTAG	SRR11008277	277_GCATACAAGCCAGTAG	TRUE
AMRU_CQ_GCATACAAGCGTCAAG	AMRU_CQ	GCATACAAGCGTCAAG	SRR11008277	277_GCATACAAGCGTCAAG	TRUE
AMRU_CQ_GCATACAAGCTTCGCG	AMRU_CQ	GCATACAAGCTTCGCG	SRR11008277	277_GCATACAAGCTTCGCG	TRUE
AMRU_CQ_GCATACAGTTCAGCGC	AMRU_CQ	GCATACAGTTCAGCGC	SRR11008277	277_GCATACAGTTCAGCGC	TRUE
AMRU_CQ_GCATACAGTTCGTTGA	AMRU_CQ	GCATACAGTTCGTTGA	SRR11008277	277_GCATACAGTTCGTTGA	TRUE
AMRU_CQ_GCATACATCCGGCACA	AMRU_CQ	GCATACATCCGGCACA	SRR11008277	277_GCATACATCCGGCACA	TRUE
AMRU_CQ_GCATACATCTTCAACT	AMRU_CQ	GCATACATCTTCAACT	SRR11008277	277_GCATACATCTTCAACT	TRUE
AMRU_CQ_GCATGATAGCCCAGCT	AMRU_CQ	GCATGATAGCCCAGCT	SRR11008277	277_GCATGATAGCCCAGCT	TRUE
AMRU_CQ_GCATGATCAAACCCAT	AMRU_CQ	GCATGATCAAACCCAT	SRR11008277	277_GCATGATCAAACCCAT	TRUE
AMRU_CQ_GCATGATGTTACGTCA	AMRU_CQ	GCATGATGTTACGTCA	SRR11008277	277_GCATGATGTTACGTCA	TRUE
AMRU_CQ_GCATGATGTTGCCTCT	AMRU_CQ	GCATGATGTTGCCTCT	SRR11008277	277_GCATGATGTTGCCTCT	TRUE
AMRU_CQ_GCATGATTCCAAATGC	AMRU_CQ	GCATGATTCCAAATGC	SRR11008277	277_GCATGATTCCAAATGC	TRUE
AMRU_CQ_GCATGATTCCTTGGTC	AMRU_CQ	GCATGATTCCTTGGTC	SRR11008277	277_GCATGATTCCTTGGTC	TRUE
AMRU_CQ_GCATGCGAGGACAGCT	AMRU_CQ	GCATGCGAGGACAGCT	SRR11008277	277_GCATGCGAGGACAGCT	TRUE
AMRU_CQ_GCATGCGAGGACGAAA	AMRU_CQ	GCATGCGAGGACGAAA	SRR11008277	277_GCATGCGAGGACGAAA	TRUE
AMRU_CQ_GCATGCGCAATGGAGC	AMRU_CQ	GCATGCGCAATGGAGC	SRR11008277	277_GCATGCGCAATGGAGC	TRUE
AMRU_CQ_GCATGCGGTGTTAAGA	AMRU_CQ	GCATGCGGTGTTAAGA	SRR11008277	277_GCATGCGGTGTTAAGA	TRUE
AMRU_CQ_GCATGTACATTAGGCT	AMRU_CQ	GCATGTACATTAGGCT	SRR11008277	277_GCATGTACATTAGGCT	TRUE
AMRU_CQ_GCATGTAGTTGTTTGG	AMRU_CQ	GCATGTAGTTGTTTGG	SRR11008277	277_GCATGTAGTTGTTTGG	TRUE
AMRU_CQ_GCATGTATCGCGTAGC	AMRU_CQ	GCATGTATCGCGTAGC	SRR11008277	277_GCATGTATCGCGTAGC	TRUE
AMRU_CQ_GCATGTATCTCAACTT	AMRU_CQ	GCATGTATCTCAACTT	SRR11008277	277_GCATGTATCTCAACTT	TRUE
AMRU_CQ_GCCAAATCAACGCACC	AMRU_CQ	GCCAAATCAACGCACC	SRR11008277	277_GCCAAATCAACGCACC	TRUE
AMRU_CQ_GCCAAATCAGAGCCAA	AMRU_CQ	GCCAAATCAGAGCCAA	SRR11008277	277_GCCAAATCAGAGCCAA	TRUE
AMRU_CQ_GCCAAATGTGGACGAT	AMRU_CQ	GCCAAATGTGGACGAT	SRR11008277	277_GCCAAATGTGGACGAT	TRUE
AMRU_CQ_GCCAAATGTTATCACG	AMRU_CQ	GCCAAATGTTATCACG	SRR11008277	277_GCCAAATGTTATCACG	TRUE
AMRU_CQ_GCCAAATTCAGCGATT	AMRU_CQ	GCCAAATTCAGCGATT	SRR11008277	277_GCCAAATTCAGCGATT	TRUE
AMRU_CQ_GCCTCTAAGTGAAGAG	AMRU_CQ	GCCTCTAAGTGAAGAG	SRR11008277	277_GCCTCTAAGTGAAGAG	TRUE
AMRU_CQ_GCCTCTACAAGCCCAC	AMRU_CQ	GCCTCTACAAGCCCAC	SRR11008277	277_GCCTCTACAAGCCCAC	TRUE
AMRU_CQ_GCCTCTAGTCCGAAGA	AMRU_CQ	GCCTCTAGTCCGAAGA	SRR11008277	277_GCCTCTAGTCCGAAGA	TRUE
AMRU_CQ_GCCTCTATCCCATTTA	AMRU_CQ	GCCTCTATCCCATTTA	SRR11008277	277_GCCTCTATCCCATTTA	TRUE
AMRU_CQ_GCGACCAAGCATCATC	AMRU_CQ	GCGACCAAGCATCATC	SRR11008277	277_GCGACCAAGCATCATC	TRUE
AMRU_CQ_GCGACCAGTGCAACGA	AMRU_CQ	GCGACCAGTGCAACGA	SRR11008277	277_GCGACCAGTGCAACGA	TRUE
AMRU_CQ_GCGACCAGTTCCCGAG	AMRU_CQ	GCGACCAGTTCCCGAG	SRR11008277	277_GCGACCAGTTCCCGAG	TRUE
AMRU_CQ_GCGAGAAAGACCACGA	AMRU_CQ	GCGAGAAAGACCACGA	SRR11008277	277_GCGAGAAAGACCACGA	TRUE
AMRU_CQ_GCGAGAACACATTTCT	AMRU_CQ	GCGAGAACACATTTCT	SRR11008277	277_GCGAGAACACATTTCT	TRUE
AMRU_CQ_GCGAGAATCCCGGATG	AMRU_CQ	GCGAGAATCCCGGATG	SRR11008277	277_GCGAGAATCCCGGATG	TRUE
AMRU_CQ_GCGAGAATCGAACGGA	AMRU_CQ	GCGAGAATCGAACGGA	SRR11008277	277_GCGAGAATCGAACGGA	TRUE
AMRU_CQ_GCGAGAATCTCGAGTA	AMRU_CQ	GCGAGAATCTCGAGTA	SRR11008277	277_GCGAGAATCTCGAGTA	TRUE
AMRU_CQ_GCGCAACAGCACACAG	AMRU_CQ	GCGCAACAGCACACAG	SRR11008277	277_GCGCAACAGCACACAG	TRUE
AMRU_CQ_GCGCAACGTTCAGTAC	AMRU_CQ	GCGCAACGTTCAGTAC	SRR11008277	277_GCGCAACGTTCAGTAC	TRUE
AMRU_CQ_GCGCAGTAGAAGGTGA	AMRU_CQ	GCGCAGTAGAAGGTGA	SRR11008277	277_GCGCAGTAGAAGGTGA	TRUE
AMRU_CQ_GCGCAGTCAAGGTTCT	AMRU_CQ	GCGCAGTCAAGGTTCT	SRR11008277	277_GCGCAGTCAAGGTTCT	TRUE
AMRU_CQ_GCGCAGTTCACTATTC	AMRU_CQ	GCGCAGTTCACTATTC	SRR11008277	277_GCGCAGTTCACTATTC	TRUE
AMRU_CQ_GCGCAGTTCATAAAGG	AMRU_CQ	GCGCAGTTCATAAAGG	SRR11008277	277_GCGCAGTTCATAAAGG	TRUE
AMRU_CQ_GCGCAGTTCCGCGCAA	AMRU_CQ	GCGCAGTTCCGCGCAA	SRR11008277	277_GCGCAGTTCCGCGCAA	TRUE
AMRU_CQ_GCGCCAACAGGTGCCT	AMRU_CQ	GCGCCAACAGGTGCCT	SRR11008277	277_GCGCCAACAGGTGCCT	TRUE
AMRU_CQ_GCGCCAAGTGGCTCCA	AMRU_CQ	GCGCCAAGTGGCTCCA	SRR11008277	277_GCGCCAAGTGGCTCCA	TRUE
AMRU_CQ_GCGCGATAGAAACCGC	AMRU_CQ	GCGCGATAGAAACCGC	SRR11008277	277_GCGCGATAGAAACCGC	TRUE
AMRU_CQ_GCGCGATAGATATACG	AMRU_CQ	GCGCGATAGATATACG	SRR11008277	277_GCGCGATAGATATACG	TRUE
AMRU_CQ_GCGCGATTCTAACCGA	AMRU_CQ	GCGCGATTCTAACCGA	SRR11008277	277_GCGCGATTCTAACCGA	TRUE
AMRU_CQ_GCGGGTTAGGGCATGT	AMRU_CQ	GCGGGTTAGGGCATGT	SRR11008277	277_GCGGGTTAGGGCATGT	TRUE
AMRU_CQ_GCGGGTTCAATCACAC	AMRU_CQ	GCGGGTTCAATCACAC	SRR11008277	277_GCGGGTTCAATCACAC	TRUE
AMRU_CQ_GCGGGTTGTCATCCCT	AMRU_CQ	GCGGGTTGTCATCCCT	SRR11008277	277_GCGGGTTGTCATCCCT	TRUE
AMRU_CQ_GCGGGTTGTTACCAGT	AMRU_CQ	GCGGGTTGTTACCAGT	SRR11008277	277_GCGGGTTGTTACCAGT	TRUE
AMRU_CQ_GCGGGTTGTTATGCGT	AMRU_CQ	GCGGGTTGTTATGCGT	SRR11008277	277_GCGGGTTGTTATGCGT	TRUE
AMRU_CQ_GCTCCTAAGTGCCAGA	AMRU_CQ	GCTCCTAAGTGCCAGA	SRR11008277	277_GCTCCTAAGTGCCAGA	TRUE
AMRU_CQ_GCTCCTACACTTCGAA	AMRU_CQ	GCTCCTACACTTCGAA	SRR11008277	277_GCTCCTACACTTCGAA	TRUE
AMRU_CQ_GCTCCTACAGCCTTGG	AMRU_CQ	GCTCCTACAGCCTTGG	SRR11008277	277_GCTCCTACAGCCTTGG	TRUE
AMRU_CQ_GCTCCTAGTGGTGTAG	AMRU_CQ	GCTCCTAGTGGTGTAG	SRR11008277	277_GCTCCTAGTGGTGTAG	TRUE
AMRU_CQ_GCTCTGTCAGATCTGT	AMRU_CQ	GCTCTGTCAGATCTGT	SRR11008277	277_GCTCTGTCAGATCTGT	TRUE
AMRU_CQ_GCTCTGTCAGGATTGG	AMRU_CQ	GCTCTGTCAGGATTGG	SRR11008277	277_GCTCTGTCAGGATTGG	TRUE
AMRU_CQ_GCTCTGTTCGTCGTTC	AMRU_CQ	GCTCTGTTCGTCGTTC	SRR11008277	277_GCTCTGTTCGTCGTTC	TRUE
AMRU_CQ_GCTGCAGAGCCATCGC	AMRU_CQ	GCTGCAGAGCCATCGC	SRR11008277	277_GCTGCAGAGCCATCGC	TRUE
AMRU_CQ_GCTGCAGTCAAGGTAA	AMRU_CQ	GCTGCAGTCAAGGTAA	SRR11008277	277_GCTGCAGTCAAGGTAA	TRUE
AMRU_CQ_GCTGCGAAGCTAGTTC	AMRU_CQ	GCTGCGAAGCTAGTTC	SRR11008277	277_GCTGCGAAGCTAGTTC	TRUE
AMRU_CQ_GCTGCGACATGTTCCC	AMRU_CQ	GCTGCGACATGTTCCC	SRR11008277	277_GCTGCGACATGTTCCC	TRUE
AMRU_CQ_GCTGCTTAGCACCGCT	AMRU_CQ	GCTGCTTAGCACCGCT	SRR11008277	277_GCTGCTTAGCACCGCT	TRUE
AMRU_CQ_GCTGCTTCAGCGTTCG	AMRU_CQ	GCTGCTTCAGCGTTCG	SRR11008277	277_GCTGCTTCAGCGTTCG	TRUE
AMRU_CQ_GCTGCTTCATTCTTAC	AMRU_CQ	GCTGCTTCATTCTTAC	SRR11008277	277_GCTGCTTCATTCTTAC	TRUE
AMRU_CQ_GCTGCTTTCAACGGGA	AMRU_CQ	GCTGCTTTCAACGGGA	SRR11008277	277_GCTGCTTTCAACGGGA	TRUE
AMRU_CQ_GCTGCTTTCGCATGAT	AMRU_CQ	GCTGCTTTCGCATGAT	SRR11008277	277_GCTGCTTTCGCATGAT	TRUE
AMRU_CQ_GCTGGGTGTCTAGTCA	AMRU_CQ	GCTGGGTGTCTAGTCA	SRR11008277	277_GCTGGGTGTCTAGTCA	TRUE
AMRU_CQ_GCTGGGTTCTTGTATC	AMRU_CQ	GCTGGGTTCTTGTATC	SRR11008277	277_GCTGGGTTCTTGTATC	TRUE
AMRU_CQ_GCTTCCAGTACATGTC	AMRU_CQ	GCTTCCAGTACATGTC	SRR11008277	277_GCTTCCAGTACATGTC	TRUE
AMRU_CQ_GCTTCCATCGTATCAG	AMRU_CQ	GCTTCCATCGTATCAG	SRR11008277	277_GCTTCCATCGTATCAG	TRUE
AMRU_CQ_GCTTGAAAGCGCTCCA	AMRU_CQ	GCTTGAAAGCGCTCCA	SRR11008277	277_GCTTGAAAGCGCTCCA	TRUE
AMRU_CQ_GCTTGAACACAACGTT	AMRU_CQ	GCTTGAACACAACGTT	SRR11008277	277_GCTTGAACACAACGTT	TRUE
AMRU_CQ_GCTTGAACATCGGTTA	AMRU_CQ	GCTTGAACATCGGTTA	SRR11008277	277_GCTTGAACATCGGTTA	TRUE
AMRU_CQ_GCTTGAAGTATAAACG	AMRU_CQ	GCTTGAAGTATAAACG	SRR11008277	277_GCTTGAAGTATAAACG	TRUE
AMRU_CQ_GCTTGAAGTCGAGATG	AMRU_CQ	GCTTGAAGTCGAGATG	SRR11008277	277_GCTTGAAGTCGAGATG	TRUE
AMRU_CQ_GCTTGAATCATTGCCC	AMRU_CQ	GCTTGAATCATTGCCC	SRR11008277	277_GCTTGAATCATTGCCC	TRUE
AMRU_CQ_GGAAAGCAGCTGTCTA	AMRU_CQ	GGAAAGCAGCTGTCTA	SRR11008277	277_GGAAAGCAGCTGTCTA	TRUE
AMRU_CQ_GGAAAGCAGTGTTTGC	AMRU_CQ	GGAAAGCAGTGTTTGC	SRR11008277	277_GGAAAGCAGTGTTTGC	TRUE
AMRU_CQ_GGAAAGCCACCGATAT	AMRU_CQ	GGAAAGCCACCGATAT	SRR11008277	277_GGAAAGCCACCGATAT	TRUE
AMRU_CQ_GGAAAGCCACTTGGAT	AMRU_CQ	GGAAAGCCACTTGGAT	SRR11008277	277_GGAAAGCCACTTGGAT	TRUE
AMRU_CQ_GGAAAGCGTCTTGATG	AMRU_CQ	GGAAAGCGTCTTGATG	SRR11008277	277_GGAAAGCGTCTTGATG	TRUE
AMRU_CQ_GGAAAGCGTTATCCGA	AMRU_CQ	GGAAAGCGTTATCCGA	SRR11008277	277_GGAAAGCGTTATCCGA	TRUE
AMRU_CQ_GGAAAGCTCCTTGACC	AMRU_CQ	GGAAAGCTCCTTGACC	SRR11008277	277_GGAAAGCTCCTTGACC	TRUE
AMRU_CQ_GGAACTTCACGCTTTC	AMRU_CQ	GGAACTTCACGCTTTC	SRR11008277	277_GGAACTTCACGCTTTC	TRUE
AMRU_CQ_GGAACTTTCAAACGGG	AMRU_CQ	GGAACTTTCAAACGGG	SRR11008277	277_GGAACTTTCAAACGGG	TRUE
AMRU_CQ_GGAACTTTCATGCATG	AMRU_CQ	GGAACTTTCATGCATG	SRR11008277	277_GGAACTTTCATGCATG	TRUE
AMRU_CQ_GGAATAAAGGCCGAAT	AMRU_CQ	GGAATAAAGGCCGAAT	SRR11008277	277_GGAATAAAGGCCGAAT	TRUE
AMRU_CQ_GGACAAGCATGTAGTC	AMRU_CQ	GGACAAGCATGTAGTC	SRR11008277	277_GGACAAGCATGTAGTC	TRUE
AMRU_CQ_GGACAAGGTCACCTAA	AMRU_CQ	GGACAAGGTCACCTAA	SRR11008277	277_GGACAAGGTCACCTAA	TRUE
AMRU_CQ_GGACAAGGTTGGGACA	AMRU_CQ	GGACAAGGTTGGGACA	SRR11008277	277_GGACAAGGTTGGGACA	TRUE
AMRU_CQ_GGACAAGTCAAGCCTA	AMRU_CQ	GGACAAGTCAAGCCTA	SRR11008277	277_GGACAAGTCAAGCCTA	TRUE
AMRU_CQ_GGACAGACAAGCGCTC	AMRU_CQ	GGACAGACAAGCGCTC	SRR11008277	277_GGACAGACAAGCGCTC	TRUE
AMRU_CQ_GGACAGACACACAGAG	AMRU_CQ	GGACAGACACACAGAG	SRR11008277	277_GGACAGACACACAGAG	TRUE
AMRU_CQ_GGACAGACAGGATCGA	AMRU_CQ	GGACAGACAGGATCGA	SRR11008277	277_GGACAGACAGGATCGA	TRUE
AMRU_CQ_GGACAGACATATGAGA	AMRU_CQ	GGACAGACATATGAGA	SRR11008277	277_GGACAGACATATGAGA	TRUE
AMRU_CQ_GGACAGAGTTCTGGTA	AMRU_CQ	GGACAGAGTTCTGGTA	SRR11008277	277_GGACAGAGTTCTGGTA	TRUE
AMRU_CQ_GGACAGATCCACTGGG	AMRU_CQ	GGACAGATCCACTGGG	SRR11008277	277_GGACAGATCCACTGGG	TRUE
AMRU_CQ_GGACATTCAAGAAAGG	AMRU_CQ	GGACATTCAAGAAAGG	SRR11008277	277_GGACATTCAAGAAAGG	TRUE
AMRU_CQ_GGACATTCACAGGAGT	AMRU_CQ	GGACATTCACAGGAGT	SRR11008277	277_GGACATTCACAGGAGT	TRUE
AMRU_CQ_GGACATTCAGACGCCT	AMRU_CQ	GGACATTCAGACGCCT	SRR11008277	277_GGACATTCAGACGCCT	TRUE
AMRU_CQ_GGACATTGTTCAACCA	AMRU_CQ	GGACATTGTTCAACCA	SRR11008277	277_GGACATTGTTCAACCA	TRUE
AMRU_CQ_GGACGTCAGCGGCTTC	AMRU_CQ	GGACGTCAGCGGCTTC	SRR11008277	277_GGACGTCAGCGGCTTC	TRUE
AMRU_CQ_GGACGTCAGGCCGAAT	AMRU_CQ	GGACGTCAGGCCGAAT	SRR11008277	277_GGACGTCAGGCCGAAT	TRUE
AMRU_CQ_GGACGTCCAGCGTAAG	AMRU_CQ	GGACGTCCAGCGTAAG	SRR11008277	277_GGACGTCCAGCGTAAG	TRUE
AMRU_CQ_GGACGTCTCACGAAGG	AMRU_CQ	GGACGTCTCACGAAGG	SRR11008277	277_GGACGTCTCACGAAGG	TRUE
AMRU_CQ_GGACGTCTCACTATTC	AMRU_CQ	GGACGTCTCACTATTC	SRR11008277	277_GGACGTCTCACTATTC	TRUE
AMRU_CQ_GGACGTCTCAGTGCAT	AMRU_CQ	GGACGTCTCAGTGCAT	SRR11008277	277_GGACGTCTCAGTGCAT	TRUE
AMRU_CQ_GGACGTCTCCAAACTG	AMRU_CQ	GGACGTCTCCAAACTG	SRR11008277	277_GGACGTCTCCAAACTG	TRUE
AMRU_CQ_GGAGCAAAGGTCGGAT	AMRU_CQ	GGAGCAAAGGTCGGAT	SRR11008277	277_GGAGCAAAGGTCGGAT	TRUE
AMRU_CQ_GGAGCAAGTTGGAGGT	AMRU_CQ	GGAGCAAGTTGGAGGT	SRR11008277	277_GGAGCAAGTTGGAGGT	TRUE
AMRU_CQ_GGAGCAATCTCGATGA	AMRU_CQ	GGAGCAATCTCGATGA	SRR11008277	277_GGAGCAATCTCGATGA	TRUE
AMRU_CQ_GGATGTTAGTCAAGCG	AMRU_CQ	GGATGTTAGTCAAGCG	SRR11008277	277_GGATGTTAGTCAAGCG	TRUE
AMRU_CQ_GGATGTTTCCAGATCA	AMRU_CQ	GGATGTTTCCAGATCA	SRR11008277	277_GGATGTTTCCAGATCA	TRUE
AMRU_CQ_GGATGTTTCTCAAGTG	AMRU_CQ	GGATGTTTCTCAAGTG	SRR11008277	277_GGATGTTTCTCAAGTG	TRUE
AMRU_CQ_GGATTACGTAAGGGAA	AMRU_CQ	GGATTACGTAAGGGAA	SRR11008277	277_GGATTACGTAAGGGAA	TRUE
AMRU_CQ_GGATTACTCACATACG	AMRU_CQ	GGATTACTCACATACG	SRR11008277	277_GGATTACTCACATACG	TRUE
AMRU_CQ_GGATTACTCCTCAACC	AMRU_CQ	GGATTACTCCTCAACC	SRR11008277	277_GGATTACTCCTCAACC	TRUE
AMRU_CQ_GGCAATTAGGCAAAGA	AMRU_CQ	GGCAATTAGGCAAAGA	SRR11008277	277_GGCAATTAGGCAAAGA	TRUE
AMRU_CQ_GGCAATTAGTGCGTGA	AMRU_CQ	GGCAATTAGTGCGTGA	SRR11008277	277_GGCAATTAGTGCGTGA	TRUE
AMRU_CQ_GGCAATTTCAGCTCGG	AMRU_CQ	GGCAATTTCAGCTCGG	SRR11008277	277_GGCAATTTCAGCTCGG	TRUE
AMRU_CQ_GGCAATTTCTCGGACG	AMRU_CQ	GGCAATTTCTCGGACG	SRR11008277	277_GGCAATTTCTCGGACG	TRUE
AMRU_CQ_GGCCGATAGCGCCTCA	AMRU_CQ	GGCCGATAGCGCCTCA	SRR11008277	277_GGCCGATAGCGCCTCA	TRUE
AMRU_CQ_GGCCGATAGCTGCCCA	AMRU_CQ	GGCCGATAGCTGCCCA	SRR11008277	277_GGCCGATAGCTGCCCA	TRUE
AMRU_CQ_GGCCGATCAAGAAGAG	AMRU_CQ	GGCCGATCAAGAAGAG	SRR11008277	277_GGCCGATCAAGAAGAG	TRUE
AMRU_CQ_GGCCGATCACTGTCGG	AMRU_CQ	GGCCGATCACTGTCGG	SRR11008277	277_GGCCGATCACTGTCGG	TRUE
AMRU_CQ_GGCCGATGTCAGGACA	AMRU_CQ	GGCCGATGTCAGGACA	SRR11008277	277_GGCCGATGTCAGGACA	TRUE
AMRU_CQ_GGCGACTAGAGTGAGA	AMRU_CQ	GGCGACTAGAGTGAGA	SRR11008277	277_GGCGACTAGAGTGAGA	TRUE
AMRU_CQ_GGCGACTCACCACCAG	AMRU_CQ	GGCGACTCACCACCAG	SRR11008277	277_GGCGACTCACCACCAG	TRUE
AMRU_CQ_GGCGACTGTGAAGGCT	AMRU_CQ	GGCGACTGTGAAGGCT	SRR11008277	277_GGCGACTGTGAAGGCT	TRUE
AMRU_CQ_GGCGACTGTTCGTTGA	AMRU_CQ	GGCGACTGTTCGTTGA	SRR11008277	277_GGCGACTGTTCGTTGA	TRUE
AMRU_CQ_GGCGACTTCAACCATG	AMRU_CQ	GGCGACTTCAACCATG	SRR11008277	277_GGCGACTTCAACCATG	TRUE
AMRU_CQ_GGCGACTTCCAAACTG	AMRU_CQ	GGCGACTTCCAAACTG	SRR11008277	277_GGCGACTTCCAAACTG	TRUE
AMRU_CQ_GGCGACTTCGCCCTTA	AMRU_CQ	GGCGACTTCGCCCTTA	SRR11008277	277_GGCGACTTCGCCCTTA	TRUE
AMRU_CQ_GGCGTGTGTACTTGAC	AMRU_CQ	GGCGTGTGTACTTGAC	SRR11008277	277_GGCGTGTGTACTTGAC	TRUE
AMRU_CQ_GGCTCGAAGCAACGGT	AMRU_CQ	GGCTCGAAGCAACGGT	SRR11008277	277_GGCTCGAAGCAACGGT	TRUE
AMRU_CQ_GGCTCGAAGCGATAGC	AMRU_CQ	GGCTCGAAGCGATAGC	SRR11008277	277_GGCTCGAAGCGATAGC	TRUE
AMRU_CQ_GGCTCGACAAAGAATC	AMRU_CQ	GGCTCGACAAAGAATC	SRR11008277	277_GGCTCGACAAAGAATC	TRUE
AMRU_CQ_GGCTCGACAAGCCGTC	AMRU_CQ	GGCTCGACAAGCCGTC	SRR11008277	277_GGCTCGACAAGCCGTC	TRUE
AMRU_CQ_GGCTCGACACCAGGTC	AMRU_CQ	GGCTCGACACCAGGTC	SRR11008277	277_GGCTCGACACCAGGTC	TRUE
AMRU_CQ_GGCTCGAGTAATTGGA	AMRU_CQ	GGCTCGAGTAATTGGA	SRR11008277	277_GGCTCGAGTAATTGGA	TRUE
AMRU_CQ_GGCTCGAGTCTGGTCG	AMRU_CQ	GGCTCGAGTCTGGTCG	SRR11008277	277_GGCTCGAGTCTGGTCG	TRUE
AMRU_CQ_GGCTCGATCCGTCAAA	AMRU_CQ	GGCTCGATCCGTCAAA	SRR11008277	277_GGCTCGATCCGTCAAA	TRUE
AMRU_CQ_GGCTGGTAGCTCCTCT	AMRU_CQ	GGCTGGTAGCTCCTCT	SRR11008277	277_GGCTGGTAGCTCCTCT	TRUE
AMRU_CQ_GGCTGGTCATTCCTCG	AMRU_CQ	GGCTGGTCATTCCTCG	SRR11008277	277_GGCTGGTCATTCCTCG	TRUE
AMRU_CQ_GGGACCTAGATACACA	AMRU_CQ	GGGACCTAGATACACA	SRR11008277	277_GGGACCTAGATACACA	TRUE
AMRU_CQ_GGGACCTCAGCCTTGG	AMRU_CQ	GGGACCTCAGCCTTGG	SRR11008277	277_GGGACCTCAGCCTTGG	TRUE
AMRU_CQ_GGGACCTCAGCTGCTG	AMRU_CQ	GGGACCTCAGCTGCTG	SRR11008277	277_GGGACCTCAGCTGCTG	TRUE
AMRU_CQ_GGGACCTGTCTAGTGT	AMRU_CQ	GGGACCTGTCTAGTGT	SRR11008277	277_GGGACCTGTCTAGTGT	TRUE
AMRU_CQ_GGGACCTTCAGCACAT	AMRU_CQ	GGGACCTTCAGCACAT	SRR11008277	277_GGGACCTTCAGCACAT	TRUE
AMRU_CQ_GGGAGATGTTATCCGA	AMRU_CQ	GGGAGATGTTATCCGA	SRR11008277	277_GGGAGATGTTATCCGA	TRUE
AMRU_CQ_GGGAGATTCGACCAGC	AMRU_CQ	GGGAGATTCGACCAGC	SRR11008277	277_GGGAGATTCGACCAGC	TRUE
AMRU_CQ_GGGATGACAAGTCATC	AMRU_CQ	GGGATGACAAGTCATC	SRR11008277	277_GGGATGACAAGTCATC	TRUE
AMRU_CQ_GGGATGACATCAGTCA	AMRU_CQ	GGGATGACATCAGTCA	SRR11008277	277_GGGATGACATCAGTCA	TRUE
AMRU_CQ_GGGATGAGTAGATTAG	AMRU_CQ	GGGATGAGTAGATTAG	SRR11008277	277_GGGATGAGTAGATTAG	TRUE
AMRU_CQ_GGGCACTTCTAGCACA	AMRU_CQ	GGGCACTTCTAGCACA	SRR11008277	277_GGGCACTTCTAGCACA	TRUE
AMRU_CQ_GGGCATCAGGCCGAAT	AMRU_CQ	GGGCATCAGGCCGAAT	SRR11008277	277_GGGCATCAGGCCGAAT	TRUE
AMRU_CQ_GGGCATCGTAAGAGAG	AMRU_CQ	GGGCATCGTAAGAGAG	SRR11008277	277_GGGCATCGTAAGAGAG	TRUE
AMRU_CQ_GGGCATCTCACATAGC	AMRU_CQ	GGGCATCTCACATAGC	SRR11008277	277_GGGCATCTCACATAGC	TRUE
AMRU_CQ_GGGCATCTCCCACTTG	AMRU_CQ	GGGCATCTCCCACTTG	SRR11008277	277_GGGCATCTCCCACTTG	TRUE
AMRU_CQ_GGGCATCTCGTCGTTC	AMRU_CQ	GGGCATCTCGTCGTTC	SRR11008277	277_GGGCATCTCGTCGTTC	TRUE
AMRU_CQ_GGGTCTGCACAACGTT	AMRU_CQ	GGGTCTGCACAACGTT	SRR11008277	277_GGGTCTGCACAACGTT	TRUE
AMRU_CQ_GGGTTGCCAGCCACCA	AMRU_CQ	GGGTTGCCAGCCACCA	SRR11008277	277_GGGTTGCCAGCCACCA	TRUE
AMRU_CQ_GGGTTGCCAGCCAGAA	AMRU_CQ	GGGTTGCCAGCCAGAA	SRR11008277	277_GGGTTGCCAGCCAGAA	TRUE
AMRU_CQ_GGGTTGCCAGCTGCAC	AMRU_CQ	GGGTTGCCAGCTGCAC	SRR11008277	277_GGGTTGCCAGCTGCAC	TRUE
AMRU_CQ_GGGTTGCGTAGGCATG	AMRU_CQ	GGGTTGCGTAGGCATG	SRR11008277	277_GGGTTGCGTAGGCATG	TRUE
AMRU_CQ_GGGTTGCGTGCCTGCA	AMRU_CQ	GGGTTGCGTGCCTGCA	SRR11008277	277_GGGTTGCGTGCCTGCA	TRUE
AMRU_CQ_GGTATTGAGATAGTCA	AMRU_CQ	GGTATTGAGATAGTCA	SRR11008277	277_GGTATTGAGATAGTCA	TRUE
AMRU_CQ_GGTATTGCACAGGCCT	AMRU_CQ	GGTATTGCACAGGCCT	SRR11008277	277_GGTATTGCACAGGCCT	TRUE
AMRU_CQ_GGTATTGGTCCATCCT	AMRU_CQ	GGTATTGGTCCATCCT	SRR11008277	277_GGTATTGGTCCATCCT	TRUE
AMRU_CQ_GGTATTGTCGTCCAGG	AMRU_CQ	GGTATTGTCGTCCAGG	SRR11008277	277_GGTATTGTCGTCCAGG	TRUE
AMRU_CQ_GGTGAAGAGATGGGTC	AMRU_CQ	GGTGAAGAGATGGGTC	SRR11008277	277_GGTGAAGAGATGGGTC	TRUE
AMRU_CQ_GGTGAAGAGCTTCGCG	AMRU_CQ	GGTGAAGAGCTTCGCG	SRR11008277	277_GGTGAAGAGCTTCGCG	TRUE
AMRU_CQ_GGTGAAGCAGACGCCT	AMRU_CQ	GGTGAAGCAGACGCCT	SRR11008277	277_GGTGAAGCAGACGCCT	TRUE
AMRU_CQ_GGTGAAGGTCGAGATG	AMRU_CQ	GGTGAAGGTCGAGATG	SRR11008277	277_GGTGAAGGTCGAGATG	TRUE
AMRU_CQ_GGTGAAGTCGCAAGCC	AMRU_CQ	GGTGAAGTCGCAAGCC	SRR11008277	277_GGTGAAGTCGCAAGCC	TRUE
AMRU_CQ_GGTGCGTAGACAATAC	AMRU_CQ	GGTGCGTAGACAATAC	SRR11008277	277_GGTGCGTAGACAATAC	TRUE
AMRU_CQ_GGTGCGTAGAGTGAGA	AMRU_CQ	GGTGCGTAGAGTGAGA	SRR11008277	277_GGTGCGTAGAGTGAGA	TRUE
AMRU_CQ_GGTGCGTCATAGAAAC	AMRU_CQ	GGTGCGTCATAGAAAC	SRR11008277	277_GGTGCGTCATAGAAAC	TRUE
AMRU_CQ_GGTGCGTGTCAGGACA	AMRU_CQ	GGTGCGTGTCAGGACA	SRR11008277	277_GGTGCGTGTCAGGACA	TRUE
AMRU_CQ_GGTGCGTTCCAAATGC	AMRU_CQ	GGTGCGTTCCAAATGC	SRR11008277	277_GGTGCGTTCCAAATGC	TRUE
AMRU_CQ_GGTGTTACAGATCTGT	AMRU_CQ	GGTGTTACAGATCTGT	SRR11008277	277_GGTGTTACAGATCTGT	TRUE
AMRU_CQ_GGTGTTAGTGGTAACG	AMRU_CQ	GGTGTTAGTGGTAACG	SRR11008277	277_GGTGTTAGTGGTAACG	TRUE
AMRU_CQ_GTAACGTCAAGTCTGT	AMRU_CQ	GTAACGTCAAGTCTGT	SRR11008277	277_GTAACGTCAAGTCTGT	TRUE
AMRU_CQ_GTAACGTCACTTGGAT	AMRU_CQ	GTAACGTCACTTGGAT	SRR11008277	277_GTAACGTCACTTGGAT	TRUE
AMRU_CQ_GTAACGTCATTGCGGC	AMRU_CQ	GTAACGTCATTGCGGC	SRR11008277	277_GTAACGTCATTGCGGC	TRUE
AMRU_CQ_GTAACGTTCACCGGGT	AMRU_CQ	GTAACGTTCACCGGGT	SRR11008277	277_GTAACGTTCACCGGGT	TRUE
AMRU_CQ_GTAACGTTCCGAGCCA	AMRU_CQ	GTAACGTTCCGAGCCA	SRR11008277	277_GTAACGTTCCGAGCCA	TRUE
AMRU_CQ_GTAACGTTCTGTCCGT	AMRU_CQ	GTAACGTTCTGTCCGT	SRR11008277	277_GTAACGTTCTGTCCGT	TRUE
AMRU_CQ_GTAACTGCAGTCAGCC	AMRU_CQ	GTAACTGCAGTCAGCC	SRR11008277	277_GTAACTGCAGTCAGCC	TRUE
AMRU_CQ_GTAACTGCATACGCCG	AMRU_CQ	GTAACTGCATACGCCG	SRR11008277	277_GTAACTGCATACGCCG	TRUE
AMRU_CQ_GTAACTGCATTAGCCA	AMRU_CQ	GTAACTGCATTAGCCA	SRR11008277	277_GTAACTGCATTAGCCA	TRUE
AMRU_CQ_GTAACTGGTCTAGAGG	AMRU_CQ	GTAACTGGTCTAGAGG	SRR11008277	277_GTAACTGGTCTAGAGG	TRUE
AMRU_CQ_GTAACTGGTGGCGAAT	AMRU_CQ	GTAACTGGTGGCGAAT	SRR11008277	277_GTAACTGGTGGCGAAT	TRUE
AMRU_CQ_GTACGTAAGAACAACT	AMRU_CQ	GTACGTAAGAACAACT	SRR11008277	277_GTACGTAAGAACAACT	TRUE
AMRU_CQ_GTACGTATCAACCATG	AMRU_CQ	GTACGTATCAACCATG	SRR11008277	277_GTACGTATCAACCATG	TRUE
AMRU_CQ_GTACTCCAGGTGATAT	AMRU_CQ	GTACTCCAGGTGATAT	SRR11008277	277_GTACTCCAGGTGATAT	TRUE
AMRU_CQ_GTACTCCGTGGACGAT	AMRU_CQ	GTACTCCGTGGACGAT	SRR11008277	277_GTACTCCGTGGACGAT	TRUE
AMRU_CQ_GTACTCCGTGTGACGA	AMRU_CQ	GTACTCCGTGTGACGA	SRR11008277	277_GTACTCCGTGTGACGA	TRUE
AMRU_CQ_GTACTCCTCCAGATCA	AMRU_CQ	GTACTCCTCCAGATCA	SRR11008277	277_GTACTCCTCCAGATCA	TRUE
AMRU_CQ_GTACTTTAGTTTCCTT	AMRU_CQ	GTACTTTAGTTTCCTT	SRR11008277	277_GTACTTTAGTTTCCTT	TRUE
AMRU_CQ_GTACTTTGTGTCAATC	AMRU_CQ	GTACTTTGTGTCAATC	SRR11008277	277_GTACTTTGTGTCAATC	TRUE
AMRU_CQ_GTACTTTTCCCTGACT	AMRU_CQ	GTACTTTTCCCTGACT	SRR11008277	277_GTACTTTTCCCTGACT	TRUE
AMRU_CQ_GTAGGCCAGTACGCCC	AMRU_CQ	GTAGGCCAGTACGCCC	SRR11008277	277_GTAGGCCAGTACGCCC	TRUE
AMRU_CQ_GTAGGCCCAACGATCT	AMRU_CQ	GTAGGCCCAACGATCT	SRR11008277	277_GTAGGCCCAACGATCT	TRUE
AMRU_CQ_GTAGGCCCAGTGACAG	AMRU_CQ	GTAGGCCCAGTGACAG	SRR11008277	277_GTAGGCCCAGTGACAG	TRUE
AMRU_CQ_GTAGTCACAAGACACG	AMRU_CQ	GTAGTCACAAGACACG	SRR11008277	277_GTAGTCACAAGACACG	TRUE
AMRU_CQ_GTAGTCAGTAGCGTCC	AMRU_CQ	GTAGTCAGTAGCGTCC	SRR11008277	277_GTAGTCAGTAGCGTCC	TRUE
AMRU_CQ_GTAGTCAGTTGAGGTG	AMRU_CQ	GTAGTCAGTTGAGGTG	SRR11008277	277_GTAGTCAGTTGAGGTG	TRUE
AMRU_CQ_GTAGTCATCAGTCAGT	AMRU_CQ	GTAGTCATCAGTCAGT	SRR11008277	277_GTAGTCATCAGTCAGT	TRUE
AMRU_CQ_GTATCTTAGGATGGTC	AMRU_CQ	GTATCTTAGGATGGTC	SRR11008277	277_GTATCTTAGGATGGTC	TRUE
AMRU_CQ_GTATCTTAGGGTATCG	AMRU_CQ	GTATCTTAGGGTATCG	SRR11008277	277_GTATCTTAGGGTATCG	TRUE
AMRU_CQ_GTATCTTAGTGTTTGC	AMRU_CQ	GTATCTTAGTGTTTGC	SRR11008277	277_GTATCTTAGTGTTTGC	TRUE
AMRU_CQ_GTATCTTCAAGACGTG	AMRU_CQ	GTATCTTCAAGACGTG	SRR11008277	277_GTATCTTCAAGACGTG	TRUE
AMRU_CQ_GTATCTTCACACCGAC	AMRU_CQ	GTATCTTCACACCGAC	SRR11008277	277_GTATCTTCACACCGAC	TRUE
AMRU_CQ_GTATCTTGTCTCTCTG	AMRU_CQ	GTATCTTGTCTCTCTG	SRR11008277	277_GTATCTTGTCTCTCTG	TRUE
AMRU_CQ_GTATCTTTCAGCTCTC	AMRU_CQ	GTATCTTTCAGCTCTC	SRR11008277	277_GTATCTTTCAGCTCTC	TRUE
AMRU_CQ_GTATCTTTCATTATCC	AMRU_CQ	GTATCTTTCATTATCC	SRR11008277	277_GTATCTTTCATTATCC	TRUE
AMRU_CQ_GTATCTTTCGGTGTTA	AMRU_CQ	GTATCTTTCGGTGTTA	SRR11008277	277_GTATCTTTCGGTGTTA	TRUE
AMRU_CQ_GTATTCTAGCTCAACT	AMRU_CQ	GTATTCTAGCTCAACT	SRR11008277	277_GTATTCTAGCTCAACT	TRUE
AMRU_CQ_GTATTCTAGGCCCGTT	AMRU_CQ	GTATTCTAGGCCCGTT	SRR11008277	277_GTATTCTAGGCCCGTT	TRUE
AMRU_CQ_GTATTCTCAGATCTGT	AMRU_CQ	GTATTCTCAGATCTGT	SRR11008277	277_GTATTCTCAGATCTGT	TRUE
AMRU_CQ_GTCAAGTAGAAACCTA	AMRU_CQ	GTCAAGTAGAAACCTA	SRR11008277	277_GTCAAGTAGAAACCTA	TRUE
AMRU_CQ_GTCAAGTAGAGCTGGT	AMRU_CQ	GTCAAGTAGAGCTGGT	SRR11008277	277_GTCAAGTAGAGCTGGT	TRUE
AMRU_CQ_GTCAAGTCAGTCGATT	AMRU_CQ	GTCAAGTCAGTCGATT	SRR11008277	277_GTCAAGTCAGTCGATT	TRUE
AMRU_CQ_GTCAAGTGTATGAATG	AMRU_CQ	GTCAAGTGTATGAATG	SRR11008277	277_GTCAAGTGTATGAATG	TRUE
AMRU_CQ_GTCAAGTTCCGCAGTG	AMRU_CQ	GTCAAGTTCCGCAGTG	SRR11008277	277_GTCAAGTTCCGCAGTG	TRUE
AMRU_CQ_GTCACAATCAGGATCT	AMRU_CQ	GTCACAATCAGGATCT	SRR11008277	277_GTCACAATCAGGATCT	TRUE
AMRU_CQ_GTCACAATCCAGAGGA	AMRU_CQ	GTCACAATCCAGAGGA	SRR11008277	277_GTCACAATCCAGAGGA	TRUE
AMRU_CQ_GTCACAATCCCATTAT	AMRU_CQ	GTCACAATCCCATTAT	SRR11008277	277_GTCACAATCCCATTAT	TRUE
AMRU_CQ_GTCACGGAGCTGAACG	AMRU_CQ	GTCACGGAGCTGAACG	SRR11008277	277_GTCACGGAGCTGAACG	TRUE
AMRU_CQ_GTCATTTCAAACTGCT	AMRU_CQ	GTCATTTCAAACTGCT	SRR11008277	277_GTCATTTCAAACTGCT	TRUE
AMRU_CQ_GTCATTTGTCGCGTGT	AMRU_CQ	GTCATTTGTCGCGTGT	SRR11008277	277_GTCATTTGTCGCGTGT	TRUE
AMRU_CQ_GTCCTCAAGGTCGGAT	AMRU_CQ	GTCCTCAAGGTCGGAT	SRR11008277	277_GTCCTCAAGGTCGGAT	TRUE
AMRU_CQ_GTCGGGTGTAGCCTCG	AMRU_CQ	GTCGGGTGTAGCCTCG	SRR11008277	277_GTCGGGTGTAGCCTCG	TRUE
AMRU_CQ_GTCGGGTGTGCCTTGG	AMRU_CQ	GTCGGGTGTGCCTTGG	SRR11008277	277_GTCGGGTGTGCCTTGG	TRUE
AMRU_CQ_GTCGTAAAGTGGTAAT	AMRU_CQ	GTCGTAAAGTGGTAAT	SRR11008277	277_GTCGTAAAGTGGTAAT	TRUE
AMRU_CQ_GTCGTAACATCCTTGC	AMRU_CQ	GTCGTAACATCCTTGC	SRR11008277	277_GTCGTAACATCCTTGC	TRUE
AMRU_CQ_GTCGTAATCAACACTG	AMRU_CQ	GTCGTAATCAACACTG	SRR11008277	277_GTCGTAATCAACACTG	TRUE
AMRU_CQ_GTCTCGTAGATGTCGG	AMRU_CQ	GTCTCGTAGATGTCGG	SRR11008277	277_GTCTCGTAGATGTCGG	TRUE
AMRU_CQ_GTCTCGTAGGATGGAA	AMRU_CQ	GTCTCGTAGGATGGAA	SRR11008277	277_GTCTCGTAGGATGGAA	TRUE
AMRU_CQ_GTCTCGTCAATAAGCA	AMRU_CQ	GTCTCGTCAATAAGCA	SRR11008277	277_GTCTCGTCAATAAGCA	TRUE
AMRU_CQ_GTCTCGTCATACGCCG	AMRU_CQ	GTCTCGTCATACGCCG	SRR11008277	277_GTCTCGTCATACGCCG	TRUE
AMRU_CQ_GTCTCGTTCAGAGACG	AMRU_CQ	GTCTCGTTCAGAGACG	SRR11008277	277_GTCTCGTTCAGAGACG	TRUE
AMRU_CQ_GTCTTCGAGAAGATTC	AMRU_CQ	GTCTTCGAGAAGATTC	SRR11008277	277_GTCTTCGAGAAGATTC	TRUE
AMRU_CQ_GTCTTCGAGCGATATA	AMRU_CQ	GTCTTCGAGCGATATA	SRR11008277	277_GTCTTCGAGCGATATA	TRUE
AMRU_CQ_GTCTTCGAGGGCTTCC	AMRU_CQ	GTCTTCGAGGGCTTCC	SRR11008277	277_GTCTTCGAGGGCTTCC	TRUE
AMRU_CQ_GTCTTCGAGGTGATAT	AMRU_CQ	GTCTTCGAGGTGATAT	SRR11008277	277_GTCTTCGAGGTGATAT	TRUE
AMRU_CQ_GTCTTCGGTTATGTGC	AMRU_CQ	GTCTTCGGTTATGTGC	SRR11008277	277_GTCTTCGGTTATGTGC	TRUE
AMRU_CQ_GTGAAGGAGTGACATA	AMRU_CQ	GTGAAGGAGTGACATA	SRR11008277	277_GTGAAGGAGTGACATA	TRUE
AMRU_CQ_GTGAAGGCAACACCCG	AMRU_CQ	GTGAAGGCAACACCCG	SRR11008277	277_GTGAAGGCAACACCCG	TRUE
AMRU_CQ_GTGAAGGGTTTACTCT	AMRU_CQ	GTGAAGGGTTTACTCT	SRR11008277	277_GTGAAGGGTTTACTCT	TRUE
AMRU_CQ_GTGCAGCCACACAGAG	AMRU_CQ	GTGCAGCCACACAGAG	SRR11008277	277_GTGCAGCCACACAGAG	TRUE
AMRU_CQ_GTGCATACAGAAGCAC	AMRU_CQ	GTGCATACAGAAGCAC	SRR11008277	277_GTGCATACAGAAGCAC	TRUE
AMRU_CQ_GTGCATATCTACGAGT	AMRU_CQ	GTGCATATCTACGAGT	SRR11008277	277_GTGCATATCTACGAGT	TRUE
AMRU_CQ_GTGCGGTAGCAATCTC	AMRU_CQ	GTGCGGTAGCAATCTC	SRR11008277	277_GTGCGGTAGCAATCTC	TRUE
AMRU_CQ_GTGCGGTCACTAAGTC	AMRU_CQ	GTGCGGTCACTAAGTC	SRR11008277	277_GTGCGGTCACTAAGTC	TRUE
AMRU_CQ_GTGCTTCAGGCCGAAT	AMRU_CQ	GTGCTTCAGGCCGAAT	SRR11008277	277_GTGCTTCAGGCCGAAT	TRUE
AMRU_CQ_GTGCTTCAGTAGCCGA	AMRU_CQ	GTGCTTCAGTAGCCGA	SRR11008277	277_GTGCTTCAGTAGCCGA	TRUE
AMRU_CQ_GTGCTTCCAACTTGAC	AMRU_CQ	GTGCTTCCAACTTGAC	SRR11008277	277_GTGCTTCCAACTTGAC	TRUE
AMRU_CQ_GTGCTTCCACATCTTT	AMRU_CQ	GTGCTTCCACATCTTT	SRR11008277	277_GTGCTTCCACATCTTT	TRUE
AMRU_CQ_GTGCTTCCATACGCCG	AMRU_CQ	GTGCTTCCATACGCCG	SRR11008277	277_GTGCTTCCATACGCCG	TRUE
AMRU_CQ_GTGCTTCGTTAAGACA	AMRU_CQ	GTGCTTCGTTAAGACA	SRR11008277	277_GTGCTTCGTTAAGACA	TRUE
AMRU_CQ_GTGGGTCGTAAGCACG	AMRU_CQ	GTGGGTCGTAAGCACG	SRR11008277	277_GTGGGTCGTAAGCACG	TRUE
AMRU_CQ_GTGGGTCTCCTAGGGC	AMRU_CQ	GTGGGTCTCCTAGGGC	SRR11008277	277_GTGGGTCTCCTAGGGC	TRUE
AMRU_CQ_GTGGGTCTCGTTTGCC	AMRU_CQ	GTGGGTCTCGTTTGCC	SRR11008277	277_GTGGGTCTCGTTTGCC	TRUE
AMRU_CQ_GTGTGCGCAGGTCGTC	AMRU_CQ	GTGTGCGCAGGTCGTC	SRR11008277	277_GTGTGCGCAGGTCGTC	TRUE
AMRU_CQ_GTGTGCGTCGTTTATC	AMRU_CQ	GTGTGCGTCGTTTATC	SRR11008277	277_GTGTGCGTCGTTTATC	TRUE
AMRU_CQ_GTGTTAGAGCGAAGGG	AMRU_CQ	GTGTTAGAGCGAAGGG	SRR11008277	277_GTGTTAGAGCGAAGGG	TRUE
AMRU_CQ_GTGTTAGCACTCAGGC	AMRU_CQ	GTGTTAGCACTCAGGC	SRR11008277	277_GTGTTAGCACTCAGGC	TRUE
AMRU_CQ_GTGTTAGCAGCTGCAC	AMRU_CQ	GTGTTAGCAGCTGCAC	SRR11008277	277_GTGTTAGCAGCTGCAC	TRUE
AMRU_CQ_GTGTTAGCATCCGCGA	AMRU_CQ	GTGTTAGCATCCGCGA	SRR11008277	277_GTGTTAGCATCCGCGA	TRUE
AMRU_CQ_GTGTTAGTCCGATATG	AMRU_CQ	GTGTTAGTCCGATATG	SRR11008277	277_GTGTTAGTCCGATATG	TRUE
AMRU_CQ_GTTAAGCAGATGCCTT	AMRU_CQ	GTTAAGCAGATGCCTT	SRR11008277	277_GTTAAGCAGATGCCTT	TRUE
AMRU_CQ_GTTAAGCCAGAGTGTG	AMRU_CQ	GTTAAGCCAGAGTGTG	SRR11008277	277_GTTAAGCCAGAGTGTG	TRUE
AMRU_CQ_GTTAAGCCATGTTCCC	AMRU_CQ	GTTAAGCCATGTTCCC	SRR11008277	277_GTTAAGCCATGTTCCC	TRUE
AMRU_CQ_GTTAAGCGTAGCGTAG	AMRU_CQ	GTTAAGCGTAGCGTAG	SRR11008277	277_GTTAAGCGTAGCGTAG	TRUE
AMRU_CQ_GTTAAGCTCTTACCGC	AMRU_CQ	GTTAAGCTCTTACCGC	SRR11008277	277_GTTAAGCTCTTACCGC	TRUE
AMRU_CQ_GTTCATTAGCCTCGTG	AMRU_CQ	GTTCATTAGCCTCGTG	SRR11008277	277_GTTCATTAGCCTCGTG	TRUE
AMRU_CQ_GTTCATTAGTATCTCG	AMRU_CQ	GTTCATTAGTATCTCG	SRR11008277	277_GTTCATTAGTATCTCG	TRUE
AMRU_CQ_GTTCATTCATTTCAGG	AMRU_CQ	GTTCATTCATTTCAGG	SRR11008277	277_GTTCATTCATTTCAGG	TRUE
AMRU_CQ_GTTCATTGTCATATGC	AMRU_CQ	GTTCATTGTCATATGC	SRR11008277	277_GTTCATTGTCATATGC	TRUE
AMRU_CQ_GTTCGGGAGAAGGGTA	AMRU_CQ	GTTCGGGAGAAGGGTA	SRR11008277	277_GTTCGGGAGAAGGGTA	TRUE
AMRU_CQ_GTTCGGGGTAAGGGCT	AMRU_CQ	GTTCGGGGTAAGGGCT	SRR11008277	277_GTTCGGGGTAAGGGCT	TRUE
AMRU_CQ_GTTCGGGGTATTACCG	AMRU_CQ	GTTCGGGGTATTACCG	SRR11008277	277_GTTCGGGGTATTACCG	TRUE
AMRU_CQ_GTTCGGGTCACTTCAT	AMRU_CQ	GTTCGGGTCACTTCAT	SRR11008277	277_GTTCGGGTCACTTCAT	TRUE
AMRU_CQ_GTTCTCGAGCTGAAAT	AMRU_CQ	GTTCTCGAGCTGAAAT	SRR11008277	277_GTTCTCGAGCTGAAAT	TRUE
AMRU_CQ_GTTCTCGCAATGCCAT	AMRU_CQ	GTTCTCGCAATGCCAT	SRR11008277	277_GTTCTCGCAATGCCAT	TRUE
AMRU_CQ_GTTCTCGCATTTCACT	AMRU_CQ	GTTCTCGCATTTCACT	SRR11008277	277_GTTCTCGCATTTCACT	TRUE
AMRU_CQ_GTTCTCGGTTATGCGT	AMRU_CQ	GTTCTCGGTTATGCGT	SRR11008277	277_GTTCTCGGTTATGCGT	TRUE
AMRU_CQ_GTTCTCGTCCACTGGG	AMRU_CQ	GTTCTCGTCCACTGGG	SRR11008277	277_GTTCTCGTCCACTGGG	TRUE
AMRU_CQ_GTTCTCGTCCATTCTA	AMRU_CQ	GTTCTCGTCCATTCTA	SRR11008277	277_GTTCTCGTCCATTCTA	TRUE
AMRU_CQ_GTTTCTAAGTTACGGG	AMRU_CQ	GTTTCTAAGTTACGGG	SRR11008277	277_GTTTCTAAGTTACGGG	TRUE
AMRU_CQ_GTTTCTACACCGGAAA	AMRU_CQ	GTTTCTACACCGGAAA	SRR11008277	277_GTTTCTACACCGGAAA	TRUE
AMRU_CQ_GTTTCTAGTCATATCG	AMRU_CQ	GTTTCTAGTCATATCG	SRR11008277	277_GTTTCTAGTCATATCG	TRUE
AMRU_CQ_GTTTCTAGTCTAGCGC	AMRU_CQ	GTTTCTAGTCTAGCGC	SRR11008277	277_GTTTCTAGTCTAGCGC	TRUE
AMRU_CQ_GTTTCTATCACGAAGG	AMRU_CQ	GTTTCTATCACGAAGG	SRR11008277	277_GTTTCTATCACGAAGG	TRUE
AMRU_CQ_GTTTCTATCTGTCCGT	AMRU_CQ	GTTTCTATCTGTCCGT	SRR11008277	277_GTTTCTATCTGTCCGT	TRUE
AMRU_CQ_GTTTCTATCTGTTGAG	AMRU_CQ	GTTTCTATCTGTTGAG	SRR11008277	277_GTTTCTATCTGTTGAG	TRUE
AMRU_CQ_TAAACCGCAAGACACG	AMRU_CQ	TAAACCGCAAGACACG	SRR11008277	277_TAAACCGCAAGACACG	TRUE
AMRU_CQ_TAAACCGCAGCTGCTG	AMRU_CQ	TAAACCGCAGCTGCTG	SRR11008277	277_TAAACCGCAGCTGCTG	TRUE
AMRU_CQ_TAAACCGGTTGTGGCC	AMRU_CQ	TAAACCGGTTGTGGCC	SRR11008277	277_TAAACCGGTTGTGGCC	TRUE
AMRU_CQ_TAAACCGTCGTTTATC	AMRU_CQ	TAAACCGTCGTTTATC	SRR11008277	277_TAAACCGTCGTTTATC	TRUE
AMRU_CQ_TAAGAGACACATTCGA	AMRU_CQ	TAAGAGACACATTCGA	SRR11008277	277_TAAGAGACACATTCGA	TRUE
AMRU_CQ_TAAGAGAGTGGTAACG	AMRU_CQ	TAAGAGAGTGGTAACG	SRR11008277	277_TAAGAGAGTGGTAACG	TRUE
AMRU_CQ_TAAGAGATCACAACGT	AMRU_CQ	TAAGAGATCACAACGT	SRR11008277	277_TAAGAGATCACAACGT	TRUE
AMRU_CQ_TAAGAGATCCTCAATT	AMRU_CQ	TAAGAGATCCTCAATT	SRR11008277	277_TAAGAGATCCTCAATT	TRUE
AMRU_CQ_TAAGCGTGTCTAGTCA	AMRU_CQ	TAAGCGTGTCTAGTCA	SRR11008277	277_TAAGCGTGTCTAGTCA	TRUE
AMRU_CQ_TAAGCGTGTCTCCACT	AMRU_CQ	TAAGCGTGTCTCCACT	SRR11008277	277_TAAGCGTGTCTCCACT	TRUE
AMRU_CQ_TAAGCGTGTTACGTCA	AMRU_CQ	TAAGCGTGTTACGTCA	SRR11008277	277_TAAGCGTGTTACGTCA	TRUE
AMRU_CQ_TAAGTGCAGCACACAG	AMRU_CQ	TAAGTGCAGCACACAG	SRR11008277	277_TAAGTGCAGCACACAG	TRUE
AMRU_CQ_TAAGTGCGTTCCAACA	AMRU_CQ	TAAGTGCGTTCCAACA	SRR11008277	277_TAAGTGCGTTCCAACA	TRUE
AMRU_CQ_TAAGTGCGTTTACTCT	AMRU_CQ	TAAGTGCGTTTACTCT	SRR11008277	277_TAAGTGCGTTTACTCT	TRUE
AMRU_CQ_TAAGTGCTCTGTGCAA	AMRU_CQ	TAAGTGCTCTGTGCAA	SRR11008277	277_TAAGTGCTCTGTGCAA	TRUE
AMRU_CQ_TACACGAAGGTGACCA	AMRU_CQ	TACACGAAGGTGACCA	SRR11008277	277_TACACGAAGGTGACCA	TRUE
AMRU_CQ_TACACGAAGTGTACGG	AMRU_CQ	TACACGAAGTGTACGG	SRR11008277	277_TACACGAAGTGTACGG	TRUE
AMRU_CQ_TACACGACAAGAAAGG	AMRU_CQ	TACACGACAAGAAAGG	SRR11008277	277_TACACGACAAGAAAGG	TRUE
AMRU_CQ_TACACGATCTGATACG	AMRU_CQ	TACACGATCTGATACG	SRR11008277	277_TACACGATCTGATACG	TRUE
AMRU_CQ_TACAGTGAGGTGCTAG	AMRU_CQ	TACAGTGAGGTGCTAG	SRR11008277	277_TACAGTGAGGTGCTAG	TRUE
AMRU_CQ_TACAGTGCACCCTATC	AMRU_CQ	TACAGTGCACCCTATC	SRR11008277	277_TACAGTGCACCCTATC	TRUE
AMRU_CQ_TACCTATCATTCTTAC	AMRU_CQ	TACCTATCATTCTTAC	SRR11008277	277_TACCTATCATTCTTAC	TRUE
AMRU_CQ_TACCTATGTGCGCTTG	AMRU_CQ	TACCTATGTGCGCTTG	SRR11008277	277_TACCTATGTGCGCTTG	TRUE
AMRU_CQ_TACCTTACACGAAGCA	AMRU_CQ	TACCTTACACGAAGCA	SRR11008277	277_TACCTTACACGAAGCA	TRUE
AMRU_CQ_TACCTTAGTATTCGTG	AMRU_CQ	TACCTTAGTATTCGTG	SRR11008277	277_TACCTTAGTATTCGTG	TRUE
AMRU_CQ_TACCTTAGTTGAGGTG	AMRU_CQ	TACCTTAGTTGAGGTG	SRR11008277	277_TACCTTAGTTGAGGTG	TRUE
AMRU_CQ_TACCTTAGTTGAGTTC	AMRU_CQ	TACCTTAGTTGAGTTC	SRR11008277	277_TACCTTAGTTGAGTTC	TRUE
AMRU_CQ_TACGGATAGGACGAAA	AMRU_CQ	TACGGATAGGACGAAA	SRR11008277	277_TACGGATAGGACGAAA	TRUE
AMRU_CQ_TACGGATAGTGGAGAA	AMRU_CQ	TACGGATAGTGGAGAA	SRR11008277	277_TACGGATAGTGGAGAA	TRUE
AMRU_CQ_TACGGATCACTAGTAC	AMRU_CQ	TACGGATCACTAGTAC	SRR11008277	277_TACGGATCACTAGTAC	TRUE
AMRU_CQ_TACGGATCAGGTCTCG	AMRU_CQ	TACGGATCAGGTCTCG	SRR11008277	277_TACGGATCAGGTCTCG	TRUE
AMRU_CQ_TACGGATCATGACATC	AMRU_CQ	TACGGATCATGACATC	SRR11008277	277_TACGGATCATGACATC	TRUE
AMRU_CQ_TACGGATTCAGTTGAC	AMRU_CQ	TACGGATTCAGTTGAC	SRR11008277	277_TACGGATTCAGTTGAC	TRUE
AMRU_CQ_TACGGATTCTCTAAGG	AMRU_CQ	TACGGATTCTCTAAGG	SRR11008277	277_TACGGATTCTCTAAGG	TRUE
AMRU_CQ_TACGGGCAGATGTGGC	AMRU_CQ	TACGGGCAGATGTGGC	SRR11008277	277_TACGGGCAGATGTGGC	TRUE
AMRU_CQ_TACGGGCAGGACAGAA	AMRU_CQ	TACGGGCAGGACAGAA	SRR11008277	277_TACGGGCAGGACAGAA	TRUE
AMRU_CQ_TACGGGCGTGTTCTTT	AMRU_CQ	TACGGGCGTGTTCTTT	SRR11008277	277_TACGGGCGTGTTCTTT	TRUE
AMRU_CQ_TACGGTAAGGCATGGT	AMRU_CQ	TACGGTAAGGCATGGT	SRR11008277	277_TACGGTAAGGCATGGT	TRUE
AMRU_CQ_TACGGTAAGTACGTTC	AMRU_CQ	TACGGTAAGTACGTTC	SRR11008277	277_TACGGTAAGTACGTTC	TRUE
AMRU_CQ_TACGGTACAAGTCTAC	AMRU_CQ	TACGGTACAAGTCTAC	SRR11008277	277_TACGGTACAAGTCTAC	TRUE
AMRU_CQ_TACGGTACAGGGATTG	AMRU_CQ	TACGGTACAGGGATTG	SRR11008277	277_TACGGTACAGGGATTG	TRUE
AMRU_CQ_TACGGTAGTGTAACGG	AMRU_CQ	TACGGTAGTGTAACGG	SRR11008277	277_TACGGTAGTGTAACGG	TRUE
AMRU_CQ_TACTCATAGGGTTCCC	AMRU_CQ	TACTCATAGGGTTCCC	SRR11008277	277_TACTCATAGGGTTCCC	TRUE
AMRU_CQ_TACTCGCAGATGCCAG	AMRU_CQ	TACTCGCAGATGCCAG	SRR11008277	277_TACTCGCAGATGCCAG	TRUE
AMRU_CQ_TACTCGCAGTGCCATT	AMRU_CQ	TACTCGCAGTGCCATT	SRR11008277	277_TACTCGCAGTGCCATT	TRUE
AMRU_CQ_TACTCGCCATTCCTCG	AMRU_CQ	TACTCGCCATTCCTCG	SRR11008277	277_TACTCGCCATTCCTCG	TRUE
AMRU_CQ_TACTCGCGTTCGGCAC	AMRU_CQ	TACTCGCGTTCGGCAC	SRR11008277	277_TACTCGCGTTCGGCAC	TRUE
AMRU_CQ_TACTCGCTCAGAGCTT	AMRU_CQ	TACTCGCTCAGAGCTT	SRR11008277	277_TACTCGCTCAGAGCTT	TRUE
AMRU_CQ_TACTCGCTCCTCAACC	AMRU_CQ	TACTCGCTCCTCAACC	SRR11008277	277_TACTCGCTCCTCAACC	TRUE
AMRU_CQ_TACTTACAGCTCCCAG	AMRU_CQ	TACTTACAGCTCCCAG	SRR11008277	277_TACTTACAGCTCCCAG	TRUE
AMRU_CQ_TACTTACAGTACACCT	AMRU_CQ	TACTTACAGTACACCT	SRR11008277	277_TACTTACAGTACACCT	TRUE
AMRU_CQ_TACTTACTCATCGGAT	AMRU_CQ	TACTTACTCATCGGAT	SRR11008277	277_TACTTACTCATCGGAT	TRUE
AMRU_CQ_TACTTACTCCTACAGA	AMRU_CQ	TACTTACTCCTACAGA	SRR11008277	277_TACTTACTCCTACAGA	TRUE
AMRU_CQ_TACTTGTAGGGTTTCT	AMRU_CQ	TACTTGTAGGGTTTCT	SRR11008277	277_TACTTGTAGGGTTTCT	TRUE
AMRU_CQ_TACTTGTCAATGTAAG	AMRU_CQ	TACTTGTCAATGTAAG	SRR11008277	277_TACTTGTCAATGTAAG	TRUE
AMRU_CQ_TACTTGTGTTGGACCC	AMRU_CQ	TACTTGTGTTGGACCC	SRR11008277	277_TACTTGTGTTGGACCC	TRUE
AMRU_CQ_TAGACCAAGCGTAATA	AMRU_CQ	TAGACCAAGCGTAATA	SRR11008277	277_TAGACCAAGCGTAATA	TRUE
AMRU_CQ_TAGACCAAGGCAAAGA	AMRU_CQ	TAGACCAAGGCAAAGA	SRR11008277	277_TAGACCAAGGCAAAGA	TRUE
AMRU_CQ_TAGACCAGTGATGCCC	AMRU_CQ	TAGACCAGTGATGCCC	SRR11008277	277_TAGACCAGTGATGCCC	TRUE
AMRU_CQ_TAGACCATCGACAGCC	AMRU_CQ	TAGACCATCGACAGCC	SRR11008277	277_TAGACCATCGACAGCC	TRUE
AMRU_CQ_TAGAGCTAGAGCTGCA	AMRU_CQ	TAGAGCTAGAGCTGCA	SRR11008277	277_TAGAGCTAGAGCTGCA	TRUE
AMRU_CQ_TAGAGCTAGCTCCTCT	AMRU_CQ	TAGAGCTAGCTCCTCT	SRR11008277	277_TAGAGCTAGCTCCTCT	TRUE
AMRU_CQ_TAGAGCTCAAGCGATG	AMRU_CQ	TAGAGCTCAAGCGATG	SRR11008277	277_TAGAGCTCAAGCGATG	TRUE
AMRU_CQ_TAGAGCTCAGTTCATG	AMRU_CQ	TAGAGCTCAGTTCATG	SRR11008277	277_TAGAGCTCAGTTCATG	TRUE
AMRU_CQ_TAGAGCTGTTGTCTTT	AMRU_CQ	TAGAGCTGTTGTCTTT	SRR11008277	277_TAGAGCTGTTGTCTTT	TRUE
AMRU_CQ_TAGAGCTTCCAAACAC	AMRU_CQ	TAGAGCTTCCAAACAC	SRR11008277	277_TAGAGCTTCCAAACAC	TRUE
AMRU_CQ_TAGCCGGAGCGTCTAT	AMRU_CQ	TAGCCGGAGCGTCTAT	SRR11008277	277_TAGCCGGAGCGTCTAT	TRUE
AMRU_CQ_TAGCCGGCAGATGGGT	AMRU_CQ	TAGCCGGCAGATGGGT	SRR11008277	277_TAGCCGGCAGATGGGT	TRUE
AMRU_CQ_TAGCCGGCATACCATG	AMRU_CQ	TAGCCGGCATACCATG	SRR11008277	277_TAGCCGGCATACCATG	TRUE
AMRU_CQ_TAGCCGGCATCGTCGG	AMRU_CQ	TAGCCGGCATCGTCGG	SRR11008277	277_TAGCCGGCATCGTCGG	TRUE
AMRU_CQ_TAGCCGGCATTTCAGG	AMRU_CQ	TAGCCGGCATTTCAGG	SRR11008277	277_TAGCCGGCATTTCAGG	TRUE
AMRU_CQ_TAGCCGGTCAACGGCC	AMRU_CQ	TAGCCGGTCAACGGCC	SRR11008277	277_TAGCCGGTCAACGGCC	TRUE
AMRU_CQ_TAGGCATAGAATGTGT	AMRU_CQ	TAGGCATAGAATGTGT	SRR11008277	277_TAGGCATAGAATGTGT	TRUE
AMRU_CQ_TAGGCATAGTCCAGGA	AMRU_CQ	TAGGCATAGTCCAGGA	SRR11008277	277_TAGGCATAGTCCAGGA	TRUE
AMRU_CQ_TAGGCATCAACACGCC	AMRU_CQ	TAGGCATCAACACGCC	SRR11008277	277_TAGGCATCAACACGCC	TRUE
AMRU_CQ_TAGGCATCAGGAATCG	AMRU_CQ	TAGGCATCAGGAATCG	SRR11008277	277_TAGGCATCAGGAATCG	TRUE
AMRU_CQ_TAGGCATGTCTAAACC	AMRU_CQ	TAGGCATGTCTAAACC	SRR11008277	277_TAGGCATGTCTAAACC	TRUE
AMRU_CQ_TAGGCATGTGCTTCTC	AMRU_CQ	TAGGCATGTGCTTCTC	SRR11008277	277_TAGGCATGTGCTTCTC	TRUE
AMRU_CQ_TAGTGGTCAGCTGTTA	AMRU_CQ	TAGTGGTCAGCTGTTA	SRR11008277	277_TAGTGGTCAGCTGTTA	TRUE
AMRU_CQ_TAGTGGTCATCCGTGG	AMRU_CQ	TAGTGGTCATCCGTGG	SRR11008277	277_TAGTGGTCATCCGTGG	TRUE
AMRU_CQ_TAGTGGTTCCTTGCCA	AMRU_CQ	TAGTGGTTCCTTGCCA	SRR11008277	277_TAGTGGTTCCTTGCCA	TRUE
AMRU_CQ_TAGTTGGCAGTGACAG	AMRU_CQ	TAGTTGGCAGTGACAG	SRR11008277	277_TAGTTGGCAGTGACAG	TRUE
AMRU_CQ_TAGTTGGCATATGCTG	AMRU_CQ	TAGTTGGCATATGCTG	SRR11008277	277_TAGTTGGCATATGCTG	TRUE
AMRU_CQ_TAGTTGGTCACTTACT	AMRU_CQ	TAGTTGGTCACTTACT	SRR11008277	277_TAGTTGGTCACTTACT	TRUE
AMRU_CQ_TATCAGGAGATGCCAG	AMRU_CQ	TATCAGGAGATGCCAG	SRR11008277	277_TATCAGGAGATGCCAG	TRUE
AMRU_CQ_TATCAGGGTAGTGAAT	AMRU_CQ	TATCAGGGTAGTGAAT	SRR11008277	277_TATCAGGGTAGTGAAT	TRUE
AMRU_CQ_TATCTCAAGACCACGA	AMRU_CQ	TATCTCAAGACCACGA	SRR11008277	277_TATCTCAAGACCACGA	TRUE
AMRU_CQ_TATCTCACAAGGACTG	AMRU_CQ	TATCTCACAAGGACTG	SRR11008277	277_TATCTCACAAGGACTG	TRUE
AMRU_CQ_TATCTCACACGGATAG	AMRU_CQ	TATCTCACACGGATAG	SRR11008277	277_TATCTCACACGGATAG	TRUE
AMRU_CQ_TATCTCACATTCCTGC	AMRU_CQ	TATCTCACATTCCTGC	SRR11008277	277_TATCTCACATTCCTGC	TRUE
AMRU_CQ_TATCTCACATTCTCAT	AMRU_CQ	TATCTCACATTCTCAT	SRR11008277	277_TATCTCACATTCTCAT	TRUE
AMRU_CQ_TATCTCAGTCAGATAA	AMRU_CQ	TATCTCAGTCAGATAA	SRR11008277	277_TATCTCAGTCAGATAA	TRUE
AMRU_CQ_TATGCCCCAAGAGTCG	AMRU_CQ	TATGCCCCAAGAGTCG	SRR11008277	277_TATGCCCCAAGAGTCG	TRUE
AMRU_CQ_TATGCCCGTAAGGATT	AMRU_CQ	TATGCCCGTAAGGATT	SRR11008277	277_TATGCCCGTAAGGATT	TRUE
AMRU_CQ_TATGCCCTCGGAGGTA	AMRU_CQ	TATGCCCTCGGAGGTA	SRR11008277	277_TATGCCCTCGGAGGTA	TRUE
AMRU_CQ_TATGCCCTCTTGAGAC	AMRU_CQ	TATGCCCTCTTGAGAC	SRR11008277	277_TATGCCCTCTTGAGAC	TRUE
AMRU_CQ_TATTACCAGCGGATCA	AMRU_CQ	TATTACCAGCGGATCA	SRR11008277	277_TATTACCAGCGGATCA	TRUE
AMRU_CQ_TATTACCCAACGATCT	AMRU_CQ	TATTACCCAACGATCT	SRR11008277	277_TATTACCCAACGATCT	TRUE
AMRU_CQ_TATTACCCAGTATGCT	AMRU_CQ	TATTACCCAGTATGCT	SRR11008277	277_TATTACCCAGTATGCT	TRUE
AMRU_CQ_TCAACGAAGTCCCACG	AMRU_CQ	TCAACGAAGTCCCACG	SRR11008277	277_TCAACGAAGTCCCACG	TRUE
AMRU_CQ_TCAATCTCATGCAATC	AMRU_CQ	TCAATCTCATGCAATC	SRR11008277	277_TCAATCTCATGCAATC	TRUE
AMRU_CQ_TCAATCTTCATAACCG	AMRU_CQ	TCAATCTTCATAACCG	SRR11008277	277_TCAATCTTCATAACCG	TRUE
AMRU_CQ_TCACAAGAGAACTGTA	AMRU_CQ	TCACAAGAGAACTGTA	SRR11008277	277_TCACAAGAGAACTGTA	TRUE
AMRU_CQ_TCACAAGAGACTGTAA	AMRU_CQ	TCACAAGAGACTGTAA	SRR11008277	277_TCACAAGAGACTGTAA	TRUE
AMRU_CQ_TCACAAGAGTAGTGCG	AMRU_CQ	TCACAAGAGTAGTGCG	SRR11008277	277_TCACAAGAGTAGTGCG	TRUE
AMRU_CQ_TCACAAGGTCGCTTCT	AMRU_CQ	TCACAAGGTCGCTTCT	SRR11008277	277_TCACAAGGTCGCTTCT	TRUE
AMRU_CQ_TCACAAGGTTGGTGGA	AMRU_CQ	TCACAAGGTTGGTGGA	SRR11008277	277_TCACAAGGTTGGTGGA	TRUE
AMRU_CQ_TCACAAGTCTGTACGA	AMRU_CQ	TCACAAGTCTGTACGA	SRR11008277	277_TCACAAGTCTGTACGA	TRUE
AMRU_CQ_TCACGAAAGCCAGTAG	AMRU_CQ	TCACGAAAGCCAGTAG	SRR11008277	277_TCACGAAAGCCAGTAG	TRUE
AMRU_CQ_TCACGAAAGTACGCGA	AMRU_CQ	TCACGAAAGTACGCGA	SRR11008277	277_TCACGAAAGTACGCGA	TRUE
AMRU_CQ_TCACGAAAGTCCATAC	AMRU_CQ	TCACGAAAGTCCATAC	SRR11008277	277_TCACGAAAGTCCATAC	TRUE
AMRU_CQ_TCACGAACACTTGGAT	AMRU_CQ	TCACGAACACTTGGAT	SRR11008277	277_TCACGAACACTTGGAT	TRUE
AMRU_CQ_TCACGAAGTCTCGTTC	AMRU_CQ	TCACGAAGTCTCGTTC	SRR11008277	277_TCACGAAGTCTCGTTC	TRUE
AMRU_CQ_TCACGAATCACGCATA	AMRU_CQ	TCACGAATCACGCATA	SRR11008277	277_TCACGAATCACGCATA	TRUE
AMRU_CQ_TCAGATGCACGAAATA	AMRU_CQ	TCAGATGCACGAAATA	SRR11008277	277_TCAGATGCACGAAATA	TRUE
AMRU_CQ_TCAGATGCAGGTGCCT	AMRU_CQ	TCAGATGCAGGTGCCT	SRR11008277	277_TCAGATGCAGGTGCCT	TRUE
AMRU_CQ_TCAGATGCATCACAAC	AMRU_CQ	TCAGATGCATCACAAC	SRR11008277	277_TCAGATGCATCACAAC	TRUE
AMRU_CQ_TCAGATGGTCGGGTCT	AMRU_CQ	TCAGATGGTCGGGTCT	SRR11008277	277_TCAGATGGTCGGGTCT	TRUE
AMRU_CQ_TCAGATGGTGTGGCTC	AMRU_CQ	TCAGATGGTGTGGCTC	SRR11008277	277_TCAGATGGTGTGGCTC	TRUE
AMRU_CQ_TCAGATGTCCACGCAG	AMRU_CQ	TCAGATGTCCACGCAG	SRR11008277	277_TCAGATGTCCACGCAG	TRUE
AMRU_CQ_TCAGATGTCCACGTTC	AMRU_CQ	TCAGATGTCCACGTTC	SRR11008277	277_TCAGATGTCCACGTTC	TRUE
AMRU_CQ_TCAGCTCAGCTTTGGT	AMRU_CQ	TCAGCTCAGCTTTGGT	SRR11008277	277_TCAGCTCAGCTTTGGT	TRUE
AMRU_CQ_TCAGCTCTCTGCTGCT	AMRU_CQ	TCAGCTCTCTGCTGCT	SRR11008277	277_TCAGCTCTCTGCTGCT	TRUE
AMRU_CQ_TCAGGATGTCTAGCCG	AMRU_CQ	TCAGGATGTCTAGCCG	SRR11008277	277_TCAGGATGTCTAGCCG	TRUE
AMRU_CQ_TCAGGATTCCACGACG	AMRU_CQ	TCAGGATTCCACGACG	SRR11008277	277_TCAGGATTCCACGACG	TRUE
AMRU_CQ_TCAGGATTCCTGTACC	AMRU_CQ	TCAGGATTCCTGTACC	SRR11008277	277_TCAGGATTCCTGTACC	TRUE
AMRU_CQ_TCAGGTAAGGCTAGGT	AMRU_CQ	TCAGGTAAGGCTAGGT	SRR11008277	277_TCAGGTAAGGCTAGGT	TRUE
AMRU_CQ_TCAGGTAAGTCGCCGT	AMRU_CQ	TCAGGTAAGTCGCCGT	SRR11008277	277_TCAGGTAAGTCGCCGT	TRUE
AMRU_CQ_TCAGGTACACGGCTAC	AMRU_CQ	TCAGGTACACGGCTAC	SRR11008277	277_TCAGGTACACGGCTAC	TRUE
AMRU_CQ_TCAGGTACATTGGGCC	AMRU_CQ	TCAGGTACATTGGGCC	SRR11008277	277_TCAGGTACATTGGGCC	TRUE
AMRU_CQ_TCAGGTAGTCCGCTGA	AMRU_CQ	TCAGGTAGTCCGCTGA	SRR11008277	277_TCAGGTAGTCCGCTGA	TRUE
AMRU_CQ_TCAGGTAGTTCCATGA	AMRU_CQ	TCAGGTAGTTCCATGA	SRR11008277	277_TCAGGTAGTTCCATGA	TRUE
AMRU_CQ_TCATTACCAATAGCAA	AMRU_CQ	TCATTACCAATAGCAA	SRR11008277	277_TCATTACCAATAGCAA	TRUE
AMRU_CQ_TCATTACCAGTCCTTC	AMRU_CQ	TCATTACCAGTCCTTC	SRR11008277	277_TCATTACCAGTCCTTC	TRUE
AMRU_CQ_TCATTACTCATGTGGT	AMRU_CQ	TCATTACTCATGTGGT	SRR11008277	277_TCATTACTCATGTGGT	TRUE
AMRU_CQ_TCATTACTCTTAGAGC	AMRU_CQ	TCATTACTCTTAGAGC	SRR11008277	277_TCATTACTCTTAGAGC	TRUE
AMRU_CQ_TCATTTGAGCTCCTCT	AMRU_CQ	TCATTTGAGCTCCTCT	SRR11008277	277_TCATTTGAGCTCCTCT	TRUE
AMRU_CQ_TCATTTGCATCTGGTA	AMRU_CQ	TCATTTGCATCTGGTA	SRR11008277	277_TCATTTGCATCTGGTA	TRUE
AMRU_CQ_TCCACACAGACAGACC	AMRU_CQ	TCCACACAGACAGACC	SRR11008277	277_TCCACACAGACAGACC	TRUE
AMRU_CQ_TCCACACGTGAAAGAG	AMRU_CQ	TCCACACGTGAAAGAG	SRR11008277	277_TCCACACGTGAAAGAG	TRUE
AMRU_CQ_TCCACACTCCTTAATC	AMRU_CQ	TCCACACTCCTTAATC	SRR11008277	277_TCCACACTCCTTAATC	TRUE
AMRU_CQ_TCCCGATCAGGGTTAG	AMRU_CQ	TCCCGATCAGGGTTAG	SRR11008277	277_TCCCGATCAGGGTTAG	TRUE
AMRU_CQ_TCCCGATTCCAAACTG	AMRU_CQ	TCCCGATTCCAAACTG	SRR11008277	277_TCCCGATTCCAAACTG	TRUE
AMRU_CQ_TCGAGGCTCACTTACT	AMRU_CQ	TCGAGGCTCACTTACT	SRR11008277	277_TCGAGGCTCACTTACT	TRUE
AMRU_CQ_TCGAGGCTCTGGTATG	AMRU_CQ	TCGAGGCTCTGGTATG	SRR11008277	277_TCGAGGCTCTGGTATG	TRUE
AMRU_CQ_TCGAGGCTCTTGAGAC	AMRU_CQ	TCGAGGCTCTTGAGAC	SRR11008277	277_TCGAGGCTCTTGAGAC	TRUE
AMRU_CQ_TCGCGAGAGTGACATA	AMRU_CQ	TCGCGAGAGTGACATA	SRR11008277	277_TCGCGAGAGTGACATA	TRUE
AMRU_CQ_TCGCGAGCACCACGTG	AMRU_CQ	TCGCGAGCACCACGTG	SRR11008277	277_TCGCGAGCACCACGTG	TRUE
AMRU_CQ_TCGCGAGGTACCTACA	AMRU_CQ	TCGCGAGGTACCTACA	SRR11008277	277_TCGCGAGGTACCTACA	TRUE
AMRU_CQ_TCGCGAGGTCTTGATG	AMRU_CQ	TCGCGAGGTCTTGATG	SRR11008277	277_TCGCGAGGTCTTGATG	TRUE
AMRU_CQ_TCGCGAGGTGGTTTCA	AMRU_CQ	TCGCGAGGTGGTTTCA	SRR11008277	277_TCGCGAGGTGGTTTCA	TRUE
AMRU_CQ_TCGCGAGTCGCGCCAA	AMRU_CQ	TCGCGAGTCGCGCCAA	SRR11008277	277_TCGCGAGTCGCGCCAA	TRUE
AMRU_CQ_TCGCGTTAGACCTTTG	AMRU_CQ	TCGCGTTAGACCTTTG	SRR11008277	277_TCGCGTTAGACCTTTG	TRUE
AMRU_CQ_TCGCGTTGTAGCGTCC	AMRU_CQ	TCGCGTTGTAGCGTCC	SRR11008277	277_TCGCGTTGTAGCGTCC	TRUE
AMRU_CQ_TCGCGTTGTTATGTGC	AMRU_CQ	TCGCGTTGTTATGTGC	SRR11008277	277_TCGCGTTGTTATGTGC	TRUE
AMRU_CQ_TCGCGTTTCCCTAACC	AMRU_CQ	TCGCGTTTCCCTAACC	SRR11008277	277_TCGCGTTTCCCTAACC	TRUE
AMRU_CQ_TCGGGACAGGTGATAT	AMRU_CQ	TCGGGACAGGTGATAT	SRR11008277	277_TCGGGACAGGTGATAT	TRUE
AMRU_CQ_TCGGGACAGGTGCAAC	AMRU_CQ	TCGGGACAGGTGCAAC	SRR11008277	277_TCGGGACAGGTGCAAC	TRUE
AMRU_CQ_TCGGGACCAATAGCAA	AMRU_CQ	TCGGGACCAATAGCAA	SRR11008277	277_TCGGGACCAATAGCAA	TRUE
AMRU_CQ_TCGGGACGTGCTAGCC	AMRU_CQ	TCGGGACGTGCTAGCC	SRR11008277	277_TCGGGACGTGCTAGCC	TRUE
AMRU_CQ_TCGGGACGTTCGCTAA	AMRU_CQ	TCGGGACGTTCGCTAA	SRR11008277	277_TCGGGACGTTCGCTAA	TRUE
AMRU_CQ_TCGGTAAAGACTTTCG	AMRU_CQ	TCGGTAAAGACTTTCG	SRR11008277	277_TCGGTAAAGACTTTCG	TRUE
AMRU_CQ_TCGGTAAAGCAGCCTC	AMRU_CQ	TCGGTAAAGCAGCCTC	SRR11008277	277_TCGGTAAAGCAGCCTC	TRUE
AMRU_CQ_TCGGTAAAGGTGCAAC	AMRU_CQ	TCGGTAAAGGTGCAAC	SRR11008277	277_TCGGTAAAGGTGCAAC	TRUE
AMRU_CQ_TCGGTAACATCGGTTA	AMRU_CQ	TCGGTAACATCGGTTA	SRR11008277	277_TCGGTAACATCGGTTA	TRUE
AMRU_CQ_TCGGTAAGTAGCTCCG	AMRU_CQ	TCGGTAAGTAGCTCCG	SRR11008277	277_TCGGTAAGTAGCTCCG	TRUE
AMRU_CQ_TCGGTAATCAGGTTCA	AMRU_CQ	TCGGTAATCAGGTTCA	SRR11008277	277_TCGGTAATCAGGTTCA	TRUE
AMRU_CQ_TCGTACCAGTCAAGGC	AMRU_CQ	TCGTACCAGTCAAGGC	SRR11008277	277_TCGTACCAGTCAAGGC	TRUE
AMRU_CQ_TCGTACCTCCTTGGTC	AMRU_CQ	TCGTACCTCCTTGGTC	SRR11008277	277_TCGTACCTCCTTGGTC	TRUE
AMRU_CQ_TCGTACCTCTAAGCCA	AMRU_CQ	TCGTACCTCTAAGCCA	SRR11008277	277_TCGTACCTCTAAGCCA	TRUE
AMRU_CQ_TCGTAGATCAGTTCGA	AMRU_CQ	TCGTAGATCAGTTCGA	SRR11008277	277_TCGTAGATCAGTTCGA	TRUE
AMRU_CQ_TCTATTGAGGCTATCT	AMRU_CQ	TCTATTGAGGCTATCT	SRR11008277	277_TCTATTGAGGCTATCT	TRUE
AMRU_CQ_TCTATTGCAGCGTTCG	AMRU_CQ	TCTATTGCAGCGTTCG	SRR11008277	277_TCTATTGCAGCGTTCG	TRUE
AMRU_CQ_TCTATTGGTCCGAGTC	AMRU_CQ	TCTATTGGTCCGAGTC	SRR11008277	277_TCTATTGGTCCGAGTC	TRUE
AMRU_CQ_TCTATTGGTGCAGGTA	AMRU_CQ	TCTATTGGTGCAGGTA	SRR11008277	277_TCTATTGGTGCAGGTA	TRUE
AMRU_CQ_TCTATTGGTGTTAAGA	AMRU_CQ	TCTATTGGTGTTAAGA	SRR11008277	277_TCTATTGGTGTTAAGA	TRUE
AMRU_CQ_TCTATTGGTTAAGTAG	AMRU_CQ	TCTATTGGTTAAGTAG	SRR11008277	277_TCTATTGGTTAAGTAG	TRUE
AMRU_CQ_TCTATTGTCCTCTAGC	AMRU_CQ	TCTATTGTCCTCTAGC	SRR11008277	277_TCTATTGTCCTCTAGC	TRUE
AMRU_CQ_TCTCATAAGCGGCTTC	AMRU_CQ	TCTCATAAGCGGCTTC	SRR11008277	277_TCTCATAAGCGGCTTC	TRUE
AMRU_CQ_TCTCATAAGTTACCCA	AMRU_CQ	TCTCATAAGTTACCCA	SRR11008277	277_TCTCATAAGTTACCCA	TRUE
AMRU_CQ_TCTCATACAATCCAAC	AMRU_CQ	TCTCATACAATCCAAC	SRR11008277	277_TCTCATACAATCCAAC	TRUE
AMRU_CQ_TCTCATAGTCTGCAAT	AMRU_CQ	TCTCATAGTCTGCAAT	SRR11008277	277_TCTCATAGTCTGCAAT	TRUE
AMRU_CQ_TCTCATATCGCAGGCT	AMRU_CQ	TCTCATATCGCAGGCT	SRR11008277	277_TCTCATATCGCAGGCT	TRUE
AMRU_CQ_TCTCTAAAGGACGAAA	AMRU_CQ	TCTCTAAAGGACGAAA	SRR11008277	277_TCTCTAAAGGACGAAA	TRUE
AMRU_CQ_TCTCTAAAGTCCATAC	AMRU_CQ	TCTCTAAAGTCCATAC	SRR11008277	277_TCTCTAAAGTCCATAC	TRUE
AMRU_CQ_TCTGAGAGTATGCTTG	AMRU_CQ	TCTGAGAGTATGCTTG	SRR11008277	277_TCTGAGAGTATGCTTG	TRUE
AMRU_CQ_TCTGAGATCAACTCTT	AMRU_CQ	TCTGAGATCAACTCTT	SRR11008277	277_TCTGAGATCAACTCTT	TRUE
AMRU_CQ_TCTGAGATCTGCAGTA	AMRU_CQ	TCTGAGATCTGCAGTA	SRR11008277	277_TCTGAGATCTGCAGTA	TRUE
AMRU_CQ_TCTGGAAAGGACAGCT	AMRU_CQ	TCTGGAAAGGACAGCT	SRR11008277	277_TCTGGAAAGGACAGCT	TRUE
AMRU_CQ_TCTGGAACAATGTAAG	AMRU_CQ	TCTGGAACAATGTAAG	SRR11008277	277_TCTGGAACAATGTAAG	TRUE
AMRU_CQ_TCTGGAACAGTAAGCG	AMRU_CQ	TCTGGAACAGTAAGCG	SRR11008277	277_TCTGGAACAGTAAGCG	TRUE
AMRU_CQ_TCTGGAAGTGGGTCAA	AMRU_CQ	TCTGGAAGTGGGTCAA	SRR11008277	277_TCTGGAAGTGGGTCAA	TRUE
AMRU_CQ_TCTTCGGGTCTAAACC	AMRU_CQ	TCTTCGGGTCTAAACC	SRR11008277	277_TCTTCGGGTCTAAACC	TRUE
AMRU_CQ_TCTTTCCAGTAAGTAC	AMRU_CQ	TCTTTCCAGTAAGTAC	SRR11008277	277_TCTTTCCAGTAAGTAC	TRUE
AMRU_CQ_TCTTTCCAGTGGTCCC	AMRU_CQ	TCTTTCCAGTGGTCCC	SRR11008277	277_TCTTTCCAGTGGTCCC	TRUE
AMRU_CQ_TCTTTCCCACGGCGTT	AMRU_CQ	TCTTTCCCACGGCGTT	SRR11008277	277_TCTTTCCCACGGCGTT	TRUE
AMRU_CQ_TGAAAGATCAGGTAAA	AMRU_CQ	TGAAAGATCAGGTAAA	SRR11008277	277_TGAAAGATCAGGTAAA	TRUE
AMRU_CQ_TGACAACAGAGACTAT	AMRU_CQ	TGACAACAGAGACTAT	SRR11008277	277_TGACAACAGAGACTAT	TRUE
AMRU_CQ_TGACAACCAAGCCGCT	AMRU_CQ	TGACAACCAAGCCGCT	SRR11008277	277_TGACAACCAAGCCGCT	TRUE
AMRU_CQ_TGACGGCAGAAGCCCA	AMRU_CQ	TGACGGCAGAAGCCCA	SRR11008277	277_TGACGGCAGAAGCCCA	TRUE
AMRU_CQ_TGACGGCAGACAGGCT	AMRU_CQ	TGACGGCAGACAGGCT	SRR11008277	277_TGACGGCAGACAGGCT	TRUE
AMRU_CQ_TGACGGCCACAAGACG	AMRU_CQ	TGACGGCCACAAGACG	SRR11008277	277_TGACGGCCACAAGACG	TRUE
AMRU_CQ_TGACGGCGTAAAGGAG	AMRU_CQ	TGACGGCGTAAAGGAG	SRR11008277	277_TGACGGCGTAAAGGAG	TRUE
AMRU_CQ_TGACGGCGTACCGCTG	AMRU_CQ	TGACGGCGTACCGCTG	SRR11008277	277_TGACGGCGTACCGCTG	TRUE
AMRU_CQ_TGACTAGAGAGTACCG	AMRU_CQ	TGACTAGAGAGTACCG	SRR11008277	277_TGACTAGAGAGTACCG	TRUE
AMRU_CQ_TGACTAGAGTACGTTC	AMRU_CQ	TGACTAGAGTACGTTC	SRR11008277	277_TGACTAGAGTACGTTC	TRUE
AMRU_CQ_TGACTAGGTAGCTAAA	AMRU_CQ	TGACTAGGTAGCTAAA	SRR11008277	277_TGACTAGGTAGCTAAA	TRUE
AMRU_CQ_TGACTAGGTCTCAACA	AMRU_CQ	TGACTAGGTCTCAACA	SRR11008277	277_TGACTAGGTCTCAACA	TRUE
AMRU_CQ_TGACTAGGTGTAAGTA	AMRU_CQ	TGACTAGGTGTAAGTA	SRR11008277	277_TGACTAGGTGTAAGTA	TRUE
AMRU_CQ_TGACTAGTCAGCTCGG	AMRU_CQ	TGACTAGTCAGCTCGG	SRR11008277	277_TGACTAGTCAGCTCGG	TRUE
AMRU_CQ_TGACTTTAGAGTAAGG	AMRU_CQ	TGACTTTAGAGTAAGG	SRR11008277	277_TGACTTTAGAGTAAGG	TRUE
AMRU_CQ_TGACTTTAGTACGTAA	AMRU_CQ	TGACTTTAGTACGTAA	SRR11008277	277_TGACTTTAGTACGTAA	TRUE
AMRU_CQ_TGACTTTGTACACCGC	AMRU_CQ	TGACTTTGTACACCGC	SRR11008277	277_TGACTTTGTACACCGC	TRUE
AMRU_CQ_TGACTTTGTATTCTCT	AMRU_CQ	TGACTTTGTATTCTCT	SRR11008277	277_TGACTTTGTATTCTCT	TRUE
AMRU_CQ_TGACTTTGTCCAGTTA	AMRU_CQ	TGACTTTGTCCAGTTA	SRR11008277	277_TGACTTTGTCCAGTTA	TRUE
AMRU_CQ_TGACTTTTCACCCGAG	AMRU_CQ	TGACTTTTCACCCGAG	SRR11008277	277_TGACTTTTCACCCGAG	TRUE
AMRU_CQ_TGACTTTTCCCTTGCA	AMRU_CQ	TGACTTTTCCCTTGCA	SRR11008277	277_TGACTTTTCCCTTGCA	TRUE
AMRU_CQ_TGAGAGGAGCTAGTTC	AMRU_CQ	TGAGAGGAGCTAGTTC	SRR11008277	277_TGAGAGGAGCTAGTTC	TRUE
AMRU_CQ_TGAGAGGAGCTCCTTC	AMRU_CQ	TGAGAGGAGCTCCTTC	SRR11008277	277_TGAGAGGAGCTCCTTC	TRUE
AMRU_CQ_TGAGAGGCATCAGTAC	AMRU_CQ	TGAGAGGCATCAGTAC	SRR11008277	277_TGAGAGGCATCAGTAC	TRUE
AMRU_CQ_TGAGAGGCATCGATGT	AMRU_CQ	TGAGAGGCATCGATGT	SRR11008277	277_TGAGAGGCATCGATGT	TRUE
AMRU_CQ_TGAGCATCAGACGCCT	AMRU_CQ	TGAGCATCAGACGCCT	SRR11008277	277_TGAGCATCAGACGCCT	TRUE
AMRU_CQ_TGAGCATGTTGCGTTA	AMRU_CQ	TGAGCATGTTGCGTTA	SRR11008277	277_TGAGCATGTTGCGTTA	TRUE
AMRU_CQ_TGAGCATTCTCTGAGA	AMRU_CQ	TGAGCATTCTCTGAGA	SRR11008277	277_TGAGCATTCTCTGAGA	TRUE
AMRU_CQ_TGAGGGAAGTGTCCCG	AMRU_CQ	TGAGGGAAGTGTCCCG	SRR11008277	277_TGAGGGAAGTGTCCCG	TRUE
AMRU_CQ_TGAGGGACACTTCTGC	AMRU_CQ	TGAGGGACACTTCTGC	SRR11008277	277_TGAGGGACACTTCTGC	TRUE
AMRU_CQ_TGAGGGAGTTGGTGGA	AMRU_CQ	TGAGGGAGTTGGTGGA	SRR11008277	277_TGAGGGAGTTGGTGGA	TRUE
AMRU_CQ_TGAGGGATCTCATTCA	AMRU_CQ	TGAGGGATCTCATTCA	SRR11008277	277_TGAGGGATCTCATTCA	TRUE
AMRU_CQ_TGATTTCCACCGATAT	AMRU_CQ	TGATTTCCACCGATAT	SRR11008277	277_TGATTTCCACCGATAT	TRUE
AMRU_CQ_TGATTTCCACGACGAA	AMRU_CQ	TGATTTCCACGACGAA	SRR11008277	277_TGATTTCCACGACGAA	TRUE
AMRU_CQ_TGATTTCCATTCACTT	AMRU_CQ	TGATTTCCATTCACTT	SRR11008277	277_TGATTTCCATTCACTT	TRUE
AMRU_CQ_TGCACCTCAAGTCATC	AMRU_CQ	TGCACCTCAAGTCATC	SRR11008277	277_TGCACCTCAAGTCATC	TRUE
AMRU_CQ_TGCACCTGTCGCGGTT	AMRU_CQ	TGCACCTGTCGCGGTT	SRR11008277	277_TGCACCTGTCGCGGTT	TRUE
AMRU_CQ_TGCACCTGTCTCAACA	AMRU_CQ	TGCACCTGTCTCAACA	SRR11008277	277_TGCACCTGTCTCAACA	TRUE
AMRU_CQ_TGCACCTTCCACTGGG	AMRU_CQ	TGCACCTTCCACTGGG	SRR11008277	277_TGCACCTTCCACTGGG	TRUE
AMRU_CQ_TGCCAAAAGGGTTTCT	AMRU_CQ	TGCCAAAAGGGTTTCT	SRR11008277	277_TGCCAAAAGGGTTTCT	TRUE
AMRU_CQ_TGCCAAAAGTCCCACG	AMRU_CQ	TGCCAAAAGTCCCACG	SRR11008277	277_TGCCAAAAGTCCCACG	TRUE
AMRU_CQ_TGCCAAAAGTCTTGCA	AMRU_CQ	TGCCAAAAGTCTTGCA	SRR11008277	277_TGCCAAAAGTCTTGCA	TRUE
AMRU_CQ_TGCCAAACAGTAACGG	AMRU_CQ	TGCCAAACAGTAACGG	SRR11008277	277_TGCCAAACAGTAACGG	TRUE
AMRU_CQ_TGCCAAATCGCATGAT	AMRU_CQ	TGCCAAATCGCATGAT	SRR11008277	277_TGCCAAATCGCATGAT	TRUE
AMRU_CQ_TGCCAAATCGGTTCGG	AMRU_CQ	TGCCAAATCGGTTCGG	SRR11008277	277_TGCCAAATCGGTTCGG	TRUE
AMRU_CQ_TGCCAAATCGTCTGCT	AMRU_CQ	TGCCAAATCGTCTGCT	SRR11008277	277_TGCCAAATCGTCTGCT	TRUE
AMRU_CQ_TGCCCATAGAGGACGG	AMRU_CQ	TGCCCATAGAGGACGG	SRR11008277	277_TGCCCATAGAGGACGG	TRUE
AMRU_CQ_TGCCCATGTAGGACAC	AMRU_CQ	TGCCCATGTAGGACAC	SRR11008277	277_TGCCCATGTAGGACAC	TRUE
AMRU_CQ_TGCCCATGTGATGTGG	AMRU_CQ	TGCCCATGTGATGTGG	SRR11008277	277_TGCCCATGTGATGTGG	TRUE
AMRU_CQ_TGCCCATTCAGCTGGC	AMRU_CQ	TGCCCATTCAGCTGGC	SRR11008277	277_TGCCCATTCAGCTGGC	TRUE
AMRU_CQ_TGCCCATTCGTTGCCT	AMRU_CQ	TGCCCATTCGTTGCCT	SRR11008277	277_TGCCCATTCGTTGCCT	TRUE
AMRU_CQ_TGCCCATTCTACGAGT	AMRU_CQ	TGCCCATTCTACGAGT	SRR11008277	277_TGCCCATTCTACGAGT	TRUE
AMRU_CQ_TGCCCTAAGTGGTAGC	AMRU_CQ	TGCCCTAAGTGGTAGC	SRR11008277	277_TGCCCTAAGTGGTAGC	TRUE
AMRU_CQ_TGCCCTACATCCTTGC	AMRU_CQ	TGCCCTACATCCTTGC	SRR11008277	277_TGCCCTACATCCTTGC	TRUE
AMRU_CQ_TGCCCTAGTGAGTGAC	AMRU_CQ	TGCCCTAGTGAGTGAC	SRR11008277	277_TGCCCTAGTGAGTGAC	TRUE
AMRU_CQ_TGCGCAGAGACTCGGA	AMRU_CQ	TGCGCAGAGACTCGGA	SRR11008277	277_TGCGCAGAGACTCGGA	TRUE
AMRU_CQ_TGCGCAGAGATACACA	AMRU_CQ	TGCGCAGAGATACACA	SRR11008277	277_TGCGCAGAGATACACA	TRUE
AMRU_CQ_TGCGCAGCATACAGCT	AMRU_CQ	TGCGCAGCATACAGCT	SRR11008277	277_TGCGCAGCATACAGCT	TRUE
AMRU_CQ_TGCGCAGGTGAAGGCT	AMRU_CQ	TGCGCAGGTGAAGGCT	SRR11008277	277_TGCGCAGGTGAAGGCT	TRUE
AMRU_CQ_TGCGCAGTCGAGAGCA	AMRU_CQ	TGCGCAGTCGAGAGCA	SRR11008277	277_TGCGCAGTCGAGAGCA	TRUE
AMRU_CQ_TGCGGGTCAGTAGAGC	AMRU_CQ	TGCGGGTCAGTAGAGC	SRR11008277	277_TGCGGGTCAGTAGAGC	TRUE
AMRU_CQ_TGCGGGTGTGAAATCA	AMRU_CQ	TGCGGGTGTGAAATCA	SRR11008277	277_TGCGGGTGTGAAATCA	TRUE
AMRU_CQ_TGCGTGGAGGGCATGT	AMRU_CQ	TGCGTGGAGGGCATGT	SRR11008277	277_TGCGTGGAGGGCATGT	TRUE
AMRU_CQ_TGCGTGGCAATAAGCA	AMRU_CQ	TGCGTGGCAATAAGCA	SRR11008277	277_TGCGTGGCAATAAGCA	TRUE
AMRU_CQ_TGCGTGGTCCTTGGTC	AMRU_CQ	TGCGTGGTCCTTGGTC	SRR11008277	277_TGCGTGGTCCTTGGTC	TRUE
AMRU_CQ_TGCGTGGTCTTTAGTC	AMRU_CQ	TGCGTGGTCTTTAGTC	SRR11008277	277_TGCGTGGTCTTTAGTC	TRUE
AMRU_CQ_TGCTACCCAGACAGGT	AMRU_CQ	TGCTACCCAGACAGGT	SRR11008277	277_TGCTACCCAGACAGGT	TRUE
AMRU_CQ_TGCTACCTCTGCTGTC	AMRU_CQ	TGCTACCTCTGCTGTC	SRR11008277	277_TGCTACCTCTGCTGTC	TRUE
AMRU_CQ_TGCTGCTGTGAGTGAC	AMRU_CQ	TGCTGCTGTGAGTGAC	SRR11008277	277_TGCTGCTGTGAGTGAC	TRUE
AMRU_CQ_TGGACGCCAAGTCTAC	AMRU_CQ	TGGACGCCAAGTCTAC	SRR11008277	277_TGGACGCCAAGTCTAC	TRUE
AMRU_CQ_TGGACGCGTAGGACAC	AMRU_CQ	TGGACGCGTAGGACAC	SRR11008277	277_TGGACGCGTAGGACAC	TRUE
AMRU_CQ_TGGACGCGTCCAGTTA	AMRU_CQ	TGGACGCGTCCAGTTA	SRR11008277	277_TGGACGCGTCCAGTTA	TRUE
AMRU_CQ_TGGACGCGTGTGACGA	AMRU_CQ	TGGACGCGTGTGACGA	SRR11008277	277_TGGACGCGTGTGACGA	TRUE
AMRU_CQ_TGGCCAGAGCTGATAA	AMRU_CQ	TGGCCAGAGCTGATAA	SRR11008277	277_TGGCCAGAGCTGATAA	TRUE
AMRU_CQ_TGGCCAGAGGCTAGAC	AMRU_CQ	TGGCCAGAGGCTAGAC	SRR11008277	277_TGGCCAGAGGCTAGAC	TRUE
AMRU_CQ_TGGCCAGAGGGAAACA	AMRU_CQ	TGGCCAGAGGGAAACA	SRR11008277	277_TGGCCAGAGGGAAACA	TRUE
AMRU_CQ_TGGCCAGAGTGCAAGC	AMRU_CQ	TGGCCAGAGTGCAAGC	SRR11008277	277_TGGCCAGAGTGCAAGC	TRUE
AMRU_CQ_TGGCCAGAGTTACGGG	AMRU_CQ	TGGCCAGAGTTACGGG	SRR11008277	277_TGGCCAGAGTTACGGG	TRUE
AMRU_CQ_TGGCCAGGTCTACCTC	AMRU_CQ	TGGCCAGGTCTACCTC	SRR11008277	277_TGGCCAGGTCTACCTC	TRUE
AMRU_CQ_TGGCCAGGTGTCAATC	AMRU_CQ	TGGCCAGGTGTCAATC	SRR11008277	277_TGGCCAGGTGTCAATC	TRUE
AMRU_CQ_TGGCGCAAGACCGGAT	AMRU_CQ	TGGCGCAAGACCGGAT	SRR11008277	277_TGGCGCAAGACCGGAT	TRUE
AMRU_CQ_TGGCGCAAGACCTAGG	AMRU_CQ	TGGCGCAAGACCTAGG	SRR11008277	277_TGGCGCAAGACCTAGG	TRUE
AMRU_CQ_TGGCGCAAGTCAAGGC	AMRU_CQ	TGGCGCAAGTCAAGGC	SRR11008277	277_TGGCGCAAGTCAAGGC	TRUE
AMRU_CQ_TGGCGCACAGTCAGCC	AMRU_CQ	TGGCGCACAGTCAGCC	SRR11008277	277_TGGCGCACAGTCAGCC	TRUE
AMRU_CQ_TGGCGCAGTCCAGTGC	AMRU_CQ	TGGCGCAGTCCAGTGC	SRR11008277	277_TGGCGCAGTCCAGTGC	TRUE
AMRU_CQ_TGGCGCAGTGGACGAT	AMRU_CQ	TGGCGCAGTGGACGAT	SRR11008277	277_TGGCGCAGTGGACGAT	TRUE
AMRU_CQ_TGGCTGGAGGAGTACC	AMRU_CQ	TGGCTGGAGGAGTACC	SRR11008277	277_TGGCTGGAGGAGTACC	TRUE
AMRU_CQ_TGGCTGGCACGGCCAT	AMRU_CQ	TGGCTGGCACGGCCAT	SRR11008277	277_TGGCTGGCACGGCCAT	TRUE
AMRU_CQ_TGGCTGGCATTTCAGG	AMRU_CQ	TGGCTGGCATTTCAGG	SRR11008277	277_TGGCTGGCATTTCAGG	TRUE
AMRU_CQ_TGGCTGGGTCGTTGTA	AMRU_CQ	TGGCTGGGTCGTTGTA	SRR11008277	277_TGGCTGGGTCGTTGTA	TRUE
AMRU_CQ_TGGCTGGGTTTCGCTC	AMRU_CQ	TGGCTGGGTTTCGCTC	SRR11008277	277_TGGCTGGGTTTCGCTC	TRUE
AMRU_CQ_TGGGAAGGTAGCGTCC	AMRU_CQ	TGGGAAGGTAGCGTCC	SRR11008277	277_TGGGAAGGTAGCGTCC	TRUE
AMRU_CQ_TGGGAAGGTGATAAGT	AMRU_CQ	TGGGAAGGTGATAAGT	SRR11008277	277_TGGGAAGGTGATAAGT	TRUE
AMRU_CQ_TGGGAAGTCAGTTCGA	AMRU_CQ	TGGGAAGTCAGTTCGA	SRR11008277	277_TGGGAAGTCAGTTCGA	TRUE
AMRU_CQ_TGGGCGTCACCTCGTT	AMRU_CQ	TGGGCGTCACCTCGTT	SRR11008277	277_TGGGCGTCACCTCGTT	TRUE
AMRU_CQ_TGGGCGTTCGCCAGCA	AMRU_CQ	TGGGCGTTCGCCAGCA	SRR11008277	277_TGGGCGTTCGCCAGCA	TRUE
AMRU_CQ_TGGTTAGTCCACGACG	AMRU_CQ	TGGTTAGTCCACGACG	SRR11008277	277_TGGTTAGTCCACGACG	TRUE
AMRU_CQ_TGGTTAGTCGGCTACG	AMRU_CQ	TGGTTAGTCGGCTACG	SRR11008277	277_TGGTTAGTCGGCTACG	TRUE
AMRU_CQ_TGGTTCCGTCCGTTAA	AMRU_CQ	TGGTTCCGTCCGTTAA	SRR11008277	277_TGGTTCCGTCCGTTAA	TRUE
AMRU_CQ_TGGTTCCTCTGACCTC	AMRU_CQ	TGGTTCCTCTGACCTC	SRR11008277	277_TGGTTCCTCTGACCTC	TRUE
AMRU_CQ_TGTATTCAGGACATTA	AMRU_CQ	TGTATTCAGGACATTA	SRR11008277	277_TGTATTCAGGACATTA	TRUE
AMRU_CQ_TGTATTCCACGGACAA	AMRU_CQ	TGTATTCCACGGACAA	SRR11008277	277_TGTATTCCACGGACAA	TRUE
AMRU_CQ_TGTATTCCATATGAGA	AMRU_CQ	TGTATTCCATATGAGA	SRR11008277	277_TGTATTCCATATGAGA	TRUE
AMRU_CQ_TGTATTCGTAATCGTC	AMRU_CQ	TGTATTCGTAATCGTC	SRR11008277	277_TGTATTCGTAATCGTC	TRUE
AMRU_CQ_TGTATTCGTGTCCTCT	AMRU_CQ	TGTATTCGTGTCCTCT	SRR11008277	277_TGTATTCGTGTCCTCT	TRUE
AMRU_CQ_TGTATTCTCACTGGGC	AMRU_CQ	TGTATTCTCACTGGGC	SRR11008277	277_TGTATTCTCACTGGGC	TRUE
AMRU_CQ_TGTATTCTCCCTAATT	AMRU_CQ	TGTATTCTCCCTAATT	SRR11008277	277_TGTATTCTCCCTAATT	TRUE
AMRU_CQ_TGTCCCAAGACACGAC	AMRU_CQ	TGTCCCAAGACACGAC	SRR11008277	277_TGTCCCAAGACACGAC	TRUE
AMRU_CQ_TGTCCCACAGATCGGA	AMRU_CQ	TGTCCCACAGATCGGA	SRR11008277	277_TGTCCCACAGATCGGA	TRUE
AMRU_CQ_TGTCCCACATGCATGT	AMRU_CQ	TGTCCCACATGCATGT	SRR11008277	277_TGTCCCACATGCATGT	TRUE
AMRU_CQ_TGTCCCAGTAGAAGGA	AMRU_CQ	TGTCCCAGTAGAAGGA	SRR11008277	277_TGTCCCAGTAGAAGGA	TRUE
AMRU_CQ_TGTCCCATCATGTCCC	AMRU_CQ	TGTCCCATCATGTCCC	SRR11008277	277_TGTCCCATCATGTCCC	TRUE
AMRU_CQ_TGTCCCATCCAACCAA	AMRU_CQ	TGTCCCATCCAACCAA	SRR11008277	277_TGTCCCATCCAACCAA	TRUE
AMRU_CQ_TGTCCCATCGGAATCT	AMRU_CQ	TGTCCCATCGGAATCT	SRR11008277	277_TGTCCCATCGGAATCT	TRUE
AMRU_CQ_TGTGTTTGTCCCTTGT	AMRU_CQ	TGTGTTTGTCCCTTGT	SRR11008277	277_TGTGTTTGTCCCTTGT	TRUE
AMRU_CQ_TGTGTTTGTCGTCTTC	AMRU_CQ	TGTGTTTGTCGTCTTC	SRR11008277	277_TGTGTTTGTCGTCTTC	TRUE
AMRU_CQ_TGTGTTTTCTGTCTAT	AMRU_CQ	TGTGTTTTCTGTCTAT	SRR11008277	277_TGTGTTTTCTGTCTAT	TRUE
AMRU_CQ_TGTTCCGAGCATGGCA	AMRU_CQ	TGTTCCGAGCATGGCA	SRR11008277	277_TGTTCCGAGCATGGCA	TRUE
AMRU_CQ_TGTTCCGGTCGGATCC	AMRU_CQ	TGTTCCGGTCGGATCC	SRR11008277	277_TGTTCCGGTCGGATCC	TRUE
AMRU_CQ_TGTTCCGGTCTCCACT	AMRU_CQ	TGTTCCGGTCTCCACT	SRR11008277	277_TGTTCCGGTCTCCACT	TRUE
AMRU_CQ_TTAACTCCAACGATCT	AMRU_CQ	TTAACTCCAACGATCT	SRR11008277	277_TTAACTCCAACGATCT	TRUE
AMRU_CQ_TTAACTCGTTTGTTTC	AMRU_CQ	TTAACTCGTTTGTTTC	SRR11008277	277_TTAACTCGTTTGTTTC	TRUE
AMRU_CQ_TTAGGACAGGCGACAT	AMRU_CQ	TTAGGACAGGCGACAT	SRR11008277	277_TTAGGACAGGCGACAT	TRUE
AMRU_CQ_TTAGGACAGGGATGGG	AMRU_CQ	TTAGGACAGGGATGGG	SRR11008277	277_TTAGGACAGGGATGGG	TRUE
AMRU_CQ_TTAGGCAGTGTAAGTA	AMRU_CQ	TTAGGCAGTGTAAGTA	SRR11008277	277_TTAGGCAGTGTAAGTA	TRUE
AMRU_CQ_TTAGGCAGTTCGTGAT	AMRU_CQ	TTAGGCAGTTCGTGAT	SRR11008277	277_TTAGGCAGTTCGTGAT	TRUE
AMRU_CQ_TTAGGCAGTTGGGACA	AMRU_CQ	TTAGGCAGTTGGGACA	SRR11008277	277_TTAGGCAGTTGGGACA	TRUE
AMRU_CQ_TTAGGCATCACATGCA	AMRU_CQ	TTAGGCATCACATGCA	SRR11008277	277_TTAGGCATCACATGCA	TRUE
AMRU_CQ_TTAGGCATCTGATTCT	AMRU_CQ	TTAGGCATCTGATTCT	SRR11008277	277_TTAGGCATCTGATTCT	TRUE
AMRU_CQ_TTAGTTCAGACACTAA	AMRU_CQ	TTAGTTCAGACACTAA	SRR11008277	277_TTAGTTCAGACACTAA	TRUE
AMRU_CQ_TTAGTTCAGCGTCTAT	AMRU_CQ	TTAGTTCAGCGTCTAT	SRR11008277	277_TTAGTTCAGCGTCTAT	TRUE
AMRU_CQ_TTAGTTCCATTCGACA	AMRU_CQ	TTAGTTCCATTCGACA	SRR11008277	277_TTAGTTCCATTCGACA	TRUE
AMRU_CQ_TTATGCTAGATGTGTA	AMRU_CQ	TTATGCTAGATGTGTA	SRR11008277	277_TTATGCTAGATGTGTA	TRUE
AMRU_CQ_TTATGCTCACAGACAG	AMRU_CQ	TTATGCTCACAGACAG	SRR11008277	277_TTATGCTCACAGACAG	TRUE
AMRU_CQ_TTATGCTTCCAGAGGA	AMRU_CQ	TTATGCTTCCAGAGGA	SRR11008277	277_TTATGCTTCCAGAGGA	TRUE
AMRU_CQ_TTATGCTTCCGCGGTA	AMRU_CQ	TTATGCTTCCGCGGTA	SRR11008277	277_TTATGCTTCCGCGGTA	TRUE
AMRU_CQ_TTATGCTTCTACGAGT	AMRU_CQ	TTATGCTTCTACGAGT	SRR11008277	277_TTATGCTTCTACGAGT	TRUE
AMRU_CQ_TTCCCAGAGCCACTAT	AMRU_CQ	TTCCCAGAGCCACTAT	SRR11008277	277_TTCCCAGAGCCACTAT	TRUE
AMRU_CQ_TTCCCAGGTTCGTTGA	AMRU_CQ	TTCCCAGGTTCGTTGA	SRR11008277	277_TTCCCAGGTTCGTTGA	TRUE
AMRU_CQ_TTCCCAGTCTTGTACT	AMRU_CQ	TTCCCAGTCTTGTACT	SRR11008277	277_TTCCCAGTCTTGTACT	TRUE
AMRU_CQ_TTCGAAGAGGTCGGAT	AMRU_CQ	TTCGAAGAGGTCGGAT	SRR11008277	277_TTCGAAGAGGTCGGAT	TRUE
AMRU_CQ_TTCGAAGCACCGTTGG	AMRU_CQ	TTCGAAGCACCGTTGG	SRR11008277	277_TTCGAAGCACCGTTGG	TRUE
AMRU_CQ_TTCGAAGGTCTCATCC	AMRU_CQ	TTCGAAGGTCTCATCC	SRR11008277	277_TTCGAAGGTCTCATCC	TRUE
AMRU_CQ_TTCGAAGTCACGCGGT	AMRU_CQ	TTCGAAGTCACGCGGT	SRR11008277	277_TTCGAAGTCACGCGGT	TRUE
AMRU_CQ_TTCGGTCAGATAGCAT	AMRU_CQ	TTCGGTCAGATAGCAT	SRR11008277	277_TTCGGTCAGATAGCAT	TRUE
AMRU_CQ_TTCGGTCGTCCCTTGT	AMRU_CQ	TTCGGTCGTCCCTTGT	SRR11008277	277_TTCGGTCGTCCCTTGT	TRUE
AMRU_CQ_TTCTACAAGATCTGCT	AMRU_CQ	TTCTACAAGATCTGCT	SRR11008277	277_TTCTACAAGATCTGCT	TRUE
AMRU_CQ_TTCTACACAATCCAAC	AMRU_CQ	TTCTACACAATCCAAC	SRR11008277	277_TTCTACACAATCCAAC	TRUE
AMRU_CQ_TTCTACACACAGGCCT	AMRU_CQ	TTCTACACACAGGCCT	SRR11008277	277_TTCTACACACAGGCCT	TRUE
AMRU_CQ_TTCTACACATCCGGGT	AMRU_CQ	TTCTACACATCCGGGT	SRR11008277	277_TTCTACACATCCGGGT	TRUE
AMRU_CQ_TTCTACACATTTGCCC	AMRU_CQ	TTCTACACATTTGCCC	SRR11008277	277_TTCTACACATTTGCCC	TRUE
AMRU_CQ_TTCTACAGTCTCTCGT	AMRU_CQ	TTCTACAGTCTCTCGT	SRR11008277	277_TTCTACAGTCTCTCGT	TRUE
AMRU_CQ_TTCTACAGTGGTCCGT	AMRU_CQ	TTCTACAGTGGTCCGT	SRR11008277	277_TTCTACAGTGGTCCGT	TRUE
AMRU_CQ_TTCTACATCACGCGGT	AMRU_CQ	TTCTACATCACGCGGT	SRR11008277	277_TTCTACATCACGCGGT	TRUE
AMRU_CQ_TTCTCAAGTTAAGATG	AMRU_CQ	TTCTCAAGTTAAGATG	SRR11008277	277_TTCTCAAGTTAAGATG	TRUE
AMRU_CQ_TTCTCCTAGAAACGCC	AMRU_CQ	TTCTCCTAGAAACGCC	SRR11008277	277_TTCTCCTAGAAACGCC	TRUE
AMRU_CQ_TTCTTAGAGTGGTCCC	AMRU_CQ	TTCTTAGAGTGGTCCC	SRR11008277	277_TTCTTAGAGTGGTCCC	TRUE
AMRU_CQ_TTCTTAGTCGGCCGAT	AMRU_CQ	TTCTTAGTCGGCCGAT	SRR11008277	277_TTCTTAGTCGGCCGAT	TRUE
AMRU_CQ_TTGAACGAGTACTTGC	AMRU_CQ	TTGAACGAGTACTTGC	SRR11008277	277_TTGAACGAGTACTTGC	TRUE
AMRU_CQ_TTGAACGCAAGTAATG	AMRU_CQ	TTGAACGCAAGTAATG	SRR11008277	277_TTGAACGCAAGTAATG	TRUE
AMRU_CQ_TTGAACGGTAATCGTC	AMRU_CQ	TTGAACGGTAATCGTC	SRR11008277	277_TTGAACGGTAATCGTC	TRUE
AMRU_CQ_TTGAACGGTAGAGTGC	AMRU_CQ	TTGAACGGTAGAGTGC	SRR11008277	277_TTGAACGGTAGAGTGC	TRUE
AMRU_CQ_TTGACTTAGATATACG	AMRU_CQ	TTGACTTAGATATACG	SRR11008277	277_TTGACTTAGATATACG	TRUE
AMRU_CQ_TTGACTTCACCGGAAA	AMRU_CQ	TTGACTTCACCGGAAA	SRR11008277	277_TTGACTTCACCGGAAA	TRUE
AMRU_CQ_TTGACTTTCCGCGGTA	AMRU_CQ	TTGACTTTCCGCGGTA	SRR11008277	277_TTGACTTTCCGCGGTA	TRUE
AMRU_CQ_TTGCCGTAGGAATGGA	AMRU_CQ	TTGCCGTAGGAATGGA	SRR11008277	277_TTGCCGTAGGAATGGA	TRUE
AMRU_CQ_TTGCGTCAGAGGTAGA	AMRU_CQ	TTGCGTCAGAGGTAGA	SRR11008277	277_TTGCGTCAGAGGTAGA	TRUE
AMRU_CQ_TTGCGTCCAGCCTTTC	AMRU_CQ	TTGCGTCCAGCCTTTC	SRR11008277	277_TTGCGTCCAGCCTTTC	TRUE
AMRU_CQ_TTGCGTCGTTCAACCA	AMRU_CQ	TTGCGTCGTTCAACCA	SRR11008277	277_TTGCGTCGTTCAACCA	TRUE
AMRU_CQ_TTGCGTCGTTCAGCGC	AMRU_CQ	TTGCGTCGTTCAGCGC	SRR11008277	277_TTGCGTCGTTCAGCGC	TRUE
AMRU_CQ_TTGCGTCTCAACGAAA	AMRU_CQ	TTGCGTCTCAACGAAA	SRR11008277	277_TTGCGTCTCAACGAAA	TRUE
AMRU_CQ_TTGGAACAGTTACCCA	AMRU_CQ	TTGGAACAGTTACCCA	SRR11008277	277_TTGGAACAGTTACCCA	TRUE
AMRU_CQ_TTGGAACCAAGCTGTT	AMRU_CQ	TTGGAACCAAGCTGTT	SRR11008277	277_TTGGAACCAAGCTGTT	TRUE
AMRU_CQ_TTGGAACGTAAGGATT	AMRU_CQ	TTGGAACGTAAGGATT	SRR11008277	277_TTGGAACGTAAGGATT	TRUE
AMRU_CQ_TTGGAACGTGAGTATA	AMRU_CQ	TTGGAACGTGAGTATA	SRR11008277	277_TTGGAACGTGAGTATA	TRUE
AMRU_CQ_TTGGCAAGTCACTGGC	AMRU_CQ	TTGGCAAGTCACTGGC	SRR11008277	277_TTGGCAAGTCACTGGC	TRUE
AMRU_CQ_TTGTAGGCAGCCTTTC	AMRU_CQ	TTGTAGGCAGCCTTTC	SRR11008277	277_TTGTAGGCAGCCTTTC	TRUE
AMRU_CQ_TTGTAGGCAGGAATCG	AMRU_CQ	TTGTAGGCAGGAATCG	SRR11008277	277_TTGTAGGCAGGAATCG	TRUE
AMRU_CQ_TTGTAGGCATTGTGCA	AMRU_CQ	TTGTAGGCATTGTGCA	SRR11008277	277_TTGTAGGCATTGTGCA	TRUE
AMRU_CQ_TTTACTGGTGCATCTA	AMRU_CQ	TTTACTGGTGCATCTA	SRR11008277	277_TTTACTGGTGCATCTA	TRUE
AMRU_CQ_TTTACTGGTTCCACGG	AMRU_CQ	TTTACTGGTTCCACGG	SRR11008277	277_TTTACTGGTTCCACGG	TRUE
AMRU_CQ_TTTACTGTCGGCGCAT	AMRU_CQ	TTTACTGTCGGCGCAT	SRR11008277	277_TTTACTGTCGGCGCAT	TRUE
AMRU_CQ_TTTACTGTCGTTTAGG	AMRU_CQ	TTTACTGTCGTTTAGG	SRR11008277	277_TTTACTGTCGTTTAGG	TRUE
AMRU_CQ_TTTATGCAGAGGTACC	AMRU_CQ	TTTATGCAGAGGTACC	SRR11008277	277_TTTATGCAGAGGTACC	TRUE
AMRU_CQ_TTTATGCAGGAGCGAG	AMRU_CQ	TTTATGCAGGAGCGAG	SRR11008277	277_TTTATGCAGGAGCGAG	TRUE
AMRU_CQ_TTTATGCAGGGAAACA	AMRU_CQ	TTTATGCAGGGAAACA	SRR11008277	277_TTTATGCAGGGAAACA	TRUE
AMRU_CQ_TTTCCTCAGCCAGAAC	AMRU_CQ	TTTCCTCAGCCAGAAC	SRR11008277	277_TTTCCTCAGCCAGAAC	TRUE
AMRU_CQ_TTTCCTCGTCGCTTCT	AMRU_CQ	TTTCCTCGTCGCTTCT	SRR11008277	277_TTTCCTCGTCGCTTCT	TRUE
AMRU_CQ_TTTCCTCGTGCCTGTG	AMRU_CQ	TTTCCTCGTGCCTGTG	SRR11008277	277_TTTCCTCGTGCCTGTG	TRUE
AMRU_CQ_TTTGCGCAGACAGACC	AMRU_CQ	TTTGCGCAGACAGACC	SRR11008277	277_TTTGCGCAGACAGACC	TRUE
AMRU_CQ_TTTGCGCAGCTGCAAG	AMRU_CQ	TTTGCGCAGCTGCAAG	SRR11008277	277_TTTGCGCAGCTGCAAG	TRUE
AMRU_CQ_TTTGCGCCAGGAATCG	AMRU_CQ	TTTGCGCCAGGAATCG	SRR11008277	277_TTTGCGCCAGGAATCG	TRUE
AMRU_CQ_TTTGCGCGTCTTGCGG	AMRU_CQ	TTTGCGCGTCTTGCGG	SRR11008277	277_TTTGCGCGTCTTGCGG	TRUE
AMRU_CQ_TTTGCGCGTGAAAGAG	AMRU_CQ	TTTGCGCGTGAAAGAG	SRR11008277	277_TTTGCGCGTGAAAGAG	TRUE
AMRU_CQ_TTTGCGCTCAAACAAG	AMRU_CQ	TTTGCGCTCAAACAAG	SRR11008277	277_TTTGCGCTCAAACAAG	TRUE
AMRU_CQ_TTTGCGCTCTGTTGAG	AMRU_CQ	TTTGCGCTCTGTTGAG	SRR11008277	277_TTTGCGCTCTGTTGAG	TRUE
AMRU_CQ_TTTGGTTGTCGTTGTA	AMRU_CQ	TTTGGTTGTCGTTGTA	SRR11008277	277_TTTGGTTGTCGTTGTA	TRUE
AMRU_CQ_TTTGGTTGTTTGTGTG	AMRU_CQ	TTTGGTTGTTTGTGTG	SRR11008277	277_TTTGGTTGTTTGTGTG	TRUE
AMRU_CQ_TTTGTCACACTCTGTC	AMRU_CQ	TTTGTCACACTCTGTC	SRR11008277	277_TTTGTCACACTCTGTC	TRUE
AMRU_CQ_TTTGTCATCATAACCG	AMRU_CQ	TTTGTCATCATAACCG	SRR11008277	277_TTTGTCATCATAACCG	TRUE
AMRU_Sa_AAGGAGCGTCAAAGAT	AMRU_Sa	AAGGAGCGTCAAAGAT	SRR11008276	276_AAGGAGCGTCAAAGAT	TRUE
AMRU_Sa_ACTTTCACAGCGTCCA	AMRU_Sa	ACTTTCACAGCGTCCA	SRR11008276	276_ACTTTCACAGCGTCCA	TRUE
AMRU_Sa_AGAGCTTCATGCCCGA	AMRU_Sa	AGAGCTTCATGCCCGA	SRR11008276	276_AGAGCTTCATGCCCGA	TRUE
AMRU_Sa_ATTCTACCAAGAAGAG	AMRU_Sa	ATTCTACCAAGAAGAG	SRR11008276	276_ATTCTACCAAGAAGAG	TRUE
AMRU_Sa_CATATGGGTACAGCAG	AMRU_Sa	CATATGGGTACAGCAG	SRR11008276	276_CATATGGGTACAGCAG	TRUE
AMRU_Sa_CATGGCGCAGCTGTAT	AMRU_Sa	CATGGCGCAGCTGTAT	SRR11008276	276_CATGGCGCAGCTGTAT	TRUE
AMRU_Sa_CATTATCCATGTCCTC	AMRU_Sa	CATTATCCATGTCCTC	SRR11008276	276_CATTATCCATGTCCTC	TRUE
AMRU_Sa_CCAATCCTCAGGCAAG	AMRU_Sa	CCAATCCTCAGGCAAG	SRR11008276	276_CCAATCCTCAGGCAAG	TRUE
AMRU_Sa_CGCCAAGTCTGTTGAG	AMRU_Sa	CGCCAAGTCTGTTGAG	SRR11008276	276_CGCCAAGTCTGTTGAG	TRUE
AMRU_Sa_CTACACCAGTGTGGCA	AMRU_Sa	CTACACCAGTGTGGCA	SRR11008276	276_CTACACCAGTGTGGCA	TRUE
AMRU_Sa_CTTGGCTCAAGTTGTC	AMRU_Sa	CTTGGCTCAAGTTGTC	SRR11008276	276_CTTGGCTCAAGTTGTC	TRUE
AMRU_Sa_GACGTGCCAGGTCGTC	AMRU_Sa	GACGTGCCAGGTCGTC	SRR11008276	276_GACGTGCCAGGTCGTC	TRUE
AMRU_Sa_GCTTGAACATCCTTGC	AMRU_Sa	GCTTGAACATCCTTGC	SRR11008276	276_GCTTGAACATCCTTGC	TRUE
AMRU_Sa_GGAACTTGTCTCCACT	AMRU_Sa	GGAACTTGTCTCCACT	SRR11008276	276_GGAACTTGTCTCCACT	TRUE
AMRU_Sa_TAAGTGCAGACGCTTT	AMRU_Sa	TAAGTGCAGACGCTTT	SRR11008276	276_TAAGTGCAGACGCTTT	TRUE
AMRU_Sa_TACTCATAGAGCCCAA	AMRU_Sa	TACTCATAGAGCCCAA	SRR11008276	276_TACTCATAGAGCCCAA	TRUE
AMRU_Sa_TACTTGTGTAACGTTC	AMRU_Sa	TACTTGTGTAACGTTC	SRR11008276	276_TACTTGTGTAACGTTC	TRUE
AMRU_Sa_TAGTGGTGTCTTCGTC	AMRU_Sa	TAGTGGTGTCTTCGTC	SRR11008276	276_TAGTGGTGTCTTCGTC	TRUE
AMRU_Sa_TCAATCTGTGTGACGA	AMRU_Sa	TCAATCTGTGTGACGA	SRR11008276	276_TCAATCTGTGTGACGA	TRUE
AMRU_Sa_TCTGAGATCGTGACAT	AMRU_Sa	TCTGAGATCGTGACAT	SRR11008276	276_TCTGAGATCGTGACAT	TRUE
AMRU_Sa_TGGCCAGTCAACCAAC	AMRU_Sa	TGGCCAGTCAACCAAC	SRR11008276	276_TGGCCAGTCAACCAAC	TRUE
AMRU_Sa_TTAGTTCCAATTGCTG	AMRU_Sa	TTAGTTCCAATTGCTG	SRR11008276	276_TTAGTTCCAATTGCTG	TRUE
Ches_Ao_AAACCTGCAAACGCGA	Ches_Ao	AAACCTGCAAACGCGA	SRR11008275	275_AAACCTGCAAACGCGA	TRUE
Ches_Ao_AAACCTGCAGCTCGCA	Ches_Ao	AAACCTGCAGCTCGCA	SRR11008275	275_AAACCTGCAGCTCGCA	TRUE
Ches_Ao_AAACGGGGTTCCACGG	Ches_Ao	AAACGGGGTTCCACGG	SRR11008275	275_AAACGGGGTTCCACGG	FALSE
Ches_Ao_AAAGATGGTAGCGCTC	Ches_Ao	AAAGATGGTAGCGCTC	SRR11008275	275_AAAGATGGTAGCGCTC	TRUE
Ches_Ao_AAAGTAGCAACACCCG	Ches_Ao	AAAGTAGCAACACCCG	SRR11008275	275_AAAGTAGCAACACCCG	TRUE
Ches_Ao_AAAGTAGTCGCAAACT	Ches_Ao	AAAGTAGTCGCAAACT	SRR11008275	275_AAAGTAGTCGCAAACT	TRUE
Ches_Ao_AAAGTAGTCTGCGTAA	Ches_Ao	AAAGTAGTCTGCGTAA	SRR11008275	275_AAAGTAGTCTGCGTAA	TRUE
Ches_Ao_AACACGTCAAACCTAC	Ches_Ao	AACACGTCAAACCTAC	SRR11008275	275_AACACGTCAAACCTAC	TRUE
Ches_Ao_AACACGTCAATACGCT	Ches_Ao	AACACGTCAATACGCT	SRR11008275	275_AACACGTCAATACGCT	TRUE
Ches_Ao_AACACGTCACCCATGG	Ches_Ao	AACACGTCACCCATGG	SRR11008275	275_AACACGTCACCCATGG	TRUE
Ches_Ao_AACACGTGTAGTGAAT	Ches_Ao	AACACGTGTAGTGAAT	SRR11008275	275_AACACGTGTAGTGAAT	TRUE
Ches_Ao_AACACGTGTCAGCTAT	Ches_Ao	AACACGTGTCAGCTAT	SRR11008275	275_AACACGTGTCAGCTAT	TRUE
Ches_Ao_AACACGTTCACAACGT	Ches_Ao	AACACGTTCACAACGT	SRR11008275	275_AACACGTTCACAACGT	TRUE
Ches_Ao_AACCATGAGCACCGCT	Ches_Ao	AACCATGAGCACCGCT	SRR11008275	275_AACCATGAGCACCGCT	TRUE
Ches_Ao_AACCATGGTAGGACAC	Ches_Ao	AACCATGGTAGGACAC	SRR11008275	275_AACCATGGTAGGACAC	TRUE
Ches_Ao_AACCATGGTCATGCCG	Ches_Ao	AACCATGGTCATGCCG	SRR11008275	275_AACCATGGTCATGCCG	TRUE
Ches_Ao_AACCGCGAGTCCGGTC	Ches_Ao	AACCGCGAGTCCGGTC	SRR11008275	275_AACCGCGAGTCCGGTC	TRUE
Ches_Ao_AACCGCGGTGCACTTA	Ches_Ao	AACCGCGGTGCACTTA	SRR11008275	275_AACCGCGGTGCACTTA	TRUE
Ches_Ao_AACCGCGTCAGCGACC	Ches_Ao	AACCGCGTCAGCGACC	SRR11008275	275_AACCGCGTCAGCGACC	TRUE
Ches_Ao_AACCGCGTCTAACTTC	Ches_Ao	AACCGCGTCTAACTTC	SRR11008275	275_AACCGCGTCTAACTTC	TRUE
Ches_Ao_AACGTTGGTCGGATCC	Ches_Ao	AACGTTGGTCGGATCC	SRR11008275	275_AACGTTGGTCGGATCC	TRUE
Ches_Ao_AACTCAGGTGTCCTCT	Ches_Ao	AACTCAGGTGTCCTCT	SRR11008275	275_AACTCAGGTGTCCTCT	TRUE
Ches_Ao_AACTCCCAGGCTATCT	Ches_Ao	AACTCCCAGGCTATCT	SRR11008275	275_AACTCCCAGGCTATCT	TRUE
Ches_Ao_AACTCCCCATTCTCAT	Ches_Ao	AACTCCCCATTCTCAT	SRR11008275	275_AACTCCCCATTCTCAT	TRUE
Ches_Ao_AACTCCCGTACTTGAC	Ches_Ao	AACTCCCGTACTTGAC	SRR11008275	275_AACTCCCGTACTTGAC	TRUE
Ches_Ao_AACTGGTAGCGCCTCA	Ches_Ao	AACTGGTAGCGCCTCA	SRR11008275	275_AACTGGTAGCGCCTCA	TRUE
Ches_Ao_AACTGGTGTGACGGTA	Ches_Ao	AACTGGTGTGACGGTA	SRR11008275	275_AACTGGTGTGACGGTA	TRUE
Ches_Ao_AACTGGTGTTAGGGTG	Ches_Ao	AACTGGTGTTAGGGTG	SRR11008275	275_AACTGGTGTTAGGGTG	TRUE
Ches_Ao_AACTGGTTCTGCAGTA	Ches_Ao	AACTGGTTCTGCAGTA	SRR11008275	275_AACTGGTTCTGCAGTA	TRUE
Ches_Ao_AAGACCTCAATGCCAT	Ches_Ao	AAGACCTCAATGCCAT	SRR11008275	275_AAGACCTCAATGCCAT	TRUE
Ches_Ao_AAGACCTCAGTCGTGC	Ches_Ao	AAGACCTCAGTCGTGC	SRR11008275	275_AAGACCTCAGTCGTGC	TRUE
Ches_Ao_AAGACCTCATCCGTGG	Ches_Ao	AAGACCTCATCCGTGG	SRR11008275	275_AAGACCTCATCCGTGG	FALSE
Ches_Ao_AAGACCTGTGATGTCT	Ches_Ao	AAGACCTGTGATGTCT	SRR11008275	275_AAGACCTGTGATGTCT	TRUE
Ches_Ao_AAGCCGCAGTGTTTGC	Ches_Ao	AAGCCGCAGTGTTTGC	SRR11008275	275_AAGCCGCAGTGTTTGC	TRUE
Ches_Ao_AAGCCGCGTCATTAGC	Ches_Ao	AAGCCGCGTCATTAGC	SRR11008275	275_AAGCCGCGTCATTAGC	TRUE
Ches_Ao_AAGCCGCGTCTAACGT	Ches_Ao	AAGCCGCGTCTAACGT	SRR11008275	275_AAGCCGCGTCTAACGT	TRUE
Ches_Ao_AAGGCAGAGCGTGAAC	Ches_Ao	AAGGCAGAGCGTGAAC	SRR11008275	275_AAGGCAGAGCGTGAAC	TRUE
Ches_Ao_AAGGCAGTCTGGGCCA	Ches_Ao	AAGGCAGTCTGGGCCA	SRR11008275	275_AAGGCAGTCTGGGCCA	TRUE
Ches_Ao_AAGGTTCGTAGAGGAA	Ches_Ao	AAGGTTCGTAGAGGAA	SRR11008275	275_AAGGTTCGTAGAGGAA	TRUE
Ches_Ao_AAGGTTCTCCGGCACA	Ches_Ao	AAGGTTCTCCGGCACA	SRR11008275	275_AAGGTTCTCCGGCACA	TRUE
Ches_Ao_AAGTCTGCATTAGCCA	Ches_Ao	AAGTCTGCATTAGCCA	SRR11008275	275_AAGTCTGCATTAGCCA	TRUE
Ches_Ao_AAGTCTGGTGTATGGG	Ches_Ao	AAGTCTGGTGTATGGG	SRR11008275	275_AAGTCTGGTGTATGGG	TRUE
Ches_Ao_AATCGGTAGCCGCCTA	Ches_Ao	AATCGGTAGCCGCCTA	SRR11008275	275_AATCGGTAGCCGCCTA	TRUE
Ches_Ao_AATCGGTCACCACCAG	Ches_Ao	AATCGGTCACCACCAG	SRR11008275	275_AATCGGTCACCACCAG	TRUE
Ches_Ao_ACACCAACAAGCCGTC	Ches_Ao	ACACCAACAAGCCGTC	SRR11008275	275_ACACCAACAAGCCGTC	TRUE
Ches_Ao_ACACCAATCTCGCATC	Ches_Ao	ACACCAATCTCGCATC	SRR11008275	275_ACACCAATCTCGCATC	TRUE
Ches_Ao_ACACCGGAGGCTCAGA	Ches_Ao	ACACCGGAGGCTCAGA	SRR11008275	275_ACACCGGAGGCTCAGA	TRUE
Ches_Ao_ACACCGGCACACCGCA	Ches_Ao	ACACCGGCACACCGCA	SRR11008275	275_ACACCGGCACACCGCA	TRUE
Ches_Ao_ACACCGGGTACCGCTG	Ches_Ao	ACACCGGGTACCGCTG	SRR11008275	275_ACACCGGGTACCGCTG	TRUE
Ches_Ao_ACACCGGGTATGAATG	Ches_Ao	ACACCGGGTATGAATG	SRR11008275	275_ACACCGGGTATGAATG	TRUE
Ches_Ao_ACACCGGGTTCGCGAC	Ches_Ao	ACACCGGGTTCGCGAC	SRR11008275	275_ACACCGGGTTCGCGAC	TRUE
Ches_Ao_ACACTGAAGGCCATAG	Ches_Ao	ACACTGAAGGCCATAG	SRR11008275	275_ACACTGAAGGCCATAG	TRUE
Ches_Ao_ACACTGAGTAAGGGCT	Ches_Ao	ACACTGAGTAAGGGCT	SRR11008275	275_ACACTGAGTAAGGGCT	TRUE
Ches_Ao_ACACTGATCCTTTCGG	Ches_Ao	ACACTGATCCTTTCGG	SRR11008275	275_ACACTGATCCTTTCGG	TRUE
Ches_Ao_ACAGCCGAGGATGGAA	Ches_Ao	ACAGCCGAGGATGGAA	SRR11008275	275_ACAGCCGAGGATGGAA	TRUE
Ches_Ao_ACAGCCGCAAAGGTGC	Ches_Ao	ACAGCCGCAAAGGTGC	SRR11008275	275_ACAGCCGCAAAGGTGC	TRUE
Ches_Ao_ACAGCCGTCAAACGGG	Ches_Ao	ACAGCCGTCAAACGGG	SRR11008275	275_ACAGCCGTCAAACGGG	TRUE
Ches_Ao_ACAGCTAGTGATGATA	Ches_Ao	ACAGCTAGTGATGATA	SRR11008275	275_ACAGCTAGTGATGATA	TRUE
Ches_Ao_ACAGCTATCTCTGTCG	Ches_Ao	ACAGCTATCTCTGTCG	SRR11008275	275_ACAGCTATCTCTGTCG	TRUE
Ches_Ao_ACATACGCAGCTCCGA	Ches_Ao	ACATACGCAGCTCCGA	SRR11008275	275_ACATACGCAGCTCCGA	TRUE
Ches_Ao_ACATGGTCACAGTCGC	Ches_Ao	ACATGGTCACAGTCGC	SRR11008275	275_ACATGGTCACAGTCGC	TRUE
Ches_Ao_ACATGGTTCAGTGTTG	Ches_Ao	ACATGGTTCAGTGTTG	SRR11008275	275_ACATGGTTCAGTGTTG	TRUE
Ches_Ao_ACCAGTAGTTGCCTCT	Ches_Ao	ACCAGTAGTTGCCTCT	SRR11008275	275_ACCAGTAGTTGCCTCT	TRUE
Ches_Ao_ACCAGTATCCTATTCA	Ches_Ao	ACCAGTATCCTATTCA	SRR11008275	275_ACCAGTATCCTATTCA	TRUE
Ches_Ao_ACCCACTCACAACGTT	Ches_Ao	ACCCACTCACAACGTT	SRR11008275	275_ACCCACTCACAACGTT	TRUE
Ches_Ao_ACCCACTGTCTTGTCC	Ches_Ao	ACCCACTGTCTTGTCC	SRR11008275	275_ACCCACTGTCTTGTCC	TRUE
Ches_Ao_ACCCACTTCGGCTTGG	Ches_Ao	ACCCACTTCGGCTTGG	SRR11008275	275_ACCCACTTCGGCTTGG	TRUE
Ches_Ao_ACCCACTTCTAGCACA	Ches_Ao	ACCCACTTCTAGCACA	SRR11008275	275_ACCCACTTCTAGCACA	TRUE
Ches_Ao_ACCCACTTCTGAGGGA	Ches_Ao	ACCCACTTCTGAGGGA	SRR11008275	275_ACCCACTTCTGAGGGA	TRUE
Ches_Ao_ACGAGGAGTGACCAAG	Ches_Ao	ACGAGGAGTGACCAAG	SRR11008275	275_ACGAGGAGTGACCAAG	TRUE
Ches_Ao_ACGATGTCATTGAGCT	Ches_Ao	ACGATGTCATTGAGCT	SRR11008275	275_ACGATGTCATTGAGCT	TRUE
Ches_Ao_ACGCAGCGTCGATTGT	Ches_Ao	ACGCAGCGTCGATTGT	SRR11008275	275_ACGCAGCGTCGATTGT	TRUE
Ches_Ao_ACGCAGCTCAAGCCTA	Ches_Ao	ACGCAGCTCAAGCCTA	SRR11008275	275_ACGCAGCTCAAGCCTA	TRUE
Ches_Ao_ACGCCAGCACCATCCT	Ches_Ao	ACGCCAGCACCATCCT	SRR11008275	275_ACGCCAGCACCATCCT	TRUE
Ches_Ao_ACGCCGAAGAGATGAG	Ches_Ao	ACGCCGAAGAGATGAG	SRR11008275	275_ACGCCGAAGAGATGAG	TRUE
Ches_Ao_ACGCCGAAGAGGTTGC	Ches_Ao	ACGCCGAAGAGGTTGC	SRR11008275	275_ACGCCGAAGAGGTTGC	TRUE
Ches_Ao_ACGCCGAGTCCTGCTT	Ches_Ao	ACGCCGAGTCCTGCTT	SRR11008275	275_ACGCCGAGTCCTGCTT	TRUE
Ches_Ao_ACGCCGATCGGCCGAT	Ches_Ao	ACGCCGATCGGCCGAT	SRR11008275	275_ACGCCGATCGGCCGAT	TRUE
Ches_Ao_ACGCCGATCGGTTAAC	Ches_Ao	ACGCCGATCGGTTAAC	SRR11008275	275_ACGCCGATCGGTTAAC	TRUE
Ches_Ao_ACGGAGAGTGAACCTT	Ches_Ao	ACGGAGAGTGAACCTT	SRR11008275	275_ACGGAGAGTGAACCTT	TRUE
Ches_Ao_ACGGCCAAGCTGAACG	Ches_Ao	ACGGCCAAGCTGAACG	SRR11008275	275_ACGGCCAAGCTGAACG	TRUE
Ches_Ao_ACGGCCAGTCCTGCTT	Ches_Ao	ACGGCCAGTCCTGCTT	SRR11008275	275_ACGGCCAGTCCTGCTT	TRUE
Ches_Ao_ACGGCCAGTGTGACCC	Ches_Ao	ACGGCCAGTGTGACCC	SRR11008275	275_ACGGCCAGTGTGACCC	TRUE
Ches_Ao_ACGGCCATCTCGCATC	Ches_Ao	ACGGCCATCTCGCATC	SRR11008275	275_ACGGCCATCTCGCATC	TRUE
Ches_Ao_ACGGGCTCACGTCAGC	Ches_Ao	ACGGGCTCACGTCAGC	SRR11008275	275_ACGGGCTCACGTCAGC	TRUE
Ches_Ao_ACGGGCTCATGACATC	Ches_Ao	ACGGGCTCATGACATC	SRR11008275	275_ACGGGCTCATGACATC	TRUE
Ches_Ao_ACGGGTCAGTCGAGTG	Ches_Ao	ACGGGTCAGTCGAGTG	SRR11008275	275_ACGGGTCAGTCGAGTG	FALSE
Ches_Ao_ACGGGTCAGTTGTAGA	Ches_Ao	ACGGGTCAGTTGTAGA	SRR11008275	275_ACGGGTCAGTTGTAGA	TRUE
Ches_Ao_ACGGGTCCACTCAGGC	Ches_Ao	ACGGGTCCACTCAGGC	SRR11008275	275_ACGGGTCCACTCAGGC	TRUE
Ches_Ao_ACGGGTCTCTCCCTGA	Ches_Ao	ACGGGTCTCTCCCTGA	SRR11008275	275_ACGGGTCTCTCCCTGA	TRUE
Ches_Ao_ACGTCAACACCGATAT	Ches_Ao	ACGTCAACACCGATAT	SRR11008275	275_ACGTCAACACCGATAT	TRUE
Ches_Ao_ACGTCAATCCAAAGTC	Ches_Ao	ACGTCAATCCAAAGTC	SRR11008275	275_ACGTCAATCCAAAGTC	TRUE
Ches_Ao_ACTATCTCAAACAACA	Ches_Ao	ACTATCTCAAACAACA	SRR11008275	275_ACTATCTCAAACAACA	TRUE
Ches_Ao_ACTGATGAGCCCTAAT	Ches_Ao	ACTGATGAGCCCTAAT	SRR11008275	275_ACTGATGAGCCCTAAT	TRUE
Ches_Ao_ACTGATGGTCAAGCGA	Ches_Ao	ACTGATGGTCAAGCGA	SRR11008275	275_ACTGATGGTCAAGCGA	TRUE
Ches_Ao_ACTGATGGTGGCCCTA	Ches_Ao	ACTGATGGTGGCCCTA	SRR11008275	275_ACTGATGGTGGCCCTA	TRUE
Ches_Ao_ACTGCTCTCGTGACAT	Ches_Ao	ACTGCTCTCGTGACAT	SRR11008275	275_ACTGCTCTCGTGACAT	TRUE
Ches_Ao_ACTGTCCAGCGCTCCA	Ches_Ao	ACTGTCCAGCGCTCCA	SRR11008275	275_ACTGTCCAGCGCTCCA	TRUE
Ches_Ao_ACTGTCCCAAGGCTCC	Ches_Ao	ACTGTCCCAAGGCTCC	SRR11008275	275_ACTGTCCCAAGGCTCC	TRUE
Ches_Ao_ACTGTCCGTCTAGCGC	Ches_Ao	ACTGTCCGTCTAGCGC	SRR11008275	275_ACTGTCCGTCTAGCGC	TRUE
Ches_Ao_ACTGTCCTCTACGAGT	Ches_Ao	ACTGTCCTCTACGAGT	SRR11008275	275_ACTGTCCTCTACGAGT	TRUE
Ches_Ao_ACTTACTCACCACGTG	Ches_Ao	ACTTACTCACCACGTG	SRR11008275	275_ACTTACTCACCACGTG	TRUE
Ches_Ao_ACTTACTTCCCATTTA	Ches_Ao	ACTTACTTCCCATTTA	SRR11008275	275_ACTTACTTCCCATTTA	TRUE
Ches_Ao_ACTTGTTAGTGCGATG	Ches_Ao	ACTTGTTAGTGCGATG	SRR11008275	275_ACTTGTTAGTGCGATG	TRUE
Ches_Ao_ACTTGTTGTCAAGCGA	Ches_Ao	ACTTGTTGTCAAGCGA	SRR11008275	275_ACTTGTTGTCAAGCGA	TRUE
Ches_Ao_ACTTGTTGTTCTGGTA	Ches_Ao	ACTTGTTGTTCTGGTA	SRR11008275	275_ACTTGTTGTTCTGGTA	TRUE
Ches_Ao_ACTTTCAAGAGTACAT	Ches_Ao	ACTTTCAAGAGTACAT	SRR11008275	275_ACTTTCAAGAGTACAT	TRUE
Ches_Ao_ACTTTCAGTCAGAAGC	Ches_Ao	ACTTTCAGTCAGAAGC	SRR11008275	275_ACTTTCAGTCAGAAGC	FALSE
Ches_Ao_ACTTTCATCTTTACGT	Ches_Ao	ACTTTCATCTTTACGT	SRR11008275	275_ACTTTCATCTTTACGT	TRUE
Ches_Ao_AGAATAGCAGGACCCT	Ches_Ao	AGAATAGCAGGACCCT	SRR11008275	275_AGAATAGCAGGACCCT	TRUE
Ches_Ao_AGACGTTCACAAGACG	Ches_Ao	AGACGTTCACAAGACG	SRR11008275	275_AGACGTTCACAAGACG	TRUE
Ches_Ao_AGAGCGAAGCTGGAAC	Ches_Ao	AGAGCGAAGCTGGAAC	SRR11008275	275_AGAGCGAAGCTGGAAC	TRUE
Ches_Ao_AGAGCGAAGGCATGTG	Ches_Ao	AGAGCGAAGGCATGTG	SRR11008275	275_AGAGCGAAGGCATGTG	TRUE
Ches_Ao_AGAGCGAAGTGCCAGA	Ches_Ao	AGAGCGAAGTGCCAGA	SRR11008275	275_AGAGCGAAGTGCCAGA	TRUE
Ches_Ao_AGAGCGACATACCATG	Ches_Ao	AGAGCGACATACCATG	SRR11008275	275_AGAGCGACATACCATG	TRUE
Ches_Ao_AGAGCGATCCACGTGG	Ches_Ao	AGAGCGATCCACGTGG	SRR11008275	275_AGAGCGATCCACGTGG	TRUE
Ches_Ao_AGAGCGATCTGTCAAG	Ches_Ao	AGAGCGATCTGTCAAG	SRR11008275	275_AGAGCGATCTGTCAAG	FALSE
Ches_Ao_AGAGCTTCAGCCTATA	Ches_Ao	AGAGCTTCAGCCTATA	SRR11008275	275_AGAGCTTCAGCCTATA	TRUE
Ches_Ao_AGAGCTTGTGCGCTTG	Ches_Ao	AGAGCTTGTGCGCTTG	SRR11008275	275_AGAGCTTGTGCGCTTG	TRUE
Ches_Ao_AGAGCTTGTGGAAAGA	Ches_Ao	AGAGCTTGTGGAAAGA	SRR11008275	275_AGAGCTTGTGGAAAGA	TRUE
Ches_Ao_AGAGTGGAGCACCGCT	Ches_Ao	AGAGTGGAGCACCGCT	SRR11008275	275_AGAGTGGAGCACCGCT	TRUE
Ches_Ao_AGAGTGGCAATACGCT	Ches_Ao	AGAGTGGCAATACGCT	SRR11008275	275_AGAGTGGCAATACGCT	TRUE
Ches_Ao_AGATCTGAGCTAGTGG	Ches_Ao	AGATCTGAGCTAGTGG	SRR11008275	275_AGATCTGAGCTAGTGG	TRUE
Ches_Ao_AGCAGCCCAAAGCGGT	Ches_Ao	AGCAGCCCAAAGCGGT	SRR11008275	275_AGCAGCCCAAAGCGGT	TRUE
Ches_Ao_AGCAGCCGTCTTGATG	Ches_Ao	AGCAGCCGTCTTGATG	SRR11008275	275_AGCAGCCGTCTTGATG	TRUE
Ches_Ao_AGCATACCACGCATCG	Ches_Ao	AGCATACCACGCATCG	SRR11008275	275_AGCATACCACGCATCG	TRUE
Ches_Ao_AGCCTAAAGGGCACTA	Ches_Ao	AGCCTAAAGGGCACTA	SRR11008275	275_AGCCTAAAGGGCACTA	TRUE
Ches_Ao_AGCCTAACAACACCCG	Ches_Ao	AGCCTAACAACACCCG	SRR11008275	275_AGCCTAACAACACCCG	TRUE
Ches_Ao_AGCCTAACAGACGCTC	Ches_Ao	AGCCTAACAGACGCTC	SRR11008275	275_AGCCTAACAGACGCTC	TRUE
Ches_Ao_AGCCTAAGTGGTCCGT	Ches_Ao	AGCCTAAGTGGTCCGT	SRR11008275	275_AGCCTAAGTGGTCCGT	TRUE
Ches_Ao_AGCGTATGTAGCGATG	Ches_Ao	AGCGTATGTAGCGATG	SRR11008275	275_AGCGTATGTAGCGATG	TRUE
Ches_Ao_AGCGTCGGTCTTGATG	Ches_Ao	AGCGTCGGTCTTGATG	SRR11008275	275_AGCGTCGGTCTTGATG	TRUE
Ches_Ao_AGCGTCGGTGCAGTAG	Ches_Ao	AGCGTCGGTGCAGTAG	SRR11008275	275_AGCGTCGGTGCAGTAG	TRUE
Ches_Ao_AGCTCCTAGAGCTGGT	Ches_Ao	AGCTCCTAGAGCTGGT	SRR11008275	275_AGCTCCTAGAGCTGGT	TRUE
Ches_Ao_AGCTCCTCACTCGACG	Ches_Ao	AGCTCCTCACTCGACG	SRR11008275	275_AGCTCCTCACTCGACG	TRUE
Ches_Ao_AGCTCCTTCGCCGTGA	Ches_Ao	AGCTCCTTCGCCGTGA	SRR11008275	275_AGCTCCTTCGCCGTGA	TRUE
Ches_Ao_AGCTCTCAGGAGTACC	Ches_Ao	AGCTCTCAGGAGTACC	SRR11008275	275_AGCTCTCAGGAGTACC	TRUE
Ches_Ao_AGCTTGAAGCACCGCT	Ches_Ao	AGCTTGAAGCACCGCT	SRR11008275	275_AGCTTGAAGCACCGCT	TRUE
Ches_Ao_AGCTTGAGTAGGCATG	Ches_Ao	AGCTTGAGTAGGCATG	SRR11008275	275_AGCTTGAGTAGGCATG	TRUE
Ches_Ao_AGCTTGAGTTGAACTC	Ches_Ao	AGCTTGAGTTGAACTC	SRR11008275	275_AGCTTGAGTTGAACTC	TRUE
Ches_Ao_AGGCCACAGTCTCGGC	Ches_Ao	AGGCCACAGTCTCGGC	SRR11008275	275_AGGCCACAGTCTCGGC	TRUE
Ches_Ao_AGGCCACGTCTGCAAT	Ches_Ao	AGGCCACGTCTGCAAT	SRR11008275	275_AGGCCACGTCTGCAAT	TRUE
Ches_Ao_AGGCCACGTTAAGTAG	Ches_Ao	AGGCCACGTTAAGTAG	SRR11008275	275_AGGCCACGTTAAGTAG	TRUE
Ches_Ao_AGGCCGTGTGCCTGTG	Ches_Ao	AGGCCGTGTGCCTGTG	SRR11008275	275_AGGCCGTGTGCCTGTG	TRUE
Ches_Ao_AGGCCGTTCGTGGGAA	Ches_Ao	AGGCCGTTCGTGGGAA	SRR11008275	275_AGGCCGTTCGTGGGAA	TRUE
Ches_Ao_AGGGAGTAGATATACG	Ches_Ao	AGGGAGTAGATATACG	SRR11008275	275_AGGGAGTAGATATACG	TRUE
Ches_Ao_AGGGAGTCAAAGCGGT	Ches_Ao	AGGGAGTCAAAGCGGT	SRR11008275	275_AGGGAGTCAAAGCGGT	TRUE
Ches_Ao_AGGGAGTTCCTACAGA	Ches_Ao	AGGGAGTTCCTACAGA	SRR11008275	275_AGGGAGTTCCTACAGA	TRUE
Ches_Ao_AGGGATGAGCTGGAAC	Ches_Ao	AGGGATGAGCTGGAAC	SRR11008275	275_AGGGATGAGCTGGAAC	TRUE
Ches_Ao_AGGGATGAGGGTCGAT	Ches_Ao	AGGGATGAGGGTCGAT	SRR11008275	275_AGGGATGAGGGTCGAT	TRUE
Ches_Ao_AGGGTGAAGTGTTAGA	Ches_Ao	AGGGTGAAGTGTTAGA	SRR11008275	275_AGGGTGAAGTGTTAGA	TRUE
Ches_Ao_AGGGTGAGTCGCTTTC	Ches_Ao	AGGGTGAGTCGCTTTC	SRR11008275	275_AGGGTGAGTCGCTTTC	TRUE
Ches_Ao_AGGGTGAGTTACGCGC	Ches_Ao	AGGGTGAGTTACGCGC	SRR11008275	275_AGGGTGAGTTACGCGC	TRUE
Ches_Ao_AGGGTGATCCCTCAGT	Ches_Ao	AGGGTGATCCCTCAGT	SRR11008275	275_AGGGTGATCCCTCAGT	TRUE
Ches_Ao_AGGTCATAGCTAAACA	Ches_Ao	AGGTCATAGCTAAACA	SRR11008275	275_AGGTCATAGCTAAACA	TRUE
Ches_Ao_AGGTCATAGCTGCGAA	Ches_Ao	AGGTCATAGCTGCGAA	SRR11008275	275_AGGTCATAGCTGCGAA	FALSE
Ches_Ao_AGGTCATAGGTGATTA	Ches_Ao	AGGTCATAGGTGATTA	SRR11008275	275_AGGTCATAGGTGATTA	TRUE
Ches_Ao_AGGTCATAGGTGTTAA	Ches_Ao	AGGTCATAGGTGTTAA	SRR11008275	275_AGGTCATAGGTGTTAA	TRUE
Ches_Ao_AGGTCATGTGCAGTAG	Ches_Ao	AGGTCATGTGCAGTAG	SRR11008275	275_AGGTCATGTGCAGTAG	TRUE
Ches_Ao_AGGTCCGTCTCTAAGG	Ches_Ao	AGGTCCGTCTCTAAGG	SRR11008275	275_AGGTCCGTCTCTAAGG	TRUE
Ches_Ao_AGGTCCGTCTGCCCTA	Ches_Ao	AGGTCCGTCTGCCCTA	SRR11008275	275_AGGTCCGTCTGCCCTA	TRUE
Ches_Ao_AGTAGTCAGGTAAACT	Ches_Ao	AGTAGTCAGGTAAACT	SRR11008275	275_AGTAGTCAGGTAAACT	FALSE
Ches_Ao_AGTAGTCCATCTCCCA	Ches_Ao	AGTAGTCCATCTCCCA	SRR11008275	275_AGTAGTCCATCTCCCA	TRUE
Ches_Ao_AGTCTTTAGCCAGTTT	Ches_Ao	AGTCTTTAGCCAGTTT	SRR11008275	275_AGTCTTTAGCCAGTTT	TRUE
Ches_Ao_AGTCTTTGTAGAGGAA	Ches_Ao	AGTCTTTGTAGAGGAA	SRR11008275	275_AGTCTTTGTAGAGGAA	TRUE
Ches_Ao_AGTCTTTGTGCGATAG	Ches_Ao	AGTCTTTGTGCGATAG	SRR11008275	275_AGTCTTTGTGCGATAG	TRUE
Ches_Ao_AGTGAGGAGATAGGAG	Ches_Ao	AGTGAGGAGATAGGAG	SRR11008275	275_AGTGAGGAGATAGGAG	TRUE
Ches_Ao_AGTGTCAAGCTAAGAT	Ches_Ao	AGTGTCAAGCTAAGAT	SRR11008275	275_AGTGTCAAGCTAAGAT	TRUE
Ches_Ao_AGTGTCAGTAGGCATG	Ches_Ao	AGTGTCAGTAGGCATG	SRR11008275	275_AGTGTCAGTAGGCATG	TRUE
Ches_Ao_AGTGTCAGTGGAAAGA	Ches_Ao	AGTGTCAGTGGAAAGA	SRR11008275	275_AGTGTCAGTGGAAAGA	TRUE
Ches_Ao_AGTGTCAGTTGTCTTT	Ches_Ao	AGTGTCAGTTGTCTTT	SRR11008275	275_AGTGTCAGTTGTCTTT	TRUE
Ches_Ao_AGTTGGTAGAGACTTA	Ches_Ao	AGTTGGTAGAGACTTA	SRR11008275	275_AGTTGGTAGAGACTTA	TRUE
Ches_Ao_AGTTGGTGTCTCCACT	Ches_Ao	AGTTGGTGTCTCCACT	SRR11008275	275_AGTTGGTGTCTCCACT	TRUE
Ches_Ao_AGTTGGTGTTAAGACA	Ches_Ao	AGTTGGTGTTAAGACA	SRR11008275	275_AGTTGGTGTTAAGACA	TRUE
Ches_Ao_ATAACGCAGAATAGGG	Ches_Ao	ATAACGCAGAATAGGG	SRR11008275	275_ATAACGCAGAATAGGG	TRUE
Ches_Ao_ATAACGCAGCTAGCCC	Ches_Ao	ATAACGCAGCTAGCCC	SRR11008275	275_ATAACGCAGCTAGCCC	TRUE
Ches_Ao_ATAACGCGTTAAGTAG	Ches_Ao	ATAACGCGTTAAGTAG	SRR11008275	275_ATAACGCGTTAAGTAG	TRUE
Ches_Ao_ATAACGCTCTTTAGGG	Ches_Ao	ATAACGCTCTTTAGGG	SRR11008275	275_ATAACGCTCTTTAGGG	TRUE
Ches_Ao_ATAAGAGGTACCATCA	Ches_Ao	ATAAGAGGTACCATCA	SRR11008275	275_ATAAGAGGTACCATCA	TRUE
Ches_Ao_ATAGACCGTCACAAGG	Ches_Ao	ATAGACCGTCACAAGG	SRR11008275	275_ATAGACCGTCACAAGG	TRUE
Ches_Ao_ATCACGAAGCTACCTA	Ches_Ao	ATCACGAAGCTACCTA	SRR11008275	275_ATCACGAAGCTACCTA	TRUE
Ches_Ao_ATCACGAAGGGTTTCT	Ches_Ao	ATCACGAAGGGTTTCT	SRR11008275	275_ATCACGAAGGGTTTCT	TRUE
Ches_Ao_ATCACGACACTTAAGC	Ches_Ao	ATCACGACACTTAAGC	SRR11008275	275_ATCACGACACTTAAGC	TRUE
Ches_Ao_ATCACGAGTAGCGCTC	Ches_Ao	ATCACGAGTAGCGCTC	SRR11008275	275_ATCACGAGTAGCGCTC	TRUE
Ches_Ao_ATCATGGCATAGGATA	Ches_Ao	ATCATGGCATAGGATA	SRR11008275	275_ATCATGGCATAGGATA	TRUE
Ches_Ao_ATCCACCTCCGCTGTT	Ches_Ao	ATCCACCTCCGCTGTT	SRR11008275	275_ATCCACCTCCGCTGTT	TRUE
Ches_Ao_ATCCGAAAGTAATCCC	Ches_Ao	ATCCGAAAGTAATCCC	SRR11008275	275_ATCCGAAAGTAATCCC	TRUE
Ches_Ao_ATCCGAAAGTTAGGTA	Ches_Ao	ATCCGAAAGTTAGGTA	SRR11008275	275_ATCCGAAAGTTAGGTA	TRUE
Ches_Ao_ATCGAGTAGTGACATA	Ches_Ao	ATCGAGTAGTGACATA	SRR11008275	275_ATCGAGTAGTGACATA	TRUE
Ches_Ao_ATCGAGTTCATACGGT	Ches_Ao	ATCGAGTTCATACGGT	SRR11008275	275_ATCGAGTTCATACGGT	TRUE
Ches_Ao_ATCTACTAGAAACCAT	Ches_Ao	ATCTACTAGAAACCAT	SRR11008275	275_ATCTACTAGAAACCAT	TRUE
Ches_Ao_ATCTACTAGGACCACA	Ches_Ao	ATCTACTAGGACCACA	SRR11008275	275_ATCTACTAGGACCACA	TRUE
Ches_Ao_ATCTACTAGTGCTGCC	Ches_Ao	ATCTACTAGTGCTGCC	SRR11008275	275_ATCTACTAGTGCTGCC	TRUE
Ches_Ao_ATCTACTGTTAAGAAC	Ches_Ao	ATCTACTGTTAAGAAC	SRR11008275	275_ATCTACTGTTAAGAAC	TRUE
Ches_Ao_ATCTGCCGTTCGGGCT	Ches_Ao	ATCTGCCGTTCGGGCT	SRR11008275	275_ATCTGCCGTTCGGGCT	TRUE
Ches_Ao_ATGAGGGTCAGCAACT	Ches_Ao	ATGAGGGTCAGCAACT	SRR11008275	275_ATGAGGGTCAGCAACT	TRUE
Ches_Ao_ATGCGATAGATAGTCA	Ches_Ao	ATGCGATAGATAGTCA	SRR11008275	275_ATGCGATAGATAGTCA	TRUE
Ches_Ao_ATGCGATTCTCTAGGA	Ches_Ao	ATGCGATTCTCTAGGA	SRR11008275	275_ATGCGATTCTCTAGGA	TRUE
Ches_Ao_ATGGGAGAGATGTGTA	Ches_Ao	ATGGGAGAGATGTGTA	SRR11008275	275_ATGGGAGAGATGTGTA	TRUE
Ches_Ao_ATGGGAGGTCCTCTTG	Ches_Ao	ATGGGAGGTCCTCTTG	SRR11008275	275_ATGGGAGGTCCTCTTG	TRUE
Ches_Ao_ATGGGAGGTTCACCTC	Ches_Ao	ATGGGAGGTTCACCTC	SRR11008275	275_ATGGGAGGTTCACCTC	TRUE
Ches_Ao_ATGGGAGTCTGTCTCG	Ches_Ao	ATGGGAGTCTGTCTCG	SRR11008275	275_ATGGGAGTCTGTCTCG	TRUE
Ches_Ao_ATTACTCAGCTGAACG	Ches_Ao	ATTACTCAGCTGAACG	SRR11008275	275_ATTACTCAGCTGAACG	TRUE
Ches_Ao_ATTACTCAGTGTACGG	Ches_Ao	ATTACTCAGTGTACGG	SRR11008275	275_ATTACTCAGTGTACGG	TRUE
Ches_Ao_ATTATCCAGAAACGCC	Ches_Ao	ATTATCCAGAAACGCC	SRR11008275	275_ATTATCCAGAAACGCC	TRUE
Ches_Ao_ATTATCCCACGGTGTC	Ches_Ao	ATTATCCCACGGTGTC	SRR11008275	275_ATTATCCCACGGTGTC	TRUE
Ches_Ao_ATTATCCGTTATTCTC	Ches_Ao	ATTATCCGTTATTCTC	SRR11008275	275_ATTATCCGTTATTCTC	TRUE
Ches_Ao_ATTCTACTCTATCGCC	Ches_Ao	ATTCTACTCTATCGCC	SRR11008275	275_ATTCTACTCTATCGCC	TRUE
Ches_Ao_ATTGGACAGACTGGGT	Ches_Ao	ATTGGACAGACTGGGT	SRR11008275	275_ATTGGACAGACTGGGT	TRUE
Ches_Ao_ATTGGACAGCAGCCTC	Ches_Ao	ATTGGACAGCAGCCTC	SRR11008275	275_ATTGGACAGCAGCCTC	TRUE
Ches_Ao_ATTGGACAGGTTCCTA	Ches_Ao	ATTGGACAGGTTCCTA	SRR11008275	275_ATTGGACAGGTTCCTA	TRUE
Ches_Ao_ATTGGACGTAGCGATG	Ches_Ao	ATTGGACGTAGCGATG	SRR11008275	275_ATTGGACGTAGCGATG	TRUE
Ches_Ao_ATTGGACGTCTAGCGC	Ches_Ao	ATTGGACGTCTAGCGC	SRR11008275	275_ATTGGACGTCTAGCGC	TRUE
Ches_Ao_ATTGGTGCACCGAATT	Ches_Ao	ATTGGTGCACCGAATT	SRR11008275	275_ATTGGTGCACCGAATT	TRUE
Ches_Ao_ATTTCTGCACCTATCC	Ches_Ao	ATTTCTGCACCTATCC	SRR11008275	275_ATTTCTGCACCTATCC	TRUE
Ches_Ao_ATTTCTGGTAGAGGAA	Ches_Ao	ATTTCTGGTAGAGGAA	SRR11008275	275_ATTTCTGGTAGAGGAA	TRUE
Ches_Ao_ATTTCTGGTTTCCACC	Ches_Ao	ATTTCTGGTTTCCACC	SRR11008275	275_ATTTCTGGTTTCCACC	TRUE
Ches_Ao_CAACCAAAGATGCCTT	Ches_Ao	CAACCAAAGATGCCTT	SRR11008275	275_CAACCAAAGATGCCTT	TRUE
Ches_Ao_CAACCAAGTTAAGGGC	Ches_Ao	CAACCAAGTTAAGGGC	SRR11008275	275_CAACCAAGTTAAGGGC	TRUE
Ches_Ao_CAACCAATCTTGGGTA	Ches_Ao	CAACCAATCTTGGGTA	SRR11008275	275_CAACCAATCTTGGGTA	FALSE
Ches_Ao_CAACCTCCAATCTGCA	Ches_Ao	CAACCTCCAATCTGCA	SRR11008275	275_CAACCTCCAATCTGCA	TRUE
Ches_Ao_CAACCTCGTGGCGAAT	Ches_Ao	CAACCTCGTGGCGAAT	SRR11008275	275_CAACCTCGTGGCGAAT	TRUE
Ches_Ao_CAACTAGGTGGTACAG	Ches_Ao	CAACTAGGTGGTACAG	SRR11008275	275_CAACTAGGTGGTACAG	TRUE
Ches_Ao_CAAGAAAAGATAGGAG	Ches_Ao	CAAGAAAAGATAGGAG	SRR11008275	275_CAAGAAAAGATAGGAG	FALSE
Ches_Ao_CAAGAAATCATACGGT	Ches_Ao	CAAGAAATCATACGGT	SRR11008275	275_CAAGAAATCATACGGT	TRUE
Ches_Ao_CAAGAAATCTTGAGGT	Ches_Ao	CAAGAAATCTTGAGGT	SRR11008275	275_CAAGAAATCTTGAGGT	TRUE
Ches_Ao_CAAGATCCACCATCCT	Ches_Ao	CAAGATCCACCATCCT	SRR11008275	275_CAAGATCCACCATCCT	TRUE
Ches_Ao_CAAGATCGTCTGCGGT	Ches_Ao	CAAGATCGTCTGCGGT	SRR11008275	275_CAAGATCGTCTGCGGT	TRUE
Ches_Ao_CAAGTTGCAAGTTAAG	Ches_Ao	CAAGTTGCAAGTTAAG	SRR11008275	275_CAAGTTGCAAGTTAAG	TRUE
Ches_Ao_CAAGTTGCAATGGATA	Ches_Ao	CAAGTTGCAATGGATA	SRR11008275	275_CAAGTTGCAATGGATA	TRUE
Ches_Ao_CAAGTTGTCTGATTCT	Ches_Ao	CAAGTTGTCTGATTCT	SRR11008275	275_CAAGTTGTCTGATTCT	TRUE
Ches_Ao_CAAGTTGTCTTGTATC	Ches_Ao	CAAGTTGTCTTGTATC	SRR11008275	275_CAAGTTGTCTTGTATC	TRUE
Ches_Ao_CACAAACAGCCACTAT	Ches_Ao	CACAAACAGCCACTAT	SRR11008275	275_CACAAACAGCCACTAT	TRUE
Ches_Ao_CACAAACGTCAAAGCG	Ches_Ao	CACAAACGTCAAAGCG	SRR11008275	275_CACAAACGTCAAAGCG	TRUE
Ches_Ao_CACAAACGTGCCTTGG	Ches_Ao	CACAAACGTGCCTTGG	SRR11008275	275_CACAAACGTGCCTTGG	TRUE
Ches_Ao_CACACAATCAATACCG	Ches_Ao	CACACAATCAATACCG	SRR11008275	275_CACACAATCAATACCG	TRUE
Ches_Ao_CACACAATCTGCAAGT	Ches_Ao	CACACAATCTGCAAGT	SRR11008275	275_CACACAATCTGCAAGT	TRUE
Ches_Ao_CACACCTAGCGACGTA	Ches_Ao	CACACCTAGCGACGTA	SRR11008275	275_CACACCTAGCGACGTA	TRUE
Ches_Ao_CACACCTCAGGGTATG	Ches_Ao	CACACCTCAGGGTATG	SRR11008275	275_CACACCTCAGGGTATG	TRUE
Ches_Ao_CACACCTGTTCGTTGA	Ches_Ao	CACACCTGTTCGTTGA	SRR11008275	275_CACACCTGTTCGTTGA	TRUE
Ches_Ao_CACACCTTCAAAGTAG	Ches_Ao	CACACCTTCAAAGTAG	SRR11008275	275_CACACCTTCAAAGTAG	TRUE
Ches_Ao_CACACCTTCTTTACGT	Ches_Ao	CACACCTTCTTTACGT	SRR11008275	275_CACACCTTCTTTACGT	TRUE
Ches_Ao_CACACTCAGACCTTTG	Ches_Ao	CACACTCAGACCTTTG	SRR11008275	275_CACACTCAGACCTTTG	TRUE
Ches_Ao_CACACTCAGAGTGACC	Ches_Ao	CACACTCAGAGTGACC	SRR11008275	275_CACACTCAGAGTGACC	TRUE
Ches_Ao_CACACTCAGTTCGCAT	Ches_Ao	CACACTCAGTTCGCAT	SRR11008275	275_CACACTCAGTTCGCAT	TRUE
Ches_Ao_CACACTCCAATGTTGC	Ches_Ao	CACACTCCAATGTTGC	SRR11008275	275_CACACTCCAATGTTGC	TRUE
Ches_Ao_CACACTCGTGAGGGTT	Ches_Ao	CACACTCGTGAGGGTT	SRR11008275	275_CACACTCGTGAGGGTT	TRUE
Ches_Ao_CACACTCTCAGTTGAC	Ches_Ao	CACACTCTCAGTTGAC	SRR11008275	275_CACACTCTCAGTTGAC	TRUE
Ches_Ao_CACACTCTCGTAGATC	Ches_Ao	CACACTCTCGTAGATC	SRR11008275	275_CACACTCTCGTAGATC	TRUE
Ches_Ao_CACAGGCTCCGCATAA	Ches_Ao	CACAGGCTCCGCATAA	SRR11008275	275_CACAGGCTCCGCATAA	TRUE
Ches_Ao_CACAGTAAGGGCTCTC	Ches_Ao	CACAGTAAGGGCTCTC	SRR11008275	275_CACAGTAAGGGCTCTC	TRUE
Ches_Ao_CACAGTACAGGTTTCA	Ches_Ao	CACAGTACAGGTTTCA	SRR11008275	275_CACAGTACAGGTTTCA	TRUE
Ches_Ao_CACAGTATCAGCCTAA	Ches_Ao	CACAGTATCAGCCTAA	SRR11008275	275_CACAGTATCAGCCTAA	TRUE
Ches_Ao_CACATAGCATACGCTA	Ches_Ao	CACATAGCATACGCTA	SRR11008275	275_CACATAGCATACGCTA	TRUE
Ches_Ao_CACATAGGTCACAAGG	Ches_Ao	CACATAGGTCACAAGG	SRR11008275	275_CACATAGGTCACAAGG	TRUE
Ches_Ao_CACATTTCAAGGACAC	Ches_Ao	CACATTTCAAGGACAC	SRR11008275	275_CACATTTCAAGGACAC	TRUE
Ches_Ao_CACCACTAGTGATCGG	Ches_Ao	CACCACTAGTGATCGG	SRR11008275	275_CACCACTAGTGATCGG	TRUE
Ches_Ao_CACCACTCAAATTGCC	Ches_Ao	CACCACTCAAATTGCC	SRR11008275	275_CACCACTCAAATTGCC	TRUE
Ches_Ao_CACCAGGGTGTGCGTC	Ches_Ao	CACCAGGGTGTGCGTC	SRR11008275	275_CACCAGGGTGTGCGTC	TRUE
Ches_Ao_CACCTTGGTAAGAGGA	Ches_Ao	CACCTTGGTAAGAGGA	SRR11008275	275_CACCTTGGTAAGAGGA	TRUE
Ches_Ao_CACCTTGGTATAAACG	Ches_Ao	CACCTTGGTATAAACG	SRR11008275	275_CACCTTGGTATAAACG	TRUE
Ches_Ao_CACTCCACAGAGTGTG	Ches_Ao	CACTCCACAGAGTGTG	SRR11008275	275_CACTCCACAGAGTGTG	TRUE
Ches_Ao_CAGAATCCAATAGAGT	Ches_Ao	CAGAATCCAATAGAGT	SRR11008275	275_CAGAATCCAATAGAGT	TRUE
Ches_Ao_CAGAATCCACAAGACG	Ches_Ao	CAGAATCCACAAGACG	SRR11008275	275_CAGAATCCACAAGACG	TRUE
Ches_Ao_CAGAATCCAGGTTTCA	Ches_Ao	CAGAATCCAGGTTTCA	SRR11008275	275_CAGAATCCAGGTTTCA	TRUE
Ches_Ao_CAGAGAGAGATCCTGT	Ches_Ao	CAGAGAGAGATCCTGT	SRR11008275	275_CAGAGAGAGATCCTGT	TRUE
Ches_Ao_CAGAGAGAGTACGCCC	Ches_Ao	CAGAGAGAGTACGCCC	SRR11008275	275_CAGAGAGAGTACGCCC	TRUE
Ches_Ao_CAGAGAGAGTGGCACA	Ches_Ao	CAGAGAGAGTGGCACA	SRR11008275	275_CAGAGAGAGTGGCACA	TRUE
Ches_Ao_CAGAGAGGTGTTTGTG	Ches_Ao	CAGAGAGGTGTTTGTG	SRR11008275	275_CAGAGAGGTGTTTGTG	TRUE
Ches_Ao_CAGATCACACCACCAG	Ches_Ao	CAGATCACACCACCAG	SRR11008275	275_CAGATCACACCACCAG	TRUE
Ches_Ao_CAGATCAGTAGCAAAT	Ches_Ao	CAGATCAGTAGCAAAT	SRR11008275	275_CAGATCAGTAGCAAAT	TRUE
Ches_Ao_CAGCAGCGTATGAAAC	Ches_Ao	CAGCAGCGTATGAAAC	SRR11008275	275_CAGCAGCGTATGAAAC	TRUE
Ches_Ao_CAGCAGCTCACTCCTG	Ches_Ao	CAGCAGCTCACTCCTG	SRR11008275	275_CAGCAGCTCACTCCTG	TRUE
Ches_Ao_CAGCAGCTCCTGTACC	Ches_Ao	CAGCAGCTCCTGTACC	SRR11008275	275_CAGCAGCTCCTGTACC	TRUE
Ches_Ao_CAGCATAAGAGTAATC	Ches_Ao	CAGCATAAGAGTAATC	SRR11008275	275_CAGCATAAGAGTAATC	TRUE
Ches_Ao_CAGCCGAAGCCTTGAT	Ches_Ao	CAGCCGAAGCCTTGAT	SRR11008275	275_CAGCCGAAGCCTTGAT	TRUE
Ches_Ao_CAGCCGAAGGGTCTCC	Ches_Ao	CAGCCGAAGGGTCTCC	SRR11008275	275_CAGCCGAAGGGTCTCC	TRUE
Ches_Ao_CAGCCGACAATGTTGC	Ches_Ao	CAGCCGACAATGTTGC	SRR11008275	275_CAGCCGACAATGTTGC	TRUE
Ches_Ao_CAGCCGATCCGAGCCA	Ches_Ao	CAGCCGATCCGAGCCA	SRR11008275	275_CAGCCGATCCGAGCCA	TRUE
Ches_Ao_CAGCGACGTTCACGGC	Ches_Ao	CAGCGACGTTCACGGC	SRR11008275	275_CAGCGACGTTCACGGC	TRUE
Ches_Ao_CAGCTAAGTCCGAGTC	Ches_Ao	CAGCTAAGTCCGAGTC	SRR11008275	275_CAGCTAAGTCCGAGTC	FALSE
Ches_Ao_CAGGTGCAGATACACA	Ches_Ao	CAGGTGCAGATACACA	SRR11008275	275_CAGGTGCAGATACACA	TRUE
Ches_Ao_CAGGTGCAGTTAGCGG	Ches_Ao	CAGGTGCAGTTAGCGG	SRR11008275	275_CAGGTGCAGTTAGCGG	TRUE
Ches_Ao_CAGGTGCGTTAAGAAC	Ches_Ao	CAGGTGCGTTAAGAAC	SRR11008275	275_CAGGTGCGTTAAGAAC	TRUE
Ches_Ao_CAGGTGCGTTCTGTTT	Ches_Ao	CAGGTGCGTTCTGTTT	SRR11008275	275_CAGGTGCGTTCTGTTT	TRUE
Ches_Ao_CAGTAACTCATTATCC	Ches_Ao	CAGTAACTCATTATCC	SRR11008275	275_CAGTAACTCATTATCC	TRUE
Ches_Ao_CAGTCCTGTAAATGAC	Ches_Ao	CAGTCCTGTAAATGAC	SRR11008275	275_CAGTCCTGTAAATGAC	TRUE
Ches_Ao_CATATGGCATGCCTTC	Ches_Ao	CATATGGCATGCCTTC	SRR11008275	275_CATATGGCATGCCTTC	TRUE
Ches_Ao_CATATGGTCCAGTATG	Ches_Ao	CATATGGTCCAGTATG	SRR11008275	275_CATATGGTCCAGTATG	TRUE
Ches_Ao_CATATTCTCTATCCTA	Ches_Ao	CATATTCTCTATCCTA	SRR11008275	275_CATATTCTCTATCCTA	TRUE
Ches_Ao_CATCAAGAGGGCTTGA	Ches_Ao	CATCAAGAGGGCTTGA	SRR11008275	275_CATCAAGAGGGCTTGA	TRUE
Ches_Ao_CATCAAGCAGCTTAAC	Ches_Ao	CATCAAGCAGCTTAAC	SRR11008275	275_CATCAAGCAGCTTAAC	FALSE
Ches_Ao_CATCAAGGTCTCGTTC	Ches_Ao	CATCAAGGTCTCGTTC	SRR11008275	275_CATCAAGGTCTCGTTC	TRUE
Ches_Ao_CATCAGACAATGGACG	Ches_Ao	CATCAGACAATGGACG	SRR11008275	275_CATCAGACAATGGACG	TRUE
Ches_Ao_CATCAGAGTCCCTTGT	Ches_Ao	CATCAGAGTCCCTTGT	SRR11008275	275_CATCAGAGTCCCTTGT	TRUE
Ches_Ao_CATCAGAGTGCAGACA	Ches_Ao	CATCAGAGTGCAGACA	SRR11008275	275_CATCAGAGTGCAGACA	TRUE
Ches_Ao_CATCAGATCTAACTTC	Ches_Ao	CATCAGATCTAACTTC	SRR11008275	275_CATCAGATCTAACTTC	TRUE
Ches_Ao_CATCCACAGATGTGGC	Ches_Ao	CATCCACAGATGTGGC	SRR11008275	275_CATCCACAGATGTGGC	TRUE
Ches_Ao_CATCCACCATGACATC	Ches_Ao	CATCCACCATGACATC	SRR11008275	275_CATCCACCATGACATC	TRUE
Ches_Ao_CATCCACGTCCGTTAA	Ches_Ao	CATCCACGTCCGTTAA	SRR11008275	275_CATCCACGTCCGTTAA	TRUE
Ches_Ao_CATGCCTAGATGTTAG	Ches_Ao	CATGCCTAGATGTTAG	SRR11008275	275_CATGCCTAGATGTTAG	TRUE
Ches_Ao_CATGCCTAGCGTCAAG	Ches_Ao	CATGCCTAGCGTCAAG	SRR11008275	275_CATGCCTAGCGTCAAG	TRUE
Ches_Ao_CATGCCTGTGATGTCT	Ches_Ao	CATGCCTGTGATGTCT	SRR11008275	275_CATGCCTGTGATGTCT	TRUE
Ches_Ao_CATGGCGAGGACTGGT	Ches_Ao	CATGGCGAGGACTGGT	SRR11008275	275_CATGGCGAGGACTGGT	TRUE
Ches_Ao_CATGGCGCAGTGGAGT	Ches_Ao	CATGGCGCAGTGGAGT	SRR11008275	275_CATGGCGCAGTGGAGT	TRUE
Ches_Ao_CATGGCGGTATAGTAG	Ches_Ao	CATGGCGGTATAGTAG	SRR11008275	275_CATGGCGGTATAGTAG	TRUE
Ches_Ao_CATTATCAGATACACA	Ches_Ao	CATTATCAGATACACA	SRR11008275	275_CATTATCAGATACACA	TRUE
Ches_Ao_CATTATCGTCCTCCAT	Ches_Ao	CATTATCGTCCTCCAT	SRR11008275	275_CATTATCGTCCTCCAT	TRUE
Ches_Ao_CATTCGCAGACTAGGC	Ches_Ao	CATTCGCAGACTAGGC	SRR11008275	275_CATTCGCAGACTAGGC	TRUE
Ches_Ao_CATTCGCAGCACCGCT	Ches_Ao	CATTCGCAGCACCGCT	SRR11008275	275_CATTCGCAGCACCGCT	TRUE
Ches_Ao_CATTCGCAGCTAGTTC	Ches_Ao	CATTCGCAGCTAGTTC	SRR11008275	275_CATTCGCAGCTAGTTC	TRUE
Ches_Ao_CATTCGCTCTACCAGA	Ches_Ao	CATTCGCTCTACCAGA	SRR11008275	275_CATTCGCTCTACCAGA	TRUE
Ches_Ao_CCAATCCAGCTGTCTA	Ches_Ao	CCAATCCAGCTGTCTA	SRR11008275	275_CCAATCCAGCTGTCTA	TRUE
Ches_Ao_CCAATCCCAAAGGCGT	Ches_Ao	CCAATCCCAAAGGCGT	SRR11008275	275_CCAATCCCAAAGGCGT	TRUE
Ches_Ao_CCAATCCCAGATCCAT	Ches_Ao	CCAATCCCAGATCCAT	SRR11008275	275_CCAATCCCAGATCCAT	TRUE
Ches_Ao_CCAATCCGTCGCGAAA	Ches_Ao	CCAATCCGTCGCGAAA	SRR11008275	275_CCAATCCGTCGCGAAA	TRUE
Ches_Ao_CCAATCCTCTTATCTG	Ches_Ao	CCAATCCTCTTATCTG	SRR11008275	275_CCAATCCTCTTATCTG	TRUE
Ches_Ao_CCACCTAAGAGGTACC	Ches_Ao	CCACCTAAGAGGTACC	SRR11008275	275_CCACCTAAGAGGTACC	TRUE
Ches_Ao_CCACCTAAGATGTTAG	Ches_Ao	CCACCTAAGATGTTAG	SRR11008275	275_CCACCTAAGATGTTAG	TRUE
Ches_Ao_CCACCTACACCTATCC	Ches_Ao	CCACCTACACCTATCC	SRR11008275	275_CCACCTACACCTATCC	TRUE
Ches_Ao_CCACCTAGTCGACTGC	Ches_Ao	CCACCTAGTCGACTGC	SRR11008275	275_CCACCTAGTCGACTGC	TRUE
Ches_Ao_CCACTACCACTTAACG	Ches_Ao	CCACTACCACTTAACG	SRR11008275	275_CCACTACCACTTAACG	TRUE
Ches_Ao_CCACTACGTCCCTACT	Ches_Ao	CCACTACGTCCCTACT	SRR11008275	275_CCACTACGTCCCTACT	TRUE
Ches_Ao_CCAGCGAAGGCGATAC	Ches_Ao	CCAGCGAAGGCGATAC	SRR11008275	275_CCAGCGAAGGCGATAC	TRUE
Ches_Ao_CCAGCGAAGGTGCTTT	Ches_Ao	CCAGCGAAGGTGCTTT	SRR11008275	275_CCAGCGAAGGTGCTTT	TRUE
Ches_Ao_CCATGTCAGTACGACG	Ches_Ao	CCATGTCAGTACGACG	SRR11008275	275_CCATGTCAGTACGACG	TRUE
Ches_Ao_CCATGTCAGTAGGTGC	Ches_Ao	CCATGTCAGTAGGTGC	SRR11008275	275_CCATGTCAGTAGGTGC	TRUE
Ches_Ao_CCATGTCCAAACGTGG	Ches_Ao	CCATGTCCAAACGTGG	SRR11008275	275_CCATGTCCAAACGTGG	TRUE
Ches_Ao_CCATGTCCAAGTTAAG	Ches_Ao	CCATGTCCAAGTTAAG	SRR11008275	275_CCATGTCCAAGTTAAG	TRUE
Ches_Ao_CCATGTCGTTACTGAC	Ches_Ao	CCATGTCGTTACTGAC	SRR11008275	275_CCATGTCGTTACTGAC	TRUE
Ches_Ao_CCATGTCGTTCACCTC	Ches_Ao	CCATGTCGTTCACCTC	SRR11008275	275_CCATGTCGTTCACCTC	TRUE
Ches_Ao_CCATTCGAGCTCCTTC	Ches_Ao	CCATTCGAGCTCCTTC	SRR11008275	275_CCATTCGAGCTCCTTC	TRUE
Ches_Ao_CCATTCGAGCTGTCTA	Ches_Ao	CCATTCGAGCTGTCTA	SRR11008275	275_CCATTCGAGCTGTCTA	TRUE
Ches_Ao_CCCAATCAGGTGCACA	Ches_Ao	CCCAATCAGGTGCACA	SRR11008275	275_CCCAATCAGGTGCACA	TRUE
Ches_Ao_CCCAATCTCCGCATAA	Ches_Ao	CCCAATCTCCGCATAA	SRR11008275	275_CCCAATCTCCGCATAA	TRUE
Ches_Ao_CCCAGTTAGATCTGAA	Ches_Ao	CCCAGTTAGATCTGAA	SRR11008275	275_CCCAGTTAGATCTGAA	TRUE
Ches_Ao_CCCAGTTTCCAAACTG	Ches_Ao	CCCAGTTTCCAAACTG	SRR11008275	275_CCCAGTTTCCAAACTG	TRUE
Ches_Ao_CCCATACAGTAGCCGA	Ches_Ao	CCCATACAGTAGCCGA	SRR11008275	275_CCCATACAGTAGCCGA	TRUE
Ches_Ao_CCCATACCACAGTCGC	Ches_Ao	CCCATACCACAGTCGC	SRR11008275	275_CCCATACCACAGTCGC	TRUE
Ches_Ao_CCCATACGTACCCAAT	Ches_Ao	CCCATACGTACCCAAT	SRR11008275	275_CCCATACGTACCCAAT	TRUE
Ches_Ao_CCCATACGTCTCAACA	Ches_Ao	CCCATACGTCTCAACA	SRR11008275	275_CCCATACGTCTCAACA	TRUE
Ches_Ao_CCCATACGTGGTAACG	Ches_Ao	CCCATACGTGGTAACG	SRR11008275	275_CCCATACGTGGTAACG	TRUE
Ches_Ao_CCCATACGTTATGCGT	Ches_Ao	CCCATACGTTATGCGT	SRR11008275	275_CCCATACGTTATGCGT	TRUE
Ches_Ao_CCCATACTCCTAGGGC	Ches_Ao	CCCATACTCCTAGGGC	SRR11008275	275_CCCATACTCCTAGGGC	TRUE
Ches_Ao_CCCTCCTAGCTAGCCC	Ches_Ao	CCCTCCTAGCTAGCCC	SRR11008275	275_CCCTCCTAGCTAGCCC	TRUE
Ches_Ao_CCCTCCTCATTTCACT	Ches_Ao	CCCTCCTCATTTCACT	SRR11008275	275_CCCTCCTCATTTCACT	FALSE
Ches_Ao_CCCTCCTGTTCGTGAT	Ches_Ao	CCCTCCTGTTCGTGAT	SRR11008275	275_CCCTCCTGTTCGTGAT	TRUE
Ches_Ao_CCGGGATGTCGGGTCT	Ches_Ao	CCGGGATGTCGGGTCT	SRR11008275	275_CCGGGATGTCGGGTCT	TRUE
Ches_Ao_CCGGTAGCACAGACTT	Ches_Ao	CCGGTAGCACAGACTT	SRR11008275	275_CCGGTAGCACAGACTT	TRUE
Ches_Ao_CCGGTAGGTGATGTCT	Ches_Ao	CCGGTAGGTGATGTCT	SRR11008275	275_CCGGTAGGTGATGTCT	TRUE
Ches_Ao_CCGTACTGTAGGAGTC	Ches_Ao	CCGTACTGTAGGAGTC	SRR11008275	275_CCGTACTGTAGGAGTC	TRUE
Ches_Ao_CCGTACTGTAGTGAAT	Ches_Ao	CCGTACTGTAGTGAAT	SRR11008275	275_CCGTACTGTAGTGAAT	TRUE
Ches_Ao_CCGTGGAAGAGGTAGA	Ches_Ao	CCGTGGAAGAGGTAGA	SRR11008275	275_CCGTGGAAGAGGTAGA	TRUE
Ches_Ao_CCGTGGAGTAAATACG	Ches_Ao	CCGTGGAGTAAATACG	SRR11008275	275_CCGTGGAGTAAATACG	TRUE
Ches_Ao_CCGTGGAGTGTTTGTG	Ches_Ao	CCGTGGAGTGTTTGTG	SRR11008275	275_CCGTGGAGTGTTTGTG	TRUE
Ches_Ao_CCGTGGATCAGATAAG	Ches_Ao	CCGTGGATCAGATAAG	SRR11008275	275_CCGTGGATCAGATAAG	TRUE
Ches_Ao_CCGTTCAAGACGCACA	Ches_Ao	CCGTTCAAGACGCACA	SRR11008275	275_CCGTTCAAGACGCACA	TRUE
Ches_Ao_CCGTTCACACCAGTTA	Ches_Ao	CCGTTCACACCAGTTA	SRR11008275	275_CCGTTCACACCAGTTA	TRUE
Ches_Ao_CCGTTCACATCCCACT	Ches_Ao	CCGTTCACATCCCACT	SRR11008275	275_CCGTTCACATCCCACT	TRUE
Ches_Ao_CCGTTCAGTTAGGGTG	Ches_Ao	CCGTTCAGTTAGGGTG	SRR11008275	275_CCGTTCAGTTAGGGTG	TRUE
Ches_Ao_CCGTTCATCATCATTC	Ches_Ao	CCGTTCATCATCATTC	SRR11008275	275_CCGTTCATCATCATTC	TRUE
Ches_Ao_CCTAAAGAGGCCATAG	Ches_Ao	CCTAAAGAGGCCATAG	SRR11008275	275_CCTAAAGAGGCCATAG	TRUE
Ches_Ao_CCTAAAGCAGCTGCTG	Ches_Ao	CCTAAAGCAGCTGCTG	SRR11008275	275_CCTAAAGCAGCTGCTG	TRUE
Ches_Ao_CCTACACCACACATGT	Ches_Ao	CCTACACCACACATGT	SRR11008275	275_CCTACACCACACATGT	TRUE
Ches_Ao_CCTACACCATGTAAGA	Ches_Ao	CCTACACCATGTAAGA	SRR11008275	275_CCTACACCATGTAAGA	TRUE
Ches_Ao_CCTACACGTCCAAGTT	Ches_Ao	CCTACACGTCCAAGTT	SRR11008275	275_CCTACACGTCCAAGTT	TRUE
Ches_Ao_CCTACACGTCCGTTAA	Ches_Ao	CCTACACGTCCGTTAA	SRR11008275	275_CCTACACGTCCGTTAA	TRUE
Ches_Ao_CCTACCAAGATCTGCT	Ches_Ao	CCTACCAAGATCTGCT	SRR11008275	275_CCTACCAAGATCTGCT	TRUE
Ches_Ao_CCTAGCTTCCGTCATC	Ches_Ao	CCTAGCTTCCGTCATC	SRR11008275	275_CCTAGCTTCCGTCATC	TRUE
Ches_Ao_CCTATTAAGATCTGAA	Ches_Ao	CCTATTAAGATCTGAA	SRR11008275	275_CCTATTAAGATCTGAA	TRUE
Ches_Ao_CCTATTATCAGGATCT	Ches_Ao	CCTATTATCAGGATCT	SRR11008275	275_CCTATTATCAGGATCT	TRUE
Ches_Ao_CCTCAGTAGTCCAGGA	Ches_Ao	CCTCAGTAGTCCAGGA	SRR11008275	275_CCTCAGTAGTCCAGGA	TRUE
Ches_Ao_CCTCAGTCACGCCAGT	Ches_Ao	CCTCAGTCACGCCAGT	SRR11008275	275_CCTCAGTCACGCCAGT	TRUE
Ches_Ao_CCTCAGTGTAGCTGCC	Ches_Ao	CCTCAGTGTAGCTGCC	SRR11008275	275_CCTCAGTGTAGCTGCC	FALSE
Ches_Ao_CCTCAGTTCGTACCGG	Ches_Ao	CCTCAGTTCGTACCGG	SRR11008275	275_CCTCAGTTCGTACCGG	TRUE
Ches_Ao_CCTCTGAGTTCAACCA	Ches_Ao	CCTCTGAGTTCAACCA	SRR11008275	275_CCTCTGAGTTCAACCA	TRUE
Ches_Ao_CCTCTGATCATGCATG	Ches_Ao	CCTCTGATCATGCATG	SRR11008275	275_CCTCTGATCATGCATG	TRUE
Ches_Ao_CCTTACGCAAGAGGCT	Ches_Ao	CCTTACGCAAGAGGCT	SRR11008275	275_CCTTACGCAAGAGGCT	TRUE
Ches_Ao_CCTTACGCACCTGGTG	Ches_Ao	CCTTACGCACCTGGTG	SRR11008275	275_CCTTACGCACCTGGTG	TRUE
Ches_Ao_CCTTCCCTCCTGCCAT	Ches_Ao	CCTTCCCTCCTGCCAT	SRR11008275	275_CCTTCCCTCCTGCCAT	TRUE
Ches_Ao_CCTTCGAAGACCCACC	Ches_Ao	CCTTCGAAGACCCACC	SRR11008275	275_CCTTCGAAGACCCACC	TRUE
Ches_Ao_CCTTCGATCTTCAACT	Ches_Ao	CCTTCGATCTTCAACT	SRR11008275	275_CCTTCGATCTTCAACT	TRUE
Ches_Ao_CCTTTCTAGGACCACA	Ches_Ao	CCTTTCTAGGACCACA	SRR11008275	275_CCTTTCTAGGACCACA	TRUE
Ches_Ao_CGAACATTCCGGGTGT	Ches_Ao	CGAACATTCCGGGTGT	SRR11008275	275_CGAACATTCCGGGTGT	TRUE
Ches_Ao_CGAATGTAGGTGCTTT	Ches_Ao	CGAATGTAGGTGCTTT	SRR11008275	275_CGAATGTAGGTGCTTT	TRUE
Ches_Ao_CGACCTTAGCTGCAAG	Ches_Ao	CGACCTTAGCTGCAAG	SRR11008275	275_CGACCTTAGCTGCAAG	TRUE
Ches_Ao_CGACCTTCAGGTCCAC	Ches_Ao	CGACCTTCAGGTCCAC	SRR11008275	275_CGACCTTCAGGTCCAC	TRUE
Ches_Ao_CGAGAAGAGATACACA	Ches_Ao	CGAGAAGAGATACACA	SRR11008275	275_CGAGAAGAGATACACA	TRUE
Ches_Ao_CGAGAAGCAGCTCCGA	Ches_Ao	CGAGAAGCAGCTCCGA	SRR11008275	275_CGAGAAGCAGCTCCGA	TRUE
Ches_Ao_CGAGCACAGAGACTTA	Ches_Ao	CGAGCACAGAGACTTA	SRR11008275	275_CGAGCACAGAGACTTA	TRUE
Ches_Ao_CGAGCACAGGCCCGTT	Ches_Ao	CGAGCACAGGCCCGTT	SRR11008275	275_CGAGCACAGGCCCGTT	TRUE
Ches_Ao_CGAGCACCATTACCTT	Ches_Ao	CGAGCACCATTACCTT	SRR11008275	275_CGAGCACCATTACCTT	TRUE
Ches_Ao_CGAGCACGTCTCCACT	Ches_Ao	CGAGCACGTCTCCACT	SRR11008275	275_CGAGCACGTCTCCACT	TRUE
Ches_Ao_CGAGCCACAAGCTGAG	Ches_Ao	CGAGCCACAAGCTGAG	SRR11008275	275_CGAGCCACAAGCTGAG	TRUE
Ches_Ao_CGATCGGTCGCCAAAT	Ches_Ao	CGATCGGTCGCCAAAT	SRR11008275	275_CGATCGGTCGCCAAAT	TRUE
Ches_Ao_CGATGGCTCTGGAGCC	Ches_Ao	CGATGGCTCTGGAGCC	SRR11008275	275_CGATGGCTCTGGAGCC	TRUE
Ches_Ao_CGATGTAAGCAGGTCA	Ches_Ao	CGATGTAAGCAGGTCA	SRR11008275	275_CGATGTAAGCAGGTCA	FALSE
Ches_Ao_CGATGTAAGCTAACAA	Ches_Ao	CGATGTAAGCTAACAA	SRR11008275	275_CGATGTAAGCTAACAA	TRUE
Ches_Ao_CGATGTAAGGCACATG	Ches_Ao	CGATGTAAGGCACATG	SRR11008275	275_CGATGTAAGGCACATG	TRUE
Ches_Ao_CGATGTACATGGATGG	Ches_Ao	CGATGTACATGGATGG	SRR11008275	275_CGATGTACATGGATGG	TRUE
Ches_Ao_CGATGTAGTTAAGTAG	Ches_Ao	CGATGTAGTTAAGTAG	SRR11008275	275_CGATGTAGTTAAGTAG	TRUE
Ches_Ao_CGATGTAGTTCGTTGA	Ches_Ao	CGATGTAGTTCGTTGA	SRR11008275	275_CGATGTAGTTCGTTGA	TRUE
Ches_Ao_CGATTGACATGTAGTC	Ches_Ao	CGATTGACATGTAGTC	SRR11008275	275_CGATTGACATGTAGTC	TRUE
Ches_Ao_CGATTGAGTGGTACAG	Ches_Ao	CGATTGAGTGGTACAG	SRR11008275	275_CGATTGAGTGGTACAG	TRUE
Ches_Ao_CGATTGATCCTTTCGG	Ches_Ao	CGATTGATCCTTTCGG	SRR11008275	275_CGATTGATCCTTTCGG	TRUE
Ches_Ao_CGCCAAGGTAAATACG	Ches_Ao	CGCCAAGGTAAATACG	SRR11008275	275_CGCCAAGGTAAATACG	TRUE
Ches_Ao_CGCGGTAAGATCTGAA	Ches_Ao	CGCGGTAAGATCTGAA	SRR11008275	275_CGCGGTAAGATCTGAA	TRUE
Ches_Ao_CGCGGTATCCTGCTTG	Ches_Ao	CGCGGTATCCTGCTTG	SRR11008275	275_CGCGGTATCCTGCTTG	TRUE
Ches_Ao_CGCGTTTAGCCACTAT	Ches_Ao	CGCGTTTAGCCACTAT	SRR11008275	275_CGCGTTTAGCCACTAT	TRUE
Ches_Ao_CGCGTTTCACGTAAGG	Ches_Ao	CGCGTTTCACGTAAGG	SRR11008275	275_CGCGTTTCACGTAAGG	TRUE
Ches_Ao_CGCGTTTGTGTCTGAT	Ches_Ao	CGCGTTTGTGTCTGAT	SRR11008275	275_CGCGTTTGTGTCTGAT	TRUE
Ches_Ao_CGCGTTTTCCTAAGTG	Ches_Ao	CGCGTTTTCCTAAGTG	SRR11008275	275_CGCGTTTTCCTAAGTG	TRUE
Ches_Ao_CGCTATCTCTGATACG	Ches_Ao	CGCTATCTCTGATACG	SRR11008275	275_CGCTATCTCTGATACG	TRUE
Ches_Ao_CGCTGGACACCGATAT	Ches_Ao	CGCTGGACACCGATAT	SRR11008275	275_CGCTGGACACCGATAT	TRUE
Ches_Ao_CGCTGGAGTCCAACTA	Ches_Ao	CGCTGGAGTCCAACTA	SRR11008275	275_CGCTGGAGTCCAACTA	TRUE
Ches_Ao_CGCTGGAGTTCTCATT	Ches_Ao	CGCTGGAGTTCTCATT	SRR11008275	275_CGCTGGAGTTCTCATT	TRUE
Ches_Ao_CGCTTCAAGTCCAGGA	Ches_Ao	CGCTTCAAGTCCAGGA	SRR11008275	275_CGCTTCAAGTCCAGGA	TRUE
Ches_Ao_CGGACACGTACCGTTA	Ches_Ao	CGGACACGTACCGTTA	SRR11008275	275_CGGACACGTACCGTTA	TRUE
Ches_Ao_CGGACACGTGGGTATG	Ches_Ao	CGGACACGTGGGTATG	SRR11008275	275_CGGACACGTGGGTATG	TRUE
Ches_Ao_CGGACGTGTACAGACG	Ches_Ao	CGGACGTGTACAGACG	SRR11008275	275_CGGACGTGTACAGACG	TRUE
Ches_Ao_CGGACGTGTTGCCTCT	Ches_Ao	CGGACGTGTTGCCTCT	SRR11008275	275_CGGACGTGTTGCCTCT	TRUE
Ches_Ao_CGGACTGAGTGCGTGA	Ches_Ao	CGGACTGAGTGCGTGA	SRR11008275	275_CGGACTGAGTGCGTGA	TRUE
Ches_Ao_CGGACTGGTGTGACGA	Ches_Ao	CGGACTGGTGTGACGA	SRR11008275	275_CGGACTGGTGTGACGA	TRUE
Ches_Ao_CGGACTGTCTTCAACT	Ches_Ao	CGGACTGTCTTCAACT	SRR11008275	275_CGGACTGTCTTCAACT	TRUE
Ches_Ao_CGGAGCTAGCTAGTCT	Ches_Ao	CGGAGCTAGCTAGTCT	SRR11008275	275_CGGAGCTAGCTAGTCT	TRUE
Ches_Ao_CGGAGCTAGTATTGGA	Ches_Ao	CGGAGCTAGTATTGGA	SRR11008275	275_CGGAGCTAGTATTGGA	TRUE
Ches_Ao_CGGAGCTAGTGAATTG	Ches_Ao	CGGAGCTAGTGAATTG	SRR11008275	275_CGGAGCTAGTGAATTG	TRUE
Ches_Ao_CGGAGTCAGAGACGAA	Ches_Ao	CGGAGTCAGAGACGAA	SRR11008275	275_CGGAGTCAGAGACGAA	TRUE
Ches_Ao_CGGAGTCTCCAAATGC	Ches_Ao	CGGAGTCTCCAAATGC	SRR11008275	275_CGGAGTCTCCAAATGC	TRUE
Ches_Ao_CGGCTAGAGCTAAGAT	Ches_Ao	CGGCTAGAGCTAAGAT	SRR11008275	275_CGGCTAGAGCTAAGAT	TRUE
Ches_Ao_CGGCTAGCAGCTGTGC	Ches_Ao	CGGCTAGCAGCTGTGC	SRR11008275	275_CGGCTAGCAGCTGTGC	TRUE
Ches_Ao_CGTAGCGCAGAGCCAA	Ches_Ao	CGTAGCGCAGAGCCAA	SRR11008275	275_CGTAGCGCAGAGCCAA	TRUE
Ches_Ao_CGTAGCGGTTTGACTG	Ches_Ao	CGTAGCGGTTTGACTG	SRR11008275	275_CGTAGCGGTTTGACTG	TRUE
Ches_Ao_CGTAGCGTCTGGTTCC	Ches_Ao	CGTAGCGTCTGGTTCC	SRR11008275	275_CGTAGCGTCTGGTTCC	TRUE
Ches_Ao_CGTAGGCAGACTAGAT	Ches_Ao	CGTAGGCAGACTAGAT	SRR11008275	275_CGTAGGCAGACTAGAT	TRUE
Ches_Ao_CGTAGGCGTCACCCAG	Ches_Ao	CGTAGGCGTCACCCAG	SRR11008275	275_CGTAGGCGTCACCCAG	TRUE
Ches_Ao_CGTCACTAGGCATTGG	Ches_Ao	CGTCACTAGGCATTGG	SRR11008275	275_CGTCACTAGGCATTGG	TRUE
Ches_Ao_CGTCACTGTTCCCTTG	Ches_Ao	CGTCACTGTTCCCTTG	SRR11008275	275_CGTCACTGTTCCCTTG	TRUE
Ches_Ao_CGTCAGGGTCAAAGCG	Ches_Ao	CGTCAGGGTCAAAGCG	SRR11008275	275_CGTCAGGGTCAAAGCG	TRUE
Ches_Ao_CGTCAGGGTGGGTATG	Ches_Ao	CGTCAGGGTGGGTATG	SRR11008275	275_CGTCAGGGTGGGTATG	TRUE
Ches_Ao_CGTCAGGGTTTCGCTC	Ches_Ao	CGTCAGGGTTTCGCTC	SRR11008275	275_CGTCAGGGTTTCGCTC	TRUE
Ches_Ao_CGTCCATAGCCAGGAT	Ches_Ao	CGTCCATAGCCAGGAT	SRR11008275	275_CGTCCATAGCCAGGAT	TRUE
Ches_Ao_CGTCCATTCGAACTGT	Ches_Ao	CGTCCATTCGAACTGT	SRR11008275	275_CGTCCATTCGAACTGT	FALSE
Ches_Ao_CGTCTACAGTTCGCGC	Ches_Ao	CGTCTACAGTTCGCGC	SRR11008275	275_CGTCTACAGTTCGCGC	TRUE
Ches_Ao_CGTGAGCCACAAGCCC	Ches_Ao	CGTGAGCCACAAGCCC	SRR11008275	275_CGTGAGCCACAAGCCC	TRUE
Ches_Ao_CGTGAGCCAGATGAGC	Ches_Ao	CGTGAGCCAGATGAGC	SRR11008275	275_CGTGAGCCAGATGAGC	FALSE
Ches_Ao_CGTGAGCGTGAGTGAC	Ches_Ao	CGTGAGCGTGAGTGAC	SRR11008275	275_CGTGAGCGTGAGTGAC	TRUE
Ches_Ao_CGTGTAAAGTGGGTTG	Ches_Ao	CGTGTAAAGTGGGTTG	SRR11008275	275_CGTGTAAAGTGGGTTG	TRUE
Ches_Ao_CGTGTAAGTCACCTAA	Ches_Ao	CGTGTAAGTCACCTAA	SRR11008275	275_CGTGTAAGTCACCTAA	TRUE
Ches_Ao_CGTGTAAGTTTGGCGC	Ches_Ao	CGTGTAAGTTTGGCGC	SRR11008275	275_CGTGTAAGTTTGGCGC	TRUE
Ches_Ao_CGTGTCTAGAGCCCAA	Ches_Ao	CGTGTCTAGAGCCCAA	SRR11008275	275_CGTGTCTAGAGCCCAA	TRUE
Ches_Ao_CGTTAGACAGGGCATA	Ches_Ao	CGTTAGACAGGGCATA	SRR11008275	275_CGTTAGACAGGGCATA	TRUE
Ches_Ao_CGTTAGAGTGAGTGAC	Ches_Ao	CGTTAGAGTGAGTGAC	SRR11008275	275_CGTTAGAGTGAGTGAC	TRUE
Ches_Ao_CGTTAGAGTGATAAAC	Ches_Ao	CGTTAGAGTGATAAAC	SRR11008275	275_CGTTAGAGTGATAAAC	TRUE
Ches_Ao_CGTTGGGAGTAACCCT	Ches_Ao	CGTTGGGAGTAACCCT	SRR11008275	275_CGTTGGGAGTAACCCT	TRUE
Ches_Ao_CGTTGGGTCGTAGGTT	Ches_Ao	CGTTGGGTCGTAGGTT	SRR11008275	275_CGTTGGGTCGTAGGTT	TRUE
Ches_Ao_CTAACTTTCTGCAGTA	Ches_Ao	CTAACTTTCTGCAGTA	SRR11008275	275_CTAACTTTCTGCAGTA	TRUE
Ches_Ao_CTAAGACCAGCCTATA	Ches_Ao	CTAAGACCAGCCTATA	SRR11008275	275_CTAAGACCAGCCTATA	TRUE
Ches_Ao_CTAAGACCATACGCCG	Ches_Ao	CTAAGACCATACGCCG	SRR11008275	275_CTAAGACCATACGCCG	TRUE
Ches_Ao_CTAAGACGTAGCCTAT	Ches_Ao	CTAAGACGTAGCCTAT	SRR11008275	275_CTAAGACGTAGCCTAT	TRUE
Ches_Ao_CTAAGACTCTCTGAGA	Ches_Ao	CTAAGACTCTCTGAGA	SRR11008275	275_CTAAGACTCTCTGAGA	TRUE
Ches_Ao_CTAATGGCAGCTTAAC	Ches_Ao	CTAATGGCAGCTTAAC	SRR11008275	275_CTAATGGCAGCTTAAC	TRUE
Ches_Ao_CTAATGGCATTGGTAC	Ches_Ao	CTAATGGCATTGGTAC	SRR11008275	275_CTAATGGCATTGGTAC	TRUE
Ches_Ao_CTACACCAGGGCATGT	Ches_Ao	CTACACCAGGGCATGT	SRR11008275	275_CTACACCAGGGCATGT	TRUE
Ches_Ao_CTACACCCACGTTGGC	Ches_Ao	CTACACCCACGTTGGC	SRR11008275	275_CTACACCCACGTTGGC	TRUE
Ches_Ao_CTACACCTCCACGCAG	Ches_Ao	CTACACCTCCACGCAG	SRR11008275	275_CTACACCTCCACGCAG	TRUE
Ches_Ao_CTACATTAGACCACGA	Ches_Ao	CTACATTAGACCACGA	SRR11008275	275_CTACATTAGACCACGA	TRUE
Ches_Ao_CTACATTAGGCAAAGA	Ches_Ao	CTACATTAGGCAAAGA	SRR11008275	275_CTACATTAGGCAAAGA	TRUE
Ches_Ao_CTACATTCACTGTCGG	Ches_Ao	CTACATTCACTGTCGG	SRR11008275	275_CTACATTCACTGTCGG	TRUE
Ches_Ao_CTACATTGTAGGGACT	Ches_Ao	CTACATTGTAGGGACT	SRR11008275	275_CTACATTGTAGGGACT	TRUE
Ches_Ao_CTACATTTCCGAATGT	Ches_Ao	CTACATTTCCGAATGT	SRR11008275	275_CTACATTTCCGAATGT	TRUE
Ches_Ao_CTACCCAGTACTCGCG	Ches_Ao	CTACCCAGTACTCGCG	SRR11008275	275_CTACCCAGTACTCGCG	TRUE
Ches_Ao_CTACCCAGTCCGTCAG	Ches_Ao	CTACCCAGTCCGTCAG	SRR11008275	275_CTACCCAGTCCGTCAG	TRUE
Ches_Ao_CTACGTCCAGCCACCA	Ches_Ao	CTACGTCCAGCCACCA	SRR11008275	275_CTACGTCCAGCCACCA	TRUE
Ches_Ao_CTACGTCGTCTAGGTT	Ches_Ao	CTACGTCGTCTAGGTT	SRR11008275	275_CTACGTCGTCTAGGTT	TRUE
Ches_Ao_CTAGAGTCATAGACTC	Ches_Ao	CTAGAGTCATAGACTC	SRR11008275	275_CTAGAGTCATAGACTC	TRUE
Ches_Ao_CTAGAGTGTCCAGTTA	Ches_Ao	CTAGAGTGTCCAGTTA	SRR11008275	275_CTAGAGTGTCCAGTTA	TRUE
Ches_Ao_CTAGAGTGTGGACGAT	Ches_Ao	CTAGAGTGTGGACGAT	SRR11008275	275_CTAGAGTGTGGACGAT	TRUE
Ches_Ao_CTAGCCTCATATACCG	Ches_Ao	CTAGCCTCATATACCG	SRR11008275	275_CTAGCCTCATATACCG	TRUE
Ches_Ao_CTAGCCTCATCACGAT	Ches_Ao	CTAGCCTCATCACGAT	SRR11008275	275_CTAGCCTCATCACGAT	TRUE
Ches_Ao_CTAGCCTCATGCCCGA	Ches_Ao	CTAGCCTCATGCCCGA	SRR11008275	275_CTAGCCTCATGCCCGA	TRUE
Ches_Ao_CTAGCCTGTGATAAAC	Ches_Ao	CTAGCCTGTGATAAAC	SRR11008275	275_CTAGCCTGTGATAAAC	TRUE
Ches_Ao_CTAGCCTTCAGTCAGT	Ches_Ao	CTAGCCTTCAGTCAGT	SRR11008275	275_CTAGCCTTCAGTCAGT	TRUE
Ches_Ao_CTCACACCATGCCCGA	Ches_Ao	CTCACACCATGCCCGA	SRR11008275	275_CTCACACCATGCCCGA	TRUE
Ches_Ao_CTCACACGTAAACGCG	Ches_Ao	CTCACACGTAAACGCG	SRR11008275	275_CTCACACGTAAACGCG	TRUE
Ches_Ao_CTCACACGTCTGGAGA	Ches_Ao	CTCACACGTCTGGAGA	SRR11008275	275_CTCACACGTCTGGAGA	TRUE
Ches_Ao_CTCAGAACACAGGAGT	Ches_Ao	CTCAGAACACAGGAGT	SRR11008275	275_CTCAGAACACAGGAGT	TRUE
Ches_Ao_CTCAGAAGTCCGAACC	Ches_Ao	CTCAGAAGTCCGAACC	SRR11008275	275_CTCAGAAGTCCGAACC	TRUE
Ches_Ao_CTCATTACAATTCCTT	Ches_Ao	CTCATTACAATTCCTT	SRR11008275	275_CTCATTACAATTCCTT	TRUE
Ches_Ao_CTCCTAGGTATATCCG	Ches_Ao	CTCCTAGGTATATCCG	SRR11008275	275_CTCCTAGGTATATCCG	TRUE
Ches_Ao_CTCGAAAAGTACGTAA	Ches_Ao	CTCGAAAAGTACGTAA	SRR11008275	275_CTCGAAAAGTACGTAA	TRUE
Ches_Ao_CTCGAGGAGATATGGT	Ches_Ao	CTCGAGGAGATATGGT	SRR11008275	275_CTCGAGGAGATATGGT	TRUE
Ches_Ao_CTCGAGGAGGCACATG	Ches_Ao	CTCGAGGAGGCACATG	SRR11008275	275_CTCGAGGAGGCACATG	TRUE
Ches_Ao_CTCGAGGAGGGTCTCC	Ches_Ao	CTCGAGGAGGGTCTCC	SRR11008275	275_CTCGAGGAGGGTCTCC	FALSE
Ches_Ao_CTCGAGGCACATGACT	Ches_Ao	CTCGAGGCACATGACT	SRR11008275	275_CTCGAGGCACATGACT	TRUE
Ches_Ao_CTCGAGGCATGGGACA	Ches_Ao	CTCGAGGCATGGGACA	SRR11008275	275_CTCGAGGCATGGGACA	TRUE
Ches_Ao_CTCGAGGGTGGACGAT	Ches_Ao	CTCGAGGGTGGACGAT	SRR11008275	275_CTCGAGGGTGGACGAT	TRUE
Ches_Ao_CTCGAGGTCGAATGGG	Ches_Ao	CTCGAGGTCGAATGGG	SRR11008275	275_CTCGAGGTCGAATGGG	TRUE
Ches_Ao_CTCGGAGCATATGAGA	Ches_Ao	CTCGGAGCATATGAGA	SRR11008275	275_CTCGGAGCATATGAGA	TRUE
Ches_Ao_CTCGGAGTCATAAAGG	Ches_Ao	CTCGGAGTCATAAAGG	SRR11008275	275_CTCGGAGTCATAAAGG	TRUE
Ches_Ao_CTCGGAGTCGCTTAGA	Ches_Ao	CTCGGAGTCGCTTAGA	SRR11008275	275_CTCGGAGTCGCTTAGA	TRUE
Ches_Ao_CTCGGAGTCTTGTCAT	Ches_Ao	CTCGGAGTCTTGTCAT	SRR11008275	275_CTCGGAGTCTTGTCAT	TRUE
Ches_Ao_CTCGGGAGTTACGCGC	Ches_Ao	CTCGGGAGTTACGCGC	SRR11008275	275_CTCGGGAGTTACGCGC	TRUE
Ches_Ao_CTCGTACAGCTGTTCA	Ches_Ao	CTCGTACAGCTGTTCA	SRR11008275	275_CTCGTACAGCTGTTCA	TRUE
Ches_Ao_CTCGTCATCCGTTGCT	Ches_Ao	CTCGTCATCCGTTGCT	SRR11008275	275_CTCGTCATCCGTTGCT	FALSE
Ches_Ao_CTCTAATCACAGACAG	Ches_Ao	CTCTAATCACAGACAG	SRR11008275	275_CTCTAATCACAGACAG	TRUE
Ches_Ao_CTCTAATGTTCACGGC	Ches_Ao	CTCTAATGTTCACGGC	SRR11008275	275_CTCTAATGTTCACGGC	TRUE
Ches_Ao_CTCTGGTAGTGGGCTA	Ches_Ao	CTCTGGTAGTGGGCTA	SRR11008275	275_CTCTGGTAGTGGGCTA	TRUE
Ches_Ao_CTGAAACTCCGTCATC	Ches_Ao	CTGAAACTCCGTCATC	SRR11008275	275_CTGAAACTCCGTCATC	TRUE
Ches_Ao_CTGATAGAGAGTCGGT	Ches_Ao	CTGATAGAGAGTCGGT	SRR11008275	275_CTGATAGAGAGTCGGT	TRUE
Ches_Ao_CTGATAGAGTAGTGCG	Ches_Ao	CTGATAGAGTAGTGCG	SRR11008275	275_CTGATAGAGTAGTGCG	TRUE
Ches_Ao_CTGATAGCAGCTATTG	Ches_Ao	CTGATAGCAGCTATTG	SRR11008275	275_CTGATAGCAGCTATTG	TRUE
Ches_Ao_CTGATAGGTACCGTAT	Ches_Ao	CTGATAGGTACCGTAT	SRR11008275	275_CTGATAGGTACCGTAT	TRUE
Ches_Ao_CTGATCCAGACACTAA	Ches_Ao	CTGATCCAGACACTAA	SRR11008275	275_CTGATCCAGACACTAA	FALSE
Ches_Ao_CTGATCCAGGCAGTCA	Ches_Ao	CTGATCCAGGCAGTCA	SRR11008275	275_CTGATCCAGGCAGTCA	TRUE
Ches_Ao_CTGATCCAGGGCACTA	Ches_Ao	CTGATCCAGGGCACTA	SRR11008275	275_CTGATCCAGGGCACTA	TRUE
Ches_Ao_CTGATCCCATACAGCT	Ches_Ao	CTGATCCCATACAGCT	SRR11008275	275_CTGATCCCATACAGCT	TRUE
Ches_Ao_CTGATCCTCTTGCAAG	Ches_Ao	CTGATCCTCTTGCAAG	SRR11008275	275_CTGATCCTCTTGCAAG	TRUE
Ches_Ao_CTGCCTACACAGCCCA	Ches_Ao	CTGCCTACACAGCCCA	SRR11008275	275_CTGCCTACACAGCCCA	TRUE
Ches_Ao_CTGCGGACACAGACTT	Ches_Ao	CTGCGGACACAGACTT	SRR11008275	275_CTGCGGACACAGACTT	TRUE
Ches_Ao_CTGCGGACATATGAGA	Ches_Ao	CTGCGGACATATGAGA	SRR11008275	275_CTGCGGACATATGAGA	TRUE
Ches_Ao_CTGCGGAGTGCAACGA	Ches_Ao	CTGCGGAGTGCAACGA	SRR11008275	275_CTGCGGAGTGCAACGA	TRUE
Ches_Ao_CTGCGGAGTGTGAAAT	Ches_Ao	CTGCGGAGTGTGAAAT	SRR11008275	275_CTGCGGAGTGTGAAAT	TRUE
Ches_Ao_CTGCTGTTCGGTCTAA	Ches_Ao	CTGCTGTTCGGTCTAA	SRR11008275	275_CTGCTGTTCGGTCTAA	TRUE
Ches_Ao_CTGGTCTAGGTAAACT	Ches_Ao	CTGGTCTAGGTAAACT	SRR11008275	275_CTGGTCTAGGTAAACT	TRUE
Ches_Ao_CTGGTCTCACACATGT	Ches_Ao	CTGGTCTCACACATGT	SRR11008275	275_CTGGTCTCACACATGT	TRUE
Ches_Ao_CTGGTCTGTAGCCTCG	Ches_Ao	CTGGTCTGTAGCCTCG	SRR11008275	275_CTGGTCTGTAGCCTCG	TRUE
Ches_Ao_CTGTGCTCAGCTCCGA	Ches_Ao	CTGTGCTCAGCTCCGA	SRR11008275	275_CTGTGCTCAGCTCCGA	FALSE
Ches_Ao_CTGTGCTTCACGGTTA	Ches_Ao	CTGTGCTTCACGGTTA	SRR11008275	275_CTGTGCTTCACGGTTA	TRUE
Ches_Ao_CTGTTTAAGAGTCTGG	Ches_Ao	CTGTTTAAGAGTCTGG	SRR11008275	275_CTGTTTAAGAGTCTGG	TRUE
Ches_Ao_CTGTTTAAGTGGGTTG	Ches_Ao	CTGTTTAAGTGGGTTG	SRR11008275	275_CTGTTTAAGTGGGTTG	TRUE
Ches_Ao_CTGTTTAAGTGGTAGC	Ches_Ao	CTGTTTAAGTGGTAGC	SRR11008275	275_CTGTTTAAGTGGTAGC	TRUE
Ches_Ao_CTGTTTACACGAAATA	Ches_Ao	CTGTTTACACGAAATA	SRR11008275	275_CTGTTTACACGAAATA	TRUE
Ches_Ao_CTTAACTAGACCTTTG	Ches_Ao	CTTAACTAGACCTTTG	SRR11008275	275_CTTAACTAGACCTTTG	TRUE
Ches_Ao_CTTAACTGTCCGACGT	Ches_Ao	CTTAACTGTCCGACGT	SRR11008275	275_CTTAACTGTCCGACGT	TRUE
Ches_Ao_CTTAACTTCATCACCC	Ches_Ao	CTTAACTTCATCACCC	SRR11008275	275_CTTAACTTCATCACCC	TRUE
Ches_Ao_CTTACCGAGAGACTAT	Ches_Ao	CTTACCGAGAGACTAT	SRR11008275	275_CTTACCGAGAGACTAT	TRUE
Ches_Ao_CTTACCGGTCTTCAAG	Ches_Ao	CTTACCGGTCTTCAAG	SRR11008275	275_CTTACCGGTCTTCAAG	TRUE
Ches_Ao_CTTACCGTCCTTTACA	Ches_Ao	CTTACCGTCCTTTACA	SRR11008275	275_CTTACCGTCCTTTACA	TRUE
Ches_Ao_CTTCTCTTCACAACGT	Ches_Ao	CTTCTCTTCACAACGT	SRR11008275	275_CTTCTCTTCACAACGT	TRUE
Ches_Ao_CTTGGCTGTATGAAAC	Ches_Ao	CTTGGCTGTATGAAAC	SRR11008275	275_CTTGGCTGTATGAAAC	FALSE
Ches_Ao_CTTTGCGCAATAACGA	Ches_Ao	CTTTGCGCAATAACGA	SRR11008275	275_CTTTGCGCAATAACGA	TRUE
Ches_Ao_CTTTGCGCACCTATCC	Ches_Ao	CTTTGCGCACCTATCC	SRR11008275	275_CTTTGCGCACCTATCC	TRUE
Ches_Ao_CTTTGCGGTCGACTGC	Ches_Ao	CTTTGCGGTCGACTGC	SRR11008275	275_CTTTGCGGTCGACTGC	TRUE
Ches_Ao_GAAACTCCAAAGGTGC	Ches_Ao	GAAACTCCAAAGGTGC	SRR11008275	275_GAAACTCCAAAGGTGC	TRUE
Ches_Ao_GAAACTCGTCAATACC	Ches_Ao	GAAACTCGTCAATACC	SRR11008275	275_GAAACTCGTCAATACC	FALSE
Ches_Ao_GAAACTCTCCCATTTA	Ches_Ao	GAAACTCTCCCATTTA	SRR11008275	275_GAAACTCTCCCATTTA	TRUE
Ches_Ao_GAAATGAAGGCCATAG	Ches_Ao	GAAATGAAGGCCATAG	SRR11008275	275_GAAATGAAGGCCATAG	TRUE
Ches_Ao_GAAATGACAGTCCTTC	Ches_Ao	GAAATGACAGTCCTTC	SRR11008275	275_GAAATGACAGTCCTTC	TRUE
Ches_Ao_GAACATCAGCTGAAAT	Ches_Ao	GAACATCAGCTGAAAT	SRR11008275	275_GAACATCAGCTGAAAT	TRUE
Ches_Ao_GAACATCGTTAGTGGG	Ches_Ao	GAACATCGTTAGTGGG	SRR11008275	275_GAACATCGTTAGTGGG	TRUE
Ches_Ao_GAACCTAAGCACGCCT	Ches_Ao	GAACCTAAGCACGCCT	SRR11008275	275_GAACCTAAGCACGCCT	TRUE
Ches_Ao_GAACCTACAAACAACA	Ches_Ao	GAACCTACAAACAACA	SRR11008275	275_GAACCTACAAACAACA	TRUE
Ches_Ao_GAACCTACACCGATAT	Ches_Ao	GAACCTACACCGATAT	SRR11008275	275_GAACCTACACCGATAT	TRUE
Ches_Ao_GAACCTAGTACCCAAT	Ches_Ao	GAACCTAGTACCCAAT	SRR11008275	275_GAACCTAGTACCCAAT	TRUE
Ches_Ao_GAACCTAGTAGCTTGT	Ches_Ao	GAACCTAGTAGCTTGT	SRR11008275	275_GAACCTAGTAGCTTGT	TRUE
Ches_Ao_GAACCTAGTTGAGGTG	Ches_Ao	GAACCTAGTTGAGGTG	SRR11008275	275_GAACCTAGTTGAGGTG	TRUE
Ches_Ao_GAACCTATCAAGGCTT	Ches_Ao	GAACCTATCAAGGCTT	SRR11008275	275_GAACCTATCAAGGCTT	FALSE
Ches_Ao_GAACCTATCAGCATGT	Ches_Ao	GAACCTATCAGCATGT	SRR11008275	275_GAACCTATCAGCATGT	TRUE
Ches_Ao_GAACGGACATGACGGA	Ches_Ao	GAACGGACATGACGGA	SRR11008275	275_GAACGGACATGACGGA	TRUE
Ches_Ao_GAAGCAGGTCCAAGTT	Ches_Ao	GAAGCAGGTCCAAGTT	SRR11008275	275_GAAGCAGGTCCAAGTT	TRUE
Ches_Ao_GAAGCAGGTCGGCTCA	Ches_Ao	GAAGCAGGTCGGCTCA	SRR11008275	275_GAAGCAGGTCGGCTCA	TRUE
Ches_Ao_GAATAAGCAATGTTGC	Ches_Ao	GAATAAGCAATGTTGC	SRR11008275	275_GAATAAGCAATGTTGC	TRUE
Ches_Ao_GACACGCCACTTAAGC	Ches_Ao	GACACGCCACTTAAGC	SRR11008275	275_GACACGCCACTTAAGC	TRUE
Ches_Ao_GACAGAGCAAGCCGTC	Ches_Ao	GACAGAGCAAGCCGTC	SRR11008275	275_GACAGAGCAAGCCGTC	TRUE
Ches_Ao_GACAGAGCAAGGACAC	Ches_Ao	GACAGAGCAAGGACAC	SRR11008275	275_GACAGAGCAAGGACAC	TRUE
Ches_Ao_GACAGAGCACATGTGT	Ches_Ao	GACAGAGCACATGTGT	SRR11008275	275_GACAGAGCACATGTGT	TRUE
Ches_Ao_GACAGAGCACGGTAAG	Ches_Ao	GACAGAGCACGGTAAG	SRR11008275	275_GACAGAGCACGGTAAG	TRUE
Ches_Ao_GACCAATCACAAGACG	Ches_Ao	GACCAATCACAAGACG	SRR11008275	275_GACCAATCACAAGACG	TRUE
Ches_Ao_GACCAATGTGTTCGAT	Ches_Ao	GACCAATGTGTTCGAT	SRR11008275	275_GACCAATGTGTTCGAT	TRUE
Ches_Ao_GACCAATTCTTGCATT	Ches_Ao	GACCAATTCTTGCATT	SRR11008275	275_GACCAATTCTTGCATT	TRUE
Ches_Ao_GACCTGGGTCATACTG	Ches_Ao	GACCTGGGTCATACTG	SRR11008275	275_GACCTGGGTCATACTG	TRUE
Ches_Ao_GACCTGGGTCTCTTTA	Ches_Ao	GACCTGGGTCTCTTTA	SRR11008275	275_GACCTGGGTCTCTTTA	TRUE
Ches_Ao_GACGGCTAGCTGTCTA	Ches_Ao	GACGGCTAGCTGTCTA	SRR11008275	275_GACGGCTAGCTGTCTA	TRUE
Ches_Ao_GACGGCTAGTATGACA	Ches_Ao	GACGGCTAGTATGACA	SRR11008275	275_GACGGCTAGTATGACA	TRUE
Ches_Ao_GACGGCTCAATGGAGC	Ches_Ao	GACGGCTCAATGGAGC	SRR11008275	275_GACGGCTCAATGGAGC	TRUE
Ches_Ao_GACGGCTGTCAGTGGA	Ches_Ao	GACGGCTGTCAGTGGA	SRR11008275	275_GACGGCTGTCAGTGGA	TRUE
Ches_Ao_GACGGCTTCGGAAATA	Ches_Ao	GACGGCTTCGGAAATA	SRR11008275	275_GACGGCTTCGGAAATA	TRUE
Ches_Ao_GACGGCTTCGGCGGTT	Ches_Ao	GACGGCTTCGGCGGTT	SRR11008275	275_GACGGCTTCGGCGGTT	TRUE
Ches_Ao_GACGTGCAGAATTCCC	Ches_Ao	GACGTGCAGAATTCCC	SRR11008275	275_GACGTGCAGAATTCCC	TRUE
Ches_Ao_GACGTTAGTTGGTAAA	Ches_Ao	GACGTTAGTTGGTAAA	SRR11008275	275_GACGTTAGTTGGTAAA	TRUE
Ches_Ao_GACGTTATCCGTACAA	Ches_Ao	GACGTTATCCGTACAA	SRR11008275	275_GACGTTATCCGTACAA	TRUE
Ches_Ao_GACTAACTCGGTGTTA	Ches_Ao	GACTAACTCGGTGTTA	SRR11008275	275_GACTAACTCGGTGTTA	TRUE
Ches_Ao_GACTAACTCTTAACCT	Ches_Ao	GACTAACTCTTAACCT	SRR11008275	275_GACTAACTCTTAACCT	TRUE
Ches_Ao_GACTACACACGGCGTT	Ches_Ao	GACTACACACGGCGTT	SRR11008275	275_GACTACACACGGCGTT	FALSE
Ches_Ao_GACTACAGTCCGTGAC	Ches_Ao	GACTACAGTCCGTGAC	SRR11008275	275_GACTACAGTCCGTGAC	TRUE
Ches_Ao_GACTGCGTCAACACCA	Ches_Ao	GACTGCGTCAACACCA	SRR11008275	275_GACTGCGTCAACACCA	TRUE
Ches_Ao_GACTGCGTCTTGACGA	Ches_Ao	GACTGCGTCTTGACGA	SRR11008275	275_GACTGCGTCTTGACGA	TRUE
Ches_Ao_GAGGTGAGTCCCTACT	Ches_Ao	GAGGTGAGTCCCTACT	SRR11008275	275_GAGGTGAGTCCCTACT	TRUE
Ches_Ao_GAGGTGATCCAAATGC	Ches_Ao	GAGGTGATCCAAATGC	SRR11008275	275_GAGGTGATCCAAATGC	TRUE
Ches_Ao_GAGTCCGTCAGGCCCA	Ches_Ao	GAGTCCGTCAGGCCCA	SRR11008275	275_GAGTCCGTCAGGCCCA	TRUE
Ches_Ao_GATCAGTAGACAGAGA	Ches_Ao	GATCAGTAGACAGAGA	SRR11008275	275_GATCAGTAGACAGAGA	TRUE
Ches_Ao_GATCAGTTCGAATCCA	Ches_Ao	GATCAGTTCGAATCCA	SRR11008275	275_GATCAGTTCGAATCCA	TRUE
Ches_Ao_GATCGATAGCAATCTC	Ches_Ao	GATCGATAGCAATCTC	SRR11008275	275_GATCGATAGCAATCTC	TRUE
Ches_Ao_GATCGATAGGCAATTA	Ches_Ao	GATCGATAGGCAATTA	SRR11008275	275_GATCGATAGGCAATTA	TRUE
Ches_Ao_GATCGATTCAGCCTAA	Ches_Ao	GATCGATTCAGCCTAA	SRR11008275	275_GATCGATTCAGCCTAA	TRUE
Ches_Ao_GATCGCGTCATTGCCC	Ches_Ao	GATCGCGTCATTGCCC	SRR11008275	275_GATCGCGTCATTGCCC	TRUE
Ches_Ao_GATCGCGTCCGTTGTC	Ches_Ao	GATCGCGTCCGTTGTC	SRR11008275	275_GATCGCGTCCGTTGTC	TRUE
Ches_Ao_GATCGTATCAAGATCC	Ches_Ao	GATCGTATCAAGATCC	SRR11008275	275_GATCGTATCAAGATCC	TRUE
Ches_Ao_GATCGTATCACGACTA	Ches_Ao	GATCGTATCACGACTA	SRR11008275	275_GATCGTATCACGACTA	TRUE
Ches_Ao_GATCTAGAGGCGACAT	Ches_Ao	GATCTAGAGGCGACAT	SRR11008275	275_GATCTAGAGGCGACAT	TRUE
Ches_Ao_GATGAAACACGACGAA	Ches_Ao	GATGAAACACGACGAA	SRR11008275	275_GATGAAACACGACGAA	TRUE
Ches_Ao_GATGAAACATCCGGGT	Ches_Ao	GATGAAACATCCGGGT	SRR11008275	275_GATGAAACATCCGGGT	TRUE
Ches_Ao_GATGAAAGTACCGTAT	Ches_Ao	GATGAAAGTACCGTAT	SRR11008275	275_GATGAAAGTACCGTAT	TRUE
Ches_Ao_GATGAAATCAACACAC	Ches_Ao	GATGAAATCAACACAC	SRR11008275	275_GATGAAATCAACACAC	TRUE
Ches_Ao_GATGAAATCTTTACGT	Ches_Ao	GATGAAATCTTTACGT	SRR11008275	275_GATGAAATCTTTACGT	TRUE
Ches_Ao_GATGAGGCACAACGCC	Ches_Ao	GATGAGGCACAACGCC	SRR11008275	275_GATGAGGCACAACGCC	TRUE
Ches_Ao_GATGAGGTCAAAGACA	Ches_Ao	GATGAGGTCAAAGACA	SRR11008275	275_GATGAGGTCAAAGACA	TRUE
Ches_Ao_GATGAGGTCGGCGGTT	Ches_Ao	GATGAGGTCGGCGGTT	SRR11008275	275_GATGAGGTCGGCGGTT	TRUE
Ches_Ao_GATGCTAAGCCGGTAA	Ches_Ao	GATGCTAAGCCGGTAA	SRR11008275	275_GATGCTAAGCCGGTAA	TRUE
Ches_Ao_GATTCAGGTCCCGACA	Ches_Ao	GATTCAGGTCCCGACA	SRR11008275	275_GATTCAGGTCCCGACA	TRUE
Ches_Ao_GATTCAGGTTGCTCCT	Ches_Ao	GATTCAGGTTGCTCCT	SRR11008275	275_GATTCAGGTTGCTCCT	TRUE
Ches_Ao_GCAAACTAGAGCTGCA	Ches_Ao	GCAAACTAGAGCTGCA	SRR11008275	275_GCAAACTAGAGCTGCA	TRUE
Ches_Ao_GCAATCAAGGAGTCTG	Ches_Ao	GCAATCAAGGAGTCTG	SRR11008275	275_GCAATCAAGGAGTCTG	TRUE
Ches_Ao_GCAATCACACTGTTAG	Ches_Ao	GCAATCACACTGTTAG	SRR11008275	275_GCAATCACACTGTTAG	TRUE
Ches_Ao_GCAATCATCAATCTCT	Ches_Ao	GCAATCATCAATCTCT	SRR11008275	275_GCAATCATCAATCTCT	TRUE
Ches_Ao_GCAATCATCCACGTTC	Ches_Ao	GCAATCATCCACGTTC	SRR11008275	275_GCAATCATCCACGTTC	TRUE
Ches_Ao_GCACATAAGGCCCGTT	Ches_Ao	GCACATAAGGCCCGTT	SRR11008275	275_GCACATAAGGCCCGTT	TRUE
Ches_Ao_GCACATAGTTGATTCG	Ches_Ao	GCACATAGTTGATTCG	SRR11008275	275_GCACATAGTTGATTCG	TRUE
Ches_Ao_GCACATATCCACGTTC	Ches_Ao	GCACATATCCACGTTC	SRR11008275	275_GCACATATCCACGTTC	TRUE
Ches_Ao_GCACTCTTCACCGTAA	Ches_Ao	GCACTCTTCACCGTAA	SRR11008275	275_GCACTCTTCACCGTAA	TRUE
Ches_Ao_GCACTCTTCAGGATCT	Ches_Ao	GCACTCTTCAGGATCT	SRR11008275	275_GCACTCTTCAGGATCT	TRUE
Ches_Ao_GCAGCCAAGACTAAGT	Ches_Ao	GCAGCCAAGACTAAGT	SRR11008275	275_GCAGCCAAGACTAAGT	TRUE
Ches_Ao_GCAGCCACACTCTGTC	Ches_Ao	GCAGCCACACTCTGTC	SRR11008275	275_GCAGCCACACTCTGTC	TRUE
Ches_Ao_GCAGCCAGTAAACCTC	Ches_Ao	GCAGCCAGTAAACCTC	SRR11008275	275_GCAGCCAGTAAACCTC	TRUE
Ches_Ao_GCAGCCAGTATCACCA	Ches_Ao	GCAGCCAGTATCACCA	SRR11008275	275_GCAGCCAGTATCACCA	TRUE
Ches_Ao_GCAGCCAGTTCCAACA	Ches_Ao	GCAGCCAGTTCCAACA	SRR11008275	275_GCAGCCAGTTCCAACA	TRUE
Ches_Ao_GCAGCCATCACCACCT	Ches_Ao	GCAGCCATCACCACCT	SRR11008275	275_GCAGCCATCACCACCT	TRUE
Ches_Ao_GCAGTTACATATGCTG	Ches_Ao	GCAGTTACATATGCTG	SRR11008275	275_GCAGTTACATATGCTG	TRUE
Ches_Ao_GCAGTTAGTCTAGTCA	Ches_Ao	GCAGTTAGTCTAGTCA	SRR11008275	275_GCAGTTAGTCTAGTCA	TRUE
Ches_Ao_GCATACACAGACAAAT	Ches_Ao	GCATACACAGACAAAT	SRR11008275	275_GCATACACAGACAAAT	TRUE
Ches_Ao_GCATACAGTCGCCATG	Ches_Ao	GCATACAGTCGCCATG	SRR11008275	275_GCATACAGTCGCCATG	TRUE
Ches_Ao_GCATACATCTCGAGTA	Ches_Ao	GCATACATCTCGAGTA	SRR11008275	275_GCATACATCTCGAGTA	TRUE
Ches_Ao_GCATGATAGACTCGGA	Ches_Ao	GCATGATAGACTCGGA	SRR11008275	275_GCATGATAGACTCGGA	TRUE
Ches_Ao_GCATGATTCCAGAAGG	Ches_Ao	GCATGATTCCAGAAGG	SRR11008275	275_GCATGATTCCAGAAGG	TRUE
Ches_Ao_GCATGCGAGGCTACGA	Ches_Ao	GCATGCGAGGCTACGA	SRR11008275	275_GCATGCGAGGCTACGA	TRUE
Ches_Ao_GCATGCGCACCACGTG	Ches_Ao	GCATGCGCACCACGTG	SRR11008275	275_GCATGCGCACCACGTG	TRUE
Ches_Ao_GCATGCGTCCCTCAGT	Ches_Ao	GCATGCGTCCCTCAGT	SRR11008275	275_GCATGCGTCCCTCAGT	TRUE
Ches_Ao_GCATGTAAGGCGCTCT	Ches_Ao	GCATGTAAGGCGCTCT	SRR11008275	275_GCATGTAAGGCGCTCT	TRUE
Ches_Ao_GCATGTACACTTGGAT	Ches_Ao	GCATGTACACTTGGAT	SRR11008275	275_GCATGTACACTTGGAT	TRUE
Ches_Ao_GCATGTAGTTCCCGAG	Ches_Ao	GCATGTAGTTCCCGAG	SRR11008275	275_GCATGTAGTTCCCGAG	TRUE
Ches_Ao_GCATGTAGTTGACGTT	Ches_Ao	GCATGTAGTTGACGTT	SRR11008275	275_GCATGTAGTTGACGTT	TRUE
Ches_Ao_GCCAAATAGGAGCGTT	Ches_Ao	GCCAAATAGGAGCGTT	SRR11008275	275_GCCAAATAGGAGCGTT	TRUE
Ches_Ao_GCCAAATTCACCACCT	Ches_Ao	GCCAAATTCACCACCT	SRR11008275	275_GCCAAATTCACCACCT	TRUE
Ches_Ao_GCCAAATTCTGTCAAG	Ches_Ao	GCCAAATTCTGTCAAG	SRR11008275	275_GCCAAATTCTGTCAAG	FALSE
Ches_Ao_GCCTCTAAGACAAAGG	Ches_Ao	GCCTCTAAGACAAAGG	SRR11008275	275_GCCTCTAAGACAAAGG	TRUE
Ches_Ao_GCCTCTATCTGTTGAG	Ches_Ao	GCCTCTATCTGTTGAG	SRR11008275	275_GCCTCTATCTGTTGAG	TRUE
Ches_Ao_GCGACCAGTATCTGCA	Ches_Ao	GCGACCAGTATCTGCA	SRR11008275	275_GCGACCAGTATCTGCA	TRUE
Ches_Ao_GCGACCATCAGAGCTT	Ches_Ao	GCGACCATCAGAGCTT	SRR11008275	275_GCGACCATCAGAGCTT	TRUE
Ches_Ao_GCGACCATCTTGAGAC	Ches_Ao	GCGACCATCTTGAGAC	SRR11008275	275_GCGACCATCTTGAGAC	TRUE
Ches_Ao_GCGCAACGTAGCGATG	Ches_Ao	GCGCAACGTAGCGATG	SRR11008275	275_GCGCAACGTAGCGATG	TRUE
Ches_Ao_GCGCAACGTCGCTTTC	Ches_Ao	GCGCAACGTCGCTTTC	SRR11008275	275_GCGCAACGTCGCTTTC	TRUE
Ches_Ao_GCGCAACGTGTGAAAT	Ches_Ao	GCGCAACGTGTGAAAT	SRR11008275	275_GCGCAACGTGTGAAAT	TRUE
Ches_Ao_GCGCAACGTTAAGTAG	Ches_Ao	GCGCAACGTTAAGTAG	SRR11008275	275_GCGCAACGTTAAGTAG	TRUE
Ches_Ao_GCGCAACTCGTCCAGG	Ches_Ao	GCGCAACTCGTCCAGG	SRR11008275	275_GCGCAACTCGTCCAGG	TRUE
Ches_Ao_GCGCAGTAGGACAGAA	Ches_Ao	GCGCAGTAGGACAGAA	SRR11008275	275_GCGCAGTAGGACAGAA	TRUE
Ches_Ao_GCGCAGTCAGCCTATA	Ches_Ao	GCGCAGTCAGCCTATA	SRR11008275	275_GCGCAGTCAGCCTATA	TRUE
Ches_Ao_GCGCAGTCAGTTAACC	Ches_Ao	GCGCAGTCAGTTAACC	SRR11008275	275_GCGCAGTCAGTTAACC	TRUE
Ches_Ao_GCGCCAAAGCTAAGAT	Ches_Ao	GCGCCAAAGCTAAGAT	SRR11008275	275_GCGCCAAAGCTAAGAT	TRUE
Ches_Ao_GCGCCAAGTGTGGTTT	Ches_Ao	GCGCCAAGTGTGGTTT	SRR11008275	275_GCGCCAAGTGTGGTTT	TRUE
Ches_Ao_GCGCGATCACTAGTAC	Ches_Ao	GCGCGATCACTAGTAC	SRR11008275	275_GCGCGATCACTAGTAC	TRUE
Ches_Ao_GCGGGTTAGGTGATAT	Ches_Ao	GCGGGTTAGGTGATAT	SRR11008275	275_GCGGGTTAGGTGATAT	TRUE
Ches_Ao_GCGGGTTAGTATTGGA	Ches_Ao	GCGGGTTAGTATTGGA	SRR11008275	275_GCGGGTTAGTATTGGA	TRUE
Ches_Ao_GCGGGTTAGTTGCAGG	Ches_Ao	GCGGGTTAGTTGCAGG	SRR11008275	275_GCGGGTTAGTTGCAGG	TRUE
Ches_Ao_GCGGGTTAGTTTGCGT	Ches_Ao	GCGGGTTAGTTTGCGT	SRR11008275	275_GCGGGTTAGTTTGCGT	FALSE
Ches_Ao_GCGGGTTGTGTGACGA	Ches_Ao	GCGGGTTGTGTGACGA	SRR11008275	275_GCGGGTTGTGTGACGA	FALSE
Ches_Ao_GCGGGTTGTTTGACAC	Ches_Ao	GCGGGTTGTTTGACAC	SRR11008275	275_GCGGGTTGTTTGACAC	TRUE
Ches_Ao_GCTCCTATCTGGTATG	Ches_Ao	GCTCCTATCTGGTATG	SRR11008275	275_GCTCCTATCTGGTATG	TRUE
Ches_Ao_GCTCTGTAGATGTCGG	Ches_Ao	GCTCTGTAGATGTCGG	SRR11008275	275_GCTCTGTAGATGTCGG	TRUE
Ches_Ao_GCTGCAGGTGCAACGA	Ches_Ao	GCTGCAGGTGCAACGA	SRR11008275	275_GCTGCAGGTGCAACGA	TRUE
Ches_Ao_GCTGCAGGTTAGGGTG	Ches_Ao	GCTGCAGGTTAGGGTG	SRR11008275	275_GCTGCAGGTTAGGGTG	TRUE
Ches_Ao_GCTGCGACAATGGACG	Ches_Ao	GCTGCGACAATGGACG	SRR11008275	275_GCTGCGACAATGGACG	TRUE
Ches_Ao_GCTGCTTTCCCTAATT	Ches_Ao	GCTGCTTTCCCTAATT	SRR11008275	275_GCTGCTTTCCCTAATT	TRUE
Ches_Ao_GCTGGGTGTCGCGAAA	Ches_Ao	GCTGGGTGTCGCGAAA	SRR11008275	275_GCTGGGTGTCGCGAAA	TRUE
Ches_Ao_GCTTCCAAGCGTCTAT	Ches_Ao	GCTTCCAAGCGTCTAT	SRR11008275	275_GCTTCCAAGCGTCTAT	TRUE
Ches_Ao_GCTTCCAAGCTGCAAG	Ches_Ao	GCTTCCAAGCTGCAAG	SRR11008275	275_GCTTCCAAGCTGCAAG	TRUE
Ches_Ao_GCTTCCATCAGTACGT	Ches_Ao	GCTTCCATCAGTACGT	SRR11008275	275_GCTTCCATCAGTACGT	TRUE
Ches_Ao_GCTTGAACATCGATTG	Ches_Ao	GCTTGAACATCGATTG	SRR11008275	275_GCTTGAACATCGATTG	TRUE
Ches_Ao_GCTTGAATCATAAAGG	Ches_Ao	GCTTGAATCATAAAGG	SRR11008275	275_GCTTGAATCATAAAGG	TRUE
Ches_Ao_GCTTGAATCGCATGAT	Ches_Ao	GCTTGAATCGCATGAT	SRR11008275	275_GCTTGAATCGCATGAT	TRUE
Ches_Ao_GGAAAGCAGCAACGGT	Ches_Ao	GGAAAGCAGCAACGGT	SRR11008275	275_GGAAAGCAGCAACGGT	TRUE
Ches_Ao_GGAAAGCAGCCAGTAG	Ches_Ao	GGAAAGCAGCCAGTAG	SRR11008275	275_GGAAAGCAGCCAGTAG	TRUE
Ches_Ao_GGAAAGCTCCTTCAAT	Ches_Ao	GGAAAGCTCCTTCAAT	SRR11008275	275_GGAAAGCTCCTTCAAT	TRUE
Ches_Ao_GGAACTTGTCTAGCGC	Ches_Ao	GGAACTTGTCTAGCGC	SRR11008275	275_GGAACTTGTCTAGCGC	TRUE
Ches_Ao_GGAACTTTCTACCAGA	Ches_Ao	GGAACTTTCTACCAGA	SRR11008275	275_GGAACTTTCTACCAGA	TRUE
Ches_Ao_GGAATAAAGACTTTCG	Ches_Ao	GGAATAAAGACTTTCG	SRR11008275	275_GGAATAAAGACTTTCG	TRUE
Ches_Ao_GGACAAGAGCTAACAA	Ches_Ao	GGACAAGAGCTAACAA	SRR11008275	275_GGACAAGAGCTAACAA	TRUE
Ches_Ao_GGACAAGCACAGGAGT	Ches_Ao	GGACAAGCACAGGAGT	SRR11008275	275_GGACAAGCACAGGAGT	TRUE
Ches_Ao_GGACAAGCATCTGGTA	Ches_Ao	GGACAAGCATCTGGTA	SRR11008275	275_GGACAAGCATCTGGTA	TRUE
Ches_Ao_GGACAAGGTAGCCTAT	Ches_Ao	GGACAAGGTAGCCTAT	SRR11008275	275_GGACAAGGTAGCCTAT	TRUE
Ches_Ao_GGACAAGTCCAAAGTC	Ches_Ao	GGACAAGTCCAAAGTC	SRR11008275	275_GGACAAGTCCAAAGTC	TRUE
Ches_Ao_GGACAGACAGGTGCCT	Ches_Ao	GGACAGACAGGTGCCT	SRR11008275	275_GGACAGACAGGTGCCT	TRUE
Ches_Ao_GGACAGATCCTCCTAG	Ches_Ao	GGACAGATCCTCCTAG	SRR11008275	275_GGACAGATCCTCCTAG	TRUE
Ches_Ao_GGACAGATCTTATCTG	Ches_Ao	GGACAGATCTTATCTG	SRR11008275	275_GGACAGATCTTATCTG	TRUE
Ches_Ao_GGACATTAGATCTGAA	Ches_Ao	GGACATTAGATCTGAA	SRR11008275	275_GGACATTAGATCTGAA	TRUE
Ches_Ao_GGACATTCACCAGGCT	Ches_Ao	GGACATTCACCAGGCT	SRR11008275	275_GGACATTCACCAGGCT	TRUE
Ches_Ao_GGACATTGTAGTAGTA	Ches_Ao	GGACATTGTAGTAGTA	SRR11008275	275_GGACATTGTAGTAGTA	TRUE
Ches_Ao_GGACGTCAGCCACGTC	Ches_Ao	GGACGTCAGCCACGTC	SRR11008275	275_GGACGTCAGCCACGTC	TRUE
Ches_Ao_GGACGTCTCTCCAACC	Ches_Ao	GGACGTCTCTCCAACC	SRR11008275	275_GGACGTCTCTCCAACC	TRUE
Ches_Ao_GGAGCAAGTAAGGGAA	Ches_Ao	GGAGCAAGTAAGGGAA	SRR11008275	275_GGAGCAAGTAAGGGAA	TRUE
Ches_Ao_GGAGCAAGTGAAGGCT	Ches_Ao	GGAGCAAGTGAAGGCT	SRR11008275	275_GGAGCAAGTGAAGGCT	TRUE
Ches_Ao_GGAGCAAGTGTCCTCT	Ches_Ao	GGAGCAAGTGTCCTCT	SRR11008275	275_GGAGCAAGTGTCCTCT	TRUE
Ches_Ao_GGATGTTAGGCTATCT	Ches_Ao	GGATGTTAGGCTATCT	SRR11008275	275_GGATGTTAGGCTATCT	TRUE
Ches_Ao_GGATGTTCAGACACTT	Ches_Ao	GGATGTTCAGACACTT	SRR11008275	275_GGATGTTCAGACACTT	TRUE
Ches_Ao_GGATGTTGTCTCATCC	Ches_Ao	GGATGTTGTCTCATCC	SRR11008275	275_GGATGTTGTCTCATCC	TRUE
Ches_Ao_GGATTACAGCGAGAAA	Ches_Ao	GGATTACAGCGAGAAA	SRR11008275	275_GGATTACAGCGAGAAA	TRUE
Ches_Ao_GGATTACAGTCGCCGT	Ches_Ao	GGATTACAGTCGCCGT	SRR11008275	275_GGATTACAGTCGCCGT	TRUE
Ches_Ao_GGATTACGTGCACTTA	Ches_Ao	GGATTACGTGCACTTA	SRR11008275	275_GGATTACGTGCACTTA	TRUE
Ches_Ao_GGCAATTAGCGTGAGT	Ches_Ao	GGCAATTAGCGTGAGT	SRR11008275	275_GGCAATTAGCGTGAGT	TRUE
Ches_Ao_GGCAATTCAGCTGCAC	Ches_Ao	GGCAATTCAGCTGCAC	SRR11008275	275_GGCAATTCAGCTGCAC	TRUE
Ches_Ao_GGCAATTTCAGGATCT	Ches_Ao	GGCAATTTCAGGATCT	SRR11008275	275_GGCAATTTCAGGATCT	TRUE
Ches_Ao_GGCCGATAGACTAGAT	Ches_Ao	GGCCGATAGACTAGAT	SRR11008275	275_GGCCGATAGACTAGAT	TRUE
Ches_Ao_GGCCGATGTCACCCAG	Ches_Ao	GGCCGATGTCACCCAG	SRR11008275	275_GGCCGATGTCACCCAG	TRUE
Ches_Ao_GGCGACTGTGGCAAAC	Ches_Ao	GGCGACTGTGGCAAAC	SRR11008275	275_GGCGACTGTGGCAAAC	TRUE
Ches_Ao_GGCGACTTCATCGGAT	Ches_Ao	GGCGACTTCATCGGAT	SRR11008275	275_GGCGACTTCATCGGAT	TRUE
Ches_Ao_GGCGACTTCCAGAAGG	Ches_Ao	GGCGACTTCCAGAAGG	SRR11008275	275_GGCGACTTCCAGAAGG	TRUE
Ches_Ao_GGCGTGTCATGAACCT	Ches_Ao	GGCGTGTCATGAACCT	SRR11008275	275_GGCGTGTCATGAACCT	TRUE
Ches_Ao_GGCGTGTGTCATATGC	Ches_Ao	GGCGTGTGTCATATGC	SRR11008275	275_GGCGTGTGTCATATGC	TRUE
Ches_Ao_GGCTCGAAGAGTCTGG	Ches_Ao	GGCTCGAAGAGTCTGG	SRR11008275	275_GGCTCGAAGAGTCTGG	TRUE
Ches_Ao_GGCTCGACAACGATCT	Ches_Ao	GGCTCGACAACGATCT	SRR11008275	275_GGCTCGACAACGATCT	TRUE
Ches_Ao_GGCTCGAGTCAGAATA	Ches_Ao	GGCTCGAGTCAGAATA	SRR11008275	275_GGCTCGAGTCAGAATA	TRUE
Ches_Ao_GGCTGGTAGCTACCGC	Ches_Ao	GGCTGGTAGCTACCGC	SRR11008275	275_GGCTGGTAGCTACCGC	TRUE
Ches_Ao_GGCTGGTCACATCTTT	Ches_Ao	GGCTGGTCACATCTTT	SRR11008275	275_GGCTGGTCACATCTTT	TRUE
Ches_Ao_GGCTGGTCATGTAGTC	Ches_Ao	GGCTGGTCATGTAGTC	SRR11008275	275_GGCTGGTCATGTAGTC	TRUE
Ches_Ao_GGCTGGTTCTGTTGAG	Ches_Ao	GGCTGGTTCTGTTGAG	SRR11008275	275_GGCTGGTTCTGTTGAG	TRUE
Ches_Ao_GGGAATGAGGTGCAAC	Ches_Ao	GGGAATGAGGTGCAAC	SRR11008275	275_GGGAATGAGGTGCAAC	TRUE
Ches_Ao_GGGAATGCATGTCTCC	Ches_Ao	GGGAATGCATGTCTCC	SRR11008275	275_GGGAATGCATGTCTCC	TRUE
Ches_Ao_GGGAATGTCTCGTATT	Ches_Ao	GGGAATGTCTCGTATT	SRR11008275	275_GGGAATGTCTCGTATT	TRUE
Ches_Ao_GGGACCTAGAACAACT	Ches_Ao	GGGACCTAGAACAACT	SRR11008275	275_GGGACCTAGAACAACT	TRUE
Ches_Ao_GGGACCTAGACAGGCT	Ches_Ao	GGGACCTAGACAGGCT	SRR11008275	275_GGGACCTAGACAGGCT	TRUE
Ches_Ao_GGGACCTGTCTCCATC	Ches_Ao	GGGACCTGTCTCCATC	SRR11008275	275_GGGACCTGTCTCCATC	TRUE
Ches_Ao_GGGACCTGTTCTGGTA	Ches_Ao	GGGACCTGTTCTGGTA	SRR11008275	275_GGGACCTGTTCTGGTA	TRUE
Ches_Ao_GGGAGATTCAATCACG	Ches_Ao	GGGAGATTCAATCACG	SRR11008275	275_GGGAGATTCAATCACG	TRUE
Ches_Ao_GGGAGATTCCGCATCT	Ches_Ao	GGGAGATTCCGCATCT	SRR11008275	275_GGGAGATTCCGCATCT	TRUE
Ches_Ao_GGGATGAAGACCTAGG	Ches_Ao	GGGATGAAGACCTAGG	SRR11008275	275_GGGATGAAGACCTAGG	TRUE
Ches_Ao_GGGCACTGTCGAGTTT	Ches_Ao	GGGCACTGTCGAGTTT	SRR11008275	275_GGGCACTGTCGAGTTT	TRUE
Ches_Ao_GGGTCTGGTAACGACG	Ches_Ao	GGGTCTGGTAACGACG	SRR11008275	275_GGGTCTGGTAACGACG	TRUE
Ches_Ao_GGGTCTGGTATAGGTA	Ches_Ao	GGGTCTGGTATAGGTA	SRR11008275	275_GGGTCTGGTATAGGTA	TRUE
Ches_Ao_GGGTCTGTCGCCCTTA	Ches_Ao	GGGTCTGTCGCCCTTA	SRR11008275	275_GGGTCTGTCGCCCTTA	TRUE
Ches_Ao_GGGTTGCAGACATAAC	Ches_Ao	GGGTTGCAGACATAAC	SRR11008275	275_GGGTTGCAGACATAAC	TRUE
Ches_Ao_GGGTTGCCAAGCGATG	Ches_Ao	GGGTTGCCAAGCGATG	SRR11008275	275_GGGTTGCCAAGCGATG	TRUE
Ches_Ao_GGGTTGCCAGATCCAT	Ches_Ao	GGGTTGCCAGATCCAT	SRR11008275	275_GGGTTGCCAGATCCAT	TRUE
Ches_Ao_GGTATTGAGTGGCACA	Ches_Ao	GGTATTGAGTGGCACA	SRR11008275	275_GGTATTGAGTGGCACA	TRUE
Ches_Ao_GGTATTGTCATGTCTT	Ches_Ao	GGTATTGTCATGTCTT	SRR11008275	275_GGTATTGTCATGTCTT	TRUE
Ches_Ao_GGTGAAGAGGCTAGCA	Ches_Ao	GGTGAAGAGGCTAGCA	SRR11008275	275_GGTGAAGAGGCTAGCA	TRUE
Ches_Ao_GGTGCGTAGGATGGTC	Ches_Ao	GGTGCGTAGGATGGTC	SRR11008275	275_GGTGCGTAGGATGGTC	TRUE
Ches_Ao_GGTGCGTGTCCGTCAG	Ches_Ao	GGTGCGTGTCCGTCAG	SRR11008275	275_GGTGCGTGTCCGTCAG	TRUE
Ches_Ao_GGTGCGTTCCCTTGCA	Ches_Ao	GGTGCGTTCCCTTGCA	SRR11008275	275_GGTGCGTTCCCTTGCA	TRUE
Ches_Ao_GGTGCGTTCCTTGACC	Ches_Ao	GGTGCGTTCCTTGACC	SRR11008275	275_GGTGCGTTCCTTGACC	TRUE
Ches_Ao_GGTGTTAGTAGCGTAG	Ches_Ao	GGTGTTAGTAGCGTAG	SRR11008275	275_GGTGTTAGTAGCGTAG	TRUE
Ches_Ao_GGTGTTATCGTCGTTC	Ches_Ao	GGTGTTATCGTCGTTC	SRR11008275	275_GGTGTTATCGTCGTTC	TRUE
Ches_Ao_GTAACGTAGTATCTCG	Ches_Ao	GTAACGTAGTATCTCG	SRR11008275	275_GTAACGTAGTATCTCG	TRUE
Ches_Ao_GTAACGTCAATACGCT	Ches_Ao	GTAACGTCAATACGCT	SRR11008275	275_GTAACGTCAATACGCT	TRUE
Ches_Ao_GTAACGTGTAGCTGCC	Ches_Ao	GTAACGTGTAGCTGCC	SRR11008275	275_GTAACGTGTAGCTGCC	TRUE
Ches_Ao_GTAACGTGTCGGCACT	Ches_Ao	GTAACGTGTCGGCACT	SRR11008275	275_GTAACGTGTCGGCACT	TRUE
Ches_Ao_GTAACGTTCACTTATC	Ches_Ao	GTAACGTTCACTTATC	SRR11008275	275_GTAACGTTCACTTATC	TRUE
Ches_Ao_GTAACTGCAGTACACT	Ches_Ao	GTAACTGCAGTACACT	SRR11008275	275_GTAACTGCAGTACACT	TRUE
Ches_Ao_GTAACTGTCAGCCTAA	Ches_Ao	GTAACTGTCAGCCTAA	SRR11008275	275_GTAACTGTCAGCCTAA	TRUE
Ches_Ao_GTACGTATCCTTCAAT	Ches_Ao	GTACGTATCCTTCAAT	SRR11008275	275_GTACGTATCCTTCAAT	TRUE
Ches_Ao_GTACTCCTCATTATCC	Ches_Ao	GTACTCCTCATTATCC	SRR11008275	275_GTACTCCTCATTATCC	TRUE
Ches_Ao_GTACTTTAGGAGTTTA	Ches_Ao	GTACTTTAGGAGTTTA	SRR11008275	275_GTACTTTAGGAGTTTA	TRUE
Ches_Ao_GTACTTTCAATTCCTT	Ches_Ao	GTACTTTCAATTCCTT	SRR11008275	275_GTACTTTCAATTCCTT	TRUE
Ches_Ao_GTAGGCCAGGATGTAT	Ches_Ao	GTAGGCCAGGATGTAT	SRR11008275	275_GTAGGCCAGGATGTAT	TRUE
Ches_Ao_GTAGGCCCAATGCCAT	Ches_Ao	GTAGGCCCAATGCCAT	SRR11008275	275_GTAGGCCCAATGCCAT	TRUE
Ches_Ao_GTAGTCAAGAGTACCG	Ches_Ao	GTAGTCAAGAGTACCG	SRR11008275	275_GTAGTCAAGAGTACCG	TRUE
Ches_Ao_GTAGTCACAAATTGCC	Ches_Ao	GTAGTCACAAATTGCC	SRR11008275	275_GTAGTCACAAATTGCC	TRUE
Ches_Ao_GTAGTCACAAGCGAGT	Ches_Ao	GTAGTCACAAGCGAGT	SRR11008275	275_GTAGTCACAAGCGAGT	TRUE
Ches_Ao_GTATCTTTCTGTCCGT	Ches_Ao	GTATCTTTCTGTCCGT	SRR11008275	275_GTATCTTTCTGTCCGT	TRUE
Ches_Ao_GTATTCTAGATCCGAG	Ches_Ao	GTATTCTAGATCCGAG	SRR11008275	275_GTATTCTAGATCCGAG	TRUE
Ches_Ao_GTCAAGTTCGACGGAA	Ches_Ao	GTCAAGTTCGACGGAA	SRR11008275	275_GTCAAGTTCGACGGAA	TRUE
Ches_Ao_GTCACAAAGAGGTTGC	Ches_Ao	GTCACAAAGAGGTTGC	SRR11008275	275_GTCACAAAGAGGTTGC	TRUE
Ches_Ao_GTCACAAAGATCGGGT	Ches_Ao	GTCACAAAGATCGGGT	SRR11008275	275_GTCACAAAGATCGGGT	TRUE
Ches_Ao_GTCACAACAATGGACG	Ches_Ao	GTCACAACAATGGACG	SRR11008275	275_GTCACAACAATGGACG	TRUE
Ches_Ao_GTCACAATCAGGATCT	Ches_Ao	GTCACAATCAGGATCT	SRR11008275	275_GTCACAATCAGGATCT	TRUE
Ches_Ao_GTCACGGAGAAACCTA	Ches_Ao	GTCACGGAGAAACCTA	SRR11008275	275_GTCACGGAGAAACCTA	TRUE
Ches_Ao_GTCACGGAGCTGCGAA	Ches_Ao	GTCACGGAGCTGCGAA	SRR11008275	275_GTCACGGAGCTGCGAA	TRUE
Ches_Ao_GTCCTCATCTGCGACG	Ches_Ao	GTCCTCATCTGCGACG	SRR11008275	275_GTCCTCATCTGCGACG	TRUE
Ches_Ao_GTCGGGTAGAGTACCG	Ches_Ao	GTCGGGTAGAGTACCG	SRR11008275	275_GTCGGGTAGAGTACCG	FALSE
Ches_Ao_GTCGGGTCACCCATTC	Ches_Ao	GTCGGGTCACCCATTC	SRR11008275	275_GTCGGGTCACCCATTC	TRUE
Ches_Ao_GTCGGGTTCAGAGACG	Ches_Ao	GTCGGGTTCAGAGACG	SRR11008275	275_GTCGGGTTCAGAGACG	TRUE
Ches_Ao_GTCGGGTTCATTGCCC	Ches_Ao	GTCGGGTTCATTGCCC	SRR11008275	275_GTCGGGTTCATTGCCC	TRUE
Ches_Ao_GTCGGGTTCCGAATGT	Ches_Ao	GTCGGGTTCCGAATGT	SRR11008275	275_GTCGGGTTCCGAATGT	TRUE
Ches_Ao_GTCGGGTTCTGCCAGG	Ches_Ao	GTCGGGTTCTGCCAGG	SRR11008275	275_GTCGGGTTCTGCCAGG	TRUE
Ches_Ao_GTCGTAACAGTTAACC	Ches_Ao	GTCGTAACAGTTAACC	SRR11008275	275_GTCGTAACAGTTAACC	TRUE
Ches_Ao_GTCGTAAGTCAAAGAT	Ches_Ao	GTCGTAAGTCAAAGAT	SRR11008275	275_GTCGTAAGTCAAAGAT	TRUE
Ches_Ao_GTCGTAATCCGTTGCT	Ches_Ao	GTCGTAATCCGTTGCT	SRR11008275	275_GTCGTAATCCGTTGCT	TRUE
Ches_Ao_GTCTTCGGTCATCGGC	Ches_Ao	GTCTTCGGTCATCGGC	SRR11008275	275_GTCTTCGGTCATCGGC	TRUE
Ches_Ao_GTCTTCGTCCCTTGCA	Ches_Ao	GTCTTCGTCCCTTGCA	SRR11008275	275_GTCTTCGTCCCTTGCA	TRUE
Ches_Ao_GTGCATAAGAAGAAGC	Ches_Ao	GTGCATAAGAAGAAGC	SRR11008275	275_GTGCATAAGAAGAAGC	TRUE
Ches_Ao_GTGGGTCCAGCTCCGA	Ches_Ao	GTGGGTCCAGCTCCGA	SRR11008275	275_GTGGGTCCAGCTCCGA	TRUE
Ches_Ao_GTGGGTCCAGGGCATA	Ches_Ao	GTGGGTCCAGGGCATA	SRR11008275	275_GTGGGTCCAGGGCATA	TRUE
Ches_Ao_GTGGGTCCAGGGTATG	Ches_Ao	GTGGGTCCAGGGTATG	SRR11008275	275_GTGGGTCCAGGGTATG	TRUE
Ches_Ao_GTGGGTCTCAGAGCTT	Ches_Ao	GTGGGTCTCAGAGCTT	SRR11008275	275_GTGGGTCTCAGAGCTT	TRUE
Ches_Ao_GTGGGTCTCCCATTTA	Ches_Ao	GTGGGTCTCCCATTTA	SRR11008275	275_GTGGGTCTCCCATTTA	TRUE
Ches_Ao_GTGTGCGGTTCTCATT	Ches_Ao	GTGTGCGGTTCTCATT	SRR11008275	275_GTGTGCGGTTCTCATT	TRUE
Ches_Ao_GTGTTAGCAACTGCGC	Ches_Ao	GTGTTAGCAACTGCGC	SRR11008275	275_GTGTTAGCAACTGCGC	TRUE
Ches_Ao_GTGTTAGCATGATCCA	Ches_Ao	GTGTTAGCATGATCCA	SRR11008275	275_GTGTTAGCATGATCCA	TRUE
Ches_Ao_GTTAAGCGTTCAGCGC	Ches_Ao	GTTAAGCGTTCAGCGC	SRR11008275	275_GTTAAGCGTTCAGCGC	TRUE
Ches_Ao_GTTACAGAGGCAGGTT	Ches_Ao	GTTACAGAGGCAGGTT	SRR11008275	275_GTTACAGAGGCAGGTT	TRUE
Ches_Ao_GTTACAGCACGTAAGG	Ches_Ao	GTTACAGCACGTAAGG	SRR11008275	275_GTTACAGCACGTAAGG	TRUE
Ches_Ao_GTTACAGGTCGCATCG	Ches_Ao	GTTACAGGTCGCATCG	SRR11008275	275_GTTACAGGTCGCATCG	TRUE
Ches_Ao_GTTCATTAGAGGTAGA	Ches_Ao	GTTCATTAGAGGTAGA	SRR11008275	275_GTTCATTAGAGGTAGA	TRUE
Ches_Ao_GTTCATTAGGCGACAT	Ches_Ao	GTTCATTAGGCGACAT	SRR11008275	275_GTTCATTAGGCGACAT	TRUE
Ches_Ao_GTTCATTGTACGAAAT	Ches_Ao	GTTCATTGTACGAAAT	SRR11008275	275_GTTCATTGTACGAAAT	TRUE
Ches_Ao_GTTCATTGTTCAGGCC	Ches_Ao	GTTCATTGTTCAGGCC	SRR11008275	275_GTTCATTGTTCAGGCC	TRUE
Ches_Ao_GTTCATTGTTTGACAC	Ches_Ao	GTTCATTGTTTGACAC	SRR11008275	275_GTTCATTGTTTGACAC	TRUE
Ches_Ao_GTTCGGGGTTGTCGCG	Ches_Ao	GTTCGGGGTTGTCGCG	SRR11008275	275_GTTCGGGGTTGTCGCG	TRUE
Ches_Ao_GTTCTCGGTTTAAGCC	Ches_Ao	GTTCTCGGTTTAAGCC	SRR11008275	275_GTTCTCGGTTTAAGCC	TRUE
Ches_Ao_GTTCTCGTCTTTACAC	Ches_Ao	GTTCTCGTCTTTACAC	SRR11008275	275_GTTCTCGTCTTTACAC	TRUE
Ches_Ao_GTTTCTAAGTTGCAGG	Ches_Ao	GTTTCTAAGTTGCAGG	SRR11008275	275_GTTTCTAAGTTGCAGG	TRUE
Ches_Ao_GTTTCTAGTGACGGTA	Ches_Ao	GTTTCTAGTGACGGTA	SRR11008275	275_GTTTCTAGTGACGGTA	TRUE
Ches_Ao_GTTTCTATCGCTTGTC	Ches_Ao	GTTTCTATCGCTTGTC	SRR11008275	275_GTTTCTATCGCTTGTC	TRUE
Ches_Ao_TAAACCGAGTCCGGTC	Ches_Ao	TAAACCGAGTCCGGTC	SRR11008275	275_TAAACCGAGTCCGGTC	TRUE
Ches_Ao_TAAACCGGTACGAAAT	Ches_Ao	TAAACCGGTACGAAAT	SRR11008275	275_TAAACCGGTACGAAAT	TRUE
Ches_Ao_TAAGAGAAGCCAGTTT	Ches_Ao	TAAGAGAAGCCAGTTT	SRR11008275	275_TAAGAGAAGCCAGTTT	TRUE
Ches_Ao_TAAGAGAAGTCGAGTG	Ches_Ao	TAAGAGAAGTCGAGTG	SRR11008275	275_TAAGAGAAGTCGAGTG	TRUE
Ches_Ao_TAAGAGAGTCATATCG	Ches_Ao	TAAGAGAGTCATATCG	SRR11008275	275_TAAGAGAGTCATATCG	TRUE
Ches_Ao_TAAGCGTAGACAGAGA	Ches_Ao	TAAGCGTAGACAGAGA	SRR11008275	275_TAAGCGTAGACAGAGA	TRUE
Ches_Ao_TAAGCGTAGGATGTAT	Ches_Ao	TAAGCGTAGGATGTAT	SRR11008275	275_TAAGCGTAGGATGTAT	TRUE
Ches_Ao_TAAGTGCAGCCAGTAG	Ches_Ao	TAAGTGCAGCCAGTAG	SRR11008275	275_TAAGTGCAGCCAGTAG	TRUE
Ches_Ao_TAAGTGCCAATTGCTG	Ches_Ao	TAAGTGCCAATTGCTG	SRR11008275	275_TAAGTGCCAATTGCTG	TRUE
Ches_Ao_TAAGTGCCACATGGGA	Ches_Ao	TAAGTGCCACATGGGA	SRR11008275	275_TAAGTGCCACATGGGA	TRUE
Ches_Ao_TAAGTGCGTCCATCCT	Ches_Ao	TAAGTGCGTCCATCCT	SRR11008275	275_TAAGTGCGTCCATCCT	TRUE
Ches_Ao_TACACGATCGCACTCT	Ches_Ao	TACACGATCGCACTCT	SRR11008275	275_TACACGATCGCACTCT	TRUE
Ches_Ao_TACAGTGGTTCCCTTG	Ches_Ao	TACAGTGGTTCCCTTG	SRR11008275	275_TACAGTGGTTCCCTTG	TRUE
Ches_Ao_TACAGTGTCGAATCCA	Ches_Ao	TACAGTGTCGAATCCA	SRR11008275	275_TACAGTGTCGAATCCA	TRUE
Ches_Ao_TACAGTGTCTCACATT	Ches_Ao	TACAGTGTCTCACATT	SRR11008275	275_TACAGTGTCTCACATT	TRUE
Ches_Ao_TACCTATAGACACGAC	Ches_Ao	TACCTATAGACACGAC	SRR11008275	275_TACCTATAGACACGAC	TRUE
Ches_Ao_TACCTTAGTCCGCTGA	Ches_Ao	TACCTTAGTCCGCTGA	SRR11008275	275_TACCTTAGTCCGCTGA	FALSE
Ches_Ao_TACGGATTCAGTTGAC	Ches_Ao	TACGGATTCAGTTGAC	SRR11008275	275_TACGGATTCAGTTGAC	TRUE
Ches_Ao_TACGGATTCTCTGTCG	Ches_Ao	TACGGATTCTCTGTCG	SRR11008275	275_TACGGATTCTCTGTCG	TRUE
Ches_Ao_TACGGGCCAATGGACG	Ches_Ao	TACGGGCCAATGGACG	SRR11008275	275_TACGGGCCAATGGACG	TRUE
Ches_Ao_TACGGGCCAGCTGTTA	Ches_Ao	TACGGGCCAGCTGTTA	SRR11008275	275_TACGGGCCAGCTGTTA	TRUE
Ches_Ao_TACGGGCTCTTACCGC	Ches_Ao	TACGGGCTCTTACCGC	SRR11008275	275_TACGGGCTCTTACCGC	TRUE
Ches_Ao_TACTCATAGCAGGCTA	Ches_Ao	TACTCATAGCAGGCTA	SRR11008275	275_TACTCATAGCAGGCTA	TRUE
Ches_Ao_TACTCATCACCCTATC	Ches_Ao	TACTCATCACCCTATC	SRR11008275	275_TACTCATCACCCTATC	TRUE
Ches_Ao_TACTCATGTAACGACG	Ches_Ao	TACTCATGTAACGACG	SRR11008275	275_TACTCATGTAACGACG	TRUE
Ches_Ao_TACTCATGTAATTGGA	Ches_Ao	TACTCATGTAATTGGA	SRR11008275	275_TACTCATGTAATTGGA	TRUE
Ches_Ao_TACTCGCAGAAACCTA	Ches_Ao	TACTCGCAGAAACCTA	SRR11008275	275_TACTCGCAGAAACCTA	TRUE
Ches_Ao_TACTCGCCAAATTGCC	Ches_Ao	TACTCGCCAAATTGCC	SRR11008275	275_TACTCGCCAAATTGCC	TRUE
Ches_Ao_TACTCGCGTTCGTCTC	Ches_Ao	TACTCGCGTTCGTCTC	SRR11008275	275_TACTCGCGTTCGTCTC	FALSE
Ches_Ao_TACTTACTCCTAGGGC	Ches_Ao	TACTTACTCCTAGGGC	SRR11008275	275_TACTTACTCCTAGGGC	TRUE
Ches_Ao_TACTTGTGTTGTGGCC	Ches_Ao	TACTTGTGTTGTGGCC	SRR11008275	275_TACTTGTGTTGTGGCC	TRUE
Ches_Ao_TAGACCACAAGGACTG	Ches_Ao	TAGACCACAAGGACTG	SRR11008275	275_TAGACCACAAGGACTG	TRUE
Ches_Ao_TAGACCACACAACGCC	Ches_Ao	TAGACCACACAACGCC	SRR11008275	275_TAGACCACACAACGCC	TRUE
Ches_Ao_TAGACCACAGTCCTTC	Ches_Ao	TAGACCACAGTCCTTC	SRR11008275	275_TAGACCACAGTCCTTC	TRUE
Ches_Ao_TAGACCAGTAGAGGAA	Ches_Ao	TAGACCAGTAGAGGAA	SRR11008275	275_TAGACCAGTAGAGGAA	TRUE
Ches_Ao_TAGAGCTAGGACAGCT	Ches_Ao	TAGAGCTAGGACAGCT	SRR11008275	275_TAGAGCTAGGACAGCT	TRUE
Ches_Ao_TAGAGCTGTACCGGCT	Ches_Ao	TAGAGCTGTACCGGCT	SRR11008275	275_TAGAGCTGTACCGGCT	TRUE
Ches_Ao_TAGAGCTGTCTTCGTC	Ches_Ao	TAGAGCTGTCTTCGTC	SRR11008275	275_TAGAGCTGTCTTCGTC	TRUE
Ches_Ao_TAGCCGGAGCTGGAAC	Ches_Ao	TAGCCGGAGCTGGAAC	SRR11008275	275_TAGCCGGAGCTGGAAC	TRUE
Ches_Ao_TAGCCGGAGGAACTGC	Ches_Ao	TAGCCGGAGGAACTGC	SRR11008275	275_TAGCCGGAGGAACTGC	TRUE
Ches_Ao_TAGCCGGGTCCCTTGT	Ches_Ao	TAGCCGGGTCCCTTGT	SRR11008275	275_TAGCCGGGTCCCTTGT	TRUE
Ches_Ao_TAGCCGGGTGCAGGTA	Ches_Ao	TAGCCGGGTGCAGGTA	SRR11008275	275_TAGCCGGGTGCAGGTA	TRUE
Ches_Ao_TAGTGGTAGGTGCAAC	Ches_Ao	TAGTGGTAGGTGCAAC	SRR11008275	275_TAGTGGTAGGTGCAAC	TRUE
Ches_Ao_TAGTGGTTCCTCAACC	Ches_Ao	TAGTGGTTCCTCAACC	SRR11008275	275_TAGTGGTTCCTCAACC	TRUE
Ches_Ao_TAGTTGGCATTCGACA	Ches_Ao	TAGTTGGCATTCGACA	SRR11008275	275_TAGTTGGCATTCGACA	TRUE
Ches_Ao_TATCAGGAGCGTGAAC	Ches_Ao	TATCAGGAGCGTGAAC	SRR11008275	275_TATCAGGAGCGTGAAC	TRUE
Ches_Ao_TATCAGGCACGCTTTC	Ches_Ao	TATCAGGCACGCTTTC	SRR11008275	275_TATCAGGCACGCTTTC	TRUE
Ches_Ao_TATCAGGCAGAAGCAC	Ches_Ao	TATCAGGCAGAAGCAC	SRR11008275	275_TATCAGGCAGAAGCAC	FALSE
Ches_Ao_TATCAGGTCAGTTAGC	Ches_Ao	TATCAGGTCAGTTAGC	SRR11008275	275_TATCAGGTCAGTTAGC	TRUE
Ches_Ao_TATCTCACACCTATCC	Ches_Ao	TATCTCACACCTATCC	SRR11008275	275_TATCTCACACCTATCC	TRUE
Ches_Ao_TATGCCCAGGCTAGAC	Ches_Ao	TATGCCCAGGCTAGAC	SRR11008275	275_TATGCCCAGGCTAGAC	TRUE
Ches_Ao_TATGCCCCAGTGACAG	Ches_Ao	TATGCCCCAGTGACAG	SRR11008275	275_TATGCCCCAGTGACAG	TRUE
Ches_Ao_TATGCCCTCCTCCTAG	Ches_Ao	TATGCCCTCCTCCTAG	SRR11008275	275_TATGCCCTCCTCCTAG	TRUE
Ches_Ao_TATTACCAGATCCCGC	Ches_Ao	TATTACCAGATCCCGC	SRR11008275	275_TATTACCAGATCCCGC	TRUE
Ches_Ao_TATTACCTCGCGATCG	Ches_Ao	TATTACCTCGCGATCG	SRR11008275	275_TATTACCTCGCGATCG	TRUE
Ches_Ao_TCAACGACAGACGTAG	Ches_Ao	TCAACGACAGACGTAG	SRR11008275	275_TCAACGACAGACGTAG	TRUE
Ches_Ao_TCAACGACATCCGGGT	Ches_Ao	TCAACGACATCCGGGT	SRR11008275	275_TCAACGACATCCGGGT	TRUE
Ches_Ao_TCAACGAGTTTGACTG	Ches_Ao	TCAACGAGTTTGACTG	SRR11008275	275_TCAACGAGTTTGACTG	FALSE
Ches_Ao_TCAATCTGTAGGACAC	Ches_Ao	TCAATCTGTAGGACAC	SRR11008275	275_TCAATCTGTAGGACAC	TRUE
Ches_Ao_TCACAAGAGATCGATA	Ches_Ao	TCACAAGAGATCGATA	SRR11008275	275_TCACAAGAGATCGATA	TRUE
Ches_Ao_TCACAAGAGCTGTCTA	Ches_Ao	TCACAAGAGCTGTCTA	SRR11008275	275_TCACAAGAGCTGTCTA	FALSE
Ches_Ao_TCACAAGCACGGCCAT	Ches_Ao	TCACAAGCACGGCCAT	SRR11008275	275_TCACAAGCACGGCCAT	TRUE
Ches_Ao_TCAGCAAAGAGAACAG	Ches_Ao	TCAGCAAAGAGAACAG	SRR11008275	275_TCAGCAAAGAGAACAG	TRUE
Ches_Ao_TCAGCAAAGTGTACCT	Ches_Ao	TCAGCAAAGTGTACCT	SRR11008275	275_TCAGCAAAGTGTACCT	TRUE
Ches_Ao_TCAGCAACATATGGTC	Ches_Ao	TCAGCAACATATGGTC	SRR11008275	275_TCAGCAACATATGGTC	TRUE
Ches_Ao_TCAGCAAGTTACGGAG	Ches_Ao	TCAGCAAGTTACGGAG	SRR11008275	275_TCAGCAAGTTACGGAG	TRUE
Ches_Ao_TCAGCAATCCCAGGTG	Ches_Ao	TCAGCAATCCCAGGTG	SRR11008275	275_TCAGCAATCCCAGGTG	TRUE
Ches_Ao_TCAGCAATCTACTATC	Ches_Ao	TCAGCAATCTACTATC	SRR11008275	275_TCAGCAATCTACTATC	TRUE
Ches_Ao_TCAGCTCAGCCCAATT	Ches_Ao	TCAGCTCAGCCCAATT	SRR11008275	275_TCAGCTCAGCCCAATT	TRUE
Ches_Ao_TCAGCTCCAAAGGCGT	Ches_Ao	TCAGCTCCAAAGGCGT	SRR11008275	275_TCAGCTCCAAAGGCGT	TRUE
Ches_Ao_TCAGCTCCAGACTCGC	Ches_Ao	TCAGCTCCAGACTCGC	SRR11008275	275_TCAGCTCCAGACTCGC	TRUE
Ches_Ao_TCAGCTCCAGCAGTTT	Ches_Ao	TCAGCTCCAGCAGTTT	SRR11008275	275_TCAGCTCCAGCAGTTT	TRUE
Ches_Ao_TCAGGATCACAGGAGT	Ches_Ao	TCAGGATCACAGGAGT	SRR11008275	275_TCAGGATCACAGGAGT	TRUE
Ches_Ao_TCAGGTAAGGAATCGC	Ches_Ao	TCAGGTAAGGAATCGC	SRR11008275	275_TCAGGTAAGGAATCGC	TRUE
Ches_Ao_TCAGGTAAGTTACCCA	Ches_Ao	TCAGGTAAGTTACCCA	SRR11008275	275_TCAGGTAAGTTACCCA	TRUE
Ches_Ao_TCAGGTACACAGGAGT	Ches_Ao	TCAGGTACACAGGAGT	SRR11008275	275_TCAGGTACACAGGAGT	TRUE
Ches_Ao_TCATTTGTCCGAACGC	Ches_Ao	TCATTTGTCCGAACGC	SRR11008275	275_TCATTTGTCCGAACGC	TRUE
Ches_Ao_TCCACACTCAAGCCTA	Ches_Ao	TCCACACTCAAGCCTA	SRR11008275	275_TCCACACTCAAGCCTA	TRUE
Ches_Ao_TCCACACTCACGCGGT	Ches_Ao	TCCACACTCACGCGGT	SRR11008275	275_TCCACACTCACGCGGT	TRUE
Ches_Ao_TCCCGATGTAAATACG	Ches_Ao	TCCCGATGTAAATACG	SRR11008275	275_TCCCGATGTAAATACG	TRUE
Ches_Ao_TCGAGGCCAGTGAGTG	Ches_Ao	TCGAGGCCAGTGAGTG	SRR11008275	275_TCGAGGCCAGTGAGTG	TRUE
Ches_Ao_TCGAGGCGTTACGACT	Ches_Ao	TCGAGGCGTTACGACT	SRR11008275	275_TCGAGGCGTTACGACT	TRUE
Ches_Ao_TCGAGGCTCGACGGAA	Ches_Ao	TCGAGGCTCGACGGAA	SRR11008275	275_TCGAGGCTCGACGGAA	TRUE
Ches_Ao_TCGCGAGAGTCCATAC	Ches_Ao	TCGCGAGAGTCCATAC	SRR11008275	275_TCGCGAGAGTCCATAC	TRUE
Ches_Ao_TCGCGAGCACTTCTGC	Ches_Ao	TCGCGAGCACTTCTGC	SRR11008275	275_TCGCGAGCACTTCTGC	TRUE
Ches_Ao_TCGCGTTCAAGGTGTG	Ches_Ao	TCGCGTTCAAGGTGTG	SRR11008275	275_TCGCGTTCAAGGTGTG	TRUE
Ches_Ao_TCGCGTTCACGAAACG	Ches_Ao	TCGCGTTCACGAAACG	SRR11008275	275_TCGCGTTCACGAAACG	TRUE
Ches_Ao_TCGCGTTGTCCGACGT	Ches_Ao	TCGCGTTGTCCGACGT	SRR11008275	275_TCGCGTTGTCCGACGT	FALSE
Ches_Ao_TCGCGTTTCCAAAGTC	Ches_Ao	TCGCGTTTCCAAAGTC	SRR11008275	275_TCGCGTTTCCAAAGTC	FALSE
Ches_Ao_TCGGGACGTGCGGTAA	Ches_Ao	TCGGGACGTGCGGTAA	SRR11008275	275_TCGGGACGTGCGGTAA	TRUE
Ches_Ao_TCGGGACGTTGTACAC	Ches_Ao	TCGGGACGTTGTACAC	SRR11008275	275_TCGGGACGTTGTACAC	TRUE
Ches_Ao_TCGGGACGTTTCGCTC	Ches_Ao	TCGGGACGTTTCGCTC	SRR11008275	275_TCGGGACGTTTCGCTC	TRUE
Ches_Ao_TCGGTAACACATGACT	Ches_Ao	TCGGTAACACATGACT	SRR11008275	275_TCGGTAACACATGACT	TRUE
Ches_Ao_TCGTACCTCAAGGCTT	Ches_Ao	TCGTACCTCAAGGCTT	SRR11008275	275_TCGTACCTCAAGGCTT	TRUE
Ches_Ao_TCGTACCTCTTTACGT	Ches_Ao	TCGTACCTCTTTACGT	SRR11008275	275_TCGTACCTCTTTACGT	TRUE
Ches_Ao_TCGTAGACATAGAAAC	Ches_Ao	TCGTAGACATAGAAAC	SRR11008275	275_TCGTAGACATAGAAAC	TRUE
Ches_Ao_TCGTAGATCACAATGC	Ches_Ao	TCGTAGATCACAATGC	SRR11008275	275_TCGTAGATCACAATGC	TRUE
Ches_Ao_TCTATTGCATGGATGG	Ches_Ao	TCTATTGCATGGATGG	SRR11008275	275_TCTATTGCATGGATGG	TRUE
Ches_Ao_TCTCATAAGGATTCGG	Ches_Ao	TCTCATAAGGATTCGG	SRR11008275	275_TCTCATAAGGATTCGG	TRUE
Ches_Ao_TCTCATAAGGCAATTA	Ches_Ao	TCTCATAAGGCAATTA	SRR11008275	275_TCTCATAAGGCAATTA	TRUE
Ches_Ao_TCTCATACACCTGGTG	Ches_Ao	TCTCATACACCTGGTG	SRR11008275	275_TCTCATACACCTGGTG	TRUE
Ches_Ao_TCTCTAAAGGAGTAGA	Ches_Ao	TCTCTAAAGGAGTAGA	SRR11008275	275_TCTCTAAAGGAGTAGA	TRUE
Ches_Ao_TCTCTAAAGGCGCTCT	Ches_Ao	TCTCTAAAGGCGCTCT	SRR11008275	275_TCTCTAAAGGCGCTCT	TRUE
Ches_Ao_TCTCTAAAGTATGACA	Ches_Ao	TCTCTAAAGTATGACA	SRR11008275	275_TCTCTAAAGTATGACA	TRUE
Ches_Ao_TCTCTAAGTAGAAAGG	Ches_Ao	TCTCTAAGTAGAAAGG	SRR11008275	275_TCTCTAAGTAGAAAGG	TRUE
Ches_Ao_TCTCTAAGTGTGAATA	Ches_Ao	TCTCTAAGTGTGAATA	SRR11008275	275_TCTCTAAGTGTGAATA	TRUE
Ches_Ao_TCTGAGATCGAATCCA	Ches_Ao	TCTGAGATCGAATCCA	SRR11008275	275_TCTGAGATCGAATCCA	TRUE
Ches_Ao_TCTGAGATCTGTCTCG	Ches_Ao	TCTGAGATCTGTCTCG	SRR11008275	275_TCTGAGATCTGTCTCG	TRUE
Ches_Ao_TCTGGAAGTACCGAGA	Ches_Ao	TCTGGAAGTACCGAGA	SRR11008275	275_TCTGGAAGTACCGAGA	TRUE
Ches_Ao_TCTGGAATCCTGCAGG	Ches_Ao	TCTGGAATCCTGCAGG	SRR11008275	275_TCTGGAATCCTGCAGG	TRUE
Ches_Ao_TCTTCGGAGTATCTCG	Ches_Ao	TCTTCGGAGTATCTCG	SRR11008275	275_TCTTCGGAGTATCTCG	TRUE
Ches_Ao_TCTTTCCCAGATTGCT	Ches_Ao	TCTTTCCCAGATTGCT	SRR11008275	275_TCTTTCCCAGATTGCT	TRUE
Ches_Ao_TGAAAGATCAAAGTAG	Ches_Ao	TGAAAGATCAAAGTAG	SRR11008275	275_TGAAAGATCAAAGTAG	TRUE
Ches_Ao_TGAAAGATCCGAATGT	Ches_Ao	TGAAAGATCCGAATGT	SRR11008275	275_TGAAAGATCCGAATGT	TRUE
Ches_Ao_TGACAACGTGCGGTAA	Ches_Ao	TGACAACGTGCGGTAA	SRR11008275	275_TGACAACGTGCGGTAA	TRUE
Ches_Ao_TGACGGCAGTGGGCTA	Ches_Ao	TGACGGCAGTGGGCTA	SRR11008275	275_TGACGGCAGTGGGCTA	TRUE
Ches_Ao_TGACGGCGTTGTACAC	Ches_Ao	TGACGGCGTTGTACAC	SRR11008275	275_TGACGGCGTTGTACAC	TRUE
Ches_Ao_TGACGGCTCGGATGGA	Ches_Ao	TGACGGCTCGGATGGA	SRR11008275	275_TGACGGCTCGGATGGA	TRUE
Ches_Ao_TGACTAGAGCTAGCCC	Ches_Ao	TGACTAGAGCTAGCCC	SRR11008275	275_TGACTAGAGCTAGCCC	TRUE
Ches_Ao_TGACTAGAGCTCCTTC	Ches_Ao	TGACTAGAGCTCCTTC	SRR11008275	275_TGACTAGAGCTCCTTC	TRUE
Ches_Ao_TGACTTTGTAAGGGAA	Ches_Ao	TGACTTTGTAAGGGAA	SRR11008275	275_TGACTTTGTAAGGGAA	TRUE
Ches_Ao_TGACTTTGTTGAGTTC	Ches_Ao	TGACTTTGTTGAGTTC	SRR11008275	275_TGACTTTGTTGAGTTC	TRUE
Ches_Ao_TGAGAGGAGCTACCTA	Ches_Ao	TGAGAGGAGCTACCTA	SRR11008275	275_TGAGAGGAGCTACCTA	TRUE
Ches_Ao_TGAGAGGGTTGCGCAC	Ches_Ao	TGAGAGGGTTGCGCAC	SRR11008275	275_TGAGAGGGTTGCGCAC	TRUE
Ches_Ao_TGAGAGGTCGTAGATC	Ches_Ao	TGAGAGGTCGTAGATC	SRR11008275	275_TGAGAGGTCGTAGATC	TRUE
Ches_Ao_TGAGCCGCACTGTGTA	Ches_Ao	TGAGCCGCACTGTGTA	SRR11008275	275_TGAGCCGCACTGTGTA	TRUE
Ches_Ao_TGAGGGAAGATATGGT	Ches_Ao	TGAGGGAAGATATGGT	SRR11008275	275_TGAGGGAAGATATGGT	TRUE
Ches_Ao_TGAGGGACAATTCCTT	Ches_Ao	TGAGGGACAATTCCTT	SRR11008275	275_TGAGGGACAATTCCTT	TRUE
Ches_Ao_TGAGGGACAGCTCGCA	Ches_Ao	TGAGGGACAGCTCGCA	SRR11008275	275_TGAGGGACAGCTCGCA	TRUE
Ches_Ao_TGAGGGATCCGCTGTT	Ches_Ao	TGAGGGATCCGCTGTT	SRR11008275	275_TGAGGGATCCGCTGTT	TRUE
Ches_Ao_TGAGGGATCTGGCGAC	Ches_Ao	TGAGGGATCTGGCGAC	SRR11008275	275_TGAGGGATCTGGCGAC	TRUE
Ches_Ao_TGATTTCCATCAGTCA	Ches_Ao	TGATTTCCATCAGTCA	SRR11008275	275_TGATTTCCATCAGTCA	TRUE
Ches_Ao_TGCACCTAGACCTAGG	Ches_Ao	TGCACCTAGACCTAGG	SRR11008275	275_TGCACCTAGACCTAGG	TRUE
Ches_Ao_TGCCAAACATGATCCA	Ches_Ao	TGCCAAACATGATCCA	SRR11008275	275_TGCCAAACATGATCCA	TRUE
Ches_Ao_TGCCAAAGTTACAGAA	Ches_Ao	TGCCAAAGTTACAGAA	SRR11008275	275_TGCCAAAGTTACAGAA	TRUE
Ches_Ao_TGCCCATGTTGGGACA	Ches_Ao	TGCCCATGTTGGGACA	SRR11008275	275_TGCCCATGTTGGGACA	TRUE
Ches_Ao_TGCCCTAAGCTGGAAC	Ches_Ao	TGCCCTAAGCTGGAAC	SRR11008275	275_TGCCCTAAGCTGGAAC	TRUE
Ches_Ao_TGCCCTAAGCTTTGGT	Ches_Ao	TGCCCTAAGCTTTGGT	SRR11008275	275_TGCCCTAAGCTTTGGT	TRUE
Ches_Ao_TGCCCTACACCATGTA	Ches_Ao	TGCCCTACACCATGTA	SRR11008275	275_TGCCCTACACCATGTA	TRUE
Ches_Ao_TGCCCTAGTCAAGCGA	Ches_Ao	TGCCCTAGTCAAGCGA	SRR11008275	275_TGCCCTAGTCAAGCGA	TRUE
Ches_Ao_TGCCCTATCGGCGCAT	Ches_Ao	TGCCCTATCGGCGCAT	SRR11008275	275_TGCCCTATCGGCGCAT	TRUE
Ches_Ao_TGCCCTATCTAACTCT	Ches_Ao	TGCCCTATCTAACTCT	SRR11008275	275_TGCCCTATCTAACTCT	TRUE
Ches_Ao_TGCGCAGAGACCACGA	Ches_Ao	TGCGCAGAGACCACGA	SRR11008275	275_TGCGCAGAGACCACGA	TRUE
Ches_Ao_TGCGCAGAGCGCCTCA	Ches_Ao	TGCGCAGAGCGCCTCA	SRR11008275	275_TGCGCAGAGCGCCTCA	TRUE
Ches_Ao_TGCGCAGCAATAGCAA	Ches_Ao	TGCGCAGCAATAGCAA	SRR11008275	275_TGCGCAGCAATAGCAA	TRUE
Ches_Ao_TGCGCAGCAGGCTGAA	Ches_Ao	TGCGCAGCAGGCTGAA	SRR11008275	275_TGCGCAGCAGGCTGAA	TRUE
Ches_Ao_TGCGCAGGTGATGTGG	Ches_Ao	TGCGCAGGTGATGTGG	SRR11008275	275_TGCGCAGGTGATGTGG	TRUE
Ches_Ao_TGCGGGTAGAATCTCC	Ches_Ao	TGCGGGTAGAATCTCC	SRR11008275	275_TGCGGGTAGAATCTCC	TRUE
Ches_Ao_TGCGGGTCAGACAGGT	Ches_Ao	TGCGGGTCAGACAGGT	SRR11008275	275_TGCGGGTCAGACAGGT	TRUE
Ches_Ao_TGCGGGTGTGAACCTT	Ches_Ao	TGCGGGTGTGAACCTT	SRR11008275	275_TGCGGGTGTGAACCTT	TRUE
Ches_Ao_TGCGTGGTCGCGGATC	Ches_Ao	TGCGTGGTCGCGGATC	SRR11008275	275_TGCGTGGTCGCGGATC	TRUE
Ches_Ao_TGCTGCTCACAGAGGT	Ches_Ao	TGCTGCTCACAGAGGT	SRR11008275	275_TGCTGCTCACAGAGGT	TRUE
Ches_Ao_TGCTGCTGTCCATCCT	Ches_Ao	TGCTGCTGTCCATCCT	SRR11008275	275_TGCTGCTGTCCATCCT	TRUE
Ches_Ao_TGGCCAGGTTGTCGCG	Ches_Ao	TGGCCAGGTTGTCGCG	SRR11008275	275_TGGCCAGGTTGTCGCG	TRUE
Ches_Ao_TGGCGCAAGAGTAATC	Ches_Ao	TGGCGCAAGAGTAATC	SRR11008275	275_TGGCGCAAGAGTAATC	TRUE
Ches_Ao_TGGCTGGAGTGGTAGC	Ches_Ao	TGGCTGGAGTGGTAGC	SRR11008275	275_TGGCTGGAGTGGTAGC	TRUE
Ches_Ao_TGGCTGGCAATACGCT	Ches_Ao	TGGCTGGCAATACGCT	SRR11008275	275_TGGCTGGCAATACGCT	TRUE
Ches_Ao_TGGCTGGGTAATCGTC	Ches_Ao	TGGCTGGGTAATCGTC	SRR11008275	275_TGGCTGGGTAATCGTC	TRUE
Ches_Ao_TGGCTGGGTACTCAAC	Ches_Ao	TGGCTGGGTACTCAAC	SRR11008275	275_TGGCTGGGTACTCAAC	TRUE
Ches_Ao_TGGCTGGGTTCAGCGC	Ches_Ao	TGGCTGGGTTCAGCGC	SRR11008275	275_TGGCTGGGTTCAGCGC	TRUE
Ches_Ao_TGGGAAGAGGTGTGGT	Ches_Ao	TGGGAAGAGGTGTGGT	SRR11008275	275_TGGGAAGAGGTGTGGT	TRUE
Ches_Ao_TGGGAAGGTAGTAGTA	Ches_Ao	TGGGAAGGTAGTAGTA	SRR11008275	275_TGGGAAGGTAGTAGTA	TRUE
Ches_Ao_TGGGAAGTCCTAGAAC	Ches_Ao	TGGGAAGTCCTAGAAC	SRR11008275	275_TGGGAAGTCCTAGAAC	TRUE
Ches_Ao_TGGGCGTCAATGCCAT	Ches_Ao	TGGGCGTCAATGCCAT	SRR11008275	275_TGGGCGTCAATGCCAT	TRUE
Ches_Ao_TGGTTAGGTGTAAGTA	Ches_Ao	TGGTTAGGTGTAAGTA	SRR11008275	275_TGGTTAGGTGTAAGTA	TRUE
Ches_Ao_TGGTTCCAGAAGGTGA	Ches_Ao	TGGTTCCAGAAGGTGA	SRR11008275	275_TGGTTCCAGAAGGTGA	TRUE
Ches_Ao_TGGTTCCCACTTAAGC	Ches_Ao	TGGTTCCCACTTAAGC	SRR11008275	275_TGGTTCCCACTTAAGC	TRUE
Ches_Ao_TGGTTCCGTCGATTGT	Ches_Ao	TGGTTCCGTCGATTGT	SRR11008275	275_TGGTTCCGTCGATTGT	TRUE
Ches_Ao_TGTATTCAGGTGCTAG	Ches_Ao	TGTATTCAGGTGCTAG	SRR11008275	275_TGTATTCAGGTGCTAG	TRUE
Ches_Ao_TGTATTCAGTTGCAGG	Ches_Ao	TGTATTCAGTTGCAGG	SRR11008275	275_TGTATTCAGTTGCAGG	TRUE
Ches_Ao_TGTATTCCAATACGCT	Ches_Ao	TGTATTCCAATACGCT	SRR11008275	275_TGTATTCCAATACGCT	TRUE
Ches_Ao_TGTGGTATCATTATCC	Ches_Ao	TGTGGTATCATTATCC	SRR11008275	275_TGTGGTATCATTATCC	TRUE
Ches_Ao_TGTGTTTAGGTCATCT	Ches_Ao	TGTGTTTAGGTCATCT	SRR11008275	275_TGTGTTTAGGTCATCT	TRUE
Ches_Ao_TGTGTTTCAGTCAGAG	Ches_Ao	TGTGTTTCAGTCAGAG	SRR11008275	275_TGTGTTTCAGTCAGAG	TRUE
Ches_Ao_TGTTCCGAGGGCTCTC	Ches_Ao	TGTTCCGAGGGCTCTC	SRR11008275	275_TGTTCCGAGGGCTCTC	TRUE
Ches_Ao_TGTTCCGGTCTCTTAT	Ches_Ao	TGTTCCGGTCTCTTAT	SRR11008275	275_TGTTCCGGTCTCTTAT	TRUE
Ches_Ao_TTAACTCAGCACACAG	Ches_Ao	TTAACTCAGCACACAG	SRR11008275	275_TTAACTCAGCACACAG	TRUE
Ches_Ao_TTAACTCAGCTGAAAT	Ches_Ao	TTAACTCAGCTGAAAT	SRR11008275	275_TTAACTCAGCTGAAAT	TRUE
Ches_Ao_TTAACTCAGTTAACGA	Ches_Ao	TTAACTCAGTTAACGA	SRR11008275	275_TTAACTCAGTTAACGA	TRUE
Ches_Ao_TTAGGACAGGACTGGT	Ches_Ao	TTAGGACAGGACTGGT	SRR11008275	275_TTAGGACAGGACTGGT	FALSE
Ches_Ao_TTAGGACAGTTTGCGT	Ches_Ao	TTAGGACAGTTTGCGT	SRR11008275	275_TTAGGACAGTTTGCGT	TRUE
Ches_Ao_TTAGGACCATTTGCCC	Ches_Ao	TTAGGACCATTTGCCC	SRR11008275	275_TTAGGACCATTTGCCC	TRUE
Ches_Ao_TTAGGACGTTGACGTT	Ches_Ao	TTAGGACGTTGACGTT	SRR11008275	275_TTAGGACGTTGACGTT	TRUE
Ches_Ao_TTAGGCATCGAATGCT	Ches_Ao	TTAGGCATCGAATGCT	SRR11008275	275_TTAGGCATCGAATGCT	TRUE
Ches_Ao_TTAGTTCAGACCACGA	Ches_Ao	TTAGTTCAGACCACGA	SRR11008275	275_TTAGTTCAGACCACGA	TRUE
Ches_Ao_TTAGTTCGTCGCATCG	Ches_Ao	TTAGTTCGTCGCATCG	SRR11008275	275_TTAGTTCGTCGCATCG	TRUE
Ches_Ao_TTATGCTAGGGAACGG	Ches_Ao	TTATGCTAGGGAACGG	SRR11008275	275_TTATGCTAGGGAACGG	TRUE
Ches_Ao_TTCCCAGAGATGCGAC	Ches_Ao	TTCCCAGAGATGCGAC	SRR11008275	275_TTCCCAGAGATGCGAC	TRUE
Ches_Ao_TTCCCAGGTACGAAAT	Ches_Ao	TTCCCAGGTACGAAAT	SRR11008275	275_TTCCCAGGTACGAAAT	FALSE
Ches_Ao_TTCGAAGGTCTGATCA	Ches_Ao	TTCGAAGGTCTGATCA	SRR11008275	275_TTCGAAGGTCTGATCA	TRUE
Ches_Ao_TTCGGTCAGACAGAGA	Ches_Ao	TTCGGTCAGACAGAGA	SRR11008275	275_TTCGGTCAGACAGAGA	TRUE
Ches_Ao_TTCGGTCCACAGGAGT	Ches_Ao	TTCGGTCCACAGGAGT	SRR11008275	275_TTCGGTCCACAGGAGT	TRUE
Ches_Ao_TTCGGTCCACATGACT	Ches_Ao	TTCGGTCCACATGACT	SRR11008275	275_TTCGGTCCACATGACT	TRUE
Ches_Ao_TTCTACAGTAGCTGCC	Ches_Ao	TTCTACAGTAGCTGCC	SRR11008275	275_TTCTACAGTAGCTGCC	TRUE
Ches_Ao_TTCTCAAAGGCCCGTT	Ches_Ao	TTCTCAAAGGCCCGTT	SRR11008275	275_TTCTCAAAGGCCCGTT	TRUE
Ches_Ao_TTCTTAGAGCCAGGAT	Ches_Ao	TTCTTAGAGCCAGGAT	SRR11008275	275_TTCTTAGAGCCAGGAT	TRUE
Ches_Ao_TTCTTAGCATGGTTGT	Ches_Ao	TTCTTAGCATGGTTGT	SRR11008275	275_TTCTTAGCATGGTTGT	TRUE
Ches_Ao_TTGAACGAGCATCATC	Ches_Ao	TTGAACGAGCATCATC	SRR11008275	275_TTGAACGAGCATCATC	TRUE
Ches_Ao_TTGAACGGTGCCTGGT	Ches_Ao	TTGAACGGTGCCTGGT	SRR11008275	275_TTGAACGGTGCCTGGT	TRUE
Ches_Ao_TTGACTTCATCCGCGA	Ches_Ao	TTGACTTCATCCGCGA	SRR11008275	275_TTGACTTCATCCGCGA	TRUE
Ches_Ao_TTGCCGTAGTAGCGGT	Ches_Ao	TTGCCGTAGTAGCGGT	SRR11008275	275_TTGCCGTAGTAGCGGT	TRUE
Ches_Ao_TTGCCGTTCCGTAGGC	Ches_Ao	TTGCCGTTCCGTAGGC	SRR11008275	275_TTGCCGTTCCGTAGGC	TRUE
Ches_Ao_TTGCGTCAGTATTGGA	Ches_Ao	TTGCGTCAGTATTGGA	SRR11008275	275_TTGCGTCAGTATTGGA	TRUE
Ches_Ao_TTGCGTCCAGTCAGAG	Ches_Ao	TTGCGTCCAGTCAGAG	SRR11008275	275_TTGCGTCCAGTCAGAG	TRUE
Ches_Ao_TTGCGTCTCGCCCTTA	Ches_Ao	TTGCGTCTCGCCCTTA	SRR11008275	275_TTGCGTCTCGCCCTTA	TRUE
Ches_Ao_TTGCGTCTCGTCGTTC	Ches_Ao	TTGCGTCTCGTCGTTC	SRR11008275	275_TTGCGTCTCGTCGTTC	TRUE
Ches_Ao_TTGCGTCTCTGAGTGT	Ches_Ao	TTGCGTCTCTGAGTGT	SRR11008275	275_TTGCGTCTCTGAGTGT	TRUE
Ches_Ao_TTGGAACTCCGCAAGC	Ches_Ao	TTGGAACTCCGCAAGC	SRR11008275	275_TTGGAACTCCGCAAGC	TRUE
Ches_Ao_TTGGAACTCGTTACAG	Ches_Ao	TTGGAACTCGTTACAG	SRR11008275	275_TTGGAACTCGTTACAG	TRUE
Ches_Ao_TTGGCAACAACTGCTA	Ches_Ao	TTGGCAACAACTGCTA	SRR11008275	275_TTGGCAACAACTGCTA	TRUE
Ches_Ao_TTGGCAATCAGGCAAG	Ches_Ao	TTGGCAATCAGGCAAG	SRR11008275	275_TTGGCAATCAGGCAAG	TRUE
Ches_Ao_TTGTAGGGTCCCTACT	Ches_Ao	TTGTAGGGTCCCTACT	SRR11008275	275_TTGTAGGGTCCCTACT	TRUE
Ches_Ao_TTGTAGGGTTCCTCCA	Ches_Ao	TTGTAGGGTTCCTCCA	SRR11008275	275_TTGTAGGGTTCCTCCA	TRUE
Ches_Ao_TTTACTGTCACAATGC	Ches_Ao	TTTACTGTCACAATGC	SRR11008275	275_TTTACTGTCACAATGC	TRUE
Ches_Ao_TTTACTGTCTCTAAGG	Ches_Ao	TTTACTGTCTCTAAGG	SRR11008275	275_TTTACTGTCTCTAAGG	TRUE
Ches_Ao_TTTATGCAGCGTCAAG	Ches_Ao	TTTATGCAGCGTCAAG	SRR11008275	275_TTTATGCAGCGTCAAG	TRUE
Ches_Ao_TTTATGCGTAAATACG	Ches_Ao	TTTATGCGTAAATACG	SRR11008275	275_TTTATGCGTAAATACG	TRUE
Ches_Ao_TTTATGCTCTCTGCTG	Ches_Ao	TTTATGCTCTCTGCTG	SRR11008275	275_TTTATGCTCTCTGCTG	TRUE
Ches_Ao_TTTCCTCGTTCAACCA	Ches_Ao	TTTCCTCGTTCAACCA	SRR11008275	275_TTTCCTCGTTCAACCA	TRUE
Ches_Ao_TTTGCGCAGGCGCTCT	Ches_Ao	TTTGCGCAGGCGCTCT	SRR11008275	275_TTTGCGCAGGCGCTCT	TRUE
Ches_Ao_TTTGGTTTCCATGAAC	Ches_Ao	TTTGGTTTCCATGAAC	SRR11008275	275_TTTGGTTTCCATGAAC	TRUE
Ches_Ao_TTTGGTTTCCCAACGG	Ches_Ao	TTTGGTTTCCCAACGG	SRR11008275	275_TTTGGTTTCCCAACGG	TRUE
Ches_Ao_TTTGGTTTCTCAAGTG	Ches_Ao	TTTGGTTTCTCAAGTG	SRR11008275	275_TTTGGTTTCTCAAGTG	TRUE
Ches_Ao_TTTGTCAGTAAGTGTA	Ches_Ao	TTTGTCAGTAAGTGTA	SRR11008275	275_TTTGTCAGTAAGTGTA	FALSE
Ches_Ao_TTTGTCATCAGCGACC	Ches_Ao	TTTGTCATCAGCGACC	SRR11008275	275_TTTGTCATCAGCGACC	TRUE
Ches_CQ_AAACGGGGTTGTGGCC	Ches_CQ	AAACGGGGTTGTGGCC	SRR11008274	274_AAACGGGGTTGTGGCC	TRUE
Ches_CQ_AAAGCAACACCCTATC	Ches_CQ	AAAGCAACACCCTATC	SRR11008274	274_AAAGCAACACCCTATC	FALSE
Ches_CQ_AAAGTAGAGTGCCAGA	Ches_CQ	AAAGTAGAGTGCCAGA	SRR11008274	274_AAAGTAGAGTGCCAGA	FALSE
Ches_CQ_AACACGTAGCCAGGAT	Ches_CQ	AACACGTAGCCAGGAT	SRR11008274	274_AACACGTAGCCAGGAT	TRUE
Ches_CQ_AACACGTCAAAGGAAG	Ches_CQ	AACACGTCAAAGGAAG	SRR11008274	274_AACACGTCAAAGGAAG	TRUE
Ches_CQ_AACACGTCATGCCCGA	Ches_CQ	AACACGTCATGCCCGA	SRR11008274	274_AACACGTCATGCCCGA	TRUE
Ches_CQ_AACCGCGAGATCACGG	Ches_CQ	AACCGCGAGATCACGG	SRR11008274	274_AACCGCGAGATCACGG	TRUE
Ches_CQ_AACCGCGGTGAAAGAG	Ches_CQ	AACCGCGGTGAAAGAG	SRR11008274	274_AACCGCGGTGAAAGAG	TRUE
Ches_CQ_AACGTTGCAATACGCT	Ches_CQ	AACGTTGCAATACGCT	SRR11008274	274_AACGTTGCAATACGCT	TRUE
Ches_CQ_AACTCAGGTGTTAAGA	Ches_CQ	AACTCAGGTGTTAAGA	SRR11008274	274_AACTCAGGTGTTAAGA	TRUE
Ches_CQ_AACTCTTAGTATTGGA	Ches_CQ	AACTCTTAGTATTGGA	SRR11008274	274_AACTCTTAGTATTGGA	TRUE
Ches_CQ_AACTTTCAGGACAGCT	Ches_CQ	AACTTTCAGGACAGCT	SRR11008274	274_AACTTTCAGGACAGCT	TRUE
Ches_CQ_AACTTTCGTTAGGGTG	Ches_CQ	AACTTTCGTTAGGGTG	SRR11008274	274_AACTTTCGTTAGGGTG	TRUE
Ches_CQ_AAGACCTTCGAACTGT	Ches_CQ	AAGACCTTCGAACTGT	SRR11008274	274_AAGACCTTCGAACTGT	TRUE
Ches_CQ_AAGGAGCAGAATTGTG	Ches_CQ	AAGGAGCAGAATTGTG	SRR11008274	274_AAGGAGCAGAATTGTG	TRUE
Ches_CQ_AAGGCAGCATGGATGG	Ches_CQ	AAGGCAGCATGGATGG	SRR11008274	274_AAGGCAGCATGGATGG	TRUE
Ches_CQ_AATCCAGGTCTCAACA	Ches_CQ	AATCCAGGTCTCAACA	SRR11008274	274_AATCCAGGTCTCAACA	TRUE
Ches_CQ_AATCCAGGTCTCATCC	Ches_CQ	AATCCAGGTCTCATCC	SRR11008274	274_AATCCAGGTCTCATCC	TRUE
Ches_CQ_ACACCAAGTCTCTCGT	Ches_CQ	ACACCAAGTCTCTCGT	SRR11008274	274_ACACCAAGTCTCTCGT	TRUE
Ches_CQ_ACACCCTGTCAGATAA	Ches_CQ	ACACCCTGTCAGATAA	SRR11008274	274_ACACCCTGTCAGATAA	TRUE
Ches_CQ_ACACCGGTCTGCAAGT	Ches_CQ	ACACCGGTCTGCAAGT	SRR11008274	274_ACACCGGTCTGCAAGT	TRUE
Ches_CQ_ACACTGAAGCACAGGT	Ches_CQ	ACACTGAAGCACAGGT	SRR11008274	274_ACACTGAAGCACAGGT	TRUE
Ches_CQ_ACACTGAGTAAACCTC	Ches_CQ	ACACTGAGTAAACCTC	SRR11008274	274_ACACTGAGTAAACCTC	TRUE
Ches_CQ_ACAGCTATCGTGGACC	Ches_CQ	ACAGCTATCGTGGACC	SRR11008274	274_ACAGCTATCGTGGACC	TRUE
Ches_CQ_ACATACGGTTTGTTGG	Ches_CQ	ACATACGGTTTGTTGG	SRR11008274	274_ACATACGGTTTGTTGG	TRUE
Ches_CQ_ACATACGTCATTATCC	Ches_CQ	ACATACGTCATTATCC	SRR11008274	274_ACATACGTCATTATCC	TRUE
Ches_CQ_ACATCAGCAAGTAATG	Ches_CQ	ACATCAGCAAGTAATG	SRR11008274	274_ACATCAGCAAGTAATG	TRUE
Ches_CQ_ACCCACTTCAGCGACC	Ches_CQ	ACCCACTTCAGCGACC	SRR11008274	274_ACCCACTTCAGCGACC	FALSE
Ches_CQ_ACCGTAAGTAGTACCT	Ches_CQ	ACCGTAAGTAGTACCT	SRR11008274	274_ACCGTAAGTAGTACCT	TRUE
Ches_CQ_ACCGTAAGTCTAGCCG	Ches_CQ	ACCGTAAGTCTAGCCG	SRR11008274	274_ACCGTAAGTCTAGCCG	TRUE
Ches_CQ_ACCTTTAAGAGAGCTC	Ches_CQ	ACCTTTAAGAGAGCTC	SRR11008274	274_ACCTTTAAGAGAGCTC	TRUE
Ches_CQ_ACCTTTAAGCCCAACC	Ches_CQ	ACCTTTAAGCCCAACC	SRR11008274	274_ACCTTTAAGCCCAACC	TRUE
Ches_CQ_ACCTTTAAGCTAGTCT	Ches_CQ	ACCTTTAAGCTAGTCT	SRR11008274	274_ACCTTTAAGCTAGTCT	TRUE
Ches_CQ_ACCTTTAAGGTCATCT	Ches_CQ	ACCTTTAAGGTCATCT	SRR11008274	274_ACCTTTAAGGTCATCT	TRUE
Ches_CQ_ACCTTTATCACAGGCC	Ches_CQ	ACCTTTATCACAGGCC	SRR11008274	274_ACCTTTATCACAGGCC	TRUE
Ches_CQ_ACGAGCCCAATAAGCA	Ches_CQ	ACGAGCCCAATAAGCA	SRR11008274	274_ACGAGCCCAATAAGCA	TRUE
Ches_CQ_ACGAGGACAAGACGTG	Ches_CQ	ACGAGGACAAGACGTG	SRR11008274	274_ACGAGGACAAGACGTG	TRUE
Ches_CQ_ACGAGGATCTGAGTGT	Ches_CQ	ACGAGGATCTGAGTGT	SRR11008274	274_ACGAGGATCTGAGTGT	FALSE
Ches_CQ_ACGATGTTCAGTCAGT	Ches_CQ	ACGATGTTCAGTCAGT	SRR11008274	274_ACGATGTTCAGTCAGT	TRUE
Ches_CQ_ACGATGTTCATACGGT	Ches_CQ	ACGATGTTCATACGGT	SRR11008274	274_ACGATGTTCATACGGT	TRUE
Ches_CQ_ACGCAGCAGAGTAAGG	Ches_CQ	ACGCAGCAGAGTAAGG	SRR11008274	274_ACGCAGCAGAGTAAGG	TRUE
Ches_CQ_ACGGAGAAGTGTGGCA	Ches_CQ	ACGGAGAAGTGTGGCA	SRR11008274	274_ACGGAGAAGTGTGGCA	TRUE
Ches_CQ_ACGGAGATCCTGTAGA	Ches_CQ	ACGGAGATCCTGTAGA	SRR11008274	274_ACGGAGATCCTGTAGA	TRUE
Ches_CQ_ACGGAGATCTCCTATA	Ches_CQ	ACGGAGATCTCCTATA	SRR11008274	274_ACGGAGATCTCCTATA	FALSE
Ches_CQ_ACGGAGATCTGAGTGT	Ches_CQ	ACGGAGATCTGAGTGT	SRR11008274	274_ACGGAGATCTGAGTGT	TRUE
Ches_CQ_ACGGCCAAGCGTCAAG	Ches_CQ	ACGGCCAAGCGTCAAG	SRR11008274	274_ACGGCCAAGCGTCAAG	TRUE
Ches_CQ_ACGGGCTCAGGGAGAG	Ches_CQ	ACGGGCTCAGGGAGAG	SRR11008274	274_ACGGGCTCAGGGAGAG	TRUE
Ches_CQ_ACTATCTTCTCGAGTA	Ches_CQ	ACTATCTTCTCGAGTA	SRR11008274	274_ACTATCTTCTCGAGTA	FALSE
Ches_CQ_ACTGAACAGACCGGAT	Ches_CQ	ACTGAACAGACCGGAT	SRR11008274	274_ACTGAACAGACCGGAT	FALSE
Ches_CQ_ACTGAACCACCGTTGG	Ches_CQ	ACTGAACCACCGTTGG	SRR11008274	274_ACTGAACCACCGTTGG	FALSE
Ches_CQ_ACTGAGTCACTCAGGC	Ches_CQ	ACTGAGTCACTCAGGC	SRR11008274	274_ACTGAGTCACTCAGGC	TRUE
Ches_CQ_ACTGATGAGTGGTCCC	Ches_CQ	ACTGATGAGTGGTCCC	SRR11008274	274_ACTGATGAGTGGTCCC	TRUE
Ches_CQ_ACTGATGCATGGGAAC	Ches_CQ	ACTGATGCATGGGAAC	SRR11008274	274_ACTGATGCATGGGAAC	TRUE
Ches_CQ_ACTGTCCCAATAGCGG	Ches_CQ	ACTGTCCCAATAGCGG	SRR11008274	274_ACTGTCCCAATAGCGG	FALSE
Ches_CQ_ACTTACTGTCCGAATT	Ches_CQ	ACTTACTGTCCGAATT	SRR11008274	274_ACTTACTGTCCGAATT	TRUE
Ches_CQ_ACTTGTTAGTAGATGT	Ches_CQ	ACTTGTTAGTAGATGT	SRR11008274	274_ACTTGTTAGTAGATGT	TRUE
Ches_CQ_ACTTTCACAGCATGAG	Ches_CQ	ACTTTCACAGCATGAG	SRR11008274	274_ACTTTCACAGCATGAG	TRUE
Ches_CQ_ACTTTCATCCCTTGCA	Ches_CQ	ACTTTCATCCCTTGCA	SRR11008274	274_ACTTTCATCCCTTGCA	TRUE
Ches_CQ_AGAATAGTCTGATTCT	Ches_CQ	AGAATAGTCTGATTCT	SRR11008274	274_AGAATAGTCTGATTCT	TRUE
Ches_CQ_AGACGTTTCAACTCTT	Ches_CQ	AGACGTTTCAACTCTT	SRR11008274	274_AGACGTTTCAACTCTT	TRUE
Ches_CQ_AGAGCTTCATCGGTTA	Ches_CQ	AGAGCTTCATCGGTTA	SRR11008274	274_AGAGCTTCATCGGTTA	TRUE
Ches_CQ_AGAGTGGAGGAGTTTA	Ches_CQ	AGAGTGGAGGAGTTTA	SRR11008274	274_AGAGTGGAGGAGTTTA	TRUE
Ches_CQ_AGATCTGCAAGAGTCG	Ches_CQ	AGATCTGCAAGAGTCG	SRR11008274	274_AGATCTGCAAGAGTCG	TRUE
Ches_CQ_AGATCTGTCATAAAGG	Ches_CQ	AGATCTGTCATAAAGG	SRR11008274	274_AGATCTGTCATAAAGG	TRUE
Ches_CQ_AGATTGCAGGGATCTG	Ches_CQ	AGATTGCAGGGATCTG	SRR11008274	274_AGATTGCAGGGATCTG	TRUE
Ches_CQ_AGATTGCCAATTGCTG	Ches_CQ	AGATTGCCAATTGCTG	SRR11008274	274_AGATTGCCAATTGCTG	TRUE
Ches_CQ_AGATTGCCAGCTGCTG	Ches_CQ	AGATTGCCAGCTGCTG	SRR11008274	274_AGATTGCCAGCTGCTG	TRUE
Ches_CQ_AGATTGCTCACTTATC	Ches_CQ	AGATTGCTCACTTATC	SRR11008274	274_AGATTGCTCACTTATC	TRUE
Ches_CQ_AGATTGCTCGGTTAAC	Ches_CQ	AGATTGCTCGGTTAAC	SRR11008274	274_AGATTGCTCGGTTAAC	TRUE
Ches_CQ_AGCAGCCTCGCACTCT	Ches_CQ	AGCAGCCTCGCACTCT	SRR11008274	274_AGCAGCCTCGCACTCT	TRUE
Ches_CQ_AGCATACCACCAGGCT	Ches_CQ	AGCATACCACCAGGCT	SRR11008274	274_AGCATACCACCAGGCT	TRUE
Ches_CQ_AGCCTAACAAGCGTAG	Ches_CQ	AGCCTAACAAGCGTAG	SRR11008274	274_AGCCTAACAAGCGTAG	TRUE
Ches_CQ_AGCGTATTCGAGAACG	Ches_CQ	AGCGTATTCGAGAACG	SRR11008274	274_AGCGTATTCGAGAACG	TRUE
Ches_CQ_AGCGTCGGTGATGATA	Ches_CQ	AGCGTCGGTGATGATA	SRR11008274	274_AGCGTCGGTGATGATA	TRUE
Ches_CQ_AGCGTCGTCACAGGCC	Ches_CQ	AGCGTCGTCACAGGCC	SRR11008274	274_AGCGTCGTCACAGGCC	TRUE
Ches_CQ_AGCTCCTAGTCTCGGC	Ches_CQ	AGCTCCTAGTCTCGGC	SRR11008274	274_AGCTCCTAGTCTCGGC	FALSE
Ches_CQ_AGCTCCTTCTACTCAT	Ches_CQ	AGCTCCTTCTACTCAT	SRR11008274	274_AGCTCCTTCTACTCAT	TRUE
Ches_CQ_AGCTTGACAAGTCTGT	Ches_CQ	AGCTTGACAAGTCTGT	SRR11008274	274_AGCTTGACAAGTCTGT	TRUE
Ches_CQ_AGGCCACGTTCGAATC	Ches_CQ	AGGCCACGTTCGAATC	SRR11008274	274_AGGCCACGTTCGAATC	TRUE
Ches_CQ_AGGCCACTCTCCCTGA	Ches_CQ	AGGCCACTCTCCCTGA	SRR11008274	274_AGGCCACTCTCCCTGA	TRUE
Ches_CQ_AGGGAGTAGATCTGAA	Ches_CQ	AGGGAGTAGATCTGAA	SRR11008274	274_AGGGAGTAGATCTGAA	TRUE
Ches_CQ_AGGGATGAGAGAACAG	Ches_CQ	AGGGATGAGAGAACAG	SRR11008274	274_AGGGATGAGAGAACAG	TRUE
Ches_CQ_AGGGTGATCTATGTGG	Ches_CQ	AGGGTGATCTATGTGG	SRR11008274	274_AGGGTGATCTATGTGG	TRUE
Ches_CQ_AGGTCATAGTAGCCGA	Ches_CQ	AGGTCATAGTAGCCGA	SRR11008274	274_AGGTCATAGTAGCCGA	TRUE
Ches_CQ_AGGTCATCATTCTTAC	Ches_CQ	AGGTCATCATTCTTAC	SRR11008274	274_AGGTCATCATTCTTAC	TRUE
Ches_CQ_AGGTCATGTGATGTCT	Ches_CQ	AGGTCATGTGATGTCT	SRR11008274	274_AGGTCATGTGATGTCT	TRUE
Ches_CQ_AGTCTTTTCTGTTGAG	Ches_CQ	AGTCTTTTCTGTTGAG	SRR11008274	274_AGTCTTTTCTGTTGAG	TRUE
Ches_CQ_AGTGAGGCAAGAGGCT	Ches_CQ	AGTGAGGCAAGAGGCT	SRR11008274	274_AGTGAGGCAAGAGGCT	TRUE
Ches_CQ_AGTGAGGGTGCAACTT	Ches_CQ	AGTGAGGGTGCAACTT	SRR11008274	274_AGTGAGGGTGCAACTT	TRUE
Ches_CQ_AGTGGGAAGCCAACAG	Ches_CQ	AGTGGGAAGCCAACAG	SRR11008274	274_AGTGGGAAGCCAACAG	TRUE
Ches_CQ_AGTGGGACACCGCTAG	Ches_CQ	AGTGGGACACCGCTAG	SRR11008274	274_AGTGGGACACCGCTAG	TRUE
Ches_CQ_AGTGGGAGTTAGGGTG	Ches_CQ	AGTGGGAGTTAGGGTG	SRR11008274	274_AGTGGGAGTTAGGGTG	TRUE
Ches_CQ_AGTGGGATCCACGACG	Ches_CQ	AGTGGGATCCACGACG	SRR11008274	274_AGTGGGATCCACGACG	TRUE
Ches_CQ_AGTGTCAGTCGACTGC	Ches_CQ	AGTGTCAGTCGACTGC	SRR11008274	274_AGTGTCAGTCGACTGC	TRUE
Ches_CQ_ATAGACCGTGCACGAA	Ches_CQ	ATAGACCGTGCACGAA	SRR11008274	274_ATAGACCGTGCACGAA	TRUE
Ches_CQ_ATCCACCGTGCACCAC	Ches_CQ	ATCCACCGTGCACCAC	SRR11008274	274_ATCCACCGTGCACCAC	TRUE
Ches_CQ_ATCCGAAAGCACACAG	Ches_CQ	ATCCGAAAGCACACAG	SRR11008274	274_ATCCGAAAGCACACAG	TRUE
Ches_CQ_ATCCGAAAGGGTCTCC	Ches_CQ	ATCCGAAAGGGTCTCC	SRR11008274	274_ATCCGAAAGGGTCTCC	TRUE
Ches_CQ_ATCCGAACATATGAGA	Ches_CQ	ATCCGAACATATGAGA	SRR11008274	274_ATCCGAACATATGAGA	TRUE
Ches_CQ_ATCCGAAGTAGGGACT	Ches_CQ	ATCCGAAGTAGGGACT	SRR11008274	274_ATCCGAAGTAGGGACT	TRUE
Ches_CQ_ATGAGGGAGCTTTGGT	Ches_CQ	ATGAGGGAGCTTTGGT	SRR11008274	274_ATGAGGGAGCTTTGGT	TRUE
Ches_CQ_ATGAGGGTCACTTATC	Ches_CQ	ATGAGGGTCACTTATC	SRR11008274	274_ATGAGGGTCACTTATC	TRUE
Ches_CQ_ATGCGATAGGAATTAC	Ches_CQ	ATGCGATAGGAATTAC	SRR11008274	274_ATGCGATAGGAATTAC	TRUE
Ches_CQ_ATGCGATTCCTTTCTC	Ches_CQ	ATGCGATTCCTTTCTC	SRR11008274	274_ATGCGATTCCTTTCTC	TRUE
Ches_CQ_ATGTGTGCACACCGAC	Ches_CQ	ATGTGTGCACACCGAC	SRR11008274	274_ATGTGTGCACACCGAC	TRUE
Ches_CQ_ATGTGTGGTAAGTAGT	Ches_CQ	ATGTGTGGTAAGTAGT	SRR11008274	274_ATGTGTGGTAAGTAGT	TRUE
Ches_CQ_ATGTGTGTCTGAGGGA	Ches_CQ	ATGTGTGTCTGAGGGA	SRR11008274	274_ATGTGTGTCTGAGGGA	TRUE
Ches_CQ_ATTACTCTCGCCAGCA	Ches_CQ	ATTACTCTCGCCAGCA	SRR11008274	274_ATTACTCTCGCCAGCA	FALSE
Ches_CQ_ATTATCCAGATCTGAA	Ches_CQ	ATTATCCAGATCTGAA	SRR11008274	274_ATTATCCAGATCTGAA	TRUE
Ches_CQ_ATTATCCGTAAACGCG	Ches_CQ	ATTATCCGTAAACGCG	SRR11008274	274_ATTATCCGTAAACGCG	TRUE
Ches_CQ_ATTCTACCACCGAATT	Ches_CQ	ATTCTACCACCGAATT	SRR11008274	274_ATTCTACCACCGAATT	TRUE
Ches_CQ_ATTCTACCATAACCTG	Ches_CQ	ATTCTACCATAACCTG	SRR11008274	274_ATTCTACCATAACCTG	TRUE
Ches_CQ_ATTCTACTCAAGGCTT	Ches_CQ	ATTCTACTCAAGGCTT	SRR11008274	274_ATTCTACTCAAGGCTT	TRUE
Ches_CQ_ATTGGTGCAAAGCAAT	Ches_CQ	ATTGGTGCAAAGCAAT	SRR11008274	274_ATTGGTGCAAAGCAAT	TRUE
Ches_CQ_ATTGGTGGTTGCTCCT	Ches_CQ	ATTGGTGGTTGCTCCT	SRR11008274	274_ATTGGTGGTTGCTCCT	TRUE
Ches_CQ_ATTTCTGGTCGCGTGT	Ches_CQ	ATTTCTGGTCGCGTGT	SRR11008274	274_ATTTCTGGTCGCGTGT	TRUE
Ches_CQ_ATTTCTGTCACGCGGT	Ches_CQ	ATTTCTGTCACGCGGT	SRR11008274	274_ATTTCTGTCACGCGGT	FALSE
Ches_CQ_CAACCAATCTCGATGA	Ches_CQ	CAACCAATCTCGATGA	SRR11008274	274_CAACCAATCTCGATGA	TRUE
Ches_CQ_CAACTAGAGACAAGCC	Ches_CQ	CAACTAGAGACAAGCC	SRR11008274	274_CAACTAGAGACAAGCC	TRUE
Ches_CQ_CAACTAGTCTAGAGTC	Ches_CQ	CAACTAGTCTAGAGTC	SRR11008274	274_CAACTAGTCTAGAGTC	FALSE
Ches_CQ_CAAGAAATCCAGTATG	Ches_CQ	CAAGAAATCCAGTATG	SRR11008274	274_CAAGAAATCCAGTATG	TRUE
Ches_CQ_CAAGATCAGTATGACA	Ches_CQ	CAAGATCAGTATGACA	SRR11008274	274_CAAGATCAGTATGACA	TRUE
Ches_CQ_CAAGATCCACCTTGTC	Ches_CQ	CAAGATCCACCTTGTC	SRR11008274	274_CAAGATCCACCTTGTC	TRUE
Ches_CQ_CAAGATCCACTGTGTA	Ches_CQ	CAAGATCCACTGTGTA	SRR11008274	274_CAAGATCCACTGTGTA	TRUE
Ches_CQ_CAAGATCCAGACGTAG	Ches_CQ	CAAGATCCAGACGTAG	SRR11008274	274_CAAGATCCAGACGTAG	TRUE
Ches_CQ_CAAGGCCAGGATGCGT	Ches_CQ	CAAGGCCAGGATGCGT	SRR11008274	274_CAAGGCCAGGATGCGT	TRUE
Ches_CQ_CAAGGCCAGTCGTTTG	Ches_CQ	CAAGGCCAGTCGTTTG	SRR11008274	274_CAAGGCCAGTCGTTTG	TRUE
Ches_CQ_CAAGGCCGTGTGAATA	Ches_CQ	CAAGGCCGTGTGAATA	SRR11008274	274_CAAGGCCGTGTGAATA	TRUE
Ches_CQ_CAAGGCCTCGGAGCAA	Ches_CQ	CAAGGCCTCGGAGCAA	SRR11008274	274_CAAGGCCTCGGAGCAA	TRUE
Ches_CQ_CAAGTTGAGAGTACAT	Ches_CQ	CAAGTTGAGAGTACAT	SRR11008274	274_CAAGTTGAGAGTACAT	TRUE
Ches_CQ_CAAGTTGGTCGCTTTC	Ches_CQ	CAAGTTGGTCGCTTTC	SRR11008274	274_CAAGTTGGTCGCTTTC	TRUE
Ches_CQ_CAAGTTGTCGCTTGTC	Ches_CQ	CAAGTTGTCGCTTGTC	SRR11008274	274_CAAGTTGTCGCTTGTC	TRUE
Ches_CQ_CAAGTTGTCTGCGACG	Ches_CQ	CAAGTTGTCTGCGACG	SRR11008274	274_CAAGTTGTCTGCGACG	FALSE
Ches_CQ_CACAAACGTTTGACTG	Ches_CQ	CACAAACGTTTGACTG	SRR11008274	274_CACAAACGTTTGACTG	TRUE
Ches_CQ_CACACAATCCATGAGT	Ches_CQ	CACACAATCCATGAGT	SRR11008274	274_CACACAATCCATGAGT	TRUE
Ches_CQ_CACACCTAGGCCATAG	Ches_CQ	CACACCTAGGCCATAG	SRR11008274	274_CACACCTAGGCCATAG	TRUE
Ches_CQ_CACACCTCAAAGGCGT	Ches_CQ	CACACCTCAAAGGCGT	SRR11008274	274_CACACCTCAAAGGCGT	TRUE
Ches_CQ_CACACCTCAGTCAGAG	Ches_CQ	CACACCTCAGTCAGAG	SRR11008274	274_CACACCTCAGTCAGAG	TRUE
Ches_CQ_CACACCTGTATATGAG	Ches_CQ	CACACCTGTATATGAG	SRR11008274	274_CACACCTGTATATGAG	TRUE
Ches_CQ_CACACCTGTGTAATGA	Ches_CQ	CACACCTGTGTAATGA	SRR11008274	274_CACACCTGTGTAATGA	TRUE
Ches_CQ_CACACCTTCACCGGGT	Ches_CQ	CACACCTTCACCGGGT	SRR11008274	274_CACACCTTCACCGGGT	TRUE
Ches_CQ_CACACTCAGCTACCGC	Ches_CQ	CACACTCAGCTACCGC	SRR11008274	274_CACACTCAGCTACCGC	TRUE
Ches_CQ_CACAGGCGTCTTGATG	Ches_CQ	CACAGGCGTCTTGATG	SRR11008274	274_CACAGGCGTCTTGATG	TRUE
Ches_CQ_CACAGTACATATACGC	Ches_CQ	CACAGTACATATACGC	SRR11008274	274_CACAGTACATATACGC	TRUE
Ches_CQ_CACAGTAGTCGACTAT	Ches_CQ	CACAGTAGTCGACTAT	SRR11008274	274_CACAGTAGTCGACTAT	FALSE
Ches_CQ_CACATAGCACATCTTT	Ches_CQ	CACATAGCACATCTTT	SRR11008274	274_CACATAGCACATCTTT	TRUE
Ches_CQ_CACCACTAGAAACGCC	Ches_CQ	CACCACTAGAAACGCC	SRR11008274	274_CACCACTAGAAACGCC	FALSE
Ches_CQ_CACCACTCATTAGGCT	Ches_CQ	CACCACTCATTAGGCT	SRR11008274	274_CACCACTCATTAGGCT	TRUE
Ches_CQ_CACCAGGCATTTGCCC	Ches_CQ	CACCAGGCATTTGCCC	SRR11008274	274_CACCAGGCATTTGCCC	TRUE
Ches_CQ_CAGAATCAGGAGTACC	Ches_CQ	CAGAATCAGGAGTACC	SRR11008274	274_CAGAATCAGGAGTACC	TRUE
Ches_CQ_CAGAATCGTCATCGGC	Ches_CQ	CAGAATCGTCATCGGC	SRR11008274	274_CAGAATCGTCATCGGC	TRUE
Ches_CQ_CAGAGAGTCCACGACG	Ches_CQ	CAGAGAGTCCACGACG	SRR11008274	274_CAGAGAGTCCACGACG	TRUE
Ches_CQ_CAGCAGCAGCAGGTCA	Ches_CQ	CAGCAGCAGCAGGTCA	SRR11008274	274_CAGCAGCAGCAGGTCA	TRUE
Ches_CQ_CAGCAGCGTTGGTAAA	Ches_CQ	CAGCAGCGTTGGTAAA	SRR11008274	274_CAGCAGCGTTGGTAAA	TRUE
Ches_CQ_CAGCATACACTGTGTA	Ches_CQ	CAGCATACACTGTGTA	SRR11008274	274_CAGCATACACTGTGTA	TRUE
Ches_CQ_CAGCATAGTGAAATCA	Ches_CQ	CAGCATAGTGAAATCA	SRR11008274	274_CAGCATAGTGAAATCA	TRUE
Ches_CQ_CAGCCGACATCACAAC	Ches_CQ	CAGCCGACATCACAAC	SRR11008274	274_CAGCCGACATCACAAC	TRUE
Ches_CQ_CAGCCGACATTGGGCC	Ches_CQ	CAGCCGACATTGGGCC	SRR11008274	274_CAGCCGACATTGGGCC	TRUE
Ches_CQ_CAGCGACCACAAGTAA	Ches_CQ	CAGCGACCACAAGTAA	SRR11008274	274_CAGCGACCACAAGTAA	FALSE
Ches_CQ_CAGGTGCAGCAAATCA	Ches_CQ	CAGGTGCAGCAAATCA	SRR11008274	274_CAGGTGCAGCAAATCA	TRUE
Ches_CQ_CATATGGAGGCGATAC	Ches_CQ	CATATGGAGGCGATAC	SRR11008274	274_CATATGGAGGCGATAC	TRUE
Ches_CQ_CATATTCAGTCGCCGT	Ches_CQ	CATATTCAGTCGCCGT	SRR11008274	274_CATATTCAGTCGCCGT	TRUE
Ches_CQ_CATATTCTCGTATCAG	Ches_CQ	CATATTCTCGTATCAG	SRR11008274	274_CATATTCTCGTATCAG	TRUE
Ches_CQ_CATATTCTCTCGAGTA	Ches_CQ	CATATTCTCTCGAGTA	SRR11008274	274_CATATTCTCTCGAGTA	TRUE
Ches_CQ_CATCGAATCATGTCCC	Ches_CQ	CATCGAATCATGTCCC	SRR11008274	274_CATCGAATCATGTCCC	TRUE
Ches_CQ_CATGCCTAGAAGGTTT	Ches_CQ	CATGCCTAGAAGGTTT	SRR11008274	274_CATGCCTAGAAGGTTT	TRUE
Ches_CQ_CATGCCTCAGGACCCT	Ches_CQ	CATGCCTCAGGACCCT	SRR11008274	274_CATGCCTCAGGACCCT	TRUE
Ches_CQ_CATGCCTCAGGCGATA	Ches_CQ	CATGCCTCAGGCGATA	SRR11008274	274_CATGCCTCAGGCGATA	FALSE
Ches_CQ_CATGCCTGTCTAGCCG	Ches_CQ	CATGCCTGTCTAGCCG	SRR11008274	274_CATGCCTGTCTAGCCG	TRUE
Ches_CQ_CATGGCGAGGTGCAAC	Ches_CQ	CATGGCGAGGTGCAAC	SRR11008274	274_CATGGCGAGGTGCAAC	TRUE
Ches_CQ_CATGGCGGTAGGGACT	Ches_CQ	CATGGCGGTAGGGACT	SRR11008274	274_CATGGCGGTAGGGACT	TRUE
Ches_CQ_CATTATCAGAGGTTGC	Ches_CQ	CATTATCAGAGGTTGC	SRR11008274	274_CATTATCAGAGGTTGC	FALSE
Ches_CQ_CATTCGCAGAAGAAGC	Ches_CQ	CATTCGCAGAAGAAGC	SRR11008274	274_CATTCGCAGAAGAAGC	TRUE
Ches_CQ_CATTCGCCACTGTCGG	Ches_CQ	CATTCGCCACTGTCGG	SRR11008274	274_CATTCGCCACTGTCGG	FALSE
Ches_CQ_CATTCGCTCAGGATCT	Ches_CQ	CATTCGCTCAGGATCT	SRR11008274	274_CATTCGCTCAGGATCT	TRUE
Ches_CQ_CATTCGCTCTACCTGC	Ches_CQ	CATTCGCTCTACCTGC	SRR11008274	274_CATTCGCTCTACCTGC	FALSE
Ches_CQ_CCAATCCTCGAATGGG	Ches_CQ	CCAATCCTCGAATGGG	SRR11008274	274_CCAATCCTCGAATGGG	TRUE
Ches_CQ_CCAATCCTCGCAGGCT	Ches_CQ	CCAATCCTCGCAGGCT	SRR11008274	274_CCAATCCTCGCAGGCT	TRUE
Ches_CQ_CCACGGATCGTCACGG	Ches_CQ	CCACGGATCGTCACGG	SRR11008274	274_CCACGGATCGTCACGG	TRUE
Ches_CQ_CCACTACCACAACGTT	Ches_CQ	CCACTACCACAACGTT	SRR11008274	274_CCACTACCACAACGTT	TRUE
Ches_CQ_CCACTACTCAGAAATG	Ches_CQ	CCACTACTCAGAAATG	SRR11008274	274_CCACTACTCAGAAATG	TRUE
Ches_CQ_CCAGCGAGTGATGTGG	Ches_CQ	CCAGCGAGTGATGTGG	SRR11008274	274_CCAGCGAGTGATGTGG	TRUE
Ches_CQ_CCATGTCAGACAAAGG	Ches_CQ	CCATGTCAGACAAAGG	SRR11008274	274_CCATGTCAGACAAAGG	TRUE
Ches_CQ_CCATGTCGTTGACGTT	Ches_CQ	CCATGTCGTTGACGTT	SRR11008274	274_CCATGTCGTTGACGTT	TRUE
Ches_CQ_CCATTCGAGGTGTTAA	Ches_CQ	CCATTCGAGGTGTTAA	SRR11008274	274_CCATTCGAGGTGTTAA	TRUE
Ches_CQ_CCATTCGAGTACGACG	Ches_CQ	CCATTCGAGTACGACG	SRR11008274	274_CCATTCGAGTACGACG	TRUE
Ches_CQ_CCATTCGCATGCCTTC	Ches_CQ	CCATTCGCATGCCTTC	SRR11008274	274_CCATTCGCATGCCTTC	TRUE
Ches_CQ_CCCAATCGTAAAGGAG	Ches_CQ	CCCAATCGTAAAGGAG	SRR11008274	274_CCCAATCGTAAAGGAG	TRUE
Ches_CQ_CCCATACAGCGATATA	Ches_CQ	CCCATACAGCGATATA	SRR11008274	274_CCCATACAGCGATATA	TRUE
Ches_CQ_CCCTCCTCATGCCACG	Ches_CQ	CCCTCCTCATGCCACG	SRR11008274	274_CCCTCCTCATGCCACG	TRUE
Ches_CQ_CCGGGATTCAAGCCTA	Ches_CQ	CCGGGATTCAAGCCTA	SRR11008274	274_CCGGGATTCAAGCCTA	TRUE
Ches_CQ_CCGGTAGAGGGTCTCC	Ches_CQ	CCGGTAGAGGGTCTCC	SRR11008274	274_CCGGTAGAGGGTCTCC	TRUE
Ches_CQ_CCGGTAGTCATTCACT	Ches_CQ	CCGGTAGTCATTCACT	SRR11008274	274_CCGGTAGTCATTCACT	TRUE
Ches_CQ_CCGTTCACATGAGCGA	Ches_CQ	CCGTTCACATGAGCGA	SRR11008274	274_CCGTTCACATGAGCGA	TRUE
Ches_CQ_CCTACACGTCCAACTA	Ches_CQ	CCTACACGTCCAACTA	SRR11008274	274_CCTACACGTCCAACTA	TRUE
Ches_CQ_CCTACCAGTGAGTGAC	Ches_CQ	CCTACCAGTGAGTGAC	SRR11008274	274_CCTACCAGTGAGTGAC	TRUE
Ches_CQ_CCTATTAAGACGACGT	Ches_CQ	CCTATTAAGACGACGT	SRR11008274	274_CCTATTAAGACGACGT	TRUE
Ches_CQ_CCTATTACACGCCAGT	Ches_CQ	CCTATTACACGCCAGT	SRR11008274	274_CCTATTACACGCCAGT	TRUE
Ches_CQ_CCTATTAGTTGAACTC	Ches_CQ	CCTATTAGTTGAACTC	SRR11008274	274_CCTATTAGTTGAACTC	TRUE
Ches_CQ_CCTATTATCATCATTC	Ches_CQ	CCTATTATCATCATTC	SRR11008274	274_CCTATTATCATCATTC	TRUE
Ches_CQ_CCTCTGAAGAGCTATA	Ches_CQ	CCTCTGAAGAGCTATA	SRR11008274	274_CCTCTGAAGAGCTATA	TRUE
Ches_CQ_CCTCTGAAGGCCATAG	Ches_CQ	CCTCTGAAGGCCATAG	SRR11008274	274_CCTCTGAAGGCCATAG	TRUE
Ches_CQ_CCTCTGAAGTTCGCAT	Ches_CQ	CCTCTGAAGTTCGCAT	SRR11008274	274_CCTCTGAAGTTCGCAT	TRUE
Ches_CQ_CCTTACGAGACGCTTT	Ches_CQ	CCTTACGAGACGCTTT	SRR11008274	274_CCTTACGAGACGCTTT	TRUE
Ches_CQ_CCTTACGGTCCAACTA	Ches_CQ	CCTTACGGTCCAACTA	SRR11008274	274_CCTTACGGTCCAACTA	TRUE
Ches_CQ_CCTTCCCAGTAACCCT	Ches_CQ	CCTTCCCAGTAACCCT	SRR11008274	274_CCTTCCCAGTAACCCT	TRUE
Ches_CQ_CCTTCGAAGGCATGTG	Ches_CQ	CCTTCGAAGGCATGTG	SRR11008274	274_CCTTCGAAGGCATGTG	TRUE
Ches_CQ_CCTTTCTAGGGAGTAA	Ches_CQ	CCTTTCTAGGGAGTAA	SRR11008274	274_CCTTTCTAGGGAGTAA	TRUE
Ches_CQ_CCTTTCTGTACATCCA	Ches_CQ	CCTTTCTGTACATCCA	SRR11008274	274_CCTTTCTGTACATCCA	TRUE
Ches_CQ_CGACCTTGTAAACCTC	Ches_CQ	CGACCTTGTAAACCTC	SRR11008274	274_CGACCTTGTAAACCTC	TRUE
Ches_CQ_CGACTTCGTGCCTGGT	Ches_CQ	CGACTTCGTGCCTGGT	SRR11008274	274_CGACTTCGTGCCTGGT	TRUE
Ches_CQ_CGACTTCGTTCAGCGC	Ches_CQ	CGACTTCGTTCAGCGC	SRR11008274	274_CGACTTCGTTCAGCGC	FALSE
Ches_CQ_CGACTTCGTTCTCATT	Ches_CQ	CGACTTCGTTCTCATT	SRR11008274	274_CGACTTCGTTCTCATT	TRUE
Ches_CQ_CGAGAAGAGCACAGGT	Ches_CQ	CGAGAAGAGCACAGGT	SRR11008274	274_CGAGAAGAGCACAGGT	TRUE
Ches_CQ_CGAGAAGCAAGTCATC	Ches_CQ	CGAGAAGCAAGTCATC	SRR11008274	274_CGAGAAGCAAGTCATC	TRUE
Ches_CQ_CGAGAAGGTGCAACTT	Ches_CQ	CGAGAAGGTGCAACTT	SRR11008274	274_CGAGAAGGTGCAACTT	FALSE
Ches_CQ_CGAGCACAGTCTTGCA	Ches_CQ	CGAGCACAGTCTTGCA	SRR11008274	274_CGAGCACAGTCTTGCA	TRUE
Ches_CQ_CGAGCACGTTGGACCC	Ches_CQ	CGAGCACGTTGGACCC	SRR11008274	274_CGAGCACGTTGGACCC	TRUE
Ches_CQ_CGATCGGAGGATGGAA	Ches_CQ	CGATCGGAGGATGGAA	SRR11008274	274_CGATCGGAGGATGGAA	TRUE
Ches_CQ_CGATCGGAGGTGCTAG	Ches_CQ	CGATCGGAGGTGCTAG	SRR11008274	274_CGATCGGAGGTGCTAG	TRUE
Ches_CQ_CGATGTAGTGCACTTA	Ches_CQ	CGATGTAGTGCACTTA	SRR11008274	274_CGATGTAGTGCACTTA	FALSE
Ches_CQ_CGCGTTTCAGGTGCCT	Ches_CQ	CGCGTTTCAGGTGCCT	SRR11008274	274_CGCGTTTCAGGTGCCT	TRUE
Ches_CQ_CGCGTTTGTCCGTTAA	Ches_CQ	CGCGTTTGTCCGTTAA	SRR11008274	274_CGCGTTTGTCCGTTAA	TRUE
Ches_CQ_CGCTGGAGTTCGAATC	Ches_CQ	CGCTGGAGTTCGAATC	SRR11008274	274_CGCTGGAGTTCGAATC	TRUE
Ches_CQ_CGGACGTCAGCTGCTG	Ches_CQ	CGGACGTCAGCTGCTG	SRR11008274	274_CGGACGTCAGCTGCTG	TRUE
Ches_CQ_CGGACGTGTCAGTGGA	Ches_CQ	CGGACGTGTCAGTGGA	SRR11008274	274_CGGACGTGTCAGTGGA	FALSE
Ches_CQ_CGGACGTTCCAGAAGG	Ches_CQ	CGGACGTTCCAGAAGG	SRR11008274	274_CGGACGTTCCAGAAGG	TRUE
Ches_CQ_CGGACTGAGACATAAC	Ches_CQ	CGGACTGAGACATAAC	SRR11008274	274_CGGACTGAGACATAAC	TRUE
Ches_CQ_CGGACTGAGACGCTTT	Ches_CQ	CGGACTGAGACGCTTT	SRR11008274	274_CGGACTGAGACGCTTT	TRUE
Ches_CQ_CGGACTGAGGACACCA	Ches_CQ	CGGACTGAGGACACCA	SRR11008274	274_CGGACTGAGGACACCA	TRUE
Ches_CQ_CGGACTGTCTGAGTGT	Ches_CQ	CGGACTGTCTGAGTGT	SRR11008274	274_CGGACTGTCTGAGTGT	TRUE
Ches_CQ_CGGAGCTCATCGATGT	Ches_CQ	CGGAGCTCATCGATGT	SRR11008274	274_CGGAGCTCATCGATGT	TRUE
Ches_CQ_CGGAGCTCATTAGCCA	Ches_CQ	CGGAGCTCATTAGCCA	SRR11008274	274_CGGAGCTCATTAGCCA	TRUE
Ches_CQ_CGGAGTCAGATCACGG	Ches_CQ	CGGAGTCAGATCACGG	SRR11008274	274_CGGAGTCAGATCACGG	TRUE
Ches_CQ_CGGAGTCTCGTAGGAG	Ches_CQ	CGGAGTCTCGTAGGAG	SRR11008274	274_CGGAGTCTCGTAGGAG	TRUE
Ches_CQ_CGGGTCAGTCCCTTGT	Ches_CQ	CGGGTCAGTCCCTTGT	SRR11008274	274_CGGGTCAGTCCCTTGT	FALSE
Ches_CQ_CGGGTCAGTCTAGCGC	Ches_CQ	CGGGTCAGTCTAGCGC	SRR11008274	274_CGGGTCAGTCTAGCGC	TRUE
Ches_CQ_CGGGTCATCCTTGGTC	Ches_CQ	CGGGTCATCCTTGGTC	SRR11008274	274_CGGGTCATCCTTGGTC	TRUE
Ches_CQ_CGGTTAATCCTTGACC	Ches_CQ	CGGTTAATCCTTGACC	SRR11008274	274_CGGTTAATCCTTGACC	TRUE
Ches_CQ_CGTCAGGCAAGCCGTC	Ches_CQ	CGTCAGGCAAGCCGTC	SRR11008274	274_CGTCAGGCAAGCCGTC	TRUE
Ches_CQ_CGTGAGCAGTCTCGGC	Ches_CQ	CGTGAGCAGTCTCGGC	SRR11008274	274_CGTGAGCAGTCTCGGC	FALSE
Ches_CQ_CGTGAGCAGTGCAAGC	Ches_CQ	CGTGAGCAGTGCAAGC	SRR11008274	274_CGTGAGCAGTGCAAGC	TRUE
Ches_CQ_CGTGTAACAGCCAATT	Ches_CQ	CGTGTAACAGCCAATT	SRR11008274	274_CGTGTAACAGCCAATT	TRUE
Ches_CQ_CGTTAGAGTGACAAAT	Ches_CQ	CGTTAGAGTGACAAAT	SRR11008274	274_CGTTAGAGTGACAAAT	TRUE
Ches_CQ_CGTTCTGGTTCCACGG	Ches_CQ	CGTTCTGGTTCCACGG	SRR11008274	274_CGTTCTGGTTCCACGG	TRUE
Ches_CQ_CGTTCTGTCATTGCGA	Ches_CQ	CGTTCTGTCATTGCGA	SRR11008274	274_CGTTCTGTCATTGCGA	TRUE
Ches_CQ_CGTTCTGTCGTTACGA	Ches_CQ	CGTTCTGTCGTTACGA	SRR11008274	274_CGTTCTGTCGTTACGA	TRUE
Ches_CQ_CGTTGGGAGTGAACAT	Ches_CQ	CGTTGGGAGTGAACAT	SRR11008274	274_CGTTGGGAGTGAACAT	TRUE
Ches_CQ_CGTTGGGGTAGCCTAT	Ches_CQ	CGTTGGGGTAGCCTAT	SRR11008274	274_CGTTGGGGTAGCCTAT	FALSE
Ches_CQ_CGTTGGGTCTTGTACT	Ches_CQ	CGTTGGGTCTTGTACT	SRR11008274	274_CGTTGGGTCTTGTACT	TRUE
Ches_CQ_CTAACTTTCACTATTC	Ches_CQ	CTAACTTTCACTATTC	SRR11008274	274_CTAACTTTCACTATTC	TRUE
Ches_CQ_CTAATGGAGGTTACCT	Ches_CQ	CTAATGGAGGTTACCT	SRR11008274	274_CTAATGGAGGTTACCT	TRUE
Ches_CQ_CTACCCATCTCAACTT	Ches_CQ	CTACCCATCTCAACTT	SRR11008274	274_CTACCCATCTCAACTT	TRUE
Ches_CQ_CTACGTCAGTCATCCA	Ches_CQ	CTACGTCAGTCATCCA	SRR11008274	274_CTACGTCAGTCATCCA	TRUE
Ches_CQ_CTACGTCCACCGATAT	Ches_CQ	CTACGTCCACCGATAT	SRR11008274	274_CTACGTCCACCGATAT	TRUE
Ches_CQ_CTACGTCGTTAGGGTG	Ches_CQ	CTACGTCGTTAGGGTG	SRR11008274	274_CTACGTCGTTAGGGTG	TRUE
Ches_CQ_CTAGTGACATTTGCTT	Ches_CQ	CTAGTGACATTTGCTT	SRR11008274	274_CTAGTGACATTTGCTT	TRUE
Ches_CQ_CTCACACCAGGTCGTC	Ches_CQ	CTCACACCAGGTCGTC	SRR11008274	274_CTCACACCAGGTCGTC	FALSE
Ches_CQ_CTCACACGTCTGCCAG	Ches_CQ	CTCACACGTCTGCCAG	SRR11008274	274_CTCACACGTCTGCCAG	FALSE
Ches_CQ_CTCCTAGTCTTGACGA	Ches_CQ	CTCCTAGTCTTGACGA	SRR11008274	274_CTCCTAGTCTTGACGA	TRUE
Ches_CQ_CTCGAAATCGCCTGTT	Ches_CQ	CTCGAAATCGCCTGTT	SRR11008274	274_CTCGAAATCGCCTGTT	TRUE
Ches_CQ_CTCGGAGCACATTAGC	Ches_CQ	CTCGGAGCACATTAGC	SRR11008274	274_CTCGGAGCACATTAGC	TRUE
Ches_CQ_CTCGGGAGTTTGGGCC	Ches_CQ	CTCGGGAGTTTGGGCC	SRR11008274	274_CTCGGGAGTTTGGGCC	TRUE
Ches_CQ_CTCGTACGTCGGCATC	Ches_CQ	CTCGTACGTCGGCATC	SRR11008274	274_CTCGTACGTCGGCATC	TRUE
Ches_CQ_CTCGTACTCCGCATAA	Ches_CQ	CTCGTACTCCGCATAA	SRR11008274	274_CTCGTACTCCGCATAA	TRUE
Ches_CQ_CTCGTACTCGTAGGTT	Ches_CQ	CTCGTACTCGTAGGTT	SRR11008274	274_CTCGTACTCGTAGGTT	TRUE
Ches_CQ_CTCGTCAAGGCTACGA	Ches_CQ	CTCGTCAAGGCTACGA	SRR11008274	274_CTCGTCAAGGCTACGA	TRUE
Ches_CQ_CTCGTCATCAGCTTAG	Ches_CQ	CTCGTCATCAGCTTAG	SRR11008274	274_CTCGTCATCAGCTTAG	TRUE
Ches_CQ_CTCGTCATCGCTGATA	Ches_CQ	CTCGTCATCGCTGATA	SRR11008274	274_CTCGTCATCGCTGATA	TRUE
Ches_CQ_CTCTACGCAATCAGAA	Ches_CQ	CTCTACGCAATCAGAA	SRR11008274	274_CTCTACGCAATCAGAA	TRUE
Ches_CQ_CTCTGGTGTGAAATCA	Ches_CQ	CTCTGGTGTGAAATCA	SRR11008274	274_CTCTGGTGTGAAATCA	TRUE
Ches_CQ_CTGAAACGTACCGAGA	Ches_CQ	CTGAAACGTACCGAGA	SRR11008274	274_CTGAAACGTACCGAGA	FALSE
Ches_CQ_CTGAAACTCGCACTCT	Ches_CQ	CTGAAACTCGCACTCT	SRR11008274	274_CTGAAACTCGCACTCT	TRUE
Ches_CQ_CTGAAACTCGGTTCGG	Ches_CQ	CTGAAACTCGGTTCGG	SRR11008274	274_CTGAAACTCGGTTCGG	TRUE
Ches_CQ_CTGAAGTAGTAGCGGT	Ches_CQ	CTGAAGTAGTAGCGGT	SRR11008274	274_CTGAAGTAGTAGCGGT	TRUE
Ches_CQ_CTGAAGTGTCATTAGC	Ches_CQ	CTGAAGTGTCATTAGC	SRR11008274	274_CTGAAGTGTCATTAGC	TRUE
Ches_CQ_CTGATAGAGGAGTACC	Ches_CQ	CTGATAGAGGAGTACC	SRR11008274	274_CTGATAGAGGAGTACC	FALSE
Ches_CQ_CTGATAGGTCTTGATG	Ches_CQ	CTGATAGGTCTTGATG	SRR11008274	274_CTGATAGGTCTTGATG	TRUE
Ches_CQ_CTGCCTACACGGTTTA	Ches_CQ	CTGCCTACACGGTTTA	SRR11008274	274_CTGCCTACACGGTTTA	FALSE
Ches_CQ_CTGCCTATCGTTTGCC	Ches_CQ	CTGCCTATCGTTTGCC	SRR11008274	274_CTGCCTATCGTTTGCC	TRUE
Ches_CQ_CTGCCTATCTGCAAGT	Ches_CQ	CTGCCTATCTGCAAGT	SRR11008274	274_CTGCCTATCTGCAAGT	TRUE
Ches_CQ_CTGCGGACACCTCGGA	Ches_CQ	CTGCGGACACCTCGGA	SRR11008274	274_CTGCGGACACCTCGGA	TRUE
Ches_CQ_CTGGTCTAGACTACAA	Ches_CQ	CTGGTCTAGACTACAA	SRR11008274	274_CTGGTCTAGACTACAA	TRUE
Ches_CQ_CTGGTCTGTAAGAGGA	Ches_CQ	CTGGTCTGTAAGAGGA	SRR11008274	274_CTGGTCTGTAAGAGGA	TRUE
Ches_CQ_CTGGTCTGTAGCCTAT	Ches_CQ	CTGGTCTGTAGCCTAT	SRR11008274	274_CTGGTCTGTAGCCTAT	TRUE
Ches_CQ_CTTAACTCATTCTCAT	Ches_CQ	CTTAACTCATTCTCAT	SRR11008274	274_CTTAACTCATTCTCAT	TRUE
Ches_CQ_CTTAACTGTCGCTTCT	Ches_CQ	CTTAACTGTCGCTTCT	SRR11008274	274_CTTAACTGTCGCTTCT	TRUE
Ches_CQ_CTTAACTTCGGAATCT	Ches_CQ	CTTAACTTCGGAATCT	SRR11008274	274_CTTAACTTCGGAATCT	TRUE
Ches_CQ_CTTACCGAGCGTTGCC	Ches_CQ	CTTACCGAGCGTTGCC	SRR11008274	274_CTTACCGAGCGTTGCC	TRUE
Ches_CQ_CTTACCGCAAAGCAAT	Ches_CQ	CTTACCGCAAAGCAAT	SRR11008274	274_CTTACCGCAAAGCAAT	TRUE
Ches_CQ_CTTGGCTAGCGACGTA	Ches_CQ	CTTGGCTAGCGACGTA	SRR11008274	274_CTTGGCTAGCGACGTA	TRUE
Ches_CQ_CTTGGCTAGTGATCGG	Ches_CQ	CTTGGCTAGTGATCGG	SRR11008274	274_CTTGGCTAGTGATCGG	TRUE
Ches_CQ_CTTTGCGAGGGATGGG	Ches_CQ	CTTTGCGAGGGATGGG	SRR11008274	274_CTTTGCGAGGGATGGG	TRUE
Ches_CQ_GAAACTCCAACTGCTA	Ches_CQ	GAAACTCCAACTGCTA	SRR11008274	274_GAAACTCCAACTGCTA	TRUE
Ches_CQ_GAAACTCTCAGGTTCA	Ches_CQ	GAAACTCTCAGGTTCA	SRR11008274	274_GAAACTCTCAGGTTCA	TRUE
Ches_CQ_GAAACTCTCGTACGGC	Ches_CQ	GAAACTCTCGTACGGC	SRR11008274	274_GAAACTCTCGTACGGC	TRUE
Ches_CQ_GAAATGAAGTCCATAC	Ches_CQ	GAAATGAAGTCCATAC	SRR11008274	274_GAAATGAAGTCCATAC	TRUE
Ches_CQ_GAACATCTCACAGGCC	Ches_CQ	GAACATCTCACAGGCC	SRR11008274	274_GAACATCTCACAGGCC	TRUE
Ches_CQ_GAACCTAAGGCTAGCA	Ches_CQ	GAACCTAAGGCTAGCA	SRR11008274	274_GAACCTAAGGCTAGCA	TRUE
Ches_CQ_GAACGGAAGCATCATC	Ches_CQ	GAACGGAAGCATCATC	SRR11008274	274_GAACGGAAGCATCATC	TRUE
Ches_CQ_GAAGCAGAGCTGGAAC	Ches_CQ	GAAGCAGAGCTGGAAC	SRR11008274	274_GAAGCAGAGCTGGAAC	TRUE
Ches_CQ_GAAGCAGCAATAGCAA	Ches_CQ	GAAGCAGCAATAGCAA	SRR11008274	274_GAAGCAGCAATAGCAA	TRUE
Ches_CQ_GAATGAACAGGTCGTC	Ches_CQ	GAATGAACAGGTCGTC	SRR11008274	274_GAATGAACAGGTCGTC	TRUE
Ches_CQ_GACACGCGTGAGGGAG	Ches_CQ	GACACGCGTGAGGGAG	SRR11008274	274_GACACGCGTGAGGGAG	TRUE
Ches_CQ_GACAGAGGTAGCGCTC	Ches_CQ	GACAGAGGTAGCGCTC	SRR11008274	274_GACAGAGGTAGCGCTC	TRUE
Ches_CQ_GACGCGTAGTACACCT	Ches_CQ	GACGCGTAGTACACCT	SRR11008274	274_GACGCGTAGTACACCT	FALSE
Ches_CQ_GACGCGTTCTGCGACG	Ches_CQ	GACGCGTTCTGCGACG	SRR11008274	274_GACGCGTTCTGCGACG	TRUE
Ches_CQ_GACGGCTCAAGCGAGT	Ches_CQ	GACGGCTCAAGCGAGT	SRR11008274	274_GACGGCTCAAGCGAGT	TRUE
Ches_CQ_GACGGCTCACGGATAG	Ches_CQ	GACGGCTCACGGATAG	SRR11008274	274_GACGGCTCACGGATAG	TRUE
Ches_CQ_GACGTGCGTGTGACGA	Ches_CQ	GACGTGCGTGTGACGA	SRR11008274	274_GACGTGCGTGTGACGA	TRUE
Ches_CQ_GACTAACGTCAGAAGC	Ches_CQ	GACTAACGTCAGAAGC	SRR11008274	274_GACTAACGTCAGAAGC	TRUE
Ches_CQ_GACTAACGTTGCGCAC	Ches_CQ	GACTAACGTTGCGCAC	SRR11008274	274_GACTAACGTTGCGCAC	TRUE
Ches_CQ_GACTAACGTTTGGGCC	Ches_CQ	GACTAACGTTTGGGCC	SRR11008274	274_GACTAACGTTTGGGCC	TRUE
Ches_CQ_GACTAACTCTAGAGTC	Ches_CQ	GACTAACTCTAGAGTC	SRR11008274	274_GACTAACTCTAGAGTC	TRUE
Ches_CQ_GACTGCGGTCCTGCTT	Ches_CQ	GACTGCGGTCCTGCTT	SRR11008274	274_GACTGCGGTCCTGCTT	TRUE
Ches_CQ_GAGCAGAAGTCATGCT	Ches_CQ	GAGCAGAAGTCATGCT	SRR11008274	274_GAGCAGAAGTCATGCT	FALSE
Ches_CQ_GAGCAGACAGGGAGAG	Ches_CQ	GAGCAGACAGGGAGAG	SRR11008274	274_GAGCAGACAGGGAGAG	TRUE
Ches_CQ_GAGGTGAAGGCATTGG	Ches_CQ	GAGGTGAAGGCATTGG	SRR11008274	274_GAGGTGAAGGCATTGG	TRUE
Ches_CQ_GAGTCCGAGTACACCT	Ches_CQ	GAGTCCGAGTACACCT	SRR11008274	274_GAGTCCGAGTACACCT	TRUE
Ches_CQ_GATCGATCATCACGAT	Ches_CQ	GATCGATCATCACGAT	SRR11008274	274_GATCGATCATCACGAT	FALSE
Ches_CQ_GATCGCGAGAGACTAT	Ches_CQ	GATCGCGAGAGACTAT	SRR11008274	274_GATCGCGAGAGACTAT	TRUE
Ches_CQ_GATCGCGAGGCAAAGA	Ches_CQ	GATCGCGAGGCAAAGA	SRR11008274	274_GATCGCGAGGCAAAGA	TRUE
Ches_CQ_GATCGCGAGGCATGTG	Ches_CQ	GATCGCGAGGCATGTG	SRR11008274	274_GATCGCGAGGCATGTG	TRUE
Ches_CQ_GATCGCGCATAAAGGT	Ches_CQ	GATCGCGCATAAAGGT	SRR11008274	274_GATCGCGCATAAAGGT	TRUE
Ches_CQ_GATCGTACAGGATTGG	Ches_CQ	GATCGTACAGGATTGG	SRR11008274	274_GATCGTACAGGATTGG	TRUE
Ches_CQ_GATCGTAGTCCAGTGC	Ches_CQ	GATCGTAGTCCAGTGC	SRR11008274	274_GATCGTAGTCCAGTGC	FALSE
Ches_CQ_GATCTAGAGACTTTCG	Ches_CQ	GATCTAGAGACTTTCG	SRR11008274	274_GATCTAGAGACTTTCG	TRUE
Ches_CQ_GATCTAGAGTAGCGGT	Ches_CQ	GATCTAGAGTAGCGGT	SRR11008274	274_GATCTAGAGTAGCGGT	TRUE
Ches_CQ_GATGAAAGTTCCCGAG	Ches_CQ	GATGAAAGTTCCCGAG	SRR11008274	274_GATGAAAGTTCCCGAG	TRUE
Ches_CQ_GATGAAAGTTGACGTT	Ches_CQ	GATGAAAGTTGACGTT	SRR11008274	274_GATGAAAGTTGACGTT	FALSE
Ches_CQ_GATGAGGGTAAGAGAG	Ches_CQ	GATGAGGGTAAGAGAG	SRR11008274	274_GATGAGGGTAAGAGAG	TRUE
Ches_CQ_GATGCTAGTGCTCTTC	Ches_CQ	GATGCTAGTGCTCTTC	SRR11008274	274_GATGCTAGTGCTCTTC	TRUE
Ches_CQ_GATTCAGTCGGCGCTA	Ches_CQ	GATTCAGTCGGCGCTA	SRR11008274	274_GATTCAGTCGGCGCTA	TRUE
Ches_CQ_GCAAACTAGCGATGAC	Ches_CQ	GCAAACTAGCGATGAC	SRR11008274	274_GCAAACTAGCGATGAC	TRUE
Ches_CQ_GCAAACTCATCGATGT	Ches_CQ	GCAAACTCATCGATGT	SRR11008274	274_GCAAACTCATCGATGT	TRUE
Ches_CQ_GCAATCACAGCAGTTT	Ches_CQ	GCAATCACAGCAGTTT	SRR11008274	274_GCAATCACAGCAGTTT	TRUE
Ches_CQ_GCAATCAGTGAGTATA	Ches_CQ	GCAATCAGTGAGTATA	SRR11008274	274_GCAATCAGTGAGTATA	TRUE
Ches_CQ_GCAATCATCAGTTAGC	Ches_CQ	GCAATCATCAGTTAGC	SRR11008274	274_GCAATCATCAGTTAGC	TRUE
Ches_CQ_GCACTCTTCACAACGT	Ches_CQ	GCACTCTTCACAACGT	SRR11008274	274_GCACTCTTCACAACGT	FALSE
Ches_CQ_GCAGCCACACATCCGG	Ches_CQ	GCAGCCACACATCCGG	SRR11008274	274_GCAGCCACACATCCGG	TRUE
Ches_CQ_GCAGCCATCAGTTTGG	Ches_CQ	GCAGCCATCAGTTTGG	SRR11008274	274_GCAGCCATCAGTTTGG	TRUE
Ches_CQ_GCATACACAAATCCGT	Ches_CQ	GCATACACAAATCCGT	SRR11008274	274_GCATACACAAATCCGT	TRUE
Ches_CQ_GCATACACAGGGTATG	Ches_CQ	GCATACACAGGGTATG	SRR11008274	274_GCATACACAGGGTATG	TRUE
Ches_CQ_GCATACAGTGGTCCGT	Ches_CQ	GCATACAGTGGTCCGT	SRR11008274	274_GCATACAGTGGTCCGT	TRUE
Ches_CQ_GCATACATCGCTGATA	Ches_CQ	GCATACATCGCTGATA	SRR11008274	274_GCATACATCGCTGATA	TRUE
Ches_CQ_GCATGATAGTGTACTC	Ches_CQ	GCATGATAGTGTACTC	SRR11008274	274_GCATGATAGTGTACTC	TRUE
Ches_CQ_GCATGATCACCTGGTG	Ches_CQ	GCATGATCACCTGGTG	SRR11008274	274_GCATGATCACCTGGTG	TRUE
Ches_CQ_GCATGATCATGACGGA	Ches_CQ	GCATGATCATGACGGA	SRR11008274	274_GCATGATCATGACGGA	TRUE
Ches_CQ_GCCAAATAGAAGGTGA	Ches_CQ	GCCAAATAGAAGGTGA	SRR11008274	274_GCCAAATAGAAGGTGA	TRUE
Ches_CQ_GCCTCTAAGGTGCTAG	Ches_CQ	GCCTCTAAGGTGCTAG	SRR11008274	274_GCCTCTAAGGTGCTAG	TRUE
Ches_CQ_GCCTCTATCTCGTATT	Ches_CQ	GCCTCTATCTCGTATT	SRR11008274	274_GCCTCTATCTCGTATT	TRUE
Ches_CQ_GCGCAACCAACTGCTA	Ches_CQ	GCGCAACCAACTGCTA	SRR11008274	274_GCGCAACCAACTGCTA	TRUE
Ches_CQ_GCGCAACTCCTCATTA	Ches_CQ	GCGCAACTCCTCATTA	SRR11008274	274_GCGCAACTCCTCATTA	TRUE
Ches_CQ_GCGCCAAAGTCAAGGC	Ches_CQ	GCGCCAAAGTCAAGGC	SRR11008274	274_GCGCCAAAGTCAAGGC	TRUE
Ches_CQ_GCGCGATTCTGGCGTG	Ches_CQ	GCGCGATTCTGGCGTG	SRR11008274	274_GCGCGATTCTGGCGTG	FALSE
Ches_CQ_GCTCCTACATTTGCTT	Ches_CQ	GCTCCTACATTTGCTT	SRR11008274	274_GCTCCTACATTTGCTT	TRUE
Ches_CQ_GCTGCGACATCGTCGG	Ches_CQ	GCTGCGACATCGTCGG	SRR11008274	274_GCTGCGACATCGTCGG	TRUE
Ches_CQ_GCTGCGATCCGTCATC	Ches_CQ	GCTGCGATCCGTCATC	SRR11008274	274_GCTGCGATCCGTCATC	TRUE
Ches_CQ_GCTGCTTAGGGTCTCC	Ches_CQ	GCTGCTTAGGGTCTCC	SRR11008274	274_GCTGCTTAGGGTCTCC	TRUE
Ches_CQ_GCTGCTTCATTCACTT	Ches_CQ	GCTGCTTCATTCACTT	SRR11008274	274_GCTGCTTCATTCACTT	TRUE
Ches_CQ_GCTGGGTTCCCTGACT	Ches_CQ	GCTGGGTTCCCTGACT	SRR11008274	274_GCTGGGTTCCCTGACT	TRUE
Ches_CQ_GCTTCCACACCAGGCT	Ches_CQ	GCTTCCACACCAGGCT	SRR11008274	274_GCTTCCACACCAGGCT	TRUE
Ches_CQ_GCTTCCATCCTAGAAC	Ches_CQ	GCTTCCATCCTAGAAC	SRR11008274	274_GCTTCCATCCTAGAAC	TRUE
Ches_CQ_GCTTCCATCGCATGGC	Ches_CQ	GCTTCCATCGCATGGC	SRR11008274	274_GCTTCCATCGCATGGC	TRUE
Ches_CQ_GGAACTTTCGTTGACA	Ches_CQ	GGAACTTTCGTTGACA	SRR11008274	274_GGAACTTTCGTTGACA	TRUE
Ches_CQ_GGAATAATCCACGTGG	Ches_CQ	GGAATAATCCACGTGG	SRR11008274	274_GGAATAATCCACGTGG	TRUE
Ches_CQ_GGACAAGAGCCCAATT	Ches_CQ	GGACAAGAGCCCAATT	SRR11008274	274_GGACAAGAGCCCAATT	TRUE
Ches_CQ_GGACAAGCATCCTAGA	Ches_CQ	GGACAAGCATCCTAGA	SRR11008274	274_GGACAAGCATCCTAGA	TRUE
Ches_CQ_GGACAGAGTTTCCACC	Ches_CQ	GGACAGAGTTTCCACC	SRR11008274	274_GGACAGAGTTTCCACC	TRUE
Ches_CQ_GGATGTTGTCCATCCT	Ches_CQ	GGATGTTGTCCATCCT	SRR11008274	274_GGATGTTGTCCATCCT	TRUE
Ches_CQ_GGCCGATAGCGATATA	Ches_CQ	GGCCGATAGCGATATA	SRR11008274	274_GGCCGATAGCGATATA	TRUE
Ches_CQ_GGCGTGTCAAGTCTGT	Ches_CQ	GGCGTGTCAAGTCTGT	SRR11008274	274_GGCGTGTCAAGTCTGT	FALSE
Ches_CQ_GGGAATGTCCAGAGGA	Ches_CQ	GGGAATGTCCAGAGGA	SRR11008274	274_GGGAATGTCCAGAGGA	TRUE
Ches_CQ_GGGACCTGTCACTTCC	Ches_CQ	GGGACCTGTCACTTCC	SRR11008274	274_GGGACCTGTCACTTCC	TRUE
Ches_CQ_GGGATGAAGGAGCGAG	Ches_CQ	GGGATGAAGGAGCGAG	SRR11008274	274_GGGATGAAGGAGCGAG	TRUE
Ches_CQ_GGGATGAGTTGAGGTG	Ches_CQ	GGGATGAGTTGAGGTG	SRR11008274	274_GGGATGAGTTGAGGTG	TRUE
Ches_CQ_GGGCATCTCCCAGGTG	Ches_CQ	GGGCATCTCCCAGGTG	SRR11008274	274_GGGCATCTCCCAGGTG	TRUE
Ches_CQ_GGTGTTAAGCTCAACT	Ches_CQ	GGTGTTAAGCTCAACT	SRR11008274	274_GGTGTTAAGCTCAACT	TRUE
Ches_CQ_GGTGTTACACGCCAGT	Ches_CQ	GGTGTTACACGCCAGT	SRR11008274	274_GGTGTTACACGCCAGT	TRUE
Ches_CQ_GGTGTTATCTCGATGA	Ches_CQ	GGTGTTATCTCGATGA	SRR11008274	274_GGTGTTATCTCGATGA	TRUE
Ches_CQ_GTAACTGGTCAGCTAT	Ches_CQ	GTAACTGGTCAGCTAT	SRR11008274	274_GTAACTGGTCAGCTAT	TRUE
Ches_CQ_GTACGTAGTACAGTGG	Ches_CQ	GTACGTAGTACAGTGG	SRR11008274	274_GTACGTAGTACAGTGG	TRUE
Ches_CQ_GTACGTAGTTCGCTAA	Ches_CQ	GTACGTAGTTCGCTAA	SRR11008274	274_GTACGTAGTTCGCTAA	FALSE
Ches_CQ_GTACTCCCAAGCCGTC	Ches_CQ	GTACTCCCAAGCCGTC	SRR11008274	274_GTACTCCCAAGCCGTC	FALSE
Ches_CQ_GTACTTTAGTTAAGTG	Ches_CQ	GTACTTTAGTTAAGTG	SRR11008274	274_GTACTTTAGTTAAGTG	TRUE
Ches_CQ_GTAGGCCGTGGCCCTA	Ches_CQ	GTAGGCCGTGGCCCTA	SRR11008274	274_GTAGGCCGTGGCCCTA	TRUE
Ches_CQ_GTAGTCAAGTGCCATT	Ches_CQ	GTAGTCAAGTGCCATT	SRR11008274	274_GTAGTCAAGTGCCATT	TRUE
Ches_CQ_GTAGTCAGTCCATCCT	Ches_CQ	GTAGTCAGTCCATCCT	SRR11008274	274_GTAGTCAGTCCATCCT	FALSE
Ches_CQ_GTATCTTAGTCCTCCT	Ches_CQ	GTATCTTAGTCCTCCT	SRR11008274	274_GTATCTTAGTCCTCCT	TRUE
Ches_CQ_GTATTCTAGCCCGAAA	Ches_CQ	GTATTCTAGCCCGAAA	SRR11008274	274_GTATTCTAGCCCGAAA	TRUE
Ches_CQ_GTATTCTAGGCATGGT	Ches_CQ	GTATTCTAGGCATGGT	SRR11008274	274_GTATTCTAGGCATGGT	TRUE
Ches_CQ_GTATTCTCATGTCGAT	Ches_CQ	GTATTCTCATGTCGAT	SRR11008274	274_GTATTCTCATGTCGAT	TRUE
Ches_CQ_GTATTCTTCTTGCAAG	Ches_CQ	GTATTCTTCTTGCAAG	SRR11008274	274_GTATTCTTCTTGCAAG	TRUE
Ches_CQ_GTCACAAGTCATCCCT	Ches_CQ	GTCACAAGTCATCCCT	SRR11008274	274_GTCACAAGTCATCCCT	TRUE
Ches_CQ_GTCCTCAGTCCATGAT	Ches_CQ	GTCCTCAGTCCATGAT	SRR11008274	274_GTCCTCAGTCCATGAT	TRUE
Ches_CQ_GTCCTCATCATGCATG	Ches_CQ	GTCCTCATCATGCATG	SRR11008274	274_GTCCTCATCATGCATG	TRUE
Ches_CQ_GTCGGGTAGATCCGAG	Ches_CQ	GTCGGGTAGATCCGAG	SRR11008274	274_GTCGGGTAGATCCGAG	TRUE
Ches_CQ_GTCGTAACACTGTCGG	Ches_CQ	GTCGTAACACTGTCGG	SRR11008274	274_GTCGTAACACTGTCGG	TRUE
Ches_CQ_GTCGTAAGTTTGACTG	Ches_CQ	GTCGTAAGTTTGACTG	SRR11008274	274_GTCGTAAGTTTGACTG	TRUE
Ches_CQ_GTCTTCGAGGTAGCCA	Ches_CQ	GTCTTCGAGGTAGCCA	SRR11008274	274_GTCTTCGAGGTAGCCA	TRUE
Ches_CQ_GTCTTCGAGTAGCGGT	Ches_CQ	GTCTTCGAGTAGCGGT	SRR11008274	274_GTCTTCGAGTAGCGGT	FALSE
Ches_CQ_GTCTTCGTCGTTACGA	Ches_CQ	GTCTTCGTCGTTACGA	SRR11008274	274_GTCTTCGTCGTTACGA	TRUE
Ches_CQ_GTGCAGCAGTGTACGG	Ches_CQ	GTGCAGCAGTGTACGG	SRR11008274	274_GTGCAGCAGTGTACGG	TRUE
Ches_CQ_GTGCGGTGTGCACTTA	Ches_CQ	GTGCGGTGTGCACTTA	SRR11008274	274_GTGCGGTGTGCACTTA	TRUE
Ches_CQ_GTGCTTCGTCCCGACA	Ches_CQ	GTGCTTCGTCCCGACA	SRR11008274	274_GTGCTTCGTCCCGACA	FALSE
Ches_CQ_GTGCTTCTCCTCAACC	Ches_CQ	GTGCTTCTCCTCAACC	SRR11008274	274_GTGCTTCTCCTCAACC	TRUE
Ches_CQ_GTGCTTCTCTGAAAGA	Ches_CQ	GTGCTTCTCTGAAAGA	SRR11008274	274_GTGCTTCTCTGAAAGA	TRUE
Ches_CQ_GTGTGCGCACAAGACG	Ches_CQ	GTGTGCGCACAAGACG	SRR11008274	274_GTGTGCGCACAAGACG	TRUE
Ches_CQ_GTGTTAGAGGCGCTCT	Ches_CQ	GTGTTAGAGGCGCTCT	SRR11008274	274_GTGTTAGAGGCGCTCT	TRUE
Ches_CQ_GTGTTAGCACCAGCAC	Ches_CQ	GTGTTAGCACCAGCAC	SRR11008274	274_GTGTTAGCACCAGCAC	TRUE
Ches_CQ_GTGTTAGTCGCAAACT	Ches_CQ	GTGTTAGTCGCAAACT	SRR11008274	274_GTGTTAGTCGCAAACT	TRUE
Ches_CQ_GTTCGGGAGAGGGATA	Ches_CQ	GTTCGGGAGAGGGATA	SRR11008274	274_GTTCGGGAGAGGGATA	FALSE
Ches_CQ_GTTCTCGAGTGTACTC	Ches_CQ	GTTCTCGAGTGTACTC	SRR11008274	274_GTTCTCGAGTGTACTC	TRUE
Ches_CQ_GTTCTCGCAAGTCTGT	Ches_CQ	GTTCTCGCAAGTCTGT	SRR11008274	274_GTTCTCGCAAGTCTGT	TRUE
Ches_CQ_GTTCTCGGTGTTCTTT	Ches_CQ	GTTCTCGGTGTTCTTT	SRR11008274	274_GTTCTCGGTGTTCTTT	TRUE
Ches_CQ_TAAACCGCAACTGCTA	Ches_CQ	TAAACCGCAACTGCTA	SRR11008274	274_TAAACCGCAACTGCTA	TRUE
Ches_CQ_TACACGACACAGACAG	Ches_CQ	TACACGACACAGACAG	SRR11008274	274_TACACGACACAGACAG	TRUE
Ches_CQ_TACACGACATCCTTGC	Ches_CQ	TACACGACATCCTTGC	SRR11008274	274_TACACGACATCCTTGC	TRUE
Ches_CQ_TACAGTGCATTAACCG	Ches_CQ	TACAGTGCATTAACCG	SRR11008274	274_TACAGTGCATTAACCG	TRUE
Ches_CQ_TACCTATGTCATACTG	Ches_CQ	TACCTATGTCATACTG	SRR11008274	274_TACCTATGTCATACTG	TRUE
Ches_CQ_TACCTTAGTAGCGCAA	Ches_CQ	TACCTTAGTAGCGCAA	SRR11008274	274_TACCTTAGTAGCGCAA	TRUE
Ches_CQ_TACGGATCAATGAAAC	Ches_CQ	TACGGATCAATGAAAC	SRR11008274	274_TACGGATCAATGAAAC	TRUE
Ches_CQ_TACGGGCGTCTCTTAT	Ches_CQ	TACGGGCGTCTCTTAT	SRR11008274	274_TACGGGCGTCTCTTAT	TRUE
Ches_CQ_TACGGTAAGCTCCTCT	Ches_CQ	TACGGTAAGCTCCTCT	SRR11008274	274_TACGGTAAGCTCCTCT	TRUE
Ches_CQ_TACGGTACACTAAGTC	Ches_CQ	TACGGTACACTAAGTC	SRR11008274	274_TACGGTACACTAAGTC	TRUE
Ches_CQ_TACGGTAGTCAACTGT	Ches_CQ	TACGGTAGTCAACTGT	SRR11008274	274_TACGGTAGTCAACTGT	FALSE
Ches_CQ_TACTCATAGGAGTACC	Ches_CQ	TACTCATAGGAGTACC	SRR11008274	274_TACTCATAGGAGTACC	TRUE
Ches_CQ_TACTCATCAATCAGAA	Ches_CQ	TACTCATCAATCAGAA	SRR11008274	274_TACTCATCAATCAGAA	TRUE
Ches_CQ_TACTCGCAGGCAAAGA	Ches_CQ	TACTCGCAGGCAAAGA	SRR11008274	274_TACTCGCAGGCAAAGA	FALSE
Ches_CQ_TACTCGCAGTACACCT	Ches_CQ	TACTCGCAGTACACCT	SRR11008274	274_TACTCGCAGTACACCT	TRUE
Ches_CQ_TAGAGCTAGCGTAGTG	Ches_CQ	TAGAGCTAGCGTAGTG	SRR11008274	274_TAGAGCTAGCGTAGTG	TRUE
Ches_CQ_TAGAGCTCAGACGCTC	Ches_CQ	TAGAGCTCAGACGCTC	SRR11008274	274_TAGAGCTCAGACGCTC	TRUE
Ches_CQ_TAGAGCTCATCGGTTA	Ches_CQ	TAGAGCTCATCGGTTA	SRR11008274	274_TAGAGCTCATCGGTTA	TRUE
Ches_CQ_TAGAGCTTCGTCCAGG	Ches_CQ	TAGAGCTTCGTCCAGG	SRR11008274	274_TAGAGCTTCGTCCAGG	TRUE
Ches_CQ_TAGCCGGCACCCATGG	Ches_CQ	TAGCCGGCACCCATGG	SRR11008274	274_TAGCCGGCACCCATGG	TRUE
Ches_CQ_TAGTTGGGTAAAGTCA	Ches_CQ	TAGTTGGGTAAAGTCA	SRR11008274	274_TAGTTGGGTAAAGTCA	TRUE
Ches_CQ_TATCAGGAGTGAAGTT	Ches_CQ	TATCAGGAGTGAAGTT	SRR11008274	274_TATCAGGAGTGAAGTT	TRUE
Ches_CQ_TATCAGGCAATCCGAT	Ches_CQ	TATCAGGCAATCCGAT	SRR11008274	274_TATCAGGCAATCCGAT	TRUE
Ches_CQ_TATGCCCAGTTTGCGT	Ches_CQ	TATGCCCAGTTTGCGT	SRR11008274	274_TATGCCCAGTTTGCGT	TRUE
Ches_CQ_TATTACCCAAAGTCAA	Ches_CQ	TATTACCCAAAGTCAA	SRR11008274	274_TATTACCCAAAGTCAA	TRUE
Ches_CQ_TATTACCCAGTATAAG	Ches_CQ	TATTACCCAGTATAAG	SRR11008274	274_TATTACCCAGTATAAG	TRUE
Ches_CQ_TATTACCGTGCGAAAC	Ches_CQ	TATTACCGTGCGAAAC	SRR11008274	274_TATTACCGTGCGAAAC	FALSE
Ches_CQ_TCAACGATCGACCAGC	Ches_CQ	TCAACGATCGACCAGC	SRR11008274	274_TCAACGATCGACCAGC	TRUE
Ches_CQ_TCACAAGCAAGGCTCC	Ches_CQ	TCACAAGCAAGGCTCC	SRR11008274	274_TCACAAGCAAGGCTCC	TRUE
Ches_CQ_TCAGATGAGACCTAGG	Ches_CQ	TCAGATGAGACCTAGG	SRR11008274	274_TCAGATGAGACCTAGG	TRUE
Ches_CQ_TCAGATGCAATAGCGG	Ches_CQ	TCAGATGCAATAGCGG	SRR11008274	274_TCAGATGCAATAGCGG	TRUE
Ches_CQ_TCAGCAAGTCCTAGCG	Ches_CQ	TCAGCAAGTCCTAGCG	SRR11008274	274_TCAGCAAGTCCTAGCG	TRUE
Ches_CQ_TCAGCAATCGCTTGTC	Ches_CQ	TCAGCAATCGCTTGTC	SRR11008274	274_TCAGCAATCGCTTGTC	TRUE
Ches_CQ_TCAGCTCTCCTTGCCA	Ches_CQ	TCAGCTCTCCTTGCCA	SRR11008274	274_TCAGCTCTCCTTGCCA	TRUE
Ches_CQ_TCAGGATTCATGCTCC	Ches_CQ	TCAGGATTCATGCTCC	SRR11008274	274_TCAGGATTCATGCTCC	TRUE
Ches_CQ_TCAGGTATCGCACTCT	Ches_CQ	TCAGGTATCGCACTCT	SRR11008274	274_TCAGGTATCGCACTCT	FALSE
Ches_CQ_TCCACACTCAGGCAAG	Ches_CQ	TCCACACTCAGGCAAG	SRR11008274	274_TCCACACTCAGGCAAG	FALSE
Ches_CQ_TCCCGATCACAACTGT	Ches_CQ	TCCCGATCACAACTGT	SRR11008274	274_TCCCGATCACAACTGT	TRUE
Ches_CQ_TCGCGTTTCATGCTCC	Ches_CQ	TCGCGTTTCATGCTCC	SRR11008274	274_TCGCGTTTCATGCTCC	TRUE
Ches_CQ_TCGCGTTTCTTGACGA	Ches_CQ	TCGCGTTTCTTGACGA	SRR11008274	274_TCGCGTTTCTTGACGA	TRUE
Ches_CQ_TCGGGACCACTTACGA	Ches_CQ	TCGGGACCACTTACGA	SRR11008274	274_TCGGGACCACTTACGA	TRUE
Ches_CQ_TCGGGACTCTTGTTTG	Ches_CQ	TCGGGACTCTTGTTTG	SRR11008274	274_TCGGGACTCTTGTTTG	TRUE
Ches_CQ_TCGGTAAAGACAGACC	Ches_CQ	TCGGTAAAGACAGACC	SRR11008274	274_TCGGTAAAGACAGACC	TRUE
Ches_CQ_TCGGTAAGTTGAGGTG	Ches_CQ	TCGGTAAGTTGAGGTG	SRR11008274	274_TCGGTAAGTTGAGGTG	TRUE
Ches_CQ_TCGTACCAGGTAGCTG	Ches_CQ	TCGTACCAGGTAGCTG	SRR11008274	274_TCGTACCAGGTAGCTG	FALSE
Ches_CQ_TCGTACCTCACCGTAA	Ches_CQ	TCGTACCTCACCGTAA	SRR11008274	274_TCGTACCTCACCGTAA	FALSE
Ches_CQ_TCGTACCTCTGGCGAC	Ches_CQ	TCGTACCTCTGGCGAC	SRR11008274	274_TCGTACCTCTGGCGAC	TRUE
Ches_CQ_TCGTAGACACTATCTT	Ches_CQ	TCGTAGACACTATCTT	SRR11008274	274_TCGTAGACACTATCTT	TRUE
Ches_CQ_TCTCATAAGCTAGCCC	Ches_CQ	TCTCATAAGCTAGCCC	SRR11008274	274_TCTCATAAGCTAGCCC	FALSE
Ches_CQ_TCTCATAAGTGGGATC	Ches_CQ	TCTCATAAGTGGGATC	SRR11008274	274_TCTCATAAGTGGGATC	TRUE
Ches_CQ_TCTCATAGTCTTGTCC	Ches_CQ	TCTCATAGTCTTGTCC	SRR11008274	274_TCTCATAGTCTTGTCC	TRUE
Ches_CQ_TCTCTAATCAAAGACA	Ches_CQ	TCTCTAATCAAAGACA	SRR11008274	274_TCTCTAATCAAAGACA	FALSE
Ches_CQ_TCTGAGAAGCGTAATA	Ches_CQ	TCTGAGAAGCGTAATA	SRR11008274	274_TCTGAGAAGCGTAATA	TRUE
Ches_CQ_TCTTCGGTCAGCACAT	Ches_CQ	TCTTCGGTCAGCACAT	SRR11008274	274_TCTTCGGTCAGCACAT	TRUE
Ches_CQ_TGAAAGATCTAACTGG	Ches_CQ	TGAAAGATCTAACTGG	SRR11008274	274_TGAAAGATCTAACTGG	FALSE
Ches_CQ_TGACGGCAGATGCCTT	Ches_CQ	TGACGGCAGATGCCTT	SRR11008274	274_TGACGGCAGATGCCTT	TRUE
Ches_CQ_TGACGGCAGCTGGAAC	Ches_CQ	TGACGGCAGCTGGAAC	SRR11008274	274_TGACGGCAGCTGGAAC	TRUE
Ches_CQ_TGACTAGAGATCCCGC	Ches_CQ	TGACTAGAGATCCCGC	SRR11008274	274_TGACTAGAGATCCCGC	TRUE
Ches_CQ_TGAGAGGAGGTGCAAC	Ches_CQ	TGAGAGGAGGTGCAAC	SRR11008274	274_TGAGAGGAGGTGCAAC	TRUE
Ches_CQ_TGAGAGGGTGCACTTA	Ches_CQ	TGAGAGGGTGCACTTA	SRR11008274	274_TGAGAGGGTGCACTTA	TRUE
Ches_CQ_TGCACCTGTCCGCTGA	Ches_CQ	TGCACCTGTCCGCTGA	SRR11008274	274_TGCACCTGTCCGCTGA	TRUE
Ches_CQ_TGCACCTTCTTCGAGA	Ches_CQ	TGCACCTTCTTCGAGA	SRR11008274	274_TGCACCTTCTTCGAGA	TRUE
Ches_CQ_TGCCAAAAGATGCCAG	Ches_CQ	TGCCAAAAGATGCCAG	SRR11008274	274_TGCCAAAAGATGCCAG	TRUE
Ches_CQ_TGCCAAAGTTACTGAC	Ches_CQ	TGCCAAAGTTACTGAC	SRR11008274	274_TGCCAAAGTTACTGAC	TRUE
Ches_CQ_TGCGGGTGTCACTGGC	Ches_CQ	TGCGGGTGTCACTGGC	SRR11008274	274_TGCGGGTGTCACTGGC	TRUE
Ches_CQ_TGCTACCCAACGATCT	Ches_CQ	TGCTACCCAACGATCT	SRR11008274	274_TGCTACCCAACGATCT	TRUE
Ches_CQ_TGCTACCTCTTATCTG	Ches_CQ	TGCTACCTCTTATCTG	SRR11008274	274_TGCTACCTCTTATCTG	TRUE
Ches_CQ_TGCTGCTAGGCCGAAT	Ches_CQ	TGCTGCTAGGCCGAAT	SRR11008274	274_TGCTGCTAGGCCGAAT	TRUE
Ches_CQ_TGGACGCCACAGGCCT	Ches_CQ	TGGACGCCACAGGCCT	SRR11008274	274_TGGACGCCACAGGCCT	TRUE
Ches_CQ_TGGACGCTCAATACCG	Ches_CQ	TGGACGCTCAATACCG	SRR11008274	274_TGGACGCTCAATACCG	TRUE
Ches_CQ_TGGACGCTCATGTCCC	Ches_CQ	TGGACGCTCATGTCCC	SRR11008274	274_TGGACGCTCATGTCCC	TRUE
Ches_CQ_TGGACGCTCCACGACG	Ches_CQ	TGGACGCTCCACGACG	SRR11008274	274_TGGACGCTCCACGACG	TRUE
Ches_CQ_TGGGAAGAGCCCGAAA	Ches_CQ	TGGGAAGAGCCCGAAA	SRR11008274	274_TGGGAAGAGCCCGAAA	TRUE
Ches_CQ_TGGTTAGTCTGCGTAA	Ches_CQ	TGGTTAGTCTGCGTAA	SRR11008274	274_TGGTTAGTCTGCGTAA	TRUE
Ches_CQ_TGGTTCCCATCTATGG	Ches_CQ	TGGTTCCCATCTATGG	SRR11008274	274_TGGTTCCCATCTATGG	TRUE
Ches_CQ_TGGTTCCGTCCGAAGA	Ches_CQ	TGGTTCCGTCCGAAGA	SRR11008274	274_TGGTTCCGTCCGAAGA	TRUE
Ches_CQ_TGGTTCCGTGCAACGA	Ches_CQ	TGGTTCCGTGCAACGA	SRR11008274	274_TGGTTCCGTGCAACGA	TRUE
Ches_CQ_TGGTTCCTCTGCGGCA	Ches_CQ	TGGTTCCTCTGCGGCA	SRR11008274	274_TGGTTCCTCTGCGGCA	TRUE
Ches_CQ_TGTCCCAGTCGACTAT	Ches_CQ	TGTCCCAGTCGACTAT	SRR11008274	274_TGTCCCAGTCGACTAT	TRUE
Ches_CQ_TTAACTCCATAACCTG	Ches_CQ	TTAACTCCATAACCTG	SRR11008274	274_TTAACTCCATAACCTG	TRUE
Ches_CQ_TTAGGACAGACCTTTG	Ches_CQ	TTAGGACAGACCTTTG	SRR11008274	274_TTAGGACAGACCTTTG	TRUE
Ches_CQ_TTAGGCAGTCGGCACT	Ches_CQ	TTAGGCAGTCGGCACT	SRR11008274	274_TTAGGCAGTCGGCACT	TRUE
Ches_CQ_TTAGTTCCACGCATCG	Ches_CQ	TTAGTTCCACGCATCG	SRR11008274	274_TTAGTTCCACGCATCG	TRUE
Ches_CQ_TTAGTTCCATCAGTAC	Ches_CQ	TTAGTTCCATCAGTAC	SRR11008274	274_TTAGTTCCATCAGTAC	TRUE
Ches_CQ_TTCGAAGTCCCTAATT	Ches_CQ	TTCGAAGTCCCTAATT	SRR11008274	274_TTCGAAGTCCCTAATT	TRUE
Ches_CQ_TTCTACAGTACCATCA	Ches_CQ	TTCTACAGTACCATCA	SRR11008274	274_TTCTACAGTACCATCA	TRUE
Ches_CQ_TTCTCCTCATCTATGG	Ches_CQ	TTCTCCTCATCTATGG	SRR11008274	274_TTCTCCTCATCTATGG	TRUE
Ches_CQ_TTCTCCTTCCGCAAGC	Ches_CQ	TTCTCCTTCCGCAAGC	SRR11008274	274_TTCTCCTTCCGCAAGC	TRUE
Ches_CQ_TTCTTAGCAGCCTTGG	Ches_CQ	TTCTTAGCAGCCTTGG	SRR11008274	274_TTCTTAGCAGCCTTGG	TRUE
Ches_CQ_TTGAACGCACTGTGTA	Ches_CQ	TTGAACGCACTGTGTA	SRR11008274	274_TTGAACGCACTGTGTA	TRUE
Ches_CQ_TTGACTTAGAGGTAGA	Ches_CQ	TTGACTTAGAGGTAGA	SRR11008274	274_TTGACTTAGAGGTAGA	TRUE
Ches_CQ_TTGCCGTTCTCGCATC	Ches_CQ	TTGCCGTTCTCGCATC	SRR11008274	274_TTGCCGTTCTCGCATC	TRUE
Ches_CQ_TTGGAACCAGAGTGTG	Ches_CQ	TTGGAACCAGAGTGTG	SRR11008274	274_TTGGAACCAGAGTGTG	TRUE
Ches_CQ_TTGGAACGTTCCCTTG	Ches_CQ	TTGGAACGTTCCCTTG	SRR11008274	274_TTGGAACGTTCCCTTG	TRUE
Ches_CQ_TTGGAACTCAGCACAT	Ches_CQ	TTGGAACTCAGCACAT	SRR11008274	274_TTGGAACTCAGCACAT	TRUE
Ches_CQ_TTGGCAATCAACACAC	Ches_CQ	TTGGCAATCAACACAC	SRR11008274	274_TTGGCAATCAACACAC	TRUE
Ches_CQ_TTGTAGGAGCGTGAGT	Ches_CQ	TTGTAGGAGCGTGAGT	SRR11008274	274_TTGTAGGAGCGTGAGT	TRUE
Ches_CQ_TTTACTGGTTAAGTAG	Ches_CQ	TTTACTGGTTAAGTAG	SRR11008274	274_TTTACTGGTTAAGTAG	TRUE
Ches_CQ_TTTATGCCAGCGTAAG	Ches_CQ	TTTATGCCAGCGTAAG	SRR11008274	274_TTTATGCCAGCGTAAG	TRUE
Ches_CQ_TTTATGCGTTATTCTC	Ches_CQ	TTTATGCGTTATTCTC	SRR11008274	274_TTTATGCGTTATTCTC	TRUE
Ches_CQ_TTTATGCGTTGTCGCG	Ches_CQ	TTTATGCGTTGTCGCG	SRR11008274	274_TTTATGCGTTGTCGCG	TRUE
Ches_CQ_TTTGCGCAGAAGGTGA	Ches_CQ	TTTGCGCAGAAGGTGA	SRR11008274	274_TTTGCGCAGAAGGTGA	TRUE
Ches_CQ_TTTGCGCCATACCATG	Ches_CQ	TTTGCGCCATACCATG	SRR11008274	274_TTTGCGCCATACCATG	TRUE
Ches_CQ_TTTGGTTGTAGTAGTA	Ches_CQ	TTTGGTTGTAGTAGTA	SRR11008274	274_TTTGGTTGTAGTAGTA	TRUE
Ches_CQ_TTTGGTTGTCAAAGCG	Ches_CQ	TTTGGTTGTCAAAGCG	SRR11008274	274_TTTGGTTGTCAAAGCG	TRUE
Ches_CQ_TTTGGTTGTTGTGGCC	Ches_CQ	TTTGGTTGTTGTGGCC	SRR11008274	274_TTTGGTTGTTGTGGCC	TRUE
Ches_Sa_AAAGATGTCAGCTCGG	Ches_Sa	AAAGATGTCAGCTCGG	SRR11008273	273_AAAGATGTCAGCTCGG	TRUE
Ches_Sa_AAATGCCCAAGTAATG	Ches_Sa	AAATGCCCAAGTAATG	SRR11008273	273_AAATGCCCAAGTAATG	TRUE
Ches_Sa_AACCATGGTCCGAATT	Ches_Sa	AACCATGGTCCGAATT	SRR11008273	273_AACCATGGTCCGAATT	FALSE
Ches_Sa_AACTCTTCACGGTAGA	Ches_Sa	AACTCTTCACGGTAGA	SRR11008273	273_AACTCTTCACGGTAGA	TRUE
Ches_Sa_AACTCTTGTGCAGGTA	Ches_Sa	AACTCTTGTGCAGGTA	SRR11008273	273_AACTCTTGTGCAGGTA	TRUE
Ches_Sa_AAGGAGCCACTAGTAC	Ches_Sa	AAGGAGCCACTAGTAC	SRR11008273	273_AAGGAGCCACTAGTAC	TRUE
Ches_Sa_AAGGAGCTCAGGTAAA	Ches_Sa	AAGGAGCTCAGGTAAA	SRR11008273	273_AAGGAGCTCAGGTAAA	TRUE
Ches_Sa_AAGGCAGTCCGCAAGC	Ches_Sa	AAGGCAGTCCGCAAGC	SRR11008273	273_AAGGCAGTCCGCAAGC	TRUE
Ches_Sa_AAGGTTCAGCTCCTTC	Ches_Sa	AAGGTTCAGCTCCTTC	SRR11008273	273_AAGGTTCAGCTCCTTC	FALSE
Ches_Sa_AAGTCTGTCCCAAGTA	Ches_Sa	AAGTCTGTCCCAAGTA	SRR11008273	273_AAGTCTGTCCCAAGTA	TRUE
Ches_Sa_AATCCAGCAGTATAAG	Ches_Sa	AATCCAGCAGTATAAG	SRR11008273	273_AATCCAGCAGTATAAG	TRUE
Ches_Sa_ACACCGGGTCATTAGC	Ches_Sa	ACACCGGGTCATTAGC	SRR11008273	273_ACACCGGGTCATTAGC	TRUE
Ches_Sa_ACACTGATCAGATAAG	Ches_Sa	ACACTGATCAGATAAG	SRR11008273	273_ACACTGATCAGATAAG	TRUE
Ches_Sa_ACAGCTAGTAGCACGA	Ches_Sa	ACAGCTAGTAGCACGA	SRR11008273	273_ACAGCTAGTAGCACGA	TRUE
Ches_Sa_ACATACGAGCGTAGTG	Ches_Sa	ACATACGAGCGTAGTG	SRR11008273	273_ACATACGAGCGTAGTG	TRUE
Ches_Sa_ACATGGTTCTGGCGTG	Ches_Sa	ACATGGTTCTGGCGTG	SRR11008273	273_ACATGGTTCTGGCGTG	TRUE
Ches_Sa_ACCTTTAAGGTGATAT	Ches_Sa	ACCTTTAAGGTGATAT	SRR11008273	273_ACCTTTAAGGTGATAT	TRUE
Ches_Sa_ACGAGGAAGAGTAAGG	Ches_Sa	ACGAGGAAGAGTAAGG	SRR11008273	273_ACGAGGAAGAGTAAGG	TRUE
Ches_Sa_ACGAGGATCGCTAGCG	Ches_Sa	ACGAGGATCGCTAGCG	SRR11008273	273_ACGAGGATCGCTAGCG	TRUE
Ches_Sa_ACGCAGCAGCAATATG	Ches_Sa	ACGCAGCAGCAATATG	SRR11008273	273_ACGCAGCAGCAATATG	TRUE
Ches_Sa_ACGCCAGAGTGCTGCC	Ches_Sa	ACGCCAGAGTGCTGCC	SRR11008273	273_ACGCCAGAGTGCTGCC	TRUE
Ches_Sa_ACGGGCTGTTCCACGG	Ches_Sa	ACGGGCTGTTCCACGG	SRR11008273	273_ACGGGCTGTTCCACGG	TRUE
Ches_Sa_ACGGGTCAGTGACATA	Ches_Sa	ACGGGTCAGTGACATA	SRR11008273	273_ACGGGTCAGTGACATA	TRUE
Ches_Sa_ACGTCAATCCTATTCA	Ches_Sa	ACGTCAATCCTATTCA	SRR11008273	273_ACGTCAATCCTATTCA	TRUE
Ches_Sa_ACTGAACGTGACTCAT	Ches_Sa	ACTGAACGTGACTCAT	SRR11008273	273_ACTGAACGTGACTCAT	TRUE
Ches_Sa_ACTGAACTCGACCAGC	Ches_Sa	ACTGAACTCGACCAGC	SRR11008273	273_ACTGAACTCGACCAGC	TRUE
Ches_Sa_ACTGAGTGTCTTGATG	Ches_Sa	ACTGAGTGTCTTGATG	SRR11008273	273_ACTGAGTGTCTTGATG	TRUE
Ches_Sa_AGAATAGAGAACTGTA	Ches_Sa	AGAATAGAGAACTGTA	SRR11008273	273_AGAATAGAGAACTGTA	TRUE
Ches_Sa_AGAGCTTCAATGGATA	Ches_Sa	AGAGCTTCAATGGATA	SRR11008273	273_AGAGCTTCAATGGATA	TRUE
Ches_Sa_AGAGTGGAGTATGACA	Ches_Sa	AGAGTGGAGTATGACA	SRR11008273	273_AGAGTGGAGTATGACA	TRUE
Ches_Sa_AGATTGCCAAAGGCGT	Ches_Sa	AGATTGCCAAAGGCGT	SRR11008273	273_AGATTGCCAAAGGCGT	TRUE
Ches_Sa_AGCAGCCGTAGTAGTA	Ches_Sa	AGCAGCCGTAGTAGTA	SRR11008273	273_AGCAGCCGTAGTAGTA	TRUE
Ches_Sa_AGCATACTCTCCTATA	Ches_Sa	AGCATACTCTCCTATA	SRR11008273	273_AGCATACTCTCCTATA	TRUE
Ches_Sa_AGGGATGAGGGAAACA	Ches_Sa	AGGGATGAGGGAAACA	SRR11008273	273_AGGGATGAGGGAAACA	TRUE
Ches_Sa_AGGGTGAAGATATGGT	Ches_Sa	AGGGTGAAGATATGGT	SRR11008273	273_AGGGTGAAGATATGGT	FALSE
Ches_Sa_AGTAGTCAGTACCGGA	Ches_Sa	AGTAGTCAGTACCGGA	SRR11008273	273_AGTAGTCAGTACCGGA	TRUE
Ches_Sa_AGTCTTTTCTGGCGAC	Ches_Sa	AGTCTTTTCTGGCGAC	SRR11008273	273_AGTCTTTTCTGGCGAC	TRUE
Ches_Sa_AGTGGGAAGTCATGCT	Ches_Sa	AGTGGGAAGTCATGCT	SRR11008273	273_AGTGGGAAGTCATGCT	TRUE
Ches_Sa_AGTTGGTGTGTTCTTT	Ches_Sa	AGTTGGTGTGTTCTTT	SRR11008273	273_AGTTGGTGTGTTCTTT	TRUE
Ches_Sa_ATAGACCTCAGAGGTG	Ches_Sa	ATAGACCTCAGAGGTG	SRR11008273	273_ATAGACCTCAGAGGTG	TRUE
Ches_Sa_ATCATCTTCCCTAATT	Ches_Sa	ATCATCTTCCCTAATT	SRR11008273	273_ATCATCTTCCCTAATT	TRUE
Ches_Sa_ATCTGCCTCTCGATGA	Ches_Sa	ATCTGCCTCTCGATGA	SRR11008273	273_ATCTGCCTCTCGATGA	TRUE
Ches_Sa_ATGAGGGAGTTAACGA	Ches_Sa	ATGAGGGAGTTAACGA	SRR11008273	273_ATGAGGGAGTTAACGA	TRUE
Ches_Sa_ATGAGGGGTTTAGCTG	Ches_Sa	ATGAGGGGTTTAGCTG	SRR11008273	273_ATGAGGGGTTTAGCTG	TRUE
Ches_Sa_ATGTGTGGTACAGTTC	Ches_Sa	ATGTGTGGTACAGTTC	SRR11008273	273_ATGTGTGGTACAGTTC	TRUE
Ches_Sa_ATTATCCAGATTACCC	Ches_Sa	ATTATCCAGATTACCC	SRR11008273	273_ATTATCCAGATTACCC	TRUE
Ches_Sa_ATTCTACGTATGCTTG	Ches_Sa	ATTCTACGTATGCTTG	SRR11008273	273_ATTCTACGTATGCTTG	TRUE
Ches_Sa_ATTGGTGCAGTCAGCC	Ches_Sa	ATTGGTGCAGTCAGCC	SRR11008273	273_ATTGGTGCAGTCAGCC	TRUE
Ches_Sa_ATTGGTGGTTCAGCGC	Ches_Sa	ATTGGTGGTTCAGCGC	SRR11008273	273_ATTGGTGGTTCAGCGC	TRUE
Ches_Sa_CAACCTCCAGTACACT	Ches_Sa	CAACCTCCAGTACACT	SRR11008273	273_CAACCTCCAGTACACT	TRUE
Ches_Sa_CAACTAGAGCCAACAG	Ches_Sa	CAACTAGAGCCAACAG	SRR11008273	273_CAACTAGAGCCAACAG	FALSE
Ches_Sa_CAAGGCCAGAAGCCCA	Ches_Sa	CAAGGCCAGAAGCCCA	SRR11008273	273_CAAGGCCAGAAGCCCA	TRUE
Ches_Sa_CAAGGCCGTGCACTTA	Ches_Sa	CAAGGCCGTGCACTTA	SRR11008273	273_CAAGGCCGTGCACTTA	FALSE
Ches_Sa_CAAGTTGAGACCGGAT	Ches_Sa	CAAGTTGAGACCGGAT	SRR11008273	273_CAAGTTGAGACCGGAT	TRUE
Ches_Sa_CAAGTTGAGGCTACGA	Ches_Sa	CAAGTTGAGGCTACGA	SRR11008273	273_CAAGTTGAGGCTACGA	TRUE
Ches_Sa_CACAAACAGTGGAGTC	Ches_Sa	CACAAACAGTGGAGTC	SRR11008273	273_CACAAACAGTGGAGTC	TRUE
Ches_Sa_CACACCTGTGCGGTAA	Ches_Sa	CACACCTGTGCGGTAA	SRR11008273	273_CACACCTGTGCGGTAA	TRUE
Ches_Sa_CACACCTTCAAACAAG	Ches_Sa	CACACCTTCAAACAAG	SRR11008273	273_CACACCTTCAAACAAG	TRUE
Ches_Sa_CACATAGAGGAGTAGA	Ches_Sa	CACATAGAGGAGTAGA	SRR11008273	273_CACATAGAGGAGTAGA	TRUE
Ches_Sa_CACATTTGTAAACACA	Ches_Sa	CACATTTGTAAACACA	SRR11008273	273_CACATTTGTAAACACA	TRUE
Ches_Sa_CACCAGGGTGCTTCTC	Ches_Sa	CACCAGGGTGCTTCTC	SRR11008273	273_CACCAGGGTGCTTCTC	TRUE
Ches_Sa_CACTCCACAGGCAGTA	Ches_Sa	CACTCCACAGGCAGTA	SRR11008273	273_CACTCCACAGGCAGTA	TRUE
Ches_Sa_CAGAGAGTCAGATAAG	Ches_Sa	CAGAGAGTCAGATAAG	SRR11008273	273_CAGAGAGTCAGATAAG	TRUE
Ches_Sa_CAGATCATCCGTCATC	Ches_Sa	CAGATCATCCGTCATC	SRR11008273	273_CAGATCATCCGTCATC	TRUE
Ches_Sa_CAGCAGCCAGTCAGAG	Ches_Sa	CAGCAGCCAGTCAGAG	SRR11008273	273_CAGCAGCCAGTCAGAG	TRUE
Ches_Sa_CAGCTAAGTAGAGCTG	Ches_Sa	CAGCTAAGTAGAGCTG	SRR11008273	273_CAGCTAAGTAGAGCTG	TRUE
Ches_Sa_CATATGGGTGAGGCTA	Ches_Sa	CATATGGGTGAGGCTA	SRR11008273	273_CATATGGGTGAGGCTA	TRUE
Ches_Sa_CATATGGTCGGGAGTA	Ches_Sa	CATATGGTCGGGAGTA	SRR11008273	273_CATATGGTCGGGAGTA	FALSE
Ches_Sa_CATATTCTCGATAGAA	Ches_Sa	CATATTCTCGATAGAA	SRR11008273	273_CATATTCTCGATAGAA	TRUE
Ches_Sa_CATCGAAGTAGCGCAA	Ches_Sa	CATCGAAGTAGCGCAA	SRR11008273	273_CATCGAAGTAGCGCAA	TRUE
Ches_Sa_CATGCCTAGTGTACTC	Ches_Sa	CATGCCTAGTGTACTC	SRR11008273	273_CATGCCTAGTGTACTC	TRUE
Ches_Sa_CATGGCGGTACACCGC	Ches_Sa	CATGGCGGTACACCGC	SRR11008273	273_CATGGCGGTACACCGC	TRUE
Ches_Sa_CATTCGCTCTTGAGGT	Ches_Sa	CATTCGCTCTTGAGGT	SRR11008273	273_CATTCGCTCTTGAGGT	TRUE
Ches_Sa_CCAATCCAGTCGTTTG	Ches_Sa	CCAATCCAGTCGTTTG	SRR11008273	273_CCAATCCAGTCGTTTG	TRUE
Ches_Sa_CCCAATCAGCTAGTTC	Ches_Sa	CCCAATCAGCTAGTTC	SRR11008273	273_CCCAATCAGCTAGTTC	TRUE
Ches_Sa_CCCAATCAGGCCCTCA	Ches_Sa	CCCAATCAGGCCCTCA	SRR11008273	273_CCCAATCAGGCCCTCA	TRUE
Ches_Sa_CCGGGATTCGCCATAA	Ches_Sa	CCGGGATTCGCCATAA	SRR11008273	273_CCGGGATTCGCCATAA	TRUE
Ches_Sa_CCGGTAGCAATGGTCT	Ches_Sa	CCGGTAGCAATGGTCT	SRR11008273	273_CCGGTAGCAATGGTCT	TRUE
Ches_Sa_CCGGTAGTCTCCCTGA	Ches_Sa	CCGGTAGTCTCCCTGA	SRR11008273	273_CCGGTAGTCTCCCTGA	TRUE
Ches_Sa_CCGTGGATCCCTGACT	Ches_Sa	CCGTGGATCCCTGACT	SRR11008273	273_CCGTGGATCCCTGACT	TRUE
Ches_Sa_CCTAAAGAGAAAGTGG	Ches_Sa	CCTAAAGAGAAAGTGG	SRR11008273	273_CCTAAAGAGAAAGTGG	TRUE
Ches_Sa_CCTAAAGTCTTGCCGT	Ches_Sa	CCTAAAGTCTTGCCGT	SRR11008273	273_CCTAAAGTCTTGCCGT	TRUE
Ches_Sa_CCTACACAGTGTTGAA	Ches_Sa	CCTACACAGTGTTGAA	SRR11008273	273_CCTACACAGTGTTGAA	FALSE
Ches_Sa_CCTACCAAGCTATGCT	Ches_Sa	CCTACCAAGCTATGCT	SRR11008273	273_CCTACCAAGCTATGCT	TRUE
Ches_Sa_CCTCAGTGTATTCGTG	Ches_Sa	CCTCAGTGTATTCGTG	SRR11008273	273_CCTCAGTGTATTCGTG	TRUE
Ches_Sa_CCTTACGTCGTTGCCT	Ches_Sa	CCTTACGTCGTTGCCT	SRR11008273	273_CCTTACGTCGTTGCCT	TRUE
Ches_Sa_CCTTCCCAGCTATGCT	Ches_Sa	CCTTCCCAGCTATGCT	SRR11008273	273_CCTTCCCAGCTATGCT	TRUE
Ches_Sa_CGAATGTCAACTTGAC	Ches_Sa	CGAATGTCAACTTGAC	SRR11008273	273_CGAATGTCAACTTGAC	TRUE
Ches_Sa_CGAATGTCACACAGAG	Ches_Sa	CGAATGTCACACAGAG	SRR11008273	273_CGAATGTCACACAGAG	TRUE
Ches_Sa_CGAGCCAGTGTGCCTG	Ches_Sa	CGAGCCAGTGTGCCTG	SRR11008273	273_CGAGCCAGTGTGCCTG	TRUE
Ches_Sa_CGATCGGTCCGTAGGC	Ches_Sa	CGATCGGTCCGTAGGC	SRR11008273	273_CGATCGGTCCGTAGGC	TRUE
Ches_Sa_CGATCGGTCTGCTGCT	Ches_Sa	CGATCGGTCTGCTGCT	SRR11008273	273_CGATCGGTCTGCTGCT	TRUE
Ches_Sa_CGATGTAAGGGATGGG	Ches_Sa	CGATGTAAGGGATGGG	SRR11008273	273_CGATGTAAGGGATGGG	TRUE
Ches_Sa_CGCGGTAAGTACCGGA	Ches_Sa	CGCGGTAAGTACCGGA	SRR11008273	273_CGCGGTAAGTACCGGA	TRUE
Ches_Sa_CGCTGGATCGCCATAA	Ches_Sa	CGCTGGATCGCCATAA	SRR11008273	273_CGCTGGATCGCCATAA	TRUE
Ches_Sa_CGGAGTCGTTTAGGAA	Ches_Sa	CGGAGTCGTTTAGGAA	SRR11008273	273_CGGAGTCGTTTAGGAA	TRUE
Ches_Sa_CGGCTAGCACTCTGTC	Ches_Sa	CGGCTAGCACTCTGTC	SRR11008273	273_CGGCTAGCACTCTGTC	TRUE
Ches_Sa_CGGGTCATCCACGTTC	Ches_Sa	CGGGTCATCCACGTTC	SRR11008273	273_CGGGTCATCCACGTTC	TRUE
Ches_Sa_CGTAGCGAGTTGTCGT	Ches_Sa	CGTAGCGAGTTGTCGT	SRR11008273	273_CGTAGCGAGTTGTCGT	TRUE
Ches_Sa_CGTAGGCGTTATGTGC	Ches_Sa	CGTAGGCGTTATGTGC	SRR11008273	273_CGTAGGCGTTATGTGC	TRUE
Ches_Sa_CGTAGGCTCACGACTA	Ches_Sa	CGTAGGCTCACGACTA	SRR11008273	273_CGTAGGCTCACGACTA	TRUE
Ches_Sa_CGTGAGCCATGCCTAA	Ches_Sa	CGTGAGCCATGCCTAA	SRR11008273	273_CGTGAGCCATGCCTAA	TRUE
Ches_Sa_CGTTAGACAGTCAGCC	Ches_Sa	CGTTAGACAGTCAGCC	SRR11008273	273_CGTTAGACAGTCAGCC	TRUE
Ches_Sa_CGTTAGAGTAAACCTC	Ches_Sa	CGTTAGAGTAAACCTC	SRR11008273	273_CGTTAGAGTAAACCTC	FALSE
Ches_Sa_CGTTCTGAGTCGATAA	Ches_Sa	CGTTCTGAGTCGATAA	SRR11008273	273_CGTTCTGAGTCGATAA	TRUE
Ches_Sa_CTAACTTAGCCCTAAT	Ches_Sa	CTAACTTAGCCCTAAT	SRR11008273	273_CTAACTTAGCCCTAAT	TRUE
Ches_Sa_CTAACTTAGCCTTGAT	Ches_Sa	CTAACTTAGCCTTGAT	SRR11008273	273_CTAACTTAGCCTTGAT	TRUE
Ches_Sa_CTAACTTAGGCATGTG	Ches_Sa	CTAACTTAGGCATGTG	SRR11008273	273_CTAACTTAGGCATGTG	TRUE
Ches_Sa_CTACATTAGCTGATAA	Ches_Sa	CTACATTAGCTGATAA	SRR11008273	273_CTACATTAGCTGATAA	TRUE
Ches_Sa_CTAGAGTTCATCATTC	Ches_Sa	CTAGAGTTCATCATTC	SRR11008273	273_CTAGAGTTCATCATTC	TRUE
Ches_Sa_CTAGCCTGTCAACATC	Ches_Sa	CTAGCCTGTCAACATC	SRR11008273	273_CTAGCCTGTCAACATC	TRUE
Ches_Sa_CTAGTGATCCAGAAGG	Ches_Sa	CTAGTGATCCAGAAGG	SRR11008273	273_CTAGTGATCCAGAAGG	TRUE
Ches_Sa_CTCATTAGTGCACGAA	Ches_Sa	CTCATTAGTGCACGAA	SRR11008273	273_CTCATTAGTGCACGAA	TRUE
Ches_Sa_CTCGGAGTCTCCAACC	Ches_Sa	CTCGGAGTCTCCAACC	SRR11008273	273_CTCGGAGTCTCCAACC	FALSE
Ches_Sa_CTCGTCAAGGAGCGTT	Ches_Sa	CTCGTCAAGGAGCGTT	SRR11008273	273_CTCGTCAAGGAGCGTT	TRUE
Ches_Sa_CTCTAATAGAGTGACC	Ches_Sa	CTCTAATAGAGTGACC	SRR11008273	273_CTCTAATAGAGTGACC	TRUE
Ches_Sa_CTCTAATTCAACACCA	Ches_Sa	CTCTAATTCAACACCA	SRR11008273	273_CTCTAATTCAACACCA	TRUE
Ches_Sa_CTGATAGTCGTTGACA	Ches_Sa	CTGATAGTCGTTGACA	SRR11008273	273_CTGATAGTCGTTGACA	TRUE
Ches_Sa_CTTACCGGTTGGAGGT	Ches_Sa	CTTACCGGTTGGAGGT	SRR11008273	273_CTTACCGGTTGGAGGT	TRUE
Ches_Sa_CTTTGCGCAATAGCAA	Ches_Sa	CTTTGCGCAATAGCAA	SRR11008273	273_CTTTGCGCAATAGCAA	TRUE
Ches_Sa_GAAATGAAGGGCATGT	Ches_Sa	GAAATGAAGGGCATGT	SRR11008273	273_GAAATGAAGGGCATGT	TRUE
Ches_Sa_GAAATGATCCAGAGGA	Ches_Sa	GAAATGATCCAGAGGA	SRR11008273	273_GAAATGATCCAGAGGA	FALSE
Ches_Sa_GAAGCAGAGAGCTTCT	Ches_Sa	GAAGCAGAGAGCTTCT	SRR11008273	273_GAAGCAGAGAGCTTCT	TRUE
Ches_Sa_GAATGAAAGATCCTGT	Ches_Sa	GAATGAAAGATCCTGT	SRR11008273	273_GAATGAAAGATCCTGT	TRUE
Ches_Sa_GAATGAAGTGAAAGAG	Ches_Sa	GAATGAAGTGAAAGAG	SRR11008273	273_GAATGAAGTGAAAGAG	TRUE
Ches_Sa_GACAGAGGTCTAACGT	Ches_Sa	GACAGAGGTCTAACGT	SRR11008273	273_GACAGAGGTCTAACGT	TRUE
Ches_Sa_GACCAATGTTACCGAT	Ches_Sa	GACCAATGTTACCGAT	SRR11008273	273_GACCAATGTTACCGAT	TRUE
Ches_Sa_GACCTGGGTACTTGAC	Ches_Sa	GACCTGGGTACTTGAC	SRR11008273	273_GACCTGGGTACTTGAC	TRUE
Ches_Sa_GACTAACCATCCGGGT	Ches_Sa	GACTAACCATCCGGGT	SRR11008273	273_GACTAACCATCCGGGT	TRUE
Ches_Sa_GACTGCGCACGAGGTA	Ches_Sa	GACTGCGCACGAGGTA	SRR11008273	273_GACTGCGCACGAGGTA	FALSE
Ches_Sa_GAGCAGAGTAACGACG	Ches_Sa	GAGCAGAGTAACGACG	SRR11008273	273_GAGCAGAGTAACGACG	TRUE
Ches_Sa_GATCGTAAGAAAGTGG	Ches_Sa	GATCGTAAGAAAGTGG	SRR11008273	273_GATCGTAAGAAAGTGG	TRUE
Ches_Sa_GATCGTACAGGAATGC	Ches_Sa	GATCGTACAGGAATGC	SRR11008273	273_GATCGTACAGGAATGC	FALSE
Ches_Sa_GATCTAGGTCACTTCC	Ches_Sa	GATCTAGGTCACTTCC	SRR11008273	273_GATCTAGGTCACTTCC	TRUE
Ches_Sa_GATCTAGGTCTAGTCA	Ches_Sa	GATCTAGGTCTAGTCA	SRR11008273	273_GATCTAGGTCTAGTCA	TRUE
Ches_Sa_GATGAGGCATTAGCCA	Ches_Sa	GATGAGGCATTAGCCA	SRR11008273	273_GATGAGGCATTAGCCA	TRUE
Ches_Sa_GATTCAGTCAACACAC	Ches_Sa	GATTCAGTCAACACAC	SRR11008273	273_GATTCAGTCAACACAC	TRUE
Ches_Sa_GCAAACTGTAGAAGGA	Ches_Sa	GCAAACTGTAGAAGGA	SRR11008273	273_GCAAACTGTAGAAGGA	TRUE
Ches_Sa_GCAAACTGTGCAGTAG	Ches_Sa	GCAAACTGTGCAGTAG	SRR11008273	273_GCAAACTGTGCAGTAG	TRUE
Ches_Sa_GCAATCATCACGATGT	Ches_Sa	GCAATCATCACGATGT	SRR11008273	273_GCAATCATCACGATGT	TRUE
Ches_Sa_GCACATACAAGGTTCT	Ches_Sa	GCACATACAAGGTTCT	SRR11008273	273_GCACATACAAGGTTCT	TRUE
Ches_Sa_GCACTCTAGAGGTAGA	Ches_Sa	GCACTCTAGAGGTAGA	SRR11008273	273_GCACTCTAGAGGTAGA	TRUE
Ches_Sa_GCACTCTAGATGTTAG	Ches_Sa	GCACTCTAGATGTTAG	SRR11008273	273_GCACTCTAGATGTTAG	FALSE
Ches_Sa_GCAGTTACAGGCTCAC	Ches_Sa	GCAGTTACAGGCTCAC	SRR11008273	273_GCAGTTACAGGCTCAC	TRUE
Ches_Sa_GCATGATTCCAAAGTC	Ches_Sa	GCATGATTCCAAAGTC	SRR11008273	273_GCATGATTCCAAAGTC	FALSE
Ches_Sa_GCATGCGAGCCCAACC	Ches_Sa	GCATGCGAGCCCAACC	SRR11008273	273_GCATGCGAGCCCAACC	TRUE
Ches_Sa_GCCAAATAGGACGAAA	Ches_Sa	GCCAAATAGGACGAAA	SRR11008273	273_GCCAAATAGGACGAAA	TRUE
Ches_Sa_GCGACCAGTGGCCCTA	Ches_Sa	GCGACCAGTGGCCCTA	SRR11008273	273_GCGACCAGTGGCCCTA	TRUE
Ches_Sa_GCGACCAGTTCCACTC	Ches_Sa	GCGACCAGTTCCACTC	SRR11008273	273_GCGACCAGTTCCACTC	TRUE
Ches_Sa_GCGAGAAAGGGTTTCT	Ches_Sa	GCGAGAAAGGGTTTCT	SRR11008273	273_GCGAGAAAGGGTTTCT	TRUE
Ches_Sa_GCGCCAAGTCTCTTAT	Ches_Sa	GCGCCAAGTCTCTTAT	SRR11008273	273_GCGCCAAGTCTCTTAT	TRUE
Ches_Sa_GCGCGATTCACTGGGC	Ches_Sa	GCGCGATTCACTGGGC	SRR11008273	273_GCGCGATTCACTGGGC	TRUE
Ches_Sa_GCTCTGTAGGGTGTTG	Ches_Sa	GCTCTGTAGGGTGTTG	SRR11008273	273_GCTCTGTAGGGTGTTG	TRUE
Ches_Sa_GCTCTGTGTGCAGACA	Ches_Sa	GCTCTGTGTGCAGACA	SRR11008273	273_GCTCTGTGTGCAGACA	TRUE
Ches_Sa_GCTGCAGCAATCGAAA	Ches_Sa	GCTGCAGCAATCGAAA	SRR11008273	273_GCTGCAGCAATCGAAA	TRUE
Ches_Sa_GCTTGAACAGGGATTG	Ches_Sa	GCTTGAACAGGGATTG	SRR11008273	273_GCTTGAACAGGGATTG	TRUE
Ches_Sa_GGAACTTTCATGCAAC	Ches_Sa	GGAACTTTCATGCAAC	SRR11008273	273_GGAACTTTCATGCAAC	TRUE
Ches_Sa_GGACATTCAAGAGTCG	Ches_Sa	GGACATTCAAGAGTCG	SRR11008273	273_GGACATTCAAGAGTCG	TRUE
Ches_Sa_GGACGTCAGCGCCTCA	Ches_Sa	GGACGTCAGCGCCTCA	SRR11008273	273_GGACGTCAGCGCCTCA	TRUE
Ches_Sa_GGATGTTCACCTTGTC	Ches_Sa	GGATGTTCACCTTGTC	SRR11008273	273_GGATGTTCACCTTGTC	TRUE
Ches_Sa_GGATTACAGTGCTGCC	Ches_Sa	GGATTACAGTGCTGCC	SRR11008273	273_GGATTACAGTGCTGCC	TRUE
Ches_Sa_GGCCGATTCCCTTGCA	Ches_Sa	GGCCGATTCCCTTGCA	SRR11008273	273_GGCCGATTCCCTTGCA	TRUE
Ches_Sa_GGCGACTCAAACTGCT	Ches_Sa	GGCGACTCAAACTGCT	SRR11008273	273_GGCGACTCAAACTGCT	TRUE
Ches_Sa_GGCGTGTAGTGTGAAT	Ches_Sa	GGCGTGTAGTGTGAAT	SRR11008273	273_GGCGTGTAGTGTGAAT	TRUE
Ches_Sa_GGCTCGAGTGTAAGTA	Ches_Sa	GGCTCGAGTGTAAGTA	SRR11008273	273_GGCTCGAGTGTAAGTA	FALSE
Ches_Sa_GGGAATGTCTATGTGG	Ches_Sa	GGGAATGTCTATGTGG	SRR11008273	273_GGGAATGTCTATGTGG	TRUE
Ches_Sa_GGGACCTAGCCCAACC	Ches_Sa	GGGACCTAGCCCAACC	SRR11008273	273_GGGACCTAGCCCAACC	TRUE
Ches_Sa_GGGCACTTCAAGGCTT	Ches_Sa	GGGCACTTCAAGGCTT	SRR11008273	273_GGGCACTTCAAGGCTT	TRUE
Ches_Sa_GGGTCTGCAGAGTGTG	Ches_Sa	GGGTCTGCAGAGTGTG	SRR11008273	273_GGGTCTGCAGAGTGTG	TRUE
Ches_Sa_GGGTCTGGTGACTCAT	Ches_Sa	GGGTCTGGTGACTCAT	SRR11008273	273_GGGTCTGGTGACTCAT	TRUE
Ches_Sa_GGTATTGCAGGCTGAA	Ches_Sa	GGTATTGCAGGCTGAA	SRR11008273	273_GGTATTGCAGGCTGAA	TRUE
Ches_Sa_GGTGCGTGTGTAAGTA	Ches_Sa	GGTGCGTGTGTAAGTA	SRR11008273	273_GGTGCGTGTGTAAGTA	TRUE
Ches_Sa_GGTGTTAGTTTGGGCC	Ches_Sa	GGTGTTAGTTTGGGCC	SRR11008273	273_GGTGTTAGTTTGGGCC	TRUE
Ches_Sa_GTACTTTCAAACGTGG	Ches_Sa	GTACTTTCAAACGTGG	SRR11008273	273_GTACTTTCAAACGTGG	TRUE
Ches_Sa_GTACTTTGTAAGGATT	Ches_Sa	GTACTTTGTAAGGATT	SRR11008273	273_GTACTTTGTAAGGATT	TRUE
Ches_Sa_GTACTTTTCCAAAGTC	Ches_Sa	GTACTTTTCCAAAGTC	SRR11008273	273_GTACTTTTCCAAAGTC	TRUE
Ches_Sa_GTAGGCCTCTTTCCTC	Ches_Sa	GTAGGCCTCTTTCCTC	SRR11008273	273_GTAGGCCTCTTTCCTC	TRUE
Ches_Sa_GTAGTCACACTATCTT	Ches_Sa	GTAGTCACACTATCTT	SRR11008273	273_GTAGTCACACTATCTT	TRUE
Ches_Sa_GTAGTCATCCAGTATG	Ches_Sa	GTAGTCATCCAGTATG	SRR11008273	273_GTAGTCATCCAGTATG	TRUE
Ches_Sa_GTCACAACAGGGATTG	Ches_Sa	GTCACAACAGGGATTG	SRR11008273	273_GTCACAACAGGGATTG	TRUE
Ches_Sa_GTCCTCAGTATAATGG	Ches_Sa	GTCCTCAGTATAATGG	SRR11008273	273_GTCCTCAGTATAATGG	FALSE
Ches_Sa_GTCGGGTGTCAGAATA	Ches_Sa	GTCGGGTGTCAGAATA	SRR11008273	273_GTCGGGTGTCAGAATA	TRUE
Ches_Sa_GTGCAGCAGATCTGAA	Ches_Sa	GTGCAGCAGATCTGAA	SRR11008273	273_GTGCAGCAGATCTGAA	TRUE
Ches_Sa_GTGCATACATGTAGTC	Ches_Sa	GTGCATACATGTAGTC	SRR11008273	273_GTGCATACATGTAGTC	TRUE
Ches_Sa_GTGGGTCAGGTGGGTT	Ches_Sa	GTGGGTCAGGTGGGTT	SRR11008273	273_GTGGGTCAGGTGGGTT	TRUE
Ches_Sa_GTTCATTTCTTGTCAT	Ches_Sa	GTTCATTTCTTGTCAT	SRR11008273	273_GTTCATTTCTTGTCAT	TRUE
Ches_Sa_GTTCGGGCAAAGGTGC	Ches_Sa	GTTCGGGCAAAGGTGC	SRR11008273	273_GTTCGGGCAAAGGTGC	TRUE
Ches_Sa_GTTCTCGAGCGATATA	Ches_Sa	GTTCTCGAGCGATATA	SRR11008273	273_GTTCTCGAGCGATATA	TRUE
Ches_Sa_GTTTCTAGTGGAAAGA	Ches_Sa	GTTTCTAGTGGAAAGA	SRR11008273	273_GTTTCTAGTGGAAAGA	TRUE
Ches_Sa_TAAGCGTTCATTTGGG	Ches_Sa	TAAGCGTTCATTTGGG	SRR11008273	273_TAAGCGTTCATTTGGG	TRUE
Ches_Sa_TACAGTGTCACTCTTA	Ches_Sa	TACAGTGTCACTCTTA	SRR11008273	273_TACAGTGTCACTCTTA	TRUE
Ches_Sa_TACCTATAGCTTCGCG	Ches_Sa	TACCTATAGCTTCGCG	SRR11008273	273_TACCTATAGCTTCGCG	TRUE
Ches_Sa_TACCTATCAGCTCCGA	Ches_Sa	TACCTATCAGCTCCGA	SRR11008273	273_TACCTATCAGCTCCGA	TRUE
Ches_Sa_TACCTTAAGAATCTCC	Ches_Sa	TACCTTAAGAATCTCC	SRR11008273	273_TACCTTAAGAATCTCC	TRUE
Ches_Sa_TACGGATGTGGCGAAT	Ches_Sa	TACGGATGTGGCGAAT	SRR11008273	273_TACGGATGTGGCGAAT	TRUE
Ches_Sa_TACGGGCTCCTCAACC	Ches_Sa	TACGGGCTCCTCAACC	SRR11008273	273_TACGGGCTCCTCAACC	FALSE
Ches_Sa_TACGGTAAGTACCGGA	Ches_Sa	TACGGTAAGTACCGGA	SRR11008273	273_TACGGTAAGTACCGGA	TRUE
Ches_Sa_TACTCATGTACAGTTC	Ches_Sa	TACTCATGTACAGTTC	SRR11008273	273_TACTCATGTACAGTTC	TRUE
Ches_Sa_TACTCATGTCGCCATG	Ches_Sa	TACTCATGTCGCCATG	SRR11008273	273_TACTCATGTCGCCATG	TRUE
Ches_Sa_TACTCGCCATGCTGGC	Ches_Sa	TACTCGCCATGCTGGC	SRR11008273	273_TACTCGCCATGCTGGC	TRUE
Ches_Sa_TAGAGCTCACCATCCT	Ches_Sa	TAGAGCTCACCATCCT	SRR11008273	273_TAGAGCTCACCATCCT	TRUE
Ches_Sa_TAGGCATCATAGTAAG	Ches_Sa	TAGGCATCATAGTAAG	SRR11008273	273_TAGGCATCATAGTAAG	TRUE
Ches_Sa_TAGGCATGTATCGCAT	Ches_Sa	TAGGCATGTATCGCAT	SRR11008273	273_TAGGCATGTATCGCAT	TRUE
Ches_Sa_TATCAGGGTCAGAATA	Ches_Sa	TATCAGGGTCAGAATA	SRR11008273	273_TATCAGGGTCAGAATA	TRUE
Ches_Sa_TATGCCCTCATATCGG	Ches_Sa	TATGCCCTCATATCGG	SRR11008273	273_TATGCCCTCATATCGG	FALSE
Ches_Sa_TATTACCAGCTACCGC	Ches_Sa	TATTACCAGCTACCGC	SRR11008273	273_TATTACCAGCTACCGC	TRUE
Ches_Sa_TCAATCTGTGTCCTCT	Ches_Sa	TCAATCTGTGTCCTCT	SRR11008273	273_TCAATCTGTGTCCTCT	TRUE
Ches_Sa_TCACGAAAGCGCCTTG	Ches_Sa	TCACGAAAGCGCCTTG	SRR11008273	273_TCACGAAAGCGCCTTG	TRUE
Ches_Sa_TCAGCTCAGGGAAACA	Ches_Sa	TCAGCTCAGGGAAACA	SRR11008273	273_TCAGCTCAGGGAAACA	TRUE
Ches_Sa_TCAGGATGTGGCAAAC	Ches_Sa	TCAGGATGTGGCAAAC	SRR11008273	273_TCAGGATGTGGCAAAC	TRUE
Ches_Sa_TCGGGACGTACGCACC	Ches_Sa	TCGGGACGTACGCACC	SRR11008273	273_TCGGGACGTACGCACC	TRUE
Ches_Sa_TCGGTAACATTAGCCA	Ches_Sa	TCGGTAACATTAGCCA	SRR11008273	273_TCGGTAACATTAGCCA	TRUE
Ches_Sa_TCGTACCCAACAACCT	Ches_Sa	TCGTACCCAACAACCT	SRR11008273	273_TCGTACCCAACAACCT	TRUE
Ches_Sa_TCGTACCCAACACCTA	Ches_Sa	TCGTACCCAACACCTA	SRR11008273	273_TCGTACCCAACACCTA	TRUE
Ches_Sa_TCGTACCGTGGCGAAT	Ches_Sa	TCGTACCGTGGCGAAT	SRR11008273	273_TCGTACCGTGGCGAAT	TRUE
Ches_Sa_TCTCATAAGTTACCCA	Ches_Sa	TCTCATAAGTTACCCA	SRR11008273	273_TCTCATAAGTTACCCA	FALSE
Ches_Sa_TCTCTAAGTAGATTAG	Ches_Sa	TCTCTAAGTAGATTAG	SRR11008273	273_TCTCTAAGTAGATTAG	TRUE
Ches_Sa_TCTGAGAGTCACTGGC	Ches_Sa	TCTGAGAGTCACTGGC	SRR11008273	273_TCTGAGAGTCACTGGC	TRUE
Ches_Sa_TGAGAGGAGGGTGTTG	Ches_Sa	TGAGAGGAGGGTGTTG	SRR11008273	273_TGAGAGGAGGGTGTTG	TRUE
Ches_Sa_TGAGCCGTCTAACCGA	Ches_Sa	TGAGCCGTCTAACCGA	SRR11008273	273_TGAGCCGTCTAACCGA	TRUE
Ches_Sa_TGCCCTACAGTTCATG	Ches_Sa	TGCCCTACAGTTCATG	SRR11008273	273_TGCCCTACAGTTCATG	TRUE
Ches_Sa_TGCGCAGAGAAACGAG	Ches_Sa	TGCGCAGAGAAACGAG	SRR11008273	273_TGCGCAGAGAAACGAG	TRUE
Ches_Sa_TGCGCAGCACTTCGAA	Ches_Sa	TGCGCAGCACTTCGAA	SRR11008273	273_TGCGCAGCACTTCGAA	TRUE
Ches_Sa_TGCTGCTCATGGATGG	Ches_Sa	TGCTGCTCATGGATGG	SRR11008273	273_TGCTGCTCATGGATGG	TRUE
Ches_Sa_TGGCCAGCACTGTGTA	Ches_Sa	TGGCCAGCACTGTGTA	SRR11008273	273_TGGCCAGCACTGTGTA	TRUE
Ches_Sa_TGGCCAGGTGCATCTA	Ches_Sa	TGGCCAGGTGCATCTA	SRR11008273	273_TGGCCAGGTGCATCTA	TRUE
Ches_Sa_TGTATTCCATCGGAAG	Ches_Sa	TGTATTCCATCGGAAG	SRR11008273	273_TGTATTCCATCGGAAG	TRUE
Ches_Sa_TGTGTTTTCTTCTGGC	Ches_Sa	TGTGTTTTCTTCTGGC	SRR11008273	273_TGTGTTTTCTTCTGGC	TRUE
Ches_Sa_TTAGGCAAGCCTTGAT	Ches_Sa	TTAGGCAAGCCTTGAT	SRR11008273	273_TTAGGCAAGCCTTGAT	FALSE
Ches_Sa_TTAGGCAGTCATCCCT	Ches_Sa	TTAGGCAGTCATCCCT	SRR11008273	273_TTAGGCAGTCATCCCT	TRUE
Ches_Sa_TTATGCTTCCTTAATC	Ches_Sa	TTATGCTTCCTTAATC	SRR11008273	273_TTATGCTTCCTTAATC	TRUE
Ches_Sa_TTCCCAGTCTTATCTG	Ches_Sa	TTCCCAGTCTTATCTG	SRR11008273	273_TTCCCAGTCTTATCTG	TRUE
Ches_Sa_TTCGAAGAGCACCGCT	Ches_Sa	TTCGAAGAGCACCGCT	SRR11008273	273_TTCGAAGAGCACCGCT	TRUE
Ches_Sa_TTCGGTCTCCAGATCA	Ches_Sa	TTCGGTCTCCAGATCA	SRR11008273	273_TTCGGTCTCCAGATCA	TRUE
Ches_Sa_TTCGGTCTCCTCGCAT	Ches_Sa	TTCGGTCTCCTCGCAT	SRR11008273	273_TTCGGTCTCCTCGCAT	TRUE
Ches_Sa_TTCTCAAAGGACGAAA	Ches_Sa	TTCTCAAAGGACGAAA	SRR11008273	273_TTCTCAAAGGACGAAA	TRUE
Ches_Sa_TTCTTAGGTGCTAGCC	Ches_Sa	TTCTTAGGTGCTAGCC	SRR11008273	273_TTCTTAGGTGCTAGCC	TRUE
Ches_Sa_TTCTTAGTCACCGGGT	Ches_Sa	TTCTTAGTCACCGGGT	SRR11008273	273_TTCTTAGTCACCGGGT	TRUE
Ches_Sa_TTGAACGAGACCCACC	Ches_Sa	TTGAACGAGACCCACC	SRR11008273	273_TTGAACGAGACCCACC	TRUE
Ches_Sa_TTGAACGTCATGTCCC	Ches_Sa	TTGAACGTCATGTCCC	SRR11008273	273_TTGAACGTCATGTCCC	FALSE
Ches_Sa_TTGAACGTCTGGCGTG	Ches_Sa	TTGAACGTCTGGCGTG	SRR11008273	273_TTGAACGTCTGGCGTG	TRUE
Ches_Sa_TTGCCGTAGAAGAAGC	Ches_Sa	TTGCCGTAGAAGAAGC	SRR11008273	273_TTGCCGTAGAAGAAGC	TRUE
Ches_Sa_TTGCCGTTCTTCTGGC	Ches_Sa	TTGCCGTTCTTCTGGC	SRR11008273	273_TTGCCGTTCTTCTGGC	TRUE
Ches_Sa_TTGCGTCCAACGCACC	Ches_Sa	TTGCGTCCAACGCACC	SRR11008273	273_TTGCGTCCAACGCACC	TRUE
Ches_Sa_TTGGAACGTTAAGACA	Ches_Sa	TTGGAACGTTAAGACA	SRR11008273	273_TTGGAACGTTAAGACA	TRUE
Ches_Sa_TTGGAACTCTGTCAAG	Ches_Sa	TTGGAACTCTGTCAAG	SRR11008273	273_TTGGAACTCTGTCAAG	TRUE
Ches_Sa_TTGGCAACACATAACC	Ches_Sa	TTGGCAACACATAACC	SRR11008273	273_TTGGCAACACATAACC	TRUE
Ches_Sa_TTTACTGTCCGTACAA	Ches_Sa	TTTACTGTCCGTACAA	SRR11008273	273_TTTACTGTCCGTACAA	TRUE
Ches_Sa_TTTGTCATCTTAGAGC	Ches_Sa	TTTGTCATCTTAGAGC	SRR11008273	273_TTTGTCATCTTAGAGC	TRUE
NIH_Ao_AAACCTGCACGACTCG	NIH_Ao	AAACCTGCACGACTCG	SRR11008271	271_AAACCTGCACGACTCG	TRUE
NIH_Ao_AAACCTGGTCGACTGC	NIH_Ao	AAACCTGGTCGACTGC	SRR11008271	271_AAACCTGGTCGACTGC	TRUE
NIH_Ao_AAACCTGGTCTTCAAG	NIH_Ao	AAACCTGGTCTTCAAG	SRR11008271	271_AAACCTGGTCTTCAAG	TRUE
NIH_Ao_AAACCTGTCTTGAGAC	NIH_Ao	AAACCTGTCTTGAGAC	SRR11008271	271_AAACCTGTCTTGAGAC	TRUE
NIH_Ao_AAACGGGCAAACCCAT	NIH_Ao	AAACGGGCAAACCCAT	SRR11008271	271_AAACGGGCAAACCCAT	TRUE
NIH_Ao_AAACGGGCAACACGCC	NIH_Ao	AAACGGGCAACACGCC	SRR11008271	271_AAACGGGCAACACGCC	FALSE
NIH_Ao_AAACGGGCACCAGTTA	NIH_Ao	AAACGGGCACCAGTTA	SRR11008271	271_AAACGGGCACCAGTTA	TRUE
NIH_Ao_AAACGGGCAGCCACCA	NIH_Ao	AAACGGGCAGCCACCA	SRR11008271	271_AAACGGGCAGCCACCA	TRUE
NIH_Ao_AAACGGGGTTTAGCTG	NIH_Ao	AAACGGGGTTTAGCTG	SRR11008271	271_AAACGGGGTTTAGCTG	TRUE
NIH_Ao_AAACGGGTCATGGTCA	NIH_Ao	AAACGGGTCATGGTCA	SRR11008271	271_AAACGGGTCATGGTCA	TRUE
NIH_Ao_AAAGATGAGCAGCGTA	NIH_Ao	AAAGATGAGCAGCGTA	SRR11008271	271_AAAGATGAGCAGCGTA	FALSE
NIH_Ao_AAAGATGAGGATCGCA	NIH_Ao	AAAGATGAGGATCGCA	SRR11008271	271_AAAGATGAGGATCGCA	TRUE
NIH_Ao_AAAGATGCATACAGCT	NIH_Ao	AAAGATGCATACAGCT	SRR11008271	271_AAAGATGCATACAGCT	TRUE
NIH_Ao_AAAGATGGTCCAGTGC	NIH_Ao	AAAGATGGTCCAGTGC	SRR11008271	271_AAAGATGGTCCAGTGC	TRUE
NIH_Ao_AAAGATGTCAGCAACT	NIH_Ao	AAAGATGTCAGCAACT	SRR11008271	271_AAAGATGTCAGCAACT	TRUE
NIH_Ao_AAAGATGTCCATGAAC	NIH_Ao	AAAGATGTCCATGAAC	SRR11008271	271_AAAGATGTCCATGAAC	TRUE
NIH_Ao_AAAGATGTCTTGCAAG	NIH_Ao	AAAGATGTCTTGCAAG	SRR11008271	271_AAAGATGTCTTGCAAG	TRUE
NIH_Ao_AAAGCAACAATGGATA	NIH_Ao	AAAGCAACAATGGATA	SRR11008271	271_AAAGCAACAATGGATA	TRUE
NIH_Ao_AAAGCAACATGAGCGA	NIH_Ao	AAAGCAACATGAGCGA	SRR11008271	271_AAAGCAACATGAGCGA	TRUE
NIH_Ao_AAAGTAGAGAACTCGG	NIH_Ao	AAAGTAGAGAACTCGG	SRR11008271	271_AAAGTAGAGAACTCGG	TRUE
NIH_Ao_AAAGTAGAGGAGCGAG	NIH_Ao	AAAGTAGAGGAGCGAG	SRR11008271	271_AAAGTAGAGGAGCGAG	TRUE
NIH_Ao_AAAGTAGCAATGGTCT	NIH_Ao	AAAGTAGCAATGGTCT	SRR11008271	271_AAAGTAGCAATGGTCT	TRUE
NIH_Ao_AAAGTAGGTTATCGGT	NIH_Ao	AAAGTAGGTTATCGGT	SRR11008271	271_AAAGTAGGTTATCGGT	TRUE
NIH_Ao_AAAGTAGGTTGACGTT	NIH_Ao	AAAGTAGGTTGACGTT	SRR11008271	271_AAAGTAGGTTGACGTT	TRUE
NIH_Ao_AAAGTAGTCCTTGGTC	NIH_Ao	AAAGTAGTCCTTGGTC	SRR11008271	271_AAAGTAGTCCTTGGTC	TRUE
NIH_Ao_AAATGCCGTGACGCCT	NIH_Ao	AAATGCCGTGACGCCT	SRR11008271	271_AAATGCCGTGACGCCT	TRUE
NIH_Ao_AACACGTAGATGGGTC	NIH_Ao	AACACGTAGATGGGTC	SRR11008271	271_AACACGTAGATGGGTC	TRUE
NIH_Ao_AACACGTAGCGATAGC	NIH_Ao	AACACGTAGCGATAGC	SRR11008271	271_AACACGTAGCGATAGC	TRUE
NIH_Ao_AACACGTCAATAGAGT	NIH_Ao	AACACGTCAATAGAGT	SRR11008271	271_AACACGTCAATAGAGT	TRUE
NIH_Ao_AACACGTGTGATGCCC	NIH_Ao	AACACGTGTGATGCCC	SRR11008271	271_AACACGTGTGATGCCC	TRUE
NIH_Ao_AACACGTGTTTGACAC	NIH_Ao	AACACGTGTTTGACAC	SRR11008271	271_AACACGTGTTTGACAC	TRUE
NIH_Ao_AACACGTTCATGGTCA	NIH_Ao	AACACGTTCATGGTCA	SRR11008271	271_AACACGTTCATGGTCA	TRUE
NIH_Ao_AACCATGAGCGTCAAG	NIH_Ao	AACCATGAGCGTCAAG	SRR11008271	271_AACCATGAGCGTCAAG	TRUE
NIH_Ao_AACCATGAGTCCTCCT	NIH_Ao	AACCATGAGTCCTCCT	SRR11008271	271_AACCATGAGTCCTCCT	TRUE
NIH_Ao_AACCATGCAGGTCCAC	NIH_Ao	AACCATGCAGGTCCAC	SRR11008271	271_AACCATGCAGGTCCAC	TRUE
NIH_Ao_AACCATGGTAAGGATT	NIH_Ao	AACCATGGTAAGGATT	SRR11008271	271_AACCATGGTAAGGATT	TRUE
NIH_Ao_AACCGCGAGAGGGCTT	NIH_Ao	AACCGCGAGAGGGCTT	SRR11008271	271_AACCGCGAGAGGGCTT	TRUE
NIH_Ao_AACCGCGGTCTCGTTC	NIH_Ao	AACCGCGGTCTCGTTC	SRR11008271	271_AACCGCGGTCTCGTTC	TRUE
NIH_Ao_AACGTTGAGGACCACA	NIH_Ao	AACGTTGAGGACCACA	SRR11008271	271_AACGTTGAGGACCACA	TRUE
NIH_Ao_AACGTTGAGTGTGAAT	NIH_Ao	AACGTTGAGTGTGAAT	SRR11008271	271_AACGTTGAGTGTGAAT	TRUE
NIH_Ao_AACGTTGCACCCTATC	NIH_Ao	AACGTTGCACCCTATC	SRR11008271	271_AACGTTGCACCCTATC	TRUE
NIH_Ao_AACTCAGAGAGGGATA	NIH_Ao	AACTCAGAGAGGGATA	SRR11008271	271_AACTCAGAGAGGGATA	TRUE
NIH_Ao_AACTCAGAGCGAGAAA	NIH_Ao	AACTCAGAGCGAGAAA	SRR11008271	271_AACTCAGAGCGAGAAA	TRUE
NIH_Ao_AACTCAGCAACACCCG	NIH_Ao	AACTCAGCAACACCCG	SRR11008271	271_AACTCAGCAACACCCG	TRUE
NIH_Ao_AACTCAGGTCGACTAT	NIH_Ao	AACTCAGGTCGACTAT	SRR11008271	271_AACTCAGGTCGACTAT	TRUE
NIH_Ao_AACTCAGTCTGTGCAA	NIH_Ao	AACTCAGTCTGTGCAA	SRR11008271	271_AACTCAGTCTGTGCAA	TRUE
NIH_Ao_AACTCCCAGACCCACC	NIH_Ao	AACTCCCAGACCCACC	SRR11008271	271_AACTCCCAGACCCACC	TRUE
NIH_Ao_AACTCCCAGCTATGCT	NIH_Ao	AACTCCCAGCTATGCT	SRR11008271	271_AACTCCCAGCTATGCT	TRUE
NIH_Ao_AACTCCCAGTGAACGC	NIH_Ao	AACTCCCAGTGAACGC	SRR11008271	271_AACTCCCAGTGAACGC	TRUE
NIH_Ao_AACTCCCCACCAGGCT	NIH_Ao	AACTCCCCACCAGGCT	SRR11008271	271_AACTCCCCACCAGGCT	TRUE
NIH_Ao_AACTCCCTCAGCTCTC	NIH_Ao	AACTCCCTCAGCTCTC	SRR11008271	271_AACTCCCTCAGCTCTC	TRUE
NIH_Ao_AACTCTTCACTTCGAA	NIH_Ao	AACTCTTCACTTCGAA	SRR11008271	271_AACTCTTCACTTCGAA	TRUE
NIH_Ao_AACTCTTGTTGCCTCT	NIH_Ao	AACTCTTGTTGCCTCT	SRR11008271	271_AACTCTTGTTGCCTCT	TRUE
NIH_Ao_AACTGGTAGCAAATCA	NIH_Ao	AACTGGTAGCAAATCA	SRR11008271	271_AACTGGTAGCAAATCA	TRUE
NIH_Ao_AACTGGTAGCAATATG	NIH_Ao	AACTGGTAGCAATATG	SRR11008271	271_AACTGGTAGCAATATG	TRUE
NIH_Ao_AACTGGTAGCTGTCTA	NIH_Ao	AACTGGTAGCTGTCTA	SRR11008271	271_AACTGGTAGCTGTCTA	TRUE
NIH_Ao_AACTGGTAGTAGCCGA	NIH_Ao	AACTGGTAGTAGCCGA	SRR11008271	271_AACTGGTAGTAGCCGA	TRUE
NIH_Ao_AACTGGTCAAGTTAAG	NIH_Ao	AACTGGTCAAGTTAAG	SRR11008271	271_AACTGGTCAAGTTAAG	TRUE
NIH_Ao_AACTGGTCACAGTCGC	NIH_Ao	AACTGGTCACAGTCGC	SRR11008271	271_AACTGGTCACAGTCGC	TRUE
NIH_Ao_AACTGGTGTAGCACGA	NIH_Ao	AACTGGTGTAGCACGA	SRR11008271	271_AACTGGTGTAGCACGA	TRUE
NIH_Ao_AACTGGTGTTGAGTTC	NIH_Ao	AACTGGTGTTGAGTTC	SRR11008271	271_AACTGGTGTTGAGTTC	TRUE
NIH_Ao_AACTTTCTCCAAGTAC	NIH_Ao	AACTTTCTCCAAGTAC	SRR11008271	271_AACTTTCTCCAAGTAC	TRUE
NIH_Ao_AAGACCTAGGATTCGG	NIH_Ao	AAGACCTAGGATTCGG	SRR11008271	271_AAGACCTAGGATTCGG	TRUE
NIH_Ao_AAGACCTGTAAGTGTA	NIH_Ao	AAGACCTGTAAGTGTA	SRR11008271	271_AAGACCTGTAAGTGTA	TRUE
NIH_Ao_AAGACCTGTCTCTTAT	NIH_Ao	AAGACCTGTCTCTTAT	SRR11008271	271_AAGACCTGTCTCTTAT	TRUE
NIH_Ao_AAGACCTGTGAGTGAC	NIH_Ao	AAGACCTGTGAGTGAC	SRR11008271	271_AAGACCTGTGAGTGAC	TRUE
NIH_Ao_AAGACCTTCACGCGGT	NIH_Ao	AAGACCTTCACGCGGT	SRR11008271	271_AAGACCTTCACGCGGT	TRUE
NIH_Ao_AAGCCGCCAAGTCTGT	NIH_Ao	AAGCCGCCAAGTCTGT	SRR11008271	271_AAGCCGCCAAGTCTGT	TRUE
NIH_Ao_AAGCCGCGTAAGTAGT	NIH_Ao	AAGCCGCGTAAGTAGT	SRR11008271	271_AAGCCGCGTAAGTAGT	TRUE
NIH_Ao_AAGCCGCGTTGCTCCT	NIH_Ao	AAGCCGCGTTGCTCCT	SRR11008271	271_AAGCCGCGTTGCTCCT	TRUE
NIH_Ao_AAGGAGCCACGAGGTA	NIH_Ao	AAGGAGCCACGAGGTA	SRR11008271	271_AAGGAGCCACGAGGTA	TRUE
NIH_Ao_AAGGAGCTCGAGAGCA	NIH_Ao	AAGGAGCTCGAGAGCA	SRR11008271	271_AAGGAGCTCGAGAGCA	TRUE
NIH_Ao_AAGGCAGAGGACATTA	NIH_Ao	AAGGCAGAGGACATTA	SRR11008271	271_AAGGCAGAGGACATTA	TRUE
NIH_Ao_AAGGCAGGTATGAAAC	NIH_Ao	AAGGCAGGTATGAAAC	SRR11008271	271_AAGGCAGGTATGAAAC	FALSE
NIH_Ao_AAGGCAGTCTGGCGAC	NIH_Ao	AAGGCAGTCTGGCGAC	SRR11008271	271_AAGGCAGTCTGGCGAC	TRUE
NIH_Ao_AAGGTTCAGAGGACGG	NIH_Ao	AAGGTTCAGAGGACGG	SRR11008271	271_AAGGTTCAGAGGACGG	TRUE
NIH_Ao_AAGGTTCCACGGCGTT	NIH_Ao	AAGGTTCCACGGCGTT	SRR11008271	271_AAGGTTCCACGGCGTT	TRUE
NIH_Ao_AAGGTTCCAGGACCCT	NIH_Ao	AAGGTTCCAGGACCCT	SRR11008271	271_AAGGTTCCAGGACCCT	TRUE
NIH_Ao_AAGGTTCTCAGCTGGC	NIH_Ao	AAGGTTCTCAGCTGGC	SRR11008271	271_AAGGTTCTCAGCTGGC	TRUE
NIH_Ao_AAGTCTGAGTGGTCCC	NIH_Ao	AAGTCTGAGTGGTCCC	SRR11008271	271_AAGTCTGAGTGGTCCC	TRUE
NIH_Ao_AATCCAGGTCTAGGTT	NIH_Ao	AATCCAGGTCTAGGTT	SRR11008271	271_AATCCAGGTCTAGGTT	TRUE
NIH_Ao_AATCCAGGTGAGGGAG	NIH_Ao	AATCCAGGTGAGGGAG	SRR11008271	271_AATCCAGGTGAGGGAG	TRUE
NIH_Ao_AATCCAGGTTCCGTCT	NIH_Ao	AATCCAGGTTCCGTCT	SRR11008271	271_AATCCAGGTTCCGTCT	TRUE
NIH_Ao_AATCGGTAGAAAGTGG	NIH_Ao	AATCGGTAGAAAGTGG	SRR11008271	271_AATCGGTAGAAAGTGG	TRUE
NIH_Ao_AATCGGTAGACTAGGC	NIH_Ao	AATCGGTAGACTAGGC	SRR11008271	271_AATCGGTAGACTAGGC	TRUE
NIH_Ao_AATCGGTCAAGTCTAC	NIH_Ao	AATCGGTCAAGTCTAC	SRR11008271	271_AATCGGTCAAGTCTAC	TRUE
NIH_Ao_AATCGGTCAGATAATG	NIH_Ao	AATCGGTCAGATAATG	SRR11008271	271_AATCGGTCAGATAATG	TRUE
NIH_Ao_AATCGGTGTACTCTCC	NIH_Ao	AATCGGTGTACTCTCC	SRR11008271	271_AATCGGTGTACTCTCC	TRUE
NIH_Ao_AATCGGTGTGCAGACA	NIH_Ao	AATCGGTGTGCAGACA	SRR11008271	271_AATCGGTGTGCAGACA	TRUE
NIH_Ao_AATCGGTTCAACACTG	NIH_Ao	AATCGGTTCAACACTG	SRR11008271	271_AATCGGTTCAACACTG	TRUE
NIH_Ao_AATCGGTTCTTGGGTA	NIH_Ao	AATCGGTTCTTGGGTA	SRR11008271	271_AATCGGTTCTTGGGTA	TRUE
NIH_Ao_ACACCAAAGATGTTAG	NIH_Ao	ACACCAAAGATGTTAG	SRR11008271	271_ACACCAAAGATGTTAG	TRUE
NIH_Ao_ACACCAAAGGACACCA	NIH_Ao	ACACCAAAGGACACCA	SRR11008271	271_ACACCAAAGGACACCA	TRUE
NIH_Ao_ACACCAAAGGATTCGG	NIH_Ao	ACACCAAAGGATTCGG	SRR11008271	271_ACACCAAAGGATTCGG	TRUE
NIH_Ao_ACACCAAGTAAGGGCT	NIH_Ao	ACACCAAGTAAGGGCT	SRR11008271	271_ACACCAAGTAAGGGCT	TRUE
NIH_Ao_ACACCAAGTTACCGAT	NIH_Ao	ACACCAAGTTACCGAT	SRR11008271	271_ACACCAAGTTACCGAT	TRUE
NIH_Ao_ACACCAATCCCATTTA	NIH_Ao	ACACCAATCCCATTTA	SRR11008271	271_ACACCAATCCCATTTA	TRUE
NIH_Ao_ACACCAATCTGGTGTA	NIH_Ao	ACACCAATCTGGTGTA	SRR11008271	271_ACACCAATCTGGTGTA	TRUE
NIH_Ao_ACACCCTTCACCATAG	NIH_Ao	ACACCCTTCACCATAG	SRR11008271	271_ACACCCTTCACCATAG	TRUE
NIH_Ao_ACACCCTTCGATCCCT	NIH_Ao	ACACCCTTCGATCCCT	SRR11008271	271_ACACCCTTCGATCCCT	TRUE
NIH_Ao_ACACCCTTCTCTGTCG	NIH_Ao	ACACCCTTCTCTGTCG	SRR11008271	271_ACACCCTTCTCTGTCG	TRUE
NIH_Ao_ACACCGGAGAGCTGCA	NIH_Ao	ACACCGGAGAGCTGCA	SRR11008271	271_ACACCGGAGAGCTGCA	TRUE
NIH_Ao_ACACCGGCAACTGGCC	NIH_Ao	ACACCGGCAACTGGCC	SRR11008271	271_ACACCGGCAACTGGCC	TRUE
NIH_Ao_ACACCGGGTCCTAGCG	NIH_Ao	ACACCGGGTCCTAGCG	SRR11008271	271_ACACCGGGTCCTAGCG	TRUE
NIH_Ao_ACACCGGGTGGACGAT	NIH_Ao	ACACCGGGTGGACGAT	SRR11008271	271_ACACCGGGTGGACGAT	TRUE
NIH_Ao_ACACCGGTCAGGCAAG	NIH_Ao	ACACCGGTCAGGCAAG	SRR11008271	271_ACACCGGTCAGGCAAG	TRUE
NIH_Ao_ACACCGGTCTCGTTTA	NIH_Ao	ACACCGGTCTCGTTTA	SRR11008271	271_ACACCGGTCTCGTTTA	TRUE
NIH_Ao_ACACCGGTCTGCTGTC	NIH_Ao	ACACCGGTCTGCTGTC	SRR11008271	271_ACACCGGTCTGCTGTC	TRUE
NIH_Ao_ACACTGAAGCGGATCA	NIH_Ao	ACACTGAAGCGGATCA	SRR11008271	271_ACACTGAAGCGGATCA	TRUE
NIH_Ao_ACACTGAAGCTAGTTC	NIH_Ao	ACACTGAAGCTAGTTC	SRR11008271	271_ACACTGAAGCTAGTTC	TRUE
NIH_Ao_ACACTGACAAGCGAGT	NIH_Ao	ACACTGACAAGCGAGT	SRR11008271	271_ACACTGACAAGCGAGT	TRUE
NIH_Ao_ACACTGACATGATCCA	NIH_Ao	ACACTGACATGATCCA	SRR11008271	271_ACACTGACATGATCCA	TRUE
NIH_Ao_ACACTGAGTCGTGGCT	NIH_Ao	ACACTGAGTCGTGGCT	SRR11008271	271_ACACTGAGTCGTGGCT	TRUE
NIH_Ao_ACACTGAGTTAGTGGG	NIH_Ao	ACACTGAGTTAGTGGG	SRR11008271	271_ACACTGAGTTAGTGGG	TRUE
NIH_Ao_ACAGCCGAGATAGTCA	NIH_Ao	ACAGCCGAGATAGTCA	SRR11008271	271_ACAGCCGAGATAGTCA	TRUE
NIH_Ao_ACAGCCGCAAAGTCAA	NIH_Ao	ACAGCCGCAAAGTCAA	SRR11008271	271_ACAGCCGCAAAGTCAA	TRUE
NIH_Ao_ACAGCCGGTCCATGAT	NIH_Ao	ACAGCCGGTCCATGAT	SRR11008271	271_ACAGCCGGTCCATGAT	TRUE
NIH_Ao_ACAGCCGTCATCTGCC	NIH_Ao	ACAGCCGTCATCTGCC	SRR11008271	271_ACAGCCGTCATCTGCC	TRUE
NIH_Ao_ACAGCCGTCTGCGACG	NIH_Ao	ACAGCCGTCTGCGACG	SRR11008271	271_ACAGCCGTCTGCGACG	TRUE
NIH_Ao_ACAGCTAAGAGTCGGT	NIH_Ao	ACAGCTAAGAGTCGGT	SRR11008271	271_ACAGCTAAGAGTCGGT	TRUE
NIH_Ao_ACAGCTACACAGGAGT	NIH_Ao	ACAGCTACACAGGAGT	SRR11008271	271_ACAGCTACACAGGAGT	TRUE
NIH_Ao_ACAGCTACACCCATTC	NIH_Ao	ACAGCTACACCCATTC	SRR11008271	271_ACAGCTACACCCATTC	TRUE
NIH_Ao_ACAGCTACATCCGTGG	NIH_Ao	ACAGCTACATCCGTGG	SRR11008271	271_ACAGCTACATCCGTGG	TRUE
NIH_Ao_ACAGCTATCACCATAG	NIH_Ao	ACAGCTATCACCATAG	SRR11008271	271_ACAGCTATCACCATAG	TRUE
NIH_Ao_ACATACGCAGCCTGTG	NIH_Ao	ACATACGCAGCCTGTG	SRR11008271	271_ACATACGCAGCCTGTG	TRUE
NIH_Ao_ACATACGGTACCGTAT	NIH_Ao	ACATACGGTACCGTAT	SRR11008271	271_ACATACGGTACCGTAT	TRUE
NIH_Ao_ACATACGTCACCGTAA	NIH_Ao	ACATACGTCACCGTAA	SRR11008271	271_ACATACGTCACCGTAA	TRUE
NIH_Ao_ACATACGTCCTCTAGC	NIH_Ao	ACATACGTCCTCTAGC	SRR11008271	271_ACATACGTCCTCTAGC	TRUE
NIH_Ao_ACATCAGCAGCTCGCA	NIH_Ao	ACATCAGCAGCTCGCA	SRR11008271	271_ACATCAGCAGCTCGCA	TRUE
NIH_Ao_ACATCAGGTCATACTG	NIH_Ao	ACATCAGGTCATACTG	SRR11008271	271_ACATCAGGTCATACTG	TRUE
NIH_Ao_ACATCAGGTGTTCTTT	NIH_Ao	ACATCAGGTGTTCTTT	SRR11008271	271_ACATCAGGTGTTCTTT	TRUE
NIH_Ao_ACATCAGTCTCGCTTG	NIH_Ao	ACATCAGTCTCGCTTG	SRR11008271	271_ACATCAGTCTCGCTTG	TRUE
NIH_Ao_ACATGGTCACCTCGGA	NIH_Ao	ACATGGTCACCTCGGA	SRR11008271	271_ACATGGTCACCTCGGA	TRUE
NIH_Ao_ACATGGTCACTGTGTA	NIH_Ao	ACATGGTCACTGTGTA	SRR11008271	271_ACATGGTCACTGTGTA	TRUE
NIH_Ao_ACATGGTGTAAACGCG	NIH_Ao	ACATGGTGTAAACGCG	SRR11008271	271_ACATGGTGTAAACGCG	TRUE
NIH_Ao_ACCAGTAAGATATGGT	NIH_Ao	ACCAGTAAGATATGGT	SRR11008271	271_ACCAGTAAGATATGGT	TRUE
NIH_Ao_ACCAGTAAGCTGATAA	NIH_Ao	ACCAGTAAGCTGATAA	SRR11008271	271_ACCAGTAAGCTGATAA	TRUE
NIH_Ao_ACCAGTACACCAGCAC	NIH_Ao	ACCAGTACACCAGCAC	SRR11008271	271_ACCAGTACACCAGCAC	TRUE
NIH_Ao_ACCAGTAGTAGGAGTC	NIH_Ao	ACCAGTAGTAGGAGTC	SRR11008271	271_ACCAGTAGTAGGAGTC	TRUE
NIH_Ao_ACCAGTAGTCCAACTA	NIH_Ao	ACCAGTAGTCCAACTA	SRR11008271	271_ACCAGTAGTCCAACTA	TRUE
NIH_Ao_ACCAGTAGTCGAGATG	NIH_Ao	ACCAGTAGTCGAGATG	SRR11008271	271_ACCAGTAGTCGAGATG	TRUE
NIH_Ao_ACCAGTAGTGACAAAT	NIH_Ao	ACCAGTAGTGACAAAT	SRR11008271	271_ACCAGTAGTGACAAAT	TRUE
NIH_Ao_ACCAGTATCGAGAACG	NIH_Ao	ACCAGTATCGAGAACG	SRR11008271	271_ACCAGTATCGAGAACG	TRUE
NIH_Ao_ACCAGTATCTAACTCT	NIH_Ao	ACCAGTATCTAACTCT	SRR11008271	271_ACCAGTATCTAACTCT	TRUE
NIH_Ao_ACCAGTATCTGTCCGT	NIH_Ao	ACCAGTATCTGTCCGT	SRR11008271	271_ACCAGTATCTGTCCGT	FALSE
NIH_Ao_ACCCACTAGAAACCGC	NIH_Ao	ACCCACTAGAAACCGC	SRR11008271	271_ACCCACTAGAAACCGC	TRUE
NIH_Ao_ACCCACTAGATGTGGC	NIH_Ao	ACCCACTAGATGTGGC	SRR11008271	271_ACCCACTAGATGTGGC	TRUE
NIH_Ao_ACCCACTAGTTGAGAT	NIH_Ao	ACCCACTAGTTGAGAT	SRR11008271	271_ACCCACTAGTTGAGAT	TRUE
NIH_Ao_ACCCACTCACCGCTAG	NIH_Ao	ACCCACTCACCGCTAG	SRR11008271	271_ACCCACTCACCGCTAG	TRUE
NIH_Ao_ACCCACTCATCGACGC	NIH_Ao	ACCCACTCATCGACGC	SRR11008271	271_ACCCACTCATCGACGC	TRUE
NIH_Ao_ACCCACTTCGGGAGTA	NIH_Ao	ACCCACTTCGGGAGTA	SRR11008271	271_ACCCACTTCGGGAGTA	TRUE
NIH_Ao_ACCGTAAAGGAGTCTG	NIH_Ao	ACCGTAAAGGAGTCTG	SRR11008271	271_ACCGTAAAGGAGTCTG	TRUE
NIH_Ao_ACCGTAAAGGCTACGA	NIH_Ao	ACCGTAAAGGCTACGA	SRR11008271	271_ACCGTAAAGGCTACGA	TRUE
NIH_Ao_ACCGTAACAACACGCC	NIH_Ao	ACCGTAACAACACGCC	SRR11008271	271_ACCGTAACAACACGCC	TRUE
NIH_Ao_ACCTTTAGTTAAGAAC	NIH_Ao	ACCTTTAGTTAAGAAC	SRR11008271	271_ACCTTTAGTTAAGAAC	TRUE
NIH_Ao_ACCTTTATCACGCATA	NIH_Ao	ACCTTTATCACGCATA	SRR11008271	271_ACCTTTATCACGCATA	TRUE
NIH_Ao_ACCTTTATCTTGTACT	NIH_Ao	ACCTTTATCTTGTACT	SRR11008271	271_ACCTTTATCTTGTACT	TRUE
NIH_Ao_ACGAGCCAGCTGAACG	NIH_Ao	ACGAGCCAGCTGAACG	SRR11008271	271_ACGAGCCAGCTGAACG	TRUE
NIH_Ao_ACGAGCCTCTGTCAAG	NIH_Ao	ACGAGCCTCTGTCAAG	SRR11008271	271_ACGAGCCTCTGTCAAG	TRUE
NIH_Ao_ACGAGGAAGACAATAC	NIH_Ao	ACGAGGAAGACAATAC	SRR11008271	271_ACGAGGAAGACAATAC	TRUE
NIH_Ao_ACGAGGACATGACATC	NIH_Ao	ACGAGGACATGACATC	SRR11008271	271_ACGAGGACATGACATC	TRUE
NIH_Ao_ACGAGGACATTGGCGC	NIH_Ao	ACGAGGACATTGGCGC	SRR11008271	271_ACGAGGACATTGGCGC	TRUE
NIH_Ao_ACGAGGAGTCTAACGT	NIH_Ao	ACGAGGAGTCTAACGT	SRR11008271	271_ACGAGGAGTCTAACGT	TRUE
NIH_Ao_ACGATACCACTTGGAT	NIH_Ao	ACGATACCACTTGGAT	SRR11008271	271_ACGATACCACTTGGAT	TRUE
NIH_Ao_ACGATACGTCATTAGC	NIH_Ao	ACGATACGTCATTAGC	SRR11008271	271_ACGATACGTCATTAGC	TRUE
NIH_Ao_ACGATACGTCTTCAAG	NIH_Ao	ACGATACGTCTTCAAG	SRR11008271	271_ACGATACGTCTTCAAG	TRUE
NIH_Ao_ACGATACTCAGGCAAG	NIH_Ao	ACGATACTCAGGCAAG	SRR11008271	271_ACGATACTCAGGCAAG	TRUE
NIH_Ao_ACGATGTAGAGCAATT	NIH_Ao	ACGATGTAGAGCAATT	SRR11008271	271_ACGATGTAGAGCAATT	TRUE
NIH_Ao_ACGATGTGTAAGAGAG	NIH_Ao	ACGATGTGTAAGAGAG	SRR11008271	271_ACGATGTGTAAGAGAG	TRUE
NIH_Ao_ACGCAGCAGAGCTTCT	NIH_Ao	ACGCAGCAGAGCTTCT	SRR11008271	271_ACGCAGCAGAGCTTCT	TRUE
NIH_Ao_ACGCAGCCAAGGACAC	NIH_Ao	ACGCAGCCAAGGACAC	SRR11008271	271_ACGCAGCCAAGGACAC	TRUE
NIH_Ao_ACGCAGCGTAGCTGCC	NIH_Ao	ACGCAGCGTAGCTGCC	SRR11008271	271_ACGCAGCGTAGCTGCC	TRUE
NIH_Ao_ACGCAGCGTTCCACAA	NIH_Ao	ACGCAGCGTTCCACAA	SRR11008271	271_ACGCAGCGTTCCACAA	TRUE
NIH_Ao_ACGCAGCGTTCCACGG	NIH_Ao	ACGCAGCGTTCCACGG	SRR11008271	271_ACGCAGCGTTCCACGG	TRUE
NIH_Ao_ACGCAGCGTTCTGGTA	NIH_Ao	ACGCAGCGTTCTGGTA	SRR11008271	271_ACGCAGCGTTCTGGTA	TRUE
NIH_Ao_ACGCCAGAGCACAGGT	NIH_Ao	ACGCCAGAGCACAGGT	SRR11008271	271_ACGCCAGAGCACAGGT	TRUE
NIH_Ao_ACGCCAGAGGGATCTG	NIH_Ao	ACGCCAGAGGGATCTG	SRR11008271	271_ACGCCAGAGGGATCTG	TRUE
NIH_Ao_ACGCCAGCAGGCGATA	NIH_Ao	ACGCCAGCAGGCGATA	SRR11008271	271_ACGCCAGCAGGCGATA	TRUE
NIH_Ao_ACGCCAGCATTTCACT	NIH_Ao	ACGCCAGCATTTCACT	SRR11008271	271_ACGCCAGCATTTCACT	TRUE
NIH_Ao_ACGCCAGGTCGGCACT	NIH_Ao	ACGCCAGGTCGGCACT	SRR11008271	271_ACGCCAGGTCGGCACT	TRUE
NIH_Ao_ACGCCAGTCTACTATC	NIH_Ao	ACGCCAGTCTACTATC	SRR11008271	271_ACGCCAGTCTACTATC	TRUE
NIH_Ao_ACGCCAGTCTGTACGA	NIH_Ao	ACGCCAGTCTGTACGA	SRR11008271	271_ACGCCAGTCTGTACGA	TRUE
NIH_Ao_ACGCCGAAGCCAGTTT	NIH_Ao	ACGCCGAAGCCAGTTT	SRR11008271	271_ACGCCGAAGCCAGTTT	TRUE
NIH_Ao_ACGCCGAAGCGTTCCG	NIH_Ao	ACGCCGAAGCGTTCCG	SRR11008271	271_ACGCCGAAGCGTTCCG	TRUE
NIH_Ao_ACGCCGATCGTATCAG	NIH_Ao	ACGCCGATCGTATCAG	SRR11008271	271_ACGCCGATCGTATCAG	TRUE
NIH_Ao_ACGGAGAGTATGGTTC	NIH_Ao	ACGGAGAGTATGGTTC	SRR11008271	271_ACGGAGAGTATGGTTC	TRUE
NIH_Ao_ACGGCCAAGCGCTTAT	NIH_Ao	ACGGCCAAGCGCTTAT	SRR11008271	271_ACGGCCAAGCGCTTAT	TRUE
NIH_Ao_ACGGCCAAGTGGTAAT	NIH_Ao	ACGGCCAAGTGGTAAT	SRR11008271	271_ACGGCCAAGTGGTAAT	TRUE
NIH_Ao_ACGGCCACACGCTTTC	NIH_Ao	ACGGCCACACGCTTTC	SRR11008271	271_ACGGCCACACGCTTTC	TRUE
NIH_Ao_ACGGCCACAGGATTGG	NIH_Ao	ACGGCCACAGGATTGG	SRR11008271	271_ACGGCCACAGGATTGG	FALSE
NIH_Ao_ACGGCCACATGAACCT	NIH_Ao	ACGGCCACATGAACCT	SRR11008271	271_ACGGCCACATGAACCT	TRUE
NIH_Ao_ACGGCCACATGAGCGA	NIH_Ao	ACGGCCACATGAGCGA	SRR11008271	271_ACGGCCACATGAGCGA	TRUE
NIH_Ao_ACGGCCATCTCCAACC	NIH_Ao	ACGGCCATCTCCAACC	SRR11008271	271_ACGGCCATCTCCAACC	TRUE
NIH_Ao_ACGGGCTAGAACAACT	NIH_Ao	ACGGGCTAGAACAACT	SRR11008271	271_ACGGGCTAGAACAACT	TRUE
NIH_Ao_ACGGGCTAGACTTGAA	NIH_Ao	ACGGGCTAGACTTGAA	SRR11008271	271_ACGGGCTAGACTTGAA	TRUE
NIH_Ao_ACGGGCTAGTGTACTC	NIH_Ao	ACGGGCTAGTGTACTC	SRR11008271	271_ACGGGCTAGTGTACTC	TRUE
NIH_Ao_ACGGGCTCACAGATTC	NIH_Ao	ACGGGCTCACAGATTC	SRR11008271	271_ACGGGCTCACAGATTC	TRUE
NIH_Ao_ACGGGCTGTCACCCAG	NIH_Ao	ACGGGCTGTCACCCAG	SRR11008271	271_ACGGGCTGTCACCCAG	TRUE
NIH_Ao_ACGGGCTGTCTCGTTC	NIH_Ao	ACGGGCTGTCTCGTTC	SRR11008271	271_ACGGGCTGTCTCGTTC	TRUE
NIH_Ao_ACGGGTCAGTACGACG	NIH_Ao	ACGGGTCAGTACGACG	SRR11008271	271_ACGGGTCAGTACGACG	TRUE
NIH_Ao_ACGTCAAAGAGTGAGA	NIH_Ao	ACGTCAAAGAGTGAGA	SRR11008271	271_ACGTCAAAGAGTGAGA	TRUE
NIH_Ao_ACGTCAAAGCAATCTC	NIH_Ao	ACGTCAAAGCAATCTC	SRR11008271	271_ACGTCAAAGCAATCTC	TRUE
NIH_Ao_ACGTCAAGTAGCTGCC	NIH_Ao	ACGTCAAGTAGCTGCC	SRR11008271	271_ACGTCAAGTAGCTGCC	TRUE
NIH_Ao_ACGTCAAGTCCGAACC	NIH_Ao	ACGTCAAGTCCGAACC	SRR11008271	271_ACGTCAAGTCCGAACC	TRUE
NIH_Ao_ACTATCTAGAAACGAG	NIH_Ao	ACTATCTAGAAACGAG	SRR11008271	271_ACTATCTAGAAACGAG	TRUE
NIH_Ao_ACTATCTCAGTCGATT	NIH_Ao	ACTATCTCAGTCGATT	SRR11008271	271_ACTATCTCAGTCGATT	TRUE
NIH_Ao_ACTATCTGTCCAGTGC	NIH_Ao	ACTATCTGTCCAGTGC	SRR11008271	271_ACTATCTGTCCAGTGC	TRUE
NIH_Ao_ACTATCTGTGCGATAG	NIH_Ao	ACTATCTGTGCGATAG	SRR11008271	271_ACTATCTGTGCGATAG	TRUE
NIH_Ao_ACTATCTTCGTTGCCT	NIH_Ao	ACTATCTTCGTTGCCT	SRR11008271	271_ACTATCTTCGTTGCCT	TRUE
NIH_Ao_ACTGAGTTCCGTACAA	NIH_Ao	ACTGAGTTCCGTACAA	SRR11008271	271_ACTGAGTTCCGTACAA	TRUE
NIH_Ao_ACTGAGTTCGGTCCGA	NIH_Ao	ACTGAGTTCGGTCCGA	SRR11008271	271_ACTGAGTTCGGTCCGA	TRUE
NIH_Ao_ACTGATGAGGATTCGG	NIH_Ao	ACTGATGAGGATTCGG	SRR11008271	271_ACTGATGAGGATTCGG	TRUE
NIH_Ao_ACTGATGAGTACGATA	NIH_Ao	ACTGATGAGTACGATA	SRR11008271	271_ACTGATGAGTACGATA	TRUE
NIH_Ao_ACTGATGGTCGGCATC	NIH_Ao	ACTGATGGTCGGCATC	SRR11008271	271_ACTGATGGTCGGCATC	FALSE
NIH_Ao_ACTGCTCAGGAACTGC	NIH_Ao	ACTGCTCAGGAACTGC	SRR11008271	271_ACTGCTCAGGAACTGC	TRUE
NIH_Ao_ACTGCTCAGTACGCGA	NIH_Ao	ACTGCTCAGTACGCGA	SRR11008271	271_ACTGCTCAGTACGCGA	TRUE
NIH_Ao_ACTGCTCGTATTAGCC	NIH_Ao	ACTGCTCGTATTAGCC	SRR11008271	271_ACTGCTCGTATTAGCC	TRUE
NIH_Ao_ACTGCTCTCTATCGCC	NIH_Ao	ACTGCTCTCTATCGCC	SRR11008271	271_ACTGCTCTCTATCGCC	TRUE
NIH_Ao_ACTTACTCAGGTTTCA	NIH_Ao	ACTTACTCAGGTTTCA	SRR11008271	271_ACTTACTCAGGTTTCA	TRUE
NIH_Ao_ACTTACTTCAGGCAAG	NIH_Ao	ACTTACTTCAGGCAAG	SRR11008271	271_ACTTACTTCAGGCAAG	TRUE
NIH_Ao_ACTTGTTTCGGTCCGA	NIH_Ao	ACTTGTTTCGGTCCGA	SRR11008271	271_ACTTGTTTCGGTCCGA	TRUE
NIH_Ao_ACTTTCAAGAAGGTTT	NIH_Ao	ACTTTCAAGAAGGTTT	SRR11008271	271_ACTTTCAAGAAGGTTT	TRUE
NIH_Ao_ACTTTCAAGTGTCCCG	NIH_Ao	ACTTTCAAGTGTCCCG	SRR11008271	271_ACTTTCAAGTGTCCCG	TRUE
NIH_Ao_ACTTTCACAAGGACAC	NIH_Ao	ACTTTCACAAGGACAC	SRR11008271	271_ACTTTCACAAGGACAC	TRUE
NIH_Ao_ACTTTCAGTAACGTTC	NIH_Ao	ACTTTCAGTAACGTTC	SRR11008271	271_ACTTTCAGTAACGTTC	TRUE
NIH_Ao_ACTTTCATCGATCCCT	NIH_Ao	ACTTTCATCGATCCCT	SRR11008271	271_ACTTTCATCGATCCCT	TRUE
NIH_Ao_ACTTTCATCTTCCTTC	NIH_Ao	ACTTTCATCTTCCTTC	SRR11008271	271_ACTTTCATCTTCCTTC	TRUE
NIH_Ao_AGAATAGCATCCGTGG	NIH_Ao	AGAATAGCATCCGTGG	SRR11008271	271_AGAATAGCATCCGTGG	TRUE
NIH_Ao_AGAATAGGTACATCCA	NIH_Ao	AGAATAGGTACATCCA	SRR11008271	271_AGAATAGGTACATCCA	TRUE
NIH_Ao_AGAATAGGTCCGTGAC	NIH_Ao	AGAATAGGTCCGTGAC	SRR11008271	271_AGAATAGGTCCGTGAC	TRUE
NIH_Ao_AGAATAGGTGGGTCAA	NIH_Ao	AGAATAGGTGGGTCAA	SRR11008271	271_AGAATAGGTGGGTCAA	TRUE
NIH_Ao_AGACGTTAGATTACCC	NIH_Ao	AGACGTTAGATTACCC	SRR11008271	271_AGACGTTAGATTACCC	TRUE
NIH_Ao_AGACGTTCAAGAGGCT	NIH_Ao	AGACGTTCAAGAGGCT	SRR11008271	271_AGACGTTCAAGAGGCT	TRUE
NIH_Ao_AGACGTTTCTTAACCT	NIH_Ao	AGACGTTTCTTAACCT	SRR11008271	271_AGACGTTTCTTAACCT	TRUE
NIH_Ao_AGAGCGAAGGGTATCG	NIH_Ao	AGAGCGAAGGGTATCG	SRR11008271	271_AGAGCGAAGGGTATCG	TRUE
NIH_Ao_AGAGCGAAGGTGCAAC	NIH_Ao	AGAGCGAAGGTGCAAC	SRR11008271	271_AGAGCGAAGGTGCAAC	TRUE
NIH_Ao_AGAGCGACACCTCGTT	NIH_Ao	AGAGCGACACCTCGTT	SRR11008271	271_AGAGCGACACCTCGTT	TRUE
NIH_Ao_AGAGCGACACGTTGGC	NIH_Ao	AGAGCGACACGTTGGC	SRR11008271	271_AGAGCGACACGTTGGC	TRUE
NIH_Ao_AGAGCGAGTAAATGTG	NIH_Ao	AGAGCGAGTAAATGTG	SRR11008271	271_AGAGCGAGTAAATGTG	TRUE
NIH_Ao_AGAGCGAGTCTTGATG	NIH_Ao	AGAGCGAGTCTTGATG	SRR11008271	271_AGAGCGAGTCTTGATG	TRUE
NIH_Ao_AGAGCGATCGGCATCG	NIH_Ao	AGAGCGATCGGCATCG	SRR11008271	271_AGAGCGATCGGCATCG	TRUE
NIH_Ao_AGAGCTTGTAGCTAAA	NIH_Ao	AGAGCTTGTAGCTAAA	SRR11008271	271_AGAGCTTGTAGCTAAA	TRUE
NIH_Ao_AGAGCTTTCGGTGTCG	NIH_Ao	AGAGCTTTCGGTGTCG	SRR11008271	271_AGAGCTTTCGGTGTCG	TRUE
NIH_Ao_AGAGTGGAGATATGGT	NIH_Ao	AGAGTGGAGATATGGT	SRR11008271	271_AGAGTGGAGATATGGT	TRUE
NIH_Ao_AGAGTGGCATACAGCT	NIH_Ao	AGAGTGGCATACAGCT	SRR11008271	271_AGAGTGGCATACAGCT	TRUE
NIH_Ao_AGATCTGAGCCAACAG	NIH_Ao	AGATCTGAGCCAACAG	SRR11008271	271_AGATCTGAGCCAACAG	TRUE
NIH_Ao_AGATCTGAGCGATTCT	NIH_Ao	AGATCTGAGCGATTCT	SRR11008271	271_AGATCTGAGCGATTCT	TRUE
NIH_Ao_AGATCTGAGCTGCCCA	NIH_Ao	AGATCTGAGCTGCCCA	SRR11008271	271_AGATCTGAGCTGCCCA	TRUE
NIH_Ao_AGATCTGAGGTGCACA	NIH_Ao	AGATCTGAGGTGCACA	SRR11008271	271_AGATCTGAGGTGCACA	TRUE
NIH_Ao_AGATCTGCACCATGTA	NIH_Ao	AGATCTGCACCATGTA	SRR11008271	271_AGATCTGCACCATGTA	TRUE
NIH_Ao_AGATCTGCACGGTGTC	NIH_Ao	AGATCTGCACGGTGTC	SRR11008271	271_AGATCTGCACGGTGTC	TRUE
NIH_Ao_AGATCTGGTAGAGTGC	NIH_Ao	AGATCTGGTAGAGTGC	SRR11008271	271_AGATCTGGTAGAGTGC	TRUE
NIH_Ao_AGATCTGGTTAGAACA	NIH_Ao	AGATCTGGTTAGAACA	SRR11008271	271_AGATCTGGTTAGAACA	TRUE
NIH_Ao_AGATCTGTCAACGGCC	NIH_Ao	AGATCTGTCAACGGCC	SRR11008271	271_AGATCTGTCAACGGCC	TRUE
NIH_Ao_AGATCTGTCTGTCCGT	NIH_Ao	AGATCTGTCTGTCCGT	SRR11008271	271_AGATCTGTCTGTCCGT	TRUE
NIH_Ao_AGATTGCGTAGAGCTG	NIH_Ao	AGATTGCGTAGAGCTG	SRR11008271	271_AGATTGCGTAGAGCTG	TRUE
NIH_Ao_AGATTGCTCTTGCATT	NIH_Ao	AGATTGCTCTTGCATT	SRR11008271	271_AGATTGCTCTTGCATT	TRUE
NIH_Ao_AGCAGCCAGCTTCGCG	NIH_Ao	AGCAGCCAGCTTCGCG	SRR11008271	271_AGCAGCCAGCTTCGCG	TRUE
NIH_Ao_AGCAGCCTCACAAACC	NIH_Ao	AGCAGCCTCACAAACC	SRR11008271	271_AGCAGCCTCACAAACC	TRUE
NIH_Ao_AGCAGCCTCCTAAGTG	NIH_Ao	AGCAGCCTCCTAAGTG	SRR11008271	271_AGCAGCCTCCTAAGTG	TRUE
NIH_Ao_AGCATACAGCACCGCT	NIH_Ao	AGCATACAGCACCGCT	SRR11008271	271_AGCATACAGCACCGCT	TRUE
NIH_Ao_AGCATACAGGCTCAGA	NIH_Ao	AGCATACAGGCTCAGA	SRR11008271	271_AGCATACAGGCTCAGA	TRUE
NIH_Ao_AGCATACGTGTTTGTG	NIH_Ao	AGCATACGTGTTTGTG	SRR11008271	271_AGCATACGTGTTTGTG	TRUE
NIH_Ao_AGCCTAAAGGACACCA	NIH_Ao	AGCCTAAAGGACACCA	SRR11008271	271_AGCCTAAAGGACACCA	TRUE
NIH_Ao_AGCCTAACATTGGTAC	NIH_Ao	AGCCTAACATTGGTAC	SRR11008271	271_AGCCTAACATTGGTAC	TRUE
NIH_Ao_AGCGGTCAGATGTAAC	NIH_Ao	AGCGGTCAGATGTAAC	SRR11008271	271_AGCGGTCAGATGTAAC	TRUE
NIH_Ao_AGCGGTCCACAGGCCT	NIH_Ao	AGCGGTCCACAGGCCT	SRR11008271	271_AGCGGTCCACAGGCCT	TRUE
NIH_Ao_AGCGGTCCATGGTAGG	NIH_Ao	AGCGGTCCATGGTAGG	SRR11008271	271_AGCGGTCCATGGTAGG	TRUE
NIH_Ao_AGCGGTCGTCTGCAAT	NIH_Ao	AGCGGTCGTCTGCAAT	SRR11008271	271_AGCGGTCGTCTGCAAT	TRUE
NIH_Ao_AGCGGTCTCCGTTGTC	NIH_Ao	AGCGGTCTCCGTTGTC	SRR11008271	271_AGCGGTCTCCGTTGTC	TRUE
NIH_Ao_AGCGTATAGACATAAC	NIH_Ao	AGCGTATAGACATAAC	SRR11008271	271_AGCGTATAGACATAAC	TRUE
NIH_Ao_AGCGTATCAAAGCAAT	NIH_Ao	AGCGTATCAAAGCAAT	SRR11008271	271_AGCGTATCAAAGCAAT	TRUE
NIH_Ao_AGCGTATGTAGCGCTC	NIH_Ao	AGCGTATGTAGCGCTC	SRR11008271	271_AGCGTATGTAGCGCTC	TRUE
NIH_Ao_AGCGTATGTGACTCAT	NIH_Ao	AGCGTATGTGACTCAT	SRR11008271	271_AGCGTATGTGACTCAT	TRUE
NIH_Ao_AGCGTATGTTGGGACA	NIH_Ao	AGCGTATGTTGGGACA	SRR11008271	271_AGCGTATGTTGGGACA	TRUE
NIH_Ao_AGCGTATTCCTTAATC	NIH_Ao	AGCGTATTCCTTAATC	SRR11008271	271_AGCGTATTCCTTAATC	TRUE
NIH_Ao_AGCGTCGAGCAACGGT	NIH_Ao	AGCGTCGAGCAACGGT	SRR11008271	271_AGCGTCGAGCAACGGT	TRUE
NIH_Ao_AGCGTCGCATCCCACT	NIH_Ao	AGCGTCGCATCCCACT	SRR11008271	271_AGCGTCGCATCCCACT	TRUE
NIH_Ao_AGCTCCTAGTCCATAC	NIH_Ao	AGCTCCTAGTCCATAC	SRR11008271	271_AGCTCCTAGTCCATAC	TRUE
NIH_Ao_AGCTCCTCAGCCACCA	NIH_Ao	AGCTCCTCAGCCACCA	SRR11008271	271_AGCTCCTCAGCCACCA	TRUE
NIH_Ao_AGCTCCTTCATTGCGA	NIH_Ao	AGCTCCTTCATTGCGA	SRR11008271	271_AGCTCCTTCATTGCGA	TRUE
NIH_Ao_AGCTCTCGTGCGGTAA	NIH_Ao	AGCTCTCGTGCGGTAA	SRR11008271	271_AGCTCTCGTGCGGTAA	TRUE
NIH_Ao_AGCTCTCTCTATCCTA	NIH_Ao	AGCTCTCTCTATCCTA	SRR11008271	271_AGCTCTCTCTATCCTA	TRUE
NIH_Ao_AGCTCTCTCTCAAACG	NIH_Ao	AGCTCTCTCTCAAACG	SRR11008271	271_AGCTCTCTCTCAAACG	TRUE
NIH_Ao_AGCTTGAAGCGTTGCC	NIH_Ao	AGCTTGAAGCGTTGCC	SRR11008271	271_AGCTTGAAGCGTTGCC	TRUE
NIH_Ao_AGCTTGACAAGTAATG	NIH_Ao	AGCTTGACAAGTAATG	SRR11008271	271_AGCTTGACAAGTAATG	TRUE
NIH_Ao_AGCTTGACAGCCACCA	NIH_Ao	AGCTTGACAGCCACCA	SRR11008271	271_AGCTTGACAGCCACCA	TRUE
NIH_Ao_AGCTTGACATCAGTCA	NIH_Ao	AGCTTGACATCAGTCA	SRR11008271	271_AGCTTGACATCAGTCA	TRUE
NIH_Ao_AGCTTGAGTGCATCTA	NIH_Ao	AGCTTGAGTGCATCTA	SRR11008271	271_AGCTTGAGTGCATCTA	TRUE
NIH_Ao_AGCTTGATCGGCGCAT	NIH_Ao	AGCTTGATCGGCGCAT	SRR11008271	271_AGCTTGATCGGCGCAT	TRUE
NIH_Ao_AGGCCACAGCCAGTTT	NIH_Ao	AGGCCACAGCCAGTTT	SRR11008271	271_AGGCCACAGCCAGTTT	TRUE
NIH_Ao_AGGCCACGTCTTGATG	NIH_Ao	AGGCCACGTCTTGATG	SRR11008271	271_AGGCCACGTCTTGATG	TRUE
NIH_Ao_AGGCCACTCGGTGTCG	NIH_Ao	AGGCCACTCGGTGTCG	SRR11008271	271_AGGCCACTCGGTGTCG	TRUE
NIH_Ao_AGGCCGTCAATGAAAC	NIH_Ao	AGGCCGTCAATGAAAC	SRR11008271	271_AGGCCGTCAATGAAAC	TRUE
NIH_Ao_AGGCCGTGTGCAGACA	NIH_Ao	AGGCCGTGTGCAGACA	SRR11008271	271_AGGCCGTGTGCAGACA	TRUE
NIH_Ao_AGGCCGTTCTAACTCT	NIH_Ao	AGGCCGTTCTAACTCT	SRR11008271	271_AGGCCGTTCTAACTCT	TRUE
NIH_Ao_AGGGAGTAGCGCCTTG	NIH_Ao	AGGGAGTAGCGCCTTG	SRR11008271	271_AGGGAGTAGCGCCTTG	TRUE
NIH_Ao_AGGGAGTAGCTTTGGT	NIH_Ao	AGGGAGTAGCTTTGGT	SRR11008271	271_AGGGAGTAGCTTTGGT	TRUE
NIH_Ao_AGGGAGTAGTGGAGTC	NIH_Ao	AGGGAGTAGTGGAGTC	SRR11008271	271_AGGGAGTAGTGGAGTC	TRUE
NIH_Ao_AGGGAGTGTTCTGTTT	NIH_Ao	AGGGAGTGTTCTGTTT	SRR11008271	271_AGGGAGTGTTCTGTTT	TRUE
NIH_Ao_AGGGATGAGACAAAGG	NIH_Ao	AGGGATGAGACAAAGG	SRR11008271	271_AGGGATGAGACAAAGG	TRUE
NIH_Ao_AGGGATGAGGATGGTC	NIH_Ao	AGGGATGAGGATGGTC	SRR11008271	271_AGGGATGAGGATGGTC	TRUE
NIH_Ao_AGGGATGCATGCAATC	NIH_Ao	AGGGATGCATGCAATC	SRR11008271	271_AGGGATGCATGCAATC	TRUE
NIH_Ao_AGGGATGGTCGCATCG	NIH_Ao	AGGGATGGTCGCATCG	SRR11008271	271_AGGGATGGTCGCATCG	TRUE
NIH_Ao_AGGGTGAAGTTAGGTA	NIH_Ao	AGGGTGAAGTTAGGTA	SRR11008271	271_AGGGTGAAGTTAGGTA	TRUE
NIH_Ao_AGGGTGACACTTCGAA	NIH_Ao	AGGGTGACACTTCGAA	SRR11008271	271_AGGGTGACACTTCGAA	TRUE
NIH_Ao_AGGGTGAGTGCATCTA	NIH_Ao	AGGGTGAGTGCATCTA	SRR11008271	271_AGGGTGAGTGCATCTA	TRUE
NIH_Ao_AGGTCATAGCGGCTTC	NIH_Ao	AGGTCATAGCGGCTTC	SRR11008271	271_AGGTCATAGCGGCTTC	TRUE
NIH_Ao_AGGTCATGTACTCAAC	NIH_Ao	AGGTCATGTACTCAAC	SRR11008271	271_AGGTCATGTACTCAAC	TRUE
NIH_Ao_AGGTCATGTCTGGTCG	NIH_Ao	AGGTCATGTCTGGTCG	SRR11008271	271_AGGTCATGTCTGGTCG	TRUE
NIH_Ao_AGGTCATGTTTGACAC	NIH_Ao	AGGTCATGTTTGACAC	SRR11008271	271_AGGTCATGTTTGACAC	TRUE
NIH_Ao_AGGTCATTCCCTTGCA	NIH_Ao	AGGTCATTCCCTTGCA	SRR11008271	271_AGGTCATTCCCTTGCA	TRUE
NIH_Ao_AGGTCCGCACGCCAGT	NIH_Ao	AGGTCCGCACGCCAGT	SRR11008271	271_AGGTCCGCACGCCAGT	TRUE
NIH_Ao_AGGTCCGCAGCTCGAC	NIH_Ao	AGGTCCGCAGCTCGAC	SRR11008271	271_AGGTCCGCAGCTCGAC	FALSE
NIH_Ao_AGGTCCGCATGCCACG	NIH_Ao	AGGTCCGCATGCCACG	SRR11008271	271_AGGTCCGCATGCCACG	TRUE
NIH_Ao_AGGTCCGTCACCCGAG	NIH_Ao	AGGTCCGTCACCCGAG	SRR11008271	271_AGGTCCGTCACCCGAG	TRUE
NIH_Ao_AGGTCCGTCACCCTCA	NIH_Ao	AGGTCCGTCACCCTCA	SRR11008271	271_AGGTCCGTCACCCTCA	TRUE
NIH_Ao_AGGTCCGTCAGGCAAG	NIH_Ao	AGGTCCGTCAGGCAAG	SRR11008271	271_AGGTCCGTCAGGCAAG	TRUE
NIH_Ao_AGGTCCGTCGCATGAT	NIH_Ao	AGGTCCGTCGCATGAT	SRR11008271	271_AGGTCCGTCGCATGAT	TRUE
NIH_Ao_AGTAGTCCAGGTGCCT	NIH_Ao	AGTAGTCCAGGTGCCT	SRR11008271	271_AGTAGTCCAGGTGCCT	TRUE
NIH_Ao_AGTAGTCGTCTCTTAT	NIH_Ao	AGTAGTCGTCTCTTAT	SRR11008271	271_AGTAGTCGTCTCTTAT	TRUE
NIH_Ao_AGTAGTCGTTGTGGCC	NIH_Ao	AGTAGTCGTTGTGGCC	SRR11008271	271_AGTAGTCGTTGTGGCC	TRUE
NIH_Ao_AGTAGTCTCGACCAGC	NIH_Ao	AGTAGTCTCGACCAGC	SRR11008271	271_AGTAGTCTCGACCAGC	TRUE
NIH_Ao_AGTAGTCTCGGCGCAT	NIH_Ao	AGTAGTCTCGGCGCAT	SRR11008271	271_AGTAGTCTCGGCGCAT	TRUE
NIH_Ao_AGTCTTTCACGACTCG	NIH_Ao	AGTCTTTCACGACTCG	SRR11008271	271_AGTCTTTCACGACTCG	TRUE
NIH_Ao_AGTCTTTCATTATCTC	NIH_Ao	AGTCTTTCATTATCTC	SRR11008271	271_AGTCTTTCATTATCTC	TRUE
NIH_Ao_AGTCTTTGTAGGAGTC	NIH_Ao	AGTCTTTGTAGGAGTC	SRR11008271	271_AGTCTTTGTAGGAGTC	TRUE
NIH_Ao_AGTGAGGAGGTGACCA	NIH_Ao	AGTGAGGAGGTGACCA	SRR11008271	271_AGTGAGGAGGTGACCA	TRUE
NIH_Ao_AGTGAGGCAACTGGCC	NIH_Ao	AGTGAGGCAACTGGCC	SRR11008271	271_AGTGAGGCAACTGGCC	TRUE
NIH_Ao_AGTGAGGCACAAGACG	NIH_Ao	AGTGAGGCACAAGACG	SRR11008271	271_AGTGAGGCACAAGACG	TRUE
NIH_Ao_AGTGAGGGTAGCGTGA	NIH_Ao	AGTGAGGGTAGCGTGA	SRR11008271	271_AGTGAGGGTAGCGTGA	TRUE
NIH_Ao_AGTGAGGGTTCGTCTC	NIH_Ao	AGTGAGGGTTCGTCTC	SRR11008271	271_AGTGAGGGTTCGTCTC	TRUE
NIH_Ao_AGTGGGACACAGACAG	NIH_Ao	AGTGGGACACAGACAG	SRR11008271	271_AGTGGGACACAGACAG	TRUE
NIH_Ao_AGTGGGACAGGTCCAC	NIH_Ao	AGTGGGACAGGTCCAC	SRR11008271	271_AGTGGGACAGGTCCAC	TRUE
NIH_Ao_AGTGGGAGTACATGTC	NIH_Ao	AGTGGGAGTACATGTC	SRR11008271	271_AGTGGGAGTACATGTC	TRUE
NIH_Ao_AGTGGGATCTGACCTC	NIH_Ao	AGTGGGATCTGACCTC	SRR11008271	271_AGTGGGATCTGACCTC	TRUE
NIH_Ao_AGTGTCACAAGTTGTC	NIH_Ao	AGTGTCACAAGTTGTC	SRR11008271	271_AGTGTCACAAGTTGTC	TRUE
NIH_Ao_AGTGTCACATCAGTCA	NIH_Ao	AGTGTCACATCAGTCA	SRR11008271	271_AGTGTCACATCAGTCA	TRUE
NIH_Ao_AGTGTCAGTCATATGC	NIH_Ao	AGTGTCAGTCATATGC	SRR11008271	271_AGTGTCAGTCATATGC	TRUE
NIH_Ao_AGTTGGTAGTGGTCCC	NIH_Ao	AGTTGGTAGTGGTCCC	SRR11008271	271_AGTTGGTAGTGGTCCC	TRUE
NIH_Ao_AGTTGGTGTAGTACCT	NIH_Ao	AGTTGGTGTAGTACCT	SRR11008271	271_AGTTGGTGTAGTACCT	TRUE
NIH_Ao_AGTTGGTTCGGAAACG	NIH_Ao	AGTTGGTTCGGAAACG	SRR11008271	271_AGTTGGTTCGGAAACG	TRUE
NIH_Ao_ATAACGCAGGACCACA	NIH_Ao	ATAACGCAGGACCACA	SRR11008271	271_ATAACGCAGGACCACA	TRUE
NIH_Ao_ATAACGCCAATACGCT	NIH_Ao	ATAACGCCAATACGCT	SRR11008271	271_ATAACGCCAATACGCT	TRUE
NIH_Ao_ATAACGCCAGTAAGAT	NIH_Ao	ATAACGCCAGTAAGAT	SRR11008271	271_ATAACGCCAGTAAGAT	TRUE
NIH_Ao_ATAACGCGTGCAACTT	NIH_Ao	ATAACGCGTGCAACTT	SRR11008271	271_ATAACGCGTGCAACTT	TRUE
NIH_Ao_ATAACGCGTTGACGTT	NIH_Ao	ATAACGCGTTGACGTT	SRR11008271	271_ATAACGCGTTGACGTT	TRUE
NIH_Ao_ATAACGCTCTATCCCG	NIH_Ao	ATAACGCTCTATCCCG	SRR11008271	271_ATAACGCTCTATCCCG	TRUE
NIH_Ao_ATAACGCTCTGCTGCT	NIH_Ao	ATAACGCTCTGCTGCT	SRR11008271	271_ATAACGCTCTGCTGCT	TRUE
NIH_Ao_ATAAGAGAGCCGTCGT	NIH_Ao	ATAAGAGAGCCGTCGT	SRR11008271	271_ATAAGAGAGCCGTCGT	TRUE
NIH_Ao_ATAAGAGCAGTCAGCC	NIH_Ao	ATAAGAGCAGTCAGCC	SRR11008271	271_ATAAGAGCAGTCAGCC	TRUE
NIH_Ao_ATAGACCAGAAACGAG	NIH_Ao	ATAGACCAGAAACGAG	SRR11008271	271_ATAGACCAGAAACGAG	TRUE
NIH_Ao_ATAGACCAGATCTGAA	NIH_Ao	ATAGACCAGATCTGAA	SRR11008271	271_ATAGACCAGATCTGAA	TRUE
NIH_Ao_ATAGACCAGTTACCCA	NIH_Ao	ATAGACCAGTTACCCA	SRR11008271	271_ATAGACCAGTTACCCA	TRUE
NIH_Ao_ATAGACCGTACTTCTT	NIH_Ao	ATAGACCGTACTTCTT	SRR11008271	271_ATAGACCGTACTTCTT	TRUE
NIH_Ao_ATAGACCGTGCAGGTA	NIH_Ao	ATAGACCGTGCAGGTA	SRR11008271	271_ATAGACCGTGCAGGTA	TRUE
NIH_Ao_ATAGACCGTTTGCATG	NIH_Ao	ATAGACCGTTTGCATG	SRR11008271	271_ATAGACCGTTTGCATG	TRUE
NIH_Ao_ATAGACCTCACTCTTA	NIH_Ao	ATAGACCTCACTCTTA	SRR11008271	271_ATAGACCTCACTCTTA	TRUE
NIH_Ao_ATAGACCTCGCTGATA	NIH_Ao	ATAGACCTCGCTGATA	SRR11008271	271_ATAGACCTCGCTGATA	TRUE
NIH_Ao_ATCACGAAGCCATCGC	NIH_Ao	ATCACGAAGCCATCGC	SRR11008271	271_ATCACGAAGCCATCGC	TRUE
NIH_Ao_ATCACGAAGCTAACTC	NIH_Ao	ATCACGAAGCTAACTC	SRR11008271	271_ATCACGAAGCTAACTC	TRUE
NIH_Ao_ATCACGAAGGCATGGT	NIH_Ao	ATCACGAAGGCATGGT	SRR11008271	271_ATCACGAAGGCATGGT	TRUE
NIH_Ao_ATCATCTAGTCATGCT	NIH_Ao	ATCATCTAGTCATGCT	SRR11008271	271_ATCATCTAGTCATGCT	TRUE
NIH_Ao_ATCATCTAGTCCTCCT	NIH_Ao	ATCATCTAGTCCTCCT	SRR11008271	271_ATCATCTAGTCCTCCT	TRUE
NIH_Ao_ATCATCTAGTGGTAGC	NIH_Ao	ATCATCTAGTGGTAGC	SRR11008271	271_ATCATCTAGTGGTAGC	TRUE
NIH_Ao_ATCATCTCAAACTGTC	NIH_Ao	ATCATCTCAAACTGTC	SRR11008271	271_ATCATCTCAAACTGTC	TRUE
NIH_Ao_ATCATCTCACGACGAA	NIH_Ao	ATCATCTCACGACGAA	SRR11008271	271_ATCATCTCACGACGAA	TRUE
NIH_Ao_ATCATCTCATCACGAT	NIH_Ao	ATCATCTCATCACGAT	SRR11008271	271_ATCATCTCATCACGAT	TRUE
NIH_Ao_ATCATGGAGACTAGAT	NIH_Ao	ATCATGGAGACTAGAT	SRR11008271	271_ATCATGGAGACTAGAT	TRUE
NIH_Ao_ATCATGGGTAATCACC	NIH_Ao	ATCATGGGTAATCACC	SRR11008271	271_ATCATGGGTAATCACC	TRUE
NIH_Ao_ATCATGGGTTATGCGT	NIH_Ao	ATCATGGGTTATGCGT	SRR11008271	271_ATCATGGGTTATGCGT	TRUE
NIH_Ao_ATCATGGTCTGCTGCT	NIH_Ao	ATCATGGTCTGCTGCT	SRR11008271	271_ATCATGGTCTGCTGCT	TRUE
NIH_Ao_ATCATGGTCTGTACGA	NIH_Ao	ATCATGGTCTGTACGA	SRR11008271	271_ATCATGGTCTGTACGA	TRUE
NIH_Ao_ATCATGGTCTTTCCTC	NIH_Ao	ATCATGGTCTTTCCTC	SRR11008271	271_ATCATGGTCTTTCCTC	TRUE
NIH_Ao_ATCCACCCAAGACACG	NIH_Ao	ATCCACCCAAGACACG	SRR11008271	271_ATCCACCCAAGACACG	TRUE
NIH_Ao_ATCCACCTCCAACCAA	NIH_Ao	ATCCACCTCCAACCAA	SRR11008271	271_ATCCACCTCCAACCAA	TRUE
NIH_Ao_ATCCACCTCGAACGGA	NIH_Ao	ATCCACCTCGAACGGA	SRR11008271	271_ATCCACCTCGAACGGA	TRUE
NIH_Ao_ATCCGAACAAGTTAAG	NIH_Ao	ATCCGAACAAGTTAAG	SRR11008271	271_ATCCGAACAAGTTAAG	TRUE
NIH_Ao_ATCCGAACAATGACCT	NIH_Ao	ATCCGAACAATGACCT	SRR11008271	271_ATCCGAACAATGACCT	TRUE
NIH_Ao_ATCCGAACAGCGATCC	NIH_Ao	ATCCGAACAGCGATCC	SRR11008271	271_ATCCGAACAGCGATCC	TRUE
NIH_Ao_ATCCGAACATCAGTCA	NIH_Ao	ATCCGAACATCAGTCA	SRR11008271	271_ATCCGAACATCAGTCA	TRUE
NIH_Ao_ATCCGAATCAAGGTAA	NIH_Ao	ATCCGAATCAAGGTAA	SRR11008271	271_ATCCGAATCAAGGTAA	TRUE
NIH_Ao_ATCCGAATCACAAACC	NIH_Ao	ATCCGAATCACAAACC	SRR11008271	271_ATCCGAATCACAAACC	TRUE
NIH_Ao_ATCGAGTAGACTCGGA	NIH_Ao	ATCGAGTAGACTCGGA	SRR11008271	271_ATCGAGTAGACTCGGA	TRUE
NIH_Ao_ATCGAGTAGAGTCGGT	NIH_Ao	ATCGAGTAGAGTCGGT	SRR11008271	271_ATCGAGTAGAGTCGGT	TRUE
NIH_Ao_ATCGAGTAGCGTCAAG	NIH_Ao	ATCGAGTAGCGTCAAG	SRR11008271	271_ATCGAGTAGCGTCAAG	TRUE
NIH_Ao_ATCGAGTCAATACGCT	NIH_Ao	ATCGAGTCAATACGCT	SRR11008271	271_ATCGAGTCAATACGCT	TRUE
NIH_Ao_ATCGAGTCATTAGGCT	NIH_Ao	ATCGAGTCATTAGGCT	SRR11008271	271_ATCGAGTCATTAGGCT	TRUE
NIH_Ao_ATCGAGTGTCGTCTTC	NIH_Ao	ATCGAGTGTCGTCTTC	SRR11008271	271_ATCGAGTGTCGTCTTC	TRUE
NIH_Ao_ATCGAGTTCGTCCAGG	NIH_Ao	ATCGAGTTCGTCCAGG	SRR11008271	271_ATCGAGTTCGTCCAGG	TRUE
NIH_Ao_ATCTACTAGCCGCCTA	NIH_Ao	ATCTACTAGCCGCCTA	SRR11008271	271_ATCTACTAGCCGCCTA	TRUE
NIH_Ao_ATCTACTCACAGACAG	NIH_Ao	ATCTACTCACAGACAG	SRR11008271	271_ATCTACTCACAGACAG	TRUE
NIH_Ao_ATCTACTCATCCCATC	NIH_Ao	ATCTACTCATCCCATC	SRR11008271	271_ATCTACTCATCCCATC	TRUE
NIH_Ao_ATCTACTCATTCCTGC	NIH_Ao	ATCTACTCATTCCTGC	SRR11008271	271_ATCTACTCATTCCTGC	TRUE
NIH_Ao_ATCTACTGTAGCGCTC	NIH_Ao	ATCTACTGTAGCGCTC	SRR11008271	271_ATCTACTGTAGCGCTC	TRUE
NIH_Ao_ATCTACTTCACTTCAT	NIH_Ao	ATCTACTTCACTTCAT	SRR11008271	271_ATCTACTTCACTTCAT	TRUE
NIH_Ao_ATCTACTTCTCTGTCG	NIH_Ao	ATCTACTTCTCTGTCG	SRR11008271	271_ATCTACTTCTCTGTCG	TRUE
NIH_Ao_ATCTGCCAGAACTGTA	NIH_Ao	ATCTGCCAGAACTGTA	SRR11008271	271_ATCTGCCAGAACTGTA	TRUE
NIH_Ao_ATCTGCCAGGATTCGG	NIH_Ao	ATCTGCCAGGATTCGG	SRR11008271	271_ATCTGCCAGGATTCGG	TRUE
NIH_Ao_ATCTGCCCATATACCG	NIH_Ao	ATCTGCCCATATACCG	SRR11008271	271_ATCTGCCCATATACCG	TRUE
NIH_Ao_ATCTGCCTCGATGAGG	NIH_Ao	ATCTGCCTCGATGAGG	SRR11008271	271_ATCTGCCTCGATGAGG	TRUE
NIH_Ao_ATGAGGGAGCATCATC	NIH_Ao	ATGAGGGAGCATCATC	SRR11008271	271_ATGAGGGAGCATCATC	TRUE
NIH_Ao_ATGAGGGAGGCTCAGA	NIH_Ao	ATGAGGGAGGCTCAGA	SRR11008271	271_ATGAGGGAGGCTCAGA	TRUE
NIH_Ao_ATGAGGGCACGGACAA	NIH_Ao	ATGAGGGCACGGACAA	SRR11008271	271_ATGAGGGCACGGACAA	TRUE
NIH_Ao_ATGAGGGTCTACGAGT	NIH_Ao	ATGAGGGTCTACGAGT	SRR11008271	271_ATGAGGGTCTACGAGT	TRUE
NIH_Ao_ATGCGATCATGGTAGG	NIH_Ao	ATGCGATCATGGTAGG	SRR11008271	271_ATGCGATCATGGTAGG	FALSE
NIH_Ao_ATGCGATGTTCCACTC	NIH_Ao	ATGCGATGTTCCACTC	SRR11008271	271_ATGCGATGTTCCACTC	TRUE
NIH_Ao_ATGCGATTCGAGGTAG	NIH_Ao	ATGCGATTCGAGGTAG	SRR11008271	271_ATGCGATTCGAGGTAG	TRUE
NIH_Ao_ATGCGATTCTGCAAGT	NIH_Ao	ATGCGATTCTGCAAGT	SRR11008271	271_ATGCGATTCTGCAAGT	TRUE
NIH_Ao_ATGGGAGCAGGGTTAG	NIH_Ao	ATGGGAGCAGGGTTAG	SRR11008271	271_ATGGGAGCAGGGTTAG	TRUE
NIH_Ao_ATGGGAGCATCTCCCA	NIH_Ao	ATGGGAGCATCTCCCA	SRR11008271	271_ATGGGAGCATCTCCCA	TRUE
NIH_Ao_ATGGGAGCATTACCTT	NIH_Ao	ATGGGAGCATTACCTT	SRR11008271	271_ATGGGAGCATTACCTT	TRUE
NIH_Ao_ATGTGTGAGTACACCT	NIH_Ao	ATGTGTGAGTACACCT	SRR11008271	271_ATGTGTGAGTACACCT	TRUE
NIH_Ao_ATGTGTGCATCTATGG	NIH_Ao	ATGTGTGCATCTATGG	SRR11008271	271_ATGTGTGCATCTATGG	FALSE
NIH_Ao_ATGTGTGGTGCCTGTG	NIH_Ao	ATGTGTGGTGCCTGTG	SRR11008271	271_ATGTGTGGTGCCTGTG	TRUE
NIH_Ao_ATGTGTGGTGTGCGTC	NIH_Ao	ATGTGTGGTGTGCGTC	SRR11008271	271_ATGTGTGGTGTGCGTC	TRUE
NIH_Ao_ATGTGTGTCTATCGCC	NIH_Ao	ATGTGTGTCTATCGCC	SRR11008271	271_ATGTGTGTCTATCGCC	TRUE
NIH_Ao_ATGTGTGTCTGGCGAC	NIH_Ao	ATGTGTGTCTGGCGAC	SRR11008271	271_ATGTGTGTCTGGCGAC	TRUE
NIH_Ao_ATTACTCAGAGTACCG	NIH_Ao	ATTACTCAGAGTACCG	SRR11008271	271_ATTACTCAGAGTACCG	TRUE
NIH_Ao_ATTACTCAGTAGGCCA	NIH_Ao	ATTACTCAGTAGGCCA	SRR11008271	271_ATTACTCAGTAGGCCA	TRUE
NIH_Ao_ATTACTCAGTTTCCTT	NIH_Ao	ATTACTCAGTTTCCTT	SRR11008271	271_ATTACTCAGTTTCCTT	TRUE
NIH_Ao_ATTACTCCAGCTCGCA	NIH_Ao	ATTACTCCAGCTCGCA	SRR11008271	271_ATTACTCCAGCTCGCA	TRUE
NIH_Ao_ATTACTCGTAGAGGAA	NIH_Ao	ATTACTCGTAGAGGAA	SRR11008271	271_ATTACTCGTAGAGGAA	TRUE
NIH_Ao_ATTACTCGTCCGACGT	NIH_Ao	ATTACTCGTCCGACGT	SRR11008271	271_ATTACTCGTCCGACGT	TRUE
NIH_Ao_ATTACTCTCGAATGGG	NIH_Ao	ATTACTCTCGAATGGG	SRR11008271	271_ATTACTCTCGAATGGG	FALSE
NIH_Ao_ATTACTCTCGCCTGTT	NIH_Ao	ATTACTCTCGCCTGTT	SRR11008271	271_ATTACTCTCGCCTGTT	TRUE
NIH_Ao_ATTACTCTCTCCAACC	NIH_Ao	ATTACTCTCTCCAACC	SRR11008271	271_ATTACTCTCTCCAACC	TRUE
NIH_Ao_ATTACTCTCTGCTGCT	NIH_Ao	ATTACTCTCTGCTGCT	SRR11008271	271_ATTACTCTCTGCTGCT	TRUE
NIH_Ao_ATTATCCAGAGCTGCA	NIH_Ao	ATTATCCAGAGCTGCA	SRR11008271	271_ATTATCCAGAGCTGCA	TRUE
NIH_Ao_ATTATCCCATCGGTTA	NIH_Ao	ATTATCCCATCGGTTA	SRR11008271	271_ATTATCCCATCGGTTA	TRUE
NIH_Ao_ATTATCCTCGCCAAAT	NIH_Ao	ATTATCCTCGCCAAAT	SRR11008271	271_ATTATCCTCGCCAAAT	TRUE
NIH_Ao_ATTCTACAGTGAATTG	NIH_Ao	ATTCTACAGTGAATTG	SRR11008271	271_ATTCTACAGTGAATTG	TRUE
NIH_Ao_ATTCTACAGTTACGGG	NIH_Ao	ATTCTACAGTTACGGG	SRR11008271	271_ATTCTACAGTTACGGG	TRUE
NIH_Ao_ATTCTACCAGCTGCAC	NIH_Ao	ATTCTACCAGCTGCAC	SRR11008271	271_ATTCTACCAGCTGCAC	TRUE
NIH_Ao_ATTCTACGTCCAGTTA	NIH_Ao	ATTCTACGTCCAGTTA	SRR11008271	271_ATTCTACGTCCAGTTA	TRUE
NIH_Ao_ATTCTACTCAGCTTAG	NIH_Ao	ATTCTACTCAGCTTAG	SRR11008271	271_ATTCTACTCAGCTTAG	TRUE
NIH_Ao_ATTCTACTCCCTCAGT	NIH_Ao	ATTCTACTCCCTCAGT	SRR11008271	271_ATTCTACTCCCTCAGT	TRUE
NIH_Ao_ATTGGACCATACGCCG	NIH_Ao	ATTGGACCATACGCCG	SRR11008271	271_ATTGGACCATACGCCG	TRUE
NIH_Ao_ATTGGACCATATACCG	NIH_Ao	ATTGGACCATATACCG	SRR11008271	271_ATTGGACCATATACCG	TRUE
NIH_Ao_ATTGGTGAGTGTGGCA	NIH_Ao	ATTGGTGAGTGTGGCA	SRR11008271	271_ATTGGTGAGTGTGGCA	TRUE
NIH_Ao_ATTGGTGCAAGTAGTA	NIH_Ao	ATTGGTGCAAGTAGTA	SRR11008271	271_ATTGGTGCAAGTAGTA	TRUE
NIH_Ao_ATTTCTGAGTGCAAGC	NIH_Ao	ATTTCTGAGTGCAAGC	SRR11008271	271_ATTTCTGAGTGCAAGC	TRUE
NIH_Ao_CAACCAACATATACCG	NIH_Ao	CAACCAACATATACCG	SRR11008271	271_CAACCAACATATACCG	TRUE
NIH_Ao_CAACCAAGTCGCGAAA	NIH_Ao	CAACCAAGTCGCGAAA	SRR11008271	271_CAACCAAGTCGCGAAA	TRUE
NIH_Ao_CAACCAATCCGTACAA	NIH_Ao	CAACCAATCCGTACAA	SRR11008271	271_CAACCAATCCGTACAA	TRUE
NIH_Ao_CAACCTCAGAGCTGGT	NIH_Ao	CAACCTCAGAGCTGGT	SRR11008271	271_CAACCTCAGAGCTGGT	TRUE
NIH_Ao_CAACCTCCACACCGCA	NIH_Ao	CAACCTCCACACCGCA	SRR11008271	271_CAACCTCCACACCGCA	TRUE
NIH_Ao_CAACCTCCATCAGTCA	NIH_Ao	CAACCTCCATCAGTCA	SRR11008271	271_CAACCTCCATCAGTCA	TRUE
NIH_Ao_CAACCTCGTGGCAAAC	NIH_Ao	CAACCTCGTGGCAAAC	SRR11008271	271_CAACCTCGTGGCAAAC	TRUE
NIH_Ao_CAACCTCGTTGTGGAG	NIH_Ao	CAACCTCGTTGTGGAG	SRR11008271	271_CAACCTCGTTGTGGAG	TRUE
NIH_Ao_CAACCTCTCAACACAC	NIH_Ao	CAACCTCTCAACACAC	SRR11008271	271_CAACCTCTCAACACAC	TRUE
NIH_Ao_CAACTAGCATTCTTAC	NIH_Ao	CAACTAGCATTCTTAC	SRR11008271	271_CAACTAGCATTCTTAC	TRUE
NIH_Ao_CAACTAGGTCTGATTG	NIH_Ao	CAACTAGGTCTGATTG	SRR11008271	271_CAACTAGGTCTGATTG	TRUE
NIH_Ao_CAACTAGGTTCGTGAT	NIH_Ao	CAACTAGGTTCGTGAT	SRR11008271	271_CAACTAGGTTCGTGAT	TRUE
NIH_Ao_CAAGAAACAGGATCGA	NIH_Ao	CAAGAAACAGGATCGA	SRR11008271	271_CAAGAAACAGGATCGA	TRUE
NIH_Ao_CAAGAAAGTACCAGTT	NIH_Ao	CAAGAAAGTACCAGTT	SRR11008271	271_CAAGAAAGTACCAGTT	TRUE
NIH_Ao_CAAGAAAGTCTAGTCA	NIH_Ao	CAAGAAAGTCTAGTCA	SRR11008271	271_CAAGAAAGTCTAGTCA	TRUE
NIH_Ao_CAAGAAAGTGTTGGGA	NIH_Ao	CAAGAAAGTGTTGGGA	SRR11008271	271_CAAGAAAGTGTTGGGA	TRUE
NIH_Ao_CAAGAAATCAGAAATG	NIH_Ao	CAAGAAATCAGAAATG	SRR11008271	271_CAAGAAATCAGAAATG	TRUE
NIH_Ao_CAAGATCCAATGGTCT	NIH_Ao	CAAGATCCAATGGTCT	SRR11008271	271_CAAGATCCAATGGTCT	TRUE
NIH_Ao_CAAGATCCATCCGCGA	NIH_Ao	CAAGATCCATCCGCGA	SRR11008271	271_CAAGATCCATCCGCGA	TRUE
NIH_Ao_CAAGATCGTCATCCCT	NIH_Ao	CAAGATCGTCATCCCT	SRR11008271	271_CAAGATCGTCATCCCT	TRUE
NIH_Ao_CAAGATCGTCTAGCCG	NIH_Ao	CAAGATCGTCTAGCCG	SRR11008271	271_CAAGATCGTCTAGCCG	TRUE
NIH_Ao_CAAGATCTCTATCCTA	NIH_Ao	CAAGATCTCTATCCTA	SRR11008271	271_CAAGATCTCTATCCTA	TRUE
NIH_Ao_CAAGGCCCAGGCAGTA	NIH_Ao	CAAGGCCCAGGCAGTA	SRR11008271	271_CAAGGCCCAGGCAGTA	TRUE
NIH_Ao_CAAGGCCGTCTTCGTC	NIH_Ao	CAAGGCCGTCTTCGTC	SRR11008271	271_CAAGGCCGTCTTCGTC	TRUE
NIH_Ao_CAAGGCCGTGTTGGGA	NIH_Ao	CAAGGCCGTGTTGGGA	SRR11008271	271_CAAGGCCGTGTTGGGA	TRUE
NIH_Ao_CAAGGCCTCACATAGC	NIH_Ao	CAAGGCCTCACATAGC	SRR11008271	271_CAAGGCCTCACATAGC	TRUE
NIH_Ao_CAAGTTGAGGGCATGT	NIH_Ao	CAAGTTGAGGGCATGT	SRR11008271	271_CAAGTTGAGGGCATGT	TRUE
NIH_Ao_CAAGTTGGTTCAGACT	NIH_Ao	CAAGTTGGTTCAGACT	SRR11008271	271_CAAGTTGGTTCAGACT	TRUE
NIH_Ao_CACAAACAGCTGAAAT	NIH_Ao	CACAAACAGCTGAAAT	SRR11008271	271_CACAAACAGCTGAAAT	TRUE
NIH_Ao_CACAAACAGGCGATAC	NIH_Ao	CACAAACAGGCGATAC	SRR11008271	271_CACAAACAGGCGATAC	TRUE
NIH_Ao_CACAAACCAAATCCGT	NIH_Ao	CACAAACCAAATCCGT	SRR11008271	271_CACAAACCAAATCCGT	TRUE
NIH_Ao_CACAAACCATACTACG	NIH_Ao	CACAAACCATACTACG	SRR11008271	271_CACAAACCATACTACG	TRUE
NIH_Ao_CACAAACGTAAGGGCT	NIH_Ao	CACAAACGTAAGGGCT	SRR11008271	271_CACAAACGTAAGGGCT	TRUE
NIH_Ao_CACAAACGTAGCTAAA	NIH_Ao	CACAAACGTAGCTAAA	SRR11008271	271_CACAAACGTAGCTAAA	TRUE
NIH_Ao_CACAAACGTCACCCAG	NIH_Ao	CACAAACGTCACCCAG	SRR11008271	271_CACAAACGTCACCCAG	TRUE
NIH_Ao_CACAAACTCACTGGGC	NIH_Ao	CACAAACTCACTGGGC	SRR11008271	271_CACAAACTCACTGGGC	TRUE
NIH_Ao_CACACAAAGCTCTCGG	NIH_Ao	CACACAAAGCTCTCGG	SRR11008271	271_CACACAAAGCTCTCGG	TRUE
NIH_Ao_CACACAAAGTTGCAGG	NIH_Ao	CACACAAAGTTGCAGG	SRR11008271	271_CACACAAAGTTGCAGG	TRUE
NIH_Ao_CACACAACAAACAACA	NIH_Ao	CACACAACAAACAACA	SRR11008271	271_CACACAACAAACAACA	TRUE
NIH_Ao_CACACAAGTCCAAGTT	NIH_Ao	CACACAAGTCCAAGTT	SRR11008271	271_CACACAAGTCCAAGTT	TRUE
NIH_Ao_CACACAAGTGTAACGG	NIH_Ao	CACACAAGTGTAACGG	SRR11008271	271_CACACAAGTGTAACGG	TRUE
NIH_Ao_CACACAATCAGAGGTG	NIH_Ao	CACACAATCAGAGGTG	SRR11008271	271_CACACAATCAGAGGTG	TRUE
NIH_Ao_CACACCTAGATACACA	NIH_Ao	CACACCTAGATACACA	SRR11008271	271_CACACCTAGATACACA	TRUE
NIH_Ao_CACACCTAGGTGCTTT	NIH_Ao	CACACCTAGGTGCTTT	SRR11008271	271_CACACCTAGGTGCTTT	TRUE
NIH_Ao_CACACCTCACGGTGTC	NIH_Ao	CACACCTCACGGTGTC	SRR11008271	271_CACACCTCACGGTGTC	TRUE
NIH_Ao_CACACCTCAGATGAGC	NIH_Ao	CACACCTCAGATGAGC	SRR11008271	271_CACACCTCAGATGAGC	TRUE
NIH_Ao_CACACCTGTGCAGGTA	NIH_Ao	CACACCTGTGCAGGTA	SRR11008271	271_CACACCTGTGCAGGTA	TRUE
NIH_Ao_CACACCTTCAGCTTAG	NIH_Ao	CACACCTTCAGCTTAG	SRR11008271	271_CACACCTTCAGCTTAG	TRUE
NIH_Ao_CACACCTTCTGCAAGT	NIH_Ao	CACACCTTCTGCAAGT	SRR11008271	271_CACACCTTCTGCAAGT	TRUE
NIH_Ao_CACACTCTCAACACGT	NIH_Ao	CACACTCTCAACACGT	SRR11008271	271_CACACTCTCAACACGT	TRUE
NIH_Ao_CACACTCTCAGATAAG	NIH_Ao	CACACTCTCAGATAAG	SRR11008271	271_CACACTCTCAGATAAG	TRUE
NIH_Ao_CACACTCTCATGCTCC	NIH_Ao	CACACTCTCATGCTCC	SRR11008271	271_CACACTCTCATGCTCC	TRUE
NIH_Ao_CACACTCTCCCTAACC	NIH_Ao	CACACTCTCCCTAACC	SRR11008271	271_CACACTCTCCCTAACC	TRUE
NIH_Ao_CACACTCTCGCCAGCA	NIH_Ao	CACACTCTCGCCAGCA	SRR11008271	271_CACACTCTCGCCAGCA	TRUE
NIH_Ao_CACAGGCAGCTTATCG	NIH_Ao	CACAGGCAGCTTATCG	SRR11008271	271_CACAGGCAGCTTATCG	TRUE
NIH_Ao_CACAGGCAGGACCACA	NIH_Ao	CACAGGCAGGACCACA	SRR11008271	271_CACAGGCAGGACCACA	TRUE
NIH_Ao_CACAGGCTCTCATTCA	NIH_Ao	CACAGGCTCTCATTCA	SRR11008271	271_CACAGGCTCTCATTCA	TRUE
NIH_Ao_CACAGTAAGCAGGTCA	NIH_Ao	CACAGTAAGCAGGTCA	SRR11008271	271_CACAGTAAGCAGGTCA	TRUE
NIH_Ao_CACAGTACAAAGAATC	NIH_Ao	CACAGTACAAAGAATC	SRR11008271	271_CACAGTACAAAGAATC	TRUE
NIH_Ao_CACAGTACAAGGGTCA	NIH_Ao	CACAGTACAAGGGTCA	SRR11008271	271_CACAGTACAAGGGTCA	TRUE
NIH_Ao_CACAGTACAGAGTGTG	NIH_Ao	CACAGTACAGAGTGTG	SRR11008271	271_CACAGTACAGAGTGTG	TRUE
NIH_Ao_CACAGTACATACGCTA	NIH_Ao	CACAGTACATACGCTA	SRR11008271	271_CACAGTACATACGCTA	TRUE
NIH_Ao_CACAGTAGTACTTGAC	NIH_Ao	CACAGTAGTACTTGAC	SRR11008271	271_CACAGTAGTACTTGAC	TRUE
NIH_Ao_CACAGTAGTTTGCATG	NIH_Ao	CACAGTAGTTTGCATG	SRR11008271	271_CACAGTAGTTTGCATG	TRUE
NIH_Ao_CACAGTATCTCTAAGG	NIH_Ao	CACAGTATCTCTAAGG	SRR11008271	271_CACAGTATCTCTAAGG	TRUE
NIH_Ao_CACATAGAGAAGGCCT	NIH_Ao	CACATAGAGAAGGCCT	SRR11008271	271_CACATAGAGAAGGCCT	TRUE
NIH_Ao_CACATAGAGACGACGT	NIH_Ao	CACATAGAGACGACGT	SRR11008271	271_CACATAGAGACGACGT	TRUE
NIH_Ao_CACATAGGTGCAGTAG	NIH_Ao	CACATAGGTGCAGTAG	SRR11008271	271_CACATAGGTGCAGTAG	TRUE
NIH_Ao_CACATAGTCTGCCAGG	NIH_Ao	CACATAGTCTGCCAGG	SRR11008271	271_CACATAGTCTGCCAGG	TRUE
NIH_Ao_CACATTTCACCGAATT	NIH_Ao	CACATTTCACCGAATT	SRR11008271	271_CACATTTCACCGAATT	TRUE
NIH_Ao_CACATTTCATGCAATC	NIH_Ao	CACATTTCATGCAATC	SRR11008271	271_CACATTTCATGCAATC	TRUE
NIH_Ao_CACATTTTCATGTAGC	NIH_Ao	CACATTTTCATGTAGC	SRR11008271	271_CACATTTTCATGTAGC	TRUE
NIH_Ao_CACCACTAGGGTATCG	NIH_Ao	CACCACTAGGGTATCG	SRR11008271	271_CACCACTAGGGTATCG	TRUE
NIH_Ao_CACCACTCACGAGGTA	NIH_Ao	CACCACTCACGAGGTA	SRR11008271	271_CACCACTCACGAGGTA	FALSE
NIH_Ao_CACCACTCAGTGAGTG	NIH_Ao	CACCACTCAGTGAGTG	SRR11008271	271_CACCACTCAGTGAGTG	TRUE
NIH_Ao_CACCACTCATGCTAGT	NIH_Ao	CACCACTCATGCTAGT	SRR11008271	271_CACCACTCATGCTAGT	TRUE
NIH_Ao_CACCACTGTTGTTTGG	NIH_Ao	CACCACTGTTGTTTGG	SRR11008271	271_CACCACTGTTGTTTGG	TRUE
NIH_Ao_CACCAGGCATCCTAGA	NIH_Ao	CACCAGGCATCCTAGA	SRR11008271	271_CACCAGGCATCCTAGA	TRUE
NIH_Ao_CACCAGGGTAGGGACT	NIH_Ao	CACCAGGGTAGGGACT	SRR11008271	271_CACCAGGGTAGGGACT	TRUE
NIH_Ao_CACCAGGGTCCTGCTT	NIH_Ao	CACCAGGGTCCTGCTT	SRR11008271	271_CACCAGGGTCCTGCTT	TRUE
NIH_Ao_CACCAGGGTGTAAGTA	NIH_Ao	CACCAGGGTGTAAGTA	SRR11008271	271_CACCAGGGTGTAAGTA	TRUE
NIH_Ao_CACCAGGTCAGCTTAG	NIH_Ao	CACCAGGTCAGCTTAG	SRR11008271	271_CACCAGGTCAGCTTAG	TRUE
NIH_Ao_CACCTTGAGTTAGGTA	NIH_Ao	CACCTTGAGTTAGGTA	SRR11008271	271_CACCTTGAGTTAGGTA	TRUE
NIH_Ao_CACCTTGCATCCTAGA	NIH_Ao	CACCTTGCATCCTAGA	SRR11008271	271_CACCTTGCATCCTAGA	TRUE
NIH_Ao_CACCTTGGTACTCAAC	NIH_Ao	CACCTTGGTACTCAAC	SRR11008271	271_CACCTTGGTACTCAAC	TRUE
NIH_Ao_CACCTTGGTCCCGACA	NIH_Ao	CACCTTGGTCCCGACA	SRR11008271	271_CACCTTGGTCCCGACA	TRUE
NIH_Ao_CACCTTGTCGCGATCG	NIH_Ao	CACCTTGTCGCGATCG	SRR11008271	271_CACCTTGTCGCGATCG	TRUE
NIH_Ao_CACTCCAAGGCATGTG	NIH_Ao	CACTCCAAGGCATGTG	SRR11008271	271_CACTCCAAGGCATGTG	TRUE
NIH_Ao_CACTCCACAAGGGTCA	NIH_Ao	CACTCCACAAGGGTCA	SRR11008271	271_CACTCCACAAGGGTCA	TRUE
NIH_Ao_CACTCCATCGAGCCCA	NIH_Ao	CACTCCATCGAGCCCA	SRR11008271	271_CACTCCATCGAGCCCA	TRUE
NIH_Ao_CACTCCATCGGACAAG	NIH_Ao	CACTCCATCGGACAAG	SRR11008271	271_CACTCCATCGGACAAG	TRUE
NIH_Ao_CAGAATCAGCTCCTCT	NIH_Ao	CAGAATCAGCTCCTCT	SRR11008271	271_CAGAATCAGCTCCTCT	TRUE
NIH_Ao_CAGAATCCAAAGGTGC	NIH_Ao	CAGAATCCAAAGGTGC	SRR11008271	271_CAGAATCCAAAGGTGC	TRUE
NIH_Ao_CAGAATCCATCTATGG	NIH_Ao	CAGAATCCATCTATGG	SRR11008271	271_CAGAATCCATCTATGG	TRUE
NIH_Ao_CAGAATCGTGAACCTT	NIH_Ao	CAGAATCGTGAACCTT	SRR11008271	271_CAGAATCGTGAACCTT	TRUE
NIH_Ao_CAGAATCTCAGGTAAA	NIH_Ao	CAGAATCTCAGGTAAA	SRR11008271	271_CAGAATCTCAGGTAAA	TRUE
NIH_Ao_CAGAGAGAGCTAGCCC	NIH_Ao	CAGAGAGAGCTAGCCC	SRR11008271	271_CAGAGAGAGCTAGCCC	TRUE
NIH_Ao_CAGAGAGCAAAGTCAA	NIH_Ao	CAGAGAGCAAAGTCAA	SRR11008271	271_CAGAGAGCAAAGTCAA	TRUE
NIH_Ao_CAGAGAGCAGCTATTG	NIH_Ao	CAGAGAGCAGCTATTG	SRR11008271	271_CAGAGAGCAGCTATTG	TRUE
NIH_Ao_CAGAGAGGTAACGCGA	NIH_Ao	CAGAGAGGTAACGCGA	SRR11008271	271_CAGAGAGGTAACGCGA	TRUE
NIH_Ao_CAGAGAGGTCATTAGC	NIH_Ao	CAGAGAGGTCATTAGC	SRR11008271	271_CAGAGAGGTCATTAGC	TRUE
NIH_Ao_CAGAGAGGTGTCAATC	NIH_Ao	CAGAGAGGTGTCAATC	SRR11008271	271_CAGAGAGGTGTCAATC	TRUE
NIH_Ao_CAGAGAGTCGCGTAGC	NIH_Ao	CAGAGAGTCGCGTAGC	SRR11008271	271_CAGAGAGTCGCGTAGC	TRUE
NIH_Ao_CAGATCAAGATATGCA	NIH_Ao	CAGATCAAGATATGCA	SRR11008271	271_CAGATCAAGATATGCA	TRUE
NIH_Ao_CAGATCACACGTGAGA	NIH_Ao	CAGATCACACGTGAGA	SRR11008271	271_CAGATCACACGTGAGA	TRUE
NIH_Ao_CAGATCACAGGAACGT	NIH_Ao	CAGATCACAGGAACGT	SRR11008271	271_CAGATCACAGGAACGT	TRUE
NIH_Ao_CAGATCAGTTGTGGAG	NIH_Ao	CAGATCAGTTGTGGAG	SRR11008271	271_CAGATCAGTTGTGGAG	TRUE
NIH_Ao_CAGATCATCGTATCAG	NIH_Ao	CAGATCATCGTATCAG	SRR11008271	271_CAGATCATCGTATCAG	TRUE
NIH_Ao_CAGCAGCAGTTTCCTT	NIH_Ao	CAGCAGCAGTTTCCTT	SRR11008271	271_CAGCAGCAGTTTCCTT	TRUE
NIH_Ao_CAGCAGCCACCGTTGG	NIH_Ao	CAGCAGCCACCGTTGG	SRR11008271	271_CAGCAGCCACCGTTGG	TRUE
NIH_Ao_CAGCAGCGTGACAAAT	NIH_Ao	CAGCAGCGTGACAAAT	SRR11008271	271_CAGCAGCGTGACAAAT	TRUE
NIH_Ao_CAGCAGCTCGCCGTGA	NIH_Ao	CAGCAGCTCGCCGTGA	SRR11008271	271_CAGCAGCTCGCCGTGA	TRUE
NIH_Ao_CAGCATAAGACTACAA	NIH_Ao	CAGCATAAGACTACAA	SRR11008271	271_CAGCATAAGACTACAA	TRUE
NIH_Ao_CAGCATAAGCTACCGC	NIH_Ao	CAGCATAAGCTACCGC	SRR11008271	271_CAGCATAAGCTACCGC	TRUE
NIH_Ao_CAGCATACAAAGTGCG	NIH_Ao	CAGCATACAAAGTGCG	SRR11008271	271_CAGCATACAAAGTGCG	TRUE
NIH_Ao_CAGCATACACGGCGTT	NIH_Ao	CAGCATACACGGCGTT	SRR11008271	271_CAGCATACACGGCGTT	TRUE
NIH_Ao_CAGCATAGTAGCTGCC	NIH_Ao	CAGCATAGTAGCTGCC	SRR11008271	271_CAGCATAGTAGCTGCC	TRUE
NIH_Ao_CAGCATAGTTGTGGAG	NIH_Ao	CAGCATAGTTGTGGAG	SRR11008271	271_CAGCATAGTTGTGGAG	TRUE
NIH_Ao_CAGCATATCTCCAGGG	NIH_Ao	CAGCATATCTCCAGGG	SRR11008271	271_CAGCATATCTCCAGGG	TRUE
NIH_Ao_CAGCCGAAGTCGCCGT	NIH_Ao	CAGCCGAAGTCGCCGT	SRR11008271	271_CAGCCGAAGTCGCCGT	TRUE
NIH_Ao_CAGCCGACAGTTTACG	NIH_Ao	CAGCCGACAGTTTACG	SRR11008271	271_CAGCCGACAGTTTACG	TRUE
NIH_Ao_CAGCCGAGTAAAGGAG	NIH_Ao	CAGCCGAGTAAAGGAG	SRR11008271	271_CAGCCGAGTAAAGGAG	TRUE
NIH_Ao_CAGCCGAGTACTCTCC	NIH_Ao	CAGCCGAGTACTCTCC	SRR11008271	271_CAGCCGAGTACTCTCC	TRUE
NIH_Ao_CAGCCGAGTCTGCCAG	NIH_Ao	CAGCCGAGTCTGCCAG	SRR11008271	271_CAGCCGAGTCTGCCAG	TRUE
NIH_Ao_CAGCCGATCCAACCAA	NIH_Ao	CAGCCGATCCAACCAA	SRR11008271	271_CAGCCGATCCAACCAA	TRUE
NIH_Ao_CAGCCGATCCACGCAG	NIH_Ao	CAGCCGATCCACGCAG	SRR11008271	271_CAGCCGATCCACGCAG	TRUE
NIH_Ao_CAGCCGATCCGCGTTT	NIH_Ao	CAGCCGATCCGCGTTT	SRR11008271	271_CAGCCGATCCGCGTTT	TRUE
NIH_Ao_CAGCGACAGTGTGGCA	NIH_Ao	CAGCGACAGTGTGGCA	SRR11008271	271_CAGCGACAGTGTGGCA	TRUE
NIH_Ao_CAGCGACCACCAGGTC	NIH_Ao	CAGCGACCACCAGGTC	SRR11008271	271_CAGCGACCACCAGGTC	TRUE
NIH_Ao_CAGCGACGTGTCAATC	NIH_Ao	CAGCGACGTGTCAATC	SRR11008271	271_CAGCGACGTGTCAATC	TRUE
NIH_Ao_CAGCGACTCAGCATGT	NIH_Ao	CAGCGACTCAGCATGT	SRR11008271	271_CAGCGACTCAGCATGT	TRUE
NIH_Ao_CAGCGACTCGCGCCAA	NIH_Ao	CAGCGACTCGCGCCAA	SRR11008271	271_CAGCGACTCGCGCCAA	TRUE
NIH_Ao_CAGCGACTCGTTACAG	NIH_Ao	CAGCGACTCGTTACAG	SRR11008271	271_CAGCGACTCGTTACAG	TRUE
NIH_Ao_CAGCTAACAGGAATGC	NIH_Ao	CAGCTAACAGGAATGC	SRR11008271	271_CAGCTAACAGGAATGC	TRUE
NIH_Ao_CAGCTAATCCAGGGCT	NIH_Ao	CAGCTAATCCAGGGCT	SRR11008271	271_CAGCTAATCCAGGGCT	TRUE
NIH_Ao_CAGCTGGCAGTTAACC	NIH_Ao	CAGCTGGCAGTTAACC	SRR11008271	271_CAGCTGGCAGTTAACC	TRUE
NIH_Ao_CAGCTGGTCTAACCGA	NIH_Ao	CAGCTGGTCTAACCGA	SRR11008271	271_CAGCTGGTCTAACCGA	TRUE
NIH_Ao_CAGGTGCAGGCGCTCT	NIH_Ao	CAGGTGCAGGCGCTCT	SRR11008271	271_CAGGTGCAGGCGCTCT	TRUE
NIH_Ao_CAGGTGCGTAGCGCAA	NIH_Ao	CAGGTGCGTAGCGCAA	SRR11008271	271_CAGGTGCGTAGCGCAA	TRUE
NIH_Ao_CAGGTGCTCAGTGCAT	NIH_Ao	CAGGTGCTCAGTGCAT	SRR11008271	271_CAGGTGCTCAGTGCAT	TRUE
NIH_Ao_CAGGTGCTCGTACGGC	NIH_Ao	CAGGTGCTCGTACGGC	SRR11008271	271_CAGGTGCTCGTACGGC	TRUE
NIH_Ao_CAGGTGCTCTTGCATT	NIH_Ao	CAGGTGCTCTTGCATT	SRR11008271	271_CAGGTGCTCTTGCATT	TRUE
NIH_Ao_CAGTAACAGCGGCTTC	NIH_Ao	CAGTAACAGCGGCTTC	SRR11008271	271_CAGTAACAGCGGCTTC	TRUE
NIH_Ao_CAGTAACAGTTGTAGA	NIH_Ao	CAGTAACAGTTGTAGA	SRR11008271	271_CAGTAACAGTTGTAGA	TRUE
NIH_Ao_CAGTAACCATCAGTAC	NIH_Ao	CAGTAACCATCAGTAC	SRR11008271	271_CAGTAACCATCAGTAC	TRUE
NIH_Ao_CAGTAACGTCGGATCC	NIH_Ao	CAGTAACGTCGGATCC	SRR11008271	271_CAGTAACGTCGGATCC	TRUE
NIH_Ao_CAGTAACGTGAAGGCT	NIH_Ao	CAGTAACGTGAAGGCT	SRR11008271	271_CAGTAACGTGAAGGCT	TRUE
NIH_Ao_CAGTCCTAGCAATCTC	NIH_Ao	CAGTCCTAGCAATCTC	SRR11008271	271_CAGTCCTAGCAATCTC	TRUE
NIH_Ao_CAGTCCTCACACAGAG	NIH_Ao	CAGTCCTCACACAGAG	SRR11008271	271_CAGTCCTCACACAGAG	TRUE
NIH_Ao_CATATGGCAGGTCTCG	NIH_Ao	CATATGGCAGGTCTCG	SRR11008271	271_CATATGGCAGGTCTCG	TRUE
NIH_Ao_CATATGGGTGTGGTTT	NIH_Ao	CATATGGGTGTGGTTT	SRR11008271	271_CATATGGGTGTGGTTT	TRUE
NIH_Ao_CATATGGTCAGCTCGG	NIH_Ao	CATATGGTCAGCTCGG	SRR11008271	271_CATATGGTCAGCTCGG	TRUE
NIH_Ao_CATATGGTCTTGAGAC	NIH_Ao	CATATGGTCTTGAGAC	SRR11008271	271_CATATGGTCTTGAGAC	TRUE
NIH_Ao_CATATTCAGAAACCGC	NIH_Ao	CATATTCAGAAACCGC	SRR11008271	271_CATATTCAGAAACCGC	TRUE
NIH_Ao_CATATTCCAAATTGCC	NIH_Ao	CATATTCCAAATTGCC	SRR11008271	271_CATATTCCAAATTGCC	TRUE
NIH_Ao_CATATTCCAATGGAAT	NIH_Ao	CATATTCCAATGGAAT	SRR11008271	271_CATATTCCAATGGAAT	TRUE
NIH_Ao_CATATTCGTATAGGTA	NIH_Ao	CATATTCGTATAGGTA	SRR11008271	271_CATATTCGTATAGGTA	TRUE
NIH_Ao_CATATTCGTTCAGGCC	NIH_Ao	CATATTCGTTCAGGCC	SRR11008271	271_CATATTCGTTCAGGCC	TRUE
NIH_Ao_CATATTCTCATTTGGG	NIH_Ao	CATATTCTCATTTGGG	SRR11008271	271_CATATTCTCATTTGGG	TRUE
NIH_Ao_CATCAAGCATCCTAGA	NIH_Ao	CATCAAGCATCCTAGA	SRR11008271	271_CATCAAGCATCCTAGA	TRUE
NIH_Ao_CATCAAGGTCAGATAA	NIH_Ao	CATCAAGGTCAGATAA	SRR11008271	271_CATCAAGGTCAGATAA	TRUE
NIH_Ao_CATCAAGGTGTAAGTA	NIH_Ao	CATCAAGGTGTAAGTA	SRR11008271	271_CATCAAGGTGTAAGTA	TRUE
NIH_Ao_CATCAAGGTTATTCTC	NIH_Ao	CATCAAGGTTATTCTC	SRR11008271	271_CATCAAGGTTATTCTC	TRUE
NIH_Ao_CATCAAGTCGCCTGAG	NIH_Ao	CATCAAGTCGCCTGAG	SRR11008271	271_CATCAAGTCGCCTGAG	TRUE
NIH_Ao_CATCAGACAAGGTTTC	NIH_Ao	CATCAGACAAGGTTTC	SRR11008271	271_CATCAGACAAGGTTTC	TRUE
NIH_Ao_CATCAGACACGCTTTC	NIH_Ao	CATCAGACACGCTTTC	SRR11008271	271_CATCAGACACGCTTTC	TRUE
NIH_Ao_CATCAGAGTGACTCAT	NIH_Ao	CATCAGAGTGACTCAT	SRR11008271	271_CATCAGAGTGACTCAT	TRUE
NIH_Ao_CATCAGATCACGCGGT	NIH_Ao	CATCAGATCACGCGGT	SRR11008271	271_CATCAGATCACGCGGT	TRUE
NIH_Ao_CATCAGATCGCCTGTT	NIH_Ao	CATCAGATCGCCTGTT	SRR11008271	271_CATCAGATCGCCTGTT	TRUE
NIH_Ao_CATCCACAGCTGAACG	NIH_Ao	CATCCACAGCTGAACG	SRR11008271	271_CATCCACAGCTGAACG	TRUE
NIH_Ao_CATCCACCACAGTCGC	NIH_Ao	CATCCACCACAGTCGC	SRR11008271	271_CATCCACCACAGTCGC	TRUE
NIH_Ao_CATCCACGTTGACGTT	NIH_Ao	CATCCACGTTGACGTT	SRR11008271	271_CATCCACGTTGACGTT	TRUE
NIH_Ao_CATCCACGTTGGGACA	NIH_Ao	CATCCACGTTGGGACA	SRR11008271	271_CATCCACGTTGGGACA	TRUE
NIH_Ao_CATCCACTCAGGCCCA	NIH_Ao	CATCCACTCAGGCCCA	SRR11008271	271_CATCCACTCAGGCCCA	TRUE
NIH_Ao_CATCCACTCCAGTATG	NIH_Ao	CATCCACTCCAGTATG	SRR11008271	271_CATCCACTCCAGTATG	TRUE
NIH_Ao_CATCGAACAATCACAC	NIH_Ao	CATCGAACAATCACAC	SRR11008271	271_CATCGAACAATCACAC	TRUE
NIH_Ao_CATCGAAGTCATGCAT	NIH_Ao	CATCGAAGTCATGCAT	SRR11008271	271_CATCGAAGTCATGCAT	TRUE
NIH_Ao_CATCGAAGTCTGGAGA	NIH_Ao	CATCGAAGTCTGGAGA	SRR11008271	271_CATCGAAGTCTGGAGA	TRUE
NIH_Ao_CATCGAAGTGGAAAGA	NIH_Ao	CATCGAAGTGGAAAGA	SRR11008271	271_CATCGAAGTGGAAAGA	TRUE
NIH_Ao_CATCGGGAGCTAACAA	NIH_Ao	CATCGGGAGCTAACAA	SRR11008271	271_CATCGGGAGCTAACAA	TRUE
NIH_Ao_CATCGGGCAAAGCGGT	NIH_Ao	CATCGGGCAAAGCGGT	SRR11008271	271_CATCGGGCAAAGCGGT	TRUE
NIH_Ao_CATCGGGCACCTTGTC	NIH_Ao	CATCGGGCACCTTGTC	SRR11008271	271_CATCGGGCACCTTGTC	TRUE
NIH_Ao_CATGACAAGGAGTTGC	NIH_Ao	CATGACAAGGAGTTGC	SRR11008271	271_CATGACAAGGAGTTGC	TRUE
NIH_Ao_CATGACACAATCACAC	NIH_Ao	CATGACACAATCACAC	SRR11008271	271_CATGACACAATCACAC	TRUE
NIH_Ao_CATGACACACATGGGA	NIH_Ao	CATGACACACATGGGA	SRR11008271	271_CATGACACACATGGGA	TRUE
NIH_Ao_CATGACACATACGCCG	NIH_Ao	CATGACACATACGCCG	SRR11008271	271_CATGACACATACGCCG	TRUE
NIH_Ao_CATGACAGTCAAAGCG	NIH_Ao	CATGACAGTCAAAGCG	SRR11008271	271_CATGACAGTCAAAGCG	TRUE
NIH_Ao_CATGACAGTTCTGAAC	NIH_Ao	CATGACAGTTCTGAAC	SRR11008271	271_CATGACAGTTCTGAAC	TRUE
NIH_Ao_CATGACATCAAGCCTA	NIH_Ao	CATGACATCAAGCCTA	SRR11008271	271_CATGACATCAAGCCTA	TRUE
NIH_Ao_CATGACATCTGATTCT	NIH_Ao	CATGACATCTGATTCT	SRR11008271	271_CATGACATCTGATTCT	TRUE
NIH_Ao_CATGCCTAGACTAGGC	NIH_Ao	CATGCCTAGACTAGGC	SRR11008271	271_CATGCCTAGACTAGGC	TRUE
NIH_Ao_CATGCCTAGCAATCTC	NIH_Ao	CATGCCTAGCAATCTC	SRR11008271	271_CATGCCTAGCAATCTC	TRUE
NIH_Ao_CATGCCTCACAAGCCC	NIH_Ao	CATGCCTCACAAGCCC	SRR11008271	271_CATGCCTCACAAGCCC	TRUE
NIH_Ao_CATGCCTGTCAAAGCG	NIH_Ao	CATGCCTGTCAAAGCG	SRR11008271	271_CATGCCTGTCAAAGCG	TRUE
NIH_Ao_CATGCCTGTTTGACTG	NIH_Ao	CATGCCTGTTTGACTG	SRR11008271	271_CATGCCTGTTTGACTG	TRUE
NIH_Ao_CATGCCTTCCGAACGC	NIH_Ao	CATGCCTTCCGAACGC	SRR11008271	271_CATGCCTTCCGAACGC	TRUE
NIH_Ao_CATGGCGAGAAACCTA	NIH_Ao	CATGGCGAGAAACCTA	SRR11008271	271_CATGGCGAGAAACCTA	TRUE
NIH_Ao_CATGGCGCACAACTGT	NIH_Ao	CATGGCGCACAACTGT	SRR11008271	271_CATGGCGCACAACTGT	TRUE
NIH_Ao_CATGGCGCATAAGACA	NIH_Ao	CATGGCGCATAAGACA	SRR11008271	271_CATGGCGCATAAGACA	TRUE
NIH_Ao_CATGGCGGTAGATTAG	NIH_Ao	CATGGCGGTAGATTAG	SRR11008271	271_CATGGCGGTAGATTAG	TRUE
NIH_Ao_CATGGCGGTGTGACCC	NIH_Ao	CATGGCGGTGTGACCC	SRR11008271	271_CATGGCGGTGTGACCC	TRUE
NIH_Ao_CATGGCGTCTGCCAGG	NIH_Ao	CATGGCGTCTGCCAGG	SRR11008271	271_CATGGCGTCTGCCAGG	TRUE
NIH_Ao_CATTATCAGACTAGAT	NIH_Ao	CATTATCAGACTAGAT	SRR11008271	271_CATTATCAGACTAGAT	TRUE
NIH_Ao_CATTATCCAGGGTACA	NIH_Ao	CATTATCCAGGGTACA	SRR11008271	271_CATTATCCAGGGTACA	TRUE
NIH_Ao_CATTATCCAGGGTATG	NIH_Ao	CATTATCCAGGGTATG	SRR11008271	271_CATTATCCAGGGTATG	TRUE
NIH_Ao_CATTATCCAGGTCGTC	NIH_Ao	CATTATCCAGGTCGTC	SRR11008271	271_CATTATCCAGGTCGTC	TRUE
NIH_Ao_CATTATCGTCTTGTCC	NIH_Ao	CATTATCGTCTTGTCC	SRR11008271	271_CATTATCGTCTTGTCC	TRUE
NIH_Ao_CATTATCGTTGAACTC	NIH_Ao	CATTATCGTTGAACTC	SRR11008271	271_CATTATCGTTGAACTC	TRUE
NIH_Ao_CATTATCGTTTGTTGG	NIH_Ao	CATTATCGTTTGTTGG	SRR11008271	271_CATTATCGTTTGTTGG	TRUE
NIH_Ao_CATTCGCTCAGGCAAG	NIH_Ao	CATTCGCTCAGGCAAG	SRR11008271	271_CATTCGCTCAGGCAAG	TRUE
NIH_Ao_CATTCGCTCCACTCCA	NIH_Ao	CATTCGCTCCACTCCA	SRR11008271	271_CATTCGCTCCACTCCA	TRUE
NIH_Ao_CATTCGCTCTTCGGTC	NIH_Ao	CATTCGCTCTTCGGTC	SRR11008271	271_CATTCGCTCTTCGGTC	TRUE
NIH_Ao_CCAATCCGTTTGGGCC	NIH_Ao	CCAATCCGTTTGGGCC	SRR11008271	271_CCAATCCGTTTGGGCC	TRUE
NIH_Ao_CCACCTAAGCAGCCTC	NIH_Ao	CCACCTAAGCAGCCTC	SRR11008271	271_CCACCTAAGCAGCCTC	TRUE
NIH_Ao_CCACCTAAGGCATTGG	NIH_Ao	CCACCTAAGGCATTGG	SRR11008271	271_CCACCTAAGGCATTGG	TRUE
NIH_Ao_CCACCTACACTTAACG	NIH_Ao	CCACCTACACTTAACG	SRR11008271	271_CCACCTACACTTAACG	TRUE
NIH_Ao_CCACCTACAGGGTATG	NIH_Ao	CCACCTACAGGGTATG	SRR11008271	271_CCACCTACAGGGTATG	TRUE
NIH_Ao_CCACCTAGTAGCTGCC	NIH_Ao	CCACCTAGTAGCTGCC	SRR11008271	271_CCACCTAGTAGCTGCC	TRUE
NIH_Ao_CCACCTATCATGCATG	NIH_Ao	CCACCTATCATGCATG	SRR11008271	271_CCACCTATCATGCATG	TRUE
NIH_Ao_CCACGGAAGTGTGAAT	NIH_Ao	CCACGGAAGTGTGAAT	SRR11008271	271_CCACGGAAGTGTGAAT	TRUE
NIH_Ao_CCACGGACAAGTACCT	NIH_Ao	CCACGGACAAGTACCT	SRR11008271	271_CCACGGACAAGTACCT	TRUE
NIH_Ao_CCACGGACAGAAGCAC	NIH_Ao	CCACGGACAGAAGCAC	SRR11008271	271_CCACGGACAGAAGCAC	TRUE
NIH_Ao_CCACGGACATACTCTT	NIH_Ao	CCACGGACATACTCTT	SRR11008271	271_CCACGGACATACTCTT	TRUE
NIH_Ao_CCACGGAGTTCGTCTC	NIH_Ao	CCACGGAGTTCGTCTC	SRR11008271	271_CCACGGAGTTCGTCTC	TRUE
NIH_Ao_CCACTACAGGCGATAC	NIH_Ao	CCACTACAGGCGATAC	SRR11008271	271_CCACTACAGGCGATAC	TRUE
NIH_Ao_CCACTACCACAAGCCC	NIH_Ao	CCACTACCACAAGCCC	SRR11008271	271_CCACTACCACAAGCCC	TRUE
NIH_Ao_CCACTACGTAGCCTCG	NIH_Ao	CCACTACGTAGCCTCG	SRR11008271	271_CCACTACGTAGCCTCG	TRUE
NIH_Ao_CCACTACTCAGTTTGG	NIH_Ao	CCACTACTCAGTTTGG	SRR11008271	271_CCACTACTCAGTTTGG	TRUE
NIH_Ao_CCAGCGACAAGTCTGT	NIH_Ao	CCAGCGACAAGTCTGT	SRR11008271	271_CCAGCGACAAGTCTGT	TRUE
NIH_Ao_CCAGCGACAGGGAGAG	NIH_Ao	CCAGCGACAGGGAGAG	SRR11008271	271_CCAGCGACAGGGAGAG	TRUE
NIH_Ao_CCAGCGAGTTGGTGGA	NIH_Ao	CCAGCGAGTTGGTGGA	SRR11008271	271_CCAGCGAGTTGGTGGA	TRUE
NIH_Ao_CCAGCGATCGACGGAA	NIH_Ao	CCAGCGATCGACGGAA	SRR11008271	271_CCAGCGATCGACGGAA	TRUE
NIH_Ao_CCAGCGATCGAGGTAG	NIH_Ao	CCAGCGATCGAGGTAG	SRR11008271	271_CCAGCGATCGAGGTAG	TRUE
NIH_Ao_CCATGTCAGGACTGGT	NIH_Ao	CCATGTCAGGACTGGT	SRR11008271	271_CCATGTCAGGACTGGT	TRUE
NIH_Ao_CCATGTCGTACCTACA	NIH_Ao	CCATGTCGTACCTACA	SRR11008271	271_CCATGTCGTACCTACA	TRUE
NIH_Ao_CCATGTCTCCACGCAG	NIH_Ao	CCATGTCTCCACGCAG	SRR11008271	271_CCATGTCTCCACGCAG	TRUE
NIH_Ao_CCATTCGAGTCCATAC	NIH_Ao	CCATTCGAGTCCATAC	SRR11008271	271_CCATTCGAGTCCATAC	TRUE
NIH_Ao_CCATTCGGTAGAGCTG	NIH_Ao	CCATTCGGTAGAGCTG	SRR11008271	271_CCATTCGGTAGAGCTG	TRUE
NIH_Ao_CCATTCGTCGTTTATC	NIH_Ao	CCATTCGTCGTTTATC	SRR11008271	271_CCATTCGTCGTTTATC	TRUE
NIH_Ao_CCATTCGTCTCGGACG	NIH_Ao	CCATTCGTCTCGGACG	SRR11008271	271_CCATTCGTCTCGGACG	TRUE
NIH_Ao_CCCAATCAGCCAACAG	NIH_Ao	CCCAATCAGCCAACAG	SRR11008271	271_CCCAATCAGCCAACAG	TRUE
NIH_Ao_CCCAATCAGCGATATA	NIH_Ao	CCCAATCAGCGATATA	SRR11008271	271_CCCAATCAGCGATATA	TRUE
NIH_Ao_CCCAATCCAATTCCTT	NIH_Ao	CCCAATCCAATTCCTT	SRR11008271	271_CCCAATCCAATTCCTT	TRUE
NIH_Ao_CCCAGTTAGCCTTGAT	NIH_Ao	CCCAGTTAGCCTTGAT	SRR11008271	271_CCCAGTTAGCCTTGAT	TRUE
NIH_Ao_CCCAGTTGTATTCGTG	NIH_Ao	CCCAGTTGTATTCGTG	SRR11008271	271_CCCAGTTGTATTCGTG	TRUE
NIH_Ao_CCCAGTTTCAGGTAAA	NIH_Ao	CCCAGTTTCAGGTAAA	SRR11008271	271_CCCAGTTTCAGGTAAA	TRUE
NIH_Ao_CCCATACTCGGCTTGG	NIH_Ao	CCCATACTCGGCTTGG	SRR11008271	271_CCCATACTCGGCTTGG	TRUE
NIH_Ao_CCCTCCTAGCTACCTA	NIH_Ao	CCCTCCTAGCTACCTA	SRR11008271	271_CCCTCCTAGCTACCTA	TRUE
NIH_Ao_CCCTCCTAGGGAGTAA	NIH_Ao	CCCTCCTAGGGAGTAA	SRR11008271	271_CCCTCCTAGGGAGTAA	TRUE
NIH_Ao_CCCTCCTCAGCCTTGG	NIH_Ao	CCCTCCTCAGCCTTGG	SRR11008271	271_CCCTCCTCAGCCTTGG	TRUE
NIH_Ao_CCCTCCTGTCCGAATT	NIH_Ao	CCCTCCTGTCCGAATT	SRR11008271	271_CCCTCCTGTCCGAATT	TRUE
NIH_Ao_CCCTCCTTCTTTACGT	NIH_Ao	CCCTCCTTCTTTACGT	SRR11008271	271_CCCTCCTTCTTTACGT	TRUE
NIH_Ao_CCGGGATAGCTAGGCA	NIH_Ao	CCGGGATAGCTAGGCA	SRR11008271	271_CCGGGATAGCTAGGCA	TRUE
NIH_Ao_CCGGGATAGGAATCGC	NIH_Ao	CCGGGATAGGAATCGC	SRR11008271	271_CCGGGATAGGAATCGC	TRUE
NIH_Ao_CCGGGATCAGGGAGAG	NIH_Ao	CCGGGATCAGGGAGAG	SRR11008271	271_CCGGGATCAGGGAGAG	TRUE
NIH_Ao_CCGGGATGTCTTTCAT	NIH_Ao	CCGGGATGTCTTTCAT	SRR11008271	271_CCGGGATGTCTTTCAT	TRUE
NIH_Ao_CCGGTAGAGATGTGGC	NIH_Ao	CCGGTAGAGATGTGGC	SRR11008271	271_CCGGTAGAGATGTGGC	TRUE
NIH_Ao_CCGGTAGAGTACACCT	NIH_Ao	CCGGTAGAGTACACCT	SRR11008271	271_CCGGTAGAGTACACCT	TRUE
NIH_Ao_CCGGTAGAGTGACATA	NIH_Ao	CCGGTAGAGTGACATA	SRR11008271	271_CCGGTAGAGTGACATA	TRUE
NIH_Ao_CCGGTAGCAATCCGAT	NIH_Ao	CCGGTAGCAATCCGAT	SRR11008271	271_CCGGTAGCAATCCGAT	TRUE
NIH_Ao_CCGGTAGCACATCTTT	NIH_Ao	CCGGTAGCACATCTTT	SRR11008271	271_CCGGTAGCACATCTTT	TRUE
NIH_Ao_CCGGTAGCACTATCTT	NIH_Ao	CCGGTAGCACTATCTT	SRR11008271	271_CCGGTAGCACTATCTT	TRUE
NIH_Ao_CCGGTAGTCCTGTAGA	NIH_Ao	CCGGTAGTCCTGTAGA	SRR11008271	271_CCGGTAGTCCTGTAGA	TRUE
NIH_Ao_CCGTACTCATTAGGCT	NIH_Ao	CCGTACTCATTAGGCT	SRR11008271	271_CCGTACTCATTAGGCT	TRUE
NIH_Ao_CCGTACTTCACTCTTA	NIH_Ao	CCGTACTTCACTCTTA	SRR11008271	271_CCGTACTTCACTCTTA	TRUE
NIH_Ao_CCGTACTTCCTATTCA	NIH_Ao	CCGTACTTCCTATTCA	SRR11008271	271_CCGTACTTCCTATTCA	TRUE
NIH_Ao_CCGTGGACAGCAGTTT	NIH_Ao	CCGTGGACAGCAGTTT	SRR11008271	271_CCGTGGACAGCAGTTT	TRUE
NIH_Ao_CCGTGGACAGGTGCCT	NIH_Ao	CCGTGGACAGGTGCCT	SRR11008271	271_CCGTGGACAGGTGCCT	TRUE
NIH_Ao_CCGTTCACAGGATCGA	NIH_Ao	CCGTTCACAGGATCGA	SRR11008271	271_CCGTTCACAGGATCGA	TRUE
NIH_Ao_CCGTTCATCCTGCTTG	NIH_Ao	CCGTTCATCCTGCTTG	SRR11008271	271_CCGTTCATCCTGCTTG	TRUE
NIH_Ao_CCTAAAGAGGATTCGG	NIH_Ao	CCTAAAGAGGATTCGG	SRR11008271	271_CCTAAAGAGGATTCGG	TRUE
NIH_Ao_CCTAAAGAGTACGTTC	NIH_Ao	CCTAAAGAGTACGTTC	SRR11008271	271_CCTAAAGAGTACGTTC	TRUE
NIH_Ao_CCTAAAGAGTGAATTG	NIH_Ao	CCTAAAGAGTGAATTG	SRR11008271	271_CCTAAAGAGTGAATTG	TRUE
NIH_Ao_CCTAAAGCAAACGCGA	NIH_Ao	CCTAAAGCAAACGCGA	SRR11008271	271_CCTAAAGCAAACGCGA	TRUE
NIH_Ao_CCTAAAGGTCTAACGT	NIH_Ao	CCTAAAGGTCTAACGT	SRR11008271	271_CCTAAAGGTCTAACGT	TRUE
NIH_Ao_CCTAAAGTCAACCATG	NIH_Ao	CCTAAAGTCAACCATG	SRR11008271	271_CCTAAAGTCAACCATG	TRUE
NIH_Ao_CCTAAAGTCAGTCCCT	NIH_Ao	CCTAAAGTCAGTCCCT	SRR11008271	271_CCTAAAGTCAGTCCCT	TRUE
NIH_Ao_CCTAAAGTCCCACTTG	NIH_Ao	CCTAAAGTCCCACTTG	SRR11008271	271_CCTAAAGTCCCACTTG	TRUE
NIH_Ao_CCTAAAGTCCTGCAGG	NIH_Ao	CCTAAAGTCCTGCAGG	SRR11008271	271_CCTAAAGTCCTGCAGG	TRUE
NIH_Ao_CCTAAAGTCGGAAATA	NIH_Ao	CCTAAAGTCGGAAATA	SRR11008271	271_CCTAAAGTCGGAAATA	TRUE
NIH_Ao_CCTACACAGCTAAACA	NIH_Ao	CCTACACAGCTAAACA	SRR11008271	271_CCTACACAGCTAAACA	TRUE
NIH_Ao_CCTACACCAGTTTACG	NIH_Ao	CCTACACCAGTTTACG	SRR11008271	271_CCTACACCAGTTTACG	TRUE
NIH_Ao_CCTACACCATGCATGT	NIH_Ao	CCTACACCATGCATGT	SRR11008271	271_CCTACACCATGCATGT	TRUE
NIH_Ao_CCTACCACAATGTTGC	NIH_Ao	CCTACCACAATGTTGC	SRR11008271	271_CCTACCACAATGTTGC	TRUE
NIH_Ao_CCTACCACAGTCAGCC	NIH_Ao	CCTACCACAGTCAGCC	SRR11008271	271_CCTACCACAGTCAGCC	TRUE
NIH_Ao_CCTACCAGTTCACGGC	NIH_Ao	CCTACCAGTTCACGGC	SRR11008271	271_CCTACCAGTTCACGGC	TRUE
NIH_Ao_CCTACCAGTTCCAACA	NIH_Ao	CCTACCAGTTCCAACA	SRR11008271	271_CCTACCAGTTCCAACA	TRUE
NIH_Ao_CCTAGCTAGTACACCT	NIH_Ao	CCTAGCTAGTACACCT	SRR11008271	271_CCTAGCTAGTACACCT	TRUE
NIH_Ao_CCTAGCTCACCCTATC	NIH_Ao	CCTAGCTCACCCTATC	SRR11008271	271_CCTAGCTCACCCTATC	TRUE
NIH_Ao_CCTAGCTCACCTATCC	NIH_Ao	CCTAGCTCACCTATCC	SRR11008271	271_CCTAGCTCACCTATCC	TRUE
NIH_Ao_CCTAGCTGTCCAAGTT	NIH_Ao	CCTAGCTGTCCAAGTT	SRR11008271	271_CCTAGCTGTCCAAGTT	TRUE
NIH_Ao_CCTAGCTTCTAGAGTC	NIH_Ao	CCTAGCTTCTAGAGTC	SRR11008271	271_CCTAGCTTCTAGAGTC	TRUE
NIH_Ao_CCTATTAAGATAGCAT	NIH_Ao	CCTATTAAGATAGCAT	SRR11008271	271_CCTATTAAGATAGCAT	FALSE
NIH_Ao_CCTATTAAGTGGGTTG	NIH_Ao	CCTATTAAGTGGGTTG	SRR11008271	271_CCTATTAAGTGGGTTG	TRUE
NIH_Ao_CCTATTACAAAGCGGT	NIH_Ao	CCTATTACAAAGCGGT	SRR11008271	271_CCTATTACAAAGCGGT	TRUE
NIH_Ao_CCTATTACAATCACAC	NIH_Ao	CCTATTACAATCACAC	SRR11008271	271_CCTATTACAATCACAC	TRUE
NIH_Ao_CCTATTACACCAGTTA	NIH_Ao	CCTATTACACCAGTTA	SRR11008271	271_CCTATTACACCAGTTA	TRUE
NIH_Ao_CCTATTATCTGATACG	NIH_Ao	CCTATTATCTGATACG	SRR11008271	271_CCTATTATCTGATACG	TRUE
NIH_Ao_CCTATTATCTGTCAAG	NIH_Ao	CCTATTATCTGTCAAG	SRR11008271	271_CCTATTATCTGTCAAG	TRUE
NIH_Ao_CCTCAGTAGGCATGTG	NIH_Ao	CCTCAGTAGGCATGTG	SRR11008271	271_CCTCAGTAGGCATGTG	TRUE
NIH_Ao_CCTCAGTGTCGAACAG	NIH_Ao	CCTCAGTGTCGAACAG	SRR11008271	271_CCTCAGTGTCGAACAG	TRUE
NIH_Ao_CCTCAGTTCAGCTCTC	NIH_Ao	CCTCAGTTCAGCTCTC	SRR11008271	271_CCTCAGTTCAGCTCTC	TRUE
NIH_Ao_CCTCTGATCACATAGC	NIH_Ao	CCTCTGATCACATAGC	SRR11008271	271_CCTCTGATCACATAGC	TRUE
NIH_Ao_CCTTACGAGTTGAGAT	NIH_Ao	CCTTACGAGTTGAGAT	SRR11008271	271_CCTTACGAGTTGAGAT	TRUE
NIH_Ao_CCTTACGCAACACCCG	NIH_Ao	CCTTACGCAACACCCG	SRR11008271	271_CCTTACGCAACACCCG	TRUE
NIH_Ao_CCTTACGCAGCCTTTC	NIH_Ao	CCTTACGCAGCCTTTC	SRR11008271	271_CCTTACGCAGCCTTTC	TRUE
NIH_Ao_CCTTACGTCTCCAACC	NIH_Ao	CCTTACGTCTCCAACC	SRR11008271	271_CCTTACGTCTCCAACC	TRUE
NIH_Ao_CCTTCCCAGATGGGTC	NIH_Ao	CCTTCCCAGATGGGTC	SRR11008271	271_CCTTCCCAGATGGGTC	TRUE
NIH_Ao_CCTTCCCAGCGCTTAT	NIH_Ao	CCTTCCCAGCGCTTAT	SRR11008271	271_CCTTCCCAGCGCTTAT	TRUE
NIH_Ao_CCTTCCCGTGCAGGTA	NIH_Ao	CCTTCCCGTGCAGGTA	SRR11008271	271_CCTTCCCGTGCAGGTA	TRUE
NIH_Ao_CCTTCCCTCTTATCTG	NIH_Ao	CCTTCCCTCTTATCTG	SRR11008271	271_CCTTCCCTCTTATCTG	TRUE
NIH_Ao_CCTTCGAAGCTGCCCA	NIH_Ao	CCTTCGAAGCTGCCCA	SRR11008271	271_CCTTCGAAGCTGCCCA	TRUE
NIH_Ao_CCTTCGAAGCTGCGAA	NIH_Ao	CCTTCGAAGCTGCGAA	SRR11008271	271_CCTTCGAAGCTGCGAA	TRUE
NIH_Ao_CCTTCGACACCACCAG	NIH_Ao	CCTTCGACACCACCAG	SRR11008271	271_CCTTCGACACCACCAG	TRUE
NIH_Ao_CCTTCGACAGGAATGC	NIH_Ao	CCTTCGACAGGAATGC	SRR11008271	271_CCTTCGACAGGAATGC	TRUE
NIH_Ao_CCTTCGACAGTAAGAT	NIH_Ao	CCTTCGACAGTAAGAT	SRR11008271	271_CCTTCGACAGTAAGAT	TRUE
NIH_Ao_CCTTCGAGTAAGAGAG	NIH_Ao	CCTTCGAGTAAGAGAG	SRR11008271	271_CCTTCGAGTAAGAGAG	TRUE
NIH_Ao_CCTTCGAGTACCCAAT	NIH_Ao	CCTTCGAGTACCCAAT	SRR11008271	271_CCTTCGAGTACCCAAT	TRUE
NIH_Ao_CCTTCGAGTAGGAGTC	NIH_Ao	CCTTCGAGTAGGAGTC	SRR11008271	271_CCTTCGAGTAGGAGTC	TRUE
NIH_Ao_CCTTCGAGTCTTCAAG	NIH_Ao	CCTTCGAGTCTTCAAG	SRR11008271	271_CCTTCGAGTCTTCAAG	TRUE
NIH_Ao_CCTTCGAGTGCGCTTG	NIH_Ao	CCTTCGAGTGCGCTTG	SRR11008271	271_CCTTCGAGTGCGCTTG	TRUE
NIH_Ao_CCTTTCTAGTGTCCAT	NIH_Ao	CCTTTCTAGTGTCCAT	SRR11008271	271_CCTTTCTAGTGTCCAT	TRUE
NIH_Ao_CCTTTCTCATAAGACA	NIH_Ao	CCTTTCTCATAAGACA	SRR11008271	271_CCTTTCTCATAAGACA	TRUE
NIH_Ao_CCTTTCTGTACATGTC	NIH_Ao	CCTTTCTGTACATGTC	SRR11008271	271_CCTTTCTGTACATGTC	TRUE
NIH_Ao_CCTTTCTTCCATGAAC	NIH_Ao	CCTTTCTTCCATGAAC	SRR11008271	271_CCTTTCTTCCATGAAC	TRUE
NIH_Ao_CCTTTCTTCCCAAGAT	NIH_Ao	CCTTTCTTCCCAAGAT	SRR11008271	271_CCTTTCTTCCCAAGAT	TRUE
NIH_Ao_CGAACATAGTTAAGTG	NIH_Ao	CGAACATAGTTAAGTG	SRR11008271	271_CGAACATAGTTAAGTG	TRUE
NIH_Ao_CGAACATGTGTTTGGT	NIH_Ao	CGAACATGTGTTTGGT	SRR11008271	271_CGAACATGTGTTTGGT	TRUE
NIH_Ao_CGAACATTCTGCGTAA	NIH_Ao	CGAACATTCTGCGTAA	SRR11008271	271_CGAACATTCTGCGTAA	TRUE
NIH_Ao_CGAATGTAGCTAACAA	NIH_Ao	CGAATGTAGCTAACAA	SRR11008271	271_CGAATGTAGCTAACAA	TRUE
NIH_Ao_CGAATGTCAGCATACT	NIH_Ao	CGAATGTCAGCATACT	SRR11008271	271_CGAATGTCAGCATACT	TRUE
NIH_Ao_CGAATGTGTAGCGTGA	NIH_Ao	CGAATGTGTAGCGTGA	SRR11008271	271_CGAATGTGTAGCGTGA	TRUE
NIH_Ao_CGAATGTGTCTCAACA	NIH_Ao	CGAATGTGTCTCAACA	SRR11008271	271_CGAATGTGTCTCAACA	TRUE
NIH_Ao_CGAATGTGTGAAGGCT	NIH_Ao	CGAATGTGTGAAGGCT	SRR11008271	271_CGAATGTGTGAAGGCT	TRUE
NIH_Ao_CGACCTTCAGCTGTGC	NIH_Ao	CGACCTTCAGCTGTGC	SRR11008271	271_CGACCTTCAGCTGTGC	TRUE
NIH_Ao_CGACCTTCATGGAATA	NIH_Ao	CGACCTTCATGGAATA	SRR11008271	271_CGACCTTCATGGAATA	TRUE
NIH_Ao_CGACCTTGTAAACGCG	NIH_Ao	CGACCTTGTAAACGCG	SRR11008271	271_CGACCTTGTAAACGCG	TRUE
NIH_Ao_CGACCTTGTAGGAGTC	NIH_Ao	CGACCTTGTAGGAGTC	SRR11008271	271_CGACCTTGTAGGAGTC	TRUE
NIH_Ao_CGACCTTGTCTAGCCG	NIH_Ao	CGACCTTGTCTAGCCG	SRR11008271	271_CGACCTTGTCTAGCCG	TRUE
NIH_Ao_CGACCTTTCCAGATCA	NIH_Ao	CGACCTTTCCAGATCA	SRR11008271	271_CGACCTTTCCAGATCA	TRUE
NIH_Ao_CGACCTTTCCGAACGC	NIH_Ao	CGACCTTTCCGAACGC	SRR11008271	271_CGACCTTTCCGAACGC	TRUE
NIH_Ao_CGACTTCAGCAGATCG	NIH_Ao	CGACTTCAGCAGATCG	SRR11008271	271_CGACTTCAGCAGATCG	TRUE
NIH_Ao_CGACTTCCATTAACCG	NIH_Ao	CGACTTCCATTAACCG	SRR11008271	271_CGACTTCCATTAACCG	TRUE
NIH_Ao_CGACTTCGTAGCGCAA	NIH_Ao	CGACTTCGTAGCGCAA	SRR11008271	271_CGACTTCGTAGCGCAA	TRUE
NIH_Ao_CGACTTCGTATATGAG	NIH_Ao	CGACTTCGTATATGAG	SRR11008271	271_CGACTTCGTATATGAG	TRUE
NIH_Ao_CGACTTCGTATGGTTC	NIH_Ao	CGACTTCGTATGGTTC	SRR11008271	271_CGACTTCGTATGGTTC	TRUE
NIH_Ao_CGACTTCGTCAAAGCG	NIH_Ao	CGACTTCGTCAAAGCG	SRR11008271	271_CGACTTCGTCAAAGCG	TRUE
NIH_Ao_CGACTTCGTCCGCTGA	NIH_Ao	CGACTTCGTCCGCTGA	SRR11008271	271_CGACTTCGTCCGCTGA	TRUE
NIH_Ao_CGACTTCGTCCGTTAA	NIH_Ao	CGACTTCGTCCGTTAA	SRR11008271	271_CGACTTCGTCCGTTAA	TRUE
NIH_Ao_CGACTTCGTCTGATTG	NIH_Ao	CGACTTCGTCTGATTG	SRR11008271	271_CGACTTCGTCTGATTG	TRUE
NIH_Ao_CGAGAAGAGCTAGTTC	NIH_Ao	CGAGAAGAGCTAGTTC	SRR11008271	271_CGAGAAGAGCTAGTTC	TRUE
NIH_Ao_CGAGAAGCAAGGACTG	NIH_Ao	CGAGAAGCAAGGACTG	SRR11008271	271_CGAGAAGCAAGGACTG	TRUE
NIH_Ao_CGAGAAGCATAGACTC	NIH_Ao	CGAGAAGCATAGACTC	SRR11008271	271_CGAGAAGCATAGACTC	TRUE
NIH_Ao_CGAGAAGGTAAACGCG	NIH_Ao	CGAGAAGGTAAACGCG	SRR11008271	271_CGAGAAGGTAAACGCG	TRUE
NIH_Ao_CGAGAAGTCTATGTGG	NIH_Ao	CGAGAAGTCTATGTGG	SRR11008271	271_CGAGAAGTCTATGTGG	TRUE
NIH_Ao_CGAGCACAGCCCGAAA	NIH_Ao	CGAGCACAGCCCGAAA	SRR11008271	271_CGAGCACAGCCCGAAA	TRUE
NIH_Ao_CGAGCACGTAAGGATT	NIH_Ao	CGAGCACGTAAGGATT	SRR11008271	271_CGAGCACGTAAGGATT	TRUE
NIH_Ao_CGAGCACTCATCGGAT	NIH_Ao	CGAGCACTCATCGGAT	SRR11008271	271_CGAGCACTCATCGGAT	TRUE
NIH_Ao_CGAGCACTCTGATTCT	NIH_Ao	CGAGCACTCTGATTCT	SRR11008271	271_CGAGCACTCTGATTCT	TRUE
NIH_Ao_CGAGCCAGTCATCCCT	NIH_Ao	CGAGCCAGTCATCCCT	SRR11008271	271_CGAGCCAGTCATCCCT	TRUE
NIH_Ao_CGATCGGAGTACCGGA	NIH_Ao	CGATCGGAGTACCGGA	SRR11008271	271_CGATCGGAGTACCGGA	TRUE
NIH_Ao_CGATCGGTCGATCCCT	NIH_Ao	CGATCGGTCGATCCCT	SRR11008271	271_CGATCGGTCGATCCCT	TRUE
NIH_Ao_CGATCGGTCTGCGTAA	NIH_Ao	CGATCGGTCTGCGTAA	SRR11008271	271_CGATCGGTCTGCGTAA	TRUE
NIH_Ao_CGATGGCCAGACAAAT	NIH_Ao	CGATGGCCAGACAAAT	SRR11008271	271_CGATGGCCAGACAAAT	TRUE
NIH_Ao_CGATGGCCAGACGCTC	NIH_Ao	CGATGGCCAGACGCTC	SRR11008271	271_CGATGGCCAGACGCTC	TRUE
NIH_Ao_CGATGGCGTACATCCA	NIH_Ao	CGATGGCGTACATCCA	SRR11008271	271_CGATGGCGTACATCCA	TRUE
NIH_Ao_CGATGGCTCACCACCT	NIH_Ao	CGATGGCTCACCACCT	SRR11008271	271_CGATGGCTCACCACCT	TRUE
NIH_Ao_CGATGGCTCCATGAGT	NIH_Ao	CGATGGCTCCATGAGT	SRR11008271	271_CGATGGCTCCATGAGT	TRUE
NIH_Ao_CGATGTAAGACTAGGC	NIH_Ao	CGATGTAAGACTAGGC	SRR11008271	271_CGATGTAAGACTAGGC	TRUE
NIH_Ao_CGATGTAAGGTGACCA	NIH_Ao	CGATGTAAGGTGACCA	SRR11008271	271_CGATGTAAGGTGACCA	TRUE
NIH_Ao_CGATGTACACAGATTC	NIH_Ao	CGATGTACACAGATTC	SRR11008271	271_CGATGTACACAGATTC	TRUE
NIH_Ao_CGATGTAGTACATCCA	NIH_Ao	CGATGTAGTACATCCA	SRR11008271	271_CGATGTAGTACATCCA	TRUE
NIH_Ao_CGATGTAGTTTAGCTG	NIH_Ao	CGATGTAGTTTAGCTG	SRR11008271	271_CGATGTAGTTTAGCTG	TRUE
NIH_Ao_CGATTGAAGGTACTCT	NIH_Ao	CGATTGAAGGTACTCT	SRR11008271	271_CGATTGAAGGTACTCT	TRUE
NIH_Ao_CGATTGACAATCACAC	NIH_Ao	CGATTGACAATCACAC	SRR11008271	271_CGATTGACAATCACAC	TRUE
NIH_Ao_CGATTGACAATGTTGC	NIH_Ao	CGATTGACAATGTTGC	SRR11008271	271_CGATTGACAATGTTGC	TRUE
NIH_Ao_CGATTGACAGTGAGTG	NIH_Ao	CGATTGACAGTGAGTG	SRR11008271	271_CGATTGACAGTGAGTG	TRUE
NIH_Ao_CGATTGACATCAGTAC	NIH_Ao	CGATTGACATCAGTAC	SRR11008271	271_CGATTGACATCAGTAC	TRUE
NIH_Ao_CGATTGACATCCCATC	NIH_Ao	CGATTGACATCCCATC	SRR11008271	271_CGATTGACATCCCATC	TRUE
NIH_Ao_CGATTGATCCTTGACC	NIH_Ao	CGATTGATCCTTGACC	SRR11008271	271_CGATTGATCCTTGACC	TRUE
NIH_Ao_CGATTGATCTGTCTAT	NIH_Ao	CGATTGATCTGTCTAT	SRR11008271	271_CGATTGATCTGTCTAT	TRUE
NIH_Ao_CGCCAAGTCAGAGCTT	NIH_Ao	CGCCAAGTCAGAGCTT	SRR11008271	271_CGCCAAGTCAGAGCTT	TRUE
NIH_Ao_CGCGGTAAGGTAGCTG	NIH_Ao	CGCGGTAAGGTAGCTG	SRR11008271	271_CGCGGTAAGGTAGCTG	TRUE
NIH_Ao_CGCGTTTAGAGGACGG	NIH_Ao	CGCGTTTAGAGGACGG	SRR11008271	271_CGCGTTTAGAGGACGG	TRUE
NIH_Ao_CGCGTTTAGATAGGAG	NIH_Ao	CGCGTTTAGATAGGAG	SRR11008271	271_CGCGTTTAGATAGGAG	TRUE
NIH_Ao_CGCGTTTCAGGCTGAA	NIH_Ao	CGCGTTTCAGGCTGAA	SRR11008271	271_CGCGTTTCAGGCTGAA	TRUE
NIH_Ao_CGCGTTTGTGATGTCT	NIH_Ao	CGCGTTTGTGATGTCT	SRR11008271	271_CGCGTTTGTGATGTCT	TRUE
NIH_Ao_CGCGTTTTCGGATGGA	NIH_Ao	CGCGTTTTCGGATGGA	SRR11008271	271_CGCGTTTTCGGATGGA	TRUE
NIH_Ao_CGCTATCAGGAGCGAG	NIH_Ao	CGCTATCAGGAGCGAG	SRR11008271	271_CGCTATCAGGAGCGAG	TRUE
NIH_Ao_CGCTATCCACGCATCG	NIH_Ao	CGCTATCCACGCATCG	SRR11008271	271_CGCTATCCACGCATCG	TRUE
NIH_Ao_CGCTATCCACGGCGTT	NIH_Ao	CGCTATCCACGGCGTT	SRR11008271	271_CGCTATCCACGGCGTT	TRUE
NIH_Ao_CGCTATCCATCACCCT	NIH_Ao	CGCTATCCATCACCCT	SRR11008271	271_CGCTATCCATCACCCT	TRUE
NIH_Ao_CGCTATCCATGGTAGG	NIH_Ao	CGCTATCCATGGTAGG	SRR11008271	271_CGCTATCCATGGTAGG	TRUE
NIH_Ao_CGCTATCGTGCTTCTC	NIH_Ao	CGCTATCGTGCTTCTC	SRR11008271	271_CGCTATCGTGCTTCTC	TRUE
NIH_Ao_CGCTATCGTGTCAATC	NIH_Ao	CGCTATCGTGTCAATC	SRR11008271	271_CGCTATCGTGTCAATC	TRUE
NIH_Ao_CGCTGGATCAAGGCTT	NIH_Ao	CGCTGGATCAAGGCTT	SRR11008271	271_CGCTGGATCAAGGCTT	TRUE
NIH_Ao_CGCTGGATCAGGCCCA	NIH_Ao	CGCTGGATCAGGCCCA	SRR11008271	271_CGCTGGATCAGGCCCA	TRUE
NIH_Ao_CGCTGGATCATGTCCC	NIH_Ao	CGCTGGATCATGTCCC	SRR11008271	271_CGCTGGATCATGTCCC	TRUE
NIH_Ao_CGCTTCAAGTCAAGGC	NIH_Ao	CGCTTCAAGTCAAGGC	SRR11008271	271_CGCTTCAAGTCAAGGC	TRUE
NIH_Ao_CGCTTCAGTACACCGC	NIH_Ao	CGCTTCAGTACACCGC	SRR11008271	271_CGCTTCAGTACACCGC	TRUE
NIH_Ao_CGCTTCAGTCGCTTCT	NIH_Ao	CGCTTCAGTCGCTTCT	SRR11008271	271_CGCTTCAGTCGCTTCT	TRUE
NIH_Ao_CGCTTCATCACAATGC	NIH_Ao	CGCTTCATCACAATGC	SRR11008271	271_CGCTTCATCACAATGC	TRUE
NIH_Ao_CGGACACCAAGTTGTC	NIH_Ao	CGGACACCAAGTTGTC	SRR11008271	271_CGGACACCAAGTTGTC	TRUE
NIH_Ao_CGGACACCACCAGATT	NIH_Ao	CGGACACCACCAGATT	SRR11008271	271_CGGACACCACCAGATT	TRUE
NIH_Ao_CGGACACGTCTAGCGC	NIH_Ao	CGGACACGTCTAGCGC	SRR11008271	271_CGGACACGTCTAGCGC	TRUE
NIH_Ao_CGGACGTCACGCATCG	NIH_Ao	CGGACGTCACGCATCG	SRR11008271	271_CGGACGTCACGCATCG	TRUE
NIH_Ao_CGGACGTCAGCGTCCA	NIH_Ao	CGGACGTCAGCGTCCA	SRR11008271	271_CGGACGTCAGCGTCCA	TRUE
NIH_Ao_CGGACGTGTGTGACCC	NIH_Ao	CGGACGTGTGTGACCC	SRR11008271	271_CGGACGTGTGTGACCC	TRUE
NIH_Ao_CGGACTGAGTATCGAA	NIH_Ao	CGGACTGAGTATCGAA	SRR11008271	271_CGGACTGAGTATCGAA	TRUE
NIH_Ao_CGGACTGCACATAACC	NIH_Ao	CGGACTGCACATAACC	SRR11008271	271_CGGACTGCACATAACC	TRUE
NIH_Ao_CGGACTGCAGGAACGT	NIH_Ao	CGGACTGCAGGAACGT	SRR11008271	271_CGGACTGCAGGAACGT	TRUE
NIH_Ao_CGGACTGCATCTACGA	NIH_Ao	CGGACTGCATCTACGA	SRR11008271	271_CGGACTGCATCTACGA	TRUE
NIH_Ao_CGGACTGGTACCATCA	NIH_Ao	CGGACTGGTACCATCA	SRR11008271	271_CGGACTGGTACCATCA	TRUE
NIH_Ao_CGGACTGGTCCGAAGA	NIH_Ao	CGGACTGGTCCGAAGA	SRR11008271	271_CGGACTGGTCCGAAGA	TRUE
NIH_Ao_CGGAGCTAGGGTCGAT	NIH_Ao	CGGAGCTAGGGTCGAT	SRR11008271	271_CGGAGCTAGGGTCGAT	TRUE
NIH_Ao_CGGAGCTCATGAGCGA	NIH_Ao	CGGAGCTCATGAGCGA	SRR11008271	271_CGGAGCTCATGAGCGA	TRUE
NIH_Ao_CGGAGCTCATTGAGCT	NIH_Ao	CGGAGCTCATTGAGCT	SRR11008271	271_CGGAGCTCATTGAGCT	TRUE
NIH_Ao_CGGAGCTGTAATAGCA	NIH_Ao	CGGAGCTGTAATAGCA	SRR11008271	271_CGGAGCTGTAATAGCA	TRUE
NIH_Ao_CGGAGCTGTACCGTAT	NIH_Ao	CGGAGCTGTACCGTAT	SRR11008271	271_CGGAGCTGTACCGTAT	TRUE
NIH_Ao_CGGAGCTTCTTCCTTC	NIH_Ao	CGGAGCTTCTTCCTTC	SRR11008271	271_CGGAGCTTCTTCCTTC	TRUE
NIH_Ao_CGGAGTCGTCAAACTC	NIH_Ao	CGGAGTCGTCAAACTC	SRR11008271	271_CGGAGTCGTCAAACTC	TRUE
NIH_Ao_CGGAGTCTCTCAACTT	NIH_Ao	CGGAGTCTCTCAACTT	SRR11008271	271_CGGAGTCTCTCAACTT	TRUE
NIH_Ao_CGGCTAGAGGCGATAC	NIH_Ao	CGGCTAGAGGCGATAC	SRR11008271	271_CGGCTAGAGGCGATAC	TRUE
NIH_Ao_CGGGTCAAGAAAGTGG	NIH_Ao	CGGGTCAAGAAAGTGG	SRR11008271	271_CGGGTCAAGAAAGTGG	TRUE
NIH_Ao_CGGGTCACAGGCAGTA	NIH_Ao	CGGGTCACAGGCAGTA	SRR11008271	271_CGGGTCACAGGCAGTA	TRUE
NIH_Ao_CGGTTAAAGTGTCTCA	NIH_Ao	CGGTTAAAGTGTCTCA	SRR11008271	271_CGGTTAAAGTGTCTCA	TRUE
NIH_Ao_CGGTTAACAAAGTCAA	NIH_Ao	CGGTTAACAAAGTCAA	SRR11008271	271_CGGTTAACAAAGTCAA	TRUE
NIH_Ao_CGGTTAAGTGTGGCTC	NIH_Ao	CGGTTAAGTGTGGCTC	SRR11008271	271_CGGTTAAGTGTGGCTC	TRUE
NIH_Ao_CGTAGCGAGACTACAA	NIH_Ao	CGTAGCGAGACTACAA	SRR11008271	271_CGTAGCGAGACTACAA	TRUE
NIH_Ao_CGTAGCGAGGAGCGTT	NIH_Ao	CGTAGCGAGGAGCGTT	SRR11008271	271_CGTAGCGAGGAGCGTT	TRUE
NIH_Ao_CGTAGCGAGTCCGGTC	NIH_Ao	CGTAGCGAGTCCGGTC	SRR11008271	271_CGTAGCGAGTCCGGTC	TRUE
NIH_Ao_CGTAGCGCAACACCTA	NIH_Ao	CGTAGCGCAACACCTA	SRR11008271	271_CGTAGCGCAACACCTA	TRUE
NIH_Ao_CGTAGCGCACGCATCG	NIH_Ao	CGTAGCGCACGCATCG	SRR11008271	271_CGTAGCGCACGCATCG	TRUE
NIH_Ao_CGTAGCGCACGTTGGC	NIH_Ao	CGTAGCGCACGTTGGC	SRR11008271	271_CGTAGCGCACGTTGGC	TRUE
NIH_Ao_CGTAGCGGTGATAAGT	NIH_Ao	CGTAGCGGTGATAAGT	SRR11008271	271_CGTAGCGGTGATAAGT	TRUE
NIH_Ao_CGTAGCGGTTACGTCA	NIH_Ao	CGTAGCGGTTACGTCA	SRR11008271	271_CGTAGCGGTTACGTCA	TRUE
NIH_Ao_CGTAGGCAGTTACCCA	NIH_Ao	CGTAGGCAGTTACCCA	SRR11008271	271_CGTAGGCAGTTACCCA	TRUE
NIH_Ao_CGTAGGCCACATGGGA	NIH_Ao	CGTAGGCCACATGGGA	SRR11008271	271_CGTAGGCCACATGGGA	TRUE
NIH_Ao_CGTAGGCTCATCGATG	NIH_Ao	CGTAGGCTCATCGATG	SRR11008271	271_CGTAGGCTCATCGATG	TRUE
NIH_Ao_CGTAGGCTCGCGTTTC	NIH_Ao	CGTAGGCTCGCGTTTC	SRR11008271	271_CGTAGGCTCGCGTTTC	TRUE
NIH_Ao_CGTCACTAGCAATCTC	NIH_Ao	CGTCACTAGCAATCTC	SRR11008271	271_CGTCACTAGCAATCTC	TRUE
NIH_Ao_CGTCACTAGGAATGGA	NIH_Ao	CGTCACTAGGAATGGA	SRR11008271	271_CGTCACTAGGAATGGA	TRUE
NIH_Ao_CGTCACTGTGATGCCC	NIH_Ao	CGTCACTGTGATGCCC	SRR11008271	271_CGTCACTGTGATGCCC	TRUE
NIH_Ao_CGTCACTTCACCGTAA	NIH_Ao	CGTCACTTCACCGTAA	SRR11008271	271_CGTCACTTCACCGTAA	TRUE
NIH_Ao_CGTCAGGGTACCCAAT	NIH_Ao	CGTCAGGGTACCCAAT	SRR11008271	271_CGTCAGGGTACCCAAT	TRUE
NIH_Ao_CGTCAGGTCAGAGCTT	NIH_Ao	CGTCAGGTCAGAGCTT	SRR11008271	271_CGTCAGGTCAGAGCTT	TRUE
NIH_Ao_CGTCCATCATTGGCGC	NIH_Ao	CGTCCATCATTGGCGC	SRR11008271	271_CGTCCATCATTGGCGC	TRUE
NIH_Ao_CGTCTACAGGAATTAC	NIH_Ao	CGTCTACAGGAATTAC	SRR11008271	271_CGTCTACAGGAATTAC	TRUE
NIH_Ao_CGTCTACGTGTTTGGT	NIH_Ao	CGTCTACGTGTTTGGT	SRR11008271	271_CGTCTACGTGTTTGGT	TRUE
NIH_Ao_CGTCTACTCCAAACAC	NIH_Ao	CGTCTACTCCAAACAC	SRR11008271	271_CGTCTACTCCAAACAC	TRUE
NIH_Ao_CGTGAGCAGATCGATA	NIH_Ao	CGTGAGCAGATCGATA	SRR11008271	271_CGTGAGCAGATCGATA	TRUE
NIH_Ao_CGTGAGCCAATCCGAT	NIH_Ao	CGTGAGCCAATCCGAT	SRR11008271	271_CGTGAGCCAATCCGAT	TRUE
NIH_Ao_CGTGAGCCACGGCGTT	NIH_Ao	CGTGAGCCACGGCGTT	SRR11008271	271_CGTGAGCCACGGCGTT	TRUE
NIH_Ao_CGTGAGCCAGCTCGCA	NIH_Ao	CGTGAGCCAGCTCGCA	SRR11008271	271_CGTGAGCCAGCTCGCA	TRUE
NIH_Ao_CGTGAGCTCTAACTCT	NIH_Ao	CGTGAGCTCTAACTCT	SRR11008271	271_CGTGAGCTCTAACTCT	TRUE
NIH_Ao_CGTGAGCTCTCGCTTG	NIH_Ao	CGTGAGCTCTCGCTTG	SRR11008271	271_CGTGAGCTCTCGCTTG	TRUE
NIH_Ao_CGTGTAAAGGGTCGAT	NIH_Ao	CGTGTAAAGGGTCGAT	SRR11008271	271_CGTGTAAAGGGTCGAT	TRUE
NIH_Ao_CGTGTAACATCCGGGT	NIH_Ao	CGTGTAACATCCGGGT	SRR11008271	271_CGTGTAACATCCGGGT	TRUE
NIH_Ao_CGTGTAAGTGGAAAGA	NIH_Ao	CGTGTAAGTGGAAAGA	SRR11008271	271_CGTGTAAGTGGAAAGA	TRUE
NIH_Ao_CGTGTCTCACGAGGTA	NIH_Ao	CGTGTCTCACGAGGTA	SRR11008271	271_CGTGTCTCACGAGGTA	TRUE
NIH_Ao_CGTGTCTGTCAACTGT	NIH_Ao	CGTGTCTGTCAACTGT	SRR11008271	271_CGTGTCTGTCAACTGT	TRUE
NIH_Ao_CGTGTCTTCCCGACTT	NIH_Ao	CGTGTCTTCCCGACTT	SRR11008271	271_CGTGTCTTCCCGACTT	TRUE
NIH_Ao_CGTGTCTTCTAACTCT	NIH_Ao	CGTGTCTTCTAACTCT	SRR11008271	271_CGTGTCTTCTAACTCT	TRUE
NIH_Ao_CGTTAGAAGAACTCGG	NIH_Ao	CGTTAGAAGAACTCGG	SRR11008271	271_CGTTAGAAGAACTCGG	TRUE
NIH_Ao_CGTTAGAAGTCGTACT	NIH_Ao	CGTTAGAAGTCGTACT	SRR11008271	271_CGTTAGAAGTCGTACT	TRUE
NIH_Ao_CGTTAGACAATAGAGT	NIH_Ao	CGTTAGACAATAGAGT	SRR11008271	271_CGTTAGACAATAGAGT	TRUE
NIH_Ao_CGTTAGACATATGCTG	NIH_Ao	CGTTAGACATATGCTG	SRR11008271	271_CGTTAGACATATGCTG	TRUE
NIH_Ao_CGTTAGATCATGTGGT	NIH_Ao	CGTTAGATCATGTGGT	SRR11008271	271_CGTTAGATCATGTGGT	TRUE
NIH_Ao_CGTTAGATCCTCCTAG	NIH_Ao	CGTTAGATCCTCCTAG	SRR11008271	271_CGTTAGATCCTCCTAG	TRUE
NIH_Ao_CGTTAGATCGTTACGA	NIH_Ao	CGTTAGATCGTTACGA	SRR11008271	271_CGTTAGATCGTTACGA	TRUE
NIH_Ao_CGTTCTGAGGAATTAC	NIH_Ao	CGTTCTGAGGAATTAC	SRR11008271	271_CGTTCTGAGGAATTAC	TRUE
NIH_Ao_CGTTCTGCAGACGCAA	NIH_Ao	CGTTCTGCAGACGCAA	SRR11008271	271_CGTTCTGCAGACGCAA	TRUE
NIH_Ao_CGTTCTGGTTGCTCCT	NIH_Ao	CGTTCTGGTTGCTCCT	SRR11008271	271_CGTTCTGGTTGCTCCT	TRUE
NIH_Ao_CGTTCTGTCAATCACG	NIH_Ao	CGTTCTGTCAATCACG	SRR11008271	271_CGTTCTGTCAATCACG	TRUE
NIH_Ao_CGTTGGGAGCAAATCA	NIH_Ao	CGTTGGGAGCAAATCA	SRR11008271	271_CGTTGGGAGCAAATCA	TRUE
NIH_Ao_CGTTGGGAGGGCACTA	NIH_Ao	CGTTGGGAGGGCACTA	SRR11008271	271_CGTTGGGAGGGCACTA	TRUE
NIH_Ao_CGTTGGGCAGGTCCAC	NIH_Ao	CGTTGGGCAGGTCCAC	SRR11008271	271_CGTTGGGCAGGTCCAC	TRUE
NIH_Ao_CGTTGGGGTACGAAAT	NIH_Ao	CGTTGGGGTACGAAAT	SRR11008271	271_CGTTGGGGTACGAAAT	TRUE
NIH_Ao_CGTTGGGGTTAAGACA	NIH_Ao	CGTTGGGGTTAAGACA	SRR11008271	271_CGTTGGGGTTAAGACA	TRUE
NIH_Ao_CGTTGGGGTTCTGTTT	NIH_Ao	CGTTGGGGTTCTGTTT	SRR11008271	271_CGTTGGGGTTCTGTTT	TRUE
NIH_Ao_CTAACTTCAATGGAGC	NIH_Ao	CTAACTTCAATGGAGC	SRR11008271	271_CTAACTTCAATGGAGC	TRUE
NIH_Ao_CTAACTTCAGCAGTTT	NIH_Ao	CTAACTTCAGCAGTTT	SRR11008271	271_CTAACTTCAGCAGTTT	TRUE
NIH_Ao_CTAACTTGTAAGTAGT	NIH_Ao	CTAACTTGTAAGTAGT	SRR11008271	271_CTAACTTGTAAGTAGT	TRUE
NIH_Ao_CTAACTTGTATATCCG	NIH_Ao	CTAACTTGTATATCCG	SRR11008271	271_CTAACTTGTATATCCG	TRUE
NIH_Ao_CTAACTTGTCTCCATC	NIH_Ao	CTAACTTGTCTCCATC	SRR11008271	271_CTAACTTGTCTCCATC	TRUE
NIH_Ao_CTAACTTTCGTTACGA	NIH_Ao	CTAACTTTCGTTACGA	SRR11008271	271_CTAACTTTCGTTACGA	TRUE
NIH_Ao_CTAAGACAGGCACATG	NIH_Ao	CTAAGACAGGCACATG	SRR11008271	271_CTAAGACAGGCACATG	TRUE
NIH_Ao_CTAAGACAGTCGATAA	NIH_Ao	CTAAGACAGTCGATAA	SRR11008271	271_CTAAGACAGTCGATAA	TRUE
NIH_Ao_CTAAGACAGTGCCAGA	NIH_Ao	CTAAGACAGTGCCAGA	SRR11008271	271_CTAAGACAGTGCCAGA	TRUE
NIH_Ao_CTAAGACCAGACAAGC	NIH_Ao	CTAAGACCAGACAAGC	SRR11008271	271_CTAAGACCAGACAAGC	TRUE
NIH_Ao_CTAAGACCAGTTTACG	NIH_Ao	CTAAGACCAGTTTACG	SRR11008271	271_CTAAGACCAGTTTACG	TRUE
NIH_Ao_CTAAGACCATAAAGGT	NIH_Ao	CTAAGACCATAAAGGT	SRR11008271	271_CTAAGACCATAAAGGT	TRUE
NIH_Ao_CTAAGACCATAGGATA	NIH_Ao	CTAAGACCATAGGATA	SRR11008271	271_CTAAGACCATAGGATA	TRUE
NIH_Ao_CTAAGACCATGCTGGC	NIH_Ao	CTAAGACCATGCTGGC	SRR11008271	271_CTAAGACCATGCTGGC	TRUE
NIH_Ao_CTAAGACGTTCAGGCC	NIH_Ao	CTAAGACGTTCAGGCC	SRR11008271	271_CTAAGACGTTCAGGCC	TRUE
NIH_Ao_CTAAGACTCTGTCTAT	NIH_Ao	CTAAGACTCTGTCTAT	SRR11008271	271_CTAAGACTCTGTCTAT	TRUE
NIH_Ao_CTAATGGCAGACAAGC	NIH_Ao	CTAATGGCAGACAAGC	SRR11008271	271_CTAATGGCAGACAAGC	TRUE
NIH_Ao_CTAATGGGTACAGCAG	NIH_Ao	CTAATGGGTACAGCAG	SRR11008271	271_CTAATGGGTACAGCAG	TRUE
NIH_Ao_CTAATGGGTCAACATC	NIH_Ao	CTAATGGGTCAACATC	SRR11008271	271_CTAATGGGTCAACATC	TRUE
NIH_Ao_CTAATGGGTTTGACTG	NIH_Ao	CTAATGGGTTTGACTG	SRR11008271	271_CTAATGGGTTTGACTG	TRUE
NIH_Ao_CTACACCAGTCCTCCT	NIH_Ao	CTACACCAGTCCTCCT	SRR11008271	271_CTACACCAGTCCTCCT	TRUE
NIH_Ao_CTACACCAGTTACCCA	NIH_Ao	CTACACCAGTTACCCA	SRR11008271	271_CTACACCAGTTACCCA	TRUE
NIH_Ao_CTACACCGTAGAAGGA	NIH_Ao	CTACACCGTAGAAGGA	SRR11008271	271_CTACACCGTAGAAGGA	TRUE
NIH_Ao_CTACACCGTTCTCATT	NIH_Ao	CTACACCGTTCTCATT	SRR11008271	271_CTACACCGTTCTCATT	TRUE
NIH_Ao_CTACACCTCCAGATCA	NIH_Ao	CTACACCTCCAGATCA	SRR11008271	271_CTACACCTCCAGATCA	TRUE
NIH_Ao_CTACATTAGTAAGTAC	NIH_Ao	CTACATTAGTAAGTAC	SRR11008271	271_CTACATTAGTAAGTAC	TRUE
NIH_Ao_CTACATTCAAAGGAAG	NIH_Ao	CTACATTCAAAGGAAG	SRR11008271	271_CTACATTCAAAGGAAG	TRUE
NIH_Ao_CTACATTCAATGGACG	NIH_Ao	CTACATTCAATGGACG	SRR11008271	271_CTACATTCAATGGACG	TRUE
NIH_Ao_CTACATTGTACAGTGG	NIH_Ao	CTACATTGTACAGTGG	SRR11008271	271_CTACATTGTACAGTGG	TRUE
NIH_Ao_CTACATTTCAACCATG	NIH_Ao	CTACATTTCAACCATG	SRR11008271	271_CTACATTTCAACCATG	TRUE
NIH_Ao_CTACATTTCATACGGT	NIH_Ao	CTACATTTCATACGGT	SRR11008271	271_CTACATTTCATACGGT	TRUE
NIH_Ao_CTACCCAAGTCCGGTC	NIH_Ao	CTACCCAAGTCCGGTC	SRR11008271	271_CTACCCAAGTCCGGTC	TRUE
NIH_Ao_CTACCCACAGGGCATA	NIH_Ao	CTACCCACAGGGCATA	SRR11008271	271_CTACCCACAGGGCATA	TRUE
NIH_Ao_CTACCCACATTGAGCT	NIH_Ao	CTACCCACATTGAGCT	SRR11008271	271_CTACCCACATTGAGCT	TRUE
NIH_Ao_CTACGTCCATGGGACA	NIH_Ao	CTACGTCCATGGGACA	SRR11008271	271_CTACGTCCATGGGACA	TRUE
NIH_Ao_CTACGTCGTATGAATG	NIH_Ao	CTACGTCGTATGAATG	SRR11008271	271_CTACGTCGTATGAATG	TRUE
NIH_Ao_CTACGTCGTCGCATCG	NIH_Ao	CTACGTCGTCGCATCG	SRR11008271	271_CTACGTCGTCGCATCG	TRUE
NIH_Ao_CTACGTCTCATCTGCC	NIH_Ao	CTACGTCTCATCTGCC	SRR11008271	271_CTACGTCTCATCTGCC	TRUE
NIH_Ao_CTAGAGTAGGCTATCT	NIH_Ao	CTAGAGTAGGCTATCT	SRR11008271	271_CTAGAGTAGGCTATCT	TRUE
NIH_Ao_CTAGAGTCAAACAACA	NIH_Ao	CTAGAGTCAAACAACA	SRR11008271	271_CTAGAGTCAAACAACA	TRUE
NIH_Ao_CTAGAGTCAATCCGAT	NIH_Ao	CTAGAGTCAATCCGAT	SRR11008271	271_CTAGAGTCAATCCGAT	TRUE
NIH_Ao_CTAGAGTGTCCGAGTC	NIH_Ao	CTAGAGTGTCCGAGTC	SRR11008271	271_CTAGAGTGTCCGAGTC	TRUE
NIH_Ao_CTAGAGTGTGATGCCC	NIH_Ao	CTAGAGTGTGATGCCC	SRR11008271	271_CTAGAGTGTGATGCCC	TRUE
NIH_Ao_CTAGAGTTCAGGTAAA	NIH_Ao	CTAGAGTTCAGGTAAA	SRR11008271	271_CTAGAGTTCAGGTAAA	TRUE
NIH_Ao_CTAGCCTAGAACTCGG	NIH_Ao	CTAGCCTAGAACTCGG	SRR11008271	271_CTAGCCTAGAACTCGG	TRUE
NIH_Ao_CTAGCCTAGCTAAACA	NIH_Ao	CTAGCCTAGCTAAACA	SRR11008271	271_CTAGCCTAGCTAAACA	TRUE
NIH_Ao_CTAGCCTAGTCGCCGT	NIH_Ao	CTAGCCTAGTCGCCGT	SRR11008271	271_CTAGCCTAGTCGCCGT	TRUE
NIH_Ao_CTAGCCTAGTGACATA	NIH_Ao	CTAGCCTAGTGACATA	SRR11008271	271_CTAGCCTAGTGACATA	TRUE
NIH_Ao_CTAGCCTGTTTAGCTG	NIH_Ao	CTAGCCTGTTTAGCTG	SRR11008271	271_CTAGCCTGTTTAGCTG	TRUE
NIH_Ao_CTAGTGAAGATGTGGC	NIH_Ao	CTAGTGAAGATGTGGC	SRR11008271	271_CTAGTGAAGATGTGGC	TRUE
NIH_Ao_CTAGTGAAGTACGTAA	NIH_Ao	CTAGTGAAGTACGTAA	SRR11008271	271_CTAGTGAAGTACGTAA	TRUE
NIH_Ao_CTAGTGAAGTGGTAGC	NIH_Ao	CTAGTGAAGTGGTAGC	SRR11008271	271_CTAGTGAAGTGGTAGC	TRUE
NIH_Ao_CTAGTGACAAGCCATT	NIH_Ao	CTAGTGACAAGCCATT	SRR11008271	271_CTAGTGACAAGCCATT	FALSE
NIH_Ao_CTAGTGACAGCGTAAG	NIH_Ao	CTAGTGACAGCGTAAG	SRR11008271	271_CTAGTGACAGCGTAAG	TRUE
NIH_Ao_CTCACACAGGTGCTAG	NIH_Ao	CTCACACAGGTGCTAG	SRR11008271	271_CTCACACAGGTGCTAG	TRUE
NIH_Ao_CTCACACAGTCATCCA	NIH_Ao	CTCACACAGTCATCCA	SRR11008271	271_CTCACACAGTCATCCA	FALSE
NIH_Ao_CTCACACCAAGCCGTC	NIH_Ao	CTCACACCAAGCCGTC	SRR11008271	271_CTCACACCAAGCCGTC	TRUE
NIH_Ao_CTCACACCAGATGGGT	NIH_Ao	CTCACACCAGATGGGT	SRR11008271	271_CTCACACCAGATGGGT	TRUE
NIH_Ao_CTCACACGTTATCCGA	NIH_Ao	CTCACACGTTATCCGA	SRR11008271	271_CTCACACGTTATCCGA	TRUE
NIH_Ao_CTCACACTCTTCGAGA	NIH_Ao	CTCACACTCTTCGAGA	SRR11008271	271_CTCACACTCTTCGAGA	TRUE
NIH_Ao_CTCAGAAAGTAGCGGT	NIH_Ao	CTCAGAAAGTAGCGGT	SRR11008271	271_CTCAGAAAGTAGCGGT	TRUE
NIH_Ao_CTCAGAACAGTTTACG	NIH_Ao	CTCAGAACAGTTTACG	SRR11008271	271_CTCAGAACAGTTTACG	TRUE
NIH_Ao_CTCAGAAGTACCTACA	NIH_Ao	CTCAGAAGTACCTACA	SRR11008271	271_CTCAGAAGTACCTACA	TRUE
NIH_Ao_CTCATTAGTAAACGCG	NIH_Ao	CTCATTAGTAAACGCG	SRR11008271	271_CTCATTAGTAAACGCG	TRUE
NIH_Ao_CTCCTAGAGGCTAGCA	NIH_Ao	CTCCTAGAGGCTAGCA	SRR11008271	271_CTCCTAGAGGCTAGCA	TRUE
NIH_Ao_CTCCTAGAGTGCGATG	NIH_Ao	CTCCTAGAGTGCGATG	SRR11008271	271_CTCCTAGAGTGCGATG	TRUE
NIH_Ao_CTCCTAGCACGCGAAA	NIH_Ao	CTCCTAGCACGCGAAA	SRR11008271	271_CTCCTAGCACGCGAAA	TRUE
NIH_Ao_CTCCTAGCAGACGCAA	NIH_Ao	CTCCTAGCAGACGCAA	SRR11008271	271_CTCCTAGCAGACGCAA	TRUE
NIH_Ao_CTCCTAGGTACCGTAT	NIH_Ao	CTCCTAGGTACCGTAT	SRR11008271	271_CTCCTAGGTACCGTAT	TRUE
NIH_Ao_CTCGAAAAGTCTTGCA	NIH_Ao	CTCGAAAAGTCTTGCA	SRR11008271	271_CTCGAAAAGTCTTGCA	TRUE
NIH_Ao_CTCGAAACAGACTCGC	NIH_Ao	CTCGAAACAGACTCGC	SRR11008271	271_CTCGAAACAGACTCGC	TRUE
NIH_Ao_CTCGAAAGTATGAAAC	NIH_Ao	CTCGAAAGTATGAAAC	SRR11008271	271_CTCGAAAGTATGAAAC	TRUE
NIH_Ao_CTCGAAATCAACGAAA	NIH_Ao	CTCGAAATCAACGAAA	SRR11008271	271_CTCGAAATCAACGAAA	TRUE
NIH_Ao_CTCGAGGCAAGTAGTA	NIH_Ao	CTCGAGGCAAGTAGTA	SRR11008271	271_CTCGAGGCAAGTAGTA	TRUE
NIH_Ao_CTCGGAGAGAAAGTGG	NIH_Ao	CTCGGAGAGAAAGTGG	SRR11008271	271_CTCGGAGAGAAAGTGG	TRUE
NIH_Ao_CTCGGAGAGCCACCTG	NIH_Ao	CTCGGAGAGCCACCTG	SRR11008271	271_CTCGGAGAGCCACCTG	TRUE
NIH_Ao_CTCGGAGAGTTACGGG	NIH_Ao	CTCGGAGAGTTACGGG	SRR11008271	271_CTCGGAGAGTTACGGG	TRUE
NIH_Ao_CTCGGAGCATACCATG	NIH_Ao	CTCGGAGCATACCATG	SRR11008271	271_CTCGGAGCATACCATG	TRUE
NIH_Ao_CTCGGAGGTAGCACGA	NIH_Ao	CTCGGAGGTAGCACGA	SRR11008271	271_CTCGGAGGTAGCACGA	TRUE
NIH_Ao_CTCGGAGGTCTCTCGT	NIH_Ao	CTCGGAGGTCTCTCGT	SRR11008271	271_CTCGGAGGTCTCTCGT	TRUE
NIH_Ao_CTCGGAGTCCCTAATT	NIH_Ao	CTCGGAGTCCCTAATT	SRR11008271	271_CTCGGAGTCCCTAATT	TRUE
NIH_Ao_CTCGGGACAGACGCTC	NIH_Ao	CTCGGGACAGACGCTC	SRR11008271	271_CTCGGGACAGACGCTC	TRUE
NIH_Ao_CTCGGGACAGATGGGT	NIH_Ao	CTCGGGACAGATGGGT	SRR11008271	271_CTCGGGACAGATGGGT	TRUE
NIH_Ao_CTCGGGACATTCTTAC	NIH_Ao	CTCGGGACATTCTTAC	SRR11008271	271_CTCGGGACATTCTTAC	TRUE
NIH_Ao_CTCGGGAGTCTAGTGT	NIH_Ao	CTCGGGAGTCTAGTGT	SRR11008271	271_CTCGGGAGTCTAGTGT	TRUE
NIH_Ao_CTCGGGAGTGTCTGAT	NIH_Ao	CTCGGGAGTGTCTGAT	SRR11008271	271_CTCGGGAGTGTCTGAT	TRUE
NIH_Ao_CTCGGGATCATGGTCA	NIH_Ao	CTCGGGATCATGGTCA	SRR11008271	271_CTCGGGATCATGGTCA	TRUE
NIH_Ao_CTCGTACCACCCTATC	NIH_Ao	CTCGTACCACCCTATC	SRR11008271	271_CTCGTACCACCCTATC	TRUE
NIH_Ao_CTCGTACGTTCAACCA	NIH_Ao	CTCGTACGTTCAACCA	SRR11008271	271_CTCGTACGTTCAACCA	TRUE
NIH_Ao_CTCGTACGTTGTGGCC	NIH_Ao	CTCGTACGTTGTGGCC	SRR11008271	271_CTCGTACGTTGTGGCC	TRUE
NIH_Ao_CTCGTCAAGCAAATCA	NIH_Ao	CTCGTCAAGCAAATCA	SRR11008271	271_CTCGTCAAGCAAATCA	TRUE
NIH_Ao_CTCGTCAAGTAGCCGA	NIH_Ao	CTCGTCAAGTAGCCGA	SRR11008271	271_CTCGTCAAGTAGCCGA	TRUE
NIH_Ao_CTCGTCACAGCGTCCA	NIH_Ao	CTCGTCACAGCGTCCA	SRR11008271	271_CTCGTCACAGCGTCCA	TRUE
NIH_Ao_CTCGTCACATCTATGG	NIH_Ao	CTCGTCACATCTATGG	SRR11008271	271_CTCGTCACATCTATGG	TRUE
NIH_Ao_CTCGTCAGTGACAAAT	NIH_Ao	CTCGTCAGTGACAAAT	SRR11008271	271_CTCGTCAGTGACAAAT	TRUE
NIH_Ao_CTCGTCATCCAAATGC	NIH_Ao	CTCGTCATCCAAATGC	SRR11008271	271_CTCGTCATCCAAATGC	TRUE
NIH_Ao_CTCTAATAGCATGGCA	NIH_Ao	CTCTAATAGCATGGCA	SRR11008271	271_CTCTAATAGCATGGCA	TRUE
NIH_Ao_CTCTAATAGGCCCGTT	NIH_Ao	CTCTAATAGGCCCGTT	SRR11008271	271_CTCTAATAGGCCCGTT	TRUE
NIH_Ao_CTCTAATCATGGTCTA	NIH_Ao	CTCTAATCATGGTCTA	SRR11008271	271_CTCTAATCATGGTCTA	TRUE
NIH_Ao_CTCTAATGTCTCATCC	NIH_Ao	CTCTAATGTCTCATCC	SRR11008271	271_CTCTAATGTCTCATCC	TRUE
NIH_Ao_CTCTAATTCTTGTCAT	NIH_Ao	CTCTAATTCTTGTCAT	SRR11008271	271_CTCTAATTCTTGTCAT	TRUE
NIH_Ao_CTCTACGCACGGCGTT	NIH_Ao	CTCTACGCACGGCGTT	SRR11008271	271_CTCTACGCACGGCGTT	TRUE
NIH_Ao_CTCTACGGTAGAGTGC	NIH_Ao	CTCTACGGTAGAGTGC	SRR11008271	271_CTCTACGGTAGAGTGC	TRUE
NIH_Ao_CTCTACGGTTCCCGAG	NIH_Ao	CTCTACGGTTCCCGAG	SRR11008271	271_CTCTACGGTTCCCGAG	TRUE
NIH_Ao_CTCTACGTCTAACCGA	NIH_Ao	CTCTACGTCTAACCGA	SRR11008271	271_CTCTACGTCTAACCGA	TRUE
NIH_Ao_CTCTGGTTCGAGAACG	NIH_Ao	CTCTGGTTCGAGAACG	SRR11008271	271_CTCTGGTTCGAGAACG	TRUE
NIH_Ao_CTCTGGTTCTCACATT	NIH_Ao	CTCTGGTTCTCACATT	SRR11008271	271_CTCTGGTTCTCACATT	TRUE
NIH_Ao_CTGAAACCACGTTGGC	NIH_Ao	CTGAAACCACGTTGGC	SRR11008271	271_CTGAAACCACGTTGGC	TRUE
NIH_Ao_CTGAAGTAGTCAATAG	NIH_Ao	CTGAAGTAGTCAATAG	SRR11008271	271_CTGAAGTAGTCAATAG	TRUE
NIH_Ao_CTGAAGTCATCATCCC	NIH_Ao	CTGAAGTCATCATCCC	SRR11008271	271_CTGAAGTCATCATCCC	TRUE
NIH_Ao_CTGAAGTCATCTCGCT	NIH_Ao	CTGAAGTCATCTCGCT	SRR11008271	271_CTGAAGTCATCTCGCT	TRUE
NIH_Ao_CTGATAGCAACGATCT	NIH_Ao	CTGATAGCAACGATCT	SRR11008271	271_CTGATAGCAACGATCT	TRUE
NIH_Ao_CTGATAGGTGTTCGAT	NIH_Ao	CTGATAGGTGTTCGAT	SRR11008271	271_CTGATAGGTGTTCGAT	TRUE
NIH_Ao_CTGATAGTCCTCCTAG	NIH_Ao	CTGATAGTCCTCCTAG	SRR11008271	271_CTGATAGTCCTCCTAG	TRUE
NIH_Ao_CTGATAGTCGTAGATC	NIH_Ao	CTGATAGTCGTAGATC	SRR11008271	271_CTGATAGTCGTAGATC	TRUE
NIH_Ao_CTGATAGTCTACCAGA	NIH_Ao	CTGATAGTCTACCAGA	SRR11008271	271_CTGATAGTCTACCAGA	TRUE
NIH_Ao_CTGATCCGTGTGCCTG	NIH_Ao	CTGATCCGTGTGCCTG	SRR11008271	271_CTGATCCGTGTGCCTG	TRUE
NIH_Ao_CTGCCTAAGAGGTTGC	NIH_Ao	CTGCCTAAGAGGTTGC	SRR11008271	271_CTGCCTAAGAGGTTGC	TRUE
NIH_Ao_CTGCCTAGTAATCGTC	NIH_Ao	CTGCCTAGTAATCGTC	SRR11008271	271_CTGCCTAGTAATCGTC	TRUE
NIH_Ao_CTGCCTATCGGAAACG	NIH_Ao	CTGCCTATCGGAAACG	SRR11008271	271_CTGCCTATCGGAAACG	TRUE
NIH_Ao_CTGCGGACACCAGGCT	NIH_Ao	CTGCGGACACCAGGCT	SRR11008271	271_CTGCGGACACCAGGCT	TRUE
NIH_Ao_CTGCGGACAGCTGTTA	NIH_Ao	CTGCGGACAGCTGTTA	SRR11008271	271_CTGCGGACAGCTGTTA	TRUE
NIH_Ao_CTGCGGACATATGAGA	NIH_Ao	CTGCGGACATATGAGA	SRR11008271	271_CTGCGGACATATGAGA	TRUE
NIH_Ao_CTGCGGAGTCTCATCC	NIH_Ao	CTGCGGAGTCTCATCC	SRR11008271	271_CTGCGGAGTCTCATCC	TRUE
NIH_Ao_CTGCGGATCAACACAC	NIH_Ao	CTGCGGATCAACACAC	SRR11008271	271_CTGCGGATCAACACAC	TRUE
NIH_Ao_CTGCTGTAGCCTTGAT	NIH_Ao	CTGCTGTAGCCTTGAT	SRR11008271	271_CTGCTGTAGCCTTGAT	TRUE
NIH_Ao_CTGCTGTCATTGAGCT	NIH_Ao	CTGCTGTCATTGAGCT	SRR11008271	271_CTGCTGTCATTGAGCT	TRUE
NIH_Ao_CTGGTCTCACTTCGAA	NIH_Ao	CTGGTCTCACTTCGAA	SRR11008271	271_CTGGTCTCACTTCGAA	TRUE
NIH_Ao_CTGGTCTTCACATGCA	NIH_Ao	CTGGTCTTCACATGCA	SRR11008271	271_CTGGTCTTCACATGCA	TRUE
NIH_Ao_CTGTGCTAGATCTGCT	NIH_Ao	CTGTGCTAGATCTGCT	SRR11008271	271_CTGTGCTAGATCTGCT	TRUE
NIH_Ao_CTGTGCTAGCCACGCT	NIH_Ao	CTGTGCTAGCCACGCT	SRR11008271	271_CTGTGCTAGCCACGCT	TRUE
NIH_Ao_CTGTGCTCACGGCGTT	NIH_Ao	CTGTGCTCACGGCGTT	SRR11008271	271_CTGTGCTCACGGCGTT	TRUE
NIH_Ao_CTGTGCTCAGTCACTA	NIH_Ao	CTGTGCTCAGTCACTA	SRR11008271	271_CTGTGCTCAGTCACTA	TRUE
NIH_Ao_CTGTGCTGTCTTCTCG	NIH_Ao	CTGTGCTGTCTTCTCG	SRR11008271	271_CTGTGCTGTCTTCTCG	TRUE
NIH_Ao_CTGTTTAAGGTGCTAG	NIH_Ao	CTGTTTAAGGTGCTAG	SRR11008271	271_CTGTTTAAGGTGCTAG	TRUE
NIH_Ao_CTGTTTAGTCGCGGTT	NIH_Ao	CTGTTTAGTCGCGGTT	SRR11008271	271_CTGTTTAGTCGCGGTT	TRUE
NIH_Ao_CTGTTTATCCTTTACA	NIH_Ao	CTGTTTATCCTTTACA	SRR11008271	271_CTGTTTATCCTTTACA	TRUE
NIH_Ao_CTTAACTCAAGTCATC	NIH_Ao	CTTAACTCAAGTCATC	SRR11008271	271_CTTAACTCAAGTCATC	TRUE
NIH_Ao_CTTAACTCAATAAGCA	NIH_Ao	CTTAACTCAATAAGCA	SRR11008271	271_CTTAACTCAATAAGCA	TRUE
NIH_Ao_CTTAACTGTGCGGTAA	NIH_Ao	CTTAACTGTGCGGTAA	SRR11008271	271_CTTAACTGTGCGGTAA	TRUE
NIH_Ao_CTTACCGCAGACAAGC	NIH_Ao	CTTACCGCAGACAAGC	SRR11008271	271_CTTACCGCAGACAAGC	TRUE
NIH_Ao_CTTACCGCAGCCTTGG	NIH_Ao	CTTACCGCAGCCTTGG	SRR11008271	271_CTTACCGCAGCCTTGG	TRUE
NIH_Ao_CTTACCGCATCTATGG	NIH_Ao	CTTACCGCATCTATGG	SRR11008271	271_CTTACCGCATCTATGG	TRUE
NIH_Ao_CTTACCGGTAAATGAC	NIH_Ao	CTTACCGGTAAATGAC	SRR11008271	271_CTTACCGGTAAATGAC	TRUE
NIH_Ao_CTTACCGGTTGAACTC	NIH_Ao	CTTACCGGTTGAACTC	SRR11008271	271_CTTACCGGTTGAACTC	TRUE
NIH_Ao_CTTAGGAAGGCTAGCA	NIH_Ao	CTTAGGAAGGCTAGCA	SRR11008271	271_CTTAGGAAGGCTAGCA	TRUE
NIH_Ao_CTTAGGAAGGGCTTCC	NIH_Ao	CTTAGGAAGGGCTTCC	SRR11008271	271_CTTAGGAAGGGCTTCC	TRUE
NIH_Ao_CTTAGGACACCGAAAG	NIH_Ao	CTTAGGACACCGAAAG	SRR11008271	271_CTTAGGACACCGAAAG	TRUE
NIH_Ao_CTTAGGAGTGGGTATG	NIH_Ao	CTTAGGAGTGGGTATG	SRR11008271	271_CTTAGGAGTGGGTATG	TRUE
NIH_Ao_CTTAGGATCGTAGATC	NIH_Ao	CTTAGGATCGTAGATC	SRR11008271	271_CTTAGGATCGTAGATC	TRUE
NIH_Ao_CTTAGGATCTAAGCCA	NIH_Ao	CTTAGGATCTAAGCCA	SRR11008271	271_CTTAGGATCTAAGCCA	TRUE
NIH_Ao_CTTCTCTCAAACCCAT	NIH_Ao	CTTCTCTCAAACCCAT	SRR11008271	271_CTTCTCTCAAACCCAT	TRUE
NIH_Ao_CTTCTCTGTCTAGTGT	NIH_Ao	CTTCTCTGTCTAGTGT	SRR11008271	271_CTTCTCTGTCTAGTGT	TRUE
NIH_Ao_CTTCTCTGTGCACCAC	NIH_Ao	CTTCTCTGTGCACCAC	SRR11008271	271_CTTCTCTGTGCACCAC	TRUE
NIH_Ao_CTTCTCTGTTGCGTTA	NIH_Ao	CTTCTCTGTTGCGTTA	SRR11008271	271_CTTCTCTGTTGCGTTA	TRUE
NIH_Ao_CTTCTCTGTTTGGCGC	NIH_Ao	CTTCTCTGTTTGGCGC	SRR11008271	271_CTTCTCTGTTTGGCGC	TRUE
NIH_Ao_CTTCTCTTCGGTCCGA	NIH_Ao	CTTCTCTTCGGTCCGA	SRR11008271	271_CTTCTCTTCGGTCCGA	TRUE
NIH_Ao_CTTGGCTAGCCACGCT	NIH_Ao	CTTGGCTAGCCACGCT	SRR11008271	271_CTTGGCTAGCCACGCT	TRUE
NIH_Ao_CTTGGCTAGTTGAGTA	NIH_Ao	CTTGGCTAGTTGAGTA	SRR11008271	271_CTTGGCTAGTTGAGTA	TRUE
NIH_Ao_CTTGGCTCACTTGGAT	NIH_Ao	CTTGGCTCACTTGGAT	SRR11008271	271_CTTGGCTCACTTGGAT	FALSE
NIH_Ao_CTTTGCGCAAGACACG	NIH_Ao	CTTTGCGCAAGACACG	SRR11008271	271_CTTTGCGCAAGACACG	TRUE
NIH_Ao_CTTTGCGCAGCATACT	NIH_Ao	CTTTGCGCAGCATACT	SRR11008271	271_CTTTGCGCAGCATACT	TRUE
NIH_Ao_CTTTGCGGTCTTCTCG	NIH_Ao	CTTTGCGGTCTTCTCG	SRR11008271	271_CTTTGCGGTCTTCTCG	TRUE
NIH_Ao_CTTTGCGGTTACGACT	NIH_Ao	CTTTGCGGTTACGACT	SRR11008271	271_CTTTGCGGTTACGACT	TRUE
NIH_Ao_CTTTGCGGTTGTGGCC	NIH_Ao	CTTTGCGGTTGTGGCC	SRR11008271	271_CTTTGCGGTTGTGGCC	TRUE
NIH_Ao_CTTTGCGTCACCGTAA	NIH_Ao	CTTTGCGTCACCGTAA	SRR11008271	271_CTTTGCGTCACCGTAA	TRUE
NIH_Ao_GAAACTCCAGTTCATG	NIH_Ao	GAAACTCCAGTTCATG	SRR11008271	271_GAAACTCCAGTTCATG	TRUE
NIH_Ao_GAAACTCCATTTCAGG	NIH_Ao	GAAACTCCATTTCAGG	SRR11008271	271_GAAACTCCATTTCAGG	TRUE
NIH_Ao_GAAACTCGTAGGACAC	NIH_Ao	GAAACTCGTAGGACAC	SRR11008271	271_GAAACTCGTAGGACAC	TRUE
NIH_Ao_GAAACTCGTTTACTCT	NIH_Ao	GAAACTCGTTTACTCT	SRR11008271	271_GAAACTCGTTTACTCT	TRUE
NIH_Ao_GAAACTCTCGTTTAGG	NIH_Ao	GAAACTCTCGTTTAGG	SRR11008271	271_GAAACTCTCGTTTAGG	TRUE
NIH_Ao_GAAATGAAGTTCCACA	NIH_Ao	GAAATGAAGTTCCACA	SRR11008271	271_GAAATGAAGTTCCACA	TRUE
NIH_Ao_GAAATGACAATAGAGT	NIH_Ao	GAAATGACAATAGAGT	SRR11008271	271_GAAATGACAATAGAGT	TRUE
NIH_Ao_GAAATGAGTCCGAACC	NIH_Ao	GAAATGAGTCCGAACC	SRR11008271	271_GAAATGAGTCCGAACC	TRUE
NIH_Ao_GAACATCCACATTAGC	NIH_Ao	GAACATCCACATTAGC	SRR11008271	271_GAACATCCACATTAGC	TRUE
NIH_Ao_GAACATCTCACCCGAG	NIH_Ao	GAACATCTCACCCGAG	SRR11008271	271_GAACATCTCACCCGAG	TRUE
NIH_Ao_GAACATCTCTGGGCCA	NIH_Ao	GAACATCTCTGGGCCA	SRR11008271	271_GAACATCTCTGGGCCA	TRUE
NIH_Ao_GAACCTAAGAAGGCCT	NIH_Ao	GAACCTAAGAAGGCCT	SRR11008271	271_GAACCTAAGAAGGCCT	TRUE
NIH_Ao_GAACCTAAGCTGTCTA	NIH_Ao	GAACCTAAGCTGTCTA	SRR11008271	271_GAACCTAAGCTGTCTA	TRUE
NIH_Ao_GAACGGAAGGTGACCA	NIH_Ao	GAACGGAAGGTGACCA	SRR11008271	271_GAACGGAAGGTGACCA	TRUE
NIH_Ao_GAACGGAGTCCGTCAG	NIH_Ao	GAACGGAGTCCGTCAG	SRR11008271	271_GAACGGAGTCCGTCAG	TRUE
NIH_Ao_GAACGGATCACCACCT	NIH_Ao	GAACGGATCACCACCT	SRR11008271	271_GAACGGATCACCACCT	TRUE
NIH_Ao_GAACGGATCACTGGGC	NIH_Ao	GAACGGATCACTGGGC	SRR11008271	271_GAACGGATCACTGGGC	TRUE
NIH_Ao_GAACGGATCGCTGATA	NIH_Ao	GAACGGATCGCTGATA	SRR11008271	271_GAACGGATCGCTGATA	TRUE
NIH_Ao_GAAGCAGAGAGTTGGC	NIH_Ao	GAAGCAGAGAGTTGGC	SRR11008271	271_GAAGCAGAGAGTTGGC	TRUE
NIH_Ao_GAAGCAGCAACTGGCC	NIH_Ao	GAAGCAGCAACTGGCC	SRR11008271	271_GAAGCAGCAACTGGCC	TRUE
NIH_Ao_GAAGCAGCAGATGGGT	NIH_Ao	GAAGCAGCAGATGGGT	SRR11008271	271_GAAGCAGCAGATGGGT	TRUE
NIH_Ao_GAAGCAGCATAAAGGT	NIH_Ao	GAAGCAGCATAAAGGT	SRR11008271	271_GAAGCAGCATAAAGGT	FALSE
NIH_Ao_GAAGCAGTCGGTCCGA	NIH_Ao	GAAGCAGTCGGTCCGA	SRR11008271	271_GAAGCAGTCGGTCCGA	TRUE
NIH_Ao_GAATAAGAGATAGGAG	NIH_Ao	GAATAAGAGATAGGAG	SRR11008271	271_GAATAAGAGATAGGAG	TRUE
NIH_Ao_GAATAAGCACCCTATC	NIH_Ao	GAATAAGCACCCTATC	SRR11008271	271_GAATAAGCACCCTATC	TRUE
NIH_Ao_GAATAAGGTAGAAAGG	NIH_Ao	GAATAAGGTAGAAAGG	SRR11008271	271_GAATAAGGTAGAAAGG	TRUE
NIH_Ao_GAATAAGTCGGCTACG	NIH_Ao	GAATAAGTCGGCTACG	SRR11008271	271_GAATAAGTCGGCTACG	TRUE
NIH_Ao_GAATGAAAGAATTGTG	NIH_Ao	GAATGAAAGAATTGTG	SRR11008271	271_GAATGAAAGAATTGTG	TRUE
NIH_Ao_GAATGAAGTGACAAAT	NIH_Ao	GAATGAAGTGACAAAT	SRR11008271	271_GAATGAAGTGACAAAT	TRUE
NIH_Ao_GAATGAATCCGCGGTA	NIH_Ao	GAATGAATCCGCGGTA	SRR11008271	271_GAATGAATCCGCGGTA	TRUE
NIH_Ao_GAATGAATCTTCATGT	NIH_Ao	GAATGAATCTTCATGT	SRR11008271	271_GAATGAATCTTCATGT	TRUE
NIH_Ao_GACACGCAGCAACGGT	NIH_Ao	GACACGCAGCAACGGT	SRR11008271	271_GACACGCAGCAACGGT	TRUE
NIH_Ao_GACACGCAGCACGCCT	NIH_Ao	GACACGCAGCACGCCT	SRR11008271	271_GACACGCAGCACGCCT	TRUE
NIH_Ao_GACACGCAGCTTCGCG	NIH_Ao	GACACGCAGCTTCGCG	SRR11008271	271_GACACGCAGCTTCGCG	TRUE
NIH_Ao_GACACGCAGTGGCACA	NIH_Ao	GACACGCAGTGGCACA	SRR11008271	271_GACACGCAGTGGCACA	TRUE
NIH_Ao_GACACGCGTTGGTGGA	NIH_Ao	GACACGCGTTGGTGGA	SRR11008271	271_GACACGCGTTGGTGGA	TRUE
NIH_Ao_GACACGCTCTGTCAAG	NIH_Ao	GACACGCTCTGTCAAG	SRR11008271	271_GACACGCTCTGTCAAG	TRUE
NIH_Ao_GACAGAGAGCTGCAAG	NIH_Ao	GACAGAGAGCTGCAAG	SRR11008271	271_GACAGAGAGCTGCAAG	TRUE
NIH_Ao_GACAGAGGTAAAGGAG	NIH_Ao	GACAGAGGTAAAGGAG	SRR11008271	271_GACAGAGGTAAAGGAG	TRUE
NIH_Ao_GACCAATAGACATAAC	NIH_Ao	GACCAATAGACATAAC	SRR11008271	271_GACCAATAGACATAAC	TRUE
NIH_Ao_GACCAATAGGCTCTTA	NIH_Ao	GACCAATAGGCTCTTA	SRR11008271	271_GACCAATAGGCTCTTA	TRUE
NIH_Ao_GACCAATCAGCTTAAC	NIH_Ao	GACCAATCAGCTTAAC	SRR11008271	271_GACCAATCAGCTTAAC	TRUE
NIH_Ao_GACCAATGTTGTCGCG	NIH_Ao	GACCAATGTTGTCGCG	SRR11008271	271_GACCAATGTTGTCGCG	TRUE
NIH_Ao_GACCAATTCGAGAACG	NIH_Ao	GACCAATTCGAGAACG	SRR11008271	271_GACCAATTCGAGAACG	TRUE
NIH_Ao_GACCAATTCGGCGGTT	NIH_Ao	GACCAATTCGGCGGTT	SRR11008271	271_GACCAATTCGGCGGTT	TRUE
NIH_Ao_GACCTGGAGGGTCGAT	NIH_Ao	GACCTGGAGGGTCGAT	SRR11008271	271_GACCTGGAGGGTCGAT	TRUE
NIH_Ao_GACCTGGTCACAGGCC	NIH_Ao	GACCTGGTCACAGGCC	SRR11008271	271_GACCTGGTCACAGGCC	TRUE
NIH_Ao_GACGCGTAGAGTCGGT	NIH_Ao	GACGCGTAGAGTCGGT	SRR11008271	271_GACGCGTAGAGTCGGT	TRUE
NIH_Ao_GACGCGTAGGTACTCT	NIH_Ao	GACGCGTAGGTACTCT	SRR11008271	271_GACGCGTAGGTACTCT	TRUE
NIH_Ao_GACGCGTAGTACGACG	NIH_Ao	GACGCGTAGTACGACG	SRR11008271	271_GACGCGTAGTACGACG	TRUE
NIH_Ao_GACGCGTAGTTGAGTA	NIH_Ao	GACGCGTAGTTGAGTA	SRR11008271	271_GACGCGTAGTTGAGTA	TRUE
NIH_Ao_GACGCGTGTTCCGTCT	NIH_Ao	GACGCGTGTTCCGTCT	SRR11008271	271_GACGCGTGTTCCGTCT	TRUE
NIH_Ao_GACGCGTTCGTTACAG	NIH_Ao	GACGCGTTCGTTACAG	SRR11008271	271_GACGCGTTCGTTACAG	TRUE
NIH_Ao_GACGGCTCAGTCGATT	NIH_Ao	GACGGCTCAGTCGATT	SRR11008271	271_GACGGCTCAGTCGATT	TRUE
NIH_Ao_GACGGCTGTGTGACCC	NIH_Ao	GACGGCTGTGTGACCC	SRR11008271	271_GACGGCTGTGTGACCC	TRUE
NIH_Ao_GACGGCTTCACAAACC	NIH_Ao	GACGGCTTCACAAACC	SRR11008271	271_GACGGCTTCACAAACC	TRUE
NIH_Ao_GACGTGCAGCGGCTTC	NIH_Ao	GACGTGCAGCGGCTTC	SRR11008271	271_GACGTGCAGCGGCTTC	TRUE
NIH_Ao_GACGTGCCATAAAGGT	NIH_Ao	GACGTGCCATAAAGGT	SRR11008271	271_GACGTGCCATAAAGGT	TRUE
NIH_Ao_GACGTTAAGCCAGTAG	NIH_Ao	GACGTTAAGCCAGTAG	SRR11008271	271_GACGTTAAGCCAGTAG	TRUE
NIH_Ao_GACGTTAGTACAAGTA	NIH_Ao	GACGTTAGTACAAGTA	SRR11008271	271_GACGTTAGTACAAGTA	TRUE
NIH_Ao_GACGTTAGTCTGCCAG	NIH_Ao	GACGTTAGTCTGCCAG	SRR11008271	271_GACGTTAGTCTGCCAG	TRUE
NIH_Ao_GACGTTATCCCTAACC	NIH_Ao	GACGTTATCCCTAACC	SRR11008271	271_GACGTTATCCCTAACC	TRUE
NIH_Ao_GACTAACCATAACCTG	NIH_Ao	GACTAACCATAACCTG	SRR11008271	271_GACTAACCATAACCTG	TRUE
NIH_Ao_GACTAACGTTGGGACA	NIH_Ao	GACTAACGTTGGGACA	SRR11008271	271_GACTAACGTTGGGACA	TRUE
NIH_Ao_GACTAACTCCCATTTA	NIH_Ao	GACTAACTCCCATTTA	SRR11008271	271_GACTAACTCCCATTTA	TRUE
NIH_Ao_GACTAACTCCGTAGTA	NIH_Ao	GACTAACTCCGTAGTA	SRR11008271	271_GACTAACTCCGTAGTA	TRUE
NIH_Ao_GACTACAAGAGGTACC	NIH_Ao	GACTACAAGAGGTACC	SRR11008271	271_GACTACAAGAGGTACC	TRUE
NIH_Ao_GACTACAAGTTCGCAT	NIH_Ao	GACTACAAGTTCGCAT	SRR11008271	271_GACTACAAGTTCGCAT	TRUE
NIH_Ao_GACTACAGTACAGACG	NIH_Ao	GACTACAGTACAGACG	SRR11008271	271_GACTACAGTACAGACG	TRUE
NIH_Ao_GACTACAGTTCGTTGA	NIH_Ao	GACTACAGTTCGTTGA	SRR11008271	271_GACTACAGTTCGTTGA	TRUE
NIH_Ao_GACTGCGAGGCATGGT	NIH_Ao	GACTGCGAGGCATGGT	SRR11008271	271_GACTGCGAGGCATGGT	TRUE
NIH_Ao_GACTGCGAGGTAGCTG	NIH_Ao	GACTGCGAGGTAGCTG	SRR11008271	271_GACTGCGAGGTAGCTG	TRUE
NIH_Ao_GACTGCGAGGTGATAT	NIH_Ao	GACTGCGAGGTGATAT	SRR11008271	271_GACTGCGAGGTGATAT	TRUE
NIH_Ao_GACTGCGGTGAGGGAG	NIH_Ao	GACTGCGGTGAGGGAG	SRR11008271	271_GACTGCGGTGAGGGAG	TRUE
NIH_Ao_GAGCAGAAGATGCGAC	NIH_Ao	GAGCAGAAGATGCGAC	SRR11008271	271_GAGCAGAAGATGCGAC	TRUE
NIH_Ao_GAGCAGACAAAGCAAT	NIH_Ao	GAGCAGACAAAGCAAT	SRR11008271	271_GAGCAGACAAAGCAAT	TRUE
NIH_Ao_GAGCAGACAAGGTTCT	NIH_Ao	GAGCAGACAAGGTTCT	SRR11008271	271_GAGCAGACAAGGTTCT	TRUE
NIH_Ao_GAGCAGACATCACGTA	NIH_Ao	GAGCAGACATCACGTA	SRR11008271	271_GAGCAGACATCACGTA	TRUE
NIH_Ao_GAGCAGACATTACCTT	NIH_Ao	GAGCAGACATTACCTT	SRR11008271	271_GAGCAGACATTACCTT	TRUE
NIH_Ao_GAGCAGAGTTGGACCC	NIH_Ao	GAGCAGAGTTGGACCC	SRR11008271	271_GAGCAGAGTTGGACCC	TRUE
NIH_Ao_GAGGTGACAAAGTCAA	NIH_Ao	GAGGTGACAAAGTCAA	SRR11008271	271_GAGGTGACAAAGTCAA	TRUE
NIH_Ao_GAGGTGACAATTCCTT	NIH_Ao	GAGGTGACAATTCCTT	SRR11008271	271_GAGGTGACAATTCCTT	TRUE
NIH_Ao_GAGGTGAGTATATGGA	NIH_Ao	GAGGTGAGTATATGGA	SRR11008271	271_GAGGTGAGTATATGGA	FALSE
NIH_Ao_GAGTCCGCACACCGAC	NIH_Ao	GAGTCCGCACACCGAC	SRR11008271	271_GAGTCCGCACACCGAC	TRUE
NIH_Ao_GAGTCCGTCCACGCAG	NIH_Ao	GAGTCCGTCCACGCAG	SRR11008271	271_GAGTCCGTCCACGCAG	TRUE
NIH_Ao_GATCAGTGTCGCATCG	NIH_Ao	GATCAGTGTCGCATCG	SRR11008271	271_GATCAGTGTCGCATCG	TRUE
NIH_Ao_GATCGATAGCAACGGT	NIH_Ao	GATCGATAGCAACGGT	SRR11008271	271_GATCGATAGCAACGGT	TRUE
NIH_Ao_GATCGATAGCGATAGC	NIH_Ao	GATCGATAGCGATAGC	SRR11008271	271_GATCGATAGCGATAGC	TRUE
NIH_Ao_GATCGATAGGTAGCTG	NIH_Ao	GATCGATAGGTAGCTG	SRR11008271	271_GATCGATAGGTAGCTG	TRUE
NIH_Ao_GATCGATTCTTACCTA	NIH_Ao	GATCGATTCTTACCTA	SRR11008271	271_GATCGATTCTTACCTA	TRUE
NIH_Ao_GATCGCGAGCTGTTCA	NIH_Ao	GATCGCGAGCTGTTCA	SRR11008271	271_GATCGCGAGCTGTTCA	TRUE
NIH_Ao_GATCGCGCAAGACGTG	NIH_Ao	GATCGCGCAAGACGTG	SRR11008271	271_GATCGCGCAAGACGTG	TRUE
NIH_Ao_GATCGCGTCGGTTAAC	NIH_Ao	GATCGCGTCGGTTAAC	SRR11008271	271_GATCGCGTCGGTTAAC	TRUE
NIH_Ao_GATCGCGTCTGTCAAG	NIH_Ao	GATCGCGTCTGTCAAG	SRR11008271	271_GATCGCGTCTGTCAAG	TRUE
NIH_Ao_GATCGTAAGTATGACA	NIH_Ao	GATCGTAAGTATGACA	SRR11008271	271_GATCGTAAGTATGACA	TRUE
NIH_Ao_GATCGTAAGTGGGATC	NIH_Ao	GATCGTAAGTGGGATC	SRR11008271	271_GATCGTAAGTGGGATC	TRUE
NIH_Ao_GATCGTACAGTTCATG	NIH_Ao	GATCGTACAGTTCATG	SRR11008271	271_GATCGTACAGTTCATG	TRUE
NIH_Ao_GATCGTAGTATTACCG	NIH_Ao	GATCGTAGTATTACCG	SRR11008271	271_GATCGTAGTATTACCG	TRUE
NIH_Ao_GATCGTAGTGTGGTTT	NIH_Ao	GATCGTAGTGTGGTTT	SRR11008271	271_GATCGTAGTGTGGTTT	TRUE
NIH_Ao_GATCGTATCCTTTCGG	NIH_Ao	GATCGTATCCTTTCGG	SRR11008271	271_GATCGTATCCTTTCGG	TRUE
NIH_Ao_GATCGTATCGGAGCAA	NIH_Ao	GATCGTATCGGAGCAA	SRR11008271	271_GATCGTATCGGAGCAA	TRUE
NIH_Ao_GATCGTATCTACTATC	NIH_Ao	GATCGTATCTACTATC	SRR11008271	271_GATCGTATCTACTATC	TRUE
NIH_Ao_GATCTAGAGCTGGAAC	NIH_Ao	GATCTAGAGCTGGAAC	SRR11008271	271_GATCTAGAGCTGGAAC	TRUE
NIH_Ao_GATCTAGGTTACAGAA	NIH_Ao	GATCTAGGTTACAGAA	SRR11008271	271_GATCTAGGTTACAGAA	TRUE
NIH_Ao_GATCTAGTCAACGGCC	NIH_Ao	GATCTAGTCAACGGCC	SRR11008271	271_GATCTAGTCAACGGCC	TRUE
NIH_Ao_GATGAAAAGTACGTTC	NIH_Ao	GATGAAAAGTACGTTC	SRR11008271	271_GATGAAAAGTACGTTC	TRUE
NIH_Ao_GATGAAAAGTCTCGGC	NIH_Ao	GATGAAAAGTCTCGGC	SRR11008271	271_GATGAAAAGTCTCGGC	TRUE
NIH_Ao_GATGAAAGTAAATACG	NIH_Ao	GATGAAAGTAAATACG	SRR11008271	271_GATGAAAGTAAATACG	TRUE
NIH_Ao_GATGAAATCACCTTAT	NIH_Ao	GATGAAATCACCTTAT	SRR11008271	271_GATGAAATCACCTTAT	TRUE
NIH_Ao_GATGAAATCTTGTACT	NIH_Ao	GATGAAATCTTGTACT	SRR11008271	271_GATGAAATCTTGTACT	TRUE
NIH_Ao_GATGAGGAGAAACGCC	NIH_Ao	GATGAGGAGAAACGCC	SRR11008271	271_GATGAGGAGAAACGCC	TRUE
NIH_Ao_GATGAGGGTCCTAGCG	NIH_Ao	GATGAGGGTCCTAGCG	SRR11008271	271_GATGAGGGTCCTAGCG	TRUE
NIH_Ao_GATGAGGGTGCAACTT	NIH_Ao	GATGAGGGTGCAACTT	SRR11008271	271_GATGAGGGTGCAACTT	TRUE
NIH_Ao_GATGAGGTCCAAAGTC	NIH_Ao	GATGAGGTCCAAAGTC	SRR11008271	271_GATGAGGTCCAAAGTC	TRUE
NIH_Ao_GATGCTACACTGTTAG	NIH_Ao	GATGCTACACTGTTAG	SRR11008271	271_GATGCTACACTGTTAG	TRUE
NIH_Ao_GATGCTAGTCGGGTCT	NIH_Ao	GATGCTAGTCGGGTCT	SRR11008271	271_GATGCTAGTCGGGTCT	TRUE
NIH_Ao_GATGCTATCGCTTGTC	NIH_Ao	GATGCTATCGCTTGTC	SRR11008271	271_GATGCTATCGCTTGTC	TRUE
NIH_Ao_GATTCAGCACGGTGTC	NIH_Ao	GATTCAGCACGGTGTC	SRR11008271	271_GATTCAGCACGGTGTC	TRUE
NIH_Ao_GATTCAGTCGCCTGAG	NIH_Ao	GATTCAGTCGCCTGAG	SRR11008271	271_GATTCAGTCGCCTGAG	TRUE
NIH_Ao_GCAAACTAGTATGACA	NIH_Ao	GCAAACTAGTATGACA	SRR11008271	271_GCAAACTAGTATGACA	FALSE
NIH_Ao_GCAAACTCAAACAACA	NIH_Ao	GCAAACTCAAACAACA	SRR11008271	271_GCAAACTCAAACAACA	TRUE
NIH_Ao_GCAAACTCAGTATAAG	NIH_Ao	GCAAACTCAGTATAAG	SRR11008271	271_GCAAACTCAGTATAAG	TRUE
NIH_Ao_GCAAACTCATGCCCGA	NIH_Ao	GCAAACTCATGCCCGA	SRR11008271	271_GCAAACTCATGCCCGA	TRUE
NIH_Ao_GCAAACTGTAAGTGTA	NIH_Ao	GCAAACTGTAAGTGTA	SRR11008271	271_GCAAACTGTAAGTGTA	TRUE
NIH_Ao_GCAAACTGTGCACTTA	NIH_Ao	GCAAACTGTGCACTTA	SRR11008271	271_GCAAACTGTGCACTTA	TRUE
NIH_Ao_GCAAACTGTTCACCTC	NIH_Ao	GCAAACTGTTCACCTC	SRR11008271	271_GCAAACTGTTCACCTC	TRUE
NIH_Ao_GCAATCAAGAGGTACC	NIH_Ao	GCAATCAAGAGGTACC	SRR11008271	271_GCAATCAAGAGGTACC	TRUE
NIH_Ao_GCAATCAAGCCGTCGT	NIH_Ao	GCAATCAAGCCGTCGT	SRR11008271	271_GCAATCAAGCCGTCGT	TRUE
NIH_Ao_GCACATACATGGTAGG	NIH_Ao	GCACATACATGGTAGG	SRR11008271	271_GCACATACATGGTAGG	TRUE
NIH_Ao_GCACTCTAGGCCCGTT	NIH_Ao	GCACTCTAGGCCCGTT	SRR11008271	271_GCACTCTAGGCCCGTT	TRUE
NIH_Ao_GCACTCTGTATTCTCT	NIH_Ao	GCACTCTGTATTCTCT	SRR11008271	271_GCACTCTGTATTCTCT	TRUE
NIH_Ao_GCACTCTTCTGGTGTA	NIH_Ao	GCACTCTTCTGGTGTA	SRR11008271	271_GCACTCTTCTGGTGTA	TRUE
NIH_Ao_GCAGCCACATGGAATA	NIH_Ao	GCAGCCACATGGAATA	SRR11008271	271_GCAGCCACATGGAATA	TRUE
NIH_Ao_GCAGCCATCGGAGCAA	NIH_Ao	GCAGCCATCGGAGCAA	SRR11008271	271_GCAGCCATCGGAGCAA	TRUE
NIH_Ao_GCAGTTACAAACTGTC	NIH_Ao	GCAGTTACAAACTGTC	SRR11008271	271_GCAGTTACAAACTGTC	TRUE
NIH_Ao_GCAGTTACACCAGCAC	NIH_Ao	GCAGTTACACCAGCAC	SRR11008271	271_GCAGTTACACCAGCAC	TRUE
NIH_Ao_GCAGTTACAGGCAGTA	NIH_Ao	GCAGTTACAGGCAGTA	SRR11008271	271_GCAGTTACAGGCAGTA	TRUE
NIH_Ao_GCAGTTATCCAGAGGA	NIH_Ao	GCAGTTATCCAGAGGA	SRR11008271	271_GCAGTTATCCAGAGGA	TRUE
NIH_Ao_GCATACACACCAGTTA	NIH_Ao	GCATACACACCAGTTA	SRR11008271	271_GCATACACACCAGTTA	TRUE
NIH_Ao_GCATACATCCAGTAGT	NIH_Ao	GCATACATCCAGTAGT	SRR11008271	271_GCATACATCCAGTAGT	TRUE
NIH_Ao_GCATACATCTGTCTCG	NIH_Ao	GCATACATCTGTCTCG	SRR11008271	271_GCATACATCTGTCTCG	TRUE
NIH_Ao_GCATGATAGACAAGCC	NIH_Ao	GCATGATAGACAAGCC	SRR11008271	271_GCATGATAGACAAGCC	TRUE
NIH_Ao_GCATGATAGCCTTGAT	NIH_Ao	GCATGATAGCCTTGAT	SRR11008271	271_GCATGATAGCCTTGAT	TRUE
NIH_Ao_GCATGATAGGTGCTAG	NIH_Ao	GCATGATAGGTGCTAG	SRR11008271	271_GCATGATAGGTGCTAG	TRUE
NIH_Ao_GCATGATTCACCCGAG	NIH_Ao	GCATGATTCACCCGAG	SRR11008271	271_GCATGATTCACCCGAG	TRUE
NIH_Ao_GCATGCGAGGCTAGCA	NIH_Ao	GCATGCGAGGCTAGCA	SRR11008271	271_GCATGCGAGGCTAGCA	TRUE
NIH_Ao_GCATGCGAGTTTCCTT	NIH_Ao	GCATGCGAGTTTCCTT	SRR11008271	271_GCATGCGAGTTTCCTT	TRUE
NIH_Ao_GCATGCGCAGTCGTGC	NIH_Ao	GCATGCGCAGTCGTGC	SRR11008271	271_GCATGCGCAGTCGTGC	TRUE
NIH_Ao_GCATGCGTCACCTCGT	NIH_Ao	GCATGCGTCACCTCGT	SRR11008271	271_GCATGCGTCACCTCGT	TRUE
NIH_Ao_GCATGTAAGTGTTTGC	NIH_Ao	GCATGTAAGTGTTTGC	SRR11008271	271_GCATGTAAGTGTTTGC	TRUE
NIH_Ao_GCATGTACATAGAAAC	NIH_Ao	GCATGTACATAGAAAC	SRR11008271	271_GCATGTACATAGAAAC	TRUE
NIH_Ao_GCATGTATCAGTACGT	NIH_Ao	GCATGTATCAGTACGT	SRR11008271	271_GCATGTATCAGTACGT	TRUE
NIH_Ao_GCATGTATCCGTACAA	NIH_Ao	GCATGTATCCGTACAA	SRR11008271	271_GCATGTATCCGTACAA	TRUE
NIH_Ao_GCATGTATCGCGATCG	NIH_Ao	GCATGTATCGCGATCG	SRR11008271	271_GCATGTATCGCGATCG	TRUE
NIH_Ao_GCCAAATGTTCAGGCC	NIH_Ao	GCCAAATGTTCAGGCC	SRR11008271	271_GCCAAATGTTCAGGCC	TRUE
NIH_Ao_GCCTCTAAGCTGCCCA	NIH_Ao	GCCTCTAAGCTGCCCA	SRR11008271	271_GCCTCTAAGCTGCCCA	TRUE
NIH_Ao_GCCTCTACAGGAATCG	NIH_Ao	GCCTCTACAGGAATCG	SRR11008271	271_GCCTCTACAGGAATCG	TRUE
NIH_Ao_GCCTCTAGTAATCGTC	NIH_Ao	GCCTCTAGTAATCGTC	SRR11008271	271_GCCTCTAGTAATCGTC	TRUE
NIH_Ao_GCCTCTAGTCAACATC	NIH_Ao	GCCTCTAGTCAACATC	SRR11008271	271_GCCTCTAGTCAACATC	TRUE
NIH_Ao_GCCTCTAGTCCAGTGC	NIH_Ao	GCCTCTAGTCCAGTGC	SRR11008271	271_GCCTCTAGTCCAGTGC	FALSE
NIH_Ao_GCCTCTATCATATCGG	NIH_Ao	GCCTCTATCATATCGG	SRR11008271	271_GCCTCTATCATATCGG	TRUE
NIH_Ao_GCGACCACAGGAACGT	NIH_Ao	GCGACCACAGGAACGT	SRR11008271	271_GCGACCACAGGAACGT	TRUE
NIH_Ao_GCGACCACATCACGAT	NIH_Ao	GCGACCACATCACGAT	SRR11008271	271_GCGACCACATCACGAT	TRUE
NIH_Ao_GCGAGAACACATGGGA	NIH_Ao	GCGAGAACACATGGGA	SRR11008271	271_GCGAGAACACATGGGA	TRUE
NIH_Ao_GCGAGAAGTATCGCAT	NIH_Ao	GCGAGAAGTATCGCAT	SRR11008271	271_GCGAGAAGTATCGCAT	TRUE
NIH_Ao_GCGAGAAGTTAAAGTG	NIH_Ao	GCGAGAAGTTAAAGTG	SRR11008271	271_GCGAGAAGTTAAAGTG	TRUE
NIH_Ao_GCGAGAAGTTCCACAA	NIH_Ao	GCGAGAAGTTCCACAA	SRR11008271	271_GCGAGAAGTTCCACAA	TRUE
NIH_Ao_GCGAGAATCTGTCTCG	NIH_Ao	GCGAGAATCTGTCTCG	SRR11008271	271_GCGAGAATCTGTCTCG	TRUE
NIH_Ao_GCGCAACAGAGGTACC	NIH_Ao	GCGCAACAGAGGTACC	SRR11008271	271_GCGCAACAGAGGTACC	TRUE
NIH_Ao_GCGCAACAGAGTTGGC	NIH_Ao	GCGCAACAGAGTTGGC	SRR11008271	271_GCGCAACAGAGTTGGC	TRUE
NIH_Ao_GCGCAACCAGTAAGCG	NIH_Ao	GCGCAACCAGTAAGCG	SRR11008271	271_GCGCAACCAGTAAGCG	TRUE
NIH_Ao_GCGCAACGTAGCTGCC	NIH_Ao	GCGCAACGTAGCTGCC	SRR11008271	271_GCGCAACGTAGCTGCC	TRUE
NIH_Ao_GCGCAGTCACCAGTTA	NIH_Ao	GCGCAGTCACCAGTTA	SRR11008271	271_GCGCAGTCACCAGTTA	TRUE
NIH_Ao_GCGCAGTGTGGGTCAA	NIH_Ao	GCGCAGTGTGGGTCAA	SRR11008271	271_GCGCAGTGTGGGTCAA	TRUE
NIH_Ao_GCGCAGTGTTGTCTTT	NIH_Ao	GCGCAGTGTTGTCTTT	SRR11008271	271_GCGCAGTGTTGTCTTT	TRUE
NIH_Ao_GCGCAGTTCCGTAGGC	NIH_Ao	GCGCAGTTCCGTAGGC	SRR11008271	271_GCGCAGTTCCGTAGGC	TRUE
NIH_Ao_GCGCCAACAAGAGTCG	NIH_Ao	GCGCCAACAAGAGTCG	SRR11008271	271_GCGCCAACAAGAGTCG	TRUE
NIH_Ao_GCGCCAACAAGTCATC	NIH_Ao	GCGCCAACAAGTCATC	SRR11008271	271_GCGCCAACAAGTCATC	TRUE
NIH_Ao_GCGCCAAGTCGGCTCA	NIH_Ao	GCGCCAAGTCGGCTCA	SRR11008271	271_GCGCCAAGTCGGCTCA	TRUE
NIH_Ao_GCGCCAATCCAGAAGG	NIH_Ao	GCGCCAATCCAGAAGG	SRR11008271	271_GCGCCAATCCAGAAGG	TRUE
NIH_Ao_GCGCGATAGACCGGAT	NIH_Ao	GCGCGATAGACCGGAT	SRR11008271	271_GCGCGATAGACCGGAT	TRUE
NIH_Ao_GCGCGATAGGACAGAA	NIH_Ao	GCGCGATAGGACAGAA	SRR11008271	271_GCGCGATAGGACAGAA	TRUE
NIH_Ao_GCGCGATCACAGCCCA	NIH_Ao	GCGCGATCACAGCCCA	SRR11008271	271_GCGCGATCACAGCCCA	TRUE
NIH_Ao_GCGCGATCAGACAGGT	NIH_Ao	GCGCGATCAGACAGGT	SRR11008271	271_GCGCGATCAGACAGGT	TRUE
NIH_Ao_GCGCGATCAGACTCGC	NIH_Ao	GCGCGATCAGACTCGC	SRR11008271	271_GCGCGATCAGACTCGC	TRUE
NIH_Ao_GCGCGATGTTACGGAG	NIH_Ao	GCGCGATGTTACGGAG	SRR11008271	271_GCGCGATGTTACGGAG	TRUE
NIH_Ao_GCGCGATGTTTGACAC	NIH_Ao	GCGCGATGTTTGACAC	SRR11008271	271_GCGCGATGTTTGACAC	TRUE
NIH_Ao_GCGCGATTCGTGGTCG	NIH_Ao	GCGCGATTCGTGGTCG	SRR11008271	271_GCGCGATTCGTGGTCG	TRUE
NIH_Ao_GCGGGTTCACTGAAGG	NIH_Ao	GCGGGTTCACTGAAGG	SRR11008271	271_GCGGGTTCACTGAAGG	TRUE
NIH_Ao_GCGGGTTGTAAGTGTA	NIH_Ao	GCGGGTTGTAAGTGTA	SRR11008271	271_GCGGGTTGTAAGTGTA	TRUE
NIH_Ao_GCGGGTTGTTAAGATG	NIH_Ao	GCGGGTTGTTAAGATG	SRR11008271	271_GCGGGTTGTTAAGATG	TRUE
NIH_Ao_GCTCCTAAGATGCGAC	NIH_Ao	GCTCCTAAGATGCGAC	SRR11008271	271_GCTCCTAAGATGCGAC	TRUE
NIH_Ao_GCTCCTAAGGACGAAA	NIH_Ao	GCTCCTAAGGACGAAA	SRR11008271	271_GCTCCTAAGGACGAAA	TRUE
NIH_Ao_GCTCCTACACAAGCCC	NIH_Ao	GCTCCTACACAAGCCC	SRR11008271	271_GCTCCTACACAAGCCC	TRUE
NIH_Ao_GCTCCTACACCTCGTT	NIH_Ao	GCTCCTACACCTCGTT	SRR11008271	271_GCTCCTACACCTCGTT	TRUE
NIH_Ao_GCTCCTATCAGGCAAG	NIH_Ao	GCTCCTATCAGGCAAG	SRR11008271	271_GCTCCTATCAGGCAAG	TRUE
NIH_Ao_GCTCTGTAGTGGTAGC	NIH_Ao	GCTCTGTAGTGGTAGC	SRR11008271	271_GCTCTGTAGTGGTAGC	TRUE
NIH_Ao_GCTCTGTCATATACGC	NIH_Ao	GCTCTGTCATATACGC	SRR11008271	271_GCTCTGTCATATACGC	TRUE
NIH_Ao_GCTCTGTTCGCTTGTC	NIH_Ao	GCTCTGTTCGCTTGTC	SRR11008271	271_GCTCTGTTCGCTTGTC	TRUE
NIH_Ao_GCTGCAGAGACGCTTT	NIH_Ao	GCTGCAGAGACGCTTT	SRR11008271	271_GCTGCAGAGACGCTTT	TRUE
NIH_Ao_GCTGCAGCAAACTGTC	NIH_Ao	GCTGCAGCAAACTGTC	SRR11008271	271_GCTGCAGCAAACTGTC	TRUE
NIH_Ao_GCTGCAGCAGTGGGAT	NIH_Ao	GCTGCAGCAGTGGGAT	SRR11008271	271_GCTGCAGCAGTGGGAT	TRUE
NIH_Ao_GCTGCAGGTCCCTACT	NIH_Ao	GCTGCAGGTCCCTACT	SRR11008271	271_GCTGCAGGTCCCTACT	TRUE
NIH_Ao_GCTGCAGTCAAGAAGT	NIH_Ao	GCTGCAGTCAAGAAGT	SRR11008271	271_GCTGCAGTCAAGAAGT	TRUE
NIH_Ao_GCTGCAGTCGGTCTAA	NIH_Ao	GCTGCAGTCGGTCTAA	SRR11008271	271_GCTGCAGTCGGTCTAA	TRUE
NIH_Ao_GCTGCGAGTATATCCG	NIH_Ao	GCTGCGAGTATATCCG	SRR11008271	271_GCTGCGAGTATATCCG	TRUE
NIH_Ao_GCTGCGATCGTTTGCC	NIH_Ao	GCTGCGATCGTTTGCC	SRR11008271	271_GCTGCGATCGTTTGCC	TRUE
NIH_Ao_GCTGCTTAGCTCCCAG	NIH_Ao	GCTGCTTAGCTCCCAG	SRR11008271	271_GCTGCTTAGCTCCCAG	TRUE
NIH_Ao_GCTGCTTAGCTTCGCG	NIH_Ao	GCTGCTTAGCTTCGCG	SRR11008271	271_GCTGCTTAGCTTCGCG	TRUE
NIH_Ao_GCTGCTTAGTCATCCA	NIH_Ao	GCTGCTTAGTCATCCA	SRR11008271	271_GCTGCTTAGTCATCCA	TRUE
NIH_Ao_GCTGCTTAGTGTTGAA	NIH_Ao	GCTGCTTAGTGTTGAA	SRR11008271	271_GCTGCTTAGTGTTGAA	FALSE
NIH_Ao_GCTGCTTGTAGTGAAT	NIH_Ao	GCTGCTTGTAGTGAAT	SRR11008271	271_GCTGCTTGTAGTGAAT	TRUE
NIH_Ao_GCTGCTTGTCCCTACT	NIH_Ao	GCTGCTTGTCCCTACT	SRR11008271	271_GCTGCTTGTCCCTACT	TRUE
NIH_Ao_GCTGCTTTCACCATAG	NIH_Ao	GCTGCTTTCACCATAG	SRR11008271	271_GCTGCTTTCACCATAG	TRUE
NIH_Ao_GCTGCTTTCGGTGTCG	NIH_Ao	GCTGCTTTCGGTGTCG	SRR11008271	271_GCTGCTTTCGGTGTCG	TRUE
NIH_Ao_GCTGGGTCAAGGGTCA	NIH_Ao	GCTGGGTCAAGGGTCA	SRR11008271	271_GCTGGGTCAAGGGTCA	TRUE
NIH_Ao_GCTGGGTCAAGTTAAG	NIH_Ao	GCTGGGTCAAGTTAAG	SRR11008271	271_GCTGGGTCAAGTTAAG	TRUE
NIH_Ao_GCTGGGTCAGTTTACG	NIH_Ao	GCTGGGTCAGTTTACG	SRR11008271	271_GCTGGGTCAGTTTACG	TRUE
NIH_Ao_GCTGGGTGTATAGGGC	NIH_Ao	GCTGGGTGTATAGGGC	SRR11008271	271_GCTGGGTGTATAGGGC	TRUE
NIH_Ao_GCTGGGTGTCTTGTCC	NIH_Ao	GCTGGGTGTCTTGTCC	SRR11008271	271_GCTGGGTGTCTTGTCC	TRUE
NIH_Ao_GCTGGGTTCCTTGACC	NIH_Ao	GCTGGGTTCCTTGACC	SRR11008271	271_GCTGGGTTCCTTGACC	TRUE
NIH_Ao_GCTTCCACAAGAAAGG	NIH_Ao	GCTTCCACAAGAAAGG	SRR11008271	271_GCTTCCACAAGAAAGG	TRUE
NIH_Ao_GCTTCCACATCAGTAC	NIH_Ao	GCTTCCACATCAGTAC	SRR11008271	271_GCTTCCACATCAGTAC	TRUE
NIH_Ao_GCTTCCAGTGCAACTT	NIH_Ao	GCTTCCAGTGCAACTT	SRR11008271	271_GCTTCCAGTGCAACTT	TRUE
NIH_Ao_GCTTCCATCACCATAG	NIH_Ao	GCTTCCATCACCATAG	SRR11008271	271_GCTTCCATCACCATAG	TRUE
NIH_Ao_GCTTCCATCACGGTTA	NIH_Ao	GCTTCCATCACGGTTA	SRR11008271	271_GCTTCCATCACGGTTA	TRUE
NIH_Ao_GCTTGAAAGTCAAGCG	NIH_Ao	GCTTGAAAGTCAAGCG	SRR11008271	271_GCTTGAAAGTCAAGCG	TRUE
NIH_Ao_GCTTGAAAGTTGCAGG	NIH_Ao	GCTTGAAAGTTGCAGG	SRR11008271	271_GCTTGAAAGTTGCAGG	TRUE
NIH_Ao_GCTTGAAGTTGTTTGG	NIH_Ao	GCTTGAAGTTGTTTGG	SRR11008271	271_GCTTGAAGTTGTTTGG	TRUE
NIH_Ao_GCTTGAAGTTTAGCTG	NIH_Ao	GCTTGAAGTTTAGCTG	SRR11008271	271_GCTTGAAGTTTAGCTG	TRUE
NIH_Ao_GGAAAGCAGAGCAATT	NIH_Ao	GGAAAGCAGAGCAATT	SRR11008271	271_GGAAAGCAGAGCAATT	TRUE
NIH_Ao_GGAAAGCCAGTTCATG	NIH_Ao	GGAAAGCCAGTTCATG	SRR11008271	271_GGAAAGCCAGTTCATG	TRUE
NIH_Ao_GGAAAGCTCTGCAGTA	NIH_Ao	GGAAAGCTCTGCAGTA	SRR11008271	271_GGAAAGCTCTGCAGTA	TRUE
NIH_Ao_GGAACTTCAGCTCGAC	NIH_Ao	GGAACTTCAGCTCGAC	SRR11008271	271_GGAACTTCAGCTCGAC	TRUE
NIH_Ao_GGAACTTCATAGACTC	NIH_Ao	GGAACTTCATAGACTC	SRR11008271	271_GGAACTTCATAGACTC	TRUE
NIH_Ao_GGAACTTGTTGGAGGT	NIH_Ao	GGAACTTGTTGGAGGT	SRR11008271	271_GGAACTTGTTGGAGGT	TRUE
NIH_Ao_GGAACTTTCACAACGT	NIH_Ao	GGAACTTTCACAACGT	SRR11008271	271_GGAACTTTCACAACGT	TRUE
NIH_Ao_GGAACTTTCAGATAAG	NIH_Ao	GGAACTTTCAGATAAG	SRR11008271	271_GGAACTTTCAGATAAG	TRUE
NIH_Ao_GGAATAAAGGATATAC	NIH_Ao	GGAATAAAGGATATAC	SRR11008271	271_GGAATAAAGGATATAC	TRUE
NIH_Ao_GGAATAACAAGTAATG	NIH_Ao	GGAATAACAAGTAATG	SRR11008271	271_GGAATAACAAGTAATG	TRUE
NIH_Ao_GGAATAACAATAGCAA	NIH_Ao	GGAATAACAATAGCAA	SRR11008271	271_GGAATAACAATAGCAA	TRUE
NIH_Ao_GGAATAAGTACACCGC	NIH_Ao	GGAATAAGTACACCGC	SRR11008271	271_GGAATAAGTACACCGC	TRUE
NIH_Ao_GGAATAAGTATGGTTC	NIH_Ao	GGAATAAGTATGGTTC	SRR11008271	271_GGAATAAGTATGGTTC	TRUE
NIH_Ao_GGAATAAGTGTTTGTG	NIH_Ao	GGAATAAGTGTTTGTG	SRR11008271	271_GGAATAAGTGTTTGTG	TRUE
NIH_Ao_GGAATAATCACGAAGG	NIH_Ao	GGAATAATCACGAAGG	SRR11008271	271_GGAATAATCACGAAGG	TRUE
NIH_Ao_GGACAAGGTAGCGTCC	NIH_Ao	GGACAAGGTAGCGTCC	SRR11008271	271_GGACAAGGTAGCGTCC	TRUE
NIH_Ao_GGACAGAAGCTAGCCC	NIH_Ao	GGACAGAAGCTAGCCC	SRR11008271	271_GGACAGAAGCTAGCCC	TRUE
NIH_Ao_GGACAGACAACAACCT	NIH_Ao	GGACAGACAACAACCT	SRR11008271	271_GGACAGACAACAACCT	TRUE
NIH_Ao_GGACAGATCACGCGGT	NIH_Ao	GGACAGATCACGCGGT	SRR11008271	271_GGACAGATCACGCGGT	TRUE
NIH_Ao_GGACATTAGACTTGAA	NIH_Ao	GGACATTAGACTTGAA	SRR11008271	271_GGACATTAGACTTGAA	TRUE
NIH_Ao_GGACATTAGTGTGGCA	NIH_Ao	GGACATTAGTGTGGCA	SRR11008271	271_GGACATTAGTGTGGCA	TRUE
NIH_Ao_GGACATTAGTTTAGGA	NIH_Ao	GGACATTAGTTTAGGA	SRR11008271	271_GGACATTAGTTTAGGA	TRUE
NIH_Ao_GGACATTGTAATTGGA	NIH_Ao	GGACATTGTAATTGGA	SRR11008271	271_GGACATTGTAATTGGA	TRUE
NIH_Ao_GGACATTTCATCACCC	NIH_Ao	GGACATTTCATCACCC	SRR11008271	271_GGACATTTCATCACCC	TRUE
NIH_Ao_GGACATTTCCAAGCCG	NIH_Ao	GGACATTTCCAAGCCG	SRR11008271	271_GGACATTTCCAAGCCG	TRUE
NIH_Ao_GGACGTCAGCGGATCA	NIH_Ao	GGACGTCAGCGGATCA	SRR11008271	271_GGACGTCAGCGGATCA	TRUE
NIH_Ao_GGACGTCAGGACAGAA	NIH_Ao	GGACGTCAGGACAGAA	SRR11008271	271_GGACGTCAGGACAGAA	TRUE
NIH_Ao_GGACGTCTCACATGCA	NIH_Ao	GGACGTCTCACATGCA	SRR11008271	271_GGACGTCTCACATGCA	TRUE
NIH_Ao_GGACGTCTCGGCTACG	NIH_Ao	GGACGTCTCGGCTACG	SRR11008271	271_GGACGTCTCGGCTACG	FALSE
NIH_Ao_GGACGTCTCTGTCTAT	NIH_Ao	GGACGTCTCTGTCTAT	SRR11008271	271_GGACGTCTCTGTCTAT	TRUE
NIH_Ao_GGAGCAAAGATGGCGT	NIH_Ao	GGAGCAAAGATGGCGT	SRR11008271	271_GGAGCAAAGATGGCGT	TRUE
NIH_Ao_GGAGCAATCTTCGAGA	NIH_Ao	GGAGCAATCTTCGAGA	SRR11008271	271_GGAGCAATCTTCGAGA	TRUE
NIH_Ao_GGATGTTAGGTAAACT	NIH_Ao	GGATGTTAGGTAAACT	SRR11008271	271_GGATGTTAGGTAAACT	TRUE
NIH_Ao_GGATGTTAGTACGACG	NIH_Ao	GGATGTTAGTACGACG	SRR11008271	271_GGATGTTAGTACGACG	TRUE
NIH_Ao_GGATGTTCAACACCTA	NIH_Ao	GGATGTTCAACACCTA	SRR11008271	271_GGATGTTCAACACCTA	TRUE
NIH_Ao_GGATGTTTCACCTCGT	NIH_Ao	GGATGTTTCACCTCGT	SRR11008271	271_GGATGTTTCACCTCGT	FALSE
NIH_Ao_GGATTACAGCAATATG	NIH_Ao	GGATTACAGCAATATG	SRR11008271	271_GGATTACAGCAATATG	TRUE
NIH_Ao_GGATTACCACACATGT	NIH_Ao	GGATTACCACACATGT	SRR11008271	271_GGATTACCACACATGT	TRUE
NIH_Ao_GGATTACCACATGACT	NIH_Ao	GGATTACCACATGACT	SRR11008271	271_GGATTACCACATGACT	TRUE
NIH_Ao_GGATTACGTAAGGATT	NIH_Ao	GGATTACGTAAGGATT	SRR11008271	271_GGATTACGTAAGGATT	TRUE
NIH_Ao_GGATTACGTATAGGTA	NIH_Ao	GGATTACGTATAGGTA	SRR11008271	271_GGATTACGTATAGGTA	TRUE
NIH_Ao_GGATTACTCAGGCGAA	NIH_Ao	GGATTACTCAGGCGAA	SRR11008271	271_GGATTACTCAGGCGAA	TRUE
NIH_Ao_GGATTACTCCAGAGGA	NIH_Ao	GGATTACTCCAGAGGA	SRR11008271	271_GGATTACTCCAGAGGA	TRUE
NIH_Ao_GGATTACTCCTTAATC	NIH_Ao	GGATTACTCCTTAATC	SRR11008271	271_GGATTACTCCTTAATC	TRUE
NIH_Ao_GGATTACTCTGGAGCC	NIH_Ao	GGATTACTCTGGAGCC	SRR11008271	271_GGATTACTCTGGAGCC	TRUE
NIH_Ao_GGCAATTCACGCTTTC	NIH_Ao	GGCAATTCACGCTTTC	SRR11008271	271_GGCAATTCACGCTTTC	TRUE
NIH_Ao_GGCAATTGTATGGTTC	NIH_Ao	GGCAATTGTATGGTTC	SRR11008271	271_GGCAATTGTATGGTTC	TRUE
NIH_Ao_GGCAATTTCTAGAGTC	NIH_Ao	GGCAATTTCTAGAGTC	SRR11008271	271_GGCAATTTCTAGAGTC	TRUE
NIH_Ao_GGCAATTTCTTACCGC	NIH_Ao	GGCAATTTCTTACCGC	SRR11008271	271_GGCAATTTCTTACCGC	TRUE
NIH_Ao_GGCCGATAGTGTACCT	NIH_Ao	GGCCGATAGTGTACCT	SRR11008271	271_GGCCGATAGTGTACCT	TRUE
NIH_Ao_GGCCGATTCAACACTG	NIH_Ao	GGCCGATTCAACACTG	SRR11008271	271_GGCCGATTCAACACTG	FALSE
NIH_Ao_GGCCGATTCTGAGGGA	NIH_Ao	GGCCGATTCTGAGGGA	SRR11008271	271_GGCCGATTCTGAGGGA	TRUE
NIH_Ao_GGCGACTAGAAGGCCT	NIH_Ao	GGCGACTAGAAGGCCT	SRR11008271	271_GGCGACTAGAAGGCCT	TRUE
NIH_Ao_GGCGACTAGGAACTGC	NIH_Ao	GGCGACTAGGAACTGC	SRR11008271	271_GGCGACTAGGAACTGC	TRUE
NIH_Ao_GGCGACTAGTGTTGAA	NIH_Ao	GGCGACTAGTGTTGAA	SRR11008271	271_GGCGACTAGTGTTGAA	TRUE
NIH_Ao_GGCGACTCATATACCG	NIH_Ao	GGCGACTCATATACCG	SRR11008271	271_GGCGACTCATATACCG	FALSE
NIH_Ao_GGCGACTGTGCCTGGT	NIH_Ao	GGCGACTGTGCCTGGT	SRR11008271	271_GGCGACTGTGCCTGGT	TRUE
NIH_Ao_GGCGACTTCAGGTAAA	NIH_Ao	GGCGACTTCAGGTAAA	SRR11008271	271_GGCGACTTCAGGTAAA	TRUE
NIH_Ao_GGCGTGTAGGAATTAC	NIH_Ao	GGCGTGTAGGAATTAC	SRR11008271	271_GGCGTGTAGGAATTAC	TRUE
NIH_Ao_GGCGTGTCACTTCGAA	NIH_Ao	GGCGTGTCACTTCGAA	SRR11008271	271_GGCGTGTCACTTCGAA	TRUE
NIH_Ao_GGCTCGAGTATAGGGC	NIH_Ao	GGCTCGAGTATAGGGC	SRR11008271	271_GGCTCGAGTATAGGGC	TRUE
NIH_Ao_GGCTGGTAGAGTAAGG	NIH_Ao	GGCTGGTAGAGTAAGG	SRR11008271	271_GGCTGGTAGAGTAAGG	TRUE
NIH_Ao_GGCTGGTAGATGTCGG	NIH_Ao	GGCTGGTAGATGTCGG	SRR11008271	271_GGCTGGTAGATGTCGG	TRUE
NIH_Ao_GGCTGGTAGCCACCTG	NIH_Ao	GGCTGGTAGCCACCTG	SRR11008271	271_GGCTGGTAGCCACCTG	TRUE
NIH_Ao_GGCTGGTAGGGCATGT	NIH_Ao	GGCTGGTAGGGCATGT	SRR11008271	271_GGCTGGTAGGGCATGT	TRUE
NIH_Ao_GGCTGGTCAATCCGAT	NIH_Ao	GGCTGGTCAATCCGAT	SRR11008271	271_GGCTGGTCAATCCGAT	TRUE
NIH_Ao_GGCTGGTTCACTTACT	NIH_Ao	GGCTGGTTCACTTACT	SRR11008271	271_GGCTGGTTCACTTACT	TRUE
NIH_Ao_GGCTGGTTCTCGAGTA	NIH_Ao	GGCTGGTTCTCGAGTA	SRR11008271	271_GGCTGGTTCTCGAGTA	TRUE
NIH_Ao_GGCTGGTTCTTTACAC	NIH_Ao	GGCTGGTTCTTTACAC	SRR11008271	271_GGCTGGTTCTTTACAC	TRUE
NIH_Ao_GGGAATGAGATCCTGT	NIH_Ao	GGGAATGAGATCCTGT	SRR11008271	271_GGGAATGAGATCCTGT	TRUE
NIH_Ao_GGGAATGCAATAAGCA	NIH_Ao	GGGAATGCAATAAGCA	SRR11008271	271_GGGAATGCAATAAGCA	TRUE
NIH_Ao_GGGAATGCACGAAACG	NIH_Ao	GGGAATGCACGAAACG	SRR11008271	271_GGGAATGCACGAAACG	TRUE
NIH_Ao_GGGAATGGTAAACACA	NIH_Ao	GGGAATGGTAAACACA	SRR11008271	271_GGGAATGGTAAACACA	TRUE
NIH_Ao_GGGAATGGTACCGTAT	NIH_Ao	GGGAATGGTACCGTAT	SRR11008271	271_GGGAATGGTACCGTAT	TRUE
NIH_Ao_GGGAATGGTAGATTAG	NIH_Ao	GGGAATGGTAGATTAG	SRR11008271	271_GGGAATGGTAGATTAG	TRUE
NIH_Ao_GGGAATGGTCCGAACC	NIH_Ao	GGGAATGGTCCGAACC	SRR11008271	271_GGGAATGGTCCGAACC	TRUE
NIH_Ao_GGGAATGTCAGAGCTT	NIH_Ao	GGGAATGTCAGAGCTT	SRR11008271	271_GGGAATGTCAGAGCTT	TRUE
NIH_Ao_GGGACCTCACTTAACG	NIH_Ao	GGGACCTCACTTAACG	SRR11008271	271_GGGACCTCACTTAACG	TRUE
NIH_Ao_GGGACCTGTGTAATGA	NIH_Ao	GGGACCTGTGTAATGA	SRR11008271	271_GGGACCTGTGTAATGA	TRUE
NIH_Ao_GGGACCTTCACGGTTA	NIH_Ao	GGGACCTTCACGGTTA	SRR11008271	271_GGGACCTTCACGGTTA	TRUE
NIH_Ao_GGGACCTTCAGCTTAG	NIH_Ao	GGGACCTTCAGCTTAG	SRR11008271	271_GGGACCTTCAGCTTAG	TRUE
NIH_Ao_GGGAGATCAATAGCGG	NIH_Ao	GGGAGATCAATAGCGG	SRR11008271	271_GGGAGATCAATAGCGG	TRUE
NIH_Ao_GGGATGAAGCCGATTT	NIH_Ao	GGGATGAAGCCGATTT	SRR11008271	271_GGGATGAAGCCGATTT	TRUE
NIH_Ao_GGGATGAAGCTTCGCG	NIH_Ao	GGGATGAAGCTTCGCG	SRR11008271	271_GGGATGAAGCTTCGCG	TRUE
NIH_Ao_GGGATGAAGTTTAGGA	NIH_Ao	GGGATGAAGTTTAGGA	SRR11008271	271_GGGATGAAGTTTAGGA	TRUE
NIH_Ao_GGGATGACAATAGCAA	NIH_Ao	GGGATGACAATAGCAA	SRR11008271	271_GGGATGACAATAGCAA	TRUE
NIH_Ao_GGGATGACACAGACTT	NIH_Ao	GGGATGACACAGACTT	SRR11008271	271_GGGATGACACAGACTT	TRUE
NIH_Ao_GGGATGAGTATATGGA	NIH_Ao	GGGATGAGTATATGGA	SRR11008271	271_GGGATGAGTATATGGA	TRUE
NIH_Ao_GGGATGAGTTAAAGTG	NIH_Ao	GGGATGAGTTAAAGTG	SRR11008271	271_GGGATGAGTTAAAGTG	TRUE
NIH_Ao_GGGATGAGTTCACGGC	NIH_Ao	GGGATGAGTTCACGGC	SRR11008271	271_GGGATGAGTTCACGGC	TRUE
NIH_Ao_GGGATGAGTTCCCGAG	NIH_Ao	GGGATGAGTTCCCGAG	SRR11008271	271_GGGATGAGTTCCCGAG	TRUE
NIH_Ao_GGGCACTCACCCATGG	NIH_Ao	GGGCACTCACCCATGG	SRR11008271	271_GGGCACTCACCCATGG	TRUE
NIH_Ao_GGGCACTGTGTTCGAT	NIH_Ao	GGGCACTGTGTTCGAT	SRR11008271	271_GGGCACTGTGTTCGAT	TRUE
NIH_Ao_GGGCACTGTTGTCGCG	NIH_Ao	GGGCACTGTTGTCGCG	SRR11008271	271_GGGCACTGTTGTCGCG	TRUE
NIH_Ao_GGGCACTTCAACACCA	NIH_Ao	GGGCACTTCAACACCA	SRR11008271	271_GGGCACTTCAACACCA	TRUE
NIH_Ao_GGGCATCAGGGTTCCC	NIH_Ao	GGGCATCAGGGTTCCC	SRR11008271	271_GGGCATCAGGGTTCCC	TRUE
NIH_Ao_GGGCATCCACATCTTT	NIH_Ao	GGGCATCCACATCTTT	SRR11008271	271_GGGCATCCACATCTTT	TRUE
NIH_Ao_GGGTCTGAGGATGGAA	NIH_Ao	GGGTCTGAGGATGGAA	SRR11008271	271_GGGTCTGAGGATGGAA	TRUE
NIH_Ao_GGGTCTGAGGCCCTTG	NIH_Ao	GGGTCTGAGGCCCTTG	SRR11008271	271_GGGTCTGAGGCCCTTG	TRUE
NIH_Ao_GGGTCTGCAAACGTGG	NIH_Ao	GGGTCTGCAAACGTGG	SRR11008271	271_GGGTCTGCAAACGTGG	TRUE
NIH_Ao_GGGTTGCAGACGACGT	NIH_Ao	GGGTTGCAGACGACGT	SRR11008271	271_GGGTTGCAGACGACGT	TRUE
NIH_Ao_GGGTTGCAGATATACG	NIH_Ao	GGGTTGCAGATATACG	SRR11008271	271_GGGTTGCAGATATACG	TRUE
NIH_Ao_GGGTTGCAGGCTAGGT	NIH_Ao	GGGTTGCAGGCTAGGT	SRR11008271	271_GGGTTGCAGGCTAGGT	TRUE
NIH_Ao_GGGTTGCAGTCAAGGC	NIH_Ao	GGGTTGCAGTCAAGGC	SRR11008271	271_GGGTTGCAGTCAAGGC	TRUE
NIH_Ao_GGGTTGCCACGTCTCT	NIH_Ao	GGGTTGCCACGTCTCT	SRR11008271	271_GGGTTGCCACGTCTCT	TRUE
NIH_Ao_GGGTTGCGTCTTGCGG	NIH_Ao	GGGTTGCGTCTTGCGG	SRR11008271	271_GGGTTGCGTCTTGCGG	TRUE
NIH_Ao_GGGTTGCGTTTGCATG	NIH_Ao	GGGTTGCGTTTGCATG	SRR11008271	271_GGGTTGCGTTTGCATG	TRUE
NIH_Ao_GGGTTGCTCCACTGGG	NIH_Ao	GGGTTGCTCCACTGGG	SRR11008271	271_GGGTTGCTCCACTGGG	TRUE
NIH_Ao_GGGTTGCTCGTACGGC	NIH_Ao	GGGTTGCTCGTACGGC	SRR11008271	271_GGGTTGCTCGTACGGC	TRUE
NIH_Ao_GGTATTGAGTCCCACG	NIH_Ao	GGTATTGAGTCCCACG	SRR11008271	271_GGTATTGAGTCCCACG	FALSE
NIH_Ao_GGTATTGCAGGGTTAG	NIH_Ao	GGTATTGCAGGGTTAG	SRR11008271	271_GGTATTGCAGGGTTAG	TRUE
NIH_Ao_GGTATTGCATGTAGTC	NIH_Ao	GGTATTGCATGTAGTC	SRR11008271	271_GGTATTGCATGTAGTC	TRUE
NIH_Ao_GGTGAAGGTCGCATCG	NIH_Ao	GGTGAAGGTCGCATCG	SRR11008271	271_GGTGAAGGTCGCATCG	TRUE
NIH_Ao_GGTGAAGTCTTACCGC	NIH_Ao	GGTGAAGTCTTACCGC	SRR11008271	271_GGTGAAGTCTTACCGC	TRUE
NIH_Ao_GGTGCGTTCACTATTC	NIH_Ao	GGTGCGTTCACTATTC	SRR11008271	271_GGTGCGTTCACTATTC	TRUE
NIH_Ao_GGTGCGTTCTCGAGTA	NIH_Ao	GGTGCGTTCTCGAGTA	SRR11008271	271_GGTGCGTTCTCGAGTA	TRUE
NIH_Ao_GGTGTTAAGAGACTTA	NIH_Ao	GGTGTTAAGAGACTTA	SRR11008271	271_GGTGTTAAGAGACTTA	TRUE
NIH_Ao_GGTGTTAAGCTAGTGG	NIH_Ao	GGTGTTAAGCTAGTGG	SRR11008271	271_GGTGTTAAGCTAGTGG	TRUE
NIH_Ao_GGTGTTAAGGACACCA	NIH_Ao	GGTGTTAAGGACACCA	SRR11008271	271_GGTGTTAAGGACACCA	TRUE
NIH_Ao_GGTGTTAAGGGTCTCC	NIH_Ao	GGTGTTAAGGGTCTCC	SRR11008271	271_GGTGTTAAGGGTCTCC	TRUE
NIH_Ao_GGTGTTACACGGCCAT	NIH_Ao	GGTGTTACACGGCCAT	SRR11008271	271_GGTGTTACACGGCCAT	TRUE
NIH_Ao_GGTGTTAGTCTCTTTA	NIH_Ao	GGTGTTAGTCTCTTTA	SRR11008271	271_GGTGTTAGTCTCTTTA	TRUE
NIH_Ao_GGTGTTAGTGTTGGGA	NIH_Ao	GGTGTTAGTGTTGGGA	SRR11008271	271_GGTGTTAGTGTTGGGA	TRUE
NIH_Ao_GGTGTTATCAGTGCAT	NIH_Ao	GGTGTTATCAGTGCAT	SRR11008271	271_GGTGTTATCAGTGCAT	TRUE
NIH_Ao_GTAACGTAGGAGCGAG	NIH_Ao	GTAACGTAGGAGCGAG	SRR11008271	271_GTAACGTAGGAGCGAG	TRUE
NIH_Ao_GTAACGTCAAGCCGCT	NIH_Ao	GTAACGTCAAGCCGCT	SRR11008271	271_GTAACGTCAAGCCGCT	TRUE
NIH_Ao_GTAACGTTCATCGGAT	NIH_Ao	GTAACGTTCATCGGAT	SRR11008271	271_GTAACGTTCATCGGAT	TRUE
NIH_Ao_GTAACTGAGAAACCTA	NIH_Ao	GTAACTGAGAAACCTA	SRR11008271	271_GTAACTGAGAAACCTA	TRUE
NIH_Ao_GTAACTGAGGAACTGC	NIH_Ao	GTAACTGAGGAACTGC	SRR11008271	271_GTAACTGAGGAACTGC	TRUE
NIH_Ao_GTAACTGCACAGACTT	NIH_Ao	GTAACTGCACAGACTT	SRR11008271	271_GTAACTGCACAGACTT	TRUE
NIH_Ao_GTAACTGGTCTCATCC	NIH_Ao	GTAACTGGTCTCATCC	SRR11008271	271_GTAACTGGTCTCATCC	TRUE
NIH_Ao_GTAACTGGTGCGCTTG	NIH_Ao	GTAACTGGTGCGCTTG	SRR11008271	271_GTAACTGGTGCGCTTG	TRUE
NIH_Ao_GTAACTGTCATCTGTT	NIH_Ao	GTAACTGTCATCTGTT	SRR11008271	271_GTAACTGTCATCTGTT	TRUE
NIH_Ao_GTAACTGTCTTCCTTC	NIH_Ao	GTAACTGTCTTCCTTC	SRR11008271	271_GTAACTGTCTTCCTTC	TRUE
NIH_Ao_GTAACTGTCTTTACGT	NIH_Ao	GTAACTGTCTTTACGT	SRR11008271	271_GTAACTGTCTTTACGT	TRUE
NIH_Ao_GTACGTACACTTCTGC	NIH_Ao	GTACGTACACTTCTGC	SRR11008271	271_GTACGTACACTTCTGC	TRUE
NIH_Ao_GTACGTACAGGCAGTA	NIH_Ao	GTACGTACAGGCAGTA	SRR11008271	271_GTACGTACAGGCAGTA	TRUE
NIH_Ao_GTACGTAGTCACTGGC	NIH_Ao	GTACGTAGTCACTGGC	SRR11008271	271_GTACGTAGTCACTGGC	TRUE
NIH_Ao_GTACTCCAGCTCAACT	NIH_Ao	GTACTCCAGCTCAACT	SRR11008271	271_GTACTCCAGCTCAACT	TRUE
NIH_Ao_GTACTCCTCTGAAAGA	NIH_Ao	GTACTCCTCTGAAAGA	SRR11008271	271_GTACTCCTCTGAAAGA	TRUE
NIH_Ao_GTACTCCTCTGCTGCT	NIH_Ao	GTACTCCTCTGCTGCT	SRR11008271	271_GTACTCCTCTGCTGCT	TRUE
NIH_Ao_GTACTTTCACAGCCCA	NIH_Ao	GTACTTTCACAGCCCA	SRR11008271	271_GTACTTTCACAGCCCA	TRUE
NIH_Ao_GTACTTTCACTGTGTA	NIH_Ao	GTACTTTCACTGTGTA	SRR11008271	271_GTACTTTCACTGTGTA	TRUE
NIH_Ao_GTACTTTGTAAGGGCT	NIH_Ao	GTACTTTGTAAGGGCT	SRR11008271	271_GTACTTTGTAAGGGCT	TRUE
NIH_Ao_GTACTTTGTAGGCATG	NIH_Ao	GTACTTTGTAGGCATG	SRR11008271	271_GTACTTTGTAGGCATG	TRUE
NIH_Ao_GTACTTTGTATATGAG	NIH_Ao	GTACTTTGTATATGAG	SRR11008271	271_GTACTTTGTATATGAG	TRUE
NIH_Ao_GTACTTTGTTGTCTTT	NIH_Ao	GTACTTTGTTGTCTTT	SRR11008271	271_GTACTTTGTTGTCTTT	FALSE
NIH_Ao_GTACTTTTCCGTTGTC	NIH_Ao	GTACTTTTCCGTTGTC	SRR11008271	271_GTACTTTTCCGTTGTC	TRUE
NIH_Ao_GTAGGCCCAGGACCCT	NIH_Ao	GTAGGCCCAGGACCCT	SRR11008271	271_GTAGGCCCAGGACCCT	TRUE
NIH_Ao_GTAGTCAAGAACTCGG	NIH_Ao	GTAGTCAAGAACTCGG	SRR11008271	271_GTAGTCAAGAACTCGG	TRUE
NIH_Ao_GTAGTCAAGACAGACC	NIH_Ao	GTAGTCAAGACAGACC	SRR11008271	271_GTAGTCAAGACAGACC	TRUE
NIH_Ao_GTAGTCAAGGCTCAGA	NIH_Ao	GTAGTCAAGGCTCAGA	SRR11008271	271_GTAGTCAAGGCTCAGA	TRUE
NIH_Ao_GTAGTCACAGACGCCT	NIH_Ao	GTAGTCACAGACGCCT	SRR11008271	271_GTAGTCACAGACGCCT	TRUE
NIH_Ao_GTAGTCACAGGTCCAC	NIH_Ao	GTAGTCACAGGTCCAC	SRR11008271	271_GTAGTCACAGGTCCAC	TRUE
NIH_Ao_GTAGTCAGTAGCGTGA	NIH_Ao	GTAGTCAGTAGCGTGA	SRR11008271	271_GTAGTCAGTAGCGTGA	TRUE
NIH_Ao_GTAGTCAGTCACAAGG	NIH_Ao	GTAGTCAGTCACAAGG	SRR11008271	271_GTAGTCAGTCACAAGG	TRUE
NIH_Ao_GTAGTCAGTTCCACAA	NIH_Ao	GTAGTCAGTTCCACAA	SRR11008271	271_GTAGTCAGTTCCACAA	TRUE
NIH_Ao_GTAGTCATCCACGACG	NIH_Ao	GTAGTCATCCACGACG	SRR11008271	271_GTAGTCATCCACGACG	TRUE
NIH_Ao_GTATCTTCAAGACGTG	NIH_Ao	GTATCTTCAAGACGTG	SRR11008271	271_GTATCTTCAAGACGTG	TRUE
NIH_Ao_GTATCTTCAGCTGGCT	NIH_Ao	GTATCTTCAGCTGGCT	SRR11008271	271_GTATCTTCAGCTGGCT	TRUE
NIH_Ao_GTATCTTCATATACGC	NIH_Ao	GTATCTTCATATACGC	SRR11008271	271_GTATCTTCATATACGC	TRUE
NIH_Ao_GTATCTTTCAGGTAAA	NIH_Ao	GTATCTTTCAGGTAAA	SRR11008271	271_GTATCTTTCAGGTAAA	TRUE
NIH_Ao_GTATCTTTCCGTCATC	NIH_Ao	GTATCTTTCCGTCATC	SRR11008271	271_GTATCTTTCCGTCATC	TRUE
NIH_Ao_GTATCTTTCGTTACAG	NIH_Ao	GTATCTTTCGTTACAG	SRR11008271	271_GTATCTTTCGTTACAG	TRUE
NIH_Ao_GTATCTTTCTGGTATG	NIH_Ao	GTATCTTTCTGGTATG	SRR11008271	271_GTATCTTTCTGGTATG	TRUE
NIH_Ao_GTATTCTAGCCAACAG	NIH_Ao	GTATTCTAGCCAACAG	SRR11008271	271_GTATTCTAGCCAACAG	TRUE
NIH_Ao_GTATTCTCAATTCCTT	NIH_Ao	GTATTCTCAATTCCTT	SRR11008271	271_GTATTCTCAATTCCTT	TRUE
NIH_Ao_GTCAAGTAGAATCTCC	NIH_Ao	GTCAAGTAGAATCTCC	SRR11008271	271_GTCAAGTAGAATCTCC	TRUE
NIH_Ao_GTCACAATCAATAAGG	NIH_Ao	GTCACAATCAATAAGG	SRR11008271	271_GTCACAATCAATAAGG	TRUE
NIH_Ao_GTCACGGAGAGTAATC	NIH_Ao	GTCACGGAGAGTAATC	SRR11008271	271_GTCACGGAGAGTAATC	TRUE
NIH_Ao_GTCACGGAGCTGCCCA	NIH_Ao	GTCACGGAGCTGCCCA	SRR11008271	271_GTCACGGAGCTGCCCA	TRUE
NIH_Ao_GTCACGGTCATGCTCC	NIH_Ao	GTCACGGTCATGCTCC	SRR11008271	271_GTCACGGTCATGCTCC	TRUE
NIH_Ao_GTCATTTAGGTGTTAA	NIH_Ao	GTCATTTAGGTGTTAA	SRR11008271	271_GTCATTTAGGTGTTAA	TRUE
NIH_Ao_GTCATTTAGTCTCAAC	NIH_Ao	GTCATTTAGTCTCAAC	SRR11008271	271_GTCATTTAGTCTCAAC	TRUE
NIH_Ao_GTCATTTAGTGCTGCC	NIH_Ao	GTCATTTAGTGCTGCC	SRR11008271	271_GTCATTTAGTGCTGCC	TRUE
NIH_Ao_GTCATTTCAAGCGCTC	NIH_Ao	GTCATTTCAAGCGCTC	SRR11008271	271_GTCATTTCAAGCGCTC	TRUE
NIH_Ao_GTCCTCAAGAAGCCCA	NIH_Ao	GTCCTCAAGAAGCCCA	SRR11008271	271_GTCCTCAAGAAGCCCA	TRUE
NIH_Ao_GTCCTCAGTTTGGGCC	NIH_Ao	GTCCTCAGTTTGGGCC	SRR11008271	271_GTCCTCAGTTTGGGCC	TRUE
NIH_Ao_GTCCTCATCCTTTCGG	NIH_Ao	GTCCTCATCCTTTCGG	SRR11008271	271_GTCCTCATCCTTTCGG	TRUE
NIH_Ao_GTCCTCATCGACCAGC	NIH_Ao	GTCCTCATCGACCAGC	SRR11008271	271_GTCCTCATCGACCAGC	TRUE
NIH_Ao_GTCCTCATCGCCAAAT	NIH_Ao	GTCCTCATCGCCAAAT	SRR11008271	271_GTCCTCATCGCCAAAT	TRUE
NIH_Ao_GTCGGGTAGACAGACC	NIH_Ao	GTCGGGTAGACAGACC	SRR11008271	271_GTCGGGTAGACAGACC	TRUE
NIH_Ao_GTCGGGTAGGGAAACA	NIH_Ao	GTCGGGTAGGGAAACA	SRR11008271	271_GTCGGGTAGGGAAACA	TRUE
NIH_Ao_GTCGGGTCAAACCTAC	NIH_Ao	GTCGGGTCAAACCTAC	SRR11008271	271_GTCGGGTCAAACCTAC	TRUE
NIH_Ao_GTCGGGTCACCCATTC	NIH_Ao	GTCGGGTCACCCATTC	SRR11008271	271_GTCGGGTCACCCATTC	TRUE
NIH_Ao_GTCGTAAAGGTGGGTT	NIH_Ao	GTCGTAAAGGTGGGTT	SRR11008271	271_GTCGTAAAGGTGGGTT	TRUE
NIH_Ao_GTCGTAAGTCCGTCAG	NIH_Ao	GTCGTAAGTCCGTCAG	SRR11008271	271_GTCGTAAGTCCGTCAG	TRUE
NIH_Ao_GTCGTAAGTCGTTGTA	NIH_Ao	GTCGTAAGTCGTTGTA	SRR11008271	271_GTCGTAAGTCGTTGTA	TRUE
NIH_Ao_GTCTCGTAGACCACGA	NIH_Ao	GTCTCGTAGACCACGA	SRR11008271	271_GTCTCGTAGACCACGA	TRUE
NIH_Ao_GTCTCGTCACAAGTAA	NIH_Ao	GTCTCGTCACAAGTAA	SRR11008271	271_GTCTCGTCACAAGTAA	TRUE
NIH_Ao_GTCTCGTCAGTTAACC	NIH_Ao	GTCTCGTCAGTTAACC	SRR11008271	271_GTCTCGTCAGTTAACC	TRUE
NIH_Ao_GTCTCGTCATCACAAC	NIH_Ao	GTCTCGTCATCACAAC	SRR11008271	271_GTCTCGTCATCACAAC	TRUE
NIH_Ao_GTCTCGTGTGTGACCC	NIH_Ao	GTCTCGTGTGTGACCC	SRR11008271	271_GTCTCGTGTGTGACCC	TRUE
NIH_Ao_GTCTTCGCAATGACCT	NIH_Ao	GTCTTCGCAATGACCT	SRR11008271	271_GTCTTCGCAATGACCT	TRUE
NIH_Ao_GTCTTCGGTCGCTTTC	NIH_Ao	GTCTTCGGTCGCTTTC	SRR11008271	271_GTCTTCGGTCGCTTTC	TRUE
NIH_Ao_GTCTTCGGTGAAATCA	NIH_Ao	GTCTTCGGTGAAATCA	SRR11008271	271_GTCTTCGGTGAAATCA	TRUE
NIH_Ao_GTCTTCGTCGTAGGTT	NIH_Ao	GTCTTCGTCGTAGGTT	SRR11008271	271_GTCTTCGTCGTAGGTT	TRUE
NIH_Ao_GTGAAGGCATGGATGG	NIH_Ao	GTGAAGGCATGGATGG	SRR11008271	271_GTGAAGGCATGGATGG	TRUE
NIH_Ao_GTGAAGGTCCCTAACC	NIH_Ao	GTGAAGGTCCCTAACC	SRR11008271	271_GTGAAGGTCCCTAACC	TRUE
NIH_Ao_GTGAAGGTCTGTCTCG	NIH_Ao	GTGAAGGTCTGTCTCG	SRR11008271	271_GTGAAGGTCTGTCTCG	TRUE
NIH_Ao_GTGCAGCAGTGCTGCC	NIH_Ao	GTGCAGCAGTGCTGCC	SRR11008271	271_GTGCAGCAGTGCTGCC	TRUE
NIH_Ao_GTGCAGCCAATGCCAT	NIH_Ao	GTGCAGCCAATGCCAT	SRR11008271	271_GTGCAGCCAATGCCAT	TRUE
NIH_Ao_GTGCAGCCACTTAACG	NIH_Ao	GTGCAGCCACTTAACG	SRR11008271	271_GTGCAGCCACTTAACG	TRUE
NIH_Ao_GTGCAGCCATAAAGGT	NIH_Ao	GTGCAGCCATAAAGGT	SRR11008271	271_GTGCAGCCATAAAGGT	TRUE
NIH_Ao_GTGCAGCGTTGCGCAC	NIH_Ao	GTGCAGCGTTGCGCAC	SRR11008271	271_GTGCAGCGTTGCGCAC	TRUE
NIH_Ao_GTGCAGCTCTACCTGC	NIH_Ao	GTGCAGCTCTACCTGC	SRR11008271	271_GTGCAGCTCTACCTGC	TRUE
NIH_Ao_GTGCATAGTACGACCC	NIH_Ao	GTGCATAGTACGACCC	SRR11008271	271_GTGCATAGTACGACCC	TRUE
NIH_Ao_GTGCATATCCATGCTC	NIH_Ao	GTGCATATCCATGCTC	SRR11008271	271_GTGCATATCCATGCTC	TRUE
NIH_Ao_GTGCATATCCTTTCGG	NIH_Ao	GTGCATATCCTTTCGG	SRR11008271	271_GTGCATATCCTTTCGG	TRUE
NIH_Ao_GTGCGGTCAGAGCCAA	NIH_Ao	GTGCGGTCAGAGCCAA	SRR11008271	271_GTGCGGTCAGAGCCAA	TRUE
NIH_Ao_GTGCGGTCATCAGTCA	NIH_Ao	GTGCGGTCATCAGTCA	SRR11008271	271_GTGCGGTCATCAGTCA	TRUE
NIH_Ao_GTGCGGTTCAATACCG	NIH_Ao	GTGCGGTTCAATACCG	SRR11008271	271_GTGCGGTTCAATACCG	TRUE
NIH_Ao_GTGCGGTTCGGACAAG	NIH_Ao	GTGCGGTTCGGACAAG	SRR11008271	271_GTGCGGTTCGGACAAG	TRUE
NIH_Ao_GTGCTTCAGTCAATAG	NIH_Ao	GTGCTTCAGTCAATAG	SRR11008271	271_GTGCTTCAGTCAATAG	TRUE
NIH_Ao_GTGCTTCCACAGGCCT	NIH_Ao	GTGCTTCCACAGGCCT	SRR11008271	271_GTGCTTCCACAGGCCT	TRUE
NIH_Ao_GTGCTTCCAGACGCTC	NIH_Ao	GTGCTTCCAGACGCTC	SRR11008271	271_GTGCTTCCAGACGCTC	TRUE
NIH_Ao_GTGCTTCGTACCATCA	NIH_Ao	GTGCTTCGTACCATCA	SRR11008271	271_GTGCTTCGTACCATCA	TRUE
NIH_Ao_GTGCTTCGTGTTTGGT	NIH_Ao	GTGCTTCGTGTTTGGT	SRR11008271	271_GTGCTTCGTGTTTGGT	TRUE
NIH_Ao_GTGGGTCCACGCCAGT	NIH_Ao	GTGGGTCCACGCCAGT	SRR11008271	271_GTGGGTCCACGCCAGT	TRUE
NIH_Ao_GTGGGTCGTACAGTGG	NIH_Ao	GTGGGTCGTACAGTGG	SRR11008271	271_GTGGGTCGTACAGTGG	TRUE
NIH_Ao_GTGGGTCTCACTTATC	NIH_Ao	GTGGGTCTCACTTATC	SRR11008271	271_GTGGGTCTCACTTATC	TRUE
NIH_Ao_GTGGGTCTCCTTTCTC	NIH_Ao	GTGGGTCTCCTTTCTC	SRR11008271	271_GTGGGTCTCCTTTCTC	TRUE
NIH_Ao_GTGTGCGAGTCGAGTG	NIH_Ao	GTGTGCGAGTCGAGTG	SRR11008271	271_GTGTGCGAGTCGAGTG	TRUE
NIH_Ao_GTGTGCGCACGGACAA	NIH_Ao	GTGTGCGCACGGACAA	SRR11008271	271_GTGTGCGCACGGACAA	TRUE
NIH_Ao_GTGTGCGGTATTCGTG	NIH_Ao	GTGTGCGGTATTCGTG	SRR11008271	271_GTGTGCGGTATTCGTG	TRUE
NIH_Ao_GTGTGCGGTTACGGAG	NIH_Ao	GTGTGCGGTTACGGAG	SRR11008271	271_GTGTGCGGTTACGGAG	TRUE
NIH_Ao_GTGTGCGGTTTGACTG	NIH_Ao	GTGTGCGGTTTGACTG	SRR11008271	271_GTGTGCGGTTTGACTG	TRUE
NIH_Ao_GTGTGCGTCCGAACGC	NIH_Ao	GTGTGCGTCCGAACGC	SRR11008271	271_GTGTGCGTCCGAACGC	TRUE
NIH_Ao_GTGTTAGCACACAGAG	NIH_Ao	GTGTTAGCACACAGAG	SRR11008271	271_GTGTTAGCACACAGAG	TRUE
NIH_Ao_GTGTTAGCATTAACCG	NIH_Ao	GTGTTAGCATTAACCG	SRR11008271	271_GTGTTAGCATTAACCG	TRUE
NIH_Ao_GTGTTAGTCATGTAGC	NIH_Ao	GTGTTAGTCATGTAGC	SRR11008271	271_GTGTTAGTCATGTAGC	TRUE
NIH_Ao_GTGTTAGTCCCAAGAT	NIH_Ao	GTGTTAGTCCCAAGAT	SRR11008271	271_GTGTTAGTCCCAAGAT	TRUE
NIH_Ao_GTTAAGCAGATGCCAG	NIH_Ao	GTTAAGCAGATGCCAG	SRR11008271	271_GTTAAGCAGATGCCAG	TRUE
NIH_Ao_GTTAAGCAGGCTATCT	NIH_Ao	GTTAAGCAGGCTATCT	SRR11008271	271_GTTAAGCAGGCTATCT	TRUE
NIH_Ao_GTTAAGCCAGTGAGTG	NIH_Ao	GTTAAGCCAGTGAGTG	SRR11008271	271_GTTAAGCCAGTGAGTG	TRUE
NIH_Ao_GTTAAGCCATTACGAC	NIH_Ao	GTTAAGCCATTACGAC	SRR11008271	271_GTTAAGCCATTACGAC	TRUE
NIH_Ao_GTTAAGCGTAGAGTGC	NIH_Ao	GTTAAGCGTAGAGTGC	SRR11008271	271_GTTAAGCGTAGAGTGC	TRUE
NIH_Ao_GTTAAGCGTGTCCTCT	NIH_Ao	GTTAAGCGTGTCCTCT	SRR11008271	271_GTTAAGCGTGTCCTCT	TRUE
NIH_Ao_GTTAAGCTCGTTGACA	NIH_Ao	GTTAAGCTCGTTGACA	SRR11008271	271_GTTAAGCTCGTTGACA	TRUE
NIH_Ao_GTTACAGAGCTGGAAC	NIH_Ao	GTTACAGAGCTGGAAC	SRR11008271	271_GTTACAGAGCTGGAAC	TRUE
NIH_Ao_GTTACAGGTGCAGACA	NIH_Ao	GTTACAGGTGCAGACA	SRR11008271	271_GTTACAGGTGCAGACA	TRUE
NIH_Ao_GTTACAGTCACATGCA	NIH_Ao	GTTACAGTCACATGCA	SRR11008271	271_GTTACAGTCACATGCA	TRUE
NIH_Ao_GTTCATTCAGATGAGC	NIH_Ao	GTTCATTCAGATGAGC	SRR11008271	271_GTTCATTCAGATGAGC	TRUE
NIH_Ao_GTTCATTGTACCTACA	NIH_Ao	GTTCATTGTACCTACA	SRR11008271	271_GTTCATTGTACCTACA	TRUE
NIH_Ao_GTTCATTGTTAGTGGG	NIH_Ao	GTTCATTGTTAGTGGG	SRR11008271	271_GTTCATTGTTAGTGGG	TRUE
NIH_Ao_GTTCATTGTTCCCGAG	NIH_Ao	GTTCATTGTTCCCGAG	SRR11008271	271_GTTCATTGTTCCCGAG	TRUE
NIH_Ao_GTTCATTTCAGGTTCA	NIH_Ao	GTTCATTTCAGGTTCA	SRR11008271	271_GTTCATTTCAGGTTCA	TRUE
NIH_Ao_GTTCATTTCCATGAGT	NIH_Ao	GTTCATTTCCATGAGT	SRR11008271	271_GTTCATTTCCATGAGT	TRUE
NIH_Ao_GTTCATTTCTGTCAAG	NIH_Ao	GTTCATTTCTGTCAAG	SRR11008271	271_GTTCATTTCTGTCAAG	TRUE
NIH_Ao_GTTCGGGAGGTCATCT	NIH_Ao	GTTCGGGAGGTCATCT	SRR11008271	271_GTTCGGGAGGTCATCT	TRUE
NIH_Ao_GTTCGGGCAGCAGTTT	NIH_Ao	GTTCGGGCAGCAGTTT	SRR11008271	271_GTTCGGGCAGCAGTTT	TRUE
NIH_Ao_GTTCGGGCATTATCTC	NIH_Ao	GTTCGGGCATTATCTC	SRR11008271	271_GTTCGGGCATTATCTC	TRUE
NIH_Ao_GTTCTCGAGCTGTTCA	NIH_Ao	GTTCTCGAGCTGTTCA	SRR11008271	271_GTTCTCGAGCTGTTCA	TRUE
NIH_Ao_GTTCTCGGTTCGTGAT	NIH_Ao	GTTCTCGGTTCGTGAT	SRR11008271	271_GTTCTCGGTTCGTGAT	TRUE
NIH_Ao_GTTCTCGGTTCTGGTA	NIH_Ao	GTTCTCGGTTCTGGTA	SRR11008271	271_GTTCTCGGTTCTGGTA	TRUE
NIH_Ao_GTTCTCGTCAAGATCC	NIH_Ao	GTTCTCGTCAAGATCC	SRR11008271	271_GTTCTCGTCAAGATCC	TRUE
NIH_Ao_GTTTCTAAGATAGGAG	NIH_Ao	GTTTCTAAGATAGGAG	SRR11008271	271_GTTTCTAAGATAGGAG	TRUE
NIH_Ao_GTTTCTAAGCGATTCT	NIH_Ao	GTTTCTAAGCGATTCT	SRR11008271	271_GTTTCTAAGCGATTCT	TRUE
NIH_Ao_GTTTCTAGTTCTGGTA	NIH_Ao	GTTTCTAGTTCTGGTA	SRR11008271	271_GTTTCTAGTTCTGGTA	TRUE
NIH_Ao_GTTTCTATCAGCAACT	NIH_Ao	GTTTCTATCAGCAACT	SRR11008271	271_GTTTCTATCAGCAACT	TRUE
NIH_Ao_GTTTCTATCAGTCCCT	NIH_Ao	GTTTCTATCAGTCCCT	SRR11008271	271_GTTTCTATCAGTCCCT	TRUE
NIH_Ao_TAAACCGAGACTAAGT	NIH_Ao	TAAACCGAGACTAAGT	SRR11008271	271_TAAACCGAGACTAAGT	TRUE
NIH_Ao_TAAACCGAGCAATCTC	NIH_Ao	TAAACCGAGCAATCTC	SRR11008271	271_TAAACCGAGCAATCTC	TRUE
NIH_Ao_TAAACCGAGGAGCGTT	NIH_Ao	TAAACCGAGGAGCGTT	SRR11008271	271_TAAACCGAGGAGCGTT	TRUE
NIH_Ao_TAAACCGCACAGCGTC	NIH_Ao	TAAACCGCACAGCGTC	SRR11008271	271_TAAACCGCACAGCGTC	TRUE
NIH_Ao_TAAACCGCACGAGGTA	NIH_Ao	TAAACCGCACGAGGTA	SRR11008271	271_TAAACCGCACGAGGTA	TRUE
NIH_Ao_TAAACCGGTACCAGTT	NIH_Ao	TAAACCGGTACCAGTT	SRR11008271	271_TAAACCGGTACCAGTT	TRUE
NIH_Ao_TAAACCGGTCACCCAG	NIH_Ao	TAAACCGGTCACCCAG	SRR11008271	271_TAAACCGGTCACCCAG	TRUE
NIH_Ao_TAAACCGTCGCTTGTC	NIH_Ao	TAAACCGTCGCTTGTC	SRR11008271	271_TAAACCGTCGCTTGTC	TRUE
NIH_Ao_TAAGAGAAGATCTGAA	NIH_Ao	TAAGAGAAGATCTGAA	SRR11008271	271_TAAGAGAAGATCTGAA	TRUE
NIH_Ao_TAAGAGAAGCAGACTG	NIH_Ao	TAAGAGAAGCAGACTG	SRR11008271	271_TAAGAGAAGCAGACTG	TRUE
NIH_Ao_TAAGAGAGTCATCGGC	NIH_Ao	TAAGAGAGTCATCGGC	SRR11008271	271_TAAGAGAGTCATCGGC	TRUE
NIH_Ao_TAAGAGATCCATGAAC	NIH_Ao	TAAGAGATCCATGAAC	SRR11008271	271_TAAGAGATCCATGAAC	TRUE
NIH_Ao_TAAGAGATCTCTTATG	NIH_Ao	TAAGAGATCTCTTATG	SRR11008271	271_TAAGAGATCTCTTATG	TRUE
NIH_Ao_TAAGCGTAGCTACCTA	NIH_Ao	TAAGCGTAGCTACCTA	SRR11008271	271_TAAGCGTAGCTACCTA	TRUE
NIH_Ao_TAAGCGTAGGCAAAGA	NIH_Ao	TAAGCGTAGGCAAAGA	SRR11008271	271_TAAGCGTAGGCAAAGA	TRUE
NIH_Ao_TAAGCGTAGTAGTGCG	NIH_Ao	TAAGCGTAGTAGTGCG	SRR11008271	271_TAAGCGTAGTAGTGCG	TRUE
NIH_Ao_TAAGCGTAGTTTCCTT	NIH_Ao	TAAGCGTAGTTTCCTT	SRR11008271	271_TAAGCGTAGTTTCCTT	TRUE
NIH_Ao_TAAGCGTGTAGCGTAG	NIH_Ao	TAAGCGTGTAGCGTAG	SRR11008271	271_TAAGCGTGTAGCGTAG	TRUE
NIH_Ao_TAAGTGCAGCCAGAAC	NIH_Ao	TAAGTGCAGCCAGAAC	SRR11008271	271_TAAGTGCAGCCAGAAC	TRUE
NIH_Ao_TAAGTGCAGGCAGTCA	NIH_Ao	TAAGTGCAGGCAGTCA	SRR11008271	271_TAAGTGCAGGCAGTCA	TRUE
NIH_Ao_TAAGTGCAGTCCTCCT	NIH_Ao	TAAGTGCAGTCCTCCT	SRR11008271	271_TAAGTGCAGTCCTCCT	FALSE
NIH_Ao_TAAGTGCCAATGACCT	NIH_Ao	TAAGTGCCAATGACCT	SRR11008271	271_TAAGTGCCAATGACCT	FALSE
NIH_Ao_TAAGTGCCACCTGGTG	NIH_Ao	TAAGTGCCACCTGGTG	SRR11008271	271_TAAGTGCCACCTGGTG	TRUE
NIH_Ao_TAAGTGCCACTACAGT	NIH_Ao	TAAGTGCCACTACAGT	SRR11008271	271_TAAGTGCCACTACAGT	TRUE
NIH_Ao_TAAGTGCGTCGTGGCT	NIH_Ao	TAAGTGCGTCGTGGCT	SRR11008271	271_TAAGTGCGTCGTGGCT	TRUE
NIH_Ao_TAAGTGCGTTCCACAA	NIH_Ao	TAAGTGCGTTCCACAA	SRR11008271	271_TAAGTGCGTTCCACAA	TRUE
NIH_Ao_TACACGAGTGTTGGGA	NIH_Ao	TACACGAGTGTTGGGA	SRR11008271	271_TACACGAGTGTTGGGA	TRUE
NIH_Ao_TACAGTGAGTGCCATT	NIH_Ao	TACAGTGAGTGCCATT	SRR11008271	271_TACAGTGAGTGCCATT	TRUE
NIH_Ao_TACAGTGCAATGGTCT	NIH_Ao	TACAGTGCAATGGTCT	SRR11008271	271_TACAGTGCAATGGTCT	TRUE
NIH_Ao_TACAGTGCACATGACT	NIH_Ao	TACAGTGCACATGACT	SRR11008271	271_TACAGTGCACATGACT	TRUE
NIH_Ao_TACAGTGCACGGACAA	NIH_Ao	TACAGTGCACGGACAA	SRR11008271	271_TACAGTGCACGGACAA	TRUE
NIH_Ao_TACAGTGGTCTTGCGG	NIH_Ao	TACAGTGGTCTTGCGG	SRR11008271	271_TACAGTGGTCTTGCGG	TRUE
NIH_Ao_TACAGTGGTGTTTGGT	NIH_Ao	TACAGTGGTGTTTGGT	SRR11008271	271_TACAGTGGTGTTTGGT	TRUE
NIH_Ao_TACAGTGTCAGCGATT	NIH_Ao	TACAGTGTCAGCGATT	SRR11008271	271_TACAGTGTCAGCGATT	TRUE
NIH_Ao_TACCTATCAGGACCCT	NIH_Ao	TACCTATCAGGACCCT	SRR11008271	271_TACCTATCAGGACCCT	TRUE
NIH_Ao_TACCTATCATAGACTC	NIH_Ao	TACCTATCATAGACTC	SRR11008271	271_TACCTATCATAGACTC	TRUE
NIH_Ao_TACCTATGTCTCTTTA	NIH_Ao	TACCTATGTCTCTTTA	SRR11008271	271_TACCTATGTCTCTTTA	TRUE
NIH_Ao_TACCTATTCACAGGCC	NIH_Ao	TACCTATTCACAGGCC	SRR11008271	271_TACCTATTCACAGGCC	TRUE
NIH_Ao_TACCTTACACCTGGTG	NIH_Ao	TACCTTACACCTGGTG	SRR11008271	271_TACCTTACACCTGGTG	TRUE
NIH_Ao_TACCTTAGTAAGTTCC	NIH_Ao	TACCTTAGTAAGTTCC	SRR11008271	271_TACCTTAGTAAGTTCC	TRUE
NIH_Ao_TACCTTATCCGCAGTG	NIH_Ao	TACCTTATCCGCAGTG	SRR11008271	271_TACCTTATCCGCAGTG	TRUE
NIH_Ao_TACCTTATCTCTTATG	NIH_Ao	TACCTTATCTCTTATG	SRR11008271	271_TACCTTATCTCTTATG	TRUE
NIH_Ao_TACGGATAGACCACGA	NIH_Ao	TACGGATAGACCACGA	SRR11008271	271_TACGGATAGACCACGA	TRUE
NIH_Ao_TACGGATAGAGCCTAG	NIH_Ao	TACGGATAGAGCCTAG	SRR11008271	271_TACGGATAGAGCCTAG	TRUE
NIH_Ao_TACGGATAGTGTCCCG	NIH_Ao	TACGGATAGTGTCCCG	SRR11008271	271_TACGGATAGTGTCCCG	TRUE
NIH_Ao_TACGGATCAGTAAGCG	NIH_Ao	TACGGATCAGTAAGCG	SRR11008271	271_TACGGATCAGTAAGCG	TRUE
NIH_Ao_TACGGATGTATTAGCC	NIH_Ao	TACGGATGTATTAGCC	SRR11008271	271_TACGGATGTATTAGCC	TRUE
NIH_Ao_TACGGATTCATTATCC	NIH_Ao	TACGGATTCATTATCC	SRR11008271	271_TACGGATTCATTATCC	TRUE
NIH_Ao_TACGGATTCTCGTTTA	NIH_Ao	TACGGATTCTCGTTTA	SRR11008271	271_TACGGATTCTCGTTTA	TRUE
NIH_Ao_TACGGGCAGCTAACTC	NIH_Ao	TACGGGCAGCTAACTC	SRR11008271	271_TACGGGCAGCTAACTC	TRUE
NIH_Ao_TACGGGCCACGTTGGC	NIH_Ao	TACGGGCCACGTTGGC	SRR11008271	271_TACGGGCCACGTTGGC	TRUE
NIH_Ao_TACGGGCCAGGGTTAG	NIH_Ao	TACGGGCCAGGGTTAG	SRR11008271	271_TACGGGCCAGGGTTAG	TRUE
NIH_Ao_TACGGGCCAGTATAAG	NIH_Ao	TACGGGCCAGTATAAG	SRR11008271	271_TACGGGCCAGTATAAG	TRUE
NIH_Ao_TACGGGCGTATGAAAC	NIH_Ao	TACGGGCGTATGAAAC	SRR11008271	271_TACGGGCGTATGAAAC	FALSE
NIH_Ao_TACGGGCGTCCGAATT	NIH_Ao	TACGGGCGTCCGAATT	SRR11008271	271_TACGGGCGTCCGAATT	TRUE
NIH_Ao_TACGGGCTCTTCGGTC	NIH_Ao	TACGGGCTCTTCGGTC	SRR11008271	271_TACGGGCTCTTCGGTC	FALSE
NIH_Ao_TACGGGCTCTTGAGAC	NIH_Ao	TACGGGCTCTTGAGAC	SRR11008271	271_TACGGGCTCTTGAGAC	TRUE
NIH_Ao_TACGGTAAGCTCCTTC	NIH_Ao	TACGGTAAGCTCCTTC	SRR11008271	271_TACGGTAAGCTCCTTC	TRUE
NIH_Ao_TACGGTACATCGGAAG	NIH_Ao	TACGGTACATCGGAAG	SRR11008271	271_TACGGTACATCGGAAG	TRUE
NIH_Ao_TACGGTAGTGCACCAC	NIH_Ao	TACGGTAGTGCACCAC	SRR11008271	271_TACGGTAGTGCACCAC	TRUE
NIH_Ao_TACGGTAGTGCTAGCC	NIH_Ao	TACGGTAGTGCTAGCC	SRR11008271	271_TACGGTAGTGCTAGCC	TRUE
NIH_Ao_TACGGTATCTGCGGCA	NIH_Ao	TACGGTATCTGCGGCA	SRR11008271	271_TACGGTATCTGCGGCA	TRUE
NIH_Ao_TACTCATGTCGCGTGT	NIH_Ao	TACTCATGTCGCGTGT	SRR11008271	271_TACTCATGTCGCGTGT	TRUE
NIH_Ao_TACTCATTCAACACGT	NIH_Ao	TACTCATTCAACACGT	SRR11008271	271_TACTCATTCAACACGT	TRUE
NIH_Ao_TACTCATTCGCGTAGC	NIH_Ao	TACTCATTCGCGTAGC	SRR11008271	271_TACTCATTCGCGTAGC	TRUE
NIH_Ao_TACTCGCAGTCCGTAT	NIH_Ao	TACTCGCAGTCCGTAT	SRR11008271	271_TACTCGCAGTCCGTAT	TRUE
NIH_Ao_TACTCGCCAATCCGAT	NIH_Ao	TACTCGCCAATCCGAT	SRR11008271	271_TACTCGCCAATCCGAT	TRUE
NIH_Ao_TACTCGCGTTGATTGC	NIH_Ao	TACTCGCGTTGATTGC	SRR11008271	271_TACTCGCGTTGATTGC	TRUE
NIH_Ao_TACTCGCTCACATACG	NIH_Ao	TACTCGCTCACATACG	SRR11008271	271_TACTCGCTCACATACG	TRUE
NIH_Ao_TACTTACAGAGACGAA	NIH_Ao	TACTTACAGAGACGAA	SRR11008271	271_TACTTACAGAGACGAA	TRUE
NIH_Ao_TACTTACAGATGTGGC	NIH_Ao	TACTTACAGATGTGGC	SRR11008271	271_TACTTACAGATGTGGC	FALSE
NIH_Ao_TACTTACCAACAACCT	NIH_Ao	TACTTACCAACAACCT	SRR11008271	271_TACTTACCAACAACCT	TRUE
NIH_Ao_TACTTACCACAACGTT	NIH_Ao	TACTTACCACAACGTT	SRR11008271	271_TACTTACCACAACGTT	TRUE
NIH_Ao_TACTTACCAGTCGATT	NIH_Ao	TACTTACCAGTCGATT	SRR11008271	271_TACTTACCAGTCGATT	TRUE
NIH_Ao_TACTTACGTATATGGA	NIH_Ao	TACTTACGTATATGGA	SRR11008271	271_TACTTACGTATATGGA	TRUE
NIH_Ao_TACTTACGTTGCCTCT	NIH_Ao	TACTTACGTTGCCTCT	SRR11008271	271_TACTTACGTTGCCTCT	TRUE
NIH_Ao_TACTTACTCGATCCCT	NIH_Ao	TACTTACTCGATCCCT	SRR11008271	271_TACTTACTCGATCCCT	TRUE
NIH_Ao_TACTTGTAGCTAGGCA	NIH_Ao	TACTTGTAGCTAGGCA	SRR11008271	271_TACTTGTAGCTAGGCA	TRUE
NIH_Ao_TACTTGTAGGGTATCG	NIH_Ao	TACTTGTAGGGTATCG	SRR11008271	271_TACTTGTAGGGTATCG	TRUE
NIH_Ao_TACTTGTAGTTAGCGG	NIH_Ao	TACTTGTAGTTAGCGG	SRR11008271	271_TACTTGTAGTTAGCGG	TRUE
NIH_Ao_TACTTGTTCGCGCCAA	NIH_Ao	TACTTGTTCGCGCCAA	SRR11008271	271_TACTTGTTCGCGCCAA	TRUE
NIH_Ao_TAGACCACAATTGCTG	NIH_Ao	TAGACCACAATTGCTG	SRR11008271	271_TAGACCACAATTGCTG	TRUE
NIH_Ao_TAGACCACAGCTATTG	NIH_Ao	TAGACCACAGCTATTG	SRR11008271	271_TAGACCACAGCTATTG	TRUE
NIH_Ao_TAGACCAGTGCTCTTC	NIH_Ao	TAGACCAGTGCTCTTC	SRR11008271	271_TAGACCAGTGCTCTTC	TRUE
NIH_Ao_TAGACCAGTGTCCTCT	NIH_Ao	TAGACCAGTGTCCTCT	SRR11008271	271_TAGACCAGTGTCCTCT	TRUE
NIH_Ao_TAGACCATCGGCCGAT	NIH_Ao	TAGACCATCGGCCGAT	SRR11008271	271_TAGACCATCGGCCGAT	TRUE
NIH_Ao_TAGAGCTAGAATAGGG	NIH_Ao	TAGAGCTAGAATAGGG	SRR11008271	271_TAGAGCTAGAATAGGG	TRUE
NIH_Ao_TAGAGCTAGCTGAACG	NIH_Ao	TAGAGCTAGCTGAACG	SRR11008271	271_TAGAGCTAGCTGAACG	TRUE
NIH_Ao_TAGAGCTAGGCGTACA	NIH_Ao	TAGAGCTAGGCGTACA	SRR11008271	271_TAGAGCTAGGCGTACA	TRUE
NIH_Ao_TAGAGCTGTCCAGTTA	NIH_Ao	TAGAGCTGTCCAGTTA	SRR11008271	271_TAGAGCTGTCCAGTTA	TRUE
NIH_Ao_TAGAGCTGTCTACCTC	NIH_Ao	TAGAGCTGTCTACCTC	SRR11008271	271_TAGAGCTGTCTACCTC	TRUE
NIH_Ao_TAGCCGGAGAAGAAGC	NIH_Ao	TAGCCGGAGAAGAAGC	SRR11008271	271_TAGCCGGAGAAGAAGC	TRUE
NIH_Ao_TAGCCGGAGCGACGTA	NIH_Ao	TAGCCGGAGCGACGTA	SRR11008271	271_TAGCCGGAGCGACGTA	TRUE
NIH_Ao_TAGCCGGCACCCAGTG	NIH_Ao	TAGCCGGCACCCAGTG	SRR11008271	271_TAGCCGGCACCCAGTG	TRUE
NIH_Ao_TAGCCGGCACTGCCAG	NIH_Ao	TAGCCGGCACTGCCAG	SRR11008271	271_TAGCCGGCACTGCCAG	TRUE
NIH_Ao_TAGCCGGCATCACGTA	NIH_Ao	TAGCCGGCATCACGTA	SRR11008271	271_TAGCCGGCATCACGTA	TRUE
NIH_Ao_TAGGCATAGAATAGGG	NIH_Ao	TAGGCATAGAATAGGG	SRR11008271	271_TAGGCATAGAATAGGG	TRUE
NIH_Ao_TAGGCATCAAGGCTCC	NIH_Ao	TAGGCATCAAGGCTCC	SRR11008271	271_TAGGCATCAAGGCTCC	TRUE
NIH_Ao_TAGGCATCACGTAAGG	NIH_Ao	TAGGCATCACGTAAGG	SRR11008271	271_TAGGCATCACGTAAGG	TRUE
NIH_Ao_TAGGCATCAGATGAGC	NIH_Ao	TAGGCATCAGATGAGC	SRR11008271	271_TAGGCATCAGATGAGC	TRUE
NIH_Ao_TAGGCATCAGCCAGAA	NIH_Ao	TAGGCATCAGCCAGAA	SRR11008271	271_TAGGCATCAGCCAGAA	TRUE
NIH_Ao_TAGGCATTCATACGGT	NIH_Ao	TAGGCATTCATACGGT	SRR11008271	271_TAGGCATTCATACGGT	TRUE
NIH_Ao_TAGTGGTAGGTCATCT	NIH_Ao	TAGTGGTAGGTCATCT	SRR11008271	271_TAGTGGTAGGTCATCT	TRUE
NIH_Ao_TAGTGGTCACATGTGT	NIH_Ao	TAGTGGTCACATGTGT	SRR11008271	271_TAGTGGTCACATGTGT	TRUE
NIH_Ao_TAGTGGTGTAGCCTAT	NIH_Ao	TAGTGGTGTAGCCTAT	SRR11008271	271_TAGTGGTGTAGCCTAT	TRUE
NIH_Ao_TAGTGGTTCACCTTAT	NIH_Ao	TAGTGGTTCACCTTAT	SRR11008271	271_TAGTGGTTCACCTTAT	TRUE
NIH_Ao_TAGTTGGAGGTGGGTT	NIH_Ao	TAGTTGGAGGTGGGTT	SRR11008271	271_TAGTTGGAGGTGGGTT	TRUE
NIH_Ao_TAGTTGGAGTATCGAA	NIH_Ao	TAGTTGGAGTATCGAA	SRR11008271	271_TAGTTGGAGTATCGAA	TRUE
NIH_Ao_TAGTTGGAGTGGACGT	NIH_Ao	TAGTTGGAGTGGACGT	SRR11008271	271_TAGTTGGAGTGGACGT	TRUE
NIH_Ao_TAGTTGGCACTGCCAG	NIH_Ao	TAGTTGGCACTGCCAG	SRR11008271	271_TAGTTGGCACTGCCAG	TRUE
NIH_Ao_TAGTTGGGTGTCAATC	NIH_Ao	TAGTTGGGTGTCAATC	SRR11008271	271_TAGTTGGGTGTCAATC	TRUE
NIH_Ao_TAGTTGGTCCACTGGG	NIH_Ao	TAGTTGGTCCACTGGG	SRR11008271	271_TAGTTGGTCCACTGGG	TRUE
NIH_Ao_TATCAGGAGATGTAAC	NIH_Ao	TATCAGGAGATGTAAC	SRR11008271	271_TATCAGGAGATGTAAC	TRUE
NIH_Ao_TATCAGGCATCCGCGA	NIH_Ao	TATCAGGCATCCGCGA	SRR11008271	271_TATCAGGCATCCGCGA	TRUE
NIH_Ao_TATCAGGTCGCCGTGA	NIH_Ao	TATCAGGTCGCCGTGA	SRR11008271	271_TATCAGGTCGCCGTGA	TRUE
NIH_Ao_TATCTCAAGTCCTCCT	NIH_Ao	TATCTCAAGTCCTCCT	SRR11008271	271_TATCTCAAGTCCTCCT	TRUE
NIH_Ao_TATCTCAAGTTCGCAT	NIH_Ao	TATCTCAAGTTCGCAT	SRR11008271	271_TATCTCAAGTTCGCAT	TRUE
NIH_Ao_TATCTCAGTAGTACCT	NIH_Ao	TATCTCAGTAGTACCT	SRR11008271	271_TATCTCAGTAGTACCT	TRUE
NIH_Ao_TATCTCATCAGCTGGC	NIH_Ao	TATCTCATCAGCTGGC	SRR11008271	271_TATCTCATCAGCTGGC	TRUE
NIH_Ao_TATCTCATCCAATGGT	NIH_Ao	TATCTCATCCAATGGT	SRR11008271	271_TATCTCATCCAATGGT	TRUE
NIH_Ao_TATCTCATCCATGAAC	NIH_Ao	TATCTCATCCATGAAC	SRR11008271	271_TATCTCATCCATGAAC	TRUE
NIH_Ao_TATCTCATCCCTAACC	NIH_Ao	TATCTCATCCCTAACC	SRR11008271	271_TATCTCATCCCTAACC	TRUE
NIH_Ao_TATGCCCCATTATCTC	NIH_Ao	TATGCCCCATTATCTC	SRR11008271	271_TATGCCCCATTATCTC	TRUE
NIH_Ao_TATGCCCGTAAGTTCC	NIH_Ao	TATGCCCGTAAGTTCC	SRR11008271	271_TATGCCCGTAAGTTCC	TRUE
NIH_Ao_TATGCCCGTGTTTGGT	NIH_Ao	TATGCCCGTGTTTGGT	SRR11008271	271_TATGCCCGTGTTTGGT	TRUE
NIH_Ao_TATTACCAGTCCCACG	NIH_Ao	TATTACCAGTCCCACG	SRR11008271	271_TATTACCAGTCCCACG	TRUE
NIH_Ao_TATTACCCACATTTCT	NIH_Ao	TATTACCCACATTTCT	SRR11008271	271_TATTACCCACATTTCT	TRUE
NIH_Ao_TATTACCCACTCGACG	NIH_Ao	TATTACCCACTCGACG	SRR11008271	271_TATTACCCACTCGACG	TRUE
NIH_Ao_TATTACCGTGGAAAGA	NIH_Ao	TATTACCGTGGAAAGA	SRR11008271	271_TATTACCGTGGAAAGA	TRUE
NIH_Ao_TATTACCGTTCCAACA	NIH_Ao	TATTACCGTTCCAACA	SRR11008271	271_TATTACCGTTCCAACA	TRUE
NIH_Ao_TATTACCTCTGCGGCA	NIH_Ao	TATTACCTCTGCGGCA	SRR11008271	271_TATTACCTCTGCGGCA	TRUE
NIH_Ao_TCAACGAAGCTGCAAG	NIH_Ao	TCAACGAAGCTGCAAG	SRR11008271	271_TCAACGAAGCTGCAAG	TRUE
NIH_Ao_TCAACGAAGTACGATA	NIH_Ao	TCAACGAAGTACGATA	SRR11008271	271_TCAACGAAGTACGATA	TRUE
NIH_Ao_TCAACGAAGTCTCGGC	NIH_Ao	TCAACGAAGTCTCGGC	SRR11008271	271_TCAACGAAGTCTCGGC	TRUE
NIH_Ao_TCAACGACAGATTGCT	NIH_Ao	TCAACGACAGATTGCT	SRR11008271	271_TCAACGACAGATTGCT	TRUE
NIH_Ao_TCAACGAGTTCCGTCT	NIH_Ao	TCAACGAGTTCCGTCT	SRR11008271	271_TCAACGAGTTCCGTCT	TRUE
NIH_Ao_TCAACGATCAAGATCC	NIH_Ao	TCAACGATCAAGATCC	SRR11008271	271_TCAACGATCAAGATCC	TRUE
NIH_Ao_TCAATCTCAACACCTA	NIH_Ao	TCAATCTCAACACCTA	SRR11008271	271_TCAATCTCAACACCTA	TRUE
NIH_Ao_TCAATCTGTAAGTAGT	NIH_Ao	TCAATCTGTAAGTAGT	SRR11008271	271_TCAATCTGTAAGTAGT	TRUE
NIH_Ao_TCAATCTTCATCATTC	NIH_Ao	TCAATCTTCATCATTC	SRR11008271	271_TCAATCTTCATCATTC	TRUE
NIH_Ao_TCACAAGGTAGCTGCC	NIH_Ao	TCACAAGGTAGCTGCC	SRR11008271	271_TCACAAGGTAGCTGCC	TRUE
NIH_Ao_TCACAAGGTTATGCGT	NIH_Ao	TCACAAGGTTATGCGT	SRR11008271	271_TCACAAGGTTATGCGT	TRUE
NIH_Ao_TCACAAGTCCAGATCA	NIH_Ao	TCACAAGTCCAGATCA	SRR11008271	271_TCACAAGTCCAGATCA	TRUE
NIH_Ao_TCACGAAAGAGACTTA	NIH_Ao	TCACGAAAGAGACTTA	SRR11008271	271_TCACGAAAGAGACTTA	TRUE
NIH_Ao_TCACGAACACTGAAGG	NIH_Ao	TCACGAACACTGAAGG	SRR11008271	271_TCACGAACACTGAAGG	TRUE
NIH_Ao_TCACGAACAGTTAACC	NIH_Ao	TCACGAACAGTTAACC	SRR11008271	271_TCACGAACAGTTAACC	TRUE
NIH_Ao_TCACGAATCTGTCAAG	NIH_Ao	TCACGAATCTGTCAAG	SRR11008271	271_TCACGAATCTGTCAAG	TRUE
NIH_Ao_TCAGATGTCACTTACT	NIH_Ao	TCAGATGTCACTTACT	SRR11008271	271_TCAGATGTCACTTACT	TRUE
NIH_Ao_TCAGCAACAGTGACAG	NIH_Ao	TCAGCAACAGTGACAG	SRR11008271	271_TCAGCAACAGTGACAG	TRUE
NIH_Ao_TCAGCAAGTCAGAGGT	NIH_Ao	TCAGCAAGTCAGAGGT	SRR11008271	271_TCAGCAAGTCAGAGGT	TRUE
NIH_Ao_TCAGCTCCAGCTGCTG	NIH_Ao	TCAGCTCCAGCTGCTG	SRR11008271	271_TCAGCTCCAGCTGCTG	TRUE
NIH_Ao_TCAGCTCGTAATAGCA	NIH_Ao	TCAGCTCGTAATAGCA	SRR11008271	271_TCAGCTCGTAATAGCA	TRUE
NIH_Ao_TCAGCTCTCATAGCAC	NIH_Ao	TCAGCTCTCATAGCAC	SRR11008271	271_TCAGCTCTCATAGCAC	TRUE
NIH_Ao_TCAGCTCTCCGTCAAA	NIH_Ao	TCAGCTCTCCGTCAAA	SRR11008271	271_TCAGCTCTCCGTCAAA	TRUE
NIH_Ao_TCAGGATCAAACTGCT	NIH_Ao	TCAGGATCAAACTGCT	SRR11008271	271_TCAGGATCAAACTGCT	TRUE
NIH_Ao_TCAGGTAGTAAATACG	NIH_Ao	TCAGGTAGTAAATACG	SRR11008271	271_TCAGGTAGTAAATACG	TRUE
NIH_Ao_TCAGGTAGTGGCTCCA	NIH_Ao	TCAGGTAGTGGCTCCA	SRR11008271	271_TCAGGTAGTGGCTCCA	TRUE
NIH_Ao_TCAGGTATCAATAAGG	NIH_Ao	TCAGGTATCAATAAGG	SRR11008271	271_TCAGGTATCAATAAGG	TRUE
NIH_Ao_TCATTACAGAAACGCC	NIH_Ao	TCATTACAGAAACGCC	SRR11008271	271_TCATTACAGAAACGCC	TRUE
NIH_Ao_TCATTACAGAAGGACA	NIH_Ao	TCATTACAGAAGGACA	SRR11008271	271_TCATTACAGAAGGACA	TRUE
NIH_Ao_TCATTACAGACACGAC	NIH_Ao	TCATTACAGACACGAC	SRR11008271	271_TCATTACAGACACGAC	TRUE
NIH_Ao_TCATTACCACGCATCG	NIH_Ao	TCATTACCACGCATCG	SRR11008271	271_TCATTACCACGCATCG	TRUE
NIH_Ao_TCATTACGTACAGACG	NIH_Ao	TCATTACGTACAGACG	SRR11008271	271_TCATTACGTACAGACG	TRUE
NIH_Ao_TCATTACGTGCCTGGT	NIH_Ao	TCATTACGTGCCTGGT	SRR11008271	271_TCATTACGTGCCTGGT	TRUE
NIH_Ao_TCATTTGAGAGTGACC	NIH_Ao	TCATTTGAGAGTGACC	SRR11008271	271_TCATTTGAGAGTGACC	TRUE
NIH_Ao_TCATTTGAGCTGCAAG	NIH_Ao	TCATTTGAGCTGCAAG	SRR11008271	271_TCATTTGAGCTGCAAG	TRUE
NIH_Ao_TCATTTGAGTTCGCGC	NIH_Ao	TCATTTGAGTTCGCGC	SRR11008271	271_TCATTTGAGTTCGCGC	TRUE
NIH_Ao_TCATTTGCAGTAAGAT	NIH_Ao	TCATTTGCAGTAAGAT	SRR11008271	271_TCATTTGCAGTAAGAT	TRUE
NIH_Ao_TCATTTGCATTGCGGC	NIH_Ao	TCATTTGCATTGCGGC	SRR11008271	271_TCATTTGCATTGCGGC	TRUE
NIH_Ao_TCATTTGGTCGCCATG	NIH_Ao	TCATTTGGTCGCCATG	SRR11008271	271_TCATTTGGTCGCCATG	TRUE
NIH_Ao_TCATTTGTCAGCTGGC	NIH_Ao	TCATTTGTCAGCTGGC	SRR11008271	271_TCATTTGTCAGCTGGC	FALSE
NIH_Ao_TCATTTGTCCACGTTC	NIH_Ao	TCATTTGTCCACGTTC	SRR11008271	271_TCATTTGTCCACGTTC	TRUE
NIH_Ao_TCCACACAGATAGGAG	NIH_Ao	TCCACACAGATAGGAG	SRR11008271	271_TCCACACAGATAGGAG	TRUE
NIH_Ao_TCCACACAGGGTATCG	NIH_Ao	TCCACACAGGGTATCG	SRR11008271	271_TCCACACAGGGTATCG	TRUE
NIH_Ao_TCCACACAGTAGGTGC	NIH_Ao	TCCACACAGTAGGTGC	SRR11008271	271_TCCACACAGTAGGTGC	TRUE
NIH_Ao_TCCACACCACGAAAGC	NIH_Ao	TCCACACCACGAAAGC	SRR11008271	271_TCCACACCACGAAAGC	TRUE
NIH_Ao_TCCACACCACTCTGTC	NIH_Ao	TCCACACCACTCTGTC	SRR11008271	271_TCCACACCACTCTGTC	TRUE
NIH_Ao_TCCACACCATTGGGCC	NIH_Ao	TCCACACCATTGGGCC	SRR11008271	271_TCCACACCATTGGGCC	TRUE
NIH_Ao_TCCACACGTGTTTGGT	NIH_Ao	TCCACACGTGTTTGGT	SRR11008271	271_TCCACACGTGTTTGGT	TRUE
NIH_Ao_TCCACACTCAGGCGAA	NIH_Ao	TCCACACTCAGGCGAA	SRR11008271	271_TCCACACTCAGGCGAA	TRUE
NIH_Ao_TCCCGATAGAGACTAT	NIH_Ao	TCCCGATAGAGACTAT	SRR11008271	271_TCCCGATAGAGACTAT	TRUE
NIH_Ao_TCCCGATAGCGATCCC	NIH_Ao	TCCCGATAGCGATCCC	SRR11008271	271_TCCCGATAGCGATCCC	TRUE
NIH_Ao_TCCCGATGTCCAACTA	NIH_Ao	TCCCGATGTCCAACTA	SRR11008271	271_TCCCGATGTCCAACTA	TRUE
NIH_Ao_TCCCGATTCAGGTAAA	NIH_Ao	TCCCGATTCAGGTAAA	SRR11008271	271_TCCCGATTCAGGTAAA	TRUE
NIH_Ao_TCCCGATTCTTCATGT	NIH_Ao	TCCCGATTCTTCATGT	SRR11008271	271_TCCCGATTCTTCATGT	TRUE
NIH_Ao_TCGAGGCCACCGAATT	NIH_Ao	TCGAGGCCACCGAATT	SRR11008271	271_TCGAGGCCACCGAATT	TRUE
NIH_Ao_TCGAGGCGTACGAAAT	NIH_Ao	TCGAGGCGTACGAAAT	SRR11008271	271_TCGAGGCGTACGAAAT	TRUE
NIH_Ao_TCGAGGCGTTGGTGGA	NIH_Ao	TCGAGGCGTTGGTGGA	SRR11008271	271_TCGAGGCGTTGGTGGA	TRUE
NIH_Ao_TCGCGAGAGATTACCC	NIH_Ao	TCGCGAGAGATTACCC	SRR11008271	271_TCGCGAGAGATTACCC	TRUE
NIH_Ao_TCGCGAGAGCAGACTG	NIH_Ao	TCGCGAGAGCAGACTG	SRR11008271	271_TCGCGAGAGCAGACTG	FALSE
NIH_Ao_TCGCGAGAGTCCATAC	NIH_Ao	TCGCGAGAGTCCATAC	SRR11008271	271_TCGCGAGAGTCCATAC	TRUE
NIH_Ao_TCGCGAGAGTCGTACT	NIH_Ao	TCGCGAGAGTCGTACT	SRR11008271	271_TCGCGAGAGTCGTACT	TRUE
NIH_Ao_TCGCGAGGTCCAGTGC	NIH_Ao	TCGCGAGGTCCAGTGC	SRR11008271	271_TCGCGAGGTCCAGTGC	TRUE
NIH_Ao_TCGCGAGTCTTGCATT	NIH_Ao	TCGCGAGTCTTGCATT	SRR11008271	271_TCGCGAGTCTTGCATT	TRUE
NIH_Ao_TCGCGTTAGGCGTACA	NIH_Ao	TCGCGTTAGGCGTACA	SRR11008271	271_TCGCGTTAGGCGTACA	TRUE
NIH_Ao_TCGCGTTCACAGACTT	NIH_Ao	TCGCGTTCACAGACTT	SRR11008271	271_TCGCGTTCACAGACTT	TRUE
NIH_Ao_TCGCGTTCAGTGACAG	NIH_Ao	TCGCGTTCAGTGACAG	SRR11008271	271_TCGCGTTCAGTGACAG	TRUE
NIH_Ao_TCGCGTTGTCGGCACT	NIH_Ao	TCGCGTTGTCGGCACT	SRR11008271	271_TCGCGTTGTCGGCACT	TRUE
NIH_Ao_TCGGGACGTGTGAAAT	NIH_Ao	TCGGGACGTGTGAAAT	SRR11008271	271_TCGGGACGTGTGAAAT	TRUE
NIH_Ao_TCGGTAAAGCGAAGGG	NIH_Ao	TCGGTAAAGCGAAGGG	SRR11008271	271_TCGGTAAAGCGAAGGG	TRUE
NIH_Ao_TCGGTAACACCGATAT	NIH_Ao	TCGGTAACACCGATAT	SRR11008271	271_TCGGTAACACCGATAT	TRUE
NIH_Ao_TCGGTAAGTCTAAACC	NIH_Ao	TCGGTAAGTCTAAACC	SRR11008271	271_TCGGTAAGTCTAAACC	TRUE
NIH_Ao_TCGGTAATCCGCGCAA	NIH_Ao	TCGGTAATCCGCGCAA	SRR11008271	271_TCGGTAATCCGCGCAA	TRUE
NIH_Ao_TCGTACCCAGATCCAT	NIH_Ao	TCGTACCCAGATCCAT	SRR11008271	271_TCGTACCCAGATCCAT	TRUE
NIH_Ao_TCGTACCCATCCTTGC	NIH_Ao	TCGTACCCATCCTTGC	SRR11008271	271_TCGTACCCATCCTTGC	TRUE
NIH_Ao_TCGTACCCATTGGCGC	NIH_Ao	TCGTACCCATTGGCGC	SRR11008271	271_TCGTACCCATTGGCGC	TRUE
NIH_Ao_TCGTAGAAGCGAGAAA	NIH_Ao	TCGTAGAAGCGAGAAA	SRR11008271	271_TCGTAGAAGCGAGAAA	TRUE
NIH_Ao_TCGTAGAGTCGGGTCT	NIH_Ao	TCGTAGAGTCGGGTCT	SRR11008271	271_TCGTAGAGTCGGGTCT	TRUE
NIH_Ao_TCTATTGAGGCCCGTT	NIH_Ao	TCTATTGAGGCCCGTT	SRR11008271	271_TCTATTGAGGCCCGTT	TRUE
NIH_Ao_TCTATTGCACGGCCAT	NIH_Ao	TCTATTGCACGGCCAT	SRR11008271	271_TCTATTGCACGGCCAT	TRUE
NIH_Ao_TCTATTGTCTCGATGA	NIH_Ao	TCTATTGTCTCGATGA	SRR11008271	271_TCTATTGTCTCGATGA	TRUE
NIH_Ao_TCTCATACAGACGCTC	NIH_Ao	TCTCATACAGACGCTC	SRR11008271	271_TCTCATACAGACGCTC	TRUE
NIH_Ao_TCTCATACATTTGCCC	NIH_Ao	TCTCATACATTTGCCC	SRR11008271	271_TCTCATACATTTGCCC	TRUE
NIH_Ao_TCTCATAGTCAACATC	NIH_Ao	TCTCATAGTCAACATC	SRR11008271	271_TCTCATAGTCAACATC	TRUE
NIH_Ao_TCTCATAGTCTAAACC	NIH_Ao	TCTCATAGTCTAAACC	SRR11008271	271_TCTCATAGTCTAAACC	TRUE
NIH_Ao_TCTCATAGTCTTTCAT	NIH_Ao	TCTCATAGTCTTTCAT	SRR11008271	271_TCTCATAGTCTTTCAT	TRUE
NIH_Ao_TCTCATATCCTTGACC	NIH_Ao	TCTCATATCCTTGACC	SRR11008271	271_TCTCATATCCTTGACC	TRUE
NIH_Ao_TCTCTAAAGATATGGT	NIH_Ao	TCTCTAAAGATATGGT	SRR11008271	271_TCTCTAAAGATATGGT	TRUE
NIH_Ao_TCTCTAAGTGAGTGAC	NIH_Ao	TCTCTAAGTGAGTGAC	SRR11008271	271_TCTCTAAGTGAGTGAC	TRUE
NIH_Ao_TCTCTAATCCAGAAGG	NIH_Ao	TCTCTAATCCAGAAGG	SRR11008271	271_TCTCTAATCCAGAAGG	TRUE
NIH_Ao_TCTCTAATCGTAGATC	NIH_Ao	TCTCTAATCGTAGATC	SRR11008271	271_TCTCTAATCGTAGATC	TRUE
NIH_Ao_TCTGAGAAGCGTAGTG	NIH_Ao	TCTGAGAAGCGTAGTG	SRR11008271	271_TCTGAGAAGCGTAGTG	TRUE
NIH_Ao_TCTGAGAAGGTGATTA	NIH_Ao	TCTGAGAAGGTGATTA	SRR11008271	271_TCTGAGAAGGTGATTA	TRUE
NIH_Ao_TCTGAGAAGTGGGATC	NIH_Ao	TCTGAGAAGTGGGATC	SRR11008271	271_TCTGAGAAGTGGGATC	TRUE
NIH_Ao_TCTGAGACAGCCTGTG	NIH_Ao	TCTGAGACAGCCTGTG	SRR11008271	271_TCTGAGACAGCCTGTG	TRUE
NIH_Ao_TCTGAGAGTTACCAGT	NIH_Ao	TCTGAGAGTTACCAGT	SRR11008271	271_TCTGAGAGTTACCAGT	TRUE
NIH_Ao_TCTGGAAAGTGGTAAT	NIH_Ao	TCTGGAAAGTGGTAAT	SRR11008271	271_TCTGGAAAGTGGTAAT	TRUE
NIH_Ao_TCTGGAACAAGAAAGG	NIH_Ao	TCTGGAACAAGAAAGG	SRR11008271	271_TCTGGAACAAGAAAGG	TRUE
NIH_Ao_TCTGGAACACAAGACG	NIH_Ao	TCTGGAACACAAGACG	SRR11008271	271_TCTGGAACACAAGACG	TRUE
NIH_Ao_TCTGGAACAGGCTCAC	NIH_Ao	TCTGGAACAGGCTCAC	SRR11008271	271_TCTGGAACAGGCTCAC	TRUE
NIH_Ao_TCTGGAAGTCCCGACA	NIH_Ao	TCTGGAAGTCCCGACA	SRR11008271	271_TCTGGAAGTCCCGACA	TRUE
NIH_Ao_TCTGGAATCGGAGCAA	NIH_Ao	TCTGGAATCGGAGCAA	SRR11008271	271_TCTGGAATCGGAGCAA	TRUE
NIH_Ao_TCTTCGGAGGAGCGAG	NIH_Ao	TCTTCGGAGGAGCGAG	SRR11008271	271_TCTTCGGAGGAGCGAG	TRUE
NIH_Ao_TCTTCGGGTAATCGTC	NIH_Ao	TCTTCGGGTAATCGTC	SRR11008271	271_TCTTCGGGTAATCGTC	TRUE
NIH_Ao_TCTTCGGTCCCTAACC	NIH_Ao	TCTTCGGTCCCTAACC	SRR11008271	271_TCTTCGGTCCCTAACC	TRUE
NIH_Ao_TCTTCGGTCTCGATGA	NIH_Ao	TCTTCGGTCTCGATGA	SRR11008271	271_TCTTCGGTCTCGATGA	TRUE
NIH_Ao_TCTTTCCAGACTCGGA	NIH_Ao	TCTTTCCAGACTCGGA	SRR11008271	271_TCTTTCCAGACTCGGA	TRUE
NIH_Ao_TCTTTCCCATGGATGG	NIH_Ao	TCTTTCCCATGGATGG	SRR11008271	271_TCTTTCCCATGGATGG	TRUE
NIH_Ao_TCTTTCCGTTCGCGAC	NIH_Ao	TCTTTCCGTTCGCGAC	SRR11008271	271_TCTTTCCGTTCGCGAC	TRUE
NIH_Ao_TCTTTCCTCACAGTAC	NIH_Ao	TCTTTCCTCACAGTAC	SRR11008271	271_TCTTTCCTCACAGTAC	TRUE
NIH_Ao_TCTTTCCTCACCACCT	NIH_Ao	TCTTTCCTCACCACCT	SRR11008271	271_TCTTTCCTCACCACCT	TRUE
NIH_Ao_TCTTTCCTCTCAAGTG	NIH_Ao	TCTTTCCTCTCAAGTG	SRR11008271	271_TCTTTCCTCTCAAGTG	TRUE
NIH_Ao_TGAAAGAAGCCATCGC	NIH_Ao	TGAAAGAAGCCATCGC	SRR11008271	271_TGAAAGAAGCCATCGC	TRUE
NIH_Ao_TGAAAGAAGCCTCGTG	NIH_Ao	TGAAAGAAGCCTCGTG	SRR11008271	271_TGAAAGAAGCCTCGTG	TRUE
NIH_Ao_TGAAAGACAAGCCCAC	NIH_Ao	TGAAAGACAAGCCCAC	SRR11008271	271_TGAAAGACAAGCCCAC	TRUE
NIH_Ao_TGAAAGACATGACATC	NIH_Ao	TGAAAGACATGACATC	SRR11008271	271_TGAAAGACATGACATC	TRUE
NIH_Ao_TGAAAGAGTACCGAGA	NIH_Ao	TGAAAGAGTACCGAGA	SRR11008271	271_TGAAAGAGTACCGAGA	TRUE
NIH_Ao_TGAAAGATCCACGACG	NIH_Ao	TGAAAGATCCACGACG	SRR11008271	271_TGAAAGATCCACGACG	TRUE
NIH_Ao_TGAAAGATCGTCTGCT	NIH_Ao	TGAAAGATCGTCTGCT	SRR11008271	271_TGAAAGATCGTCTGCT	TRUE
NIH_Ao_TGACAACCAAGGCTCC	NIH_Ao	TGACAACCAAGGCTCC	SRR11008271	271_TGACAACCAAGGCTCC	TRUE
NIH_Ao_TGACAACCAGGGTATG	NIH_Ao	TGACAACCAGGGTATG	SRR11008271	271_TGACAACCAGGGTATG	TRUE
NIH_Ao_TGACAACCAGTTTACG	NIH_Ao	TGACAACCAGTTTACG	SRR11008271	271_TGACAACCAGTTTACG	TRUE
NIH_Ao_TGACAACGTAAGTGGC	NIH_Ao	TGACAACGTAAGTGGC	SRR11008271	271_TGACAACGTAAGTGGC	TRUE
NIH_Ao_TGACAACTCAGCACAT	NIH_Ao	TGACAACTCAGCACAT	SRR11008271	271_TGACAACTCAGCACAT	TRUE
NIH_Ao_TGACGGCTCACTCCTG	NIH_Ao	TGACGGCTCACTCCTG	SRR11008271	271_TGACGGCTCACTCCTG	TRUE
NIH_Ao_TGACTAGAGCGCTCCA	NIH_Ao	TGACTAGAGCGCTCCA	SRR11008271	271_TGACTAGAGCGCTCCA	TRUE
NIH_Ao_TGACTAGAGGGATACC	NIH_Ao	TGACTAGAGGGATACC	SRR11008271	271_TGACTAGAGGGATACC	TRUE
NIH_Ao_TGACTAGGTAAATGTG	NIH_Ao	TGACTAGGTAAATGTG	SRR11008271	271_TGACTAGGTAAATGTG	TRUE
NIH_Ao_TGACTAGTCCCAACGG	NIH_Ao	TGACTAGTCCCAACGG	SRR11008271	271_TGACTAGTCCCAACGG	TRUE
NIH_Ao_TGAGAGGAGTACATGA	NIH_Ao	TGAGAGGAGTACATGA	SRR11008271	271_TGAGAGGAGTACATGA	TRUE
NIH_Ao_TGAGAGGAGTGCTGCC	NIH_Ao	TGAGAGGAGTGCTGCC	SRR11008271	271_TGAGAGGAGTGCTGCC	TRUE
NIH_Ao_TGAGCATAGCAGCGTA	NIH_Ao	TGAGCATAGCAGCGTA	SRR11008271	271_TGAGCATAGCAGCGTA	TRUE
NIH_Ao_TGAGCATCATATACGC	NIH_Ao	TGAGCATCATATACGC	SRR11008271	271_TGAGCATCATATACGC	TRUE
NIH_Ao_TGAGCATGTATCGCAT	NIH_Ao	TGAGCATGTATCGCAT	SRR11008271	271_TGAGCATGTATCGCAT	TRUE
NIH_Ao_TGAGCATTCACCGTAA	NIH_Ao	TGAGCATTCACCGTAA	SRR11008271	271_TGAGCATTCACCGTAA	TRUE
NIH_Ao_TGAGCATTCGACCAGC	NIH_Ao	TGAGCATTCGACCAGC	SRR11008271	271_TGAGCATTCGACCAGC	TRUE
NIH_Ao_TGAGCCGGTATTAGCC	NIH_Ao	TGAGCCGGTATTAGCC	SRR11008271	271_TGAGCCGGTATTAGCC	TRUE
NIH_Ao_TGAGGGAAGATGTCGG	NIH_Ao	TGAGGGAAGATGTCGG	SRR11008271	271_TGAGGGAAGATGTCGG	TRUE
NIH_Ao_TGAGGGAAGGGTTCCC	NIH_Ao	TGAGGGAAGGGTTCCC	SRR11008271	271_TGAGGGAAGGGTTCCC	TRUE
NIH_Ao_TGAGGGACAAGCGAGT	NIH_Ao	TGAGGGACAAGCGAGT	SRR11008271	271_TGAGGGACAAGCGAGT	TRUE
NIH_Ao_TGAGGGAGTCGGCATC	NIH_Ao	TGAGGGAGTCGGCATC	SRR11008271	271_TGAGGGAGTCGGCATC	TRUE
NIH_Ao_TGAGGGATCCATTCTA	NIH_Ao	TGAGGGATCCATTCTA	SRR11008271	271_TGAGGGATCCATTCTA	TRUE
NIH_Ao_TGATTTCCACGGTGTC	NIH_Ao	TGATTTCCACGGTGTC	SRR11008271	271_TGATTTCCACGGTGTC	TRUE
NIH_Ao_TGATTTCTCTCTTGAT	NIH_Ao	TGATTTCTCTCTTGAT	SRR11008271	271_TGATTTCTCTCTTGAT	TRUE
NIH_Ao_TGCACCTAGCCACTAT	NIH_Ao	TGCACCTAGCCACTAT	SRR11008271	271_TGCACCTAGCCACTAT	TRUE
NIH_Ao_TGCACCTCAGAAGCAC	NIH_Ao	TGCACCTCAGAAGCAC	SRR11008271	271_TGCACCTCAGAAGCAC	TRUE
NIH_Ao_TGCACCTCATGCTGGC	NIH_Ao	TGCACCTCATGCTGGC	SRR11008271	271_TGCACCTCATGCTGGC	TRUE
NIH_Ao_TGCACCTTCTGGGCCA	NIH_Ao	TGCACCTTCTGGGCCA	SRR11008271	271_TGCACCTTCTGGGCCA	TRUE
NIH_Ao_TGCCAAATCATATCGG	NIH_Ao	TGCCAAATCATATCGG	SRR11008271	271_TGCCAAATCATATCGG	TRUE
NIH_Ao_TGCCCATAGGGTTCCC	NIH_Ao	TGCCCATAGGGTTCCC	SRR11008271	271_TGCCCATAGGGTTCCC	TRUE
NIH_Ao_TGCCCATAGGTGGGTT	NIH_Ao	TGCCCATAGGTGGGTT	SRR11008271	271_TGCCCATAGGTGGGTT	TRUE
NIH_Ao_TGCCCATCACATTTCT	NIH_Ao	TGCCCATCACATTTCT	SRR11008271	271_TGCCCATCACATTTCT	TRUE
NIH_Ao_TGCCCATGTTCGTTGA	NIH_Ao	TGCCCATGTTCGTTGA	SRR11008271	271_TGCCCATGTTCGTTGA	TRUE
NIH_Ao_TGCCCATTCCATTCTA	NIH_Ao	TGCCCATTCCATTCTA	SRR11008271	271_TGCCCATTCCATTCTA	TRUE
NIH_Ao_TGCCCATTCGGATGGA	NIH_Ao	TGCCCATTCGGATGGA	SRR11008271	271_TGCCCATTCGGATGGA	TRUE
NIH_Ao_TGCCCTAAGGACAGCT	NIH_Ao	TGCCCTAAGGACAGCT	SRR11008271	271_TGCCCTAAGGACAGCT	TRUE
NIH_Ao_TGCCCTACACAGGCCT	NIH_Ao	TGCCCTACACAGGCCT	SRR11008271	271_TGCCCTACACAGGCCT	TRUE
NIH_Ao_TGCCCTACAGCTGCTG	NIH_Ao	TGCCCTACAGCTGCTG	SRR11008271	271_TGCCCTACAGCTGCTG	TRUE
NIH_Ao_TGCCCTAGTATAATGG	NIH_Ao	TGCCCTAGTATAATGG	SRR11008271	271_TGCCCTAGTATAATGG	TRUE
NIH_Ao_TGCGCAGAGTTGCAGG	NIH_Ao	TGCGCAGAGTTGCAGG	SRR11008271	271_TGCGCAGAGTTGCAGG	TRUE
NIH_Ao_TGCGCAGGTACGCACC	NIH_Ao	TGCGCAGGTACGCACC	SRR11008271	271_TGCGCAGGTACGCACC	TRUE
NIH_Ao_TGCGCAGGTCTAACGT	NIH_Ao	TGCGCAGGTCTAACGT	SRR11008271	271_TGCGCAGGTCTAACGT	TRUE
NIH_Ao_TGCGCAGGTTGGTAAA	NIH_Ao	TGCGCAGGTTGGTAAA	SRR11008271	271_TGCGCAGGTTGGTAAA	TRUE
NIH_Ao_TGCGCAGGTTGTACAC	NIH_Ao	TGCGCAGGTTGTACAC	SRR11008271	271_TGCGCAGGTTGTACAC	TRUE
NIH_Ao_TGCGCAGTCCCTCAGT	NIH_Ao	TGCGCAGTCCCTCAGT	SRR11008271	271_TGCGCAGTCCCTCAGT	TRUE
NIH_Ao_TGCGGGTAGGATGGTC	NIH_Ao	TGCGGGTAGGATGGTC	SRR11008271	271_TGCGGGTAGGATGGTC	TRUE
NIH_Ao_TGCGGGTCAAGAAGAG	NIH_Ao	TGCGGGTCAAGAAGAG	SRR11008271	271_TGCGGGTCAAGAAGAG	TRUE
NIH_Ao_TGCGGGTGTAGCGTAG	NIH_Ao	TGCGGGTGTAGCGTAG	SRR11008271	271_TGCGGGTGTAGCGTAG	TRUE
NIH_Ao_TGCGGGTGTTCGGCAC	NIH_Ao	TGCGGGTGTTCGGCAC	SRR11008271	271_TGCGGGTGTTCGGCAC	TRUE
NIH_Ao_TGCGGGTTCTGGGCCA	NIH_Ao	TGCGGGTTCTGGGCCA	SRR11008271	271_TGCGGGTTCTGGGCCA	TRUE
NIH_Ao_TGCGTGGCAGATCCAT	NIH_Ao	TGCGTGGCAGATCCAT	SRR11008271	271_TGCGTGGCAGATCCAT	TRUE
NIH_Ao_TGCGTGGGTCATCCCT	NIH_Ao	TGCGTGGGTCATCCCT	SRR11008271	271_TGCGTGGGTCATCCCT	TRUE
NIH_Ao_TGCTACCAGAAGGTGA	NIH_Ao	TGCTACCAGAAGGTGA	SRR11008271	271_TGCTACCAGAAGGTGA	TRUE
NIH_Ao_TGCTACCAGAGTCTGG	NIH_Ao	TGCTACCAGAGTCTGG	SRR11008271	271_TGCTACCAGAGTCTGG	TRUE
NIH_Ao_TGCTACCAGCATCATC	NIH_Ao	TGCTACCAGCATCATC	SRR11008271	271_TGCTACCAGCATCATC	TRUE
NIH_Ao_TGCTACCAGTCAAGGC	NIH_Ao	TGCTACCAGTCAAGGC	SRR11008271	271_TGCTACCAGTCAAGGC	TRUE
NIH_Ao_TGCTACCCAAACTGCT	NIH_Ao	TGCTACCCAAACTGCT	SRR11008271	271_TGCTACCCAAACTGCT	TRUE
NIH_Ao_TGCTACCCACAAGCCC	NIH_Ao	TGCTACCCACAAGCCC	SRR11008271	271_TGCTACCCACAAGCCC	TRUE
NIH_Ao_TGCTACCGTCGAGATG	NIH_Ao	TGCTACCGTCGAGATG	SRR11008271	271_TGCTACCGTCGAGATG	TRUE
NIH_Ao_TGCTACCTCACATACG	NIH_Ao	TGCTACCTCACATACG	SRR11008271	271_TGCTACCTCACATACG	TRUE
NIH_Ao_TGCTACCTCCCAAGAT	NIH_Ao	TGCTACCTCCCAAGAT	SRR11008271	271_TGCTACCTCCCAAGAT	TRUE
NIH_Ao_TGCTACCTCGTTTATC	NIH_Ao	TGCTACCTCGTTTATC	SRR11008271	271_TGCTACCTCGTTTATC	TRUE
NIH_Ao_TGCTGCTCACGGCGTT	NIH_Ao	TGCTGCTCACGGCGTT	SRR11008271	271_TGCTGCTCACGGCGTT	TRUE
NIH_Ao_TGCTGCTCAGTCAGCC	NIH_Ao	TGCTGCTCAGTCAGCC	SRR11008271	271_TGCTGCTCAGTCAGCC	TRUE
NIH_Ao_TGCTGCTCATCTCCCA	NIH_Ao	TGCTGCTCATCTCCCA	SRR11008271	271_TGCTGCTCATCTCCCA	TRUE
NIH_Ao_TGCTGCTGTAGCGCAA	NIH_Ao	TGCTGCTGTAGCGCAA	SRR11008271	271_TGCTGCTGTAGCGCAA	TRUE
NIH_Ao_TGCTGCTTCATGCAAC	NIH_Ao	TGCTGCTTCATGCAAC	SRR11008271	271_TGCTGCTTCATGCAAC	TRUE
NIH_Ao_TGGACGCAGGCTACGA	NIH_Ao	TGGACGCAGGCTACGA	SRR11008271	271_TGGACGCAGGCTACGA	TRUE
NIH_Ao_TGGACGCCAGACAGGT	NIH_Ao	TGGACGCCAGACAGGT	SRR11008271	271_TGGACGCCAGACAGGT	TRUE
NIH_Ao_TGGACGCCATCAGTAC	NIH_Ao	TGGACGCCATCAGTAC	SRR11008271	271_TGGACGCCATCAGTAC	TRUE
NIH_Ao_TGGACGCCATCCCACT	NIH_Ao	TGGACGCCATCCCACT	SRR11008271	271_TGGACGCCATCCCACT	TRUE
NIH_Ao_TGGACGCGTAGGAGTC	NIH_Ao	TGGACGCGTAGGAGTC	SRR11008271	271_TGGACGCGTAGGAGTC	TRUE
NIH_Ao_TGGACGCGTCCAGTGC	NIH_Ao	TGGACGCGTCCAGTGC	SRR11008271	271_TGGACGCGTCCAGTGC	TRUE
NIH_Ao_TGGCCAGCAAAGCAAT	NIH_Ao	TGGCCAGCAAAGCAAT	SRR11008271	271_TGGCCAGCAAAGCAAT	TRUE
NIH_Ao_TGGCCAGCAGTATGCT	NIH_Ao	TGGCCAGCAGTATGCT	SRR11008271	271_TGGCCAGCAGTATGCT	TRUE
NIH_Ao_TGGCCAGCATCGGTTA	NIH_Ao	TGGCCAGCATCGGTTA	SRR11008271	271_TGGCCAGCATCGGTTA	TRUE
NIH_Ao_TGGCCAGGTAGAGGAA	NIH_Ao	TGGCCAGGTAGAGGAA	SRR11008271	271_TGGCCAGGTAGAGGAA	TRUE
NIH_Ao_TGGCCAGGTATAAACG	NIH_Ao	TGGCCAGGTATAAACG	SRR11008271	271_TGGCCAGGTATAAACG	TRUE
NIH_Ao_TGGCCAGGTTCAGACT	NIH_Ao	TGGCCAGGTTCAGACT	SRR11008271	271_TGGCCAGGTTCAGACT	TRUE
NIH_Ao_TGGCCAGTCCCGGATG	NIH_Ao	TGGCCAGTCCCGGATG	SRR11008271	271_TGGCCAGTCCCGGATG	TRUE
NIH_Ao_TGGCCAGTCCTGCCAT	NIH_Ao	TGGCCAGTCCTGCCAT	SRR11008271	271_TGGCCAGTCCTGCCAT	TRUE
NIH_Ao_TGGCGCAAGACAAAGG	NIH_Ao	TGGCGCAAGACAAAGG	SRR11008271	271_TGGCGCAAGACAAAGG	TRUE
NIH_Ao_TGGCGCAAGGGTGTTG	NIH_Ao	TGGCGCAAGGGTGTTG	SRR11008271	271_TGGCGCAAGGGTGTTG	TRUE
NIH_Ao_TGGCGCACACAAGTAA	NIH_Ao	TGGCGCACACAAGTAA	SRR11008271	271_TGGCGCACACAAGTAA	TRUE
NIH_Ao_TGGCGCACAGATCCAT	NIH_Ao	TGGCGCACAGATCCAT	SRR11008271	271_TGGCGCACAGATCCAT	TRUE
NIH_Ao_TGGCGCACATGCCTTC	NIH_Ao	TGGCGCACATGCCTTC	SRR11008271	271_TGGCGCACATGCCTTC	TRUE
NIH_Ao_TGGCGCAGTTTGTGTG	NIH_Ao	TGGCGCAGTTTGTGTG	SRR11008271	271_TGGCGCAGTTTGTGTG	TRUE
NIH_Ao_TGGCTGGCAGGACCCT	NIH_Ao	TGGCTGGCAGGACCCT	SRR11008271	271_TGGCTGGCAGGACCCT	TRUE
NIH_Ao_TGGCTGGCAGGGTTAG	NIH_Ao	TGGCTGGCAGGGTTAG	SRR11008271	271_TGGCTGGCAGGGTTAG	TRUE
NIH_Ao_TGGCTGGCATTTCACT	NIH_Ao	TGGCTGGCATTTCACT	SRR11008271	271_TGGCTGGCATTTCACT	TRUE
NIH_Ao_TGGCTGGGTCTAAACC	NIH_Ao	TGGCTGGGTCTAAACC	SRR11008271	271_TGGCTGGGTCTAAACC	TRUE
NIH_Ao_TGGCTGGGTCTCACCT	NIH_Ao	TGGCTGGGTCTCACCT	SRR11008271	271_TGGCTGGGTCTCACCT	FALSE
NIH_Ao_TGGCTGGGTTCTGGTA	NIH_Ao	TGGCTGGGTTCTGGTA	SRR11008271	271_TGGCTGGGTTCTGGTA	TRUE
NIH_Ao_TGGCTGGTCCTATGTT	NIH_Ao	TGGCTGGTCCTATGTT	SRR11008271	271_TGGCTGGTCCTATGTT	TRUE
NIH_Ao_TGGGAAGCAGGGAGAG	NIH_Ao	TGGGAAGCAGGGAGAG	SRR11008271	271_TGGGAAGCAGGGAGAG	FALSE
NIH_Ao_TGGGAAGGTCAGCTAT	NIH_Ao	TGGGAAGGTCAGCTAT	SRR11008271	271_TGGGAAGGTCAGCTAT	TRUE
NIH_Ao_TGGGAAGTCAAACGGG	NIH_Ao	TGGGAAGTCAAACGGG	SRR11008271	271_TGGGAAGTCAAACGGG	TRUE
NIH_Ao_TGGGAAGTCACGCGGT	NIH_Ao	TGGGAAGTCACGCGGT	SRR11008271	271_TGGGAAGTCACGCGGT	TRUE
NIH_Ao_TGGGAAGTCGAGAACG	NIH_Ao	TGGGAAGTCGAGAACG	SRR11008271	271_TGGGAAGTCGAGAACG	TRUE
NIH_Ao_TGGGCGTAGTCTTGCA	NIH_Ao	TGGGCGTAGTCTTGCA	SRR11008271	271_TGGGCGTAGTCTTGCA	TRUE
NIH_Ao_TGGGCGTCAGATCTGT	NIH_Ao	TGGGCGTCAGATCTGT	SRR11008271	271_TGGGCGTCAGATCTGT	TRUE
NIH_Ao_TGGGCGTCAGGACGTA	NIH_Ao	TGGGCGTCAGGACGTA	SRR11008271	271_TGGGCGTCAGGACGTA	TRUE
NIH_Ao_TGGGCGTCATAAAGGT	NIH_Ao	TGGGCGTCATAAAGGT	SRR11008271	271_TGGGCGTCATAAAGGT	TRUE
NIH_Ao_TGGGCGTTCGGATGGA	NIH_Ao	TGGGCGTTCGGATGGA	SRR11008271	271_TGGGCGTTCGGATGGA	TRUE
NIH_Ao_TGGTTAGAGAGCTGGT	NIH_Ao	TGGTTAGAGAGCTGGT	SRR11008271	271_TGGTTAGAGAGCTGGT	TRUE
NIH_Ao_TGGTTAGAGTGGAGTC	NIH_Ao	TGGTTAGAGTGGAGTC	SRR11008271	271_TGGTTAGAGTGGAGTC	TRUE
NIH_Ao_TGGTTAGCACGAGGTA	NIH_Ao	TGGTTAGCACGAGGTA	SRR11008271	271_TGGTTAGCACGAGGTA	TRUE
NIH_Ao_TGGTTAGCAGATAATG	NIH_Ao	TGGTTAGCAGATAATG	SRR11008271	271_TGGTTAGCAGATAATG	TRUE
NIH_Ao_TGGTTAGGTCTTTCAT	NIH_Ao	TGGTTAGGTCTTTCAT	SRR11008271	271_TGGTTAGGTCTTTCAT	TRUE
NIH_Ao_TGGTTAGGTTCCACTC	NIH_Ao	TGGTTAGGTTCCACTC	SRR11008271	271_TGGTTAGGTTCCACTC	TRUE
NIH_Ao_TGGTTCCAGCTATGCT	NIH_Ao	TGGTTCCAGCTATGCT	SRR11008271	271_TGGTTCCAGCTATGCT	TRUE
NIH_Ao_TGGTTCCCACCAGGTC	NIH_Ao	TGGTTCCCACCAGGTC	SRR11008271	271_TGGTTCCCACCAGGTC	TRUE
NIH_Ao_TGGTTCCGTACGACCC	NIH_Ao	TGGTTCCGTACGACCC	SRR11008271	271_TGGTTCCGTACGACCC	TRUE
NIH_Ao_TGGTTCCGTGAGGGTT	NIH_Ao	TGGTTCCGTGAGGGTT	SRR11008271	271_TGGTTCCGTGAGGGTT	TRUE
NIH_Ao_TGGTTCCGTGTAAGTA	NIH_Ao	TGGTTCCGTGTAAGTA	SRR11008271	271_TGGTTCCGTGTAAGTA	TRUE
NIH_Ao_TGGTTCCTCAGGTTCA	NIH_Ao	TGGTTCCTCAGGTTCA	SRR11008271	271_TGGTTCCTCAGGTTCA	TRUE
NIH_Ao_TGGTTCCTCCACGAAT	NIH_Ao	TGGTTCCTCCACGAAT	SRR11008271	271_TGGTTCCTCCACGAAT	TRUE
NIH_Ao_TGGTTCCTCGGGAGTA	NIH_Ao	TGGTTCCTCGGGAGTA	SRR11008271	271_TGGTTCCTCGGGAGTA	TRUE
NIH_Ao_TGTATTCAGACTGGGT	NIH_Ao	TGTATTCAGACTGGGT	SRR11008271	271_TGTATTCAGACTGGGT	TRUE
NIH_Ao_TGTATTCAGTCGTACT	NIH_Ao	TGTATTCAGTCGTACT	SRR11008271	271_TGTATTCAGTCGTACT	TRUE
NIH_Ao_TGTATTCAGTGTACGG	NIH_Ao	TGTATTCAGTGTACGG	SRR11008271	271_TGTATTCAGTGTACGG	TRUE
NIH_Ao_TGTATTCGTTCGAATC	NIH_Ao	TGTATTCGTTCGAATC	SRR11008271	271_TGTATTCGTTCGAATC	TRUE
NIH_Ao_TGTATTCTCCATGCTC	NIH_Ao	TGTATTCTCCATGCTC	SRR11008271	271_TGTATTCTCCATGCTC	TRUE
NIH_Ao_TGTCCCAAGAGCTATA	NIH_Ao	TGTCCCAAGAGCTATA	SRR11008271	271_TGTCCCAAGAGCTATA	TRUE
NIH_Ao_TGTCCCAAGCCATCGC	NIH_Ao	TGTCCCAAGCCATCGC	SRR11008271	271_TGTCCCAAGCCATCGC	TRUE
NIH_Ao_TGTCCCAAGGATGGTC	NIH_Ao	TGTCCCAAGGATGGTC	SRR11008271	271_TGTCCCAAGGATGGTC	TRUE
NIH_Ao_TGTCCCAAGGCGTACA	NIH_Ao	TGTCCCAAGGCGTACA	SRR11008271	271_TGTCCCAAGGCGTACA	TRUE
NIH_Ao_TGTCCCACATCCCACT	NIH_Ao	TGTCCCACATCCCACT	SRR11008271	271_TGTCCCACATCCCACT	TRUE
NIH_Ao_TGTCCCATCAACACCA	NIH_Ao	TGTCCCATCAACACCA	SRR11008271	271_TGTCCCATCAACACCA	TRUE
NIH_Ao_TGTGGTAAGGTGATAT	NIH_Ao	TGTGGTAAGGTGATAT	SRR11008271	271_TGTGGTAAGGTGATAT	TRUE
NIH_Ao_TGTGGTAAGTATGACA	NIH_Ao	TGTGGTAAGTATGACA	SRR11008271	271_TGTGGTAAGTATGACA	TRUE
NIH_Ao_TGTGTTTAGTAAGTAC	NIH_Ao	TGTGTTTAGTAAGTAC	SRR11008271	271_TGTGTTTAGTAAGTAC	TRUE
NIH_Ao_TGTGTTTCACGCGAAA	NIH_Ao	TGTGTTTCACGCGAAA	SRR11008271	271_TGTGTTTCACGCGAAA	TRUE
NIH_Ao_TGTGTTTCACGGACAA	NIH_Ao	TGTGTTTCACGGACAA	SRR11008271	271_TGTGTTTCACGGACAA	TRUE
NIH_Ao_TGTGTTTCATACCATG	NIH_Ao	TGTGTTTCATACCATG	SRR11008271	271_TGTGTTTCATACCATG	TRUE
NIH_Ao_TGTGTTTTCCTCAATT	NIH_Ao	TGTGTTTTCCTCAATT	SRR11008271	271_TGTGTTTTCCTCAATT	TRUE
NIH_Ao_TGTTCCGAGAGACTAT	NIH_Ao	TGTTCCGAGAGACTAT	SRR11008271	271_TGTTCCGAGAGACTAT	TRUE
NIH_Ao_TGTTCCGAGAGAGCTC	NIH_Ao	TGTTCCGAGAGAGCTC	SRR11008271	271_TGTTCCGAGAGAGCTC	TRUE
NIH_Ao_TGTTCCGAGGGCTCTC	NIH_Ao	TGTTCCGAGGGCTCTC	SRR11008271	271_TGTTCCGAGGGCTCTC	TRUE
NIH_Ao_TGTTCCGAGTGCAAGC	NIH_Ao	TGTTCCGAGTGCAAGC	SRR11008271	271_TGTTCCGAGTGCAAGC	TRUE
NIH_Ao_TGTTCCGAGTTCCACA	NIH_Ao	TGTTCCGAGTTCCACA	SRR11008271	271_TGTTCCGAGTTCCACA	TRUE
NIH_Ao_TGTTCCGCAACACGCC	NIH_Ao	TGTTCCGCAACACGCC	SRR11008271	271_TGTTCCGCAACACGCC	TRUE
NIH_Ao_TGTTCCGGTTGGTAAA	NIH_Ao	TGTTCCGGTTGGTAAA	SRR11008271	271_TGTTCCGGTTGGTAAA	TRUE
NIH_Ao_TTAACTCAGAGCTTCT	NIH_Ao	TTAACTCAGAGCTTCT	SRR11008271	271_TTAACTCAGAGCTTCT	TRUE
NIH_Ao_TTAACTCCATGAAGTA	NIH_Ao	TTAACTCCATGAAGTA	SRR11008271	271_TTAACTCCATGAAGTA	TRUE
NIH_Ao_TTAACTCGTAGGACAC	NIH_Ao	TTAACTCGTAGGACAC	SRR11008271	271_TTAACTCGTAGGACAC	TRUE
NIH_Ao_TTAACTCGTCGCCATG	NIH_Ao	TTAACTCGTCGCCATG	SRR11008271	271_TTAACTCGTCGCCATG	TRUE
NIH_Ao_TTAACTCGTGATGTGG	NIH_Ao	TTAACTCGTGATGTGG	SRR11008271	271_TTAACTCGTGATGTGG	TRUE
NIH_Ao_TTAACTCGTTTGTTTC	NIH_Ao	TTAACTCGTTTGTTTC	SRR11008271	271_TTAACTCGTTTGTTTC	TRUE
NIH_Ao_TTAACTCTCTGCAAGT	NIH_Ao	TTAACTCTCTGCAAGT	SRR11008271	271_TTAACTCTCTGCAAGT	TRUE
NIH_Ao_TTAACTCTCTTGTACT	NIH_Ao	TTAACTCTCTTGTACT	SRR11008271	271_TTAACTCTCTTGTACT	TRUE
NIH_Ao_TTAGGACAGAGGTACC	NIH_Ao	TTAGGACAGAGGTACC	SRR11008271	271_TTAGGACAGAGGTACC	TRUE
NIH_Ao_TTAGGACCAATAGCAA	NIH_Ao	TTAGGACCAATAGCAA	SRR11008271	271_TTAGGACCAATAGCAA	TRUE
NIH_Ao_TTAGGACCAGCTCCGA	NIH_Ao	TTAGGACCAGCTCCGA	SRR11008271	271_TTAGGACCAGCTCCGA	TRUE
NIH_Ao_TTAGGACGTAGCGATG	NIH_Ao	TTAGGACGTAGCGATG	SRR11008271	271_TTAGGACGTAGCGATG	FALSE
NIH_Ao_TTAGGCACACGGTGTC	NIH_Ao	TTAGGCACACGGTGTC	SRR11008271	271_TTAGGCACACGGTGTC	TRUE
NIH_Ao_TTAGGCATCAAACGGG	NIH_Ao	TTAGGCATCAAACGGG	SRR11008271	271_TTAGGCATCAAACGGG	TRUE
NIH_Ao_TTAGGCATCACTCTTA	NIH_Ao	TTAGGCATCACTCTTA	SRR11008271	271_TTAGGCATCACTCTTA	TRUE
NIH_Ao_TTAGGCATCAGTTGAC	NIH_Ao	TTAGGCATCAGTTGAC	SRR11008271	271_TTAGGCATCAGTTGAC	TRUE
NIH_Ao_TTAGGCATCTCTGTCG	NIH_Ao	TTAGGCATCTCTGTCG	SRR11008271	271_TTAGGCATCTCTGTCG	TRUE
NIH_Ao_TTAGGCATCTTACCGC	NIH_Ao	TTAGGCATCTTACCGC	SRR11008271	271_TTAGGCATCTTACCGC	TRUE
NIH_Ao_TTAGTTCCATACTCTT	NIH_Ao	TTAGTTCCATACTCTT	SRR11008271	271_TTAGTTCCATACTCTT	TRUE
NIH_Ao_TTAGTTCGTCCGTGAC	NIH_Ao	TTAGTTCGTCCGTGAC	SRR11008271	271_TTAGTTCGTCCGTGAC	TRUE
NIH_Ao_TTAGTTCTCCATGAGT	NIH_Ao	TTAGTTCTCCATGAGT	SRR11008271	271_TTAGTTCTCCATGAGT	TRUE
NIH_Ao_TTAGTTCTCCGTAGGC	NIH_Ao	TTAGTTCTCCGTAGGC	SRR11008271	271_TTAGTTCTCCGTAGGC	TRUE
NIH_Ao_TTAGTTCTCGCAAGCC	NIH_Ao	TTAGTTCTCGCAAGCC	SRR11008271	271_TTAGTTCTCGCAAGCC	TRUE
NIH_Ao_TTATGCTAGCACGCCT	NIH_Ao	TTATGCTAGCACGCCT	SRR11008271	271_TTATGCTAGCACGCCT	TRUE
NIH_Ao_TTATGCTCAAGACACG	NIH_Ao	TTATGCTCAAGACACG	SRR11008271	271_TTATGCTCAAGACACG	TRUE
NIH_Ao_TTATGCTGTGCTTCTC	NIH_Ao	TTATGCTGTGCTTCTC	SRR11008271	271_TTATGCTGTGCTTCTC	FALSE
NIH_Ao_TTATGCTTCATTATCC	NIH_Ao	TTATGCTTCATTATCC	SRR11008271	271_TTATGCTTCATTATCC	TRUE
NIH_Ao_TTATGCTTCCTGCCAT	NIH_Ao	TTATGCTTCCTGCCAT	SRR11008271	271_TTATGCTTCCTGCCAT	TRUE
NIH_Ao_TTCCCAGAGGTAAACT	NIH_Ao	TTCCCAGAGGTAAACT	SRR11008271	271_TTCCCAGAGGTAAACT	TRUE
NIH_Ao_TTCCCAGAGTATCTCG	NIH_Ao	TTCCCAGAGTATCTCG	SRR11008271	271_TTCCCAGAGTATCTCG	TRUE
NIH_Ao_TTCCCAGCACAACGTT	NIH_Ao	TTCCCAGCACAACGTT	SRR11008271	271_TTCCCAGCACAACGTT	TRUE
NIH_Ao_TTCCCAGCATAGACTC	NIH_Ao	TTCCCAGCATAGACTC	SRR11008271	271_TTCCCAGCATAGACTC	TRUE
NIH_Ao_TTCCCAGGTGTTAAGA	NIH_Ao	TTCCCAGGTGTTAAGA	SRR11008271	271_TTCCCAGGTGTTAAGA	TRUE
NIH_Ao_TTCGAAGAGCCTATGT	NIH_Ao	TTCGAAGAGCCTATGT	SRR11008271	271_TTCGAAGAGCCTATGT	FALSE
NIH_Ao_TTCGAAGAGGCTCATT	NIH_Ao	TTCGAAGAGGCTCATT	SRR11008271	271_TTCGAAGAGGCTCATT	FALSE
NIH_Ao_TTCGAAGGTTTGGCGC	NIH_Ao	TTCGAAGGTTTGGCGC	SRR11008271	271_TTCGAAGGTTTGGCGC	TRUE
NIH_Ao_TTCGAAGTCATAAAGG	NIH_Ao	TTCGAAGTCATAAAGG	SRR11008271	271_TTCGAAGTCATAAAGG	TRUE
NIH_Ao_TTCGAAGTCGTCTGCT	NIH_Ao	TTCGAAGTCGTCTGCT	SRR11008271	271_TTCGAAGTCGTCTGCT	TRUE
NIH_Ao_TTCGGTCAGGCATTGG	NIH_Ao	TTCGGTCAGGCATTGG	SRR11008271	271_TTCGGTCAGGCATTGG	TRUE
NIH_Ao_TTCGGTCAGTAGCGGT	NIH_Ao	TTCGGTCAGTAGCGGT	SRR11008271	271_TTCGGTCAGTAGCGGT	TRUE
NIH_Ao_TTCGGTCCAAACTGTC	NIH_Ao	TTCGGTCCAAACTGTC	SRR11008271	271_TTCGGTCCAAACTGTC	TRUE
NIH_Ao_TTCGGTCGTACGACCC	NIH_Ao	TTCGGTCGTACGACCC	SRR11008271	271_TTCGGTCGTACGACCC	TRUE
NIH_Ao_TTCTACAAGTGTCTCA	NIH_Ao	TTCTACAAGTGTCTCA	SRR11008271	271_TTCTACAAGTGTCTCA	TRUE
NIH_Ao_TTCTACACACATCCGG	NIH_Ao	TTCTACACACATCCGG	SRR11008271	271_TTCTACACACATCCGG	TRUE
NIH_Ao_TTCTACACAGATCTGT	NIH_Ao	TTCTACACAGATCTGT	SRR11008271	271_TTCTACACAGATCTGT	TRUE
NIH_Ao_TTCTACACATCGATTG	NIH_Ao	TTCTACACATCGATTG	SRR11008271	271_TTCTACACATCGATTG	TRUE
NIH_Ao_TTCTACATCCAAATGC	NIH_Ao	TTCTACATCCAAATGC	SRR11008271	271_TTCTACATCCAAATGC	TRUE
NIH_Ao_TTCTACATCCGTAGTA	NIH_Ao	TTCTACATCCGTAGTA	SRR11008271	271_TTCTACATCCGTAGTA	TRUE
NIH_Ao_TTCTCAAAGCGATTCT	NIH_Ao	TTCTCAAAGCGATTCT	SRR11008271	271_TTCTCAAAGCGATTCT	TRUE
NIH_Ao_TTCTCAACATAGTAAG	NIH_Ao	TTCTCAACATAGTAAG	SRR11008271	271_TTCTCAACATAGTAAG	TRUE
NIH_Ao_TTCTCAAGTAGCAAAT	NIH_Ao	TTCTCAAGTAGCAAAT	SRR11008271	271_TTCTCAAGTAGCAAAT	TRUE
NIH_Ao_TTCTCAATCAAGGCTT	NIH_Ao	TTCTCAATCAAGGCTT	SRR11008271	271_TTCTCAATCAAGGCTT	TRUE
NIH_Ao_TTCTCCTAGAAAGTGG	NIH_Ao	TTCTCCTAGAAAGTGG	SRR11008271	271_TTCTCCTAGAAAGTGG	TRUE
NIH_Ao_TTCTCCTAGTCCTCCT	NIH_Ao	TTCTCCTAGTCCTCCT	SRR11008271	271_TTCTCCTAGTCCTCCT	TRUE
NIH_Ao_TTCTCCTCATTGGGCC	NIH_Ao	TTCTCCTCATTGGGCC	SRR11008271	271_TTCTCCTCATTGGGCC	TRUE
NIH_Ao_TTCTCCTGTATTCTCT	NIH_Ao	TTCTCCTGTATTCTCT	SRR11008271	271_TTCTCCTGTATTCTCT	TRUE
NIH_Ao_TTCTCCTTCGCAAACT	NIH_Ao	TTCTCCTTCGCAAACT	SRR11008271	271_TTCTCCTTCGCAAACT	TRUE
NIH_Ao_TTCTTAGAGATGTCGG	NIH_Ao	TTCTTAGAGATGTCGG	SRR11008271	271_TTCTTAGAGATGTCGG	TRUE
NIH_Ao_TTCTTAGAGCGAAGGG	NIH_Ao	TTCTTAGAGCGAAGGG	SRR11008271	271_TTCTTAGAGCGAAGGG	TRUE
NIH_Ao_TTCTTAGAGGCACATG	NIH_Ao	TTCTTAGAGGCACATG	SRR11008271	271_TTCTTAGAGGCACATG	TRUE
NIH_Ao_TTCTTAGGTTACAGAA	NIH_Ao	TTCTTAGGTTACAGAA	SRR11008271	271_TTCTTAGGTTACAGAA	TRUE
NIH_Ao_TTCTTAGTCATAACCG	NIH_Ao	TTCTTAGTCATAACCG	SRR11008271	271_TTCTTAGTCATAACCG	TRUE
NIH_Ao_TTCTTAGTCGACCAGC	NIH_Ao	TTCTTAGTCGACCAGC	SRR11008271	271_TTCTTAGTCGACCAGC	TRUE
NIH_Ao_TTGAACGAGACTAAGT	NIH_Ao	TTGAACGAGACTAAGT	SRR11008271	271_TTGAACGAGACTAAGT	TRUE
NIH_Ao_TTGAACGCACGGCCAT	NIH_Ao	TTGAACGCACGGCCAT	SRR11008271	271_TTGAACGCACGGCCAT	TRUE
NIH_Ao_TTGAACGCACTCTGTC	NIH_Ao	TTGAACGCACTCTGTC	SRR11008271	271_TTGAACGCACTCTGTC	TRUE
NIH_Ao_TTGAACGCAGGTGCCT	NIH_Ao	TTGAACGCAGGTGCCT	SRR11008271	271_TTGAACGCAGGTGCCT	TRUE
NIH_Ao_TTGAACGCATGACGGA	NIH_Ao	TTGAACGCATGACGGA	SRR11008271	271_TTGAACGCATGACGGA	TRUE
NIH_Ao_TTGAACGGTTCCCGAG	NIH_Ao	TTGAACGGTTCCCGAG	SRR11008271	271_TTGAACGGTTCCCGAG	TRUE
NIH_Ao_TTGAACGTCAACTCTT	NIH_Ao	TTGAACGTCAACTCTT	SRR11008271	271_TTGAACGTCAACTCTT	TRUE
NIH_Ao_TTGAACGTCACCGTAA	NIH_Ao	TTGAACGTCACCGTAA	SRR11008271	271_TTGAACGTCACCGTAA	FALSE
NIH_Ao_TTGACTTAGATCGGGT	NIH_Ao	TTGACTTAGATCGGGT	SRR11008271	271_TTGACTTAGATCGGGT	TRUE
NIH_Ao_TTGACTTCAGGGCATA	NIH_Ao	TTGACTTCAGGGCATA	SRR11008271	271_TTGACTTCAGGGCATA	TRUE
NIH_Ao_TTGACTTCAGTTCATG	NIH_Ao	TTGACTTCAGTTCATG	SRR11008271	271_TTGACTTCAGTTCATG	TRUE
NIH_Ao_TTGACTTGTCGTGGCT	NIH_Ao	TTGACTTGTCGTGGCT	SRR11008271	271_TTGACTTGTCGTGGCT	TRUE
NIH_Ao_TTGACTTTCTCCAGGG	NIH_Ao	TTGACTTTCTCCAGGG	SRR11008271	271_TTGACTTTCTCCAGGG	TRUE
NIH_Ao_TTGCCGTAGTGAAGAG	NIH_Ao	TTGCCGTAGTGAAGAG	SRR11008271	271_TTGCCGTAGTGAAGAG	TRUE
NIH_Ao_TTGCCGTTCGGCCGAT	NIH_Ao	TTGCCGTTCGGCCGAT	SRR11008271	271_TTGCCGTTCGGCCGAT	TRUE
NIH_Ao_TTGCGTCCACCTCGTT	NIH_Ao	TTGCGTCCACCTCGTT	SRR11008271	271_TTGCGTCCACCTCGTT	TRUE
NIH_Ao_TTGCGTCCAGCTTCGG	NIH_Ao	TTGCGTCCAGCTTCGG	SRR11008271	271_TTGCGTCCAGCTTCGG	TRUE
NIH_Ao_TTGGAACAGACTGGGT	NIH_Ao	TTGGAACAGACTGGGT	SRR11008271	271_TTGGAACAGACTGGGT	TRUE
NIH_Ao_TTGGAACCAAGAAAGG	NIH_Ao	TTGGAACCAAGAAAGG	SRR11008271	271_TTGGAACCAAGAAAGG	TRUE
NIH_Ao_TTGGAACCAAGTTCTG	NIH_Ao	TTGGAACCAAGTTCTG	SRR11008271	271_TTGGAACCAAGTTCTG	TRUE
NIH_Ao_TTGGAACCAATCCAAC	NIH_Ao	TTGGAACCAATCCAAC	SRR11008271	271_TTGGAACCAATCCAAC	TRUE
NIH_Ao_TTGGAACCACATTTCT	NIH_Ao	TTGGAACCACATTTCT	SRR11008271	271_TTGGAACCACATTTCT	TRUE
NIH_Ao_TTGGAACGTCTTTCAT	NIH_Ao	TTGGAACGTCTTTCAT	SRR11008271	271_TTGGAACGTCTTTCAT	TRUE
NIH_Ao_TTGGAACTCAGCCTAA	NIH_Ao	TTGGAACTCAGCCTAA	SRR11008271	271_TTGGAACTCAGCCTAA	TRUE
NIH_Ao_TTGGCAAAGGAGTCTG	NIH_Ao	TTGGCAAAGGAGTCTG	SRR11008271	271_TTGGCAAAGGAGTCTG	TRUE
NIH_Ao_TTGGCAAAGTAGGTGC	NIH_Ao	TTGGCAAAGTAGGTGC	SRR11008271	271_TTGGCAAAGTAGGTGC	TRUE
NIH_Ao_TTGGCAAGTGTGGTTT	NIH_Ao	TTGGCAAGTGTGGTTT	SRR11008271	271_TTGGCAAGTGTGGTTT	TRUE
NIH_Ao_TTGGCAATCAGTTCGA	NIH_Ao	TTGGCAATCAGTTCGA	SRR11008271	271_TTGGCAATCAGTTCGA	TRUE
NIH_Ao_TTGTAGGAGCCTCGTG	NIH_Ao	TTGTAGGAGCCTCGTG	SRR11008271	271_TTGTAGGAGCCTCGTG	TRUE
NIH_Ao_TTGTAGGCAAGGACAC	NIH_Ao	TTGTAGGCAAGGACAC	SRR11008271	271_TTGTAGGCAAGGACAC	TRUE
NIH_Ao_TTGTAGGCACTACAGT	NIH_Ao	TTGTAGGCACTACAGT	SRR11008271	271_TTGTAGGCACTACAGT	TRUE
NIH_Ao_TTGTAGGGTATGAATG	NIH_Ao	TTGTAGGGTATGAATG	SRR11008271	271_TTGTAGGGTATGAATG	TRUE
NIH_Ao_TTGTAGGGTGGTCTCG	NIH_Ao	TTGTAGGGTGGTCTCG	SRR11008271	271_TTGTAGGGTGGTCTCG	TRUE
NIH_Ao_TTTACTGAGCACCGTC	NIH_Ao	TTTACTGAGCACCGTC	SRR11008271	271_TTTACTGAGCACCGTC	TRUE
NIH_Ao_TTTACTGAGCCCTAAT	NIH_Ao	TTTACTGAGCCCTAAT	SRR11008271	271_TTTACTGAGCCCTAAT	TRUE
NIH_Ao_TTTACTGCAAGTAGTA	NIH_Ao	TTTACTGCAAGTAGTA	SRR11008271	271_TTTACTGCAAGTAGTA	TRUE
NIH_Ao_TTTACTGCACGAAGCA	NIH_Ao	TTTACTGCACGAAGCA	SRR11008271	271_TTTACTGCACGAAGCA	TRUE
NIH_Ao_TTTACTGCACTGTCGG	NIH_Ao	TTTACTGCACTGTCGG	SRR11008271	271_TTTACTGCACTGTCGG	TRUE
NIH_Ao_TTTACTGCATGGGAAC	NIH_Ao	TTTACTGCATGGGAAC	SRR11008271	271_TTTACTGCATGGGAAC	TRUE
NIH_Ao_TTTACTGGTATCGCAT	NIH_Ao	TTTACTGGTATCGCAT	SRR11008271	271_TTTACTGGTATCGCAT	TRUE
NIH_Ao_TTTACTGGTCGAAAGC	NIH_Ao	TTTACTGGTCGAAAGC	SRR11008271	271_TTTACTGGTCGAAAGC	TRUE
NIH_Ao_TTTACTGGTTCTCATT	NIH_Ao	TTTACTGGTTCTCATT	SRR11008271	271_TTTACTGGTTCTCATT	TRUE
NIH_Ao_TTTATGCAGCACCGTC	NIH_Ao	TTTATGCAGCACCGTC	SRR11008271	271_TTTATGCAGCACCGTC	TRUE
NIH_Ao_TTTATGCCATCTATGG	NIH_Ao	TTTATGCCATCTATGG	SRR11008271	271_TTTATGCCATCTATGG	TRUE
NIH_Ao_TTTATGCGTAACGACG	NIH_Ao	TTTATGCGTAACGACG	SRR11008271	271_TTTATGCGTAACGACG	TRUE
NIH_Ao_TTTATGCGTACCATCA	NIH_Ao	TTTATGCGTACCATCA	SRR11008271	271_TTTATGCGTACCATCA	TRUE
NIH_Ao_TTTATGCTCGATAGAA	NIH_Ao	TTTATGCTCGATAGAA	SRR11008271	271_TTTATGCTCGATAGAA	TRUE
NIH_Ao_TTTCCTCGTCATGCCG	NIH_Ao	TTTCCTCGTCATGCCG	SRR11008271	271_TTTCCTCGTCATGCCG	TRUE
NIH_Ao_TTTCCTCTCAGGCCCA	NIH_Ao	TTTCCTCTCAGGCCCA	SRR11008271	271_TTTCCTCTCAGGCCCA	TRUE
NIH_Ao_TTTGCGCAGACACTAA	NIH_Ao	TTTGCGCAGACACTAA	SRR11008271	271_TTTGCGCAGACACTAA	TRUE
NIH_Ao_TTTGCGCCACACGCTG	NIH_Ao	TTTGCGCCACACGCTG	SRR11008271	271_TTTGCGCCACACGCTG	TRUE
NIH_Ao_TTTGCGCCACTGCCAG	NIH_Ao	TTTGCGCCACTGCCAG	SRR11008271	271_TTTGCGCCACTGCCAG	TRUE
NIH_Ao_TTTGCGCGTAGATTAG	NIH_Ao	TTTGCGCGTAGATTAG	SRR11008271	271_TTTGCGCGTAGATTAG	TRUE
NIH_Ao_TTTGCGCTCAGCATGT	NIH_Ao	TTTGCGCTCAGCATGT	SRR11008271	271_TTTGCGCTCAGCATGT	TRUE
NIH_Ao_TTTGGTTAGTGGGTTG	NIH_Ao	TTTGGTTAGTGGGTTG	SRR11008271	271_TTTGGTTAGTGGGTTG	TRUE
NIH_Ao_TTTGGTTCAAGGACTG	NIH_Ao	TTTGGTTCAAGGACTG	SRR11008271	271_TTTGGTTCAAGGACTG	TRUE
NIH_Ao_TTTGGTTCATTCCTGC	NIH_Ao	TTTGGTTCATTCCTGC	SRR11008271	271_TTTGGTTCATTCCTGC	TRUE
NIH_Ao_TTTGGTTGTAAGGGCT	NIH_Ao	TTTGGTTGTAAGGGCT	SRR11008271	271_TTTGGTTGTAAGGGCT	TRUE
NIH_Ao_TTTGGTTGTGCAACTT	NIH_Ao	TTTGGTTGTGCAACTT	SRR11008271	271_TTTGGTTGTGCAACTT	TRUE
NIH_Ao_TTTGTCAAGCTGTTCA	NIH_Ao	TTTGTCAAGCTGTTCA	SRR11008271	271_TTTGTCAAGCTGTTCA	TRUE
NIH_Ao_TTTGTCACATTGGGCC	NIH_Ao	TTTGTCACATTGGGCC	SRR11008271	271_TTTGTCACATTGGGCC	TRUE
NIH_Ao_TTTGTCAGTTCCGTCT	NIH_Ao	TTTGTCAGTTCCGTCT	SRR11008271	271_TTTGTCAGTTCCGTCT	TRUE
NIH_Ao_TTTGTCATCCTCTAGC	NIH_Ao	TTTGTCATCCTCTAGC	SRR11008271	271_TTTGTCATCCTCTAGC	TRUE
NIH_CQ_AAACCTGAGATGTAAC	NIH_CQ	AAACCTGAGATGTAAC	SRR11008270	270_AAACCTGAGATGTAAC	TRUE
NIH_CQ_AAACCTGCACGAGGTA	NIH_CQ	AAACCTGCACGAGGTA	SRR11008270	270_AAACCTGCACGAGGTA	TRUE
NIH_CQ_AAACGGGAGTTACGGG	NIH_CQ	AAACGGGAGTTACGGG	SRR11008270	270_AAACGGGAGTTACGGG	TRUE
NIH_CQ_AAAGATGTCCTGCAGG	NIH_CQ	AAAGATGTCCTGCAGG	SRR11008270	270_AAAGATGTCCTGCAGG	TRUE
NIH_CQ_AAAGCAACACGAGGTA	NIH_CQ	AAAGCAACACGAGGTA	SRR11008270	270_AAAGCAACACGAGGTA	TRUE
NIH_CQ_AAAGCAATCACGAAGG	NIH_CQ	AAAGCAATCACGAAGG	SRR11008270	270_AAAGCAATCACGAAGG	TRUE
NIH_CQ_AAAGTAGAGCCATCGC	NIH_CQ	AAAGTAGAGCCATCGC	SRR11008270	270_AAAGTAGAGCCATCGC	TRUE
NIH_CQ_AAAGTAGCACATTTCT	NIH_CQ	AAAGTAGCACATTTCT	SRR11008270	270_AAAGTAGCACATTTCT	TRUE
NIH_CQ_AAAGTAGCAGACACTT	NIH_CQ	AAAGTAGCAGACACTT	SRR11008270	270_AAAGTAGCAGACACTT	TRUE
NIH_CQ_AAATGCCAGGCTCATT	NIH_CQ	AAATGCCAGGCTCATT	SRR11008270	270_AAATGCCAGGCTCATT	TRUE
NIH_CQ_AACCGCGGTCACCTAA	NIH_CQ	AACCGCGGTCACCTAA	SRR11008270	270_AACCGCGGTCACCTAA	TRUE
NIH_CQ_AACCGCGTCATTGCGA	NIH_CQ	AACCGCGTCATTGCGA	SRR11008270	270_AACCGCGTCATTGCGA	TRUE
NIH_CQ_AACTCCCTCGGTCTAA	NIH_CQ	AACTCCCTCGGTCTAA	SRR11008270	270_AACTCCCTCGGTCTAA	TRUE
NIH_CQ_AACTGGTAGTAGGCCA	NIH_CQ	AACTGGTAGTAGGCCA	SRR11008270	270_AACTGGTAGTAGGCCA	TRUE
NIH_CQ_AACTTTCTCGCCAAAT	NIH_CQ	AACTTTCTCGCCAAAT	SRR11008270	270_AACTTTCTCGCCAAAT	TRUE
NIH_CQ_AAGCCGCGTCAGATAA	NIH_CQ	AAGCCGCGTCAGATAA	SRR11008270	270_AAGCCGCGTCAGATAA	TRUE
NIH_CQ_AAGCCGCGTCCGTGAC	NIH_CQ	AAGCCGCGTCCGTGAC	SRR11008270	270_AAGCCGCGTCCGTGAC	TRUE
NIH_CQ_AAGCCGCGTCTCTTTA	NIH_CQ	AAGCCGCGTCTCTTTA	SRR11008270	270_AAGCCGCGTCTCTTTA	TRUE
NIH_CQ_AAGGCAGAGATGTAAC	NIH_CQ	AAGGCAGAGATGTAAC	SRR11008270	270_AAGGCAGAGATGTAAC	TRUE
NIH_CQ_AAGGCAGCACGAAACG	NIH_CQ	AAGGCAGCACGAAACG	SRR11008270	270_AAGGCAGCACGAAACG	TRUE
NIH_CQ_AAGGTTCGTAGCGCTC	NIH_CQ	AAGGTTCGTAGCGCTC	SRR11008270	270_AAGGTTCGTAGCGCTC	TRUE
NIH_CQ_AAGTCTGAGCGATGAC	NIH_CQ	AAGTCTGAGCGATGAC	SRR11008270	270_AAGTCTGAGCGATGAC	TRUE
NIH_CQ_AAGTCTGGTTTAAGCC	NIH_CQ	AAGTCTGGTTTAAGCC	SRR11008270	270_AAGTCTGGTTTAAGCC	TRUE
NIH_CQ_AATCCAGCACAGGCCT	NIH_CQ	AATCCAGCACAGGCCT	SRR11008270	270_AATCCAGCACAGGCCT	TRUE
NIH_CQ_AATCGGTAGGAGTCTG	NIH_CQ	AATCGGTAGGAGTCTG	SRR11008270	270_AATCGGTAGGAGTCTG	TRUE
NIH_CQ_AATCGGTCAAACGCGA	NIH_CQ	AATCGGTCAAACGCGA	SRR11008270	270_AATCGGTCAAACGCGA	TRUE
NIH_CQ_AATCGGTTCTGGTGTA	NIH_CQ	AATCGGTTCTGGTGTA	SRR11008270	270_AATCGGTTCTGGTGTA	TRUE
NIH_CQ_ACACTGAGTCCTCTTG	NIH_CQ	ACACTGAGTCCTCTTG	SRR11008270	270_ACACTGAGTCCTCTTG	TRUE
NIH_CQ_ACACTGAGTGCGAAAC	NIH_CQ	ACACTGAGTGCGAAAC	SRR11008270	270_ACACTGAGTGCGAAAC	TRUE
NIH_CQ_ACACTGATCAACCATG	NIH_CQ	ACACTGATCAACCATG	SRR11008270	270_ACACTGATCAACCATG	TRUE
NIH_CQ_ACAGCTACATGAGCGA	NIH_CQ	ACAGCTACATGAGCGA	SRR11008270	270_ACAGCTACATGAGCGA	TRUE
NIH_CQ_ACATACGAGCAAATCA	NIH_CQ	ACATACGAGCAAATCA	SRR11008270	270_ACATACGAGCAAATCA	TRUE
NIH_CQ_ACATCAGGTCTCTTAT	NIH_CQ	ACATCAGGTCTCTTAT	SRR11008270	270_ACATCAGGTCTCTTAT	TRUE
NIH_CQ_ACATCAGTCTACGAGT	NIH_CQ	ACATCAGTCTACGAGT	SRR11008270	270_ACATCAGTCTACGAGT	TRUE
NIH_CQ_ACATGGTCATTGAGCT	NIH_CQ	ACATGGTCATTGAGCT	SRR11008270	270_ACATGGTCATTGAGCT	TRUE
NIH_CQ_ACCCACTGTTACGTCA	NIH_CQ	ACCCACTGTTACGTCA	SRR11008270	270_ACCCACTGTTACGTCA	TRUE
NIH_CQ_ACCTTTAAGGCCCTTG	NIH_CQ	ACCTTTAAGGCCCTTG	SRR11008270	270_ACCTTTAAGGCCCTTG	TRUE
NIH_CQ_ACCTTTATCCAATGGT	NIH_CQ	ACCTTTATCCAATGGT	SRR11008270	270_ACCTTTATCCAATGGT	TRUE
NIH_CQ_ACGAGGAGTACCGGCT	NIH_CQ	ACGAGGAGTACCGGCT	SRR11008270	270_ACGAGGAGTACCGGCT	TRUE
NIH_CQ_ACGATACAGAGGGATA	NIH_CQ	ACGATACAGAGGGATA	SRR11008270	270_ACGATACAGAGGGATA	TRUE
NIH_CQ_ACGATACCATTCTCAT	NIH_CQ	ACGATACCATTCTCAT	SRR11008270	270_ACGATACCATTCTCAT	TRUE
NIH_CQ_ACGCCGAGTATGCTTG	NIH_CQ	ACGCCGAGTATGCTTG	SRR11008270	270_ACGCCGAGTATGCTTG	TRUE
NIH_CQ_ACGGAGAAGTGCCATT	NIH_CQ	ACGGAGAAGTGCCATT	SRR11008270	270_ACGGAGAAGTGCCATT	TRUE
NIH_CQ_ACGGGCTCACCCAGTG	NIH_CQ	ACGGGCTCACCCAGTG	SRR11008270	270_ACGGGCTCACCCAGTG	TRUE
NIH_CQ_ACGGGTCAGCCACTAT	NIH_CQ	ACGGGTCAGCCACTAT	SRR11008270	270_ACGGGTCAGCCACTAT	TRUE
NIH_CQ_ACGGGTCCAAGGGTCA	NIH_CQ	ACGGGTCCAAGGGTCA	SRR11008270	270_ACGGGTCCAAGGGTCA	TRUE
NIH_CQ_ACGGGTCGTGTATGGG	NIH_CQ	ACGGGTCGTGTATGGG	SRR11008270	270_ACGGGTCGTGTATGGG	TRUE
NIH_CQ_ACGTCAAGTGATAAAC	NIH_CQ	ACGTCAAGTGATAAAC	SRR11008270	270_ACGTCAAGTGATAAAC	TRUE
NIH_CQ_ACTGAGTTCGTGACAT	NIH_CQ	ACTGAGTTCGTGACAT	SRR11008270	270_ACTGAGTTCGTGACAT	TRUE
NIH_CQ_ACTGATGAGAAAGTGG	NIH_CQ	ACTGATGAGAAAGTGG	SRR11008270	270_ACTGATGAGAAAGTGG	TRUE
NIH_CQ_ACTGATGCAAACTGTC	NIH_CQ	ACTGATGCAAACTGTC	SRR11008270	270_ACTGATGCAAACTGTC	TRUE
NIH_CQ_ACTGATGGTACCATCA	NIH_CQ	ACTGATGGTACCATCA	SRR11008270	270_ACTGATGGTACCATCA	TRUE
NIH_CQ_ACTGATGGTAGGCTGA	NIH_CQ	ACTGATGGTAGGCTGA	SRR11008270	270_ACTGATGGTAGGCTGA	TRUE
NIH_CQ_ACTGCTCTCCCTAATT	NIH_CQ	ACTGCTCTCCCTAATT	SRR11008270	270_ACTGCTCTCCCTAATT	TRUE
NIH_CQ_ACTTACTCAAACAACA	NIH_CQ	ACTTACTCAAACAACA	SRR11008270	270_ACTTACTCAAACAACA	TRUE
NIH_CQ_ACTTACTGTGCTCTTC	NIH_CQ	ACTTACTGTGCTCTTC	SRR11008270	270_ACTTACTGTGCTCTTC	TRUE
NIH_CQ_ACTTGTTCAACGCACC	NIH_CQ	ACTTGTTCAACGCACC	SRR11008270	270_ACTTGTTCAACGCACC	TRUE
NIH_CQ_ACTTTCATCAGCGATT	NIH_CQ	ACTTTCATCAGCGATT	SRR11008270	270_ACTTTCATCAGCGATT	TRUE
NIH_CQ_AGAGCTTGTATGCTTG	NIH_CQ	AGAGCTTGTATGCTTG	SRR11008270	270_AGAGCTTGTATGCTTG	TRUE
NIH_CQ_AGAGTGGAGCGATAGC	NIH_CQ	AGAGTGGAGCGATAGC	SRR11008270	270_AGAGTGGAGCGATAGC	TRUE
NIH_CQ_AGCAGCCAGGGCTCTC	NIH_CQ	AGCAGCCAGGGCTCTC	SRR11008270	270_AGCAGCCAGGGCTCTC	TRUE
NIH_CQ_AGCAGCCTCAACACGT	NIH_CQ	AGCAGCCTCAACACGT	SRR11008270	270_AGCAGCCTCAACACGT	TRUE
NIH_CQ_AGCCTAATCCGCAGTG	NIH_CQ	AGCCTAATCCGCAGTG	SRR11008270	270_AGCCTAATCCGCAGTG	TRUE
NIH_CQ_AGCTCTCTCGCAAGCC	NIH_CQ	AGCTCTCTCGCAAGCC	SRR11008270	270_AGCTCTCTCGCAAGCC	TRUE
NIH_CQ_AGCTTGAGTATGGTTC	NIH_CQ	AGCTTGAGTATGGTTC	SRR11008270	270_AGCTTGAGTATGGTTC	TRUE
NIH_CQ_AGCTTGATCGCATGAT	NIH_CQ	AGCTTGATCGCATGAT	SRR11008270	270_AGCTTGATCGCATGAT	TRUE
NIH_CQ_AGGCCGTCAAGTAATG	NIH_CQ	AGGCCGTCAAGTAATG	SRR11008270	270_AGGCCGTCAAGTAATG	TRUE
NIH_CQ_AGGCCGTCAGTGAGTG	NIH_CQ	AGGCCGTCAGTGAGTG	SRR11008270	270_AGGCCGTCAGTGAGTG	TRUE
NIH_CQ_AGGCCGTGTATAGTAG	NIH_CQ	AGGCCGTGTATAGTAG	SRR11008270	270_AGGCCGTGTATAGTAG	TRUE
NIH_CQ_AGGGATGAGTGTACGG	NIH_CQ	AGGGATGAGTGTACGG	SRR11008270	270_AGGGATGAGTGTACGG	TRUE
NIH_CQ_AGGGTGATCAACACGT	NIH_CQ	AGGGTGATCAACACGT	SRR11008270	270_AGGGTGATCAACACGT	TRUE
NIH_CQ_AGGTCCGAGTTCGATC	NIH_CQ	AGGTCCGAGTTCGATC	SRR11008270	270_AGGTCCGAGTTCGATC	TRUE
NIH_CQ_AGGTCCGCAAGGACAC	NIH_CQ	AGGTCCGCAAGGACAC	SRR11008270	270_AGGTCCGCAAGGACAC	TRUE
NIH_CQ_AGGTCCGGTGTTGGGA	NIH_CQ	AGGTCCGGTGTTGGGA	SRR11008270	270_AGGTCCGGTGTTGGGA	TRUE
NIH_CQ_AGGTCCGTCATCGCTC	NIH_CQ	AGGTCCGTCATCGCTC	SRR11008270	270_AGGTCCGTCATCGCTC	TRUE
NIH_CQ_AGGTCCGTCCCATTTA	NIH_CQ	AGGTCCGTCCCATTTA	SRR11008270	270_AGGTCCGTCCCATTTA	TRUE
NIH_CQ_AGTAGTCAGTCCATAC	NIH_CQ	AGTAGTCAGTCCATAC	SRR11008270	270_AGTAGTCAGTCCATAC	TRUE
NIH_CQ_AGTAGTCCATACGCTA	NIH_CQ	AGTAGTCCATACGCTA	SRR11008270	270_AGTAGTCCATACGCTA	TRUE
NIH_CQ_AGTAGTCGTACTCGCG	NIH_CQ	AGTAGTCGTACTCGCG	SRR11008270	270_AGTAGTCGTACTCGCG	TRUE
NIH_CQ_AGTAGTCTCGTACCGG	NIH_CQ	AGTAGTCTCGTACCGG	SRR11008270	270_AGTAGTCTCGTACCGG	TRUE
NIH_CQ_AGTCTTTTCCTTCAAT	NIH_CQ	AGTCTTTTCCTTCAAT	SRR11008270	270_AGTCTTTTCCTTCAAT	TRUE
NIH_CQ_AGTGAGGGTAGCCTCG	NIH_CQ	AGTGAGGGTAGCCTCG	SRR11008270	270_AGTGAGGGTAGCCTCG	TRUE
NIH_CQ_AGTGTCAAGCCGCCTA	NIH_CQ	AGTGTCAAGCCGCCTA	SRR11008270	270_AGTGTCAAGCCGCCTA	TRUE
NIH_CQ_AGTGTCAGTTCCACAA	NIH_CQ	AGTGTCAGTTCCACAA	SRR11008270	270_AGTGTCAGTTCCACAA	TRUE
NIH_CQ_AGTTGGTTCTGACCTC	NIH_CQ	AGTTGGTTCTGACCTC	SRR11008270	270_AGTTGGTTCTGACCTC	TRUE
NIH_CQ_ATAACGCAGACCGGAT	NIH_CQ	ATAACGCAGACCGGAT	SRR11008270	270_ATAACGCAGACCGGAT	TRUE
NIH_CQ_ATAGACCAGTTTAGGA	NIH_CQ	ATAGACCAGTTTAGGA	SRR11008270	270_ATAGACCAGTTTAGGA	TRUE
NIH_CQ_ATCACGACAAGTACCT	NIH_CQ	ATCACGACAAGTACCT	SRR11008270	270_ATCACGACAAGTACCT	TRUE
NIH_CQ_ATCACGAGTGTTAAGA	NIH_CQ	ATCACGAGTGTTAAGA	SRR11008270	270_ATCACGAGTGTTAAGA	TRUE
NIH_CQ_ATCATCTAGGTGTGGT	NIH_CQ	ATCATCTAGGTGTGGT	SRR11008270	270_ATCATCTAGGTGTGGT	TRUE
NIH_CQ_ATCATGGAGCTGGAAC	NIH_CQ	ATCATGGAGCTGGAAC	SRR11008270	270_ATCATGGAGCTGGAAC	TRUE
NIH_CQ_ATCATGGCAAGCCGTC	NIH_CQ	ATCATGGCAAGCCGTC	SRR11008270	270_ATCATGGCAAGCCGTC	TRUE
NIH_CQ_ATCCACCGTACCGTTA	NIH_CQ	ATCCACCGTACCGTTA	SRR11008270	270_ATCCACCGTACCGTTA	TRUE
NIH_CQ_ATCCACCGTAGGGACT	NIH_CQ	ATCCACCGTAGGGACT	SRR11008270	270_ATCCACCGTAGGGACT	TRUE
NIH_CQ_ATCGAGTGTGCGAAAC	NIH_CQ	ATCGAGTGTGCGAAAC	SRR11008270	270_ATCGAGTGTGCGAAAC	TRUE
NIH_CQ_ATCGAGTTCTGTCTCG	NIH_CQ	ATCGAGTTCTGTCTCG	SRR11008270	270_ATCGAGTTCTGTCTCG	TRUE
NIH_CQ_ATCTACTTCACATAGC	NIH_CQ	ATCTACTTCACATAGC	SRR11008270	270_ATCTACTTCACATAGC	TRUE
NIH_CQ_ATCTACTTCCATTCTA	NIH_CQ	ATCTACTTCCATTCTA	SRR11008270	270_ATCTACTTCCATTCTA	TRUE
NIH_CQ_ATCTGCCAGAGTAATC	NIH_CQ	ATCTGCCAGAGTAATC	SRR11008270	270_ATCTGCCAGAGTAATC	TRUE
NIH_CQ_ATCTGCCTCTGATACG	NIH_CQ	ATCTGCCTCTGATACG	SRR11008270	270_ATCTGCCTCTGATACG	TRUE
NIH_CQ_ATGCGATGTACCATCA	NIH_CQ	ATGCGATGTACCATCA	SRR11008270	270_ATGCGATGTACCATCA	TRUE
NIH_CQ_ATGCGATGTGTGACGA	NIH_CQ	ATGCGATGTGTGACGA	SRR11008270	270_ATGCGATGTGTGACGA	TRUE
NIH_CQ_ATGTGTGGTTCGGCAC	NIH_CQ	ATGTGTGGTTCGGCAC	SRR11008270	270_ATGTGTGGTTCGGCAC	TRUE
NIH_CQ_ATTACTCCAAACCTAC	NIH_CQ	ATTACTCCAAACCTAC	SRR11008270	270_ATTACTCCAAACCTAC	TRUE
NIH_CQ_ATTACTCCACTTAAGC	NIH_CQ	ATTACTCCACTTAAGC	SRR11008270	270_ATTACTCCACTTAAGC	TRUE
NIH_CQ_ATTACTCTCAACCAAC	NIH_CQ	ATTACTCTCAACCAAC	SRR11008270	270_ATTACTCTCAACCAAC	TRUE
NIH_CQ_ATTACTCTCTTGAGGT	NIH_CQ	ATTACTCTCTTGAGGT	SRR11008270	270_ATTACTCTCTTGAGGT	TRUE
NIH_CQ_ATTCTACTCGTAGGTT	NIH_CQ	ATTCTACTCGTAGGTT	SRR11008270	270_ATTCTACTCGTAGGTT	TRUE
NIH_CQ_ATTGGACGTCGGATCC	NIH_CQ	ATTGGACGTCGGATCC	SRR11008270	270_ATTGGACGTCGGATCC	TRUE
NIH_CQ_ATTGGACTCTGTGCAA	NIH_CQ	ATTGGACTCTGTGCAA	SRR11008270	270_ATTGGACTCTGTGCAA	TRUE
NIH_CQ_ATTGGTGGTTGTGGCC	NIH_CQ	ATTGGTGGTTGTGGCC	SRR11008270	270_ATTGGTGGTTGTGGCC	TRUE
NIH_CQ_ATTTCTGAGGACGAAA	NIH_CQ	ATTTCTGAGGACGAAA	SRR11008270	270_ATTTCTGAGGACGAAA	TRUE
NIH_CQ_ATTTCTGTCCTACAGA	NIH_CQ	ATTTCTGTCCTACAGA	SRR11008270	270_ATTTCTGTCCTACAGA	TRUE
NIH_CQ_CAACCAAGTATAATGG	NIH_CQ	CAACCAAGTATAATGG	SRR11008270	270_CAACCAAGTATAATGG	TRUE
NIH_CQ_CAACCAATCGGCGGTT	NIH_CQ	CAACCAATCGGCGGTT	SRR11008270	270_CAACCAATCGGCGGTT	TRUE
NIH_CQ_CAACCTCTCAACGGGA	NIH_CQ	CAACCTCTCAACGGGA	SRR11008270	270_CAACCTCTCAACGGGA	TRUE
NIH_CQ_CAAGGCCCAAACGCGA	NIH_CQ	CAAGGCCCAAACGCGA	SRR11008270	270_CAAGGCCCAAACGCGA	TRUE
NIH_CQ_CAAGGCCTCACAGGCC	NIH_CQ	CAAGGCCTCACAGGCC	SRR11008270	270_CAAGGCCTCACAGGCC	TRUE
NIH_CQ_CACAAACTCTATCCCG	NIH_CQ	CACAAACTCTATCCCG	SRR11008270	270_CACAAACTCTATCCCG	TRUE
NIH_CQ_CACACCTTCAAACCGT	NIH_CQ	CACACCTTCAAACCGT	SRR11008270	270_CACACCTTCAAACCGT	TRUE
NIH_CQ_CACAGGCAGCAGATCG	NIH_CQ	CACAGGCAGCAGATCG	SRR11008270	270_CACAGGCAGCAGATCG	TRUE
NIH_CQ_CACAGGCTCAGCAACT	NIH_CQ	CACAGGCTCAGCAACT	SRR11008270	270_CACAGGCTCAGCAACT	TRUE
NIH_CQ_CACAGGCTCCATGCTC	NIH_CQ	CACAGGCTCCATGCTC	SRR11008270	270_CACAGGCTCCATGCTC	TRUE
NIH_CQ_CACAGTATCGCTGATA	NIH_CQ	CACAGTATCGCTGATA	SRR11008270	270_CACAGTATCGCTGATA	TRUE
NIH_CQ_CACATAGAGCTCCTCT	NIH_CQ	CACATAGAGCTCCTCT	SRR11008270	270_CACATAGAGCTCCTCT	TRUE
NIH_CQ_CACATAGGTCGCTTCT	NIH_CQ	CACATAGGTCGCTTCT	SRR11008270	270_CACATAGGTCGCTTCT	TRUE
NIH_CQ_CACATAGGTCTTGTCC	NIH_CQ	CACATAGGTCTTGTCC	SRR11008270	270_CACATAGGTCTTGTCC	TRUE
NIH_CQ_CACATAGGTTCTGAAC	NIH_CQ	CACATAGGTTCTGAAC	SRR11008270	270_CACATAGGTTCTGAAC	TRUE
NIH_CQ_CACATAGTCAGGCAAG	NIH_CQ	CACATAGTCAGGCAAG	SRR11008270	270_CACATAGTCAGGCAAG	TRUE
NIH_CQ_CACATTTGTCTTGCGG	NIH_CQ	CACATTTGTCTTGCGG	SRR11008270	270_CACATTTGTCTTGCGG	TRUE
NIH_CQ_CACATTTTCTGTTGAG	NIH_CQ	CACATTTTCTGTTGAG	SRR11008270	270_CACATTTTCTGTTGAG	TRUE
NIH_CQ_CACCAGGCACCATCCT	NIH_CQ	CACCAGGCACCATCCT	SRR11008270	270_CACCAGGCACCATCCT	TRUE
NIH_CQ_CACCAGGCAGCGTTCG	NIH_CQ	CACCAGGCAGCGTTCG	SRR11008270	270_CACCAGGCAGCGTTCG	TRUE
NIH_CQ_CACCTTGGTGGCCCTA	NIH_CQ	CACCTTGGTGGCCCTA	SRR11008270	270_CACCTTGGTGGCCCTA	TRUE
NIH_CQ_CAGAATCAGGCCCTTG	NIH_CQ	CAGAATCAGGCCCTTG	SRR11008270	270_CAGAATCAGGCCCTTG	TRUE
NIH_CQ_CAGAATCTCTACTTAC	NIH_CQ	CAGAATCTCTACTTAC	SRR11008270	270_CAGAATCTCTACTTAC	TRUE
NIH_CQ_CAGAATCTCTTTAGGG	NIH_CQ	CAGAATCTCTTTAGGG	SRR11008270	270_CAGAATCTCTTTAGGG	TRUE
NIH_CQ_CAGAGAGAGAGTCTGG	NIH_CQ	CAGAGAGAGAGTCTGG	SRR11008270	270_CAGAGAGAGAGTCTGG	TRUE
NIH_CQ_CAGATCAAGAACTCGG	NIH_CQ	CAGATCAAGAACTCGG	SRR11008270	270_CAGATCAAGAACTCGG	TRUE
NIH_CQ_CAGATCACAAGGCTCC	NIH_CQ	CAGATCACAAGGCTCC	SRR11008270	270_CAGATCACAAGGCTCC	TRUE
NIH_CQ_CAGATCATCTCGAGTA	NIH_CQ	CAGATCATCTCGAGTA	SRR11008270	270_CAGATCATCTCGAGTA	TRUE
NIH_CQ_CAGCAGCCACAGATTC	NIH_CQ	CAGCAGCCACAGATTC	SRR11008270	270_CAGCAGCCACAGATTC	TRUE
NIH_CQ_CAGCAGCGTATTAGCC	NIH_CQ	CAGCAGCGTATTAGCC	SRR11008270	270_CAGCAGCGTATTAGCC	TRUE
NIH_CQ_CAGCATAAGAATTCCC	NIH_CQ	CAGCATAAGAATTCCC	SRR11008270	270_CAGCATAAGAATTCCC	TRUE
NIH_CQ_CAGCATAAGCACCGTC	NIH_CQ	CAGCATAAGCACCGTC	SRR11008270	270_CAGCATAAGCACCGTC	TRUE
NIH_CQ_CAGCGACTCGCCGTGA	NIH_CQ	CAGCGACTCGCCGTGA	SRR11008270	270_CAGCGACTCGCCGTGA	TRUE
NIH_CQ_CAGCTAATCCATGAGT	NIH_CQ	CAGCTAATCCATGAGT	SRR11008270	270_CAGCTAATCCATGAGT	TRUE
NIH_CQ_CAGGTGCCACGAAACG	NIH_CQ	CAGGTGCCACGAAACG	SRR11008270	270_CAGGTGCCACGAAACG	TRUE
NIH_CQ_CAGTAACGTCAGAATA	NIH_CQ	CAGTAACGTCAGAATA	SRR11008270	270_CAGTAACGTCAGAATA	TRUE
NIH_CQ_CAGTAACGTTGCCTCT	NIH_CQ	CAGTAACGTTGCCTCT	SRR11008270	270_CAGTAACGTTGCCTCT	TRUE
NIH_CQ_CAGTCCTTCAACACGT	NIH_CQ	CAGTCCTTCAACACGT	SRR11008270	270_CAGTCCTTCAACACGT	TRUE
NIH_CQ_CATCAAGCAGTCAGCC	NIH_CQ	CATCAAGCAGTCAGCC	SRR11008270	270_CATCAAGCAGTCAGCC	TRUE
NIH_CQ_CATGACAAGGAGCGAG	NIH_CQ	CATGACAAGGAGCGAG	SRR11008270	270_CATGACAAGGAGCGAG	TRUE
NIH_CQ_CATGCCTTCCTTTACA	NIH_CQ	CATGCCTTCCTTTACA	SRR11008270	270_CATGCCTTCCTTTACA	TRUE
NIH_CQ_CATGGCGAGCGTTTAC	NIH_CQ	CATGGCGAGCGTTTAC	SRR11008270	270_CATGGCGAGCGTTTAC	TRUE
NIH_CQ_CATGGCGCAGACGCAA	NIH_CQ	CATGGCGCAGACGCAA	SRR11008270	270_CATGGCGCAGACGCAA	TRUE
NIH_CQ_CATGGCGCAGGGATTG	NIH_CQ	CATGGCGCAGGGATTG	SRR11008270	270_CATGGCGCAGGGATTG	TRUE
NIH_CQ_CATGGCGGTCTGATTG	NIH_CQ	CATGGCGGTCTGATTG	SRR11008270	270_CATGGCGGTCTGATTG	TRUE
NIH_CQ_CATTATCCACTTGGAT	NIH_CQ	CATTATCCACTTGGAT	SRR11008270	270_CATTATCCACTTGGAT	TRUE
NIH_CQ_CATTCGCAGATGTAAC	NIH_CQ	CATTCGCAGATGTAAC	SRR11008270	270_CATTCGCAGATGTAAC	TRUE
NIH_CQ_CATTCGCGTTTCGCTC	NIH_CQ	CATTCGCGTTTCGCTC	SRR11008270	270_CATTCGCGTTTCGCTC	TRUE
NIH_CQ_CCAATCCAGATAGGAG	NIH_CQ	CCAATCCAGATAGGAG	SRR11008270	270_CCAATCCAGATAGGAG	TRUE
NIH_CQ_CCAATCCAGTCTCAAC	NIH_CQ	CCAATCCAGTCTCAAC	SRR11008270	270_CCAATCCAGTCTCAAC	TRUE
NIH_CQ_CCAATCCTCTACTTAC	NIH_CQ	CCAATCCTCTACTTAC	SRR11008270	270_CCAATCCTCTACTTAC	TRUE
NIH_CQ_CCACCTAAGAAGGTGA	NIH_CQ	CCACCTAAGAAGGTGA	SRR11008270	270_CCACCTAAGAAGGTGA	TRUE
NIH_CQ_CCACCTAAGTGTACCT	NIH_CQ	CCACCTAAGTGTACCT	SRR11008270	270_CCACCTAAGTGTACCT	TRUE
NIH_CQ_CCACCTATCTCTAAGG	NIH_CQ	CCACCTATCTCTAAGG	SRR11008270	270_CCACCTATCTCTAAGG	TRUE
NIH_CQ_CCCAATCCACGGATAG	NIH_CQ	CCCAATCCACGGATAG	SRR11008270	270_CCCAATCCACGGATAG	TRUE
NIH_CQ_CCCAATCTCACTGGGC	NIH_CQ	CCCAATCTCACTGGGC	SRR11008270	270_CCCAATCTCACTGGGC	TRUE
NIH_CQ_CCCAATCTCTACCTGC	NIH_CQ	CCCAATCTCTACCTGC	SRR11008270	270_CCCAATCTCTACCTGC	TRUE
NIH_CQ_CCCAGTTTCGGAGGTA	NIH_CQ	CCCAGTTTCGGAGGTA	SRR11008270	270_CCCAGTTTCGGAGGTA	TRUE
NIH_CQ_CCCATACAGAGGTAGA	NIH_CQ	CCCATACAGAGGTAGA	SRR11008270	270_CCCATACAGAGGTAGA	TRUE
NIH_CQ_CCCATACCACTGCCAG	NIH_CQ	CCCATACCACTGCCAG	SRR11008270	270_CCCATACCACTGCCAG	TRUE
NIH_CQ_CCCATACGTCTAACGT	NIH_CQ	CCCATACGTCTAACGT	SRR11008270	270_CCCATACGTCTAACGT	TRUE
NIH_CQ_CCCTCCTCAATCTGCA	NIH_CQ	CCCTCCTCAATCTGCA	SRR11008270	270_CCCTCCTCAATCTGCA	TRUE
NIH_CQ_CCGGGATCAGCGATCC	NIH_CQ	CCGGGATCAGCGATCC	SRR11008270	270_CCGGGATCAGCGATCC	TRUE
NIH_CQ_CCGGTAGGTGTCAATC	NIH_CQ	CCGGTAGGTGTCAATC	SRR11008270	270_CCGGTAGGTGTCAATC	TRUE
NIH_CQ_CCGTGGATCAACGCTA	NIH_CQ	CCGTGGATCAACGCTA	SRR11008270	270_CCGTGGATCAACGCTA	TRUE
NIH_CQ_CCGTGGATCGCCGTGA	NIH_CQ	CCGTGGATCGCCGTGA	SRR11008270	270_CCGTGGATCGCCGTGA	TRUE
NIH_CQ_CCTAAAGTCCGAGCCA	NIH_CQ	CCTAAAGTCCGAGCCA	SRR11008270	270_CCTAAAGTCCGAGCCA	TRUE
NIH_CQ_CCTACACGTTTCGCTC	NIH_CQ	CCTACACGTTTCGCTC	SRR11008270	270_CCTACACGTTTCGCTC	TRUE
NIH_CQ_CCTCAGTGTGTGCCTG	NIH_CQ	CCTCAGTGTGTGCCTG	SRR11008270	270_CCTCAGTGTGTGCCTG	TRUE
NIH_CQ_CCTCAGTTCACAAACC	NIH_CQ	CCTCAGTTCACAAACC	SRR11008270	270_CCTCAGTTCACAAACC	TRUE
NIH_CQ_CCTTACGAGCCAGGAT	NIH_CQ	CCTTACGAGCCAGGAT	SRR11008270	270_CCTTACGAGCCAGGAT	TRUE
NIH_CQ_CCTTACGTCAACACAC	NIH_CQ	CCTTACGTCAACACAC	SRR11008270	270_CCTTACGTCAACACAC	TRUE
NIH_CQ_CCTTACGTCATCGCTC	NIH_CQ	CCTTACGTCATCGCTC	SRR11008270	270_CCTTACGTCATCGCTC	TRUE
NIH_CQ_CCTTCCCTCTGTCTAT	NIH_CQ	CCTTCCCTCTGTCTAT	SRR11008270	270_CCTTCCCTCTGTCTAT	TRUE
NIH_CQ_CCTTCGATCGTTTATC	NIH_CQ	CCTTCGATCGTTTATC	SRR11008270	270_CCTTCGATCGTTTATC	TRUE
NIH_CQ_CCTTTCTAGACCTAGG	NIH_CQ	CCTTTCTAGACCTAGG	SRR11008270	270_CCTTTCTAGACCTAGG	TRUE
NIH_CQ_CCTTTCTGTACAGCAG	NIH_CQ	CCTTTCTGTACAGCAG	SRR11008270	270_CCTTTCTGTACAGCAG	TRUE
NIH_CQ_CGACCTTAGGTCATCT	NIH_CQ	CGACCTTAGGTCATCT	SRR11008270	270_CGACCTTAGGTCATCT	TRUE
NIH_CQ_CGACCTTCACAAGTAA	NIH_CQ	CGACCTTCACAAGTAA	SRR11008270	270_CGACCTTCACAAGTAA	TRUE
NIH_CQ_CGACTTCAGTGATCGG	NIH_CQ	CGACTTCAGTGATCGG	SRR11008270	270_CGACTTCAGTGATCGG	TRUE
NIH_CQ_CGACTTCGTGGCCCTA	NIH_CQ	CGACTTCGTGGCCCTA	SRR11008270	270_CGACTTCGTGGCCCTA	TRUE
NIH_CQ_CGAGAAGTCGTCCAGG	NIH_CQ	CGAGAAGTCGTCCAGG	SRR11008270	270_CGAGAAGTCGTCCAGG	TRUE
NIH_CQ_CGATCGGGTCAGCTAT	NIH_CQ	CGATCGGGTCAGCTAT	SRR11008270	270_CGATCGGGTCAGCTAT	TRUE
NIH_CQ_CGATGTACATCACAAC	NIH_CQ	CGATGTACATCACAAC	SRR11008270	270_CGATGTACATCACAAC	TRUE
NIH_CQ_CGATGTATCCTGCAGG	NIH_CQ	CGATGTATCCTGCAGG	SRR11008270	270_CGATGTATCCTGCAGG	TRUE
NIH_CQ_CGATTGAAGAGCTGGT	NIH_CQ	CGATTGAAGAGCTGGT	SRR11008270	270_CGATTGAAGAGCTGGT	TRUE
NIH_CQ_CGATTGATCTCGGACG	NIH_CQ	CGATTGATCTCGGACG	SRR11008270	270_CGATTGATCTCGGACG	TRUE
NIH_CQ_CGCCAAGCAGCCTGTG	NIH_CQ	CGCCAAGCAGCCTGTG	SRR11008270	270_CGCCAAGCAGCCTGTG	TRUE
NIH_CQ_CGCGGTAAGGCATGTG	NIH_CQ	CGCGGTAAGGCATGTG	SRR11008270	270_CGCGGTAAGGCATGTG	TRUE
NIH_CQ_CGCGTTTCATCTATGG	NIH_CQ	CGCGTTTCATCTATGG	SRR11008270	270_CGCGTTTCATCTATGG	TRUE
NIH_CQ_CGCTTCATCTTCGGTC	NIH_CQ	CGCTTCATCTTCGGTC	SRR11008270	270_CGCTTCATCTTCGGTC	TRUE
NIH_CQ_CGGACACTCATGTGGT	NIH_CQ	CGGACACTCATGTGGT	SRR11008270	270_CGGACACTCATGTGGT	TRUE
NIH_CQ_CGGACACTCTCGTTTA	NIH_CQ	CGGACACTCTCGTTTA	SRR11008270	270_CGGACACTCTCGTTTA	TRUE
NIH_CQ_CGGACGTAGGAGTTTA	NIH_CQ	CGGACGTAGGAGTTTA	SRR11008270	270_CGGACGTAGGAGTTTA	TRUE
NIH_CQ_CGGACTGAGGTTCCTA	NIH_CQ	CGGACTGAGGTTCCTA	SRR11008270	270_CGGACTGAGGTTCCTA	TRUE
NIH_CQ_CGGACTGAGTCATGCT	NIH_CQ	CGGACTGAGTCATGCT	SRR11008270	270_CGGACTGAGTCATGCT	TRUE
NIH_CQ_CGGACTGCATTCTCAT	NIH_CQ	CGGACTGCATTCTCAT	SRR11008270	270_CGGACTGCATTCTCAT	TRUE
NIH_CQ_CGGAGCTGTCAGTGGA	NIH_CQ	CGGAGCTGTCAGTGGA	SRR11008270	270_CGGAGCTGTCAGTGGA	TRUE
NIH_CQ_CGGAGCTGTCATATCG	NIH_CQ	CGGAGCTGTCATATCG	SRR11008270	270_CGGAGCTGTCATATCG	TRUE
NIH_CQ_CGGAGCTTCAGCATGT	NIH_CQ	CGGAGCTTCAGCATGT	SRR11008270	270_CGGAGCTTCAGCATGT	TRUE
NIH_CQ_CGGAGTCCAGCTGCTG	NIH_CQ	CGGAGTCCAGCTGCTG	SRR11008270	270_CGGAGTCCAGCTGCTG	TRUE
NIH_CQ_CGGCTAGAGTAGCCGA	NIH_CQ	CGGCTAGAGTAGCCGA	SRR11008270	270_CGGCTAGAGTAGCCGA	TRUE
NIH_CQ_CGGCTAGCACATGGGA	NIH_CQ	CGGCTAGCACATGGGA	SRR11008270	270_CGGCTAGCACATGGGA	TRUE
NIH_CQ_CGGCTAGTCACGACTA	NIH_CQ	CGGCTAGTCACGACTA	SRR11008270	270_CGGCTAGTCACGACTA	TRUE
NIH_CQ_CGGTTAAGTCACTTCC	NIH_CQ	CGGTTAAGTCACTTCC	SRR11008270	270_CGGTTAAGTCACTTCC	TRUE
NIH_CQ_CGTAGGCGTCTTCGTC	NIH_CQ	CGTAGGCGTCTTCGTC	SRR11008270	270_CGTAGGCGTCTTCGTC	TRUE
NIH_CQ_CGTCAGGTCCATGAAC	NIH_CQ	CGTCAGGTCCATGAAC	SRR11008270	270_CGTCAGGTCCATGAAC	TRUE
NIH_CQ_CGTCCATCAAGCCATT	NIH_CQ	CGTCCATCAAGCCATT	SRR11008270	270_CGTCCATCAAGCCATT	TRUE
NIH_CQ_CGTCTACAGCGCCTCA	NIH_CQ	CGTCTACAGCGCCTCA	SRR11008270	270_CGTCTACAGCGCCTCA	TRUE
NIH_CQ_CGTGAGCGTAATCGTC	NIH_CQ	CGTGAGCGTAATCGTC	SRR11008270	270_CGTGAGCGTAATCGTC	TRUE
NIH_CQ_CGTGAGCGTTAAGTAG	NIH_CQ	CGTGAGCGTTAAGTAG	SRR11008270	270_CGTGAGCGTTAAGTAG	TRUE
NIH_CQ_CGTGAGCGTTACTGAC	NIH_CQ	CGTGAGCGTTACTGAC	SRR11008270	270_CGTGAGCGTTACTGAC	TRUE
NIH_CQ_CGTGAGCTCATGTCCC	NIH_CQ	CGTGAGCTCATGTCCC	SRR11008270	270_CGTGAGCTCATGTCCC	TRUE
NIH_CQ_CGTGTAACAAACTGTC	NIH_CQ	CGTGTAACAAACTGTC	SRR11008270	270_CGTGTAACAAACTGTC	TRUE
NIH_CQ_CGTGTAAGTCCGTCAG	NIH_CQ	CGTGTAAGTCCGTCAG	SRR11008270	270_CGTGTAAGTCCGTCAG	TRUE
NIH_CQ_CGTGTAATCTGTTGAG	NIH_CQ	CGTGTAATCTGTTGAG	SRR11008270	270_CGTGTAATCTGTTGAG	TRUE
NIH_CQ_CGTGTCTAGGAACTGC	NIH_CQ	CGTGTCTAGGAACTGC	SRR11008270	270_CGTGTCTAGGAACTGC	TRUE
NIH_CQ_CGTGTCTTCACGCATA	NIH_CQ	CGTGTCTTCACGCATA	SRR11008270	270_CGTGTCTTCACGCATA	TRUE
NIH_CQ_CGTGTCTTCGTCCGTT	NIH_CQ	CGTGTCTTCGTCCGTT	SRR11008270	270_CGTGTCTTCGTCCGTT	TRUE
NIH_CQ_CGTTAGACAGTCGTGC	NIH_CQ	CGTTAGACAGTCGTGC	SRR11008270	270_CGTTAGACAGTCGTGC	TRUE
NIH_CQ_CGTTGGGCACCAGCAC	NIH_CQ	CGTTGGGCACCAGCAC	SRR11008270	270_CGTTGGGCACCAGCAC	TRUE
NIH_CQ_CGTTGGGTCGTGGACC	NIH_CQ	CGTTGGGTCGTGGACC	SRR11008270	270_CGTTGGGTCGTGGACC	TRUE
NIH_CQ_CTAACTTCATCACGAT	NIH_CQ	CTAACTTCATCACGAT	SRR11008270	270_CTAACTTCATCACGAT	TRUE
NIH_CQ_CTAACTTTCAGGCCCA	NIH_CQ	CTAACTTTCAGGCCCA	SRR11008270	270_CTAACTTTCAGGCCCA	TRUE
NIH_CQ_CTAACTTTCCGGGTGT	NIH_CQ	CTAACTTTCCGGGTGT	SRR11008270	270_CTAACTTTCCGGGTGT	TRUE
NIH_CQ_CTAAGACGTTCCACTC	NIH_CQ	CTAAGACGTTCCACTC	SRR11008270	270_CTAAGACGTTCCACTC	TRUE
NIH_CQ_CTAAGACTCAGGCGAA	NIH_CQ	CTAAGACTCAGGCGAA	SRR11008270	270_CTAAGACTCAGGCGAA	TRUE
NIH_CQ_CTAATGGCAACTGGCC	NIH_CQ	CTAATGGCAACTGGCC	SRR11008270	270_CTAATGGCAACTGGCC	TRUE
NIH_CQ_CTAATGGCATGACGGA	NIH_CQ	CTAATGGCATGACGGA	SRR11008270	270_CTAATGGCATGACGGA	TRUE
NIH_CQ_CTAATGGCATGCATGT	NIH_CQ	CTAATGGCATGCATGT	SRR11008270	270_CTAATGGCATGCATGT	TRUE
NIH_CQ_CTAATGGCATTGCGGC	NIH_CQ	CTAATGGCATTGCGGC	SRR11008270	270_CTAATGGCATTGCGGC	TRUE
NIH_CQ_CTACACCGTCAAACTC	NIH_CQ	CTACACCGTCAAACTC	SRR11008270	270_CTACACCGTCAAACTC	TRUE
NIH_CQ_CTACATTCATCCGTGG	NIH_CQ	CTACATTCATCCGTGG	SRR11008270	270_CTACATTCATCCGTGG	TRUE
NIH_CQ_CTACATTGTACGAAAT	NIH_CQ	CTACATTGTACGAAAT	SRR11008270	270_CTACATTGTACGAAAT	TRUE
NIH_CQ_CTACATTTCCGCGGTA	NIH_CQ	CTACATTTCCGCGGTA	SRR11008270	270_CTACATTTCCGCGGTA	TRUE
NIH_CQ_CTACATTTCCGTCATC	NIH_CQ	CTACATTTCCGTCATC	SRR11008270	270_CTACATTTCCGTCATC	TRUE
NIH_CQ_CTACCCACAAGCGCTC	NIH_CQ	CTACCCACAAGCGCTC	SRR11008270	270_CTACCCACAAGCGCTC	TRUE
NIH_CQ_CTACGTCTCAACGGGA	NIH_CQ	CTACGTCTCAACGGGA	SRR11008270	270_CTACGTCTCAACGGGA	TRUE
NIH_CQ_CTAGAGTCAGCGTAAG	NIH_CQ	CTAGAGTCAGCGTAAG	SRR11008270	270_CTAGAGTCAGCGTAAG	TRUE
NIH_CQ_CTAGTGAGTGTCTGAT	NIH_CQ	CTAGTGAGTGTCTGAT	SRR11008270	270_CTAGTGAGTGTCTGAT	TRUE
NIH_CQ_CTAGTGATCGGTCTAA	NIH_CQ	CTAGTGATCGGTCTAA	SRR11008270	270_CTAGTGATCGGTCTAA	TRUE
NIH_CQ_CTCACACAGAGGGCTT	NIH_CQ	CTCACACAGAGGGCTT	SRR11008270	270_CTCACACAGAGGGCTT	TRUE
NIH_CQ_CTCACACAGGTTACCT	NIH_CQ	CTCACACAGGTTACCT	SRR11008270	270_CTCACACAGGTTACCT	TRUE
NIH_CQ_CTCACACAGTGGAGAA	NIH_CQ	CTCACACAGTGGAGAA	SRR11008270	270_CTCACACAGTGGAGAA	TRUE
NIH_CQ_CTCACACTCTGTCAAG	NIH_CQ	CTCACACTCTGTCAAG	SRR11008270	270_CTCACACTCTGTCAAG	TRUE
NIH_CQ_CTCAGAACAGAGCCAA	NIH_CQ	CTCAGAACAGAGCCAA	SRR11008270	270_CTCAGAACAGAGCCAA	TRUE
NIH_CQ_CTCAGAAGTTCAGCGC	NIH_CQ	CTCAGAAGTTCAGCGC	SRR11008270	270_CTCAGAAGTTCAGCGC	TRUE
NIH_CQ_CTCATTAAGCCAACAG	NIH_CQ	CTCATTAAGCCAACAG	SRR11008270	270_CTCATTAAGCCAACAG	TRUE
NIH_CQ_CTCATTACAATGGATA	NIH_CQ	CTCATTACAATGGATA	SRR11008270	270_CTCATTACAATGGATA	TRUE
NIH_CQ_CTCATTACACTCGACG	NIH_CQ	CTCATTACACTCGACG	SRR11008270	270_CTCATTACACTCGACG	TRUE
NIH_CQ_CTCATTAGTCTGATCA	NIH_CQ	CTCATTAGTCTGATCA	SRR11008270	270_CTCATTAGTCTGATCA	TRUE
NIH_CQ_CTCCTAGAGAACTCGG	NIH_CQ	CTCCTAGAGAACTCGG	SRR11008270	270_CTCCTAGAGAACTCGG	TRUE
NIH_CQ_CTCCTAGCATCCTTGC	NIH_CQ	CTCCTAGCATCCTTGC	SRR11008270	270_CTCCTAGCATCCTTGC	TRUE
NIH_CQ_CTCCTAGGTCATGCCG	NIH_CQ	CTCCTAGGTCATGCCG	SRR11008270	270_CTCCTAGGTCATGCCG	TRUE
NIH_CQ_CTCCTAGGTCCGAAGA	NIH_CQ	CTCCTAGGTCCGAAGA	SRR11008270	270_CTCCTAGGTCCGAAGA	TRUE
NIH_CQ_CTCCTAGTCAAGGCTT	NIH_CQ	CTCCTAGTCAAGGCTT	SRR11008270	270_CTCCTAGTCAAGGCTT	TRUE
NIH_CQ_CTCGAAAAGCCGCCTA	NIH_CQ	CTCGAAAAGCCGCCTA	SRR11008270	270_CTCGAAAAGCCGCCTA	TRUE
NIH_CQ_CTCGAGGAGTGGTAGC	NIH_CQ	CTCGAGGAGTGGTAGC	SRR11008270	270_CTCGAGGAGTGGTAGC	TRUE
NIH_CQ_CTCGAGGCATATACCG	NIH_CQ	CTCGAGGCATATACCG	SRR11008270	270_CTCGAGGCATATACCG	TRUE
NIH_CQ_CTCGAGGTCTTGAGAC	NIH_CQ	CTCGAGGTCTTGAGAC	SRR11008270	270_CTCGAGGTCTTGAGAC	TRUE
NIH_CQ_CTCGGAGTCAAACAAG	NIH_CQ	CTCGGAGTCAAACAAG	SRR11008270	270_CTCGGAGTCAAACAAG	TRUE
NIH_CQ_CTCGGAGTCCTATGTT	NIH_CQ	CTCGGAGTCCTATGTT	SRR11008270	270_CTCGGAGTCCTATGTT	TRUE
NIH_CQ_CTCGGAGTCGATAGAA	NIH_CQ	CTCGGAGTCGATAGAA	SRR11008270	270_CTCGGAGTCGATAGAA	TRUE
NIH_CQ_CTCGGGACAGGGCATA	NIH_CQ	CTCGGGACAGGGCATA	SRR11008270	270_CTCGGGACAGGGCATA	TRUE
NIH_CQ_CTCGGGAGTACGACCC	NIH_CQ	CTCGGGAGTACGACCC	SRR11008270	270_CTCGGGAGTACGACCC	TRUE
NIH_CQ_CTCGTACGTTTGTTGG	NIH_CQ	CTCGTACGTTTGTTGG	SRR11008270	270_CTCGTACGTTTGTTGG	TRUE
NIH_CQ_CTCTAATTCGCGATCG	NIH_CQ	CTCTAATTCGCGATCG	SRR11008270	270_CTCTAATTCGCGATCG	TRUE
NIH_CQ_CTCTACGCAGCTCGAC	NIH_CQ	CTCTACGCAGCTCGAC	SRR11008270	270_CTCTACGCAGCTCGAC	TRUE
NIH_CQ_CTCTACGCAGGAACGT	NIH_CQ	CTCTACGCAGGAACGT	SRR11008270	270_CTCTACGCAGGAACGT	TRUE
NIH_CQ_CTCTACGCATGCCACG	NIH_CQ	CTCTACGCATGCCACG	SRR11008270	270_CTCTACGCATGCCACG	TRUE
NIH_CQ_CTCTACGGTTACTGAC	NIH_CQ	CTCTACGGTTACTGAC	SRR11008270	270_CTCTACGGTTACTGAC	TRUE
NIH_CQ_CTCTACGTCTCCGGTT	NIH_CQ	CTCTACGTCTCCGGTT	SRR11008270	270_CTCTACGTCTCCGGTT	TRUE
NIH_CQ_CTCTGGTAGAATTGTG	NIH_CQ	CTCTGGTAGAATTGTG	SRR11008270	270_CTCTGGTAGAATTGTG	TRUE
NIH_CQ_CTCTGGTGTGAGGGAG	NIH_CQ	CTCTGGTGTGAGGGAG	SRR11008270	270_CTCTGGTGTGAGGGAG	TRUE
NIH_CQ_CTGAAACGTAAGGATT	NIH_CQ	CTGAAACGTAAGGATT	SRR11008270	270_CTGAAACGTAAGGATT	TRUE
NIH_CQ_CTGATAGAGCCCAATT	NIH_CQ	CTGATAGAGCCCAATT	SRR11008270	270_CTGATAGAGCCCAATT	TRUE
NIH_CQ_CTGATAGCATGGTCTA	NIH_CQ	CTGATAGCATGGTCTA	SRR11008270	270_CTGATAGCATGGTCTA	TRUE
NIH_CQ_CTGATAGGTACCGAGA	NIH_CQ	CTGATAGGTACCGAGA	SRR11008270	270_CTGATAGGTACCGAGA	TRUE
NIH_CQ_CTGATCCCAGCTGTGC	NIH_CQ	CTGATCCCAGCTGTGC	SRR11008270	270_CTGATCCCAGCTGTGC	TRUE
NIH_CQ_CTGCGGAAGTACGACG	NIH_CQ	CTGCGGAAGTACGACG	SRR11008270	270_CTGCGGAAGTACGACG	TRUE
NIH_CQ_CTGCGGAAGTCCATAC	NIH_CQ	CTGCGGAAGTCCATAC	SRR11008270	270_CTGCGGAAGTCCATAC	TRUE
NIH_CQ_CTGCGGATCAACGGGA	NIH_CQ	CTGCGGATCAACGGGA	SRR11008270	270_CTGCGGATCAACGGGA	TRUE
NIH_CQ_CTGCGGATCGCAGGCT	NIH_CQ	CTGCGGATCGCAGGCT	SRR11008270	270_CTGCGGATCGCAGGCT	TRUE
NIH_CQ_CTGCTGTAGCCACCTG	NIH_CQ	CTGCTGTAGCCACCTG	SRR11008270	270_CTGCTGTAGCCACCTG	TRUE
NIH_CQ_CTGCTGTAGCGCTTAT	NIH_CQ	CTGCTGTAGCGCTTAT	SRR11008270	270_CTGCTGTAGCGCTTAT	TRUE
NIH_CQ_CTGCTGTGTGATGTCT	NIH_CQ	CTGCTGTGTGATGTCT	SRR11008270	270_CTGCTGTGTGATGTCT	TRUE
NIH_CQ_CTGCTGTGTTAGGGTG	NIH_CQ	CTGCTGTGTTAGGGTG	SRR11008270	270_CTGCTGTGTTAGGGTG	TRUE
NIH_CQ_CTGGTCTAGTTACGGG	NIH_CQ	CTGGTCTAGTTACGGG	SRR11008270	270_CTGGTCTAGTTACGGG	TRUE
NIH_CQ_CTGGTCTTCCTATTCA	NIH_CQ	CTGGTCTTCCTATTCA	SRR11008270	270_CTGGTCTTCCTATTCA	TRUE
NIH_CQ_CTGTTTACACCGGAAA	NIH_CQ	CTGTTTACACCGGAAA	SRR11008270	270_CTGTTTACACCGGAAA	TRUE
NIH_CQ_CTGTTTATCCAGTAGT	NIH_CQ	CTGTTTATCCAGTAGT	SRR11008270	270_CTGTTTATCCAGTAGT	TRUE
NIH_CQ_CTGTTTATCGGTTCGG	NIH_CQ	CTGTTTATCGGTTCGG	SRR11008270	270_CTGTTTATCGGTTCGG	TRUE
NIH_CQ_CTTAACTAGACCACGA	NIH_CQ	CTTAACTAGACCACGA	SRR11008270	270_CTTAACTAGACCACGA	TRUE
NIH_CQ_CTTAACTAGTCAAGGC	NIH_CQ	CTTAACTAGTCAAGGC	SRR11008270	270_CTTAACTAGTCAAGGC	TRUE
NIH_CQ_CTTAACTGTTCAGGCC	NIH_CQ	CTTAACTGTTCAGGCC	SRR11008270	270_CTTAACTGTTCAGGCC	TRUE
NIH_CQ_CTTAACTGTTGTTTGG	NIH_CQ	CTTAACTGTTGTTTGG	SRR11008270	270_CTTAACTGTTGTTTGG	TRUE
NIH_CQ_CTTACCGCAGACACTT	NIH_CQ	CTTACCGCAGACACTT	SRR11008270	270_CTTACCGCAGACACTT	TRUE
NIH_CQ_CTTACCGGTCTACCTC	NIH_CQ	CTTACCGGTCTACCTC	SRR11008270	270_CTTACCGGTCTACCTC	TRUE
NIH_CQ_CTTACCGGTTCTCATT	NIH_CQ	CTTACCGGTTCTCATT	SRR11008270	270_CTTACCGGTTCTCATT	TRUE
NIH_CQ_CTTAGGAAGATCCCGC	NIH_CQ	CTTAGGAAGATCCCGC	SRR11008270	270_CTTAGGAAGATCCCGC	TRUE
NIH_CQ_CTTAGGAGTACCAGTT	NIH_CQ	CTTAGGAGTACCAGTT	SRR11008270	270_CTTAGGAGTACCAGTT	TRUE
NIH_CQ_CTTAGGATCTGAGTGT	NIH_CQ	CTTAGGATCTGAGTGT	SRR11008270	270_CTTAGGATCTGAGTGT	TRUE
NIH_CQ_CTTCTCTCATTCGACA	NIH_CQ	CTTCTCTCATTCGACA	SRR11008270	270_CTTCTCTCATTCGACA	TRUE
NIH_CQ_GAAACTCAGCTGAAAT	NIH_CQ	GAAACTCAGCTGAAAT	SRR11008270	270_GAAACTCAGCTGAAAT	TRUE
NIH_CQ_GAAACTCTCTCAACTT	NIH_CQ	GAAACTCTCTCAACTT	SRR11008270	270_GAAACTCTCTCAACTT	TRUE
NIH_CQ_GAACATCCATTATCTC	NIH_CQ	GAACATCCATTATCTC	SRR11008270	270_GAACATCCATTATCTC	TRUE
NIH_CQ_GAACGGAAGTGGACGT	NIH_CQ	GAACGGAAGTGGACGT	SRR11008270	270_GAACGGAAGTGGACGT	TRUE
NIH_CQ_GAAGCAGCAAGTACCT	NIH_CQ	GAAGCAGCAAGTACCT	SRR11008270	270_GAAGCAGCAAGTACCT	TRUE
NIH_CQ_GAAGCAGCATCCTAGA	NIH_CQ	GAAGCAGCATCCTAGA	SRR11008270	270_GAAGCAGCATCCTAGA	TRUE
NIH_CQ_GAATAAGAGCTTTGGT	NIH_CQ	GAATAAGAGCTTTGGT	SRR11008270	270_GAATAAGAGCTTTGGT	TRUE
NIH_CQ_GAATGAAAGACTCGGA	NIH_CQ	GAATGAAAGACTCGGA	SRR11008270	270_GAATGAAAGACTCGGA	TRUE
NIH_CQ_GAATGAACACAAGCCC	NIH_CQ	GAATGAACACAAGCCC	SRR11008270	270_GAATGAACACAAGCCC	TRUE
NIH_CQ_GACACGCGTCTTCTCG	NIH_CQ	GACACGCGTCTTCTCG	SRR11008270	270_GACACGCGTCTTCTCG	TRUE
NIH_CQ_GACAGAGTCAGAGGTG	NIH_CQ	GACAGAGTCAGAGGTG	SRR11008270	270_GACAGAGTCAGAGGTG	TRUE
NIH_CQ_GACCAATTCATTTGGG	NIH_CQ	GACCAATTCATTTGGG	SRR11008270	270_GACCAATTCATTTGGG	TRUE
NIH_CQ_GACGCGTCAAGCTGGA	NIH_CQ	GACGCGTCAAGCTGGA	SRR11008270	270_GACGCGTCAAGCTGGA	TRUE
NIH_CQ_GACGCGTCACATTCGA	NIH_CQ	GACGCGTCACATTCGA	SRR11008270	270_GACGCGTCACATTCGA	TRUE
NIH_CQ_GACGCGTTCGTTGCCT	NIH_CQ	GACGCGTTCGTTGCCT	SRR11008270	270_GACGCGTTCGTTGCCT	TRUE
NIH_CQ_GACGGCTAGAGTACCG	NIH_CQ	GACGGCTAGAGTACCG	SRR11008270	270_GACGGCTAGAGTACCG	TRUE
NIH_CQ_GACGGCTAGCCGCCTA	NIH_CQ	GACGGCTAGCCGCCTA	SRR11008270	270_GACGGCTAGCCGCCTA	TRUE
NIH_CQ_GACGTTAGTAGCAAAT	NIH_CQ	GACGTTAGTAGCAAAT	SRR11008270	270_GACGTTAGTAGCAAAT	TRUE
NIH_CQ_GACTAACAGACAGAGA	NIH_CQ	GACTAACAGACAGAGA	SRR11008270	270_GACTAACAGACAGAGA	TRUE
NIH_CQ_GACTAACGTTCAGACT	NIH_CQ	GACTAACGTTCAGACT	SRR11008270	270_GACTAACGTTCAGACT	TRUE
NIH_CQ_GACTACATCCCAAGTA	NIH_CQ	GACTACATCCCAAGTA	SRR11008270	270_GACTACATCCCAAGTA	TRUE
NIH_CQ_GATCAGTTCCCTAATT	NIH_CQ	GATCAGTTCCCTAATT	SRR11008270	270_GATCAGTTCCCTAATT	TRUE
NIH_CQ_GATCGATCAAAGCGGT	NIH_CQ	GATCGATCAAAGCGGT	SRR11008270	270_GATCGATCAAAGCGGT	TRUE
NIH_CQ_GATCGATGTATGAATG	NIH_CQ	GATCGATGTATGAATG	SRR11008270	270_GATCGATGTATGAATG	TRUE
NIH_CQ_GATCGATGTTCCTCCA	NIH_CQ	GATCGATGTTCCTCCA	SRR11008270	270_GATCGATGTTCCTCCA	TRUE
NIH_CQ_GATCGCGCACAACGTT	NIH_CQ	GATCGCGCACAACGTT	SRR11008270	270_GATCGCGCACAACGTT	TRUE
NIH_CQ_GATCTAGGTCTCTTTA	NIH_CQ	GATCTAGGTCTCTTTA	SRR11008270	270_GATCTAGGTCTCTTTA	TRUE
NIH_CQ_GATGAGGTCGATAGAA	NIH_CQ	GATGAGGTCGATAGAA	SRR11008270	270_GATGAGGTCGATAGAA	TRUE
NIH_CQ_GATGCTAGTGCACGAA	NIH_CQ	GATGCTAGTGCACGAA	SRR11008270	270_GATGCTAGTGCACGAA	TRUE
NIH_CQ_GATGCTATCGTCACGG	NIH_CQ	GATGCTATCGTCACGG	SRR11008270	270_GATGCTATCGTCACGG	TRUE
NIH_CQ_GCAAACTTCACCTTAT	NIH_CQ	GCAAACTTCACCTTAT	SRR11008270	270_GCAAACTTCACCTTAT	TRUE
NIH_CQ_GCAAACTTCCCTAACC	NIH_CQ	GCAAACTTCCCTAACC	SRR11008270	270_GCAAACTTCCCTAACC	TRUE
NIH_CQ_GCAATCATCGGCTACG	NIH_CQ	GCAATCATCGGCTACG	SRR11008270	270_GCAATCATCGGCTACG	TRUE
NIH_CQ_GCACATAAGACTAGGC	NIH_CQ	GCACATAAGACTAGGC	SRR11008270	270_GCACATAAGACTAGGC	TRUE
NIH_CQ_GCACATAAGAGCTTCT	NIH_CQ	GCACATAAGAGCTTCT	SRR11008270	270_GCACATAAGAGCTTCT	TRUE
NIH_CQ_GCACATAAGCGCTTAT	NIH_CQ	GCACATAAGCGCTTAT	SRR11008270	270_GCACATAAGCGCTTAT	TRUE
NIH_CQ_GCACATAAGTACACCT	NIH_CQ	GCACATAAGTACACCT	SRR11008270	270_GCACATAAGTACACCT	TRUE
NIH_CQ_GCACATAGTGCCTGTG	NIH_CQ	GCACATAGTGCCTGTG	SRR11008270	270_GCACATAGTGCCTGTG	TRUE
NIH_CQ_GCACATAGTTACGCGC	NIH_CQ	GCACATAGTTACGCGC	SRR11008270	270_GCACATAGTTACGCGC	TRUE
NIH_CQ_GCACATATCAGCACAT	NIH_CQ	GCACATATCAGCACAT	SRR11008270	270_GCACATATCAGCACAT	TRUE
NIH_CQ_GCAGCCACACGCGAAA	NIH_CQ	GCAGCCACACGCGAAA	SRR11008270	270_GCAGCCACACGCGAAA	TRUE
NIH_CQ_GCAGTTAGTATCTGCA	NIH_CQ	GCAGTTAGTATCTGCA	SRR11008270	270_GCAGTTAGTATCTGCA	TRUE
NIH_CQ_GCATACAGTATCACCA	NIH_CQ	GCATACAGTATCACCA	SRR11008270	270_GCATACAGTATCACCA	TRUE
NIH_CQ_GCATGATCAGGGAGAG	NIH_CQ	GCATGATCAGGGAGAG	SRR11008270	270_GCATGATCAGGGAGAG	TRUE
NIH_CQ_GCATGCGCAGACAAGC	NIH_CQ	GCATGCGCAGACAAGC	SRR11008270	270_GCATGCGCAGACAAGC	TRUE
NIH_CQ_GCATGCGGTGTGAATA	NIH_CQ	GCATGCGGTGTGAATA	SRR11008270	270_GCATGCGGTGTGAATA	TRUE
NIH_CQ_GCCAAATCAGGAACGT	NIH_CQ	GCCAAATCAGGAACGT	SRR11008270	270_GCCAAATCAGGAACGT	TRUE
NIH_CQ_GCGACCAGTACCGGCT	NIH_CQ	GCGACCAGTACCGGCT	SRR11008270	270_GCGACCAGTACCGGCT	TRUE
NIH_CQ_GCGACCATCAGTGCAT	NIH_CQ	GCGACCATCAGTGCAT	SRR11008270	270_GCGACCATCAGTGCAT	TRUE
NIH_CQ_GCGACCATCTTAGCCC	NIH_CQ	GCGACCATCTTAGCCC	SRR11008270	270_GCGACCATCTTAGCCC	TRUE
NIH_CQ_GCGAGAAAGTTAACGA	NIH_CQ	GCGAGAAAGTTAACGA	SRR11008270	270_GCGAGAAAGTTAACGA	TRUE
NIH_CQ_GCGAGAAGTCGACTGC	NIH_CQ	GCGAGAAGTCGACTGC	SRR11008270	270_GCGAGAAGTCGACTGC	TRUE
NIH_CQ_GCGCAGTGTTTGTTGG	NIH_CQ	GCGCAGTGTTTGTTGG	SRR11008270	270_GCGCAGTGTTTGTTGG	TRUE
NIH_CQ_GCGCAGTTCATCATTC	NIH_CQ	GCGCAGTTCATCATTC	SRR11008270	270_GCGCAGTTCATCATTC	TRUE
NIH_CQ_GCGCCAAAGAGCTTCT	NIH_CQ	GCGCCAAAGAGCTTCT	SRR11008270	270_GCGCCAAAGAGCTTCT	TRUE
NIH_CQ_GCGCCAAGTAACGTTC	NIH_CQ	GCGCCAAGTAACGTTC	SRR11008270	270_GCGCCAAGTAACGTTC	TRUE
NIH_CQ_GCGCGATAGCTCAACT	NIH_CQ	GCGCGATAGCTCAACT	SRR11008270	270_GCGCGATAGCTCAACT	TRUE
NIH_CQ_GCGCGATCACGGTGTC	NIH_CQ	GCGCGATCACGGTGTC	SRR11008270	270_GCGCGATCACGGTGTC	TRUE
NIH_CQ_GCGGGTTAGTATGACA	NIH_CQ	GCGGGTTAGTATGACA	SRR11008270	270_GCGGGTTAGTATGACA	TRUE
NIH_CQ_GCGGGTTTCATGCAAC	NIH_CQ	GCGGGTTTCATGCAAC	SRR11008270	270_GCGGGTTTCATGCAAC	TRUE
NIH_CQ_GCTCCTAAGAGTCGGT	NIH_CQ	GCTCCTAAGAGTCGGT	SRR11008270	270_GCTCCTAAGAGTCGGT	TRUE
NIH_CQ_GCTCCTACACCATCCT	NIH_CQ	GCTCCTACACCATCCT	SRR11008270	270_GCTCCTACACCATCCT	TRUE
NIH_CQ_GCTCCTAGTGCTGTAT	NIH_CQ	GCTCCTAGTGCTGTAT	SRR11008270	270_GCTCCTAGTGCTGTAT	TRUE
NIH_CQ_GCTGCAGTCGGTGTTA	NIH_CQ	GCTGCAGTCGGTGTTA	SRR11008270	270_GCTGCAGTCGGTGTTA	TRUE
NIH_CQ_GCTGCAGTCTGTTGAG	NIH_CQ	GCTGCAGTCTGTTGAG	SRR11008270	270_GCTGCAGTCTGTTGAG	TRUE
NIH_CQ_GCTGGGTCAGATCCAT	NIH_CQ	GCTGGGTCAGATCCAT	SRR11008270	270_GCTGGGTCAGATCCAT	TRUE
NIH_CQ_GCTGGGTTCTACCAGA	NIH_CQ	GCTGGGTTCTACCAGA	SRR11008270	270_GCTGGGTTCTACCAGA	TRUE
NIH_CQ_GCTTCCACACCTCGGA	NIH_CQ	GCTTCCACACCTCGGA	SRR11008270	270_GCTTCCACACCTCGGA	TRUE
NIH_CQ_GCTTCCACATATACCG	NIH_CQ	GCTTCCACATATACCG	SRR11008270	270_GCTTCCACATATACCG	TRUE
NIH_CQ_GGAAAGCTCCCATTTA	NIH_CQ	GGAAAGCTCCCATTTA	SRR11008270	270_GGAAAGCTCCCATTTA	TRUE
NIH_CQ_GGAACTTGTGTGTGCC	NIH_CQ	GGAACTTGTGTGTGCC	SRR11008270	270_GGAACTTGTGTGTGCC	TRUE
NIH_CQ_GGAACTTGTTGGGACA	NIH_CQ	GGAACTTGTTGGGACA	SRR11008270	270_GGAACTTGTTGGGACA	TRUE
NIH_CQ_GGAATAATCCGAAGAG	NIH_CQ	GGAATAATCCGAAGAG	SRR11008270	270_GGAATAATCCGAAGAG	TRUE
NIH_CQ_GGACAGACAATCCAAC	NIH_CQ	GGACAGACAATCCAAC	SRR11008270	270_GGACAGACAATCCAAC	TRUE
NIH_CQ_GGACATTCAAGACACG	NIH_CQ	GGACATTCAAGACACG	SRR11008270	270_GGACATTCAAGACACG	TRUE
NIH_CQ_GGACATTCACGGTAGA	NIH_CQ	GGACATTCACGGTAGA	SRR11008270	270_GGACATTCACGGTAGA	TRUE
NIH_CQ_GGACATTGTCTGCAAT	NIH_CQ	GGACATTGTCTGCAAT	SRR11008270	270_GGACATTGTCTGCAAT	TRUE
NIH_CQ_GGACGTCCAAGGTGTG	NIH_CQ	GGACGTCCAAGGTGTG	SRR11008270	270_GGACGTCCAAGGTGTG	TRUE
NIH_CQ_GGAGCAAGTTACAGAA	NIH_CQ	GGAGCAAGTTACAGAA	SRR11008270	270_GGAGCAAGTTACAGAA	TRUE
NIH_CQ_GGAGCAATCTTTCCTC	NIH_CQ	GGAGCAATCTTTCCTC	SRR11008270	270_GGAGCAATCTTTCCTC	TRUE
NIH_CQ_GGATGTTGTATAGGGC	NIH_CQ	GGATGTTGTATAGGGC	SRR11008270	270_GGATGTTGTATAGGGC	TRUE
NIH_CQ_GGATGTTGTCAATGTC	NIH_CQ	GGATGTTGTCAATGTC	SRR11008270	270_GGATGTTGTCAATGTC	TRUE
NIH_CQ_GGATGTTTCACCTTAT	NIH_CQ	GGATGTTTCACCTTAT	SRR11008270	270_GGATGTTTCACCTTAT	TRUE
NIH_CQ_GGATGTTTCGCATGGC	NIH_CQ	GGATGTTTCGCATGGC	SRR11008270	270_GGATGTTTCGCATGGC	TRUE
NIH_CQ_GGATTACGTATTAGCC	NIH_CQ	GGATTACGTATTAGCC	SRR11008270	270_GGATTACGTATTAGCC	TRUE
NIH_CQ_GGATTACGTCCTCTTG	NIH_CQ	GGATTACGTCCTCTTG	SRR11008270	270_GGATTACGTCCTCTTG	TRUE
NIH_CQ_GGATTACTCTGTTTGT	NIH_CQ	GGATTACTCTGTTTGT	SRR11008270	270_GGATTACTCTGTTTGT	TRUE
NIH_CQ_GGCAATTAGCTCCTCT	NIH_CQ	GGCAATTAGCTCCTCT	SRR11008270	270_GGCAATTAGCTCCTCT	TRUE
NIH_CQ_GGCAATTCACACGCTG	NIH_CQ	GGCAATTCACACGCTG	SRR11008270	270_GGCAATTCACACGCTG	TRUE
NIH_CQ_GGCGACTCATGCTGGC	NIH_CQ	GGCGACTCATGCTGGC	SRR11008270	270_GGCGACTCATGCTGGC	TRUE
NIH_CQ_GGCGACTGTAAGGGCT	NIH_CQ	GGCGACTGTAAGGGCT	SRR11008270	270_GGCGACTGTAAGGGCT	TRUE
NIH_CQ_GGCGTGTAGTGTACGG	NIH_CQ	GGCGTGTAGTGTACGG	SRR11008270	270_GGCGTGTAGTGTACGG	TRUE
NIH_CQ_GGCTCGAAGTTCGCAT	NIH_CQ	GGCTCGAAGTTCGCAT	SRR11008270	270_GGCTCGAAGTTCGCAT	TRUE
NIH_CQ_GGCTCGACAATTGCTG	NIH_CQ	GGCTCGACAATTGCTG	SRR11008270	270_GGCTCGACAATTGCTG	TRUE
NIH_CQ_GGGAATGAGGGCACTA	NIH_CQ	GGGAATGAGGGCACTA	SRR11008270	270_GGGAATGAGGGCACTA	TRUE
NIH_CQ_GGGACCTCAGATTGCT	NIH_CQ	GGGACCTCAGATTGCT	SRR11008270	270_GGGACCTCAGATTGCT	TRUE
NIH_CQ_GGGACCTTCTCTGAGA	NIH_CQ	GGGACCTTCTCTGAGA	SRR11008270	270_GGGACCTTCTCTGAGA	TRUE
NIH_CQ_GGGAGATAGCCCGAAA	NIH_CQ	GGGAGATAGCCCGAAA	SRR11008270	270_GGGAGATAGCCCGAAA	TRUE
NIH_CQ_GGGATGAGTCTTGATG	NIH_CQ	GGGATGAGTCTTGATG	SRR11008270	270_GGGATGAGTCTTGATG	TRUE
NIH_CQ_GGGATGATCATTATCC	NIH_CQ	GGGATGATCATTATCC	SRR11008270	270_GGGATGATCATTATCC	TRUE
NIH_CQ_GGGCACTCAATCGGTT	NIH_CQ	GGGCACTCAATCGGTT	SRR11008270	270_GGGCACTCAATCGGTT	TRUE
NIH_CQ_GGGCACTGTCTTCAAG	NIH_CQ	GGGCACTGTCTTCAAG	SRR11008270	270_GGGCACTGTCTTCAAG	TRUE
NIH_CQ_GGGCATCGTCTTGATG	NIH_CQ	GGGCATCGTCTTGATG	SRR11008270	270_GGGCATCGTCTTGATG	TRUE
NIH_CQ_GGGCATCTCCCTAACC	NIH_CQ	GGGCATCTCCCTAACC	SRR11008270	270_GGGCATCTCCCTAACC	TRUE
NIH_CQ_GGGTCTGTCAAGATCC	NIH_CQ	GGGTCTGTCAAGATCC	SRR11008270	270_GGGTCTGTCAAGATCC	TRUE
NIH_CQ_GGGTTGCGTGGTAACG	NIH_CQ	GGGTTGCGTGGTAACG	SRR11008270	270_GGGTTGCGTGGTAACG	TRUE
NIH_CQ_GGGTTGCGTTATTCTC	NIH_CQ	GGGTTGCGTTATTCTC	SRR11008270	270_GGGTTGCGTTATTCTC	TRUE
NIH_CQ_GGTATTGCAGACGCAA	NIH_CQ	GGTATTGCAGACGCAA	SRR11008270	270_GGTATTGCAGACGCAA	TRUE
NIH_CQ_GGTATTGGTAGTGAAT	NIH_CQ	GGTATTGGTAGTGAAT	SRR11008270	270_GGTATTGGTAGTGAAT	TRUE
NIH_CQ_GGTGAAGAGGACCACA	NIH_CQ	GGTGAAGAGGACCACA	SRR11008270	270_GGTGAAGAGGACCACA	TRUE
NIH_CQ_GGTGCGTGTGTTCGAT	NIH_CQ	GGTGCGTGTGTTCGAT	SRR11008270	270_GGTGCGTGTGTTCGAT	TRUE
NIH_CQ_GGTGCGTTCGCACTCT	NIH_CQ	GGTGCGTTCGCACTCT	SRR11008270	270_GGTGCGTTCGCACTCT	TRUE
NIH_CQ_GTAACGTGTCTCACCT	NIH_CQ	GTAACGTGTCTCACCT	SRR11008270	270_GTAACGTGTCTCACCT	TRUE
NIH_CQ_GTAACTGAGCACGCCT	NIH_CQ	GTAACTGAGCACGCCT	SRR11008270	270_GTAACTGAGCACGCCT	TRUE
NIH_CQ_GTAACTGAGTGCCATT	NIH_CQ	GTAACTGAGTGCCATT	SRR11008270	270_GTAACTGAGTGCCATT	TRUE
NIH_CQ_GTACGTAAGGAGTTTA	NIH_CQ	GTACGTAAGGAGTTTA	SRR11008270	270_GTACGTAAGGAGTTTA	TRUE
NIH_CQ_GTAGGCCCAAACAACA	NIH_CQ	GTAGGCCCAAACAACA	SRR11008270	270_GTAGGCCCAAACAACA	TRUE
NIH_CQ_GTAGGCCTCTTCTGGC	NIH_CQ	GTAGGCCTCTTCTGGC	SRR11008270	270_GTAGGCCTCTTCTGGC	TRUE
NIH_CQ_GTATCTTAGACTGTAA	NIH_CQ	GTATCTTAGACTGTAA	SRR11008270	270_GTATCTTAGACTGTAA	TRUE
NIH_CQ_GTATTCTGTCATATGC	NIH_CQ	GTATTCTGTCATATGC	SRR11008270	270_GTATTCTGTCATATGC	TRUE
NIH_CQ_GTCAAGTAGAGAACAG	NIH_CQ	GTCAAGTAGAGAACAG	SRR11008270	270_GTCAAGTAGAGAACAG	TRUE
NIH_CQ_GTCAAGTGTCCCGACA	NIH_CQ	GTCAAGTGTCCCGACA	SRR11008270	270_GTCAAGTGTCCCGACA	TRUE
NIH_CQ_GTCACAAAGGACCACA	NIH_CQ	GTCACAAAGGACCACA	SRR11008270	270_GTCACAAAGGACCACA	TRUE
NIH_CQ_GTCACGGAGTCTCAAC	NIH_CQ	GTCACGGAGTCTCAAC	SRR11008270	270_GTCACGGAGTCTCAAC	TRUE
NIH_CQ_GTCATTTTCGTTTATC	NIH_CQ	GTCATTTTCGTTTATC	SRR11008270	270_GTCATTTTCGTTTATC	TRUE
NIH_CQ_GTCCTCAAGTCTTGCA	NIH_CQ	GTCCTCAAGTCTTGCA	SRR11008270	270_GTCCTCAAGTCTTGCA	TRUE
NIH_CQ_GTCGGGTCAGTCAGAG	NIH_CQ	GTCGGGTCAGTCAGAG	SRR11008270	270_GTCGGGTCAGTCAGAG	TRUE
NIH_CQ_GTCGTAAAGGCAGGTT	NIH_CQ	GTCGTAAAGGCAGGTT	SRR11008270	270_GTCGTAAAGGCAGGTT	TRUE
NIH_CQ_GTCGTAACAGTTCCCT	NIH_CQ	GTCGTAACAGTTCCCT	SRR11008270	270_GTCGTAACAGTTCCCT	TRUE
NIH_CQ_GTCGTAAGTCCGACGT	NIH_CQ	GTCGTAAGTCCGACGT	SRR11008270	270_GTCGTAAGTCCGACGT	TRUE
NIH_CQ_GTCGTAATCTGTGCAA	NIH_CQ	GTCGTAATCTGTGCAA	SRR11008270	270_GTCGTAATCTGTGCAA	TRUE
NIH_CQ_GTCTTCGGTCTAGCGC	NIH_CQ	GTCTTCGGTCTAGCGC	SRR11008270	270_GTCTTCGGTCTAGCGC	TRUE
NIH_CQ_GTGAAGGAGGAATGGA	NIH_CQ	GTGAAGGAGGAATGGA	SRR11008270	270_GTGAAGGAGGAATGGA	TRUE
NIH_CQ_GTGAAGGGTCTTGTCC	NIH_CQ	GTGAAGGGTCTTGTCC	SRR11008270	270_GTGAAGGGTCTTGTCC	TRUE
NIH_CQ_GTGCAGCTCTCAACTT	NIH_CQ	GTGCAGCTCTCAACTT	SRR11008270	270_GTGCAGCTCTCAACTT	TRUE
NIH_CQ_GTGGGTCGTCTCTTTA	NIH_CQ	GTGGGTCGTCTCTTTA	SRR11008270	270_GTGGGTCGTCTCTTTA	TRUE
NIH_CQ_GTGTTAGAGGACACCA	NIH_CQ	GTGTTAGAGGACACCA	SRR11008270	270_GTGTTAGAGGACACCA	TRUE
NIH_CQ_GTGTTAGCATCGGTTA	NIH_CQ	GTGTTAGCATCGGTTA	SRR11008270	270_GTGTTAGCATCGGTTA	TRUE
NIH_CQ_GTGTTAGGTCGCATAT	NIH_CQ	GTGTTAGGTCGCATAT	SRR11008270	270_GTGTTAGGTCGCATAT	TRUE
NIH_CQ_GTGTTAGGTCTAAACC	NIH_CQ	GTGTTAGGTCTAAACC	SRR11008270	270_GTGTTAGGTCTAAACC	TRUE
NIH_CQ_GTGTTAGGTTAAGATG	NIH_CQ	GTGTTAGGTTAAGATG	SRR11008270	270_GTGTTAGGTTAAGATG	TRUE
NIH_CQ_GTTAAGCAGATCTGCT	NIH_CQ	GTTAAGCAGATCTGCT	SRR11008270	270_GTTAAGCAGATCTGCT	TRUE
NIH_CQ_GTTAAGCTCCCAAGAT	NIH_CQ	GTTAAGCTCCCAAGAT	SRR11008270	270_GTTAAGCTCCCAAGAT	TRUE
NIH_CQ_GTTACAGAGGACAGAA	NIH_CQ	GTTACAGAGGACAGAA	SRR11008270	270_GTTACAGAGGACAGAA	TRUE
NIH_CQ_GTTACAGTCAAGGTAA	NIH_CQ	GTTACAGTCAAGGTAA	SRR11008270	270_GTTACAGTCAAGGTAA	TRUE
NIH_CQ_GTTACAGTCTAACTGG	NIH_CQ	GTTACAGTCTAACTGG	SRR11008270	270_GTTACAGTCTAACTGG	TRUE
NIH_CQ_GTTCATTCATGGTTGT	NIH_CQ	GTTCATTCATGGTTGT	SRR11008270	270_GTTCATTCATGGTTGT	TRUE
NIH_CQ_GTTCGGGGTAAGGGCT	NIH_CQ	GTTCGGGGTAAGGGCT	SRR11008270	270_GTTCGGGGTAAGGGCT	TRUE
NIH_CQ_GTTCTCGCAATGTAAG	NIH_CQ	GTTCTCGCAATGTAAG	SRR11008270	270_GTTCTCGCAATGTAAG	TRUE
NIH_CQ_GTTCTCGCAGGTGGAT	NIH_CQ	GTTCTCGCAGGTGGAT	SRR11008270	270_GTTCTCGCAGGTGGAT	TRUE
NIH_CQ_GTTTCTACAAAGTCAA	NIH_CQ	GTTTCTACAAAGTCAA	SRR11008270	270_GTTTCTACAAAGTCAA	TRUE
NIH_CQ_TAAACCGAGGGTGTGT	NIH_CQ	TAAACCGAGGGTGTGT	SRR11008270	270_TAAACCGAGGGTGTGT	TRUE
NIH_CQ_TAAGAGAAGTTCCACA	NIH_CQ	TAAGAGAAGTTCCACA	SRR11008270	270_TAAGAGAAGTTCCACA	TRUE
NIH_CQ_TAAGTGCTCAGTTCGA	NIH_CQ	TAAGTGCTCAGTTCGA	SRR11008270	270_TAAGTGCTCAGTTCGA	TRUE
NIH_CQ_TACACGAGTGAGGCTA	NIH_CQ	TACACGAGTGAGGCTA	SRR11008270	270_TACACGAGTGAGGCTA	TRUE
NIH_CQ_TACAGTGCAACACCCG	NIH_CQ	TACAGTGCAACACCCG	SRR11008270	270_TACAGTGCAACACCCG	TRUE
NIH_CQ_TACAGTGCACTAAGTC	NIH_CQ	TACAGTGCACTAAGTC	SRR11008270	270_TACAGTGCACTAAGTC	TRUE
NIH_CQ_TACCTATAGGATGCGT	NIH_CQ	TACCTATAGGATGCGT	SRR11008270	270_TACCTATAGGATGCGT	TRUE
NIH_CQ_TACCTATGTCTCTTAT	NIH_CQ	TACCTATGTCTCTTAT	SRR11008270	270_TACCTATGTCTCTTAT	TRUE
NIH_CQ_TACCTTAAGTCCAGGA	NIH_CQ	TACCTTAAGTCCAGGA	SRR11008270	270_TACCTTAAGTCCAGGA	TRUE
NIH_CQ_TACGGATCAGGGTACA	NIH_CQ	TACGGATCAGGGTACA	SRR11008270	270_TACGGATCAGGGTACA	TRUE
NIH_CQ_TACGGATGTAAAGTCA	NIH_CQ	TACGGATGTAAAGTCA	SRR11008270	270_TACGGATGTAAAGTCA	TRUE
NIH_CQ_TACGGGCTCGAACGGA	NIH_CQ	TACGGGCTCGAACGGA	SRR11008270	270_TACGGGCTCGAACGGA	TRUE
NIH_CQ_TACTCATAGTCGAGTG	NIH_CQ	TACTCATAGTCGAGTG	SRR11008270	270_TACTCATAGTCGAGTG	TRUE
NIH_CQ_TACTCGCCACTCAGGC	NIH_CQ	TACTCGCCACTCAGGC	SRR11008270	270_TACTCGCCACTCAGGC	TRUE
NIH_CQ_TACTTACCACAGGAGT	NIH_CQ	TACTTACCACAGGAGT	SRR11008270	270_TACTTACCACAGGAGT	TRUE
NIH_CQ_TAGCCGGTCTAACTGG	NIH_CQ	TAGCCGGTCTAACTGG	SRR11008270	270_TAGCCGGTCTAACTGG	TRUE
NIH_CQ_TAGGCATCACGCCAGT	NIH_CQ	TAGGCATCACGCCAGT	SRR11008270	270_TAGGCATCACGCCAGT	TRUE
NIH_CQ_TAGGCATTCTACCAGA	NIH_CQ	TAGGCATTCTACCAGA	SRR11008270	270_TAGGCATTCTACCAGA	TRUE
NIH_CQ_TAGTTGGAGTACGATA	NIH_CQ	TAGTTGGAGTACGATA	SRR11008270	270_TAGTTGGAGTACGATA	TRUE
NIH_CQ_TATCAGGGTACAAGTA	NIH_CQ	TATCAGGGTACAAGTA	SRR11008270	270_TATCAGGGTACAAGTA	TRUE
NIH_CQ_TATCTCAGTCTGCGGT	NIH_CQ	TATCTCAGTCTGCGGT	SRR11008270	270_TATCTCAGTCTGCGGT	TRUE
NIH_CQ_TCAACGACATGACATC	NIH_CQ	TCAACGACATGACATC	SRR11008270	270_TCAACGACATGACATC	TRUE
NIH_CQ_TCAACGAGTTAAAGTG	NIH_CQ	TCAACGAGTTAAAGTG	SRR11008270	270_TCAACGAGTTAAAGTG	TRUE
NIH_CQ_TCAATCTCATATACGC	NIH_CQ	TCAATCTCATATACGC	SRR11008270	270_TCAATCTCATATACGC	TRUE
NIH_CQ_TCACGAAAGAACTCGG	NIH_CQ	TCACGAAAGAACTCGG	SRR11008270	270_TCACGAAAGAACTCGG	TRUE
NIH_CQ_TCAGATGAGCGATGAC	NIH_CQ	TCAGATGAGCGATGAC	SRR11008270	270_TCAGATGAGCGATGAC	TRUE
NIH_CQ_TCAGATGAGGCTCAGA	NIH_CQ	TCAGATGAGGCTCAGA	SRR11008270	270_TCAGATGAGGCTCAGA	TRUE
NIH_CQ_TCAGATGGTAATCACC	NIH_CQ	TCAGATGGTAATCACC	SRR11008270	270_TCAGATGGTAATCACC	TRUE
NIH_CQ_TCAGCAAAGAATTGTG	NIH_CQ	TCAGCAAAGAATTGTG	SRR11008270	270_TCAGCAAAGAATTGTG	TRUE
NIH_CQ_TCAGCAAAGTTTAGGA	NIH_CQ	TCAGCAAAGTTTAGGA	SRR11008270	270_TCAGCAAAGTTTAGGA	TRUE
NIH_CQ_TCAGCAAGTTCCGTCT	NIH_CQ	TCAGCAAGTTCCGTCT	SRR11008270	270_TCAGCAAGTTCCGTCT	TRUE
NIH_CQ_TCAGCAATCGCGCCAA	NIH_CQ	TCAGCAATCGCGCCAA	SRR11008270	270_TCAGCAATCGCGCCAA	TRUE
NIH_CQ_TCAGCTCCACAGGAGT	NIH_CQ	TCAGCTCCACAGGAGT	SRR11008270	270_TCAGCTCCACAGGAGT	TRUE
NIH_CQ_TCAGCTCTCTAACGGT	NIH_CQ	TCAGCTCTCTAACGGT	SRR11008270	270_TCAGCTCTCTAACGGT	TRUE
NIH_CQ_TCAGGATCACATCCGG	NIH_CQ	TCAGGATCACATCCGG	SRR11008270	270_TCAGGATCACATCCGG	TRUE
NIH_CQ_TCATTACCAAGTAATG	NIH_CQ	TCATTACCAAGTAATG	SRR11008270	270_TCATTACCAAGTAATG	TRUE
NIH_CQ_TCCACACGTAAATACG	NIH_CQ	TCCACACGTAAATACG	SRR11008270	270_TCCACACGTAAATACG	TRUE
NIH_CQ_TCCACACTCTGGTTCC	NIH_CQ	TCCACACTCTGGTTCC	SRR11008270	270_TCCACACTCTGGTTCC	TRUE
NIH_CQ_TCCCGATGTCCGTCAG	NIH_CQ	TCCCGATGTCCGTCAG	SRR11008270	270_TCCCGATGTCCGTCAG	TRUE
NIH_CQ_TCCCGATTCATGTGGT	NIH_CQ	TCCCGATTCATGTGGT	SRR11008270	270_TCCCGATTCATGTGGT	TRUE
NIH_CQ_TCCCGATTCCGATATG	NIH_CQ	TCCCGATTCCGATATG	SRR11008270	270_TCCCGATTCCGATATG	TRUE
NIH_CQ_TCGCGAGTCACCTTAT	NIH_CQ	TCGCGAGTCACCTTAT	SRR11008270	270_TCGCGAGTCACCTTAT	TRUE
NIH_CQ_TCGCGAGTCACGCGGT	NIH_CQ	TCGCGAGTCACGCGGT	SRR11008270	270_TCGCGAGTCACGCGGT	TRUE
NIH_CQ_TCGCGTTAGAACAACT	NIH_CQ	TCGCGTTAGAACAACT	SRR11008270	270_TCGCGTTAGAACAACT	TRUE
NIH_CQ_TCGCGTTAGTGAATTG	NIH_CQ	TCGCGTTAGTGAATTG	SRR11008270	270_TCGCGTTAGTGAATTG	TRUE
NIH_CQ_TCGTAGAGTTAGAACA	NIH_CQ	TCGTAGAGTTAGAACA	SRR11008270	270_TCGTAGAGTTAGAACA	TRUE
NIH_CQ_TCTATTGTCATTTGGG	NIH_CQ	TCTATTGTCATTTGGG	SRR11008270	270_TCTATTGTCATTTGGG	TRUE
NIH_CQ_TCTATTGTCGCTGATA	NIH_CQ	TCTATTGTCGCTGATA	SRR11008270	270_TCTATTGTCGCTGATA	TRUE
NIH_CQ_TCTATTGTCTTGTCAT	NIH_CQ	TCTATTGTCTTGTCAT	SRR11008270	270_TCTATTGTCTTGTCAT	TRUE
NIH_CQ_TCTCTAAGTTTGTTTC	NIH_CQ	TCTCTAAGTTTGTTTC	SRR11008270	270_TCTCTAAGTTTGTTTC	TRUE
NIH_CQ_TCTGGAACACACTGCG	NIH_CQ	TCTGGAACACACTGCG	SRR11008270	270_TCTGGAACACACTGCG	TRUE
NIH_CQ_TCTGGAATCTTAACCT	NIH_CQ	TCTGGAATCTTAACCT	SRR11008270	270_TCTGGAATCTTAACCT	TRUE
NIH_CQ_TCTTCGGAGACTACAA	NIH_CQ	TCTTCGGAGACTACAA	SRR11008270	270_TCTTCGGAGACTACAA	TRUE
NIH_CQ_TCTTCGGAGTGTACGG	NIH_CQ	TCTTCGGAGTGTACGG	SRR11008270	270_TCTTCGGAGTGTACGG	TRUE
NIH_CQ_TGAAAGAAGCCAGTAG	NIH_CQ	TGAAAGAAGCCAGTAG	SRR11008270	270_TGAAAGAAGCCAGTAG	TRUE
NIH_CQ_TGACAACCAACGATCT	NIH_CQ	TGACAACCAACGATCT	SRR11008270	270_TGACAACCAACGATCT	TRUE
NIH_CQ_TGACAACCAGCTCGAC	NIH_CQ	TGACAACCAGCTCGAC	SRR11008270	270_TGACAACCAGCTCGAC	TRUE
NIH_CQ_TGACAACGTGGGTATG	NIH_CQ	TGACAACGTGGGTATG	SRR11008270	270_TGACAACGTGGGTATG	TRUE
NIH_CQ_TGACAACTCAGAGACG	NIH_CQ	TGACAACTCAGAGACG	SRR11008270	270_TGACAACTCAGAGACG	TRUE
NIH_CQ_TGACTTTTCCACGTTC	NIH_CQ	TGACTTTTCCACGTTC	SRR11008270	270_TGACTTTTCCACGTTC	TRUE
NIH_CQ_TGAGCATAGCCCAATT	NIH_CQ	TGAGCATAGCCCAATT	SRR11008270	270_TGAGCATAGCCCAATT	TRUE
NIH_CQ_TGAGCCGCACTCAGGC	NIH_CQ	TGAGCCGCACTCAGGC	SRR11008270	270_TGAGCCGCACTCAGGC	TRUE
NIH_CQ_TGAGCCGGTCAAAGAT	NIH_CQ	TGAGCCGGTCAAAGAT	SRR11008270	270_TGAGCCGGTCAAAGAT	TRUE
NIH_CQ_TGAGGGAGTCTCTTTA	NIH_CQ	TGAGGGAGTCTCTTTA	SRR11008270	270_TGAGGGAGTCTCTTTA	TRUE
NIH_CQ_TGAGGGATCAGATAAG	NIH_CQ	TGAGGGATCAGATAAG	SRR11008270	270_TGAGGGATCAGATAAG	TRUE
NIH_CQ_TGAGGGATCGCCTGTT	NIH_CQ	TGAGGGATCGCCTGTT	SRR11008270	270_TGAGGGATCGCCTGTT	TRUE
NIH_CQ_TGATTTCCACGAAACG	NIH_CQ	TGATTTCCACGAAACG	SRR11008270	270_TGATTTCCACGAAACG	TRUE
NIH_CQ_TGCACCTAGCTTATCG	NIH_CQ	TGCACCTAGCTTATCG	SRR11008270	270_TGCACCTAGCTTATCG	TRUE
NIH_CQ_TGCACCTGTTAAGATG	NIH_CQ	TGCACCTGTTAAGATG	SRR11008270	270_TGCACCTGTTAAGATG	TRUE
NIH_CQ_TGCCCATGTCTCAACA	NIH_CQ	TGCCCATGTCTCAACA	SRR11008270	270_TGCCCATGTCTCAACA	TRUE
NIH_CQ_TGCCCTAAGACATAAC	NIH_CQ	TGCCCTAAGACATAAC	SRR11008270	270_TGCCCTAAGACATAAC	TRUE
NIH_CQ_TGCGGGTCATCGGTTA	NIH_CQ	TGCGGGTCATCGGTTA	SRR11008270	270_TGCGGGTCATCGGTTA	TRUE
NIH_CQ_TGCGGGTTCACTATTC	NIH_CQ	TGCGGGTTCACTATTC	SRR11008270	270_TGCGGGTTCACTATTC	TRUE
NIH_CQ_TGCGTGGCATGCCTAA	NIH_CQ	TGCGTGGCATGCCTAA	SRR11008270	270_TGCGTGGCATGCCTAA	TRUE
NIH_CQ_TGGCTGGCAACCGCCA	NIH_CQ	TGGCTGGCAACCGCCA	SRR11008270	270_TGGCTGGCAACCGCCA	TRUE
NIH_CQ_TGGCTGGGTTGACGTT	NIH_CQ	TGGCTGGGTTGACGTT	SRR11008270	270_TGGCTGGGTTGACGTT	TRUE
NIH_CQ_TGGCTGGTCAAAGACA	NIH_CQ	TGGCTGGTCAAAGACA	SRR11008270	270_TGGCTGGTCAAAGACA	TRUE
NIH_CQ_TGGCTGGTCACAAACC	NIH_CQ	TGGCTGGTCACAAACC	SRR11008270	270_TGGCTGGTCACAAACC	TRUE
NIH_CQ_TGGGAAGCATTCTCAT	NIH_CQ	TGGGAAGCATTCTCAT	SRR11008270	270_TGGGAAGCATTCTCAT	TRUE
NIH_CQ_TGGGCGTCAGTAAGAT	NIH_CQ	TGGGCGTCAGTAAGAT	SRR11008270	270_TGGGCGTCAGTAAGAT	TRUE
NIH_CQ_TGGTTCCAGTAATCCC	NIH_CQ	TGGTTCCAGTAATCCC	SRR11008270	270_TGGTTCCAGTAATCCC	TRUE
NIH_CQ_TGGTTCCCAGGCTGAA	NIH_CQ	TGGTTCCCAGGCTGAA	SRR11008270	270_TGGTTCCCAGGCTGAA	TRUE
NIH_CQ_TGTCCCAAGATACACA	NIH_CQ	TGTCCCAAGATACACA	SRR11008270	270_TGTCCCAAGATACACA	TRUE
NIH_CQ_TGTGTTTAGTGCGTGA	NIH_CQ	TGTGTTTAGTGCGTGA	SRR11008270	270_TGTGTTTAGTGCGTGA	TRUE
NIH_CQ_TGTGTTTTCGTCTGAA	NIH_CQ	TGTGTTTTCGTCTGAA	SRR11008270	270_TGTGTTTTCGTCTGAA	TRUE
NIH_CQ_TGTTCCGAGTTCGATC	NIH_CQ	TGTTCCGAGTTCGATC	SRR11008270	270_TGTTCCGAGTTCGATC	TRUE
NIH_CQ_TGTTCCGTCATCTGCC	NIH_CQ	TGTTCCGTCATCTGCC	SRR11008270	270_TGTTCCGTCATCTGCC	TRUE
NIH_CQ_TTAACTCTCAGGATCT	NIH_CQ	TTAACTCTCAGGATCT	SRR11008270	270_TTAACTCTCAGGATCT	TRUE
NIH_CQ_TTAACTCTCAGTACGT	NIH_CQ	TTAACTCTCAGTACGT	SRR11008270	270_TTAACTCTCAGTACGT	TRUE
NIH_CQ_TTAACTCTCATGTCTT	NIH_CQ	TTAACTCTCATGTCTT	SRR11008270	270_TTAACTCTCATGTCTT	TRUE
NIH_CQ_TTAACTCTCTTAACCT	NIH_CQ	TTAACTCTCTTAACCT	SRR11008270	270_TTAACTCTCTTAACCT	TRUE
NIH_CQ_TTAGGACGTATCGCAT	NIH_CQ	TTAGGACGTATCGCAT	SRR11008270	270_TTAGGACGTATCGCAT	TRUE
NIH_CQ_TTAGGCAAGATAGGAG	NIH_CQ	TTAGGCAAGATAGGAG	SRR11008270	270_TTAGGCAAGATAGGAG	TRUE
NIH_CQ_TTATGCTCAGACTCGC	NIH_CQ	TTATGCTCAGACTCGC	SRR11008270	270_TTATGCTCAGACTCGC	TRUE
NIH_CQ_TTCCCAGCAAAGGAAG	NIH_CQ	TTCCCAGCAAAGGAAG	SRR11008270	270_TTCCCAGCAAAGGAAG	TRUE
NIH_CQ_TTCGAAGGTGTAAGTA	NIH_CQ	TTCGAAGGTGTAAGTA	SRR11008270	270_TTCGAAGGTGTAAGTA	TRUE
NIH_CQ_TTCGGTCAGTGGGTTG	NIH_CQ	TTCGGTCAGTGGGTTG	SRR11008270	270_TTCGGTCAGTGGGTTG	TRUE
NIH_CQ_TTCGGTCGTTCGGCAC	NIH_CQ	TTCGGTCGTTCGGCAC	SRR11008270	270_TTCGGTCGTTCGGCAC	TRUE
NIH_CQ_TTCTACACATCCGGGT	NIH_CQ	TTCTACACATCCGGGT	SRR11008270	270_TTCTACACATCCGGGT	TRUE
NIH_CQ_TTCTACAGTCGACTGC	NIH_CQ	TTCTACAGTCGACTGC	SRR11008270	270_TTCTACAGTCGACTGC	TRUE
NIH_CQ_TTCTACAGTGACGGTA	NIH_CQ	TTCTACAGTGACGGTA	SRR11008270	270_TTCTACAGTGACGGTA	TRUE
NIH_CQ_TTCTACATCTTCATGT	NIH_CQ	TTCTACATCTTCATGT	SRR11008270	270_TTCTACATCTTCATGT	TRUE
NIH_CQ_TTCTCAATCGTTACAG	NIH_CQ	TTCTCAATCGTTACAG	SRR11008270	270_TTCTCAATCGTTACAG	TRUE
NIH_CQ_TTCTTAGCACGCATCG	NIH_CQ	TTCTTAGCACGCATCG	SRR11008270	270_TTCTTAGCACGCATCG	TRUE
NIH_CQ_TTCTTAGCACTTAACG	NIH_CQ	TTCTTAGCACTTAACG	SRR11008270	270_TTCTTAGCACTTAACG	TRUE
NIH_CQ_TTGACTTGTTACTGAC	NIH_CQ	TTGACTTGTTACTGAC	SRR11008270	270_TTGACTTGTTACTGAC	TRUE
NIH_CQ_TTGCCGTAGCACCGTC	NIH_CQ	TTGCCGTAGCACCGTC	SRR11008270	270_TTGCCGTAGCACCGTC	TRUE
NIH_CQ_TTGCGTCAGCGACGTA	NIH_CQ	TTGCGTCAGCGACGTA	SRR11008270	270_TTGCGTCAGCGACGTA	TRUE
NIH_CQ_TTGCGTCAGTCTCGGC	NIH_CQ	TTGCGTCAGTCTCGGC	SRR11008270	270_TTGCGTCAGTCTCGGC	TRUE
NIH_CQ_TTGCGTCGTCCCTACT	NIH_CQ	TTGCGTCGTCCCTACT	SRR11008270	270_TTGCGTCGTCCCTACT	TRUE
NIH_CQ_TTGGAACAGATCCTGT	NIH_CQ	TTGGAACAGATCCTGT	SRR11008270	270_TTGGAACAGATCCTGT	TRUE
NIH_CQ_TTGGCAAGTGGACGAT	NIH_CQ	TTGGCAAGTGGACGAT	SRR11008270	270_TTGGCAAGTGGACGAT	TRUE
NIH_CQ_TTGTAGGAGATCGGGT	NIH_CQ	TTGTAGGAGATCGGGT	SRR11008270	270_TTGTAGGAGATCGGGT	TRUE
NIH_CQ_TTGTAGGCACAAGTAA	NIH_CQ	TTGTAGGCACAAGTAA	SRR11008270	270_TTGTAGGCACAAGTAA	TRUE
NIH_CQ_TTTACTGCAGACGCTC	NIH_CQ	TTTACTGCAGACGCTC	SRR11008270	270_TTTACTGCAGACGCTC	TRUE
NIH_CQ_TTTGCGCAGGCGCTCT	NIH_CQ	TTTGCGCAGGCGCTCT	SRR11008270	270_TTTGCGCAGGCGCTCT	TRUE
NIH_CQ_TTTGCGCCATAGGATA	NIH_CQ	TTTGCGCCATAGGATA	SRR11008270	270_TTTGCGCCATAGGATA	TRUE
NIH_CQ_TTTGGTTAGGGATGGG	NIH_CQ	TTTGGTTAGGGATGGG	SRR11008270	270_TTTGGTTAGGGATGGG	TRUE
NIH_CQ_TTTGGTTGTGCGAAAC	NIH_CQ	TTTGGTTGTGCGAAAC	SRR11008270	270_TTTGGTTGTGCGAAAC	TRUE
NIH_CQ_TTTGTCACAGACAAGC	NIH_CQ	TTTGTCACAGACAAGC	SRR11008270	270_TTTGTCACAGACAAGC	TRUE
NIH_CQ_TTTGTCACAGCCAGAA	NIH_CQ	TTTGTCACAGCCAGAA	SRR11008270	270_TTTGTCACAGCCAGAA	TRUE
NIH_CQ_TTTGTCATCTATCCCG	NIH_CQ	TTTGTCATCTATCCCG	SRR11008270	270_TTTGTCATCTATCCCG	TRUE
NIH_Sa_AAACCTGCAAGCTGGA	NIH_Sa	AAACCTGCAAGCTGGA	SRR11008269	269_AAACCTGCAAGCTGGA	TRUE
NIH_Sa_AAACCTGCAGACGCTC	NIH_Sa	AAACCTGCAGACGCTC	SRR11008269	269_AAACCTGCAGACGCTC	TRUE
NIH_Sa_AAACCTGCAGTTTACG	NIH_Sa	AAACCTGCAGTTTACG	SRR11008269	269_AAACCTGCAGTTTACG	TRUE
NIH_Sa_AAACCTGGTATAGTAG	NIH_Sa	AAACCTGGTATAGTAG	SRR11008269	269_AAACCTGGTATAGTAG	TRUE
NIH_Sa_AAACCTGTCACTGGGC	NIH_Sa	AAACCTGTCACTGGGC	SRR11008269	269_AAACCTGTCACTGGGC	TRUE
NIH_Sa_AAACGGGAGCCAGTAG	NIH_Sa	AAACGGGAGCCAGTAG	SRR11008269	269_AAACGGGAGCCAGTAG	TRUE
NIH_Sa_AAACGGGCAAGTACCT	NIH_Sa	AAACGGGCAAGTACCT	SRR11008269	269_AAACGGGCAAGTACCT	TRUE
NIH_Sa_AAACGGGCACCTATCC	NIH_Sa	AAACGGGCACCTATCC	SRR11008269	269_AAACGGGCACCTATCC	TRUE
NIH_Sa_AAACGGGGTCGAGATG	NIH_Sa	AAACGGGGTCGAGATG	SRR11008269	269_AAACGGGGTCGAGATG	TRUE
NIH_Sa_AAACGGGGTGTCGCTG	NIH_Sa	AAACGGGGTGTCGCTG	SRR11008269	269_AAACGGGGTGTCGCTG	TRUE
NIH_Sa_AAAGATGGTGTATGGG	NIH_Sa	AAAGATGGTGTATGGG	SRR11008269	269_AAAGATGGTGTATGGG	TRUE
NIH_Sa_AAAGATGTCAAACGGG	NIH_Sa	AAAGATGTCAAACGGG	SRR11008269	269_AAAGATGTCAAACGGG	TRUE
NIH_Sa_AAAGATGTCAGAGGTG	NIH_Sa	AAAGATGTCAGAGGTG	SRR11008269	269_AAAGATGTCAGAGGTG	TRUE
NIH_Sa_AAAGCAACAGCTGCAC	NIH_Sa	AAAGCAACAGCTGCAC	SRR11008269	269_AAAGCAACAGCTGCAC	TRUE
NIH_Sa_AAAGTAGGTTAAAGAC	NIH_Sa	AAAGTAGGTTAAAGAC	SRR11008269	269_AAAGTAGGTTAAAGAC	TRUE
NIH_Sa_AAATGCCGTCTTCTCG	NIH_Sa	AAATGCCGTCTTCTCG	SRR11008269	269_AAATGCCGTCTTCTCG	TRUE
NIH_Sa_AACACGTAGAAGATTC	NIH_Sa	AACACGTAGAAGATTC	SRR11008269	269_AACACGTAGAAGATTC	TRUE
NIH_Sa_AACGTTGAGGGTGTTG	NIH_Sa	AACGTTGAGGGTGTTG	SRR11008269	269_AACGTTGAGGGTGTTG	TRUE
NIH_Sa_AACGTTGCACCTGGTG	NIH_Sa	AACGTTGCACCTGGTG	SRR11008269	269_AACGTTGCACCTGGTG	TRUE
NIH_Sa_AACGTTGTCGGGAGTA	NIH_Sa	AACGTTGTCGGGAGTA	SRR11008269	269_AACGTTGTCGGGAGTA	TRUE
NIH_Sa_AACTCCCGTAGCGATG	NIH_Sa	AACTCCCGTAGCGATG	SRR11008269	269_AACTCCCGTAGCGATG	TRUE
NIH_Sa_AACTCTTAGAACAACT	NIH_Sa	AACTCTTAGAACAACT	SRR11008269	269_AACTCTTAGAACAACT	TRUE
NIH_Sa_AACTCTTCAGTAAGCG	NIH_Sa	AACTCTTCAGTAAGCG	SRR11008269	269_AACTCTTCAGTAAGCG	TRUE
NIH_Sa_AACTCTTCATTCTCAT	NIH_Sa	AACTCTTCATTCTCAT	SRR11008269	269_AACTCTTCATTCTCAT	TRUE
NIH_Sa_AACTGGTAGGCATTGG	NIH_Sa	AACTGGTAGGCATTGG	SRR11008269	269_AACTGGTAGGCATTGG	TRUE
NIH_Sa_AACTTTCGTGTGCGTC	NIH_Sa	AACTTTCGTGTGCGTC	SRR11008269	269_AACTTTCGTGTGCGTC	TRUE
NIH_Sa_AAGACCTAGTTCCACA	NIH_Sa	AAGACCTAGTTCCACA	SRR11008269	269_AAGACCTAGTTCCACA	TRUE
NIH_Sa_AAGACCTCATTGGTAC	NIH_Sa	AAGACCTCATTGGTAC	SRR11008269	269_AAGACCTCATTGGTAC	TRUE
NIH_Sa_AAGACCTTCTAACTCT	NIH_Sa	AAGACCTTCTAACTCT	SRR11008269	269_AAGACCTTCTAACTCT	TRUE
NIH_Sa_AAGCCGCAGGCGTACA	NIH_Sa	AAGCCGCAGGCGTACA	SRR11008269	269_AAGCCGCAGGCGTACA	TRUE
NIH_Sa_AAGCCGCCACGAGAGT	NIH_Sa	AAGCCGCCACGAGAGT	SRR11008269	269_AAGCCGCCACGAGAGT	TRUE
NIH_Sa_AAGCCGCCACGGCTAC	NIH_Sa	AAGCCGCCACGGCTAC	SRR11008269	269_AAGCCGCCACGGCTAC	TRUE
NIH_Sa_AAGCCGCGTTGTTTGG	NIH_Sa	AAGCCGCGTTGTTTGG	SRR11008269	269_AAGCCGCGTTGTTTGG	TRUE
NIH_Sa_AAGGCAGTCCTCCTAG	NIH_Sa	AAGGCAGTCCTCCTAG	SRR11008269	269_AAGGCAGTCCTCCTAG	TRUE
NIH_Sa_AAGGCAGTCCTTTACA	NIH_Sa	AAGGCAGTCCTTTACA	SRR11008269	269_AAGGCAGTCCTTTACA	TRUE
NIH_Sa_AAGGTTCAGAGGACGG	NIH_Sa	AAGGTTCAGAGGACGG	SRR11008269	269_AAGGTTCAGAGGACGG	TRUE
NIH_Sa_AAGGTTCTCACCAGGC	NIH_Sa	AAGGTTCTCACCAGGC	SRR11008269	269_AAGGTTCTCACCAGGC	TRUE
NIH_Sa_AAGTCTGAGGGTCTCC	NIH_Sa	AAGTCTGAGGGTCTCC	SRR11008269	269_AAGTCTGAGGGTCTCC	TRUE
NIH_Sa_AAGTCTGCAGACACTT	NIH_Sa	AAGTCTGCAGACACTT	SRR11008269	269_AAGTCTGCAGACACTT	TRUE
NIH_Sa_AAGTCTGGTGTGTGCC	NIH_Sa	AAGTCTGGTGTGTGCC	SRR11008269	269_AAGTCTGGTGTGTGCC	TRUE
NIH_Sa_AAGTCTGGTTACGGAG	NIH_Sa	AAGTCTGGTTACGGAG	SRR11008269	269_AAGTCTGGTTACGGAG	TRUE
NIH_Sa_AATCCAGTCAACACAC	NIH_Sa	AATCCAGTCAACACAC	SRR11008269	269_AATCCAGTCAACACAC	TRUE
NIH_Sa_AATCGGTTCTTCAACT	NIH_Sa	AATCGGTTCTTCAACT	SRR11008269	269_AATCGGTTCTTCAACT	TRUE
NIH_Sa_ACACCAAGTTCATGGT	NIH_Sa	ACACCAAGTTCATGGT	SRR11008269	269_ACACCAAGTTCATGGT	TRUE
NIH_Sa_ACACCAATCATTGCGA	NIH_Sa	ACACCAATCATTGCGA	SRR11008269	269_ACACCAATCATTGCGA	TRUE
NIH_Sa_ACACCAATCGCCTGTT	NIH_Sa	ACACCAATCGCCTGTT	SRR11008269	269_ACACCAATCGCCTGTT	TRUE
NIH_Sa_ACACCCTGTCTTGATG	NIH_Sa	ACACCCTGTCTTGATG	SRR11008269	269_ACACCCTGTCTTGATG	TRUE
NIH_Sa_ACACCGGCAGTCAGCC	NIH_Sa	ACACCGGCAGTCAGCC	SRR11008269	269_ACACCGGCAGTCAGCC	TRUE
NIH_Sa_ACACCGGTCGAGAACG	NIH_Sa	ACACCGGTCGAGAACG	SRR11008269	269_ACACCGGTCGAGAACG	TRUE
NIH_Sa_ACACCGGTCTCAAACG	NIH_Sa	ACACCGGTCTCAAACG	SRR11008269	269_ACACCGGTCTCAAACG	TRUE
NIH_Sa_ACACTGACAGGTGGAT	NIH_Sa	ACACTGACAGGTGGAT	SRR11008269	269_ACACTGACAGGTGGAT	TRUE
NIH_Sa_ACACTGACATGGTCTA	NIH_Sa	ACACTGACATGGTCTA	SRR11008269	269_ACACTGACATGGTCTA	TRUE
NIH_Sa_ACACTGACATGTCCTC	NIH_Sa	ACACTGACATGTCCTC	SRR11008269	269_ACACTGACATGTCCTC	TRUE
NIH_Sa_ACAGCCGGTGCAGTAG	NIH_Sa	ACAGCCGGTGCAGTAG	SRR11008269	269_ACAGCCGGTGCAGTAG	TRUE
NIH_Sa_ACAGCCGTCTCCTATA	NIH_Sa	ACAGCCGTCTCCTATA	SRR11008269	269_ACAGCCGTCTCCTATA	TRUE
NIH_Sa_ACAGCTATCCTTAATC	NIH_Sa	ACAGCTATCCTTAATC	SRR11008269	269_ACAGCTATCCTTAATC	TRUE
NIH_Sa_ACATACGCACAGTCGC	NIH_Sa	ACATACGCACAGTCGC	SRR11008269	269_ACATACGCACAGTCGC	TRUE
NIH_Sa_ACATACGGTAGCCTCG	NIH_Sa	ACATACGGTAGCCTCG	SRR11008269	269_ACATACGGTAGCCTCG	TRUE
NIH_Sa_ACATACGGTAGCGCAA	NIH_Sa	ACATACGGTAGCGCAA	SRR11008269	269_ACATACGGTAGCGCAA	TRUE
NIH_Sa_ACATCAGCATGGTAGG	NIH_Sa	ACATCAGCATGGTAGG	SRR11008269	269_ACATCAGCATGGTAGG	TRUE
NIH_Sa_ACATCAGTCAAGGTAA	NIH_Sa	ACATCAGTCAAGGTAA	SRR11008269	269_ACATCAGTCAAGGTAA	TRUE
NIH_Sa_ACATGGTAGATACACA	NIH_Sa	ACATGGTAGATACACA	SRR11008269	269_ACATGGTAGATACACA	TRUE
NIH_Sa_ACATGGTGTGTGTGCC	NIH_Sa	ACATGGTGTGTGTGCC	SRR11008269	269_ACATGGTGTGTGTGCC	TRUE
NIH_Sa_ACCAGTACACCGTTGG	NIH_Sa	ACCAGTACACCGTTGG	SRR11008269	269_ACCAGTACACCGTTGG	TRUE
NIH_Sa_ACCAGTACAGCTCCGA	NIH_Sa	ACCAGTACAGCTCCGA	SRR11008269	269_ACCAGTACAGCTCCGA	TRUE
NIH_Sa_ACCAGTACATCCTAGA	NIH_Sa	ACCAGTACATCCTAGA	SRR11008269	269_ACCAGTACATCCTAGA	TRUE
NIH_Sa_ACCAGTAGTACCGAGA	NIH_Sa	ACCAGTAGTACCGAGA	SRR11008269	269_ACCAGTAGTACCGAGA	TRUE
NIH_Sa_ACCAGTAGTTACCAGT	NIH_Sa	ACCAGTAGTTACCAGT	SRR11008269	269_ACCAGTAGTTACCAGT	TRUE
NIH_Sa_ACCCACTAGTCCATAC	NIH_Sa	ACCCACTAGTCCATAC	SRR11008269	269_ACCCACTAGTCCATAC	TRUE
NIH_Sa_ACCCACTAGTCTCCTC	NIH_Sa	ACCCACTAGTCTCCTC	SRR11008269	269_ACCCACTAGTCTCCTC	TRUE
NIH_Sa_ACCCACTTCTTAACCT	NIH_Sa	ACCCACTTCTTAACCT	SRR11008269	269_ACCCACTTCTTAACCT	TRUE
NIH_Sa_ACCTTTAAGAACTGTA	NIH_Sa	ACCTTTAAGAACTGTA	SRR11008269	269_ACCTTTAAGAACTGTA	TRUE
NIH_Sa_ACCTTTAAGCCTATGT	NIH_Sa	ACCTTTAAGCCTATGT	SRR11008269	269_ACCTTTAAGCCTATGT	TRUE
NIH_Sa_ACCTTTACATGTCCTC	NIH_Sa	ACCTTTACATGTCCTC	SRR11008269	269_ACCTTTACATGTCCTC	TRUE
NIH_Sa_ACGAGCCAGCACGCCT	NIH_Sa	ACGAGCCAGCACGCCT	SRR11008269	269_ACGAGCCAGCACGCCT	TRUE
NIH_Sa_ACGAGCCGTCTAGTGT	NIH_Sa	ACGAGCCGTCTAGTGT	SRR11008269	269_ACGAGCCGTCTAGTGT	TRUE
NIH_Sa_ACGATACCACAAGTAA	NIH_Sa	ACGATACCACAAGTAA	SRR11008269	269_ACGATACCACAAGTAA	TRUE
NIH_Sa_ACGATACGTCCTAGCG	NIH_Sa	ACGATACGTCCTAGCG	SRR11008269	269_ACGATACGTCCTAGCG	TRUE
NIH_Sa_ACGATACTCTGCAGTA	NIH_Sa	ACGATACTCTGCAGTA	SRR11008269	269_ACGATACTCTGCAGTA	TRUE
NIH_Sa_ACGATGTAGTGTCTCA	NIH_Sa	ACGATGTAGTGTCTCA	SRR11008269	269_ACGATGTAGTGTCTCA	FALSE
NIH_Sa_ACGATGTCAGCGAACA	NIH_Sa	ACGATGTCAGCGAACA	SRR11008269	269_ACGATGTCAGCGAACA	TRUE
NIH_Sa_ACGATGTTCCAGAAGG	NIH_Sa	ACGATGTTCCAGAAGG	SRR11008269	269_ACGATGTTCCAGAAGG	TRUE
NIH_Sa_ACGATGTTCTGATTCT	NIH_Sa	ACGATGTTCTGATTCT	SRR11008269	269_ACGATGTTCTGATTCT	TRUE
NIH_Sa_ACGCAGCTCATCATTC	NIH_Sa	ACGCAGCTCATCATTC	SRR11008269	269_ACGCAGCTCATCATTC	TRUE
NIH_Sa_ACGCCAGAGAACAACT	NIH_Sa	ACGCCAGAGAACAACT	SRR11008269	269_ACGCCAGAGAACAACT	TRUE
NIH_Sa_ACGCCAGGTAAGGGAA	NIH_Sa	ACGCCAGGTAAGGGAA	SRR11008269	269_ACGCCAGGTAAGGGAA	TRUE
NIH_Sa_ACGCCAGGTGACAAAT	NIH_Sa	ACGCCAGGTGACAAAT	SRR11008269	269_ACGCCAGGTGACAAAT	TRUE
NIH_Sa_ACGCCGACATACTACG	NIH_Sa	ACGCCGACATACTACG	SRR11008269	269_ACGCCGACATACTACG	TRUE
NIH_Sa_ACGGAGAAGCCAGTTT	NIH_Sa	ACGGAGAAGCCAGTTT	SRR11008269	269_ACGGAGAAGCCAGTTT	TRUE
NIH_Sa_ACGGAGATCAGGCGAA	NIH_Sa	ACGGAGATCAGGCGAA	SRR11008269	269_ACGGAGATCAGGCGAA	TRUE
NIH_Sa_ACGGCCAAGGATGTAT	NIH_Sa	ACGGCCAAGGATGTAT	SRR11008269	269_ACGGCCAAGGATGTAT	TRUE
NIH_Sa_ACGGCCAGTACGACCC	NIH_Sa	ACGGCCAGTACGACCC	SRR11008269	269_ACGGCCAGTACGACCC	TRUE
NIH_Sa_ACGGCCATCACGCATA	NIH_Sa	ACGGCCATCACGCATA	SRR11008269	269_ACGGCCATCACGCATA	TRUE
NIH_Sa_ACGGGCTAGCAGATCG	NIH_Sa	ACGGGCTAGCAGATCG	SRR11008269	269_ACGGGCTAGCAGATCG	TRUE
NIH_Sa_ACGGGCTGTCCGAATT	NIH_Sa	ACGGGCTGTCCGAATT	SRR11008269	269_ACGGGCTGTCCGAATT	TRUE
NIH_Sa_ACGGGTCAGGAGTCTG	NIH_Sa	ACGGGTCAGGAGTCTG	SRR11008269	269_ACGGGTCAGGAGTCTG	TRUE
NIH_Sa_ACGGGTCCAGTTAACC	NIH_Sa	ACGGGTCCAGTTAACC	SRR11008269	269_ACGGGTCCAGTTAACC	TRUE
NIH_Sa_ACGTCAAGTCGTTGTA	NIH_Sa	ACGTCAAGTCGTTGTA	SRR11008269	269_ACGTCAAGTCGTTGTA	TRUE
NIH_Sa_ACGTCAATCGTTGCCT	NIH_Sa	ACGTCAATCGTTGCCT	SRR11008269	269_ACGTCAATCGTTGCCT	TRUE
NIH_Sa_ACTATCTTCTCTGTCG	NIH_Sa	ACTATCTTCTCTGTCG	SRR11008269	269_ACTATCTTCTCTGTCG	TRUE
NIH_Sa_ACTGAACTCTGATTCT	NIH_Sa	ACTGAACTCTGATTCT	SRR11008269	269_ACTGAACTCTGATTCT	TRUE
NIH_Sa_ACTGAGTGTATTACCG	NIH_Sa	ACTGAGTGTATTACCG	SRR11008269	269_ACTGAGTGTATTACCG	TRUE
NIH_Sa_ACTGAGTTCAGCTTAG	NIH_Sa	ACTGAGTTCAGCTTAG	SRR11008269	269_ACTGAGTTCAGCTTAG	TRUE
NIH_Sa_ACTGATGAGCCACCTG	NIH_Sa	ACTGATGAGCCACCTG	SRR11008269	269_ACTGATGAGCCACCTG	TRUE
NIH_Sa_ACTGATGCACTTCTGC	NIH_Sa	ACTGATGCACTTCTGC	SRR11008269	269_ACTGATGCACTTCTGC	TRUE
NIH_Sa_ACTGCTCAGAGACGAA	NIH_Sa	ACTGCTCAGAGACGAA	SRR11008269	269_ACTGCTCAGAGACGAA	TRUE
NIH_Sa_ACTGTCCAGGACTGGT	NIH_Sa	ACTGTCCAGGACTGGT	SRR11008269	269_ACTGTCCAGGACTGGT	TRUE
NIH_Sa_ACTGTCCAGTATCGAA	NIH_Sa	ACTGTCCAGTATCGAA	SRR11008269	269_ACTGTCCAGTATCGAA	TRUE
NIH_Sa_ACTGTCCCACGGCCAT	NIH_Sa	ACTGTCCCACGGCCAT	SRR11008269	269_ACTGTCCCACGGCCAT	TRUE
NIH_Sa_ACTTGTTCAGATGGGT	NIH_Sa	ACTTGTTCAGATGGGT	SRR11008269	269_ACTTGTTCAGATGGGT	TRUE
NIH_Sa_ACTTTCACATACGCCG	NIH_Sa	ACTTTCACATACGCCG	SRR11008269	269_ACTTTCACATACGCCG	TRUE
NIH_Sa_ACTTTCATCCTGCAGG	NIH_Sa	ACTTTCATCCTGCAGG	SRR11008269	269_ACTTTCATCCTGCAGG	TRUE
NIH_Sa_AGAATAGAGTTTCCTT	NIH_Sa	AGAATAGAGTTTCCTT	SRR11008269	269_AGAATAGAGTTTCCTT	TRUE
NIH_Sa_AGAATAGTCTAGAGTC	NIH_Sa	AGAATAGTCTAGAGTC	SRR11008269	269_AGAATAGTCTAGAGTC	TRUE
NIH_Sa_AGACGTTAGAGCTTCT	NIH_Sa	AGACGTTAGAGCTTCT	SRR11008269	269_AGACGTTAGAGCTTCT	TRUE
NIH_Sa_AGACGTTGTGTAACGG	NIH_Sa	AGACGTTGTGTAACGG	SRR11008269	269_AGACGTTGTGTAACGG	TRUE
NIH_Sa_AGAGCGATCGACAGCC	NIH_Sa	AGAGCGATCGACAGCC	SRR11008269	269_AGAGCGATCGACAGCC	TRUE
NIH_Sa_AGAGCTTAGCGGATCA	NIH_Sa	AGAGCTTAGCGGATCA	SRR11008269	269_AGAGCTTAGCGGATCA	TRUE
NIH_Sa_AGAGCTTGTAAGAGAG	NIH_Sa	AGAGCTTGTAAGAGAG	SRR11008269	269_AGAGCTTGTAAGAGAG	TRUE
NIH_Sa_AGAGCTTTCTCTTATG	NIH_Sa	AGAGCTTTCTCTTATG	SRR11008269	269_AGAGCTTTCTCTTATG	TRUE
NIH_Sa_AGAGTGGAGATTACCC	NIH_Sa	AGAGTGGAGATTACCC	SRR11008269	269_AGAGTGGAGATTACCC	TRUE
NIH_Sa_AGAGTGGGTCGAATCT	NIH_Sa	AGAGTGGGTCGAATCT	SRR11008269	269_AGAGTGGGTCGAATCT	TRUE
NIH_Sa_AGAGTGGGTCTGCAAT	NIH_Sa	AGAGTGGGTCTGCAAT	SRR11008269	269_AGAGTGGGTCTGCAAT	TRUE
NIH_Sa_AGAGTGGGTGGTACAG	NIH_Sa	AGAGTGGGTGGTACAG	SRR11008269	269_AGAGTGGGTGGTACAG	TRUE
NIH_Sa_AGATTGCAGCGACGTA	NIH_Sa	AGATTGCAGCGACGTA	SRR11008269	269_AGATTGCAGCGACGTA	TRUE
NIH_Sa_AGATTGCTCAGGTTCA	NIH_Sa	AGATTGCTCAGGTTCA	SRR11008269	269_AGATTGCTCAGGTTCA	TRUE
NIH_Sa_AGATTGCTCATCATTC	NIH_Sa	AGATTGCTCATCATTC	SRR11008269	269_AGATTGCTCATCATTC	TRUE
NIH_Sa_AGATTGCTCCTAGGGC	NIH_Sa	AGATTGCTCCTAGGGC	SRR11008269	269_AGATTGCTCCTAGGGC	TRUE
NIH_Sa_AGCAGCCTCCTCCTAG	NIH_Sa	AGCAGCCTCCTCCTAG	SRR11008269	269_AGCAGCCTCCTCCTAG	TRUE
NIH_Sa_AGCAGCCTCTGCGACG	NIH_Sa	AGCAGCCTCTGCGACG	SRR11008269	269_AGCAGCCTCTGCGACG	TRUE
NIH_Sa_AGCATACAGGGCTTCC	NIH_Sa	AGCATACAGGGCTTCC	SRR11008269	269_AGCATACAGGGCTTCC	TRUE
NIH_Sa_AGCGTATGTCTCCACT	NIH_Sa	AGCGTATGTCTCCACT	SRR11008269	269_AGCGTATGTCTCCACT	TRUE
NIH_Sa_AGCTCTCTCCCAACGG	NIH_Sa	AGCTCTCTCCCAACGG	SRR11008269	269_AGCTCTCTCCCAACGG	TRUE
NIH_Sa_AGCTCTCTCGGCGGTT	NIH_Sa	AGCTCTCTCGGCGGTT	SRR11008269	269_AGCTCTCTCGGCGGTT	TRUE
NIH_Sa_AGCTTGACATCACAAC	NIH_Sa	AGCTTGACATCACAAC	SRR11008269	269_AGCTTGACATCACAAC	TRUE
NIH_Sa_AGGCCACCAAGGACAC	NIH_Sa	AGGCCACCAAGGACAC	SRR11008269	269_AGGCCACCAAGGACAC	TRUE
NIH_Sa_AGGCCACCAATGGTCT	NIH_Sa	AGGCCACCAATGGTCT	SRR11008269	269_AGGCCACCAATGGTCT	TRUE
NIH_Sa_AGGCCACTCACTCCTG	NIH_Sa	AGGCCACTCACTCCTG	SRR11008269	269_AGGCCACTCACTCCTG	TRUE
NIH_Sa_AGGCCGTAGTGCAAGC	NIH_Sa	AGGCCGTAGTGCAAGC	SRR11008269	269_AGGCCGTAGTGCAAGC	TRUE
NIH_Sa_AGGCCGTGTACCTACA	NIH_Sa	AGGCCGTGTACCTACA	SRR11008269	269_AGGCCGTGTACCTACA	TRUE
NIH_Sa_AGGCCGTGTGATGTCT	NIH_Sa	AGGCCGTGTGATGTCT	SRR11008269	269_AGGCCGTGTGATGTCT	TRUE
NIH_Sa_AGGGAGTAGGAATCGC	NIH_Sa	AGGGAGTAGGAATCGC	SRR11008269	269_AGGGAGTAGGAATCGC	TRUE
NIH_Sa_AGGGAGTGTCTTGATG	NIH_Sa	AGGGAGTGTCTTGATG	SRR11008269	269_AGGGAGTGTCTTGATG	TRUE
NIH_Sa_AGGGATGAGCCACTAT	NIH_Sa	AGGGATGAGCCACTAT	SRR11008269	269_AGGGATGAGCCACTAT	TRUE
NIH_Sa_AGGGATGTCAGCTGGC	NIH_Sa	AGGGATGTCAGCTGGC	SRR11008269	269_AGGGATGTCAGCTGGC	TRUE
NIH_Sa_AGGGATGTCCTGTACC	NIH_Sa	AGGGATGTCCTGTACC	SRR11008269	269_AGGGATGTCCTGTACC	TRUE
NIH_Sa_AGGGATGTCTATCCTA	NIH_Sa	AGGGATGTCTATCCTA	SRR11008269	269_AGGGATGTCTATCCTA	TRUE
NIH_Sa_AGGGTGAAGTACGCCC	NIH_Sa	AGGGTGAAGTACGCCC	SRR11008269	269_AGGGTGAAGTACGCCC	TRUE
NIH_Sa_AGGTCATAGAGTACAT	NIH_Sa	AGGTCATAGAGTACAT	SRR11008269	269_AGGTCATAGAGTACAT	TRUE
NIH_Sa_AGGTCATCACCGTTGG	NIH_Sa	AGGTCATCACCGTTGG	SRR11008269	269_AGGTCATCACCGTTGG	TRUE
NIH_Sa_AGGTCATCAGACTCGC	NIH_Sa	AGGTCATCAGACTCGC	SRR11008269	269_AGGTCATCAGACTCGC	TRUE
NIH_Sa_AGGTCATGTAGCGCTC	NIH_Sa	AGGTCATGTAGCGCTC	SRR11008269	269_AGGTCATGTAGCGCTC	TRUE
NIH_Sa_AGGTCCGCAAGCGAGT	NIH_Sa	AGGTCCGCAAGCGAGT	SRR11008269	269_AGGTCCGCAAGCGAGT	TRUE
NIH_Sa_AGGTCCGTCACAACGT	NIH_Sa	AGGTCCGTCACAACGT	SRR11008269	269_AGGTCCGTCACAACGT	TRUE
NIH_Sa_AGTAGTCTCATAGCAC	NIH_Sa	AGTAGTCTCATAGCAC	SRR11008269	269_AGTAGTCTCATAGCAC	TRUE
NIH_Sa_AGTCTTTAGCCATCGC	NIH_Sa	AGTCTTTAGCCATCGC	SRR11008269	269_AGTCTTTAGCCATCGC	TRUE
NIH_Sa_AGTCTTTGTAACGACG	NIH_Sa	AGTCTTTGTAACGACG	SRR11008269	269_AGTCTTTGTAACGACG	TRUE
NIH_Sa_AGTCTTTTCAGGCGAA	NIH_Sa	AGTCTTTTCAGGCGAA	SRR11008269	269_AGTCTTTTCAGGCGAA	TRUE
NIH_Sa_AGTCTTTTCGTAGGAG	NIH_Sa	AGTCTTTTCGTAGGAG	SRR11008269	269_AGTCTTTTCGTAGGAG	TRUE
NIH_Sa_AGTGAGGAGAGCAATT	NIH_Sa	AGTGAGGAGAGCAATT	SRR11008269	269_AGTGAGGAGAGCAATT	TRUE
NIH_Sa_AGTGAGGAGAGGTTGC	NIH_Sa	AGTGAGGAGAGGTTGC	SRR11008269	269_AGTGAGGAGAGGTTGC	TRUE
NIH_Sa_AGTGAGGAGTGATCGG	NIH_Sa	AGTGAGGAGTGATCGG	SRR11008269	269_AGTGAGGAGTGATCGG	TRUE
NIH_Sa_AGTGAGGCATATACCG	NIH_Sa	AGTGAGGCATATACCG	SRR11008269	269_AGTGAGGCATATACCG	TRUE
NIH_Sa_AGTGAGGGTAGAGTGC	NIH_Sa	AGTGAGGGTAGAGTGC	SRR11008269	269_AGTGAGGGTAGAGTGC	TRUE
NIH_Sa_AGTGAGGGTGATAAAC	NIH_Sa	AGTGAGGGTGATAAAC	SRR11008269	269_AGTGAGGGTGATAAAC	TRUE
NIH_Sa_AGTGAGGTCGGCGCAT	NIH_Sa	AGTGAGGTCGGCGCAT	SRR11008269	269_AGTGAGGTCGGCGCAT	TRUE
NIH_Sa_AGTGAGGTCTAACTGG	NIH_Sa	AGTGAGGTCTAACTGG	SRR11008269	269_AGTGAGGTCTAACTGG	TRUE
NIH_Sa_AGTGTCAGTAGCAAAT	NIH_Sa	AGTGTCAGTAGCAAAT	SRR11008269	269_AGTGTCAGTAGCAAAT	TRUE
NIH_Sa_AGTGTCAGTGCGCTTG	NIH_Sa	AGTGTCAGTGCGCTTG	SRR11008269	269_AGTGTCAGTGCGCTTG	TRUE
NIH_Sa_AGTGTCATCGGGAGTA	NIH_Sa	AGTGTCATCGGGAGTA	SRR11008269	269_AGTGTCATCGGGAGTA	TRUE
NIH_Sa_AGTTGGTTCTCAACTT	NIH_Sa	AGTTGGTTCTCAACTT	SRR11008269	269_AGTTGGTTCTCAACTT	TRUE
NIH_Sa_ATAACGCCACCAGATT	NIH_Sa	ATAACGCCACCAGATT	SRR11008269	269_ATAACGCCACCAGATT	TRUE
NIH_Sa_ATAGACCCACCAGGTC	NIH_Sa	ATAGACCCACCAGGTC	SRR11008269	269_ATAGACCCACCAGGTC	TRUE
NIH_Sa_ATAGACCGTTACGGAG	NIH_Sa	ATAGACCGTTACGGAG	SRR11008269	269_ATAGACCGTTACGGAG	TRUE
NIH_Sa_ATCACGACACACATGT	NIH_Sa	ATCACGACACACATGT	SRR11008269	269_ATCACGACACACATGT	TRUE
NIH_Sa_ATCACGACATGGGACA	NIH_Sa	ATCACGACATGGGACA	SRR11008269	269_ATCACGACATGGGACA	TRUE
NIH_Sa_ATCATCTAGAAGGCCT	NIH_Sa	ATCATCTAGAAGGCCT	SRR11008269	269_ATCATCTAGAAGGCCT	TRUE
NIH_Sa_ATCATCTGTAGGGACT	NIH_Sa	ATCATCTGTAGGGACT	SRR11008269	269_ATCATCTGTAGGGACT	TRUE
NIH_Sa_ATCATGGCATGTCGAT	NIH_Sa	ATCATGGCATGTCGAT	SRR11008269	269_ATCATGGCATGTCGAT	TRUE
NIH_Sa_ATCCACCGTAGTGAAT	NIH_Sa	ATCCACCGTAGTGAAT	SRR11008269	269_ATCCACCGTAGTGAAT	TRUE
NIH_Sa_ATCCGAAAGTGAATTG	NIH_Sa	ATCCGAAAGTGAATTG	SRR11008269	269_ATCCGAAAGTGAATTG	TRUE
NIH_Sa_ATCCGAAGTTGATTCG	NIH_Sa	ATCCGAAGTTGATTCG	SRR11008269	269_ATCCGAAGTTGATTCG	TRUE
NIH_Sa_ATCCGAATCATGCAAC	NIH_Sa	ATCCGAATCATGCAAC	SRR11008269	269_ATCCGAATCATGCAAC	TRUE
NIH_Sa_ATCCGAATCCCTCTTT	NIH_Sa	ATCCGAATCCCTCTTT	SRR11008269	269_ATCCGAATCCCTCTTT	TRUE
NIH_Sa_ATCGAGTCAACTTGAC	NIH_Sa	ATCGAGTCAACTTGAC	SRR11008269	269_ATCGAGTCAACTTGAC	TRUE
NIH_Sa_ATCTACTAGGGATGGG	NIH_Sa	ATCTACTAGGGATGGG	SRR11008269	269_ATCTACTAGGGATGGG	TRUE
NIH_Sa_ATCTACTCAAACTGCT	NIH_Sa	ATCTACTCAAACTGCT	SRR11008269	269_ATCTACTCAAACTGCT	TRUE
NIH_Sa_ATCTACTTCCACGACG	NIH_Sa	ATCTACTTCCACGACG	SRR11008269	269_ATCTACTTCCACGACG	TRUE
NIH_Sa_ATCTACTTCTTACCTA	NIH_Sa	ATCTACTTCTTACCTA	SRR11008269	269_ATCTACTTCTTACCTA	TRUE
NIH_Sa_ATCTGCCAGAATAGGG	NIH_Sa	ATCTGCCAGAATAGGG	SRR11008269	269_ATCTGCCAGAATAGGG	FALSE
NIH_Sa_ATCTGCCAGACTGTAA	NIH_Sa	ATCTGCCAGACTGTAA	SRR11008269	269_ATCTGCCAGACTGTAA	TRUE
NIH_Sa_ATCTGCCCACCATGTA	NIH_Sa	ATCTGCCCACCATGTA	SRR11008269	269_ATCTGCCCACCATGTA	TRUE
NIH_Sa_ATCTGCCCACTCTGTC	NIH_Sa	ATCTGCCCACTCTGTC	SRR11008269	269_ATCTGCCCACTCTGTC	TRUE
NIH_Sa_ATCTGCCGTAAGGATT	NIH_Sa	ATCTGCCGTAAGGATT	SRR11008269	269_ATCTGCCGTAAGGATT	TRUE
NIH_Sa_ATCTGCCGTCTCAACA	NIH_Sa	ATCTGCCGTCTCAACA	SRR11008269	269_ATCTGCCGTCTCAACA	TRUE
NIH_Sa_ATCTGCCTCCCAAGTA	NIH_Sa	ATCTGCCTCCCAAGTA	SRR11008269	269_ATCTGCCTCCCAAGTA	TRUE
NIH_Sa_ATGAGGGTCTGGTATG	NIH_Sa	ATGAGGGTCTGGTATG	SRR11008269	269_ATGAGGGTCTGGTATG	TRUE
NIH_Sa_ATGCGATTCCCTGACT	NIH_Sa	ATGCGATTCCCTGACT	SRR11008269	269_ATGCGATTCCCTGACT	TRUE
NIH_Sa_ATGGGAGGTCTCCACT	NIH_Sa	ATGGGAGGTCTCCACT	SRR11008269	269_ATGGGAGGTCTCCACT	TRUE
NIH_Sa_ATGGGAGGTTCGTCTC	NIH_Sa	ATGGGAGGTTCGTCTC	SRR11008269	269_ATGGGAGGTTCGTCTC	TRUE
NIH_Sa_ATGGGAGTCCCTAACC	NIH_Sa	ATGGGAGTCCCTAACC	SRR11008269	269_ATGGGAGTCCCTAACC	TRUE
NIH_Sa_ATGTGTGGTACATCCA	NIH_Sa	ATGTGTGGTACATCCA	SRR11008269	269_ATGTGTGGTACATCCA	TRUE
NIH_Sa_ATGTGTGTCGCGTAGC	NIH_Sa	ATGTGTGTCGCGTAGC	SRR11008269	269_ATGTGTGTCGCGTAGC	TRUE
NIH_Sa_ATTACTCCATGAGCGA	NIH_Sa	ATTACTCCATGAGCGA	SRR11008269	269_ATTACTCCATGAGCGA	TRUE
NIH_Sa_ATTATCCAGGAGTCTG	NIH_Sa	ATTATCCAGGAGTCTG	SRR11008269	269_ATTATCCAGGAGTCTG	TRUE
NIH_Sa_ATTGGACGTATTCTCT	NIH_Sa	ATTGGACGTATTCTCT	SRR11008269	269_ATTGGACGTATTCTCT	TRUE
NIH_Sa_ATTGGACGTGGGTCAA	NIH_Sa	ATTGGACGTGGGTCAA	SRR11008269	269_ATTGGACGTGGGTCAA	TRUE
NIH_Sa_ATTGGTGAGTGGTAAT	NIH_Sa	ATTGGTGAGTGGTAAT	SRR11008269	269_ATTGGTGAGTGGTAAT	TRUE
NIH_Sa_ATTGGTGCAGCTGGCT	NIH_Sa	ATTGGTGCAGCTGGCT	SRR11008269	269_ATTGGTGCAGCTGGCT	TRUE
NIH_Sa_ATTGGTGGTGTATGGG	NIH_Sa	ATTGGTGGTGTATGGG	SRR11008269	269_ATTGGTGGTGTATGGG	TRUE
NIH_Sa_CAACCAAAGGAGCGTT	NIH_Sa	CAACCAAAGGAGCGTT	SRR11008269	269_CAACCAAAGGAGCGTT	TRUE
NIH_Sa_CAACCAACATAGTAAG	NIH_Sa	CAACCAACATAGTAAG	SRR11008269	269_CAACCAACATAGTAAG	TRUE
NIH_Sa_CAACCAAGTACAGCAG	NIH_Sa	CAACCAAGTACAGCAG	SRR11008269	269_CAACCAAGTACAGCAG	TRUE
NIH_Sa_CAACTAGGTAAGTTCC	NIH_Sa	CAACTAGGTAAGTTCC	SRR11008269	269_CAACTAGGTAAGTTCC	TRUE
NIH_Sa_CAAGATCCAAACGTGG	NIH_Sa	CAAGATCCAAACGTGG	SRR11008269	269_CAAGATCCAAACGTGG	TRUE
NIH_Sa_CAAGATCCAAGGTTTC	NIH_Sa	CAAGATCCAAGGTTTC	SRR11008269	269_CAAGATCCAAGGTTTC	TRUE
NIH_Sa_CAAGATCCACTCGACG	NIH_Sa	CAAGATCCACTCGACG	SRR11008269	269_CAAGATCCACTCGACG	TRUE
NIH_Sa_CAAGTTGAGAGACTTA	NIH_Sa	CAAGTTGAGAGACTTA	SRR11008269	269_CAAGTTGAGAGACTTA	TRUE
NIH_Sa_CACAAACCACCCTATC	NIH_Sa	CACAAACCACCCTATC	SRR11008269	269_CACAAACCACCCTATC	TRUE
NIH_Sa_CACAAACTCCCTGACT	NIH_Sa	CACAAACTCCCTGACT	SRR11008269	269_CACAAACTCCCTGACT	TRUE
NIH_Sa_CACACAACAAGGTGTG	NIH_Sa	CACACAACAAGGTGTG	SRR11008269	269_CACACAACAAGGTGTG	TRUE
NIH_Sa_CACACAATCGGAGCAA	NIH_Sa	CACACAATCGGAGCAA	SRR11008269	269_CACACAATCGGAGCAA	TRUE
NIH_Sa_CACACTCAGAGACTAT	NIH_Sa	CACACTCAGAGACTAT	SRR11008269	269_CACACTCAGAGACTAT	TRUE
NIH_Sa_CACACTCGTTGCCTCT	NIH_Sa	CACACTCGTTGCCTCT	SRR11008269	269_CACACTCGTTGCCTCT	TRUE
NIH_Sa_CACACTCTCAGCGATT	NIH_Sa	CACACTCTCAGCGATT	SRR11008269	269_CACACTCTCAGCGATT	TRUE
NIH_Sa_CACACTCTCGGAGCAA	NIH_Sa	CACACTCTCGGAGCAA	SRR11008269	269_CACACTCTCGGAGCAA	TRUE
NIH_Sa_CACAGGCCATGGTTGT	NIH_Sa	CACAGGCCATGGTTGT	SRR11008269	269_CACAGGCCATGGTTGT	TRUE
NIH_Sa_CACAGTACACATTCGA	NIH_Sa	CACAGTACACATTCGA	SRR11008269	269_CACAGTACACATTCGA	TRUE
NIH_Sa_CACATTTGTAAATGTG	NIH_Sa	CACATTTGTAAATGTG	SRR11008269	269_CACATTTGTAAATGTG	TRUE
NIH_Sa_CACCACTAGCGTTCCG	NIH_Sa	CACCACTAGCGTTCCG	SRR11008269	269_CACCACTAGCGTTCCG	TRUE
NIH_Sa_CACCAGGCAATAGAGT	NIH_Sa	CACCAGGCAATAGAGT	SRR11008269	269_CACCAGGCAATAGAGT	TRUE
NIH_Sa_CACCAGGCAGATGGGT	NIH_Sa	CACCAGGCAGATGGGT	SRR11008269	269_CACCAGGCAGATGGGT	TRUE
NIH_Sa_CACCTTGGTACGCTGC	NIH_Sa	CACCTTGGTACGCTGC	SRR11008269	269_CACCTTGGTACGCTGC	TRUE
NIH_Sa_CACCTTGGTCAGATAA	NIH_Sa	CACCTTGGTCAGATAA	SRR11008269	269_CACCTTGGTCAGATAA	TRUE
NIH_Sa_CACCTTGGTCTCTTAT	NIH_Sa	CACCTTGGTCTCTTAT	SRR11008269	269_CACCTTGGTCTCTTAT	TRUE
NIH_Sa_CACCTTGGTGCACTTA	NIH_Sa	CACCTTGGTGCACTTA	SRR11008269	269_CACCTTGGTGCACTTA	TRUE
NIH_Sa_CACCTTGGTTTGACAC	NIH_Sa	CACCTTGGTTTGACAC	SRR11008269	269_CACCTTGGTTTGACAC	TRUE
NIH_Sa_CACTCCAAGACCGGAT	NIH_Sa	CACTCCAAGACCGGAT	SRR11008269	269_CACTCCAAGACCGGAT	TRUE
NIH_Sa_CACTCCAAGAGCAATT	NIH_Sa	CACTCCAAGAGCAATT	SRR11008269	269_CACTCCAAGAGCAATT	TRUE
NIH_Sa_CAGAATCAGCTCCCAG	NIH_Sa	CAGAATCAGCTCCCAG	SRR11008269	269_CAGAATCAGCTCCCAG	TRUE
NIH_Sa_CAGAATCGTACATCCA	NIH_Sa	CAGAATCGTACATCCA	SRR11008269	269_CAGAATCGTACATCCA	TRUE
NIH_Sa_CAGAGAGTCAGCTGGC	NIH_Sa	CAGAGAGTCAGCTGGC	SRR11008269	269_CAGAGAGTCAGCTGGC	TRUE
NIH_Sa_CAGATCACACCGGAAA	NIH_Sa	CAGATCACACCGGAAA	SRR11008269	269_CAGATCACACCGGAAA	TRUE
NIH_Sa_CAGCAGCAGCGTGTCC	NIH_Sa	CAGCAGCAGCGTGTCC	SRR11008269	269_CAGCAGCAGCGTGTCC	TRUE
NIH_Sa_CAGCATACAGTATGCT	NIH_Sa	CAGCATACAGTATGCT	SRR11008269	269_CAGCATACAGTATGCT	TRUE
NIH_Sa_CAGCCGACACCTCGTT	NIH_Sa	CAGCCGACACCTCGTT	SRR11008269	269_CAGCCGACACCTCGTT	TRUE
NIH_Sa_CAGCCGAGTGACAAAT	NIH_Sa	CAGCCGAGTGACAAAT	SRR11008269	269_CAGCCGAGTGACAAAT	TRUE
NIH_Sa_CAGCGACTCCGAAGAG	NIH_Sa	CAGCGACTCCGAAGAG	SRR11008269	269_CAGCGACTCCGAAGAG	TRUE
NIH_Sa_CAGCTAAGTCTGGTCG	NIH_Sa	CAGCTAAGTCTGGTCG	SRR11008269	269_CAGCTAAGTCTGGTCG	TRUE
NIH_Sa_CAGGTGCAGTACACCT	NIH_Sa	CAGGTGCAGTACACCT	SRR11008269	269_CAGGTGCAGTACACCT	TRUE
NIH_Sa_CAGGTGCAGTTGCAGG	NIH_Sa	CAGGTGCAGTTGCAGG	SRR11008269	269_CAGGTGCAGTTGCAGG	TRUE
NIH_Sa_CAGGTGCTCAAACGGG	NIH_Sa	CAGGTGCTCAAACGGG	SRR11008269	269_CAGGTGCTCAAACGGG	TRUE
NIH_Sa_CAGTAACCATGCCTTC	NIH_Sa	CAGTAACCATGCCTTC	SRR11008269	269_CAGTAACCATGCCTTC	TRUE
NIH_Sa_CAGTAACGTCGAATCT	NIH_Sa	CAGTAACGTCGAATCT	SRR11008269	269_CAGTAACGTCGAATCT	TRUE
NIH_Sa_CAGTCCTCAAATTGCC	NIH_Sa	CAGTCCTCAAATTGCC	SRR11008269	269_CAGTCCTCAAATTGCC	TRUE
NIH_Sa_CAGTCCTGTTGGTAAA	NIH_Sa	CAGTCCTGTTGGTAAA	SRR11008269	269_CAGTCCTGTTGGTAAA	TRUE
NIH_Sa_CAGTCCTTCTCTTGAT	NIH_Sa	CAGTCCTTCTCTTGAT	SRR11008269	269_CAGTCCTTCTCTTGAT	TRUE
NIH_Sa_CATATGGAGAACAACT	NIH_Sa	CATATGGAGAACAACT	SRR11008269	269_CATATGGAGAACAACT	TRUE
NIH_Sa_CATATGGCAAGCGAGT	NIH_Sa	CATATGGCAAGCGAGT	SRR11008269	269_CATATGGCAAGCGAGT	TRUE
NIH_Sa_CATATGGTCCTGCCAT	NIH_Sa	CATATGGTCCTGCCAT	SRR11008269	269_CATATGGTCCTGCCAT	TRUE
NIH_Sa_CATATTCAGGATGTAT	NIH_Sa	CATATTCAGGATGTAT	SRR11008269	269_CATATTCAGGATGTAT	TRUE
NIH_Sa_CATCAAGAGTTACCCA	NIH_Sa	CATCAAGAGTTACCCA	SRR11008269	269_CATCAAGAGTTACCCA	TRUE
NIH_Sa_CATCAAGCAAGGCTCC	NIH_Sa	CATCAAGCAAGGCTCC	SRR11008269	269_CATCAAGCAAGGCTCC	TRUE
NIH_Sa_CATCAAGGTTACCGAT	NIH_Sa	CATCAAGGTTACCGAT	SRR11008269	269_CATCAAGGTTACCGAT	TRUE
NIH_Sa_CATCCACCAAGTAGTA	NIH_Sa	CATCCACCAAGTAGTA	SRR11008269	269_CATCCACCAAGTAGTA	TRUE
NIH_Sa_CATGACAAGCCAGTAG	NIH_Sa	CATGACAAGCCAGTAG	SRR11008269	269_CATGACAAGCCAGTAG	TRUE
NIH_Sa_CATGACACAATGTTGC	NIH_Sa	CATGACACAATGTTGC	SRR11008269	269_CATGACACAATGTTGC	TRUE
NIH_Sa_CATGACACAGACAAGC	NIH_Sa	CATGACACAGACAAGC	SRR11008269	269_CATGACACAGACAAGC	TRUE
NIH_Sa_CATGACAGTGCATCTA	NIH_Sa	CATGACAGTGCATCTA	SRR11008269	269_CATGACAGTGCATCTA	TRUE
NIH_Sa_CATGACAGTTTGCATG	NIH_Sa	CATGACAGTTTGCATG	SRR11008269	269_CATGACAGTTTGCATG	TRUE
NIH_Sa_CATGACATCATAACCG	NIH_Sa	CATGACATCATAACCG	SRR11008269	269_CATGACATCATAACCG	TRUE
NIH_Sa_CATGACATCTGGTATG	NIH_Sa	CATGACATCTGGTATG	SRR11008269	269_CATGACATCTGGTATG	TRUE
NIH_Sa_CATGCCTAGACTCGGA	NIH_Sa	CATGCCTAGACTCGGA	SRR11008269	269_CATGCCTAGACTCGGA	TRUE
NIH_Sa_CATGCCTCATCGGTTA	NIH_Sa	CATGCCTCATCGGTTA	SRR11008269	269_CATGCCTCATCGGTTA	TRUE
NIH_Sa_CATTATCAGCTTTGGT	NIH_Sa	CATTATCAGCTTTGGT	SRR11008269	269_CATTATCAGCTTTGGT	TRUE
NIH_Sa_CATTATCGTCAGAATA	NIH_Sa	CATTATCGTCAGAATA	SRR11008269	269_CATTATCGTCAGAATA	TRUE
NIH_Sa_CCAATCCAGCTACCTA	NIH_Sa	CCAATCCAGCTACCTA	SRR11008269	269_CCAATCCAGCTACCTA	TRUE
NIH_Sa_CCAATCCCAGCTATTG	NIH_Sa	CCAATCCCAGCTATTG	SRR11008269	269_CCAATCCCAGCTATTG	TRUE
NIH_Sa_CCAATCCGTTTAGGAA	NIH_Sa	CCAATCCGTTTAGGAA	SRR11008269	269_CCAATCCGTTTAGGAA	TRUE
NIH_Sa_CCAATCCTCTCTTGAT	NIH_Sa	CCAATCCTCTCTTGAT	SRR11008269	269_CCAATCCTCTCTTGAT	TRUE
NIH_Sa_CCACCTAAGAGAGCTC	NIH_Sa	CCACCTAAGAGAGCTC	SRR11008269	269_CCACCTAAGAGAGCTC	TRUE
NIH_Sa_CCACCTAGTTGGAGGT	NIH_Sa	CCACCTAGTTGGAGGT	SRR11008269	269_CCACCTAGTTGGAGGT	TRUE
NIH_Sa_CCACGGATCACCGGGT	NIH_Sa	CCACGGATCACCGGGT	SRR11008269	269_CCACGGATCACCGGGT	TRUE
NIH_Sa_CCACTACCAGTCTTCC	NIH_Sa	CCACTACCAGTCTTCC	SRR11008269	269_CCACTACCAGTCTTCC	TRUE
NIH_Sa_CCACTACGTCTCTCGT	NIH_Sa	CCACTACGTCTCTCGT	SRR11008269	269_CCACTACGTCTCTCGT	TRUE
NIH_Sa_CCAGCGAGTCCTAGCG	NIH_Sa	CCAGCGAGTCCTAGCG	SRR11008269	269_CCAGCGAGTCCTAGCG	TRUE
NIH_Sa_CCAGCGATCTGTACGA	NIH_Sa	CCAGCGATCTGTACGA	SRR11008269	269_CCAGCGATCTGTACGA	TRUE
NIH_Sa_CCATGTCAGAACAATC	NIH_Sa	CCATGTCAGAACAATC	SRR11008269	269_CCATGTCAGAACAATC	TRUE
NIH_Sa_CCATGTCCATTGGTAC	NIH_Sa	CCATGTCCATTGGTAC	SRR11008269	269_CCATGTCCATTGGTAC	TRUE
NIH_Sa_CCATGTCTCAACGAAA	NIH_Sa	CCATGTCTCAACGAAA	SRR11008269	269_CCATGTCTCAACGAAA	TRUE
NIH_Sa_CCATTCGTCCACGTGG	NIH_Sa	CCATTCGTCCACGTGG	SRR11008269	269_CCATTCGTCCACGTGG	TRUE
NIH_Sa_CCCAATCGTAAGTGGC	NIH_Sa	CCCAATCGTAAGTGGC	SRR11008269	269_CCCAATCGTAAGTGGC	TRUE
NIH_Sa_CCCAATCTCTACTTAC	NIH_Sa	CCCAATCTCTACTTAC	SRR11008269	269_CCCAATCTCTACTTAC	TRUE
NIH_Sa_CCCTCCTCAAAGCGGT	NIH_Sa	CCCTCCTCAAAGCGGT	SRR11008269	269_CCCTCCTCAAAGCGGT	FALSE
NIH_Sa_CCCTCCTCAGCTGTTA	NIH_Sa	CCCTCCTCAGCTGTTA	SRR11008269	269_CCCTCCTCAGCTGTTA	TRUE
NIH_Sa_CCCTCCTTCATTGCCC	NIH_Sa	CCCTCCTTCATTGCCC	SRR11008269	269_CCCTCCTTCATTGCCC	TRUE
NIH_Sa_CCGGGATAGCCCTAAT	NIH_Sa	CCGGGATAGCCCTAAT	SRR11008269	269_CCGGGATAGCCCTAAT	TRUE
NIH_Sa_CCGGGATAGTGATCGG	NIH_Sa	CCGGGATAGTGATCGG	SRR11008269	269_CCGGGATAGTGATCGG	TRUE
NIH_Sa_CCGGTAGGTACAGTTC	NIH_Sa	CCGGTAGGTACAGTTC	SRR11008269	269_CCGGTAGGTACAGTTC	TRUE
NIH_Sa_CCGGTAGTCGCATGGC	NIH_Sa	CCGGTAGTCGCATGGC	SRR11008269	269_CCGGTAGTCGCATGGC	TRUE
NIH_Sa_CCGTACTCAGACAAGC	NIH_Sa	CCGTACTCAGACAAGC	SRR11008269	269_CCGTACTCAGACAAGC	TRUE
NIH_Sa_CCGTGGACAACTTGAC	NIH_Sa	CCGTGGACAACTTGAC	SRR11008269	269_CCGTGGACAACTTGAC	TRUE
NIH_Sa_CCGTGGACACAGACTT	NIH_Sa	CCGTGGACACAGACTT	SRR11008269	269_CCGTGGACACAGACTT	TRUE
NIH_Sa_CCGTTCAGTACTCGCG	NIH_Sa	CCGTTCAGTACTCGCG	SRR11008269	269_CCGTTCAGTACTCGCG	TRUE
NIH_Sa_CCTAAAGCAGCATACT	NIH_Sa	CCTAAAGCAGCATACT	SRR11008269	269_CCTAAAGCAGCATACT	TRUE
NIH_Sa_CCTAAAGCATCGACGC	NIH_Sa	CCTAAAGCATCGACGC	SRR11008269	269_CCTAAAGCATCGACGC	TRUE
NIH_Sa_CCTAAAGTCTTTACAC	NIH_Sa	CCTAAAGTCTTTACAC	SRR11008269	269_CCTAAAGTCTTTACAC	TRUE
NIH_Sa_CCTACCACATCTGGTA	NIH_Sa	CCTACCACATCTGGTA	SRR11008269	269_CCTACCACATCTGGTA	TRUE
NIH_Sa_CCTAGCTAGAGCAATT	NIH_Sa	CCTAGCTAGAGCAATT	SRR11008269	269_CCTAGCTAGAGCAATT	TRUE
NIH_Sa_CCTAGCTAGTGAACAT	NIH_Sa	CCTAGCTAGTGAACAT	SRR11008269	269_CCTAGCTAGTGAACAT	TRUE
NIH_Sa_CCTAGCTTCCGGGTGT	NIH_Sa	CCTAGCTTCCGGGTGT	SRR11008269	269_CCTAGCTTCCGGGTGT	TRUE
NIH_Sa_CCTATTACATGATCCA	NIH_Sa	CCTATTACATGATCCA	SRR11008269	269_CCTATTACATGATCCA	TRUE
NIH_Sa_CCTATTAGTATATGAG	NIH_Sa	CCTATTAGTATATGAG	SRR11008269	269_CCTATTAGTATATGAG	TRUE
NIH_Sa_CCTCAGTAGTGGGATC	NIH_Sa	CCTCAGTAGTGGGATC	SRR11008269	269_CCTCAGTAGTGGGATC	TRUE
NIH_Sa_CCTCAGTGTTACAGAA	NIH_Sa	CCTCAGTGTTACAGAA	SRR11008269	269_CCTCAGTGTTACAGAA	TRUE
NIH_Sa_CCTCAGTTCGTCGTTC	NIH_Sa	CCTCAGTTCGTCGTTC	SRR11008269	269_CCTCAGTTCGTCGTTC	TRUE
NIH_Sa_CCTCTGAGTCGCGGTT	NIH_Sa	CCTCTGAGTCGCGGTT	SRR11008269	269_CCTCTGAGTCGCGGTT	TRUE
NIH_Sa_CCTCTGAGTTACTGAC	NIH_Sa	CCTCTGAGTTACTGAC	SRR11008269	269_CCTCTGAGTTACTGAC	TRUE
NIH_Sa_CCTCTGATCAAGATCC	NIH_Sa	CCTCTGATCAAGATCC	SRR11008269	269_CCTCTGATCAAGATCC	TRUE
NIH_Sa_CCTTACGAGAAACCTA	NIH_Sa	CCTTACGAGAAACCTA	SRR11008269	269_CCTTACGAGAAACCTA	TRUE
NIH_Sa_CCTTACGAGATATACG	NIH_Sa	CCTTACGAGATATACG	SRR11008269	269_CCTTACGAGATATACG	TRUE
NIH_Sa_CCTTACGGTGACTCAT	NIH_Sa	CCTTACGGTGACTCAT	SRR11008269	269_CCTTACGGTGACTCAT	TRUE
NIH_Sa_CCTTACGTCGTTACGA	NIH_Sa	CCTTACGTCGTTACGA	SRR11008269	269_CCTTACGTCGTTACGA	TRUE
NIH_Sa_CCTTCCCCATCAGTCA	NIH_Sa	CCTTCCCCATCAGTCA	SRR11008269	269_CCTTCCCCATCAGTCA	TRUE
NIH_Sa_CCTTCCCCATCATCCC	NIH_Sa	CCTTCCCCATCATCCC	SRR11008269	269_CCTTCCCCATCATCCC	TRUE
NIH_Sa_CCTTCCCTCTGTTGAG	NIH_Sa	CCTTCCCTCTGTTGAG	SRR11008269	269_CCTTCCCTCTGTTGAG	TRUE
NIH_Sa_CCTTCGAGTTGTACAC	NIH_Sa	CCTTCGAGTTGTACAC	SRR11008269	269_CCTTCGAGTTGTACAC	TRUE
NIH_Sa_CCTTCGATCTCCTATA	NIH_Sa	CCTTCGATCTCCTATA	SRR11008269	269_CCTTCGATCTCCTATA	TRUE
NIH_Sa_CCTTCGATCTCGAGTA	NIH_Sa	CCTTCGATCTCGAGTA	SRR11008269	269_CCTTCGATCTCGAGTA	TRUE
NIH_Sa_CCTTTCTAGCGTCTAT	NIH_Sa	CCTTTCTAGCGTCTAT	SRR11008269	269_CCTTTCTAGCGTCTAT	TRUE
NIH_Sa_CGAATGTAGTGACATA	NIH_Sa	CGAATGTAGTGACATA	SRR11008269	269_CGAATGTAGTGACATA	TRUE
NIH_Sa_CGAATGTGTGGTACAG	NIH_Sa	CGAATGTGTGGTACAG	SRR11008269	269_CGAATGTGTGGTACAG	TRUE
NIH_Sa_CGACCTTAGACACTAA	NIH_Sa	CGACCTTAGACACTAA	SRR11008269	269_CGACCTTAGACACTAA	TRUE
NIH_Sa_CGACCTTAGACGCAAC	NIH_Sa	CGACCTTAGACGCAAC	SRR11008269	269_CGACCTTAGACGCAAC	TRUE
NIH_Sa_CGACCTTGTACCAGTT	NIH_Sa	CGACCTTGTACCAGTT	SRR11008269	269_CGACCTTGTACCAGTT	TRUE
NIH_Sa_CGACCTTTCAATCTCT	NIH_Sa	CGACCTTTCAATCTCT	SRR11008269	269_CGACCTTTCAATCTCT	TRUE
NIH_Sa_CGACCTTTCAGAGCTT	NIH_Sa	CGACCTTTCAGAGCTT	SRR11008269	269_CGACCTTTCAGAGCTT	TRUE
NIH_Sa_CGACCTTTCTTCGGTC	NIH_Sa	CGACCTTTCTTCGGTC	SRR11008269	269_CGACCTTTCTTCGGTC	TRUE
NIH_Sa_CGACTTCCATGTAGTC	NIH_Sa	CGACTTCCATGTAGTC	SRR11008269	269_CGACTTCCATGTAGTC	TRUE
NIH_Sa_CGAGAAGAGACATAAC	NIH_Sa	CGAGAAGAGACATAAC	SRR11008269	269_CGAGAAGAGACATAAC	TRUE
NIH_Sa_CGAGAAGAGAGGTTGC	NIH_Sa	CGAGAAGAGAGGTTGC	SRR11008269	269_CGAGAAGAGAGGTTGC	TRUE
NIH_Sa_CGAGAAGAGCTAGCCC	NIH_Sa	CGAGAAGAGCTAGCCC	SRR11008269	269_CGAGAAGAGCTAGCCC	TRUE
NIH_Sa_CGAGAAGAGGTACTCT	NIH_Sa	CGAGAAGAGGTACTCT	SRR11008269	269_CGAGAAGAGGTACTCT	TRUE
NIH_Sa_CGAGAAGAGGTGTTAA	NIH_Sa	CGAGAAGAGGTGTTAA	SRR11008269	269_CGAGAAGAGGTGTTAA	TRUE
NIH_Sa_CGAGAAGCATGATCCA	NIH_Sa	CGAGAAGCATGATCCA	SRR11008269	269_CGAGAAGCATGATCCA	TRUE
NIH_Sa_CGAGAAGGTCAAAGCG	NIH_Sa	CGAGAAGGTCAAAGCG	SRR11008269	269_CGAGAAGGTCAAAGCG	TRUE
NIH_Sa_CGAGCACGTAGAGGAA	NIH_Sa	CGAGCACGTAGAGGAA	SRR11008269	269_CGAGCACGTAGAGGAA	TRUE
NIH_Sa_CGAGCCAGTTGATTGC	NIH_Sa	CGAGCCAGTTGATTGC	SRR11008269	269_CGAGCCAGTTGATTGC	TRUE
NIH_Sa_CGAGCCATCGCTAGCG	NIH_Sa	CGAGCCATCGCTAGCG	SRR11008269	269_CGAGCCATCGCTAGCG	TRUE
NIH_Sa_CGAGCCATCTGTTGAG	NIH_Sa	CGAGCCATCTGTTGAG	SRR11008269	269_CGAGCCATCTGTTGAG	TRUE
NIH_Sa_CGAGCCATCTTGTCAT	NIH_Sa	CGAGCCATCTTGTCAT	SRR11008269	269_CGAGCCATCTTGTCAT	TRUE
NIH_Sa_CGATCGGAGTCCAGGA	NIH_Sa	CGATCGGAGTCCAGGA	SRR11008269	269_CGATCGGAGTCCAGGA	TRUE
NIH_Sa_CGATGTAAGGTGTGGT	NIH_Sa	CGATGTAAGGTGTGGT	SRR11008269	269_CGATGTAAGGTGTGGT	TRUE
NIH_Sa_CGATGTACATAACCTG	NIH_Sa	CGATGTACATAACCTG	SRR11008269	269_CGATGTACATAACCTG	TRUE
NIH_Sa_CGATGTATCGCATGAT	NIH_Sa	CGATGTATCGCATGAT	SRR11008269	269_CGATGTATCGCATGAT	TRUE
NIH_Sa_CGCCAAGCAGATCCAT	NIH_Sa	CGCCAAGCAGATCCAT	SRR11008269	269_CGCCAAGCAGATCCAT	TRUE
NIH_Sa_CGCCAAGGTCGGCATC	NIH_Sa	CGCCAAGGTCGGCATC	SRR11008269	269_CGCCAAGGTCGGCATC	TRUE
NIH_Sa_CGCCAAGGTCTCCATC	NIH_Sa	CGCCAAGGTCTCCATC	SRR11008269	269_CGCCAAGGTCTCCATC	TRUE
NIH_Sa_CGCCAAGGTGAGCGAT	NIH_Sa	CGCCAAGGTGAGCGAT	SRR11008269	269_CGCCAAGGTGAGCGAT	TRUE
NIH_Sa_CGCCAAGTCCCTTGTG	NIH_Sa	CGCCAAGTCCCTTGTG	SRR11008269	269_CGCCAAGTCCCTTGTG	TRUE
NIH_Sa_CGCGTTTAGGCATTGG	NIH_Sa	CGCGTTTAGGCATTGG	SRR11008269	269_CGCGTTTAGGCATTGG	TRUE
NIH_Sa_CGCGTTTCACGGTAGA	NIH_Sa	CGCGTTTCACGGTAGA	SRR11008269	269_CGCGTTTCACGGTAGA	TRUE
NIH_Sa_CGCTATCCAATGGAGC	NIH_Sa	CGCTATCCAATGGAGC	SRR11008269	269_CGCTATCCAATGGAGC	TRUE
NIH_Sa_CGCTATCCACCTCGTT	NIH_Sa	CGCTATCCACCTCGTT	SRR11008269	269_CGCTATCCACCTCGTT	TRUE
NIH_Sa_CGCTATCTCTCGCTTG	NIH_Sa	CGCTATCTCTCGCTTG	SRR11008269	269_CGCTATCTCTCGCTTG	TRUE
NIH_Sa_CGCTGGAGTACATGTC	NIH_Sa	CGCTGGAGTACATGTC	SRR11008269	269_CGCTGGAGTACATGTC	TRUE
NIH_Sa_CGCTTCAGTCTAGCCG	NIH_Sa	CGCTTCAGTCTAGCCG	SRR11008269	269_CGCTTCAGTCTAGCCG	TRUE
NIH_Sa_CGGACACAGTACTTGC	NIH_Sa	CGGACACAGTACTTGC	SRR11008269	269_CGGACACAGTACTTGC	TRUE
NIH_Sa_CGGACACCACTGTTAG	NIH_Sa	CGGACACCACTGTTAG	SRR11008269	269_CGGACACCACTGTTAG	TRUE
NIH_Sa_CGGACGTAGCACCGCT	NIH_Sa	CGGACGTAGCACCGCT	SRR11008269	269_CGGACGTAGCACCGCT	TRUE
NIH_Sa_CGGAGCTCACGGACAA	NIH_Sa	CGGAGCTCACGGACAA	SRR11008269	269_CGGAGCTCACGGACAA	TRUE
NIH_Sa_CGGAGCTGTCTTTCAT	NIH_Sa	CGGAGCTGTCTTTCAT	SRR11008269	269_CGGAGCTGTCTTTCAT	TRUE
NIH_Sa_CGGAGCTTCGGTGTCG	NIH_Sa	CGGAGCTTCGGTGTCG	SRR11008269	269_CGGAGCTTCGGTGTCG	TRUE
NIH_Sa_CGGCTAGCACACCGCA	NIH_Sa	CGGCTAGCACACCGCA	SRR11008269	269_CGGCTAGCACACCGCA	TRUE
NIH_Sa_CGGCTAGGTAGCGCAA	NIH_Sa	CGGCTAGGTAGCGCAA	SRR11008269	269_CGGCTAGGTAGCGCAA	TRUE
NIH_Sa_CGGCTAGGTCCGAGTC	NIH_Sa	CGGCTAGGTCCGAGTC	SRR11008269	269_CGGCTAGGTCCGAGTC	TRUE
NIH_Sa_CGGTTAAAGCCATCGC	NIH_Sa	CGGTTAAAGCCATCGC	SRR11008269	269_CGGTTAAAGCCATCGC	TRUE
NIH_Sa_CGTAGCGCAATTGCTG	NIH_Sa	CGTAGCGCAATTGCTG	SRR11008269	269_CGTAGCGCAATTGCTG	TRUE
NIH_Sa_CGTAGGCAGCGATGAC	NIH_Sa	CGTAGGCAGCGATGAC	SRR11008269	269_CGTAGGCAGCGATGAC	TRUE
NIH_Sa_CGTAGGCAGTCCAGGA	NIH_Sa	CGTAGGCAGTCCAGGA	SRR11008269	269_CGTAGGCAGTCCAGGA	TRUE
NIH_Sa_CGTAGGCGTACTTCTT	NIH_Sa	CGTAGGCGTACTTCTT	SRR11008269	269_CGTAGGCGTACTTCTT	TRUE
NIH_Sa_CGTAGGCGTAGGACAC	NIH_Sa	CGTAGGCGTAGGACAC	SRR11008269	269_CGTAGGCGTAGGACAC	TRUE
NIH_Sa_CGTAGGCTCATCACCC	NIH_Sa	CGTAGGCTCATCACCC	SRR11008269	269_CGTAGGCTCATCACCC	TRUE
NIH_Sa_CGTCACTCACGGCGTT	NIH_Sa	CGTCACTCACGGCGTT	SRR11008269	269_CGTCACTCACGGCGTT	TRUE
NIH_Sa_CGTCAGGAGAATCTCC	NIH_Sa	CGTCAGGAGAATCTCC	SRR11008269	269_CGTCAGGAGAATCTCC	TRUE
NIH_Sa_CGTCAGGCATACGCTA	NIH_Sa	CGTCAGGCATACGCTA	SRR11008269	269_CGTCAGGCATACGCTA	TRUE
NIH_Sa_CGTCAGGGTTACTGAC	NIH_Sa	CGTCAGGGTTACTGAC	SRR11008269	269_CGTCAGGGTTACTGAC	TRUE
NIH_Sa_CGTCAGGGTTGCCTCT	NIH_Sa	CGTCAGGGTTGCCTCT	SRR11008269	269_CGTCAGGGTTGCCTCT	TRUE
NIH_Sa_CGTCCATCAATAAGCA	NIH_Sa	CGTCCATCAATAAGCA	SRR11008269	269_CGTCCATCAATAAGCA	TRUE
NIH_Sa_CGTCCATTCATTTGGG	NIH_Sa	CGTCCATTCATTTGGG	SRR11008269	269_CGTCCATTCATTTGGG	TRUE
NIH_Sa_CGTCTACAGCGATATA	NIH_Sa	CGTCTACAGCGATATA	SRR11008269	269_CGTCTACAGCGATATA	TRUE
NIH_Sa_CGTCTACCATTAGCCA	NIH_Sa	CGTCTACCATTAGCCA	SRR11008269	269_CGTCTACCATTAGCCA	TRUE
NIH_Sa_CGTGAGCAGGGCTCTC	NIH_Sa	CGTGAGCAGGGCTCTC	SRR11008269	269_CGTGAGCAGGGCTCTC	TRUE
NIH_Sa_CGTGAGCCATGAAGTA	NIH_Sa	CGTGAGCCATGAAGTA	SRR11008269	269_CGTGAGCCATGAAGTA	TRUE
NIH_Sa_CGTGTAATCGAATCCA	NIH_Sa	CGTGTAATCGAATCCA	SRR11008269	269_CGTGTAATCGAATCCA	TRUE
NIH_Sa_CGTGTAATCGGTCCGA	NIH_Sa	CGTGTAATCGGTCCGA	SRR11008269	269_CGTGTAATCGGTCCGA	TRUE
NIH_Sa_CGTGTCTAGCCCAGCT	NIH_Sa	CGTGTCTAGCCCAGCT	SRR11008269	269_CGTGTCTAGCCCAGCT	TRUE
NIH_Sa_CGTGTCTAGCTTATCG	NIH_Sa	CGTGTCTAGCTTATCG	SRR11008269	269_CGTGTCTAGCTTATCG	TRUE
NIH_Sa_CGTGTCTAGTTCGCAT	NIH_Sa	CGTGTCTAGTTCGCAT	SRR11008269	269_CGTGTCTAGTTCGCAT	TRUE
NIH_Sa_CGTGTCTGTAATCGTC	NIH_Sa	CGTGTCTGTAATCGTC	SRR11008269	269_CGTGTCTGTAATCGTC	TRUE
NIH_Sa_CGTTCTGAGCACAGGT	NIH_Sa	CGTTCTGAGCACAGGT	SRR11008269	269_CGTTCTGAGCACAGGT	FALSE
NIH_Sa_CGTTCTGAGCAGACTG	NIH_Sa	CGTTCTGAGCAGACTG	SRR11008269	269_CGTTCTGAGCAGACTG	TRUE
NIH_Sa_CGTTCTGTCTTTCCTC	NIH_Sa	CGTTCTGTCTTTCCTC	SRR11008269	269_CGTTCTGTCTTTCCTC	TRUE
NIH_Sa_CGTTGGGGTAGCGCAA	NIH_Sa	CGTTGGGGTAGCGCAA	SRR11008269	269_CGTTGGGGTAGCGCAA	TRUE
NIH_Sa_CTAACTTCAGAAGCAC	NIH_Sa	CTAACTTCAGAAGCAC	SRR11008269	269_CTAACTTCAGAAGCAC	TRUE
NIH_Sa_CTAACTTCATATGCTG	NIH_Sa	CTAACTTCATATGCTG	SRR11008269	269_CTAACTTCATATGCTG	TRUE
NIH_Sa_CTAACTTGTCCTGCTT	NIH_Sa	CTAACTTGTCCTGCTT	SRR11008269	269_CTAACTTGTCCTGCTT	TRUE
NIH_Sa_CTAACTTGTCTGCCAG	NIH_Sa	CTAACTTGTCTGCCAG	SRR11008269	269_CTAACTTGTCTGCCAG	TRUE
NIH_Sa_CTAAGACCAGTCCTTC	NIH_Sa	CTAAGACCAGTCCTTC	SRR11008269	269_CTAAGACCAGTCCTTC	TRUE
NIH_Sa_CTAATGGAGAATAGGG	NIH_Sa	CTAATGGAGAATAGGG	SRR11008269	269_CTAATGGAGAATAGGG	TRUE
NIH_Sa_CTAATGGAGGCACATG	NIH_Sa	CTAATGGAGGCACATG	SRR11008269	269_CTAATGGAGGCACATG	TRUE
NIH_Sa_CTAATGGAGGCGACAT	NIH_Sa	CTAATGGAGGCGACAT	SRR11008269	269_CTAATGGAGGCGACAT	TRUE
NIH_Sa_CTAATGGCACCGCTAG	NIH_Sa	CTAATGGCACCGCTAG	SRR11008269	269_CTAATGGCACCGCTAG	TRUE
NIH_Sa_CTAATGGCACGCCAGT	NIH_Sa	CTAATGGCACGCCAGT	SRR11008269	269_CTAATGGCACGCCAGT	TRUE
NIH_Sa_CTACACCAGGATCGCA	NIH_Sa	CTACACCAGGATCGCA	SRR11008269	269_CTACACCAGGATCGCA	TRUE
NIH_Sa_CTACACCAGTATGACA	NIH_Sa	CTACACCAGTATGACA	SRR11008269	269_CTACACCAGTATGACA	TRUE
NIH_Sa_CTACACCGTGACGGTA	NIH_Sa	CTACACCGTGACGGTA	SRR11008269	269_CTACACCGTGACGGTA	TRUE
NIH_Sa_CTACACCTCTTGACGA	NIH_Sa	CTACACCTCTTGACGA	SRR11008269	269_CTACACCTCTTGACGA	TRUE
NIH_Sa_CTACCCACACCGAAAG	NIH_Sa	CTACCCACACCGAAAG	SRR11008269	269_CTACCCACACCGAAAG	TRUE
NIH_Sa_CTACCCACATTTGCCC	NIH_Sa	CTACCCACATTTGCCC	SRR11008269	269_CTACCCACATTTGCCC	TRUE
NIH_Sa_CTACCCATCCAAGCCG	NIH_Sa	CTACCCATCCAAGCCG	SRR11008269	269_CTACCCATCCAAGCCG	TRUE
NIH_Sa_CTACGTCAGGCATGTG	NIH_Sa	CTACGTCAGGCATGTG	SRR11008269	269_CTACGTCAGGCATGTG	TRUE
NIH_Sa_CTACGTCAGGTGTTAA	NIH_Sa	CTACGTCAGGTGTTAA	SRR11008269	269_CTACGTCAGGTGTTAA	TRUE
NIH_Sa_CTAGCCTGTCTAGTGT	NIH_Sa	CTAGCCTGTCTAGTGT	SRR11008269	269_CTAGCCTGTCTAGTGT	TRUE
NIH_Sa_CTAGCCTTCTTCAACT	NIH_Sa	CTAGCCTTCTTCAACT	SRR11008269	269_CTAGCCTTCTTCAACT	TRUE
NIH_Sa_CTAGTGAGTTCTCATT	NIH_Sa	CTAGTGAGTTCTCATT	SRR11008269	269_CTAGTGAGTTCTCATT	TRUE
NIH_Sa_CTAGTGATCAAAGTAG	NIH_Sa	CTAGTGATCAAAGTAG	SRR11008269	269_CTAGTGATCAAAGTAG	TRUE
NIH_Sa_CTAGTGATCTGTGCAA	NIH_Sa	CTAGTGATCTGTGCAA	SRR11008269	269_CTAGTGATCTGTGCAA	TRUE
NIH_Sa_CTCACACCAGCGTCCA	NIH_Sa	CTCACACCAGCGTCCA	SRR11008269	269_CTCACACCAGCGTCCA	TRUE
NIH_Sa_CTCATTAAGGATGGTC	NIH_Sa	CTCATTAAGGATGGTC	SRR11008269	269_CTCATTAAGGATGGTC	TRUE
NIH_Sa_CTCCTAGAGGGCTCTC	NIH_Sa	CTCCTAGAGGGCTCTC	SRR11008269	269_CTCCTAGAGGGCTCTC	TRUE
NIH_Sa_CTCCTAGCAATGGACG	NIH_Sa	CTCCTAGCAATGGACG	SRR11008269	269_CTCCTAGCAATGGACG	TRUE
NIH_Sa_CTCGAAAGTCGGCACT	NIH_Sa	CTCGAAAGTCGGCACT	SRR11008269	269_CTCGAAAGTCGGCACT	TRUE
NIH_Sa_CTCGAAATCCTTGCCA	NIH_Sa	CTCGAAATCCTTGCCA	SRR11008269	269_CTCGAAATCCTTGCCA	TRUE
NIH_Sa_CTCGAAATCTTTCCTC	NIH_Sa	CTCGAAATCTTTCCTC	SRR11008269	269_CTCGAAATCTTTCCTC	TRUE
NIH_Sa_CTCGAGGAGATGAGAG	NIH_Sa	CTCGAGGAGATGAGAG	SRR11008269	269_CTCGAGGAGATGAGAG	TRUE
NIH_Sa_CTCGAGGAGGCAGTCA	NIH_Sa	CTCGAGGAGGCAGTCA	SRR11008269	269_CTCGAGGAGGCAGTCA	TRUE
NIH_Sa_CTCGAGGCATCTGGTA	NIH_Sa	CTCGAGGCATCTGGTA	SRR11008269	269_CTCGAGGCATCTGGTA	TRUE
NIH_Sa_CTCGGAGAGGCAGTCA	NIH_Sa	CTCGGAGAGGCAGTCA	SRR11008269	269_CTCGGAGAGGCAGTCA	TRUE
NIH_Sa_CTCGGAGCAACTGCTA	NIH_Sa	CTCGGAGCAACTGCTA	SRR11008269	269_CTCGGAGCAACTGCTA	TRUE
NIH_Sa_CTCGGAGCATCACGAT	NIH_Sa	CTCGGAGCATCACGAT	SRR11008269	269_CTCGGAGCATCACGAT	TRUE
NIH_Sa_CTCGGAGGTTACGACT	NIH_Sa	CTCGGAGGTTACGACT	SRR11008269	269_CTCGGAGGTTACGACT	TRUE
NIH_Sa_CTCGGGAGTGGTGTAG	NIH_Sa	CTCGGGAGTGGTGTAG	SRR11008269	269_CTCGGGAGTGGTGTAG	TRUE
NIH_Sa_CTCGGGAGTTCTGAAC	NIH_Sa	CTCGGGAGTTCTGAAC	SRR11008269	269_CTCGGGAGTTCTGAAC	TRUE
NIH_Sa_CTCGTACCATGAGCGA	NIH_Sa	CTCGTACCATGAGCGA	SRR11008269	269_CTCGTACCATGAGCGA	TRUE
NIH_Sa_CTCGTACGTCATCCCT	NIH_Sa	CTCGTACGTCATCCCT	SRR11008269	269_CTCGTACGTCATCCCT	TRUE
NIH_Sa_CTCGTACTCTGTGCAA	NIH_Sa	CTCGTACTCTGTGCAA	SRR11008269	269_CTCGTACTCTGTGCAA	TRUE
NIH_Sa_CTCGTCACAAACGCGA	NIH_Sa	CTCGTCACAAACGCGA	SRR11008269	269_CTCGTCACAAACGCGA	TRUE
NIH_Sa_CTCGTCAGTACCGAGA	NIH_Sa	CTCGTCAGTACCGAGA	SRR11008269	269_CTCGTCAGTACCGAGA	TRUE
NIH_Sa_CTCTAATGTCAAAGAT	NIH_Sa	CTCTAATGTCAAAGAT	SRR11008269	269_CTCTAATGTCAAAGAT	TRUE
NIH_Sa_CTCTACGAGTCGAGTG	NIH_Sa	CTCTACGAGTCGAGTG	SRR11008269	269_CTCTACGAGTCGAGTG	TRUE
NIH_Sa_CTCTACGCAGTCGTGC	NIH_Sa	CTCTACGCAGTCGTGC	SRR11008269	269_CTCTACGCAGTCGTGC	TRUE
NIH_Sa_CTCTACGTCACTCTTA	NIH_Sa	CTCTACGTCACTCTTA	SRR11008269	269_CTCTACGTCACTCTTA	TRUE
NIH_Sa_CTCTACGTCTCACATT	NIH_Sa	CTCTACGTCTCACATT	SRR11008269	269_CTCTACGTCTCACATT	TRUE
NIH_Sa_CTGAAGTCAGCCTTGG	NIH_Sa	CTGAAGTCAGCCTTGG	SRR11008269	269_CTGAAGTCAGCCTTGG	TRUE
NIH_Sa_CTGATAGCAGCGTAAG	NIH_Sa	CTGATAGCAGCGTAAG	SRR11008269	269_CTGATAGCAGCGTAAG	TRUE
NIH_Sa_CTGATAGGTACCGTAT	NIH_Sa	CTGATAGGTACCGTAT	SRR11008269	269_CTGATAGGTACCGTAT	TRUE
NIH_Sa_CTGATAGTCATCACCC	NIH_Sa	CTGATAGTCATCACCC	SRR11008269	269_CTGATAGTCATCACCC	TRUE
NIH_Sa_CTGATCCAGCGATAGC	NIH_Sa	CTGATCCAGCGATAGC	SRR11008269	269_CTGATCCAGCGATAGC	FALSE
NIH_Sa_CTGATCCAGCGGCTTC	NIH_Sa	CTGATCCAGCGGCTTC	SRR11008269	269_CTGATCCAGCGGCTTC	TRUE
NIH_Sa_CTGATCCAGTACGCCC	NIH_Sa	CTGATCCAGTACGCCC	SRR11008269	269_CTGATCCAGTACGCCC	TRUE
NIH_Sa_CTGATCCCAGTATCTG	NIH_Sa	CTGATCCCAGTATCTG	SRR11008269	269_CTGATCCCAGTATCTG	TRUE
NIH_Sa_CTGATCCGTGTGTGCC	NIH_Sa	CTGATCCGTGTGTGCC	SRR11008269	269_CTGATCCGTGTGTGCC	TRUE
NIH_Sa_CTGATCCTCAAACGGG	NIH_Sa	CTGATCCTCAAACGGG	SRR11008269	269_CTGATCCTCAAACGGG	TRUE
NIH_Sa_CTGCCTAGTCGTTGTA	NIH_Sa	CTGCCTAGTCGTTGTA	SRR11008269	269_CTGCCTAGTCGTTGTA	FALSE
NIH_Sa_CTGCGGAGTCATGCCG	NIH_Sa	CTGCGGAGTCATGCCG	SRR11008269	269_CTGCGGAGTCATGCCG	TRUE
NIH_Sa_CTGCGGAGTTCTGTTT	NIH_Sa	CTGCGGAGTTCTGTTT	SRR11008269	269_CTGCGGAGTTCTGTTT	TRUE
NIH_Sa_CTGCTGTGTTAAGACA	NIH_Sa	CTGCTGTGTTAAGACA	SRR11008269	269_CTGCTGTGTTAAGACA	TRUE
NIH_Sa_CTGTGCTGTCTGCCAG	NIH_Sa	CTGTGCTGTCTGCCAG	SRR11008269	269_CTGTGCTGTCTGCCAG	TRUE
NIH_Sa_CTGTTTAAGGGTCGAT	NIH_Sa	CTGTTTAAGGGTCGAT	SRR11008269	269_CTGTTTAAGGGTCGAT	TRUE
NIH_Sa_CTTAACTCATTACGAC	NIH_Sa	CTTAACTCATTACGAC	SRR11008269	269_CTTAACTCATTACGAC	TRUE
NIH_Sa_CTTAACTGTTCTCATT	NIH_Sa	CTTAACTGTTCTCATT	SRR11008269	269_CTTAACTGTTCTCATT	TRUE
NIH_Sa_CTTACCGAGACCTTTG	NIH_Sa	CTTACCGAGACCTTTG	SRR11008269	269_CTTACCGAGACCTTTG	TRUE
NIH_Sa_CTTAGGACACCGCTAG	NIH_Sa	CTTAGGACACCGCTAG	SRR11008269	269_CTTAGGACACCGCTAG	TRUE
NIH_Sa_CTTCTCTAGCCAGTAG	NIH_Sa	CTTCTCTAGCCAGTAG	SRR11008269	269_CTTCTCTAGCCAGTAG	TRUE
NIH_Sa_CTTCTCTGTCTAGCGC	NIH_Sa	CTTCTCTGTCTAGCGC	SRR11008269	269_CTTCTCTGTCTAGCGC	TRUE
NIH_Sa_CTTCTCTTCTGGGCCA	NIH_Sa	CTTCTCTTCTGGGCCA	SRR11008269	269_CTTCTCTTCTGGGCCA	TRUE
NIH_Sa_CTTGGCTCACGGCGTT	NIH_Sa	CTTGGCTCACGGCGTT	SRR11008269	269_CTTGGCTCACGGCGTT	TRUE
NIH_Sa_CTTTGCGCATTGGGCC	NIH_Sa	CTTTGCGCATTGGGCC	SRR11008269	269_CTTTGCGCATTGGGCC	TRUE
NIH_Sa_GAAACTCAGTACGACG	NIH_Sa	GAAACTCAGTACGACG	SRR11008269	269_GAAACTCAGTACGACG	TRUE
NIH_Sa_GAAACTCCAGATGGGT	NIH_Sa	GAAACTCCAGATGGGT	SRR11008269	269_GAAACTCCAGATGGGT	TRUE
NIH_Sa_GAAACTCGTGAGTGAC	NIH_Sa	GAAACTCGTGAGTGAC	SRR11008269	269_GAAACTCGTGAGTGAC	TRUE
NIH_Sa_GAAACTCTCAAACGGG	NIH_Sa	GAAACTCTCAAACGGG	SRR11008269	269_GAAACTCTCAAACGGG	TRUE
NIH_Sa_GAAACTCTCGTAGGAG	NIH_Sa	GAAACTCTCGTAGGAG	SRR11008269	269_GAAACTCTCGTAGGAG	TRUE
NIH_Sa_GAAATGAAGACTCGGA	NIH_Sa	GAAATGAAGACTCGGA	SRR11008269	269_GAAATGAAGACTCGGA	TRUE
NIH_Sa_GAAATGAGTCGCGTGT	NIH_Sa	GAAATGAGTCGCGTGT	SRR11008269	269_GAAATGAGTCGCGTGT	TRUE
NIH_Sa_GAACATCAGAGGTTGC	NIH_Sa	GAACATCAGAGGTTGC	SRR11008269	269_GAACATCAGAGGTTGC	TRUE
NIH_Sa_GAACCTAAGACTGTAA	NIH_Sa	GAACCTAAGACTGTAA	SRR11008269	269_GAACCTAAGACTGTAA	TRUE
NIH_Sa_GAACGGAAGTGCGATG	NIH_Sa	GAACGGAAGTGCGATG	SRR11008269	269_GAACGGAAGTGCGATG	TRUE
NIH_Sa_GAACGGAGTGCCTGTG	NIH_Sa	GAACGGAGTGCCTGTG	SRR11008269	269_GAACGGAGTGCCTGTG	TRUE
NIH_Sa_GAAGCAGCAGACTCGC	NIH_Sa	GAAGCAGCAGACTCGC	SRR11008269	269_GAAGCAGCAGACTCGC	TRUE
NIH_Sa_GAATAAGCATAAGACA	NIH_Sa	GAATAAGCATAAGACA	SRR11008269	269_GAATAAGCATAAGACA	TRUE
NIH_Sa_GAATAAGTCACATAGC	NIH_Sa	GAATAAGTCACATAGC	SRR11008269	269_GAATAAGTCACATAGC	TRUE
NIH_Sa_GACACGCCAAGCCGTC	NIH_Sa	GACACGCCAAGCCGTC	SRR11008269	269_GACACGCCAAGCCGTC	TRUE
NIH_Sa_GACACGCCAGGATTGG	NIH_Sa	GACACGCCAGGATTGG	SRR11008269	269_GACACGCCAGGATTGG	TRUE
NIH_Sa_GACACGCCATGATCCA	NIH_Sa	GACACGCCATGATCCA	SRR11008269	269_GACACGCCATGATCCA	TRUE
NIH_Sa_GACAGAGCACCAGCAC	NIH_Sa	GACAGAGCACCAGCAC	SRR11008269	269_GACAGAGCACCAGCAC	TRUE
NIH_Sa_GACAGAGCAGGGCATA	NIH_Sa	GACAGAGCAGGGCATA	SRR11008269	269_GACAGAGCAGGGCATA	TRUE
NIH_Sa_GACCAATAGAGGTACC	NIH_Sa	GACCAATAGAGGTACC	SRR11008269	269_GACCAATAGAGGTACC	TRUE
NIH_Sa_GACCAATAGGATCGCA	NIH_Sa	GACCAATAGGATCGCA	SRR11008269	269_GACCAATAGGATCGCA	TRUE
NIH_Sa_GACCTGGAGAAGGTTT	NIH_Sa	GACCTGGAGAAGGTTT	SRR11008269	269_GACCTGGAGAAGGTTT	TRUE
NIH_Sa_GACGCGTGTATATGAG	NIH_Sa	GACGCGTGTATATGAG	SRR11008269	269_GACGCGTGTATATGAG	TRUE
NIH_Sa_GACGCGTGTCCGAAGA	NIH_Sa	GACGCGTGTCCGAAGA	SRR11008269	269_GACGCGTGTCCGAAGA	TRUE
NIH_Sa_GACGCGTTCCGAACGC	NIH_Sa	GACGCGTTCCGAACGC	SRR11008269	269_GACGCGTTCCGAACGC	TRUE
NIH_Sa_GACGGCTAGGTCGGAT	NIH_Sa	GACGGCTAGGTCGGAT	SRR11008269	269_GACGGCTAGGTCGGAT	TRUE
NIH_Sa_GACGGCTCAAGCCATT	NIH_Sa	GACGGCTCAAGCCATT	SRR11008269	269_GACGGCTCAAGCCATT	TRUE
NIH_Sa_GACGGCTCAAGTCTAC	NIH_Sa	GACGGCTCAAGTCTAC	SRR11008269	269_GACGGCTCAAGTCTAC	TRUE
NIH_Sa_GACGGCTTCATGCTCC	NIH_Sa	GACGGCTTCATGCTCC	SRR11008269	269_GACGGCTTCATGCTCC	TRUE
NIH_Sa_GACGGCTTCCTGCTTG	NIH_Sa	GACGGCTTCCTGCTTG	SRR11008269	269_GACGGCTTCCTGCTTG	TRUE
NIH_Sa_GACGTGCAGATCCGAG	NIH_Sa	GACGTGCAGATCCGAG	SRR11008269	269_GACGTGCAGATCCGAG	TRUE
NIH_Sa_GACGTGCTCGTGGTCG	NIH_Sa	GACGTGCTCGTGGTCG	SRR11008269	269_GACGTGCTCGTGGTCG	TRUE
NIH_Sa_GACGTTAGTGCAACGA	NIH_Sa	GACGTTAGTGCAACGA	SRR11008269	269_GACGTTAGTGCAACGA	TRUE
NIH_Sa_GACTAACAGAATGTGT	NIH_Sa	GACTAACAGAATGTGT	SRR11008269	269_GACTAACAGAATGTGT	TRUE
NIH_Sa_GACTAACGTTTAGGAA	NIH_Sa	GACTAACGTTTAGGAA	SRR11008269	269_GACTAACGTTTAGGAA	TRUE
NIH_Sa_GACTACACAAGTCTAC	NIH_Sa	GACTACACAAGTCTAC	SRR11008269	269_GACTACACAAGTCTAC	TRUE
NIH_Sa_GACTGCGAGCCACTAT	NIH_Sa	GACTGCGAGCCACTAT	SRR11008269	269_GACTGCGAGCCACTAT	TRUE
NIH_Sa_GACTGCGAGCTGCCCA	NIH_Sa	GACTGCGAGCTGCCCA	SRR11008269	269_GACTGCGAGCTGCCCA	TRUE
NIH_Sa_GACTGCGTCAGGTTCA	NIH_Sa	GACTGCGTCAGGTTCA	SRR11008269	269_GACTGCGTCAGGTTCA	TRUE
NIH_Sa_GACTGCGTCCCTAACC	NIH_Sa	GACTGCGTCCCTAACC	SRR11008269	269_GACTGCGTCCCTAACC	TRUE
NIH_Sa_GAGCAGAGTTGTACAC	NIH_Sa	GAGCAGAGTTGTACAC	SRR11008269	269_GAGCAGAGTTGTACAC	TRUE
NIH_Sa_GAGGTGAAGTCATCCA	NIH_Sa	GAGGTGAAGTCATCCA	SRR11008269	269_GAGGTGAAGTCATCCA	TRUE
NIH_Sa_GAGTCCGCACGAAATA	NIH_Sa	GAGTCCGCACGAAATA	SRR11008269	269_GAGTCCGCACGAAATA	TRUE
NIH_Sa_GAGTCCGCAGATAATG	NIH_Sa	GAGTCCGCAGATAATG	SRR11008269	269_GAGTCCGCAGATAATG	TRUE
NIH_Sa_GAGTCCGCAGCTCCGA	NIH_Sa	GAGTCCGCAGCTCCGA	SRR11008269	269_GAGTCCGCAGCTCCGA	TRUE
NIH_Sa_GAGTCCGGTCTTGCGG	NIH_Sa	GAGTCCGGTCTTGCGG	SRR11008269	269_GAGTCCGGTCTTGCGG	TRUE
NIH_Sa_GATCAGTCAACGCACC	NIH_Sa	GATCAGTCAACGCACC	SRR11008269	269_GATCAGTCAACGCACC	TRUE
NIH_Sa_GATCAGTGTTAAAGTG	NIH_Sa	GATCAGTGTTAAAGTG	SRR11008269	269_GATCAGTGTTAAAGTG	TRUE
NIH_Sa_GATCGATCACGTGAGA	NIH_Sa	GATCGATCACGTGAGA	SRR11008269	269_GATCGATCACGTGAGA	TRUE
NIH_Sa_GATCGATCAGTCACTA	NIH_Sa	GATCGATCAGTCACTA	SRR11008269	269_GATCGATCAGTCACTA	TRUE
NIH_Sa_GATCGATGTTACGGAG	NIH_Sa	GATCGATGTTACGGAG	SRR11008269	269_GATCGATGTTACGGAG	TRUE
NIH_Sa_GATCGCGTCAATCTCT	NIH_Sa	GATCGCGTCAATCTCT	SRR11008269	269_GATCGCGTCAATCTCT	TRUE
NIH_Sa_GATCGTACATCTCCCA	NIH_Sa	GATCGTACATCTCCCA	SRR11008269	269_GATCGTACATCTCCCA	TRUE
NIH_Sa_GATCGTAGTATTCGTG	NIH_Sa	GATCGTAGTATTCGTG	SRR11008269	269_GATCGTAGTATTCGTG	TRUE
NIH_Sa_GATCGTAGTGCGAAAC	NIH_Sa	GATCGTAGTGCGAAAC	SRR11008269	269_GATCGTAGTGCGAAAC	TRUE
NIH_Sa_GATCTAGTCACGACTA	NIH_Sa	GATCTAGTCACGACTA	SRR11008269	269_GATCTAGTCACGACTA	TRUE
NIH_Sa_GATGAAAGTGCATCTA	NIH_Sa	GATGAAAGTGCATCTA	SRR11008269	269_GATGAAAGTGCATCTA	TRUE
NIH_Sa_GATGAAAGTGCTGTAT	NIH_Sa	GATGAAAGTGCTGTAT	SRR11008269	269_GATGAAAGTGCTGTAT	TRUE
NIH_Sa_GATGCTATCAGTCAGT	NIH_Sa	GATGCTATCAGTCAGT	SRR11008269	269_GATGCTATCAGTCAGT	TRUE
NIH_Sa_GATTCAGCACATGTGT	NIH_Sa	GATTCAGCACATGTGT	SRR11008269	269_GATTCAGCACATGTGT	TRUE
NIH_Sa_GATTCAGGTGTTCGAT	NIH_Sa	GATTCAGGTGTTCGAT	SRR11008269	269_GATTCAGGTGTTCGAT	TRUE
NIH_Sa_GCAAACTCACCGAATT	NIH_Sa	GCAAACTCACCGAATT	SRR11008269	269_GCAAACTCACCGAATT	TRUE
NIH_Sa_GCAAACTGTCAAAGCG	NIH_Sa	GCAAACTGTCAAAGCG	SRR11008269	269_GCAAACTGTCAAAGCG	TRUE
NIH_Sa_GCAAACTGTCATCCCT	NIH_Sa	GCAAACTGTCATCCCT	SRR11008269	269_GCAAACTGTCATCCCT	TRUE
NIH_Sa_GCAAACTTCTGGCGTG	NIH_Sa	GCAAACTTCTGGCGTG	SRR11008269	269_GCAAACTTCTGGCGTG	TRUE
NIH_Sa_GCAATCAGTCGACTGC	NIH_Sa	GCAATCAGTCGACTGC	SRR11008269	269_GCAATCAGTCGACTGC	TRUE
NIH_Sa_GCACATACAGTGGGAT	NIH_Sa	GCACATACAGTGGGAT	SRR11008269	269_GCACATACAGTGGGAT	TRUE
NIH_Sa_GCACATAGTCCCGACA	NIH_Sa	GCACATAGTCCCGACA	SRR11008269	269_GCACATAGTCCCGACA	TRUE
NIH_Sa_GCACTCTAGAGACGAA	NIH_Sa	GCACTCTAGAGACGAA	SRR11008269	269_GCACTCTAGAGACGAA	TRUE
NIH_Sa_GCAGTTAAGCGATATA	NIH_Sa	GCAGTTAAGCGATATA	SRR11008269	269_GCAGTTAAGCGATATA	TRUE
NIH_Sa_GCAGTTAAGCGCTCCA	NIH_Sa	GCAGTTAAGCGCTCCA	SRR11008269	269_GCAGTTAAGCGCTCCA	TRUE
NIH_Sa_GCATACAAGCCAGTTT	NIH_Sa	GCATACAAGCCAGTTT	SRR11008269	269_GCATACAAGCCAGTTT	TRUE
NIH_Sa_GCATACACACGCCAGT	NIH_Sa	GCATACACACGCCAGT	SRR11008269	269_GCATACACACGCCAGT	TRUE
NIH_Sa_GCATACACATGGATGG	NIH_Sa	GCATACACATGGATGG	SRR11008269	269_GCATACACATGGATGG	TRUE
NIH_Sa_GCATACATCAGGCAAG	NIH_Sa	GCATACATCAGGCAAG	SRR11008269	269_GCATACATCAGGCAAG	TRUE
NIH_Sa_GCATGATCAGTGAGTG	NIH_Sa	GCATGATCAGTGAGTG	SRR11008269	269_GCATGATCAGTGAGTG	TRUE
NIH_Sa_GCATGCGCATCACCCT	NIH_Sa	GCATGCGCATCACCCT	SRR11008269	269_GCATGCGCATCACCCT	TRUE
NIH_Sa_GCATGTAAGGATGCGT	NIH_Sa	GCATGTAAGGATGCGT	SRR11008269	269_GCATGTAAGGATGCGT	TRUE
NIH_Sa_GCATGTACAGACAAAT	NIH_Sa	GCATGTACAGACAAAT	SRR11008269	269_GCATGTACAGACAAAT	TRUE
NIH_Sa_GCCAAATAGCTCCTCT	NIH_Sa	GCCAAATAGCTCCTCT	SRR11008269	269_GCCAAATAGCTCCTCT	TRUE
NIH_Sa_GCCAAATAGGTAAACT	NIH_Sa	GCCAAATAGGTAAACT	SRR11008269	269_GCCAAATAGGTAAACT	TRUE
NIH_Sa_GCCAAATAGTTCGCGC	NIH_Sa	GCCAAATAGTTCGCGC	SRR11008269	269_GCCAAATAGTTCGCGC	TRUE
NIH_Sa_GCCTCTACATCCCATC	NIH_Sa	GCCTCTACATCCCATC	SRR11008269	269_GCCTCTACATCCCATC	TRUE
NIH_Sa_GCCTCTACATCCTTGC	NIH_Sa	GCCTCTACATCCTTGC	SRR11008269	269_GCCTCTACATCCTTGC	TRUE
NIH_Sa_GCGACCAAGATGTTAG	NIH_Sa	GCGACCAAGATGTTAG	SRR11008269	269_GCGACCAAGATGTTAG	TRUE
NIH_Sa_GCGACCATCTATCGCC	NIH_Sa	GCGACCATCTATCGCC	SRR11008269	269_GCGACCATCTATCGCC	TRUE
NIH_Sa_GCGAGAAAGTGTACCT	NIH_Sa	GCGAGAAAGTGTACCT	SRR11008269	269_GCGAGAAAGTGTACCT	TRUE
NIH_Sa_GCGCAGTTCATACGGT	NIH_Sa	GCGCAGTTCATACGGT	SRR11008269	269_GCGCAGTTCATACGGT	TRUE
NIH_Sa_GCGCCAAAGGGATCTG	NIH_Sa	GCGCCAAAGGGATCTG	SRR11008269	269_GCGCCAAAGGGATCTG	TRUE
NIH_Sa_GCGCCAAGTTACGGAG	NIH_Sa	GCGCCAAGTTACGGAG	SRR11008269	269_GCGCCAAGTTACGGAG	TRUE
NIH_Sa_GCGCGATAGATCTGAA	NIH_Sa	GCGCGATAGATCTGAA	SRR11008269	269_GCGCGATAGATCTGAA	TRUE
NIH_Sa_GCGCGATCATTCCTGC	NIH_Sa	GCGCGATCATTCCTGC	SRR11008269	269_GCGCGATCATTCCTGC	TRUE
NIH_Sa_GCGCGATGTTGATTCG	NIH_Sa	GCGCGATGTTGATTCG	SRR11008269	269_GCGCGATGTTGATTCG	TRUE
NIH_Sa_GCGGGTTAGGAATCGC	NIH_Sa	GCGGGTTAGGAATCGC	SRR11008269	269_GCGGGTTAGGAATCGC	TRUE
NIH_Sa_GCTCTGTCAGGTCGTC	NIH_Sa	GCTCTGTCAGGTCGTC	SRR11008269	269_GCTCTGTCAGGTCGTC	TRUE
NIH_Sa_GCTCTGTCAGTGGAGT	NIH_Sa	GCTCTGTCAGTGGAGT	SRR11008269	269_GCTCTGTCAGTGGAGT	TRUE
NIH_Sa_GCTCTGTTCAAGCCTA	NIH_Sa	GCTCTGTTCAAGCCTA	SRR11008269	269_GCTCTGTTCAAGCCTA	TRUE
NIH_Sa_GCTCTGTTCCGCAGTG	NIH_Sa	GCTCTGTTCCGCAGTG	SRR11008269	269_GCTCTGTTCCGCAGTG	TRUE
NIH_Sa_GCTGCAGGTAAAGTCA	NIH_Sa	GCTGCAGGTAAAGTCA	SRR11008269	269_GCTGCAGGTAAAGTCA	TRUE
NIH_Sa_GCTGCTTAGATCCTGT	NIH_Sa	GCTGCTTAGATCCTGT	SRR11008269	269_GCTGCTTAGATCCTGT	TRUE
NIH_Sa_GCTGCTTTCCTCGCAT	NIH_Sa	GCTGCTTTCCTCGCAT	SRR11008269	269_GCTGCTTTCCTCGCAT	TRUE
NIH_Sa_GCTGGGTAGCATGGCA	NIH_Sa	GCTGGGTAGCATGGCA	SRR11008269	269_GCTGGGTAGCATGGCA	TRUE
NIH_Sa_GCTGGGTAGTGACATA	NIH_Sa	GCTGGGTAGTGACATA	SRR11008269	269_GCTGGGTAGTGACATA	TRUE
NIH_Sa_GCTGGGTCAATCTGCA	NIH_Sa	GCTGGGTCAATCTGCA	SRR11008269	269_GCTGGGTCAATCTGCA	TRUE
NIH_Sa_GCTGGGTTCAGGTAAA	NIH_Sa	GCTGGGTTCAGGTAAA	SRR11008269	269_GCTGGGTTCAGGTAAA	TRUE
NIH_Sa_GCTTCCACAGTATCTG	NIH_Sa	GCTTCCACAGTATCTG	SRR11008269	269_GCTTCCACAGTATCTG	TRUE
NIH_Sa_GCTTGAAGTGCTCTTC	NIH_Sa	GCTTGAAGTGCTCTTC	SRR11008269	269_GCTTGAAGTGCTCTTC	TRUE
NIH_Sa_GGAAAGCCATCCCATC	NIH_Sa	GGAAAGCCATCCCATC	SRR11008269	269_GGAAAGCCATCCCATC	TRUE
NIH_Sa_GGAAAGCGTAGCGATG	NIH_Sa	GGAAAGCGTAGCGATG	SRR11008269	269_GGAAAGCGTAGCGATG	TRUE
NIH_Sa_GGAAAGCTCCGCTGTT	NIH_Sa	GGAAAGCTCCGCTGTT	SRR11008269	269_GGAAAGCTCCGCTGTT	TRUE
NIH_Sa_GGAACTTAGTGGAGTC	NIH_Sa	GGAACTTAGTGGAGTC	SRR11008269	269_GGAACTTAGTGGAGTC	TRUE
NIH_Sa_GGAACTTCATATACGC	NIH_Sa	GGAACTTCATATACGC	SRR11008269	269_GGAACTTCATATACGC	FALSE
NIH_Sa_GGAACTTTCAGCTCTC	NIH_Sa	GGAACTTTCAGCTCTC	SRR11008269	269_GGAACTTTCAGCTCTC	TRUE
NIH_Sa_GGAATAACAAGCTGGA	NIH_Sa	GGAATAACAAGCTGGA	SRR11008269	269_GGAATAACAAGCTGGA	TRUE
NIH_Sa_GGAATAACAGTGAGTG	NIH_Sa	GGAATAACAGTGAGTG	SRR11008269	269_GGAATAACAGTGAGTG	TRUE
NIH_Sa_GGACAAGCAGCTTCGG	NIH_Sa	GGACAAGCAGCTTCGG	SRR11008269	269_GGACAAGCAGCTTCGG	TRUE
NIH_Sa_GGACAAGTCCAGAAGG	NIH_Sa	GGACAAGTCCAGAAGG	SRR11008269	269_GGACAAGTCCAGAAGG	TRUE
NIH_Sa_GGACAGAGTCATATCG	NIH_Sa	GGACAGAGTCATATCG	SRR11008269	269_GGACAGAGTCATATCG	TRUE
NIH_Sa_GGACAGAGTTATCCGA	NIH_Sa	GGACAGAGTTATCCGA	SRR11008269	269_GGACAGAGTTATCCGA	TRUE
NIH_Sa_GGACGTCAGCGACGTA	NIH_Sa	GGACGTCAGCGACGTA	SRR11008269	269_GGACGTCAGCGACGTA	TRUE
NIH_Sa_GGACGTCCAAAGGTGC	NIH_Sa	GGACGTCCAAAGGTGC	SRR11008269	269_GGACGTCCAAAGGTGC	TRUE
NIH_Sa_GGACGTCTCATATCGG	NIH_Sa	GGACGTCTCATATCGG	SRR11008269	269_GGACGTCTCATATCGG	TRUE
NIH_Sa_GGACGTCTCGGAGCAA	NIH_Sa	GGACGTCTCGGAGCAA	SRR11008269	269_GGACGTCTCGGAGCAA	TRUE
NIH_Sa_GGAGCAACACGAAATA	NIH_Sa	GGAGCAACACGAAATA	SRR11008269	269_GGAGCAACACGAAATA	TRUE
NIH_Sa_GGAGCAAGTGTGCGTC	NIH_Sa	GGAGCAAGTGTGCGTC	SRR11008269	269_GGAGCAAGTGTGCGTC	TRUE
NIH_Sa_GGATGTTTCCCTCTTT	NIH_Sa	GGATGTTTCCCTCTTT	SRR11008269	269_GGATGTTTCCCTCTTT	TRUE
NIH_Sa_GGATTACTCATGCAAC	NIH_Sa	GGATTACTCATGCAAC	SRR11008269	269_GGATTACTCATGCAAC	TRUE
NIH_Sa_GGCAATTAGTGTACTC	NIH_Sa	GGCAATTAGTGTACTC	SRR11008269	269_GGCAATTAGTGTACTC	TRUE
NIH_Sa_GGCAATTCACTTAACG	NIH_Sa	GGCAATTCACTTAACG	SRR11008269	269_GGCAATTCACTTAACG	TRUE
NIH_Sa_GGCCGATCACAGATTC	NIH_Sa	GGCCGATCACAGATTC	SRR11008269	269_GGCCGATCACAGATTC	TRUE
NIH_Sa_GGCCGATCATACGCCG	NIH_Sa	GGCCGATCATACGCCG	SRR11008269	269_GGCCGATCATACGCCG	TRUE
NIH_Sa_GGCGACTGTGCATCTA	NIH_Sa	GGCGACTGTGCATCTA	SRR11008269	269_GGCGACTGTGCATCTA	TRUE
NIH_Sa_GGCGACTTCTTGCAAG	NIH_Sa	GGCGACTTCTTGCAAG	SRR11008269	269_GGCGACTTCTTGCAAG	TRUE
NIH_Sa_GGCGTGTCAGATCTGT	NIH_Sa	GGCGTGTCAGATCTGT	SRR11008269	269_GGCGTGTCAGATCTGT	TRUE
NIH_Sa_GGCTCGATCGTTTAGG	NIH_Sa	GGCTCGATCGTTTAGG	SRR11008269	269_GGCTCGATCGTTTAGG	TRUE
NIH_Sa_GGCTGGTTCACGAAGG	NIH_Sa	GGCTGGTTCACGAAGG	SRR11008269	269_GGCTGGTTCACGAAGG	TRUE
NIH_Sa_GGGACCTAGGAGCGTT	NIH_Sa	GGGACCTAGGAGCGTT	SRR11008269	269_GGGACCTAGGAGCGTT	TRUE
NIH_Sa_GGGACCTGTCCGTCAG	NIH_Sa	GGGACCTGTCCGTCAG	SRR11008269	269_GGGACCTGTCCGTCAG	TRUE
NIH_Sa_GGGACCTTCGGTCTAA	NIH_Sa	GGGACCTTCGGTCTAA	SRR11008269	269_GGGACCTTCGGTCTAA	TRUE
NIH_Sa_GGGAGATCACAGAGGT	NIH_Sa	GGGAGATCACAGAGGT	SRR11008269	269_GGGAGATCACAGAGGT	TRUE
NIH_Sa_GGGATGACAGTGACAG	NIH_Sa	GGGATGACAGTGACAG	SRR11008269	269_GGGATGACAGTGACAG	TRUE
NIH_Sa_GGGATGATCGCTTGTC	NIH_Sa	GGGATGATCGCTTGTC	SRR11008269	269_GGGATGATCGCTTGTC	TRUE
NIH_Sa_GGGCATCCAGTATAAG	NIH_Sa	GGGCATCCAGTATAAG	SRR11008269	269_GGGCATCCAGTATAAG	TRUE
NIH_Sa_GGGCATCTCAGCGACC	NIH_Sa	GGGCATCTCAGCGACC	SRR11008269	269_GGGCATCTCAGCGACC	TRUE
NIH_Sa_GGGTCTGGTCTAGTGT	NIH_Sa	GGGTCTGGTCTAGTGT	SRR11008269	269_GGGTCTGGTCTAGTGT	TRUE
NIH_Sa_GGGTTGCAGCCCAACC	NIH_Sa	GGGTTGCAGCCCAACC	SRR11008269	269_GGGTTGCAGCCCAACC	TRUE
NIH_Sa_GGGTTGCTCTTGTATC	NIH_Sa	GGGTTGCTCTTGTATC	SRR11008269	269_GGGTTGCTCTTGTATC	TRUE
NIH_Sa_GGTATTGAGCTGTTCA	NIH_Sa	GGTATTGAGCTGTTCA	SRR11008269	269_GGTATTGAGCTGTTCA	TRUE
NIH_Sa_GGTATTGAGGCATGTG	NIH_Sa	GGTATTGAGGCATGTG	SRR11008269	269_GGTATTGAGGCATGTG	TRUE
NIH_Sa_GGTATTGCATTGAGCT	NIH_Sa	GGTATTGCATTGAGCT	SRR11008269	269_GGTATTGCATTGAGCT	TRUE
NIH_Sa_GGTGAAGCAGCTCGAC	NIH_Sa	GGTGAAGCAGCTCGAC	SRR11008269	269_GGTGAAGCAGCTCGAC	TRUE
NIH_Sa_GGTGAAGGTGGCAAAC	NIH_Sa	GGTGAAGGTGGCAAAC	SRR11008269	269_GGTGAAGGTGGCAAAC	TRUE
NIH_Sa_GGTGAAGGTGGCGAAT	NIH_Sa	GGTGAAGGTGGCGAAT	SRR11008269	269_GGTGAAGGTGGCGAAT	TRUE
NIH_Sa_GGTGCGTAGGAATGGA	NIH_Sa	GGTGCGTAGGAATGGA	SRR11008269	269_GGTGCGTAGGAATGGA	TRUE
NIH_Sa_GGTGCGTCACCCTATC	NIH_Sa	GGTGCGTCACCCTATC	SRR11008269	269_GGTGCGTCACCCTATC	TRUE
NIH_Sa_GGTGCGTCAGTGGAGT	NIH_Sa	GGTGCGTCAGTGGAGT	SRR11008269	269_GGTGCGTCAGTGGAGT	TRUE
NIH_Sa_GGTGTTACAAAGTGCG	NIH_Sa	GGTGTTACAAAGTGCG	SRR11008269	269_GGTGTTACAAAGTGCG	TRUE
NIH_Sa_GGTGTTACAGACGCAA	NIH_Sa	GGTGTTACAGACGCAA	SRR11008269	269_GGTGTTACAGACGCAA	TRUE
NIH_Sa_GGTGTTATCCCTTGTG	NIH_Sa	GGTGTTATCCCTTGTG	SRR11008269	269_GGTGTTATCCCTTGTG	TRUE
NIH_Sa_GGTGTTATCTAAGCCA	NIH_Sa	GGTGTTATCTAAGCCA	SRR11008269	269_GGTGTTATCTAAGCCA	TRUE
NIH_Sa_GTAACGTCATGTTGAC	NIH_Sa	GTAACGTCATGTTGAC	SRR11008269	269_GTAACGTCATGTTGAC	TRUE
NIH_Sa_GTAACGTGTTCAGCGC	NIH_Sa	GTAACGTGTTCAGCGC	SRR11008269	269_GTAACGTGTTCAGCGC	TRUE
NIH_Sa_GTAACTGAGGTCGGAT	NIH_Sa	GTAACTGAGGTCGGAT	SRR11008269	269_GTAACTGAGGTCGGAT	TRUE
NIH_Sa_GTACGTAAGATATGCA	NIH_Sa	GTACGTAAGATATGCA	SRR11008269	269_GTACGTAAGATATGCA	TRUE
NIH_Sa_GTACGTAGTCGAGATG	NIH_Sa	GTACGTAGTCGAGATG	SRR11008269	269_GTACGTAGTCGAGATG	TRUE
NIH_Sa_GTACTCCAGGGATACC	NIH_Sa	GTACTCCAGGGATACC	SRR11008269	269_GTACTCCAGGGATACC	TRUE
NIH_Sa_GTACTCCTCTTCTGGC	NIH_Sa	GTACTCCTCTTCTGGC	SRR11008269	269_GTACTCCTCTTCTGGC	TRUE
NIH_Sa_GTAGGCCAGCTGCAAG	NIH_Sa	GTAGGCCAGCTGCAAG	SRR11008269	269_GTAGGCCAGCTGCAAG	TRUE
NIH_Sa_GTAGGCCAGGAGCGAG	NIH_Sa	GTAGGCCAGGAGCGAG	SRR11008269	269_GTAGGCCAGGAGCGAG	TRUE
NIH_Sa_GTAGGCCTCAACGCTA	NIH_Sa	GTAGGCCTCAACGCTA	SRR11008269	269_GTAGGCCTCAACGCTA	TRUE
NIH_Sa_GTAGGCCTCTTGTATC	NIH_Sa	GTAGGCCTCTTGTATC	SRR11008269	269_GTAGGCCTCTTGTATC	TRUE
NIH_Sa_GTAGTCAAGGCATGTG	NIH_Sa	GTAGTCAAGGCATGTG	SRR11008269	269_GTAGTCAAGGCATGTG	TRUE
NIH_Sa_GTAGTCAGTAGCCTAT	NIH_Sa	GTAGTCAGTAGCCTAT	SRR11008269	269_GTAGTCAGTAGCCTAT	TRUE
NIH_Sa_GTAGTCATCACAACGT	NIH_Sa	GTAGTCATCACAACGT	SRR11008269	269_GTAGTCATCACAACGT	TRUE
NIH_Sa_GTATCTTCACGCCAGT	NIH_Sa	GTATCTTCACGCCAGT	SRR11008269	269_GTATCTTCACGCCAGT	TRUE
NIH_Sa_GTATTCTAGAGACTAT	NIH_Sa	GTATTCTAGAGACTAT	SRR11008269	269_GTATTCTAGAGACTAT	TRUE
NIH_Sa_GTCAAGTAGGATGGAA	NIH_Sa	GTCAAGTAGGATGGAA	SRR11008269	269_GTCAAGTAGGATGGAA	TRUE
NIH_Sa_GTCACAACATACTCTT	NIH_Sa	GTCACAACATACTCTT	SRR11008269	269_GTCACAACATACTCTT	TRUE
NIH_Sa_GTCACGGGTCTGGAGA	NIH_Sa	GTCACGGGTCTGGAGA	SRR11008269	269_GTCACGGGTCTGGAGA	TRUE
NIH_Sa_GTCACGGGTGACAAAT	NIH_Sa	GTCACGGGTGACAAAT	SRR11008269	269_GTCACGGGTGACAAAT	TRUE
NIH_Sa_GTCACGGTCCTCAACC	NIH_Sa	GTCACGGTCCTCAACC	SRR11008269	269_GTCACGGTCCTCAACC	TRUE
NIH_Sa_GTCATTTGTTCAGTAC	NIH_Sa	GTCATTTGTTCAGTAC	SRR11008269	269_GTCATTTGTTCAGTAC	TRUE
NIH_Sa_GTCATTTGTTGAGTTC	NIH_Sa	GTCATTTGTTGAGTTC	SRR11008269	269_GTCATTTGTTGAGTTC	TRUE
NIH_Sa_GTCCTCAAGAATTGTG	NIH_Sa	GTCCTCAAGAATTGTG	SRR11008269	269_GTCCTCAAGAATTGTG	TRUE
NIH_Sa_GTCGGGTGTAAGGATT	NIH_Sa	GTCGGGTGTAAGGATT	SRR11008269	269_GTCGGGTGTAAGGATT	TRUE
NIH_Sa_GTCGGGTTCGCCGTGA	NIH_Sa	GTCGGGTTCGCCGTGA	SRR11008269	269_GTCGGGTTCGCCGTGA	TRUE
NIH_Sa_GTCGTAACAATCACAC	NIH_Sa	GTCGTAACAATCACAC	SRR11008269	269_GTCGTAACAATCACAC	TRUE
NIH_Sa_GTCTCGTCACCGTTGG	NIH_Sa	GTCTCGTCACCGTTGG	SRR11008269	269_GTCTCGTCACCGTTGG	TRUE
NIH_Sa_GTGAAGGGTCCTCTTG	NIH_Sa	GTGAAGGGTCCTCTTG	SRR11008269	269_GTGAAGGGTCCTCTTG	TRUE
NIH_Sa_GTGAAGGGTGGTCTCG	NIH_Sa	GTGAAGGGTGGTCTCG	SRR11008269	269_GTGAAGGGTGGTCTCG	TRUE
NIH_Sa_GTGAAGGTCTCTAGGA	NIH_Sa	GTGAAGGTCTCTAGGA	SRR11008269	269_GTGAAGGTCTCTAGGA	TRUE
NIH_Sa_GTGCAGCCATTCCTCG	NIH_Sa	GTGCAGCCATTCCTCG	SRR11008269	269_GTGCAGCCATTCCTCG	TRUE
NIH_Sa_GTGCAGCTCCCATTAT	NIH_Sa	GTGCAGCTCCCATTAT	SRR11008269	269_GTGCAGCTCCCATTAT	TRUE
NIH_Sa_GTGCGGTAGGCCGAAT	NIH_Sa	GTGCGGTAGGCCGAAT	SRR11008269	269_GTGCGGTAGGCCGAAT	TRUE
NIH_Sa_GTGCGGTCAATAGCAA	NIH_Sa	GTGCGGTCAATAGCAA	SRR11008269	269_GTGCGGTCAATAGCAA	TRUE
NIH_Sa_GTGCGGTCAATTCCTT	NIH_Sa	GTGCGGTCAATTCCTT	SRR11008269	269_GTGCGGTCAATTCCTT	TRUE
NIH_Sa_GTGCGGTGTAAGTAGT	NIH_Sa	GTGCGGTGTAAGTAGT	SRR11008269	269_GTGCGGTGTAAGTAGT	TRUE
NIH_Sa_GTGCGGTGTTACGGAG	NIH_Sa	GTGCGGTGTTACGGAG	SRR11008269	269_GTGCGGTGTTACGGAG	TRUE
NIH_Sa_GTGCTTCAGTCTTGCA	NIH_Sa	GTGCTTCAGTCTTGCA	SRR11008269	269_GTGCTTCAGTCTTGCA	TRUE
NIH_Sa_GTGCTTCGTGCCTTGG	NIH_Sa	GTGCTTCGTGCCTTGG	SRR11008269	269_GTGCTTCGTGCCTTGG	TRUE
NIH_Sa_GTGCTTCTCTGAGGGA	NIH_Sa	GTGCTTCTCTGAGGGA	SRR11008269	269_GTGCTTCTCTGAGGGA	TRUE
NIH_Sa_GTGGGTCGTAGCCTCG	NIH_Sa	GTGGGTCGTAGCCTCG	SRR11008269	269_GTGGGTCGTAGCCTCG	TRUE
NIH_Sa_GTGGGTCGTATTACCG	NIH_Sa	GTGGGTCGTATTACCG	SRR11008269	269_GTGGGTCGTATTACCG	TRUE
NIH_Sa_GTGGGTCGTGATAAAC	NIH_Sa	GTGGGTCGTGATAAAC	SRR11008269	269_GTGGGTCGTGATAAAC	TRUE
NIH_Sa_GTGGGTCTCGCAGGCT	NIH_Sa	GTGGGTCTCGCAGGCT	SRR11008269	269_GTGGGTCTCGCAGGCT	TRUE
NIH_Sa_GTGTGCGCACAAGCCC	NIH_Sa	GTGTGCGCACAAGCCC	SRR11008269	269_GTGTGCGCACAAGCCC	TRUE
NIH_Sa_GTGTTAGCAATCCAAC	NIH_Sa	GTGTTAGCAATCCAAC	SRR11008269	269_GTGTTAGCAATCCAAC	TRUE
NIH_Sa_GTGTTAGGTTGCCTCT	NIH_Sa	GTGTTAGGTTGCCTCT	SRR11008269	269_GTGTTAGGTTGCCTCT	TRUE
NIH_Sa_GTTAAGCCATGTCCTC	NIH_Sa	GTTAAGCCATGTCCTC	SRR11008269	269_GTTAAGCCATGTCCTC	TRUE
NIH_Sa_GTTAAGCGTTGAGTTC	NIH_Sa	GTTAAGCGTTGAGTTC	SRR11008269	269_GTTAAGCGTTGAGTTC	TRUE
NIH_Sa_GTTACAGAGGCTATCT	NIH_Sa	GTTACAGAGGCTATCT	SRR11008269	269_GTTACAGAGGCTATCT	TRUE
NIH_Sa_GTTACAGTCCTTGACC	NIH_Sa	GTTACAGTCCTTGACC	SRR11008269	269_GTTACAGTCCTTGACC	TRUE
NIH_Sa_GTTCATTAGCTTTGGT	NIH_Sa	GTTCATTAGCTTTGGT	SRR11008269	269_GTTCATTAGCTTTGGT	TRUE
NIH_Sa_GTTCATTTCAGCCTAA	NIH_Sa	GTTCATTTCAGCCTAA	SRR11008269	269_GTTCATTTCAGCCTAA	TRUE
NIH_Sa_GTTCATTTCTCGGACG	NIH_Sa	GTTCATTTCTCGGACG	SRR11008269	269_GTTCATTTCTCGGACG	TRUE
NIH_Sa_GTTCGGGTCGCAAACT	NIH_Sa	GTTCGGGTCGCAAACT	SRR11008269	269_GTTCGGGTCGCAAACT	TRUE
NIH_Sa_GTTTCTACAGCTCGCA	NIH_Sa	GTTTCTACAGCTCGCA	SRR11008269	269_GTTTCTACAGCTCGCA	TRUE
NIH_Sa_TAAACCGAGACGACGT	NIH_Sa	TAAACCGAGACGACGT	SRR11008269	269_TAAACCGAGACGACGT	TRUE
NIH_Sa_TAAACCGAGTACCGGA	NIH_Sa	TAAACCGAGTACCGGA	SRR11008269	269_TAAACCGAGTACCGGA	TRUE
NIH_Sa_TAAACCGAGTAGCGGT	NIH_Sa	TAAACCGAGTAGCGGT	SRR11008269	269_TAAACCGAGTAGCGGT	TRUE
NIH_Sa_TAAGAGAAGAAGGCCT	NIH_Sa	TAAGAGAAGAAGGCCT	SRR11008269	269_TAAGAGAAGAAGGCCT	TRUE
NIH_Sa_TAAGAGAGTTCCGTCT	NIH_Sa	TAAGAGAGTTCCGTCT	SRR11008269	269_TAAGAGAGTTCCGTCT	TRUE
NIH_Sa_TAAGCGTAGGTTCCTA	NIH_Sa	TAAGCGTAGGTTCCTA	SRR11008269	269_TAAGCGTAGGTTCCTA	TRUE
NIH_Sa_TAAGCGTTCCGCGCAA	NIH_Sa	TAAGCGTTCCGCGCAA	SRR11008269	269_TAAGCGTTCCGCGCAA	TRUE
NIH_Sa_TAAGTGCAGTAGGCCA	NIH_Sa	TAAGTGCAGTAGGCCA	SRR11008269	269_TAAGTGCAGTAGGCCA	TRUE
NIH_Sa_TAAGTGCCAATGCCAT	NIH_Sa	TAAGTGCCAATGCCAT	SRR11008269	269_TAAGTGCCAATGCCAT	TRUE
NIH_Sa_TAAGTGCCACGGTTTA	NIH_Sa	TAAGTGCCACGGTTTA	SRR11008269	269_TAAGTGCCACGGTTTA	TRUE
NIH_Sa_TACACGACAAGAAGAG	NIH_Sa	TACACGACAAGAAGAG	SRR11008269	269_TACACGACAAGAAGAG	TRUE
NIH_Sa_TACACGAGTAGCGCTC	NIH_Sa	TACACGAGTAGCGCTC	SRR11008269	269_TACACGAGTAGCGCTC	TRUE
NIH_Sa_TACACGATCGATAGAA	NIH_Sa	TACACGATCGATAGAA	SRR11008269	269_TACACGATCGATAGAA	TRUE
NIH_Sa_TACAGTGGTAGCACGA	NIH_Sa	TACAGTGGTAGCACGA	SRR11008269	269_TACAGTGGTAGCACGA	TRUE
NIH_Sa_TACAGTGGTCAGTGGA	NIH_Sa	TACAGTGGTCAGTGGA	SRR11008269	269_TACAGTGGTCAGTGGA	TRUE
NIH_Sa_TACAGTGTCAATAAGG	NIH_Sa	TACAGTGTCAATAAGG	SRR11008269	269_TACAGTGTCAATAAGG	TRUE
NIH_Sa_TACCTATCATCGGTTA	NIH_Sa	TACCTATCATCGGTTA	SRR11008269	269_TACCTATCATCGGTTA	TRUE
NIH_Sa_TACCTATGTCGAATCT	NIH_Sa	TACCTATGTCGAATCT	SRR11008269	269_TACCTATGTCGAATCT	TRUE
NIH_Sa_TACCTATGTTTAGCTG	NIH_Sa	TACCTATGTTTAGCTG	SRR11008269	269_TACCTATGTTTAGCTG	TRUE
NIH_Sa_TACCTTAAGTGAACAT	NIH_Sa	TACCTTAAGTGAACAT	SRR11008269	269_TACCTTAAGTGAACAT	TRUE
NIH_Sa_TACCTTATCTCTAAGG	NIH_Sa	TACCTTATCTCTAAGG	SRR11008269	269_TACCTTATCTCTAAGG	TRUE
NIH_Sa_TACGGATAGTGATCGG	NIH_Sa	TACGGATAGTGATCGG	SRR11008269	269_TACGGATAGTGATCGG	TRUE
NIH_Sa_TACGGATTCGCCTGAG	NIH_Sa	TACGGATTCGCCTGAG	SRR11008269	269_TACGGATTCGCCTGAG	TRUE
NIH_Sa_TACGGGCAGCCAGTAG	NIH_Sa	TACGGGCAGCCAGTAG	SRR11008269	269_TACGGGCAGCCAGTAG	TRUE
NIH_Sa_TACGGGCCATGAGCGA	NIH_Sa	TACGGGCCATGAGCGA	SRR11008269	269_TACGGGCCATGAGCGA	TRUE
NIH_Sa_TACGGGCGTGGTCCGT	NIH_Sa	TACGGGCGTGGTCCGT	SRR11008269	269_TACGGGCGTGGTCCGT	TRUE
NIH_Sa_TACGGGCTCTGCTGCT	NIH_Sa	TACGGGCTCTGCTGCT	SRR11008269	269_TACGGGCTCTGCTGCT	TRUE
NIH_Sa_TACGGTAGTCTTTCAT	NIH_Sa	TACGGTAGTCTTTCAT	SRR11008269	269_TACGGTAGTCTTTCAT	TRUE
NIH_Sa_TACGGTATCAACACTG	NIH_Sa	TACGGTATCAACACTG	SRR11008269	269_TACGGTATCAACACTG	TRUE
NIH_Sa_TACGGTATCCAGATCA	NIH_Sa	TACGGTATCCAGATCA	SRR11008269	269_TACGGTATCCAGATCA	TRUE
NIH_Sa_TACGGTATCCTCAACC	NIH_Sa	TACGGTATCCTCAACC	SRR11008269	269_TACGGTATCCTCAACC	TRUE
NIH_Sa_TACTCATCAGGCTGAA	NIH_Sa	TACTCATCAGGCTGAA	SRR11008269	269_TACTCATCAGGCTGAA	TRUE
NIH_Sa_TACTCATGTCAACTGT	NIH_Sa	TACTCATGTCAACTGT	SRR11008269	269_TACTCATGTCAACTGT	TRUE
NIH_Sa_TACTTACCAGGAATCG	NIH_Sa	TACTTACCAGGAATCG	SRR11008269	269_TACTTACCAGGAATCG	TRUE
NIH_Sa_TACTTACCATGCTAGT	NIH_Sa	TACTTACCATGCTAGT	SRR11008269	269_TACTTACCATGCTAGT	TRUE
NIH_Sa_TACTTACTCATCGATG	NIH_Sa	TACTTACTCATCGATG	SRR11008269	269_TACTTACTCATCGATG	TRUE
NIH_Sa_TACTTGTCATGCGCAC	NIH_Sa	TACTTGTCATGCGCAC	SRR11008269	269_TACTTGTCATGCGCAC	TRUE
NIH_Sa_TAGACCAAGAAGAAGC	NIH_Sa	TAGACCAAGAAGAAGC	SRR11008269	269_TAGACCAAGAAGAAGC	TRUE
NIH_Sa_TAGACCAAGCTAACAA	NIH_Sa	TAGACCAAGCTAACAA	SRR11008269	269_TAGACCAAGCTAACAA	TRUE
NIH_Sa_TAGACCAAGGCAGGTT	NIH_Sa	TAGACCAAGGCAGGTT	SRR11008269	269_TAGACCAAGGCAGGTT	TRUE
NIH_Sa_TAGACCATCAGTACGT	NIH_Sa	TAGACCATCAGTACGT	SRR11008269	269_TAGACCATCAGTACGT	TRUE
NIH_Sa_TAGAGCTAGACTAGAT	NIH_Sa	TAGAGCTAGACTAGAT	SRR11008269	269_TAGAGCTAGACTAGAT	TRUE
NIH_Sa_TAGAGCTAGCCAGTAG	NIH_Sa	TAGAGCTAGCCAGTAG	SRR11008269	269_TAGAGCTAGCCAGTAG	TRUE
NIH_Sa_TAGAGCTAGGTAAACT	NIH_Sa	TAGAGCTAGGTAAACT	SRR11008269	269_TAGAGCTAGGTAAACT	TRUE
NIH_Sa_TAGAGCTTCAATCACG	NIH_Sa	TAGAGCTTCAATCACG	SRR11008269	269_TAGAGCTTCAATCACG	TRUE
NIH_Sa_TAGCCGGGTCTAGTGT	NIH_Sa	TAGCCGGGTCTAGTGT	SRR11008269	269_TAGCCGGGTCTAGTGT	TRUE
NIH_Sa_TAGGCATAGTGGGATC	NIH_Sa	TAGGCATAGTGGGATC	SRR11008269	269_TAGGCATAGTGGGATC	TRUE
NIH_Sa_TAGGCATCATTGTGCA	NIH_Sa	TAGGCATCATTGTGCA	SRR11008269	269_TAGGCATCATTGTGCA	TRUE
NIH_Sa_TAGGCATGTCTGGTCG	NIH_Sa	TAGGCATGTCTGGTCG	SRR11008269	269_TAGGCATGTCTGGTCG	TRUE
NIH_Sa_TAGGCATGTGATAAGT	NIH_Sa	TAGGCATGTGATAAGT	SRR11008269	269_TAGGCATGTGATAAGT	TRUE
NIH_Sa_TAGTTGGAGCTCCTTC	NIH_Sa	TAGTTGGAGCTCCTTC	SRR11008269	269_TAGTTGGAGCTCCTTC	TRUE
NIH_Sa_TAGTTGGGTTAGAACA	NIH_Sa	TAGTTGGGTTAGAACA	SRR11008269	269_TAGTTGGGTTAGAACA	TRUE
NIH_Sa_TAGTTGGGTTCCAACA	NIH_Sa	TAGTTGGGTTCCAACA	SRR11008269	269_TAGTTGGGTTCCAACA	TRUE
NIH_Sa_TATCAGGGTACTCGCG	NIH_Sa	TATCAGGGTACTCGCG	SRR11008269	269_TATCAGGGTACTCGCG	TRUE
NIH_Sa_TATCTCACATAAGACA	NIH_Sa	TATCTCACATAAGACA	SRR11008269	269_TATCTCACATAAGACA	TRUE
NIH_Sa_TATCTCAGTGCACTTA	NIH_Sa	TATCTCAGTGCACTTA	SRR11008269	269_TATCTCAGTGCACTTA	TRUE
NIH_Sa_TATGCCCAGATCCTGT	NIH_Sa	TATGCCCAGATCCTGT	SRR11008269	269_TATGCCCAGATCCTGT	TRUE
NIH_Sa_TATGCCCCAAGCGCTC	NIH_Sa	TATGCCCCAAGCGCTC	SRR11008269	269_TATGCCCCAAGCGCTC	TRUE
NIH_Sa_TATGCCCCAAGTCATC	NIH_Sa	TATGCCCCAAGTCATC	SRR11008269	269_TATGCCCCAAGTCATC	TRUE
NIH_Sa_TATTACCAGGCAGGTT	NIH_Sa	TATTACCAGGCAGGTT	SRR11008269	269_TATTACCAGGCAGGTT	TRUE
NIH_Sa_TATTACCGTCTCTTAT	NIH_Sa	TATTACCGTCTCTTAT	SRR11008269	269_TATTACCGTCTCTTAT	TRUE
NIH_Sa_TATTACCTCTTCTGGC	NIH_Sa	TATTACCTCTTCTGGC	SRR11008269	269_TATTACCTCTTCTGGC	TRUE
NIH_Sa_TCAACGACACGACGAA	NIH_Sa	TCAACGACACGACGAA	SRR11008269	269_TCAACGACACGACGAA	TRUE
NIH_Sa_TCAACGACAGGATTGG	NIH_Sa	TCAACGACAGGATTGG	SRR11008269	269_TCAACGACAGGATTGG	TRUE
NIH_Sa_TCAACGATCGGAGCAA	NIH_Sa	TCAACGATCGGAGCAA	SRR11008269	269_TCAACGATCGGAGCAA	TRUE
NIH_Sa_TCAATCTAGCTTATCG	NIH_Sa	TCAATCTAGCTTATCG	SRR11008269	269_TCAATCTAGCTTATCG	TRUE
NIH_Sa_TCACAAGAGTCCATAC	NIH_Sa	TCACAAGAGTCCATAC	SRR11008269	269_TCACAAGAGTCCATAC	TRUE
NIH_Sa_TCACAAGGTTTGCATG	NIH_Sa	TCACAAGGTTTGCATG	SRR11008269	269_TCACAAGGTTTGCATG	TRUE
NIH_Sa_TCACGAACACTCGACG	NIH_Sa	TCACGAACACTCGACG	SRR11008269	269_TCACGAACACTCGACG	TRUE
NIH_Sa_TCAGATGAGCCGTCGT	NIH_Sa	TCAGATGAGCCGTCGT	SRR11008269	269_TCAGATGAGCCGTCGT	TRUE
NIH_Sa_TCAGATGAGTGGTAGC	NIH_Sa	TCAGATGAGTGGTAGC	SRR11008269	269_TCAGATGAGTGGTAGC	TRUE
NIH_Sa_TCAGCAAAGACAAGCC	NIH_Sa	TCAGCAAAGACAAGCC	SRR11008269	269_TCAGCAAAGACAAGCC	TRUE
NIH_Sa_TCAGCAAAGATAGGAG	NIH_Sa	TCAGCAAAGATAGGAG	SRR11008269	269_TCAGCAAAGATAGGAG	TRUE
NIH_Sa_TCAGCAACAATCTACG	NIH_Sa	TCAGCAACAATCTACG	SRR11008269	269_TCAGCAACAATCTACG	TRUE
NIH_Sa_TCAGCAAGTACCGTAT	NIH_Sa	TCAGCAAGTACCGTAT	SRR11008269	269_TCAGCAAGTACCGTAT	TRUE
NIH_Sa_TCAGCAAGTATAGTAG	NIH_Sa	TCAGCAAGTATAGTAG	SRR11008269	269_TCAGCAAGTATAGTAG	TRUE
NIH_Sa_TCAGCTCGTAACGTTC	NIH_Sa	TCAGCTCGTAACGTTC	SRR11008269	269_TCAGCTCGTAACGTTC	TRUE
NIH_Sa_TCAGCTCGTTCTGAAC	NIH_Sa	TCAGCTCGTTCTGAAC	SRR11008269	269_TCAGCTCGTTCTGAAC	TRUE
NIH_Sa_TCAGGTAAGAGTACAT	NIH_Sa	TCAGGTAAGAGTACAT	SRR11008269	269_TCAGGTAAGAGTACAT	TRUE
NIH_Sa_TCAGGTAGTACCATCA	NIH_Sa	TCAGGTAGTACCATCA	SRR11008269	269_TCAGGTAGTACCATCA	TRUE
NIH_Sa_TCAGGTATCACAATGC	NIH_Sa	TCAGGTATCACAATGC	SRR11008269	269_TCAGGTATCACAATGC	TRUE
NIH_Sa_TCATTACAGTGACTCT	NIH_Sa	TCATTACAGTGACTCT	SRR11008269	269_TCATTACAGTGACTCT	TRUE
NIH_Sa_TCATTACGTAAATACG	NIH_Sa	TCATTACGTAAATACG	SRR11008269	269_TCATTACGTAAATACG	TRUE
NIH_Sa_TCATTTGAGACAGGCT	NIH_Sa	TCATTTGAGACAGGCT	SRR11008269	269_TCATTTGAGACAGGCT	TRUE
NIH_Sa_TCATTTGCAGACGCCT	NIH_Sa	TCATTTGCAGACGCCT	SRR11008269	269_TCATTTGCAGACGCCT	TRUE
NIH_Sa_TCCACACAGACTAAGT	NIH_Sa	TCCACACAGACTAAGT	SRR11008269	269_TCCACACAGACTAAGT	TRUE
NIH_Sa_TCCACACGTTGCGTTA	NIH_Sa	TCCACACGTTGCGTTA	SRR11008269	269_TCCACACGTTGCGTTA	TRUE
NIH_Sa_TCCCGATCATCAGTAC	NIH_Sa	TCCCGATCATCAGTAC	SRR11008269	269_TCCCGATCATCAGTAC	TRUE
NIH_Sa_TCCCGATTCCATGAGT	NIH_Sa	TCCCGATTCCATGAGT	SRR11008269	269_TCCCGATTCCATGAGT	TRUE
NIH_Sa_TCGAGGCAGATCGATA	NIH_Sa	TCGAGGCAGATCGATA	SRR11008269	269_TCGAGGCAGATCGATA	TRUE
NIH_Sa_TCGAGGCAGTACGTAA	NIH_Sa	TCGAGGCAGTACGTAA	SRR11008269	269_TCGAGGCAGTACGTAA	TRUE
NIH_Sa_TCGCGTTCATTCGACA	NIH_Sa	TCGCGTTCATTCGACA	SRR11008269	269_TCGCGTTCATTCGACA	TRUE
NIH_Sa_TCGCGTTTCCTGCTTG	NIH_Sa	TCGCGTTTCCTGCTTG	SRR11008269	269_TCGCGTTTCCTGCTTG	FALSE
NIH_Sa_TCGGGACAGCGACGTA	NIH_Sa	TCGGGACAGCGACGTA	SRR11008269	269_TCGGGACAGCGACGTA	TRUE
NIH_Sa_TCGGGACGTAACGTTC	NIH_Sa	TCGGGACGTAACGTTC	SRR11008269	269_TCGGGACGTAACGTTC	TRUE
NIH_Sa_TCGGGACGTATCAGTC	NIH_Sa	TCGGGACGTATCAGTC	SRR11008269	269_TCGGGACGTATCAGTC	TRUE
NIH_Sa_TCGGGACGTCAGAAGC	NIH_Sa	TCGGGACGTCAGAAGC	SRR11008269	269_TCGGGACGTCAGAAGC	TRUE
NIH_Sa_TCGGTAAGTAACGTTC	NIH_Sa	TCGGTAAGTAACGTTC	SRR11008269	269_TCGGTAAGTAACGTTC	TRUE
NIH_Sa_TCGGTAATCATTATCC	NIH_Sa	TCGGTAATCATTATCC	SRR11008269	269_TCGGTAATCATTATCC	TRUE
NIH_Sa_TCGGTAATCCTAAGTG	NIH_Sa	TCGGTAATCCTAAGTG	SRR11008269	269_TCGGTAATCCTAAGTG	TRUE
NIH_Sa_TCGTACCCACGGCGTT	NIH_Sa	TCGTACCCACGGCGTT	SRR11008269	269_TCGTACCCACGGCGTT	TRUE
NIH_Sa_TCGTACCCACTATCTT	NIH_Sa	TCGTACCCACTATCTT	SRR11008269	269_TCGTACCCACTATCTT	TRUE
NIH_Sa_TCGTACCGTAAAGTCA	NIH_Sa	TCGTACCGTAAAGTCA	SRR11008269	269_TCGTACCGTAAAGTCA	TRUE
NIH_Sa_TCTATTGCAGTTCCCT	NIH_Sa	TCTATTGCAGTTCCCT	SRR11008269	269_TCTATTGCAGTTCCCT	TRUE
NIH_Sa_TCTATTGGTGTATGGG	NIH_Sa	TCTATTGGTGTATGGG	SRR11008269	269_TCTATTGGTGTATGGG	TRUE
NIH_Sa_TCTCATACAACACCTA	NIH_Sa	TCTCATACAACACCTA	SRR11008269	269_TCTCATACAACACCTA	TRUE
NIH_Sa_TCTCTAAAGTTTGCGT	NIH_Sa	TCTCTAAAGTTTGCGT	SRR11008269	269_TCTCTAAAGTTTGCGT	TRUE
NIH_Sa_TCTCTAACATTCTTAC	NIH_Sa	TCTCTAACATTCTTAC	SRR11008269	269_TCTCTAACATTCTTAC	TRUE
NIH_Sa_TCTCTAATCCACGAAT	NIH_Sa	TCTCTAATCCACGAAT	SRR11008269	269_TCTCTAATCCACGAAT	TRUE
NIH_Sa_TCTCTAATCCATGAAC	NIH_Sa	TCTCTAATCCATGAAC	SRR11008269	269_TCTCTAATCCATGAAC	TRUE
NIH_Sa_TCTGAGAGTAAAGGAG	NIH_Sa	TCTGAGAGTAAAGGAG	SRR11008269	269_TCTGAGAGTAAAGGAG	TRUE
NIH_Sa_TCTGAGAGTCATACTG	NIH_Sa	TCTGAGAGTCATACTG	SRR11008269	269_TCTGAGAGTCATACTG	TRUE
NIH_Sa_TCTGAGAGTCCTCTTG	NIH_Sa	TCTGAGAGTCCTCTTG	SRR11008269	269_TCTGAGAGTCCTCTTG	TRUE
NIH_Sa_TCTTCGGAGGACATTA	NIH_Sa	TCTTCGGAGGACATTA	SRR11008269	269_TCTTCGGAGGACATTA	TRUE
NIH_Sa_TCTTCGGGTATAGTAG	NIH_Sa	TCTTCGGGTATAGTAG	SRR11008269	269_TCTTCGGGTATAGTAG	TRUE
NIH_Sa_TCTTCGGTCGCACTCT	NIH_Sa	TCTTCGGTCGCACTCT	SRR11008269	269_TCTTCGGTCGCACTCT	TRUE
NIH_Sa_TGAAAGAGTAAGGGAA	NIH_Sa	TGAAAGAGTAAGGGAA	SRR11008269	269_TGAAAGAGTAAGGGAA	TRUE
NIH_Sa_TGACAACAGAAGCCCA	NIH_Sa	TGACAACAGAAGCCCA	SRR11008269	269_TGACAACAGAAGCCCA	TRUE
NIH_Sa_TGACAACAGAGACTTA	NIH_Sa	TGACAACAGAGACTTA	SRR11008269	269_TGACAACAGAGACTTA	TRUE
NIH_Sa_TGACAACGTCTAGAGG	NIH_Sa	TGACAACGTCTAGAGG	SRR11008269	269_TGACAACGTCTAGAGG	TRUE
NIH_Sa_TGACGGCAGCGTTGCC	NIH_Sa	TGACGGCAGCGTTGCC	SRR11008269	269_TGACGGCAGCGTTGCC	TRUE
NIH_Sa_TGACGGCCAAACTGTC	NIH_Sa	TGACGGCCAAACTGTC	SRR11008269	269_TGACGGCCAAACTGTC	TRUE
NIH_Sa_TGACGGCCAGCAGTTT	NIH_Sa	TGACGGCCAGCAGTTT	SRR11008269	269_TGACGGCCAGCAGTTT	TRUE
NIH_Sa_TGACGGCGTCTGCAAT	NIH_Sa	TGACGGCGTCTGCAAT	SRR11008269	269_TGACGGCGTCTGCAAT	TRUE
NIH_Sa_TGACTAGCATGTTCCC	NIH_Sa	TGACTAGCATGTTCCC	SRR11008269	269_TGACTAGCATGTTCCC	TRUE
NIH_Sa_TGACTAGGTATAGGTA	NIH_Sa	TGACTAGGTATAGGTA	SRR11008269	269_TGACTAGGTATAGGTA	TRUE
NIH_Sa_TGACTAGGTTAGATGA	NIH_Sa	TGACTAGGTTAGATGA	SRR11008269	269_TGACTAGGTTAGATGA	TRUE
NIH_Sa_TGACTAGTCCAAATGC	NIH_Sa	TGACTAGTCCAAATGC	SRR11008269	269_TGACTAGTCCAAATGC	TRUE
NIH_Sa_TGACTAGTCTGGCGAC	NIH_Sa	TGACTAGTCTGGCGAC	SRR11008269	269_TGACTAGTCTGGCGAC	TRUE
NIH_Sa_TGACTTTTCGTATCAG	NIH_Sa	TGACTTTTCGTATCAG	SRR11008269	269_TGACTTTTCGTATCAG	TRUE
NIH_Sa_TGAGAGGGTTTGTGTG	NIH_Sa	TGAGAGGGTTTGTGTG	SRR11008269	269_TGAGAGGGTTTGTGTG	TRUE
NIH_Sa_TGAGCATGTTACGCGC	NIH_Sa	TGAGCATGTTACGCGC	SRR11008269	269_TGAGCATGTTACGCGC	TRUE
NIH_Sa_TGAGCATTCATCATTC	NIH_Sa	TGAGCATTCATCATTC	SRR11008269	269_TGAGCATTCATCATTC	TRUE
NIH_Sa_TGAGCATTCCATGCTC	NIH_Sa	TGAGCATTCCATGCTC	SRR11008269	269_TGAGCATTCCATGCTC	TRUE
NIH_Sa_TGAGCCGAGGAGTTTA	NIH_Sa	TGAGCCGAGGAGTTTA	SRR11008269	269_TGAGCCGAGGAGTTTA	TRUE
NIH_Sa_TGAGGGACAAGTACCT	NIH_Sa	TGAGGGACAAGTACCT	SRR11008269	269_TGAGGGACAAGTACCT	TRUE
NIH_Sa_TGAGGGAGTTCAGTAC	NIH_Sa	TGAGGGAGTTCAGTAC	SRR11008269	269_TGAGGGAGTTCAGTAC	TRUE
NIH_Sa_TGATTTCCAAGTCATC	NIH_Sa	TGATTTCCAAGTCATC	SRR11008269	269_TGATTTCCAAGTCATC	TRUE
NIH_Sa_TGATTTCGTGCATCTA	NIH_Sa	TGATTTCGTGCATCTA	SRR11008269	269_TGATTTCGTGCATCTA	TRUE
NIH_Sa_TGATTTCGTTGAGGTG	NIH_Sa	TGATTTCGTTGAGGTG	SRR11008269	269_TGATTTCGTTGAGGTG	TRUE
NIH_Sa_TGATTTCTCCACTCCA	NIH_Sa	TGATTTCTCCACTCCA	SRR11008269	269_TGATTTCTCCACTCCA	TRUE
NIH_Sa_TGCACCTCAGATCTGT	NIH_Sa	TGCACCTCAGATCTGT	SRR11008269	269_TGCACCTCAGATCTGT	TRUE
NIH_Sa_TGCACCTCATTCGACA	NIH_Sa	TGCACCTCATTCGACA	SRR11008269	269_TGCACCTCATTCGACA	TRUE
NIH_Sa_TGCACCTTCCAAGCCG	NIH_Sa	TGCACCTTCCAAGCCG	SRR11008269	269_TGCACCTTCCAAGCCG	TRUE
NIH_Sa_TGCCCATAGCTAGCCC	NIH_Sa	TGCCCATAGCTAGCCC	SRR11008269	269_TGCCCATAGCTAGCCC	TRUE
NIH_Sa_TGCCCTACACTCTGTC	NIH_Sa	TGCCCTACACTCTGTC	SRR11008269	269_TGCCCTACACTCTGTC	TRUE
NIH_Sa_TGCCCTATCATTGCCC	NIH_Sa	TGCCCTATCATTGCCC	SRR11008269	269_TGCCCTATCATTGCCC	TRUE
NIH_Sa_TGCGCAGGTAAACACA	NIH_Sa	TGCGCAGGTAAACACA	SRR11008269	269_TGCGCAGGTAAACACA	TRUE
NIH_Sa_TGCGCAGGTAGTGAAT	NIH_Sa	TGCGCAGGTAGTGAAT	SRR11008269	269_TGCGCAGGTAGTGAAT	TRUE
NIH_Sa_TGCGCAGTCGCCAAAT	NIH_Sa	TGCGCAGTCGCCAAAT	SRR11008269	269_TGCGCAGTCGCCAAAT	TRUE
NIH_Sa_TGCGGGTAGAACAATC	NIH_Sa	TGCGGGTAGAACAATC	SRR11008269	269_TGCGGGTAGAACAATC	TRUE
NIH_Sa_TGCGGGTAGTGCGTGA	NIH_Sa	TGCGGGTAGTGCGTGA	SRR11008269	269_TGCGGGTAGTGCGTGA	TRUE
NIH_Sa_TGCGGGTCAAGTCTAC	NIH_Sa	TGCGGGTCAAGTCTAC	SRR11008269	269_TGCGGGTCAAGTCTAC	TRUE
NIH_Sa_TGCGGGTGTAAGCACG	NIH_Sa	TGCGGGTGTAAGCACG	SRR11008269	269_TGCGGGTGTAAGCACG	TRUE
NIH_Sa_TGCGGGTGTACACCGC	NIH_Sa	TGCGGGTGTACACCGC	SRR11008269	269_TGCGGGTGTACACCGC	TRUE
NIH_Sa_TGCGTGGAGAGTGACC	NIH_Sa	TGCGTGGAGAGTGACC	SRR11008269	269_TGCGTGGAGAGTGACC	TRUE
NIH_Sa_TGCTACCGTGCGCTTG	NIH_Sa	TGCTACCGTGCGCTTG	SRR11008269	269_TGCTACCGTGCGCTTG	TRUE
NIH_Sa_TGGACGCAGAATCTCC	NIH_Sa	TGGACGCAGAATCTCC	SRR11008269	269_TGGACGCAGAATCTCC	TRUE
NIH_Sa_TGGCCAGAGAGGACGG	NIH_Sa	TGGCCAGAGAGGACGG	SRR11008269	269_TGGCCAGAGAGGACGG	TRUE
NIH_Sa_TGGCCAGAGGCTACGA	NIH_Sa	TGGCCAGAGGCTACGA	SRR11008269	269_TGGCCAGAGGCTACGA	TRUE
NIH_Sa_TGGCCAGCAAGCCTAT	NIH_Sa	TGGCCAGCAAGCCTAT	SRR11008269	269_TGGCCAGCAAGCCTAT	TRUE
NIH_Sa_TGGCCAGGTCATATGC	NIH_Sa	TGGCCAGGTCATATGC	SRR11008269	269_TGGCCAGGTCATATGC	TRUE
NIH_Sa_TGGCCAGTCACCGTAA	NIH_Sa	TGGCCAGTCACCGTAA	SRR11008269	269_TGGCCAGTCACCGTAA	TRUE
NIH_Sa_TGGCGCAAGATAGTCA	NIH_Sa	TGGCGCAAGATAGTCA	SRR11008269	269_TGGCGCAAGATAGTCA	TRUE
NIH_Sa_TGGCGCAAGCCACGTC	NIH_Sa	TGGCGCAAGCCACGTC	SRR11008269	269_TGGCGCAAGCCACGTC	TRUE
NIH_Sa_TGGCGCACAATCTACG	NIH_Sa	TGGCGCACAATCTACG	SRR11008269	269_TGGCGCACAATCTACG	TRUE
NIH_Sa_TGGCTGGCATGTCCTC	NIH_Sa	TGGCTGGCATGTCCTC	SRR11008269	269_TGGCTGGCATGTCCTC	TRUE
NIH_Sa_TGGCTGGGTTACCGAT	NIH_Sa	TGGCTGGGTTACCGAT	SRR11008269	269_TGGCTGGGTTACCGAT	TRUE
NIH_Sa_TGGGAAGGTACTCTCC	NIH_Sa	TGGGAAGGTACTCTCC	SRR11008269	269_TGGGAAGGTACTCTCC	TRUE
NIH_Sa_TGGGAAGTCATGCTCC	NIH_Sa	TGGGAAGTCATGCTCC	SRR11008269	269_TGGGAAGTCATGCTCC	TRUE
NIH_Sa_TGGGAAGTCTCTTGAT	NIH_Sa	TGGGAAGTCTCTTGAT	SRR11008269	269_TGGGAAGTCTCTTGAT	TRUE
NIH_Sa_TGGGCGTGTGACTACT	NIH_Sa	TGGGCGTGTGACTACT	SRR11008269	269_TGGGCGTGTGACTACT	TRUE
NIH_Sa_TGGTTAGAGACTGGGT	NIH_Sa	TGGTTAGAGACTGGGT	SRR11008269	269_TGGTTAGAGACTGGGT	TRUE
NIH_Sa_TGGTTAGAGGTACTCT	NIH_Sa	TGGTTAGAGGTACTCT	SRR11008269	269_TGGTTAGAGGTACTCT	TRUE
NIH_Sa_TGGTTAGAGTCGATAA	NIH_Sa	TGGTTAGAGTCGATAA	SRR11008269	269_TGGTTAGAGTCGATAA	TRUE
NIH_Sa_TGGTTCCAGGTTACCT	NIH_Sa	TGGTTCCAGGTTACCT	SRR11008269	269_TGGTTCCAGGTTACCT	TRUE
NIH_Sa_TGGTTCCCACACTGCG	NIH_Sa	TGGTTCCCACACTGCG	SRR11008269	269_TGGTTCCCACACTGCG	TRUE
NIH_Sa_TGGTTCCGTTGGACCC	NIH_Sa	TGGTTCCGTTGGACCC	SRR11008269	269_TGGTTCCGTTGGACCC	TRUE
NIH_Sa_TGGTTCCTCGTTTATC	NIH_Sa	TGGTTCCTCGTTTATC	SRR11008269	269_TGGTTCCTCGTTTATC	TRUE
NIH_Sa_TGTATTCAGAAGGCCT	NIH_Sa	TGTATTCAGAAGGCCT	SRR11008269	269_TGTATTCAGAAGGCCT	TRUE
NIH_Sa_TGTATTCAGTGGGTTG	NIH_Sa	TGTATTCAGTGGGTTG	SRR11008269	269_TGTATTCAGTGGGTTG	TRUE
NIH_Sa_TGTATTCAGTTTAGGA	NIH_Sa	TGTATTCAGTTTAGGA	SRR11008269	269_TGTATTCAGTTTAGGA	TRUE
NIH_Sa_TGTATTCGTCGAGATG	NIH_Sa	TGTATTCGTCGAGATG	SRR11008269	269_TGTATTCGTCGAGATG	TRUE
NIH_Sa_TGTCCCAAGTTAACGA	NIH_Sa	TGTCCCAAGTTAACGA	SRR11008269	269_TGTCCCAAGTTAACGA	TRUE
NIH_Sa_TGTGGTAAGATGCCAG	NIH_Sa	TGTGGTAAGATGCCAG	SRR11008269	269_TGTGGTAAGATGCCAG	TRUE
NIH_Sa_TGTGGTAAGTGTACTC	NIH_Sa	TGTGGTAAGTGTACTC	SRR11008269	269_TGTGGTAAGTGTACTC	TRUE
NIH_Sa_TGTGGTACAATCAGAA	NIH_Sa	TGTGGTACAATCAGAA	SRR11008269	269_TGTGGTACAATCAGAA	TRUE
NIH_Sa_TGTGGTATCCAAACAC	NIH_Sa	TGTGGTATCCAAACAC	SRR11008269	269_TGTGGTATCCAAACAC	TRUE
NIH_Sa_TGTGTTTAGCCACCTG	NIH_Sa	TGTGTTTAGCCACCTG	SRR11008269	269_TGTGTTTAGCCACCTG	TRUE
NIH_Sa_TGTGTTTCATCGACGC	NIH_Sa	TGTGTTTCATCGACGC	SRR11008269	269_TGTGTTTCATCGACGC	TRUE
NIH_Sa_TGTGTTTTCCAAATGC	NIH_Sa	TGTGTTTTCCAAATGC	SRR11008269	269_TGTGTTTTCCAAATGC	TRUE
NIH_Sa_TGTGTTTTCCGAACGC	NIH_Sa	TGTGTTTTCCGAACGC	SRR11008269	269_TGTGTTTTCCGAACGC	TRUE
NIH_Sa_TTAACTCCAAGCCATT	NIH_Sa	TTAACTCCAAGCCATT	SRR11008269	269_TTAACTCCAAGCCATT	TRUE
NIH_Sa_TTAACTCGTAGCTTGT	NIH_Sa	TTAACTCGTAGCTTGT	SRR11008269	269_TTAACTCGTAGCTTGT	TRUE
NIH_Sa_TTAACTCGTCCATCCT	NIH_Sa	TTAACTCGTCCATCCT	SRR11008269	269_TTAACTCGTCCATCCT	TRUE
NIH_Sa_TTAGGACCAAGTTGTC	NIH_Sa	TTAGGACCAAGTTGTC	SRR11008269	269_TTAGGACCAAGTTGTC	TRUE
NIH_Sa_TTAGGACGTACCATCA	NIH_Sa	TTAGGACGTACCATCA	SRR11008269	269_TTAGGACGTACCATCA	TRUE
NIH_Sa_TTAGGACGTTCGTTGA	NIH_Sa	TTAGGACGTTCGTTGA	SRR11008269	269_TTAGGACGTTCGTTGA	TRUE
NIH_Sa_TTAGGACTCATATCGG	NIH_Sa	TTAGGACTCATATCGG	SRR11008269	269_TTAGGACTCATATCGG	TRUE
NIH_Sa_TTAGGCAAGTGTCCAT	NIH_Sa	TTAGGCAAGTGTCCAT	SRR11008269	269_TTAGGCAAGTGTCCAT	TRUE
NIH_Sa_TTAGTTCAGGCTCTTA	NIH_Sa	TTAGTTCAGGCTCTTA	SRR11008269	269_TTAGTTCAGGCTCTTA	TRUE
NIH_Sa_TTAGTTCCACACATGT	NIH_Sa	TTAGTTCCACACATGT	SRR11008269	269_TTAGTTCCACACATGT	TRUE
NIH_Sa_TTATGCTTCGAACTGT	NIH_Sa	TTATGCTTCGAACTGT	SRR11008269	269_TTATGCTTCGAACTGT	TRUE
NIH_Sa_TTATGCTTCGGTTCGG	NIH_Sa	TTATGCTTCGGTTCGG	SRR11008269	269_TTATGCTTCGGTTCGG	TRUE
NIH_Sa_TTCCCAGCAAAGCAAT	NIH_Sa	TTCCCAGCAAAGCAAT	SRR11008269	269_TTCCCAGCAAAGCAAT	TRUE
NIH_Sa_TTCCCAGCACAGGTTT	NIH_Sa	TTCCCAGCACAGGTTT	SRR11008269	269_TTCCCAGCACAGGTTT	TRUE
NIH_Sa_TTCCCAGCACTTAACG	NIH_Sa	TTCCCAGCACTTAACG	SRR11008269	269_TTCCCAGCACTTAACG	TRUE
NIH_Sa_TTCCCAGGTATAGGGC	NIH_Sa	TTCCCAGGTATAGGGC	SRR11008269	269_TTCCCAGGTATAGGGC	TRUE
NIH_Sa_TTCGAAGTCACAACGT	NIH_Sa	TTCGAAGTCACAACGT	SRR11008269	269_TTCGAAGTCACAACGT	TRUE
NIH_Sa_TTCTCAACATTATCTC	NIH_Sa	TTCTCAACATTATCTC	SRR11008269	269_TTCTCAACATTATCTC	TRUE
NIH_Sa_TTCTCAATCCGTAGGC	NIH_Sa	TTCTCAATCCGTAGGC	SRR11008269	269_TTCTCAATCCGTAGGC	TRUE
NIH_Sa_TTCTCAATCTTTAGGG	NIH_Sa	TTCTCAATCTTTAGGG	SRR11008269	269_TTCTCAATCTTTAGGG	TRUE
NIH_Sa_TTCTCCTAGCGCCTTG	NIH_Sa	TTCTCCTAGCGCCTTG	SRR11008269	269_TTCTCCTAGCGCCTTG	TRUE
NIH_Sa_TTCTCCTGTAAAGTCA	NIH_Sa	TTCTCCTGTAAAGTCA	SRR11008269	269_TTCTCCTGTAAAGTCA	TRUE
NIH_Sa_TTCTCCTTCCCAGGTG	NIH_Sa	TTCTCCTTCCCAGGTG	SRR11008269	269_TTCTCCTTCCCAGGTG	TRUE
NIH_Sa_TTCTTAGAGTTAACGA	NIH_Sa	TTCTTAGAGTTAACGA	SRR11008269	269_TTCTTAGAGTTAACGA	TRUE
NIH_Sa_TTGAACGCATTACCTT	NIH_Sa	TTGAACGCATTACCTT	SRR11008269	269_TTGAACGCATTACCTT	TRUE
NIH_Sa_TTGCCGTAGTACTTGC	NIH_Sa	TTGCCGTAGTACTTGC	SRR11008269	269_TTGCCGTAGTACTTGC	TRUE
NIH_Sa_TTGGAACAGTACGTAA	NIH_Sa	TTGGAACAGTACGTAA	SRR11008269	269_TTGGAACAGTACGTAA	TRUE
NIH_Sa_TTGGCAACATCACAAC	NIH_Sa	TTGGCAACATCACAAC	SRR11008269	269_TTGGCAACATCACAAC	TRUE
NIH_Sa_TTGGCAATCACCAGGC	NIH_Sa	TTGGCAATCACCAGGC	SRR11008269	269_TTGGCAATCACCAGGC	TRUE
NIH_Sa_TTGTAGGCAGCCAGAA	NIH_Sa	TTGTAGGCAGCCAGAA	SRR11008269	269_TTGTAGGCAGCCAGAA	TRUE
NIH_Sa_TTTATGCCACATGTGT	NIH_Sa	TTTATGCCACATGTGT	SRR11008269	269_TTTATGCCACATGTGT	FALSE
NIH_Sa_TTTATGCGTGGCCCTA	NIH_Sa	TTTATGCGTGGCCCTA	SRR11008269	269_TTTATGCGTGGCCCTA	TRUE
NIH_Sa_TTTCCTCAGTGGTAAT	NIH_Sa	TTTCCTCAGTGGTAAT	SRR11008269	269_TTTCCTCAGTGGTAAT	TRUE
NIH_Sa_TTTCCTCGTAGAAGGA	NIH_Sa	TTTCCTCGTAGAAGGA	SRR11008269	269_TTTCCTCGTAGAAGGA	TRUE
NIH_Sa_TTTCCTCGTCCTCCAT	NIH_Sa	TTTCCTCGTCCTCCAT	SRR11008269	269_TTTCCTCGTCCTCCAT	TRUE
NIH_Sa_TTTCCTCGTGGTCCGT	NIH_Sa	TTTCCTCGTGGTCCGT	SRR11008269	269_TTTCCTCGTGGTCCGT	TRUE
NIH_Sa_TTTGCGCCAGGCGATA	NIH_Sa	TTTGCGCCAGGCGATA	SRR11008269	269_TTTGCGCCAGGCGATA	TRUE
NIH_Sa_TTTGGTTAGGATTCGG	NIH_Sa	TTTGGTTAGGATTCGG	SRR11008269	269_TTTGGTTAGGATTCGG	TRUE
NIH_Sa_TTTGGTTCATGGAATA	NIH_Sa	TTTGGTTCATGGAATA	SRR11008269	269_TTTGGTTCATGGAATA	TRUE
NIH_Sa_TTTGTCAAGGACCACA	NIH_Sa	TTTGTCAAGGACCACA	SRR11008269	269_TTTGTCAAGGACCACA	TRUE
PB_MACS_AAAGATGAGACAGACC	PB_MACS	AAAGATGAGACAGACC	SRR11008272	272_AAAGATGAGACAGACC	TRUE
PB_MACS_AAAGATGCAGGTCTCG	PB_MACS	AAAGATGCAGGTCTCG	SRR11008272	272_AAAGATGCAGGTCTCG	FALSE
PB_MACS_AAATGCCCATACCATG	PB_MACS	AAATGCCCATACCATG	SRR11008272	272_AAATGCCCATACCATG	FALSE
PB_MACS_AAATGCCGTAGTGAAT	PB_MACS	AAATGCCGTAGTGAAT	SRR11008272	272_AAATGCCGTAGTGAAT	TRUE
PB_MACS_AACCGCGAGACACTAA	PB_MACS	AACCGCGAGACACTAA	SRR11008272	272_AACCGCGAGACACTAA	TRUE
PB_MACS_AACTCAGTCTGCTGCT	PB_MACS	AACTCAGTCTGCTGCT	SRR11008272	272_AACTCAGTCTGCTGCT	TRUE
PB_MACS_AACTCTTTCTACTCAT	PB_MACS	AACTCTTTCTACTCAT	SRR11008272	272_AACTCTTTCTACTCAT	TRUE
PB_MACS_AACTTTCTCCTTCAAT	PB_MACS	AACTTTCTCCTTCAAT	SRR11008272	272_AACTTTCTCCTTCAAT	TRUE
PB_MACS_AAGGAGCAGCTAGTTC	PB_MACS	AAGGAGCAGCTAGTTC	SRR11008272	272_AAGGAGCAGCTAGTTC	TRUE
PB_MACS_AAGGAGCTCGCAAACT	PB_MACS	AAGGAGCTCGCAAACT	SRR11008272	272_AAGGAGCTCGCAAACT	TRUE
PB_MACS_AAGGAGCTCGGACAAG	PB_MACS	AAGGAGCTCGGACAAG	SRR11008272	272_AAGGAGCTCGGACAAG	TRUE
PB_MACS_AAGGCAGGTCATATGC	PB_MACS	AAGGCAGGTCATATGC	SRR11008272	272_AAGGCAGGTCATATGC	TRUE
PB_MACS_AAGTCTGCAGCAGTTT	PB_MACS	AAGTCTGCAGCAGTTT	SRR11008272	272_AAGTCTGCAGCAGTTT	TRUE
PB_MACS_AATCCAGTCAGAGGTG	PB_MACS	AATCCAGTCAGAGGTG	SRR11008272	272_AATCCAGTCAGAGGTG	TRUE
PB_MACS_AATCGGTAGCTCCTCT	PB_MACS	AATCGGTAGCTCCTCT	SRR11008272	272_AATCGGTAGCTCCTCT	TRUE
PB_MACS_AATCGGTCAGCCACCA	PB_MACS	AATCGGTCAGCCACCA	SRR11008272	272_AATCGGTCAGCCACCA	TRUE
PB_MACS_AATCGGTTCCGTTGTC	PB_MACS	AATCGGTTCCGTTGTC	SRR11008272	272_AATCGGTTCCGTTGTC	TRUE
PB_MACS_ACAGCCGTCACCTTAT	PB_MACS	ACAGCCGTCACCTTAT	SRR11008272	272_ACAGCCGTCACCTTAT	TRUE
PB_MACS_ACATACGGTCCTGCTT	PB_MACS	ACATACGGTCCTGCTT	SRR11008272	272_ACATACGGTCCTGCTT	TRUE
PB_MACS_ACATCAGCATACGCTA	PB_MACS	ACATCAGCATACGCTA	SRR11008272	272_ACATCAGCATACGCTA	TRUE
PB_MACS_ACATCAGGTTCAACCA	PB_MACS	ACATCAGGTTCAACCA	SRR11008272	272_ACATCAGGTTCAACCA	TRUE
PB_MACS_ACATGGTGTTACTGAC	PB_MACS	ACATGGTGTTACTGAC	SRR11008272	272_ACATGGTGTTACTGAC	TRUE
PB_MACS_ACATGGTTCGCGCCAA	PB_MACS	ACATGGTTCGCGCCAA	SRR11008272	272_ACATGGTTCGCGCCAA	TRUE
PB_MACS_ACCAGTATCTGTTGAG	PB_MACS	ACCAGTATCTGTTGAG	SRR11008272	272_ACCAGTATCTGTTGAG	TRUE
PB_MACS_ACCGTAATCAAACCGT	PB_MACS	ACCGTAATCAAACCGT	SRR11008272	272_ACCGTAATCAAACCGT	TRUE
PB_MACS_ACCGTAATCTGATACG	PB_MACS	ACCGTAATCTGATACG	SRR11008272	272_ACCGTAATCTGATACG	TRUE
PB_MACS_ACGCCAGAGTGAATTG	PB_MACS	ACGCCAGAGTGAATTG	SRR11008272	272_ACGCCAGAGTGAATTG	TRUE
PB_MACS_ACGGAGAAGGAGTTGC	PB_MACS	ACGGAGAAGGAGTTGC	SRR11008272	272_ACGGAGAAGGAGTTGC	TRUE
PB_MACS_ACGGGCTGTTCCCGAG	PB_MACS	ACGGGCTGTTCCCGAG	SRR11008272	272_ACGGGCTGTTCCCGAG	TRUE
PB_MACS_ACTGAACAGTCATCCA	PB_MACS	ACTGAACAGTCATCCA	SRR11008272	272_ACTGAACAGTCATCCA	TRUE
PB_MACS_ACTTACTGTGGTGTAG	PB_MACS	ACTTACTGTGGTGTAG	SRR11008272	272_ACTTACTGTGGTGTAG	TRUE
PB_MACS_AGAATAGTCACAACGT	PB_MACS	AGAATAGTCACAACGT	SRR11008272	272_AGAATAGTCACAACGT	TRUE
PB_MACS_AGAGCGAAGTACGCGA	PB_MACS	AGAGCGAAGTACGCGA	SRR11008272	272_AGAGCGAAGTACGCGA	TRUE
PB_MACS_AGATTGCAGCGTCAAG	PB_MACS	AGATTGCAGCGTCAAG	SRR11008272	272_AGATTGCAGCGTCAAG	TRUE
PB_MACS_AGATTGCAGCTGAAAT	PB_MACS	AGATTGCAGCTGAAAT	SRR11008272	272_AGATTGCAGCTGAAAT	TRUE
PB_MACS_AGCAGCCCAAAGGTGC	PB_MACS	AGCAGCCCAAAGGTGC	SRR11008272	272_AGCAGCCCAAAGGTGC	TRUE
PB_MACS_AGCAGCCCATACTCTT	PB_MACS	AGCAGCCCATACTCTT	SRR11008272	272_AGCAGCCCATACTCTT	FALSE
PB_MACS_AGCGGTCCATAAGACA	PB_MACS	AGCGGTCCATAAGACA	SRR11008272	272_AGCGGTCCATAAGACA	TRUE
PB_MACS_AGCTCTCGTTCACCTC	PB_MACS	AGCTCTCGTTCACCTC	SRR11008272	272_AGCTCTCGTTCACCTC	TRUE
PB_MACS_AGGGAGTAGGCTATCT	PB_MACS	AGGGAGTAGGCTATCT	SRR11008272	272_AGGGAGTAGGCTATCT	TRUE
PB_MACS_AGGGAGTCAAGTTAAG	PB_MACS	AGGGAGTCAAGTTAAG	SRR11008272	272_AGGGAGTCAAGTTAAG	TRUE
PB_MACS_AGGGTGACATCAGTCA	PB_MACS	AGGGTGACATCAGTCA	SRR11008272	272_AGGGTGACATCAGTCA	TRUE
PB_MACS_AGGTCATGTAGCTCCG	PB_MACS	AGGTCATGTAGCTCCG	SRR11008272	272_AGGTCATGTAGCTCCG	TRUE
PB_MACS_AGTAGTCCAGGACGTA	PB_MACS	AGTAGTCCAGGACGTA	SRR11008272	272_AGTAGTCCAGGACGTA	TRUE
PB_MACS_AGTCTTTAGTACGACG	PB_MACS	AGTCTTTAGTACGACG	SRR11008272	272_AGTCTTTAGTACGACG	TRUE
PB_MACS_AGTGAGGTCTTCAACT	PB_MACS	AGTGAGGTCTTCAACT	SRR11008272	272_AGTGAGGTCTTCAACT	TRUE
PB_MACS_AGTGTCACATTACGAC	PB_MACS	AGTGTCACATTACGAC	SRR11008272	272_AGTGTCACATTACGAC	TRUE
PB_MACS_AGTTGGTAGTGTGGCA	PB_MACS	AGTTGGTAGTGTGGCA	SRR11008272	272_AGTTGGTAGTGTGGCA	TRUE
PB_MACS_ATCACGATCGCTAGCG	PB_MACS	ATCACGATCGCTAGCG	SRR11008272	272_ATCACGATCGCTAGCG	TRUE
PB_MACS_ATCATCTCATGAGCGA	PB_MACS	ATCATCTCATGAGCGA	SRR11008272	272_ATCATCTCATGAGCGA	TRUE
PB_MACS_ATCCACCTCTTTAGTC	PB_MACS	ATCCACCTCTTTAGTC	SRR11008272	272_ATCCACCTCTTTAGTC	TRUE
PB_MACS_ATCCGAATCCTCAACC	PB_MACS	ATCCGAATCCTCAACC	SRR11008272	272_ATCCGAATCCTCAACC	TRUE
PB_MACS_ATCCGAATCTCGCTTG	PB_MACS	ATCCGAATCTCGCTTG	SRR11008272	272_ATCCGAATCTCGCTTG	TRUE
PB_MACS_ATGCGATAGGAGTTTA	PB_MACS	ATGCGATAGGAGTTTA	SRR11008272	272_ATGCGATAGGAGTTTA	TRUE
PB_MACS_ATGGGAGGTTCCGGCA	PB_MACS	ATGGGAGGTTCCGGCA	SRR11008272	272_ATGGGAGGTTCCGGCA	TRUE
PB_MACS_ATTACTCGTTCGTCTC	PB_MACS	ATTACTCGTTCGTCTC	SRR11008272	272_ATTACTCGTTCGTCTC	TRUE
PB_MACS_ATTGGACAGGTGCTTT	PB_MACS	ATTGGACAGGTGCTTT	SRR11008272	272_ATTGGACAGGTGCTTT	TRUE
PB_MACS_CAACCTCAGACTAAGT	PB_MACS	CAACCTCAGACTAAGT	SRR11008272	272_CAACCTCAGACTAAGT	TRUE
PB_MACS_CAACTAGAGCGTTTAC	PB_MACS	CAACTAGAGCGTTTAC	SRR11008272	272_CAACTAGAGCGTTTAC	TRUE
PB_MACS_CAACTAGCAGCTTAAC	PB_MACS	CAACTAGCAGCTTAAC	SRR11008272	272_CAACTAGCAGCTTAAC	FALSE
PB_MACS_CAACTAGTCCAGGGCT	PB_MACS	CAACTAGTCCAGGGCT	SRR11008272	272_CAACTAGTCCAGGGCT	TRUE
PB_MACS_CAAGAAAGTGAGTGAC	PB_MACS	CAAGAAAGTGAGTGAC	SRR11008272	272_CAAGAAAGTGAGTGAC	TRUE
PB_MACS_CAAGGCCAGGTAGCCA	PB_MACS	CAAGGCCAGGTAGCCA	SRR11008272	272_CAAGGCCAGGTAGCCA	TRUE
PB_MACS_CACACAAGTTGTTTGG	PB_MACS	CACACAAGTTGTTTGG	SRR11008272	272_CACACAAGTTGTTTGG	TRUE
PB_MACS_CACACTCAGATGAGAG	PB_MACS	CACACTCAGATGAGAG	SRR11008272	272_CACACTCAGATGAGAG	TRUE
PB_MACS_CACACTCAGGAATCGC	PB_MACS	CACACTCAGGAATCGC	SRR11008272	272_CACACTCAGGAATCGC	TRUE
PB_MACS_CACAGGCAGGTTCCTA	PB_MACS	CACAGGCAGGTTCCTA	SRR11008272	272_CACAGGCAGGTTCCTA	TRUE
PB_MACS_CACCACTAGGGTTTCT	PB_MACS	CACCACTAGGGTTTCT	SRR11008272	272_CACCACTAGGGTTTCT	FALSE
PB_MACS_CACCACTCAATGCCAT	PB_MACS	CACCACTCAATGCCAT	SRR11008272	272_CACCACTCAATGCCAT	TRUE
PB_MACS_CACCTTGGTAAACGCG	PB_MACS	CACCTTGGTAAACGCG	SRR11008272	272_CACCTTGGTAAACGCG	TRUE
PB_MACS_CACTCCAAGCGTAATA	PB_MACS	CACTCCAAGCGTAATA	SRR11008272	272_CACTCCAAGCGTAATA	TRUE
PB_MACS_CACTCCAAGCTCTCGG	PB_MACS	CACTCCAAGCTCTCGG	SRR11008272	272_CACTCCAAGCTCTCGG	TRUE
PB_MACS_CAGAGAGAGTGTTGAA	PB_MACS	CAGAGAGAGTGTTGAA	SRR11008272	272_CAGAGAGAGTGTTGAA	TRUE
PB_MACS_CAGAGAGCACATTCGA	PB_MACS	CAGAGAGCACATTCGA	SRR11008272	272_CAGAGAGCACATTCGA	TRUE
PB_MACS_CAGCATATCACGCATA	PB_MACS	CAGCATATCACGCATA	SRR11008272	272_CAGCATATCACGCATA	TRUE
PB_MACS_CAGCGACTCCGCGCAA	PB_MACS	CAGCGACTCCGCGCAA	SRR11008272	272_CAGCGACTCCGCGCAA	TRUE
PB_MACS_CAGCTAAGTAGAGTGC	PB_MACS	CAGCTAAGTAGAGTGC	SRR11008272	272_CAGCTAAGTAGAGTGC	TRUE
PB_MACS_CAGGTGCTCGATCCCT	PB_MACS	CAGGTGCTCGATCCCT	SRR11008272	272_CAGGTGCTCGATCCCT	TRUE
PB_MACS_CAGTAACTCATGGTCA	PB_MACS	CAGTAACTCATGGTCA	SRR11008272	272_CAGTAACTCATGGTCA	TRUE
PB_MACS_CATATTCTCGCGGATC	PB_MACS	CATATTCTCGCGGATC	SRR11008272	272_CATATTCTCGCGGATC	TRUE
PB_MACS_CATCAGACAGTGACAG	PB_MACS	CATCAGACAGTGACAG	SRR11008272	272_CATCAGACAGTGACAG	TRUE
PB_MACS_CATCAGACATGGGACA	PB_MACS	CATCAGACATGGGACA	SRR11008272	272_CATCAGACATGGGACA	TRUE
PB_MACS_CATCGGGAGTGTTGAA	PB_MACS	CATCGGGAGTGTTGAA	SRR11008272	272_CATCGGGAGTGTTGAA	TRUE
PB_MACS_CATGACATCACGCGGT	PB_MACS	CATGACATCACGCGGT	SRR11008272	272_CATGACATCACGCGGT	TRUE
PB_MACS_CATGCCTCACACCGAC	PB_MACS	CATGCCTCACACCGAC	SRR11008272	272_CATGCCTCACACCGAC	TRUE
PB_MACS_CATGGCGTCCTGTACC	PB_MACS	CATGGCGTCCTGTACC	SRR11008272	272_CATGGCGTCCTGTACC	TRUE
PB_MACS_CATTATCTCCCTCTTT	PB_MACS	CATTATCTCCCTCTTT	SRR11008272	272_CATTATCTCCCTCTTT	FALSE
PB_MACS_CATTCGCCATGACGGA	PB_MACS	CATTCGCCATGACGGA	SRR11008272	272_CATTCGCCATGACGGA	TRUE
PB_MACS_CCAATCCCATGACGGA	PB_MACS	CCAATCCCATGACGGA	SRR11008272	272_CCAATCCCATGACGGA	TRUE
PB_MACS_CCACCTATCTCCCTGA	PB_MACS	CCACCTATCTCCCTGA	SRR11008272	272_CCACCTATCTCCCTGA	TRUE
PB_MACS_CCACGGAGTACATCCA	PB_MACS	CCACGGAGTACATCCA	SRR11008272	272_CCACGGAGTACATCCA	TRUE
PB_MACS_CCACGGAGTATGGTTC	PB_MACS	CCACGGAGTATGGTTC	SRR11008272	272_CCACGGAGTATGGTTC	TRUE
PB_MACS_CCACGGATCTCAACTT	PB_MACS	CCACGGATCTCAACTT	SRR11008272	272_CCACGGATCTCAACTT	TRUE
PB_MACS_CCACTACCATAGGATA	PB_MACS	CCACTACCATAGGATA	SRR11008272	272_CCACTACCATAGGATA	TRUE
PB_MACS_CCATGTCGTTCGTTGA	PB_MACS	CCATGTCGTTCGTTGA	SRR11008272	272_CCATGTCGTTCGTTGA	TRUE
PB_MACS_CCATGTCTCGCTGATA	PB_MACS	CCATGTCTCGCTGATA	SRR11008272	272_CCATGTCTCGCTGATA	TRUE
PB_MACS_CCGGGATCAATGACCT	PB_MACS	CCGGGATCAATGACCT	SRR11008272	272_CCGGGATCAATGACCT	TRUE
PB_MACS_CCGGGATGTGGTGTAG	PB_MACS	CCGGGATGTGGTGTAG	SRR11008272	272_CCGGGATGTGGTGTAG	TRUE
PB_MACS_CCGTGGAGTCAAACTC	PB_MACS	CCGTGGAGTCAAACTC	SRR11008272	272_CCGTGGAGTCAAACTC	TRUE
PB_MACS_CCGTGGAGTCCAGTAT	PB_MACS	CCGTGGAGTCCAGTAT	SRR11008272	272_CCGTGGAGTCCAGTAT	TRUE
PB_MACS_CCGTGGAGTGAACCTT	PB_MACS	CCGTGGAGTGAACCTT	SRR11008272	272_CCGTGGAGTGAACCTT	TRUE
PB_MACS_CCTACACGTAGGGTAC	PB_MACS	CCTACACGTAGGGTAC	SRR11008272	272_CCTACACGTAGGGTAC	TRUE
PB_MACS_CCTCAGTCATTAGGCT	PB_MACS	CCTCAGTCATTAGGCT	SRR11008272	272_CCTCAGTCATTAGGCT	TRUE
PB_MACS_CCTCTGATCAAACCAC	PB_MACS	CCTCTGATCAAACCAC	SRR11008272	272_CCTCTGATCAAACCAC	TRUE
PB_MACS_CCTTCCCAGCTCCTTC	PB_MACS	CCTTCCCAGCTCCTTC	SRR11008272	272_CCTTCCCAGCTCCTTC	TRUE
PB_MACS_CCTTCGAGTTGGTGGA	PB_MACS	CCTTCGAGTTGGTGGA	SRR11008272	272_CCTTCGAGTTGGTGGA	TRUE
PB_MACS_CCTTCGAGTTGTACAC	PB_MACS	CCTTCGAGTTGTACAC	SRR11008272	272_CCTTCGAGTTGTACAC	TRUE
PB_MACS_CGACCTTAGTGGCACA	PB_MACS	CGACCTTAGTGGCACA	SRR11008272	272_CGACCTTAGTGGCACA	TRUE
PB_MACS_CGAGAAGCAACGCACC	PB_MACS	CGAGAAGCAACGCACC	SRR11008272	272_CGAGAAGCAACGCACC	TRUE
PB_MACS_CGAGCACCACCAGGCT	PB_MACS	CGAGCACCACCAGGCT	SRR11008272	272_CGAGCACCACCAGGCT	TRUE
PB_MACS_CGAGCCAGTCATGCAT	PB_MACS	CGAGCCAGTCATGCAT	SRR11008272	272_CGAGCCAGTCATGCAT	TRUE
PB_MACS_CGATCGGGTGAAGGCT	PB_MACS	CGATCGGGTGAAGGCT	SRR11008272	272_CGATCGGGTGAAGGCT	TRUE
PB_MACS_CGATCGGTCAAGGTAA	PB_MACS	CGATCGGTCAAGGTAA	SRR11008272	272_CGATCGGTCAAGGTAA	TRUE
PB_MACS_CGATGTAAGCACAGGT	PB_MACS	CGATGTAAGCACAGGT	SRR11008272	272_CGATGTAAGCACAGGT	FALSE
PB_MACS_CGATGTACATACTCTT	PB_MACS	CGATGTACATACTCTT	SRR11008272	272_CGATGTACATACTCTT	FALSE
PB_MACS_CGATGTATCAGGTTCA	PB_MACS	CGATGTATCAGGTTCA	SRR11008272	272_CGATGTATCAGGTTCA	TRUE
PB_MACS_CGATTGAAGTTCGCAT	PB_MACS	CGATTGAAGTTCGCAT	SRR11008272	272_CGATTGAAGTTCGCAT	TRUE
PB_MACS_CGCTGGAGTGTAACGG	PB_MACS	CGCTGGAGTGTAACGG	SRR11008272	272_CGCTGGAGTGTAACGG	TRUE
PB_MACS_CGCTTCAAGATGTAAC	PB_MACS	CGCTTCAAGATGTAAC	SRR11008272	272_CGCTTCAAGATGTAAC	TRUE
PB_MACS_CGGACTGAGGTAGCTG	PB_MACS	CGGACTGAGGTAGCTG	SRR11008272	272_CGGACTGAGGTAGCTG	TRUE
PB_MACS_CGGACTGGTCTTGATG	PB_MACS	CGGACTGGTCTTGATG	SRR11008272	272_CGGACTGGTCTTGATG	TRUE
PB_MACS_CGGAGCTGTTATCCGA	PB_MACS	CGGAGCTGTTATCCGA	SRR11008272	272_CGGAGCTGTTATCCGA	TRUE
PB_MACS_CGGAGCTTCTGTCTAT	PB_MACS	CGGAGCTTCTGTCTAT	SRR11008272	272_CGGAGCTTCTGTCTAT	TRUE
PB_MACS_CGGAGTCTCTTACCTA	PB_MACS	CGGAGTCTCTTACCTA	SRR11008272	272_CGGAGTCTCTTACCTA	TRUE
PB_MACS_CGGTTAAAGTTCGCGC	PB_MACS	CGGTTAAAGTTCGCGC	SRR11008272	272_CGGTTAAAGTTCGCGC	TRUE
PB_MACS_CGTAGCGAGAGACGAA	PB_MACS	CGTAGCGAGAGACGAA	SRR11008272	272_CGTAGCGAGAGACGAA	TRUE
PB_MACS_CGTAGCGAGAGGGATA	PB_MACS	CGTAGCGAGAGGGATA	SRR11008272	272_CGTAGCGAGAGGGATA	TRUE
PB_MACS_CGTAGCGGTAGCTAAA	PB_MACS	CGTAGCGGTAGCTAAA	SRR11008272	272_CGTAGCGGTAGCTAAA	TRUE
PB_MACS_CGTAGCGGTGAAGGCT	PB_MACS	CGTAGCGGTGAAGGCT	SRR11008272	272_CGTAGCGGTGAAGGCT	TRUE
PB_MACS_CGTAGCGGTTCTGGTA	PB_MACS	CGTAGCGGTTCTGGTA	SRR11008272	272_CGTAGCGGTTCTGGTA	TRUE
PB_MACS_CGTCACTTCGTTACAG	PB_MACS	CGTCACTTCGTTACAG	SRR11008272	272_CGTCACTTCGTTACAG	TRUE
PB_MACS_CGTTAGAGTCAACTGT	PB_MACS	CGTTAGAGTCAACTGT	SRR11008272	272_CGTTAGAGTCAACTGT	TRUE
PB_MACS_CGTTAGAGTGCAGGTA	PB_MACS	CGTTAGAGTGCAGGTA	SRR11008272	272_CGTTAGAGTGCAGGTA	TRUE
PB_MACS_CGTTCTGGTTAAGGGC	PB_MACS	CGTTCTGGTTAAGGGC	SRR11008272	272_CGTTCTGGTTAAGGGC	TRUE
PB_MACS_CTAAGACGTACCATCA	PB_MACS	CTAAGACGTACCATCA	SRR11008272	272_CTAAGACGTACCATCA	TRUE
PB_MACS_CTAGTGACATCGACGC	PB_MACS	CTAGTGACATCGACGC	SRR11008272	272_CTAGTGACATCGACGC	TRUE
PB_MACS_CTCACACGTAGCCTCG	PB_MACS	CTCACACGTAGCCTCG	SRR11008272	272_CTCACACGTAGCCTCG	TRUE
PB_MACS_CTCAGAAAGGCCCTCA	PB_MACS	CTCAGAAAGGCCCTCA	SRR11008272	272_CTCAGAAAGGCCCTCA	TRUE
PB_MACS_CTCCTAGCACCTGGTG	PB_MACS	CTCCTAGCACCTGGTG	SRR11008272	272_CTCCTAGCACCTGGTG	TRUE
PB_MACS_CTCCTAGCAGTTTACG	PB_MACS	CTCCTAGCAGTTTACG	SRR11008272	272_CTCCTAGCAGTTTACG	TRUE
PB_MACS_CTCGGAGGTTTGACAC	PB_MACS	CTCGGAGGTTTGACAC	SRR11008272	272_CTCGGAGGTTTGACAC	TRUE
PB_MACS_CTCTACGCAGCTGTGC	PB_MACS	CTCTACGCAGCTGTGC	SRR11008272	272_CTCTACGCAGCTGTGC	TRUE
PB_MACS_CTCTGGTAGTCGATAA	PB_MACS	CTCTGGTAGTCGATAA	SRR11008272	272_CTCTGGTAGTCGATAA	TRUE
PB_MACS_CTGAAGTGTACGCACC	PB_MACS	CTGAAGTGTACGCACC	SRR11008272	272_CTGAAGTGTACGCACC	TRUE
PB_MACS_CTGAAGTGTGCTTCTC	PB_MACS	CTGAAGTGTGCTTCTC	SRR11008272	272_CTGAAGTGTGCTTCTC	TRUE
PB_MACS_CTGATAGTCCATGAAC	PB_MACS	CTGATAGTCCATGAAC	SRR11008272	272_CTGATAGTCCATGAAC	TRUE
PB_MACS_CTGCGGAAGCAATATG	PB_MACS	CTGCGGAAGCAATATG	SRR11008272	272_CTGCGGAAGCAATATG	TRUE
PB_MACS_CTGCGGATCAGGTAAA	PB_MACS	CTGCGGATCAGGTAAA	SRR11008272	272_CTGCGGATCAGGTAAA	TRUE
PB_MACS_CTGTTTAGTTCCACTC	PB_MACS	CTGTTTAGTTCCACTC	SRR11008272	272_CTGTTTAGTTCCACTC	TRUE
PB_MACS_CTTCTCTTCAACTCTT	PB_MACS	CTTCTCTTCAACTCTT	SRR11008272	272_CTTCTCTTCAACTCTT	TRUE
PB_MACS_CTTGGCTGTGGAAAGA	PB_MACS	CTTGGCTGTGGAAAGA	SRR11008272	272_CTTGGCTGTGGAAAGA	TRUE
PB_MACS_CTTGGCTTCCGCGGTA	PB_MACS	CTTGGCTTCCGCGGTA	SRR11008272	272_CTTGGCTTCCGCGGTA	TRUE
PB_MACS_GACAGAGCAGATTGCT	PB_MACS	GACAGAGCAGATTGCT	SRR11008272	272_GACAGAGCAGATTGCT	TRUE
PB_MACS_GACCTGGGTCATACTG	PB_MACS	GACCTGGGTCATACTG	SRR11008272	272_GACCTGGGTCATACTG	TRUE
PB_MACS_GACGCGTCAAATCCGT	PB_MACS	GACGCGTCAAATCCGT	SRR11008272	272_GACGCGTCAAATCCGT	FALSE
PB_MACS_GACGTGCAGGGCTTCC	PB_MACS	GACGTGCAGGGCTTCC	SRR11008272	272_GACGTGCAGGGCTTCC	TRUE
PB_MACS_GACTACAGTAATAGCA	PB_MACS	GACTACAGTAATAGCA	SRR11008272	272_GACTACAGTAATAGCA	TRUE
PB_MACS_GAGGTGAGTCGCATAT	PB_MACS	GAGGTGAGTCGCATAT	SRR11008272	272_GAGGTGAGTCGCATAT	FALSE
PB_MACS_GAGGTGAGTTTAAGCC	PB_MACS	GAGGTGAGTTTAAGCC	SRR11008272	272_GAGGTGAGTTTAAGCC	TRUE
PB_MACS_GATCAGTCACGTTGGC	PB_MACS	GATCAGTCACGTTGGC	SRR11008272	272_GATCAGTCACGTTGGC	TRUE
PB_MACS_GATCAGTCAGGAATCG	PB_MACS	GATCAGTCAGGAATCG	SRR11008272	272_GATCAGTCAGGAATCG	TRUE
PB_MACS_GATCGTACACGACGAA	PB_MACS	GATCGTACACGACGAA	SRR11008272	272_GATCGTACACGACGAA	TRUE
PB_MACS_GATGAAACAGTTCCCT	PB_MACS	GATGAAACAGTTCCCT	SRR11008272	272_GATGAAACAGTTCCCT	TRUE
PB_MACS_GATGAGGAGAACAACT	PB_MACS	GATGAGGAGAACAACT	SRR11008272	272_GATGAGGAGAACAACT	TRUE
PB_MACS_GCAATCATCGAGAACG	PB_MACS	GCAATCATCGAGAACG	SRR11008272	272_GCAATCATCGAGAACG	TRUE
PB_MACS_GCAGCCACACACCGCA	PB_MACS	GCAGCCACACACCGCA	SRR11008272	272_GCAGCCACACACCGCA	FALSE
PB_MACS_GCATGCGGTCACTGGC	PB_MACS	GCATGCGGTCACTGGC	SRR11008272	272_GCATGCGGTCACTGGC	TRUE
PB_MACS_GCATGCGTCAGTTCGA	PB_MACS	GCATGCGTCAGTTCGA	SRR11008272	272_GCATGCGTCAGTTCGA	TRUE
PB_MACS_GCGACCACACAACGTT	PB_MACS	GCGACCACACAACGTT	SRR11008272	272_GCGACCACACAACGTT	TRUE
PB_MACS_GCGCAGTCACATGACT	PB_MACS	GCGCAGTCACATGACT	SRR11008272	272_GCGCAGTCACATGACT	TRUE
PB_MACS_GCGCAGTGTAGTGAAT	PB_MACS	GCGCAGTGTAGTGAAT	SRR11008272	272_GCGCAGTGTAGTGAAT	TRUE
PB_MACS_GCGCCAAGTTGTGGCC	PB_MACS	GCGCCAAGTTGTGGCC	SRR11008272	272_GCGCCAAGTTGTGGCC	TRUE
PB_MACS_GCGCGATGTACTCAAC	PB_MACS	GCGCGATGTACTCAAC	SRR11008272	272_GCGCGATGTACTCAAC	TRUE
PB_MACS_GCGGGTTAGTGTCTCA	PB_MACS	GCGGGTTAGTGTCTCA	SRR11008272	272_GCGGGTTAGTGTCTCA	TRUE
PB_MACS_GCGGGTTGTGGTCTCG	PB_MACS	GCGGGTTGTGGTCTCG	SRR11008272	272_GCGGGTTGTGGTCTCG	TRUE
PB_MACS_GCTGGGTTCCCATTTA	PB_MACS	GCTGGGTTCCCATTTA	SRR11008272	272_GCTGGGTTCCCATTTA	TRUE
PB_MACS_GCTTCCACAAGCGCTC	PB_MACS	GCTTCCACAAGCGCTC	SRR11008272	272_GCTTCCACAAGCGCTC	TRUE
PB_MACS_GCTTCCAGTCCTCTTG	PB_MACS	GCTTCCAGTCCTCTTG	SRR11008272	272_GCTTCCAGTCCTCTTG	FALSE
PB_MACS_GCTTGAAAGCCAGAAC	PB_MACS	GCTTGAAAGCCAGAAC	SRR11008272	272_GCTTGAAAGCCAGAAC	FALSE
PB_MACS_GCTTGAAGTGTTTGGT	PB_MACS	GCTTGAAGTGTTTGGT	SRR11008272	272_GCTTGAAGTGTTTGGT	TRUE
PB_MACS_GGAAAGCGTAGCCTCG	PB_MACS	GGAAAGCGTAGCCTCG	SRR11008272	272_GGAAAGCGTAGCCTCG	TRUE
PB_MACS_GGAACTTAGCTAGTTC	PB_MACS	GGAACTTAGCTAGTTC	SRR11008272	272_GGAACTTAGCTAGTTC	TRUE
PB_MACS_GGAACTTGTGATGATA	PB_MACS	GGAACTTGTGATGATA	SRR11008272	272_GGAACTTGTGATGATA	TRUE
PB_MACS_GGAACTTGTGGGTATG	PB_MACS	GGAACTTGTGGGTATG	SRR11008272	272_GGAACTTGTGGGTATG	FALSE
PB_MACS_GGAATAAAGCCCGAAA	PB_MACS	GGAATAAAGCCCGAAA	SRR11008272	272_GGAATAAAGCCCGAAA	TRUE
PB_MACS_GGACATTGTCGCGGTT	PB_MACS	GGACATTGTCGCGGTT	SRR11008272	272_GGACATTGTCGCGGTT	TRUE
PB_MACS_GGACGTCGTAGCGATG	PB_MACS	GGACGTCGTAGCGATG	SRR11008272	272_GGACGTCGTAGCGATG	TRUE
PB_MACS_GGACGTCTCCCTAACC	PB_MACS	GGACGTCTCCCTAACC	SRR11008272	272_GGACGTCTCCCTAACC	TRUE
PB_MACS_GGATGTTTCGTAGGAG	PB_MACS	GGATGTTTCGTAGGAG	SRR11008272	272_GGATGTTTCGTAGGAG	TRUE
PB_MACS_GGATTACTCCCACTTG	PB_MACS	GGATTACTCCCACTTG	SRR11008272	272_GGATTACTCCCACTTG	TRUE
PB_MACS_GGCAATTCAGCCTTTC	PB_MACS	GGCAATTCAGCCTTTC	SRR11008272	272_GGCAATTCAGCCTTTC	TRUE
PB_MACS_GGCTCGATCTGTTTGT	PB_MACS	GGCTCGATCTGTTTGT	SRR11008272	272_GGCTCGATCTGTTTGT	TRUE
PB_MACS_GGGCACTGTCTGCAAT	PB_MACS	GGGCACTGTCTGCAAT	SRR11008272	272_GGGCACTGTCTGCAAT	TRUE
PB_MACS_GGTATTGAGACAGAGA	PB_MACS	GGTATTGAGACAGAGA	SRR11008272	272_GGTATTGAGACAGAGA	TRUE
PB_MACS_GGTATTGAGCAAATCA	PB_MACS	GGTATTGAGCAAATCA	SRR11008272	272_GGTATTGAGCAAATCA	TRUE
PB_MACS_GGTGAAGGTCCATGAT	PB_MACS	GGTGAAGGTCCATGAT	SRR11008272	272_GGTGAAGGTCCATGAT	TRUE
PB_MACS_GGTGCGTAGTGACATA	PB_MACS	GGTGCGTAGTGACATA	SRR11008272	272_GGTGCGTAGTGACATA	TRUE
PB_MACS_GGTGCGTGTTACTGAC	PB_MACS	GGTGCGTGTTACTGAC	SRR11008272	272_GGTGCGTGTTACTGAC	TRUE
PB_MACS_GGTGTTAAGAAGGACA	PB_MACS	GGTGTTAAGAAGGACA	SRR11008272	272_GGTGTTAAGAAGGACA	TRUE
PB_MACS_GTACTTTGTAATAGCA	PB_MACS	GTACTTTGTAATAGCA	SRR11008272	272_GTACTTTGTAATAGCA	TRUE
PB_MACS_GTACTTTTCTCTGAGA	PB_MACS	GTACTTTTCTCTGAGA	SRR11008272	272_GTACTTTTCTCTGAGA	TRUE
PB_MACS_GTAGGCCCAGCCTATA	PB_MACS	GTAGGCCCAGCCTATA	SRR11008272	272_GTAGGCCCAGCCTATA	TRUE
PB_MACS_GTCAAGTCAGTTAACC	PB_MACS	GTCAAGTCAGTTAACC	SRR11008272	272_GTCAAGTCAGTTAACC	TRUE
PB_MACS_GTCACAAGTCATATCG	PB_MACS	GTCACAAGTCATATCG	SRR11008272	272_GTCACAAGTCATATCG	TRUE
PB_MACS_GTGTGCGGTACTTCTT	PB_MACS	GTGTGCGGTACTTCTT	SRR11008272	272_GTGTGCGGTACTTCTT	TRUE
PB_MACS_GTGTGCGTCCGGGTGT	PB_MACS	GTGTGCGTCCGGGTGT	SRR11008272	272_GTGTGCGTCCGGGTGT	TRUE
PB_MACS_GTGTGCGTCTTAGCCC	PB_MACS	GTGTGCGTCTTAGCCC	SRR11008272	272_GTGTGCGTCTTAGCCC	TRUE
PB_MACS_GTTCTCGCAGATGGGT	PB_MACS	GTTCTCGCAGATGGGT	SRR11008272	272_GTTCTCGCAGATGGGT	TRUE
PB_MACS_GTTCTCGCATTAGGCT	PB_MACS	GTTCTCGCATTAGGCT	SRR11008272	272_GTTCTCGCATTAGGCT	TRUE
PB_MACS_TAAGAGAGTACGACCC	PB_MACS	TAAGAGAGTACGACCC	SRR11008272	272_TAAGAGAGTACGACCC	TRUE
PB_MACS_TAAGTGCCAAAGCAAT	PB_MACS	TAAGTGCCAAAGCAAT	SRR11008272	272_TAAGTGCCAAAGCAAT	TRUE
PB_MACS_TAAGTGCTCTACCAGA	PB_MACS	TAAGTGCTCTACCAGA	SRR11008272	272_TAAGTGCTCTACCAGA	TRUE
PB_MACS_TACCTTAGTCTCCACT	PB_MACS	TACCTTAGTCTCCACT	SRR11008272	272_TACCTTAGTCTCCACT	TRUE
PB_MACS_TACTCGCCAGCAGTTT	PB_MACS	TACTCGCCAGCAGTTT	SRR11008272	272_TACTCGCCAGCAGTTT	TRUE
PB_MACS_TACTTGTGTATTAGCC	PB_MACS	TACTTGTGTATTAGCC	SRR11008272	272_TACTTGTGTATTAGCC	TRUE
PB_MACS_TAGACCAAGTGTCCAT	PB_MACS	TAGACCAAGTGTCCAT	SRR11008272	272_TAGACCAAGTGTCCAT	TRUE
PB_MACS_TAGAGCTAGATCGGGT	PB_MACS	TAGAGCTAGATCGGGT	SRR11008272	272_TAGAGCTAGATCGGGT	TRUE
PB_MACS_TATCTCAGTCCATCCT	PB_MACS	TATCTCAGTCCATCCT	SRR11008272	272_TATCTCAGTCCATCCT	TRUE
PB_MACS_TATTACCAGCAGGCTA	PB_MACS	TATTACCAGCAGGCTA	SRR11008272	272_TATTACCAGCAGGCTA	TRUE
PB_MACS_TCAACGACAGGTGCCT	PB_MACS	TCAACGACAGGTGCCT	SRR11008272	272_TCAACGACAGGTGCCT	TRUE
PB_MACS_TCAACGAGTAATCGTC	PB_MACS	TCAACGAGTAATCGTC	SRR11008272	272_TCAACGAGTAATCGTC	FALSE
PB_MACS_TCAACGATCGCCGTGA	PB_MACS	TCAACGATCGCCGTGA	SRR11008272	272_TCAACGATCGCCGTGA	TRUE
PB_MACS_TCACGAATCAACGCTA	PB_MACS	TCACGAATCAACGCTA	SRR11008272	272_TCACGAATCAACGCTA	FALSE
PB_MACS_TCAGATGCAATGAATG	PB_MACS	TCAGATGCAATGAATG	SRR11008272	272_TCAGATGCAATGAATG	FALSE
PB_MACS_TCAGCTCTCTTTAGTC	PB_MACS	TCAGCTCTCTTTAGTC	SRR11008272	272_TCAGCTCTCTTTAGTC	TRUE
PB_MACS_TCAGGATAGCCAGTAG	PB_MACS	TCAGGATAGCCAGTAG	SRR11008272	272_TCAGGATAGCCAGTAG	TRUE
PB_MACS_TCAGGATAGTGTTAGA	PB_MACS	TCAGGATAGTGTTAGA	SRR11008272	272_TCAGGATAGTGTTAGA	TRUE
PB_MACS_TCATTACCAGCATACT	PB_MACS	TCATTACCAGCATACT	SRR11008272	272_TCATTACCAGCATACT	TRUE
PB_MACS_TCATTTGCAGCTCGAC	PB_MACS	TCATTTGCAGCTCGAC	SRR11008272	272_TCATTTGCAGCTCGAC	TRUE
PB_MACS_TCCACACAGTACGTAA	PB_MACS	TCCACACAGTACGTAA	SRR11008272	272_TCCACACAGTACGTAA	TRUE
PB_MACS_TCCCGATAGGCAAAGA	PB_MACS	TCCCGATAGGCAAAGA	SRR11008272	272_TCCCGATAGGCAAAGA	TRUE
PB_MACS_TCGGTAAAGCTAGCCC	PB_MACS	TCGGTAAAGCTAGCCC	SRR11008272	272_TCGGTAAAGCTAGCCC	TRUE
PB_MACS_TCGGTAAGTAGGCATG	PB_MACS	TCGGTAAGTAGGCATG	SRR11008272	272_TCGGTAAGTAGGCATG	TRUE
PB_MACS_TCGTAGAGTTTGTGTG	PB_MACS	TCGTAGAGTTTGTGTG	SRR11008272	272_TCGTAGAGTTTGTGTG	TRUE
PB_MACS_TCGTAGATCTATCCTA	PB_MACS	TCGTAGATCTATCCTA	SRR11008272	272_TCGTAGATCTATCCTA	TRUE
PB_MACS_TCTCTAACAATAAGCA	PB_MACS	TCTCTAACAATAAGCA	SRR11008272	272_TCTCTAACAATAAGCA	TRUE
PB_MACS_TCTGGAACAGCCTGTG	PB_MACS	TCTGGAACAGCCTGTG	SRR11008272	272_TCTGGAACAGCCTGTG	TRUE
PB_MACS_TCTTCGGAGGGCATGT	PB_MACS	TCTTCGGAGGGCATGT	SRR11008272	272_TCTTCGGAGGGCATGT	TRUE
PB_MACS_TGAAAGAAGCGTAGTG	PB_MACS	TGAAAGAAGCGTAGTG	SRR11008272	272_TGAAAGAAGCGTAGTG	TRUE
PB_MACS_TGACAACCATGGTAGG	PB_MACS	TGACAACCATGGTAGG	SRR11008272	272_TGACAACCATGGTAGG	TRUE
PB_MACS_TGACTAGCAAGTAGTA	PB_MACS	TGACTAGCAAGTAGTA	SRR11008272	272_TGACTAGCAAGTAGTA	TRUE
PB_MACS_TGACTTTTCAGGCGAA	PB_MACS	TGACTTTTCAGGCGAA	SRR11008272	272_TGACTTTTCAGGCGAA	TRUE
PB_MACS_TGAGCATAGAAACCTA	PB_MACS	TGAGCATAGAAACCTA	SRR11008272	272_TGAGCATAGAAACCTA	TRUE
PB_MACS_TGAGCATGTAAAGGAG	PB_MACS	TGAGCATGTAAAGGAG	SRR11008272	272_TGAGCATGTAAAGGAG	TRUE
PB_MACS_TGAGCATGTCCGAAGA	PB_MACS	TGAGCATGTCCGAAGA	SRR11008272	272_TGAGCATGTCCGAAGA	TRUE
PB_MACS_TGAGCATGTGTCAATC	PB_MACS	TGAGCATGTGTCAATC	SRR11008272	272_TGAGCATGTGTCAATC	TRUE
PB_MACS_TGAGGGAAGGCACATG	PB_MACS	TGAGGGAAGGCACATG	SRR11008272	272_TGAGGGAAGGCACATG	TRUE
PB_MACS_TGCCCATTCCGCAAGC	PB_MACS	TGCCCATTCCGCAAGC	SRR11008272	272_TGCCCATTCCGCAAGC	TRUE
PB_MACS_TGCGCAGGTGTGAATA	PB_MACS	TGCGCAGGTGTGAATA	SRR11008272	272_TGCGCAGGTGTGAATA	TRUE
PB_MACS_TGCGGGTGTGCATCTA	PB_MACS	TGCGGGTGTGCATCTA	SRR11008272	272_TGCGGGTGTGCATCTA	TRUE
PB_MACS_TGCTGCTCAATGAATG	PB_MACS	TGCTGCTCAATGAATG	SRR11008272	272_TGCTGCTCAATGAATG	TRUE
PB_MACS_TGGACGCAGGCGACAT	PB_MACS	TGGACGCAGGCGACAT	SRR11008272	272_TGGACGCAGGCGACAT	TRUE
PB_MACS_TGGCGCAAGGAGTAGA	PB_MACS	TGGCGCAAGGAGTAGA	SRR11008272	272_TGGCGCAAGGAGTAGA	TRUE
PB_MACS_TGGCGCAAGTGACATA	PB_MACS	TGGCGCAAGTGACATA	SRR11008272	272_TGGCGCAAGTGACATA	TRUE
PB_MACS_TGTCCCAGTAGCAAAT	PB_MACS	TGTCCCAGTAGCAAAT	SRR11008272	272_TGTCCCAGTAGCAAAT	TRUE
PB_MACS_TGTTCCGGTTATTCTC	PB_MACS	TGTTCCGGTTATTCTC	SRR11008272	272_TGTTCCGGTTATTCTC	TRUE
PB_MACS_TTATGCTCAACACCTA	PB_MACS	TTATGCTCAACACCTA	SRR11008272	272_TTATGCTCAACACCTA	TRUE
PB_MACS_TTCTCAAGTGACGGTA	PB_MACS	TTCTCAAGTGACGGTA	SRR11008272	272_TTCTCAAGTGACGGTA	TRUE
PB_MACS_TTGAACGGTCACACGC	PB_MACS	TTGAACGGTCACACGC	SRR11008272	272_TTGAACGGTCACACGC	TRUE
PB_MACS_TTGCCGTGTGGTCTCG	PB_MACS	TTGCCGTGTGGTCTCG	SRR11008272	272_TTGCCGTGTGGTCTCG	TRUE
PB_MACS_TTGCCGTGTGGTTTCA	PB_MACS	TTGCCGTGTGGTTTCA	SRR11008272	272_TTGCCGTGTGGTTTCA	TRUE
PB_MACS_TTGCGTCCAGATTGCT	PB_MACS	TTGCGTCCAGATTGCT	SRR11008272	272_TTGCGTCCAGATTGCT	TRUE
PB_MACS_TTGGCAATCTTAGAGC	PB_MACS	TTGGCAATCTTAGAGC	SRR11008272	272_TTGGCAATCTTAGAGC	TRUE
PB_MACS_TTTATGCTCCGTTGTC	PB_MACS	TTTATGCTCCGTTGTC	SRR11008272	272_TTTATGCTCCGTTGTC	TRUE
PB_MACS_TTTGGTTCAATTGCTG	PB_MACS	TTTGGTTCAATTGCTG	SRR11008272	272_TTTGGTTCAATTGCTG	TRUE
PB_MACS_TTTGGTTGTGAGGGAG	PB_MACS	TTTGGTTGTGAGGGAG	SRR11008272	272_TTTGGTTGTGAGGGAG	TRUE
PB_MACS_TTTGTCAAGTTGCAGG	PB_MACS	TTTGTCAAGTTGCAGG	SRR11008272	272_TTTGTCAAGTTGCAGG	FALSE
