n_count_rna	n_feature_rna	study_pmid	run_id	study_label	num_srr	pub_year	geographic_location	sc_technology	sequencer	host_species	host_id	sample_type	parasite_stage	strain	day_post_infection	treatment	biological_replicate	barcode	liver_form	goegraphic_location	sequncer	refine_state	rna_snn_res_0_01	rna_snn_res_0_02	rna_snn_res_0_03	rna_snn_res_0_04	rna_snn_res_0_05	rna_snn_res_0_06	rna_snn_res_0_07	rna_snn_res_0_08	rna_snn_res_0_09	rna_snn_res_0_1	hour_post_invasion	life_cycle_stage	seurat_clusters	pred_gametocyte	umap_u_1	umap_u_2	umap_u_3	umap_i_1	umap_i_2	umap_i_3	pca_u_1	pca_u_2	pca_u_3	pca_i_1	pca_i_2	pca_i_3	t_sne_1	t_sne_2	t_sne_3
609_AAACGCTTCACCTCTG	0	0	36093191	SRR19573609	Ruberto2022_1	4	2022	Cambodia_Mondulkiri	10x_Chomium_V3	HiSeq X Ten	infected hepatocyte	BioIVT:BGW	Infected host hepatocytes	Liver stage	Cambodia field isolate	9	MMV390048	2	609_AAACGCTTCACCTCTG	Hypnozoite	NA	NA	NA	0	0	0	0	10	10	7	7	8	8	36	Hypnozoite	10	Asexual 9	-5.03589547979815	-5.67180997002522	-8.19994498762885	-3.05781376896106	1.05886550500923	4.87307194059943	-12.907172645302	-3.25807144869662	1.17156029193769	-10.4024263588669	-3.2394078951605	1.16457392990312	-13.0559721078897	-17.7527814395189	-14.4405134441659
609_ACACGCGGTGCTCTCT	0	0	36093191	SRR19573609	Ruberto2022_1	4	2022	Cambodia_Mondulkiri	10x_Chomium_V3	HiSeq X Ten	infected hepatocyte	BioIVT:BGW	Infected host hepatocytes	Liver stage	Cambodia field isolate	9	MMV390048	2	609_ACACGCGGTGCTCTCT	Hypnozoite	NA	NA	NA	0	0	0	0	0	0	7	7	8	8	36	Hypnozoite	0	Asexual 1	-5.03108180868609	-5.60787373650471	-8.16340686354437	-3.03117096958362	1.16680856302314	4.68203619307136	-12.907172645302	-3.25807144869662	1.17156029193769	-10.4023721196261	-3.23938655902853	1.16455581501063	-13.443104436844	-11.9010775507146	-7.58902272557281
609_ACCCAAAAGGTGATAT	0	0	36093191	SRR19573609	Ruberto2022_1	4	2022	Cambodia_Mondulkiri	10x_Chomium_V3	HiSeq X Ten	infected hepatocyte	BioIVT:BGW	Infected host hepatocytes	Liver stage	Cambodia field isolate	9	MMV390048	2	609_ACCCAAAAGGTGATAT	Hypnozoite	NA	NA	NA	0	0	0	8	0	9	7	7	8	8	36	Hypnozoite	0	Asexual 1	-5.0114523302315	-5.63990527260701	-8.18177939924994	-3.06293786106311	1.32528050497108	4.36468199080085	-12.907172645302	-3.25807144869662	1.17156029193769	-10.4023935157983	-3.2393967559701	1.16456254925541	-13.0973517515726	-11.5729401522331	-8.54555097705804
609_ACCCTCACAACGATCT	0	0	36093191	SRR19573609	Ruberto2022_1	4	2022	Cambodia_Mondulkiri	10x_Chomium_V3	HiSeq X Ten	infected hepatocyte	BioIVT:BGW	Infected host hepatocytes	Liver stage	Cambodia field isolate	9	MMV390048	2	609_ACCCTCACAACGATCT	Hypnozoite	NA	NA	NA	10	12	15	17	18	18	19	19	19	18	36	Hypnozoite	18	Asexual 17	-5.07881416189654	-5.66420632470051	-8.17610217604437	-3.10717952785694	1.02578659608894	4.97191837614631	-12.907172645302	-3.25807144869662	1.17156029193769	-10.4026092500112	-3.23944817581732	1.16458168068185	-5.87108149872999	-8.78635306010346	-23.8903102123005
609_ACGTTCCTCGCGAAGA	0	0	36093191	SRR19573609	Ruberto2022_1	4	2022	Cambodia_Mondulkiri	10x_Chomium_V3	HiSeq X Ten	infected hepatocyte	BioIVT:BGW	Infected host hepatocytes	Liver stage	Cambodia field isolate	9	MMV390048	2	609_ACGTTCCTCGCGAAGA	Hypnozoite	NA	NA	NA	0	0	4	5	6	6	8	8	9	9	36	Hypnozoite	6	Asexual 5	-5.01479781973345	-5.64545184243122	-8.19087554487982	-3.01755846080982	1.35634859159523	4.37437370604133	-12.907172645302	-3.25807144869662	1.17156029193769	-10.4029252614707	-3.23953575848983	1.16462369586965	-13.4710434130578	-16.1372243814573	-7.5368613908578
609_ACTATGGGTCTCGACG	0	0	36093191	SRR19573609	Ruberto2022_1	4	2022	Cambodia_Mondulkiri	10x_Chomium_V3	HiSeq X Ten	infected hepatocyte	BioIVT:BGW	Infected host hepatocytes	Liver stage	Cambodia field isolate	9	MMV390048	2	609_ACTATGGGTCTCGACG	Hypnozoite	NA	NA	NA	0	0	0	0	10	10	7	7	8	8	36	Hypnozoite	10	Asexual 9	-5.03276170599444	-5.6715615378658	-8.22200633559027	-3.08591211376392	1.05681832387977	4.90472343748664	-12.907172645302	-3.25807144869662	1.17156029193769	-10.4024268105613	-3.23940802368587	1.16457398550767	-13.0563544289987	-17.7536234654065	-14.4422897645479
609_ACTGTGAAGTGACACG	0	0	36093191	SRR19573609	Ruberto2022_1	4	2022	Cambodia_Mondulkiri	10x_Chomium_V3	HiSeq X Ten	infected hepatocyte	BioIVT:BGW	Infected host hepatocytes	Liver stage	Cambodia field isolate	9	MMV390048	2	609_ACTGTGAAGTGACACG	Hypnozoite	NA	NA	NA	6	8	13	15	17	17	18	17	14	17	36	Hypnozoite	17	Asexual 16	-5.04075635778887	-5.68055230248372	-8.18015910658637	-2.90495980320179	0.942032533436352	4.88158253019904	-12.907172645302	-3.25807144869662	1.17156029193769	-10.4025012343822	-3.23943103802697	1.16458824070529	-7.12031747208246	-23.4828211382639	-10.8710550525231
609_ACTTAGGAGAAGTCCG	0	0	36093191	SRR19573609	Ruberto2022_1	4	2022	Cambodia_Mondulkiri	10x_Chomium_V3	HiSeq X Ten	infected hepatocyte	BioIVT:BGW	Infected host hepatocytes	Liver stage	Cambodia field isolate	9	MMV390048	2	609_ACTTAGGAGAAGTCCG	Hypnozoite	NA	NA	NA	0	0	0	0	10	10	7	7	8	8	36	Hypnozoite	10	Asexual 9	-5.0365988146065	-5.64323359597126	-8.20834113631049	-3.16483772335254	0.987698989658886	5.01033905333137	-12.907172645302	-3.25807144869662	1.17156029193769	-10.4024269049086	-3.23940804494735	1.16457399658431	-13.0567607606557	-17.7544022696356	-14.443873175591
609_AGAAATGAGTGCAACG	0	0	36093191	SRR19573609	Ruberto2022_1	4	2022	Cambodia_Mondulkiri	10x_Chomium_V3	HiSeq X Ten	infected hepatocyte	BioIVT:BGW	Infected host hepatocytes	Liver stage	Cambodia field isolate	9	MMV390048	2	609_AGAAATGAGTGCAACG	Hypnozoite	NA	NA	NA	0	0	4	5	6	6	8	8	9	9	36	Hypnozoite	6	Asexual 5	-5.01917756903155	-5.60738593209187	-8.20507098707953	-3.170835619547	1.20207472398811	4.68833473509406	-12.907172645302	-3.25807144869662	1.17156029193769	-10.4029302395531	-3.23953198348416	1.16462202898569	-13.9089324847909	-15.9706612104633	-7.55576094171665
609_AGACAAACAGAGCCCT	0	0	36093191	SRR19573609	Ruberto2022_1	4	2022	Cambodia_Mondulkiri	10x_Chomium_V3	HiSeq X Ten	infected hepatocyte	BioIVT:BGW	Infected host hepatocytes	Liver stage	Cambodia field isolate	9	MMV390048	2	609_AGACAAACAGAGCCCT	Hypnozoite	NA	NA	NA	2	4	6	7	9	8	11	10	10	10	36	Hypnozoite	9	Asexual 8	-5.05208648550494	-5.68791991341511	-8.23348094496527	-2.89346540508472	0.991523342876964	4.76720407789802	-12.907172645302	-3.25807144869662	1.17156029193769	-10.4025343983623	-3.23943598947079	1.16458530933328	20.4750404939631	-2.6625559285478	-16.1706730601623
609_AGACCCGGTTATAGAG	0	0	36093191	SRR19573609	Ruberto2022_1	4	2022	Cambodia_Mondulkiri	10x_Chomium_V3	HiSeq X Ten	infected hepatocyte	BioIVT:BGW	Infected host hepatocytes	Liver stage	Cambodia field isolate	9	MMV390048	2	609_AGACCCGGTTATAGAG	Hypnozoite	NA	NA	NA	0	0	0	0	10	10	7	7	8	8	36	Hypnozoite	10	Asexual 9	-5.01513637411578	-5.68308144677082	-8.21114017042914	-3.08886683521473	1.03103323534065	4.93649938887214	-12.907172645302	-3.25807144869662	1.17156029193769	-10.4024268952923	-3.23940804259892	1.1645739950395	-13.0564980666077	-17.754051190877	-14.4432869257951
609_AGCTACAAGAGCTGCA	0	0	36093191	SRR19573609	Ruberto2022_1	4	2022	Cambodia_Mondulkiri	10x_Chomium_V3	HiSeq X Ten	infected hepatocyte	BioIVT:BGW	Infected host hepatocytes	Liver stage	Cambodia field isolate	9	MMV390048	2	609_AGCTACAAGAGCTGCA	Hypnozoite	NA	NA	NA	5	6	8	10	12	13	13	12	12	12	36	Hypnozoite	12	Asexual 11	-5.0191017519234	-5.65645533669392	-8.22334815535346	-3.1574729734441	1.20599957063728	4.78508880919074	-12.907172645302	-3.25807144869662	1.17156029193769	-10.4027317743008	-3.23947955846628	1.16459025913054	11.8171144196656	-11.5670335033418	-21.1521230988764
609_AGTGTTGCACCGTGGT	0	0	36093191	SRR19573609	Ruberto2022_1	4	2022	Cambodia_Mondulkiri	10x_Chomium_V3	HiSeq X Ten	infected hepatocyte	BioIVT:BGW	Infected host hepatocytes	Liver stage	Cambodia field isolate	9	MMV390048	2	609_AGTGTTGCACCGTGGT	Hypnozoite	NA	NA	NA	5	6	8	10	12	13	13	12	12	12	36	Hypnozoite	12	Asexual 11	-4.97490037786944	-5.69903975594441	-8.26708842787543	-3.15669858989917	1.19601603105598	4.87591484373664	-12.907172645302	-3.25807144869662	1.17156029193769	-10.4027312038918	-3.23947940354236	1.16459019175688	11.8174260372644	-11.5671818532621	-21.1521451437766
609_ATCACAGGTTTCGTTT	0	0	36093191	SRR19573609	Ruberto2022_1	4	2022	Cambodia_Mondulkiri	10x_Chomium_V3	HiSeq X Ten	infected hepatocyte	BioIVT:BGW	Infected host hepatocytes	Liver stage	Cambodia field isolate	9	MMV390048	2	609_ATCACAGGTTTCGTTT	Hypnozoite	NA	NA	NA	11	13	14	16	19	19	20	18	18	19	36	Hypnozoite	19	Asexual 18	-5.02030910360797	-5.61269932854573	-8.18810225996771	-2.90542710361683	1.0130643422895	4.81146648710822	-12.907172645302	-3.25807144869662	1.17156029193769	-10.402532115332	-3.2394329303543	1.16458527890361	20.0267067365315	-3.68083415434239	-16.4619878422625
609_ATCAGGTAGCCACAAG	0	0	36093191	SRR19573609	Ruberto2022_1	4	2022	Cambodia_Mondulkiri	10x_Chomium_V3	HiSeq X Ten	infected hepatocyte	BioIVT:BGW	Infected host hepatocytes	Liver stage	Cambodia field isolate	9	MMV390048	2	609_ATCAGGTAGCCACAAG	Hypnozoite	NA	NA	NA	3	5	7	9	11	11	12	11	11	11	36	Hypnozoite	11	Asexual 10	-5.00730050909503	-5.67114192116658	-8.23802043471137	-3.01578176555835	1.05541809156471	4.82369163817023	-12.907172645302	-3.25807144869662	1.17156029193769	-10.4025244854709	-3.23943825328833	1.16459148160933	-5.96300917978323	-22.5427127894895	-11.7966314894687
609_ATCCATTCACCCGTAG	0	0	36093191	SRR19573609	Ruberto2022_1	4	2022	Cambodia_Mondulkiri	10x_Chomium_V3	HiSeq X Ten	infected hepatocyte	BioIVT:BGW	Infected host hepatocytes	Liver stage	Cambodia field isolate	9	MMV390048	2	609_ATCCATTCACCCGTAG	Hypnozoite	NA	NA	NA	0	0	0	0	0	0	7	7	8	8	36	Hypnozoite	0	Asexual 1	-5.05203641760333	-5.6342433081905	-8.15873099837103	-2.9701679998418	1.28611465051704	4.46661499327277	-12.907172645302	-3.25807144869662	1.17156029193769	-10.4022276966988	-3.23935143612744	1.16454176391204	-12.8043811085243	-12.1658098372442	-7.27364184568267
609_ATCCCTGAGGTAGATT	1	1	36093191	SRR19573609	Ruberto2022_1	4	2022	Cambodia_Mondulkiri	10x_Chomium_V3	HiSeq X Ten	infected hepatocyte	BioIVT:BGW	Infected host hepatocytes	Liver stage	Cambodia field isolate	9	MMV390048	2	609_ATCCCTGAGGTAGATT	Hypnozoite	NA	NA	NA	0	0	0	0	0	0	7	7	8	8	36	Hypnozoite	0	Asexual 1	-5.00637544500811	-5.67788439858357	-8.24226142439642	-2.89140356121265	1.0644354398542	4.73432186430549	-12.907172645302	-3.25807144869662	1.17156029193769	-10.4023715727388	-3.23938641062491	1.16455574906377	-13.4357273803189	-11.900319647607	-7.58412646777579
609_ATCGATGCAGCTGTGC	0	0	36093191	SRR19573609	Ruberto2022_1	4	2022	Cambodia_Mondulkiri	10x_Chomium_V3	HiSeq X Ten	infected hepatocyte	BioIVT:BGW	Infected host hepatocytes	Liver stage	Cambodia field isolate	9	MMV390048	2	609_ATCGATGCAGCTGTGC	Hypnozoite	NA	NA	NA	0	0	4	5	6	6	8	8	9	9	36	Hypnozoite	6	Asexual 5	-4.95152105200274	-5.64748126137654	-8.27317477736273	-2.9073337369939	0.960959511547619	4.85788515394782	-12.907172645302	-3.25807144869662	1.17156029193769	-10.4028412505168	-3.23950429477027	1.1646052959198	-15.202874231835	-15.898756601346	-9.49854497040414
609_ATCGGATGTGGTTTGT	0	0	36093191	SRR19573609	Ruberto2022_1	4	2022	Cambodia_Mondulkiri	10x_Chomium_V3	HiSeq X Ten	infected hepatocyte	BioIVT:BGW	Infected host hepatocytes	Liver stage	Cambodia field isolate	9	MMV390048	2	609_ATCGGATGTGGTTTGT	Hypnozoite	NA	NA	NA	12	14	16	18	20	20	21	20	20	20	36	Hypnozoite	20	Asexual 19	-4.96074403631671	-5.60145693886677	-8.24034549269476	-3.06696618137561	1.16831906393104	4.75623253172492	-12.907172645302	-3.25807144869662	1.17156029193769	-10.4026094375043	-3.2394588194762	1.16460299334713	-5.45603382586031	-10.7978992960931	-22.1577867100837
609_ATCGGCGAGGATCATA	0	0	36093191	SRR19573609	Ruberto2022_1	4	2022	Cambodia_Mondulkiri	10x_Chomium_V3	HiSeq X Ten	infected hepatocyte	BioIVT:BGW	Infected host hepatocytes	Liver stage	Cambodia field isolate	9	MMV390048	2	609_ATCGGCGAGGATCATA	Hypnozoite	NA	NA	NA	0	0	4	5	6	6	8	8	9	9	36	Hypnozoite	6	Asexual 5	-5.02423156607134	-5.65073233712117	-8.21342135939398	-3.015646582224	1.37718160703712	4.31382349318122	-12.907172645302	-3.25807144869662	1.17156029193769	-10.4029250698276	-3.23953570726817	1.16462367327761	-13.4648352462102	-16.1410647274323	-7.53657989471022
609_ATGGAGGAGGCCACCT	0	0	36093191	SRR19573609	Ruberto2022_1	4	2022	Cambodia_Mondulkiri	10x_Chomium_V3	HiSeq X Ten	infected hepatocyte	BioIVT:BGW	Infected host hepatocytes	Liver stage	Cambodia field isolate	9	MMV390048	2	609_ATGGAGGAGGCCACCT	Hypnozoite	NA	NA	NA	2	4	6	7	9	8	11	10	10	10	36	Hypnozoite	9	Asexual 8	-5.00518859732134	-5.65938740837971	-8.22985793623725	-2.9338663869878	0.998235541134411	4.79710844343757	-12.907172645302	-3.25807144869662	1.17156029193769	-10.4025341010388	-3.23943590589316	1.16458527263959	20.4741772144286	-2.66443976316128	-16.1712406066261
609_ATGGAGGTCTATTCGT	0	0	36093191	SRR19573609	Ruberto2022_1	4	2022	Cambodia_Mondulkiri	10x_Chomium_V3	HiSeq X Ten	infected hepatocyte	BioIVT:BGW	Infected host hepatocytes	Liver stage	Cambodia field isolate	9	MMV390048	2	609_ATGGAGGTCTATTCGT	Hypnozoite	NA	NA	NA	11	13	14	16	19	19	20	18	18	19	36	Hypnozoite	19	Asexual 18	-4.97577251303179	-5.67537003624836	-8.26280547652045	-2.83952487049305	0.956516104488903	4.80409029310798	-12.907172645302	-3.25807144869662	1.17156029193769	-10.4025329031653	-3.23943314491098	1.16458537395312	20.0265517159015	-3.68081906855296	-16.4618202443882
609_ATGTCCCCACAAAGCG	0	0	36093191	SRR19573609	Ruberto2022_1	4	2022	Cambodia_Mondulkiri	10x_Chomium_V3	HiSeq X Ten	infected hepatocyte	BioIVT:BGW	Infected host hepatocytes	Liver stage	Cambodia field isolate	9	MMV390048	2	609_ATGTCCCCACAAAGCG	Hypnozoite	NA	NA	NA	9	9	10	12	15	14	15	16	16	14	36	Hypnozoite	15	Asexual 14	-4.9977051149605	-5.61504012215535	-8.16720725569525	-3.03807008800708	1.10823293283516	4.80998304670905	-12.907172645302	-3.25807144869662	1.17156029193769	-10.4025843705651	-3.23945261286372	1.16459849309948	-7.23129216997153	-10.8568173313938	-22.2824283636829
609_ATTACTCGTGCACAAG	73	2	36093191	SRR19573609	Ruberto2022_1	4	2022	Cambodia_Mondulkiri	10x_Chomium_V3	HiSeq X Ten	infected hepatocyte	BioIVT:BGW	Infected host hepatocytes	Liver stage	Cambodia field isolate	9	MMV390048	2	609_ATTACTCGTGCACAAG	Hypnozoite	NA	NA	NA	0	0	4	5	6	6	8	8	9	9	36	Hypnozoite	6	Asexual 5	-4.98358310568316	-5.58400660622517	-8.16514445814887	-2.88980043468677	1.14164598539405	4.62443092650031	-12.907172645302	-3.25807144869662	1.17156029193769	-10.4028898802041	-3.23951374834989	1.16460484784607	-14.3347097064697	-15.8698170365482	-8.23904276420165
609_CAGGGCTTCATACAGC	0	0	36093191	SRR19573609	Ruberto2022_1	4	2022	Cambodia_Mondulkiri	10x_Chomium_V3	HiSeq X Ten	infected hepatocyte	BioIVT:BGW	Infected host hepatocytes	Liver stage	Cambodia field isolate	9	MMV390048	2	609_CAGGGCTTCATACAGC	Hypnozoite	NA	NA	NA	0	0	4	5	6	6	8	8	9	9	36	Hypnozoite	6	Asexual 5	-4.97686065542681	-5.68776732552449	-8.25704432997504	-2.89508641300403	0.963295417576366	4.79744318312263	-12.907172645302	-3.25807144869662	1.17156029193769	-10.4028412492215	-3.23950429441894	1.16460529576661	-15.2034313634243	-15.8980877795626	-9.4973925252327
609_CAGTGCGGTTCCTTGC	0	0	36093191	SRR19573609	Ruberto2022_1	4	2022	Cambodia_Mondulkiri	10x_Chomium_V3	HiSeq X Ten	infected hepatocyte	BioIVT:BGW	Infected host hepatocytes	Liver stage	Cambodia field isolate	9	MMV390048	2	609_CAGTGCGGTTCCTTGC	Hypnozoite	NA	NA	NA	0	0	0	0	0	0	7	7	8	8	36	Hypnozoite	0	Asexual 1	-5.0004021059273	-5.67309743035237	-8.2310757783393	-2.99710524616443	1.3243927533918	4.48266008680915	-12.907172645302	-3.25807144869662	1.17156029193769	-10.4022276129136	-3.23935141745398	1.16454175447778	-12.8037540923974	-12.1658086037787	-7.27299435994161
609_CAGTTCCAGAGTCTTC	0	0	36093191	SRR19573609	Ruberto2022_1	4	2022	Cambodia_Mondulkiri	10x_Chomium_V3	HiSeq X Ten	infected hepatocyte	BioIVT:BGW	Infected host hepatocytes	Liver stage	Cambodia field isolate	9	MMV390048	2	609_CAGTTCCAGAGTCTTC	Hypnozoite	NA	NA	NA	0	0	4	5	6	6	8	8	9	9	36	Hypnozoite	6	Asexual 5	-4.99872936117633	-5.66207724678913	-8.24326945814887	-2.99811447200977	1.43605239942604	4.26446274107551	-12.907172645302	-3.25807144869662	1.17156029193769	-10.4029243481956	-3.23953551250048	1.1646235876627	-13.4547101306353	-16.1450929433788	-7.54843140652885
609_CATGGATGTGTATTGC	0	0	36093191	SRR19573609	Ruberto2022_1	4	2022	Cambodia_Mondulkiri	10x_Chomium_V3	HiSeq X Ten	infected hepatocyte	BioIVT:BGW	Infected host hepatocytes	Liver stage	Cambodia field isolate	9	MMV390048	2	609_CATGGATGTGTATTGC	Hypnozoite	NA	NA	NA	0	0	0	8	0	9	7	7	8	8	36	Hypnozoite	0	Asexual 1	-4.97458518850787	-5.64206963646809	-8.24505187544623	-3.05084312496387	1.30316062524849	4.4569757301197	-12.907172645302	-3.25807144869662	1.17156029193769	-10.4023933198951	-3.23939670613977	1.16456252513181	-13.094310023167	-11.5949046815416	-8.50435511362343
609_CCTCACACAGCCATTA	0	0	36093191	SRR19573609	Ruberto2022_1	4	2022	Cambodia_Mondulkiri	10x_Chomium_V3	HiSeq X Ten	infected hepatocyte	BioIVT:BGW	Infected host hepatocytes	Liver stage	Cambodia field isolate	9	MMV390048	2	609_CCTCACACAGCCATTA	Hypnozoite	NA	NA	NA	12	14	16	18	20	20	21	20	20	20	36	Hypnozoite	20	Asexual 19	-4.98293651449664	-5.65823012459675	-8.24946357283392	-3.00331080494129	1.30717785909706	4.56437757795905	-12.907172645302	-3.25807144869662	1.17156029193769	-10.402610549925	-3.23945912311224	1.16460312921439	-5.44856781055223	-10.7991106414257	-22.1572307958148
609_CCTCCTCGTCACGTGC	0	0	36093191	SRR19573609	Ruberto2022_1	4	2022	Cambodia_Mondulkiri	10x_Chomium_V3	HiSeq X Ten	infected hepatocyte	BioIVT:BGW	Infected host hepatocytes	Liver stage	Cambodia field isolate	9	MMV390048	2	609_CCTCCTCGTCACGTGC	Hypnozoite	NA	NA	NA	11	13	14	16	19	19	20	18	18	19	36	Hypnozoite	19	Asexual 18	-5.1812406908272	-5.84832173455159	-8.22402431044379	-2.92106926975452	0.999255376606518	4.75411346739387	-12.907172645302	-3.25807144869662	1.17156029193769	-10.4025320436577	-3.23943291062653	1.164585270327	20.0266364013801	-3.68083483017816	-16.4618623855151
609_CGAGAAGAGGCCATAG	0	0	36093191	SRR19573609	Ruberto2022_1	4	2022	Cambodia_Mondulkiri	10x_Chomium_V3	HiSeq X Ten	infected hepatocyte	BioIVT:BGW	Infected host hepatocytes	Liver stage	Cambodia field isolate	9	MMV390048	2	609_CGAGAAGAGGCCATAG	Hypnozoite	NA	NA	NA	13	15	17	19	21	21	22	21	21	21	36	Hypnozoite	21	Asexual 20	-5.16600717413409	-5.8615234481136	-8.24246455702582	-3.04947197971546	1.23477395132118	4.65491083448981	-12.907172645302	-3.25807144869662	1.17156029193769	-10.4026437612052	-3.23946235367472	1.16460062336721	-4.38161509223996	-10.6685180549512	-22.7168219491967
609_CGTAATGCACCTGTCT	0	0	36093191	SRR19573609	Ruberto2022_1	4	2022	Cambodia_Mondulkiri	10x_Chomium_V3	HiSeq X Ten	infected hepatocyte	BioIVT:BGW	Infected host hepatocytes	Liver stage	Cambodia field isolate	9	MMV390048	2	609_CGTAATGCACCTGTCT	Hypnozoite	NA	NA	NA	0	0	4	5	6	6	8	8	9	9	36	Hypnozoite	6	Asexual 5	-5.17173255789263	-5.85842162239949	-8.23877193007269	-2.91542137203418	0.986029105930858	4.82064464872932	-12.907172645302	-3.25807144869662	1.17156029193769	-10.4028417855425	-3.23950444080037	1.16460536010905	-15.1328571174967	-15.892410276875	-9.41085342991711
609_CGTAGTAGTTGACGGA	0	0	36093191	SRR19573609	Ruberto2022_1	4	2022	Cambodia_Mondulkiri	10x_Chomium_V3	HiSeq X Ten	infected hepatocyte	BioIVT:BGW	Infected host hepatocytes	Liver stage	Cambodia field isolate	9	MMV390048	2	609_CGTAGTAGTTGACGGA	Hypnozoite	NA	NA	NA	7	10	12	14	16	16	16	14	17	15	36	Hypnozoite	16	Asexual 15	-5.17093671667559	-5.8636625396053	-8.24272681746283	-3.13453591404163	1.1712092931562	4.75018099135017	-12.907172645302	-3.25807144869662	1.17156029193769	-10.4026212032476	-3.23945920533157	1.16460162269417	-4.91533520783627	-10.679093076543	-22.4814013250399
609_CGTTAGACAATGGCCC	0	0	36093191	SRR19573609	Ruberto2022_1	4	2022	Cambodia_Mondulkiri	10x_Chomium_V3	HiSeq X Ten	infected hepatocyte	BioIVT:BGW	Infected host hepatocytes	Liver stage	Cambodia field isolate	9	MMV390048	2	609_CGTTAGACAATGGCCC	Hypnozoite	NA	NA	NA	8	11	11	13	14	15	17	15	15	16	36	Hypnozoite	14	Asexual 13	-5.17805684912188	-5.89798098671833	-8.26532794508734	-2.86454165516102	1.2518201644712	4.50135877913093	-12.907172645302	-3.25807144869662	1.17156029193769	-10.4025579364764	-3.23943113536129	1.16457491197446	-0.750107409693679	-28.4433708769515	-4.19767990784936
609_CTGTACCGTAACATCC	0	0	36093191	SRR19573609	Ruberto2022_1	4	2022	Cambodia_Mondulkiri	10x_Chomium_V3	HiSeq X Ten	infected hepatocyte	BioIVT:BGW	Infected host hepatocytes	Liver stage	Cambodia field isolate	9	MMV390048	2	609_CTGTACCGTAACATCC	Hypnozoite	NA	NA	NA	5	6	8	10	12	13	13	12	12	12	36	Hypnozoite	12	Asexual 11	-5.171082628846	-5.87419062722126	-8.24934817824164	-3.11757481632435	1.15755947187477	4.81023052519416	-12.907172645302	-3.25807144869662	1.17156029193769	-10.4027317703038	-3.23947955853239	1.16459025890258	11.8170592920605	-11.5670335332533	-21.1521232017825
609_CTGTAGATCACGATAC	0	0	36093191	SRR19573609	Ruberto2022_1	4	2022	Cambodia_Mondulkiri	10x_Chomium_V3	HiSeq X Ten	infected hepatocyte	BioIVT:BGW	Infected host hepatocytes	Liver stage	Cambodia field isolate	9	MMV390048	2	609_CTGTAGATCACGATAC	Hypnozoite	NA	NA	NA	4	7	9	11	13	12	14	13	13	13	36	Hypnozoite	13	Asexual 12	-5.18034137594683	-5.88777142632405	-8.2503342774848	-2.93918216762745	1.24631758287483	4.57436827009772	-12.907172645302	-3.25807144869662	1.17156029193769	-10.402553510407	-3.23943457900659	1.16457751408584	-0.340227712559605	-28.9482586802338	-3.7449019179227
609_GAAATGATCGGATACT	1	1	36093191	SRR19573609	Ruberto2022_1	4	2022	Cambodia_Mondulkiri	10x_Chomium_V3	HiSeq X Ten	infected hepatocyte	BioIVT:BGW	Infected host hepatocytes	Liver stage	Cambodia field isolate	9	MMV390048	2	609_GAAATGATCGGATACT	Hypnozoite	NA	NA	NA	10	12	15	17	18	18	19	19	19	18	36	Hypnozoite	18	Asexual 17	-5.16981185781939	-5.87355214226643	-8.24992419752875	-3.17569435177051	1.04820855215126	5.01737240141486	-12.907172645302	-3.25807144869662	1.17156029193769	-10.4026091784934	-3.23944815106288	1.16458167154218	-5.87107042396941	-8.78634655351556	-23.8901453750701
609_GACCAATCAAACAGGC	1	1	36093191	SRR19573609	Ruberto2022_1	4	2022	Cambodia_Mondulkiri	10x_Chomium_V3	HiSeq X Ten	infected hepatocyte	BioIVT:BGW	Infected host hepatocytes	Liver stage	Cambodia field isolate	9	MMV390048	2	609_GACCAATCAAACAGGC	Hypnozoite	NA	NA	NA	0	0	4	5	6	6	8	8	9	9	36	Hypnozoite	6	Asexual 5	-5.20203555929644	-5.85709792244831	-8.22512294325629	-3.01357091007435	1.4038046176725	4.32688930815314	-12.907172645302	-3.25807144869662	1.17156029193769	-10.4029249206474	-3.23953566670294	1.16462365522957	-13.4624610460537	-16.1444993664445	-7.54009093697998
609_GACTATGGTGCCGTAC	0	0	36093191	SRR19573609	Ruberto2022_1	4	2022	Cambodia_Mondulkiri	10x_Chomium_V3	HiSeq X Ten	infected hepatocyte	BioIVT:BGW	Infected host hepatocytes	Liver stage	Cambodia field isolate	9	MMV390048	2	609_GACTATGGTGCCGTAC	Hypnozoite	NA	NA	NA	9	9	10	12	15	14	15	16	16	14	36	Hypnozoite	15	Asexual 14	-5.17206968176348	-5.88069897759358	-8.2532172349433	-2.93705905018055	1.20098920419746	4.59448984449958	-12.907172645302	-3.25807144869662	1.17156029193769	-10.4025851652668	-3.23945282411492	1.16459858841765	-7.23130033158853	-10.8569474574632	-22.2814905429398
609_GACTTCCGTACTCGTA	0	0	36093191	SRR19573609	Ruberto2022_1	4	2022	Cambodia_Mondulkiri	10x_Chomium_V3	HiSeq X Ten	infected hepatocyte	BioIVT:BGW	Infected host hepatocytes	Liver stage	Cambodia field isolate	9	MMV390048	2	609_GACTTCCGTACTCGTA	Hypnozoite	NA	NA	NA	2	4	6	7	9	8	11	10	10	10	36	Hypnozoite	9	Asexual 8	-5.1746717821358	-5.88539153206746	-8.25006820235053	-2.93068135318958	0.999849754124218	4.79869345015144	-12.907172645302	-3.25807144869662	1.17156029193769	-10.4025340295679	-3.23943588623974	1.16458526410072	20.4739765165148	-2.66487858259014	-16.1714919523592
609_GAGATGGTCCCGAAAT	0	0	36093191	SRR19573609	Ruberto2022_1	4	2022	Cambodia_Mondulkiri	10x_Chomium_V3	HiSeq X Ten	infected hepatocyte	BioIVT:BGW	Infected host hepatocytes	Liver stage	Cambodia field isolate	9	MMV390048	2	609_GAGATGGTCCCGAAAT	Hypnozoite	NA	NA	NA	13	15	17	19	21	21	22	21	21	21	36	Hypnozoite	21	Asexual 20	-5.1698414217232	-5.88523751366536	-8.25770141157904	-3.1112276369115	1.25207241132789	4.68272951429938	-12.907172645302	-3.25807144869662	1.17156029193769	-10.4026444651631	-3.23946254376754	1.16460070828501	-4.38143872799934	-10.668622708869	-22.7165628143122
609_GAGGCAAAGATGTAGT	0	0	36093191	SRR19573609	Ruberto2022_1	4	2022	Cambodia_Mondulkiri	10x_Chomium_V3	HiSeq X Ten	infected hepatocyte	BioIVT:BGW	Infected host hepatocytes	Liver stage	Cambodia field isolate	9	MMV390048	2	609_GAGGCAAAGATGTAGT	Hypnozoite	NA	NA	NA	13	15	17	19	21	21	22	21	21	21	36	Hypnozoite	21	Asexual 20	-5.19096196997149	-5.90421372521321	-8.25492908034125	-3.06730902729236	1.20734270170265	4.71722296064948	-12.907172645302	-3.25807144869662	1.17156029193769	-10.4026439067032	-3.23946239112729	1.16460064106673	-4.38160123155478	-10.6685683304784	-22.716595737005
609_GATGACTGTACAGCGA	0	0	36093191	SRR19573609	Ruberto2022_1	4	2022	Cambodia_Mondulkiri	10x_Chomium_V3	HiSeq X Ten	infected hepatocyte	BioIVT:BGW	Infected host hepatocytes	Liver stage	Cambodia field isolate	9	MMV390048	2	609_GATGACTGTACAGCGA	Hypnozoite	NA	NA	NA	0	0	0	0	0	0	7	7	8	8	36	Hypnozoite	0	Asexual 1	-5.17230428564532	-5.8957179175655	-8.26195670637885	-2.96713388500415	1.1372178371244	4.70047643965339	-12.907172645302	-3.25807144869662	1.17156029193769	-10.4023722636236	-3.23938659848931	1.16455583281259	-13.4452537156209	-11.9007497322678	-7.59299806961208
609_GATGAGGAGGCCTTCG	0	0	36093191	SRR19573609	Ruberto2022_1	4	2022	Cambodia_Mondulkiri	10x_Chomium_V3	HiSeq X Ten	infected hepatocyte	BioIVT:BGW	Infected host hepatocytes	Liver stage	Cambodia field isolate	9	MMV390048	2	609_GATGAGGAGGCCTTCG	Hypnozoite	NA	NA	NA	4	7	9	11	13	12	14	13	13	13	36	Hypnozoite	13	Asexual 12	-5.16886724340899	-5.89641791451374	-8.2661042359809	-2.96981061039173	1.23332603529029	4.6000569183216	-12.907172645302	-3.25807144869662	1.17156029193769	-10.4025535109771	-3.23943457916214	1.1645775141542	-0.340225598535827	-28.9482589080323	-3.74489681736719
609_GATTTCTTCACAAGGG	0	0	36093191	SRR19573609	Ruberto2022_1	4	2022	Cambodia_Mondulkiri	10x_Chomium_V3	HiSeq X Ten	infected hepatocyte	BioIVT:BGW	Infected host hepatocytes	Liver stage	Cambodia field isolate	9	MMV390048	2	609_GATTTCTTCACAAGGG	Hypnozoite	NA	NA	NA	8	11	11	13	14	15	17	15	15	16	36	Hypnozoite	14	Asexual 13	-5.18076909887774	-5.89994460213581	-8.25924350294867	-2.93325460491382	1.21856792524391	4.56630352324103	-12.907172645302	-3.25807144869662	1.17156029193769	-10.4025583979758	-3.23943126155826	1.16457496751132	-0.749078361207014	-28.4444158193831	-4.19728253056247
609_GATTTCTTCGAGTCTA	0	0	36093191	SRR19573609	Ruberto2022_1	4	2022	Cambodia_Mondulkiri	10x_Chomium_V3	HiSeq X Ten	infected hepatocyte	BioIVT:BGW	Infected host hepatocytes	Liver stage	Cambodia field isolate	9	MMV390048	2	609_GATTTCTTCGAGTCTA	Hypnozoite	NA	NA	NA	0	0	0	0	10	10	7	7	8	8	36	Hypnozoite	10	Asexual 9	-5.16701234686358	-5.89863186943928	-8.26856662306586	-3.09722626743519	1.02572329595619	4.93280771559333	-12.907172645302	-3.25807144869662	1.17156029193769	-10.4024267438551	-3.23940800013111	1.16457397678379	-13.056309396316	-17.7532628892995	-14.4414768185928
609_GCGTGCACAGTGACCC	0	0	36093191	SRR19573609	Ruberto2022_1	4	2022	Cambodia_Mondulkiri	10x_Chomium_V3	HiSeq X Ten	infected hepatocyte	BioIVT:BGW	Infected host hepatocytes	Liver stage	Cambodia field isolate	9	MMV390048	2	609_GCGTGCACAGTGACCC	Hypnozoite	NA	NA	NA	13	15	17	19	21	21	22	21	21	21	36	Hypnozoite	21	Asexual 20	-5.18038905966265	-5.91394597161213	-8.26909305128851	-3.05876315174305	1.19983525827461	4.71375301664924	-12.907172645302	-3.25807144869662	1.17156029193769	-10.402644452454	-3.23946254084593	1.16460070689073	-4.38144232415283	-10.668562358178	-22.7165808701728
609_GCTTCACGTACCGTCG	1	1	36093191	SRR19573609	Ruberto2022_1	4	2022	Cambodia_Mondulkiri	10x_Chomium_V3	HiSeq X Ten	infected hepatocyte	BioIVT:BGW	Infected host hepatocytes	Liver stage	Cambodia field isolate	9	MMV390048	2	609_GCTTCACGTACCGTCG	Hypnozoite	NA	NA	NA	8	11	11	13	14	15	17	15	15	16	36	Hypnozoite	14	Asexual 13	-5.18951906073077	-5.88384896386067	-8.25127269301215	-2.92441356716358	1.3006038244062	4.45232799833869	-12.907172645302	-3.25807144869662	1.17156029193769	-10.4025576957144	-3.23943107193192	1.1645748827919	-0.750202431236981	-28.4433893032393	-4.19777448531809
609_GGGACAACAAGCGCTC	0	0	36093191	SRR19573609	Ruberto2022_1	4	2022	Cambodia_Mondulkiri	10x_Chomium_V3	HiSeq X Ten	infected hepatocyte	BioIVT:BGW	Infected host hepatocytes	Liver stage	Cambodia field isolate	9	MMV390048	2	609_GGGACAACAAGCGCTC	Hypnozoite	NA	NA	NA	0	0	0	0	0	0	7	7	8	8	36	Hypnozoite	0	Asexual 1	-5.16634906637652	-5.90831452477375	-8.27539683851996	-2.98396814403736	1.331825333386	4.41791513746833	-12.907172645302	-3.25807144869662	1.17156029193769	-10.4022270730205	-3.23935126687184	1.16454168791721	-12.8002201555925	-12.1663166370587	-7.26714133187972
609_GGGACTCGTCTGTCAA	0	0	36093191	SRR19573609	Ruberto2022_1	4	2022	Cambodia_Mondulkiri	10x_Chomium_V3	HiSeq X Ten	infected hepatocyte	BioIVT:BGW	Infected host hepatocytes	Liver stage	Cambodia field isolate	9	MMV390048	2	609_GGGACTCGTCTGTCAA	Hypnozoite	NA	NA	NA	9	9	10	12	15	14	15	16	16	14	36	Hypnozoite	15	Asexual 14	-5.16436351644976	-5.9289472686092	-8.2904601243476	-3.10067475376331	1.19975336149269	4.75068310087775	-12.907172645302	-3.25807144869662	1.17156029193769	-10.4025837702717	-3.23945244614572	1.16459841951201	-7.23169325968848	-10.8572844617402	-22.2818323484915
609_GGGCTACAGTACAGCG	0	0	36093191	SRR19573609	Ruberto2022_1	4	2022	Cambodia_Mondulkiri	10x_Chomium_V3	HiSeq X Ten	infected hepatocyte	BioIVT:BGW	Infected host hepatocytes	Liver stage	Cambodia field isolate	9	MMV390048	2	609_GGGCTACAGTACAGCG	Hypnozoite	NA	NA	NA	7	10	12	14	16	16	16	14	17	15	36	Hypnozoite	16	Asexual 15	-5.15497793066485	-5.91929417717854	-8.28704597029486	-3.22195971546375	1.13030524805122	4.72309902495002	-12.907172645302	-3.25807144869662	1.17156029193769	-10.4026211109815	-3.23945917949672	1.16460161119755	-4.91613232041435	-10.6791678874533	-22.4812205456397
609_GGTTAACTCGCCTCTA	0	0	36093191	SRR19573609	Ruberto2022_1	4	2022	Cambodia_Mondulkiri	10x_Chomium_V3	HiSeq X Ten	infected hepatocyte	BioIVT:BGW	Infected host hepatocytes	Liver stage	Cambodia field isolate	9	MMV390048	2	609_GGTTAACTCGCCTCTA	Hypnozoite	NA	NA	NA	9	9	10	12	15	14	15	16	16	14	36	Hypnozoite	15	Asexual 14	-5.16176475393756	-5.91457110512654	-8.28303100142279	-3.08494532642566	1.18192453935676	4.75039795225715	-12.907172645302	-3.25807144869662	1.17156029193769	-10.4025844651784	-3.23945263418221	1.16459850418924	-7.23136815665485	-10.8568814373075	-22.2818080530219
609_GTCATCCAGACATCAA	0	0	36093191	SRR19573609	Ruberto2022_1	4	2022	Cambodia_Mondulkiri	10x_Chomium_V3	HiSeq X Ten	infected hepatocyte	BioIVT:BGW	Infected host hepatocytes	Liver stage	Cambodia field isolate	9	MMV390048	2	609_GTCATCCAGACATCAA	Hypnozoite	NA	NA	NA	2	4	6	7	9	8	11	10	10	10	36	Hypnozoite	9	Asexual 8	-5.16122211325152	-5.91756230461995	-8.28526069197455	-3.06320131359302	1.00916691377693	4.93678787535285	-12.907172645302	-3.25807144869662	1.17156029193769	-10.4025337362666	-3.23943580655728	1.16458522871869	20.4729219121119	-2.66714602879977	-16.1719991545503
609_GTCATGACATCCTATT	0	0	36093191	SRR19573609	Ruberto2022_1	4	2022	Cambodia_Mondulkiri	10x_Chomium_V3	HiSeq X Ten	infected hepatocyte	BioIVT:BGW	Infected host hepatocytes	Liver stage	Cambodia field isolate	9	MMV390048	2	609_GTCATGACATCCTATT	Hypnozoite	NA	NA	NA	3	5	7	9	11	11	12	11	11	11	36	Hypnozoite	11	Asexual 10	-5.16818107473834	-5.93211346733967	-8.28467990431586	-3.13269484577381	1.04833562925392	4.96849230116462	-12.907172645302	-3.25807144869662	1.17156029193769	-10.4025241712443	-3.23943816624512	1.16459144394485	-5.96346877529908	-22.5430676226693	-11.7963209879355
609_GTGAGGACAAGATGGC	0	0	36093191	SRR19573609	Ruberto2022_1	4	2022	Cambodia_Mondulkiri	10x_Chomium_V3	HiSeq X Ten	infected hepatocyte	BioIVT:BGW	Infected host hepatocytes	Liver stage	Cambodia field isolate	9	MMV390048	2	609_GTGAGGACAAGATGGC	Hypnozoite	NA	NA	NA	5	6	8	10	12	13	13	12	12	12	36	Hypnozoite	12	Asexual 11	-5.15963233816607	-5.92238646614949	-8.28940726790228	-3.10519755420887	1.13102002695137	4.81824758833503	-12.907172645302	-3.25807144869662	1.17156029193769	-10.4027313017703	-3.23947943016425	1.16459020351343	11.8174117419989	-11.5669132615188	-21.1521872811178
609_GTGCACGTCTCTCTAA	0	0	36093191	SRR19573609	Ruberto2022_1	4	2022	Cambodia_Mondulkiri	10x_Chomium_V3	HiSeq X Ten	infected hepatocyte	BioIVT:BGW	Infected host hepatocytes	Liver stage	Cambodia field isolate	9	MMV390048	2	609_GTGCACGTCTCTCTAA	Hypnozoite	NA	NA	NA	0	0	0	0	0	0	7	7	8	8	36	Hypnozoite	0	Asexual 1	-5.169036043763	-5.93231087792317	-8.28936625990668	-2.92935121593677	1.05478008344703	4.65279415434455	-12.907172645302	-3.25807144869662	1.17156029193769	-10.4022279070239	-3.23935149523182	1.16454179035194	-12.8058446986728	-12.1645617518317	-7.28044168056974
609_GTTAGACTCAAGGTGG	0	0	36093191	SRR19573609	Ruberto2022_1	4	2022	Cambodia_Mondulkiri	10x_Chomium_V3	HiSeq X Ten	infected hepatocyte	BioIVT:BGW	Infected host hepatocytes	Liver stage	Cambodia field isolate	9	MMV390048	2	609_GTTAGACTCAAGGTGG	Hypnozoite	NA	NA	NA	9	9	10	12	15	14	15	16	16	14	36	Hypnozoite	15	Asexual 14	-5.15752900946124	-5.93162327874104	-8.29678298506537	-3.0618804746648	1.1820461328321	4.73778942411994	-12.907172645302	-3.25807144869662	1.17156029193769	-10.4025843010976	-3.23945258859183	1.16459848407715	-7.23139833649197	-10.8569467309476	-22.2820121277689
609_GTTGCTCGTTAGGACG	0	0	36093191	SRR19573609	Ruberto2022_1	4	2022	Cambodia_Mondulkiri	10x_Chomium_V3	HiSeq X Ten	infected hepatocyte	BioIVT:BGW	Infected host hepatocytes	Liver stage	Cambodia field isolate	9	MMV390048	2	609_GTTGCTCGTTAGGACG	Hypnozoite	NA	NA	NA	0	0	4	5	6	6	8	8	9	9	36	Hypnozoite	6	Asexual 5	-5.16432918417437	-5.93319588768879	-8.29292060408392	-3.19686306057178	1.26889725282722	4.62170198744392	-12.907172645302	-3.25807144869662	1.17156029193769	-10.4029299275291	-3.2395319015527	1.16462199195234	-13.9122038777774	-15.9726608638058	-7.56020051369029
609_TACACCCGTTACCTGA	0	0	36093191	SRR19573609	Ruberto2022_1	4	2022	Cambodia_Mondulkiri	10x_Chomium_V3	HiSeq X Ten	infected hepatocyte	BioIVT:BGW	Infected host hepatocytes	Liver stage	Cambodia field isolate	9	MMV390048	2	609_TACACCCGTTACCTGA	Hypnozoite	NA	NA	NA	11	13	14	16	19	19	20	18	18	19	36	Hypnozoite	19	Asexual 18	-5.18231977331622	-5.92245083916584	-8.2787242082099	-2.93869269428455	1.0664125259214	4.74775245970344	-12.907172645302	-3.25807144869662	1.17156029193769	-10.4025329041863	-3.23943314518951	1.16458537407653	20.0267245105209	-3.68084259376318	-16.4619892331638
609_TACGCTCAGGGTGAAA	0	0	36093191	SRR19573609	Ruberto2022_1	4	2022	Cambodia_Mondulkiri	10x_Chomium_V3	HiSeq X Ten	infected hepatocyte	BioIVT:BGW	Infected host hepatocytes	Liver stage	Cambodia field isolate	9	MMV390048	2	609_TACGCTCAGGGTGAAA	Hypnozoite	NA	NA	NA	13	15	17	19	21	21	22	21	21	21	36	Hypnozoite	21	Asexual 20	-5.15091813909991	-5.93563300240437	-8.30335284743109	-3.06069839534961	1.20326073720985	4.70699671095466	-12.907172645302	-3.25807144869662	1.17156029193769	-10.402644460602	-3.23946254370137	1.16460070799081	-4.38115333645451	-10.6682964544462	-22.7169176339656
609_TAGGTTGGTGACTATC	0	0	36093191	SRR19573609	Ruberto2022_1	4	2022	Cambodia_Mondulkiri	10x_Chomium_V3	HiSeq X Ten	infected hepatocyte	BioIVT:BGW	Infected host hepatocytes	Liver stage	Cambodia field isolate	9	MMV390048	2	609_TAGGTTGGTGACTATC	Hypnozoite	NA	NA	NA	2	4	6	7	9	8	11	10	10	10	36	Hypnozoite	9	Asexual 8	-5.16192258703692	-5.94049912560383	-8.29849101576605	-2.93440163669788	1.01243277147346	4.79574898069953	-12.907172645302	-3.25807144869662	1.17156029193769	-10.4025341826155	-3.23943592906331	1.16458528244226	20.4743277971695	-2.66393621519804	-16.1710921506718
609_TCAAGCAGTGATGTAA	0	0	36093191	SRR19573609	Ruberto2022_1	4	2022	Cambodia_Mondulkiri	10x_Chomium_V3	HiSeq X Ten	infected hepatocyte	BioIVT:BGW	Infected host hepatocytes	Liver stage	Cambodia field isolate	9	MMV390048	2	609_TCAAGCAGTGATGTAA	Hypnozoite	NA	NA	NA	2	4	6	7	9	8	11	10	10	10	36	Hypnozoite	9	Asexual 8	-5.15290655004962	-5.94019156563679	-8.30542804274359	-2.88183773098194	0.940513211041027	4.85354688948249	-12.907172645302	-3.25807144869662	1.17156029193769	-10.402534184796	-3.23943592965907	1.16458528270556	20.4743145440663	-2.66392622952226	-16.1711246735383
609_TCACTATTCGCGTGAC	0	0	36093191	SRR19573609	Ruberto2022_1	4	2022	Cambodia_Mondulkiri	10x_Chomium_V3	HiSeq X Ten	infected hepatocyte	BioIVT:BGW	Infected host hepatocytes	Liver stage	Cambodia field isolate	9	MMV390048	2	609_TCACTATTCGCGTGAC	Hypnozoite	NA	NA	NA	0	0	4	5	6	6	8	8	9	9	36	Hypnozoite	6	Asexual 5	-5.1514784227608	-5.94331484902302	-8.30846168074408	-2.89103305874073	0.979834156780773	4.79959276503181	-12.907172645302	-3.25807144869662	1.17156029193769	-10.4028417870436	-3.239504441209	1.16460536028657	-15.1258406216731	-15.8935028012608	-9.40324757960775
609_TCAGGTATCTCGGTAA	0	0	36093191	SRR19573609	Ruberto2022_1	4	2022	Cambodia_Mondulkiri	10x_Chomium_V3	HiSeq X Ten	infected hepatocyte	BioIVT:BGW	Infected host hepatocytes	Liver stage	Cambodia field isolate	9	MMV390048	2	609_TCAGGTATCTCGGTAA	Hypnozoite	NA	NA	NA	3	5	7	9	11	11	12	11	11	11	36	Hypnozoite	11	Asexual 10	-5.17347539770587	-5.96018725502888	-8.30372001204291	-3.0770024114629	1.1628069455915	4.72357061689948	-12.907172645302	-3.25807144869662	1.17156029193769	-10.4025246295672	-3.23943829162289	1.16459149923775	-5.96248061780891	-22.5432263251292	-11.7972639493799
609_TCATGTTCATGATAGA	0	0	36093191	SRR19573609	Ruberto2022_1	4	2022	Cambodia_Mondulkiri	10x_Chomium_V3	HiSeq X Ten	infected hepatocyte	BioIVT:BGW	Infected host hepatocytes	Liver stage	Cambodia field isolate	9	MMV390048	2	609_TCATGTTCATGATAGA	Hypnozoite	NA	NA	NA	0	0	4	5	6	6	8	8	9	9	36	Hypnozoite	6	Asexual 5	-5.14967693197711	-5.94717770684163	-8.31250049147406	-3.16633022365772	1.29292722299629	4.58254364317512	-12.907172645302	-3.25807144869662	1.17156029193769	-10.4029294558339	-3.2395317686079	1.16462193544312	-13.9145839884825	-15.9716455210351	-7.56398620474331
609_TCCAGAAAGACTCTTG	0	0	36093191	SRR19573609	Ruberto2022_1	4	2022	Cambodia_Mondulkiri	10x_Chomium_V3	HiSeq X Ten	infected hepatocyte	BioIVT:BGW	Infected host hepatocytes	Liver stage	Cambodia field isolate	9	MMV390048	2	609_TCCAGAAAGACTCTTG	Hypnozoite	NA	NA	NA	0	0	0	0	0	0	7	7	8	8	36	Hypnozoite	0	Asexual 1	-5.14265931951983	-5.95765238869587	-8.32361461195746	-3.01059139309131	1.23966057851844	4.61038711851691	-12.907172645302	-3.25807144869662	1.17156029193769	-10.4022283889964	-3.23935162408725	1.16454184801246	-12.8083967193756	-12.1623095998563	-7.28358707908364
609_TCCTGCAAGATAGCAT	0	0	36093191	SRR19573609	Ruberto2022_1	4	2022	Cambodia_Mondulkiri	10x_Chomium_V3	HiSeq X Ten	infected hepatocyte	BioIVT:BGW	Infected host hepatocytes	Liver stage	Cambodia field isolate	9	MMV390048	2	609_TCCTGCAAGATAGCAT	Hypnozoite	NA	NA	NA	0	0	4	5	6	6	8	8	9	9	36	Hypnozoite	6	Asexual 5	-5.14733613836749	-5.95239287484089	-8.31790210280219	-3.12161243496143	1.28680451467567	4.5258004981861	-12.907172645302	-3.25807144869662	1.17156029193769	-10.4029293990826	-3.23953175505414	1.16462192848151	-13.9149022407137	-15.9732584650736	-7.56402370052033
609_TCGATTTAGCGGCTCT	0	0	36093191	SRR19573609	Ruberto2022_1	4	2022	Cambodia_Mondulkiri	10x_Chomium_V3	HiSeq X Ten	infected hepatocyte	BioIVT:BGW	Infected host hepatocytes	Liver stage	Cambodia field isolate	9	MMV390048	2	609_TCGATTTAGCGGCTCT	Hypnozoite	NA	NA	NA	2	4	6	7	9	8	11	10	10	10	36	Hypnozoite	9	Asexual 8	-5.14862884390338	-5.95801669228474	-8.31767798933783	-2.98164165554248	1.068193393498	4.78217914885139	-12.907172645302	-3.25807144869662	1.17156029193769	-10.4025335442421	-3.2394357562979	1.16458520527671	20.4720658500779	-2.66855991625853	-16.1724458780828
609_TCTACCGTCCGCGAGT	0	0	36093191	SRR19573609	Ruberto2022_1	4	2022	Cambodia_Mondulkiri	10x_Chomium_V3	HiSeq X Ten	infected hepatocyte	BioIVT:BGW	Infected host hepatocytes	Liver stage	Cambodia field isolate	9	MMV390048	2	609_TCTACCGTCCGCGAGT	Hypnozoite	NA	NA	NA	9	9	10	12	15	14	15	16	16	14	36	Hypnozoite	15	Asexual 14	-5.17391504156573	-5.95409804451863	-8.29948855910101	-3.14303029117786	1.18363817289405	4.79567983931159	-12.907172645302	-3.25807144869662	1.17156029193769	-10.4025838168217	-3.23945245885186	1.16459842521287	-7.2316547798846	-10.8572967709888	-22.2821062210869
609_TGATGCAAGATTAGAC	0	0	36093191	SRR19573609	Ruberto2022_1	4	2022	Cambodia_Mondulkiri	10x_Chomium_V3	HiSeq X Ten	infected hepatocyte	BioIVT:BGW	Infected host hepatocytes	Liver stage	Cambodia field isolate	9	MMV390048	2	609_TGATGCAAGATTAGAC	Hypnozoite	NA	NA	NA	0	0	4	5	6	6	8	8	9	9	36	Hypnozoite	6	Asexual 5	-5.14361919271929	-5.97489338982502	-8.33478595289984	-2.92565596637928	1.03303332880073	4.76566198652839	-12.907172645302	-3.25807144869662	1.17156029193769	-10.4028406380235	-3.23950412964952	1.16460522323309	-15.2049090687923	-15.8992413480392	-9.49910519596613
609_TGATGGTCACAAAGTA	0	0	36093191	SRR19573609	Ruberto2022_1	4	2022	Cambodia_Mondulkiri	10x_Chomium_V3	HiSeq X Ten	infected hepatocyte	BioIVT:BGW	Infected host hepatocytes	Liver stage	Cambodia field isolate	9	MMV390048	2	609_TGATGGTCACAAAGTA	Hypnozoite	NA	NA	NA	4	7	9	11	13	12	14	13	13	13	36	Hypnozoite	13	Asexual 12	-5.15321506369097	-5.96848422158162	-8.32417918715277	-2.99157918033802	1.21314342573219	4.63114002531623	-12.907172645302	-3.25807144869662	1.17156029193769	-10.4025535928525	-3.2394346023799	1.16457752392794	-0.340203389927792	-28.9482882081868	-3.74487535784255
609_TGCAGATCACAGAAGC	0	0	36093191	SRR19573609	Ruberto2022_1	4	2022	Cambodia_Mondulkiri	10x_Chomium_V3	HiSeq X Ten	infected hepatocyte	BioIVT:BGW	Infected host hepatocytes	Liver stage	Cambodia field isolate	9	MMV390048	2	609_TGCAGATCACAGAAGC	Hypnozoite	NA	NA	NA	0	0	0	0	10	10	7	7	8	8	36	Hypnozoite	10	Asexual 9	-5.14146627295001	-5.96592694390217	-8.33110763106146	-3.0433679872533	1.06830139711433	4.90803936308478	-12.907172645302	-3.25807144869662	1.17156029193769	-10.4024269059977	-3.23940804615605	1.16457399645675	-13.0565848500867	-17.7542349200444	-14.4438757041434
609_TGCAGATGTCTACTGA	0	0	36093191	SRR19573609	Ruberto2022_1	4	2022	Cambodia_Mondulkiri	10x_Chomium_V3	HiSeq X Ten	infected hepatocyte	BioIVT:BGW	Infected host hepatocytes	Liver stage	Cambodia field isolate	9	MMV390048	2	609_TGCAGATGTCTACTGA	Hypnozoite	NA	NA	NA	0	0	4	5	6	6	8	8	9	9	36	Hypnozoite	6	Asexual 5	-5.14317907202227	-5.9895375357906	-8.34498359236517	-3.17873132763111	1.27131481721931	4.60646894758796	-12.907172645302	-3.25807144869662	1.17156029193769	-10.4029299299944	-3.23953189707405	1.16462199157843	-13.913571572337	-15.9716047700738	-7.56015713785823
609_TGCGATAAGCGTTCCG	0	0	36093191	SRR19573609	Ruberto2022_1	4	2022	Cambodia_Mondulkiri	10x_Chomium_V3	HiSeq X Ten	infected hepatocyte	BioIVT:BGW	Infected host hepatocytes	Liver stage	Cambodia field isolate	9	MMV390048	2	609_TGCGATAAGCGTTCCG	Hypnozoite	NA	NA	NA	0	0	4	5	6	6	8	8	9	9	36	Hypnozoite	6	Asexual 5	-5.13810457098467	-5.97023755181233	-8.33611537489691	-3.21131551799976	1.22201915338569	4.69048765486335	-12.907172645302	-3.25807144869662	1.17156029193769	-10.402930183333	-3.23953197089156	1.16462202237554	-13.9103576166917	-15.9705926588201	-7.55762361365649
609_TGCGGCACACATCCCT	0	0	36093191	SRR19573609	Ruberto2022_1	4	2022	Cambodia_Mondulkiri	10x_Chomium_V3	HiSeq X Ten	infected hepatocyte	BioIVT:BGW	Infected host hepatocytes	Liver stage	Cambodia field isolate	9	MMV390048	2	609_TGCGGCACACATCCCT	Hypnozoite	NA	NA	NA	7	10	12	14	16	16	16	14	17	15	36	Hypnozoite	16	Asexual 15	-5.14747537481768	-6.00136548149983	-8.3518967774848	-3.2198919111272	1.26724513128334	4.71581772154426	-12.907172645302	-3.25807144869662	1.17156029193769	-10.402621354976	-3.23945925128598	1.16460164158383	-4.91405055619352	-10.6790444553879	-22.4820027433394
609_TGCTTCGGTATCGTTG	0	0	36093191	SRR19573609	Ruberto2022_1	4	2022	Cambodia_Mondulkiri	10x_Chomium_V3	HiSeq X Ten	infected hepatocyte	BioIVT:BGW	Infected host hepatocytes	Liver stage	Cambodia field isolate	9	MMV390048	2	609_TGCTTCGGTATCGTTG	Hypnozoite	NA	NA	NA	10	12	15	17	18	18	19	19	19	18	36	Hypnozoite	18	Asexual 17	-5.13956703054888	-5.98158722985188	-8.34271003279486	-3.13412035045826	1.02315695837074	4.98341158217048	-12.907172645302	-3.25807144869662	1.17156029193769	-10.4026093470625	-3.23944819771564	1.16458169193031	-5.8710069310072	-8.78630222601703	-23.8902114626457
609_TGGAGAGGTGCCTTCT	0	0	36093191	SRR19573609	Ruberto2022_1	4	2022	Cambodia_Mondulkiri	10x_Chomium_V3	HiSeq X Ten	infected hepatocyte	BioIVT:BGW	Infected host hepatocytes	Liver stage	Cambodia field isolate	9	MMV390048	2	609_TGGAGAGGTGCCTTCT	Hypnozoite	NA	NA	NA	6	8	13	15	17	17	18	17	14	17	36	Hypnozoite	17	Asexual 16	-5.13439144003375	-5.97706299889485	-8.34333564314642	-2.85716808376514	1.00303097322517	4.78249195402717	-12.907172645302	-3.25807144869662	1.17156029193769	-10.4025005969473	-3.23943086319254	1.16458816343818	-7.12105198180832	-23.4820462567461	-10.8698822726508
609_TGGTACAAGGTTCAGG	0	0	36093191	SRR19573609	Ruberto2022_1	4	2022	Cambodia_Mondulkiri	10x_Chomium_V3	HiSeq X Ten	infected hepatocyte	BioIVT:BGW	Infected host hepatocytes	Liver stage	Cambodia field isolate	9	MMV390048	2	609_TGGTACAAGGTTCAGG	Hypnozoite	NA	NA	NA	0	0	0	0	0	0	7	7	8	8	36	Hypnozoite	0	Asexual 1	-5.13271011221392	-5.97897797692219	-8.34602500471869	-2.97936857280933	1.33549268796974	4.41143396681403	-12.907172645302	-3.25807144869662	1.17156029193769	-10.4022277095391	-3.23935143909962	1.16454176533777	-12.8049918046817	-12.1653626758623	-7.27689262285658
609_TGTCCCACAGGCGTTC	0	0	36093191	SRR19573609	Ruberto2022_1	4	2022	Cambodia_Mondulkiri	10x_Chomium_V3	HiSeq X Ten	infected hepatocyte	BioIVT:BGW	Infected host hepatocytes	Liver stage	Cambodia field isolate	9	MMV390048	2	609_TGTCCCACAGGCGTTC	Hypnozoite	NA	NA	NA	0	0	4	5	6	6	8	8	9	9	36	Hypnozoite	6	Asexual 5	-5.1654936205147	-5.98646765816609	-8.32586432966986	-3.16660321293079	1.24613614633613	4.63221004789924	-12.907172645302	-3.25807144869662	1.17156029193769	-10.402930182257	-3.23953197059907	1.1646220222483	-13.9107458520936	-15.9712072844911	-7.558574260187
609_TGTGAGTAGTCAGCCC	0	0	36093191	SRR19573609	Ruberto2022_1	4	2022	Cambodia_Mondulkiri	10x_Chomium_V3	HiSeq X Ten	infected hepatocyte	BioIVT:BGW	Infected host hepatocytes	Liver stage	Cambodia field isolate	9	MMV390048	2	609_TGTGAGTAGTCAGCCC	Hypnozoite	NA	NA	NA	12	14	16	18	20	20	21	20	20	20	36	Hypnozoite	20	Asexual 19	-5.12893022406085	-5.98092967141072	-8.35209609541693	-3.07229459819996	1.17195697382026	4.75251797026252	-12.907172645302	-3.25807144869662	1.17156029193769	-10.4026102275119	-3.23945903409593	1.16460308930636	-5.45086519396777	-10.7991409165272	-22.1568232673571
609_TGTTGAGAGTCAACAA	1	1	36093191	SRR19573609	Ruberto2022_1	4	2022	Cambodia_Mondulkiri	10x_Chomium_V3	HiSeq X Ten	infected hepatocyte	BioIVT:BGW	Infected host hepatocytes	Liver stage	Cambodia field isolate	9	MMV390048	2	609_TGTTGAGAGTCAACAA	Hypnozoite	NA	NA	NA	11	13	14	16	19	19	20	18	18	19	36	Hypnozoite	19	Asexual 18	-5.12888158667071	-5.98505526650349	-8.3526291993598	-2.83842099247181	1.07390041902595	4.70122078245734	-12.907172645302	-3.25807144869662	1.17156029193769	-10.4025321971735	-3.23943295362637	1.16458528875534	20.026708115848	-3.68085873256482	-16.4619882373874
609_TTAGGCAGTACGAGTG	0	0	36093191	SRR19573609	Ruberto2022_1	4	2022	Cambodia_Mondulkiri	10x_Chomium_V3	HiSeq X Ten	infected hepatocyte	BioIVT:BGW	Infected host hepatocytes	Liver stage	Cambodia field isolate	9	MMV390048	2	609_TTAGGCAGTACGAGTG	Hypnozoite	NA	NA	NA	3	5	7	9	11	11	12	11	11	11	36	Hypnozoite	11	Asexual 10	-5.13696493017657	-5.99650174248616	-8.35070754561225	-3.05186307964527	1.12850423410469	4.74427631682014	-12.907172645302	-3.25807144869662	1.17156029193769	-10.4025246168388	-3.239438288684	1.16459149783051	-5.96280440638992	-22.5426230840116	-11.7969588363833
609_TTAGTCTGTGAGGATC	1	1	36093191	SRR19573609	Ruberto2022_1	4	2022	Cambodia_Mondulkiri	10x_Chomium_V3	HiSeq X Ten	infected hepatocyte	BioIVT:BGW	Infected host hepatocytes	Liver stage	Cambodia field isolate	9	MMV390048	2	609_TTAGTCTGTGAGGATC	Hypnozoite	NA	NA	NA	9	9	10	12	15	14	15	16	16	14	36	Hypnozoite	15	Asexual 14	-5.11571039068682	-5.99353009331623	-8.36714793715277	-3.01087272701465	1.21538634851509	4.61518505400275	-12.907172645302	-3.25807144869662	1.17156029193769	-10.402585165235	-3.23945282410521	1.16459858841394	-7.23132326149855	-10.8570022668906	-22.2812972045184
609_TTGGGCGGTTCCGGTG	0	0	36093191	SRR19573609	Ruberto2022_1	4	2022	Cambodia_Mondulkiri	10x_Chomium_V3	HiSeq X Ten	infected hepatocyte	BioIVT:BGW	Infected host hepatocytes	Liver stage	Cambodia field isolate	9	MMV390048	2	609_TTGGGCGGTTCCGGTG	Hypnozoite	NA	NA	NA	0	0	4	5	6	6	8	8	9	9	36	Hypnozoite	6	Asexual 5	-5.12383521902545	-5.99132662880818	-8.36008025679389	-3.0160185152074	1.34315641477638	4.38371685331916	-12.907172645302	-3.25807144869662	1.17156029193769	-10.4029249197298	-3.23953566645453	1.16462365512102	-13.4621678413092	-16.1440970026442	-7.54088931655598
609_TTGGGTACACCTTCGT	0	0	36093191	SRR19573609	Ruberto2022_1	4	2022	Cambodia_Mondulkiri	10x_Chomium_V3	HiSeq X Ten	infected hepatocyte	BioIVT:BGW	Infected host hepatocytes	Liver stage	Cambodia field isolate	9	MMV390048	2	609_TTGGGTACACCTTCGT	Hypnozoite	NA	NA	NA	0	0	0	0	0	0	7	7	8	8	36	Hypnozoite	0	Asexual 1	-5.14856590139849	-6.02251416314045	-8.36265231642523	-2.89965212879383	1.17669876173072	4.59777048414802	-12.907172645302	-3.25807144869662	1.17156029193769	-10.402372765179	-3.23938673567876	1.16455589418518	-13.4515157061414	-11.8955609323341	-7.59968186366582
609_TTGTGTTAGCCTGAAG	0	0	36093191	SRR19573609	Ruberto2022_1	4	2022	Cambodia_Mondulkiri	10x_Chomium_V3	HiSeq X Ten	infected hepatocyte	BioIVT:BGW	Infected host hepatocytes	Liver stage	Cambodia field isolate	9	MMV390048	2	609_TTGTGTTAGCCTGAAG	Hypnozoite	NA	NA	NA	8	11	11	13	14	15	17	15	15	16	36	Hypnozoite	14	Asexual 13	-5.10990346777423	-6.02785235512654	-8.38840438399115	-2.89453185138904	1.25970168664985	4.50688198393439	-12.907172645302	-3.25807144869662	1.17156029193769	-10.4025591006034	-3.23943145177154	1.16457505119253	-0.748526506077438	-28.4449895276646	-4.19712000238946
609_TTTCATGAGGTGCATG	0	0	36093191	SRR19573609	Ruberto2022_1	4	2022	Cambodia_Mondulkiri	10x_Chomium_V3	HiSeq X Ten	infected hepatocyte	BioIVT:BGW	Infected host hepatocytes	Liver stage	Cambodia field isolate	9	MMV390048	2	609_TTTCATGAGGTGCATG	Hypnozoite	NA	NA	NA	0	0	0	0	0	0	7	7	8	8	36	Hypnozoite	0	Asexual 1	-5.12339748251422	-6.01064711678425	-8.37149955305853	-3.00979960499012	1.37064548090034	4.38213852232551	-12.907172645302	-3.25807144869662	1.17156029193769	-10.4022277080829	-3.23935143987481	1.16454176541671	-12.8033034296221	-12.1659413055886	-7.27591315207138
609_TTTCCTCAGCTCTGTA	0	0	36093191	SRR19573609	Ruberto2022_1	4	2022	Cambodia_Mondulkiri	10x_Chomium_V3	HiSeq X Ten	infected hepatocyte	BioIVT:BGW	Infected host hepatocytes	Liver stage	Cambodia field isolate	9	MMV390048	2	609_TTTCCTCAGCTCTGTA	Hypnozoite	NA	NA	NA	10	12	15	17	18	18	19	19	19	18	36	Hypnozoite	18	Asexual 17	-5.10876001226885	-6.01814204323689	-8.38076640639105	-3.11718762455188	1.02625282362037	4.97319486921882	-12.907172645302	-3.25807144869662	1.17156029193769	-10.4026086893661	-3.23944802046634	1.16458161284951	-5.87125003393267	-8.78645970988268	-23.8902314958357
609_TTTGACTAGTACAACA	0	0	36093191	SRR19573609	Ruberto2022_1	4	2022	Cambodia_Mondulkiri	10x_Chomium_V3	HiSeq X Ten	infected hepatocyte	BioIVT:BGW	Infected host hepatocytes	Liver stage	Cambodia field isolate	9	MMV390048	2	609_TTTGACTAGTACAACA	Hypnozoite	NA	NA	NA	0	0	0	0	0	0	7	7	8	8	36	Hypnozoite	0	Asexual 1	-5.11395467627032	-6.00344496834675	-8.37493754896918	-2.9719191843053	1.34642525270515	4.37542846983527	-12.907172645302	-3.25807144869662	1.17156029193769	-10.4022271667149	-3.23935129027972	1.16454169939433	-12.802780240051	-12.1654732192467	-7.26928498949406
609_TTTGGAGCAGAACCGA	0	0	36093191	SRR19573609	Ruberto2022_1	4	2022	Cambodia_Mondulkiri	10x_Chomium_V3	HiSeq X Ten	infected hepatocyte	BioIVT:BGW	Infected host hepatocytes	Liver stage	Cambodia field isolate	9	MMV390048	2	609_TTTGGAGCAGAACCGA	Hypnozoite	NA	NA	NA	0	0	0	0	0	0	7	7	8	8	36	Hypnozoite	0	Asexual 1	-5.1186505686043	-6.011553584222	-8.37767840895453	-2.9940196329137	1.20069654539161	4.63618496245002	-12.907172645302	-3.25807144869662	1.17156029193769	-10.4023722611545	-3.23938659781228	1.16455583251444	-13.444054216861	-11.8990585400837	-7.59322575541116
610_AAACCCACAAGCGCAA	91	3	36093191	SRR19573610	Ruberto2022_1	4	2022	Cambodia_Mondulkiri	10x_Chomium_V3	HiSeq X Ten	infected hepatocyte	BioIVT:BGW	Infected host hepatocytes	Liver stage	Cambodia field isolate	5	None	2	610_AAACCCACAAGCGCAA	Schizont	NA	NA	NA	0	0	0	0	0	0	7	7	8	8	36	Schizont (Liver stage)	0	Asexual 1	-5.12176669943316	-6.02353316414753	-8.36546088728705	-2.84834278164112	1.41285164907508	4.19063261335944	-12.7649574754145	-3.24792043922528	0.840124687850119	-10.2597303287786	-3.2291232285743	0.83308213450565	-13.3341355239875	-12.417340292247	-7.71372256297295
610_AAACCCACATACTGTG	0	0	36093191	SRR19573610	Ruberto2022_1	4	2022	Cambodia_Mondulkiri	10x_Chomium_V3	HiSeq X Ten	infected hepatocyte	BioIVT:BGW	Infected host hepatocytes	Liver stage	Cambodia field isolate	5	None	2	610_AAACCCACATACTGTG	Hypnozoite	NA	NA	NA	7	10	12	14	16	16	16	14	17	15	36	Hypnozoite	16	Asexual 15	-5.11460460531695	-6.01703768837849	-8.39191104445258	-3.10791528759205	1.28582115724617	4.62971952742194	-12.907172645302	-3.25807144869662	1.17156029193769	-10.4026205051265	-3.23945901642322	1.16460153772324	-4.92175429276583	-10.6796776947495	-22.4788126869178
610_AAACGCTCACAGAAGC	0	0	36093191	SRR19573610	Ruberto2022_1	4	2022	Cambodia_Mondulkiri	10x_Chomium_V3	HiSeq X Ten	infected hepatocyte	BioIVT:BGW	Infected host hepatocytes	Liver stage	Cambodia field isolate	5	None	2	610_AAACGCTCACAGAAGC	Hypnozoite	NA	NA	NA	0	0	4	5	6	6	8	8	9	9	36	Hypnozoite	6	Asexual 5	-5.107765806794	-6.01252919304768	-8.38529349837103	-2.99590743122303	1.38541658475929	4.33591154402351	-12.907172645302	-3.25807144869662	1.17156029193769	-10.402924974857	-3.23953568002506	1.16462366199958	-13.4655847658523	-16.1419553443035	-7.5383641650162
610_AAAGGGCAGGAAAGAC	0	0	36093191	SRR19573610	Ruberto2022_1	4	2022	Cambodia_Mondulkiri	10x_Chomium_V3	HiSeq X Ten	infected hepatocyte	BioIVT:BGW	Infected host hepatocytes	Liver stage	Cambodia field isolate	5	None	2	610_AAAGGGCAGGAAAGAC	Hypnozoite	NA	NA	NA	12	14	16	18	20	20	21	20	20	20	36	Hypnozoite	20	Asexual 19	-5.13253415930255	-6.01030284035603	-8.37329913649359	-3.03975976047718	1.17639871194892	4.77360609358405	-12.907172645302	-3.25807144869662	1.17156029193769	-10.4026101914808	-3.23945902857373	1.16460308582131	-5.45116622053549	-10.7991112296467	-22.1568114737545
610_AAATGGAAGGGTACGT	0	0	36093191	SRR19573610	Ruberto2022_1	4	2022	Cambodia_Mondulkiri	10x_Chomium_V3	HiSeq X Ten	infected hepatocyte	BioIVT:BGW	Infected host hepatocytes	Liver stage	Cambodia field isolate	5	None	2	610_AAATGGAAGGGTACGT	Hypnozoite	NA	NA	NA	0	0	0	0	10	10	7	7	8	8	36	Hypnozoite	10	Asexual 9	-5.13492645132525	-6.01719599831501	-8.36728812727728	-3.09073341427051	1.04573305204444	4.91212585753059	-12.907172645302	-3.25807144869662	1.17156029193769	-10.4024271070157	-3.23940810201902	1.16457402158767	-13.0572961084282	-17.7558791694492	-14.4467509416931
610_AACAAAGAGGGTTTCT	0	0	36093191	SRR19573610	Ruberto2022_1	4	2022	Cambodia_Mondulkiri	10x_Chomium_V3	HiSeq X Ten	infected hepatocyte	BioIVT:BGW	Infected host hepatocytes	Liver stage	Cambodia field isolate	5	None	2	610_AACAAAGAGGGTTTCT	Schizont	NA	NA	NA	0	0	0	0	0	0	7	7	8	8	36	Schizont (Liver stage)	0	Asexual 1	-5.10298503744586	-6.0170615302364	-8.39327670607367	-2.94532549915516	1.0776098544889	4.74928692167853	-12.907172645302	-3.25807144869662	1.17156029193769	-10.4023716200861	-3.23938642355063	1.16455575484891	-13.4367193407652	-11.900861036741	-7.58384657119456
610_AACAAAGTCACGATCA	0	0	36093191	SRR19573610	Ruberto2022_1	4	2022	Cambodia_Mondulkiri	10x_Chomium_V3	HiSeq X Ten	infected hepatocyte	BioIVT:BGW	Infected host hepatocytes	Liver stage	Cambodia field isolate	5	None	2	610_AACAAAGTCACGATCA	Hypnozoite	NA	NA	NA	2	4	6	7	9	8	11	10	10	10	36	Hypnozoite	9	Asexual 8	-5.10174001562579	-6.03137332070271	-8.40311290297308	-2.89302790699207	1.12275667741829	4.87125709837531	-12.907172645302	-3.25807144869662	1.17156029193769	-10.4025335378027	-3.23943575606074	1.1645852043126	20.4720587817875	-2.66857322558091	-16.1725493624243
610_AACAACCCAAAGGTTA	0	0	36093191	SRR19573610	Ruberto2022_1	4	2022	Cambodia_Mondulkiri	10x_Chomium_V3	HiSeq X Ten	infected hepatocyte	BioIVT:BGW	Infected host hepatocytes	Liver stage	Cambodia field isolate	5	None	2	610_AACAACCCAAAGGTTA	Hypnozoite	NA	NA	NA	10	12	15	17	18	18	19	19	19	18	36	Hypnozoite	18	Asexual 17	-5.14915431845172	-6.0451753722469	-8.36370326552191	-3.11613047657215	1.02325935915046	4.97300651854133	-12.907172645302	-3.25807144869662	1.17156029193769	-10.4026087311984	-3.23944803147677	1.16458161771434	-5.87119669413854	-8.78639868342772	-23.8903705335584
610_AACACACCAACGAGGT	0	0	36093191	SRR19573610	Ruberto2022_1	4	2022	Cambodia_Mondulkiri	10x_Chomium_V3	HiSeq X Ten	infected hepatocyte	BioIVT:BGW	Infected host hepatocytes	Liver stage	Cambodia field isolate	5	None	2	610_AACACACCAACGAGGT	Schizont	NA	NA	NA	7	10	12	14	16	16	16	14	17	15	36	Schizont (Liver stage)	16	Asexual 15	-5.09859289038165	-6.02691823113362	-8.40099002394476	-3.04352868137561	1.1454912002378	4.78273275679206	-12.907172645302	-3.25807144869662	1.17156029193769	-10.4026219023477	-3.23945939499226	1.16460170670402	-4.90912404387852	-10.6787206377197	-22.4842658472737
610_AAGACTCGTCGCCACA	0	0	36093191	SRR19573610	Ruberto2022_1	4	2022	Cambodia_Mondulkiri	10x_Chomium_V3	HiSeq X Ten	infected hepatocyte	BioIVT:BGW	Infected host hepatocytes	Liver stage	Cambodia field isolate	5	None	2	610_AAGACTCGTCGCCACA	Hypnozoite	NA	NA	NA	10	12	15	17	18	18	19	19	19	18	36	Hypnozoite	18	Asexual 17	-5.1149941812752	-6.04413109887043	-8.39589168104926	-3.00248253879749	1.12038560464912	4.71637705153083	-12.907172645302	-3.25807144869662	1.17156029193769	-10.4026095324041	-3.2394482483202	1.16458171373321	-5.87052112372318	-8.78642016118886	-23.8902796659701
610_AAGACTCTCAAACCCA	0	0	36093191	SRR19573610	Ruberto2022_1	4	2022	Cambodia_Mondulkiri	10x_Chomium_V3	HiSeq X Ten	infected hepatocyte	BioIVT:BGW	Infected host hepatocytes	Liver stage	Cambodia field isolate	5	None	2	610_AAGACTCTCAAACCCA	Hypnozoite	NA	NA	NA	0	0	4	5	6	6	8	8	9	9	36	Hypnozoite	6	Asexual 5	-5.09268678534014	-6.0289981948177	-8.40806724104682	-3.04354084072315	1.33228631570869	4.34490516966437	-12.907172645302	-3.25807144869662	1.17156029193769	-10.4029252265236	-3.23953575324702	1.1646236925666	-13.468657286525	-16.1386459927021	-7.5348142517745
610_AAGCGAGGTCTGTCCT	16	2	36093191	SRR19573610	Ruberto2022_1	4	2022	Cambodia_Mondulkiri	10x_Chomium_V3	HiSeq X Ten	infected hepatocyte	BioIVT:BGW	Infected host hepatocytes	Liver stage	Cambodia field isolate	5	None	2	610_AAGCGAGGTCTGTCCT	Schizont	NA	NA	NA	0	0	4	5	6	6	8	8	9	9	36	Schizont (Liver stage)	6	Asexual 5	-5.09077848303301	-6.02944213021199	-8.40961791548529	-3.16980302868091	1.24347861364418	4.63529327696418	-12.907172645302	-3.25807144869662	1.17156029193769	-10.4029305533826	-3.23953206790759	1.16462206616055	-13.9079488653441	-15.97023728748	-7.55569396085483
610_AAGCGTTGTCACCGAC	0	0	36093191	SRR19573610	Ruberto2022_1	4	2022	Cambodia_Mondulkiri	10x_Chomium_V3	HiSeq X Ten	infected hepatocyte	BioIVT:BGW	Infected host hepatocytes	Liver stage	Cambodia field isolate	5	None	2	610_AAGCGTTGTCACCGAC	Hypnozoite	NA	NA	NA	10	12	15	17	18	18	19	19	19	18	36	Hypnozoite	18	Asexual 17	-5.08832420217974	-6.03186064827839	-8.41259624037543	-3.11648500499927	1.02474124982887	4.99125984495734	-12.907172645302	-3.25807144869662	1.17156029193769	-10.4026086823069	-3.23944802006347	1.16458161181135	-5.8712518525931	-8.78645961265171	-23.8903724126018
610_AAGTTCGAGGTTCATC	0	0	36093191	SRR19573610	Ruberto2022_1	4	2022	Cambodia_Mondulkiri	10x_Chomium_V3	HiSeq X Ten	infected hepatocyte	BioIVT:BGW	Infected host hepatocytes	Liver stage	Cambodia field isolate	5	None	2	610_AAGTTCGAGGTTCATC	Hypnozoite	NA	NA	NA	0	0	0	8	0	9	7	7	8	8	36	Hypnozoite	0	Asexual 1	-5.09167684423907	-6.03917819130818	-8.40864230665961	-3.06253397999012	1.38149972513252	4.33452156370734	-12.907172645302	-3.25807144869662	1.17156029193769	-10.4023938739882	-3.23939685868878	1.16456259314493	-13.098622504429	-11.5408801824415	-8.61333454568431
610_AAGTTCGCACATCCCT	0	0	36093191	SRR19573610	Ruberto2022_1	4	2022	Cambodia_Mondulkiri	10x_Chomium_V3	HiSeq X Ten	infected hepatocyte	BioIVT:BGW	Infected host hepatocytes	Liver stage	Cambodia field isolate	5	None	2	610_AAGTTCGCACATCCCT	Hypnozoite	NA	NA	NA	0	0	0	0	0	0	7	7	8	8	36	Hypnozoite	0	Asexual 1	-5.08022035467608	-6.03332978356282	-8.42651511702338	-2.9736555868169	1.34614201143318	4.38784101790046	-12.907172645302	-3.25807144869662	1.17156029193769	-10.4022270641232	-3.23935126596813	1.16454168666234	-12.7986674134189	-12.1670533511947	-7.26666991128017
610_AATAGAGCACTTGAAC	0	0	36093191	SRR19573610	Ruberto2022_1	4	2022	Cambodia_Mondulkiri	10x_Chomium_V3	HiSeq X Ten	infected hepatocyte	BioIVT:BGW	Infected host hepatocytes	Liver stage	Cambodia field isolate	5	None	2	610_AATAGAGCACTTGAAC	Hypnozoite	NA	NA	NA	0	0	4	5	6	6	8	8	9	9	36	Hypnozoite	6	Asexual 5	-5.08088554251177	-6.04278594124714	-8.42506362471381	-3.1380831056615	1.21194441869789	4.66490867918586	-12.907172645302	-3.25807144869662	1.17156029193769	-10.4029298771127	-3.23953188413004	1.16462198496768	-13.9124373112859	-15.9722594247418	-7.56065587247678
610_AATCGTGCAACAGAGC	0	0	36093191	SRR19573610	Ruberto2022_1	4	2022	Cambodia_Mondulkiri	10x_Chomium_V3	HiSeq X Ten	infected hepatocyte	BioIVT:BGW	Infected host hepatocytes	Liver stage	Cambodia field isolate	5	None	2	610_AATCGTGCAACAGAGC	Hypnozoite	NA	NA	NA	0	0	4	5	6	6	8	8	9	9	36	Hypnozoite	6	Asexual 5	-5.07390321600421	-6.03655797112385	-8.42592574629584	-2.87509787616932	1.1054875428968	4.6722791511402	-12.907172645302	-3.25807144869662	1.17156029193769	-10.4028885255264	-3.23951338397801	1.16460468838023	-14.3608146483687	-15.8625023988221	-8.27224381772339
610_AATCGTGCAGGCTATT	0	0	36093191	SRR19573610	Ruberto2022_1	4	2022	Cambodia_Mondulkiri	10x_Chomium_V3	HiSeq X Ten	infected hepatocyte	BioIVT:BGW	Infected host hepatocytes	Liver stage	Cambodia field isolate	5	None	2	610_AATCGTGCAGGCTATT	Hypnozoite	NA	NA	NA	2	4	6	7	9	8	11	10	10	10	36	Hypnozoite	9	Asexual 8	-5.07340539801104	-6.05795699227253	-8.44006682905951	-2.99030578670704	1.05186815813118	4.79516580885505	-12.907172645302	-3.25807144869662	1.17156029193769	-10.4025334969802	-3.23943574340568	1.16458519950609	20.471943539241	-2.6689433778764	-16.1726581573711
610_AATCGTGGTCCAACGC	0	0	36093191	SRR19573610	Ruberto2022_1	4	2022	Cambodia_Mondulkiri	10x_Chomium_V3	HiSeq X Ten	infected hepatocyte	BioIVT:BGW	Infected host hepatocytes	Liver stage	Cambodia field isolate	5	None	2	610_AATCGTGGTCCAACGC	Hypnozoite	NA	NA	NA	0	0	4	5	6	6	8	8	9	9	36	Hypnozoite	6	Asexual 5	-5.07329381811602	-6.05136662590901	-8.43706847700873	-2.9577533060094	1.04447455957466	4.80701330488776	-12.907172645302	-3.25807144869662	1.17156029193769	-10.4028406363559	-3.2395041291941	1.16460522303601	-15.2046752260458	-15.9000165151917	-9.49946977249033
610_AATTCCTTCCATTTAC	0	0	36093191	SRR19573610	Ruberto2022_1	4	2022	Cambodia_Mondulkiri	10x_Chomium_V3	HiSeq X Ten	infected hepatocyte	BioIVT:BGW	Infected host hepatocytes	Liver stage	Cambodia field isolate	5	None	2	610_AATTCCTTCCATTTAC	Hypnozoite	NA	NA	NA	0	0	0	0	10	10	7	7	8	8	36	Hypnozoite	10	Asexual 9	-5.06352485525592	-6.03826838601033	-8.43952418837348	-3.10620821056568	1.0053830917173	4.93912866896247	-12.907172645302	-3.25807144869662	1.17156029193769	-10.4024268953955	-3.23940804262722	1.16457399505202	-13.056526879435	-17.7542197795977	-14.4435992759139
610_ACAAAGATCCCTGGTT	0	0	36093191	SRR19573610	Ruberto2022_1	4	2022	Cambodia_Mondulkiri	10x_Chomium_V3	HiSeq X Ten	infected hepatocyte	BioIVT:BGW	Infected host hepatocytes	Liver stage	Cambodia field isolate	5	None	2	610_ACAAAGATCCCTGGTT	Hypnozoite	NA	NA	NA	2	4	6	7	9	8	11	10	10	10	36	Hypnozoite	9	Asexual 8	-5.07869542944415	-6.05845194924275	-8.42694522414008	-2.94157589016163	0.987470346241527	4.83618906324958	-12.907172645302	-3.25807144869662	1.17156029193769	-10.4025340991552	-3.23943591052232	1.16458527311238	20.4740834667454	-2.66435640728014	-16.171342881014
610_ACAAGCTCATCATTTC	0	0	36093191	SRR19573610	Ruberto2022_1	4	2022	Cambodia_Mondulkiri	10x_Chomium_V3	HiSeq X Ten	infected hepatocyte	BioIVT:BGW	Infected host hepatocytes	Liver stage	Cambodia field isolate	5	None	2	610_ACAAGCTCATCATTTC	Hypnozoite	NA	NA	NA	8	11	11	13	14	15	17	15	15	16	36	Hypnozoite	14	Asexual 13	-5.06962694036944	-6.05210047829548	-8.4399905351142	-2.90443099079334	1.27062745645576	4.49468305891608	-12.907172645302	-3.25807144869662	1.17156029193769	-10.4025585491596	-3.23943130729336	1.1645749861684	-0.748342903455444	-28.4454097200337	-4.19711286692388
610_ACACGCGGTGAGGATC	0	0	36093191	SRR19573610	Ruberto2022_1	4	2022	Cambodia_Mondulkiri	10x_Chomium_V3	HiSeq X Ten	infected hepatocyte	BioIVT:BGW	Infected host hepatocytes	Liver stage	Cambodia field isolate	5	None	2	610_ACACGCGGTGAGGATC	Schizont	NA	NA	NA	0	0	0	8	0	9	7	7	8	8	36	Schizont (Liver stage)	0	Asexual 1	-5.05248226034625	-6.0562894927303	-8.45399238142767	-3.02976906833851	1.36424060419136	4.34514931028937	-12.907172645302	-3.25807144869662	1.17156029193769	-10.4023941535653	-3.23939693069746	1.16456262624129	-13.0998721631627	-11.4851044862314	-8.71702524891779
610_ACAGAAATCGCGGTAC	0	0	36093191	SRR19573610	Ruberto2022_1	4	2022	Cambodia_Mondulkiri	10x_Chomium_V3	HiSeq X Ten	infected hepatocyte	BioIVT:BGW	Infected host hepatocytes	Liver stage	Cambodia field isolate	5	None	2	610_ACAGAAATCGCGGTAC	Hypnozoite	NA	NA	NA	7	10	12	14	16	16	16	14	17	15	36	Hypnozoite	16	Asexual 15	-5.06175626623614	-6.0484712706844	-8.44272090468207	-3.17653739986622	1.29480918005043	4.63361337965583	-12.907172645302	-3.25807144869662	1.17156029193769	-10.4026205447783	-3.23945902878347	1.16460154239975	-4.92139994298679	-10.679597504736	-22.4788848486532
610_ACAGGGACAGGAATCG	0	0	36093191	SRR19573610	Ruberto2022_1	4	2022	Cambodia_Mondulkiri	10x_Chomium_V3	HiSeq X Ten	infected hepatocyte	BioIVT:BGW	Infected host hepatocytes	Liver stage	Cambodia field isolate	5	None	2	610_ACAGGGACAGGAATCG	Hypnozoite	NA	NA	NA	10	12	15	17	18	18	19	19	19	18	36	Hypnozoite	18	Asexual 17	-5.07538427221759	-6.06368857491413	-8.4432225373725	-3.12375915584766	1.04287226751381	4.96036270445441	-12.907172645302	-3.25807144869662	1.17156029193769	-10.4026088818526	-3.2394480707025	1.16458163612122	-5.87119234089309	-8.78640868679891	-23.8902376777005
610_ACATCGAGTGGAACCA	1	1	36093191	SRR19573610	Ruberto2022_1	4	2022	Cambodia_Mondulkiri	10x_Chomium_V3	HiSeq X Ten	infected hepatocyte	BioIVT:BGW	Infected host hepatocytes	Liver stage	Cambodia field isolate	5	None	2	610_ACATCGAGTGGAACCA	Hypnozoite	NA	NA	NA	0	0	4	5	6	6	8	8	9	9	36	Hypnozoite	6	Asexual 5	-5.05771221029742	-6.05107289421955	-8.44805671248236	-3.27316654262745	1.25480528429084	4.69296863859748	-12.907172645302	-3.25807144869662	1.17156029193769	-10.4029295536642	-3.23953179521791	1.16462194718758	-13.9145475312373	-15.9715932726644	-7.56220351259008
610_ACATTTCCAGCGTGCT	0	0	36093191	SRR19573610	Ruberto2022_1	4	2022	Cambodia_Mondulkiri	10x_Chomium_V3	HiSeq X Ten	infected hepatocyte	BioIVT:BGW	Infected host hepatocytes	Liver stage	Cambodia field isolate	5	None	2	610_ACATTTCCAGCGTGCT	Hypnozoite	NA	NA	NA	2	4	6	7	9	8	11	10	10	10	36	Hypnozoite	9	Asexual 8	-5.06889213430865	-6.0628436194698	-8.45016814741889	-2.89353836116993	0.973242359905773	4.77939489668464	-12.907172645302	-3.25807144869662	1.17156029193769	-10.4025340507377	-3.23943589357091	1.16458526623214	20.4740489702627	-2.66471544965792	-16.171446051702
610_ACCAAACTCTGCGGAC	0	0	36093191	SRR19573610	Ruberto2022_1	4	2022	Cambodia_Mondulkiri	10x_Chomium_V3	HiSeq X Ten	infected hepatocyte	BioIVT:BGW	Infected host hepatocytes	Liver stage	Cambodia field isolate	5	None	2	610_ACCAAACTCTGCGGAC	Hypnozoite	NA	NA	NA	6	8	13	15	17	17	18	17	14	17	36	Hypnozoite	17	Asexual 16	-5.07050861227496	-6.07499390709797	-8.45460845503607	-2.84048283634388	0.999486285000378	4.71370580977058	-12.907172645302	-3.25807144869662	1.17156029193769	-10.4025004067596	-3.23943081335576	1.16458814009542	-7.12138496361446	-23.4814083823666	-10.8694570332029
610_ACCAACAAGCATGAAT	0	0	36093191	SRR19573610	Ruberto2022_1	4	2022	Cambodia_Mondulkiri	10x_Chomium_V3	HiSeq X Ten	infected hepatocyte	BioIVT:BGW	Infected host hepatocytes	Liver stage	Cambodia field isolate	5	None	2	610_ACCAACAAGCATGAAT	Hypnozoite	NA	NA	NA	0	0	0	8	0	9	7	7	8	8	36	Hypnozoite	0	Asexual 1	-5.05187858450396	-6.06865769493977	-8.46369983229437	-3.04926431713306	1.31554098680549	4.37575319594001	-12.907172645302	-3.25807144869662	1.17156029193769	-10.4023939601107	-3.23939687798021	1.16456260281251	-13.1017353301022	-11.5344528882302	-8.62717684681291
610_ACCACAAGTGAATGTA	0	0	36093191	SRR19573610	Ruberto2022_1	4	2022	Cambodia_Mondulkiri	10x_Chomium_V3	HiSeq X Ten	infected hepatocyte	BioIVT:BGW	Infected host hepatocytes	Liver stage	Cambodia field isolate	5	None	2	610_ACCACAAGTGAATGTA	Schizont	NA	NA	NA	4	7	9	11	13	12	14	13	13	13	36	Schizont (Liver stage)	13	Asexual 12	-5.06546272146685	-6.0753963576595	-8.45857383284369	-2.95469654140674	1.22250230863624	4.59143474882697	-12.907172645302	-3.25807144869662	1.17156029193769	-10.4025534570722	-3.2394345658795	1.16457750735031	-0.340227617822623	-28.9482564520922	-3.74490393116892
610_ACCCTCAAGGGCAATC	0	0	36093191	SRR19573610	Ruberto2022_1	4	2022	Cambodia_Mondulkiri	10x_Chomium_V3	HiSeq X Ten	infected hepatocyte	BioIVT:BGW	Infected host hepatocytes	Liver stage	Cambodia field isolate	5	None	2	610_ACCCTCAAGGGCAATC	Hypnozoite	NA	NA	NA	10	12	15	17	18	18	19	19	19	18	36	Hypnozoite	18	Asexual 17	-5.04485906469805	-6.05759745705525	-8.46185828718939	-3.1248003297826	1.05053039148384	4.94871548002814	-12.907172645302	-3.25807144869662	1.17156029193769	-10.4026091800717	-3.23944815149459	1.16458167173065	-5.87106483284784	-8.78648764819589	-23.8903511227455
610_ACCGTTCTCTTAGCCC	0	0	36093191	SRR19573610	Ruberto2022_1	4	2022	Cambodia_Mondulkiri	10x_Chomium_V3	HiSeq X Ten	infected hepatocyte	BioIVT:BGW	Infected host hepatocytes	Liver stage	Cambodia field isolate	5	None	2	610_ACCGTTCTCTTAGCCC	Schizont	NA	NA	NA	0	0	0	0	0	0	7	7	8	8	36	Schizont (Liver stage)	0	Asexual 1	-5.04423488485797	-6.10060912239949	-8.48957587752142	-3.01488936481678	1.24630590036445	4.58391311949348	-12.907172645302	-3.25807144869662	1.17156029193769	-10.4023721700582	-3.23938657138476	1.16455582143184	-13.4459210353149	-11.900864359651	-7.58902085227144
610_ACCTGTCTCACAGTGT	0	0	36093191	SRR19573610	Ruberto2022_1	4	2022	Cambodia_Mondulkiri	10x_Chomium_V3	HiSeq X Ten	infected hepatocyte	BioIVT:BGW	Infected host hepatocytes	Liver stage	Cambodia field isolate	5	None	2	610_ACCTGTCTCACAGTGT	Hypnozoite	NA	NA	NA	0	0	4	5	6	6	8	8	9	9	36	Hypnozoite	6	Asexual 5	-5.05923379766925	-6.0678279982845	-8.45044471297064	-2.88863599834644	1.14349051073127	4.65255144423103	-12.907172645302	-3.25807144869662	1.17156029193769	-10.4028890036343	-3.23951351291389	1.16460474457097	-14.3559617316297	-15.8637551600836	-8.26540920209835
610_ACGCACGCACGGCGTT	0	0	36093191	SRR19573610	Ruberto2022_1	4	2022	Cambodia_Mondulkiri	10x_Chomium_V3	HiSeq X Ten	infected hepatocyte	BioIVT:BGW	Infected host hepatocytes	Liver stage	Cambodia field isolate	5	None	2	610_ACGCACGCACGGCGTT	Hypnozoite	NA	NA	NA	3	5	7	9	11	11	12	11	11	11	36	Hypnozoite	11	Asexual 10	-5.05389131414874	-6.07872563469807	-8.46350146803656	-3.08322418270313	0.980115490704113	4.97840669935798	-12.907172645302	-3.25807144869662	1.17156029193769	-10.4025245344294	-3.23943826526217	1.16459148787977	-5.96281601410699	-22.5428486651324	-11.796958342853
610_ACGGGTCCAGTTCACA	0	0	36093191	SRR19573610	Ruberto2022_1	4	2022	Cambodia_Mondulkiri	10x_Chomium_V3	HiSeq X Ten	infected hepatocyte	BioIVT:BGW	Infected host hepatocytes	Liver stage	Cambodia field isolate	5	None	2	610_ACGGGTCCAGTTCACA	Schizont	NA	NA	NA	2	4	6	7	9	8	11	10	10	10	36	Schizont (Liver stage)	9	Asexual 8	-5.03409494268878	-6.06837588417927	-8.47692920241156	-3.12454069194996	0.952445524483257	4.96467808073615	-12.907172645302	-3.25807144869662	1.17156029193769	-10.4025351569002	-3.23943619296238	1.16458540072461	20.4779014114637	-2.65629308429654	-16.1690780401452
610_ACGGGTCGTTCAGTAC	0	0	36093191	SRR19573610	Ruberto2022_1	4	2022	Cambodia_Mondulkiri	10x_Chomium_V3	HiSeq X Ten	infected hepatocyte	BioIVT:BGW	Infected host hepatocytes	Liver stage	Cambodia field isolate	5	None	2	610_ACGGGTCGTTCAGTAC	Schizont	NA	NA	NA	3	5	7	9	11	11	12	11	11	11	36	Schizont (Liver stage)	11	Asexual 10	-5.0172363649605	-6.08436089623372	-8.49320270094672	-3.07795513210498	1.04345090940528	4.93181351011848	-12.907172645302	-3.25807144869662	1.17156029193769	-10.4025246268957	-3.23943829115391	1.16459149943033	-5.962694194873	-22.5428780909878	-11.7970406561695
610_ACGGTCGCATAGCACT	0	0	36093191	SRR19573610	Ruberto2022_1	4	2022	Cambodia_Mondulkiri	10x_Chomium_V3	HiSeq X Ten	infected hepatocyte	BioIVT:BGW	Infected host hepatocytes	Liver stage	Cambodia field isolate	5	None	2	610_ACGGTCGCATAGCACT	Hypnozoite	NA	NA	NA	7	10	12	14	16	16	16	14	17	15	36	Hypnozoite	16	Asexual 15	-5.02870525228961	-6.08213311303059	-8.49059344801703	-3.22186005649769	1.24374600008064	4.72205093687629	-12.907172645302	-3.25807144869662	1.17156029193769	-10.4026211104062	-3.23945917933875	1.16460161112807	-4.91609347566158	-10.6791877249393	-22.4813170533112
610_ACGGTCGTCGTGTCAA	0	0	36093191	SRR19573610	Ruberto2022_1	4	2022	Cambodia_Mondulkiri	10x_Chomium_V3	HiSeq X Ten	infected hepatocyte	BioIVT:BGW	Infected host hepatocytes	Liver stage	Cambodia field isolate	5	None	2	610_ACGGTCGTCGTGTCAA	Hypnozoite	NA	NA	NA	4	7	9	11	13	12	14	13	13	13	36	Hypnozoite	13	Asexual 12	-5.02682889807208	-6.06592923272053	-8.4803376344184	-2.97918570575916	1.2186843927198	4.59103039091682	-12.907172645302	-3.25807144869662	1.17156029193769	-10.4025531415823	-3.23943447872514	1.16457746996268	-0.340286416049947	-28.9481843169799	-3.74496899337897
610_ACGTACACAACCGCTG	0	0	36093191	SRR19573610	Ruberto2022_1	4	2022	Cambodia_Mondulkiri	10x_Chomium_V3	HiSeq X Ten	infected hepatocyte	BioIVT:BGW	Infected host hepatocytes	Liver stage	Cambodia field isolate	5	None	2	610_ACGTACACAACCGCTG	Hypnozoite	NA	NA	NA	0	0	4	5	6	6	8	8	9	9	36	Hypnozoite	6	Asexual 5	-5.02301849234088	-6.0658052550594	-8.48279143843451	-3.13791049061023	1.21131356313758	4.67035702055549	-12.907172645302	-3.25807144869662	1.17156029193769	-10.4029298557142	-3.23953187677996	1.16462198288704	-13.9135189055462	-15.9721417236262	-7.56137549059125
610_ACGTACAGTTATAGAG	0	0	36093191	SRR19573610	Ruberto2022_1	4	2022	Cambodia_Mondulkiri	10x_Chomium_V3	HiSeq X Ten	infected hepatocyte	BioIVT:BGW	Infected host hepatocytes	Liver stage	Cambodia field isolate	5	None	2	610_ACGTACAGTTATAGAG	Schizont	NA	NA	NA	11	13	14	16	19	19	20	18	18	19	36	Schizont (Liver stage)	19	Asexual 18	-5.02569259512408	-6.07375937569538	-8.48973895582953	-2.92425740299427	1.01874287679725	4.7720859367237	-12.907172645302	-3.25807144869662	1.17156029193769	-10.4025317503825	-3.23943283088571	1.16458523489804	20.0267038079855	-3.68085576123819	-16.4618205208112
610_ACTATCTTCATTTCGT	0	0	36093191	SRR19573610	Ruberto2022_1	4	2022	Cambodia_Mondulkiri	10x_Chomium_V3	HiSeq X Ten	infected hepatocyte	BioIVT:BGW	Infected host hepatocytes	Liver stage	Cambodia field isolate	5	None	2	610_ACTATCTTCATTTCGT	Hypnozoite	NA	NA	NA	9	9	10	12	15	14	15	16	16	14	36	Hypnozoite	15	Asexual 14	-5.01072515356524	-6.06923657524983	-8.49463702711859	-2.99682415065967	1.1729901607328	4.66589763945197	-12.907172645302	-3.25807144869662	1.17156029193769	-10.4025851638384	-3.23945282372386	1.16459858824476	-7.23137131272891	-10.8570690984989	-22.2814903981192
610_ACTCTCGTCACTACGA	0	0	36093191	SRR19573610	Ruberto2022_1	4	2022	Cambodia_Mondulkiri	10x_Chomium_V3	HiSeq X Ten	infected hepatocyte	BioIVT:BGW	Infected host hepatocytes	Liver stage	Cambodia field isolate	5	None	2	610_ACTCTCGTCACTACGA	Schizont	NA	NA	NA	5	6	8	10	12	13	13	12	12	12	36	Schizont (Liver stage)	12	Asexual 11	-5.01489938604815	-6.06876307595173	-8.49121333632269	-3.10152519283497	1.13670654848152	4.82807424849128	-12.907172645302	-3.25807144869662	1.17156029193769	-10.4027313010805	-3.23947942997537	1.16459020343181	11.817416997482	-11.5667938338346	-21.1522984196101
610_ACTGATGTCTGACCCT	0	0	36093191	SRR19573610	Ruberto2022_1	4	2022	Cambodia_Mondulkiri	10x_Chomium_V3	HiSeq X Ten	infected hepatocyte	BioIVT:BGW	Infected host hepatocytes	Liver stage	Cambodia field isolate	5	None	2	610_ACTGATGTCTGACCCT	Hypnozoite	NA	NA	NA	0	0	4	5	6	6	8	8	9	9	36	Hypnozoite	6	Asexual 5	-5.01212991583331	-6.07269698250691	-8.49577952894965	-2.92796862659656	1.00366063669258	4.81697395628547	-12.907172645302	-3.25807144869662	1.17156029193769	-10.402841451127	-3.23950434910229	1.16460531968888	-15.1624081161759	-15.8949545350008	-9.44900453667352
610_ACTGCAATCAGAGTGG	0	0	36093191	SRR19573610	Ruberto2022_1	4	2022	Cambodia_Mondulkiri	10x_Chomium_V3	HiSeq X Ten	infected hepatocyte	BioIVT:BGW	Infected host hepatocytes	Liver stage	Cambodia field isolate	5	None	2	610_ACTGCAATCAGAGTGG	Hypnozoite	NA	NA	NA	2	4	6	7	9	8	11	10	10	10	36	Hypnozoite	9	Asexual 8	-5.01862729895098	-6.0709527121822	-8.49252463850775	-2.95075023708545	0.979737239628368	4.84687021559333	-12.907172645302	-3.25807144869662	1.17156029193769	-10.4025343766293	-3.23943598190514	1.16458530590544	20.4748582096937	-2.66273280253633	-16.1708792619494
610_ACTGTCCGTGCACGCT	0	0	36093191	SRR19573610	Ruberto2022_1	4	2022	Cambodia_Mondulkiri	10x_Chomium_V3	HiSeq X Ten	infected hepatocyte	BioIVT:BGW	Infected host hepatocytes	Liver stage	Cambodia field isolate	5	None	2	610_ACTGTCCGTGCACGCT	Hypnozoite	NA	NA	NA	0	0	4	5	6	6	8	8	9	9	36	Hypnozoite	6	Asexual 5	-5.02212633001788	-6.09106999504963	-8.50400592360297	-2.91231954632007	1.14304669454628	4.65193298643684	-12.907172645302	-3.25807144869662	1.17156029193769	-10.4028890537807	-3.23951353025916	1.16460475149165	-14.347199298588	-15.8655490813974	-8.25700374073952
610_ACTTAGGCACTTCAGA	0	0	36093191	SRR19573610	Ruberto2022_1	4	2022	Cambodia_Mondulkiri	10x_Chomium_V3	HiSeq X Ten	infected hepatocyte	BioIVT:BGW	Infected host hepatocytes	Liver stage	Cambodia field isolate	5	None	2	610_ACTTAGGCACTTCAGA	Hypnozoite	NA	NA	NA	2	4	6	7	9	8	11	10	10	10	36	Hypnozoite	9	Asexual 8	-5.01580776083453	-6.08429795372883	-8.50140811476508	-2.97630584774219	1.0689291532331	4.7801859695301	-12.907172645302	-3.25807144869662	1.17156029193769	-10.4025334948658	-3.23943574282673	1.1645851992508	20.4718639600614	-2.66895798571915	-16.1726632588264
610_ACTTATCCAAATCAGA	0	0	36093191	SRR19573610	Ruberto2022_1	4	2022	Cambodia_Mondulkiri	10x_Chomium_V3	HiSeq X Ten	infected hepatocyte	BioIVT:BGW	Infected host hepatocytes	Liver stage	Cambodia field isolate	5	None	2	610_ACTTATCCAAATCAGA	Hypnozoite	NA	NA	NA	0	0	0	8	0	9	7	7	8	8	36	Hypnozoite	0	Asexual 1	-5.02327216970904	-6.09437352288166	-8.502595439289	-3.05226719913685	1.31418605402046	4.41997412031745	-12.907172645302	-3.25807144869662	1.17156029193769	-10.4023939691171	-3.23939688016165	1.16456260427979	-13.1035773908944	-11.5233754260404	-8.64523320359734
610_ACTTATCTCTAGGCAT	0	0	36093191	SRR19573610	Ruberto2022_1	4	2022	Cambodia_Mondulkiri	10x_Chomium_V3	HiSeq X Ten	infected hepatocyte	BioIVT:BGW	Infected host hepatocytes	Liver stage	Cambodia field isolate	5	None	2	610_ACTTATCTCTAGGCAT	Hypnozoite	NA	NA	NA	0	0	4	5	6	6	8	8	9	9	36	Hypnozoite	6	Asexual 5	-5.01506437170489	-6.09960824120442	-8.51405478987494	-3.12362278042041	1.26803060129219	4.55838135069465	-12.907172645302	-3.25807144869662	1.17156029193769	-10.4029293051696	-3.23953172996046	1.16462191744206	-13.917250308205	-15.9742349684259	-7.56846926128598
610_ACTTATCTCTGTAAGC	0	0	36093191	SRR19573610	Ruberto2022_1	4	2022	Cambodia_Mondulkiri	10x_Chomium_V3	HiSeq X Ten	infected hepatocyte	BioIVT:BGW	Infected host hepatocytes	Liver stage	Cambodia field isolate	5	None	2	610_ACTTATCTCTGTAAGC	Schizont	NA	NA	NA	8	11	11	13	14	15	17	15	15	16	36	Schizont (Liver stage)	14	Asexual 13	-4.99032081472857	-6.08374577629963	-8.51952697310248	-2.8612915330907	1.19313676908546	4.55228164976691	-12.907172645302	-3.25807144869662	1.17156029193769	-10.4025583999496	-3.23943126183082	1.16457496722696	-0.749080729926858	-28.4443973498363	-4.1973180243543
610_ACTTCCGAGCGGACAT	0	0	36093191	SRR19573610	Ruberto2022_1	4	2022	Cambodia_Mondulkiri	10x_Chomium_V3	HiSeq X Ten	infected hepatocyte	BioIVT:BGW	Infected host hepatocytes	Liver stage	Cambodia field isolate	5	None	2	610_ACTTCCGAGCGGACAT	Schizont	NA	NA	NA	0	0	4	5	6	6	8	8	9	9	36	Schizont (Liver stage)	6	Asexual 5	-4.9699598680733	-6.10000210869709	-8.54958297285834	-2.93349826870166	1.01316376283699	4.81249168699836	-12.907172645302	-3.25807144869662	1.17156029193769	-10.4028412589139	-3.23950429767889	1.16460529702731	-15.2031961383309	-15.8989896193756	-9.49883729101751
610_ACTTCGCCAACATACC	0	0	36093191	SRR19573610	Ruberto2022_1	4	2022	Cambodia_Mondulkiri	10x_Chomium_V3	HiSeq X Ten	infected hepatocyte	BioIVT:BGW	Infected host hepatocytes	Liver stage	Cambodia field isolate	5	None	2	610_ACTTCGCCAACATACC	Hypnozoite	NA	NA	NA	0	0	0	0	0	0	7	7	8	8	36	Hypnozoite	0	Asexual 1	-4.99283422338946	-6.08277779686848	-8.51750709090033	-3.01798236904346	1.19862504556709	4.63179806059455	-12.907172645302	-3.25807144869662	1.17156029193769	-10.4022279059371	-3.23935149493332	1.16454179021974	-12.8053809987459	-12.1647162718069	-7.27969182599412
610_ACTTTCAGTCAACCTA	0	0	36093191	SRR19573610	Ruberto2022_1	4	2022	Cambodia_Mondulkiri	10x_Chomium_V3	HiSeq X Ten	infected hepatocyte	BioIVT:BGW	Infected host hepatocytes	Liver stage	Cambodia field isolate	5	None	2	610_ACTTTCAGTCAACCTA	Hypnozoite	NA	NA	NA	4	7	9	11	13	12	14	13	13	13	36	Hypnozoite	13	Asexual 12	-4.98800529348834	-6.07751637566487	-8.51746036085883	-3.02508676586353	1.15264792993599	4.71666935270881	-12.907172645302	-3.25807144869662	1.17156029193769	-10.4025529481793	-3.23943442818099	1.16457744650019	-0.340460166183148	-28.9477504613313	-3.7450274342116
610_ACTTTCAGTTGGCCGT	0	0	36093191	SRR19573610	Ruberto2022_1	4	2022	Cambodia_Mondulkiri	10x_Chomium_V3	HiSeq X Ten	infected hepatocyte	BioIVT:BGW	Infected host hepatocytes	Liver stage	Cambodia field isolate	5	None	2	610_ACTTTCAGTTGGCCGT	Schizont	NA	NA	NA	7	10	12	14	16	16	16	14	17	15	36	Schizont (Liver stage)	16	Asexual 15	-5.00632156240924	-6.10220605004231	-8.51293136153021	-3.11889589367115	1.19804521158271	4.67654350584602	-12.907172645302	-3.25807144869662	1.17156029193769	-10.4026206492397	-3.2394590535315	1.16460155530322	-4.92030065375467	-10.6794807818789	-22.4793715857061
610_AGAACAATCGAGAAGC	0	0	36093191	SRR19573610	Ruberto2022_1	4	2022	Cambodia_Mondulkiri	10x_Chomium_V3	HiSeq X Ten	infected hepatocyte	BioIVT:BGW	Infected host hepatocytes	Liver stage	Cambodia field isolate	5	None	2	610_AGAACAATCGAGAAGC	Hypnozoite	NA	NA	NA	0	0	4	5	6	6	8	8	9	9	36	Hypnozoite	6	Asexual 5	-4.98939145910723	-6.09210473168293	-8.52626277479926	-2.99724209842884	1.06533845022255	4.82809093779182	-12.907172645302	-3.25807144869662	1.17156029193769	-10.4028406917679	-3.23950414237797	1.16460522983379	-15.2050359476794	-15.8989419202413	-9.4988733910402
610_AGACAAACAGTCTCTC	0	0	36093191	SRR19573610	Ruberto2022_1	4	2022	Cambodia_Mondulkiri	10x_Chomium_V3	HiSeq X Ten	infected hepatocyte	BioIVT:BGW	Infected host hepatocytes	Liver stage	Cambodia field isolate	5	None	2	610_AGACAAACAGTCTCTC	Schizont	NA	NA	NA	0	0	0	8	0	9	7	7	8	8	36	Schizont (Liver stage)	0	Asexual 1	-4.98271526205523	-6.08478766549031	-8.53034450087348	-3.0518182569524	1.30351539209419	4.47464159315681	-12.907172645302	-3.25807144869662	1.17156029193769	-10.4023934217429	-3.23939673021713	1.16456253771608	-13.0968226358495	-11.579785246015	-8.53440140804235
610_AGAGAATCATACAGCT	0	0	36093191	SRR19573610	Ruberto2022_1	4	2022	Cambodia_Mondulkiri	10x_Chomium_V3	HiSeq X Ten	infected hepatocyte	BioIVT:BGW	Infected host hepatocytes	Liver stage	Cambodia field isolate	5	None	2	610_AGAGAATCATACAGCT	Hypnozoite	NA	NA	NA	9	9	10	12	15	14	15	16	16	14	36	Hypnozoite	15	Asexual 14	-4.97468341696246	-6.08093863594929	-8.52790595564642	-3.07120264110767	1.17199166372352	4.82107094114875	-12.907172645302	-3.25807144869662	1.17156029193769	-10.402583771003	-3.23945244634473	1.16459841960064	-7.2316928397535	-10.857284354929	-22.2820255703241
610_AGATGAAAGAGGCCAT	0	0	36093191	SRR19573610	Ruberto2022_1	4	2022	Cambodia_Mondulkiri	10x_Chomium_V3	HiSeq X Ten	infected hepatocyte	BioIVT:BGW	Infected host hepatocytes	Liver stage	Cambodia field isolate	5	None	2	610_AGATGAAAGAGGCCAT	Hypnozoite	NA	NA	NA	9	9	10	12	15	14	15	16	16	14	36	Hypnozoite	15	Asexual 14	-4.9771882425545	-6.09789115059773	-8.53886939558783	-3.12528455791675	1.22514899328285	4.73053148573493	-12.907172645302	-3.25807144869662	1.17156029193769	-10.4025837697947	-3.23945244601466	1.16459841945421	-7.23167340942815	-10.8573827260771	-22.2820255092425
610_AGATGCTAGGTACTGG	0	0	36093191	SRR19573610	Ruberto2022_1	4	2022	Cambodia_Mondulkiri	10x_Chomium_V3	HiSeq X Ten	infected hepatocyte	BioIVT:BGW	Infected host hepatocytes	Liver stage	Cambodia field isolate	5	None	2	610_AGATGCTAGGTACTGG	Hypnozoite	NA	NA	NA	0	0	0	0	0	0	7	7	8	8	36	Hypnozoite	0	Asexual 1	-4.96158279287799	-6.08075648415486	-8.54010345015326	-2.89378059444629	1.01608403280311	4.76451233213996	-12.907172645302	-3.25807144869662	1.17156029193769	-10.4023715723621	-3.23938641052127	1.16455574901819	-13.4358676174453	-11.9006019162705	-7.58356966514477
610_AGCATCAAGTACAGCG	0	0	36093191	SRR19573610	Ruberto2022_1	4	2022	Cambodia_Mondulkiri	10x_Chomium_V3	HiSeq X Ten	infected hepatocyte	BioIVT:BGW	Infected host hepatocytes	Liver stage	Cambodia field isolate	5	None	2	610_AGCATCAAGTACAGCG	Hypnozoite	NA	NA	NA	0	0	0	0	0	0	7	7	8	8	36	Hypnozoite	0	Asexual 1	-4.96078313696368	-6.0858305083553	-8.54261352095404	-2.96638572750293	1.31386871889167	4.41716316526984	-12.907172645302	-3.25807144869662	1.17156029193769	-10.402227026317	-3.23935125409391	1.16454168216911	-12.7994435853302	-12.1671951721983	-7.26682361510131
610_AGCCAATCAGTTGTCA	0	0	36093191	SRR19573610	Ruberto2022_1	4	2022	Cambodia_Mondulkiri	10x_Chomium_V3	HiSeq X Ten	infected hepatocyte	BioIVT:BGW	Infected host hepatocytes	Liver stage	Cambodia field isolate	5	None	2	610_AGCCAATCAGTTGTCA	Hypnozoite	NA	NA	NA	6	8	13	15	17	17	18	17	14	17	36	Hypnozoite	17	Asexual 16	-4.98398984777911	-6.10511809456746	-8.54469634566107	-2.90105593738758	1.07155509546333	4.76896646803474	-12.907172645302	-3.25807144869662	1.17156029193769	-10.402501253598	-3.2394310449123	1.16458824384301	-7.1202056060485	-23.4825427350594	-10.8709083609016
610_AGCGCTGCAACGGGTA	0	0	36093191	SRR19573610	Ruberto2022_1	4	2022	Cambodia_Mondulkiri	10x_Chomium_V3	HiSeq X Ten	infected hepatocyte	BioIVT:BGW	Infected host hepatocytes	Liver stage	Cambodia field isolate	5	None	2	610_AGCGCTGCAACGGGTA	Hypnozoite	NA	NA	NA	0	0	0	8	0	9	7	7	8	8	36	Hypnozoite	0	Asexual 1	-4.96255315649493	-6.07945281136433	-8.53765918288031	-3.01611340580188	1.36755366876655	4.34829977339362	-12.907172645302	-3.25807144869662	1.17156029193769	-10.4023944728056	-3.23939701879396	1.16456266568525	-13.1004307203911	-11.4674269807682	-8.7509875272818
610_AGCGCTGCAGCTAACT	0	0	36093191	SRR19573610	Ruberto2022_1	4	2022	Cambodia_Mondulkiri	10x_Chomium_V3	HiSeq X Ten	infected hepatocyte	BioIVT:BGW	Infected host hepatocytes	Liver stage	Cambodia field isolate	5	None	2	610_AGCGCTGCAGCTAACT	Schizont	NA	NA	NA	0	0	0	0	10	10	7	7	8	8	36	Schizont (Liver stage)	10	Asexual 9	-4.95995344030841	-6.07963877785603	-8.54017974409857	-3.14442909298145	1.12850387647682	4.91319874113654	-12.907172645302	-3.25807144869662	1.17156029193769	-10.4024262649325	-3.23940787171065	1.16457391841724	-13.0559820954513	-17.7524200250042	-14.4398730763425
610_AGCGTATTCGTAGTCA	0	0	36093191	SRR19573610	Ruberto2022_1	4	2022	Cambodia_Mondulkiri	10x_Chomium_V3	HiSeq X Ten	infected hepatocyte	BioIVT:BGW	Infected host hepatocytes	Liver stage	Cambodia field isolate	5	None	2	610_AGCGTATTCGTAGTCA	Hypnozoite	NA	NA	NA	6	8	13	15	17	17	18	17	14	17	36	Hypnozoite	17	Asexual 16	-4.93667138922198	-6.08927374947468	-8.56600429091254	-2.8399201684972	0.969372111111217	4.67997625654792	-12.907172645302	-3.25807144869662	1.17156029193769	-10.4025008883475	-3.23943094248513	1.16458819878744	-7.12094900248307	-23.482461028745	-10.8700436721963
610_AGCGTCGAGCACTTTG	0	0	36093191	SRR19573610	Ruberto2022_1	4	2022	Cambodia_Mondulkiri	10x_Chomium_V3	HiSeq X Ten	infected hepatocyte	BioIVT:BGW	Infected host hepatocytes	Liver stage	Cambodia field isolate	5	None	2	610_AGCGTCGAGCACTTTG	Hypnozoite	NA	NA	NA	8	11	11	13	14	15	17	15	15	16	36	Hypnozoite	14	Asexual 13	-4.93895210134967	-6.08228951561848	-8.55745364699164	-2.88620913562977	1.27213521555	4.50272110289191	-12.907172645302	-3.25807144869662	1.17156029193769	-10.4025582520408	-3.23943122257359	1.16457494934635	-0.74915963103238	-28.4443788534321	-4.19736208045711
610_AGCTACATCTAGAGCT	0	0	36093191	SRR19573610	Ruberto2022_1	4	2022	Cambodia_Mondulkiri	10x_Chomium_V3	HiSeq X Ten	infected hepatocyte	BioIVT:BGW	Infected host hepatocytes	Liver stage	Cambodia field isolate	5	None	2	610_AGCTACATCTAGAGCT	Hypnozoite	NA	NA	NA	7	10	12	14	16	16	16	14	17	15	36	Hypnozoite	16	Asexual 15	-4.96953452932818	-6.10799580681721	-8.55495120558539	-3.17576158580982	1.21767147138649	4.70975044554328	-12.907172645302	-3.25807144869662	1.17156029193769	-10.4026211108977	-3.23945917947375	1.16460161118741	-4.91602978429152	-10.6791873794504	-22.481319066206
610_AGCTCAAGTGCCGTTG	0	0	36093191	SRR19573610	Ruberto2022_1	4	2022	Cambodia_Mondulkiri	10x_Chomium_V3	HiSeq X Ten	infected hepatocyte	BioIVT:BGW	Infected host hepatocytes	Liver stage	Cambodia field isolate	5	None	2	610_AGCTCAAGTGCCGTTG	Hypnozoite	NA	NA	NA	13	15	17	19	21	21	22	21	21	21	36	Hypnozoite	21	Asexual 20	-4.94807351934893	-6.08044510949055	-8.54938365492621	-3.08968914089405	1.21982784822517	4.68887499159431	-12.907172645302	-3.25807144869662	1.17156029193769	-10.4026438092631	-3.23946236678385	1.16460062922816	-4.38159518739169	-10.6685353582922	-22.7166736290789
610_AGCTTCCTCTTTGATC	0	0	36093191	SRR19573610	Ruberto2022_1	4	2022	Cambodia_Mondulkiri	10x_Chomium_V3	HiSeq X Ten	infected hepatocyte	BioIVT:BGW	Infected host hepatocytes	Liver stage	Cambodia field isolate	5	None	2	610_AGCTTCCTCTTTGATC	Schizont	NA	NA	NA	12	14	16	18	20	20	21	20	20	20	36	Schizont (Liver stage)	20	Asexual 19	-4.96559394705279	-6.10368615258137	-8.546052470539	-3.18065393505298	1.22214170053535	4.82886150663947	-12.907172645302	-3.25807144869662	1.17156029193769	-10.402609582871	-3.23945885739693	1.16460301134577	-5.45523257398512	-10.797918088271	-22.1576623593141
610_AGGACGACAAGTATAG	0	0	36093191	SRR19573610	Ruberto2022_1	4	2022	Cambodia_Mondulkiri	10x_Chomium_V3	HiSeq X Ten	infected hepatocyte	BioIVT:BGW	Infected host hepatocytes	Liver stage	Cambodia field isolate	5	None	2	610_AGGACGACAAGTATAG	Hypnozoite	NA	NA	NA	12	14	16	18	20	20	21	20	20	20	36	Hypnozoite	20	Asexual 19	-4.94563068258746	-6.09351140129963	-8.55931331190863	-3.10477746067249	1.24946041658454	4.69196203535651	-12.907172645302	-3.25807144869662	1.17156029193769	-10.4026101910969	-3.23945902846835	1.16460308577481	-5.4511053893484	-10.799016886755	-22.156919335621
610_AGGACGAGTTTCGACA	0	0	36093191	SRR19573610	Ruberto2022_1	4	2022	Cambodia_Mondulkiri	10x_Chomium_V3	HiSeq X Ten	infected hepatocyte	BioIVT:BGW	Infected host hepatocytes	Liver stage	Cambodia field isolate	5	None	2	610_AGGACGAGTTTCGACA	Hypnozoite	NA	NA	NA	7	10	12	14	16	16	16	14	17	15	36	Hypnozoite	16	Asexual 15	-4.93532432425006	-6.08446103203694	-8.55786849531928	-3.30101597843372	1.32940502718025	4.76218965834235	-12.907172645302	-3.25807144869662	1.17156029193769	-10.4026213526984	-3.23945925066151	1.16460164130847	-4.91407336901716	-10.6790337813061	-22.4819052496126
610_AGGATAAGTGTAACGG	64	3	36093191	SRR19573610	Ruberto2022_1	4	2022	Cambodia_Mondulkiri	10x_Chomium_V3	HiSeq X Ten	infected hepatocyte	BioIVT:BGW	Infected host hepatocytes	Liver stage	Cambodia field isolate	5	None	2	610_AGGATAAGTGTAACGG	Hypnozoite	NA	NA	NA	0	0	0	0	0	0	7	7	8	8	36	Hypnozoite	0	Asexual 1	-4.81831373083575	-6.01137000191609	-8.40742255720892	-2.95023501453602	1.79177268102699	3.84752157515143	-12.8852006897587	-3.24245255424203	1.18121639649605	-10.3804337817761	-3.22377595139571	1.17421389743302	-12.9403539488721	-13.0153314296068	-7.36228925917973
610_AGGATAATCTAGCAAC	0	0	36093191	SRR19573610	Ruberto2022_1	4	2022	Cambodia_Mondulkiri	10x_Chomium_V3	HiSeq X Ten	infected hepatocyte	BioIVT:BGW	Infected host hepatocytes	Liver stage	Cambodia field isolate	5	None	2	610_AGGATAATCTAGCAAC	Hypnozoite	NA	NA	NA	0	0	4	5	6	6	8	8	9	9	36	Hypnozoite	6	Asexual 5	-4.93025840628131	-6.08412438500325	-8.56194163832465	-2.92645919857227	1.15452917173439	4.64821461027717	-12.907172645302	-3.25807144869662	1.17156029193769	-10.4028898781328	-3.23951374778639	1.16460484760264	-14.336152074298	-15.8694070582395	-8.24143375881656
610_AGGATCTAGCACGATG	0	0	36093191	SRR19573610	Ruberto2022_1	4	2022	Cambodia_Mondulkiri	10x_Chomium_V3	HiSeq X Ten	infected hepatocyte	BioIVT:BGW	Infected host hepatocytes	Liver stage	Cambodia field isolate	5	None	2	610_AGGATCTAGCACGATG	Hypnozoite	NA	NA	NA	0	0	0	0	0	0	7	7	8	8	36	Hypnozoite	0	Asexual 1	-4.89516652929766	-6.08767586815754	-8.59564925703803	-2.94549978313648	1.08526440218025	4.74076536482429	-12.907172645302	-3.25807144869662	1.17156029193769	-10.4023717136534	-3.23938644686711	1.16455576623585	-13.4387871665623	-11.9005074163319	-7.58624824924005
610_AGGATCTGTACCGTCG	0	0	36093191	SRR19573610	Ruberto2022_1	4	2022	Cambodia_Mondulkiri	10x_Chomium_V3	HiSeq X Ten	infected hepatocyte	BioIVT:BGW	Infected host hepatocytes	Liver stage	Cambodia field isolate	5	None	2	610_AGGATCTGTACCGTCG	Hypnozoite	NA	NA	NA	5	6	8	10	12	13	13	12	12	12	36	Hypnozoite	12	Asexual 11	-4.93003238546832	-6.08840209114949	-8.56702186140814	-3.21526277599537	1.27018364027076	4.78966453856086	-12.907172645302	-3.25807144869662	1.17156029193769	-10.4027319599237	-3.23947960924025	1.16459028127707	11.8171181367828	-11.5670342906917	-21.1520621759052
610_AGGGAGTCAGTTTCGA	0	0	36093191	SRR19573610	Ruberto2022_1	4	2022	Cambodia_Mondulkiri	10x_Chomium_V3	HiSeq X Ten	infected hepatocyte	BioIVT:BGW	Infected host hepatocytes	Liver stage	Cambodia field isolate	5	None	2	610_AGGGAGTCAGTTTCGA	Hypnozoite	NA	NA	NA	13	15	17	19	21	21	22	21	21	21	36	Hypnozoite	21	Asexual 20	-4.92185033667071	-6.08594065773884	-8.57126380476752	-3.09030092296802	1.26190884664589	4.64920833891486	-12.907172645302	-3.25807144869662	1.17156029193769	-10.4026442974506	-3.23946249747241	1.16460068833225	-4.38149751156646	-10.6685608170087	-22.7165463550104
610_AGGGCTCTCAGCAATC	0	0	36093191	SRR19573610	Ruberto2022_1	4	2022	Cambodia_Mondulkiri	10x_Chomium_V3	HiSeq X Ten	infected hepatocyte	BioIVT:BGW	Infected host hepatocytes	Liver stage	Cambodia field isolate	5	None	2	610_AGGGCTCTCAGCAATC	Hypnozoite	NA	NA	NA	0	0	4	5	6	6	8	8	9	9	36	Hypnozoite	6	Asexual 5	-4.91467059957965	-6.08369332421223	-8.573058619831	-2.82560265598499	1.15515561655098	4.65042951887702	-12.907172645302	-3.25807144869662	1.17156029193769	-10.4028891543275	-3.23951355269799	1.16460476246182	-14.3467719593405	-15.8664676140592	-8.25405428362831
610_AGGGTCCAGAAATTGC	0	0	36093191	SRR19573610	Ruberto2022_1	4	2022	Cambodia_Mondulkiri	10x_Chomium_V3	HiSeq X Ten	infected hepatocyte	BioIVT:BGW	Infected host hepatocytes	Liver stage	Cambodia field isolate	5	None	2	610_AGGGTCCAGAAATTGC	Schizont	NA	NA	NA	10	12	15	17	18	18	19	19	19	18	36	Schizont (Liver stage)	18	Asexual 17	-4.93209661352618	-6.09626752007405	-8.56851817641058	-3.10616958675586	1.0321472461515	4.96299579924201	-12.907172645302	-3.25807144869662	1.17156029193769	-10.402609344942	-3.23944819713657	1.16458169167694	-5.87105406582734	-8.78645897719573	-23.8901507643202
610_AGGGTCCAGTCTCGTA	0	0	36093191	SRR19573610	Ruberto2022_1	4	2022	Cambodia_Mondulkiri	10x_Chomium_V3	HiSeq X Ten	infected hepatocyte	BioIVT:BGW	Infected host hepatocytes	Liver stage	Cambodia field isolate	5	None	2	610_AGGGTCCAGTCTCGTA	Hypnozoite	NA	NA	NA	9	9	10	12	15	14	15	16	16	14	36	Hypnozoite	15	Asexual 14	-4.91527046072467	-6.07906085122029	-8.56973792586127	-3.13498843250477	1.17664380624824	4.83494785612678	-12.907172645302	-3.25807144869662	1.17156029193769	-10.4025844670819	-3.23945263560854	1.16459850415461	-7.23144665552272	-10.8570383038419	-22.2816976689225
610_AGGGTCCTCTACACTT	0	0	36093191	SRR19573610	Ruberto2022_1	4	2022	Cambodia_Mondulkiri	10x_Chomium_V3	HiSeq X Ten	infected hepatocyte	BioIVT:BGW	Infected host hepatocytes	Liver stage	Cambodia field isolate	5	None	2	610_AGGGTCCTCTACACTT	Hypnozoite	NA	NA	NA	2	4	6	7	9	8	11	10	10	10	36	Hypnozoite	9	Asexual 8	-4.9137812982796	-6.08626490700642	-8.57545711073676	-2.89751995144092	0.929911094456249	4.89174345320319	-12.907172645302	-3.25807144869662	1.17156029193769	-10.4025341923299	-3.23943593233918	1.16458528373138	20.4743151704618	-2.66386457163383	-16.1712027741027
610_AGGTCATCACATCATG	0	0	36093191	SRR19573610	Ruberto2022_1	4	2022	Cambodia_Mondulkiri	10x_Chomium_V3	HiSeq X Ten	infected hepatocyte	BioIVT:BGW	Infected host hepatocytes	Liver stage	Cambodia field isolate	5	None	2	610_AGGTCATCACATCATG	Schizont	NA	NA	NA	2	4	6	7	9	8	11	10	10	10	36	Schizont (Liver stage)	9	Asexual 8	-4.9004265199898	-6.08528882134358	-8.60203410658637	-2.90698087749683	0.97393854215675	4.78564194029426	-12.907172645302	-3.25807144869662	1.17156029193769	-10.4025343441951	-3.23943597734811	1.16458530286048	20.4747954040547	-2.66286111232228	-16.1709180476875
610_AGGTCTAGTGTCATCA	0	0	36093191	SRR19573610	Ruberto2022_1	4	2022	Cambodia_Mondulkiri	10x_Chomium_V3	HiSeq X Ten	infected hepatocyte	BioIVT:BGW	Infected host hepatocytes	Liver stage	Cambodia field isolate	5	None	2	610_AGGTCTAGTGTCATCA	Schizont	NA	NA	NA	4	7	9	11	13	12	14	13	13	13	36	Schizont (Liver stage)	13	Asexual 12	-4.88459838736041	-6.05310755837361	-8.59721805128851	-3.11059129772388	1.21018524721199	4.69987896269416	-12.907172645302	-3.25807144869662	1.17156029193769	-10.4025543061492	-3.2394347951916	1.16457760933642	-0.339998966730139	-28.9485407602736	-3.74464880503186
610_AGGTCTAGTTGTGTAC	0	0	36093191	SRR19573610	Ruberto2022_1	4	2022	Cambodia_Mondulkiri	10x_Chomium_V3	HiSeq X Ten	infected hepatocyte	BioIVT:BGW	Infected host hepatocytes	Liver stage	Cambodia field isolate	5	None	2	610_AGGTCTAGTTGTGTAC	Hypnozoite	NA	NA	NA	12	14	16	18	20	20	21	20	20	20	36	Hypnozoite	20	Asexual 19	-4.90110219824298	-6.08496886361042	-8.58549453291693	-3.08880937633716	1.16666563108497	4.79366138762092	-12.907172645302	-3.25807144869662	1.17156029193769	-10.4026095816891	-3.23945885707301	1.16460301120266	-5.45523530879159	-10.7978955258753	-22.1577219897367
610_AGGTTACCACCCTTGT	0	0	36093191	SRR19573610	Ruberto2022_1	4	2022	Cambodia_Mondulkiri	10x_Chomium_V3	HiSeq X Ten	infected hepatocyte	BioIVT:BGW	Infected host hepatocytes	Liver stage	Cambodia field isolate	5	None	2	610_AGGTTACCACCCTTGT	Hypnozoite	NA	NA	NA	2	4	6	7	9	8	11	10	10	10	36	Hypnozoite	9	Asexual 8	-4.89561046469195	-6.0790904151241	-8.58460570845404	-2.93745172558033	0.996567087917858	4.82595327681159	-12.907172645302	-3.25807144869662	1.17156029193769	-10.4025341964827	-3.2394359323087	1.16458528397975	20.4744389021394	-2.66386971549937	-16.1710709459788
610_AGGTTGTGTTAGCGGA	0	0	36093191	SRR19573610	Ruberto2022_1	4	2022	Cambodia_Mondulkiri	10x_Chomium_V3	HiSeq X Ten	infected hepatocyte	BioIVT:BGW	Infected host hepatocytes	Liver stage	Cambodia field isolate	5	None	2	610_AGGTTGTGTTAGCGGA	Hypnozoite	NA	NA	NA	0	0	0	0	0	0	7	7	8	8	36	Hypnozoite	0	Asexual 1	-4.91582883703692	-6.09838229287068	-8.58146335158148	-2.98391831455433	1.18335493162208	4.6488154250965	-12.907172645302	-3.25807144869662	1.17156029193769	-10.4023721710164	-3.23938657164689	1.16455582154763	-13.4453512956209	-11.8995893754921	-7.58922328550185
610_AGTACTGAGTACCATC	0	0	36093191	SRR19573610	Ruberto2022_1	4	2022	Cambodia_Mondulkiri	10x_Chomium_V3	HiSeq X Ten	infected hepatocyte	BioIVT:BGW	Infected host hepatocytes	Liver stage	Cambodia field isolate	5	None	2	610_AGTACTGAGTACCATC	Hypnozoite	NA	NA	NA	6	8	13	15	17	17	18	17	14	17	36	Hypnozoite	17	Asexual 16	-4.88965762960894	-6.08832579720417	-8.59563781294623	-2.9415339284917	1.03807957723671	4.78467253035163	-12.907172645302	-3.25807144869662	1.17156029193769	-10.4025012552311	-3.23943104535954	1.16458824404134	-7.12021144126383	-23.4825312973778	-10.8708722756781
610_AGTAGCTTCTATACGG	0	0	36093191	SRR19573610	Ruberto2022_1	4	2022	Cambodia_Mondulkiri	10x_Chomium_V3	HiSeq X Ten	infected hepatocyte	BioIVT:BGW	Infected host hepatocytes	Liver stage	Cambodia field isolate	5	None	2	610_AGTAGCTTCTATACGG	Hypnozoite	NA	NA	NA	0	0	0	0	0	0	7	7	8	8	36	Hypnozoite	0	Asexual 1	-4.8846680055855	-6.0846417533199	-8.60285808119574	-3.01120484409534	1.18964393690162	4.65441397017097	-12.907172645302	-3.25807144869662	1.17156029193769	-10.4023722616259	-3.23938659702887	1.16455583283138	-13.4470574540575	-11.8989374168608	-7.5925828539842
610_AGTGACTGTTTACTTC	0	0	36093191	SRR19573610	Ruberto2022_1	4	2022	Cambodia_Mondulkiri	10x_Chomium_V3	HiSeq X Ten	infected hepatocyte	BioIVT:BGW	Infected host hepatocytes	Liver stage	Cambodia field isolate	5	None	2	610_AGTGACTGTTTACTTC	Hypnozoite	NA	NA	NA	11	13	14	16	19	19	20	18	18	19	36	Hypnozoite	19	Asexual 18	-4.88434709417803	-6.08121710884968	-8.59499122175971	-2.90607131061756	1.02148612096839	4.79884842222785	-12.907172645302	-3.25807144869662	1.17156029193769	-10.4025321968267	-3.23943295353265	1.16458528871334	20.026707932514	-3.68084081568255	-16.4619883505552
610_AGTGTTGAGCCGTAAG	0	0	36093191	SRR19573610	Ruberto2022_1	4	2022	Cambodia_Mondulkiri	10x_Chomium_V3	HiSeq X Ten	infected hepatocyte	BioIVT:BGW	Infected host hepatocytes	Liver stage	Cambodia field isolate	5	None	2	610_AGTGTTGAGCCGTAAG	Hypnozoite	NA	NA	NA	7	10	12	14	16	16	16	14	17	15	36	Hypnozoite	16	Asexual 15	-4.87631000387652	-6.07855969536702	-8.59849692854682	-3.10666835842334	1.1752638395124	4.76957968062019	-12.907172645302	-3.25807144869662	1.17156029193769	-10.4026219016916	-3.23945939481301	1.16460170662473	-4.90913015942492	-10.678721122635	-22.4842504254779
610_AGTTCCCCAAACGAGC	0	0	36093191	SRR19573610	Ruberto2022_1	4	2022	Cambodia_Mondulkiri	10x_Chomium_V3	HiSeq X Ten	infected hepatocyte	BioIVT:BGW	Infected host hepatocytes	Liver stage	Cambodia field isolate	5	None	2	610_AGTTCCCCAAACGAGC	Hypnozoite	NA	NA	NA	0	0	4	5	6	6	8	8	9	9	36	Hypnozoite	6	Asexual 5	-4.87112726080401	-6.08471232521931	-8.60660697493353	-3.00236738262378	1.34151657178932	4.36755731886481	-12.907172645302	-3.25807144869662	1.17156029193769	-10.4029243897515	-3.239535525244	1.16462359242837	-13.4550371686961	-16.1440857242008	-7.5478397188135
610_AGTTCCCGTACCCGAC	0	0	36093191	SRR19573610	Ruberto2022_1	4	2022	Cambodia_Mondulkiri	10x_Chomium_V3	HiSeq X Ten	infected hepatocyte	BioIVT:BGW	Infected host hepatocytes	Liver stage	Cambodia field isolate	5	None	2	610_AGTTCCCGTACCCGAC	Hypnozoite	NA	NA	NA	5	6	8	10	12	13	13	12	12	12	36	Hypnozoite	12	Asexual 11	-4.8400336633919	-6.08374291527668	-8.68463279280463	-3.10785568294727	1.13628562048011	4.81260517424201	-12.907172645302	-3.25807144869662	1.17156029193769	-10.4027310565005	-3.23947936575257	1.16459017412955	11.8173676067248	-11.5667295742861	-21.1521116266777
610_ATAGACCAGAGAGAAC	0	0	36093191	SRR19573610	Ruberto2022_1	4	2022	Cambodia_Mondulkiri	10x_Chomium_V3	HiSeq X Ten	infected hepatocyte	BioIVT:BGW	Infected host hepatocytes	Liver stage	Cambodia field isolate	5	None	2	610_ATAGACCAGAGAGAAC	Hypnozoite	NA	NA	NA	9	9	10	12	15	14	15	16	16	14	36	Hypnozoite	15	Asexual 14	-4.87114538061602	-6.07478839028279	-8.60043384108344	-3.04955208835804	1.1330320413404	4.78563717192268	-12.907172645302	-3.25807144869662	1.17156029193769	-10.4025844564817	-3.23945263208504	1.1645985027552	-7.23139763550038	-10.8569573794759	-22.2819026390174
610_ATAGACCTCTGAGGCC	0	0	36093191	SRR19573610	Ruberto2022_1	4	2022	Cambodia_Mondulkiri	10x_Chomium_V3	HiSeq X Ten	infected hepatocyte	BioIVT:BGW	Infected host hepatocytes	Liver stage	Cambodia field isolate	5	None	2	610_ATAGACCTCTGAGGCC	Hypnozoite	NA	NA	NA	0	0	0	8	0	9	7	7	8	8	36	Hypnozoite	0	Asexual 1	-4.8697229753731	-6.07499199974934	-8.60180236372748	-3.08905947742664	1.32371874406868	4.46588066404914	-12.907172645302	-3.25807144869662	1.17156029193769	-10.4023932781447	-3.2393966932275	1.16456252020341	-13.0938761862925	-11.6076549852625	-8.47949056546994
610_ATCACGAGTTACGCCG	0	0	36093191	SRR19573610	Ruberto2022_1	4	2022	Cambodia_Mondulkiri	10x_Chomium_V3	HiSeq X Ten	infected hepatocyte	BioIVT:BGW	Infected host hepatocytes	Liver stage	Cambodia field isolate	5	None	2	610_ATCACGAGTTACGCCG	Hypnozoite	NA	NA	NA	0	0	0	0	0	0	7	7	8	8	36	Hypnozoite	0	Asexual 1	-4.86565603125079	-6.07444554436604	-8.60486365828314	-2.96644104061329	1.30303462102943	4.37196949308967	-12.907172645302	-3.25807144869662	1.17156029193769	-10.4022271668505	-3.23935129031617	1.16454169941086	-12.8029824505405	-12.1658332535096	-7.269806305534
610_ATCATTCGTGTGTACT	0	0	36093191	SRR19573610	Ruberto2022_1	4	2022	Cambodia_Mondulkiri	10x_Chomium_V3	HiSeq X Ten	infected hepatocyte	BioIVT:BGW	Infected host hepatocytes	Liver stage	Cambodia field isolate	5	None	2	610_ATCATTCGTGTGTACT	Hypnozoite	NA	NA	NA	2	4	6	7	9	8	11	10	10	10	36	Hypnozoite	9	Asexual 8	-4.85026372778399	-6.07129078972737	-8.61320544752875	-2.91438425121509	0.993519264011913	4.78818300551032	-12.907172645302	-3.25807144869662	1.17156029193769	-10.4025343766286	-3.23943598190419	1.16458530590541	20.4749592240001	-2.6627269840797	-16.1707385313666
610_ATCCACCCAATGAAAC	0	0	36093191	SRR19573610	Ruberto2022_1	4	2022	Cambodia_Mondulkiri	10x_Chomium_V3	HiSeq X Ten	infected hepatocyte	BioIVT:BGW	Infected host hepatocytes	Liver stage	Cambodia field isolate	5	None	2	610_ATCCACCCAATGAAAC	Schizont	NA	NA	NA	10	12	15	17	18	18	19	19	19	18	36	Schizont (Liver stage)	18	Asexual 17	-4.85975326406939	-6.07495862114827	-8.60910655531683	-3.15172017154895	1.02929778650337	4.98993995970344	-12.907172645302	-3.25807144869662	1.17156029193769	-10.4026088833352	-3.23944807110816	1.16458163629828	-5.87114882042128	-8.78647079070032	-23.8903649613477
610_ATCCCTGGTTCGTGCG	0	0	36093191	SRR19573610	Ruberto2022_1	4	2022	Cambodia_Mondulkiri	10x_Chomium_V3	HiSeq X Ten	infected hepatocyte	BioIVT:BGW	Infected host hepatocytes	Liver stage	Cambodia field isolate	5	None	2	610_ATCCCTGGTTCGTGCG	Hypnozoite	NA	NA	NA	5	6	8	10	12	13	13	12	12	12	36	Hypnozoite	12	Asexual 11	-4.86752380239947	-6.07247620690266	-8.60833980116644	-3.13523805675708	1.11127992227607	4.86610344236945	-12.907172645302	-3.25807144869662	1.17156029193769	-10.4027310569612	-3.23947936587772	1.16459017418397	11.817415989135	-11.5667929407384	-21.1523003867608
610_ATCCGTCAGGACGCTA	0	0	36093191	SRR19573610	Ruberto2022_1	4	2022	Cambodia_Mondulkiri	10x_Chomium_V3	HiSeq X Ten	infected hepatocyte	BioIVT:BGW	Infected host hepatocytes	Liver stage	Cambodia field isolate	5	None	2	610_ATCCGTCAGGACGCTA	Hypnozoite	NA	NA	NA	2	4	6	7	9	8	11	10	10	10	36	Hypnozoite	9	Asexual 8	-4.85993875372393	-6.06595736611287	-8.60328723463812	-2.94349229870044	1.00894733026558	4.80582741087531	-12.907172645302	-3.25807144869662	1.17156029193769	-10.4025341955091	-3.23943593204177	1.16458528386233	20.4743456959231	-2.66387509550182	-16.1711177410734
610_ATCCGTCCACTTCTCG	0	0	36093191	SRR19573610	Ruberto2022_1	4	2022	Cambodia_Mondulkiri	10x_Chomium_V3	HiSeq X Ten	infected hepatocyte	BioIVT:BGW	Infected host hepatocytes	Liver stage	Cambodia field isolate	5	None	2	610_ATCCGTCCACTTCTCG	Hypnozoite	NA	NA	NA	3	5	7	9	11	11	12	11	11	11	36	Hypnozoite	11	Asexual 10	-4.83510650503619	-6.06197672951619	-8.6227822450141	-3.13005340633594	1.08769591405922	4.92262533491706	-12.907172645302	-3.25807144869662	1.17156029193769	-10.402523980825	-3.23943811636042	1.16459142059158	-5.96392829765192	-22.5428275984669	-11.7959161368613
610_ATCCTATGTCGTTGGC	0	0	36093191	SRR19573610	Ruberto2022_1	4	2022	Cambodia_Mondulkiri	10x_Chomium_V3	HiSeq X Ten	infected hepatocyte	BioIVT:BGW	Infected host hepatocytes	Liver stage	Cambodia field isolate	5	None	2	610_ATCCTATGTCGTTGGC	Hypnozoite	NA	NA	NA	0	0	4	5	6	6	8	8	9	9	36	Hypnozoite	6	Asexual 5	-4.85114253866656	-6.06364709008137	-8.60860587630072	-2.90039694843494	1.15341933324867	4.6216633636341	-12.907172645302	-3.25807144869662	1.17156029193769	-10.4028893090672	-3.239513599373	1.16460478169121	-14.3442225011616	-15.8668758135225	-8.25112003087373
610_ATCGATGTCTGAGCAT	0	0	36093191	SRR19573610	Ruberto2022_1	4	2022	Cambodia_Mondulkiri	10x_Chomium_V3	HiSeq X Ten	infected hepatocyte	BioIVT:BGW	Infected host hepatocytes	Liver stage	Cambodia field isolate	5	None	2	610_ATCGATGTCTGAGCAT	Hypnozoite	NA	NA	NA	3	5	7	9	11	11	12	11	11	11	36	Hypnozoite	11	Asexual 10	-4.84739030706866	-6.0722258673946	-8.61814834151068	-3.11006439266407	1.10483034208351	4.8742907363758	-12.907172645302	-3.25807144869662	1.17156029193769	-10.4025239811132	-3.23943811643817	1.16459142062662	-5.9637964135961	-22.5430609078016	-11.7959382176144
610_ATCGCCTCAGTCCGTG	0	0	36093191	SRR19573610	Ruberto2022_1	4	2022	Cambodia_Mondulkiri	10x_Chomium_V3	HiSeq X Ten	infected hepatocyte	BioIVT:BGW	Infected host hepatocytes	Liver stage	Cambodia field isolate	5	None	2	610_ATCGCCTCAGTCCGTG	Hypnozoite	NA	NA	NA	10	12	15	17	18	18	19	19	19	18	36	Hypnozoite	18	Asexual 17	-4.84476293432696	-6.07636862862507	-8.62494422468939	-2.98926485119068	1.1683469589048	4.63351944273566	-12.907172645302	-3.25807144869662	1.17156029193769	-10.402609531561	-3.23944824808892	1.16458171363248	-5.87052137597694	-8.78641981702286	-23.8902799298865
610_ATCGGCGCAATCTCTT	0	0	36093191	SRR19573610	Ruberto2022_1	4	2022	Cambodia_Mondulkiri	10x_Chomium_V3	HiSeq X Ten	infected hepatocyte	BioIVT:BGW	Infected host hepatocytes	Liver stage	Cambodia field isolate	5	None	2	610_ATCGGCGCAATCTCTT	Hypnozoite	NA	NA	NA	0	0	0	0	0	0	7	7	8	8	36	Hypnozoite	0	Asexual 1	-4.84304536688311	-6.06180268395344	-8.61351920637885	-2.96747291622364	1.3823794896894	4.33708980864143	-12.907172645302	-3.25807144869662	1.17156029193769	-10.402227114538	-3.23935127786278	1.1645416928366	-12.8005893445432	-12.1660920690546	-7.2674879820792
610_ATCGTCCTCCTAGAGT	0	0	36093191	SRR19573610	Ruberto2022_1	4	2022	Cambodia_Mondulkiri	10x_Chomium_V3	HiSeq X Ten	infected hepatocyte	BioIVT:BGW	Infected host hepatocytes	Liver stage	Cambodia field isolate	5	None	2	610_ATCGTCCTCCTAGAGT	Hypnozoite	NA	NA	NA	0	0	0	8	0	9	7	7	8	8	36	Hypnozoite	0	Asexual 1	-4.84040607321246	-6.05696898568074	-8.61221267256537	-3.026055698969	1.32663257673317	4.41893795317268	-12.907172645302	-3.25807144869662	1.17156029193769	-10.4023933174488	-3.23939670546993	1.16456252483615	-13.0942224808903	-11.60574401862	-8.4849135288823
610_ATCTCTACAGCGTTTA	0	0	36093191	SRR19573610	Ruberto2022_1	4	2022	Cambodia_Mondulkiri	10x_Chomium_V3	HiSeq X Ten	infected hepatocyte	BioIVT:BGW	Infected host hepatocytes	Liver stage	Cambodia field isolate	5	None	2	610_ATCTCTACAGCGTTTA	Schizont	NA	NA	NA	0	0	0	8	0	9	7	7	8	8	36	Schizont (Liver stage)	0	Asexual 1	-4.86260475027545	-6.10164862740437	-8.65122367415228	-3.02485025463306	1.33401270463996	4.3985393363819	-12.907172645302	-3.25807144869662	1.17156029193769	-10.40239417174	-3.23939693728534	1.16456262923837	-13.0999150453368	-11.484018331911	-8.71906027590396
610_ATGAAAGGTGGGATTG	0	0	36093191	SRR19573610	Ruberto2022_1	4	2022	Cambodia_Mondulkiri	10x_Chomium_V3	HiSeq X Ten	infected hepatocyte	BioIVT:BGW	Infected host hepatocytes	Liver stage	Cambodia field isolate	5	None	2	610_ATGAAAGGTGGGATTG	Hypnozoite	NA	NA	NA	0	0	4	5	6	6	8	8	9	9	36	Hypnozoite	6	Asexual 5	-4.83388866293414	-6.06596594918171	-8.62388373884955	-2.85048354206287	1.14792676523262	4.59904602354621	-12.907172645302	-3.25807144869662	1.17156029193769	-10.402888470538	-3.23951337097366	1.16460468183773	-14.3698014935916	-15.8647123845537	-8.28694031556558
610_ATGCATGGTGTCTTAG	0	0	36093191	SRR19573610	Ruberto2022_1	4	2022	Cambodia_Mondulkiri	10x_Chomium_V3	HiSeq X Ten	infected hepatocyte	BioIVT:BGW	Infected host hepatocytes	Liver stage	Cambodia field isolate	5	None	2	610_ATGCATGGTGTCTTAG	Schizont	NA	NA	NA	0	0	0	0	0	0	7	7	8	8	36	Schizont (Liver stage)	0	Asexual 1	-4.83619035589678	-6.06580954659382	-8.63150550398627	-3.03266108570301	1.23123033597999	4.62641218489265	-12.907172645302	-3.25807144869662	1.17156029193769	-10.4022286495824	-3.23935169494849	1.164541880524	-12.8084490094161	-12.1617636297151	-7.2854530816331
610_ATGGGTTGTACATACC	0	0	36093191	SRR19573610	Ruberto2022_1	4	2022	Cambodia_Mondulkiri	10x_Chomium_V3	HiSeq X Ten	infected hepatocyte	BioIVT:BGW	Infected host hepatocytes	Liver stage	Cambodia field isolate	5	None	2	610_ATGGGTTGTACATACC	Hypnozoite	NA	NA	NA	6	8	13	15	17	17	18	17	14	17	36	Hypnozoite	17	Asexual 16	-4.82483066427691	-6.04943448174397	-8.61971427473822	-2.87513244686329	1.01436789587074	4.79590204542731	-12.907172645302	-3.25807144869662	1.17156029193769	-10.4025003581556	-3.23943080007375	1.16458813413019	-7.12155445114942	-23.4812002008874	-10.8693467221505
610_ATGGTTGAGCATCCCG	0	0	36093191	SRR19573610	Ruberto2022_1	4	2022	Cambodia_Mondulkiri	10x_Chomium_V3	HiSeq X Ten	infected hepatocyte	BioIVT:BGW	Infected host hepatocytes	Liver stage	Cambodia field isolate	5	None	2	610_ATGGTTGAGCATCCCG	Hypnozoite	NA	NA	NA	0	0	4	5	6	6	8	8	9	9	36	Hypnozoite	6	Asexual 5	-4.82691205847247	-6.05399685967366	-8.62112189802924	-2.96401012478077	1.04930801942878	4.81305244749641	-12.907172645302	-3.25807144869662	1.17156029193769	-10.4028407892103	-3.2395041688947	1.16460524153174	-15.2049614852791	-15.8990931063215	-9.49879756619386
610_ATGTCTTTCAGCGGAA	0	0	36093191	SRR19573610	Ruberto2022_1	4	2022	Cambodia_Mondulkiri	10x_Chomium_V3	HiSeq X Ten	infected hepatocyte	BioIVT:BGW	Infected host hepatocytes	Liver stage	Cambodia field isolate	5	None	2	610_ATGTCTTTCAGCGGAA	Hypnozoite	NA	NA	NA	13	15	17	19	21	21	22	21	21	21	36	Hypnozoite	21	Asexual 20	-4.82182992804034	-6.05486947167317	-8.62444259199896	-3.08080685672962	1.25459237649971	4.70750883406257	-12.907172645302	-3.25807144869662	1.17156029193769	-10.4026439057964	-3.23946239087907	1.16460064095743	-4.38151840516413	-10.6685923365932	-22.7166175245354
610_ATTACCTTCCGTCAAA	0	0	36093191	SRR19573610	Ruberto2022_1	4	2022	Cambodia_Mondulkiri	10x_Chomium_V3	HiSeq X Ten	infected hepatocyte	BioIVT:BGW	Infected host hepatocytes	Liver stage	Cambodia field isolate	5	None	2	610_ATTACCTTCCGTCAAA	Hypnozoite	NA	NA	NA	5	6	8	10	12	13	13	12	12	12	36	Hypnozoite	12	Asexual 11	-4.80347694265826	-6.04938107598225	-8.63436557326117	-3.16484988270008	1.16836317136818	4.84209993666267	-12.907172645302	-3.25807144869662	1.17156029193769	-10.4027310968128	-3.23947937817021	1.16459017875864	11.8174077104391	-11.5669149919386	-21.1522998983831
610_ATTACTCCAGTTGCGC	327	62	36093191	SRR19573610	Ruberto2022_1	4	2022	Cambodia_Mondulkiri	10x_Chomium_V3	HiSeq X Ten	infected hepatocyte	BioIVT:BGW	Infected host hepatocytes	Liver stage	Cambodia field isolate	5	None	2	610_ATTACTCCAGTTGCGC	Hypnozoite	NA	NA	NA	0	0	0	0	0	0	0	0	1	0	36	Hypnozoite	0	Asexual 1	-0.465474082112147	-3.32163053620259	-2.88264657530585	-3.4204922967931	2.55317934110694	3.46389821356391	-11.7887033216107	-2.67231427805454	1.33024831019719	-9.29372223986966	-2.65609237694387	1.32397523681456	-2.73589355025167	-12.7444449766648	-8.64371874989404
610_ATTACTCTCCAAGCTA	1	1	36093191	SRR19573610	Ruberto2022_1	4	2022	Cambodia_Mondulkiri	10x_Chomium_V3	HiSeq X Ten	infected hepatocyte	BioIVT:BGW	Infected host hepatocytes	Liver stage	Cambodia field isolate	5	None	2	610_ATTACTCTCCAAGCTA	Hypnozoite	NA	NA	NA	3	5	7	9	11	11	12	11	11	11	36	Hypnozoite	11	Asexual 10	-4.81982673513873	-6.02867728341023	-8.66678477797308	-3.13185012874805	1.09288795545631	4.89559439009284	-12.907172645302	-3.25807144869662	1.17156029193769	-10.4025240773247	-3.23943814051322	1.16459143238443	-5.96358546206331	-22.5432311290965	-11.7963745725591
610_ATTCACTAGAATGTTG	0	0	36093191	SRR19573610	Ruberto2022_1	4	2022	Cambodia_Mondulkiri	10x_Chomium_V3	HiSeq X Ten	infected hepatocyte	BioIVT:BGW	Infected host hepatocytes	Liver stage	Cambodia field isolate	5	None	2	610_ATTCACTAGAATGTTG	Schizont	NA	NA	NA	0	0	4	5	6	6	8	8	9	9	36	Schizont (Liver stage)	6	Asexual 5	-4.79866422522051	-6.04861765969197	-8.6391921189765	-2.91499865589344	1.14825077608162	4.64223745649909	-12.907172645302	-3.25807144869662	1.17156029193769	-10.4028884705862	-3.23951337098704	1.16460468184341	-14.3675607836043	-15.8623167275702	-8.28242231335682
610_ATTCAGGTCAACACGT	0	0	36093191	SRR19573610	Ruberto2022_1	4	2022	Cambodia_Mondulkiri	10x_Chomium_V3	HiSeq X Ten	infected hepatocyte	BioIVT:BGW	Infected host hepatocytes	Liver stage	Cambodia field isolate	5	None	2	610_ATTCAGGTCAACACGT	Hypnozoite	NA	NA	NA	10	12	15	17	18	18	19	19	19	18	36	Hypnozoite	18	Asexual 17	-4.8144480119942	-6.06082469094197	-8.63577605757514	-3.11941254673206	1.03829665735298	4.95490721052741	-12.907172645302	-3.25807144869662	1.17156029193769	-10.4026093356324	-3.23944819487964	1.1645816901786	-5.8710159492837	-8.78649728123867	-23.8903446729376
610_ATTCATCAGTCAGAGC	0	0	36093191	SRR19573610	Ruberto2022_1	4	2022	Cambodia_Mondulkiri	10x_Chomium_V3	HiSeq X Ten	infected hepatocyte	BioIVT:BGW	Infected host hepatocytes	Liver stage	Cambodia field isolate	5	None	2	610_ATTCATCAGTCAGAGC	Schizont	NA	NA	NA	4	7	9	11	13	12	14	13	13	13	36	Schizont (Liver stage)	13	Asexual 12	-4.79499782431109	-6.04057389367024	-8.6287055161933	-3.14301741657459	1.23385770872169	4.67796495741462	-12.907172645302	-3.25807144869662	1.17156029193769	-10.4025543047611	-3.23943479481351	1.16457760916997	-0.339998291358863	-28.9483350151193	-3.74464198449756
610_ATTCTACTCACCTGGG	0	0	36093191	SRR19573610	Ruberto2022_1	4	2022	Cambodia_Mondulkiri	10x_Chomium_V3	HiSeq X Ten	infected hepatocyte	BioIVT:BGW	Infected host hepatocytes	Liver stage	Cambodia field isolate	5	None	2	610_ATTCTACTCACCTGGG	Hypnozoite	NA	NA	NA	3	5	7	9	11	11	12	11	11	11	36	Hypnozoite	11	Asexual 10	-4.80570711004717	-6.04204732048909	-8.62913466963568	-3.06854212818348	1.04607041433387	4.90565326994514	-12.907172645302	-3.25807144869662	1.17156029193769	-10.4025246261314	-3.23943829184664	1.16459149907394	-5.96294622888815	-22.5422642765127	-11.796841154747
610_ATTGTTCTCGGTCGGT	0	0	36093191	SRR19573610	Ruberto2022_1	4	2022	Cambodia_Mondulkiri	10x_Chomium_V3	HiSeq X Ten	infected hepatocyte	BioIVT:BGW	Infected host hepatocytes	Liver stage	Cambodia field isolate	5	None	2	610_ATTGTTCTCGGTCGGT	Hypnozoite	NA	NA	NA	5	6	8	10	12	13	13	12	12	12	36	Hypnozoite	12	Asexual 11	-4.80248035299761	-6.04022008049885	-8.63046981367865	-3.08652651844227	1.08764095857673	4.87591102903937	-12.907172645302	-3.25807144869662	1.17156029193769	-10.4027316238185	-3.23947951867237	1.16459024115692	11.8170600272765	-11.5669419325579	-21.1521245523144
610_ATTTACCAGTCGGGAT	0	0	36093191	SRR19573610	Ruberto2022_1	4	2022	Cambodia_Mondulkiri	10x_Chomium_V3	HiSeq X Ten	infected hepatocyte	BioIVT:BGW	Infected host hepatocytes	Liver stage	Cambodia field isolate	5	None	2	610_ATTTACCAGTCGGGAT	Hypnozoite	NA	NA	NA	8	11	11	13	14	15	17	15	15	16	36	Hypnozoite	14	Asexual 13	-4.791275156617	-6.04134255516926	-8.63921977553168	-2.88940942821705	1.19202466562324	4.57455519026374	-12.907172645302	-3.25807144869662	1.17156029193769	-10.4025579374646	-3.23943113563126	1.16457491209295	-0.750107534341427	-28.4434701724547	-4.19767996110624
610_ATTTACCCAGATCATC	0	0	36093191	SRR19573610	Ruberto2022_1	4	2022	Cambodia_Mondulkiri	10x_Chomium_V3	HiSeq X Ten	infected hepatocyte	BioIVT:BGW	Infected host hepatocytes	Liver stage	Cambodia field isolate	5	None	2	610_ATTTACCCAGATCATC	Hypnozoite	NA	NA	NA	9	9	10	12	15	14	15	16	16	14	36	Hypnozoite	15	Asexual 14	-4.80591930258258	-6.06567889321247	-8.65676642927924	-3.09231770572864	1.1887976701551	4.7655957061634	-12.907172645302	-3.25807144869662	1.17156029193769	-10.4025837695587	-3.23945244595004	1.16459841942578	-7.23172656356064	-10.857420717491	-22.281642166919
610_ATTTCACCAAGAGTAT	0	0	36093191	SRR19573610	Ruberto2022_1	4	2022	Cambodia_Mondulkiri	10x_Chomium_V3	HiSeq X Ten	infected hepatocyte	BioIVT:BGW	Infected host hepatocytes	Liver stage	Cambodia field isolate	5	None	2	610_ATTTCACCAAGAGTAT	Hypnozoite	NA	NA	NA	0	0	0	0	0	0	7	7	8	8	36	Hypnozoite	0	Asexual 1	-4.7920714746712	-6.03679114449421	-8.63601924452582	-2.96457708416187	1.12434955194526	4.72239664381599	-12.907172645302	-3.25807144869662	1.17156029193769	-10.4023721715447	-3.23938657179234	1.16455582161143	-13.4457135296428	-11.8998361878812	-7.58962526680461
610_ATTTCTGGTGCGTGCT	0	0	36093191	SRR19573610	Ruberto2022_1	4	2022	Cambodia_Mondulkiri	10x_Chomium_V3	HiSeq X Ten	infected hepatocyte	BioIVT:BGW	Infected host hepatocytes	Liver stage	Cambodia field isolate	5	None	2	610_ATTTCTGGTGCGTGCT	Hypnozoite	NA	NA	NA	12	14	16	18	20	20	21	20	20	20	36	Hypnozoite	20	Asexual 19	-4.80712331640704	-6.06224089730183	-8.65897513899603	-3.09565651951038	1.1697057063871	4.77016857451057	-12.907172645302	-3.25807144869662	1.17156029193769	-10.4026101924305	-3.23945902883477	1.16460308593632	-5.451151729734	-10.7990957984048	-22.1567603864793
610_CAACCTCTCATAGGCT	0	0	36093191	SRR19573610	Ruberto2022_1	4	2022	Cambodia_Mondulkiri	10x_Chomium_V3	HiSeq X Ten	infected hepatocyte	BioIVT:BGW	Infected host hepatocytes	Liver stage	Cambodia field isolate	5	None	2	610_CAACCTCTCATAGGCT	Hypnozoite	NA	NA	NA	8	11	11	13	14	15	17	15	15	16	36	Hypnozoite	14	Asexual 13	-4.7690731416939	-6.01307421791951	-8.6431565431098	-2.92024672565662	1.34001954153114	4.40268925016975	-12.907172645302	-3.25807144869662	1.17156029193769	-10.4025576957243	-3.23943107193461	1.16457488279308	-0.750151523117598	-28.4434365235505	-4.19777144034448
610_CAACGATTCCCAACTC	0	0	36093191	SRR19573610	Ruberto2022_1	4	2022	Cambodia_Mondulkiri	10x_Chomium_V3	HiSeq X Ten	infected hepatocyte	BioIVT:BGW	Infected host hepatocytes	Liver stage	Cambodia field isolate	5	None	2	610_CAACGATTCCCAACTC	Hypnozoite	NA	NA	NA	0	0	0	0	0	0	7	7	8	8	36	Hypnozoite	0	Asexual 1	-4.76617587912066	-6.03782397377888	-8.65464068922797	-2.9638637357732	1.36212988451057	4.35952070540046	-12.907172645302	-3.25807144869662	1.17156029193769	-10.4022270728954	-3.23935126683673	1.16454168790209	-12.7997771175206	-12.1670762248842	-7.26788915531932
610_CAACGATTCCGAACGC	0	0	36093191	SRR19573610	Ruberto2022_1	4	2022	Cambodia_Mondulkiri	10x_Chomium_V3	HiSeq X Ten	infected hepatocyte	BioIVT:BGW	Infected host hepatocytes	Liver stage	Cambodia field isolate	5	None	2	610_CAACGATTCCGAACGC	Schizont	NA	NA	NA	0	0	4	5	6	6	8	8	9	9	36	Schizont (Liver stage)	6	Asexual 5	-4.78044332373126	-6.02975159752766	-8.64006568465033	-3.02032077846729	1.34190209463173	4.37012127226447	-12.907172645302	-3.25807144869662	1.17156029193769	-10.4029249010303	-3.23953565987321	1.1646236533655	-13.4632783939201	-16.1434341497079	-7.54187778745634
610_CAACGGCCAAGCAGGT	0	0	36093191	SRR19573610	Ruberto2022_1	4	2022	Cambodia_Mondulkiri	10x_Chomium_V3	HiSeq X Ten	infected hepatocyte	BioIVT:BGW	Infected host hepatocytes	Liver stage	Cambodia field isolate	5	None	2	610_CAACGGCCAAGCAGGT	Schizont	NA	NA	NA	11	13	14	16	19	19	20	18	18	19	36	Schizont (Liver stage)	19	Asexual 18	-4.75460447180255	-6.00410061943928	-8.61885406050482	-2.88178098736011	0.956847148685985	4.84166363066291	-12.907172645302	-3.25807144869662	1.17156029193769	-10.4025315617444	-3.23943278153778	1.16458521183861	20.0265319106007	-3.68085000086188	-16.4619811692598
610_CAACGGCTCGTACCTC	0	0	36093191	SRR19573610	Ruberto2022_1	4	2022	Cambodia_Mondulkiri	10x_Chomium_V3	HiSeq X Ten	infected hepatocyte	BioIVT:BGW	Infected host hepatocytes	Liver stage	Cambodia field isolate	5	None	2	610_CAACGGCTCGTACCTC	Hypnozoite	NA	NA	NA	0	0	4	5	6	6	8	8	9	9	36	Hypnozoite	6	Asexual 5	-4.77284635412676	-6.02746468651692	-8.64399577650824	-2.91495812473499	1.17452867582374	4.6073720771656	-12.907172645302	-3.25807144869662	1.17156029193769	-10.4028896811229	-3.23951369679971	1.1646048254773	-14.3382450937868	-15.8690692400671	-8.24540914829406
610_CAAGCTAAGCCGCTTG	0	0	36093191	SRR19573610	Ruberto2022_1	4	2022	Cambodia_Mondulkiri	10x_Chomium_V3	HiSeq X Ten	infected hepatocyte	BioIVT:BGW	Infected host hepatocytes	Liver stage	Cambodia field isolate	5	None	2	610_CAAGCTAAGCCGCTTG	Hypnozoite	NA	NA	NA	6	8	13	15	17	17	18	17	14	17	36	Hypnozoite	17	Asexual 16	-4.7547236810921	-6.02245169747273	-8.65717555556098	-2.9255963617345	1.00718005254798	4.80450228041267	-12.907172645302	-3.25807144869662	1.17156029193769	-10.4025005030432	-3.2394308374516	1.16458815186949	-7.12097413277377	-23.482195258569	-10.8699793257342
610_CAATGACCATTCGGGC	0	0	36093191	SRR19573610	Ruberto2022_1	4	2022	Cambodia_Mondulkiri	10x_Chomium_V3	HiSeq X Ten	infected hepatocyte	BioIVT:BGW	Infected host hepatocytes	Liver stage	Cambodia field isolate	5	None	2	610_CAATGACCATTCGGGC	Schizont	NA	NA	NA	0	0	0	0	0	0	7	7	8	8	36	Schizont (Liver stage)	0	Asexual 1	-4.76870597708209	-6.02180224526326	-8.64313842329779	-3.00187194881641	1.15445478513771	4.72233417814826	-12.907172645302	-3.25807144869662	1.17156029193769	-10.4023724639247	-3.23938665410017	1.1645558577404	-13.4494719367661	-11.8954809638152	-7.59955176207146
610_CACCGTTGTAGTATAG	0	0	36093191	SRR19573610	Ruberto2022_1	4	2022	Cambodia_Mondulkiri	10x_Chomium_V3	HiSeq X Ten	infected hepatocyte	BioIVT:BGW	Infected host hepatocytes	Liver stage	Cambodia field isolate	5	None	2	610_CACCGTTGTAGTATAG	Schizont	NA	NA	NA	3	5	7	9	11	11	12	11	11	11	36	Schizont (Liver stage)	11	Asexual 10	-4.76683772909625	-6.01917868721882	-8.64282466444769	-3.00479472217762	1.19683011129432	4.60388115233039	-12.907172645302	-3.25807144869662	1.17156029193769	-10.4025251333125	-3.23943843062271	1.16459156136557	-5.96255689034526	-22.5418048915361	-11.7969908755469
610_CACGGGTAGTTGCCTA	0	0	36093191	SRR19573610	Ruberto2022_1	4	2022	Cambodia_Mondulkiri	10x_Chomium_V3	HiSeq X Ten	infected hepatocyte	BioIVT:BGW	Infected host hepatocytes	Liver stage	Cambodia field isolate	5	None	2	610_CACGGGTAGTTGCCTA	Hypnozoite	NA	NA	NA	6	8	13	15	17	17	18	17	14	17	36	Hypnozoite	17	Asexual 16	-4.76266111242755	-6.02124911415974	-8.64740706953803	-2.95616949138843	1.00247629240089	4.84329441374396	-12.907172645302	-3.25807144869662	1.17156029193769	-10.4025017434766	-3.2394311757579	1.16458830231576	-7.11984873505505	-23.4830827777621	-10.8711478401539
610_CACGGGTGTCTTAGTG	0	0	36093191	SRR19573610	Ruberto2022_1	4	2022	Cambodia_Mondulkiri	10x_Chomium_V3	HiSeq X Ten	infected hepatocyte	BioIVT:BGW	Infected host hepatocytes	Liver stage	Cambodia field isolate	5	None	2	610_CACGGGTGTCTTAGTG	Hypnozoite	NA	NA	NA	0	0	0	0	0	0	7	7	8	8	36	Hypnozoite	0	Asexual 1	-4.7291528116463	-5.9969575988094	-8.66051055464545	-2.90048468647205	1.09039958074623	4.71785810774421	-12.907172645302	-3.25807144869662	1.17156029193769	-10.4023716109324	-3.23938642258298	1.16455575356353	-13.435000795372	-11.8995524129569	-7.58357897287474
610_CACGTTCCACCCTGTT	0	0	36093191	SRR19573610	Ruberto2022_1	4	2022	Cambodia_Mondulkiri	10x_Chomium_V3	HiSeq X Ten	infected hepatocyte	BioIVT:BGW	Infected host hepatocytes	Liver stage	Cambodia field isolate	5	None	2	610_CACGTTCCACCCTGTT	Hypnozoite	NA	NA	NA	13	15	17	19	21	21	22	21	21	21	36	Hypnozoite	21	Asexual 20	-4.75856698858721	-6.01372700798909	-8.64533854994574	-3.04604280529224	1.20250554636055	4.7025869209156	-12.907172645302	-3.25807144869662	1.17156029193769	-10.402644316269	-3.23946250418103	1.16460069017824	-4.38124837351553	-10.6684600031701	-22.7171174087218
610_CACTGTCTCATCTCTA	0	0	36093191	SRR19573610	Ruberto2022_1	4	2022	Cambodia_Mondulkiri	10x_Chomium_V3	HiSeq X Ten	infected hepatocyte	BioIVT:BGW	Infected host hepatocytes	Liver stage	Cambodia field isolate	5	None	2	610_CACTGTCTCATCTCTA	Hypnozoite	NA	NA	NA	11	13	14	16	19	19	20	18	18	19	36	Hypnozoite	19	Asexual 18	-4.75479854452593	-6.00804215538899	-8.64438106093207	-2.89147174892627	0.964117961674267	4.8057682830677	-12.907172645302	-3.25807144869662	1.17156029193769	-10.4025316562542	-3.23943280510367	1.16458522334873	20.0265375771826	-3.68085286423083	-16.4618537566122
610_CAGATACAGGGTCACA	1	1	36093191	SRR19573610	Ruberto2022_1	4	2022	Cambodia_Mondulkiri	10x_Chomium_V3	HiSeq X Ten	infected hepatocyte	BioIVT:BGW	Infected host hepatocytes	Liver stage	Cambodia field isolate	5	None	2	610_CAGATACAGGGTCACA	Hypnozoite	NA	NA	NA	0	0	4	5	6	6	8	8	9	9	36	Hypnozoite	6	Asexual 5	-4.75017465460284	-6.00995427239338	-8.64887191328803	-3.15389860210621	1.21893282487922	4.63517168348884	-12.907172645302	-3.25807144869662	1.17156029193769	-10.4029293990683	-3.23953175505075	1.16462192847975	-13.9155189329426	-15.9741845022685	-7.56457955448198
610_CAGCAATTCGCTGACG	0	0	36093191	SRR19573610	Ruberto2022_1	4	2022	Cambodia_Mondulkiri	10x_Chomium_V3	HiSeq X Ten	infected hepatocyte	BioIVT:BGW	Infected host hepatocytes	Liver stage	Cambodia field isolate	5	None	2	610_CAGCAATTCGCTGACG	Hypnozoite	NA	NA	NA	0	0	4	5	6	6	8	8	9	9	36	Hypnozoite	6	Asexual 5	-4.75185455191119	-6.00793582070271	-8.64627505812445	-3.13328278598987	1.20096393182808	4.68469265287971	-12.907172645302	-3.25807144869662	1.17156029193769	-10.4029300269503	-3.23953192490599	1.16462200310139	-13.9117315068862	-15.9716999452987	-7.55952345497782
610_CAGCAGCCACATGAAA	0	0	36093191	SRR19573610	Ruberto2022_1	4	2022	Cambodia_Mondulkiri	10x_Chomium_V3	HiSeq X Ten	infected hepatocyte	BioIVT:BGW	Infected host hepatocytes	Liver stage	Cambodia field isolate	5	None	2	610_CAGCAGCCACATGAAA	Hypnozoite	NA	NA	NA	5	6	8	10	12	13	13	12	12	12	36	Hypnozoite	12	Asexual 11	-4.74775613653643	-6.00392991173664	-8.64660026106635	-3.20545447406971	1.2815711076551	4.76428154295539	-12.907172645302	-3.25807144869662	1.17156029193769	-10.4027316746827	-3.23947953615887	1.1645902481848	11.8172872542298	-11.5667954905497	-21.152187761837
610_CAGGGCTCAAAGGGCT	0	0	36093191	SRR19573610	Ruberto2022_1	4	2022	Cambodia_Mondulkiri	10x_Chomium_V3	HiSeq X Ten	infected hepatocyte	BioIVT:BGW	Infected host hepatocytes	Liver stage	Cambodia field isolate	5	None	2	610_CAGGGCTCAAAGGGCT	Schizont	NA	NA	NA	2	4	6	7	9	8	11	10	10	10	36	Schizont (Liver stage)	9	Asexual 8	-4.74769891607745	-6.00369244683186	-8.64638091597357	-2.89113081035816	0.947445648460918	4.87224272078132	-12.907172645302	-3.25807144869662	1.17156029193769	-10.4025341923977	-3.23943593145552	1.164585284005	20.4744299579496	-2.66388577324875	-16.1712070887349
610_CAGGGCTCAAGGAGTC	0	0	36093191	SRR19573610	Ruberto2022_1	4	2022	Cambodia_Mondulkiri	10x_Chomium_V3	HiSeq X Ten	infected hepatocyte	BioIVT:BGW	Infected host hepatocytes	Liver stage	Cambodia field isolate	5	None	2	610_CAGGGCTCAAGGAGTC	Hypnozoite	NA	NA	NA	0	0	0	8	0	9	7	7	8	8	36	Hypnozoite	0	Asexual 1	-4.75813545095904	-6.02914267647663	-8.67936755690375	-3.02236903248035	1.33038051679664	4.43018225020026	-12.907172645302	-3.25807144869662	1.17156029193769	-10.4023939723357	-3.23939688077931	1.16456260415426	-13.1054123845431	-11.511343412496	-8.67387506222424
610_CAGGTATTCGTTCCCA	0	0	36093191	SRR19573610	Ruberto2022_1	4	2022	Cambodia_Mondulkiri	10x_Chomium_V3	HiSeq X Ten	infected hepatocyte	BioIVT:BGW	Infected host hepatocytes	Liver stage	Cambodia field isolate	5	None	2	610_CAGGTATTCGTTCCCA	Hypnozoite	NA	NA	NA	9	9	10	12	15	14	15	16	16	14	36	Hypnozoite	15	Asexual 14	-4.73286498892291	-5.99794036019246	-8.65462638411322	-3.04616034565174	1.12793548658424	4.78170040434455	-12.907172645302	-3.25807144869662	1.17156029193769	-10.4025840088239	-3.23945250913661	1.16459844871794	-7.23135797079092	-10.8568330892192	-22.2823825169236
610_CAGTTCCAGAAGCCTG	0	0	36093191	SRR19573610	Ruberto2022_1	4	2022	Cambodia_Mondulkiri	10x_Chomium_V3	HiSeq X Ten	infected hepatocyte	BioIVT:BGW	Infected host hepatocytes	Liver stage	Cambodia field isolate	5	None	2	610_CAGTTCCAGAAGCCTG	Schizont	NA	NA	NA	7	10	12	14	16	16	16	14	17	15	36	Schizont (Liver stage)	16	Asexual 15	-4.73587907659991	-5.99735432732502	-8.65102435622016	-3.24637592373096	1.26773675039344	4.71811989134406	-12.907172645302	-3.25807144869662	1.17156029193769	-10.4026212011843	-3.23945920476622	1.16460162244464	-4.9153233731864	-10.6791309965437	-22.4814420899413
610_CATACAGAGACCGCCT	0	0	36093191	SRR19573610	Ruberto2022_1	4	2022	Cambodia_Mondulkiri	10x_Chomium_V3	HiSeq X Ten	infected hepatocyte	BioIVT:BGW	Infected host hepatocytes	Liver stage	Cambodia field isolate	5	None	2	610_CATACAGAGACCGCCT	Hypnozoite	NA	NA	NA	8	11	11	13	14	15	17	15	15	16	36	Hypnozoite	14	Asexual 13	-4.73275627005084	-6.00319510567585	-8.65694190535346	-2.83344162044727	1.14043875291877	4.64117124861335	-12.907172645302	-3.25807144869662	1.17156029193769	-10.4025583981519	-3.23943126160606	1.16457496753249	-0.748767269968039	-28.4449225969806	-4.19720008411868
610_CATACCCGTGACCGAA	0	0	36093191	SRR19573610	Ruberto2022_1	4	2022	Cambodia_Mondulkiri	10x_Chomium_V3	HiSeq X Ten	infected hepatocyte	BioIVT:BGW	Infected host hepatocytes	Liver stage	Cambodia field isolate	5	None	2	610_CATACCCGTGACCGAA	Hypnozoite	NA	NA	NA	3	5	7	9	11	11	12	11	11	11	36	Hypnozoite	11	Asexual 10	-4.73514665472491	-5.99450999367634	-8.6493821290473	-3.09673560199939	1.03429241731697	4.93429592436408	-12.907172645302	-3.25807144869662	1.17156029193769	-10.4025245354494	-3.23943826554137	1.16459148800345	-5.96277156845736	-22.542994222264	-11.7971521779968
610_CATCGCTTCTTGTGCC	0	0	36093191	SRR19573610	Ruberto2022_1	4	2022	Cambodia_Mondulkiri	10x_Chomium_V3	HiSeq X Ten	infected hepatocyte	BioIVT:BGW	Infected host hepatocytes	Liver stage	Cambodia field isolate	5	None	2	610_CATCGCTTCTTGTGCC	Hypnozoite	NA	NA	NA	0	0	4	5	6	6	8	8	9	9	36	Hypnozoite	6	Asexual 5	-4.72164548742755	-5.98546391594807	-8.64840365919867	-3.18776548443042	1.2487684066587	4.64932707136726	-12.907172645302	-3.25807144869662	1.17156029193769	-10.4029305526565	-3.23953206771075	1.16462206607469	-13.9083092478638	-15.9705591835227	-7.55587068859584
610_CATCGGGTCTCGAACA	0	0	36093191	SRR19573610	Ruberto2022_1	4	2022	Cambodia_Mondulkiri	10x_Chomium_V3	HiSeq X Ten	infected hepatocyte	BioIVT:BGW	Infected host hepatocytes	Liver stage	Cambodia field isolate	5	None	2	610_CATCGGGTCTCGAACA	Schizont	NA	NA	NA	6	8	13	15	17	17	18	17	14	17	36	Schizont (Liver stage)	17	Asexual 16	-4.72824205267413	-6.01300316918293	-8.68599463972846	-2.944592600443	1.02185507371955	4.80174616163825	-12.907172645302	-3.25807144869662	1.17156029193769	-10.4025010507653	-3.23943098856789	1.16458821849087	-7.12069382835701	-23.4827412995862	-10.870718258938
610_CATCGTCGTGTTAAAG	0	0	36093191	SRR19573610	Ruberto2022_1	4	2022	Cambodia_Mondulkiri	10x_Chomium_V3	HiSeq X Ten	infected hepatocyte	BioIVT:BGW	Infected host hepatocytes	Liver stage	Cambodia field isolate	5	None	2	610_CATCGTCGTGTTAAAG	Hypnozoite	NA	NA	NA	12	14	16	18	20	20	21	20	20	20	36	Hypnozoite	20	Asexual 19	-4.71265949118121	-5.96989422905842	-8.63611842665473	-3.06029069957935	1.20940526083046	4.7305353004322	-12.907172645302	-3.25807144869662	1.17156029193769	-10.4026100423366	-3.23945898424539	1.1646030669543	-5.45245248647385	-10.7977888480921	-22.1576714897458
610_CATGGATTCATCACTT	0	0	36093191	SRR19573610	Ruberto2022_1	4	2022	Cambodia_Mondulkiri	10x_Chomium_V3	HiSeq X Ten	infected hepatocyte	BioIVT:BGW	Infected host hepatocytes	Liver stage	Cambodia field isolate	5	None	2	610_CATGGATTCATCACTT	Schizont	NA	NA	NA	0	0	4	5	6	6	8	8	9	9	36	Schizont (Liver stage)	6	Asexual 5	-4.7237645517586	-5.98242694008747	-8.64889289412299	-3.15043318805896	1.26277764394813	4.61159065550422	-12.907172645302	-3.25807144869662	1.17156029193769	-10.4029300317811	-3.23953192504908	1.16462200342388	-13.9122998751104	-15.971136144441	-7.55826295179959
610_CATGGTAAGCTGCCAC	0	0	36093191	SRR19573610	Ruberto2022_1	4	2022	Cambodia_Mondulkiri	10x_Chomium_V3	HiSeq X Ten	infected hepatocyte	BioIVT:BGW	Infected host hepatocytes	Liver stage	Cambodia field isolate	5	None	2	610_CATGGTAAGCTGCCAC	Hypnozoite	NA	NA	NA	13	15	17	19	21	21	22	21	21	21	36	Hypnozoite	21	Asexual 20	-4.72136844503863	-5.99426537621418	-8.65834762129584	-3.07787955341541	1.20593960836464	4.72505882567023	-12.907172645302	-3.25807144869662	1.17156029193769	-10.4026437610238	-3.23946235362414	1.16460062334544	-4.38161558924668	-10.6685895862966	-22.7168215929074
610_CATTCATCAGCACCCA	0	0	36093191	SRR19573610	Ruberto2022_1	4	2022	Cambodia_Mondulkiri	10x_Chomium_V3	HiSeq X Ten	infected hepatocyte	BioIVT:BGW	Infected host hepatocytes	Liver stage	Cambodia field isolate	5	None	2	610_CATTCATCAGCACCCA	Schizont	NA	NA	NA	2	4	6	7	9	8	11	10	10	10	36	Schizont (Liver stage)	9	Asexual 8	-4.70930160391314	-5.99779015648762	-8.66962958845892	-2.94402301845752	1.00360842302375	4.81463459318732	-12.907172645302	-3.25807144869662	1.17156029193769	-10.4025340503109	-3.23943589345437	1.16458526618064	20.4740477852018	-2.66472337260759	-16.1714467987952
610_CATTCTAGTAGGCAGT	0	0	36093191	SRR19573610	Ruberto2022_1	4	2022	Cambodia_Mondulkiri	10x_Chomium_V3	HiSeq X Ten	infected hepatocyte	BioIVT:BGW	Infected host hepatocytes	Liver stage	Cambodia field isolate	5	None	2	610_CATTCTAGTAGGCAGT	Hypnozoite	NA	NA	NA	5	6	8	10	12	13	13	12	12	12	36	Hypnozoite	12	Asexual 11	-4.71472324240191	-5.99158221352497	-8.66180564436713	-3.08488953647815	1.14221306398445	4.80623415297126	-12.907172645302	-3.25807144869662	1.17156029193769	-10.4027316243399	-3.23947951881455	1.16459024121867	11.8170583577148	-11.5670331403776	-21.1520134571931
610_CATTGCCAGAGAACCC	0	0	36093191	SRR19573610	Ruberto2022_1	4	2022	Cambodia_Mondulkiri	10x_Chomium_V3	HiSeq X Ten	infected hepatocyte	BioIVT:BGW	Infected host hepatocytes	Liver stage	Cambodia field isolate	5	None	2	610_CATTGCCAGAGAACCC	Hypnozoite	NA	NA	NA	4	7	9	11	13	12	14	13	13	13	36	Hypnozoite	13	Asexual 12	-4.72018827307208	-5.97946339714924	-8.64939452681342	-3.17634308872425	1.21475334718757	4.70788648909187	-12.907172645302	-3.25807144869662	1.17156029193769	-10.4025543049408	-3.2394347948625	1.16457760919136	-0.339996793684545	-28.9483772623382	-3.74464170831865
610_CATTGCCCACACGGTC	0	0	36093191	SRR19573610	Ruberto2022_1	4	2022	Cambodia_Mondulkiri	10x_Chomium_V3	HiSeq X Ten	infected hepatocyte	BioIVT:BGW	Infected host hepatocytes	Liver stage	Cambodia field isolate	5	None	2	610_CATTGCCCACACGGTC	Hypnozoite	NA	NA	NA	12	14	16	18	20	20	21	20	20	20	36	Hypnozoite	20	Asexual 19	-4.69543565618975	-5.96956282723347	-8.66139079603949	-3.10101211605274	1.17107065275245	4.77437046354865	-12.907172645302	-3.25807144869662	1.17156029193769	-10.4026093835922	-3.23945880664984	1.16460298676771	-5.4563182713299	-10.797843161075	-22.157659978889
610_CCAATGATCAGAGCGA	0	0	36093191	SRR19573610	Ruberto2022_1	4	2022	Cambodia_Mondulkiri	10x_Chomium_V3	HiSeq X Ten	infected hepatocyte	BioIVT:BGW	Infected host hepatocytes	Liver stage	Cambodia field isolate	5	None	2	610_CCAATGATCAGAGCGA	Hypnozoite	NA	NA	NA	6	8	13	15	17	17	18	17	14	17	36	Hypnozoite	17	Asexual 16	-4.68373979437335	-5.94838982689778	-8.65011264357367	-2.89341271457874	1.02295167997413	4.77201107328986	-12.907172645302	-3.25807144869662	1.17156029193769	-10.4025010504989	-3.23943098758758	1.16458821872062	-7.12069927283706	-23.4827956043293	-10.870708213612
610_CCACAAATCCGTATAG	0	0	36093191	SRR19573610	Ruberto2022_1	4	2022	Cambodia_Mondulkiri	10x_Chomium_V3	HiSeq X Ten	infected hepatocyte	BioIVT:BGW	Infected host hepatocytes	Liver stage	Cambodia field isolate	5	None	2	610_CCACAAATCCGTATAG	Schizont	NA	NA	NA	0	0	0	0	10	10	7	7	8	8	36	Schizont (Liver stage)	10	Asexual 9	-4.70077575552447	-5.98005848992268	-8.66285277876654	-3.07861221370899	1.03872235372596	4.92023924177741	-12.907172645302	-3.25807144869662	1.17156029193769	-10.4024263599938	-3.23940789546924	1.16457393003995	-13.056205652696	-17.7529050338474	-14.4408134012315
610_CCACACTCAACTCCAA	0	0	36093191	SRR19573610	Ruberto2022_1	4	2022	Cambodia_Mondulkiri	10x_Chomium_V3	HiSeq X Ten	infected hepatocyte	BioIVT:BGW	Infected host hepatocytes	Liver stage	Cambodia field isolate	5	None	2	610_CCACACTCAACTCCAA	Schizont	NA	NA	NA	5	6	8	10	12	13	13	12	12	12	36	Schizont (Liver stage)	12	Asexual 11	-4.70478357183917	-5.96761399376789	-8.65221454176703	-3.17144501743519	1.2148785169416	4.78961065596198	-12.907172645302	-3.25807144869662	1.17156029193769	-10.4027319602732	-3.23947960933471	1.16459028131846	11.8171180364136	-11.5669760644587	-21.1521216049021
610_CCACCATCAATTAGGA	0	0	36093191	SRR19573610	Ruberto2022_1	4	2022	Cambodia_Mondulkiri	10x_Chomium_V3	HiSeq X Ten	infected hepatocyte	BioIVT:BGW	Infected host hepatocytes	Liver stage	Cambodia field isolate	5	None	2	610_CCACCATCAATTAGGA	Hypnozoite	NA	NA	NA	13	15	17	19	21	21	22	21	21	21	36	Hypnozoite	21	Asexual 20	-4.73314155447467	-5.9919322119991	-8.67381240401068	-3.04253542957508	1.19984932497078	4.70201328581428	-12.907172645302	-3.25807144869662	1.17156029193769	-10.402644465914	-3.23946254397172	1.16460070837565	-4.38144038587465	-10.6685663258016	-22.7167565865412
610_CCACGAGGTAGGGAGG	0	0	36093191	SRR19573610	Ruberto2022_1	4	2022	Cambodia_Mondulkiri	10x_Chomium_V3	HiSeq X Ten	infected hepatocyte	BioIVT:BGW	Infected host hepatocytes	Liver stage	Cambodia field isolate	5	None	2	610_CCACGAGGTAGGGAGG	Schizont	NA	NA	NA	0	0	4	5	6	6	8	8	9	9	36	Schizont (Liver stage)	6	Asexual 5	-4.70725549566729	-5.96196251976887	-8.64615394148627	-3.0287982278844	1.36548002317482	4.33243826216315	-12.907172645302	-3.25807144869662	1.17156029193769	-10.4029243966775	-3.23953552563569	1.16462359346134	-13.4578086565149	-16.1437771513672	-7.54760796780573
610_CCACGTTAGCGAAACC	0	0	36093191	SRR19573610	Ruberto2022_1	4	2022	Cambodia_Mondulkiri	10x_Chomium_V3	HiSeq X Ten	infected hepatocyte	BioIVT:BGW	Infected host hepatocytes	Liver stage	Cambodia field isolate	5	None	2	610_CCACGTTAGCGAAACC	Hypnozoite	NA	NA	NA	3	5	7	9	11	11	12	11	11	11	36	Hypnozoite	11	Asexual 10	-4.69068683493121	-5.97006302941243	-8.6636004594306	-3.09784949360096	1.04317076757484	4.93671730345344	-12.907172645302	-3.25807144869662	1.17156029193769	-10.4025246179483	-3.23943828898771	1.16459149796505	-5.96277275160013	-22.542666982402	-11.7969843198917
610_CCACTTGGTATCACCA	0	0	36093191	SRR19573610	Ruberto2022_1	4	2022	Cambodia_Mondulkiri	10x_Chomium_V3	HiSeq X Ten	infected hepatocyte	BioIVT:BGW	Infected host hepatocytes	Liver stage	Cambodia field isolate	5	None	2	610_CCACTTGGTATCACCA	Hypnozoite	NA	NA	NA	10	12	15	17	18	18	19	19	19	18	36	Hypnozoite	18	Asexual 17	-4.68097509253009	-5.95484095681111	-8.66084147963324	-3.00628674564563	1.125207024365	4.70989063566779	-12.907172645302	-3.25807144869662	1.17156029193769	-10.4026094976571	-3.23944824315918	1.1645817104406	-5.87060093628809	-8.78642824282456	-23.8901109651301
610_CCATCACCACCTCTGT	0	0	36093191	SRR19573610	Ruberto2022_1	4	2022	Cambodia_Mondulkiri	10x_Chomium_V3	HiSeq X Ten	infected hepatocyte	BioIVT:BGW	Infected host hepatocytes	Liver stage	Cambodia field isolate	5	None	2	610_CCATCACCACCTCTGT	Hypnozoite	NA	NA	NA	12	14	16	18	20	20	21	20	20	20	36	Hypnozoite	20	Asexual 19	-4.70386756765826	-5.95721036065022	-8.64558650526801	-3.06338799534046	1.24263997629219	4.69781997984504	-12.907172645302	-3.25807144869662	1.17156029193769	-10.4026102253623	-3.23945903350579	1.16460308904616	-5.45083747464429	-10.7990013440875	-22.1571186483676
610_CCCAACTTCTAAGGAA	0	0	36093191	SRR19573610	Ruberto2022_1	4	2022	Cambodia_Mondulkiri	10x_Chomium_V3	HiSeq X Ten	infected hepatocyte	BioIVT:BGW	Infected host hepatocytes	Liver stage	Cambodia field isolate	5	None	2	610_CCCAACTTCTAAGGAA	Schizont	NA	NA	NA	12	14	16	18	20	20	21	20	20	20	36	Schizont (Liver stage)	20	Asexual 19	-4.68833268988116	-5.95813590157429	-8.65647460493842	-3.09556401310169	1.16982527330452	4.77073458021735	-12.907172645302	-3.25807144869662	1.17156029193769	-10.4026093927635	-3.2394588076257	1.16460298806286	-5.45631401480857	-10.7979365808557	-22.1576155904244
610_CCCGGAACAAACTAGA	0	0	36093191	SRR19573610	Ruberto2022_1	4	2022	Cambodia_Mondulkiri	10x_Chomium_V3	HiSeq X Ten	infected hepatocyte	BioIVT:BGW	Infected host hepatocytes	Liver stage	Cambodia field isolate	5	None	2	610_CCCGGAACAAACTAGA	Hypnozoite	NA	NA	NA	0	0	4	5	6	6	8	8	9	9	36	Hypnozoite	6	Asexual 5	-4.68556035864337	-5.94298964608113	-8.65018798384467	-3.12179148731434	1.22255786016517	4.65750578230476	-12.907172645302	-3.25807144869662	1.17156029193769	-10.4029302378096	-3.23953198300945	1.16462202877949	-13.9092619843732	-15.9707323360072	-7.55590141279388
610_CCCTCAATCTGCCCTA	0	0	36093191	SRR19573610	Ruberto2022_1	4	2022	Cambodia_Mondulkiri	10x_Chomium_V3	HiSeq X Ten	infected hepatocyte	BioIVT:BGW	Infected host hepatocytes	Liver stage	Cambodia field isolate	5	None	2	610_CCCTCAATCTGCCCTA	Hypnozoite	NA	NA	NA	3	5	7	9	11	11	12	11	11	11	36	Hypnozoite	11	Asexual 10	-4.69465602743609	-5.94268923867146	-8.64048911604682	-3.0885442548772	1.04201312616401	4.9306438285694	-12.907172645302	-3.25807144869662	1.17156029193769	-10.402524533531	-3.23943827014764	1.16459148847245	-5.9632124624145	-22.5420294994201	-11.7965092942324
610_CCCTCTCCAAGCTCTA	0	0	36093191	SRR19573610	Ruberto2022_1	4	2022	Cambodia_Mondulkiri	10x_Chomium_V3	HiSeq X Ten	infected hepatocyte	BioIVT:BGW	Infected host hepatocytes	Liver stage	Cambodia field isolate	5	None	2	610_CCCTCTCCAAGCTCTA	Hypnozoite	NA	NA	NA	6	8	13	15	17	17	18	17	14	17	36	Hypnozoite	17	Asexual 16	-4.68313897955401	-5.9528992759029	-8.65475417647162	-2.91853297291004	0.999413328915172	4.81050136870002	-12.907172645302	-3.25807144869662	1.17156029193769	-10.4025004058939	-3.23943081311791	1.16458813999041	-7.12137378420787	-23.4813704614659	-10.869480687343
610_CCTACGTTCCAGCCTT	0	0	36093191	SRR19573610	Ruberto2022_1	4	2022	Cambodia_Mondulkiri	10x_Chomium_V3	HiSeq X Ten	infected hepatocyte	BioIVT:BGW	Infected host hepatocytes	Liver stage	Cambodia field isolate	5	None	2	610_CCTACGTTCCAGCCTT	Hypnozoite	NA	NA	NA	3	5	7	9	11	11	12	11	11	11	36	Hypnozoite	11	Asexual 10	-4.69447578299029	-5.96290141213337	-8.66558410200873	-3.00465500889026	1.18361337736183	4.61665371245002	-12.907172645302	-3.25807144869662	1.17156029193769	-10.4025251322688	-3.23943843033646	1.16459156123906	-5.96232618496106	-22.5420610998212	-11.7971868707073
610_CCTACGTTCGTGGCGT	0	0	36093191	SRR19573610	Ruberto2022_1	4	2022	Cambodia_Mondulkiri	10x_Chomium_V3	HiSeq X Ten	infected hepatocyte	BioIVT:BGW	Infected host hepatocytes	Liver stage	Cambodia field isolate	5	None	2	610_CCTACGTTCGTGGCGT	Hypnozoite	NA	NA	NA	0	0	0	0	0	0	7	7	8	8	36	Hypnozoite	0	Asexual 1	-4.68629707205279	-5.93648701775471	-8.64523078474799	-2.99268425045215	1.32254584386879	4.44225433653449	-12.907172645302	-3.25807144869662	1.17156029193769	-10.402227709367	-3.2393514390524	1.16454176531684	-12.804749910074	-12.1655355958675	-7.27554706439026
610_CCTATCGTCTGCGATA	0	0	36093191	SRR19573610	Ruberto2022_1	4	2022	Cambodia_Mondulkiri	10x_Chomium_V3	HiSeq X Ten	infected hepatocyte	BioIVT:BGW	Infected host hepatocytes	Liver stage	Cambodia field isolate	5	None	2	610_CCTATCGTCTGCGATA	Schizont	NA	NA	NA	11	13	14	16	19	19	20	18	18	19	36	Schizont (Liver stage)	19	Asexual 18	-4.68612254965289	-5.93956690895955	-8.64692069563666	-2.92254150448047	1.00945313528114	4.83019045179938	-12.907172645302	-3.25807144869662	1.17156029193769	-10.4025321120702	-3.23943293466431	1.16458527922538	20.0267069427921	-3.68083350383919	-16.4619876070032
610_CCTCAACTCATCGCTC	0	0	36093191	SRR19573610	Ruberto2022_1	4	2022	Cambodia_Mondulkiri	10x_Chomium_V3	HiSeq X Ten	infected hepatocyte	BioIVT:BGW	Infected host hepatocytes	Liver stage	Cambodia field isolate	5	None	2	610_CCTCAACTCATCGCTC	Hypnozoite	NA	NA	NA	3	5	7	9	11	11	12	11	11	11	36	Hypnozoite	11	Asexual 10	-4.67625774252398	-5.93339329827229	-8.64978362593451	-3.12919152317249	1.02966006353431	4.99717834776496	-12.907172645302	-3.25807144869662	1.17156029193769	-10.4025240782601	-3.23943814076925	1.16459143249791	-5.96375243154191	-22.5429521366901	-11.7961143571012
610_CCTCACAAGCCTAACT	0	0	36093191	SRR19573610	Ruberto2022_1	4	2022	Cambodia_Mondulkiri	10x_Chomium_V3	HiSeq X Ten	infected hepatocyte	BioIVT:BGW	Infected host hepatocytes	Liver stage	Cambodia field isolate	5	None	2	610_CCTCACAAGCCTAACT	Schizont	NA	NA	NA	0	0	4	5	6	6	8	8	9	9	36	Schizont (Liver stage)	6	Asexual 5	-4.67880643713458	-5.92143136132161	-8.6386103776435	-3.1520732694646	1.26127930238777	4.60952785795783	-12.907172645302	-3.25807144869662	1.17156029193769	-10.4029294539415	-3.23953176809219	1.16462193521948	-13.9152685974922	-15.9716540018893	-7.56440554830378
610_CCTCACAGTAACCCGC	0	0	36093191	SRR19573610	Ruberto2022_1	4	2022	Cambodia_Mondulkiri	10x_Chomium_V3	HiSeq X Ten	infected hepatocyte	BioIVT:BGW	Infected host hepatocytes	Liver stage	Cambodia field isolate	5	None	2	610_CCTCACAGTAACCCGC	Hypnozoite	NA	NA	NA	9	9	10	12	15	14	15	16	16	14	36	Hypnozoite	15	Asexual 14	-4.67979396688922	-5.9303186522762	-8.64523936781683	-3.07813537655079	1.12621493890815	4.83711651152228	-12.907172645302	-3.25807144869662	1.17156029193769	-10.4025840089925	-3.23945250918319	1.1645984487383	-7.2313776087131	-10.8568541621456	-22.2822575577932
610_CCTCACATCATGGGAG	0	0	36093191	SRR19573610	Ruberto2022_1	4	2022	Cambodia_Mondulkiri	10x_Chomium_V3	HiSeq X Ten	infected hepatocyte	BioIVT:BGW	Infected host hepatocytes	Liver stage	Cambodia field isolate	5	None	2	610_CCTCACATCATGGGAG	Hypnozoite	NA	NA	NA	9	9	10	12	15	14	15	16	16	14	36	Hypnozoite	15	Asexual 14	-4.67907775747759	-5.91839057076374	-8.63524009260932	-3.03665674267017	1.1266536290937	4.79197862928962	-12.907172645302	-3.25807144869662	1.17156029193769	-10.4025844654933	-3.23945263426736	1.16459850422744	-7.23149306763345	-10.8569340676949	-22.2817637605031
610_CCTCAGTTCTGAGATC	0	0	36093191	SRR19573610	Ruberto2022_1	4	2022	Cambodia_Mondulkiri	10x_Chomium_V3	HiSeq X Ten	infected hepatocyte	BioIVT:BGW	Infected host hepatocytes	Liver stage	Cambodia field isolate	5	None	2	610_CCTCAGTTCTGAGATC	Schizont	NA	NA	NA	0	0	0	0	10	10	7	7	8	8	36	Schizont (Liver stage)	10	Asexual 9	-4.67180885183795	-5.94535809624592	-8.66643477949896	-3.14785945949756	1.11321349695259	4.91621187513923	-12.907172645302	-3.25807144869662	1.17156029193769	-10.4024263060093	-3.23940788256707	1.16457392327017	-13.0559719929931	-17.7525578315362	-14.439909509229
610_CCTCCAAGTGACTCGC	0	0	36093191	SRR19573610	Ruberto2022_1	4	2022	Cambodia_Mondulkiri	10x_Chomium_V3	HiSeq X Ten	infected hepatocyte	BioIVT:BGW	Infected host hepatocytes	Liver stage	Cambodia field isolate	5	None	2	610_CCTCCAAGTGACTCGC	Schizont	NA	NA	NA	9	9	10	12	15	14	15	16	16	14	36	Schizont (Liver stage)	15	Asexual 14	-4.65391839849932	-5.90375214684407	-8.62428237471381	-3.12385190067493	1.14546688154274	4.79601076429938	-12.907172645302	-3.25807144869662	1.17156029193769	-10.4025838178256	-3.23945245912591	1.16459842533444	-7.23171600691283	-10.8572337163533	-22.2819509502848
610_CCTGTTGCATCACCAA	0	0	36093191	SRR19573610	Ruberto2022_1	4	2022	Cambodia_Mondulkiri	10x_Chomium_V3	HiSeq X Ten	infected hepatocyte	BioIVT:BGW	Infected host hepatocytes	Liver stage	Cambodia field isolate	5	None	2	610_CCTGTTGCATCACCAA	Hypnozoite	NA	NA	NA	8	11	11	13	14	15	17	15	15	16	36	Hypnozoite	14	Asexual 13	-4.64485944616778	-5.89485579598347	-8.63155032667914	-2.94899523792469	1.30451698854499	4.44705990141486	-12.907172645302	-3.25807144869662	1.17156029193769	-10.4025577878805	-3.23943109666798	1.16457489376927	-0.750129699324542	-28.4434637855732	-4.1976950161934
610_CCTTGTGGTCCCGTGA	0	0	36093191	SRR19573610	Ruberto2022_1	4	2022	Cambodia_Mondulkiri	10x_Chomium_V3	HiSeq X Ten	infected hepatocyte	BioIVT:BGW	Infected host hepatocytes	Liver stage	Cambodia field isolate	5	None	2	610_CCTTGTGGTCCCGTGA	Hypnozoite	NA	NA	NA	2	4	6	7	9	8	11	10	10	10	36	Hypnozoite	9	Asexual 8	-4.66122592794879	-5.92176323998372	-8.64864589247504	-2.94695389805042	1.00291593626075	4.82605675047492	-12.907172645302	-3.25807144869662	1.17156029193769	-10.402534193898	-3.23943593186584	1.16458528418606	20.4743466872374	-2.66387077945088	-16.1712045033667
610_CGAAGGAGTGGACTGA	0	0	36093191	SRR19573610	Ruberto2022_1	4	2022	Cambodia_Mondulkiri	10x_Chomium_V3	HiSeq X Ten	infected hepatocyte	BioIVT:BGW	Infected host hepatocytes	Liver stage	Cambodia field isolate	5	None	2	610_CGAAGGAGTGGACTGA	Hypnozoite	NA	NA	NA	0	0	4	5	6	6	8	8	9	9	36	Hypnozoite	6	Asexual 5	-4.6632987390755	-5.90999680626789	-8.59418632063666	-2.88338506756031	1.19389815881782	4.57862833326911	-12.907172645302	-3.25807144869662	1.17156029193769	-10.4028898794465	-3.23951374814454	1.16460484775703	-14.3365651117684	-15.8691136901274	-8.24055064826391
610_CGAAGTTAGGACCCAA	0	0	36093191	SRR19573610	Ruberto2022_1	4	2022	Cambodia_Mondulkiri	10x_Chomium_V3	HiSeq X Ten	infected hepatocyte	BioIVT:BGW	Infected host hepatocytes	Liver stage	Cambodia field isolate	5	None	2	610_CGAAGTTAGGACCCAA	Hypnozoite	NA	NA	NA	0	0	4	5	6	6	8	8	9	9	36	Hypnozoite	6	Asexual 5	-4.66970361578448	-5.91232281792561	-8.63967944655219	-2.92363465366565	0.987936335354381	4.81887272184943	-12.907172645302	-3.25807144869662	1.17156029193769	-10.4028414700534	-3.23950435588769	1.1646053227399	-15.1514844061509	-15.894818877426	-9.43588798292262
610_CGAAGTTGTGAGTCAG	0	0	36093191	SRR19573610	Ruberto2022_1	4	2022	Cambodia_Mondulkiri	10x_Chomium_V3	HiSeq X Ten	infected hepatocyte	BioIVT:BGW	Infected host hepatocytes	Liver stage	Cambodia field isolate	5	None	2	610_CGAAGTTGTGAGTCAG	Hypnozoite	NA	NA	NA	5	6	8	10	12	13	13	12	12	12	36	Hypnozoite	12	Asexual 11	-4.66027034628375	-5.92881327736775	-8.65995933089057	-3.11382592258655	1.1976244027906	4.75342539137458	-12.907172645302	-3.25807144869662	1.17156029193769	-10.4027316025185	-3.23947951137393	1.16459023908427	11.8171693793744	-11.5670317029647	-21.1520100959741
610_CGACAGCAGCAAGTCG	0	0	36093191	SRR19573610	Ruberto2022_1	4	2022	Cambodia_Mondulkiri	10x_Chomium_V3	HiSeq X Ten	infected hepatocyte	BioIVT:BGW	Infected host hepatocytes	Liver stage	Cambodia field isolate	5	None	2	610_CGACAGCAGCAAGTCG	Schizont	NA	NA	NA	2	4	6	7	9	8	11	10	10	10	36	Schizont (Liver stage)	9	Asexual 8	-4.66268123495562	-5.90852194893757	-8.64081336531439	-2.99850333271228	1.01871092870765	4.82394007032966	-12.907172645302	-3.25807144869662	1.17156029193769	-10.4025334961743	-3.23943574318481	1.16458519940878	20.4719361881124	-2.66894578027368	-16.1725383807325
610_CGAGGCTAGCGTTCAT	0	0	36093191	SRR19573610	Ruberto2022_1	4	2022	Cambodia_Mondulkiri	10x_Chomium_V3	HiSeq X Ten	infected hepatocyte	BioIVT:BGW	Infected host hepatocytes	Liver stage	Cambodia field isolate	5	None	2	610_CGAGGCTAGCGTTCAT	Schizont	NA	NA	NA	2	4	6	7	9	8	11	10	10	10	36	Schizont (Liver stage)	9	Asexual 8	-4.65055621969683	-5.8933632956783	-8.64060927901068	-3.0830887609502	1.06059904649787	4.93092373198127	-12.907172645302	-3.25807144869662	1.17156029193769	-10.402533640878	-3.23943578045217	1.16458521703369	20.4723978080533	-2.6678482228764	-16.1723391833245
610_CGAGTTATCATGCCAA	0	0	36093191	SRR19573610	Ruberto2022_1	4	2022	Cambodia_Mondulkiri	10x_Chomium_V3	HiSeq X Ten	infected hepatocyte	BioIVT:BGW	Infected host hepatocytes	Liver stage	Cambodia field isolate	5	None	2	610_CGAGTTATCATGCCAA	Hypnozoite	NA	NA	NA	4	7	9	11	13	12	14	13	13	13	36	Hypnozoite	13	Asexual 12	-4.6556698213814	-5.91062432396809	-8.64848853621283	-3.17863619861805	1.23894079282814	4.69328811949348	-12.907172645302	-3.25807144869662	1.17156029193769	-10.4025529492246	-3.23943442846681	1.16457744662549	-0.340327740229814	-28.948174157489	-3.74497460112883
610_CGCATAACATATCTGG	0	0	36093191	SRR19573610	Ruberto2022_1	4	2022	Cambodia_Mondulkiri	10x_Chomium_V3	HiSeq X Ten	infected hepatocyte	BioIVT:BGW	Infected host hepatocytes	Liver stage	Cambodia field isolate	5	None	2	610_CGCATAACATATCTGG	Hypnozoite	NA	NA	NA	2	4	6	7	9	8	11	10	10	10	36	Hypnozoite	9	Asexual 8	-4.66233171331866	-5.89882117379109	-8.63548232588568	-2.96291244564258	1.02747161939674	4.82092264479255	-12.907172645302	-3.25807144869662	1.17156029193769	-10.4025341016336	-3.23943590605629	1.1645852727114	20.474099046438	-2.66443718603699	-16.1713643562304
610_CGGAACCGTTTGCCGG	0	0	36093191	SRR19573610	Ruberto2022_1	4	2022	Cambodia_Mondulkiri	10x_Chomium_V3	HiSeq X Ten	infected hepatocyte	BioIVT:BGW	Infected host hepatocytes	Liver stage	Cambodia field isolate	5	None	2	610_CGGAACCGTTTGCCGG	Hypnozoite	NA	NA	NA	11	13	14	16	19	19	20	18	18	19	36	Hypnozoite	19	Asexual 18	-4.65628970968707	-5.94228821862141	-8.68232394728461	-2.97117102680408	1.05508645132118	4.7966277915821	-12.907172645302	-3.25807144869662	1.17156029193769	-10.4025317506974	-3.23943283097273	1.16458523493607	20.0267037591685	-3.68082949423661	-16.4619840469552
610_CGGTCAGGTCGCAGTC	0	0	36093191	SRR19573610	Ruberto2022_1	4	2022	Cambodia_Mondulkiri	10x_Chomium_V3	HiSeq X Ten	infected hepatocyte	BioIVT:BGW	Infected host hepatocytes	Liver stage	Cambodia field isolate	5	None	2	610_CGGTCAGGTCGCAGTC	Hypnozoite	NA	NA	NA	6	8	13	15	17	17	18	17	14	17	36	Hypnozoite	17	Asexual 16	-4.66013635504229	-5.8937910186092	-8.63387156996527	-2.93992984829151	1.03482730939918	4.80188206022834	-12.907172645302	-3.25807144869662	1.17156029193769	-10.4025009550843	-3.23943096602492	1.1645882075108	-7.12122332526142	-23.4813117736448	-10.8697883225958
610_CTACCCAGTTACTCAG	0	0	36093191	SRR19573610	Ruberto2022_1	4	2022	Cambodia_Mondulkiri	10x_Chomium_V3	HiSeq X Ten	infected hepatocyte	BioIVT:BGW	Infected host hepatocytes	Liver stage	Cambodia field isolate	5	None	2	610_CTACCCAGTTACTCAG	Hypnozoite	NA	NA	NA	0	0	4	5	6	6	8	8	9	9	36	Hypnozoite	6	Asexual 5	-4.65965045797808	-5.89153605568806	-8.63287593397894	-3.16361821232044	1.17124147966438	4.77102020567512	-12.907172645302	-3.25807144869662	1.17156029193769	-10.4029300281265	-3.23953192522532	1.16462200324056	-13.9113406416632	-15.9713094134805	-7.55878329357695
610_CTACGGGTCGGTGTTA	0	0	36093191	SRR19573610	Ruberto2022_1	4	2022	Cambodia_Mondulkiri	10x_Chomium_V3	HiSeq X Ten	infected hepatocyte	BioIVT:BGW	Infected host hepatocytes	Liver stage	Cambodia field isolate	5	None	2	610_CTACGGGTCGGTGTTA	Schizont	NA	NA	NA	8	11	11	13	14	15	17	15	15	16	36	Schizont (Liver stage)	14	Asexual 13	-4.65859521734698	-5.88910418618122	-8.63211108717719	-2.94659007129871	1.30799217775398	4.45334032362556	-12.907172645302	-3.25807144869662	1.17156029193769	-10.4025577878203	-3.2394310966517	1.1645748937621	-0.750128837171729	-28.4433064894695	-4.19769267451033
610_CTATCTATCACTCACC	0	0	36093191	SRR19573610	Ruberto2022_1	4	2022	Cambodia_Mondulkiri	10x_Chomium_V3	HiSeq X Ten	infected hepatocyte	BioIVT:BGW	Infected host hepatocytes	Liver stage	Cambodia field isolate	5	None	2	610_CTATCTATCACTCACC	Hypnozoite	NA	NA	NA	6	8	13	15	17	17	18	17	14	17	36	Hypnozoite	17	Asexual 16	-4.63005508291705	-5.86738616097371	-8.61951304945746	-2.91899216709339	1.01269205167823	4.78175810164069	-12.907172645302	-3.25807144869662	1.17156029193769	-10.4025011992682	-3.23943103272625	1.16458823732035	-7.12049374538514	-23.4821999691814	-10.870529055613
610_CTCAACCTCCCTCAAC	0	0	36093191	SRR19573610	Ruberto2022_1	4	2022	Cambodia_Mondulkiri	10x_Chomium_V3	HiSeq X Ten	infected hepatocyte	BioIVT:BGW	Infected host hepatocytes	Liver stage	Cambodia field isolate	5	None	2	610_CTCAACCTCCCTCAAC	Hypnozoite	NA	NA	NA	7	10	12	14	16	16	16	14	17	15	36	Hypnozoite	16	Asexual 15	-4.61310733664019	-5.91915398705403	-8.68290759596625	-3.15863359508716	1.16485555723243	4.76961687391853	-12.907172645302	-3.25807144869662	1.17156029193769	-10.4026211943242	-3.23945920317736	1.1646016212328	-4.91539879839444	-10.6790869307917	-22.4816049681586
610_CTCAAGATCGAGAGAC	0	0	36093191	SRR19573610	Ruberto2022_1	4	2022	Cambodia_Mondulkiri	10x_Chomium_V3	HiSeq X Ten	infected hepatocyte	BioIVT:BGW	Infected host hepatocytes	Liver stage	Cambodia field isolate	5	None	2	610_CTCAAGATCGAGAGAC	Schizont	NA	NA	NA	0	0	4	5	6	6	8	8	9	9	36	Schizont (Liver stage)	6	Asexual 5	-4.64501298773272	-5.86623316872517	-8.6262116578559	-3.02990401325428	1.36039944246345	4.33215072935676	-12.907172645302	-3.25807144869662	1.17156029193769	-10.4029249721235	-3.23953568434279	1.16462366232025	-13.4635082648048	-16.1427882101183	-7.53785329213613
610_CTCAATTCAGATGCGA	0	0	36093191	SRR19573610	Ruberto2022_1	4	2022	Cambodia_Mondulkiri	10x_Chomium_V3	HiSeq X Ten	infected hepatocyte	BioIVT:BGW	Infected host hepatocytes	Liver stage	Cambodia field isolate	5	None	2	610_CTCAATTCAGATGCGA	Hypnozoite	NA	NA	NA	11	13	14	16	19	19	20	18	18	19	36	Hypnozoite	19	Asexual 18	-4.63970960485919	-5.86617165673176	-8.6305833009223	-2.91412461338245	0.989962058811718	4.83321169203376	-12.907172645302	-3.25807144869662	1.17156029193769	-10.4025322118974	-3.23943295710462	1.1645852903977	20.0265375642074	-3.68083599840332	-16.4618110176432
610_CTCAATTTCGATCCCT	0	0	36093191	SRR19573610	Ruberto2022_1	4	2022	Cambodia_Mondulkiri	10x_Chomium_V3	HiSeq X Ten	infected hepatocyte	BioIVT:BGW	Infected host hepatocytes	Liver stage	Cambodia field isolate	5	None	2	610_CTCAATTTCGATCCCT	Hypnozoite	NA	NA	NA	0	0	0	0	0	0	7	7	8	8	36	Hypnozoite	0	Asexual 1	-4.64138282644732	-5.88015252221028	-8.63805724653998	-2.94169438419544	1.08201106145912	4.74992588347053	-12.907172645302	-3.25807144869662	1.17156029193769	-10.4023716131677	-3.23938642319527	1.16455575383353	-13.4352924180496	-11.8999719212249	-7.58337245484819
610_CTCAGAATCCTACCGT	0	0	36093191	SRR19573610	Ruberto2022_1	4	2022	Cambodia_Mondulkiri	10x_Chomium_V3	HiSeq X Ten	infected hepatocyte	BioIVT:BGW	Infected host hepatocytes	Liver stage	Cambodia field isolate	5	None	2	610_CTCAGAATCCTACCGT	Hypnozoite	NA	NA	NA	8	11	11	13	14	15	17	15	15	16	36	Hypnozoite	14	Asexual 13	-4.63437904226763	-5.8852837668697	-8.64748050246039	-2.87201583919727	1.19556756570869	4.55470445936774	-12.907172645302	-3.25807144869662	1.17156029193769	-10.4025582315668	-3.23943121541516	1.16457494731707	-0.749843419526328	-28.4435550466325	-4.19753199812408
610_CTCCACATCCCGTTCA	0	0	36093191	SRR19573610	Ruberto2022_1	4	2022	Cambodia_Mondulkiri	10x_Chomium_V3	HiSeq X Ten	infected hepatocyte	BioIVT:BGW	Infected host hepatocytes	Liver stage	Cambodia field isolate	5	None	2	610_CTCCACATCCCGTTCA	Schizont	NA	NA	NA	5	6	8	10	12	13	13	12	12	12	36	Schizont (Liver stage)	12	Asexual 11	-4.62496913778765	-5.85653573143879	-8.63486339125433	-3.07505024013721	1.10020382955604	4.8104102928028	-12.907172645302	-3.25807144869662	1.17156029193769	-10.4027311069064	-3.23947937942075	1.16459018016117	11.8174171536732	-11.5667932809169	-21.152189001249
610_CTCCTTTTCGTGTTCC	0	0	36093191	SRR19573610	Ruberto2022_1	4	2022	Cambodia_Mondulkiri	10x_Chomium_V3	HiSeq X Ten	infected hepatocyte	BioIVT:BGW	Infected host hepatocytes	Liver stage	Cambodia field isolate	5	None	2	610_CTCCTTTTCGTGTTCC	Hypnozoite	NA	NA	NA	4	7	9	11	13	12	14	13	13	13	36	Hypnozoite	13	Asexual 12	-4.63183559286578	-5.85196095574299	-8.62626029524603	-2.99670565662586	1.27632518365913	4.5652258712635	-12.907172645302	-3.25807144869662	1.17156029193769	-10.4025535079088	-3.23943458348392	1.16457751448231	-0.340191803173675	-28.9480822459379	-3.74485746783463
610_CTGAGCGCAGACCAGA	0	0	36093191	SRR19573610	Ruberto2022_1	4	2022	Cambodia_Mondulkiri	10x_Chomium_V3	HiSeq X Ten	infected hepatocyte	BioIVT:BGW	Infected host hepatocytes	Liver stage	Cambodia field isolate	5	None	2	610_CTGAGCGCAGACCAGA	Hypnozoite	NA	NA	NA	0	0	0	8	0	9	7	7	8	8	36	Hypnozoite	0	Asexual 1	-4.6386987100838	-5.85554057228962	-8.62210322890082	-3.06550157604419	1.30334551885658	4.47009208983039	-12.907172645302	-3.25807144869662	1.17156029193769	-10.4023933258201	-3.23939670623967	1.16456252603175	-13.0992059439945	-11.5938102527216	-8.50361768286842
610_CTGAGGCTCACCGACG	0	0	36093191	SRR19573610	Ruberto2022_1	4	2022	Cambodia_Mondulkiri	10x_Chomium_V3	HiSeq X Ten	infected hepatocyte	BioIVT:BGW	Infected host hepatocytes	Liver stage	Cambodia field isolate	5	None	2	610_CTGAGGCTCACCGACG	Hypnozoite	NA	NA	NA	0	0	4	5	6	6	8	8	9	9	36	Hypnozoite	6	Asexual 5	-4.62672819006426	-5.84541636574665	-8.62520457777777	-2.89835489330494	1.15850277498298	4.63354566877937	-12.907172645302	-3.25807144869662	1.17156029193769	-10.4028890524461	-3.23951352989757	1.16460475133464	-14.3519845110892	-15.8640890472721	-8.25935495685711
610_CTGCAGGCATACAGAA	0	0	36093191	SRR19573610	Ruberto2022_1	4	2022	Cambodia_Mondulkiri	10x_Chomium_V3	HiSeq X Ten	infected hepatocyte	BioIVT:BGW	Infected host hepatocytes	Liver stage	Cambodia field isolate	5	None	2	610_CTGCAGGCATACAGAA	Hypnozoite	NA	NA	NA	0	0	0	8	0	9	7	7	8	8	36	Hypnozoite	0	Asexual 1	-4.63374437201007	-5.85467177498738	-8.62054301771918	-2.95380890903675	1.32755084589058	4.36807516401862	-12.907172645302	-3.25807144869662	1.17156029193769	-10.4023939724775	-3.23939688081887	1.16456260417136	-13.1022131295692	-11.5049892276505	-8.67938361200923
610_CTGCAGGTCCGAGCTG	0	0	36093191	SRR19573610	Ruberto2022_1	4	2022	Cambodia_Mondulkiri	10x_Chomium_V3	HiSeq X Ten	infected hepatocyte	BioIVT:BGW	Infected host hepatocytes	Liver stage	Cambodia field isolate	5	None	2	610_CTGCAGGTCCGAGCTG	Hypnozoite	NA	NA	NA	2	4	6	7	9	8	11	10	10	10	36	Hypnozoite	9	Asexual 8	-4.64360393393023	-5.85479575264851	-8.61901618513861	-2.92098177013599	0.996130185871654	4.83694151228522	-12.907172645302	-3.25807144869662	1.17156029193769	-10.4025341957077	-3.23943593209555	1.16458528388633	20.4744368398776	-2.66387085444052	-16.1712028493806
610_CTGCATCAGCAATAGT	0	0	36093191	SRR19573610	Ruberto2022_1	4	2022	Cambodia_Mondulkiri	10x_Chomium_V3	HiSeq X Ten	infected hepatocyte	BioIVT:BGW	Infected host hepatocytes	Liver stage	Cambodia field isolate	5	None	2	610_CTGCATCAGCAATAGT	Hypnozoite	NA	NA	NA	0	0	4	5	6	6	8	8	9	9	36	Hypnozoite	6	Asexual 5	-4.63643039572222	-5.84963828194538	-8.62021495375433	-2.97321165142261	1.08590896680885	4.73435381239509	-12.907172645302	-3.25807144869662	1.17156029193769	-10.4028406366003	-3.23950412926153	1.16460522306486	-15.2046757556003	-15.9000165261153	-9.49947055277756
610_CTGGACGAGGCTCTCG	1	1	36093191	SRR19573610	Ruberto2022_1	4	2022	Cambodia_Mondulkiri	10x_Chomium_V3	HiSeq X Ten	infected hepatocyte	BioIVT:BGW	Infected host hepatocytes	Liver stage	Cambodia field isolate	5	None	2	610_CTGGACGAGGCTCTCG	Schizont	NA	NA	NA	4	7	9	11	13	12	14	13	13	13	36	Schizont (Liver stage)	13	Asexual 12	-4.64522279608233	-5.84307414162556	-8.60993339094916	-3.1496330553075	1.21304376676612	4.78850010222053	-12.907172645302	-3.25807144869662	1.17156029193769	-10.4025543039401	-3.23943479458802	1.16457760907151	-0.339998056896358	-28.9483137309153	-3.74464239299281
610_CTGTAGACACTTTATC	0	0	36093191	SRR19573610	Ruberto2022_1	4	2022	Cambodia_Mondulkiri	10x_Chomium_V3	HiSeq X Ten	infected hepatocyte	BioIVT:BGW	Infected host hepatocytes	Liver stage	Cambodia field isolate	5	None	2	610_CTGTAGACACTTTATC	Schizont	NA	NA	NA	3	5	7	9	11	11	12	11	11	11	36	Schizont (Liver stage)	11	Asexual 10	-4.62744773733599	-5.85063677895466	-8.62480403456488	-3.08297646579944	1.14716299131446	4.76779154127692	-12.907172645302	-3.25807144869662	1.17156029193769	-10.4025255859679	-3.23943855148353	1.1645916160344	-5.9620018895474	-22.5416345441478	-11.7975167563939
610_CTGTAGAGTACGATGG	0	0	36093191	SRR19573610	Ruberto2022_1	4	2022	Cambodia_Mondulkiri	10x_Chomium_V3	HiSeq X Ten	infected hepatocyte	BioIVT:BGW	Infected host hepatocytes	Liver stage	Cambodia field isolate	5	None	2	610_CTGTAGAGTACGATGG	Hypnozoite	NA	NA	NA	0	0	4	5	6	6	8	8	9	9	36	Hypnozoite	6	Asexual 5	-4.64128555166705	-5.84368020165364	-8.61305285963812	-3.03713048038685	1.41575856760078	4.27368334120368	-12.907172645302	-3.25807144869662	1.17156029193769	-10.4029250733313	-3.23953570706809	1.16462367344769	-13.4708785586902	-16.1379113524314	-7.53693909183307
610_CTGTATTTCATTTGTC	0	0	36093191	SRR19573610	Ruberto2022_1	4	2022	Cambodia_Mondulkiri	10x_Chomium_V3	HiSeq X Ten	infected hepatocyte	BioIVT:BGW	Infected host hepatocytes	Liver stage	Cambodia field isolate	5	None	2	610_CTGTATTTCATTTGTC	Hypnozoite	NA	NA	NA	0	0	0	0	0	0	7	7	8	8	36	Hypnozoite	0	Asexual 1	-4.61265624868853	-5.84913092720906	-8.63595534834662	-2.93673575458728	1.35782583311134	4.36502149885749	-12.907172645302	-3.25807144869662	1.17156029193769	-10.4022277060255	-3.23935143931041	1.16454176516627	-12.8030357985548	-12.1660417537884	-7.2749257646314
610_CTGTCGTAGACCAACG	0	0	36093191	SRR19573610	Ruberto2022_1	4	2022	Cambodia_Mondulkiri	10x_Chomium_V3	HiSeq X Ten	infected hepatocyte	BioIVT:BGW	Infected host hepatocytes	Liver stage	Cambodia field isolate	5	None	2	610_CTGTCGTAGACCAACG	Hypnozoite	NA	NA	NA	0	0	4	5	6	6	8	8	9	9	36	Hypnozoite	6	Asexual 5	-4.63941873419268	-5.83698779213826	-8.60948993239203	-2.90611208019458	1.11211093023353	4.67961862867927	-12.907172645302	-3.25807144869662	1.17156029193769	-10.4028885236927	-3.23951338347933	1.16460468816458	-14.3660133023023	-15.862618926424	-8.28041562290231
610_CTGTCGTCAAACTAGA	0	0	36093191	SRR19573610	Ruberto2022_1	4	2022	Cambodia_Mondulkiri	10x_Chomium_V3	HiSeq X Ten	infected hepatocyte	BioIVT:BGW	Infected host hepatocytes	Liver stage	Cambodia field isolate	5	None	2	610_CTGTCGTCAAACTAGA	Schizont	NA	NA	NA	2	4	6	7	9	8	11	10	10	10	36	Schizont (Liver stage)	9	Asexual 8	-4.63967479574664	-5.83633166420857	-8.60878898176947	-2.9224921518346	0.992772298603588	4.79128244703864	-12.907172645302	-3.25807144869662	1.17156029193769	-10.4025341969391	-3.23943593243347	1.16458528403488	20.4744401161452	-2.66386022442621	-16.1710741778022
610_CTGTGAAAGATGGCGT	0	0	36093191	SRR19573610	Ruberto2022_1	4	2022	Cambodia_Mondulkiri	10x_Chomium_V3	HiSeq X Ten	infected hepatocyte	BioIVT:BGW	Infected host hepatocytes	Liver stage	Cambodia field isolate	5	None	2	610_CTGTGAAAGATGGCGT	Hypnozoite	NA	NA	NA	5	6	8	10	12	13	13	12	12	12	36	Hypnozoite	12	Asexual 11	-4.60130370962603	-5.86402493584553	-8.64923812422553	-3.11271250782215	1.16121991231971	4.7546732742176	-12.907172645302	-3.25807144869662	1.17156029193769	-10.4027327603205	-3.23947982447882	1.16459037666047	11.8171335799739	-11.5670374423916	-21.1520358813576
610_CTTACCGCAGGTTCAT	0	0	36093191	SRR19573610	Ruberto2022_1	4	2022	Cambodia_Mondulkiri	10x_Chomium_V3	HiSeq X Ten	infected hepatocyte	BioIVT:BGW	Infected host hepatocytes	Liver stage	Cambodia field isolate	5	None	2	610_CTTACCGCAGGTTCAT	Hypnozoite	NA	NA	NA	0	0	0	0	10	10	7	7	8	8	36	Hypnozoite	10	Asexual 9	-4.62415088522418	-5.84301930535237	-8.62377978834906	-2.97687948284351	1.07384772851997	4.80588033979987	-12.907172645302	-3.25807144869662	1.17156029193769	-10.4024278594206	-3.23940830420198	1.1645741127404	-13.0579966522609	-17.7565054478005	-14.4487648438135
610_CTTAGGAGTCCTGGTG	0	0	36093191	SRR19573610	Ruberto2022_1	4	2022	Cambodia_Mondulkiri	10x_Chomium_V3	HiSeq X Ten	infected hepatocyte	BioIVT:BGW	Infected host hepatocytes	Liver stage	Cambodia field isolate	5	None	2	610_CTTAGGAGTCCTGGTG	Hypnozoite	NA	NA	NA	12	14	16	18	20	20	21	20	20	20	36	Hypnozoite	20	Asexual 19	-4.63671792852862	-5.83025675881306	-8.60582114729682	-3.07845819530689	1.06727142885261	4.91356018370246	-12.907172645302	-3.25807144869662	1.17156029193769	-10.4026093444512	-3.23945879443338	1.16460298214612	-5.45643880833949	-10.7977543342075	-22.1582879631695
610_CTTCTAAGTGGATCAG	0	0	36093191	SRR19573610	Ruberto2022_1	4	2022	Cambodia_Mondulkiri	10x_Chomium_V3	HiSeq X Ten	infected hepatocyte	BioIVT:BGW	Infected host hepatocytes	Liver stage	Cambodia field isolate	5	None	2	610_CTTCTAAGTGGATCAG	Hypnozoite	NA	NA	NA	12	14	16	18	20	20	21	20	20	20	36	Hypnozoite	20	Asexual 19	-4.63046611654742	-5.82098609078328	-8.60401965651312	-3.1066426092168	1.17679341390663	4.79400661772346	-12.907172645302	-3.25807144869662	1.17156029193769	-10.4026100317479	-3.23945898072192	1.16460306555428	-5.4523192001281	-10.7976282162714	-22.1582289219156
610_CTTCTCTCATTATGCG	0	0	36093191	SRR19573610	Ruberto2022_1	4	2022	Cambodia_Mondulkiri	10x_Chomium_V3	HiSeq X Ten	infected hepatocyte	BioIVT:BGW	Infected host hepatocytes	Liver stage	Cambodia field isolate	5	None	2	610_CTTCTCTCATTATGCG	Hypnozoite	NA	NA	NA	0	0	4	5	6	6	8	8	9	9	36	Hypnozoite	6	Asexual 5	-4.66110814917071	-5.78832656014363	-8.56122256789008	-3.02154577312671	1.35598691061073	4.40014627760505	-12.907172645302	-3.25807144869662	1.17156029193769	-10.4029243901499	-3.23953552535245	1.16462359247545	-13.4549873398169	-16.1441948443942	-7.54728781013339
610_CTTGAGAGTCGGAAAC	0	0	36093191	SRR19573610	Ruberto2022_1	4	2022	Cambodia_Mondulkiri	10x_Chomium_V3	HiSeq X Ten	infected hepatocyte	BioIVT:BGW	Infected host hepatocytes	Liver stage	Cambodia field isolate	5	None	2	610_CTTGAGAGTCGGAAAC	Hypnozoite	NA	NA	NA	0	0	0	0	10	10	7	7	8	8	36	Hypnozoite	10	Asexual 9	-4.6064115892647	-5.83399182427327	-8.6228289750556	-2.9228001886388	0.995721298008495	4.85276773756599	-12.907172645302	-3.25807144869662	1.17156029193769	-10.402427594642	-3.23940823227025	1.16457407979005	-13.0578805675878	-17.7563294999322	-14.4483911513995
610_CTTTCGGTCATTTGTC	0	0	36093191	SRR19573610	Ruberto2022_1	4	2022	Cambodia_Mondulkiri	10x_Chomium_V3	HiSeq X Ten	infected hepatocyte	BioIVT:BGW	Infected host hepatocytes	Liver stage	Cambodia field isolate	5	None	2	610_CTTTCGGTCATTTGTC	Schizont	NA	NA	NA	6	8	13	15	17	17	18	17	14	17	36	Schizont (Liver stage)	17	Asexual 16	-4.63477767813189	-5.81609660256306	-8.59774734053412	-2.97285426197254	1.04829676702552	4.80226305311774	-12.907172645302	-3.25807144869662	1.17156029193769	-10.4025010504018	-3.2394309884679	1.16458821844682	-7.12069063101485	-23.4829889977325	-10.8707068259158
610_GAACGTTGTTGAGGAC	0	0	36093191	SRR19573610	Ruberto2022_1	4	2022	Cambodia_Mondulkiri	10x_Chomium_V3	HiSeq X Ten	infected hepatocyte	BioIVT:BGW	Infected host hepatocytes	Liver stage	Cambodia field isolate	5	None	2	610_GAACGTTGTTGAGGAC	Schizont	NA	NA	NA	6	8	13	15	17	17	18	17	14	17	36	Schizont (Liver stage)	17	Asexual 16	-4.62920535910113	-5.805019675378	-8.59436656508246	-2.91837752399646	0.970137077122265	4.8605549651966	-12.907172645302	-3.25807144869662	1.17156029193769	-10.4025004068022	-3.23943081336746	1.16458814010073	-7.12124124221775	-23.4815824479013	-10.869652579269
610_GAACTGTCATACACCA	0	0	36093191	SRR19573610	Ruberto2022_1	4	2022	Cambodia_Mondulkiri	10x_Chomium_V3	HiSeq X Ten	infected hepatocyte	BioIVT:BGW	Infected host hepatocytes	Liver stage	Cambodia field isolate	5	None	2	610_GAACTGTCATACACCA	Hypnozoite	NA	NA	NA	0	0	4	5	6	6	8	8	9	9	36	Hypnozoite	6	Asexual 5	-4.61255420553668	-5.80498581993977	-8.6062503007392	-3.01463521061145	1.44437618806892	4.17385032957648	-12.907172645302	-3.25807144869662	1.17156029193769	-10.4029257930124	-3.23953590114352	1.16462375853756	-13.4716558640418	-16.1368018938542	-7.53696016244602
610_GAAGCCCTCGGTAACT	0	0	36093191	SRR19573610	Ruberto2022_1	4	2022	Cambodia_Mondulkiri	10x_Chomium_V3	HiSeq X Ten	infected hepatocyte	BioIVT:BGW	Infected host hepatocytes	Liver stage	Cambodia field isolate	5	None	2	610_GAAGCCCTCGGTAACT	Hypnozoite	NA	NA	NA	0	0	4	5	6	6	8	8	9	9	36	Hypnozoite	6	Asexual 5	-4.63466419088824	-5.80759602654377	-8.59207679304877	-2.90719473896228	1.17182167127662	4.60572412794685	-12.907172645302	-3.25807144869662	1.17156029193769	-10.4028893663112	-3.23951361221572	1.16460478838669	-14.3397924161776	-15.8689861118254	-8.24670676841256
610_GAAGGACTCATGCCAA	0	0	36093191	SRR19573610	Ruberto2022_1	4	2022	Cambodia_Mondulkiri	10x_Chomium_V3	HiSeq X Ten	infected hepatocyte	BioIVT:BGW	Infected host hepatocytes	Liver stage	Cambodia field isolate	5	None	2	610_GAAGGACTCATGCCAA	Schizont	NA	NA	NA	13	15	17	19	21	21	22	21	21	21	36	Schizont (Liver stage)	21	Asexual 20	-4.63212550985797	-5.78679877388874	-8.57848311934271	-3.07649791774952	1.26539488390022	4.66093900984382	-12.907172645302	-3.25807144869662	1.17156029193769	-10.4026438100831	-3.23946236700905	1.16460062932696	-4.38149036558479	-10.6684399668627	-22.7169882271136
610_GAAGTAAGTAGGTCAG	0	0	36093191	SRR19573610	Ruberto2022_1	4	2022	Cambodia_Mondulkiri	10x_Chomium_V3	HiSeq X Ten	infected hepatocyte	BioIVT:BGW	Infected host hepatocytes	Liver stage	Cambodia field isolate	5	None	2	610_GAAGTAAGTAGGTCAG	Schizont	NA	NA	NA	0	0	4	5	6	6	8	8	9	9	36	Schizont (Liver stage)	6	Asexual 5	-4.62454666006549	-5.79878026116291	-8.59589816603461	-2.88285410938465	1.17876120164924	4.58288648909187	-12.907172645302	-3.25807144869662	1.17156029193769	-10.4028901561359	-3.2395138226547	1.16460488114601	-14.3331181083263	-15.8700751386122	-8.2361439365172
610_GAAGTAATCGCTAAAC	0	0	36093191	SRR19573610	Ruberto2022_1	4	2022	Cambodia_Mondulkiri	10x_Chomium_V3	HiSeq X Ten	infected hepatocyte	BioIVT:BGW	Infected host hepatocytes	Liver stage	Cambodia field isolate	5	None	2	610_GAAGTAATCGCTAAAC	Hypnozoite	NA	NA	NA	0	0	0	0	0	0	7	7	8	8	36	Hypnozoite	0	Asexual 1	-4.62415994513018	-5.78010493386189	-8.57273437056342	-3.00589860019886	1.16383071497016	4.68926599806403	-12.907172645302	-3.25807144869662	1.17156029193769	-10.4023724446193	-3.23938664718541	1.16455585460306	-13.446929448187	-11.8985173585256	-7.59555082368031
610_GAATCACTCGCTGACG	0	0	36093191	SRR19573610	Ruberto2022_1	4	2022	Cambodia_Mondulkiri	10x_Chomium_V3	HiSeq X Ten	infected hepatocyte	BioIVT:BGW	Infected host hepatocytes	Liver stage	Cambodia field isolate	5	None	2	610_GAATCACTCGCTGACG	Hypnozoite	NA	NA	NA	12	14	16	18	20	20	21	20	20	20	36	Hypnozoite	20	Asexual 19	-4.62880815374835	-5.79356890786091	-8.58859874281683	-3.09230125484668	1.16369422033363	4.78993490522956	-12.907172645302	-3.25807144869662	1.17156029193769	-10.4026094887544	-3.23945883161322	1.16460299977648	-5.45577507402146	-10.7979072411825	-22.1576311864871
610_GACACGCAGTTGCGAG	0	0	36093191	SRR19573610	Ruberto2022_1	4	2022	Cambodia_Mondulkiri	10x_Chomium_V3	HiSeq X Ten	infected hepatocyte	BioIVT:BGW	Infected host hepatocytes	Liver stage	Cambodia field isolate	5	None	2	610_GACACGCAGTTGCGAG	Hypnozoite	NA	NA	NA	4	7	9	11	13	12	14	13	13	13	36	Hypnozoite	13	Asexual 12	-4.63675607550128	-5.77125340569416	-8.56892921004096	-3.02472580013477	1.26358290269905	4.57465008085822	-12.907172645302	-3.25807144869662	1.17156029193769	-10.4025536071557	-3.23943460573661	1.16457752550685	-0.340202400973921	-28.9482874406807	-3.74487604952332
610_GACCTTCTCGCAGTTA	0	0	36093191	SRR19573610	Ruberto2022_1	4	2022	Cambodia_Mondulkiri	10x_Chomium_V3	HiSeq X Ten	infected hepatocyte	BioIVT:BGW	Infected host hepatocytes	Liver stage	Cambodia field isolate	5	None	2	610_GACCTTCTCGCAGTTA	Hypnozoite	NA	NA	NA	0	0	0	0	10	10	7	7	8	8	36	Hypnozoite	10	Asexual 9	-4.60802663671954	-5.78150635826985	-8.59375335249701	-3.16752541599476	1.01838620260292	4.97752884214973	-12.907172645302	-3.25807144869662	1.17156029193769	-10.4024269055694	-3.23940804603842	1.16457399640478	-13.0565866376265	-17.7543227206991	-14.4439681897707
610_GACGTTACACATCATG	0	0	36093191	SRR19573610	Ruberto2022_1	4	2022	Cambodia_Mondulkiri	10x_Chomium_V3	HiSeq X Ten	infected hepatocyte	BioIVT:BGW	Infected host hepatocytes	Liver stage	Cambodia field isolate	5	None	2	610_GACGTTACACATCATG	Hypnozoite	NA	NA	NA	0	0	4	5	6	6	8	8	9	9	36	Hypnozoite	6	Asexual 5	-4.62770522940142	-5.76296979058186	-8.57338763747016	-2.91522229252063	1.15814979627662	4.63872793501472	-12.907172645302	-3.25807144869662	1.17156029193769	-10.4028890039739	-3.23951351300651	1.16460474461098	-14.3551965459447	-15.8643859087062	-8.26320706873951
610_GACGTTATCGCTACGG	0	0	36093191	SRR19573610	Ruberto2022_1	4	2022	Cambodia_Mondulkiri	10x_Chomium_V3	HiSeq X Ten	infected hepatocyte	BioIVT:BGW	Infected host hepatocytes	Liver stage	Cambodia field isolate	5	None	2	610_GACGTTATCGCTACGG	Hypnozoite	NA	NA	NA	0	0	0	0	10	10	7	7	8	8	36	Hypnozoite	10	Asexual 9	-4.59039701330645	-5.82402592766682	-8.62304641279975	-3.09275210437977	1.119343119412	4.85176161116218	-12.907172645302	-3.25807144869662	1.17156029193769	-10.4024263067038	-3.23940788275726	1.16457392335448	-13.0559173660387	-17.7525176982608	-14.4401848742887
610_GAGAGGTCAGAATGTA	0	0	36093191	SRR19573610	Ruberto2022_1	4	2022	Cambodia_Mondulkiri	10x_Chomium_V3	HiSeq X Ten	infected hepatocyte	BioIVT:BGW	Infected host hepatocytes	Liver stage	Cambodia field isolate	5	None	2	610_GAGAGGTCAGAATGTA	Hypnozoite	NA	NA	NA	8	11	11	13	14	15	17	15	15	16	36	Hypnozoite	14	Asexual 13	-4.63318027365191	-5.77533846962849	-8.57201530012885	-2.90551817951404	1.16345341756874	4.5807960349903	-12.907172645302	-3.25807144869662	1.17156029193769	-10.4025582325863	-3.23943121569347	1.16457494743927	-0.749596320895064	-28.4440016776918	-4.19750363586609
610_GAGAGGTCATCACAGT	0	0	36093191	SRR19573610	Ruberto2022_1	4	2022	Cambodia_Mondulkiri	10x_Chomium_V3	HiSeq X Ten	infected hepatocyte	BioIVT:BGW	Infected host hepatocytes	Liver stage	Cambodia field isolate	5	None	2	610_GAGAGGTCATCACAGT	Hypnozoite	NA	NA	NA	3	5	7	9	11	11	12	11	11	11	36	Hypnozoite	11	Asexual 10	-4.60845340597613	-5.75552683937947	-8.56686545882025	-3.09521258411609	1.03572054460579	4.9388225395069	-12.907172645302	-3.25807144869662	1.17156029193769	-10.4025244831719	-3.23943825265842	1.16459148133059	-5.96305086242569	-22.5427656647803	-11.7965639443815
610_GAGATGGGTTCTCCTG	0	0	36093191	SRR19573610	Ruberto2022_1	4	2022	Cambodia_Mondulkiri	10x_Chomium_V3	HiSeq X Ten	infected hepatocyte	BioIVT:BGW	Infected host hepatocytes	Liver stage	Cambodia field isolate	5	None	2	610_GAGATGGGTTCTCCTG	Hypnozoite	NA	NA	NA	12	14	16	18	20	20	21	20	20	20	36	Hypnozoite	20	Asexual 19	-4.6302906404732	-5.7790039168636	-8.57759620222846	-3.03898323116504	1.17338760450416	4.74259498900031	-12.907172645302	-3.25807144869662	1.17156029193769	-10.4026102449	-3.23945904048743	1.16460309222051	-5.45073877420554	-10.7990391545969	-22.1568851707242
610_GAGCCTGAGCTGTTAC	0	0	36093191	SRR19573610	Ruberto2022_1	4	2022	Cambodia_Mondulkiri	10x_Chomium_V3	HiSeq X Ten	infected hepatocyte	BioIVT:BGW	Infected host hepatocytes	Liver stage	Cambodia field isolate	5	None	2	610_GAGCCTGAGCTGTTAC	Schizont	NA	NA	NA	6	8	13	15	17	17	18	17	14	17	36	Schizont (Liver stage)	17	Asexual 16	-4.61913026678546	-5.77604848015705	-8.58240844282904	-2.89743078289234	0.956825810223156	4.86073187178229	-12.907172645302	-3.25807144869662	1.17156029193769	-10.4025005966577	-3.23943086311347	1.16458816340296	-7.12114089845057	-23.4819818305556	-10.8699132063515
610_GAGCTGCTCCTTGAAG	0	0	36093191	SRR19573610	Ruberto2022_1	4	2022	Cambodia_Mondulkiri	10x_Chomium_V3	HiSeq X Ten	infected hepatocyte	BioIVT:BGW	Infected host hepatocytes	Liver stage	Cambodia field isolate	5	None	2	610_GAGCTGCTCCTTGAAG	Hypnozoite	NA	NA	NA	4	7	9	11	13	12	14	13	13	13	36	Hypnozoite	13	Asexual 12	-4.63209594595416	-5.77490550148884	-8.57226993117133	-3.00873482761585	1.25437386587196	4.58233574217414	-12.907172645302	-3.25807144869662	1.17156029193769	-10.4025536047339	-3.23943460507503	1.16457752521652	-0.340202545490559	-28.9482872721778	-3.74486944302896
610_GAGGCCTAGTGATAGT	0	0	36093191	SRR19573610	Ruberto2022_1	4	2022	Cambodia_Mondulkiri	10x_Chomium_V3	HiSeq X Ten	infected hepatocyte	BioIVT:BGW	Infected host hepatocytes	Liver stage	Cambodia field isolate	5	None	2	610_GAGGCCTAGTGATAGT	Hypnozoite	NA	NA	NA	9	9	10	12	15	14	15	16	16	14	36	Hypnozoite	15	Asexual 14	-4.61005462515338	-5.78943711388508	-8.59035541090766	-2.99618232784473	1.16303308561378	4.69069364851569	-12.907172645302	-3.25807144869662	1.17156029193769	-10.4025849732602	-3.2394527740439	1.16459856621678	-7.23141916035539	-10.8570494815961	-22.2814662974537
610_GAGTGAGAGTCTTCCC	0	0	36093191	SRR19573610	Ruberto2022_1	4	2022	Cambodia_Mondulkiri	10x_Chomium_V3	HiSeq X Ten	infected hepatocyte	BioIVT:BGW	Infected host hepatocytes	Liver stage	Cambodia field isolate	5	None	2	610_GAGTGAGAGTCTTCCC	Schizont	NA	NA	NA	12	14	16	18	20	20	21	20	20	20	36	Schizont (Liver stage)	20	Asexual 19	-4.63293947088702	-5.77085238564412	-8.56770946059027	-3.09930456218921	1.17046042039924	4.77691105192756	-12.907172645302	-3.25807144869662	1.17156029193769	-10.4026098966831	-3.23945894432381	1.16460304890626	-5.45316387176975	-10.7977398594123	-22.1579859530904
610_GAGTGAGCACGTGAGA	0	0	36093191	SRR19573610	Ruberto2022_1	4	2022	Cambodia_Mondulkiri	10x_Chomium_V3	HiSeq X Ten	infected hepatocyte	BioIVT:BGW	Infected host hepatocytes	Liver stage	Cambodia field isolate	5	None	2	610_GAGTGAGCACGTGAGA	Hypnozoite	NA	NA	NA	4	7	9	11	13	12	14	13	13	13	36	Hypnozoite	13	Asexual 12	-4.62977994787676	-5.7486084090511	-8.55140639815131	-3.07252896366321	1.12487907960945	4.78074816053962	-12.907172645302	-3.25807144869662	1.17156029193769	-10.4025529944126	-3.23943444040789	1.1645774519116	-0.340326071268934	-28.9481761018816	-3.74497653492796
610_GAGTGAGGTCGGAACA	1	1	36093191	SRR19573610	Ruberto2022_1	4	2022	Cambodia_Mondulkiri	10x_Chomium_V3	HiSeq X Ten	infected hepatocyte	BioIVT:BGW	Infected host hepatocytes	Liver stage	Cambodia field isolate	5	None	2	610_GAGTGAGGTCGGAACA	Hypnozoite	NA	NA	NA	0	0	0	8	0	9	7	7	8	8	36	Hypnozoite	0	Asexual 1	-4.63114847052081	-5.76383954155842	-8.56495811018744	-3.02190292415821	1.32483227804237	4.41483619993781	-12.907172645302	-3.25807144869662	1.17156029193769	-10.4023938260634	-3.23939684187452	1.16456258632023	-13.1005940496532	-11.548873477993	-8.59537273807006
610_GAGTTGTCAGAGCCCT	0	0	36093191	SRR19573610	Ruberto2022_1	4	2022	Cambodia_Mondulkiri	10x_Chomium_V3	HiSeq X Ten	infected hepatocyte	BioIVT:BGW	Infected host hepatocytes	Liver stage	Cambodia field isolate	5	None	2	610_GAGTTGTCAGAGCCCT	Schizont	NA	NA	NA	12	14	16	18	20	20	21	20	20	20	36	Schizont (Liver stage)	20	Asexual 19	-4.6398178468941	-5.75451832878987	-8.55412436995307	-3.18273795185291	1.22107573106819	4.83477047270393	-12.907172645302	-3.25807144869662	1.17156029193769	-10.4026100457768	-3.23945898401205	1.16460306711585	-5.45219698266443	-10.7976651749915	-22.1581950957779
610_GAGTTGTCATCGTGGC	0	0	36093191	SRR19573610	Ruberto2022_1	4	2022	Cambodia_Mondulkiri	10x_Chomium_V3	HiSeq X Ten	infected hepatocyte	BioIVT:BGW	Infected host hepatocytes	Liver stage	Cambodia field isolate	5	None	2	610_GAGTTGTCATCGTGGC	Schizont	NA	NA	NA	8	11	11	13	14	15	17	15	15	16	36	Schizont (Liver stage)	14	Asexual 13	-4.58549417364581	-5.74679261315266	-8.60183764967719	-2.93549168644153	1.16505380228096	4.62710455244636	-12.907172645302	-3.25807144869662	1.17156029193769	-10.402558232571	-3.23943121568885	1.16457494743748	-0.749830088065144	-28.4437859599201	-4.1974991388798
610_GAGTTTGGTCACTCTC	0	0	36093191	SRR19573610	Ruberto2022_1	4	2022	Cambodia_Mondulkiri	10x_Chomium_V3	HiSeq X Ten	infected hepatocyte	BioIVT:BGW	Infected host hepatocytes	Liver stage	Cambodia field isolate	5	None	2	610_GAGTTTGGTCACTCTC	Hypnozoite	NA	NA	NA	0	0	4	5	6	6	8	8	9	9	36	Hypnozoite	6	Asexual 5	-4.63010610449298	-5.75337582695881	-8.5591368821601	-2.92095482883655	1.16173132017189	4.64024332350349	-12.907172645302	-3.25807144869662	1.17156029193769	-10.4028893452601	-3.23951360486247	1.16460478510134	-14.3419531245019	-15.8676208778362	-8.24709273036172
610_GATCACAAGCAGGCTA	0	0	36093191	SRR19573610	Ruberto2022_1	4	2022	Cambodia_Mondulkiri	10x_Chomium_V3	HiSeq X Ten	infected hepatocyte	BioIVT:BGW	Infected host hepatocytes	Liver stage	Cambodia field isolate	5	None	2	610_GATCACAAGCAGGCTA	Schizont	NA	NA	NA	0	0	0	0	0	0	7	7	8	8	36	Schizont (Liver stage)	0	Asexual 1	-4.6148516069649	-5.76445942986409	-8.57166053328314	-2.99737227497303	1.34924479082161	4.40591076201057	-12.907172645302	-3.25807144869662	1.17156029193769	-10.4022270255935	-3.23935125389446	1.16454168208105	-12.7987855025932	-12.1674298167362	-7.26656629839971
610_GATCCCTAGGTCGTAG	0	0	36093191	SRR19573610	Ruberto2022_1	4	2022	Cambodia_Mondulkiri	10x_Chomium_V3	HiSeq X Ten	infected hepatocyte	BioIVT:BGW	Infected host hepatocytes	Liver stage	Cambodia field isolate	5	None	2	610_GATCCCTAGGTCGTAG	Schizont	NA	NA	NA	0	0	0	8	0	9	7	7	8	8	36	Schizont (Liver stage)	0	Asexual 1	-4.60644210684283	-5.77460127938191	-8.57991076979437	-3.0433257871648	1.3436741407209	4.39903524702644	-12.907172645302	-3.25807144869662	1.17156029193769	-10.4023941517774	-3.23939693020784	1.16456262602523	-13.0993325681776	-11.485415038402	-8.71683363669468
610_GATCCCTCAACCACAT	0	0	36093191	SRR19573610	Ruberto2022_1	4	2022	Cambodia_Mondulkiri	10x_Chomium_V3	HiSeq X Ten	infected hepatocyte	BioIVT:BGW	Infected host hepatocytes	Liver stage	Cambodia field isolate	5	None	2	610_GATCCCTCAACCACAT	Hypnozoite	NA	NA	NA	0	0	4	5	6	6	8	8	9	9	36	Hypnozoite	6	Asexual 5	-4.63272394049151	-5.74765854943196	-8.55284358534613	-3.03107822475635	1.34007497385078	4.35901811903571	-12.907172645302	-3.25807144869662	1.17156029193769	-10.402924443307	-3.23953553790649	1.16462359884112	-13.4573433315272	-16.1438160969657	-7.54587203640063
610_GATGAGGAGGAGGCAG	0	0	36093191	SRR19573610	Ruberto2022_1	4	2022	Cambodia_Mondulkiri	10x_Chomium_V3	HiSeq X Ten	infected hepatocyte	BioIVT:BGW	Infected host hepatocytes	Liver stage	Cambodia field isolate	5	None	2	610_GATGAGGAGGAGGCAG	Hypnozoite	NA	NA	NA	8	11	11	13	14	15	17	15	15	16	36	Hypnozoite	14	Asexual 13	-4.63010801184161	-5.72722846138874	-8.54008533034125	-2.94976294574939	1.23474140718513	4.54824713057136	-12.907172645302	-3.25807144869662	1.17156029193769	-10.4025586035887	-3.23943131942543	1.16457499262339	-0.748541715644662	-28.4449938907107	-4.19716180116578
610_GATGGAGCACCAATTG	0	0	36093191	SRR19573610	Ruberto2022_1	4	2022	Cambodia_Mondulkiri	10x_Chomium_V3	HiSeq X Ten	infected hepatocyte	BioIVT:BGW	Infected host hepatocytes	Liver stage	Cambodia field isolate	5	None	2	610_GATGGAGCACCAATTG	Schizont	NA	NA	NA	0	0	4	5	6	6	8	8	9	9	36	Schizont (Liver stage)	6	Asexual 5	-4.6530333887337	-5.76020270455281	-8.54257346663275	-3.19367278156482	1.23997541025215	4.70376089399909	-12.907172645302	-3.25807144869662	1.17156029193769	-10.4029298563498	-3.23953187695244	1.16462198296223	-13.9128519366305	-15.9719111301786	-7.56111261501531
610_GATTCGAGTATTTCCT	0	0	36093191	SRR19573610	Ruberto2022_1	4	2022	Cambodia_Mondulkiri	10x_Chomium_V3	HiSeq X Ten	infected hepatocyte	BioIVT:BGW	Infected host hepatocytes	Liver stage	Cambodia field isolate	5	None	2	610_GATTCGAGTATTTCCT	Hypnozoite	NA	NA	NA	10	12	15	17	18	18	19	19	19	18	36	Hypnozoite	18	Asexual 17	-4.66892446386798	-5.69319563973347	-8.50573874983588	-3.1167699152013	1.02857275560432	4.96808889692878	-12.907172645302	-3.25807144869662	1.17156029193769	-10.4026092510977	-3.23944817096854	1.16458168012687	-5.87102673146305	-8.78644209177015	-23.890348299302
610_GATTCTTAGATGAAGG	0	0	36093191	SRR19573610	Ruberto2022_1	4	2022	Cambodia_Mondulkiri	10x_Chomium_V3	HiSeq X Ten	infected hepatocyte	BioIVT:BGW	Infected host hepatocytes	Liver stage	Cambodia field isolate	5	None	2	610_GATTCTTAGATGAAGG	Hypnozoite	NA	NA	NA	0	0	0	0	0	0	7	7	8	8	36	Hypnozoite	0	Asexual 1	-4.61676467764361	-5.74038821328083	-8.5596604493598	-2.96200621662342	1.08058245733314	4.77111414259528	-12.907172645302	-3.25807144869662	1.17156029193769	-10.4023722645798	-3.23938659757483	1.16455583267309	-13.4467014028868	-11.9011772860268	-7.59319430193477
610_GCAACATAGCCGAATG	0	0	36093191	SRR19573610	Ruberto2022_1	4	2022	Cambodia_Mondulkiri	10x_Chomium_V3	HiSeq X Ten	infected hepatocyte	BioIVT:BGW	Infected host hepatocytes	Liver stage	Cambodia field isolate	5	None	2	610_GCAACATAGCCGAATG	Schizont	NA	NA	NA	10	12	15	17	18	18	19	19	19	18	36	Schizont (Liver stage)	18	Asexual 17	-4.61140550482257	-5.71703749764363	-8.54839278731146	-3.12137878475391	1.04265268400245	4.96347072905158	-12.907172645302	-3.25807144869662	1.17156029193769	-10.4026093350351	-3.23944819471652	1.16458169010725	-5.87100149828479	-8.78649588709785	-23.890341862551
610_GCAACATGTAACTAAG	0	0	36093191	SRR19573610	Ruberto2022_1	4	2022	Cambodia_Mondulkiri	10x_Chomium_V3	HiSeq X Ten	infected hepatocyte	BioIVT:BGW	Infected host hepatocytes	Liver stage	Cambodia field isolate	5	None	2	610_GCAACATGTAACTAAG	Hypnozoite	NA	NA	NA	2	4	6	7	9	8	11	10	10	10	36	Hypnozoite	9	Asexual 8	-4.62338270056231	-5.7024658309261	-8.52496863875189	-3.07210910854541	1.03296704843574	4.92145613020515	-12.907172645302	-3.25807144869662	1.17156029193769	-10.4025336417425	-3.2394357806883	1.16458521713803	20.472596892852	-2.66784252688344	-16.1722030926547
610_GCAACCGAGGCGACAT	0	0	36093191	SRR19573610	Ruberto2022_1	4	2022	Cambodia_Mondulkiri	10x_Chomium_V3	HiSeq X Ten	infected hepatocyte	BioIVT:BGW	Infected host hepatocytes	Liver stage	Cambodia field isolate	5	None	2	610_GCAACCGAGGCGACAT	Hypnozoite	NA	NA	NA	0	0	4	5	6	6	8	8	9	9	36	Hypnozoite	6	Asexual 5	-4.6377049814461	-5.68510371315876	-8.50512935194769	-3.04172003803455	1.38976915433937	4.30719402617072	-12.907172645302	-3.25807144869662	1.17156029193769	-10.4029250689981	-3.23953570616357	1.16462367346562	-13.468734211709	-16.1395986824753	-7.53519672829828
610_GCAACCGCATTGACTG	1	1	36093191	SRR19573610	Ruberto2022_1	4	2022	Cambodia_Mondulkiri	10x_Chomium_V3	HiSeq X Ten	infected hepatocyte	BioIVT:BGW	Infected host hepatocytes	Liver stage	Cambodia field isolate	5	None	2	610_GCAACCGCATTGACTG	Schizont	NA	NA	NA	0	0	0	0	10	10	7	7	8	8	36	Schizont (Liver stage)	10	Asexual 9	-4.63636840689166	-5.72707873452107	-8.53681327376166	-3.07200801906788	1.02318211153083	4.94299915617561	-12.907172645302	-3.25807144869662	1.17156029193769	-10.4024271069121	-3.23940810199034	1.16457402157508	-13.0573092468004	-17.7552328685471	-14.4459187603234
610_GCACATAAGGTGCCTC	0	0	36093191	SRR19573610	Ruberto2022_1	4	2022	Cambodia_Mondulkiri	10x_Chomium_V3	HiSeq X Ten	infected hepatocyte	BioIVT:BGW	Infected host hepatocytes	Liver stage	Cambodia field isolate	5	None	2	610_GCACATAAGGTGCCTC	Hypnozoite	NA	NA	NA	13	15	17	19	21	21	22	21	21	21	36	Hypnozoite	21	Asexual 20	-4.56599296438677	-5.70824318993489	-8.58882380995551	-3.0957258993169	1.2402177627378	4.6879966575489	-12.907172645302	-3.25807144869662	1.17156029193769	-10.4026443687923	-3.23946251709183	1.16460069684602	-4.38146772598776	-10.6685378980958	-22.716747124583
610_GCACATATCAAGGAGC	0	0	36093191	SRR19573610	Ruberto2022_1	4	2022	Cambodia_Mondulkiri	10x_Chomium_V3	HiSeq X Ten	infected hepatocyte	BioIVT:BGW	Infected host hepatocytes	Liver stage	Cambodia field isolate	5	None	2	610_GCACATATCAAGGAGC	Hypnozoite	NA	NA	NA	5	6	8	10	12	13	13	12	12	12	36	Hypnozoite	12	Asexual 11	-4.63697732794268	-5.72071295845906	-8.53363849196234	-3.10586727199756	1.17080231264167	4.7726552802906	-12.907172645302	-3.25807144869662	1.17156029193769	-10.4027322945039	-3.23947970091968	1.16459032173327	11.8171245700124	-11.5670354992536	-21.1521186410478
610_GCATCGGAGTAGGAAG	0	0	36093191	SRR19573610	Ruberto2022_1	4	2022	Cambodia_Mondulkiri	10x_Chomium_V3	HiSeq X Ten	infected hepatocyte	BioIVT:BGW	Infected host hepatocytes	Liver stage	Cambodia field isolate	5	None	2	610_GCATCGGAGTAGGAAG	Hypnozoite	NA	NA	NA	10	12	15	17	18	18	19	19	19	18	36	Hypnozoite	18	Asexual 17	-4.6337143312691	-5.71232634652058	-8.52911044630805	-2.99795187053882	1.01635594919258	4.86151531523322	-12.907172645302	-3.25807144869662	1.17156029193769	-10.4026100522748	-3.23944838836007	1.16458177566649	-5.87029535604706	-8.78647405785381	-23.890102120575
610_GCATCGGTCAGCATTG	0	0	36093191	SRR19573610	Ruberto2022_1	4	2022	Cambodia_Mondulkiri	10x_Chomium_V3	HiSeq X Ten	infected hepatocyte	BioIVT:BGW	Infected host hepatocytes	Liver stage	Cambodia field isolate	5	None	2	610_GCATCGGTCAGCATTG	Schizont	NA	NA	NA	9	9	10	12	15	14	15	16	16	14	36	Schizont (Liver stage)	15	Asexual 14	-4.64031804907305	-5.71392375100056	-8.52534057173529	-3.12742794094288	1.18874927118354	4.82761362379645	-12.907172645302	-3.25807144869662	1.17156029193769	-10.4025837686591	-3.23945244570361	1.16459841931676	-7.23172489132305	-10.8574207632943	-22.2817032263344
610_GCATCGGTCTGCCTGT	0	0	36093191	SRR19573610	Ruberto2022_1	4	2022	Cambodia_Mondulkiri	10x_Chomium_V3	HiSeq X Ten	infected hepatocyte	BioIVT:BGW	Infected host hepatocytes	Liver stage	Cambodia field isolate	5	None	2	610_GCATCGGTCTGCCTGT	Hypnozoite	NA	NA	NA	10	12	15	17	18	18	19	19	19	18	36	Hypnozoite	18	Asexual 17	-4.64402545797808	-5.69498616326252	-8.51086284193793	-3.00352013645374	1.02613134935432	4.86203935927009	-12.907172645302	-3.25807144869662	1.17156029193769	-10.4026095531985	-3.23944825561634	1.16458171702191	-5.87045967348122	-8.78646629109345	-23.8902788806208
610_GCATCTCAGAGAAGGT	0	0	36093191	SRR19573610	Ruberto2022_1	4	2022	Cambodia_Mondulkiri	10x_Chomium_V3	HiSeq X Ten	infected hepatocyte	BioIVT:BGW	Infected host hepatocytes	Liver stage	Cambodia field isolate	5	None	2	610_GCATCTCAGAGAAGGT	Hypnozoite	NA	NA	NA	8	11	11	13	14	15	17	15	15	16	36	Hypnozoite	14	Asexual 13	-4.64261688101275	-5.71237832177082	-8.52311374220648	-2.95120323238575	1.18898315980964	4.59654835051154	-12.907172645302	-3.25807144869662	1.17156029193769	-10.4025582519805	-3.23943122255665	1.16457494933915	-0.749301594982703	-28.4443214658326	-4.19742967292553
610_GCATTAGAGGTTACAA	0	0	36093191	SRR19573610	Ruberto2022_1	4	2022	Cambodia_Mondulkiri	10x_Chomium_V3	HiSeq X Ten	infected hepatocyte	BioIVT:BGW	Infected host hepatocytes	Liver stage	Cambodia field isolate	5	None	2	610_GCATTAGAGGTTACAA	Hypnozoite	NA	NA	NA	11	13	14	16	19	19	20	18	18	19	36	Hypnozoite	19	Asexual 18	-4.65010274755938	-5.68667727578083	-8.51079799208441	-2.94342601833545	1.03920324400001	4.80195263212775	-12.907172645302	-3.25807144869662	1.17156029193769	-10.4025321978105	-3.23943295380213	1.16458528883236	20.0266041008773	-3.68083302128007	-16.4618108245492
610_GCCCAGATCTTAGCAG	0	0	36093191	SRR19573610	Ruberto2022_1	4	2022	Cambodia_Mondulkiri	10x_Chomium_V3	HiSeq X Ten	infected hepatocyte	BioIVT:BGW	Infected host hepatocytes	Liver stage	Cambodia field isolate	5	None	2	610_GCCCAGATCTTAGCAG	Schizont	NA	NA	NA	10	12	15	17	18	18	19	19	19	18	36	Schizont (Liver stage)	18	Asexual 17	-4.64399684774859	-5.70742779839436	-8.51906730208197	-3.1143273168584	1.02490647390419	4.96100643461799	-12.907172645302	-3.25807144869662	1.17156029193769	-10.4026093442606	-3.23944819785305	1.16458169132394	-5.8710540435594	-8.78635837515216	-23.8902052289354
610_GCCGATGCAGGAATAT	0	0	36093191	SRR19573610	Ruberto2022_1	4	2022	Cambodia_Mondulkiri	10x_Chomium_V3	HiSeq X Ten	infected hepatocyte	BioIVT:BGW	Infected host hepatocytes	Liver stage	Cambodia field isolate	5	None	2	610_GCCGATGCAGGAATAT	Hypnozoite	NA	NA	NA	6	8	13	15	17	17	18	17	14	17	36	Hypnozoite	17	Asexual 16	-4.64742435324175	-5.69814759362141	-8.51048614058295	-2.95389950809681	1.02917011335426	4.81247595137214	-12.907172645302	-3.25807144869662	1.17156029193769	-10.4025010525062	-3.2394309881381	1.16458821896432	-7.12059058614623	-23.4830454913303	-10.8707756942023
610_GCCGATGCATGGGTCC	0	0	36093191	SRR19573610	Ruberto2022_1	4	2022	Cambodia_Mondulkiri	10x_Chomium_V3	HiSeq X Ten	infected hepatocyte	BioIVT:BGW	Infected host hepatocytes	Liver stage	Cambodia field isolate	5	None	2	610_GCCGATGCATGGGTCC	Hypnozoite	NA	NA	NA	11	13	14	16	19	19	20	18	18	19	36	Hypnozoite	19	Asexual 18	-4.65450300085528	-5.68984728920857	-8.50379802260199	-2.89531791744434	1.03353984907203	4.79136541670417	-12.907172645302	-3.25807144869662	1.17156029193769	-10.402531551592	-3.23943278029966	1.16458521042961	20.0265526579915	-3.68085025884511	-16.4619811456456
610_GCGTTTCGTATCGAGG	0	0	36093191	SRR19573610	Ruberto2022_1	4	2022	Cambodia_Mondulkiri	10x_Chomium_V3	HiSeq X Ten	infected hepatocyte	BioIVT:BGW	Infected host hepatocytes	Liver stage	Cambodia field isolate	5	None	2	610_GCGTTTCGTATCGAGG	Schizont	NA	NA	NA	6	8	13	15	17	17	18	17	14	17	36	Schizont (Liver stage)	17	Asexual 16	-4.62291063177569	-5.68585902321736	-8.51942683729926	-2.96629989681446	1.00927193716102	4.82570579832648	-12.907172645302	-3.25807144869662	1.17156029193769	-10.4025010415938	-3.23943098543412	1.16458821726001	-7.12089299568383	-23.4825845250763	-10.8703952869326
610_GCTGGGTGTTGGCCTG	0	0	36093191	SRR19573610	Ruberto2022_1	4	2022	Cambodia_Mondulkiri	10x_Chomium_V3	HiSeq X Ten	infected hepatocyte	BioIVT:BGW	Infected host hepatocytes	Liver stage	Cambodia field isolate	5	None	2	610_GCTGGGTGTTGGCCTG	Schizont	NA	NA	NA	10	12	15	17	18	18	19	19	19	18	36	Schizont (Liver stage)	18	Asexual 17	-4.66252721655352	-5.67891293633381	-8.48628951582709	-3.00465357837879	1.04244478300148	4.83396318739509	-12.907172645302	-3.25807144869662	1.17156029193769	-10.4026095513627	-3.23944825511485	1.16458171680262	-5.87051575654185	-8.78644546830686	-23.8901352729688
610_GCTTGGGGTCATGACT	0	0	36093191	SRR19573610	Ruberto2022_1	4	2022	Cambodia_Mondulkiri	10x_Chomium_V3	HiSeq X Ten	infected hepatocyte	BioIVT:BGW	Infected host hepatocytes	Liver stage	Cambodia field isolate	5	None	2	610_GCTTGGGGTCATGACT	Hypnozoite	NA	NA	NA	0	0	4	5	6	6	8	8	9	9	36	Hypnozoite	6	Asexual 5	-4.64972413885577	-5.69401007759968	-8.50545741591254	-2.87813795147144	1.18474741533332	4.60562637632941	-12.907172645302	-3.25807144869662	1.17156029193769	-10.4028890052197	-3.23951351334394	1.16460474475752	-14.3556729567938	-15.8632381166143	-8.26059633155186
610_GCTTTCGAGGTTACAA	0	0	36093191	SRR19573610	Ruberto2022_1	4	2022	Cambodia_Mondulkiri	10x_Chomium_V3	HiSeq X Ten	infected hepatocyte	BioIVT:BGW	Infected host hepatocytes	Liver stage	Cambodia field isolate	5	None	2	610_GCTTTCGAGGTTACAA	Hypnozoite	NA	NA	NA	12	14	16	18	20	20	21	20	20	20	36	Hypnozoite	20	Asexual 19	-4.65175403463824	-5.69225197899739	-8.50341178450385	-3.12436616955005	1.14838202550941	4.80783346479987	-12.907172645302	-3.25807144869662	1.17156029193769	-10.4026100400613	-3.23945898362318	1.1646030666787	-5.45234188006138	-10.7977011649825	-22.157875472745
610_GGAATGGGTCGGCACT	0	0	36093191	SRR19573610	Ruberto2022_1	4	2022	Cambodia_Mondulkiri	10x_Chomium_V3	HiSeq X Ten	infected hepatocyte	BioIVT:BGW	Infected host hepatocytes	Liver stage	Cambodia field isolate	5	None	2	610_GGAATGGGTCGGCACT	Hypnozoite	NA	NA	NA	0	0	4	5	6	6	8	8	9	9	36	Hypnozoite	6	Asexual 5	-4.65200246679766	-5.68126565087239	-8.49573470625678	-3.0185180955907	1.3736680324369	4.33172491377448	-12.907172645302	-3.25807144869662	1.17156029193769	-10.4029252619529	-3.23953575862069	1.16462369592668	-13.4717373055706	-16.1373377758031	-7.53681703943908
610_GGAGAACCAGGGCTTC	0	0	36093191	SRR19573610	Ruberto2022_1	4	2022	Cambodia_Mondulkiri	10x_Chomium_V3	HiSeq X Ten	infected hepatocyte	BioIVT:BGW	Infected host hepatocytes	Liver stage	Cambodia field isolate	5	None	2	610_GGAGAACCAGGGCTTC	Hypnozoite	NA	NA	NA	5	6	8	10	12	13	13	12	12	12	36	Hypnozoite	12	Asexual 11	-4.64855350363238	-5.68140154946247	-8.49763919386664	-3.10314643917286	1.13583274438911	4.86611536329841	-12.907172645302	-3.25807144869662	1.17156029193769	-10.402731623559	-3.23947951860148	1.16459024112629	11.8171770853577	-11.5669591965903	-21.1521374945252
610_GGAGCAATCAAGTCTG	0	0	36093191	SRR19573610	Ruberto2022_1	4	2022	Cambodia_Mondulkiri	10x_Chomium_V3	HiSeq X Ten	infected hepatocyte	BioIVT:BGW	Infected host hepatocytes	Liver stage	Cambodia field isolate	5	None	2	610_GGAGCAATCAAGTCTG	Hypnozoite	NA	NA	NA	0	0	0	8	0	9	7	7	8	8	36	Hypnozoite	0	Asexual 1	-4.63447202551348	-5.68344813454548	-8.51381923231879	-3.02451766071521	1.33194537714058	4.4015648681507	-12.907172645302	-3.25807144869662	1.17156029193769	-10.4023941178152	-3.23939692521714	1.16456262278758	-13.0976928949206	-11.4874582525781	-8.71340357463826
610_GGAGGATAGCTGACAG	0	0	36093191	SRR19573610	Ruberto2022_1	4	2022	Cambodia_Mondulkiri	10x_Chomium_V3	HiSeq X Ten	infected hepatocyte	BioIVT:BGW	Infected host hepatocytes	Liver stage	Cambodia field isolate	5	None	2	610_GGAGGATAGCTGACAG	Hypnozoite	NA	NA	NA	0	0	4	5	6	6	8	8	9	9	36	Hypnozoite	6	Asexual 5	-4.65561450827105	-5.6751015769283	-8.48911906752387	-3.03217495022022	1.40100474908882	4.28687742537116	-12.907172645302	-3.25807144869662	1.17156029193769	-10.4029250707391	-3.23953570751694	1.16462367338523	-13.467395206256	-16.1401505843891	-7.53627287876419
610_GGATCTACAATGTCAC	0	0	36093191	SRR19573610	Ruberto2022_1	4	2022	Cambodia_Mondulkiri	10x_Chomium_V3	HiSeq X Ten	infected hepatocyte	BioIVT:BGW	Infected host hepatocytes	Liver stage	Cambodia field isolate	5	None	2	610_GGATCTACAATGTCAC	Hypnozoite	NA	NA	NA	8	11	11	13	14	15	17	15	15	16	36	Hypnozoite	14	Asexual 13	-4.65744747030718	-5.68166810143391	-8.49232627424994	-2.96621335087024	1.30033655717903	4.4690492469654	-12.907172645302	-3.25807144869662	1.17156029193769	-10.4025577450565	-3.23943108537366	1.16457488877138	-0.750138505790575	-28.4434530867449	-4.19770353779793
610_GGCACGTAGCATACTC	0	0	36093191	SRR19573610	Ruberto2022_1	4	2022	Cambodia_Mondulkiri	10x_Chomium_V3	HiSeq X Ten	infected hepatocyte	BioIVT:BGW	Infected host hepatocytes	Liver stage	Cambodia field isolate	5	None	2	610_GGCACGTAGCATACTC	Hypnozoite	NA	NA	NA	0	0	0	0	10	10	7	7	8	8	36	Hypnozoite	10	Asexual 9	-4.66107143270953	-5.67726164925496	-8.48702575239935	-3.11009944019519	1.01645572736793	4.95137718504523	-12.907172645302	-3.25807144869662	1.17156029193769	-10.4024269060838	-3.23940804618024	1.16457399646722	-13.0568240690107	-17.7544301826393	-14.4443423390797
610_GGGACTCCACCAGCTG	0	0	36093191	SRR19573610	Ruberto2022_1	4	2022	Cambodia_Mondulkiri	10x_Chomium_V3	HiSeq X Ten	infected hepatocyte	BioIVT:BGW	Infected host hepatocytes	Liver stage	Cambodia field isolate	5	None	2	610_GGGACTCCACCAGCTG	Hypnozoite	NA	NA	NA	0	0	4	5	6	6	8	8	9	9	36	Hypnozoite	6	Asexual 5	-4.66036046850665	-5.67496138680378	-8.48602153334418	-2.88679373798572	0.985813098698192	4.7792880851612	-12.907172645302	-3.25807144869662	1.17156029193769	-10.4028417847512	-3.23950444058479	1.1646053600156	-15.1381412177765	-15.8927889411243	-9.42051418362018
610_GGGACTCGTGAGTAAT	0	0	36093191	SRR19573610	Ruberto2022_1	4	2022	Cambodia_Mondulkiri	10x_Chomium_V3	HiSeq X Ten	infected hepatocyte	BioIVT:BGW	Infected host hepatocytes	Liver stage	Cambodia field isolate	5	None	2	610_GGGACTCGTGAGTAAT	Hypnozoite	NA	NA	NA	12	14	16	18	20	20	21	20	20	20	36	Hypnozoite	20	Asexual 19	-4.66638721334918	-5.66188317406575	-8.47207595381537	-3.09267890987598	1.18352158620887	4.76773956602668	-12.907172645302	-3.25807144869662	1.17156029193769	-10.4026098964016	-3.23945894424797	1.16460304887209	-5.45315875541983	-10.7976965769721	-22.1580582133362
610_GGGAGATTCTAGTCAG	0	0	36093191	SRR19573610	Ruberto2022_1	4	2022	Cambodia_Mondulkiri	10x_Chomium_V3	HiSeq X Ten	infected hepatocyte	BioIVT:BGW	Infected host hepatocytes	Liver stage	Cambodia field isolate	5	None	2	610_GGGAGATTCTAGTCAG	Hypnozoite	NA	NA	NA	0	0	0	0	0	0	7	7	8	8	36	Hypnozoite	0	Asexual 1	-4.66120876181109	-5.67102604973713	-8.48051024946967	-2.94775546131336	1.09332473829322	4.73864534681892	-12.907172645302	-3.25807144869662	1.17156029193769	-10.402371571544	-3.2393864102959	1.16455574891947	-13.4352550989034	-11.9005937783189	-7.58353162548319
610_GGGAGTAGTGACACAG	0	0	36093191	SRR19573610	Ruberto2022_1	4	2022	Cambodia_Mondulkiri	10x_Chomium_V3	HiSeq X Ten	infected hepatocyte	BioIVT:BGW	Infected host hepatocytes	Liver stage	Cambodia field isolate	5	None	2	610_GGGAGTAGTGACACAG	Schizont	NA	NA	NA	10	12	15	17	18	18	19	19	19	18	36	Schizont (Liver stage)	18	Asexual 17	-4.64473308432086	-5.6660569297115	-8.49079181227484	-3.04043353138172	1.06165583684974	4.89231661146735	-12.907172645302	-3.25807144869662	1.17156029193769	-10.4026098589704	-3.23944833812375	1.16458175361252	-5.8703825379682	-8.78647081090309	-23.8902515605953
610_GGGATGATCTACCCAC	0	0	36093191	SRR19573610	Ruberto2022_1	4	2022	Cambodia_Mondulkiri	10x_Chomium_V3	HiSeq X Ten	infected hepatocyte	BioIVT:BGW	Infected host hepatocytes	Liver stage	Cambodia field isolate	5	None	2	610_GGGATGATCTACCCAC	Schizont	NA	NA	NA	4	7	9	11	13	12	14	13	13	13	36	Schizont (Liver stage)	13	Asexual 12	-4.64252675878985	-5.67916804421345	-8.50094367537299	-3.10834897098743	1.17199631288581	4.72133854216193	-12.907172645302	-3.25807144869662	1.17156029193769	-10.4025529480322	-3.23943442814079	1.16457744648254	-0.340460825592382	-28.9479749306375	-3.7450286069407
610_GGGCTACCACCGGTCA	0	0	36093191	SRR19573610	Ruberto2022_1	4	2022	Cambodia_Mondulkiri	10x_Chomium_V3	HiSeq X Ten	infected hepatocyte	BioIVT:BGW	Infected host hepatocytes	Liver stage	Cambodia field isolate	5	None	2	610_GGGCTACCACCGGTCA	Hypnozoite	NA	NA	NA	9	9	10	12	15	14	15	16	16	14	36	Hypnozoite	15	Asexual 14	-4.66469158041461	-5.66691571343342	-8.47672606978217	-2.97722447452747	1.09089024618202	4.78913334196662	-12.907172645302	-3.25807144869662	1.17156029193769	-10.4025846155563	-3.23945267972125	1.16459852292637	-7.23132400291372	-10.856913418679	-22.2817882003576
610_GGGTCACGTAACCCGC	0	0	36093191	SRR19573610	Ruberto2022_1	4	2022	Cambodia_Mondulkiri	10x_Chomium_V3	HiSeq X Ten	infected hepatocyte	BioIVT:BGW	Infected host hepatocytes	Liver stage	Cambodia field isolate	5	None	2	610_GGGTCACGTAACCCGC	Schizont	NA	NA	NA	7	10	12	14	16	16	16	14	17	15	36	Schizont (Liver stage)	16	Asexual 15	-4.6735183130501	-5.66465359795491	-8.46871520552435	-3.07264984188282	1.17609353616767	4.72010067289924	-12.907172645302	-3.25807144869662	1.17156029193769	-10.4026219015512	-3.23945939477538	1.16460170660771	-4.90912470160189	-10.6787213259619	-22.4842647835631
610_GGTGAAGGTCCTGGGT	0	0	36093191	SRR19573610	Ruberto2022_1	4	2022	Cambodia_Mondulkiri	10x_Chomium_V3	HiSeq X Ten	infected hepatocyte	BioIVT:BGW	Infected host hepatocytes	Liver stage	Cambodia field isolate	5	None	2	610_GGTGAAGGTCCTGGGT	Hypnozoite	NA	NA	NA	3	5	7	9	11	11	12	11	11	11	36	Hypnozoite	11	Asexual 10	-4.66785587179644	-5.6640284644405	-8.47219516310492	-3.1145349794408	1.11370928838783	4.85469988173103	-12.907172645302	-3.25807144869662	1.17156029193769	-10.4025240770462	-3.23943814043683	1.1645914323507	-5.96362632849961	-22.5432071576262	-11.7962644030837
610_GGTGGCTCAGTCTTCC	0	0	36093191	SRR19573610	Ruberto2022_1	4	2022	Cambodia_Mondulkiri	10x_Chomium_V3	HiSeq X Ten	infected hepatocyte	BioIVT:BGW	Infected host hepatocytes	Liver stage	Cambodia field isolate	5	None	2	610_GGTGGCTCAGTCTTCC	Hypnozoite	NA	NA	NA	4	7	9	11	13	12	14	13	13	13	36	Hypnozoite	13	Asexual 12	-4.66528571951373	-5.65377741921345	-8.4648118165473	-3.0886253171941	1.11022754266792	4.80340507811164	-12.907172645302	-3.25807144869662	1.17156029193769	-10.402553047092	-3.23943445290828	1.16457745845867	-0.340331497671634	-28.9481693131424	-3.74498258031752
610_GGTGTCGTCCGATCGG	0	0	36093191	SRR19573610	Ruberto2022_1	4	2022	Cambodia_Mondulkiri	10x_Chomium_V3	HiSeq X Ten	infected hepatocyte	BioIVT:BGW	Infected host hepatocytes	Liver stage	Cambodia field isolate	5	None	2	610_GGTGTCGTCCGATCGG	Hypnozoite	NA	NA	NA	7	10	12	14	16	16	16	14	17	15	36	Hypnozoite	16	Asexual 15	-4.67060722219927	-5.63575202095906	-8.45024825606146	-3.13357389507496	1.17079623296791	4.75139358824348	-12.907172645302	-3.25807144869662	1.17156029193769	-10.4026213526007	-3.23945925063521	1.16460164129663	-4.91407309750614	-10.6790723214566	-22.4819279103892
610_GGTGTTATCATCACAG	0	0	36093191	SRR19573610	Ruberto2022_1	4	2022	Cambodia_Mondulkiri	10x_Chomium_V3	HiSeq X Ten	infected hepatocyte	BioIVT:BGW	Infected host hepatocytes	Liver stage	Cambodia field isolate	5	None	2	610_GGTGTTATCATCACAG	Hypnozoite	NA	NA	NA	0	0	4	5	6	6	8	8	9	9	36	Hypnozoite	6	Asexual 5	-4.67056001532061	-5.64353686440388	-8.45540000471869	-2.96332133350574	1.03933008268409	4.76620367354011	-12.907172645302	-3.25807144869662	1.17156029193769	-10.4028414510659	-3.2395043490855	1.16460531968166	-15.1717469825741	-15.8973941791132	-9.46430424199073
610_GGTTAACCAGCCTTCT	0	0	36093191	SRR19573610	Ruberto2022_1	4	2022	Cambodia_Mondulkiri	10x_Chomium_V3	HiSeq X Ten	infected hepatocyte	BioIVT:BGW	Infected host hepatocytes	Liver stage	Cambodia field isolate	5	None	2	610_GGTTAACCAGCCTTCT	Hypnozoite	NA	NA	NA	0	0	4	5	6	6	8	8	9	9	36	Hypnozoite	6	Asexual 5	-4.65500320303424	-5.64730054009358	-8.46893168959418	-2.92518437442981	1.01848800733619	4.7855079490528	-12.907172645302	-3.25807144869662	1.17156029193769	-10.4028412654143	-3.23950429827076	1.16460529754504	-15.1897277339103	-15.898258436132	-9.48313523592789
610_GGTTAACCAGGCGATA	1	1	36093191	SRR19573610	Ruberto2022_1	4	2022	Cambodia_Mondulkiri	10x_Chomium_V3	HiSeq X Ten	infected hepatocyte	BioIVT:BGW	Infected host hepatocytes	Liver stage	Cambodia field isolate	5	None	2	610_GGTTAACCAGGCGATA	Hypnozoite	NA	NA	NA	0	0	0	0	10	10	7	7	8	8	36	Hypnozoite	10	Asexual 9	-4.66958059179766	-5.64907914269368	-8.4535460618476	-3.13423574505054	1.04818053796821	4.93679979628181	-12.907172645302	-3.25807144869662	1.17156029193769	-10.4024267633065	-3.23940800701287	1.16457397873047	-13.0562671148642	-17.7533122933716	-14.4416280639632
610_GTAACCAAGCCAAGTG	0	0	36093191	SRR19573610	Ruberto2022_1	4	2022	Cambodia_Mondulkiri	10x_Chomium_V3	HiSeq X Ten	infected hepatocyte	BioIVT:BGW	Infected host hepatocytes	Liver stage	Cambodia field isolate	5	None	2	610_GTAACCAAGCCAAGTG	Hypnozoite	NA	NA	NA	3	5	7	9	11	11	12	11	11	11	36	Hypnozoite	11	Asexual 10	-4.64124883520587	-5.63937932122151	-8.47294761214057	-3.11910689411365	1.04613156869941	4.94946363752937	-12.907172645302	-3.25807144869662	1.17156029193769	-10.4025247779682	-3.23943833688693	1.16459151828511	-5.96284885564233	-22.542106485521	-11.7968550178932
610_GTAACCATCGCTGCGA	0	0	36093191	SRR19573610	Ruberto2022_1	4	2022	Cambodia_Mondulkiri	10x_Chomium_V3	HiSeq X Ten	infected hepatocyte	BioIVT:BGW	Infected host hepatocytes	Liver stage	Cambodia field isolate	5	None	2	610_GTAACCATCGCTGCGA	Schizont	NA	NA	NA	0	0	0	0	0	0	7	7	8	8	36	Schizont (Liver stage)	0	Asexual 1	-4.64120067465289	-5.63929110634724	-8.48047973189154	-2.97562492428028	1.12626500680976	4.65295770948981	-12.907172645302	-3.25807144869662	1.17156029193769	-10.4023724638823	-3.23938665408849	1.16455585773533	-13.4477514780232	-11.8956443510319	-7.59825172892419
610_GTAAGTCCAACGTATC	0	0	36093191	SRR19573610	Ruberto2022_1	4	2022	Cambodia_Mondulkiri	10x_Chomium_V3	HiSeq X Ten	infected hepatocyte	BioIVT:BGW	Infected host hepatocytes	Liver stage	Cambodia field isolate	5	None	2	610_GTAAGTCCAACGTATC	Hypnozoite	NA	NA	NA	3	5	7	9	11	11	12	11	11	11	36	Hypnozoite	11	Asexual 10	-4.67546905386431	-5.64202433693806	-8.4512152818183	-3.11863649425708	1.03678567960792	4.93237713163947	-12.907172645302	-3.25807144869662	1.17156029193769	-10.4025247775192	-3.23943833676392	1.16459151823069	-5.96268816625519	-22.5423806028808	-11.796958463691
610_GTAATCGTCCGACATA	0	0	36093191	SRR19573610	Ruberto2022_1	4	2022	Cambodia_Mondulkiri	10x_Chomium_V3	HiSeq X Ten	infected hepatocyte	BioIVT:BGW	Infected host hepatocytes	Liver stage	Cambodia field isolate	5	None	2	610_GTAATCGTCCGACATA	Hypnozoite	NA	NA	NA	0	0	0	8	0	9	7	7	8	8	36	Hypnozoite	0	Asexual 1	-4.65733684408648	-5.64882975685994	-8.46164847883978	-3.05022180614673	1.2840079839521	4.49808910673713	-12.907172645302	-3.25807144869662	1.17156029193769	-10.402393368855	-3.23939671761965	1.16456253110122	-13.0933218614093	-11.5896667821889	-8.51407185757287
610_GTAATGCGTTCCTAAG	0	0	36093191	SRR19573610	Ruberto2022_1	4	2022	Cambodia_Mondulkiri	10x_Chomium_V3	HiSeq X Ten	infected hepatocyte	BioIVT:BGW	Infected host hepatocytes	Liver stage	Cambodia field isolate	5	None	2	610_GTAATGCGTTCCTAAG	Hypnozoite	NA	NA	NA	0	0	0	0	10	10	7	7	8	8	36	Hypnozoite	10	Asexual 9	-4.67305911886675	-5.6361234771053	-8.45803214583197	-2.95905268726551	1.05249376848274	4.78719213789558	-12.907172645302	-3.25807144869662	1.17156029193769	-10.4024274065052	-3.23940818320128	1.16457405799442	-13.0576280405464	-17.7559607531717	-14.4473673388084
610_GTACAACGTGGCCTCA	0	0	36093191	SRR19573610	Ruberto2022_1	4	2022	Cambodia_Mondulkiri	10x_Chomium_V3	HiSeq X Ten	infected hepatocyte	BioIVT:BGW	Infected host hepatocytes	Liver stage	Cambodia field isolate	5	None	2	610_GTACAACGTGGCCTCA	Hypnozoite	NA	NA	NA	9	9	10	12	15	14	15	16	16	14	36	Hypnozoite	15	Asexual 14	-4.70039905416949	-5.62286263573567	-8.42783690962592	-3.04576838550769	1.22525163248115	4.64591005629157	-12.907172645302	-3.25807144869662	1.17156029193769	-10.402585431062	-3.23945289624397	1.16459862141049	-7.23142368681145	-10.8571866777408	-22.2805943282831
610_GTAGAGGAGTCTCGTA	0	0	36093191	SRR19573610	Ruberto2022_1	4	2022	Cambodia_Mondulkiri	10x_Chomium_V3	HiSeq X Ten	infected hepatocyte	BioIVT:BGW	Infected host hepatocytes	Liver stage	Cambodia field isolate	5	None	2	610_GTAGAGGAGTCTCGTA	Hypnozoite	NA	NA	NA	7	10	12	14	16	16	16	14	17	15	36	Hypnozoite	16	Asexual 15	-4.68718494284136	-5.63849145043293	-8.44276763472357	-3.18484223423206	1.20173354700141	4.75405338591193	-12.907172645302	-3.25807144869662	1.17156029193769	-10.4026211111263	-3.23945917953636	1.16460161121505	-4.91608393588908	-10.6791811153158	-22.4812412136016
610_GTAGAGGTCCGTTTCG	0	0	36093191	SRR19573610	Ruberto2022_1	4	2022	Cambodia_Mondulkiri	10x_Chomium_V3	HiSeq X Ten	infected hepatocyte	BioIVT:BGW	Infected host hepatocytes	Liver stage	Cambodia field isolate	5	None	2	610_GTAGAGGTCCGTTTCG	Hypnozoite	NA	NA	NA	0	0	0	0	10	10	7	7	8	8	36	Hypnozoite	10	Asexual 9	-4.689797056794	-5.62932616341511	-8.43023444685736	-3.11325419483387	1.0564666564756	4.91243580168342	-12.907172645302	-3.25807144869662	1.17156029193769	-10.4024268133732	-3.23940801928752	1.16457398513575	-13.0564398465454	-17.7533827858193	-14.4418200531136
610_GTAGCTACATGGCCAC	0	0	36093191	SRR19573610	Ruberto2022_1	4	2022	Cambodia_Mondulkiri	10x_Chomium_V3	HiSeq X Ten	infected hepatocyte	BioIVT:BGW	Infected host hepatocytes	Liver stage	Cambodia field isolate	5	None	2	610_GTAGCTACATGGCCAC	Hypnozoite	NA	NA	NA	0	0	0	8	0	9	7	7	8	8	36	Hypnozoite	0	Asexual 1	-4.70026029455645	-5.64047843087117	-8.42682982954779	-2.9828416162511	1.31576772287422	4.39489630049323	-12.907172645302	-3.25807144869662	1.17156029193769	-10.4023939688623	-3.23939688099327	1.16456260398657	-13.0876644627412	-11.5208131650714	-8.66216102199263
610_GTAGCTAGTGAGATAT	1	1	36093191	SRR19573610	Ruberto2022_1	4	2022	Cambodia_Mondulkiri	10x_Chomium_V3	HiSeq X Ten	infected hepatocyte	BioIVT:BGW	Infected host hepatocytes	Liver stage	Cambodia field isolate	5	None	2	610_GTAGCTAGTGAGATAT	Hypnozoite	NA	NA	NA	11	13	14	16	19	19	20	18	18	19	36	Hypnozoite	19	Asexual 18	-4.70096696722491	-5.61118394005696	-8.4203486588935	-2.93851459560596	1.01996357992225	4.80993583983039	-12.907172645302	-3.25807144869662	1.17156029193769	-10.4025316569456	-3.23943280529344	1.16458522343231	20.0265952789753	-3.68082769668955	-16.4619827347443
610_GTCAAACTCAAAGAAC	0	0	36093191	SRR19573610	Ruberto2022_1	4	2022	Cambodia_Mondulkiri	10x_Chomium_V3	HiSeq X Ten	infected hepatocyte	BioIVT:BGW	Infected host hepatocytes	Liver stage	Cambodia field isolate	5	None	2	610_GTCAAACTCAAAGAAC	Schizont	NA	NA	NA	2	4	6	7	9	8	11	10	10	10	36	Schizont (Liver stage)	9	Asexual 8	-4.6840163599251	-5.61961918938557	-8.44087935957709	-2.95664656696521	0.986162501125866	4.84465483015632	-12.907172645302	-3.25807144869662	1.17156029193769	-10.4025340289914	-3.23943588608214	1.16458526403123	20.4738484665216	-2.66490653774346	-16.1713625613021
610_GTCACGGGTTAGGACG	0	0	36093191	SRR19573610	Ruberto2022_1	4	2022	Cambodia_Mondulkiri	10x_Chomium_V3	HiSeq X Ten	infected hepatocyte	BioIVT:BGW	Infected host hepatocytes	Liver stage	Cambodia field isolate	5	None	2	610_GTCACGGGTTAGGACG	Hypnozoite	NA	NA	NA	0	0	0	0	0	0	7	7	8	8	36	Hypnozoite	0	Asexual 1	-4.72343934881671	-5.60633164513508	-8.40371371779242	-2.99028742847644	1.14112909391456	4.7073452789173	-12.907172645302	-3.25807144869662	1.17156029193769	-10.4023724125615	-3.2393866427555	1.16455585161137	-13.4457794773969	-11.8995008296967	-7.5939795198156
610_GTCATCCTCAGTGTCA	0	0	36093191	SRR19573610	Ruberto2022_1	4	2022	Cambodia_Mondulkiri	10x_Chomium_V3	HiSeq X Ten	infected hepatocyte	BioIVT:BGW	Infected host hepatocytes	Liver stage	Cambodia field isolate	5	None	2	610_GTCATCCTCAGTGTCA	Hypnozoite	NA	NA	NA	0	0	0	0	0	0	7	7	8	8	36	Hypnozoite	0	Asexual 1	-4.70661987173541	-5.62873011696736	-8.41667892012396	-3.01413190899097	1.10697038724952	4.76695421522712	-12.907172645302	-3.25807144869662	1.17156029193769	-10.4023721716042	-3.23938657180864	1.16455582161862	-13.4469729586643	-11.8988731848111	-7.59048084847531
610_GTCCACTTCGTTCAGA	0	0	36093191	SRR19573610	Ruberto2022_1	4	2022	Cambodia_Mondulkiri	10x_Chomium_V3	HiSeq X Ten	infected hepatocyte	BioIVT:BGW	Infected host hepatocytes	Liver stage	Cambodia field isolate	5	None	2	610_GTCCACTTCGTTCAGA	Hypnozoite	NA	NA	NA	0	0	0	0	10	10	7	7	8	8	36	Hypnozoite	10	Asexual 9	-4.70850814688189	-5.62918549645344	-8.41686965498725	-3.14456975994312	1.07727499559455	4.96392849272346	-12.907172645302	-3.25807144869662	1.17156029193769	-10.4024268104519	-3.23940802365662	1.16457398549436	-13.0562297605266	-17.7532929040338	-14.441669391272
610_GTCCCATTCATTACGG	0	0	36093191	SRR19573610	Ruberto2022_1	4	2022	Cambodia_Mondulkiri	10x_Chomium_V3	HiSeq X Ten	infected hepatocyte	BioIVT:BGW	Infected host hepatocytes	Liver stage	Cambodia field isolate	5	None	2	610_GTCCCATTCATTACGG	Schizont	NA	NA	NA	0	0	4	5	6	6	8	8	9	9	36	Schizont (Liver stage)	6	Asexual 5	-4.68410695898516	-5.64633780587117	-8.4398799088935	-2.90619600353443	1.14628537252479	4.64637115782355	-12.907172645302	-3.25807144869662	1.17156029193769	-10.4028889827955	-3.23951350571717	1.16460474257081	-14.3584505604035	-15.8632430083062	-8.26760725129059
610_GTCGTAATCGGTTAGT	0	0	36093191	SRR19573610	Ruberto2022_1	4	2022	Cambodia_Mondulkiri	10x_Chomium_V3	HiSeq X Ten	infected hepatocyte	BioIVT:BGW	Infected host hepatocytes	Liver stage	Cambodia field isolate	5	None	2	610_GTCGTAATCGGTTAGT	Hypnozoite	NA	NA	NA	7	10	12	14	16	16	16	14	17	15	36	Hypnozoite	16	Asexual 15	-4.70619739401324	-5.62406998742024	-8.41811229262152	-3.08300579128467	1.24057980135017	4.61945656126594	-12.907172645302	-3.25807144869662	1.17156029193769	-10.4026205522353	-3.23945902928284	1.16460154348557	-4.92131437492499	-10.6795893078934	-22.4790311526428
610_GTCTACCCACGGCTAC	0	0	36093191	SRR19573610	Ruberto2022_1	4	2022	Cambodia_Mondulkiri	10x_Chomium_V3	HiSeq X Ten	infected hepatocyte	BioIVT:BGW	Infected host hepatocytes	Liver stage	Cambodia field isolate	5	None	2	610_GTCTACCCACGGCTAC	Hypnozoite	NA	NA	NA	11	13	14	16	19	19	20	18	18	19	36	Hypnozoite	19	Asexual 18	-4.70010961401446	-5.61518174279133	-8.41640998396674	-2.91986311016285	1.03532727315956	4.77693394011115	-12.907172645302	-3.25807144869662	1.17156029193769	-10.4025323580261	-3.2394330017969	1.16458530912701	20.0265871574834	-3.68083609726899	-16.4618312521025
610_GTCTACCGTCTGCATA	0	0	36093191	SRR19573610	Ruberto2022_1	4	2022	Cambodia_Mondulkiri	10x_Chomium_V3	HiSeq X Ten	infected hepatocyte	BioIVT:BGW	Infected host hepatocytes	Liver stage	Cambodia field isolate	5	None	2	610_GTCTACCGTCTGCATA	Hypnozoite	NA	NA	NA	10	12	15	17	18	18	19	19	19	18	36	Hypnozoite	18	Asexual 17	-4.71038783895953	-5.62139731514851	-8.41332007918158	-3.18161333141529	1.0482058103376	5.01301983183478	-12.907172645302	-3.25807144869662	1.17156029193769	-10.4026086822521	-3.23944802004852	1.1645816118048	-5.87125583026079	-8.78645455498687	-23.8902347114238
610_GTCTGTCGTGCGTGCT	0	0	36093191	SRR19573610	Ruberto2022_1	4	2022	Cambodia_Mondulkiri	10x_Chomium_V3	HiSeq X Ten	infected hepatocyte	BioIVT:BGW	Infected host hepatocytes	Liver stage	Cambodia field isolate	5	None	2	610_GTCTGTCGTGCGTGCT	Hypnozoite	NA	NA	NA	0	0	0	0	10	10	7	7	8	8	36	Hypnozoite	10	Asexual 9	-4.70677198278887	-5.60501128304402	-8.40378142866889	-3.1544634157201	1.05071969583564	4.9819157440052	-12.907172645302	-3.25807144869662	1.17156029193769	-10.4024268112214	-3.2394080238682	1.16457398558784	-13.0563364213697	-17.7536887939474	-14.442392302647
610_GTCTGTCTCACATACG	0	0	36093191	SRR19573610	Ruberto2022_1	4	2022	Cambodia_Mondulkiri	10x_Chomium_V3	HiSeq X Ten	infected hepatocyte	BioIVT:BGW	Infected host hepatocytes	Liver stage	Cambodia field isolate	5	None	2	610_GTCTGTCTCACATACG	Hypnozoite	NA	NA	NA	4	7	9	11	13	12	14	13	13	13	36	Hypnozoite	13	Asexual 12	-4.70706285345538	-5.60103303063313	-8.40215159926215	-3.00872958240711	1.28587885454231	4.55105522459602	-12.907172645302	-3.25807144869662	1.17156029193769	-10.4025536055509	-3.23943460529807	1.16457752531455	-0.340202592495166	-28.9480639364182	-3.74487466800865
610_GTGACGCTCTTGCGCT	0	0	36093191	SRR19573610	Ruberto2022_1	4	2022	Cambodia_Mondulkiri	10x_Chomium_V3	HiSeq X Ten	infected hepatocyte	BioIVT:BGW	Infected host hepatocytes	Liver stage	Cambodia field isolate	5	None	2	610_GTGACGCTCTTGCGCT	Schizont	NA	NA	NA	0	0	4	5	6	6	8	8	9	9	36	Schizont (Liver stage)	6	Asexual 5	-4.7250958811043	-5.59781437981526	-8.38651324782172	-2.98768151340686	1.33856173112922	4.38551452940559	-12.907172645302	-3.25807144869662	1.17156029193769	-10.4029249214169	-3.23953566691328	1.16462365532045	-13.4621751474258	-16.1435220616475	-7.53960612334739
610_GTGATGTGTTTCGATG	0	0	36093191	SRR19573610	Ruberto2022_1	4	2022	Cambodia_Mondulkiri	10x_Chomium_V3	HiSeq X Ten	infected hepatocyte	BioIVT:BGW	Infected host hepatocytes	Liver stage	Cambodia field isolate	5	None	2	610_GTGATGTGTTTCGATG	Hypnozoite	NA	NA	NA	0	0	4	5	6	6	8	8	9	9	36	Hypnozoite	6	Asexual 5	-4.712426794648	-5.60558730233113	-8.40926410231391	-3.18993533191883	1.24252768114143	4.66350582426643	-12.907172645302	-3.25807144869662	1.17156029193769	-10.4029302192868	-3.23953197634395	1.16462202577992	-13.9101472845691	-15.9698401040936	-7.55729210560472
610_GTGATGTTCCGGCAGT	0	0	36093191	SRR19573610	Ruberto2022_1	4	2022	Cambodia_Mondulkiri	10x_Chomium_V3	HiSeq X Ten	infected hepatocyte	BioIVT:BGW	Infected host hepatocytes	Liver stage	Cambodia field isolate	5	None	2	610_GTGATGTTCCGGCAGT	Hypnozoite	NA	NA	NA	7	10	12	14	16	16	16	14	17	15	36	Hypnozoite	16	Asexual 15	-4.71520580160601	-5.60351115334431	-8.40241481337348	-3.16237390575611	1.20194514349037	4.74090364760017	-12.907172645302	-3.25807144869662	1.17156029193769	-10.4026211938682	-3.23945920305199	1.16460162117768	-4.91532976545337	-10.6791151530097	-22.4816027727062
610_GTGCGTGGTAGCTGTT	0	0	36093191	SRR19573610	Ruberto2022_1	4	2022	Cambodia_Mondulkiri	10x_Chomium_V3	HiSeq X Ten	infected hepatocyte	BioIVT:BGW	Infected host hepatocytes	Liver stage	Cambodia field isolate	5	None	2	610_GTGCGTGGTAGCTGTT	Hypnozoite	NA	NA	NA	0	0	0	8	0	9	7	7	8	8	36	Hypnozoite	0	Asexual 1	-4.72575916159136	-5.61349278557698	-8.39792968306342	-3.08620656070911	1.25049944475227	4.54438856428718	-12.907172645302	-3.25807144869662	1.17156029193769	-10.4023933184988	-3.23939670575729	1.16456252496313	-13.0929671058482	-11.6005992934033	-8.49614281402948
610_GTGCTGGCAAGCGAAC	35	2	36093191	SRR19573610	Ruberto2022_1	4	2022	Cambodia_Mondulkiri	10x_Chomium_V3	HiSeq X Ten	infected hepatocyte	BioIVT:BGW	Infected host hepatocytes	Liver stage	Cambodia field isolate	5	None	2	610_GTGCTGGCAAGCGAAC	Hypnozoite	NA	NA	NA	0	0	0	0	0	0	7	7	8	8	36	Hypnozoite	0	Asexual 1	-4.74802364218218	-5.59414416420857	-8.37418128523627	-3.01151979503833	1.34560592725807	4.38905218428229	-12.907172645302	-3.25807144869662	1.17156029193769	-10.4022270662566	-3.23935126655524	1.1645416869219	-12.7986008286592	-12.1669882164004	-7.2670101773352
610_GTGCTTCAGGTCGAGT	0	0	36093191	SRR19573610	Ruberto2022_1	4	2022	Cambodia_Mondulkiri	10x_Chomium_V3	HiSeq X Ten	infected hepatocyte	BioIVT:BGW	Infected host hepatocytes	Liver stage	Cambodia field isolate	5	None	2	610_GTGCTTCAGGTCGAGT	Hypnozoite	NA	NA	NA	0	0	0	0	0	0	7	7	8	8	36	Hypnozoite	0	Asexual 1	-4.71402706015093	-5.58930140602986	-8.39029933485785	-3.02006519375049	1.11016769960456	4.75491979902839	-12.907172645302	-3.25807144869662	1.17156029193769	-10.4023721189677	-3.23938655884808	1.16455581493109	-13.4417462777958	-11.9007411097255	-7.58730650836324
610_GTGGAAGTCATTACGG	1	1	36093191	SRR19573610	Ruberto2022_1	4	2022	Cambodia_Mondulkiri	10x_Chomium_V3	HiSeq X Ten	infected hepatocyte	BioIVT:BGW	Infected host hepatocytes	Liver stage	Cambodia field isolate	5	None	2	610_GTGGAAGTCATTACGG	Hypnozoite	NA	NA	NA	4	7	9	11	13	12	14	13	13	13	36	Hypnozoite	13	Asexual 12	-4.73051656591876	-5.61007767784993	-8.39244319472113	-3.07525981006824	1.11806316927009	4.77748611754035	-12.907172645302	-3.25807144869662	1.17156029193769	-10.4025529494632	-3.23943442853176	1.16457744665419	-0.340326892036394	-28.9481742085587	-3.74497131694828
610_GTGTAACGTCTGTTAG	0	0	36093191	SRR19573610	Ruberto2022_1	4	2022	Cambodia_Mondulkiri	10x_Chomium_V3	HiSeq X Ten	infected hepatocyte	BioIVT:BGW	Infected host hepatocytes	Liver stage	Cambodia field isolate	5	None	2	610_GTGTAACGTCTGTTAG	Schizont	NA	NA	NA	0	0	0	8	0	9	7	7	8	8	36	Schizont (Liver stage)	0	Asexual 1	-4.69923700201495	-5.58090191948811	-8.40799285445014	-3.02857149181568	1.33848174169593	4.38897779768562	-12.907172645302	-3.25807144869662	1.17156029193769	-10.4023938263079	-3.23939684194095	1.16456258634977	-13.1022954007437	-11.547020205262	-8.601291153426
610_GTGTCCTCAGTAACAA	0	0	36093191	SRR19573610	Ruberto2022_1	4	2022	Cambodia_Mondulkiri	10x_Chomium_V3	HiSeq X Ten	infected hepatocyte	BioIVT:BGW	Infected host hepatocytes	Liver stage	Cambodia field isolate	5	None	2	610_GTGTCCTCAGTAACAA	Hypnozoite	NA	NA	NA	6	8	13	15	17	17	18	17	14	17	36	Hypnozoite	17	Asexual 16	-4.74357427465899	-5.61453229058186	-8.40109969649115	-2.94216239986622	1.03920705869728	4.78268125837897	-12.907172645302	-3.25807144869662	1.17156029193769	-10.402501556259	-3.23943112694716	1.16458828063426	-7.12011885580164	-23.4828054193968	-10.8709842659123
610_GTGTCCTTCCCAGTGG	0	0	36093191	SRR19573610	Ruberto2022_1	4	2022	Cambodia_Mondulkiri	10x_Chomium_V3	HiSeq X Ten	infected hepatocyte	BioIVT:BGW	Infected host hepatocytes	Liver stage	Cambodia field isolate	5	None	2	610_GTGTCCTTCCCAGTGG	Hypnozoite	NA	NA	NA	7	10	12	14	16	16	16	14	17	15	36	Hypnozoite	16	Asexual 15	-4.71608938086016	-5.59255820382038	-8.39057780775824	-3.15113127765857	1.20392950132423	4.71717766111945	-12.907172645302	-3.25807144869662	1.17156029193769	-10.4026212037251	-3.23945920546275	1.16460162275182	-4.9153308921574	-10.6790927041244	-22.481412673611
610_GTGTTCCTCGTTGTAG	0	0	36093191	SRR19573610	Ruberto2022_1	4	2022	Cambodia_Mondulkiri	10x_Chomium_V3	HiSeq X Ten	infected hepatocyte	BioIVT:BGW	Infected host hepatocytes	Liver stage	Cambodia field isolate	5	None	2	610_GTGTTCCTCGTTGTAG	Schizont	NA	NA	NA	7	10	12	14	16	16	16	14	17	15	36	Schizont (Liver stage)	16	Asexual 15	-4.73479522573931	-5.59981471169392	-8.38112689528266	-3.12147963581287	1.31880899026924	4.55065515822028	-12.907172645302	-3.25807144869662	1.17156029193769	-10.4026205057305	-3.23945901658936	1.16460153779625	-4.92176797975793	-10.6796190409137	-22.4787265234498
610_GTTACAGTCACCATCC	0	0	36093191	SRR19573610	Ruberto2022_1	4	2022	Cambodia_Mondulkiri	10x_Chomium_V3	HiSeq X Ten	infected hepatocyte	BioIVT:BGW	Infected host hepatocytes	Liver stage	Cambodia field isolate	5	None	2	610_GTTACAGTCACCATCC	Schizont	NA	NA	NA	3	5	7	9	11	11	12	11	11	11	36	Schizont (Liver stage)	11	Asexual 10	-4.77150310385211	-5.55329114067952	-8.34142066511908	-3.13390482006275	1.16506524637275	4.82996109312629	-12.907172645302	-3.25807144869662	1.17156029193769	-10.4025239736775	-3.23943811592224	1.16459141954002	-5.96401004362985	-22.5427230483222	-11.7959358060241
610_GTTACGATCATAGACC	0	0	36093191	SRR19573610	Ruberto2022_1	4	2022	Cambodia_Mondulkiri	10x_Chomium_V3	HiSeq X Ten	infected hepatocyte	BioIVT:BGW	Infected host hepatocytes	Liver stage	Cambodia field isolate	5	None	2	610_GTTACGATCATAGACC	Hypnozoite	NA	NA	NA	4	7	9	11	13	12	14	13	13	13	36	Hypnozoite	13	Asexual 12	-4.76315893042071	-5.57130461800496	-8.34768058333197	-3.1004375272771	1.15285988405281	4.75969055479621	-12.907172645302	-3.25807144869662	1.17156029193769	-10.4025529422058	-3.23943442807669	1.164577445594	-0.34028674788565	-28.9481842285297	-3.7449625158672
610_GTTAGACCACGAAGAC	0	0	36093191	SRR19573610	Ruberto2022_1	4	2022	Cambodia_Mondulkiri	10x_Chomium_V3	HiSeq X Ten	infected hepatocyte	BioIVT:BGW	Infected host hepatocytes	Liver stage	Cambodia field isolate	5	None	2	610_GTTAGACCACGAAGAC	Hypnozoite	NA	NA	NA	0	0	0	8	0	9	7	7	8	8	36	Hypnozoite	0	Asexual 1	-4.7169433962105	-5.55253249276081	-8.38714267287055	-3.03140581188404	1.32082708433204	4.41849115675544	-12.907172645302	-3.25807144869662	1.17156029193769	-10.4023939698344	-3.23939688035835	1.16456260436652	-13.1046371727466	-11.516389988901	-8.65166207815192
610_GTTATGGTCATGTCAG	0	0	36093191	SRR19573610	Ruberto2022_1	4	2022	Cambodia_Mondulkiri	10x_Chomium_V3	HiSeq X Ten	infected hepatocyte	BioIVT:BGW	Infected host hepatocytes	Liver stage	Cambodia field isolate	5	None	2	610_GTTATGGTCATGTCAG	Hypnozoite	NA	NA	NA	0	0	0	0	0	0	7	7	8	8	36	Hypnozoite	0	Asexual 1	-4.74900783407672	-5.60042220223347	-8.37383224043646	-3.0063237005254	1.08094866827064	4.78299310988044	-12.907172645302	-3.25807144869662	1.17156029193769	-10.402371808566	-3.23938647286327	1.16455577787147	-13.4396751044604	-11.9007452690714	-7.58713552323199
610_GTTCGCTGTCTACAGT	0	0	36093191	SRR19573610	Ruberto2022_1	4	2022	Cambodia_Mondulkiri	10x_Chomium_V3	HiSeq X Ten	infected hepatocyte	BioIVT:BGW	Infected host hepatocytes	Liver stage	Cambodia field isolate	5	None	2	610_GTTCGCTGTCTACAGT	Hypnozoite	NA	NA	NA	11	13	14	16	19	19	20	18	18	19	36	Hypnozoite	19	Asexual 18	-4.76723541128619	-5.6116135703365	-8.38849593672553	-2.94598615703785	1.02111538007789	4.8129589874134	-12.907172645302	-3.25807144869662	1.17156029193769	-10.4025322086025	-3.2394329564681	1.16458529051777	20.0265478941357	-3.68085937261969	-16.4618207577311
610_GTTGCTCAGGCATTTC	0	0	36093191	SRR19573610	Ruberto2022_1	4	2022	Cambodia_Mondulkiri	10x_Chomium_V3	HiSeq X Ten	infected hepatocyte	BioIVT:BGW	Infected host hepatocytes	Liver stage	Cambodia field isolate	5	None	2	610_GTTGCTCAGGCATTTC	Schizont	NA	NA	NA	11	13	14	16	19	19	20	18	18	19	36	Schizont (Liver stage)	19	Asexual 18	-4.74317420828326	-5.58460837471882	-8.37368823561469	-3.00186741886341	0.956188755779796	4.88635090178107	-12.907172645302	-3.25807144869662	1.17156029193769	-10.4025321127638	-3.23943293485477	1.16458527930916	20.0265520808796	-3.68084250711487	-16.4618700687038
610_GTTGTCCAGGAGAGTA	0	0	36093191	SRR19573610	Ruberto2022_1	4	2022	Cambodia_Mondulkiri	10x_Chomium_V3	HiSeq X Ten	infected hepatocyte	BioIVT:BGW	Infected host hepatocytes	Liver stage	Cambodia field isolate	5	None	2	610_GTTGTCCAGGAGAGTA	Hypnozoite	NA	NA	NA	5	6	8	10	12	13	13	12	12	12	36	Hypnozoite	12	Asexual 11	-4.75476373541339	-5.58844596016804	-8.3621678498725	-3.09096134243213	1.1378681237989	4.8192804176197	-12.907172645302	-3.25807144869662	1.17156029193769	-10.4027317712515	-3.23947955879035	1.16459025901464	11.8170577061392	-11.5670336943083	-21.152012231893
610_TAAGCCACAGACCTAT	0	0	36093191	SRR19573610	Ruberto2022_1	4	2022	Cambodia_Mondulkiri	10x_Chomium_V3	HiSeq X Ten	infected hepatocyte	BioIVT:BGW	Infected host hepatocytes	Liver stage	Cambodia field isolate	5	None	2	610_TAAGCCACAGACCTAT	Hypnozoite	NA	NA	NA	8	11	11	13	14	15	17	15	15	16	36	Hypnozoite	14	Asexual 13	-4.73869193899615	-5.56319552529255	-8.3589244035224	-2.93127215442859	1.15980001047187	4.63097790068244	-12.907172645302	-3.25807144869662	1.17156029193769	-10.4025579388717	-3.23943113601602	1.16457491226147	-0.749816959700309	-28.4436256790284	-4.19758869884591
610_TAAGCGTAGGTGGTTG	1	1	36093191	SRR19573610	Ruberto2022_1	4	2022	Cambodia_Mondulkiri	10x_Chomium_V3	HiSeq X Ten	infected hepatocyte	BioIVT:BGW	Infected host hepatocytes	Liver stage	Cambodia field isolate	5	None	2	610_TAAGCGTAGGTGGTTG	Hypnozoite	NA	NA	NA	8	11	11	13	14	15	17	15	15	16	36	Hypnozoite	14	Asexual 13	-4.76249994146807	-5.59640246498982	-8.36192275557318	-2.94365466175281	1.25471659257942	4.52347400969123	-12.907172645302	-3.25807144869662	1.17156029193769	-10.4025585813553	-3.23943131170838	1.16457498914924	-0.748657719835771	-28.4449623753513	-4.19716788060817
610_TAAGCGTTCGTTCTAT	0	0	36093191	SRR19573610	Ruberto2022_1	4	2022	Cambodia_Mondulkiri	10x_Chomium_V3	HiSeq X Ten	infected hepatocyte	BioIVT:BGW	Infected host hepatocytes	Liver stage	Cambodia field isolate	5	None	2	610_TAAGCGTTCGTTCTAT	Hypnozoite	NA	NA	NA	0	0	0	0	10	10	7	7	8	8	36	Hypnozoite	10	Asexual 9	-4.74801458227618	-5.57279664147297	-8.36962844404975	-3.12559569416248	1.01068385198646	4.9742515403614	-12.907172645302	-3.25807144869662	1.17156029193769	-10.4024270542251	-3.23940809026101	1.16457401525444	-13.0569923823168	-17.7549418105163	-14.4451879751523
610_TAAGTCGCAGCCCAGT	0	0	36093191	SRR19573610	Ruberto2022_1	4	2022	Cambodia_Mondulkiri	10x_Chomium_V3	HiSeq X Ten	infected hepatocyte	BioIVT:BGW	Infected host hepatocytes	Liver stage	Cambodia field isolate	5	None	2	610_TAAGTCGCAGCCCAGT	Hypnozoite	NA	NA	NA	2	4	6	7	9	8	11	10	10	10	36	Hypnozoite	9	Asexual 8	-4.76992954123004	-5.58271580803791	-8.34762717757025	-2.9658864789983	1.0449543769651	4.79294470137214	-12.907172645302	-3.25807144869662	1.17156029193769	-10.4025334973995	-3.23943574352029	1.16458519955661	20.471885794312	-2.66894566145229	-16.1725039594378
610_TACAACGAGCACACAG	0	0	36093191	SRR19573610	Ruberto2022_1	4	2022	Cambodia_Mondulkiri	10x_Chomium_V3	HiSeq X Ten	infected hepatocyte	BioIVT:BGW	Infected host hepatocytes	Liver stage	Cambodia field isolate	5	None	2	610_TACAACGAGCACACAG	Hypnozoite	NA	NA	NA	13	15	17	19	21	21	22	21	21	21	36	Hypnozoite	21	Asexual 20	-4.76989425528033	-5.59315663445393	-8.35492183241644	-3.05059421596729	1.2081372316175	4.70536354368781	-12.907172645302	-3.25807144869662	1.17156029193769	-10.4026444519496	-3.23946254070748	1.16460070682986	-4.38144416569218	-10.6685711273343	-22.716755694272
610_TACACCCAGTTTCAGC	0	0	36093191	SRR19573610	Ruberto2022_1	4	2022	Cambodia_Mondulkiri	10x_Chomium_V3	HiSeq X Ten	infected hepatocyte	BioIVT:BGW	Infected host hepatocytes	Liver stage	Cambodia field isolate	5	None	2	610_TACACCCAGTTTCAGC	Hypnozoite	NA	NA	NA	13	15	17	19	21	21	22	21	21	21	36	Hypnozoite	21	Asexual 20	-4.77283967840655	-5.59237176049153	-8.35214854750433	-3.05305183468067	1.22858090951973	4.68642118757819	-12.907172645302	-3.25807144869662	1.17156029193769	-10.402644314624	-3.23946250373189	1.16460068997988	-4.38124105550078	-10.6685132870948	-22.7171168429289
610_TACACCCTCTTCCGTG	0	0	36093191	SRR19573610	Ruberto2022_1	4	2022	Cambodia_Mondulkiri	10x_Chomium_V3	HiSeq X Ten	infected hepatocyte	BioIVT:BGW	Infected host hepatocytes	Liver stage	Cambodia field isolate	5	None	2	610_TACACCCTCTTCCGTG	Schizont	NA	NA	NA	7	10	12	14	16	16	16	14	17	15	36	Schizont (Liver stage)	16	Asexual 15	-4.78051008093341	-5.58332806694905	-8.33937408003607	-3.2149611764928	1.26501889780098	4.65865352934455	-12.907172645302	-3.25807144869662	1.17156029193769	-10.4026211932475	-3.23945920288217	1.16460162110273	-4.91535746000884	-10.6791614671528	-22.4816003163224
610_TACAGGTAGCGTTAGG	0	0	36093191	SRR19573610	Ruberto2022_1	4	2022	Cambodia_Mondulkiri	10x_Chomium_V3	HiSeq X Ten	infected hepatocyte	BioIVT:BGW	Infected host hepatocytes	Liver stage	Cambodia field isolate	5	None	2	610_TACAGGTAGCGTTAGG	Schizont	NA	NA	NA	0	0	4	5	6	6	8	8	9	9	36	Schizont (Liver stage)	6	Asexual 5	-4.77238859045489	-5.58098679650227	-8.34404803786078	-2.96169412670337	1.08356781557136	4.7500608283863	-12.907172645302	-3.25807144869662	1.17156029193769	-10.4028406359371	-3.23950412908081	1.1646052229865	-15.2046628882268	-15.8997278571109	-9.4990258626838
610_TACCGAAGTCCACTCT	0	0	36093191	SRR19573610	Ruberto2022_1	4	2022	Cambodia_Mondulkiri	10x_Chomium_V3	HiSeq X Ten	infected hepatocyte	BioIVT:BGW	Infected host hepatocytes	Liver stage	Cambodia field isolate	5	None	2	610_TACCGAAGTCCACTCT	Hypnozoite	NA	NA	NA	0	0	4	5	6	6	8	8	9	9	36	Hypnozoite	6	Asexual 5	-4.77978814947589	-5.58886176216999	-8.34508182081976	-2.87027943668567	1.15550609186225	4.5990426856861	-12.907172645302	-3.25807144869662	1.17156029193769	-10.4028890536911	-3.23951353023556	1.16460475148107	-14.3490054568971	-15.8654815794782	-8.2582111250712
610_TACCGAATCCTATTTG	0	0	36093191	SRR19573610	Ruberto2022_1	4	2022	Cambodia_Mondulkiri	10x_Chomium_V3	HiSeq X Ten	infected hepatocyte	BioIVT:BGW	Infected host hepatocytes	Liver stage	Cambodia field isolate	5	None	2	610_TACCGAATCCTATTTG	Hypnozoite	NA	NA	NA	0	0	4	5	6	6	8	8	9	9	36	Hypnozoite	6	Asexual 5	-4.75791181433184	-5.56296712029377	-8.35279418501654	-3.14793074665271	1.27598341062599	4.58193186110114	-12.907172645302	-3.25807144869662	1.17156029193769	-10.402929346802	-3.23953174276219	1.16462192222469	-13.9160193917566	-15.974872548942	-7.56601616928184
610_TACCGGGAGAGAGGGC	0	0	36093191	SRR19573610	Ruberto2022_1	4	2022	Cambodia_Mondulkiri	10x_Chomium_V3	HiSeq X Ten	infected hepatocyte	BioIVT:BGW	Infected host hepatocytes	Liver stage	Cambodia field isolate	5	None	2	610_TACCGGGAGAGAGGGC	Hypnozoite	NA	NA	NA	0	0	0	8	0	9	7	7	8	8	36	Hypnozoite	0	Asexual 1	-4.78461660253985	-5.58856564629475	-8.34139300856391	-3.04694259700977	1.26822908475929	4.5137064773426	-12.907172645302	-3.25807144869662	1.17156029193769	-10.4023933693505	-3.23939671775549	1.16456253116111	-13.0933450067402	-11.5882163564763	-8.51783692043501
610_TACCGGGGTTGCGGAA	0	0	36093191	SRR19573610	Ruberto2022_1	4	2022	Cambodia_Mondulkiri	10x_Chomium_V3	HiSeq X Ten	infected hepatocyte	BioIVT:BGW	Infected host hepatocytes	Liver stage	Cambodia field isolate	5	None	2	610_TACCGGGGTTGCGGAA	Hypnozoite	NA	NA	NA	3	5	7	9	11	11	12	11	11	11	36	Hypnozoite	11	Asexual 10	-4.77836097586138	-5.57433968651692	-8.33654071364203	-3.14848435459339	1.15122528627449	4.87906387632941	-12.907172645302	-3.25807144869662	1.17156029193769	-10.4025244630059	-3.23943824559963	1.16459147930577	-5.96288854482455	-22.5431390139358	-11.7968452416923
610_TACCTCGCAGGGCTTC	0	0	36093191	SRR19573610	Ruberto2022_1	4	2022	Cambodia_Mondulkiri	10x_Chomium_V3	HiSeq X Ten	infected hepatocyte	BioIVT:BGW	Infected host hepatocytes	Liver stage	Cambodia field isolate	5	None	2	610_TACCTCGCAGGGCTTC	Hypnozoite	NA	NA	NA	12	14	16	18	20	20	21	20	20	20	36	Hypnozoite	20	Asexual 19	-4.78576291906817	-5.57885056603352	-8.33063460860053	-3.08692777691089	1.12020595624977	4.8258231002674	-12.907172645302	-3.25807144869662	1.17156029193769	-10.4026093436425	-3.23945879421179	1.16460298204808	-5.45647392728969	-10.7977624196021	-22.1580591837069
610_TACCTCGCATATGGCT	0	0	36093191	SRR19573610	Ruberto2022_1	4	2022	Cambodia_Mondulkiri	10x_Chomium_V3	HiSeq X Ten	infected hepatocyte	BioIVT:BGW	Infected host hepatocytes	Liver stage	Cambodia field isolate	5	None	2	610_TACCTCGCATATGGCT	Hypnozoite	NA	NA	NA	0	0	0	8	0	9	7	7	8	8	36	Hypnozoite	0	Asexual 1	-4.78326238501055	-5.57573872673909	-8.33203174147406	-3.03090632496082	1.31896884992652	4.41993501967048	-12.907172645302	-3.25807144869662	1.17156029193769	-10.4023938770936	-3.23939685440643	1.16456259282015	-13.1049571816468	-11.5419162278352	-8.6101299948942
610_TACCTGCCACAAGTTC	0	0	36093191	SRR19573610	Ruberto2022_1	4	2022	Cambodia_Mondulkiri	10x_Chomium_V3	HiSeq X Ten	infected hepatocyte	BioIVT:BGW	Infected host hepatocytes	Liver stage	Cambodia field isolate	5	None	2	610_TACCTGCCACAAGTTC	Hypnozoite	NA	NA	NA	0	0	0	8	0	9	7	7	8	8	36	Hypnozoite	0	Asexual 1	-4.7917691599129	-5.57112866509358	-8.32178737196723	-3.04283702907764	1.30226965501838	4.50192907637214	-12.907172645302	-3.25807144869662	1.17156029193769	-10.4023933176234	-3.23939670551749	1.16456252485725	-13.0939413550219	-11.6060998724098	-8.48758244943423
610_TACGCTCGTGCTAGCC	0	0	36093191	SRR19573610	Ruberto2022_1	4	2022	Cambodia_Mondulkiri	10x_Chomium_V3	HiSeq X Ten	infected hepatocyte	BioIVT:BGW	Infected host hepatocytes	Liver stage	Cambodia field isolate	5	None	2	610_TACGCTCGTGCTAGCC	Hypnozoite	NA	NA	NA	3	5	7	9	11	11	12	11	11	11	36	Hypnozoite	11	Asexual 10	-4.79720796453936	-5.58510285485188	-8.32992221388617	-3.0965632253667	1.03429420545631	4.93556526487922	-12.907172645302	-3.25807144869662	1.17156029193769	-10.4025246260958	-3.23943829183765	1.16459149906957	-5.96294589894158	-22.5423828847424	-11.7967960310568
610_TACGGTAGTGCGCTCA	0	0	36093191	SRR19573610	Ruberto2022_1	4	2022	Cambodia_Mondulkiri	10x_Chomium_V3	HiSeq X Ten	infected hepatocyte	BioIVT:BGW	Infected host hepatocytes	Liver stage	Cambodia field isolate	5	None	2	610_TACGGTAGTGCGCTCA	Schizont	NA	NA	NA	0	0	4	5	6	6	8	8	9	9	36	Schizont (Liver stage)	6	Asexual 5	-4.8037468324898	-5.58571892846028	-8.32831336531439	-3.01426184711658	1.38896604135566	4.29349830931281	-12.907172645302	-3.25807144869662	1.17156029193769	-10.402925067909	-3.23953570586752	1.16462367333692	-13.468961301593	-16.1396472993858	-7.53656814075802
610_TACGTCCAGCTAGAAT	0	0	36093191	SRR19573610	Ruberto2022_1	4	2022	Cambodia_Mondulkiri	10x_Chomium_V3	HiSeq X Ten	infected hepatocyte	BioIVT:BGW	Infected host hepatocytes	Liver stage	Cambodia field isolate	5	None	2	610_TACGTCCAGCTAGAAT	Hypnozoite	NA	NA	NA	7	10	12	14	16	16	16	14	17	15	36	Hypnozoite	16	Asexual 15	-4.80291952002032	-5.58041649926106	-8.32301284346381	-3.06938064632618	1.28199346616798	4.58789280241584	-12.907172645302	-3.25807144869662	1.17156029193769	-10.4026205958753	-3.2394590408262	1.16460154862814	-4.92081216313892	-10.6795717317122	-22.479120589428
610_TACGTCCCACCAATTG	0	0	36093191	SRR19573610	Ruberto2022_1	4	2022	Cambodia_Mondulkiri	10x_Chomium_V3	HiSeq X Ten	infected hepatocyte	BioIVT:BGW	Infected host hepatocytes	Liver stage	Cambodia field isolate	5	None	2	610_TACGTCCCACCAATTG	Hypnozoite	NA	NA	NA	0	0	0	0	10	10	7	7	8	8	36	Hypnozoite	10	Asexual 9	-4.80802883017047	-5.58336096871296	-8.32151462111273	-3.10852134762012	1.04090602949195	4.94416931456184	-12.907172645302	-3.25807144869662	1.17156029193769	-10.4024270874332	-3.23940809502665	1.16457401840688	-13.0572137740475	-17.7552244435001	-14.4458185498512
610_TACGTCCGTGACCGTC	0	0	36093191	SRR19573610	Ruberto2022_1	4	2022	Cambodia_Mondulkiri	10x_Chomium_V3	HiSeq X Ten	infected hepatocyte	BioIVT:BGW	Infected host hepatocytes	Liver stage	Cambodia field isolate	5	None	2	610_TACGTCCGTGACCGTC	Hypnozoite	NA	NA	NA	0	0	0	0	0	0	7	7	8	8	36	Hypnozoite	0	Asexual 1	-4.78880561697467	-5.55716973412434	-8.31416179213324	-2.95068514881336	1.12264962747627	4.74395778959846	-12.907172645302	-3.25807144869662	1.17156029193769	-10.4023724465527	-3.23938664771423	1.16455585483664	-13.4459812699692	-11.8978263124925	-7.5965061878742
610_TACTGCCTCGTAGCCG	0	0	36093191	SRR19573610	Ruberto2022_1	4	2022	Cambodia_Mondulkiri	10x_Chomium_V3	HiSeq X Ten	infected hepatocyte	BioIVT:BGW	Infected host hepatocytes	Liver stage	Cambodia field isolate	5	None	2	610_TACTGCCTCGTAGCCG	Hypnozoite	NA	NA	NA	11	13	14	16	19	19	20	18	18	19	36	Hypnozoite	19	Asexual 18	-4.792740000367	-5.59998017418782	-8.33368064436713	-2.92284739551746	1.03337402895027	4.77565887755012	-12.907172645302	-3.25807144869662	1.17156029193769	-10.402532206365	-3.23943295676954	1.16458528998498	20.0267075681901	-3.68083489669272	-16.4619887326664
610_TACTTGTTCACTTCTA	0	0	36093191	SRR19573610	Ruberto2022_1	4	2022	Cambodia_Mondulkiri	10x_Chomium_V3	HiSeq X Ten	infected hepatocyte	BioIVT:BGW	Infected host hepatocytes	Liver stage	Cambodia field isolate	5	None	2	610_TACTTGTTCACTTCTA	Hypnozoite	NA	NA	NA	6	8	13	15	17	17	18	17	14	17	36	Hypnozoite	17	Asexual 16	-4.82609094488604	-5.57994061577717	-8.30599929365912	-2.97847664890491	1.04994221284919	4.79426124876594	-12.907172645302	-3.25807144869662	1.17156029193769	-10.4025010504646	-3.23943098757801	1.16458821871646	-7.12077028478158	-23.4826204444312	-10.8705635440668
610_TAGACTGCATCGAACT	1	1	36093191	SRR19573610	Ruberto2022_1	4	2022	Cambodia_Mondulkiri	10x_Chomium_V3	HiSeq X Ten	infected hepatocyte	BioIVT:BGW	Infected host hepatocytes	Liver stage	Cambodia field isolate	5	None	2	610_TAGACTGCATCGAACT	Hypnozoite	NA	NA	NA	0	0	4	5	6	6	8	8	9	9	36	Hypnozoite	6	Asexual 5	-4.81566537725909	-5.58298283684651	-8.31543590101996	-3.02648723659717	1.38657887533241	4.30811432188605	-12.907172645302	-3.25807144869662	1.17156029193769	-10.4029248983848	-3.2395356591541	1.16462365305288	-13.4593788994866	-16.1452167769362	-7.54269713746821
610_TAGATCGAGTATTCCG	0	0	36093191	SRR19573610	Ruberto2022_1	4	2022	Cambodia_Mondulkiri	10x_Chomium_V3	HiSeq X Ten	infected hepatocyte	BioIVT:BGW	Infected host hepatocytes	Liver stage	Cambodia field isolate	5	None	2	610_TAGATCGAGTATTCCG	Hypnozoite	NA	NA	NA	0	0	0	0	0	0	7	7	8	8	36	Hypnozoite	0	Asexual 1	-4.81849254477008	-5.5832121955196	-8.31353808913031	-3.02401102123462	1.37447627142006	4.37031820601081	-12.907172645302	-3.25807144869662	1.17156029193769	-10.4022276126566	-3.23935141738448	1.16454175444642	-12.8037857737758	-12.1663338982732	-7.27341744299588
610_TAGGAGGTCTTTCGAT	132	3	36093191	SRR19573610	Ruberto2022_1	4	2022	Cambodia_Mondulkiri	10x_Chomium_V3	HiSeq X Ten	infected hepatocyte	BioIVT:BGW	Infected host hepatocytes	Liver stage	Cambodia field isolate	5	None	2	610_TAGGAGGTCTTTCGAT	Hypnozoite	NA	NA	NA	6	8	13	15	17	17	18	17	14	17	36	Hypnozoite	17	Asexual 16	-4.81567491400225	-5.56958037484089	-8.30779029402533	-2.95556915340625	1.01928265646034	4.82536819761848	-12.907172645302	-3.25807144869662	1.17156029193769	-10.4025010485623	-3.23943098796387	1.16458821822357	-7.12085997874822	-23.4825745110956	-10.8704296792494
610_TATACCTGTTACAGCT	0	0	36093191	SRR19573610	Ruberto2022_1	4	2022	Cambodia_Mondulkiri	10x_Chomium_V3	HiSeq X Ten	infected hepatocyte	BioIVT:BGW	Infected host hepatocytes	Liver stage	Cambodia field isolate	5	None	2	610_TATACCTGTTACAGCT	Hypnozoite	NA	NA	NA	0	0	4	5	6	6	8	8	9	9	36	Hypnozoite	6	Asexual 5	-4.82761587011798	-5.58581811058918	-8.31119872603217	-2.88187325535022	0.959603863506847	4.74766567534064	-12.907172645302	-3.25807144869662	1.17156029193769	-10.4028411660359	-3.23950427093438	1.16460528598178	-15.2037143546852	-15.8981656232724	-9.49761122922652
610_TATATCCTCACCTTAT	0	0	36093191	SRR19573610	Ruberto2022_1	4	2022	Cambodia_Mondulkiri	10x_Chomium_V3	HiSeq X Ten	infected hepatocyte	BioIVT:BGW	Infected host hepatocytes	Liver stage	Cambodia field isolate	5	None	2	610_TATATCCTCACCTTAT	Hypnozoite	NA	NA	NA	0	0	0	0	0	0	7	7	8	8	36	Hypnozoite	0	Asexual 1	-4.84812368261798	-5.58201295006672	-8.2892975953559	-2.9793883615514	1.3491376216703	4.38631800001716	-12.907172645302	-3.25807144869662	1.17156029193769	-10.4022271673991	-3.23935129046717	1.16454169947762	-12.8027937720635	-12.1655360487909	-7.27005732873518
610_TATATCCTCATGGCCG	0	0	36093191	SRR19573610	Ruberto2022_1	4	2022	Cambodia_Mondulkiri	10x_Chomium_V3	HiSeq X Ten	infected hepatocyte	BioIVT:BGW	Infected host hepatocytes	Liver stage	Cambodia field isolate	5	None	2	610_TATATCCTCATGGCCG	Hypnozoite	NA	NA	NA	4	7	9	11	13	12	14	13	13	13	36	Hypnozoite	13	Asexual 12	-4.80837787497027	-5.55833226311604	-8.30854941878119	-3.04518664417469	1.32209559038215	4.509044917284	-12.907172645302	-3.25807144869662	1.17156029193769	-10.4025534569667	-3.23943456585167	1.16457750733766	-0.340227820656929	-28.9480950063929	-3.7448966127468
610_TATCAGGAGGGCAATC	0	0	36093191	SRR19573610	Ruberto2022_1	4	2022	Cambodia_Mondulkiri	10x_Chomium_V3	HiSeq X Ten	infected hepatocyte	BioIVT:BGW	Infected host hepatocytes	Liver stage	Cambodia field isolate	5	None	2	610_TATCAGGAGGGCAATC	Hypnozoite	NA	NA	NA	0	0	0	0	0	0	7	7	8	8	36	Hypnozoite	0	Asexual 1	-4.84541858541949	-5.58229189980427	-8.29504348311225	-2.99194849071705	1.36315460756355	4.39120558088874	-12.907172645302	-3.25807144869662	1.17156029193769	-10.4022272591093	-3.23935131564196	1.16454171080607	-12.8027052515944	-12.1655495677822	-7.27093244011683
610_TATCCTAAGGAAGAAC	0	0	36093191	SRR19573610	Ruberto2022_1	4	2022	Cambodia_Mondulkiri	10x_Chomium_V3	HiSeq X Ten	infected hepatocyte	BioIVT:BGW	Infected host hepatocytes	Liver stage	Cambodia field isolate	5	None	2	610_TATCCTAAGGAAGAAC	Hypnozoite	NA	NA	NA	6	8	13	15	17	17	18	17	14	17	36	Hypnozoite	17	Asexual 16	-4.83679117071612	-5.56788569558064	-8.28723002943793	-2.94290674267017	0.986099439411693	4.81100347822761	-12.907172645302	-3.25807144869662	1.17156029193769	-10.4025010547268	-3.23943098848491	1.16458821871746	-7.12018427599262	-23.4839870772786	-10.8711524477383
610_TATCGCCGTCGAGTTT	0	0	36093191	SRR19573610	Ruberto2022_1	4	2022	Cambodia_Mondulkiri	10x_Chomium_V3	HiSeq X Ten	infected hepatocyte	BioIVT:BGW	Infected host hepatocytes	Liver stage	Cambodia field isolate	5	None	2	610_TATCGCCGTCGAGTTT	Schizont	NA	NA	NA	0	0	4	5	6	6	8	8	9	9	36	Schizont (Liver stage)	6	Asexual 5	-4.80384935247882	-5.54216033089558	-8.29780532393256	-3.10768378315174	1.25351448610359	4.59577587431525	-12.907172645302	-3.25807144869662	1.17156029193769	-10.4029293053196	-3.23953173000128	1.16462191745981	-13.9170630296388	-15.9743115498385	-7.56795886660928
610_TATCTGTTCGATGGAG	0	0	36093191	SRR19573610	Ruberto2022_1	4	2022	Cambodia_Mondulkiri	10x_Chomium_V3	HiSeq X Ten	infected hepatocyte	BioIVT:BGW	Infected host hepatocytes	Liver stage	Cambodia field isolate	5	None	2	610_TATCTGTTCGATGGAG	Hypnozoite	NA	NA	NA	7	10	12	14	16	16	16	14	17	15	36	Hypnozoite	16	Asexual 15	-4.84649385321124	-5.58323317635456	-8.29490424666205	-3.10650766430103	1.23865755155616	4.64423111265754	-12.907172645302	-3.25807144869662	1.17156029193769	-10.4026206507021	-3.23945905393256	1.16460155547996	-4.92030084602699	-10.6795494344966	-22.4792530810748
610_TATCTTGAGTATGGCG	0	0	36093191	SRR19573610	Ruberto2022_1	4	2022	Cambodia_Mondulkiri	10x_Chomium_V3	HiSeq X Ten	infected hepatocyte	BioIVT:BGW	Infected host hepatocytes	Liver stage	Cambodia field isolate	5	None	2	610_TATCTTGAGTATGGCG	Hypnozoite	NA	NA	NA	5	6	8	10	12	13	13	12	12	12	36	Hypnozoite	12	Asexual 11	-4.84412397253497	-5.58444577324788	-8.29743720564642	-3.10899007854664	1.13503475740486	4.82014349287604	-12.907172645302	-3.25807144869662	1.17156029193769	-10.4027310566215	-3.23947936578474	1.16459017414385	11.8172085852515	-11.5670152279904	-21.152264971006
610_TATCTTGCAGAAATCA	0	0	36093191	SRR19573610	Ruberto2022_1	4	2022	Cambodia_Mondulkiri	10x_Chomium_V3	HiSeq X Ten	infected hepatocyte	BioIVT:BGW	Infected host hepatocytes	Liver stage	Cambodia field isolate	5	None	2	610_TATCTTGCAGAAATCA	Hypnozoite	NA	NA	NA	0	0	0	0	0	0	7	7	8	8	36	Hypnozoite	0	Asexual 1	-4.849455965638	-5.58533555138508	-8.29415942702094	-2.99830687580311	1.32212598875099	4.43819835966682	-12.907172645302	-3.25807144869662	1.17156029193769	-10.4022272604682	-3.23935131601495	1.16454171097147	-12.8035662875857	-12.1656500057039	-7.271687764794
610_TATTCCACAAACTCGT	0	0	36093191	SRR19573610	Ruberto2022_1	4	2022	Cambodia_Mondulkiri	10x_Chomium_V3	HiSeq X Ten	infected hepatocyte	BioIVT:BGW	Infected host hepatocytes	Liver stage	Cambodia field isolate	5	None	2	610_TATTCCACAAACTCGT	Schizont	NA	NA	NA	0	0	0	0	0	0	7	7	8	8	36	Schizont (Liver stage)	0	Asexual 1	-4.82168163168414	-5.54886418450276	-8.30826427016058	-2.97405136165821	1.35802801206642	4.41491154020881	-12.907172645302	-3.25807144869662	1.17156029193769	-10.4022271144061	-3.23935127782676	1.16454169282051	-12.8004501835972	-12.1662557833086	-7.26757934772107
610_TCAAGACAGAAGTCAT	0	0	36093191	SRR19573610	Ruberto2022_1	4	2022	Cambodia_Mondulkiri	10x_Chomium_V3	HiSeq X Ten	infected hepatocyte	BioIVT:BGW	Infected host hepatocytes	Liver stage	Cambodia field isolate	5	None	2	610_TCAAGACAGAAGTCAT	Hypnozoite	NA	NA	NA	0	0	0	8	0	9	7	7	8	8	36	Hypnozoite	0	Asexual 1	-4.82905544149859	-5.55542403328816	-8.29260779890814	-3.02638781604969	1.3108212526136	4.4396188575611	-12.907172645302	-3.25807144869662	1.17156029193769	-10.4023939703233	-3.23939688049207	1.16456260442552	-13.1044384989298	-11.5146986561997	-8.6578045119375
610_TCAAGCATCATTATCC	0	0	36093191	SRR19573610	Ruberto2022_1	4	2022	Cambodia_Mondulkiri	10x_Chomium_V3	HiSeq X Ten	infected hepatocyte	BioIVT:BGW	Infected host hepatocytes	Liver stage	Cambodia field isolate	5	None	2	610_TCAAGCATCATTATCC	Hypnozoite	NA	NA	NA	11	13	14	16	19	19	20	18	18	19	36	Hypnozoite	19	Asexual 18	-4.8524586092232	-5.56647187340657	-8.28061820540228	-2.98488104877674	1.04443975046211	4.85059002226447	-12.907172645302	-3.25807144869662	1.17156029193769	-10.4025320617237	-3.23943291713322	1.16458527209165	20.0265465676179	-3.68085795155938	-16.4618588020223
610_TCAAGTGCAGAGTCTT	0	0	36093191	SRR19573610	Ruberto2022_1	4	2022	Cambodia_Mondulkiri	10x_Chomium_V3	HiSeq X Ten	infected hepatocyte	BioIVT:BGW	Infected host hepatocytes	Liver stage	Cambodia field isolate	5	None	2	610_TCAAGTGCAGAGTCTT	Hypnozoite	NA	NA	NA	0	0	4	5	6	6	8	8	9	9	36	Hypnozoite	6	Asexual 5	-4.85712064611895	-5.58637457955281	-8.29089118513861	-3.01302731571399	1.33305998399787	4.41079786604499	-12.907172645302	-3.25807144869662	1.17156029193769	-10.4029248984373	-3.23953565916844	1.16462365305905	-13.4612492363576	-16.1441944995495	-7.54232138099935
610_TCACAAGCAATCGCAT	0	0	36093191	SRR19573610	Ruberto2022_1	4	2022	Cambodia_Mondulkiri	10x_Chomium_V3	HiSeq X Ten	infected hepatocyte	BioIVT:BGW	Infected host hepatocytes	Liver stage	Cambodia field isolate	5	None	2	610_TCACAAGCAATCGCAT	Hypnozoite	NA	NA	NA	9	9	10	12	15	14	15	16	16	14	36	Hypnozoite	15	Asexual 14	-4.86199249136431	-5.58704167473713	-8.28636313948432	-3.03223288593494	1.09964831426673	4.81410291975593	-12.907172645302	-3.25807144869662	1.17156029193769	-10.4025846158499	-3.2394526798011	1.16459852296194	-7.2314125182574	-10.8570571055675	-22.2817584774943
610_TCACTCGAGCCTCAAT	0	0	36093191	SRR19573610	Ruberto2022_1	4	2022	Cambodia_Mondulkiri	10x_Chomium_V3	HiSeq X Ten	infected hepatocyte	BioIVT:BGW	Infected host hepatocytes	Liver stage	Cambodia field isolate	5	None	2	610_TCACTCGAGCCTCAAT	Schizont	NA	NA	NA	9	9	10	12	15	14	15	16	16	14	36	Schizont (Liver stage)	15	Asexual 14	-4.84129632818682	-5.55451518166462	-8.29252769026557	-3.05476153431141	1.14949055269294	4.78353479689216	-12.907172645302	-3.25807144869662	1.17156029193769	-10.4025843727213	-3.23945260830102	1.16459849265929	-7.23130632906647	-10.8568499167922	-22.2821581455542
610_TCACTCGCAAGAGATT	0	0	36093191	SRR19573610	Ruberto2022_1	4	2022	Cambodia_Mondulkiri	10x_Chomium_V3	HiSeq X Ten	infected hepatocyte	BioIVT:BGW	Infected host hepatocytes	Liver stage	Cambodia field isolate	5	None	2	610_TCACTCGCAAGAGATT	Hypnozoite	NA	NA	NA	2	4	6	7	9	8	11	10	10	10	36	Hypnozoite	9	Asexual 8	-4.86861671316607	-5.58595639336506	-8.28281547102728	-2.94816244182789	0.982854324131542	4.85981157606696	-12.907172645302	-3.25807144869662	1.17156029193769	-10.4025341835445	-3.2394359293166	1.16458528255446	20.4744078916864	-2.66393404245409	-16.1711268790532
610_TCACTCGGTCGTGGTC	0	0	36093191	SRR19573610	Ruberto2022_1	4	2022	Cambodia_Mondulkiri	10x_Chomium_V3	HiSeq X Ten	infected hepatocyte	BioIVT:BGW	Infected host hepatocytes	Liver stage	Cambodia field isolate	5	None	2	610_TCACTCGGTCGTGGTC	Hypnozoite	NA	NA	NA	13	15	17	19	21	21	22	21	21	21	36	Hypnozoite	21	Asexual 20	-4.86846269476397	-5.58597832787434	-8.28108932051459	-3.07128155765735	1.21858437612587	4.69355228727912	-12.907172645302	-3.25807144869662	1.17156029193769	-10.4026438092927	-3.23946236679248	1.16460062923168	-4.38159487249621	-10.6685903367364	-22.7166645167965
610_TCAGTTTAGTCACGAG	1	1	36093191	SRR19573610	Ruberto2022_1	4	2022	Cambodia_Mondulkiri	10x_Chomium_V3	HiSeq X Ten	infected hepatocyte	BioIVT:BGW	Infected host hepatocytes	Liver stage	Cambodia field isolate	5	None	2	610_TCAGTTTAGTCACGAG	Hypnozoite	NA	NA	NA	0	0	0	0	0	0	7	7	8	8	36	Hypnozoite	0	Asexual 1	-4.84561647284014	-5.52505713570515	-8.18024302992621	-3.09600627956592	1.70670934274726	3.53212502783393	-12.6910029790533	-3.19086926583592	1.31076524490316	-10.1883324881075	-3.17277118813622	1.30400429568396	-11.4561673486465	-15.3143551181166	-7.85692252970688
610_TCAGTTTTCCATCCGT	0	0	36093191	SRR19573610	Ruberto2022_1	4	2022	Cambodia_Mondulkiri	10x_Chomium_V3	HiSeq X Ten	infected hepatocyte	BioIVT:BGW	Infected host hepatocytes	Liver stage	Cambodia field isolate	5	None	2	610_TCAGTTTTCCATCCGT	Hypnozoite	NA	NA	NA	0	0	4	5	6	6	8	8	9	9	36	Hypnozoite	6	Asexual 5	-4.89411844122393	-5.58076125252644	-8.25908423933783	-2.92982638416492	1.0341984803968	4.77133396452521	-12.907172645302	-3.25807144869662	1.17156029193769	-10.402841450621	-3.23950434896565	1.16460531962901	-15.1770977216709	-15.898121251974	-9.47048375915314
610_TCATCCGAGGCAGTCA	0	0	36093191	SRR19573610	Ruberto2022_1	4	2022	Cambodia_Mondulkiri	10x_Chomium_V3	HiSeq X Ten	infected hepatocyte	BioIVT:BGW	Infected host hepatocytes	Liver stage	Cambodia field isolate	5	None	2	610_TCATCCGAGGCAGTCA	Schizont	NA	NA	NA	0	0	4	5	6	6	8	8	9	9	36	Schizont (Liver stage)	6	Asexual 5	-4.87810767996295	-5.58658772576252	-8.27430583510199	-3.14144766864978	1.20262165620857	4.69966247862434	-12.907172645302	-3.25807144869662	1.17156029193769	-10.4029300270947	-3.23953192404754	1.16462200340104	-13.9121084116415	-15.9719393259521	-7.55891173134415
610_TCATGCCGTTAAACCC	0	0	36093191	SRR19573610	Ruberto2022_1	4	2022	Cambodia_Mondulkiri	10x_Chomium_V3	HiSeq X Ten	infected hepatocyte	BioIVT:BGW	Infected host hepatocytes	Liver stage	Cambodia field isolate	5	None	2	610_TCATGCCGTTAAACCC	Hypnozoite	NA	NA	NA	12	14	16	18	20	20	21	20	20	20	36	Hypnozoite	20	Asexual 19	-4.8791452776192	-5.58673792946736	-8.2734809068183	-3.06282747326099	1.18039317682319	4.7180145103321	-12.907172645302	-3.25807144869662	1.17156029193769	-10.4026101914759	-3.23945902857238	1.16460308582071	-5.45116524999783	-10.7992128214398	-22.156689596086
610_TCATGCCTCGTTCTGC	0	0	36093191	SRR19573610	Ruberto2022_1	4	2022	Cambodia_Mondulkiri	10x_Chomium_V3	HiSeq X Ten	infected hepatocyte	BioIVT:BGW	Infected host hepatocytes	Liver stage	Cambodia field isolate	5	None	2	610_TCATGCCTCGTTCTGC	Hypnozoite	NA	NA	NA	5	6	8	10	12	13	13	12	12	12	36	Hypnozoite	12	Asexual 11	-4.88741935598834	-5.58817177880207	-8.26857425246039	-3.11537635860645	1.13930018499427	4.8185856658802	-12.907172645302	-3.25807144869662	1.17156029193769	-10.4027311495324	-3.2394793906111	1.16459018507341	11.8174225918137	-11.566793429964	-21.1521886552403
610_TCATGGAAGACCAACG	0	0	36093191	SRR19573610	Ruberto2022_1	4	2022	Cambodia_Mondulkiri	10x_Chomium_V3	HiSeq X Ten	infected hepatocyte	BioIVT:BGW	Infected host hepatocytes	Liver stage	Cambodia field isolate	5	None	2	610_TCATGGAAGACCAACG	Schizont	NA	NA	NA	0	0	0	0	10	10	7	7	8	8	36	Schizont (Liver stage)	10	Asexual 9	-4.87872566091998	-5.57151681054036	-8.26231338057318	-2.9589580350896	1.05975802496009	4.78183725660895	-12.907172645302	-3.25807144869662	1.17156029193769	-10.4024275971832	-3.23940823296714	1.16457408009841	-13.057913882566	-17.7564975148583	-14.4488429550909
610_TCATTACGTTCGGCGT	0	0	36093191	SRR19573610	Ruberto2022_1	4	2022	Cambodia_Mondulkiri	10x_Chomium_V3	HiSeq X Ten	infected hepatocyte	BioIVT:BGW	Infected host hepatocytes	Liver stage	Cambodia field isolate	5	None	2	610_TCATTACGTTCGGCGT	Schizont	NA	NA	NA	0	0	4	5	6	6	8	8	9	9	36	Schizont (Liver stage)	6	Asexual 5	-4.88817657339556	-5.58917170632283	-8.26874400648871	-2.95007074413501	1.02107496812873	4.79081562346076	-12.907172645302	-3.25807144869662	1.17156029193769	-10.4028410906981	-3.23950425034164	1.16460527716441	-15.2037757895243	-15.8981163227948	-9.49774430889871
610_TCATTTGAGTCTCTGA	0	0	36093191	SRR19573610	Ruberto2022_1	4	2022	Cambodia_Mondulkiri	10x_Chomium_V3	HiSeq X Ten	infected hepatocyte	BioIVT:BGW	Infected host hepatocytes	Liver stage	Cambodia field isolate	5	None	2	610_TCATTTGAGTCTCTGA	Schizont	NA	NA	NA	0	0	0	0	10	10	7	7	8	8	36	Schizont (Liver stage)	10	Asexual 9	-4.89515985357745	-5.58986264336506	-8.26576377424994	-3.15008318958484	1.12788184240394	4.89986446684455	-12.907172645302	-3.25807144869662	1.17156029193769	-10.4024262638777	-3.23940787142011	1.16457391828927	-13.055784213432	-17.7520039256575	-14.4389655426409
610_TCATTTGGTTCTTAGG	0	0	36093191	SRR19573610	Ruberto2022_1	4	2022	Cambodia_Mondulkiri	10x_Chomium_V3	HiSeq X Ten	infected hepatocyte	BioIVT:BGW	Infected host hepatocytes	Liver stage	Cambodia field isolate	5	None	2	610_TCATTTGGTTCTTAGG	Hypnozoite	NA	NA	NA	12	14	16	18	20	20	21	20	20	20	36	Hypnozoite	20	Asexual 19	-4.86986411917193	-5.56026059258381	-8.2702431825141	-3.09899890957081	1.15314276769691	4.79946640318488	-12.907172645302	-3.25807144869662	1.17156029193769	-10.4026093838115	-3.23945880670969	1.16460298679436	-5.45641306772656	-10.7979914906971	-22.1575489666791
610_TCCAGAATCATCGCCT	0	0	36093191	SRR19573610	Ruberto2022_1	4	2022	Cambodia_Mondulkiri	10x_Chomium_V3	HiSeq X Ten	infected hepatocyte	BioIVT:BGW	Infected host hepatocytes	Liver stage	Cambodia field isolate	5	None	2	610_TCCAGAATCATCGCCT	Hypnozoite	NA	NA	NA	11	13	14	16	19	19	20	18	18	19	36	Hypnozoite	19	Asexual 18	-4.90241397726519	-5.58755665886799	-8.25734950575629	-2.91772401867115	1.019161062985	4.79595974272346	-12.907172645302	-3.25807144869662	1.17156029193769	-10.4025322115265	-3.23943295700427	1.16458529035273	20.0267079809078	-3.68083440291697	-16.4618110504812
610_TCCATCGGTGTGTTTG	0	0	36093191	SRR19573610	Ruberto2022_1	4	2022	Cambodia_Mondulkiri	10x_Chomium_V3	HiSeq X Ten	infected hepatocyte	BioIVT:BGW	Infected host hepatocytes	Liver stage	Cambodia field isolate	5	None	2	610_TCCATCGGTGTGTTTG	Hypnozoite	NA	NA	NA	0	0	0	0	0	0	7	7	8	8	36	Hypnozoite	0	Asexual 1	-4.88450683462603	-5.57548934090535	-8.25838233504096	-3.01038444576465	1.33506031587654	4.41731289213752	-12.907172645302	-3.25807144869662	1.17156029193769	-10.4022270728574	-3.2393512668263	1.16454168789747	-12.799317194883	-12.1671929157536	-7.26769018928188
610_TCCATCGTCGATGGAG	0	0	36093191	SRR19573610	Ruberto2022_1	4	2022	Cambodia_Mondulkiri	10x_Chomium_V3	HiSeq X Ten	infected hepatocyte	BioIVT:BGW	Infected host hepatocytes	Liver stage	Cambodia field isolate	5	None	2	610_TCCATCGTCGATGGAG	Hypnozoite	NA	NA	NA	0	0	4	5	6	6	8	8	9	9	36	Hypnozoite	6	Asexual 5	-4.90332139837725	-5.59413176644246	-8.26114417586127	-2.92162144718372	1.1648753459745	4.62926462477302	-12.907172645302	-3.25807144869662	1.17156029193769	-10.4028885240115	-3.23951338356552	1.16460468820209	-14.3639211370615	-15.8644124786353	-8.2768795529783
610_TCCGATCAGGTCATTC	0	0	36093191	SRR19573610	Ruberto2022_1	4	2022	Cambodia_Mondulkiri	10x_Chomium_V3	HiSeq X Ten	infected hepatocyte	BioIVT:BGW	Infected host hepatocytes	Liver stage	Cambodia field isolate	5	None	2	610_TCCGATCAGGTCATTC	Hypnozoite	NA	NA	NA	3	5	7	9	11	11	12	11	11	11	36	Hypnozoite	11	Asexual 10	-4.90465129721148	-5.59410601723591	-8.26032210860053	-3.10383666095936	1.01856382444435	4.96812704390144	-12.907172645302	-3.25807144869662	1.17156029193769	-10.4025244831532	-3.23943825265356	1.16459148132833	-5.96291869655663	-22.5428717855005	-11.7966917223227
610_TCCGGGAGTCCCGGTA	0	0	36093191	SRR19573610	Ruberto2022_1	4	2022	Cambodia_Mondulkiri	10x_Chomium_V3	HiSeq X Ten	infected hepatocyte	BioIVT:BGW	Infected host hepatocytes	Liver stage	Cambodia field isolate	5	None	2	610_TCCGGGAGTCCCGGTA	Hypnozoite	NA	NA	NA	0	0	4	5	6	6	8	8	9	9	36	Hypnozoite	6	Asexual 5	-4.93459667074664	-5.59223776925007	-8.23835135969916	-2.90808713970386	1.16906924799018	4.60314729994392	-12.907172645302	-3.25807144869662	1.17156029193769	-10.4028884705257	-3.23951337097034	1.16460468183629	-14.3710088720417	-15.8645853832178	-8.28996073126221
610_TCCTAATCATACAGAA	0	0	36093191	SRR19573610	Ruberto2022_1	4	2022	Cambodia_Mondulkiri	10x_Chomium_V3	HiSeq X Ten	infected hepatocyte	BioIVT:BGW	Infected host hepatocytes	Liver stage	Cambodia field isolate	5	None	2	610_TCCTAATCATACAGAA	Schizont	NA	NA	NA	0	0	4	5	6	6	8	8	9	9	36	Schizont (Liver stage)	6	Asexual 5	-4.91519082891925	-5.59084063637654	-8.2522463944892	-3.01555908260547	1.33058257654243	4.38630750959968	-12.907172645302	-3.25807144869662	1.17156029193769	-10.402924348347	-3.23953551254164	1.1646235876806	-13.455322149507	-16.1442991753159	-7.54894572074274
610_TCCTCCCAGACGGTCA	0	0	36093191	SRR19573610	Ruberto2022_1	4	2022	Cambodia_Mondulkiri	10x_Chomium_V3	HiSeq X Ten	infected hepatocyte	BioIVT:BGW	Infected host hepatocytes	Liver stage	Cambodia field isolate	5	None	2	610_TCCTCCCAGACGGTCA	Schizont	NA	NA	NA	3	5	7	9	11	11	12	11	11	11	36	Schizont (Liver stage)	11	Asexual 10	-4.90778602468951	-5.58271199334065	-8.25100566420355	-3.10769188938343	1.04219837739997	4.9521248657093	-12.907172645302	-3.25807144869662	1.17156029193769	-10.4025247784459	-3.23943833701765	1.16459151834305	-5.96269745344309	-22.5422650934337	-11.7968825670103
610_TCCTCCCAGCGGGTAT	0	0	36093191	SRR19573610	Ruberto2022_1	4	2022	Cambodia_Mondulkiri	10x_Chomium_V3	HiSeq X Ten	infected hepatocyte	BioIVT:BGW	Infected host hepatocytes	Liver stage	Cambodia field isolate	5	None	2	610_TCCTCCCAGCGGGTAT	Hypnozoite	NA	NA	NA	0	0	4	5	6	6	8	8	9	9	36	Hypnozoite	6	Asexual 5	-4.90868677008135	-5.58003216851155	-8.24863292250433	-2.90604603824817	1.14192803457313	4.64431265181159	-12.907172645302	-3.25807144869662	1.17156029193769	-10.4028891531267	-3.23951355264525	1.16460476285213	-14.3457827375003	-15.8664643066518	-8.25462388526395
610_TCCTCCCCAATGCTCA	0	0	36093191	SRR19573610	Ruberto2022_1	4	2022	Cambodia_Mondulkiri	10x_Chomium_V3	HiSeq X Ten	infected hepatocyte	BioIVT:BGW	Infected host hepatocytes	Liver stage	Cambodia field isolate	5	None	2	610_TCCTCCCCAATGCTCA	Hypnozoite	NA	NA	NA	0	0	0	0	10	10	7	7	8	8	36	Hypnozoite	10	Asexual 9	-4.9450894724129	-5.59028655159871	-8.21696044478217	-3.11524141369068	1.05683787420326	4.93186167067145	-12.907172645302	-3.25807144869662	1.17156029193769	-10.4024269051222	-3.23940804500524	1.16457399661025	-13.0571309554301	-17.7549775587772	-14.4447274171106
610_TCCTCCCGTAGTCGGA	0	0	36093191	SRR19573610	Ruberto2022_1	4	2022	Cambodia_Mondulkiri	10x_Chomium_V3	HiSeq X Ten	infected hepatocyte	BioIVT:BGW	Infected host hepatocytes	Liver stage	Cambodia field isolate	5	None	2	610_TCCTCCCGTAGTCGGA	Schizont	NA	NA	NA	3	5	7	9	11	11	12	11	11	11	36	Schizont (Liver stage)	11	Asexual 10	-4.93983663427813	-5.59205561745564	-8.23395015272894	-3.1114980035802	1.12749775007301	4.84096458738898	-12.907172645302	-3.25807144869662	1.17156029193769	-10.4025239728398	-3.2394381156935	1.16459141943839	-5.96393222454304	-22.5428114812352	-11.7960169437352
610_TCCTCCCGTGTTCATG	0	0	36093191	SRR19573610	Ruberto2022_1	4	2022	Cambodia_Mondulkiri	10x_Chomium_V3	HiSeq X Ten	infected hepatocyte	BioIVT:BGW	Infected host hepatocytes	Liver stage	Cambodia field isolate	5	None	2	610_TCCTCCCGTGTTCATG	Schizont	NA	NA	NA	0	0	4	5	6	6	8	8	9	9	36	Schizont (Liver stage)	6	Asexual 5	-4.92715801107867	-5.59945851433674	-8.24788714918891	-3.01274502811634	1.38175507143074	4.27547100370978	-12.907172645302	-3.25807144869662	1.17156029193769	-10.4029257937872	-3.23953590135429	1.16462375862911	-13.4722824022584	-16.1367031158966	-7.53630485145451
610_TCCTCTTAGTGGAAAG	70	2	36093191	SRR19573610	Ruberto2022_1	4	2022	Cambodia_Mondulkiri	10x_Chomium_V3	HiSeq X Ten	infected hepatocyte	BioIVT:BGW	Infected host hepatocytes	Liver stage	Cambodia field isolate	5	None	2	610_TCCTCTTAGTGGAAAG	Hypnozoite	NA	NA	NA	0	0	0	0	10	10	7	7	8	8	36	Hypnozoite	10	Asexual 9	-4.92899574148638	-5.58868580925862	-8.22996379408637	-2.95625818309986	1.05308933809333	4.78800895994758	-12.907172645302	-3.25807144869662	1.17156029193769	-10.4024278606167	-3.23940830453055	1.16457411288553	-13.0578708890862	-17.756706855927	-14.4492425314242
610_TCCTCTTGTTCTCCCA	0	0	36093191	SRR19573610	Ruberto2022_1	4	2022	Cambodia_Mondulkiri	10x_Chomium_V3	HiSeq X Ten	infected hepatocyte	BioIVT:BGW	Infected host hepatocytes	Liver stage	Cambodia field isolate	5	None	2	610_TCCTCTTGTTCTCCCA	Hypnozoite	NA	NA	NA	10	12	15	17	18	18	19	19	19	18	36	Hypnozoite	18	Asexual 17	-4.92904151785357	-5.59532052147786	-8.23460914168158	-3.12747657833301	1.0593803699308	4.94610431974982	-12.907172645302	-3.25807144869662	1.17156029193769	-10.4026087864696	-3.23944804467325	1.16458162455276	-5.8712210853843	-8.78646475834366	-23.8902417107059
610_TCCTTCTTCTGAACGT	0	0	36093191	SRR19573610	Ruberto2022_1	4	2022	Cambodia_Mondulkiri	10x_Chomium_V3	HiSeq X Ten	infected hepatocyte	BioIVT:BGW	Infected host hepatocytes	Liver stage	Cambodia field isolate	5	None	2	610_TCCTTCTTCTGAACGT	Hypnozoite	NA	NA	NA	4	7	9	11	13	12	14	13	13	13	36	Hypnozoite	13	Asexual 12	-4.9361988435982	-5.60541468727986	-8.24482299361029	-3.03462017116748	1.27258964136177	4.55965784376716	-12.907172645302	-3.25807144869662	1.17156029193769	-10.4025536055529	-3.23943460529861	1.16457752531479	-0.340202542724101	-28.9480570723952	-3.74487463240082
610_TCGACCTCATAACAGA	0	0	36093191	SRR19573610	Ruberto2022_1	4	2022	Cambodia_Mondulkiri	10x_Chomium_V3	HiSeq X Ten	infected hepatocyte	BioIVT:BGW	Infected host hepatocytes	Liver stage	Cambodia field isolate	5	None	2	610_TCGACCTCATAACAGA	Schizont	NA	NA	NA	2	4	6	7	9	8	11	10	10	10	36	Schizont (Liver stage)	9	Asexual 8	-4.93625654089434	-5.59637957680622	-8.23881389174262	-2.93169129429065	1.1092443044477	4.73274401014899	-12.907172645302	-3.25807144869662	1.17156029193769	-10.4025347002797	-3.23943607116697	1.16458534583173	20.4760057285969	-2.66017992845843	-16.1699926362737
610_TCGACGGAGCCGCACT	0	0	36093191	SRR19573610	Ruberto2022_1	4	2022	Cambodia_Mondulkiri	10x_Chomium_V3	HiSeq X Ten	infected hepatocyte	BioIVT:BGW	Infected host hepatocytes	Liver stage	Cambodia field isolate	5	None	2	610_TCGACGGAGCCGCACT	Schizont	NA	NA	NA	0	0	0	0	0	0	7	7	8	8	36	Schizont (Liver stage)	0	Asexual 1	-4.93884719717486	-5.60444480050007	-8.24231483015814	-2.96395671901905	1.08754153802925	4.73024919813728	-12.907172645302	-3.25807144869662	1.17156029193769	-10.4023724627344	-3.2393866537739	1.16455585759666	-13.4468242252716	-11.8964417729934	-7.59869211898789
610_TCGCTCAGTCATAAAG	0	0	36093191	SRR19573610	Ruberto2022_1	4	2022	Cambodia_Mondulkiri	10x_Chomium_V3	HiSeq X Ten	infected hepatocyte	BioIVT:BGW	Infected host hepatocytes	Liver stage	Cambodia field isolate	5	None	2	610_TCGCTCAGTCATAAAG	Hypnozoite	NA	NA	NA	5	6	8	10	12	13	13	12	12	12	36	Hypnozoite	12	Asexual 11	-4.94073165762408	-5.6075327979366	-8.24300529036322	-3.13610780773365	1.18765695646339	4.805919917284	-12.907172645302	-3.25807144869662	1.17156029193769	-10.4027316228103	-3.23947951839772	1.16459024103777	11.817286151955	-11.5669172109431	-21.1521555229419
610_TCGCTTGAGTAATACG	0	0	36093191	SRR19573610	Ruberto2022_1	4	2022	Cambodia_Mondulkiri	10x_Chomium_V3	HiSeq X Ten	infected hepatocyte	BioIVT:BGW	Infected host hepatocytes	Liver stage	Cambodia field isolate	5	None	2	610_TCGCTTGAGTAATACG	Schizont	NA	NA	NA	0	0	0	0	0	0	7	7	8	8	36	Schizont (Liver stage)	0	Asexual 1	-4.97187007772906	-5.62088137734333	-8.23675872359076	-3.00161517200672	1.33623762682014	4.41927984541511	-12.907172645302	-3.25807144869662	1.17156029193769	-10.4022277114775	-3.23935143963312	1.16454176557355	-12.8053387637799	-12.1652705814795	-7.27703420456986
610_TCGGGCAAGTGATAGT	0	0	36093191	SRR19573610	Ruberto2022_1	4	2022	Cambodia_Mondulkiri	10x_Chomium_V3	HiSeq X Ten	infected hepatocyte	BioIVT:BGW	Infected host hepatocytes	Liver stage	Cambodia field isolate	5	None	2	610_TCGGGCAAGTGATAGT	Hypnozoite	NA	NA	NA	7	10	12	14	16	16	16	14	17	15	36	Hypnozoite	16	Asexual 15	-4.93813384878619	-5.58467751610676	-8.24817420515814	-3.19339764652454	1.22358031824165	4.75319031065559	-12.907172645302	-3.25807144869662	1.17156029193769	-10.4026213537849	-3.23945925095949	1.16460164143976	-4.91407694664163	-10.6790256114056	-22.4819252992246
610_TCGGGCAGTCGAGATG	0	0	36093191	SRR19573610	Ruberto2022_1	4	2022	Cambodia_Mondulkiri	10x_Chomium_V3	HiSeq X Ten	infected hepatocyte	BioIVT:BGW	Infected host hepatocytes	Liver stage	Cambodia field isolate	5	None	2	610_TCGGGCAGTCGAGATG	Schizont	NA	NA	NA	0	0	0	0	0	0	7	7	8	8	36	Schizont (Liver stage)	0	Asexual 1	-4.94888175833209	-5.60594254601399	-8.23564864668646	-3.01320469913685	1.23563702657753	4.58414343184089	-12.907172645302	-3.25807144869662	1.17156029193769	-10.4022278882323	-3.23935148845096	1.16454178726301	-12.806432960702	-12.1649930163971	-7.27904677477803
610_TCGGGTGGTGTGTTTG	0	0	36093191	SRR19573610	Ruberto2022_1	4	2022	Cambodia_Mondulkiri	10x_Chomium_V3	HiSeq X Ten	infected hepatocyte	BioIVT:BGW	Infected host hepatocytes	Liver stage	Cambodia field isolate	5	None	2	610_TCGGGTGGTGTGTTTG	Hypnozoite	NA	NA	NA	0	0	4	5	6	6	8	8	9	9	36	Hypnozoite	6	Asexual 5	-4.96307767736895	-5.61343461144368	-8.21211864027777	-3.13055551586353	1.18775530412727	4.7165906745777	-12.907172645302	-3.25807144869662	1.17156029193769	-10.4029302173658	-3.23953197582119	1.16462202555285	-13.9103829928485	-15.9701408728408	-7.55738842450654
610_TCGTAGAGTTGCTCAA	0	0	36093191	SRR19573610	Ruberto2022_1	4	2022	Cambodia_Mondulkiri	10x_Chomium_V3	HiSeq X Ten	infected hepatocyte	BioIVT:BGW	Infected host hepatocytes	Liver stage	Cambodia field isolate	5	None	2	610_TCGTAGAGTTGCTCAA	Hypnozoite	NA	NA	NA	0	0	0	8	0	9	7	7	8	8	36	Hypnozoite	0	Asexual 1	-4.95906461584551	-5.60485011208455	-8.22818900618353	-3.06938064632618	1.31888182714515	4.47079637831306	-12.907172645302	-3.25807144869662	1.17156029193769	-10.4023933183405	-3.23939670571305	1.16456252494398	-13.0948839313478	-11.6021882522115	-8.49403294895887
610_TCGTGCTCAAGTTCCA	0	0	36093191	SRR19573610	Ruberto2022_1	4	2022	Cambodia_Mondulkiri	10x_Chomium_V3	HiSeq X Ten	infected hepatocyte	BioIVT:BGW	Infected host hepatocytes	Liver stage	Cambodia field isolate	5	None	2	610_TCGTGCTCAAGTTCCA	Hypnozoite	NA	NA	NA	13	15	17	19	21	21	22	21	21	21	36	Hypnozoite	21	Asexual 20	-4.94008745062335	-5.59574109185139	-8.225251689289	-3.12509358463489	1.25100346162849	4.71763304060554	-12.907172645302	-3.25807144869662	1.17156029193769	-10.4026438523524	-3.23946237816693	1.16460063428927	-4.38157966758816	-10.6685061005205	-22.716831269514
610_TCGTGCTGTGCGACAA	0	0	36093191	SRR19573610	Ruberto2022_1	4	2022	Cambodia_Mondulkiri	10x_Chomium_V3	HiSeq X Ten	infected hepatocyte	BioIVT:BGW	Infected host hepatocytes	Liver stage	Cambodia field isolate	5	None	2	610_TCGTGCTGTGCGACAA	Hypnozoite	NA	NA	NA	4	7	9	11	13	12	14	13	13	13	36	Hypnozoite	13	Asexual 12	-4.96149314749224	-5.61576014626423	-8.23414947066107	-3.02444470463001	1.25592108324104	4.57431677168464	-12.907172645302	-3.25807144869662	1.17156029193769	-10.4025535920072	-3.23943460214869	1.16457752382655	-0.340201520157483	-28.9480645443418	-3.74487412585727
610_TCTATCATCGAAGCAG	0	0	36093191	SRR19573610	Ruberto2022_1	4	2022	Cambodia_Mondulkiri	10x_Chomium_V3	HiSeq X Ten	infected hepatocyte	BioIVT:BGW	Infected host hepatocytes	Liver stage	Cambodia field isolate	5	None	2	610_TCTATCATCGAAGCAG	Schizont	NA	NA	NA	9	9	10	12	15	14	15	16	16	14	36	Schizont (Liver stage)	15	Asexual 14	-4.96767486441119	-5.61855155098835	-8.23205901655951	-3.0664929204961	1.15597351148658	4.77069404905891	-12.907172645302	-3.25807144869662	1.17156029193769	-10.4025844670781	-3.23945263560748	1.16459850415415	-7.23138004985954	-10.8569257275397	-22.2816374271447
610_TCTCCGACAAGTATCC	0	0	36093191	SRR19573610	Ruberto2022_1	4	2022	Cambodia_Mondulkiri	10x_Chomium_V3	HiSeq X Ten	infected hepatocyte	BioIVT:BGW	Infected host hepatocytes	Liver stage	Cambodia field isolate	5	None	2	610_TCTCCGACAAGTATCC	Hypnozoite	NA	NA	NA	10	12	15	17	18	18	19	19	19	18	36	Hypnozoite	18	Asexual 17	-4.96669639456256	-5.61805993187825	-8.23242522749701	-3.12404931125843	1.03277035310798	4.96837690657233	-12.907172645302	-3.25807144869662	1.17156029193769	-10.4026093355003	-3.23944819484359	1.16458169016282	-5.8710567264177	-8.78635639364169	-23.8902125446134
610_TCTGGCTAGGATCATA	0	0	36093191	SRR19573610	Ruberto2022_1	4	2022	Cambodia_Mondulkiri	10x_Chomium_V3	HiSeq X Ten	infected hepatocyte	BioIVT:BGW	Infected host hepatocytes	Liver stage	Cambodia field isolate	5	None	2	610_TCTGGCTAGGATCATA	Hypnozoite	NA	NA	NA	8	11	11	13	14	15	17	15	15	16	36	Hypnozoite	14	Asexual 13	-4.97631276953204	-5.62801390755574	-8.23270465407172	-2.97516644535267	1.28378303602272	4.49547937697028	-12.907172645302	-3.25807144869662	1.17156029193769	-10.4025577379426	-3.23943108497964	1.16457488773236	-0.749875643879465	-28.4437179049799	-4.19767110020876
610_TCTGGCTTCGCATTGA	0	0	36093191	SRR19573610	Ruberto2022_1	4	2022	Cambodia_Mondulkiri	10x_Chomium_V3	HiSeq X Ten	infected hepatocyte	BioIVT:BGW	Infected host hepatocytes	Liver stage	Cambodia field isolate	5	None	2	610_TCTGGCTTCGCATTGA	Hypnozoite	NA	NA	NA	5	6	8	10	12	13	13	12	12	12	36	Hypnozoite	12	Asexual 11	-4.97468961584551	-5.62006932366291	-8.22844745192328	-3.10524643001758	1.15976651266151	4.81999233549689	-12.907172645302	-3.25807144869662	1.17156029193769	-10.4027316229446	-3.23947951843358	1.16459024105366	11.817286046981	-11.5667951349827	-21.1522959449374
610_TCTTGCGCACCTGTCT	0	0	36093191	SRR19573610	Ruberto2022_1	4	2022	Cambodia_Mondulkiri	10x_Chomium_V3	HiSeq X Ten	infected hepatocyte	BioIVT:BGW	Infected host hepatocytes	Liver stage	Cambodia field isolate	5	None	2	610_TCTTGCGCACCTGTCT	Hypnozoite	NA	NA	NA	6	8	13	15	17	17	18	17	14	17	36	Hypnozoite	17	Asexual 16	-4.99200404989703	-5.62230712044636	-8.21724463972846	-2.94697201786243	0.99353070810371	4.84521559065437	-12.907172645302	-3.25807144869662	1.17156029193769	-10.4025017449749	-3.23943117616878	1.1645883024975	-7.11971582070646	-23.4833617501912	-10.8713718642025
610_TGACAGTAGTGCAACG	0	0	36093191	SRR19573610	Ruberto2022_1	4	2022	Cambodia_Mondulkiri	10x_Chomium_V3	HiSeq X Ten	infected hepatocyte	BioIVT:BGW	Infected host hepatocytes	Liver stage	Cambodia field isolate	5	None	2	610_TGACAGTAGTGCAACG	Schizont	NA	NA	NA	0	0	0	0	10	10	7	7	8	8	36	Schizont (Liver stage)	10	Asexual 9	-4.99219001638873	-5.63106280434529	-8.23060752424994	-3.13326967296802	1.04357643678718	4.95807865446662	-12.907172645302	-3.25807144869662	1.17156029193769	-10.4024270874234	-3.23940809502422	1.1645740184057	-13.0571540901725	-17.7552959080058	-14.4457581063569
610_TGACCCTAGCTCACTA	0	0	36093191	SRR19573610	Ruberto2022_1	4	2022	Cambodia_Mondulkiri	10x_Chomium_V3	HiSeq X Ten	infected hepatocyte	BioIVT:BGW	Infected host hepatocytes	Liver stage	Cambodia field isolate	5	None	2	610_TGACCCTAGCTCACTA	Hypnozoite	NA	NA	NA	0	0	4	5	6	6	8	8	9	9	36	Hypnozoite	6	Asexual 5	-4.98422206747515	-5.6244195090572	-8.22436954054633	-2.94477785167896	1.07092936590248	4.74334839171027	-12.907172645302	-3.25807144869662	1.17156029193769	-10.4028406363738	-3.23950412919897	1.16460522303812	-15.204698924559	-15.9000164937888	-9.49946945395147
610_TGAGGTTAGCGCTGAA	0	0	36093191	SRR19573610	Ruberto2022_1	4	2022	Cambodia_Mondulkiri	10x_Chomium_V3	HiSeq X Ten	infected hepatocyte	BioIVT:BGW	Infected host hepatocytes	Liver stage	Cambodia field isolate	5	None	2	610_TGAGGTTAGCGCTGAA	Schizont	NA	NA	NA	13	15	17	19	21	21	22	21	21	21	36	Schizont (Liver stage)	21	Asexual 20	-4.9955569635628	-5.62726384270588	-8.21836806807318	-3.11535203991138	1.18362005308204	4.7999065238819	-12.907172645302	-3.25807144869662	1.17156029193769	-10.4026446679949	-3.23946260121584	1.16460073373467	-4.38125622985144	-10.6684881413729	-22.7169374434198
610_TGAGGTTCAAGTCCCG	0	0	36093191	SRR19573610	Ruberto2022_1	4	2022	Cambodia_Mondulkiri	10x_Chomium_V3	HiSeq X Ten	infected hepatocyte	BioIVT:BGW	Infected host hepatocytes	Liver stage	Cambodia field isolate	5	None	2	610_TGAGGTTCAAGTCCCG	Hypnozoite	NA	NA	NA	2	4	6	7	9	8	11	10	10	10	36	Hypnozoite	9	Asexual 8	-4.98783506262286	-5.62970238793293	-8.22513820204535	-2.94984853801929	1.09097655370765	4.76028040236091	-12.907172645302	-3.25807144869662	1.17156029193769	-10.4025335439253	-3.23943575621164	1.16458520523844	20.4722716450389	-2.66856303535557	-16.1725462009221
610_TGAGTCACAGACCAAG	0	0	36093191	SRR19573610	Ruberto2022_1	4	2022	Cambodia_Mondulkiri	10x_Chomium_V3	HiSeq X Ten	infected hepatocyte	BioIVT:BGW	Infected host hepatocytes	Liver stage	Cambodia field isolate	5	None	2	610_TGAGTCACAGACCAAG	Hypnozoite	NA	NA	NA	7	10	12	14	16	16	16	14	17	15	36	Hypnozoite	16	Asexual 15	-5.00308050024493	-5.62979298699299	-8.22070552382269	-3.14094794330799	1.28418083742195	4.59192636793708	-12.907172645302	-3.25807144869662	1.17156029193769	-10.4026206502796	-3.23945905381664	1.1646015554289	-4.9202916278764	-10.6794800009792	-22.4793983514323
610_TGATCAGGTACTCGTA	0	0	36093191	SRR19573610	Ruberto2022_1	4	2022	Cambodia_Mondulkiri	10x_Chomium_V3	HiSeq X Ten	infected hepatocyte	BioIVT:BGW	Infected host hepatocytes	Liver stage	Cambodia field isolate	5	None	2	610_TGATCAGGTACTCGTA	Hypnozoite	NA	NA	NA	5	6	8	10	12	13	13	12	12	12	36	Hypnozoite	12	Asexual 11	-5.01527131903155	-5.63502102959553	-8.203673854206	-3.10048425731861	1.1350285585218	4.84953001326179	-12.907172645302	-3.25807144869662	1.17156029193769	-10.402731675853	-3.23947953140705	1.16459024767049	11.8171125380299	-11.5670331341292	-21.1521239260672
610_TGATCTTGTCCGCAGT	0	0	36093191	SRR19573610	Ruberto2022_1	4	2022	Cambodia_Mondulkiri	10x_Chomium_V3	HiSeq X Ten	infected hepatocyte	BioIVT:BGW	Infected host hepatocytes	Liver stage	Cambodia field isolate	5	None	2	610_TGATCTTGTCCGCAGT	Hypnozoite	NA	NA	NA	2	4	6	7	9	8	11	10	10	10	36	Hypnozoite	9	Asexual 8	-4.99970544683917	-5.6277850257198	-8.21590281996527	-2.93576157627308	0.989292221813732	4.83980015104865	-12.907172645302	-3.25807144869662	1.17156029193769	-10.4025341927389	-3.23943593154746	1.16458528404622	20.4743403538004	-2.66388064305771	-16.1712064702431
610_TGATCTTTCAGACTGT	0	0	36093191	SRR19573610	Ruberto2022_1	4	2022	Cambodia_Mondulkiri	10x_Chomium_V3	HiSeq X Ten	infected hepatocyte	BioIVT:BGW	Infected host hepatocytes	Liver stage	Cambodia field isolate	5	None	2	610_TGATCTTTCAGACTGT	Schizont	NA	NA	NA	0	0	0	8	0	9	7	7	8	8	36	Schizont (Liver stage)	0	Asexual 1	-4.99989618170245	-5.62069254982869	-8.2110390809516	-3.08005965290271	1.3550654228025	4.42281273192023	-12.907172645302	-3.25807144869662	1.17156029193769	-10.4023933197359	-3.23939670609519	1.16456252511271	-13.0943954517198	-11.5968834904231	-8.50154660172892
610_TGATGGTAGCGTGAAC	0	0	36093191	SRR19573610	Ruberto2022_1	4	2022	Cambodia_Mondulkiri	10x_Chomium_V3	HiSeq X Ten	infected hepatocyte	BioIVT:BGW	Infected host hepatocytes	Liver stage	Cambodia field isolate	5	None	2	610_TGATGGTAGCGTGAAC	Hypnozoite	NA	NA	NA	11	13	14	16	19	19	20	18	18	19	36	Hypnozoite	19	Asexual 18	-5.01182712423785	-5.63156539071003	-8.21415282759467	-2.91388142643177	1.02498431757026	4.79248264616584	-12.907172645302	-3.25807144869662	1.17156029193769	-10.402532208088	-3.2394329572431	1.16458529019316	20.026527504878	-3.68085786229539	-16.461988191498
610_TGCAGGCTCCGGTAGC	0	0	36093191	SRR19573610	Ruberto2022_1	4	2022	Cambodia_Mondulkiri	10x_Chomium_V3	HiSeq X Ten	infected hepatocyte	BioIVT:BGW	Infected host hepatocytes	Liver stage	Cambodia field isolate	5	None	2	610_TGCAGGCTCCGGTAGC	Hypnozoite	NA	NA	NA	0	0	0	0	0	0	7	7	8	8	36	Hypnozoite	0	Asexual 1	-5.00273193228228	-5.6385272132198	-8.2199092057685	-2.99467480716907	1.09704132631355	4.77040508574103	-12.907172645302	-3.25807144869662	1.17156029193769	-10.4023721669462	-3.23938657571658	1.1645558217707	-13.441917102338	-11.9001480975549	-7.5895062003893
610_TGCAGTAGTTGGGTAG	0	0	36093191	SRR19573610	Ruberto2022_1	4	2022	Cambodia_Mondulkiri	10x_Chomium_V3	HiSeq X Ten	infected hepatocyte	BioIVT:BGW	Infected host hepatocytes	Liver stage	Cambodia field isolate	5	None	2	610_TGCAGTAGTTGGGTAG	Hypnozoite	NA	NA	NA	0	0	4	5	6	6	8	8	9	9	36	Hypnozoite	6	Asexual 5	-5.00925601828082	-5.64514952767292	-8.21975661787787	-3.03558505115711	1.36734767511421	4.32848909681892	-12.907172645302	-3.25807144869662	1.17156029193769	-10.4029249728679	-3.23953567948438	1.16462366176455	-13.4651582314991	-16.1418349086467	-7.53899770635649
610_TGCAGTATCAAGTGTC	0	0	36093191	SRR19573610	Ruberto2022_1	4	2022	Cambodia_Mondulkiri	10x_Chomium_V3	HiSeq X Ten	infected hepatocyte	BioIVT:BGW	Infected host hepatocytes	Liver stage	Cambodia field isolate	5	None	2	610_TGCAGTATCAAGTGTC	Hypnozoite	NA	NA	NA	4	7	9	11	13	12	14	13	13	13	36	Hypnozoite	13	Asexual 12	-4.99687875616534	-5.61551505196492	-8.19582606825629	-3.07071722088062	1.17730267599159	4.70772245710944	-12.907172645302	-3.25807144869662	1.17156029193769	-10.4025545730316	-3.23943486745298	1.16457764216603	-0.339893392708973	-28.9486700848981	-3.74452891643754
610_TGCTCGTCATCCGGTG	0	0	36093191	SRR19573610	Ruberto2022_1	4	2022	Cambodia_Mondulkiri	10x_Chomium_V3	HiSeq X Ten	infected hepatocyte	BioIVT:BGW	Infected host hepatocytes	Liver stage	Cambodia field isolate	5	None	2	610_TGCTCGTCATCCGGTG	Hypnozoite	NA	NA	NA	0	0	0	0	0	0	7	7	8	8	36	Hypnozoite	0	Asexual 1	-5.05256046164019	-5.64990120995442	-8.18138553175726	-3.01429451046192	1.35115023210579	4.41087559050178	-12.907172645302	-3.25807144869662	1.17156029193769	-10.40222711464	-3.23935127788994	1.164541692849	-12.8013637896702	-12.1660441282389	-7.26783149337333
610_TGCTTGCCAATCCTTT	0	0	36093191	SRR19573610	Ruberto2022_1	4	2022	Cambodia_Mondulkiri	10x_Chomium_V3	HiSeq X Ten	infected hepatocyte	BioIVT:BGW	Infected host hepatocytes	Liver stage	Cambodia field isolate	5	None	2	610_TGCTTGCCAATCCTTT	Hypnozoite	NA	NA	NA	8	11	11	13	14	15	17	15	15	16	36	Hypnozoite	14	Asexual 13	-5.01521457540972	-5.62667971718708	-8.19031001601019	-2.9531272703191	1.20035298421913	4.58617475813483	-12.907172645302	-3.25807144869662	1.17156029193769	-10.4025579387395	-3.23943113597883	1.16457491224576	-0.749837216243326	-28.4435831071218	-4.19756529960807
610_TGGCGTGGTCGCAGTC	0	0	36093191	SRR19573610	Ruberto2022_1	4	2022	Cambodia_Mondulkiri	10x_Chomium_V3	HiSeq X Ten	infected hepatocyte	BioIVT:BGW	Infected host hepatocytes	Liver stage	Cambodia field isolate	5	None	2	610_TGGCGTGGTCGCAGTC	Schizont	NA	NA	NA	0	0	4	5	6	6	8	8	9	9	36	Schizont (Liver stage)	6	Asexual 5	-5.03397382605059	-5.66796523201863	-8.21676970991889	-2.91802633342945	0.998316126614147	4.80990579908942	-12.907172645302	-3.25807144869662	1.17156029193769	-10.4028411133514	-3.23950425804763	1.16460527939718	-15.2037824973397	-15.8982743817372	-9.49766406852756
610_TGGCGTGTCTGACAGT	0	0	36093191	SRR19573610	Ruberto2022_1	4	2022	Cambodia_Mondulkiri	10x_Chomium_V3	HiSeq X Ten	infected hepatocyte	BioIVT:BGW	Infected host hepatocytes	Liver stage	Cambodia field isolate	5	None	2	610_TGGCGTGTCTGACAGT	Hypnozoite	NA	NA	NA	0	0	0	8	0	9	7	7	8	8	36	Hypnozoite	0	Asexual 1	-5.02169431555255	-5.63448840248982	-8.20106174025336	-3.02990115223133	1.32541354253822	4.42267015760993	-12.907172645302	-3.25807144869662	1.17156029193769	-10.4023939737594	-3.23939688117054	1.16456260432624	-13.1003829915124	-11.497478122185	-8.69338116249846
610_TGGGAAGCAGAACCGA	0	0	36093191	SRR19573610	Ruberto2022_1	4	2022	Cambodia_Mondulkiri	10x_Chomium_V3	HiSeq X Ten	infected hepatocyte	BioIVT:BGW	Infected host hepatocytes	Liver stage	Cambodia field isolate	5	None	2	610_TGGGAAGCAGAACCGA	Hypnozoite	NA	NA	NA	6	8	13	15	17	17	18	17	14	17	36	Hypnozoite	17	Asexual 16	-5.02451719152911	-5.64765101540486	-8.21018840346137	-2.93576419887745	1.0216606433683	4.8166587669239	-12.907172645302	-3.25807144869662	1.17156029193769	-10.4025010546494	-3.23943098846314	1.16458821870806	-7.12010266394137	-23.4839172349257	-10.8712062263477
610_TGGGAGACAGTTAGGG	50	3	36093191	SRR19573610	Ruberto2022_1	4	2022	Cambodia_Mondulkiri	10x_Chomium_V3	HiSeq X Ten	infected hepatocyte	BioIVT:BGW	Infected host hepatocytes	Liver stage	Cambodia field isolate	5	None	2	610_TGGGAGACAGTTAGGG	Schizont	NA	NA	NA	0	0	4	5	6	6	8	8	9	9	12	Schizont (Liver stage)	6	Asexual 5	-5.05659641134722	-5.67112141716877	-8.18348266157904	-2.94547117290699	1.04344173028999	4.75875881498908	-12.907172645302	-3.25807144869662	1.17156029193769	-10.4028412606663	-3.23950429815552	1.16460529723449	-15.1941461248121	-15.899325361352	-9.48914580503497
610_TGGGAGAGTCTGTGGC	0	0	36093191	SRR19573610	Ruberto2022_1	4	2022	Cambodia_Mondulkiri	10x_Chomium_V3	HiSeq X Ten	infected hepatocyte	BioIVT:BGW	Infected host hepatocytes	Liver stage	Cambodia field isolate	5	None	2	610_TGGGAGAGTCTGTGGC	Hypnozoite	NA	NA	NA	0	0	0	0	0	0	7	7	8	8	36	Hypnozoite	0	Asexual 1	-5.04237331259234	-5.66964322197834	-8.21823455366889	-3.00087869701587	1.24485381200843	4.56365421599006	-12.907172645302	-3.25807144869662	1.17156029193769	-10.4022279071126	-3.23935149525584	1.1645417903628	-12.8058341964382	-12.1636283220817	-7.27992740906907
610_TGGGATTCAGAGATGC	0	0	36093191	SRR19573610	Ruberto2022_1	4	2022	Cambodia_Mondulkiri	10x_Chomium_V3	HiSeq X Ten	infected hepatocyte	BioIVT:BGW	Infected host hepatocytes	Liver stage	Cambodia field isolate	5	None	2	610_TGGGATTCAGAGATGC	Hypnozoite	NA	NA	NA	0	0	4	5	6	6	8	8	9	9	36	Hypnozoite	6	Asexual 5	-5.04145110952838	-5.64375191796223	-8.19969321760932	-3.02276289997303	1.37602301195198	4.31926992720222	-12.907172645302	-3.25807144869662	1.17156029193769	-10.4029250710368	-3.23953570644522	1.1646236731765	-13.4704306657415	-16.1378372730939	-7.53739210013433
610_TGGTGATAGCAATAAC	0	0	36093191	SRR19573610	Ruberto2022_1	4	2022	Cambodia_Mondulkiri	10x_Chomium_V3	HiSeq X Ten	infected hepatocyte	BioIVT:BGW	Infected host hepatocytes	Liver stage	Cambodia field isolate	5	None	2	610_TGGTGATAGCAATAAC	Hypnozoite	NA	NA	NA	0	0	4	5	6	6	8	8	9	9	36	Hypnozoite	6	Asexual 5	-5.04737724173052	-5.67492228615681	-8.21239043745795	-3.04866326389515	1.3481838281446	4.37190130537604	-12.907172645302	-3.25807144869662	1.17156029193769	-10.4029249705425	-3.23953568391312	1.16462366213333	-13.4625011799208	-16.1432680348437	-7.53883085534525
610_TGGTGATAGGCGTCCT	1	1	36093191	SRR19573610	Ruberto2022_1	4	2022	Cambodia_Mondulkiri	10x_Chomium_V3	HiSeq X Ten	infected hepatocyte	BioIVT:BGW	Infected host hepatocytes	Liver stage	Cambodia field isolate	5	None	2	610_TGGTGATAGGCGTCCT	Hypnozoite	NA	NA	NA	0	0	0	8	0	9	7	7	8	8	36	Hypnozoite	0	Asexual 1	-5.03958286154254	-5.65406733620564	-8.20424319777289	-3.04599130687915	1.29507549360328	4.48610904997443	-12.907172645302	-3.25807144869662	1.17156029193769	-10.4023933694931	-3.23939671779492	1.16456253117841	-13.0916725266368	-11.5871749991364	-8.5224080022823
610_TGGTGATTCCTATTTG	0	0	36093191	SRR19573610	Ruberto2022_1	4	2022	Cambodia_Mondulkiri	10x_Chomium_V3	HiSeq X Ten	infected hepatocyte	BioIVT:BGW	Infected host hepatocytes	Liver stage	Cambodia field isolate	5	None	2	610_TGGTGATTCCTATTTG	Schizont	NA	NA	NA	3	5	7	9	11	11	12	11	11	11	36	Schizont (Liver stage)	11	Asexual 10	-5.04022420752032	-5.67294007409016	-8.20979072127142	-3.09094870624744	1.0283618743711	4.94148805922126	-12.907172645302	-3.25807144869662	1.17156029193769	-10.4025246276003	-3.23943829134824	1.16459149951566	-5.96277369796526	-22.5426163825679	-11.7969944308051
610_TGGTGATTCTCATGCC	0	0	36093191	SRR19573610	Ruberto2022_1	4	2022	Cambodia_Mondulkiri	10x_Chomium_V3	HiSeq X Ten	infected hepatocyte	BioIVT:BGW	Infected host hepatocytes	Liver stage	Cambodia field isolate	5	None	2	610_TGGTGATTCTCATGCC	Hypnozoite	NA	NA	NA	0	0	0	0	10	10	7	7	8	8	36	Hypnozoite	10	Asexual 9	-5.05361188757403	-5.65223294365803	-8.19597674879828	-2.95889556942188	1.05936523035102	4.77885464018439	-12.907172645302	-3.25807144869662	1.17156029193769	-10.4024274090604	-3.23940818390251	1.16457405830456	-13.0576417297882	-17.7560003347054	-14.4474994977974
610_TGGTTAGAGTCAAGCG	0	0	36093191	SRR19573610	Ruberto2022_1	4	2022	Cambodia_Mondulkiri	10x_Chomium_V3	HiSeq X Ten	infected hepatocyte	BioIVT:BGW	Infected host hepatocytes	Liver stage	Cambodia field isolate	5	None	2	610_TGGTTAGAGTCAAGCG	Hypnozoite	NA	NA	NA	4	7	9	11	13	12	14	13	13	13	36	Hypnozoite	13	Asexual 12	-5.06503881323321	-5.65855485070149	-8.19319869551459	-3.08280337391102	1.13657351091438	4.75460508650397	-12.907172645302	-3.25807144869662	1.17156029193769	-10.4025529493963	-3.23943442851373	1.16457744664608	-0.340326008285736	-28.9480173206276	-3.74497749175699
610_TGGTTAGCAATCGCGC	0	0	36093191	SRR19573610	Ruberto2022_1	4	2022	Cambodia_Mondulkiri	10x_Chomium_V3	HiSeq X Ten	infected hepatocyte	BioIVT:BGW	Infected host hepatocytes	Liver stage	Cambodia field isolate	5	None	2	610_TGGTTAGCAATCGCGC	Schizont	NA	NA	NA	0	0	4	5	6	6	8	8	9	9	36	Schizont (Liver stage)	6	Asexual 5	-5.04426540243609	-5.66896659005085	-8.21060802016058	-3.13428652820789	1.25667889669471	4.59583833998298	-12.907172645302	-3.25807144869662	1.17156029193769	-10.4029293468139	-3.23953174276468	1.16462192222621	-13.9160934944126	-15.9750688949411	-7.56459363356789
610_TGTCAGAGTCGATGCC	0	0	36093191	SRR19573610	Ruberto2022_1	4	2022	Cambodia_Mondulkiri	10x_Chomium_V3	HiSeq X Ten	infected hepatocyte	BioIVT:BGW	Infected host hepatocytes	Liver stage	Cambodia field isolate	5	None	2	610_TGTCAGAGTCGATGCC	Hypnozoite	NA	NA	NA	4	7	9	11	13	12	14	13	13	13	36	Hypnozoite	13	Asexual 12	-5.04890836584551	-5.67506247628132	-8.21129848036566	-3.02415335712635	1.24592156961494	4.5819814521656	-12.907172645302	-3.25807144869662	1.17156029193769	-10.4025534387856	-3.23943455934354	1.16457750558507	-0.340239370572616	-28.9480098632662	-3.74491018732286
610_TGTGCGGCATTGTCGA	0	0	36093191	SRR19573610	Ruberto2022_1	4	2022	Cambodia_Mondulkiri	10x_Chomium_V3	HiSeq X Ten	infected hepatocyte	BioIVT:BGW	Infected host hepatocytes	Liver stage	Cambodia field isolate	5	None	2	610_TGTGCGGCATTGTCGA	Hypnozoite	NA	NA	NA	0	0	4	5	6	6	8	8	9	9	36	Hypnozoite	6	Asexual 5	-5.06510223257525	-5.65353375542561	-8.18943168196478	-3.02663386402332	1.37977202489906	4.30780294722175	-12.907172645302	-3.25807144869662	1.17156029193769	-10.4029250714621	-3.23953570683342	1.16462367375679	-13.4693158799531	-16.1385225611606	-7.53530935668277
610_TGTTCATAGACCAAGC	0	0	36093191	SRR19573610	Ruberto2022_1	4	2022	Cambodia_Mondulkiri	10x_Chomium_V3	HiSeq X Ten	infected hepatocyte	BioIVT:BGW	Infected host hepatocytes	Liver stage	Cambodia field isolate	5	None	2	610_TGTTCATAGACCAAGC	Hypnozoite	NA	NA	NA	8	11	11	13	14	15	17	15	15	16	36	Hypnozoite	14	Asexual 13	-5.05807460653765	-5.67159777748982	-8.20204688582221	-2.89447939930164	1.06436307981544	4.65971782988166	-12.907172645302	-3.25807144869662	1.17156029193769	-10.4025583980472	-3.23943126157745	1.16457496751995	-0.748979078097746	-28.4446957908674	-4.19724936719635
610_TGTTCATGTTACAGCT	0	0	36093191	SRR19573610	Ruberto2022_1	4	2022	Cambodia_Mondulkiri	10x_Chomium_V3	HiSeq X Ten	infected hepatocyte	BioIVT:BGW	Infected host hepatocytes	Liver stage	Cambodia field isolate	5	None	2	610_TGTTCATGTTACAGCT	Hypnozoite	NA	NA	NA	13	15	17	19	21	21	22	21	21	21	36	Hypnozoite	21	Asexual 20	-5.05879844534381	-5.6674259291927	-8.19981719527045	-3.09569871959888	1.13682444646888	4.87369564360236	-12.907172645302	-3.25807144869662	1.17156029193769	-10.4026446672471	-3.23946260101045	1.16460073364455	-4.3812563049265	-10.668510811457	-22.7169374780144
610_TGTTCTACATAGCTGT	1	1	36093191	SRR19573610	Ruberto2022_1	4	2022	Cambodia_Mondulkiri	10x_Chomium_V3	HiSeq X Ten	infected hepatocyte	BioIVT:BGW	Infected host hepatocytes	Liver stage	Cambodia field isolate	5	None	2	610_TGTTCTACATAGCTGT	Hypnozoite	NA	NA	NA	6	8	13	15	17	17	18	17	14	17	36	Hypnozoite	17	Asexual 16	-5.07876170980914	-5.67421895134846	-8.18070460829535	-2.90498102245533	1.01321120813423	4.80901792830085	-12.907172645302	-3.25807144869662	1.17156029193769	-10.4025011992141	-3.23943103271066	1.16458823731384	-7.12049824123046	-23.4823277682153	-10.8704935889381
610_TTACCGCCAAATGGCG	0	0	36093191	SRR19573610	Ruberto2022_1	4	2022	Cambodia_Mondulkiri	10x_Chomium_V3	HiSeq X Ten	infected hepatocyte	BioIVT:BGW	Infected host hepatocytes	Liver stage	Cambodia field isolate	5	None	2	610_TTACCGCCAAATGGCG	Hypnozoite	NA	NA	NA	0	0	0	0	0	0	7	7	8	8	36	Hypnozoite	0	Asexual 1	-5.06158508169634	-5.67299347985188	-8.20044757399359	-2.98129475650989	1.34157355382972	4.40338018721198	-12.907172645302	-3.25807144869662	1.17156029193769	-10.4022278517362	-3.23935148277853	1.16454178370825	-12.8043742407899	-12.1651623196436	-7.27814919348011
610_TTACCGCTCTCTGCTG	0	0	36093191	SRR19573610	Ruberto2022_1	4	2022	Cambodia_Mondulkiri	10x_Chomium_V3	HiSeq X Ten	infected hepatocyte	BioIVT:BGW	Infected host hepatocytes	Liver stage	Cambodia field isolate	5	None	2	610_TTACCGCTCTCTGCTG	Hypnozoite	NA	NA	NA	5	6	8	10	12	13	13	12	12	12	36	Hypnozoite	12	Asexual 11	-5.06416286337359	-5.69300967324177	-8.2122655061225	-3.07742345867359	1.13970478132301	4.81568363493537	-12.907172645302	-3.25807144869662	1.17156029193769	-10.402731775227	-3.23947955871834	1.16459025924008	11.8170773957169	-11.5670336493023	-21.152041262654
610_TTACGTTCATAATCCG	0	0	36093191	SRR19573610	Ruberto2022_1	4	2022	Cambodia_Mondulkiri	10x_Chomium_V3	HiSeq X Ten	infected hepatocyte	BioIVT:BGW	Infected host hepatocytes	Liver stage	Cambodia field isolate	5	None	2	610_TTACGTTCATAATCCG	Schizont	NA	NA	NA	0	0	0	0	0	0	7	7	8	8	36	Schizont (Liver stage)	0	Asexual 1	-5.06727804052813	-5.69047862160603	-8.20835734877387	-2.93493593273365	1.32545347765022	4.45211580580329	-12.907172645302	-3.25807144869662	1.17156029193769	-10.4022272599682	-3.23935131587781	1.1645417109107	-12.8029674326021	-12.1654896280275	-7.27079224685224
610_TTACTGTAGATCGCCC	0	0	36093191	SRR19573610	Ruberto2022_1	4	2022	Cambodia_Mondulkiri	10x_Chomium_V3	HiSeq X Ten	infected hepatocyte	BioIVT:BGW	Infected host hepatocytes	Liver stage	Cambodia field isolate	5	None	2	610_TTACTGTAGATCGCCC	Schizont	NA	NA	NA	0	0	0	0	0	0	7	7	8	8	36	Schizont (Liver stage)	0	Asexual 1	-5.06796945440753	-5.67986756432454	-8.20104171309271	-2.94591963825428	1.0915498311811	4.73876312559699	-12.907172645302	-3.25807144869662	1.17156029193769	-10.4023716208327	-3.23938642375587	1.16455575493907	-13.4374139555176	-11.9010712829729	-7.58494577986353
610_TTAGTCTAGGCGTTAG	0	0	36093191	SRR19573610	Ruberto2022_1	4	2022	Cambodia_Mondulkiri	10x_Chomium_V3	HiSeq X Ten	infected hepatocyte	BioIVT:BGW	Infected host hepatocytes	Liver stage	Cambodia field isolate	5	None	2	610_TTAGTCTAGGCGTTAG	Schizont	NA	NA	NA	0	0	0	0	0	0	7	7	8	8	36	Schizont (Liver stage)	0	Asexual 1	-5.07633985388262	-5.69218522179524	-8.20343543562689	-2.97374332485401	1.33468611791664	4.41906002348518	-12.907172645302	-3.25807144869662	1.17156029193769	-10.4022271168084	-3.23935127848651	1.1645416931128	-12.8018959663711	-12.1657313731737	-7.26845964419226
610_TTATTGCGTCTTCCGT	0	0	36093191	SRR19573610	Ruberto2022_1	4	2022	Cambodia_Mondulkiri	10x_Chomium_V3	HiSeq X Ten	infected hepatocyte	BioIVT:BGW	Infected host hepatocytes	Liver stage	Cambodia field isolate	5	None	2	610_TTATTGCGTCTTCCGT	Hypnozoite	NA	NA	NA	9	9	10	12	15	14	15	16	16	14	36	Hypnozoite	15	Asexual 14	-5.05673946249468	-5.65344458687703	-8.17110015425482	-3.03777850208484	1.16060693815284	4.75285366362189	-12.907172645302	-3.25807144869662	1.17156029193769	-10.4025839150105	-3.23945248344572	1.16459843719014	-7.231444006189	-10.8570488404607	-22.2822739408104
610_TTCACGCCACCTGCGA	0	0	36093191	SRR19573610	Ruberto2022_1	4	2022	Cambodia_Mondulkiri	10x_Chomium_V3	HiSeq X Ten	infected hepatocyte	BioIVT:BGW	Infected host hepatocytes	Liver stage	Cambodia field isolate	5	None	2	610_TTCACGCCACCTGCGA	Schizont	NA	NA	NA	4	7	9	11	13	12	14	13	13	13	36	Schizont (Liver stage)	13	Asexual 12	-5.08230604040606	-5.70523625481526	-8.20766307387152	-3.03753054676258	1.22909875467353	4.60669115370368	-12.907172645302	-3.25807144869662	1.17156029193769	-10.4025535064532	-3.23943458308591	1.16457751430783	-0.340193657510519	-28.9481320969648	-3.74486525500879
610_TTCATGTTCCTACCAC	0	0	36093191	SRR19573610	Ruberto2022_1	4	2022	Cambodia_Mondulkiri	10x_Chomium_V3	HiSeq X Ten	infected hepatocyte	BioIVT:BGW	Infected host hepatocytes	Liver stage	Cambodia field isolate	5	None	2	610_TTCATGTTCCTACCAC	Hypnozoite	NA	NA	NA	0	0	0	8	0	9	7	7	8	8	36	Hypnozoite	0	Asexual 1	-5.07182754385455	-5.69859629738728	-8.21065570387641	-3.0164052301427	1.33831580236488	4.39815691298103	-12.907172645302	-3.25807144869662	1.17156029193769	-10.4023939693284	-3.23939688112122	1.16456260404291	-13.0883426231738	-11.513789673986	-8.67749997324574
610_TTCCTAAGTTGCCAAT	0	0	36093191	SRR19573610	Ruberto2022_1	4	2022	Cambodia_Mondulkiri	10x_Chomium_V3	HiSeq X Ten	infected hepatocyte	BioIVT:BGW	Infected host hepatocytes	Liver stage	Cambodia field isolate	5	None	2	610_TTCCTAAGTTGCCAAT	Hypnozoite	NA	NA	NA	0	0	4	5	6	6	8	8	9	9	36	Hypnozoite	6	Asexual 5	-5.08054508078082	-5.7020128356258	-8.20614577803412	-3.01699865398609	1.34373434141212	4.40626838987922	-12.907172645302	-3.25807144869662	1.17156029193769	-10.4029243976346	-3.23953552589515	1.16462359357453	-13.4582167359775	-16.143646656247	-7.54659858774403
610_TTCGGTCTCTCTGGTC	0	0	36093191	SRR19573610	Ruberto2022_1	4	2022	Cambodia_Mondulkiri	10x_Chomium_V3	HiSeq X Ten	infected hepatocyte	BioIVT:BGW	Infected host hepatocytes	Liver stage	Cambodia field isolate	5	None	2	610_TTCGGTCTCTCTGGTC	Hypnozoite	NA	NA	NA	11	13	14	16	19	19	20	18	18	19	36	Hypnozoite	19	Asexual 18	-5.08608116018756	-5.69070702660481	-8.19936992201605	-2.96636999187671	1.01580496385627	4.83757189100837	-12.907172645302	-3.25807144869662	1.17156029193769	-10.4025331700894	-3.23943321735269	1.16458540703548	20.0266059739801	-3.68082666931596	-16.4619870665457
610_TTCTAACAGATTTGCC	0	0	36093191	SRR19573610	Ruberto2022_1	4	2022	Cambodia_Mondulkiri	10x_Chomium_V3	HiSeq X Ten	infected hepatocyte	BioIVT:BGW	Infected host hepatocytes	Liver stage	Cambodia field isolate	5	None	2	610_TTCTAACAGATTTGCC	Hypnozoite	NA	NA	NA	0	0	0	0	0	0	7	7	8	8	36	Hypnozoite	0	Asexual 1	-5.08485139715655	-5.70349389183918	-8.20475722822943	-2.95217145023548	1.09955366209083	4.73467615431403	-12.907172645302	-3.25807144869662	1.17156029193769	-10.4023716642211	-3.23938643523203	1.16455576004728	-13.4380480895897	-11.9000564073675	-7.58531072818098
610_TTCTAGTAGCTGCCTG	0	0	36093191	SRR19573610	Ruberto2022_1	4	2022	Cambodia_Mondulkiri	10x_Chomium_V3	HiSeq X Ten	infected hepatocyte	BioIVT:BGW	Infected host hepatocytes	Liver stage	Cambodia field isolate	5	None	2	610_TTCTAGTAGCTGCCTG	Hypnozoite	NA	NA	NA	0	0	0	8	0	9	7	7	8	8	36	Hypnozoite	0	Asexual 1	-5.09322656500323	-5.71855717766682	-8.20903064284125	-3.03801334438526	1.27677758291298	4.5026300269947	-12.907172645302	-3.25807144869662	1.17156029193769	-10.4023933191604	-3.23939670593884	1.16456252504303	-13.0940561641338	-11.5987664155957	-8.50000724765746
610_TTCTCTCAGTTGCCTA	0	0	36093191	SRR19573610	Ruberto2022_1	4	2022	Cambodia_Mondulkiri	10x_Chomium_V3	HiSeq X Ten	infected hepatocyte	BioIVT:BGW	Infected host hepatocytes	Liver stage	Cambodia field isolate	5	None	2	610_TTCTCTCAGTTGCCTA	Schizont	NA	NA	NA	3	5	7	9	11	11	12	11	11	11	36	Schizont (Liver stage)	11	Asexual 10	-5.0957242380379	-5.72493058312336	-8.22925330672064	-3.1223999315282	1.00453074529701	4.99372890776252	-12.907172645302	-3.25807144869662	1.17156029193769	-10.4025245321482	-3.23943826976914	1.16459148830464	-5.96307106161624	-22.5422813859295	-11.7964967458504
610_TTCTCTCCACGAGGAT	0	0	36093191	SRR19573610	Ruberto2022_1	4	2022	Cambodia_Mondulkiri	10x_Chomium_V3	HiSeq X Ten	infected hepatocyte	BioIVT:BGW	Infected host hepatocytes	Liver stage	Cambodia field isolate	5	None	2	610_TTCTCTCCACGAGGAT	Hypnozoite	NA	NA	NA	5	6	8	10	12	13	13	12	12	12	36	Hypnozoite	12	Asexual 11	-5.09033740866168	-5.68466549981038	-8.18476058516303	-3.08098519382679	1.13753862932258	4.85618570631599	-12.907172645302	-3.25807144869662	1.17156029193769	-10.4027317715802	-3.23947955799618	1.16459025933476	11.8170700040949	-11.567033527754	-21.1521231816276
610_TTCTGTAGTACGAGTG	0	0	36093191	SRR19573610	Ruberto2022_1	4	2022	Cambodia_Mondulkiri	10x_Chomium_V3	HiSeq X Ten	infected hepatocyte	BioIVT:BGW	Infected host hepatocytes	Liver stage	Cambodia field isolate	5	None	2	610_TTCTGTAGTACGAGTG	Hypnozoite	NA	NA	NA	0	0	4	5	6	6	8	8	9	9	36	Hypnozoite	6	Asexual 5	-5.08452476370318	-5.71422797310749	-8.21261836561957	-2.99546897945606	1.1018414075666	4.73865631407355	-12.907172645302	-3.25807144869662	1.17156029193769	-10.402842255894	-3.23950456559872	1.16460541552101	-15.1224707782199	-15.8944231783078	-9.39461029427898
610_TTCTTCCCACAACGTT	0	0	36093191	SRR19573610	Ruberto2022_1	4	2022	Cambodia_Mondulkiri	10x_Chomium_V3	HiSeq X Ten	infected hepatocyte	BioIVT:BGW	Infected host hepatocytes	Liver stage	Cambodia field isolate	5	None	2	610_TTCTTCCCACAACGTT	Hypnozoite	NA	NA	NA	0	0	4	5	6	6	8	8	9	9	36	Hypnozoite	6	Asexual 5	-5.08786453115924	-5.71768742669026	-8.21270324263373	-2.87541187343799	1.1530105645948	4.59274175947761	-12.907172645302	-3.25807144869662	1.17156029193769	-10.4028901556653	-3.23951382252816	1.16460488109053	-14.3341758594165	-15.8695374101291	-8.23737834647033
610_TTCTTGAGTATAGCTC	0	0	36093191	SRR19573610	Ruberto2022_1	4	2022	Cambodia_Mondulkiri	10x_Chomium_V3	HiSeq X Ten	infected hepatocyte	BioIVT:BGW	Infected host hepatocytes	Liver stage	Cambodia field isolate	5	None	2	610_TTCTTGAGTATAGCTC	Hypnozoite	NA	NA	NA	2	4	6	7	9	8	11	10	10	10	36	Hypnozoite	9	Asexual 8	-5.08922733175738	-5.71985417473713	-8.21327067885199	-3.06777585087024	1.04498954370552	4.88587501829719	-12.907172645302	-3.25807144869662	1.17156029193769	-10.4025351547435	-3.23943619237296	1.16458540046432	20.4778933966304	-2.65631046453618	-16.1687752186936
610_TTGAACGAGCGGTAAC	0	0	36093191	SRR19573610	Ruberto2022_1	4	2022	Cambodia_Mondulkiri	10x_Chomium_V3	HiSeq X Ten	infected hepatocyte	BioIVT:BGW	Infected host hepatocytes	Liver stage	Cambodia field isolate	5	None	2	610_TTGAACGAGCGGTAAC	Schizont	NA	NA	NA	9	9	10	12	15	14	15	16	16	14	36	Schizont (Liver stage)	15	Asexual 14	-5.09966482031329	-5.72093087304036	-8.21198703322211	-3.02907717762195	1.18010802820259	4.67961624449348	-12.907172645302	-3.25807144869662	1.17156029193769	-10.4025849745191	-3.23945277438977	1.1645985663691	-7.23143504496442	-10.8571333131642	-22.2812101341497
610_TTGACCCCAGCGATTT	0	0	36093191	SRR19573610	Ruberto2022_1	4	2022	Cambodia_Mondulkiri	10x_Chomium_V3	HiSeq X Ten	infected hepatocyte	BioIVT:BGW	Infected host hepatocytes	Liver stage	Cambodia field isolate	5	None	2	610_TTGACCCCAGCGATTT	Hypnozoite	NA	NA	NA	0	0	4	5	6	6	8	8	9	9	36	Hypnozoite	6	Asexual 5	-5.1275354753731	-5.73699027169148	-8.19764377150336	-3.0320154481908	1.41061003759437	4.23661735838508	-12.907172645302	-3.25807144869662	1.17156029193769	-10.4029257939703	-3.23953590140489	1.16462375865062	-13.4722027850017	-16.1363168033332	-7.53618074740948
610_TTGCCTGAGAACAGGA	0	0	36093191	SRR19573610	Ruberto2022_1	4	2022	Cambodia_Mondulkiri	10x_Chomium_V3	HiSeq X Ten	infected hepatocyte	BioIVT:BGW	Infected host hepatocytes	Liver stage	Cambodia field isolate	5	None	2	610_TTGCCTGAGAACAGGA	Hypnozoite	NA	NA	NA	0	0	0	0	10	10	7	7	8	8	36	Hypnozoite	10	Asexual 9	-5.10214008200152	-5.73194438088337	-8.21219111952582	-3.11643136081897	1.05665536478096	4.93660524672126	-12.907172645302	-3.25807144869662	1.17156029193769	-10.4024268953008	-3.2394080426015	1.16457399504044	-13.0564909880742	-17.7541144808765	-14.4434160862799
610_TTGGGATCAGCTGCCA	0	0	36093191	SRR19573610	Ruberto2022_1	4	2022	Cambodia_Mondulkiri	10x_Chomium_V3	HiSeq X Ten	infected hepatocyte	BioIVT:BGW	Infected host hepatocytes	Liver stage	Cambodia field isolate	5	None	2	610_TTGGGATCAGCTGCCA	Hypnozoite	NA	NA	NA	0	0	0	8	0	9	7	7	8	8	36	Hypnozoite	0	Asexual 1	-5.09485687124713	-5.7306583510677	-8.21746875319281	-3.0289694124242	1.32335217550331	4.43552759474372	-12.907172645302	-3.25807144869662	1.17156029193769	-10.4023939720763	-3.2393968807091	1.1645626041229	-13.1065867333873	-11.5139200010151	-8.66626292403236
610_TTGGTTTTCATGAAAG	0	0	36093191	SRR19573610	Ruberto2022_1	4	2022	Cambodia_Mondulkiri	10x_Chomium_V3	HiSeq X Ten	infected hepatocyte	BioIVT:BGW	Infected host hepatocytes	Liver stage	Cambodia field isolate	5	None	2	610_TTGGTTTTCATGAAAG	Hypnozoite	NA	NA	NA	3	5	7	9	11	11	12	11	11	11	36	Hypnozoite	11	Asexual 10	-5.09572233068926	-5.73901349175373	-8.22138930830756	-3.10813606319629	1.12268562868171	4.85024908369636	-12.907172645302	-3.25807144869662	1.17156029193769	-10.4025239727641	-3.23943811567302	1.16459141942922	-5.96381564884823	-22.54299579875	-11.7958993975279
610_TTGGTTTTCTCGCAGG	0	0	36093191	SRR19573610	Ruberto2022_1	4	2022	Cambodia_Mondulkiri	10x_Chomium_V3	HiSeq X Ten	infected hepatocyte	BioIVT:BGW	Infected host hepatocytes	Liver stage	Cambodia field isolate	5	None	2	610_TTGGTTTTCTCGCAGG	Hypnozoite	NA	NA	NA	0	0	0	8	0	9	7	7	8	8	36	Hypnozoite	0	Asexual 1	-5.10076059210284	-5.73653966057698	-8.21702720198432	-3.03048170147144	1.29646201685005	4.48019626921271	-12.907172645302	-3.25807144869662	1.17156029193769	-10.4023933180434	-3.2393967056315	1.16456252490805	-13.0955150410991	-11.6048732039164	-8.49086297421795
610_TTGTGTTAGGCCTGAA	0	0	36093191	SRR19573610	Ruberto2022_1	4	2022	Cambodia_Mondulkiri	10x_Chomium_V3	HiSeq X Ten	infected hepatocyte	BioIVT:BGW	Infected host hepatocytes	Liver stage	Cambodia field isolate	5	None	2	610_TTGTGTTAGGCCTGAA	Hypnozoite	NA	NA	NA	8	11	11	13	14	15	17	15	15	16	36	Hypnozoite	14	Asexual 13	-5.11153949606402	-5.75305014717976	-8.22827197584906	-2.96324170170032	1.1953370149427	4.59815672224616	-12.907172645302	-3.25807144869662	1.17156029193769	-10.402557935326	-3.23943113504647	1.16457491183661	-0.750002486988383	-28.4433731041185	-4.19765421259744
610_TTGTGTTAGGGCAATC	0	0	36093191	SRR19573610	Ruberto2022_1	4	2022	Cambodia_Mondulkiri	10x_Chomium_V3	HiSeq X Ten	infected hepatocyte	BioIVT:BGW	Infected host hepatocytes	Liver stage	Cambodia field isolate	5	None	2	610_TTGTGTTAGGGCAATC	Hypnozoite	NA	NA	NA	8	11	11	13	14	15	17	15	15	16	36	Hypnozoite	14	Asexual 13	-5.10330308783038	-5.74866372216145	-8.22691775831976	-2.9294968896886	1.10693212106758	4.69562223738288	-12.907172645302	-3.25807144869662	1.17156029193769	-10.40255830187	-3.23943123994706	1.16457495636172	-0.748850234049916	-28.4448147589256	-4.1972349900528
610_TTGTTTGGTCGCTGCA	0	0	36093191	SRR19573610	Ruberto2022_1	4	2022	Cambodia_Mondulkiri	10x_Chomium_V3	HiSeq X Ten	infected hepatocyte	BioIVT:BGW	Infected host hepatocytes	Liver stage	Cambodia field isolate	5	None	2	610_TTGTTTGGTCGCTGCA	Hypnozoite	NA	NA	NA	8	11	11	13	14	15	17	15	15	16	36	Hypnozoite	14	Asexual 13	-5.11451066839678	-5.75375252831379	-8.21882010969916	-2.92274320659839	1.09245558336311	4.71374538725471	-12.907172645302	-3.25807144869662	1.17156029193769	-10.4025583006494	-3.23943123961386	1.16457495621543	-0.748949320871995	-28.4447300023522	-4.19730500510446
610_TTTACGTTCTGTGCGG	0	0	36093191	SRR19573610	Ruberto2022_1	4	2022	Cambodia_Mondulkiri	10x_Chomium_V3	HiSeq X Ten	infected hepatocyte	BioIVT:BGW	Infected host hepatocytes	Liver stage	Cambodia field isolate	5	None	2	610_TTTACGTTCTGTGCGG	Hypnozoite	NA	NA	NA	0	0	0	0	0	0	7	7	8	8	36	Hypnozoite	0	Asexual 1	-5.14869369375689	-5.76481038201252	-8.21812297377387	-2.99572599468433	1.10894210889869	4.74962833708381	-12.907172645302	-3.25807144869662	1.17156029193769	-10.402372118917	-3.23938655883464	1.16455581492497	-13.4412796272679	-11.9002455062136	-7.5875240897755
610_TTTACTGAGGTGATAT	0	0	36093191	SRR19573610	Ruberto2022_1	4	2022	Cambodia_Mondulkiri	10x_Chomium_V3	HiSeq X Ten	infected hepatocyte	BioIVT:BGW	Infected host hepatocytes	Liver stage	Cambodia field isolate	5	None	2	610_TTTACTGAGGTGATAT	Hypnozoite	NA	NA	NA	11	13	14	16	19	19	20	18	18	19	36	Hypnozoite	19	Asexual 18	-5.1289626489876	-5.74749928582112	-8.20602084669867	-2.9045432859441	1.0383454139524	4.73154667204475	-12.907172645302	-3.25807144869662	1.17156029193769	-10.4025324115539	-3.23943301372498	1.16458531552325	20.0267111091343	-3.6808583837273	-16.4618649312251
610_TTTATGCTCCGGCAGT	0	0	36093191	SRR19573610	Ruberto2022_1	4	2022	Cambodia_Mondulkiri	10x_Chomium_V3	HiSeq X Ten	infected hepatocyte	BioIVT:BGW	Infected host hepatocytes	Liver stage	Cambodia field isolate	5	None	2	610_TTTATGCTCCGGCAGT	Hypnozoite	NA	NA	NA	0	0	0	0	0	0	7	7	8	8	36	Hypnozoite	0	Asexual 1	-5.12941755163653	-5.77098208535115	-8.24184657606879	-2.99386036930286	1.28949757173591	4.49670294111823	-12.907172645302	-3.25807144869662	1.17156029193769	-10.4022275677442	-3.23935140133325	1.16454174793537	-12.8040239054292	-12.1654153311361	-7.27266513495671
610_TTTGGAGCAATCTAGC	0	0	36093191	SRR19573610	Ruberto2022_1	4	2022	Cambodia_Mondulkiri	10x_Chomium_V3	HiSeq X Ten	infected hepatocyte	BioIVT:BGW	Infected host hepatocytes	Liver stage	Cambodia field isolate	5	None	2	610_TTTGGAGCAATCTAGC	Schizont	NA	NA	NA	7	10	12	14	16	16	16	14	17	15	36	Schizont (Liver stage)	16	Asexual 15	-5.11517871725543	-5.76092463601033	-8.22275306258002	-3.1489280515691	1.20331867292457	4.7162530738697	-12.907172645302	-3.25807144869662	1.17156029193769	-10.4026212050929	-3.2394592055706	1.16460162239719	-4.91525679892501	-10.6791273595917	-22.481596804581
610_TTTGGTTGTATGCTTG	1	1	36093191	SRR19573610	Ruberto2022_1	4	2022	Cambodia_Mondulkiri	10x_Chomium_V3	HiSeq X Ten	infected hepatocyte	BioIVT:BGW	Infected host hepatocytes	Liver stage	Cambodia field isolate	5	None	2	610_TTTGGTTGTATGCTTG	Hypnozoite	NA	NA	NA	5	6	8	10	12	13	13	12	12	12	36	Hypnozoite	12	Asexual 11	-5.1217285524605	-5.75597649681965	-8.21576549086371	-3.11600888309681	1.18845112875038	4.72784832304572	-12.907172645302	-3.25807144869662	1.17156029193769	-10.4027324895496	-3.23947975147834	1.16459034378065	11.8171284271369	-11.5669453413757	-21.1520158151496
611_AAACCCAAGCTGACTT	63	62	36093191	SRR19573611	Ruberto2022_1	4	2022	Cambodia_Mondulkiri	10x_Chomium_V3	HiSeq X Ten	infected hepatocyte	BioIVT:BGW	Infected host hepatocytes	Liver stage	Cambodia field isolate	9	MMV390048	1	611_AAACCCAAGCTGACTT	Hypnozoite	NA	NA	NA	0	0	0	0	0	0	0	0	1	0	36	Hypnozoite	0	Asexual 1	0.0108041149081458	-3.1134708510677	-2.92007614645758	-3.5811368280431	2.16151197507911	2.33841493910407	-10.6282516823522	-3.21318028356113	1.47919383874642	-8.14576771954742	-3.20004214223484	1.47405731952473	-3.50796460371037	-12.0437707494068	-3.99938933859541
611_AAACGAATCTGGGCAC	72	66	36093191	SRR19573611	Ruberto2022_1	4	2022	Cambodia_Mondulkiri	10x_Chomium_V3	HiSeq X Ten	infected hepatocyte	BioIVT:BGW	Infected host hepatocytes	Liver stage	Cambodia field isolate	9	MMV390048	1	611_AAACGAATCTGGGCAC	Hypnozoite	NA	NA	NA	0	0	0	0	0	0	0	0	1	0	42	Hypnozoite	0	Asexual 1	0.545376615643667	-3.31152611840168	-3.34404541525641	-3.55174887714588	2.66823084905677	1.05739382094001	-9.79833784287298	-2.87748223498519	2.09218545038533	-7.36778611043738	-2.87611906622961	2.08994058053243	-3.90594990724026	-14.3337360748196	1.09548258102968
611_AAAGAACCAAATCGTC	189	157	36093191	SRR19573611	Ruberto2022_1	4	2022	Cambodia_Mondulkiri	10x_Chomium_V3	HiSeq X Ten	infected hepatocyte	BioIVT:BGW	Infected host hepatocytes	Liver stage	Cambodia field isolate	9	MMV390048	1	611_AAAGAACCAAATCGTC	Hypnozoite	NA	NA	NA	0	0	0	0	0	0	0	0	1	0	24	Hypnozoite	0	Asexual 1	-0.588334692597223	-2.79933363068501	-2.82446910414496	-3.3076068216344	1.45184333875709	1.67166736906623	-8.29265066182592	-2.29889682867247	0.407536290417024	-5.80704959401605	-2.28398678207816	0.401339518586724	1.05688896035813	-9.41914420788666	-0.884167997988853
611_AAAGGATAGTGTACCT	139	109	36093191	SRR19573611	Ruberto2022_1	4	2022	Cambodia_Mondulkiri	10x_Chomium_V3	HiSeq X Ten	infected hepatocyte	BioIVT:BGW	Infected host hepatocytes	Liver stage	Cambodia field isolate	9	MMV390048	1	611_AAAGGATAGTGTACCT	Hypnozoite	NA	NA	NA	0	0	0	0	0	0	0	0	1	0	24	Hypnozoite	0	Asexual 1	-0.258951647162272	-3.28550964463154	-2.99712230238715	-3.88028300342762	2.19618018224769	2.62070086783027	-9.86010949674225	-3.67048498833061	1.02431529129579	-7.39182492334765	-3.66037330333728	1.01967920838717	-3.24619681301381	-11.437217673569	-1.34157383533257
611_AAAGGGCAGACTGGGT	137	113	36093191	SRR19573611	Ruberto2022_1	4	2022	Cambodia_Mondulkiri	10x_Chomium_V3	HiSeq X Ten	infected hepatocyte	BioIVT:BGW	Infected host hepatocytes	Liver stage	Cambodia field isolate	9	MMV390048	1	611_AAAGGGCAGACTGGGT	Hypnozoite	NA	NA	NA	0	0	0	0	0	0	0	0	1	0	12	Hypnozoite	0	Asexual 1	-0.291538698553873	-3.1457670317928	-3.10644485029975	-3.45032585201465	2.36778314664894	2.16440919226264	-10.0173444544035	-1.40421267361411	1.42228086153881	-7.52806648519983	-1.38885445849753	1.41647804477848	-3.71621363816805	-10.9046851625017	-0.0435650154330882
611_AAAGGGCTCGACACTA	28	28	36093191	SRR19573611	Ruberto2022_1	4	2022	Cambodia_Mondulkiri	10x_Chomium_V3	HiSeq X Ten	infected hepatocyte	BioIVT:BGW	Infected host hepatocytes	Liver stage	Cambodia field isolate	9	MMV390048	1	611_AAAGGGCTCGACACTA	Hypnozoite	NA	NA	NA	0	0	0	0	0	0	0	0	1	0	12	Hypnozoite	0	Asexual 1	0.184639664411711	-3.48655968773762	-3.21229697737494	-3.07635486660206	2.83773620679908	1.91376236265754	-11.4761662556045	-3.80854935939174	2.15113426124788	-8.99091240276872	-3.79479173984932	2.14581939052969	-9.65676789835854	-15.0787851541531	-1.42078930047362
611_AAAGGTACAGCTTTGA	116	89	36093191	SRR19573611	Ruberto2022_1	4	2022	Cambodia_Mondulkiri	10x_Chomium_V3	HiSeq X Ten	infected hepatocyte	BioIVT:BGW	Infected host hepatocytes	Liver stage	Cambodia field isolate	9	MMV390048	1	611_AAAGGTACAGCTTTGA	Hypnozoite	NA	NA	NA	0	0	0	0	0	0	0	0	0	0	32	Hypnozoite	0	Asexual 1	0.827462958216833	-3.18700891602436	-3.12738968405524	-3.5527046972295	2.45680459096962	0.68659439867591	-9.94070417495574	-2.81695712845071	2.13077140337378	-7.58994818191	-2.83326601275484	2.13216960975137	-2.25051286202841	-14.2055060659669	3.26122721841127
611_AACAAGAAGGAGACCT	247	209	36093191	SRR19573611	Ruberto2022_1	4	2022	Cambodia_Mondulkiri	10x_Chomium_V3	HiSeq X Ten	infected hepatocyte	BioIVT:BGW	Infected host hepatocytes	Liver stage	Cambodia field isolate	9	MMV390048	1	611_AACAAGAAGGAGACCT	Hypnozoite	NA	NA	NA	0	0	0	0	0	0	0	0	0	0	36	Hypnozoite	0	Asexual 1	1.26425062310712	-2.72421008217732	-2.31922794852057	-3.71532142696582	1.30933220937782	-0.278170643390664	-6.86892874976379	-3.05002798935483	2.29487984926639	-5.22903022913115	-3.25739673563446	2.35039470062374	1.96288955583225	-13.6039434313242	4.71235275931715
611_AACCATGAGAACGTGC	59	41	36093191	SRR19573611	Ruberto2022_1	4	2022	Cambodia_Mondulkiri	10x_Chomium_V3	HiSeq X Ten	infected hepatocyte	BioIVT:BGW	Infected host hepatocytes	Liver stage	Cambodia field isolate	9	MMV390048	1	611_AACCATGAGAACGTGC	Hypnozoite	NA	NA	NA	0	0	0	0	0	0	0	0	1	0	6	Hypnozoite	0	Asexual 1	-0.798357857346369	-3.55043440926472	-2.9006838944892	-3.13217890796863	3.02580841138893	3.43592050856208	-12.0910291019014	-3.19825021970638	0.958450066881168	-9.59600441701326	-3.18210995549137	0.952243272080081	-2.49747764789491	-6.25681195248091	-11.8414070758496
611_AACGAAAGTCAGGCAA	502	423	36093191	SRR19573611	Ruberto2022_1	4	2022	Cambodia_Mondulkiri	10x_Chomium_V3	HiSeq X Ten	infected hepatocyte	BioIVT:BGW	Infected host hepatocytes	Liver stage	Cambodia field isolate	9	MMV390048	1	611_AACGAAAGTCAGGCAA	Hypnozoite	NA	NA	NA	0	0	0	0	0	0	1	1	0	1	36	Hypnozoite	0	Asexual 1	3.09872971665876	-0.746251999024548	-3.37815190825263	-3.7892814928075	1.15494616582923	-2.92668005639459	-3.12984145880793	-2.82747935387781	2.31492701574608	-3.36606812435246	-3.82610547651099	3.15934557575379	4.28939089680641	-12.0596953957144	13.7460443262154
611_AAGGTAAAGGCCCGTT	553	430	36093191	SRR19573611	Ruberto2022_1	4	2022	Cambodia_Mondulkiri	10x_Chomium_V3	HiSeq X Ten	infected hepatocyte	BioIVT:BGW	Infected host hepatocytes	Liver stage	Cambodia field isolate	9	MMV390048	1	611_AAGGTAAAGGCCCGTT	Hypnozoite	NA	NA	NA	0	0	0	0	0	0	1	1	0	1	36	Hypnozoite	0	Asexual 1	3.14816795480268	-0.646916328553356	-3.3328218606452	-3.70010102329456	1.38111002996498	-3.38243719750787	-2.56651276694544	-3.33078091266133	3.4995204995578	-2.78625921867228	-4.34011147186049	4.39116488906288	6.98842163192389	-12.4166195263681	14.9915826072861
611_AATCGACAGCTCGAAG	498	388	36093191	SRR19573611	Ruberto2022_1	4	2022	Cambodia_Mondulkiri	10x_Chomium_V3	HiSeq X Ten	infected hepatocyte	BioIVT:BGW	Infected host hepatocytes	Liver stage	Cambodia field isolate	9	MMV390048	1	611_AATCGACAGCTCGAAG	Hypnozoite	NA	NA	NA	0	0	0	0	0	0	1	1	0	1	36	Hypnozoite	0	Asexual 1	3.0441170800926	-1.16012745964924	-3.28254176649848	-3.73307073650562	1.74204249933296	-2.52525040322686	-3.65979364032086	-2.61091126660362	2.38695363218341	-3.97416646585921	-3.58550085191499	3.24786554051799	3.64104578359845	-14.2741173821278	13.4224126827013
611_AATCGACGTGGTATGG	128	108	36093191	SRR19573611	Ruberto2022_1	4	2022	Cambodia_Mondulkiri	10x_Chomium_V3	HiSeq X Ten	infected hepatocyte	BioIVT:BGW	Infected host hepatocytes	Liver stage	Cambodia field isolate	9	MMV390048	1	611_AATCGACGTGGTATGG	Hypnozoite	NA	NA	NA	0	0	0	0	0	0	0	0	1	0	32	Hypnozoite	0	Asexual 1	-0.0952691267727147	-3.32338935006062	-3.32590629133978	-3.08096635875904	3.05554540708595	1.7117147762165	-9.53174558615548	-2.3881765431784	2.00964512974346	-7.05771815525771	-2.37692763224655	2.00495964657759	-2.43412600712369	-8.87964131339912	-1.73111219522793
611_AATGAAGTCTTAGCTT	553	444	36093191	SRR19573611	Ruberto2022_1	4	2022	Cambodia_Mondulkiri	10x_Chomium_V3	HiSeq X Ten	infected hepatocyte	BioIVT:BGW	Infected host hepatocytes	Liver stage	Cambodia field isolate	9	MMV390048	1	611_AATGAAGTCTTAGCTT	Hypnozoite	NA	NA	NA	0	0	0	0	0	0	0	0	0	0	24	Hypnozoite	0	Asexual 1	3.00605999124067	-0.690108476761974	-3.38292624029914	-3.46995842991077	1.29986579969459	-1.14687004500771	-1.96624353301218	-2.40613593158461	3.33652428933547	-3.78237319586599	-3.40385621738836	3.7445466767416	3.13759157404391	-10.4548523934964	5.23649769035155
611_AATGCCAAGTACGAGC	159	135	36093191	SRR19573611	Ruberto2022_1	4	2022	Cambodia_Mondulkiri	10x_Chomium_V3	HiSeq X Ten	infected hepatocyte	BioIVT:BGW	Infected host hepatocytes	Liver stage	Cambodia field isolate	9	MMV390048	1	611_AATGCCAAGTACGAGC	Hypnozoite	NA	NA	NA	0	0	0	0	0	0	0	0	0	0	36	Hypnozoite	0	Asexual 1	0.967272209048437	-2.96042257416645	-2.71561075720587	-3.81614125309192	1.94677324846321	0.680909307657233	-8.36372950831337	-2.36865478230188	1.01156616198015	-6.13036488293356	-2.41263675918173	1.0197203053922	-0.002797244187189	-14.67702009911	2.69511857068501
611_AATGGAATCTAAGCCA	638	476	36093191	SRR19573611	Ruberto2022_1	4	2022	Cambodia_Mondulkiri	10x_Chomium_V3	HiSeq X Ten	infected hepatocyte	BioIVT:BGW	Infected host hepatocytes	Liver stage	Cambodia field isolate	9	MMV390048	1	611_AATGGAATCTAAGCCA	Hypnozoite	NA	NA	NA	0	0	0	0	0	0	1	1	0	1	36	Hypnozoite	0	Asexual 1	3.3283263314964	-0.166504739407696	-3.21196533713141	-4.10135233936512	1.23792036130958	-3.53517839127923	-2.49714833359955	-2.5333758577646	2.98354336408576	-2.71817654970359	-3.54459513045459	3.87570715833829	6.05623220411213	-11.907449562407	15.5436171282752
611_ACATCGAGTCCCGGTA	46	19	36093191	SRR19573611	Ruberto2022_1	4	2022	Cambodia_Mondulkiri	10x_Chomium_V3	HiSeq X Ten	infected hepatocyte	BioIVT:BGW	Infected host hepatocytes	Liver stage	Cambodia field isolate	9	MMV390048	1	611_ACATCGAGTCCCGGTA	Hypnozoite	NA	NA	NA	0	0	0	0	0	0	0	0	1	0	48	Hypnozoite	0	Asexual 1	-0.569200469136072	-3.29063802826802	-3.12122322592536	-3.06382310924732	2.80385764196449	2.65857365912055	-11.7541646374692	-2.94528852726764	1.33382997188267	-9.2562562024996	-2.9284524969426	1.32753445566154	-6.35079817397365	-11.1264796845994	-5.80506790618938
611_ACATCGAGTTTCGCTC	30	27	36093191	SRR19573611	Ruberto2022_1	4	2022	Cambodia_Mondulkiri	10x_Chomium_V3	HiSeq X Ten	infected hepatocyte	BioIVT:BGW	Infected host hepatocytes	Liver stage	Cambodia field isolate	9	MMV390048	1	611_ACATCGAGTTTCGCTC	Hypnozoite	NA	NA	NA	0	0	0	0	0	0	0	0	1	0	36	Hypnozoite	0	Asexual 1	-0.110296098470522	-3.34104090798298	-3.01640392813483	-3.36568630275928	2.46037633970314	2.9157262164936	-12.2690984101516	-3.37274614435109	1.17530582491306	-9.77098379145309	-3.35579874854006	1.16889312373913	-9.04561937741362	-13.1152961731943	-5.23546370924958
611_ACCAACAAGATGTTAG	92	68	36093191	SRR19573611	Ruberto2022_1	4	2022	Cambodia_Mondulkiri	10x_Chomium_V3	HiSeq X Ten	infected hepatocyte	BioIVT:BGW	Infected host hepatocytes	Liver stage	Cambodia field isolate	9	MMV390048	1	611_ACCAACAAGATGTTAG	Hypnozoite	NA	NA	NA	0	0	0	0	0	0	0	0	1	0	32	Hypnozoite	0	Asexual 1	-0.526544464707209	-3.27795010674397	-3.21567226919928	-2.81638062534534	2.8279772575193	2.38143566435432	-10.2492538595083	-3.60592842519901	2.28238414188506	-7.75492055001953	-3.58994001381272	2.2763014107566	-4.62836579404291	-7.86967103290245	-3.68673772039621
611_ACCAACAAGGCTCTAT	539	384	36093191	SRR19573611	Ruberto2022_1	4	2022	Cambodia_Mondulkiri	10x_Chomium_V3	HiSeq X Ten	infected hepatocyte	BioIVT:BGW	Infected host hepatocytes	Liver stage	Cambodia field isolate	9	MMV390048	1	611_ACCAACAAGGCTCTAT	Hypnozoite	NA	NA	NA	0	0	0	0	0	0	1	1	0	1	36	Hypnozoite	0	Asexual 1	2.05189024102704	-1.94035750496785	-3.45813705000678	-2.69836414394581	-0.0709122226393882	-2.2828262727871	-2.87833777783	-2.92921548116042	4.12600720667973	-2.81974998543377	-3.68955530665377	4.13826727668986	1.43194810020582	-3.4361424306957	11.23661258772
611_ACCACAACACAAATGA	248	195	36093191	SRR19573611	Ruberto2022_1	4	2022	Cambodia_Mondulkiri	10x_Chomium_V3	HiSeq X Ten	infected hepatocyte	BioIVT:BGW	Infected host hepatocytes	Liver stage	Cambodia field isolate	9	MMV390048	1	611_ACCACAACACAAATGA	Hypnozoite	NA	NA	NA	0	0	0	0	0	0	0	0	0	0	36	Hypnozoite	0	Asexual 1	1.70640848767774	-3.3853591071407	-3.18995191130438	-3.35503733692371	2.67534454420143	-0.19570611232663	-7.30180257785372	-2.34641385828496	2.06928158412486	-5.17473127309878	-2.4147812627066	2.08893284666679	-2.35112132602214	-13.6009613226942	6.29921057076057
611_ACCATTTCACTGCACG	71	41	36093191	SRR19573611	Ruberto2022_1	4	2022	Cambodia_Mondulkiri	10x_Chomium_V3	HiSeq X Ten	infected hepatocyte	BioIVT:BGW	Infected host hepatocytes	Liver stage	Cambodia field isolate	9	MMV390048	1	611_ACCATTTCACTGCACG	Hypnozoite	NA	NA	NA	0	0	0	0	0	0	0	0	1	0	36	Hypnozoite	0	Asexual 1	-0.741347266316248	-3.43709307778279	-3.04763795409003	-3.03051770267688	2.22234113767677	3.20288756674384	-11.6218812246619	-2.32020930885316	1.34649085820014	-9.12151179895555	-2.30255617753029	1.33998188538718	-5.75015674482992	-11.16253495414	-6.08177327201325
611_ACGGTTACACGGAAGT	333	263	36093191	SRR19573611	Ruberto2022_1	4	2022	Cambodia_Mondulkiri	10x_Chomium_V3	HiSeq X Ten	infected hepatocyte	BioIVT:BGW	Infected host hepatocytes	Liver stage	Cambodia field isolate	9	MMV390048	1	611_ACGGTTACACGGAAGT	Hypnozoite	NA	NA	NA	0	0	0	0	0	0	0	0	0	0	36	Hypnozoite	0	Asexual 1	1.20823143613355	-2.61245399582783	-3.54787971052924	-3.77988613186084	1.16748614862495	-0.829160330833443	-5.00287563007988	-2.98844124183173	1.6503940438641	-3.75563865514172	-3.32748737803132	1.77222739638144	0.941383047687591	-12.1504246393733	6.28294929214835
611_ACGTCCTAGAAACCAT	447	331	36093191	SRR19573611	Ruberto2022_1	4	2022	Cambodia_Mondulkiri	10x_Chomium_V3	HiSeq X Ten	infected hepatocyte	BioIVT:BGW	Infected host hepatocytes	Liver stage	Cambodia field isolate	9	MMV390048	1	611_ACGTCCTAGAAACCAT	Hypnozoite	NA	NA	NA	0	0	0	0	0	0	0	0	0	0	24	Hypnozoite	0	Asexual 1	1.90749000203626	-1.92392402756611	-3.73099090132514	-2.79571712551319	2.37133439138465	-0.683049498142251	-4.02208973982551	-3.20635963563993	3.47985456583644	-2.47935620957629	-3.14615379032361	3.90819919922307	-0.856718373557138	-12.2898830515114	5.59419257355855
611_ACTCCCAGTACGGATG	359	299	36093191	SRR19573611	Ruberto2022_1	4	2022	Cambodia_Mondulkiri	10x_Chomium_V3	HiSeq X Ten	infected hepatocyte	BioIVT:BGW	Infected host hepatocytes	Liver stage	Cambodia field isolate	9	MMV390048	1	611_ACTCCCAGTACGGATG	Hypnozoite	NA	NA	NA	0	0	0	0	0	0	0	0	0	0	24	Hypnozoite	0	Asexual 1	1.90515504968183	-1.97005706894795	-3.67380048308173	-3.73608768520557	1.70673842981391	-0.77117189580346	-5.7729558185649	-2.28562742011008	0.929697040180367	-4.11871381043516	-2.50829350542521	1.06254531018534	-0.989599319798972	-12.5797945124377	5.67318396649898
611_ACTCTCGCATGCAGCC	103	78	36093191	SRR19573611	Ruberto2022_1	4	2022	Cambodia_Mondulkiri	10x_Chomium_V3	HiSeq X Ten	infected hepatocyte	BioIVT:BGW	Infected host hepatocytes	Liver stage	Cambodia field isolate	9	MMV390048	1	611_ACTCTCGCATGCAGCC	Hypnozoite	NA	NA	NA	0	0	0	0	0	0	0	0	1	0	42	Hypnozoite	0	Asexual 1	-0.827828301071955	-3.46468478310505	-2.99391151938239	-2.76572096882068	2.14596040800148	3.05563286131476	-10.0807112498011	-1.31796266720174	0.1078750783055	-7.58096685613622	-1.29926209997603	0.101087084489495	-3.71872460066973	-9.98067157769441	-6.07735866520891
611_ACTGTCCAGTTCCAGT	4401	1843	36093191	SRR19573611	Ruberto2022_1	4	2022	Cambodia_Mondulkiri	10x_Chomium_V3	HiSeq X Ten	infected hepatocyte	BioIVT:BGW	Infected host hepatocytes	Liver stage	Cambodia field isolate	9	MMV390048	1	611_ACTGTCCAGTTCCAGT	Hypnozoite	NA	NA	NA	0	1	2	2	2	2	2	2	2	2	36	Hypnozoite	2	Female gametocyte	5.25112949502485	3.67715758215984	-2.78139401945868	-0.801668172456853	-3.90865699693627	-3.22375151330377	13.6127182938468	0.00303473130631382	5.18013330807936	15.1606976380511	-1.42523803707211	5.61272431501585	-1.95114398172622	11.1812401041708	0.278055776782924
611_ACTGTCCGTGGCAACA	460	386	36093191	SRR19573611	Ruberto2022_1	4	2022	Cambodia_Mondulkiri	10x_Chomium_V3	HiSeq X Ten	infected hepatocyte	BioIVT:BGW	Infected host hepatocytes	Liver stage	Cambodia field isolate	9	MMV390048	1	611_ACTGTCCGTGGCAACA	Hypnozoite	NA	NA	NA	0	0	0	0	0	0	1	1	0	1	36	Hypnozoite	0	Asexual 1	2.36566339623945	-1.38927179444233	-3.45319940123358	-4.2080465608617	1.12093062952095	-2.09352454358483	-3.26753039260135	-2.56564885689623	2.32130494862868	-3.37286926892719	-3.34328813300514	2.79050602008509	-1.32351183745299	-13.5270554482017	10.4682093356601
611_ACTTAGGTCACTTTGT	940	640	36093191	SRR19573611	Ruberto2022_1	4	2022	Cambodia_Mondulkiri	10x_Chomium_V3	HiSeq X Ten	infected hepatocyte	BioIVT:BGW	Infected host hepatocytes	Liver stage	Cambodia field isolate	9	MMV390048	1	611_ACTTAGGTCACTTTGT	Hypnozoite	NA	NA	NA	0	1	2	2	2	2	2	2	2	2	36	Hypnozoite	2	Female gametocyte	4.56422077310102	2.79450386893352	-2.4517526772956	-0.880333071329228	-3.36766664430565	-3.11596199685479	1.077471708105	-2.44223690410546	3.54462556660922	2.26688331198497	-3.26997880309356	3.65036159240698	-2.48518347157234	7.55429493600439	4.51746325278568
611_ACTTAGGTCTTTACAC	137	106	36093191	SRR19573611	Ruberto2022_1	4	2022	Cambodia_Mondulkiri	10x_Chomium_V3	HiSeq X Ten	infected hepatocyte	BioIVT:BGW	Infected host hepatocytes	Liver stage	Cambodia field isolate	9	MMV390048	1	611_ACTTAGGTCTTTACAC	Hypnozoite	NA	NA	NA	0	0	0	0	0	0	0	0	0	0	36	Hypnozoite	0	Asexual 1	0.440361784815954	-3.22228485215107	-3.34985209975043	-3.82116830883228	2.50993712499672	1.37125089949226	-9.08448067627089	-2.28811747067979	1.37899102694494	-6.63967765874987	-2.28300342767321	1.37565095122114	-2.04829001349265	-12.6193610168505	1.89380107035088
611_ACTTATCTCCCGTTCA	341	260	36093191	SRR19573611	Ruberto2022_1	4	2022	Cambodia_Mondulkiri	10x_Chomium_V3	HiSeq X Ten	infected hepatocyte	BioIVT:BGW	Infected host hepatocytes	Liver stage	Cambodia field isolate	9	MMV390048	1	611_ACTTATCTCCCGTTCA	Hypnozoite	NA	NA	NA	0	0	0	0	0	0	0	0	0	0	36	Hypnozoite	0	Asexual 1	1.59810696733014	-2.05970698464314	-3.21593643698493	-3.9664489084264	1.0572263772779	-0.829530326665887	-5.69817620239282	-3.02197616376047	3.37686369156613	-4.74971839814015	-3.42888447712923	3.5442757663317	2.47230385970198	-12.9434561129302	5.51184413416803
611_AGAAATGCAGTCGCTG	363	314	36093191	SRR19573611	Ruberto2022_1	4	2022	Cambodia_Mondulkiri	10x_Chomium_V3	HiSeq X Ten	infected hepatocyte	BioIVT:BGW	Infected host hepatocytes	Liver stage	Cambodia field isolate	9	MMV390048	1	611_AGAAATGCAGTCGCTG	Hypnozoite	NA	NA	NA	0	0	0	0	0	0	1	1	0	1	36	Hypnozoite	0	Asexual 1	3.02110611093061	-0.88093727696339	-3.38426519903937	-3.79981673298084	1.29271181181007	-2.97799989396478	-3.52132798603579	-2.63865292355961	2.09387771961055	-3.75798082306367	-3.59478796223259	2.90391965570181	4.20492833260875	-12.1641097238912	13.8044970870007
611_AGAACAAGTGAGATAT	118	112	36093191	SRR19573611	Ruberto2022_1	4	2022	Cambodia_Mondulkiri	10x_Chomium_V3	HiSeq X Ten	infected hepatocyte	BioIVT:BGW	Infected host hepatocytes	Liver stage	Cambodia field isolate	9	MMV390048	1	611_AGAACAAGTGAGATAT	Hypnozoite	NA	NA	NA	0	0	0	0	0	0	0	0	1	0	36	Hypnozoite	0	Asexual 1	-0.443361116528345	-3.23202210534016	-3.14839221510687	-3.43166769085132	2.84809668615394	2.64266207998847	-8.46872006680067	-3.44089211104294	0.874405054500865	-5.99187700151292	-3.42881234150839	0.869271438518385	-2.36550438433668	-6.26055951388542	-5.16064593154803
611_AGACAGGAGCGCTTCG	228	197	36093191	SRR19573611	Ruberto2022_1	4	2022	Cambodia_Mondulkiri	10x_Chomium_V3	HiSeq X Ten	infected hepatocyte	BioIVT:BGW	Infected host hepatocytes	Liver stage	Cambodia field isolate	9	MMV390048	1	611_AGACAGGAGCGCTTCG	Hypnozoite	NA	NA	NA	0	0	0	0	0	0	0	0	0	0	32	Hypnozoite	0	Asexual 1	1.55178331029432	-2.4794638739864	-3.84393693480292	-2.96246779499256	2.57674105718666	-0.705469159425744	-6.20342186403867	-3.84365285948488	2.31851750113355	-4.30074658532451	-3.97972421505343	2.39033537475623	-1.18988547558099	-12.9795775811934	5.888534672161
611_AGAGAATTCGGTCGAC	487	371	36093191	SRR19573611	Ruberto2022_1	4	2022	Cambodia_Mondulkiri	10x_Chomium_V3	HiSeq X Ten	infected hepatocyte	BioIVT:BGW	Infected host hepatocytes	Liver stage	Cambodia field isolate	9	MMV390048	1	611_AGAGAATTCGGTCGAC	Hypnozoite	NA	NA	NA	0	0	0	0	0	0	1	1	0	1	36	Hypnozoite	0	Asexual 1	3.0512221921684	-0.859097777489819	-3.30585147414008	-3.64032614765369	1.4282174880796	-2.87381622010613	-3.80959561143353	-4.27776694538983	3.80115351970057	-4.06153933262686	-5.27290275895462	4.68422555446173	5.09945478484308	-13.9334485076396	14.2746141714287
611_AGAGAATTCTGCGGCA	179	164	36093191	SRR19573611	Ruberto2022_1	4	2022	Cambodia_Mondulkiri	10x_Chomium_V3	HiSeq X Ten	infected hepatocyte	BioIVT:BGW	Infected host hepatocytes	Liver stage	Cambodia field isolate	9	MMV390048	1	611_AGAGAATTCTGCGGCA	Hypnozoite	NA	NA	NA	0	0	0	0	0	0	0	0	1	0	24	Hypnozoite	0	Asexual 1	0.103615449786352	-3.18319326508442	-3.23177482161322	-3.65771925983631	2.50986559942299	1.39217153376197	-8.918874566495	-2.71592931578287	1.19615371378592	-6.48389438154029	-2.71351672690916	1.19356634435906	-1.00367899176654	-12.8770788445448	3.0206666907136
611_AGATGCTAGTTCTCTT	150	142	36093191	SRR19573611	Ruberto2022_1	4	2022	Cambodia_Mondulkiri	10x_Chomium_V3	HiSeq X Ten	infected hepatocyte	BioIVT:BGW	Infected host hepatocytes	Liver stage	Cambodia field isolate	9	MMV390048	1	611_AGATGCTAGTTCTCTT	Hypnozoite	NA	NA	NA	0	0	0	0	0	0	0	0	0	0	36	Hypnozoite	0	Asexual 1	-0.309571040749384	-2.5460343943874	-2.72414065871039	-3.52247083721363	1.15307481840187	1.4647870380268	-7.55129945585085	-3.18397849709738	-0.66309805141928	-5.11102210722286	-3.17371385797945	-0.67022087123327	1.84597156615648	-10.2069953006923	-0.401310430906997
611_AGCTACAAGGACGCAT	102	77	36093191	SRR19573611	Ruberto2022_1	4	2022	Cambodia_Mondulkiri	10x_Chomium_V3	HiSeq X Ten	infected hepatocyte	BioIVT:BGW	Infected host hepatocytes	Liver stage	Cambodia field isolate	9	MMV390048	1	611_AGCTACAAGGACGCAT	Hypnozoite	NA	NA	NA	0	0	0	0	0	0	0	0	1	0	32	Hypnozoite	0	Asexual 1	-0.616900755047632	-3.26942211258809	-3.03340221915045	-3.04437387523853	2.19305975988441	2.92863801306342	-10.7550374462494	-3.38682714457699	0.66172983644325	-8.25514989593278	-3.36953068676783	0.655228271999681	-4.7203763793549	-10.4096770608787	-5.72844707004332
611_AGCTCAAAGCTACAAA	157	122	36093191	SRR19573611	Ruberto2022_1	4	2022	Cambodia_Mondulkiri	10x_Chomium_V3	HiSeq X Ten	infected hepatocyte	BioIVT:BGW	Infected host hepatocytes	Liver stage	Cambodia field isolate	9	MMV390048	1	611_AGCTCAAAGCTACAAA	Hypnozoite	NA	NA	NA	0	0	0	0	0	0	0	0	1	0	24	Hypnozoite	0	Asexual 1	0.165645377755331	-3.04907637703816	-3.14615561041632	-3.05045760212146	1.98151667669349	1.63067653959846	-9.17081011049449	-3.02457379654526	2.0466245123663	-6.71923579074634	-3.01844600688908	2.04309070072981	0.0382966298705024	-9.29748084823894	-1.30005435031406
611_AGCTCAAAGTCCCAAT	942	696	36093191	SRR19573611	Ruberto2022_1	4	2022	Cambodia_Mondulkiri	10x_Chomium_V3	HiSeq X Ten	infected hepatocyte	BioIVT:BGW	Infected host hepatocytes	Liver stage	Cambodia field isolate	9	MMV390048	1	611_AGCTCAAAGTCCCAAT	Hypnozoite	NA	NA	NA	0	3	3	3	4	4	5	5	5	5	36	Hypnozoite	4	Asexual 4	4.44161544930951	2.72446507346233	-2.45558311018744	1.53998362483776	-5.03098790094323	-4.70197889024163	0.666218427133824	-1.46325595064702	2.69154719272571	3.96484720061836	-1.90312403848008	2.94664973505209	-14.3628994358573	21.9482558702405	-4.81600425849642
611_AGCTTCCAGCGGTAAC	239	212	36093191	SRR19573611	Ruberto2022_1	4	2022	Cambodia_Mondulkiri	10x_Chomium_V3	HiSeq X Ten	infected hepatocyte	BioIVT:BGW	Infected host hepatocytes	Liver stage	Cambodia field isolate	9	MMV390048	1	611_AGCTTCCAGCGGTAAC	Hypnozoite	NA	NA	NA	0	0	0	0	0	0	0	0	0	0	48	Hypnozoite	0	Asexual 1	1.26091645848768	-2.59763866532246	-3.66120769057074	-2.93455708561145	2.54110248640113	0.0717991906986152	-6.43264445732736	-2.85132147631973	2.12968165656503	-4.09747817247917	-2.87206573633051	2.14028559527192	-0.88331526652271	-12.4016130212	5.43283926109929
611_AGGCCACGTGCATCTA	84	77	36093191	SRR19573611	Ruberto2022_1	4	2022	Cambodia_Mondulkiri	10x_Chomium_V3	HiSeq X Ten	infected hepatocyte	BioIVT:BGW	Infected host hepatocytes	Liver stage	Cambodia field isolate	9	MMV390048	1	611_AGGCCACGTGCATCTA	Hypnozoite	NA	NA	NA	0	0	0	0	0	0	0	0	1	0	24	Hypnozoite	0	Asexual 1	0.188407139897512	-2.97879606354634	-2.73212577376166	-3.49447048244678	1.74957593038612	1.52644887751197	-9.20177855135691	-4.51007416326356	2.2376675521553	-6.77680827351843	-4.51016831525616	2.23528072587869	-3.03759064578468	-10.4269121438959	-0.494535388833844
611_AGGCTGCGTTACTCAG	35	25	36093191	SRR19573611	Ruberto2022_1	4	2022	Cambodia_Mondulkiri	10x_Chomium_V3	HiSeq X Ten	infected hepatocyte	BioIVT:BGW	Infected host hepatocytes	Liver stage	Cambodia field isolate	9	MMV390048	1	611_AGGCTGCGTTACTCAG	Hypnozoite	NA	NA	NA	0	0	0	0	0	0	0	0	1	0	48	Hypnozoite	0	Asexual 1	-0.0143565292952787	-3.30043130982319	-3.07628895315924	-3.48657525119983	2.61721451833778	2.44604924505805	-11.8754624853337	-3.14581385449769	1.38276090490239	-9.38380855086329	-3.13037123024335	1.37698560256182	-7.81462485872622	-16.7321655546907	-3.52208236524569
611_AGGTAGGTCGCAATGT	601	497	36093191	SRR19573611	Ruberto2022_1	4	2022	Cambodia_Mondulkiri	10x_Chomium_V3	HiSeq X Ten	infected hepatocyte	BioIVT:BGW	Infected host hepatocytes	Liver stage	Cambodia field isolate	9	MMV390048	1	611_AGGTAGGTCGCAATGT	Hypnozoite	NA	NA	NA	0	0	0	0	0	0	1	1	0	1	36	Hypnozoite	0	Asexual 1	3.08508382928388	-0.130442916039623	-2.97070266279975	-4.18684542713367	0.328478502779537	-3.43841954881097	-0.745688504641529	-1.61049591237803	0.861156665344542	-0.879905972470983	-2.59242121820016	1.60479223988878	1.63434350985334	-10.9467004299374	19.8356776574425
611_AGGTCTATCACCCTTG	477	383	36093191	SRR19573611	Ruberto2022_1	4	2022	Cambodia_Mondulkiri	10x_Chomium_V3	HiSeq X Ten	infected hepatocyte	BioIVT:BGW	Infected host hepatocytes	Liver stage	Cambodia field isolate	9	MMV390048	1	611_AGGTCTATCACCCTTG	Hypnozoite	NA	NA	NA	0	0	0	0	0	0	1	1	0	1	36	Hypnozoite	0	Asexual 1	3.15452920091169	-0.466183720711864	-3.25587321791449	-4.24153340397083	0.943202155380779	-2.96177765542413	-3.36569688888397	-2.25560159006941	3.8587691409158	-3.5672205440068	-3.17461834968099	4.56561389785377	2.9554976804673	-12.6135818240077	17.4492952538733
611_AGGTTACCATGTTTGG	88	64	36093191	SRR19573611	Ruberto2022_1	4	2022	Cambodia_Mondulkiri	10x_Chomium_V3	HiSeq X Ten	infected hepatocyte	BioIVT:BGW	Infected host hepatocytes	Liver stage	Cambodia field isolate	9	MMV390048	1	611_AGGTTACCATGTTTGG	Hypnozoite	NA	NA	NA	0	0	0	0	0	0	0	0	1	0	36	Hypnozoite	0	Asexual 1	-0.537382794499231	-3.36480408776204	-3.08751203093329	-2.97899258671009	2.92201431348854	2.99065903013801	-10.6395124543923	-3.81158315171945	-0.314377867101431	-8.14668310157869	-3.79592859354827	-0.320471214386696	-2.42374050217333	-7.33663083789879	-6.63784588312059
611_AGGTTGTGTATGTCCA	30	30	36093191	SRR19573611	Ruberto2022_1	4	2022	Cambodia_Mondulkiri	10x_Chomium_V3	HiSeq X Ten	infected hepatocyte	BioIVT:BGW	Infected host hepatocytes	Liver stage	Cambodia field isolate	9	MMV390048	1	611_AGGTTGTGTATGTCCA	Hypnozoite	NA	NA	NA	0	0	0	0	0	0	0	0	1	0	12	Hypnozoite	0	Asexual 1	-0.513171864628626	-3.06801920998494	-2.97362877402106	-3.12917841015064	1.81220479562812	2.87503245657539	-10.8844472866933	-4.34142171604083	0.845737339820421	-8.38583389216277	-4.32450980717005	0.839420826661963	-5.70413148832299	-12.2234767544202	-5.80086812585443
611_AGTACTGTCTTGGAAC	1478	957	36093191	SRR19573611	Ruberto2022_1	4	2022	Cambodia_Mondulkiri	10x_Chomium_V3	HiSeq X Ten	infected hepatocyte	BioIVT:BGW	Infected host hepatocytes	Liver stage	Cambodia field isolate	9	MMV390048	1	611_AGTACTGTCTTGGAAC	Hypnozoite	NA	NA	NA	0	1	2	2	2	2	2	2	2	2	36	Hypnozoite	2	Female gametocyte	5.14845834863202	3.54035443198284	-2.77760292563239	-0.703025525190465	-3.71610276147789	-3.25491592103387	5.78077372566939	-3.09602537008384	3.67763500876555	7.07403066977569	-4.03345267011606	3.78669228746137	-2.75027085076749	8.23145397602633	4.12009777424714
611_AGTAGTCAGACCATAA	63	41	36093191	SRR19573611	Ruberto2022_1	4	2022	Cambodia_Mondulkiri	10x_Chomium_V3	HiSeq X Ten	infected hepatocyte	BioIVT:BGW	Infected host hepatocytes	Liver stage	Cambodia field isolate	9	MMV390048	1	611_AGTAGTCAGACCATAA	Hypnozoite	NA	NA	NA	0	0	0	0	0	0	0	0	1	0	36	Hypnozoite	0	Asexual 1	-0.668762100815607	-3.32951265442768	-3.10704781088629	-3.10827482280933	1.53504629686409	4.33665064161872	-11.6801863000753	-3.06397544492738	1.06963658029256	-9.17846998032211	-3.04615046692589	1.06292999734917	-5.58987921985198	-9.96835011862485	-6.72147120133379
611_AGTCAACAGCATCAAA	105	86	36093191	SRR19573611	Ruberto2022_1	4	2022	Cambodia_Mondulkiri	10x_Chomium_V3	HiSeq X Ten	infected hepatocyte	BioIVT:BGW	Infected host hepatocytes	Liver stage	Cambodia field isolate	9	MMV390048	1	611_AGTCAACAGCATCAAA	Hypnozoite	NA	NA	NA	0	0	0	0	0	0	0	0	1	0	36	Hypnozoite	0	Asexual 1	-0.330711854576899	-2.99965888131062	-3.17044641051093	-2.65607035694324	2.43287904813819	2.12214043921088	-9.35480380677014	-3.22922408594291	1.05318629282885	-6.85963142988514	-3.21273596682523	1.04691258872599	-3.99277126784801	-8.51929567631846	-2.0152325026467
611_AGTCATGAGTGTAGTA	171	140	36093191	SRR19573611	Ruberto2022_1	4	2022	Cambodia_Mondulkiri	10x_Chomium_V3	HiSeq X Ten	infected hepatocyte	BioIVT:BGW	Infected host hepatocytes	Liver stage	Cambodia field isolate	9	MMV390048	1	611_AGTCATGAGTGTAGTA	Hypnozoite	NA	NA	NA	0	0	0	0	0	0	0	0	6	6	32	Hypnozoite	0	Asexual 1	-0.368477417111231	-2.5681520091335	-2.48345567259589	-4.17861331043445	-0.0221508902317945	1.60401705092048	-9.69254652562717	-2.04730708495338	2.88605083107257	-7.470970999425	-2.10078387161732	2.88969371654386	1.18980931962474	-8.57314522481517	1.59753326879356
611_AGTGATCCATAACGGG	188	157	36093191	SRR19573611	Ruberto2022_1	4	2022	Cambodia_Mondulkiri	10x_Chomium_V3	HiSeq X Ten	infected hepatocyte	BioIVT:BGW	Infected host hepatocytes	Liver stage	Cambodia field isolate	9	MMV390048	1	611_AGTGATCCATAACGGG	Hypnozoite	NA	NA	NA	0	0	0	0	0	0	0	0	0	0	36	Hypnozoite	0	Asexual 1	1.17272864472883	-3.04286676514546	-2.91582395109931	-3.56977046070301	2.13785703733497	0.0552464444026863	-8.039315697873	-3.05480858797884	1.41962816447505	-5.85768934890505	-3.11428713182305	1.43687097861897	-0.229213535865856	-13.0806140138355	4.5947799324231
611_AGTTCCCCATGACACT	454	344	36093191	SRR19573611	Ruberto2022_1	4	2022	Cambodia_Mondulkiri	10x_Chomium_V3	HiSeq X Ten	infected hepatocyte	BioIVT:BGW	Infected host hepatocytes	Liver stage	Cambodia field isolate	9	MMV390048	1	611_AGTTCCCCATGACACT	Hypnozoite	NA	NA	NA	0	0	0	0	0	0	1	1	0	1	32	Hypnozoite	0	Asexual 1	3.12308131349103	-1.41036707032124	-3.11358620199957	-3.643971090891	1.6765142257505	-2.40669700318719	-4.905478347304	-3.3717115982895	3.38859861241735	-5.19359339912139	-4.32951462748246	4.21518150004737	4.23148280763373	-15.6146433191613	13.4099039651215
611_ATACTTCTCAAGAGGC	438	343	36093191	SRR19573611	Ruberto2022_1	4	2022	Cambodia_Mondulkiri	10x_Chomium_V3	HiSeq X Ten	infected hepatocyte	BioIVT:BGW	Infected host hepatocytes	Liver stage	Cambodia field isolate	9	MMV390048	1	611_ATACTTCTCAAGAGGC	Hypnozoite	NA	NA	NA	0	0	0	0	0	0	1	1	0	1	24	Hypnozoite	0	Asexual 1	1.6841956247093	-2.20778232682148	-3.48765398535529	-2.8073753171941	0.14248544230991	-1.89172562772179	-4.38366415368063	-2.84066824489875	3.67083697864984	-4.18961781308695	-3.54078960977691	3.75370286062185	1.24265579925682	-4.14239844084871	9.01258160779225
611_ATAGGCTGTATCGATC	253	216	36093191	SRR19573611	Ruberto2022_1	4	2022	Cambodia_Mondulkiri	10x_Chomium_V3	HiSeq X Ten	infected hepatocyte	BioIVT:BGW	Infected host hepatocytes	Liver stage	Cambodia field isolate	9	MMV390048	1	611_ATAGGCTGTATCGATC	Hypnozoite	NA	NA	NA	0	0	0	0	0	0	0	0	0	0	36	Hypnozoite	0	Asexual 1	1.16008089673536	-1.94030600655476	-1.82804895911017	-3.95036376056873	1.16880269601875	-0.426651598901995	-6.25994531319088	-2.53985092889961	2.0642372758237	-4.70603938034348	-2.77402591827001	2.15935900581631	2.13957032602605	-12.5968903636002	4.39647172892903
611_ATCACAGTCTACGGGC	89	64	36093191	SRR19573611	Ruberto2022_1	4	2022	Cambodia_Mondulkiri	10x_Chomium_V3	HiSeq X Ten	infected hepatocyte	BioIVT:BGW	Infected host hepatocytes	Liver stage	Cambodia field isolate	9	MMV390048	1	611_ATCACAGTCTACGGGC	Hypnozoite	NA	NA	NA	0	0	0	0	0	0	0	0	1	0	36	Hypnozoite	0	Asexual 1	-0.12231400418265	-3.36703377831379	-3.32038642439643	-2.82668054638111	2.79603083684974	2.02219346350288	-10.5953221245767	-2.97480344479889	1.70160323135852	-8.10670815610318	-2.96022000607683	1.69596125363337	-3.32553257258558	-10.2160098287456	-4.11374212969983
611_ATCCCTGTCTGAGAGG	386	313	36093191	SRR19573611	Ruberto2022_1	4	2022	Cambodia_Mondulkiri	10x_Chomium_V3	HiSeq X Ten	infected hepatocyte	BioIVT:BGW	Infected host hepatocytes	Liver stage	Cambodia field isolate	9	MMV390048	1	611_ATCCCTGTCTGAGAGG	Hypnozoite	NA	NA	NA	0	0	0	0	0	0	0	0	0	0	24	Hypnozoite	0	Asexual 1	1.79607545030134	-2.15989547837178	-3.777741923664	-2.75513661442005	2.29305847242408	-1.14507314378167	-3.66023545474262	-3.80036728379453	3.17187281021629	-1.98131605528267	-4.02205812267948	3.3088418598804	-1.09859979499163	-12.5332291675019	5.75431011003131
611_ATCCTATGTGCACGCT	464	357	36093191	SRR19573611	Ruberto2022_1	4	2022	Cambodia_Mondulkiri	10x_Chomium_V3	HiSeq X Ten	infected hepatocyte	BioIVT:BGW	Infected host hepatocytes	Liver stage	Cambodia field isolate	9	MMV390048	1	611_ATCCTATGTGCACGCT	Hypnozoite	NA	NA	NA	0	0	0	0	0	0	0	0	0	0	24	Hypnozoite	0	Asexual 1	1.9167269338371	-1.99231392014424	-3.79915668043891	-2.47131336269581	2.49019010618263	-0.601675776781091	-2.94784320238924	-3.3765062564456	2.54340039652892	-3.41146795395159	-3.97623249201589	3.08784497905113	-0.944574447993293	-12.3447692269328	5.77114691347959
611_ATCGATGGTATGATCC	493	411	36093191	SRR19573611	Ruberto2022_1	4	2022	Cambodia_Mondulkiri	10x_Chomium_V3	HiSeq X Ten	infected hepatocyte	BioIVT:BGW	Infected host hepatocytes	Liver stage	Cambodia field isolate	9	MMV390048	1	611_ATCGATGGTATGATCC	Hypnozoite	NA	NA	NA	0	3	3	3	4	4	5	5	5	5	36	Hypnozoite	4	Asexual 4	-3.32268465864642	-1.45382529366413	-1.99758912596503	1.8943042701701	-5.30278078958458	-4.68851300889397	-0.480435532412215	-2.59948962090181	1.41034697599873	2.64823425146036	-2.99282396118234	1.59042532738011	-14.8315729789709	21.7001289226495	-3.89122781907636
611_ATCGGATAGGTACCTT	146	119	36093191	SRR19573611	Ruberto2022_1	4	2022	Cambodia_Mondulkiri	10x_Chomium_V3	HiSeq X Ten	infected hepatocyte	BioIVT:BGW	Infected host hepatocytes	Liver stage	Cambodia field isolate	9	MMV390048	1	611_ATCGGATAGGTACCTT	Hypnozoite	NA	NA	NA	0	0	0	0	0	0	0	0	6	0	6	Hypnozoite	0	Asexual 1	0.134697305083441	-2.49431019890705	-2.92649675879279	-3.83289206562244	1.54636319234901	0.488204630075446	-8.3314741051555	-2.89451035127443	1.63433402006567	-6.03820835050559	-2.92641008044075	1.64246980572445	-0.456036130744239	-11.076113696026	2.7928498424823
611_ATCGTAGCAAAGGGCT	45	30	36093191	SRR19573611	Ruberto2022_1	4	2022	Cambodia_Mondulkiri	10x_Chomium_V3	HiSeq X Ten	infected hepatocyte	BioIVT:BGW	Infected host hepatocytes	Liver stage	Cambodia field isolate	9	MMV390048	1	611_ATCGTAGCAAAGGGCT	Hypnozoite	NA	NA	NA	0	0	0	0	0	0	0	0	1	0	36	Hypnozoite	0	Asexual 1	-0.956645382523371	-3.32566934693257	-3.11611939940253	-3.08485973415577	2.17360647275978	3.07881549185371	-11.4468935968217	-3.02086133951035	1.67542926145166	-8.94413562672504	-3.00272063839558	1.66858258911372	-8.17733875556217	-11.5071598921346	-7.00329119350181
611_ATCTTCATCAGTGTGT	543	451	36093191	SRR19573611	Ruberto2022_1	4	2022	Cambodia_Mondulkiri	10x_Chomium_V3	HiSeq X Ten	infected hepatocyte	BioIVT:BGW	Infected host hepatocytes	Liver stage	Cambodia field isolate	9	MMV390048	1	611_ATCTTCATCAGTGTGT	Hypnozoite	NA	NA	NA	0	0	0	0	0	0	1	1	0	1	36	Hypnozoite	0	Asexual 1	3.03902374398725	-0.642400680665173	-3.34509588751593	-3.42561615047657	0.436579125671917	-2.52624389344598	-2.77396184616029	-2.229613741782	1.84635043196526	-2.80513055922487	-3.08055528323848	2.22170114909713	2.34864831442016	-10.4071003324478	12.0082207890989
611_ATGAGTCAGAAGCTCG	419	323	36093191	SRR19573611	Ruberto2022_1	4	2022	Cambodia_Mondulkiri	10x_Chomium_V3	HiSeq X Ten	infected hepatocyte	BioIVT:BGW	Infected host hepatocytes	Liver stage	Cambodia field isolate	9	MMV390048	1	611_ATGAGTCAGAAGCTCG	Hypnozoite	NA	NA	NA	0	0	0	0	0	0	0	1	0	0	36	Hypnozoite	0	Asexual 1	1.84526609075086	-2.12133914101521	-3.71420766386786	-3.09759772358143	2.0537331874662	-1.9908865373745	-4.95682829416981	-2.86523206663885	3.41454355585127	-4.34303694398492	-3.42983320022862	3.85408152932865	5.74359947253246	-3.09626831557182	1.68477583425189
611_ATGCGATTCCCGTGTT	473	383	36093191	SRR19573611	Ruberto2022_1	4	2022	Cambodia_Mondulkiri	10x_Chomium_V3	HiSeq X Ten	infected hepatocyte	BioIVT:BGW	Infected host hepatocytes	Liver stage	Cambodia field isolate	9	MMV390048	1	611_ATGCGATTCCCGTGTT	Hypnozoite	NA	NA	NA	0	0	0	0	0	0	1	1	0	1	36	Hypnozoite	0	Asexual 1	3.11600147378461	-0.640153943185009	-3.34316231283942	-3.72075832424366	1.59148116663032	-3.32248374635125	-2.20067021559675	-3.39267192934367	4.18272321763473	-2.50486686851876	-4.40476407812807	5.08945870246392	5.69847184830257	-11.8007181817753	14.2037360665729
611_ATGGAGGCATTGGATC	210	161	36093191	SRR19573611	Ruberto2022_1	4	2022	Cambodia_Mondulkiri	10x_Chomium_V3	HiSeq X Ten	infected hepatocyte	BioIVT:BGW	Infected host hepatocytes	Liver stage	Cambodia field isolate	9	MMV390048	1	611_ATGGAGGCATTGGATC	Hypnozoite	NA	NA	NA	0	0	0	0	0	0	0	0	0	0	32	Hypnozoite	0	Asexual 1	1.63085828912275	-2.28526669609944	-3.73121549162665	-2.78234065113269	2.33321102216774	-0.374293645860204	-6.78899736419319	-3.59946355777637	2.86644583007077	-4.44301235074572	-3.61660148908745	2.87402633688092	-1.13692498773049	-12.4518952655317	5.59479323152203
611_ATGGATCGTTGTGTAC	62	52	36093191	SRR19573611	Ruberto2022_1	4	2022	Cambodia_Mondulkiri	10x_Chomium_V3	HiSeq X Ten	infected hepatocyte	BioIVT:BGW	Infected host hepatocytes	Liver stage	Cambodia field isolate	9	MMV390048	1	611_ATGGATCGTTGTGTAC	Hypnozoite	NA	NA	NA	0	0	0	0	0	0	0	0	1	0	36	Hypnozoite	0	Asexual 1	-0.43686698186381	-2.59287839997212	-3.39178229841986	-2.50255358753406	2.22340567663246	2.63711980169868	-10.3562001363359	-2.79371935812399	1.49644583684206	-7.85657646984227	-2.77548746400684	1.48959808039263	-13.1449814273678	-3.54528838660257	-1.85564604513274
611_ATGGGTTGTGTTTACG	88	75	36093191	SRR19573611	Ruberto2022_1	4	2022	Cambodia_Mondulkiri	10x_Chomium_V3	HiSeq X Ten	infected hepatocyte	BioIVT:BGW	Infected host hepatocytes	Liver stage	Cambodia field isolate	9	MMV390048	1	611_ATGGGTTGTGTTTACG	Hypnozoite	NA	NA	NA	0	0	0	0	0	0	0	0	1	0	24	Hypnozoite	0	Asexual 1	-0.175882710099054	-2.93270259964863	-2.7324390557746	-3.26404345569812	1.53237803533607	1.8086865264759	-9.69375140183051	-4.36155845845882	1.3260538482314	-7.22680668886848	-4.35216748267471	1.32159487789018	-2.91598592174462	-10.3911676518818	-0.552629014884661
611_ATTCACTTCTCAACCC	43	18	36093191	SRR19573611	Ruberto2022_1	4	2022	Cambodia_Mondulkiri	10x_Chomium_V3	HiSeq X Ten	infected hepatocyte	BioIVT:BGW	Infected host hepatocytes	Liver stage	Cambodia field isolate	9	MMV390048	1	611_ATTCACTTCTCAACCC	Hypnozoite	NA	NA	NA	0	0	0	0	0	0	0	0	1	0	6	Hypnozoite	0	Asexual 1	-0.485913647293879	-3.26201087105671	-2.83586432013312	-3.27803338108265	1.7178686435514	3.3229585010395	-12.6306627957048	-3.5825995369581	1.39316697800882	-10.1317757110383	-3.56551899375482	1.38677606471124	-8.87117325741719	-15.5534234211061	-7.37135430878846
611_ATTCAGGGTTAGGACG	279	217	36093191	SRR19573611	Ruberto2022_1	4	2022	Cambodia_Mondulkiri	10x_Chomium_V3	HiSeq X Ten	infected hepatocyte	BioIVT:BGW	Infected host hepatocytes	Liver stage	Cambodia field isolate	9	MMV390048	1	611_ATTCAGGGTTAGGACG	Hypnozoite	NA	NA	NA	0	0	0	0	0	0	0	0	0	0	12	Hypnozoite	0	Asexual 1	1.30665742051618	-2.91251593697468	-3.68871261153021	-3.3712066465398	2.22058208540016	-0.609574524702081	-6.40102405521568	-2.81083479000606	2.68708847920368	-4.50949167273582	-2.94658245705105	2.74303488304981	-1.43103759708525	-13.1046539391878	6.12870027050518
611_ATTCCCGAGATGTTCC	33	32	36093191	SRR19573611	Ruberto2022_1	4	2022	Cambodia_Mondulkiri	10x_Chomium_V3	HiSeq X Ten	infected hepatocyte	BioIVT:BGW	Infected host hepatocytes	Liver stage	Cambodia field isolate	9	MMV390048	1	611_ATTCCCGAGATGTTCC	Hypnozoite	NA	NA	NA	0	0	0	0	0	0	0	0	1	0	48	Hypnozoite	0	Asexual 1	-0.534277928948237	-3.07224947083393	-3.21537853750983	-3.0187474542638	2.37394769743019	3.21130922621345	-11.962901898861	-2.92701242766884	1.46028791536069	-9.45915692226714	-2.90862552604622	1.4533519609949	-6.16409878974917	-9.6198580973456	-7.58313726535799
611_ATTCTTGCAACACAAA	385	319	36093191	SRR19573611	Ruberto2022_1	4	2022	Cambodia_Mondulkiri	10x_Chomium_V3	HiSeq X Ten	infected hepatocyte	BioIVT:BGW	Infected host hepatocytes	Liver stage	Cambodia field isolate	9	MMV390048	1	611_ATTCTTGCAACACAAA	Hypnozoite	NA	NA	NA	0	0	0	0	0	0	1	1	0	1	36	Hypnozoite	0	Asexual 1	2.28666173112409	-2.05058270562092	-3.50302530798712	-3.65717685756885	1.91653819635444	-1.86523040944482	-5.6723942163788	-4.22333226232114	2.42452479932035	-5.41565556159131	-4.88584645261331	2.87625721760448	2.10935545244154	-15.8313679950958	10.2192641078478
611_ATTGGGTAGCCATCCG	458	375	36093191	SRR19573611	Ruberto2022_1	4	2022	Cambodia_Mondulkiri	10x_Chomium_V3	HiSeq X Ten	infected hepatocyte	BioIVT:BGW	Infected host hepatocytes	Liver stage	Cambodia field isolate	9	MMV390048	1	611_ATTGGGTAGCCATCCG	Hypnozoite	NA	NA	NA	0	0	0	0	0	0	1	1	0	1	12	Hypnozoite	0	Asexual 1	2.85977445733564	-1.14895230400959	-3.34998728308478	-3.99495375690662	1.60598106935554	-2.54251596146966	-5.42826892283729	-2.77641762077964	1.75935956543788	-5.67126581768535	-3.69548148403408	2.51292531194177	2.90929688469157	-14.4816288929764	15.0584324303556
611_ATTGTTCCATACACCA	138	124	36093191	SRR19573611	Ruberto2022_1	4	2022	Cambodia_Mondulkiri	10x_Chomium_V3	HiSeq X Ten	infected hepatocyte	BioIVT:BGW	Infected host hepatocytes	Liver stage	Cambodia field isolate	9	MMV390048	1	611_ATTGTTCCATACACCA	Hypnozoite	NA	NA	NA	0	0	0	0	0	0	0	0	0	0	6	Hypnozoite	0	Asexual 1	0.138496996879743	-3.01820498574177	-2.44521309408942	-3.69005930957996	1.33089013650947	1.4006225187168	-8.82768026047265	-3.25879971061126	1.04449607615498	-6.45502863634416	-3.27185995051138	1.04473362723334	3.52792988208861	-11.3849672099348	-1.08324401542598
611_ATTTCACCATTAAGCC	445	359	36093191	SRR19573611	Ruberto2022_1	4	2022	Cambodia_Mondulkiri	10x_Chomium_V3	HiSeq X Ten	infected hepatocyte	BioIVT:BGW	Infected host hepatocytes	Liver stage	Cambodia field isolate	9	MMV390048	1	611_ATTTCACCATTAAGCC	Hypnozoite	NA	NA	NA	0	0	0	0	0	0	1	1	0	1	36	Hypnozoite	0	Asexual 1	2.95383845460431	-0.798732577447094	-3.4067554620246	-3.64073622760975	1.02748020246559	-2.70074674302483	-3.22481392883115	-2.47623777497647	2.99223335271796	-3.40597028347351	-3.39854622754811	3.6778715752066	4.12171729655526	-10.3746519598045	11.9029389098302
611_ATTTCTGAGGAAGAAC	490	372	36093191	SRR19573611	Ruberto2022_1	4	2022	Cambodia_Mondulkiri	10x_Chomium_V3	HiSeq X Ten	infected hepatocyte	BioIVT:BGW	Infected host hepatocytes	Liver stage	Cambodia field isolate	9	MMV390048	1	611_ATTTCTGAGGAAGAAC	Hypnozoite	NA	NA	NA	0	0	0	0	0	0	1	1	0	1	36	Hypnozoite	0	Asexual 1	2.95771275651472	-0.837274609688915	-3.34164382490912	-3.99325860080921	1.3048705632978	-2.71025773698235	-2.73724762220669	-3.64678731339339	4.33772770309585	-2.94203591704079	-4.55317100570445	5.04156400781982	2.8348886066869	-13.1646073518877	14.8578231398736
611_CAAAGAAGTGGTAACG	1094	760	36093191	SRR19573611	Ruberto2022_1	4	2022	Cambodia_Mondulkiri	10x_Chomium_V3	HiSeq X Ten	infected hepatocyte	BioIVT:BGW	Infected host hepatocytes	Liver stage	Cambodia field isolate	9	MMV390048	1	611_CAAAGAAGTGGTAACG	Hypnozoite	NA	NA	NA	0	1	2	2	2	2	2	2	2	2	36	Hypnozoite	2	Female gametocyte	4.75558649194257	3.17384642493328	-2.57999898466864	-0.632486646749608	-4.06574503824181	-3.09128758126641	4.14869768861226	-2.67199644545072	2.44459484852634	6.09015604487999	-3.87616094131615	2.57953921679592	-2.63807372819817	7.94443958346058	3.91932849336079
611_CAACCTCAGGTTTACC	729	541	36093191	SRR19573611	Ruberto2022_1	4	2022	Cambodia_Mondulkiri	10x_Chomium_V3	HiSeq X Ten	infected hepatocyte	BioIVT:BGW	Infected host hepatocytes	Liver stage	Cambodia field isolate	9	MMV390048	1	611_CAACCTCAGGTTTACC	Hypnozoite	NA	NA	NA	0	0	0	0	0	0	1	1	0	1	32	Hypnozoite	0	Asexual 1	3.26740537774579	-0.119607924107708	-3.17123819861212	-3.49060214100086	-0.133768764585919	-3.37691780740167	-1.48826329942003	-2.39086446568422	2.4602496777583	-1.4221033195354	-3.291957813071	2.83681673850882	0.563233163888894	-4.27723235752707	17.824423743526
611_CAACGATGTACCTAAC	349	292	36093191	SRR19573611	Ruberto2022_1	4	2022	Cambodia_Mondulkiri	10x_Chomium_V3	HiSeq X Ten	infected hepatocyte	BioIVT:BGW	Infected host hepatocytes	Liver stage	Cambodia field isolate	9	MMV390048	1	611_CAACGATGTACCTAAC	Hypnozoite	NA	NA	NA	0	0	0	0	0	0	1	1	0	1	12	Hypnozoite	0	Asexual 1	2.74229251039045	-1.33896654713551	-2.65682651076117	-2.82904160556995	-0.111399171204037	-2.07502981835748	-4.37690747758248	-2.42999075364467	1.40193027353612	-4.31580722310183	-3.19436812304211	1.41282456865939	-0.628334698214489	-3.16855344913963	12.3038215494669
611_CAAGAGGGTAAGGCCA	123	82	36093191	SRR19573611	Ruberto2022_1	4	2022	Cambodia_Mondulkiri	10x_Chomium_V3	HiSeq X Ten	infected hepatocyte	BioIVT:BGW	Infected host hepatocytes	Liver stage	Cambodia field isolate	9	MMV390048	1	611_CAAGAGGGTAAGGCCA	Hypnozoite	NA	NA	NA	0	0	0	0	0	0	0	0	1	0	48	Hypnozoite	0	Asexual 1	-0.565438700795008	-3.117266474847	-3.07377554449835	-3.61612952289783	2.47084959104591	2.59399774855231	-11.3831766696516	-2.44066561200511	0.932319196935023	-8.88690141841425	-2.42405727993459	0.926128194029321	-5.82155590600432	-10.649845328647	-2.60583341135549
611_CAAGAGGTCCAACCAA	168	153	36093191	SRR19573611	Ruberto2022_1	4	2022	Cambodia_Mondulkiri	10x_Chomium_V3	HiSeq X Ten	infected hepatocyte	BioIVT:BGW	Infected host hepatocytes	Liver stage	Cambodia field isolate	9	MMV390048	1	611_CAAGAGGTCCAACCAA	Hypnozoite	NA	NA	NA	0	0	0	0	0	0	0	0	1	0	24	Hypnozoite	0	Asexual 1	0.113567234993147	-3.12968760598103	-3.29020287070075	-3.29490912494861	2.24766834333473	1.65655568426704	-8.41296935153148	-4.10314097615128	1.71463960225705	-5.94767298859191	-4.09348316200954	1.71016717465994	-3.49413653723135	-11.5642254887149	3.20645613236321
611_CAATCGATCATTGCTT	290	262	36093191	SRR19573611	Ruberto2022_1	4	2022	Cambodia_Mondulkiri	10x_Chomium_V3	HiSeq X Ten	infected hepatocyte	BioIVT:BGW	Infected host hepatocytes	Liver stage	Cambodia field isolate	9	MMV390048	1	611_CAATCGATCATTGCTT	Hypnozoite	NA	NA	NA	0	0	0	0	0	0	1	1	0	1	36	Hypnozoite	0	Asexual 1	0.370686279654669	-2.30363780129353	-2.73363663229743	-2.50147998867237	-0.0208684311068718	-1.64358338529015	-4.50797895113251	-1.43770885743229	2.24204330248674	-4.40013877131646	-2.16988894006198	2.20007697405776	-1.25986838742017	-2.50786325428587	9.14087513015647
611_CACTGGGAGTCTGCGC	616	495	36093191	SRR19573611	Ruberto2022_1	4	2022	Cambodia_Mondulkiri	10x_Chomium_V3	HiSeq X Ten	infected hepatocyte	BioIVT:BGW	Infected host hepatocytes	Liver stage	Cambodia field isolate	9	MMV390048	1	611_CACTGGGAGTCTGCGC	Hypnozoite	NA	NA	NA	0	3	3	3	4	4	5	5	5	5	36	Hypnozoite	4	Asexual 4	4.35114847314374	2.5571412457188	-2.50547791991034	1.58107566299237	-5.23945967599816	-4.75642463380242	2.17746255454757	-2.02519244737627	2.80761997188163	5.57870468513088	-2.49305369902281	3.10793292468224	-14.2271767374532	22.0592195550151	-5.08256517744211
611_CAGATACGTTCCTACC	34	30	36093191	SRR19573611	Ruberto2022_1	4	2022	Cambodia_Mondulkiri	10x_Chomium_V3	HiSeq X Ten	infected hepatocyte	BioIVT:BGW	Infected host hepatocytes	Liver stage	Cambodia field isolate	9	MMV390048	1	611_CAGATACGTTCCTACC	Hypnozoite	NA	NA	NA	0	0	0	0	0	0	0	0	1	0	32	Hypnozoite	0	Asexual 1	-0.59234411823733	-2.77897411454121	-3.01389123472968	-2.74247563419544	1.58944066122108	3.48557141607856	-10.5508704150914	-2.64887239876684	1.00041344787645	-8.0480228708413	-2.63032187056371	0.993360692331159	-4.84780021631964	-10.4761502039267	-3.14524231047508
611_CAGCACGTCACCTGGG	322	260	36093191	SRR19573611	Ruberto2022_1	4	2022	Cambodia_Mondulkiri	10x_Chomium_V3	HiSeq X Ten	infected hepatocyte	BioIVT:BGW	Infected host hepatocytes	Liver stage	Cambodia field isolate	9	MMV390048	1	611_CAGCACGTCACCTGGG	Hypnozoite	NA	NA	NA	0	0	0	0	0	0	0	0	0	0	36	Hypnozoite	0	Asexual 1	1.20263014924543	-3.21545725930134	-2.92756868872443	-3.52439082203113	1.23553963258796	-0.71915197187806	-5.88815321491263	-3.14053828811879	2.82472386665643	-4.49051237176532	-3.42088352425621	2.88070338641737	0.0732087314978613	-12.7136203813558	7.45165005619214
611_CAGCCAGGTTTCTATC	89	66	36093191	SRR19573611	Ruberto2022_1	4	2022	Cambodia_Mondulkiri	10x_Chomium_V3	HiSeq X Ten	infected hepatocyte	BioIVT:BGW	Infected host hepatocytes	Liver stage	Cambodia field isolate	9	MMV390048	1	611_CAGCCAGGTTTCTATC	Hypnozoite	NA	NA	NA	0	0	0	0	0	0	0	0	1	0	48	Hypnozoite	0	Asexual 1	-0.559623254418207	-3.12406068909565	-3.35812617811957	-1.35848987636768	2.50611837461525	1.87003520315742	-11.1508748045939	-2.66737052103935	1.87888576420639	-8.64462899112088	-2.64795885676295	1.87157061924233	-7.54674049229376	-7.59897854461151	-4.13969656390834
611_CAGTTAGGTACGACTT	1002	735	36093191	SRR19573611	Ruberto2022_1	4	2022	Cambodia_Mondulkiri	10x_Chomium_V3	HiSeq X Ten	infected hepatocyte	BioIVT:BGW	Infected host hepatocytes	Liver stage	Cambodia field isolate	9	MMV390048	1	611_CAGTTAGGTACGACTT	Hypnozoite	NA	NA	NA	0	1	2	2	2	2	2	2	2	2	36	Hypnozoite	2	Female gametocyte	4.63056074273603	3.29939788710674	-2.50835181746283	-0.742274528123967	-4.17428318902916	-2.89837619477654	4.41865615274827	-3.54838299352627	4.61510939645234	6.35605219103627	-4.77172846562973	4.75624171109391	-2.53412676437985	7.98968800056191	3.88214590723883
611_CATACAGCACGCAAAG	144	106	36093191	SRR19573611	Ruberto2022_1	4	2022	Cambodia_Mondulkiri	10x_Chomium_V3	HiSeq X Ten	infected hepatocyte	BioIVT:BGW	Infected host hepatocytes	Liver stage	Cambodia field isolate	9	MMV390048	1	611_CATACAGCACGCAAAG	Hypnozoite	NA	NA	NA	0	0	0	0	0	0	0	0	1	0	36	Hypnozoite	0	Asexual 1	0.145840959668325	-2.97530537712971	-3.02505733046332	-3.41516483364307	2.16382892683082	1.35193005388831	-9.50306021917509	-2.34171723444331	1.78077572014064	-7.05348238206011	-2.33582571883326	1.7772984404391	-2.18966860655775	-11.3670414867756	1.34272952283167
611_CATACAGTCCAAGGGA	486	370	36093191	SRR19573611	Ruberto2022_1	4	2022	Cambodia_Mondulkiri	10x_Chomium_V3	HiSeq X Ten	infected hepatocyte	BioIVT:BGW	Infected host hepatocytes	Liver stage	Cambodia field isolate	9	MMV390048	1	611_CATACAGTCCAAGGGA	Hypnozoite	NA	NA	NA	0	0	0	0	0	0	1	1	0	1	36	Hypnozoite	0	Asexual 1	3.20771657121198	-0.359386263970531	-3.27326919112006	-4.07511008320057	1.00276656702095	-3.13495418244744	-2.89781870246189	-2.36081488790481	2.6658523089824	-3.08779845355794	-3.37404203436316	3.55747211970442	4.17226001895597	-11.3122430655453	16.3972636497345
611_CATGGTAAGATGTAGT	685	506	36093191	SRR19573611	Ruberto2022_1	4	2022	Cambodia_Mondulkiri	10x_Chomium_V3	HiSeq X Ten	infected hepatocyte	BioIVT:BGW	Infected host hepatocytes	Liver stage	Cambodia field isolate	9	MMV390048	1	611_CATGGTAAGATGTAGT	Hypnozoite	NA	NA	NA	0	0	0	0	0	0	1	1	0	1	36	Hypnozoite	0	Asexual 1	3.26928793084638	-0.258426366929211	-3.25350238356391	-3.78903830585682	1.18787236764961	-3.67085549050713	-2.56030071428009	-3.27560598576731	3.52035285234137	-2.80816778579968	-4.30400187404632	4.43928362560062	5.89506146700151	-11.3518824587151	15.6854415206505
611_CATTCATTCTCTCGCA	478	400	36093191	SRR19573611	Ruberto2022_1	4	2022	Cambodia_Mondulkiri	10x_Chomium_V3	HiSeq X Ten	infected hepatocyte	BioIVT:BGW	Infected host hepatocytes	Liver stage	Cambodia field isolate	9	MMV390048	1	611_CATTCATTCTCTCGCA	Hypnozoite	NA	NA	NA	0	0	0	0	0	0	1	1	0	1	36	Hypnozoite	0	Asexual 1	2.91867743623273	-0.817981897477306	-3.34625817808905	-4.09853518543445	1.19842310503059	-2.84175035172845	-3.48343384809082	-3.13830775981226	2.79888839230098	-3.6938369312846	-4.09524167098123	3.60074434234392	3.21127596977201	-12.622553100974	16.7697917320412
611_CATTGCCTCACTCACC	222	177	36093191	SRR19573611	Ruberto2022_1	4	2022	Cambodia_Mondulkiri	10x_Chomium_V3	HiSeq X Ten	infected hepatocyte	BioIVT:BGW	Infected host hepatocytes	Liver stage	Cambodia field isolate	9	MMV390048	1	611_CATTGCCTCACTCACC	Hypnozoite	NA	NA	NA	0	0	0	0	0	0	0	0	0	0	36	Hypnozoite	0	Asexual 1	1.42247270238416	-2.52377921212117	-2.88290740523139	-3.68458378849231	1.98212869718605	0.1019438821659	-9.2213695028933	-2.14361178813099	3.25042908736729	-7.03334826740404	-2.19828262160646	3.26313968668409	-0.0214395179941249	-15.1479666952232	3.41278197586575
611_CCACAAATCGAAATCC	53	40	36093191	SRR19573611	Ruberto2022_1	4	2022	Cambodia_Mondulkiri	10x_Chomium_V3	HiSeq X Ten	infected hepatocyte	BioIVT:BGW	Infected host hepatocytes	Liver stage	Cambodia field isolate	9	MMV390048	1	611_CCACAAATCGAAATCC	Hypnozoite	NA	NA	NA	0	0	0	0	0	0	0	0	1	0	48	Hypnozoite	0	Asexual 1	-0.00989357936365712	-3.2472394095699	-2.9150037911872	-3.46113503513538	2.35539801672035	1.84050443953132	-10.3624273591365	-3.49483535699991	1.33936903516498	-7.88378726618338	-3.482464543373	1.33429392788382	-4.22369145744575	-12.1028131589877	-1.7032576002659
611_CCACACTTCACTTGTT	137	112	36093191	SRR19573611	Ruberto2022_1	4	2022	Cambodia_Mondulkiri	10x_Chomium_V3	HiSeq X Ten	infected hepatocyte	BioIVT:BGW	Infected host hepatocytes	Liver stage	Cambodia field isolate	9	MMV390048	1	611_CCACACTTCACTTGTT	Hypnozoite	NA	NA	NA	0	0	0	0	0	0	0	0	0	0	32	Hypnozoite	0	Asexual 1	-0.118831617712809	-2.76944976914326	-2.78901864561835	-3.82615745601856	1.53639658048683	1.02180376833533	-9.48462179938347	-4.05877346992524	0.774346401589023	-7.08484933934773	-4.06462241632346	0.773546966594863	0.943774234238705	-9.26290459267894	1.53944728088691
611_CCCAACTAGAAGTCCG	49	36	36093191	SRR19573611	Ruberto2022_1	4	2022	Cambodia_Mondulkiri	10x_Chomium_V3	HiSeq X Ten	infected hepatocyte	BioIVT:BGW	Infected host hepatocytes	Liver stage	Cambodia field isolate	9	MMV390048	1	611_CCCAACTAGAAGTCCG	Hypnozoite	NA	NA	NA	0	0	0	0	0	0	0	0	1	0	32	Hypnozoite	0	Asexual 1	-0.445895208000971	-3.28334694970051	-3.05801416907111	-3.21094406185352	2.18590577199989	2.98149445837592	-11.5375953702815	-3.48260434544341	1.7083788218719	-9.0405793168116	-3.46604543688541	1.70219502324848	-7.32356256602925	-12.6938975070756	-5.68399282465563
611_CCCGGAAAGAGGACTC	137	121	36093191	SRR19573611	Ruberto2022_1	4	2022	Cambodia_Mondulkiri	10x_Chomium_V3	HiSeq X Ten	infected hepatocyte	BioIVT:BGW	Infected host hepatocytes	Liver stage	Cambodia field isolate	9	MMV390048	1	611_CCCGGAAAGAGGACTC	Hypnozoite	NA	NA	NA	0	0	0	0	0	0	0	0	1	0	32	Hypnozoite	0	Asexual 1	0.20602168333547	-2.82127696144978	-3.13854338202277	-3.41121924457752	2.05471404150062	1.63840821570014	-8.49640604005597	-3.21117989435763	2.30558256630145	-6.02733254137161	-3.2010534957539	2.30118582813982	-1.111821045654	-10.3476927445008	0.148520082177853
611_CCCTCAAGTTAGCTAC	567	430	36093191	SRR19573611	Ruberto2022_1	4	2022	Cambodia_Mondulkiri	10x_Chomium_V3	HiSeq X Ten	infected hepatocyte	BioIVT:BGW	Infected host hepatocytes	Liver stage	Cambodia field isolate	9	MMV390048	1	611_CCCTCAAGTTAGCTAC	Hypnozoite	NA	NA	NA	0	0	0	0	0	0	1	1	0	1	36	Hypnozoite	0	Asexual 1	3.10530577790754	-0.532212315682568	-3.35335041556159	-3.53355920849048	0.982389765530163	-3.15467783624078	-2.23765865942052	-3.95285566161802	3.64294565423397	-2.4053317298352	-4.93276146969573	4.41113043205309	2.53461547068275	-6.91195212580767	15.4073645586983
611_CCGGGTAAGCGCTGAA	268	245	36093191	SRR19573611	Ruberto2022_1	4	2022	Cambodia_Mondulkiri	10x_Chomium_V3	HiSeq X Ten	infected hepatocyte	BioIVT:BGW	Infected host hepatocytes	Liver stage	Cambodia field isolate	9	MMV390048	1	611_CCGGGTAAGCGCTGAA	Hypnozoite	NA	NA	NA	0	0	0	0	0	0	0	0	6	0	36	Hypnozoite	0	Asexual 1	-0.0956556628940831	-2.73836213219563	-2.67169095549384	-3.58252656994068	1.22881825521522	-0.355861460806378	-6.74131360235432	-1.94673490986922	1.44490622709384	-5.29618559251367	-2.21888458196356	1.51691698104539	1.20778470699315	-9.73955204318128	2.38446327111392
611_CCGTGAGAGGCTCTAT	105	100	36093191	SRR19573611	Ruberto2022_1	4	2022	Cambodia_Mondulkiri	10x_Chomium_V3	HiSeq X Ten	infected hepatocyte	BioIVT:BGW	Infected host hepatocytes	Liver stage	Cambodia field isolate	9	MMV390048	1	611_CCGTGAGAGGCTCTAT	Hypnozoite	NA	NA	NA	0	0	0	0	0	0	0	0	1	0	42	Hypnozoite	0	Asexual 1	-0.549353254914118	-3.02579885590474	-2.89731503996649	-3.65341938076221	3.47484667852455	4.28184345549201	-10.1916817641607	-2.98064025775561	0.839051085392024	-7.73070193538777	-2.9721148324717	0.834328813094185	4.05988007037372	-11.6196958887468	-11.1454711564579
611_CCTCACAGTTGCCGAC	84	62	36093191	SRR19573611	Ruberto2022_1	4	2022	Cambodia_Mondulkiri	10x_Chomium_V3	HiSeq X Ten	infected hepatocyte	BioIVT:BGW	Infected host hepatocytes	Liver stage	Cambodia field isolate	9	MMV390048	1	611_CCTCACAGTTGCCGAC	Hypnozoite	NA	NA	NA	0	0	0	0	0	0	0	0	1	0	36	Hypnozoite	0	Asexual 1	-0.793848467945887	-3.37389641869465	-3.07062198195258	-3.0603689008733	2.27603133276039	3.16094735449409	-11.4098332391893	-3.11088380147189	1.19494348575018	-8.91075909475435	-3.09367990106682	1.18843873409379	-2.28084810547273	-10.4357589265521	-4.147816888584
611_CCTCCAAAGGAGGCAG	57	55	36093191	SRR19573611	Ruberto2022_1	4	2022	Cambodia_Mondulkiri	10x_Chomium_V3	HiSeq X Ten	infected hepatocyte	BioIVT:BGW	Infected host hepatocytes	Liver stage	Cambodia field isolate	9	MMV390048	1	611_CCTCCAAAGGAGGCAG	Hypnozoite	NA	NA	NA	0	0	0	0	0	0	0	0	1	0	32	Hypnozoite	0	Asexual 1	-0.289664966940714	-3.22428876030842	-3.07326199087897	-3.37785971698963	2.71415789678627	2.77317550963019	-10.6259992102448	-3.31740513432418	1.20252922593265	-8.13462349549993	-3.30212036630458	1.19666466288782	-4.28495970043506	-11.3508935592654	-4.20164661916211
611_CCTCCAATCGCGTGCA	290	256	36093191	SRR19573611	Ruberto2022_1	4	2022	Cambodia_Mondulkiri	10x_Chomium_V3	HiSeq X Ten	infected hepatocyte	BioIVT:BGW	Infected host hepatocytes	Liver stage	Cambodia field isolate	9	MMV390048	1	611_CCTCCAATCGCGTGCA	Hypnozoite	NA	NA	NA	0	0	0	0	0	0	1	1	0	1	32	Hypnozoite	0	Asexual 1	1.20395778310315	-3.08142882454792	-3.45878960165778	-2.55362332401477	0.373123991041714	-1.35914906674767	-5.14614742960052	-2.57561035824312	2.03466767592986	-4.35674930453578	-3.06935029473117	2.02499164586128	-1.61414560723543	-2.97656580090852	7.23418273638124
611_CCTGCATTCAGCGCAC	172	138	36093191	SRR19573611	Ruberto2022_1	4	2022	Cambodia_Mondulkiri	10x_Chomium_V3	HiSeq X Ten	infected hepatocyte	BioIVT:BGW	Infected host hepatocytes	Liver stage	Cambodia field isolate	9	MMV390048	1	611_CCTGCATTCAGCGCAC	Hypnozoite	NA	NA	NA	0	0	0	0	0	0	0	0	0	0	36	Hypnozoite	0	Asexual 1	0.892575668215917	-3.2472644435207	-3.36722113165656	-3.16864026127063	2.55099161222511	0.538193913160316	-8.56791565435608	-2.52418410055319	2.89248140015366	-6.24638015859965	-2.5475964201916	2.89607999765086	-1.41577616226999	-12.7603098899223	3.46387197999321
611_CGAGAAGCAATCAAGA	81	77	36093191	SRR19573611	Ruberto2022_1	4	2022	Cambodia_Mondulkiri	10x_Chomium_V3	HiSeq X Ten	infected hepatocyte	BioIVT:BGW	Infected host hepatocytes	Liver stage	Cambodia field isolate	9	MMV390048	1	611_CGAGAAGCAATCAAGA	Hypnozoite	NA	NA	NA	0	0	0	0	0	0	0	0	1	0	24	Hypnozoite	0	Asexual 1	-0.108329756140543	-3.35121375191609	-3.10297824415961	-3.60268772182666	2.55365355566078	2.01203563994025	-10.3117421343053	-2.09137410938817	1.88983128981495	-7.85471883818049	-2.08379995177149	1.88596802146702	-2.837861915132	-12.7648807713453	-1.60910291141593
611_CGAGGCTAGGTCTACT	326	257	36093191	SRR19573611	Ruberto2022_1	4	2022	Cambodia_Mondulkiri	10x_Chomium_V3	HiSeq X Ten	infected hepatocyte	BioIVT:BGW	Infected host hepatocytes	Liver stage	Cambodia field isolate	9	MMV390048	1	611_CGAGGCTAGGTCTACT	Hypnozoite	NA	NA	NA	0	0	0	0	0	0	0	0	0	0	32	Hypnozoite	0	Asexual 1	0.427074300170111	-2.96162158120076	-3.1472077516059	-3.60483563480579	2.0680576141172	-0.208558155240067	-6.29021939564398	-2.54951334484671	2.40281850802084	-4.10311096802457	-2.60685755455828	2.41816365866711	-0.865455627508711	-12.2042746121211	4.26010205490684
611_CGAGGCTTCCGGTAGC	493	371	36093191	SRR19573611	Ruberto2022_1	4	2022	Cambodia_Mondulkiri	10x_Chomium_V3	HiSeq X Ten	infected hepatocyte	BioIVT:BGW	Infected host hepatocytes	Liver stage	Cambodia field isolate	9	MMV390048	1	611_CGAGGCTTCCGGTAGC	Hypnozoite	NA	NA	NA	0	0	0	0	0	0	1	1	0	1	36	Hypnozoite	0	Asexual 1	2.90805922639387	-0.906812130097546	-3.45953227553168	-3.87549841938221	1.36481304719978	-3.08793088609124	-3.03660550138892	-3.56129887544883	1.96623026766381	-3.30753630716414	-4.53819835893756	2.78182148917945	4.10152694963697	-11.3438858266301	13.864491069561
611_CGAGTTATCTATCACT	142	120	36093191	SRR19573611	Ruberto2022_1	4	2022	Cambodia_Mondulkiri	10x_Chomium_V3	HiSeq X Ten	infected hepatocyte	BioIVT:BGW	Infected host hepatocytes	Liver stage	Cambodia field isolate	9	MMV390048	1	611_CGAGTTATCTATCACT	Hypnozoite	NA	NA	NA	0	0	0	0	0	0	0	0	1	0	36	Hypnozoite	0	Asexual 1	-0.257766349196268	-3.2019456015865	-2.78270913634101	-3.72999251423084	3.39512928083473	4.24538925474738	-9.47156388342155	-2.95596770010235	2.03515777596438	-7.00538169974611	-2.94646297511266	2.0303526976025	1.89039341244718	-9.56449684881929	-3.66721236776063
611_CGATGCGGTCCGTACG	107	81	36093191	SRR19573611	Ruberto2022_1	4	2022	Cambodia_Mondulkiri	10x_Chomium_V3	HiSeq X Ten	infected hepatocyte	BioIVT:BGW	Infected host hepatocytes	Liver stage	Cambodia field isolate	9	MMV390048	1	611_CGATGCGGTCCGTACG	Hypnozoite	NA	NA	NA	0	0	0	0	0	0	0	0	1	0	36	Hypnozoite	0	Asexual 1	0.571810053706335	-3.42738991845051	-3.43540216955939	-3.34173620281421	2.71127613142067	1.3057077247486	-9.96364327923653	-2.82491248599068	1.51437071129567	-7.51733960832693	-2.81982497434204	1.51107014624161	-2.82254399467702	-13.1313055891336	-1.38295660893024
611_CGATGGCCATCGTGGC	25	23	36093191	SRR19573611	Ruberto2022_1	4	2022	Cambodia_Mondulkiri	10x_Chomium_V3	HiSeq X Ten	infected hepatocyte	BioIVT:BGW	Infected host hepatocytes	Liver stage	Cambodia field isolate	9	MMV390048	1	611_CGATGGCCATCGTGGC	Hypnozoite	NA	NA	NA	0	0	0	0	0	0	0	0	1	0	36	Hypnozoite	0	Asexual 1	-0.239436013579203	-3.43346148598591	-3.03686739477912	-3.33779347477161	2.36783011510902	2.8135328609333	-12.1690430750659	-3.4758023303444	1.82441979454009	-9.67173633504685	-3.45914802209307	1.81816501519242	-9.07171450045582	-13.1724459376183	-5.42594670421404
611_CGCATAAGTAAGACCG	626	493	36093191	SRR19573611	Ruberto2022_1	4	2022	Cambodia_Mondulkiri	10x_Chomium_V3	HiSeq X Ten	infected hepatocyte	BioIVT:BGW	Infected host hepatocytes	Liver stage	Cambodia field isolate	9	MMV390048	1	611_CGCATAAGTAAGACCG	Hypnozoite	NA	NA	NA	0	0	0	0	0	0	1	1	0	1	36	Hypnozoite	0	Asexual 1	3.49187217843549	0.194301517124973	-3.12817765745917	-3.96038353977405	1.09356136873298	-3.6669964473858	-1.59084289784594	-3.16560737655915	2.69476126789305	-1.93346360243592	-4.20877082326914	3.55931156834611	6.54651676750397	-9.30169750759813	17.5189782346381
611_CGCCATTCAGCGGATA	31	23	36093191	SRR19573611	Ruberto2022_1	4	2022	Cambodia_Mondulkiri	10x_Chomium_V3	HiSeq X Ten	infected hepatocyte	BioIVT:BGW	Infected host hepatocytes	Liver stage	Cambodia field isolate	9	MMV390048	1	611_CGCCATTCAGCGGATA	Hypnozoite	NA	NA	NA	0	0	0	0	0	0	0	0	1	0	12	Hypnozoite	0	Asexual 1	-0.747013283848597	-3.38503342736164	-3.18941690001288	-3.22286022243702	3.05485852315956	3.76371792143439	-12.6178449771482	-3.38044383366671	1.19883929697327	-10.1130976809193	-3.36178433451137	1.19173164997797	-5.32196787601685	-10.3280004623459	-9.90660655361318
611_CGGAATTTCTGCGGAC	66	64	36093191	SRR19573611	Ruberto2022_1	4	2022	Cambodia_Mondulkiri	10x_Chomium_V3	HiSeq X Ten	infected hepatocyte	BioIVT:BGW	Infected host hepatocytes	Liver stage	Cambodia field isolate	9	MMV390048	1	611_CGGAATTTCTGCGGAC	Hypnozoite	NA	NA	NA	0	0	0	0	0	0	0	0	1	0	36	Hypnozoite	0	Asexual 1	0.0425802851544489	-3.28139358628193	-3.25281836066046	-3.17639029560291	2.82893403127723	1.79063585585212	-9.42227875093243	-3.400657991512	1.49679882560723	-6.94904497866017	-3.38951024193529	1.49209834965202	-2.59345279570171	-12.3921497498227	2.59687631335891
611_CGGCAGTAGTGAGCCA	92	87	36093191	SRR19573611	Ruberto2022_1	4	2022	Cambodia_Mondulkiri	10x_Chomium_V3	HiSeq X Ten	infected hepatocyte	BioIVT:BGW	Infected host hepatocytes	Liver stage	Cambodia field isolate	9	MMV390048	1	611_CGGCAGTAGTGAGCCA	Hypnozoite	NA	NA	NA	0	0	0	0	0	0	0	0	1	0	32	Hypnozoite	0	Asexual 1	-0.284718526482416	-2.89594846833149	-2.96057058844367	-3.35893214283191	2.04428656652504	2.30497935598945	-9.91401381701591	-2.76634915553881	1.34374618728003	-7.42985309990046	-2.75249175106319	1.33829634694244	-0.989419411272058	-8.57446619674389	-2.00177090536738
611_CGGGTGTTCTCGTGAA	64	60	36093191	SRR19573611	Ruberto2022_1	4	2022	Cambodia_Mondulkiri	10x_Chomium_V3	HiSeq X Ten	infected hepatocyte	BioIVT:BGW	Infected host hepatocytes	Liver stage	Cambodia field isolate	9	MMV390048	1	611_CGGGTGTTCTCGTGAA	Hypnozoite	NA	NA	NA	0	0	0	0	0	0	0	0	1	0	36	Hypnozoite	0	Asexual 1	-0.994141710877253	-3.078865586404	-3.09079791579047	-1.89748895702564	2.27983959272438	3.05858400648688	-9.96433489995952	-2.61431184969121	0.350867130871194	-7.4613472038293	-2.59522970990882	0.343590492804154	-4.5954842788248	-8.57760492324161	-3.87604266553445
611_CGTAATGAGTTCCGTA	639	469	36093191	SRR19573611	Ruberto2022_1	4	2022	Cambodia_Mondulkiri	10x_Chomium_V3	HiSeq X Ten	infected hepatocyte	BioIVT:BGW	Infected host hepatocytes	Liver stage	Cambodia field isolate	9	MMV390048	1	611_CGTAATGAGTTCCGTA	Hypnozoite	NA	NA	NA	0	0	0	0	0	0	1	1	0	1	24	Hypnozoite	0	Asexual 1	3.0963038076164	-0.616985021714367	-3.23815180334845	-3.94360650119983	0.761154788284832	-2.97083064729119	-3.65515100602034	-1.35932162306131	3.31124660589581	-3.76725464236453	-2.31655893164625	4.04768974375746	2.18725699861885	-10.9507969854326	16.2358174334734
611_CGTTAGAAGCTCGAAG	199	158	36093191	SRR19573611	Ruberto2022_1	4	2022	Cambodia_Mondulkiri	10x_Chomium_V3	HiSeq X Ten	infected hepatocyte	BioIVT:BGW	Infected host hepatocytes	Liver stage	Cambodia field isolate	9	MMV390048	1	611_CGTTAGAAGCTCGAAG	Hypnozoite	NA	NA	NA	0	0	0	0	0	0	0	0	1	0	24	Hypnozoite	0	Asexual 1	0.0379781015665997	-3.01909047234455	-3.0883526948432	-3.64756215152942	2.44267304494911	2.27635005301093	-8.43129091011872	-2.18859830316989	2.39528455874779	-5.98074540588102	-2.18199049069934	2.39179210038325	-1.1411567017837	-10.3840397459844	0.155253148301514
611_CGTTCTGAGGGATGTC	291	235	36093191	SRR19573611	Ruberto2022_1	4	2022	Cambodia_Mondulkiri	10x_Chomium_V3	HiSeq X Ten	infected hepatocyte	BioIVT:BGW	Infected host hepatocytes	Liver stage	Cambodia field isolate	9	MMV390048	1	611_CGTTCTGAGGGATGTC	Hypnozoite	NA	NA	NA	0	0	0	0	0	0	0	0	0	0	24	Hypnozoite	0	Asexual 1	1.74502109181898	-2.02357059586445	-3.75951911482611	-2.95332658825123	2.3739338691526	-0.462209098057398	-6.36802968384359	-3.47850448288439	3.23202548609336	-4.21945966335919	-3.42908599378757	3.39034929121424	-0.907564446015099	-12.2822984230205	5.60723316714653
611_CTAAGTGAGCAGGCAT	43	40	36093191	SRR19573611	Ruberto2022_1	4	2022	Cambodia_Mondulkiri	10x_Chomium_V3	HiSeq X Ten	infected hepatocyte	BioIVT:BGW	Infected host hepatocytes	Liver stage	Cambodia field isolate	9	MMV390048	1	611_CTAAGTGAGCAGGCAT	Hypnozoite	NA	NA	NA	0	0	0	0	0	0	0	0	1	0	24	Hypnozoite	0	Asexual 1	-0.0693167577980291	-2.89249569046894	-3.05965568098822	-3.17502320347034	2.35796673849159	2.53061154669379	-11.605626582006	-3.70185106387122	2.00996623869727	-9.11118137774505	-3.68579324123913	2.00387422906487	-8.27931290523023	-7.06200635614722	-4.65573049481257
611_CTCAACCTCTCCTGTG	52	31	36093191	SRR19573611	Ruberto2022_1	4	2022	Cambodia_Mondulkiri	10x_Chomium_V3	HiSeq X Ten	infected hepatocyte	BioIVT:BGW	Infected host hepatocytes	Liver stage	Cambodia field isolate	9	MMV390048	1	611_CTCAACCTCTCCTGTG	Hypnozoite	NA	NA	NA	0	0	0	0	0	0	7	7	8	8	12	Hypnozoite	0	Asexual 1	-0.750352395653559	-3.339434443597	-3.0787844804267	-3.17888868389332	2.2579203422361	2.97548797911262	-12.4001041971476	-3.37968895140091	1.31352825379965	-9.89708072456866	-3.36154298766524	1.30674989250543	-10.335326349322	-12.9363035790478	-6.23465670080848
611_CTCAAGACACAGCCTG	1832	1184	36093191	SRR19573611	Ruberto2022_1	4	2022	Cambodia_Mondulkiri	10x_Chomium_V3	HiSeq X Ten	infected hepatocyte	BioIVT:BGW	Infected host hepatocytes	Liver stage	Cambodia field isolate	9	MMV390048	1	611_CTCAAGACACAGCCTG	Hypnozoite	NA	NA	NA	0	1	2	2	2	2	2	2	2	2	36	Hypnozoite	2	Female gametocyte	4.73111854684369	3.50043720137676	-2.65352894339362	-0.978592043497197	-4.2033640567965	-3.29430338555718	8.07833568406956	-0.672298709921274	2.86190747239738	9.94897818644675	-2.21285463425953	3.33235263345935	-0.711778234039691	10.909385032346	1.04697725752688
611_CTCAAGACAGGTTCAT	80	70	36093191	SRR19573611	Ruberto2022_1	4	2022	Cambodia_Mondulkiri	10x_Chomium_V3	HiSeq X Ten	infected hepatocyte	BioIVT:BGW	Infected host hepatocytes	Liver stage	Cambodia field isolate	9	MMV390048	1	611_CTCAAGACAGGTTCAT	Hypnozoite	NA	NA	NA	0	0	0	0	0	0	0	0	0	0	36	Hypnozoite	0	Asexual 1	0.48895557415502	-2.79388242829243	-3.2159640935401	-3.44228590069019	2.05521162107521	0.771559508501044	-9.80989344458486	-2.99674805270103	1.50483575890558	-7.34962712268613	-2.98858673592184	1.50092342363508	-3.59530265406631	-13.4888239092399	2.78064384115831
611_CTCATCGGTATCCCTC	48	37	36093191	SRR19573611	Ruberto2022_1	4	2022	Cambodia_Mondulkiri	10x_Chomium_V3	HiSeq X Ten	infected hepatocyte	BioIVT:BGW	Infected host hepatocytes	Liver stage	Cambodia field isolate	9	MMV390048	1	611_CTCATCGGTATCCCTC	Hypnozoite	NA	NA	NA	0	0	0	0	0	0	0	0	1	0	6	Hypnozoite	0	Asexual 1	-0.13513500797732	-3.27138215172688	-2.81737519774237	-3.45986879406177	2.22425778463417	2.71357062643622	-11.8334531066968	-3.83093553385862	1.09799263234859	-9.34069248671581	-3.8153842245515	1.09208769464104	-6.90042279033435	-14.3755294725287	-5.05075675671151
611_CTCATTAGTCGAGTGA	173	150	36093191	SRR19573611	Ruberto2022_1	4	2022	Cambodia_Mondulkiri	10x_Chomium_V3	HiSeq X Ten	infected hepatocyte	BioIVT:BGW	Infected host hepatocytes	Liver stage	Cambodia field isolate	9	MMV390048	1	611_CTCATTAGTCGAGTGA	Hypnozoite	NA	NA	NA	0	0	0	0	0	0	0	0	0	0	42	Hypnozoite	0	Asexual 1	0.43069084179418	-3.29842167961995	-2.73331786665717	-3.57753384647571	2.10843856885963	0.810364635644904	-8.0994725417965	-1.42756611323568	1.35477360156264	-5.74228812611386	-1.44328735338895	1.3547968206095	-1.5667686183617	-12.086344984784	2.41368604951696
611_CTCCACAAGCCGGATA	457	358	36093191	SRR19573611	Ruberto2022_1	4	2022	Cambodia_Mondulkiri	10x_Chomium_V3	HiSeq X Ten	infected hepatocyte	BioIVT:BGW	Infected host hepatocytes	Liver stage	Cambodia field isolate	9	MMV390048	1	611_CTCCACAAGCCGGATA	Hypnozoite	NA	NA	NA	0	0	0	0	0	0	0	0	0	0	36	Hypnozoite	0	Asexual 1	1.84015737664716	-2.11391955483357	-3.61836291823187	-3.74635756550037	1.2786106641584	-1.69202658349419	-3.69888870902426	-3.27460548619632	2.27961208169692	-3.36799050598524	-3.89482639470831	2.62845841543494	0.605868924568057	-12.6825151245595	7.43379577853824
611_CTCCGATAGCTAGCCC	170	147	36093191	SRR19573611	Ruberto2022_1	4	2022	Cambodia_Mondulkiri	10x_Chomium_V3	HiSeq X Ten	infected hepatocyte	BioIVT:BGW	Infected host hepatocytes	Liver stage	Cambodia field isolate	9	MMV390048	1	611_CTCCGATAGCTAGCCC	Hypnozoite	NA	NA	NA	0	0	0	0	0	0	0	0	0	0	36	Hypnozoite	0	Asexual 1	0.278928788423704	-3.31056243050496	-3.29171825918952	-3.45780265865528	2.75650127485328	0.618907840906135	-7.2289099274579	-2.06309384806841	2.22455488988398	-4.82946846829704	-2.06831194073577	2.22398573010846	-2.17418665696341	-11.9959176120204	2.5285173829974
611_CTCCGATTCTGTTGGA	219	183	36093191	SRR19573611	Ruberto2022_1	4	2022	Cambodia_Mondulkiri	10x_Chomium_V3	HiSeq X Ten	infected hepatocyte	BioIVT:BGW	Infected host hepatocytes	Liver stage	Cambodia field isolate	9	MMV390048	1	611_CTCCGATTCTGTTGGA	Hypnozoite	NA	NA	NA	0	0	0	0	0	0	0	0	0	0	12	Hypnozoite	0	Asexual 1	1.22234712731855	-3.00914794075886	-3.16657997641364	-3.63686764774524	2.23718746259742	-0.0158823114051903	-6.38190077860066	-3.83512323092479	1.97730659885814	-4.17995734227715	-3.88666579774667	1.99043584572047	-2.2811198086677	-13.3680418250763	5.90941664506388
611_CTCCTTTGTCCAAATC	159	125	36093191	SRR19573611	Ruberto2022_1	4	2022	Cambodia_Mondulkiri	10x_Chomium_V3	HiSeq X Ten	infected hepatocyte	BioIVT:BGW	Infected host hepatocytes	Liver stage	Cambodia field isolate	9	MMV390048	1	611_CTCCTTTGTCCAAATC	Hypnozoite	NA	NA	NA	0	0	0	0	0	0	0	0	1	0	32	Hypnozoite	0	Asexual 1	0.685342418074774	-2.8983944045345	-3.37329484495917	-3.26587427196705	2.71945484235817	1.77311757391547	-8.668559878501	-4.00144663803001	0.965152753201048	-6.21447846387555	-3.99439719089284	0.961294800888458	-2.26167739205915	-8.76099983419972	-1.42911615543324
611_CTCTCAGTCATACAGC	195	168	36093191	SRR19573611	Ruberto2022_1	4	2022	Cambodia_Mondulkiri	10x_Chomium_V3	HiSeq X Ten	infected hepatocyte	BioIVT:BGW	Infected host hepatocytes	Liver stage	Cambodia field isolate	9	MMV390048	1	611_CTCTCAGTCATACAGC	Hypnozoite	NA	NA	NA	0	0	0	0	0	0	0	0	0	0	36	Hypnozoite	0	Asexual 1	0.280765892982649	-3.07790714371601	-3.31318761381903	-3.31874073085987	1.90951533868843	0.742351563631049	-7.53981819533811	-2.73335380196738	2.07523694060436	-5.15637078716443	-2.74393181434815	2.07407844410337	-1.00751366087404	-11.4319833759674	4.21272024784429
611_CTCTCGAAGTCACACT	334	273	36093191	SRR19573611	Ruberto2022_1	4	2022	Cambodia_Mondulkiri	10x_Chomium_V3	HiSeq X Ten	infected hepatocyte	BioIVT:BGW	Infected host hepatocytes	Liver stage	Cambodia field isolate	9	MMV390048	1	611_CTCTCGAAGTCACACT	Hypnozoite	NA	NA	NA	0	0	0	0	0	0	0	0	0	0	32	Hypnozoite	0	Asexual 1	1.79290496003644	-2.75419360268513	-3.16003324065009	-3.67716897068226	2.17740805700355	-0.909406332315453	-6.86357278592456	-2.37972812611473	1.8159799171558	-5.17753139772053	-2.56588111401524	1.89166516124724	-0.66906877282588	-14.1262243362349	7.84529527865946
611_CTGAATGCAGTTGAAA	564	443	36093191	SRR19573611	Ruberto2022_1	4	2022	Cambodia_Mondulkiri	10x_Chomium_V3	HiSeq X Ten	infected hepatocyte	BioIVT:BGW	Infected host hepatocytes	Liver stage	Cambodia field isolate	9	MMV390048	1	611_CTGAATGCAGTTGAAA	Hypnozoite	NA	NA	NA	0	0	0	0	0	0	1	1	0	1	32	Hypnozoite	0	Asexual 1	3.03166137826459	-0.693908034447826	-3.34921647581854	-3.6975690179845	1.10951181009346	-3.08551904374505	-2.64392585460479	-4.0284073208154	2.65824120324987	-2.8388838845508	-5.02216750877277	3.51936618287954	3.80660454172433	-10.343250266715	15.079490370282
611_CTGTACCAGCTCGACC	741	567	36093191	SRR19573611	Ruberto2022_1	4	2022	Cambodia_Mondulkiri	10x_Chomium_V3	HiSeq X Ten	infected hepatocyte	BioIVT:BGW	Infected host hepatocytes	Liver stage	Cambodia field isolate	9	MMV390048	1	611_CTGTACCAGCTCGACC	Hypnozoite	NA	NA	NA	0	0	0	0	0	0	1	1	0	1	36	Hypnozoite	0	Asexual 1	4.16564499032514	2.29122704398235	-2.36423064741889	-3.8302959257146	0.46834577873283	-3.90666028672601	-0.245570927817099	-2.45644445934405	3.25937986265128	-1.25980944361199	-3.55008546754323	3.94466212160061	2.39497894168357	-11.1183345274713	20.2550231150969
611_CTGTACCAGGACACTG	140	120	36093191	SRR19573611	Ruberto2022_1	4	2022	Cambodia_Mondulkiri	10x_Chomium_V3	HiSeq X Ten	infected hepatocyte	BioIVT:BGW	Infected host hepatocytes	Liver stage	Cambodia field isolate	9	MMV390048	1	611_CTGTACCAGGACACTG	Hypnozoite	NA	NA	NA	0	0	0	0	0	0	0	0	0	0	36	Hypnozoite	0	Asexual 1	0.452290939212011	-3.22516161072651	-2.4911904481391	-3.46236360607349	1.50772996500068	1.17029050177192	-8.96521194243734	-2.55279222608933	2.26321322498387	-6.54661295224527	-2.55433416343876	2.2610710258726	1.72184063012826	-14.2736566301218	1.37174599359255
611_CTGTACCAGTCGAGGT	42	30	36093191	SRR19573611	Ruberto2022_1	4	2022	Cambodia_Mondulkiri	10x_Chomium_V3	HiSeq X Ten	infected hepatocyte	BioIVT:BGW	Infected host hepatocytes	Liver stage	Cambodia field isolate	9	MMV390048	1	611_CTGTACCAGTCGAGGT	Hypnozoite	NA	NA	NA	0	0	0	0	0	0	0	0	1	0	36	Hypnozoite	0	Asexual 1	-0.522867752194239	-2.93398767578999	-2.99777509245673	-3.28928101597034	2.21349366262489	3.05300763434028	-11.1565321281479	-3.53144885565447	0.568567084169188	-8.65777641057072	-3.514355009643	0.562075097650305	-3.02403129394291	-12.6959549266425	-7.7877940064006
611_CTTCTCTGTCAAATCC	98	91	36093191	SRR19573611	Ruberto2022_1	4	2022	Cambodia_Mondulkiri	10x_Chomium_V3	HiSeq X Ten	infected hepatocyte	BioIVT:BGW	Infected host hepatocytes	Liver stage	Cambodia field isolate	9	MMV390048	1	611_CTTCTCTGTCAAATCC	Hypnozoite	NA	NA	NA	0	0	0	0	0	0	0	0	1	0	32	Hypnozoite	0	Asexual 1	-2.22531093466265	-2.34294682610432	-2.65819312605658	-3.64369667110645	1.71535749986702	3.00187400168037	-9.07103275870501	-2.28707717421586	0.876632237651909	-6.58052021713927	-2.27168730016188	0.870615081254722	-0.839578917675572	-9.95946580371627	-4.16507183736417
611_GAACACTTCAGGAAGC	783	586	36093191	SRR19573611	Ruberto2022_1	4	2022	Cambodia_Mondulkiri	10x_Chomium_V3	HiSeq X Ten	infected hepatocyte	BioIVT:BGW	Infected host hepatocytes	Liver stage	Cambodia field isolate	9	MMV390048	1	611_GAACACTTCAGGAAGC	Hypnozoite	NA	NA	NA	0	3	3	3	4	4	5	5	5	5	36	Hypnozoite	4	Asexual 4	4.14432369363325	2.27544266116222	-2.42379881415167	1.75832211437023	-5.06468550607628	-4.83657762223626	-0.438578217789101	-2.57188564330112	2.55322818285806	2.9088326073096	-3.02497892170601	2.82976916017431	-14.282967542392	21.779289777047	-4.40676469549987
611_GAAGGGTGTCCCGCAA	472	401	36093191	SRR19573611	Ruberto2022_1	4	2022	Cambodia_Mondulkiri	10x_Chomium_V3	HiSeq X Ten	infected hepatocyte	BioIVT:BGW	Infected host hepatocytes	Liver stage	Cambodia field isolate	9	MMV390048	1	611_GAAGGGTGTCCCGCAA	Hypnozoite	NA	NA	NA	0	0	0	0	0	0	1	1	0	1	36	Hypnozoite	0	Asexual 1	4.20435844552533	2.2692709578236	-2.45050312552252	-3.38862288532459	1.66138525560432	-3.87650367432977	-0.0432880864956594	-3.26226897474897	4.51468828684662	-1.75601931618567	-4.37200072192884	5.08679844817263	10.8793778611158	-9.73872276350047	11.0745489228097
611_GACCCAGTCTGCGGCA	289	217	36093191	SRR19573611	Ruberto2022_1	4	2022	Cambodia_Mondulkiri	10x_Chomium_V3	HiSeq X Ten	infected hepatocyte	BioIVT:BGW	Infected host hepatocytes	Liver stage	Cambodia field isolate	9	MMV390048	1	611_GACCCAGTCTGCGGCA	Hypnozoite	NA	NA	NA	0	0	0	0	0	0	0	0	0	0	36	Hypnozoite	0	Asexual 1	1.67072986257093	-2.27831107247273	-3.36369921240607	-3.57846177158558	1.91697497919136	-0.37456607633973	-7.16304164544342	-3.68630089774529	2.59372486679316	-5.43536053930094	-3.86036295365877	2.64964154231809	-0.933344368725648	-13.047148845577	4.33912665872586
611_GACCCTTAGACCTCAT	219	188	36093191	SRR19573611	Ruberto2022_1	4	2022	Cambodia_Mondulkiri	10x_Chomium_V3	HiSeq X Ten	infected hepatocyte	BioIVT:BGW	Infected host hepatocytes	Liver stage	Cambodia field isolate	9	MMV390048	1	611_GACCCTTAGACCTCAT	Hypnozoite	NA	NA	NA	0	0	0	0	0	0	0	0	0	0	48	Hypnozoite	0	Asexual 1	-0.648908806919886	-1.88063102829853	-2.55169726881781	-3.31935537395679	1.06676061704689	1.38424244707679	-6.53223130892794	-1.935316672655	0.549356663347298	-4.08037314420285	-1.92667026301197	0.544493466230148	0.217799938040499	-3.30184598587871	1.76919572503239
611_GACGTTAGTACTGTTG	163	134	36093191	SRR19573611	Ruberto2022_1	4	2022	Cambodia_Mondulkiri	10x_Chomium_V3	HiSeq X Ten	infected hepatocyte	BioIVT:BGW	Infected host hepatocytes	Liver stage	Cambodia field isolate	9	MMV390048	1	611_GACGTTAGTACTGTTG	Hypnozoite	NA	NA	NA	0	0	0	0	0	0	0	0	0	0	36	Hypnozoite	0	Asexual 1	0.239631997466253	-2.92846065628926	-3.16719008955756	-3.51250851688587	2.1786795432859	0.903079422174445	-8.10559922970332	-2.2661181395187	1.96218270476579	-5.72944977350694	-2.27656011962512	1.96309960785146	-1.52983239663832	-11.4478857623245	2.06184629444285
611_GAGAAATTCGCGGTAC	52	35	36093191	SRR19573611	Ruberto2022_1	4	2022	Cambodia_Mondulkiri	10x_Chomium_V3	HiSeq X Ten	infected hepatocyte	BioIVT:BGW	Infected host hepatocytes	Liver stage	Cambodia field isolate	9	MMV390048	1	611_GAGAAATTCGCGGTAC	Hypnozoite	NA	NA	NA	0	0	0	0	0	0	0	0	1	0	24	Hypnozoite	0	Asexual 1	-0.630748880982233	-3.17352920639912	-3.13055469069281	-2.70322812137806	2.00637419775062	2.91930344885444	-11.1918643955921	-3.02687064519687	1.18912044021078	-8.68661367874794	-3.00805599017706	1.18202255222308	-6.39332721826327	-9.98029337424624	-6.92812750769939
611_GAGGGATAGTTCGCAT	215	174	36093191	SRR19573611	Ruberto2022_1	4	2022	Cambodia_Mondulkiri	10x_Chomium_V3	HiSeq X Ten	infected hepatocyte	BioIVT:BGW	Infected host hepatocytes	Liver stage	Cambodia field isolate	9	MMV390048	1	611_GAGGGATAGTTCGCAT	Hypnozoite	NA	NA	NA	0	0	0	0	0	0	0	0	1	0	32	Hypnozoite	0	Asexual 1	0.0704784477578272	-3.21695715058247	-3.22420145544806	-3.62713420925342	2.90904458120399	2.40767958944892	-8.05323570280175	-3.123814981905	1.81285423244666	-5.58899709425627	-3.11459262384164	1.80862817142224	0.213427221858923	-7.16972464447454	-4.63055960974063
611_GAGTCATAGGCCACCT	65	57	36093191	SRR19573611	Ruberto2022_1	4	2022	Cambodia_Mondulkiri	10x_Chomium_V3	HiSeq X Ten	infected hepatocyte	BioIVT:BGW	Infected host hepatocytes	Liver stage	Cambodia field isolate	9	MMV390048	1	611_GAGTCATAGGCCACCT	Hypnozoite	NA	NA	NA	0	0	0	0	0	0	0	0	1	0	6	Hypnozoite	0	Asexual 1	-0.196442289233042	-3.09883171189228	-2.89139892134467	-3.42336571750843	2.19638760641151	3.18695286100959	-10.5747803428059	-3.1708201160975	1.12264417034844	-8.08359504270919	-3.15554935834627	1.11676732631537	-2.73494184069311	-11.2295829468972	-4.82032748519262
611_GAGTGAGTCGTTCTAT	282	238	36093191	SRR19573611	Ruberto2022_1	4	2022	Cambodia_Mondulkiri	10x_Chomium_V3	HiSeq X Ten	infected hepatocyte	BioIVT:BGW	Infected host hepatocytes	Liver stage	Cambodia field isolate	9	MMV390048	1	611_GAGTGAGTCGTTCTAT	Hypnozoite	NA	NA	NA	0	0	0	0	0	0	0	0	0	0	36	Hypnozoite	0	Asexual 1	1.80292462003248	-2.07007175553242	-3.66799928221503	-3.0352839284917	2.21694357946449	-0.623514292778024	-6.29129816586517	-2.28005863194883	2.98809898263932	-4.50839707911141	-2.44956401313962	3.07281643799314	-0.96490462351376	-12.5746739944882	5.77353767719713
611_GAGTTTGAGCCTCGTG	70	68	36093191	SRR19573611	Ruberto2022_1	4	2022	Cambodia_Mondulkiri	10x_Chomium_V3	HiSeq X Ten	infected hepatocyte	BioIVT:BGW	Infected host hepatocytes	Liver stage	Cambodia field isolate	9	MMV390048	1	611_GAGTTTGAGCCTCGTG	Hypnozoite	NA	NA	NA	0	0	0	0	0	0	0	0	1	0	36	Hypnozoite	0	Asexual 1	-0.0693143289087545	-3.28354483712117	-3.16899253401557	-3.24352276859485	2.64102585866981	2.39121702498054	-10.8392568414063	-2.89539398473798	2.03126039499745	-8.35782718488779	-2.88241945919497	2.02603786028901	-3.26633155915267	-11.2866706913997	-4.56432316293377
611_GATAGAAGTATGATCC	705	528	36093191	SRR19573611	Ruberto2022_1	4	2022	Cambodia_Mondulkiri	10x_Chomium_V3	HiSeq X Ten	infected hepatocyte	BioIVT:BGW	Infected host hepatocytes	Liver stage	Cambodia field isolate	9	MMV390048	1	611_GATAGAAGTATGATCC	Hypnozoite	NA	NA	NA	0	0	0	0	0	0	1	1	0	1	24	Hypnozoite	0	Asexual 1	3.44204698693769	0.232121230479084	-3.12894178900519	-3.77968252239429	0.70145090177589	-3.89852306062127	-1.88157214530909	-2.9568453012487	3.01535926619196	-2.21843586718962	-3.98608715031223	3.80771929289709	5.25610239554795	-10.0221269460828	16.1508080165056
611_GATCACATCGGCGATC	141	116	36093191	SRR19573611	Ruberto2022_1	4	2022	Cambodia_Mondulkiri	10x_Chomium_V3	HiSeq X Ten	infected hepatocyte	BioIVT:BGW	Infected host hepatocytes	Liver stage	Cambodia field isolate	9	MMV390048	1	611_GATCACATCGGCGATC	Hypnozoite	NA	NA	NA	0	0	0	0	0	0	0	0	1	0	12	Hypnozoite	0	Asexual 1	0.298752250194715	-2.9240656482021	-2.74773289236823	-3.5375188642522	2.14500673368507	1.50010028666114	-10.054039000222	-2.48383473480487	1.37574288411443	-7.61379391169852	-2.48013129086314	1.37277696088507	-1.73021824168264	-12.8941493825514	-4.67095600592882
611_GATCATGGTCAAACGG	52	44	36093191	SRR19573611	Ruberto2022_1	4	2022	Cambodia_Mondulkiri	10x_Chomium_V3	HiSeq X Ten	infected hepatocyte	BioIVT:BGW	Infected host hepatocytes	Liver stage	Cambodia field isolate	9	MMV390048	1	611_GATCATGGTCAAACGG	Hypnozoite	NA	NA	NA	0	0	0	0	0	0	0	0	1	0	36	Hypnozoite	0	Asexual 1	-0.381062490820719	-3.07212811577717	-3.15387178931037	-3.26524627742969	2.60626729085975	2.64254263228034	-11.1331447181636	-2.66447883379901	1.67923749918229	-8.63778332441956	-2.64817468343722	1.67316128732409	-5.18838358594459	-10.0223953232518	-4.82291599116081
611_GATGTTGAGCCATATC	31	26	36093191	SRR19573611	Ruberto2022_1	4	2022	Cambodia_Mondulkiri	10x_Chomium_V3	HiSeq X Ten	infected hepatocyte	BioIVT:BGW	Infected host hepatocytes	Liver stage	Cambodia field isolate	9	MMV390048	1	611_GATGTTGAGCCATATC	Hypnozoite	NA	NA	NA	0	0	0	0	0	0	0	0	1	0	36	Hypnozoite	0	Asexual 1	-1.30195595133288	-2.99691659081379	-2.95798899206915	-3.09358180103504	1.72925706461006	3.75021723097419	-12.3655960923587	-2.32335841876619	0.27633156246321	-9.86150381953887	-2.30425720656084	0.269301390336062	-10.5019581332346	-9.99395614182317	-9.9095151941673
611_GATTCTTAGAAACTGT	370	310	36093191	SRR19573611	Ruberto2022_1	4	2022	Cambodia_Mondulkiri	10x_Chomium_V3	HiSeq X Ten	infected hepatocyte	BioIVT:BGW	Infected host hepatocytes	Liver stage	Cambodia field isolate	9	MMV390048	1	611_GATTCTTAGAAACTGT	Hypnozoite	NA	NA	NA	0	0	0	0	0	0	1	1	0	1	36	Hypnozoite	0	Asexual 1	-0.200863553166224	-2.35392123330037	-2.4999475625495	-2.75211656627857	-0.433968556374973	-1.71958264523888	-4.65086116893289	-1.90815900542077	0.595116202743506	-4.56932256502447	-2.65997062673467	0.630391078424912	-0.646350294391294	-1.25464719299363	10.2809203337113
611_GCAACATTCCGTAATG	389	323	36093191	SRR19573611	Ruberto2022_1	4	2022	Cambodia_Mondulkiri	10x_Chomium_V3	HiSeq X Ten	infected hepatocyte	BioIVT:BGW	Infected host hepatocytes	Liver stage	Cambodia field isolate	9	MMV390048	1	611_GCAACATTCCGTAATG	Hypnozoite	NA	NA	NA	0	0	0	0	0	0	1	1	0	1	36	Hypnozoite	0	Asexual 1	1.63538585793989	-2.25199133026997	-3.79431964430609	-2.71309340534412	0.691233235149914	-2.04424997979546	-4.88661583833098	-3.60941312788621	2.93969121079064	-4.67238550292191	-4.28796471385326	3.05644996091591	0.379781819313708	-5.01608772328255	10.121045902341
611_GCACTAAGTGAGTGAC	96	73	36093191	SRR19573611	Ruberto2022_1	4	2022	Cambodia_Mondulkiri	10x_Chomium_V3	HiSeq X Ten	infected hepatocyte	BioIVT:BGW	Infected host hepatocytes	Liver stage	Cambodia field isolate	9	MMV390048	1	611_GCACTAAGTGAGTGAC	Hypnozoite	NA	NA	NA	0	0	0	0	0	0	0	0	1	0	32	Hypnozoite	0	Asexual 1	-0.164117289662195	-3.11090570557515	-3.11208082709113	-3.41055906353199	2.30986245229774	2.18377998655891	-10.5211240613549	-3.80423358955687	1.91245373449724	-8.03043441115205	-3.78907798877672	1.90665690077269	-4.62849120031851	-10.6156791052949	-1.84271182088431
611_GCAGCCAAGCAGAAAG	54	50	36093191	SRR19573611	Ruberto2022_1	4	2022	Cambodia_Mondulkiri	10x_Chomium_V3	HiSeq X Ten	infected hepatocyte	BioIVT:BGW	Infected host hepatocytes	Liver stage	Cambodia field isolate	9	MMV390048	1	611_GCAGCCAAGCAGAAAG	Hypnozoite	NA	NA	NA	0	0	0	0	0	0	0	0	1	0	12	Hypnozoite	0	Asexual 1	0.364457057833837	-3.01060587037007	-3.02121807608405	-3.68065321979725	1.92359145238929	1.5330654699192	-11.4243460877143	-4.03503840737132	1.78534263884859	-8.9676510069836	-4.02784793587897	1.78170553659247	-1.54967308934472	-15.4597590098259	0.506601159898373
611_GCCAACGGTAACGTTC	282	243	36093191	SRR19573611	Ruberto2022_1	4	2022	Cambodia_Mondulkiri	10x_Chomium_V3	HiSeq X Ten	infected hepatocyte	BioIVT:BGW	Infected host hepatocytes	Liver stage	Cambodia field isolate	9	MMV390048	1	611_GCCAACGGTAACGTTC	Hypnozoite	NA	NA	NA	0	0	0	0	0	0	0	0	6	0	36	Hypnozoite	0	Asexual 1	-0.428647054314448	-2.51189023125569	-2.57391978773871	-3.72757947979175	1.32642729833656	-0.670065684260377	-6.22149526947052	-3.48333315274957	0.907468052112083	-5.02325506220863	-3.83164327312533	0.986197579161964	1.32598819655167	-9.37788828048022	2.37913209361796
611_GCCGTGACACAACATC	226	200	36093191	SRR19573611	Ruberto2022_1	4	2022	Cambodia_Mondulkiri	10x_Chomium_V3	HiSeq X Ten	infected hepatocyte	BioIVT:BGW	Infected host hepatocytes	Liver stage	Cambodia field isolate	9	MMV390048	1	611_GCCGTGACACAACATC	Hypnozoite	NA	NA	NA	0	0	0	0	0	0	0	0	0	0	24	Hypnozoite	0	Asexual 1	2.25794778954999	-1.67481356728474	-3.59141088995734	-3.93729222355091	1.94612141206794	-1.58540543729211	-5.21957274019909	-1.78944906591851	2.32574179104513	-4.45645308450459	-2.29822512192425	2.67912024533208	-0.93019454213303	-12.6543756034852	6.12888835219634
611_GCCGTGATCTTCCCAG	120	105	36093191	SRR19573611	Ruberto2022_1	4	2022	Cambodia_Mondulkiri	10x_Chomium_V3	HiSeq X Ten	infected hepatocyte	BioIVT:BGW	Infected host hepatocytes	Liver stage	Cambodia field isolate	9	MMV390048	1	611_GCCGTGATCTTCCCAG	Hypnozoite	NA	NA	NA	0	0	0	0	0	0	0	0	1	0	36	Hypnozoite	0	Asexual 1	-0.625948561310602	-3.24493318665425	-3.11151815924445	-3.5486592107793	3.23913915708595	4.31820991819953	-9.61287244671964	-1.1019554709215	1.50041802077027	-7.11393521928717	-1.08421169496975	1.49374017697577	0.454475124897751	-9.42672791912551	-7.68907433913413
611_GCCTGTTCAGCCGTTG	148	123	36093191	SRR19573611	Ruberto2022_1	4	2022	Cambodia_Mondulkiri	10x_Chomium_V3	HiSeq X Ten	infected hepatocyte	BioIVT:BGW	Infected host hepatocytes	Liver stage	Cambodia field isolate	9	MMV390048	1	611_GCCTGTTCAGCCGTTG	Hypnozoite	NA	NA	NA	0	0	0	0	0	0	0	0	0	0	36	Hypnozoite	0	Asexual 1	0.58109532487409	-2.92363697159687	-3.26337362799445	-3.37254036007129	2.34524019315773	1.11304632013892	-8.87451449167505	-2.53979073652781	2.34706532084096	-6.41018077707445	-2.53044803675637	2.342743822746	-2.94924143403899	-12.8088947384324	3.65529215937758
611_GCTACCTTCATCTCTA	57	52	36093191	SRR19573611	Ruberto2022_1	4	2022	Cambodia_Mondulkiri	10x_Chomium_V3	HiSeq X Ten	infected hepatocyte	BioIVT:BGW	Infected host hepatocytes	Liver stage	Cambodia field isolate	9	MMV390048	1	611_GCTACCTTCATCTCTA	Hypnozoite	NA	NA	NA	0	0	0	0	0	0	0	0	1	0	36	Hypnozoite	0	Asexual 1	-0.59796048510058	-3.14875727761189	-3.10010220083991	-2.69647014675342	2.32536895826393	2.6224482375965	-10.5988548086175	-3.56511291160329	1.64945125525438	-8.09736690030118	-3.54737911461657	1.64279281092067	-4.17635278210842	-7.70525968696071	-3.32024645542456
611_GCTACCTTCGGACCAC	229	198	36093191	SRR19573611	Ruberto2022_1	4	2022	Cambodia_Mondulkiri	10x_Chomium_V3	HiSeq X Ten	infected hepatocyte	BioIVT:BGW	Infected host hepatocytes	Liver stage	Cambodia field isolate	9	MMV390048	1	611_GCTACCTTCGGACCAC	Hypnozoite	NA	NA	NA	0	0	0	0	0	0	0	0	0	0	36	Hypnozoite	0	Asexual 1	1.18305419576185	-2.81711011994282	-3.62069322142401	-3.24069798526966	2.51378615453773	0.0537754017696296	-7.83491379415688	-2.24040287019559	0.95177132192133	-5.55350918508549	-2.27420570908299	0.959791614649776	-1.33698591934306	-13.2130536554516	4.96575498141461
611_GCTGAATCACTACAGT	1079	772	36093191	SRR19573611	Ruberto2022_1	4	2022	Cambodia_Mondulkiri	10x_Chomium_V3	HiSeq X Ten	infected hepatocyte	BioIVT:BGW	Infected host hepatocytes	Liver stage	Cambodia field isolate	9	MMV390048	1	611_GCTGAATCACTACAGT	Hypnozoite	NA	NA	NA	0	1	2	2	2	2	2	2	2	2	36	Hypnozoite	2	Female gametocyte	4.56140171182172	3.22196644675335	-2.52962876829901	-1.02918685016834	-4.04966179773278	-3.26592418366815	4.02506407202254	-1.32725362577876	3.61796043130565	5.78338449118503	-2.80779022476127	4.08075370018174	-2.20594540767932	8.01589264267989	3.8112652159715
611_GCTTCACAGAGTTGAT	94	75	36093191	SRR19573611	Ruberto2022_1	4	2022	Cambodia_Mondulkiri	10x_Chomium_V3	HiSeq X Ten	infected hepatocyte	BioIVT:BGW	Infected host hepatocytes	Liver stage	Cambodia field isolate	9	MMV390048	1	611_GCTTCACAGAGTTGAT	Hypnozoite	NA	NA	NA	0	0	0	0	0	0	0	0	1	0	36	Hypnozoite	0	Asexual 1	0.494018958926367	-3.2384229289333	-3.04159308943549	-3.6344062143346	2.40748818471962	1.33020201510047	-9.73554710467074	-2.98049872380883	1.97398944976677	-7.30092126184077	-2.97813741210269	1.97141236867815	-2.66938625665308	-14.9553429495842	0.252723598006689
611_GGACGTCAGTTTCTTC	379	328	36093191	SRR19573611	Ruberto2022_1	4	2022	Cambodia_Mondulkiri	10x_Chomium_V3	HiSeq X Ten	infected hepatocyte	BioIVT:BGW	Infected host hepatocytes	Liver stage	Cambodia field isolate	9	MMV390048	1	611_GGACGTCAGTTTCTTC	Hypnozoite	NA	NA	NA	0	0	0	0	0	0	0	0	0	0	36	Hypnozoite	0	Asexual 1	1.54174088132398	-2.33427792656819	-3.62016345534125	-3.65748179493152	2.05944951131874	-0.50542795100952	-4.98464648336359	-3.21817240002715	1.62108957679643	-3.25611489137218	-3.40717362611714	1.71621073449093	-0.872771325422676	-12.5503277366353	5.81910801256802
611_GGAGGATTCGCGGACT	510	366	36093191	SRR19573611	Ruberto2022_1	4	2022	Cambodia_Mondulkiri	10x_Chomium_V3	HiSeq X Ten	infected hepatocyte	BioIVT:BGW	Infected host hepatocytes	Liver stage	Cambodia field isolate	9	MMV390048	1	611_GGAGGATTCGCGGACT	Hypnozoite	NA	NA	NA	0	0	0	0	0	0	1	1	0	1	36	Hypnozoite	0	Asexual 1	3.08249341142194	-0.558959423188366	-3.27962900671759	-3.99609768924915	1.22143776968055	-2.6437699478283	-4.03788155535158	-2.86642154660797	2.20324190810763	-4.25868156068417	-3.77750362420804	2.92650711303559	3.02277144426831	-13.3724986573779	15.4604084405782
611_GGATGTTCAGACACAG	670	550	36093191	SRR19573611	Ruberto2022_1	4	2022	Cambodia_Mondulkiri	10x_Chomium_V3	HiSeq X Ten	infected hepatocyte	BioIVT:BGW	Infected host hepatocytes	Liver stage	Cambodia field isolate	9	MMV390048	1	611_GGATGTTCAGACACAG	Hypnozoite	NA	NA	NA	0	0	0	0	0	0	1	1	0	1	36	Hypnozoite	0	Asexual 1	4.34240089547651	2.40312737357219	-2.5303225663642	-3.39507115421497	0.183265718370014	-4.09586712533379	0.120936833370811	-3.18615066639184	2.88574175745054	-0.516571910660166	-4.21695342263288	3.43853133556113	4.92056940509964	-5.20896384872871	11.4660216345961
611_GGCAGTCGTCGTGGTC	265	234	36093191	SRR19573611	Ruberto2022_1	4	2022	Cambodia_Mondulkiri	10x_Chomium_V3	HiSeq X Ten	infected hepatocyte	BioIVT:BGW	Infected host hepatocytes	Liver stage	Cambodia field isolate	9	MMV390048	1	611_GGCAGTCGTCGTGGTC	Hypnozoite	NA	NA	NA	0	0	0	0	0	0	0	0	0	0	36	Hypnozoite	0	Asexual 1	1.76135944020765	-2.37165242302815	-3.66700984511176	-3.54072797832691	2.09935124471717	-1.18368366176034	-6.86748782821288	-1.24034679186173	0.976959404831458	-5.05057598659777	-1.41319946430689	1.08102880634898	-1.18412811693966	-13.3417513202032	5.71727476484096
611_GGGAAGTAGGGCGAAG	234	206	36093191	SRR19573611	Ruberto2022_1	4	2022	Cambodia_Mondulkiri	10x_Chomium_V3	HiSeq X Ten	infected hepatocyte	BioIVT:BGW	Infected host hepatocytes	Liver stage	Cambodia field isolate	9	MMV390048	1	611_GGGAAGTAGGGCGAAG	Hypnozoite	NA	NA	NA	0	0	0	0	0	0	0	0	0	0	36	Hypnozoite	0	Asexual 1	1.48636888158338	-2.40940743554036	-3.66441680464545	-2.84823883114063	2.63046343877845	0.451312752424232	-7.38891312791373	-3.95599247163018	1.95237292730863	-4.98965478976393	-3.96145385910007	1.95257704757474	-1.40547713916781	-12.5378095543033	5.09901851234922
611_GGGAGATCATCCAATG	714	546	36093191	SRR19573611	Ruberto2022_1	4	2022	Cambodia_Mondulkiri	10x_Chomium_V3	HiSeq X Ten	infected hepatocyte	BioIVT:BGW	Infected host hepatocytes	Liver stage	Cambodia field isolate	9	MMV390048	1	611_GGGAGATCATCCAATG	Hypnozoite	NA	NA	NA	0	0	0	0	1	1	1	1	0	1	36	Hypnozoite	1	Asexual 2	4.4099458326103	2.89732450377544	-2.22033549818793	-3.06197035846912	0.573820071964794	-4.61480113679314	1.31265328427624	-2.27136201422396	4.14855357967043	-0.588039924391357	-3.1857356019247	4.50530776311379	6.9632327292925	-5.19930886981115	10.1379291835604
611_GGGAGTAGTGAGCAGT	292	229	36093191	SRR19573611	Ruberto2022_1	4	2022	Cambodia_Mondulkiri	10x_Chomium_V3	HiSeq X Ten	infected hepatocyte	BioIVT:BGW	Infected host hepatocytes	Liver stage	Cambodia field isolate	9	MMV390048	1	611_GGGAGTAGTGAGCAGT	Hypnozoite	NA	NA	NA	0	0	0	0	0	0	0	0	0	0	32	Hypnozoite	0	Asexual 1	1.02877079141157	-3.29168373215596	-2.99712277922431	-3.56402504978382	2.40458639219337	0.312232943235389	-7.0601672600682	-2.52624233053032	2.20372648157083	-4.82871480080926	-2.57002344970883	2.21230830042064	-2.63628644683899	-13.078970846669	5.92301034189733
611_GGGTATTAGTATAACG	283	221	36093191	SRR19573611	Ruberto2022_1	4	2022	Cambodia_Mondulkiri	10x_Chomium_V3	HiSeq X Ten	infected hepatocyte	BioIVT:BGW	Infected host hepatocytes	Liver stage	Cambodia field isolate	9	MMV390048	1	611_GGGTATTAGTATAACG	Hypnozoite	NA	NA	NA	0	0	0	0	0	0	0	0	0	0	36	Hypnozoite	0	Asexual 1	0.481854008555578	-2.6791606532375	-3.04482890639105	-3.73087728557789	1.72446210935646	-0.0954284351482476	-6.64395939947934	-1.69175401116979	1.7466899671604	-4.85157954492513	-1.85987956557436	1.8155043201011	-1.01041503490066	-12.5814513640017	4.86077020156071
611_GGGTCTGCAGCCCAGT	130	122	36093191	SRR19573611	Ruberto2022_1	4	2022	Cambodia_Mondulkiri	10x_Chomium_V3	HiSeq X Ten	infected hepatocyte	BioIVT:BGW	Infected host hepatocytes	Liver stage	Cambodia field isolate	9	MMV390048	1	611_GGGTCTGCAGCCCAGT	Hypnozoite	NA	NA	NA	0	0	0	0	0	0	0	0	1	0	32	Hypnozoite	0	Asexual 1	-0.287074638485743	-3.17801147568623	-2.8883388188819	-3.29309785900318	2.28262718275123	2.75320795363044	-9.93330546907716	-2.47521919886648	1.1433379048225	-7.44465849140438	-2.46033195591879	1.13736937089718	0.462037231439837	-9.81577775251908	-4.7162322184401
611_GGGTGAACAGCTCTGG	179	137	36093191	SRR19573611	Ruberto2022_1	4	2022	Cambodia_Mondulkiri	10x_Chomium_V3	HiSeq X Ten	infected hepatocyte	BioIVT:BGW	Infected host hepatocytes	Liver stage	Cambodia field isolate	9	MMV390048	1	611_GGGTGAACAGCTCTGG	Hypnozoite	NA	NA	NA	0	0	0	0	0	0	0	0	0	0	36	Hypnozoite	0	Asexual 1	1.23633144986646	-2.85649472344319	-3.69769670042792	-2.89173186359607	2.84267910078102	0.609321983514777	-9.22198279031566	-3.62790520238531	2.63324764443633	-6.81722935919865	-3.63220219576089	2.63224216341613	-3.17350068343393	-13.6804787605246	4.24354664070974
611_GGGTGTCAGTCTAGAA	130	103	36093191	SRR19573611	Ruberto2022_1	4	2022	Cambodia_Mondulkiri	10x_Chomium_V3	HiSeq X Ten	infected hepatocyte	BioIVT:BGW	Infected host hepatocytes	Liver stage	Cambodia field isolate	9	MMV390048	1	611_GGGTGTCAGTCTAGAA	Hypnozoite	NA	NA	NA	0	0	0	0	0	0	0	0	1	0	32	Hypnozoite	0	Asexual 1	-0.379767579912974	-3.21301275360981	-3.041409268711	-3.14573181209766	2.45384605482154	2.4953673202381	-10.695385564596	-2.75132666232356	2.15861502414248	-8.21152376665826	-2.73748577568129	2.15322796174593	-2.57120032336393	-10.8377995791704	-2.89458245119028
611_GGGTTATTCAAGAATG	43	30	36093191	SRR19573611	Ruberto2022_1	4	2022	Cambodia_Mondulkiri	10x_Chomium_V3	HiSeq X Ten	infected hepatocyte	BioIVT:BGW	Infected host hepatocytes	Liver stage	Cambodia field isolate	9	MMV390048	1	611_GGGTTATTCAAGAATG	Hypnozoite	NA	NA	NA	0	0	0	0	0	0	0	0	1	0	12	Hypnozoite	0	Asexual 1	-0.235446525692774	-2.91609054673115	-2.8304283765296	-3.26968443927967	1.92883630350166	2.41034630125617	-11.5774231905225	-2.93986889200829	1.2312861757819	-9.08269687886577	-2.92373145683577	1.22521932724977	-4.45528607909303	-13.4203434608329	-6.38069336335947
611_GGTAATCCACAATGAA	1015	715	36093191	SRR19573611	Ruberto2022_1	4	2022	Cambodia_Mondulkiri	10x_Chomium_V3	HiSeq X Ten	infected hepatocyte	BioIVT:BGW	Infected host hepatocytes	Liver stage	Cambodia field isolate	9	MMV390048	1	611_GGTAATCCACAATGAA	Hypnozoite	NA	NA	NA	0	1	2	2	2	2	2	2	2	2	36	Hypnozoite	2	Female gametocyte	4.72555528771894	3.08720415961345	-2.59802652869025	-1.00865710315906	-4.43721453592247	-2.8751263301983	3.09253838009533	-1.45891347395376	3.32762571909475	6.04953679420045	-3.05146506904227	3.44357830010144	-2.57930678698124	7.86974294340942	3.75886196822076
611_GGTCACGCATTATGCG	196	157	36093191	SRR19573611	Ruberto2022_1	4	2022	Cambodia_Mondulkiri	10x_Chomium_V3	HiSeq X Ten	infected hepatocyte	BioIVT:BGW	Infected host hepatocytes	Liver stage	Cambodia field isolate	9	MMV390048	1	611_GGTCACGCATTATGCG	Hypnozoite	NA	NA	NA	0	0	0	0	0	0	0	0	0	0	42	Hypnozoite	0	Asexual 1	0.403572546363043	-2.55908495057026	-2.68233968291083	-3.55305898723804	1.202959018498	0.18499425238227	-8.02674511700717	-2.49553065745435	1.9805498239381	-5.95386465338049	-2.59013990934268	1.9944794631325	1.72840581594702	-11.8419413025583	2.32819300035637
611_GGTCACGGTGATAGAT	71	51	36093191	SRR19573611	Ruberto2022_1	4	2022	Cambodia_Mondulkiri	10x_Chomium_V3	HiSeq X Ten	infected hepatocyte	BioIVT:BGW	Infected host hepatocytes	Liver stage	Cambodia field isolate	9	MMV390048	1	611_GGTCACGGTGATAGAT	Hypnozoite	NA	NA	NA	0	0	0	0	0	0	0	0	1	0	36	Hypnozoite	0	Asexual 1	-0.479995561718775	-3.2503972636501	-3.22655130896369	-2.96262181339466	2.74488719060951	2.80693295782661	-10.8256666939055	-2.56155167411409	2.21167611934923	-8.3287846385151	-2.54484033995768	2.205409328735	-5.55634546938961	-10.3219544139566	-6.7809807318797
611_GGTGGCTAGAGGCCAT	41	25	36093191	SRR19573611	Ruberto2022_1	4	2022	Cambodia_Mondulkiri	10x_Chomium_V3	HiSeq X Ten	infected hepatocyte	BioIVT:BGW	Infected host hepatocytes	Liver stage	Cambodia field isolate	9	MMV390048	1	611_GGTGGCTAGAGGCCAT	Hypnozoite	NA	NA	NA	0	0	0	0	0	0	7	7	8	8	6	Hypnozoite	0	Asexual 1	-5.10195459234698	-5.75615435707966	-8.18172599348822	-3.06417453823291	1.80190630510383	3.94186714476203	-12.5631852291834	-2.91041127222619	1.25984369272976	-10.0591417312322	-2.89191986867922	1.25292215665457	-10.8866246947245	-12.9772068876026	-7.69450110727195
611_GTAACACGTCAGTTTG	546	420	36093191	SRR19573611	Ruberto2022_1	4	2022	Cambodia_Mondulkiri	10x_Chomium_V3	HiSeq X Ten	infected hepatocyte	BioIVT:BGW	Infected host hepatocytes	Liver stage	Cambodia field isolate	9	MMV390048	1	611_GTAACACGTCAGTTTG	Hypnozoite	NA	NA	NA	0	0	0	0	0	0	1	1	0	1	36	Hypnozoite	0	Asexual 1	4.02522717607038	2.00829202067455	-2.13094760451117	-3.83781922397815	0.280634361057812	-3.70562955552483	-1.70896685002645	-2.98181348797336	2.61863764743389	-2.01444097067722	-3.99866119214444	3.32885425109493	3.02465242240189	-8.93302991029967	19.3129657097228
611_GTAACCAAGTTACGAA	148	122	36093191	SRR19573611	Ruberto2022_1	4	2022	Cambodia_Mondulkiri	10x_Chomium_V3	HiSeq X Ten	infected hepatocyte	BioIVT:BGW	Infected host hepatocytes	Liver stage	Cambodia field isolate	9	MMV390048	1	611_GTAACCAAGTTACGAA	Hypnozoite	NA	NA	NA	0	0	0	0	0	0	0	0	0	0	12	Hypnozoite	0	Asexual 1	-0.326270265459849	-3.24640399086872	-3.09818054709235	-3.39099467334949	1.97701128080421	2.19655659979438	-8.49555151657333	-2.29136562615416	1.81264509694914	-6.01833687983099	-2.27909763706383	1.80755052323693	-1.98830631394978	-11.5854842579449	2.0099969010973
611_GTAGCTATCCATGAGT	65	59	36093191	SRR19573611	Ruberto2022_1	4	2022	Cambodia_Mondulkiri	10x_Chomium_V3	HiSeq X Ten	infected hepatocyte	BioIVT:BGW	Infected host hepatocytes	Liver stage	Cambodia field isolate	9	MMV390048	1	611_GTAGCTATCCATGAGT	Hypnozoite	NA	NA	NA	0	0	0	0	0	0	0	0	1	0	48	Hypnozoite	0	Asexual 1	-0.474625123619867	-3.006271420602	-3.27119041952887	-3.13767064151966	2.20697029188209	2.82346180265998	-9.86224600772524	-3.42887475876146	1.81676326183788	-7.36290745791364	-3.41161241313991	1.81035324723688	-7.53041227772631	-7.8132919532422	-3.49052201861873
611_GTCAAGTGTTAAACCC	806	585	36093191	SRR19573611	Ruberto2022_1	4	2022	Cambodia_Mondulkiri	10x_Chomium_V3	HiSeq X Ten	infected hepatocyte	BioIVT:BGW	Infected host hepatocytes	Liver stage	Cambodia field isolate	9	MMV390048	1	611_GTCAAGTGTTAAACCC	Hypnozoite	NA	NA	NA	0	0	0	0	0	0	1	1	0	1	36	Hypnozoite	0	Asexual 1	4.42329059731977	2.60906344782909	-2.27830459151068	-3.32603705463611	0.481754141598278	-4.17554113084222	-0.293875472502568	-2.25684683405188	2.14389580956352	-1.19157432696966	-3.32720286988349	2.75191455711369	6.77538270191203	-4.44044664217169	14.3652134550276
611_GTCAAGTGTTACCTTT	978	684	36093191	SRR19573611	Ruberto2022_1	4	2022	Cambodia_Mondulkiri	10x_Chomium_V3	HiSeq X Ten	infected hepatocyte	BioIVT:BGW	Infected host hepatocytes	Liver stage	Cambodia field isolate	9	MMV390048	1	611_GTCAAGTGTTACCTTT	Hypnozoite	NA	NA	NA	0	0	0	0	1	1	1	1	0	1	36	Hypnozoite	1	Asexual 2	4.76977096688764	3.04627961051067	-2.55196334395209	-1.34646654663288	-0.979693156928486	-4.41401144677544	0.972017555169762	-2.10865976292252	3.33119545791904	0.515403526310375	-2.5878982842889	3.72522037577806	5.25054900307023	2.69694245564723	8.5116900328983
611_GTCATGAGTGGCTAGA	219	189	36093191	SRR19573611	Ruberto2022_1	4	2022	Cambodia_Mondulkiri	10x_Chomium_V3	HiSeq X Ten	infected hepatocyte	BioIVT:BGW	Infected host hepatocytes	Liver stage	Cambodia field isolate	9	MMV390048	1	611_GTCATGAGTGGCTAGA	Hypnozoite	NA	NA	NA	0	0	0	0	0	0	0	0	0	0	24	Hypnozoite	0	Asexual 1	0.662783371329473	-2.93892794716755	-2.56135560545722	-3.07661283550464	1.21836073949867	-0.518746888281354	-6.83225394665589	-3.54013222887455	1.57020507203232	-5.25932975810728	-3.77769332020162	1.59153208277441	0.690898538534001	-8.82255693401125	6.08032380310006
611_GTCGAATGTCAGGTAG	699	541	36093191	SRR19573611	Ruberto2022_1	4	2022	Cambodia_Mondulkiri	10x_Chomium_V3	HiSeq X Ten	infected hepatocyte	BioIVT:BGW	Infected host hepatocytes	Liver stage	Cambodia field isolate	9	MMV390048	1	611_GTCGAATGTCAGGTAG	Hypnozoite	NA	NA	NA	0	1	2	2	2	2	2	2	2	2	36	Hypnozoite	2	Female gametocyte	-4.69422019827349	-0.659079252366222	-3.01594974074164	1.46190404357708	-4.99907318994469	-4.41525456124688	-0.112505828685134	-1.21327017990346	3.451494309071	3.05643270907169	-2.28834912455065	3.36188002728741	-2.64008004932307	5.91924297163341	4.44932316567746
611_GTCTAGATCGACCTAA	674	528	36093191	SRR19573611	Ruberto2022_1	4	2022	Cambodia_Mondulkiri	10x_Chomium_V3	HiSeq X Ten	infected hepatocyte	BioIVT:BGW	Infected host hepatocytes	Liver stage	Cambodia field isolate	9	MMV390048	1	611_GTCTAGATCGACCTAA	Hypnozoite	NA	NA	NA	0	0	0	0	0	0	1	1	0	1	32	Hypnozoite	0	Asexual 1	3.1808620561363	-0.456469832543529	-3.31879116568366	-4.06146157322132	0.606231826096111	-3.13090750390435	-1.57460211847316	-3.07101807558443	2.75083201917714	-1.67117695005469	-4.05743696498446	3.57602529817644	2.2170189710342	-10.0167736119576	16.568872973984
611_GTCTGTCAGACTGAGC	243	220	36093191	SRR19573611	Ruberto2022_1	4	2022	Cambodia_Mondulkiri	10x_Chomium_V3	HiSeq X Ten	infected hepatocyte	BioIVT:BGW	Infected host hepatocytes	Liver stage	Cambodia field isolate	9	MMV390048	1	611_GTCTGTCAGACTGAGC	Hypnozoite	NA	NA	NA	0	0	0	0	0	0	0	0	0	0	24	Hypnozoite	0	Asexual 1	0.347907172560858	-2.59058886635701	-2.99349810156622	-3.75947273311817	1.489544707089	0.615022571741096	-5.98454435717258	-3.56780087461624	0.773538952629828	-3.7270250550177	-3.6124539760307	0.7878586468948	-0.74020733704603	-10.3073340024338	0.56780586592171
611_GTGTCCTCATCCTATT	127	91	36093191	SRR19573611	Ruberto2022_1	4	2022	Cambodia_Mondulkiri	10x_Chomium_V3	HiSeq X Ten	infected hepatocyte	BioIVT:BGW	Infected host hepatocytes	Liver stage	Cambodia field isolate	9	MMV390048	1	611_GTGTCCTCATCCTATT	Hypnozoite	NA	NA	NA	0	0	0	0	0	0	0	0	1	0	48	Hypnozoite	0	Asexual 1	-0.182368768334223	-3.05534416306416	-3.08633138212958	-3.82518828449451	3.03845174863868	2.79280641859626	-9.66218915028606	-3.73167755858321	0.389911574195526	-7.17465560813912	-3.71715798109935	0.384130144527151	-3.21881386922286	-9.06440034406525	-4.33240963506851
611_GTGTGATGTGATAGAT	122	102	36093191	SRR19573611	Ruberto2022_1	4	2022	Cambodia_Mondulkiri	10x_Chomium_V3	HiSeq X Ten	infected hepatocyte	BioIVT:BGW	Infected host hepatocytes	Liver stage	Cambodia field isolate	9	MMV390048	1	611_GTGTGATGTGATAGAT	Hypnozoite	NA	NA	NA	0	0	0	0	0	0	0	0	1	0	42	Hypnozoite	0	Asexual 1	-0.101481569886042	-3.31045514214436	-3.2977364209632	-3.0871900373479	2.55909307554298	2.44286635702705	-9.70967107404755	-3.17427945379157	0.483738883648852	-7.23821415488896	-3.16302063857612	0.478590259802128	-4.18337014986716	-6.22920295926779	-3.9190653751136
611_GTTACCCCAAAGGGTC	176	147	36093191	SRR19573611	Ruberto2022_1	4	2022	Cambodia_Mondulkiri	10x_Chomium_V3	HiSeq X Ten	infected hepatocyte	BioIVT:BGW	Infected host hepatocytes	Liver stage	Cambodia field isolate	9	MMV390048	1	611_GTTACCCCAAAGGGTC	Hypnozoite	NA	NA	NA	0	0	0	0	0	0	0	0	0	0	42	Hypnozoite	0	Asexual 1	-0.00850067841990102	-2.76632982361714	-2.61237360510626	-3.41072452602588	1.44125016286903	1.32658818548774	-7.87556815624467	-3.43273977818246	1.23574585259046	-5.47529156547723	-3.4398675733521	1.2332965684358	0.877329315936909	-10.3818281310693	1.48982110468837
611_GTTACGACATGTTCAG	509	416	36093191	SRR19573611	Ruberto2022_1	4	2022	Cambodia_Mondulkiri	10x_Chomium_V3	HiSeq X Ten	infected hepatocyte	BioIVT:BGW	Infected host hepatocytes	Liver stage	Cambodia field isolate	9	MMV390048	1	611_GTTACGACATGTTCAG	Hypnozoite	NA	NA	NA	0	0	0	0	0	0	0	0	0	0	36	Hypnozoite	0	Asexual 1	2.82943235528486	-0.927310525063671	-3.45561076674262	-3.81212556896412	1.45712514474922	-3.02424618417169	-3.25097398699419	-3.28190987620571	1.43172689597377	-2.43185994961423	-3.76177925977153	1.74140931352475	0.559445469614421	-12.2756677088562	6.71131844630695
611_GTTAGTGGTATCCTCC	394	326	36093191	SRR19573611	Ruberto2022_1	4	2022	Cambodia_Mondulkiri	10x_Chomium_V3	HiSeq X Ten	infected hepatocyte	BioIVT:BGW	Infected host hepatocytes	Liver stage	Cambodia field isolate	9	MMV390048	1	611_GTTAGTGGTATCCTCC	Hypnozoite	NA	NA	NA	0	0	0	0	0	0	1	1	0	1	36	Hypnozoite	0	Asexual 1	2.89986358773725	-0.957016049508251	-3.26280547652045	-4.12708533344471	1.16692705705696	-2.55698439294244	-2.9225521728764	-1.95385480972531	3.39018204710497	-3.06260390910828	-2.89297301681517	4.13290219430441	1.83947137985459	-12.8738719917242	15.2706753963418
611_GTTCGCTAGATTGTGA	475	366	36093191	SRR19573611	Ruberto2022_1	4	2022	Cambodia_Mondulkiri	10x_Chomium_V3	HiSeq X Ten	infected hepatocyte	BioIVT:BGW	Infected host hepatocytes	Liver stage	Cambodia field isolate	9	MMV390048	1	611_GTTCGCTAGATTGTGA	Hypnozoite	NA	NA	NA	0	0	0	0	0	0	1	1	0	1	36	Hypnozoite	0	Asexual 1	2.81938658845441	-1.10667842495839	-3.03657413992682	-4.09097493229114	1.35604675367408	-2.02770063096429	-5.33182583306868	-2.67786998497601	3.57582759669977	-5.49638586960727	-3.50096876162829	4.14923513163021	1.80091549179339	-14.975429476129	13.7054570087793
611_GTTGTAGTCAGGAAAT	403	303	36093191	SRR19573611	Ruberto2022_1	4	2022	Cambodia_Mondulkiri	10x_Chomium_V3	HiSeq X Ten	infected hepatocyte	BioIVT:BGW	Infected host hepatocytes	Liver stage	Cambodia field isolate	9	MMV390048	1	611_GTTGTAGTCAGGAAAT	Hypnozoite	NA	NA	NA	0	0	0	0	0	0	0	0	0	0	24	Hypnozoite	0	Asexual 1	1.49894570004957	-2.29673296082417	-3.53538347754279	-3.86050260601246	1.38288827493721	-1.30019244367028	-3.74066758930046	-2.85671471491218	1.73113462676575	-2.93141944075083	-3.31590770290737	1.97563939057277	-0.853735620740429	-12.4734107328522	7.32752362370662
611_GTTGTGAGTGTGATGG	245	206	36093191	SRR19573611	Ruberto2022_1	4	2022	Cambodia_Mondulkiri	10x_Chomium_V3	HiSeq X Ten	infected hepatocyte	BioIVT:BGW	Infected host hepatocytes	Liver stage	Cambodia field isolate	9	MMV390048	1	611_GTTGTGAGTGTGATGG	Hypnozoite	NA	NA	NA	0	0	0	0	0	0	0	0	0	0	6	Hypnozoite	0	Asexual 1	1.69874011170881	-2.68300253022114	-2.99926473173895	-3.34373271999561	1.81009204938942	-0.159442512334832	-6.65243108991951	-4.49830229263177	1.05713680932878	-4.77713488365592	-4.63045994624873	1.10041772190232	-3.41215284351939	-12.6836396753341	6.60575873966088
611_GTTTACTAGTTCCGGC	135	112	36093191	SRR19573611	Ruberto2022_1	4	2022	Cambodia_Mondulkiri	10x_Chomium_V3	HiSeq X Ten	infected hepatocyte	BioIVT:BGW	Infected host hepatocytes	Liver stage	Cambodia field isolate	9	MMV390048	1	611_GTTTACTAGTTCCGGC	Hypnozoite	NA	NA	NA	0	0	0	0	0	0	0	0	0	0	36	Hypnozoite	0	Asexual 1	0.203979553699659	-3.18328672516743	-3.37229706320563	-3.63079894123279	2.73263223722511	2.03904965704536	-8.27510646430118	-3.16640846381148	2.02769504896742	-5.82320319937377	-3.15953566864246	2.02392064903706	-2.35679517641629	-9.37830358235825	-0.762348705453091
611_GTTTGGATCATACGAC	385	306	36093191	SRR19573611	Ruberto2022_1	4	2022	Cambodia_Mondulkiri	10x_Chomium_V3	HiSeq X Ten	infected hepatocyte	BioIVT:BGW	Infected host hepatocytes	Liver stage	Cambodia field isolate	9	MMV390048	1	611_GTTTGGATCATACGAC	Hypnozoite	NA	NA	NA	0	0	0	0	0	0	1	1	0	1	24	Hypnozoite	0	Asexual 1	2.17336522233503	-1.94018608200947	-3.6207389977912	-3.44802964267933	1.60920007780128	-2.35759696179772	-4.55231272641395	-2.98864170959946	4.26913336860199	-4.70842805177992	-3.85737340539192	4.90354265285046	3.38442473654401	-12.9246331588259	12.091574052137
611_TAAGCGTGTCAAAGTA	139	125	36093191	SRR19573611	Ruberto2022_1	4	2022	Cambodia_Mondulkiri	10x_Chomium_V3	HiSeq X Ten	infected hepatocyte	BioIVT:BGW	Infected host hepatocytes	Liver stage	Cambodia field isolate	9	MMV390048	1	611_TAAGCGTGTCAAAGTA	Hypnozoite	NA	NA	NA	0	0	0	0	0	0	0	0	1	0	36	Hypnozoite	0	Asexual 1	-0.207353724121882	-2.8273859607021	-2.86401750120917	-3.32707226810657	1.30490608766609	1.72909596747016	-8.80981793648907	-2.67602820000696	2.70108095404979	-6.35065997178492	-2.66834710831054	2.69712019762165	0.929526779357902	-9.99564613901019	-0.250788128558294
611_TAAGCGTTCCGTAGGC	63	41	36093191	SRR19573611	Ruberto2022_1	4	2022	Cambodia_Mondulkiri	10x_Chomium_V3	HiSeq X Ten	infected hepatocyte	BioIVT:BGW	Infected host hepatocytes	Liver stage	Cambodia field isolate	9	MMV390048	1	611_TAAGCGTTCCGTAGGC	Hypnozoite	NA	NA	NA	0	0	0	0	0	0	0	0	1	0	42	Hypnozoite	0	Asexual 1	-0.24299673545344	-3.2582417117397	-2.92995502028266	-3.53365409908497	2.26212509229713	2.63239124601935	-11.8446241038724	-2.46122693754213	1.15731578916695	-9.35612315300293	-2.44639823765263	1.15174196399364	-3.73646172173646	-11.7622032462814	-6.41663914001714
611_TAATCTCAGCAAGTGC	56	48	36093191	SRR19573611	Ruberto2022_1	4	2022	Cambodia_Mondulkiri	10x_Chomium_V3	HiSeq X Ten	infected hepatocyte	BioIVT:BGW	Infected host hepatocytes	Liver stage	Cambodia field isolate	9	MMV390048	1	611_TAATCTCAGCAAGTGC	Hypnozoite	NA	NA	NA	0	0	0	0	0	0	0	0	1	0	24	Hypnozoite	0	Asexual 1	-0.299270255446268	-3.27501040566365	-2.99618197951117	-3.42540801105701	2.08404334142738	2.55923250502204	-11.5635470834132	-3.44504977147774	1.42477542616997	-9.07416871506788	-3.43029390065743	1.41907110222421	-5.39230712640949	-12.2336564091201	-6.150055316982
611_TACACCCGTACGAAAT	365	275	36093191	SRR19573611	Ruberto2022_1	4	2022	Cambodia_Mondulkiri	10x_Chomium_V3	HiSeq X Ten	infected hepatocyte	BioIVT:BGW	Infected host hepatocytes	Liver stage	Cambodia field isolate	9	MMV390048	1	611_TACACCCGTACGAAAT	Hypnozoite	NA	NA	NA	0	0	0	0	0	0	0	0	0	0	32	Hypnozoite	0	Asexual 1	1.85712407720106	-2.01629334557454	-3.67153836760321	-3.69085610447132	1.86146529272132	-1.39775404149438	-5.84269448687646	-1.37326911133841	3.15558877204511	-4.86501061716443	-1.76894799063139	3.41297831924323	-0.720129175738762	-12.5735400574243	5.90683966274043
611_TACCGGGCATGGCTGC	86	82	36093191	SRR19573611	Ruberto2022_1	4	2022	Cambodia_Mondulkiri	10x_Chomium_V3	HiSeq X Ten	infected hepatocyte	BioIVT:BGW	Infected host hepatocytes	Liver stage	Cambodia field isolate	9	MMV390048	1	611_TACCGGGCATGGCTGC	Hypnozoite	NA	NA	NA	0	0	0	0	0	0	0	0	1	0	12	Hypnozoite	0	Asexual 1	-0.00272945868952382	-3.2411072837154	-3.09027101073065	-3.40837610302173	2.42591031148964	2.08025792425727	-10.0437660592982	-3.52431598264286	1.60056706084569	-7.57605963140244	-3.51445937259267	1.5961635402685	-0.763558351228883	-8.48597947080807	-3.23311461780491
611_TAGAGTCGTATCAGCT	630	479	36093191	SRR19573611	Ruberto2022_1	4	2022	Cambodia_Mondulkiri	10x_Chomium_V3	HiSeq X Ten	infected hepatocyte	BioIVT:BGW	Infected host hepatocytes	Liver stage	Cambodia field isolate	9	MMV390048	1	611_TAGAGTCGTATCAGCT	Hypnozoite	NA	NA	NA	0	0	0	0	0	0	1	1	0	1	36	Hypnozoite	0	Asexual 1	3.01966463220136	-0.904394446496166	-3.33351303610602	-3.45322502193653	0.199014725833469	-2.65271207505608	-2.94251981840342	-2.13350450623524	2.25695317891126	-2.97586839052307	-3.00911697857044	2.70416275959835	2.31815234783075	-5.33625018473156	12.2477114385173
611_TAGGTTGGTGTTCGAT	56	41	36093191	SRR19573611	Ruberto2022_1	4	2022	Cambodia_Mondulkiri	10x_Chomium_V3	HiSeq X Ten	infected hepatocyte	BioIVT:BGW	Infected host hepatocytes	Liver stage	Cambodia field isolate	9	MMV390048	1	611_TAGGTTGGTGTTCGAT	Hypnozoite	NA	NA	NA	0	0	0	0	0	0	0	0	1	0	36	Hypnozoite	0	Asexual 1	-0.636516941666437	-3.18486529457966	-3.18686439070502	-3.33896005687915	2.25816495969825	3.12572792357062	-11.1612969421191	-3.28332863430775	0.956443406196595	-8.65881146979718	-3.26526417829717	0.949625638808202	-6.3358786519609	-8.92038396200861	-5.46572195485935
611_TAGTGCACAGGTGTTT	680	538	36093191	SRR19573611	Ruberto2022_1	4	2022	Cambodia_Mondulkiri	10x_Chomium_V3	HiSeq X Ten	infected hepatocyte	BioIVT:BGW	Infected host hepatocytes	Liver stage	Cambodia field isolate	9	MMV390048	1	611_TAGTGCACAGGTGTTT	Hypnozoite	NA	NA	NA	0	0	0	0	0	0	1	1	0	1	36	Hypnozoite	0	Asexual 1	3.32512818467634	0.132856191511951	-3.07764221701422	-2.8036583715459	-0.179839921445316	-3.67249342614556	-0.134815151187483	-4.62992537317976	2.68491431548263	-0.178629276887375	-5.5204375067784	3.03139871154125	4.76035239965654	-4.03976881599322	11.9207399110695
611_TATACCTAGATGCTAA	158	134	36093191	SRR19573611	Ruberto2022_1	4	2022	Cambodia_Mondulkiri	10x_Chomium_V3	HiSeq X Ten	infected hepatocyte	BioIVT:BGW	Infected host hepatocytes	Liver stage	Cambodia field isolate	9	MMV390048	1	611_TATACCTAGATGCTAA	Hypnozoite	NA	NA	NA	0	0	0	0	0	0	0	0	1	0	6	Hypnozoite	0	Asexual 1	0.00430358764545809	-3.26340490448872	-3.36628676924506	-3.21265185413562	3.06646283224159	2.28748110121345	-8.70158784986752	-2.72987534140261	0.878894594427807	-6.22440612588998	-2.71770098921347	0.873681727779748	-1.59498405796961	-10.1499209986762	-0.0531516530466588
611_TATCAGGTCTACCAGA	288	222	36093191	SRR19573611	Ruberto2022_1	4	2022	Cambodia_Mondulkiri	10x_Chomium_V3	HiSeq X Ten	infected hepatocyte	BioIVT:BGW	Infected host hepatocytes	Liver stage	Cambodia field isolate	9	MMV390048	1	611_TATCAGGTCTACCAGA	Hypnozoite	NA	NA	NA	0	0	0	0	0	0	0	0	0	0	48	Hypnozoite	0	Asexual 1	1.44150184285657	-3.21623664963642	-3.14716340575018	-3.65229261455738	2.06008275106483	-0.463004138337025	-6.77705638908664	-2.44006582667579	2.18469036869547	-4.92797891011929	-2.58029523828675	2.22880625692895	-1.13092640140546	-12.902805930458	4.4483140951058
611_TATGTTCAGAGAGTTT	407	340	36093191	SRR19573611	Ruberto2022_1	4	2022	Cambodia_Mondulkiri	10x_Chomium_V3	HiSeq X Ten	infected hepatocyte	BioIVT:BGW	Infected host hepatocytes	Liver stage	Cambodia field isolate	9	MMV390048	1	611_TATGTTCAGAGAGTTT	Hypnozoite	NA	NA	NA	0	0	0	0	0	0	1	1	0	1	36	Hypnozoite	0	Asexual 1	1.85633133542554	-1.84146910775105	-3.37982989821234	-3.77737463054859	0.68351318195396	-1.12458875590707	-3.4378471620642	-2.91600085039165	2.13833132591128	-2.96710850282781	-3.51704088465099	2.40386330449113	3.50102497427532	-10.8730895560454	5.30127497409052
611_TCACTCGAGACGAAGA	94	82	36093191	SRR19573611	Ruberto2022_1	4	2022	Cambodia_Mondulkiri	10x_Chomium_V3	HiSeq X Ten	infected hepatocyte	BioIVT:BGW	Infected host hepatocytes	Liver stage	Cambodia field isolate	9	MMV390048	1	611_TCACTCGAGACGAAGA	Hypnozoite	NA	NA	NA	0	0	0	0	0	0	0	0	1	0	24	Hypnozoite	0	Asexual 1	-0.0802803616522084	-3.10597377884785	-2.92064000639716	-3.78011954364978	1.99883707120948	2.28279593771552	-10.0936501067012	-3.87517019849788	2.07714717393485	-7.61732474482629	-3.86350825824264	2.07248348127321	-3.22758890031443	-10.5227599164555	-1.09367429293825
611_TCAGGGCCAAATCCCA	544	408	36093191	SRR19573611	Ruberto2022_1	4	2022	Cambodia_Mondulkiri	10x_Chomium_V3	HiSeq X Ten	infected hepatocyte	BioIVT:BGW	Infected host hepatocytes	Liver stage	Cambodia field isolate	9	MMV390048	1	611_TCAGGGCCAAATCCCA	Hypnozoite	NA	NA	NA	0	0	0	0	0	0	1	1	0	1	36	Hypnozoite	0	Asexual 1	3.16238080155866	-0.500232039574779	-3.3224458840827	-3.58349454937183	1.36672325685554	-3.08581015283013	-1.26853578718356	-3.52581791401577	3.61006714504361	-1.67675486826543	-4.54570043675997	4.39988399261205	6.04158968111128	-9.32393696098148	12.7022551854274
611_TCAGTGATCATGCTAG	179	153	36093191	SRR19573611	Ruberto2022_1	4	2022	Cambodia_Mondulkiri	10x_Chomium_V3	HiSeq X Ten	infected hepatocyte	BioIVT:BGW	Infected host hepatocytes	Liver stage	Cambodia field isolate	9	MMV390048	1	611_TCAGTGATCATGCTAG	Hypnozoite	NA	NA	NA	0	0	0	0	0	0	0	0	1	0	36	Hypnozoite	0	Asexual 1	-1.75617600786669	-2.65230327713887	-2.65214516196051	-3.18687952099048	3.298142987042	3.38895467108344	-6.97983033775769	-0.0444086014227476	0.269794654938151	-4.50530413337186	-0.0292411596887234	0.264214039902665	4.63119259011802	-7.57249633606674	-6.54540904765751
611_TCATATCTCGTTAGAC	142	124	36093191	SRR19573611	Ruberto2022_1	4	2022	Cambodia_Mondulkiri	10x_Chomium_V3	HiSeq X Ten	infected hepatocyte	BioIVT:BGW	Infected host hepatocytes	Liver stage	Cambodia field isolate	9	MMV390048	1	611_TCATATCTCGTTAGAC	Hypnozoite	NA	NA	NA	0	0	0	0	0	0	0	0	0	0	12	Hypnozoite	0	Asexual 1	0.231006430506872	-2.79502230751912	-2.98621107611456	-3.58958733616077	1.96979816511207	0.662808211503974	-8.83600219511307	-3.07484418728618	1.76108645771811	-6.42892584965186	-3.07868031598664	1.75992072320351	-0.860731021481695	-11.2436255105297	2.89608030806495
611_TCATGTTCAAGTGGTG	110	100	36093191	SRR19573611	Ruberto2022_1	4	2022	Cambodia_Mondulkiri	10x_Chomium_V3	HiSeq X Ten	infected hepatocyte	BioIVT:BGW	Infected host hepatocytes	Liver stage	Cambodia field isolate	9	MMV390048	1	611_TCATGTTCAAGTGGTG	Hypnozoite	NA	NA	NA	0	0	0	0	0	0	0	0	0	0	6	Hypnozoite	0	Asexual 1	0.719391929030584	-3.38622313607136	-3.5752661374549	-2.8910573774358	2.82785614088111	0.649344714342109	-9.4751066163706	-1.80419065242936	3.22957227597876	-7.06680896836924	-1.80706932800642	3.22834728177344	0.439375827333763	-3.47521531569222	-2.01322627767524
611_TCATTCAAGCTGCGAA	121	112	36093191	SRR19573611	Ruberto2022_1	4	2022	Cambodia_Mondulkiri	10x_Chomium_V3	HiSeq X Ten	infected hepatocyte	BioIVT:BGW	Infected host hepatocytes	Liver stage	Cambodia field isolate	9	MMV390048	1	611_TCATTCAAGCTGCGAA	Hypnozoite	NA	NA	NA	0	0	0	0	0	0	0	0	0	0	6	Hypnozoite	0	Asexual 1	0.57500104796903	-3.44612628090779	-3.35951520476142	-3.57929242191517	2.6807661826902	1.30739107912635	-9.08833769920146	-3.86869963037753	2.70388773985663	-6.69350912369915	-3.87538776023242	2.70321815465798	-2.81422165464199	-11.8582221390746	-0.664831023713033
611_TCCACCATCTGTCAGA	147	129	36093191	SRR19573611	Ruberto2022_1	4	2022	Cambodia_Mondulkiri	10x_Chomium_V3	HiSeq X Ten	infected hepatocyte	BioIVT:BGW	Infected host hepatocytes	Liver stage	Cambodia field isolate	9	MMV390048	1	611_TCCACCATCTGTCAGA	Hypnozoite	NA	NA	NA	0	0	0	0	0	0	0	0	0	0	36	Hypnozoite	0	Asexual 1	0.86118166339414	-2.9559362517635	-3.3841347840766	-3.47798407612049	2.33827002599769	0.287439795194617	-8.45414031280852	-2.89703868412979	2.36519250007207	-6.12200915518201	-2.91812615073693	2.36796578911719	-0.659862292238289	-13.0364017925802	4.69826226000179
611_TCCACGTAGGTTACCT	330	273	36093191	SRR19573611	Ruberto2022_1	4	2022	Cambodia_Mondulkiri	10x_Chomium_V3	HiSeq X Ten	infected hepatocyte	BioIVT:BGW	Infected host hepatocytes	Liver stage	Cambodia field isolate	9	MMV390048	1	611_TCCACGTAGGTTACCT	Hypnozoite	NA	NA	NA	0	0	0	0	0	0	0	1	0	0	36	Hypnozoite	0	Asexual 1	1.89913605344312	-2.27522665131489	-3.43498064551154	-3.700296764948	1.53963954999977	-1.7961228769436	-4.93245568094542	-3.43862631814597	1.9233546559275	-4.58183239264711	-4.06333846931267	2.30735100803919	0.556343201949059	-13.9169567773026	8.73117108290693
611_TCCAGAAAGACGACTG	196	168	36093191	SRR19573611	Ruberto2022_1	4	2022	Cambodia_Mondulkiri	10x_Chomium_V3	HiSeq X Ten	infected hepatocyte	BioIVT:BGW	Infected host hepatocytes	Liver stage	Cambodia field isolate	9	MMV390048	1	611_TCCAGAAAGACGACTG	Hypnozoite	NA	NA	NA	0	0	0	0	0	0	0	0	0	0	32	Hypnozoite	0	Asexual 1	-0.0938129703996907	-2.93683701622883	-2.80555130514899	-3.80858290729725	1.43618257597023	0.684291871248237	-7.54220178218795	-2.87163595291494	1.13910666793302	-5.20820710330053	-2.89384159255502	1.14085319563644	1.9216810362067	-11.2341604359675	1.59169885074698
611_TCCAGAACAATCTAGC	73	66	36093191	SRR19573611	Ruberto2022_1	4	2022	Cambodia_Mondulkiri	10x_Chomium_V3	HiSeq X Ten	infected hepatocyte	BioIVT:BGW	Infected host hepatocytes	Liver stage	Cambodia field isolate	9	MMV390048	1	611_TCCAGAACAATCTAGC	Hypnozoite	NA	NA	NA	0	0	0	0	0	0	0	0	1	0	36	Hypnozoite	0	Asexual 1	-0.696239961266352	-3.21281701195637	-3.06599713835517	-2.97351134357654	2.19073350980812	2.70556023901557	-10.1047773082369	-2.97109146387706	1.04569068962569	-7.60594558204819	-2.95403236846688	1.03929742206205	-4.35992926152873	-8.36498537591606	-4.07971215643772
611_TCCAGAAGTTGCTCGG	289	247	36093191	SRR19573611	Ruberto2022_1	4	2022	Cambodia_Mondulkiri	10x_Chomium_V3	HiSeq X Ten	infected hepatocyte	BioIVT:BGW	Infected host hepatocytes	Liver stage	Cambodia field isolate	9	MMV390048	1	611_TCCAGAAGTTGCTCGG	Hypnozoite	NA	NA	NA	0	0	0	0	0	0	0	0	0	0	32	Hypnozoite	0	Asexual 1	-0.470999253868891	-2.42907291520039	-2.50683881315985	-3.50982893047535	0.573535578995281	-0.545207453907975	-5.44852327769499	-2.56588712447458	1.76155853869624	-4.28203473623431	-2.94836314847664	1.78697478731115	1.49061169643983	-9.30728060775749	2.47170851674778
611_TCCCACAAGCGCCCAT	1129	794	36093191	SRR19573611	Ruberto2022_1	4	2022	Cambodia_Mondulkiri	10x_Chomium_V3	HiSeq X Ten	infected hepatocyte	BioIVT:BGW	Infected host hepatocytes	Liver stage	Cambodia field isolate	9	MMV390048	1	611_TCCCACAAGCGCCCAT	Hypnozoite	NA	NA	NA	0	0	0	0	1	1	1	1	0	1	36	Hypnozoite	1	Asexual 2	4.82188926827924	3.30726736914714	-2.55158378157416	-0.574795609094731	0.815539317875439	-6.77912875825311	3.82793623390613	-1.52596846603993	3.81789537572762	2.89275207805204	-0.472090339940957	4.99977604871046	15.2448069074322	0.340638909894568	4.55157338502255
611_TCCGGGAAGACGCCAA	60	53	36093191	SRR19573611	Ruberto2022_1	4	2022	Cambodia_Mondulkiri	10x_Chomium_V3	HiSeq X Ten	infected hepatocyte	BioIVT:BGW	Infected host hepatocytes	Liver stage	Cambodia field isolate	9	MMV390048	1	611_TCCGGGAAGACGCCAA	Hypnozoite	NA	NA	NA	0	0	0	0	0	0	0	0	1	0	32	Hypnozoite	0	Asexual 1	-0.475990844845606	-3.253332673196	-3.13913585219184	-3.45815384922229	2.60371144369178	2.99161222761726	-11.4928775825623	-2.31765594341357	1.4732121181783	-9.00584172285103	-2.30337634867741	1.46766160460616	-5.47753228191616	-8.81403198565876	-6.51711731203651
611_TCCTCGACATAGAATG	621	501	36093191	SRR19573611	Ruberto2022_1	4	2022	Cambodia_Mondulkiri	10x_Chomium_V3	HiSeq X Ten	infected hepatocyte	BioIVT:BGW	Infected host hepatocytes	Liver stage	Cambodia field isolate	9	MMV390048	1	611_TCCTCGACATAGAATG	Hypnozoite	NA	NA	NA	0	0	0	0	0	0	1	1	0	1	36	Hypnozoite	0	Asexual 1	3.72105752122419	1.12444743644794	-2.69146658453742	-4.16458428440296	0.795054393559032	-3.56721231156732	-1.62495041890378	-2.42429852498408	1.92003983061005	-1.93544002402071	-3.46103214070835	2.7747871866757	3.45549874413177	-10.4280040536137	16.0532754293712
611_TCGACGGTCATTCATC	136	113	36093191	SRR19573611	Ruberto2022_1	4	2022	Cambodia_Mondulkiri	10x_Chomium_V3	HiSeq X Ten	infected hepatocyte	BioIVT:BGW	Infected host hepatocytes	Liver stage	Cambodia field isolate	9	MMV390048	1	611_TCGACGGTCATTCATC	Hypnozoite	NA	NA	NA	0	0	0	0	0	0	0	0	1	0	24	Hypnozoite	0	Asexual 1	-0.00778508740646947	-3.31714564431111	-3.28477384123602	-3.05422556934559	2.9166584785276	1.37341335600471	-9.3171451777617	-2.40110573670102	1.6639650968394	-6.83048123617314	-2.38655840090864	1.65806141766523	-0.0829749620795473	-9.84710030246067	-7.24416742304883
611_TCGGATATCTCAAAGC	535	415	36093191	SRR19573611	Ruberto2022_1	4	2022	Cambodia_Mondulkiri	10x_Chomium_V3	HiSeq X Ten	infected hepatocyte	BioIVT:BGW	Infected host hepatocytes	Liver stage	Cambodia field isolate	9	MMV390048	1	611_TCGGATATCTCAAAGC	Hypnozoite	NA	NA	NA	0	0	0	0	0	0	1	1	0	1	24	Hypnozoite	0	Asexual 1	3.14049969804304	-0.509463368539013	-3.2636993077735	-3.93482602176868	1.10514791563087	-3.18334886247064	-2.74357880780235	-3.16334588214677	3.03704043704633	-3.05631818943319	-4.16528685440414	3.86466759438865	5.45212413468329	-10.9979927365971	14.1333736314975
611_TCTACCGCATTGTCGA	674	530	36093191	SRR19573611	Ruberto2022_1	4	2022	Cambodia_Mondulkiri	10x_Chomium_V3	HiSeq X Ten	infected hepatocyte	BioIVT:BGW	Infected host hepatocytes	Liver stage	Cambodia field isolate	9	MMV390048	1	611_TCTACCGCATTGTCGA	Hypnozoite	NA	NA	NA	0	3	3	3	4	4	5	5	5	5	36	Hypnozoite	4	Asexual 4	4.51702343118207	2.7647554291447	-2.38595296416083	1.66525625648297	-5.04249207422203	-4.73358270341302	0.922117770986063	-2.0579975024907	3.17513510296853	4.19937665758506	-2.49204394098388	3.42083405344101	-14.50663138856	21.9986734720785	-4.73932286318961
611_TCTACCGTCCGCTTAC	324	273	36093191	SRR19573611	Ruberto2022_1	4	2022	Cambodia_Mondulkiri	10x_Chomium_V3	HiSeq X Ten	infected hepatocyte	BioIVT:BGW	Infected host hepatocytes	Liver stage	Cambodia field isolate	9	MMV390048	1	611_TCTACCGTCCGCTTAC	Hypnozoite	NA	NA	NA	0	0	0	0	0	0	0	0	0	0	24	Hypnozoite	0	Asexual 1	2.28651605737226	-1.65633207428852	-3.64996243986884	-3.83977091846668	1.82170696809822	-2.11790391618157	-4.04727953439195	-2.3359093203362	1.32084512254112	-3.6978437978392	-2.99074833141384	1.78484055830996	-1.30861129992933	-13.5754984363359	8.04857190132016
611_TCTATCAAGTGGAAAG	259	212	36093191	SRR19573611	Ruberto2022_1	4	2022	Cambodia_Mondulkiri	10x_Chomium_V3	HiSeq X Ten	infected hepatocyte	BioIVT:BGW	Infected host hepatocytes	Liver stage	Cambodia field isolate	9	MMV390048	1	611_TCTATCAAGTGGAAAG	Hypnozoite	NA	NA	NA	0	0	0	0	0	0	0	0	0	0	36	Hypnozoite	0	Asexual 1	1.62810729634778	-2.16321498024861	-3.59017945799628	-3.3030160718938	1.74589856222206	-1.17490514928246	-5.4434392592209	-2.83545543859692	1.89043216793725	-4.12299711427601	-3.1421477583362	2.02494095475178	-0.462405656147448	-12.3981441374837	5.76166528867097
611_TCTTGCGCAGTTAAAG	724	559	36093191	SRR19573611	Ruberto2022_1	4	2022	Cambodia_Mondulkiri	10x_Chomium_V3	HiSeq X Ten	infected hepatocyte	BioIVT:BGW	Infected host hepatocytes	Liver stage	Cambodia field isolate	9	MMV390048	1	611_TCTTGCGCAGTTAAAG	Hypnozoite	NA	NA	NA	0	0	0	0	0	0	1	1	0	1	36	Hypnozoite	0	Asexual 1	4.23318945062177	2.17966276537975	-1.69833661589423	-1.97418273029529	-0.853746754378742	-3.88460108453179	0.301662774156339	-1.95712589577671	4.88744602982363	0.282408941162376	-2.54559125008191	5.28459875910142	4.6370979981641	-2.28053302554988	12.4502008369185
611_TGAATGCTCGGTCTGG	58	57	36093191	SRR19573611	Ruberto2022_1	4	2022	Cambodia_Mondulkiri	10x_Chomium_V3	HiSeq X Ten	infected hepatocyte	BioIVT:BGW	Infected host hepatocytes	Liver stage	Cambodia field isolate	9	MMV390048	1	611_TGAATGCTCGGTCTGG	Hypnozoite	NA	NA	NA	0	0	0	0	0	0	0	0	1	0	42	Hypnozoite	0	Asexual 1	-0.741930140137507	-3.41276484597126	-3.22078205618659	-3.0808857732793	2.26668103292518	3.18192222899055	-11.0458486987249	-3.20422149649502	1.02256679670047	-8.54673091356417	-3.18695072654553	1.01596727259332	-4.50337634802621	-10.9273794861629	-5.62017252921514
611_TGACGCGGTATGCAAA	121	110	36093191	SRR19573611	Ruberto2022_1	4	2022	Cambodia_Mondulkiri	10x_Chomium_V3	HiSeq X Ten	infected hepatocyte	BioIVT:BGW	Infected host hepatocytes	Liver stage	Cambodia field isolate	9	MMV390048	1	611_TGACGCGGTATGCAAA	Hypnozoite	NA	NA	NA	0	0	0	0	0	0	0	0	1	0	12	Hypnozoite	0	Asexual 1	-0.415362371086908	-3.25223976242939	-2.85673047575751	-3.56388485965931	1.38859720781379	1.91456654852485	-9.31126290564463	-2.51228029363617	1.17059074369936	-6.83717432348743	-2.50099844826201	1.16559527267239	1.68687835859141	-11.8144269321258	-1.74054767857612
611_TGACTCCCAATGGCAG	526	419	36093191	SRR19573611	Ruberto2022_1	4	2022	Cambodia_Mondulkiri	10x_Chomium_V3	HiSeq X Ten	infected hepatocyte	BioIVT:BGW	Infected host hepatocytes	Liver stage	Cambodia field isolate	9	MMV390048	1	611_TGACTCCCAATGGCAG	Hypnozoite	NA	NA	NA	0	0	0	0	0	0	1	1	0	1	24	Hypnozoite	0	Asexual 1	2.98935781610029	-0.469085751656689	-2.98570515188971	-4.27878153858387	0.652661817818218	-2.33962473088647	-3.66422902208834	-1.56204903368723	1.90715379199568	-3.77667970771911	-2.38550434420936	2.39593502403803	0.502913478881982	-12.7514118134301	16.2176410720423
611_TGAGGTTTCATCGTAG	285	243	36093191	SRR19573611	Ruberto2022_1	4	2022	Cambodia_Mondulkiri	10x_Chomium_V3	HiSeq X Ten	infected hepatocyte	BioIVT:BGW	Infected host hepatocytes	Liver stage	Cambodia field isolate	9	MMV390048	1	611_TGAGGTTTCATCGTAG	Hypnozoite	NA	NA	NA	0	0	0	0	0	0	0	0	0	0	36	Hypnozoite	0	Asexual 1	1.6578124631645	-2.29643136132161	-3.78243638548651	-2.76869929371082	2.49550946310096	-0.612106962145814	-5.29466811875968	-3.10570899406442	3.35561504049479	-3.20355489706061	-3.18730645785662	3.39705999527453	-1.06403668964599	-12.5135886724432	5.73430558422786
611_TGATTTCCAGAGGACT	38	35	36093191	SRR19573611	Ruberto2022_1	4	2022	Cambodia_Mondulkiri	10x_Chomium_V3	HiSeq X Ten	infected hepatocyte	BioIVT:BGW	Infected host hepatocytes	Liver stage	Cambodia field isolate	9	MMV390048	1	611_TGATTTCCAGAGGACT	Hypnozoite	NA	NA	NA	0	0	0	0	0	0	0	0	1	0	6	Hypnozoite	0	Asexual 1	-0.580249143719507	-3.0582266436855	-2.81616546187201	-3.86870492038929	2.4517565543943	3.42501166647529	-11.2917745440546	-4.07341000384327	1.07591518626387	-8.80347968148598	-4.05879289239292	1.07013077845943	-4.44354761128178	-10.2336149816921	-14.8753892587425
611_TGCACGGTCTTAGCTT	199	168	36093191	SRR19573611	Ruberto2022_1	4	2022	Cambodia_Mondulkiri	10x_Chomium_V3	HiSeq X Ten	infected hepatocyte	BioIVT:BGW	Infected host hepatocytes	Liver stage	Cambodia field isolate	9	MMV390048	1	611_TGCACGGTCTTAGCTT	Hypnozoite	NA	NA	NA	0	0	0	0	0	0	0	0	0	0	42	Hypnozoite	0	Asexual 1	1.2416370977165	-2.46973639595906	-3.50251723799506	-3.52261889515125	2.03719456747108	-0.0785241406574334	-6.9796833314142	-3.34244523942388	1.7965482262151	-4.71879349147987	-3.3829326211359	1.81088596162788	-0.782327066553357	-12.8690922357069	5.30851080294165
611_TGCAGGCTCTGGTTGA	416	324	36093191	SRR19573611	Ruberto2022_1	4	2022	Cambodia_Mondulkiri	10x_Chomium_V3	HiSeq X Ten	infected hepatocyte	BioIVT:BGW	Infected host hepatocytes	Liver stage	Cambodia field isolate	9	MMV390048	1	611_TGCAGGCTCTGGTTGA	Hypnozoite	NA	NA	NA	0	0	0	0	0	0	1	1	0	1	36	Hypnozoite	0	Asexual 1	2.14337979447858	-1.72879391777913	-3.02419997725287	-4.00998986301624	0.833011406212383	-1.98893257790948	-4.70398249479931	-1.84879390871922	2.78375637437773	-4.77316460062104	-2.62262420808694	3.14709618730683	3.62193056944026	-12.3333769715203	9.20441579217664
611_TGCATCCAGTAAAGCT	62	50	36093191	SRR19573611	Ruberto2022_1	4	2022	Cambodia_Mondulkiri	10x_Chomium_V3	HiSeq X Ten	infected hepatocyte	BioIVT:BGW	Infected host hepatocytes	Liver stage	Cambodia field isolate	9	MMV390048	1	611_TGCATCCAGTAAAGCT	Hypnozoite	NA	NA	NA	0	0	0	0	0	0	0	0	1	0	24	Hypnozoite	0	Asexual 1	-0.258890135168863	-3.35360699761311	-3.04669286284247	-3.33321703014576	2.67631300046974	2.20035937613105	-11.562490096111	-3.29865711063096	2.13270828123217	-9.07704582082128	-3.2848578735266	2.1273949158269	-6.19143018839179	-12.1547058630361	-5.45268895229531
611_TGGAGGAAGTAGTGCG	44	30	36093191	SRR19573611	Ruberto2022_1	4	2022	Cambodia_Mondulkiri	10x_Chomium_V3	HiSeq X Ten	infected hepatocyte	BioIVT:BGW	Infected host hepatocytes	Liver stage	Cambodia field isolate	9	MMV390048	1	611_TGGAGGAAGTAGTGCG	Hypnozoite	NA	NA	NA	0	0	0	0	0	0	0	0	1	0	12	Hypnozoite	0	Asexual 1	-0.97503568041308	-3.37987309563557	-3.25196363005438	-3.08657157955372	2.19538910940223	3.14409211462592	-11.7825271888956	-3.23131066630499	1.37528169011936	-9.27872016911724	-3.21290157106959	1.3683726507351	-8.03818850108251	-11.4867374755573	-6.62744216206013
611_TGGTAGTTCGTTCGCT	180	159	36093191	SRR19573611	Ruberto2022_1	4	2022	Cambodia_Mondulkiri	10x_Chomium_V3	HiSeq X Ten	infected hepatocyte	BioIVT:BGW	Infected host hepatocytes	Liver stage	Cambodia field isolate	9	MMV390048	1	611_TGGTAGTTCGTTCGCT	Hypnozoite	NA	NA	NA	0	0	0	0	0	0	0	0	0	0	36	Hypnozoite	0	Asexual 1	0.866793202281164	-3.08562785256306	-3.60964252028266	-3.05931556759082	3.04954655721717	0.661682041345588	-8.96533656984124	-2.50129468371402	1.55427758693076	-6.54019461929842	-2.5008767352639	1.55218020276005	-1.86886552782845	-13.249741964018	4.80389331849383
611_TGTAACGGTACATACC	28	28	36093191	SRR19573611	Ruberto2022_1	4	2022	Cambodia_Mondulkiri	10x_Chomium_V3	HiSeq X Ten	infected hepatocyte	BioIVT:BGW	Infected host hepatocytes	Liver stage	Cambodia field isolate	9	MMV390048	1	611_TGTAACGGTACATACC	Hypnozoite	NA	NA	NA	0	0	0	0	0	0	0	0	1	0	24	Hypnozoite	0	Asexual 1	-0.2564132343529	-3.38932829964558	-3.05355884108344	-3.32745564518177	2.38440855100685	2.78590563124274	-11.6579116213995	-3.75012658167759	1.48681465465645	-9.1657435661632	-3.73466670108073	1.48085963723913	-5.90667646845398	-12.6909092706787	-6.16087970716546
611_TGTCCTGCATTCATCT	152	122	36093191	SRR19573611	Ruberto2022_1	4	2022	Cambodia_Mondulkiri	10x_Chomium_V3	HiSeq X Ten	infected hepatocyte	BioIVT:BGW	Infected host hepatocytes	Liver stage	Cambodia field isolate	9	MMV390048	1	611_TGTCCTGCATTCATCT	Hypnozoite	NA	NA	NA	0	0	0	0	0	0	0	0	1	0	24	Hypnozoite	0	Asexual 1	0.33393140327947	-3.17816001046101	-3.2049515393714	-3.64944780407154	2.57813175275856	1.37052408045386	-9.26176666899772	-3.47130850183972	2.76267093853747	-6.82530673300964	-3.46850208566413	2.76000738159342	-3.70467338461648	-11.9378829622734	-1.61998619083035
611_TGTGAGTAGGAAAGGT	207	159	36093191	SRR19573611	Ruberto2022_1	4	2022	Cambodia_Mondulkiri	10x_Chomium_V3	HiSeq X Ten	infected hepatocyte	BioIVT:BGW	Infected host hepatocytes	Liver stage	Cambodia field isolate	9	MMV390048	1	611_TGTGAGTAGGAAAGGT	Hypnozoite	NA	NA	NA	0	0	0	0	0	0	0	0	0	0	24	Hypnozoite	0	Asexual 1	0.459922807336019	-3.08926588166157	-3.30131079230109	-3.18895209369861	2.40786607816749	1.00798359697913	-9.14145042027836	-4.02445406993184	1.35224472514759	-6.71673381760485	-4.02424057309656	1.34994306967448	-3.60278669524601	-12.6714847999553	4.27873005510436
611_TGTGGCGAGATGACCG	681	540	36093191	SRR19573611	Ruberto2022_1	4	2022	Cambodia_Mondulkiri	10x_Chomium_V3	HiSeq X Ten	infected hepatocyte	BioIVT:BGW	Infected host hepatocytes	Liver stage	Cambodia field isolate	9	MMV390048	1	611_TGTGGCGAGATGACCG	Hypnozoite	NA	NA	NA	0	0	0	0	0	0	1	1	0	1	32	Hypnozoite	0	Asexual 1	3.4125445951225	0.208898575421177	-3.1351285127143	-4.24204171238147	0.487442034035259	-3.2568492572918	-0.135197265967524	-3.53533596090521	3.61627935152861	-0.739903122971607	-4.55394967158005	4.33943741877306	2.21004363761256	-11.4239583184854	18.7893157648631
611_TGTTGAGTCGGTTAGT	90	74	36093191	SRR19573611	Ruberto2022_1	4	2022	Cambodia_Mondulkiri	10x_Chomium_V3	HiSeq X Ten	infected hepatocyte	BioIVT:BGW	Infected host hepatocytes	Liver stage	Cambodia field isolate	9	MMV390048	1	611_TGTTGAGTCGGTTAGT	Hypnozoite	NA	NA	NA	0	0	0	0	0	0	0	0	1	0	32	Hypnozoite	0	Asexual 1	0.523304151415991	-3.35153370964924	-3.21590639624396	-3.50901496944629	2.42740233495765	1.68305424040412	-9.53186313205727	-3.93042355708969	2.1363492290929	-7.07157028501028	-3.92215219184962	2.13216274855228	-3.64657628898026	-12.0649234852382	2.32969359339772
611_TGTTTGTTCCTTCTAA	291	238	36093191	SRR19573611	Ruberto2022_1	4	2022	Cambodia_Mondulkiri	10x_Chomium_V3	HiSeq X Ten	infected hepatocyte	BioIVT:BGW	Infected host hepatocytes	Liver stage	Cambodia field isolate	9	MMV390048	1	611_TGTTTGTTCCTTCTAA	Hypnozoite	NA	NA	NA	0	0	0	0	0	0	0	0	0	0	36	Hypnozoite	0	Asexual 1	1.29090367448346	-2.43161445725361	-3.63954593214789	-3.20377719936573	2.20467956617408	0.160866113363258	-6.54507693292843	-3.45620459614154	1.87354765073821	-4.215458646396	-3.47784776910326	1.87839468749183	-1.38293774022547	-12.520543877137	5.55392621427748
611_TTACGTTAGATTACCC	480	404	36093191	SRR19573611	Ruberto2022_1	4	2022	Cambodia_Mondulkiri	10x_Chomium_V3	HiSeq X Ten	infected hepatocyte	BioIVT:BGW	Infected host hepatocytes	Liver stage	Cambodia field isolate	9	MMV390048	1	611_TTACGTTAGATTACCC	Hypnozoite	NA	NA	NA	0	0	0	0	0	0	1	1	6	1	24	Hypnozoite	0	Asexual 1	3.20456777703779	-0.261337219361462	-3.26797200712958	-3.01491845188343	-0.688688856810993	-2.60046765023614	-1.97413301425553	-2.77245057429532	2.49668291515316	-1.87109171402994	-3.61122054025943	2.71319971951434	3.07883782829473	-3.58332293222279	12.0022402006986
611_TTACTGTAGTAGAGTT	315	240	36093191	SRR19573611	Ruberto2022_1	4	2022	Cambodia_Mondulkiri	10x_Chomium_V3	HiSeq X Ten	infected hepatocyte	BioIVT:BGW	Infected host hepatocytes	Liver stage	Cambodia field isolate	9	MMV390048	1	611_TTACTGTAGTAGAGTT	Hypnozoite	NA	NA	NA	0	0	0	0	0	0	0	0	0	0	36	Hypnozoite	0	Asexual 1	0.969259129882025	-2.73118382561604	-3.62651301893988	-3.20027983722889	2.3128085906797	-0.0689508598461235	-6.74354930524397	-2.79668667377921	0.572240774164132	-4.44864391818467	-2.82962615276249	0.584149611012444	-1.20076552298733	-12.621255067063	5.65643250004713
611_TTCCAATTCCATCAGA	90	77	36093191	SRR19573611	Ruberto2022_1	4	2022	Cambodia_Mondulkiri	10x_Chomium_V3	HiSeq X Ten	infected hepatocyte	BioIVT:BGW	Infected host hepatocytes	Liver stage	Cambodia field isolate	9	MMV390048	1	611_TTCCAATTCCATCAGA	Hypnozoite	NA	NA	NA	0	0	0	0	0	0	0	0	1	0	36	Hypnozoite	0	Asexual 1	-0.289755387186838	-2.84322577584187	-3.32047177824774	-3.8091253095647	2.39617164686256	2.373129399477	-9.4806947154184	-3.29443812864073	2.08422360184226	-6.99958617866109	-3.28120482354196	2.07894973753742	-3.57513141145915	-9.624575947784	-1.46695015088798
611_TTCCGGTTCTTGTGCC	475	394	36093191	SRR19573611	Ruberto2022_1	4	2022	Cambodia_Mondulkiri	10x_Chomium_V3	HiSeq X Ten	infected hepatocyte	BioIVT:BGW	Infected host hepatocytes	Liver stage	Cambodia field isolate	9	MMV390048	1	611_TTCCGGTTCTTGTGCC	Hypnozoite	NA	NA	NA	0	0	0	0	0	0	1	1	0	1	36	Hypnozoite	0	Asexual 1	3.36327992570417	-0.0353084789554252	-3.22700501951972	-3.7430270963689	1.75701172903114	-3.69050594979669	-2.69665045034214	-2.84546115630925	2.73968161795358	-3.09104376376469	-3.87364399620027	3.62297544301011	7.00129402089066	-11.88498812613	15.0299603130715
611_TTCCTAAGTATCTTCT	634	480	36093191	SRR19573611	Ruberto2022_1	4	2022	Cambodia_Mondulkiri	10x_Chomium_V3	HiSeq X Ten	infected hepatocyte	BioIVT:BGW	Infected host hepatocytes	Liver stage	Cambodia field isolate	9	MMV390048	1	611_TTCCTAAGTATCTTCT	Hypnozoite	NA	NA	NA	0	0	0	0	1	1	1	1	0	1	36	Hypnozoite	1	Asexual 2	2.58603631150739	-1.23165505993763	-3.561912551258	0.755254144094356	0.618205862789684	-4.75431176835442	-2.19374204764866	-2.69631422778743	2.54437230965016	-1.84336591519578	-1.70265914024917	4.34960275039477	5.84716207565799	1.93157655025743	0.0221029683740982
611_TTCTAACAGTAACCTC	96	66	36093191	SRR19573611	Ruberto2022_1	4	2022	Cambodia_Mondulkiri	10x_Chomium_V3	HiSeq X Ten	infected hepatocyte	BioIVT:BGW	Infected host hepatocytes	Liver stage	Cambodia field isolate	9	MMV390048	1	611_TTCTAACAGTAACCTC	Hypnozoite	NA	NA	NA	0	0	0	0	0	0	0	0	1	0	36	Hypnozoite	0	Asexual 1	-1.12238563406451	-3.54857808220784	-3.04439116987982	-3.08414638576709	2.25188763692909	2.97271683996772	-10.0967912623513	-2.54247708016284	1.25487333705686	-7.59673903679571	-2.52403982849961	1.24805750354444	-7.92377241367842	-9.2316790630622	-6.12850129360506
611_TTCTAGTTCCCGTTGT	563	443	36093191	SRR19573611	Ruberto2022_1	4	2022	Cambodia_Mondulkiri	10x_Chomium_V3	HiSeq X Ten	infected hepatocyte	BioIVT:BGW	Infected host hepatocytes	Liver stage	Cambodia field isolate	9	MMV390048	1	611_TTCTAGTTCCCGTTGT	Hypnozoite	NA	NA	NA	0	0	0	0	0	0	1	1	0	1	24	Hypnozoite	0	Asexual 1	3.13087998521345	-0.516804753426708	-3.3075704720954	-3.65216172275745	1.05517895772987	-3.19663902932549	-2.35409221644695	-3.6718806518721	3.22977753320221	-2.59697461004746	-4.67943811094815	4.04273120536656	4.14790852093423	-11.2433077019294	14.1300532422931
611_TTCTTGAGTGATGAAT	1031	726	36093191	SRR19573611	Ruberto2022_1	4	2022	Cambodia_Mondulkiri	10x_Chomium_V3	HiSeq X Ten	infected hepatocyte	BioIVT:BGW	Infected host hepatocytes	Liver stage	Cambodia field isolate	9	MMV390048	1	611_TTCTTGAGTGATGAAT	Hypnozoite	NA	NA	NA	0	1	2	2	2	2	2	2	2	2	36	Hypnozoite	2	Female gametocyte	4.45505844247358	2.6452942503651	-2.58584906134406	-0.873613422491185	-5.41289345666832	-1.53133281880761	1.23859471048444	-2.91764761274124	2.48009166042315	6.4312425279131	-4.54601681803079	1.80688034401657	-8.11946293686714	12.0766741686947	2.77116868631969
611_TTGACCCTCTTAAGGC	215	175	36093191	SRR19573611	Ruberto2022_1	4	2022	Cambodia_Mondulkiri	10x_Chomium_V3	HiSeq X Ten	infected hepatocyte	BioIVT:BGW	Infected host hepatocytes	Liver stage	Cambodia field isolate	9	MMV390048	1	611_TTGACCCTCTTAAGGC	Hypnozoite	NA	NA	NA	0	0	0	0	0	0	0	0	1	0	12	Hypnozoite	0	Asexual 1	-0.186610532879664	-3.16692477333943	-3.16750527891913	-3.09736621914112	2.09457691267067	2.03742197340583	-8.73166024024716	-3.43221219204913	0.937395920526959	-6.26802461263785	-3.42264718218376	0.932724304981301	0.16811570490195	-8.76362110348569	-1.45894755907735
611_TTGAGTGGTGCGCTCA	67	61	36093191	SRR19573611	Ruberto2022_1	4	2022	Cambodia_Mondulkiri	10x_Chomium_V3	HiSeq X Ten	infected hepatocyte	BioIVT:BGW	Infected host hepatocytes	Liver stage	Cambodia field isolate	9	MMV390048	1	611_TTGAGTGGTGCGCTCA	Hypnozoite	NA	NA	NA	0	0	0	0	0	0	0	0	1	0	24	Hypnozoite	0	Asexual 1	-0.22690067994578	-3.21355062592427	-3.22141267332831	-3.36056984005176	2.57704837873512	2.20403698271369	-10.5357192317219	-2.71161456272123	1.16996137897786	-8.05106609476902	-2.69783643053624	1.16454198454447	-8.02753625765448	-10.0216001174683	-1.36580457941728
611_TTGTTCAGTATTTCCT	48	40	36093191	SRR19573611	Ruberto2022_1	4	2022	Cambodia_Mondulkiri	10x_Chomium_V3	HiSeq X Ten	infected hepatocyte	BioIVT:BGW	Infected host hepatocytes	Liver stage	Cambodia field isolate	9	MMV390048	1	611_TTGTTCAGTATTTCCT	Hypnozoite	NA	NA	NA	0	0	0	0	0	0	0	0	1	0	6	Hypnozoite	0	Asexual 1	-0.868272019505335	-3.18984728920857	-3.18958760771552	-3.23217618999683	2.76537259176307	3.74343040770148	-11.6090978064101	-2.68471270320887	1.49761919818114	-9.10573246051141	-2.66646611134737	1.4906970243797	-4.80639956290481	-9.86049140230416	-8.28814536644283
611_TTTACGTAGGTGCATG	877	649	36093191	SRR19573611	Ruberto2022_1	4	2022	Cambodia_Mondulkiri	10x_Chomium_V3	HiSeq X Ten	infected hepatocyte	BioIVT:BGW	Infected host hepatocytes	Liver stage	Cambodia field isolate	9	MMV390048	1	611_TTTACGTAGGTGCATG	Hypnozoite	NA	NA	NA	0	0	0	0	0	0	1	1	0	1	36	Hypnozoite	0	Asexual 1	4.35541425836103	2.74327057730754	-2.39914347204962	-3.50534928379261	0.389051067381435	-4.10922881776238	1.67202773685164	-1.74691982450424	4.44062213905999	-0.858371094933834	-2.88496655897366	4.74074014712048	7.35851611062578	-5.19436014412121	10.1888007720602
611_TTTCATGCAGGGAATC	680	522	36093191	SRR19573611	Ruberto2022_1	4	2022	Cambodia_Mondulkiri	10x_Chomium_V3	HiSeq X Ten	infected hepatocyte	BioIVT:BGW	Infected host hepatocytes	Liver stage	Cambodia field isolate	9	MMV390048	1	611_TTTCATGCAGGGAATC	Hypnozoite	NA	NA	NA	0	0	0	0	0	0	1	1	0	1	36	Hypnozoite	0	Asexual 1	3.78406249177472	1.59690684210857	-2.23331095251837	-2.82668698368274	-0.86629013463921	-3.4277956169262	-0.650949077255329	-2.66434884008769	2.81602038691226	-0.514635253176763	-3.49392460803207	3.08002507246257	-0.221794998444031	-0.895677888329196	15.9475181605758
611_TTTCCTCAGAGTCAGC	135	118	36093191	SRR19573611	Ruberto2022_1	4	2022	Cambodia_Mondulkiri	10x_Chomium_V3	HiSeq X Ten	infected hepatocyte	BioIVT:BGW	Infected host hepatocytes	Liver stage	Cambodia field isolate	9	MMV390048	1	611_TTTCCTCAGAGTCAGC	Hypnozoite	NA	NA	NA	0	0	0	0	0	0	0	0	0	0	32	Hypnozoite	0	Asexual 1	0.483357029080557	-3.46100264656941	-2.71439720663825	-2.87144911823475	1.8748133952909	0.768065245805732	-8.64147891307012	-2.45194369904473	0.574372311939608	-6.23796825218975	-2.45781831467451	0.571158426250466	-0.75873525959689	-8.03394253945967	2.7581564003945
612_AAACGAAGTACTGCGC	478	385	36093191	SRR19573612	Ruberto2022_1	4	2022	Cambodia_Mondulkiri	10x_Chomium_V3	HiSeq X Ten	infected hepatocyte	BioIVT:BGW	Infected host hepatocytes	Liver stage	Cambodia field isolate	5	None	1	612_AAACGAAGTACTGCGC	Hypnozoite	NA	NA	NA	0	0	0	0	0	0	1	1	0	1	36	Hypnozoite	0	Asexual 1	2.99883423936384	-0.756041108254589	-3.30609895262518	-3.82487619457447	0.884875136166149	-2.53648587876702	-3.38270898020218	-3.03154689434052	3.18960654492296	-3.56781278432192	-3.96839637652472	3.90743114007785	3.50081722214894	-10.9004561182376	11.2081988098604
612_AAACGCTTCACTCGAA	9516	2241	36093191	SRR19573612	Ruberto2022_1	4	2022	Cambodia_Mondulkiri	10x_Chomium_V3	HiSeq X Ten	infected hepatocyte	BioIVT:BGW	Infected host hepatocytes	Liver stage	Cambodia field isolate	5	None	1	612_AAACGCTTCACTCGAA	Schizont	NA	NA	NA	0	0	0	0	1	1	1	1	0	1	24	Schizont (Liver stage)	1	Asexual 2	4.96035228860395	3.51576107871135	-2.61486460242072	-2.78627455768787	0.332806783466869	-6.13943788224603	10.6591255925785	-1.05650198412942	7.10065171749237	6.91505261489885	-2.08476856513714	7.30448811599845	18.3593509886358	-0.980295537738142	13.5807005979143
612_AAAGAACCACGGTCTG	423	325	36093191	SRR19573612	Ruberto2022_1	4	2022	Cambodia_Mondulkiri	10x_Chomium_V3	HiSeq X Ten	infected hepatocyte	BioIVT:BGW	Infected host hepatocytes	Liver stage	Cambodia field isolate	5	None	1	612_AAAGAACCACGGTCTG	Hypnozoite	NA	NA	NA	0	0	0	0	0	0	1	1	0	1	36	Hypnozoite	0	Asexual 1	2.16726289880292	-1.94673472512165	-3.61269046339789	-3.29294002590381	1.5851839359098	-2.11514410191918	-5.70025148425648	-2.50504189542354	3.80022863292869	-5.74026433238959	-3.31697953669217	4.37586054748227	3.85583115441752	-13.1093337420893	11.9146282427801
612_AAAGTGATCCGATGTA	6046	1904	36093191	SRR19573612	Ruberto2022_1	4	2022	Cambodia_Mondulkiri	10x_Chomium_V3	HiSeq X Ten	infected hepatocyte	BioIVT:BGW	Infected host hepatocytes	Liver stage	Cambodia field isolate	5	None	1	612_AAAGTGATCCGATGTA	Schizont	NA	NA	NA	0	0	0	0	1	1	1	1	0	1	24	Schizont (Liver stage)	1	Asexual 2	5.13013683450239	3.49968332182964	-2.83061934981146	-1.61781478462421	0.328887778072887	-6.47314044648553	9.37828150445593	-1.33410843846811	6.58026182782059	5.8169554344213	-1.56934927494244	7.29958570137336	17.0466433988827	1.51592449328331	8.2947117073736
612_AAATGGAGTAACATCC	604	438	36093191	SRR19573612	Ruberto2022_1	4	2022	Cambodia_Mondulkiri	10x_Chomium_V3	HiSeq X Ten	infected hepatocyte	BioIVT:BGW	Infected host hepatocytes	Liver stage	Cambodia field isolate	5	None	1	612_AAATGGAGTAACATCC	Hypnozoite	NA	NA	NA	0	0	0	0	0	0	1	1	0	1	36	Hypnozoite	0	Asexual 1	2.98249326837079	-0.674108086709179	-3.35872413191596	-4.0729523950597	1.01376731946998	-2.86681720429803	-3.24644698850392	-2.59721799268831	2.48101285790738	-3.44308478533976	-3.52716278365486	3.21132902635763	2.11096955502661	-12.2076666015046	16.6993698881563
612_AACAACCAGAAAGTCT	390	255	36093191	SRR19573612	Ruberto2022_1	4	2022	Cambodia_Mondulkiri	10x_Chomium_V3	HiSeq X Ten	infected hepatocyte	BioIVT:BGW	Infected host hepatocytes	Liver stage	Cambodia field isolate	5	None	1	612_AACAACCAGAAAGTCT	Hypnozoite	NA	NA	NA	0	0	0	0	0	0	0	0	0	0	24	Hypnozoite	0	Asexual 1	1.70716797006147	-2.90418606865803	-2.96587897810736	-3.56617391643726	1.62622280672126	-1.14850285464669	-6.17460989375765	-3.33583053201109	2.86850858208294	-5.01249946238929	-3.67270786235442	2.98643128316413	1.16350179379948	-14.5852234630082	7.69918051439573
612_AACCACACATTCTCTA	33	26	36093191	SRR19573612	Ruberto2022_1	4	2022	Cambodia_Mondulkiri	10x_Chomium_V3	HiSeq X Ten	infected hepatocyte	BioIVT:BGW	Infected host hepatocytes	Liver stage	Cambodia field isolate	5	None	1	612_AACCACACATTCTCTA	Hypnozoite	NA	NA	NA	0	0	0	0	0	0	0	0	1	0	42	Hypnozoite	0	Asexual 1	-5.10721601355059	-5.76524239647786	-8.16464950117865	-3.07381737766468	1.87710722044044	3.10377219503974	-11.942293191796	-3.42479947235873	1.38456450954571	-9.44092496663864	-3.40703186500921	1.37791152934435	-8.94861532925264	-12.7424939416164	-5.6139271628419
612_AACCATGAGGTATAGT	4002	1522	36093191	SRR19573612	Ruberto2022_1	4	2022	Cambodia_Mondulkiri	10x_Chomium_V3	HiSeq X Ten	infected hepatocyte	BioIVT:BGW	Infected host hepatocytes	Liver stage	Cambodia field isolate	5	None	1	612_AACCATGAGGTATAGT	Schizont	NA	NA	NA	0	0	0	0	1	1	1	1	0	1	36	Schizont (Liver stage)	1	Asexual 2	5.08765255105512	3.47438734900554	-2.78536297354498	-2.79737818775379	0.378743576555782	-5.6949288528576	6.98189955315988	-1.91983881966626	6.47403856246643	3.14289470903944	-3.0848569293709	6.60135519982284	15.6272986816743	-2.05675830753971	13.8621778078826
612_AACCCAAAGAAACTAC	626	429	36093191	SRR19573612	Ruberto2022_1	4	2022	Cambodia_Mondulkiri	10x_Chomium_V3	HiSeq X Ten	infected hepatocyte	BioIVT:BGW	Infected host hepatocytes	Liver stage	Cambodia field isolate	5	None	1	612_AACCCAAAGAAACTAC	Hypnozoite	NA	NA	NA	0	0	0	0	0	0	1	1	0	1	36	Hypnozoite	0	Asexual 1	3.24314199578779	-1.08996432888905	-3.10602737936774	-3.64749801693165	1.48838301256233	-2.62398835832024	-4.81154169919866	-1.43875510654685	2.7199322379181	-5.09968435653449	-2.41030150934237	3.5665478684393	3.39820504450549	-14.1131654578752	13.0831234425614
612_AACCCAACATTGTACG	157	131	36093191	SRR19573612	Ruberto2022_1	4	2022	Cambodia_Mondulkiri	10x_Chomium_V3	HiSeq X Ten	infected hepatocyte	BioIVT:BGW	Infected host hepatocytes	Liver stage	Cambodia field isolate	5	None	1	612_AACCCAACATTGTACG	Hypnozoite	NA	NA	NA	0	0	0	0	0	0	0	0	1	0	36	Hypnozoite	0	Asexual 1	-0.239163918375803	-3.20720201599995	-3.13596178564826	-3.28171003399097	2.99312313154274	2.5307414848194	-9.73565092440686	-2.22970610328833	1.61402181801291	-7.25080682022795	-2.21527708165097	1.60827990957166	-2.38664135121487	-11.1015733591218	-2.33041609546446
612_AACCTGACACATACTG	464	350	36093191	SRR19573612	Ruberto2022_1	4	2022	Cambodia_Mondulkiri	10x_Chomium_V3	HiSeq X Ten	infected hepatocyte	BioIVT:BGW	Infected host hepatocytes	Liver stage	Cambodia field isolate	5	None	1	612_AACCTGACACATACTG	Hypnozoite	NA	NA	NA	0	0	0	0	0	0	1	1	0	1	32	Hypnozoite	0	Asexual 1	2.1551302541496	-1.81785327065388	-3.49834872755805	-3.90645230350696	1.27976067617469	-1.91246470624352	-4.4655310059784	-2.47289756482914	1.8199481074632	-4.43233576007549	-3.21032227197868	2.29131406895174	2.66593899755424	-12.748142603761	10.0279018653284
612_AACCTTTGTGTCCGGT	54	41	36093191	SRR19573612	Ruberto2022_1	4	2022	Cambodia_Mondulkiri	10x_Chomium_V3	HiSeq X Ten	infected hepatocyte	BioIVT:BGW	Infected host hepatocytes	Liver stage	Cambodia field isolate	5	None	1	612_AACCTTTGTGTCCGGT	Hypnozoite	NA	NA	NA	0	0	0	0	0	0	0	0	1	0	6	Hypnozoite	0	Asexual 1	-0.556942118286921	-3.23403221238057	-3.10353685889044	-3.36850727138721	2.59533460691505	3.42452481573676	-11.2799444232847	-2.98057950450048	0.961176683239707	-8.78394039014569	-2.96411992945323	0.954902785625455	-4.32730947891925	-9.98479086318418	-6.91896270304882
612_AACGTCAGTATGGAAT	7089	2116	36093191	SRR19573612	Ruberto2022_1	4	2022	Cambodia_Mondulkiri	10x_Chomium_V3	HiSeq X Ten	infected hepatocyte	BioIVT:BGW	Infected host hepatocytes	Liver stage	Cambodia field isolate	5	None	1	612_AACGTCAGTATGGAAT	Schizont	NA	NA	NA	0	0	0	0	1	1	1	1	0	1	36	Schizont (Liver stage)	1	Asexual 2	5.33699117791669	3.71131962668499	-2.81693102392951	-1.85403490600788	-0.705468398780293	-5.74746343308831	11.5735920112263	-1.61894218869022	6.96017452875747	7.74175541526344	-2.4673849962369	6.93147706509231	14.094178937509	3.54559414029772	12.1956831265676
612_AACTTCTGTACTCGAT	222	150	36093191	SRR19573612	Ruberto2022_1	4	2022	Cambodia_Mondulkiri	10x_Chomium_V3	HiSeq X Ten	infected hepatocyte	BioIVT:BGW	Infected host hepatocytes	Liver stage	Cambodia field isolate	5	None	1	612_AACTTCTGTACTCGAT	Hypnozoite	NA	NA	NA	0	0	0	0	0	0	0	0	0	0	24	Hypnozoite	0	Asexual 1	0.891863035082983	-3.05065852272908	-3.31506897482672	-3.29098141727649	2.33090193822914	0.349265368638984	-7.68903039657137	-3.13495071850328	3.00900095911439	-5.43116138680725	-3.17366211812292	3.01517644138535	-0.983254562614278	-12.7003687661274	3.90528240517163
612_AACTTCTGTTGCGAAG	813	600	36093191	SRR19573612	Ruberto2022_1	4	2022	Cambodia_Mondulkiri	10x_Chomium_V3	HiSeq X Ten	infected hepatocyte	BioIVT:BGW	Infected host hepatocytes	Liver stage	Cambodia field isolate	5	None	1	612_AACTTCTGTTGCGAAG	Hypnozoite	NA	NA	NA	0	0	0	0	0	0	1	1	0	1	36	Hypnozoite	0	Asexual 1	4.25299345147626	2.33329910170635	-2.51818872961798	-3.93216527042591	1.28963811948829	-3.70297285729791	-0.63317078990132	-2.60027841776829	3.70293065014462	-1.52836935128773	-3.67789800853954	4.46619331733161	6.84993944880224	-11.3908701817583	15.6194480475098
612_AAGAACACAGATCCAT	1080	718	36093191	SRR19573612	Ruberto2022_1	4	2022	Cambodia_Mondulkiri	10x_Chomium_V3	HiSeq X Ten	infected hepatocyte	BioIVT:BGW	Infected host hepatocytes	Liver stage	Cambodia field isolate	5	None	1	612_AAGAACACAGATCCAT	Schizont	NA	NA	NA	0	0	0	0	1	1	1	1	0	1	36	Schizont (Liver stage)	1	Asexual 2	4.52919040811078	3.09801381957134	-1.93014217886725	-2.90743506489002	0.885330456047588	-4.51460763627435	1.69406550045078	-3.19378948573738	5.82001487846301	-1.54204138210289	-4.40181801363668	6.02656763862742	10.749179838376	-4.58984350359937	12.2423623811348
612_AAGACTCCAAGATGGC	504	380	36093191	SRR19573612	Ruberto2022_1	4	2022	Cambodia_Mondulkiri	10x_Chomium_V3	HiSeq X Ten	infected hepatocyte	BioIVT:BGW	Infected host hepatocytes	Liver stage	Cambodia field isolate	5	None	1	612_AAGACTCCAAGATGGC	Hypnozoite	NA	NA	NA	0	0	0	0	0	0	1	1	0	1	36	Hypnozoite	0	Asexual 1	2.97048197877424	-0.95016723740498	-3.38818789992133	-3.71582639751636	1.44921513155037	-2.8036865871563	-3.92413678685796	-2.85434897801661	1.90702822729174	-4.19195897337602	-3.83529158259353	2.76608206011104	4.20669610888513	-12.0668698661271	13.9500005810524
612_AAGCATCAGATGCCGA	313	242	36093191	SRR19573612	Ruberto2022_1	4	2022	Cambodia_Mondulkiri	10x_Chomium_V3	HiSeq X Ten	infected hepatocyte	BioIVT:BGW	Infected host hepatocytes	Liver stage	Cambodia field isolate	5	None	1	612_AAGCATCAGATGCCGA	Hypnozoite	NA	NA	NA	0	0	0	0	0	0	0	0	0	0	32	Hypnozoite	0	Asexual 1	2.0138184894325	-1.97820812333027	-3.67959786925116	-3.12413132724964	2.20968564107948	-1.68041261845971	-5.73476968105284	-3.23299036372661	3.31933097782375	-4.73953316138618	-3.65047648069142	3.58918632132501	-0.721216378814784	-12.8592931181415	6.27505833749138
612_AAGCATCCAATGCAGG	680	520	36093191	SRR19573612	Ruberto2022_1	4	2022	Cambodia_Mondulkiri	10x_Chomium_V3	HiSeq X Ten	infected hepatocyte	BioIVT:BGW	Infected host hepatocytes	Liver stage	Cambodia field isolate	5	None	1	612_AAGCATCCAATGCAGG	Hypnozoite	NA	NA	NA	0	0	0	0	0	0	1	1	0	1	24	Hypnozoite	0	Asexual 1	3.78138624322431	0.791195557828747	-2.6350863126258	-3.1212271505376	0.419767814426952	-3.39872500115777	-2.05014412186222	-1.3832630705766	3.06813787851326	-2.11219605842783	-2.34019797613602	3.71034844500759	3.53952058695173	-4.50868877584788	14.0667654857891
612_AAGCGAGCAACCAACT	10277	2378	36093191	SRR19573612	Ruberto2022_1	4	2022	Cambodia_Mondulkiri	10x_Chomium_V3	HiSeq X Ten	infected hepatocyte	BioIVT:BGW	Infected host hepatocytes	Liver stage	Cambodia field isolate	5	None	1	612_AAGCGAGCAACCAACT	Schizont	NA	NA	NA	0	0	0	0	1	1	1	1	0	1	24	Schizont (Liver stage)	1	Asexual 2	5.17348467004316	3.55493539702495	-2.81676985297003	-2.17677748737537	-0.206861210317082	-6.25971719437981	11.8452614068224	-1.43209895864344	6.62195502012373	7.94829042564678	-2.07161695948726	7.02433758318647	16.611697698741	2.05705307007004	12.3881040116717
612_AAGCGAGCAGGTTCGC	61	48	36093191	SRR19573612	Ruberto2022_1	4	2022	Cambodia_Mondulkiri	10x_Chomium_V3	HiSeq X Ten	infected hepatocyte	BioIVT:BGW	Infected host hepatocytes	Liver stage	Cambodia field isolate	5	None	1	612_AAGCGAGCAGGTTCGC	Hypnozoite	NA	NA	NA	0	0	0	0	0	0	0	0	1	0	48	Hypnozoite	0	Asexual 1	0.252999665260481	-3.37417965996663	-3.2692666200141	-3.33519280491077	2.87522800519996	1.44822040384864	-11.3510905505822	-3.36757279911142	2.06857774325783	-8.87526555393251	-3.35597702938406	2.06381596933272	-5.83150471667021	-16.4279556886358	-0.529367715799199
612_AAGCGAGTCCCATAGA	295	236	36093191	SRR19573612	Ruberto2022_1	4	2022	Cambodia_Mondulkiri	10x_Chomium_V3	HiSeq X Ten	infected hepatocyte	BioIVT:BGW	Infected host hepatocytes	Liver stage	Cambodia field isolate	5	None	1	612_AAGCGAGTCCCATAGA	Hypnozoite	NA	NA	NA	0	0	0	0	0	0	1	1	0	1	24	Hypnozoite	0	Asexual 1	3.224753724456	-1.34692281353871	-3.04100944075385	-3.06303084430896	1.15183158472114	-2.34617325478936	-5.57396010446564	-2.50400495837432	3.95553199655351	-5.75166594490844	-3.39164297752137	4.5461061970418	1.85271632621809	-8.25217550102213	12.4228452156485
612_AAGCGTTCACTTGAAC	254	207	36093191	SRR19573612	Ruberto2022_1	4	2022	Cambodia_Mondulkiri	10x_Chomium_V3	HiSeq X Ten	infected hepatocyte	BioIVT:BGW	Infected host hepatocytes	Liver stage	Cambodia field isolate	5	None	1	612_AAGCGTTCACTTGAAC	Hypnozoite	NA	NA	NA	0	0	0	0	0	0	0	0	0	0	32	Hypnozoite	0	Asexual 1	1.96079634320753	-2.83687311280171	-3.49745775732794	-3.33975494442188	2.40979774549537	-1.06445178204919	-6.50530432720793	-3.43612246764737	2.60394879287607	-4.83684702300794	-3.63470744449218	2.70600380638501	-2.37914779879746	-13.925476867771	6.65555271196623
612_AAGGAATCATACATCG	7544	2135	36093191	SRR19573612	Ruberto2022_1	4	2022	Cambodia_Mondulkiri	10x_Chomium_V3	HiSeq X Ten	infected hepatocyte	BioIVT:BGW	Infected host hepatocytes	Liver stage	Cambodia field isolate	5	None	1	612_AAGGAATCATACATCG	Schizont	NA	NA	NA	0	0	0	0	1	1	1	1	0	1	36	Schizont (Liver stage)	1	Asexual 2	5.3198784459831	3.6884135616978	-2.78824402365485	-1.9362222009679	-0.896291238517231	-5.5745126884594	12.0192831516418	-1.54889088066512	7.10605044099352	8.59711311530999	-2.35700193377023	7.02544325190154	13.8052434121021	4.07222827438267	12.6788618479168
612_AAGGTAATCCTTACCG	332	262	36093191	SRR19573612	Ruberto2022_1	4	2022	Cambodia_Mondulkiri	10x_Chomium_V3	HiSeq X Ten	infected hepatocyte	BioIVT:BGW	Infected host hepatocytes	Liver stage	Cambodia field isolate	5	None	1	612_AAGGTAATCCTTACCG	Schizont	NA	NA	NA	0	0	0	0	0	0	1	1	0	1	24	Schizont (Liver stage)	0	Asexual 1	3.05377708566205	-1.06156653035084	-2.94668556723395	-3.82003486690723	1.16554577901893	-2.32103666478539	-6.07103423026612	-3.24704342771066	4.22620579904472	-6.30535404731619	-4.16137086837684	4.92631172507099	3.2441232718198	-14.3902581850832	13.2487194365819
612_AAGTGAAAGTGTAGTA	547	425	36093191	SRR19573612	Ruberto2022_1	4	2022	Cambodia_Mondulkiri	10x_Chomium_V3	HiSeq X Ten	infected hepatocyte	BioIVT:BGW	Infected host hepatocytes	Liver stage	Cambodia field isolate	5	None	1	612_AAGTGAAAGTGTAGTA	Hypnozoite	NA	NA	NA	0	0	0	0	0	0	1	1	0	1	12	Hypnozoite	0	Asexual 1	2.79184256684797	-0.855572997216381	-1.99197746786871	-3.98997414646351	0.437105404882961	-2.54657789880181	-3.22590890494215	-2.06725005587888	2.45736623425462	-3.2363027124298	-2.93249121249047	2.89862544527149	0.374595428712729	-10.8559743589339	15.0733340272188
612_AAGTTCGGTCCCTAAA	295	241	36093191	SRR19573612	Ruberto2022_1	4	2022	Cambodia_Mondulkiri	10x_Chomium_V3	HiSeq X Ten	infected hepatocyte	BioIVT:BGW	Infected host hepatocytes	Liver stage	Cambodia field isolate	5	None	1	612_AAGTTCGGTCCCTAAA	Hypnozoite	NA	NA	NA	0	0	0	0	0	0	1	1	0	1	36	Hypnozoite	0	Asexual 1	3.14946900498884	-1.54925972092549	-3.14876891646185	-3.54089749393665	2.01840479925209	-2.01268121415521	-6.33633568993933	-3.00693265178302	4.8462137294764	-6.53009107273688	-3.87625835443703	5.54902964437972	3.60467102158273	-17.2252346879447	12.1288444774426
612_AATCACGAGGATTTCC	58	40	36093191	SRR19573612	Ruberto2022_1	4	2022	Cambodia_Mondulkiri	10x_Chomium_V3	HiSeq X Ten	infected hepatocyte	BioIVT:BGW	Infected host hepatocytes	Liver stage	Cambodia field isolate	5	None	1	612_AATCACGAGGATTTCC	Hypnozoite	NA	NA	NA	0	0	0	0	0	0	0	0	1	0	48	Hypnozoite	0	Asexual 1	-0.694638026833368	-3.26926809418599	-3.19840480360785	-3.07465899524891	1.90656836584144	3.52528050726508	-11.6276003674989	-3.26478382221384	1.50269727629467	-9.12940808531467	-3.24776235996946	1.4963280234478	-8.47642777296702	-11.7438404812668	-4.87710598973667
612_AATCACGTCAGCCCAG	373	323	36093191	SRR19573612	Ruberto2022_1	4	2022	Cambodia_Mondulkiri	10x_Chomium_V3	HiSeq X Ten	infected hepatocyte	BioIVT:BGW	Infected host hepatocytes	Liver stage	Cambodia field isolate	5	None	1	612_AATCACGTCAGCCCAG	Hypnozoite	NA	NA	NA	0	0	0	0	0	0	1	1	0	1	36	Hypnozoite	0	Asexual 1	2.42324386727827	-1.46204382050434	-3.55659629378119	-3.658628588297	1.72096820428901	-2.56565567666436	-3.35715145604278	-2.14365811666925	2.59029000886281	-3.58679032525927	-3.07195265086844	3.3258663425598	4.48146246276362	-10.7476597632901	11.8908681687926
612_AATCGACTCCTCTCGA	1364	858	36093191	SRR19573612	Ruberto2022_1	4	2022	Cambodia_Mondulkiri	10x_Chomium_V3	HiSeq X Ten	infected hepatocyte	BioIVT:BGW	Infected host hepatocytes	Liver stage	Cambodia field isolate	5	None	1	612_AATCGACTCCTCTCGA	Schizont	NA	NA	NA	0	0	0	0	0	0	1	1	0	1	24	Schizont (Liver stage)	0	Asexual 1	5.21027837884443	3.57023638617595	-2.57694055113593	-2.80088222561084	-0.709733945578999	-3.98618885690118	2.56915132787683	-0.828816717022949	4.8795255174385	2.36903421952108	-1.61312773020282	5.22147098888759	4.08351896695584	0.647215822567404	16.986654980345
612_AATCGTGAGCGTGTCC	295	238	36093191	SRR19573612	Ruberto2022_1	4	2022	Cambodia_Mondulkiri	10x_Chomium_V3	HiSeq X Ten	infected hepatocyte	BioIVT:BGW	Infected host hepatocytes	Liver stage	Cambodia field isolate	5	None	1	612_AATCGTGAGCGTGTCC	Hypnozoite	NA	NA	NA	0	0	0	0	0	0	0	0	0	0	36	Hypnozoite	0	Asexual 1	1.90649341237562	-2.21381169426838	-3.71529914412299	-3.11029184398853	2.17561395719581	-1.40575322324181	-6.31020913896428	-3.46373350961961	3.36035392088212	-5.11507914125511	-3.84527502121784	3.62647509257298	-2.01069275911707	-16.8654363441989	9.81556626594883
612_AATGACCAGAGTCAAT	314	226	36093191	SRR19573612	Ruberto2022_1	4	2022	Cambodia_Mondulkiri	10x_Chomium_V3	HiSeq X Ten	infected hepatocyte	BioIVT:BGW	Infected host hepatocytes	Liver stage	Cambodia field isolate	5	None	1	612_AATGACCAGAGTCAAT	Hypnozoite	NA	NA	NA	0	0	0	0	0	0	0	0	0	0	32	Hypnozoite	0	Asexual 1	1.74447797429578	-2.81082016098896	-3.25320865187445	-3.66029370365345	2.27696950986915	-0.581267414630898	-7.99285684463273	-2.63163675238701	1.10919583202101	-6.04514442028006	-2.74519467676769	1.1455133879682	-2.8227195611996	-14.7952144258998	7.20831017648716
612_AATGACCCACAACGCC	314	246	36093191	SRR19573612	Ruberto2022_1	4	2022	Cambodia_Mondulkiri	10x_Chomium_V3	HiSeq X Ten	infected hepatocyte	BioIVT:BGW	Infected host hepatocytes	Liver stage	Cambodia field isolate	5	None	1	612_AATGACCCACAACGCC	Hypnozoite	NA	NA	NA	0	0	0	0	0	0	0	0	0	0	36	Hypnozoite	0	Asexual 1	1.99623607289808	-2.61551219094197	-3.46179820570746	-3.52548015651905	2.14157994344764	-1.43478223496819	-6.56217429199368	-3.37759457186048	1.71854365910826	-5.52176452815023	-3.75474582981023	1.92278748117809	-0.611812470128146	-14.1165706550025	7.94679840581288
612_AATGCCACAAATTGGA	153	103	36093191	SRR19573612	Ruberto2022_1	4	2022	Cambodia_Mondulkiri	10x_Chomium_V3	HiSeq X Ten	infected hepatocyte	BioIVT:BGW	Infected host hepatocytes	Liver stage	Cambodia field isolate	5	None	1	612_AATGCCACAAATTGGA	Hypnozoite	NA	NA	NA	0	0	0	0	0	0	0	0	0	0	32	Hypnozoite	0	Asexual 1	0.369054185271429	-2.3172700988094	-1.93486334357062	-3.39665377674305	0.802515345364147	0.678130181489936	-9.5311785338885	-3.06012750625237	1.13836824999112	-7.14457739202787	-3.07172031832584	1.13740360721498	3.86347324682949	-13.0141758155478	-0.00138977911253109
612_AATGCCACACAAGCCC	63	14	36093191	SRR19573612	Ruberto2022_1	4	2022	Cambodia_Mondulkiri	10x_Chomium_V3	HiSeq X Ten	infected hepatocyte	BioIVT:BGW	Infected host hepatocytes	Liver stage	Cambodia field isolate	5	None	1	612_AATGCCACACAAGCCC	Hypnozoite	NA	NA	NA	0	0	0	0	0	0	0	0	1	0	36	Hypnozoite	0	Asexual 1	-0.694380952000452	-3.49280768502156	-2.93695284399787	-3.07462537822925	2.24729021146827	3.12049725836372	-12.6901185287693	-2.95193536358641	1.15239748879159	-10.1885711472476	-2.93409276775116	1.14570702461163	-10.5674172236257	-14.3847646798885	-6.97105482494393
612_AATGGAACACGGCACT	15255	2647	36093191	SRR19573612	Ruberto2022_1	4	2022	Cambodia_Mondulkiri	10x_Chomium_V3	HiSeq X Ten	infected hepatocyte	BioIVT:BGW	Infected host hepatocytes	Liver stage	Cambodia field isolate	5	None	1	612_AATGGAACACGGCACT	Schizont	NA	NA	NA	0	0	0	0	1	1	1	1	0	1	36	Schizont (Liver stage)	1	Asexual 2	5.00696741235273	3.51713603865703	-2.65418364081183	-2.63737166462146	0.24151592209869	-6.23051759416009	11.3483426625855	-1.34247034766546	7.0243764067977	7.46604736312333	-2.21107927405424	7.32430943186085	18.3866570340525	-0.85299229443648	13.5292579685204
612_AATGGCTGTAGGACTG	3023	1327	36093191	SRR19573612	Ruberto2022_1	4	2022	Cambodia_Mondulkiri	10x_Chomium_V3	HiSeq X Ten	infected hepatocyte	BioIVT:BGW	Infected host hepatocytes	Liver stage	Cambodia field isolate	5	None	1	612_AATGGCTGTAGGACTG	Schizont	NA	NA	NA	0	0	0	0	1	1	1	1	0	1	24	Schizont (Liver stage)	1	Asexual 2	5.05070434701459	3.45027011763652	-2.75280167135993	-3.08150876102649	0.54929150894218	-5.33751365357781	6.45006861428598	-2.52490734616838	5.87666893778492	2.82076489080065	-3.75946831103621	5.97361245195728	14.5722618886882	-3.15796249239075	14.6991187611583
612_ACAAAGAGTTCTCACC	8145	2248	36093191	SRR19573612	Ruberto2022_1	4	2022	Cambodia_Mondulkiri	10x_Chomium_V3	HiSeq X Ten	infected hepatocyte	BioIVT:BGW	Infected host hepatocytes	Liver stage	Cambodia field isolate	5	None	1	612_ACAAAGAGTTCTCACC	Schizont	NA	NA	NA	0	0	0	0	1	1	1	1	0	1	36	Schizont (Liver stage)	1	Asexual 2	5.32640491616742	3.70024937522014	-2.81726147208014	-1.97461331424915	-0.813013655394978	-5.79730531388665	12.411898307755	-1.54120178710808	6.89720172504166	9.55757077165351	-2.44846051801673	7.00092598204192	14.7255547672613	3.83805164156811	12.6423227684239
612_ACAACCAGTATTCCGA	28	22	36093191	SRR19573612	Ruberto2022_1	4	2022	Cambodia_Mondulkiri	10x_Chomium_V3	HiSeq X Ten	infected hepatocyte	BioIVT:BGW	Infected host hepatocytes	Liver stage	Cambodia field isolate	5	None	1	612_ACAACCAGTATTCCGA	Hypnozoite	NA	NA	NA	0	0	0	0	0	0	0	0	1	0	32	Hypnozoite	0	Asexual 1	-0.448880029797388	-3.43128758538166	-2.97407080206671	-3.28795087871753	2.15863283231788	2.91286114042853	-12.1144886669008	-3.27669062934389	1.84315759364393	-9.61880290766386	-3.26037962473405	1.83703227675345	-9.10023439705944	-12.7913325153114	-5.77706234883413
612_ACAAGCTAGACGCCAA	6257	1900	36093191	SRR19573612	Ruberto2022_1	4	2022	Cambodia_Mondulkiri	10x_Chomium_V3	HiSeq X Ten	infected hepatocyte	BioIVT:BGW	Infected host hepatocytes	Liver stage	Cambodia field isolate	5	None	1	612_ACAAGCTAGACGCCAA	Schizont	NA	NA	NA	0	0	0	0	1	1	1	1	0	1	24	Schizont (Liver stage)	1	Asexual 2	5.05902038705366	3.51890796553691	-2.73215986761847	-2.6050282770177	0.326167213469082	-6.16380902940179	9.75188969422042	-1.62955264596562	7.14772247348079	5.860547743153	-2.60128089759604	7.392891089389	17.967872328855	-1.22867763412031	13.1209445885834
612_ACACCAAGTAGATCCT	4957	1748	36093191	SRR19573612	Ruberto2022_1	4	2022	Cambodia_Mondulkiri	10x_Chomium_V3	HiSeq X Ten	infected hepatocyte	BioIVT:BGW	Infected host hepatocytes	Liver stage	Cambodia field isolate	5	None	1	612_ACACCAAGTAGATCCT	Schizont	NA	NA	NA	0	0	0	0	1	1	1	1	0	1	36	Schizont (Liver stage)	1	Asexual 2	5.0806296933891	3.47568673026165	-2.789615884159	-2.06610763607227	0.357603239565426	-6.42525026017571	9.54101861965368	-1.94478416739552	5.6299612011545	5.94895517465003	-2.50774281301006	6.18610128340067	16.5875951826179	0.351205945765357	9.63746555924125
612_ACACGCGAGGGACAGG	561	458	36093191	SRR19573612	Ruberto2022_1	4	2022	Cambodia_Mondulkiri	10x_Chomium_V3	HiSeq X Ten	infected hepatocyte	BioIVT:BGW	Infected host hepatocytes	Liver stage	Cambodia field isolate	5	None	1	612_ACACGCGAGGGACAGG	Hypnozoite	NA	NA	NA	0	0	0	0	0	0	1	1	0	1	12	Hypnozoite	0	Asexual 1	3.16335021150129	-0.426782547120251	-3.29985739264289	-3.98113930759632	1.03154357030922	-3.43504854852105	-1.23908107326514	-2.60397442939386	4.01200036648673	-1.45918285838341	-3.62820873278092	4.88819970432427	4.36161075873328	-10.8044920240987	14.7395053549926
612_ACACTGAAGTCAGGGT	2431	1158	36093191	SRR19573612	Ruberto2022_1	4	2022	Cambodia_Mondulkiri	10x_Chomium_V3	HiSeq X Ten	infected hepatocyte	BioIVT:BGW	Infected host hepatocytes	Liver stage	Cambodia field isolate	5	None	1	612_ACACTGAAGTCAGGGT	Schizont	NA	NA	NA	0	0	0	0	1	1	1	1	0	1	36	Schizont (Liver stage)	1	Asexual 2	5.01958738458173	3.41795796286663	-2.63836432966986	-2.89550960598194	-0.114595917314953	-5.05239650422479	4.62095049788841	-2.10128016782391	6.91043414118842	1.69614361684241	-3.18459974970805	7.06234462839782	9.87968880878429	-0.779169460686711	12.2301823349405
612_ACACTGATCATGCCAA	43	38	36093191	SRR19573612	Ruberto2022_1	4	2022	Cambodia_Mondulkiri	10x_Chomium_V3	HiSeq X Ten	infected hepatocyte	BioIVT:BGW	Infected host hepatocytes	Liver stage	Cambodia field isolate	5	None	1	612_ACACTGATCATGCCAA	Hypnozoite	NA	NA	NA	0	0	0	0	0	0	0	0	1	0	32	Hypnozoite	0	Asexual 1	1.24436460626142	-3.58336096871296	-3.3163230565528	-3.25365078983509	2.86165340498024	0.713257940469733	-11.8163113026913	-3.37628332573275	2.85676700530668	-9.37989157293948	-3.37346914654177	2.85397101907073	-5.44923842400243	-20.8441042041232	3.71552550080891
612_ACAGAAACATCTTCGC	963	647	36093191	SRR19573612	Ruberto2022_1	4	2022	Cambodia_Mondulkiri	10x_Chomium_V3	HiSeq X Ten	infected hepatocyte	BioIVT:BGW	Infected host hepatocytes	Liver stage	Cambodia field isolate	5	None	1	612_ACAGAAACATCTTCGC	Hypnozoite	NA	NA	NA	0	0	0	0	0	0	1	1	0	1	36	Hypnozoite	0	Asexual 1	4.4162763227226	2.37035840880474	-2.42634536299506	-3.8130749517461	1.03508337095314	-4.11543246919061	0.590401431200958	-2.58165300170135	3.8135111311887	0.0262218731791762	-3.65505224037754	4.66735034525249	6.82049336313862	-11.5260105549632	16.897718986103
612_ACATCCCCAGAGATGC	339	285	36093191	SRR19573612	Ruberto2022_1	4	2022	Cambodia_Mondulkiri	10x_Chomium_V3	HiSeq X Ten	infected hepatocyte	BioIVT:BGW	Infected host hepatocytes	Liver stage	Cambodia field isolate	5	None	1	612_ACATCCCCAGAGATGC	Hypnozoite	NA	NA	NA	0	0	0	0	0	0	1	1	0	1	36	Hypnozoite	0	Asexual 1	-2.97384680616839	-1.79338365662495	-2.61713696989813	-2.61187637386524	-0.0994249035424654	-1.60408577138329	-5.30092549174581	-2.70625257808824	2.40570327251938	-5.22672489899072	-3.4508658411262	2.37003418992404	-3.00639981003714	-3.80153200906653	10.6386866565899
612_ACATCGATCCGATCGG	11669	2526	36093191	SRR19573612	Ruberto2022_1	4	2022	Cambodia_Mondulkiri	10x_Chomium_V3	HiSeq X Ten	infected hepatocyte	BioIVT:BGW	Infected host hepatocytes	Liver stage	Cambodia field isolate	5	None	1	612_ACATCGATCCGATCGG	Schizont	NA	NA	NA	0	0	0	0	1	1	1	1	0	1	32	Schizont (Liver stage)	1	Asexual 2	5.29789291512983	3.6664888275822	-2.82995821509162	-2.00627029476368	-0.693558615893788	-5.90516492539788	13.1001294412361	-1.4522274867133	7.33526965739729	9.16422390737016	-2.34642750632345	7.38704879545634	14.9707117761923	3.54137460414067	12.6159179638894
612_ACATGCACACAGAGCA	9626	2274	36093191	SRR19573612	Ruberto2022_1	4	2022	Cambodia_Mondulkiri	10x_Chomium_V3	HiSeq X Ten	infected hepatocyte	BioIVT:BGW	Infected host hepatocytes	Liver stage	Cambodia field isolate	5	None	1	612_ACATGCACACAGAGCA	Schizont	NA	NA	NA	0	0	0	0	1	1	1	1	0	1	24	Schizont (Liver stage)	1	Asexual 2	5.21528707635419	3.59593695532878	-2.82019688162604	-1.97898877201282	-0.22511656329102	-6.27219411546136	10.7682923507712	-1.44459903850058	7.1726501219335	6.99623915777489	-1.89215323699176	7.67596557502374	16.4783037973961	2.20696596523611	12.331069460896
612_ACCCTTGCACGGTGCT	12390	2541	36093191	SRR19573612	Ruberto2022_1	4	2022	Cambodia_Mondulkiri	10x_Chomium_V3	HiSeq X Ten	infected hepatocyte	BioIVT:BGW	Infected host hepatocytes	Liver stage	Cambodia field isolate	5	None	1	612_ACCCTTGCACGGTGCT	Schizont	NA	NA	NA	0	0	0	0	1	1	1	1	0	1	24	Schizont (Liver stage)	1	Asexual 2	5.35459171426313	3.7082700146397	-2.86348511252204	-1.97885311184131	-0.637763005942768	-5.9541799705639	12.8191849541609	-0.747698687774904	7.34472452502555	9.0709755883221	-1.3587107450941	7.6127902211513	15.0800429054767	3.54226014843516	12.5912731324686
612_ACCGTTCAGACGCAGT	276	247	36093191	SRR19573612	Ruberto2022_1	4	2022	Cambodia_Mondulkiri	10x_Chomium_V3	HiSeq X Ten	infected hepatocyte	BioIVT:BGW	Infected host hepatocytes	Liver stage	Cambodia field isolate	5	None	1	612_ACCGTTCAGACGCAGT	Hypnozoite	NA	NA	NA	0	0	0	0	0	0	0	0	0	0	6	Hypnozoite	0	Asexual 1	2.00267611634748	-2.05326729882161	-3.62447310957709	-3.38239014682972	1.70392592504554	-1.40521296674157	-5.61582754413607	-1.14277505470518	2.11689136258693	-4.63851289759269	-1.55627998589281	2.32237976285691	0.0502692491855051	-15.2304040947853	9.26856178403035
612_ACCGTTCCACTGTCGG	3426	1505	36093191	SRR19573612	Ruberto2022_1	4	2022	Cambodia_Mondulkiri	10x_Chomium_V3	HiSeq X Ten	infected hepatocyte	BioIVT:BGW	Infected host hepatocytes	Liver stage	Cambodia field isolate	5	None	1	612_ACCGTTCCACTGTCGG	Schizont	NA	NA	NA	0	0	0	0	1	1	1	1	0	1	24	Schizont (Liver stage)	1	Asexual 2	5.043028699279	3.50941199194988	-2.68126846823493	-2.75533426342212	0.0384907300763663	-6.02161046677972	7.68142597950733	-1.41792089376606	6.69625674788283	5.90800497975244	-2.67049110586621	6.92602123942046	18.1158147172342	-1.18035209251625	13.6343011891652
612_ACCGTTCCAGACCAAG	95	88	36093191	SRR19573612	Ruberto2022_1	4	2022	Cambodia_Mondulkiri	10x_Chomium_V3	HiSeq X Ten	infected hepatocyte	BioIVT:BGW	Infected host hepatocytes	Liver stage	Cambodia field isolate	5	None	1	612_ACCGTTCCAGACCAAG	Hypnozoite	NA	NA	NA	0	0	0	0	0	0	0	0	1	0	12	Hypnozoite	0	Asexual 1	0.841565238356756	-3.60166579354206	-3.0328209546546	-3.44288194713794	2.92152650907569	1.42174485510444	-11.2691774759297	-3.17344857896946	2.67002085374255	-8.85288715076274	-3.17513034990215	2.66798564561635	-5.50286843795396	-20.3126004481134	2.84340606147651
612_ACCTACCTCTTCTGGC	437	343	36093191	SRR19573612	Ruberto2022_1	4	2022	Cambodia_Mondulkiri	10x_Chomium_V3	HiSeq X Ten	infected hepatocyte	BioIVT:BGW	Infected host hepatocytes	Liver stage	Cambodia field isolate	5	None	1	612_ACCTACCTCTTCTGGC	Hypnozoite	NA	NA	NA	0	0	0	0	0	0	1	1	0	1	24	Hypnozoite	0	Asexual 1	3.37035571229474	-0.421840487603344	-3.13590837988654	-3.90190184650623	1.27384718015724	-3.3384618442669	-3.15634209261365	-3.17181357444376	2.35049679864055	-3.33090477953796	-4.18474559400902	3.25697533908722	6.98159002096303	-13.4550649407134	18.5951500614716
612_ACCTGAAAGCAAGGAA	592	484	36093191	SRR19573612	Ruberto2022_1	4	2022	Cambodia_Mondulkiri	10x_Chomium_V3	HiSeq X Ten	infected hepatocyte	BioIVT:BGW	Infected host hepatocytes	Liver stage	Cambodia field isolate	5	None	1	612_ACCTGAAAGCAAGGAA	Hypnozoite	NA	NA	NA	0	0	0	0	0	0	1	1	0	1	36	Hypnozoite	0	Asexual 1	3.45231233727949	0.295843721743427	-3.05647803816596	-3.995786791422	0.390787171869808	-3.45568200761224	-1.53655955932557	-1.56310326533083	3.94544704891909	-1.61927223060664	-2.58389489700593	4.78111430215651	2.27683737671409	-9.70414296456401	17.8211289577375
612_ACCTGAACACACCGCA	376	304	36093191	SRR19573612	Ruberto2022_1	4	2022	Cambodia_Mondulkiri	10x_Chomium_V3	HiSeq X Ten	infected hepatocyte	BioIVT:BGW	Infected host hepatocytes	Liver stage	Cambodia field isolate	5	None	1	612_ACCTGAACACACCGCA	Hypnozoite	NA	NA	NA	0	0	0	0	0	0	1	1	0	1	36	Hypnozoite	0	Asexual 1	-3.08034457075579	-1.75043588745991	-2.65769578490058	-2.78376591739856	-0.434247148484654	-1.66376420670892	-4.31162506462634	-2.01428059229302	1.5548398989284	-4.23477403050894	-2.76529463735584	1.53265202624261	1.86196925156771	-5.49659813945547	7.54501292806927
612_ACCTGAATCTAACACG	593	431	36093191	SRR19573612	Ruberto2022_1	4	2022	Cambodia_Mondulkiri	10x_Chomium_V3	HiSeq X Ten	infected hepatocyte	BioIVT:BGW	Infected host hepatocytes	Liver stage	Cambodia field isolate	5	None	1	612_ACCTGAATCTAACACG	Hypnozoite	NA	NA	NA	0	0	0	0	0	0	1	1	0	1	36	Hypnozoite	0	Asexual 1	3.32442270410077	-0.143317280892528	-3.16899587187567	-3.97063839969837	1.37835045412117	-3.32843991929437	-1.99919399679466	-2.28923722899933	4.14087062788079	-2.27030373977325	-3.30950050123648	5.05903615227549	4.37878638617027	-12.6288539781735	16.302331357195
612_ACCTGTCGTGAGGATC	70	66	36093191	SRR19573612	Ruberto2022_1	4	2022	Cambodia_Mondulkiri	10x_Chomium_V3	HiSeq X Ten	infected hepatocyte	BioIVT:BGW	Infected host hepatocytes	Liver stage	Cambodia field isolate	5	None	1	612_ACCTGTCGTGAGGATC	Hypnozoite	NA	NA	NA	0	0	0	0	0	0	0	0	1	0	24	Hypnozoite	0	Asexual 1	-0.084210557818247	-3.41361170876423	-3.14488436255255	-3.40906417904102	2.85486395910316	2.15923407858466	-9.57488432893227	-2.52535202672939	0.908356222648545	-7.09296111060021	-2.51212526168548	0.90301841094716	-4.16134353660847	-9.58316844780587	-4.07909034571413
612_ACGATGTTCTACTTCA	282	236	36093191	SRR19573612	Ruberto2022_1	4	2022	Cambodia_Mondulkiri	10x_Chomium_V3	HiSeq X Ten	infected hepatocyte	BioIVT:BGW	Infected host hepatocytes	Liver stage	Cambodia field isolate	5	None	1	612_ACGATGTTCTACTTCA	Hypnozoite	NA	NA	NA	0	0	0	0	0	0	0	0	0	0	24	Hypnozoite	0	Asexual 1	0.945698486685919	-2.8188398467342	-3.5044481900672	-3.46022642193042	2.51650436475807	-0.373689411224374	-6.77331508057345	-2.2813342463166	2.51052185196011	-4.82091271289598	-2.40414822991309	2.56059432286987	-1.10885957719817	-12.5100756051602	4.96591579636305
612_ACGGGTCCACTAAACC	2268	1018	36093191	SRR19573612	Ruberto2022_1	4	2022	Cambodia_Mondulkiri	10x_Chomium_V3	HiSeq X Ten	infected hepatocyte	BioIVT:BGW	Infected host hepatocytes	Liver stage	Cambodia field isolate	5	None	1	612_ACGGGTCCACTAAACC	Schizont	NA	NA	NA	0	0	0	0	1	1	1	1	0	1	36	Schizont (Liver stage)	1	Asexual 2	4.84965358865278	3.22632426154216	-2.67155028853217	-3.00219643650257	1.07911320283943	-5.26892778092767	4.22247992764038	-2.87176221268674	6.46412660140379	0.752947782612172	-4.08545211342228	6.63383562882454	14.3801020936702	-5.13727434234307	13.5661135003505
612_ACGGGTCGTCACCTTC	2377	1085	36093191	SRR19573612	Ruberto2022_1	4	2022	Cambodia_Mondulkiri	10x_Chomium_V3	HiSeq X Ten	infected hepatocyte	BioIVT:BGW	Infected host hepatocytes	Liver stage	Cambodia field isolate	5	None	1	612_ACGGGTCGTCACCTTC	Schizont	NA	NA	NA	0	0	0	0	1	1	1	1	0	1	24	Schizont (Liver stage)	1	Asexual 2	4.71063409936445	3.07662409674724	-2.52453471693793	-2.7860163503667	1.12033005312019	-5.01708575898553	2.47817792480185	-1.82363588665787	6.89227986838671	-0.957165756352903	-3.00531456647645	7.09345369840074	12.6929926462568	-6.66405584387909	11.8708280867649
612_ACGGTCGAGCAGCACA	306	264	36093191	SRR19573612	Ruberto2022_1	4	2022	Cambodia_Mondulkiri	10x_Chomium_V3	HiSeq X Ten	infected hepatocyte	BioIVT:BGW	Infected host hepatocytes	Liver stage	Cambodia field isolate	5	None	1	612_ACGGTCGAGCAGCACA	Hypnozoite	NA	NA	NA	0	0	0	0	0	0	0	0	0	0	36	Hypnozoite	0	Asexual 1	1.86027632844465	-2.07613068688313	-3.65486146483222	-2.84389174518787	2.25251062467628	-0.670604942382821	-6.0507355199731	-2.71187256622076	3.13878250074213	-4.16950386289537	-2.86012376516015	3.2170885120655	-1.19641810207744	-12.4673567263436	5.60068037293546
612_ACGGTCGAGGCTCTAT	143	117	36093191	SRR19573612	Ruberto2022_1	4	2022	Cambodia_Mondulkiri	10x_Chomium_V3	HiSeq X Ten	infected hepatocyte	BioIVT:BGW	Infected host hepatocytes	Liver stage	Cambodia field isolate	5	None	1	612_ACGGTCGAGGCTCTAT	Hypnozoite	NA	NA	NA	0	0	0	0	0	0	0	0	1	0	36	Hypnozoite	0	Asexual 1	0.232073279142546	-3.13195520508686	-3.18652941260138	-3.50607479152881	2.56654961660438	1.89672067946052	-9.20090454356766	-2.52978317835976	0.961105589472567	-6.74264061333813	-2.52196931399829	0.957047042840997	-1.97002752612242	-12.0458002244223	-1.06103526435138
612_ACGGTCGTCCTGGGAC	262	201	36093191	SRR19573612	Ruberto2022_1	4	2022	Cambodia_Mondulkiri	10x_Chomium_V3	HiSeq X Ten	infected hepatocyte	BioIVT:BGW	Infected host hepatocytes	Liver stage	Cambodia field isolate	5	None	1	612_ACGGTCGTCCTGGGAC	Hypnozoite	NA	NA	NA	0	0	0	0	0	0	0	0	0	0	24	Hypnozoite	0	Asexual 1	1.7477314342262	-2.37975913155476	-3.71658183607855	-2.9714468771001	2.38467867925697	-1.0171596091404	-7.75436988604548	-3.18785867560956	3.33565947725983	-5.82598330375559	-3.31541835031302	3.4006937414035	-2.04474388841923	-16.9711251373873	9.65030691563169
612_ACTACGAAGACAGCGT	615	489	36093191	SRR19573612	Ruberto2022_1	4	2022	Cambodia_Mondulkiri	10x_Chomium_V3	HiSeq X Ten	infected hepatocyte	BioIVT:BGW	Infected host hepatocytes	Liver stage	Cambodia field isolate	5	None	1	612_ACTACGAAGACAGCGT	Hypnozoite	NA	NA	NA	0	0	0	0	0	0	1	1	0	1	32	Hypnozoite	0	Asexual 1	4.10199009072797	1.70567792784771	-2.13181902441779	-3.0763851457616	0.759033160954052	-3.66906162911797	-2.40197311968967	-4.92583641127468	3.94511711839406	-3.01524122929577	-5.98081077348936	4.7076593202315	5.70203266045129	-5.92615416394973	15.4454600483028
612_ACTACGAAGATCACCT	392	296	36093191	SRR19573612	Ruberto2022_1	4	2022	Cambodia_Mondulkiri	10x_Chomium_V3	HiSeq X Ten	infected hepatocyte	BioIVT:BGW	Infected host hepatocytes	Liver stage	Cambodia field isolate	5	None	1	612_ACTACGAAGATCACCT	Hypnozoite	NA	NA	NA	0	0	0	0	0	0	1	1	0	1	36	Hypnozoite	0	Asexual 1	2.49344550263898	-2.0366943465511	-3.11435390982428	-3.6849433237096	1.33021207407051	-1.42894813233758	-7.23408341295612	-3.86305306784891	2.88681139154115	-6.83392287569615	-4.43062182106161	3.17647252791303	1.74853834269441	-13.4751694927309	10.0324836137456
612_ACTATCTCACGTACTA	563	439	36093191	SRR19573612	Ruberto2022_1	4	2022	Cambodia_Mondulkiri	10x_Chomium_V3	HiSeq X Ten	infected hepatocyte	BioIVT:BGW	Infected host hepatocytes	Liver stage	Cambodia field isolate	5	None	1	612_ACTATCTCACGTACTA	Hypnozoite	NA	NA	NA	0	0	0	0	0	0	1	1	0	1	32	Hypnozoite	0	Asexual 1	3.45182262551801	-0.101736901883282	-2.81989289793768	-3.9912005716344	0.466017561703258	-3.04279014283563	-3.00446197538065	-2.46255039494955	3.54916134604728	-3.06595889086521	-3.37340532992985	4.19091148728399	2.22724524737304	-9.81646669151215	17.3209834736172
612_ACTATCTTCCCATACC	467	357	36093191	SRR19573612	Ruberto2022_1	4	2022	Cambodia_Mondulkiri	10x_Chomium_V3	HiSeq X Ten	infected hepatocyte	BioIVT:BGW	Infected host hepatocytes	Liver stage	Cambodia field isolate	5	None	1	612_ACTATCTTCCCATACC	Hypnozoite	NA	NA	NA	0	0	0	0	0	0	1	1	0	1	24	Hypnozoite	0	Asexual 1	2.7554298509361	-1.08213382828633	-3.45092059645453	-3.56947553692066	1.09654529645973	-2.14915904218102	-3.94438054062562	-3.04885703017286	2.55846283848299	-3.9983723367129	-3.86400217325551	2.95186093853176	1.6616081022371	-11.0304859040523	11.4752092604105
612_ACTCTCGCATAACAGA	408	321	36093191	SRR19573612	Ruberto2022_1	4	2022	Cambodia_Mondulkiri	10x_Chomium_V3	HiSeq X Ten	infected hepatocyte	BioIVT:BGW	Infected host hepatocytes	Liver stage	Cambodia field isolate	5	None	1	612_ACTCTCGCATAACAGA	Hypnozoite	NA	NA	NA	0	0	0	0	0	0	1	1	0	1	36	Hypnozoite	0	Asexual 1	2.77300463807599	-1.2243905650417	-3.47035838637152	-3.19467723903858	1.67959852769905	-2.62751313859368	-4.57872490100675	-3.06786930719357	3.82731681596704	-4.86266160547199	-4.02885824396736	4.65241204137356	5.66007210234676	-13.4110296082006	12.5289474739771
612_ACTCTCGTCAACCTTT	183	145	36093191	SRR19573612	Ruberto2022_1	4	2022	Cambodia_Mondulkiri	10x_Chomium_V3	HiSeq X Ten	infected hepatocyte	BioIVT:BGW	Infected host hepatocytes	Liver stage	Cambodia field isolate	5	None	1	612_ACTCTCGTCAACCTTT	Hypnozoite	NA	NA	NA	0	0	0	0	0	0	0	0	0	0	24	Hypnozoite	0	Asexual 1	1.13895236146467	-3.02121049034993	-3.56399418387213	-3.14620078144275	2.80830152586036	0.531331630407325	-8.19638646125348	-3.16969192625548	0.989464575708734	-5.79510952333904	-3.17514656085949	0.989336810287281	-1.39999877978026	-12.627346238596	4.5999488887488
612_ACTGATGGTGATTGGG	329	264	36093191	SRR19573612	Ruberto2022_1	4	2022	Cambodia_Mondulkiri	10x_Chomium_V3	HiSeq X Ten	infected hepatocyte	BioIVT:BGW	Infected host hepatocytes	Liver stage	Cambodia field isolate	5	None	1	612_ACTGATGGTGATTGGG	Hypnozoite	NA	NA	NA	0	0	0	0	0	0	0	0	0	0	32	Hypnozoite	0	Asexual 1	1.29587947022931	-2.39682513344685	-3.1679916528205	-3.72430837688648	1.92150552824073	-0.419456549005159	-6.62636211071737	-3.32967372384648	1.92140172241064	-5.01233502602028	-3.53231377435895	1.99710249829895	0.0511158605583586	-13.131504199005	5.42329339079551
612_ACTGCAACACTTTAGG	251	208	36093191	SRR19573612	Ruberto2022_1	4	2022	Cambodia_Mondulkiri	10x_Chomium_V3	HiSeq X Ten	infected hepatocyte	BioIVT:BGW	Infected host hepatocytes	Liver stage	Cambodia field isolate	5	None	1	612_ACTGCAACACTTTAGG	Hypnozoite	NA	NA	NA	0	0	0	0	0	0	0	0	0	0	6	Hypnozoite	0	Asexual 1	0.292069720149206	-2.23992210495869	-2.62001015219489	-3.4862767511388	0.533211248665386	-0.74122759515191	-5.36850573126939	-2.63517454475073	1.21536655753915	-4.80088520653318	-3.21013280280625	1.22230654987215	3.96094460597293	-11.1690718151308	3.87857372567871
612_ACTGCAACATCGCTGG	243	200	36093191	SRR19573612	Ruberto2022_1	4	2022	Cambodia_Mondulkiri	10x_Chomium_V3	HiSeq X Ten	infected hepatocyte	BioIVT:BGW	Infected host hepatocytes	Liver stage	Cambodia field isolate	5	None	1	612_ACTGCAACATCGCTGG	Hypnozoite	NA	NA	NA	0	0	0	0	0	0	0	0	0	0	36	Hypnozoite	0	Asexual 1	1.10796188008802	-2.80728274453083	-3.65052844557562	-3.30865824756824	2.2009590442472	-0.265355480851182	-6.81429894313859	-3.25613204395855	3.03227558743272	-4.84344621451871	-3.36961573017405	3.07321394625618	-1.25628448938912	-12.8113008657504	5.57954550184286
612_ACTGCAATCTCTAAGG	311	260	36093191	SRR19573612	Ruberto2022_1	4	2022	Cambodia_Mondulkiri	10x_Chomium_V3	HiSeq X Ten	infected hepatocyte	BioIVT:BGW	Infected host hepatocytes	Liver stage	Cambodia field isolate	5	None	1	612_ACTGCAATCTCTAAGG	Hypnozoite	NA	NA	NA	0	0	0	0	0	0	0	0	0	0	32	Hypnozoite	0	Asexual 1	0.0492891627812554	-2.37965875733296	-2.59122945341864	-3.62042534885608	0.676571565418774	-0.780954418720254	-5.67386253231801	-2.74135369134072	1.01423440536468	-4.75760114538498	-3.18783625412237	1.08989562137124	3.58856638983491	-11.3161574184463	3.86390334100081
612_ACTGCAATCTGAGCAT	188	170	36093191	SRR19573612	Ruberto2022_1	4	2022	Cambodia_Mondulkiri	10x_Chomium_V3	HiSeq X Ten	infected hepatocyte	BioIVT:BGW	Infected host hepatocytes	Liver stage	Cambodia field isolate	5	None	1	612_ACTGCAATCTGAGCAT	Hypnozoite	NA	NA	NA	0	0	0	0	0	0	0	0	0	0	6	Hypnozoite	0	Asexual 1	1.23272203099744	-3.30985742676655	-2.64330841574469	-3.28528678951465	1.90117176130348	-0.112812725843438	-7.71215734891406	-3.65473762336439	1.02455050409223	-5.54308391076071	-3.71576596483423	1.03664172623782	-0.208121771763708	-12.9746342509592	4.5221710288804
612_ACTGTCCAGTAAGCAT	113	100	36093191	SRR19573612	Ruberto2022_1	4	2022	Cambodia_Mondulkiri	10x_Chomium_V3	HiSeq X Ten	infected hepatocyte	BioIVT:BGW	Infected host hepatocytes	Liver stage	Cambodia field isolate	5	None	1	612_ACTGTCCAGTAAGCAT	Hypnozoite	NA	NA	NA	0	0	0	0	0	0	0	0	1	0	36	Hypnozoite	0	Asexual 1	0.480959044814276	-3.57269793618122	-3.34325672659674	-3.22966397342884	3.09884579732948	1.08995559996223	-9.59782015972604	-2.09842999094179	2.0751518473242	-7.1385628553794	-2.09029726490244	2.07119016847134	-2.37511903111479	-12.1928421519686	2.11993419210615
612_ACTTAGGGTGTAGCAG	119	71	36093191	SRR19573612	Ruberto2022_1	4	2022	Cambodia_Mondulkiri	10x_Chomium_V3	HiSeq X Ten	infected hepatocyte	BioIVT:BGW	Infected host hepatocytes	Liver stage	Cambodia field isolate	5	None	1	612_ACTTAGGGTGTAGCAG	Hypnozoite	NA	NA	NA	0	0	0	0	0	0	0	0	1	0	32	Hypnozoite	0	Asexual 1	-0.378239346623255	-3.2068763362209	-3.0137906220893	-3.19095171032154	2.64799340322548	3.3301537353382	-11.2926491480181	-2.53288557327847	1.48079741812978	-8.7960799186796	-2.51629079949421	1.47443833194421	-0.973382245995241	-8.63912098502547	-6.53120509025662
612_ACTTAGGTCCGAGTGC	774	569	36093191	SRR19573612	Ruberto2022_1	4	2022	Cambodia_Mondulkiri	10x_Chomium_V3	HiSeq X Ten	infected hepatocyte	BioIVT:BGW	Infected host hepatocytes	Liver stage	Cambodia field isolate	5	None	1	612_ACTTAGGTCCGAGTGC	Hypnozoite	NA	NA	NA	0	0	0	0	0	0	1	1	0	1	24	Hypnozoite	0	Asexual 1	4.3305362333061	2.18574911486705	-2.35605956587592	-3.74636114177906	0.667339580803448	-4.03401419335748	-1.13348678078085	-4.317441370323	3.92421735916193	-1.83607469160455	-5.39072057198588	4.65179993831873	2.5309983661847	-8.04384876641936	19.76632251671
612_ACTTCCGTCCGCCTAT	401	335	36093191	SRR19573612	Ruberto2022_1	4	2022	Cambodia_Mondulkiri	10x_Chomium_V3	HiSeq X Ten	infected hepatocyte	BioIVT:BGW	Infected host hepatocytes	Liver stage	Cambodia field isolate	5	None	1	612_ACTTCCGTCCGCCTAT	Hypnozoite	NA	NA	NA	0	0	0	0	0	0	1	1	0	1	24	Hypnozoite	0	Asexual 1	2.98312793862836	-1.20179885495106	-3.24688269171515	-2.8469613843938	0.830360906868511	-2.41585489922906	-4.32649415764568	-3.27779259859134	3.19427059880033	-4.44509437615679	-4.15705114413567	3.66431483653	1.19835024920741	-6.48229831284747	13.3250611894571
612_ACTTCGCGTGGTCTGC	6375	2051	36093191	SRR19573612	Ruberto2022_1	4	2022	Cambodia_Mondulkiri	10x_Chomium_V3	HiSeq X Ten	infected hepatocyte	BioIVT:BGW	Infected host hepatocytes	Liver stage	Cambodia field isolate	5	None	1	612_ACTTCGCGTGGTCTGC	Schizont	NA	NA	NA	0	0	0	0	1	1	1	1	0	1	36	Schizont (Liver stage)	1	Asexual 2	5.31817756783979	3.68357318770488	-2.81764031920233	-1.93401492176258	-0.736780745238728	-5.82256242448235	12.0680879348587	-1.39573762566436	6.96546305350122	8.45027326519601	-2.32017127593125	6.93273060798507	14.5296721584052	3.57792922358236	12.5366698104353
612_ACTTCGCTCGGTCGGT	448	350	36093191	SRR19573612	Ruberto2022_1	4	2022	Cambodia_Mondulkiri	10x_Chomium_V3	HiSeq X Ten	infected hepatocyte	BioIVT:BGW	Infected host hepatocytes	Liver stage	Cambodia field isolate	5	None	1	612_ACTTCGCTCGGTCGGT	Hypnozoite	NA	NA	NA	0	0	0	0	0	0	0	0	0	0	32	Hypnozoite	0	Asexual 1	1.72789178979413	-2.12305289376179	-3.73931695494452	-3.67509091434681	1.89146371439033	-1.28202882224465	-5.60322103830523	-1.17957322605052	3.46005332834803	-4.87256569945879	-1.67149053870021	3.7544032016394	-0.964747633723582	-12.5815570059789	5.59924058199818
612_AGAAATGAGGTACTGG	506	400	36093191	SRR19573612	Ruberto2022_1	4	2022	Cambodia_Mondulkiri	10x_Chomium_V3	HiSeq X Ten	infected hepatocyte	BioIVT:BGW	Infected host hepatocytes	Liver stage	Cambodia field isolate	5	None	1	612_AGAAATGAGGTACTGG	Hypnozoite	NA	NA	NA	0	0	0	0	0	0	1	1	0	1	36	Hypnozoite	0	Asexual 1	3.09657727372663	-0.719386278275646	-3.3030014184455	-3.36008728084766	0.88916047170692	-3.09915849381829	-2.9008314130331	-3.18016351332436	4.0584506433118	-3.08052653995845	-4.17015616998487	4.89399005866306	3.27409805713813	-7.20912008124713	15.1527361593008
612_AGAAATGTCACTTTGT	2072	1104	36093191	SRR19573612	Ruberto2022_1	4	2022	Cambodia_Mondulkiri	10x_Chomium_V3	HiSeq X Ten	infected hepatocyte	BioIVT:BGW	Infected host hepatocytes	Liver stage	Cambodia field isolate	5	None	1	612_AGAAATGTCACTTTGT	Schizont	NA	NA	NA	0	0	0	0	1	1	1	1	0	1	24	Schizont (Liver stage)	1	Asexual 2	4.80771099221723	3.29956740271648	-2.60981823477545	-2.80823076305591	0.965195732861095	-5.70891591721917	5.38243374779915	-1.83719879632802	6.70216803426759	1.75282494144564	-3.00097983430448	6.86635562695929	15.6704704077181	-4.47254965035918	12.1963178984861
612_AGAAGCGGTGACATCT	619	386	36093191	SRR19573612	Ruberto2022_1	4	2022	Cambodia_Mondulkiri	10x_Chomium_V3	HiSeq X Ten	infected hepatocyte	BioIVT:BGW	Infected host hepatocytes	Liver stage	Cambodia field isolate	5	None	1	612_AGAAGCGGTGACATCT	Schizont	NA	NA	NA	0	0	0	0	0	0	1	1	0	1	36	Schizont (Liver stage)	0	Asexual 1	3.90780936372297	0.769871593828999	-2.78783251318732	-3.35934341488086	1.75300534322792	-3.63511392289544	-3.42012234695327	-4.05782826261342	5.09416431494645	-3.88272931334396	-5.0916373871999	5.98916599238559	11.3833745858436	-11.4371607238523	14.665848869352
612_AGAAGCGGTTCGAGCC	479	410	36093191	SRR19573612	Ruberto2022_1	4	2022	Cambodia_Mondulkiri	10x_Chomium_V3	HiSeq X Ten	infected hepatocyte	BioIVT:BGW	Infected host hepatocytes	Liver stage	Cambodia field isolate	5	None	1	612_AGAAGCGGTTCGAGCC	Hypnozoite	NA	NA	NA	0	0	0	0	0	0	1	1	0	1	24	Hypnozoite	0	Asexual 1	3.11763058793561	-0.840322195176281	-3.3457510617713	-3.80641973552906	1.61399455621772	-3.10928794557	-2.75522952145247	-2.98506854704359	2.991986877051	-3.03985274916452	-3.99298611239649	3.91058933278061	5.85163820231769	-13.0468106020365	14.3951155955349
612_AGAAGTATCCATCACC	608	458	36093191	SRR19573612	Ruberto2022_1	4	2022	Cambodia_Mondulkiri	10x_Chomium_V3	HiSeq X Ten	infected hepatocyte	BioIVT:BGW	Infected host hepatocytes	Liver stage	Cambodia field isolate	5	None	1	612_AGAAGTATCCATCACC	Hypnozoite	NA	NA	NA	0	0	0	0	0	0	1	1	0	1	36	Hypnozoite	0	Asexual 1	2.80219136369245	-0.742978631142773	-3.25306417021552	-3.98911583957874	0.737060683517986	-3.10839101487542	-2.63756565207966	-1.00697577418705	2.11936516624399	-2.81795743674997	-1.93002196215093	2.81431983693383	1.53643798253716	-12.4866077631393	17.8375082850998
612_AGACACTCATGGCCCA	500	363	36093191	SRR19573612	Ruberto2022_1	4	2022	Cambodia_Mondulkiri	10x_Chomium_V3	HiSeq X Ten	infected hepatocyte	BioIVT:BGW	Infected host hepatocytes	Liver stage	Cambodia field isolate	5	None	1	612_AGACACTCATGGCCCA	Hypnozoite	NA	NA	NA	0	0	0	0	0	0	1	1	0	1	36	Hypnozoite	0	Asexual 1	3.12900076997297	-0.578584967736401	-3.3599214700202	-3.4824925714513	1.91370232656532	-2.72671147996331	-3.95441781723807	-4.09743014390659	3.04013899106966	-4.26928265016418	-5.08582822049825	3.9183459044476	6.45218115958921	-13.3814745587176	13.6393771008424
612_AGACAGGGTAGTTCCA	3971	1520	36093191	SRR19573612	Ruberto2022_1	4	2022	Cambodia_Mondulkiri	10x_Chomium_V3	HiSeq X Ten	infected hepatocyte	BioIVT:BGW	Infected host hepatocytes	Liver stage	Cambodia field isolate	5	None	1	612_AGACAGGGTAGTTCCA	Schizont	NA	NA	NA	0	0	0	0	1	1	1	1	0	1	36	Schizont (Liver stage)	1	Asexual 2	5.08557735574262	3.54602307211956	-2.71932937178412	-2.46250689563953	0.147184389381939	-6.18436786347772	8.84811420305452	-1.77748344748246	5.92382973860233	4.96244416404153	-2.65582723528012	6.20778014195618	15.7623216499653	0.41203046547986	12.2467543090149
612_AGACCATAGACTAAGT	655	496	36093191	SRR19573612	Ruberto2022_1	4	2022	Cambodia_Mondulkiri	10x_Chomium_V3	HiSeq X Ten	infected hepatocyte	BioIVT:BGW	Infected host hepatocytes	Liver stage	Cambodia field isolate	5	None	1	612_AGACCATAGACTAAGT	Hypnozoite	NA	NA	NA	0	0	0	0	0	0	1	1	0	1	24	Hypnozoite	0	Asexual 1	3.3945432771446	0.173580707426868	-2.92915584120551	-2.79897440014087	-0.547791105956501	-3.48070141488458	-1.01061740853283	-2.61511107575364	4.02512253805461	-0.868188907980222	-3.47905108067529	4.33384492792649	2.07594472619823	-2.46760244284753	14.9644964334985
612_AGACCATTCATACGAC	516	409	36093191	SRR19573612	Ruberto2022_1	4	2022	Cambodia_Mondulkiri	10x_Chomium_V3	HiSeq X Ten	infected hepatocyte	BioIVT:BGW	Infected host hepatocytes	Liver stage	Cambodia field isolate	5	None	1	612_AGACCATTCATACGAC	Hypnozoite	NA	NA	NA	0	0	0	0	0	0	1	1	0	1	24	Hypnozoite	0	Asexual 1	2.62243662965314	-1.2798754559795	-3.60835124525824	-3.15396035251819	1.88223870351844	-2.35957833939935	-4.07992417975563	-3.41055324340882	2.61234884464925	-4.25432213524411	-4.28458542501123	3.33301732966593	6.21733922469433	-11.1676808026002	11.5107572560158
612_AGAGCAGGTGAATGTA	94	79	36093191	SRR19573612	Ruberto2022_1	4	2022	Cambodia_Mondulkiri	10x_Chomium_V3	HiSeq X Ten	infected hepatocyte	BioIVT:BGW	Infected host hepatocytes	Liver stage	Cambodia field isolate	5	None	1	612_AGAGCAGGTGAATGTA	Schizont	NA	NA	NA	0	0	0	0	0	0	0	0	0	0	24	Schizont (Liver stage)	0	Asexual 1	0.809984194159674	-3.22374087441365	-3.42209626707831	-2.8120492750188	2.19829328611427	0.195419939218513	-9.34964935130227	-3.11246390763623	3.11757500790781	-7.02263182884804	-3.13406981767204	3.12009072705261	-3.24102958120407	-16.9192167115277	5.39462071317869
612_AGAGCCCAGAGAGGTA	6137	1752	36093191	SRR19573612	Ruberto2022_1	4	2022	Cambodia_Mondulkiri	10x_Chomium_V3	HiSeq X Ten	infected hepatocyte	BioIVT:BGW	Infected host hepatocytes	Liver stage	Cambodia field isolate	5	None	1	612_AGAGCCCAGAGAGGTA	Schizont	NA	NA	NA	0	0	0	0	1	1	1	1	0	1	24	Schizont (Liver stage)	1	Asexual 2	5.07685648095624	3.43904942404827	-2.80196453604498	-2.06801426944935	0.386052894144588	-6.14885541612054	8.58488693820559	-1.78541145912385	7.03280581305647	4.70739110336992	-2.52169786760936	7.44203192669649	16.6032823380792	-0.141131293793698	10.6511808525505
612_AGATCCACATACTGTG	885	588	36093191	SRR19573612	Ruberto2022_1	4	2022	Cambodia_Mondulkiri	10x_Chomium_V3	HiSeq X Ten	infected hepatocyte	BioIVT:BGW	Infected host hepatocytes	Liver stage	Cambodia field isolate	5	None	1	612_AGATCCACATACTGTG	Hypnozoite	NA	NA	NA	0	0	0	0	1	1	1	1	0	1	32	Hypnozoite	1	Asexual 2	4.15609537255781	2.24927431475719	-1.81360627684393	-3.12672579822742	0.553061502724224	-4.08616110497857	-0.556704047589423	-3.32190946946493	4.84637180451685	-1.59011473968406	-4.39425009513281	5.49380499442086	6.85847894456832	-3.53402789525097	12.9516575545648
612_AGATCCAGTCATAAAG	361	295	36093191	SRR19573612	Ruberto2022_1	4	2022	Cambodia_Mondulkiri	10x_Chomium_V3	HiSeq X Ten	infected hepatocyte	BioIVT:BGW	Infected host hepatocytes	Liver stage	Cambodia field isolate	5	None	1	612_AGATCCAGTCATAAAG	Hypnozoite	NA	NA	NA	0	0	0	0	0	0	0	0	0	0	24	Hypnozoite	0	Asexual 1	2.01644562375562	-1.74203377831379	-3.46430636915961	-3.62874854145252	1.71073051050239	-0.896720556558617	-5.76509486046129	-3.64613251771078	2.11512648775242	-4.62115569697741	-3.9997283045016	2.29040541931947	-1.85483227057959	-13.8131389923109	9.65188107822607
612_AGATCGTGTGAGATTA	1366	653	36093191	SRR19573612	Ruberto2022_1	4	2022	Cambodia_Mondulkiri	10x_Chomium_V3	HiSeq X Ten	infected hepatocyte	BioIVT:BGW	Infected host hepatocytes	Liver stage	Cambodia field isolate	5	None	1	612_AGATCGTGTGAGATTA	Hypnozoite	NA	NA	NA	0	0	0	0	1	1	1	1	0	1	36	Hypnozoite	1	Asexual 2	-4.84480871069415	-0.638703404549755	-3.06102825674811	-0.197861736394993	-1.06764380380577	-4.58953496629144	0.0060739355169562	0.397429139000852	3.41073207053722	1.62240672248868	0.548948833723659	4.80445584088469	4.51543030434625	5.91192049841472	5.55869662156276
612_AGATGCTTCCATGCAA	204	182	36093191	SRR19573612	Ruberto2022_1	4	2022	Cambodia_Mondulkiri	10x_Chomium_V3	HiSeq X Ten	infected hepatocyte	BioIVT:BGW	Infected host hepatocytes	Liver stage	Cambodia field isolate	5	None	1	612_AGATGCTTCCATGCAA	Hypnozoite	NA	NA	NA	0	0	0	0	0	0	0	0	0	0	36	Hypnozoite	0	Asexual 1	0.962638007521795	-3.22455888855854	-3.78067971739569	-2.89930356083118	1.55947323396736	-0.997337309659966	-5.94763949036682	-1.86758539236395	2.34580057255575	-4.31445750496689	-2.08162768808132	2.3953080036054	-2.01246146890694	-8.7403471593539	8.30294001845944
612_AGCATCAAGTGGTGGT	4373	1646	36093191	SRR19573612	Ruberto2022_1	4	2022	Cambodia_Mondulkiri	10x_Chomium_V3	HiSeq X Ten	infected hepatocyte	BioIVT:BGW	Infected host hepatocytes	Liver stage	Cambodia field isolate	5	None	1	612_AGCATCAAGTGGTGGT	Schizont	NA	NA	NA	0	0	0	0	1	1	1	1	0	1	24	Schizont (Liver stage)	1	Asexual 2	4.86431060922162	3.39711207282146	-2.5477717069129	-2.95722425518238	0.635241883545452	-5.7750765960827	7.85197084847516	-1.52044196333064	6.74377049842738	4.07969538576001	-2.68371088633145	6.88371284524105	18.3493318970158	-1.57588001986609	13.7449681112819
612_AGCCAATAGATCCCAT	731	533	36093191	SRR19573612	Ruberto2022_1	4	2022	Cambodia_Mondulkiri	10x_Chomium_V3	HiSeq X Ten	infected hepatocyte	BioIVT:BGW	Infected host hepatocytes	Liver stage	Cambodia field isolate	5	None	1	612_AGCCAATAGATCCCAT	Hypnozoite	NA	NA	NA	0	0	0	0	0	0	1	1	0	1	32	Hypnozoite	0	Asexual 1	3.8300045598747	1.37553650271495	-2.35131265196601	-2.37212622699939	-0.278421295136875	-3.11482927018548	-2.01420233263465	-3.01380050394735	3.28450473824904	-1.92375697418227	-3.75259222152395	3.49528197508791	2.3094922855309	-2.50468653032087	11.7595861824786
612_AGCCAATTCAAGCGTT	642	490	36093191	SRR19573612	Ruberto2022_1	4	2022	Cambodia_Mondulkiri	10x_Chomium_V3	HiSeq X Ten	infected hepatocyte	BioIVT:BGW	Infected host hepatocytes	Liver stage	Cambodia field isolate	5	None	1	612_AGCCAATTCAAGCGTT	Hypnozoite	NA	NA	NA	0	0	0	0	0	0	1	1	0	1	24	Hypnozoite	0	Asexual 1	3.11853324067609	-0.48020452130238	-3.29904057059088	-3.96914589939319	0.773188906460338	-2.6349820774212	-3.76012517421998	-2.79632156728795	2.50278026438364	-3.88503319119454	-3.70148561419745	3.15208706827034	2.82790926384799	-10.4621374987916	15.4869662755483
612_AGCCAGCCAGAGTAAT	439	353	36093191	SRR19573612	Ruberto2022_1	4	2022	Cambodia_Mondulkiri	10x_Chomium_V3	HiSeq X Ten	infected hepatocyte	BioIVT:BGW	Infected host hepatocytes	Liver stage	Cambodia field isolate	5	None	1	612_AGCCAGCCAGAGTAAT	Hypnozoite	NA	NA	NA	0	0	0	0	0	0	1	1	0	1	36	Hypnozoite	0	Asexual 1	2.89318357598798	-0.954194484833874	-3.40949965987006	-3.74105942783558	1.69127114370399	-2.45857712441827	-4.8444586287209	-3.47214073581006	3.04631978312777	-5.1328500502193	-4.42470820022532	3.86303822838176	4.74002391598999	-13.9139630867149	13.9615007270969
612_AGCGATTCACGGTCTG	16202	2817	36093191	SRR19573612	Ruberto2022_1	4	2022	Cambodia_Mondulkiri	10x_Chomium_V3	HiSeq X Ten	infected hepatocyte	BioIVT:BGW	Infected host hepatocytes	Liver stage	Cambodia field isolate	5	None	1	612_AGCGATTCACGGTCTG	Schizont	NA	NA	NA	0	0	0	0	1	1	1	1	0	1	24	Schizont (Liver stage)	1	Asexual 2	5.33288942468183	3.70034498107036	-2.83422471556464	-2.03036296901905	-0.743054730147785	-5.84993907624627	12.7498529688107	0.039370672247544	7.68876302279265	8.59706772566651	-0.861820740985841	7.65424372490674	14.8003762944962	3.77965817247013	12.6963383609854
612_AGCGATTGTCGTTTCC	582	462	36093191	SRR19573612	Ruberto2022_1	4	2022	Cambodia_Mondulkiri	10x_Chomium_V3	HiSeq X Ten	infected hepatocyte	BioIVT:BGW	Infected host hepatocytes	Liver stage	Cambodia field isolate	5	None	1	612_AGCGATTGTCGTTTCC	Hypnozoite	NA	NA	NA	0	0	0	0	0	0	1	1	0	1	24	Hypnozoite	0	Asexual 1	4.2878526319267	-0.0574094044009819	-2.32667089972296	-4.04016650257312	1.11257370069557	-3.44425555879022	-3.53221252012953	-1.72435929681076	2.84395248598967	-3.7203185869814	-2.74431477304265	3.75523887933961	6.11978327565538	-14.2147300933196	19.5015531499316
612_AGCGATTGTTAAGGGC	10116	2382	36093191	SRR19573612	Ruberto2022_1	4	2022	Cambodia_Mondulkiri	10x_Chomium_V3	HiSeq X Ten	infected hepatocyte	BioIVT:BGW	Infected host hepatocytes	Liver stage	Cambodia field isolate	5	None	1	612_AGCGATTGTTAAGGGC	Schizont	NA	NA	NA	0	0	0	0	1	1	1	1	0	1	24	Schizont (Liver stage)	1	Asexual 2	5.15767751824872	3.56805962454876	-2.79091264281073	-2.10896075306141	-0.168230106384224	-6.25696489030267	11.4112132266829	-0.778174308735185	7.61880297642055	7.5752581836107	-1.35052873113136	8.06320679809906	16.5398042432135	2.14041090943954	12.3402399393016
612_AGCGATTTCTATCGTT	93	70	36093191	SRR19573612	Ruberto2022_1	4	2022	Cambodia_Mondulkiri	10x_Chomium_V3	HiSeq X Ten	infected hepatocyte	BioIVT:BGW	Infected host hepatocytes	Liver stage	Cambodia field isolate	5	None	1	612_AGCGATTTCTATCGTT	Hypnozoite	NA	NA	NA	0	0	0	0	0	0	0	0	1	0	48	Hypnozoite	0	Asexual 1	-0.348518682598902	-3.23067790139119	-3.20291902098456	-3.45479548511707	2.73677189901405	2.69807532614326	-10.3526091021812	-2.78055131241985	1.7920505510001	-7.86095087897011	-2.7650704922728	1.78611446685337	-4.34403078208047	-8.74299442190173	-4.04428926330072
612_AGCGTCGTCCCTCAAC	147	130	36093191	SRR19573612	Ruberto2022_1	4	2022	Cambodia_Mondulkiri	10x_Chomium_V3	HiSeq X Ten	infected hepatocyte	BioIVT:BGW	Infected host hepatocytes	Liver stage	Cambodia field isolate	5	None	1	612_AGCGTCGTCCCTCAAC	Schizont	NA	NA	NA	0	0	0	0	0	0	0	0	0	0	24	Schizont (Liver stage)	0	Asexual 1	1.20879315030591	-2.8783634291927	-3.5444290784339	-3.3267673307439	2.60521896436744	0.341893943010322	-9.63488922346512	-2.87774019473363	3.24480831349013	-7.28853638194069	-2.89519882185538	3.24743983985817	-3.36358114842491	-18.8294046793781	5.02688272583218
612_AGCTACATCTCGTCGT	146	133	36093191	SRR19573612	Ruberto2022_1	4	2022	Cambodia_Mondulkiri	10x_Chomium_V3	HiSeq X Ten	infected hepatocyte	BioIVT:BGW	Infected host hepatocytes	Liver stage	Cambodia field isolate	5	None	1	612_AGCTACATCTCGTCGT	Hypnozoite	NA	NA	NA	0	0	0	0	0	0	0	0	0	0	24	Hypnozoite	0	Asexual 1	1.170674311042	-3.28627616036335	-2.6697850373725	-3.5018845850011	2.05618746831947	0.141120465456	-8.42356499707068	-2.37444040669942	2.04053080044238	-6.25389400328592	-2.43469276947772	2.04996695723888	-0.996802980604235	-13.5356202518283	4.07902750524154
612_AGCTTCCCAAATGAAC	824	613	36093191	SRR19573612	Ruberto2022_1	4	2022	Cambodia_Mondulkiri	10x_Chomium_V3	HiSeq X Ten	infected hepatocyte	BioIVT:BGW	Infected host hepatocytes	Liver stage	Cambodia field isolate	5	None	1	612_AGCTTCCCAAATGAAC	Hypnozoite	NA	NA	NA	0	1	2	2	2	2	2	2	2	2	24	Hypnozoite	2	Female gametocyte	4.30907999169843	2.70367401969036	-1.90791322264472	-0.478123789407841	-3.27820317193932	-2.8953261058941	0.756223397683042	-2.29287053186146	4.31972034732764	1.53328970976732	-2.78146429289514	4.42346579540337	-2.77890815620928	6.49617014203208	5.80764647796948
612_AGGAAATTCTCAACGA	330	267	36093191	SRR19573612	Ruberto2022_1	4	2022	Cambodia_Mondulkiri	10x_Chomium_V3	HiSeq X Ten	infected hepatocyte	BioIVT:BGW	Infected host hepatocytes	Liver stage	Cambodia field isolate	5	None	1	612_AGGAAATTCTCAACGA	Hypnozoite	NA	NA	NA	0	0	0	0	0	0	1	1	0	1	36	Hypnozoite	0	Asexual 1	1.58052312028425	-1.95132523644368	-3.05387283835211	-2.79530203876697	0.319928723125988	-1.43418338710214	-6.06931428342736	-2.40941067701712	2.86350190482929	-5.93477492952996	-3.12330044736858	2.82915146276129	-0.925037158513944	-4.82791656988831	9.48019503576504
612_AGGAATAAGTAAACAC	4501	1730	36093191	SRR19573612	Ruberto2022_1	4	2022	Cambodia_Mondulkiri	10x_Chomium_V3	HiSeq X Ten	infected hepatocyte	BioIVT:BGW	Infected host hepatocytes	Liver stage	Cambodia field isolate	5	None	1	612_AGGAATAAGTAAACAC	Schizont	NA	NA	NA	0	0	0	0	1	1	1	1	0	1	24	Schizont (Liver stage)	1	Asexual 2	5.26758419168012	3.63906258475383	-2.79185630354682	-1.36661315498554	-0.188814786524243	-6.35699674302483	9.10444876857327	-1.01348123843224	6.93383640589255	6.40837631545741	-0.526584171412978	7.87964360195456	15.5028631335391	3.57056796745726	7.17558073555648
612_AGGACGAAGCCTTTGA	308	255	36093191	SRR19573612	Ruberto2022_1	4	2022	Cambodia_Mondulkiri	10x_Chomium_V3	HiSeq X Ten	infected hepatocyte	BioIVT:BGW	Infected host hepatocytes	Liver stage	Cambodia field isolate	5	None	1	612_AGGACGAAGCCTTTGA	Schizont	NA	NA	NA	0	0	0	0	0	0	1	1	0	1	36	Schizont (Liver stage)	0	Asexual 1	2.79481040132062	-1.92208677399556	-3.27453996214667	-3.61669314441883	1.78448780134254	-1.85876104051019	-6.74879831432034	-3.56330164983341	2.39804386355567	-6.3254129286547	-4.15432175112574	2.7658262922182	2.89155388271038	-14.9349140535534	12.3208153156488
612_AGGACGAGTCGCGTCA	62	55	36093191	SRR19573612	Ruberto2022_1	4	2022	Cambodia_Mondulkiri	10x_Chomium_V3	HiSeq X Ten	infected hepatocyte	BioIVT:BGW	Infected host hepatocytes	Liver stage	Cambodia field isolate	5	None	1	612_AGGACGAGTCGCGTCA	Hypnozoite	NA	NA	NA	0	0	0	0	0	0	0	0	0	0	42	Hypnozoite	0	Asexual 1	0.895743953108953	-3.25545269120137	-3.76825906309882	-3.01998127041065	2.71135147169166	0.452308924852363	-10.6382135122485	-3.42426255513756	1.87630506930198	-8.28674047328671	-3.4408368901373	1.87753235144886	-4.60797128027842	-18.3292748546437	5.2924492432014
612_AGGATCTCAACCTATG	138	87	36093191	SRR19573612	Ruberto2022_1	4	2022	Cambodia_Mondulkiri	10x_Chomium_V3	HiSeq X Ten	infected hepatocyte	BioIVT:BGW	Infected host hepatocytes	Liver stage	Cambodia field isolate	5	None	1	612_AGGATCTCAACCTATG	Hypnozoite	NA	NA	NA	0	0	0	0	0	0	0	0	1	0	42	Hypnozoite	0	Asexual 1	-0.330692185044123	-3.10959750283162	-2.98990847143927	-3.39191139278614	2.32531269147926	2.18923619574164	-9.27894539051167	-2.76108015081695	1.98704557982779	-6.80305620297189	-2.74917560338038	1.98206296193795	-0.165427147620578	-9.86913073402461	-1.95331517669058
612_AGGCCACAGACTTCAC	44	36	36093191	SRR19573612	Ruberto2022_1	4	2022	Cambodia_Mondulkiri	10x_Chomium_V3	HiSeq X Ten	infected hepatocyte	BioIVT:BGW	Infected host hepatocytes	Liver stage	Cambodia field isolate	5	None	1	612_AGGCCACAGACTTCAC	Hypnozoite	NA	NA	NA	0	0	0	0	0	0	0	0	1	0	24	Hypnozoite	0	Asexual 1	0.00654525500552546	-3.32488256562153	-3.01909257445136	-3.59680450496875	2.1972547347837	2.80618146246528	-11.4602407904144	-3.13350987127254	1.27943140093332	-8.97504829233851	-3.11975092180656	1.27411956023501	-4.75130796836606	-12.8734483117329	-6.24129691707168
612_AGGCTGCAGAGGATGA	90	38	36093191	SRR19573612	Ruberto2022_1	4	2022	Cambodia_Mondulkiri	10x_Chomium_V3	HiSeq X Ten	infected hepatocyte	BioIVT:BGW	Infected host hepatocytes	Liver stage	Cambodia field isolate	5	None	1	612_AGGCTGCAGAGGATGA	Hypnozoite	NA	NA	NA	0	0	0	0	0	0	0	0	1	0	32	Hypnozoite	0	Asexual 1	-0.520170224785639	-3.17293363678852	-2.94838453802863	-3.36818397579395	2.71448095396095	2.9009180385456	-11.4003639737725	-3.8371826870178	0.739195699102101	-8.90434268515084	-3.82080739228348	0.73297398146523	-6.99011149430657	-12.0679459525579	-4.96736655662028
612_AGGCTGCGTCGAACGA	8893	2080	36093191	SRR19573612	Ruberto2022_1	4	2022	Cambodia_Mondulkiri	10x_Chomium_V3	HiSeq X Ten	infected hepatocyte	BioIVT:BGW	Infected host hepatocytes	Liver stage	Cambodia field isolate	5	None	1	612_AGGCTGCGTCGAACGA	Schizont	NA	NA	NA	0	0	0	0	1	1	1	1	0	1	24	Schizont (Liver stage)	1	Asexual 2	5.13415561807172	3.50862449538311	-2.80136443648139	-2.21493733463489	0.018340001552635	-6.04439040833855	10.1061622986645	-2.29239248605602	7.83993446065476	6.17836882061253	-3.1409326331384	8.13852553156175	16.5795517417011	0.920802156859871	12.2098659397023
612_AGGGAGTAGCTGTGCC	42	16	36093191	SRR19573612	Ruberto2022_1	4	2022	Cambodia_Mondulkiri	10x_Chomium_V3	HiSeq X Ten	infected hepatocyte	BioIVT:BGW	Infected host hepatocytes	Liver stage	Cambodia field isolate	5	None	1	612_AGGGAGTAGCTGTGCC	Hypnozoite	NA	NA	NA	0	0	0	0	0	0	0	0	1	0	6	Hypnozoite	0	Asexual 1	-0.672522617459131	-3.48211270440022	-3.11168552908698	-3.24193847713672	2.59666784360939	3.3761000949726	-12.6798159051972	-3.23624388963678	1.44826604900053	-10.1775089539582	-3.21829040381592	1.44152720372163	-10.1852079309666	-12.7669268076748	-6.99448951321263
612_AGGGTCCAGGTACAGC	3363	1373	36093191	SRR19573612	Ruberto2022_1	4	2022	Cambodia_Mondulkiri	10x_Chomium_V3	HiSeq X Ten	infected hepatocyte	BioIVT:BGW	Infected host hepatocytes	Liver stage	Cambodia field isolate	5	None	1	612_AGGGTCCAGGTACAGC	Schizont	NA	NA	NA	0	0	0	0	1	1	1	1	0	1	36	Schizont (Liver stage)	1	Asexual 2	4.92050014626996	3.34463113677105	-2.67422915968695	-2.36475337085926	0.842297392635876	-6.02023240739251	6.28206250565158	-1.70933239173362	7.41944707644357	2.42818681548318	-2.65568478042501	7.70477762350357	16.0990567241158	-3.2702907903043	11.3771118105038
612_AGGGTTTCAGTCTCTC	136	121	36093191	SRR19573612	Ruberto2022_1	4	2022	Cambodia_Mondulkiri	10x_Chomium_V3	HiSeq X Ten	infected hepatocyte	BioIVT:BGW	Infected host hepatocytes	Liver stage	Cambodia field isolate	5	None	1	612_AGGGTTTCAGTCTCTC	Hypnozoite	NA	NA	NA	0	0	0	0	0	0	0	0	0	0	32	Hypnozoite	0	Asexual 1	1.00677947890775	-3.09302097428242	-3.54380942854682	-3.24421799717151	2.86496694639259	0.470094474016181	-9.91431020080954	-3.31980408608268	1.06079218360328	-7.50933661060945	-3.32410847025226	1.05982598024492	-2.04615150591827	-13.8539695989586	4.31637934923774
612_AGGGTTTGTACCTGTA	39	33	36093191	SRR19573612	Ruberto2022_1	4	2022	Cambodia_Mondulkiri	10x_Chomium_V3	HiSeq X Ten	infected hepatocyte	BioIVT:BGW	Infected host hepatocytes	Liver stage	Cambodia field isolate	5	None	1	612_AGGGTTTGTACCTGTA	Hypnozoite	NA	NA	NA	0	0	0	0	0	0	0	0	1	0	32	Hypnozoite	0	Asexual 1	-0.510839773297144	-3.12062865364949	-2.91352607283393	-3.55509603557789	1.88216610506111	2.98816278761481	-11.0582204147828	-3.46168295023504	1.00716045578535	-8.56297687025584	-3.44546161010976	1.00109925124375	-7.41329877323341	-10.9325989355841	-5.2991301692248
612_AGGTAGGAGGAAGTGA	598	454	36093191	SRR19573612	Ruberto2022_1	4	2022	Cambodia_Mondulkiri	10x_Chomium_V3	HiSeq X Ten	infected hepatocyte	BioIVT:BGW	Infected host hepatocytes	Liver stage	Cambodia field isolate	5	None	1	612_AGGTAGGAGGAAGTGA	Hypnozoite	NA	NA	NA	0	0	0	0	0	0	1	1	0	1	24	Hypnozoite	0	Asexual 1	3.15122614991681	-0.428179679993786	-3.24995662245551	-4.16754353580677	0.950099306850963	-3.14598962479974	-1.81218384998538	-1.8978829200029	3.05711429560438	-1.92215532913039	-2.88143947142792	3.88399804993836	1.42586838153428	-11.1994380808061	17.0976301903599
612_AGGTCTAGTGTGTCCG	479	380	36093191	SRR19573612	Ruberto2022_1	4	2022	Cambodia_Mondulkiri	10x_Chomium_V3	HiSeq X Ten	infected hepatocyte	BioIVT:BGW	Infected host hepatocytes	Liver stage	Cambodia field isolate	5	None	1	612_AGGTCTAGTGTGTCCG	Hypnozoite	NA	NA	NA	0	0	0	0	0	0	1	1	0	1	36	Hypnozoite	0	Asexual 1	3.00970135819929	-0.969947396401562	-3.38836647543707	-3.67054427204334	1.61909576013618	-2.88263508492852	-3.39365755179623	-2.86221660575176	3.06596056974492	-3.66601203308931	-3.86793066139932	3.97238341763532	5.03864889357074	-13.1681720786218	13.4279406138243
612_AGGTGTTGTGATACAA	331	264	36093191	SRR19573612	Ruberto2022_1	4	2022	Cambodia_Mondulkiri	10x_Chomium_V3	HiSeq X Ten	infected hepatocyte	BioIVT:BGW	Infected host hepatocytes	Liver stage	Cambodia field isolate	5	None	1	612_AGGTGTTGTGATACAA	Hypnozoite	NA	NA	NA	0	0	0	0	0	0	1	1	0	1	32	Hypnozoite	0	Asexual 1	2.78147612702863	-1.98621493447224	-2.95518280539313	-3.63396919307911	1.57609565809303	-1.69733318501855	-6.45984872495095	-3.67207378551262	2.77955963139887	-6.32570665080403	-4.3627138888023	3.15654587089191	2.20491874298953	-14.6481553167437	11.7039832371275
612_AGTAACCTCATTCATC	59	53	36093191	SRR19573612	Ruberto2022_1	4	2022	Cambodia_Mondulkiri	10x_Chomium_V3	HiSeq X Ten	infected hepatocyte	BioIVT:BGW	Infected host hepatocytes	Liver stage	Cambodia field isolate	5	None	1	612_AGTAACCTCATTCATC	Hypnozoite	NA	NA	NA	0	0	0	0	0	0	0	0	1	0	36	Hypnozoite	0	Asexual 1	-0.123518152117563	-3.38641387093464	-3.27494217428961	-3.58132136402332	2.61982067182594	2.64024928396796	-10.7687410304163	-2.61414996877222	1.31312930241608	-8.27343574452544	-2.59771173825112	1.30690147974315	-4.49172785139139	-9.71074003429352	-6.27858062990995
612_AGTAACCTCTGAATCG	372	305	36093191	SRR19573612	Ruberto2022_1	4	2022	Cambodia_Mondulkiri	10x_Chomium_V3	HiSeq X Ten	infected hepatocyte	BioIVT:BGW	Infected host hepatocytes	Liver stage	Cambodia field isolate	5	None	1	612_AGTAACCTCTGAATCG	Hypnozoite	NA	NA	NA	0	0	0	0	0	0	1	1	0	1	36	Hypnozoite	0	Asexual 1	1.1896955837013	-2.33072787392537	-2.25048233542243	-2.60853803692066	-0.112693269998497	-1.66662820989037	-4.09012756020995	-2.88982380191108	2.49550190107033	-3.94736558985804	-3.60930370414887	2.47680800257392	-2.4037583660987	-2.61155109545342	9.48322042894304
612_AGTAGTCTCTCAATCT	936	683	36093191	SRR19573612	Ruberto2022_1	4	2022	Cambodia_Mondulkiri	10x_Chomium_V3	HiSeq X Ten	infected hepatocyte	BioIVT:BGW	Infected host hepatocytes	Liver stage	Cambodia field isolate	5	None	1	612_AGTAGTCTCTCAATCT	Hypnozoite	NA	NA	NA	0	0	0	0	0	0	1	1	0	1	24	Hypnozoite	0	Asexual 1	4.42834602487104	2.39384073149761	-1.98552967581549	-3.75949681339466	0.130772354751163	-4.23313447648431	0.732098403428181	-1.80900135771747	4.79349395240578	-0.118547352118785	-2.87599897525405	5.42135655263306	3.03922022783622	-8.22649532425994	19.7469825104634
612_AGTCACAAGGGTTAAT	587	423	36093191	SRR19573612	Ruberto2022_1	4	2022	Cambodia_Mondulkiri	10x_Chomium_V3	HiSeq X Ten	infected hepatocyte	BioIVT:BGW	Infected host hepatocytes	Liver stage	Cambodia field isolate	5	None	1	612_AGTCACAAGGGTTAAT	Hypnozoite	NA	NA	NA	0	0	0	0	0	0	1	1	0	1	36	Hypnozoite	0	Asexual 1	3.12570010316389	-0.516151009682812	-3.30469204458991	-3.29691494045459	0.494358497410351	-2.93011566811944	-2.59926591668239	-2.45099840144541	3.38215347335655	-2.68379590690567	-3.3967603345547	4.02515881590629	2.34381483861133	-6.45745301457934	15.3678567304084
612_AGTCTCCAGATGCTAA	499	370	36093191	SRR19573612	Ruberto2022_1	4	2022	Cambodia_Mondulkiri	10x_Chomium_V3	HiSeq X Ten	infected hepatocyte	BioIVT:BGW	Infected host hepatocytes	Liver stage	Cambodia field isolate	5	None	1	612_AGTCTCCAGATGCTAA	Hypnozoite	NA	NA	NA	0	0	0	0	1	1	1	1	0	1	32	Hypnozoite	1	Asexual 2	2.58501731050031	-1.45044213402668	-3.52383924994269	0.209163705132373	1.18417163446479	-4.85493823701287	-3.42601956808353	-2.0898766548057	2.99643420348316	-3.66583089747777	-0.893879109883375	5.30709388493967	7.17990131287733	-0.0461716027346981	-0.249158048682351
612_AGTCTCCGTCCAAAGG	2552	1216	36093191	SRR19573612	Ruberto2022_1	4	2022	Cambodia_Mondulkiri	10x_Chomium_V3	HiSeq X Ten	infected hepatocyte	BioIVT:BGW	Infected host hepatocytes	Liver stage	Cambodia field isolate	5	None	1	612_AGTCTCCGTCCAAAGG	Schizont	NA	NA	NA	0	0	0	0	1	1	1	1	0	1	24	Schizont (Liver stage)	1	Asexual 2	5.19403682839887	3.57277006041607	-2.75925637755194	-1.0463957839986	0.0117827492945727	-6.37130424195672	5.96707529259461	-1.83567318597492	6.50270372014404	3.20387007238596	-1.62150711470845	7.29575253316615	14.7776422367862	2.5965606254845	5.28801746359377
612_AGTGACTAGACTCCGC	205	185	36093191	SRR19573612	Ruberto2022_1	4	2022	Cambodia_Mondulkiri	10x_Chomium_V3	HiSeq X Ten	infected hepatocyte	BioIVT:BGW	Infected host hepatocytes	Liver stage	Cambodia field isolate	5	None	1	612_AGTGACTAGACTCCGC	Hypnozoite	NA	NA	NA	0	0	0	0	0	0	0	0	0	0	6	Hypnozoite	0	Asexual 1	1.14835010659711	-2.9491015063564	-2.44958116087714	-3.24743259487354	1.24826117113166	-0.475966142506846	-8.49258264469853	-1.64419859111867	1.32387101450356	-6.9538088185096	-1.89364592317904	1.33981125678813	0.809040974160009	-9.24365342221577	5.83074524465104
612_AGTTAGCAGGACGCTA	588	452	36093191	SRR19573612	Ruberto2022_1	4	2022	Cambodia_Mondulkiri	10x_Chomium_V3	HiSeq X Ten	infected hepatocyte	BioIVT:BGW	Infected host hepatocytes	Liver stage	Cambodia field isolate	5	None	1	612_AGTTAGCAGGACGCTA	Hypnozoite	NA	NA	NA	0	0	0	0	0	0	1	1	0	1	24	Hypnozoite	0	Asexual 1	3.84318529260175	1.13486427199443	-2.61092187437811	-3.38622677860462	1.29484732702308	-3.52337428742791	-2.22069765548989	-2.80248972563226	3.63745159595392	-2.55844259812894	-3.84028904237722	4.53311883739758	5.89890688076507	-8.87871326984519	14.6003279254382
612_AGTTCGAAGGCTCCCA	796	434	36093191	SRR19573612	Ruberto2022_1	4	2022	Cambodia_Mondulkiri	10x_Chomium_V3	HiSeq X Ten	infected hepatocyte	BioIVT:BGW	Infected host hepatocytes	Liver stage	Cambodia field isolate	5	None	1	612_AGTTCGAAGGCTCCCA	Schizont	NA	NA	NA	0	0	0	0	0	0	1	1	0	1	6	Schizont (Liver stage)	0	Asexual 1	3.99749098908918	1.10909339916309	-2.71304489645758	-3.43225014744007	1.81966550901466	-3.94083043748284	-3.63670894046768	-4.76371683263717	5.79979195632464	-4.10814239276855	-5.80394289431591	6.69447354630611	12.4880350377932	-10.6258658459739	15.2890159340038
612_ATACCTTAGGATATGT	77	25	36093191	SRR19573612	Ruberto2022_1	4	2022	Cambodia_Mondulkiri	10x_Chomium_V3	HiSeq X Ten	infected hepatocyte	BioIVT:BGW	Infected host hepatocytes	Liver stage	Cambodia field isolate	5	None	1	612_ATACCTTAGGATATGT	Hypnozoite	NA	NA	NA	0	0	0	0	0	0	0	0	1	0	24	Hypnozoite	0	Asexual 1	-0.465224338650538	-3.1807110892574	-3.02713777098456	-3.59974039135181	2.35310490682655	2.79686382597541	-12.0531845943008	-3.54188767758431	1.60932382311553	-9.55557275387277	-3.52518603633711	1.60308551870081	-8.27843560800672	-12.716815395362	-5.05501833065743
612_ATACTTCAGTGGACGT	80	30	36093191	SRR19573612	Ruberto2022_1	4	2022	Cambodia_Mondulkiri	10x_Chomium_V3	HiSeq X Ten	infected hepatocyte	BioIVT:BGW	Infected host hepatocytes	Liver stage	Cambodia field isolate	5	None	1	612_ATACTTCAGTGGACGT	Hypnozoite	NA	NA	NA	0	0	0	0	0	0	0	0	1	0	24	Hypnozoite	0	Asexual 1	-0.146222604393793	-3.31317120659748	-2.9212715772132	-3.31115019855701	2.23791702344947	2.97703340834235	-12.637207746905	-3.25518154006494	1.42197060177667	-10.1399970566356	-3.23847750812417	1.41569698004718	-9.6641637501463	-14.9027675055425	-5.79605394286359
612_ATAGACCGTCGAATGG	512	384	36093191	SRR19573612	Ruberto2022_1	4	2022	Cambodia_Mondulkiri	10x_Chomium_V3	HiSeq X Ten	infected hepatocyte	BioIVT:BGW	Infected host hepatocytes	Liver stage	Cambodia field isolate	5	None	1	612_ATAGACCGTCGAATGG	Hypnozoite	NA	NA	NA	0	0	0	0	0	0	1	1	0	1	32	Hypnozoite	0	Asexual 1	3.24172626626508	-0.561989604119457	-3.287991299961	-3.49317777691089	1.73650022104316	-3.16997477227593	-3.27472026456179	-4.16203830600546	3.28498134278438	-3.54864706703827	-5.17245299682804	4.20587156490441	6.70405670343282	-12.9341623487364	13.988681061025
612_ATCACTTAGCTAGAGC	333	258	36093191	SRR19573612	Ruberto2022_1	4	2022	Cambodia_Mondulkiri	10x_Chomium_V3	HiSeq X Ten	infected hepatocyte	BioIVT:BGW	Infected host hepatocytes	Liver stage	Cambodia field isolate	5	None	1	612_ATCACTTAGCTAGAGC	Hypnozoite	NA	NA	NA	0	0	0	0	0	0	0	0	0	0	36	Hypnozoite	0	Asexual 1	2.3080650438072	-1.76765519249836	-3.55067850622931	-3.66580403385364	2.05340822294288	-0.976759521307	-6.67325218633586	-3.64071280180336	2.88030510831511	-5.31791508892636	-3.92062786730519	3.01207495577968	-4.2929739869228	-19.8987667687259	8.81027790234892
612_ATCACTTTCTGCGGCA	400	332	36093191	SRR19573612	Ruberto2022_1	4	2022	Cambodia_Mondulkiri	10x_Chomium_V3	HiSeq X Ten	infected hepatocyte	BioIVT:BGW	Infected host hepatocytes	Liver stage	Cambodia field isolate	5	None	1	612_ATCACTTTCTGCGGCA	Hypnozoite	NA	NA	NA	0	0	0	0	0	0	0	0	0	0	36	Hypnozoite	0	Asexual 1	2.1283169854881	-2.01398736107747	-3.70097257170477	-3.49559081134998	2.0579999263578	-1.78831097299004	-5.00885923861965	-2.80684891633769	2.14310382459357	-4.75951024976062	-3.49633792118035	2.66377220469057	-1.34448933624546	-13.7430051074786	7.87198715382052
612_ATCATTCCACACACGC	317	257	36093191	SRR19573612	Ruberto2022_1	4	2022	Cambodia_Mondulkiri	10x_Chomium_V3	HiSeq X Ten	infected hepatocyte	BioIVT:BGW	Infected host hepatocytes	Liver stage	Cambodia field isolate	5	None	1	612_ATCATTCCACACACGC	Schizont	NA	NA	NA	0	0	0	0	0	0	1	1	0	1	24	Schizont (Liver stage)	0	Asexual 1	2.80601798188703	-1.08058076966206	-2.81594134840766	-4.03999388752186	1.23635550096565	-1.84676000291253	-6.61727990717284	-3.17081961727324	4.40132830418805	-6.76040544285556	-3.9550746464897	4.90310058929824	1.91535600281515	-14.6896786364234	13.7857154724342
612_ATCCATTCATTCACCC	374	320	36093191	SRR19573612	Ruberto2022_1	4	2022	Cambodia_Mondulkiri	10x_Chomium_V3	HiSeq X Ten	infected hepatocyte	BioIVT:BGW	Infected host hepatocytes	Liver stage	Cambodia field isolate	5	None	1	612_ATCCATTCATTCACCC	Hypnozoite	NA	NA	NA	0	0	0	0	0	0	1	1	0	1	36	Hypnozoite	0	Asexual 1	-0.299766881346537	-2.46079927552143	-2.64571310553351	-2.88137186107837	0.471955316811138	-1.79813369923974	-4.17052900447186	-2.24695757874788	1.36840314217698	-4.10335622790517	-3.02077029345003	1.64862617436124	-0.810251049241002	-6.16320737302074	10.839333496454
612_ATCGGATTCCGATGTA	579	438	36093191	SRR19573612	Ruberto2022_1	4	2022	Cambodia_Mondulkiri	10x_Chomium_V3	HiSeq X Ten	infected hepatocyte	BioIVT:BGW	Infected host hepatocytes	Liver stage	Cambodia field isolate	5	None	1	612_ATCGGATTCCGATGTA	Hypnozoite	NA	NA	NA	0	0	0	0	0	0	1	1	0	1	32	Hypnozoite	0	Asexual 1	3.92597376000898	1.70774096381267	-2.060123696659	-3.2029126935979	0.188943269401127	-3.53266331368829	-2.05531595581555	-1.9704260010669	4.12973797566785	-2.1534298858215	-2.94085914025735	4.77842108138061	5.61338537903803	-3.71834571700453	13.1149054717332
612_ATCGGCGTCTTCGTAT	71	68	36093191	SRR19573612	Ruberto2022_1	4	2022	Cambodia_Mondulkiri	10x_Chomium_V3	HiSeq X Ten	infected hepatocyte	BioIVT:BGW	Infected host hepatocytes	Liver stage	Cambodia field isolate	5	None	1	612_ATCGGCGTCTTCGTAT	Hypnozoite	NA	NA	NA	0	0	0	0	0	0	0	0	1	0	36	Hypnozoite	0	Asexual 1	-0.193411512255503	-3.46494275200764	-3.05432559523383	-3.1249109560033	2.90525897100502	2.33631685560798	-10.1294886012697	-2.89502610320358	1.66119806583009	-7.65190798481655	-2.88296022588918	1.65617121405674	-4.88868588848208	-9.55982778039403	-4.14040883392481
612_ATCGTAGTCGTTAGTG	447	344	36093191	SRR19573612	Ruberto2022_1	4	2022	Cambodia_Mondulkiri	10x_Chomium_V3	HiSeq X Ten	infected hepatocyte	BioIVT:BGW	Infected host hepatocytes	Liver stage	Cambodia field isolate	5	None	1	612_ATCGTAGTCGTTAGTG	Hypnozoite	NA	NA	NA	0	0	0	0	0	0	1	1	0	1	24	Hypnozoite	0	Asexual 1	3.07006751191633	-0.57561558354298	-3.24004031691352	-2.90397108135425	-0.01122828692264	-2.64754172974969	-2.81329097021343	-3.21048289259173	1.58087025793952	-2.76176019912855	-4.00884393562463	1.68945366685561	-0.120434107994404	-3.37027914247258	12.2959775709346
612_ATCGTAGTCGTTCAGA	70	53	36093191	SRR19573612	Ruberto2022_1	4	2022	Cambodia_Mondulkiri	10x_Chomium_V3	HiSeq X Ten	infected hepatocyte	BioIVT:BGW	Infected host hepatocytes	Liver stage	Cambodia field isolate	5	None	1	612_ATCGTAGTCGTTCAGA	Hypnozoite	NA	NA	NA	0	0	0	0	0	0	0	0	1	0	12	Hypnozoite	0	Asexual 1	-0.272430432915522	-3.35004979241291	-3.10981632742682	-3.52005088863575	2.45574458196693	2.57468488997077	-10.44732441946	-2.05775844563397	1.53549769085599	-7.95359804468715	-2.04079935985306	1.52940532675234	-7.30086311560321	-7.70821538249542	-4.70320395573486
612_ATCGTCCAGAGATGCC	177	142	36093191	SRR19573612	Ruberto2022_1	4	2022	Cambodia_Mondulkiri	10x_Chomium_V3	HiSeq X Ten	infected hepatocyte	BioIVT:BGW	Infected host hepatocytes	Liver stage	Cambodia field isolate	5	None	1	612_ATCGTCCAGAGATGCC	Schizont	NA	NA	NA	0	0	0	0	0	0	0	0	0	0	36	Schizont (Liver stage)	0	Asexual 1	1.47494219434278	-2.40942817795674	-3.41464973959723	-3.55756676731311	2.05674512937599	-0.172671495021828	-7.94543350130437	-3.90605733748381	3.05025209254523	-5.94782161061045	-4.00716727810997	3.07952217247949	-2.27169330236258	-13.9864261563966	5.24976675680839
612_ATGAAAGTCCGCAAAT	514	377	36093191	SRR19573612	Ruberto2022_1	4	2022	Cambodia_Mondulkiri	10x_Chomium_V3	HiSeq X Ten	infected hepatocyte	BioIVT:BGW	Infected host hepatocytes	Liver stage	Cambodia field isolate	5	None	1	612_ATGAAAGTCCGCAAAT	Hypnozoite	NA	NA	NA	0	0	0	0	0	0	1	1	0	1	24	Hypnozoite	0	Asexual 1	3.18924676072614	-0.453934012536205	-3.30554963621893	-3.77162731228077	1.23345823839241	-2.76903626138116	-4.29340887903958	-2.70689087162503	2.78803882437448	-4.52317983826249	-3.67176333779366	3.58971923494743	4.30557483850713	-12.2331051174382	15.3247408045025
612_ATGAGGGCAAGAATAC	158	116	36093191	SRR19573612	Ruberto2022_1	4	2022	Cambodia_Mondulkiri	10x_Chomium_V3	HiSeq X Ten	infected hepatocyte	BioIVT:BGW	Infected host hepatocytes	Liver stage	Cambodia field isolate	5	None	1	612_ATGAGGGCAAGAATAC	Hypnozoite	NA	NA	NA	0	0	0	0	0	0	0	0	1	0	24	Hypnozoite	0	Asexual 1	-0.0909310113189946	-3.33277112114827	-3.27652193579474	-3.27702010212146	2.648071842938	2.55342367476081	-9.6088831726894	-3.41143130016075	1.90703788442825	-7.12460841740921	-3.39776136257263	1.90168841085239	-4.02607923366774	-9.24603746531851	-2.79071271278422
612_ATGAGTCAGCGACATG	5566	1732	36093191	SRR19573612	Ruberto2022_1	4	2022	Cambodia_Mondulkiri	10x_Chomium_V3	HiSeq X Ten	infected hepatocyte	BioIVT:BGW	Infected host hepatocytes	Liver stage	Cambodia field isolate	5	None	1	612_ATGAGTCAGCGACATG	Schizont	NA	NA	NA	0	0	0	0	1	1	1	1	0	1	36	Schizont (Liver stage)	1	Asexual 2	5.09591613900678	3.50483626257976	-2.77711059126654	-1.765229111292	0.262001412659221	-6.38605710679437	8.81799611529961	-2.30335193760256	6.46722844329688	5.01833887559382	-2.76137896337219	7.02021241882756	16.6634955458119	0.909789579819738	9.87632268108695
612_ATGATCGCAAATAGCA	405	326	36093191	SRR19573612	Ruberto2022_1	4	2022	Cambodia_Mondulkiri	10x_Chomium_V3	HiSeq X Ten	infected hepatocyte	BioIVT:BGW	Infected host hepatocytes	Liver stage	Cambodia field isolate	5	None	1	612_ATGATCGCAAATAGCA	Hypnozoite	NA	NA	NA	0	0	0	0	0	0	1	1	0	1	24	Hypnozoite	0	Asexual 1	2.43224464547651	-1.51852208245198	-3.23599864516059	-3.81998432216846	1.25681551054054	-1.78058358842278	-4.49386899054386	-3.81315283119536	3.47233712170184	-4.62488731636457	-4.62641947692163	4.00819139750893	1.23417871429677	-12.6763498171052	11.6398534053459
612_ATGATCGCATGTTCGA	13351	2594	36093191	SRR19573612	Ruberto2022_1	4	2022	Cambodia_Mondulkiri	10x_Chomium_V3	HiSeq X Ten	infected hepatocyte	BioIVT:BGW	Infected host hepatocytes	Liver stage	Cambodia field isolate	5	None	1	612_ATGATCGCATGTTCGA	Schizont	NA	NA	NA	0	0	0	0	1	1	1	1	0	1	24	Schizont (Liver stage)	1	Asexual 2	5.33888755929487	3.70157164465984	-2.86115886244574	-2.05802166996204	-0.725686711520619	-5.73981782609368	12.3867071586311	-1.44991851499453	7.78257770121383	8.41525487741742	-2.38815649632307	7.71272322692231	14.5500811830527	3.58780495169072	12.611756877201
612_ATGATCGGTAGGAGGG	416	344	36093191	SRR19573612	Ruberto2022_1	4	2022	Cambodia_Mondulkiri	10x_Chomium_V3	HiSeq X Ten	infected hepatocyte	BioIVT:BGW	Infected host hepatocytes	Liver stage	Cambodia field isolate	5	None	1	612_ATGATCGGTAGGAGGG	Hypnozoite	NA	NA	NA	0	0	0	0	0	0	1	1	0	1	24	Hypnozoite	0	Asexual 1	3.03687368524091	-0.683973609093822	-3.28747798476019	-3.82894075451099	0.952242511063152	-2.43348642999078	-3.64899891314079	-3.86697870774683	4.19153308708706	-3.85517166410399	-4.7945377804347	4.92102322008039	2.51701452019292	-11.994897240337	14.6906618140417
612_ATGATCGGTCGAGTTT	365	311	36093191	SRR19573612	Ruberto2022_1	4	2022	Cambodia_Mondulkiri	10x_Chomium_V3	HiSeq X Ten	infected hepatocyte	BioIVT:BGW	Infected host hepatocytes	Liver stage	Cambodia field isolate	5	None	1	612_ATGATCGGTCGAGTTT	Hypnozoite	NA	NA	NA	0	0	0	0	1	1	1	1	0	1	32	Hypnozoite	1	Asexual 2	-0.533528817772699	-2.0016441928188	-2.23978854689398	0.537989342830547	-0.195409697741932	-4.20902988129998	-4.97269474148362	-0.467841495576306	1.27976292447976	-2.98948674348353	-0.0908323135655673	2.83692398506587	3.55794259212092	2.18813862913363	1.39661046242936
612_ATGCATGCAACAGATA	619	482	36093191	SRR19573612	Ruberto2022_1	4	2022	Cambodia_Mondulkiri	10x_Chomium_V3	HiSeq X Ten	infected hepatocyte	BioIVT:BGW	Infected host hepatocytes	Liver stage	Cambodia field isolate	5	None	1	612_ATGCATGCAACAGATA	Hypnozoite	NA	NA	NA	0	0	0	0	0	0	1	1	0	1	36	Hypnozoite	0	Asexual 1	2.98974167001264	-0.721717296723522	-3.39621449980536	-3.5284491830846	0.206827181129986	-2.64186259919549	-2.58686256163934	-1.90718268884554	2.70650346663172	-2.61680356250093	-2.74899545226583	3.03705157846668	3.18187615525836	-5.45503681347379	11.229261791712
612_ATGCATGGTCCACTCT	237	144	36093191	SRR19573612	Ruberto2022_1	4	2022	Cambodia_Mondulkiri	10x_Chomium_V3	HiSeq X Ten	infected hepatocyte	BioIVT:BGW	Infected host hepatocytes	Liver stage	Cambodia field isolate	5	None	1	612_ATGCATGGTCCACTCT	Schizont	NA	NA	NA	0	0	0	0	0	0	0	0	0	0	24	Schizont (Liver stage)	0	Asexual 1	1.93570505273359	-2.33390837777058	-3.63469316038886	-3.28899562893116	2.45191653326088	-0.758039889873513	-9.50799476576515	-3.49782532228834	2.78320972644992	-7.37814996281807	-3.56962048820315	2.81254717990337	-2.72436167064453	-19.3661947981239	6.30570187718989
612_ATGCGATAGATTGACA	5065	1565	36093191	SRR19573612	Ruberto2022_1	4	2022	Cambodia_Mondulkiri	10x_Chomium_V3	HiSeq X Ten	infected hepatocyte	BioIVT:BGW	Infected host hepatocytes	Liver stage	Cambodia field isolate	5	None	1	612_ATGCGATAGATTGACA	Schizont	NA	NA	NA	0	0	0	0	1	1	1	1	0	1	36	Schizont (Liver stage)	1	Asexual 2	4.9039324392082	3.35443991553386	-2.62825871977606	-2.68422639904224	0.737573045044475	-5.90622922593499	6.53793409338678	-2.27490196119671	5.95787803914552	2.6756943983939	-3.40205819980921	6.11819334715518	16.5012874201728	-2.80465253239321	12.402075325584
612_ATGCGATAGGAGGCAG	730	583	36093191	SRR19573612	Ruberto2022_1	4	2022	Cambodia_Mondulkiri	10x_Chomium_V3	HiSeq X Ten	infected hepatocyte	BioIVT:BGW	Infected host hepatocytes	Liver stage	Cambodia field isolate	5	None	1	612_ATGCGATAGGAGGCAG	Hypnozoite	NA	NA	NA	0	0	0	0	0	0	1	1	0	1	32	Hypnozoite	0	Asexual 1	4.44918094766157	2.11036640536388	-1.80924083266059	-3.24358928737842	0.527644770889812	-3.98684641534234	-0.22033456795049	-2.73580600574049	4.11926454290202	-0.788352869418877	-3.79315080555432	4.84243951535376	5.77504020425969	-5.10004913805518	16.7267549853403
612_ATGCGATTCCCAAGTA	63	45	36093191	SRR19573612	Ruberto2022_1	4	2022	Cambodia_Mondulkiri	10x_Chomium_V3	HiSeq X Ten	infected hepatocyte	BioIVT:BGW	Infected host hepatocytes	Liver stage	Cambodia field isolate	5	None	1	612_ATGCGATTCCCAAGTA	Hypnozoite	NA	NA	NA	0	0	0	0	0	0	0	0	1	0	24	Hypnozoite	0	Asexual 1	-0.484376026272608	-3.44282036888997	-3.23203827414313	-2.88152683315479	3.18834264829689	2.59014848059272	-11.6572849912647	-2.75075086182866	1.38194892633969	-9.15876572252001	-2.73366104194336	1.37544013979798	-4.04707575599426	-9.11842613762008	-8.49971472588073
612_ATGGAGGTCGTAGCCG	138	105	36093191	SRR19573612	Ruberto2022_1	4	2022	Cambodia_Mondulkiri	10x_Chomium_V3	HiSeq X Ten	infected hepatocyte	BioIVT:BGW	Infected host hepatocytes	Liver stage	Cambodia field isolate	5	None	1	612_ATGGAGGTCGTAGCCG	Hypnozoite	NA	NA	NA	0	0	0	0	0	0	0	0	1	0	32	Hypnozoite	0	Asexual 1	0.450302945494818	-3.32962614167134	-3.55895616087714	-2.6804210001012	3.0685094173246	1.60418632811164	-10.4892867589117	-2.81820360635183	1.60920464193746	-8.00850914710129	-2.80535650640273	1.60395214749777	-5.95763546662574	-13.7653986493897	-0.519519388041615
612_ATGGGAGTCCACACCT	125	91	36093191	SRR19573612	Ruberto2022_1	4	2022	Cambodia_Mondulkiri	10x_Chomium_V3	HiSeq X Ten	infected hepatocyte	BioIVT:BGW	Infected host hepatocytes	Liver stage	Cambodia field isolate	5	None	1	612_ATGGGAGTCCACACCT	Hypnozoite	NA	NA	NA	0	0	0	0	0	0	0	0	1	0	24	Hypnozoite	0	Asexual 1	-0.170508218884302	-3.20113116372029	-2.95180274519721	-3.60325968799793	2.20078642919593	2.41551521605109	-10.7692779413413	-2.75359109608985	1.76260943268204	-8.29866056843075	-2.74311850514564	1.75814305901528	-2.15918297503107	-11.7295348314142	-2.42012782176928
612_ATGTCCCTCTGAACGT	103	89	36093191	SRR19573612	Ruberto2022_1	4	2022	Cambodia_Mondulkiri	10x_Chomium_V3	HiSeq X Ten	infected hepatocyte	BioIVT:BGW	Infected host hepatocytes	Liver stage	Cambodia field isolate	5	None	1	612_ATGTCCCTCTGAACGT	Hypnozoite	NA	NA	NA	0	0	0	0	0	0	0	0	0	0	42	Hypnozoite	0	Asexual 1	0.939515816092657	-3.39916926491658	-3.24046565565863	-2.79134357509815	2.34491165235572	0.184406550584785	-10.0164274865932	-3.53321681175901	2.64717085449375	-7.67570518151443	-3.55284893548023	2.64873879606031	-3.4694204350168	-17.1703967957403	6.41275798646699
612_ATTACTCAGAACAGGA	687	525	36093191	SRR19573612	Ruberto2022_1	4	2022	Cambodia_Mondulkiri	10x_Chomium_V3	HiSeq X Ten	infected hepatocyte	BioIVT:BGW	Infected host hepatocytes	Liver stage	Cambodia field isolate	5	None	1	612_ATTACTCAGAACAGGA	Hypnozoite	NA	NA	NA	0	0	0	0	0	0	1	1	0	1	24	Hypnozoite	0	Asexual 1	4.10956941735761	2.09459453951915	-2.20346237692633	-3.07360399303638	0.475591140537792	-3.84745523148919	-0.109612895164249	-1.32184816398856	5.85125947742207	-1.33147348082034	-2.06582850575136	6.37603415494781	6.71225264426099	-5.24991827744686	10.1944846254732
612_ATTCACTAGGTAGCAC	6696	1895	36093191	SRR19573612	Ruberto2022_1	4	2022	Cambodia_Mondulkiri	10x_Chomium_V3	HiSeq X Ten	infected hepatocyte	BioIVT:BGW	Infected host hepatocytes	Liver stage	Cambodia field isolate	5	None	1	612_ATTCACTAGGTAGCAC	Schizont	NA	NA	NA	0	0	0	0	1	1	1	1	0	1	36	Schizont (Liver stage)	1	Asexual 2	5.11290632379072	3.50278395545086	-2.80027605566779	-2.50043643055164	0.205389695911938	-6.0628807228222	9.4513326086055	-2.00472075972376	7.40908850127735	5.50382403302554	-2.9433107721821	7.65789771913738	16.1104915091088	0.0454502903257721	12.5892074152068
612_ATTCAGGGTGGCTCTG	84	21	36093191	SRR19573612	Ruberto2022_1	4	2022	Cambodia_Mondulkiri	10x_Chomium_V3	HiSeq X Ten	infected hepatocyte	BioIVT:BGW	Infected host hepatocytes	Liver stage	Cambodia field isolate	5	None	1	612_ATTCAGGGTGGCTCTG	Hypnozoite	NA	NA	NA	0	0	0	0	0	0	0	0	1	0	36	Hypnozoite	0	Asexual 1	-0.437846435189081	-3.05279189217488	-3.34886743101874	-3.0746384912511	2.44440658643776	2.75601104086494	-12.0633101889446	-3.24920640525882	1.69303921605639	-9.56241293334154	-3.23157826128865	1.68645789088174	-9.5614344586923	-12.1080383912344	-4.78826889528181
612_ATTCATCCACGTCGGT	334	288	36093191	SRR19573612	Ruberto2022_1	4	2022	Cambodia_Mondulkiri	10x_Chomium_V3	HiSeq X Ten	infected hepatocyte	BioIVT:BGW	Infected host hepatocytes	Liver stage	Cambodia field isolate	5	None	1	612_ATTCATCCACGTCGGT	Hypnozoite	NA	NA	NA	0	0	0	0	0	0	0	1	0	0	36	Hypnozoite	0	Asexual 1	1.90309535157697	-2.00612288582722	-3.20114995512763	-3.98961604175769	1.49315901353889	-1.21492436343575	-6.03474833343472	-1.77142163768221	2.21811392088219	-5.34394394887897	-2.25820196913912	2.45958322571516	1.67733664987961	-12.7925097213623	7.10868835927543
612_ATTCCATGTTCCACGG	110	92	36093191	SRR19573612	Ruberto2022_1	4	2022	Cambodia_Mondulkiri	10x_Chomium_V3	HiSeq X Ten	infected hepatocyte	BioIVT:BGW	Infected host hepatocytes	Liver stage	Cambodia field isolate	5	None	1	612_ATTCCATGTTCCACGG	Hypnozoite	NA	NA	NA	0	0	0	0	0	0	0	0	1	0	24	Hypnozoite	0	Asexual 1	0.173245461702513	-3.55631810295979	-3.24125792059699	-3.13744247493946	2.85967858388954	1.30864861792182	-10.6404446446148	-2.49810136746669	2.71427467247459	-8.18217202037847	-2.49044425168641	2.71047678253879	-3.10787402086148	-12.2936010312718	-0.93210356509814
612_ATTCCCGAGTGACACG	81	51	36093191	SRR19573612	Ruberto2022_1	4	2022	Cambodia_Mondulkiri	10x_Chomium_V3	HiSeq X Ten	infected hepatocyte	BioIVT:BGW	Infected host hepatocytes	Liver stage	Cambodia field isolate	5	None	1	612_ATTCCCGAGTGACACG	Hypnozoite	NA	NA	NA	0	0	0	0	0	0	0	0	1	0	32	Hypnozoite	0	Asexual 1	-0.0794434826372396	-3.29058772194783	-3.20168973479071	-2.97493970928394	2.93295677259498	2.29179600065803	-10.8692711566329	-2.90371016639471	1.46712636926382	-8.37737813747061	-2.88824717949296	1.46123283834071	-6.00204181935749	-9.43516617710017	-4.07391653807516
612_ATTCCTAGTCGTCTCT	51	49	36093191	SRR19573612	Ruberto2022_1	4	2022	Cambodia_Mondulkiri	10x_Chomium_V3	HiSeq X Ten	infected hepatocyte	BioIVT:BGW	Infected host hepatocytes	Liver stage	Cambodia field isolate	5	None	1	612_ATTCCTAGTCGTCTCT	Hypnozoite	NA	NA	NA	0	0	0	0	0	0	0	0	1	0	36	Hypnozoite	0	Asexual 1	-0.661636723160578	-3.31452876198689	-3.23698259863654	-3.07877910671436	2.66357644155555	3.09459665602302	-11.0125403885729	-2.83791808626404	1.55500995351865	-8.51061397196268	-2.81991879088362	1.54826537024409	-5.54390858843059	-10.3149265460392	-7.19248521625151
612_ATTCGTTCATGGCCCA	508	406	36093191	SRR19573612	Ruberto2022_1	4	2022	Cambodia_Mondulkiri	10x_Chomium_V3	HiSeq X Ten	infected hepatocyte	BioIVT:BGW	Infected host hepatocytes	Liver stage	Cambodia field isolate	5	None	1	612_ATTCGTTCATGGCCCA	Hypnozoite	NA	NA	NA	0	0	0	0	0	0	1	1	0	1	32	Hypnozoite	0	Asexual 1	3.4953721631767	0.0770288718899117	-2.90513278517523	-3.96832812366687	0.871057647018963	-3.05924841576959	-2.75470955365326	-2.75522390831019	4.50780525244584	-2.97063489433807	-3.75868698951883	5.36241051351536	3.89596685808346	-11.9699163405072	16.4917841892125
612_ATTCTACAGCATGTTC	5759	1967	36093191	SRR19573612	Ruberto2022_1	4	2022	Cambodia_Mondulkiri	10x_Chomium_V3	HiSeq X Ten	infected hepatocyte	BioIVT:BGW	Infected host hepatocytes	Liver stage	Cambodia field isolate	5	None	1	612_ATTCTACAGCATGTTC	Schizont	NA	NA	NA	0	0	0	0	1	1	1	1	0	1	24	Schizont (Liver stage)	1	Asexual 2	5.18258319985883	3.59470886122783	-2.77611543211737	-2.20387185154163	-0.327049357146687	-6.11535474473382	11.2783230514867	-1.74235726619431	6.89847246632469	7.66610052937996	-2.59615214013446	7.12457356993886	16.1709620727992	1.96632041448748	12.6064553487771
612_ATTCTTGGTCAACACT	479	378	36093191	SRR19573612	Ruberto2022_1	4	2022	Cambodia_Mondulkiri	10x_Chomium_V3	HiSeq X Ten	infected hepatocyte	BioIVT:BGW	Infected host hepatocytes	Liver stage	Cambodia field isolate	5	None	1	612_ATTCTTGGTCAACACT	Hypnozoite	NA	NA	NA	0	0	0	0	1	1	1	1	0	1	36	Hypnozoite	1	Asexual 2	2.82527433526533	-0.888806639794506	-3.44443918738165	0.219005601725944	1.20676918581062	-4.92819282227898	-3.31546727914096	-2.7379704682889	3.46630733808977	-3.55494080102255	-1.54308564221032	5.73923337264854	7.06410550612468	-0.277120989651357	-0.368793860999141
612_ATTGGGTTCCGATAAC	442	344	36093191	SRR19573612	Ruberto2022_1	4	2022	Cambodia_Mondulkiri	10x_Chomium_V3	HiSeq X Ten	infected hepatocyte	BioIVT:BGW	Infected host hepatocytes	Liver stage	Cambodia field isolate	5	None	1	612_ATTGGGTTCCGATAAC	Hypnozoite	NA	NA	NA	0	0	0	0	0	0	1	1	0	1	36	Hypnozoite	0	Asexual 1	2.81949649941938	-1.67174082863728	-3.35307432684699	-3.50241983471119	1.62828012064033	-2.27459439450646	-3.86644545402312	-3.5586016126008	3.73460299306747	-4.12101901569722	-4.46717811160004	4.46730609245613	4.39396789188356	-14.7456667290955	12.515108721893
612_ATTGTTCAGGATCACG	112	76	36093191	SRR19573612	Ruberto2022_1	4	2022	Cambodia_Mondulkiri	10x_Chomium_V3	HiSeq X Ten	infected hepatocyte	BioIVT:BGW	Infected host hepatocytes	Liver stage	Cambodia field isolate	5	None	1	612_ATTGTTCAGGATCACG	Hypnozoite	NA	NA	NA	0	0	0	0	0	0	0	0	1	0	12	Hypnozoite	0	Asexual 1	-0.100958732843233	-3.32733303177754	-3.00110031637946	-3.32066476879322	2.7030719096952	2.75718000715827	-11.2326875257304	-3.06781480300336	0.756341602195908	-8.74783899448739	-3.05405704521018	0.750917551602583	-4.1794328092157	-11.999033891215	-4.21995334847342
612_ATTTACCAGAAAGTCT	4705	1653	36093191	SRR19573612	Ruberto2022_1	4	2022	Cambodia_Mondulkiri	10x_Chomium_V3	HiSeq X Ten	infected hepatocyte	BioIVT:BGW	Infected host hepatocytes	Liver stage	Cambodia field isolate	5	None	1	612_ATTTACCAGAAAGTCT	Schizont	NA	NA	NA	0	0	0	0	1	1	1	1	0	1	36	Schizont (Liver stage)	1	Asexual 2	4.90778862130658	3.37809175383648	-2.62352348837653	-2.80581152973377	0.553338127880627	-5.97480937653924	6.93453936056024	-0.776385938354397	6.04773781994902	3.08142516703816	-1.90869387613487	6.20095936818237	17.7699952998842	-1.65440341699884	13.3249702797117
612_ATTTCTGCAGCTACAT	485	394	36093191	SRR19573612	Ruberto2022_1	4	2022	Cambodia_Mondulkiri	10x_Chomium_V3	HiSeq X Ten	infected hepatocyte	BioIVT:BGW	Infected host hepatocytes	Liver stage	Cambodia field isolate	5	None	1	612_ATTTCTGCAGCTACAT	Hypnozoite	NA	NA	NA	0	0	0	0	0	0	1	1	0	1	36	Hypnozoite	0	Asexual 1	2.27955804955976	-1.9802556620876	-3.52713371786872	-3.80257762012684	1.47375364854866	-2.44539901429559	-4.70513651411402	-1.46285946190485	1.21042450664685	-4.92501581413004	-2.36190283519239	1.92006403054392	0.985324293488758	-14.6255957037765	9.68137917169806
612_CAACAACCAGAGTAAT	112	100	36093191	SRR19573612	Ruberto2022_1	4	2022	Cambodia_Mondulkiri	10x_Chomium_V3	HiSeq X Ten	infected hepatocyte	BioIVT:BGW	Infected host hepatocytes	Liver stage	Cambodia field isolate	5	None	1	612_CAACAACCAGAGTAAT	Hypnozoite	NA	NA	NA	0	0	0	0	0	0	0	0	1	0	24	Hypnozoite	0	Asexual 1	-0.418373746752573	-3.29542690384785	-3.3081603196601	-3.55249107418262	2.92264874532753	2.38746884649848	-9.01945317325687	-1.9383810172404	1.42605931483626	-6.53758371754545	-1.9251905388454	1.42075462178057	-0.983706443461446	-9.69566696626245	-2.45645487940539
612_CAACAGTGTATGTCAC	467	357	36093191	SRR19573612	Ruberto2022_1	4	2022	Cambodia_Mondulkiri	10x_Chomium_V3	HiSeq X Ten	infected hepatocyte	BioIVT:BGW	Infected host hepatocytes	Liver stage	Cambodia field isolate	5	None	1	612_CAACAGTGTATGTCAC	Hypnozoite	NA	NA	NA	0	0	0	0	0	0	0	1	0	0	36	Hypnozoite	0	Asexual 1	2.30414210450666	-1.72455793488423	-3.49772669348517	-3.71106303272449	1.69581206396156	-1.86741754228021	-4.95778709580405	-3.05818421238903	2.88224290704508	-4.60927479544377	-3.67485545763764	3.24711830711264	0.865849414527139	-14.094523036705	8.62208124718748
612_CAACCAACATGAGATA	100	16	36093191	SRR19573612	Ruberto2022_1	4	2022	Cambodia_Mondulkiri	10x_Chomium_V3	HiSeq X Ten	infected hepatocyte	BioIVT:BGW	Infected host hepatocytes	Liver stage	Cambodia field isolate	5	None	1	612_CAACCAACATGAGATA	Hypnozoite	NA	NA	NA	0	0	0	0	0	0	7	7	8	8	32	Hypnozoite	0	Asexual 1	-0.876578284382654	-3.54694348442952	-3.02022530112067	-2.94660294590198	2.40888269498878	3.15936163252448	-12.6823170069907	-3.00826658555606	1.18158237499982	-10.1783315641358	-2.98978818624745	1.174685659601	-11.7027925370649	-12.6311228086692	-6.96575165475904
612_CAACCTCGTAGCCAGA	618	486	36093191	SRR19573612	Ruberto2022_1	4	2022	Cambodia_Mondulkiri	10x_Chomium_V3	HiSeq X Ten	infected hepatocyte	BioIVT:BGW	Infected host hepatocytes	Liver stage	Cambodia field isolate	5	None	1	612_CAACCTCGTAGCCAGA	Hypnozoite	NA	NA	NA	0	0	0	0	0	0	1	1	0	1	24	Hypnozoite	0	Asexual 1	3.70445023667829	0.0882490886410103	-2.9836163667182	-3.62670314846241	0.853906768112713	-3.52318760568047	-2.46505147202862	-2.97422740625948	2.44829416153555	-2.61298662435284	-3.99675725744439	3.33543333983162	4.16924153739	-6.06102250560767	17.1688424254089
612_CAAGACTAGGTAATCA	794	586	36093191	SRR19573612	Ruberto2022_1	4	2022	Cambodia_Mondulkiri	10x_Chomium_V3	HiSeq X Ten	infected hepatocyte	BioIVT:BGW	Infected host hepatocytes	Liver stage	Cambodia field isolate	5	None	1	612_CAAGACTAGGTAATCA	Hypnozoite	NA	NA	NA	0	0	0	0	0	0	1	1	0	1	24	Hypnozoite	0	Asexual 1	4.70913015496747	2.17820245158275	-1.35483206782141	-2.96063674030506	-0.586918038577503	-3.64911696130181	0.456257564734244	-2.81346008010031	4.90772080079475	0.610094493107524	-3.70436876650972	5.27567536389105	3.00161777439137	-0.387228679619061	18.0735875738301
612_CAAGCTAGTGCAACGA	1217	620	36093191	SRR19573612	Ruberto2022_1	4	2022	Cambodia_Mondulkiri	10x_Chomium_V3	HiSeq X Ten	infected hepatocyte	BioIVT:BGW	Infected host hepatocytes	Liver stage	Cambodia field isolate	5	None	1	612_CAAGCTAGTGCAACGA	Schizont	NA	NA	NA	0	0	0	0	0	0	1	1	0	1	36	Schizont (Liver stage)	0	Asexual 1	4.45025621545331	2.80603712927898	-2.41159893545905	-3.3232272916814	1.56495876863533	-4.44014403039361	0.223509414263547	-3.871685055561	5.08550821785369	-1.46495270173924	-4.9838216720149	5.6906287889363	12.7238194658319	-9.46753556988129	15.1503513842084
612_CAAGGGAAGAACTTCC	3300	1122	36093191	SRR19573612	Ruberto2022_1	4	2022	Cambodia_Mondulkiri	10x_Chomium_V3	HiSeq X Ten	infected hepatocyte	BioIVT:BGW	Infected host hepatocytes	Liver stage	Cambodia field isolate	5	None	1	612_CAAGGGAAGAACTTCC	Schizont	NA	NA	NA	0	0	0	0	0	0	1	1	0	1	24	Schizont (Liver stage)	0	Asexual 1	4.67356382501142	3.03470844161113	-2.51540423903266	-3.33493745861255	1.3611758525663	-4.60224458390618	2.45074209201814	-2.91985556774847	5.79788961756715	-0.306499428245758	-4.09918285986588	6.13777891611349	12.7817253646263	-9.23604667010598	15.2070810305316
612_CAATACGTCTGTAAGC	742	574	36093191	SRR19573612	Ruberto2022_1	4	2022	Cambodia_Mondulkiri	10x_Chomium_V3	HiSeq X Ten	infected hepatocyte	BioIVT:BGW	Infected host hepatocytes	Liver stage	Cambodia field isolate	5	None	1	612_CAATACGTCTGTAAGC	Hypnozoite	NA	NA	NA	0	0	0	0	1	1	1	1	0	1	32	Hypnozoite	1	Asexual 2	4.13077055108564	2.06116444003185	-1.87088395628729	-1.72501099643909	-0.905956310481495	-3.96264025384332	-0.243020580737158	-1.7208366463233	2.75489988592805	-0.142060498721046	-2.34014136954997	3.16083948416188	3.76966190459421	2.05232606330932	9.57640228668939
612_CAATTTCAGAAACTGT	297	219	36093191	SRR19573612	Ruberto2022_1	4	2022	Cambodia_Mondulkiri	10x_Chomium_V3	HiSeq X Ten	infected hepatocyte	BioIVT:BGW	Infected host hepatocytes	Liver stage	Cambodia field isolate	5	None	1	612_CAATTTCAGAAACTGT	Hypnozoite	NA	NA	NA	0	0	0	0	0	0	0	0	0	0	6	Hypnozoite	0	Asexual 1	1.31412659776227	-2.71606570351521	-3.58135439429083	-3.24777210293018	2.53966339185768	-0.118774263204583	-7.2497482871809	-3.60638850472464	2.51395770973883	-5.04591574505445	-3.65847954738147	2.53288431142079	-2.00128998183051	-13.1302673194953	5.1977267608265
612_CAATTTCTCCACAGGC	133	116	36093191	SRR19573612	Ruberto2022_1	4	2022	Cambodia_Mondulkiri	10x_Chomium_V3	HiSeq X Ten	infected hepatocyte	BioIVT:BGW	Infected host hepatocytes	Liver stage	Cambodia field isolate	5	None	1	612_CAATTTCTCCACAGGC	Schizont	NA	NA	NA	0	0	0	0	0	0	0	0	0	0	36	Schizont (Liver stage)	0	Asexual 1	0.825594233393835	-3.25750166047017	-3.31524969610968	-3.53504932460987	2.72036107137733	0.660532625375739	-9.34554617296413	-1.90667662320698	1.4291860601912	-6.96071221499465	-1.91519894847727	1.42938256959851	-2.14950733534522	-12.4505646889353	2.11524246758354
612_CACAACAAGGGTTTCT	68	18	36093191	SRR19573612	Ruberto2022_1	4	2022	Cambodia_Mondulkiri	10x_Chomium_V3	HiSeq X Ten	infected hepatocyte	BioIVT:BGW	Infected host hepatocytes	Liver stage	Cambodia field isolate	5	None	1	612_CACAACAAGGGTTTCT	Hypnozoite	NA	NA	NA	0	0	0	0	0	0	0	0	1	0	36	Hypnozoite	0	Asexual 1	-0.18928068685515	-3.37422686684529	-3.09426857504645	-3.44290841160022	2.57358367994361	2.90035799330329	-12.4577713751639	-3.38144930094908	1.81543812124265	-9.96172245489882	-3.36508224269435	1.80928484410391	-9.67398184084977	-14.6412102077	-3.88341452025173
612_CACACAATCTCATTAC	560	437	36093191	SRR19573612	Ruberto2022_1	4	2022	Cambodia_Mondulkiri	10x_Chomium_V3	HiSeq X Ten	infected hepatocyte	BioIVT:BGW	Infected host hepatocytes	Liver stage	Cambodia field isolate	5	None	1	612_CACACAATCTCATTAC	Hypnozoite	NA	NA	NA	0	0	0	0	0	0	1	1	0	1	24	Hypnozoite	0	Asexual 1	3.28500805985944	-0.844326435212292	-3.17463995489874	-3.41695058880054	0.944616812019878	-3.11807939225579	-2.95745160226023	-2.26753855863512	2.11069884244614	-3.12628997343731	-3.23406739400734	2.84628264242466	2.30853640216197	-6.41890715555728	15.7240328118118
612_CACAGATCAATGCAAA	34	29	36093191	SRR19573612	Ruberto2022_1	4	2022	Cambodia_Mondulkiri	10x_Chomium_V3	HiSeq X Ten	infected hepatocyte	BioIVT:BGW	Infected host hepatocytes	Liver stage	Cambodia field isolate	5	None	1	612_CACAGATCAATGCAAA	Hypnozoite	NA	NA	NA	0	0	0	0	0	0	0	0	1	0	42	Hypnozoite	0	Asexual 1	-0.273038877129389	-3.07198363411824	-2.52024842772284	-3.32186258373462	1.48326678827339	2.26241329496955	-11.5393320582324	-3.06814967607484	1.31518734732072	-9.04796510811108	-3.05296337922592	1.30945989566649	-3.40053963223621	-14.6906590102419	-6.18743329470755
612_CACAGATTCTCTCTAA	562	427	36093191	SRR19573612	Ruberto2022_1	4	2022	Cambodia_Mondulkiri	10x_Chomium_V3	HiSeq X Ten	infected hepatocyte	BioIVT:BGW	Infected host hepatocytes	Liver stage	Cambodia field isolate	5	None	1	612_CACAGATTCTCTCTAA	Hypnozoite	NA	NA	NA	0	0	0	0	0	0	1	1	0	1	24	Hypnozoite	0	Asexual 1	3.96459923875348	0.322388203259312	-2.78793479475775	-3.79699075756275	0.922003227024608	-3.49441429788018	-1.74118958432389	-3.70954808837981	3.26743519524675	-1.89243682934905	-4.73400340409223	4.18649764297624	4.59528730061012	-6.55927117270924	16.8821492398133
612_CACCGTTGTAAGATAC	174	152	36093191	SRR19573612	Ruberto2022_1	4	2022	Cambodia_Mondulkiri	10x_Chomium_V3	HiSeq X Ten	infected hepatocyte	BioIVT:BGW	Infected host hepatocytes	Liver stage	Cambodia field isolate	5	None	1	612_CACCGTTGTAAGATAC	Hypnozoite	NA	NA	NA	0	0	0	0	0	0	1	1	0	1	36	Hypnozoite	0	Asexual 1	2.0548283923866	-2.60039573777119	-3.4896993783454	-3.03255570469104	1.89904816701942	-1.41514667683984	-7.76557851849594	-2.33612711567042	5.13585628571393	-6.70336293160476	-2.70278232350703	5.34163653345712	2.1922827635613	-16.1260256690416	10.5601555999164
612_CACCGTTTCCCAAGTA	332	232	36093191	SRR19573612	Ruberto2022_1	4	2022	Cambodia_Mondulkiri	10x_Chomium_V3	HiSeq X Ten	infected hepatocyte	BioIVT:BGW	Infected host hepatocytes	Liver stage	Cambodia field isolate	5	None	1	612_CACCGTTTCCCAAGTA	Hypnozoite	NA	NA	NA	0	0	0	0	0	0	0	0	0	0	24	Hypnozoite	0	Asexual 1	1.59345947396772	-2.53309517968098	-3.340152993534	-3.22742736873829	1.6039188678556	-0.699376193822869	-5.53082271596754	-2.93597571153193	3.00334244071964	-4.18261301878908	-3.23431563426586	3.09310074857531	0.698246731349998	-13.2356591017426	7.10393477402409
612_CACGTGGCAGGTTACT	180	166	36093191	SRR19573612	Ruberto2022_1	4	2022	Cambodia_Mondulkiri	10x_Chomium_V3	HiSeq X Ten	infected hepatocyte	BioIVT:BGW	Infected host hepatocytes	Liver stage	Cambodia field isolate	5	None	1	612_CACGTGGCAGGTTACT	Hypnozoite	NA	NA	NA	0	0	0	0	0	0	1	1	0	1	24	Hypnozoite	0	Asexual 1	0.416989432692694	-2.23955374825398	-1.79905845198432	-2.55393732128345	0.0187721352272566	-1.13560524398232	-6.44608820087644	-2.75205101869405	0.832514054000388	-6.21884635972819	-3.44440052659167	0.782408206281439	2.55101504973642	-5.42429976353088	5.57948316312339
612_CACTGGGGTGCCGTTG	376	301	36093191	SRR19573612	Ruberto2022_1	4	2022	Cambodia_Mondulkiri	10x_Chomium_V3	HiSeq X Ten	infected hepatocyte	BioIVT:BGW	Infected host hepatocytes	Liver stage	Cambodia field isolate	5	None	1	612_CACTGGGGTGCCGTTG	Hypnozoite	NA	NA	NA	0	0	0	0	0	0	0	0	0	0	36	Hypnozoite	0	Asexual 1	2.1267882455589	-2.46370631325642	-3.37605716261664	-3.57172072468006	2.05692275121742	-1.66981717759515	-4.97487547368337	-1.6111256421777	2.82741627855263	-4.31395018460151	-2.13296514621276	3.16741278763681	-0.263975547227603	-14.6135481130196	8.55418862383453
612_CACTGTCAGAACAAGG	601	439	36093191	SRR19573612	Ruberto2022_1	4	2022	Cambodia_Mondulkiri	10x_Chomium_V3	HiSeq X Ten	infected hepatocyte	BioIVT:BGW	Infected host hepatocytes	Liver stage	Cambodia field isolate	5	None	1	612_CACTGTCAGAACAAGG	Hypnozoite	NA	NA	NA	0	0	0	0	0	0	1	1	0	1	32	Hypnozoite	0	Asexual 1	3.21680532586591	-0.993452249650158	-3.08904196295539	-3.834644919016	1.46725316598945	-2.92768618279839	-3.57405052194869	-3.07824379500427	2.30864476415145	-3.81170156059364	-4.06645837958655	3.18504585057174	6.21854738295771	-14.9159761615083	16.5315537762182
612_CACTGTCCACCCTGAG	300	261	36093191	SRR19573612	Ruberto2022_1	4	2022	Cambodia_Mondulkiri	10x_Chomium_V3	HiSeq X Ten	infected hepatocyte	BioIVT:BGW	Infected host hepatocytes	Liver stage	Cambodia field isolate	5	None	1	612_CACTGTCCACCCTGAG	Hypnozoite	NA	NA	NA	0	0	0	0	0	0	1	1	0	1	36	Hypnozoite	0	Asexual 1	2.73560463082807	-2.00695115197102	-3.17341281447211	-3.45303309498035	1.67086728170448	-2.41045221501733	-7.14696398563071	-3.17793410987902	2.62273369153975	-7.22033266901234	-4.01057468828072	3.27787498892087	5.48150985954741	-13.9492230827014	11.7843629500691
612_CACTGTCTCGCCTATC	1867	939	36093191	SRR19573612	Ruberto2022_1	4	2022	Cambodia_Mondulkiri	10x_Chomium_V3	HiSeq X Ten	infected hepatocyte	BioIVT:BGW	Infected host hepatocytes	Liver stage	Cambodia field isolate	5	None	1	612_CACTGTCTCGCCTATC	Schizont	NA	NA	NA	0	0	0	0	1	1	1	1	0	1	32	Schizont (Liver stage)	1	Asexual 2	4.77335201394575	3.18575471770366	-2.53900934729376	-2.15152633724415	0.923042076378399	-5.66429731065179	3.07371794187793	-2.36817160057061	5.4464292199363	-0.732801026350114	-3.37139368797781	5.70825213660537	12.6606578768387	-3.79927399265824	9.16962282412574
612_CAGATCAAGAAGTCTA	658	489	36093191	SRR19573612	Ruberto2022_1	4	2022	Cambodia_Mondulkiri	10x_Chomium_V3	HiSeq X Ten	infected hepatocyte	BioIVT:BGW	Infected host hepatocytes	Liver stage	Cambodia field isolate	5	None	1	612_CAGATCAAGAAGTCTA	Hypnozoite	NA	NA	NA	0	0	0	0	1	1	1	1	0	1	32	Hypnozoite	1	Asexual 2	2.81294261109846	-1.03125291932026	-3.31103254828253	0.358350763342746	1.00281878068977	-5.03628751450921	-2.09628910981683	-1.72786158901141	3.42494280368442	-2.17501289227533	-0.607875191761823	5.46939764876885	7.25253918962108	0.286684272134942	-0.247390293325588
612_CAGATCAGTCTACTGA	34	26	36093191	SRR19573612	Ruberto2022_1	4	2022	Cambodia_Mondulkiri	10x_Chomium_V3	HiSeq X Ten	infected hepatocyte	BioIVT:BGW	Infected host hepatocytes	Liver stage	Cambodia field isolate	5	None	1	612_CAGATCAGTCTACTGA	Hypnozoite	NA	NA	NA	0	0	0	0	0	0	0	0	1	0	32	Hypnozoite	0	Asexual 1	-0.41855107057078	-3.35909634697834	-3.0841601041297	-3.28409469661915	2.43401105955177	2.68657186812018	-12.183827141448	-3.26459675304066	1.80158957652834	-9.68654960307804	-3.24792143504243	1.79535690304623	-9.4124555528383	-14.5182452797868	-5.42276729241909
612_CAGATCAGTGTAAACA	95	48	36093191	SRR19573612	Ruberto2022_1	4	2022	Cambodia_Mondulkiri	10x_Chomium_V3	HiSeq X Ten	infected hepatocyte	BioIVT:BGW	Infected host hepatocytes	Liver stage	Cambodia field isolate	5	None	1	612_CAGATCAGTGTAAACA	Hypnozoite	NA	NA	NA	0	0	0	0	0	0	0	0	1	0	36	Hypnozoite	0	Asexual 1	-0.318159682631327	-3.28415423500935	-3.00210048231879	-3.42770302829944	2.58002694204383	2.87806156462287	-11.9210826414558	-3.28292416474925	1.13330732064931	-9.42549489660454	-3.26667114106271	1.12717568205792	-5.94750067303055	-11.3816597793542	-6.30963926747085
612_CAGATCATCGCTATTT	134	119	36093191	SRR19573612	Ruberto2022_1	4	2022	Cambodia_Mondulkiri	10x_Chomium_V3	HiSeq X Ten	infected hepatocyte	BioIVT:BGW	Infected host hepatocytes	Liver stage	Cambodia field isolate	5	None	1	612_CAGATCATCGCTATTT	Hypnozoite	NA	NA	NA	0	0	0	0	0	0	0	0	0	0	32	Hypnozoite	0	Asexual 1	1.20292090070264	-2.23824173081318	-2.87151099715033	-3.56011426983082	1.8826762016111	0.335666270910255	-8.4257727923906	-2.36855247296879	1.55101085321941	-6.14862475061907	-2.4039180878925	1.56042772049162	-2.72199499954241	-14.3617321164355	2.95927054121856
612_CAGATTGAGCCTTCTC	18	18	36093191	SRR19573612	Ruberto2022_1	4	2022	Cambodia_Mondulkiri	10x_Chomium_V3	HiSeq X Ten	infected hepatocyte	BioIVT:BGW	Infected host hepatocytes	Liver stage	Cambodia field isolate	5	None	1	612_CAGATTGAGCCTTCTC	Hypnozoite	NA	NA	NA	0	0	0	0	0	0	0	0	1	0	6	Hypnozoite	0	Asexual 1	-0.317321075081659	-3.54729205239216	-3.10674478087226	-3.16034806308948	2.56397636488014	2.50371554678535	-11.7058998956194	-4.04896039082422	1.33078766447777	-9.21466371271114	-4.0337554783241	1.32498364851041	-8.55784385939067	-13.0876503299625	-4.95313562136686
612_CAGATTGGTACATACC	145	118	36093191	SRR19573612	Ruberto2022_1	4	2022	Cambodia_Mondulkiri	10x_Chomium_V3	HiSeq X Ten	infected hepatocyte	BioIVT:BGW	Infected host hepatocytes	Liver stage	Cambodia field isolate	5	None	1	612_CAGATTGGTACATACC	Hypnozoite	NA	NA	NA	0	0	0	0	0	0	0	0	1	0	24	Hypnozoite	0	Asexual 1	0.872644888281988	-3.28634005654255	-2.98034311804572	-3.57873499927723	2.34205682828956	0.844041617570869	-9.58452861493748	-2.65578734858037	1.29609045099117	-7.19390404400416	-2.66330611485312	1.2955348651698	-0.900940225360002	-15.416523691143	1.77480837956775
612_CAGCAATAGCGTGCCT	580	471	36093191	SRR19573612	Ruberto2022_1	4	2022	Cambodia_Mondulkiri	10x_Chomium_V3	HiSeq X Ten	infected hepatocyte	BioIVT:BGW	Infected host hepatocytes	Liver stage	Cambodia field isolate	5	None	1	612_CAGCAATAGCGTGCCT	Hypnozoite	NA	NA	NA	0	0	0	0	0	0	1	1	0	1	32	Hypnozoite	0	Asexual 1	3.80960665833967	-0.441892682198681	-1.96810270819464	-2.68558753071033	0.0318966384225424	-2.62607928925897	-4.11138401182617	-1.47507842732196	2.23949064224093	-4.04683012458975	-2.27342164474345	2.33757916217622	-0.19313220286941	-4.88203032696199	14.2076161521249
612_CAGCACGAGGCAGCTA	3537	1286	36093191	SRR19573612	Ruberto2022_1	4	2022	Cambodia_Mondulkiri	10x_Chomium_V3	HiSeq X Ten	infected hepatocyte	BioIVT:BGW	Infected host hepatocytes	Liver stage	Cambodia field isolate	5	None	1	612_CAGCACGAGGCAGCTA	Schizont	NA	NA	NA	0	0	0	0	1	1	1	1	0	1	24	Schizont (Liver stage)	1	Asexual 2	4.86097704064863	3.26559251677593	-2.63387061629096	-2.50668561992847	0.861726420670086	-5.97646924668694	6.35929634331557	-2.16901447443481	5.99108141870114	2.51887170603659	-3.30284825564714	6.15145900682737	16.1189446777177	-3.55931084169862	11.9153403472773
612_CAGCACGCAGAGGACT	551	398	36093191	SRR19573612	Ruberto2022_1	4	2022	Cambodia_Mondulkiri	10x_Chomium_V3	HiSeq X Ten	infected hepatocyte	BioIVT:BGW	Infected host hepatocytes	Liver stage	Cambodia field isolate	5	None	1	612_CAGCACGCAGAGGACT	Hypnozoite	NA	NA	NA	0	0	0	0	0	0	1	1	0	1	36	Hypnozoite	0	Asexual 1	3.57698737275617	-0.332955001477398	-2.93863202605048	-3.75588930187427	1.24719698980384	-3.1978196781292	-4.71414064726335	-1.99801680903402	4.19731702464837	-4.96724811813985	-3.00646809637538	5.11098812710783	6.37863199661083	-12.3846748547699	16.2673006997738
612_CAGGGCTAGCCGGATA	314	253	36093191	SRR19573612	Ruberto2022_1	4	2022	Cambodia_Mondulkiri	10x_Chomium_V3	HiSeq X Ten	infected hepatocyte	BioIVT:BGW	Infected host hepatocytes	Liver stage	Cambodia field isolate	5	None	1	612_CAGGGCTAGCCGGATA	Hypnozoite	NA	NA	NA	0	0	0	0	0	0	1	1	0	1	24	Hypnozoite	0	Asexual 1	2.8414517511131	-1.18845671284596	-3.44155479941168	-3.75490272579395	2.03115089490944	-2.63861986810113	-4.62661787862981	-1.99763307631828	2.37927843922081	-4.91801823802405	-2.95694849561183	3.21837954809423	4.57272559922051	-14.5897611720269	13.9884777606305
612_CAGGGCTAGTCCTGCG	296	247	36093191	SRR19573612	Ruberto2022_1	4	2022	Cambodia_Mondulkiri	10x_Chomium_V3	HiSeq X Ten	infected hepatocyte	BioIVT:BGW	Infected host hepatocytes	Liver stage	Cambodia field isolate	5	None	1	612_CAGGGCTAGTCCTGCG	Hypnozoite	NA	NA	NA	0	0	0	0	0	0	1	1	0	1	36	Hypnozoite	0	Asexual 1	2.51435409677045	-2.06844788659016	-3.11054564986029	-3.62373483715259	1.82234581068092	-1.63493200951959	-5.86177452448035	-4.30357830358745	2.989117912483	-5.70173484824754	-4.99715894907404	3.44197459416586	2.18466899433657	-15.996332524067	10.3996999214457
612_CAGTGCGGTCGTGTTA	4276	1653	36093191	SRR19573612	Ruberto2022_1	4	2022	Cambodia_Mondulkiri	10x_Chomium_V3	HiSeq X Ten	infected hepatocyte	BioIVT:BGW	Infected host hepatocytes	Liver stage	Cambodia field isolate	5	None	1	612_CAGTGCGGTCGTGTTA	Schizont	NA	NA	NA	0	0	0	0	1	1	1	1	0	1	24	Schizont (Liver stage)	1	Asexual 2	5.16371666085737	3.5691315544804	-2.83746792349616	-2.23860490856373	0.102425086050564	-6.21984693223382	9.23575197947226	-1.00684779133933	6.63656418827439	5.37503813780076	-1.75648369447817	7.01107206360232	15.7007716522154	-0.180961334996078	11.2780542197363
612_CATACCCAGGTGCTTT	980	683	36093191	SRR19573612	Ruberto2022_1	4	2022	Cambodia_Mondulkiri	10x_Chomium_V3	HiSeq X Ten	infected hepatocyte	BioIVT:BGW	Infected host hepatocytes	Liver stage	Cambodia field isolate	5	None	1	612_CATACCCAGGTGCTTT	Hypnozoite	NA	NA	NA	0	0	0	0	1	1	1	1	0	1	32	Hypnozoite	1	Asexual 2	4.39527498376386	2.62208026778301	-2.36386777434149	-3.03451812801563	1.04005237176948	-4.6017343681469	0.773543010904759	-3.24848494948499	4.44475126768529	-1.30420613775918	-4.40228468808162	4.92500696394399	9.81674220902198	-5.77319291691188	11.1964062359478
612_CATACCCCATGACTCA	48	39	36093191	SRR19573612	Ruberto2022_1	4	2022	Cambodia_Mondulkiri	10x_Chomium_V3	HiSeq X Ten	infected hepatocyte	BioIVT:BGW	Infected host hepatocytes	Liver stage	Cambodia field isolate	5	None	1	612_CATACCCCATGACTCA	Hypnozoite	NA	NA	NA	0	0	0	0	0	0	0	0	1	0	32	Hypnozoite	0	Asexual 1	0.232272001028227	-3.31739336121479	-2.70364977392951	-3.44342768726551	1.94140668466621	1.85153153723334	-11.5931424907049	-3.24014612243371	1.8082661212063	-9.12487101636024	-3.23032351358721	1.80394202707849	-3.71549915079563	-13.5430593201159	-3.9050212916166
612_CATACTTAGCGATCGA	9736	2476	36093191	SRR19573612	Ruberto2022_1	4	2022	Cambodia_Mondulkiri	10x_Chomium_V3	HiSeq X Ten	infected hepatocyte	BioIVT:BGW	Infected host hepatocytes	Liver stage	Cambodia field isolate	5	None	1	612_CATACTTAGCGATCGA	Schizont	NA	NA	NA	0	0	0	0	1	1	1	1	0	1	24	Schizont (Liver stage)	1	Asexual 2	5.33679138314741	3.71332472693523	-2.78725554022589	-1.88022172985279	-0.906816703528828	-5.70738050156976	13.3912106808313	0.190963297113636	6.56742273486838	9.64459434041663	-0.518189307843335	6.52196284718635	14.3754425649424	4.26396209216995	12.6114938337448
612_CATAGACGTCTGTGCG	169	147	36093191	SRR19573612	Ruberto2022_1	4	2022	Cambodia_Mondulkiri	10x_Chomium_V3	HiSeq X Ten	infected hepatocyte	BioIVT:BGW	Infected host hepatocytes	Liver stage	Cambodia field isolate	5	None	1	612_CATAGACGTCTGTGCG	Hypnozoite	NA	NA	NA	0	0	0	0	0	0	0	0	0	0	24	Hypnozoite	0	Asexual 1	1.01355050694959	-2.77300697434346	-3.49364162955084	-3.18303907451832	2.28869517400795	0.456460209547034	-9.02690632563545	-3.69465832639786	2.16791187648328	-6.64024491686127	-3.70282055787346	2.16755032659736	-3.67587397807717	-13.155393878738	4.69460912213804
612_CATAGACTCGGTTCAA	122	95	36093191	SRR19573612	Ruberto2022_1	4	2022	Cambodia_Mondulkiri	10x_Chomium_V3	HiSeq X Ten	infected hepatocyte	BioIVT:BGW	Infected host hepatocytes	Liver stage	Cambodia field isolate	5	None	1	612_CATAGACTCGGTTCAA	Hypnozoite	NA	NA	NA	0	0	0	0	0	0	0	0	1	0	12	Hypnozoite	0	Asexual 1	0.199913235426115	-3.20358091462056	-3.09014822516242	-3.4019991212865	2.45981486394935	1.81793955153083	-10.2383874830963	-3.58251477062788	1.65362494297007	-7.76946255966943	-3.57248343688624	1.64928233253364	-3.78320750101302	-11.817472320236	-1.81975281039269
612_CATCCACAGCGCTTCG	335	247	36093191	SRR19573612	Ruberto2022_1	4	2022	Cambodia_Mondulkiri	10x_Chomium_V3	HiSeq X Ten	infected hepatocyte	BioIVT:BGW	Infected host hepatocytes	Liver stage	Cambodia field isolate	5	None	1	612_CATCCACAGCGCTTCG	Hypnozoite	NA	NA	NA	0	0	0	0	0	0	0	0	0	0	24	Hypnozoite	0	Asexual 1	0.759764539122747	-3.00344687569538	-3.57770778212348	-3.19096434650623	2.66437585905128	-0.103617129863747	-8.10658378039463	-3.3659432525646	1.68504796403583	-5.88493864201245	-3.41292229957825	1.69538660092508	-1.35198047287091	-12.6307027022865	5.36737489763535
612_CATCGGGCAAGCAGGT	2968	1238	36093191	SRR19573612	Ruberto2022_1	4	2022	Cambodia_Mondulkiri	10x_Chomium_V3	HiSeq X Ten	infected hepatocyte	BioIVT:BGW	Infected host hepatocytes	Liver stage	Cambodia field isolate	5	None	1	612_CATCGGGCAAGCAGGT	Schizont	NA	NA	NA	0	0	0	0	1	1	1	1	0	1	36	Schizont (Liver stage)	1	Asexual 2	5.02310882699506	3.41485136878093	-2.75127746138373	-1.88118756351673	0.528747397213512	-6.09530755692864	5.60065290797855	-1.40139426649755	5.66895172959605	1.76371454337033	-2.08225128714844	6.12095190720848	14.2002612864433	-1.78919813588566	9.56103737179135
612_CATCGTCCAAGGGCAT	276	215	36093191	SRR19573612	Ruberto2022_1	4	2022	Cambodia_Mondulkiri	10x_Chomium_V3	HiSeq X Ten	infected hepatocyte	BioIVT:BGW	Infected host hepatocytes	Liver stage	Cambodia field isolate	5	None	1	612_CATCGTCCAAGGGCAT	Schizont	NA	NA	NA	0	0	0	0	0	0	1	1	0	1	36	Schizont (Liver stage)	0	Asexual 1	2.92904053819196	-2.0615213500301	-2.69973398718634	-3.28141511020862	1.23897989347511	-1.6508043687954	-6.7688497601102	-2.13137518281133	3.3434814535781	-6.54034313023224	-2.78608970057689	3.58925023644028	0.132244842894306	-10.4327509558583	11.4703868292637
612_CATCGTCCACCGTACG	407	331	36093191	SRR19573612	Ruberto2022_1	4	2022	Cambodia_Mondulkiri	10x_Chomium_V3	HiSeq X Ten	infected hepatocyte	BioIVT:BGW	Infected host hepatocytes	Liver stage	Cambodia field isolate	5	None	1	612_CATCGTCCACCGTACG	Hypnozoite	NA	NA	NA	0	0	0	0	0	0	1	1	0	1	36	Hypnozoite	0	Asexual 1	3.05928980004804	-0.871787129525341	-3.38849832091132	-3.60277545986377	1.94205625608497	-2.79904028588677	-5.11172342568285	-3.58418875809581	2.23204191551849	-5.42753137401024	-4.55551173243895	3.08845151294125	6.54196363059824	-14.1671285558653	13.3431110004018
612_CATGAGTTCTGATTCT	207	176	36093191	SRR19573612	Ruberto2022_1	4	2022	Cambodia_Mondulkiri	10x_Chomium_V3	HiSeq X Ten	infected hepatocyte	BioIVT:BGW	Infected host hepatocytes	Liver stage	Cambodia field isolate	5	None	1	612_CATGAGTTCTGATTCT	Hypnozoite	NA	NA	NA	0	0	0	0	0	0	0	0	0	0	42	Hypnozoite	0	Asexual 1	0.301691414833235	-3.1845374690334	-2.62390448126593	-3.38943589267933	1.39593704298072	0.565437348543159	-7.80415960650872	-1.61985195114816	1.44724835372474	-5.47839255987841	-1.64411202030359	1.44871223144821	1.07545932655313	-10.1717947247036	2.3253515624952
612_CATGCCTGTAAGTTGA	187	161	36093191	SRR19573612	Ruberto2022_1	4	2022	Cambodia_Mondulkiri	10x_Chomium_V3	HiSeq X Ten	infected hepatocyte	BioIVT:BGW	Infected host hepatocytes	Liver stage	Cambodia field isolate	5	None	1	612_CATGCCTGTAAGTTGA	Hypnozoite	NA	NA	NA	0	0	0	0	0	0	0	0	0	0	24	Hypnozoite	0	Asexual 1	1.40766237866895	-2.96829539406697	-3.69412137541571	-3.41234982547962	2.25280292585426	-0.341405598463067	-7.25833843166032	-1.78784093894479	4.29871241800354	-5.25378078928136	-1.88311683751563	4.33821279039774	1.21838978751231	-14.3286245133945	6.69051597452963
612_CATGCGGGTAACGTTC	309	246	36093191	SRR19573612	Ruberto2022_1	4	2022	Cambodia_Mondulkiri	10x_Chomium_V3	HiSeq X Ten	infected hepatocyte	BioIVT:BGW	Infected host hepatocytes	Liver stage	Cambodia field isolate	5	None	1	612_CATGCGGGTAACGTTC	Hypnozoite	NA	NA	NA	0	0	0	0	0	0	1	1	0	1	36	Hypnozoite	0	Asexual 1	2.80820499551313	-1.73472291100422	-3.31591583761969	-3.2500010782262	2.21347506597572	-2.24746522122765	-6.85586372506504	-1.34715729444895	2.40923722043765	-6.88245652153464	-2.17207507546078	3.09876166560281	7.36937749693357	-16.0981706327899	11.9520818788896
612_CATGGTAAGCAACAAT	684	475	36093191	SRR19573612	Ruberto2022_1	4	2022	Cambodia_Mondulkiri	10x_Chomium_V3	HiSeq X Ten	infected hepatocyte	BioIVT:BGW	Infected host hepatocytes	Liver stage	Cambodia field isolate	5	None	1	612_CATGGTAAGCAACAAT	Hypnozoite	NA	NA	NA	0	0	0	0	0	0	1	1	0	1	36	Hypnozoite	0	Asexual 1	3.25538049829023	-0.114000259522594	-2.88964201483527	-3.75004351673328	0.831047433167034	-3.10426565820123	-2.64847466644883	-1.91913878020403	3.25388590263109	-2.86149627407583	-2.92483147144008	4.10648505638542	3.8769341181821	-9.59569964109739	15.4578181184066
612_CATGGTAAGGCATGCA	3226	1309	36093191	SRR19573612	Ruberto2022_1	4	2022	Cambodia_Mondulkiri	10x_Chomium_V3	HiSeq X Ten	infected hepatocyte	BioIVT:BGW	Infected host hepatocytes	Liver stage	Cambodia field isolate	5	None	1	612_CATGGTAAGGCATGCA	Schizont	NA	NA	NA	0	0	0	0	1	1	1	1	0	1	36	Schizont (Liver stage)	1	Asexual 2	4.98233400475995	3.37086337935527	-2.72242023024359	-2.64718425808155	0.664773124008709	-5.90868016892815	6.5967755138048	-2.0718565470852	5.69794436418178	2.69924615945668	-3.20106684556824	5.85080002046285	15.3152580644999	-3.18172968290894	12.0214387362257
612_CATTCATCACGTCTCT	56	47	36093191	SRR19573612	Ruberto2022_1	4	2022	Cambodia_Mondulkiri	10x_Chomium_V3	HiSeq X Ten	infected hepatocyte	BioIVT:BGW	Infected host hepatocytes	Liver stage	Cambodia field isolate	5	None	1	612_CATTCATCACGTCTCT	Hypnozoite	NA	NA	NA	0	0	0	0	0	0	0	0	1	0	36	Hypnozoite	0	Asexual 1	0.168695220768618	-3.56420212853352	-3.0438985970954	-3.36156905231678	2.3552821452909	1.88524344748115	-11.820539547257	-3.03610895840249	2.34312714102756	-9.34081240922053	-3.02356267560535	2.33806420306783	-5.48032599342797	-13.2407256801816	-4.80460822415703
612_CATTCCGAGATAGTCA	3167	1396	36093191	SRR19573612	Ruberto2022_1	4	2022	Cambodia_Mondulkiri	10x_Chomium_V3	HiSeq X Ten	infected hepatocyte	BioIVT:BGW	Infected host hepatocytes	Liver stage	Cambodia field isolate	5	None	1	612_CATTCCGAGATAGTCA	Schizont	NA	NA	NA	0	0	0	0	1	1	1	1	0	1	36	Schizont (Liver stage)	1	Asexual 2	5.27036319863813	3.63097447287639	-2.81910969290534	-0.594556217767827	-0.197408256382412	-6.30406018906976	6.52338892508196	-1.32274636872729	7.13095824397536	4.92806279436604	-0.437082768353219	8.17025450448179	14.4124745162357	4.31953249540066	5.55445042202533
612_CATTCTAGTTAGGGTG	102	91	36093191	SRR19573612	Ruberto2022_1	4	2022	Cambodia_Mondulkiri	10x_Chomium_V3	HiSeq X Ten	infected hepatocyte	BioIVT:BGW	Infected host hepatocytes	Liver stage	Cambodia field isolate	5	None	1	612_CATTCTAGTTAGGGTG	Hypnozoite	NA	NA	NA	0	0	0	0	0	0	0	0	0	0	36	Hypnozoite	0	Asexual 1	0.974711643576788	-3.20031887162129	-3.30276896033087	-2.93138135013782	2.24980052068763	0.32004645651435	-10.3820153623723	-4.27167964596455	2.78726644869969	-8.01531250006801	-4.28461485961983	2.78748519715019	-3.4458825015547	-17.1928700086562	5.3570679179012
612_CATTCTATCACTGTTT	645	475	36093191	SRR19573612	Ruberto2022_1	4	2022	Cambodia_Mondulkiri	10x_Chomium_V3	HiSeq X Ten	infected hepatocyte	BioIVT:BGW	Infected host hepatocytes	Liver stage	Cambodia field isolate	5	None	1	612_CATTCTATCACTGTTT	Hypnozoite	NA	NA	NA	0	0	0	0	0	0	1	1	0	1	36	Hypnozoite	0	Asexual 1	3.42906724107282	0.231810273047291	-3.13150431189337	-3.6707774454137	1.25099499776893	-3.96643730813409	-0.800561013774822	-2.64592272559502	3.50586359162063	-1.3367150578383	-3.70493225322512	4.35422512309698	5.78445506840699	-10.7990154444024	14.6423864762638
612_CATTGTTGTACCTAAC	30	26	36093191	SRR19573612	Ruberto2022_1	4	2022	Cambodia_Mondulkiri	10x_Chomium_V3	HiSeq X Ten	infected hepatocyte	BioIVT:BGW	Infected host hepatocytes	Liver stage	Cambodia field isolate	5	None	1	612_CATTGTTGTACCTAAC	Hypnozoite	NA	NA	NA	0	0	0	0	0	0	0	0	1	0	32	Hypnozoite	0	Asexual 1	-0.298481209158732	-3.40320807564656	-3.01001073393622	-3.20973122654163	2.69295962408119	2.98013690298652	-11.4840810020607	-2.29504173611037	1.65366501863055	-8.99197053385087	-2.27948825042834	1.64772090258622	-5.06600697046681	-11.4201387802396	-7.89880344470425
612_CATTGTTTCTTGGAAC	628	472	36093191	SRR19573612	Ruberto2022_1	4	2022	Cambodia_Mondulkiri	10x_Chomium_V3	HiSeq X Ten	infected hepatocyte	BioIVT:BGW	Infected host hepatocytes	Liver stage	Cambodia field isolate	5	None	1	612_CATTGTTTCTTGGAAC	Hypnozoite	NA	NA	NA	0	0	0	0	0	0	1	1	0	1	24	Hypnozoite	0	Asexual 1	3.43409238946454	-0.297814606312908	-3.10591293844977	-3.34796560344898	1.10361238077217	-3.10395428353692	-3.50959359736845	-2.56318277932032	3.28344839724725	-3.6672346649493	-3.5099175853594	3.96689348830433	5.21156707090329	-9.97516396167335	14.3773286335479
612_CATTTCAAGGAAACGA	774	568	36093191	SRR19573612	Ruberto2022_1	4	2022	Cambodia_Mondulkiri	10x_Chomium_V3	HiSeq X Ten	infected hepatocyte	BioIVT:BGW	Infected host hepatocytes	Liver stage	Cambodia field isolate	5	None	1	612_CATTTCAAGGAAACGA	Hypnozoite	NA	NA	NA	0	0	0	0	1	1	1	1	0	1	32	Hypnozoite	1	Asexual 2	3.87302528512494	3.92821067702373	-1.08662702116767	0.172268508247503	0.780129926949077	-6.13471242600823	-0.0715249228312681	-2.749606962192	2.95993030575547	-0.418158889528522	-1.55995735995833	4.77692365905924	8.11157796625566	0.321051993176687	1.91012304500032
612_CCAATGAAGGAACATT	202	188	36093191	SRR19573612	Ruberto2022_1	4	2022	Cambodia_Mondulkiri	10x_Chomium_V3	HiSeq X Ten	infected hepatocyte	BioIVT:BGW	Infected host hepatocytes	Liver stage	Cambodia field isolate	5	None	1	612_CCAATGAAGGAACATT	Hypnozoite	NA	NA	NA	0	0	0	0	0	0	0	0	6	6	24	Hypnozoite	0	Asexual 1	-3.25979532110674	-1.73460203278462	-2.61042954001227	-4.22113907871448	-0.609559339732594	1.21849778479194	-7.16789731703131	-2.27778577743847	1.71116065890647	-4.83314591079254	-2.30502977909708	1.70667882433071	-10.0395304287089	-5.80464433942939	-17.7780249787477
612_CCAATTTTCAACCGAT	4705	1610	36093191	SRR19573612	Ruberto2022_1	4	2022	Cambodia_Mondulkiri	10x_Chomium_V3	HiSeq X Ten	infected hepatocyte	BioIVT:BGW	Infected host hepatocytes	Liver stage	Cambodia field isolate	5	None	1	612_CCAATTTTCAACCGAT	Schizont	NA	NA	NA	0	0	0	0	1	1	1	1	0	1	24	Schizont (Liver stage)	1	Asexual 2	5.11222969186323	3.49340242278179	-2.80234815153876	-2.43937600193226	0.269861149340206	-5.86626788789178	8.33800249364367	-1.79695490934429	6.79365559480662	4.4774439834763	-2.81527086675857	7.00106616973196	14.5591626090304	-0.98052420805001	11.9650915916778
612_CCACAAACATGACTAC	460	353	36093191	SRR19573612	Ruberto2022_1	4	2022	Cambodia_Mondulkiri	10x_Chomium_V3	HiSeq X Ten	infected hepatocyte	BioIVT:BGW	Infected host hepatocytes	Liver stage	Cambodia field isolate	5	None	1	612_CCACAAACATGACTAC	Hypnozoite	NA	NA	NA	0	0	0	0	0	0	1	1	0	1	36	Hypnozoite	0	Asexual 1	1.7193609346153	-2.17220789063374	-3.6271448281745	-3.01340497074329	0.895560639648968	-1.88710221463586	-4.00445449790513	-2.57054432521861	2.23051678423051	-3.82726271848099	-3.32516556894546	2.51309386917744	0.105003846197593	-6.37763145083099	10.5337729857783
612_CCACACTCATTGGATC	552	443	36093191	SRR19573612	Ruberto2022_1	4	2022	Cambodia_Mondulkiri	10x_Chomium_V3	HiSeq X Ten	infected hepatocyte	BioIVT:BGW	Infected host hepatocytes	Liver stage	Cambodia field isolate	5	None	1	612_CCACACTCATTGGATC	Hypnozoite	NA	NA	NA	0	0	0	0	0	0	1	1	0	1	36	Hypnozoite	0	Asexual 1	3.31338392388837	-0.153163789395489	-3.15778304610053	-4.05828869877063	1.01504965379768	-3.61166760140801	-2.60322405599657	-3.42801230286778	3.15804035992241	-2.75741015487172	-4.42960371769673	4.02904373875235	4.64974643546142	-10.2891738349066	15.7976832551022
612_CCACGAGGTTAACCTG	516	425	36093191	SRR19573612	Ruberto2022_1	4	2022	Cambodia_Mondulkiri	10x_Chomium_V3	HiSeq X Ten	infected hepatocyte	BioIVT:BGW	Infected host hepatocytes	Liver stage	Cambodia field isolate	5	None	1	612_CCACGAGGTTAACCTG	Hypnozoite	NA	NA	NA	0	0	0	0	0	0	1	1	0	1	36	Hypnozoite	0	Asexual 1	3.49626361024396	-0.380356846932568	-3.0567467359046	-2.91223633823597	-0.0857437302178804	-2.73817607575799	-2.09262844699416	-1.56973290822099	1.1714824386139	-1.99090991503727	-2.43326145810427	1.43652408180413	0.580410190947542	-3.86906239617323	13.7651304614684
612_CCACGTTCAGAGTCAG	66	61	36093191	SRR19573612	Ruberto2022_1	4	2022	Cambodia_Mondulkiri	10x_Chomium_V3	HiSeq X Ten	infected hepatocyte	BioIVT:BGW	Infected host hepatocytes	Liver stage	Cambodia field isolate	5	None	1	612_CCACGTTCAGAGTCAG	Hypnozoite	NA	NA	NA	0	0	0	0	0	0	0	0	1	0	32	Hypnozoite	0	Asexual 1	-0.352834923147989	-3.17526179421345	-2.976387992237	-3.06198633251392	2.12016399457985	2.70965698546027	-11.8287000689043	-3.26306189635003	0.961445857375285	-9.32940297974433	-3.24580557824122	0.954908322650781	-4.90021969457036	-11.9935437916066	-6.53964570592897
612_CCATCACCATAATCCG	56	38	36093191	SRR19573612	Ruberto2022_1	4	2022	Cambodia_Mondulkiri	10x_Chomium_V3	HiSeq X Ten	infected hepatocyte	BioIVT:BGW	Infected host hepatocytes	Liver stage	Cambodia field isolate	5	None	1	612_CCATCACCATAATCCG	Hypnozoite	NA	NA	NA	0	0	0	0	0	0	0	0	1	0	36	Hypnozoite	0	Asexual 1	-0.538012040734125	-3.17519360649983	-2.9272108224372	-3.40112603244983	2.71195180967384	2.91666296309089	-11.8570219566022	-2.96987274959277	0.706969102073633	-9.35805162099524	-2.95282150988272	0.700599478578141	-5.56107001702257	-7.97265952326435	-6.58743132349935
612_CCCATTGAGATGGTCG	492	390	36093191	SRR19573612	Ruberto2022_1	4	2022	Cambodia_Mondulkiri	10x_Chomium_V3	HiSeq X Ten	infected hepatocyte	BioIVT:BGW	Infected host hepatocytes	Liver stage	Cambodia field isolate	5	None	1	612_CCCATTGAGATGGTCG	Hypnozoite	NA	NA	NA	0	0	0	0	0	0	1	1	0	1	24	Hypnozoite	0	Asexual 1	3.17417846810834	-0.884694276932873	-3.24729157957831	-3.58200634060108	1.60742767408424	-3.22678014451409	-3.56199323565603	-2.96231906033894	4.17434640546734	-3.88911177110765	-3.9727122908414	5.08016613909758	5.52362580664359	-12.7770030595997	13.8918661349719
612_CCCATTGTCCTCACCA	290	243	36093191	SRR19573612	Ruberto2022_1	4	2022	Cambodia_Mondulkiri	10x_Chomium_V3	HiSeq X Ten	infected hepatocyte	BioIVT:BGW	Infected host hepatocytes	Liver stage	Cambodia field isolate	5	None	1	612_CCCATTGTCCTCACCA	Hypnozoite	NA	NA	NA	0	0	0	0	0	0	0	0	0	0	36	Hypnozoite	0	Asexual 1	1.79833971154706	-1.97101765740315	-3.45893861326972	-3.40593016681873	1.86358388021522	-0.429301297308453	-7.10156553889731	-2.16530936897226	3.13038945004425	-5.10239221456808	-2.26966484479645	3.16929264387005	-4.08833220042303	-13.3257362804427	7.12165263478964
612_CCCGAAGCACACGGAA	104	90	36093191	SRR19573612	Ruberto2022_1	4	2022	Cambodia_Mondulkiri	10x_Chomium_V3	HiSeq X Ten	infected hepatocyte	BioIVT:BGW	Infected host hepatocytes	Liver stage	Cambodia field isolate	5	None	1	612_CCCGAAGCACACGGAA	Hypnozoite	NA	NA	NA	0	0	0	0	0	0	0	0	1	0	32	Hypnozoite	0	Asexual 1	-0.453034175515009	-3.27532201874653	-2.98162628683844	-3.76939213810169	2.47133715704017	2.13267329519843	-10.2208939617139	-2.99007401427377	0.53900348687633	-7.7393875326622	-2.97704966449346	0.533776167011901	-0.510529187501717	-13.1769332310102	-3.82464132247563
612_CCCGAAGGTAGCTTTG	89	79	36093191	SRR19573612	Ruberto2022_1	4	2022	Cambodia_Mondulkiri	10x_Chomium_V3	HiSeq X Ten	infected hepatocyte	BioIVT:BGW	Infected host hepatocytes	Liver stage	Cambodia field isolate	5	None	1	612_CCCGAAGGTAGCTTTG	Hypnozoite	NA	NA	NA	0	0	0	0	0	0	0	0	1	0	12	Hypnozoite	0	Asexual 1	0.678223835349249	-3.31683689225117	-3.54392792258063	-2.98257339534961	2.93955429151588	1.27875343149757	-10.5362858680781	-4.30775193635288	1.80481343581417	-8.07441281343604	-4.29928425763234	1.80070530669675	-6.56297330781776	-16.0117480239886	2.08379247458808
612_CCCGGAAAGGCTCACC	11122	2589	36093191	SRR19573612	Ruberto2022_1	4	2022	Cambodia_Mondulkiri	10x_Chomium_V3	HiSeq X Ten	infected hepatocyte	BioIVT:BGW	Infected host hepatocytes	Liver stage	Cambodia field isolate	5	None	1	612_CCCGGAAAGGCTCACC	Schizont	NA	NA	NA	0	0	0	0	1	1	1	1	0	1	24	Schizont (Liver stage)	1	Asexual 2	5.34643493783491	3.71355813872417	-2.86100365195075	-1.96509516773426	-0.733656210154957	-5.88913747483636	14.2382055273181	-1.08375627402773	7.16897529793288	10.8191689643383	-1.88084824354592	7.31063710576919	14.8392236253837	3.90281181787131	12.659916168763
612_CCCGGAACATGAGATA	390	289	36093191	SRR19573612	Ruberto2022_1	4	2022	Cambodia_Mondulkiri	10x_Chomium_V3	HiSeq X Ten	infected hepatocyte	BioIVT:BGW	Infected host hepatocytes	Liver stage	Cambodia field isolate	5	None	1	612_CCCGGAACATGAGATA	Hypnozoite	NA	NA	NA	0	0	0	0	0	0	1	1	0	1	36	Hypnozoite	0	Asexual 1	1.8495882619621	-2.29672700035969	-3.59824754271308	-2.7234581762334	1.18738349035316	-1.71737882310296	-5.77113895077859	-3.19403452989015	2.1061705010035	-4.97751144580844	-3.66846954844132	2.2442086685856	-0.119617000489089	-6.99759875152951	11.0595017929335
612_CCCGGAATCTCGTGAA	552	433	36093191	SRR19573612	Ruberto2022_1	4	2022	Cambodia_Mondulkiri	10x_Chomium_V3	HiSeq X Ten	infected hepatocyte	BioIVT:BGW	Infected host hepatocytes	Liver stage	Cambodia field isolate	5	None	1	612_CCCGGAATCTCGTGAA	Hypnozoite	NA	NA	NA	0	0	0	0	0	0	1	1	0	1	36	Hypnozoite	0	Asexual 1	3.58068953645246	-0.474011360291637	-2.93831016096869	-3.61377418575489	1.35108240202003	-3.14922305756951	-3.59890978916725	-3.69190200043297	2.10385090426354	-3.82902543681364	-4.70317663868945	3.02371761575457	7.38270070466323	-13.7213944300488	16.675952561584
612_CCCTCTCTCGTGGCGT	3134	1363	36093191	SRR19573612	Ruberto2022_1	4	2022	Cambodia_Mondulkiri	10x_Chomium_V3	HiSeq X Ten	infected hepatocyte	BioIVT:BGW	Infected host hepatocytes	Liver stage	Cambodia field isolate	5	None	1	612_CCCTCTCTCGTGGCGT	Schizont	NA	NA	NA	0	0	0	0	1	1	1	1	0	1	24	Schizont (Liver stage)	1	Asexual 2	5.05244194161908	3.44552773367962	-2.75299741301337	-3.23975575504505	0.466709869652325	-5.25186511689568	5.8854848061416	-1.68396755931552	6.02724795782152	2.42743650674052	-2.90726374349068	6.16689614123219	14.5141121086793	-3.1027259186503	15.0784875660976
612_CCCTGATCAGCGGTTC	6152	1629	36093191	SRR19573612	Ruberto2022_1	4	2022	Cambodia_Mondulkiri	10x_Chomium_V3	HiSeq X Ten	infected hepatocyte	BioIVT:BGW	Infected host hepatocytes	Liver stage	Cambodia field isolate	5	None	1	612_CCCTGATCAGCGGTTC	Schizont	NA	NA	NA	0	0	0	0	1	1	1	1	0	1	36	Schizont (Liver stage)	1	Asexual 2	4.82278476846235	3.22311681639751	-2.61015583548346	-2.56914365825855	0.968903260975414	-5.86970349961663	6.20301961140039	-2.77333662864989	6.49672179757281	2.34833076903506	-3.91917406520189	6.64921838424242	16.2413469308808	-3.58321312877929	12.0228274083927
612_CCCTGATGTTACCCTC	113	91	36093191	SRR19573612	Ruberto2022_1	4	2022	Cambodia_Mondulkiri	10x_Chomium_V3	HiSeq X Ten	infected hepatocyte	BioIVT:BGW	Infected host hepatocytes	Liver stage	Cambodia field isolate	5	None	1	612_CCCTGATGTTACCCTC	Hypnozoite	NA	NA	NA	0	0	0	0	0	0	0	0	1	0	36	Hypnozoite	0	Asexual 1	0.199829893231558	-3.33286434281269	-3.29335881743231	-3.4188722425481	2.85788496091896	1.66247204130744	-10.5299963706001	-2.74156112751909	1.71730715757706	-8.0463869904157	-2.72799976881462	1.7119165460062	-5.7034933325657	-13.8612499309397	-0.52101407672561
612_CCCTTAGTCATCTGTT	291	216	36093191	SRR19573612	Ruberto2022_1	4	2022	Cambodia_Mondulkiri	10x_Chomium_V3	HiSeq X Ten	infected hepatocyte	BioIVT:BGW	Infected host hepatocytes	Liver stage	Cambodia field isolate	5	None	1	612_CCCTTAGTCATCTGTT	Hypnozoite	NA	NA	NA	0	0	0	0	0	0	0	0	0	0	36	Hypnozoite	0	Asexual 1	0.689188825011419	-3.06544142830769	-3.10658504042426	-3.44100511608326	1.85699363306099	0.0838874298915779	-7.0360702445992	-2.81323941302849	2.99133348834794	-4.81475061418585	-2.86317167545066	3.00406935604408	-0.626219346539158	-12.1700735704195	3.98643209982468
612_CCGTAGGCAGTGTATC	696	526	36093191	SRR19573612	Ruberto2022_1	4	2022	Cambodia_Mondulkiri	10x_Chomium_V3	HiSeq X Ten	infected hepatocyte	BioIVT:BGW	Infected host hepatocytes	Liver stage	Cambodia field isolate	5	None	1	612_CCGTAGGCAGTGTATC	Hypnozoite	NA	NA	NA	0	0	0	0	0	0	1	1	0	1	36	Hypnozoite	0	Asexual 1	3.24655328881757	-0.361780582551159	-3.28802014860907	-4.09701645908558	1.49429436281257	-3.58050891572381	-1.52355468866633	-4.42161120602734	3.17819381251592	-1.79287666022758	-5.45062391571392	4.1039525279735	6.08277006298911	-11.6507043649627	14.7582324472008
612_CCGTTCAGTAGTTCCA	150	126	36093191	SRR19573612	Ruberto2022_1	4	2022	Cambodia_Mondulkiri	10x_Chomium_V3	HiSeq X Ten	infected hepatocyte	BioIVT:BGW	Infected host hepatocytes	Liver stage	Cambodia field isolate	5	None	1	612_CCGTTCAGTAGTTCCA	Schizont	NA	NA	NA	0	0	0	0	0	0	0	0	0	0	24	Schizont (Liver stage)	0	Asexual 1	0.903183804869818	-2.84872704613606	-3.46930004629889	-3.32477987346851	2.32499631002479	0.0715524274692451	-8.92338072944995	-3.23434800217976	3.12621338588579	-6.63788705455161	-3.2652919136183	3.13172296070215	-2.26819203714529	-13.9903631496353	4.97500214502891
612_CCTACGTAGTCATAGA	204	181	36093191	SRR19573612	Ruberto2022_1	4	2022	Cambodia_Mondulkiri	10x_Chomium_V3	HiSeq X Ten	infected hepatocyte	BioIVT:BGW	Infected host hepatocytes	Liver stage	Cambodia field isolate	5	None	1	612_CCTACGTAGTCATAGA	Hypnozoite	NA	NA	NA	0	0	0	0	0	0	0	0	0	0	6	Hypnozoite	0	Asexual 1	1.27368937623517	-2.87280899155537	-2.84355355772772	-3.53451264438831	1.59693832948738	-0.516660740615376	-6.97118790843323	-3.11310067808797	1.61806678639855	-5.01439734937033	-3.2313169408413	1.65383665495458	-0.13405733812327	-12.5986228310229	4.98350815127739
612_CCTCAACCAGTGTGGA	367	274	36093191	SRR19573612	Ruberto2022_1	4	2022	Cambodia_Mondulkiri	10x_Chomium_V3	HiSeq X Ten	infected hepatocyte	BioIVT:BGW	Infected host hepatocytes	Liver stage	Cambodia field isolate	5	None	1	612_CCTCAACCAGTGTGGA	Hypnozoite	NA	NA	NA	0	0	0	0	0	0	0	0	0	0	24	Hypnozoite	0	Asexual 1	1.68949948441999	-2.2418614016811	-3.56003381285468	-3.3028746896764	1.26478965833717	-1.10420360976601	-6.82147527604912	-3.88171641562719	4.21579019356879	-5.82484147080696	-4.27320881529244	4.31175513027431	0.842665405875595	-13.7399614588303	7.73600315573634
612_CCTCACAAGCGACAGT	3505	1327	36093191	SRR19573612	Ruberto2022_1	4	2022	Cambodia_Mondulkiri	10x_Chomium_V3	HiSeq X Ten	infected hepatocyte	BioIVT:BGW	Infected host hepatocytes	Liver stage	Cambodia field isolate	5	None	1	612_CCTCACAAGCGACAGT	Schizont	NA	NA	NA	0	0	0	0	1	1	1	1	0	1	24	Schizont (Liver stage)	1	Asexual 2	4.86718307626264	3.26926607024273	-2.62264491591254	-2.51676452694141	0.864857750683361	-5.68680211717034	4.98903178016438	-3.27809183076465	5.28167256925417	1.18041209442535	-4.39203366432697	5.46249675487605	13.7915658444316	-3.38070978583514	10.9417804580568
612_CCTCAGTTCTTAGGAC	8795	2191	36093191	SRR19573612	Ruberto2022_1	4	2022	Cambodia_Mondulkiri	10x_Chomium_V3	HiSeq X Ten	infected hepatocyte	BioIVT:BGW	Infected host hepatocytes	Liver stage	Cambodia field isolate	5	None	1	612_CCTCAGTTCTTAGGAC	Schizont	NA	NA	NA	0	0	0	0	1	1	1	1	0	1	24	Schizont (Liver stage)	1	Asexual 2	5.10730301034467	3.54685443770488	-2.73474957022467	-2.50831282673084	-0.0902416569001142	-6.18892022782708	11.0001518435175	-1.04013300513529	7.57313553544754	7.07193166618221	-1.92886794655333	7.75750059824256	16.4205511904161	1.77365466456198	12.7538642448327
612_CCTCCAAAGAGCAGAA	241	197	36093191	SRR19573612	Ruberto2022_1	4	2022	Cambodia_Mondulkiri	10x_Chomium_V3	HiSeq X Ten	infected hepatocyte	BioIVT:BGW	Infected host hepatocytes	Liver stage	Cambodia field isolate	5	None	1	612_CCTCCAAAGAGCAGAA	Hypnozoite	NA	NA	NA	0	0	0	0	0	0	0	0	0	0	12	Hypnozoite	0	Asexual 1	-0.0181433986423742	-3.35671740639607	-3.23274661574164	-3.19219744739734	2.9325698192411	0.658245356737128	-8.25075824366724	-2.02456348097162	1.82438078775068	-5.83384915264611	-2.02572317847028	1.82273425965376	-0.0268027077184831	-9.43170481446559	-1.61142841887028
612_CCTCCAAGTCACAATC	1029	748	36093191	SRR19573612	Ruberto2022_1	4	2022	Cambodia_Mondulkiri	10x_Chomium_V3	HiSeq X Ten	infected hepatocyte	BioIVT:BGW	Infected host hepatocytes	Liver stage	Cambodia field isolate	5	None	1	612_CCTCCAAGTCACAATC	Hypnozoite	NA	NA	NA	0	1	2	2	2	2	2	2	2	2	36	Hypnozoite	2	Female gametocyte	4.78295408380048	3.41080898177227	-2.20409394774237	-0.67994231519901	-3.68701021120018	-3.03492256814385	3.19661405446618	-3.95994372241456	4.46984362774094	4.3516379955225	-4.69193978736019	4.50555751720601	-2.74081036006206	7.94920071312324	4.48972990127021
612_CCTCTAGGTTACGTAC	169	111	36093191	SRR19573612	Ruberto2022_1	4	2022	Cambodia_Mondulkiri	10x_Chomium_V3	HiSeq X Ten	infected hepatocyte	BioIVT:BGW	Infected host hepatocytes	Liver stage	Cambodia field isolate	5	None	1	612_CCTCTAGGTTACGTAC	Hypnozoite	NA	NA	NA	0	0	0	0	0	0	0	0	1	0	12	Hypnozoite	0	Asexual 1	0.33000917923467	-3.44996005165974	-3.38984538588324	-3.24489677486622	2.96943910673194	1.49070027655219	-9.72390521008542	-3.88943245395898	1.41454084980787	-7.27234018460666	-3.88312421522637	1.41096308343224	-4.11008149676431	-9.63424737484594	-2.03955103187016
612_CCTCTCCAGCACCCAC	7287	2078	36093191	SRR19573612	Ruberto2022_1	4	2022	Cambodia_Mondulkiri	10x_Chomium_V3	HiSeq X Ten	infected hepatocyte	BioIVT:BGW	Infected host hepatocytes	Liver stage	Cambodia field isolate	5	None	1	612_CCTCTCCAGCACCCAC	Schizont	NA	NA	NA	0	0	0	0	1	1	1	1	0	1	24	Schizont (Liver stage)	1	Asexual 2	4.97996936929242	3.50399512183269	-2.64585305723944	-2.72288740215503	0.192461597471767	-6.23604079896355	11.7581326537749	-1.75903601141781	6.71906757039193	7.95532336041339	-2.68941658637836	6.97674355536945	18.3879024117763	-0.871843819129357	13.5482907047731
612_CCTGCATTCATTTCCA	3932	1543	36093191	SRR19573612	Ruberto2022_1	4	2022	Cambodia_Mondulkiri	10x_Chomium_V3	HiSeq X Ten	infected hepatocyte	BioIVT:BGW	Infected host hepatocytes	Liver stage	Cambodia field isolate	5	None	1	612_CCTGCATTCATTTCCA	Schizont	NA	NA	NA	0	0	0	0	1	1	1	1	0	1	24	Schizont (Liver stage)	1	Asexual 2	5.12907205712812	3.51907485854229	-2.78903390440741	-2.51771700916492	-0.0735701613879863	-5.63043901139642	8.14103080523031	-2.72955623479356	6.28798928172793	4.250523045294	-3.71157666541343	6.40157259384823	13.1760307425092	-0.444702601364953	12.8421668137376
612_CCTTGTGGTCCGGATC	267	211	36093191	SRR19573612	Ruberto2022_1	4	2022	Cambodia_Mondulkiri	10x_Chomium_V3	HiSeq X Ten	infected hepatocyte	BioIVT:BGW	Infected host hepatocytes	Liver stage	Cambodia field isolate	5	None	1	612_CCTTGTGGTCCGGATC	Hypnozoite	NA	NA	NA	0	0	0	0	0	0	0	0	0	0	36	Hypnozoite	0	Asexual 1	1.27208231580274	-3.00714021790425	-3.81122256789008	-3.18008602199756	2.64313800886207	-0.533626390637406	-6.10066565998242	-3.09318775572507	2.96833578160546	-4.01966482216352	-3.17715925270565	3.01269452399275	-2.13471792373235	-13.4427761104892	6.10519439882794
612_CCTTGTGGTCTTAGTG	413	351	36093191	SRR19573612	Ruberto2022_1	4	2022	Cambodia_Mondulkiri	10x_Chomium_V3	HiSeq X Ten	infected hepatocyte	BioIVT:BGW	Infected host hepatocytes	Liver stage	Cambodia field isolate	5	None	1	612_CCTTGTGGTCTTAGTG	Hypnozoite	NA	NA	NA	0	0	0	0	0	0	1	1	0	1	24	Hypnozoite	0	Asexual 1	3.08417974603193	-0.958185135010876	-3.21230222258368	-2.92411125240528	0.366321223526531	-2.3720723074093	-3.99138968274563	-3.17962200657116	3.39835052316572	-3.94276921169169	-3.95219267157469	3.43410506433641	1.04625944945505	-4.79542090514671	12.5299502217604
612_CCTTGTGGTGAGCTCC	78	30	36093191	SRR19573612	Ruberto2022_1	4	2022	Cambodia_Mondulkiri	10x_Chomium_V3	HiSeq X Ten	infected hepatocyte	BioIVT:BGW	Infected host hepatocytes	Liver stage	Cambodia field isolate	5	None	1	612_CCTTGTGGTGAGCTCC	Hypnozoite	NA	NA	NA	0	0	0	0	0	0	0	0	1	0	24	Hypnozoite	0	Asexual 1	-0.353909684300257	-3.37697869408528	-3.07149626288214	-3.15206730900013	2.39717848852211	2.98517874067878	-11.808757694837	-3.24670421430227	1.72070026462117	-9.31018761799381	-3.22976512484986	1.71440976955366	-6.41689797671966	-11.7185599041009	-6.11589674134576
612_CGAAGGATCAAGAAAC	5234	1704	36093191	SRR19573612	Ruberto2022_1	4	2022	Cambodia_Mondulkiri	10x_Chomium_V3	HiSeq X Ten	infected hepatocyte	BioIVT:BGW	Infected host hepatocytes	Liver stage	Cambodia field isolate	5	None	1	612_CGAAGGATCAAGAAAC	Schizont	NA	NA	NA	0	0	0	0	1	1	1	1	0	1	36	Schizont (Liver stage)	1	Asexual 2	5.0819257367851	3.46705168616375	-2.78263284239569	-2.63236511287891	0.160699742584759	-5.92671939546014	9.32747847542435	-3.32378834914766	6.83173880331733	5.86692146132777	-4.47428117093116	6.99760653621063	16.7755348605704	-0.769367434126946	13.3178610275592
612_CGAAGTTAGGATACGC	328	272	36093191	SRR19573612	Ruberto2022_1	4	2022	Cambodia_Mondulkiri	10x_Chomium_V3	HiSeq X Ten	infected hepatocyte	BioIVT:BGW	Infected host hepatocytes	Liver stage	Cambodia field isolate	5	None	1	612_CGAAGTTAGGATACGC	Hypnozoite	NA	NA	NA	0	0	0	0	0	0	0	0	0	0	12	Hypnozoite	0	Asexual 1	1.04427181375043	-2.29331976044575	-3.24590159926215	-3.94583857593738	1.16151769712501	-0.135890601219186	-6.25318147103545	-2.34712300216219	2.18508650505446	-4.35611668070622	-2.48884213306534	2.24496504101221	0.182543244194831	-12.0945172745802	4.77252085862625
612_CGAATTGCAGTGCGCT	37	33	36093191	SRR19573612	Ruberto2022_1	4	2022	Cambodia_Mondulkiri	10x_Chomium_V3	HiSeq X Ten	infected hepatocyte	BioIVT:BGW	Infected host hepatocytes	Liver stage	Cambodia field isolate	5	None	1	612_CGAATTGCAGTGCGCT	Hypnozoite	NA	NA	NA	0	0	0	0	0	0	0	0	1	0	32	Hypnozoite	0	Asexual 1	0.0777562335582246	-3.10284000504414	-3.36290074858466	-2.85919488010608	2.48615654066139	1.97252705877875	-11.4779720455845	-3.39587784489607	2.17266558173206	-8.98828691683495	-3.38093093657324	2.16692028016474	-10.8072154684646	-12.9644091872987	-3.23839047590161
612_CGACAGCAGGTTCATC	255	204	36093191	SRR19573612	Ruberto2022_1	4	2022	Cambodia_Mondulkiri	10x_Chomium_V3	HiSeq X Ten	infected hepatocyte	BioIVT:BGW	Infected host hepatocytes	Liver stage	Cambodia field isolate	5	None	1	612_CGACAGCAGGTTCATC	Hypnozoite	NA	NA	NA	0	0	0	0	0	0	0	0	0	0	36	Hypnozoite	0	Asexual 1	1.466448413253	-2.62740641701619	-3.68223239455023	-3.12133181629383	2.41077430799537	-0.128211108984002	-6.41617794769671	-3.48784716408379	2.15943023514756	-4.26321589643793	-3.55318793201273	2.18189096981721	-1.85761055438125	-12.959086315226	5.82782589965792
612_CGACAGCGTTGGGAAC	347	280	36093191	SRR19573612	Ruberto2022_1	4	2022	Cambodia_Mondulkiri	10x_Chomium_V3	HiSeq X Ten	infected hepatocyte	BioIVT:BGW	Infected host hepatocytes	Liver stage	Cambodia field isolate	5	None	1	612_CGACAGCGTTGGGAAC	Hypnozoite	NA	NA	NA	0	0	0	0	0	0	1	1	0	1	24	Hypnozoite	0	Asexual 1	2.2230983842613	-2.60421758759419	-3.33872963461676	-3.38929808674061	1.85071762159401	-1.53197499925042	-6.95993565451339	-2.48701249886343	1.93997788253528	-6.31980779478057	-3.01997999997924	2.27857923151303	1.01567471207182	-15.2209600116083	9.56761423770059
612_CGAGGAACAAGCGAAC	3986	1323	36093191	SRR19573612	Ruberto2022_1	4	2022	Cambodia_Mondulkiri	10x_Chomium_V3	HiSeq X Ten	infected hepatocyte	BioIVT:BGW	Infected host hepatocytes	Liver stage	Cambodia field isolate	5	None	1	612_CGAGGAACAAGCGAAC	Schizont	NA	NA	NA	0	0	0	0	1	1	1	1	0	1	36	Schizont (Liver stage)	1	Asexual 2	4.74129043710248	3.13578313719829	-2.53512240919867	-2.59658897457325	0.992814975529247	-5.5988070648327	4.52265846351815	-3.28888937526899	6.93346058688331	0.749638977561212	-4.46080268288098	7.08194092167774	15.793710827423	-3.99790869526529	11.9504790879553
612_CGAGTGCAGGGAACAA	618	492	36093191	SRR19573612	Ruberto2022_1	4	2022	Cambodia_Mondulkiri	10x_Chomium_V3	HiSeq X Ten	infected hepatocyte	BioIVT:BGW	Infected host hepatocytes	Liver stage	Cambodia field isolate	5	None	1	612_CGAGTGCAGGGAACAA	Hypnozoite	NA	NA	NA	0	0	0	0	0	0	1	1	0	1	36	Hypnozoite	0	Asexual 1	4.10676084649579	1.78215283286174	-1.7992069867591	-2.7539016061803	-0.352174383849568	-3.18726655656243	-0.689168291670183	-2.72277309057337	2.96830990391691	-0.552894584317678	-3.58475345445891	3.26073821505481	2.19142519674976	-2.21427930227848	14.5729550334236
612_CGAGTGCGTTCCAGGC	429	313	36093191	SRR19573612	Ruberto2022_1	4	2022	Cambodia_Mondulkiri	10x_Chomium_V3	HiSeq X Ten	infected hepatocyte	BioIVT:BGW	Infected host hepatocytes	Liver stage	Cambodia field isolate	5	None	1	612_CGAGTGCGTTCCAGGC	Hypnozoite	NA	NA	NA	0	0	0	0	0	0	1	1	0	1	36	Hypnozoite	0	Asexual 1	2.2753432859184	-1.91199761498372	-3.70795775923529	-3.66956151066028	1.86499376848274	-1.92335352116967	-4.99201639040758	-2.51595529329035	2.15673287406099	-4.90622007572929	-3.26318400813022	2.7310502054325	2.5387398894734	-15.1596593433895	11.4506721020429
612_CGAGTGCTCTGGGATT	284	232	36093191	SRR19573612	Ruberto2022_1	4	2022	Cambodia_Mondulkiri	10x_Chomium_V3	HiSeq X Ten	infected hepatocyte	BioIVT:BGW	Infected host hepatocytes	Liver stage	Cambodia field isolate	5	None	1	612_CGAGTGCTCTGGGATT	Hypnozoite	NA	NA	NA	0	0	0	0	0	0	0	0	0	0	24	Hypnozoite	0	Asexual 1	1.10638390672223	-2.90898090470234	-3.76042605910102	-2.9125200563451	2.71301515653663	0.045607866703025	-8.09554044571819	-2.79079836929451	2.72585619273986	-5.83273735127566	-2.82726856772303	2.73493155392783	-1.28903923842944	-12.7516834339473	4.93793579308212
612_CGATGGCCAATTGGTC	218	168	36093191	SRR19573612	Ruberto2022_1	4	2022	Cambodia_Mondulkiri	10x_Chomium_V3	HiSeq X Ten	infected hepatocyte	BioIVT:BGW	Infected host hepatocytes	Liver stage	Cambodia field isolate	5	None	1	612_CGATGGCCAATTGGTC	Hypnozoite	NA	NA	NA	0	0	0	0	0	0	0	0	0	0	24	Hypnozoite	0	Asexual 1	1.15842686784284	-2.46315127480427	-3.30182124647894	-3.55630934772693	2.08013327673011	-0.00342875534439929	-8.11572458652889	-2.40714594524949	2.93394178377371	-6.01224238570297	-2.47988044866224	2.95742235220004	-0.978904658230273	-11.4774742802799	3.26296591187909
612_CGCAGGTTCATTCGGA	248	201	36093191	SRR19573612	Ruberto2022_1	4	2022	Cambodia_Mondulkiri	10x_Chomium_V3	HiSeq X Ten	infected hepatocyte	BioIVT:BGW	Infected host hepatocytes	Liver stage	Cambodia field isolate	5	None	1	612_CGCAGGTTCATTCGGA	Hypnozoite	NA	NA	NA	0	0	0	0	0	0	0	0	0	0	24	Hypnozoite	0	Asexual 1	1.4373420346977	-2.43604856598774	-3.43761421713629	-3.8982001596471	1.68733497217231	-0.131373493017205	-6.0254717476756	-3.10954667058683	2.39603050738146	-4.10986537066308	-3.24002209407394	2.45102199088174	-0.0237889086981806	-13.0831357007255	5.18152979598873
612_CGCATGGAGGTCCCGT	125	115	36093191	SRR19573612	Ruberto2022_1	4	2022	Cambodia_Mondulkiri	10x_Chomium_V3	HiSeq X Ten	infected hepatocyte	BioIVT:BGW	Infected host hepatocytes	Liver stage	Cambodia field isolate	5	None	1	612_CGCATGGAGGTCCCGT	Hypnozoite	NA	NA	NA	0	0	0	0	0	0	0	0	0	0	36	Hypnozoite	0	Asexual 1	-0.0697100441454183	-2.70598655808369	-2.62925054106513	-2.53082407055103	1.70033462598854	0.0525333303794777	-8.63446255555616	-2.25997689720447	2.8779332819694	-6.32590180850038	-2.29317383859326	2.87598079481053	1.63307888513976	-3.42267396530488	0.537455544417957
612_CGCCAGAAGGGCAATC	249	199	36093191	SRR19573612	Ruberto2022_1	4	2022	Cambodia_Mondulkiri	10x_Chomium_V3	HiSeq X Ten	infected hepatocyte	BioIVT:BGW	Infected host hepatocytes	Liver stage	Cambodia field isolate	5	None	1	612_CGCCAGAAGGGCAATC	Hypnozoite	NA	NA	NA	0	0	0	0	0	0	0	0	0	0	36	Hypnozoite	0	Asexual 1	1.49818633687513	-2.53678732979695	-3.84363318953314	-2.72212160167896	2.82845075681739	-0.210161713899621	-6.95170255141262	-3.92292482370073	2.75377940447431	-4.6140181618301	-3.94383226092426	2.76301336758268	-2.07144049214224	-13.4272867781168	5.26968667262583
612_CGCCATTGTATGGAAT	794	597	36093191	SRR19573612	Ruberto2022_1	4	2022	Cambodia_Mondulkiri	10x_Chomium_V3	HiSeq X Ten	infected hepatocyte	BioIVT:BGW	Infected host hepatocytes	Liver stage	Cambodia field isolate	5	None	1	612_CGCCATTGTATGGAAT	Hypnozoite	NA	NA	NA	0	0	0	0	1	1	1	1	0	1	36	Hypnozoite	1	Asexual 2	4.11795650613325	2.25366491210064	-1.72005487952033	-1.77808237610065	-0.702950519771046	-3.91709849053765	-0.905084809405974	-2.57255298716081	2.3427404393786	-0.839524904381639	-3.20331726663436	2.70639732871828	3.864704898091	2.3753268180005	9.32413725922879
612_CGCCATTTCCATTGTT	4555	1728	36093191	SRR19573612	Ruberto2022_1	4	2022	Cambodia_Mondulkiri	10x_Chomium_V3	HiSeq X Ten	infected hepatocyte	BioIVT:BGW	Infected host hepatocytes	Liver stage	Cambodia field isolate	5	None	1	612_CGCCATTTCCATTGTT	Schizont	NA	NA	NA	0	0	0	0	1	1	1	1	0	1	24	Schizont (Liver stage)	1	Asexual 2	5.27790151727216	3.66580027472576	-2.76551581892768	-1.79539263782703	-0.620077890605396	-5.94706556016351	8.40226278769698	-1.02735602143013	5.19610882774787	4.47358018357863	-1.69835991731479	5.30732885752839	13.5891451104938	2.79470341163221	11.5266542729635
612_CGGAATTTCCTTCGAC	5412	1650	36093191	SRR19573612	Ruberto2022_1	4	2022	Cambodia_Mondulkiri	10x_Chomium_V3	HiSeq X Ten	infected hepatocyte	BioIVT:BGW	Infected host hepatocytes	Liver stage	Cambodia field isolate	5	None	1	612_CGGAATTTCCTTCGAC	Schizont	NA	NA	NA	0	0	0	0	1	1	1	1	0	1	36	Schizont (Liver stage)	1	Asexual 2	4.89739500176923	3.31979030501445	-2.65584541830817	-2.74244154033863	0.802990215569073	-5.81511518174554	6.63859142841792	-1.72162092946704	6.40815971835297	2.78097053257556	-2.87957492341349	6.54687554578063	15.9655559547972	-3.44006519864075	12.5218080131584
612_CGGAATTTCTAAGAAG	6214	1876	36093191	SRR19573612	Ruberto2022_1	4	2022	Cambodia_Mondulkiri	10x_Chomium_V3	HiSeq X Ten	infected hepatocyte	BioIVT:BGW	Infected host hepatocytes	Liver stage	Cambodia field isolate	5	None	1	612_CGGAATTTCTAAGAAG	Schizont	NA	NA	NA	0	0	0	0	1	1	1	1	0	1	24	Schizont (Liver stage)	1	Asexual 2	5.12427745950239	3.50754231345256	-2.80733276877204	-2.30510008869373	-0.00808648884362618	-6.09345695191766	9.73992381982093	-0.904892356717571	7.14144607667256	5.82338267284961	-1.76959843221119	7.4120946755464	15.8290282655885	0.348968789258783	12.1207809792965
612_CGGACACTCCCGAACG	8286	2209	36093191	SRR19573612	Ruberto2022_1	4	2022	Cambodia_Mondulkiri	10x_Chomium_V3	HiSeq X Ten	infected hepatocyte	BioIVT:BGW	Infected host hepatocytes	Liver stage	Cambodia field isolate	5	None	1	612_CGGACACTCCCGAACG	Schizont	NA	NA	NA	0	0	0	0	1	1	1	1	0	1	32	Schizont (Liver stage)	1	Asexual 2	5.31966816079633	3.70035117995342	-2.83169271025458	-2.0562275701543	-0.752167565078205	-5.8075039070263	11.9061522744311	-1.54054977412827	7.3626909191203	7.97303250923263	-2.56253396528619	7.28278558325095	14.5701816579264	3.36030669447423	12.6732806017506
612_CGGGACTAGGATGGCT	185	163	36093191	SRR19573612	Ruberto2022_1	4	2022	Cambodia_Mondulkiri	10x_Chomium_V3	HiSeq X Ten	infected hepatocyte	BioIVT:BGW	Infected host hepatocytes	Liver stage	Cambodia field isolate	5	None	1	612_CGGGACTAGGATGGCT	Hypnozoite	NA	NA	NA	0	0	0	0	0	0	0	0	0	0	24	Hypnozoite	0	Asexual 1	-0.192777765869928	-2.48904186356465	-2.51957108053961	-3.10483182010852	1.14581318452888	0.67551782911872	-8.16565992574006	-4.06862756102057	1.88252048889267	-5.87510988543485	-4.10662807932516	1.88151041091959	1.14502568323641	-7.88008576849123	1.44171368042452
612_CGGGACTGTCACTACA	598	450	36093191	SRR19573612	Ruberto2022_1	4	2022	Cambodia_Mondulkiri	10x_Chomium_V3	HiSeq X Ten	infected hepatocyte	BioIVT:BGW	Infected host hepatocytes	Liver stage	Cambodia field isolate	5	None	1	612_CGGGACTGTCACTACA	Hypnozoite	NA	NA	NA	0	0	0	0	0	0	1	1	0	1	24	Hypnozoite	0	Asexual 1	3.36944972169416	-0.128053246621288	-3.16801930937567	-3.5386129671117	1.35368819788032	-3.40264841729546	-2.89648819853321	-3.20702866864779	3.02130655483152	-3.18883991689825	-4.2348174626546	3.92195087386271	5.53216184265339	-11.0232303784021	14.8898939721766
612_CGGGCATAGTTAGTAG	521	419	36093191	SRR19573612	Ruberto2022_1	4	2022	Cambodia_Mondulkiri	10x_Chomium_V3	HiSeq X Ten	infected hepatocyte	BioIVT:BGW	Infected host hepatocytes	Liver stage	Cambodia field isolate	5	None	1	612_CGGGCATAGTTAGTAG	Hypnozoite	NA	NA	NA	0	0	0	0	0	0	1	1	0	1	36	Hypnozoite	0	Asexual 1	3.29815827500837	-0.376120744828381	-3.23542071852484	-3.74539983806812	1.31951637819343	-3.5652730148449	-2.62979751138074	-2.74680575898228	4.72720361658306	-2.88340868866228	-3.76919874752877	5.63070370891837	5.30603394317621	-11.1753497186997	14.8082723179554
612_CGGGCATGTGAAGCGT	99	92	36093191	SRR19573612	Ruberto2022_1	4	2022	Cambodia_Mondulkiri	10x_Chomium_V3	HiSeq X Ten	infected hepatocyte	BioIVT:BGW	Infected host hepatocytes	Liver stage	Cambodia field isolate	5	None	1	612_CGGGCATGTGAAGCGT	Hypnozoite	NA	NA	NA	0	0	0	0	0	0	0	0	0	0	24	Hypnozoite	0	Asexual 1	1.05796466958539	-3.09064847100178	-3.22673632178107	-3.39817250309192	2.72363408163124	0.648684652505866	-9.59693469616503	-3.15815371452771	2.40894282302686	-7.18737116825194	-3.16136520407806	2.40759712956292	-3.21072595121604	-13.7054351861362	3.55346391036392
612_CGGGTGTGTGATACCT	468	349	36093191	SRR19573612	Ruberto2022_1	4	2022	Cambodia_Mondulkiri	10x_Chomium_V3	HiSeq X Ten	infected hepatocyte	BioIVT:BGW	Infected host hepatocytes	Liver stage	Cambodia field isolate	5	None	1	612_CGGGTGTGTGATACCT	Hypnozoite	NA	NA	NA	0	0	0	0	0	0	1	1	0	1	24	Hypnozoite	0	Asexual 1	2.82194553506391	-0.975013910416759	-3.46176530394354	-3.49181926784717	1.89312429979377	-2.58314201051141	-4.55084269469348	-3.66942626586623	2.90068844341344	-4.83721258883527	-4.63357957559265	3.73535980474607	6.03599957597131	-13.3204973378923	12.3766796185405
612_CGTAAGTGTTCAAACC	4748	1576	36093191	SRR19573612	Ruberto2022_1	4	2022	Cambodia_Mondulkiri	10x_Chomium_V3	HiSeq X Ten	infected hepatocyte	BioIVT:BGW	Infected host hepatocytes	Liver stage	Cambodia field isolate	5	None	1	612_CGTAAGTGTTCAAACC	Schizont	NA	NA	NA	0	0	0	0	1	1	1	1	0	1	36	Schizont (Liver stage)	1	Asexual 2	5.11622081887739	3.47640150916179	-2.82037879500189	-2.2963661008855	0.342972981482082	-6.03471395188714	7.08544698906936	-1.61933591877797	6.84908483821681	3.17553304351573	-2.5237356499766	7.1396594438939	15.7443098688311	-0.553949380440272	11.5627223130364
612_CGTAATGCAAACACCT	492	385	36093191	SRR19573612	Ruberto2022_1	4	2022	Cambodia_Mondulkiri	10x_Chomium_V3	HiSeq X Ten	infected hepatocyte	BioIVT:BGW	Infected host hepatocytes	Liver stage	Cambodia field isolate	5	None	1	612_CGTAATGCAAACACCT	Hypnozoite	NA	NA	NA	0	0	0	0	0	0	1	1	0	1	36	Hypnozoite	0	Asexual 1	2.7542787660362	-1.31583160031239	-3.43674756560126	-3.79220498142444	1.45408924177223	-2.94545718842889	-3.03214546664396	-2.18278353305242	2.31631536099607	-3.25137796153929	-3.17761625224647	3.17111649567708	4.76457439835216	-12.1901052643405	13.470850833912
612_CGTCCATCAGTCGGTC	56	52	36093191	SRR19573612	Ruberto2022_1	4	2022	Cambodia_Mondulkiri	10x_Chomium_V3	HiSeq X Ten	infected hepatocyte	BioIVT:BGW	Infected host hepatocytes	Liver stage	Cambodia field isolate	5	None	1	612_CGTCCATCAGTCGGTC	Hypnozoite	NA	NA	NA	0	0	0	0	0	0	0	0	1	0	32	Hypnozoite	0	Asexual 1	-0.0530392881034147	-3.44811183083455	-3.09857775244513	-3.33030427036487	2.61864955976539	2.32892945593452	-10.4703153018601	-2.63607887979269	1.01904654795325	-7.98850288804293	-2.62296593278074	1.01386053375657	-4.2741970881305	-10.0563442295734	-3.95503186653588
612_CGTGATACAGTTAAAG	265	220	36093191	SRR19573612	Ruberto2022_1	4	2022	Cambodia_Mondulkiri	10x_Chomium_V3	HiSeq X Ten	infected hepatocyte	BioIVT:BGW	Infected host hepatocytes	Liver stage	Cambodia field isolate	5	None	1	612_CGTGATACAGTTAAAG	Hypnozoite	NA	NA	NA	0	0	0	0	0	0	0	0	0	0	36	Hypnozoite	0	Asexual 1	1.83933125627057	-2.28271347153584	-3.5351984647254	-3.25454557476246	1.91808577135139	-0.628923935832032	-6.40215020004287	-3.82830209664376	2.81297708343418	-4.90731569874341	-4.08458961537604	2.92413192306147	0.240294250607865	-13.7576639644975	7.42778898140459
612_CGTTCTGAGTTTAGGA	371	303	36093191	SRR19573612	Ruberto2022_1	4	2022	Cambodia_Mondulkiri	10x_Chomium_V3	HiSeq X Ten	infected hepatocyte	BioIVT:BGW	Infected host hepatocytes	Liver stage	Cambodia field isolate	5	None	1	612_CGTTCTGAGTTTAGGA	Hypnozoite	NA	NA	NA	0	0	0	0	0	0	1	1	0	1	36	Hypnozoite	0	Asexual 1	2.0361037124397	-2.18145328629414	-3.55624391112128	-3.53339303074085	1.80506690099769	-1.95691844636346	-4.14162754561922	-3.03958033118916	2.47230263526939	-3.94674152566564	-3.73238601678351	2.95230455246433	0.636189324445048	-14.6791648311028	9.3189034799185
612_CGTTCTGGTGATACAA	322	272	36093191	SRR19573612	Ruberto2022_1	4	2022	Cambodia_Mondulkiri	10x_Chomium_V3	HiSeq X Ten	infected hepatocyte	BioIVT:BGW	Infected host hepatocytes	Liver stage	Cambodia field isolate	5	None	1	612_CGTTCTGGTGATACAA	Hypnozoite	NA	NA	NA	0	0	0	0	0	0	0	0	0	0	24	Hypnozoite	0	Asexual 1	1.03298036944883	-3.04935175049702	-3.50899864706793	-3.16575253544056	2.44179041936927	-0.145862666906365	-6.80518653819686	-3.35258611327659	1.24549658841984	-4.57488299278537	-3.39811168339113	1.2572565652275	-1.07430153097694	-12.702814609624	5.3967615881226
612_CTAAGTGAGTTGAAAC	5153	1684	36093191	SRR19573612	Ruberto2022_1	4	2022	Cambodia_Mondulkiri	10x_Chomium_V3	HiSeq X Ten	infected hepatocyte	BioIVT:BGW	Infected host hepatocytes	Liver stage	Cambodia field isolate	5	None	1	612_CTAAGTGAGTTGAAAC	Schizont	NA	NA	NA	0	0	0	0	1	1	1	1	0	1	24	Schizont (Liver stage)	1	Asexual 2	5.21973501336591	3.59897297751506	-2.80606390509406	-0.88563192424976	-0.11622310921616	-6.54528876954461	9.08908733675423	-1.61203775914762	5.80885233129024	6.46872543460744	-1.05182408077631	6.768415022848	15.6019387123945	3.91064683052825	6.91913034234519
612_CTACCCAGTCATAACC	6412	1880	36093191	SRR19573612	Ruberto2022_1	4	2022	Cambodia_Mondulkiri	10x_Chomium_V3	HiSeq X Ten	infected hepatocyte	BioIVT:BGW	Infected host hepatocytes	Liver stage	Cambodia field isolate	5	None	1	612_CTACCCAGTCATAACC	Schizont	NA	NA	NA	0	0	0	0	1	1	1	1	0	1	24	Schizont (Liver stage)	1	Asexual 2	5.09922300469892	3.49229163062175	-2.78632999930182	-2.6144448572179	0.217462408094936	-5.86315128022576	8.44890557573945	-2.02165247451644	7.38376670470773	4.50544525057638	-3.10903071990605	7.53296066226451	16.3383392318115	-0.685408873431972	13.2516212009862
612_CTACCCATCACGTAGT	82	71	36093191	SRR19573612	Ruberto2022_1	4	2022	Cambodia_Mondulkiri	10x_Chomium_V3	HiSeq X Ten	infected hepatocyte	BioIVT:BGW	Infected host hepatocytes	Liver stage	Cambodia field isolate	5	None	1	612_CTACCCATCACGTAGT	Hypnozoite	NA	NA	NA	0	0	0	0	0	0	0	0	1	0	36	Hypnozoite	0	Asexual 1	0.104129454165863	-3.37035399544636	-3.21306420836249	-3.70602167186939	2.72353966787391	2.0710201579914	-10.2359112900806	-3.053964646618	2.22710034207097	-7.7549240857303	-3.04102512356153	2.22191885694652	-4.89603197713616	-12.9929661199285	-1.17002375837663
612_CTATAGGCATCAGTCA	537	411	36093191	SRR19573612	Ruberto2022_1	4	2022	Cambodia_Mondulkiri	10x_Chomium_V3	HiSeq X Ten	infected hepatocyte	BioIVT:BGW	Infected host hepatocytes	Liver stage	Cambodia field isolate	5	None	1	612_CTATAGGCATCAGTCA	Hypnozoite	NA	NA	NA	0	0	0	0	0	0	1	1	0	1	36	Hypnozoite	0	Asexual 1	3.63872681748884	-0.135039685849346	-3.05196262869635	-3.58568275509082	1.67700369909339	-3.53833696061517	-3.94915317860734	-2.53751474952982	2.5845335100216	-4.21680841614908	-3.55540057063263	3.51365604576309	6.66394514201993	-13.1083690244609	14.2149902924007
612_CTATAGGGTGTGATGG	817	576	36093191	SRR19573612	Ruberto2022_1	4	2022	Cambodia_Mondulkiri	10x_Chomium_V3	HiSeq X Ten	infected hepatocyte	BioIVT:BGW	Infected host hepatocytes	Liver stage	Cambodia field isolate	5	None	1	612_CTATAGGGTGTGATGG	Hypnozoite	NA	NA	NA	0	0	0	0	0	0	1	1	0	1	32	Hypnozoite	0	Asexual 1	4.31622873437421	2.24455922972759	-2.37460853133002	-3.67056358394825	1.01519735410743	-4.20783254319573	-0.16432610944377	-2.67019727110135	5.55966167126377	-0.983682603926203	-3.75535408865728	6.33751923531746	10.4348927218626	-7.39558028078088	15.9085665921253
612_CTCAACCGTTCTGAGT	621	460	36093191	SRR19573612	Ruberto2022_1	4	2022	Cambodia_Mondulkiri	10x_Chomium_V3	HiSeq X Ten	infected hepatocyte	BioIVT:BGW	Infected host hepatocytes	Liver stage	Cambodia field isolate	5	None	1	612_CTCAACCGTTCTGAGT	Hypnozoite	NA	NA	NA	0	0	0	0	1	1	1	1	0	1	24	Hypnozoite	1	Asexual 2	3.25868855607526	-0.193558155182995	-3.17519737753668	0.322182962916263	1.14097638681465	-5.14205094987298	-2.21544654441868	-2.58906445576101	2.90248300889249	-2.46039961855288	-1.41983072689349	5.0863208062761	7.22418516773787	0.142770718517671	0.0382312952607271
612_CTCAAGAAGAGCAACC	3425	1404	36093191	SRR19573612	Ruberto2022_1	4	2022	Cambodia_Mondulkiri	10x_Chomium_V3	HiSeq X Ten	infected hepatocyte	BioIVT:BGW	Infected host hepatocytes	Liver stage	Cambodia field isolate	5	None	1	612_CTCAAGAAGAGCAACC	Schizont	NA	NA	NA	0	0	0	0	1	1	1	1	0	1	24	Schizont (Liver stage)	1	Asexual 2	5.07867942941205	3.46468466651043	-2.78468419585028	-2.66127503452503	0.305733072310024	-5.4042303245678	6.31741205886257	-1.94228419582275	6.96457727711689	2.49724434161147	-3.11206838201095	7.07509851276427	13.9506308786897	-1.97015268936973	13.1649245928443
612_CTCAATTGTCCGGTCA	156	124	36093191	SRR19573612	Ruberto2022_1	4	2022	Cambodia_Mondulkiri	10x_Chomium_V3	HiSeq X Ten	infected hepatocyte	BioIVT:BGW	Infected host hepatocytes	Liver stage	Cambodia field isolate	5	None	1	612_CTCAATTGTCCGGTCA	Hypnozoite	NA	NA	NA	0	0	0	0	0	0	0	0	1	0	36	Hypnozoite	0	Asexual 1	-0.398206336378885	-3.13960057366291	-2.87866045508185	-3.42877734241687	3.22353442266517	3.42757013624763	-9.36221555432648	-2.97681858524921	1.16990882066525	-6.89283125959994	-2.96655288887292	1.16518244318213	1.61970024527474	-9.24708163824878	-3.976133204403
612_CTCAGGGAGAAATTCG	585	360	36093191	SRR19573612	Ruberto2022_1	4	2022	Cambodia_Mondulkiri	10x_Chomium_V3	HiSeq X Ten	infected hepatocyte	BioIVT:BGW	Infected host hepatocytes	Liver stage	Cambodia field isolate	5	None	1	612_CTCAGGGAGAAATTCG	Hypnozoite	NA	NA	NA	0	0	0	0	1	1	1	1	0	1	24	Hypnozoite	1	Asexual 2	-4.69558013784869	-0.801496802453197	-2.97881127867499	-0.163257485010258	-0.958903235644764	-4.17069884950066	-3.34884503791831	1.44649716510051	1.49270091653694	-1.72721964531217	1.66470518543571	2.81366960937693	-3.22642891584309	2.16297872956567	0.550413146288337
612_CTCAGGGGTCCTGTTC	3504	1432	36093191	SRR19573612	Ruberto2022_1	4	2022	Cambodia_Mondulkiri	10x_Chomium_V3	HiSeq X Ten	infected hepatocyte	BioIVT:BGW	Infected host hepatocytes	Liver stage	Cambodia field isolate	5	None	1	612_CTCAGGGGTCCTGTTC	Schizont	NA	NA	NA	0	0	0	0	1	1	1	1	0	1	36	Schizont (Liver stage)	1	Asexual 2	5.07465158593671	3.46257633101543	-2.7767915872077	-2.67719829616748	0.18053044632011	-5.71054383927728	7.2993538954885	-1.41621324487103	5.81993507663456	3.3883689297787	-2.55657209521537	5.93381242629915	14.2728689734128	-1.46179266044491	13.2924544095872
612_CTCATCGAGTAGTGCG	449	347	36093191	SRR19573612	Ruberto2022_1	4	2022	Cambodia_Mondulkiri	10x_Chomium_V3	HiSeq X Ten	infected hepatocyte	BioIVT:BGW	Infected host hepatocytes	Liver stage	Cambodia field isolate	5	None	1	612_CTCATCGAGTAGTGCG	Hypnozoite	NA	NA	NA	0	0	0	0	0	0	1	1	0	1	24	Hypnozoite	0	Asexual 1	2.72230492723005	-1.3930802928249	-3.55142714056769	-2.91098058757984	1.09601266935402	-2.37770828420068	-4.40723090666378	-3.49958950997864	3.38389108192643	-4.54073864628123	-4.35435385658284	3.83232377048552	0.918409857180866	-7.32850836521332	12.485318067966
612_CTCATCGGTCTGTGCG	495	413	36093191	SRR19573612	Ruberto2022_1	4	2022	Cambodia_Mondulkiri	10x_Chomium_V3	HiSeq X Ten	infected hepatocyte	BioIVT:BGW	Infected host hepatocytes	Liver stage	Cambodia field isolate	5	None	1	612_CTCATCGGTCTGTGCG	Hypnozoite	NA	NA	NA	0	0	0	0	0	0	1	1	0	1	36	Hypnozoite	0	Asexual 1	3.10480915200727	-0.563496409539379	-3.36314679655829	-3.88400853214466	1.50558419778877	-3.01622554475213	-3.16491989533845	-2.64124244053656	3.14052739905197	-3.6411276715748	-3.65950112563329	3.98560521514102	5.80620343114313	-11.857067580806	13.2726957367467
612_CTCCACAGTATTTCTC	211	149	36093191	SRR19573612	Ruberto2022_1	4	2022	Cambodia_Mondulkiri	10x_Chomium_V3	HiSeq X Ten	infected hepatocyte	BioIVT:BGW	Infected host hepatocytes	Liver stage	Cambodia field isolate	5	None	1	612_CTCCACAGTATTTCTC	Hypnozoite	NA	NA	NA	0	0	0	0	0	0	0	0	1	0	24	Hypnozoite	0	Asexual 1	0.33552579772489	-3.1470447169582	-3.40772201094428	-3.09360516605579	2.73452551916175	1.50704923456763	-9.12384423420284	-3.69522092185373	2.00746606843013	-6.67202686808697	-3.68894484436157	2.00387677459556	-2.41661413642724	-12.4367122594388	3.0320326209183
612_CTCCATGGTAGGACCA	842	636	36093191	SRR19573612	Ruberto2022_1	4	2022	Cambodia_Mondulkiri	10x_Chomium_V3	HiSeq X Ten	infected hepatocyte	BioIVT:BGW	Infected host hepatocytes	Liver stage	Cambodia field isolate	5	None	1	612_CTCCATGGTAGGACCA	Hypnozoite	NA	NA	NA	0	0	0	0	1	1	1	1	0	1	36	Hypnozoite	1	Asexual 2	4.17573295724408	2.15142566096386	-2.01533319029608	-0.911807661630742	-1.10072378560967	-4.17543431931878	0.39317652689721	-2.35282312211354	3.37941026459693	0.983981072026748	-2.56057763041483	4.15124457140578	3.78474262132864	4.24673655973134	7.43739967974801
612_CTCCCAATCGGTCGGT	382	291	36093191	SRR19573612	Ruberto2022_1	4	2022	Cambodia_Mondulkiri	10x_Chomium_V3	HiSeq X Ten	infected hepatocyte	BioIVT:BGW	Infected host hepatocytes	Liver stage	Cambodia field isolate	5	None	1	612_CTCCCAATCGGTCGGT	Hypnozoite	NA	NA	NA	0	0	0	0	0	0	0	0	0	0	36	Hypnozoite	0	Asexual 1	1.80062626492994	-2.29104047882954	-3.79783441099921	-3.21090567646228	2.39273436620765	-1.60061260873223	-5.45975205334052	-2.72187403482627	2.36827948134152	-4.1178698283428	-3.03656245915375	2.60907933785171	-1.21539069458805	-13.1392430993012	6.39067370890433
612_CTCTCGATCATGCCCT	3536	1362	36093191	SRR19573612	Ruberto2022_1	4	2022	Cambodia_Mondulkiri	10x_Chomium_V3	HiSeq X Ten	infected hepatocyte	BioIVT:BGW	Infected host hepatocytes	Liver stage	Cambodia field isolate	5	None	1	612_CTCTCGATCATGCCCT	Schizont	NA	NA	NA	0	0	0	0	1	1	1	1	0	1	36	Schizont (Liver stage)	1	Asexual 2	4.87142454278486	3.35706299674114	-2.59080721411505	-2.47767723140918	0.706822651176983	-6.01966878587151	6.53171961195503	-2.61368926225076	6.54076265612315	2.65265165364417	-3.59483243572299	6.80307001150836	16.0585221817488	-2.66170666036416	11.5293816939307
612_CTGAATGAGTCGCCCA	13145	2597	36093191	SRR19573612	Ruberto2022_1	4	2022	Cambodia_Mondulkiri	10x_Chomium_V3	HiSeq X Ten	infected hepatocyte	BioIVT:BGW	Infected host hepatocytes	Liver stage	Cambodia field isolate	5	None	1	612_CTGAATGAGTCGCCCA	Schizont	NA	NA	NA	0	0	0	0	1	1	1	1	0	1	24	Schizont (Liver stage)	1	Asexual 2	5.16962705743329	3.57216566931804	-2.80783821615973	-2.2760487848302	-0.261708495468563	-6.14060851746941	12.0642469100956	-0.677032937721728	6.78377003382944	7.99157316105542	-1.52516181215936	6.97050832687419	16.4178588415045	2.0313580336791	12.7415764117962
612_CTGAATGTCGGTCTAA	2564	1179	36093191	SRR19573612	Ruberto2022_1	4	2022	Cambodia_Mondulkiri	10x_Chomium_V3	HiSeq X Ten	infected hepatocyte	BioIVT:BGW	Infected host hepatocytes	Liver stage	Cambodia field isolate	5	None	1	612_CTGAATGTCGGTCTAA	Schizont	NA	NA	NA	0	0	0	0	1	1	1	1	0	1	36	Schizont (Liver stage)	1	Asexual 2	4.92341886651533	3.31487816702922	-2.69897724661627	-3.00026524601185	0.81850035741859	-5.3503915947094	4.66214823850872	-1.93897872234083	6.93043976206133	1.1230355906739	-3.14616744110383	7.08485035759767	14.3382677067605	-4.54226031197497	13.5609616589569
612_CTGAATGTCTTCCGTG	52	23	36093191	SRR19573612	Ruberto2022_1	4	2022	Cambodia_Mondulkiri	10x_Chomium_V3	HiSeq X Ten	infected hepatocyte	BioIVT:BGW	Infected host hepatocytes	Liver stage	Cambodia field isolate	5	None	1	612_CTGAATGTCTTCCGTG	Hypnozoite	NA	NA	NA	0	0	0	0	0	0	0	0	1	0	24	Hypnozoite	0	Asexual 1	-0.530259681820704	-3.20185690987507	-3.03238464865485	-2.79118598041736	2.28150542333656	3.36648872679328	-12.2271823457877	-3.3085936376446	1.10166953760208	-9.72267263014463	-3.29011501552567	1.09468134235788	-11.2336417674524	-11.1934847186058	-7.00470537441325
612_CTGAGCGAGCTAAACA	1096	729	36093191	SRR19573612	Ruberto2022_1	4	2022	Cambodia_Mondulkiri	10x_Chomium_V3	HiSeq X Ten	infected hepatocyte	BioIVT:BGW	Infected host hepatocytes	Liver stage	Cambodia field isolate	5	None	1	612_CTGAGCGAGCTAAACA	Hypnozoite	NA	NA	NA	0	1	2	2	2	2	2	2	2	2	36	Hypnozoite	2	Female gametocyte	4.69333063256757	3.16837543379863	-2.37104274306098	-1.03301966724598	-3.67659131929345	-3.33158084565545	1.71556755133168	-2.41351991813809	2.85423835315107	3.07983827114305	-3.61232301910687	3.18707638503949	-2.31751223077455	7.51607481527905	4.24187695267026
612_CTGAGGCAGAGAGCAA	10780	2289	36093191	SRR19573612	Ruberto2022_1	4	2022	Cambodia_Mondulkiri	10x_Chomium_V3	HiSeq X Ten	infected hepatocyte	BioIVT:BGW	Infected host hepatocytes	Liver stage	Cambodia field isolate	5	None	1	612_CTGAGGCAGAGAGCAA	Schizont	NA	NA	NA	0	0	0	0	1	1	1	1	0	1	36	Schizont (Liver stage)	1	Asexual 2	5.12845741403119	3.52813404929241	-2.79785253081122	-2.50246918735706	0.0369030486040648	-6.10306188279534	10.4853502387452	-1.06002856080933	7.49088624194971	6.51766304089749	-2.03188401456909	7.69458823608898	16.7321785872483	0.579077872547798	12.9184885526484
612_CTGAGGCCAGCAGTTT	469	372	36093191	SRR19573612	Ruberto2022_1	4	2022	Cambodia_Mondulkiri	10x_Chomium_V3	HiSeq X Ten	infected hepatocyte	BioIVT:BGW	Infected host hepatocytes	Liver stage	Cambodia field isolate	5	None	1	612_CTGAGGCCAGCAGTTT	Hypnozoite	NA	NA	NA	0	0	0	0	0	0	1	1	0	1	36	Hypnozoite	0	Asexual 1	2.37052260530012	-1.99299603569905	-3.5446105149726	-3.4755116754552	1.89683826520973	-2.45160457307244	-3.74781119513522	-0.893241735443973	4.52361749468737	-3.89734921003533	-1.77698829839377	5.28158028925006	3.42403082995506	-14.5327354969896	12.5625567340755
612_CTGCAGGTCCCGGTAG	200	128	36093191	SRR19573612	Ruberto2022_1	4	2022	Cambodia_Mondulkiri	10x_Chomium_V3	HiSeq X Ten	infected hepatocyte	BioIVT:BGW	Infected host hepatocytes	Liver stage	Cambodia field isolate	5	None	1	612_CTGCAGGTCCCGGTAG	Hypnozoite	NA	NA	NA	0	0	0	0	0	0	0	0	1	0	6	Hypnozoite	0	Asexual 1	-0.0600655283330213	-3.00691658127705	-3.10433627638617	-3.72473919925892	2.4777472789579	1.66857460325812	-9.58771979469974	-3.22237492946672	1.06095344949183	-7.1488264196074	-3.21911053490157	1.05812850325542	-1.10361471771614	-10.5183392977433	-0.668947594940754
612_CTGCCTATCGGTCTGG	78	68	36093191	SRR19573612	Ruberto2022_1	4	2022	Cambodia_Mondulkiri	10x_Chomium_V3	HiSeq X Ten	infected hepatocyte	BioIVT:BGW	Infected host hepatocytes	Liver stage	Cambodia field isolate	5	None	1	612_CTGCCTATCGGTCTGG	Hypnozoite	NA	NA	NA	0	0	0	0	0	0	0	0	0	0	24	Hypnozoite	0	Asexual 1	0.711906420111822	-3.08682900536457	-2.92503668341437	-2.93874419269764	1.85475667074256	0.28289476221656	-10.3267186845422	-3.8533864846745	2.62572032286025	-8.00442838161326	-3.87788443118669	2.62676913035831	-3.47101370661635	-17.0099536119643	5.25912526455577
612_CTGCTCAGTAGAGGAA	743	576	36093191	SRR19573612	Ruberto2022_1	4	2022	Cambodia_Mondulkiri	10x_Chomium_V3	HiSeq X Ten	infected hepatocyte	BioIVT:BGW	Infected host hepatocytes	Liver stage	Cambodia field isolate	5	None	1	612_CTGCTCAGTAGAGGAA	Hypnozoite	NA	NA	NA	0	0	0	0	0	0	1	1	0	1	36	Hypnozoite	0	Asexual 1	4.03886638772504	1.70061475169262	-2.30297280821601	-2.84418452320301	-0.479484004229969	-3.60380694085503	-1.42697245474879	-1.6634732147418	2.59954682125919	-1.33248928112528	-2.53803108590987	2.94060960696414	1.48522788079584	-2.76492344588433	16.4972881547677
612_CTGGACGAGAGACAAG	4114	1372	36093191	SRR19573612	Ruberto2022_1	4	2022	Cambodia_Mondulkiri	10x_Chomium_V3	HiSeq X Ten	infected hepatocyte	BioIVT:BGW	Infected host hepatocytes	Liver stage	Cambodia field isolate	5	None	1	612_CTGGACGAGAGACAAG	Schizont	NA	NA	NA	0	0	0	0	1	1	1	1	0	1	36	Schizont (Liver stage)	1	Asexual 2	4.85214124810712	3.25547999274334	-2.62789465460578	-2.5957213693639	1.16417546823555	-5.57176849061395	5.47387491909704	-3.09312030163389	6.62975749865057	1.64005150313655	-4.22044368246257	6.80037693432197	16.5651740524066	-4.39119854547734	12.233262595185
612_CTGGCAGGTCGGTAAG	458	350	36093191	SRR19573612	Ruberto2022_1	4	2022	Cambodia_Mondulkiri	10x_Chomium_V3	HiSeq X Ten	infected hepatocyte	BioIVT:BGW	Infected host hepatocytes	Liver stage	Cambodia field isolate	5	None	1	612_CTGGCAGGTCGGTAAG	Hypnozoite	NA	NA	NA	0	0	0	0	0	0	1	1	0	1	36	Hypnozoite	0	Asexual 1	2.93032609117048	-1.3075341569225	-3.37017323050299	-3.68675602016651	1.63398786142402	-2.38829526120568	-5.28142092731453	-3.21818062868013	3.16074919870563	-5.59098149084665	-4.18078575444527	3.99956929774515	3.84991349410761	-14.7558090836121	13.2768104263881
612_CTGTCGTAGACTTAAG	285	243	36093191	SRR19573612	Ruberto2022_1	4	2022	Cambodia_Mondulkiri	10x_Chomium_V3	HiSeq X Ten	infected hepatocyte	BioIVT:BGW	Infected host hepatocytes	Liver stage	Cambodia field isolate	5	None	1	612_CTGTCGTAGACTTAAG	Hypnozoite	NA	NA	NA	0	0	0	0	0	0	1	1	0	1	48	Hypnozoite	0	Asexual 1	-0.501807464241816	-1.55599981415669	-2.62990857634345	-3.51471818027698	0.680897134094768	0.113255890069953	-4.57739886816489	-2.01876895401365	0.163338144171049	-2.44879688389478	-2.05988204982834	0.148560016699869	0.0834028042588074	-2.86606329126766	1.83429732562072
612_CTGTCGTTCAGACCTA	56	51	36093191	SRR19573612	Ruberto2022_1	4	2022	Cambodia_Mondulkiri	10x_Chomium_V3	HiSeq X Ten	infected hepatocyte	BioIVT:BGW	Infected host hepatocytes	Liver stage	Cambodia field isolate	5	None	1	612_CTGTCGTTCAGACCTA	Hypnozoite	NA	NA	NA	0	0	0	0	0	0	0	0	1	0	36	Hypnozoite	0	Asexual 1	-0.538081420540644	-3.20041209328572	-3.18856932196417	-3.04055631694996	2.4706762607389	2.86568001097297	-11.2093835827461	-3.31700429328684	1.75065013441189	-8.71032837609323	-3.2998951693534	1.74425810930276	-7.45258903297909	-10.6630187248308	-3.89890811166778
612_CTGTCGTTCGAACCAT	454	347	36093191	SRR19573612	Ruberto2022_1	4	2022	Cambodia_Mondulkiri	10x_Chomium_V3	HiSeq X Ten	infected hepatocyte	BioIVT:BGW	Infected host hepatocytes	Liver stage	Cambodia field isolate	5	None	1	612_CTGTCGTTCGAACCAT	Hypnozoite	NA	NA	NA	0	0	0	0	0	0	1	1	0	1	32	Hypnozoite	0	Asexual 1	2.61332045686262	-1.46965390313069	-3.48426987204352	-3.52691901264393	2.09400518491798	-2.32417020017053	-5.39974632858878	-2.31895474088616	2.02513382966954	-5.38133264424424	-3.1280482177919	2.6957451373345	4.33107018745867	-13.965925670551	13.7487326399321
612_CTTACCGTCTTCTGTA	5838	1859	36093191	SRR19573612	Ruberto2022_1	4	2022	Cambodia_Mondulkiri	10x_Chomium_V3	HiSeq X Ten	infected hepatocyte	BioIVT:BGW	Infected host hepatocytes	Liver stage	Cambodia field isolate	5	None	1	612_CTTACCGTCTTCTGTA	Schizont	NA	NA	NA	0	0	0	0	1	1	1	1	0	1	24	Schizont (Liver stage)	1	Asexual 2	5.31908689630048	3.68513745200237	-2.82506562742987	-2.13583076534473	-0.654102308005757	-5.7276265304699	10.5068239063095	-1.03870133443371	6.14723422204238	6.49759156028703	-2.02566483107133	6.09006324924783	14.2147571211401	3.07370845107524	12.6907175015302
612_CTTAGGAGTCGTCATA	717	558	36093191	SRR19573612	Ruberto2022_1	4	2022	Cambodia_Mondulkiri	10x_Chomium_V3	HiSeq X Ten	infected hepatocyte	BioIVT:BGW	Infected host hepatocytes	Liver stage	Cambodia field isolate	5	None	1	612_CTTAGGAGTCGTCATA	Hypnozoite	NA	NA	NA	0	0	0	0	0	0	1	1	0	1	36	Hypnozoite	0	Asexual 1	4.22329078805463	2.23192328345378	-2.26761080298224	-2.56145418224537	-0.646655005664295	-4.06061789208794	-0.239685731765644	-1.93385534096656	2.76954915818685	-0.239169333027525	-2.81008235677024	3.12794413574993	5.67770051498729	0.428159676658179	12.5208622580585
612_CTTCCTTGTTTGTTGG	225	149	36093191	SRR19573612	Ruberto2022_1	4	2022	Cambodia_Mondulkiri	10x_Chomium_V3	HiSeq X Ten	infected hepatocyte	BioIVT:BGW	Infected host hepatocytes	Liver stage	Cambodia field isolate	5	None	1	612_CTTCCTTGTTTGTTGG	Hypnozoite	NA	NA	NA	0	0	0	0	0	0	0	0	0	0	36	Hypnozoite	0	Asexual 1	0.960966633677648	-3.42981558907429	-2.98144151243964	-3.29719341335498	2.45744665220314	0.646861704050056	-8.96828486623673	-3.37127353996373	2.7069092801035	-6.62801830038896	-3.39061605720979	2.70857771341718	-1.79572199041962	-15.0326286857876	4.87528275740697
612_CTTCGGTAGCCGTAAG	71	64	36093191	SRR19573612	Ruberto2022_1	4	2022	Cambodia_Mondulkiri	10x_Chomium_V3	HiSeq X Ten	infected hepatocyte	BioIVT:BGW	Infected host hepatocytes	Liver stage	Cambodia field isolate	5	None	1	612_CTTCGGTAGCCGTAAG	Hypnozoite	NA	NA	NA	0	0	0	0	0	0	0	0	1	0	12	Hypnozoite	0	Asexual 1	0.19274459970014	-3.40818291771809	-3.46842934164801	-3.21108758983814	2.95465620115333	1.55514446085548	-11.2667661540544	-2.61596674468264	1.24293036374204	-8.79403794344923	-2.60488490409987	1.23818091231705	-5.81706944022048	-7.85579511438562	-7.1687744354216
612_CTTCGGTTCGGAGATG	64	52	36093191	SRR19573612	Ruberto2022_1	4	2022	Cambodia_Mondulkiri	10x_Chomium_V3	HiSeq X Ten	infected hepatocyte	BioIVT:BGW	Infected host hepatocytes	Liver stage	Cambodia field isolate	5	None	1	612_CTTCGGTTCGGAGATG	Hypnozoite	NA	NA	NA	0	0	0	0	0	0	0	0	1	0	36	Hypnozoite	0	Asexual 1	-0.542911006092859	-3.27864462006489	-2.9603853372077	-3.35865080890857	2.03118475034767	2.56706837004279	-11.230671109935	-3.48394963961448	1.50675019926504	-8.74129307844186	-3.46917949075515	1.50102767485455	-6.80231599682448	-14.031940596501	-6.37687503872307
612_CTTCTAAAGGATTTCC	584	435	36093191	SRR19573612	Ruberto2022_1	4	2022	Cambodia_Mondulkiri	10x_Chomium_V3	HiSeq X Ten	infected hepatocyte	BioIVT:BGW	Infected host hepatocytes	Liver stage	Cambodia field isolate	5	None	1	612_CTTCTAAAGGATTTCC	Hypnozoite	NA	NA	NA	0	0	0	0	1	1	1	1	0	1	36	Hypnozoite	1	Asexual 2	4.17912183892743	2.20977729689678	-2.41517616781989	-2.90782583294117	1.17887862279945	-4.32101961785699	-1.12461303855	-3.40630063828013	4.65042796475915	-2.66383470836607	-4.52005167756557	5.26922643594927	9.59481282307022	-6.23470979536255	11.8415893914433
612_CTTCTCTGTGTGTCGC	320	234	36093191	SRR19573612	Ruberto2022_1	4	2022	Cambodia_Mondulkiri	10x_Chomium_V3	HiSeq X Ten	infected hepatocyte	BioIVT:BGW	Infected host hepatocytes	Liver stage	Cambodia field isolate	5	None	1	612_CTTCTCTGTGTGTCGC	Hypnozoite	NA	NA	NA	0	0	0	0	0	0	0	0	0	0	24	Hypnozoite	0	Asexual 1	1.66557084214704	-2.66772132981221	-3.62751008543768	-3.0849517637273	2.57096465185218	-0.722015080989846	-6.85245681900167	-3.02656413242762	1.88885042456502	-5.0100858908206	-3.17334222878887	1.94960962531322	-1.47055213232387	-13.5397007558744	6.00199245635481
612_CTTCTCTGTTGAGGAC	237	207	36093191	SRR19573612	Ruberto2022_1	4	2022	Cambodia_Mondulkiri	10x_Chomium_V3	HiSeq X Ten	infected hepatocyte	BioIVT:BGW	Infected host hepatocytes	Liver stage	Cambodia field isolate	5	None	1	612_CTTCTCTGTTGAGGAC	Hypnozoite	NA	NA	NA	0	0	0	0	0	0	1	1	0	1	24	Hypnozoite	0	Asexual 1	-0.425548447251154	-2.23068743813435	-2.36583639654914	-2.56731570301258	-0.170183901936478	-1.32850476914788	-6.34440456969115	-2.24484799655538	1.27835978237136	-6.07780181270176	-2.92606740654827	1.23239076154396	-1.23058782026184	-2.87158364079916	9.58986098327944
612_CTTGAGACAAGTGGAC	388	301	36093191	SRR19573612	Ruberto2022_1	4	2022	Cambodia_Mondulkiri	10x_Chomium_V3	HiSeq X Ten	infected hepatocyte	BioIVT:BGW	Infected host hepatocytes	Liver stage	Cambodia field isolate	5	None	1	612_CTTGAGACAAGTGGAC	Hypnozoite	NA	NA	NA	0	0	0	0	0	0	0	0	0	0	36	Hypnozoite	0	Asexual 1	1.62610052716749	-2.27787428963581	-3.65937329802313	-3.38102543888294	2.07915814474159	-0.280660120786675	-6.28297484600412	-4.2436273274363	2.71744516414022	-4.5118315404646	-4.41475921696868	2.81193231927317	-0.788099919100828	-12.7860771850185	5.50039001653209
612_CTTGATTGTGTGGACA	332	275	36093191	SRR19573612	Ruberto2022_1	4	2022	Cambodia_Mondulkiri	10x_Chomium_V3	HiSeq X Ten	infected hepatocyte	BioIVT:BGW	Infected host hepatocytes	Liver stage	Cambodia field isolate	5	None	1	612_CTTGATTGTGTGGACA	Hypnozoite	NA	NA	NA	0	0	0	0	0	0	1	1	0	1	36	Hypnozoite	0	Asexual 1	2.69346295487897	-1.34676641095082	-3.47150398764411	-3.69346035061084	1.82524402692848	-1.97361370736504	-5.44243782443579	-3.2747453932122	2.99625225068876	-5.48095627147019	-4.08074322550418	3.63328271188783	2.85669533717202	-14.9683442433177	11.797650552119
612_GAAACCTAGAAAGTCT	273	190	36093191	SRR19573612	Ruberto2022_1	4	2022	Cambodia_Mondulkiri	10x_Chomium_V3	HiSeq X Ten	infected hepatocyte	BioIVT:BGW	Infected host hepatocytes	Liver stage	Cambodia field isolate	5	None	1	612_GAAACCTAGAAAGTCT	Hypnozoite	NA	NA	NA	0	0	0	0	0	0	0	0	0	0	24	Hypnozoite	0	Asexual 1	1.35364960324781	-2.85170894730488	-3.61986924681464	-3.2718356901189	2.54152019575172	-0.0786824207916344	-6.93567655637071	-3.11210964647034	2.44346151750735	-4.79812618708925	-3.18124919907466	2.46473614831646	-1.32263486361126	-12.9285328670882	4.85355436375037
612_GAAACCTTCAACGTGT	616	422	36093191	SRR19573612	Ruberto2022_1	4	2022	Cambodia_Mondulkiri	10x_Chomium_V3	HiSeq X Ten	infected hepatocyte	BioIVT:BGW	Infected host hepatocytes	Liver stage	Cambodia field isolate	5	None	1	612_GAAACCTTCAACGTGT	Schizont	NA	NA	NA	0	0	0	0	0	0	1	1	0	1	24	Schizont (Liver stage)	0	Asexual 1	3.23769651544111	-0.386245905045666	-2.97076083693305	-4.08618510303699	0.817157166748577	-2.68490001374627	-4.39208406183857	-2.78066660530565	3.45971504344087	-4.59486209970618	-3.69212297754451	4.14334993549778	2.83550425514378	-12.1677555167658	16.2681714566142
612_GAACACTAGATGATTG	451	358	36093191	SRR19573612	Ruberto2022_1	4	2022	Cambodia_Mondulkiri	10x_Chomium_V3	HiSeq X Ten	infected hepatocyte	BioIVT:BGW	Infected host hepatocytes	Liver stage	Cambodia field isolate	5	None	1	612_GAACACTAGATGATTG	Hypnozoite	NA	NA	NA	0	0	0	0	0	0	1	1	0	1	36	Hypnozoite	0	Asexual 1	2.94073163163679	-0.715625463608898	-3.3571777490119	-4.06902850208484	0.803055780678326	-2.56038543397332	-3.80518614563338	-1.96764289986916	4.09165385213494	-3.98139557115972	-2.85759469017337	4.73486946119822	1.79344024023032	-11.9722363284836	15.3690122710058
612_GAACACTGTTTCGTAG	509	408	36093191	SRR19573612	Ruberto2022_1	4	2022	Cambodia_Mondulkiri	10x_Chomium_V3	HiSeq X Ten	infected hepatocyte	BioIVT:BGW	Infected host hepatocytes	Liver stage	Cambodia field isolate	5	None	1	612_GAACACTGTTTCGTAG	Hypnozoite	NA	NA	NA	0	0	0	0	0	0	1	1	0	1	36	Hypnozoite	0	Asexual 1	3.21316085946577	-0.192475675229229	-3.1542194035987	-2.77213275966846	-0.228850853890843	-3.14230200463677	-1.90089852510938	-2.00625610524136	2.65214859823154	-1.83463322232345	-2.90032063089477	3.04232135386589	2.51960434119201	-3.09918190712732	13.6896114099103
612_GAACTGTGTTAGAGTA	429	338	36093191	SRR19573612	Ruberto2022_1	4	2022	Cambodia_Mondulkiri	10x_Chomium_V3	HiSeq X Ten	infected hepatocyte	BioIVT:BGW	Infected host hepatocytes	Liver stage	Cambodia field isolate	5	None	1	612_GAACTGTGTTAGAGTA	Hypnozoite	NA	NA	NA	0	0	0	0	0	0	1	1	0	1	36	Hypnozoite	0	Asexual 1	2.14832721841352	-1.62905508149067	-3.45507623228827	-3.17624152240955	0.508915739803844	-2.43873140031243	-3.37919753143153	-1.87275171309961	2.62403688095923	-3.38241306134145	-2.70134225931827	2.88784866624986	2.36727457959349	-6.02321553848076	11.1482127716678
612_GAAGAATCATCAGCTA	421	296	36093191	SRR19573612	Ruberto2022_1	4	2022	Cambodia_Mondulkiri	10x_Chomium_V3	HiSeq X Ten	infected hepatocyte	BioIVT:BGW	Infected host hepatocytes	Liver stage	Cambodia field isolate	5	None	1	612_GAAGAATCATCAGCTA	Schizont	NA	NA	NA	0	0	0	0	0	0	1	1	0	1	36	Schizont (Liver stage)	0	Asexual 1	2.89696799409406	-1.23724073040882	-3.37658168349066	-3.69831479129993	1.55096788957649	-2.21276685410882	-4.93305725427918	-3.24862991140114	3.62006568989522	-5.16579771034238	-4.13726469079685	4.3195420523037	3.34379245077008	-14.2563425711939	13.0373846994094
612_GAAGAATGTGGTTTGT	2194	1116	36093191	SRR19573612	Ruberto2022_1	4	2022	Cambodia_Mondulkiri	10x_Chomium_V3	HiSeq X Ten	infected hepatocyte	BioIVT:BGW	Infected host hepatocytes	Liver stage	Cambodia field isolate	5	None	1	612_GAAGAATGTGGTTTGT	Schizont	NA	NA	NA	0	0	0	0	1	1	1	1	0	1	24	Schizont (Liver stage)	1	Asexual 2	5.2236379255058	3.61527770888408	-2.62024356398383	-1.29302955208027	-0.965828043670124	-5.16233226472283	5.71674438023984	-2.88581257929535	5.45954094657506	4.80608511467529	-3.09644490026832	6.04719862280568	8.1670127660199	4.38398879067557	9.58159049347699
612_GAAGCCCTCTTAGCAG	1304	609	36093191	SRR19573612	Ruberto2022_1	4	2022	Cambodia_Mondulkiri	10x_Chomium_V3	HiSeq X Ten	infected hepatocyte	BioIVT:BGW	Infected host hepatocytes	Liver stage	Cambodia field isolate	5	None	1	612_GAAGCCCTCTTAGCAG	Schizont	NA	NA	NA	0	0	0	0	0	0	1	1	0	1	36	Schizont (Liver stage)	0	Asexual 1	4.33436523568647	2.51517743002971	-2.43720556769171	-3.44052613315784	1.62025876596504	-4.23571297341729	-0.755892199553062	-4.29111768975828	4.59967018652281	-1.71315117245583	-5.3756571737593	5.37140081815821	12.5331656684767	-9.68851085142129	15.2323814497888
612_GAAGCGATCTTGTGCC	1139	756	36093191	SRR19573612	Ruberto2022_1	4	2022	Cambodia_Mondulkiri	10x_Chomium_V3	HiSeq X Ten	infected hepatocyte	BioIVT:BGW	Infected host hepatocytes	Liver stage	Cambodia field isolate	5	None	1	612_GAAGCGATCTTGTGCC	Schizont	NA	NA	NA	0	0	0	0	1	1	1	1	0	1	36	Schizont (Liver stage)	1	Asexual 2	4.74309526574628	3.12438219916423	-2.57859136137763	-1.6342157178899	1.20892961576515	-5.73233863526727	0.947203084978424	-1.25026376667406	4.8869217260489	-1.09120246051601	-1.03589112654294	6.1949490295746	9.06702913139732	-1.55215944637425	1.38867856844731
612_GAAGGACGTGAGGCAT	425	342	36093191	SRR19573612	Ruberto2022_1	4	2022	Cambodia_Mondulkiri	10x_Chomium_V3	HiSeq X Ten	infected hepatocyte	BioIVT:BGW	Infected host hepatocytes	Liver stage	Cambodia field isolate	5	None	1	612_GAAGGACGTGAGGCAT	Hypnozoite	NA	NA	NA	0	0	0	0	0	0	1	1	0	1	32	Hypnozoite	0	Asexual 1	2.3029802907707	0.633637943681084	-0.291764810417085	-2.21814334926807	-0.322281998843617	-2.01422068292046	-3.70797362478132	-2.21072341933645	3.48371675755309	-3.63918661619012	-2.95642035209557	3.46136577144582	-1.77594104195305	-1.19555013323648	9.63887914437566
612_GAAGGGTAGATCGGTG	166	105	36093191	SRR19573612	Ruberto2022_1	4	2022	Cambodia_Mondulkiri	10x_Chomium_V3	HiSeq X Ten	infected hepatocyte	BioIVT:BGW	Infected host hepatocytes	Liver stage	Cambodia field isolate	5	None	1	612_GAAGGGTAGATCGGTG	Hypnozoite	NA	NA	NA	0	0	0	0	0	0	0	0	0	0	24	Hypnozoite	0	Asexual 1	1.2925826181175	-2.77791458237568	-3.7457242158393	-2.78038895664417	2.68465216711097	-0.0203253310337151	-8.68070727837717	-3.34609144268974	2.58699925339706	-6.33466590145253	-3.36447202127902	2.59059682818023	-2.23663710015148	-13.5317644101337	4.87167747789918
612_GAAGGGTGTACCAGAG	18264	3037	36093191	SRR19573612	Ruberto2022_1	4	2022	Cambodia_Mondulkiri	10x_Chomium_V3	HiSeq X Ten	infected hepatocyte	BioIVT:BGW	Infected host hepatocytes	Liver stage	Cambodia field isolate	5	None	1	612_GAAGGGTGTACCAGAG	Schizont	NA	NA	NA	0	0	0	0	1	1	1	1	0	1	24	Schizont (Liver stage)	1	Asexual 2	5.33158718240278	3.70979422461589	-2.80528999838629	-1.93738782940113	-0.825681966990894	-5.79459830933953	14.9408592407417	-0.711452650547427	6.57441019756607	11.1850845014664	-1.59912344381099	6.54913890818512	14.6184726398997	4.06298349523669	12.6678253470069
612_GAAGTAATCCGAGATT	715	544	36093191	SRR19573612	Ruberto2022_1	4	2022	Cambodia_Mondulkiri	10x_Chomium_V3	HiSeq X Ten	infected hepatocyte	BioIVT:BGW	Infected host hepatocytes	Liver stage	Cambodia field isolate	5	None	1	612_GAAGTAATCCGAGATT	Hypnozoite	NA	NA	NA	0	0	0	0	0	0	1	1	0	1	36	Hypnozoite	0	Asexual 1	3.84141145837324	1.06149876248439	-2.7387399819831	-3.63559449253284	0.691906171589428	-3.80913063699151	-1.40801202585203	-2.10689123283763	4.1537587240511	-1.69373246148823	-3.15198636999482	5.04664380635172	6.06609891328784	-6.54236901428518	16.2554256710376
612_GAATCACAGTTGTACC	222	180	36093191	SRR19573612	Ruberto2022_1	4	2022	Cambodia_Mondulkiri	10x_Chomium_V3	HiSeq X Ten	infected hepatocyte	BioIVT:BGW	Infected host hepatocytes	Liver stage	Cambodia field isolate	5	None	1	612_GAATCACAGTTGTACC	Schizont	NA	NA	NA	0	0	0	0	0	0	0	0	0	0	32	Schizont (Liver stage)	0	Asexual 1	1.62577055585401	-3.19964295494954	-2.93893696341315	-3.52510321674549	2.1250792320066	-0.0598836820736016	-8.56535469477819	-3.44371434920159	2.36636318666446	-6.49181013547774	-3.52538736306236	2.38983035610787	-1.23871459398535	-15.5850112242705	6.6004932575721
612_GAATCACTCGTCGGGT	11105	2317	36093191	SRR19573612	Ruberto2022_1	4	2022	Cambodia_Mondulkiri	10x_Chomium_V3	HiSeq X Ten	infected hepatocyte	BioIVT:BGW	Infected host hepatocytes	Liver stage	Cambodia field isolate	5	None	1	612_GAATCACTCGTCGGGT	Schizont	NA	NA	NA	0	0	0	0	1	1	1	1	0	1	24	Schizont (Liver stage)	1	Asexual 2	5.01719843041913	3.49785584342083	-2.65884520087042	-2.71924150524341	0.193572389631801	-6.16497584992791	10.3093300534132	-1.61404535306327	7.36646984389025	6.42845891112363	-2.64490690597673	7.55691127223411	18.1731470818228	-0.843001139747228	13.4838303906168
612_GACCGTGTCAGACTGT	3486	1395	36093191	SRR19573612	Ruberto2022_1	4	2022	Cambodia_Mondulkiri	10x_Chomium_V3	HiSeq X Ten	infected hepatocyte	BioIVT:BGW	Infected host hepatocytes	Liver stage	Cambodia field isolate	5	None	1	612_GACCGTGTCAGACTGT	Schizont	NA	NA	NA	0	0	0	0	1	1	1	1	0	1	36	Schizont (Liver stage)	1	Asexual 2	5.03067289483564	3.43946975600322	-2.73549367461005	-2.67432058391773	0.460019486694866	-5.78856393510247	7.34038535041221	-2.91639572770825	7.91594155732783	3.47014023060653	-4.02975744098495	8.07632085232128	15.7544614653435	-1.74479953054052	12.8443321238884
612_GACCTTCGTTTCCCAC	201	165	36093191	SRR19573612	Ruberto2022_1	4	2022	Cambodia_Mondulkiri	10x_Chomium_V3	HiSeq X Ten	infected hepatocyte	BioIVT:BGW	Infected host hepatocytes	Liver stage	Cambodia field isolate	5	None	1	612_GACCTTCGTTTCCCAC	Hypnozoite	NA	NA	NA	0	0	0	0	0	0	0	0	0	0	32	Hypnozoite	0	Asexual 1	1.17973576676862	-2.62944871056477	-3.53687478575507	-3.09207547245227	2.60343320920997	0.788790376840583	-8.18924108748996	-3.81307136356101	2.28583059478624	-5.77321948222021	-3.81528301972916	2.28434945738965	-1.06034197412756	-12.4379621816138	5.02634334194864
612_GACTCAACATGACGGA	521	323	36093191	SRR19573612	Ruberto2022_1	4	2022	Cambodia_Mondulkiri	10x_Chomium_V3	HiSeq X Ten	infected hepatocyte	BioIVT:BGW	Infected host hepatocytes	Liver stage	Cambodia field isolate	5	None	1	612_GACTCAACATGACGGA	Hypnozoite	NA	NA	NA	0	0	0	0	0	0	0	0	6	6	36	Hypnozoite	0	Asexual 1	-4.569595469117	-0.902948914651073	-2.93164373907843	-3.90822756824695	-0.996623021811909	0.341888042150489	-4.42391513674254	-1.71556701282966	1.84940221378241	-3.53535766222218	-1.960466270788	2.64544700559373	-3.4752896020256	1.95437451157249	0.478232222979733
612_GACTCTCGTATGAGGC	223	186	36093191	SRR19573612	Ruberto2022_1	4	2022	Cambodia_Mondulkiri	10x_Chomium_V3	HiSeq X Ten	infected hepatocyte	BioIVT:BGW	Infected host hepatocytes	Liver stage	Cambodia field isolate	5	None	1	612_GACTCTCGTATGAGGC	Hypnozoite	NA	NA	NA	0	0	0	0	0	0	0	0	0	0	32	Hypnozoite	0	Asexual 1	1.44477079999463	-2.38554459679524	-3.69525195631781	-2.92532122669422	2.39070041730934	-0.0279760044231499	-7.46918331993787	-3.01835181735224	2.70003351441079	-5.09810132564171	-3.02949302653387	2.70282064248694	-1.18805318789671	-12.4967675977172	5.42309833680719
612_GACTGATCAAAGCACG	333	289	36093191	SRR19573612	Ruberto2022_1	4	2022	Cambodia_Mondulkiri	10x_Chomium_V3	HiSeq X Ten	infected hepatocyte	BioIVT:BGW	Infected host hepatocytes	Liver stage	Cambodia field isolate	5	None	1	612_GACTGATCAAAGCACG	Hypnozoite	NA	NA	NA	0	0	0	0	0	0	1	1	0	1	24	Hypnozoite	0	Asexual 1	-0.213769240259958	-2.20583659279744	-2.29118539366522	-2.38117468891346	-0.605362993926472	-1.9566783588543	-4.75624891815282	-1.00934157956742	2.28725707638804	-4.67394657309439	-1.76130673411755	2.27999285106782	-2.09895640581004	-0.623451252077005	12.1175241061733
612_GACTGATGTGCGTTTA	929	696	36093191	SRR19573612	Ruberto2022_1	4	2022	Cambodia_Mondulkiri	10x_Chomium_V3	HiSeq X Ten	infected hepatocyte	BioIVT:BGW	Infected host hepatocytes	Liver stage	Cambodia field isolate	5	None	1	612_GACTGATGTGCGTTTA	Hypnozoite	NA	NA	NA	0	1	2	2	2	2	2	2	2	2	36	Hypnozoite	2	Female gametocyte	4.51792465341108	2.79129213225444	-2.51368738684455	-0.890432124712102	-4.10670916482872	-2.88925692254449	1.75800248128897	-2.98483082582872	2.35774866534642	3.98608877820134	-4.42296965117474	2.59317796989257	-2.51581152448166	7.61336245200113	3.98972268257623
612_GACTGATTCCTTTAGT	6173	2015	36093191	SRR19573612	Ruberto2022_1	4	2022	Cambodia_Mondulkiri	10x_Chomium_V3	HiSeq X Ten	infected hepatocyte	BioIVT:BGW	Infected host hepatocytes	Liver stage	Cambodia field isolate	5	None	1	612_GACTGATTCCTTTAGT	Schizont	NA	NA	NA	0	0	0	0	1	1	1	1	0	1	36	Schizont (Liver stage)	1	Asexual 2	5.27437769067304	3.65349406134685	-2.81456972632208	-2.20307291088306	-0.564935905188984	-5.88266011887933	10.0495448030927	-1.04025844673913	6.46502262260872	6.01473498757662	-1.92571387065435	6.53268886559025	14.8385489987848	2.93516596504959	12.754784106864
612_GAGAAATTCTCAAAGC	173	128	36093191	SRR19573612	Ruberto2022_1	4	2022	Cambodia_Mondulkiri	10x_Chomium_V3	HiSeq X Ten	infected hepatocyte	BioIVT:BGW	Infected host hepatocytes	Liver stage	Cambodia field isolate	5	None	1	612_GAGAAATTCTCAAAGC	Hypnozoite	NA	NA	NA	0	0	0	0	0	0	0	0	0	0	36	Hypnozoite	0	Asexual 1	0.107140691995787	-3.22535973656575	-3.42932416472235	-2.33970702228748	2.71972902372413	0.967421920953742	-9.19917421199494	-2.87852312754275	1.86043976362124	-6.7250826836882	-2.8669951627314	1.85577684030894	0.122528385118201	-8.64822458443852	-1.466929290646
612_GAGACTTTCTTTACAC	87	75	36093191	SRR19573612	Ruberto2022_1	4	2022	Cambodia_Mondulkiri	10x_Chomium_V3	HiSeq X Ten	infected hepatocyte	BioIVT:BGW	Infected host hepatocytes	Liver stage	Cambodia field isolate	5	None	1	612_GAGACTTTCTTTACAC	Hypnozoite	NA	NA	NA	0	0	0	0	0	0	0	0	1	0	32	Hypnozoite	0	Asexual 1	0.0547094305960257	-3.03362279999653	-3.0619478372077	-3.68158209858143	2.07088954999977	1.91041615789985	-10.4405508996571	-2.95353170905732	2.35164903656958	-7.96170202013357	-2.94114146342575	2.34669036361742	-2.00484985382051	-11.6534331475536	-0.98359671277921
612_GAGGGATGTTGAGGAC	730	548	36093191	SRR19573612	Ruberto2022_1	4	2022	Cambodia_Mondulkiri	10x_Chomium_V3	HiSeq X Ten	infected hepatocyte	BioIVT:BGW	Infected host hepatocytes	Liver stage	Cambodia field isolate	5	None	1	612_GAGGGATGTTGAGGAC	Hypnozoite	NA	NA	NA	0	1	2	2	2	2	2	1	2	2	36	Hypnozoite	2	Female gametocyte	4.03523288857953	2.34910136591991	-1.75497342619696	-0.854443913080327	-2.49687258645958	-3.19927856141473	1.32290172479218	-2.48984454033292	6.22721945107031	2.05571260091323	-2.92536245884819	6.43934089954014	-2.15063273666988	6.12401627780066	6.18702621625542
612_GAGGGTAGTTCGGCTG	2967	1363	36093191	SRR19573612	Ruberto2022_1	4	2022	Cambodia_Mondulkiri	10x_Chomium_V3	HiSeq X Ten	infected hepatocyte	BioIVT:BGW	Infected host hepatocytes	Liver stage	Cambodia field isolate	5	None	1	612_GAGGGTAGTTCGGCTG	Schizont	NA	NA	NA	0	0	0	0	1	1	1	1	0	1	36	Schizont (Liver stage)	1	Asexual 2	5.09480796945112	3.5190188301762	-2.71444751295844	-2.38322914180957	-0.0235009764141504	-5.58424493485833	7.54995186226333	-1.98095575251321	7.15363480645827	3.69098591168839	-3.01129866921035	7.23869935613915	12.9003532490692	-0.0489103459702171	11.8679033413511
612_GAGGGTATCGTGGAAG	586	448	36093191	SRR19573612	Ruberto2022_1	4	2022	Cambodia_Mondulkiri	10x_Chomium_V3	HiSeq X Ten	infected hepatocyte	BioIVT:BGW	Infected host hepatocytes	Liver stage	Cambodia field isolate	5	None	1	612_GAGGGTATCGTGGAAG	Hypnozoite	NA	NA	NA	0	0	0	0	0	0	1	1	0	1	32	Hypnozoite	0	Asexual 1	3.13421140801923	-0.492455779198803	-3.32286216292182	-3.73064745006763	1.26702912405067	-3.08825942689324	-1.18768311493077	-2.74257497815313	3.16808448619981	-1.64413817597751	-3.76883543675561	3.97619972916439	5.65368148152686	-10.3354407964909	13.199263330949
612_GAGGGTATCTGAGAGG	473	359	36093191	SRR19573612	Ruberto2022_1	4	2022	Cambodia_Mondulkiri	10x_Chomium_V3	HiSeq X Ten	infected hepatocyte	BioIVT:BGW	Infected host hepatocytes	Liver stage	Cambodia field isolate	5	None	1	612_GAGGGTATCTGAGAGG	Hypnozoite	NA	NA	NA	0	0	0	0	0	0	1	1	0	1	24	Hypnozoite	0	Asexual 1	4.15751825463788	0.400704340453945	-1.48713268313208	-2.73952305851185	-0.181064811796612	-2.84317561799432	-4.51608817873302	-2.22547100599704	4.76634840220645	-4.45707213768654	-3.04977177597851	4.97197803738495	1.48089117905186	-2.60357979032543	14.6020891704508
612_GAGTGAGGTCGTAATC	286	224	36093191	SRR19573612	Ruberto2022_1	4	2022	Cambodia_Mondulkiri	10x_Chomium_V3	HiSeq X Ten	infected hepatocyte	BioIVT:BGW	Infected host hepatocytes	Liver stage	Cambodia field isolate	5	None	1	612_GAGTGAGGTCGTAATC	Schizont	NA	NA	NA	0	0	0	0	0	0	1	1	0	1	32	Schizont (Liver stage)	0	Asexual 1	2.28440438401716	-2.06149798500935	-3.59158660445014	-3.65901339588367	1.90319295480781	-1.61206969434167	-5.66440602238827	-3.57803693320827	3.47789220791887	-4.86685505221518	-4.02831288850066	3.72831912579627	2.3101537767739	-15.3378809704173	11.1317552928692
612_GAGTTGTGTCCACAGC	371	280	36093191	SRR19573612	Ruberto2022_1	4	2022	Cambodia_Mondulkiri	10x_Chomium_V3	HiSeq X Ten	infected hepatocyte	BioIVT:BGW	Infected host hepatocytes	Liver stage	Cambodia field isolate	5	None	1	612_GAGTTGTGTCCACAGC	Hypnozoite	NA	NA	NA	0	0	0	0	0	0	1	1	0	1	24	Hypnozoite	0	Asexual 1	2.57198773515241	-1.51181536782185	-3.4813928750495	-3.6475201898595	1.48999066904121	-2.20014771634484	-4.75343932485018	-2.89630727932575	3.63061480909225	-4.99234334605669	-3.80745938516647	4.37336630654071	3.23530595075505	-13.7074103563475	12.906288196365
612_GAGTTGTGTCTGTGTA	3675	1371	36093191	SRR19573612	Ruberto2022_1	4	2022	Cambodia_Mondulkiri	10x_Chomium_V3	HiSeq X Ten	infected hepatocyte	BioIVT:BGW	Infected host hepatocytes	Liver stage	Cambodia field isolate	5	None	1	612_GAGTTGTGTCTGTGTA	Schizont	NA	NA	NA	0	0	0	0	1	1	1	1	0	1	36	Schizont (Liver stage)	1	Asexual 2	5.05970607888715	3.44638937842449	-2.76458789381781	-3.0310810857793	0.425563144236141	-5.3545066993847	6.5234847735434	-2.90564420451015	7.66776710706238	2.87596489396708	-4.1156007467203	7.78737187677156	14.6782535734059	-2.47544061937503	14.5270083959066
612_GAGTTTGAGCCGGAAT	82	75	36093191	SRR19573612	Ruberto2022_1	4	2022	Cambodia_Mondulkiri	10x_Chomium_V3	HiSeq X Ten	infected hepatocyte	BioIVT:BGW	Infected host hepatocytes	Liver stage	Cambodia field isolate	5	None	1	612_GAGTTTGAGCCGGAAT	Hypnozoite	NA	NA	NA	0	0	0	0	0	0	0	0	0	0	42	Hypnozoite	0	Asexual 1	0.710796939253973	-2.66263800728718	-3.11123086485663	-3.46525848446094	2.14390357091957	0.882371218858711	-9.70527640632532	-3.70388137146484	1.69797396744176	-7.2796008371943	-3.70334621518951	1.69577294333572	-3.64710010107998	-13.0001214629578	3.72427484794546
612_GATAGCTAGCGTGCTC	1506	1083	36093191	SRR19573612	Ruberto2022_1	4	2022	Cambodia_Mondulkiri	10x_Chomium_V3	HiSeq X Ten	infected hepatocyte	BioIVT:BGW	Infected host hepatocytes	Liver stage	Cambodia field isolate	5	None	1	612_GATAGCTAGCGTGCTC	Hypnozoite	NA	NA	NA	0	1	2	2	2	2	2	2	2	2	36	Hypnozoite	2	Female gametocyte	2.91373668801801	4.03658956420024	-1.93768979582587	-0.301899349071614	-3.78247539445824	-3.29345175439263	8.6818461247439	1.17831165604061	1.34598528711421	10.1368740722965	0.0991919819577511	1.41946477072672	-1.04909020909741	4.84808896659622	3.05287154321448
612_GATCACATCCCTCATG	206	188	36093191	SRR19573612	Ruberto2022_1	4	2022	Cambodia_Mondulkiri	10x_Chomium_V3	HiSeq X Ten	infected hepatocyte	BioIVT:BGW	Infected host hepatocytes	Liver stage	Cambodia field isolate	5	None	1	612_GATCACATCCCTCATG	Hypnozoite	NA	NA	NA	0	0	0	0	0	0	0	0	0	0	36	Hypnozoite	0	Asexual 1	0.677411066413092	-2.83061367142598	-3.23890091452399	-3.41900671062671	2.28238065794044	0.649552972970954	-7.52902845834323	-2.76093412235897	1.25549538181694	-5.12183390454018	-2.76408658000873	1.25401118848388	-2.90802991388495	-12.8075557418911	4.00881977757064
612_GATCAGTGTACATTGC	104	17	36093191	SRR19573612	Ruberto2022_1	4	2022	Cambodia_Mondulkiri	10x_Chomium_V3	HiSeq X Ten	infected hepatocyte	BioIVT:BGW	Infected host hepatocytes	Liver stage	Cambodia field isolate	5	None	1	612_GATCAGTGTACATTGC	Hypnozoite	NA	NA	NA	0	0	0	0	0	0	0	0	1	0	24	Hypnozoite	0	Asexual 1	-0.903556300282312	-3.25474816430012	-3.07987405333319	-2.86329234180652	1.93688114240699	3.3476839382038	-12.213176268641	-3.44515890145254	1.11281861743472	-9.70768932634777	-3.42628015003189	1.10571748385815	-12.6069256208769	-11.9879189117513	-8.02846856367039
612_GATCAGTGTCGTATGT	83	52	36093191	SRR19573612	Ruberto2022_1	4	2022	Cambodia_Mondulkiri	10x_Chomium_V3	HiSeq X Ten	infected hepatocyte	BioIVT:BGW	Infected host hepatocytes	Liver stage	Cambodia field isolate	5	None	1	612_GATCAGTGTCGTATGT	Hypnozoite	NA	NA	NA	0	0	0	0	0	0	0	0	1	0	36	Hypnozoite	0	Asexual 1	-0.499982071995569	-3.15972953904072	-3.02019740614691	-3.14649379787647	1.54620202138954	4.0190079528675	-11.6805219550901	-2.9794171875054	0.742031008842496	-9.18175202275905	-2.96237018576993	0.73566817102081	-5.68346565119895	-11.2237222201273	-5.81096378640724
612_GATGGAGTCCTCTCTT	5036	1723	36093191	SRR19573612	Ruberto2022_1	4	2022	Cambodia_Mondulkiri	10x_Chomium_V3	HiSeq X Ten	infected hepatocyte	BioIVT:BGW	Infected host hepatocytes	Liver stage	Cambodia field isolate	5	None	1	612_GATGGAGTCCTCTCTT	Schizont	NA	NA	NA	0	0	0	0	1	1	1	1	0	1	24	Schizont (Liver stage)	1	Asexual 2	5.15887819421308	3.56756419074138	-2.80447889838019	-2.48874724445545	0.00867923602395614	-5.96524449998284	8.69301162376841	-2.41452090869665	6.75423808285072	4.70434512312572	-3.39507784170098	6.93135475867091	15.4670429332435	0.537616974510034	12.6732407723632
612_GATGTTGCAGTATTCG	410	336	36093191	SRR19573612	Ruberto2022_1	4	2022	Cambodia_Mondulkiri	10x_Chomium_V3	HiSeq X Ten	infected hepatocyte	BioIVT:BGW	Infected host hepatocytes	Liver stage	Cambodia field isolate	5	None	1	612_GATGTTGCAGTATTCG	Hypnozoite	NA	NA	NA	0	0	0	0	0	0	1	1	0	1	24	Hypnozoite	0	Asexual 1	2.94612561357038	-0.725335060242809	-3.37935520682135	-2.58078682956897	0.012736025004917	-2.12745377236749	-3.14312967389112	-3.72781187253407	3.06511106913577	-3.07494297687689	-4.48163931470564	3.1959515840295	0.254504109102683	-1.82868278342825	7.8016027176519
612_GATTCTTAGAAACTAC	352	286	36093191	SRR19573612	Ruberto2022_1	4	2022	Cambodia_Mondulkiri	10x_Chomium_V3	HiSeq X Ten	infected hepatocyte	BioIVT:BGW	Infected host hepatocytes	Liver stage	Cambodia field isolate	5	None	1	612_GATTCTTAGAAACTAC	Hypnozoite	NA	NA	NA	0	0	0	0	0	0	0	0	0	0	36	Hypnozoite	0	Asexual 1	1.68874107491987	-2.53726273644368	-3.68300820860663	-3.46614754734241	2.23774464681678	-1.15183952266122	-6.06936478984786	-1.9685800362776	2.04671300243594	-4.69719294772508	-2.24823428022667	2.18046025123069	-1.07071896407071	-12.7201574659995	5.78488338457809
612_GCACATACAGATACTC	21820	3009	36093191	SRR19573612	Ruberto2022_1	4	2022	Cambodia_Mondulkiri	10x_Chomium_V3	HiSeq X Ten	infected hepatocyte	BioIVT:BGW	Infected host hepatocytes	Liver stage	Cambodia field isolate	5	None	1	612_GCACATACAGATACTC	Schizont	NA	NA	NA	0	0	0	0	1	1	1	1	0	1	24	Schizont (Liver stage)	1	Asexual 2	5.30461441171186	3.67010659110149	-2.84018637213507	-1.84814882812702	-0.417607677430576	-6.12861558610345	12.4586442535032	-0.956388750059378	6.82863448808457	8.71559055935138	-1.36398791374433	7.32658995197548	15.7730166755558	3.19264491468032	12.373972442132
612_GCACATAGTAGAGACC	341	285	36093191	SRR19573612	Ruberto2022_1	4	2022	Cambodia_Mondulkiri	10x_Chomium_V3	HiSeq X Ten	infected hepatocyte	BioIVT:BGW	Infected host hepatocytes	Liver stage	Cambodia field isolate	5	None	1	612_GCACATAGTAGAGACC	Hypnozoite	NA	NA	NA	0	0	0	0	0	0	1	1	0	1	24	Hypnozoite	0	Asexual 1	2.46836553704755	-2.12806922066609	-3.19566728148261	-3.64307058391773	1.4496197278791	-1.61654433423425	-5.5746631933322	-1.61908675932821	2.6385824442328	-5.13430070399584	-2.19290025036411	2.92345541485429	1.31969556266564	-13.7316957205403	9.42937207665335
612_GCAGCTGTCTTTCAGT	52	40	36093191	SRR19573612	Ruberto2022_1	4	2022	Cambodia_Mondulkiri	10x_Chomium_V3	HiSeq X Ten	infected hepatocyte	BioIVT:BGW	Infected host hepatocytes	Liver stage	Cambodia field isolate	5	None	1	612_GCAGCTGTCTTTCAGT	Hypnozoite	NA	NA	NA	0	0	0	0	0	0	0	0	1	0	12	Hypnozoite	0	Asexual 1	-0.280942065596415	-3.36574727166096	-2.95689059767523	-3.46481264171802	2.7023177917295	2.74846556967353	-11.5285798131446	-2.40043542233598	1.54545954901343	-9.03477230435397	-2.38443503835217	1.53941361717654	-4.00306355494513	-11.1659941588885	-6.51812272883392
612_GCATGATCAACAGTGG	744	585	36093191	SRR19573612	Ruberto2022_1	4	2022	Cambodia_Mondulkiri	10x_Chomium_V3	HiSeq X Ten	infected hepatocyte	BioIVT:BGW	Infected host hepatocytes	Liver stage	Cambodia field isolate	5	None	1	612_GCATGATCAACAGTGG	Hypnozoite	NA	NA	NA	0	0	0	0	0	0	1	1	0	1	36	Hypnozoite	0	Asexual 1	4.04153596055524	2.11505407225689	-1.4034618285636	-2.47979271946155	-0.732252997607655	-3.44701215440179	-0.592997742397476	-2.20219600156407	3.5554244682085	-0.444373913874025	-3.04530676216264	3.86652557450452	2.60301194223091	-0.373085079916242	14.6767785430765
612_GCCAACGAGGGTGAAA	307	235	36093191	SRR19573612	Ruberto2022_1	4	2022	Cambodia_Mondulkiri	10x_Chomium_V3	HiSeq X Ten	infected hepatocyte	BioIVT:BGW	Infected host hepatocytes	Liver stage	Cambodia field isolate	5	None	1	612_GCCAACGAGGGTGAAA	Schizont	NA	NA	NA	0	0	0	0	0	0	1	1	0	1	36	Schizont (Liver stage)	0	Asexual 1	2.95220695626752	-1.36442452538411	-2.87679602179328	-3.82141626415455	1.23654337480598	-1.93614384347344	-5.84731720735227	-2.79399760828604	3.30894619346811	-6.04048984510027	-3.62333814148904	3.86058639972478	2.46309668359624	-14.0001320475741	13.3654514695654
612_GCCAACGCAACCTATG	347	264	36093191	SRR19573612	Ruberto2022_1	4	2022	Cambodia_Mondulkiri	10x_Chomium_V3	HiSeq X Ten	infected hepatocyte	BioIVT:BGW	Infected host hepatocytes	Liver stage	Cambodia field isolate	5	None	1	612_GCCAACGCAACCTATG	Hypnozoite	NA	NA	NA	0	0	0	0	0	0	0	0	0	0	24	Hypnozoite	0	Asexual 1	1.96744238030927	-2.76673012841145	-3.33050204787055	-3.42055309353077	2.30254562452369	-0.685152096690186	-6.56579510962373	-3.21956928506656	1.96280510611229	-4.93483788945327	-3.42910032079136	2.06406423683484	-2.76878420401243	-13.5351767320375	6.58523649525006
612_GCCAGGTCACTATCGA	605	390	36093191	SRR19573612	Ruberto2022_1	4	2022	Cambodia_Mondulkiri	10x_Chomium_V3	HiSeq X Ten	infected hepatocyte	BioIVT:BGW	Infected host hepatocytes	Liver stage	Cambodia field isolate	5	None	1	612_GCCAGGTCACTATCGA	Hypnozoite	NA	NA	NA	0	0	0	0	1	1	1	1	0	1	32	Hypnozoite	1	Asexual 2	-4.70698799002154	-0.74383908379475	-2.99010421309271	-0.106754189111821	-0.893097740859455	-4.36055800134087	-3.19366567742256	-0.56022248218135	3.3469835687456	-1.51579544093861	-0.358359226018389	4.74884988301408	4.32713596413048	5.63937992013013	5.28902328438722
612_GCCATTCAGTTCATGC	4262	1493	36093191	SRR19573612	Ruberto2022_1	4	2022	Cambodia_Mondulkiri	10x_Chomium_V3	HiSeq X Ten	infected hepatocyte	BioIVT:BGW	Infected host hepatocytes	Liver stage	Cambodia field isolate	5	None	1	612_GCCATTCAGTTCATGC	Schizont	NA	NA	NA	0	0	0	0	1	1	1	1	0	1	36	Schizont (Liver stage)	1	Asexual 2	4.89532886636274	3.31154197585186	-2.65351726088324	-2.7454890066167	0.800453978329235	-5.76158687287713	6.31957200737995	-2.17959760218715	5.8469210886008	2.46367420703388	-3.32739254594243	5.99289583044782	15.4974651102419	-3.4883245333999	12.2265103764425
612_GCCCAGACAACCGATT	4904	1742	36093191	SRR19573612	Ruberto2022_1	4	2022	Cambodia_Mondulkiri	10x_Chomium_V3	HiSeq X Ten	infected hepatocyte	BioIVT:BGW	Infected host hepatocytes	Liver stage	Cambodia field isolate	5	None	1	612_GCCCAGACAACCGATT	Schizont	NA	NA	NA	0	0	0	0	1	1	1	1	0	1	36	Schizont (Liver stage)	1	Asexual 2	5.29025779855268	3.66098374259075	-2.83596827063361	-2.09044635830127	-0.598284942359394	-5.80694123917962	11.2663580293452	-1.91626380924096	7.460837520162	7.35751207289027	-2.87827576450615	7.43764120956666	14.3487363667985	3.09720550204316	12.6750690207674
612_GCCCGAAAGACGCTCC	468	371	36093191	SRR19573612	Ruberto2022_1	4	2022	Cambodia_Mondulkiri	10x_Chomium_V3	HiSeq X Ten	infected hepatocyte	BioIVT:BGW	Infected host hepatocytes	Liver stage	Cambodia field isolate	5	None	1	612_GCCCGAAAGACGCTCC	Hypnozoite	NA	NA	NA	0	0	0	0	0	0	1	1	0	1	36	Hypnozoite	0	Asexual 1	3.07505427491681	-0.703828512314953	-3.36591769728461	-3.93308079776966	1.63494499280983	-2.62528535539056	-3.46401943089624	-3.10238292825718	2.6602585432322	-3.76944893219023	-4.09794336092885	3.55477134680109	4.86795796268207	-14.1302996654815	14.2699655674047
612_GCCGTGAAGCATTTGC	129	102	36093191	SRR19573612	Ruberto2022_1	4	2022	Cambodia_Mondulkiri	10x_Chomium_V3	HiSeq X Ten	infected hepatocyte	BioIVT:BGW	Infected host hepatocytes	Liver stage	Cambodia field isolate	5	None	1	612_GCCGTGAAGCATTTGC	Hypnozoite	NA	NA	NA	0	0	0	0	0	0	0	0	1	0	24	Hypnozoite	0	Asexual 1	0.517238395333456	-3.05711942780415	-3.0764594224433	-3.3100289159795	2.58089526250892	1.14614513701057	-9.56550765605551	-2.43102716465879	1.67417435811716	-7.11990021403895	-2.42605320661677	1.67076612880423	-2.48552510681311	-11.7857132082698	1.49857474961213
612_GCCGTGACAACAACAA	454	372	36093191	SRR19573612	Ruberto2022_1	4	2022	Cambodia_Mondulkiri	10x_Chomium_V3	HiSeq X Ten	infected hepatocyte	BioIVT:BGW	Infected host hepatocytes	Liver stage	Cambodia field isolate	5	None	1	612_GCCGTGACAACAACAA	Hypnozoite	NA	NA	NA	0	0	0	0	0	0	1	1	0	1	24	Hypnozoite	0	Asexual 1	2.93758546006696	-0.754476247910656	-3.36732460531989	-4.14687741337024	1.28473051145607	-2.47428986245538	-2.2327347370446	-4.11576759935579	2.05403265440474	-2.44119335773813	-5.02327013072664	2.76332778505235	-2.05792932007097	-13.0112397611795	10.8180413923358
612_GCCGTGAGTCTATGAC	3100	1205	36093191	SRR19573612	Ruberto2022_1	4	2022	Cambodia_Mondulkiri	10x_Chomium_V3	HiSeq X Ten	infected hepatocyte	BioIVT:BGW	Infected host hepatocytes	Liver stage	Cambodia field isolate	5	None	1	612_GCCGTGAGTCTATGAC	Schizont	NA	NA	NA	0	0	0	0	1	1	1	1	0	1	36	Schizont (Liver stage)	1	Asexual 2	4.82271371972577	3.22007531058391	-2.61245347533026	-2.55805886326038	1.006829696446	-5.67850133592034	4.93923173068923	-1.88704717660733	6.9319365084071	1.15454542855625	-3.05204266438696	7.08150775116661	15.9976372155936	-3.81186779872633	12.1205896263758
612_GCCTGTTAGTGGCCTC	3233	1206	36093191	SRR19573612	Ruberto2022_1	4	2022	Cambodia_Mondulkiri	10x_Chomium_V3	HiSeq X Ten	infected hepatocyte	BioIVT:BGW	Infected host hepatocytes	Liver stage	Cambodia field isolate	5	None	1	612_GCCTGTTAGTGGCCTC	Schizont	NA	NA	NA	0	0	0	0	1	1	1	1	0	1	24	Schizont (Liver stage)	1	Asexual 2	4.72250352990644	3.12246841322979	-2.53134991202155	-2.72817409572803	1.15093775346809	-5.28547784501458	3.06750311372645	-2.6930156027052	7.60717924184186	-0.532543997267332	-3.89765695682392	7.76133074323622	16.0754695955983	-4.31555280196563	12.3924741652074
612_GCGAGAACATTACGGT	802	584	36093191	SRR19573612	Ruberto2022_1	4	2022	Cambodia_Mondulkiri	10x_Chomium_V3	HiSeq X Ten	infected hepatocyte	BioIVT:BGW	Infected host hepatocytes	Liver stage	Cambodia field isolate	5	None	1	612_GCGAGAACATTACGGT	Hypnozoite	NA	NA	NA	0	0	0	0	0	0	1	1	0	1	36	Hypnozoite	0	Asexual 1	4.01301036965864	2.35161322486003	-2.00820709738532	-2.88807309208118	-0.31867061302132	-3.32584544831658	-1.29344249388942	-1.69912088231257	4.24816438913552	-1.26397461696545	-2.60418194752788	4.61632886514673	2.11418654221417	-2.36474917460431	15.406266853756
612_GCGATCGAGCGACTGA	2608	1181	36093191	SRR19573612	Ruberto2022_1	4	2022	Cambodia_Mondulkiri	10x_Chomium_V3	HiSeq X Ten	infected hepatocyte	BioIVT:BGW	Infected host hepatocytes	Liver stage	Cambodia field isolate	5	None	1	612_GCGATCGAGCGACTGA	Schizont	NA	NA	NA	0	0	0	0	1	1	1	1	0	1	24	Schizont (Liver stage)	1	Asexual 2	4.83293758523481	3.25699633490642	-2.60524441275397	-2.66301954326832	1.00908823564582	-5.67441484147454	5.38387768275463	-2.63603867829834	5.71571657092063	1.56510550085629	-3.8261771765353	5.84046138306058	15.9988515513904	-3.84496551786365	12.1310999701508
612_GCGATCGAGGTCCTGC	418	311	36093191	SRR19573612	Ruberto2022_1	4	2022	Cambodia_Mondulkiri	10x_Chomium_V3	HiSeq X Ten	infected hepatocyte	BioIVT:BGW	Infected host hepatocytes	Liver stage	Cambodia field isolate	5	None	1	612_GCGATCGAGGTCCTGC	Schizont	NA	NA	NA	0	0	0	0	0	0	1	1	0	1	24	Schizont (Liver stage)	0	Asexual 1	3.43005334031598	-0.0340673314372673	-2.95688058409491	-3.97915947971546	1.77690251424842	-2.87820765191461	-5.52373567558119	-2.32611502687097	3.9692406758391	-5.8347460502191	-3.31895023272248	4.84428657359399	4.73515340241313	-13.5497362433993	18.0020944358834
612_GCGGAAACAGCTATTG	591	469	36093191	SRR19573612	Ruberto2022_1	4	2022	Cambodia_Mondulkiri	10x_Chomium_V3	HiSeq X Ten	infected hepatocyte	BioIVT:BGW	Infected host hepatocytes	Liver stage	Cambodia field isolate	5	None	1	612_GCGGAAACAGCTATTG	Hypnozoite	NA	NA	NA	0	0	0	0	0	0	1	1	0	1	24	Hypnozoite	0	Asexual 1	3.15978919160383	-0.499888239983715	-3.21867872748175	-3.14396918354236	1.17053933694892	-3.09623119050408	-4.07195064783718	-2.52728888495091	3.43604375621203	-4.36726217312981	-3.51869784917497	4.25088419771944	6.17426395275467	-9.15615506072655	11.9184325946661
612_GCTACCTAGCCAACCC	30	28	36093191	SRR19573612	Ruberto2022_1	4	2022	Cambodia_Mondulkiri	10x_Chomium_V3	HiSeq X Ten	infected hepatocyte	BioIVT:BGW	Infected host hepatocytes	Liver stage	Cambodia field isolate	5	None	1	612_GCTACCTAGCCAACCC	Hypnozoite	NA	NA	NA	0	0	0	0	0	0	0	0	1	0	42	Hypnozoite	0	Asexual 1	-0.613802863240076	-3.20067769158284	-2.8859088567237	-3.28892887172901	2.31192501142555	3.0400998908863	-11.9053686708677	-2.14400774828135	0.686572330189576	-9.40977388917971	-2.12763762002687	0.68041121203615	-3.44000205876697	-11.529630319523	-6.47807641240032
612_GCTGAATAGTAGTCTC	3987	1747	36093191	SRR19573612	Ruberto2022_1	4	2022	Cambodia_Mondulkiri	10x_Chomium_V3	HiSeq X Ten	infected hepatocyte	BioIVT:BGW	Infected host hepatocytes	Liver stage	Cambodia field isolate	5	None	1	612_GCTGAATAGTAGTCTC	Schizont	NA	NA	NA	0	0	0	0	1	1	1	1	0	1	36	Schizont (Liver stage)	1	Asexual 2	5.28055177819745	3.68213337790569	-2.71835161719122	-1.25483406124317	-0.614379865378803	-6.19875451737786	11.4879193567196	0.366696989154533	6.40244116290566	8.48124907350322	0.397696553638328	6.91191912533508	14.1617525337132	5.15021402962835	11.1799640754364
612_GCTTGGGCAAGTTGGG	177	132	36093191	SRR19573612	Ruberto2022_1	4	2022	Cambodia_Mondulkiri	10x_Chomium_V3	HiSeq X Ten	infected hepatocyte	BioIVT:BGW	Infected host hepatocytes	Liver stage	Cambodia field isolate	5	None	1	612_GCTTGGGCAAGTTGGG	Hypnozoite	NA	NA	NA	0	0	0	0	0	0	0	0	0	0	32	Hypnozoite	0	Asexual 1	1.29496441972272	-2.87075883019368	-3.69502116713324	-2.97386873302662	2.76334364965492	-0.0441770237102593	-8.90269366670547	-3.65992405005365	1.5802920312399	-6.54812924555024	-3.67603462382717	1.58341249957455	-1.94148061173616	-13.4445151088308	4.9827528227996
612_GCTTTCGGTGGAAGTC	350	277	36093191	SRR19573612	Ruberto2022_1	4	2022	Cambodia_Mondulkiri	10x_Chomium_V3	HiSeq X Ten	infected hepatocyte	BioIVT:BGW	Infected host hepatocytes	Liver stage	Cambodia field isolate	5	None	1	612_GCTTTCGGTGGAAGTC	Hypnozoite	NA	NA	NA	0	0	0	0	0	0	0	1	0	0	24	Hypnozoite	0	Asexual 1	1.80488299024122	-2.05913454163472	-3.4886007455329	-3.43207777080738	1.63339980199867	-1.06270262414361	-6.05815094911439	-3.42615243802598	2.70042271128972	-5.09681538844221	-3.82609396881401	2.87405533309703	0.688273829068053	-13.0166851582194	7.03568594949464
612_GGAATCTAGTGAGGTC	9094	2240	36093191	SRR19573612	Ruberto2022_1	4	2022	Cambodia_Mondulkiri	10x_Chomium_V3	HiSeq X Ten	infected hepatocyte	BioIVT:BGW	Infected host hepatocytes	Liver stage	Cambodia field isolate	5	None	1	612_GGAATCTAGTGAGGTC	Schizont	NA	NA	NA	0	0	0	0	1	1	1	1	0	1	24	Schizont (Liver stage)	1	Asexual 2	4.99865566384809	3.49991577994426	-2.64892508063117	-2.70455515918934	0.164272340684467	-6.15709945374871	11.1552274592668	-0.482816408889283	5.68677791655079	7.26387547679343	-1.46942925822086	5.87188466572971	18.360340706692	-0.897919612715594	13.6096012349764
612_GGAATGGGTGGCAGAT	55	40	36093191	SRR19573612	Ruberto2022_1	4	2022	Cambodia_Mondulkiri	10x_Chomium_V3	HiSeq X Ten	infected hepatocyte	BioIVT:BGW	Infected host hepatocytes	Liver stage	Cambodia field isolate	5	None	1	612_GGAATGGGTGGCAGAT	Hypnozoite	NA	NA	NA	0	0	0	0	0	0	0	0	1	0	42	Hypnozoite	0	Asexual 1	-0.137304423332049	-3.31408172715107	-3.22150756392279	-3.17521060047352	2.70206435277992	2.09495762175178	-11.385151441677	-3.29437915480073	1.88329194967695	-8.89679359201256	-3.27980825546088	1.87769939624026	-8.24635307219649	-11.6587550511493	-2.31157792574834
612_GGAATGGTCGATCCCT	8573	2234	36093191	SRR19573612	Ruberto2022_1	4	2022	Cambodia_Mondulkiri	10x_Chomium_V3	HiSeq X Ten	infected hepatocyte	BioIVT:BGW	Infected host hepatocytes	Liver stage	Cambodia field isolate	5	None	1	612_GGAATGGTCGATCCCT	Schizont	NA	NA	NA	0	0	0	0	1	1	1	1	0	1	36	Schizont (Liver stage)	1	Asexual 2	5.30984150064008	3.67240995299419	-2.82878352675238	-1.90983379421436	-0.592418593615956	-5.9331576507702	10.8476727090138	-1.19506404729611	6.45085742842124	7.02097510456093	-1.86414618356284	6.64102469979453	14.509729789445	3.12550682515555	12.4107686182816
612_GGACGTCAGCGACTAG	1198	712	36093191	SRR19573612	Ruberto2022_1	4	2022	Cambodia_Mondulkiri	10x_Chomium_V3	HiSeq X Ten	infected hepatocyte	BioIVT:BGW	Infected host hepatocytes	Liver stage	Cambodia field isolate	5	None	1	612_GGACGTCAGCGACTAG	Schizont	NA	NA	NA	0	0	0	0	1	1	1	1	0	1	36	Schizont (Liver stage)	1	Asexual 2	4.42294965875165	2.62393707167705	-1.56379748854437	-2.24177134571277	-0.875588995665974	-3.98630711251641	1.13382927573887	-2.33809727319388	5.28528553200862	0.921210640229657	-2.99422950552889	5.67531366311512	4.90215061651331	2.81283549844416	11.9022674511947
612_GGAGCAAGTTATGTGC	68	67	36093191	SRR19573612	Ruberto2022_1	4	2022	Cambodia_Mondulkiri	10x_Chomium_V3	HiSeq X Ten	infected hepatocyte	BioIVT:BGW	Infected host hepatocytes	Liver stage	Cambodia field isolate	5	None	1	612_GGAGCAAGTTATGTGC	Hypnozoite	NA	NA	NA	0	0	0	0	0	0	0	0	1	0	24	Hypnozoite	0	Asexual 1	-0.18674491155131	-3.08534008133809	-2.75628830466071	-3.66764510212146	1.53568811967903	2.02805927580451	-10.6602592317229	-2.80755668589859	1.61228737797645	-8.19672197731251	-2.79882784616713	1.6080149887918	-0.381315016189427	-12.8431486158079	-2.53414768035003
612_GGAGGATAGCAAATCA	254	210	36093191	SRR19573612	Ruberto2022_1	4	2022	Cambodia_Mondulkiri	10x_Chomium_V3	HiSeq X Ten	infected hepatocyte	BioIVT:BGW	Infected host hepatocytes	Liver stage	Cambodia field isolate	5	None	1	612_GGAGGATAGCAAATCA	Schizont	NA	NA	NA	0	0	0	0	0	0	1	1	0	1	36	Schizont (Liver stage)	0	Asexual 1	2.35817133080976	-2.0595112429897	-3.38389731917182	-3.68838322696888	1.95674880102211	-1.64134213143731	-7.35299440677728	-1.75832811170893	3.72958472369292	-6.78459882818696	-2.29870527831303	4.07022407597783	2.21326741947673	-17.3132069873138	11.1699803571663
612_GGAGGATGTCCACTTC	5085	1707	36093191	SRR19573612	Ruberto2022_1	4	2022	Cambodia_Mondulkiri	10x_Chomium_V3	HiSeq X Ten	infected hepatocyte	BioIVT:BGW	Infected host hepatocytes	Liver stage	Cambodia field isolate	5	None	1	612_GGAGGATGTCCACTTC	Schizont	NA	NA	NA	0	0	0	0	1	1	1	1	0	1	36	Schizont (Liver stage)	1	Asexual 2	5.28611408364789	3.65175694357952	-2.7838192132453	-2.373308067896	-0.479919535369343	-5.4980499427929	8.18662460874348	-2.78621151029033	7.20557923225412	4.22923455847331	-3.86444523884812	7.16750949176033	14.1045079233382	2.86438298030494	12.8359719705483
612_GGAGGTAAGAATCCCT	1669	946	36093191	SRR19573612	Ruberto2022_1	4	2022	Cambodia_Mondulkiri	10x_Chomium_V3	HiSeq X Ten	infected hepatocyte	BioIVT:BGW	Infected host hepatocytes	Liver stage	Cambodia field isolate	5	None	1	612_GGAGGTAAGAATCCCT	Schizont	NA	NA	NA	0	0	0	0	0	0	1	1	0	1	36	Schizont (Liver stage)	0	Asexual 1	4.85885320794599	3.21163839232524	-2.66192032370368	-3.35443533001148	1.08652813985878	-4.77062818223382	2.99807849325193	-3.21619784264537	5.1396455031946	0.398448580690283	-4.39292363198549	5.50729136184645	12.6443725550273	-7.04133151877405	15.5359889647839
612_GGAGGTAAGGTAGACC	657	500	36093191	SRR19573612	Ruberto2022_1	4	2022	Cambodia_Mondulkiri	10x_Chomium_V3	HiSeq X Ten	infected hepatocyte	BioIVT:BGW	Infected host hepatocytes	Liver stage	Cambodia field isolate	5	None	1	612_GGAGGTAAGGTAGACC	Hypnozoite	NA	NA	NA	0	0	0	0	0	0	1	1	0	1	36	Hypnozoite	0	Asexual 1	3.99767409455793	1.90634721648296	-2.30361773047247	-3.01089489994251	0.548724251537853	-3.55961343461419	-0.551270364321154	-2.41757320738504	2.83674910594929	-1.07241317523156	-3.44673165987482	3.55015722309272	3.4941476457734	-6.36250440856604	13.2542707150751
612_GGAGGTAGTAGAATAC	553	420	36093191	SRR19573612	Ruberto2022_1	4	2022	Cambodia_Mondulkiri	10x_Chomium_V3	HiSeq X Ten	infected hepatocyte	BioIVT:BGW	Infected host hepatocytes	Liver stage	Cambodia field isolate	5	None	1	612_GGAGGTAGTAGAATAC	Hypnozoite	NA	NA	NA	0	0	0	0	0	0	1	1	0	1	24	Hypnozoite	0	Asexual 1	3.41871176850812	-0.29004281628529	-3.10768057379523	-3.76599753437244	1.22403486326271	-3.3912555854931	-3.42415920508222	-2.29313869124279	4.05876319382007	-3.61172431724559	-3.31259962233372	4.98130122877189	5.53051955787039	-12.0761204522286	15.6245266921065
612_GGCAGTCCAGGTTCAT	96	74	36093191	SRR19573612	Ruberto2022_1	4	2022	Cambodia_Mondulkiri	10x_Chomium_V3	HiSeq X Ten	infected hepatocyte	BioIVT:BGW	Infected host hepatocytes	Liver stage	Cambodia field isolate	5	None	1	612_GGCAGTCCAGGTTCAT	Hypnozoite	NA	NA	NA	0	0	0	0	0	0	0	0	1	0	12	Hypnozoite	0	Asexual 1	-0.584135843396021	-3.25543242562214	-2.94603396925727	-3.08659256038868	2.35480745389991	3.02767852133369	-9.87430335066654	-3.57832659560921	1.13707499138919	-7.38339310019847	-3.5631935545876	1.131239166356	-0.98692974845902	-10.844041985118	-5.35883971964131
612_GGCGTCAAGTCGGCAA	342	270	36093191	SRR19573612	Ruberto2022_1	4	2022	Cambodia_Mondulkiri	10x_Chomium_V3	HiSeq X Ten	infected hepatocyte	BioIVT:BGW	Infected host hepatocytes	Liver stage	Cambodia field isolate	5	None	1	612_GGCGTCAAGTCGGCAA	Hypnozoite	NA	NA	NA	0	0	0	0	0	0	0	0	0	0	32	Hypnozoite	0	Asexual 1	1.96028803479688	-2.17163878548542	-3.65933276686469	-3.44599021015369	1.82666798189216	-1.06714716369058	-6.31848607842956	-2.85886700673203	2.47789127571066	-5.13939827962168	-3.18743211177688	2.60851991253674	0.310719096180534	-13.0360886052292	6.99535926348349
612_GGCTGTGAGCCTCTTC	63	33	36093191	SRR19573612	Ruberto2022_1	4	2022	Cambodia_Mondulkiri	10x_Chomium_V3	HiSeq X Ten	infected hepatocyte	BioIVT:BGW	Infected host hepatocytes	Liver stage	Cambodia field isolate	5	None	1	612_GGCTGTGAGCCTCTTC	Hypnozoite	NA	NA	NA	0	0	0	0	0	0	0	0	1	0	24	Hypnozoite	0	Asexual 1	-0.118491930842234	-3.39425784218708	-3.2005160001258	-3.24345958767139	2.93646939352089	2.27769950216865	-11.2930137729975	-3.40458408462868	2.16497641449077	-8.80043291801895	-3.38907725356113	2.15910398348324	-7.86895565103891	-12.2709102136248	-3.45179697670929
612_GGGACAAAGCACTAGG	429	351	36093191	SRR19573612	Ruberto2022_1	4	2022	Cambodia_Mondulkiri	10x_Chomium_V3	HiSeq X Ten	infected hepatocyte	BioIVT:BGW	Infected host hepatocytes	Liver stage	Cambodia field isolate	5	None	1	612_GGGACAAAGCACTAGG	Hypnozoite	NA	NA	NA	0	0	0	0	0	0	1	1	0	1	36	Hypnozoite	0	Asexual 1	3.18101583611982	-0.817592798356213	-3.32958723578253	-3.43387306270801	2.10499175146156	-3.10217734986688	-4.43188984230618	-3.14054810607613	3.08572125820079	-4.76432219551131	-4.13530777567549	3.98405352520562	7.51507952435264	-14.9381430552267	12.3524753221994
612_GGGACTCAGAGGTATT	546	204	36093191	SRR19573612	Ruberto2022_1	4	2022	Cambodia_Mondulkiri	10x_Chomium_V3	HiSeq X Ten	infected hepatocyte	BioIVT:BGW	Infected host hepatocytes	Liver stage	Cambodia field isolate	5	None	1	612_GGGACTCAGAGGTATT	Hypnozoite	NA	NA	NA	0	0	0	0	0	0	0	0	6	6	32	Hypnozoite	0	Asexual 1	-4.02326883184893	-1.29323607552449	-2.82547570738593	-4.05743563709461	-0.834687394351429	0.700364978967658	-6.16841335712282	-2.40245091623136	2.93026830319909	-5.08119421754871	-2.48074125633347	3.73105304342659	-3.48524465832929	1.78514920248752	0.440439431730729
612_GGGACTCCACGCAGTC	1028	538	36093191	SRR19573612	Ruberto2022_1	4	2022	Cambodia_Mondulkiri	10x_Chomium_V3	HiSeq X Ten	infected hepatocyte	BioIVT:BGW	Infected host hepatocytes	Liver stage	Cambodia field isolate	5	None	1	612_GGGACTCCACGCAGTC	Schizont	NA	NA	NA	0	0	0	0	0	0	1	1	0	1	36	Schizont (Liver stage)	0	Asexual 1	4.15781484735029	1.98622948062023	-2.47158218893805	-3.16257727680408	1.71605880811744	-4.16606136971856	-3.35003868615304	-2.82182110226081	5.54689390948366	-4.2398523599689	-3.88247779559342	6.34406555189818	12.671404643917	-9.76326773182138	13.8125699744285
612_GGGAGATGTAGGATAT	160	67	36093191	SRR19573612	Ruberto2022_1	4	2022	Cambodia_Mondulkiri	10x_Chomium_V3	HiSeq X Ten	infected hepatocyte	BioIVT:BGW	Infected host hepatocytes	Liver stage	Cambodia field isolate	5	None	1	612_GGGAGATGTAGGATAT	Hypnozoite	NA	NA	NA	0	0	0	0	0	0	0	0	1	0	32	Hypnozoite	0	Asexual 1	-0.414263827681376	-3.56269055474202	-3.03588749441901	-3.20188916263782	2.23205884054237	3.14520028418159	-11.2411520724404	-3.23955984095571	1.54959731720068	-8.74777917246184	-3.22387126274264	1.54364987426474	-5.5744375998262	-11.4668657932259	-5.72910022671881
612_GGGAGTAGTATGGTAA	633	503	36093191	SRR19573612	Ruberto2022_1	4	2022	Cambodia_Mondulkiri	10x_Chomium_V3	HiSeq X Ten	infected hepatocyte	BioIVT:BGW	Infected host hepatocytes	Liver stage	Cambodia field isolate	5	None	1	612_GGGAGTAGTATGGTAA	Hypnozoite	NA	NA	NA	0	0	0	0	0	0	1	1	0	1	24	Hypnozoite	0	Asexual 1	3.85058222901838	1.84303230177959	-1.79178453955451	-2.64475811062061	-0.463396144360966	-3.13060137444878	-2.22184777864659	-2.89621222730323	2.81466132440989	-2.09414233028683	-3.72480556861964	3.03509187265791	1.73255207714108	-1.82238494102246	14.5551718138495
612_GGGAGTATCGCCACTT	1916	819	36093191	SRR19573612	Ruberto2022_1	4	2022	Cambodia_Mondulkiri	10x_Chomium_V3	HiSeq X Ten	infected hepatocyte	BioIVT:BGW	Infected host hepatocytes	Liver stage	Cambodia field isolate	5	None	1	612_GGGAGTATCGCCACTT	Schizont	NA	NA	NA	0	0	0	0	0	0	1	1	0	1	36	Schizont (Liver stage)	0	Asexual 1	4.38635860574262	2.79467743765911	-2.33204962286749	-2.81667435703479	1.40504963949256	-4.62586518937493	0.320989731343081	-3.52745825700263	6.53119974096386	-2.1835533505626	-4.68446063982895	6.94032704240376	12.5123118963547	-8.11561985302172	11.9846088810779
612_GGGATCCGTACGAAAT	710	523	36093191	SRR19573612	Ruberto2022_1	4	2022	Cambodia_Mondulkiri	10x_Chomium_V3	HiSeq X Ten	infected hepatocyte	BioIVT:BGW	Infected host hepatocytes	Liver stage	Cambodia field isolate	5	None	1	612_GGGATCCGTACGAAAT	Hypnozoite	NA	NA	NA	0	0	0	0	0	0	1	1	0	1	32	Hypnozoite	0	Asexual 1	3.19583426606672	-0.259266673211254	-3.26446534666815	-4.0131059938451	0.555106061249309	-3.73835179025079	-1.50295463046392	-2.99833390608726	1.83974859971317	-1.62621223508879	-3.99272702713931	2.55880762479792	3.64480573522103	-10.2228382343539	15.2771019771823
612_GGGCCATCACCAGTTA	274	247	36093191	SRR19573612	Ruberto2022_1	4	2022	Cambodia_Mondulkiri	10x_Chomium_V3	HiSeq X Ten	infected hepatocyte	BioIVT:BGW	Infected host hepatocytes	Liver stage	Cambodia field isolate	5	None	1	612_GGGCCATCACCAGTTA	Hypnozoite	NA	NA	NA	0	0	0	0	0	0	0	0	6	0	6	Hypnozoite	0	Asexual 1	-0.287742150902582	-2.41462713349263	-2.58238126311102	-4.04779303608143	0.181778910308414	1.35960319822883	-7.31082601925362	-3.38663184440586	0.597798925166369	-5.05846060044806	-3.43335723425354	0.60591335285187	1.14861127355154	-8.40479613531081	1.48990167400545
612_GGGCGTTGTCCGAAGA	460	370	36093191	SRR19573612	Ruberto2022_1	4	2022	Cambodia_Mondulkiri	10x_Chomium_V3	HiSeq X Ten	infected hepatocyte	BioIVT:BGW	Infected host hepatocytes	Liver stage	Cambodia field isolate	5	None	1	612_GGGCGTTGTCCGAAGA	Hypnozoite	NA	NA	NA	0	0	0	0	0	0	1	1	0	1	36	Hypnozoite	0	Asexual 1	2.64710484635847	-1.30165439713398	-3.4878351834754	-3.63316143093311	1.39771421506935	-2.63219854051019	-4.3640149665724	-3.09382668986315	3.37122590976385	-4.58343846020022	-4.00697849450485	4.06477140729071	3.51259590556899	-11.3588868934443	13.1024144737365
612_GGGCTCACATCGATAC	487	375	36093191	SRR19573612	Ruberto2022_1	4	2022	Cambodia_Mondulkiri	10x_Chomium_V3	HiSeq X Ten	infected hepatocyte	BioIVT:BGW	Infected host hepatocytes	Liver stage	Cambodia field isolate	5	None	1	612_GGGCTCACATCGATAC	Hypnozoite	NA	NA	NA	0	0	0	0	0	0	1	1	0	1	36	Hypnozoite	0	Asexual 1	3.23374401223676	-0.831128774766125	-3.26563908133307	-3.34046185550892	1.6801569040113	-3.10343000108148	-4.14466394518943	-2.70533415550876	2.92493067505683	-4.45651540308979	-3.69950832337807	3.81490974919618	5.98945979160918	-13.1257681889086	13.0198118226163
612_GGGTAGATCGAACCTA	108	55	36093191	SRR19573612	Ruberto2022_1	4	2022	Cambodia_Mondulkiri	10x_Chomium_V3	HiSeq X Ten	infected hepatocyte	BioIVT:BGW	Infected host hepatocytes	Liver stage	Cambodia field isolate	5	None	1	612_GGGTAGATCGAACCTA	Hypnozoite	NA	NA	NA	0	0	0	0	0	0	0	0	1	0	24	Hypnozoite	0	Asexual 1	-0.669044209599329	-3.32517987358967	-2.98010350737372	-3.33438194332325	2.67695410802894	2.74617079084968	-11.6725754516215	-3.16783823344285	0.749240797304297	-9.17787184498823	-3.15184970289453	0.743233597958848	-6.69108019706826	-13.6491008371523	-6.26631675076765
612_GGGTCTGAGTAGCATA	702	498	36093191	SRR19573612	Ruberto2022_1	4	2022	Cambodia_Mondulkiri	10x_Chomium_V3	HiSeq X Ten	infected hepatocyte	BioIVT:BGW	Infected host hepatocytes	Liver stage	Cambodia field isolate	5	None	1	612_GGGTCTGAGTAGCATA	Hypnozoite	NA	NA	NA	0	0	0	0	0	0	1	1	0	1	12	Hypnozoite	0	Asexual 1	4.04001723420637	0.371878357048832	-2.75468637022772	-3.66701639232837	1.65764983251625	-3.67830464059258	-2.29003295895438	-3.92459002966503	4.24352365948551	-2.56901188638087	-4.95689797880905	5.17466834144368	7.73235962651778	-13.2675447336036	15.8510527546213
612_GGGTGAAGTGCAACAG	263	206	36093191	SRR19573612	Ruberto2022_1	4	2022	Cambodia_Mondulkiri	10x_Chomium_V3	HiSeq X Ten	infected hepatocyte	BioIVT:BGW	Infected host hepatocytes	Liver stage	Cambodia field isolate	5	None	1	612_GGGTGAAGTGCAACAG	Hypnozoite	NA	NA	NA	0	0	0	0	0	0	0	0	0	0	36	Hypnozoite	0	Asexual 1	1.59898160588758	-2.20201712716023	-3.70652534041205	-3.08772552547657	2.23319109037452	-0.640261931361207	-7.07006987121131	-2.26325200057577	2.60925979806758	-4.94942634983526	-2.31293973222866	2.67534401996964	-0.824750156427464	-12.3520447273813	5.68958177637263
612_GGGTGTCGTCTCACGG	574	464	36093191	SRR19573612	Ruberto2022_1	4	2022	Cambodia_Mondulkiri	10x_Chomium_V3	HiSeq X Ten	infected hepatocyte	BioIVT:BGW	Infected host hepatocytes	Liver stage	Cambodia field isolate	5	None	1	612_GGGTGTCGTCTCACGG	Hypnozoite	NA	NA	NA	0	0	0	0	0	0	1	1	0	1	24	Hypnozoite	0	Asexual 1	4.24089847695844	0.66457205582758	-1.7093084004859	-2.82483232555591	-0.123867032379574	-2.95451780969048	-2.35469146271555	-3.2688211231832	3.51455285828369	-2.23436837124149	-4.14056379787783	3.8111078571133	1.62102834394266	-2.6661502271054	15.1561666600464
612_GGGTTATGTGGATCGA	148	112	36093191	SRR19573612	Ruberto2022_1	4	2022	Cambodia_Mondulkiri	10x_Chomium_V3	HiSeq X Ten	infected hepatocyte	BioIVT:BGW	Infected host hepatocytes	Liver stage	Cambodia field isolate	5	None	1	612_GGGTTATGTGGATCGA	Schizont	NA	NA	NA	0	0	0	0	0	0	0	0	0	0	12	Schizont (Liver stage)	0	Asexual 1	1.65215693604963	-2.31232482064167	-3.5514817384223	-3.2895997816106	2.3271182353788	-0.224285123886117	-9.01275341505772	-3.27216080540513	3.31736100793791	-6.87696688396915	-3.33893289357381	3.3393768330424	-2.3615420678485	-14.691684431137	5.58442299791005
612_GGGTTTAAGTACCGGA	436	364	36093191	SRR19573612	Ruberto2022_1	4	2022	Cambodia_Mondulkiri	10x_Chomium_V3	HiSeq X Ten	infected hepatocyte	BioIVT:BGW	Infected host hepatocytes	Liver stage	Cambodia field isolate	5	None	1	612_GGGTTTAAGTACCGGA	Hypnozoite	NA	NA	NA	0	0	0	0	0	0	1	1	0	1	24	Hypnozoite	0	Asexual 1	3.04680787217634	-0.683138548020519	-3.39504648718634	-3.59561956463062	1.77043314531379	-3.5690264385357	-2.533753856496	-3.35214199702801	2.41682500312004	-2.80250212663881	-4.35853382232054	3.29857263161906	5.9489123647196	-11.7710333858617	13.1134771657813
612_GGGTTTACACCATTCC	366	274	36093191	SRR19573612	Ruberto2022_1	4	2022	Cambodia_Mondulkiri	10x_Chomium_V3	HiSeq X Ten	infected hepatocyte	BioIVT:BGW	Infected host hepatocytes	Liver stage	Cambodia field isolate	5	None	1	612_GGGTTTACACCATTCC	Schizont	NA	NA	NA	0	0	0	0	0	0	1	1	0	1	32	Schizont (Liver stage)	0	Asexual 1	2.74111066949384	-1.28827291596333	-3.0923822072486	-2.61208737430774	0.446850406675869	-2.13680454903985	-5.81062984271911	-3.02330730571961	4.36841483597595	-5.74427043321308	-3.76139127960887	4.35375348953806	0.921471938605025	-4.00419555259854	10.9713120385887
612_GGTCACGAGCCAAGCA	44	32	36093191	SRR19573612	Ruberto2022_1	4	2022	Cambodia_Mondulkiri	10x_Chomium_V3	HiSeq X Ten	infected hepatocyte	BioIVT:BGW	Infected host hepatocytes	Liver stage	Cambodia field isolate	5	None	1	612_GGTCACGAGCCAAGCA	Hypnozoite	NA	NA	NA	0	0	0	0	0	0	0	0	1	0	42	Hypnozoite	0	Asexual 1	-0.210302276491953	-3.38986283409993	-2.87994123968878	-3.41726887760364	2.66913827016883	2.97909739798164	-11.8779580111451	-3.0115086183751	0.976482590506787	-9.38706488236825	-2.99632820992267	0.970669601160713	-4.62100981932303	-11.8296106069715	-6.74212699763313
612_GGTCACGAGCTCACTA	61	21	36093191	SRR19573612	Ruberto2022_1	4	2022	Cambodia_Mondulkiri	10x_Chomium_V3	HiSeq X Ten	infected hepatocyte	BioIVT:BGW	Infected host hepatocytes	Liver stage	Cambodia field isolate	5	None	1	612_GGTCACGAGCTCACTA	Hypnozoite	NA	NA	NA	0	0	0	0	0	0	0	0	1	0	32	Hypnozoite	0	Asexual 1	-0.766258610367609	-3.424968062524	-3.17324258360663	-2.78007925090992	2.61401923254066	3.03694251364326	-12.1206162108455	-3.36330036497369	1.17371821379729	-9.61686438779019	-3.3449389835093	1.16681593974161	-11.8658634672168	-12.2973993976555	-6.70114636592182
612_GGTCACGGTGCCGGTT	224	185	36093191	SRR19573612	Ruberto2022_1	4	2022	Cambodia_Mondulkiri	10x_Chomium_V3	HiSeq X Ten	infected hepatocyte	BioIVT:BGW	Infected host hepatocytes	Liver stage	Cambodia field isolate	5	None	1	612_GGTCACGGTGCCGGTT	Hypnozoite	NA	NA	NA	0	0	0	0	0	0	0	0	0	0	36	Hypnozoite	0	Asexual 1	1.5359474290611	-2.19346362221638	-2.62498904738227	-3.78086460170948	1.03838248804145	-0.450349738372066	-6.83246036952159	-2.15415937735112	2.0108860800131	-5.63867520436145	-2.48604351879968	2.13829669470723	2.67945579546104	-13.9505894646726	4.61065515143608
612_GGTGTCGAGTCCCGGT	172	159	36093191	SRR19573612	Ruberto2022_1	4	2022	Cambodia_Mondulkiri	10x_Chomium_V3	HiSeq X Ten	infected hepatocyte	BioIVT:BGW	Infected host hepatocytes	Liver stage	Cambodia field isolate	5	None	1	612_GGTGTCGAGTCCCGGT	Hypnozoite	NA	NA	NA	0	0	0	0	0	0	0	0	0	0	24	Hypnozoite	0	Asexual 1	-0.0319820101855527	-3.04901176560322	-2.94148541960517	-3.62203324375354	2.02598484113746	0.845664890466682	-7.65474144975032	-4.03739277075914	1.67245004938776	-5.31300511333844	-4.05737439702992	1.67532378889105	-0.759825966793062	-10.8395386696982	2.75370554279299
612_GTAACCAGTGGCCACT	1724	1089	36093191	SRR19573612	Ruberto2022_1	4	2022	Cambodia_Mondulkiri	10x_Chomium_V3	HiSeq X Ten	infected hepatocyte	BioIVT:BGW	Infected host hepatocytes	Liver stage	Cambodia field isolate	5	None	1	612_GTAACCAGTGGCCACT	Hypnozoite	NA	NA	NA	0	0	0	0	1	1	1	1	0	1	24	Hypnozoite	1	Asexual 2	5.18100439202802	3.5792793644627	-2.80098368201056	-2.13757956562244	-0.475494486541218	-5.63031121903802	5.5437011850881	-1.3937537251066	3.52053644016349	2.87303312116957	-2.49848521672024	3.59054344084118	9.89233600994013	-0.401205154120188	10.9280355100329
612_GTAACCAGTGGCCCAT	6357	1835	36093191	SRR19573612	Ruberto2022_1	4	2022	Cambodia_Mondulkiri	10x_Chomium_V3	HiSeq X Ten	infected hepatocyte	BioIVT:BGW	Infected host hepatocytes	Liver stage	Cambodia field isolate	5	None	1	612_GTAACCAGTGGCCCAT	Schizont	NA	NA	NA	0	0	0	0	1	1	1	1	0	1	24	Schizont (Liver stage)	1	Asexual 2	4.89286695611493	3.3721830261906	-2.63408328566352	-2.44974029598438	0.703170555382305	-6.17267486268426	8.34088206661753	-0.821597194561911	6.7325456643009	4.49455503526236	-1.63653462218931	7.11174749125348	18.0468347794985	-1.76427443199358	12.5242710993396
612_GTAAGTCGTGACTATC	91	82	36093191	SRR19573612	Ruberto2022_1	4	2022	Cambodia_Mondulkiri	10x_Chomium_V3	HiSeq X Ten	infected hepatocyte	BioIVT:BGW	Infected host hepatocytes	Liver stage	Cambodia field isolate	5	None	1	612_GTAAGTCGTGACTATC	Hypnozoite	NA	NA	NA	0	0	0	0	0	0	0	0	0	0	6	Hypnozoite	0	Asexual 1	0.84600638043897	-3.47870570290486	-2.82583142790595	-2.90023840007984	2.04940612867408	0.474359901605598	-10.4972846095545	-3.33012423076477	1.86358786968309	-8.12618462108532	-3.34241264017941	1.86362422680854	-3.39128687213856	-17.0224753909759	5.31543038609577
612_GTACAACGTATGAAAC	4135	1476	36093191	SRR19573612	Ruberto2022_1	4	2022	Cambodia_Mondulkiri	10x_Chomium_V3	HiSeq X Ten	infected hepatocyte	BioIVT:BGW	Infected host hepatocytes	Liver stage	Cambodia field isolate	5	None	1	612_GTACAACGTATGAAAC	Schizont	NA	NA	NA	0	0	0	0	1	1	1	1	0	1	36	Schizont (Liver stage)	1	Asexual 2	5.06168972146528	3.44807285201152	-2.77585531744757	-2.55378687916004	0.43520106628471	-5.71982833558465	6.65345328946463	-2.85893124540538	6.60580740803365	2.79856551445575	-3.87379345767093	6.83328988158419	13.4619401881292	-2.13957069216421	11.3468264554808
612_GTACAGTCATCTCCCA	160	145	36093191	SRR19573612	Ruberto2022_1	4	2022	Cambodia_Mondulkiri	10x_Chomium_V3	HiSeq X Ten	infected hepatocyte	BioIVT:BGW	Infected host hepatocytes	Liver stage	Cambodia field isolate	5	None	1	612_GTACAGTCATCTCCCA	Hypnozoite	NA	NA	NA	0	0	0	0	0	0	0	0	1	0	24	Hypnozoite	0	Asexual 1	-0.201895309567286	-3.16423231232563	-2.93142534765997	-3.37789738712513	2.31760104253822	2.3722052890644	-9.39869887722336	-2.23920554527928	1.84565171588378	-6.94093768675533	-2.23160130469299	1.84149168923737	1.16217859111681	-10.0264405508261	-1.55821072802526
612_GTACAGTCATGACCCG	372	302	36093191	SRR19573612	Ruberto2022_1	4	2022	Cambodia_Mondulkiri	10x_Chomium_V3	HiSeq X Ten	infected hepatocyte	BioIVT:BGW	Infected host hepatocytes	Liver stage	Cambodia field isolate	5	None	1	612_GTACAGTCATGACCCG	Hypnozoite	NA	NA	NA	0	0	0	0	0	0	1	1	0	1	36	Hypnozoite	0	Asexual 1	2.24796043527143	-2.22218376267353	-3.44114352736273	-3.12198508320057	1.59765990331703	-1.77423533612634	-5.17992222616828	-3.16048988607274	2.83523895531873	-4.93136060658193	-3.82718313513579	3.20428423700623	-0.0829066958805521	-8.2960831609475	11.8842204484035
612_GTAGAAAGTGGCCACT	5125	1757	36093191	SRR19573612	Ruberto2022_1	4	2022	Cambodia_Mondulkiri	10x_Chomium_V3	HiSeq X Ten	infected hepatocyte	BioIVT:BGW	Infected host hepatocytes	Liver stage	Cambodia field isolate	5	None	1	612_GTAGAAAGTGGCCACT	Schizont	NA	NA	NA	0	0	0	0	1	1	1	1	0	1	32	Schizont (Liver stage)	1	Asexual 2	5.28799043786542	3.65268939864238	-2.81304670843878	-1.90472448406421	-0.539871883840031	-5.80947992020989	9.70106877722438	-0.909318377144797	6.74381722609671	6.00681233906582	-1.47629263790396	6.98773981911314	14.3514797196253	3.06567679128645	12.3490218771649
612_GTAGCTAGTTCTCCTG	139	126	36093191	SRR19573612	Ruberto2022_1	4	2022	Cambodia_Mondulkiri	10x_Chomium_V3	HiSeq X Ten	infected hepatocyte	BioIVT:BGW	Infected host hepatocytes	Liver stage	Cambodia field isolate	5	None	1	612_GTAGCTAGTTCTCCTG	Hypnozoite	NA	NA	NA	0	0	0	0	0	0	0	0	1	0	24	Hypnozoite	0	Asexual 1	0.105782287240194	-3.09945922959248	-2.98830629858771	-3.45826209125721	1.97661789014869	1.82796886747932	-9.34715634953005	-3.49155595467464	1.56952459451369	-6.89689139199465	-3.48572010028874	1.56610193797243	-1.67192688658627	-11.6455925269597	-1.1135782290481
612_GTAGGTTGTTCTATCT	387	314	36093191	SRR19573612	Ruberto2022_1	4	2022	Cambodia_Mondulkiri	10x_Chomium_V3	HiSeq X Ten	infected hepatocyte	BioIVT:BGW	Infected host hepatocytes	Liver stage	Cambodia field isolate	5	None	1	612_GTAGGTTGTTCTATCT	Hypnozoite	NA	NA	NA	0	0	0	0	0	0	1	1	0	1	32	Hypnozoite	0	Asexual 1	3.06709443223493	-0.60688155758778	-3.3421893266181	-3.76155317363941	1.22660549238258	-2.75782248193169	-4.19574748692011	-2.81094375694069	2.82740781591269	-4.42411959287311	-3.75048179452856	3.57477811466566	4.2431722117008	-11.7186019275725	13.9078835055093
612_GTAGTACCACACACTA	487	392	36093191	SRR19573612	Ruberto2022_1	4	2022	Cambodia_Mondulkiri	10x_Chomium_V3	HiSeq X Ten	infected hepatocyte	BioIVT:BGW	Infected host hepatocytes	Liver stage	Cambodia field isolate	5	None	1	612_GTAGTACCACACACTA	Hypnozoite	NA	NA	NA	0	0	0	0	0	0	1	1	0	1	32	Hypnozoite	0	Asexual 1	3.54197322022931	-0.208746372346081	-0.427860334251314	-2.45095789966785	-0.584417385310597	-2.31763765031243	-4.24879728285521	-2.64799194418217	2.5348807388138	-4.1843036360841	-3.42526539663885	2.58582429287816	-1.79456356786918	-1.0723494679361	13.8578133635239
612_GTATTGGAGTTGCTCA	206	182	36093191	SRR19573612	Ruberto2022_1	4	2022	Cambodia_Mondulkiri	10x_Chomium_V3	HiSeq X Ten	infected hepatocyte	BioIVT:BGW	Infected host hepatocytes	Liver stage	Cambodia field isolate	5	None	1	612_GTATTGGAGTTGCTCA	Hypnozoite	NA	NA	NA	0	0	0	0	0	0	0	0	0	0	36	Hypnozoite	0	Asexual 1	0.740207301497625	-2.90677767861287	-2.04368735823432	-3.44356453952991	1.44858439519935	0.300153525529853	-7.33371752474029	-2.94476569868908	1.06183676415848	-5.2294913981479	-3.02907036529629	1.06744630721161	1.01454818453768	-10.6793725578518	1.99734239586382
612_GTATTGGGTACAGAAT	347	263	36093191	SRR19573612	Ruberto2022_1	4	2022	Cambodia_Mondulkiri	10x_Chomium_V3	HiSeq X Ten	infected hepatocyte	BioIVT:BGW	Infected host hepatocytes	Liver stage	Cambodia field isolate	5	None	1	612_GTATTGGGTACAGAAT	Hypnozoite	NA	NA	NA	0	0	0	0	0	0	0	0	0	0	24	Hypnozoite	0	Asexual 1	1.88350044381635	-2.3833408938686	-3.64139796767035	-3.08344662723743	2.16323121145301	-1.33897301370049	-7.29889727937778	-3.3933212347657	3.62077862906895	-5.73945028242449	-3.62580305658448	3.73307052696338	-2.06731804087594	-16.9523036539555	9.77512612329635
612_GTATTTCCAAACTGCT	215	175	36093191	SRR19573612	Ruberto2022_1	4	2022	Cambodia_Mondulkiri	10x_Chomium_V3	HiSeq X Ten	infected hepatocyte	BioIVT:BGW	Infected host hepatocytes	Liver stage	Cambodia field isolate	5	None	1	612_GTATTTCCAAACTGCT	Hypnozoite	NA	NA	NA	0	0	0	0	0	0	0	0	0	0	32	Hypnozoite	0	Asexual 1	1.67435203683393	-2.38358336556355	-3.60687352690497	-3.31353915271961	2.49726756170326	0.0376445967540657	-8.19376820757964	-2.78465360806142	1.46084417609918	-5.88776766951608	-2.81291999438455	1.46831863051899	-1.64446484005767	-13.0511470727888	5.54341049873857
612_GTATTTCGTAGACAGC	588	447	36093191	SRR19573612	Ruberto2022_1	4	2022	Cambodia_Mondulkiri	10x_Chomium_V3	HiSeq X Ten	infected hepatocyte	BioIVT:BGW	Infected host hepatocytes	Liver stage	Cambodia field isolate	5	None	1	612_GTATTTCGTAGACAGC	Hypnozoite	NA	NA	NA	0	0	0	0	1	1	1	1	0	1	32	Hypnozoite	1	Asexual 2	3.12326203477399	-0.583492337350048	-3.27756072554389	0.32991042198933	1.12727733209663	-5.04867192918206	-3.15366392202466	-1.58780467774828	2.21526682759419	-3.3940521057768	-0.395319318395319	4.43497158673748	7.28717221003634	0.0658931253387205	-0.19948522213762
612_GTCAAACCACCAGTAT	3647	1416	36093191	SRR19573612	Ruberto2022_1	4	2022	Cambodia_Mondulkiri	10x_Chomium_V3	HiSeq X Ten	infected hepatocyte	BioIVT:BGW	Infected host hepatocytes	Liver stage	Cambodia field isolate	5	None	1	612_GTCAAACCACCAGTAT	Schizont	NA	NA	NA	0	0	0	0	1	1	1	1	0	1	24	Schizont (Liver stage)	1	Asexual 2	5.08568702828901	3.49747985732158	-2.71362806830206	-2.59744227466785	0.214170950203472	-5.7554847877636	7.12942186473754	-2.10774145252943	6.86014073733976	3.21854900104083	-3.1794350979731	6.99612240395183	14.2435242203694	-1.29918332509179	12.3911635633265
612_GTCACGGCAACGGTAG	870	654	36093191	SRR19573612	Ruberto2022_1	4	2022	Cambodia_Mondulkiri	10x_Chomium_V3	HiSeq X Ten	infected hepatocyte	BioIVT:BGW	Infected host hepatocytes	Liver stage	Cambodia field isolate	5	None	1	612_GTCACGGCAACGGTAG	Hypnozoite	NA	NA	NA	0	0	0	0	0	0	1	1	0	1	36	Hypnozoite	0	Asexual 1	4.647689687133	2.30719107520183	-1.81465007338324	-3.00709999141895	-0.554575902671284	-4.03699061089898	1.41093738317195	-3.53670875909732	3.4554053225773	1.20190331676603	-4.51785567426489	3.92563180714229	4.24482022867251	-1.18974533356973	19.3264071888392
612_GTCACGGGTCAAATCC	272	218	36093191	SRR19573612	Ruberto2022_1	4	2022	Cambodia_Mondulkiri	10x_Chomium_V3	HiSeq X Ten	infected hepatocyte	BioIVT:BGW	Infected host hepatocytes	Liver stage	Cambodia field isolate	5	None	1	612_GTCACGGGTCAAATCC	Schizont	NA	NA	NA	0	0	0	0	0	0	0	0	0	0	36	Schizont (Liver stage)	0	Asexual 1	2.14820943963544	-2.74648767578999	-3.11595131430426	-3.4079440885564	2.37994392469459	-0.717484591545113	-8.24234627763276	-1.48951326324679	2.37478802096026	-6.71558080355993	-1.7113974929351	2.45890094862198	0.160584334602328	-16.1459789553423	8.41425348974708
612_GTCACTCAGCATGCGA	437	348	36093191	SRR19573612	Ruberto2022_1	4	2022	Cambodia_Mondulkiri	10x_Chomium_V3	HiSeq X Ten	infected hepatocyte	BioIVT:BGW	Infected host hepatocytes	Liver stage	Cambodia field isolate	5	None	1	612_GTCACTCAGCATGCGA	Hypnozoite	NA	NA	NA	0	0	0	0	0	0	1	1	0	1	24	Hypnozoite	0	Asexual 1	3.04595481050031	-0.774633465890087	-3.29916860136786	-4.07100594577991	1.42042227342659	-2.49557253533746	-4.67485253124296	-3.42877621405451	3.89029096997361	-4.92355326329059	-4.34983571458938	4.62993087312856	2.78897013843927	-14.2984017134695	15.1952667988069
612_GTCACTCTCCACGAAT	5746	1959	36093191	SRR19573612	Ruberto2022_1	4	2022	Cambodia_Mondulkiri	10x_Chomium_V3	HiSeq X Ten	infected hepatocyte	BioIVT:BGW	Infected host hepatocytes	Liver stage	Cambodia field isolate	5	None	1	612_GTCACTCTCCACGAAT	Schizont	NA	NA	NA	0	0	0	0	1	1	1	1	0	1	32	Schizont (Liver stage)	1	Asexual 2	5.24957929742353	3.63043469321331	-2.79582978758612	-1.91310513553821	-0.629313034266895	-5.99911185914422	10.3901441898474	-0.786604044926277	7.18794868658777	6.65021044119892	-1.29588857789357	7.46061183547438	14.9477096462617	3.20490131594294	12.2635325488273
612_GTCAGCGTCTAGAGCT	11577	2395	36093191	SRR19573612	Ruberto2022_1	4	2022	Cambodia_Mondulkiri	10x_Chomium_V3	HiSeq X Ten	infected hepatocyte	BioIVT:BGW	Infected host hepatocytes	Liver stage	Cambodia field isolate	5	None	1	612_GTCAGCGTCTAGAGCT	Schizont	NA	NA	NA	0	0	0	0	1	1	1	1	0	1	24	Schizont (Liver stage)	1	Asexual 2	5.30121360909955	3.63303107153972	-2.86581803831854	-2.05187476215564	-0.449644905776447	-5.96748515778924	11.6820661058451	-1.6374605126525	7.05136140070375	7.63482458980906	-2.58341224924375	7.15378559891334	15.756357071363	2.67532815586292	12.5796334854113
612_GTCATTTGTTCCGCAG	79	62	36093191	SRR19573612	Ruberto2022_1	4	2022	Cambodia_Mondulkiri	10x_Chomium_V3	HiSeq X Ten	infected hepatocyte	BioIVT:BGW	Infected host hepatocytes	Liver stage	Cambodia field isolate	5	None	1	612_GTCATTTGTTCCGCAG	Hypnozoite	NA	NA	NA	0	0	0	0	0	0	0	0	1	0	6	Hypnozoite	0	Asexual 1	-0.685580266594721	-2.9555175887386	-3.30934931311408	-2.99635279712879	2.09629996374183	2.98081568068122	-10.5463541130942	-2.31339309718404	1.68239505256657	-8.04853603853986	-2.29614988286966	1.67595081707053	-6.28554260885584	-10.1790852151061	-5.20055014618787
612_GTCCACTTCAAGATAG	5302	1798	36093191	SRR19573612	Ruberto2022_1	4	2022	Cambodia_Mondulkiri	10x_Chomium_V3	HiSeq X Ten	infected hepatocyte	BioIVT:BGW	Infected host hepatocytes	Liver stage	Cambodia field isolate	5	None	1	612_GTCCACTTCAAGATAG	Schizont	NA	NA	NA	0	0	0	0	1	1	1	1	0	1	36	Schizont (Liver stage)	1	Asexual 2	5.07195078027265	3.50941318404277	-2.7267861512641	-2.57127368984424	0.313957768230968	-6.13647386247063	8.82946177286449	-1.46045643128086	7.49067745393899	4.94754328093502	-2.35556055623176	7.78371979259482	16.3019776520917	-0.442211668655534	12.6537054901023
612_GTCCCATAGGTGATCG	361	273	36093191	SRR19573612	Ruberto2022_1	4	2022	Cambodia_Mondulkiri	10x_Chomium_V3	HiSeq X Ten	infected hepatocyte	BioIVT:BGW	Infected host hepatocytes	Liver stage	Cambodia field isolate	5	None	1	612_GTCCCATAGGTGATCG	Hypnozoite	NA	NA	NA	0	0	0	0	0	0	1	1	0	1	36	Hypnozoite	0	Asexual 1	2.69338713777082	-1.62197691071431	-3.36551667723456	-3.74291170177662	1.61396225050026	-2.09031507188226	-5.85283992918098	-3.30381071466001	3.63543630910321	-6.05761980073981	-4.16488803716483	4.29845778960403	3.38562897009482	-14.5439319812099	13.417193215013
612_GTCCCATCAGTAGTTC	25731	3286	36093191	SRR19573612	Ruberto2022_1	4	2022	Cambodia_Mondulkiri	10x_Chomium_V3	HiSeq X Ten	infected hepatocyte	BioIVT:BGW	Infected host hepatocytes	Liver stage	Cambodia field isolate	5	None	1	612_GTCCCATCAGTAGTTC	Schizont	NA	NA	NA	0	0	0	0	1	1	1	1	0	1	24	Schizont (Liver stage)	1	Asexual 2	5.32970939767377	3.70639389884075	-2.81653358015814	-1.93138635692798	-0.885484558791584	-5.70525809937859	14.3040852088115	-1.23968918915977	6.86316432567441	10.3406589368972	-2.10629285321289	6.78307844322565	14.5444591770151	4.09694258976346	12.648917681271
612_GTCCTCAGTTGTCTAG	225	198	36093191	SRR19573612	Ruberto2022_1	4	2022	Cambodia_Mondulkiri	10x_Chomium_V3	HiSeq X Ten	infected hepatocyte	BioIVT:BGW	Infected host hepatocytes	Liver stage	Cambodia field isolate	5	None	1	612_GTCCTCAGTTGTCTAG	Hypnozoite	NA	NA	NA	0	0	0	0	0	0	0	0	6	0	24	Hypnozoite	0	Asexual 1	-0.448106957554651	-2.42214828598896	-2.55541469130316	-4.04667914447986	0.203957366495663	1.24930063074683	-7.30747753245315	-2.65496802313419	2.145440727199	-5.26541978099892	-2.76078328692321	2.15944665100772	1.25437302165921	-8.60359623436438	1.61770611618396
612_GTCGAATTCTTCTAAC	711	517	36093191	SRR19573612	Ruberto2022_1	4	2022	Cambodia_Mondulkiri	10x_Chomium_V3	HiSeq X Ten	infected hepatocyte	BioIVT:BGW	Infected host hepatocytes	Liver stage	Cambodia field isolate	5	None	1	612_GTCGAATTCTTCTAAC	Hypnozoite	NA	NA	NA	0	0	0	0	0	0	1	1	0	1	36	Hypnozoite	0	Asexual 1	3.77979384553449	0.693146829869352	-2.43998338255683	-3.1214245611211	-0.196243343204922	-3.18136831933404	-2.06362837915123	-1.47934384713607	3.98036829801009	-1.93895096241715	-2.3706313956882	4.35151003548218	3.07080212024613	-3.12681098270722	13.9310766109435
612_GTCGTAAAGCGCTGCT	134	112	36093191	SRR19573612	Ruberto2022_1	4	2022	Cambodia_Mondulkiri	10x_Chomium_V3	HiSeq X Ten	infected hepatocyte	BioIVT:BGW	Infected host hepatocytes	Liver stage	Cambodia field isolate	5	None	1	612_GTCGTAAAGCGCTGCT	Hypnozoite	NA	NA	NA	0	0	0	0	0	0	0	0	0	0	6	Hypnozoite	0	Asexual 1	0.476435588717626	-3.04440957177082	-3.91541196379462	-2.40007961330616	2.96407325819069	0.919687064348212	-8.88242054823687	-2.77249321451125	1.44182146120362	-6.43098593382219	-2.76499793573435	1.43931419477893	-3.54659997426079	-7.06878511729207	0.210540856389431
612_GTCGTAACAGCGATTT	162	146	36093191	SRR19573612	Ruberto2022_1	4	2022	Cambodia_Mondulkiri	10x_Chomium_V3	HiSeq X Ten	infected hepatocyte	BioIVT:BGW	Infected host hepatocytes	Liver stage	Cambodia field isolate	5	None	1	612_GTCGTAACAGCGATTT	Hypnozoite	NA	NA	NA	0	0	0	0	0	0	0	0	0	0	24	Hypnozoite	0	Asexual 1	1.38397251260297	-2.63152795899311	-3.61957408461371	-3.14954817829334	2.30571992948585	0.0212841648445045	-8.30414788239857	-4.78395895482316	2.23960954061032	-6.03652886537714	-4.82005081606462	2.24850499324845	-3.58280661010514	-13.5729220537239	5.08978531632838
612_GTCGTAAGTCATCCCT	642	505	36093191	SRR19573612	Ruberto2022_1	4	2022	Cambodia_Mondulkiri	10x_Chomium_V3	HiSeq X Ten	infected hepatocyte	BioIVT:BGW	Infected host hepatocytes	Liver stage	Cambodia field isolate	5	None	1	612_GTCGTAAGTCATCCCT	Hypnozoite	NA	NA	NA	0	0	0	0	0	0	1	1	0	1	24	Hypnozoite	0	Asexual 1	4.25363432061689	2.32126349341472	-2.44658066305914	-4.21528542576038	1.03207011774116	-3.93276759797479	-1.00915515843756	-1.11403635725568	3.43753975893225	-1.8039255155263	-2.18886729760555	4.16735120912441	6.11034862436704	-11.7199841593572	15.4298975519832
612_GTCGTAATCGTGAGAG	51	41	36093191	SRR19573612	Ruberto2022_1	4	2022	Cambodia_Mondulkiri	10x_Chomium_V3	HiSeq X Ten	infected hepatocyte	BioIVT:BGW	Infected host hepatocytes	Liver stage	Cambodia field isolate	5	None	1	612_GTCGTAATCGTGAGAG	Hypnozoite	NA	NA	NA	0	0	0	0	0	0	0	0	1	0	42	Hypnozoite	0	Asexual 1	-0.665577126622034	-3.24127679932515	-3.06560231718817	-3.17670143184864	2.70899208143287	3.4464547950611	-12.1256815383829	-2.44867058855694	0.730919224434124	-9.62634379040829	-2.43139761580024	0.724425512319375	-4.20331428096663	-9.56699101577848	-8.36325240317469
612_GTCTAGACATACTGAC	2659	1190	36093191	SRR19573612	Ruberto2022_1	4	2022	Cambodia_Mondulkiri	10x_Chomium_V3	HiSeq X Ten	infected hepatocyte	BioIVT:BGW	Infected host hepatocytes	Liver stage	Cambodia field isolate	5	None	1	612_GTCTAGACATACTGAC	Schizont	NA	NA	NA	0	0	0	0	1	1	1	1	0	1	36	Schizont (Liver stage)	1	Asexual 2	5.08690200936811	3.47558516394695	-2.77014829191962	-2.82239950237476	0.367438780813747	-5.40792867356683	5.80797514963564	-2.13205950429144	6.75774967496362	2.09313640760599	-3.28689257113349	6.89854729293049	12.0947835369195	-2.64972667651969	12.7937581638545
612_GTCTCACTCTACCACC	11684	2472	36093191	SRR19573612	Ruberto2022_1	4	2022	Cambodia_Mondulkiri	10x_Chomium_V3	HiSeq X Ten	infected hepatocyte	BioIVT:BGW	Infected host hepatocytes	Liver stage	Cambodia field isolate	5	None	1	612_GTCTCACTCTACCACC	Schizont	NA	NA	NA	0	0	0	0	1	1	1	1	0	1	36	Schizont (Liver stage)	1	Asexual 2	5.19720874917524	3.5960451973637	-2.79386521849433	-2.24562848148548	-0.36421967789597	-6.10234090501214	11.9411743113062	-1.066291786742	7.10298921193481	7.94508748836822	-1.95305585623356	7.25365503003964	16.2687815347793	2.09880943608504	12.7403390373501
612_GTCTGTCAGGGTTAAT	287	235	36093191	SRR19573612	Ruberto2022_1	4	2022	Cambodia_Mondulkiri	10x_Chomium_V3	HiSeq X Ten	infected hepatocyte	BioIVT:BGW	Infected host hepatocytes	Liver stage	Cambodia field isolate	5	None	1	612_GTCTGTCAGGGTTAAT	Schizont	NA	NA	NA	0	0	0	0	0	0	1	1	0	0	24	Schizont (Liver stage)	0	Asexual 1	2.71212159287946	-1.78235870469014	-3.24884559187689	-3.45097911892139	1.86176164701515	-1.57764968091393	-7.03681353350778	-3.2804659289249	3.01041884154052	-6.413714307116	-3.79247772522267	3.2939688503411	2.00964653171736	-16.5881466669084	10.1166184699954
612_GTGAGCCCACGACAAG	359	269	36093191	SRR19573612	Ruberto2022_1	4	2022	Cambodia_Mondulkiri	10x_Chomium_V3	HiSeq X Ten	infected hepatocyte	BioIVT:BGW	Infected host hepatocytes	Liver stage	Cambodia field isolate	5	None	1	612_GTGAGCCCACGACAAG	Hypnozoite	NA	NA	NA	0	0	0	0	0	0	0	0	0	0	32	Hypnozoite	0	Asexual 1	1.95847891461866	-2.38108831513325	-3.59721828970709	-3.49012339649402	2.23476894453102	-1.42034330779458	-6.80319223467003	-2.38796367686264	1.24620908427605	-5.70228773235604	-2.77586078353033	1.49976380196307	-0.885307627268338	-14.7156012905694	7.63505536930325
612_GTGAGCCCATGCGTGC	633	501	36093191	SRR19573612	Ruberto2022_1	4	2022	Cambodia_Mondulkiri	10x_Chomium_V3	HiSeq X Ten	infected hepatocyte	BioIVT:BGW	Infected host hepatocytes	Liver stage	Cambodia field isolate	5	None	1	612_GTGAGCCCATGCGTGC	Hypnozoite	NA	NA	NA	0	0	0	0	1	1	1	1	0	1	24	Hypnozoite	1	Asexual 2	3.11434494149702	-0.480616627816357	-3.33076025519171	-0.028667708613507	1.23387785509162	-5.15997716599847	-2.0146390287576	-3.87070279089824	2.39512066038917	-2.29453184608689	-2.69671133613811	4.65167351119176	7.18436759081538	-0.868396103246231	0.401838805603782
612_GTGAGTTGTTCTCCAC	85	70	36093191	SRR19573612	Ruberto2022_1	4	2022	Cambodia_Mondulkiri	10x_Chomium_V3	HiSeq X Ten	infected hepatocyte	BioIVT:BGW	Infected host hepatocytes	Liver stage	Cambodia field isolate	5	None	1	612_GTGAGTTGTTCTCCAC	Hypnozoite	NA	NA	NA	0	0	0	0	0	0	0	0	1	0	24	Hypnozoite	0	Asexual 1	-0.600981665730311	-3.21396332848469	-3.04924894842902	-3.10472333965503	2.00546248510414	2.99101284330939	-10.7671887017173	-3.45408593797429	1.4925138286152	-8.26814354381108	-3.43703675518187	1.48610176739511	-4.7308739010026	-11.0942919995867	-5.57905512372097
612_GTGCGTGCAGAACTTC	113	99	36093191	SRR19573612	Ruberto2022_1	4	2022	Cambodia_Mondulkiri	10x_Chomium_V3	HiSeq X Ten	infected hepatocyte	BioIVT:BGW	Infected host hepatocytes	Liver stage	Cambodia field isolate	5	None	1	612_GTGCGTGCAGAACTTC	Hypnozoite	NA	NA	NA	0	0	0	0	0	0	0	0	1	0	36	Hypnozoite	0	Asexual 1	0.283333035230802	-3.29717618096272	-3.09272576842108	-3.50964725551807	2.8809614951902	2.13222626036262	-9.51120627285675	-3.50243517892421	2.08233699782718	-7.03440101468984	-3.49056320437984	2.07741873302403	-4.39165966743335	-9.13624378154961	-3.56104490099849
612_GTGGAAGTCATTTCGT	365	319	36093191	SRR19573612	Ruberto2022_1	4	2022	Cambodia_Mondulkiri	10x_Chomium_V3	HiSeq X Ten	infected hepatocyte	BioIVT:BGW	Infected host hepatocytes	Liver stage	Cambodia field isolate	5	None	1	612_GTGGAAGTCATTTCGT	Hypnozoite	NA	NA	NA	0	0	0	0	0	0	0	0	0	0	24	Hypnozoite	0	Asexual 1	1.81302724969404	-2.09510809052388	-3.7447419312934	-3.46633947429859	2.11556442335182	-1.49184807950402	-5.86374256912051	-2.14510623481849	2.05670517503602	-4.66793601152547	-2.50738448981211	2.29705232230937	-0.928046045220503	-12.6663865192321	5.87992341638665
612_GTGGAGAAGAGCCCAA	132	93	36093191	SRR19573612	Ruberto2022_1	4	2022	Cambodia_Mondulkiri	10x_Chomium_V3	HiSeq X Ten	infected hepatocyte	BioIVT:BGW	Infected host hepatocytes	Liver stage	Cambodia field isolate	5	None	1	612_GTGGAGAAGAGCCCAA	Hypnozoite	NA	NA	NA	0	0	0	0	0	0	0	0	1	0	42	Hypnozoite	0	Asexual 1	-0.242017848372294	-3.53152161705891	-3.01116229567328	-3.30976570186817	2.91903956487709	2.98194173163032	-10.8162410244302	-2.5864252465473	0.946591620396768	-8.327368110829	-2.57170125240013	0.940845434747574	-3.49026229432454	-9.88022140605447	-5.85313902707503
612_GTGGAGACACACAGCC	65	60	36093191	SRR19573612	Ruberto2022_1	4	2022	Cambodia_Mondulkiri	10x_Chomium_V3	HiSeq X Ten	infected hepatocyte	BioIVT:BGW	Infected host hepatocytes	Liver stage	Cambodia field isolate	5	None	1	612_GTGGAGACACACAGCC	Hypnozoite	NA	NA	NA	0	0	0	0	0	0	0	0	1	0	24	Hypnozoite	0	Asexual 1	-0.0208165104983579	-3.23197537529866	-3.11821819815436	-3.20301282940113	2.70965822294288	1.75672009771918	-9.86265366107352	-3.28997484672175	2.6050270696834	-7.39062611854083	-3.27917779500636	2.60044914573355	-7.23479142208266	-8.29436640211873	-0.804137037370501
612_GTGGTTATCTCAATCT	737	557	36093191	SRR19573612	Ruberto2022_1	4	2022	Cambodia_Mondulkiri	10x_Chomium_V3	HiSeq X Ten	infected hepatocyte	BioIVT:BGW	Infected host hepatocytes	Liver stage	Cambodia field isolate	5	None	1	612_GTGGTTATCTCAATCT	Hypnozoite	NA	NA	NA	0	0	0	0	0	0	1	1	0	1	36	Hypnozoite	0	Asexual 1	4.44262539041059	3.0644802464207	-2.01218606505194	-3.12916935024463	0.335325914173656	-4.44456502610589	0.240171428557658	-2.22328647134763	4.00782749232573	-1.48522891495615	-3.27164041458783	4.49555688850585	6.62642519893838	-5.21442301330319	10.5973825298226
612_GTGTGGCAGGGAGAAT	260	211	36093191	SRR19573612	Ruberto2022_1	4	2022	Cambodia_Mondulkiri	10x_Chomium_V3	HiSeq X Ten	infected hepatocyte	BioIVT:BGW	Infected host hepatocytes	Liver stage	Cambodia field isolate	5	None	1	612_GTGTGGCAGGGAGAAT	Schizont	NA	NA	NA	0	0	0	0	0	0	0	1	0	0	24	Schizont (Liver stage)	0	Asexual 1	2.15418611657636	-2.22355538475911	-3.44705630812445	-3.36952531871998	1.86278458192878	-1.25610038453484	-7.12010793613891	-4.12563633080242	2.96561279244887	-6.05154350347482	-4.47902039239739	3.11258237327563	0.496956392171052	-15.3175394998414	9.30835537813037
612_GTGTGGCTCCTTGGAA	283	217	36093191	SRR19573612	Ruberto2022_1	4	2022	Cambodia_Mondulkiri	10x_Chomium_V3	HiSeq X Ten	infected hepatocyte	BioIVT:BGW	Infected host hepatocytes	Liver stage	Cambodia field isolate	5	None	1	612_GTGTGGCTCCTTGGAA	Hypnozoite	NA	NA	NA	0	0	0	0	0	0	0	0	0	0	36	Hypnozoite	0	Asexual 1	2.1053415406944	-2.42119222748677	-2.8866298345069	-3.62937224445545	1.76320512846046	-0.728489516319283	-8.06622692418232	-2.75843562282928	2.28325974019002	-6.78685266989364	-3.04983043139864	2.38864155297433	0.881012347024232	-17.2000815722306	6.97176261413451
612_GTGTTAGGTGCGTGCT	215	178	36093191	SRR19573612	Ruberto2022_1	4	2022	Cambodia_Mondulkiri	10x_Chomium_V3	HiSeq X Ten	infected hepatocyte	BioIVT:BGW	Infected host hepatocytes	Liver stage	Cambodia field isolate	5	None	1	612_GTGTTAGGTGCGTGCT	Hypnozoite	NA	NA	NA	0	0	0	0	0	0	0	0	0	0	12	Hypnozoite	0	Asexual 1	0.905701147437261	-2.53313404190937	-3.15405441794196	-3.24584782657825	1.956989603787	0.591969044862739	-8.31548341667443	-3.38049483876918	2.02262108787876	-5.94457594187453	-3.39197610446227	2.02343253678669	-3.78466446290113	-13.0108414999709	4.51408207108335
612_GTGTTCCTCCATCACC	139	117	36093191	SRR19573612	Ruberto2022_1	4	2022	Cambodia_Mondulkiri	10x_Chomium_V3	HiSeq X Ten	infected hepatocyte	BioIVT:BGW	Infected host hepatocytes	Liver stage	Cambodia field isolate	5	None	1	612_GTGTTCCTCCATCACC	Hypnozoite	NA	NA	NA	0	0	0	0	0	0	0	0	0	0	12	Hypnozoite	0	Asexual 1	-0.210022104859186	-2.35685378182331	-2.3909239915351	-2.89041054783069	0.886546211987072	0.611062915979377	-8.30976741833827	-3.36490392753369	1.34999913764782	-6.05734849542	-3.41979636304861	1.34367534773462	1.23373185240039	-7.80900014362936	1.48233823206641
612_GTTACAGTCTATACGG	3175	1332	36093191	SRR19573612	Ruberto2022_1	4	2022	Cambodia_Mondulkiri	10x_Chomium_V3	HiSeq X Ten	infected hepatocyte	BioIVT:BGW	Infected host hepatocytes	Liver stage	Cambodia field isolate	5	None	1	612_GTTACAGTCTATACGG	Schizont	NA	NA	NA	0	0	0	0	1	1	1	1	0	1	36	Schizont (Liver stage)	1	Asexual 2	5.10353885781782	3.48466056716045	-2.80353833708563	-2.91582692203724	0.288701492100292	-5.52516338044549	6.18442723308385	-1.07920074137919	5.61015743566435	2.52830632681427	-2.26684902731702	5.73812754073432	13.4807104497835	-2.32680525606466	13.023660849201
612_GTTACCCCATGGATCT	4664	1776	36093191	SRR19573612	Ruberto2022_1	4	2022	Cambodia_Mondulkiri	10x_Chomium_V3	HiSeq X Ten	infected hepatocyte	BioIVT:BGW	Infected host hepatocytes	Liver stage	Cambodia field isolate	5	None	1	612_GTTACCCCATGGATCT	Schizont	NA	NA	NA	0	0	0	0	1	1	1	1	0	1	36	Schizont (Liver stage)	1	Asexual 2	5.09431682717817	3.5471143139561	-2.72895456824103	-2.51974070606434	-0.0563569676882688	-6.2396647613659	9.54682778560491	-1.16529019733433	4.52082042821402	5.55563388956248	-2.15421433405248	4.68907017267233	16.2181576672005	1.20226623303181	12.709404075961
612_GTTAGACCAAGCCCAC	43	35	36093191	SRR19573612	Ruberto2022_1	4	2022	Cambodia_Mondulkiri	10x_Chomium_V3	HiSeq X Ten	infected hepatocyte	BioIVT:BGW	Infected host hepatocytes	Liver stage	Cambodia field isolate	5	None	1	612_GTTAGACCAAGCCCAC	Hypnozoite	NA	NA	NA	0	0	0	0	0	0	0	0	1	0	6	Hypnozoite	0	Asexual 1	-0.567843390583826	-3.21560913193623	-2.84650088820258	-3.43360865650379	1.88629956796699	2.87339547461127	-12.2845742581735	-3.21339949556291	1.43736291445021	-9.79054164230582	-3.19757542787602	1.4314128567314	-4.64820037548876	-14.114281973415	-7.76962073185931
612_GTTGCGGAGACTCGAG	157	144	36093191	SRR19573612	Ruberto2022_1	4	2022	Cambodia_Mondulkiri	10x_Chomium_V3	HiSeq X Ten	infected hepatocyte	BioIVT:BGW	Infected host hepatocytes	Liver stage	Cambodia field isolate	5	None	1	612_GTTGCGGAGACTCGAG	Hypnozoite	NA	NA	NA	0	0	0	0	0	0	0	0	1	0	36	Hypnozoite	0	Asexual 1	-0.246060891032053	-3.19676738846699	-2.95079351935187	-3.66929352817737	2.60919268682533	3.32433942144965	-8.14959653296851	-2.84300419447849	1.08244114923212	-5.70646744357044	-2.83829391388079	1.07878183021844	0.281691359092191	-11.0100825843661	1.29433126599111
612_GTTGCGGAGCTACGTT	343	271	36093191	SRR19573612	Ruberto2022_1	4	2022	Cambodia_Mondulkiri	10x_Chomium_V3	HiSeq X Ten	infected hepatocyte	BioIVT:BGW	Infected host hepatocytes	Liver stage	Cambodia field isolate	5	None	1	612_GTTGCGGAGCTACGTT	Hypnozoite	NA	NA	NA	0	0	0	0	0	0	0	0	0	0	36	Hypnozoite	0	Asexual 1	1.43061028611677	-2.361660300378	-3.86780644926825	-2.56889594135486	2.23947222784095	-1.00750121289636	-5.12992958563073	-2.87591111002431	2.39621339917655	-3.02713528646433	-2.9847663330645	2.48082757236299	-0.797294838712506	-12.3061704497667	5.7153893668365
612_GTTGCGGGTTCGGTCG	321	285	36093191	SRR19573612	Ruberto2022_1	4	2022	Cambodia_Mondulkiri	10x_Chomium_V3	HiSeq X Ten	infected hepatocyte	BioIVT:BGW	Infected host hepatocytes	Liver stage	Cambodia field isolate	5	None	1	612_GTTGCGGGTTCGGTCG	Hypnozoite	NA	NA	NA	0	0	0	0	1	1	1	1	0	1	32	Hypnozoite	1	Asexual 2	1.90497778546827	-2.11884575951497	-3.79656459364691	0.30126259686745	1.32512648656898	-4.61226150208855	-5.11476755805486	-1.40311572174688	2.14654227996666	-5.31928799615393	-0.223200236495032	4.42691106903764	6.91103357565379	-0.106342824413161	-0.668628379202389
612_GTTGTAGAGCAGCACA	337	295	36093191	SRR19573612	Ruberto2022_1	4	2022	Cambodia_Mondulkiri	10x_Chomium_V3	HiSeq X Ten	infected hepatocyte	BioIVT:BGW	Infected host hepatocytes	Liver stage	Cambodia field isolate	5	None	1	612_GTTGTAGAGCAGCACA	Hypnozoite	NA	NA	NA	0	0	0	0	0	0	1	1	0	1	12	Hypnozoite	0	Asexual 1	2.94823919427411	-0.902906118516125	-3.34952379736701	-3.63861811695301	1.75292654588752	-2.97024890595818	-5.04048843696741	-3.25685887375366	2.9960339619517	-5.3288416906454	-4.23353330518344	3.85378248497603	6.29540970358685	-13.6870519017497	14.0434819245561
612_GTTGTAGAGCATTGTC	570	429	36093191	SRR19573612	Ruberto2022_1	4	2022	Cambodia_Mondulkiri	10x_Chomium_V3	HiSeq X Ten	infected hepatocyte	BioIVT:BGW	Infected host hepatocytes	Liver stage	Cambodia field isolate	5	None	1	612_GTTGTAGAGCATTGTC	Hypnozoite	NA	NA	NA	0	0	0	0	0	0	1	1	0	1	24	Hypnozoite	0	Asexual 1	3.12064610612409	-0.640965162400402	-3.24390436682501	-3.6316453271886	0.918964999466472	-3.02163764649774	-3.8852327510874	-2.99050507946638	3.94680707489183	-3.97719201734954	-3.90817467895092	4.51959795980831	2.9990222270124	-7.60503259010474	15.6873729432461
612_GTTGTAGGTAGGACCA	740	566	36093191	SRR19573612	Ruberto2022_1	4	2022	Cambodia_Mondulkiri	10x_Chomium_V3	HiSeq X Ten	infected hepatocyte	BioIVT:BGW	Infected host hepatocytes	Liver stage	Cambodia field isolate	5	None	1	612_GTTGTAGGTAGGACCA	Hypnozoite	NA	NA	NA	0	0	0	0	0	0	1	1	0	1	32	Hypnozoite	0	Asexual 1	4.11860118997114	1.61379856001934	-1.45124758753577	-2.46258867321216	-0.66714440032906	-2.89805814439202	-0.679234966053701	-3.09456216130462	1.72054288183178	-0.551079184049641	-3.86893233493015	1.95238335239849	0.983489329215027	-1.35257002440883	15.0428901449932
612_GTTGTCCAGTAGGAAG	282	233	36093191	SRR19573612	Ruberto2022_1	4	2022	Cambodia_Mondulkiri	10x_Chomium_V3	HiSeq X Ten	infected hepatocyte	BioIVT:BGW	Infected host hepatocytes	Liver stage	Cambodia field isolate	5	None	1	612_GTTGTCCAGTAGGAAG	Hypnozoite	NA	NA	NA	0	0	0	0	0	0	0	0	0	0	12	Hypnozoite	0	Asexual 1	1.08454536092298	-2.89936333763997	-3.58425880942145	-3.59146750507557	2.20796473577552	-0.479509243757972	-7.43096331959145	-2.35228452727151	0.382996562077579	-5.46300591508312	-2.46245083845246	0.420952539165815	-1.33325889679117	-13.4559983444513	5.66005140466802
612_GTTGTGAAGGAACATT	319	231	36093191	SRR19573612	Ruberto2022_1	4	2022	Cambodia_Mondulkiri	10x_Chomium_V3	HiSeq X Ten	infected hepatocyte	BioIVT:BGW	Infected host hepatocytes	Liver stage	Cambodia field isolate	5	None	1	612_GTTGTGAAGGAACATT	Hypnozoite	NA	NA	NA	0	0	0	0	0	0	0	0	0	0	12	Hypnozoite	0	Asexual 1	1.23370264661329	-3.18639641869465	-3.44037057432929	-3.19223082599842	2.44912226751381	-0.573855442942628	-6.06097776207556	-3.80328700864395	1.45547730860027	-4.05662674898613	-3.90803622504776	1.48927963554318	-2.16052205218631	-13.3493589186475	6.38383430544062
612_TAACCAGAGAAATGGG	13549	2737	36093191	SRR19573612	Ruberto2022_1	4	2022	Cambodia_Mondulkiri	10x_Chomium_V3	HiSeq X Ten	infected hepatocyte	BioIVT:BGW	Infected host hepatocytes	Liver stage	Cambodia field isolate	5	None	1	612_TAACCAGAGAAATGGG	Schizont	NA	NA	NA	0	0	0	0	1	1	1	1	0	1	24	Schizont (Liver stage)	1	Asexual 2	5.32719503533857	3.70123738181194	-2.77064038786688	-1.97843635616504	-0.816687566489643	-5.72811958009148	13.5620499464324	-0.548387973403861	6.96331469382766	9.56006371039642	-1.48633387963639	6.82230698180692	14.4871994054681	4.07016432920938	12.6688215380059
612_TAATTCCTCGACCCAG	73	40	36093191	SRR19573612	Ruberto2022_1	4	2022	Cambodia_Mondulkiri	10x_Chomium_V3	HiSeq X Ten	infected hepatocyte	BioIVT:BGW	Infected host hepatocytes	Liver stage	Cambodia field isolate	5	None	1	612_TAATTCCTCGACCCAG	Hypnozoite	NA	NA	NA	0	0	0	0	0	0	0	0	1	0	24	Hypnozoite	0	Asexual 1	-0.823840750336481	-3.17947488892476	-3.15468241247931	-3.00503314075672	2.57608874395424	2.86574986761664	-11.626842378769	-3.84404502397763	1.24715450121005	-9.12525570001153	-3.82636168660353	1.24053005150558	-8.31625083211403	-11.5129297060527	-6.71741700026985
612_TACAACGTCACTACTT	1651	1112	36093191	SRR19573612	Ruberto2022_1	4	2022	Cambodia_Mondulkiri	10x_Chomium_V3	HiSeq X Ten	infected hepatocyte	BioIVT:BGW	Infected host hepatocytes	Liver stage	Cambodia field isolate	5	None	1	612_TACAACGTCACTACTT	Hypnozoite	NA	NA	NA	0	1	2	2	2	2	2	2	2	2	36	Hypnozoite	2	Female gametocyte	3.0002173055412	3.96535486113628	-1.73858834776679	-0.309750204660527	-3.71401779100365	-3.35256072694207	10.572649640733	0.163533161895474	0.363424526848724	11.9619084863064	-0.76420301874193	0.382861284434382	-1.04181755629761	4.88078538870814	3.01947331637841
612_TACACCCAGCAACTCT	16066	2814	36093191	SRR19573612	Ruberto2022_1	4	2022	Cambodia_Mondulkiri	10x_Chomium_V3	HiSeq X Ten	infected hepatocyte	BioIVT:BGW	Infected host hepatocytes	Liver stage	Cambodia field isolate	5	None	1	612_TACACCCAGCAACTCT	Schizont	NA	NA	NA	0	0	0	0	1	1	1	1	0	1	24	Schizont (Liver stage)	1	Asexual 2	5.33224760186689	3.70809358489116	-2.81291843924323	-1.93156159458362	-0.792745095939106	-5.75274535828973	13.4337582930905	-0.730335598455671	6.80653395485887	9.41695044383633	-1.56090394026866	6.76900801597119	14.599185164201	3.96779773981766	12.6136865535696
612_TACATTCCAAACACCT	211	191	36093191	SRR19573612	Ruberto2022_1	4	2022	Cambodia_Mondulkiri	10x_Chomium_V3	HiSeq X Ten	infected hepatocyte	BioIVT:BGW	Infected host hepatocytes	Liver stage	Cambodia field isolate	5	None	1	612_TACATTCCAAACACCT	Hypnozoite	NA	NA	NA	0	0	0	0	0	0	0	0	0	0	36	Hypnozoite	0	Asexual 1	1.240463124633	-3.25911742318074	-2.40629388365546	-3.16370666561329	0.910971241741711	-0.660646883787164	-7.88530829620143	-3.4129523326152	0.994622151107712	-6.17161125935755	-3.60515277443627	1.00161245796872	0.725260870978768	-8.60210136778248	6.32656448950627
612_TACATTCCACACCGAC	603	434	36093191	SRR19573612	Ruberto2022_1	4	2022	Cambodia_Mondulkiri	10x_Chomium_V3	HiSeq X Ten	infected hepatocyte	BioIVT:BGW	Infected host hepatocytes	Liver stage	Cambodia field isolate	5	None	1	612_TACATTCCACACCGAC	Hypnozoite	NA	NA	NA	0	0	0	0	0	0	1	1	0	1	32	Hypnozoite	0	Asexual 1	3.29379283082502	-0.326524852399029	-3.16484762701789	-3.75939620075428	1.0451780135923	-3.47418996507073	-2.27960431831291	-3.79031161103569	4.0985904742063	-2.44190823761498	-4.80700805691625	4.98549980965649	4.87002760878748	-10.0899072303938	15.7322606795867
612_TACCTCGGTTAAGACA	753	550	36093191	SRR19573612	Ruberto2022_1	4	2022	Cambodia_Mondulkiri	10x_Chomium_V3	HiSeq X Ten	infected hepatocyte	BioIVT:BGW	Infected host hepatocytes	Liver stage	Cambodia field isolate	5	None	1	612_TACCTCGGTTAAGACA	Hypnozoite	NA	NA	NA	0	0	0	0	0	0	1	1	0	1	36	Hypnozoite	0	Asexual 1	3.81447826516645	1.76953989398082	-1.98406220946112	-3.38428390560352	-0.191026327461666	-3.31579229051019	-1.11891518866124	-3.06977302399093	3.2340258606955	-1.13931141634066	-3.9151756908261	3.58462389223889	0.762002422779727	-7.97013897093577	18.7951157412227
612_TACCTGCAGATCGGTG	182	156	36093191	SRR19573612	Ruberto2022_1	4	2022	Cambodia_Mondulkiri	10x_Chomium_V3	HiSeq X Ten	infected hepatocyte	BioIVT:BGW	Infected host hepatocytes	Liver stage	Cambodia field isolate	5	None	1	612_TACCTGCAGATCGGTG	Hypnozoite	NA	NA	NA	0	0	0	0	0	0	0	0	0	0	32	Hypnozoite	0	Asexual 1	1.86285351407544	-2.53439527619282	-3.45634891066352	-3.51788318691456	2.37128336980873	-0.55971953088189	-8.99114125880856	-2.58691369764983	3.51518464377788	-7.02238501145837	-2.69897960051129	3.55842295124597	-0.811812388381843	-18.2000574882317	6.89594165609792
612_TACCTGCGTAGCGTAG	348	256	36093191	SRR19573612	Ruberto2022_1	4	2022	Cambodia_Mondulkiri	10x_Chomium_V3	HiSeq X Ten	infected hepatocyte	BioIVT:BGW	Infected host hepatocytes	Liver stage	Cambodia field isolate	5	None	1	612_TACCTGCGTAGCGTAG	Hypnozoite	NA	NA	NA	0	0	0	0	0	0	1	1	0	1	36	Hypnozoite	0	Asexual 1	1.89168285024183	-2.78532820809285	-3.19721032652655	-2.76366794643604	1.3491535957151	-1.35141566211129	-6.38114768972141	-3.44685746642327	2.64296762682708	-4.91837011428628	-3.7074526969957	2.67725045934151	-2.10079846420715	-3.30220424546617	6.82927276964359
612_TACGCTCTCAAAGCCT	294	230	36093191	SRR19573612	Ruberto2022_1	4	2022	Cambodia_Mondulkiri	10x_Chomium_V3	HiSeq X Ten	infected hepatocyte	BioIVT:BGW	Infected host hepatocytes	Liver stage	Cambodia field isolate	5	None	1	612_TACGCTCTCAAAGCCT	Schizont	NA	NA	NA	0	0	0	0	0	0	1	1	0	1	42	Schizont (Liver stage)	0	Asexual 1	3.04102860581891	-1.1551093446056	-3.26947285208502	-3.60486996708118	1.58112950876289	-2.25516792947198	-5.18791176711483	-3.27481980277807	2.77414003666419	-5.35878947165365	-4.13930224630669	3.43090446810032	3.61867336820803	-14.0351326088638	12.885988735806
612_TACGGGCCAGCCGTTG	261	198	36093191	SRR19573612	Ruberto2022_1	4	2022	Cambodia_Mondulkiri	10x_Chomium_V3	HiSeq X Ten	infected hepatocyte	BioIVT:BGW	Infected host hepatocytes	Liver stage	Cambodia field isolate	5	None	1	612_TACGGGCCAGCCGTTG	Hypnozoite	NA	NA	NA	0	0	0	0	0	0	0	0	0	0	24	Hypnozoite	0	Asexual 1	2.22933922898786	-2.13360839951435	-3.59020902190009	-2.99445832309925	2.36231263235145	-1.2580768745556	-6.523090815968	-3.25566689825226	2.20594924604414	-5.07922402396505	-3.52463382966767	2.3551358925398	-2.12981100188761	-13.8976760681377	7.14044979912797
612_TACGGGCGTGTTCCTC	335	292	36093191	SRR19573612	Ruberto2022_1	4	2022	Cambodia_Mondulkiri	10x_Chomium_V3	HiSeq X Ten	infected hepatocyte	BioIVT:BGW	Infected host hepatocytes	Liver stage	Cambodia field isolate	5	None	1	612_TACGGGCGTGTTCCTC	Hypnozoite	NA	NA	NA	0	0	0	0	0	0	1	1	0	1	36	Hypnozoite	0	Asexual 1	2.51226102006452	-1.6101475344936	-3.37221004042426	-2.62653267917835	0.0984945769601401	-1.88872024232293	-4.65920385222137	-1.48176198555941	2.26280090575512	-4.60157365950147	-2.23064189117394	2.23647828651349	-0.84314160616381	-4.28011981824986	10.9433266381159
612_TACGTCCGTATCCTTT	344	286	36093191	SRR19573612	Ruberto2022_1	4	2022	Cambodia_Mondulkiri	10x_Chomium_V3	HiSeq X Ten	infected hepatocyte	BioIVT:BGW	Infected host hepatocytes	Liver stage	Cambodia field isolate	5	None	1	612_TACGTCCGTATCCTTT	Hypnozoite	NA	NA	NA	0	0	0	0	0	0	1	1	0	1	24	Hypnozoite	0	Asexual 1	2.14552699220197	-2.20091920960347	-3.29395534071723	-3.68740428028309	1.45156570032173	-2.16030892545129	-4.34561517280436	-3.10282843265699	3.29503453837127	-4.37508135787398	-3.89508918095924	3.83882739164112	2.22974703961675	-14.3565421225359	10.0184779993026
612_TAGACTGGTGTACAGG	32365	3395	36093191	SRR19573612	Ruberto2022_1	4	2022	Cambodia_Mondulkiri	10x_Chomium_V3	HiSeq X Ten	infected hepatocyte	BioIVT:BGW	Infected host hepatocytes	Liver stage	Cambodia field isolate	5	None	1	612_TAGACTGGTGTACAGG	Schizont	NA	NA	NA	0	0	0	0	1	1	1	1	0	1	24	Schizont (Liver stage)	1	Asexual 2	5.31712757241742	3.69623774420818	-2.77986575636664	-1.92889273700916	-0.831508678645558	-5.7362672966137	14.8269436263684	-1.00037282373878	7.2258439319382	10.6973086944921	-1.93223898286482	7.09880508530624	14.4776599237623	4.16599087398404	12.6401660754911
612_TAGACTGTCCTTGAAG	391	323	36093191	SRR19573612	Ruberto2022_1	4	2022	Cambodia_Mondulkiri	10x_Chomium_V3	HiSeq X Ten	infected hepatocyte	BioIVT:BGW	Infected host hepatocytes	Liver stage	Cambodia field isolate	5	None	1	612_TAGACTGTCCTTGAAG	Hypnozoite	NA	NA	NA	0	3	3	3	4	4	5	5	5	5	24	Hypnozoite	4	Asexual 4	-0.16163125443442	-2.12123948204914	-2.41044689688483	2.28523003520764	-5.07977358743615	-4.6556017082348	-3.40555174457522	-1.48090322630262	1.56550416965234	-0.0764976357952637	-1.92896617238393	1.83394244299632	-14.5481553190143	21.6627493337746	-3.84640821650309
612_TAGAGTCAGGCTAACG	358	279	36093191	SRR19573612	Ruberto2022_1	4	2022	Cambodia_Mondulkiri	10x_Chomium_V3	HiSeq X Ten	infected hepatocyte	BioIVT:BGW	Infected host hepatocytes	Liver stage	Cambodia field isolate	5	None	1	612_TAGAGTCAGGCTAACG	Hypnozoite	NA	NA	NA	0	0	0	0	0	0	1	1	0	0	24	Hypnozoite	0	Asexual 1	2.4482062925102	-2.27305251229206	-3.29631401572028	-3.57163870868885	2.09412534788185	-1.55172046834374	-5.18307684388683	-2.02603757615218	1.24877482778669	-5.04035312336268	-2.7655195337328	1.82773570786885	-1.40883168603448	-14.6260812596433	8.48512925465726
612_TAGGAGGTCCATCTAT	399	326	36093191	SRR19573612	Ruberto2022_1	4	2022	Cambodia_Mondulkiri	10x_Chomium_V3	HiSeq X Ten	infected hepatocyte	BioIVT:BGW	Infected host hepatocytes	Liver stage	Cambodia field isolate	5	None	1	612_TAGGAGGTCCATCTAT	Hypnozoite	NA	NA	NA	0	0	0	0	0	0	1	1	0	1	32	Hypnozoite	0	Asexual 1	2.80561267030256	-1.26235598194996	-3.36001779112616	-3.34853399334156	1.23422654226356	-2.66691514665032	-4.28322027703649	-2.83951563034069	3.32519438995163	-4.44767730061398	-3.79336741024301	4.04895849277937	4.14476114658023	-11.7966323562021	13.9000529967359
612_TAGGGTTAGTGCACCC	590	460	36093191	SRR19573612	Ruberto2022_1	4	2022	Cambodia_Mondulkiri	10x_Chomium_V3	HiSeq X Ten	infected hepatocyte	BioIVT:BGW	Infected host hepatocytes	Liver stage	Cambodia field isolate	5	None	1	612_TAGGGTTAGTGCACCC	Hypnozoite	NA	NA	NA	0	0	0	0	0	0	1	1	0	1	24	Hypnozoite	0	Asexual 1	3.54920374047773	0.152156205292545	-3.03625585112372	-3.4883142763158	1.25107963636451	-3.71803065949822	-3.26506383587811	-2.92513527205089	3.5230345362175	-3.62159415808243	-3.95616577583475	4.41488091647349	6.19666222802789	-10.6413909618604	14.5565705171856
612_TAGGTACGTTGCTTGA	667	520	36093191	SRR19573612	Ruberto2022_1	4	2022	Cambodia_Mondulkiri	10x_Chomium_V3	HiSeq X Ten	infected hepatocyte	BioIVT:BGW	Infected host hepatocytes	Liver stage	Cambodia field isolate	5	None	1	612_TAGGTACGTTGCTTGA	Hypnozoite	NA	NA	NA	0	0	0	0	0	0	1	1	0	1	32	Hypnozoite	0	Asexual 1	3.74977146279828	2.00860220324596	-1.54306484732428	-2.75829375324451	-0.399554652423329	-3.19119903260613	-1.23288723168029	-3.1008108670244	4.0808976991691	-1.09762836286178	-3.93576512013276	4.3447392186699	2.01201971725021	-1.67349592736653	14.252798351069
612_TAGTGCAAGCCAAGGT	2821	1293	36093191	SRR19573612	Ruberto2022_1	4	2022	Cambodia_Mondulkiri	10x_Chomium_V3	HiSeq X Ten	infected hepatocyte	BioIVT:BGW	Infected host hepatocytes	Liver stage	Cambodia field isolate	5	None	1	612_TAGTGCAAGCCAAGGT	Schizont	NA	NA	NA	0	0	0	0	1	1	1	1	0	1	36	Schizont (Liver stage)	1	Asexual 2	5.00196586740033	3.39878004920086	-2.73266555342475	-2.2471877389928	0.5007289822393	-6.06822606736565	6.72331911993886	-0.863049634359384	6.83372879990747	2.85027277824011	-1.84961586424172	7.08683454617511	14.7478014450014	-1.782000619633	10.5666691899091
612_TATCTGTCACTGGAAG	309	229	36093191	SRR19573612	Ruberto2022_1	4	2022	Cambodia_Mondulkiri	10x_Chomium_V3	HiSeq X Ten	infected hepatocyte	BioIVT:BGW	Infected host hepatocytes	Liver stage	Cambodia field isolate	5	None	1	612_TATCTGTCACTGGAAG	Hypnozoite	NA	NA	NA	0	0	0	0	0	0	0	0	0	0	32	Hypnozoite	0	Asexual 1	1.62296019685285	-2.42354589569966	-3.89457036528388	-2.56785691318714	2.52445657804542	-0.781066386045464	-6.81681268973492	-3.98961923679447	3.68781305359414	-5.27023695736841	-4.19283877314647	3.87293483953411	5.99570083728837	-2.98517851451856	1.54467793641659
612_TATTGCTAGCGCATCC	474	364	36093191	SRR19573612	Ruberto2022_1	4	2022	Cambodia_Mondulkiri	10x_Chomium_V3	HiSeq X Ten	infected hepatocyte	BioIVT:BGW	Infected host hepatocytes	Liver stage	Cambodia field isolate	5	None	1	612_TATTGCTAGCGCATCC	Hypnozoite	NA	NA	NA	0	0	0	0	0	0	1	1	0	1	32	Hypnozoite	0	Asexual 1	3.09525643479841	-0.772753058556713	-3.16197635206977	-3.98778498707019	1.16608269765907	-2.78215262109185	-2.59228936027739	-3.45056437233161	3.42273859098425	-2.79563086151968	-4.43322402415488	4.25173667471545	4.15937745947507	-12.0957093713615	14.9550914101806
612_TATTGCTGTACTGTTG	219	165	36093191	SRR19573612	Ruberto2022_1	4	2022	Cambodia_Mondulkiri	10x_Chomium_V3	HiSeq X Ten	infected hepatocyte	BioIVT:BGW	Infected host hepatocytes	Liver stage	Cambodia field isolate	5	None	1	612_TATTGCTGTACTGTTG	Schizont	NA	NA	NA	0	0	0	0	0	0	0	0	0	0	36	Schizont (Liver stage)	0	Asexual 1	0.562331901908087	-3.08621388543049	-3.24977637800971	-3.37098181781971	2.10319312170082	0.193656535802833	-7.98020239297965	-1.91768649368346	2.92534025755457	-5.80157602180166	-1.97193693084679	2.94592715186434	-0.64023850770905	-12.3229330614765	3.97126075810509
612_TATTTCGCATGACGAG	232	189	36093191	SRR19573612	Ruberto2022_1	4	2022	Cambodia_Mondulkiri	10x_Chomium_V3	HiSeq X Ten	infected hepatocyte	BioIVT:BGW	Infected host hepatocytes	Liver stage	Cambodia field isolate	5	None	1	612_TATTTCGCATGACGAG	Schizont	NA	NA	NA	0	0	0	0	0	0	0	0	0	0	36	Schizont (Liver stage)	0	Asexual 1	1.76928709638135	-2.62910228836934	-2.58211494955817	-3.64206064281665	1.56905444219642	-0.275390533746728	-8.07078190816825	-2.85310437625163	3.0847694443723	-6.38478177704615	-3.03653864627156	3.14100576278638	1.43185717385612	-17.0006857222754	4.69049346038584
612_TCAAGCACAGACCAGA	95	58	36093191	SRR19573612	Ruberto2022_1	4	2022	Cambodia_Mondulkiri	10x_Chomium_V3	HiSeq X Ten	infected hepatocyte	BioIVT:BGW	Infected host hepatocytes	Liver stage	Cambodia field isolate	5	None	1	612_TCAAGCACAGACCAGA	Hypnozoite	NA	NA	NA	0	0	0	0	0	0	0	0	1	0	24	Hypnozoite	0	Asexual 1	-0.327519340395762	-3.21828490364949	-3.2459421304206	-3.16436684665882	2.06728895261818	3.46270635908698	-12.2082049441121	-3.27043438475877	1.79592562029019	-9.70716734796264	-3.2527917467434	1.78931293757791	-8.52301376875191	-12.765072834289	-6.0522854868455
612_TCAATTCAGCTGTCCG	233	187	36093191	SRR19573612	Ruberto2022_1	4	2022	Cambodia_Mondulkiri	10x_Chomium_V3	HiSeq X Ten	infected hepatocyte	BioIVT:BGW	Infected host hepatocytes	Liver stage	Cambodia field isolate	5	None	1	612_TCAATTCAGCTGTCCG	Hypnozoite	NA	NA	NA	0	0	0	0	0	0	0	0	0	0	32	Hypnozoite	0	Asexual 1	1.24313484323041	-2.83002692330281	-3.75249387297431	-2.83556950626575	2.86185010030799	0.154434772191993	-6.87904159167099	-3.72349419641378	1.59514365915532	-4.47440238964728	-3.72652317879478	1.59412919206231	-2.01215920841647	-13.3242883386239	5.05107541671986
612_TCAATTCAGTATCCTG	73	69	36093191	SRR19573612	Ruberto2022_1	4	2022	Cambodia_Mondulkiri	10x_Chomium_V3	HiSeq X Ten	infected hepatocyte	BioIVT:BGW	Infected host hepatocytes	Liver stage	Cambodia field isolate	5	None	1	612_TCAATTCAGTATCCTG	Hypnozoite	NA	NA	NA	0	0	0	0	0	0	0	0	1	0	32	Hypnozoite	0	Asexual 1	-0.637473596215082	-3.10826045144001	-3.07226921591559	-3.36971676883899	1.87053211286598	2.78843072241401	-9.82710666633879	-2.55757276245872	1.30293534408403	-7.32912132017421	-2.54051791307204	1.29657434425978	-1.49135918808191	-8.73831607569617	-4.35972007932343
612_TCAATTCCATCTAACG	1487	848	36093191	SRR19573612	Ruberto2022_1	4	2022	Cambodia_Mondulkiri	10x_Chomium_V3	HiSeq X Ten	infected hepatocyte	BioIVT:BGW	Infected host hepatocytes	Liver stage	Cambodia field isolate	5	None	1	612_TCAATTCCATCTAACG	Schizont	NA	NA	NA	0	0	0	0	1	1	1	1	0	1	24	Schizont (Liver stage)	1	Asexual 2	4.64286743295209	2.98933237921795	-2.43437124762335	-2.97118008671009	0.911853569298321	-4.8071114700451	1.65876067162702	-3.31490192044472	5.55637759894626	-0.911246191434533	-4.48906149932502	5.91886526063041	10.7197168839018	-5.20352453926777	13.3337598986654
612_TCACGCTGTGACTGTT	177	152	36093191	SRR19573612	Ruberto2022_1	4	2022	Cambodia_Mondulkiri	10x_Chomium_V3	HiSeq X Ten	infected hepatocyte	BioIVT:BGW	Infected host hepatocytes	Liver stage	Cambodia field isolate	5	None	1	612_TCACGCTGTGACTGTT	Hypnozoite	NA	NA	NA	0	0	0	0	0	0	0	0	0	0	36	Hypnozoite	0	Asexual 1	0.31712226760404	-3.10167699921528	-3.32061554465094	-3.19308937130176	2.37421067312294	0.986463936029426	-7.48322162682366	-1.95758323038309	2.14010538862863	-5.06604860308058	-1.95853160691118	2.13893064237851	-1.54036737289523	-12.1141571965744	4.87400793722089
612_TCAGCAATCATAAGGA	613	450	36093191	SRR19573612	Ruberto2022_1	4	2022	Cambodia_Mondulkiri	10x_Chomium_V3	HiSeq X Ten	infected hepatocyte	BioIVT:BGW	Infected host hepatocytes	Liver stage	Cambodia field isolate	5	None	1	612_TCAGCAATCATAAGGA	Schizont	NA	NA	NA	0	0	0	0	0	0	1	1	0	1	36	Schizont (Liver stage)	0	Asexual 1	4.55378042352216	1.65323239695629	-2.32772089514533	-4.08694947300159	0.783292966633373	-3.65124675446893	-1.28381452023131	-1.7931016195599	4.59430540550328	-1.53598710403883	-2.81951794376956	5.43141423380973	5.7738564869975	-9.98697090627512	19.1340822161925
612_TCAGCCTCAAGGCAAC	6755	1960	36093191	SRR19573612	Ruberto2022_1	4	2022	Cambodia_Mondulkiri	10x_Chomium_V3	HiSeq X Ten	infected hepatocyte	BioIVT:BGW	Infected host hepatocytes	Liver stage	Cambodia field isolate	5	None	1	612_TCAGCCTCAAGGCAAC	Schizont	NA	NA	NA	0	0	0	0	1	1	1	1	0	1	24	Schizont (Liver stage)	1	Asexual 2	4.99600969445722	3.48316639792522	-2.65834476027289	-2.82364619312488	0.36095099404388	-6.09028789216424	9.72937892141667	-1.3717068035055	7.2641652545883	5.88650964032084	-2.46804586084754	7.41813683032932	18.2151904084651	-1.09612272954524	13.5419859083393
612_TCAGTCCGTGTTCCAA	294	246	36093191	SRR19573612	Ruberto2022_1	4	2022	Cambodia_Mondulkiri	10x_Chomium_V3	HiSeq X Ten	infected hepatocyte	BioIVT:BGW	Infected host hepatocytes	Liver stage	Cambodia field isolate	5	None	1	612_TCAGTCCGTGTTCCAA	Hypnozoite	NA	NA	NA	0	0	0	0	0	0	0	0	0	0	36	Hypnozoite	0	Asexual 1	1.65641890656965	-2.51561313736836	-3.74341584715643	-3.14903224048816	2.37990243986183	-0.95136365109826	-5.83793913907867	-2.26429783875556	1.58340910562051	-4.04448033665225	-2.42993317304631	1.67228654315585	-1.56748926783149	-13.0294788065825	6.25572330419255
612_TCAGTGAAGACGAAGA	160	143	36093191	SRR19573612	Ruberto2022_1	4	2022	Cambodia_Mondulkiri	10x_Chomium_V3	HiSeq X Ten	infected hepatocyte	BioIVT:BGW	Infected host hepatocytes	Liver stage	Cambodia field isolate	5	None	1	612_TCAGTGAAGACGAAGA	Hypnozoite	NA	NA	NA	0	0	0	0	0	0	0	0	0	0	36	Hypnozoite	0	Asexual 1	0.724027263045477	-2.95359593499104	-2.64142371687689	-3.57142627773487	1.82921035841041	0.343804569898597	-9.29518563853271	-2.75986561939698	2.04992984443819	-7.06491684652738	-2.80479863596589	2.05685869868642	0.884956179354261	-14.447470377962	2.60091531539242
612_TCAGTGAGTGGCACTC	331	283	36093191	SRR19573612	Ruberto2022_1	4	2022	Cambodia_Mondulkiri	10x_Chomium_V3	HiSeq X Ten	infected hepatocyte	BioIVT:BGW	Infected host hepatocytes	Liver stage	Cambodia field isolate	5	None	1	612_TCAGTGAGTGGCACTC	Hypnozoite	NA	NA	NA	0	0	0	0	0	0	0	0	0	0	36	Hypnozoite	0	Asexual 1	1.51826964509504	-2.48913174736897	-3.73378564390936	-2.73954427776539	2.57082827642494	-0.292001126350411	-6.79812355532932	-2.60757713585886	2.23168578021817	-4.73688108000966	-2.70175004518967	2.27353067774919	-1.16277213982943	-12.3512492517725	5.13829191120277
612_TCATGAGCAACGACAG	312	243	36093191	SRR19573612	Ruberto2022_1	4	2022	Cambodia_Mondulkiri	10x_Chomium_V3	HiSeq X Ten	infected hepatocyte	BioIVT:BGW	Infected host hepatocytes	Liver stage	Cambodia field isolate	5	None	1	612_TCATGAGCAACGACAG	Hypnozoite	NA	NA	NA	0	0	0	0	0	0	1	1	0	1	36	Hypnozoite	0	Asexual 1	2.38190542352216	-1.48790246117512	-3.50598932776251	-4.02535784778797	1.53550263002449	-1.5273787658825	-5.37942647930682	-2.46402775666785	2.96065568230038	-5.02169528662217	-3.08958647167401	3.3752728278534	-1.4270550807585	-13.9354409214857	9.63485462188325
612_TCATGAGCAGTTCTAG	56	39	36093191	SRR19573612	Ruberto2022_1	4	2022	Cambodia_Mondulkiri	10x_Chomium_V3	HiSeq X Ten	infected hepatocyte	BioIVT:BGW	Infected host hepatocytes	Liver stage	Cambodia field isolate	5	None	1	612_TCATGAGCAGTTCTAG	Hypnozoite	NA	NA	NA	0	0	0	0	0	0	0	0	1	0	36	Hypnozoite	0	Asexual 1	-0.388792825817896	-2.98576313126484	-2.75231076750556	-3.429056530573	1.57308693483406	2.29711416548347	-11.5187344654505	-2.8865874279803	1.72817572620638	-9.0251568606186	-2.87061373069813	1.72226456060797	-5.06087915877711	-15.3848880068363	-7.99710863954131
612_TCATGAGGTGTTCAGT	6609	1884	36093191	SRR19573612	Ruberto2022_1	4	2022	Cambodia_Mondulkiri	10x_Chomium_V3	HiSeq X Ten	infected hepatocyte	BioIVT:BGW	Infected host hepatocytes	Liver stage	Cambodia field isolate	5	None	1	612_TCATGAGGTGTTCAGT	Schizont	NA	NA	NA	0	0	0	0	1	1	1	1	0	1	24	Schizont (Liver stage)	1	Asexual 2	5.10697876107709	3.49054068457683	-2.8178391602973	-2.4241052919408	0.178119110613399	-6.03505727464105	9.23422075709327	-1.79163104923541	7.61893572678824	5.29484726969443	-2.74263276165126	7.86920829183138	16.0840366157316	-0.0766230363422162	12.4272838083145
612_TCATGCCTCCCAATAG	2988	1261	36093191	SRR19573612	Ruberto2022_1	4	2022	Cambodia_Mondulkiri	10x_Chomium_V3	HiSeq X Ten	infected hepatocyte	BioIVT:BGW	Infected host hepatocytes	Liver stage	Cambodia field isolate	5	None	1	612_TCATGCCTCCCAATAG	Schizont	NA	NA	NA	0	0	0	0	1	1	1	1	0	1	24	Schizont (Liver stage)	1	Asexual 2	5.03375803124921	3.42310136687358	-2.76587201628485	-2.59385026035511	0.596488493233257	-5.69905826264764	6.20656114819066	-2.33464058562328	7.21736010843517	2.37180765320366	-3.46909256788413	7.37124336532555	13.9421717382317	-2.55974640820065	11.5735584864235
612_TCATGGAAGTGGAAGA	134	113	36093191	SRR19573612	Ruberto2022_1	4	2022	Cambodia_Mondulkiri	10x_Chomium_V3	HiSeq X Ten	infected hepatocyte	BioIVT:BGW	Infected host hepatocytes	Liver stage	Cambodia field isolate	5	None	1	612_TCATGGAAGTGGAAGA	Hypnozoite	NA	NA	NA	0	0	0	0	0	0	0	0	1	0	24	Hypnozoite	0	Asexual 1	0.359885649800466	-3.23427086937825	-3.37143255743781	-3.35539138851368	2.66590722158485	1.38190296476936	-8.94444908422188	-2.29485978428461	1.1914126834212	-6.49156287060763	-2.28831260686888	1.18784205522797	-2.06354352137918	-13.3691563646634	2.83727572365562
612_TCATGGATCAGCAGAG	228	192	36093191	SRR19573612	Ruberto2022_1	4	2022	Cambodia_Mondulkiri	10x_Chomium_V3	HiSeq X Ten	infected hepatocyte	BioIVT:BGW	Infected host hepatocytes	Liver stage	Cambodia field isolate	5	None	1	612_TCATGGATCAGCAGAG	Hypnozoite	NA	NA	NA	0	0	0	0	0	0	0	0	0	0	32	Hypnozoite	0	Asexual 1	1.78088055741804	-2.26354461777607	-3.56289960417548	-3.41835225162708	2.09250553205543	-0.257072998227128	-7.66276870292179	-3.65054533562907	2.88116408804953	-5.71160112094529	-3.7645287144602	2.91965980539545	-4.06860218868106	-13.5886881715135	6.93133411374781
612_TCATTACAGTCTTCGA	11633	2622	36093191	SRR19573612	Ruberto2022_1	4	2022	Cambodia_Mondulkiri	10x_Chomium_V3	HiSeq X Ten	infected hepatocyte	BioIVT:BGW	Infected host hepatocytes	Liver stage	Cambodia field isolate	5	None	1	612_TCATTACAGTCTTCGA	Schizont	NA	NA	NA	0	0	0	0	1	1	1	1	0	1	36	Schizont (Liver stage)	1	Asexual 2	5.34157453668134	3.7146689308842	-2.79179240736762	-1.88672912655079	-0.915147525519795	-5.62325736695672	14.0845068683574	-1.15639176260358	6.50118873358011	10.5841901295666	-2.07103017863641	6.35190784916497	14.2918870431366	4.28086002562224	12.6472493069646
612_TCCACCAAGTACCATC	5127	1761	36093191	SRR19573612	Ruberto2022_1	4	2022	Cambodia_Mondulkiri	10x_Chomium_V3	HiSeq X Ten	infected hepatocyte	BioIVT:BGW	Infected host hepatocytes	Liver stage	Cambodia field isolate	5	None	1	612_TCCACCAAGTACCATC	Schizont	NA	NA	NA	0	0	0	0	1	1	1	1	0	1	24	Schizont (Liver stage)	1	Asexual 2	5.15184961450116	3.53071707617839	-2.7963411954383	-2.30906761226856	-0.0368036658323471	-6.06020375901605	9.34118040998812	-2.53016717027671	6.5458761537041	5.34181085837578	-3.47620939963854	6.75043696537745	15.7808882122335	0.708865233983142	12.5325186445428
612_TCCACCAGTTGCCATA	147	121	36093191	SRR19573612	Ruberto2022_1	4	2022	Cambodia_Mondulkiri	10x_Chomium_V3	HiSeq X Ten	infected hepatocyte	BioIVT:BGW	Infected host hepatocytes	Liver stage	Cambodia field isolate	5	None	1	612_TCCACCAGTTGCCATA	Hypnozoite	NA	NA	NA	0	0	0	0	0	0	0	0	0	0	36	Hypnozoite	0	Asexual 1	1.75337802064435	-2.64220386612812	-2.72312332663336	-3.802014475443	1.77187009409004	-0.118736563266763	-9.11306137985503	-3.24162074555155	2.93391330893044	-7.07709151705116	-3.334868233402	2.95889913204487	-0.00631421047067944	-17.2192406826777	5.31925819175106
612_TCCAGAACATGGTACT	552	429	36093191	SRR19573612	Ruberto2022_1	4	2022	Cambodia_Mondulkiri	10x_Chomium_V3	HiSeq X Ten	infected hepatocyte	BioIVT:BGW	Infected host hepatocytes	Liver stage	Cambodia field isolate	5	None	1	612_TCCAGAACATGGTACT	Hypnozoite	NA	NA	NA	0	0	0	0	0	0	1	1	0	1	32	Hypnozoite	0	Asexual 1	3.48841010224836	-0.0563181029597892	-3.00051809820929	-3.72574389515125	0.882610100060039	-3.41010400468255	-2.64786281520154	-3.30250840072168	4.14421954593817	-2.81310908496479	-4.32257372688975	5.0252896974168	4.81797014626183	-8.45077342594873	16.7237958529278
612_TCCATCGAGGTCTACT	4497	1688	36093191	SRR19573612	Ruberto2022_1	4	2022	Cambodia_Mondulkiri	10x_Chomium_V3	HiSeq X Ten	infected hepatocyte	BioIVT:BGW	Infected host hepatocytes	Liver stage	Cambodia field isolate	5	None	1	612_TCCATCGAGGTCTACT	Schizont	NA	NA	NA	0	0	0	0	1	1	1	1	0	1	36	Schizont (Liver stage)	1	Asexual 2	5.12579713952558	3.54419225585064	-2.73814846548834	-2.44188631115162	-0.344171089381642	-5.77224847489739	9.14964324857285	-1.88525624354144	5.47836732728054	5.23506937283236	-2.9525590953888	5.49960826802612	13.5925051222863	1.88159256417028	12.7053374198331
612_TCCCACAAGAGGTGCT	321	273	36093191	SRR19573612	Ruberto2022_1	4	2022	Cambodia_Mondulkiri	10x_Chomium_V3	HiSeq X Ten	infected hepatocyte	BioIVT:BGW	Infected host hepatocytes	Liver stage	Cambodia field isolate	5	None	1	612_TCCCACAAGAGGTGCT	Hypnozoite	NA	NA	NA	0	0	0	0	0	0	1	1	0	1	24	Hypnozoite	0	Asexual 1	1.71053622853773	-1.97889858353535	-1.68250705275336	-2.47331941662037	-0.0787179593748514	-1.50796875172997	-5.87574015736697	-2.69914833015146	2.97767213968325	-5.76551916480686	-3.42536550321578	2.92750548997224	-1.89393360655995	-2.90962500534204	10.6637108880847
612_TCCCACAGTAGAGCTG	830	543	36093191	SRR19573612	Ruberto2022_1	4	2022	Cambodia_Mondulkiri	10x_Chomium_V3	HiSeq X Ten	infected hepatocyte	BioIVT:BGW	Infected host hepatocytes	Liver stage	Cambodia field isolate	5	None	1	612_TCCCACAGTAGAGCTG	Schizont	NA	NA	NA	0	0	0	0	0	0	1	1	0	1	32	Schizont (Liver stage)	0	Asexual 1	4.25244032037275	1.74522906672557	-1.86568833861151	-2.73604524669849	-0.412113023251957	-3.54622241670037	-0.721975887904917	-3.09540798591101	5.86466666599684	-0.727985878133779	-3.94039860750497	6.23425857607506	3.01339272830556	-0.0982946604843177	15.6196471624064
612_TCCGATCCAGCACACC	7301	1935	36093191	SRR19573612	Ruberto2022_1	4	2022	Cambodia_Mondulkiri	10x_Chomium_V3	HiSeq X Ten	infected hepatocyte	BioIVT:BGW	Infected host hepatocytes	Liver stage	Cambodia field isolate	5	None	1	612_TCCGATCCAGCACACC	Schizont	NA	NA	NA	0	0	0	0	1	1	1	1	0	1	24	Schizont (Liver stage)	1	Asexual 2	4.8851016629936	3.46045988928875	-2.50713969740668	-2.39279497204029	0.5078010733419	-6.2385546844616	8.98781748721577	-1.66714238274111	6.85014150629518	5.25262509561253	-2.18519413398666	7.40282856372046	18.5306821453315	-1.06673809019506	13.0397551087563
612_TCCGTGTGTTATGTCG	317	246	36093191	SRR19573612	Ruberto2022_1	4	2022	Cambodia_Mondulkiri	10x_Chomium_V3	HiSeq X Ten	infected hepatocyte	BioIVT:BGW	Infected host hepatocytes	Liver stage	Cambodia field isolate	5	None	1	612_TCCGTGTGTTATGTCG	Hypnozoite	NA	NA	NA	0	0	0	0	0	0	0	0	0	0	12	Hypnozoite	0	Asexual 1	1.7709841598274	-2.39354210961262	-3.73008586439887	-2.98602855739795	2.11137874677711	-1.51117011720086	-6.36089769660865	-2.4519618889373	1.8054910697762	-5.27449980761892	-2.84745675372634	2.05395422535324	-1.90189005413213	-16.9818987831996	9.85012479903572
612_TCCTCCCTCTACGCAA	2669	1267	36093191	SRR19573612	Ruberto2022_1	4	2022	Cambodia_Mondulkiri	10x_Chomium_V3	HiSeq X Ten	infected hepatocyte	BioIVT:BGW	Infected host hepatocytes	Liver stage	Cambodia field isolate	5	None	1	612_TCCTCCCTCTACGCAA	Schizont	NA	NA	NA	0	0	0	0	1	1	1	1	0	1	24	Schizont (Liver stage)	1	Asexual 2	5.07395063531415	3.48237723242839	-2.75798870596686	-1.82450497684681	-0.0051221226162378	-6.15634700471307	7.20973292777413	-2.26036706017849	5.41803735850743	3.48623925519675	-3.09157144367086	5.68384246608212	13.349351412335	-1.04607051034842	8.99588304037741
612_TCCTTTCCACCTGCAG	6842	1863	36093191	SRR19573612	Ruberto2022_1	4	2022	Cambodia_Mondulkiri	10x_Chomium_V3	HiSeq X Ten	infected hepatocyte	BioIVT:BGW	Infected host hepatocytes	Liver stage	Cambodia field isolate	5	None	1	612_TCCTTTCCACCTGCAG	Schizont	NA	NA	NA	0	0	0	0	1	1	1	1	0	1	24	Schizont (Liver stage)	1	Asexual 2	4.93533168923871	3.37058276068767	-2.68026949438849	-2.78693640766346	0.63047512128883	-5.94524499589349	7.62703294286907	-1.07106362158924	6.21113037416183	3.83861015319565	-2.24687827411726	6.33475511024781	17.5082845024337	-1.70567033758079	13.2926800142715
612_TCCTTTCCAGGCTCTG	295	249	36093191	SRR19573612	Ruberto2022_1	4	2022	Cambodia_Mondulkiri	10x_Chomium_V3	HiSeq X Ten	infected hepatocyte	BioIVT:BGW	Infected host hepatocytes	Liver stage	Cambodia field isolate	5	None	1	612_TCCTTTCCAGGCTCTG	Hypnozoite	NA	NA	NA	0	0	0	0	0	0	0	0	0	0	24	Hypnozoite	0	Asexual 1	2.14615021836774	-2.26828366387288	-3.57524396452704	-3.16532338199817	2.38218887403541	-1.40275147372628	-6.40273549665864	-3.19801167380955	0.950729432823353	-4.88764483842201	-3.45962356505114	1.11480241831081	-1.01520679421527	-13.223990683498	6.3795407936036
612_TCGACGGAGAGCCCAA	130	107	36093191	SRR19573612	Ruberto2022_1	4	2022	Cambodia_Mondulkiri	10x_Chomium_V3	HiSeq X Ten	infected hepatocyte	BioIVT:BGW	Infected host hepatocytes	Liver stage	Cambodia field isolate	5	None	1	612_TCGACGGAGAGCCCAA	Hypnozoite	NA	NA	NA	0	0	0	0	0	0	0	0	1	0	12	Hypnozoite	0	Asexual 1	0.108307855248617	-3.03557830918232	-2.97032262358466	-3.57366073665821	2.19347794607215	1.18010869806861	-9.89445563690824	-3.16207577922257	1.77748903832651	-7.44977045402647	-3.15750742077678	1.77426891231761	-0.3427868074612	-13.2596669163279	0.920680586400663
612_TCGCACTCAAACTAAG	3851	1543	36093191	SRR19573612	Ruberto2022_1	4	2022	Cambodia_Mondulkiri	10x_Chomium_V3	HiSeq X Ten	infected hepatocyte	BioIVT:BGW	Infected host hepatocytes	Liver stage	Cambodia field isolate	5	None	1	612_TCGCACTCAAACTAAG	Schizont	NA	NA	NA	0	0	0	0	1	1	1	1	0	1	24	Schizont (Liver stage)	1	Asexual 2	5.07731233727949	3.46275109183391	-2.78761054549018	-2.67349255619251	0.324576454906994	-5.89377805405999	7.51824145920714	-1.76250261869665	7.6045030101224	3.62380737801828	-2.91578557314849	7.72051929519249	16.4027719652898	-1.03210959994895	13.1641071904545
612_TCGCAGGGTAGCTTTG	512	385	36093191	SRR19573612	Ruberto2022_1	4	2022	Cambodia_Mondulkiri	10x_Chomium_V3	HiSeq X Ten	infected hepatocyte	BioIVT:BGW	Infected host hepatocytes	Liver stage	Cambodia field isolate	5	None	1	612_TCGCAGGGTAGCTTTG	Hypnozoite	NA	NA	NA	0	0	0	0	0	0	1	1	0	1	24	Hypnozoite	0	Asexual 1	3.16373549592512	-0.563700853470959	-3.34751988920966	-3.45298541126453	1.80074413374	-3.02751871758843	-3.86260352059985	-2.91654251219564	3.7833100171173	-4.22088780018777	-3.93111432163006	4.6908553836785	6.24036238176657	-12.9145753047798	13.4628609737955
612_TCGCAGGTCTCCGATC	38	35	36093191	SRR19573612	Ruberto2022_1	4	2022	Cambodia_Mondulkiri	10x_Chomium_V3	HiSeq X Ten	infected hepatocyte	BioIVT:BGW	Infected host hepatocytes	Liver stage	Cambodia field isolate	5	None	1	612_TCGCAGGTCTCCGATC	Hypnozoite	NA	NA	NA	0	0	0	0	0	0	0	0	1	0	48	Hypnozoite	0	Asexual 1	-0.555334044575525	-3.37262803185383	-3.30661942038336	-2.67308319149219	2.2485881622129	2.77390769308662	-11.9236773798016	-2.78769765651013	1.74075252495177	-9.42053803822643	-2.76943168107248	1.73394986266647	-8.73365579438033	-9.31806385637995	-6.01351507031189
612_TCGCTCAAGGCGACAT	428	345	36093191	SRR19573612	Ruberto2022_1	4	2022	Cambodia_Mondulkiri	10x_Chomium_V3	HiSeq X Ten	infected hepatocyte	BioIVT:BGW	Infected host hepatocytes	Liver stage	Cambodia field isolate	5	None	1	612_TCGCTCAAGGCGACAT	Hypnozoite	NA	NA	NA	0	0	0	0	0	0	1	1	0	1	24	Hypnozoite	0	Asexual 1	3.02842794549482	-0.792233525399364	-3.35613609823981	-3.78488100109302	1.47412677362495	-2.86536690408135	-3.8172987911166	-3.23430724842525	2.7297037855526	-4.10282715219204	-4.23958969087775	3.64229505660372	4.87980587729466	-13.1756088888256	14.3814569987035
612_TCGCTCACATCGATAC	468	370	36093191	SRR19573612	Ruberto2022_1	4	2022	Cambodia_Mondulkiri	10x_Chomium_V3	HiSeq X Ten	infected hepatocyte	BioIVT:BGW	Infected host hepatocytes	Liver stage	Cambodia field isolate	5	None	1	612_TCGCTCACATCGATAC	Hypnozoite	NA	NA	NA	0	0	0	0	0	0	1	1	0	1	36	Hypnozoite	0	Asexual 1	2.58100687158124	-1.53939634430806	-3.55337692770758	-3.17317450580799	1.70380838468605	-2.64231988603021	-4.75447069708313	-3.03773192738313	2.59158653253377	-5.05144313572538	-3.99618919375091	3.42709813839087	5.62143019956213	-13.5181451520899	12.3370478072325
612_TCGGGACAGGTCGAGT	234	207	36093191	SRR19573612	Ruberto2022_1	4	2022	Cambodia_Mondulkiri	10x_Chomium_V3	HiSeq X Ten	infected hepatocyte	BioIVT:BGW	Infected host hepatocytes	Liver stage	Cambodia field isolate	5	None	1	612_TCGGGACAGGTCGAGT	Hypnozoite	NA	NA	NA	0	0	0	0	0	0	1	1	0	1	36	Hypnozoite	0	Asexual 1	0.469545381188558	-2.52172404396931	-2.24264933142462	-2.69974816379749	0.167663144617611	-1.11733975821877	-5.74681444955861	-3.3615265927025	1.68208428751019	-5.37259807398438	-3.99641603431539	1.63180677511327	-1.35462137293973	-3.8086176782333	9.11866991909338
612_TCGGGACGTTATAGAG	74	58	36093191	SRR19573612	Ruberto2022_1	4	2022	Cambodia_Mondulkiri	10x_Chomium_V3	HiSeq X Ten	infected hepatocyte	BioIVT:BGW	Infected host hepatocytes	Liver stage	Cambodia field isolate	5	None	1	612_TCGGGACGTTATAGAG	Hypnozoite	NA	NA	NA	0	0	0	0	0	0	0	0	1	0	12	Hypnozoite	0	Asexual 1	0.821781979918646	-3.33346921074788	-3.22088028464118	-3.34192169246875	2.74881156042152	1.17827955072974	-11.307939980365	-3.58461927033765	2.4219530895749	-8.85094713232433	-3.57722600313913	2.41818186320865	-6.13196673208208	-18.1401877712306	0.856653981918928
612_TCGGGCATCCCTATTA	47	42	36093191	SRR19573612	Ruberto2022_1	4	2022	Cambodia_Mondulkiri	10x_Chomium_V3	HiSeq X Ten	infected hepatocyte	BioIVT:BGW	Infected host hepatocytes	Liver stage	Cambodia field isolate	5	None	1	612_TCGGGCATCCCTATTA	Hypnozoite	NA	NA	NA	0	0	0	0	0	0	0	0	1	0	12	Hypnozoite	0	Asexual 1	-0.445902956604792	-3.05723553765217	-2.94800521406928	-3.32539928493702	1.96761496618324	3.07395008390998	-12.0455465623606	-3.03817358609488	1.42089815655159	-9.54605626013598	-3.02073873430999	1.41437539569174	-6.58602996543487	-12.28304414716	-7.11175467180618
612_TCGGGTGGTAGATTGA	513	409	36093191	SRR19573612	Ruberto2022_1	4	2022	Cambodia_Mondulkiri	10x_Chomium_V3	HiSeq X Ten	infected hepatocyte	BioIVT:BGW	Infected host hepatocytes	Liver stage	Cambodia field isolate	5	None	1	612_TCGGGTGGTAGATTGA	Hypnozoite	NA	NA	NA	0	0	0	0	0	0	1	1	0	1	24	Hypnozoite	0	Asexual 1	3.56057225358503	-0.34447944033543	-2.95422340903082	-3.93557274875843	0.830756741314464	-3.14665052110101	-3.27399538857098	-3.31071042391194	2.35327852017795	-3.44712817545947	-4.30357985319544	3.19736085700786	3.48136157639705	-10.1961577881657	15.6407071398248
612_TCGGGTGGTTTGCCGG	180	142	36093191	SRR19573612	Ruberto2022_1	4	2022	Cambodia_Mondulkiri	10x_Chomium_V3	HiSeq X Ten	infected hepatocyte	BioIVT:BGW	Infected host hepatocytes	Liver stage	Cambodia field isolate	5	None	1	612_TCGGGTGGTTTGCCGG	Hypnozoite	NA	NA	NA	0	0	0	0	0	0	0	0	0	0	36	Hypnozoite	0	Asexual 1	0.608289646029638	-3.24071818459431	-3.56236506972113	-3.00142086086475	3.00601776197486	1.06238761728858	-8.77696032498757	-3.68937451211518	1.09574429673631	-6.31719184594328	-3.68098934502548	1.09144917630584	-4.56625197402308	-13.786530305774	2.42170714885338
612_TCGGTCTGTTGTGTTG	327	277	36093191	SRR19573612	Ruberto2022_1	4	2022	Cambodia_Mondulkiri	10x_Chomium_V3	HiSeq X Ten	infected hepatocyte	BioIVT:BGW	Infected host hepatocytes	Liver stage	Cambodia field isolate	5	None	1	612_TCGGTCTGTTGTGTTG	Hypnozoite	NA	NA	NA	0	0	0	0	0	0	1	1	0	1	36	Hypnozoite	0	Asexual 1	2.79719482553022	-1.26342445481221	-3.23652316603461	-3.81310380039417	0.888705688267284	-2.07692083531762	-4.39181539409754	-2.93177712028979	4.19367788582086	-4.51070911893798	-3.75736358453675	4.67665954535041	2.14809586188214	-11.6597907426388	10.1965435294252
612_TCTACCGGTCACCGAC	13744	2569	36093191	SRR19573612	Ruberto2022_1	4	2022	Cambodia_Mondulkiri	10x_Chomium_V3	HiSeq X Ten	infected hepatocyte	BioIVT:BGW	Infected host hepatocytes	Liver stage	Cambodia field isolate	5	None	1	612_TCTACCGGTCACCGAC	Schizont	NA	NA	NA	0	0	0	0	1	1	1	1	0	1	24	Schizont (Liver stage)	1	Asexual 2	5.12146459710615	3.55799263846477	-2.76192356619635	-1.87298203048908	0.0429438377910193	-6.46336576157952	11.3937786836007	-0.713369479992431	7.32505094151695	7.90796652249756	-0.77795091466393	8.11595528482903	18.5571811230044	3.26274943489745	9.72506157352049
612_TCTCACGCACGCTATA	10561	2363	36093191	SRR19573612	Ruberto2022_1	4	2022	Cambodia_Mondulkiri	10x_Chomium_V3	HiSeq X Ten	infected hepatocyte	BioIVT:BGW	Infected host hepatocytes	Liver stage	Cambodia field isolate	5	None	1	612_TCTCACGCACGCTATA	Schizont	NA	NA	NA	0	0	0	0	1	1	1	1	0	1	36	Schizont (Liver stage)	1	Asexual 2	5.00828729760663	3.51053017508587	-2.64688564810553	-2.5246490293523	0.145929786115223	-6.2614571731701	11.0179181156191	-0.850282214330815	6.19949391348094	7.23786928297148	-1.46673825494275	6.64913558563109	18.4629212152024	-0.856530247693666	13.4633766682177
612_TCTCTGGCATCAGCGC	278	217	36093191	SRR19573612	Ruberto2022_1	4	2022	Cambodia_Mondulkiri	10x_Chomium_V3	HiSeq X Ten	infected hepatocyte	BioIVT:BGW	Infected host hepatocytes	Liver stage	Cambodia field isolate	5	None	1	612_TCTCTGGCATCAGCGC	Hypnozoite	NA	NA	NA	0	0	0	0	0	0	0	0	0	0	36	Hypnozoite	0	Asexual 1	1.50631903302686	-2.31276398766438	-3.6880169061164	-2.35370100078785	2.5277744109922	-0.639047084392556	-6.54955171150086	-3.10763465218794	3.55336943586131	-4.66590303302139	-3.2129812870727	3.67565241724805	5.79157071925463	-2.86454397675663	1.5546950785651
612_TCTGCCATCTGCTAGA	464	275	36093191	SRR19573612	Ruberto2022_1	4	2022	Cambodia_Mondulkiri	10x_Chomium_V3	HiSeq X Ten	infected hepatocyte	BioIVT:BGW	Infected host hepatocytes	Liver stage	Cambodia field isolate	5	None	1	612_TCTGCCATCTGCTAGA	Schizont	NA	NA	NA	0	0	0	0	0	0	1	1	0	1	24	Schizont (Liver stage)	0	Asexual 1	2.94983969819562	-1.09537190068165	-3.26254154715338	-3.61410987911426	1.69051201894813	-2.35685762578393	-7.02148818473594	-3.90367145583687	4.05978395335316	-7.30002959687135	-4.82947494009312	4.82803228460901	5.22821903466197	-14.5231110907676	14.1343520314175
612_TCTGGCTAGTCTGCGC	4034	1456	36093191	SRR19573612	Ruberto2022_1	4	2022	Cambodia_Mondulkiri	10x_Chomium_V3	HiSeq X Ten	infected hepatocyte	BioIVT:BGW	Infected host hepatocytes	Liver stage	Cambodia field isolate	5	None	1	612_TCTGGCTAGTCTGCGC	Schizont	NA	NA	NA	0	0	0	0	1	1	1	1	0	1	32	Schizont (Liver stage)	1	Asexual 2	4.95276533257978	3.36685913931926	-2.69986940893927	-2.92407358226978	0.760030406265789	-5.60962840730096	7.55579886201962	-2.5176818784278	6.72700373982223	3.75974829631572	-3.73428645849032	6.82667143427865	15.888686446351	-3.56589499256414	13.41634795975
612_TCTGGCTCATCGCCTT	576	450	36093191	SRR19573612	Ruberto2022_1	4	2022	Cambodia_Mondulkiri	10x_Chomium_V3	HiSeq X Ten	infected hepatocyte	BioIVT:BGW	Infected host hepatocytes	Liver stage	Cambodia field isolate	5	None	1	612_TCTGGCTCATCGCCTT	Hypnozoite	NA	NA	NA	0	0	0	0	0	0	1	1	0	1	24	Hypnozoite	0	Asexual 1	1.95223139417188	-1.77823978531758	-3.43990327391425	-3.33336675701343	0.662401872425609	-1.75209888631249	-3.84627523329568	-2.12015294262372	2.67586330923122	-3.82177431222192	-2.87043416427907	3.03269863834927	1.79945066621487	-10.8354308939621	7.43863805264296
612_TCTGTCGCATTGCAAC	73	52	36093191	SRR19573612	Ruberto2022_1	4	2022	Cambodia_Mondulkiri	10x_Chomium_V3	HiSeq X Ten	infected hepatocyte	BioIVT:BGW	Infected host hepatocytes	Liver stage	Cambodia field isolate	5	None	1	612_TCTGTCGCATTGCAAC	Hypnozoite	NA	NA	NA	0	0	0	0	0	0	0	0	1	0	12	Hypnozoite	0	Asexual 1	-0.483777476429773	-3.12067395317952	-3.21864820990363	-2.83541667995655	2.25683053091102	2.95969465559577	-10.8735478374369	-2.97991015904073	0.907078584627899	-8.37142720263022	-2.96193592143435	0.900313386383735	-6.24474993075475	-9.32403850557782	-6.54036315990675
612_TCTTCCTGTGGGTCAA	505	418	36093191	SRR19573612	Ruberto2022_1	4	2022	Cambodia_Mondulkiri	10x_Chomium_V3	HiSeq X Ten	infected hepatocyte	BioIVT:BGW	Infected host hepatocytes	Liver stage	Cambodia field isolate	5	None	1	612_TCTTCCTGTGGGTCAA	Hypnozoite	NA	NA	NA	0	0	0	0	0	0	1	1	0	1	24	Hypnozoite	0	Asexual 1	4.05751930367963	1.41482931506237	-1.57769204649726	-2.75074971256458	-0.560574514121479	-3.00763842278863	-2.65015234830691	-2.99824606139617	3.55738107117912	-2.5263612486706	-3.83282330252666	3.756890832606	1.29878969967807	-1.37235622671774	15.4578022213365
612_TCTTGCGTCTCAACGA	84	36	36093191	SRR19573612	Ruberto2022_1	4	2022	Cambodia_Mondulkiri	10x_Chomium_V3	HiSeq X Ten	infected hepatocyte	BioIVT:BGW	Infected host hepatocytes	Liver stage	Cambodia field isolate	5	None	1	612_TCTTGCGTCTCAACGA	Hypnozoite	NA	NA	NA	0	0	0	0	0	0	0	0	1	0	42	Hypnozoite	0	Asexual 1	-0.399945301890207	-3.29135757553975	-3.02538849386969	-2.95937884388172	2.34219701841407	2.95543626135444	-11.7065994108094	-3.12799078739171	1.50249952184776	-9.20659052764218	-3.11068577842545	1.49601227051288	-5.23601046491089	-10.8976952877312	-6.77231729547905
612_TGAACGTAGTTCCGTA	720	541	36093191	SRR19573612	Ruberto2022_1	4	2022	Cambodia_Mondulkiri	10x_Chomium_V3	HiSeq X Ten	infected hepatocyte	BioIVT:BGW	Infected host hepatocytes	Liver stage	Cambodia field isolate	5	None	1	612_TGAACGTAGTTCCGTA	Hypnozoite	NA	NA	NA	0	1	2	2	2	2	2	1	2	2	12	Hypnozoite	2	Female gametocyte	4.05945860040204	2.12634402644237	-1.59344352755347	-0.871510391809575	-2.28128783151574	-3.31687757188226	0.948990455719002	-3.95850164932808	3.73068739490096	1.54416592162143	-4.39756684374098	3.92546141667016	-2.16472449847302	6.24651604185655	6.28019109431079
612_TGAACGTTCGTTGTAG	72	72	36093191	SRR19573612	Ruberto2022_1	4	2022	Cambodia_Mondulkiri	10x_Chomium_V3	HiSeq X Ten	infected hepatocyte	BioIVT:BGW	Infected host hepatocytes	Liver stage	Cambodia field isolate	5	None	1	612_TGAACGTTCGTTGTAG	Hypnozoite	NA	NA	NA	0	0	0	0	0	0	0	0	1	0	36	Hypnozoite	0	Asexual 1	-0.291941238522364	-3.12946444619099	-3.53681613478461	-3.34157908497059	3.68649800375038	3.3885557968006	-9.2884369038718	-2.83499678301726	2.0183938797708	-6.78776546917873	-2.81701434590452	2.01151924221791	-2.40874307020361	-6.89488642019593	-7.83985797314833
612_TGAATCGAGCTCCACG	5716	1980	36093191	SRR19573612	Ruberto2022_1	4	2022	Cambodia_Mondulkiri	10x_Chomium_V3	HiSeq X Ten	infected hepatocyte	BioIVT:BGW	Infected host hepatocytes	Liver stage	Cambodia field isolate	5	None	1	612_TGAATCGAGCTCCACG	Schizont	NA	NA	NA	0	0	0	0	1	1	1	1	0	1	24	Schizont (Liver stage)	1	Asexual 2	5.29133068215864	3.66625779997905	-2.8121395257453	-1.97164667186939	-0.777270359248585	-5.7905566375866	11.5469343053792	-1.34530593567075	7.46931071031794	9.00248303689984	-2.36055662349688	7.54082076472086	14.7122335674501	3.71547630355711	12.6301389881964
612_TGAATCGCACTGATTG	897	660	36093191	SRR19573612	Ruberto2022_1	4	2022	Cambodia_Mondulkiri	10x_Chomium_V3	HiSeq X Ten	infected hepatocyte	BioIVT:BGW	Infected host hepatocytes	Liver stage	Cambodia field isolate	5	None	1	612_TGAATCGCACTGATTG	Hypnozoite	NA	NA	NA	0	0	0	0	0	0	1	1	0	1	24	Hypnozoite	0	Asexual 1	4.45779453408735	2.39000088107189	-2.18626214537421	-3.89710104999744	0.291690277605587	-3.79140850716973	-0.360396247791095	-0.58385507532347	3.15556971335816	-0.479672165616969	-1.58358894658295	3.8158403282333	3.38822662650779	-8.53528904804423	17.8235394356965
612_TGAATCGGTCGCATGC	244	152	36093191	SRR19573612	Ruberto2022_1	4	2022	Cambodia_Mondulkiri	10x_Chomium_V3	HiSeq X Ten	infected hepatocyte	BioIVT:BGW	Infected host hepatocytes	Liver stage	Cambodia field isolate	5	None	1	612_TGAATCGGTCGCATGC	Hypnozoite	NA	NA	NA	0	0	0	0	0	0	0	0	6	6	36	Hypnozoite	0	Asexual 1	-3.88745583403094	-1.41870337593953	-2.74095894369879	-4.01972067890369	-0.839340132922596	0.608398230730048	-7.57460758786115	-1.30862506484091	3.5258361901502	-6.75932592760509	-1.73123967987961	3.72184186966184	-3.50719279013055	1.7655470535468	0.416694934617404
612_TGACCCTTCACGGAGA	602	481	36093191	SRR19573612	Ruberto2022_1	4	2022	Cambodia_Mondulkiri	10x_Chomium_V3	HiSeq X Ten	infected hepatocyte	BioIVT:BGW	Infected host hepatocytes	Liver stage	Cambodia field isolate	5	None	1	612_TGACCCTTCACGGAGA	Hypnozoite	NA	NA	NA	0	0	0	0	0	0	1	1	0	1	24	Hypnozoite	0	Asexual 1	3.78665624749677	0.750729875083767	-2.67962838682929	-3.2260183149358	0.890269118099743	-3.48045536691094	-2.93498726263534	-2.28446977547515	2.92867960094475	-3.19499588524073	-3.30374832515337	3.80618599049994	3.77685454439278	-6.93672448571711	15.475297832401
612_TGACGCGCAATCGAAA	242	202	36093191	SRR19573612	Ruberto2022_1	4	2022	Cambodia_Mondulkiri	10x_Chomium_V3	HiSeq X Ten	infected hepatocyte	BioIVT:BGW	Infected host hepatocytes	Liver stage	Cambodia field isolate	5	None	1	612_TGACGCGCAATCGAAA	Hypnozoite	NA	NA	NA	0	0	0	0	0	0	0	0	0	0	24	Hypnozoite	0	Asexual 1	0.948490010619329	-2.99018221962849	-3.58480168852606	-3.11559665737354	2.81096013143592	0.247676940618507	-6.40545126603413	-2.00054832737151	1.54585945292102	-4.12842166881186	-2.03689524968844	1.56028829893631	-1.25403805291089	-12.6912939401172	4.6472599419072
612_TGACGCGGTATGCTAC	50	47	36093191	SRR19573612	Ruberto2022_1	4	2022	Cambodia_Mondulkiri	10x_Chomium_V3	HiSeq X Ten	infected hepatocyte	BioIVT:BGW	Infected host hepatocytes	Liver stage	Cambodia field isolate	5	None	1	612_TGACGCGGTATGCTAC	Hypnozoite	NA	NA	NA	0	0	0	0	0	0	0	0	1	0	36	Hypnozoite	0	Asexual 1	1.33650039327161	-3.44837981331746	-2.84089590582648	-3.42407119808399	2.53360970571571	0.607531579195014	-10.5877271119077	-3.5932621218561	2.54935136353069	-8.1957495323093	-3.60041488103917	2.54873524236824	-4.75663115932166	-19.1484057845041	2.56859759683177
612_TGAGGGAAGTGGAAGA	46	37	36093191	SRR19573612	Ruberto2022_1	4	2022	Cambodia_Mondulkiri	10x_Chomium_V3	HiSeq X Ten	infected hepatocyte	BioIVT:BGW	Infected host hepatocytes	Liver stage	Cambodia field isolate	5	None	1	612_TGAGGGAAGTGGAAGA	Hypnozoite	NA	NA	NA	0	0	0	0	0	0	0	0	1	0	12	Hypnozoite	0	Asexual 1	0.16534331631677	-3.24628716576497	-3.05893684897223	-3.69914663372242	2.33136756971412	2.05253747290229	-11.6916623271117	-3.8591520384698	1.83373534396352	-9.20823163617357	-3.84580548396744	1.82851628743009	-6.8629274538195	-13.3070301160178	-2.1128577984048
612_TGAGGGACAGAGCTAG	288	238	36093191	SRR19573612	Ruberto2022_1	4	2022	Cambodia_Mondulkiri	10x_Chomium_V3	HiSeq X Ten	infected hepatocyte	BioIVT:BGW	Infected host hepatocytes	Liver stage	Cambodia field isolate	5	None	1	612_TGAGGGACAGAGCTAG	Hypnozoite	NA	NA	NA	0	0	0	0	0	0	0	0	0	0	32	Hypnozoite	0	Asexual 1	1.90473376405256	-2.01760393250386	-3.47562505278388	-3.73792517719471	1.87817402437263	-1.0605032127514	-6.50196944906003	-2.42337937340644	1.98652006489995	-5.52620568074443	-2.82642163421835	2.2046784925026	-0.162204528366957	-15.9483692818691	8.42793080541774
612_TGAGGGACAGCTTCCT	191	164	36093191	SRR19573612	Ruberto2022_1	4	2022	Cambodia_Mondulkiri	10x_Chomium_V3	HiSeq X Ten	infected hepatocyte	BioIVT:BGW	Infected host hepatocytes	Liver stage	Cambodia field isolate	5	None	1	612_TGAGGGACAGCTTCCT	Hypnozoite	NA	NA	NA	0	0	0	0	0	0	0	0	0	0	36	Hypnozoite	0	Asexual 1	1.02829627883451	-3.17700010407368	-3.16993977103034	-3.57314241466724	2.38197262838417	0.74713066404914	-9.20975665618866	-3.89445811542767	1.23229034869778	-6.8378144078795	-3.90610163264096	1.23285691081051	-2.49502075187246	-13.8098285535187	3.70235584667169
612_TGAGGGATCCAATCCC	551	445	36093191	SRR19573612	Ruberto2022_1	4	2022	Cambodia_Mondulkiri	10x_Chomium_V3	HiSeq X Ten	infected hepatocyte	BioIVT:BGW	Infected host hepatocytes	Liver stage	Cambodia field isolate	5	None	1	612_TGAGGGATCCAATCCC	Hypnozoite	NA	NA	NA	0	0	0	0	0	0	0	0	0	0	24	Hypnozoite	0	Asexual 1	2.4298912156822	-1.39231926072041	-3.54910756621161	-4.18968260822498	1.15988929822975	-2.04559156114007	-4.15592549377254	-1.03790225856884	2.43683623113699	-4.13643515164985	-1.76920953359591	2.91187594872711	-0.331039945878977	-13.2281782793824	8.99701983544171
612_TGATCAGAGGGTTAGC	4639	1680	36093191	SRR19573612	Ruberto2022_1	4	2022	Cambodia_Mondulkiri	10x_Chomium_V3	HiSeq X Ten	infected hepatocyte	BioIVT:BGW	Infected host hepatocytes	Liver stage	Cambodia field isolate	5	None	1	612_TGATCAGAGGGTTAGC	Schizont	NA	NA	NA	0	0	0	0	1	1	1	1	0	1	24	Schizont (Liver stage)	1	Asexual 2	5.29721008431928	3.65529984366497	-2.79087258848944	-2.11531818447315	-0.578293604106373	-5.73410579377557	8.1856238905371	-1.15265823310414	7.37000286474254	4.44566343183943	-1.893868146438	7.4814910295816	14.1434784716288	2.91146425840914	12.6976569152915
612_TGATGCATCTGCGGCA	252	195	36093191	SRR19573612	Ruberto2022_1	4	2022	Cambodia_Mondulkiri	10x_Chomium_V3	HiSeq X Ten	infected hepatocyte	BioIVT:BGW	Infected host hepatocytes	Liver stage	Cambodia field isolate	5	None	1	612_TGATGCATCTGCGGCA	Hypnozoite	NA	NA	NA	0	0	0	0	0	0	0	0	0	0	36	Hypnozoite	0	Asexual 1	2.09275113236921	-2.57201653588215	-3.56249929938117	-3.41367853222095	2.20934136465126	-1.21186998301888	-7.92518159553979	-2.89936709633388	2.86559194958971	-6.56982223714887	-3.18550299183196	3.0147552393925	1.19462102548454	-17.8180295187725	10.1740927175711
612_TGATGGTAGCAACTTC	82	71	36093191	SRR19573612	Ruberto2022_1	4	2022	Cambodia_Mondulkiri	10x_Chomium_V3	HiSeq X Ten	infected hepatocyte	BioIVT:BGW	Infected host hepatocytes	Liver stage	Cambodia field isolate	5	None	1	612_TGATGGTAGCAACTTC	Hypnozoite	NA	NA	NA	0	0	0	0	0	0	0	0	1	0	12	Hypnozoite	0	Asexual 1	-0.109476445197893	-2.88849812615315	-2.90189792189398	-3.98478854236805	2.07935627058082	2.12046817129706	-8.99090188377445	-3.00009068133475	2.17463775963707	-6.52214499834075	-2.98984514632323	2.17027937747249	-4.17343647674262	-9.08921342736435	0.223381943334807
612_TGATTCTCAATTCGTG	357	300	36093191	SRR19573612	Ruberto2022_1	4	2022	Cambodia_Mondulkiri	10x_Chomium_V3	HiSeq X Ten	infected hepatocyte	BioIVT:BGW	Infected host hepatocytes	Liver stage	Cambodia field isolate	5	None	1	612_TGATTCTCAATTCGTG	Hypnozoite	NA	NA	NA	0	0	0	0	0	0	1	1	0	0	36	Hypnozoite	0	Asexual 1	2.17824875009077	-1.9224901782314	-3.45689822706977	-3.72491825161182	1.53710587575965	-1.85627898389245	-5.95611264279321	-1.97913552809545	3.54441255398822	-5.75719315194535	-2.65194403261324	3.94996308495103	1.0458151540328	-14.9382941289078	9.44793028048066
612_TGATTTCAGCGCCATC	747	569	36093191	SRR19573612	Ruberto2022_1	4	2022	Cambodia_Mondulkiri	10x_Chomium_V3	HiSeq X Ten	infected hepatocyte	BioIVT:BGW	Infected host hepatocytes	Liver stage	Cambodia field isolate	5	None	1	612_TGATTTCAGCGCCATC	Schizont	NA	NA	NA	0	0	0	0	0	0	1	1	0	1	24	Schizont (Liver stage)	0	Asexual 1	4.23605190408246	2.05382269751628	-2.2184443620185	-3.23521602688038	0.31834908083015	-4.18276950532342	-0.155777624978683	-2.16585781719163	3.89422300954541	-1.18061578850274	-3.24415148193421	4.49353672145385	5.96694405337743	-4.05677181012551	15.8330660788124
612_TGATTTCAGCTAGTTC	729	535	36093191	SRR19573612	Ruberto2022_1	4	2022	Cambodia_Mondulkiri	10x_Chomium_V3	HiSeq X Ten	infected hepatocyte	BioIVT:BGW	Infected host hepatocytes	Liver stage	Cambodia field isolate	5	None	1	612_TGATTTCAGCTAGTTC	Hypnozoite	NA	NA	NA	0	0	0	0	0	0	1	1	0	1	24	Hypnozoite	0	Asexual 1	3.34518633973615	-0.130830107812084	-3.14318944487372	-4.26945126590931	1.03986008718544	-3.89283415490533	-1.64569386137654	-3.80243436232784	2.81425044593205	-1.80911471837043	-4.82697607725973	3.65519017210221	4.87262008630579	-10.1340133702642	15.7200786628702
612_TGCACGGCAAATGGCG	8343	2041	36093191	SRR19573612	Ruberto2022_1	4	2022	Cambodia_Mondulkiri	10x_Chomium_V3	HiSeq X Ten	infected hepatocyte	BioIVT:BGW	Infected host hepatocytes	Liver stage	Cambodia field isolate	5	None	1	612_TGCACGGCAAATGGCG	Schizont	NA	NA	NA	0	0	0	0	1	1	1	1	0	1	24	Schizont (Liver stage)	1	Asexual 2	4.84493242394941	3.47554701697429	-2.52178265127936	-2.71674264011585	0.498717146664196	-6.11150952989007	9.64755986542173	-1.16183785610713	6.12891280928986	5.82935974405463	-2.13171404728728	6.40173650108976	18.5113365117845	-1.11331353260109	13.5582088367338
612_TGCAGATGTACCTTCC	3766	1503	36093191	SRR19573612	Ruberto2022_1	4	2022	Cambodia_Mondulkiri	10x_Chomium_V3	HiSeq X Ten	infected hepatocyte	BioIVT:BGW	Infected host hepatocytes	Liver stage	Cambodia field isolate	5	None	1	612_TGCAGATGTACCTTCC	Schizont	NA	NA	NA	0	0	0	0	1	1	1	1	0	1	36	Schizont (Liver stage)	1	Asexual 2	4.91651855599897	3.33731717001995	-2.66446734938422	-2.85628974971973	0.82056631401115	-5.56847545319939	5.97272042219452	-2.47953129060999	6.08060021279966	2.19351885437916	-3.67627146131338	6.20248023828575	14.9158464159613	-3.96407779806499	12.8970769510024
612_TGCAGATGTTGTTTGG	485	372	36093191	SRR19573612	Ruberto2022_1	4	2022	Cambodia_Mondulkiri	10x_Chomium_V3	HiSeq X Ten	infected hepatocyte	BioIVT:BGW	Infected host hepatocytes	Liver stage	Cambodia field isolate	5	None	1	612_TGCAGATGTTGTTTGG	Hypnozoite	NA	NA	NA	0	0	0	0	0	0	1	1	0	1	36	Hypnozoite	0	Asexual 1	3.03843651902692	-0.711889325265087	-3.37999822172919	-3.70589221058094	1.68282254293495	-3.03993865662957	-3.99858650940325	-2.97856197230517	2.51223340670206	-4.27499619083316	-3.96146894797576	3.37782946860302	6.37702672634704	-13.3371253483153	13.7592909504895
612_TGCAGGCCACATATGC	3209	1425	36093191	SRR19573612	Ruberto2022_1	4	2022	Cambodia_Mondulkiri	10x_Chomium_V3	HiSeq X Ten	infected hepatocyte	BioIVT:BGW	Infected host hepatocytes	Liver stage	Cambodia field isolate	5	None	1	612_TGCAGGCCACATATGC	Schizont	NA	NA	NA	0	0	0	0	1	1	1	1	0	1	24	Schizont (Liver stage)	1	Asexual 2	5.2893346418144	3.66230982672771	-2.71933843169013	-1.82972002563678	-1.00775693103737	-4.99110767060662	6.66300154807029	-0.85504501166781	5.9231211270596	4.5486945656647	-1.47595004156285	6.08132543379685	9.70739774143109	4.04783503312295	11.7269055159445
612_TGCAGGCGTGCTGATT	245	193	36093191	SRR19573612	Ruberto2022_1	4	2022	Cambodia_Mondulkiri	10x_Chomium_V3	HiSeq X Ten	infected hepatocyte	BioIVT:BGW	Infected host hepatocytes	Liver stage	Cambodia field isolate	5	None	1	612_TGCAGGCGTGCTGATT	Hypnozoite	NA	NA	NA	0	0	0	0	0	0	0	0	0	0	36	Hypnozoite	0	Asexual 1	1.85058568608777	-2.22269588578144	-3.76090671095648	-2.74079621372425	2.46916683271461	-1.10918429309274	-6.63387197248619	-3.83314954962436	3.99145239672561	-4.75210166451818	-3.97113642232766	4.06310513822145	-2.7968301270565	-14.4077241054051	6.39271836385204
612_TGCAGGCTCTCTCCGA	37	29	36093191	SRR19573612	Ruberto2022_1	4	2022	Cambodia_Mondulkiri	10x_Chomium_V3	HiSeq X Ten	infected hepatocyte	BioIVT:BGW	Infected host hepatocytes	Liver stage	Cambodia field isolate	5	None	1	612_TGCAGGCTCTCTCCGA	Hypnozoite	NA	NA	NA	0	0	0	0	0	0	0	0	1	0	36	Hypnozoite	0	Asexual 1	-0.34616412031634	-3.30523520577351	-3.13375355276862	-3.30180371341907	2.3161786372953	3.12443855589484	-11.6634962290846	-2.32045004817488	1.76289544883161	-9.16803921797681	-2.3039103372861	1.75680460714475	-6.01248827148668	-11.2454673233881	-5.71787248207454
612_TGCAGTAAGTGGTCAG	4839	1678	36093191	SRR19573612	Ruberto2022_1	4	2022	Cambodia_Mondulkiri	10x_Chomium_V3	HiSeq X Ten	infected hepatocyte	BioIVT:BGW	Infected host hepatocytes	Liver stage	Cambodia field isolate	5	None	1	612_TGCAGTAAGTGGTCAG	Schizont	NA	NA	NA	0	0	0	0	1	1	1	1	0	1	24	Schizont (Liver stage)	1	Asexual 2	5.28160034310834	3.64121884238323	-2.75247980627814	-2.23910224971973	-0.583241743297047	-5.4794370811596	9.324777344608	-2.45618532289087	7.69829412211624	5.60361957930949	-3.43916389646976	7.66077348736585	13.9040781699237	2.91548410796454	12.8492509438622
612_TGCATGACATCGAAGG	9229	2301	36093191	SRR19573612	Ruberto2022_1	4	2022	Cambodia_Mondulkiri	10x_Chomium_V3	HiSeq X Ten	infected hepatocyte	BioIVT:BGW	Infected host hepatocytes	Liver stage	Cambodia field isolate	5	None	1	612_TGCATGACATCGAAGG	Schizont	NA	NA	NA	0	0	0	0	1	1	1	1	0	1	36	Schizont (Liver stage)	1	Asexual 2	5.09675298821943	3.54675358664592	-2.72610951933661	-2.55398142872059	0.0464179913693007	-6.18516847306634	10.8652431976115	-1.28319202446324	6.95806139323641	6.96011110031946	-2.21081150463468	7.18430402705525	16.7350496602556	1.36516894504517	12.8610421446628
612_TGCCGAGAGAAGAACG	223	153	36093191	SRR19573612	Ruberto2022_1	4	2022	Cambodia_Mondulkiri	10x_Chomium_V3	HiSeq X Ten	infected hepatocyte	BioIVT:BGW	Infected host hepatocytes	Liver stage	Cambodia field isolate	5	None	1	612_TGCCGAGAGAAGAACG	Schizont	NA	NA	NA	0	0	0	0	0	0	0	0	0	0	36	Schizont (Liver stage)	0	Asexual 1	1.61619769227521	-2.65049725640217	-3.69332076582709	-3.12364709911548	2.46253116682106	-0.224256319941529	-9.38297512368771	-3.69718701702598	2.97150349310052	-7.14553600550902	-3.74020516821323	2.9817256762939	-3.48015205960748	-18.5129207700401	5.89977148276089
612_TGCCGAGCAATCTGCA	1555	1074	36093191	SRR19573612	Ruberto2022_1	4	2022	Cambodia_Mondulkiri	10x_Chomium_V3	HiSeq X Ten	infected hepatocyte	BioIVT:BGW	Infected host hepatocytes	Liver stage	Cambodia field isolate	5	None	1	612_TGCCGAGCAATCTGCA	Hypnozoite	NA	NA	NA	0	1	2	2	2	2	2	2	2	2	36	Hypnozoite	2	Female gametocyte	2.84326707017438	4.06896132361492	-2.07133461508551	-0.220331048347584	-3.7837764446444	-3.32682201081658	9.75992762757044	-0.129128993793113	0.470756355408012	11.267870559583	-0.881928388622442	0.519112056878048	-1.08433950607945	4.90916897035368	3.01881124340244
612_TGCGACGGTGACTCTA	574	464	36093191	SRR19573612	Ruberto2022_1	4	2022	Cambodia_Mondulkiri	10x_Chomium_V3	HiSeq X Ten	infected hepatocyte	BioIVT:BGW	Infected host hepatocytes	Liver stage	Cambodia field isolate	5	None	1	612_TGCGACGGTGACTCTA	Hypnozoite	NA	NA	NA	0	0	0	0	0	0	1	1	0	1	32	Hypnozoite	0	Asexual 1	3.60807548654096	0.36625960599979	-2.9138662961463	-3.48358572063648	1.16809113576942	-3.80114695245171	-2.75390058001486	-1.42765358398806	3.49163174399657	-3.23058314155678	-2.47190211750775	4.34203094225961	6.16139313491407	-10.3800705368731	14.5557975248913
612_TGCGATATCTTCGTGC	631	496	36093191	SRR19573612	Ruberto2022_1	4	2022	Cambodia_Mondulkiri	10x_Chomium_V3	HiSeq X Ten	infected hepatocyte	BioIVT:BGW	Infected host hepatocytes	Liver stage	Cambodia field isolate	5	None	1	612_TGCGATATCTTCGTGC	Hypnozoite	NA	NA	NA	0	0	0	0	0	0	1	1	0	1	36	Hypnozoite	0	Asexual 1	4.29566227090375	1.26674312483867	-2.37440206084052	-3.48517454204761	1.1687005336576	-3.84202500993157	-1.61698147413704	-2.6466752682673	3.84587993140612	-1.8699701536934	-3.68232564382508	4.76167918987488	5.27115410946435	-5.88207634688915	16.1568619994451
612_TGCGGGTGTTCAGGTT	423	351	36093191	SRR19573612	Ruberto2022_1	4	2022	Cambodia_Mondulkiri	10x_Chomium_V3	HiSeq X Ten	infected hepatocyte	BioIVT:BGW	Infected host hepatocytes	Liver stage	Cambodia field isolate	5	None	1	612_TGCGGGTGTTCAGGTT	Hypnozoite	NA	NA	NA	0	0	0	0	0	0	1	1	0	1	24	Hypnozoite	0	Asexual 1	2.71879135262983	-1.20817237961689	-3.44441463026801	-3.76683104572498	1.687178808003	-2.35955664330865	-5.09533039839379	-2.32555477655105	2.41339177058758	-5.31354694199481	-3.21675322226422	3.13971826426613	4.6636977199362	-13.5378126198811	14.141371456953
612_TGCTGAAAGCGGCTCT	113	91	36093191	SRR19573612	Ruberto2022_1	4	2022	Cambodia_Mondulkiri	10x_Chomium_V3	HiSeq X Ten	infected hepatocyte	BioIVT:BGW	Infected host hepatocytes	Liver stage	Cambodia field isolate	5	None	1	612_TGCTGAAAGCGGCTCT	Schizont	NA	NA	NA	0	0	0	0	0	0	0	0	0	0	36	Schizont (Liver stage)	0	Asexual 1	0.609174417376684	-3.0156024085323	-3.34951163801947	-3.68713725147449	2.36343319967323	1.03677442854499	-9.71719221674227	-2.43843274697139	2.05711555381573	-7.2953798446147	-2.43854349504273	2.05544225320084	-2.01339174263707	-12.7638396786713	1.94883512049654
612_TGGAGGATCTGAGAGG	449	348	36093191	SRR19573612	Ruberto2022_1	4	2022	Cambodia_Mondulkiri	10x_Chomium_V3	HiSeq X Ten	infected hepatocyte	BioIVT:BGW	Infected host hepatocytes	Liver stage	Cambodia field isolate	5	None	1	612_TGGAGGATCTGAGAGG	Hypnozoite	NA	NA	NA	0	0	0	0	0	0	1	1	0	1	12	Hypnozoite	0	Asexual 1	2.01658104550855	-2.33188849556843	-3.08938576254645	-2.72911751804554	0.0662529866390761	-1.58255240136529	-4.34102078124516	-3.77225761548764	1.84326669474166	-4.27287744600674	-4.51223791395048	1.8027182121451	-1.33702953018254	-3.5489727352719	9.69260124371202
612_TGGCGTGCACAGTGTT	1166	606	36093191	SRR19573612	Ruberto2022_1	4	2022	Cambodia_Mondulkiri	10x_Chomium_V3	HiSeq X Ten	infected hepatocyte	BioIVT:BGW	Infected host hepatocytes	Liver stage	Cambodia field isolate	5	None	1	612_TGGCGTGCACAGTGTT	Schizont	NA	NA	NA	0	0	0	0	0	0	1	1	0	1	36	Schizont (Liver stage)	0	Asexual 1	4.30088411462324	2.47230094801983	-2.3719289449195	-3.14841020641529	1.69795938089424	-4.37433883363152	-0.280776912296097	-3.68611067497046	5.50110634425971	-1.80314928359322	-4.79242293754284	6.14444756775066	12.7579081436391	-9.45226066787743	13.9875479977215
612_TGGGATTTCACGGAGA	193	170	36093191	SRR19573612	Ruberto2022_1	4	2022	Cambodia_Mondulkiri	10x_Chomium_V3	HiSeq X Ten	infected hepatocyte	BioIVT:BGW	Infected host hepatocytes	Liver stage	Cambodia field isolate	5	None	1	612_TGGGATTTCACGGAGA	Hypnozoite	NA	NA	NA	0	0	0	0	0	0	0	0	0	0	6	Hypnozoite	0	Asexual 1	0.300221385479139	-3.04343062508503	-2.8981580880622	-3.23003590641224	1.97303493574195	0.577872546373359	-8.74337853997914	-3.49352116753601	1.38127413791688	-6.45409448340022	-3.52623474913253	1.38526401071537	-0.855054583335461	-10.9324231056993	2.77193615837302
612_TGGGCGTCACGGCACT	324	248	36093191	SRR19573612	Ruberto2022_1	4	2022	Cambodia_Mondulkiri	10x_Chomium_V3	HiSeq X Ten	infected hepatocyte	BioIVT:BGW	Infected host hepatocytes	Liver stage	Cambodia field isolate	5	None	1	612_TGGGCGTCACGGCACT	Hypnozoite	NA	NA	NA	0	0	0	0	0	0	1	1	0	0	36	Hypnozoite	0	Asexual 1	2.11606823098676	-2.10775333512226	-3.63257838759223	-3.06171310482227	1.82649834707313	-1.70391246491814	-5.68252625810496	-3.76468369763758	2.67111257583493	-4.89438015623428	-4.28789691990782	3.03201622902886	0.809060803534536	-14.9578856357429	9.69227743271891
612_TGGGCGTGTTTACGTG	410	334	36093191	SRR19573612	Ruberto2022_1	4	2022	Cambodia_Mondulkiri	10x_Chomium_V3	HiSeq X Ten	infected hepatocyte	BioIVT:BGW	Infected host hepatocytes	Liver stage	Cambodia field isolate	5	None	1	612_TGGGCGTGTTTACGTG	Hypnozoite	NA	NA	NA	0	0	0	0	0	0	1	1	0	1	24	Hypnozoite	0	Asexual 1	2.64610253465192	-1.51313525307576	-3.51638342413703	-3.44477379856311	1.69864972189003	-2.50461384469415	-5.02095609198006	-3.99284394324537	4.25665938263264	-5.02790889502145	-4.7667193729168	4.82056445145938	4.60029092327637	-13.9615882257624	12.5528704340894
612_TGGTACAGTACCCACG	462	383	36093191	SRR19573612	Ruberto2022_1	4	2022	Cambodia_Mondulkiri	10x_Chomium_V3	HiSeq X Ten	infected hepatocyte	BioIVT:BGW	Infected host hepatocytes	Liver stage	Cambodia field isolate	5	None	1	612_TGGTACAGTACCCACG	Hypnozoite	NA	NA	NA	0	0	0	0	0	0	1	1	0	1	24	Hypnozoite	0	Asexual 1	3.20383392465131	-0.449857293252148	-3.30543209585944	-3.64020145473682	1.5874439056211	-3.6902856510296	-3.17270956574951	-2.95955929504933	3.28777883606574	-3.49065079697131	-3.97871234207796	4.203058586204	6.44394092651918	-11.7367103574773	15.3370802750886
612_TGGTGATCATCCTTGC	396	307	36093191	SRR19573612	Ruberto2022_1	4	2022	Cambodia_Mondulkiri	10x_Chomium_V3	HiSeq X Ten	infected hepatocyte	BioIVT:BGW	Infected host hepatocytes	Liver stage	Cambodia field isolate	5	None	1	612_TGGTGATCATCCTTGC	Hypnozoite	NA	NA	NA	0	0	0	0	0	0	1	1	0	1	36	Hypnozoite	0	Asexual 1	2.84457002770917	-1.53843575585286	-3.29675389799872	-2.95204127369129	1.54624195650154	-2.22714158708001	-5.91820914865776	-4.21854885222784	3.49440556040781	-6.11940536001155	-5.12420520224345	4.20178568056876	6.24742780256911	-15.8736654001132	12.4211833794875
612_TGTAACGCAGTTGTTG	173	131	36093191	SRR19573612	Ruberto2022_1	4	2022	Cambodia_Mondulkiri	10x_Chomium_V3	HiSeq X Ten	infected hepatocyte	BioIVT:BGW	Infected host hepatocytes	Liver stage	Cambodia field isolate	5	None	1	612_TGTAACGCAGTTGTTG	Schizont	NA	NA	NA	0	0	0	0	0	0	0	0	0	0	36	Schizont (Liver stage)	0	Asexual 1	1.25417529237287	-3.0636170493404	-3.76712132963935	-2.9980331712743	2.92675526693397	0.238021584211341	-9.52157891234217	-3.28821593074246	3.13019900674949	-7.16539111294844	-3.30333493360125	3.13183401836611	-4.67771288817188	-19.0140634996552	5.63232974981718
612_TGTAAGCGTCGATTCA	44	38	36093191	SRR19573612	Ruberto2022_1	4	2022	Cambodia_Mondulkiri	10x_Chomium_V3	HiSeq X Ten	infected hepatocyte	BioIVT:BGW	Infected host hepatocytes	Liver stage	Cambodia field isolate	5	None	1	612_TGTAAGCGTCGATTCA	Hypnozoite	NA	NA	NA	0	0	0	0	0	0	0	0	1	0	36	Hypnozoite	0	Asexual 1	-0.334698809265925	-3.10905629265705	-3.21241094145575	-2.99071682033741	2.61885746076637	2.49641803091621	-11.2553406064096	-3.5971112295794	0.967863179850439	-8.75764185213231	-3.58028866189893	0.96153836417982	-9.13286404874704	-12.3852293162933	-2.709968064223
612_TGTCAGAGTTTCGTTT	622	493	36093191	SRR19573612	Ruberto2022_1	4	2022	Cambodia_Mondulkiri	10x_Chomium_V3	HiSeq X Ten	infected hepatocyte	BioIVT:BGW	Infected host hepatocytes	Liver stage	Cambodia field isolate	5	None	1	612_TGTCAGAGTTTCGTTT	Hypnozoite	NA	NA	NA	0	0	0	0	0	0	1	1	0	1	24	Hypnozoite	0	Asexual 1	4.2998908628227	-0.131300686482586	-1.82456614050665	-3.27087486324512	0.395813601761394	-3.12055846864129	-2.98140126005992	-3.22453398596731	4.81566335810104	-2.97432967536296	-4.19303432359088	5.47102342592493	2.51607176253994	-5.51082473156543	16.3950468888685
612_TGTCCACAGCAACCAG	10827	2499	36093191	SRR19573612	Ruberto2022_1	4	2022	Cambodia_Mondulkiri	10x_Chomium_V3	HiSeq X Ten	infected hepatocyte	BioIVT:BGW	Infected host hepatocytes	Liver stage	Cambodia field isolate	5	None	1	612_TGTCCACAGCAACCAG	Schizont	NA	NA	NA	0	0	0	0	1	1	1	1	0	1	36	Schizont (Liver stage)	1	Asexual 2	5.3026174176933	3.67285579573711	-2.82694603476325	-1.87640035686695	-0.64382634803719	-5.96420642548943	12.767231095541	-0.717731057416611	7.23386818891305	9.53754639382129	-1.5334878250779	7.48712055883782	15.2447605103153	3.52505656630163	12.4993684067647
612_TGTCCTGGTATGCTAC	6042	1892	36093191	SRR19573612	Ruberto2022_1	4	2022	Cambodia_Mondulkiri	10x_Chomium_V3	HiSeq X Ten	infected hepatocyte	BioIVT:BGW	Infected host hepatocytes	Liver stage	Cambodia field isolate	5	None	1	612_TGTCCTGGTATGCTAC	Schizont	NA	NA	NA	0	0	0	0	1	1	1	1	0	1	32	Schizont (Liver stage)	1	Asexual 2	5.11875806939618	3.50918287169536	-2.80199004683295	-2.64382255611622	-0.0975076158351366	-5.84085151368523	9.62959319345948	-2.41306818869271	6.43313895897001	5.71376606397188	-3.53154573023894	6.5285635420143	16.2984905172728	-0.129270495469003	13.3536592741889
612_TGTGAGTGTTCTATCT	4853	1659	36093191	SRR19573612	Ruberto2022_1	4	2022	Cambodia_Mondulkiri	10x_Chomium_V3	HiSeq X Ten	infected hepatocyte	BioIVT:BGW	Infected host hepatocytes	Liver stage	Cambodia field isolate	5	None	1	612_TGTGAGTGTTCTATCT	Schizont	NA	NA	NA	0	0	0	0	1	1	1	1	0	1	24	Schizont (Liver stage)	1	Asexual 2	5.06603752267377	3.4468809975346	-2.7748065141181	-2.83711112079822	0.166805120854908	-5.4612052124157	6.93665011419737	-2.26300764368075	6.58907400787634	3.18396913027903	-3.43167162485843	6.675119188284	14.397532584676	-1.37258692460884	14.2156324258309
612_TGTGAGTTCCCAGTGG	316	266	36093191	SRR19573612	Ruberto2022_1	4	2022	Cambodia_Mondulkiri	10x_Chomium_V3	HiSeq X Ten	infected hepatocyte	BioIVT:BGW	Infected host hepatocytes	Liver stage	Cambodia field isolate	5	None	1	612_TGTGAGTTCCCAGTGG	Hypnozoite	NA	NA	NA	0	0	0	0	0	0	0	0	0	0	24	Hypnozoite	0	Asexual 1	0.830053435683416	-3.14983039963642	-3.16336657080451	-3.62922251758777	2.1049068744474	-0.0632762592449272	-7.4949994887584	-1.49522291292807	2.26804861531597	-5.36598295153087	-1.56558193771355	2.28728170130695	-1.18211280244639	-12.6955466750384	5.30487288718919
612_TGTGTGATCTCTGGTC	130	112	36093191	SRR19573612	Ruberto2022_1	4	2022	Cambodia_Mondulkiri	10x_Chomium_V3	HiSeq X Ten	infected hepatocyte	BioIVT:BGW	Infected host hepatocytes	Liver stage	Cambodia field isolate	5	None	1	612_TGTGTGATCTCTGGTC	Schizont	NA	NA	NA	0	0	0	0	0	0	0	0	0	0	24	Schizont (Liver stage)	0	Asexual 1	0.903560446620153	-3.40062314141194	-3.28368140730658	-3.31874335346424	2.54046495512062	0.150174589811317	-8.02741856949145	-2.74210170192263	2.1602366637124	-5.68867649703685	-2.761403597041	2.16277446250961	-1.799887472832	-13.4612733931915	4.40463157956748
612_TGTTCATAGCTGCGAA	268	231	36093191	SRR19573612	Ruberto2022_1	4	2022	Cambodia_Mondulkiri	10x_Chomium_V3	HiSeq X Ten	infected hepatocyte	BioIVT:BGW	Infected host hepatocytes	Liver stage	Cambodia field isolate	5	None	1	612_TGTTCATAGCTGCGAA	Hypnozoite	NA	NA	NA	0	0	0	0	1	1	1	1	0	1	24	Hypnozoite	1	Asexual 2	-0.39279211866839	-2.12387448418538	-2.27989579710761	0.345944876096614	-0.222335112542576	-3.98670550996209	-5.50862614328928	-3.00886857654335	3.00090416674199	-4.20098198321829	-3.07340620425608	3.88986856901191	3.9783143593281	3.59993064306441	2.2076191046411
612_TGTTCCGAGAATTGTG	756	572	36093191	SRR19573612	Ruberto2022_1	4	2022	Cambodia_Mondulkiri	10x_Chomium_V3	HiSeq X Ten	infected hepatocyte	BioIVT:BGW	Infected host hepatocytes	Liver stage	Cambodia field isolate	5	None	1	612_TGTTCCGAGAATTGTG	Hypnozoite	NA	NA	NA	0	0	0	0	0	0	1	1	0	1	24	Hypnozoite	0	Asexual 1	4.76319109094159	1.4235991252621	-1.16331900629798	-2.96300828991138	-0.514772934169239	-3.27862712556268	-1.53391257529709	-3.52879350297039	4.01397950535791	-1.3443038896192	-4.4135628073126	4.30802451941992	0.912343128754731	-1.18603522030166	18.2969911388849
612_TGTTCCGAGAGTCTTC	11750	2469	36093191	SRR19573612	Ruberto2022_1	4	2022	Cambodia_Mondulkiri	10x_Chomium_V3	HiSeq X Ten	infected hepatocyte	BioIVT:BGW	Infected host hepatocytes	Liver stage	Cambodia field isolate	5	None	1	612_TGTTCCGAGAGTCTTC	Schizont	NA	NA	NA	0	0	0	0	1	1	1	1	0	1	36	Schizont (Liver stage)	1	Asexual 2	5.05230842721479	3.53301686179241	-2.70270945105353	-2.42643178043567	0.0554966206842001	-6.28043910676385	12.0508451937717	-0.93656455619794	6.78819895465504	8.28101160912085	-1.53881583583056	7.23909472777401	18.4105606035997	-0.674019153425077	13.4686817304585
612_TGTTGAGAGCATGCGA	5982	1733	36093191	SRR19573612	Ruberto2022_1	4	2022	Cambodia_Mondulkiri	10x_Chomium_V3	HiSeq X Ten	infected hepatocyte	BioIVT:BGW	Infected host hepatocytes	Liver stage	Cambodia field isolate	5	None	1	612_TGTTGAGAGCATGCGA	Schizont	NA	NA	NA	0	0	0	0	1	1	1	1	0	1	24	Schizont (Liver stage)	1	Asexual 2	5.06142078530805	3.44087714087566	-2.7692346719245	-2.35578382549488	0.376428144722515	-5.97071572953606	7.5508223811438	-1.99463444262651	6.12763790787049	3.63337993962897	-2.98186445292622	6.36263128279301	15.8446824132074	-0.437050799254087	11.6774627754385
612_TTAATCCTCCACTTTA	146	133	36093191	SRR19573612	Ruberto2022_1	4	2022	Cambodia_Mondulkiri	10x_Chomium_V3	HiSeq X Ten	infected hepatocyte	BioIVT:BGW	Infected host hepatocytes	Liver stage	Cambodia field isolate	5	None	1	612_TTAATCCTCCACTTTA	Hypnozoite	NA	NA	NA	0	0	0	0	0	0	0	0	1	0	24	Hypnozoite	0	Asexual 1	-0.654919816136194	-3.27320605385701	-3.12147189650336	-3.14782870350086	2.50160201147132	2.48459270781135	-8.02132246253669	-2.95519673612515	2.13771770162076	-5.54218952818445	-2.94278256431249	2.13217454634129	0.36348334758977	-8.14920478751484	-6.23299064230869
612_TTACGCCGTTCTCCTG	47	23	36093191	SRR19573612	Ruberto2022_1	4	2022	Cambodia_Mondulkiri	10x_Chomium_V3	HiSeq X Ten	infected hepatocyte	BioIVT:BGW	Infected host hepatocytes	Liver stage	Cambodia field isolate	5	None	1	612_TTACGCCGTTCTCCTG	Hypnozoite	NA	NA	NA	0	0	0	0	0	0	0	0	1	0	6	Hypnozoite	0	Asexual 1	-0.551249040245844	-2.97083884346882	-2.99488140616217	-3.07805979786121	1.46676285818153	4.0691001731739	-12.0690021828813	-3.35209638748679	1.43708794070069	-9.56945593096773	-3.33477231998171	1.43065248276426	-9.63230240994411	-14.486576844137	-8.2455015139659
612_TTACTGTCAATGTCAC	307	247	36093191	SRR19573612	Ruberto2022_1	4	2022	Cambodia_Mondulkiri	10x_Chomium_V3	HiSeq X Ten	infected hepatocyte	BioIVT:BGW	Infected host hepatocytes	Liver stage	Cambodia field isolate	5	None	1	612_TTACTGTCAATGTCAC	Hypnozoite	NA	NA	NA	0	0	0	0	0	0	0	0	0	0	32	Hypnozoite	0	Asexual 1	0.514551954388784	-2.55189639199177	-2.6327281144599	-3.53611743984424	1.16476686552101	0.113656492887489	-7.49527338414776	-2.98657452445467	2.48316144234519	-5.3284817262296	-3.053533223384	2.48843335953297	1.10743320590159	-10.6468650095204	2.51295786665603
612_TTAGGGTTCTACTCAT	4977	1706	36093191	SRR19573612	Ruberto2022_1	4	2022	Cambodia_Mondulkiri	10x_Chomium_V3	HiSeq X Ten	infected hepatocyte	BioIVT:BGW	Infected host hepatocytes	Liver stage	Cambodia field isolate	5	None	1	612_TTAGGGTTCTACTCAT	Schizont	NA	NA	NA	0	0	0	0	1	1	1	1	0	1	36	Schizont (Liver stage)	1	Asexual 2	5.06984840524213	3.46294921767315	-2.77014543089667	-2.89807665882312	0.248605894594723	-5.77308961564446	7.7790729113696	-1.0522244075863	7.06649498870322	3.98198288637973	-2.24089979027363	7.16356161102685	15.3809796443645	-1.99580168097376	14.4004697507259
612_TTAGTCTAGAGCTGCA	258	193	36093191	SRR19573612	Ruberto2022_1	4	2022	Cambodia_Mondulkiri	10x_Chomium_V3	HiSeq X Ten	infected hepatocyte	BioIVT:BGW	Infected host hepatocytes	Liver stage	Cambodia field isolate	5	None	1	612_TTAGTCTAGAGCTGCA	Hypnozoite	NA	NA	NA	0	0	0	0	0	0	0	0	0	0	36	Hypnozoite	0	Asexual 1	0.471159564376043	-3.34460431206623	-3.5256028321723	-2.86936557827198	2.44258602216774	-0.29539786094571	-7.38303224720934	-1.46368975740204	1.96264960506764	-5.06319945369724	-1.48940931589356	1.97003024995984	-0.963171140196562	-12.7011081542782	4.88466474216484
612_TTATTGCAGCATTGTC	6342	2016	36093191	SRR19573612	Ruberto2022_1	4	2022	Cambodia_Mondulkiri	10x_Chomium_V3	HiSeq X Ten	infected hepatocyte	BioIVT:BGW	Infected host hepatocytes	Liver stage	Cambodia field isolate	5	None	1	612_TTATTGCAGCATTGTC	Schizont	NA	NA	NA	0	0	0	0	1	1	1	1	0	1	24	Schizont (Liver stage)	1	Asexual 2	5.19917617928998	3.5830509079655	-2.79038216147223	-2.53420508442127	-0.375363988131947	-5.79834434205438	10.6406363019202	-1.48355102453296	6.92591007319048	6.57549600052683	-2.56501697427341	6.92645505072576	15.9924720206324	1.6766552762222	13.6538159286311
612_TTCACCGAGGCGAAGG	458	353	36093191	SRR19573612	Ruberto2022_1	4	2022	Cambodia_Mondulkiri	10x_Chomium_V3	HiSeq X Ten	infected hepatocyte	BioIVT:BGW	Infected host hepatocytes	Liver stage	Cambodia field isolate	5	None	1	612_TTCACCGAGGCGAAGG	Hypnozoite	NA	NA	NA	0	0	0	0	0	0	1	1	0	1	32	Hypnozoite	0	Asexual 1	2.81957088601606	-1.08376854527394	-3.41462184462348	-3.63237393436634	1.5197052533918	-2.94195243531609	-3.60964660179798	-3.09045842709865	3.40777638703292	-3.87134408151655	-4.0864370192172	4.29103213505397	4.93983376799426	-12.4235876736797	13.5992676253921
612_TTCACGCTCGGTCGGT	611	489	36093191	SRR19573612	Ruberto2022_1	4	2022	Cambodia_Mondulkiri	10x_Chomium_V3	HiSeq X Ten	infected hepatocyte	BioIVT:BGW	Infected host hepatocytes	Liver stage	Cambodia field isolate	5	None	1	612_TTCACGCTCGGTCGGT	Hypnozoite	NA	NA	NA	0	1	2	2	2	2	2	2	2	2	36	Hypnozoite	2	Female gametocyte	3.74604354989545	1.91643911730846	-2.13733221564093	-0.771689599134556	-2.80028502389855	-3.17258903199578	-1.37465112623077	-2.74450707375481	2.2059646602866	-0.32083191091955	-3.42232456765587	2.27901009406195	-1.3519375748552	4.14052303288435	4.10968675088577
612_TTCATTGTCGCGAAGA	107	88	36093191	SRR19573612	Ruberto2022_1	4	2022	Cambodia_Mondulkiri	10x_Chomium_V3	HiSeq X Ten	infected hepatocyte	BioIVT:BGW	Infected host hepatocytes	Liver stage	Cambodia field isolate	5	None	1	612_TTCATTGTCGCGAAGA	Hypnozoite	NA	NA	NA	0	0	0	0	0	0	0	0	1	0	36	Hypnozoite	0	Asexual 1	-0.00939559000713933	-3.35035830605427	-2.97316028151312	-3.59385169086658	2.40266426160865	1.92705562895393	-10.0497437839331	-3.01074240052765	1.8329713500941	-7.57471201504634	-2.99932169131226	1.82827687585399	-2.86847139876333	-13.1023954888961	-1.72250036468881
612_TTCCAATCATGCCGAC	105	64	36093191	SRR19573612	Ruberto2022_1	4	2022	Cambodia_Mondulkiri	10x_Chomium_V3	HiSeq X Ten	infected hepatocyte	BioIVT:BGW	Infected host hepatocytes	Liver stage	Cambodia field isolate	5	None	1	612_TTCCAATCATGCCGAC	Hypnozoite	NA	NA	NA	0	0	0	0	0	0	0	0	1	0	32	Hypnozoite	0	Asexual 1	-0.680291546463801	-3.21272951233784	-3.09734155211249	-3.06471789417469	2.16239007070594	3.18945959395026	-11.7494935763336	-2.79332349220229	1.36433659699318	-9.25000871458061	-2.77589440254331	1.3578128672598	-6.25053142436454	-10.6529167118615	-5.92065069268713
612_TTCCACGAGTCTTCCC	191	160	36093191	SRR19573612	Ruberto2022_1	4	2022	Cambodia_Mondulkiri	10x_Chomium_V3	HiSeq X Ten	infected hepatocyte	BioIVT:BGW	Infected host hepatocytes	Liver stage	Cambodia field isolate	5	None	1	612_TTCCACGAGTCTTCCC	Hypnozoite	NA	NA	NA	0	0	0	0	0	0	0	0	1	0	24	Hypnozoite	0	Asexual 1	0.138303773522543	-3.34328037369648	-3.49110938582221	-2.6278394514104	3.08666546896034	1.93654635733222	-9.64756483442909	-3.32303998327363	1.54702782662747	-7.16587524577614	-3.3098477975505	1.5415637673084	-2.69923935943386	-6.22681425291552	-5.25008154040893
612_TTCCTCTAGCAGTACG	58	40	36093191	SRR19573612	Ruberto2022_1	4	2022	Cambodia_Mondulkiri	10x_Chomium_V3	HiSeq X Ten	infected hepatocyte	BioIVT:BGW	Infected host hepatocytes	Liver stage	Cambodia field isolate	5	None	1	612_TTCCTCTAGCAGTACG	Hypnozoite	NA	NA	NA	0	0	0	0	0	0	0	0	1	0	36	Hypnozoite	0	Asexual 1	-0.309279365420176	-3.28605991471211	-3.25098110708991	-3.29293740329944	2.73166640356117	2.58122471159553	-10.9519836952273	-3.12887215860349	1.81789852393876	-8.45830652202215	-3.11310392374843	1.81188558141738	-4.30236684357065	-10.3144720671288	-6.63991154092722
612_TTCCTCTGTTGCTCGG	415	335	36093191	SRR19573612	Ruberto2022_1	4	2022	Cambodia_Mondulkiri	10x_Chomium_V3	HiSeq X Ten	infected hepatocyte	BioIVT:BGW	Infected host hepatocytes	Liver stage	Cambodia field isolate	5	None	1	612_TTCCTCTGTTGCTCGG	Hypnozoite	NA	NA	NA	0	0	0	0	0	0	1	1	0	1	36	Hypnozoite	0	Asexual 1	2.84642420899885	-0.915831028107799	-3.3539559987525	-3.90487206516468	1.65875669076973	-2.46460649186517	-3.45558513070468	-1.73903523171503	4.39729625856733	-3.68785372784844	-2.51283358375159	5.0896027544094	3.99697369341063	-11.9416053782756	11.0920303404803
612_TTCCTTCCATGGCCAC	1574	770	36093191	SRR19573612	Ruberto2022_1	4	2022	Cambodia_Mondulkiri	10x_Chomium_V3	HiSeq X Ten	infected hepatocyte	BioIVT:BGW	Infected host hepatocytes	Liver stage	Cambodia field isolate	5	None	1	612_TTCCTTCCATGGCCAC	Schizont	NA	NA	NA	0	0	0	0	0	0	1	1	0	1	36	Schizont (Liver stage)	0	Asexual 1	4.48670707833783	2.91035550963482	-2.3191352036933	-2.79763448772632	1.19218237951332	-4.75254794770623	0.500529997675321	-3.45637430200105	6.91960108178109	-2.60134081026269	-4.64065115179741	7.1862897679632	12.4314168900753	-7.99849435601313	11.9239984075241
612_TTCCTTCGTAGCTTTG	318	257	36093191	SRR19573612	Ruberto2022_1	4	2022	Cambodia_Mondulkiri	10x_Chomium_V3	HiSeq X Ten	infected hepatocyte	BioIVT:BGW	Infected host hepatocytes	Liver stage	Cambodia field isolate	5	None	1	612_TTCCTTCGTAGCTTTG	Hypnozoite	NA	NA	NA	0	0	0	0	0	0	0	0	0	0	36	Hypnozoite	0	Asexual 1	1.6828391422035	-2.37569147217671	-3.72903634581366	-3.07559264240467	2.14832408979469	-1.37413969451333	-5.91514930794433	-1.83069514827605	2.8189183236029	-4.46032586757049	-2.1096807785549	2.9630078433771	-1.3028648333294	-13.2767083906513	5.0180532478766
612_TTCTAACAGCCTCAAT	197	151	36093191	SRR19573612	Ruberto2022_1	4	2022	Cambodia_Mondulkiri	10x_Chomium_V3	HiSeq X Ten	infected hepatocyte	BioIVT:BGW	Infected host hepatocytes	Liver stage	Cambodia field isolate	5	None	1	612_TTCTAACAGCCTCAAT	Hypnozoite	NA	NA	NA	0	0	0	0	0	0	0	0	0	0	24	Hypnozoite	0	Asexual 1	0.889888750434088	-3.44594603646199	-3.43846870932379	-3.26186621723377	2.50760372236305	0.0250269193038856	-8.77261935174735	-2.02948883680169	2.21844713037523	-6.5027177587481	-2.06426936517646	2.22428445645332	-1.34342515475254	-13.1081361062891	4.85146935983203
612_TTCTAGTGTTGCTTGA	165	138	36093191	SRR19573612	Ruberto2022_1	4	2022	Cambodia_Mondulkiri	10x_Chomium_V3	HiSeq X Ten	infected hepatocyte	BioIVT:BGW	Infected host hepatocytes	Liver stage	Cambodia field isolate	5	None	1	612_TTCTAGTGTTGCTTGA	Hypnozoite	NA	NA	NA	0	0	0	0	0	0	0	0	0	0	12	Hypnozoite	0	Asexual 1	0.779738651633428	-3.34347492325703	-3.21249605688849	-3.42960155544483	2.31313975408607	0.212688179670325	-8.87740639409368	-3.92925441803342	2.26277321688044	-6.54201926432093	-3.94953408895661	2.26542783179652	-1.64786571090971	-13.6659850037933	4.20198873995909
612_TTCTGTAGTTCCACAA	83	36	36093191	SRR19573612	Ruberto2022_1	4	2022	Cambodia_Mondulkiri	10x_Chomium_V3	HiSeq X Ten	infected hepatocyte	BioIVT:BGW	Infected host hepatocytes	Liver stage	Cambodia field isolate	5	None	1	612_TTCTGTAGTTCCACAA	Hypnozoite	NA	NA	NA	0	0	0	0	0	0	0	0	1	0	32	Hypnozoite	0	Asexual 1	-0.0542230288980733	-3.46005564797322	-3.24707461867133	-3.29471743641102	2.89171917989784	2.29224565809821	-11.8923637489596	-3.23510459960869	1.51866585486869	-9.40156153266654	-3.22000444642307	1.5129351341061	-8.2090695131708	-11.1624153026766	-3.59998571195561
612_TTGAGTGCAGTCTTCC	332	252	36093191	SRR19573612	Ruberto2022_1	4	2022	Cambodia_Mondulkiri	10x_Chomium_V3	HiSeq X Ten	infected hepatocyte	BioIVT:BGW	Infected host hepatocytes	Liver stage	Cambodia field isolate	5	None	1	612_TTGAGTGCAGTCTTCC	Hypnozoite	NA	NA	NA	0	0	0	0	0	0	0	0	0	0	24	Hypnozoite	0	Asexual 1	2.04742597234266	-2.72802454102436	-3.4459605363349	-3.24288309154712	2.11953099325233	-1.16732534581567	-6.9765719433913	-2.78221301088349	3.47142359073856	-5.73208747884167	-3.09044636455826	3.60242549979458	0.48884304101107	-16.1852165651208	8.77379907455048
612_TTGAGTGGTCTAGATC	143	136	36093191	SRR19573612	Ruberto2022_1	4	2022	Cambodia_Mondulkiri	10x_Chomium_V3	HiSeq X Ten	infected hepatocyte	BioIVT:BGW	Infected host hepatocytes	Liver stage	Cambodia field isolate	5	None	1	612_TTGAGTGGTCTAGATC	Schizont	NA	NA	NA	0	0	0	0	0	0	0	0	0	0	6	Schizont (Liver stage)	0	Asexual 1	1.30921815526502	-3.18865281212727	-3.31246758971015	-3.23009193477832	2.47775538518959	-0.0877601187839592	-7.92684517383111	-2.39555005277336	2.10865876087187	-5.72513791325989	-2.44694784104359	2.12034912851202	-3.05053870659307	-13.58180468037	5.73656468892835
612_TTGCATTTCACAAGAA	35	21	36093191	SRR19573612	Ruberto2022_1	4	2022	Cambodia_Mondulkiri	10x_Chomium_V3	HiSeq X Ten	infected hepatocyte	BioIVT:BGW	Infected host hepatocytes	Liver stage	Cambodia field isolate	5	None	1	612_TTGCATTTCACAAGAA	Hypnozoite	NA	NA	NA	0	0	0	0	0	0	0	0	1	0	12	Hypnozoite	0	Asexual 1	-0.142580194353891	-3.3508017646114	-3.21221972975531	-3.01640117702686	2.86210306242042	2.62015584295844	-12.4286533646335	-3.3628518990612	1.54605638992636	-9.9297957032547	-3.34574643893485	1.53961936823681	-9.88609389212046	-12.8038076839296	-4.63665439539207
612_TTGCTGCAGCAGGTCA	533	442	36093191	SRR19573612	Ruberto2022_1	4	2022	Cambodia_Mondulkiri	10x_Chomium_V3	HiSeq X Ten	infected hepatocyte	BioIVT:BGW	Infected host hepatocytes	Liver stage	Cambodia field isolate	5	None	1	612_TTGCTGCAGCAGGTCA	Hypnozoite	NA	NA	NA	0	0	0	0	0	0	1	1	0	1	36	Hypnozoite	0	Asexual 1	3.16880856645124	-0.558565198067821	-3.27490688833991	-3.82678854999744	0.937094050198131	-3.26180144959832	-2.16348520725333	-2.09019928620077	3.93789816628304	-2.33726596131183	-3.110813565387	4.84312472113999	3.64149401968288	-10.1373464673853	15.3671968512502
612_TTGCTGCGTGGGTCAA	736	562	36093191	SRR19573612	Ruberto2022_1	4	2022	Cambodia_Mondulkiri	10x_Chomium_V3	HiSeq X Ten	infected hepatocyte	BioIVT:BGW	Infected host hepatocytes	Liver stage	Cambodia field isolate	5	None	1	612_TTGCTGCGTGGGTCAA	Hypnozoite	NA	NA	NA	0	0	0	0	0	0	1	1	0	1	32	Hypnozoite	0	Asexual 1	4.12261425149457	1.67489093672832	-2.27818085226813	-3.20101845798694	0.67994804933601	-4.0005392711773	-0.68888589048657	-1.50314556785319	3.89429023436577	-1.55370156794471	-2.56370015303983	4.53658401547916	3.16352888251365	-5.2747383996688	13.8289617085214
612_TTGGGATAGTACTCGT	96	37	36093191	SRR19573612	Ruberto2022_1	4	2022	Cambodia_Mondulkiri	10x_Chomium_V3	HiSeq X Ten	infected hepatocyte	BioIVT:BGW	Infected host hepatocytes	Liver stage	Cambodia field isolate	5	None	1	612_TTGGGATAGTACTCGT	Hypnozoite	NA	NA	NA	0	0	0	0	0	0	0	0	1	0	12	Hypnozoite	0	Asexual 1	-0.562947345852686	-3.23531204331318	-2.96076561484137	-3.03541076717579	1.70959730699592	3.15334943121528	-10.9507486427944	-3.70077036838367	0.8530850070886	-8.4515966986098	-3.68359028786433	0.846609895266529	-5.23778962397744	-11.1886567721155	-6.21728873588987
612_TTGGGTAAGGACATCG	68	62	36093191	SRR19573612	Ruberto2022_1	4	2022	Cambodia_Mondulkiri	10x_Chomium_V3	HiSeq X Ten	infected hepatocyte	BioIVT:BGW	Infected host hepatocytes	Liver stage	Cambodia field isolate	5	None	1	612_TTGGGTAAGGACATCG	Hypnozoite	NA	NA	NA	0	0	0	0	0	0	0	0	1	0	32	Hypnozoite	0	Asexual 1	-0.27352954256518	-3.17544466126362	-3.04951621565619	-3.43787682590686	2.1253929908567	2.8911843616352	-10.4822103815781	-3.89752743299392	1.20523341223164	-7.99129205450144	-3.88240242279536	1.19946118485804	-5.50508006964854	-12.0563587923694	-5.51353993566957
612_TTGTGTTGTAGGACTG	6968	2000	36093191	SRR19573612	Ruberto2022_1	4	2022	Cambodia_Mondulkiri	10x_Chomium_V3	HiSeq X Ten	infected hepatocyte	BioIVT:BGW	Infected host hepatocytes	Liver stage	Cambodia field isolate	5	None	1	612_TTGTGTTGTAGGACTG	Schizont	NA	NA	NA	0	0	0	0	1	1	1	1	0	1	24	Schizont (Liver stage)	1	Asexual 2	5.12254987847822	3.53314370047649	-2.77684761557379	-1.81637907562458	0.0381468559794958	-6.32932969743157	9.2647943598435	-1.22236082627659	6.77021794172706	5.38233077071615	-1.75263957154231	7.26483122785281	16.3451152611688	1.27294750398259	10.5149728670916
612_TTGTTCACAGAGGCAT	379	286	36093191	SRR19573612	Ruberto2022_1	4	2022	Cambodia_Mondulkiri	10x_Chomium_V3	HiSeq X Ten	infected hepatocyte	BioIVT:BGW	Infected host hepatocytes	Liver stage	Cambodia field isolate	5	None	1	612_TTGTTCACAGAGGCAT	Hypnozoite	NA	NA	NA	0	0	0	0	0	0	0	0	0	0	24	Hypnozoite	0	Asexual 1	1.27118538510816	-2.8274875270168	-3.55035473379889	-3.35286009845936	2.07618291929298	-0.859573809446343	-6.56784078787888	-2.78451342606782	1.40550527921168	-5.17655096163525	-3.05734942633878	1.52246059626297	-0.333769885894452	-12.2460805042787	5.46413785899311
612_TTGTTCAGTAGGATAT	456	345	36093191	SRR19573612	Ruberto2022_1	4	2022	Cambodia_Mondulkiri	10x_Chomium_V3	HiSeq X Ten	infected hepatocyte	BioIVT:BGW	Infected host hepatocytes	Liver stage	Cambodia field isolate	5	None	1	612_TTGTTCAGTAGGATAT	Hypnozoite	NA	NA	NA	0	0	0	0	0	0	1	1	0	1	32	Hypnozoite	0	Asexual 1	2.11735378396528	-1.80237156021992	-2.88840581450263	-3.90276206073963	0.584989922791057	-1.49059054070855	-3.75896770293228	-3.06316450633208	2.0647592561848	-3.82096936607327	-3.83452695174739	2.43734546489373	3.44206794468918	-11.7174171048277	7.0479483610095
612_TTGTTTGGTTAGGGTG	686	518	36093191	SRR19573612	Ruberto2022_1	4	2022	Cambodia_Mondulkiri	10x_Chomium_V3	HiSeq X Ten	infected hepatocyte	BioIVT:BGW	Infected host hepatocytes	Liver stage	Cambodia field isolate	5	None	1	612_TTGTTTGGTTAGGGTG	Hypnozoite	NA	NA	NA	0	0	0	0	1	1	1	1	0	1	36	Hypnozoite	1	Asexual 2	4.25563322198408	2.35586315524181	-2.33958531889716	-3.04947245655262	0.91453387096458	-4.57218524629022	-0.557852070941239	-3.1287117207969	4.43014650306488	-2.1973973949509	-4.2565146878601	5.01380639149024	9.3942391223974	-5.99821397091588	11.3738561525873
612_TTTACGTCATCGTTCC	140	126	36093191	SRR19573612	Ruberto2022_1	4	2022	Cambodia_Mondulkiri	10x_Chomium_V3	HiSeq X Ten	infected hepatocyte	BioIVT:BGW	Infected host hepatocytes	Liver stage	Cambodia field isolate	5	None	1	612_TTTACGTCATCGTTCC	Hypnozoite	NA	NA	NA	0	0	0	0	0	0	0	0	6	0	24	Hypnozoite	0	Asexual 1	-1.25498570311053	-2.58958989251057	-2.66859413656989	-3.92815602359974	1.11205823972755	2.15525749510383	-8.67185340558212	-3.26041185287009	0.809780312912081	-6.23719147283494	-3.25863525410056	0.806141259331649	1.09956566300555	-8.02920366984121	1.35730596703329
612_TTTAGTCCAAGCACAG	759	556	36093191	SRR19573612	Ruberto2022_1	4	2022	Cambodia_Mondulkiri	10x_Chomium_V3	HiSeq X Ten	infected hepatocyte	BioIVT:BGW	Infected host hepatocytes	Liver stage	Cambodia field isolate	5	None	1	612_TTTAGTCCAAGCACAG	Hypnozoite	NA	NA	NA	0	0	0	0	0	0	1	1	0	1	24	Hypnozoite	0	Asexual 1	4.28007398736493	1.4234987510403	-1.22199870619574	-2.54362214145862	-0.721944910735554	-3.37523862534905	-0.83724253430535	-1.84150654563259	4.09976220920694	-0.662371959265889	-2.6886952694447	4.37137594808524	1.92804941702586	-0.348515140676421	14.3427013635105
612_TTTCACACATTGCAAC	8581	2286	36093191	SRR19573612	Ruberto2022_1	4	2022	Cambodia_Mondulkiri	10x_Chomium_V3	HiSeq X Ten	infected hepatocyte	BioIVT:BGW	Infected host hepatocytes	Liver stage	Cambodia field isolate	5	None	1	612_TTTCACACATTGCAAC	Schizont	NA	NA	NA	0	0	0	0	1	1	1	1	0	1	36	Schizont (Liver stage)	1	Asexual 2	5.18592153680341	3.60646075141033	-2.7967016843299	-2.30083382663929	-0.243977365345425	-6.17384025269891	12.2819509189956	-0.981819329196096	6.17949392407137	8.46255936549428	-1.70922560027787	6.45098951893275	16.4359577976856	1.94229110363241	12.7391737165493
612_TTTCAGTAGAAGGGAT	252	191	36093191	SRR19573612	Ruberto2022_1	4	2022	Cambodia_Mondulkiri	10x_Chomium_V3	HiSeq X Ten	infected hepatocyte	BioIVT:BGW	Infected host hepatocytes	Liver stage	Cambodia field isolate	5	None	1	612_TTTCAGTAGAAGGGAT	Schizont	NA	NA	NA	0	0	0	0	0	0	0	0	0	0	32	Schizont (Liver stage)	0	Asexual 1	1.78966425550001	-2.22906309235493	-3.33095122847357	-3.61472452221119	1.9685657794767	-0.480092624218711	-6.82199288515423	-3.61220467937572	2.58833988751409	-5.12853210248342	-3.80505302273519	2.66948851607625	-0.306824050721277	-13.3100340947468	6.48454120369461
612_TTTCATGGTCGCAGTC	400	315	36093191	SRR19573612	Ruberto2022_1	4	2022	Cambodia_Mondulkiri	10x_Chomium_V3	HiSeq X Ten	infected hepatocyte	BioIVT:BGW	Infected host hepatocytes	Liver stage	Cambodia field isolate	5	None	1	612_TTTCATGGTCGCAGTC	Hypnozoite	NA	NA	NA	0	0	0	0	0	0	0	1	0	0	36	Hypnozoite	0	Asexual 1	2.06924115312116	-1.97099619973103	-3.50148417029181	-3.90638220844471	1.50475724294715	-1.59659203702355	-5.16384110364509	-3.03436749474255	2.36793500749984	-4.71258334339484	-3.62966764320727	2.74621859876374	0.868348266778782	-14.0105798764722	8.78167595822963
612_TTTGGAGTCCATTCGC	51	46	36093191	SRR19573612	Ruberto2022_1	4	2022	Cambodia_Mondulkiri	10x_Chomium_V3	HiSeq X Ten	infected hepatocyte	BioIVT:BGW	Infected host hepatocytes	Liver stage	Cambodia field isolate	5	None	1	612_TTTGGAGTCCATTCGC	Hypnozoite	NA	NA	NA	0	0	0	0	0	0	0	0	1	0	24	Hypnozoite	0	Asexual 1	0.0124915000499953	-3.20111518967549	-2.77602364096442	-3.47640121517383	2.18738396719032	2.42247513121223	-11.6853390897188	-3.2602625204591	1.80600861012561	-9.20051770607402	-3.24654383334947	1.80055732855371	-4.56655092102435	-14.3970193635547	-5.85811376250718
